==============================================================
Vitis HLS - High-Level Synthesis from C, C++ and OpenCL v2023.1 (64-bit)
Tool Version Limit: 2023.05
Copyright 1986-2022 Xilinx, Inc. All Rights Reserved.
Copyright 2022-2023 Advanced Micro Devices, Inc. All Rights Reserved.

==============================================================
INFO: [SYN 201-201] Setting up clock 'default' with a period of 10ns.
INFO: [HLS 200-1611] Setting target device to 'xc7a100t-csg324-1'
INFO: [HLS 200-1505] Using flow_target 'vivado'
INFO: [HLS 200-1510] Running: set_part xc7a100tcsg324-1 
INFO: [HLS 200-1510] Running: create_clock -period 10 -name default 
INFO: [SYN 201-201] Setting up clock 'default' with a period of 10ns.
INFO: [HLS 200-1510] Running: csynth_design 
INFO: [HLS 200-111] Finished File checks and directory preparation: CPU user time: 0 seconds. CPU system time: 0 seconds. Elapsed time: 0.124 seconds; current allocated memory: 1.029 GB.
INFO: [HLS 200-10] Analyzing design file 'audrey_4_hls/mfcc.cpp' ... 
WARNING: [HLS 207-5292] unused parameter 'data_type' (C:/Xilinx/Vitis_HLS/2023.1/common/technology/autopilot\hls_fft.h:100:77)
WARNING: [HLS 207-5292] unused parameter 'has_nfft' (C:/Xilinx/Vitis_HLS/2023.1/common/technology/autopilot\hls_fft.h:125:65)
WARNING: [HLS 207-5292] unused parameter 'cp_len_enable' (C:/Xilinx/Vitis_HLS/2023.1/common/technology/autopilot\hls_fft.h:138:66)
WARNING: [HLS 207-5292] unused parameter 'scaling_opt' (C:/Xilinx/Vitis_HLS/2023.1/common/technology/autopilot\hls_fft.h:151:68)
WARNING: [HLS 207-5292] unused parameter 'scaling_opt' (C:/Xilinx/Vitis_HLS/2023.1/common/technology/autopilot\hls_fft.h:315:71)
WARNING: [HLS 207-5292] unused parameter 'has_ovflo' (C:/Xilinx/Vitis_HLS/2023.1/common/technology/autopilot\hls_fft.h:328:66)
WARNING: [HLS 207-5292] unused parameter 'audio' (audrey_4_hls/mfcc.cpp:138:38)
INFO: [HLS 200-111] Finished Source Code Analysis and Preprocessing: CPU user time: 1 seconds. CPU system time: 0 seconds. Elapsed time: 22.426 seconds; current allocated memory: 1.036 GB.
INFO: [HLS 200-777] Using interface defaults for 'Vivado' flow target.
INFO: [HLS 214-291] Loop 'VITIS_LOOP_729_1' is marked as complete unroll implied by the pipeline pragma (C:/Xilinx/Vitis_HLS/2023.1/common/technology/autopilot/etc/hls_log_apfixed.h:729:31)
INFO: [HLS 214-186] Unrolling loop 'VITIS_LOOP_729_1' (C:/Xilinx/Vitis_HLS/2023.1/common/technology/autopilot/etc/hls_log_apfixed.h:729:31) in function 'log_apfixed_reduce::log<17, 9>' completely with a factor of 17 (C:/Xilinx/Vitis_HLS/2023.1/common/technology/autopilot/etc/hls_log_apfixed.h:500:0)
INFO: [HLS 214-178] Inlining function 'void log_apfixed_reduce::range_reduce<ap_fixed<29, 7, (ap_q_mode)5, (ap_o_mode)3, 0>, 4, 4, 24, 15>(ap_ufixed<24, -(4), (ap_q_mode)5, (ap_o_mode)3, 0>, ap_fixed<29, 7, (ap_q_mode)5, (ap_o_mode)3, 0>&, ap_ufixed<15, -(((4) + (4)) - (1)), (ap_q_mode)5, (ap_o_mode)3, 0>&)' into 'ap_ufixed<15, -7, (ap_q_mode)5, (ap_o_mode)3, 0> log_apfixed_reduce::log_traits<2>::range_reduction<24>(ap_ufixed<24, -4, (ap_q_mode)5, (ap_o_mode)3, 0>, ap_fixed<29, 7, (ap_q_mode)5, (ap_o_mode)3, 0>&)' (C:/Xilinx/Vitis_HLS/2023.1/common/technology/autopilot/etc/hls_log_apfixed.h:249:0)
INFO: [HLS 214-178] Inlining function 'ap_ufixed<15, -7, (ap_q_mode)5, (ap_o_mode)3, 0> log_apfixed_reduce::log_traits<2>::range_reduction<24>(ap_ufixed<24, -4, (ap_q_mode)5, (ap_o_mode)3, 0>, ap_fixed<29, 7, (ap_q_mode)5, (ap_o_mode)3, 0>&)' into 'ap_fixed<17, 9, (ap_q_mode)5, (ap_o_mode)3, 0> log_apfixed_reduce::log<17, 9>(ap_fixed<17, 9, (ap_q_mode)5, (ap_o_mode)3, 0>)' (C:/Xilinx/Vitis_HLS/2023.1/common/technology/autopilot/etc/hls_log_apfixed.h:500:0)
INFO: [HLS 214-178] Inlining function 'ap_fixed<17, 9, (ap_q_mode)5, (ap_o_mode)3, 0> hls::log<17, 9>(ap_fixed<17, 9, (ap_q_mode)5, (ap_o_mode)3, 0>)' into 'feature_2_log(ap_fixed<16, 8, (ap_q_mode)5, (ap_o_mode)3, 0>*, ap_fixed<16, 8, (ap_q_mode)5, (ap_o_mode)3, 0>*)' (audrey_4_hls/mfcc.cpp:191:0)
INFO: [HLS 214-178] Inlining function 'feature_1_mel(ap_fixed<16, 8, (ap_q_mode)5, (ap_o_mode)3, 0>*, ap_fixed<16, 8, (ap_q_mode)5, (ap_o_mode)3, 0>*)' into 'mfcc(hls::stream<hls::axis<ap_fixed<16, 8, (ap_q_mode)5, (ap_o_mode)3, 0>, 0ul, 0ul, 0ul>, 0>&, hls::stream<hls::axis<ap_fixed<16, 8, (ap_q_mode)5, (ap_o_mode)3, 0>, 0ul, 0ul, 0ul>, 0>&)' (audrey_4_hls/mfcc.cpp:20:0)
INFO: [HLS 214-178] Inlining function 'feature_2_log(ap_fixed<16, 8, (ap_q_mode)5, (ap_o_mode)3, 0>*, ap_fixed<16, 8, (ap_q_mode)5, (ap_o_mode)3, 0>*)' into 'mfcc(hls::stream<hls::axis<ap_fixed<16, 8, (ap_q_mode)5, (ap_o_mode)3, 0>, 0ul, 0ul, 0ul>, 0>&, hls::stream<hls::axis<ap_fixed<16, 8, (ap_q_mode)5, (ap_o_mode)3, 0>, 0ul, 0ul, 0ul>, 0>&)' (audrey_4_hls/mfcc.cpp:20:0)
WARNING: [HLS 214-255] Ignore aggregate pragma/directive on AXI-Stream (with side-channel) interface 'out_stream' (audrey_4_hls/mfcc.cpp:20:0)
WARNING: [HLS 214-255] Ignore aggregate pragma/directive on AXI-Stream (with side-channel) interface 'in_stream' (audrey_4_hls/mfcc.cpp:20:0)
ERROR: [HLS 214-208] The ap_axis|ap_axiu|qdma_axis|hls::axis data types must only be used for AXI-Stream ports in the interface. 'out_stream' is not an AXI-Stream and/or is not a port in the interface
ERROR: [HLS 200-1715] Encountered problem during source synthesis
INFO: [HLS 200-111] Finished Command csynth_design CPU user time: 1 seconds. CPU system time: 0 seconds. Elapsed time: 25.967 seconds; current allocated memory: 8.145 MB.
==============================================================
Vitis HLS - High-Level Synthesis from C, C++ and OpenCL v2023.1 (64-bit)
Tool Version Limit: 2023.05
Copyright 1986-2022 Xilinx, Inc. All Rights Reserved.
Copyright 2022-2023 Advanced Micro Devices, Inc. All Rights Reserved.

==============================================================
INFO: [SYN 201-201] Setting up clock 'default' with a period of 10ns.
INFO: [HLS 200-1611] Setting target device to 'xc7a100t-csg324-1'
INFO: [HLS 200-1505] Using flow_target 'vivado'
INFO: [HLS 200-1510] Running: set_part xc7a100tcsg324-1 
INFO: [HLS 200-1510] Running: create_clock -period 10 -name default 
INFO: [HLS 200-1510] Running: csynth_design 
INFO: [HLS 200-111] Finished File checks and directory preparation: CPU user time: 0 seconds. CPU system time: 0 seconds. Elapsed time: 0.11 seconds; current allocated memory: 1.030 GB.
INFO: [HLS 200-10] Analyzing design file 'audrey_4_hls/mfcc.cpp' ... 
WARNING: [HLS 207-5292] unused parameter 'data_type' (C:/Xilinx/Vitis_HLS/2023.1/common/technology/autopilot\hls_fft.h:100:77)
WARNING: [HLS 207-5292] unused parameter 'has_nfft' (C:/Xilinx/Vitis_HLS/2023.1/common/technology/autopilot\hls_fft.h:125:65)
WARNING: [HLS 207-5292] unused parameter 'cp_len_enable' (C:/Xilinx/Vitis_HLS/2023.1/common/technology/autopilot\hls_fft.h:138:66)
WARNING: [HLS 207-5292] unused parameter 'scaling_opt' (C:/Xilinx/Vitis_HLS/2023.1/common/technology/autopilot\hls_fft.h:151:68)
WARNING: [HLS 207-5292] unused parameter 'scaling_opt' (C:/Xilinx/Vitis_HLS/2023.1/common/technology/autopilot\hls_fft.h:315:71)
WARNING: [HLS 207-5292] unused parameter 'has_ovflo' (C:/Xilinx/Vitis_HLS/2023.1/common/technology/autopilot\hls_fft.h:328:66)
WARNING: [HLS 207-5292] unused parameter 'audio' (audrey_4_hls/mfcc.cpp:140:38)
INFO: [HLS 200-111] Finished Source Code Analysis and Preprocessing: CPU user time: 1 seconds. CPU system time: 0 seconds. Elapsed time: 19.481 seconds; current allocated memory: 1.037 GB.
INFO: [HLS 200-777] Using interface defaults for 'Vivado' flow target.
INFO: [HLS 214-291] Loop 'VITIS_LOOP_729_1' is marked as complete unroll implied by the pipeline pragma (C:/Xilinx/Vitis_HLS/2023.1/common/technology/autopilot/etc/hls_log_apfixed.h:729:31)
INFO: [HLS 214-186] Unrolling loop 'VITIS_LOOP_729_1' (C:/Xilinx/Vitis_HLS/2023.1/common/technology/autopilot/etc/hls_log_apfixed.h:729:31) in function 'log_apfixed_reduce::log<17, 9>' completely with a factor of 17 (C:/Xilinx/Vitis_HLS/2023.1/common/technology/autopilot/etc/hls_log_apfixed.h:500:0)
INFO: [HLS 214-178] Inlining function 'void log_apfixed_reduce::range_reduce<ap_fixed<29, 7, (ap_q_mode)5, (ap_o_mode)3, 0>, 4, 4, 24, 15>(ap_ufixed<24, -(4), (ap_q_mode)5, (ap_o_mode)3, 0>, ap_fixed<29, 7, (ap_q_mode)5, (ap_o_mode)3, 0>&, ap_ufixed<15, -(((4) + (4)) - (1)), (ap_q_mode)5, (ap_o_mode)3, 0>&)' into 'ap_ufixed<15, -7, (ap_q_mode)5, (ap_o_mode)3, 0> log_apfixed_reduce::log_traits<2>::range_reduction<24>(ap_ufixed<24, -4, (ap_q_mode)5, (ap_o_mode)3, 0>, ap_fixed<29, 7, (ap_q_mode)5, (ap_o_mode)3, 0>&)' (C:/Xilinx/Vitis_HLS/2023.1/common/technology/autopilot/etc/hls_log_apfixed.h:249:0)
INFO: [HLS 214-178] Inlining function 'ap_ufixed<15, -7, (ap_q_mode)5, (ap_o_mode)3, 0> log_apfixed_reduce::log_traits<2>::range_reduction<24>(ap_ufixed<24, -4, (ap_q_mode)5, (ap_o_mode)3, 0>, ap_fixed<29, 7, (ap_q_mode)5, (ap_o_mode)3, 0>&)' into 'ap_fixed<17, 9, (ap_q_mode)5, (ap_o_mode)3, 0> log_apfixed_reduce::log<17, 9>(ap_fixed<17, 9, (ap_q_mode)5, (ap_o_mode)3, 0>)' (C:/Xilinx/Vitis_HLS/2023.1/common/technology/autopilot/etc/hls_log_apfixed.h:500:0)
INFO: [HLS 214-178] Inlining function 'ap_fixed<17, 9, (ap_q_mode)5, (ap_o_mode)3, 0> hls::log<17, 9>(ap_fixed<17, 9, (ap_q_mode)5, (ap_o_mode)3, 0>)' into 'feature_2_log(ap_fixed<16, 8, (ap_q_mode)5, (ap_o_mode)3, 0>*, ap_fixed<16, 8, (ap_q_mode)5, (ap_o_mode)3, 0>*)' (audrey_4_hls/mfcc.cpp:193:0)
INFO: [HLS 214-178] Inlining function 'feature_1_mel(ap_fixed<16, 8, (ap_q_mode)5, (ap_o_mode)3, 0>*, ap_fixed<16, 8, (ap_q_mode)5, (ap_o_mode)3, 0>*)' into 'mfcc(hls::stream<hls::axis<ap_fixed<16, 8, (ap_q_mode)5, (ap_o_mode)3, 0>, 0ul, 0ul, 0ul>, 0>&, hls::stream<hls::axis<ap_fixed<16, 8, (ap_q_mode)5, (ap_o_mode)3, 0>, 0ul, 0ul, 0ul>, 0>&)' (audrey_4_hls/mfcc.cpp:20:0)
INFO: [HLS 214-178] Inlining function 'feature_2_log(ap_fixed<16, 8, (ap_q_mode)5, (ap_o_mode)3, 0>*, ap_fixed<16, 8, (ap_q_mode)5, (ap_o_mode)3, 0>*)' into 'mfcc(hls::stream<hls::axis<ap_fixed<16, 8, (ap_q_mode)5, (ap_o_mode)3, 0>, 0ul, 0ul, 0ul>, 0>&, hls::stream<hls::axis<ap_fixed<16, 8, (ap_q_mode)5, (ap_o_mode)3, 0>, 0ul, 0ul, 0ul>, 0>&)' (audrey_4_hls/mfcc.cpp:20:0)
INFO: [HLS 200-111] Finished Compiling Optimization and Transform: CPU user time: 0 seconds. CPU system time: 0 seconds. Elapsed time: 3.121 seconds; current allocated memory: 1.038 GB.
INFO: [HLS 200-111] Finished Checking Pragmas: CPU user time: 0 seconds. CPU system time: 0 seconds. Elapsed time: 0.002 seconds; current allocated memory: 1.038 GB.
INFO: [HLS 200-10] Starting code transformations ...
INFO: [HLS 200-111] Finished Standard Transforms: CPU user time: 0 seconds. CPU system time: 0 seconds. Elapsed time: 0.162 seconds; current allocated memory: 1.046 GB.
INFO: [HLS 200-10] Checking synthesizability ...
INFO: [HLS 200-111] Finished Checking Synthesizability: CPU user time: 0 seconds. CPU system time: 0 seconds. Elapsed time: 0.083 seconds; current allocated memory: 1.048 GB.
INFO: [XFORM 203-510] Pipelining loop 'VITIS_LOOP_40_1' (audrey_4_hls/mfcc.cpp:40) in function 'mfcc' automatically.
INFO: [XFORM 203-510] Pipelining loop 'VITIS_LOOP_175_1' (audrey_4_hls/mfcc.cpp:175) in function 'mfcc' automatically.
INFO: [XFORM 203-510] Pipelining loop 'VITIS_LOOP_194_1' (audrey_4_hls/mfcc.cpp:194) in function 'mfcc' automatically.
INFO: [XFORM 203-510] Pipelining loop 'VITIS_LOOP_102_2' (audrey_4_hls/mfcc.cpp:102) in function 'mfcc' automatically.
INFO: [XFORM 203-502] Unrolling all sub-loops inside loop 'VITIS_LOOP_175_1' (audrey_4_hls/mfcc.cpp:175) in function 'mfcc' for pipelining.
INFO: [HLS 200-489] Unrolling loop 'VITIS_LOOP_181_2' (audrey_4_hls/mfcc.cpp:181) in function 'mfcc' completely with a factor of 30.
INFO: [XFORM 203-102] Partitioning array 'mel_filterbank' in dimension 2 automatically.
INFO: [XFORM 203-401] Performing if-conversion on hyperblock from (C:/Xilinx/Vitis_HLS/2023.1/common/technology/autopilot/etc/hls_log_apfixed.h:728:42) to (C:/Xilinx/Vitis_HLS/2023.1/common/technology/autopilot/etc/hls_log_apfixed.h:748:17) in function 'log_apfixed_reduce::log<17, 9>'... converting 18 basic blocks.
INFO: [XFORM 203-11] Balancing expressions in function 'mfcc' (audrey_4_hls/mfcc.cpp:17:27)...29 expression(s) balanced.
INFO: [XFORM 203-11] Balancing expressions in function 'log_apfixed_reduce::log<17, 9>' (C:/Xilinx/Vitis_HLS/2023.1/common/technology/autopilot/etc/hls_log_apfixed.h:178:6)...3 expression(s) balanced.
INFO: [HLS 200-111] Finished Loop, function and other optimizations: CPU user time: 0 seconds. CPU system time: 0 seconds. Elapsed time: 0.311 seconds; current allocated memory: 1.072 GB.
INFO: [HLS 200-111] Finished Architecture Synthesis: CPU user time: 0 seconds. CPU system time: 0 seconds. Elapsed time: 0.171 seconds; current allocated memory: 1.111 GB.
INFO: [HLS 200-10] Starting hardware synthesis ...
INFO: [HLS 200-10] Synthesizing 'mfcc' ...
WARNING: [SYN 201-103] Legalizing function name 'log<17, 9>' to 'log_17_9_s'.
INFO: [HLS 200-10] ----------------------------------------------------------------
INFO: [HLS 200-42] -- Implementing module 'mfcc_Pipeline_VITIS_LOOP_40_1' 
INFO: [HLS 200-10] ----------------------------------------------------------------
INFO: [SCHED 204-11] Starting scheduling ...
INFO: [HLS 200-1457] Automatically inferring inferring RAM_1WNR storage type for array 'abs_spectrogram'. Use bind_storage pragma to override this type.
INFO: [SCHED 204-61] Pipelining loop 'VITIS_LOOP_40_1'.
INFO: [HLS 200-1470] Pipelining result : Target II = NA, Final II = 1, Depth = 1, loop 'VITIS_LOOP_40_1'
INFO: [SCHED 204-11] Finished scheduling.
INFO: [HLS 200-111] Finished Scheduling: CPU user time: 0 seconds. CPU system time: 0 seconds. Elapsed time: 0.525 seconds; current allocated memory: 1.116 GB.
INFO: [BIND 205-100] Starting micro-architecture generation ...
INFO: [BIND 205-101] Performing variable lifetime analysis.
INFO: [BIND 205-101] Exploring resource sharing.
INFO: [BIND 205-101] Binding ...
INFO: [BIND 205-100] Finished micro-architecture generation.
INFO: [HLS 200-111] Finished Binding: CPU user time: 0 seconds. CPU system time: 0 seconds. Elapsed time: 0.114 seconds; current allocated memory: 1.117 GB.
INFO: [HLS 200-10] ----------------------------------------------------------------
INFO: [HLS 200-42] -- Implementing module 'mfcc_Pipeline_VITIS_LOOP_175_1' 
INFO: [HLS 200-10] ----------------------------------------------------------------
INFO: [SCHED 204-11] Starting scheduling ...
INFO: [HLS 200-1457] Automatically inferring inferring RAM_1WNR storage type for array 'abs_spectrogram'. Use bind_storage pragma to override this type.
INFO: [SCHED 204-61] Pipelining loop 'VITIS_LOOP_175_1'.
WARNING: [HLS 200-885] The II Violation in module 'mfcc_Pipeline_VITIS_LOOP_175_1' (loop 'VITIS_LOOP_175_1'): Unable to schedule 'load' operation ('abs_spectrogram_load_19', audrey_4_hls/mfcc.cpp:182->audrey_4_hls/mfcc.cpp:61) on array 'abs_spectrogram' due to limited memory ports (II = 1). Please consider using a memory core with more ports or partitioning the array 'abs_spectrogram'.
INFO: [HLS 200-1470] Pipelining result : Target II = NA, Final II = 2, Depth = 9, loop 'VITIS_LOOP_175_1'
INFO: [SCHED 204-11] Finished scheduling.
INFO: [HLS 200-111] Finished Scheduling: CPU user time: 1 seconds. CPU system time: 1 seconds. Elapsed time: 0.495 seconds; current allocated memory: 1.121 GB.
INFO: [BIND 205-100] Starting micro-architecture generation ...
INFO: [BIND 205-101] Performing variable lifetime analysis.
INFO: [BIND 205-101] Exploring resource sharing.
INFO: [BIND 205-101] Binding ...
INFO: [BIND 205-100] Finished micro-architecture generation.
INFO: [HLS 200-111] Finished Binding: CPU user time: 0 seconds. CPU system time: 0 seconds. Elapsed time: 0.189 seconds; current allocated memory: 1.121 GB.
INFO: [HLS 200-10] ----------------------------------------------------------------
INFO: [HLS 200-42] -- Implementing module 'log_17_9_s' 
INFO: [HLS 200-10] ----------------------------------------------------------------
INFO: [SCHED 204-11] Starting scheduling ...
INFO: [HLS 200-486] Changing DSP latency (root=mul_ln184) to 3 in order to utilize available DSP registers.
INFO: [SCHED 204-61] Pipelining function 'log<17, 9>'.
INFO: [HLS 200-1470] Pipelining result : Target II = NA, Final II = 1, Depth = 11, function 'log<17, 9>'
INFO: [SCHED 204-11] Finished scheduling.
INFO: [HLS 200-111] Finished Scheduling: CPU user time: 0 seconds. CPU system time: 0 seconds. Elapsed time: 0.498 seconds; current allocated memory: 1.123 GB.
INFO: [BIND 205-100] Starting micro-architecture generation ...
INFO: [BIND 205-101] Performing variable lifetime analysis.
INFO: [BIND 205-101] Exploring resource sharing.
INFO: [BIND 205-101] Binding ...
INFO: [BIND 205-100] Finished micro-architecture generation.
INFO: [HLS 200-111] Finished Binding: CPU user time: 0 seconds. CPU system time: 0 seconds. Elapsed time: 0.175 seconds; current allocated memory: 1.124 GB.
INFO: [HLS 200-10] ----------------------------------------------------------------
INFO: [HLS 200-42] -- Implementing module 'mfcc_Pipeline_VITIS_LOOP_194_1' 
INFO: [HLS 200-10] ----------------------------------------------------------------
INFO: [SCHED 204-11] Starting scheduling ...
INFO: [SCHED 204-61] Pipelining loop 'VITIS_LOOP_194_1'.
INFO: [HLS 200-1470] Pipelining result : Target II = NA, Final II = 1, Depth = 13, loop 'VITIS_LOOP_194_1'
INFO: [SCHED 204-11] Finished scheduling.
INFO: [HLS 200-111] Finished Scheduling: CPU user time: 0 seconds. CPU system time: 0 seconds. Elapsed time: 0.211 seconds; current allocated memory: 1.124 GB.
INFO: [BIND 205-100] Starting micro-architecture generation ...
INFO: [BIND 205-101] Performing variable lifetime analysis.
INFO: [BIND 205-101] Exploring resource sharing.
INFO: [BIND 205-101] Binding ...
INFO: [BIND 205-100] Finished micro-architecture generation.
INFO: [HLS 200-111] Finished Binding: CPU user time: 0 seconds. CPU system time: 0 seconds. Elapsed time: 0.163 seconds; current allocated memory: 1.124 GB.
INFO: [HLS 200-10] ----------------------------------------------------------------
INFO: [HLS 200-42] -- Implementing module 'mfcc_Pipeline_VITIS_LOOP_102_2' 
INFO: [HLS 200-10] ----------------------------------------------------------------
INFO: [SCHED 204-11] Starting scheduling ...
INFO: [SCHED 204-61] Pipelining loop 'VITIS_LOOP_102_2'.
INFO: [HLS 200-1470] Pipelining result : Target II = NA, Final II = 1, Depth = 2, loop 'VITIS_LOOP_102_2'
INFO: [SCHED 204-11] Finished scheduling.
INFO: [HLS 200-111] Finished Scheduling: CPU user time: 0 seconds. CPU system time: 0 seconds. Elapsed time: 0.156 seconds; current allocated memory: 1.124 GB.
INFO: [BIND 205-100] Starting micro-architecture generation ...
INFO: [BIND 205-101] Performing variable lifetime analysis.
INFO: [BIND 205-101] Exploring resource sharing.
INFO: [BIND 205-101] Binding ...
INFO: [BIND 205-100] Finished micro-architecture generation.
INFO: [HLS 200-111] Finished Binding: CPU user time: 0 seconds. CPU system time: 0 seconds. Elapsed time: 0.105 seconds; current allocated memory: 1.125 GB.
INFO: [HLS 200-10] ----------------------------------------------------------------
INFO: [HLS 200-42] -- Implementing module 'mfcc' 
INFO: [HLS 200-10] ----------------------------------------------------------------
INFO: [SCHED 204-11] Starting scheduling ...
INFO: [SCHED 204-11] Finished scheduling.
INFO: [HLS 200-111] Finished Scheduling: CPU user time: 0 seconds. CPU system time: 0 seconds. Elapsed time: 0.118 seconds; current allocated memory: 1.125 GB.
INFO: [BIND 205-100] Starting micro-architecture generation ...
INFO: [BIND 205-101] Performing variable lifetime analysis.
INFO: [BIND 205-101] Exploring resource sharing.
INFO: [BIND 205-101] Binding ...
INFO: [BIND 205-100] Finished micro-architecture generation.
INFO: [HLS 200-111] Finished Binding: CPU user time: 0 seconds. CPU system time: 0 seconds. Elapsed time: 0.155 seconds; current allocated memory: 1.125 GB.
INFO: [HLS 200-10] ----------------------------------------------------------------
INFO: [HLS 200-10] -- Generating RTL for module 'mfcc_Pipeline_VITIS_LOOP_40_1' 
INFO: [HLS 200-10] ----------------------------------------------------------------
INFO: [RTGEN 206-100] Finished creating RTL model for 'mfcc_Pipeline_VITIS_LOOP_40_1'.
INFO: [HLS 200-111] Finished Creating RTL model: CPU user time: 1 seconds. CPU system time: 0 seconds. Elapsed time: 0.125 seconds; current allocated memory: 1.126 GB.
INFO: [HLS 200-10] ----------------------------------------------------------------
INFO: [HLS 200-10] -- Generating RTL for module 'mfcc_Pipeline_VITIS_LOOP_175_1' 
INFO: [HLS 200-10] ----------------------------------------------------------------
INFO: [HLS 200-1030] Apply Unified Pipeline Control on module 'mfcc_Pipeline_VITIS_LOOP_175_1' pipeline 'VITIS_LOOP_175_1' pipeline type 'loop pipeline'
INFO: [RTGEN 206-100] Generating core module 'mul_5ns_16s_21_1_1': 1 instance(s).
INFO: [RTGEN 206-100] Generating core module 'mul_6ns_16s_22_1_1': 2 instance(s).
INFO: [RTGEN 206-100] Generating core module 'mul_7ns_16s_23_1_1': 4 instance(s).
INFO: [RTGEN 206-100] Generating core module 'mul_8ns_16s_24_1_1': 23 instance(s).
INFO: [RTGEN 206-100] Finished creating RTL model for 'mfcc_Pipeline_VITIS_LOOP_175_1'.
INFO: [RTMG 210-279] Implementing memory 'mfcc_mfcc_Pipeline_VITIS_LOOP_175_1_first_ind_ROM_AUTO_1R' using auto ROMs.
INFO: [RTMG 210-279] Implementing memory 'mfcc_mfcc_Pipeline_VITIS_LOOP_175_1_mel_filterbank_0_ROM_AUTO_1R' using auto ROMs.
INFO: [RTMG 210-279] Implementing memory 'mfcc_mfcc_Pipeline_VITIS_LOOP_175_1_mel_filterbank_1_ROM_AUTO_1R' using auto ROMs.
INFO: [RTMG 210-279] Implementing memory 'mfcc_mfcc_Pipeline_VITIS_LOOP_175_1_mel_filterbank_2_ROM_AUTO_1R' using auto ROMs.
INFO: [RTMG 210-279] Implementing memory 'mfcc_mfcc_Pipeline_VITIS_LOOP_175_1_mel_filterbank_3_ROM_AUTO_1R' using auto ROMs.
INFO: [RTMG 210-279] Implementing memory 'mfcc_mfcc_Pipeline_VITIS_LOOP_175_1_mel_filterbank_4_ROM_AUTO_1R' using auto ROMs.
INFO: [RTMG 210-279] Implementing memory 'mfcc_mfcc_Pipeline_VITIS_LOOP_175_1_mel_filterbank_5_ROM_AUTO_1R' using auto ROMs.
INFO: [RTMG 210-279] Implementing memory 'mfcc_mfcc_Pipeline_VITIS_LOOP_175_1_mel_filterbank_6_ROM_AUTO_1R' using auto ROMs.
INFO: [RTMG 210-279] Implementing memory 'mfcc_mfcc_Pipeline_VITIS_LOOP_175_1_mel_filterbank_7_ROM_AUTO_1R' using auto ROMs.
INFO: [RTMG 210-279] Implementing memory 'mfcc_mfcc_Pipeline_VITIS_LOOP_175_1_mel_filterbank_8_ROM_AUTO_1R' using auto ROMs.
INFO: [RTMG 210-279] Implementing memory 'mfcc_mfcc_Pipeline_VITIS_LOOP_175_1_mel_filterbank_9_ROM_AUTO_1R' using auto ROMs.
INFO: [RTMG 210-279] Implementing memory 'mfcc_mfcc_Pipeline_VITIS_LOOP_175_1_mel_filterbank_10_ROM_AUTO_1R' using auto ROMs.
INFO: [RTMG 210-279] Implementing memory 'mfcc_mfcc_Pipeline_VITIS_LOOP_175_1_mel_filterbank_11_ROM_AUTO_1R' using auto ROMs.
INFO: [RTMG 210-279] Implementing memory 'mfcc_mfcc_Pipeline_VITIS_LOOP_175_1_mel_filterbank_12_ROM_AUTO_1R' using auto ROMs.
INFO: [RTMG 210-279] Implementing memory 'mfcc_mfcc_Pipeline_VITIS_LOOP_175_1_mel_filterbank_13_ROM_AUTO_1R' using auto ROMs.
INFO: [RTMG 210-279] Implementing memory 'mfcc_mfcc_Pipeline_VITIS_LOOP_175_1_mel_filterbank_14_ROM_AUTO_1R' using auto ROMs.
INFO: [RTMG 210-279] Implementing memory 'mfcc_mfcc_Pipeline_VITIS_LOOP_175_1_mel_filterbank_15_ROM_AUTO_1R' using auto ROMs.
INFO: [RTMG 210-279] Implementing memory 'mfcc_mfcc_Pipeline_VITIS_LOOP_175_1_mel_filterbank_16_ROM_AUTO_1R' using auto ROMs.
INFO: [RTMG 210-279] Implementing memory 'mfcc_mfcc_Pipeline_VITIS_LOOP_175_1_mel_filterbank_17_ROM_AUTO_1R' using auto ROMs.
INFO: [RTMG 210-279] Implementing memory 'mfcc_mfcc_Pipeline_VITIS_LOOP_175_1_mel_filterbank_18_ROM_AUTO_1R' using auto ROMs.
INFO: [RTMG 210-279] Implementing memory 'mfcc_mfcc_Pipeline_VITIS_LOOP_175_1_mel_filterbank_19_ROM_AUTO_1R' using auto ROMs.
INFO: [RTMG 210-279] Implementing memory 'mfcc_mfcc_Pipeline_VITIS_LOOP_175_1_mel_filterbank_20_ROM_AUTO_1R' using auto ROMs.
INFO: [RTMG 210-279] Implementing memory 'mfcc_mfcc_Pipeline_VITIS_LOOP_175_1_mel_filterbank_21_ROM_AUTO_1R' using auto ROMs.
INFO: [RTMG 210-279] Implementing memory 'mfcc_mfcc_Pipeline_VITIS_LOOP_175_1_mel_filterbank_22_ROM_AUTO_1R' using auto ROMs.
INFO: [RTMG 210-279] Implementing memory 'mfcc_mfcc_Pipeline_VITIS_LOOP_175_1_mel_filterbank_23_ROM_AUTO_1R' using auto ROMs.
INFO: [RTMG 210-279] Implementing memory 'mfcc_mfcc_Pipeline_VITIS_LOOP_175_1_mel_filterbank_24_ROM_AUTO_1R' using auto ROMs.
INFO: [RTMG 210-279] Implementing memory 'mfcc_mfcc_Pipeline_VITIS_LOOP_175_1_mel_filterbank_25_ROM_AUTO_1R' using auto ROMs.
INFO: [RTMG 210-279] Implementing memory 'mfcc_mfcc_Pipeline_VITIS_LOOP_175_1_mel_filterbank_26_ROM_AUTO_1R' using auto ROMs.
INFO: [RTMG 210-279] Implementing memory 'mfcc_mfcc_Pipeline_VITIS_LOOP_175_1_mel_filterbank_27_ROM_AUTO_1R' using auto ROMs.
INFO: [RTMG 210-279] Implementing memory 'mfcc_mfcc_Pipeline_VITIS_LOOP_175_1_mel_filterbank_28_ROM_AUTO_1R' using auto ROMs.
INFO: [RTMG 210-279] Implementing memory 'mfcc_mfcc_Pipeline_VITIS_LOOP_175_1_mel_filterbank_29_ROM_AUTO_1R' using auto ROMs.
INFO: [HLS 200-111] Finished Creating RTL model: CPU user time: 0 seconds. CPU system time: 0 seconds. Elapsed time: 0.881 seconds; current allocated memory: 1.131 GB.
INFO: [HLS 200-10] ----------------------------------------------------------------
INFO: [HLS 200-10] -- Generating RTL for module 'log_17_9_s' 
INFO: [HLS 200-10] ----------------------------------------------------------------
INFO: [HLS 200-1030] Apply Unified Pipeline Control on module 'log_17_9_s' pipeline 'log<17, 9>' pipeline type 'function pipeline'
INFO: [RTGEN 206-100] Generating core module 'mac_mulsub_24ns_4ns_29ns_29_4_1': 1 instance(s).
INFO: [RTGEN 206-100] Generating core module 'mul_29s_6ns_29_2_1': 1 instance(s).
INFO: [RTGEN 206-100] Generating core module 'mul_5s_23ns_28_1_1': 1 instance(s).
INFO: [RTGEN 206-100] Generating core module 'mul_9ns_9ns_18_1_1': 1 instance(s).
INFO: [RTGEN 206-100] Finished creating RTL model for 'log_17_9_s'.
INFO: [RTMG 210-279] Implementing memory 'mfcc_log_17_9_s_log_apfixed_reduce_log_inverse_lut_table_array_ROM_AUTO_1R' using auto ROMs.
INFO: [RTMG 210-279] Implementing memory 'mfcc_log_17_9_s_log_apfixed_reduce_log0_lut_table_ap_fixed_0_5_64_array_ROM_AUTO_1R' using auto ROMs.
INFO: [RTMG 210-279] Implementing memory 'mfcc_log_17_9_s_log_apfixed_reduce_log_lut_table_ap_fixed_4_4_16_array_ROM_AUTO_1R' using auto ROMs.
INFO: [HLS 200-111] Finished Creating RTL model: CPU user time: 0 seconds. CPU system time: 0 seconds. Elapsed time: 0.955 seconds; current allocated memory: 1.139 GB.
INFO: [HLS 200-10] ----------------------------------------------------------------
INFO: [HLS 200-10] -- Generating RTL for module 'mfcc_Pipeline_VITIS_LOOP_194_1' 
INFO: [HLS 200-10] ----------------------------------------------------------------
INFO: [HLS 200-1030] Apply Unified Pipeline Control on module 'mfcc_Pipeline_VITIS_LOOP_194_1' pipeline 'VITIS_LOOP_194_1' pipeline type 'loop pipeline'
INFO: [RTGEN 206-100] Finished creating RTL model for 'mfcc_Pipeline_VITIS_LOOP_194_1'.
INFO: [HLS 200-111] Finished Creating RTL model: CPU user time: 0 seconds. CPU system time: 0 seconds. Elapsed time: 0.66 seconds; current allocated memory: 1.143 GB.
INFO: [HLS 200-10] ----------------------------------------------------------------
INFO: [HLS 200-10] -- Generating RTL for module 'mfcc_Pipeline_VITIS_LOOP_102_2' 
INFO: [HLS 200-10] ----------------------------------------------------------------
INFO: [HLS 200-1030] Apply Unified Pipeline Control on module 'mfcc_Pipeline_VITIS_LOOP_102_2' pipeline 'VITIS_LOOP_102_2' pipeline type 'loop pipeline'
INFO: [RTGEN 206-100] Finished creating RTL model for 'mfcc_Pipeline_VITIS_LOOP_102_2'.
INFO: [HLS 200-111] Finished Creating RTL model: CPU user time: 1 seconds. CPU system time: 0 seconds. Elapsed time: 0.24 seconds; current allocated memory: 1.144 GB.
INFO: [HLS 200-10] ----------------------------------------------------------------
INFO: [HLS 200-10] -- Generating RTL for module 'mfcc' 
INFO: [HLS 200-10] ----------------------------------------------------------------
WARNING: [RTGEN 206-101] Design contains AXI ports. Reset is fixed to synchronous and active low.
INFO: [RTGEN 206-500] Setting interface mode on port 'mfcc/in_stream_V_data_V' to 'axis' (register, both mode).
INFO: [RTGEN 206-500] Setting interface mode on port 'mfcc/in_stream_V_keep_V' to 'axis' (register, both mode).
INFO: [RTGEN 206-500] Setting interface mode on port 'mfcc/in_stream_V_strb_V' to 'axis' (register, both mode).
INFO: [RTGEN 206-500] Setting interface mode on port 'mfcc/in_stream_V_last_V' to 'axis' (register, both mode).
INFO: [RTGEN 206-500] Setting interface mode on port 'mfcc/out_stream_V_data_V' to 'axis' (register, both mode).
INFO: [RTGEN 206-500] Setting interface mode on port 'mfcc/out_stream_V_keep_V' to 'axis' (register, both mode).
INFO: [RTGEN 206-500] Setting interface mode on port 'mfcc/out_stream_V_strb_V' to 'axis' (register, both mode).
INFO: [RTGEN 206-500] Setting interface mode on port 'mfcc/out_stream_V_last_V' to 'axis' (register, both mode).
INFO: [RTGEN 206-500] Setting interface mode on function 'mfcc' to 'ap_ctrl_none'.
INFO: [RTGEN 206-100] Finished creating RTL model for 'mfcc'.
INFO: [RTMG 210-278] Implementing memory 'mfcc_abs_spectrogram_RAM_1WNR_AUTO_1R1W' using auto RAMs.
INFO: [RTMG 210-278] Implementing memory 'mfcc_mel_filtered_RAM_AUTO_1R1W' using auto RAMs.
INFO: [RTMG 210-278] Implementing memory 'mfcc_mfcc_1_RAM_AUTO_1R1W' using auto RAMs.
INFO: [HLS 200-111] Finished Creating RTL model: CPU user time: 0 seconds. CPU system time: 0 seconds. Elapsed time: 0.448 seconds; current allocated memory: 1.145 GB.
INFO: [HLS 200-111] Finished Generating all RTL models: CPU user time: 0 seconds. CPU system time: 1 seconds. Elapsed time: 3.082 seconds; current allocated memory: 1.150 GB.
INFO: [HLS 200-111] Finished Updating report files: CPU user time: 1 seconds. CPU system time: 0 seconds. Elapsed time: 1.354 seconds; current allocated memory: 1.157 GB.
INFO: [VHDL 208-304] Generating VHDL RTL for mfcc.
INFO: [VLOG 209-307] Generating Verilog RTL for mfcc.
INFO: [HLS 200-790] **** Loop Constraint Status: All loop constraints were NOT satisfied.
INFO: [HLS 200-789] **** Estimated Fmax: 145.43 MHz
INFO: [HLS 200-111] Finished Command csynth_design CPU user time: 5 seconds. CPU system time: 2 seconds. Elapsed time: 34.506 seconds; current allocated memory: 130.723 MB.
==============================================================
Vitis HLS - High-Level Synthesis from C, C++ and OpenCL v2023.1 (64-bit)
Tool Version Limit: 2023.05
Copyright 1986-2022 Xilinx, Inc. All Rights Reserved.
Copyright 2022-2023 Advanced Micro Devices, Inc. All Rights Reserved.

==============================================================
INFO: [SYN 201-201] Setting up clock 'default' with a period of 10ns.
INFO: [HLS 200-1611] Setting target device to 'xc7a100t-csg324-1'
INFO: [HLS 200-1505] Using flow_target 'vivado'
INFO: [HLS 200-1510] Running: set_part xc7a100tcsg324-1 
INFO: [HLS 200-1510] Running: create_clock -period 10 -name default 
INFO: [HLS 200-1510] Running: csynth_design 
INFO: [HLS 200-111] Finished File checks and directory preparation: CPU user time: 0 seconds. CPU system time: 1 seconds. Elapsed time: 0.096 seconds; current allocated memory: 1.030 GB.
INFO: [HLS 200-10] Analyzing design file 'audrey_4_hls/mfcc.cpp' ... 
WARNING: [HLS 207-5292] unused parameter 'data_type' (C:/Xilinx/Vitis_HLS/2023.1/common/technology/autopilot\hls_fft.h:100:77)
WARNING: [HLS 207-5292] unused parameter 'has_nfft' (C:/Xilinx/Vitis_HLS/2023.1/common/technology/autopilot\hls_fft.h:125:65)
WARNING: [HLS 207-5292] unused parameter 'cp_len_enable' (C:/Xilinx/Vitis_HLS/2023.1/common/technology/autopilot\hls_fft.h:138:66)
WARNING: [HLS 207-5292] unused parameter 'scaling_opt' (C:/Xilinx/Vitis_HLS/2023.1/common/technology/autopilot\hls_fft.h:151:68)
WARNING: [HLS 207-5292] unused parameter 'scaling_opt' (C:/Xilinx/Vitis_HLS/2023.1/common/technology/autopilot\hls_fft.h:315:71)
WARNING: [HLS 207-5292] unused parameter 'has_ovflo' (C:/Xilinx/Vitis_HLS/2023.1/common/technology/autopilot\hls_fft.h:328:66)
WARNING: [HLS 207-5292] unused parameter 'audio' (audrey_4_hls/mfcc.cpp:141:38)
INFO: [HLS 200-111] Finished Source Code Analysis and Preprocessing: CPU user time: 1 seconds. CPU system time: 0 seconds. Elapsed time: 18.365 seconds; current allocated memory: 1.038 GB.
INFO: [HLS 200-777] Using interface defaults for 'Vivado' flow target.
INFO: [HLS 214-291] Loop 'VITIS_LOOP_729_1' is marked as complete unroll implied by the pipeline pragma (C:/Xilinx/Vitis_HLS/2023.1/common/technology/autopilot/etc/hls_log_apfixed.h:729:31)
INFO: [HLS 214-186] Unrolling loop 'VITIS_LOOP_729_1' (C:/Xilinx/Vitis_HLS/2023.1/common/technology/autopilot/etc/hls_log_apfixed.h:729:31) in function 'log_apfixed_reduce::log<17, 9>' completely with a factor of 17 (C:/Xilinx/Vitis_HLS/2023.1/common/technology/autopilot/etc/hls_log_apfixed.h:500:0)
INFO: [HLS 214-178] Inlining function 'void log_apfixed_reduce::range_reduce<ap_fixed<29, 7, (ap_q_mode)5, (ap_o_mode)3, 0>, 4, 4, 24, 15>(ap_ufixed<24, -(4), (ap_q_mode)5, (ap_o_mode)3, 0>, ap_fixed<29, 7, (ap_q_mode)5, (ap_o_mode)3, 0>&, ap_ufixed<15, -(((4) + (4)) - (1)), (ap_q_mode)5, (ap_o_mode)3, 0>&)' into 'ap_ufixed<15, -7, (ap_q_mode)5, (ap_o_mode)3, 0> log_apfixed_reduce::log_traits<2>::range_reduction<24>(ap_ufixed<24, -4, (ap_q_mode)5, (ap_o_mode)3, 0>, ap_fixed<29, 7, (ap_q_mode)5, (ap_o_mode)3, 0>&)' (C:/Xilinx/Vitis_HLS/2023.1/common/technology/autopilot/etc/hls_log_apfixed.h:249:0)
INFO: [HLS 214-178] Inlining function 'ap_ufixed<15, -7, (ap_q_mode)5, (ap_o_mode)3, 0> log_apfixed_reduce::log_traits<2>::range_reduction<24>(ap_ufixed<24, -4, (ap_q_mode)5, (ap_o_mode)3, 0>, ap_fixed<29, 7, (ap_q_mode)5, (ap_o_mode)3, 0>&)' into 'ap_fixed<17, 9, (ap_q_mode)5, (ap_o_mode)3, 0> log_apfixed_reduce::log<17, 9>(ap_fixed<17, 9, (ap_q_mode)5, (ap_o_mode)3, 0>)' (C:/Xilinx/Vitis_HLS/2023.1/common/technology/autopilot/etc/hls_log_apfixed.h:500:0)
INFO: [HLS 214-178] Inlining function 'ap_fixed<17, 9, (ap_q_mode)5, (ap_o_mode)3, 0> hls::log<17, 9>(ap_fixed<17, 9, (ap_q_mode)5, (ap_o_mode)3, 0>)' into 'feature_2_log(ap_fixed<16, 8, (ap_q_mode)5, (ap_o_mode)3, 0>*, ap_fixed<16, 8, (ap_q_mode)5, (ap_o_mode)3, 0>*)' (audrey_4_hls/mfcc.cpp:194:0)
INFO: [HLS 214-178] Inlining function 'feature_1_mel(ap_fixed<16, 8, (ap_q_mode)5, (ap_o_mode)3, 0>*, ap_fixed<16, 8, (ap_q_mode)5, (ap_o_mode)3, 0>*)' into 'mfcc(hls::stream<hls::axis<ap_fixed<16, 8, (ap_q_mode)5, (ap_o_mode)3, 0>, 0ul, 0ul, 0ul>, 0>&, hls::stream<hls::axis<ap_fixed<16, 8, (ap_q_mode)5, (ap_o_mode)3, 0>, 0ul, 0ul, 0ul>, 0>&)' (audrey_4_hls/mfcc.cpp:20:0)
INFO: [HLS 214-178] Inlining function 'feature_2_log(ap_fixed<16, 8, (ap_q_mode)5, (ap_o_mode)3, 0>*, ap_fixed<16, 8, (ap_q_mode)5, (ap_o_mode)3, 0>*)' into 'mfcc(hls::stream<hls::axis<ap_fixed<16, 8, (ap_q_mode)5, (ap_o_mode)3, 0>, 0ul, 0ul, 0ul>, 0>&, hls::stream<hls::axis<ap_fixed<16, 8, (ap_q_mode)5, (ap_o_mode)3, 0>, 0ul, 0ul, 0ul>, 0>&)' (audrey_4_hls/mfcc.cpp:20:0)
INFO: [HLS 200-111] Finished Compiling Optimization and Transform: CPU user time: 0 seconds. CPU system time: 0 seconds. Elapsed time: 2.713 seconds; current allocated memory: 1.039 GB.
INFO: [HLS 200-111] Finished Checking Pragmas: CPU user time: 0 seconds. CPU system time: 0 seconds. Elapsed time: 0.002 seconds; current allocated memory: 1.039 GB.
INFO: [HLS 200-10] Starting code transformations ...
INFO: [HLS 200-111] Finished Standard Transforms: CPU user time: 0 seconds. CPU system time: 0 seconds. Elapsed time: 0.089 seconds; current allocated memory: 1.046 GB.
INFO: [HLS 200-10] Checking synthesizability ...
INFO: [HLS 200-111] Finished Checking Synthesizability: CPU user time: 0 seconds. CPU system time: 0 seconds. Elapsed time: 0.056 seconds; current allocated memory: 1.048 GB.
INFO: [XFORM 203-510] Pipelining loop 'VITIS_LOOP_41_1' (audrey_4_hls/mfcc.cpp:41) in function 'mfcc' automatically.
INFO: [XFORM 203-510] Pipelining loop 'VITIS_LOOP_176_1' (audrey_4_hls/mfcc.cpp:176) in function 'mfcc' automatically.
INFO: [XFORM 203-510] Pipelining loop 'VITIS_LOOP_195_1' (audrey_4_hls/mfcc.cpp:195) in function 'mfcc' automatically.
INFO: [XFORM 203-510] Pipelining loop 'VITIS_LOOP_103_2' (audrey_4_hls/mfcc.cpp:103) in function 'mfcc' automatically.
INFO: [XFORM 203-502] Unrolling all sub-loops inside loop 'VITIS_LOOP_176_1' (audrey_4_hls/mfcc.cpp:176) in function 'mfcc' for pipelining.
INFO: [HLS 200-489] Unrolling loop 'VITIS_LOOP_182_2' (audrey_4_hls/mfcc.cpp:182) in function 'mfcc' completely with a factor of 30.
INFO: [XFORM 203-102] Partitioning array 'mel_filterbank' in dimension 2 automatically.
INFO: [XFORM 203-401] Performing if-conversion on hyperblock from (C:/Xilinx/Vitis_HLS/2023.1/common/technology/autopilot/etc/hls_log_apfixed.h:728:42) to (C:/Xilinx/Vitis_HLS/2023.1/common/technology/autopilot/etc/hls_log_apfixed.h:748:17) in function 'log_apfixed_reduce::log<17, 9>'... converting 18 basic blocks.
INFO: [XFORM 203-11] Balancing expressions in function 'mfcc' (audrey_4_hls/mfcc.cpp:17:27)...29 expression(s) balanced.
INFO: [XFORM 203-11] Balancing expressions in function 'log_apfixed_reduce::log<17, 9>' (C:/Xilinx/Vitis_HLS/2023.1/common/technology/autopilot/etc/hls_log_apfixed.h:178:6)...3 expression(s) balanced.
INFO: [HLS 200-111] Finished Loop, function and other optimizations: CPU user time: 0 seconds. CPU system time: 0 seconds. Elapsed time: 0.295 seconds; current allocated memory: 1.072 GB.
INFO: [HLS 200-111] Finished Architecture Synthesis: CPU user time: 0 seconds. CPU system time: 0 seconds. Elapsed time: 0.132 seconds; current allocated memory: 1.111 GB.
INFO: [HLS 200-10] Starting hardware synthesis ...
INFO: [HLS 200-10] Synthesizing 'mfcc' ...
WARNING: [SYN 201-103] Legalizing function name 'log<17, 9>' to 'log_17_9_s'.
INFO: [HLS 200-10] ----------------------------------------------------------------
INFO: [HLS 200-42] -- Implementing module 'mfcc_Pipeline_VITIS_LOOP_41_1' 
INFO: [HLS 200-10] ----------------------------------------------------------------
INFO: [SCHED 204-11] Starting scheduling ...
INFO: [HLS 200-1457] Automatically inferring inferring RAM_1WNR storage type for array 'abs_spectrogram'. Use bind_storage pragma to override this type.
INFO: [SCHED 204-61] Pipelining loop 'VITIS_LOOP_41_1'.
INFO: [HLS 200-1470] Pipelining result : Target II = NA, Final II = 1, Depth = 1, loop 'VITIS_LOOP_41_1'
INFO: [SCHED 204-11] Finished scheduling.
INFO: [HLS 200-111] Finished Scheduling: CPU user time: 0 seconds. CPU system time: 0 seconds. Elapsed time: 0.28 seconds; current allocated memory: 1.116 GB.
INFO: [BIND 205-100] Starting micro-architecture generation ...
INFO: [BIND 205-101] Performing variable lifetime analysis.
INFO: [BIND 205-101] Exploring resource sharing.
INFO: [BIND 205-101] Binding ...
INFO: [BIND 205-100] Finished micro-architecture generation.
INFO: [HLS 200-111] Finished Binding: CPU user time: 0 seconds. CPU system time: 0 seconds. Elapsed time: 0.095 seconds; current allocated memory: 1.117 GB.
INFO: [HLS 200-10] ----------------------------------------------------------------
INFO: [HLS 200-42] -- Implementing module 'mfcc_Pipeline_VITIS_LOOP_176_1' 
INFO: [HLS 200-10] ----------------------------------------------------------------
INFO: [SCHED 204-11] Starting scheduling ...
INFO: [HLS 200-1457] Automatically inferring inferring RAM_1WNR storage type for array 'abs_spectrogram'. Use bind_storage pragma to override this type.
INFO: [SCHED 204-61] Pipelining loop 'VITIS_LOOP_176_1'.
WARNING: [HLS 200-885] The II Violation in module 'mfcc_Pipeline_VITIS_LOOP_176_1' (loop 'VITIS_LOOP_176_1'): Unable to schedule 'load' operation ('abs_spectrogram_load_19', audrey_4_hls/mfcc.cpp:183->audrey_4_hls/mfcc.cpp:62) on array 'abs_spectrogram' due to limited memory ports (II = 1). Please consider using a memory core with more ports or partitioning the array 'abs_spectrogram'.
INFO: [HLS 200-1470] Pipelining result : Target II = NA, Final II = 2, Depth = 9, loop 'VITIS_LOOP_176_1'
INFO: [SCHED 204-11] Finished scheduling.
INFO: [HLS 200-111] Finished Scheduling: CPU user time: 0 seconds. CPU system time: 0 seconds. Elapsed time: 0.485 seconds; current allocated memory: 1.120 GB.
INFO: [BIND 205-100] Starting micro-architecture generation ...
INFO: [BIND 205-101] Performing variable lifetime analysis.
INFO: [BIND 205-101] Exploring resource sharing.
INFO: [BIND 205-101] Binding ...
INFO: [BIND 205-100] Finished micro-architecture generation.
INFO: [HLS 200-111] Finished Binding: CPU user time: 0 seconds. CPU system time: 0 seconds. Elapsed time: 0.201 seconds; current allocated memory: 1.121 GB.
INFO: [HLS 200-10] ----------------------------------------------------------------
INFO: [HLS 200-42] -- Implementing module 'log_17_9_s' 
INFO: [HLS 200-10] ----------------------------------------------------------------
INFO: [SCHED 204-11] Starting scheduling ...
INFO: [HLS 200-486] Changing DSP latency (root=mul_ln184) to 3 in order to utilize available DSP registers.
INFO: [SCHED 204-61] Pipelining function 'log<17, 9>'.
INFO: [HLS 200-1470] Pipelining result : Target II = NA, Final II = 1, Depth = 11, function 'log<17, 9>'
INFO: [SCHED 204-11] Finished scheduling.
INFO: [HLS 200-111] Finished Scheduling: CPU user time: 1 seconds. CPU system time: 0 seconds. Elapsed time: 0.498 seconds; current allocated memory: 1.123 GB.
INFO: [BIND 205-100] Starting micro-architecture generation ...
INFO: [BIND 205-101] Performing variable lifetime analysis.
INFO: [BIND 205-101] Exploring resource sharing.
INFO: [BIND 205-101] Binding ...
INFO: [BIND 205-100] Finished micro-architecture generation.
INFO: [HLS 200-111] Finished Binding: CPU user time: 0 seconds. CPU system time: 0 seconds. Elapsed time: 0.18 seconds; current allocated memory: 1.123 GB.
INFO: [HLS 200-10] ----------------------------------------------------------------
INFO: [HLS 200-42] -- Implementing module 'mfcc_Pipeline_VITIS_LOOP_195_1' 
INFO: [HLS 200-10] ----------------------------------------------------------------
INFO: [SCHED 204-11] Starting scheduling ...
INFO: [SCHED 204-61] Pipelining loop 'VITIS_LOOP_195_1'.
INFO: [HLS 200-1470] Pipelining result : Target II = NA, Final II = 1, Depth = 13, loop 'VITIS_LOOP_195_1'
INFO: [SCHED 204-11] Finished scheduling.
INFO: [HLS 200-111] Finished Scheduling: CPU user time: 0 seconds. CPU system time: 0 seconds. Elapsed time: 0.191 seconds; current allocated memory: 1.124 GB.
INFO: [BIND 205-100] Starting micro-architecture generation ...
INFO: [BIND 205-101] Performing variable lifetime analysis.
INFO: [BIND 205-101] Exploring resource sharing.
INFO: [BIND 205-101] Binding ...
INFO: [BIND 205-100] Finished micro-architecture generation.
INFO: [HLS 200-111] Finished Binding: CPU user time: 0 seconds. CPU system time: 0 seconds. Elapsed time: 0.159 seconds; current allocated memory: 1.124 GB.
INFO: [HLS 200-10] ----------------------------------------------------------------
INFO: [HLS 200-42] -- Implementing module 'mfcc_Pipeline_VITIS_LOOP_103_2' 
INFO: [HLS 200-10] ----------------------------------------------------------------
INFO: [SCHED 204-11] Starting scheduling ...
INFO: [SCHED 204-61] Pipelining loop 'VITIS_LOOP_103_2'.
INFO: [HLS 200-1470] Pipelining result : Target II = NA, Final II = 1, Depth = 2, loop 'VITIS_LOOP_103_2'
INFO: [SCHED 204-11] Finished scheduling.
INFO: [HLS 200-111] Finished Scheduling: CPU user time: 0 seconds. CPU system time: 0 seconds. Elapsed time: 0.16 seconds; current allocated memory: 1.124 GB.
INFO: [BIND 205-100] Starting micro-architecture generation ...
INFO: [BIND 205-101] Performing variable lifetime analysis.
INFO: [BIND 205-101] Exploring resource sharing.
INFO: [BIND 205-101] Binding ...
INFO: [BIND 205-100] Finished micro-architecture generation.
INFO: [HLS 200-111] Finished Binding: CPU user time: 0 seconds. CPU system time: 0 seconds. Elapsed time: 0.099 seconds; current allocated memory: 1.124 GB.
INFO: [HLS 200-10] ----------------------------------------------------------------
INFO: [HLS 200-42] -- Implementing module 'mfcc' 
INFO: [HLS 200-10] ----------------------------------------------------------------
INFO: [SCHED 204-11] Starting scheduling ...
INFO: [SCHED 204-11] Finished scheduling.
INFO: [HLS 200-111] Finished Scheduling: CPU user time: 0 seconds. CPU system time: 0 seconds. Elapsed time: 0.106 seconds; current allocated memory: 1.124 GB.
INFO: [BIND 205-100] Starting micro-architecture generation ...
INFO: [BIND 205-101] Performing variable lifetime analysis.
INFO: [BIND 205-101] Exploring resource sharing.
INFO: [BIND 205-101] Binding ...
INFO: [BIND 205-100] Finished micro-architecture generation.
INFO: [HLS 200-111] Finished Binding: CPU user time: 0 seconds. CPU system time: 0 seconds. Elapsed time: 0.153 seconds; current allocated memory: 1.125 GB.
INFO: [HLS 200-10] ----------------------------------------------------------------
INFO: [HLS 200-10] -- Generating RTL for module 'mfcc_Pipeline_VITIS_LOOP_41_1' 
INFO: [HLS 200-10] ----------------------------------------------------------------
INFO: [RTGEN 206-100] Finished creating RTL model for 'mfcc_Pipeline_VITIS_LOOP_41_1'.
INFO: [HLS 200-111] Finished Creating RTL model: CPU user time: 0 seconds. CPU system time: 0 seconds. Elapsed time: 0.12 seconds; current allocated memory: 1.126 GB.
INFO: [HLS 200-10] ----------------------------------------------------------------
INFO: [HLS 200-10] -- Generating RTL for module 'mfcc_Pipeline_VITIS_LOOP_176_1' 
INFO: [HLS 200-10] ----------------------------------------------------------------
INFO: [HLS 200-1030] Apply Unified Pipeline Control on module 'mfcc_Pipeline_VITIS_LOOP_176_1' pipeline 'VITIS_LOOP_176_1' pipeline type 'loop pipeline'
INFO: [RTGEN 206-100] Generating core module 'mul_5ns_16s_21_1_1': 1 instance(s).
INFO: [RTGEN 206-100] Generating core module 'mul_6ns_16s_22_1_1': 2 instance(s).
INFO: [RTGEN 206-100] Generating core module 'mul_7ns_16s_23_1_1': 4 instance(s).
INFO: [RTGEN 206-100] Generating core module 'mul_8ns_16s_24_1_1': 23 instance(s).
INFO: [RTGEN 206-100] Finished creating RTL model for 'mfcc_Pipeline_VITIS_LOOP_176_1'.
INFO: [RTMG 210-279] Implementing memory 'mfcc_mfcc_Pipeline_VITIS_LOOP_176_1_first_ind_ROM_AUTO_1R' using auto ROMs.
INFO: [RTMG 210-279] Implementing memory 'mfcc_mfcc_Pipeline_VITIS_LOOP_176_1_mel_filterbank_0_ROM_AUTO_1R' using auto ROMs.
INFO: [RTMG 210-279] Implementing memory 'mfcc_mfcc_Pipeline_VITIS_LOOP_176_1_mel_filterbank_1_ROM_AUTO_1R' using auto ROMs.
INFO: [RTMG 210-279] Implementing memory 'mfcc_mfcc_Pipeline_VITIS_LOOP_176_1_mel_filterbank_2_ROM_AUTO_1R' using auto ROMs.
INFO: [RTMG 210-279] Implementing memory 'mfcc_mfcc_Pipeline_VITIS_LOOP_176_1_mel_filterbank_3_ROM_AUTO_1R' using auto ROMs.
INFO: [RTMG 210-279] Implementing memory 'mfcc_mfcc_Pipeline_VITIS_LOOP_176_1_mel_filterbank_4_ROM_AUTO_1R' using auto ROMs.
INFO: [RTMG 210-279] Implementing memory 'mfcc_mfcc_Pipeline_VITIS_LOOP_176_1_mel_filterbank_5_ROM_AUTO_1R' using auto ROMs.
INFO: [RTMG 210-279] Implementing memory 'mfcc_mfcc_Pipeline_VITIS_LOOP_176_1_mel_filterbank_6_ROM_AUTO_1R' using auto ROMs.
INFO: [RTMG 210-279] Implementing memory 'mfcc_mfcc_Pipeline_VITIS_LOOP_176_1_mel_filterbank_7_ROM_AUTO_1R' using auto ROMs.
INFO: [RTMG 210-279] Implementing memory 'mfcc_mfcc_Pipeline_VITIS_LOOP_176_1_mel_filterbank_8_ROM_AUTO_1R' using auto ROMs.
INFO: [RTMG 210-279] Implementing memory 'mfcc_mfcc_Pipeline_VITIS_LOOP_176_1_mel_filterbank_9_ROM_AUTO_1R' using auto ROMs.
INFO: [RTMG 210-279] Implementing memory 'mfcc_mfcc_Pipeline_VITIS_LOOP_176_1_mel_filterbank_10_ROM_AUTO_1R' using auto ROMs.
INFO: [RTMG 210-279] Implementing memory 'mfcc_mfcc_Pipeline_VITIS_LOOP_176_1_mel_filterbank_11_ROM_AUTO_1R' using auto ROMs.
INFO: [RTMG 210-279] Implementing memory 'mfcc_mfcc_Pipeline_VITIS_LOOP_176_1_mel_filterbank_12_ROM_AUTO_1R' using auto ROMs.
INFO: [RTMG 210-279] Implementing memory 'mfcc_mfcc_Pipeline_VITIS_LOOP_176_1_mel_filterbank_13_ROM_AUTO_1R' using auto ROMs.
INFO: [RTMG 210-279] Implementing memory 'mfcc_mfcc_Pipeline_VITIS_LOOP_176_1_mel_filterbank_14_ROM_AUTO_1R' using auto ROMs.
INFO: [RTMG 210-279] Implementing memory 'mfcc_mfcc_Pipeline_VITIS_LOOP_176_1_mel_filterbank_15_ROM_AUTO_1R' using auto ROMs.
INFO: [RTMG 210-279] Implementing memory 'mfcc_mfcc_Pipeline_VITIS_LOOP_176_1_mel_filterbank_16_ROM_AUTO_1R' using auto ROMs.
INFO: [RTMG 210-279] Implementing memory 'mfcc_mfcc_Pipeline_VITIS_LOOP_176_1_mel_filterbank_17_ROM_AUTO_1R' using auto ROMs.
INFO: [RTMG 210-279] Implementing memory 'mfcc_mfcc_Pipeline_VITIS_LOOP_176_1_mel_filterbank_18_ROM_AUTO_1R' using auto ROMs.
INFO: [RTMG 210-279] Implementing memory 'mfcc_mfcc_Pipeline_VITIS_LOOP_176_1_mel_filterbank_19_ROM_AUTO_1R' using auto ROMs.
INFO: [RTMG 210-279] Implementing memory 'mfcc_mfcc_Pipeline_VITIS_LOOP_176_1_mel_filterbank_20_ROM_AUTO_1R' using auto ROMs.
INFO: [RTMG 210-279] Implementing memory 'mfcc_mfcc_Pipeline_VITIS_LOOP_176_1_mel_filterbank_21_ROM_AUTO_1R' using auto ROMs.
INFO: [RTMG 210-279] Implementing memory 'mfcc_mfcc_Pipeline_VITIS_LOOP_176_1_mel_filterbank_22_ROM_AUTO_1R' using auto ROMs.
INFO: [RTMG 210-279] Implementing memory 'mfcc_mfcc_Pipeline_VITIS_LOOP_176_1_mel_filterbank_23_ROM_AUTO_1R' using auto ROMs.
INFO: [RTMG 210-279] Implementing memory 'mfcc_mfcc_Pipeline_VITIS_LOOP_176_1_mel_filterbank_24_ROM_AUTO_1R' using auto ROMs.
INFO: [RTMG 210-279] Implementing memory 'mfcc_mfcc_Pipeline_VITIS_LOOP_176_1_mel_filterbank_25_ROM_AUTO_1R' using auto ROMs.
INFO: [RTMG 210-279] Implementing memory 'mfcc_mfcc_Pipeline_VITIS_LOOP_176_1_mel_filterbank_26_ROM_AUTO_1R' using auto ROMs.
INFO: [RTMG 210-279] Implementing memory 'mfcc_mfcc_Pipeline_VITIS_LOOP_176_1_mel_filterbank_27_ROM_AUTO_1R' using auto ROMs.
INFO: [RTMG 210-279] Implementing memory 'mfcc_mfcc_Pipeline_VITIS_LOOP_176_1_mel_filterbank_28_ROM_AUTO_1R' using auto ROMs.
INFO: [RTMG 210-279] Implementing memory 'mfcc_mfcc_Pipeline_VITIS_LOOP_176_1_mel_filterbank_29_ROM_AUTO_1R' using auto ROMs.
INFO: [HLS 200-111] Finished Creating RTL model: CPU user time: 1 seconds. CPU system time: 0 seconds. Elapsed time: 0.814 seconds; current allocated memory: 1.131 GB.
INFO: [HLS 200-10] ----------------------------------------------------------------
INFO: [HLS 200-10] -- Generating RTL for module 'log_17_9_s' 
INFO: [HLS 200-10] ----------------------------------------------------------------
INFO: [HLS 200-1030] Apply Unified Pipeline Control on module 'log_17_9_s' pipeline 'log<17, 9>' pipeline type 'function pipeline'
INFO: [RTGEN 206-100] Generating core module 'mac_mulsub_24ns_4ns_29ns_29_4_1': 1 instance(s).
INFO: [RTGEN 206-100] Generating core module 'mul_29s_6ns_29_2_1': 1 instance(s).
INFO: [RTGEN 206-100] Generating core module 'mul_5s_23ns_28_1_1': 1 instance(s).
INFO: [RTGEN 206-100] Generating core module 'mul_9ns_9ns_18_1_1': 1 instance(s).
INFO: [RTGEN 206-100] Finished creating RTL model for 'log_17_9_s'.
INFO: [RTMG 210-279] Implementing memory 'mfcc_log_17_9_s_log_apfixed_reduce_log_inverse_lut_table_array_ROM_AUTO_1R' using auto ROMs.
INFO: [RTMG 210-279] Implementing memory 'mfcc_log_17_9_s_log_apfixed_reduce_log0_lut_table_ap_fixed_0_5_64_array_ROM_AUTO_1R' using auto ROMs.
INFO: [RTMG 210-279] Implementing memory 'mfcc_log_17_9_s_log_apfixed_reduce_log_lut_table_ap_fixed_4_4_16_array_ROM_AUTO_1R' using auto ROMs.
INFO: [HLS 200-111] Finished Creating RTL model: CPU user time: 0 seconds. CPU system time: 0 seconds. Elapsed time: 0.907 seconds; current allocated memory: 1.139 GB.
INFO: [HLS 200-10] ----------------------------------------------------------------
INFO: [HLS 200-10] -- Generating RTL for module 'mfcc_Pipeline_VITIS_LOOP_195_1' 
INFO: [HLS 200-10] ----------------------------------------------------------------
INFO: [HLS 200-1030] Apply Unified Pipeline Control on module 'mfcc_Pipeline_VITIS_LOOP_195_1' pipeline 'VITIS_LOOP_195_1' pipeline type 'loop pipeline'
INFO: [RTGEN 206-100] Finished creating RTL model for 'mfcc_Pipeline_VITIS_LOOP_195_1'.
INFO: [HLS 200-111] Finished Creating RTL model: CPU user time: 0 seconds. CPU system time: 0 seconds. Elapsed time: 0.684 seconds; current allocated memory: 1.143 GB.
INFO: [HLS 200-10] ----------------------------------------------------------------
INFO: [HLS 200-10] -- Generating RTL for module 'mfcc_Pipeline_VITIS_LOOP_103_2' 
INFO: [HLS 200-10] ----------------------------------------------------------------
INFO: [HLS 200-1030] Apply Unified Pipeline Control on module 'mfcc_Pipeline_VITIS_LOOP_103_2' pipeline 'VITIS_LOOP_103_2' pipeline type 'loop pipeline'
INFO: [RTGEN 206-100] Finished creating RTL model for 'mfcc_Pipeline_VITIS_LOOP_103_2'.
INFO: [HLS 200-111] Finished Creating RTL model: CPU user time: 0 seconds. CPU system time: 0 seconds. Elapsed time: 0.228 seconds; current allocated memory: 1.144 GB.
INFO: [HLS 200-10] ----------------------------------------------------------------
INFO: [HLS 200-10] -- Generating RTL for module 'mfcc' 
INFO: [HLS 200-10] ----------------------------------------------------------------
WARNING: [RTGEN 206-101] Design contains AXI ports. Reset is fixed to synchronous and active low.
INFO: [RTGEN 206-500] Setting interface mode on port 'mfcc/in_stream_V_data_V' to 'axis' (register, both mode).
INFO: [RTGEN 206-500] Setting interface mode on port 'mfcc/in_stream_V_keep_V' to 'axis' (register, both mode).
INFO: [RTGEN 206-500] Setting interface mode on port 'mfcc/in_stream_V_strb_V' to 'axis' (register, both mode).
INFO: [RTGEN 206-500] Setting interface mode on port 'mfcc/in_stream_V_last_V' to 'axis' (register, both mode).
INFO: [RTGEN 206-500] Setting interface mode on port 'mfcc/out_stream_V_data_V' to 'axis' (register, both mode).
INFO: [RTGEN 206-500] Setting interface mode on port 'mfcc/out_stream_V_keep_V' to 'axis' (register, both mode).
INFO: [RTGEN 206-500] Setting interface mode on port 'mfcc/out_stream_V_strb_V' to 'axis' (register, both mode).
INFO: [RTGEN 206-500] Setting interface mode on port 'mfcc/out_stream_V_last_V' to 'axis' (register, both mode).
INFO: [RTGEN 206-500] Setting interface mode on function 'mfcc' to 'ap_ctrl_none'.
INFO: [RTGEN 206-100] Finished creating RTL model for 'mfcc'.
INFO: [RTMG 210-278] Implementing memory 'mfcc_abs_spectrogram_RAM_1WNR_AUTO_1R1W' using auto RAMs.
INFO: [RTMG 210-278] Implementing memory 'mfcc_mel_filtered_RAM_AUTO_1R1W' using auto RAMs.
INFO: [RTMG 210-278] Implementing memory 'mfcc_mfcc_1_RAM_AUTO_1R1W' using auto RAMs.
INFO: [HLS 200-111] Finished Creating RTL model: CPU user time: 0 seconds. CPU system time: 0 seconds. Elapsed time: 0.412 seconds; current allocated memory: 1.145 GB.
INFO: [HLS 200-111] Finished Generating all RTL models: CPU user time: 1 seconds. CPU system time: 1 seconds. Elapsed time: 2.626 seconds; current allocated memory: 1.150 GB.
INFO: [HLS 200-111] Finished Updating report files: CPU user time: 0 seconds. CPU system time: 0 seconds. Elapsed time: 1.233 seconds; current allocated memory: 1.157 GB.
INFO: [VHDL 208-304] Generating VHDL RTL for mfcc.
INFO: [VLOG 209-307] Generating Verilog RTL for mfcc.
INFO: [HLS 200-790] **** Loop Constraint Status: All loop constraints were NOT satisfied.
INFO: [HLS 200-789] **** Estimated Fmax: 145.43 MHz
INFO: [HLS 200-111] Finished Command csynth_design CPU user time: 4 seconds. CPU system time: 2 seconds. Elapsed time: 31.769 seconds; current allocated memory: 130.059 MB.
==============================================================
Vitis HLS - High-Level Synthesis from C, C++ and OpenCL v2023.1 (64-bit)
Tool Version Limit: 2023.05
Copyright 1986-2022 Xilinx, Inc. All Rights Reserved.
Copyright 2022-2023 Advanced Micro Devices, Inc. All Rights Reserved.

==============================================================
INFO: [SYN 201-201] Setting up clock 'default' with a period of 10ns.
INFO: [HLS 200-1611] Setting target device to 'xc7a100t-csg324-1'
INFO: [HLS 200-1505] Using flow_target 'vivado'
INFO: [HLS 200-1510] Running: set_part xc7a100tcsg324-1 
INFO: [HLS 200-1510] Running: create_clock -period 10 -name default 
INFO: [HLS 200-1510] Running: csynth_design 
INFO: [HLS 200-111] Finished File checks and directory preparation: CPU user time: 0 seconds. CPU system time: 0 seconds. Elapsed time: 0.085 seconds; current allocated memory: 1.030 GB.
INFO: [HLS 200-10] Analyzing design file 'audrey_4_hls/mfcc.cpp' ... 
WARNING: [HLS 207-5292] unused parameter 'data_type' (C:/Xilinx/Vitis_HLS/2023.1/common/technology/autopilot\hls_fft.h:100:77)
WARNING: [HLS 207-5292] unused parameter 'has_nfft' (C:/Xilinx/Vitis_HLS/2023.1/common/technology/autopilot\hls_fft.h:125:65)
WARNING: [HLS 207-5292] unused parameter 'cp_len_enable' (C:/Xilinx/Vitis_HLS/2023.1/common/technology/autopilot\hls_fft.h:138:66)
WARNING: [HLS 207-5292] unused parameter 'scaling_opt' (C:/Xilinx/Vitis_HLS/2023.1/common/technology/autopilot\hls_fft.h:151:68)
WARNING: [HLS 207-5292] unused parameter 'scaling_opt' (C:/Xilinx/Vitis_HLS/2023.1/common/technology/autopilot\hls_fft.h:315:71)
WARNING: [HLS 207-5292] unused parameter 'has_ovflo' (C:/Xilinx/Vitis_HLS/2023.1/common/technology/autopilot\hls_fft.h:328:66)
WARNING: [HLS 207-5292] unused parameter 'audio' (audrey_4_hls/mfcc.cpp:141:38)
INFO: [HLS 200-111] Finished Source Code Analysis and Preprocessing: CPU user time: 0 seconds. CPU system time: 0 seconds. Elapsed time: 18.297 seconds; current allocated memory: 1.037 GB.
INFO: [HLS 200-777] Using interface defaults for 'Vivado' flow target.
INFO: [HLS 214-291] Loop 'VITIS_LOOP_729_1' is marked as complete unroll implied by the pipeline pragma (C:/Xilinx/Vitis_HLS/2023.1/common/technology/autopilot/etc/hls_log_apfixed.h:729:31)
INFO: [HLS 214-186] Unrolling loop 'VITIS_LOOP_729_1' (C:/Xilinx/Vitis_HLS/2023.1/common/technology/autopilot/etc/hls_log_apfixed.h:729:31) in function 'log_apfixed_reduce::log<17, 9>' completely with a factor of 17 (C:/Xilinx/Vitis_HLS/2023.1/common/technology/autopilot/etc/hls_log_apfixed.h:500:0)
INFO: [HLS 214-178] Inlining function 'void log_apfixed_reduce::range_reduce<ap_fixed<29, 7, (ap_q_mode)5, (ap_o_mode)3, 0>, 4, 4, 24, 15>(ap_ufixed<24, -(4), (ap_q_mode)5, (ap_o_mode)3, 0>, ap_fixed<29, 7, (ap_q_mode)5, (ap_o_mode)3, 0>&, ap_ufixed<15, -(((4) + (4)) - (1)), (ap_q_mode)5, (ap_o_mode)3, 0>&)' into 'ap_ufixed<15, -7, (ap_q_mode)5, (ap_o_mode)3, 0> log_apfixed_reduce::log_traits<2>::range_reduction<24>(ap_ufixed<24, -4, (ap_q_mode)5, (ap_o_mode)3, 0>, ap_fixed<29, 7, (ap_q_mode)5, (ap_o_mode)3, 0>&)' (C:/Xilinx/Vitis_HLS/2023.1/common/technology/autopilot/etc/hls_log_apfixed.h:249:0)
INFO: [HLS 214-178] Inlining function 'ap_ufixed<15, -7, (ap_q_mode)5, (ap_o_mode)3, 0> log_apfixed_reduce::log_traits<2>::range_reduction<24>(ap_ufixed<24, -4, (ap_q_mode)5, (ap_o_mode)3, 0>, ap_fixed<29, 7, (ap_q_mode)5, (ap_o_mode)3, 0>&)' into 'ap_fixed<17, 9, (ap_q_mode)5, (ap_o_mode)3, 0> log_apfixed_reduce::log<17, 9>(ap_fixed<17, 9, (ap_q_mode)5, (ap_o_mode)3, 0>)' (C:/Xilinx/Vitis_HLS/2023.1/common/technology/autopilot/etc/hls_log_apfixed.h:500:0)
INFO: [HLS 214-178] Inlining function 'ap_fixed<17, 9, (ap_q_mode)5, (ap_o_mode)3, 0> hls::log<17, 9>(ap_fixed<17, 9, (ap_q_mode)5, (ap_o_mode)3, 0>)' into 'feature_2_log(ap_fixed<16, 8, (ap_q_mode)5, (ap_o_mode)3, 0>*, ap_fixed<16, 8, (ap_q_mode)5, (ap_o_mode)3, 0>*)' (audrey_4_hls/mfcc.cpp:194:0)
INFO: [HLS 214-178] Inlining function 'feature_1_mel(ap_fixed<16, 8, (ap_q_mode)5, (ap_o_mode)3, 0>*, ap_fixed<16, 8, (ap_q_mode)5, (ap_o_mode)3, 0>*)' into 'mfcc(hls::stream<hls::axis<ap_fixed<16, 8, (ap_q_mode)5, (ap_o_mode)3, 0>, 0ul, 0ul, 0ul>, 0>&, hls::stream<hls::axis<ap_fixed<16, 8, (ap_q_mode)5, (ap_o_mode)3, 0>, 0ul, 0ul, 0ul>, 0>&)' (audrey_4_hls/mfcc.cpp:20:0)
INFO: [HLS 214-178] Inlining function 'feature_2_log(ap_fixed<16, 8, (ap_q_mode)5, (ap_o_mode)3, 0>*, ap_fixed<16, 8, (ap_q_mode)5, (ap_o_mode)3, 0>*)' into 'mfcc(hls::stream<hls::axis<ap_fixed<16, 8, (ap_q_mode)5, (ap_o_mode)3, 0>, 0ul, 0ul, 0ul>, 0>&, hls::stream<hls::axis<ap_fixed<16, 8, (ap_q_mode)5, (ap_o_mode)3, 0>, 0ul, 0ul, 0ul>, 0>&)' (audrey_4_hls/mfcc.cpp:20:0)
INFO: [HLS 200-111] Finished Compiling Optimization and Transform: CPU user time: 0 seconds. CPU system time: 0 seconds. Elapsed time: 2.795 seconds; current allocated memory: 1.037 GB.
INFO: [HLS 200-111] Finished Checking Pragmas: CPU user time: 0 seconds. CPU system time: 0 seconds. Elapsed time: 0.002 seconds; current allocated memory: 1.037 GB.
INFO: [HLS 200-10] Starting code transformations ...
INFO: [HLS 200-111] Finished Standard Transforms: CPU user time: 0 seconds. CPU system time: 0 seconds. Elapsed time: 0.09 seconds; current allocated memory: 1.045 GB.
INFO: [HLS 200-10] Checking synthesizability ...
INFO: [HLS 200-111] Finished Checking Synthesizability: CPU user time: 1 seconds. CPU system time: 0 seconds. Elapsed time: 0.076 seconds; current allocated memory: 1.047 GB.
INFO: [XFORM 203-510] Pipelining loop 'VITIS_LOOP_41_1' (audrey_4_hls/mfcc.cpp:41) in function 'mfcc' automatically.
INFO: [XFORM 203-510] Pipelining loop 'VITIS_LOOP_176_1' (audrey_4_hls/mfcc.cpp:176) in function 'mfcc' automatically.
INFO: [XFORM 203-510] Pipelining loop 'VITIS_LOOP_195_1' (audrey_4_hls/mfcc.cpp:195) in function 'mfcc' automatically.
INFO: [XFORM 203-510] Pipelining loop 'VITIS_LOOP_103_2' (audrey_4_hls/mfcc.cpp:103) in function 'mfcc' automatically.
INFO: [XFORM 203-502] Unrolling all sub-loops inside loop 'VITIS_LOOP_176_1' (audrey_4_hls/mfcc.cpp:176) in function 'mfcc' for pipelining.
INFO: [HLS 200-489] Unrolling loop 'VITIS_LOOP_182_2' (audrey_4_hls/mfcc.cpp:182) in function 'mfcc' completely with a factor of 30.
INFO: [XFORM 203-102] Partitioning array 'mel_filterbank' in dimension 2 automatically.
INFO: [XFORM 203-401] Performing if-conversion on hyperblock from (C:/Xilinx/Vitis_HLS/2023.1/common/technology/autopilot/etc/hls_log_apfixed.h:728:42) to (C:/Xilinx/Vitis_HLS/2023.1/common/technology/autopilot/etc/hls_log_apfixed.h:748:17) in function 'log_apfixed_reduce::log<17, 9>'... converting 18 basic blocks.
INFO: [XFORM 203-11] Balancing expressions in function 'mfcc' (audrey_4_hls/mfcc.cpp:17:27)...29 expression(s) balanced.
INFO: [XFORM 203-11] Balancing expressions in function 'log_apfixed_reduce::log<17, 9>' (C:/Xilinx/Vitis_HLS/2023.1/common/technology/autopilot/etc/hls_log_apfixed.h:178:6)...3 expression(s) balanced.
INFO: [HLS 200-111] Finished Loop, function and other optimizations: CPU user time: 0 seconds. CPU system time: 0 seconds. Elapsed time: 0.302 seconds; current allocated memory: 1.071 GB.
INFO: [HLS 200-111] Finished Architecture Synthesis: CPU user time: 0 seconds. CPU system time: 0 seconds. Elapsed time: 0.127 seconds; current allocated memory: 1.111 GB.
INFO: [HLS 200-10] Starting hardware synthesis ...
INFO: [HLS 200-10] Synthesizing 'mfcc' ...
WARNING: [SYN 201-103] Legalizing function name 'log<17, 9>' to 'log_17_9_s'.
INFO: [HLS 200-10] ----------------------------------------------------------------
INFO: [HLS 200-42] -- Implementing module 'mfcc_Pipeline_VITIS_LOOP_41_1' 
INFO: [HLS 200-10] ----------------------------------------------------------------
INFO: [SCHED 204-11] Starting scheduling ...
INFO: [HLS 200-1457] Automatically inferring inferring RAM_1WNR storage type for array 'abs_spectrogram'. Use bind_storage pragma to override this type.
INFO: [SCHED 204-61] Pipelining loop 'VITIS_LOOP_41_1'.
INFO: [HLS 200-1470] Pipelining result : Target II = NA, Final II = 1, Depth = 1, loop 'VITIS_LOOP_41_1'
INFO: [SCHED 204-11] Finished scheduling.
INFO: [HLS 200-111] Finished Scheduling: CPU user time: 0 seconds. CPU system time: 0 seconds. Elapsed time: 0.301 seconds; current allocated memory: 1.115 GB.
INFO: [BIND 205-100] Starting micro-architecture generation ...
INFO: [BIND 205-101] Performing variable lifetime analysis.
INFO: [BIND 205-101] Exploring resource sharing.
INFO: [BIND 205-101] Binding ...
INFO: [BIND 205-100] Finished micro-architecture generation.
INFO: [HLS 200-111] Finished Binding: CPU user time: 0 seconds. CPU system time: 0 seconds. Elapsed time: 0.087 seconds; current allocated memory: 1.116 GB.
INFO: [HLS 200-10] ----------------------------------------------------------------
INFO: [HLS 200-42] -- Implementing module 'mfcc_Pipeline_VITIS_LOOP_176_1' 
INFO: [HLS 200-10] ----------------------------------------------------------------
INFO: [SCHED 204-11] Starting scheduling ...
INFO: [HLS 200-1457] Automatically inferring inferring RAM_1WNR storage type for array 'abs_spectrogram'. Use bind_storage pragma to override this type.
INFO: [SCHED 204-61] Pipelining loop 'VITIS_LOOP_176_1'.
WARNING: [HLS 200-885] The II Violation in module 'mfcc_Pipeline_VITIS_LOOP_176_1' (loop 'VITIS_LOOP_176_1'): Unable to schedule 'load' operation ('abs_spectrogram_load_19', audrey_4_hls/mfcc.cpp:183->audrey_4_hls/mfcc.cpp:62) on array 'abs_spectrogram' due to limited memory ports (II = 1). Please consider using a memory core with more ports or partitioning the array 'abs_spectrogram'.
INFO: [HLS 200-1470] Pipelining result : Target II = NA, Final II = 2, Depth = 9, loop 'VITIS_LOOP_176_1'
INFO: [SCHED 204-11] Finished scheduling.
INFO: [HLS 200-111] Finished Scheduling: CPU user time: 0 seconds. CPU system time: 0 seconds. Elapsed time: 0.461 seconds; current allocated memory: 1.120 GB.
INFO: [BIND 205-100] Starting micro-architecture generation ...
INFO: [BIND 205-101] Performing variable lifetime analysis.
INFO: [BIND 205-101] Exploring resource sharing.
INFO: [BIND 205-101] Binding ...
INFO: [BIND 205-100] Finished micro-architecture generation.
INFO: [HLS 200-111] Finished Binding: CPU user time: 0 seconds. CPU system time: 0 seconds. Elapsed time: 0.167 seconds; current allocated memory: 1.120 GB.
INFO: [HLS 200-10] ----------------------------------------------------------------
INFO: [HLS 200-42] -- Implementing module 'log_17_9_s' 
INFO: [HLS 200-10] ----------------------------------------------------------------
INFO: [SCHED 204-11] Starting scheduling ...
INFO: [HLS 200-486] Changing DSP latency (root=mul_ln184) to 3 in order to utilize available DSP registers.
INFO: [SCHED 204-61] Pipelining function 'log<17, 9>'.
INFO: [HLS 200-1470] Pipelining result : Target II = NA, Final II = 1, Depth = 11, function 'log<17, 9>'
INFO: [SCHED 204-11] Finished scheduling.
INFO: [HLS 200-111] Finished Scheduling: CPU user time: 1 seconds. CPU system time: 0 seconds. Elapsed time: 0.472 seconds; current allocated memory: 1.123 GB.
INFO: [BIND 205-100] Starting micro-architecture generation ...
INFO: [BIND 205-101] Performing variable lifetime analysis.
INFO: [BIND 205-101] Exploring resource sharing.
INFO: [BIND 205-101] Binding ...
INFO: [BIND 205-100] Finished micro-architecture generation.
INFO: [HLS 200-111] Finished Binding: CPU user time: 0 seconds. CPU system time: 0 seconds. Elapsed time: 0.165 seconds; current allocated memory: 1.123 GB.
INFO: [HLS 200-10] ----------------------------------------------------------------
INFO: [HLS 200-42] -- Implementing module 'mfcc_Pipeline_VITIS_LOOP_195_1' 
INFO: [HLS 200-10] ----------------------------------------------------------------
INFO: [SCHED 204-11] Starting scheduling ...
INFO: [SCHED 204-61] Pipelining loop 'VITIS_LOOP_195_1'.
INFO: [HLS 200-1470] Pipelining result : Target II = NA, Final II = 1, Depth = 13, loop 'VITIS_LOOP_195_1'
INFO: [SCHED 204-11] Finished scheduling.
INFO: [HLS 200-111] Finished Scheduling: CPU user time: 0 seconds. CPU system time: 0 seconds. Elapsed time: 0.193 seconds; current allocated memory: 1.123 GB.
INFO: [BIND 205-100] Starting micro-architecture generation ...
INFO: [BIND 205-101] Performing variable lifetime analysis.
INFO: [BIND 205-101] Exploring resource sharing.
INFO: [BIND 205-101] Binding ...
INFO: [BIND 205-100] Finished micro-architecture generation.
INFO: [HLS 200-111] Finished Binding: CPU user time: 0 seconds. CPU system time: 0 seconds. Elapsed time: 0.161 seconds; current allocated memory: 1.123 GB.
INFO: [HLS 200-10] ----------------------------------------------------------------
INFO: [HLS 200-42] -- Implementing module 'mfcc_Pipeline_VITIS_LOOP_103_2' 
INFO: [HLS 200-10] ----------------------------------------------------------------
INFO: [SCHED 204-11] Starting scheduling ...
INFO: [SCHED 204-61] Pipelining loop 'VITIS_LOOP_103_2'.
INFO: [HLS 200-1470] Pipelining result : Target II = NA, Final II = 1, Depth = 2, loop 'VITIS_LOOP_103_2'
INFO: [SCHED 204-11] Finished scheduling.
INFO: [HLS 200-111] Finished Scheduling: CPU user time: 0 seconds. CPU system time: 0 seconds. Elapsed time: 0.165 seconds; current allocated memory: 1.123 GB.
INFO: [BIND 205-100] Starting micro-architecture generation ...
INFO: [BIND 205-101] Performing variable lifetime analysis.
INFO: [BIND 205-101] Exploring resource sharing.
INFO: [BIND 205-101] Binding ...
INFO: [BIND 205-100] Finished micro-architecture generation.
INFO: [HLS 200-111] Finished Binding: CPU user time: 0 seconds. CPU system time: 0 seconds. Elapsed time: 0.096 seconds; current allocated memory: 1.123 GB.
INFO: [HLS 200-10] ----------------------------------------------------------------
INFO: [HLS 200-42] -- Implementing module 'mfcc' 
INFO: [HLS 200-10] ----------------------------------------------------------------
INFO: [SCHED 204-11] Starting scheduling ...
INFO: [SCHED 204-11] Finished scheduling.
INFO: [HLS 200-111] Finished Scheduling: CPU user time: 0 seconds. CPU system time: 0 seconds. Elapsed time: 0.116 seconds; current allocated memory: 1.124 GB.
INFO: [BIND 205-100] Starting micro-architecture generation ...
INFO: [BIND 205-101] Performing variable lifetime analysis.
INFO: [BIND 205-101] Exploring resource sharing.
INFO: [BIND 205-101] Binding ...
INFO: [BIND 205-100] Finished micro-architecture generation.
INFO: [HLS 200-111] Finished Binding: CPU user time: 0 seconds. CPU system time: 0 seconds. Elapsed time: 0.145 seconds; current allocated memory: 1.124 GB.
INFO: [HLS 200-10] ----------------------------------------------------------------
INFO: [HLS 200-10] -- Generating RTL for module 'mfcc_Pipeline_VITIS_LOOP_41_1' 
INFO: [HLS 200-10] ----------------------------------------------------------------
INFO: [RTGEN 206-100] Finished creating RTL model for 'mfcc_Pipeline_VITIS_LOOP_41_1'.
INFO: [HLS 200-111] Finished Creating RTL model: CPU user time: 0 seconds. CPU system time: 0 seconds. Elapsed time: 0.128 seconds; current allocated memory: 1.125 GB.
INFO: [HLS 200-10] ----------------------------------------------------------------
INFO: [HLS 200-10] -- Generating RTL for module 'mfcc_Pipeline_VITIS_LOOP_176_1' 
INFO: [HLS 200-10] ----------------------------------------------------------------
INFO: [HLS 200-1030] Apply Unified Pipeline Control on module 'mfcc_Pipeline_VITIS_LOOP_176_1' pipeline 'VITIS_LOOP_176_1' pipeline type 'loop pipeline'
INFO: [RTGEN 206-100] Generating core module 'mul_5ns_16s_21_1_1': 1 instance(s).
INFO: [RTGEN 206-100] Generating core module 'mul_6ns_16s_22_1_1': 2 instance(s).
INFO: [RTGEN 206-100] Generating core module 'mul_7ns_16s_23_1_1': 4 instance(s).
INFO: [RTGEN 206-100] Generating core module 'mul_8ns_16s_24_1_1': 23 instance(s).
INFO: [RTGEN 206-100] Finished creating RTL model for 'mfcc_Pipeline_VITIS_LOOP_176_1'.
INFO: [RTMG 210-279] Implementing memory 'mfcc_mfcc_Pipeline_VITIS_LOOP_176_1_first_ind_ROM_AUTO_1R' using auto ROMs.
INFO: [RTMG 210-279] Implementing memory 'mfcc_mfcc_Pipeline_VITIS_LOOP_176_1_mel_filterbank_0_ROM_AUTO_1R' using auto ROMs.
INFO: [RTMG 210-279] Implementing memory 'mfcc_mfcc_Pipeline_VITIS_LOOP_176_1_mel_filterbank_1_ROM_AUTO_1R' using auto ROMs.
INFO: [RTMG 210-279] Implementing memory 'mfcc_mfcc_Pipeline_VITIS_LOOP_176_1_mel_filterbank_2_ROM_AUTO_1R' using auto ROMs.
INFO: [RTMG 210-279] Implementing memory 'mfcc_mfcc_Pipeline_VITIS_LOOP_176_1_mel_filterbank_3_ROM_AUTO_1R' using auto ROMs.
INFO: [RTMG 210-279] Implementing memory 'mfcc_mfcc_Pipeline_VITIS_LOOP_176_1_mel_filterbank_4_ROM_AUTO_1R' using auto ROMs.
INFO: [RTMG 210-279] Implementing memory 'mfcc_mfcc_Pipeline_VITIS_LOOP_176_1_mel_filterbank_5_ROM_AUTO_1R' using auto ROMs.
INFO: [RTMG 210-279] Implementing memory 'mfcc_mfcc_Pipeline_VITIS_LOOP_176_1_mel_filterbank_6_ROM_AUTO_1R' using auto ROMs.
INFO: [RTMG 210-279] Implementing memory 'mfcc_mfcc_Pipeline_VITIS_LOOP_176_1_mel_filterbank_7_ROM_AUTO_1R' using auto ROMs.
INFO: [RTMG 210-279] Implementing memory 'mfcc_mfcc_Pipeline_VITIS_LOOP_176_1_mel_filterbank_8_ROM_AUTO_1R' using auto ROMs.
INFO: [RTMG 210-279] Implementing memory 'mfcc_mfcc_Pipeline_VITIS_LOOP_176_1_mel_filterbank_9_ROM_AUTO_1R' using auto ROMs.
INFO: [RTMG 210-279] Implementing memory 'mfcc_mfcc_Pipeline_VITIS_LOOP_176_1_mel_filterbank_10_ROM_AUTO_1R' using auto ROMs.
INFO: [RTMG 210-279] Implementing memory 'mfcc_mfcc_Pipeline_VITIS_LOOP_176_1_mel_filterbank_11_ROM_AUTO_1R' using auto ROMs.
INFO: [RTMG 210-279] Implementing memory 'mfcc_mfcc_Pipeline_VITIS_LOOP_176_1_mel_filterbank_12_ROM_AUTO_1R' using auto ROMs.
INFO: [RTMG 210-279] Implementing memory 'mfcc_mfcc_Pipeline_VITIS_LOOP_176_1_mel_filterbank_13_ROM_AUTO_1R' using auto ROMs.
INFO: [RTMG 210-279] Implementing memory 'mfcc_mfcc_Pipeline_VITIS_LOOP_176_1_mel_filterbank_14_ROM_AUTO_1R' using auto ROMs.
INFO: [RTMG 210-279] Implementing memory 'mfcc_mfcc_Pipeline_VITIS_LOOP_176_1_mel_filterbank_15_ROM_AUTO_1R' using auto ROMs.
INFO: [RTMG 210-279] Implementing memory 'mfcc_mfcc_Pipeline_VITIS_LOOP_176_1_mel_filterbank_16_ROM_AUTO_1R' using auto ROMs.
INFO: [RTMG 210-279] Implementing memory 'mfcc_mfcc_Pipeline_VITIS_LOOP_176_1_mel_filterbank_17_ROM_AUTO_1R' using auto ROMs.
INFO: [RTMG 210-279] Implementing memory 'mfcc_mfcc_Pipeline_VITIS_LOOP_176_1_mel_filterbank_18_ROM_AUTO_1R' using auto ROMs.
INFO: [RTMG 210-279] Implementing memory 'mfcc_mfcc_Pipeline_VITIS_LOOP_176_1_mel_filterbank_19_ROM_AUTO_1R' using auto ROMs.
INFO: [RTMG 210-279] Implementing memory 'mfcc_mfcc_Pipeline_VITIS_LOOP_176_1_mel_filterbank_20_ROM_AUTO_1R' using auto ROMs.
INFO: [RTMG 210-279] Implementing memory 'mfcc_mfcc_Pipeline_VITIS_LOOP_176_1_mel_filterbank_21_ROM_AUTO_1R' using auto ROMs.
INFO: [RTMG 210-279] Implementing memory 'mfcc_mfcc_Pipeline_VITIS_LOOP_176_1_mel_filterbank_22_ROM_AUTO_1R' using auto ROMs.
INFO: [RTMG 210-279] Implementing memory 'mfcc_mfcc_Pipeline_VITIS_LOOP_176_1_mel_filterbank_23_ROM_AUTO_1R' using auto ROMs.
INFO: [RTMG 210-279] Implementing memory 'mfcc_mfcc_Pipeline_VITIS_LOOP_176_1_mel_filterbank_24_ROM_AUTO_1R' using auto ROMs.
INFO: [RTMG 210-279] Implementing memory 'mfcc_mfcc_Pipeline_VITIS_LOOP_176_1_mel_filterbank_25_ROM_AUTO_1R' using auto ROMs.
INFO: [RTMG 210-279] Implementing memory 'mfcc_mfcc_Pipeline_VITIS_LOOP_176_1_mel_filterbank_26_ROM_AUTO_1R' using auto ROMs.
INFO: [RTMG 210-279] Implementing memory 'mfcc_mfcc_Pipeline_VITIS_LOOP_176_1_mel_filterbank_27_ROM_AUTO_1R' using auto ROMs.
INFO: [RTMG 210-279] Implementing memory 'mfcc_mfcc_Pipeline_VITIS_LOOP_176_1_mel_filterbank_28_ROM_AUTO_1R' using auto ROMs.
INFO: [RTMG 210-279] Implementing memory 'mfcc_mfcc_Pipeline_VITIS_LOOP_176_1_mel_filterbank_29_ROM_AUTO_1R' using auto ROMs.
INFO: [HLS 200-111] Finished Creating RTL model: CPU user time: 0 seconds. CPU system time: 0 seconds. Elapsed time: 0.884 seconds; current allocated memory: 1.130 GB.
INFO: [HLS 200-10] ----------------------------------------------------------------
INFO: [HLS 200-10] -- Generating RTL for module 'log_17_9_s' 
INFO: [HLS 200-10] ----------------------------------------------------------------
INFO: [HLS 200-1030] Apply Unified Pipeline Control on module 'log_17_9_s' pipeline 'log<17, 9>' pipeline type 'function pipeline'
INFO: [RTGEN 206-100] Generating core module 'mac_mulsub_24ns_4ns_29ns_29_4_1': 1 instance(s).
INFO: [RTGEN 206-100] Generating core module 'mul_29s_6ns_29_2_1': 1 instance(s).
INFO: [RTGEN 206-100] Generating core module 'mul_5s_23ns_28_1_1': 1 instance(s).
INFO: [RTGEN 206-100] Generating core module 'mul_9ns_9ns_18_1_1': 1 instance(s).
INFO: [RTGEN 206-100] Finished creating RTL model for 'log_17_9_s'.
INFO: [RTMG 210-279] Implementing memory 'mfcc_log_17_9_s_log_apfixed_reduce_log_inverse_lut_table_array_ROM_AUTO_1R' using auto ROMs.
INFO: [RTMG 210-279] Implementing memory 'mfcc_log_17_9_s_log_apfixed_reduce_log0_lut_table_ap_fixed_0_5_64_array_ROM_AUTO_1R' using auto ROMs.
INFO: [RTMG 210-279] Implementing memory 'mfcc_log_17_9_s_log_apfixed_reduce_log_lut_table_ap_fixed_4_4_16_array_ROM_AUTO_1R' using auto ROMs.
INFO: [HLS 200-111] Finished Creating RTL model: CPU user time: 0 seconds. CPU system time: 1 seconds. Elapsed time: 0.909 seconds; current allocated memory: 1.138 GB.
INFO: [HLS 200-10] ----------------------------------------------------------------
INFO: [HLS 200-10] -- Generating RTL for module 'mfcc_Pipeline_VITIS_LOOP_195_1' 
INFO: [HLS 200-10] ----------------------------------------------------------------
INFO: [HLS 200-1030] Apply Unified Pipeline Control on module 'mfcc_Pipeline_VITIS_LOOP_195_1' pipeline 'VITIS_LOOP_195_1' pipeline type 'loop pipeline'
INFO: [RTGEN 206-100] Finished creating RTL model for 'mfcc_Pipeline_VITIS_LOOP_195_1'.
INFO: [HLS 200-111] Finished Creating RTL model: CPU user time: 1 seconds. CPU system time: 0 seconds. Elapsed time: 0.674 seconds; current allocated memory: 1.142 GB.
INFO: [HLS 200-10] ----------------------------------------------------------------
INFO: [HLS 200-10] -- Generating RTL for module 'mfcc_Pipeline_VITIS_LOOP_103_2' 
INFO: [HLS 200-10] ----------------------------------------------------------------
INFO: [HLS 200-1030] Apply Unified Pipeline Control on module 'mfcc_Pipeline_VITIS_LOOP_103_2' pipeline 'VITIS_LOOP_103_2' pipeline type 'loop pipeline'
INFO: [RTGEN 206-100] Finished creating RTL model for 'mfcc_Pipeline_VITIS_LOOP_103_2'.
INFO: [HLS 200-111] Finished Creating RTL model: CPU user time: 0 seconds. CPU system time: 0 seconds. Elapsed time: 0.2 seconds; current allocated memory: 1.143 GB.
INFO: [HLS 200-10] ----------------------------------------------------------------
INFO: [HLS 200-10] -- Generating RTL for module 'mfcc' 
INFO: [HLS 200-10] ----------------------------------------------------------------
WARNING: [RTGEN 206-101] Design contains AXI ports. Reset is fixed to synchronous and active low.
INFO: [RTGEN 206-500] Setting interface mode on port 'mfcc/in_stream_V_data_V' to 'axis' (register, both mode).
INFO: [RTGEN 206-500] Setting interface mode on port 'mfcc/in_stream_V_keep_V' to 'axis' (register, both mode).
INFO: [RTGEN 206-500] Setting interface mode on port 'mfcc/in_stream_V_strb_V' to 'axis' (register, both mode).
INFO: [RTGEN 206-500] Setting interface mode on port 'mfcc/in_stream_V_last_V' to 'axis' (register, both mode).
INFO: [RTGEN 206-500] Setting interface mode on port 'mfcc/out_stream_V_data_V' to 'axis' (register, both mode).
INFO: [RTGEN 206-500] Setting interface mode on port 'mfcc/out_stream_V_keep_V' to 'axis' (register, both mode).
INFO: [RTGEN 206-500] Setting interface mode on port 'mfcc/out_stream_V_strb_V' to 'axis' (register, both mode).
INFO: [RTGEN 206-500] Setting interface mode on port 'mfcc/out_stream_V_last_V' to 'axis' (register, both mode).
INFO: [RTGEN 206-500] Setting interface mode on function 'mfcc' to 'ap_ctrl_none'.
INFO: [RTGEN 206-100] Finished creating RTL model for 'mfcc'.
INFO: [RTMG 210-278] Implementing memory 'mfcc_abs_spectrogram_RAM_1WNR_AUTO_1R1W' using auto RAMs.
INFO: [RTMG 210-278] Implementing memory 'mfcc_mel_filtered_RAM_AUTO_1R1W' using auto RAMs.
INFO: [RTMG 210-278] Implementing memory 'mfcc_mfcc_1_RAM_AUTO_1R1W' using auto RAMs.
INFO: [HLS 200-111] Finished Creating RTL model: CPU user time: 0 seconds. CPU system time: 0 seconds. Elapsed time: 0.429 seconds; current allocated memory: 1.144 GB.
INFO: [HLS 200-111] Finished Generating all RTL models: CPU user time: 0 seconds. CPU system time: 0 seconds. Elapsed time: 1.222 seconds; current allocated memory: 1.148 GB.
INFO: [HLS 200-111] Finished Updating report files: CPU user time: 1 seconds. CPU system time: 1 seconds. Elapsed time: 1.124 seconds; current allocated memory: 1.156 GB.
INFO: [VHDL 208-304] Generating VHDL RTL for mfcc.
INFO: [VLOG 209-307] Generating Verilog RTL for mfcc.
INFO: [HLS 200-790] **** Loop Constraint Status: All loop constraints were NOT satisfied.
INFO: [HLS 200-789] **** Estimated Fmax: 145.43 MHz
INFO: [HLS 200-111] Finished Command csynth_design CPU user time: 4 seconds. CPU system time: 2 seconds. Elapsed time: 30.267 seconds; current allocated memory: 129.691 MB.
==============================================================
Vitis HLS - High-Level Synthesis from C, C++ and OpenCL v2023.1 (64-bit)
Tool Version Limit: 2023.05
Copyright 1986-2022 Xilinx, Inc. All Rights Reserved.
Copyright 2022-2023 Advanced Micro Devices, Inc. All Rights Reserved.

==============================================================
INFO: [SYN 201-201] Setting up clock 'default' with a period of 10ns.
INFO: [HLS 200-1611] Setting target device to 'xc7a100t-csg324-1'
INFO: [HLS 200-1505] Using flow_target 'vivado'
INFO: [HLS 200-1510] Running: set_part xc7a100tcsg324-1 
INFO: [HLS 200-1510] Running: create_clock -period 10 -name default 
INFO: [HLS 200-1510] Running: csynth_design 
INFO: [HLS 200-111] Finished File checks and directory preparation: CPU user time: 0 seconds. CPU system time: 0 seconds. Elapsed time: 0.099 seconds; current allocated memory: 1.030 GB.
INFO: [HLS 200-10] Analyzing design file 'audrey_4_hls/mfcc.cpp' ... 
WARNING: [HLS 207-5292] unused parameter 'data_type' (C:/Xilinx/Vitis_HLS/2023.1/common/technology/autopilot\hls_fft.h:100:77)
WARNING: [HLS 207-5292] unused parameter 'has_nfft' (C:/Xilinx/Vitis_HLS/2023.1/common/technology/autopilot\hls_fft.h:125:65)
WARNING: [HLS 207-5292] unused parameter 'cp_len_enable' (C:/Xilinx/Vitis_HLS/2023.1/common/technology/autopilot\hls_fft.h:138:66)
WARNING: [HLS 207-5292] unused parameter 'scaling_opt' (C:/Xilinx/Vitis_HLS/2023.1/common/technology/autopilot\hls_fft.h:151:68)
WARNING: [HLS 207-5292] unused parameter 'scaling_opt' (C:/Xilinx/Vitis_HLS/2023.1/common/technology/autopilot\hls_fft.h:315:71)
WARNING: [HLS 207-5292] unused parameter 'has_ovflo' (C:/Xilinx/Vitis_HLS/2023.1/common/technology/autopilot\hls_fft.h:328:66)
WARNING: [HLS 207-5292] unused parameter 'audio' (audrey_4_hls/mfcc.cpp:141:38)
INFO: [HLS 200-111] Finished Source Code Analysis and Preprocessing: CPU user time: 0 seconds. CPU system time: 0 seconds. Elapsed time: 18.282 seconds; current allocated memory: 1.037 GB.
INFO: [HLS 200-777] Using interface defaults for 'Vivado' flow target.
INFO: [HLS 214-291] Loop 'VITIS_LOOP_729_1' is marked as complete unroll implied by the pipeline pragma (C:/Xilinx/Vitis_HLS/2023.1/common/technology/autopilot/etc/hls_log_apfixed.h:729:31)
INFO: [HLS 214-186] Unrolling loop 'VITIS_LOOP_729_1' (C:/Xilinx/Vitis_HLS/2023.1/common/technology/autopilot/etc/hls_log_apfixed.h:729:31) in function 'log_apfixed_reduce::log<17, 9>' completely with a factor of 17 (C:/Xilinx/Vitis_HLS/2023.1/common/technology/autopilot/etc/hls_log_apfixed.h:500:0)
INFO: [HLS 214-178] Inlining function 'void log_apfixed_reduce::range_reduce<ap_fixed<29, 7, (ap_q_mode)5, (ap_o_mode)3, 0>, 4, 4, 24, 15>(ap_ufixed<24, -(4), (ap_q_mode)5, (ap_o_mode)3, 0>, ap_fixed<29, 7, (ap_q_mode)5, (ap_o_mode)3, 0>&, ap_ufixed<15, -(((4) + (4)) - (1)), (ap_q_mode)5, (ap_o_mode)3, 0>&)' into 'ap_ufixed<15, -7, (ap_q_mode)5, (ap_o_mode)3, 0> log_apfixed_reduce::log_traits<2>::range_reduction<24>(ap_ufixed<24, -4, (ap_q_mode)5, (ap_o_mode)3, 0>, ap_fixed<29, 7, (ap_q_mode)5, (ap_o_mode)3, 0>&)' (C:/Xilinx/Vitis_HLS/2023.1/common/technology/autopilot/etc/hls_log_apfixed.h:249:0)
INFO: [HLS 214-178] Inlining function 'ap_ufixed<15, -7, (ap_q_mode)5, (ap_o_mode)3, 0> log_apfixed_reduce::log_traits<2>::range_reduction<24>(ap_ufixed<24, -4, (ap_q_mode)5, (ap_o_mode)3, 0>, ap_fixed<29, 7, (ap_q_mode)5, (ap_o_mode)3, 0>&)' into 'ap_fixed<17, 9, (ap_q_mode)5, (ap_o_mode)3, 0> log_apfixed_reduce::log<17, 9>(ap_fixed<17, 9, (ap_q_mode)5, (ap_o_mode)3, 0>)' (C:/Xilinx/Vitis_HLS/2023.1/common/technology/autopilot/etc/hls_log_apfixed.h:500:0)
INFO: [HLS 214-178] Inlining function 'ap_fixed<17, 9, (ap_q_mode)5, (ap_o_mode)3, 0> hls::log<17, 9>(ap_fixed<17, 9, (ap_q_mode)5, (ap_o_mode)3, 0>)' into 'feature_2_log(ap_fixed<16, 8, (ap_q_mode)5, (ap_o_mode)3, 0>*, ap_fixed<16, 8, (ap_q_mode)5, (ap_o_mode)3, 0>*)' (audrey_4_hls/mfcc.cpp:194:0)
INFO: [HLS 214-178] Inlining function 'feature_1_mel(ap_fixed<16, 8, (ap_q_mode)5, (ap_o_mode)3, 0>*, ap_fixed<16, 8, (ap_q_mode)5, (ap_o_mode)3, 0>*)' into 'mfcc(hls::stream<hls::axis<ap_fixed<16, 8, (ap_q_mode)5, (ap_o_mode)3, 0>, 0ul, 0ul, 0ul>, 0>&, hls::stream<hls::axis<ap_fixed<16, 8, (ap_q_mode)5, (ap_o_mode)3, 0>, 0ul, 0ul, 0ul>, 0>&)' (audrey_4_hls/mfcc.cpp:20:0)
INFO: [HLS 214-178] Inlining function 'feature_2_log(ap_fixed<16, 8, (ap_q_mode)5, (ap_o_mode)3, 0>*, ap_fixed<16, 8, (ap_q_mode)5, (ap_o_mode)3, 0>*)' into 'mfcc(hls::stream<hls::axis<ap_fixed<16, 8, (ap_q_mode)5, (ap_o_mode)3, 0>, 0ul, 0ul, 0ul>, 0>&, hls::stream<hls::axis<ap_fixed<16, 8, (ap_q_mode)5, (ap_o_mode)3, 0>, 0ul, 0ul, 0ul>, 0>&)' (audrey_4_hls/mfcc.cpp:20:0)
INFO: [HLS 200-111] Finished Compiling Optimization and Transform: CPU user time: 1 seconds. CPU system time: 0 seconds. Elapsed time: 2.69 seconds; current allocated memory: 1.038 GB.
INFO: [HLS 200-111] Finished Checking Pragmas: CPU user time: 0 seconds. CPU system time: 0 seconds. Elapsed time: 0.001 seconds; current allocated memory: 1.038 GB.
INFO: [HLS 200-10] Starting code transformations ...
INFO: [HLS 200-111] Finished Standard Transforms: CPU user time: 0 seconds. CPU system time: 0 seconds. Elapsed time: 0.086 seconds; current allocated memory: 1.046 GB.
INFO: [HLS 200-10] Checking synthesizability ...
INFO: [HLS 200-111] Finished Checking Synthesizability: CPU user time: 0 seconds. CPU system time: 0 seconds. Elapsed time: 0.064 seconds; current allocated memory: 1.048 GB.
INFO: [XFORM 203-510] Pipelining loop 'VITIS_LOOP_41_1' (audrey_4_hls/mfcc.cpp:41) in function 'mfcc' automatically.
INFO: [XFORM 203-510] Pipelining loop 'VITIS_LOOP_176_1' (audrey_4_hls/mfcc.cpp:176) in function 'mfcc' automatically.
INFO: [XFORM 203-510] Pipelining loop 'VITIS_LOOP_195_1' (audrey_4_hls/mfcc.cpp:195) in function 'mfcc' automatically.
INFO: [XFORM 203-510] Pipelining loop 'VITIS_LOOP_103_2' (audrey_4_hls/mfcc.cpp:103) in function 'mfcc' automatically.
INFO: [XFORM 203-502] Unrolling all sub-loops inside loop 'VITIS_LOOP_176_1' (audrey_4_hls/mfcc.cpp:176) in function 'mfcc' for pipelining.
INFO: [HLS 200-489] Unrolling loop 'VITIS_LOOP_182_2' (audrey_4_hls/mfcc.cpp:182) in function 'mfcc' completely with a factor of 30.
INFO: [XFORM 203-102] Partitioning array 'mel_filterbank' in dimension 2 automatically.
INFO: [XFORM 203-401] Performing if-conversion on hyperblock from (C:/Xilinx/Vitis_HLS/2023.1/common/technology/autopilot/etc/hls_log_apfixed.h:728:42) to (C:/Xilinx/Vitis_HLS/2023.1/common/technology/autopilot/etc/hls_log_apfixed.h:748:17) in function 'log_apfixed_reduce::log<17, 9>'... converting 18 basic blocks.
INFO: [XFORM 203-11] Balancing expressions in function 'mfcc' (audrey_4_hls/mfcc.cpp:17:27)...29 expression(s) balanced.
INFO: [XFORM 203-11] Balancing expressions in function 'log_apfixed_reduce::log<17, 9>' (C:/Xilinx/Vitis_HLS/2023.1/common/technology/autopilot/etc/hls_log_apfixed.h:178:6)...3 expression(s) balanced.
INFO: [HLS 200-111] Finished Loop, function and other optimizations: CPU user time: 0 seconds. CPU system time: 0 seconds. Elapsed time: 0.285 seconds; current allocated memory: 1.072 GB.
INFO: [HLS 200-111] Finished Architecture Synthesis: CPU user time: 0 seconds. CPU system time: 0 seconds. Elapsed time: 0.133 seconds; current allocated memory: 1.111 GB.
INFO: [HLS 200-10] Starting hardware synthesis ...
INFO: [HLS 200-10] Synthesizing 'mfcc' ...
WARNING: [SYN 201-103] Legalizing function name 'log<17, 9>' to 'log_17_9_s'.
INFO: [HLS 200-10] ----------------------------------------------------------------
INFO: [HLS 200-42] -- Implementing module 'mfcc_Pipeline_VITIS_LOOP_41_1' 
INFO: [HLS 200-10] ----------------------------------------------------------------
INFO: [SCHED 204-11] Starting scheduling ...
INFO: [HLS 200-1457] Automatically inferring inferring RAM_1WNR storage type for array 'abs_spectrogram'. Use bind_storage pragma to override this type.
INFO: [SCHED 204-61] Pipelining loop 'VITIS_LOOP_41_1'.
INFO: [HLS 200-1470] Pipelining result : Target II = NA, Final II = 1, Depth = 1, loop 'VITIS_LOOP_41_1'
INFO: [SCHED 204-11] Finished scheduling.
INFO: [HLS 200-111] Finished Scheduling: CPU user time: 0 seconds. CPU system time: 0 seconds. Elapsed time: 0.31 seconds; current allocated memory: 1.115 GB.
INFO: [BIND 205-100] Starting micro-architecture generation ...
INFO: [BIND 205-101] Performing variable lifetime analysis.
INFO: [BIND 205-101] Exploring resource sharing.
INFO: [BIND 205-101] Binding ...
INFO: [BIND 205-100] Finished micro-architecture generation.
INFO: [HLS 200-111] Finished Binding: CPU user time: 0 seconds. CPU system time: 0 seconds. Elapsed time: 0.092 seconds; current allocated memory: 1.116 GB.
INFO: [HLS 200-10] ----------------------------------------------------------------
INFO: [HLS 200-42] -- Implementing module 'mfcc_Pipeline_VITIS_LOOP_176_1' 
INFO: [HLS 200-10] ----------------------------------------------------------------
INFO: [SCHED 204-11] Starting scheduling ...
INFO: [HLS 200-1457] Automatically inferring inferring RAM_1WNR storage type for array 'abs_spectrogram'. Use bind_storage pragma to override this type.
INFO: [SCHED 204-61] Pipelining loop 'VITIS_LOOP_176_1'.
WARNING: [HLS 200-885] The II Violation in module 'mfcc_Pipeline_VITIS_LOOP_176_1' (loop 'VITIS_LOOP_176_1'): Unable to schedule 'load' operation ('abs_spectrogram_load_19', audrey_4_hls/mfcc.cpp:183->audrey_4_hls/mfcc.cpp:62) on array 'abs_spectrogram' due to limited memory ports (II = 1). Please consider using a memory core with more ports or partitioning the array 'abs_spectrogram'.
INFO: [HLS 200-1470] Pipelining result : Target II = NA, Final II = 2, Depth = 9, loop 'VITIS_LOOP_176_1'
INFO: [SCHED 204-11] Finished scheduling.
INFO: [HLS 200-111] Finished Scheduling: CPU user time: 0 seconds. CPU system time: 0 seconds. Elapsed time: 0.47 seconds; current allocated memory: 1.120 GB.
INFO: [BIND 205-100] Starting micro-architecture generation ...
INFO: [BIND 205-101] Performing variable lifetime analysis.
INFO: [BIND 205-101] Exploring resource sharing.
INFO: [BIND 205-101] Binding ...
INFO: [BIND 205-100] Finished micro-architecture generation.
INFO: [HLS 200-111] Finished Binding: CPU user time: 0 seconds. CPU system time: 0 seconds. Elapsed time: 0.181 seconds; current allocated memory: 1.120 GB.
INFO: [HLS 200-10] ----------------------------------------------------------------
INFO: [HLS 200-42] -- Implementing module 'log_17_9_s' 
INFO: [HLS 200-10] ----------------------------------------------------------------
INFO: [SCHED 204-11] Starting scheduling ...
INFO: [HLS 200-486] Changing DSP latency (root=mul_ln184) to 3 in order to utilize available DSP registers.
INFO: [SCHED 204-61] Pipelining function 'log<17, 9>'.
INFO: [HLS 200-1470] Pipelining result : Target II = NA, Final II = 1, Depth = 11, function 'log<17, 9>'
INFO: [SCHED 204-11] Finished scheduling.
INFO: [HLS 200-111] Finished Scheduling: CPU user time: 1 seconds. CPU system time: 0 seconds. Elapsed time: 0.496 seconds; current allocated memory: 1.123 GB.
INFO: [BIND 205-100] Starting micro-architecture generation ...
INFO: [BIND 205-101] Performing variable lifetime analysis.
INFO: [BIND 205-101] Exploring resource sharing.
INFO: [BIND 205-101] Binding ...
INFO: [BIND 205-100] Finished micro-architecture generation.
INFO: [HLS 200-111] Finished Binding: CPU user time: 0 seconds. CPU system time: 0 seconds. Elapsed time: 0.164 seconds; current allocated memory: 1.123 GB.
INFO: [HLS 200-10] ----------------------------------------------------------------
INFO: [HLS 200-42] -- Implementing module 'mfcc_Pipeline_VITIS_LOOP_195_1' 
INFO: [HLS 200-10] ----------------------------------------------------------------
INFO: [SCHED 204-11] Starting scheduling ...
INFO: [SCHED 204-61] Pipelining loop 'VITIS_LOOP_195_1'.
INFO: [HLS 200-1470] Pipelining result : Target II = NA, Final II = 1, Depth = 13, loop 'VITIS_LOOP_195_1'
INFO: [SCHED 204-11] Finished scheduling.
INFO: [HLS 200-111] Finished Scheduling: CPU user time: 0 seconds. CPU system time: 0 seconds. Elapsed time: 0.214 seconds; current allocated memory: 1.123 GB.
INFO: [BIND 205-100] Starting micro-architecture generation ...
INFO: [BIND 205-101] Performing variable lifetime analysis.
INFO: [BIND 205-101] Exploring resource sharing.
INFO: [BIND 205-101] Binding ...
INFO: [BIND 205-100] Finished micro-architecture generation.
INFO: [HLS 200-111] Finished Binding: CPU user time: 0 seconds. CPU system time: 0 seconds. Elapsed time: 0.15 seconds; current allocated memory: 1.123 GB.
INFO: [HLS 200-10] ----------------------------------------------------------------
INFO: [HLS 200-42] -- Implementing module 'mfcc_Pipeline_VITIS_LOOP_103_2' 
INFO: [HLS 200-10] ----------------------------------------------------------------
INFO: [SCHED 204-11] Starting scheduling ...
INFO: [SCHED 204-61] Pipelining loop 'VITIS_LOOP_103_2'.
INFO: [HLS 200-1470] Pipelining result : Target II = NA, Final II = 1, Depth = 2, loop 'VITIS_LOOP_103_2'
INFO: [SCHED 204-11] Finished scheduling.
INFO: [HLS 200-111] Finished Scheduling: CPU user time: 0 seconds. CPU system time: 0 seconds. Elapsed time: 0.157 seconds; current allocated memory: 1.123 GB.
INFO: [BIND 205-100] Starting micro-architecture generation ...
INFO: [BIND 205-101] Performing variable lifetime analysis.
INFO: [BIND 205-101] Exploring resource sharing.
INFO: [BIND 205-101] Binding ...
INFO: [BIND 205-100] Finished micro-architecture generation.
INFO: [HLS 200-111] Finished Binding: CPU user time: 0 seconds. CPU system time: 0 seconds. Elapsed time: 0.112 seconds; current allocated memory: 1.123 GB.
INFO: [HLS 200-10] ----------------------------------------------------------------
INFO: [HLS 200-42] -- Implementing module 'mfcc' 
INFO: [HLS 200-10] ----------------------------------------------------------------
INFO: [SCHED 204-11] Starting scheduling ...
INFO: [SCHED 204-11] Finished scheduling.
INFO: [HLS 200-111] Finished Scheduling: CPU user time: 0 seconds. CPU system time: 0 seconds. Elapsed time: 0.126 seconds; current allocated memory: 1.123 GB.
INFO: [BIND 205-100] Starting micro-architecture generation ...
INFO: [BIND 205-101] Performing variable lifetime analysis.
INFO: [BIND 205-101] Exploring resource sharing.
INFO: [BIND 205-101] Binding ...
INFO: [BIND 205-100] Finished micro-architecture generation.
INFO: [HLS 200-111] Finished Binding: CPU user time: 0 seconds. CPU system time: 0 seconds. Elapsed time: 0.135 seconds; current allocated memory: 1.123 GB.
INFO: [HLS 200-10] ----------------------------------------------------------------
INFO: [HLS 200-10] -- Generating RTL for module 'mfcc_Pipeline_VITIS_LOOP_41_1' 
INFO: [HLS 200-10] ----------------------------------------------------------------
INFO: [RTGEN 206-100] Finished creating RTL model for 'mfcc_Pipeline_VITIS_LOOP_41_1'.
INFO: [HLS 200-111] Finished Creating RTL model: CPU user time: 0 seconds. CPU system time: 0 seconds. Elapsed time: 0.123 seconds; current allocated memory: 1.125 GB.
INFO: [HLS 200-10] ----------------------------------------------------------------
INFO: [HLS 200-10] -- Generating RTL for module 'mfcc_Pipeline_VITIS_LOOP_176_1' 
INFO: [HLS 200-10] ----------------------------------------------------------------
INFO: [HLS 200-1030] Apply Unified Pipeline Control on module 'mfcc_Pipeline_VITIS_LOOP_176_1' pipeline 'VITIS_LOOP_176_1' pipeline type 'loop pipeline'
INFO: [RTGEN 206-100] Generating core module 'mul_5ns_16s_21_1_1': 1 instance(s).
INFO: [RTGEN 206-100] Generating core module 'mul_6ns_16s_22_1_1': 2 instance(s).
INFO: [RTGEN 206-100] Generating core module 'mul_7ns_16s_23_1_1': 4 instance(s).
INFO: [RTGEN 206-100] Generating core module 'mul_8ns_16s_24_1_1': 23 instance(s).
INFO: [RTGEN 206-100] Finished creating RTL model for 'mfcc_Pipeline_VITIS_LOOP_176_1'.
INFO: [RTMG 210-279] Implementing memory 'mfcc_mfcc_Pipeline_VITIS_LOOP_176_1_first_ind_ROM_AUTO_1R' using auto ROMs.
INFO: [RTMG 210-279] Implementing memory 'mfcc_mfcc_Pipeline_VITIS_LOOP_176_1_mel_filterbank_0_ROM_AUTO_1R' using auto ROMs.
INFO: [RTMG 210-279] Implementing memory 'mfcc_mfcc_Pipeline_VITIS_LOOP_176_1_mel_filterbank_1_ROM_AUTO_1R' using auto ROMs.
INFO: [RTMG 210-279] Implementing memory 'mfcc_mfcc_Pipeline_VITIS_LOOP_176_1_mel_filterbank_2_ROM_AUTO_1R' using auto ROMs.
INFO: [RTMG 210-279] Implementing memory 'mfcc_mfcc_Pipeline_VITIS_LOOP_176_1_mel_filterbank_3_ROM_AUTO_1R' using auto ROMs.
INFO: [RTMG 210-279] Implementing memory 'mfcc_mfcc_Pipeline_VITIS_LOOP_176_1_mel_filterbank_4_ROM_AUTO_1R' using auto ROMs.
INFO: [RTMG 210-279] Implementing memory 'mfcc_mfcc_Pipeline_VITIS_LOOP_176_1_mel_filterbank_5_ROM_AUTO_1R' using auto ROMs.
INFO: [RTMG 210-279] Implementing memory 'mfcc_mfcc_Pipeline_VITIS_LOOP_176_1_mel_filterbank_6_ROM_AUTO_1R' using auto ROMs.
INFO: [RTMG 210-279] Implementing memory 'mfcc_mfcc_Pipeline_VITIS_LOOP_176_1_mel_filterbank_7_ROM_AUTO_1R' using auto ROMs.
INFO: [RTMG 210-279] Implementing memory 'mfcc_mfcc_Pipeline_VITIS_LOOP_176_1_mel_filterbank_8_ROM_AUTO_1R' using auto ROMs.
INFO: [RTMG 210-279] Implementing memory 'mfcc_mfcc_Pipeline_VITIS_LOOP_176_1_mel_filterbank_9_ROM_AUTO_1R' using auto ROMs.
INFO: [RTMG 210-279] Implementing memory 'mfcc_mfcc_Pipeline_VITIS_LOOP_176_1_mel_filterbank_10_ROM_AUTO_1R' using auto ROMs.
INFO: [RTMG 210-279] Implementing memory 'mfcc_mfcc_Pipeline_VITIS_LOOP_176_1_mel_filterbank_11_ROM_AUTO_1R' using auto ROMs.
INFO: [RTMG 210-279] Implementing memory 'mfcc_mfcc_Pipeline_VITIS_LOOP_176_1_mel_filterbank_12_ROM_AUTO_1R' using auto ROMs.
INFO: [RTMG 210-279] Implementing memory 'mfcc_mfcc_Pipeline_VITIS_LOOP_176_1_mel_filterbank_13_ROM_AUTO_1R' using auto ROMs.
INFO: [RTMG 210-279] Implementing memory 'mfcc_mfcc_Pipeline_VITIS_LOOP_176_1_mel_filterbank_14_ROM_AUTO_1R' using auto ROMs.
INFO: [RTMG 210-279] Implementing memory 'mfcc_mfcc_Pipeline_VITIS_LOOP_176_1_mel_filterbank_15_ROM_AUTO_1R' using auto ROMs.
INFO: [RTMG 210-279] Implementing memory 'mfcc_mfcc_Pipeline_VITIS_LOOP_176_1_mel_filterbank_16_ROM_AUTO_1R' using auto ROMs.
INFO: [RTMG 210-279] Implementing memory 'mfcc_mfcc_Pipeline_VITIS_LOOP_176_1_mel_filterbank_17_ROM_AUTO_1R' using auto ROMs.
INFO: [RTMG 210-279] Implementing memory 'mfcc_mfcc_Pipeline_VITIS_LOOP_176_1_mel_filterbank_18_ROM_AUTO_1R' using auto ROMs.
INFO: [RTMG 210-279] Implementing memory 'mfcc_mfcc_Pipeline_VITIS_LOOP_176_1_mel_filterbank_19_ROM_AUTO_1R' using auto ROMs.
INFO: [RTMG 210-279] Implementing memory 'mfcc_mfcc_Pipeline_VITIS_LOOP_176_1_mel_filterbank_20_ROM_AUTO_1R' using auto ROMs.
INFO: [RTMG 210-279] Implementing memory 'mfcc_mfcc_Pipeline_VITIS_LOOP_176_1_mel_filterbank_21_ROM_AUTO_1R' using auto ROMs.
INFO: [RTMG 210-279] Implementing memory 'mfcc_mfcc_Pipeline_VITIS_LOOP_176_1_mel_filterbank_22_ROM_AUTO_1R' using auto ROMs.
INFO: [RTMG 210-279] Implementing memory 'mfcc_mfcc_Pipeline_VITIS_LOOP_176_1_mel_filterbank_23_ROM_AUTO_1R' using auto ROMs.
INFO: [RTMG 210-279] Implementing memory 'mfcc_mfcc_Pipeline_VITIS_LOOP_176_1_mel_filterbank_24_ROM_AUTO_1R' using auto ROMs.
INFO: [RTMG 210-279] Implementing memory 'mfcc_mfcc_Pipeline_VITIS_LOOP_176_1_mel_filterbank_25_ROM_AUTO_1R' using auto ROMs.
INFO: [RTMG 210-279] Implementing memory 'mfcc_mfcc_Pipeline_VITIS_LOOP_176_1_mel_filterbank_26_ROM_AUTO_1R' using auto ROMs.
INFO: [RTMG 210-279] Implementing memory 'mfcc_mfcc_Pipeline_VITIS_LOOP_176_1_mel_filterbank_27_ROM_AUTO_1R' using auto ROMs.
INFO: [RTMG 210-279] Implementing memory 'mfcc_mfcc_Pipeline_VITIS_LOOP_176_1_mel_filterbank_28_ROM_AUTO_1R' using auto ROMs.
INFO: [RTMG 210-279] Implementing memory 'mfcc_mfcc_Pipeline_VITIS_LOOP_176_1_mel_filterbank_29_ROM_AUTO_1R' using auto ROMs.
INFO: [HLS 200-111] Finished Creating RTL model: CPU user time: 0 seconds. CPU system time: 0 seconds. Elapsed time: 0.899 seconds; current allocated memory: 1.130 GB.
INFO: [HLS 200-10] ----------------------------------------------------------------
INFO: [HLS 200-10] -- Generating RTL for module 'log_17_9_s' 
INFO: [HLS 200-10] ----------------------------------------------------------------
INFO: [HLS 200-1030] Apply Unified Pipeline Control on module 'log_17_9_s' pipeline 'log<17, 9>' pipeline type 'function pipeline'
INFO: [RTGEN 206-100] Generating core module 'mac_mulsub_24ns_4ns_29ns_29_4_1': 1 instance(s).
INFO: [RTGEN 206-100] Generating core module 'mul_29s_6ns_29_2_1': 1 instance(s).
INFO: [RTGEN 206-100] Generating core module 'mul_5s_23ns_28_1_1': 1 instance(s).
INFO: [RTGEN 206-100] Generating core module 'mul_9ns_9ns_18_1_1': 1 instance(s).
INFO: [RTGEN 206-100] Finished creating RTL model for 'log_17_9_s'.
INFO: [RTMG 210-279] Implementing memory 'mfcc_log_17_9_s_log_apfixed_reduce_log_inverse_lut_table_array_ROM_AUTO_1R' using auto ROMs.
INFO: [RTMG 210-279] Implementing memory 'mfcc_log_17_9_s_log_apfixed_reduce_log0_lut_table_ap_fixed_0_5_64_array_ROM_AUTO_1R' using auto ROMs.
INFO: [RTMG 210-279] Implementing memory 'mfcc_log_17_9_s_log_apfixed_reduce_log_lut_table_ap_fixed_4_4_16_array_ROM_AUTO_1R' using auto ROMs.
INFO: [HLS 200-111] Finished Creating RTL model: CPU user time: 1 seconds. CPU system time: 1 seconds. Elapsed time: 0.913 seconds; current allocated memory: 1.138 GB.
INFO: [HLS 200-10] ----------------------------------------------------------------
INFO: [HLS 200-10] -- Generating RTL for module 'mfcc_Pipeline_VITIS_LOOP_195_1' 
INFO: [HLS 200-10] ----------------------------------------------------------------
INFO: [HLS 200-1030] Apply Unified Pipeline Control on module 'mfcc_Pipeline_VITIS_LOOP_195_1' pipeline 'VITIS_LOOP_195_1' pipeline type 'loop pipeline'
INFO: [RTGEN 206-100] Finished creating RTL model for 'mfcc_Pipeline_VITIS_LOOP_195_1'.
INFO: [HLS 200-111] Finished Creating RTL model: CPU user time: 0 seconds. CPU system time: 0 seconds. Elapsed time: 0.665 seconds; current allocated memory: 1.143 GB.
INFO: [HLS 200-10] ----------------------------------------------------------------
INFO: [HLS 200-10] -- Generating RTL for module 'mfcc_Pipeline_VITIS_LOOP_103_2' 
INFO: [HLS 200-10] ----------------------------------------------------------------
INFO: [HLS 200-1030] Apply Unified Pipeline Control on module 'mfcc_Pipeline_VITIS_LOOP_103_2' pipeline 'VITIS_LOOP_103_2' pipeline type 'loop pipeline'
INFO: [RTGEN 206-100] Finished creating RTL model for 'mfcc_Pipeline_VITIS_LOOP_103_2'.
INFO: [HLS 200-111] Finished Creating RTL model: CPU user time: 0 seconds. CPU system time: 0 seconds. Elapsed time: 0.21 seconds; current allocated memory: 1.143 GB.
INFO: [HLS 200-10] ----------------------------------------------------------------
INFO: [HLS 200-10] -- Generating RTL for module 'mfcc' 
INFO: [HLS 200-10] ----------------------------------------------------------------
WARNING: [RTGEN 206-101] Design contains AXI ports. Reset is fixed to synchronous and active low.
INFO: [RTGEN 206-500] Setting interface mode on port 'mfcc/in_stream_V_data_V' to 'axis' (register, both mode).
INFO: [RTGEN 206-500] Setting interface mode on port 'mfcc/in_stream_V_keep_V' to 'axis' (register, both mode).
INFO: [RTGEN 206-500] Setting interface mode on port 'mfcc/in_stream_V_strb_V' to 'axis' (register, both mode).
INFO: [RTGEN 206-500] Setting interface mode on port 'mfcc/in_stream_V_last_V' to 'axis' (register, both mode).
INFO: [RTGEN 206-500] Setting interface mode on port 'mfcc/out_stream_V_data_V' to 'axis' (register, both mode).
INFO: [RTGEN 206-500] Setting interface mode on port 'mfcc/out_stream_V_keep_V' to 'axis' (register, both mode).
INFO: [RTGEN 206-500] Setting interface mode on port 'mfcc/out_stream_V_strb_V' to 'axis' (register, both mode).
INFO: [RTGEN 206-500] Setting interface mode on port 'mfcc/out_stream_V_last_V' to 'axis' (register, both mode).
INFO: [RTGEN 206-500] Setting interface mode on function 'mfcc' to 'ap_ctrl_none'.
INFO: [RTGEN 206-100] Finished creating RTL model for 'mfcc'.
INFO: [RTMG 210-278] Implementing memory 'mfcc_abs_spectrogram_RAM_1WNR_AUTO_1R1W' using auto RAMs.
INFO: [RTMG 210-278] Implementing memory 'mfcc_mel_filtered_RAM_AUTO_1R1W' using auto RAMs.
INFO: [RTMG 210-278] Implementing memory 'mfcc_mfcc_1_RAM_AUTO_1R1W' using auto RAMs.
INFO: [HLS 200-111] Finished Creating RTL model: CPU user time: 0 seconds. CPU system time: 0 seconds. Elapsed time: 0.417 seconds; current allocated memory: 1.144 GB.
INFO: [HLS 200-111] Finished Generating all RTL models: CPU user time: 1 seconds. CPU system time: 0 seconds. Elapsed time: 1.185 seconds; current allocated memory: 1.149 GB.
INFO: [HLS 200-111] Finished Updating report files: CPU user time: 0 seconds. CPU system time: 1 seconds. Elapsed time: 1.114 seconds; current allocated memory: 1.156 GB.
INFO: [VHDL 208-304] Generating VHDL RTL for mfcc.
INFO: [VLOG 209-307] Generating Verilog RTL for mfcc.
INFO: [HLS 200-790] **** Loop Constraint Status: All loop constraints were NOT satisfied.
INFO: [HLS 200-789] **** Estimated Fmax: 145.43 MHz
INFO: [HLS 200-111] Finished Command csynth_design CPU user time: 4 seconds. CPU system time: 2 seconds. Elapsed time: 30.193 seconds; current allocated memory: 129.301 MB.
==============================================================
Vitis HLS - High-Level Synthesis from C, C++ and OpenCL v2023.1 (64-bit)
Tool Version Limit: 2023.05
Copyright 1986-2022 Xilinx, Inc. All Rights Reserved.
Copyright 2022-2023 Advanced Micro Devices, Inc. All Rights Reserved.

==============================================================
INFO: [SYN 201-201] Setting up clock 'default' with a period of 10ns.
INFO: [HLS 200-1611] Setting target device to 'xc7a100t-csg324-1'
INFO: [HLS 200-1505] Using flow_target 'vivado'
INFO: [HLS 200-1510] Running: set_part xc7a100tcsg324-1 
INFO: [HLS 200-1510] Running: create_clock -period 10 -name default 
INFO: [HLS 200-1510] Running: csynth_design 
INFO: [HLS 200-111] Finished File checks and directory preparation: CPU user time: 0 seconds. CPU system time: 0 seconds. Elapsed time: 0.166 seconds; current allocated memory: 1.030 GB.
INFO: [HLS 200-10] Analyzing design file 'audrey_4_hls/mfcc.cpp' ... 
WARNING: [HLS 207-5292] unused parameter 'data_type' (C:/Xilinx/Vitis_HLS/2023.1/common/technology/autopilot\hls_fft.h:100:77)
WARNING: [HLS 207-5292] unused parameter 'has_nfft' (C:/Xilinx/Vitis_HLS/2023.1/common/technology/autopilot\hls_fft.h:125:65)
WARNING: [HLS 207-5292] unused parameter 'cp_len_enable' (C:/Xilinx/Vitis_HLS/2023.1/common/technology/autopilot\hls_fft.h:138:66)
WARNING: [HLS 207-5292] unused parameter 'scaling_opt' (C:/Xilinx/Vitis_HLS/2023.1/common/technology/autopilot\hls_fft.h:151:68)
WARNING: [HLS 207-5292] unused parameter 'scaling_opt' (C:/Xilinx/Vitis_HLS/2023.1/common/technology/autopilot\hls_fft.h:315:71)
WARNING: [HLS 207-5292] unused parameter 'has_ovflo' (C:/Xilinx/Vitis_HLS/2023.1/common/technology/autopilot\hls_fft.h:328:66)
WARNING: [HLS 207-5292] unused parameter 'audio' (audrey_4_hls/mfcc.cpp:140:38)
INFO: [HLS 200-111] Finished Source Code Analysis and Preprocessing: CPU user time: 1 seconds. CPU system time: 0 seconds. Elapsed time: 19.382 seconds; current allocated memory: 1.036 GB.
INFO: [HLS 200-777] Using interface defaults for 'Vivado' flow target.
INFO: [HLS 214-291] Loop 'VITIS_LOOP_729_1' is marked as complete unroll implied by the pipeline pragma (C:/Xilinx/Vitis_HLS/2023.1/common/technology/autopilot/etc/hls_log_apfixed.h:729:31)
INFO: [HLS 214-186] Unrolling loop 'VITIS_LOOP_729_1' (C:/Xilinx/Vitis_HLS/2023.1/common/technology/autopilot/etc/hls_log_apfixed.h:729:31) in function 'log_apfixed_reduce::log<17, 9>' completely with a factor of 17 (C:/Xilinx/Vitis_HLS/2023.1/common/technology/autopilot/etc/hls_log_apfixed.h:500:0)
INFO: [HLS 214-178] Inlining function 'void log_apfixed_reduce::range_reduce<ap_fixed<29, 7, (ap_q_mode)5, (ap_o_mode)3, 0>, 4, 4, 24, 15>(ap_ufixed<24, -(4), (ap_q_mode)5, (ap_o_mode)3, 0>, ap_fixed<29, 7, (ap_q_mode)5, (ap_o_mode)3, 0>&, ap_ufixed<15, -(((4) + (4)) - (1)), (ap_q_mode)5, (ap_o_mode)3, 0>&)' into 'ap_ufixed<15, -7, (ap_q_mode)5, (ap_o_mode)3, 0> log_apfixed_reduce::log_traits<2>::range_reduction<24>(ap_ufixed<24, -4, (ap_q_mode)5, (ap_o_mode)3, 0>, ap_fixed<29, 7, (ap_q_mode)5, (ap_o_mode)3, 0>&)' (C:/Xilinx/Vitis_HLS/2023.1/common/technology/autopilot/etc/hls_log_apfixed.h:249:0)
INFO: [HLS 214-178] Inlining function 'ap_ufixed<15, -7, (ap_q_mode)5, (ap_o_mode)3, 0> log_apfixed_reduce::log_traits<2>::range_reduction<24>(ap_ufixed<24, -4, (ap_q_mode)5, (ap_o_mode)3, 0>, ap_fixed<29, 7, (ap_q_mode)5, (ap_o_mode)3, 0>&)' into 'ap_fixed<17, 9, (ap_q_mode)5, (ap_o_mode)3, 0> log_apfixed_reduce::log<17, 9>(ap_fixed<17, 9, (ap_q_mode)5, (ap_o_mode)3, 0>)' (C:/Xilinx/Vitis_HLS/2023.1/common/technology/autopilot/etc/hls_log_apfixed.h:500:0)
INFO: [HLS 214-178] Inlining function 'ap_fixed<17, 9, (ap_q_mode)5, (ap_o_mode)3, 0> hls::log<17, 9>(ap_fixed<17, 9, (ap_q_mode)5, (ap_o_mode)3, 0>)' into 'feature_2_log(ap_fixed<16, 8, (ap_q_mode)5, (ap_o_mode)3, 0>*, ap_fixed<16, 8, (ap_q_mode)5, (ap_o_mode)3, 0>*)' (audrey_4_hls/mfcc.cpp:193:0)
INFO: [HLS 214-178] Inlining function 'feature_1_mel(ap_fixed<16, 8, (ap_q_mode)5, (ap_o_mode)3, 0>*, ap_fixed<16, 8, (ap_q_mode)5, (ap_o_mode)3, 0>*)' into 'mfcc(hls::stream<hls::axis<ap_fixed<16, 8, (ap_q_mode)5, (ap_o_mode)3, 0>, 0ul, 0ul, 0ul>, 0>&, hls::stream<hls::axis<ap_fixed<16, 8, (ap_q_mode)5, (ap_o_mode)3, 0>, 0ul, 0ul, 0ul>, 0>&)' (audrey_4_hls/mfcc.cpp:20:0)
INFO: [HLS 214-178] Inlining function 'feature_2_log(ap_fixed<16, 8, (ap_q_mode)5, (ap_o_mode)3, 0>*, ap_fixed<16, 8, (ap_q_mode)5, (ap_o_mode)3, 0>*)' into 'mfcc(hls::stream<hls::axis<ap_fixed<16, 8, (ap_q_mode)5, (ap_o_mode)3, 0>, 0ul, 0ul, 0ul>, 0>&, hls::stream<hls::axis<ap_fixed<16, 8, (ap_q_mode)5, (ap_o_mode)3, 0>, 0ul, 0ul, 0ul>, 0>&)' (audrey_4_hls/mfcc.cpp:20:0)
INFO: [HLS 200-111] Finished Compiling Optimization and Transform: CPU user time: 0 seconds. CPU system time: 1 seconds. Elapsed time: 2.81 seconds; current allocated memory: 1.037 GB.
INFO: [HLS 200-111] Finished Checking Pragmas: CPU user time: 0 seconds. CPU system time: 0 seconds. Elapsed time: 0.003 seconds; current allocated memory: 1.037 GB.
INFO: [HLS 200-10] Starting code transformations ...
INFO: [HLS 200-111] Finished Standard Transforms: CPU user time: 0 seconds. CPU system time: 0 seconds. Elapsed time: 0.09 seconds; current allocated memory: 1.045 GB.
INFO: [HLS 200-10] Checking synthesizability ...
INFO: [HLS 200-111] Finished Checking Synthesizability: CPU user time: 0 seconds. CPU system time: 0 seconds. Elapsed time: 0.069 seconds; current allocated memory: 1.046 GB.
INFO: [XFORM 203-510] Pipelining loop 'VITIS_LOOP_40_1' (audrey_4_hls/mfcc.cpp:40) in function 'mfcc' automatically.
INFO: [XFORM 203-510] Pipelining loop 'VITIS_LOOP_175_1' (audrey_4_hls/mfcc.cpp:175) in function 'mfcc' automatically.
INFO: [XFORM 203-510] Pipelining loop 'VITIS_LOOP_194_1' (audrey_4_hls/mfcc.cpp:194) in function 'mfcc' automatically.
INFO: [XFORM 203-510] Pipelining loop 'VITIS_LOOP_102_2' (audrey_4_hls/mfcc.cpp:102) in function 'mfcc' automatically.
INFO: [XFORM 203-502] Unrolling all sub-loops inside loop 'VITIS_LOOP_175_1' (audrey_4_hls/mfcc.cpp:175) in function 'mfcc' for pipelining.
INFO: [HLS 200-489] Unrolling loop 'VITIS_LOOP_181_2' (audrey_4_hls/mfcc.cpp:181) in function 'mfcc' completely with a factor of 30.
INFO: [XFORM 203-102] Partitioning array 'mel_filterbank' in dimension 2 automatically.
INFO: [XFORM 203-401] Performing if-conversion on hyperblock from (C:/Xilinx/Vitis_HLS/2023.1/common/technology/autopilot/etc/hls_log_apfixed.h:728:42) to (C:/Xilinx/Vitis_HLS/2023.1/common/technology/autopilot/etc/hls_log_apfixed.h:748:17) in function 'log_apfixed_reduce::log<17, 9>'... converting 18 basic blocks.
INFO: [XFORM 203-11] Balancing expressions in function 'mfcc' (audrey_4_hls/mfcc.cpp:17:27)...29 expression(s) balanced.
INFO: [XFORM 203-11] Balancing expressions in function 'log_apfixed_reduce::log<17, 9>' (C:/Xilinx/Vitis_HLS/2023.1/common/technology/autopilot/etc/hls_log_apfixed.h:178:6)...3 expression(s) balanced.
INFO: [HLS 200-111] Finished Loop, function and other optimizations: CPU user time: 0 seconds. CPU system time: 0 seconds. Elapsed time: 0.291 seconds; current allocated memory: 1.071 GB.
INFO: [HLS 200-111] Finished Architecture Synthesis: CPU user time: 0 seconds. CPU system time: 0 seconds. Elapsed time: 0.141 seconds; current allocated memory: 1.110 GB.
INFO: [HLS 200-10] Starting hardware synthesis ...
INFO: [HLS 200-10] Synthesizing 'mfcc' ...
WARNING: [SYN 201-103] Legalizing function name 'log<17, 9>' to 'log_17_9_s'.
INFO: [HLS 200-10] ----------------------------------------------------------------
INFO: [HLS 200-42] -- Implementing module 'mfcc_Pipeline_VITIS_LOOP_40_1' 
INFO: [HLS 200-10] ----------------------------------------------------------------
INFO: [SCHED 204-11] Starting scheduling ...
INFO: [HLS 200-1457] Automatically inferring inferring RAM_1WNR storage type for array 'abs_spectrogram'. Use bind_storage pragma to override this type.
INFO: [SCHED 204-61] Pipelining loop 'VITIS_LOOP_40_1'.
INFO: [HLS 200-1470] Pipelining result : Target II = NA, Final II = 1, Depth = 1, loop 'VITIS_LOOP_40_1'
INFO: [SCHED 204-11] Finished scheduling.
INFO: [HLS 200-111] Finished Scheduling: CPU user time: 0 seconds. CPU system time: 0 seconds. Elapsed time: 0.312 seconds; current allocated memory: 1.114 GB.
INFO: [BIND 205-100] Starting micro-architecture generation ...
INFO: [BIND 205-101] Performing variable lifetime analysis.
INFO: [BIND 205-101] Exploring resource sharing.
INFO: [BIND 205-101] Binding ...
INFO: [BIND 205-100] Finished micro-architecture generation.
INFO: [HLS 200-111] Finished Binding: CPU user time: 0 seconds. CPU system time: 0 seconds. Elapsed time: 0.088 seconds; current allocated memory: 1.115 GB.
INFO: [HLS 200-10] ----------------------------------------------------------------
INFO: [HLS 200-42] -- Implementing module 'mfcc_Pipeline_VITIS_LOOP_175_1' 
INFO: [HLS 200-10] ----------------------------------------------------------------
INFO: [SCHED 204-11] Starting scheduling ...
INFO: [HLS 200-1457] Automatically inferring inferring RAM_1WNR storage type for array 'abs_spectrogram'. Use bind_storage pragma to override this type.
INFO: [SCHED 204-61] Pipelining loop 'VITIS_LOOP_175_1'.
WARNING: [HLS 200-885] The II Violation in module 'mfcc_Pipeline_VITIS_LOOP_175_1' (loop 'VITIS_LOOP_175_1'): Unable to schedule 'load' operation ('abs_spectrogram_load_19', audrey_4_hls/mfcc.cpp:182->audrey_4_hls/mfcc.cpp:61) on array 'abs_spectrogram' due to limited memory ports (II = 1). Please consider using a memory core with more ports or partitioning the array 'abs_spectrogram'.
INFO: [HLS 200-1470] Pipelining result : Target II = NA, Final II = 2, Depth = 9, loop 'VITIS_LOOP_175_1'
INFO: [SCHED 204-11] Finished scheduling.
INFO: [HLS 200-111] Finished Scheduling: CPU user time: 1 seconds. CPU system time: 0 seconds. Elapsed time: 0.509 seconds; current allocated memory: 1.118 GB.
INFO: [BIND 205-100] Starting micro-architecture generation ...
INFO: [BIND 205-101] Performing variable lifetime analysis.
INFO: [BIND 205-101] Exploring resource sharing.
INFO: [BIND 205-101] Binding ...
INFO: [BIND 205-100] Finished micro-architecture generation.
INFO: [HLS 200-111] Finished Binding: CPU user time: 0 seconds. CPU system time: 0 seconds. Elapsed time: 0.192 seconds; current allocated memory: 1.119 GB.
INFO: [HLS 200-10] ----------------------------------------------------------------
INFO: [HLS 200-42] -- Implementing module 'log_17_9_s' 
INFO: [HLS 200-10] ----------------------------------------------------------------
INFO: [SCHED 204-11] Starting scheduling ...
INFO: [HLS 200-486] Changing DSP latency (root=mul_ln184) to 3 in order to utilize available DSP registers.
INFO: [SCHED 204-61] Pipelining function 'log<17, 9>'.
INFO: [HLS 200-1470] Pipelining result : Target II = NA, Final II = 1, Depth = 11, function 'log<17, 9>'
INFO: [SCHED 204-11] Finished scheduling.
INFO: [HLS 200-111] Finished Scheduling: CPU user time: 0 seconds. CPU system time: 0 seconds. Elapsed time: 0.511 seconds; current allocated memory: 1.121 GB.
INFO: [BIND 205-100] Starting micro-architecture generation ...
INFO: [BIND 205-101] Performing variable lifetime analysis.
INFO: [BIND 205-101] Exploring resource sharing.
INFO: [BIND 205-101] Binding ...
INFO: [BIND 205-100] Finished micro-architecture generation.
INFO: [HLS 200-111] Finished Binding: CPU user time: 0 seconds. CPU system time: 0 seconds. Elapsed time: 0.187 seconds; current allocated memory: 1.121 GB.
INFO: [HLS 200-10] ----------------------------------------------------------------
INFO: [HLS 200-42] -- Implementing module 'mfcc_Pipeline_VITIS_LOOP_194_1' 
INFO: [HLS 200-10] ----------------------------------------------------------------
INFO: [SCHED 204-11] Starting scheduling ...
INFO: [SCHED 204-61] Pipelining loop 'VITIS_LOOP_194_1'.
INFO: [HLS 200-1470] Pipelining result : Target II = NA, Final II = 1, Depth = 13, loop 'VITIS_LOOP_194_1'
INFO: [SCHED 204-11] Finished scheduling.
INFO: [HLS 200-111] Finished Scheduling: CPU user time: 0 seconds. CPU system time: 0 seconds. Elapsed time: 0.203 seconds; current allocated memory: 1.122 GB.
INFO: [BIND 205-100] Starting micro-architecture generation ...
INFO: [BIND 205-101] Performing variable lifetime analysis.
INFO: [BIND 205-101] Exploring resource sharing.
INFO: [BIND 205-101] Binding ...
INFO: [BIND 205-100] Finished micro-architecture generation.
INFO: [HLS 200-111] Finished Binding: CPU user time: 1 seconds. CPU system time: 0 seconds. Elapsed time: 0.155 seconds; current allocated memory: 1.122 GB.
INFO: [HLS 200-10] ----------------------------------------------------------------
INFO: [HLS 200-42] -- Implementing module 'mfcc_Pipeline_VITIS_LOOP_102_2' 
INFO: [HLS 200-10] ----------------------------------------------------------------
INFO: [SCHED 204-11] Starting scheduling ...
INFO: [SCHED 204-61] Pipelining loop 'VITIS_LOOP_102_2'.
INFO: [HLS 200-1470] Pipelining result : Target II = NA, Final II = 1, Depth = 2, loop 'VITIS_LOOP_102_2'
INFO: [SCHED 204-11] Finished scheduling.
INFO: [HLS 200-111] Finished Scheduling: CPU user time: 0 seconds. CPU system time: 0 seconds. Elapsed time: 0.158 seconds; current allocated memory: 1.122 GB.
INFO: [BIND 205-100] Starting micro-architecture generation ...
INFO: [BIND 205-101] Performing variable lifetime analysis.
INFO: [BIND 205-101] Exploring resource sharing.
INFO: [BIND 205-101] Binding ...
INFO: [BIND 205-100] Finished micro-architecture generation.
INFO: [HLS 200-111] Finished Binding: CPU user time: 0 seconds. CPU system time: 0 seconds. Elapsed time: 0.102 seconds; current allocated memory: 1.122 GB.
INFO: [HLS 200-10] ----------------------------------------------------------------
INFO: [HLS 200-42] -- Implementing module 'mfcc' 
INFO: [HLS 200-10] ----------------------------------------------------------------
INFO: [SCHED 204-11] Starting scheduling ...
INFO: [SCHED 204-11] Finished scheduling.
INFO: [HLS 200-111] Finished Scheduling: CPU user time: 0 seconds. CPU system time: 0 seconds. Elapsed time: 0.117 seconds; current allocated memory: 1.122 GB.
INFO: [BIND 205-100] Starting micro-architecture generation ...
INFO: [BIND 205-101] Performing variable lifetime analysis.
INFO: [BIND 205-101] Exploring resource sharing.
INFO: [BIND 205-101] Binding ...
INFO: [BIND 205-100] Finished micro-architecture generation.
INFO: [HLS 200-111] Finished Binding: CPU user time: 0 seconds. CPU system time: 0 seconds. Elapsed time: 0.15 seconds; current allocated memory: 1.122 GB.
INFO: [HLS 200-10] ----------------------------------------------------------------
INFO: [HLS 200-10] -- Generating RTL for module 'mfcc_Pipeline_VITIS_LOOP_40_1' 
INFO: [HLS 200-10] ----------------------------------------------------------------
INFO: [RTGEN 206-100] Finished creating RTL model for 'mfcc_Pipeline_VITIS_LOOP_40_1'.
INFO: [HLS 200-111] Finished Creating RTL model: CPU user time: 0 seconds. CPU system time: 0 seconds. Elapsed time: 0.146 seconds; current allocated memory: 1.124 GB.
INFO: [HLS 200-10] ----------------------------------------------------------------
INFO: [HLS 200-10] -- Generating RTL for module 'mfcc_Pipeline_VITIS_LOOP_175_1' 
INFO: [HLS 200-10] ----------------------------------------------------------------
INFO: [HLS 200-1030] Apply Unified Pipeline Control on module 'mfcc_Pipeline_VITIS_LOOP_175_1' pipeline 'VITIS_LOOP_175_1' pipeline type 'loop pipeline'
INFO: [RTGEN 206-100] Generating core module 'mul_5ns_16s_21_1_1': 1 instance(s).
INFO: [RTGEN 206-100] Generating core module 'mul_6ns_16s_22_1_1': 2 instance(s).
INFO: [RTGEN 206-100] Generating core module 'mul_7ns_16s_23_1_1': 4 instance(s).
INFO: [RTGEN 206-100] Generating core module 'mul_8ns_16s_24_1_1': 23 instance(s).
INFO: [RTGEN 206-100] Finished creating RTL model for 'mfcc_Pipeline_VITIS_LOOP_175_1'.
INFO: [RTMG 210-279] Implementing memory 'mfcc_mfcc_Pipeline_VITIS_LOOP_175_1_first_ind_ROM_AUTO_1R' using auto ROMs.
INFO: [RTMG 210-279] Implementing memory 'mfcc_mfcc_Pipeline_VITIS_LOOP_175_1_mel_filterbank_0_ROM_AUTO_1R' using auto ROMs.
INFO: [RTMG 210-279] Implementing memory 'mfcc_mfcc_Pipeline_VITIS_LOOP_175_1_mel_filterbank_1_ROM_AUTO_1R' using auto ROMs.
INFO: [RTMG 210-279] Implementing memory 'mfcc_mfcc_Pipeline_VITIS_LOOP_175_1_mel_filterbank_2_ROM_AUTO_1R' using auto ROMs.
INFO: [RTMG 210-279] Implementing memory 'mfcc_mfcc_Pipeline_VITIS_LOOP_175_1_mel_filterbank_3_ROM_AUTO_1R' using auto ROMs.
INFO: [RTMG 210-279] Implementing memory 'mfcc_mfcc_Pipeline_VITIS_LOOP_175_1_mel_filterbank_4_ROM_AUTO_1R' using auto ROMs.
INFO: [RTMG 210-279] Implementing memory 'mfcc_mfcc_Pipeline_VITIS_LOOP_175_1_mel_filterbank_5_ROM_AUTO_1R' using auto ROMs.
INFO: [RTMG 210-279] Implementing memory 'mfcc_mfcc_Pipeline_VITIS_LOOP_175_1_mel_filterbank_6_ROM_AUTO_1R' using auto ROMs.
INFO: [RTMG 210-279] Implementing memory 'mfcc_mfcc_Pipeline_VITIS_LOOP_175_1_mel_filterbank_7_ROM_AUTO_1R' using auto ROMs.
INFO: [RTMG 210-279] Implementing memory 'mfcc_mfcc_Pipeline_VITIS_LOOP_175_1_mel_filterbank_8_ROM_AUTO_1R' using auto ROMs.
INFO: [RTMG 210-279] Implementing memory 'mfcc_mfcc_Pipeline_VITIS_LOOP_175_1_mel_filterbank_9_ROM_AUTO_1R' using auto ROMs.
INFO: [RTMG 210-279] Implementing memory 'mfcc_mfcc_Pipeline_VITIS_LOOP_175_1_mel_filterbank_10_ROM_AUTO_1R' using auto ROMs.
INFO: [RTMG 210-279] Implementing memory 'mfcc_mfcc_Pipeline_VITIS_LOOP_175_1_mel_filterbank_11_ROM_AUTO_1R' using auto ROMs.
INFO: [RTMG 210-279] Implementing memory 'mfcc_mfcc_Pipeline_VITIS_LOOP_175_1_mel_filterbank_12_ROM_AUTO_1R' using auto ROMs.
INFO: [RTMG 210-279] Implementing memory 'mfcc_mfcc_Pipeline_VITIS_LOOP_175_1_mel_filterbank_13_ROM_AUTO_1R' using auto ROMs.
INFO: [RTMG 210-279] Implementing memory 'mfcc_mfcc_Pipeline_VITIS_LOOP_175_1_mel_filterbank_14_ROM_AUTO_1R' using auto ROMs.
INFO: [RTMG 210-279] Implementing memory 'mfcc_mfcc_Pipeline_VITIS_LOOP_175_1_mel_filterbank_15_ROM_AUTO_1R' using auto ROMs.
INFO: [RTMG 210-279] Implementing memory 'mfcc_mfcc_Pipeline_VITIS_LOOP_175_1_mel_filterbank_16_ROM_AUTO_1R' using auto ROMs.
INFO: [RTMG 210-279] Implementing memory 'mfcc_mfcc_Pipeline_VITIS_LOOP_175_1_mel_filterbank_17_ROM_AUTO_1R' using auto ROMs.
INFO: [RTMG 210-279] Implementing memory 'mfcc_mfcc_Pipeline_VITIS_LOOP_175_1_mel_filterbank_18_ROM_AUTO_1R' using auto ROMs.
INFO: [RTMG 210-279] Implementing memory 'mfcc_mfcc_Pipeline_VITIS_LOOP_175_1_mel_filterbank_19_ROM_AUTO_1R' using auto ROMs.
INFO: [RTMG 210-279] Implementing memory 'mfcc_mfcc_Pipeline_VITIS_LOOP_175_1_mel_filterbank_20_ROM_AUTO_1R' using auto ROMs.
INFO: [RTMG 210-279] Implementing memory 'mfcc_mfcc_Pipeline_VITIS_LOOP_175_1_mel_filterbank_21_ROM_AUTO_1R' using auto ROMs.
INFO: [RTMG 210-279] Implementing memory 'mfcc_mfcc_Pipeline_VITIS_LOOP_175_1_mel_filterbank_22_ROM_AUTO_1R' using auto ROMs.
INFO: [RTMG 210-279] Implementing memory 'mfcc_mfcc_Pipeline_VITIS_LOOP_175_1_mel_filterbank_23_ROM_AUTO_1R' using auto ROMs.
INFO: [RTMG 210-279] Implementing memory 'mfcc_mfcc_Pipeline_VITIS_LOOP_175_1_mel_filterbank_24_ROM_AUTO_1R' using auto ROMs.
INFO: [RTMG 210-279] Implementing memory 'mfcc_mfcc_Pipeline_VITIS_LOOP_175_1_mel_filterbank_25_ROM_AUTO_1R' using auto ROMs.
INFO: [RTMG 210-279] Implementing memory 'mfcc_mfcc_Pipeline_VITIS_LOOP_175_1_mel_filterbank_26_ROM_AUTO_1R' using auto ROMs.
INFO: [RTMG 210-279] Implementing memory 'mfcc_mfcc_Pipeline_VITIS_LOOP_175_1_mel_filterbank_27_ROM_AUTO_1R' using auto ROMs.
INFO: [RTMG 210-279] Implementing memory 'mfcc_mfcc_Pipeline_VITIS_LOOP_175_1_mel_filterbank_28_ROM_AUTO_1R' using auto ROMs.
INFO: [RTMG 210-279] Implementing memory 'mfcc_mfcc_Pipeline_VITIS_LOOP_175_1_mel_filterbank_29_ROM_AUTO_1R' using auto ROMs.
INFO: [HLS 200-111] Finished Creating RTL model: CPU user time: 0 seconds. CPU system time: 0 seconds. Elapsed time: 0.852 seconds; current allocated memory: 1.129 GB.
INFO: [HLS 200-10] ----------------------------------------------------------------
INFO: [HLS 200-10] -- Generating RTL for module 'log_17_9_s' 
INFO: [HLS 200-10] ----------------------------------------------------------------
INFO: [HLS 200-1030] Apply Unified Pipeline Control on module 'log_17_9_s' pipeline 'log<17, 9>' pipeline type 'function pipeline'
INFO: [RTGEN 206-100] Generating core module 'mac_mulsub_24ns_4ns_29ns_29_4_1': 1 instance(s).
INFO: [RTGEN 206-100] Generating core module 'mul_29s_6ns_29_2_1': 1 instance(s).
INFO: [RTGEN 206-100] Generating core module 'mul_5s_23ns_28_1_1': 1 instance(s).
INFO: [RTGEN 206-100] Generating core module 'mul_9ns_9ns_18_1_1': 1 instance(s).
INFO: [RTGEN 206-100] Finished creating RTL model for 'log_17_9_s'.
INFO: [RTMG 210-279] Implementing memory 'mfcc_log_17_9_s_log_apfixed_reduce_log_inverse_lut_table_array_ROM_AUTO_1R' using auto ROMs.
INFO: [RTMG 210-279] Implementing memory 'mfcc_log_17_9_s_log_apfixed_reduce_log0_lut_table_ap_fixed_0_5_64_array_ROM_AUTO_1R' using auto ROMs.
INFO: [RTMG 210-279] Implementing memory 'mfcc_log_17_9_s_log_apfixed_reduce_log_lut_table_ap_fixed_4_4_16_array_ROM_AUTO_1R' using auto ROMs.
INFO: [HLS 200-111] Finished Creating RTL model: CPU user time: 0 seconds. CPU system time: 0 seconds. Elapsed time: 0.96 seconds; current allocated memory: 1.137 GB.
INFO: [HLS 200-10] ----------------------------------------------------------------
INFO: [HLS 200-10] -- Generating RTL for module 'mfcc_Pipeline_VITIS_LOOP_194_1' 
INFO: [HLS 200-10] ----------------------------------------------------------------
INFO: [HLS 200-1030] Apply Unified Pipeline Control on module 'mfcc_Pipeline_VITIS_LOOP_194_1' pipeline 'VITIS_LOOP_194_1' pipeline type 'loop pipeline'
INFO: [RTGEN 206-100] Finished creating RTL model for 'mfcc_Pipeline_VITIS_LOOP_194_1'.
INFO: [HLS 200-111] Finished Creating RTL model: CPU user time: 1 seconds. CPU system time: 0 seconds. Elapsed time: 0.678 seconds; current allocated memory: 1.141 GB.
INFO: [HLS 200-10] ----------------------------------------------------------------
INFO: [HLS 200-10] -- Generating RTL for module 'mfcc_Pipeline_VITIS_LOOP_102_2' 
INFO: [HLS 200-10] ----------------------------------------------------------------
INFO: [HLS 200-1030] Apply Unified Pipeline Control on module 'mfcc_Pipeline_VITIS_LOOP_102_2' pipeline 'VITIS_LOOP_102_2' pipeline type 'loop pipeline'
INFO: [RTGEN 206-100] Finished creating RTL model for 'mfcc_Pipeline_VITIS_LOOP_102_2'.
INFO: [HLS 200-111] Finished Creating RTL model: CPU user time: 0 seconds. CPU system time: 0 seconds. Elapsed time: 0.253 seconds; current allocated memory: 1.142 GB.
INFO: [HLS 200-10] ----------------------------------------------------------------
INFO: [HLS 200-10] -- Generating RTL for module 'mfcc' 
INFO: [HLS 200-10] ----------------------------------------------------------------
WARNING: [RTGEN 206-101] Design contains AXI ports. Reset is fixed to synchronous and active low.
INFO: [RTGEN 206-500] Setting interface mode on port 'mfcc/in_stream_V_data_V' to 'axis' (register, both mode).
INFO: [RTGEN 206-500] Setting interface mode on port 'mfcc/in_stream_V_keep_V' to 'axis' (register, both mode).
INFO: [RTGEN 206-500] Setting interface mode on port 'mfcc/in_stream_V_strb_V' to 'axis' (register, both mode).
INFO: [RTGEN 206-500] Setting interface mode on port 'mfcc/in_stream_V_last_V' to 'axis' (register, both mode).
INFO: [RTGEN 206-500] Setting interface mode on port 'mfcc/out_stream_V_data_V' to 'axis' (register, both mode).
INFO: [RTGEN 206-500] Setting interface mode on port 'mfcc/out_stream_V_keep_V' to 'axis' (register, both mode).
INFO: [RTGEN 206-500] Setting interface mode on port 'mfcc/out_stream_V_strb_V' to 'axis' (register, both mode).
INFO: [RTGEN 206-500] Setting interface mode on port 'mfcc/out_stream_V_last_V' to 'axis' (register, both mode).
INFO: [RTGEN 206-500] Setting interface mode on function 'mfcc' to 'ap_ctrl_none'.
INFO: [RTGEN 206-100] Finished creating RTL model for 'mfcc'.
INFO: [RTMG 210-278] Implementing memory 'mfcc_abs_spectrogram_RAM_1WNR_AUTO_1R1W' using auto RAMs.
INFO: [RTMG 210-278] Implementing memory 'mfcc_mel_filtered_RAM_AUTO_1R1W' using auto RAMs.
INFO: [RTMG 210-278] Implementing memory 'mfcc_mfcc_1_RAM_AUTO_1R1W' using auto RAMs.
INFO: [HLS 200-111] Finished Creating RTL model: CPU user time: 0 seconds. CPU system time: 1 seconds. Elapsed time: 0.427 seconds; current allocated memory: 1.143 GB.
INFO: [HLS 200-111] Finished Generating all RTL models: CPU user time: 1 seconds. CPU system time: 0 seconds. Elapsed time: 1.455 seconds; current allocated memory: 1.148 GB.
INFO: [HLS 200-111] Finished Updating report files: CPU user time: 0 seconds. CPU system time: 0 seconds. Elapsed time: 1.222 seconds; current allocated memory: 1.154 GB.
INFO: [VHDL 208-304] Generating VHDL RTL for mfcc.
INFO: [VLOG 209-307] Generating Verilog RTL for mfcc.
INFO: [HLS 200-790] **** Loop Constraint Status: All loop constraints were NOT satisfied.
INFO: [HLS 200-789] **** Estimated Fmax: 145.43 MHz
INFO: [HLS 200-111] Finished Command csynth_design CPU user time: 5 seconds. CPU system time: 2 seconds. Elapsed time: 32.029 seconds; current allocated memory: 128.469 MB.
==============================================================
Vitis HLS - High-Level Synthesis from C, C++ and OpenCL v2023.1 (64-bit)
Tool Version Limit: 2023.05
Copyright 1986-2022 Xilinx, Inc. All Rights Reserved.
Copyright 2022-2023 Advanced Micro Devices, Inc. All Rights Reserved.

==============================================================
INFO: [SYN 201-201] Setting up clock 'default' with a period of 10ns.
INFO: [HLS 200-1611] Setting target device to 'xc7a100t-csg324-1'
INFO: [HLS 200-1505] Using flow_target 'vivado'
INFO: [HLS 200-1510] Running: set_part xc7a100tcsg324-1 
INFO: [HLS 200-1510] Running: create_clock -period 10 -name default 
INFO: [HLS 200-1510] Running: csynth_design 
INFO: [HLS 200-111] Finished File checks and directory preparation: CPU user time: 0 seconds. CPU system time: 0 seconds. Elapsed time: 0.093 seconds; current allocated memory: 1.030 GB.
INFO: [HLS 200-10] Analyzing design file 'audrey_4_hls/mfcc.cpp' ... 
WARNING: [HLS 207-5292] unused parameter 'data_type' (C:/Xilinx/Vitis_HLS/2023.1/common/technology/autopilot\hls_fft.h:100:77)
WARNING: [HLS 207-5292] unused parameter 'has_nfft' (C:/Xilinx/Vitis_HLS/2023.1/common/technology/autopilot\hls_fft.h:125:65)
WARNING: [HLS 207-5292] unused parameter 'cp_len_enable' (C:/Xilinx/Vitis_HLS/2023.1/common/technology/autopilot\hls_fft.h:138:66)
WARNING: [HLS 207-5292] unused parameter 'scaling_opt' (C:/Xilinx/Vitis_HLS/2023.1/common/technology/autopilot\hls_fft.h:151:68)
WARNING: [HLS 207-5292] unused parameter 'scaling_opt' (C:/Xilinx/Vitis_HLS/2023.1/common/technology/autopilot\hls_fft.h:315:71)
WARNING: [HLS 207-5292] unused parameter 'has_ovflo' (C:/Xilinx/Vitis_HLS/2023.1/common/technology/autopilot\hls_fft.h:328:66)
WARNING: [HLS 207-5292] unused parameter 'audio' (audrey_4_hls/mfcc.cpp:141:38)
INFO: [HLS 200-111] Finished Source Code Analysis and Preprocessing: CPU user time: 0 seconds. CPU system time: 0 seconds. Elapsed time: 18.355 seconds; current allocated memory: 1.038 GB.
INFO: [HLS 200-777] Using interface defaults for 'Vivado' flow target.
INFO: [HLS 214-291] Loop 'VITIS_LOOP_729_1' is marked as complete unroll implied by the pipeline pragma (C:/Xilinx/Vitis_HLS/2023.1/common/technology/autopilot/etc/hls_log_apfixed.h:729:31)
INFO: [HLS 214-186] Unrolling loop 'VITIS_LOOP_729_1' (C:/Xilinx/Vitis_HLS/2023.1/common/technology/autopilot/etc/hls_log_apfixed.h:729:31) in function 'log_apfixed_reduce::log<17, 9>' completely with a factor of 17 (C:/Xilinx/Vitis_HLS/2023.1/common/technology/autopilot/etc/hls_log_apfixed.h:500:0)
INFO: [HLS 214-178] Inlining function 'void log_apfixed_reduce::range_reduce<ap_fixed<29, 7, (ap_q_mode)5, (ap_o_mode)3, 0>, 4, 4, 24, 15>(ap_ufixed<24, -(4), (ap_q_mode)5, (ap_o_mode)3, 0>, ap_fixed<29, 7, (ap_q_mode)5, (ap_o_mode)3, 0>&, ap_ufixed<15, -(((4) + (4)) - (1)), (ap_q_mode)5, (ap_o_mode)3, 0>&)' into 'ap_ufixed<15, -7, (ap_q_mode)5, (ap_o_mode)3, 0> log_apfixed_reduce::log_traits<2>::range_reduction<24>(ap_ufixed<24, -4, (ap_q_mode)5, (ap_o_mode)3, 0>, ap_fixed<29, 7, (ap_q_mode)5, (ap_o_mode)3, 0>&)' (C:/Xilinx/Vitis_HLS/2023.1/common/technology/autopilot/etc/hls_log_apfixed.h:249:0)
INFO: [HLS 214-178] Inlining function 'ap_ufixed<15, -7, (ap_q_mode)5, (ap_o_mode)3, 0> log_apfixed_reduce::log_traits<2>::range_reduction<24>(ap_ufixed<24, -4, (ap_q_mode)5, (ap_o_mode)3, 0>, ap_fixed<29, 7, (ap_q_mode)5, (ap_o_mode)3, 0>&)' into 'ap_fixed<17, 9, (ap_q_mode)5, (ap_o_mode)3, 0> log_apfixed_reduce::log<17, 9>(ap_fixed<17, 9, (ap_q_mode)5, (ap_o_mode)3, 0>)' (C:/Xilinx/Vitis_HLS/2023.1/common/technology/autopilot/etc/hls_log_apfixed.h:500:0)
INFO: [HLS 214-178] Inlining function 'ap_fixed<17, 9, (ap_q_mode)5, (ap_o_mode)3, 0> hls::log<17, 9>(ap_fixed<17, 9, (ap_q_mode)5, (ap_o_mode)3, 0>)' into 'feature_2_log(ap_fixed<16, 8, (ap_q_mode)5, (ap_o_mode)3, 0>*, ap_fixed<16, 8, (ap_q_mode)5, (ap_o_mode)3, 0>*)' (audrey_4_hls/mfcc.cpp:194:0)
INFO: [HLS 214-178] Inlining function 'feature_1_mel(ap_fixed<16, 8, (ap_q_mode)5, (ap_o_mode)3, 0>*, ap_fixed<16, 8, (ap_q_mode)5, (ap_o_mode)3, 0>*)' into 'mfcc(hls::stream<hls::axis<ap_fixed<16, 8, (ap_q_mode)5, (ap_o_mode)3, 0>, 0ul, 0ul, 0ul>, 0>&, hls::stream<hls::axis<ap_fixed<16, 8, (ap_q_mode)5, (ap_o_mode)3, 0>, 0ul, 0ul, 0ul>, 0>&)' (audrey_4_hls/mfcc.cpp:20:0)
INFO: [HLS 214-178] Inlining function 'feature_2_log(ap_fixed<16, 8, (ap_q_mode)5, (ap_o_mode)3, 0>*, ap_fixed<16, 8, (ap_q_mode)5, (ap_o_mode)3, 0>*)' into 'mfcc(hls::stream<hls::axis<ap_fixed<16, 8, (ap_q_mode)5, (ap_o_mode)3, 0>, 0ul, 0ul, 0ul>, 0>&, hls::stream<hls::axis<ap_fixed<16, 8, (ap_q_mode)5, (ap_o_mode)3, 0>, 0ul, 0ul, 0ul>, 0>&)' (audrey_4_hls/mfcc.cpp:20:0)
INFO: [HLS 200-111] Finished Compiling Optimization and Transform: CPU user time: 0 seconds. CPU system time: 0 seconds. Elapsed time: 2.751 seconds; current allocated memory: 1.039 GB.
INFO: [HLS 200-111] Finished Checking Pragmas: CPU user time: 0 seconds. CPU system time: 0 seconds. Elapsed time: 0.002 seconds; current allocated memory: 1.039 GB.
INFO: [HLS 200-10] Starting code transformations ...
INFO: [HLS 200-111] Finished Standard Transforms: CPU user time: 1 seconds. CPU system time: 0 seconds. Elapsed time: 0.088 seconds; current allocated memory: 1.046 GB.
INFO: [HLS 200-10] Checking synthesizability ...
INFO: [HLS 200-111] Finished Checking Synthesizability: CPU user time: 0 seconds. CPU system time: 0 seconds. Elapsed time: 0.068 seconds; current allocated memory: 1.048 GB.
INFO: [XFORM 203-510] Pipelining loop 'VITIS_LOOP_41_1' (audrey_4_hls/mfcc.cpp:41) in function 'mfcc' automatically.
INFO: [XFORM 203-510] Pipelining loop 'VITIS_LOOP_176_1' (audrey_4_hls/mfcc.cpp:176) in function 'mfcc' automatically.
INFO: [XFORM 203-510] Pipelining loop 'VITIS_LOOP_195_1' (audrey_4_hls/mfcc.cpp:195) in function 'mfcc' automatically.
INFO: [XFORM 203-510] Pipelining loop 'VITIS_LOOP_103_2' (audrey_4_hls/mfcc.cpp:103) in function 'mfcc' automatically.
INFO: [XFORM 203-502] Unrolling all sub-loops inside loop 'VITIS_LOOP_176_1' (audrey_4_hls/mfcc.cpp:176) in function 'mfcc' for pipelining.
INFO: [HLS 200-489] Unrolling loop 'VITIS_LOOP_182_2' (audrey_4_hls/mfcc.cpp:182) in function 'mfcc' completely with a factor of 30.
INFO: [XFORM 203-102] Partitioning array 'mel_filterbank' in dimension 2 automatically.
INFO: [XFORM 203-401] Performing if-conversion on hyperblock from (C:/Xilinx/Vitis_HLS/2023.1/common/technology/autopilot/etc/hls_log_apfixed.h:728:42) to (C:/Xilinx/Vitis_HLS/2023.1/common/technology/autopilot/etc/hls_log_apfixed.h:748:17) in function 'log_apfixed_reduce::log<17, 9>'... converting 18 basic blocks.
INFO: [XFORM 203-11] Balancing expressions in function 'mfcc' (audrey_4_hls/mfcc.cpp:17:27)...29 expression(s) balanced.
INFO: [XFORM 203-11] Balancing expressions in function 'log_apfixed_reduce::log<17, 9>' (C:/Xilinx/Vitis_HLS/2023.1/common/technology/autopilot/etc/hls_log_apfixed.h:178:6)...3 expression(s) balanced.
INFO: [HLS 200-111] Finished Loop, function and other optimizations: CPU user time: 0 seconds. CPU system time: 0 seconds. Elapsed time: 0.284 seconds; current allocated memory: 1.072 GB.
INFO: [HLS 200-111] Finished Architecture Synthesis: CPU user time: 0 seconds. CPU system time: 0 seconds. Elapsed time: 0.124 seconds; current allocated memory: 1.111 GB.
INFO: [HLS 200-10] Starting hardware synthesis ...
INFO: [HLS 200-10] Synthesizing 'mfcc' ...
WARNING: [SYN 201-103] Legalizing function name 'log<17, 9>' to 'log_17_9_s'.
INFO: [HLS 200-10] ----------------------------------------------------------------
INFO: [HLS 200-42] -- Implementing module 'mfcc_Pipeline_VITIS_LOOP_41_1' 
INFO: [HLS 200-10] ----------------------------------------------------------------
INFO: [SCHED 204-11] Starting scheduling ...
INFO: [HLS 200-1457] Automatically inferring inferring RAM_1WNR storage type for array 'abs_spectrogram'. Use bind_storage pragma to override this type.
INFO: [SCHED 204-61] Pipelining loop 'VITIS_LOOP_41_1'.
INFO: [HLS 200-1470] Pipelining result : Target II = NA, Final II = 1, Depth = 1, loop 'VITIS_LOOP_41_1'
INFO: [SCHED 204-11] Finished scheduling.
INFO: [HLS 200-111] Finished Scheduling: CPU user time: 0 seconds. CPU system time: 0 seconds. Elapsed time: 0.311 seconds; current allocated memory: 1.116 GB.
INFO: [BIND 205-100] Starting micro-architecture generation ...
INFO: [BIND 205-101] Performing variable lifetime analysis.
INFO: [BIND 205-101] Exploring resource sharing.
INFO: [BIND 205-101] Binding ...
INFO: [BIND 205-100] Finished micro-architecture generation.
INFO: [HLS 200-111] Finished Binding: CPU user time: 0 seconds. CPU system time: 0 seconds. Elapsed time: 0.095 seconds; current allocated memory: 1.117 GB.
INFO: [HLS 200-10] ----------------------------------------------------------------
INFO: [HLS 200-42] -- Implementing module 'mfcc_Pipeline_VITIS_LOOP_176_1' 
INFO: [HLS 200-10] ----------------------------------------------------------------
INFO: [SCHED 204-11] Starting scheduling ...
INFO: [HLS 200-1457] Automatically inferring inferring RAM_1WNR storage type for array 'abs_spectrogram'. Use bind_storage pragma to override this type.
INFO: [SCHED 204-61] Pipelining loop 'VITIS_LOOP_176_1'.
WARNING: [HLS 200-885] The II Violation in module 'mfcc_Pipeline_VITIS_LOOP_176_1' (loop 'VITIS_LOOP_176_1'): Unable to schedule 'load' operation ('abs_spectrogram_load_19', audrey_4_hls/mfcc.cpp:183->audrey_4_hls/mfcc.cpp:62) on array 'abs_spectrogram' due to limited memory ports (II = 1). Please consider using a memory core with more ports or partitioning the array 'abs_spectrogram'.
INFO: [HLS 200-1470] Pipelining result : Target II = NA, Final II = 2, Depth = 9, loop 'VITIS_LOOP_176_1'
INFO: [SCHED 204-11] Finished scheduling.
INFO: [HLS 200-111] Finished Scheduling: CPU user time: 0 seconds. CPU system time: 0 seconds. Elapsed time: 0.472 seconds; current allocated memory: 1.120 GB.
INFO: [BIND 205-100] Starting micro-architecture generation ...
INFO: [BIND 205-101] Performing variable lifetime analysis.
INFO: [BIND 205-101] Exploring resource sharing.
INFO: [BIND 205-101] Binding ...
INFO: [BIND 205-100] Finished micro-architecture generation.
INFO: [HLS 200-111] Finished Binding: CPU user time: 0 seconds. CPU system time: 0 seconds. Elapsed time: 0.178 seconds; current allocated memory: 1.120 GB.
INFO: [HLS 200-10] ----------------------------------------------------------------
INFO: [HLS 200-42] -- Implementing module 'log_17_9_s' 
INFO: [HLS 200-10] ----------------------------------------------------------------
INFO: [SCHED 204-11] Starting scheduling ...
INFO: [HLS 200-486] Changing DSP latency (root=mul_ln184) to 3 in order to utilize available DSP registers.
INFO: [SCHED 204-61] Pipelining function 'log<17, 9>'.
INFO: [HLS 200-1470] Pipelining result : Target II = NA, Final II = 1, Depth = 11, function 'log<17, 9>'
INFO: [SCHED 204-11] Finished scheduling.
INFO: [HLS 200-111] Finished Scheduling: CPU user time: 1 seconds. CPU system time: 0 seconds. Elapsed time: 0.501 seconds; current allocated memory: 1.123 GB.
INFO: [BIND 205-100] Starting micro-architecture generation ...
INFO: [BIND 205-101] Performing variable lifetime analysis.
INFO: [BIND 205-101] Exploring resource sharing.
INFO: [BIND 205-101] Binding ...
INFO: [BIND 205-100] Finished micro-architecture generation.
INFO: [HLS 200-111] Finished Binding: CPU user time: 0 seconds. CPU system time: 0 seconds. Elapsed time: 0.162 seconds; current allocated memory: 1.124 GB.
INFO: [HLS 200-10] ----------------------------------------------------------------
INFO: [HLS 200-42] -- Implementing module 'mfcc_Pipeline_VITIS_LOOP_195_1' 
INFO: [HLS 200-10] ----------------------------------------------------------------
INFO: [SCHED 204-11] Starting scheduling ...
INFO: [SCHED 204-61] Pipelining loop 'VITIS_LOOP_195_1'.
INFO: [HLS 200-1470] Pipelining result : Target II = NA, Final II = 1, Depth = 13, loop 'VITIS_LOOP_195_1'
INFO: [SCHED 204-11] Finished scheduling.
INFO: [HLS 200-111] Finished Scheduling: CPU user time: 0 seconds. CPU system time: 0 seconds. Elapsed time: 0.198 seconds; current allocated memory: 1.124 GB.
INFO: [BIND 205-100] Starting micro-architecture generation ...
INFO: [BIND 205-101] Performing variable lifetime analysis.
INFO: [BIND 205-101] Exploring resource sharing.
INFO: [BIND 205-101] Binding ...
INFO: [BIND 205-100] Finished micro-architecture generation.
INFO: [HLS 200-111] Finished Binding: CPU user time: 0 seconds. CPU system time: 0 seconds. Elapsed time: 0.152 seconds; current allocated memory: 1.124 GB.
INFO: [HLS 200-10] ----------------------------------------------------------------
INFO: [HLS 200-42] -- Implementing module 'mfcc_Pipeline_VITIS_LOOP_103_2' 
INFO: [HLS 200-10] ----------------------------------------------------------------
INFO: [SCHED 204-11] Starting scheduling ...
INFO: [SCHED 204-61] Pipelining loop 'VITIS_LOOP_103_2'.
INFO: [HLS 200-1470] Pipelining result : Target II = NA, Final II = 1, Depth = 2, loop 'VITIS_LOOP_103_2'
INFO: [SCHED 204-11] Finished scheduling.
INFO: [HLS 200-111] Finished Scheduling: CPU user time: 0 seconds. CPU system time: 0 seconds. Elapsed time: 0.162 seconds; current allocated memory: 1.124 GB.
INFO: [BIND 205-100] Starting micro-architecture generation ...
INFO: [BIND 205-101] Performing variable lifetime analysis.
INFO: [BIND 205-101] Exploring resource sharing.
INFO: [BIND 205-101] Binding ...
INFO: [BIND 205-100] Finished micro-architecture generation.
INFO: [HLS 200-111] Finished Binding: CPU user time: 0 seconds. CPU system time: 0 seconds. Elapsed time: 0.101 seconds; current allocated memory: 1.124 GB.
INFO: [HLS 200-10] ----------------------------------------------------------------
INFO: [HLS 200-42] -- Implementing module 'mfcc' 
INFO: [HLS 200-10] ----------------------------------------------------------------
INFO: [SCHED 204-11] Starting scheduling ...
INFO: [SCHED 204-11] Finished scheduling.
INFO: [HLS 200-111] Finished Scheduling: CPU user time: 0 seconds. CPU system time: 0 seconds. Elapsed time: 0.104 seconds; current allocated memory: 1.124 GB.
INFO: [BIND 205-100] Starting micro-architecture generation ...
INFO: [BIND 205-101] Performing variable lifetime analysis.
INFO: [BIND 205-101] Exploring resource sharing.
INFO: [BIND 205-101] Binding ...
INFO: [BIND 205-100] Finished micro-architecture generation.
INFO: [HLS 200-111] Finished Binding: CPU user time: 0 seconds. CPU system time: 0 seconds. Elapsed time: 0.142 seconds; current allocated memory: 1.124 GB.
INFO: [HLS 200-10] ----------------------------------------------------------------
INFO: [HLS 200-10] -- Generating RTL for module 'mfcc_Pipeline_VITIS_LOOP_41_1' 
INFO: [HLS 200-10] ----------------------------------------------------------------
INFO: [RTGEN 206-100] Finished creating RTL model for 'mfcc_Pipeline_VITIS_LOOP_41_1'.
INFO: [HLS 200-111] Finished Creating RTL model: CPU user time: 0 seconds. CPU system time: 0 seconds. Elapsed time: 0.131 seconds; current allocated memory: 1.126 GB.
INFO: [HLS 200-10] ----------------------------------------------------------------
INFO: [HLS 200-10] -- Generating RTL for module 'mfcc_Pipeline_VITIS_LOOP_176_1' 
INFO: [HLS 200-10] ----------------------------------------------------------------
INFO: [HLS 200-1030] Apply Unified Pipeline Control on module 'mfcc_Pipeline_VITIS_LOOP_176_1' pipeline 'VITIS_LOOP_176_1' pipeline type 'loop pipeline'
INFO: [RTGEN 206-100] Generating core module 'mul_5ns_16s_21_1_1': 1 instance(s).
INFO: [RTGEN 206-100] Generating core module 'mul_6ns_16s_22_1_1': 2 instance(s).
INFO: [RTGEN 206-100] Generating core module 'mul_7ns_16s_23_1_1': 4 instance(s).
INFO: [RTGEN 206-100] Generating core module 'mul_8ns_16s_24_1_1': 23 instance(s).
INFO: [RTGEN 206-100] Finished creating RTL model for 'mfcc_Pipeline_VITIS_LOOP_176_1'.
INFO: [RTMG 210-279] Implementing memory 'mfcc_mfcc_Pipeline_VITIS_LOOP_176_1_first_ind_ROM_AUTO_1R' using auto ROMs.
INFO: [RTMG 210-279] Implementing memory 'mfcc_mfcc_Pipeline_VITIS_LOOP_176_1_mel_filterbank_0_ROM_AUTO_1R' using auto ROMs.
INFO: [RTMG 210-279] Implementing memory 'mfcc_mfcc_Pipeline_VITIS_LOOP_176_1_mel_filterbank_1_ROM_AUTO_1R' using auto ROMs.
INFO: [RTMG 210-279] Implementing memory 'mfcc_mfcc_Pipeline_VITIS_LOOP_176_1_mel_filterbank_2_ROM_AUTO_1R' using auto ROMs.
INFO: [RTMG 210-279] Implementing memory 'mfcc_mfcc_Pipeline_VITIS_LOOP_176_1_mel_filterbank_3_ROM_AUTO_1R' using auto ROMs.
INFO: [RTMG 210-279] Implementing memory 'mfcc_mfcc_Pipeline_VITIS_LOOP_176_1_mel_filterbank_4_ROM_AUTO_1R' using auto ROMs.
INFO: [RTMG 210-279] Implementing memory 'mfcc_mfcc_Pipeline_VITIS_LOOP_176_1_mel_filterbank_5_ROM_AUTO_1R' using auto ROMs.
INFO: [RTMG 210-279] Implementing memory 'mfcc_mfcc_Pipeline_VITIS_LOOP_176_1_mel_filterbank_6_ROM_AUTO_1R' using auto ROMs.
INFO: [RTMG 210-279] Implementing memory 'mfcc_mfcc_Pipeline_VITIS_LOOP_176_1_mel_filterbank_7_ROM_AUTO_1R' using auto ROMs.
INFO: [RTMG 210-279] Implementing memory 'mfcc_mfcc_Pipeline_VITIS_LOOP_176_1_mel_filterbank_8_ROM_AUTO_1R' using auto ROMs.
INFO: [RTMG 210-279] Implementing memory 'mfcc_mfcc_Pipeline_VITIS_LOOP_176_1_mel_filterbank_9_ROM_AUTO_1R' using auto ROMs.
INFO: [RTMG 210-279] Implementing memory 'mfcc_mfcc_Pipeline_VITIS_LOOP_176_1_mel_filterbank_10_ROM_AUTO_1R' using auto ROMs.
INFO: [RTMG 210-279] Implementing memory 'mfcc_mfcc_Pipeline_VITIS_LOOP_176_1_mel_filterbank_11_ROM_AUTO_1R' using auto ROMs.
INFO: [RTMG 210-279] Implementing memory 'mfcc_mfcc_Pipeline_VITIS_LOOP_176_1_mel_filterbank_12_ROM_AUTO_1R' using auto ROMs.
INFO: [RTMG 210-279] Implementing memory 'mfcc_mfcc_Pipeline_VITIS_LOOP_176_1_mel_filterbank_13_ROM_AUTO_1R' using auto ROMs.
INFO: [RTMG 210-279] Implementing memory 'mfcc_mfcc_Pipeline_VITIS_LOOP_176_1_mel_filterbank_14_ROM_AUTO_1R' using auto ROMs.
INFO: [RTMG 210-279] Implementing memory 'mfcc_mfcc_Pipeline_VITIS_LOOP_176_1_mel_filterbank_15_ROM_AUTO_1R' using auto ROMs.
INFO: [RTMG 210-279] Implementing memory 'mfcc_mfcc_Pipeline_VITIS_LOOP_176_1_mel_filterbank_16_ROM_AUTO_1R' using auto ROMs.
INFO: [RTMG 210-279] Implementing memory 'mfcc_mfcc_Pipeline_VITIS_LOOP_176_1_mel_filterbank_17_ROM_AUTO_1R' using auto ROMs.
INFO: [RTMG 210-279] Implementing memory 'mfcc_mfcc_Pipeline_VITIS_LOOP_176_1_mel_filterbank_18_ROM_AUTO_1R' using auto ROMs.
INFO: [RTMG 210-279] Implementing memory 'mfcc_mfcc_Pipeline_VITIS_LOOP_176_1_mel_filterbank_19_ROM_AUTO_1R' using auto ROMs.
INFO: [RTMG 210-279] Implementing memory 'mfcc_mfcc_Pipeline_VITIS_LOOP_176_1_mel_filterbank_20_ROM_AUTO_1R' using auto ROMs.
INFO: [RTMG 210-279] Implementing memory 'mfcc_mfcc_Pipeline_VITIS_LOOP_176_1_mel_filterbank_21_ROM_AUTO_1R' using auto ROMs.
INFO: [RTMG 210-279] Implementing memory 'mfcc_mfcc_Pipeline_VITIS_LOOP_176_1_mel_filterbank_22_ROM_AUTO_1R' using auto ROMs.
INFO: [RTMG 210-279] Implementing memory 'mfcc_mfcc_Pipeline_VITIS_LOOP_176_1_mel_filterbank_23_ROM_AUTO_1R' using auto ROMs.
INFO: [RTMG 210-279] Implementing memory 'mfcc_mfcc_Pipeline_VITIS_LOOP_176_1_mel_filterbank_24_ROM_AUTO_1R' using auto ROMs.
INFO: [RTMG 210-279] Implementing memory 'mfcc_mfcc_Pipeline_VITIS_LOOP_176_1_mel_filterbank_25_ROM_AUTO_1R' using auto ROMs.
INFO: [RTMG 210-279] Implementing memory 'mfcc_mfcc_Pipeline_VITIS_LOOP_176_1_mel_filterbank_26_ROM_AUTO_1R' using auto ROMs.
INFO: [RTMG 210-279] Implementing memory 'mfcc_mfcc_Pipeline_VITIS_LOOP_176_1_mel_filterbank_27_ROM_AUTO_1R' using auto ROMs.
INFO: [RTMG 210-279] Implementing memory 'mfcc_mfcc_Pipeline_VITIS_LOOP_176_1_mel_filterbank_28_ROM_AUTO_1R' using auto ROMs.
INFO: [RTMG 210-279] Implementing memory 'mfcc_mfcc_Pipeline_VITIS_LOOP_176_1_mel_filterbank_29_ROM_AUTO_1R' using auto ROMs.
INFO: [HLS 200-111] Finished Creating RTL model: CPU user time: 0 seconds. CPU system time: 0 seconds. Elapsed time: 0.876 seconds; current allocated memory: 1.131 GB.
INFO: [HLS 200-10] ----------------------------------------------------------------
INFO: [HLS 200-10] -- Generating RTL for module 'log_17_9_s' 
INFO: [HLS 200-10] ----------------------------------------------------------------
INFO: [HLS 200-1030] Apply Unified Pipeline Control on module 'log_17_9_s' pipeline 'log<17, 9>' pipeline type 'function pipeline'
INFO: [RTGEN 206-100] Generating core module 'mac_mulsub_24ns_4ns_29ns_29_4_1': 1 instance(s).
INFO: [RTGEN 206-100] Generating core module 'mul_29s_6ns_29_2_1': 1 instance(s).
INFO: [RTGEN 206-100] Generating core module 'mul_5s_23ns_28_1_1': 1 instance(s).
INFO: [RTGEN 206-100] Generating core module 'mul_9ns_9ns_18_1_1': 1 instance(s).
INFO: [RTGEN 206-100] Finished creating RTL model for 'log_17_9_s'.
INFO: [RTMG 210-279] Implementing memory 'mfcc_log_17_9_s_log_apfixed_reduce_log_inverse_lut_table_array_ROM_AUTO_1R' using auto ROMs.
INFO: [RTMG 210-279] Implementing memory 'mfcc_log_17_9_s_log_apfixed_reduce_log0_lut_table_ap_fixed_0_5_64_array_ROM_AUTO_1R' using auto ROMs.
INFO: [RTMG 210-279] Implementing memory 'mfcc_log_17_9_s_log_apfixed_reduce_log_lut_table_ap_fixed_4_4_16_array_ROM_AUTO_1R' using auto ROMs.
INFO: [HLS 200-111] Finished Creating RTL model: CPU user time: 1 seconds. CPU system time: 1 seconds. Elapsed time: 0.915 seconds; current allocated memory: 1.139 GB.
INFO: [HLS 200-10] ----------------------------------------------------------------
INFO: [HLS 200-10] -- Generating RTL for module 'mfcc_Pipeline_VITIS_LOOP_195_1' 
INFO: [HLS 200-10] ----------------------------------------------------------------
INFO: [HLS 200-1030] Apply Unified Pipeline Control on module 'mfcc_Pipeline_VITIS_LOOP_195_1' pipeline 'VITIS_LOOP_195_1' pipeline type 'loop pipeline'
INFO: [RTGEN 206-100] Finished creating RTL model for 'mfcc_Pipeline_VITIS_LOOP_195_1'.
INFO: [HLS 200-111] Finished Creating RTL model: CPU user time: 0 seconds. CPU system time: 0 seconds. Elapsed time: 0.635 seconds; current allocated memory: 1.143 GB.
INFO: [HLS 200-10] ----------------------------------------------------------------
INFO: [HLS 200-10] -- Generating RTL for module 'mfcc_Pipeline_VITIS_LOOP_103_2' 
INFO: [HLS 200-10] ----------------------------------------------------------------
INFO: [HLS 200-1030] Apply Unified Pipeline Control on module 'mfcc_Pipeline_VITIS_LOOP_103_2' pipeline 'VITIS_LOOP_103_2' pipeline type 'loop pipeline'
INFO: [RTGEN 206-100] Finished creating RTL model for 'mfcc_Pipeline_VITIS_LOOP_103_2'.
INFO: [HLS 200-111] Finished Creating RTL model: CPU user time: 0 seconds. CPU system time: 0 seconds. Elapsed time: 0.198 seconds; current allocated memory: 1.144 GB.
INFO: [HLS 200-10] ----------------------------------------------------------------
INFO: [HLS 200-10] -- Generating RTL for module 'mfcc' 
INFO: [HLS 200-10] ----------------------------------------------------------------
WARNING: [RTGEN 206-101] Design contains AXI ports. Reset is fixed to synchronous and active low.
INFO: [RTGEN 206-500] Setting interface mode on port 'mfcc/in_stream_V_data_V' to 'axis' (register, both mode).
INFO: [RTGEN 206-500] Setting interface mode on port 'mfcc/in_stream_V_keep_V' to 'axis' (register, both mode).
INFO: [RTGEN 206-500] Setting interface mode on port 'mfcc/in_stream_V_strb_V' to 'axis' (register, both mode).
INFO: [RTGEN 206-500] Setting interface mode on port 'mfcc/in_stream_V_last_V' to 'axis' (register, both mode).
INFO: [RTGEN 206-500] Setting interface mode on port 'mfcc/out_stream_V_data_V' to 'axis' (register, both mode).
INFO: [RTGEN 206-500] Setting interface mode on port 'mfcc/out_stream_V_keep_V' to 'axis' (register, both mode).
INFO: [RTGEN 206-500] Setting interface mode on port 'mfcc/out_stream_V_strb_V' to 'axis' (register, both mode).
INFO: [RTGEN 206-500] Setting interface mode on port 'mfcc/out_stream_V_last_V' to 'axis' (register, both mode).
INFO: [RTGEN 206-500] Setting interface mode on function 'mfcc' to 'ap_ctrl_none'.
INFO: [RTGEN 206-100] Finished creating RTL model for 'mfcc'.
INFO: [RTMG 210-278] Implementing memory 'mfcc_abs_spectrogram_RAM_1WNR_AUTO_1R1W' using auto RAMs.
INFO: [RTMG 210-278] Implementing memory 'mfcc_mel_filtered_RAM_AUTO_1R1W' using auto RAMs.
INFO: [RTMG 210-278] Implementing memory 'mfcc_mfcc_1_RAM_AUTO_1R1W' using auto RAMs.
INFO: [HLS 200-111] Finished Creating RTL model: CPU user time: 0 seconds. CPU system time: 0 seconds. Elapsed time: 0.417 seconds; current allocated memory: 1.145 GB.
INFO: [HLS 200-111] Finished Generating all RTL models: CPU user time: 1 seconds. CPU system time: 0 seconds. Elapsed time: 1.297 seconds; current allocated memory: 1.150 GB.
INFO: [HLS 200-111] Finished Updating report files: CPU user time: 0 seconds. CPU system time: 1 seconds. Elapsed time: 1.119 seconds; current allocated memory: 1.157 GB.
INFO: [VHDL 208-304] Generating VHDL RTL for mfcc.
INFO: [VLOG 209-307] Generating Verilog RTL for mfcc.
INFO: [HLS 200-790] **** Loop Constraint Status: All loop constraints were NOT satisfied.
INFO: [HLS 200-789] **** Estimated Fmax: 145.43 MHz
INFO: [HLS 200-111] Finished Command csynth_design CPU user time: 4 seconds. CPU system time: 2 seconds. Elapsed time: 30.351 seconds; current allocated memory: 130.711 MB.
==============================================================
Vitis HLS - High-Level Synthesis from C, C++ and OpenCL v2023.1 (64-bit)
Tool Version Limit: 2023.05
Copyright 1986-2022 Xilinx, Inc. All Rights Reserved.
Copyright 2022-2023 Advanced Micro Devices, Inc. All Rights Reserved.

==============================================================
INFO: [SYN 201-201] Setting up clock 'default' with a period of 10ns.
INFO: [HLS 200-1611] Setting target device to 'xc7a100t-csg324-1'
INFO: [HLS 200-1505] Using flow_target 'vivado'
INFO: [HLS 200-1510] Running: set_part xc7a100tcsg324-1 
INFO: [HLS 200-1510] Running: create_clock -period 10 -name default 
INFO: [HLS 200-1510] Running: csynth_design 
INFO: [HLS 200-111] Finished File checks and directory preparation: CPU user time: 0 seconds. CPU system time: 0 seconds. Elapsed time: 0.086 seconds; current allocated memory: 1.030 GB.
INFO: [HLS 200-10] Analyzing design file 'audrey_4_hls/mfcc.cpp' ... 
WARNING: [HLS 207-5292] unused parameter 'data_type' (C:/Xilinx/Vitis_HLS/2023.1/common/technology/autopilot\hls_fft.h:100:77)
WARNING: [HLS 207-5292] unused parameter 'has_nfft' (C:/Xilinx/Vitis_HLS/2023.1/common/technology/autopilot\hls_fft.h:125:65)
WARNING: [HLS 207-5292] unused parameter 'cp_len_enable' (C:/Xilinx/Vitis_HLS/2023.1/common/technology/autopilot\hls_fft.h:138:66)
WARNING: [HLS 207-5292] unused parameter 'scaling_opt' (C:/Xilinx/Vitis_HLS/2023.1/common/technology/autopilot\hls_fft.h:151:68)
WARNING: [HLS 207-5292] unused parameter 'scaling_opt' (C:/Xilinx/Vitis_HLS/2023.1/common/technology/autopilot\hls_fft.h:315:71)
WARNING: [HLS 207-5292] unused parameter 'has_ovflo' (C:/Xilinx/Vitis_HLS/2023.1/common/technology/autopilot\hls_fft.h:328:66)
WARNING: [HLS 207-5292] unused parameter 'audio' (audrey_4_hls/mfcc.cpp:142:38)
INFO: [HLS 200-111] Finished Source Code Analysis and Preprocessing: CPU user time: 0 seconds. CPU system time: 0 seconds. Elapsed time: 18.59 seconds; current allocated memory: 1.037 GB.
INFO: [HLS 200-777] Using interface defaults for 'Vivado' flow target.
INFO: [HLS 214-291] Loop 'VITIS_LOOP_729_1' is marked as complete unroll implied by the pipeline pragma (C:/Xilinx/Vitis_HLS/2023.1/common/technology/autopilot/etc/hls_log_apfixed.h:729:31)
INFO: [HLS 214-186] Unrolling loop 'VITIS_LOOP_729_1' (C:/Xilinx/Vitis_HLS/2023.1/common/technology/autopilot/etc/hls_log_apfixed.h:729:31) in function 'log_apfixed_reduce::log<17, 9>' completely with a factor of 17 (C:/Xilinx/Vitis_HLS/2023.1/common/technology/autopilot/etc/hls_log_apfixed.h:500:0)
INFO: [HLS 214-178] Inlining function 'void log_apfixed_reduce::range_reduce<ap_fixed<29, 7, (ap_q_mode)5, (ap_o_mode)3, 0>, 4, 4, 24, 15>(ap_ufixed<24, -(4), (ap_q_mode)5, (ap_o_mode)3, 0>, ap_fixed<29, 7, (ap_q_mode)5, (ap_o_mode)3, 0>&, ap_ufixed<15, -(((4) + (4)) - (1)), (ap_q_mode)5, (ap_o_mode)3, 0>&)' into 'ap_ufixed<15, -7, (ap_q_mode)5, (ap_o_mode)3, 0> log_apfixed_reduce::log_traits<2>::range_reduction<24>(ap_ufixed<24, -4, (ap_q_mode)5, (ap_o_mode)3, 0>, ap_fixed<29, 7, (ap_q_mode)5, (ap_o_mode)3, 0>&)' (C:/Xilinx/Vitis_HLS/2023.1/common/technology/autopilot/etc/hls_log_apfixed.h:249:0)
INFO: [HLS 214-178] Inlining function 'ap_ufixed<15, -7, (ap_q_mode)5, (ap_o_mode)3, 0> log_apfixed_reduce::log_traits<2>::range_reduction<24>(ap_ufixed<24, -4, (ap_q_mode)5, (ap_o_mode)3, 0>, ap_fixed<29, 7, (ap_q_mode)5, (ap_o_mode)3, 0>&)' into 'ap_fixed<17, 9, (ap_q_mode)5, (ap_o_mode)3, 0> log_apfixed_reduce::log<17, 9>(ap_fixed<17, 9, (ap_q_mode)5, (ap_o_mode)3, 0>)' (C:/Xilinx/Vitis_HLS/2023.1/common/technology/autopilot/etc/hls_log_apfixed.h:500:0)
INFO: [HLS 214-178] Inlining function 'ap_fixed<17, 9, (ap_q_mode)5, (ap_o_mode)3, 0> hls::log<17, 9>(ap_fixed<17, 9, (ap_q_mode)5, (ap_o_mode)3, 0>)' into 'feature_2_log(ap_fixed<16, 8, (ap_q_mode)5, (ap_o_mode)3, 0>*, ap_fixed<16, 8, (ap_q_mode)5, (ap_o_mode)3, 0>*)' (audrey_4_hls/mfcc.cpp:195:0)
INFO: [HLS 214-178] Inlining function 'feature_1_mel(ap_fixed<16, 8, (ap_q_mode)5, (ap_o_mode)3, 0>*, ap_fixed<16, 8, (ap_q_mode)5, (ap_o_mode)3, 0>*)' into 'mfcc(hls::stream<hls::axis<ap_fixed<16, 8, (ap_q_mode)5, (ap_o_mode)3, 0>, 0ul, 0ul, 0ul>, 0>&, hls::stream<hls::axis<ap_fixed<16, 8, (ap_q_mode)5, (ap_o_mode)3, 0>, 0ul, 0ul, 0ul>, 0>&)' (audrey_4_hls/mfcc.cpp:20:0)
INFO: [HLS 214-178] Inlining function 'feature_2_log(ap_fixed<16, 8, (ap_q_mode)5, (ap_o_mode)3, 0>*, ap_fixed<16, 8, (ap_q_mode)5, (ap_o_mode)3, 0>*)' into 'mfcc(hls::stream<hls::axis<ap_fixed<16, 8, (ap_q_mode)5, (ap_o_mode)3, 0>, 0ul, 0ul, 0ul>, 0>&, hls::stream<hls::axis<ap_fixed<16, 8, (ap_q_mode)5, (ap_o_mode)3, 0>, 0ul, 0ul, 0ul>, 0>&)' (audrey_4_hls/mfcc.cpp:20:0)
INFO: [HLS 200-111] Finished Compiling Optimization and Transform: CPU user time: 0 seconds. CPU system time: 0 seconds. Elapsed time: 2.753 seconds; current allocated memory: 1.038 GB.
INFO: [HLS 200-111] Finished Checking Pragmas: CPU user time: 0 seconds. CPU system time: 0 seconds. Elapsed time: 0.002 seconds; current allocated memory: 1.038 GB.
INFO: [HLS 200-10] Starting code transformations ...
INFO: [HLS 200-111] Finished Standard Transforms: CPU user time: 0 seconds. CPU system time: 0 seconds. Elapsed time: 0.084 seconds; current allocated memory: 1.046 GB.
INFO: [HLS 200-10] Checking synthesizability ...
INFO: [HLS 200-111] Finished Checking Synthesizability: CPU user time: 1 seconds. CPU system time: 0 seconds. Elapsed time: 0.076 seconds; current allocated memory: 1.048 GB.
INFO: [XFORM 203-510] Pipelining loop 'VITIS_LOOP_42_1' (audrey_4_hls/mfcc.cpp:42) in function 'mfcc' automatically.
INFO: [XFORM 203-510] Pipelining loop 'VITIS_LOOP_177_1' (audrey_4_hls/mfcc.cpp:177) in function 'mfcc' automatically.
INFO: [XFORM 203-510] Pipelining loop 'VITIS_LOOP_196_1' (audrey_4_hls/mfcc.cpp:196) in function 'mfcc' automatically.
INFO: [XFORM 203-510] Pipelining loop 'VITIS_LOOP_104_2' (audrey_4_hls/mfcc.cpp:104) in function 'mfcc' automatically.
INFO: [XFORM 203-502] Unrolling all sub-loops inside loop 'VITIS_LOOP_177_1' (audrey_4_hls/mfcc.cpp:177) in function 'mfcc' for pipelining.
INFO: [HLS 200-489] Unrolling loop 'VITIS_LOOP_183_2' (audrey_4_hls/mfcc.cpp:183) in function 'mfcc' completely with a factor of 30.
INFO: [XFORM 203-102] Partitioning array 'mel_filterbank' in dimension 2 automatically.
INFO: [XFORM 203-401] Performing if-conversion on hyperblock from (C:/Xilinx/Vitis_HLS/2023.1/common/technology/autopilot/etc/hls_log_apfixed.h:728:42) to (C:/Xilinx/Vitis_HLS/2023.1/common/technology/autopilot/etc/hls_log_apfixed.h:748:17) in function 'log_apfixed_reduce::log<17, 9>'... converting 18 basic blocks.
INFO: [XFORM 203-11] Balancing expressions in function 'mfcc' (audrey_4_hls/mfcc.cpp:17:27)...29 expression(s) balanced.
INFO: [XFORM 203-11] Balancing expressions in function 'log_apfixed_reduce::log<17, 9>' (C:/Xilinx/Vitis_HLS/2023.1/common/technology/autopilot/etc/hls_log_apfixed.h:178:6)...3 expression(s) balanced.
INFO: [HLS 200-111] Finished Loop, function and other optimizations: CPU user time: 0 seconds. CPU system time: 0 seconds. Elapsed time: 0.275 seconds; current allocated memory: 1.071 GB.
INFO: [HLS 200-111] Finished Architecture Synthesis: CPU user time: 0 seconds. CPU system time: 0 seconds. Elapsed time: 0.129 seconds; current allocated memory: 1.111 GB.
INFO: [HLS 200-10] Starting hardware synthesis ...
INFO: [HLS 200-10] Synthesizing 'mfcc' ...
WARNING: [SYN 201-103] Legalizing function name 'log<17, 9>' to 'log_17_9_s'.
INFO: [HLS 200-10] ----------------------------------------------------------------
INFO: [HLS 200-42] -- Implementing module 'mfcc_Pipeline_VITIS_LOOP_42_1' 
INFO: [HLS 200-10] ----------------------------------------------------------------
INFO: [SCHED 204-11] Starting scheduling ...
INFO: [HLS 200-1457] Automatically inferring inferring RAM_1WNR storage type for array 'abs_spectrogram'. Use bind_storage pragma to override this type.
INFO: [SCHED 204-61] Pipelining loop 'VITIS_LOOP_42_1'.
INFO: [HLS 200-1470] Pipelining result : Target II = NA, Final II = 1, Depth = 1, loop 'VITIS_LOOP_42_1'
INFO: [SCHED 204-11] Finished scheduling.
INFO: [HLS 200-111] Finished Scheduling: CPU user time: 0 seconds. CPU system time: 0 seconds. Elapsed time: 0.288 seconds; current allocated memory: 1.115 GB.
INFO: [BIND 205-100] Starting micro-architecture generation ...
INFO: [BIND 205-101] Performing variable lifetime analysis.
INFO: [BIND 205-101] Exploring resource sharing.
INFO: [BIND 205-101] Binding ...
INFO: [BIND 205-100] Finished micro-architecture generation.
INFO: [HLS 200-111] Finished Binding: CPU user time: 0 seconds. CPU system time: 0 seconds. Elapsed time: 0.102 seconds; current allocated memory: 1.117 GB.
INFO: [HLS 200-10] ----------------------------------------------------------------
INFO: [HLS 200-42] -- Implementing module 'mfcc_Pipeline_VITIS_LOOP_177_1' 
INFO: [HLS 200-10] ----------------------------------------------------------------
INFO: [SCHED 204-11] Starting scheduling ...
INFO: [HLS 200-1457] Automatically inferring inferring RAM_1WNR storage type for array 'abs_spectrogram'. Use bind_storage pragma to override this type.
INFO: [SCHED 204-61] Pipelining loop 'VITIS_LOOP_177_1'.
WARNING: [HLS 200-885] The II Violation in module 'mfcc_Pipeline_VITIS_LOOP_177_1' (loop 'VITIS_LOOP_177_1'): Unable to schedule 'load' operation ('abs_spectrogram_load_19', audrey_4_hls/mfcc.cpp:184->audrey_4_hls/mfcc.cpp:63) on array 'abs_spectrogram' due to limited memory ports (II = 1). Please consider using a memory core with more ports or partitioning the array 'abs_spectrogram'.
INFO: [HLS 200-1470] Pipelining result : Target II = NA, Final II = 2, Depth = 9, loop 'VITIS_LOOP_177_1'
INFO: [SCHED 204-11] Finished scheduling.
INFO: [HLS 200-111] Finished Scheduling: CPU user time: 0 seconds. CPU system time: 0 seconds. Elapsed time: 0.465 seconds; current allocated memory: 1.120 GB.
INFO: [BIND 205-100] Starting micro-architecture generation ...
INFO: [BIND 205-101] Performing variable lifetime analysis.
INFO: [BIND 205-101] Exploring resource sharing.
INFO: [BIND 205-101] Binding ...
INFO: [BIND 205-100] Finished micro-architecture generation.
INFO: [HLS 200-111] Finished Binding: CPU user time: 0 seconds. CPU system time: 0 seconds. Elapsed time: 0.183 seconds; current allocated memory: 1.120 GB.
INFO: [HLS 200-10] ----------------------------------------------------------------
INFO: [HLS 200-42] -- Implementing module 'log_17_9_s' 
INFO: [HLS 200-10] ----------------------------------------------------------------
INFO: [SCHED 204-11] Starting scheduling ...
INFO: [HLS 200-486] Changing DSP latency (root=mul_ln184_1) to 3 in order to utilize available DSP registers.
INFO: [SCHED 204-61] Pipelining function 'log<17, 9>'.
INFO: [HLS 200-1470] Pipelining result : Target II = NA, Final II = 1, Depth = 11, function 'log<17, 9>'
INFO: [SCHED 204-11] Finished scheduling.
INFO: [HLS 200-111] Finished Scheduling: CPU user time: 1 seconds. CPU system time: 0 seconds. Elapsed time: 0.497 seconds; current allocated memory: 1.123 GB.
INFO: [BIND 205-100] Starting micro-architecture generation ...
INFO: [BIND 205-101] Performing variable lifetime analysis.
INFO: [BIND 205-101] Exploring resource sharing.
INFO: [BIND 205-101] Binding ...
INFO: [BIND 205-100] Finished micro-architecture generation.
INFO: [HLS 200-111] Finished Binding: CPU user time: 0 seconds. CPU system time: 0 seconds. Elapsed time: 0.153 seconds; current allocated memory: 1.123 GB.
INFO: [HLS 200-10] ----------------------------------------------------------------
INFO: [HLS 200-42] -- Implementing module 'mfcc_Pipeline_VITIS_LOOP_196_1' 
INFO: [HLS 200-10] ----------------------------------------------------------------
INFO: [SCHED 204-11] Starting scheduling ...
INFO: [SCHED 204-61] Pipelining loop 'VITIS_LOOP_196_1'.
INFO: [HLS 200-1470] Pipelining result : Target II = NA, Final II = 1, Depth = 13, loop 'VITIS_LOOP_196_1'
INFO: [SCHED 204-11] Finished scheduling.
INFO: [HLS 200-111] Finished Scheduling: CPU user time: 0 seconds. CPU system time: 0 seconds. Elapsed time: 0.194 seconds; current allocated memory: 1.123 GB.
INFO: [BIND 205-100] Starting micro-architecture generation ...
INFO: [BIND 205-101] Performing variable lifetime analysis.
INFO: [BIND 205-101] Exploring resource sharing.
INFO: [BIND 205-101] Binding ...
INFO: [BIND 205-100] Finished micro-architecture generation.
INFO: [HLS 200-111] Finished Binding: CPU user time: 0 seconds. CPU system time: 0 seconds. Elapsed time: 0.132 seconds; current allocated memory: 1.123 GB.
INFO: [HLS 200-10] ----------------------------------------------------------------
INFO: [HLS 200-42] -- Implementing module 'mfcc_Pipeline_VITIS_LOOP_104_2' 
INFO: [HLS 200-10] ----------------------------------------------------------------
INFO: [SCHED 204-11] Starting scheduling ...
INFO: [SCHED 204-61] Pipelining loop 'VITIS_LOOP_104_2'.
INFO: [HLS 200-1470] Pipelining result : Target II = NA, Final II = 1, Depth = 2, loop 'VITIS_LOOP_104_2'
INFO: [SCHED 204-11] Finished scheduling.
INFO: [HLS 200-111] Finished Scheduling: CPU user time: 0 seconds. CPU system time: 0 seconds. Elapsed time: 0.148 seconds; current allocated memory: 1.124 GB.
INFO: [BIND 205-100] Starting micro-architecture generation ...
INFO: [BIND 205-101] Performing variable lifetime analysis.
INFO: [BIND 205-101] Exploring resource sharing.
INFO: [BIND 205-101] Binding ...
INFO: [BIND 205-100] Finished micro-architecture generation.
INFO: [HLS 200-111] Finished Binding: CPU user time: 0 seconds. CPU system time: 0 seconds. Elapsed time: 0.092 seconds; current allocated memory: 1.124 GB.
INFO: [HLS 200-10] ----------------------------------------------------------------
INFO: [HLS 200-42] -- Implementing module 'mfcc' 
INFO: [HLS 200-10] ----------------------------------------------------------------
INFO: [SCHED 204-11] Starting scheduling ...
INFO: [SCHED 204-11] Finished scheduling.
INFO: [HLS 200-111] Finished Scheduling: CPU user time: 0 seconds. CPU system time: 0 seconds. Elapsed time: 0.113 seconds; current allocated memory: 1.124 GB.
INFO: [BIND 205-100] Starting micro-architecture generation ...
INFO: [BIND 205-101] Performing variable lifetime analysis.
INFO: [BIND 205-101] Exploring resource sharing.
INFO: [BIND 205-101] Binding ...
INFO: [BIND 205-100] Finished micro-architecture generation.
INFO: [HLS 200-111] Finished Binding: CPU user time: 0 seconds. CPU system time: 0 seconds. Elapsed time: 0.154 seconds; current allocated memory: 1.124 GB.
INFO: [HLS 200-10] ----------------------------------------------------------------
INFO: [HLS 200-10] -- Generating RTL for module 'mfcc_Pipeline_VITIS_LOOP_42_1' 
INFO: [HLS 200-10] ----------------------------------------------------------------
INFO: [RTGEN 206-100] Finished creating RTL model for 'mfcc_Pipeline_VITIS_LOOP_42_1'.
INFO: [HLS 200-111] Finished Creating RTL model: CPU user time: 0 seconds. CPU system time: 0 seconds. Elapsed time: 0.113 seconds; current allocated memory: 1.126 GB.
INFO: [HLS 200-10] ----------------------------------------------------------------
INFO: [HLS 200-10] -- Generating RTL for module 'mfcc_Pipeline_VITIS_LOOP_177_1' 
INFO: [HLS 200-10] ----------------------------------------------------------------
INFO: [HLS 200-1030] Apply Unified Pipeline Control on module 'mfcc_Pipeline_VITIS_LOOP_177_1' pipeline 'VITIS_LOOP_177_1' pipeline type 'loop pipeline'
INFO: [RTGEN 206-100] Generating core module 'mul_5ns_16s_21_1_1': 1 instance(s).
INFO: [RTGEN 206-100] Generating core module 'mul_6ns_16s_22_1_1': 2 instance(s).
INFO: [RTGEN 206-100] Generating core module 'mul_7ns_16s_23_1_1': 4 instance(s).
INFO: [RTGEN 206-100] Generating core module 'mul_8ns_16s_24_1_1': 23 instance(s).
INFO: [RTGEN 206-100] Finished creating RTL model for 'mfcc_Pipeline_VITIS_LOOP_177_1'.
INFO: [RTMG 210-279] Implementing memory 'mfcc_mfcc_Pipeline_VITIS_LOOP_177_1_first_ind_ROM_AUTO_1R' using auto ROMs.
INFO: [RTMG 210-279] Implementing memory 'mfcc_mfcc_Pipeline_VITIS_LOOP_177_1_mel_filterbank_0_ROM_AUTO_1R' using auto ROMs.
INFO: [RTMG 210-279] Implementing memory 'mfcc_mfcc_Pipeline_VITIS_LOOP_177_1_mel_filterbank_1_ROM_AUTO_1R' using auto ROMs.
INFO: [RTMG 210-279] Implementing memory 'mfcc_mfcc_Pipeline_VITIS_LOOP_177_1_mel_filterbank_2_ROM_AUTO_1R' using auto ROMs.
INFO: [RTMG 210-279] Implementing memory 'mfcc_mfcc_Pipeline_VITIS_LOOP_177_1_mel_filterbank_3_ROM_AUTO_1R' using auto ROMs.
INFO: [RTMG 210-279] Implementing memory 'mfcc_mfcc_Pipeline_VITIS_LOOP_177_1_mel_filterbank_4_ROM_AUTO_1R' using auto ROMs.
INFO: [RTMG 210-279] Implementing memory 'mfcc_mfcc_Pipeline_VITIS_LOOP_177_1_mel_filterbank_5_ROM_AUTO_1R' using auto ROMs.
INFO: [RTMG 210-279] Implementing memory 'mfcc_mfcc_Pipeline_VITIS_LOOP_177_1_mel_filterbank_6_ROM_AUTO_1R' using auto ROMs.
INFO: [RTMG 210-279] Implementing memory 'mfcc_mfcc_Pipeline_VITIS_LOOP_177_1_mel_filterbank_7_ROM_AUTO_1R' using auto ROMs.
INFO: [RTMG 210-279] Implementing memory 'mfcc_mfcc_Pipeline_VITIS_LOOP_177_1_mel_filterbank_8_ROM_AUTO_1R' using auto ROMs.
INFO: [RTMG 210-279] Implementing memory 'mfcc_mfcc_Pipeline_VITIS_LOOP_177_1_mel_filterbank_9_ROM_AUTO_1R' using auto ROMs.
INFO: [RTMG 210-279] Implementing memory 'mfcc_mfcc_Pipeline_VITIS_LOOP_177_1_mel_filterbank_10_ROM_AUTO_1R' using auto ROMs.
INFO: [RTMG 210-279] Implementing memory 'mfcc_mfcc_Pipeline_VITIS_LOOP_177_1_mel_filterbank_11_ROM_AUTO_1R' using auto ROMs.
INFO: [RTMG 210-279] Implementing memory 'mfcc_mfcc_Pipeline_VITIS_LOOP_177_1_mel_filterbank_12_ROM_AUTO_1R' using auto ROMs.
INFO: [RTMG 210-279] Implementing memory 'mfcc_mfcc_Pipeline_VITIS_LOOP_177_1_mel_filterbank_13_ROM_AUTO_1R' using auto ROMs.
INFO: [RTMG 210-279] Implementing memory 'mfcc_mfcc_Pipeline_VITIS_LOOP_177_1_mel_filterbank_14_ROM_AUTO_1R' using auto ROMs.
INFO: [RTMG 210-279] Implementing memory 'mfcc_mfcc_Pipeline_VITIS_LOOP_177_1_mel_filterbank_15_ROM_AUTO_1R' using auto ROMs.
INFO: [RTMG 210-279] Implementing memory 'mfcc_mfcc_Pipeline_VITIS_LOOP_177_1_mel_filterbank_16_ROM_AUTO_1R' using auto ROMs.
INFO: [RTMG 210-279] Implementing memory 'mfcc_mfcc_Pipeline_VITIS_LOOP_177_1_mel_filterbank_17_ROM_AUTO_1R' using auto ROMs.
INFO: [RTMG 210-279] Implementing memory 'mfcc_mfcc_Pipeline_VITIS_LOOP_177_1_mel_filterbank_18_ROM_AUTO_1R' using auto ROMs.
INFO: [RTMG 210-279] Implementing memory 'mfcc_mfcc_Pipeline_VITIS_LOOP_177_1_mel_filterbank_19_ROM_AUTO_1R' using auto ROMs.
INFO: [RTMG 210-279] Implementing memory 'mfcc_mfcc_Pipeline_VITIS_LOOP_177_1_mel_filterbank_20_ROM_AUTO_1R' using auto ROMs.
INFO: [RTMG 210-279] Implementing memory 'mfcc_mfcc_Pipeline_VITIS_LOOP_177_1_mel_filterbank_21_ROM_AUTO_1R' using auto ROMs.
INFO: [RTMG 210-279] Implementing memory 'mfcc_mfcc_Pipeline_VITIS_LOOP_177_1_mel_filterbank_22_ROM_AUTO_1R' using auto ROMs.
INFO: [RTMG 210-279] Implementing memory 'mfcc_mfcc_Pipeline_VITIS_LOOP_177_1_mel_filterbank_23_ROM_AUTO_1R' using auto ROMs.
INFO: [RTMG 210-279] Implementing memory 'mfcc_mfcc_Pipeline_VITIS_LOOP_177_1_mel_filterbank_24_ROM_AUTO_1R' using auto ROMs.
INFO: [RTMG 210-279] Implementing memory 'mfcc_mfcc_Pipeline_VITIS_LOOP_177_1_mel_filterbank_25_ROM_AUTO_1R' using auto ROMs.
INFO: [RTMG 210-279] Implementing memory 'mfcc_mfcc_Pipeline_VITIS_LOOP_177_1_mel_filterbank_26_ROM_AUTO_1R' using auto ROMs.
INFO: [RTMG 210-279] Implementing memory 'mfcc_mfcc_Pipeline_VITIS_LOOP_177_1_mel_filterbank_27_ROM_AUTO_1R' using auto ROMs.
INFO: [RTMG 210-279] Implementing memory 'mfcc_mfcc_Pipeline_VITIS_LOOP_177_1_mel_filterbank_28_ROM_AUTO_1R' using auto ROMs.
INFO: [RTMG 210-279] Implementing memory 'mfcc_mfcc_Pipeline_VITIS_LOOP_177_1_mel_filterbank_29_ROM_AUTO_1R' using auto ROMs.
INFO: [HLS 200-111] Finished Creating RTL model: CPU user time: 0 seconds. CPU system time: 0 seconds. Elapsed time: 0.801 seconds; current allocated memory: 1.130 GB.
INFO: [HLS 200-10] ----------------------------------------------------------------
INFO: [HLS 200-10] -- Generating RTL for module 'log_17_9_s' 
INFO: [HLS 200-10] ----------------------------------------------------------------
INFO: [HLS 200-1030] Apply Unified Pipeline Control on module 'log_17_9_s' pipeline 'log<17, 9>' pipeline type 'function pipeline'
INFO: [RTGEN 206-100] Generating core module 'mac_mulsub_24ns_4ns_29ns_29_4_1': 1 instance(s).
INFO: [RTGEN 206-100] Generating core module 'mul_29s_6ns_29_2_1': 1 instance(s).
INFO: [RTGEN 206-100] Generating core module 'mul_5s_23ns_28_1_1': 1 instance(s).
INFO: [RTGEN 206-100] Generating core module 'mul_9ns_9ns_18_1_1': 1 instance(s).
INFO: [RTGEN 206-100] Finished creating RTL model for 'log_17_9_s'.
INFO: [RTMG 210-279] Implementing memory 'mfcc_log_17_9_s_log_apfixed_reduce_log_inverse_lut_table_array_ROM_AUTO_1R' using auto ROMs.
INFO: [RTMG 210-279] Implementing memory 'mfcc_log_17_9_s_log_apfixed_reduce_log0_lut_table_ap_fixed_0_5_64_array_ROM_AUTO_1R' using auto ROMs.
INFO: [RTMG 210-279] Implementing memory 'mfcc_log_17_9_s_log_apfixed_reduce_log_lut_table_ap_fixed_4_4_16_array_ROM_AUTO_1R' using auto ROMs.
INFO: [HLS 200-111] Finished Creating RTL model: CPU user time: 1 seconds. CPU system time: 1 seconds. Elapsed time: 0.943 seconds; current allocated memory: 1.138 GB.
INFO: [HLS 200-10] ----------------------------------------------------------------
INFO: [HLS 200-10] -- Generating RTL for module 'mfcc_Pipeline_VITIS_LOOP_196_1' 
INFO: [HLS 200-10] ----------------------------------------------------------------
INFO: [HLS 200-1030] Apply Unified Pipeline Control on module 'mfcc_Pipeline_VITIS_LOOP_196_1' pipeline 'VITIS_LOOP_196_1' pipeline type 'loop pipeline'
INFO: [RTGEN 206-100] Finished creating RTL model for 'mfcc_Pipeline_VITIS_LOOP_196_1'.
INFO: [HLS 200-111] Finished Creating RTL model: CPU user time: 0 seconds. CPU system time: 0 seconds. Elapsed time: 0.67 seconds; current allocated memory: 1.143 GB.
INFO: [HLS 200-10] ----------------------------------------------------------------
INFO: [HLS 200-10] -- Generating RTL for module 'mfcc_Pipeline_VITIS_LOOP_104_2' 
INFO: [HLS 200-10] ----------------------------------------------------------------
INFO: [HLS 200-1030] Apply Unified Pipeline Control on module 'mfcc_Pipeline_VITIS_LOOP_104_2' pipeline 'VITIS_LOOP_104_2' pipeline type 'loop pipeline'
INFO: [RTGEN 206-100] Finished creating RTL model for 'mfcc_Pipeline_VITIS_LOOP_104_2'.
INFO: [HLS 200-111] Finished Creating RTL model: CPU user time: 0 seconds. CPU system time: 0 seconds. Elapsed time: 0.202 seconds; current allocated memory: 1.143 GB.
INFO: [HLS 200-10] ----------------------------------------------------------------
INFO: [HLS 200-10] -- Generating RTL for module 'mfcc' 
INFO: [HLS 200-10] ----------------------------------------------------------------
WARNING: [RTGEN 206-101] Design contains AXI ports. Reset is fixed to synchronous and active low.
INFO: [RTGEN 206-500] Setting interface mode on port 'mfcc/in_stream_V_data_V' to 'axis' (register, both mode).
INFO: [RTGEN 206-500] Setting interface mode on port 'mfcc/in_stream_V_keep_V' to 'axis' (register, both mode).
INFO: [RTGEN 206-500] Setting interface mode on port 'mfcc/in_stream_V_strb_V' to 'axis' (register, both mode).
INFO: [RTGEN 206-500] Setting interface mode on port 'mfcc/in_stream_V_last_V' to 'axis' (register, both mode).
INFO: [RTGEN 206-500] Setting interface mode on port 'mfcc/out_stream_V_data_V' to 'axis' (register, both mode).
INFO: [RTGEN 206-500] Setting interface mode on port 'mfcc/out_stream_V_keep_V' to 'axis' (register, both mode).
INFO: [RTGEN 206-500] Setting interface mode on port 'mfcc/out_stream_V_strb_V' to 'axis' (register, both mode).
INFO: [RTGEN 206-500] Setting interface mode on port 'mfcc/out_stream_V_last_V' to 'axis' (register, both mode).
INFO: [RTGEN 206-500] Setting interface mode on function 'mfcc' to 'ap_ctrl_none'.
INFO: [RTGEN 206-100] Finished creating RTL model for 'mfcc'.
INFO: [RTMG 210-278] Implementing memory 'mfcc_abs_spectrogram_RAM_1WNR_AUTO_1R1W' using auto RAMs.
INFO: [RTMG 210-278] Implementing memory 'mfcc_mel_filtered_RAM_AUTO_1R1W' using auto RAMs.
INFO: [RTMG 210-278] Implementing memory 'mfcc_mfcc_1_RAM_AUTO_1R1W' using auto RAMs.
INFO: [HLS 200-111] Finished Creating RTL model: CPU user time: 0 seconds. CPU system time: 0 seconds. Elapsed time: 0.428 seconds; current allocated memory: 1.145 GB.
INFO: [HLS 200-111] Finished Generating all RTL models: CPU user time: 1 seconds. CPU system time: 1 seconds. Elapsed time: 2.147 seconds; current allocated memory: 1.150 GB.
INFO: [HLS 200-111] Finished Updating report files: CPU user time: 0 seconds. CPU system time: 0 seconds. Elapsed time: 1.239 seconds; current allocated memory: 1.157 GB.
INFO: [VHDL 208-304] Generating VHDL RTL for mfcc.
INFO: [VLOG 209-307] Generating Verilog RTL for mfcc.
INFO: [HLS 200-790] **** Loop Constraint Status: All loop constraints were NOT satisfied.
INFO: [HLS 200-789] **** Estimated Fmax: 145.43 MHz
INFO: [HLS 200-111] Finished Command csynth_design CPU user time: 4 seconds. CPU system time: 2 seconds. Elapsed time: 31.481 seconds; current allocated memory: 130.598 MB.
==============================================================
Vitis HLS - High-Level Synthesis from C, C++ and OpenCL v2023.1 (64-bit)
Tool Version Limit: 2023.05
Copyright 1986-2022 Xilinx, Inc. All Rights Reserved.
Copyright 2022-2023 Advanced Micro Devices, Inc. All Rights Reserved.

==============================================================
INFO: [SYN 201-201] Setting up clock 'default' with a period of 10ns.
INFO: [HLS 200-1611] Setting target device to 'xc7a100t-csg324-1'
INFO: [HLS 200-1505] Using flow_target 'vivado'
INFO: [HLS 200-1510] Running: set_part xc7a100tcsg324-1 
INFO: [HLS 200-1510] Running: create_clock -period 10 -name default 
INFO: [HLS 200-1510] Running: csynth_design 
INFO: [HLS 200-111] Finished File checks and directory preparation: CPU user time: 0 seconds. CPU system time: 0 seconds. Elapsed time: 0.085 seconds; current allocated memory: 1.030 GB.
INFO: [HLS 200-10] Analyzing design file 'audrey_4_hls/mfcc.cpp' ... 
WARNING: [HLS 207-5292] unused parameter 'data_type' (C:/Xilinx/Vitis_HLS/2023.1/common/technology/autopilot\hls_fft.h:100:77)
WARNING: [HLS 207-5292] unused parameter 'has_nfft' (C:/Xilinx/Vitis_HLS/2023.1/common/technology/autopilot\hls_fft.h:125:65)
WARNING: [HLS 207-5292] unused parameter 'cp_len_enable' (C:/Xilinx/Vitis_HLS/2023.1/common/technology/autopilot\hls_fft.h:138:66)
WARNING: [HLS 207-5292] unused parameter 'scaling_opt' (C:/Xilinx/Vitis_HLS/2023.1/common/technology/autopilot\hls_fft.h:151:68)
WARNING: [HLS 207-5292] unused parameter 'scaling_opt' (C:/Xilinx/Vitis_HLS/2023.1/common/technology/autopilot\hls_fft.h:315:71)
WARNING: [HLS 207-5292] unused parameter 'has_ovflo' (C:/Xilinx/Vitis_HLS/2023.1/common/technology/autopilot\hls_fft.h:328:66)
WARNING: [HLS 207-5292] unused parameter 'audio' (audrey_4_hls/mfcc.cpp:142:38)
INFO: [HLS 200-111] Finished Source Code Analysis and Preprocessing: CPU user time: 0 seconds. CPU system time: 0 seconds. Elapsed time: 18.24 seconds; current allocated memory: 1.037 GB.
INFO: [HLS 200-777] Using interface defaults for 'Vivado' flow target.
INFO: [HLS 214-291] Loop 'VITIS_LOOP_729_1' is marked as complete unroll implied by the pipeline pragma (C:/Xilinx/Vitis_HLS/2023.1/common/technology/autopilot/etc/hls_log_apfixed.h:729:31)
INFO: [HLS 214-186] Unrolling loop 'VITIS_LOOP_729_1' (C:/Xilinx/Vitis_HLS/2023.1/common/technology/autopilot/etc/hls_log_apfixed.h:729:31) in function 'log_apfixed_reduce::log<17, 9>' completely with a factor of 17 (C:/Xilinx/Vitis_HLS/2023.1/common/technology/autopilot/etc/hls_log_apfixed.h:500:0)
INFO: [HLS 214-178] Inlining function 'void log_apfixed_reduce::range_reduce<ap_fixed<29, 7, (ap_q_mode)5, (ap_o_mode)3, 0>, 4, 4, 24, 15>(ap_ufixed<24, -(4), (ap_q_mode)5, (ap_o_mode)3, 0>, ap_fixed<29, 7, (ap_q_mode)5, (ap_o_mode)3, 0>&, ap_ufixed<15, -(((4) + (4)) - (1)), (ap_q_mode)5, (ap_o_mode)3, 0>&)' into 'ap_ufixed<15, -7, (ap_q_mode)5, (ap_o_mode)3, 0> log_apfixed_reduce::log_traits<2>::range_reduction<24>(ap_ufixed<24, -4, (ap_q_mode)5, (ap_o_mode)3, 0>, ap_fixed<29, 7, (ap_q_mode)5, (ap_o_mode)3, 0>&)' (C:/Xilinx/Vitis_HLS/2023.1/common/technology/autopilot/etc/hls_log_apfixed.h:249:0)
INFO: [HLS 214-178] Inlining function 'ap_ufixed<15, -7, (ap_q_mode)5, (ap_o_mode)3, 0> log_apfixed_reduce::log_traits<2>::range_reduction<24>(ap_ufixed<24, -4, (ap_q_mode)5, (ap_o_mode)3, 0>, ap_fixed<29, 7, (ap_q_mode)5, (ap_o_mode)3, 0>&)' into 'ap_fixed<17, 9, (ap_q_mode)5, (ap_o_mode)3, 0> log_apfixed_reduce::log<17, 9>(ap_fixed<17, 9, (ap_q_mode)5, (ap_o_mode)3, 0>)' (C:/Xilinx/Vitis_HLS/2023.1/common/technology/autopilot/etc/hls_log_apfixed.h:500:0)
INFO: [HLS 214-178] Inlining function 'ap_fixed<17, 9, (ap_q_mode)5, (ap_o_mode)3, 0> hls::log<17, 9>(ap_fixed<17, 9, (ap_q_mode)5, (ap_o_mode)3, 0>)' into 'feature_2_log(ap_fixed<16, 8, (ap_q_mode)5, (ap_o_mode)3, 0>*, ap_fixed<16, 8, (ap_q_mode)5, (ap_o_mode)3, 0>*)' (audrey_4_hls/mfcc.cpp:195:0)
INFO: [HLS 214-178] Inlining function 'feature_1_mel(ap_fixed<16, 8, (ap_q_mode)5, (ap_o_mode)3, 0>*, ap_fixed<16, 8, (ap_q_mode)5, (ap_o_mode)3, 0>*)' into 'mfcc(hls::stream<hls::axis<ap_fixed<16, 8, (ap_q_mode)5, (ap_o_mode)3, 0>, 0ul, 0ul, 0ul>, 0>&, hls::stream<hls::axis<ap_fixed<16, 8, (ap_q_mode)5, (ap_o_mode)3, 0>, 0ul, 0ul, 0ul>, 0>&)' (audrey_4_hls/mfcc.cpp:20:0)
INFO: [HLS 214-178] Inlining function 'feature_2_log(ap_fixed<16, 8, (ap_q_mode)5, (ap_o_mode)3, 0>*, ap_fixed<16, 8, (ap_q_mode)5, (ap_o_mode)3, 0>*)' into 'mfcc(hls::stream<hls::axis<ap_fixed<16, 8, (ap_q_mode)5, (ap_o_mode)3, 0>, 0ul, 0ul, 0ul>, 0>&, hls::stream<hls::axis<ap_fixed<16, 8, (ap_q_mode)5, (ap_o_mode)3, 0>, 0ul, 0ul, 0ul>, 0>&)' (audrey_4_hls/mfcc.cpp:20:0)
INFO: [HLS 200-111] Finished Compiling Optimization and Transform: CPU user time: 0 seconds. CPU system time: 0 seconds. Elapsed time: 2.803 seconds; current allocated memory: 1.038 GB.
INFO: [HLS 200-111] Finished Checking Pragmas: CPU user time: 0 seconds. CPU system time: 0 seconds. Elapsed time: 0.005 seconds; current allocated memory: 1.038 GB.
INFO: [HLS 200-10] Starting code transformations ...
INFO: [HLS 200-111] Finished Standard Transforms: CPU user time: 0 seconds. CPU system time: 0 seconds. Elapsed time: 0.107 seconds; current allocated memory: 1.045 GB.
INFO: [HLS 200-10] Checking synthesizability ...
INFO: [HLS 200-111] Finished Checking Synthesizability: CPU user time: 1 seconds. CPU system time: 0 seconds. Elapsed time: 0.064 seconds; current allocated memory: 1.047 GB.
INFO: [XFORM 203-510] Pipelining loop 'VITIS_LOOP_42_1' (audrey_4_hls/mfcc.cpp:42) in function 'mfcc' automatically.
INFO: [XFORM 203-510] Pipelining loop 'VITIS_LOOP_177_1' (audrey_4_hls/mfcc.cpp:177) in function 'mfcc' automatically.
INFO: [XFORM 203-510] Pipelining loop 'VITIS_LOOP_196_1' (audrey_4_hls/mfcc.cpp:196) in function 'mfcc' automatically.
INFO: [XFORM 203-510] Pipelining loop 'VITIS_LOOP_104_2' (audrey_4_hls/mfcc.cpp:104) in function 'mfcc' automatically.
INFO: [XFORM 203-502] Unrolling all sub-loops inside loop 'VITIS_LOOP_177_1' (audrey_4_hls/mfcc.cpp:177) in function 'mfcc' for pipelining.
INFO: [HLS 200-489] Unrolling loop 'VITIS_LOOP_183_2' (audrey_4_hls/mfcc.cpp:183) in function 'mfcc' completely with a factor of 30.
INFO: [XFORM 203-102] Partitioning array 'mel_filterbank' in dimension 2 automatically.
INFO: [XFORM 203-401] Performing if-conversion on hyperblock from (C:/Xilinx/Vitis_HLS/2023.1/common/technology/autopilot/etc/hls_log_apfixed.h:728:42) to (C:/Xilinx/Vitis_HLS/2023.1/common/technology/autopilot/etc/hls_log_apfixed.h:748:17) in function 'log_apfixed_reduce::log<17, 9>'... converting 18 basic blocks.
INFO: [XFORM 203-11] Balancing expressions in function 'mfcc' (audrey_4_hls/mfcc.cpp:17:27)...29 expression(s) balanced.
INFO: [XFORM 203-11] Balancing expressions in function 'log_apfixed_reduce::log<17, 9>' (C:/Xilinx/Vitis_HLS/2023.1/common/technology/autopilot/etc/hls_log_apfixed.h:178:6)...3 expression(s) balanced.
INFO: [HLS 200-111] Finished Loop, function and other optimizations: CPU user time: 0 seconds. CPU system time: 0 seconds. Elapsed time: 0.285 seconds; current allocated memory: 1.071 GB.
INFO: [HLS 200-111] Finished Architecture Synthesis: CPU user time: 0 seconds. CPU system time: 0 seconds. Elapsed time: 0.125 seconds; current allocated memory: 1.110 GB.
INFO: [HLS 200-10] Starting hardware synthesis ...
INFO: [HLS 200-10] Synthesizing 'mfcc' ...
WARNING: [SYN 201-103] Legalizing function name 'log<17, 9>' to 'log_17_9_s'.
INFO: [HLS 200-10] ----------------------------------------------------------------
INFO: [HLS 200-42] -- Implementing module 'mfcc_Pipeline_VITIS_LOOP_42_1' 
INFO: [HLS 200-10] ----------------------------------------------------------------
INFO: [SCHED 204-11] Starting scheduling ...
INFO: [HLS 200-1457] Automatically inferring inferring RAM_1WNR storage type for array 'abs_spectrogram'. Use bind_storage pragma to override this type.
INFO: [SCHED 204-61] Pipelining loop 'VITIS_LOOP_42_1'.
INFO: [HLS 200-1470] Pipelining result : Target II = NA, Final II = 1, Depth = 1, loop 'VITIS_LOOP_42_1'
INFO: [SCHED 204-11] Finished scheduling.
INFO: [HLS 200-111] Finished Scheduling: CPU user time: 0 seconds. CPU system time: 0 seconds. Elapsed time: 0.302 seconds; current allocated memory: 1.115 GB.
INFO: [BIND 205-100] Starting micro-architecture generation ...
INFO: [BIND 205-101] Performing variable lifetime analysis.
INFO: [BIND 205-101] Exploring resource sharing.
INFO: [BIND 205-101] Binding ...
INFO: [BIND 205-100] Finished micro-architecture generation.
INFO: [HLS 200-111] Finished Binding: CPU user time: 0 seconds. CPU system time: 0 seconds. Elapsed time: 0.087 seconds; current allocated memory: 1.116 GB.
INFO: [HLS 200-10] ----------------------------------------------------------------
INFO: [HLS 200-42] -- Implementing module 'mfcc_Pipeline_VITIS_LOOP_177_1' 
INFO: [HLS 200-10] ----------------------------------------------------------------
INFO: [SCHED 204-11] Starting scheduling ...
INFO: [HLS 200-1457] Automatically inferring inferring RAM_1WNR storage type for array 'abs_spectrogram'. Use bind_storage pragma to override this type.
INFO: [SCHED 204-61] Pipelining loop 'VITIS_LOOP_177_1'.
WARNING: [HLS 200-885] The II Violation in module 'mfcc_Pipeline_VITIS_LOOP_177_1' (loop 'VITIS_LOOP_177_1'): Unable to schedule 'load' operation ('abs_spectrogram_load_19', audrey_4_hls/mfcc.cpp:184->audrey_4_hls/mfcc.cpp:63) on array 'abs_spectrogram' due to limited memory ports (II = 1). Please consider using a memory core with more ports or partitioning the array 'abs_spectrogram'.
INFO: [HLS 200-1470] Pipelining result : Target II = NA, Final II = 2, Depth = 9, loop 'VITIS_LOOP_177_1'
INFO: [SCHED 204-11] Finished scheduling.
INFO: [HLS 200-111] Finished Scheduling: CPU user time: 0 seconds. CPU system time: 0 seconds. Elapsed time: 0.455 seconds; current allocated memory: 1.119 GB.
INFO: [BIND 205-100] Starting micro-architecture generation ...
INFO: [BIND 205-101] Performing variable lifetime analysis.
INFO: [BIND 205-101] Exploring resource sharing.
INFO: [BIND 205-101] Binding ...
INFO: [BIND 205-100] Finished micro-architecture generation.
INFO: [HLS 200-111] Finished Binding: CPU user time: 0 seconds. CPU system time: 0 seconds. Elapsed time: 0.178 seconds; current allocated memory: 1.119 GB.
INFO: [HLS 200-10] ----------------------------------------------------------------
INFO: [HLS 200-42] -- Implementing module 'log_17_9_s' 
INFO: [HLS 200-10] ----------------------------------------------------------------
INFO: [SCHED 204-11] Starting scheduling ...
INFO: [HLS 200-486] Changing DSP latency (root=mul_ln184_1) to 3 in order to utilize available DSP registers.
INFO: [SCHED 204-61] Pipelining function 'log<17, 9>'.
INFO: [HLS 200-1470] Pipelining result : Target II = NA, Final II = 1, Depth = 11, function 'log<17, 9>'
INFO: [SCHED 204-11] Finished scheduling.
INFO: [HLS 200-111] Finished Scheduling: CPU user time: 1 seconds. CPU system time: 0 seconds. Elapsed time: 0.515 seconds; current allocated memory: 1.122 GB.
INFO: [BIND 205-100] Starting micro-architecture generation ...
INFO: [BIND 205-101] Performing variable lifetime analysis.
INFO: [BIND 205-101] Exploring resource sharing.
INFO: [BIND 205-101] Binding ...
INFO: [BIND 205-100] Finished micro-architecture generation.
INFO: [HLS 200-111] Finished Binding: CPU user time: 0 seconds. CPU system time: 0 seconds. Elapsed time: 0.173 seconds; current allocated memory: 1.122 GB.
INFO: [HLS 200-10] ----------------------------------------------------------------
INFO: [HLS 200-42] -- Implementing module 'mfcc_Pipeline_VITIS_LOOP_196_1' 
INFO: [HLS 200-10] ----------------------------------------------------------------
INFO: [SCHED 204-11] Starting scheduling ...
INFO: [SCHED 204-61] Pipelining loop 'VITIS_LOOP_196_1'.
INFO: [HLS 200-1470] Pipelining result : Target II = NA, Final II = 1, Depth = 13, loop 'VITIS_LOOP_196_1'
INFO: [SCHED 204-11] Finished scheduling.
INFO: [HLS 200-111] Finished Scheduling: CPU user time: 0 seconds. CPU system time: 0 seconds. Elapsed time: 0.188 seconds; current allocated memory: 1.123 GB.
INFO: [BIND 205-100] Starting micro-architecture generation ...
INFO: [BIND 205-101] Performing variable lifetime analysis.
INFO: [BIND 205-101] Exploring resource sharing.
INFO: [BIND 205-101] Binding ...
INFO: [BIND 205-100] Finished micro-architecture generation.
INFO: [HLS 200-111] Finished Binding: CPU user time: 0 seconds. CPU system time: 0 seconds. Elapsed time: 0.149 seconds; current allocated memory: 1.123 GB.
INFO: [HLS 200-10] ----------------------------------------------------------------
INFO: [HLS 200-42] -- Implementing module 'mfcc_Pipeline_VITIS_LOOP_104_2' 
INFO: [HLS 200-10] ----------------------------------------------------------------
INFO: [SCHED 204-11] Starting scheduling ...
INFO: [SCHED 204-61] Pipelining loop 'VITIS_LOOP_104_2'.
INFO: [HLS 200-1470] Pipelining result : Target II = NA, Final II = 1, Depth = 2, loop 'VITIS_LOOP_104_2'
INFO: [SCHED 204-11] Finished scheduling.
INFO: [HLS 200-111] Finished Scheduling: CPU user time: 0 seconds. CPU system time: 0 seconds. Elapsed time: 0.148 seconds; current allocated memory: 1.123 GB.
INFO: [BIND 205-100] Starting micro-architecture generation ...
INFO: [BIND 205-101] Performing variable lifetime analysis.
INFO: [BIND 205-101] Exploring resource sharing.
INFO: [BIND 205-101] Binding ...
INFO: [BIND 205-100] Finished micro-architecture generation.
INFO: [HLS 200-111] Finished Binding: CPU user time: 0 seconds. CPU system time: 0 seconds. Elapsed time: 0.101 seconds; current allocated memory: 1.123 GB.
INFO: [HLS 200-10] ----------------------------------------------------------------
INFO: [HLS 200-42] -- Implementing module 'mfcc' 
INFO: [HLS 200-10] ----------------------------------------------------------------
INFO: [SCHED 204-11] Starting scheduling ...
INFO: [SCHED 204-11] Finished scheduling.
INFO: [HLS 200-111] Finished Scheduling: CPU user time: 0 seconds. CPU system time: 0 seconds. Elapsed time: 0.12 seconds; current allocated memory: 1.123 GB.
INFO: [BIND 205-100] Starting micro-architecture generation ...
INFO: [BIND 205-101] Performing variable lifetime analysis.
INFO: [BIND 205-101] Exploring resource sharing.
INFO: [BIND 205-101] Binding ...
INFO: [BIND 205-100] Finished micro-architecture generation.
INFO: [HLS 200-111] Finished Binding: CPU user time: 0 seconds. CPU system time: 0 seconds. Elapsed time: 0.128 seconds; current allocated memory: 1.123 GB.
INFO: [HLS 200-10] ----------------------------------------------------------------
INFO: [HLS 200-10] -- Generating RTL for module 'mfcc_Pipeline_VITIS_LOOP_42_1' 
INFO: [HLS 200-10] ----------------------------------------------------------------
INFO: [RTGEN 206-100] Finished creating RTL model for 'mfcc_Pipeline_VITIS_LOOP_42_1'.
INFO: [HLS 200-111] Finished Creating RTL model: CPU user time: 0 seconds. CPU system time: 0 seconds. Elapsed time: 0.125 seconds; current allocated memory: 1.125 GB.
INFO: [HLS 200-10] ----------------------------------------------------------------
INFO: [HLS 200-10] -- Generating RTL for module 'mfcc_Pipeline_VITIS_LOOP_177_1' 
INFO: [HLS 200-10] ----------------------------------------------------------------
INFO: [HLS 200-1030] Apply Unified Pipeline Control on module 'mfcc_Pipeline_VITIS_LOOP_177_1' pipeline 'VITIS_LOOP_177_1' pipeline type 'loop pipeline'
INFO: [RTGEN 206-100] Generating core module 'mul_5ns_16s_21_1_1': 1 instance(s).
INFO: [RTGEN 206-100] Generating core module 'mul_6ns_16s_22_1_1': 2 instance(s).
INFO: [RTGEN 206-100] Generating core module 'mul_7ns_16s_23_1_1': 4 instance(s).
INFO: [RTGEN 206-100] Generating core module 'mul_8ns_16s_24_1_1': 23 instance(s).
INFO: [RTGEN 206-100] Finished creating RTL model for 'mfcc_Pipeline_VITIS_LOOP_177_1'.
INFO: [RTMG 210-279] Implementing memory 'mfcc_mfcc_Pipeline_VITIS_LOOP_177_1_first_ind_ROM_AUTO_1R' using auto ROMs.
INFO: [RTMG 210-279] Implementing memory 'mfcc_mfcc_Pipeline_VITIS_LOOP_177_1_mel_filterbank_0_ROM_AUTO_1R' using auto ROMs.
INFO: [RTMG 210-279] Implementing memory 'mfcc_mfcc_Pipeline_VITIS_LOOP_177_1_mel_filterbank_1_ROM_AUTO_1R' using auto ROMs.
INFO: [RTMG 210-279] Implementing memory 'mfcc_mfcc_Pipeline_VITIS_LOOP_177_1_mel_filterbank_2_ROM_AUTO_1R' using auto ROMs.
INFO: [RTMG 210-279] Implementing memory 'mfcc_mfcc_Pipeline_VITIS_LOOP_177_1_mel_filterbank_3_ROM_AUTO_1R' using auto ROMs.
INFO: [RTMG 210-279] Implementing memory 'mfcc_mfcc_Pipeline_VITIS_LOOP_177_1_mel_filterbank_4_ROM_AUTO_1R' using auto ROMs.
INFO: [RTMG 210-279] Implementing memory 'mfcc_mfcc_Pipeline_VITIS_LOOP_177_1_mel_filterbank_5_ROM_AUTO_1R' using auto ROMs.
INFO: [RTMG 210-279] Implementing memory 'mfcc_mfcc_Pipeline_VITIS_LOOP_177_1_mel_filterbank_6_ROM_AUTO_1R' using auto ROMs.
INFO: [RTMG 210-279] Implementing memory 'mfcc_mfcc_Pipeline_VITIS_LOOP_177_1_mel_filterbank_7_ROM_AUTO_1R' using auto ROMs.
INFO: [RTMG 210-279] Implementing memory 'mfcc_mfcc_Pipeline_VITIS_LOOP_177_1_mel_filterbank_8_ROM_AUTO_1R' using auto ROMs.
INFO: [RTMG 210-279] Implementing memory 'mfcc_mfcc_Pipeline_VITIS_LOOP_177_1_mel_filterbank_9_ROM_AUTO_1R' using auto ROMs.
INFO: [RTMG 210-279] Implementing memory 'mfcc_mfcc_Pipeline_VITIS_LOOP_177_1_mel_filterbank_10_ROM_AUTO_1R' using auto ROMs.
INFO: [RTMG 210-279] Implementing memory 'mfcc_mfcc_Pipeline_VITIS_LOOP_177_1_mel_filterbank_11_ROM_AUTO_1R' using auto ROMs.
INFO: [RTMG 210-279] Implementing memory 'mfcc_mfcc_Pipeline_VITIS_LOOP_177_1_mel_filterbank_12_ROM_AUTO_1R' using auto ROMs.
INFO: [RTMG 210-279] Implementing memory 'mfcc_mfcc_Pipeline_VITIS_LOOP_177_1_mel_filterbank_13_ROM_AUTO_1R' using auto ROMs.
INFO: [RTMG 210-279] Implementing memory 'mfcc_mfcc_Pipeline_VITIS_LOOP_177_1_mel_filterbank_14_ROM_AUTO_1R' using auto ROMs.
INFO: [RTMG 210-279] Implementing memory 'mfcc_mfcc_Pipeline_VITIS_LOOP_177_1_mel_filterbank_15_ROM_AUTO_1R' using auto ROMs.
INFO: [RTMG 210-279] Implementing memory 'mfcc_mfcc_Pipeline_VITIS_LOOP_177_1_mel_filterbank_16_ROM_AUTO_1R' using auto ROMs.
INFO: [RTMG 210-279] Implementing memory 'mfcc_mfcc_Pipeline_VITIS_LOOP_177_1_mel_filterbank_17_ROM_AUTO_1R' using auto ROMs.
INFO: [RTMG 210-279] Implementing memory 'mfcc_mfcc_Pipeline_VITIS_LOOP_177_1_mel_filterbank_18_ROM_AUTO_1R' using auto ROMs.
INFO: [RTMG 210-279] Implementing memory 'mfcc_mfcc_Pipeline_VITIS_LOOP_177_1_mel_filterbank_19_ROM_AUTO_1R' using auto ROMs.
INFO: [RTMG 210-279] Implementing memory 'mfcc_mfcc_Pipeline_VITIS_LOOP_177_1_mel_filterbank_20_ROM_AUTO_1R' using auto ROMs.
INFO: [RTMG 210-279] Implementing memory 'mfcc_mfcc_Pipeline_VITIS_LOOP_177_1_mel_filterbank_21_ROM_AUTO_1R' using auto ROMs.
INFO: [RTMG 210-279] Implementing memory 'mfcc_mfcc_Pipeline_VITIS_LOOP_177_1_mel_filterbank_22_ROM_AUTO_1R' using auto ROMs.
INFO: [RTMG 210-279] Implementing memory 'mfcc_mfcc_Pipeline_VITIS_LOOP_177_1_mel_filterbank_23_ROM_AUTO_1R' using auto ROMs.
INFO: [RTMG 210-279] Implementing memory 'mfcc_mfcc_Pipeline_VITIS_LOOP_177_1_mel_filterbank_24_ROM_AUTO_1R' using auto ROMs.
INFO: [RTMG 210-279] Implementing memory 'mfcc_mfcc_Pipeline_VITIS_LOOP_177_1_mel_filterbank_25_ROM_AUTO_1R' using auto ROMs.
INFO: [RTMG 210-279] Implementing memory 'mfcc_mfcc_Pipeline_VITIS_LOOP_177_1_mel_filterbank_26_ROM_AUTO_1R' using auto ROMs.
INFO: [RTMG 210-279] Implementing memory 'mfcc_mfcc_Pipeline_VITIS_LOOP_177_1_mel_filterbank_27_ROM_AUTO_1R' using auto ROMs.
INFO: [RTMG 210-279] Implementing memory 'mfcc_mfcc_Pipeline_VITIS_LOOP_177_1_mel_filterbank_28_ROM_AUTO_1R' using auto ROMs.
INFO: [RTMG 210-279] Implementing memory 'mfcc_mfcc_Pipeline_VITIS_LOOP_177_1_mel_filterbank_29_ROM_AUTO_1R' using auto ROMs.
INFO: [HLS 200-111] Finished Creating RTL model: CPU user time: 0 seconds. CPU system time: 0 seconds. Elapsed time: 0.878 seconds; current allocated memory: 1.130 GB.
INFO: [HLS 200-10] ----------------------------------------------------------------
INFO: [HLS 200-10] -- Generating RTL for module 'log_17_9_s' 
INFO: [HLS 200-10] ----------------------------------------------------------------
INFO: [HLS 200-1030] Apply Unified Pipeline Control on module 'log_17_9_s' pipeline 'log<17, 9>' pipeline type 'function pipeline'
INFO: [RTGEN 206-100] Generating core module 'mac_mulsub_24ns_4ns_29ns_29_4_1': 1 instance(s).
INFO: [RTGEN 206-100] Generating core module 'mul_29s_6ns_29_2_1': 1 instance(s).
INFO: [RTGEN 206-100] Generating core module 'mul_5s_23ns_28_1_1': 1 instance(s).
INFO: [RTGEN 206-100] Generating core module 'mul_9ns_9ns_18_1_1': 1 instance(s).
INFO: [RTGEN 206-100] Finished creating RTL model for 'log_17_9_s'.
INFO: [RTMG 210-279] Implementing memory 'mfcc_log_17_9_s_log_apfixed_reduce_log_inverse_lut_table_array_ROM_AUTO_1R' using auto ROMs.
INFO: [RTMG 210-279] Implementing memory 'mfcc_log_17_9_s_log_apfixed_reduce_log0_lut_table_ap_fixed_0_5_64_array_ROM_AUTO_1R' using auto ROMs.
INFO: [RTMG 210-279] Implementing memory 'mfcc_log_17_9_s_log_apfixed_reduce_log_lut_table_ap_fixed_4_4_16_array_ROM_AUTO_1R' using auto ROMs.
INFO: [HLS 200-111] Finished Creating RTL model: CPU user time: 1 seconds. CPU system time: 1 seconds. Elapsed time: 0.909 seconds; current allocated memory: 1.138 GB.
INFO: [HLS 200-10] ----------------------------------------------------------------
INFO: [HLS 200-10] -- Generating RTL for module 'mfcc_Pipeline_VITIS_LOOP_196_1' 
INFO: [HLS 200-10] ----------------------------------------------------------------
INFO: [HLS 200-1030] Apply Unified Pipeline Control on module 'mfcc_Pipeline_VITIS_LOOP_196_1' pipeline 'VITIS_LOOP_196_1' pipeline type 'loop pipeline'
INFO: [RTGEN 206-100] Finished creating RTL model for 'mfcc_Pipeline_VITIS_LOOP_196_1'.
INFO: [HLS 200-111] Finished Creating RTL model: CPU user time: 0 seconds. CPU system time: 0 seconds. Elapsed time: 0.651 seconds; current allocated memory: 1.142 GB.
INFO: [HLS 200-10] ----------------------------------------------------------------
INFO: [HLS 200-10] -- Generating RTL for module 'mfcc_Pipeline_VITIS_LOOP_104_2' 
INFO: [HLS 200-10] ----------------------------------------------------------------
INFO: [HLS 200-1030] Apply Unified Pipeline Control on module 'mfcc_Pipeline_VITIS_LOOP_104_2' pipeline 'VITIS_LOOP_104_2' pipeline type 'loop pipeline'
INFO: [RTGEN 206-100] Finished creating RTL model for 'mfcc_Pipeline_VITIS_LOOP_104_2'.
INFO: [HLS 200-111] Finished Creating RTL model: CPU user time: 0 seconds. CPU system time: 0 seconds. Elapsed time: 0.201 seconds; current allocated memory: 1.143 GB.
INFO: [HLS 200-10] ----------------------------------------------------------------
INFO: [HLS 200-10] -- Generating RTL for module 'mfcc' 
INFO: [HLS 200-10] ----------------------------------------------------------------
WARNING: [RTGEN 206-101] Design contains AXI ports. Reset is fixed to synchronous and active low.
INFO: [RTGEN 206-500] Setting interface mode on port 'mfcc/in_stream_V_data_V' to 'axis' (register, both mode).
INFO: [RTGEN 206-500] Setting interface mode on port 'mfcc/in_stream_V_keep_V' to 'axis' (register, both mode).
INFO: [RTGEN 206-500] Setting interface mode on port 'mfcc/in_stream_V_strb_V' to 'axis' (register, both mode).
INFO: [RTGEN 206-500] Setting interface mode on port 'mfcc/in_stream_V_last_V' to 'axis' (register, both mode).
INFO: [RTGEN 206-500] Setting interface mode on port 'mfcc/out_stream_V_data_V' to 'axis' (register, both mode).
INFO: [RTGEN 206-500] Setting interface mode on port 'mfcc/out_stream_V_keep_V' to 'axis' (register, both mode).
INFO: [RTGEN 206-500] Setting interface mode on port 'mfcc/out_stream_V_strb_V' to 'axis' (register, both mode).
INFO: [RTGEN 206-500] Setting interface mode on port 'mfcc/out_stream_V_last_V' to 'axis' (register, both mode).
INFO: [RTGEN 206-500] Setting interface mode on function 'mfcc' to 'ap_ctrl_none'.
INFO: [RTGEN 206-100] Finished creating RTL model for 'mfcc'.
INFO: [RTMG 210-278] Implementing memory 'mfcc_abs_spectrogram_RAM_1WNR_AUTO_1R1W' using auto RAMs.
INFO: [RTMG 210-278] Implementing memory 'mfcc_mel_filtered_RAM_AUTO_1R1W' using auto RAMs.
INFO: [RTMG 210-278] Implementing memory 'mfcc_mfcc_1_RAM_AUTO_1R1W' using auto RAMs.
INFO: [HLS 200-111] Finished Creating RTL model: CPU user time: 0 seconds. CPU system time: 0 seconds. Elapsed time: 0.431 seconds; current allocated memory: 1.144 GB.
INFO: [HLS 200-111] Finished Generating all RTL models: CPU user time: 1 seconds. CPU system time: 0 seconds. Elapsed time: 1.308 seconds; current allocated memory: 1.149 GB.
INFO: [HLS 200-111] Finished Updating report files: CPU user time: 0 seconds. CPU system time: 1 seconds. Elapsed time: 1.146 seconds; current allocated memory: 1.156 GB.
INFO: [VHDL 208-304] Generating VHDL RTL for mfcc.
INFO: [VLOG 209-307] Generating Verilog RTL for mfcc.
INFO: [HLS 200-790] **** Loop Constraint Status: All loop constraints were NOT satisfied.
INFO: [HLS 200-789] **** Estimated Fmax: 145.43 MHz
INFO: [HLS 200-111] Finished Command csynth_design CPU user time: 4 seconds. CPU system time: 2 seconds. Elapsed time: 30.324 seconds; current allocated memory: 129.652 MB.
==============================================================
Vitis HLS - High-Level Synthesis from C, C++ and OpenCL v2023.1 (64-bit)
Tool Version Limit: 2023.05
Copyright 1986-2022 Xilinx, Inc. All Rights Reserved.
Copyright 2022-2023 Advanced Micro Devices, Inc. All Rights Reserved.

==============================================================
INFO: [SYN 201-201] Setting up clock 'default' with a period of 10ns.
INFO: [HLS 200-1611] Setting target device to 'xc7a100t-csg324-1'
INFO: [HLS 200-1505] Using flow_target 'vivado'
INFO: [HLS 200-1510] Running: set_part xc7a100tcsg324-1 
INFO: [HLS 200-1510] Running: create_clock -period 10 -name default 
INFO: [HLS 200-1510] Running: csynth_design 
INFO: [HLS 200-111] Finished File checks and directory preparation: CPU user time: 0 seconds. CPU system time: 0 seconds. Elapsed time: 0.089 seconds; current allocated memory: 1.032 GB.
INFO: [HLS 200-10] Analyzing design file 'audrey_4_hls/mfcc.cpp' ... 
WARNING: [HLS 207-5292] unused parameter 'data_type' (C:/Xilinx/Vitis_HLS/2023.1/common/technology/autopilot\hls_fft.h:100:77)
WARNING: [HLS 207-5292] unused parameter 'has_nfft' (C:/Xilinx/Vitis_HLS/2023.1/common/technology/autopilot\hls_fft.h:125:65)
WARNING: [HLS 207-5292] unused parameter 'cp_len_enable' (C:/Xilinx/Vitis_HLS/2023.1/common/technology/autopilot\hls_fft.h:138:66)
WARNING: [HLS 207-5292] unused parameter 'scaling_opt' (C:/Xilinx/Vitis_HLS/2023.1/common/technology/autopilot\hls_fft.h:151:68)
WARNING: [HLS 207-5292] unused parameter 'scaling_opt' (C:/Xilinx/Vitis_HLS/2023.1/common/technology/autopilot\hls_fft.h:315:71)
WARNING: [HLS 207-5292] unused parameter 'has_ovflo' (C:/Xilinx/Vitis_HLS/2023.1/common/technology/autopilot\hls_fft.h:328:66)
WARNING: [HLS 207-5292] unused parameter 'audio' (audrey_4_hls/mfcc.cpp:142:38)
INFO: [HLS 200-111] Finished Source Code Analysis and Preprocessing: CPU user time: 1 seconds. CPU system time: 0 seconds. Elapsed time: 21.821 seconds; current allocated memory: 1.038 GB.
INFO: [HLS 200-777] Using interface defaults for 'Vivado' flow target.
INFO: [HLS 214-291] Loop 'VITIS_LOOP_729_1' is marked as complete unroll implied by the pipeline pragma (C:/Xilinx/Vitis_HLS/2023.1/common/technology/autopilot/etc/hls_log_apfixed.h:729:31)
INFO: [HLS 214-186] Unrolling loop 'VITIS_LOOP_729_1' (C:/Xilinx/Vitis_HLS/2023.1/common/technology/autopilot/etc/hls_log_apfixed.h:729:31) in function 'log_apfixed_reduce::log<17, 9>' completely with a factor of 17 (C:/Xilinx/Vitis_HLS/2023.1/common/technology/autopilot/etc/hls_log_apfixed.h:500:0)
INFO: [HLS 214-178] Inlining function 'void log_apfixed_reduce::range_reduce<ap_fixed<29, 7, (ap_q_mode)5, (ap_o_mode)3, 0>, 4, 4, 24, 15>(ap_ufixed<24, -(4), (ap_q_mode)5, (ap_o_mode)3, 0>, ap_fixed<29, 7, (ap_q_mode)5, (ap_o_mode)3, 0>&, ap_ufixed<15, -(((4) + (4)) - (1)), (ap_q_mode)5, (ap_o_mode)3, 0>&)' into 'ap_ufixed<15, -7, (ap_q_mode)5, (ap_o_mode)3, 0> log_apfixed_reduce::log_traits<2>::range_reduction<24>(ap_ufixed<24, -4, (ap_q_mode)5, (ap_o_mode)3, 0>, ap_fixed<29, 7, (ap_q_mode)5, (ap_o_mode)3, 0>&)' (C:/Xilinx/Vitis_HLS/2023.1/common/technology/autopilot/etc/hls_log_apfixed.h:249:0)
INFO: [HLS 214-178] Inlining function 'ap_ufixed<15, -7, (ap_q_mode)5, (ap_o_mode)3, 0> log_apfixed_reduce::log_traits<2>::range_reduction<24>(ap_ufixed<24, -4, (ap_q_mode)5, (ap_o_mode)3, 0>, ap_fixed<29, 7, (ap_q_mode)5, (ap_o_mode)3, 0>&)' into 'ap_fixed<17, 9, (ap_q_mode)5, (ap_o_mode)3, 0> log_apfixed_reduce::log<17, 9>(ap_fixed<17, 9, (ap_q_mode)5, (ap_o_mode)3, 0>)' (C:/Xilinx/Vitis_HLS/2023.1/common/technology/autopilot/etc/hls_log_apfixed.h:500:0)
INFO: [HLS 214-178] Inlining function 'ap_fixed<17, 9, (ap_q_mode)5, (ap_o_mode)3, 0> hls::log<17, 9>(ap_fixed<17, 9, (ap_q_mode)5, (ap_o_mode)3, 0>)' into 'feature_2_log(ap_fixed<16, 8, (ap_q_mode)5, (ap_o_mode)3, 0>*, ap_fixed<16, 8, (ap_q_mode)5, (ap_o_mode)3, 0>*)' (audrey_4_hls/mfcc.cpp:195:0)
INFO: [HLS 214-178] Inlining function 'feature_1_mel(ap_fixed<16, 8, (ap_q_mode)5, (ap_o_mode)3, 0>*, ap_fixed<16, 8, (ap_q_mode)5, (ap_o_mode)3, 0>*)' into 'mfcc(hls::stream<hls::axis<ap_fixed<16, 8, (ap_q_mode)5, (ap_o_mode)3, 0>, 0ul, 0ul, 0ul>, 0>&, hls::stream<hls::axis<ap_fixed<16, 8, (ap_q_mode)5, (ap_o_mode)3, 0>, 0ul, 0ul, 0ul>, 0>&)' (audrey_4_hls/mfcc.cpp:20:0)
INFO: [HLS 214-178] Inlining function 'feature_2_log(ap_fixed<16, 8, (ap_q_mode)5, (ap_o_mode)3, 0>*, ap_fixed<16, 8, (ap_q_mode)5, (ap_o_mode)3, 0>*)' into 'mfcc(hls::stream<hls::axis<ap_fixed<16, 8, (ap_q_mode)5, (ap_o_mode)3, 0>, 0ul, 0ul, 0ul>, 0>&, hls::stream<hls::axis<ap_fixed<16, 8, (ap_q_mode)5, (ap_o_mode)3, 0>, 0ul, 0ul, 0ul>, 0>&)' (audrey_4_hls/mfcc.cpp:20:0)
INFO: [HLS 200-111] Finished Compiling Optimization and Transform: CPU user time: 0 seconds. CPU system time: 0 seconds. Elapsed time: 2.91 seconds; current allocated memory: 1.039 GB.
INFO: [HLS 200-111] Finished Checking Pragmas: CPU user time: 0 seconds. CPU system time: 0 seconds. Elapsed time: 0.005 seconds; current allocated memory: 1.039 GB.
INFO: [HLS 200-10] Starting code transformations ...
INFO: [HLS 200-111] Finished Standard Transforms: CPU user time: 0 seconds. CPU system time: 0 seconds. Elapsed time: 0.109 seconds; current allocated memory: 1.047 GB.
INFO: [HLS 200-10] Checking synthesizability ...
INFO: [HLS 200-111] Finished Checking Synthesizability: CPU user time: 0 seconds. CPU system time: 0 seconds. Elapsed time: 0.077 seconds; current allocated memory: 1.049 GB.
INFO: [XFORM 203-510] Pipelining loop 'VITIS_LOOP_42_1' (audrey_4_hls/mfcc.cpp:42) in function 'mfcc' automatically.
INFO: [XFORM 203-510] Pipelining loop 'VITIS_LOOP_177_1' (audrey_4_hls/mfcc.cpp:177) in function 'mfcc' automatically.
INFO: [XFORM 203-510] Pipelining loop 'VITIS_LOOP_196_1' (audrey_4_hls/mfcc.cpp:196) in function 'mfcc' automatically.
INFO: [XFORM 203-510] Pipelining loop 'VITIS_LOOP_104_2' (audrey_4_hls/mfcc.cpp:104) in function 'mfcc' automatically.
INFO: [XFORM 203-502] Unrolling all sub-loops inside loop 'VITIS_LOOP_177_1' (audrey_4_hls/mfcc.cpp:177) in function 'mfcc' for pipelining.
INFO: [HLS 200-489] Unrolling loop 'VITIS_LOOP_183_2' (audrey_4_hls/mfcc.cpp:183) in function 'mfcc' completely with a factor of 30.
INFO: [XFORM 203-102] Partitioning array 'mel_filterbank' in dimension 2 automatically.
INFO: [XFORM 203-401] Performing if-conversion on hyperblock from (C:/Xilinx/Vitis_HLS/2023.1/common/technology/autopilot/etc/hls_log_apfixed.h:728:42) to (C:/Xilinx/Vitis_HLS/2023.1/common/technology/autopilot/etc/hls_log_apfixed.h:748:17) in function 'log_apfixed_reduce::log<17, 9>'... converting 18 basic blocks.
INFO: [XFORM 203-11] Balancing expressions in function 'mfcc' (audrey_4_hls/mfcc.cpp:17:27)...29 expression(s) balanced.
INFO: [XFORM 203-11] Balancing expressions in function 'log_apfixed_reduce::log<17, 9>' (C:/Xilinx/Vitis_HLS/2023.1/common/technology/autopilot/etc/hls_log_apfixed.h:178:6)...3 expression(s) balanced.
INFO: [HLS 200-111] Finished Loop, function and other optimizations: CPU user time: 0 seconds. CPU system time: 0 seconds. Elapsed time: 0.342 seconds; current allocated memory: 1.073 GB.
INFO: [HLS 200-111] Finished Architecture Synthesis: CPU user time: 0 seconds. CPU system time: 0 seconds. Elapsed time: 0.188 seconds; current allocated memory: 1.112 GB.
INFO: [HLS 200-10] Starting hardware synthesis ...
INFO: [HLS 200-10] Synthesizing 'mfcc' ...
WARNING: [SYN 201-103] Legalizing function name 'log<17, 9>' to 'log_17_9_s'.
INFO: [HLS 200-10] ----------------------------------------------------------------
INFO: [HLS 200-42] -- Implementing module 'mfcc_Pipeline_VITIS_LOOP_42_1' 
INFO: [HLS 200-10] ----------------------------------------------------------------
INFO: [SCHED 204-11] Starting scheduling ...
INFO: [HLS 200-1457] Automatically inferring inferring RAM_1WNR storage type for array 'abs_spectrogram'. Use bind_storage pragma to override this type.
INFO: [SCHED 204-61] Pipelining loop 'VITIS_LOOP_42_1'.
INFO: [HLS 200-1470] Pipelining result : Target II = NA, Final II = 1, Depth = 1, loop 'VITIS_LOOP_42_1'
INFO: [SCHED 204-11] Finished scheduling.
INFO: [HLS 200-111] Finished Scheduling: CPU user time: 0 seconds. CPU system time: 0 seconds. Elapsed time: 0.324 seconds; current allocated memory: 1.117 GB.
INFO: [BIND 205-100] Starting micro-architecture generation ...
INFO: [BIND 205-101] Performing variable lifetime analysis.
INFO: [BIND 205-101] Exploring resource sharing.
INFO: [BIND 205-101] Binding ...
INFO: [BIND 205-100] Finished micro-architecture generation.
INFO: [HLS 200-111] Finished Binding: CPU user time: 0 seconds. CPU system time: 0 seconds. Elapsed time: 0.123 seconds; current allocated memory: 1.118 GB.
INFO: [HLS 200-10] ----------------------------------------------------------------
INFO: [HLS 200-42] -- Implementing module 'mfcc_Pipeline_VITIS_LOOP_177_1' 
INFO: [HLS 200-10] ----------------------------------------------------------------
INFO: [SCHED 204-11] Starting scheduling ...
INFO: [HLS 200-1457] Automatically inferring inferring RAM_1WNR storage type for array 'abs_spectrogram'. Use bind_storage pragma to override this type.
INFO: [SCHED 204-61] Pipelining loop 'VITIS_LOOP_177_1'.
WARNING: [HLS 200-885] The II Violation in module 'mfcc_Pipeline_VITIS_LOOP_177_1' (loop 'VITIS_LOOP_177_1'): Unable to schedule 'load' operation ('abs_spectrogram_load_19', audrey_4_hls/mfcc.cpp:184->audrey_4_hls/mfcc.cpp:63) on array 'abs_spectrogram' due to limited memory ports (II = 1). Please consider using a memory core with more ports or partitioning the array 'abs_spectrogram'.
INFO: [HLS 200-1470] Pipelining result : Target II = NA, Final II = 2, Depth = 9, loop 'VITIS_LOOP_177_1'
INFO: [SCHED 204-11] Finished scheduling.
INFO: [HLS 200-111] Finished Scheduling: CPU user time: 1 seconds. CPU system time: 0 seconds. Elapsed time: 0.674 seconds; current allocated memory: 1.121 GB.
INFO: [BIND 205-100] Starting micro-architecture generation ...
INFO: [BIND 205-101] Performing variable lifetime analysis.
INFO: [BIND 205-101] Exploring resource sharing.
INFO: [BIND 205-101] Binding ...
INFO: [BIND 205-100] Finished micro-architecture generation.
INFO: [HLS 200-111] Finished Binding: CPU user time: 0 seconds. CPU system time: 0 seconds. Elapsed time: 0.283 seconds; current allocated memory: 1.121 GB.
INFO: [HLS 200-10] ----------------------------------------------------------------
INFO: [HLS 200-42] -- Implementing module 'log_17_9_s' 
INFO: [HLS 200-10] ----------------------------------------------------------------
INFO: [SCHED 204-11] Starting scheduling ...
INFO: [HLS 200-486] Changing DSP latency (root=mul_ln184_1) to 3 in order to utilize available DSP registers.
INFO: [SCHED 204-61] Pipelining function 'log<17, 9>'.
INFO: [HLS 200-1470] Pipelining result : Target II = NA, Final II = 1, Depth = 11, function 'log<17, 9>'
INFO: [SCHED 204-11] Finished scheduling.
INFO: [HLS 200-111] Finished Scheduling: CPU user time: 1 seconds. CPU system time: 0 seconds. Elapsed time: 0.708 seconds; current allocated memory: 1.124 GB.
INFO: [BIND 205-100] Starting micro-architecture generation ...
INFO: [BIND 205-101] Performing variable lifetime analysis.
INFO: [BIND 205-101] Exploring resource sharing.
INFO: [BIND 205-101] Binding ...
INFO: [BIND 205-100] Finished micro-architecture generation.
INFO: [HLS 200-111] Finished Binding: CPU user time: 0 seconds. CPU system time: 0 seconds. Elapsed time: 0.232 seconds; current allocated memory: 1.124 GB.
INFO: [HLS 200-10] ----------------------------------------------------------------
INFO: [HLS 200-42] -- Implementing module 'mfcc_Pipeline_VITIS_LOOP_196_1' 
INFO: [HLS 200-10] ----------------------------------------------------------------
INFO: [SCHED 204-11] Starting scheduling ...
INFO: [SCHED 204-61] Pipelining loop 'VITIS_LOOP_196_1'.
INFO: [HLS 200-1470] Pipelining result : Target II = NA, Final II = 1, Depth = 13, loop 'VITIS_LOOP_196_1'
INFO: [SCHED 204-11] Finished scheduling.
INFO: [HLS 200-111] Finished Scheduling: CPU user time: 0 seconds. CPU system time: 0 seconds. Elapsed time: 0.264 seconds; current allocated memory: 1.125 GB.
INFO: [BIND 205-100] Starting micro-architecture generation ...
INFO: [BIND 205-101] Performing variable lifetime analysis.
INFO: [BIND 205-101] Exploring resource sharing.
INFO: [BIND 205-101] Binding ...
INFO: [BIND 205-100] Finished micro-architecture generation.
INFO: [HLS 200-111] Finished Binding: CPU user time: 0 seconds. CPU system time: 0 seconds. Elapsed time: 0.226 seconds; current allocated memory: 1.125 GB.
INFO: [HLS 200-10] ----------------------------------------------------------------
INFO: [HLS 200-42] -- Implementing module 'mfcc_Pipeline_VITIS_LOOP_104_2' 
INFO: [HLS 200-10] ----------------------------------------------------------------
INFO: [SCHED 204-11] Starting scheduling ...
INFO: [SCHED 204-61] Pipelining loop 'VITIS_LOOP_104_2'.
INFO: [HLS 200-1470] Pipelining result : Target II = NA, Final II = 1, Depth = 2, loop 'VITIS_LOOP_104_2'
INFO: [SCHED 204-11] Finished scheduling.
INFO: [HLS 200-111] Finished Scheduling: CPU user time: 0 seconds. CPU system time: 0 seconds. Elapsed time: 0.201 seconds; current allocated memory: 1.125 GB.
INFO: [BIND 205-100] Starting micro-architecture generation ...
INFO: [BIND 205-101] Performing variable lifetime analysis.
INFO: [BIND 205-101] Exploring resource sharing.
INFO: [BIND 205-101] Binding ...
INFO: [BIND 205-100] Finished micro-architecture generation.
INFO: [HLS 200-111] Finished Binding: CPU user time: 0 seconds. CPU system time: 1 seconds. Elapsed time: 0.143 seconds; current allocated memory: 1.125 GB.
INFO: [HLS 200-10] ----------------------------------------------------------------
INFO: [HLS 200-42] -- Implementing module 'mfcc' 
INFO: [HLS 200-10] ----------------------------------------------------------------
INFO: [SCHED 204-11] Starting scheduling ...
INFO: [SCHED 204-11] Finished scheduling.
INFO: [HLS 200-111] Finished Scheduling: CPU user time: 0 seconds. CPU system time: 0 seconds. Elapsed time: 0.204 seconds; current allocated memory: 1.125 GB.
INFO: [BIND 205-100] Starting micro-architecture generation ...
INFO: [BIND 205-101] Performing variable lifetime analysis.
INFO: [BIND 205-101] Exploring resource sharing.
INFO: [BIND 205-101] Binding ...
INFO: [BIND 205-100] Finished micro-architecture generation.
INFO: [HLS 200-111] Finished Binding: CPU user time: 0 seconds. CPU system time: 0 seconds. Elapsed time: 0.27 seconds; current allocated memory: 1.125 GB.
INFO: [HLS 200-10] ----------------------------------------------------------------
INFO: [HLS 200-10] -- Generating RTL for module 'mfcc_Pipeline_VITIS_LOOP_42_1' 
INFO: [HLS 200-10] ----------------------------------------------------------------
INFO: [RTGEN 206-100] Finished creating RTL model for 'mfcc_Pipeline_VITIS_LOOP_42_1'.
INFO: [HLS 200-111] Finished Creating RTL model: CPU user time: 1 seconds. CPU system time: 0 seconds. Elapsed time: 0.203 seconds; current allocated memory: 1.127 GB.
INFO: [HLS 200-10] ----------------------------------------------------------------
INFO: [HLS 200-10] -- Generating RTL for module 'mfcc_Pipeline_VITIS_LOOP_177_1' 
INFO: [HLS 200-10] ----------------------------------------------------------------
INFO: [HLS 200-1030] Apply Unified Pipeline Control on module 'mfcc_Pipeline_VITIS_LOOP_177_1' pipeline 'VITIS_LOOP_177_1' pipeline type 'loop pipeline'
INFO: [RTGEN 206-100] Generating core module 'mul_5ns_16s_21_1_1': 1 instance(s).
INFO: [RTGEN 206-100] Generating core module 'mul_6ns_16s_22_1_1': 2 instance(s).
INFO: [RTGEN 206-100] Generating core module 'mul_7ns_16s_23_1_1': 4 instance(s).
INFO: [RTGEN 206-100] Generating core module 'mul_8ns_16s_24_1_1': 23 instance(s).
INFO: [RTGEN 206-100] Finished creating RTL model for 'mfcc_Pipeline_VITIS_LOOP_177_1'.
INFO: [RTMG 210-279] Implementing memory 'mfcc_mfcc_Pipeline_VITIS_LOOP_177_1_first_ind_ROM_AUTO_1R' using auto ROMs.
INFO: [RTMG 210-279] Implementing memory 'mfcc_mfcc_Pipeline_VITIS_LOOP_177_1_mel_filterbank_0_ROM_AUTO_1R' using auto ROMs.
INFO: [RTMG 210-279] Implementing memory 'mfcc_mfcc_Pipeline_VITIS_LOOP_177_1_mel_filterbank_1_ROM_AUTO_1R' using auto ROMs.
INFO: [RTMG 210-279] Implementing memory 'mfcc_mfcc_Pipeline_VITIS_LOOP_177_1_mel_filterbank_2_ROM_AUTO_1R' using auto ROMs.
INFO: [RTMG 210-279] Implementing memory 'mfcc_mfcc_Pipeline_VITIS_LOOP_177_1_mel_filterbank_3_ROM_AUTO_1R' using auto ROMs.
INFO: [RTMG 210-279] Implementing memory 'mfcc_mfcc_Pipeline_VITIS_LOOP_177_1_mel_filterbank_4_ROM_AUTO_1R' using auto ROMs.
INFO: [RTMG 210-279] Implementing memory 'mfcc_mfcc_Pipeline_VITIS_LOOP_177_1_mel_filterbank_5_ROM_AUTO_1R' using auto ROMs.
INFO: [RTMG 210-279] Implementing memory 'mfcc_mfcc_Pipeline_VITIS_LOOP_177_1_mel_filterbank_6_ROM_AUTO_1R' using auto ROMs.
INFO: [RTMG 210-279] Implementing memory 'mfcc_mfcc_Pipeline_VITIS_LOOP_177_1_mel_filterbank_7_ROM_AUTO_1R' using auto ROMs.
INFO: [RTMG 210-279] Implementing memory 'mfcc_mfcc_Pipeline_VITIS_LOOP_177_1_mel_filterbank_8_ROM_AUTO_1R' using auto ROMs.
INFO: [RTMG 210-279] Implementing memory 'mfcc_mfcc_Pipeline_VITIS_LOOP_177_1_mel_filterbank_9_ROM_AUTO_1R' using auto ROMs.
INFO: [RTMG 210-279] Implementing memory 'mfcc_mfcc_Pipeline_VITIS_LOOP_177_1_mel_filterbank_10_ROM_AUTO_1R' using auto ROMs.
INFO: [RTMG 210-279] Implementing memory 'mfcc_mfcc_Pipeline_VITIS_LOOP_177_1_mel_filterbank_11_ROM_AUTO_1R' using auto ROMs.
INFO: [RTMG 210-279] Implementing memory 'mfcc_mfcc_Pipeline_VITIS_LOOP_177_1_mel_filterbank_12_ROM_AUTO_1R' using auto ROMs.
INFO: [RTMG 210-279] Implementing memory 'mfcc_mfcc_Pipeline_VITIS_LOOP_177_1_mel_filterbank_13_ROM_AUTO_1R' using auto ROMs.
INFO: [RTMG 210-279] Implementing memory 'mfcc_mfcc_Pipeline_VITIS_LOOP_177_1_mel_filterbank_14_ROM_AUTO_1R' using auto ROMs.
INFO: [RTMG 210-279] Implementing memory 'mfcc_mfcc_Pipeline_VITIS_LOOP_177_1_mel_filterbank_15_ROM_AUTO_1R' using auto ROMs.
INFO: [RTMG 210-279] Implementing memory 'mfcc_mfcc_Pipeline_VITIS_LOOP_177_1_mel_filterbank_16_ROM_AUTO_1R' using auto ROMs.
INFO: [RTMG 210-279] Implementing memory 'mfcc_mfcc_Pipeline_VITIS_LOOP_177_1_mel_filterbank_17_ROM_AUTO_1R' using auto ROMs.
INFO: [RTMG 210-279] Implementing memory 'mfcc_mfcc_Pipeline_VITIS_LOOP_177_1_mel_filterbank_18_ROM_AUTO_1R' using auto ROMs.
INFO: [RTMG 210-279] Implementing memory 'mfcc_mfcc_Pipeline_VITIS_LOOP_177_1_mel_filterbank_19_ROM_AUTO_1R' using auto ROMs.
INFO: [RTMG 210-279] Implementing memory 'mfcc_mfcc_Pipeline_VITIS_LOOP_177_1_mel_filterbank_20_ROM_AUTO_1R' using auto ROMs.
INFO: [RTMG 210-279] Implementing memory 'mfcc_mfcc_Pipeline_VITIS_LOOP_177_1_mel_filterbank_21_ROM_AUTO_1R' using auto ROMs.
INFO: [RTMG 210-279] Implementing memory 'mfcc_mfcc_Pipeline_VITIS_LOOP_177_1_mel_filterbank_22_ROM_AUTO_1R' using auto ROMs.
INFO: [RTMG 210-279] Implementing memory 'mfcc_mfcc_Pipeline_VITIS_LOOP_177_1_mel_filterbank_23_ROM_AUTO_1R' using auto ROMs.
INFO: [RTMG 210-279] Implementing memory 'mfcc_mfcc_Pipeline_VITIS_LOOP_177_1_mel_filterbank_24_ROM_AUTO_1R' using auto ROMs.
INFO: [RTMG 210-279] Implementing memory 'mfcc_mfcc_Pipeline_VITIS_LOOP_177_1_mel_filterbank_25_ROM_AUTO_1R' using auto ROMs.
INFO: [RTMG 210-279] Implementing memory 'mfcc_mfcc_Pipeline_VITIS_LOOP_177_1_mel_filterbank_26_ROM_AUTO_1R' using auto ROMs.
INFO: [RTMG 210-279] Implementing memory 'mfcc_mfcc_Pipeline_VITIS_LOOP_177_1_mel_filterbank_27_ROM_AUTO_1R' using auto ROMs.
INFO: [RTMG 210-279] Implementing memory 'mfcc_mfcc_Pipeline_VITIS_LOOP_177_1_mel_filterbank_28_ROM_AUTO_1R' using auto ROMs.
INFO: [RTMG 210-279] Implementing memory 'mfcc_mfcc_Pipeline_VITIS_LOOP_177_1_mel_filterbank_29_ROM_AUTO_1R' using auto ROMs.
INFO: [HLS 200-111] Finished Creating RTL model: CPU user time: 0 seconds. CPU system time: 0 seconds. Elapsed time: 1.031 seconds; current allocated memory: 1.132 GB.
INFO: [HLS 200-10] ----------------------------------------------------------------
INFO: [HLS 200-10] -- Generating RTL for module 'log_17_9_s' 
INFO: [HLS 200-10] ----------------------------------------------------------------
INFO: [HLS 200-1030] Apply Unified Pipeline Control on module 'log_17_9_s' pipeline 'log<17, 9>' pipeline type 'function pipeline'
INFO: [RTGEN 206-100] Generating core module 'mac_mulsub_24ns_4ns_29ns_29_4_1': 1 instance(s).
INFO: [RTGEN 206-100] Generating core module 'mul_29s_6ns_29_2_1': 1 instance(s).
INFO: [RTGEN 206-100] Generating core module 'mul_5s_23ns_28_1_1': 1 instance(s).
INFO: [RTGEN 206-100] Generating core module 'mul_9ns_9ns_18_1_1': 1 instance(s).
INFO: [RTGEN 206-100] Finished creating RTL model for 'log_17_9_s'.
INFO: [RTMG 210-279] Implementing memory 'mfcc_log_17_9_s_log_apfixed_reduce_log_inverse_lut_table_array_ROM_AUTO_1R' using auto ROMs.
INFO: [RTMG 210-279] Implementing memory 'mfcc_log_17_9_s_log_apfixed_reduce_log0_lut_table_ap_fixed_0_5_64_array_ROM_AUTO_1R' using auto ROMs.
INFO: [RTMG 210-279] Implementing memory 'mfcc_log_17_9_s_log_apfixed_reduce_log_lut_table_ap_fixed_4_4_16_array_ROM_AUTO_1R' using auto ROMs.
INFO: [HLS 200-111] Finished Creating RTL model: CPU user time: 1 seconds. CPU system time: 1 seconds. Elapsed time: 1.799 seconds; current allocated memory: 1.140 GB.
INFO: [HLS 200-10] ----------------------------------------------------------------
INFO: [HLS 200-10] -- Generating RTL for module 'mfcc_Pipeline_VITIS_LOOP_196_1' 
INFO: [HLS 200-10] ----------------------------------------------------------------
INFO: [HLS 200-1030] Apply Unified Pipeline Control on module 'mfcc_Pipeline_VITIS_LOOP_196_1' pipeline 'VITIS_LOOP_196_1' pipeline type 'loop pipeline'
INFO: [RTGEN 206-100] Finished creating RTL model for 'mfcc_Pipeline_VITIS_LOOP_196_1'.
INFO: [HLS 200-111] Finished Creating RTL model: CPU user time: 0 seconds. CPU system time: 0 seconds. Elapsed time: 1.383 seconds; current allocated memory: 1.144 GB.
INFO: [HLS 200-10] ----------------------------------------------------------------
INFO: [HLS 200-10] -- Generating RTL for module 'mfcc_Pipeline_VITIS_LOOP_104_2' 
INFO: [HLS 200-10] ----------------------------------------------------------------
INFO: [HLS 200-1030] Apply Unified Pipeline Control on module 'mfcc_Pipeline_VITIS_LOOP_104_2' pipeline 'VITIS_LOOP_104_2' pipeline type 'loop pipeline'
INFO: [RTGEN 206-100] Finished creating RTL model for 'mfcc_Pipeline_VITIS_LOOP_104_2'.
INFO: [HLS 200-111] Finished Creating RTL model: CPU user time: 0 seconds. CPU system time: 1 seconds. Elapsed time: 0.361 seconds; current allocated memory: 1.145 GB.
INFO: [HLS 200-10] ----------------------------------------------------------------
INFO: [HLS 200-10] -- Generating RTL for module 'mfcc' 
INFO: [HLS 200-10] ----------------------------------------------------------------
WARNING: [RTGEN 206-101] Design contains AXI ports. Reset is fixed to synchronous and active low.
INFO: [RTGEN 206-500] Setting interface mode on port 'mfcc/in_stream_V_data_V' to 'axis' (register, both mode).
INFO: [RTGEN 206-500] Setting interface mode on port 'mfcc/in_stream_V_keep_V' to 'axis' (register, both mode).
INFO: [RTGEN 206-500] Setting interface mode on port 'mfcc/in_stream_V_strb_V' to 'axis' (register, both mode).
INFO: [RTGEN 206-500] Setting interface mode on port 'mfcc/in_stream_V_last_V' to 'axis' (register, both mode).
INFO: [RTGEN 206-500] Setting interface mode on port 'mfcc/out_stream_V_data_V' to 'axis' (register, both mode).
INFO: [RTGEN 206-500] Setting interface mode on port 'mfcc/out_stream_V_keep_V' to 'axis' (register, both mode).
INFO: [RTGEN 206-500] Setting interface mode on port 'mfcc/out_stream_V_strb_V' to 'axis' (register, both mode).
INFO: [RTGEN 206-500] Setting interface mode on port 'mfcc/out_stream_V_last_V' to 'axis' (register, both mode).
INFO: [RTGEN 206-500] Setting interface mode on function 'mfcc' to 'ap_ctrl_none'.
INFO: [RTGEN 206-100] Finished creating RTL model for 'mfcc'.
INFO: [RTMG 210-278] Implementing memory 'mfcc_abs_spectrogram_RAM_1WNR_AUTO_1R1W' using auto RAMs.
INFO: [RTMG 210-278] Implementing memory 'mfcc_mel_filtered_RAM_AUTO_1R1W' using auto RAMs.
INFO: [RTMG 210-278] Implementing memory 'mfcc_mfcc_1_RAM_AUTO_1R1W' using auto RAMs.
INFO: [HLS 200-111] Finished Creating RTL model: CPU user time: 0 seconds. CPU system time: 0 seconds. Elapsed time: 0.526 seconds; current allocated memory: 1.146 GB.
INFO: [HLS 200-111] Finished Generating all RTL models: CPU user time: 1 seconds. CPU system time: 0 seconds. Elapsed time: 2.328 seconds; current allocated memory: 1.150 GB.
INFO: [HLS 200-111] Finished Updating report files: CPU user time: 1 seconds. CPU system time: 1 seconds. Elapsed time: 2.385 seconds; current allocated memory: 1.158 GB.
INFO: [VHDL 208-304] Generating VHDL RTL for mfcc.
INFO: [VLOG 209-307] Generating Verilog RTL for mfcc.
INFO: [HLS 200-790] **** Loop Constraint Status: All loop constraints were NOT satisfied.
INFO: [HLS 200-789] **** Estimated Fmax: 145.43 MHz
INFO: [HLS 200-111] Finished Command csynth_design CPU user time: 7 seconds. CPU system time: 4 seconds. Elapsed time: 39.613 seconds; current allocated memory: 130.086 MB.
==============================================================
Vitis HLS - High-Level Synthesis from C, C++ and OpenCL v2023.1 (64-bit)
Tool Version Limit: 2023.05
Copyright 1986-2022 Xilinx, Inc. All Rights Reserved.
Copyright 2022-2023 Advanced Micro Devices, Inc. All Rights Reserved.

==============================================================
INFO: [SYN 201-201] Setting up clock 'default' with a period of 10ns.
INFO: [HLS 200-1611] Setting target device to 'xc7a100t-csg324-1'
INFO: [HLS 200-1505] Using flow_target 'vivado'
INFO: [HLS 200-1510] Running: set_part xc7a100tcsg324-1 
INFO: [HLS 200-1510] Running: create_clock -period 10 -name default 
INFO: [HLS 200-1510] Running: csynth_design 
INFO: [HLS 200-111] Finished File checks and directory preparation: CPU user time: 0 seconds. CPU system time: 1 seconds. Elapsed time: 0.183 seconds; current allocated memory: 1.030 GB.
INFO: [HLS 200-10] Analyzing design file 'audrey_4_hls/mfcc.cpp' ... 
WARNING: [HLS 207-5292] unused parameter 'data_type' (C:/Xilinx/Vitis_HLS/2023.1/common/technology/autopilot\hls_fft.h:100:77)
WARNING: [HLS 207-5292] unused parameter 'has_nfft' (C:/Xilinx/Vitis_HLS/2023.1/common/technology/autopilot\hls_fft.h:125:65)
WARNING: [HLS 207-5292] unused parameter 'cp_len_enable' (C:/Xilinx/Vitis_HLS/2023.1/common/technology/autopilot\hls_fft.h:138:66)
WARNING: [HLS 207-5292] unused parameter 'scaling_opt' (C:/Xilinx/Vitis_HLS/2023.1/common/technology/autopilot\hls_fft.h:151:68)
WARNING: [HLS 207-5292] unused parameter 'scaling_opt' (C:/Xilinx/Vitis_HLS/2023.1/common/technology/autopilot\hls_fft.h:315:71)
WARNING: [HLS 207-5292] unused parameter 'has_ovflo' (C:/Xilinx/Vitis_HLS/2023.1/common/technology/autopilot\hls_fft.h:328:66)
WARNING: [HLS 207-5292] unused parameter 'audio' (audrey_4_hls/mfcc.cpp:142:38)
INFO: [HLS 200-111] Finished Source Code Analysis and Preprocessing: CPU user time: 1 seconds. CPU system time: 0 seconds. Elapsed time: 18.629 seconds; current allocated memory: 1.036 GB.
INFO: [HLS 200-777] Using interface defaults for 'Vivado' flow target.
INFO: [HLS 214-291] Loop 'VITIS_LOOP_729_1' is marked as complete unroll implied by the pipeline pragma (C:/Xilinx/Vitis_HLS/2023.1/common/technology/autopilot/etc/hls_log_apfixed.h:729:31)
INFO: [HLS 214-186] Unrolling loop 'VITIS_LOOP_729_1' (C:/Xilinx/Vitis_HLS/2023.1/common/technology/autopilot/etc/hls_log_apfixed.h:729:31) in function 'log_apfixed_reduce::log<17, 9>' completely with a factor of 17 (C:/Xilinx/Vitis_HLS/2023.1/common/technology/autopilot/etc/hls_log_apfixed.h:500:0)
INFO: [HLS 214-178] Inlining function 'void log_apfixed_reduce::range_reduce<ap_fixed<29, 7, (ap_q_mode)5, (ap_o_mode)3, 0>, 4, 4, 24, 15>(ap_ufixed<24, -(4), (ap_q_mode)5, (ap_o_mode)3, 0>, ap_fixed<29, 7, (ap_q_mode)5, (ap_o_mode)3, 0>&, ap_ufixed<15, -(((4) + (4)) - (1)), (ap_q_mode)5, (ap_o_mode)3, 0>&)' into 'ap_ufixed<15, -7, (ap_q_mode)5, (ap_o_mode)3, 0> log_apfixed_reduce::log_traits<2>::range_reduction<24>(ap_ufixed<24, -4, (ap_q_mode)5, (ap_o_mode)3, 0>, ap_fixed<29, 7, (ap_q_mode)5, (ap_o_mode)3, 0>&)' (C:/Xilinx/Vitis_HLS/2023.1/common/technology/autopilot/etc/hls_log_apfixed.h:249:0)
INFO: [HLS 214-178] Inlining function 'ap_ufixed<15, -7, (ap_q_mode)5, (ap_o_mode)3, 0> log_apfixed_reduce::log_traits<2>::range_reduction<24>(ap_ufixed<24, -4, (ap_q_mode)5, (ap_o_mode)3, 0>, ap_fixed<29, 7, (ap_q_mode)5, (ap_o_mode)3, 0>&)' into 'ap_fixed<17, 9, (ap_q_mode)5, (ap_o_mode)3, 0> log_apfixed_reduce::log<17, 9>(ap_fixed<17, 9, (ap_q_mode)5, (ap_o_mode)3, 0>)' (C:/Xilinx/Vitis_HLS/2023.1/common/technology/autopilot/etc/hls_log_apfixed.h:500:0)
INFO: [HLS 214-178] Inlining function 'ap_fixed<17, 9, (ap_q_mode)5, (ap_o_mode)3, 0> hls::log<17, 9>(ap_fixed<17, 9, (ap_q_mode)5, (ap_o_mode)3, 0>)' into 'feature_2_log(ap_fixed<16, 8, (ap_q_mode)5, (ap_o_mode)3, 0>*, ap_fixed<16, 8, (ap_q_mode)5, (ap_o_mode)3, 0>*)' (audrey_4_hls/mfcc.cpp:195:0)
INFO: [HLS 214-178] Inlining function 'feature_1_mel(ap_fixed<16, 8, (ap_q_mode)5, (ap_o_mode)3, 0>*, ap_fixed<16, 8, (ap_q_mode)5, (ap_o_mode)3, 0>*)' into 'mfcc(hls::stream<hls::axis<ap_fixed<16, 8, (ap_q_mode)5, (ap_o_mode)3, 0>, 0ul, 0ul, 0ul>, 0>&, hls::stream<hls::axis<ap_fixed<16, 8, (ap_q_mode)5, (ap_o_mode)3, 0>, 0ul, 0ul, 0ul>, 0>&)' (audrey_4_hls/mfcc.cpp:20:0)
INFO: [HLS 214-178] Inlining function 'feature_2_log(ap_fixed<16, 8, (ap_q_mode)5, (ap_o_mode)3, 0>*, ap_fixed<16, 8, (ap_q_mode)5, (ap_o_mode)3, 0>*)' into 'mfcc(hls::stream<hls::axis<ap_fixed<16, 8, (ap_q_mode)5, (ap_o_mode)3, 0>, 0ul, 0ul, 0ul>, 0>&, hls::stream<hls::axis<ap_fixed<16, 8, (ap_q_mode)5, (ap_o_mode)3, 0>, 0ul, 0ul, 0ul>, 0>&)' (audrey_4_hls/mfcc.cpp:20:0)
INFO: [HLS 200-111] Finished Compiling Optimization and Transform: CPU user time: 0 seconds. CPU system time: 0 seconds. Elapsed time: 2.732 seconds; current allocated memory: 1.037 GB.
INFO: [HLS 200-111] Finished Checking Pragmas: CPU user time: 0 seconds. CPU system time: 0 seconds. Elapsed time: 0.002 seconds; current allocated memory: 1.037 GB.
INFO: [HLS 200-10] Starting code transformations ...
INFO: [HLS 200-111] Finished Standard Transforms: CPU user time: 0 seconds. CPU system time: 0 seconds. Elapsed time: 0.112 seconds; current allocated memory: 1.045 GB.
INFO: [HLS 200-10] Checking synthesizability ...
INFO: [HLS 200-111] Finished Checking Synthesizability: CPU user time: 0 seconds. CPU system time: 0 seconds. Elapsed time: 0.07 seconds; current allocated memory: 1.047 GB.
INFO: [XFORM 203-510] Pipelining loop 'VITIS_LOOP_42_1' (audrey_4_hls/mfcc.cpp:42) in function 'mfcc' automatically.
INFO: [XFORM 203-510] Pipelining loop 'VITIS_LOOP_177_1' (audrey_4_hls/mfcc.cpp:177) in function 'mfcc' automatically.
INFO: [XFORM 203-510] Pipelining loop 'VITIS_LOOP_196_1' (audrey_4_hls/mfcc.cpp:196) in function 'mfcc' automatically.
INFO: [XFORM 203-510] Pipelining loop 'VITIS_LOOP_104_2' (audrey_4_hls/mfcc.cpp:104) in function 'mfcc' automatically.
INFO: [XFORM 203-502] Unrolling all sub-loops inside loop 'VITIS_LOOP_177_1' (audrey_4_hls/mfcc.cpp:177) in function 'mfcc' for pipelining.
INFO: [HLS 200-489] Unrolling loop 'VITIS_LOOP_183_2' (audrey_4_hls/mfcc.cpp:183) in function 'mfcc' completely with a factor of 30.
INFO: [XFORM 203-102] Partitioning array 'mel_filterbank' in dimension 2 automatically.
INFO: [XFORM 203-401] Performing if-conversion on hyperblock from (C:/Xilinx/Vitis_HLS/2023.1/common/technology/autopilot/etc/hls_log_apfixed.h:728:42) to (C:/Xilinx/Vitis_HLS/2023.1/common/technology/autopilot/etc/hls_log_apfixed.h:748:17) in function 'log_apfixed_reduce::log<17, 9>'... converting 18 basic blocks.
INFO: [XFORM 203-11] Balancing expressions in function 'mfcc' (audrey_4_hls/mfcc.cpp:17:27)...29 expression(s) balanced.
INFO: [XFORM 203-11] Balancing expressions in function 'log_apfixed_reduce::log<17, 9>' (C:/Xilinx/Vitis_HLS/2023.1/common/technology/autopilot/etc/hls_log_apfixed.h:178:6)...3 expression(s) balanced.
INFO: [HLS 200-111] Finished Loop, function and other optimizations: CPU user time: 0 seconds. CPU system time: 0 seconds. Elapsed time: 0.286 seconds; current allocated memory: 1.071 GB.
INFO: [HLS 200-111] Finished Architecture Synthesis: CPU user time: 0 seconds. CPU system time: 0 seconds. Elapsed time: 0.124 seconds; current allocated memory: 1.110 GB.
INFO: [HLS 200-10] Starting hardware synthesis ...
INFO: [HLS 200-10] Synthesizing 'mfcc' ...
WARNING: [SYN 201-103] Legalizing function name 'log<17, 9>' to 'log_17_9_s'.
INFO: [HLS 200-10] ----------------------------------------------------------------
INFO: [HLS 200-42] -- Implementing module 'mfcc_Pipeline_VITIS_LOOP_42_1' 
INFO: [HLS 200-10] ----------------------------------------------------------------
INFO: [SCHED 204-11] Starting scheduling ...
INFO: [HLS 200-1457] Automatically inferring inferring RAM_1WNR storage type for array 'abs_spectrogram'. Use bind_storage pragma to override this type.
INFO: [SCHED 204-61] Pipelining loop 'VITIS_LOOP_42_1'.
INFO: [HLS 200-1470] Pipelining result : Target II = NA, Final II = 1, Depth = 1, loop 'VITIS_LOOP_42_1'
INFO: [SCHED 204-11] Finished scheduling.
INFO: [HLS 200-111] Finished Scheduling: CPU user time: 0 seconds. CPU system time: 0 seconds. Elapsed time: 0.31 seconds; current allocated memory: 1.114 GB.
INFO: [BIND 205-100] Starting micro-architecture generation ...
INFO: [BIND 205-101] Performing variable lifetime analysis.
INFO: [BIND 205-101] Exploring resource sharing.
INFO: [BIND 205-101] Binding ...
INFO: [BIND 205-100] Finished micro-architecture generation.
INFO: [HLS 200-111] Finished Binding: CPU user time: 0 seconds. CPU system time: 0 seconds. Elapsed time: 0.088 seconds; current allocated memory: 1.116 GB.
INFO: [HLS 200-10] ----------------------------------------------------------------
INFO: [HLS 200-42] -- Implementing module 'mfcc_Pipeline_VITIS_LOOP_177_1' 
INFO: [HLS 200-10] ----------------------------------------------------------------
INFO: [SCHED 204-11] Starting scheduling ...
INFO: [HLS 200-1457] Automatically inferring inferring RAM_1WNR storage type for array 'abs_spectrogram'. Use bind_storage pragma to override this type.
INFO: [SCHED 204-61] Pipelining loop 'VITIS_LOOP_177_1'.
WARNING: [HLS 200-885] The II Violation in module 'mfcc_Pipeline_VITIS_LOOP_177_1' (loop 'VITIS_LOOP_177_1'): Unable to schedule 'load' operation ('abs_spectrogram_load_19', audrey_4_hls/mfcc.cpp:184->audrey_4_hls/mfcc.cpp:63) on array 'abs_spectrogram' due to limited memory ports (II = 1). Please consider using a memory core with more ports or partitioning the array 'abs_spectrogram'.
INFO: [HLS 200-1470] Pipelining result : Target II = NA, Final II = 2, Depth = 9, loop 'VITIS_LOOP_177_1'
INFO: [SCHED 204-11] Finished scheduling.
INFO: [HLS 200-111] Finished Scheduling: CPU user time: 1 seconds. CPU system time: 0 seconds. Elapsed time: 0.473 seconds; current allocated memory: 1.119 GB.
INFO: [BIND 205-100] Starting micro-architecture generation ...
INFO: [BIND 205-101] Performing variable lifetime analysis.
INFO: [BIND 205-101] Exploring resource sharing.
INFO: [BIND 205-101] Binding ...
INFO: [BIND 205-100] Finished micro-architecture generation.
INFO: [HLS 200-111] Finished Binding: CPU user time: 0 seconds. CPU system time: 0 seconds. Elapsed time: 0.172 seconds; current allocated memory: 1.119 GB.
INFO: [HLS 200-10] ----------------------------------------------------------------
INFO: [HLS 200-42] -- Implementing module 'log_17_9_s' 
INFO: [HLS 200-10] ----------------------------------------------------------------
INFO: [SCHED 204-11] Starting scheduling ...
INFO: [HLS 200-486] Changing DSP latency (root=mul_ln184_1) to 3 in order to utilize available DSP registers.
INFO: [SCHED 204-61] Pipelining function 'log<17, 9>'.
INFO: [HLS 200-1470] Pipelining result : Target II = NA, Final II = 1, Depth = 11, function 'log<17, 9>'
INFO: [SCHED 204-11] Finished scheduling.
INFO: [HLS 200-111] Finished Scheduling: CPU user time: 0 seconds. CPU system time: 0 seconds. Elapsed time: 0.484 seconds; current allocated memory: 1.123 GB.
INFO: [BIND 205-100] Starting micro-architecture generation ...
INFO: [BIND 205-101] Performing variable lifetime analysis.
INFO: [BIND 205-101] Exploring resource sharing.
INFO: [BIND 205-101] Binding ...
INFO: [BIND 205-100] Finished micro-architecture generation.
INFO: [HLS 200-111] Finished Binding: CPU user time: 0 seconds. CPU system time: 0 seconds. Elapsed time: 0.171 seconds; current allocated memory: 1.123 GB.
INFO: [HLS 200-10] ----------------------------------------------------------------
INFO: [HLS 200-42] -- Implementing module 'mfcc_Pipeline_VITIS_LOOP_196_1' 
INFO: [HLS 200-10] ----------------------------------------------------------------
INFO: [SCHED 204-11] Starting scheduling ...
INFO: [SCHED 204-61] Pipelining loop 'VITIS_LOOP_196_1'.
INFO: [HLS 200-1470] Pipelining result : Target II = NA, Final II = 1, Depth = 13, loop 'VITIS_LOOP_196_1'
INFO: [SCHED 204-11] Finished scheduling.
INFO: [HLS 200-111] Finished Scheduling: CPU user time: 0 seconds. CPU system time: 0 seconds. Elapsed time: 0.196 seconds; current allocated memory: 1.123 GB.
INFO: [BIND 205-100] Starting micro-architecture generation ...
INFO: [BIND 205-101] Performing variable lifetime analysis.
INFO: [BIND 205-101] Exploring resource sharing.
INFO: [BIND 205-101] Binding ...
INFO: [BIND 205-100] Finished micro-architecture generation.
INFO: [HLS 200-111] Finished Binding: CPU user time: 0 seconds. CPU system time: 0 seconds. Elapsed time: 0.151 seconds; current allocated memory: 1.123 GB.
INFO: [HLS 200-10] ----------------------------------------------------------------
INFO: [HLS 200-42] -- Implementing module 'mfcc_Pipeline_VITIS_LOOP_104_2' 
INFO: [HLS 200-10] ----------------------------------------------------------------
INFO: [SCHED 204-11] Starting scheduling ...
INFO: [SCHED 204-61] Pipelining loop 'VITIS_LOOP_104_2'.
INFO: [HLS 200-1470] Pipelining result : Target II = NA, Final II = 1, Depth = 2, loop 'VITIS_LOOP_104_2'
INFO: [SCHED 204-11] Finished scheduling.
INFO: [HLS 200-111] Finished Scheduling: CPU user time: 0 seconds. CPU system time: 0 seconds. Elapsed time: 0.153 seconds; current allocated memory: 1.123 GB.
INFO: [BIND 205-100] Starting micro-architecture generation ...
INFO: [BIND 205-101] Performing variable lifetime analysis.
INFO: [BIND 205-101] Exploring resource sharing.
INFO: [BIND 205-101] Binding ...
INFO: [BIND 205-100] Finished micro-architecture generation.
INFO: [HLS 200-111] Finished Binding: CPU user time: 0 seconds. CPU system time: 0 seconds. Elapsed time: 0.102 seconds; current allocated memory: 1.123 GB.
INFO: [HLS 200-10] ----------------------------------------------------------------
INFO: [HLS 200-42] -- Implementing module 'mfcc' 
INFO: [HLS 200-10] ----------------------------------------------------------------
INFO: [SCHED 204-11] Starting scheduling ...
INFO: [SCHED 204-11] Finished scheduling.
INFO: [HLS 200-111] Finished Scheduling: CPU user time: 0 seconds. CPU system time: 0 seconds. Elapsed time: 0.106 seconds; current allocated memory: 1.123 GB.
INFO: [BIND 205-100] Starting micro-architecture generation ...
INFO: [BIND 205-101] Performing variable lifetime analysis.
INFO: [BIND 205-101] Exploring resource sharing.
INFO: [BIND 205-101] Binding ...
INFO: [BIND 205-100] Finished micro-architecture generation.
INFO: [HLS 200-111] Finished Binding: CPU user time: 0 seconds. CPU system time: 0 seconds. Elapsed time: 0.135 seconds; current allocated memory: 1.123 GB.
INFO: [HLS 200-10] ----------------------------------------------------------------
INFO: [HLS 200-10] -- Generating RTL for module 'mfcc_Pipeline_VITIS_LOOP_42_1' 
INFO: [HLS 200-10] ----------------------------------------------------------------
INFO: [RTGEN 206-100] Finished creating RTL model for 'mfcc_Pipeline_VITIS_LOOP_42_1'.
INFO: [HLS 200-111] Finished Creating RTL model: CPU user time: 0 seconds. CPU system time: 0 seconds. Elapsed time: 0.128 seconds; current allocated memory: 1.125 GB.
INFO: [HLS 200-10] ----------------------------------------------------------------
INFO: [HLS 200-10] -- Generating RTL for module 'mfcc_Pipeline_VITIS_LOOP_177_1' 
INFO: [HLS 200-10] ----------------------------------------------------------------
INFO: [HLS 200-1030] Apply Unified Pipeline Control on module 'mfcc_Pipeline_VITIS_LOOP_177_1' pipeline 'VITIS_LOOP_177_1' pipeline type 'loop pipeline'
INFO: [RTGEN 206-100] Generating core module 'mul_5ns_16s_21_1_1': 1 instance(s).
INFO: [RTGEN 206-100] Generating core module 'mul_6ns_16s_22_1_1': 2 instance(s).
INFO: [RTGEN 206-100] Generating core module 'mul_7ns_16s_23_1_1': 4 instance(s).
INFO: [RTGEN 206-100] Generating core module 'mul_8ns_16s_24_1_1': 23 instance(s).
INFO: [RTGEN 206-100] Finished creating RTL model for 'mfcc_Pipeline_VITIS_LOOP_177_1'.
INFO: [RTMG 210-279] Implementing memory 'mfcc_mfcc_Pipeline_VITIS_LOOP_177_1_first_ind_ROM_AUTO_1R' using auto ROMs.
INFO: [RTMG 210-279] Implementing memory 'mfcc_mfcc_Pipeline_VITIS_LOOP_177_1_mel_filterbank_0_ROM_AUTO_1R' using auto ROMs.
INFO: [RTMG 210-279] Implementing memory 'mfcc_mfcc_Pipeline_VITIS_LOOP_177_1_mel_filterbank_1_ROM_AUTO_1R' using auto ROMs.
INFO: [RTMG 210-279] Implementing memory 'mfcc_mfcc_Pipeline_VITIS_LOOP_177_1_mel_filterbank_2_ROM_AUTO_1R' using auto ROMs.
INFO: [RTMG 210-279] Implementing memory 'mfcc_mfcc_Pipeline_VITIS_LOOP_177_1_mel_filterbank_3_ROM_AUTO_1R' using auto ROMs.
INFO: [RTMG 210-279] Implementing memory 'mfcc_mfcc_Pipeline_VITIS_LOOP_177_1_mel_filterbank_4_ROM_AUTO_1R' using auto ROMs.
INFO: [RTMG 210-279] Implementing memory 'mfcc_mfcc_Pipeline_VITIS_LOOP_177_1_mel_filterbank_5_ROM_AUTO_1R' using auto ROMs.
INFO: [RTMG 210-279] Implementing memory 'mfcc_mfcc_Pipeline_VITIS_LOOP_177_1_mel_filterbank_6_ROM_AUTO_1R' using auto ROMs.
INFO: [RTMG 210-279] Implementing memory 'mfcc_mfcc_Pipeline_VITIS_LOOP_177_1_mel_filterbank_7_ROM_AUTO_1R' using auto ROMs.
INFO: [RTMG 210-279] Implementing memory 'mfcc_mfcc_Pipeline_VITIS_LOOP_177_1_mel_filterbank_8_ROM_AUTO_1R' using auto ROMs.
INFO: [RTMG 210-279] Implementing memory 'mfcc_mfcc_Pipeline_VITIS_LOOP_177_1_mel_filterbank_9_ROM_AUTO_1R' using auto ROMs.
INFO: [RTMG 210-279] Implementing memory 'mfcc_mfcc_Pipeline_VITIS_LOOP_177_1_mel_filterbank_10_ROM_AUTO_1R' using auto ROMs.
INFO: [RTMG 210-279] Implementing memory 'mfcc_mfcc_Pipeline_VITIS_LOOP_177_1_mel_filterbank_11_ROM_AUTO_1R' using auto ROMs.
INFO: [RTMG 210-279] Implementing memory 'mfcc_mfcc_Pipeline_VITIS_LOOP_177_1_mel_filterbank_12_ROM_AUTO_1R' using auto ROMs.
INFO: [RTMG 210-279] Implementing memory 'mfcc_mfcc_Pipeline_VITIS_LOOP_177_1_mel_filterbank_13_ROM_AUTO_1R' using auto ROMs.
INFO: [RTMG 210-279] Implementing memory 'mfcc_mfcc_Pipeline_VITIS_LOOP_177_1_mel_filterbank_14_ROM_AUTO_1R' using auto ROMs.
INFO: [RTMG 210-279] Implementing memory 'mfcc_mfcc_Pipeline_VITIS_LOOP_177_1_mel_filterbank_15_ROM_AUTO_1R' using auto ROMs.
INFO: [RTMG 210-279] Implementing memory 'mfcc_mfcc_Pipeline_VITIS_LOOP_177_1_mel_filterbank_16_ROM_AUTO_1R' using auto ROMs.
INFO: [RTMG 210-279] Implementing memory 'mfcc_mfcc_Pipeline_VITIS_LOOP_177_1_mel_filterbank_17_ROM_AUTO_1R' using auto ROMs.
INFO: [RTMG 210-279] Implementing memory 'mfcc_mfcc_Pipeline_VITIS_LOOP_177_1_mel_filterbank_18_ROM_AUTO_1R' using auto ROMs.
INFO: [RTMG 210-279] Implementing memory 'mfcc_mfcc_Pipeline_VITIS_LOOP_177_1_mel_filterbank_19_ROM_AUTO_1R' using auto ROMs.
INFO: [RTMG 210-279] Implementing memory 'mfcc_mfcc_Pipeline_VITIS_LOOP_177_1_mel_filterbank_20_ROM_AUTO_1R' using auto ROMs.
INFO: [RTMG 210-279] Implementing memory 'mfcc_mfcc_Pipeline_VITIS_LOOP_177_1_mel_filterbank_21_ROM_AUTO_1R' using auto ROMs.
INFO: [RTMG 210-279] Implementing memory 'mfcc_mfcc_Pipeline_VITIS_LOOP_177_1_mel_filterbank_22_ROM_AUTO_1R' using auto ROMs.
INFO: [RTMG 210-279] Implementing memory 'mfcc_mfcc_Pipeline_VITIS_LOOP_177_1_mel_filterbank_23_ROM_AUTO_1R' using auto ROMs.
INFO: [RTMG 210-279] Implementing memory 'mfcc_mfcc_Pipeline_VITIS_LOOP_177_1_mel_filterbank_24_ROM_AUTO_1R' using auto ROMs.
INFO: [RTMG 210-279] Implementing memory 'mfcc_mfcc_Pipeline_VITIS_LOOP_177_1_mel_filterbank_25_ROM_AUTO_1R' using auto ROMs.
INFO: [RTMG 210-279] Implementing memory 'mfcc_mfcc_Pipeline_VITIS_LOOP_177_1_mel_filterbank_26_ROM_AUTO_1R' using auto ROMs.
INFO: [RTMG 210-279] Implementing memory 'mfcc_mfcc_Pipeline_VITIS_LOOP_177_1_mel_filterbank_27_ROM_AUTO_1R' using auto ROMs.
INFO: [RTMG 210-279] Implementing memory 'mfcc_mfcc_Pipeline_VITIS_LOOP_177_1_mel_filterbank_28_ROM_AUTO_1R' using auto ROMs.
INFO: [RTMG 210-279] Implementing memory 'mfcc_mfcc_Pipeline_VITIS_LOOP_177_1_mel_filterbank_29_ROM_AUTO_1R' using auto ROMs.
INFO: [HLS 200-111] Finished Creating RTL model: CPU user time: 1 seconds. CPU system time: 0 seconds. Elapsed time: 0.845 seconds; current allocated memory: 1.130 GB.
INFO: [HLS 200-10] ----------------------------------------------------------------
INFO: [HLS 200-10] -- Generating RTL for module 'log_17_9_s' 
INFO: [HLS 200-10] ----------------------------------------------------------------
INFO: [HLS 200-1030] Apply Unified Pipeline Control on module 'log_17_9_s' pipeline 'log<17, 9>' pipeline type 'function pipeline'
INFO: [RTGEN 206-100] Generating core module 'mac_mulsub_24ns_4ns_29ns_29_4_1': 1 instance(s).
INFO: [RTGEN 206-100] Generating core module 'mul_29s_6ns_29_2_1': 1 instance(s).
INFO: [RTGEN 206-100] Generating core module 'mul_5s_23ns_28_1_1': 1 instance(s).
INFO: [RTGEN 206-100] Generating core module 'mul_9ns_9ns_18_1_1': 1 instance(s).
INFO: [RTGEN 206-100] Finished creating RTL model for 'log_17_9_s'.
INFO: [RTMG 210-279] Implementing memory 'mfcc_log_17_9_s_log_apfixed_reduce_log_inverse_lut_table_array_ROM_AUTO_1R' using auto ROMs.
INFO: [RTMG 210-279] Implementing memory 'mfcc_log_17_9_s_log_apfixed_reduce_log0_lut_table_ap_fixed_0_5_64_array_ROM_AUTO_1R' using auto ROMs.
INFO: [RTMG 210-279] Implementing memory 'mfcc_log_17_9_s_log_apfixed_reduce_log_lut_table_ap_fixed_4_4_16_array_ROM_AUTO_1R' using auto ROMs.
INFO: [HLS 200-111] Finished Creating RTL model: CPU user time: 0 seconds. CPU system time: 0 seconds. Elapsed time: 0.906 seconds; current allocated memory: 1.138 GB.
INFO: [HLS 200-10] ----------------------------------------------------------------
INFO: [HLS 200-10] -- Generating RTL for module 'mfcc_Pipeline_VITIS_LOOP_196_1' 
INFO: [HLS 200-10] ----------------------------------------------------------------
INFO: [HLS 200-1030] Apply Unified Pipeline Control on module 'mfcc_Pipeline_VITIS_LOOP_196_1' pipeline 'VITIS_LOOP_196_1' pipeline type 'loop pipeline'
INFO: [RTGEN 206-100] Finished creating RTL model for 'mfcc_Pipeline_VITIS_LOOP_196_1'.
INFO: [HLS 200-111] Finished Creating RTL model: CPU user time: 0 seconds. CPU system time: 1 seconds. Elapsed time: 0.669 seconds; current allocated memory: 1.142 GB.
INFO: [HLS 200-10] ----------------------------------------------------------------
INFO: [HLS 200-10] -- Generating RTL for module 'mfcc_Pipeline_VITIS_LOOP_104_2' 
INFO: [HLS 200-10] ----------------------------------------------------------------
INFO: [HLS 200-1030] Apply Unified Pipeline Control on module 'mfcc_Pipeline_VITIS_LOOP_104_2' pipeline 'VITIS_LOOP_104_2' pipeline type 'loop pipeline'
INFO: [RTGEN 206-100] Finished creating RTL model for 'mfcc_Pipeline_VITIS_LOOP_104_2'.
INFO: [HLS 200-111] Finished Creating RTL model: CPU user time: 0 seconds. CPU system time: 0 seconds. Elapsed time: 0.221 seconds; current allocated memory: 1.143 GB.
INFO: [HLS 200-10] ----------------------------------------------------------------
INFO: [HLS 200-10] -- Generating RTL for module 'mfcc' 
INFO: [HLS 200-10] ----------------------------------------------------------------
WARNING: [RTGEN 206-101] Design contains AXI ports. Reset is fixed to synchronous and active low.
INFO: [RTGEN 206-500] Setting interface mode on port 'mfcc/in_stream_V_data_V' to 'axis' (register, both mode).
INFO: [RTGEN 206-500] Setting interface mode on port 'mfcc/in_stream_V_keep_V' to 'axis' (register, both mode).
INFO: [RTGEN 206-500] Setting interface mode on port 'mfcc/in_stream_V_strb_V' to 'axis' (register, both mode).
INFO: [RTGEN 206-500] Setting interface mode on port 'mfcc/in_stream_V_last_V' to 'axis' (register, both mode).
INFO: [RTGEN 206-500] Setting interface mode on port 'mfcc/out_stream_V_data_V' to 'axis' (register, both mode).
INFO: [RTGEN 206-500] Setting interface mode on port 'mfcc/out_stream_V_keep_V' to 'axis' (register, both mode).
INFO: [RTGEN 206-500] Setting interface mode on port 'mfcc/out_stream_V_strb_V' to 'axis' (register, both mode).
INFO: [RTGEN 206-500] Setting interface mode on port 'mfcc/out_stream_V_last_V' to 'axis' (register, both mode).
INFO: [RTGEN 206-500] Setting interface mode on function 'mfcc' to 'ap_ctrl_none'.
INFO: [RTGEN 206-100] Finished creating RTL model for 'mfcc'.
INFO: [RTMG 210-278] Implementing memory 'mfcc_abs_spectrogram_RAM_1WNR_AUTO_1R1W' using auto RAMs.
INFO: [RTMG 210-278] Implementing memory 'mfcc_mel_filtered_RAM_AUTO_1R1W' using auto RAMs.
INFO: [RTMG 210-278] Implementing memory 'mfcc_mfcc_1_RAM_AUTO_1R1W' using auto RAMs.
INFO: [HLS 200-111] Finished Creating RTL model: CPU user time: 1 seconds. CPU system time: 0 seconds. Elapsed time: 0.43 seconds; current allocated memory: 1.144 GB.
INFO: [HLS 200-111] Finished Generating all RTL models: CPU user time: 0 seconds. CPU system time: 0 seconds. Elapsed time: 1.342 seconds; current allocated memory: 1.149 GB.
INFO: [HLS 200-111] Finished Updating report files: CPU user time: 0 seconds. CPU system time: 0 seconds. Elapsed time: 1.259 seconds; current allocated memory: 1.155 GB.
INFO: [VHDL 208-304] Generating VHDL RTL for mfcc.
INFO: [VLOG 209-307] Generating Verilog RTL for mfcc.
INFO: [HLS 200-790] **** Loop Constraint Status: All loop constraints were NOT satisfied.
INFO: [HLS 200-789] **** Estimated Fmax: 145.43 MHz
INFO: [HLS 200-111] Finished Command csynth_design CPU user time: 4 seconds. CPU system time: 2 seconds. Elapsed time: 30.902 seconds; current allocated memory: 129.496 MB.
==============================================================
Vitis HLS - High-Level Synthesis from C, C++ and OpenCL v2023.1 (64-bit)
Tool Version Limit: 2023.05
Copyright 1986-2022 Xilinx, Inc. All Rights Reserved.
Copyright 2022-2023 Advanced Micro Devices, Inc. All Rights Reserved.

==============================================================
INFO: [SYN 201-201] Setting up clock 'default' with a period of 10ns.
INFO: [HLS 200-1611] Setting target device to 'xc7a100t-csg324-1'
INFO: [HLS 200-1505] Using flow_target 'vivado'
INFO: [HLS 200-1510] Running: set_part xc7a100tcsg324-1 
INFO: [HLS 200-1510] Running: create_clock -period 10 -name default 
INFO: [HLS 200-1510] Running: csynth_design 
INFO: [HLS 200-111] Finished File checks and directory preparation: CPU user time: 0 seconds. CPU system time: 0 seconds. Elapsed time: 0.088 seconds; current allocated memory: 1.036 GB.
INFO: [HLS 200-10] Analyzing design file 'audrey_4_hls/mfcc.cpp' ... 
WARNING: [HLS 207-5292] unused parameter 'data_type' (C:/Xilinx/Vitis_HLS/2023.1/common/technology/autopilot\hls_fft.h:100:77)
WARNING: [HLS 207-5292] unused parameter 'has_nfft' (C:/Xilinx/Vitis_HLS/2023.1/common/technology/autopilot\hls_fft.h:125:65)
WARNING: [HLS 207-5292] unused parameter 'cp_len_enable' (C:/Xilinx/Vitis_HLS/2023.1/common/technology/autopilot\hls_fft.h:138:66)
WARNING: [HLS 207-5292] unused parameter 'scaling_opt' (C:/Xilinx/Vitis_HLS/2023.1/common/technology/autopilot\hls_fft.h:151:68)
WARNING: [HLS 207-5292] unused parameter 'scaling_opt' (C:/Xilinx/Vitis_HLS/2023.1/common/technology/autopilot\hls_fft.h:315:71)
WARNING: [HLS 207-5292] unused parameter 'has_ovflo' (C:/Xilinx/Vitis_HLS/2023.1/common/technology/autopilot\hls_fft.h:328:66)
WARNING: [HLS 207-5292] unused parameter 'audio' (audrey_4_hls/mfcc.cpp:142:38)
INFO: [HLS 200-111] Finished Source Code Analysis and Preprocessing: CPU user time: 1 seconds. CPU system time: 0 seconds. Elapsed time: 18.525 seconds; current allocated memory: 1.043 GB.
INFO: [HLS 200-777] Using interface defaults for 'Vivado' flow target.
INFO: [HLS 214-291] Loop 'VITIS_LOOP_729_1' is marked as complete unroll implied by the pipeline pragma (C:/Xilinx/Vitis_HLS/2023.1/common/technology/autopilot/etc/hls_log_apfixed.h:729:31)
INFO: [HLS 214-186] Unrolling loop 'VITIS_LOOP_729_1' (C:/Xilinx/Vitis_HLS/2023.1/common/technology/autopilot/etc/hls_log_apfixed.h:729:31) in function 'log_apfixed_reduce::log<17, 9>' completely with a factor of 17 (C:/Xilinx/Vitis_HLS/2023.1/common/technology/autopilot/etc/hls_log_apfixed.h:500:0)
INFO: [HLS 214-178] Inlining function 'void log_apfixed_reduce::range_reduce<ap_fixed<29, 7, (ap_q_mode)5, (ap_o_mode)3, 0>, 4, 4, 24, 15>(ap_ufixed<24, -(4), (ap_q_mode)5, (ap_o_mode)3, 0>, ap_fixed<29, 7, (ap_q_mode)5, (ap_o_mode)3, 0>&, ap_ufixed<15, -(((4) + (4)) - (1)), (ap_q_mode)5, (ap_o_mode)3, 0>&)' into 'ap_ufixed<15, -7, (ap_q_mode)5, (ap_o_mode)3, 0> log_apfixed_reduce::log_traits<2>::range_reduction<24>(ap_ufixed<24, -4, (ap_q_mode)5, (ap_o_mode)3, 0>, ap_fixed<29, 7, (ap_q_mode)5, (ap_o_mode)3, 0>&)' (C:/Xilinx/Vitis_HLS/2023.1/common/technology/autopilot/etc/hls_log_apfixed.h:249:0)
INFO: [HLS 214-178] Inlining function 'ap_ufixed<15, -7, (ap_q_mode)5, (ap_o_mode)3, 0> log_apfixed_reduce::log_traits<2>::range_reduction<24>(ap_ufixed<24, -4, (ap_q_mode)5, (ap_o_mode)3, 0>, ap_fixed<29, 7, (ap_q_mode)5, (ap_o_mode)3, 0>&)' into 'ap_fixed<17, 9, (ap_q_mode)5, (ap_o_mode)3, 0> log_apfixed_reduce::log<17, 9>(ap_fixed<17, 9, (ap_q_mode)5, (ap_o_mode)3, 0>)' (C:/Xilinx/Vitis_HLS/2023.1/common/technology/autopilot/etc/hls_log_apfixed.h:500:0)
INFO: [HLS 214-178] Inlining function 'ap_fixed<17, 9, (ap_q_mode)5, (ap_o_mode)3, 0> hls::log<17, 9>(ap_fixed<17, 9, (ap_q_mode)5, (ap_o_mode)3, 0>)' into 'feature_2_log(ap_fixed<16, 8, (ap_q_mode)5, (ap_o_mode)3, 0>*, ap_fixed<16, 8, (ap_q_mode)5, (ap_o_mode)3, 0>*)' (audrey_4_hls/mfcc.cpp:195:0)
INFO: [HLS 214-178] Inlining function 'feature_1_mel(ap_fixed<16, 8, (ap_q_mode)5, (ap_o_mode)3, 0>*, ap_fixed<16, 8, (ap_q_mode)5, (ap_o_mode)3, 0>*)' into 'mfcc(hls::stream<hls::axis<ap_fixed<16, 8, (ap_q_mode)5, (ap_o_mode)3, 0>, 0ul, 0ul, 0ul>, 0>&, hls::stream<hls::axis<ap_fixed<16, 8, (ap_q_mode)5, (ap_o_mode)3, 0>, 0ul, 0ul, 0ul>, 0>&)' (audrey_4_hls/mfcc.cpp:20:0)
INFO: [HLS 214-178] Inlining function 'feature_2_log(ap_fixed<16, 8, (ap_q_mode)5, (ap_o_mode)3, 0>*, ap_fixed<16, 8, (ap_q_mode)5, (ap_o_mode)3, 0>*)' into 'mfcc(hls::stream<hls::axis<ap_fixed<16, 8, (ap_q_mode)5, (ap_o_mode)3, 0>, 0ul, 0ul, 0ul>, 0>&, hls::stream<hls::axis<ap_fixed<16, 8, (ap_q_mode)5, (ap_o_mode)3, 0>, 0ul, 0ul, 0ul>, 0>&)' (audrey_4_hls/mfcc.cpp:20:0)
INFO: [HLS 200-111] Finished Compiling Optimization and Transform: CPU user time: 0 seconds. CPU system time: 0 seconds. Elapsed time: 2.802 seconds; current allocated memory: 1.044 GB.
INFO: [HLS 200-111] Finished Checking Pragmas: CPU user time: 0 seconds. CPU system time: 0 seconds. Elapsed time: 0.002 seconds; current allocated memory: 1.044 GB.
INFO: [HLS 200-10] Starting code transformations ...
INFO: [HLS 200-111] Finished Standard Transforms: CPU user time: 0 seconds. CPU system time: 0 seconds. Elapsed time: 0.087 seconds; current allocated memory: 1.051 GB.
INFO: [HLS 200-10] Checking synthesizability ...
INFO: [HLS 200-111] Finished Checking Synthesizability: CPU user time: 0 seconds. CPU system time: 0 seconds. Elapsed time: 0.069 seconds; current allocated memory: 1.053 GB.
INFO: [XFORM 203-510] Pipelining loop 'VITIS_LOOP_42_1' (audrey_4_hls/mfcc.cpp:42) in function 'mfcc' automatically.
INFO: [XFORM 203-510] Pipelining loop 'VITIS_LOOP_177_1' (audrey_4_hls/mfcc.cpp:177) in function 'mfcc' automatically.
INFO: [XFORM 203-510] Pipelining loop 'VITIS_LOOP_196_1' (audrey_4_hls/mfcc.cpp:196) in function 'mfcc' automatically.
INFO: [XFORM 203-510] Pipelining loop 'VITIS_LOOP_104_2' (audrey_4_hls/mfcc.cpp:104) in function 'mfcc' automatically.
INFO: [XFORM 203-502] Unrolling all sub-loops inside loop 'VITIS_LOOP_177_1' (audrey_4_hls/mfcc.cpp:177) in function 'mfcc' for pipelining.
INFO: [HLS 200-489] Unrolling loop 'VITIS_LOOP_183_2' (audrey_4_hls/mfcc.cpp:183) in function 'mfcc' completely with a factor of 30.
INFO: [XFORM 203-102] Partitioning array 'mel_filterbank' in dimension 2 automatically.
INFO: [XFORM 203-401] Performing if-conversion on hyperblock from (C:/Xilinx/Vitis_HLS/2023.1/common/technology/autopilot/etc/hls_log_apfixed.h:728:42) to (C:/Xilinx/Vitis_HLS/2023.1/common/technology/autopilot/etc/hls_log_apfixed.h:748:17) in function 'log_apfixed_reduce::log<17, 9>'... converting 18 basic blocks.
INFO: [XFORM 203-11] Balancing expressions in function 'mfcc' (audrey_4_hls/mfcc.cpp:17:27)...29 expression(s) balanced.
INFO: [XFORM 203-11] Balancing expressions in function 'log_apfixed_reduce::log<17, 9>' (C:/Xilinx/Vitis_HLS/2023.1/common/technology/autopilot/etc/hls_log_apfixed.h:178:6)...3 expression(s) balanced.
INFO: [HLS 200-111] Finished Loop, function and other optimizations: CPU user time: 0 seconds. CPU system time: 0 seconds. Elapsed time: 0.291 seconds; current allocated memory: 1.077 GB.
INFO: [HLS 200-111] Finished Architecture Synthesis: CPU user time: 0 seconds. CPU system time: 0 seconds. Elapsed time: 0.124 seconds; current allocated memory: 1.117 GB.
INFO: [HLS 200-10] Starting hardware synthesis ...
INFO: [HLS 200-10] Synthesizing 'mfcc' ...
WARNING: [SYN 201-103] Legalizing function name 'log<17, 9>' to 'log_17_9_s'.
INFO: [HLS 200-10] ----------------------------------------------------------------
INFO: [HLS 200-42] -- Implementing module 'mfcc_Pipeline_VITIS_LOOP_42_1' 
INFO: [HLS 200-10] ----------------------------------------------------------------
INFO: [SCHED 204-11] Starting scheduling ...
INFO: [HLS 200-1457] Automatically inferring inferring RAM_1WNR storage type for array 'abs_spectrogram'. Use bind_storage pragma to override this type.
INFO: [SCHED 204-61] Pipelining loop 'VITIS_LOOP_42_1'.
INFO: [HLS 200-1470] Pipelining result : Target II = NA, Final II = 1, Depth = 1, loop 'VITIS_LOOP_42_1'
INFO: [SCHED 204-11] Finished scheduling.
INFO: [HLS 200-111] Finished Scheduling: CPU user time: 0 seconds. CPU system time: 0 seconds. Elapsed time: 0.319 seconds; current allocated memory: 1.121 GB.
INFO: [BIND 205-100] Starting micro-architecture generation ...
INFO: [BIND 205-101] Performing variable lifetime analysis.
INFO: [BIND 205-101] Exploring resource sharing.
INFO: [BIND 205-101] Binding ...
INFO: [BIND 205-100] Finished micro-architecture generation.
INFO: [HLS 200-111] Finished Binding: CPU user time: 0 seconds. CPU system time: 0 seconds. Elapsed time: 0.084 seconds; current allocated memory: 1.122 GB.
INFO: [HLS 200-10] ----------------------------------------------------------------
INFO: [HLS 200-42] -- Implementing module 'mfcc_Pipeline_VITIS_LOOP_177_1' 
INFO: [HLS 200-10] ----------------------------------------------------------------
INFO: [SCHED 204-11] Starting scheduling ...
INFO: [HLS 200-1457] Automatically inferring inferring RAM_1WNR storage type for array 'abs_spectrogram'. Use bind_storage pragma to override this type.
INFO: [SCHED 204-61] Pipelining loop 'VITIS_LOOP_177_1'.
WARNING: [HLS 200-885] The II Violation in module 'mfcc_Pipeline_VITIS_LOOP_177_1' (loop 'VITIS_LOOP_177_1'): Unable to schedule 'load' operation ('abs_spectrogram_load_19', audrey_4_hls/mfcc.cpp:184->audrey_4_hls/mfcc.cpp:63) on array 'abs_spectrogram' due to limited memory ports (II = 1). Please consider using a memory core with more ports or partitioning the array 'abs_spectrogram'.
INFO: [HLS 200-1470] Pipelining result : Target II = NA, Final II = 2, Depth = 9, loop 'VITIS_LOOP_177_1'
INFO: [SCHED 204-11] Finished scheduling.
INFO: [HLS 200-111] Finished Scheduling: CPU user time: 0 seconds. CPU system time: 0 seconds. Elapsed time: 0.456 seconds; current allocated memory: 1.126 GB.
INFO: [BIND 205-100] Starting micro-architecture generation ...
INFO: [BIND 205-101] Performing variable lifetime analysis.
INFO: [BIND 205-101] Exploring resource sharing.
INFO: [BIND 205-101] Binding ...
INFO: [BIND 205-100] Finished micro-architecture generation.
INFO: [HLS 200-111] Finished Binding: CPU user time: 0 seconds. CPU system time: 0 seconds. Elapsed time: 0.18 seconds; current allocated memory: 1.126 GB.
INFO: [HLS 200-10] ----------------------------------------------------------------
INFO: [HLS 200-42] -- Implementing module 'log_17_9_s' 
INFO: [HLS 200-10] ----------------------------------------------------------------
INFO: [SCHED 204-11] Starting scheduling ...
INFO: [HLS 200-486] Changing DSP latency (root=mul_ln184_1) to 3 in order to utilize available DSP registers.
INFO: [SCHED 204-61] Pipelining function 'log<17, 9>'.
INFO: [HLS 200-1470] Pipelining result : Target II = NA, Final II = 1, Depth = 11, function 'log<17, 9>'
INFO: [SCHED 204-11] Finished scheduling.
INFO: [HLS 200-111] Finished Scheduling: CPU user time: 1 seconds. CPU system time: 0 seconds. Elapsed time: 0.497 seconds; current allocated memory: 1.129 GB.
INFO: [BIND 205-100] Starting micro-architecture generation ...
INFO: [BIND 205-101] Performing variable lifetime analysis.
INFO: [BIND 205-101] Exploring resource sharing.
INFO: [BIND 205-101] Binding ...
INFO: [BIND 205-100] Finished micro-architecture generation.
INFO: [HLS 200-111] Finished Binding: CPU user time: 0 seconds. CPU system time: 0 seconds. Elapsed time: 0.168 seconds; current allocated memory: 1.129 GB.
INFO: [HLS 200-10] ----------------------------------------------------------------
INFO: [HLS 200-42] -- Implementing module 'mfcc_Pipeline_VITIS_LOOP_196_1' 
INFO: [HLS 200-10] ----------------------------------------------------------------
INFO: [SCHED 204-11] Starting scheduling ...
INFO: [SCHED 204-61] Pipelining loop 'VITIS_LOOP_196_1'.
INFO: [HLS 200-1470] Pipelining result : Target II = NA, Final II = 1, Depth = 13, loop 'VITIS_LOOP_196_1'
INFO: [SCHED 204-11] Finished scheduling.
INFO: [HLS 200-111] Finished Scheduling: CPU user time: 0 seconds. CPU system time: 0 seconds. Elapsed time: 0.196 seconds; current allocated memory: 1.129 GB.
INFO: [BIND 205-100] Starting micro-architecture generation ...
INFO: [BIND 205-101] Performing variable lifetime analysis.
INFO: [BIND 205-101] Exploring resource sharing.
INFO: [BIND 205-101] Binding ...
INFO: [BIND 205-100] Finished micro-architecture generation.
INFO: [HLS 200-111] Finished Binding: CPU user time: 0 seconds. CPU system time: 0 seconds. Elapsed time: 0.14 seconds; current allocated memory: 1.129 GB.
INFO: [HLS 200-10] ----------------------------------------------------------------
INFO: [HLS 200-42] -- Implementing module 'mfcc_Pipeline_VITIS_LOOP_104_2' 
INFO: [HLS 200-10] ----------------------------------------------------------------
INFO: [SCHED 204-11] Starting scheduling ...
INFO: [SCHED 204-61] Pipelining loop 'VITIS_LOOP_104_2'.
INFO: [HLS 200-1470] Pipelining result : Target II = NA, Final II = 1, Depth = 2, loop 'VITIS_LOOP_104_2'
INFO: [SCHED 204-11] Finished scheduling.
INFO: [HLS 200-111] Finished Scheduling: CPU user time: 0 seconds. CPU system time: 0 seconds. Elapsed time: 0.129 seconds; current allocated memory: 1.130 GB.
INFO: [BIND 205-100] Starting micro-architecture generation ...
INFO: [BIND 205-101] Performing variable lifetime analysis.
INFO: [BIND 205-101] Exploring resource sharing.
INFO: [BIND 205-101] Binding ...
INFO: [BIND 205-100] Finished micro-architecture generation.
INFO: [HLS 200-111] Finished Binding: CPU user time: 0 seconds. CPU system time: 0 seconds. Elapsed time: 0.092 seconds; current allocated memory: 1.130 GB.
INFO: [HLS 200-10] ----------------------------------------------------------------
INFO: [HLS 200-42] -- Implementing module 'mfcc' 
INFO: [HLS 200-10] ----------------------------------------------------------------
INFO: [SCHED 204-11] Starting scheduling ...
INFO: [SCHED 204-11] Finished scheduling.
INFO: [HLS 200-111] Finished Scheduling: CPU user time: 0 seconds. CPU system time: 0 seconds. Elapsed time: 0.108 seconds; current allocated memory: 1.130 GB.
INFO: [BIND 205-100] Starting micro-architecture generation ...
INFO: [BIND 205-101] Performing variable lifetime analysis.
INFO: [BIND 205-101] Exploring resource sharing.
INFO: [BIND 205-101] Binding ...
INFO: [BIND 205-100] Finished micro-architecture generation.
INFO: [HLS 200-111] Finished Binding: CPU user time: 0 seconds. CPU system time: 0 seconds. Elapsed time: 0.148 seconds; current allocated memory: 1.130 GB.
INFO: [HLS 200-10] ----------------------------------------------------------------
INFO: [HLS 200-10] -- Generating RTL for module 'mfcc_Pipeline_VITIS_LOOP_42_1' 
INFO: [HLS 200-10] ----------------------------------------------------------------
INFO: [RTGEN 206-100] Finished creating RTL model for 'mfcc_Pipeline_VITIS_LOOP_42_1'.
INFO: [HLS 200-111] Finished Creating RTL model: CPU user time: 0 seconds. CPU system time: 0 seconds. Elapsed time: 0.123 seconds; current allocated memory: 1.131 GB.
INFO: [HLS 200-10] ----------------------------------------------------------------
INFO: [HLS 200-10] -- Generating RTL for module 'mfcc_Pipeline_VITIS_LOOP_177_1' 
INFO: [HLS 200-10] ----------------------------------------------------------------
INFO: [HLS 200-1030] Apply Unified Pipeline Control on module 'mfcc_Pipeline_VITIS_LOOP_177_1' pipeline 'VITIS_LOOP_177_1' pipeline type 'loop pipeline'
INFO: [RTGEN 206-100] Generating core module 'mul_5ns_16s_21_1_1': 1 instance(s).
INFO: [RTGEN 206-100] Generating core module 'mul_6ns_16s_22_1_1': 2 instance(s).
INFO: [RTGEN 206-100] Generating core module 'mul_7ns_16s_23_1_1': 4 instance(s).
INFO: [RTGEN 206-100] Generating core module 'mul_8ns_16s_24_1_1': 23 instance(s).
INFO: [RTGEN 206-100] Finished creating RTL model for 'mfcc_Pipeline_VITIS_LOOP_177_1'.
INFO: [RTMG 210-279] Implementing memory 'mfcc_mfcc_Pipeline_VITIS_LOOP_177_1_first_ind_ROM_AUTO_1R' using auto ROMs.
INFO: [RTMG 210-279] Implementing memory 'mfcc_mfcc_Pipeline_VITIS_LOOP_177_1_mel_filterbank_0_ROM_AUTO_1R' using auto ROMs.
INFO: [RTMG 210-279] Implementing memory 'mfcc_mfcc_Pipeline_VITIS_LOOP_177_1_mel_filterbank_1_ROM_AUTO_1R' using auto ROMs.
INFO: [RTMG 210-279] Implementing memory 'mfcc_mfcc_Pipeline_VITIS_LOOP_177_1_mel_filterbank_2_ROM_AUTO_1R' using auto ROMs.
INFO: [RTMG 210-279] Implementing memory 'mfcc_mfcc_Pipeline_VITIS_LOOP_177_1_mel_filterbank_3_ROM_AUTO_1R' using auto ROMs.
INFO: [RTMG 210-279] Implementing memory 'mfcc_mfcc_Pipeline_VITIS_LOOP_177_1_mel_filterbank_4_ROM_AUTO_1R' using auto ROMs.
INFO: [RTMG 210-279] Implementing memory 'mfcc_mfcc_Pipeline_VITIS_LOOP_177_1_mel_filterbank_5_ROM_AUTO_1R' using auto ROMs.
INFO: [RTMG 210-279] Implementing memory 'mfcc_mfcc_Pipeline_VITIS_LOOP_177_1_mel_filterbank_6_ROM_AUTO_1R' using auto ROMs.
INFO: [RTMG 210-279] Implementing memory 'mfcc_mfcc_Pipeline_VITIS_LOOP_177_1_mel_filterbank_7_ROM_AUTO_1R' using auto ROMs.
INFO: [RTMG 210-279] Implementing memory 'mfcc_mfcc_Pipeline_VITIS_LOOP_177_1_mel_filterbank_8_ROM_AUTO_1R' using auto ROMs.
INFO: [RTMG 210-279] Implementing memory 'mfcc_mfcc_Pipeline_VITIS_LOOP_177_1_mel_filterbank_9_ROM_AUTO_1R' using auto ROMs.
INFO: [RTMG 210-279] Implementing memory 'mfcc_mfcc_Pipeline_VITIS_LOOP_177_1_mel_filterbank_10_ROM_AUTO_1R' using auto ROMs.
INFO: [RTMG 210-279] Implementing memory 'mfcc_mfcc_Pipeline_VITIS_LOOP_177_1_mel_filterbank_11_ROM_AUTO_1R' using auto ROMs.
INFO: [RTMG 210-279] Implementing memory 'mfcc_mfcc_Pipeline_VITIS_LOOP_177_1_mel_filterbank_12_ROM_AUTO_1R' using auto ROMs.
INFO: [RTMG 210-279] Implementing memory 'mfcc_mfcc_Pipeline_VITIS_LOOP_177_1_mel_filterbank_13_ROM_AUTO_1R' using auto ROMs.
INFO: [RTMG 210-279] Implementing memory 'mfcc_mfcc_Pipeline_VITIS_LOOP_177_1_mel_filterbank_14_ROM_AUTO_1R' using auto ROMs.
INFO: [RTMG 210-279] Implementing memory 'mfcc_mfcc_Pipeline_VITIS_LOOP_177_1_mel_filterbank_15_ROM_AUTO_1R' using auto ROMs.
INFO: [RTMG 210-279] Implementing memory 'mfcc_mfcc_Pipeline_VITIS_LOOP_177_1_mel_filterbank_16_ROM_AUTO_1R' using auto ROMs.
INFO: [RTMG 210-279] Implementing memory 'mfcc_mfcc_Pipeline_VITIS_LOOP_177_1_mel_filterbank_17_ROM_AUTO_1R' using auto ROMs.
INFO: [RTMG 210-279] Implementing memory 'mfcc_mfcc_Pipeline_VITIS_LOOP_177_1_mel_filterbank_18_ROM_AUTO_1R' using auto ROMs.
INFO: [RTMG 210-279] Implementing memory 'mfcc_mfcc_Pipeline_VITIS_LOOP_177_1_mel_filterbank_19_ROM_AUTO_1R' using auto ROMs.
INFO: [RTMG 210-279] Implementing memory 'mfcc_mfcc_Pipeline_VITIS_LOOP_177_1_mel_filterbank_20_ROM_AUTO_1R' using auto ROMs.
INFO: [RTMG 210-279] Implementing memory 'mfcc_mfcc_Pipeline_VITIS_LOOP_177_1_mel_filterbank_21_ROM_AUTO_1R' using auto ROMs.
INFO: [RTMG 210-279] Implementing memory 'mfcc_mfcc_Pipeline_VITIS_LOOP_177_1_mel_filterbank_22_ROM_AUTO_1R' using auto ROMs.
INFO: [RTMG 210-279] Implementing memory 'mfcc_mfcc_Pipeline_VITIS_LOOP_177_1_mel_filterbank_23_ROM_AUTO_1R' using auto ROMs.
INFO: [RTMG 210-279] Implementing memory 'mfcc_mfcc_Pipeline_VITIS_LOOP_177_1_mel_filterbank_24_ROM_AUTO_1R' using auto ROMs.
INFO: [RTMG 210-279] Implementing memory 'mfcc_mfcc_Pipeline_VITIS_LOOP_177_1_mel_filterbank_25_ROM_AUTO_1R' using auto ROMs.
INFO: [RTMG 210-279] Implementing memory 'mfcc_mfcc_Pipeline_VITIS_LOOP_177_1_mel_filterbank_26_ROM_AUTO_1R' using auto ROMs.
INFO: [RTMG 210-279] Implementing memory 'mfcc_mfcc_Pipeline_VITIS_LOOP_177_1_mel_filterbank_27_ROM_AUTO_1R' using auto ROMs.
INFO: [RTMG 210-279] Implementing memory 'mfcc_mfcc_Pipeline_VITIS_LOOP_177_1_mel_filterbank_28_ROM_AUTO_1R' using auto ROMs.
INFO: [RTMG 210-279] Implementing memory 'mfcc_mfcc_Pipeline_VITIS_LOOP_177_1_mel_filterbank_29_ROM_AUTO_1R' using auto ROMs.
INFO: [HLS 200-111] Finished Creating RTL model: CPU user time: 1 seconds. CPU system time: 1 seconds. Elapsed time: 0.883 seconds; current allocated memory: 1.136 GB.
INFO: [HLS 200-10] ----------------------------------------------------------------
INFO: [HLS 200-10] -- Generating RTL for module 'log_17_9_s' 
INFO: [HLS 200-10] ----------------------------------------------------------------
INFO: [HLS 200-1030] Apply Unified Pipeline Control on module 'log_17_9_s' pipeline 'log<17, 9>' pipeline type 'function pipeline'
INFO: [RTGEN 206-100] Generating core module 'mac_mulsub_24ns_4ns_29ns_29_4_1': 1 instance(s).
INFO: [RTGEN 206-100] Generating core module 'mul_29s_6ns_29_2_1': 1 instance(s).
INFO: [RTGEN 206-100] Generating core module 'mul_5s_23ns_28_1_1': 1 instance(s).
INFO: [RTGEN 206-100] Generating core module 'mul_9ns_9ns_18_1_1': 1 instance(s).
INFO: [RTGEN 206-100] Finished creating RTL model for 'log_17_9_s'.
INFO: [RTMG 210-279] Implementing memory 'mfcc_log_17_9_s_log_apfixed_reduce_log_inverse_lut_table_array_ROM_AUTO_1R' using auto ROMs.
INFO: [RTMG 210-279] Implementing memory 'mfcc_log_17_9_s_log_apfixed_reduce_log0_lut_table_ap_fixed_0_5_64_array_ROM_AUTO_1R' using auto ROMs.
INFO: [RTMG 210-279] Implementing memory 'mfcc_log_17_9_s_log_apfixed_reduce_log_lut_table_ap_fixed_4_4_16_array_ROM_AUTO_1R' using auto ROMs.
INFO: [HLS 200-111] Finished Creating RTL model: CPU user time: 0 seconds. CPU system time: 0 seconds. Elapsed time: 0.902 seconds; current allocated memory: 1.144 GB.
INFO: [HLS 200-10] ----------------------------------------------------------------
INFO: [HLS 200-10] -- Generating RTL for module 'mfcc_Pipeline_VITIS_LOOP_196_1' 
INFO: [HLS 200-10] ----------------------------------------------------------------
INFO: [HLS 200-1030] Apply Unified Pipeline Control on module 'mfcc_Pipeline_VITIS_LOOP_196_1' pipeline 'VITIS_LOOP_196_1' pipeline type 'loop pipeline'
INFO: [RTGEN 206-100] Finished creating RTL model for 'mfcc_Pipeline_VITIS_LOOP_196_1'.
INFO: [HLS 200-111] Finished Creating RTL model: CPU user time: 0 seconds. CPU system time: 0 seconds. Elapsed time: 0.656 seconds; current allocated memory: 1.148 GB.
INFO: [HLS 200-10] ----------------------------------------------------------------
INFO: [HLS 200-10] -- Generating RTL for module 'mfcc_Pipeline_VITIS_LOOP_104_2' 
INFO: [HLS 200-10] ----------------------------------------------------------------
INFO: [HLS 200-1030] Apply Unified Pipeline Control on module 'mfcc_Pipeline_VITIS_LOOP_104_2' pipeline 'VITIS_LOOP_104_2' pipeline type 'loop pipeline'
INFO: [RTGEN 206-100] Finished creating RTL model for 'mfcc_Pipeline_VITIS_LOOP_104_2'.
INFO: [HLS 200-111] Finished Creating RTL model: CPU user time: 0 seconds. CPU system time: 0 seconds. Elapsed time: 0.208 seconds; current allocated memory: 1.149 GB.
INFO: [HLS 200-10] ----------------------------------------------------------------
INFO: [HLS 200-10] -- Generating RTL for module 'mfcc' 
INFO: [HLS 200-10] ----------------------------------------------------------------
WARNING: [RTGEN 206-101] Design contains AXI ports. Reset is fixed to synchronous and active low.
INFO: [RTGEN 206-500] Setting interface mode on port 'mfcc/in_stream_V_data_V' to 'axis' (register, both mode).
INFO: [RTGEN 206-500] Setting interface mode on port 'mfcc/in_stream_V_keep_V' to 'axis' (register, both mode).
INFO: [RTGEN 206-500] Setting interface mode on port 'mfcc/in_stream_V_strb_V' to 'axis' (register, both mode).
INFO: [RTGEN 206-500] Setting interface mode on port 'mfcc/in_stream_V_last_V' to 'axis' (register, both mode).
INFO: [RTGEN 206-500] Setting interface mode on port 'mfcc/out_stream_V_data_V' to 'axis' (register, both mode).
INFO: [RTGEN 206-500] Setting interface mode on port 'mfcc/out_stream_V_keep_V' to 'axis' (register, both mode).
INFO: [RTGEN 206-500] Setting interface mode on port 'mfcc/out_stream_V_strb_V' to 'axis' (register, both mode).
INFO: [RTGEN 206-500] Setting interface mode on port 'mfcc/out_stream_V_last_V' to 'axis' (register, both mode).
INFO: [RTGEN 206-500] Setting interface mode on function 'mfcc' to 'ap_ctrl_none'.
INFO: [RTGEN 206-100] Finished creating RTL model for 'mfcc'.
INFO: [RTMG 210-278] Implementing memory 'mfcc_abs_spectrogram_RAM_1WNR_AUTO_1R1W' using auto RAMs.
INFO: [RTMG 210-278] Implementing memory 'mfcc_mel_filtered_RAM_AUTO_1R1W' using auto RAMs.
INFO: [RTMG 210-278] Implementing memory 'mfcc_mfcc_1_RAM_AUTO_1R1W' using auto RAMs.
INFO: [HLS 200-111] Finished Creating RTL model: CPU user time: 0 seconds. CPU system time: 0 seconds. Elapsed time: 0.415 seconds; current allocated memory: 1.151 GB.
INFO: [HLS 200-111] Finished Generating all RTL models: CPU user time: 1 seconds. CPU system time: 1 seconds. Elapsed time: 1.375 seconds; current allocated memory: 1.155 GB.
INFO: [HLS 200-111] Finished Updating report files: CPU user time: 0 seconds. CPU system time: 0 seconds. Elapsed time: 1.169 seconds; current allocated memory: 1.162 GB.
INFO: [VHDL 208-304] Generating VHDL RTL for mfcc.
INFO: [VLOG 209-307] Generating Verilog RTL for mfcc.
INFO: [HLS 200-790] **** Loop Constraint Status: All loop constraints were NOT satisfied.
INFO: [HLS 200-789] **** Estimated Fmax: 145.43 MHz
INFO: [HLS 200-111] Finished Command csynth_design CPU user time: 4 seconds. CPU system time: 2 seconds. Elapsed time: 30.664 seconds; current allocated memory: 129.883 MB.
==============================================================
Vitis HLS - High-Level Synthesis from C, C++ and OpenCL v2023.1 (64-bit)
Tool Version Limit: 2023.05
Copyright 1986-2022 Xilinx, Inc. All Rights Reserved.
Copyright 2022-2023 Advanced Micro Devices, Inc. All Rights Reserved.

==============================================================
INFO: [SYN 201-201] Setting up clock 'default' with a period of 10ns.
INFO: [HLS 200-1611] Setting target device to 'xc7a100t-csg324-1'
INFO: [HLS 200-1505] Using flow_target 'vivado'
INFO: [HLS 200-1510] Running: set_part xc7a100tcsg324-1 
INFO: [HLS 200-1510] Running: create_clock -period 10 -name default 
INFO: [HLS 200-1510] Running: csynth_design 
INFO: [HLS 200-111] Finished File checks and directory preparation: CPU user time: 0 seconds. CPU system time: 0 seconds. Elapsed time: 0.101 seconds; current allocated memory: 1.030 GB.
INFO: [HLS 200-10] Analyzing design file 'audrey_4_hls/mfcc.cpp' ... 
WARNING: [HLS 207-5292] unused parameter 'data_type' (C:/Xilinx/Vitis_HLS/2023.1/common/technology/autopilot\hls_fft.h:100:77)
WARNING: [HLS 207-5292] unused parameter 'has_nfft' (C:/Xilinx/Vitis_HLS/2023.1/common/technology/autopilot\hls_fft.h:125:65)
WARNING: [HLS 207-5292] unused parameter 'cp_len_enable' (C:/Xilinx/Vitis_HLS/2023.1/common/technology/autopilot\hls_fft.h:138:66)
WARNING: [HLS 207-5292] unused parameter 'scaling_opt' (C:/Xilinx/Vitis_HLS/2023.1/common/technology/autopilot\hls_fft.h:151:68)
WARNING: [HLS 207-5292] unused parameter 'scaling_opt' (C:/Xilinx/Vitis_HLS/2023.1/common/technology/autopilot\hls_fft.h:315:71)
WARNING: [HLS 207-5292] unused parameter 'has_ovflo' (C:/Xilinx/Vitis_HLS/2023.1/common/technology/autopilot\hls_fft.h:328:66)
WARNING: [HLS 207-5292] unused parameter 'audio' (audrey_4_hls/mfcc.cpp:142:38)
INFO: [HLS 200-111] Finished Source Code Analysis and Preprocessing: CPU user time: 1 seconds. CPU system time: 0 seconds. Elapsed time: 19.151 seconds; current allocated memory: 1.037 GB.
INFO: [HLS 200-777] Using interface defaults for 'Vivado' flow target.
INFO: [HLS 214-291] Loop 'VITIS_LOOP_729_1' is marked as complete unroll implied by the pipeline pragma (C:/Xilinx/Vitis_HLS/2023.1/common/technology/autopilot/etc/hls_log_apfixed.h:729:31)
INFO: [HLS 214-186] Unrolling loop 'VITIS_LOOP_729_1' (C:/Xilinx/Vitis_HLS/2023.1/common/technology/autopilot/etc/hls_log_apfixed.h:729:31) in function 'log_apfixed_reduce::log<17, 9>' completely with a factor of 17 (C:/Xilinx/Vitis_HLS/2023.1/common/technology/autopilot/etc/hls_log_apfixed.h:500:0)
INFO: [HLS 214-178] Inlining function 'void log_apfixed_reduce::range_reduce<ap_fixed<29, 7, (ap_q_mode)5, (ap_o_mode)3, 0>, 4, 4, 24, 15>(ap_ufixed<24, -(4), (ap_q_mode)5, (ap_o_mode)3, 0>, ap_fixed<29, 7, (ap_q_mode)5, (ap_o_mode)3, 0>&, ap_ufixed<15, -(((4) + (4)) - (1)), (ap_q_mode)5, (ap_o_mode)3, 0>&)' into 'ap_ufixed<15, -7, (ap_q_mode)5, (ap_o_mode)3, 0> log_apfixed_reduce::log_traits<2>::range_reduction<24>(ap_ufixed<24, -4, (ap_q_mode)5, (ap_o_mode)3, 0>, ap_fixed<29, 7, (ap_q_mode)5, (ap_o_mode)3, 0>&)' (C:/Xilinx/Vitis_HLS/2023.1/common/technology/autopilot/etc/hls_log_apfixed.h:249:0)
INFO: [HLS 214-178] Inlining function 'ap_ufixed<15, -7, (ap_q_mode)5, (ap_o_mode)3, 0> log_apfixed_reduce::log_traits<2>::range_reduction<24>(ap_ufixed<24, -4, (ap_q_mode)5, (ap_o_mode)3, 0>, ap_fixed<29, 7, (ap_q_mode)5, (ap_o_mode)3, 0>&)' into 'ap_fixed<17, 9, (ap_q_mode)5, (ap_o_mode)3, 0> log_apfixed_reduce::log<17, 9>(ap_fixed<17, 9, (ap_q_mode)5, (ap_o_mode)3, 0>)' (C:/Xilinx/Vitis_HLS/2023.1/common/technology/autopilot/etc/hls_log_apfixed.h:500:0)
INFO: [HLS 214-178] Inlining function 'ap_fixed<17, 9, (ap_q_mode)5, (ap_o_mode)3, 0> hls::log<17, 9>(ap_fixed<17, 9, (ap_q_mode)5, (ap_o_mode)3, 0>)' into 'feature_2_log(ap_fixed<16, 8, (ap_q_mode)5, (ap_o_mode)3, 0>*, ap_fixed<16, 8, (ap_q_mode)5, (ap_o_mode)3, 0>*)' (audrey_4_hls/mfcc.cpp:195:0)
INFO: [HLS 214-178] Inlining function 'feature_1_mel(ap_fixed<16, 8, (ap_q_mode)5, (ap_o_mode)3, 0>*, ap_fixed<16, 8, (ap_q_mode)5, (ap_o_mode)3, 0>*)' into 'mfcc(hls::stream<hls::axis<ap_fixed<16, 8, (ap_q_mode)5, (ap_o_mode)3, 0>, 0ul, 0ul, 0ul>, 0>&, hls::stream<hls::axis<ap_fixed<16, 8, (ap_q_mode)5, (ap_o_mode)3, 0>, 0ul, 0ul, 0ul>, 0>&)' (audrey_4_hls/mfcc.cpp:20:0)
INFO: [HLS 214-178] Inlining function 'feature_2_log(ap_fixed<16, 8, (ap_q_mode)5, (ap_o_mode)3, 0>*, ap_fixed<16, 8, (ap_q_mode)5, (ap_o_mode)3, 0>*)' into 'mfcc(hls::stream<hls::axis<ap_fixed<16, 8, (ap_q_mode)5, (ap_o_mode)3, 0>, 0ul, 0ul, 0ul>, 0>&, hls::stream<hls::axis<ap_fixed<16, 8, (ap_q_mode)5, (ap_o_mode)3, 0>, 0ul, 0ul, 0ul>, 0>&)' (audrey_4_hls/mfcc.cpp:20:0)
INFO: [HLS 200-111] Finished Compiling Optimization and Transform: CPU user time: 0 seconds. CPU system time: 0 seconds. Elapsed time: 3.033 seconds; current allocated memory: 1.038 GB.
INFO: [HLS 200-111] Finished Checking Pragmas: CPU user time: 0 seconds. CPU system time: 0 seconds. Elapsed time: 0.002 seconds; current allocated memory: 1.038 GB.
INFO: [HLS 200-10] Starting code transformations ...
INFO: [HLS 200-111] Finished Standard Transforms: CPU user time: 0 seconds. CPU system time: 0 seconds. Elapsed time: 0.158 seconds; current allocated memory: 1.045 GB.
INFO: [HLS 200-10] Checking synthesizability ...
INFO: [HLS 200-111] Finished Checking Synthesizability: CPU user time: 0 seconds. CPU system time: 0 seconds. Elapsed time: 0.091 seconds; current allocated memory: 1.047 GB.
INFO: [XFORM 203-510] Pipelining loop 'task_42' (audrey_4_hls/mfcc.cpp:42) in function 'mfcc' automatically.
INFO: [XFORM 203-510] Pipelining loop 'VITIS_LOOP_177_1' (audrey_4_hls/mfcc.cpp:177) in function 'mfcc' automatically.
INFO: [XFORM 203-510] Pipelining loop 'VITIS_LOOP_196_1' (audrey_4_hls/mfcc.cpp:196) in function 'mfcc' automatically.
INFO: [XFORM 203-510] Pipelining loop 'task_104' (audrey_4_hls/mfcc.cpp:104) in function 'mfcc' automatically.
INFO: [XFORM 203-502] Unrolling all sub-loops inside loop 'VITIS_LOOP_177_1' (audrey_4_hls/mfcc.cpp:177) in function 'mfcc' for pipelining.
INFO: [HLS 200-489] Unrolling loop 'VITIS_LOOP_183_2' (audrey_4_hls/mfcc.cpp:183) in function 'mfcc' completely with a factor of 30.
INFO: [XFORM 203-102] Partitioning array 'mel_filterbank' in dimension 2 automatically.
INFO: [XFORM 203-401] Performing if-conversion on hyperblock from (C:/Xilinx/Vitis_HLS/2023.1/common/technology/autopilot/etc/hls_log_apfixed.h:728:42) to (C:/Xilinx/Vitis_HLS/2023.1/common/technology/autopilot/etc/hls_log_apfixed.h:748:17) in function 'log_apfixed_reduce::log<17, 9>'... converting 18 basic blocks.
INFO: [XFORM 203-11] Balancing expressions in function 'mfcc' (audrey_4_hls/mfcc.cpp:17:19)...29 expression(s) balanced.
INFO: [XFORM 203-11] Balancing expressions in function 'log_apfixed_reduce::log<17, 9>' (C:/Xilinx/Vitis_HLS/2023.1/common/technology/autopilot/etc/hls_log_apfixed.h:178:6)...3 expression(s) balanced.
INFO: [HLS 200-111] Finished Loop, function and other optimizations: CPU user time: 0 seconds. CPU system time: 0 seconds. Elapsed time: 0.331 seconds; current allocated memory: 1.071 GB.
INFO: [HLS 200-111] Finished Architecture Synthesis: CPU user time: 0 seconds. CPU system time: 0 seconds. Elapsed time: 0.166 seconds; current allocated memory: 1.110 GB.
INFO: [HLS 200-10] Starting hardware synthesis ...
INFO: [HLS 200-10] Synthesizing 'mfcc' ...
WARNING: [SYN 201-103] Legalizing function name 'log<17, 9>' to 'log_17_9_s'.
INFO: [HLS 200-10] ----------------------------------------------------------------
INFO: [HLS 200-42] -- Implementing module 'mfcc_Pipeline_task_42' 
INFO: [HLS 200-10] ----------------------------------------------------------------
INFO: [SCHED 204-11] Starting scheduling ...
INFO: [HLS 200-1457] Automatically inferring inferring RAM_1WNR storage type for array 'abs_spectrogram'. Use bind_storage pragma to override this type.
INFO: [SCHED 204-61] Pipelining loop 'task_42'.
INFO: [HLS 200-1470] Pipelining result : Target II = NA, Final II = 1, Depth = 1, loop 'task_42'
INFO: [SCHED 204-11] Finished scheduling.
INFO: [HLS 200-111] Finished Scheduling: CPU user time: 0 seconds. CPU system time: 0 seconds. Elapsed time: 0.328 seconds; current allocated memory: 1.115 GB.
INFO: [BIND 205-100] Starting micro-architecture generation ...
INFO: [BIND 205-101] Performing variable lifetime analysis.
INFO: [BIND 205-101] Exploring resource sharing.
INFO: [BIND 205-101] Binding ...
INFO: [BIND 205-100] Finished micro-architecture generation.
INFO: [HLS 200-111] Finished Binding: CPU user time: 0 seconds. CPU system time: 0 seconds. Elapsed time: 0.111 seconds; current allocated memory: 1.116 GB.
INFO: [HLS 200-10] ----------------------------------------------------------------
INFO: [HLS 200-42] -- Implementing module 'mfcc_Pipeline_VITIS_LOOP_177_1' 
INFO: [HLS 200-10] ----------------------------------------------------------------
INFO: [SCHED 204-11] Starting scheduling ...
INFO: [HLS 200-1457] Automatically inferring inferring RAM_1WNR storage type for array 'abs_spectrogram'. Use bind_storage pragma to override this type.
INFO: [SCHED 204-61] Pipelining loop 'VITIS_LOOP_177_1'.
WARNING: [HLS 200-885] The II Violation in module 'mfcc_Pipeline_VITIS_LOOP_177_1' (loop 'VITIS_LOOP_177_1'): Unable to schedule 'load' operation ('abs_spectrogram_load_19', audrey_4_hls/mfcc.cpp:184->audrey_4_hls/mfcc.cpp:63) on array 'abs_spectrogram' due to limited memory ports (II = 1). Please consider using a memory core with more ports or partitioning the array 'abs_spectrogram'.
INFO: [HLS 200-1470] Pipelining result : Target II = NA, Final II = 2, Depth = 9, loop 'VITIS_LOOP_177_1'
INFO: [SCHED 204-11] Finished scheduling.
INFO: [HLS 200-111] Finished Scheduling: CPU user time: 1 seconds. CPU system time: 0 seconds. Elapsed time: 0.464 seconds; current allocated memory: 1.119 GB.
INFO: [BIND 205-100] Starting micro-architecture generation ...
INFO: [BIND 205-101] Performing variable lifetime analysis.
INFO: [BIND 205-101] Exploring resource sharing.
INFO: [BIND 205-101] Binding ...
INFO: [BIND 205-100] Finished micro-architecture generation.
INFO: [HLS 200-111] Finished Binding: CPU user time: 0 seconds. CPU system time: 0 seconds. Elapsed time: 0.175 seconds; current allocated memory: 1.119 GB.
INFO: [HLS 200-10] ----------------------------------------------------------------
INFO: [HLS 200-42] -- Implementing module 'log_17_9_s' 
INFO: [HLS 200-10] ----------------------------------------------------------------
INFO: [SCHED 204-11] Starting scheduling ...
INFO: [HLS 200-486] Changing DSP latency (root=mul_ln184_1) to 3 in order to utilize available DSP registers.
INFO: [SCHED 204-61] Pipelining function 'log<17, 9>'.
INFO: [HLS 200-1470] Pipelining result : Target II = NA, Final II = 1, Depth = 11, function 'log<17, 9>'
INFO: [SCHED 204-11] Finished scheduling.
INFO: [HLS 200-111] Finished Scheduling: CPU user time: 0 seconds. CPU system time: 0 seconds. Elapsed time: 0.475 seconds; current allocated memory: 1.122 GB.
INFO: [BIND 205-100] Starting micro-architecture generation ...
INFO: [BIND 205-101] Performing variable lifetime analysis.
INFO: [BIND 205-101] Exploring resource sharing.
INFO: [BIND 205-101] Binding ...
INFO: [BIND 205-100] Finished micro-architecture generation.
INFO: [HLS 200-111] Finished Binding: CPU user time: 0 seconds. CPU system time: 0 seconds. Elapsed time: 0.168 seconds; current allocated memory: 1.122 GB.
INFO: [HLS 200-10] ----------------------------------------------------------------
INFO: [HLS 200-42] -- Implementing module 'mfcc_Pipeline_VITIS_LOOP_196_1' 
INFO: [HLS 200-10] ----------------------------------------------------------------
INFO: [SCHED 204-11] Starting scheduling ...
INFO: [SCHED 204-61] Pipelining loop 'VITIS_LOOP_196_1'.
INFO: [HLS 200-1470] Pipelining result : Target II = NA, Final II = 1, Depth = 13, loop 'VITIS_LOOP_196_1'
INFO: [SCHED 204-11] Finished scheduling.
INFO: [HLS 200-111] Finished Scheduling: CPU user time: 0 seconds. CPU system time: 0 seconds. Elapsed time: 0.195 seconds; current allocated memory: 1.123 GB.
INFO: [BIND 205-100] Starting micro-architecture generation ...
INFO: [BIND 205-101] Performing variable lifetime analysis.
INFO: [BIND 205-101] Exploring resource sharing.
INFO: [BIND 205-101] Binding ...
INFO: [BIND 205-100] Finished micro-architecture generation.
INFO: [HLS 200-111] Finished Binding: CPU user time: 0 seconds. CPU system time: 0 seconds. Elapsed time: 0.136 seconds; current allocated memory: 1.123 GB.
INFO: [HLS 200-10] ----------------------------------------------------------------
INFO: [HLS 200-42] -- Implementing module 'mfcc_Pipeline_task_104' 
INFO: [HLS 200-10] ----------------------------------------------------------------
INFO: [SCHED 204-11] Starting scheduling ...
INFO: [SCHED 204-61] Pipelining loop 'task_104'.
INFO: [HLS 200-1470] Pipelining result : Target II = NA, Final II = 1, Depth = 2, loop 'task_104'
INFO: [SCHED 204-11] Finished scheduling.
INFO: [HLS 200-111] Finished Scheduling: CPU user time: 1 seconds. CPU system time: 0 seconds. Elapsed time: 0.157 seconds; current allocated memory: 1.123 GB.
INFO: [BIND 205-100] Starting micro-architecture generation ...
INFO: [BIND 205-101] Performing variable lifetime analysis.
INFO: [BIND 205-101] Exploring resource sharing.
INFO: [BIND 205-101] Binding ...
INFO: [BIND 205-100] Finished micro-architecture generation.
INFO: [HLS 200-111] Finished Binding: CPU user time: 0 seconds. CPU system time: 0 seconds. Elapsed time: 0.098 seconds; current allocated memory: 1.123 GB.
INFO: [HLS 200-10] ----------------------------------------------------------------
INFO: [HLS 200-42] -- Implementing module 'mfcc' 
INFO: [HLS 200-10] ----------------------------------------------------------------
INFO: [SCHED 204-11] Starting scheduling ...
INFO: [SCHED 204-11] Finished scheduling.
INFO: [HLS 200-111] Finished Scheduling: CPU user time: 0 seconds. CPU system time: 0 seconds. Elapsed time: 0.117 seconds; current allocated memory: 1.123 GB.
INFO: [BIND 205-100] Starting micro-architecture generation ...
INFO: [BIND 205-101] Performing variable lifetime analysis.
INFO: [BIND 205-101] Exploring resource sharing.
INFO: [BIND 205-101] Binding ...
INFO: [BIND 205-100] Finished micro-architecture generation.
INFO: [HLS 200-111] Finished Binding: CPU user time: 0 seconds. CPU system time: 0 seconds. Elapsed time: 0.147 seconds; current allocated memory: 1.124 GB.
INFO: [HLS 200-10] ----------------------------------------------------------------
INFO: [HLS 200-10] -- Generating RTL for module 'mfcc_Pipeline_task_42' 
INFO: [HLS 200-10] ----------------------------------------------------------------
INFO: [RTGEN 206-100] Finished creating RTL model for 'mfcc_Pipeline_task_42'.
INFO: [HLS 200-111] Finished Creating RTL model: CPU user time: 0 seconds. CPU system time: 0 seconds. Elapsed time: 0.131 seconds; current allocated memory: 1.125 GB.
INFO: [HLS 200-10] ----------------------------------------------------------------
INFO: [HLS 200-10] -- Generating RTL for module 'mfcc_Pipeline_VITIS_LOOP_177_1' 
INFO: [HLS 200-10] ----------------------------------------------------------------
INFO: [HLS 200-1030] Apply Unified Pipeline Control on module 'mfcc_Pipeline_VITIS_LOOP_177_1' pipeline 'VITIS_LOOP_177_1' pipeline type 'loop pipeline'
INFO: [RTGEN 206-100] Generating core module 'mul_5ns_16s_21_1_1': 1 instance(s).
INFO: [RTGEN 206-100] Generating core module 'mul_6ns_16s_22_1_1': 2 instance(s).
INFO: [RTGEN 206-100] Generating core module 'mul_7ns_16s_23_1_1': 4 instance(s).
INFO: [RTGEN 206-100] Generating core module 'mul_8ns_16s_24_1_1': 23 instance(s).
INFO: [RTGEN 206-100] Finished creating RTL model for 'mfcc_Pipeline_VITIS_LOOP_177_1'.
INFO: [RTMG 210-279] Implementing memory 'mfcc_mfcc_Pipeline_VITIS_LOOP_177_1_first_ind_ROM_AUTO_1R' using auto ROMs.
INFO: [RTMG 210-279] Implementing memory 'mfcc_mfcc_Pipeline_VITIS_LOOP_177_1_mel_filterbank_0_ROM_AUTO_1R' using auto ROMs.
INFO: [RTMG 210-279] Implementing memory 'mfcc_mfcc_Pipeline_VITIS_LOOP_177_1_mel_filterbank_1_ROM_AUTO_1R' using auto ROMs.
INFO: [RTMG 210-279] Implementing memory 'mfcc_mfcc_Pipeline_VITIS_LOOP_177_1_mel_filterbank_2_ROM_AUTO_1R' using auto ROMs.
INFO: [RTMG 210-279] Implementing memory 'mfcc_mfcc_Pipeline_VITIS_LOOP_177_1_mel_filterbank_3_ROM_AUTO_1R' using auto ROMs.
INFO: [RTMG 210-279] Implementing memory 'mfcc_mfcc_Pipeline_VITIS_LOOP_177_1_mel_filterbank_4_ROM_AUTO_1R' using auto ROMs.
INFO: [RTMG 210-279] Implementing memory 'mfcc_mfcc_Pipeline_VITIS_LOOP_177_1_mel_filterbank_5_ROM_AUTO_1R' using auto ROMs.
INFO: [RTMG 210-279] Implementing memory 'mfcc_mfcc_Pipeline_VITIS_LOOP_177_1_mel_filterbank_6_ROM_AUTO_1R' using auto ROMs.
INFO: [RTMG 210-279] Implementing memory 'mfcc_mfcc_Pipeline_VITIS_LOOP_177_1_mel_filterbank_7_ROM_AUTO_1R' using auto ROMs.
INFO: [RTMG 210-279] Implementing memory 'mfcc_mfcc_Pipeline_VITIS_LOOP_177_1_mel_filterbank_8_ROM_AUTO_1R' using auto ROMs.
INFO: [RTMG 210-279] Implementing memory 'mfcc_mfcc_Pipeline_VITIS_LOOP_177_1_mel_filterbank_9_ROM_AUTO_1R' using auto ROMs.
INFO: [RTMG 210-279] Implementing memory 'mfcc_mfcc_Pipeline_VITIS_LOOP_177_1_mel_filterbank_10_ROM_AUTO_1R' using auto ROMs.
INFO: [RTMG 210-279] Implementing memory 'mfcc_mfcc_Pipeline_VITIS_LOOP_177_1_mel_filterbank_11_ROM_AUTO_1R' using auto ROMs.
INFO: [RTMG 210-279] Implementing memory 'mfcc_mfcc_Pipeline_VITIS_LOOP_177_1_mel_filterbank_12_ROM_AUTO_1R' using auto ROMs.
INFO: [RTMG 210-279] Implementing memory 'mfcc_mfcc_Pipeline_VITIS_LOOP_177_1_mel_filterbank_13_ROM_AUTO_1R' using auto ROMs.
INFO: [RTMG 210-279] Implementing memory 'mfcc_mfcc_Pipeline_VITIS_LOOP_177_1_mel_filterbank_14_ROM_AUTO_1R' using auto ROMs.
INFO: [RTMG 210-279] Implementing memory 'mfcc_mfcc_Pipeline_VITIS_LOOP_177_1_mel_filterbank_15_ROM_AUTO_1R' using auto ROMs.
INFO: [RTMG 210-279] Implementing memory 'mfcc_mfcc_Pipeline_VITIS_LOOP_177_1_mel_filterbank_16_ROM_AUTO_1R' using auto ROMs.
INFO: [RTMG 210-279] Implementing memory 'mfcc_mfcc_Pipeline_VITIS_LOOP_177_1_mel_filterbank_17_ROM_AUTO_1R' using auto ROMs.
INFO: [RTMG 210-279] Implementing memory 'mfcc_mfcc_Pipeline_VITIS_LOOP_177_1_mel_filterbank_18_ROM_AUTO_1R' using auto ROMs.
INFO: [RTMG 210-279] Implementing memory 'mfcc_mfcc_Pipeline_VITIS_LOOP_177_1_mel_filterbank_19_ROM_AUTO_1R' using auto ROMs.
INFO: [RTMG 210-279] Implementing memory 'mfcc_mfcc_Pipeline_VITIS_LOOP_177_1_mel_filterbank_20_ROM_AUTO_1R' using auto ROMs.
INFO: [RTMG 210-279] Implementing memory 'mfcc_mfcc_Pipeline_VITIS_LOOP_177_1_mel_filterbank_21_ROM_AUTO_1R' using auto ROMs.
INFO: [RTMG 210-279] Implementing memory 'mfcc_mfcc_Pipeline_VITIS_LOOP_177_1_mel_filterbank_22_ROM_AUTO_1R' using auto ROMs.
INFO: [RTMG 210-279] Implementing memory 'mfcc_mfcc_Pipeline_VITIS_LOOP_177_1_mel_filterbank_23_ROM_AUTO_1R' using auto ROMs.
INFO: [RTMG 210-279] Implementing memory 'mfcc_mfcc_Pipeline_VITIS_LOOP_177_1_mel_filterbank_24_ROM_AUTO_1R' using auto ROMs.
INFO: [RTMG 210-279] Implementing memory 'mfcc_mfcc_Pipeline_VITIS_LOOP_177_1_mel_filterbank_25_ROM_AUTO_1R' using auto ROMs.
INFO: [RTMG 210-279] Implementing memory 'mfcc_mfcc_Pipeline_VITIS_LOOP_177_1_mel_filterbank_26_ROM_AUTO_1R' using auto ROMs.
INFO: [RTMG 210-279] Implementing memory 'mfcc_mfcc_Pipeline_VITIS_LOOP_177_1_mel_filterbank_27_ROM_AUTO_1R' using auto ROMs.
INFO: [RTMG 210-279] Implementing memory 'mfcc_mfcc_Pipeline_VITIS_LOOP_177_1_mel_filterbank_28_ROM_AUTO_1R' using auto ROMs.
INFO: [RTMG 210-279] Implementing memory 'mfcc_mfcc_Pipeline_VITIS_LOOP_177_1_mel_filterbank_29_ROM_AUTO_1R' using auto ROMs.
INFO: [HLS 200-111] Finished Creating RTL model: CPU user time: 0 seconds. CPU system time: 0 seconds. Elapsed time: 0.922 seconds; current allocated memory: 1.130 GB.
INFO: [HLS 200-10] ----------------------------------------------------------------
INFO: [HLS 200-10] -- Generating RTL for module 'log_17_9_s' 
INFO: [HLS 200-10] ----------------------------------------------------------------
INFO: [HLS 200-1030] Apply Unified Pipeline Control on module 'log_17_9_s' pipeline 'log<17, 9>' pipeline type 'function pipeline'
INFO: [RTGEN 206-100] Generating core module 'mac_mulsub_24ns_4ns_29ns_29_4_1': 1 instance(s).
INFO: [RTGEN 206-100] Generating core module 'mul_29s_6ns_29_2_1': 1 instance(s).
INFO: [RTGEN 206-100] Generating core module 'mul_5s_23ns_28_1_1': 1 instance(s).
INFO: [RTGEN 206-100] Generating core module 'mul_9ns_9ns_18_1_1': 1 instance(s).
INFO: [RTGEN 206-100] Finished creating RTL model for 'log_17_9_s'.
INFO: [RTMG 210-279] Implementing memory 'mfcc_log_17_9_s_log_apfixed_reduce_log_inverse_lut_table_array_ROM_AUTO_1R' using auto ROMs.
INFO: [RTMG 210-279] Implementing memory 'mfcc_log_17_9_s_log_apfixed_reduce_log0_lut_table_ap_fixed_0_5_64_array_ROM_AUTO_1R' using auto ROMs.
INFO: [RTMG 210-279] Implementing memory 'mfcc_log_17_9_s_log_apfixed_reduce_log_lut_table_ap_fixed_4_4_16_array_ROM_AUTO_1R' using auto ROMs.
INFO: [HLS 200-111] Finished Creating RTL model: CPU user time: 0 seconds. CPU system time: 1 seconds. Elapsed time: 0.912 seconds; current allocated memory: 1.137 GB.
INFO: [HLS 200-10] ----------------------------------------------------------------
INFO: [HLS 200-10] -- Generating RTL for module 'mfcc_Pipeline_VITIS_LOOP_196_1' 
INFO: [HLS 200-10] ----------------------------------------------------------------
INFO: [HLS 200-1030] Apply Unified Pipeline Control on module 'mfcc_Pipeline_VITIS_LOOP_196_1' pipeline 'VITIS_LOOP_196_1' pipeline type 'loop pipeline'
INFO: [RTGEN 206-100] Finished creating RTL model for 'mfcc_Pipeline_VITIS_LOOP_196_1'.
INFO: [HLS 200-111] Finished Creating RTL model: CPU user time: 1 seconds. CPU system time: 0 seconds. Elapsed time: 0.643 seconds; current allocated memory: 1.142 GB.
INFO: [HLS 200-10] ----------------------------------------------------------------
INFO: [HLS 200-10] -- Generating RTL for module 'mfcc_Pipeline_task_104' 
INFO: [HLS 200-10] ----------------------------------------------------------------
INFO: [HLS 200-1030] Apply Unified Pipeline Control on module 'mfcc_Pipeline_task_104' pipeline 'task_104' pipeline type 'loop pipeline'
INFO: [RTGEN 206-100] Finished creating RTL model for 'mfcc_Pipeline_task_104'.
INFO: [HLS 200-111] Finished Creating RTL model: CPU user time: 0 seconds. CPU system time: 0 seconds. Elapsed time: 0.211 seconds; current allocated memory: 1.143 GB.
INFO: [HLS 200-10] ----------------------------------------------------------------
INFO: [HLS 200-10] -- Generating RTL for module 'mfcc' 
INFO: [HLS 200-10] ----------------------------------------------------------------
WARNING: [RTGEN 206-101] Design contains AXI ports. Reset is fixed to synchronous and active low.
INFO: [RTGEN 206-500] Setting interface mode on port 'mfcc/in_stream_V_data_V' to 'axis' (register, both mode).
INFO: [RTGEN 206-500] Setting interface mode on port 'mfcc/in_stream_V_keep_V' to 'axis' (register, both mode).
INFO: [RTGEN 206-500] Setting interface mode on port 'mfcc/in_stream_V_strb_V' to 'axis' (register, both mode).
INFO: [RTGEN 206-500] Setting interface mode on port 'mfcc/in_stream_V_last_V' to 'axis' (register, both mode).
INFO: [RTGEN 206-500] Setting interface mode on port 'mfcc/out_stream_V_data_V' to 'axis' (register, both mode).
INFO: [RTGEN 206-500] Setting interface mode on port 'mfcc/out_stream_V_keep_V' to 'axis' (register, both mode).
INFO: [RTGEN 206-500] Setting interface mode on port 'mfcc/out_stream_V_strb_V' to 'axis' (register, both mode).
INFO: [RTGEN 206-500] Setting interface mode on port 'mfcc/out_stream_V_last_V' to 'axis' (register, both mode).
INFO: [RTGEN 206-500] Setting interface mode on function 'mfcc' to 'ap_ctrl_none'.
INFO: [RTGEN 206-100] Finished creating RTL model for 'mfcc'.
INFO: [RTMG 210-278] Implementing memory 'mfcc_abs_spectrogram_RAM_1WNR_AUTO_1R1W' using auto RAMs.
INFO: [RTMG 210-278] Implementing memory 'mfcc_mel_filtered_RAM_AUTO_1R1W' using auto RAMs.
INFO: [RTMG 210-278] Implementing memory 'mfcc_mfcc_1_RAM_AUTO_1R1W' using auto RAMs.
INFO: [HLS 200-111] Finished Creating RTL model: CPU user time: 0 seconds. CPU system time: 0 seconds. Elapsed time: 0.43 seconds; current allocated memory: 1.144 GB.
INFO: [HLS 200-111] Finished Generating all RTL models: CPU user time: 0 seconds. CPU system time: 0 seconds. Elapsed time: 1.399 seconds; current allocated memory: 1.149 GB.
INFO: [HLS 200-111] Finished Updating report files: CPU user time: 1 seconds. CPU system time: 0 seconds. Elapsed time: 1.253 seconds; current allocated memory: 1.156 GB.
INFO: [VHDL 208-304] Generating VHDL RTL for mfcc.
INFO: [VLOG 209-307] Generating Verilog RTL for mfcc.
INFO: [HLS 200-790] **** Loop Constraint Status: All loop constraints were NOT satisfied.
INFO: [HLS 200-789] **** Estimated Fmax: 145.43 MHz
INFO: [HLS 200-111] Finished Command csynth_design CPU user time: 5 seconds. CPU system time: 1 seconds. Elapsed time: 31.913 seconds; current allocated memory: 129.555 MB.
==============================================================
Vitis HLS - High-Level Synthesis from C, C++ and OpenCL v2023.1 (64-bit)
Tool Version Limit: 2023.05
Copyright 1986-2022 Xilinx, Inc. All Rights Reserved.
Copyright 2022-2023 Advanced Micro Devices, Inc. All Rights Reserved.

==============================================================
INFO: [SYN 201-201] Setting up clock 'default' with a period of 10ns.
INFO: [HLS 200-1611] Setting target device to 'xc7a100t-csg324-1'
INFO: [HLS 200-1505] Using flow_target 'vivado'
INFO: [HLS 200-1510] Running: set_part xc7a100tcsg324-1 
INFO: [HLS 200-1510] Running: create_clock -period 10 -name default 
INFO: [HLS 200-1510] Running: csynth_design 
INFO: [HLS 200-111] Finished File checks and directory preparation: CPU user time: 0 seconds. CPU system time: 0 seconds. Elapsed time: 0.086 seconds; current allocated memory: 1.029 GB.
INFO: [HLS 200-10] Analyzing design file 'audrey_4_hls/mfcc.cpp' ... 
WARNING: [HLS 207-5292] unused parameter 'data_type' (C:/Xilinx/Vitis_HLS/2023.1/common/technology/autopilot\hls_fft.h:100:77)
WARNING: [HLS 207-5292] unused parameter 'has_nfft' (C:/Xilinx/Vitis_HLS/2023.1/common/technology/autopilot\hls_fft.h:125:65)
WARNING: [HLS 207-5292] unused parameter 'cp_len_enable' (C:/Xilinx/Vitis_HLS/2023.1/common/technology/autopilot\hls_fft.h:138:66)
WARNING: [HLS 207-5292] unused parameter 'scaling_opt' (C:/Xilinx/Vitis_HLS/2023.1/common/technology/autopilot\hls_fft.h:151:68)
WARNING: [HLS 207-5292] unused parameter 'scaling_opt' (C:/Xilinx/Vitis_HLS/2023.1/common/technology/autopilot\hls_fft.h:315:71)
WARNING: [HLS 207-5292] unused parameter 'has_ovflo' (C:/Xilinx/Vitis_HLS/2023.1/common/technology/autopilot\hls_fft.h:328:66)
WARNING: [HLS 207-5292] unused parameter 'audio' (audrey_4_hls/mfcc.cpp:142:38)
INFO: [HLS 200-111] Finished Source Code Analysis and Preprocessing: CPU user time: 0 seconds. CPU system time: 0 seconds. Elapsed time: 18.074 seconds; current allocated memory: 1.036 GB.
INFO: [HLS 200-777] Using interface defaults for 'Vivado' flow target.
INFO: [HLS 214-291] Loop 'VITIS_LOOP_729_1' is marked as complete unroll implied by the pipeline pragma (C:/Xilinx/Vitis_HLS/2023.1/common/technology/autopilot/etc/hls_log_apfixed.h:729:31)
INFO: [HLS 214-186] Unrolling loop 'VITIS_LOOP_729_1' (C:/Xilinx/Vitis_HLS/2023.1/common/technology/autopilot/etc/hls_log_apfixed.h:729:31) in function 'log_apfixed_reduce::log<17, 9>' completely with a factor of 17 (C:/Xilinx/Vitis_HLS/2023.1/common/technology/autopilot/etc/hls_log_apfixed.h:500:0)
INFO: [HLS 214-178] Inlining function 'void log_apfixed_reduce::range_reduce<ap_fixed<29, 7, (ap_q_mode)5, (ap_o_mode)3, 0>, 4, 4, 24, 15>(ap_ufixed<24, -(4), (ap_q_mode)5, (ap_o_mode)3, 0>, ap_fixed<29, 7, (ap_q_mode)5, (ap_o_mode)3, 0>&, ap_ufixed<15, -(((4) + (4)) - (1)), (ap_q_mode)5, (ap_o_mode)3, 0>&)' into 'ap_ufixed<15, -7, (ap_q_mode)5, (ap_o_mode)3, 0> log_apfixed_reduce::log_traits<2>::range_reduction<24>(ap_ufixed<24, -4, (ap_q_mode)5, (ap_o_mode)3, 0>, ap_fixed<29, 7, (ap_q_mode)5, (ap_o_mode)3, 0>&)' (C:/Xilinx/Vitis_HLS/2023.1/common/technology/autopilot/etc/hls_log_apfixed.h:249:0)
INFO: [HLS 214-178] Inlining function 'ap_ufixed<15, -7, (ap_q_mode)5, (ap_o_mode)3, 0> log_apfixed_reduce::log_traits<2>::range_reduction<24>(ap_ufixed<24, -4, (ap_q_mode)5, (ap_o_mode)3, 0>, ap_fixed<29, 7, (ap_q_mode)5, (ap_o_mode)3, 0>&)' into 'ap_fixed<17, 9, (ap_q_mode)5, (ap_o_mode)3, 0> log_apfixed_reduce::log<17, 9>(ap_fixed<17, 9, (ap_q_mode)5, (ap_o_mode)3, 0>)' (C:/Xilinx/Vitis_HLS/2023.1/common/technology/autopilot/etc/hls_log_apfixed.h:500:0)
INFO: [HLS 214-178] Inlining function 'ap_fixed<17, 9, (ap_q_mode)5, (ap_o_mode)3, 0> hls::log<17, 9>(ap_fixed<17, 9, (ap_q_mode)5, (ap_o_mode)3, 0>)' into 'feature_2_log(ap_fixed<16, 8, (ap_q_mode)5, (ap_o_mode)3, 0>*, ap_fixed<16, 8, (ap_q_mode)5, (ap_o_mode)3, 0>*)' (audrey_4_hls/mfcc.cpp:195:0)
INFO: [HLS 214-178] Inlining function 'feature_1_mel(ap_fixed<16, 8, (ap_q_mode)5, (ap_o_mode)3, 0>*, ap_fixed<16, 8, (ap_q_mode)5, (ap_o_mode)3, 0>*)' into 'mfcc(hls::stream<hls::axis<ap_fixed<16, 8, (ap_q_mode)5, (ap_o_mode)3, 0>, 0ul, 0ul, 0ul>, 0>&, hls::stream<hls::axis<ap_fixed<16, 8, (ap_q_mode)5, (ap_o_mode)3, 0>, 0ul, 0ul, 0ul>, 0>&)' (audrey_4_hls/mfcc.cpp:20:0)
INFO: [HLS 214-178] Inlining function 'feature_2_log(ap_fixed<16, 8, (ap_q_mode)5, (ap_o_mode)3, 0>*, ap_fixed<16, 8, (ap_q_mode)5, (ap_o_mode)3, 0>*)' into 'mfcc(hls::stream<hls::axis<ap_fixed<16, 8, (ap_q_mode)5, (ap_o_mode)3, 0>, 0ul, 0ul, 0ul>, 0>&, hls::stream<hls::axis<ap_fixed<16, 8, (ap_q_mode)5, (ap_o_mode)3, 0>, 0ul, 0ul, 0ul>, 0>&)' (audrey_4_hls/mfcc.cpp:20:0)
INFO: [HLS 200-111] Finished Compiling Optimization and Transform: CPU user time: 0 seconds. CPU system time: 0 seconds. Elapsed time: 2.749 seconds; current allocated memory: 1.037 GB.
INFO: [HLS 200-111] Finished Checking Pragmas: CPU user time: 0 seconds. CPU system time: 0 seconds. Elapsed time: 0.002 seconds; current allocated memory: 1.037 GB.
INFO: [HLS 200-10] Starting code transformations ...
INFO: [HLS 200-111] Finished Standard Transforms: CPU user time: 0 seconds. CPU system time: 0 seconds. Elapsed time: 0.086 seconds; current allocated memory: 1.045 GB.
INFO: [HLS 200-10] Checking synthesizability ...
INFO: [HLS 200-111] Finished Checking Synthesizability: CPU user time: 0 seconds. CPU system time: 0 seconds. Elapsed time: 0.062 seconds; current allocated memory: 1.047 GB.
INFO: [XFORM 203-510] Pipelining loop 'task_42' (audrey_4_hls/mfcc.cpp:42) in function 'mfcc' automatically.
INFO: [XFORM 203-510] Pipelining loop 'VITIS_LOOP_177_1' (audrey_4_hls/mfcc.cpp:177) in function 'mfcc' automatically.
INFO: [XFORM 203-510] Pipelining loop 'task_104' (audrey_4_hls/mfcc.cpp:104) in function 'mfcc' automatically.
INFO: [XFORM 203-502] Unrolling all sub-loops inside loop 'VITIS_LOOP_177_1' (audrey_4_hls/mfcc.cpp:177) in function 'mfcc' for pipelining.
INFO: [HLS 200-489] Unrolling loop 'VITIS_LOOP_183_2' (audrey_4_hls/mfcc.cpp:183) in function 'mfcc' completely with a factor of 30.
INFO: [XFORM 203-102] Partitioning array 'mel_filterbank' in dimension 2 automatically.
INFO: [XFORM 203-401] Performing if-conversion on hyperblock from (C:/Xilinx/Vitis_HLS/2023.1/common/technology/autopilot/etc/hls_log_apfixed.h:728:42) to (C:/Xilinx/Vitis_HLS/2023.1/common/technology/autopilot/etc/hls_log_apfixed.h:748:17) in function 'log_apfixed_reduce::log<17, 9>'... converting 18 basic blocks.
INFO: [XFORM 203-11] Balancing expressions in function 'mfcc' (audrey_4_hls/mfcc.cpp:17:19)...29 expression(s) balanced.
INFO: [XFORM 203-11] Balancing expressions in function 'log_apfixed_reduce::log<17, 9>' (C:/Xilinx/Vitis_HLS/2023.1/common/technology/autopilot/etc/hls_log_apfixed.h:178:6)...3 expression(s) balanced.
INFO: [HLS 200-111] Finished Loop, function and other optimizations: CPU user time: 1 seconds. CPU system time: 0 seconds. Elapsed time: 0.255 seconds; current allocated memory: 1.071 GB.
INFO: [HLS 200-111] Finished Architecture Synthesis: CPU user time: 0 seconds. CPU system time: 0 seconds. Elapsed time: 0.13 seconds; current allocated memory: 1.110 GB.
INFO: [HLS 200-10] Starting hardware synthesis ...
INFO: [HLS 200-10] Synthesizing 'mfcc' ...
WARNING: [SYN 201-103] Legalizing function name 'log<17, 9>' to 'log_17_9_s'.
INFO: [HLS 200-10] ----------------------------------------------------------------
INFO: [HLS 200-42] -- Implementing module 'mfcc_Pipeline_task_42' 
INFO: [HLS 200-10] ----------------------------------------------------------------
INFO: [SCHED 204-11] Starting scheduling ...
INFO: [HLS 200-1457] Automatically inferring inferring RAM_1WNR storage type for array 'abs_spectrogram'. Use bind_storage pragma to override this type.
INFO: [SCHED 204-61] Pipelining loop 'task_42'.
INFO: [HLS 200-1470] Pipelining result : Target II = NA, Final II = 1, Depth = 1, loop 'task_42'
INFO: [SCHED 204-11] Finished scheduling.
INFO: [HLS 200-111] Finished Scheduling: CPU user time: 0 seconds. CPU system time: 0 seconds. Elapsed time: 0.315 seconds; current allocated memory: 1.115 GB.
INFO: [BIND 205-100] Starting micro-architecture generation ...
INFO: [BIND 205-101] Performing variable lifetime analysis.
INFO: [BIND 205-101] Exploring resource sharing.
INFO: [BIND 205-101] Binding ...
INFO: [BIND 205-100] Finished micro-architecture generation.
INFO: [HLS 200-111] Finished Binding: CPU user time: 0 seconds. CPU system time: 0 seconds. Elapsed time: 0.1 seconds; current allocated memory: 1.116 GB.
INFO: [HLS 200-10] ----------------------------------------------------------------
INFO: [HLS 200-42] -- Implementing module 'mfcc_Pipeline_VITIS_LOOP_177_1' 
INFO: [HLS 200-10] ----------------------------------------------------------------
INFO: [SCHED 204-11] Starting scheduling ...
INFO: [HLS 200-1457] Automatically inferring inferring RAM_1WNR storage type for array 'abs_spectrogram'. Use bind_storage pragma to override this type.
INFO: [SCHED 204-61] Pipelining loop 'VITIS_LOOP_177_1'.
WARNING: [HLS 200-885] The II Violation in module 'mfcc_Pipeline_VITIS_LOOP_177_1' (loop 'VITIS_LOOP_177_1'): Unable to schedule 'load' operation ('abs_spectrogram_load_19', audrey_4_hls/mfcc.cpp:184->audrey_4_hls/mfcc.cpp:63) on array 'abs_spectrogram' due to limited memory ports (II = 1). Please consider using a memory core with more ports or partitioning the array 'abs_spectrogram'.
INFO: [HLS 200-1470] Pipelining result : Target II = NA, Final II = 2, Depth = 9, loop 'VITIS_LOOP_177_1'
INFO: [SCHED 204-11] Finished scheduling.
INFO: [HLS 200-111] Finished Scheduling: CPU user time: 0 seconds. CPU system time: 0 seconds. Elapsed time: 0.464 seconds; current allocated memory: 1.119 GB.
INFO: [BIND 205-100] Starting micro-architecture generation ...
INFO: [BIND 205-101] Performing variable lifetime analysis.
INFO: [BIND 205-101] Exploring resource sharing.
INFO: [BIND 205-101] Binding ...
INFO: [BIND 205-100] Finished micro-architecture generation.
INFO: [HLS 200-111] Finished Binding: CPU user time: 0 seconds. CPU system time: 0 seconds. Elapsed time: 0.179 seconds; current allocated memory: 1.119 GB.
INFO: [HLS 200-10] ----------------------------------------------------------------
INFO: [HLS 200-42] -- Implementing module 'log_17_9_s' 
INFO: [HLS 200-10] ----------------------------------------------------------------
INFO: [SCHED 204-11] Starting scheduling ...
INFO: [HLS 200-486] Changing DSP latency (root=mul_ln184_1) to 3 in order to utilize available DSP registers.
INFO: [SCHED 204-61] Pipelining function 'log<17, 9>'.
INFO: [HLS 200-1470] Pipelining result : Target II = NA, Final II = 1, Depth = 11, function 'log<17, 9>'
INFO: [SCHED 204-11] Finished scheduling.
INFO: [HLS 200-111] Finished Scheduling: CPU user time: 1 seconds. CPU system time: 0 seconds. Elapsed time: 0.479 seconds; current allocated memory: 1.122 GB.
INFO: [BIND 205-100] Starting micro-architecture generation ...
INFO: [BIND 205-101] Performing variable lifetime analysis.
INFO: [BIND 205-101] Exploring resource sharing.
INFO: [BIND 205-101] Binding ...
INFO: [BIND 205-100] Finished micro-architecture generation.
INFO: [HLS 200-111] Finished Binding: CPU user time: 0 seconds. CPU system time: 0 seconds. Elapsed time: 0.157 seconds; current allocated memory: 1.122 GB.
INFO: [HLS 200-10] ----------------------------------------------------------------
INFO: [HLS 200-42] -- Implementing module 'mfcc_Pipeline_VITIS_LOOP_196_1' 
INFO: [HLS 200-10] ----------------------------------------------------------------
INFO: [SCHED 204-11] Starting scheduling ...
INFO: [SCHED 204-61] Pipelining loop 'VITIS_LOOP_196_1'.
INFO: [HLS 200-1470] Pipelining result : Target II = NA, Final II = 1, Depth = 13, loop 'VITIS_LOOP_196_1'
INFO: [SCHED 204-11] Finished scheduling.
INFO: [HLS 200-111] Finished Scheduling: CPU user time: 0 seconds. CPU system time: 0 seconds. Elapsed time: 0.19 seconds; current allocated memory: 1.122 GB.
INFO: [BIND 205-100] Starting micro-architecture generation ...
INFO: [BIND 205-101] Performing variable lifetime analysis.
INFO: [BIND 205-101] Exploring resource sharing.
INFO: [BIND 205-101] Binding ...
INFO: [BIND 205-100] Finished micro-architecture generation.
INFO: [HLS 200-111] Finished Binding: CPU user time: 0 seconds. CPU system time: 0 seconds. Elapsed time: 0.129 seconds; current allocated memory: 1.123 GB.
INFO: [HLS 200-10] ----------------------------------------------------------------
INFO: [HLS 200-42] -- Implementing module 'mfcc_Pipeline_task_104' 
INFO: [HLS 200-10] ----------------------------------------------------------------
INFO: [SCHED 204-11] Starting scheduling ...
INFO: [SCHED 204-61] Pipelining loop 'task_104'.
INFO: [HLS 200-1470] Pipelining result : Target II = NA, Final II = 1, Depth = 2, loop 'task_104'
INFO: [SCHED 204-11] Finished scheduling.
INFO: [HLS 200-111] Finished Scheduling: CPU user time: 0 seconds. CPU system time: 0 seconds. Elapsed time: 0.152 seconds; current allocated memory: 1.123 GB.
INFO: [BIND 205-100] Starting micro-architecture generation ...
INFO: [BIND 205-101] Performing variable lifetime analysis.
INFO: [BIND 205-101] Exploring resource sharing.
INFO: [BIND 205-101] Binding ...
INFO: [BIND 205-100] Finished micro-architecture generation.
INFO: [HLS 200-111] Finished Binding: CPU user time: 0 seconds. CPU system time: 0 seconds. Elapsed time: 0.105 seconds; current allocated memory: 1.123 GB.
INFO: [HLS 200-10] ----------------------------------------------------------------
INFO: [HLS 200-42] -- Implementing module 'mfcc' 
INFO: [HLS 200-10] ----------------------------------------------------------------
INFO: [SCHED 204-11] Starting scheduling ...
INFO: [SCHED 204-11] Finished scheduling.
INFO: [HLS 200-111] Finished Scheduling: CPU user time: 0 seconds. CPU system time: 0 seconds. Elapsed time: 0.11 seconds; current allocated memory: 1.123 GB.
INFO: [BIND 205-100] Starting micro-architecture generation ...
INFO: [BIND 205-101] Performing variable lifetime analysis.
INFO: [BIND 205-101] Exploring resource sharing.
INFO: [BIND 205-101] Binding ...
INFO: [BIND 205-100] Finished micro-architecture generation.
INFO: [HLS 200-111] Finished Binding: CPU user time: 0 seconds. CPU system time: 0 seconds. Elapsed time: 0.139 seconds; current allocated memory: 1.124 GB.
INFO: [HLS 200-10] ----------------------------------------------------------------
INFO: [HLS 200-10] -- Generating RTL for module 'mfcc_Pipeline_task_42' 
INFO: [HLS 200-10] ----------------------------------------------------------------
INFO: [RTGEN 206-100] Finished creating RTL model for 'mfcc_Pipeline_task_42'.
INFO: [HLS 200-111] Finished Creating RTL model: CPU user time: 0 seconds. CPU system time: 0 seconds. Elapsed time: 0.126 seconds; current allocated memory: 1.125 GB.
INFO: [HLS 200-10] ----------------------------------------------------------------
INFO: [HLS 200-10] -- Generating RTL for module 'mfcc_Pipeline_VITIS_LOOP_177_1' 
INFO: [HLS 200-10] ----------------------------------------------------------------
INFO: [HLS 200-1030] Apply Unified Pipeline Control on module 'mfcc_Pipeline_VITIS_LOOP_177_1' pipeline 'VITIS_LOOP_177_1' pipeline type 'loop pipeline'
INFO: [RTGEN 206-100] Generating core module 'mul_5ns_16s_21_1_1': 1 instance(s).
INFO: [RTGEN 206-100] Generating core module 'mul_6ns_16s_22_1_1': 2 instance(s).
INFO: [RTGEN 206-100] Generating core module 'mul_7ns_16s_23_1_1': 4 instance(s).
INFO: [RTGEN 206-100] Generating core module 'mul_8ns_16s_24_1_1': 23 instance(s).
INFO: [RTGEN 206-100] Finished creating RTL model for 'mfcc_Pipeline_VITIS_LOOP_177_1'.
INFO: [RTMG 210-279] Implementing memory 'mfcc_mfcc_Pipeline_VITIS_LOOP_177_1_first_ind_ROM_AUTO_1R' using auto ROMs.
INFO: [RTMG 210-279] Implementing memory 'mfcc_mfcc_Pipeline_VITIS_LOOP_177_1_mel_filterbank_0_ROM_AUTO_1R' using auto ROMs.
INFO: [RTMG 210-279] Implementing memory 'mfcc_mfcc_Pipeline_VITIS_LOOP_177_1_mel_filterbank_1_ROM_AUTO_1R' using auto ROMs.
INFO: [RTMG 210-279] Implementing memory 'mfcc_mfcc_Pipeline_VITIS_LOOP_177_1_mel_filterbank_2_ROM_AUTO_1R' using auto ROMs.
INFO: [RTMG 210-279] Implementing memory 'mfcc_mfcc_Pipeline_VITIS_LOOP_177_1_mel_filterbank_3_ROM_AUTO_1R' using auto ROMs.
INFO: [RTMG 210-279] Implementing memory 'mfcc_mfcc_Pipeline_VITIS_LOOP_177_1_mel_filterbank_4_ROM_AUTO_1R' using auto ROMs.
INFO: [RTMG 210-279] Implementing memory 'mfcc_mfcc_Pipeline_VITIS_LOOP_177_1_mel_filterbank_5_ROM_AUTO_1R' using auto ROMs.
INFO: [RTMG 210-279] Implementing memory 'mfcc_mfcc_Pipeline_VITIS_LOOP_177_1_mel_filterbank_6_ROM_AUTO_1R' using auto ROMs.
INFO: [RTMG 210-279] Implementing memory 'mfcc_mfcc_Pipeline_VITIS_LOOP_177_1_mel_filterbank_7_ROM_AUTO_1R' using auto ROMs.
INFO: [RTMG 210-279] Implementing memory 'mfcc_mfcc_Pipeline_VITIS_LOOP_177_1_mel_filterbank_8_ROM_AUTO_1R' using auto ROMs.
INFO: [RTMG 210-279] Implementing memory 'mfcc_mfcc_Pipeline_VITIS_LOOP_177_1_mel_filterbank_9_ROM_AUTO_1R' using auto ROMs.
INFO: [RTMG 210-279] Implementing memory 'mfcc_mfcc_Pipeline_VITIS_LOOP_177_1_mel_filterbank_10_ROM_AUTO_1R' using auto ROMs.
INFO: [RTMG 210-279] Implementing memory 'mfcc_mfcc_Pipeline_VITIS_LOOP_177_1_mel_filterbank_11_ROM_AUTO_1R' using auto ROMs.
INFO: [RTMG 210-279] Implementing memory 'mfcc_mfcc_Pipeline_VITIS_LOOP_177_1_mel_filterbank_12_ROM_AUTO_1R' using auto ROMs.
INFO: [RTMG 210-279] Implementing memory 'mfcc_mfcc_Pipeline_VITIS_LOOP_177_1_mel_filterbank_13_ROM_AUTO_1R' using auto ROMs.
INFO: [RTMG 210-279] Implementing memory 'mfcc_mfcc_Pipeline_VITIS_LOOP_177_1_mel_filterbank_14_ROM_AUTO_1R' using auto ROMs.
INFO: [RTMG 210-279] Implementing memory 'mfcc_mfcc_Pipeline_VITIS_LOOP_177_1_mel_filterbank_15_ROM_AUTO_1R' using auto ROMs.
INFO: [RTMG 210-279] Implementing memory 'mfcc_mfcc_Pipeline_VITIS_LOOP_177_1_mel_filterbank_16_ROM_AUTO_1R' using auto ROMs.
INFO: [RTMG 210-279] Implementing memory 'mfcc_mfcc_Pipeline_VITIS_LOOP_177_1_mel_filterbank_17_ROM_AUTO_1R' using auto ROMs.
INFO: [RTMG 210-279] Implementing memory 'mfcc_mfcc_Pipeline_VITIS_LOOP_177_1_mel_filterbank_18_ROM_AUTO_1R' using auto ROMs.
INFO: [RTMG 210-279] Implementing memory 'mfcc_mfcc_Pipeline_VITIS_LOOP_177_1_mel_filterbank_19_ROM_AUTO_1R' using auto ROMs.
INFO: [RTMG 210-279] Implementing memory 'mfcc_mfcc_Pipeline_VITIS_LOOP_177_1_mel_filterbank_20_ROM_AUTO_1R' using auto ROMs.
INFO: [RTMG 210-279] Implementing memory 'mfcc_mfcc_Pipeline_VITIS_LOOP_177_1_mel_filterbank_21_ROM_AUTO_1R' using auto ROMs.
INFO: [RTMG 210-279] Implementing memory 'mfcc_mfcc_Pipeline_VITIS_LOOP_177_1_mel_filterbank_22_ROM_AUTO_1R' using auto ROMs.
INFO: [RTMG 210-279] Implementing memory 'mfcc_mfcc_Pipeline_VITIS_LOOP_177_1_mel_filterbank_23_ROM_AUTO_1R' using auto ROMs.
INFO: [RTMG 210-279] Implementing memory 'mfcc_mfcc_Pipeline_VITIS_LOOP_177_1_mel_filterbank_24_ROM_AUTO_1R' using auto ROMs.
INFO: [RTMG 210-279] Implementing memory 'mfcc_mfcc_Pipeline_VITIS_LOOP_177_1_mel_filterbank_25_ROM_AUTO_1R' using auto ROMs.
INFO: [RTMG 210-279] Implementing memory 'mfcc_mfcc_Pipeline_VITIS_LOOP_177_1_mel_filterbank_26_ROM_AUTO_1R' using auto ROMs.
INFO: [RTMG 210-279] Implementing memory 'mfcc_mfcc_Pipeline_VITIS_LOOP_177_1_mel_filterbank_27_ROM_AUTO_1R' using auto ROMs.
INFO: [RTMG 210-279] Implementing memory 'mfcc_mfcc_Pipeline_VITIS_LOOP_177_1_mel_filterbank_28_ROM_AUTO_1R' using auto ROMs.
INFO: [RTMG 210-279] Implementing memory 'mfcc_mfcc_Pipeline_VITIS_LOOP_177_1_mel_filterbank_29_ROM_AUTO_1R' using auto ROMs.
INFO: [HLS 200-111] Finished Creating RTL model: CPU user time: 0 seconds. CPU system time: 0 seconds. Elapsed time: 0.885 seconds; current allocated memory: 1.130 GB.
INFO: [HLS 200-10] ----------------------------------------------------------------
INFO: [HLS 200-10] -- Generating RTL for module 'log_17_9_s' 
INFO: [HLS 200-10] ----------------------------------------------------------------
INFO: [HLS 200-1030] Apply Unified Pipeline Control on module 'log_17_9_s' pipeline 'log<17, 9>' pipeline type 'function pipeline'
INFO: [RTGEN 206-100] Generating core module 'mac_mulsub_24ns_4ns_29ns_29_4_1': 1 instance(s).
INFO: [RTGEN 206-100] Generating core module 'mul_29s_6ns_29_2_1': 1 instance(s).
INFO: [RTGEN 206-100] Generating core module 'mul_5s_23ns_28_1_1': 1 instance(s).
INFO: [RTGEN 206-100] Generating core module 'mul_9ns_9ns_18_1_1': 1 instance(s).
INFO: [RTGEN 206-100] Finished creating RTL model for 'log_17_9_s'.
INFO: [RTMG 210-279] Implementing memory 'mfcc_log_17_9_s_log_apfixed_reduce_log_inverse_lut_table_array_ROM_AUTO_1R' using auto ROMs.
INFO: [RTMG 210-279] Implementing memory 'mfcc_log_17_9_s_log_apfixed_reduce_log0_lut_table_ap_fixed_0_5_64_array_ROM_AUTO_1R' using auto ROMs.
INFO: [RTMG 210-279] Implementing memory 'mfcc_log_17_9_s_log_apfixed_reduce_log_lut_table_ap_fixed_4_4_16_array_ROM_AUTO_1R' using auto ROMs.
INFO: [HLS 200-111] Finished Creating RTL model: CPU user time: 1 seconds. CPU system time: 1 seconds. Elapsed time: 0.923 seconds; current allocated memory: 1.138 GB.
INFO: [HLS 200-10] ----------------------------------------------------------------
INFO: [HLS 200-10] -- Generating RTL for module 'mfcc_Pipeline_VITIS_LOOP_196_1' 
INFO: [HLS 200-10] ----------------------------------------------------------------
INFO: [HLS 200-1030] Apply Unified Pipeline Control on module 'mfcc_Pipeline_VITIS_LOOP_196_1' pipeline 'VITIS_LOOP_196_1' pipeline type 'loop pipeline'
INFO: [RTGEN 206-100] Finished creating RTL model for 'mfcc_Pipeline_VITIS_LOOP_196_1'.
INFO: [HLS 200-111] Finished Creating RTL model: CPU user time: 0 seconds. CPU system time: 0 seconds. Elapsed time: 0.659 seconds; current allocated memory: 1.142 GB.
INFO: [HLS 200-10] ----------------------------------------------------------------
INFO: [HLS 200-10] -- Generating RTL for module 'mfcc_Pipeline_task_104' 
INFO: [HLS 200-10] ----------------------------------------------------------------
INFO: [HLS 200-1030] Apply Unified Pipeline Control on module 'mfcc_Pipeline_task_104' pipeline 'task_104' pipeline type 'loop pipeline'
INFO: [RTGEN 206-100] Finished creating RTL model for 'mfcc_Pipeline_task_104'.
INFO: [HLS 200-111] Finished Creating RTL model: CPU user time: 0 seconds. CPU system time: 0 seconds. Elapsed time: 0.225 seconds; current allocated memory: 1.142 GB.
INFO: [HLS 200-10] ----------------------------------------------------------------
INFO: [HLS 200-10] -- Generating RTL for module 'mfcc' 
INFO: [HLS 200-10] ----------------------------------------------------------------
WARNING: [RTGEN 206-101] Design contains AXI ports. Reset is fixed to synchronous and active low.
INFO: [RTGEN 206-500] Setting interface mode on port 'mfcc/in_stream_V_data_V' to 'axis' (register, both mode).
INFO: [RTGEN 206-500] Setting interface mode on port 'mfcc/in_stream_V_keep_V' to 'axis' (register, both mode).
INFO: [RTGEN 206-500] Setting interface mode on port 'mfcc/in_stream_V_strb_V' to 'axis' (register, both mode).
INFO: [RTGEN 206-500] Setting interface mode on port 'mfcc/in_stream_V_last_V' to 'axis' (register, both mode).
INFO: [RTGEN 206-500] Setting interface mode on port 'mfcc/out_stream_V_data_V' to 'axis' (register, both mode).
INFO: [RTGEN 206-500] Setting interface mode on port 'mfcc/out_stream_V_keep_V' to 'axis' (register, both mode).
INFO: [RTGEN 206-500] Setting interface mode on port 'mfcc/out_stream_V_strb_V' to 'axis' (register, both mode).
INFO: [RTGEN 206-500] Setting interface mode on port 'mfcc/out_stream_V_last_V' to 'axis' (register, both mode).
INFO: [RTGEN 206-500] Setting interface mode on function 'mfcc' to 'ap_ctrl_none'.
INFO: [RTGEN 206-100] Finished creating RTL model for 'mfcc'.
INFO: [RTMG 210-278] Implementing memory 'mfcc_abs_spectrogram_RAM_1WNR_AUTO_1R1W' using auto RAMs.
INFO: [RTMG 210-278] Implementing memory 'mfcc_mel_filtered_RAM_AUTO_1R1W' using auto RAMs.
INFO: [RTMG 210-278] Implementing memory 'mfcc_mfcc_1_RAM_AUTO_1R1W' using auto RAMs.
INFO: [HLS 200-111] Finished Creating RTL model: CPU user time: 0 seconds. CPU system time: 0 seconds. Elapsed time: 0.43 seconds; current allocated memory: 1.144 GB.
INFO: [HLS 200-111] Finished Generating all RTL models: CPU user time: 1 seconds. CPU system time: 0 seconds. Elapsed time: 1.392 seconds; current allocated memory: 1.148 GB.
INFO: [HLS 200-111] Finished Updating report files: CPU user time: 0 seconds. CPU system time: 1 seconds. Elapsed time: 1.148 seconds; current allocated memory: 1.155 GB.
INFO: [VHDL 208-304] Generating VHDL RTL for mfcc.
INFO: [VLOG 209-307] Generating Verilog RTL for mfcc.
INFO: [HLS 200-790] **** Loop Constraint Status: All loop constraints were NOT satisfied.
INFO: [HLS 200-789] **** Estimated Fmax: 145.43 MHz
INFO: [HLS 200-111] Finished Command csynth_design CPU user time: 4 seconds. CPU system time: 2 seconds. Elapsed time: 30.15 seconds; current allocated memory: 129.598 MB.
==============================================================
Vitis HLS - High-Level Synthesis from C, C++ and OpenCL v2023.1 (64-bit)
Tool Version Limit: 2023.05
Copyright 1986-2022 Xilinx, Inc. All Rights Reserved.
Copyright 2022-2023 Advanced Micro Devices, Inc. All Rights Reserved.

==============================================================
INFO: [SYN 201-201] Setting up clock 'default' with a period of 10ns.
INFO: [HLS 200-1611] Setting target device to 'xc7a100t-csg324-1'
INFO: [HLS 200-1505] Using flow_target 'vivado'
INFO: [HLS 200-1510] Running: set_part xc7a100tcsg324-1 
INFO: [HLS 200-1510] Running: create_clock -period 10 -name default 
INFO: [HLS 200-1510] Running: csynth_design 
INFO: [HLS 200-111] Finished File checks and directory preparation: CPU user time: 0 seconds. CPU system time: 0 seconds. Elapsed time: 0.086 seconds; current allocated memory: 1.030 GB.
INFO: [HLS 200-10] Analyzing design file 'audrey_4_hls/mfcc.cpp' ... 
WARNING: [HLS 207-5292] unused parameter 'data_type' (C:/Xilinx/Vitis_HLS/2023.1/common/technology/autopilot\hls_fft.h:100:77)
WARNING: [HLS 207-5292] unused parameter 'has_nfft' (C:/Xilinx/Vitis_HLS/2023.1/common/technology/autopilot\hls_fft.h:125:65)
WARNING: [HLS 207-5292] unused parameter 'cp_len_enable' (C:/Xilinx/Vitis_HLS/2023.1/common/technology/autopilot\hls_fft.h:138:66)
WARNING: [HLS 207-5292] unused parameter 'scaling_opt' (C:/Xilinx/Vitis_HLS/2023.1/common/technology/autopilot\hls_fft.h:151:68)
WARNING: [HLS 207-5292] unused parameter 'scaling_opt' (C:/Xilinx/Vitis_HLS/2023.1/common/technology/autopilot\hls_fft.h:315:71)
WARNING: [HLS 207-5292] unused parameter 'has_ovflo' (C:/Xilinx/Vitis_HLS/2023.1/common/technology/autopilot\hls_fft.h:328:66)
WARNING: [HLS 207-5292] unused parameter 'audio' (audrey_4_hls/mfcc.cpp:143:38)
INFO: [HLS 200-111] Finished Source Code Analysis and Preprocessing: CPU user time: 1 seconds. CPU system time: 0 seconds. Elapsed time: 17.905 seconds; current allocated memory: 1.037 GB.
INFO: [HLS 200-777] Using interface defaults for 'Vivado' flow target.
INFO: [HLS 214-291] Loop 'VITIS_LOOP_729_1' is marked as complete unroll implied by the pipeline pragma (C:/Xilinx/Vitis_HLS/2023.1/common/technology/autopilot/etc/hls_log_apfixed.h:729:31)
INFO: [HLS 214-186] Unrolling loop 'task_42' (audrey_4_hls/mfcc.cpp:42:18) in function 'mfcc' completely with a factor of 257 (audrey_4_hls/mfcc.cpp:20:0)
INFO: [HLS 214-186] Unrolling loop 'VITIS_LOOP_729_1' (C:/Xilinx/Vitis_HLS/2023.1/common/technology/autopilot/etc/hls_log_apfixed.h:729:31) in function 'log_apfixed_reduce::log<17, 9>' completely with a factor of 17 (C:/Xilinx/Vitis_HLS/2023.1/common/technology/autopilot/etc/hls_log_apfixed.h:500:0)
INFO: [HLS 214-178] Inlining function 'void log_apfixed_reduce::range_reduce<ap_fixed<29, 7, (ap_q_mode)5, (ap_o_mode)3, 0>, 4, 4, 24, 15>(ap_ufixed<24, -(4), (ap_q_mode)5, (ap_o_mode)3, 0>, ap_fixed<29, 7, (ap_q_mode)5, (ap_o_mode)3, 0>&, ap_ufixed<15, -(((4) + (4)) - (1)), (ap_q_mode)5, (ap_o_mode)3, 0>&)' into 'ap_ufixed<15, -7, (ap_q_mode)5, (ap_o_mode)3, 0> log_apfixed_reduce::log_traits<2>::range_reduction<24>(ap_ufixed<24, -4, (ap_q_mode)5, (ap_o_mode)3, 0>, ap_fixed<29, 7, (ap_q_mode)5, (ap_o_mode)3, 0>&)' (C:/Xilinx/Vitis_HLS/2023.1/common/technology/autopilot/etc/hls_log_apfixed.h:249:0)
INFO: [HLS 214-178] Inlining function 'ap_ufixed<15, -7, (ap_q_mode)5, (ap_o_mode)3, 0> log_apfixed_reduce::log_traits<2>::range_reduction<24>(ap_ufixed<24, -4, (ap_q_mode)5, (ap_o_mode)3, 0>, ap_fixed<29, 7, (ap_q_mode)5, (ap_o_mode)3, 0>&)' into 'ap_fixed<17, 9, (ap_q_mode)5, (ap_o_mode)3, 0> log_apfixed_reduce::log<17, 9>(ap_fixed<17, 9, (ap_q_mode)5, (ap_o_mode)3, 0>)' (C:/Xilinx/Vitis_HLS/2023.1/common/technology/autopilot/etc/hls_log_apfixed.h:500:0)
INFO: [HLS 214-178] Inlining function 'ap_fixed<17, 9, (ap_q_mode)5, (ap_o_mode)3, 0> hls::log<17, 9>(ap_fixed<17, 9, (ap_q_mode)5, (ap_o_mode)3, 0>)' into 'feature_2_log(ap_fixed<16, 8, (ap_q_mode)5, (ap_o_mode)3, 0>*, ap_fixed<16, 8, (ap_q_mode)5, (ap_o_mode)3, 0>*)' (audrey_4_hls/mfcc.cpp:196:0)
INFO: [HLS 214-178] Inlining function 'feature_1_mel(ap_fixed<16, 8, (ap_q_mode)5, (ap_o_mode)3, 0>*, ap_fixed<16, 8, (ap_q_mode)5, (ap_o_mode)3, 0>*)' into 'mfcc(hls::stream<hls::axis<ap_fixed<16, 8, (ap_q_mode)5, (ap_o_mode)3, 0>, 0ul, 0ul, 0ul>, 0>&, hls::stream<hls::axis<ap_fixed<16, 8, (ap_q_mode)5, (ap_o_mode)3, 0>, 0ul, 0ul, 0ul>, 0>&)' (audrey_4_hls/mfcc.cpp:20:0)
INFO: [HLS 214-178] Inlining function 'feature_2_log(ap_fixed<16, 8, (ap_q_mode)5, (ap_o_mode)3, 0>*, ap_fixed<16, 8, (ap_q_mode)5, (ap_o_mode)3, 0>*)' into 'mfcc(hls::stream<hls::axis<ap_fixed<16, 8, (ap_q_mode)5, (ap_o_mode)3, 0>, 0ul, 0ul, 0ul>, 0>&, hls::stream<hls::axis<ap_fixed<16, 8, (ap_q_mode)5, (ap_o_mode)3, 0>, 0ul, 0ul, 0ul>, 0>&)' (audrey_4_hls/mfcc.cpp:20:0)
INFO: [HLS 200-111] Finished Compiling Optimization and Transform: CPU user time: 0 seconds. CPU system time: 0 seconds. Elapsed time: 4.907 seconds; current allocated memory: 1.038 GB.
INFO: [HLS 200-111] Finished Checking Pragmas: CPU user time: 0 seconds. CPU system time: 0 seconds. Elapsed time: 0.002 seconds; current allocated memory: 1.038 GB.
INFO: [HLS 200-10] Starting code transformations ...
INFO: [HLS 200-111] Finished Standard Transforms: CPU user time: 0 seconds. CPU system time: 0 seconds. Elapsed time: 0.229 seconds; current allocated memory: 1.047 GB.
INFO: [HLS 200-10] Checking synthesizability ...
INFO: [HLS 200-111] Finished Checking Synthesizability: CPU user time: 0 seconds. CPU system time: 0 seconds. Elapsed time: 0.378 seconds; current allocated memory: 1.051 GB.
INFO: [XFORM 203-510] Pipelining loop 'VITIS_LOOP_178_1' (audrey_4_hls/mfcc.cpp:178) in function 'mfcc' automatically.
INFO: [XFORM 203-510] Pipelining loop 'VITIS_LOOP_197_1' (audrey_4_hls/mfcc.cpp:197) in function 'mfcc' automatically.
INFO: [XFORM 203-510] Pipelining loop 'task_104' (audrey_4_hls/mfcc.cpp:105) in function 'mfcc' automatically.
INFO: [XFORM 203-502] Unrolling all sub-loops inside loop 'VITIS_LOOP_178_1' (audrey_4_hls/mfcc.cpp:178) in function 'mfcc' for pipelining.
INFO: [HLS 200-489] Unrolling loop 'VITIS_LOOP_184_2' (audrey_4_hls/mfcc.cpp:184) in function 'mfcc' completely with a factor of 30.
INFO: [XFORM 203-102] Partitioning array 'mel_filterbank' in dimension 2 automatically.
INFO: [XFORM 203-401] Performing if-conversion on hyperblock from (C:/Xilinx/Vitis_HLS/2023.1/common/technology/autopilot/etc/hls_log_apfixed.h:728:42) to (C:/Xilinx/Vitis_HLS/2023.1/common/technology/autopilot/etc/hls_log_apfixed.h:748:17) in function 'log_apfixed_reduce::log<17, 9>'... converting 18 basic blocks.
INFO: [XFORM 203-11] Balancing expressions in function 'mfcc' (audrey_4_hls/mfcc.cpp:17:19)...29 expression(s) balanced.
INFO: [XFORM 203-11] Balancing expressions in function 'log_apfixed_reduce::log<17, 9>' (C:/Xilinx/Vitis_HLS/2023.1/common/technology/autopilot/etc/hls_log_apfixed.h:178:6)...3 expression(s) balanced.
INFO: [HLS 200-111] Finished Loop, function and other optimizations: CPU user time: 1 seconds. CPU system time: 0 seconds. Elapsed time: 0.842 seconds; current allocated memory: 1.078 GB.
INFO: [HLS 200-111] Finished Architecture Synthesis: CPU user time: 1 seconds. CPU system time: 0 seconds. Elapsed time: 0.909 seconds; current allocated memory: 1.126 GB.
INFO: [HLS 200-10] Starting hardware synthesis ...
INFO: [HLS 200-10] Synthesizing 'mfcc' ...
WARNING: [SYN 201-103] Legalizing function name 'log<17, 9>' to 'log_17_9_s'.
INFO: [HLS 200-10] ----------------------------------------------------------------
INFO: [HLS 200-42] -- Implementing module 'mfcc_Pipeline_VITIS_LOOP_178_1' 
INFO: [HLS 200-10] ----------------------------------------------------------------
INFO: [SCHED 204-11] Starting scheduling ...
INFO: [HLS 200-1457] Automatically inferring inferring RAM_1WNR storage type for array 'abs_spectrogram'. Use bind_storage pragma to override this type.
INFO: [SCHED 204-61] Pipelining loop 'VITIS_LOOP_178_1'.
WARNING: [HLS 200-885] The II Violation in module 'mfcc_Pipeline_VITIS_LOOP_178_1' (loop 'VITIS_LOOP_178_1'): Unable to schedule 'load' operation ('abs_spectrogram_load_19', audrey_4_hls/mfcc.cpp:185->audrey_4_hls/mfcc.cpp:64) on array 'abs_spectrogram' due to limited memory ports (II = 1). Please consider using a memory core with more ports or partitioning the array 'abs_spectrogram'.
INFO: [HLS 200-1470] Pipelining result : Target II = NA, Final II = 2, Depth = 9, loop 'VITIS_LOOP_178_1'
INFO: [SCHED 204-11] Finished scheduling.
INFO: [HLS 200-111] Finished Scheduling: CPU user time: 0 seconds. CPU system time: 0 seconds. Elapsed time: 0.603 seconds; current allocated memory: 1.130 GB.
INFO: [BIND 205-100] Starting micro-architecture generation ...
INFO: [BIND 205-101] Performing variable lifetime analysis.
INFO: [BIND 205-101] Exploring resource sharing.
INFO: [BIND 205-101] Binding ...
INFO: [BIND 205-100] Finished micro-architecture generation.
INFO: [HLS 200-111] Finished Binding: CPU user time: 0 seconds. CPU system time: 0 seconds. Elapsed time: 0.178 seconds; current allocated memory: 1.131 GB.
INFO: [HLS 200-10] ----------------------------------------------------------------
INFO: [HLS 200-42] -- Implementing module 'log_17_9_s' 
INFO: [HLS 200-10] ----------------------------------------------------------------
INFO: [SCHED 204-11] Starting scheduling ...
INFO: [HLS 200-486] Changing DSP latency (root=mul_ln184) to 3 in order to utilize available DSP registers.
INFO: [SCHED 204-61] Pipelining function 'log<17, 9>'.
INFO: [HLS 200-1470] Pipelining result : Target II = NA, Final II = 1, Depth = 11, function 'log<17, 9>'
INFO: [SCHED 204-11] Finished scheduling.
INFO: [HLS 200-111] Finished Scheduling: CPU user time: 0 seconds. CPU system time: 0 seconds. Elapsed time: 0.507 seconds; current allocated memory: 1.131 GB.
INFO: [BIND 205-100] Starting micro-architecture generation ...
INFO: [BIND 205-101] Performing variable lifetime analysis.
INFO: [BIND 205-101] Exploring resource sharing.
INFO: [BIND 205-101] Binding ...
INFO: [BIND 205-100] Finished micro-architecture generation.
INFO: [HLS 200-111] Finished Binding: CPU user time: 1 seconds. CPU system time: 0 seconds. Elapsed time: 0.161 seconds; current allocated memory: 1.131 GB.
INFO: [HLS 200-10] ----------------------------------------------------------------
INFO: [HLS 200-42] -- Implementing module 'mfcc_Pipeline_VITIS_LOOP_197_1' 
INFO: [HLS 200-10] ----------------------------------------------------------------
INFO: [SCHED 204-11] Starting scheduling ...
INFO: [SCHED 204-61] Pipelining loop 'VITIS_LOOP_197_1'.
INFO: [HLS 200-1470] Pipelining result : Target II = NA, Final II = 1, Depth = 13, loop 'VITIS_LOOP_197_1'
INFO: [SCHED 204-11] Finished scheduling.
INFO: [HLS 200-111] Finished Scheduling: CPU user time: 0 seconds. CPU system time: 0 seconds. Elapsed time: 0.188 seconds; current allocated memory: 1.131 GB.
INFO: [BIND 205-100] Starting micro-architecture generation ...
INFO: [BIND 205-101] Performing variable lifetime analysis.
INFO: [BIND 205-101] Exploring resource sharing.
INFO: [BIND 205-101] Binding ...
INFO: [BIND 205-100] Finished micro-architecture generation.
INFO: [HLS 200-111] Finished Binding: CPU user time: 0 seconds. CPU system time: 0 seconds. Elapsed time: 0.144 seconds; current allocated memory: 1.131 GB.
INFO: [HLS 200-10] ----------------------------------------------------------------
INFO: [HLS 200-42] -- Implementing module 'mfcc_Pipeline_task_104' 
INFO: [HLS 200-10] ----------------------------------------------------------------
INFO: [SCHED 204-11] Starting scheduling ...
INFO: [SCHED 204-61] Pipelining loop 'task_104'.
INFO: [HLS 200-1470] Pipelining result : Target II = NA, Final II = 1, Depth = 2, loop 'task_104'
INFO: [SCHED 204-11] Finished scheduling.
INFO: [HLS 200-111] Finished Scheduling: CPU user time: 0 seconds. CPU system time: 0 seconds. Elapsed time: 0.138 seconds; current allocated memory: 1.131 GB.
INFO: [BIND 205-100] Starting micro-architecture generation ...
INFO: [BIND 205-101] Performing variable lifetime analysis.
INFO: [BIND 205-101] Exploring resource sharing.
INFO: [BIND 205-101] Binding ...
INFO: [BIND 205-100] Finished micro-architecture generation.
INFO: [HLS 200-111] Finished Binding: CPU user time: 0 seconds. CPU system time: 0 seconds. Elapsed time: 0.097 seconds; current allocated memory: 1.131 GB.
INFO: [HLS 200-10] ----------------------------------------------------------------
INFO: [HLS 200-42] -- Implementing module 'mfcc' 
INFO: [HLS 200-10] ----------------------------------------------------------------
INFO: [SCHED 204-11] Starting scheduling ...
INFO: [HLS 200-1457] Automatically inferring inferring RAM_1WNR storage type for array 'abs_spectrogram'. Use bind_storage pragma to override this type.
INFO: [SCHED 204-11] Finished scheduling.
INFO: [HLS 200-111] Finished Scheduling: CPU user time: 1 seconds. CPU system time: 0 seconds. Elapsed time: 1.262 seconds; current allocated memory: 1.133 GB.
INFO: [BIND 205-100] Starting micro-architecture generation ...
INFO: [BIND 205-101] Performing variable lifetime analysis.
INFO: [BIND 205-101] Exploring resource sharing.
INFO: [BIND 205-101] Binding ...
INFO: [BIND 205-100] Finished micro-architecture generation.
INFO: [HLS 200-111] Finished Binding: CPU user time: 1 seconds. CPU system time: 0 seconds. Elapsed time: 1.602 seconds; current allocated memory: 1.133 GB.
INFO: [HLS 200-10] ----------------------------------------------------------------
INFO: [HLS 200-10] -- Generating RTL for module 'mfcc_Pipeline_VITIS_LOOP_178_1' 
INFO: [HLS 200-10] ----------------------------------------------------------------
INFO: [HLS 200-1030] Apply Unified Pipeline Control on module 'mfcc_Pipeline_VITIS_LOOP_178_1' pipeline 'VITIS_LOOP_178_1' pipeline type 'loop pipeline'
INFO: [RTGEN 206-100] Generating core module 'mul_5ns_16s_21_1_1': 1 instance(s).
INFO: [RTGEN 206-100] Generating core module 'mul_6ns_16s_22_1_1': 2 instance(s).
INFO: [RTGEN 206-100] Generating core module 'mul_7ns_16s_23_1_1': 4 instance(s).
INFO: [RTGEN 206-100] Generating core module 'mul_8ns_16s_24_1_1': 23 instance(s).
INFO: [RTGEN 206-100] Finished creating RTL model for 'mfcc_Pipeline_VITIS_LOOP_178_1'.
INFO: [RTMG 210-279] Implementing memory 'mfcc_mfcc_Pipeline_VITIS_LOOP_178_1_first_ind_ROM_AUTO_1R' using auto ROMs.
INFO: [RTMG 210-279] Implementing memory 'mfcc_mfcc_Pipeline_VITIS_LOOP_178_1_mel_filterbank_0_ROM_AUTO_1R' using auto ROMs.
INFO: [RTMG 210-279] Implementing memory 'mfcc_mfcc_Pipeline_VITIS_LOOP_178_1_mel_filterbank_1_ROM_AUTO_1R' using auto ROMs.
INFO: [RTMG 210-279] Implementing memory 'mfcc_mfcc_Pipeline_VITIS_LOOP_178_1_mel_filterbank_2_ROM_AUTO_1R' using auto ROMs.
INFO: [RTMG 210-279] Implementing memory 'mfcc_mfcc_Pipeline_VITIS_LOOP_178_1_mel_filterbank_3_ROM_AUTO_1R' using auto ROMs.
INFO: [RTMG 210-279] Implementing memory 'mfcc_mfcc_Pipeline_VITIS_LOOP_178_1_mel_filterbank_4_ROM_AUTO_1R' using auto ROMs.
INFO: [RTMG 210-279] Implementing memory 'mfcc_mfcc_Pipeline_VITIS_LOOP_178_1_mel_filterbank_5_ROM_AUTO_1R' using auto ROMs.
INFO: [RTMG 210-279] Implementing memory 'mfcc_mfcc_Pipeline_VITIS_LOOP_178_1_mel_filterbank_6_ROM_AUTO_1R' using auto ROMs.
INFO: [RTMG 210-279] Implementing memory 'mfcc_mfcc_Pipeline_VITIS_LOOP_178_1_mel_filterbank_7_ROM_AUTO_1R' using auto ROMs.
INFO: [RTMG 210-279] Implementing memory 'mfcc_mfcc_Pipeline_VITIS_LOOP_178_1_mel_filterbank_8_ROM_AUTO_1R' using auto ROMs.
INFO: [RTMG 210-279] Implementing memory 'mfcc_mfcc_Pipeline_VITIS_LOOP_178_1_mel_filterbank_9_ROM_AUTO_1R' using auto ROMs.
INFO: [RTMG 210-279] Implementing memory 'mfcc_mfcc_Pipeline_VITIS_LOOP_178_1_mel_filterbank_10_ROM_AUTO_1R' using auto ROMs.
INFO: [RTMG 210-279] Implementing memory 'mfcc_mfcc_Pipeline_VITIS_LOOP_178_1_mel_filterbank_11_ROM_AUTO_1R' using auto ROMs.
INFO: [RTMG 210-279] Implementing memory 'mfcc_mfcc_Pipeline_VITIS_LOOP_178_1_mel_filterbank_12_ROM_AUTO_1R' using auto ROMs.
INFO: [RTMG 210-279] Implementing memory 'mfcc_mfcc_Pipeline_VITIS_LOOP_178_1_mel_filterbank_13_ROM_AUTO_1R' using auto ROMs.
INFO: [RTMG 210-279] Implementing memory 'mfcc_mfcc_Pipeline_VITIS_LOOP_178_1_mel_filterbank_14_ROM_AUTO_1R' using auto ROMs.
INFO: [RTMG 210-279] Implementing memory 'mfcc_mfcc_Pipeline_VITIS_LOOP_178_1_mel_filterbank_15_ROM_AUTO_1R' using auto ROMs.
INFO: [RTMG 210-279] Implementing memory 'mfcc_mfcc_Pipeline_VITIS_LOOP_178_1_mel_filterbank_16_ROM_AUTO_1R' using auto ROMs.
INFO: [RTMG 210-279] Implementing memory 'mfcc_mfcc_Pipeline_VITIS_LOOP_178_1_mel_filterbank_17_ROM_AUTO_1R' using auto ROMs.
INFO: [RTMG 210-279] Implementing memory 'mfcc_mfcc_Pipeline_VITIS_LOOP_178_1_mel_filterbank_18_ROM_AUTO_1R' using auto ROMs.
INFO: [RTMG 210-279] Implementing memory 'mfcc_mfcc_Pipeline_VITIS_LOOP_178_1_mel_filterbank_19_ROM_AUTO_1R' using auto ROMs.
INFO: [RTMG 210-279] Implementing memory 'mfcc_mfcc_Pipeline_VITIS_LOOP_178_1_mel_filterbank_20_ROM_AUTO_1R' using auto ROMs.
INFO: [RTMG 210-279] Implementing memory 'mfcc_mfcc_Pipeline_VITIS_LOOP_178_1_mel_filterbank_21_ROM_AUTO_1R' using auto ROMs.
INFO: [RTMG 210-279] Implementing memory 'mfcc_mfcc_Pipeline_VITIS_LOOP_178_1_mel_filterbank_22_ROM_AUTO_1R' using auto ROMs.
INFO: [RTMG 210-279] Implementing memory 'mfcc_mfcc_Pipeline_VITIS_LOOP_178_1_mel_filterbank_23_ROM_AUTO_1R' using auto ROMs.
INFO: [RTMG 210-279] Implementing memory 'mfcc_mfcc_Pipeline_VITIS_LOOP_178_1_mel_filterbank_24_ROM_AUTO_1R' using auto ROMs.
INFO: [RTMG 210-279] Implementing memory 'mfcc_mfcc_Pipeline_VITIS_LOOP_178_1_mel_filterbank_25_ROM_AUTO_1R' using auto ROMs.
INFO: [RTMG 210-279] Implementing memory 'mfcc_mfcc_Pipeline_VITIS_LOOP_178_1_mel_filterbank_26_ROM_AUTO_1R' using auto ROMs.
INFO: [RTMG 210-279] Implementing memory 'mfcc_mfcc_Pipeline_VITIS_LOOP_178_1_mel_filterbank_27_ROM_AUTO_1R' using auto ROMs.
INFO: [RTMG 210-279] Implementing memory 'mfcc_mfcc_Pipeline_VITIS_LOOP_178_1_mel_filterbank_28_ROM_AUTO_1R' using auto ROMs.
INFO: [RTMG 210-279] Implementing memory 'mfcc_mfcc_Pipeline_VITIS_LOOP_178_1_mel_filterbank_29_ROM_AUTO_1R' using auto ROMs.
INFO: [HLS 200-111] Finished Creating RTL model: CPU user time: 1 seconds. CPU system time: 0 seconds. Elapsed time: 1.035 seconds; current allocated memory: 1.136 GB.
INFO: [HLS 200-10] ----------------------------------------------------------------
INFO: [HLS 200-10] -- Generating RTL for module 'log_17_9_s' 
INFO: [HLS 200-10] ----------------------------------------------------------------
INFO: [HLS 200-1030] Apply Unified Pipeline Control on module 'log_17_9_s' pipeline 'log<17, 9>' pipeline type 'function pipeline'
INFO: [RTGEN 206-100] Generating core module 'mac_mulsub_24ns_4ns_29ns_29_4_1': 1 instance(s).
INFO: [RTGEN 206-100] Generating core module 'mul_29s_6ns_29_2_1': 1 instance(s).
INFO: [RTGEN 206-100] Generating core module 'mul_5s_23ns_28_1_1': 1 instance(s).
INFO: [RTGEN 206-100] Generating core module 'mul_9ns_9ns_18_1_1': 1 instance(s).
INFO: [RTGEN 206-100] Finished creating RTL model for 'log_17_9_s'.
INFO: [RTMG 210-279] Implementing memory 'mfcc_log_17_9_s_log_apfixed_reduce_log_inverse_lut_table_array_ROM_AUTO_1R' using auto ROMs.
INFO: [RTMG 210-279] Implementing memory 'mfcc_log_17_9_s_log_apfixed_reduce_log0_lut_table_ap_fixed_0_5_64_array_ROM_AUTO_1R' using auto ROMs.
INFO: [RTMG 210-279] Implementing memory 'mfcc_log_17_9_s_log_apfixed_reduce_log_lut_table_ap_fixed_4_4_16_array_ROM_AUTO_1R' using auto ROMs.
INFO: [HLS 200-111] Finished Creating RTL model: CPU user time: 0 seconds. CPU system time: 1 seconds. Elapsed time: 0.94 seconds; current allocated memory: 1.145 GB.
INFO: [HLS 200-10] ----------------------------------------------------------------
INFO: [HLS 200-10] -- Generating RTL for module 'mfcc_Pipeline_VITIS_LOOP_197_1' 
INFO: [HLS 200-10] ----------------------------------------------------------------
INFO: [HLS 200-1030] Apply Unified Pipeline Control on module 'mfcc_Pipeline_VITIS_LOOP_197_1' pipeline 'VITIS_LOOP_197_1' pipeline type 'loop pipeline'
INFO: [RTGEN 206-100] Finished creating RTL model for 'mfcc_Pipeline_VITIS_LOOP_197_1'.
INFO: [HLS 200-111] Finished Creating RTL model: CPU user time: 1 seconds. CPU system time: 0 seconds. Elapsed time: 0.648 seconds; current allocated memory: 1.149 GB.
INFO: [HLS 200-10] ----------------------------------------------------------------
INFO: [HLS 200-10] -- Generating RTL for module 'mfcc_Pipeline_task_104' 
INFO: [HLS 200-10] ----------------------------------------------------------------
INFO: [HLS 200-1030] Apply Unified Pipeline Control on module 'mfcc_Pipeline_task_104' pipeline 'task_104' pipeline type 'loop pipeline'
INFO: [RTGEN 206-100] Finished creating RTL model for 'mfcc_Pipeline_task_104'.
INFO: [HLS 200-111] Finished Creating RTL model: CPU user time: 0 seconds. CPU system time: 0 seconds. Elapsed time: 0.211 seconds; current allocated memory: 1.150 GB.
INFO: [HLS 200-10] ----------------------------------------------------------------
INFO: [HLS 200-10] -- Generating RTL for module 'mfcc' 
INFO: [HLS 200-10] ----------------------------------------------------------------
WARNING: [RTGEN 206-101] Design contains AXI ports. Reset is fixed to synchronous and active low.
INFO: [RTGEN 206-500] Setting interface mode on port 'mfcc/in_stream_V_data_V' to 'axis' (register, both mode).
INFO: [RTGEN 206-500] Setting interface mode on port 'mfcc/in_stream_V_keep_V' to 'axis' (register, both mode).
INFO: [RTGEN 206-500] Setting interface mode on port 'mfcc/in_stream_V_strb_V' to 'axis' (register, both mode).
INFO: [RTGEN 206-500] Setting interface mode on port 'mfcc/in_stream_V_last_V' to 'axis' (register, both mode).
INFO: [RTGEN 206-500] Setting interface mode on port 'mfcc/out_stream_V_data_V' to 'axis' (register, both mode).
INFO: [RTGEN 206-500] Setting interface mode on port 'mfcc/out_stream_V_keep_V' to 'axis' (register, both mode).
INFO: [RTGEN 206-500] Setting interface mode on port 'mfcc/out_stream_V_strb_V' to 'axis' (register, both mode).
INFO: [RTGEN 206-500] Setting interface mode on port 'mfcc/out_stream_V_last_V' to 'axis' (register, both mode).
INFO: [RTGEN 206-500] Setting interface mode on function 'mfcc' to 'ap_ctrl_none'.
INFO: [RTGEN 206-100] Finished creating RTL model for 'mfcc'.
INFO: [RTMG 210-278] Implementing memory 'mfcc_abs_spectrogram_RAM_1WNR_AUTO_1R1W' using auto RAMs.
INFO: [RTMG 210-278] Implementing memory 'mfcc_mel_filtered_RAM_AUTO_1R1W' using auto RAMs.
INFO: [RTMG 210-278] Implementing memory 'mfcc_mfcc_1_RAM_AUTO_1R1W' using auto RAMs.
INFO: [HLS 200-111] Finished Creating RTL model: CPU user time: 0 seconds. CPU system time: 0 seconds. Elapsed time: 0.721 seconds; current allocated memory: 1.160 GB.
INFO: [HLS 200-111] Finished Generating all RTL models: CPU user time: 1 seconds. CPU system time: 1 seconds. Elapsed time: 3.629 seconds; current allocated memory: 1.177 GB.
INFO: [HLS 200-111] Finished Updating report files: CPU user time: 0 seconds. CPU system time: 1 seconds. Elapsed time: 1.15 seconds; current allocated memory: 1.185 GB.
INFO: [VHDL 208-304] Generating VHDL RTL for mfcc.
INFO: [VLOG 209-307] Generating Verilog RTL for mfcc.
INFO: [HLS 200-790] **** Loop Constraint Status: All loop constraints were NOT satisfied.
INFO: [HLS 200-789] **** Estimated Fmax: 145.43 MHz
INFO: [HLS 200-111] Finished Command csynth_design CPU user time: 9 seconds. CPU system time: 3 seconds. Elapsed time: 38.808 seconds; current allocated memory: 158.738 MB.
==============================================================
Vitis HLS - High-Level Synthesis from C, C++ and OpenCL v2023.1 (64-bit)
Tool Version Limit: 2023.05
Copyright 1986-2022 Xilinx, Inc. All Rights Reserved.
Copyright 2022-2023 Advanced Micro Devices, Inc. All Rights Reserved.

==============================================================
INFO: [SYN 201-201] Setting up clock 'default' with a period of 10ns.
INFO: [HLS 200-1611] Setting target device to 'xc7a100t-csg324-1'
INFO: [HLS 200-1505] Using flow_target 'vivado'
INFO: [HLS 200-1510] Running: set_part xc7a100tcsg324-1 
INFO: [HLS 200-1510] Running: create_clock -period 10 -name default 
INFO: [HLS 200-1510] Running: csynth_design 
INFO: [HLS 200-111] Finished File checks and directory preparation: CPU user time: 0 seconds. CPU system time: 0 seconds. Elapsed time: 0.085 seconds; current allocated memory: 1.031 GB.
INFO: [HLS 200-10] Analyzing design file 'audrey_4_hls/mfcc.cpp' ... 
WARNING: [HLS 207-5292] unused parameter 'data_type' (C:/Xilinx/Vitis_HLS/2023.1/common/technology/autopilot\hls_fft.h:100:77)
WARNING: [HLS 207-5292] unused parameter 'has_nfft' (C:/Xilinx/Vitis_HLS/2023.1/common/technology/autopilot\hls_fft.h:125:65)
WARNING: [HLS 207-5292] unused parameter 'cp_len_enable' (C:/Xilinx/Vitis_HLS/2023.1/common/technology/autopilot\hls_fft.h:138:66)
WARNING: [HLS 207-5292] unused parameter 'scaling_opt' (C:/Xilinx/Vitis_HLS/2023.1/common/technology/autopilot\hls_fft.h:151:68)
WARNING: [HLS 207-5292] unused parameter 'scaling_opt' (C:/Xilinx/Vitis_HLS/2023.1/common/technology/autopilot\hls_fft.h:315:71)
WARNING: [HLS 207-5292] unused parameter 'has_ovflo' (C:/Xilinx/Vitis_HLS/2023.1/common/technology/autopilot\hls_fft.h:328:66)
WARNING: [HLS 207-5292] unused parameter 'audio' (audrey_4_hls/mfcc.cpp:143:38)
INFO: [HLS 200-111] Finished Source Code Analysis and Preprocessing: CPU user time: 0 seconds. CPU system time: 0 seconds. Elapsed time: 18.277 seconds; current allocated memory: 1.037 GB.
INFO: [HLS 200-777] Using interface defaults for 'Vivado' flow target.
INFO: [HLS 214-291] Loop 'VITIS_LOOP_729_1' is marked as complete unroll implied by the pipeline pragma (C:/Xilinx/Vitis_HLS/2023.1/common/technology/autopilot/etc/hls_log_apfixed.h:729:31)
INFO: [HLS 214-186] Unrolling loop 'VITIS_LOOP_729_1' (C:/Xilinx/Vitis_HLS/2023.1/common/technology/autopilot/etc/hls_log_apfixed.h:729:31) in function 'log_apfixed_reduce::log<17, 9>' completely with a factor of 17 (C:/Xilinx/Vitis_HLS/2023.1/common/technology/autopilot/etc/hls_log_apfixed.h:500:0)
INFO: [HLS 214-178] Inlining function 'void log_apfixed_reduce::range_reduce<ap_fixed<29, 7, (ap_q_mode)5, (ap_o_mode)3, 0>, 4, 4, 24, 15>(ap_ufixed<24, -(4), (ap_q_mode)5, (ap_o_mode)3, 0>, ap_fixed<29, 7, (ap_q_mode)5, (ap_o_mode)3, 0>&, ap_ufixed<15, -(((4) + (4)) - (1)), (ap_q_mode)5, (ap_o_mode)3, 0>&)' into 'ap_ufixed<15, -7, (ap_q_mode)5, (ap_o_mode)3, 0> log_apfixed_reduce::log_traits<2>::range_reduction<24>(ap_ufixed<24, -4, (ap_q_mode)5, (ap_o_mode)3, 0>, ap_fixed<29, 7, (ap_q_mode)5, (ap_o_mode)3, 0>&)' (C:/Xilinx/Vitis_HLS/2023.1/common/technology/autopilot/etc/hls_log_apfixed.h:249:0)
INFO: [HLS 214-178] Inlining function 'ap_ufixed<15, -7, (ap_q_mode)5, (ap_o_mode)3, 0> log_apfixed_reduce::log_traits<2>::range_reduction<24>(ap_ufixed<24, -4, (ap_q_mode)5, (ap_o_mode)3, 0>, ap_fixed<29, 7, (ap_q_mode)5, (ap_o_mode)3, 0>&)' into 'ap_fixed<17, 9, (ap_q_mode)5, (ap_o_mode)3, 0> log_apfixed_reduce::log<17, 9>(ap_fixed<17, 9, (ap_q_mode)5, (ap_o_mode)3, 0>)' (C:/Xilinx/Vitis_HLS/2023.1/common/technology/autopilot/etc/hls_log_apfixed.h:500:0)
INFO: [HLS 214-178] Inlining function 'ap_fixed<17, 9, (ap_q_mode)5, (ap_o_mode)3, 0> hls::log<17, 9>(ap_fixed<17, 9, (ap_q_mode)5, (ap_o_mode)3, 0>)' into 'feature_2_log(ap_fixed<16, 8, (ap_q_mode)5, (ap_o_mode)3, 0>*, ap_fixed<16, 8, (ap_q_mode)5, (ap_o_mode)3, 0>*)' (audrey_4_hls/mfcc.cpp:196:0)
INFO: [HLS 214-178] Inlining function 'feature_1_mel(ap_fixed<16, 8, (ap_q_mode)5, (ap_o_mode)3, 0>*, ap_fixed<16, 8, (ap_q_mode)5, (ap_o_mode)3, 0>*)' into 'mfcc(hls::stream<hls::axis<ap_fixed<16, 8, (ap_q_mode)5, (ap_o_mode)3, 0>, 0ul, 0ul, 0ul>, 0>&, hls::stream<hls::axis<ap_fixed<16, 8, (ap_q_mode)5, (ap_o_mode)3, 0>, 0ul, 0ul, 0ul>, 0>&)' (audrey_4_hls/mfcc.cpp:20:0)
INFO: [HLS 214-178] Inlining function 'feature_2_log(ap_fixed<16, 8, (ap_q_mode)5, (ap_o_mode)3, 0>*, ap_fixed<16, 8, (ap_q_mode)5, (ap_o_mode)3, 0>*)' into 'mfcc(hls::stream<hls::axis<ap_fixed<16, 8, (ap_q_mode)5, (ap_o_mode)3, 0>, 0ul, 0ul, 0ul>, 0>&, hls::stream<hls::axis<ap_fixed<16, 8, (ap_q_mode)5, (ap_o_mode)3, 0>, 0ul, 0ul, 0ul>, 0>&)' (audrey_4_hls/mfcc.cpp:20:0)
INFO: [HLS 200-111] Finished Compiling Optimization and Transform: CPU user time: 0 seconds. CPU system time: 0 seconds. Elapsed time: 2.784 seconds; current allocated memory: 1.038 GB.
INFO: [HLS 200-111] Finished Checking Pragmas: CPU user time: 0 seconds. CPU system time: 0 seconds. Elapsed time: 0.002 seconds; current allocated memory: 1.038 GB.
INFO: [HLS 200-10] Starting code transformations ...
INFO: [HLS 200-111] Finished Standard Transforms: CPU user time: 0 seconds. CPU system time: 0 seconds. Elapsed time: 0.092 seconds; current allocated memory: 1.045 GB.
INFO: [HLS 200-10] Checking synthesizability ...
INFO: [HLS 200-111] Finished Checking Synthesizability: CPU user time: 0 seconds. CPU system time: 0 seconds. Elapsed time: 0.06 seconds; current allocated memory: 1.048 GB.
INFO: [XFORM 203-510] Pipelining loop 'VITIS_LOOP_178_1' (audrey_4_hls/mfcc.cpp:178) in function 'mfcc' automatically.
INFO: [XFORM 203-510] Pipelining loop 'VITIS_LOOP_197_1' (audrey_4_hls/mfcc.cpp:197) in function 'mfcc' automatically.
INFO: [XFORM 203-510] Pipelining loop 'task_104' (audrey_4_hls/mfcc.cpp:105) in function 'mfcc' automatically.
INFO: [XFORM 203-502] Unrolling all sub-loops inside loop 'VITIS_LOOP_178_1' (audrey_4_hls/mfcc.cpp:178) in function 'mfcc' for pipelining.
INFO: [HLS 200-489] Unrolling loop 'VITIS_LOOP_184_2' (audrey_4_hls/mfcc.cpp:184) in function 'mfcc' completely with a factor of 30.
INFO: [XFORM 203-102] Partitioning array 'mel_filterbank' in dimension 2 automatically.
INFO: [XFORM 203-401] Performing if-conversion on hyperblock from (C:/Xilinx/Vitis_HLS/2023.1/common/technology/autopilot/etc/hls_log_apfixed.h:728:42) to (C:/Xilinx/Vitis_HLS/2023.1/common/technology/autopilot/etc/hls_log_apfixed.h:748:17) in function 'log_apfixed_reduce::log<17, 9>'... converting 18 basic blocks.
INFO: [XFORM 203-11] Balancing expressions in function 'mfcc' (audrey_4_hls/mfcc.cpp:17:19)...29 expression(s) balanced.
INFO: [XFORM 203-11] Balancing expressions in function 'log_apfixed_reduce::log<17, 9>' (C:/Xilinx/Vitis_HLS/2023.1/common/technology/autopilot/etc/hls_log_apfixed.h:178:6)...3 expression(s) balanced.
INFO: [HLS 200-111] Finished Loop, function and other optimizations: CPU user time: 1 seconds. CPU system time: 0 seconds. Elapsed time: 0.255 seconds; current allocated memory: 1.072 GB.
INFO: [HLS 200-111] Finished Architecture Synthesis: CPU user time: 0 seconds. CPU system time: 0 seconds. Elapsed time: 0.128 seconds; current allocated memory: 1.110 GB.
INFO: [HLS 200-10] Starting hardware synthesis ...
INFO: [HLS 200-10] Synthesizing 'mfcc' ...
WARNING: [SYN 201-103] Legalizing function name 'log<17, 9>' to 'log_17_9_s'.
INFO: [HLS 200-10] ----------------------------------------------------------------
INFO: [HLS 200-42] -- Implementing module 'mfcc_Pipeline_task_42' 
INFO: [HLS 200-10] ----------------------------------------------------------------
INFO: [SCHED 204-11] Starting scheduling ...
INFO: [HLS 200-1457] Automatically inferring inferring RAM_1WNR storage type for array 'abs_spectrogram'. Use bind_storage pragma to override this type.
INFO: [SCHED 204-61] Pipelining loop 'task_42'.
INFO: [HLS 200-1470] Pipelining result : Target II = NA, Final II = 1, Depth = 1, loop 'task_42'
INFO: [SCHED 204-11] Finished scheduling.
INFO: [HLS 200-111] Finished Scheduling: CPU user time: 0 seconds. CPU system time: 0 seconds. Elapsed time: 0.307 seconds; current allocated memory: 1.115 GB.
INFO: [BIND 205-100] Starting micro-architecture generation ...
INFO: [BIND 205-101] Performing variable lifetime analysis.
INFO: [BIND 205-101] Exploring resource sharing.
INFO: [BIND 205-101] Binding ...
INFO: [BIND 205-100] Finished micro-architecture generation.
INFO: [HLS 200-111] Finished Binding: CPU user time: 0 seconds. CPU system time: 0 seconds. Elapsed time: 0.094 seconds; current allocated memory: 1.116 GB.
INFO: [HLS 200-10] ----------------------------------------------------------------
INFO: [HLS 200-42] -- Implementing module 'mfcc_Pipeline_VITIS_LOOP_178_1' 
INFO: [HLS 200-10] ----------------------------------------------------------------
INFO: [SCHED 204-11] Starting scheduling ...
INFO: [HLS 200-1457] Automatically inferring inferring RAM_1WNR storage type for array 'abs_spectrogram'. Use bind_storage pragma to override this type.
INFO: [SCHED 204-61] Pipelining loop 'VITIS_LOOP_178_1'.
WARNING: [HLS 200-885] The II Violation in module 'mfcc_Pipeline_VITIS_LOOP_178_1' (loop 'VITIS_LOOP_178_1'): Unable to schedule 'load' operation ('abs_spectrogram_load_19', audrey_4_hls/mfcc.cpp:185->audrey_4_hls/mfcc.cpp:64) on array 'abs_spectrogram' due to limited memory ports (II = 1). Please consider using a memory core with more ports or partitioning the array 'abs_spectrogram'.
INFO: [HLS 200-1470] Pipelining result : Target II = NA, Final II = 2, Depth = 9, loop 'VITIS_LOOP_178_1'
INFO: [SCHED 204-11] Finished scheduling.
INFO: [HLS 200-111] Finished Scheduling: CPU user time: 0 seconds. CPU system time: 0 seconds. Elapsed time: 0.462 seconds; current allocated memory: 1.119 GB.
INFO: [BIND 205-100] Starting micro-architecture generation ...
INFO: [BIND 205-101] Performing variable lifetime analysis.
INFO: [BIND 205-101] Exploring resource sharing.
INFO: [BIND 205-101] Binding ...
INFO: [BIND 205-100] Finished micro-architecture generation.
INFO: [HLS 200-111] Finished Binding: CPU user time: 0 seconds. CPU system time: 0 seconds. Elapsed time: 0.177 seconds; current allocated memory: 1.119 GB.
INFO: [HLS 200-10] ----------------------------------------------------------------
INFO: [HLS 200-42] -- Implementing module 'log_17_9_s' 
INFO: [HLS 200-10] ----------------------------------------------------------------
INFO: [SCHED 204-11] Starting scheduling ...
INFO: [HLS 200-486] Changing DSP latency (root=mul_ln184) to 3 in order to utilize available DSP registers.
INFO: [SCHED 204-61] Pipelining function 'log<17, 9>'.
INFO: [HLS 200-1470] Pipelining result : Target II = NA, Final II = 1, Depth = 11, function 'log<17, 9>'
INFO: [SCHED 204-11] Finished scheduling.
INFO: [HLS 200-111] Finished Scheduling: CPU user time: 1 seconds. CPU system time: 0 seconds. Elapsed time: 0.471 seconds; current allocated memory: 1.122 GB.
INFO: [BIND 205-100] Starting micro-architecture generation ...
INFO: [BIND 205-101] Performing variable lifetime analysis.
INFO: [BIND 205-101] Exploring resource sharing.
INFO: [BIND 205-101] Binding ...
INFO: [BIND 205-100] Finished micro-architecture generation.
INFO: [HLS 200-111] Finished Binding: CPU user time: 0 seconds. CPU system time: 0 seconds. Elapsed time: 0.167 seconds; current allocated memory: 1.123 GB.
INFO: [HLS 200-10] ----------------------------------------------------------------
INFO: [HLS 200-42] -- Implementing module 'mfcc_Pipeline_VITIS_LOOP_197_1' 
INFO: [HLS 200-10] ----------------------------------------------------------------
INFO: [SCHED 204-11] Starting scheduling ...
INFO: [SCHED 204-61] Pipelining loop 'VITIS_LOOP_197_1'.
INFO: [HLS 200-1470] Pipelining result : Target II = NA, Final II = 1, Depth = 13, loop 'VITIS_LOOP_197_1'
INFO: [SCHED 204-11] Finished scheduling.
INFO: [HLS 200-111] Finished Scheduling: CPU user time: 0 seconds. CPU system time: 0 seconds. Elapsed time: 0.191 seconds; current allocated memory: 1.123 GB.
INFO: [BIND 205-100] Starting micro-architecture generation ...
INFO: [BIND 205-101] Performing variable lifetime analysis.
INFO: [BIND 205-101] Exploring resource sharing.
INFO: [BIND 205-101] Binding ...
INFO: [BIND 205-100] Finished micro-architecture generation.
INFO: [HLS 200-111] Finished Binding: CPU user time: 0 seconds. CPU system time: 0 seconds. Elapsed time: 0.139 seconds; current allocated memory: 1.123 GB.
INFO: [HLS 200-10] ----------------------------------------------------------------
INFO: [HLS 200-42] -- Implementing module 'mfcc_Pipeline_task_104' 
INFO: [HLS 200-10] ----------------------------------------------------------------
INFO: [SCHED 204-11] Starting scheduling ...
INFO: [SCHED 204-61] Pipelining loop 'task_104'.
INFO: [HLS 200-1470] Pipelining result : Target II = NA, Final II = 1, Depth = 2, loop 'task_104'
INFO: [SCHED 204-11] Finished scheduling.
INFO: [HLS 200-111] Finished Scheduling: CPU user time: 0 seconds. CPU system time: 0 seconds. Elapsed time: 0.138 seconds; current allocated memory: 1.123 GB.
INFO: [BIND 205-100] Starting micro-architecture generation ...
INFO: [BIND 205-101] Performing variable lifetime analysis.
INFO: [BIND 205-101] Exploring resource sharing.
INFO: [BIND 205-101] Binding ...
INFO: [BIND 205-100] Finished micro-architecture generation.
INFO: [HLS 200-111] Finished Binding: CPU user time: 0 seconds. CPU system time: 0 seconds. Elapsed time: 0.1 seconds; current allocated memory: 1.123 GB.
INFO: [HLS 200-10] ----------------------------------------------------------------
INFO: [HLS 200-42] -- Implementing module 'mfcc' 
INFO: [HLS 200-10] ----------------------------------------------------------------
INFO: [SCHED 204-11] Starting scheduling ...
INFO: [SCHED 204-11] Finished scheduling.
INFO: [HLS 200-111] Finished Scheduling: CPU user time: 0 seconds. CPU system time: 0 seconds. Elapsed time: 0.1 seconds; current allocated memory: 1.123 GB.
INFO: [BIND 205-100] Starting micro-architecture generation ...
INFO: [BIND 205-101] Performing variable lifetime analysis.
INFO: [BIND 205-101] Exploring resource sharing.
INFO: [BIND 205-101] Binding ...
INFO: [BIND 205-100] Finished micro-architecture generation.
INFO: [HLS 200-111] Finished Binding: CPU user time: 0 seconds. CPU system time: 0 seconds. Elapsed time: 0.142 seconds; current allocated memory: 1.124 GB.
INFO: [HLS 200-10] ----------------------------------------------------------------
INFO: [HLS 200-10] -- Generating RTL for module 'mfcc_Pipeline_task_42' 
INFO: [HLS 200-10] ----------------------------------------------------------------
INFO: [RTGEN 206-100] Finished creating RTL model for 'mfcc_Pipeline_task_42'.
INFO: [HLS 200-111] Finished Creating RTL model: CPU user time: 0 seconds. CPU system time: 1 seconds. Elapsed time: 0.125 seconds; current allocated memory: 1.125 GB.
INFO: [HLS 200-10] ----------------------------------------------------------------
INFO: [HLS 200-10] -- Generating RTL for module 'mfcc_Pipeline_VITIS_LOOP_178_1' 
INFO: [HLS 200-10] ----------------------------------------------------------------
INFO: [HLS 200-1030] Apply Unified Pipeline Control on module 'mfcc_Pipeline_VITIS_LOOP_178_1' pipeline 'VITIS_LOOP_178_1' pipeline type 'loop pipeline'
INFO: [RTGEN 206-100] Generating core module 'mul_5ns_16s_21_1_1': 1 instance(s).
INFO: [RTGEN 206-100] Generating core module 'mul_6ns_16s_22_1_1': 2 instance(s).
INFO: [RTGEN 206-100] Generating core module 'mul_7ns_16s_23_1_1': 4 instance(s).
INFO: [RTGEN 206-100] Generating core module 'mul_8ns_16s_24_1_1': 23 instance(s).
INFO: [RTGEN 206-100] Finished creating RTL model for 'mfcc_Pipeline_VITIS_LOOP_178_1'.
INFO: [RTMG 210-279] Implementing memory 'mfcc_mfcc_Pipeline_VITIS_LOOP_178_1_first_ind_ROM_AUTO_1R' using auto ROMs.
INFO: [RTMG 210-279] Implementing memory 'mfcc_mfcc_Pipeline_VITIS_LOOP_178_1_mel_filterbank_0_ROM_AUTO_1R' using auto ROMs.
INFO: [RTMG 210-279] Implementing memory 'mfcc_mfcc_Pipeline_VITIS_LOOP_178_1_mel_filterbank_1_ROM_AUTO_1R' using auto ROMs.
INFO: [RTMG 210-279] Implementing memory 'mfcc_mfcc_Pipeline_VITIS_LOOP_178_1_mel_filterbank_2_ROM_AUTO_1R' using auto ROMs.
INFO: [RTMG 210-279] Implementing memory 'mfcc_mfcc_Pipeline_VITIS_LOOP_178_1_mel_filterbank_3_ROM_AUTO_1R' using auto ROMs.
INFO: [RTMG 210-279] Implementing memory 'mfcc_mfcc_Pipeline_VITIS_LOOP_178_1_mel_filterbank_4_ROM_AUTO_1R' using auto ROMs.
INFO: [RTMG 210-279] Implementing memory 'mfcc_mfcc_Pipeline_VITIS_LOOP_178_1_mel_filterbank_5_ROM_AUTO_1R' using auto ROMs.
INFO: [RTMG 210-279] Implementing memory 'mfcc_mfcc_Pipeline_VITIS_LOOP_178_1_mel_filterbank_6_ROM_AUTO_1R' using auto ROMs.
INFO: [RTMG 210-279] Implementing memory 'mfcc_mfcc_Pipeline_VITIS_LOOP_178_1_mel_filterbank_7_ROM_AUTO_1R' using auto ROMs.
INFO: [RTMG 210-279] Implementing memory 'mfcc_mfcc_Pipeline_VITIS_LOOP_178_1_mel_filterbank_8_ROM_AUTO_1R' using auto ROMs.
INFO: [RTMG 210-279] Implementing memory 'mfcc_mfcc_Pipeline_VITIS_LOOP_178_1_mel_filterbank_9_ROM_AUTO_1R' using auto ROMs.
INFO: [RTMG 210-279] Implementing memory 'mfcc_mfcc_Pipeline_VITIS_LOOP_178_1_mel_filterbank_10_ROM_AUTO_1R' using auto ROMs.
INFO: [RTMG 210-279] Implementing memory 'mfcc_mfcc_Pipeline_VITIS_LOOP_178_1_mel_filterbank_11_ROM_AUTO_1R' using auto ROMs.
INFO: [RTMG 210-279] Implementing memory 'mfcc_mfcc_Pipeline_VITIS_LOOP_178_1_mel_filterbank_12_ROM_AUTO_1R' using auto ROMs.
INFO: [RTMG 210-279] Implementing memory 'mfcc_mfcc_Pipeline_VITIS_LOOP_178_1_mel_filterbank_13_ROM_AUTO_1R' using auto ROMs.
INFO: [RTMG 210-279] Implementing memory 'mfcc_mfcc_Pipeline_VITIS_LOOP_178_1_mel_filterbank_14_ROM_AUTO_1R' using auto ROMs.
INFO: [RTMG 210-279] Implementing memory 'mfcc_mfcc_Pipeline_VITIS_LOOP_178_1_mel_filterbank_15_ROM_AUTO_1R' using auto ROMs.
INFO: [RTMG 210-279] Implementing memory 'mfcc_mfcc_Pipeline_VITIS_LOOP_178_1_mel_filterbank_16_ROM_AUTO_1R' using auto ROMs.
INFO: [RTMG 210-279] Implementing memory 'mfcc_mfcc_Pipeline_VITIS_LOOP_178_1_mel_filterbank_17_ROM_AUTO_1R' using auto ROMs.
INFO: [RTMG 210-279] Implementing memory 'mfcc_mfcc_Pipeline_VITIS_LOOP_178_1_mel_filterbank_18_ROM_AUTO_1R' using auto ROMs.
INFO: [RTMG 210-279] Implementing memory 'mfcc_mfcc_Pipeline_VITIS_LOOP_178_1_mel_filterbank_19_ROM_AUTO_1R' using auto ROMs.
INFO: [RTMG 210-279] Implementing memory 'mfcc_mfcc_Pipeline_VITIS_LOOP_178_1_mel_filterbank_20_ROM_AUTO_1R' using auto ROMs.
INFO: [RTMG 210-279] Implementing memory 'mfcc_mfcc_Pipeline_VITIS_LOOP_178_1_mel_filterbank_21_ROM_AUTO_1R' using auto ROMs.
INFO: [RTMG 210-279] Implementing memory 'mfcc_mfcc_Pipeline_VITIS_LOOP_178_1_mel_filterbank_22_ROM_AUTO_1R' using auto ROMs.
INFO: [RTMG 210-279] Implementing memory 'mfcc_mfcc_Pipeline_VITIS_LOOP_178_1_mel_filterbank_23_ROM_AUTO_1R' using auto ROMs.
INFO: [RTMG 210-279] Implementing memory 'mfcc_mfcc_Pipeline_VITIS_LOOP_178_1_mel_filterbank_24_ROM_AUTO_1R' using auto ROMs.
INFO: [RTMG 210-279] Implementing memory 'mfcc_mfcc_Pipeline_VITIS_LOOP_178_1_mel_filterbank_25_ROM_AUTO_1R' using auto ROMs.
INFO: [RTMG 210-279] Implementing memory 'mfcc_mfcc_Pipeline_VITIS_LOOP_178_1_mel_filterbank_26_ROM_AUTO_1R' using auto ROMs.
INFO: [RTMG 210-279] Implementing memory 'mfcc_mfcc_Pipeline_VITIS_LOOP_178_1_mel_filterbank_27_ROM_AUTO_1R' using auto ROMs.
INFO: [RTMG 210-279] Implementing memory 'mfcc_mfcc_Pipeline_VITIS_LOOP_178_1_mel_filterbank_28_ROM_AUTO_1R' using auto ROMs.
INFO: [RTMG 210-279] Implementing memory 'mfcc_mfcc_Pipeline_VITIS_LOOP_178_1_mel_filterbank_29_ROM_AUTO_1R' using auto ROMs.
INFO: [HLS 200-111] Finished Creating RTL model: CPU user time: 0 seconds. CPU system time: 0 seconds. Elapsed time: 0.908 seconds; current allocated memory: 1.130 GB.
INFO: [HLS 200-10] ----------------------------------------------------------------
INFO: [HLS 200-10] -- Generating RTL for module 'log_17_9_s' 
INFO: [HLS 200-10] ----------------------------------------------------------------
INFO: [HLS 200-1030] Apply Unified Pipeline Control on module 'log_17_9_s' pipeline 'log<17, 9>' pipeline type 'function pipeline'
INFO: [RTGEN 206-100] Generating core module 'mac_mulsub_24ns_4ns_29ns_29_4_1': 1 instance(s).
INFO: [RTGEN 206-100] Generating core module 'mul_29s_6ns_29_2_1': 1 instance(s).
INFO: [RTGEN 206-100] Generating core module 'mul_5s_23ns_28_1_1': 1 instance(s).
INFO: [RTGEN 206-100] Generating core module 'mul_9ns_9ns_18_1_1': 1 instance(s).
INFO: [RTGEN 206-100] Finished creating RTL model for 'log_17_9_s'.
INFO: [RTMG 210-279] Implementing memory 'mfcc_log_17_9_s_log_apfixed_reduce_log_inverse_lut_table_array_ROM_AUTO_1R' using auto ROMs.
INFO: [RTMG 210-279] Implementing memory 'mfcc_log_17_9_s_log_apfixed_reduce_log0_lut_table_ap_fixed_0_5_64_array_ROM_AUTO_1R' using auto ROMs.
INFO: [RTMG 210-279] Implementing memory 'mfcc_log_17_9_s_log_apfixed_reduce_log_lut_table_ap_fixed_4_4_16_array_ROM_AUTO_1R' using auto ROMs.
INFO: [HLS 200-111] Finished Creating RTL model: CPU user time: 0 seconds. CPU system time: 0 seconds. Elapsed time: 0.916 seconds; current allocated memory: 1.138 GB.
INFO: [HLS 200-10] ----------------------------------------------------------------
INFO: [HLS 200-10] -- Generating RTL for module 'mfcc_Pipeline_VITIS_LOOP_197_1' 
INFO: [HLS 200-10] ----------------------------------------------------------------
INFO: [HLS 200-1030] Apply Unified Pipeline Control on module 'mfcc_Pipeline_VITIS_LOOP_197_1' pipeline 'VITIS_LOOP_197_1' pipeline type 'loop pipeline'
INFO: [RTGEN 206-100] Finished creating RTL model for 'mfcc_Pipeline_VITIS_LOOP_197_1'.
INFO: [HLS 200-111] Finished Creating RTL model: CPU user time: 0 seconds. CPU system time: 0 seconds. Elapsed time: 0.651 seconds; current allocated memory: 1.143 GB.
INFO: [HLS 200-10] ----------------------------------------------------------------
INFO: [HLS 200-10] -- Generating RTL for module 'mfcc_Pipeline_task_104' 
INFO: [HLS 200-10] ----------------------------------------------------------------
INFO: [HLS 200-1030] Apply Unified Pipeline Control on module 'mfcc_Pipeline_task_104' pipeline 'task_104' pipeline type 'loop pipeline'
INFO: [RTGEN 206-100] Finished creating RTL model for 'mfcc_Pipeline_task_104'.
INFO: [HLS 200-111] Finished Creating RTL model: CPU user time: 0 seconds. CPU system time: 0 seconds. Elapsed time: 0.237 seconds; current allocated memory: 1.144 GB.
INFO: [HLS 200-10] ----------------------------------------------------------------
INFO: [HLS 200-10] -- Generating RTL for module 'mfcc' 
INFO: [HLS 200-10] ----------------------------------------------------------------
WARNING: [RTGEN 206-101] Design contains AXI ports. Reset is fixed to synchronous and active low.
INFO: [RTGEN 206-500] Setting interface mode on port 'mfcc/in_stream_V_data_V' to 'axis' (register, both mode).
INFO: [RTGEN 206-500] Setting interface mode on port 'mfcc/in_stream_V_keep_V' to 'axis' (register, both mode).
INFO: [RTGEN 206-500] Setting interface mode on port 'mfcc/in_stream_V_strb_V' to 'axis' (register, both mode).
INFO: [RTGEN 206-500] Setting interface mode on port 'mfcc/in_stream_V_last_V' to 'axis' (register, both mode).
INFO: [RTGEN 206-500] Setting interface mode on port 'mfcc/out_stream_V_data_V' to 'axis' (register, both mode).
INFO: [RTGEN 206-500] Setting interface mode on port 'mfcc/out_stream_V_keep_V' to 'axis' (register, both mode).
INFO: [RTGEN 206-500] Setting interface mode on port 'mfcc/out_stream_V_strb_V' to 'axis' (register, both mode).
INFO: [RTGEN 206-500] Setting interface mode on port 'mfcc/out_stream_V_last_V' to 'axis' (register, both mode).
INFO: [RTGEN 206-500] Setting interface mode on function 'mfcc' to 'ap_ctrl_none'.
INFO: [RTGEN 206-100] Finished creating RTL model for 'mfcc'.
INFO: [RTMG 210-278] Implementing memory 'mfcc_abs_spectrogram_RAM_1WNR_AUTO_1R1W' using auto RAMs.
INFO: [RTMG 210-278] Implementing memory 'mfcc_mel_filtered_RAM_AUTO_1R1W' using auto RAMs.
INFO: [RTMG 210-278] Implementing memory 'mfcc_mfcc_1_RAM_AUTO_1R1W' using auto RAMs.
INFO: [HLS 200-111] Finished Creating RTL model: CPU user time: 0 seconds. CPU system time: 0 seconds. Elapsed time: 0.421 seconds; current allocated memory: 1.145 GB.
INFO: [HLS 200-111] Finished Generating all RTL models: CPU user time: 1 seconds. CPU system time: 0 seconds. Elapsed time: 1.264 seconds; current allocated memory: 1.150 GB.
INFO: [HLS 200-111] Finished Updating report files: CPU user time: 0 seconds. CPU system time: 1 seconds. Elapsed time: 1.132 seconds; current allocated memory: 1.156 GB.
INFO: [VHDL 208-304] Generating VHDL RTL for mfcc.
INFO: [VLOG 209-307] Generating Verilog RTL for mfcc.
INFO: [HLS 200-790] **** Loop Constraint Status: All loop constraints were NOT satisfied.
INFO: [HLS 200-789] **** Estimated Fmax: 145.43 MHz
INFO: [HLS 200-111] Finished Command csynth_design CPU user time: 4 seconds. CPU system time: 2 seconds. Elapsed time: 30.234 seconds; current allocated memory: 129.605 MB.
==============================================================
Vitis HLS - High-Level Synthesis from C, C++ and OpenCL v2023.1 (64-bit)
Tool Version Limit: 2023.05
Copyright 1986-2022 Xilinx, Inc. All Rights Reserved.
Copyright 2022-2023 Advanced Micro Devices, Inc. All Rights Reserved.

==============================================================
==============================================================
Vitis HLS - High-Level Synthesis from C, C++ and OpenCL v2023.1 (64-bit)
Tool Version Limit: 2023.05
Copyright 1986-2022 Xilinx, Inc. All Rights Reserved.
Copyright 2022-2023 Advanced Micro Devices, Inc. All Rights Reserved.

==============================================================
INFO: [SYN 201-201] Setting up clock 'default' with a period of 10ns.
INFO: [HLS 200-1611] Setting target device to 'xc7a100t-csg324-1'
INFO: [HLS 200-1505] Using flow_target 'vivado'
INFO: [HLS 200-1510] Running: set_part xc7a100tcsg324-1 
INFO: [HLS 200-1510] Running: create_clock -period 10 -name default 
INFO: [HLS 200-1510] Running: csynth_design 
INFO: [HLS 200-111] Finished File checks and directory preparation: CPU user time: 0 seconds. CPU system time: 0 seconds. Elapsed time: 0.096 seconds; current allocated memory: 1.029 GB.
INFO: [HLS 200-10] Analyzing design file 'audrey_4_hls/mfcc.cpp' ... 
WARNING: [HLS 207-5292] unused parameter 'data_type' (C:/Xilinx/Vitis_HLS/2023.1/common/technology/autopilot\hls_fft.h:100:77)
WARNING: [HLS 207-5292] unused parameter 'has_nfft' (C:/Xilinx/Vitis_HLS/2023.1/common/technology/autopilot\hls_fft.h:125:65)
WARNING: [HLS 207-5292] unused parameter 'cp_len_enable' (C:/Xilinx/Vitis_HLS/2023.1/common/technology/autopilot\hls_fft.h:138:66)
WARNING: [HLS 207-5292] unused parameter 'scaling_opt' (C:/Xilinx/Vitis_HLS/2023.1/common/technology/autopilot\hls_fft.h:151:68)
WARNING: [HLS 207-5292] unused parameter 'scaling_opt' (C:/Xilinx/Vitis_HLS/2023.1/common/technology/autopilot\hls_fft.h:315:71)
WARNING: [HLS 207-5292] unused parameter 'has_ovflo' (C:/Xilinx/Vitis_HLS/2023.1/common/technology/autopilot\hls_fft.h:328:66)
WARNING: [HLS 207-5292] unused parameter 'audio' (audrey_4_hls/mfcc.cpp:145:38)
INFO: [HLS 200-111] Finished Source Code Analysis and Preprocessing: CPU user time: 1 seconds. CPU system time: 0 seconds. Elapsed time: 18.071 seconds; current allocated memory: 1.037 GB.
INFO: [HLS 200-777] Using interface defaults for 'Vivado' flow target.
INFO: [HLS 214-291] Loop 'VITIS_LOOP_729_1' is marked as complete unroll implied by the pipeline pragma (C:/Xilinx/Vitis_HLS/2023.1/common/technology/autopilot/etc/hls_log_apfixed.h:729:31)
INFO: [HLS 214-186] Unrolling loop 'VITIS_LOOP_729_1' (C:/Xilinx/Vitis_HLS/2023.1/common/technology/autopilot/etc/hls_log_apfixed.h:729:31) in function 'log_apfixed_reduce::log<17, 9>' completely with a factor of 17 (C:/Xilinx/Vitis_HLS/2023.1/common/technology/autopilot/etc/hls_log_apfixed.h:500:0)
INFO: [HLS 214-178] Inlining function 'void log_apfixed_reduce::range_reduce<ap_fixed<29, 7, (ap_q_mode)5, (ap_o_mode)3, 0>, 4, 4, 24, 15>(ap_ufixed<24, -(4), (ap_q_mode)5, (ap_o_mode)3, 0>, ap_fixed<29, 7, (ap_q_mode)5, (ap_o_mode)3, 0>&, ap_ufixed<15, -(((4) + (4)) - (1)), (ap_q_mode)5, (ap_o_mode)3, 0>&)' into 'ap_ufixed<15, -7, (ap_q_mode)5, (ap_o_mode)3, 0> log_apfixed_reduce::log_traits<2>::range_reduction<24>(ap_ufixed<24, -4, (ap_q_mode)5, (ap_o_mode)3, 0>, ap_fixed<29, 7, (ap_q_mode)5, (ap_o_mode)3, 0>&)' (C:/Xilinx/Vitis_HLS/2023.1/common/technology/autopilot/etc/hls_log_apfixed.h:249:0)
INFO: [HLS 214-178] Inlining function 'ap_ufixed<15, -7, (ap_q_mode)5, (ap_o_mode)3, 0> log_apfixed_reduce::log_traits<2>::range_reduction<24>(ap_ufixed<24, -4, (ap_q_mode)5, (ap_o_mode)3, 0>, ap_fixed<29, 7, (ap_q_mode)5, (ap_o_mode)3, 0>&)' into 'ap_fixed<17, 9, (ap_q_mode)5, (ap_o_mode)3, 0> log_apfixed_reduce::log<17, 9>(ap_fixed<17, 9, (ap_q_mode)5, (ap_o_mode)3, 0>)' (C:/Xilinx/Vitis_HLS/2023.1/common/technology/autopilot/etc/hls_log_apfixed.h:500:0)
INFO: [HLS 214-178] Inlining function 'ap_fixed<17, 9, (ap_q_mode)5, (ap_o_mode)3, 0> hls::log<17, 9>(ap_fixed<17, 9, (ap_q_mode)5, (ap_o_mode)3, 0>)' into 'feature_2_log(ap_fixed<16, 8, (ap_q_mode)5, (ap_o_mode)3, 0>*, ap_fixed<16, 8, (ap_q_mode)5, (ap_o_mode)3, 0>*)' (audrey_4_hls/mfcc.cpp:198:0)
INFO: [HLS 214-178] Inlining function 'feature_1_mel(ap_fixed<16, 8, (ap_q_mode)5, (ap_o_mode)3, 0>*, ap_fixed<16, 8, (ap_q_mode)5, (ap_o_mode)3, 0>*)' into 'mfcc(hls::stream<hls::axis<ap_fixed<16, 8, (ap_q_mode)5, (ap_o_mode)3, 0>, 0ul, 0ul, 0ul>, 0>&, hls::stream<hls::axis<ap_fixed<16, 8, (ap_q_mode)5, (ap_o_mode)3, 0>, 0ul, 0ul, 0ul>, 0>&)' (audrey_4_hls/mfcc.cpp:20:0)
INFO: [HLS 214-178] Inlining function 'feature_2_log(ap_fixed<16, 8, (ap_q_mode)5, (ap_o_mode)3, 0>*, ap_fixed<16, 8, (ap_q_mode)5, (ap_o_mode)3, 0>*)' into 'mfcc(hls::stream<hls::axis<ap_fixed<16, 8, (ap_q_mode)5, (ap_o_mode)3, 0>, 0ul, 0ul, 0ul>, 0>&, hls::stream<hls::axis<ap_fixed<16, 8, (ap_q_mode)5, (ap_o_mode)3, 0>, 0ul, 0ul, 0ul>, 0>&)' (audrey_4_hls/mfcc.cpp:20:0)
INFO: [HLS 200-111] Finished Compiling Optimization and Transform: CPU user time: 0 seconds. CPU system time: 0 seconds. Elapsed time: 2.835 seconds; current allocated memory: 1.037 GB.
INFO: [HLS 200-111] Finished Checking Pragmas: CPU user time: 0 seconds. CPU system time: 0 seconds. Elapsed time: 0.002 seconds; current allocated memory: 1.037 GB.
INFO: [HLS 200-10] Starting code transformations ...
INFO: [HLS 200-111] Finished Standard Transforms: CPU user time: 0 seconds. CPU system time: 0 seconds. Elapsed time: 0.088 seconds; current allocated memory: 1.045 GB.
INFO: [HLS 200-10] Checking synthesizability ...
INFO: [HLS 200-111] Finished Checking Synthesizability: CPU user time: 0 seconds. CPU system time: 0 seconds. Elapsed time: 0.063 seconds; current allocated memory: 1.047 GB.
INFO: [XFORM 203-510] Pipelining loop 'VITIS_LOOP_180_1' (audrey_4_hls/mfcc.cpp:180) in function 'mfcc' automatically.
INFO: [XFORM 203-510] Pipelining loop 'VITIS_LOOP_199_1' (audrey_4_hls/mfcc.cpp:199) in function 'mfcc' automatically.
INFO: [XFORM 203-510] Pipelining loop 'task_6' (audrey_4_hls/mfcc.cpp:107) in function 'mfcc' automatically.
INFO: [XFORM 203-502] Unrolling all sub-loops inside loop 'VITIS_LOOP_180_1' (audrey_4_hls/mfcc.cpp:180) in function 'mfcc' for pipelining.
INFO: [HLS 200-489] Unrolling loop 'VITIS_LOOP_186_2' (audrey_4_hls/mfcc.cpp:186) in function 'mfcc' completely with a factor of 30.
INFO: [XFORM 203-102] Partitioning array 'mel_filterbank' in dimension 2 automatically.
INFO: [XFORM 203-401] Performing if-conversion on hyperblock from (C:/Xilinx/Vitis_HLS/2023.1/common/technology/autopilot/etc/hls_log_apfixed.h:728:42) to (C:/Xilinx/Vitis_HLS/2023.1/common/technology/autopilot/etc/hls_log_apfixed.h:748:17) in function 'log_apfixed_reduce::log<17, 9>'... converting 18 basic blocks.
INFO: [XFORM 203-11] Balancing expressions in function 'mfcc' (audrey_4_hls/mfcc.cpp:17:17)...29 expression(s) balanced.
INFO: [XFORM 203-11] Balancing expressions in function 'log_apfixed_reduce::log<17, 9>' (C:/Xilinx/Vitis_HLS/2023.1/common/technology/autopilot/etc/hls_log_apfixed.h:178:6)...3 expression(s) balanced.
INFO: [HLS 200-111] Finished Loop, function and other optimizations: CPU user time: 0 seconds. CPU system time: 0 seconds. Elapsed time: 0.28 seconds; current allocated memory: 1.071 GB.
INFO: [HLS 200-111] Finished Architecture Synthesis: CPU user time: 0 seconds. CPU system time: 0 seconds. Elapsed time: 0.13 seconds; current allocated memory: 1.111 GB.
INFO: [HLS 200-10] Starting hardware synthesis ...
INFO: [HLS 200-10] Synthesizing 'mfcc' ...
WARNING: [SYN 201-103] Legalizing function name 'log<17, 9>' to 'log_17_9_s'.
INFO: [HLS 200-10] ----------------------------------------------------------------
INFO: [HLS 200-42] -- Implementing module 'mfcc_Pipeline_task_3' 
INFO: [HLS 200-10] ----------------------------------------------------------------
INFO: [SCHED 204-11] Starting scheduling ...
INFO: [HLS 200-1457] Automatically inferring inferring RAM_1WNR storage type for array 'abs_spectrogram'. Use bind_storage pragma to override this type.
INFO: [SCHED 204-61] Pipelining loop 'task_3'.
INFO: [HLS 200-1470] Pipelining result : Target II = NA, Final II = 1, Depth = 1, loop 'task_3'
INFO: [SCHED 204-11] Finished scheduling.
INFO: [HLS 200-111] Finished Scheduling: CPU user time: 0 seconds. CPU system time: 0 seconds. Elapsed time: 0.293 seconds; current allocated memory: 1.115 GB.
INFO: [BIND 205-100] Starting micro-architecture generation ...
INFO: [BIND 205-101] Performing variable lifetime analysis.
INFO: [BIND 205-101] Exploring resource sharing.
INFO: [BIND 205-101] Binding ...
INFO: [BIND 205-100] Finished micro-architecture generation.
INFO: [HLS 200-111] Finished Binding: CPU user time: 0 seconds. CPU system time: 0 seconds. Elapsed time: 0.101 seconds; current allocated memory: 1.116 GB.
INFO: [HLS 200-10] ----------------------------------------------------------------
INFO: [HLS 200-42] -- Implementing module 'mfcc_Pipeline_VITIS_LOOP_180_1' 
INFO: [HLS 200-10] ----------------------------------------------------------------
INFO: [SCHED 204-11] Starting scheduling ...
INFO: [HLS 200-1457] Automatically inferring inferring RAM_1WNR storage type for array 'abs_spectrogram'. Use bind_storage pragma to override this type.
INFO: [SCHED 204-61] Pipelining loop 'VITIS_LOOP_180_1'.
WARNING: [HLS 200-885] The II Violation in module 'mfcc_Pipeline_VITIS_LOOP_180_1' (loop 'VITIS_LOOP_180_1'): Unable to schedule 'load' operation ('abs_spectrogram_load_19', audrey_4_hls/mfcc.cpp:187->audrey_4_hls/mfcc.cpp:64) on array 'abs_spectrogram' due to limited memory ports (II = 1). Please consider using a memory core with more ports or partitioning the array 'abs_spectrogram'.
INFO: [HLS 200-1470] Pipelining result : Target II = NA, Final II = 2, Depth = 9, loop 'VITIS_LOOP_180_1'
INFO: [SCHED 204-11] Finished scheduling.
INFO: [HLS 200-111] Finished Scheduling: CPU user time: 0 seconds. CPU system time: 0 seconds. Elapsed time: 0.503 seconds; current allocated memory: 1.120 GB.
INFO: [BIND 205-100] Starting micro-architecture generation ...
INFO: [BIND 205-101] Performing variable lifetime analysis.
INFO: [BIND 205-101] Exploring resource sharing.
INFO: [BIND 205-101] Binding ...
INFO: [BIND 205-100] Finished micro-architecture generation.
INFO: [HLS 200-111] Finished Binding: CPU user time: 1 seconds. CPU system time: 0 seconds. Elapsed time: 0.212 seconds; current allocated memory: 1.120 GB.
INFO: [HLS 200-10] ----------------------------------------------------------------
INFO: [HLS 200-42] -- Implementing module 'log_17_9_s' 
INFO: [HLS 200-10] ----------------------------------------------------------------
INFO: [SCHED 204-11] Starting scheduling ...
INFO: [HLS 200-486] Changing DSP latency (root=mul_ln184) to 3 in order to utilize available DSP registers.
INFO: [SCHED 204-61] Pipelining function 'log<17, 9>'.
INFO: [HLS 200-1470] Pipelining result : Target II = NA, Final II = 1, Depth = 11, function 'log<17, 9>'
INFO: [SCHED 204-11] Finished scheduling.
INFO: [HLS 200-111] Finished Scheduling: CPU user time: 0 seconds. CPU system time: 0 seconds. Elapsed time: 0.492 seconds; current allocated memory: 1.123 GB.
INFO: [BIND 205-100] Starting micro-architecture generation ...
INFO: [BIND 205-101] Performing variable lifetime analysis.
INFO: [BIND 205-101] Exploring resource sharing.
INFO: [BIND 205-101] Binding ...
INFO: [BIND 205-100] Finished micro-architecture generation.
INFO: [HLS 200-111] Finished Binding: CPU user time: 0 seconds. CPU system time: 0 seconds. Elapsed time: 0.161 seconds; current allocated memory: 1.123 GB.
INFO: [HLS 200-10] ----------------------------------------------------------------
INFO: [HLS 200-42] -- Implementing module 'mfcc_Pipeline_VITIS_LOOP_199_1' 
INFO: [HLS 200-10] ----------------------------------------------------------------
INFO: [SCHED 204-11] Starting scheduling ...
INFO: [SCHED 204-61] Pipelining loop 'VITIS_LOOP_199_1'.
INFO: [HLS 200-1470] Pipelining result : Target II = NA, Final II = 1, Depth = 13, loop 'VITIS_LOOP_199_1'
INFO: [SCHED 204-11] Finished scheduling.
INFO: [HLS 200-111] Finished Scheduling: CPU user time: 0 seconds. CPU system time: 0 seconds. Elapsed time: 0.192 seconds; current allocated memory: 1.123 GB.
INFO: [BIND 205-100] Starting micro-architecture generation ...
INFO: [BIND 205-101] Performing variable lifetime analysis.
INFO: [BIND 205-101] Exploring resource sharing.
INFO: [BIND 205-101] Binding ...
INFO: [BIND 205-100] Finished micro-architecture generation.
INFO: [HLS 200-111] Finished Binding: CPU user time: 0 seconds. CPU system time: 0 seconds. Elapsed time: 0.136 seconds; current allocated memory: 1.123 GB.
INFO: [HLS 200-10] ----------------------------------------------------------------
INFO: [HLS 200-42] -- Implementing module 'mfcc_Pipeline_task_6' 
INFO: [HLS 200-10] ----------------------------------------------------------------
INFO: [SCHED 204-11] Starting scheduling ...
INFO: [SCHED 204-61] Pipelining loop 'task_6'.
INFO: [HLS 200-1470] Pipelining result : Target II = NA, Final II = 1, Depth = 2, loop 'task_6'
INFO: [SCHED 204-11] Finished scheduling.
INFO: [HLS 200-111] Finished Scheduling: CPU user time: 0 seconds. CPU system time: 0 seconds. Elapsed time: 0.143 seconds; current allocated memory: 1.123 GB.
INFO: [BIND 205-100] Starting micro-architecture generation ...
INFO: [BIND 205-101] Performing variable lifetime analysis.
INFO: [BIND 205-101] Exploring resource sharing.
INFO: [BIND 205-101] Binding ...
INFO: [BIND 205-100] Finished micro-architecture generation.
INFO: [HLS 200-111] Finished Binding: CPU user time: 0 seconds. CPU system time: 0 seconds. Elapsed time: 0.094 seconds; current allocated memory: 1.124 GB.
INFO: [HLS 200-10] ----------------------------------------------------------------
INFO: [HLS 200-42] -- Implementing module 'mfcc' 
INFO: [HLS 200-10] ----------------------------------------------------------------
INFO: [SCHED 204-11] Starting scheduling ...
INFO: [SCHED 204-11] Finished scheduling.
INFO: [HLS 200-111] Finished Scheduling: CPU user time: 0 seconds. CPU system time: 0 seconds. Elapsed time: 0.106 seconds; current allocated memory: 1.124 GB.
INFO: [BIND 205-100] Starting micro-architecture generation ...
INFO: [BIND 205-101] Performing variable lifetime analysis.
INFO: [BIND 205-101] Exploring resource sharing.
INFO: [BIND 205-101] Binding ...
INFO: [BIND 205-100] Finished micro-architecture generation.
INFO: [HLS 200-111] Finished Binding: CPU user time: 0 seconds. CPU system time: 0 seconds. Elapsed time: 0.152 seconds; current allocated memory: 1.124 GB.
INFO: [HLS 200-10] ----------------------------------------------------------------
INFO: [HLS 200-10] -- Generating RTL for module 'mfcc_Pipeline_task_3' 
INFO: [HLS 200-10] ----------------------------------------------------------------
INFO: [RTGEN 206-100] Finished creating RTL model for 'mfcc_Pipeline_task_3'.
INFO: [HLS 200-111] Finished Creating RTL model: CPU user time: 0 seconds. CPU system time: 0 seconds. Elapsed time: 0.134 seconds; current allocated memory: 1.125 GB.
INFO: [HLS 200-10] ----------------------------------------------------------------
INFO: [HLS 200-10] -- Generating RTL for module 'mfcc_Pipeline_VITIS_LOOP_180_1' 
INFO: [HLS 200-10] ----------------------------------------------------------------
INFO: [HLS 200-1030] Apply Unified Pipeline Control on module 'mfcc_Pipeline_VITIS_LOOP_180_1' pipeline 'VITIS_LOOP_180_1' pipeline type 'loop pipeline'
INFO: [RTGEN 206-100] Generating core module 'mul_5ns_16s_21_1_1': 1 instance(s).
INFO: [RTGEN 206-100] Generating core module 'mul_6ns_16s_22_1_1': 2 instance(s).
INFO: [RTGEN 206-100] Generating core module 'mul_7ns_16s_23_1_1': 4 instance(s).
INFO: [RTGEN 206-100] Generating core module 'mul_8ns_16s_24_1_1': 23 instance(s).
INFO: [RTGEN 206-100] Finished creating RTL model for 'mfcc_Pipeline_VITIS_LOOP_180_1'.
INFO: [RTMG 210-279] Implementing memory 'mfcc_mfcc_Pipeline_VITIS_LOOP_180_1_first_ind_ROM_AUTO_1R' using auto ROMs.
INFO: [RTMG 210-279] Implementing memory 'mfcc_mfcc_Pipeline_VITIS_LOOP_180_1_mel_filterbank_0_ROM_AUTO_1R' using auto ROMs.
INFO: [RTMG 210-279] Implementing memory 'mfcc_mfcc_Pipeline_VITIS_LOOP_180_1_mel_filterbank_1_ROM_AUTO_1R' using auto ROMs.
INFO: [RTMG 210-279] Implementing memory 'mfcc_mfcc_Pipeline_VITIS_LOOP_180_1_mel_filterbank_2_ROM_AUTO_1R' using auto ROMs.
INFO: [RTMG 210-279] Implementing memory 'mfcc_mfcc_Pipeline_VITIS_LOOP_180_1_mel_filterbank_3_ROM_AUTO_1R' using auto ROMs.
INFO: [RTMG 210-279] Implementing memory 'mfcc_mfcc_Pipeline_VITIS_LOOP_180_1_mel_filterbank_4_ROM_AUTO_1R' using auto ROMs.
INFO: [RTMG 210-279] Implementing memory 'mfcc_mfcc_Pipeline_VITIS_LOOP_180_1_mel_filterbank_5_ROM_AUTO_1R' using auto ROMs.
INFO: [RTMG 210-279] Implementing memory 'mfcc_mfcc_Pipeline_VITIS_LOOP_180_1_mel_filterbank_6_ROM_AUTO_1R' using auto ROMs.
INFO: [RTMG 210-279] Implementing memory 'mfcc_mfcc_Pipeline_VITIS_LOOP_180_1_mel_filterbank_7_ROM_AUTO_1R' using auto ROMs.
INFO: [RTMG 210-279] Implementing memory 'mfcc_mfcc_Pipeline_VITIS_LOOP_180_1_mel_filterbank_8_ROM_AUTO_1R' using auto ROMs.
INFO: [RTMG 210-279] Implementing memory 'mfcc_mfcc_Pipeline_VITIS_LOOP_180_1_mel_filterbank_9_ROM_AUTO_1R' using auto ROMs.
INFO: [RTMG 210-279] Implementing memory 'mfcc_mfcc_Pipeline_VITIS_LOOP_180_1_mel_filterbank_10_ROM_AUTO_1R' using auto ROMs.
INFO: [RTMG 210-279] Implementing memory 'mfcc_mfcc_Pipeline_VITIS_LOOP_180_1_mel_filterbank_11_ROM_AUTO_1R' using auto ROMs.
INFO: [RTMG 210-279] Implementing memory 'mfcc_mfcc_Pipeline_VITIS_LOOP_180_1_mel_filterbank_12_ROM_AUTO_1R' using auto ROMs.
INFO: [RTMG 210-279] Implementing memory 'mfcc_mfcc_Pipeline_VITIS_LOOP_180_1_mel_filterbank_13_ROM_AUTO_1R' using auto ROMs.
INFO: [RTMG 210-279] Implementing memory 'mfcc_mfcc_Pipeline_VITIS_LOOP_180_1_mel_filterbank_14_ROM_AUTO_1R' using auto ROMs.
INFO: [RTMG 210-279] Implementing memory 'mfcc_mfcc_Pipeline_VITIS_LOOP_180_1_mel_filterbank_15_ROM_AUTO_1R' using auto ROMs.
INFO: [RTMG 210-279] Implementing memory 'mfcc_mfcc_Pipeline_VITIS_LOOP_180_1_mel_filterbank_16_ROM_AUTO_1R' using auto ROMs.
INFO: [RTMG 210-279] Implementing memory 'mfcc_mfcc_Pipeline_VITIS_LOOP_180_1_mel_filterbank_17_ROM_AUTO_1R' using auto ROMs.
INFO: [RTMG 210-279] Implementing memory 'mfcc_mfcc_Pipeline_VITIS_LOOP_180_1_mel_filterbank_18_ROM_AUTO_1R' using auto ROMs.
INFO: [RTMG 210-279] Implementing memory 'mfcc_mfcc_Pipeline_VITIS_LOOP_180_1_mel_filterbank_19_ROM_AUTO_1R' using auto ROMs.
INFO: [RTMG 210-279] Implementing memory 'mfcc_mfcc_Pipeline_VITIS_LOOP_180_1_mel_filterbank_20_ROM_AUTO_1R' using auto ROMs.
INFO: [RTMG 210-279] Implementing memory 'mfcc_mfcc_Pipeline_VITIS_LOOP_180_1_mel_filterbank_21_ROM_AUTO_1R' using auto ROMs.
INFO: [RTMG 210-279] Implementing memory 'mfcc_mfcc_Pipeline_VITIS_LOOP_180_1_mel_filterbank_22_ROM_AUTO_1R' using auto ROMs.
INFO: [RTMG 210-279] Implementing memory 'mfcc_mfcc_Pipeline_VITIS_LOOP_180_1_mel_filterbank_23_ROM_AUTO_1R' using auto ROMs.
INFO: [RTMG 210-279] Implementing memory 'mfcc_mfcc_Pipeline_VITIS_LOOP_180_1_mel_filterbank_24_ROM_AUTO_1R' using auto ROMs.
INFO: [RTMG 210-279] Implementing memory 'mfcc_mfcc_Pipeline_VITIS_LOOP_180_1_mel_filterbank_25_ROM_AUTO_1R' using auto ROMs.
INFO: [RTMG 210-279] Implementing memory 'mfcc_mfcc_Pipeline_VITIS_LOOP_180_1_mel_filterbank_26_ROM_AUTO_1R' using auto ROMs.
INFO: [RTMG 210-279] Implementing memory 'mfcc_mfcc_Pipeline_VITIS_LOOP_180_1_mel_filterbank_27_ROM_AUTO_1R' using auto ROMs.
INFO: [RTMG 210-279] Implementing memory 'mfcc_mfcc_Pipeline_VITIS_LOOP_180_1_mel_filterbank_28_ROM_AUTO_1R' using auto ROMs.
INFO: [RTMG 210-279] Implementing memory 'mfcc_mfcc_Pipeline_VITIS_LOOP_180_1_mel_filterbank_29_ROM_AUTO_1R' using auto ROMs.
INFO: [HLS 200-111] Finished Creating RTL model: CPU user time: 1 seconds. CPU system time: 0 seconds. Elapsed time: 0.807 seconds; current allocated memory: 1.130 GB.
INFO: [HLS 200-10] ----------------------------------------------------------------
INFO: [HLS 200-10] -- Generating RTL for module 'log_17_9_s' 
INFO: [HLS 200-10] ----------------------------------------------------------------
INFO: [HLS 200-1030] Apply Unified Pipeline Control on module 'log_17_9_s' pipeline 'log<17, 9>' pipeline type 'function pipeline'
INFO: [RTGEN 206-100] Generating core module 'mac_mulsub_24ns_4ns_29ns_29_4_1': 1 instance(s).
INFO: [RTGEN 206-100] Generating core module 'mul_29s_6ns_29_2_1': 1 instance(s).
INFO: [RTGEN 206-100] Generating core module 'mul_5s_23ns_28_1_1': 1 instance(s).
INFO: [RTGEN 206-100] Generating core module 'mul_9ns_9ns_18_1_1': 1 instance(s).
INFO: [RTGEN 206-100] Finished creating RTL model for 'log_17_9_s'.
INFO: [RTMG 210-279] Implementing memory 'mfcc_log_17_9_s_log_apfixed_reduce_log_inverse_lut_table_array_ROM_AUTO_1R' using auto ROMs.
INFO: [RTMG 210-279] Implementing memory 'mfcc_log_17_9_s_log_apfixed_reduce_log0_lut_table_ap_fixed_0_5_64_array_ROM_AUTO_1R' using auto ROMs.
INFO: [RTMG 210-279] Implementing memory 'mfcc_log_17_9_s_log_apfixed_reduce_log_lut_table_ap_fixed_4_4_16_array_ROM_AUTO_1R' using auto ROMs.
INFO: [HLS 200-111] Finished Creating RTL model: CPU user time: 0 seconds. CPU system time: 1 seconds. Elapsed time: 0.927 seconds; current allocated memory: 1.138 GB.
INFO: [HLS 200-10] ----------------------------------------------------------------
INFO: [HLS 200-10] -- Generating RTL for module 'mfcc_Pipeline_VITIS_LOOP_199_1' 
INFO: [HLS 200-10] ----------------------------------------------------------------
INFO: [HLS 200-1030] Apply Unified Pipeline Control on module 'mfcc_Pipeline_VITIS_LOOP_199_1' pipeline 'VITIS_LOOP_199_1' pipeline type 'loop pipeline'
INFO: [RTGEN 206-100] Finished creating RTL model for 'mfcc_Pipeline_VITIS_LOOP_199_1'.
INFO: [HLS 200-111] Finished Creating RTL model: CPU user time: 0 seconds. CPU system time: 0 seconds. Elapsed time: 0.729 seconds; current allocated memory: 1.142 GB.
INFO: [HLS 200-10] ----------------------------------------------------------------
INFO: [HLS 200-10] -- Generating RTL for module 'mfcc_Pipeline_task_6' 
INFO: [HLS 200-10] ----------------------------------------------------------------
INFO: [HLS 200-1030] Apply Unified Pipeline Control on module 'mfcc_Pipeline_task_6' pipeline 'task_6' pipeline type 'loop pipeline'
INFO: [RTGEN 206-100] Finished creating RTL model for 'mfcc_Pipeline_task_6'.
INFO: [HLS 200-111] Finished Creating RTL model: CPU user time: 0 seconds. CPU system time: 0 seconds. Elapsed time: 0.205 seconds; current allocated memory: 1.143 GB.
INFO: [HLS 200-10] ----------------------------------------------------------------
INFO: [HLS 200-10] -- Generating RTL for module 'mfcc' 
INFO: [HLS 200-10] ----------------------------------------------------------------
WARNING: [RTGEN 206-101] Design contains AXI ports. Reset is fixed to synchronous and active low.
INFO: [RTGEN 206-500] Setting interface mode on port 'mfcc/in_stream_V_data_V' to 'axis' (register, both mode).
INFO: [RTGEN 206-500] Setting interface mode on port 'mfcc/in_stream_V_keep_V' to 'axis' (register, both mode).
INFO: [RTGEN 206-500] Setting interface mode on port 'mfcc/in_stream_V_strb_V' to 'axis' (register, both mode).
INFO: [RTGEN 206-500] Setting interface mode on port 'mfcc/in_stream_V_last_V' to 'axis' (register, both mode).
INFO: [RTGEN 206-500] Setting interface mode on port 'mfcc/out_stream_V_data_V' to 'axis' (register, both mode).
INFO: [RTGEN 206-500] Setting interface mode on port 'mfcc/out_stream_V_keep_V' to 'axis' (register, both mode).
INFO: [RTGEN 206-500] Setting interface mode on port 'mfcc/out_stream_V_strb_V' to 'axis' (register, both mode).
INFO: [RTGEN 206-500] Setting interface mode on port 'mfcc/out_stream_V_last_V' to 'axis' (register, both mode).
INFO: [RTGEN 206-500] Setting interface mode on function 'mfcc' to 'ap_ctrl_none'.
INFO: [RTGEN 206-100] Finished creating RTL model for 'mfcc'.
INFO: [RTMG 210-278] Implementing memory 'mfcc_abs_spectrogram_RAM_1WNR_AUTO_1R1W' using auto RAMs.
INFO: [RTMG 210-278] Implementing memory 'mfcc_mel_filtered_RAM_AUTO_1R1W' using auto RAMs.
INFO: [RTMG 210-278] Implementing memory 'mfcc_mfcc_1_RAM_AUTO_1R1W' using auto RAMs.
INFO: [HLS 200-111] Finished Creating RTL model: CPU user time: 0 seconds. CPU system time: 0 seconds. Elapsed time: 0.409 seconds; current allocated memory: 1.145 GB.
INFO: [HLS 200-111] Finished Generating all RTL models: CPU user time: 1 seconds. CPU system time: 0 seconds. Elapsed time: 2.166 seconds; current allocated memory: 1.149 GB.
INFO: [HLS 200-111] Finished Updating report files: CPU user time: 0 seconds. CPU system time: 1 seconds. Elapsed time: 1.181 seconds; current allocated memory: 1.156 GB.
INFO: [VHDL 208-304] Generating VHDL RTL for mfcc.
INFO: [VLOG 209-307] Generating Verilog RTL for mfcc.
INFO: [HLS 200-790] **** Loop Constraint Status: All loop constraints were NOT satisfied.
INFO: [HLS 200-789] **** Estimated Fmax: 145.43 MHz
INFO: [HLS 200-111] Finished Command csynth_design CPU user time: 4 seconds. CPU system time: 2 seconds. Elapsed time: 31.093 seconds; current allocated memory: 131.473 MB.
==============================================================
Vitis HLS - High-Level Synthesis from C, C++ and OpenCL v2023.1 (64-bit)
Tool Version Limit: 2023.05
Copyright 1986-2022 Xilinx, Inc. All Rights Reserved.
Copyright 2022-2023 Advanced Micro Devices, Inc. All Rights Reserved.

==============================================================
INFO: [SYN 201-201] Setting up clock 'default' with a period of 10ns.
INFO: [HLS 200-1611] Setting target device to 'xc7a100t-csg324-1'
INFO: [HLS 200-1505] Using flow_target 'vivado'
INFO: [HLS 200-1510] Running: set_part xc7a100tcsg324-1 
INFO: [HLS 200-1510] Running: create_clock -period 10 -name default 
INFO: [HLS 200-1510] Running: csynth_design 
INFO: [HLS 200-111] Finished File checks and directory preparation: CPU user time: 0 seconds. CPU system time: 0 seconds. Elapsed time: 0.093 seconds; current allocated memory: 1.029 GB.
INFO: [HLS 200-10] Analyzing design file 'audrey_4_hls/mfcc.cpp' ... 
WARNING: [HLS 207-5292] unused parameter 'data_type' (C:/Xilinx/Vitis_HLS/2023.1/common/technology/autopilot\hls_fft.h:100:77)
WARNING: [HLS 207-5292] unused parameter 'has_nfft' (C:/Xilinx/Vitis_HLS/2023.1/common/technology/autopilot\hls_fft.h:125:65)
WARNING: [HLS 207-5292] unused parameter 'cp_len_enable' (C:/Xilinx/Vitis_HLS/2023.1/common/technology/autopilot\hls_fft.h:138:66)
WARNING: [HLS 207-5292] unused parameter 'scaling_opt' (C:/Xilinx/Vitis_HLS/2023.1/common/technology/autopilot\hls_fft.h:151:68)
WARNING: [HLS 207-5292] unused parameter 'scaling_opt' (C:/Xilinx/Vitis_HLS/2023.1/common/technology/autopilot\hls_fft.h:315:71)
WARNING: [HLS 207-5292] unused parameter 'has_ovflo' (C:/Xilinx/Vitis_HLS/2023.1/common/technology/autopilot\hls_fft.h:328:66)
WARNING: [HLS 207-5292] unused parameter 'audio' (audrey_4_hls/mfcc.cpp:145:38)
INFO: [HLS 200-111] Finished Source Code Analysis and Preprocessing: CPU user time: 1 seconds. CPU system time: 0 seconds. Elapsed time: 18.442 seconds; current allocated memory: 1.036 GB.
INFO: [HLS 200-777] Using interface defaults for 'Vivado' flow target.
INFO: [HLS 214-291] Loop 'VITIS_LOOP_729_1' is marked as complete unroll implied by the pipeline pragma (C:/Xilinx/Vitis_HLS/2023.1/common/technology/autopilot/etc/hls_log_apfixed.h:729:31)
INFO: [HLS 214-186] Unrolling loop 'VITIS_LOOP_729_1' (C:/Xilinx/Vitis_HLS/2023.1/common/technology/autopilot/etc/hls_log_apfixed.h:729:31) in function 'log_apfixed_reduce::log<17, 9>' completely with a factor of 17 (C:/Xilinx/Vitis_HLS/2023.1/common/technology/autopilot/etc/hls_log_apfixed.h:500:0)
INFO: [HLS 214-178] Inlining function 'void log_apfixed_reduce::range_reduce<ap_fixed<29, 7, (ap_q_mode)5, (ap_o_mode)3, 0>, 4, 4, 24, 15>(ap_ufixed<24, -(4), (ap_q_mode)5, (ap_o_mode)3, 0>, ap_fixed<29, 7, (ap_q_mode)5, (ap_o_mode)3, 0>&, ap_ufixed<15, -(((4) + (4)) - (1)), (ap_q_mode)5, (ap_o_mode)3, 0>&)' into 'ap_ufixed<15, -7, (ap_q_mode)5, (ap_o_mode)3, 0> log_apfixed_reduce::log_traits<2>::range_reduction<24>(ap_ufixed<24, -4, (ap_q_mode)5, (ap_o_mode)3, 0>, ap_fixed<29, 7, (ap_q_mode)5, (ap_o_mode)3, 0>&)' (C:/Xilinx/Vitis_HLS/2023.1/common/technology/autopilot/etc/hls_log_apfixed.h:249:0)
INFO: [HLS 214-178] Inlining function 'ap_ufixed<15, -7, (ap_q_mode)5, (ap_o_mode)3, 0> log_apfixed_reduce::log_traits<2>::range_reduction<24>(ap_ufixed<24, -4, (ap_q_mode)5, (ap_o_mode)3, 0>, ap_fixed<29, 7, (ap_q_mode)5, (ap_o_mode)3, 0>&)' into 'ap_fixed<17, 9, (ap_q_mode)5, (ap_o_mode)3, 0> log_apfixed_reduce::log<17, 9>(ap_fixed<17, 9, (ap_q_mode)5, (ap_o_mode)3, 0>)' (C:/Xilinx/Vitis_HLS/2023.1/common/technology/autopilot/etc/hls_log_apfixed.h:500:0)
INFO: [HLS 214-178] Inlining function 'ap_fixed<17, 9, (ap_q_mode)5, (ap_o_mode)3, 0> hls::log<17, 9>(ap_fixed<17, 9, (ap_q_mode)5, (ap_o_mode)3, 0>)' into 'feature_2_log(ap_fixed<16, 8, (ap_q_mode)5, (ap_o_mode)3, 0>*, ap_fixed<16, 8, (ap_q_mode)5, (ap_o_mode)3, 0>*)' (audrey_4_hls/mfcc.cpp:198:0)
INFO: [HLS 214-178] Inlining function 'feature_1_mel(ap_fixed<16, 8, (ap_q_mode)5, (ap_o_mode)3, 0>*, ap_fixed<16, 8, (ap_q_mode)5, (ap_o_mode)3, 0>*)' into 'mfcc(hls::stream<hls::axis<ap_fixed<16, 8, (ap_q_mode)5, (ap_o_mode)3, 0>, 0ul, 0ul, 0ul>, 0>&, hls::stream<hls::axis<ap_fixed<16, 8, (ap_q_mode)5, (ap_o_mode)3, 0>, 0ul, 0ul, 0ul>, 0>&)' (audrey_4_hls/mfcc.cpp:20:0)
INFO: [HLS 214-178] Inlining function 'feature_2_log(ap_fixed<16, 8, (ap_q_mode)5, (ap_o_mode)3, 0>*, ap_fixed<16, 8, (ap_q_mode)5, (ap_o_mode)3, 0>*)' into 'mfcc(hls::stream<hls::axis<ap_fixed<16, 8, (ap_q_mode)5, (ap_o_mode)3, 0>, 0ul, 0ul, 0ul>, 0>&, hls::stream<hls::axis<ap_fixed<16, 8, (ap_q_mode)5, (ap_o_mode)3, 0>, 0ul, 0ul, 0ul>, 0>&)' (audrey_4_hls/mfcc.cpp:20:0)
INFO: [HLS 200-111] Finished Compiling Optimization and Transform: CPU user time: 0 seconds. CPU system time: 0 seconds. Elapsed time: 2.729 seconds; current allocated memory: 1.037 GB.
INFO: [HLS 200-111] Finished Checking Pragmas: CPU user time: 0 seconds. CPU system time: 0 seconds. Elapsed time: 0.002 seconds; current allocated memory: 1.037 GB.
INFO: [HLS 200-10] Starting code transformations ...
INFO: [HLS 200-111] Finished Standard Transforms: CPU user time: 0 seconds. CPU system time: 0 seconds. Elapsed time: 0.089 seconds; current allocated memory: 1.045 GB.
INFO: [HLS 200-10] Checking synthesizability ...
INFO: [HLS 200-111] Finished Checking Synthesizability: CPU user time: 0 seconds. CPU system time: 0 seconds. Elapsed time: 0.068 seconds; current allocated memory: 1.047 GB.
INFO: [XFORM 203-510] Pipelining loop 'VITIS_LOOP_180_1' (audrey_4_hls/mfcc.cpp:180) in function 'mfcc' automatically.
INFO: [XFORM 203-510] Pipelining loop 'VITIS_LOOP_199_1' (audrey_4_hls/mfcc.cpp:199) in function 'mfcc' automatically.
INFO: [XFORM 203-510] Pipelining loop 'task_6' (audrey_4_hls/mfcc.cpp:107) in function 'mfcc' automatically.
INFO: [XFORM 203-502] Unrolling all sub-loops inside loop 'VITIS_LOOP_180_1' (audrey_4_hls/mfcc.cpp:180) in function 'mfcc' for pipelining.
INFO: [HLS 200-489] Unrolling loop 'VITIS_LOOP_186_2' (audrey_4_hls/mfcc.cpp:186) in function 'mfcc' completely with a factor of 30.
INFO: [XFORM 203-102] Partitioning array 'mel_filterbank' in dimension 2 automatically.
INFO: [XFORM 203-401] Performing if-conversion on hyperblock from (C:/Xilinx/Vitis_HLS/2023.1/common/technology/autopilot/etc/hls_log_apfixed.h:728:42) to (C:/Xilinx/Vitis_HLS/2023.1/common/technology/autopilot/etc/hls_log_apfixed.h:748:17) in function 'log_apfixed_reduce::log<17, 9>'... converting 18 basic blocks.
INFO: [XFORM 203-11] Balancing expressions in function 'mfcc' (audrey_4_hls/mfcc.cpp:17:17)...29 expression(s) balanced.
INFO: [XFORM 203-11] Balancing expressions in function 'log_apfixed_reduce::log<17, 9>' (C:/Xilinx/Vitis_HLS/2023.1/common/technology/autopilot/etc/hls_log_apfixed.h:178:6)...3 expression(s) balanced.
INFO: [HLS 200-111] Finished Loop, function and other optimizations: CPU user time: 0 seconds. CPU system time: 0 seconds. Elapsed time: 0.285 seconds; current allocated memory: 1.071 GB.
INFO: [HLS 200-111] Finished Architecture Synthesis: CPU user time: 0 seconds. CPU system time: 0 seconds. Elapsed time: 0.129 seconds; current allocated memory: 1.110 GB.
INFO: [HLS 200-10] Starting hardware synthesis ...
INFO: [HLS 200-10] Synthesizing 'mfcc' ...
WARNING: [SYN 201-103] Legalizing function name 'log<17, 9>' to 'log_17_9_s'.
INFO: [HLS 200-10] ----------------------------------------------------------------
INFO: [HLS 200-42] -- Implementing module 'mfcc_Pipeline_task_3' 
INFO: [HLS 200-10] ----------------------------------------------------------------
INFO: [SCHED 204-11] Starting scheduling ...
INFO: [HLS 200-1457] Automatically inferring inferring RAM_1WNR storage type for array 'abs_spectrogram'. Use bind_storage pragma to override this type.
INFO: [SCHED 204-61] Pipelining loop 'task_3'.
INFO: [HLS 200-1470] Pipelining result : Target II = NA, Final II = 1, Depth = 1, loop 'task_3'
INFO: [SCHED 204-11] Finished scheduling.
INFO: [HLS 200-111] Finished Scheduling: CPU user time: 0 seconds. CPU system time: 0 seconds. Elapsed time: 0.325 seconds; current allocated memory: 1.114 GB.
INFO: [BIND 205-100] Starting micro-architecture generation ...
INFO: [BIND 205-101] Performing variable lifetime analysis.
INFO: [BIND 205-101] Exploring resource sharing.
INFO: [BIND 205-101] Binding ...
INFO: [BIND 205-100] Finished micro-architecture generation.
INFO: [HLS 200-111] Finished Binding: CPU user time: 0 seconds. CPU system time: 0 seconds. Elapsed time: 0.108 seconds; current allocated memory: 1.116 GB.
INFO: [HLS 200-10] ----------------------------------------------------------------
INFO: [HLS 200-42] -- Implementing module 'mfcc_Pipeline_VITIS_LOOP_180_1' 
INFO: [HLS 200-10] ----------------------------------------------------------------
INFO: [SCHED 204-11] Starting scheduling ...
INFO: [HLS 200-1457] Automatically inferring inferring RAM_1WNR storage type for array 'abs_spectrogram'. Use bind_storage pragma to override this type.
INFO: [SCHED 204-61] Pipelining loop 'VITIS_LOOP_180_1'.
WARNING: [HLS 200-885] The II Violation in module 'mfcc_Pipeline_VITIS_LOOP_180_1' (loop 'VITIS_LOOP_180_1'): Unable to schedule 'load' operation ('abs_spectrogram_load_19', audrey_4_hls/mfcc.cpp:187->audrey_4_hls/mfcc.cpp:64) on array 'abs_spectrogram' due to limited memory ports (II = 1). Please consider using a memory core with more ports or partitioning the array 'abs_spectrogram'.
INFO: [HLS 200-1470] Pipelining result : Target II = NA, Final II = 2, Depth = 9, loop 'VITIS_LOOP_180_1'
INFO: [SCHED 204-11] Finished scheduling.
INFO: [HLS 200-111] Finished Scheduling: CPU user time: 0 seconds. CPU system time: 0 seconds. Elapsed time: 0.466 seconds; current allocated memory: 1.119 GB.
INFO: [BIND 205-100] Starting micro-architecture generation ...
INFO: [BIND 205-101] Performing variable lifetime analysis.
INFO: [BIND 205-101] Exploring resource sharing.
INFO: [BIND 205-101] Binding ...
INFO: [BIND 205-100] Finished micro-architecture generation.
INFO: [HLS 200-111] Finished Binding: CPU user time: 0 seconds. CPU system time: 0 seconds. Elapsed time: 0.179 seconds; current allocated memory: 1.119 GB.
INFO: [HLS 200-10] ----------------------------------------------------------------
INFO: [HLS 200-42] -- Implementing module 'log_17_9_s' 
INFO: [HLS 200-10] ----------------------------------------------------------------
INFO: [SCHED 204-11] Starting scheduling ...
INFO: [HLS 200-486] Changing DSP latency (root=mul_ln184) to 3 in order to utilize available DSP registers.
INFO: [SCHED 204-61] Pipelining function 'log<17, 9>'.
INFO: [HLS 200-1470] Pipelining result : Target II = NA, Final II = 1, Depth = 11, function 'log<17, 9>'
INFO: [SCHED 204-11] Finished scheduling.
INFO: [HLS 200-111] Finished Scheduling: CPU user time: 1 seconds. CPU system time: 0 seconds. Elapsed time: 0.492 seconds; current allocated memory: 1.122 GB.
INFO: [BIND 205-100] Starting micro-architecture generation ...
INFO: [BIND 205-101] Performing variable lifetime analysis.
INFO: [BIND 205-101] Exploring resource sharing.
INFO: [BIND 205-101] Binding ...
INFO: [BIND 205-100] Finished micro-architecture generation.
INFO: [HLS 200-111] Finished Binding: CPU user time: 0 seconds. CPU system time: 0 seconds. Elapsed time: 0.168 seconds; current allocated memory: 1.122 GB.
INFO: [HLS 200-10] ----------------------------------------------------------------
INFO: [HLS 200-42] -- Implementing module 'mfcc_Pipeline_VITIS_LOOP_199_1' 
INFO: [HLS 200-10] ----------------------------------------------------------------
INFO: [SCHED 204-11] Starting scheduling ...
INFO: [SCHED 204-61] Pipelining loop 'VITIS_LOOP_199_1'.
INFO: [HLS 200-1470] Pipelining result : Target II = NA, Final II = 1, Depth = 13, loop 'VITIS_LOOP_199_1'
INFO: [SCHED 204-11] Finished scheduling.
INFO: [HLS 200-111] Finished Scheduling: CPU user time: 0 seconds. CPU system time: 0 seconds. Elapsed time: 0.179 seconds; current allocated memory: 1.122 GB.
INFO: [BIND 205-100] Starting micro-architecture generation ...
INFO: [BIND 205-101] Performing variable lifetime analysis.
INFO: [BIND 205-101] Exploring resource sharing.
INFO: [BIND 205-101] Binding ...
INFO: [BIND 205-100] Finished micro-architecture generation.
INFO: [HLS 200-111] Finished Binding: CPU user time: 0 seconds. CPU system time: 0 seconds. Elapsed time: 0.135 seconds; current allocated memory: 1.122 GB.
INFO: [HLS 200-10] ----------------------------------------------------------------
INFO: [HLS 200-42] -- Implementing module 'mfcc_Pipeline_task_6' 
INFO: [HLS 200-10] ----------------------------------------------------------------
INFO: [SCHED 204-11] Starting scheduling ...
INFO: [SCHED 204-61] Pipelining loop 'task_6'.
INFO: [HLS 200-1470] Pipelining result : Target II = NA, Final II = 1, Depth = 2, loop 'task_6'
INFO: [SCHED 204-11] Finished scheduling.
INFO: [HLS 200-111] Finished Scheduling: CPU user time: 0 seconds. CPU system time: 0 seconds. Elapsed time: 0.131 seconds; current allocated memory: 1.122 GB.
INFO: [BIND 205-100] Starting micro-architecture generation ...
INFO: [BIND 205-101] Performing variable lifetime analysis.
INFO: [BIND 205-101] Exploring resource sharing.
INFO: [BIND 205-101] Binding ...
INFO: [BIND 205-100] Finished micro-architecture generation.
INFO: [HLS 200-111] Finished Binding: CPU user time: 0 seconds. CPU system time: 0 seconds. Elapsed time: 0.093 seconds; current allocated memory: 1.122 GB.
INFO: [HLS 200-10] ----------------------------------------------------------------
INFO: [HLS 200-42] -- Implementing module 'mfcc' 
INFO: [HLS 200-10] ----------------------------------------------------------------
INFO: [SCHED 204-11] Starting scheduling ...
INFO: [SCHED 204-11] Finished scheduling.
INFO: [HLS 200-111] Finished Scheduling: CPU user time: 0 seconds. CPU system time: 0 seconds. Elapsed time: 0.107 seconds; current allocated memory: 1.123 GB.
INFO: [BIND 205-100] Starting micro-architecture generation ...
INFO: [BIND 205-101] Performing variable lifetime analysis.
INFO: [BIND 205-101] Exploring resource sharing.
INFO: [BIND 205-101] Binding ...
INFO: [BIND 205-100] Finished micro-architecture generation.
INFO: [HLS 200-111] Finished Binding: CPU user time: 0 seconds. CPU system time: 0 seconds. Elapsed time: 0.148 seconds; current allocated memory: 1.123 GB.
INFO: [HLS 200-10] ----------------------------------------------------------------
INFO: [HLS 200-10] -- Generating RTL for module 'mfcc_Pipeline_task_3' 
INFO: [HLS 200-10] ----------------------------------------------------------------
INFO: [RTGEN 206-100] Finished creating RTL model for 'mfcc_Pipeline_task_3'.
INFO: [HLS 200-111] Finished Creating RTL model: CPU user time: 0 seconds. CPU system time: 0 seconds. Elapsed time: 0.129 seconds; current allocated memory: 1.124 GB.
INFO: [HLS 200-10] ----------------------------------------------------------------
INFO: [HLS 200-10] -- Generating RTL for module 'mfcc_Pipeline_VITIS_LOOP_180_1' 
INFO: [HLS 200-10] ----------------------------------------------------------------
INFO: [HLS 200-1030] Apply Unified Pipeline Control on module 'mfcc_Pipeline_VITIS_LOOP_180_1' pipeline 'VITIS_LOOP_180_1' pipeline type 'loop pipeline'
INFO: [RTGEN 206-100] Generating core module 'mul_5ns_16s_21_1_1': 1 instance(s).
INFO: [RTGEN 206-100] Generating core module 'mul_6ns_16s_22_1_1': 2 instance(s).
INFO: [RTGEN 206-100] Generating core module 'mul_7ns_16s_23_1_1': 4 instance(s).
INFO: [RTGEN 206-100] Generating core module 'mul_8ns_16s_24_1_1': 23 instance(s).
INFO: [RTGEN 206-100] Finished creating RTL model for 'mfcc_Pipeline_VITIS_LOOP_180_1'.
INFO: [RTMG 210-279] Implementing memory 'mfcc_mfcc_Pipeline_VITIS_LOOP_180_1_first_ind_ROM_AUTO_1R' using auto ROMs.
INFO: [RTMG 210-279] Implementing memory 'mfcc_mfcc_Pipeline_VITIS_LOOP_180_1_mel_filterbank_0_ROM_AUTO_1R' using auto ROMs.
INFO: [RTMG 210-279] Implementing memory 'mfcc_mfcc_Pipeline_VITIS_LOOP_180_1_mel_filterbank_1_ROM_AUTO_1R' using auto ROMs.
INFO: [RTMG 210-279] Implementing memory 'mfcc_mfcc_Pipeline_VITIS_LOOP_180_1_mel_filterbank_2_ROM_AUTO_1R' using auto ROMs.
INFO: [RTMG 210-279] Implementing memory 'mfcc_mfcc_Pipeline_VITIS_LOOP_180_1_mel_filterbank_3_ROM_AUTO_1R' using auto ROMs.
INFO: [RTMG 210-279] Implementing memory 'mfcc_mfcc_Pipeline_VITIS_LOOP_180_1_mel_filterbank_4_ROM_AUTO_1R' using auto ROMs.
INFO: [RTMG 210-279] Implementing memory 'mfcc_mfcc_Pipeline_VITIS_LOOP_180_1_mel_filterbank_5_ROM_AUTO_1R' using auto ROMs.
INFO: [RTMG 210-279] Implementing memory 'mfcc_mfcc_Pipeline_VITIS_LOOP_180_1_mel_filterbank_6_ROM_AUTO_1R' using auto ROMs.
INFO: [RTMG 210-279] Implementing memory 'mfcc_mfcc_Pipeline_VITIS_LOOP_180_1_mel_filterbank_7_ROM_AUTO_1R' using auto ROMs.
INFO: [RTMG 210-279] Implementing memory 'mfcc_mfcc_Pipeline_VITIS_LOOP_180_1_mel_filterbank_8_ROM_AUTO_1R' using auto ROMs.
INFO: [RTMG 210-279] Implementing memory 'mfcc_mfcc_Pipeline_VITIS_LOOP_180_1_mel_filterbank_9_ROM_AUTO_1R' using auto ROMs.
INFO: [RTMG 210-279] Implementing memory 'mfcc_mfcc_Pipeline_VITIS_LOOP_180_1_mel_filterbank_10_ROM_AUTO_1R' using auto ROMs.
INFO: [RTMG 210-279] Implementing memory 'mfcc_mfcc_Pipeline_VITIS_LOOP_180_1_mel_filterbank_11_ROM_AUTO_1R' using auto ROMs.
INFO: [RTMG 210-279] Implementing memory 'mfcc_mfcc_Pipeline_VITIS_LOOP_180_1_mel_filterbank_12_ROM_AUTO_1R' using auto ROMs.
INFO: [RTMG 210-279] Implementing memory 'mfcc_mfcc_Pipeline_VITIS_LOOP_180_1_mel_filterbank_13_ROM_AUTO_1R' using auto ROMs.
INFO: [RTMG 210-279] Implementing memory 'mfcc_mfcc_Pipeline_VITIS_LOOP_180_1_mel_filterbank_14_ROM_AUTO_1R' using auto ROMs.
INFO: [RTMG 210-279] Implementing memory 'mfcc_mfcc_Pipeline_VITIS_LOOP_180_1_mel_filterbank_15_ROM_AUTO_1R' using auto ROMs.
INFO: [RTMG 210-279] Implementing memory 'mfcc_mfcc_Pipeline_VITIS_LOOP_180_1_mel_filterbank_16_ROM_AUTO_1R' using auto ROMs.
INFO: [RTMG 210-279] Implementing memory 'mfcc_mfcc_Pipeline_VITIS_LOOP_180_1_mel_filterbank_17_ROM_AUTO_1R' using auto ROMs.
INFO: [RTMG 210-279] Implementing memory 'mfcc_mfcc_Pipeline_VITIS_LOOP_180_1_mel_filterbank_18_ROM_AUTO_1R' using auto ROMs.
INFO: [RTMG 210-279] Implementing memory 'mfcc_mfcc_Pipeline_VITIS_LOOP_180_1_mel_filterbank_19_ROM_AUTO_1R' using auto ROMs.
INFO: [RTMG 210-279] Implementing memory 'mfcc_mfcc_Pipeline_VITIS_LOOP_180_1_mel_filterbank_20_ROM_AUTO_1R' using auto ROMs.
INFO: [RTMG 210-279] Implementing memory 'mfcc_mfcc_Pipeline_VITIS_LOOP_180_1_mel_filterbank_21_ROM_AUTO_1R' using auto ROMs.
INFO: [RTMG 210-279] Implementing memory 'mfcc_mfcc_Pipeline_VITIS_LOOP_180_1_mel_filterbank_22_ROM_AUTO_1R' using auto ROMs.
INFO: [RTMG 210-279] Implementing memory 'mfcc_mfcc_Pipeline_VITIS_LOOP_180_1_mel_filterbank_23_ROM_AUTO_1R' using auto ROMs.
INFO: [RTMG 210-279] Implementing memory 'mfcc_mfcc_Pipeline_VITIS_LOOP_180_1_mel_filterbank_24_ROM_AUTO_1R' using auto ROMs.
INFO: [RTMG 210-279] Implementing memory 'mfcc_mfcc_Pipeline_VITIS_LOOP_180_1_mel_filterbank_25_ROM_AUTO_1R' using auto ROMs.
INFO: [RTMG 210-279] Implementing memory 'mfcc_mfcc_Pipeline_VITIS_LOOP_180_1_mel_filterbank_26_ROM_AUTO_1R' using auto ROMs.
INFO: [RTMG 210-279] Implementing memory 'mfcc_mfcc_Pipeline_VITIS_LOOP_180_1_mel_filterbank_27_ROM_AUTO_1R' using auto ROMs.
INFO: [RTMG 210-279] Implementing memory 'mfcc_mfcc_Pipeline_VITIS_LOOP_180_1_mel_filterbank_28_ROM_AUTO_1R' using auto ROMs.
INFO: [RTMG 210-279] Implementing memory 'mfcc_mfcc_Pipeline_VITIS_LOOP_180_1_mel_filterbank_29_ROM_AUTO_1R' using auto ROMs.
INFO: [HLS 200-111] Finished Creating RTL model: CPU user time: 0 seconds. CPU system time: 0 seconds. Elapsed time: 0.884 seconds; current allocated memory: 1.129 GB.
INFO: [HLS 200-10] ----------------------------------------------------------------
INFO: [HLS 200-10] -- Generating RTL for module 'log_17_9_s' 
INFO: [HLS 200-10] ----------------------------------------------------------------
INFO: [HLS 200-1030] Apply Unified Pipeline Control on module 'log_17_9_s' pipeline 'log<17, 9>' pipeline type 'function pipeline'
INFO: [RTGEN 206-100] Generating core module 'mac_mulsub_24ns_4ns_29ns_29_4_1': 1 instance(s).
INFO: [RTGEN 206-100] Generating core module 'mul_29s_6ns_29_2_1': 1 instance(s).
INFO: [RTGEN 206-100] Generating core module 'mul_5s_23ns_28_1_1': 1 instance(s).
INFO: [RTGEN 206-100] Generating core module 'mul_9ns_9ns_18_1_1': 1 instance(s).
INFO: [RTGEN 206-100] Finished creating RTL model for 'log_17_9_s'.
INFO: [RTMG 210-279] Implementing memory 'mfcc_log_17_9_s_log_apfixed_reduce_log_inverse_lut_table_array_ROM_AUTO_1R' using auto ROMs.
INFO: [RTMG 210-279] Implementing memory 'mfcc_log_17_9_s_log_apfixed_reduce_log0_lut_table_ap_fixed_0_5_64_array_ROM_AUTO_1R' using auto ROMs.
INFO: [RTMG 210-279] Implementing memory 'mfcc_log_17_9_s_log_apfixed_reduce_log_lut_table_ap_fixed_4_4_16_array_ROM_AUTO_1R' using auto ROMs.
INFO: [HLS 200-111] Finished Creating RTL model: CPU user time: 1 seconds. CPU system time: 1 seconds. Elapsed time: 0.925 seconds; current allocated memory: 1.137 GB.
INFO: [HLS 200-10] ----------------------------------------------------------------
INFO: [HLS 200-10] -- Generating RTL for module 'mfcc_Pipeline_VITIS_LOOP_199_1' 
INFO: [HLS 200-10] ----------------------------------------------------------------
INFO: [HLS 200-1030] Apply Unified Pipeline Control on module 'mfcc_Pipeline_VITIS_LOOP_199_1' pipeline 'VITIS_LOOP_199_1' pipeline type 'loop pipeline'
INFO: [RTGEN 206-100] Finished creating RTL model for 'mfcc_Pipeline_VITIS_LOOP_199_1'.
INFO: [HLS 200-111] Finished Creating RTL model: CPU user time: 0 seconds. CPU system time: 0 seconds. Elapsed time: 0.661 seconds; current allocated memory: 1.142 GB.
INFO: [HLS 200-10] ----------------------------------------------------------------
INFO: [HLS 200-10] -- Generating RTL for module 'mfcc_Pipeline_task_6' 
INFO: [HLS 200-10] ----------------------------------------------------------------
INFO: [HLS 200-1030] Apply Unified Pipeline Control on module 'mfcc_Pipeline_task_6' pipeline 'task_6' pipeline type 'loop pipeline'
INFO: [RTGEN 206-100] Finished creating RTL model for 'mfcc_Pipeline_task_6'.
INFO: [HLS 200-111] Finished Creating RTL model: CPU user time: 0 seconds. CPU system time: 0 seconds. Elapsed time: 0.206 seconds; current allocated memory: 1.142 GB.
INFO: [HLS 200-10] ----------------------------------------------------------------
INFO: [HLS 200-10] -- Generating RTL for module 'mfcc' 
INFO: [HLS 200-10] ----------------------------------------------------------------
WARNING: [RTGEN 206-101] Design contains AXI ports. Reset is fixed to synchronous and active low.
INFO: [RTGEN 206-500] Setting interface mode on port 'mfcc/in_stream_V_data_V' to 'axis' (register, both mode).
INFO: [RTGEN 206-500] Setting interface mode on port 'mfcc/in_stream_V_keep_V' to 'axis' (register, both mode).
INFO: [RTGEN 206-500] Setting interface mode on port 'mfcc/in_stream_V_strb_V' to 'axis' (register, both mode).
INFO: [RTGEN 206-500] Setting interface mode on port 'mfcc/in_stream_V_last_V' to 'axis' (register, both mode).
INFO: [RTGEN 206-500] Setting interface mode on port 'mfcc/out_stream_V_data_V' to 'axis' (register, both mode).
INFO: [RTGEN 206-500] Setting interface mode on port 'mfcc/out_stream_V_keep_V' to 'axis' (register, both mode).
INFO: [RTGEN 206-500] Setting interface mode on port 'mfcc/out_stream_V_strb_V' to 'axis' (register, both mode).
INFO: [RTGEN 206-500] Setting interface mode on port 'mfcc/out_stream_V_last_V' to 'axis' (register, both mode).
INFO: [RTGEN 206-500] Setting interface mode on function 'mfcc' to 'ap_ctrl_none'.
INFO: [RTGEN 206-100] Finished creating RTL model for 'mfcc'.
INFO: [RTMG 210-278] Implementing memory 'mfcc_abs_spectrogram_RAM_1WNR_AUTO_1R1W' using auto RAMs.
INFO: [RTMG 210-278] Implementing memory 'mfcc_mel_filtered_RAM_AUTO_1R1W' using auto RAMs.
INFO: [RTMG 210-278] Implementing memory 'mfcc_mfcc_1_RAM_AUTO_1R1W' using auto RAMs.
INFO: [HLS 200-111] Finished Creating RTL model: CPU user time: 0 seconds. CPU system time: 0 seconds. Elapsed time: 0.442 seconds; current allocated memory: 1.143 GB.
INFO: [HLS 200-111] Finished Generating all RTL models: CPU user time: 1 seconds. CPU system time: 0 seconds. Elapsed time: 1.285 seconds; current allocated memory: 1.147 GB.
INFO: [HLS 200-111] Finished Updating report files: CPU user time: 0 seconds. CPU system time: 1 seconds. Elapsed time: 1.072 seconds; current allocated memory: 1.154 GB.
INFO: [VHDL 208-304] Generating VHDL RTL for mfcc.
INFO: [VLOG 209-307] Generating Verilog RTL for mfcc.
INFO: [HLS 200-790] **** Loop Constraint Status: All loop constraints were NOT satisfied.
INFO: [HLS 200-789] **** Estimated Fmax: 145.43 MHz
INFO: [HLS 200-111] Finished Command csynth_design CPU user time: 4 seconds. CPU system time: 2 seconds. Elapsed time: 30.388 seconds; current allocated memory: 128.984 MB.
==============================================================
Vitis HLS - High-Level Synthesis from C, C++ and OpenCL v2023.1 (64-bit)
Tool Version Limit: 2023.05
Copyright 1986-2022 Xilinx, Inc. All Rights Reserved.
Copyright 2022-2023 Advanced Micro Devices, Inc. All Rights Reserved.

==============================================================
INFO: [SYN 201-201] Setting up clock 'default' with a period of 10ns.
INFO: [HLS 200-1611] Setting target device to 'xc7a100t-csg324-1'
INFO: [HLS 200-1505] Using flow_target 'vivado'
INFO: [HLS 200-1510] Running: set_part xc7a100tcsg324-1 
INFO: [HLS 200-1510] Running: create_clock -period 10 -name default 
INFO: [HLS 200-1510] Running: csim_design -quiet 
INFO: [SIM 211-2] *************** CSIM start ***************
INFO: [SIM 211-4] CSIM will launch GCC as the compiler.
INFO: [HLS 200-2036] Building debug C Simulation binaries
ERROR: [SIM 211-100] 'csim_design' failed: compilation error(s).
INFO: [SIM 211-3] *************** CSIM finish ***************
INFO: [HLS 200-111] Finished Command csim_design CPU user time: 0 seconds. CPU system time: 0 seconds. Elapsed time: 2.291 seconds; current allocated memory: 0.691 MB.
==============================================================
Vitis HLS - High-Level Synthesis from C, C++ and OpenCL v2023.1 (64-bit)
Tool Version Limit: 2023.05
Copyright 1986-2022 Xilinx, Inc. All Rights Reserved.
Copyright 2022-2023 Advanced Micro Devices, Inc. All Rights Reserved.

==============================================================
INFO: [SYN 201-201] Setting up clock 'default' with a period of 10ns.
INFO: [HLS 200-1611] Setting target device to 'xc7a100t-csg324-1'
INFO: [HLS 200-1505] Using flow_target 'vivado'
INFO: [HLS 200-1510] Running: set_part xc7a100tcsg324-1 
INFO: [HLS 200-1510] Running: create_clock -period 10 -name default 
INFO: [HLS 200-1510] Running: csynth_design 
INFO: [HLS 200-111] Finished File checks and directory preparation: CPU user time: 0 seconds. CPU system time: 0 seconds. Elapsed time: 0.132 seconds; current allocated memory: 1.035 GB.
INFO: [HLS 200-10] Analyzing design file 'audrey_4_hls/mfcc.cpp' ... 
WARNING: [HLS 207-5292] unused parameter 'data_type' (C:/Xilinx/Vitis_HLS/2023.1/common/technology/autopilot\hls_fft.h:100:77)
WARNING: [HLS 207-5292] unused parameter 'has_nfft' (C:/Xilinx/Vitis_HLS/2023.1/common/technology/autopilot\hls_fft.h:125:65)
WARNING: [HLS 207-5292] unused parameter 'cp_len_enable' (C:/Xilinx/Vitis_HLS/2023.1/common/technology/autopilot\hls_fft.h:138:66)
WARNING: [HLS 207-5292] unused parameter 'scaling_opt' (C:/Xilinx/Vitis_HLS/2023.1/common/technology/autopilot\hls_fft.h:151:68)
WARNING: [HLS 207-5292] unused parameter 'scaling_opt' (C:/Xilinx/Vitis_HLS/2023.1/common/technology/autopilot\hls_fft.h:315:71)
WARNING: [HLS 207-5292] unused parameter 'has_ovflo' (C:/Xilinx/Vitis_HLS/2023.1/common/technology/autopilot\hls_fft.h:328:66)
WARNING: [HLS 207-5292] unused parameter 'audio' (audrey_4_hls/mfcc.cpp:145:38)
INFO: [HLS 200-111] Finished Source Code Analysis and Preprocessing: CPU user time: 1 seconds. CPU system time: 0 seconds. Elapsed time: 21.401 seconds; current allocated memory: 1.042 GB.
INFO: [HLS 200-777] Using interface defaults for 'Vivado' flow target.
INFO: [HLS 214-291] Loop 'VITIS_LOOP_729_1' is marked as complete unroll implied by the pipeline pragma (C:/Xilinx/Vitis_HLS/2023.1/common/technology/autopilot/etc/hls_log_apfixed.h:729:31)
INFO: [HLS 214-186] Unrolling loop 'VITIS_LOOP_729_1' (C:/Xilinx/Vitis_HLS/2023.1/common/technology/autopilot/etc/hls_log_apfixed.h:729:31) in function 'log_apfixed_reduce::log<17, 9>' completely with a factor of 17 (C:/Xilinx/Vitis_HLS/2023.1/common/technology/autopilot/etc/hls_log_apfixed.h:500:0)
INFO: [HLS 214-178] Inlining function 'void log_apfixed_reduce::range_reduce<ap_fixed<29, 7, (ap_q_mode)5, (ap_o_mode)3, 0>, 4, 4, 24, 15>(ap_ufixed<24, -(4), (ap_q_mode)5, (ap_o_mode)3, 0>, ap_fixed<29, 7, (ap_q_mode)5, (ap_o_mode)3, 0>&, ap_ufixed<15, -(((4) + (4)) - (1)), (ap_q_mode)5, (ap_o_mode)3, 0>&)' into 'ap_ufixed<15, -7, (ap_q_mode)5, (ap_o_mode)3, 0> log_apfixed_reduce::log_traits<2>::range_reduction<24>(ap_ufixed<24, -4, (ap_q_mode)5, (ap_o_mode)3, 0>, ap_fixed<29, 7, (ap_q_mode)5, (ap_o_mode)3, 0>&)' (C:/Xilinx/Vitis_HLS/2023.1/common/technology/autopilot/etc/hls_log_apfixed.h:249:0)
INFO: [HLS 214-178] Inlining function 'ap_ufixed<15, -7, (ap_q_mode)5, (ap_o_mode)3, 0> log_apfixed_reduce::log_traits<2>::range_reduction<24>(ap_ufixed<24, -4, (ap_q_mode)5, (ap_o_mode)3, 0>, ap_fixed<29, 7, (ap_q_mode)5, (ap_o_mode)3, 0>&)' into 'ap_fixed<17, 9, (ap_q_mode)5, (ap_o_mode)3, 0> log_apfixed_reduce::log<17, 9>(ap_fixed<17, 9, (ap_q_mode)5, (ap_o_mode)3, 0>)' (C:/Xilinx/Vitis_HLS/2023.1/common/technology/autopilot/etc/hls_log_apfixed.h:500:0)
INFO: [HLS 214-178] Inlining function 'ap_fixed<17, 9, (ap_q_mode)5, (ap_o_mode)3, 0> hls::log<17, 9>(ap_fixed<17, 9, (ap_q_mode)5, (ap_o_mode)3, 0>)' into 'feature_2_log(ap_fixed<16, 8, (ap_q_mode)5, (ap_o_mode)3, 0>*, ap_fixed<16, 8, (ap_q_mode)5, (ap_o_mode)3, 0>*)' (audrey_4_hls/mfcc.cpp:198:0)
INFO: [HLS 214-178] Inlining function 'feature_1_mel(ap_fixed<16, 8, (ap_q_mode)5, (ap_o_mode)3, 0>*, ap_fixed<16, 8, (ap_q_mode)5, (ap_o_mode)3, 0>*)' into 'mfcc(hls::stream<hls::axis<ap_fixed<16, 8, (ap_q_mode)5, (ap_o_mode)3, 0>, 0ul, 0ul, 0ul>, 0>&, hls::stream<hls::axis<ap_fixed<16, 8, (ap_q_mode)5, (ap_o_mode)3, 0>, 0ul, 0ul, 0ul>, 0>&)' (audrey_4_hls/mfcc.cpp:20:0)
INFO: [HLS 214-178] Inlining function 'feature_2_log(ap_fixed<16, 8, (ap_q_mode)5, (ap_o_mode)3, 0>*, ap_fixed<16, 8, (ap_q_mode)5, (ap_o_mode)3, 0>*)' into 'mfcc(hls::stream<hls::axis<ap_fixed<16, 8, (ap_q_mode)5, (ap_o_mode)3, 0>, 0ul, 0ul, 0ul>, 0>&, hls::stream<hls::axis<ap_fixed<16, 8, (ap_q_mode)5, (ap_o_mode)3, 0>, 0ul, 0ul, 0ul>, 0>&)' (audrey_4_hls/mfcc.cpp:20:0)
INFO: [HLS 200-111] Finished Compiling Optimization and Transform: CPU user time: 0 seconds. CPU system time: 1 seconds. Elapsed time: 3.21 seconds; current allocated memory: 1.043 GB.
INFO: [HLS 200-111] Finished Checking Pragmas: CPU user time: 0 seconds. CPU system time: 0 seconds. Elapsed time: 0.006 seconds; current allocated memory: 1.043 GB.
INFO: [HLS 200-10] Starting code transformations ...
INFO: [HLS 200-111] Finished Standard Transforms: CPU user time: 0 seconds. CPU system time: 0 seconds. Elapsed time: 0.196 seconds; current allocated memory: 1.051 GB.
INFO: [HLS 200-10] Checking synthesizability ...
INFO: [HLS 200-111] Finished Checking Synthesizability: CPU user time: 0 seconds. CPU system time: 0 seconds. Elapsed time: 0.074 seconds; current allocated memory: 1.053 GB.
INFO: [XFORM 203-510] Pipelining loop 'VITIS_LOOP_180_1' (audrey_4_hls/mfcc.cpp:180) in function 'mfcc' automatically.
INFO: [XFORM 203-510] Pipelining loop 'VITIS_LOOP_199_1' (audrey_4_hls/mfcc.cpp:199) in function 'mfcc' automatically.
INFO: [XFORM 203-510] Pipelining loop 'task_6' (audrey_4_hls/mfcc.cpp:107) in function 'mfcc' automatically.
INFO: [XFORM 203-502] Unrolling all sub-loops inside loop 'VITIS_LOOP_180_1' (audrey_4_hls/mfcc.cpp:180) in function 'mfcc' for pipelining.
INFO: [HLS 200-489] Unrolling loop 'VITIS_LOOP_186_2' (audrey_4_hls/mfcc.cpp:186) in function 'mfcc' completely with a factor of 30.
INFO: [XFORM 203-102] Partitioning array 'mel_filterbank' in dimension 2 automatically.
INFO: [XFORM 203-401] Performing if-conversion on hyperblock from (C:/Xilinx/Vitis_HLS/2023.1/common/technology/autopilot/etc/hls_log_apfixed.h:728:42) to (C:/Xilinx/Vitis_HLS/2023.1/common/technology/autopilot/etc/hls_log_apfixed.h:748:17) in function 'log_apfixed_reduce::log<17, 9>'... converting 18 basic blocks.
INFO: [XFORM 203-11] Balancing expressions in function 'mfcc' (audrey_4_hls/mfcc.cpp:17:17)...29 expression(s) balanced.
INFO: [XFORM 203-11] Balancing expressions in function 'log_apfixed_reduce::log<17, 9>' (C:/Xilinx/Vitis_HLS/2023.1/common/technology/autopilot/etc/hls_log_apfixed.h:178:6)...3 expression(s) balanced.
INFO: [HLS 200-111] Finished Loop, function and other optimizations: CPU user time: 0 seconds. CPU system time: 0 seconds. Elapsed time: 0.261 seconds; current allocated memory: 1.076 GB.
INFO: [HLS 200-111] Finished Architecture Synthesis: CPU user time: 0 seconds. CPU system time: 0 seconds. Elapsed time: 0.155 seconds; current allocated memory: 1.116 GB.
INFO: [HLS 200-10] Starting hardware synthesis ...
INFO: [HLS 200-10] Synthesizing 'mfcc' ...
WARNING: [SYN 201-103] Legalizing function name 'log<17, 9>' to 'log_17_9_s'.
INFO: [HLS 200-10] ----------------------------------------------------------------
INFO: [HLS 200-42] -- Implementing module 'mfcc_Pipeline_task_3' 
INFO: [HLS 200-10] ----------------------------------------------------------------
INFO: [SCHED 204-11] Starting scheduling ...
INFO: [HLS 200-1457] Automatically inferring inferring RAM_1WNR storage type for array 'abs_spectrogram'. Use bind_storage pragma to override this type.
INFO: [SCHED 204-61] Pipelining loop 'task_3'.
INFO: [HLS 200-1470] Pipelining result : Target II = NA, Final II = 1, Depth = 1, loop 'task_3'
INFO: [SCHED 204-11] Finished scheduling.
INFO: [HLS 200-111] Finished Scheduling: CPU user time: 0 seconds. CPU system time: 0 seconds. Elapsed time: 0.271 seconds; current allocated memory: 1.120 GB.
INFO: [BIND 205-100] Starting micro-architecture generation ...
INFO: [BIND 205-101] Performing variable lifetime analysis.
INFO: [BIND 205-101] Exploring resource sharing.
INFO: [BIND 205-101] Binding ...
INFO: [BIND 205-100] Finished micro-architecture generation.
INFO: [HLS 200-111] Finished Binding: CPU user time: 0 seconds. CPU system time: 0 seconds. Elapsed time: 0.145 seconds; current allocated memory: 1.121 GB.
INFO: [HLS 200-10] ----------------------------------------------------------------
INFO: [HLS 200-42] -- Implementing module 'mfcc_Pipeline_VITIS_LOOP_180_1' 
INFO: [HLS 200-10] ----------------------------------------------------------------
INFO: [SCHED 204-11] Starting scheduling ...
INFO: [HLS 200-1457] Automatically inferring inferring RAM_1WNR storage type for array 'abs_spectrogram'. Use bind_storage pragma to override this type.
INFO: [SCHED 204-61] Pipelining loop 'VITIS_LOOP_180_1'.
WARNING: [HLS 200-885] The II Violation in module 'mfcc_Pipeline_VITIS_LOOP_180_1' (loop 'VITIS_LOOP_180_1'): Unable to schedule 'load' operation ('abs_spectrogram_load_19', audrey_4_hls/mfcc.cpp:187->audrey_4_hls/mfcc.cpp:64) on array 'abs_spectrogram' due to limited memory ports (II = 1). Please consider using a memory core with more ports or partitioning the array 'abs_spectrogram'.
INFO: [HLS 200-1470] Pipelining result : Target II = NA, Final II = 2, Depth = 9, loop 'VITIS_LOOP_180_1'
INFO: [SCHED 204-11] Finished scheduling.
INFO: [HLS 200-111] Finished Scheduling: CPU user time: 0 seconds. CPU system time: 0 seconds. Elapsed time: 0.483 seconds; current allocated memory: 1.125 GB.
INFO: [BIND 205-100] Starting micro-architecture generation ...
INFO: [BIND 205-101] Performing variable lifetime analysis.
INFO: [BIND 205-101] Exploring resource sharing.
INFO: [BIND 205-101] Binding ...
INFO: [BIND 205-100] Finished micro-architecture generation.
INFO: [HLS 200-111] Finished Binding: CPU user time: 1 seconds. CPU system time: 0 seconds. Elapsed time: 0.17 seconds; current allocated memory: 1.125 GB.
INFO: [HLS 200-10] ----------------------------------------------------------------
INFO: [HLS 200-42] -- Implementing module 'log_17_9_s' 
INFO: [HLS 200-10] ----------------------------------------------------------------
INFO: [SCHED 204-11] Starting scheduling ...
INFO: [HLS 200-486] Changing DSP latency (root=mul_ln184) to 3 in order to utilize available DSP registers.
INFO: [SCHED 204-61] Pipelining function 'log<17, 9>'.
INFO: [HLS 200-1470] Pipelining result : Target II = NA, Final II = 1, Depth = 11, function 'log<17, 9>'
INFO: [SCHED 204-11] Finished scheduling.
INFO: [HLS 200-111] Finished Scheduling: CPU user time: 0 seconds. CPU system time: 0 seconds. Elapsed time: 0.639 seconds; current allocated memory: 1.128 GB.
INFO: [BIND 205-100] Starting micro-architecture generation ...
INFO: [BIND 205-101] Performing variable lifetime analysis.
INFO: [BIND 205-101] Exploring resource sharing.
INFO: [BIND 205-101] Binding ...
INFO: [BIND 205-100] Finished micro-architecture generation.
INFO: [HLS 200-111] Finished Binding: CPU user time: 0 seconds. CPU system time: 0 seconds. Elapsed time: 0.185 seconds; current allocated memory: 1.128 GB.
INFO: [HLS 200-10] ----------------------------------------------------------------
INFO: [HLS 200-42] -- Implementing module 'mfcc_Pipeline_VITIS_LOOP_199_1' 
INFO: [HLS 200-10] ----------------------------------------------------------------
INFO: [SCHED 204-11] Starting scheduling ...
INFO: [SCHED 204-61] Pipelining loop 'VITIS_LOOP_199_1'.
INFO: [HLS 200-1470] Pipelining result : Target II = NA, Final II = 1, Depth = 13, loop 'VITIS_LOOP_199_1'
INFO: [SCHED 204-11] Finished scheduling.
INFO: [HLS 200-111] Finished Scheduling: CPU user time: 0 seconds. CPU system time: 0 seconds. Elapsed time: 0.494 seconds; current allocated memory: 1.128 GB.
INFO: [BIND 205-100] Starting micro-architecture generation ...
INFO: [BIND 205-101] Performing variable lifetime analysis.
INFO: [BIND 205-101] Exploring resource sharing.
INFO: [BIND 205-101] Binding ...
INFO: [BIND 205-100] Finished micro-architecture generation.
INFO: [HLS 200-111] Finished Binding: CPU user time: 0 seconds. CPU system time: 0 seconds. Elapsed time: 0.154 seconds; current allocated memory: 1.128 GB.
INFO: [HLS 200-10] ----------------------------------------------------------------
INFO: [HLS 200-42] -- Implementing module 'mfcc_Pipeline_task_6' 
INFO: [HLS 200-10] ----------------------------------------------------------------
INFO: [SCHED 204-11] Starting scheduling ...
INFO: [SCHED 204-61] Pipelining loop 'task_6'.
INFO: [HLS 200-1470] Pipelining result : Target II = NA, Final II = 1, Depth = 2, loop 'task_6'
INFO: [SCHED 204-11] Finished scheduling.
INFO: [HLS 200-111] Finished Scheduling: CPU user time: 0 seconds. CPU system time: 0 seconds. Elapsed time: 0.125 seconds; current allocated memory: 1.128 GB.
INFO: [BIND 205-100] Starting micro-architecture generation ...
INFO: [BIND 205-101] Performing variable lifetime analysis.
INFO: [BIND 205-101] Exploring resource sharing.
INFO: [BIND 205-101] Binding ...
INFO: [BIND 205-100] Finished micro-architecture generation.
INFO: [HLS 200-111] Finished Binding: CPU user time: 0 seconds. CPU system time: 0 seconds. Elapsed time: 0.092 seconds; current allocated memory: 1.128 GB.
INFO: [HLS 200-10] ----------------------------------------------------------------
INFO: [HLS 200-42] -- Implementing module 'mfcc' 
INFO: [HLS 200-10] ----------------------------------------------------------------
INFO: [SCHED 204-11] Starting scheduling ...
INFO: [SCHED 204-11] Finished scheduling.
INFO: [HLS 200-111] Finished Scheduling: CPU user time: 0 seconds. CPU system time: 0 seconds. Elapsed time: 0.094 seconds; current allocated memory: 1.129 GB.
INFO: [BIND 205-100] Starting micro-architecture generation ...
INFO: [BIND 205-101] Performing variable lifetime analysis.
INFO: [BIND 205-101] Exploring resource sharing.
INFO: [BIND 205-101] Binding ...
INFO: [BIND 205-100] Finished micro-architecture generation.
INFO: [HLS 200-111] Finished Binding: CPU user time: 1 seconds. CPU system time: 0 seconds. Elapsed time: 0.132 seconds; current allocated memory: 1.129 GB.
INFO: [HLS 200-10] ----------------------------------------------------------------
INFO: [HLS 200-10] -- Generating RTL for module 'mfcc_Pipeline_task_3' 
INFO: [HLS 200-10] ----------------------------------------------------------------
INFO: [RTGEN 206-100] Finished creating RTL model for 'mfcc_Pipeline_task_3'.
INFO: [HLS 200-111] Finished Creating RTL model: CPU user time: 0 seconds. CPU system time: 0 seconds. Elapsed time: 0.11 seconds; current allocated memory: 1.130 GB.
INFO: [HLS 200-10] ----------------------------------------------------------------
INFO: [HLS 200-10] -- Generating RTL for module 'mfcc_Pipeline_VITIS_LOOP_180_1' 
INFO: [HLS 200-10] ----------------------------------------------------------------
INFO: [HLS 200-1030] Apply Unified Pipeline Control on module 'mfcc_Pipeline_VITIS_LOOP_180_1' pipeline 'VITIS_LOOP_180_1' pipeline type 'loop pipeline'
INFO: [RTGEN 206-100] Generating core module 'mul_5ns_16s_21_1_1': 1 instance(s).
INFO: [RTGEN 206-100] Generating core module 'mul_6ns_16s_22_1_1': 2 instance(s).
INFO: [RTGEN 206-100] Generating core module 'mul_7ns_16s_23_1_1': 4 instance(s).
INFO: [RTGEN 206-100] Generating core module 'mul_8ns_16s_24_1_1': 23 instance(s).
INFO: [RTGEN 206-100] Finished creating RTL model for 'mfcc_Pipeline_VITIS_LOOP_180_1'.
INFO: [RTMG 210-279] Implementing memory 'mfcc_mfcc_Pipeline_VITIS_LOOP_180_1_first_ind_ROM_AUTO_1R' using auto ROMs.
INFO: [RTMG 210-279] Implementing memory 'mfcc_mfcc_Pipeline_VITIS_LOOP_180_1_mel_filterbank_0_ROM_AUTO_1R' using auto ROMs.
INFO: [RTMG 210-279] Implementing memory 'mfcc_mfcc_Pipeline_VITIS_LOOP_180_1_mel_filterbank_1_ROM_AUTO_1R' using auto ROMs.
INFO: [RTMG 210-279] Implementing memory 'mfcc_mfcc_Pipeline_VITIS_LOOP_180_1_mel_filterbank_2_ROM_AUTO_1R' using auto ROMs.
INFO: [RTMG 210-279] Implementing memory 'mfcc_mfcc_Pipeline_VITIS_LOOP_180_1_mel_filterbank_3_ROM_AUTO_1R' using auto ROMs.
INFO: [RTMG 210-279] Implementing memory 'mfcc_mfcc_Pipeline_VITIS_LOOP_180_1_mel_filterbank_4_ROM_AUTO_1R' using auto ROMs.
INFO: [RTMG 210-279] Implementing memory 'mfcc_mfcc_Pipeline_VITIS_LOOP_180_1_mel_filterbank_5_ROM_AUTO_1R' using auto ROMs.
INFO: [RTMG 210-279] Implementing memory 'mfcc_mfcc_Pipeline_VITIS_LOOP_180_1_mel_filterbank_6_ROM_AUTO_1R' using auto ROMs.
INFO: [RTMG 210-279] Implementing memory 'mfcc_mfcc_Pipeline_VITIS_LOOP_180_1_mel_filterbank_7_ROM_AUTO_1R' using auto ROMs.
INFO: [RTMG 210-279] Implementing memory 'mfcc_mfcc_Pipeline_VITIS_LOOP_180_1_mel_filterbank_8_ROM_AUTO_1R' using auto ROMs.
INFO: [RTMG 210-279] Implementing memory 'mfcc_mfcc_Pipeline_VITIS_LOOP_180_1_mel_filterbank_9_ROM_AUTO_1R' using auto ROMs.
INFO: [RTMG 210-279] Implementing memory 'mfcc_mfcc_Pipeline_VITIS_LOOP_180_1_mel_filterbank_10_ROM_AUTO_1R' using auto ROMs.
INFO: [RTMG 210-279] Implementing memory 'mfcc_mfcc_Pipeline_VITIS_LOOP_180_1_mel_filterbank_11_ROM_AUTO_1R' using auto ROMs.
INFO: [RTMG 210-279] Implementing memory 'mfcc_mfcc_Pipeline_VITIS_LOOP_180_1_mel_filterbank_12_ROM_AUTO_1R' using auto ROMs.
INFO: [RTMG 210-279] Implementing memory 'mfcc_mfcc_Pipeline_VITIS_LOOP_180_1_mel_filterbank_13_ROM_AUTO_1R' using auto ROMs.
INFO: [RTMG 210-279] Implementing memory 'mfcc_mfcc_Pipeline_VITIS_LOOP_180_1_mel_filterbank_14_ROM_AUTO_1R' using auto ROMs.
INFO: [RTMG 210-279] Implementing memory 'mfcc_mfcc_Pipeline_VITIS_LOOP_180_1_mel_filterbank_15_ROM_AUTO_1R' using auto ROMs.
INFO: [RTMG 210-279] Implementing memory 'mfcc_mfcc_Pipeline_VITIS_LOOP_180_1_mel_filterbank_16_ROM_AUTO_1R' using auto ROMs.
INFO: [RTMG 210-279] Implementing memory 'mfcc_mfcc_Pipeline_VITIS_LOOP_180_1_mel_filterbank_17_ROM_AUTO_1R' using auto ROMs.
INFO: [RTMG 210-279] Implementing memory 'mfcc_mfcc_Pipeline_VITIS_LOOP_180_1_mel_filterbank_18_ROM_AUTO_1R' using auto ROMs.
INFO: [RTMG 210-279] Implementing memory 'mfcc_mfcc_Pipeline_VITIS_LOOP_180_1_mel_filterbank_19_ROM_AUTO_1R' using auto ROMs.
INFO: [RTMG 210-279] Implementing memory 'mfcc_mfcc_Pipeline_VITIS_LOOP_180_1_mel_filterbank_20_ROM_AUTO_1R' using auto ROMs.
INFO: [RTMG 210-279] Implementing memory 'mfcc_mfcc_Pipeline_VITIS_LOOP_180_1_mel_filterbank_21_ROM_AUTO_1R' using auto ROMs.
INFO: [RTMG 210-279] Implementing memory 'mfcc_mfcc_Pipeline_VITIS_LOOP_180_1_mel_filterbank_22_ROM_AUTO_1R' using auto ROMs.
INFO: [RTMG 210-279] Implementing memory 'mfcc_mfcc_Pipeline_VITIS_LOOP_180_1_mel_filterbank_23_ROM_AUTO_1R' using auto ROMs.
INFO: [RTMG 210-279] Implementing memory 'mfcc_mfcc_Pipeline_VITIS_LOOP_180_1_mel_filterbank_24_ROM_AUTO_1R' using auto ROMs.
INFO: [RTMG 210-279] Implementing memory 'mfcc_mfcc_Pipeline_VITIS_LOOP_180_1_mel_filterbank_25_ROM_AUTO_1R' using auto ROMs.
INFO: [RTMG 210-279] Implementing memory 'mfcc_mfcc_Pipeline_VITIS_LOOP_180_1_mel_filterbank_26_ROM_AUTO_1R' using auto ROMs.
INFO: [RTMG 210-279] Implementing memory 'mfcc_mfcc_Pipeline_VITIS_LOOP_180_1_mel_filterbank_27_ROM_AUTO_1R' using auto ROMs.
INFO: [RTMG 210-279] Implementing memory 'mfcc_mfcc_Pipeline_VITIS_LOOP_180_1_mel_filterbank_28_ROM_AUTO_1R' using auto ROMs.
INFO: [RTMG 210-279] Implementing memory 'mfcc_mfcc_Pipeline_VITIS_LOOP_180_1_mel_filterbank_29_ROM_AUTO_1R' using auto ROMs.
INFO: [HLS 200-111] Finished Creating RTL model: CPU user time: 0 seconds. CPU system time: 0 seconds. Elapsed time: 0.722 seconds; current allocated memory: 1.135 GB.
INFO: [HLS 200-10] ----------------------------------------------------------------
INFO: [HLS 200-10] -- Generating RTL for module 'log_17_9_s' 
INFO: [HLS 200-10] ----------------------------------------------------------------
INFO: [HLS 200-1030] Apply Unified Pipeline Control on module 'log_17_9_s' pipeline 'log<17, 9>' pipeline type 'function pipeline'
INFO: [RTGEN 206-100] Generating core module 'mac_mulsub_24ns_4ns_29ns_29_4_1': 1 instance(s).
INFO: [RTGEN 206-100] Generating core module 'mul_29s_6ns_29_2_1': 1 instance(s).
INFO: [RTGEN 206-100] Generating core module 'mul_5s_23ns_28_1_1': 1 instance(s).
INFO: [RTGEN 206-100] Generating core module 'mul_9ns_9ns_18_1_1': 1 instance(s).
INFO: [RTGEN 206-100] Finished creating RTL model for 'log_17_9_s'.
INFO: [RTMG 210-279] Implementing memory 'mfcc_log_17_9_s_log_apfixed_reduce_log_inverse_lut_table_array_ROM_AUTO_1R' using auto ROMs.
INFO: [RTMG 210-279] Implementing memory 'mfcc_log_17_9_s_log_apfixed_reduce_log0_lut_table_ap_fixed_0_5_64_array_ROM_AUTO_1R' using auto ROMs.
INFO: [RTMG 210-279] Implementing memory 'mfcc_log_17_9_s_log_apfixed_reduce_log_lut_table_ap_fixed_4_4_16_array_ROM_AUTO_1R' using auto ROMs.
INFO: [HLS 200-111] Finished Creating RTL model: CPU user time: 0 seconds. CPU system time: 0 seconds. Elapsed time: 0.945 seconds; current allocated memory: 1.143 GB.
INFO: [HLS 200-10] ----------------------------------------------------------------
INFO: [HLS 200-10] -- Generating RTL for module 'mfcc_Pipeline_VITIS_LOOP_199_1' 
INFO: [HLS 200-10] ----------------------------------------------------------------
INFO: [HLS 200-1030] Apply Unified Pipeline Control on module 'mfcc_Pipeline_VITIS_LOOP_199_1' pipeline 'VITIS_LOOP_199_1' pipeline type 'loop pipeline'
INFO: [RTGEN 206-100] Finished creating RTL model for 'mfcc_Pipeline_VITIS_LOOP_199_1'.
INFO: [HLS 200-111] Finished Creating RTL model: CPU user time: 0 seconds. CPU system time: 0 seconds. Elapsed time: 0.67 seconds; current allocated memory: 1.148 GB.
INFO: [HLS 200-10] ----------------------------------------------------------------
INFO: [HLS 200-10] -- Generating RTL for module 'mfcc_Pipeline_task_6' 
INFO: [HLS 200-10] ----------------------------------------------------------------
INFO: [HLS 200-1030] Apply Unified Pipeline Control on module 'mfcc_Pipeline_task_6' pipeline 'task_6' pipeline type 'loop pipeline'
INFO: [RTGEN 206-100] Finished creating RTL model for 'mfcc_Pipeline_task_6'.
INFO: [HLS 200-111] Finished Creating RTL model: CPU user time: 1 seconds. CPU system time: 0 seconds. Elapsed time: 0.223 seconds; current allocated memory: 1.148 GB.
INFO: [HLS 200-10] ----------------------------------------------------------------
INFO: [HLS 200-10] -- Generating RTL for module 'mfcc' 
INFO: [HLS 200-10] ----------------------------------------------------------------
WARNING: [RTGEN 206-101] Design contains AXI ports. Reset is fixed to synchronous and active low.
INFO: [RTGEN 206-500] Setting interface mode on port 'mfcc/in_stream_V_data_V' to 'axis' (register, both mode).
INFO: [RTGEN 206-500] Setting interface mode on port 'mfcc/in_stream_V_keep_V' to 'axis' (register, both mode).
INFO: [RTGEN 206-500] Setting interface mode on port 'mfcc/in_stream_V_strb_V' to 'axis' (register, both mode).
INFO: [RTGEN 206-500] Setting interface mode on port 'mfcc/in_stream_V_last_V' to 'axis' (register, both mode).
INFO: [RTGEN 206-500] Setting interface mode on port 'mfcc/out_stream_V_data_V' to 'axis' (register, both mode).
INFO: [RTGEN 206-500] Setting interface mode on port 'mfcc/out_stream_V_keep_V' to 'axis' (register, both mode).
INFO: [RTGEN 206-500] Setting interface mode on port 'mfcc/out_stream_V_strb_V' to 'axis' (register, both mode).
INFO: [RTGEN 206-500] Setting interface mode on port 'mfcc/out_stream_V_last_V' to 'axis' (register, both mode).
INFO: [RTGEN 206-500] Setting interface mode on function 'mfcc' to 'ap_ctrl_none'.
INFO: [RTGEN 206-100] Finished creating RTL model for 'mfcc'.
INFO: [RTMG 210-278] Implementing memory 'mfcc_abs_spectrogram_RAM_1WNR_AUTO_1R1W' using auto RAMs.
INFO: [RTMG 210-278] Implementing memory 'mfcc_mel_filtered_RAM_AUTO_1R1W' using auto RAMs.
INFO: [RTMG 210-278] Implementing memory 'mfcc_mfcc_1_RAM_AUTO_1R1W' using auto RAMs.
INFO: [HLS 200-111] Finished Creating RTL model: CPU user time: 0 seconds. CPU system time: 0 seconds. Elapsed time: 0.418 seconds; current allocated memory: 1.149 GB.
INFO: [HLS 200-111] Finished Generating all RTL models: CPU user time: 0 seconds. CPU system time: 1 seconds. Elapsed time: 2.056 seconds; current allocated memory: 1.154 GB.
INFO: [HLS 200-111] Finished Updating report files: CPU user time: 1 seconds. CPU system time: 0 seconds. Elapsed time: 1.197 seconds; current allocated memory: 1.160 GB.
INFO: [VHDL 208-304] Generating VHDL RTL for mfcc.
INFO: [VLOG 209-307] Generating Verilog RTL for mfcc.
INFO: [HLS 200-790] **** Loop Constraint Status: All loop constraints were NOT satisfied.
INFO: [HLS 200-789] **** Estimated Fmax: 145.43 MHz
INFO: [HLS 200-111] Finished Command csynth_design CPU user time: 5 seconds. CPU system time: 2 seconds. Elapsed time: 35.081 seconds; current allocated memory: 129.414 MB.
==============================================================
Vitis HLS - High-Level Synthesis from C, C++ and OpenCL v2023.1 (64-bit)
Tool Version Limit: 2023.05
Copyright 1986-2022 Xilinx, Inc. All Rights Reserved.
Copyright 2022-2023 Advanced Micro Devices, Inc. All Rights Reserved.

==============================================================
INFO: [SYN 201-201] Setting up clock 'default' with a period of 10ns.
INFO: [HLS 200-1611] Setting target device to 'xc7a100t-csg324-1'
INFO: [HLS 200-1505] Using flow_target 'vivado'
INFO: [HLS 200-1510] Running: set_part xc7a100tcsg324-1 
INFO: [HLS 200-1510] Running: create_clock -period 10 -name default 
INFO: [HLS 200-1510] Running: csim_design -quiet 
INFO: [SIM 211-2] *************** CSIM start ***************
INFO: [SIM 211-4] CSIM will launch GCC as the compiler.
INFO: [HLS 200-2036] Building debug C Simulation binaries
ERROR: [SIM 211-100] 'csim_design' failed: compilation error(s).
INFO: [SIM 211-3] *************** CSIM finish ***************
INFO: [HLS 200-111] Finished Command csim_design CPU user time: 0 seconds. CPU system time: 0 seconds. Elapsed time: 1.216 seconds; current allocated memory: 0.387 MB.
==============================================================
Vitis HLS - High-Level Synthesis from C, C++ and OpenCL v2023.1 (64-bit)
Tool Version Limit: 2023.05
Copyright 1986-2022 Xilinx, Inc. All Rights Reserved.
Copyright 2022-2023 Advanced Micro Devices, Inc. All Rights Reserved.

==============================================================
INFO: [SYN 201-201] Setting up clock 'default' with a period of 10ns.
INFO: [HLS 200-1611] Setting target device to 'xc7a100t-csg324-1'
INFO: [HLS 200-1505] Using flow_target 'vivado'
INFO: [HLS 200-1510] Running: set_part xc7a100tcsg324-1 
INFO: [HLS 200-1510] Running: create_clock -period 10 -name default 
INFO: [HLS 200-1510] Running: csim_design -quiet 
INFO: [SIM 211-2] *************** CSIM start ***************
INFO: [SIM 211-4] CSIM will launch GCC as the compiler.
INFO: [HLS 200-2036] Building debug C Simulation binaries
ERROR: [SIM 211-100] 'csim_design' failed: compilation error(s).
INFO: [SIM 211-3] *************** CSIM finish ***************
INFO: [HLS 200-111] Finished Command csim_design CPU user time: 0 seconds. CPU system time: 0 seconds. Elapsed time: 0.737 seconds; current allocated memory: 0.562 MB.
==============================================================
Vitis HLS - High-Level Synthesis from C, C++ and OpenCL v2023.1 (64-bit)
Tool Version Limit: 2023.05
Copyright 1986-2022 Xilinx, Inc. All Rights Reserved.
Copyright 2022-2023 Advanced Micro Devices, Inc. All Rights Reserved.

==============================================================
INFO: [SYN 201-201] Setting up clock 'default' with a period of 10ns.
INFO: [HLS 200-1611] Setting target device to 'xc7a100t-csg324-1'
INFO: [HLS 200-1505] Using flow_target 'vivado'
INFO: [HLS 200-1510] Running: set_part xc7a100tcsg324-1 
INFO: [HLS 200-1510] Running: create_clock -period 10 -name default 
INFO: [HLS 200-1510] Running: csim_design -quiet 
INFO: [SIM 211-2] *************** CSIM start ***************
INFO: [SIM 211-4] CSIM will launch GCC as the compiler.
INFO: [HLS 200-2036] Building debug C Simulation binaries
INFO: [SIM 211-1] CSim done with 0 errors.
INFO: [SIM 211-3] *************** CSIM finish ***************
INFO: [HLS 200-111] Finished Command csim_design CPU user time: 0 seconds. CPU system time: 0 seconds. Elapsed time: 17.032 seconds; current allocated memory: 0.402 MB.
==============================================================
Vitis HLS - High-Level Synthesis from C, C++ and OpenCL v2023.1 (64-bit)
Tool Version Limit: 2023.05
Copyright 1986-2022 Xilinx, Inc. All Rights Reserved.
Copyright 2022-2023 Advanced Micro Devices, Inc. All Rights Reserved.

==============================================================
INFO: [SYN 201-201] Setting up clock 'default' with a period of 10ns.
INFO: [HLS 200-1611] Setting target device to 'xc7a100t-csg324-1'
INFO: [HLS 200-1505] Using flow_target 'vivado'
INFO: [HLS 200-1510] Running: set_part xc7a100tcsg324-1 
INFO: [HLS 200-1510] Running: create_clock -period 10 -name default 
INFO: [HLS 200-1510] Running: csynth_design 
INFO: [HLS 200-111] Finished File checks and directory preparation: CPU user time: 0 seconds. CPU system time: 0 seconds. Elapsed time: 0.088 seconds; current allocated memory: 1.034 GB.
INFO: [HLS 200-10] Analyzing design file 'audrey_4_hls/mfcc.cpp' ... 
WARNING: [HLS 207-5292] unused parameter 'data_type' (C:/Xilinx/Vitis_HLS/2023.1/common/technology/autopilot\hls_fft.h:100:77)
WARNING: [HLS 207-5292] unused parameter 'has_nfft' (C:/Xilinx/Vitis_HLS/2023.1/common/technology/autopilot\hls_fft.h:125:65)
WARNING: [HLS 207-5292] unused parameter 'cp_len_enable' (C:/Xilinx/Vitis_HLS/2023.1/common/technology/autopilot\hls_fft.h:138:66)
WARNING: [HLS 207-5292] unused parameter 'scaling_opt' (C:/Xilinx/Vitis_HLS/2023.1/common/technology/autopilot\hls_fft.h:151:68)
WARNING: [HLS 207-5292] unused parameter 'scaling_opt' (C:/Xilinx/Vitis_HLS/2023.1/common/technology/autopilot\hls_fft.h:315:71)
WARNING: [HLS 207-5292] unused parameter 'has_ovflo' (C:/Xilinx/Vitis_HLS/2023.1/common/technology/autopilot\hls_fft.h:328:66)
WARNING: [HLS 207-5292] unused parameter 'audio' (audrey_4_hls/mfcc.cpp:144:38)
INFO: [HLS 200-111] Finished Source Code Analysis and Preprocessing: CPU user time: 1 seconds. CPU system time: 0 seconds. Elapsed time: 19.429 seconds; current allocated memory: 1.042 GB.
INFO: [HLS 200-777] Using interface defaults for 'Vivado' flow target.
INFO: [HLS 214-291] Loop 'VITIS_LOOP_729_1' is marked as complete unroll implied by the pipeline pragma (C:/Xilinx/Vitis_HLS/2023.1/common/technology/autopilot/etc/hls_log_apfixed.h:729:31)
INFO: [HLS 214-186] Unrolling loop 'VITIS_LOOP_729_1' (C:/Xilinx/Vitis_HLS/2023.1/common/technology/autopilot/etc/hls_log_apfixed.h:729:31) in function 'log_apfixed_reduce::log<17, 9>' completely with a factor of 17 (C:/Xilinx/Vitis_HLS/2023.1/common/technology/autopilot/etc/hls_log_apfixed.h:500:0)
INFO: [HLS 214-178] Inlining function 'void log_apfixed_reduce::range_reduce<ap_fixed<29, 7, (ap_q_mode)5, (ap_o_mode)3, 0>, 4, 4, 24, 15>(ap_ufixed<24, -(4), (ap_q_mode)5, (ap_o_mode)3, 0>, ap_fixed<29, 7, (ap_q_mode)5, (ap_o_mode)3, 0>&, ap_ufixed<15, -(((4) + (4)) - (1)), (ap_q_mode)5, (ap_o_mode)3, 0>&)' into 'ap_ufixed<15, -7, (ap_q_mode)5, (ap_o_mode)3, 0> log_apfixed_reduce::log_traits<2>::range_reduction<24>(ap_ufixed<24, -4, (ap_q_mode)5, (ap_o_mode)3, 0>, ap_fixed<29, 7, (ap_q_mode)5, (ap_o_mode)3, 0>&)' (C:/Xilinx/Vitis_HLS/2023.1/common/technology/autopilot/etc/hls_log_apfixed.h:249:0)
INFO: [HLS 214-178] Inlining function 'ap_ufixed<15, -7, (ap_q_mode)5, (ap_o_mode)3, 0> log_apfixed_reduce::log_traits<2>::range_reduction<24>(ap_ufixed<24, -4, (ap_q_mode)5, (ap_o_mode)3, 0>, ap_fixed<29, 7, (ap_q_mode)5, (ap_o_mode)3, 0>&)' into 'ap_fixed<17, 9, (ap_q_mode)5, (ap_o_mode)3, 0> log_apfixed_reduce::log<17, 9>(ap_fixed<17, 9, (ap_q_mode)5, (ap_o_mode)3, 0>)' (C:/Xilinx/Vitis_HLS/2023.1/common/technology/autopilot/etc/hls_log_apfixed.h:500:0)
INFO: [HLS 214-178] Inlining function 'ap_fixed<17, 9, (ap_q_mode)5, (ap_o_mode)3, 0> hls::log<17, 9>(ap_fixed<17, 9, (ap_q_mode)5, (ap_o_mode)3, 0>)' into 'feature_2_log(ap_fixed<16, 8, (ap_q_mode)5, (ap_o_mode)3, 0>*, ap_fixed<16, 8, (ap_q_mode)5, (ap_o_mode)3, 0>*)' (audrey_4_hls/mfcc.cpp:197:0)
INFO: [HLS 214-178] Inlining function 'feature_1_mel(ap_fixed<16, 8, (ap_q_mode)5, (ap_o_mode)3, 0>*, ap_fixed<16, 8, (ap_q_mode)5, (ap_o_mode)3, 0>*)' into 'mfcc(hls::stream<hls::axis<ap_fixed<16, 8, (ap_q_mode)5, (ap_o_mode)3, 0>, 0ul, 0ul, 0ul>, 0>&, hls::stream<hls::axis<ap_fixed<16, 8, (ap_q_mode)5, (ap_o_mode)3, 0>, 0ul, 0ul, 0ul>, 0>&)' (audrey_4_hls/mfcc.cpp:20:0)
INFO: [HLS 214-178] Inlining function 'feature_2_log(ap_fixed<16, 8, (ap_q_mode)5, (ap_o_mode)3, 0>*, ap_fixed<16, 8, (ap_q_mode)5, (ap_o_mode)3, 0>*)' into 'mfcc(hls::stream<hls::axis<ap_fixed<16, 8, (ap_q_mode)5, (ap_o_mode)3, 0>, 0ul, 0ul, 0ul>, 0>&, hls::stream<hls::axis<ap_fixed<16, 8, (ap_q_mode)5, (ap_o_mode)3, 0>, 0ul, 0ul, 0ul>, 0>&)' (audrey_4_hls/mfcc.cpp:20:0)
INFO: [HLS 200-111] Finished Compiling Optimization and Transform: CPU user time: 0 seconds. CPU system time: 0 seconds. Elapsed time: 3.129 seconds; current allocated memory: 1.043 GB.
INFO: [HLS 200-111] Finished Checking Pragmas: CPU user time: 0 seconds. CPU system time: 0 seconds. Elapsed time: 0.004 seconds; current allocated memory: 1.043 GB.
INFO: [HLS 200-10] Starting code transformations ...
INFO: [HLS 200-111] Finished Standard Transforms: CPU user time: 0 seconds. CPU system time: 0 seconds. Elapsed time: 0.17 seconds; current allocated memory: 1.050 GB.
INFO: [HLS 200-10] Checking synthesizability ...
INFO: [HLS 200-111] Finished Checking Synthesizability: CPU user time: 0 seconds. CPU system time: 0 seconds. Elapsed time: 0.081 seconds; current allocated memory: 1.053 GB.
INFO: [XFORM 203-510] Pipelining loop 'VITIS_LOOP_179_1' (audrey_4_hls/mfcc.cpp:179) in function 'mfcc' automatically.
INFO: [XFORM 203-510] Pipelining loop 'VITIS_LOOP_198_1' (audrey_4_hls/mfcc.cpp:198) in function 'mfcc' automatically.
INFO: [XFORM 203-510] Pipelining loop 'task_6' (audrey_4_hls/mfcc.cpp:106) in function 'mfcc' automatically.
INFO: [XFORM 203-502] Unrolling all sub-loops inside loop 'VITIS_LOOP_179_1' (audrey_4_hls/mfcc.cpp:179) in function 'mfcc' for pipelining.
INFO: [HLS 200-489] Unrolling loop 'VITIS_LOOP_185_2' (audrey_4_hls/mfcc.cpp:185) in function 'mfcc' completely with a factor of 30.
INFO: [XFORM 203-102] Partitioning array 'mel_filterbank' in dimension 2 automatically.
INFO: [XFORM 203-401] Performing if-conversion on hyperblock from (C:/Xilinx/Vitis_HLS/2023.1/common/technology/autopilot/etc/hls_log_apfixed.h:728:42) to (C:/Xilinx/Vitis_HLS/2023.1/common/technology/autopilot/etc/hls_log_apfixed.h:748:17) in function 'log_apfixed_reduce::log<17, 9>'... converting 18 basic blocks.
INFO: [XFORM 203-11] Balancing expressions in function 'mfcc' (audrey_4_hls/mfcc.cpp:17:17)...29 expression(s) balanced.
INFO: [XFORM 203-11] Balancing expressions in function 'log_apfixed_reduce::log<17, 9>' (C:/Xilinx/Vitis_HLS/2023.1/common/technology/autopilot/etc/hls_log_apfixed.h:178:6)...3 expression(s) balanced.
INFO: [HLS 200-111] Finished Loop, function and other optimizations: CPU user time: 0 seconds. CPU system time: 0 seconds. Elapsed time: 0.258 seconds; current allocated memory: 1.077 GB.
INFO: [HLS 200-111] Finished Architecture Synthesis: CPU user time: 0 seconds. CPU system time: 0 seconds. Elapsed time: 0.183 seconds; current allocated memory: 1.116 GB.
INFO: [HLS 200-10] Starting hardware synthesis ...
INFO: [HLS 200-10] Synthesizing 'mfcc' ...
WARNING: [SYN 201-103] Legalizing function name 'log<17, 9>' to 'log_17_9_s'.
INFO: [HLS 200-10] ----------------------------------------------------------------
INFO: [HLS 200-42] -- Implementing module 'mfcc_Pipeline_task_3' 
INFO: [HLS 200-10] ----------------------------------------------------------------
INFO: [SCHED 204-11] Starting scheduling ...
INFO: [HLS 200-1457] Automatically inferring inferring RAM_1WNR storage type for array 'abs_spectrogram'. Use bind_storage pragma to override this type.
INFO: [SCHED 204-61] Pipelining loop 'task_3'.
INFO: [HLS 200-1470] Pipelining result : Target II = NA, Final II = 1, Depth = 1, loop 'task_3'
INFO: [SCHED 204-11] Finished scheduling.
INFO: [HLS 200-111] Finished Scheduling: CPU user time: 0 seconds. CPU system time: 0 seconds. Elapsed time: 0.271 seconds; current allocated memory: 1.120 GB.
INFO: [BIND 205-100] Starting micro-architecture generation ...
INFO: [BIND 205-101] Performing variable lifetime analysis.
INFO: [BIND 205-101] Exploring resource sharing.
INFO: [BIND 205-101] Binding ...
INFO: [BIND 205-100] Finished micro-architecture generation.
INFO: [HLS 200-111] Finished Binding: CPU user time: 0 seconds. CPU system time: 0 seconds. Elapsed time: 0.118 seconds; current allocated memory: 1.121 GB.
INFO: [HLS 200-10] ----------------------------------------------------------------
INFO: [HLS 200-42] -- Implementing module 'mfcc_Pipeline_VITIS_LOOP_179_1' 
INFO: [HLS 200-10] ----------------------------------------------------------------
INFO: [SCHED 204-11] Starting scheduling ...
INFO: [HLS 200-1457] Automatically inferring inferring RAM_1WNR storage type for array 'abs_spectrogram'. Use bind_storage pragma to override this type.
INFO: [SCHED 204-61] Pipelining loop 'VITIS_LOOP_179_1'.
WARNING: [HLS 200-885] The II Violation in module 'mfcc_Pipeline_VITIS_LOOP_179_1' (loop 'VITIS_LOOP_179_1'): Unable to schedule 'load' operation ('abs_spectrogram_load_19', audrey_4_hls/mfcc.cpp:186->audrey_4_hls/mfcc.cpp:63) on array 'abs_spectrogram' due to limited memory ports (II = 1). Please consider using a memory core with more ports or partitioning the array 'abs_spectrogram'.
INFO: [HLS 200-1470] Pipelining result : Target II = NA, Final II = 2, Depth = 9, loop 'VITIS_LOOP_179_1'
INFO: [SCHED 204-11] Finished scheduling.
INFO: [HLS 200-111] Finished Scheduling: CPU user time: 0 seconds. CPU system time: 0 seconds. Elapsed time: 0.476 seconds; current allocated memory: 1.125 GB.
INFO: [BIND 205-100] Starting micro-architecture generation ...
INFO: [BIND 205-101] Performing variable lifetime analysis.
INFO: [BIND 205-101] Exploring resource sharing.
INFO: [BIND 205-101] Binding ...
INFO: [BIND 205-100] Finished micro-architecture generation.
INFO: [HLS 200-111] Finished Binding: CPU user time: 0 seconds. CPU system time: 0 seconds. Elapsed time: 0.173 seconds; current allocated memory: 1.125 GB.
INFO: [HLS 200-10] ----------------------------------------------------------------
INFO: [HLS 200-42] -- Implementing module 'log_17_9_s' 
INFO: [HLS 200-10] ----------------------------------------------------------------
INFO: [SCHED 204-11] Starting scheduling ...
INFO: [HLS 200-486] Changing DSP latency (root=mul_ln184) to 3 in order to utilize available DSP registers.
INFO: [SCHED 204-61] Pipelining function 'log<17, 9>'.
INFO: [HLS 200-1470] Pipelining result : Target II = NA, Final II = 1, Depth = 11, function 'log<17, 9>'
INFO: [SCHED 204-11] Finished scheduling.
INFO: [HLS 200-111] Finished Scheduling: CPU user time: 1 seconds. CPU system time: 0 seconds. Elapsed time: 0.498 seconds; current allocated memory: 1.128 GB.
INFO: [BIND 205-100] Starting micro-architecture generation ...
INFO: [BIND 205-101] Performing variable lifetime analysis.
INFO: [BIND 205-101] Exploring resource sharing.
INFO: [BIND 205-101] Binding ...
INFO: [BIND 205-100] Finished micro-architecture generation.
INFO: [HLS 200-111] Finished Binding: CPU user time: 0 seconds. CPU system time: 0 seconds. Elapsed time: 0.172 seconds; current allocated memory: 1.128 GB.
INFO: [HLS 200-10] ----------------------------------------------------------------
INFO: [HLS 200-42] -- Implementing module 'mfcc_Pipeline_VITIS_LOOP_198_1' 
INFO: [HLS 200-10] ----------------------------------------------------------------
INFO: [SCHED 204-11] Starting scheduling ...
INFO: [SCHED 204-61] Pipelining loop 'VITIS_LOOP_198_1'.
INFO: [HLS 200-1470] Pipelining result : Target II = NA, Final II = 1, Depth = 13, loop 'VITIS_LOOP_198_1'
INFO: [SCHED 204-11] Finished scheduling.
INFO: [HLS 200-111] Finished Scheduling: CPU user time: 0 seconds. CPU system time: 0 seconds. Elapsed time: 0.203 seconds; current allocated memory: 1.128 GB.
INFO: [BIND 205-100] Starting micro-architecture generation ...
INFO: [BIND 205-101] Performing variable lifetime analysis.
INFO: [BIND 205-101] Exploring resource sharing.
INFO: [BIND 205-101] Binding ...
INFO: [BIND 205-100] Finished micro-architecture generation.
INFO: [HLS 200-111] Finished Binding: CPU user time: 0 seconds. CPU system time: 0 seconds. Elapsed time: 0.17 seconds; current allocated memory: 1.128 GB.
INFO: [HLS 200-10] ----------------------------------------------------------------
INFO: [HLS 200-42] -- Implementing module 'mfcc_Pipeline_task_6' 
INFO: [HLS 200-10] ----------------------------------------------------------------
INFO: [SCHED 204-11] Starting scheduling ...
INFO: [SCHED 204-61] Pipelining loop 'task_6'.
INFO: [HLS 200-1470] Pipelining result : Target II = NA, Final II = 1, Depth = 2, loop 'task_6'
INFO: [SCHED 204-11] Finished scheduling.
INFO: [HLS 200-111] Finished Scheduling: CPU user time: 0 seconds. CPU system time: 0 seconds. Elapsed time: 0.169 seconds; current allocated memory: 1.128 GB.
INFO: [BIND 205-100] Starting micro-architecture generation ...
INFO: [BIND 205-101] Performing variable lifetime analysis.
INFO: [BIND 205-101] Exploring resource sharing.
INFO: [BIND 205-101] Binding ...
INFO: [BIND 205-100] Finished micro-architecture generation.
INFO: [HLS 200-111] Finished Binding: CPU user time: 0 seconds. CPU system time: 0 seconds. Elapsed time: 0.092 seconds; current allocated memory: 1.128 GB.
INFO: [HLS 200-10] ----------------------------------------------------------------
INFO: [HLS 200-42] -- Implementing module 'mfcc' 
INFO: [HLS 200-10] ----------------------------------------------------------------
INFO: [SCHED 204-11] Starting scheduling ...
INFO: [SCHED 204-11] Finished scheduling.
INFO: [HLS 200-111] Finished Scheduling: CPU user time: 0 seconds. CPU system time: 0 seconds. Elapsed time: 0.067 seconds; current allocated memory: 1.129 GB.
INFO: [BIND 205-100] Starting micro-architecture generation ...
INFO: [BIND 205-101] Performing variable lifetime analysis.
INFO: [BIND 205-101] Exploring resource sharing.
INFO: [BIND 205-101] Binding ...
INFO: [BIND 205-100] Finished micro-architecture generation.
INFO: [HLS 200-111] Finished Binding: CPU user time: 0 seconds. CPU system time: 0 seconds. Elapsed time: 0.131 seconds; current allocated memory: 1.129 GB.
INFO: [HLS 200-10] ----------------------------------------------------------------
INFO: [HLS 200-10] -- Generating RTL for module 'mfcc_Pipeline_task_3' 
INFO: [HLS 200-10] ----------------------------------------------------------------
INFO: [RTGEN 206-100] Finished creating RTL model for 'mfcc_Pipeline_task_3'.
INFO: [HLS 200-111] Finished Creating RTL model: CPU user time: 0 seconds. CPU system time: 0 seconds. Elapsed time: 0.125 seconds; current allocated memory: 1.130 GB.
INFO: [HLS 200-10] ----------------------------------------------------------------
INFO: [HLS 200-10] -- Generating RTL for module 'mfcc_Pipeline_VITIS_LOOP_179_1' 
INFO: [HLS 200-10] ----------------------------------------------------------------
INFO: [HLS 200-1030] Apply Unified Pipeline Control on module 'mfcc_Pipeline_VITIS_LOOP_179_1' pipeline 'VITIS_LOOP_179_1' pipeline type 'loop pipeline'
INFO: [RTGEN 206-100] Generating core module 'mul_5ns_16s_21_1_1': 1 instance(s).
INFO: [RTGEN 206-100] Generating core module 'mul_6ns_16s_22_1_1': 2 instance(s).
INFO: [RTGEN 206-100] Generating core module 'mul_7ns_16s_23_1_1': 4 instance(s).
INFO: [RTGEN 206-100] Generating core module 'mul_8ns_16s_24_1_1': 23 instance(s).
INFO: [RTGEN 206-100] Finished creating RTL model for 'mfcc_Pipeline_VITIS_LOOP_179_1'.
INFO: [RTMG 210-279] Implementing memory 'mfcc_mfcc_Pipeline_VITIS_LOOP_179_1_first_ind_ROM_AUTO_1R' using auto ROMs.
INFO: [RTMG 210-279] Implementing memory 'mfcc_mfcc_Pipeline_VITIS_LOOP_179_1_mel_filterbank_0_ROM_AUTO_1R' using auto ROMs.
INFO: [RTMG 210-279] Implementing memory 'mfcc_mfcc_Pipeline_VITIS_LOOP_179_1_mel_filterbank_1_ROM_AUTO_1R' using auto ROMs.
INFO: [RTMG 210-279] Implementing memory 'mfcc_mfcc_Pipeline_VITIS_LOOP_179_1_mel_filterbank_2_ROM_AUTO_1R' using auto ROMs.
INFO: [RTMG 210-279] Implementing memory 'mfcc_mfcc_Pipeline_VITIS_LOOP_179_1_mel_filterbank_3_ROM_AUTO_1R' using auto ROMs.
INFO: [RTMG 210-279] Implementing memory 'mfcc_mfcc_Pipeline_VITIS_LOOP_179_1_mel_filterbank_4_ROM_AUTO_1R' using auto ROMs.
INFO: [RTMG 210-279] Implementing memory 'mfcc_mfcc_Pipeline_VITIS_LOOP_179_1_mel_filterbank_5_ROM_AUTO_1R' using auto ROMs.
INFO: [RTMG 210-279] Implementing memory 'mfcc_mfcc_Pipeline_VITIS_LOOP_179_1_mel_filterbank_6_ROM_AUTO_1R' using auto ROMs.
INFO: [RTMG 210-279] Implementing memory 'mfcc_mfcc_Pipeline_VITIS_LOOP_179_1_mel_filterbank_7_ROM_AUTO_1R' using auto ROMs.
INFO: [RTMG 210-279] Implementing memory 'mfcc_mfcc_Pipeline_VITIS_LOOP_179_1_mel_filterbank_8_ROM_AUTO_1R' using auto ROMs.
INFO: [RTMG 210-279] Implementing memory 'mfcc_mfcc_Pipeline_VITIS_LOOP_179_1_mel_filterbank_9_ROM_AUTO_1R' using auto ROMs.
INFO: [RTMG 210-279] Implementing memory 'mfcc_mfcc_Pipeline_VITIS_LOOP_179_1_mel_filterbank_10_ROM_AUTO_1R' using auto ROMs.
INFO: [RTMG 210-279] Implementing memory 'mfcc_mfcc_Pipeline_VITIS_LOOP_179_1_mel_filterbank_11_ROM_AUTO_1R' using auto ROMs.
INFO: [RTMG 210-279] Implementing memory 'mfcc_mfcc_Pipeline_VITIS_LOOP_179_1_mel_filterbank_12_ROM_AUTO_1R' using auto ROMs.
INFO: [RTMG 210-279] Implementing memory 'mfcc_mfcc_Pipeline_VITIS_LOOP_179_1_mel_filterbank_13_ROM_AUTO_1R' using auto ROMs.
INFO: [RTMG 210-279] Implementing memory 'mfcc_mfcc_Pipeline_VITIS_LOOP_179_1_mel_filterbank_14_ROM_AUTO_1R' using auto ROMs.
INFO: [RTMG 210-279] Implementing memory 'mfcc_mfcc_Pipeline_VITIS_LOOP_179_1_mel_filterbank_15_ROM_AUTO_1R' using auto ROMs.
INFO: [RTMG 210-279] Implementing memory 'mfcc_mfcc_Pipeline_VITIS_LOOP_179_1_mel_filterbank_16_ROM_AUTO_1R' using auto ROMs.
INFO: [RTMG 210-279] Implementing memory 'mfcc_mfcc_Pipeline_VITIS_LOOP_179_1_mel_filterbank_17_ROM_AUTO_1R' using auto ROMs.
INFO: [RTMG 210-279] Implementing memory 'mfcc_mfcc_Pipeline_VITIS_LOOP_179_1_mel_filterbank_18_ROM_AUTO_1R' using auto ROMs.
INFO: [RTMG 210-279] Implementing memory 'mfcc_mfcc_Pipeline_VITIS_LOOP_179_1_mel_filterbank_19_ROM_AUTO_1R' using auto ROMs.
INFO: [RTMG 210-279] Implementing memory 'mfcc_mfcc_Pipeline_VITIS_LOOP_179_1_mel_filterbank_20_ROM_AUTO_1R' using auto ROMs.
INFO: [RTMG 210-279] Implementing memory 'mfcc_mfcc_Pipeline_VITIS_LOOP_179_1_mel_filterbank_21_ROM_AUTO_1R' using auto ROMs.
INFO: [RTMG 210-279] Implementing memory 'mfcc_mfcc_Pipeline_VITIS_LOOP_179_1_mel_filterbank_22_ROM_AUTO_1R' using auto ROMs.
INFO: [RTMG 210-279] Implementing memory 'mfcc_mfcc_Pipeline_VITIS_LOOP_179_1_mel_filterbank_23_ROM_AUTO_1R' using auto ROMs.
INFO: [RTMG 210-279] Implementing memory 'mfcc_mfcc_Pipeline_VITIS_LOOP_179_1_mel_filterbank_24_ROM_AUTO_1R' using auto ROMs.
INFO: [RTMG 210-279] Implementing memory 'mfcc_mfcc_Pipeline_VITIS_LOOP_179_1_mel_filterbank_25_ROM_AUTO_1R' using auto ROMs.
INFO: [RTMG 210-279] Implementing memory 'mfcc_mfcc_Pipeline_VITIS_LOOP_179_1_mel_filterbank_26_ROM_AUTO_1R' using auto ROMs.
INFO: [RTMG 210-279] Implementing memory 'mfcc_mfcc_Pipeline_VITIS_LOOP_179_1_mel_filterbank_27_ROM_AUTO_1R' using auto ROMs.
INFO: [RTMG 210-279] Implementing memory 'mfcc_mfcc_Pipeline_VITIS_LOOP_179_1_mel_filterbank_28_ROM_AUTO_1R' using auto ROMs.
INFO: [RTMG 210-279] Implementing memory 'mfcc_mfcc_Pipeline_VITIS_LOOP_179_1_mel_filterbank_29_ROM_AUTO_1R' using auto ROMs.
INFO: [HLS 200-111] Finished Creating RTL model: CPU user time: 1 seconds. CPU system time: 1 seconds. Elapsed time: 0.742 seconds; current allocated memory: 1.135 GB.
INFO: [HLS 200-10] ----------------------------------------------------------------
INFO: [HLS 200-10] -- Generating RTL for module 'log_17_9_s' 
INFO: [HLS 200-10] ----------------------------------------------------------------
INFO: [HLS 200-1030] Apply Unified Pipeline Control on module 'log_17_9_s' pipeline 'log<17, 9>' pipeline type 'function pipeline'
INFO: [RTGEN 206-100] Generating core module 'mac_mulsub_24ns_4ns_29ns_29_4_1': 1 instance(s).
INFO: [RTGEN 206-100] Generating core module 'mul_29s_6ns_29_2_1': 1 instance(s).
INFO: [RTGEN 206-100] Generating core module 'mul_5s_23ns_28_1_1': 1 instance(s).
INFO: [RTGEN 206-100] Generating core module 'mul_9ns_9ns_18_1_1': 1 instance(s).
INFO: [RTGEN 206-100] Finished creating RTL model for 'log_17_9_s'.
INFO: [RTMG 210-279] Implementing memory 'mfcc_log_17_9_s_log_apfixed_reduce_log_inverse_lut_table_array_ROM_AUTO_1R' using auto ROMs.
INFO: [RTMG 210-279] Implementing memory 'mfcc_log_17_9_s_log_apfixed_reduce_log0_lut_table_ap_fixed_0_5_64_array_ROM_AUTO_1R' using auto ROMs.
INFO: [RTMG 210-279] Implementing memory 'mfcc_log_17_9_s_log_apfixed_reduce_log_lut_table_ap_fixed_4_4_16_array_ROM_AUTO_1R' using auto ROMs.
INFO: [HLS 200-111] Finished Creating RTL model: CPU user time: 0 seconds. CPU system time: 0 seconds. Elapsed time: 0.862 seconds; current allocated memory: 1.143 GB.
INFO: [HLS 200-10] ----------------------------------------------------------------
INFO: [HLS 200-10] -- Generating RTL for module 'mfcc_Pipeline_VITIS_LOOP_198_1' 
INFO: [HLS 200-10] ----------------------------------------------------------------
INFO: [HLS 200-1030] Apply Unified Pipeline Control on module 'mfcc_Pipeline_VITIS_LOOP_198_1' pipeline 'VITIS_LOOP_198_1' pipeline type 'loop pipeline'
INFO: [RTGEN 206-100] Finished creating RTL model for 'mfcc_Pipeline_VITIS_LOOP_198_1'.
INFO: [HLS 200-111] Finished Creating RTL model: CPU user time: 0 seconds. CPU system time: 0 seconds. Elapsed time: 0.612 seconds; current allocated memory: 1.148 GB.
INFO: [HLS 200-10] ----------------------------------------------------------------
INFO: [HLS 200-10] -- Generating RTL for module 'mfcc_Pipeline_task_6' 
INFO: [HLS 200-10] ----------------------------------------------------------------
INFO: [HLS 200-1030] Apply Unified Pipeline Control on module 'mfcc_Pipeline_task_6' pipeline 'task_6' pipeline type 'loop pipeline'
INFO: [RTGEN 206-100] Finished creating RTL model for 'mfcc_Pipeline_task_6'.
INFO: [HLS 200-111] Finished Creating RTL model: CPU user time: 0 seconds. CPU system time: 0 seconds. Elapsed time: 0.224 seconds; current allocated memory: 1.148 GB.
INFO: [HLS 200-10] ----------------------------------------------------------------
INFO: [HLS 200-10] -- Generating RTL for module 'mfcc' 
INFO: [HLS 200-10] ----------------------------------------------------------------
WARNING: [RTGEN 206-101] Design contains AXI ports. Reset is fixed to synchronous and active low.
INFO: [RTGEN 206-500] Setting interface mode on port 'mfcc/in_stream_V_data_V' to 'axis' (register, both mode).
INFO: [RTGEN 206-500] Setting interface mode on port 'mfcc/in_stream_V_keep_V' to 'axis' (register, both mode).
INFO: [RTGEN 206-500] Setting interface mode on port 'mfcc/in_stream_V_strb_V' to 'axis' (register, both mode).
INFO: [RTGEN 206-500] Setting interface mode on port 'mfcc/in_stream_V_last_V' to 'axis' (register, both mode).
INFO: [RTGEN 206-500] Setting interface mode on port 'mfcc/out_stream_V_data_V' to 'axis' (register, both mode).
INFO: [RTGEN 206-500] Setting interface mode on port 'mfcc/out_stream_V_keep_V' to 'axis' (register, both mode).
INFO: [RTGEN 206-500] Setting interface mode on port 'mfcc/out_stream_V_strb_V' to 'axis' (register, both mode).
INFO: [RTGEN 206-500] Setting interface mode on port 'mfcc/out_stream_V_last_V' to 'axis' (register, both mode).
INFO: [RTGEN 206-500] Setting interface mode on function 'mfcc' to 'ap_ctrl_none'.
INFO: [RTGEN 206-100] Finished creating RTL model for 'mfcc'.
INFO: [RTMG 210-278] Implementing memory 'mfcc_abs_spectrogram_RAM_1WNR_AUTO_1R1W' using auto RAMs.
INFO: [RTMG 210-278] Implementing memory 'mfcc_mel_filtered_RAM_AUTO_1R1W' using auto RAMs.
INFO: [RTMG 210-278] Implementing memory 'mfcc_mfcc_1_RAM_AUTO_1R1W' using auto RAMs.
INFO: [HLS 200-111] Finished Creating RTL model: CPU user time: 0 seconds. CPU system time: 0 seconds. Elapsed time: 0.586 seconds; current allocated memory: 1.150 GB.
INFO: [HLS 200-111] Finished Generating all RTL models: CPU user time: 1 seconds. CPU system time: 1 seconds. Elapsed time: 2.23 seconds; current allocated memory: 1.154 GB.
INFO: [HLS 200-111] Finished Updating report files: CPU user time: 0 seconds. CPU system time: 0 seconds. Elapsed time: 1.187 seconds; current allocated memory: 1.161 GB.
INFO: [VHDL 208-304] Generating VHDL RTL for mfcc.
INFO: [VLOG 209-307] Generating Verilog RTL for mfcc.
INFO: [HLS 200-790] **** Loop Constraint Status: All loop constraints were NOT satisfied.
INFO: [HLS 200-789] **** Estimated Fmax: 145.43 MHz
INFO: [HLS 200-111] Finished Command csynth_design CPU user time: 4 seconds. CPU system time: 2 seconds. Elapsed time: 32.831 seconds; current allocated memory: 130.270 MB.
==============================================================
Vitis HLS - High-Level Synthesis from C, C++ and OpenCL v2023.1 (64-bit)
Tool Version Limit: 2023.05
Copyright 1986-2022 Xilinx, Inc. All Rights Reserved.
Copyright 2022-2023 Advanced Micro Devices, Inc. All Rights Reserved.

==============================================================
INFO: [SYN 201-201] Setting up clock 'default' with a period of 10ns.
INFO: [HLS 200-1611] Setting target device to 'xc7a100t-csg324-1'
INFO: [HLS 200-1505] Using flow_target 'vivado'
INFO: [HLS 200-1510] Running: set_part xc7a100tcsg324-1 
INFO: [HLS 200-1510] Running: create_clock -period 10 -name default 
INFO: [HLS 200-1510] Running: csynth_design 
INFO: [HLS 200-111] Finished File checks and directory preparation: CPU user time: 0 seconds. CPU system time: 0 seconds. Elapsed time: 0.085 seconds; current allocated memory: 1.036 GB.
INFO: [HLS 200-10] Analyzing design file 'audrey_4_hls/mfcc.cpp' ... 
WARNING: [HLS 207-5292] unused parameter 'data_type' (C:/Xilinx/Vitis_HLS/2023.1/common/technology/autopilot\hls_fft.h:100:77)
WARNING: [HLS 207-5292] unused parameter 'has_nfft' (C:/Xilinx/Vitis_HLS/2023.1/common/technology/autopilot\hls_fft.h:125:65)
WARNING: [HLS 207-5292] unused parameter 'cp_len_enable' (C:/Xilinx/Vitis_HLS/2023.1/common/technology/autopilot\hls_fft.h:138:66)
WARNING: [HLS 207-5292] unused parameter 'scaling_opt' (C:/Xilinx/Vitis_HLS/2023.1/common/technology/autopilot\hls_fft.h:151:68)
WARNING: [HLS 207-5292] unused parameter 'scaling_opt' (C:/Xilinx/Vitis_HLS/2023.1/common/technology/autopilot\hls_fft.h:315:71)
WARNING: [HLS 207-5292] unused parameter 'has_ovflo' (C:/Xilinx/Vitis_HLS/2023.1/common/technology/autopilot\hls_fft.h:328:66)
WARNING: [HLS 207-5292] unused parameter 'audio' (audrey_4_hls/mfcc.cpp:145:38)
INFO: [HLS 200-111] Finished Source Code Analysis and Preprocessing: CPU user time: 0 seconds. CPU system time: 0 seconds. Elapsed time: 18.702 seconds; current allocated memory: 1.042 GB.
INFO: [HLS 200-777] Using interface defaults for 'Vivado' flow target.
INFO: [HLS 214-291] Loop 'VITIS_LOOP_729_1' is marked as complete unroll implied by the pipeline pragma (C:/Xilinx/Vitis_HLS/2023.1/common/technology/autopilot/etc/hls_log_apfixed.h:729:31)
INFO: [HLS 214-291] Loop 'VITIS_LOOP_188_2' is marked as complete unroll implied by the pipeline pragma (audrey_4_hls/mfcc.cpp:188:27)
INFO: [HLS 214-186] Unrolling loop 'VITIS_LOOP_729_1' (C:/Xilinx/Vitis_HLS/2023.1/common/technology/autopilot/etc/hls_log_apfixed.h:729:31) in function 'log_apfixed_reduce::log<17, 9>' completely with a factor of 17 (C:/Xilinx/Vitis_HLS/2023.1/common/technology/autopilot/etc/hls_log_apfixed.h:500:0)
INFO: [HLS 214-186] Unrolling loop 'VITIS_LOOP_188_2' (audrey_4_hls/mfcc.cpp:188:27) in function 'feature_1_mel' completely with a factor of 30 (audrey_4_hls/mfcc.cpp:180:0)
INFO: [HLS 214-178] Inlining function 'void log_apfixed_reduce::range_reduce<ap_fixed<29, 7, (ap_q_mode)5, (ap_o_mode)3, 0>, 4, 4, 24, 15>(ap_ufixed<24, -(4), (ap_q_mode)5, (ap_o_mode)3, 0>, ap_fixed<29, 7, (ap_q_mode)5, (ap_o_mode)3, 0>&, ap_ufixed<15, -(((4) + (4)) - (1)), (ap_q_mode)5, (ap_o_mode)3, 0>&)' into 'ap_ufixed<15, -7, (ap_q_mode)5, (ap_o_mode)3, 0> log_apfixed_reduce::log_traits<2>::range_reduction<24>(ap_ufixed<24, -4, (ap_q_mode)5, (ap_o_mode)3, 0>, ap_fixed<29, 7, (ap_q_mode)5, (ap_o_mode)3, 0>&)' (C:/Xilinx/Vitis_HLS/2023.1/common/technology/autopilot/etc/hls_log_apfixed.h:249:0)
INFO: [HLS 214-178] Inlining function 'ap_ufixed<15, -7, (ap_q_mode)5, (ap_o_mode)3, 0> log_apfixed_reduce::log_traits<2>::range_reduction<24>(ap_ufixed<24, -4, (ap_q_mode)5, (ap_o_mode)3, 0>, ap_fixed<29, 7, (ap_q_mode)5, (ap_o_mode)3, 0>&)' into 'ap_fixed<17, 9, (ap_q_mode)5, (ap_o_mode)3, 0> log_apfixed_reduce::log<17, 9>(ap_fixed<17, 9, (ap_q_mode)5, (ap_o_mode)3, 0>)' (C:/Xilinx/Vitis_HLS/2023.1/common/technology/autopilot/etc/hls_log_apfixed.h:500:0)
INFO: [HLS 214-178] Inlining function 'ap_fixed<17, 9, (ap_q_mode)5, (ap_o_mode)3, 0> hls::log<17, 9>(ap_fixed<17, 9, (ap_q_mode)5, (ap_o_mode)3, 0>)' into 'feature_2_log(ap_fixed<16, 8, (ap_q_mode)5, (ap_o_mode)3, 0>*, ap_fixed<16, 8, (ap_q_mode)5, (ap_o_mode)3, 0>*)' (audrey_4_hls/mfcc.cpp:201:0)
INFO: [HLS 214-178] Inlining function 'feature_2_log(ap_fixed<16, 8, (ap_q_mode)5, (ap_o_mode)3, 0>*, ap_fixed<16, 8, (ap_q_mode)5, (ap_o_mode)3, 0>*)' into 'mfcc(hls::stream<hls::axis<ap_fixed<16, 8, (ap_q_mode)5, (ap_o_mode)3, 0>, 0ul, 0ul, 0ul>, 0>&, hls::stream<hls::axis<ap_fixed<16, 8, (ap_q_mode)5, (ap_o_mode)3, 0>, 0ul, 0ul, 0ul>, 0>&)' (audrey_4_hls/mfcc.cpp:20:0)
INFO: [HLS 214-364] Automatically inlining function 'ap_fixed<17, 9, (ap_q_mode)5, (ap_o_mode)3, 0> log_apfixed_reduce::log<17, 9>(ap_fixed<17, 9, (ap_q_mode)5, (ap_o_mode)3, 0>)' to improve effectiveness of pipeline pragma in function 'mfcc(hls::stream<hls::axis<ap_fixed<16, 8, (ap_q_mode)5, (ap_o_mode)3, 0>, 0ul, 0ul, 0ul>, 0>&, hls::stream<hls::axis<ap_fixed<16, 8, (ap_q_mode)5, (ap_o_mode)3, 0>, 0ul, 0ul, 0ul>, 0>&)' (C:/Xilinx/Vitis_HLS/2023.1/common/technology/autopilot\hls_math.h:1208:12)
INFO: [HLS 214-270] Inferring pragma 'array_partition type=complete dim=2' for array 'mel_filterbank' due to pipeline pragma (audrey_4_hls/mfcc.cpp:183:9)
INFO: [HLS 214-270] Inferring pragma 'array_partition type=cyclic factor=15 dim=1' for array 'abs_spectrogram' due to pipeline pragma (audrey_4_hls/mfcc.cpp:183:9)
INFO: [HLS 214-248] Applying array_partition to '_ZL14mel_filterbank': Complete partitioning on dimension 2. (audrey_4_hls/mel_filterbank.h:53:0)
INFO: [HLS 214-248] Applying array_partition to 'abs_spectrogram': Cyclic partitioning with factor 15 on dimension 1. (audrey_4_hls/mfcc.cpp:40:8)
WARNING: [HLS 214-358] Array transformation on index using bit extension logic may lead to poor performance. Please use int or long for array index computation to benefit from optimizations. (audrey_4_hls/mfcc.cpp:185:25)
INFO: [HLS 200-111] Finished Compiling Optimization and Transform: CPU user time: 0 seconds. CPU system time: 0 seconds. Elapsed time: 3.086 seconds; current allocated memory: 1.043 GB.
INFO: [HLS 200-111] Finished Checking Pragmas: CPU user time: 0 seconds. CPU system time: 0 seconds. Elapsed time: 0.019 seconds; current allocated memory: 1.043 GB.
INFO: [HLS 200-10] Starting code transformations ...
INFO: [HLS 200-111] Finished Standard Transforms: CPU user time: 0 seconds. CPU system time: 0 seconds. Elapsed time: 0.202 seconds; current allocated memory: 1.053 GB.
INFO: [HLS 200-10] Checking synthesizability ...
INFO: [HLS 200-111] Finished Checking Synthesizability: CPU user time: 1 seconds. CPU system time: 0 seconds. Elapsed time: 0.129 seconds; current allocated memory: 1.056 GB.
INFO: [XFORM 203-401] Performing if-conversion on hyperblock from (C:/Xilinx/Vitis_HLS/2023.1/common/technology/autopilot/etc/hls_log_apfixed.h:728:42) to (C:/Xilinx/Vitis_HLS/2023.1/common/technology/autopilot/etc/hls_log_apfixed.h:748:17) in function 'mfcc'... converting 18 basic blocks.
INFO: [XFORM 203-11] Balancing expressions in function 'mfcc' (C:/Xilinx/Vitis_HLS/2023.1/common/technology/autopilot/etc/hls_log_apfixed.h:17:6)...3 expression(s) balanced.
INFO: [XFORM 203-11] Balancing expressions in function 'feature_1_mel' (audrey_4_hls/mfcc.cpp:181:46)...29 expression(s) balanced.
INFO: [HLS 200-111] Finished Loop, function and other optimizations: CPU user time: 0 seconds. CPU system time: 0 seconds. Elapsed time: 0.673 seconds; current allocated memory: 1.083 GB.
INFO: [HLS 200-111] Finished Architecture Synthesis: CPU user time: 0 seconds. CPU system time: 0 seconds. Elapsed time: 0.364 seconds; current allocated memory: 1.117 GB.
INFO: [HLS 200-10] Starting hardware synthesis ...
INFO: [HLS 200-10] Synthesizing 'mfcc' ...
INFO: [HLS 200-10] ----------------------------------------------------------------
INFO: [HLS 200-42] -- Implementing module 'mfcc_Pipeline_task_3' 
INFO: [HLS 200-10] ----------------------------------------------------------------
INFO: [SCHED 204-11] Starting scheduling ...
INFO: [HLS 200-1457] Automatically inferring inferring RAM_1WNR storage type for array 'abs_spectrogram_14'. Use bind_storage pragma to override this type.
INFO: [HLS 200-1457] Automatically inferring inferring RAM_1WNR storage type for array 'abs_spectrogram'. Use bind_storage pragma to override this type.
INFO: [HLS 200-1457] Automatically inferring inferring RAM_1WNR storage type for array 'abs_spectrogram_1'. Use bind_storage pragma to override this type.
INFO: [HLS 200-1457] Automatically inferring inferring RAM_1WNR storage type for array 'abs_spectrogram_2'. Use bind_storage pragma to override this type.
INFO: [HLS 200-1457] Automatically inferring inferring RAM_1WNR storage type for array 'abs_spectrogram_3'. Use bind_storage pragma to override this type.
INFO: [HLS 200-1457] Automatically inferring inferring RAM_1WNR storage type for array 'abs_spectrogram_4'. Use bind_storage pragma to override this type.
INFO: [HLS 200-1457] Automatically inferring inferring RAM_1WNR storage type for array 'abs_spectrogram_5'. Use bind_storage pragma to override this type.
INFO: [HLS 200-1457] Automatically inferring inferring RAM_1WNR storage type for array 'abs_spectrogram_6'. Use bind_storage pragma to override this type.
INFO: [HLS 200-1457] Automatically inferring inferring RAM_1WNR storage type for array 'abs_spectrogram_7'. Use bind_storage pragma to override this type.
INFO: [HLS 200-1457] Automatically inferring inferring RAM_1WNR storage type for array 'abs_spectrogram_8'. Use bind_storage pragma to override this type.
INFO: [HLS 200-1457] Automatically inferring inferring RAM_1WNR storage type for array 'abs_spectrogram_9'. Use bind_storage pragma to override this type.
INFO: [HLS 200-1457] Automatically inferring inferring RAM_1WNR storage type for array 'abs_spectrogram_10'. Use bind_storage pragma to override this type.
INFO: [HLS 200-1457] Automatically inferring inferring RAM_1WNR storage type for array 'abs_spectrogram_11'. Use bind_storage pragma to override this type.
INFO: [HLS 200-1457] Automatically inferring inferring RAM_1WNR storage type for array 'abs_spectrogram_12'. Use bind_storage pragma to override this type.
INFO: [HLS 200-1457] Automatically inferring inferring RAM_1WNR storage type for array 'abs_spectrogram_13'. Use bind_storage pragma to override this type.
INFO: [SCHED 204-61] Pipelining loop 'task_3'.
INFO: [HLS 200-1470] Pipelining result : Target II = 1, Final II = 1, Depth = 2, loop 'task_3'
INFO: [SCHED 204-11] Finished scheduling.
INFO: [HLS 200-111] Finished Scheduling: CPU user time: 1 seconds. CPU system time: 0 seconds. Elapsed time: 0.491 seconds; current allocated memory: 1.123 GB.
INFO: [BIND 205-100] Starting micro-architecture generation ...
INFO: [BIND 205-101] Performing variable lifetime analysis.
INFO: [BIND 205-101] Exploring resource sharing.
INFO: [BIND 205-101] Binding ...
INFO: [BIND 205-100] Finished micro-architecture generation.
INFO: [HLS 200-111] Finished Binding: CPU user time: 0 seconds. CPU system time: 0 seconds. Elapsed time: 0.117 seconds; current allocated memory: 1.124 GB.
INFO: [HLS 200-10] ----------------------------------------------------------------
INFO: [HLS 200-42] -- Implementing module 'feature_1_mel' 
INFO: [HLS 200-10] ----------------------------------------------------------------
INFO: [SCHED 204-11] Starting scheduling ...
INFO: [HLS 200-486] Changing DSP latency (root=add_ln190_28) to 3 in order to utilize available DSP registers.
INFO: [HLS 200-486] Changing DSP latency (root=add_ln190_27) to 3 in order to utilize available DSP registers.
INFO: [HLS 200-486] Changing DSP latency (root=add_ln190_26) to 3 in order to utilize available DSP registers.
INFO: [HLS 200-486] Changing DSP latency (root=add_ln190_25) to 3 in order to utilize available DSP registers.
INFO: [HLS 200-486] Changing DSP latency (root=add_ln190_24) to 3 in order to utilize available DSP registers.
INFO: [HLS 200-486] Changing DSP latency (root=add_ln190_23) to 3 in order to utilize available DSP registers.
INFO: [HLS 200-486] Changing DSP latency (root=add_ln190_22) to 3 in order to utilize available DSP registers.
INFO: [HLS 200-486] Changing DSP latency (root=add_ln190_21) to 3 in order to utilize available DSP registers.
INFO: [HLS 200-486] Changing DSP latency (root=add_ln190_20) to 3 in order to utilize available DSP registers.
INFO: [HLS 200-486] Changing DSP latency (root=add_ln190_19) to 3 in order to utilize available DSP registers.
INFO: [HLS 200-486] Changing DSP latency (root=add_ln190_18) to 3 in order to utilize available DSP registers.
INFO: [HLS 200-486] Changing DSP latency (root=add_ln190_17) to 3 in order to utilize available DSP registers.
INFO: [HLS 200-486] Changing DSP latency (root=add_ln190_16) to 3 in order to utilize available DSP registers.
INFO: [HLS 200-486] Changing DSP latency (root=add_ln190_15) to 3 in order to utilize available DSP registers.
INFO: [HLS 200-486] Changing DSP latency (root=add_ln190_13) to 3 in order to utilize available DSP registers.
INFO: [HLS 200-486] Changing DSP latency (root=add_ln190_12) to 3 in order to utilize available DSP registers.
INFO: [HLS 200-486] Changing DSP latency (root=add_ln190_11) to 3 in order to utilize available DSP registers.
INFO: [HLS 200-486] Changing DSP latency (root=add_ln190_10) to 3 in order to utilize available DSP registers.
INFO: [HLS 200-486] Changing DSP latency (root=add_ln190_9) to 3 in order to utilize available DSP registers.
INFO: [HLS 200-486] Changing DSP latency (root=add_ln190_8) to 3 in order to utilize available DSP registers.
INFO: [HLS 200-486] Changing DSP latency (root=add_ln190_7) to 3 in order to utilize available DSP registers.
INFO: [HLS 200-486] Changing DSP latency (root=add_ln190_6) to 3 in order to utilize available DSP registers.
INFO: [HLS 200-486] Changing DSP latency (root=add_ln190_5) to 3 in order to utilize available DSP registers.
INFO: [HLS 200-486] Changing DSP latency (root=add_ln190_4) to 3 in order to utilize available DSP registers.
INFO: [HLS 200-486] Changing DSP latency (root=add_ln190_3) to 3 in order to utilize available DSP registers.
INFO: [HLS 200-486] Changing DSP latency (root=add_ln190_2) to 3 in order to utilize available DSP registers.
INFO: [HLS 200-486] Changing DSP latency (root=add_ln190_1) to 3 in order to utilize available DSP registers.
INFO: [HLS 200-486] Changing DSP latency (root=add_ln190) to 3 in order to utilize available DSP registers.
INFO: [HLS 200-1457] Automatically inferring inferring RAM_1WNR storage type for array 'abs_spectrogram_14'. Use bind_storage pragma to override this type.
INFO: [HLS 200-1457] Automatically inferring inferring RAM_1WNR storage type for array 'abs_spectrogram_13'. Use bind_storage pragma to override this type.
INFO: [HLS 200-1457] Automatically inferring inferring RAM_1WNR storage type for array 'abs_spectrogram_12'. Use bind_storage pragma to override this type.
INFO: [HLS 200-1457] Automatically inferring inferring RAM_1WNR storage type for array 'abs_spectrogram_11'. Use bind_storage pragma to override this type.
INFO: [HLS 200-1457] Automatically inferring inferring RAM_1WNR storage type for array 'abs_spectrogram_10'. Use bind_storage pragma to override this type.
INFO: [HLS 200-1457] Automatically inferring inferring RAM_1WNR storage type for array 'abs_spectrogram_9'. Use bind_storage pragma to override this type.
INFO: [HLS 200-1457] Automatically inferring inferring RAM_1WNR storage type for array 'abs_spectrogram_8'. Use bind_storage pragma to override this type.
INFO: [HLS 200-1457] Automatically inferring inferring RAM_1WNR storage type for array 'abs_spectrogram_7'. Use bind_storage pragma to override this type.
INFO: [HLS 200-1457] Automatically inferring inferring RAM_1WNR storage type for array 'abs_spectrogram_6'. Use bind_storage pragma to override this type.
INFO: [HLS 200-1457] Automatically inferring inferring RAM_1WNR storage type for array 'abs_spectrogram_5'. Use bind_storage pragma to override this type.
INFO: [HLS 200-1457] Automatically inferring inferring RAM_1WNR storage type for array 'abs_spectrogram_4'. Use bind_storage pragma to override this type.
INFO: [HLS 200-1457] Automatically inferring inferring RAM_1WNR storage type for array 'abs_spectrogram_3'. Use bind_storage pragma to override this type.
INFO: [HLS 200-1457] Automatically inferring inferring RAM_1WNR storage type for array 'abs_spectrogram_2'. Use bind_storage pragma to override this type.
INFO: [HLS 200-1457] Automatically inferring inferring RAM_1WNR storage type for array 'abs_spectrogram_1'. Use bind_storage pragma to override this type.
INFO: [HLS 200-1457] Automatically inferring inferring RAM_1WNR storage type for array 'abs_spectrogram_0'. Use bind_storage pragma to override this type.
INFO: [SCHED 204-61] Pipelining loop 'VITIS_LOOP_181_1'.
INFO: [HLS 200-1470] Pipelining result : Target II = 1, Final II = 1, Depth = 20, loop 'VITIS_LOOP_181_1'
INFO: [SCHED 204-11] Finished scheduling.
INFO: [HLS 200-111] Finished Scheduling: CPU user time: 2 seconds. CPU system time: 0 seconds. Elapsed time: 2.724 seconds; current allocated memory: 1.137 GB.
INFO: [BIND 205-100] Starting micro-architecture generation ...
INFO: [BIND 205-101] Performing variable lifetime analysis.
INFO: [BIND 205-101] Exploring resource sharing.
INFO: [BIND 205-101] Binding ...
INFO: [BIND 205-100] Finished micro-architecture generation.
INFO: [HLS 200-111] Finished Binding: CPU user time: 0 seconds. CPU system time: 0 seconds. Elapsed time: 0.357 seconds; current allocated memory: 1.137 GB.
INFO: [HLS 200-10] ----------------------------------------------------------------
INFO: [HLS 200-42] -- Implementing module 'mfcc_Pipeline_VITIS_LOOP_202_1' 
INFO: [HLS 200-10] ----------------------------------------------------------------
INFO: [SCHED 204-11] Starting scheduling ...
INFO: [HLS 200-486] Changing DSP latency (root=mul_ln184) to 3 in order to utilize available DSP registers.
INFO: [SCHED 204-61] Pipelining loop 'VITIS_LOOP_202_1'.
INFO: [HLS 200-1470] Pipelining result : Target II = 1, Final II = 1, Depth = 13, loop 'VITIS_LOOP_202_1'
INFO: [SCHED 204-11] Finished scheduling.
INFO: [HLS 200-111] Finished Scheduling: CPU user time: 0 seconds. CPU system time: 0 seconds. Elapsed time: 0.616 seconds; current allocated memory: 1.137 GB.
INFO: [BIND 205-100] Starting micro-architecture generation ...
INFO: [BIND 205-101] Performing variable lifetime analysis.
INFO: [BIND 205-101] Exploring resource sharing.
INFO: [BIND 205-101] Binding ...
INFO: [BIND 205-100] Finished micro-architecture generation.
INFO: [HLS 200-111] Finished Binding: CPU user time: 0 seconds. CPU system time: 0 seconds. Elapsed time: 0.186 seconds; current allocated memory: 1.138 GB.
INFO: [HLS 200-10] ----------------------------------------------------------------
INFO: [HLS 200-42] -- Implementing module 'mfcc_Pipeline_task_6' 
INFO: [HLS 200-10] ----------------------------------------------------------------
INFO: [SCHED 204-11] Starting scheduling ...
INFO: [SCHED 204-61] Pipelining loop 'task_6'.
INFO: [HLS 200-1470] Pipelining result : Target II = 1, Final II = 1, Depth = 2, loop 'task_6'
INFO: [SCHED 204-11] Finished scheduling.
INFO: [HLS 200-111] Finished Scheduling: CPU user time: 1 seconds. CPU system time: 0 seconds. Elapsed time: 0.189 seconds; current allocated memory: 1.138 GB.
INFO: [BIND 205-100] Starting micro-architecture generation ...
INFO: [BIND 205-101] Performing variable lifetime analysis.
INFO: [BIND 205-101] Exploring resource sharing.
INFO: [BIND 205-101] Binding ...
INFO: [BIND 205-100] Finished micro-architecture generation.
INFO: [HLS 200-111] Finished Binding: CPU user time: 0 seconds. CPU system time: 0 seconds. Elapsed time: 0.11 seconds; current allocated memory: 1.138 GB.
INFO: [HLS 200-10] ----------------------------------------------------------------
INFO: [HLS 200-42] -- Implementing module 'mfcc' 
INFO: [HLS 200-10] ----------------------------------------------------------------
INFO: [SCHED 204-11] Starting scheduling ...
INFO: [SCHED 204-11] Finished scheduling.
INFO: [HLS 200-111] Finished Scheduling: CPU user time: 0 seconds. CPU system time: 0 seconds. Elapsed time: 0.098 seconds; current allocated memory: 1.139 GB.
INFO: [BIND 205-100] Starting micro-architecture generation ...
INFO: [BIND 205-101] Performing variable lifetime analysis.
INFO: [BIND 205-101] Exploring resource sharing.
INFO: [BIND 205-101] Binding ...
INFO: [BIND 205-100] Finished micro-architecture generation.
INFO: [HLS 200-111] Finished Binding: CPU user time: 0 seconds. CPU system time: 0 seconds. Elapsed time: 0.159 seconds; current allocated memory: 1.139 GB.
INFO: [HLS 200-10] ----------------------------------------------------------------
INFO: [HLS 200-10] -- Generating RTL for module 'mfcc_Pipeline_task_3' 
INFO: [HLS 200-10] ----------------------------------------------------------------
INFO: [HLS 200-1030] Apply Unified Pipeline Control on module 'mfcc_Pipeline_task_3' pipeline 'task_3' pipeline type 'loop pipeline'
INFO: [RTGEN 206-100] Finished creating RTL model for 'mfcc_Pipeline_task_3'.
INFO: [HLS 200-111] Finished Creating RTL model: CPU user time: 0 seconds. CPU system time: 0 seconds. Elapsed time: 0.158 seconds; current allocated memory: 1.141 GB.
INFO: [HLS 200-10] ----------------------------------------------------------------
INFO: [HLS 200-10] -- Generating RTL for module 'feature_1_mel' 
INFO: [HLS 200-10] ----------------------------------------------------------------
INFO: [HLS 200-1030] Apply Unified Pipeline Control on module 'feature_1_mel' pipeline 'VITIS_LOOP_181_1' pipeline type 'loop pipeline'
INFO: [RTGEN 206-100] Generating core module 'am_addmul_8ns_1ns_10ns_19_4_1': 1 instance(s).
INFO: [RTGEN 206-100] Generating core module 'am_addmul_8ns_2ns_10ns_19_4_1': 2 instance(s).
INFO: [RTGEN 206-100] Generating core module 'am_addmul_8ns_3ns_10ns_19_4_1': 4 instance(s).
INFO: [RTGEN 206-100] Generating core module 'am_addmul_8ns_4ns_10ns_19_4_1': 7 instance(s).
INFO: [RTGEN 206-100] Generating core module 'am_addmul_8ns_5ns_10ns_19_4_1': 14 instance(s).
INFO: [RTGEN 206-100] Generating core module 'mul_5ns_16s_21_1_1': 1 instance(s).
INFO: [RTGEN 206-100] Generating core module 'mul_6ns_16s_22_1_1': 2 instance(s).
INFO: [RTGEN 206-100] Generating core module 'mul_7ns_16s_23_1_1': 4 instance(s).
INFO: [RTGEN 206-100] Generating core module 'mul_8ns_10ns_17_1_1': 1 instance(s).
INFO: [RTGEN 206-100] Generating core module 'mul_8ns_16s_24_1_1': 23 instance(s).
INFO: [RTGEN 206-100] Generating core module 'mux_15_4_16_1_1': 30 instance(s).
INFO: [RTGEN 206-100] Generating core module 'urem_8ns_5ns_4_12_1': 1 instance(s).
INFO: [RTGEN 206-100] Finished creating RTL model for 'feature_1_mel'.
INFO: [RTMG 210-279] Implementing memory 'mfcc_feature_1_mel_first_ind_ROM_AUTO_1R' using auto ROMs.
INFO: [RTMG 210-279] Implementing memory 'mfcc_feature_1_mel_p_ZL14mel_filterbank_0_ROM_AUTO_1R' using auto ROMs.
INFO: [RTMG 210-279] Implementing memory 'mfcc_feature_1_mel_p_ZL14mel_filterbank_1_ROM_AUTO_1R' using auto ROMs.
INFO: [RTMG 210-279] Implementing memory 'mfcc_feature_1_mel_p_ZL14mel_filterbank_2_ROM_AUTO_1R' using auto ROMs.
INFO: [RTMG 210-279] Implementing memory 'mfcc_feature_1_mel_p_ZL14mel_filterbank_3_ROM_AUTO_1R' using auto ROMs.
INFO: [RTMG 210-279] Implementing memory 'mfcc_feature_1_mel_p_ZL14mel_filterbank_4_ROM_AUTO_1R' using auto ROMs.
INFO: [RTMG 210-279] Implementing memory 'mfcc_feature_1_mel_p_ZL14mel_filterbank_5_ROM_AUTO_1R' using auto ROMs.
INFO: [RTMG 210-279] Implementing memory 'mfcc_feature_1_mel_p_ZL14mel_filterbank_6_ROM_AUTO_1R' using auto ROMs.
INFO: [RTMG 210-279] Implementing memory 'mfcc_feature_1_mel_p_ZL14mel_filterbank_7_ROM_AUTO_1R' using auto ROMs.
INFO: [RTMG 210-279] Implementing memory 'mfcc_feature_1_mel_p_ZL14mel_filterbank_8_ROM_AUTO_1R' using auto ROMs.
INFO: [RTMG 210-279] Implementing memory 'mfcc_feature_1_mel_p_ZL14mel_filterbank_9_ROM_AUTO_1R' using auto ROMs.
INFO: [RTMG 210-279] Implementing memory 'mfcc_feature_1_mel_p_ZL14mel_filterbank_10_ROM_AUTO_1R' using auto ROMs.
INFO: [RTMG 210-279] Implementing memory 'mfcc_feature_1_mel_p_ZL14mel_filterbank_11_ROM_AUTO_1R' using auto ROMs.
INFO: [RTMG 210-279] Implementing memory 'mfcc_feature_1_mel_p_ZL14mel_filterbank_12_ROM_AUTO_1R' using auto ROMs.
INFO: [RTMG 210-279] Implementing memory 'mfcc_feature_1_mel_p_ZL14mel_filterbank_13_ROM_AUTO_1R' using auto ROMs.
INFO: [RTMG 210-279] Implementing memory 'mfcc_feature_1_mel_p_ZL14mel_filterbank_14_ROM_AUTO_1R' using auto ROMs.
INFO: [RTMG 210-279] Implementing memory 'mfcc_feature_1_mel_p_ZL14mel_filterbank_15_ROM_AUTO_1R' using auto ROMs.
INFO: [RTMG 210-279] Implementing memory 'mfcc_feature_1_mel_p_ZL14mel_filterbank_16_ROM_AUTO_1R' using auto ROMs.
INFO: [RTMG 210-279] Implementing memory 'mfcc_feature_1_mel_p_ZL14mel_filterbank_17_ROM_AUTO_1R' using auto ROMs.
INFO: [RTMG 210-279] Implementing memory 'mfcc_feature_1_mel_p_ZL14mel_filterbank_18_ROM_AUTO_1R' using auto ROMs.
INFO: [RTMG 210-279] Implementing memory 'mfcc_feature_1_mel_p_ZL14mel_filterbank_19_ROM_AUTO_1R' using auto ROMs.
INFO: [RTMG 210-279] Implementing memory 'mfcc_feature_1_mel_p_ZL14mel_filterbank_20_ROM_AUTO_1R' using auto ROMs.
INFO: [RTMG 210-279] Implementing memory 'mfcc_feature_1_mel_p_ZL14mel_filterbank_21_ROM_AUTO_1R' using auto ROMs.
INFO: [RTMG 210-279] Implementing memory 'mfcc_feature_1_mel_p_ZL14mel_filterbank_22_ROM_AUTO_1R' using auto ROMs.
INFO: [RTMG 210-279] Implementing memory 'mfcc_feature_1_mel_p_ZL14mel_filterbank_23_ROM_AUTO_1R' using auto ROMs.
INFO: [RTMG 210-279] Implementing memory 'mfcc_feature_1_mel_p_ZL14mel_filterbank_24_ROM_AUTO_1R' using auto ROMs.
INFO: [RTMG 210-279] Implementing memory 'mfcc_feature_1_mel_p_ZL14mel_filterbank_25_ROM_AUTO_1R' using auto ROMs.
INFO: [RTMG 210-279] Implementing memory 'mfcc_feature_1_mel_p_ZL14mel_filterbank_26_ROM_AUTO_1R' using auto ROMs.
INFO: [RTMG 210-279] Implementing memory 'mfcc_feature_1_mel_p_ZL14mel_filterbank_27_ROM_AUTO_1R' using auto ROMs.
INFO: [RTMG 210-279] Implementing memory 'mfcc_feature_1_mel_p_ZL14mel_filterbank_28_ROM_AUTO_1R' using auto ROMs.
INFO: [RTMG 210-279] Implementing memory 'mfcc_feature_1_mel_p_ZL14mel_filterbank_29_ROM_AUTO_1R' using auto ROMs.
INFO: [HLS 200-111] Finished Creating RTL model: CPU user time: 0 seconds. CPU system time: 1 seconds. Elapsed time: 1.152 seconds; current allocated memory: 1.154 GB.
INFO: [HLS 200-10] ----------------------------------------------------------------
INFO: [HLS 200-10] -- Generating RTL for module 'mfcc_Pipeline_VITIS_LOOP_202_1' 
INFO: [HLS 200-10] ----------------------------------------------------------------
INFO: [SYN 201-210] Renamed object name 'mfcc_Pipeline_VITIS_LOOP_202_1_log_apfixed_reduce_log_inverse_lut_table_array_ROM_AUTO_1R' to 'mfcc_Pipeline_VITIS_LOOP_202_1_log_apfixed_reduce_log_inverse_lut_table_arraybkb' due to the length limit 80
INFO: [SYN 201-210] Renamed object name 'mfcc_Pipeline_VITIS_LOOP_202_1_log_apfixed_reduce_log0_lut_table_ap_fixed_0_5_64_array_ROM_AUTO_1R' to 'mfcc_Pipeline_VITIS_LOOP_202_1_log_apfixed_reduce_log0_lut_table_ap_fixed_0_5cud' due to the length limit 80
INFO: [SYN 201-210] Renamed object name 'mfcc_Pipeline_VITIS_LOOP_202_1_log_apfixed_reduce_log_lut_table_ap_fixed_4_4_16_array_ROM_AUTO_1R' to 'mfcc_Pipeline_VITIS_LOOP_202_1_log_apfixed_reduce_log_lut_table_ap_fixed_4_4_dEe' due to the length limit 80
INFO: [HLS 200-1030] Apply Unified Pipeline Control on module 'mfcc_Pipeline_VITIS_LOOP_202_1' pipeline 'VITIS_LOOP_202_1' pipeline type 'loop pipeline'
INFO: [RTGEN 206-100] Generating core module 'mac_mulsub_24ns_4ns_29ns_29_4_1': 1 instance(s).
INFO: [RTGEN 206-100] Generating core module 'mul_29s_6ns_29_2_1': 1 instance(s).
INFO: [RTGEN 206-100] Generating core module 'mul_5s_23ns_28_1_1': 1 instance(s).
INFO: [RTGEN 206-100] Generating core module 'mul_9ns_9ns_18_1_1': 1 instance(s).
INFO: [RTGEN 206-100] Finished creating RTL model for 'mfcc_Pipeline_VITIS_LOOP_202_1'.
INFO: [RTMG 210-279] Implementing memory 'mfcc_mfcc_Pipeline_VITIS_LOOP_202_1_log_apfixed_reduce_log_inverse_lut_table_arraybkb' using auto ROMs.
INFO: [RTMG 210-279] Implementing memory 'mfcc_mfcc_Pipeline_VITIS_LOOP_202_1_log_apfixed_reduce_log0_lut_table_ap_fixed_0_5cud' using auto ROMs.
INFO: [RTMG 210-279] Implementing memory 'mfcc_mfcc_Pipeline_VITIS_LOOP_202_1_log_apfixed_reduce_log_lut_table_ap_fixed_4_4_dEe' using auto ROMs.
INFO: [HLS 200-111] Finished Creating RTL model: CPU user time: 1 seconds. CPU system time: 1 seconds. Elapsed time: 2.116 seconds; current allocated memory: 1.175 GB.
INFO: [HLS 200-10] ----------------------------------------------------------------
INFO: [HLS 200-10] -- Generating RTL for module 'mfcc_Pipeline_task_6' 
INFO: [HLS 200-10] ----------------------------------------------------------------
INFO: [HLS 200-1030] Apply Unified Pipeline Control on module 'mfcc_Pipeline_task_6' pipeline 'task_6' pipeline type 'loop pipeline'
INFO: [RTGEN 206-100] Finished creating RTL model for 'mfcc_Pipeline_task_6'.
INFO: [HLS 200-111] Finished Creating RTL model: CPU user time: 0 seconds. CPU system time: 0 seconds. Elapsed time: 0.835 seconds; current allocated memory: 1.179 GB.
INFO: [HLS 200-10] ----------------------------------------------------------------
INFO: [HLS 200-10] -- Generating RTL for module 'mfcc' 
INFO: [HLS 200-10] ----------------------------------------------------------------
WARNING: [RTGEN 206-101] Design contains AXI ports. Reset is fixed to synchronous and active low.
INFO: [RTGEN 206-500] Setting interface mode on port 'mfcc/in_stream_V_data_V' to 'axis' (register, both mode).
INFO: [RTGEN 206-500] Setting interface mode on port 'mfcc/in_stream_V_keep_V' to 'axis' (register, both mode).
INFO: [RTGEN 206-500] Setting interface mode on port 'mfcc/in_stream_V_strb_V' to 'axis' (register, both mode).
INFO: [RTGEN 206-500] Setting interface mode on port 'mfcc/in_stream_V_last_V' to 'axis' (register, both mode).
INFO: [RTGEN 206-500] Setting interface mode on port 'mfcc/out_stream_V_data_V' to 'axis' (register, both mode).
INFO: [RTGEN 206-500] Setting interface mode on port 'mfcc/out_stream_V_keep_V' to 'axis' (register, both mode).
INFO: [RTGEN 206-500] Setting interface mode on port 'mfcc/out_stream_V_strb_V' to 'axis' (register, both mode).
INFO: [RTGEN 206-500] Setting interface mode on port 'mfcc/out_stream_V_last_V' to 'axis' (register, both mode).
INFO: [RTGEN 206-500] Setting interface mode on function 'mfcc' to 'ap_ctrl_none'.
INFO: [RTGEN 206-100] Finished creating RTL model for 'mfcc'.
INFO: [RTMG 210-278] Implementing memory 'mfcc_abs_spectrogram_RAM_1WNR_AUTO_1R1W' using auto RAMs.
INFO: [RTMG 210-278] Implementing memory 'mfcc_mel_filtered_RAM_AUTO_1R1W' using auto RAMs.
INFO: [RTMG 210-278] Implementing memory 'mfcc_mfcc_1_RAM_AUTO_1R1W' using auto RAMs.
INFO: [HLS 200-111] Finished Creating RTL model: CPU user time: 0 seconds. CPU system time: 0 seconds. Elapsed time: 0.427 seconds; current allocated memory: 1.180 GB.
INFO: [HLS 200-111] Finished Generating all RTL models: CPU user time: 1 seconds. CPU system time: 1 seconds. Elapsed time: 3.08 seconds; current allocated memory: 1.185 GB.
INFO: [HLS 200-111] Finished Updating report files: CPU user time: 1 seconds. CPU system time: 0 seconds. Elapsed time: 1.101 seconds; current allocated memory: 1.193 GB.
INFO: [VHDL 208-304] Generating VHDL RTL for mfcc.
INFO: [VLOG 209-307] Generating Verilog RTL for mfcc.
INFO: [HLS 200-790] **** Loop Constraint Status: All loop constraints were satisfied.
INFO: [HLS 200-789] **** Estimated Fmax: 144.26 MHz
INFO: [HLS 200-111] Finished Command csynth_design CPU user time: 8 seconds. CPU system time: 3 seconds. Elapsed time: 37.484 seconds; current allocated memory: 162.000 MB.
==============================================================
Vitis HLS - High-Level Synthesis from C, C++ and OpenCL v2023.1 (64-bit)
Tool Version Limit: 2023.05
Copyright 1986-2022 Xilinx, Inc. All Rights Reserved.
Copyright 2022-2023 Advanced Micro Devices, Inc. All Rights Reserved.

==============================================================
INFO: [SYN 201-201] Setting up clock 'default' with a period of 10ns.
INFO: [HLS 200-1611] Setting target device to 'xc7a100t-csg324-1'
INFO: [HLS 200-1505] Using flow_target 'vivado'
INFO: [HLS 200-1464] Running solution command: config_export -output=C:/Users/the5t/OneDrive/Documents/GitHub/rwth-lab-fpga-WIP
INFO: [HLS 200-1510] Running: set_part xc7a100tcsg324-1 
INFO: [HLS 200-1510] Running: create_clock -period 10 -name default 
INFO: [SYN 201-201] Setting up clock 'default' with a period of 10ns.
INFO: [HLS 200-1510] Running: config_export -output C:/Users/the5t/OneDrive/Documents/GitHub/rwth-lab-fpga-WIP 
INFO: [HLS 200-1510] Running: export_design -rtl verilog -format ip_catalog -output C:/Users/the5t/OneDrive/Documents/GitHub/rwth-lab-fpga-WIP 
INFO: [IMPL 213-8] Exporting RTL as a Vivado IP.
INFO: [HLS 200-802] Generated output file C:/Users/the5t/OneDrive/Documents/GitHub/rwth-lab-fpga-WIP/export.zip
INFO: [HLS 200-111] Finished Command export_design CPU user time: 0 seconds. CPU system time: 0 seconds. Elapsed time: 23.237 seconds; current allocated memory: 8.352 MB.
==============================================================
Vitis HLS - High-Level Synthesis from C, C++ and OpenCL v2023.1 (64-bit)
Tool Version Limit: 2023.05
Copyright 1986-2022 Xilinx, Inc. All Rights Reserved.
Copyright 2022-2023 Advanced Micro Devices, Inc. All Rights Reserved.

==============================================================
INFO: [SYN 201-201] Setting up clock 'default' with a period of 10ns.
INFO: [HLS 200-1611] Setting target device to 'xc7a100t-csg324-1'
INFO: [HLS 200-1505] Using flow_target 'vivado'
INFO: [HLS 200-1464] Running solution command: config_export -output=C:/Users/the5t/OneDrive/Documents/GitHub/rwth-lab-fpga-WIP
INFO: [HLS 200-1464] Running solution command: config_export -format=ip_catalog
INFO: [HLS 200-1464] Running solution command: config_export -rtl=verilog
INFO: [HLS 200-1510] Running: set_part xc7a100t-csg324-1 
INFO: [HLS 200-1510] Running: create_clock -period 10 -name default 
INFO: [HLS 200-1510] Running: config_export -format ip_catalog -output C:/Users/the5t/OneDrive/Documents/GitHub/rwth-lab-fpga-WIP -rtl verilog 
INFO: [HLS 200-1510] Running: source ./audrey_4_hls/solution1/directives.tcl
INFO: [HLS 200-1510] Running: set_directive_top -name mfcc mfcc 
INFO: [HLS 200-1510] Running: csynth_design 
INFO: [HLS 200-111] Finished File checks and directory preparation: CPU user time: 0 seconds. CPU system time: 0 seconds. Elapsed time: 0.096 seconds; current allocated memory: 1.034 GB.
INFO: [HLS 200-10] Analyzing design file 'audrey_4_hls/mfcc.cpp' ... 
ERROR: [HLS 207-3434] typedef redefinition with different types ('ap_fixed<[...], 8>' vs 'ap_fixed<[...], 1>') (audrey_4_hls/mfcc.h:31:15)
INFO: [HLS 207-71] previous definition is here (audrey_4_hls/mfcc.h:30:24)
ERROR: [HLS 207-3339] no matching function for call to 'fft' (audrey_4_hls/mfcc.cpp:155:5)
INFO: [HLS 207-4378] candidate function not viable: no known conversion from 'complex_fft_in_t *' (aka 'x_complex<ap_fixed<16, 1> > *') to 'hls::stream<complex<ap_fixed<((config1::input_width + 7) / 8) * 8, 1> > > &' for 1st argument (C:/Xilinx/Vitis_HLS/2023.1/common/technology/autopilot/etc/hls_fft_x_complex.h:699:8)
INFO: [HLS 207-4378] candidate function not viable: no known conversion from 'complex_fft_in_t *' (aka 'x_complex<ap_fixed<16, 1> > *') to 'complex<ap_fixed<((config1::input_width + 7) / 8) * 8, 1> > *' for 1st argument (C:/Xilinx/Vitis_HLS/2023.1/common/technology/autopilot/etc/hls_fft_x_complex.h:732:8)
INFO: [HLS 207-4378] candidate function not viable: no known conversion from 'complex_fft_in_t *' (aka 'x_complex<ap_fixed<16, 1> > *') to 'complex<ap_fixed<((config1::input_width + 7) / 8) * 8, 1> > (*)[1024]' for 1st argument (C:/Xilinx/Vitis_HLS/2023.1/common/technology/autopilot/etc/hls_fft_x_complex.h:757:8)
INFO: [HLS 207-4378] candidate function not viable: no known conversion from 'complex_fft_in_t *' (aka 'x_complex<ap_fixed<16, 1> > *') to 'complex<float> *' for 1st argument (C:/Xilinx/Vitis_HLS/2023.1/common/technology/autopilot/etc/hls_fft_x_complex.h:984:8)
INFO: [HLS 207-4378] candidate function not viable: no known conversion from 'fix_t [512]' to 'hls::x_complex<ap_fixed<((config1::output_width + 7) / 8) * 8, ((config1::output_width + 7) / 8) * 8 - config1::input_width + 1> > *' for 2nd argument (C:/Xilinx/Vitis_HLS/2023.1/common/technology/autopilot/etc/hls_fft_x_complex.h:1008:8)
INFO: [HLS 207-4378] candidate function not viable: no known conversion from 'complex_fft_in_t *' (aka 'x_complex<ap_fixed<16, 1> > *') to 'hls::x_complex<ap_fixed<((config1::input_width + 7) / 8) * 8, 1> > (*)[1024]' for 1st argument (C:/Xilinx/Vitis_HLS/2023.1/common/technology/autopilot/etc/hls_fft_x_complex.h:1036:8)
INFO: [HLS 207-4378] candidate function not viable: no known conversion from 'complex_fft_in_t *' (aka 'x_complex<ap_fixed<16, 1> > *') to 'hls::x_complex<float> *' for 1st argument (C:/Xilinx/Vitis_HLS/2023.1/common/technology/autopilot/etc/hls_fft_x_complex.h:1069:8)
INFO: [HLS 207-4378] candidate function not viable: no known conversion from 'complex_fft_in_t *' (aka 'x_complex<ap_fixed<16, 1> > *') to 'hls::stream<complex<float> > &' for 1st argument (C:/Xilinx/Vitis_HLS/2023.1/common/technology/autopilot/etc/hls_fft_x_complex.h:956:8)
INFO: [HLS 200-111] Finished Command csynth_design CPU user time: 0 seconds. CPU system time: 0 seconds. Elapsed time: 4.718 seconds; current allocated memory: 0.855 MB.
==============================================================
Vitis HLS - High-Level Synthesis from C, C++ and OpenCL v2023.1 (64-bit)
Tool Version Limit: 2023.05
Copyright 1986-2022 Xilinx, Inc. All Rights Reserved.
Copyright 2022-2023 Advanced Micro Devices, Inc. All Rights Reserved.

==============================================================
INFO: [SYN 201-201] Setting up clock 'default' with a period of 10ns.
INFO: [HLS 200-1611] Setting target device to 'xc7a100t-csg324-1'
INFO: [HLS 200-1505] Using flow_target 'vivado'
INFO: [HLS 200-1464] Running solution command: config_export -output=C:/Users/the5t/OneDrive/Documents/GitHub/rwth-lab-fpga-WIP
INFO: [HLS 200-1464] Running solution command: config_export -format=ip_catalog
INFO: [HLS 200-1464] Running solution command: config_export -rtl=verilog
INFO: [HLS 200-1510] Running: set_part xc7a100t-csg324-1 
INFO: [HLS 200-1510] Running: create_clock -period 10 -name default 
INFO: [HLS 200-1510] Running: config_export -format ip_catalog -output C:/Users/the5t/OneDrive/Documents/GitHub/rwth-lab-fpga-WIP -rtl verilog 
INFO: [HLS 200-1510] Running: source ./audrey_4_hls/solution1/directives.tcl
INFO: [HLS 200-1510] Running: set_directive_top -name mfcc mfcc 
INFO: [HLS 200-1510] Running: csynth_design 
INFO: [HLS 200-111] Finished File checks and directory preparation: CPU user time: 0 seconds. CPU system time: 0 seconds. Elapsed time: 0.093 seconds; current allocated memory: 1.030 GB.
INFO: [HLS 200-10] Analyzing design file 'audrey_4_hls/mfcc.cpp' ... 
ERROR: [HLS 207-3339] no matching function for call to 'fft' (audrey_4_hls/mfcc.cpp:155:5)
INFO: [HLS 207-4378] candidate function not viable: no known conversion from 'complex_fft_in_t *' (aka 'x_complex<ap_fixed<16, 8> > *') to 'hls::stream<complex<ap_fixed<((config1::input_width + 7) / 8) * 8, 1> > > &' for 1st argument (C:/Xilinx/Vitis_HLS/2023.1/common/technology/autopilot/etc/hls_fft_x_complex.h:699:8)
INFO: [HLS 207-4378] candidate function not viable: no known conversion from 'complex_fft_in_t *' (aka 'x_complex<ap_fixed<16, 8> > *') to 'complex<ap_fixed<((config1::input_width + 7) / 8) * 8, 1> > *' for 1st argument (C:/Xilinx/Vitis_HLS/2023.1/common/technology/autopilot/etc/hls_fft_x_complex.h:732:8)
INFO: [HLS 207-4378] candidate function not viable: no known conversion from 'complex_fft_in_t *' (aka 'x_complex<ap_fixed<16, 8> > *') to 'complex<ap_fixed<((config1::input_width + 7) / 8) * 8, 1> > (*)[1024]' for 1st argument (C:/Xilinx/Vitis_HLS/2023.1/common/technology/autopilot/etc/hls_fft_x_complex.h:757:8)
INFO: [HLS 207-4378] candidate function not viable: no known conversion from 'complex_fft_in_t *' (aka 'x_complex<ap_fixed<16, 8> > *') to 'complex<float> *' for 1st argument (C:/Xilinx/Vitis_HLS/2023.1/common/technology/autopilot/etc/hls_fft_x_complex.h:984:8)
INFO: [HLS 207-4378] candidate function not viable: no known conversion from 'complex_fft_in_t *' (aka 'x_complex<ap_fixed<16, 8> > *') to 'hls::x_complex<ap_fixed<((config1::input_width + 7) / 8) * 8, 1> > *' for 1st argument (C:/Xilinx/Vitis_HLS/2023.1/common/technology/autopilot/etc/hls_fft_x_complex.h:1008:8)
INFO: [HLS 207-4378] candidate function not viable: no known conversion from 'complex_fft_in_t *' (aka 'x_complex<ap_fixed<16, 8> > *') to 'hls::x_complex<ap_fixed<((config1::input_width + 7) / 8) * 8, 1> > (*)[1024]' for 1st argument (C:/Xilinx/Vitis_HLS/2023.1/common/technology/autopilot/etc/hls_fft_x_complex.h:1036:8)
INFO: [HLS 207-4378] candidate function not viable: no known conversion from 'complex_fft_in_t *' (aka 'x_complex<ap_fixed<16, 8> > *') to 'hls::x_complex<float> *' for 1st argument (C:/Xilinx/Vitis_HLS/2023.1/common/technology/autopilot/etc/hls_fft_x_complex.h:1069:8)
INFO: [HLS 207-4378] candidate function not viable: no known conversion from 'complex_fft_in_t *' (aka 'x_complex<ap_fixed<16, 8> > *') to 'hls::stream<complex<float> > &' for 1st argument (C:/Xilinx/Vitis_HLS/2023.1/common/technology/autopilot/etc/hls_fft_x_complex.h:956:8)
INFO: [HLS 200-111] Finished Command csynth_design CPU user time: 0 seconds. CPU system time: 0 seconds. Elapsed time: 3.214 seconds; current allocated memory: 0.379 MB.
==============================================================
Vitis HLS - High-Level Synthesis from C, C++ and OpenCL v2023.1 (64-bit)
Tool Version Limit: 2023.05
Copyright 1986-2022 Xilinx, Inc. All Rights Reserved.
Copyright 2022-2023 Advanced Micro Devices, Inc. All Rights Reserved.

==============================================================
INFO: [SYN 201-201] Setting up clock 'default' with a period of 10ns.
INFO: [HLS 200-1611] Setting target device to 'xc7a100t-csg324-1'
INFO: [HLS 200-1505] Using flow_target 'vivado'
INFO: [HLS 200-1464] Running solution command: config_export -output=C:/Users/the5t/OneDrive/Documents/GitHub/rwth-lab-fpga-WIP
INFO: [HLS 200-1464] Running solution command: config_export -format=ip_catalog
INFO: [HLS 200-1464] Running solution command: config_export -rtl=verilog
INFO: [HLS 200-1510] Running: set_part xc7a100t-csg324-1 
INFO: [HLS 200-1510] Running: create_clock -period 10 -name default 
INFO: [HLS 200-1510] Running: config_export -format ip_catalog -output C:/Users/the5t/OneDrive/Documents/GitHub/rwth-lab-fpga-WIP -rtl verilog 
INFO: [HLS 200-1510] Running: source ./audrey_4_hls/solution1/directives.tcl
INFO: [HLS 200-1510] Running: set_directive_top -name mfcc mfcc 
INFO: [HLS 200-1510] Running: csynth_design 
INFO: [HLS 200-111] Finished File checks and directory preparation: CPU user time: 0 seconds. CPU system time: 0 seconds. Elapsed time: 0.091 seconds; current allocated memory: 1.035 GB.
INFO: [HLS 200-10] Analyzing design file 'audrey_4_hls/mfcc.cpp' ... 
ERROR: [HLS 207-3776] use of undeclared identifier 'fix_t' (audrey_4_hls/mfcc.h:26:19)
ERROR: [HLS 207-3776] use of undeclared identifier 'fix_t' (audrey_4_hls/mfcc.h:27:24)
ERROR: [HLS 207-3801] unknown type name 'fix_t' (audrey_4_hls/mfcc.h:31:9)
ERROR: [HLS 207-3801] unknown type name 'fix_t' (audrey_4_hls/mel_filterbank.h:53:7)
ERROR: [HLS 207-3801] unknown type name 'fix_t' (audrey_4_hls/mfcc.cpp:12:50)
ERROR: [HLS 207-3801] unknown type name 'fix_t' (audrey_4_hls/mfcc.cpp:13:20)
ERROR: [HLS 207-3801] unknown type name 'fix_t' (audrey_4_hls/mfcc.cpp:13:48)
ERROR: [HLS 207-3801] unknown type name 'fix_t' (audrey_4_hls/mfcc.cpp:14:20)
ERROR: [HLS 207-3801] unknown type name 'fix_t' (audrey_4_hls/mfcc.cpp:14:44)
ERROR: [HLS 207-3727] member reference base type 'AXI_TYPE' (aka 'int') is not a structure or union (audrey_4_hls/mfcc.cpp:36:33)
ERROR: [HLS 207-3801] unknown type name 'fix_t' (audrey_4_hls/mfcc.cpp:54:9)
ERROR: [HLS 207-3801] unknown type name 'fix_t' (audrey_4_hls/mfcc.cpp:62:9)
ERROR: [HLS 207-3801] unknown type name 'fix_t' (audrey_4_hls/mfcc.cpp:70:9)
ERROR: [HLS 207-3727] member reference base type 'AXI_TYPE' (aka 'int') is not a structure or union (audrey_4_hls/mfcc.cpp:110:20)
ERROR: [HLS 207-3727] member reference base type 'AXI_TYPE' (aka 'int') is not a structure or union (audrey_4_hls/mfcc.cpp:111:20)
ERROR: [HLS 207-3727] member reference base type 'AXI_TYPE' (aka 'int') is not a structure or union (audrey_4_hls/mfcc.cpp:112:20)
ERROR: [HLS 207-3727] member reference base type 'AXI_TYPE' (aka 'int') is not a structure or union (audrey_4_hls/mfcc.cpp:113:20)
ERROR: [HLS 207-3727] member reference base type 'AXI_TYPE' (aka 'int') is not a structure or union (audrey_4_hls/mfcc.cpp:114:20)
ERROR: [HLS 207-3727] member reference base type 'AXI_TYPE' (aka 'int') is not a structure or union (audrey_4_hls/mfcc.cpp:115:20)
ERROR: [HLS 207-59] too many errors emitted, stopping now
INFO: [HLS 200-111] Finished Command csynth_design CPU user time: 0 seconds. CPU system time: 0 seconds. Elapsed time: 3.005 seconds; current allocated memory: 0.715 MB.
==============================================================
Vitis HLS - High-Level Synthesis from C, C++ and OpenCL v2023.1 (64-bit)
Tool Version Limit: 2023.05
Copyright 1986-2022 Xilinx, Inc. All Rights Reserved.
Copyright 2022-2023 Advanced Micro Devices, Inc. All Rights Reserved.

==============================================================
INFO: [SYN 201-201] Setting up clock 'default' with a period of 10ns.
INFO: [HLS 200-1611] Setting target device to 'xc7a100t-csg324-1'
INFO: [HLS 200-1505] Using flow_target 'vivado'
INFO: [HLS 200-1464] Running solution command: config_export -output=C:/Users/the5t/OneDrive/Documents/GitHub/rwth-lab-fpga-WIP
INFO: [HLS 200-1464] Running solution command: config_export -format=ip_catalog
INFO: [HLS 200-1464] Running solution command: config_export -rtl=verilog
INFO: [HLS 200-1510] Running: set_part xc7a100t-csg324-1 
INFO: [HLS 200-1510] Running: create_clock -period 10 -name default 
INFO: [HLS 200-1510] Running: config_export -format ip_catalog -output C:/Users/the5t/OneDrive/Documents/GitHub/rwth-lab-fpga-WIP -rtl verilog 
INFO: [HLS 200-1510] Running: source ./audrey_4_hls/solution1/directives.tcl
INFO: [HLS 200-1510] Running: set_directive_top -name mfcc mfcc 
INFO: [HLS 200-1510] Running: csynth_design 
INFO: [HLS 200-111] Finished File checks and directory preparation: CPU user time: 0 seconds. CPU system time: 0 seconds. Elapsed time: 0.088 seconds; current allocated memory: 1.035 GB.
INFO: [HLS 200-10] Analyzing design file 'audrey_4_hls/mfcc.cpp' ... 
ERROR: [HLS 207-3434] typedef redefinition with different types ('ap_fixed<[...], 8>' vs 'ap_fixed<[...], 1>') (audrey_4_hls/mfcc.h:31:15)
INFO: [HLS 207-71] previous definition is here (audrey_4_hls/mfcc.h:30:24)
ERROR: [HLS 207-3339] no matching function for call to 'fft' (audrey_4_hls/mfcc.cpp:155:5)
INFO: [HLS 207-4378] candidate function not viable: no known conversion from 'complex_fft_in_t *' (aka 'x_complex<ap_fixed<16, 1> > *') to 'hls::stream<complex<ap_fixed<((config1::input_width + 7) / 8) * 8, 1> > > &' for 1st argument (C:/Xilinx/Vitis_HLS/2023.1/common/technology/autopilot/etc/hls_fft_x_complex.h:699:8)
INFO: [HLS 207-4378] candidate function not viable: no known conversion from 'complex_fft_in_t *' (aka 'x_complex<ap_fixed<16, 1> > *') to 'complex<ap_fixed<((config1::input_width + 7) / 8) * 8, 1> > *' for 1st argument (C:/Xilinx/Vitis_HLS/2023.1/common/technology/autopilot/etc/hls_fft_x_complex.h:732:8)
INFO: [HLS 207-4378] candidate function not viable: no known conversion from 'complex_fft_in_t *' (aka 'x_complex<ap_fixed<16, 1> > *') to 'complex<ap_fixed<((config1::input_width + 7) / 8) * 8, 1> > (*)[1024]' for 1st argument (C:/Xilinx/Vitis_HLS/2023.1/common/technology/autopilot/etc/hls_fft_x_complex.h:757:8)
INFO: [HLS 207-4378] candidate function not viable: no known conversion from 'complex_fft_in_t *' (aka 'x_complex<ap_fixed<16, 1> > *') to 'complex<float> *' for 1st argument (C:/Xilinx/Vitis_HLS/2023.1/common/technology/autopilot/etc/hls_fft_x_complex.h:984:8)
INFO: [HLS 207-4378] candidate function not viable: no known conversion from 'fix_t [512]' to 'hls::x_complex<ap_fixed<((config1::output_width + 7) / 8) * 8, ((config1::output_width + 7) / 8) * 8 - config1::input_width + 1> > *' for 2nd argument (C:/Xilinx/Vitis_HLS/2023.1/common/technology/autopilot/etc/hls_fft_x_complex.h:1008:8)
INFO: [HLS 207-4378] candidate function not viable: no known conversion from 'complex_fft_in_t *' (aka 'x_complex<ap_fixed<16, 1> > *') to 'hls::x_complex<ap_fixed<((config1::input_width + 7) / 8) * 8, 1> > (*)[1024]' for 1st argument (C:/Xilinx/Vitis_HLS/2023.1/common/technology/autopilot/etc/hls_fft_x_complex.h:1036:8)
INFO: [HLS 207-4378] candidate function not viable: no known conversion from 'complex_fft_in_t *' (aka 'x_complex<ap_fixed<16, 1> > *') to 'hls::x_complex<float> *' for 1st argument (C:/Xilinx/Vitis_HLS/2023.1/common/technology/autopilot/etc/hls_fft_x_complex.h:1069:8)
INFO: [HLS 207-4378] candidate function not viable: no known conversion from 'complex_fft_in_t *' (aka 'x_complex<ap_fixed<16, 1> > *') to 'hls::stream<complex<float> > &' for 1st argument (C:/Xilinx/Vitis_HLS/2023.1/common/technology/autopilot/etc/hls_fft_x_complex.h:956:8)
INFO: [HLS 200-111] Finished Command csynth_design CPU user time: 0 seconds. CPU system time: 0 seconds. Elapsed time: 3.152 seconds; current allocated memory: 0.430 MB.
==============================================================
Vitis HLS - High-Level Synthesis from C, C++ and OpenCL v2023.1 (64-bit)
Tool Version Limit: 2023.05
Copyright 1986-2022 Xilinx, Inc. All Rights Reserved.
Copyright 2022-2023 Advanced Micro Devices, Inc. All Rights Reserved.

==============================================================
INFO: [SYN 201-201] Setting up clock 'default' with a period of 10ns.
INFO: [HLS 200-1611] Setting target device to 'xc7a100t-csg324-1'
INFO: [HLS 200-1505] Using flow_target 'vivado'
INFO: [HLS 200-1464] Running solution command: config_export -output=C:/Users/the5t/OneDrive/Documents/GitHub/rwth-lab-fpga-WIP
INFO: [HLS 200-1464] Running solution command: config_export -format=ip_catalog
INFO: [HLS 200-1464] Running solution command: config_export -rtl=verilog
INFO: [HLS 200-1510] Running: set_part xc7a100t-csg324-1 
INFO: [HLS 200-1510] Running: create_clock -period 10 -name default 
INFO: [HLS 200-1510] Running: config_export -format ip_catalog -output C:/Users/the5t/OneDrive/Documents/GitHub/rwth-lab-fpga-WIP -rtl verilog 
INFO: [HLS 200-1510] Running: source ./audrey_4_hls/solution1/directives.tcl
INFO: [HLS 200-1510] Running: set_directive_top -name mfcc mfcc 
INFO: [HLS 200-1510] Running: csynth_design 
INFO: [HLS 200-111] Finished File checks and directory preparation: CPU user time: 0 seconds. CPU system time: 0 seconds. Elapsed time: 0.103 seconds; current allocated memory: 1.034 GB.
INFO: [HLS 200-10] Analyzing design file 'audrey_4_hls/mfcc.cpp' ... 
ERROR: [HLS 207-3801] unknown type name 'fix_t' (audrey_4_hls/mfcc.h:31:9)
ERROR: [HLS 207-3776] use of undeclared identifier 'AXI_TYPE' (audrey_4_hls/mfcc.h:36:23)
ERROR: [HLS 207-3776] use of undeclared identifier 'AXI_TYPE' (audrey_4_hls/mfcc.h:36:57)
ERROR: [HLS 207-3801] unknown type name 'fix_t' (audrey_4_hls/mel_filterbank.h:53:7)
ERROR: [HLS 207-3801] unknown type name 'fix_t' (audrey_4_hls/mfcc.cpp:12:50)
ERROR: [HLS 207-3801] unknown type name 'fix_t' (audrey_4_hls/mfcc.cpp:13:20)
ERROR: [HLS 207-3801] unknown type name 'fix_t' (audrey_4_hls/mfcc.cpp:13:48)
ERROR: [HLS 207-3801] unknown type name 'fix_t' (audrey_4_hls/mfcc.cpp:14:20)
ERROR: [HLS 207-3801] unknown type name 'fix_t' (audrey_4_hls/mfcc.cpp:14:44)
ERROR: [HLS 207-3776] use of undeclared identifier 'AXI_TYPE' (audrey_4_hls/mfcc.cpp:18:17)
ERROR: [HLS 207-3776] use of undeclared identifier 'AXI_TYPE' (audrey_4_hls/mfcc.cpp:19:17)
WARNING: [HLS 207-5548] invalid variable expr  (audrey_4_hls/mfcc.cpp:24:33)
WARNING: [HLS 207-5548] invalid variable expr  (audrey_4_hls/mfcc.cpp:25:33)
ERROR: [HLS 207-3801] unknown type name 'AXI_TYPE' (audrey_4_hls/mfcc.cpp:35:2)
ERROR: [HLS 207-3801] unknown type name 'fix_t' (audrey_4_hls/mfcc.cpp:54:9)
ERROR: [HLS 207-3801] unknown type name 'fix_t' (audrey_4_hls/mfcc.cpp:62:9)
ERROR: [HLS 207-3801] unknown type name 'fix_t' (audrey_4_hls/mfcc.cpp:70:9)
ERROR: [HLS 207-3801] unknown type name 'AXI_TYPE' (audrey_4_hls/mfcc.cpp:109:2)
ERROR: [HLS 207-3801] unknown type name 'fix_t' (audrey_4_hls/mfcc.cpp:145:50)
ERROR: [HLS 207-59] too many errors emitted, stopping now
INFO: [HLS 200-111] Finished Command csynth_design CPU user time: 0 seconds. CPU system time: 0 seconds. Elapsed time: 2.804 seconds; current allocated memory: 0.785 MB.
==============================================================
Vitis HLS - High-Level Synthesis from C, C++ and OpenCL v2023.1 (64-bit)
Tool Version Limit: 2023.05
Copyright 1986-2022 Xilinx, Inc. All Rights Reserved.
Copyright 2022-2023 Advanced Micro Devices, Inc. All Rights Reserved.

==============================================================
INFO: [SYN 201-201] Setting up clock 'default' with a period of 10ns.
INFO: [HLS 200-1611] Setting target device to 'xc7a100t-csg324-1'
INFO: [HLS 200-1505] Using flow_target 'vivado'
INFO: [HLS 200-1464] Running solution command: config_export -output=C:/Users/the5t/OneDrive/Documents/GitHub/rwth-lab-fpga-WIP
INFO: [HLS 200-1464] Running solution command: config_export -format=ip_catalog
INFO: [HLS 200-1464] Running solution command: config_export -rtl=verilog
INFO: [HLS 200-1510] Running: set_part xc7a100t-csg324-1 
INFO: [HLS 200-1510] Running: create_clock -period 10 -name default 
INFO: [HLS 200-1510] Running: config_export -format ip_catalog -output C:/Users/the5t/OneDrive/Documents/GitHub/rwth-lab-fpga-WIP -rtl verilog 
INFO: [HLS 200-1510] Running: source ./audrey_4_hls/solution1/directives.tcl
INFO: [HLS 200-1510] Running: set_directive_top -name mfcc mfcc 
INFO: [HLS 200-1510] Running: csynth_design 
INFO: [HLS 200-111] Finished File checks and directory preparation: CPU user time: 0 seconds. CPU system time: 0 seconds. Elapsed time: 0.109 seconds; current allocated memory: 1.030 GB.
INFO: [HLS 200-10] Analyzing design file 'audrey_4_hls/mfcc.cpp' ... 
ERROR: [HLS 207-3339] no matching function for call to 'fft' (audrey_4_hls/mfcc.cpp:155:5)
INFO: [HLS 207-4378] candidate function not viable: no known conversion from 'complex_fft_in_t *' (aka 'x_complex<ap_fixed<16, 8> > *') to 'hls::stream<complex<ap_fixed<((config1::input_width + 7) / 8) * 8, 1> > > &' for 1st argument (C:/Xilinx/Vitis_HLS/2023.1/common/technology/autopilot/etc/hls_fft_x_complex.h:699:8)
INFO: [HLS 207-4378] candidate function not viable: no known conversion from 'complex_fft_in_t *' (aka 'x_complex<ap_fixed<16, 8> > *') to 'complex<ap_fixed<((config1::input_width + 7) / 8) * 8, 1> > *' for 1st argument (C:/Xilinx/Vitis_HLS/2023.1/common/technology/autopilot/etc/hls_fft_x_complex.h:732:8)
INFO: [HLS 207-4378] candidate function not viable: no known conversion from 'complex_fft_in_t *' (aka 'x_complex<ap_fixed<16, 8> > *') to 'complex<ap_fixed<((config1::input_width + 7) / 8) * 8, 1> > (*)[1024]' for 1st argument (C:/Xilinx/Vitis_HLS/2023.1/common/technology/autopilot/etc/hls_fft_x_complex.h:757:8)
INFO: [HLS 207-4378] candidate function not viable: no known conversion from 'complex_fft_in_t *' (aka 'x_complex<ap_fixed<16, 8> > *') to 'complex<float> *' for 1st argument (C:/Xilinx/Vitis_HLS/2023.1/common/technology/autopilot/etc/hls_fft_x_complex.h:984:8)
INFO: [HLS 207-4378] candidate function not viable: no known conversion from 'complex_fft_in_t *' (aka 'x_complex<ap_fixed<16, 8> > *') to 'hls::x_complex<ap_fixed<((config1::input_width + 7) / 8) * 8, 1> > *' for 1st argument (C:/Xilinx/Vitis_HLS/2023.1/common/technology/autopilot/etc/hls_fft_x_complex.h:1008:8)
INFO: [HLS 207-4378] candidate function not viable: no known conversion from 'complex_fft_in_t *' (aka 'x_complex<ap_fixed<16, 8> > *') to 'hls::x_complex<ap_fixed<((config1::input_width + 7) / 8) * 8, 1> > (*)[1024]' for 1st argument (C:/Xilinx/Vitis_HLS/2023.1/common/technology/autopilot/etc/hls_fft_x_complex.h:1036:8)
INFO: [HLS 207-4378] candidate function not viable: no known conversion from 'complex_fft_in_t *' (aka 'x_complex<ap_fixed<16, 8> > *') to 'hls::x_complex<float> *' for 1st argument (C:/Xilinx/Vitis_HLS/2023.1/common/technology/autopilot/etc/hls_fft_x_complex.h:1069:8)
INFO: [HLS 207-4378] candidate function not viable: no known conversion from 'complex_fft_in_t *' (aka 'x_complex<ap_fixed<16, 8> > *') to 'hls::stream<complex<float> > &' for 1st argument (C:/Xilinx/Vitis_HLS/2023.1/common/technology/autopilot/etc/hls_fft_x_complex.h:956:8)
INFO: [HLS 200-111] Finished Command csynth_design CPU user time: 0 seconds. CPU system time: 0 seconds. Elapsed time: 3.273 seconds; current allocated memory: 0.523 MB.
==============================================================
Vitis HLS - High-Level Synthesis from C, C++ and OpenCL v2023.1 (64-bit)
Tool Version Limit: 2023.05
Copyright 1986-2022 Xilinx, Inc. All Rights Reserved.
Copyright 2022-2023 Advanced Micro Devices, Inc. All Rights Reserved.

==============================================================
INFO: [SYN 201-201] Setting up clock 'default' with a period of 10ns.
INFO: [HLS 200-1611] Setting target device to 'xc7a100t-csg324-1'
INFO: [HLS 200-1505] Using flow_target 'vivado'
INFO: [HLS 200-1464] Running solution command: config_export -output=C:/Users/the5t/OneDrive/Documents/GitHub/rwth-lab-fpga-WIP
INFO: [HLS 200-1464] Running solution command: config_export -format=ip_catalog
INFO: [HLS 200-1464] Running solution command: config_export -rtl=verilog
INFO: [HLS 200-1510] Running: set_part xc7a100t-csg324-1 
INFO: [HLS 200-1510] Running: create_clock -period 10 -name default 
INFO: [HLS 200-1510] Running: config_export -format ip_catalog -output C:/Users/the5t/OneDrive/Documents/GitHub/rwth-lab-fpga-WIP -rtl verilog 
INFO: [HLS 200-1510] Running: source ./audrey_4_hls/solution1/directives.tcl
INFO: [HLS 200-1510] Running: set_directive_top -name mfcc mfcc 
INFO: [HLS 200-1510] Running: csynth_design 
INFO: [HLS 200-111] Finished File checks and directory preparation: CPU user time: 0 seconds. CPU system time: 0 seconds. Elapsed time: 0.101 seconds; current allocated memory: 1.035 GB.
INFO: [HLS 200-10] Analyzing design file 'audrey_4_hls/mfcc.cpp' ... 
WARNING: [HLS 207-5292] unused parameter 'data_type' (C:/Xilinx/Vitis_HLS/2023.1/common/technology/autopilot\hls_fft.h:100:77)
WARNING: [HLS 207-5292] unused parameter 'has_nfft' (C:/Xilinx/Vitis_HLS/2023.1/common/technology/autopilot\hls_fft.h:125:65)
WARNING: [HLS 207-5292] unused parameter 'cp_len_enable' (C:/Xilinx/Vitis_HLS/2023.1/common/technology/autopilot\hls_fft.h:138:66)
WARNING: [HLS 207-5292] unused parameter 'scaling_opt' (C:/Xilinx/Vitis_HLS/2023.1/common/technology/autopilot\hls_fft.h:151:68)
WARNING: [HLS 207-5292] unused parameter 'scaling_opt' (C:/Xilinx/Vitis_HLS/2023.1/common/technology/autopilot\hls_fft.h:315:71)
WARNING: [HLS 207-5292] unused parameter 'has_ovflo' (C:/Xilinx/Vitis_HLS/2023.1/common/technology/autopilot\hls_fft.h:328:66)
WARNING: [HLS 207-5292] unused parameter 'audio' (audrey_4_hls/mfcc.cpp:145:38)
INFO: [HLS 200-111] Finished Source Code Analysis and Preprocessing: CPU user time: 1 seconds. CPU system time: 0 seconds. Elapsed time: 19.13 seconds; current allocated memory: 1.041 GB.
INFO: [HLS 200-777] Using interface defaults for 'Vivado' flow target.
INFO: [HLS 214-291] Loop 'VITIS_LOOP_729_1' is marked as complete unroll implied by the pipeline pragma (C:/Xilinx/Vitis_HLS/2023.1/common/technology/autopilot/etc/hls_log_apfixed.h:729:31)
INFO: [HLS 214-291] Loop 'VITIS_LOOP_187_2' is marked as complete unroll implied by the pipeline pragma (audrey_4_hls/mfcc.cpp:187:27)
INFO: [HLS 214-186] Unrolling loop 'VITIS_LOOP_729_1' (C:/Xilinx/Vitis_HLS/2023.1/common/technology/autopilot/etc/hls_log_apfixed.h:729:31) in function 'log_apfixed_reduce::log<17, 9>' completely with a factor of 17 (C:/Xilinx/Vitis_HLS/2023.1/common/technology/autopilot/etc/hls_log_apfixed.h:500:0)
INFO: [HLS 214-186] Unrolling loop 'VITIS_LOOP_187_2' (audrey_4_hls/mfcc.cpp:187:27) in function 'feature_1_mel' completely with a factor of 30 (audrey_4_hls/mfcc.cpp:179:0)
INFO: [HLS 214-178] Inlining function 'void log_apfixed_reduce::range_reduce<ap_fixed<29, 7, (ap_q_mode)5, (ap_o_mode)3, 0>, 4, 4, 24, 15>(ap_ufixed<24, -(4), (ap_q_mode)5, (ap_o_mode)3, 0>, ap_fixed<29, 7, (ap_q_mode)5, (ap_o_mode)3, 0>&, ap_ufixed<15, -(((4) + (4)) - (1)), (ap_q_mode)5, (ap_o_mode)3, 0>&)' into 'ap_ufixed<15, -7, (ap_q_mode)5, (ap_o_mode)3, 0> log_apfixed_reduce::log_traits<2>::range_reduction<24>(ap_ufixed<24, -4, (ap_q_mode)5, (ap_o_mode)3, 0>, ap_fixed<29, 7, (ap_q_mode)5, (ap_o_mode)3, 0>&)' (C:/Xilinx/Vitis_HLS/2023.1/common/technology/autopilot/etc/hls_log_apfixed.h:249:0)
INFO: [HLS 214-178] Inlining function 'ap_ufixed<15, -7, (ap_q_mode)5, (ap_o_mode)3, 0> log_apfixed_reduce::log_traits<2>::range_reduction<24>(ap_ufixed<24, -4, (ap_q_mode)5, (ap_o_mode)3, 0>, ap_fixed<29, 7, (ap_q_mode)5, (ap_o_mode)3, 0>&)' into 'ap_fixed<17, 9, (ap_q_mode)5, (ap_o_mode)3, 0> log_apfixed_reduce::log<17, 9>(ap_fixed<17, 9, (ap_q_mode)5, (ap_o_mode)3, 0>)' (C:/Xilinx/Vitis_HLS/2023.1/common/technology/autopilot/etc/hls_log_apfixed.h:500:0)
INFO: [HLS 214-178] Inlining function 'ap_fixed<17, 9, (ap_q_mode)5, (ap_o_mode)3, 0> hls::log<17, 9>(ap_fixed<17, 9, (ap_q_mode)5, (ap_o_mode)3, 0>)' into 'feature_2_log(ap_fixed<16, 8, (ap_q_mode)5, (ap_o_mode)3, 0>*, ap_fixed<16, 8, (ap_q_mode)5, (ap_o_mode)3, 0>*)' (audrey_4_hls/mfcc.cpp:200:0)
INFO: [HLS 214-178] Inlining function 'hls::x_complex<ap_fixed<16, 8, (ap_q_mode)5, (ap_o_mode)3, 0> >::real(ap_fixed<16, 8, (ap_q_mode)5, (ap_o_mode)3, 0> const&)' into 'mfcc(hls::stream<hls::axis<ap_fixed<16, 8, (ap_q_mode)5, (ap_o_mode)3, 0>, 0ul, 0ul, 0ul>, 0>&, hls::stream<hls::axis<ap_fixed<16, 8, (ap_q_mode)5, (ap_o_mode)3, 0>, 0ul, 0ul, 0ul>, 0>&)' (audrey_4_hls/mfcc.cpp:20:0)
INFO: [HLS 214-178] Inlining function 'hls::x_complex<ap_fixed<16, 8, (ap_q_mode)5, (ap_o_mode)3, 0> >::imag(ap_fixed<16, 8, (ap_q_mode)5, (ap_o_mode)3, 0> const&)' into 'mfcc(hls::stream<hls::axis<ap_fixed<16, 8, (ap_q_mode)5, (ap_o_mode)3, 0>, 0ul, 0ul, 0ul>, 0>&, hls::stream<hls::axis<ap_fixed<16, 8, (ap_q_mode)5, (ap_o_mode)3, 0>, 0ul, 0ul, 0ul>, 0>&)' (audrey_4_hls/mfcc.cpp:20:0)
INFO: [HLS 214-178] Inlining function 'feature_0_stft(hls::x_complex<ap_fixed<16, 8, (ap_q_mode)5, (ap_o_mode)3, 0> >*, ap_fixed<16, 8, (ap_q_mode)5, (ap_o_mode)3, 0>*)' into 'mfcc(hls::stream<hls::axis<ap_fixed<16, 8, (ap_q_mode)5, (ap_o_mode)3, 0>, 0ul, 0ul, 0ul>, 0>&, hls::stream<hls::axis<ap_fixed<16, 8, (ap_q_mode)5, (ap_o_mode)3, 0>, 0ul, 0ul, 0ul>, 0>&)' (audrey_4_hls/mfcc.cpp:20:0)
INFO: [HLS 214-178] Inlining function 'feature_2_log(ap_fixed<16, 8, (ap_q_mode)5, (ap_o_mode)3, 0>*, ap_fixed<16, 8, (ap_q_mode)5, (ap_o_mode)3, 0>*)' into 'mfcc(hls::stream<hls::axis<ap_fixed<16, 8, (ap_q_mode)5, (ap_o_mode)3, 0>, 0ul, 0ul, 0ul>, 0>&, hls::stream<hls::axis<ap_fixed<16, 8, (ap_q_mode)5, (ap_o_mode)3, 0>, 0ul, 0ul, 0ul>, 0>&)' (audrey_4_hls/mfcc.cpp:20:0)
WARNING: [HLS 214-167] The program may have out of bound array access (audrey_4_hls/mfcc.cpp:170:28)
INFO: [HLS 214-364] Automatically inlining function 'ap_fixed<17, 9, (ap_q_mode)5, (ap_o_mode)3, 0> log_apfixed_reduce::log<17, 9>(ap_fixed<17, 9, (ap_q_mode)5, (ap_o_mode)3, 0>)' to improve effectiveness of pipeline pragma in function 'mfcc(hls::stream<hls::axis<ap_fixed<16, 8, (ap_q_mode)5, (ap_o_mode)3, 0>, 0ul, 0ul, 0ul>, 0>&, hls::stream<hls::axis<ap_fixed<16, 8, (ap_q_mode)5, (ap_o_mode)3, 0>, 0ul, 0ul, 0ul>, 0>&)' (C:/Xilinx/Vitis_HLS/2023.1/common/technology/autopilot\hls_math.h:1208:12)
INFO: [HLS 214-270] Inferring pragma 'array_partition type=complete dim=2' for array 'mel_filterbank' due to pipeline pragma (audrey_4_hls/mfcc.cpp:182:9)
INFO: [HLS 214-248] Applying array_partition to '_ZL14mel_filterbank': Complete partitioning on dimension 2. (audrey_4_hls/mel_filterbank.h:53:0)
INFO: [HLS 200-111] Finished Compiling Optimization and Transform: CPU user time: 0 seconds. CPU system time: 0 seconds. Elapsed time: 3.419 seconds; current allocated memory: 1.043 GB.
INFO: [HLS 200-111] Finished Checking Pragmas: CPU user time: 0 seconds. CPU system time: 0 seconds. Elapsed time: 0.002 seconds; current allocated memory: 1.043 GB.
INFO: [HLS 200-10] Starting code transformations ...
INFO: [HLS 200-111] Finished Standard Transforms: CPU user time: 0 seconds. CPU system time: 0 seconds. Elapsed time: 0.15 seconds; current allocated memory: 1.051 GB.
INFO: [HLS 200-10] Checking synthesizability ...
INFO: [HLS 200-111] Finished Checking Synthesizability: CPU user time: 0 seconds. CPU system time: 0 seconds. Elapsed time: 0.086 seconds; current allocated memory: 1.054 GB.
WARNING: [ANALYSIS 214-31] The program may have out of bound access of array variable 'abs_spectrogram' in function 'mfcc' (audrey_4_hls/mfcc.cpp:170:9).
INFO: [XFORM 203-401] Performing if-conversion on hyperblock from (C:/Xilinx/Vitis_HLS/2023.1/common/technology/autopilot/etc/hls_log_apfixed.h:728:42) to (C:/Xilinx/Vitis_HLS/2023.1/common/technology/autopilot/etc/hls_log_apfixed.h:748:17) in function 'mfcc'... converting 18 basic blocks.
INFO: [XFORM 203-11] Balancing expressions in function 'mfcc' (C:/Xilinx/Vitis_HLS/2023.1/common/technology/autopilot/etc/hls_log_apfixed.h:17:6)...3 expression(s) balanced.
INFO: [XFORM 203-11] Balancing expressions in function 'feature_1_mel' (audrey_4_hls/mfcc.cpp:180:23)...29 expression(s) balanced.
INFO: [HLS 200-111] Finished Loop, function and other optimizations: CPU user time: 0 seconds. CPU system time: 0 seconds. Elapsed time: 0.252 seconds; current allocated memory: 1.078 GB.
INFO: [HLS 200-111] Finished Architecture Synthesis: CPU user time: 0 seconds. CPU system time: 0 seconds. Elapsed time: 0.168 seconds; current allocated memory: 1.117 GB.
INFO: [HLS 200-10] Starting hardware synthesis ...
INFO: [HLS 200-10] Synthesizing 'mfcc' ...
INFO: [HLS 200-10] ----------------------------------------------------------------
INFO: [HLS 200-42] -- Implementing module 'mfcc_Pipeline_task_2' 
INFO: [HLS 200-10] ----------------------------------------------------------------
INFO: [SCHED 204-11] Starting scheduling ...
INFO: [SCHED 204-61] Pipelining loop 'task_2'.
INFO: [HLS 200-1470] Pipelining result : Target II = 1, Final II = 1, Depth = 1, loop 'task_2'
INFO: [SCHED 204-11] Finished scheduling.
INFO: [HLS 200-111] Finished Scheduling: CPU user time: 0 seconds. CPU system time: 0 seconds. Elapsed time: 0.323 seconds; current allocated memory: 1.122 GB.
INFO: [BIND 205-100] Starting micro-architecture generation ...
INFO: [BIND 205-101] Performing variable lifetime analysis.
INFO: [BIND 205-101] Exploring resource sharing.
INFO: [BIND 205-101] Binding ...
INFO: [BIND 205-100] Finished micro-architecture generation.
INFO: [HLS 200-111] Finished Binding: CPU user time: 0 seconds. CPU system time: 0 seconds. Elapsed time: 0.095 seconds; current allocated memory: 1.123 GB.
INFO: [HLS 200-10] ----------------------------------------------------------------
INFO: [HLS 200-42] -- Implementing module 'mfcc_Pipeline_VITIS_LOOP_165_1' 
INFO: [HLS 200-10] ----------------------------------------------------------------
INFO: [SCHED 204-11] Starting scheduling ...
INFO: [SCHED 204-61] Pipelining loop 'VITIS_LOOP_165_1'.
INFO: [HLS 200-1470] Pipelining result : Target II = 1, Final II = 1, Depth = 1, loop 'VITIS_LOOP_165_1'
INFO: [SCHED 204-11] Finished scheduling.
INFO: [HLS 200-111] Finished Scheduling: CPU user time: 0 seconds. CPU system time: 0 seconds. Elapsed time: 0.106 seconds; current allocated memory: 1.123 GB.
INFO: [BIND 205-100] Starting micro-architecture generation ...
INFO: [BIND 205-101] Performing variable lifetime analysis.
INFO: [BIND 205-101] Exploring resource sharing.
INFO: [BIND 205-101] Binding ...
INFO: [BIND 205-100] Finished micro-architecture generation.
INFO: [HLS 200-111] Finished Binding: CPU user time: 0 seconds. CPU system time: 0 seconds. Elapsed time: 0.095 seconds; current allocated memory: 1.123 GB.
INFO: [HLS 200-10] ----------------------------------------------------------------
INFO: [HLS 200-42] -- Implementing module 'feature_1_mel' 
INFO: [HLS 200-10] ----------------------------------------------------------------
INFO: [SCHED 204-11] Starting scheduling ...
INFO: [SCHED 204-61] Pipelining loop 'VITIS_LOOP_180_1'.
WARNING: [HLS 200-885] The II Violation in module 'feature_1_mel' (loop 'VITIS_LOOP_180_1'): Unable to schedule 'load' operation ('abs_spectrogram_load_1', audrey_4_hls/mfcc.cpp:189) on array 'abs_spectrogram' due to limited memory ports (II = 1). Please consider using a memory core with more ports or partitioning the array 'abs_spectrogram'.
WARNING: [HLS 200-885] The II Violation in module 'feature_1_mel' (loop 'VITIS_LOOP_180_1'): Unable to schedule 'load' operation ('abs_spectrogram_load_3', audrey_4_hls/mfcc.cpp:189) on array 'abs_spectrogram' due to limited memory ports (II = 2). Please consider using a memory core with more ports or partitioning the array 'abs_spectrogram'.
WARNING: [HLS 200-885] The II Violation in module 'feature_1_mel' (loop 'VITIS_LOOP_180_1'): Unable to schedule 'load' operation ('abs_spectrogram_load_5', audrey_4_hls/mfcc.cpp:189) on array 'abs_spectrogram' due to limited memory ports (II = 3). Please consider using a memory core with more ports or partitioning the array 'abs_spectrogram'.
WARNING: [HLS 200-885] The II Violation in module 'feature_1_mel' (loop 'VITIS_LOOP_180_1'): Unable to schedule 'load' operation ('abs_spectrogram_load_7', audrey_4_hls/mfcc.cpp:189) on array 'abs_spectrogram' due to limited memory ports (II = 4). Please consider using a memory core with more ports or partitioning the array 'abs_spectrogram'.
WARNING: [HLS 200-885] The II Violation in module 'feature_1_mel' (loop 'VITIS_LOOP_180_1'): Unable to schedule 'load' operation ('abs_spectrogram_load_21', audrey_4_hls/mfcc.cpp:189) on array 'abs_spectrogram' due to limited memory ports (II = 11). Please consider using a memory core with more ports or partitioning the array 'abs_spectrogram'.
WARNING: [HLS 200-885] The II Violation in module 'feature_1_mel' (loop 'VITIS_LOOP_180_1'): Unable to schedule 'load' operation ('abs_spectrogram_load_25', audrey_4_hls/mfcc.cpp:189) on array 'abs_spectrogram' due to limited memory ports (II = 13). Please consider using a memory core with more ports or partitioning the array 'abs_spectrogram'.
WARNING: [HLS 200-885] The II Violation in module 'feature_1_mel' (loop 'VITIS_LOOP_180_1'): Unable to schedule 'load' operation ('abs_spectrogram_load_27', audrey_4_hls/mfcc.cpp:189) on array 'abs_spectrogram' due to limited memory ports (II = 14). Please consider using a memory core with more ports or partitioning the array 'abs_spectrogram'.
INFO: [HLS 200-1470] Pipelining result : Target II = 1, Final II = 15, Depth = 21, loop 'VITIS_LOOP_180_1'
INFO: [SCHED 204-11] Finished scheduling.
INFO: [HLS 200-111] Finished Scheduling: CPU user time: 1 seconds. CPU system time: 0 seconds. Elapsed time: 0.881 seconds; current allocated memory: 1.127 GB.
INFO: [BIND 205-100] Starting micro-architecture generation ...
INFO: [BIND 205-101] Performing variable lifetime analysis.
INFO: [BIND 205-101] Exploring resource sharing.
INFO: [BIND 205-101] Binding ...
INFO: [BIND 205-100] Finished micro-architecture generation.
INFO: [HLS 200-111] Finished Binding: CPU user time: 0 seconds. CPU system time: 0 seconds. Elapsed time: 0.246 seconds; current allocated memory: 1.127 GB.
INFO: [HLS 200-10] ----------------------------------------------------------------
INFO: [HLS 200-42] -- Implementing module 'mfcc_Pipeline_VITIS_LOOP_201_1' 
INFO: [HLS 200-10] ----------------------------------------------------------------
INFO: [SCHED 204-11] Starting scheduling ...
INFO: [HLS 200-486] Changing DSP latency (root=mul_ln184) to 3 in order to utilize available DSP registers.
INFO: [SCHED 204-61] Pipelining loop 'VITIS_LOOP_201_1'.
INFO: [HLS 200-1470] Pipelining result : Target II = 1, Final II = 1, Depth = 13, loop 'VITIS_LOOP_201_1'
INFO: [SCHED 204-11] Finished scheduling.
INFO: [HLS 200-111] Finished Scheduling: CPU user time: 0 seconds. CPU system time: 0 seconds. Elapsed time: 0.509 seconds; current allocated memory: 1.129 GB.
INFO: [BIND 205-100] Starting micro-architecture generation ...
INFO: [BIND 205-101] Performing variable lifetime analysis.
INFO: [BIND 205-101] Exploring resource sharing.
INFO: [BIND 205-101] Binding ...
INFO: [BIND 205-100] Finished micro-architecture generation.
INFO: [HLS 200-111] Finished Binding: CPU user time: 0 seconds. CPU system time: 0 seconds. Elapsed time: 0.205 seconds; current allocated memory: 1.130 GB.
INFO: [HLS 200-10] ----------------------------------------------------------------
INFO: [HLS 200-42] -- Implementing module 'mfcc_Pipeline_task_6' 
INFO: [HLS 200-10] ----------------------------------------------------------------
INFO: [SCHED 204-11] Starting scheduling ...
INFO: [SCHED 204-61] Pipelining loop 'task_6'.
INFO: [HLS 200-1470] Pipelining result : Target II = 1, Final II = 1, Depth = 2, loop 'task_6'
INFO: [SCHED 204-11] Finished scheduling.
INFO: [HLS 200-111] Finished Scheduling: CPU user time: 0 seconds. CPU system time: 0 seconds. Elapsed time: 0.159 seconds; current allocated memory: 1.130 GB.
INFO: [BIND 205-100] Starting micro-architecture generation ...
INFO: [BIND 205-101] Performing variable lifetime analysis.
INFO: [BIND 205-101] Exploring resource sharing.
INFO: [BIND 205-101] Binding ...
INFO: [BIND 205-100] Finished micro-architecture generation.
INFO: [HLS 200-111] Finished Binding: CPU user time: 1 seconds. CPU system time: 0 seconds. Elapsed time: 0.08 seconds; current allocated memory: 1.130 GB.
INFO: [HLS 200-10] ----------------------------------------------------------------
INFO: [HLS 200-42] -- Implementing module 'mfcc' 
INFO: [HLS 200-10] ----------------------------------------------------------------
INFO: [SCHED 204-11] Starting scheduling ...
INFO: [SCHED 204-11] Finished scheduling.
INFO: [HLS 200-111] Finished Scheduling: CPU user time: 0 seconds. CPU system time: 0 seconds. Elapsed time: 0.098 seconds; current allocated memory: 1.130 GB.
INFO: [BIND 205-100] Starting micro-architecture generation ...
INFO: [BIND 205-101] Performing variable lifetime analysis.
INFO: [BIND 205-101] Exploring resource sharing.
INFO: [BIND 205-101] Binding ...
INFO: [BIND 205-100] Finished micro-architecture generation.
INFO: [HLS 200-111] Finished Binding: CPU user time: 0 seconds. CPU system time: 0 seconds. Elapsed time: 0.145 seconds; current allocated memory: 1.130 GB.
INFO: [HLS 200-10] ----------------------------------------------------------------
INFO: [HLS 200-10] -- Generating RTL for module 'mfcc_Pipeline_task_2' 
INFO: [HLS 200-10] ----------------------------------------------------------------
INFO: [RTGEN 206-100] Finished creating RTL model for 'mfcc_Pipeline_task_2'.
INFO: [HLS 200-111] Finished Creating RTL model: CPU user time: 0 seconds. CPU system time: 0 seconds. Elapsed time: 0.099 seconds; current allocated memory: 1.132 GB.
INFO: [HLS 200-10] ----------------------------------------------------------------
INFO: [HLS 200-10] -- Generating RTL for module 'mfcc_Pipeline_VITIS_LOOP_165_1' 
INFO: [HLS 200-10] ----------------------------------------------------------------
INFO: [RTGEN 206-100] Finished creating RTL model for 'mfcc_Pipeline_VITIS_LOOP_165_1'.
INFO: [HLS 200-111] Finished Creating RTL model: CPU user time: 0 seconds. CPU system time: 0 seconds. Elapsed time: 0.143 seconds; current allocated memory: 1.133 GB.
INFO: [HLS 200-10] ----------------------------------------------------------------
INFO: [HLS 200-10] -- Generating RTL for module 'feature_1_mel' 
INFO: [HLS 200-10] ----------------------------------------------------------------
INFO: [HLS 200-1030] Apply Unified Pipeline Control on module 'feature_1_mel' pipeline 'VITIS_LOOP_180_1' pipeline type 'loop pipeline'
INFO: [RTGEN 206-100] Generating core module 'mul_5ns_9s_14_1_1': 1 instance(s).
INFO: [RTGEN 206-100] Generating core module 'mul_6ns_9s_15_1_1': 2 instance(s).
INFO: [RTGEN 206-100] Generating core module 'mul_7ns_9s_16_1_1': 4 instance(s).
INFO: [RTGEN 206-100] Generating core module 'mul_8ns_9s_17_1_1': 23 instance(s).
INFO: [RTGEN 206-100] Finished creating RTL model for 'feature_1_mel'.
INFO: [RTMG 210-279] Implementing memory 'mfcc_feature_1_mel_first_ind_ROM_AUTO_1R' using auto ROMs.
INFO: [RTMG 210-279] Implementing memory 'mfcc_feature_1_mel_p_ZL14mel_filterbank_0_ROM_AUTO_1R' using auto ROMs.
INFO: [RTMG 210-279] Implementing memory 'mfcc_feature_1_mel_p_ZL14mel_filterbank_1_ROM_AUTO_1R' using auto ROMs.
INFO: [RTMG 210-279] Implementing memory 'mfcc_feature_1_mel_p_ZL14mel_filterbank_2_ROM_AUTO_1R' using auto ROMs.
INFO: [RTMG 210-279] Implementing memory 'mfcc_feature_1_mel_p_ZL14mel_filterbank_3_ROM_AUTO_1R' using auto ROMs.
INFO: [RTMG 210-279] Implementing memory 'mfcc_feature_1_mel_p_ZL14mel_filterbank_4_ROM_AUTO_1R' using auto ROMs.
INFO: [RTMG 210-279] Implementing memory 'mfcc_feature_1_mel_p_ZL14mel_filterbank_5_ROM_AUTO_1R' using auto ROMs.
INFO: [RTMG 210-279] Implementing memory 'mfcc_feature_1_mel_p_ZL14mel_filterbank_6_ROM_AUTO_1R' using auto ROMs.
INFO: [RTMG 210-279] Implementing memory 'mfcc_feature_1_mel_p_ZL14mel_filterbank_7_ROM_AUTO_1R' using auto ROMs.
INFO: [RTMG 210-279] Implementing memory 'mfcc_feature_1_mel_p_ZL14mel_filterbank_8_ROM_AUTO_1R' using auto ROMs.
INFO: [RTMG 210-279] Implementing memory 'mfcc_feature_1_mel_p_ZL14mel_filterbank_9_ROM_AUTO_1R' using auto ROMs.
INFO: [RTMG 210-279] Implementing memory 'mfcc_feature_1_mel_p_ZL14mel_filterbank_10_ROM_AUTO_1R' using auto ROMs.
INFO: [RTMG 210-279] Implementing memory 'mfcc_feature_1_mel_p_ZL14mel_filterbank_11_ROM_AUTO_1R' using auto ROMs.
INFO: [RTMG 210-279] Implementing memory 'mfcc_feature_1_mel_p_ZL14mel_filterbank_12_ROM_AUTO_1R' using auto ROMs.
INFO: [RTMG 210-279] Implementing memory 'mfcc_feature_1_mel_p_ZL14mel_filterbank_13_ROM_AUTO_1R' using auto ROMs.
INFO: [RTMG 210-279] Implementing memory 'mfcc_feature_1_mel_p_ZL14mel_filterbank_14_ROM_AUTO_1R' using auto ROMs.
INFO: [RTMG 210-279] Implementing memory 'mfcc_feature_1_mel_p_ZL14mel_filterbank_15_ROM_AUTO_1R' using auto ROMs.
INFO: [RTMG 210-279] Implementing memory 'mfcc_feature_1_mel_p_ZL14mel_filterbank_16_ROM_AUTO_1R' using auto ROMs.
INFO: [RTMG 210-279] Implementing memory 'mfcc_feature_1_mel_p_ZL14mel_filterbank_17_ROM_AUTO_1R' using auto ROMs.
INFO: [RTMG 210-279] Implementing memory 'mfcc_feature_1_mel_p_ZL14mel_filterbank_18_ROM_AUTO_1R' using auto ROMs.
INFO: [RTMG 210-279] Implementing memory 'mfcc_feature_1_mel_p_ZL14mel_filterbank_19_ROM_AUTO_1R' using auto ROMs.
INFO: [RTMG 210-279] Implementing memory 'mfcc_feature_1_mel_p_ZL14mel_filterbank_20_ROM_AUTO_1R' using auto ROMs.
INFO: [RTMG 210-279] Implementing memory 'mfcc_feature_1_mel_p_ZL14mel_filterbank_21_ROM_AUTO_1R' using auto ROMs.
INFO: [RTMG 210-279] Implementing memory 'mfcc_feature_1_mel_p_ZL14mel_filterbank_22_ROM_AUTO_1R' using auto ROMs.
INFO: [RTMG 210-279] Implementing memory 'mfcc_feature_1_mel_p_ZL14mel_filterbank_23_ROM_AUTO_1R' using auto ROMs.
INFO: [RTMG 210-279] Implementing memory 'mfcc_feature_1_mel_p_ZL14mel_filterbank_24_ROM_AUTO_1R' using auto ROMs.
INFO: [RTMG 210-279] Implementing memory 'mfcc_feature_1_mel_p_ZL14mel_filterbank_25_ROM_AUTO_1R' using auto ROMs.
INFO: [RTMG 210-279] Implementing memory 'mfcc_feature_1_mel_p_ZL14mel_filterbank_26_ROM_AUTO_1R' using auto ROMs.
INFO: [RTMG 210-279] Implementing memory 'mfcc_feature_1_mel_p_ZL14mel_filterbank_27_ROM_AUTO_1R' using auto ROMs.
INFO: [RTMG 210-279] Implementing memory 'mfcc_feature_1_mel_p_ZL14mel_filterbank_28_ROM_AUTO_1R' using auto ROMs.
INFO: [RTMG 210-279] Implementing memory 'mfcc_feature_1_mel_p_ZL14mel_filterbank_29_ROM_AUTO_1R' using auto ROMs.
INFO: [HLS 200-111] Finished Creating RTL model: CPU user time: 0 seconds. CPU system time: 0 seconds. Elapsed time: 0.738 seconds; current allocated memory: 1.138 GB.
INFO: [HLS 200-10] ----------------------------------------------------------------
INFO: [HLS 200-10] -- Generating RTL for module 'mfcc_Pipeline_VITIS_LOOP_201_1' 
INFO: [HLS 200-10] ----------------------------------------------------------------
INFO: [SYN 201-210] Renamed object name 'mfcc_Pipeline_VITIS_LOOP_201_1_log_apfixed_reduce_log_inverse_lut_table_array_ROM_AUTO_1R' to 'mfcc_Pipeline_VITIS_LOOP_201_1_log_apfixed_reduce_log_inverse_lut_table_arraybkb' due to the length limit 80
INFO: [SYN 201-210] Renamed object name 'mfcc_Pipeline_VITIS_LOOP_201_1_log_apfixed_reduce_log0_lut_table_ap_fixed_0_5_64_array_ROM_AUTO_1R' to 'mfcc_Pipeline_VITIS_LOOP_201_1_log_apfixed_reduce_log0_lut_table_ap_fixed_0_5cud' due to the length limit 80
INFO: [SYN 201-210] Renamed object name 'mfcc_Pipeline_VITIS_LOOP_201_1_log_apfixed_reduce_log_lut_table_ap_fixed_4_4_16_array_ROM_AUTO_1R' to 'mfcc_Pipeline_VITIS_LOOP_201_1_log_apfixed_reduce_log_lut_table_ap_fixed_4_4_dEe' due to the length limit 80
INFO: [HLS 200-1030] Apply Unified Pipeline Control on module 'mfcc_Pipeline_VITIS_LOOP_201_1' pipeline 'VITIS_LOOP_201_1' pipeline type 'loop pipeline'
INFO: [RTGEN 206-100] Generating core module 'mac_mulsub_24ns_4ns_29ns_29_4_1': 1 instance(s).
INFO: [RTGEN 206-100] Generating core module 'mul_29s_6ns_29_2_1': 1 instance(s).
INFO: [RTGEN 206-100] Generating core module 'mul_5s_23ns_28_1_1': 1 instance(s).
INFO: [RTGEN 206-100] Generating core module 'mul_9ns_9ns_18_1_1': 1 instance(s).
INFO: [RTGEN 206-100] Finished creating RTL model for 'mfcc_Pipeline_VITIS_LOOP_201_1'.
INFO: [RTMG 210-279] Implementing memory 'mfcc_mfcc_Pipeline_VITIS_LOOP_201_1_log_apfixed_reduce_log_inverse_lut_table_arraybkb' using auto ROMs.
INFO: [RTMG 210-279] Implementing memory 'mfcc_mfcc_Pipeline_VITIS_LOOP_201_1_log_apfixed_reduce_log0_lut_table_ap_fixed_0_5cud' using auto ROMs.
INFO: [RTMG 210-279] Implementing memory 'mfcc_mfcc_Pipeline_VITIS_LOOP_201_1_log_apfixed_reduce_log_lut_table_ap_fixed_4_4_dEe' using auto ROMs.
INFO: [HLS 200-111] Finished Creating RTL model: CPU user time: 0 seconds. CPU system time: 1 seconds. Elapsed time: 1.003 seconds; current allocated memory: 1.146 GB.
INFO: [HLS 200-10] ----------------------------------------------------------------
INFO: [HLS 200-10] -- Generating RTL for module 'mfcc_Pipeline_task_6' 
INFO: [HLS 200-10] ----------------------------------------------------------------
INFO: [HLS 200-1030] Apply Unified Pipeline Control on module 'mfcc_Pipeline_task_6' pipeline 'task_6' pipeline type 'loop pipeline'
INFO: [RTGEN 206-100] Finished creating RTL model for 'mfcc_Pipeline_task_6'.
INFO: [HLS 200-111] Finished Creating RTL model: CPU user time: 1 seconds. CPU system time: 0 seconds. Elapsed time: 0.671 seconds; current allocated memory: 1.151 GB.
INFO: [HLS 200-10] ----------------------------------------------------------------
INFO: [HLS 200-10] -- Generating RTL for module 'mfcc' 
INFO: [HLS 200-10] ----------------------------------------------------------------
WARNING: [RTGEN 206-101] Design contains AXI ports. Reset is fixed to synchronous and active low.
INFO: [RTGEN 206-500] Setting interface mode on port 'mfcc/in_stream_V_data_V' to 'axis' (register, both mode).
INFO: [RTGEN 206-500] Setting interface mode on port 'mfcc/in_stream_V_keep_V' to 'axis' (register, both mode).
INFO: [RTGEN 206-500] Setting interface mode on port 'mfcc/in_stream_V_strb_V' to 'axis' (register, both mode).
INFO: [RTGEN 206-500] Setting interface mode on port 'mfcc/in_stream_V_last_V' to 'axis' (register, both mode).
INFO: [RTGEN 206-500] Setting interface mode on port 'mfcc/out_stream_V_data_V' to 'axis' (register, both mode).
INFO: [RTGEN 206-500] Setting interface mode on port 'mfcc/out_stream_V_keep_V' to 'axis' (register, both mode).
INFO: [RTGEN 206-500] Setting interface mode on port 'mfcc/out_stream_V_strb_V' to 'axis' (register, both mode).
INFO: [RTGEN 206-500] Setting interface mode on port 'mfcc/out_stream_V_last_V' to 'axis' (register, both mode).
INFO: [RTGEN 206-500] Setting interface mode on function 'mfcc' to 'ap_ctrl_none'.
INFO: [RTGEN 206-100] Finished creating RTL model for 'mfcc'.
INFO: [RTMG 210-278] Implementing memory 'mfcc_abs_spectrogram_RAM_AUTO_1R1W' using auto RAMs.
INFO: [RTMG 210-278] Implementing memory 'mfcc_mel_filtered_RAM_AUTO_1R1W' using auto RAMs.
INFO: [RTMG 210-278] Implementing memory 'mfcc_mfcc_1_RAM_AUTO_1R1W' using auto RAMs.
INFO: [HLS 200-111] Finished Creating RTL model: CPU user time: 0 seconds. CPU system time: 0 seconds. Elapsed time: 0.39 seconds; current allocated memory: 1.152 GB.
INFO: [HLS 200-111] Finished Generating all RTL models: CPU user time: 0 seconds. CPU system time: 1 seconds. Elapsed time: 2.552 seconds; current allocated memory: 1.156 GB.
INFO: [HLS 200-111] Finished Updating report files: CPU user time: 1 seconds. CPU system time: 0 seconds. Elapsed time: 1.227 seconds; current allocated memory: 1.164 GB.
INFO: [VHDL 208-304] Generating VHDL RTL for mfcc.
INFO: [VLOG 209-307] Generating Verilog RTL for mfcc.
INFO: [HLS 200-790] **** Loop Constraint Status: All loop constraints were NOT satisfied.
INFO: [HLS 200-789] **** Estimated Fmax: 145.43 MHz
INFO: [HLS 200-111] Finished Command csynth_design CPU user time: 5 seconds. CPU system time: 2 seconds. Elapsed time: 33.421 seconds; current allocated memory: 132.668 MB.
==============================================================
Vitis HLS - High-Level Synthesis from C, C++ and OpenCL v2023.1 (64-bit)
Tool Version Limit: 2023.05
Copyright 1986-2022 Xilinx, Inc. All Rights Reserved.
Copyright 2022-2023 Advanced Micro Devices, Inc. All Rights Reserved.

==============================================================
INFO: [SYN 201-201] Setting up clock 'default' with a period of 10ns.
INFO: [HLS 200-1611] Setting target device to 'xc7a100t-csg324-1'
INFO: [HLS 200-1505] Using flow_target 'vivado'
INFO: [HLS 200-1464] Running solution command: config_export -display_name=mfcc2
INFO: [HLS 200-1464] Running solution command: config_export -format=ip_catalog
INFO: [HLS 200-1464] Running solution command: config_export -output=C:/Users/the5t/OneDrive/Documents/GitHub/rwth-lab-fpga-WIP
INFO: [HLS 200-1464] Running solution command: config_export -rtl=verilog
INFO: [HLS 200-1510] Running: set_part xc7a100t-csg324-1 
INFO: [HLS 200-1510] Running: create_clock -period 10 -name default 
INFO: [HLS 200-1510] Running: config_export -display_name mfcc2 -format ip_catalog -output C:/Users/the5t/OneDrive/Documents/GitHub/rwth-lab-fpga-WIP -rtl verilog 
INFO: [HLS 200-1510] Running: source ./audrey_4_hls/solution1/directives.tcl
INFO: [HLS 200-1510] Running: set_directive_top -name mfcc mfcc 
INFO: [HLS 200-1510] Running: export_design -rtl verilog -format ip_catalog -output C:/Users/the5t/OneDrive/Documents/GitHub/rwth-lab-fpga-WIP 
INFO: [IMPL 213-8] Exporting RTL as a Vivado IP.
INFO: [HLS 200-802] Generated output file C:/Users/the5t/OneDrive/Documents/GitHub/rwth-lab-fpga-WIP/export.zip
INFO: [HLS 200-111] Finished Command export_design CPU user time: 0 seconds. CPU system time: 0 seconds. Elapsed time: 18.073 seconds; current allocated memory: 7.242 MB.
==============================================================
Vitis HLS - High-Level Synthesis from C, C++ and OpenCL v2023.1 (64-bit)
Tool Version Limit: 2023.05
Copyright 1986-2022 Xilinx, Inc. All Rights Reserved.
Copyright 2022-2023 Advanced Micro Devices, Inc. All Rights Reserved.

==============================================================
INFO: [SYN 201-201] Setting up clock 'default' with a period of 10ns.
INFO: [HLS 200-1611] Setting target device to 'xc7a100t-csg324-1'
INFO: [HLS 200-1505] Using flow_target 'vivado'
INFO: [HLS 200-1464] Running solution command: config_export -display_name=mfcc2
INFO: [HLS 200-1464] Running solution command: config_export -format=ip_catalog
INFO: [HLS 200-1464] Running solution command: config_export -output=C:/Users/the5t/OneDrive/Documents/GitHub/rwth-lab-fpga-WIP
INFO: [HLS 200-1464] Running solution command: config_export -rtl=verilog
INFO: [HLS 200-1510] Running: set_part xc7a100t-csg324-1 
INFO: [HLS 200-1510] Running: create_clock -period 10 -name default 
INFO: [HLS 200-1510] Running: config_export -display_name mfcc2 -format ip_catalog -output C:/Users/the5t/OneDrive/Documents/GitHub/rwth-lab-fpga-WIP -rtl verilog 
INFO: [HLS 200-1510] Running: source ./audrey_4_hls/solution1/directives.tcl
INFO: [HLS 200-1510] Running: set_directive_top -name mfcc mfcc 
INFO: [HLS 200-1510] Running: csynth_design 
INFO: [HLS 200-111] Finished File checks and directory preparation: CPU user time: 0 seconds. CPU system time: 0 seconds. Elapsed time: 0.098 seconds; current allocated memory: 1.035 GB.
INFO: [HLS 200-10] Analyzing design file 'audrey_4_hls/mfcc.cpp' ... 
WARNING: [HLS 207-5292] unused parameter 'data_type' (C:/Xilinx/Vitis_HLS/2023.1/common/technology/autopilot\hls_fft.h:100:77)
WARNING: [HLS 207-5292] unused parameter 'has_nfft' (C:/Xilinx/Vitis_HLS/2023.1/common/technology/autopilot\hls_fft.h:125:65)
WARNING: [HLS 207-5292] unused parameter 'cp_len_enable' (C:/Xilinx/Vitis_HLS/2023.1/common/technology/autopilot\hls_fft.h:138:66)
WARNING: [HLS 207-5292] unused parameter 'scaling_opt' (C:/Xilinx/Vitis_HLS/2023.1/common/technology/autopilot\hls_fft.h:151:68)
WARNING: [HLS 207-5292] unused parameter 'scaling_opt' (C:/Xilinx/Vitis_HLS/2023.1/common/technology/autopilot\hls_fft.h:315:71)
WARNING: [HLS 207-5292] unused parameter 'has_ovflo' (C:/Xilinx/Vitis_HLS/2023.1/common/technology/autopilot\hls_fft.h:328:66)
WARNING: [HLS 207-5292] unused parameter 'audio' (audrey_4_hls/mfcc.cpp:145:38)
INFO: [HLS 200-111] Finished Source Code Analysis and Preprocessing: CPU user time: 1 seconds. CPU system time: 0 seconds. Elapsed time: 19.89 seconds; current allocated memory: 1.042 GB.
INFO: [HLS 200-777] Using interface defaults for 'Vivado' flow target.
INFO: [HLS 214-291] Loop 'VITIS_LOOP_729_1' is marked as complete unroll implied by the pipeline pragma (C:/Xilinx/Vitis_HLS/2023.1/common/technology/autopilot/etc/hls_log_apfixed.h:729:31)
INFO: [HLS 214-291] Loop 'VITIS_LOOP_187_2' is marked as complete unroll implied by the pipeline pragma (audrey_4_hls/mfcc.cpp:187:27)
INFO: [HLS 214-186] Unrolling loop 'VITIS_LOOP_729_1' (C:/Xilinx/Vitis_HLS/2023.1/common/technology/autopilot/etc/hls_log_apfixed.h:729:31) in function 'log_apfixed_reduce::log<17, 9>' completely with a factor of 17 (C:/Xilinx/Vitis_HLS/2023.1/common/technology/autopilot/etc/hls_log_apfixed.h:500:0)
INFO: [HLS 214-186] Unrolling loop 'VITIS_LOOP_187_2' (audrey_4_hls/mfcc.cpp:187:27) in function 'feature_1_mel' completely with a factor of 30 (audrey_4_hls/mfcc.cpp:179:0)
INFO: [HLS 214-178] Inlining function 'void log_apfixed_reduce::range_reduce<ap_fixed<29, 7, (ap_q_mode)5, (ap_o_mode)3, 0>, 4, 4, 24, 15>(ap_ufixed<24, -(4), (ap_q_mode)5, (ap_o_mode)3, 0>, ap_fixed<29, 7, (ap_q_mode)5, (ap_o_mode)3, 0>&, ap_ufixed<15, -(((4) + (4)) - (1)), (ap_q_mode)5, (ap_o_mode)3, 0>&)' into 'ap_ufixed<15, -7, (ap_q_mode)5, (ap_o_mode)3, 0> log_apfixed_reduce::log_traits<2>::range_reduction<24>(ap_ufixed<24, -4, (ap_q_mode)5, (ap_o_mode)3, 0>, ap_fixed<29, 7, (ap_q_mode)5, (ap_o_mode)3, 0>&)' (C:/Xilinx/Vitis_HLS/2023.1/common/technology/autopilot/etc/hls_log_apfixed.h:249:0)
INFO: [HLS 214-178] Inlining function 'ap_ufixed<15, -7, (ap_q_mode)5, (ap_o_mode)3, 0> log_apfixed_reduce::log_traits<2>::range_reduction<24>(ap_ufixed<24, -4, (ap_q_mode)5, (ap_o_mode)3, 0>, ap_fixed<29, 7, (ap_q_mode)5, (ap_o_mode)3, 0>&)' into 'ap_fixed<17, 9, (ap_q_mode)5, (ap_o_mode)3, 0> log_apfixed_reduce::log<17, 9>(ap_fixed<17, 9, (ap_q_mode)5, (ap_o_mode)3, 0>)' (C:/Xilinx/Vitis_HLS/2023.1/common/technology/autopilot/etc/hls_log_apfixed.h:500:0)
INFO: [HLS 214-178] Inlining function 'ap_fixed<17, 9, (ap_q_mode)5, (ap_o_mode)3, 0> hls::log<17, 9>(ap_fixed<17, 9, (ap_q_mode)5, (ap_o_mode)3, 0>)' into 'feature_2_log(ap_fixed<16, 8, (ap_q_mode)5, (ap_o_mode)3, 0>*, ap_fixed<16, 8, (ap_q_mode)5, (ap_o_mode)3, 0>*)' (audrey_4_hls/mfcc.cpp:199:0)
INFO: [HLS 214-178] Inlining function 'hls::x_complex<ap_fixed<16, 8, (ap_q_mode)5, (ap_o_mode)3, 0> >::real(ap_fixed<16, 8, (ap_q_mode)5, (ap_o_mode)3, 0> const&)' into 'mfcc(hls::stream<hls::axis<ap_fixed<16, 8, (ap_q_mode)5, (ap_o_mode)3, 0>, 0ul, 0ul, 0ul>, 0>&, hls::stream<hls::axis<ap_fixed<16, 8, (ap_q_mode)5, (ap_o_mode)3, 0>, 0ul, 0ul, 0ul>, 0>&)' (audrey_4_hls/mfcc.cpp:20:0)
INFO: [HLS 214-178] Inlining function 'hls::x_complex<ap_fixed<16, 8, (ap_q_mode)5, (ap_o_mode)3, 0> >::imag(ap_fixed<16, 8, (ap_q_mode)5, (ap_o_mode)3, 0> const&)' into 'mfcc(hls::stream<hls::axis<ap_fixed<16, 8, (ap_q_mode)5, (ap_o_mode)3, 0>, 0ul, 0ul, 0ul>, 0>&, hls::stream<hls::axis<ap_fixed<16, 8, (ap_q_mode)5, (ap_o_mode)3, 0>, 0ul, 0ul, 0ul>, 0>&)' (audrey_4_hls/mfcc.cpp:20:0)
INFO: [HLS 214-178] Inlining function 'feature_0_stft(hls::x_complex<ap_fixed<16, 8, (ap_q_mode)5, (ap_o_mode)3, 0> >*, ap_fixed<16, 8, (ap_q_mode)5, (ap_o_mode)3, 0>*)' into 'mfcc(hls::stream<hls::axis<ap_fixed<16, 8, (ap_q_mode)5, (ap_o_mode)3, 0>, 0ul, 0ul, 0ul>, 0>&, hls::stream<hls::axis<ap_fixed<16, 8, (ap_q_mode)5, (ap_o_mode)3, 0>, 0ul, 0ul, 0ul>, 0>&)' (audrey_4_hls/mfcc.cpp:20:0)
INFO: [HLS 214-178] Inlining function 'feature_2_log(ap_fixed<16, 8, (ap_q_mode)5, (ap_o_mode)3, 0>*, ap_fixed<16, 8, (ap_q_mode)5, (ap_o_mode)3, 0>*)' into 'mfcc(hls::stream<hls::axis<ap_fixed<16, 8, (ap_q_mode)5, (ap_o_mode)3, 0>, 0ul, 0ul, 0ul>, 0>&, hls::stream<hls::axis<ap_fixed<16, 8, (ap_q_mode)5, (ap_o_mode)3, 0>, 0ul, 0ul, 0ul>, 0>&)' (audrey_4_hls/mfcc.cpp:20:0)
WARNING: [HLS 214-167] The program may have out of bound array access (audrey_4_hls/mfcc.cpp:170:28)
INFO: [HLS 214-364] Automatically inlining function 'ap_fixed<17, 9, (ap_q_mode)5, (ap_o_mode)3, 0> log_apfixed_reduce::log<17, 9>(ap_fixed<17, 9, (ap_q_mode)5, (ap_o_mode)3, 0>)' to improve effectiveness of pipeline pragma in function 'mfcc(hls::stream<hls::axis<ap_fixed<16, 8, (ap_q_mode)5, (ap_o_mode)3, 0>, 0ul, 0ul, 0ul>, 0>&, hls::stream<hls::axis<ap_fixed<16, 8, (ap_q_mode)5, (ap_o_mode)3, 0>, 0ul, 0ul, 0ul>, 0>&)' (C:/Xilinx/Vitis_HLS/2023.1/common/technology/autopilot\hls_math.h:1208:12)
INFO: [HLS 214-270] Inferring pragma 'array_partition type=complete dim=2' for array 'mel_filterbank' due to pipeline pragma (audrey_4_hls/mfcc.cpp:182:9)
INFO: [HLS 214-248] Applying array_partition to '_ZL14mel_filterbank': Complete partitioning on dimension 2. (audrey_4_hls/mel_filterbank.h:53:0)
INFO: [HLS 200-111] Finished Compiling Optimization and Transform: CPU user time: 0 seconds. CPU system time: 0 seconds. Elapsed time: 3.19 seconds; current allocated memory: 1.043 GB.
INFO: [HLS 200-111] Finished Checking Pragmas: CPU user time: 0 seconds. CPU system time: 0 seconds. Elapsed time: 0.006 seconds; current allocated memory: 1.043 GB.
INFO: [HLS 200-10] Starting code transformations ...
INFO: [HLS 200-111] Finished Standard Transforms: CPU user time: 0 seconds. CPU system time: 0 seconds. Elapsed time: 0.2 seconds; current allocated memory: 1.052 GB.
INFO: [HLS 200-10] Checking synthesizability ...
INFO: [HLS 200-111] Finished Checking Synthesizability: CPU user time: 0 seconds. CPU system time: 0 seconds. Elapsed time: 0.082 seconds; current allocated memory: 1.055 GB.
WARNING: [ANALYSIS 214-31] The program may have out of bound access of array variable 'abs_spectrogram' in function 'mfcc' (audrey_4_hls/mfcc.cpp:170:9).
INFO: [XFORM 203-401] Performing if-conversion on hyperblock from (C:/Xilinx/Vitis_HLS/2023.1/common/technology/autopilot/etc/hls_log_apfixed.h:728:42) to (C:/Xilinx/Vitis_HLS/2023.1/common/technology/autopilot/etc/hls_log_apfixed.h:748:17) in function 'mfcc'... converting 18 basic blocks.
INFO: [XFORM 203-11] Balancing expressions in function 'mfcc' (C:/Xilinx/Vitis_HLS/2023.1/common/technology/autopilot/etc/hls_log_apfixed.h:17:6)...3 expression(s) balanced.
INFO: [XFORM 203-11] Balancing expressions in function 'feature_1_mel' (audrey_4_hls/mfcc.cpp:180:23)...29 expression(s) balanced.
INFO: [HLS 200-111] Finished Loop, function and other optimizations: CPU user time: 0 seconds. CPU system time: 0 seconds. Elapsed time: 0.232 seconds; current allocated memory: 1.079 GB.
INFO: [HLS 200-111] Finished Architecture Synthesis: CPU user time: 0 seconds. CPU system time: 0 seconds. Elapsed time: 0.164 seconds; current allocated memory: 1.118 GB.
INFO: [HLS 200-10] Starting hardware synthesis ...
INFO: [HLS 200-10] Synthesizing 'mfcc' ...
INFO: [HLS 200-10] ----------------------------------------------------------------
INFO: [HLS 200-42] -- Implementing module 'mfcc_Pipeline_task_2' 
INFO: [HLS 200-10] ----------------------------------------------------------------
INFO: [SCHED 204-11] Starting scheduling ...
INFO: [SCHED 204-61] Pipelining loop 'task_2'.
INFO: [HLS 200-1470] Pipelining result : Target II = 1, Final II = 1, Depth = 1, loop 'task_2'
INFO: [SCHED 204-11] Finished scheduling.
INFO: [HLS 200-111] Finished Scheduling: CPU user time: 0 seconds. CPU system time: 0 seconds. Elapsed time: 0.247 seconds; current allocated memory: 1.123 GB.
INFO: [BIND 205-100] Starting micro-architecture generation ...
INFO: [BIND 205-101] Performing variable lifetime analysis.
INFO: [BIND 205-101] Exploring resource sharing.
INFO: [BIND 205-101] Binding ...
INFO: [BIND 205-100] Finished micro-architecture generation.
INFO: [HLS 200-111] Finished Binding: CPU user time: 0 seconds. CPU system time: 0 seconds. Elapsed time: 0.096 seconds; current allocated memory: 1.124 GB.
INFO: [HLS 200-10] ----------------------------------------------------------------
INFO: [HLS 200-42] -- Implementing module 'mfcc_Pipeline_VITIS_LOOP_165_1' 
INFO: [HLS 200-10] ----------------------------------------------------------------
INFO: [SCHED 204-11] Starting scheduling ...
INFO: [SCHED 204-61] Pipelining loop 'VITIS_LOOP_165_1'.
INFO: [HLS 200-1470] Pipelining result : Target II = 1, Final II = 1, Depth = 1, loop 'VITIS_LOOP_165_1'
INFO: [SCHED 204-11] Finished scheduling.
INFO: [HLS 200-111] Finished Scheduling: CPU user time: 0 seconds. CPU system time: 0 seconds. Elapsed time: 0.103 seconds; current allocated memory: 1.124 GB.
INFO: [BIND 205-100] Starting micro-architecture generation ...
INFO: [BIND 205-101] Performing variable lifetime analysis.
INFO: [BIND 205-101] Exploring resource sharing.
INFO: [BIND 205-101] Binding ...
INFO: [BIND 205-100] Finished micro-architecture generation.
INFO: [HLS 200-111] Finished Binding: CPU user time: 0 seconds. CPU system time: 0 seconds. Elapsed time: 0.076 seconds; current allocated memory: 1.124 GB.
INFO: [HLS 200-10] ----------------------------------------------------------------
INFO: [HLS 200-42] -- Implementing module 'feature_1_mel' 
INFO: [HLS 200-10] ----------------------------------------------------------------
INFO: [SCHED 204-11] Starting scheduling ...
INFO: [SCHED 204-61] Pipelining loop 'VITIS_LOOP_180_1'.
WARNING: [HLS 200-885] The II Violation in module 'feature_1_mel' (loop 'VITIS_LOOP_180_1'): Unable to schedule 'load' operation ('abs_spectrogram_load_1', audrey_4_hls/mfcc.cpp:188) on array 'abs_spectrogram' due to limited memory ports (II = 1). Please consider using a memory core with more ports or partitioning the array 'abs_spectrogram'.
WARNING: [HLS 200-885] The II Violation in module 'feature_1_mel' (loop 'VITIS_LOOP_180_1'): Unable to schedule 'load' operation ('abs_spectrogram_load_3', audrey_4_hls/mfcc.cpp:188) on array 'abs_spectrogram' due to limited memory ports (II = 2). Please consider using a memory core with more ports or partitioning the array 'abs_spectrogram'.
WARNING: [HLS 200-885] The II Violation in module 'feature_1_mel' (loop 'VITIS_LOOP_180_1'): Unable to schedule 'load' operation ('abs_spectrogram_load_5', audrey_4_hls/mfcc.cpp:188) on array 'abs_spectrogram' due to limited memory ports (II = 3). Please consider using a memory core with more ports or partitioning the array 'abs_spectrogram'.
WARNING: [HLS 200-885] The II Violation in module 'feature_1_mel' (loop 'VITIS_LOOP_180_1'): Unable to schedule 'load' operation ('abs_spectrogram_load_7', audrey_4_hls/mfcc.cpp:188) on array 'abs_spectrogram' due to limited memory ports (II = 4). Please consider using a memory core with more ports or partitioning the array 'abs_spectrogram'.
WARNING: [HLS 200-885] The II Violation in module 'feature_1_mel' (loop 'VITIS_LOOP_180_1'): Unable to schedule 'load' operation ('abs_spectrogram_load_21', audrey_4_hls/mfcc.cpp:188) on array 'abs_spectrogram' due to limited memory ports (II = 11). Please consider using a memory core with more ports or partitioning the array 'abs_spectrogram'.
WARNING: [HLS 200-885] The II Violation in module 'feature_1_mel' (loop 'VITIS_LOOP_180_1'): Unable to schedule 'load' operation ('abs_spectrogram_load_25', audrey_4_hls/mfcc.cpp:188) on array 'abs_spectrogram' due to limited memory ports (II = 13). Please consider using a memory core with more ports or partitioning the array 'abs_spectrogram'.
WARNING: [HLS 200-885] The II Violation in module 'feature_1_mel' (loop 'VITIS_LOOP_180_1'): Unable to schedule 'load' operation ('abs_spectrogram_load_27', audrey_4_hls/mfcc.cpp:188) on array 'abs_spectrogram' due to limited memory ports (II = 14). Please consider using a memory core with more ports or partitioning the array 'abs_spectrogram'.
INFO: [HLS 200-1470] Pipelining result : Target II = 1, Final II = 15, Depth = 21, loop 'VITIS_LOOP_180_1'
INFO: [SCHED 204-11] Finished scheduling.
INFO: [HLS 200-111] Finished Scheduling: CPU user time: 1 seconds. CPU system time: 0 seconds. Elapsed time: 0.805 seconds; current allocated memory: 1.128 GB.
INFO: [BIND 205-100] Starting micro-architecture generation ...
INFO: [BIND 205-101] Performing variable lifetime analysis.
INFO: [BIND 205-101] Exploring resource sharing.
INFO: [BIND 205-101] Binding ...
INFO: [BIND 205-100] Finished micro-architecture generation.
INFO: [HLS 200-111] Finished Binding: CPU user time: 0 seconds. CPU system time: 0 seconds. Elapsed time: 0.325 seconds; current allocated memory: 1.128 GB.
INFO: [HLS 200-10] ----------------------------------------------------------------
INFO: [HLS 200-42] -- Implementing module 'mfcc_Pipeline_VITIS_LOOP_200_1' 
INFO: [HLS 200-10] ----------------------------------------------------------------
INFO: [SCHED 204-11] Starting scheduling ...
INFO: [HLS 200-486] Changing DSP latency (root=mul_ln184) to 3 in order to utilize available DSP registers.
INFO: [SCHED 204-61] Pipelining loop 'VITIS_LOOP_200_1'.
INFO: [HLS 200-1470] Pipelining result : Target II = 1, Final II = 1, Depth = 13, loop 'VITIS_LOOP_200_1'
INFO: [SCHED 204-11] Finished scheduling.
INFO: [HLS 200-111] Finished Scheduling: CPU user time: 0 seconds. CPU system time: 0 seconds. Elapsed time: 0.507 seconds; current allocated memory: 1.130 GB.
INFO: [BIND 205-100] Starting micro-architecture generation ...
INFO: [BIND 205-101] Performing variable lifetime analysis.
INFO: [BIND 205-101] Exploring resource sharing.
INFO: [BIND 205-101] Binding ...
INFO: [BIND 205-100] Finished micro-architecture generation.
INFO: [HLS 200-111] Finished Binding: CPU user time: 0 seconds. CPU system time: 0 seconds. Elapsed time: 0.171 seconds; current allocated memory: 1.131 GB.
INFO: [HLS 200-10] ----------------------------------------------------------------
INFO: [HLS 200-42] -- Implementing module 'mfcc_Pipeline_task_6' 
INFO: [HLS 200-10] ----------------------------------------------------------------
INFO: [SCHED 204-11] Starting scheduling ...
INFO: [SCHED 204-61] Pipelining loop 'task_6'.
INFO: [HLS 200-1470] Pipelining result : Target II = 1, Final II = 1, Depth = 2, loop 'task_6'
INFO: [SCHED 204-11] Finished scheduling.
INFO: [HLS 200-111] Finished Scheduling: CPU user time: 0 seconds. CPU system time: 0 seconds. Elapsed time: 0.155 seconds; current allocated memory: 1.131 GB.
INFO: [BIND 205-100] Starting micro-architecture generation ...
INFO: [BIND 205-101] Performing variable lifetime analysis.
INFO: [BIND 205-101] Exploring resource sharing.
INFO: [BIND 205-101] Binding ...
INFO: [BIND 205-100] Finished micro-architecture generation.
INFO: [HLS 200-111] Finished Binding: CPU user time: 0 seconds. CPU system time: 0 seconds. Elapsed time: 0.077 seconds; current allocated memory: 1.131 GB.
INFO: [HLS 200-10] ----------------------------------------------------------------
INFO: [HLS 200-42] -- Implementing module 'mfcc' 
INFO: [HLS 200-10] ----------------------------------------------------------------
INFO: [SCHED 204-11] Starting scheduling ...
INFO: [SCHED 204-11] Finished scheduling.
INFO: [HLS 200-111] Finished Scheduling: CPU user time: 0 seconds. CPU system time: 0 seconds. Elapsed time: 0.088 seconds; current allocated memory: 1.131 GB.
INFO: [BIND 205-100] Starting micro-architecture generation ...
INFO: [BIND 205-101] Performing variable lifetime analysis.
INFO: [BIND 205-101] Exploring resource sharing.
INFO: [BIND 205-101] Binding ...
INFO: [BIND 205-100] Finished micro-architecture generation.
INFO: [HLS 200-111] Finished Binding: CPU user time: 0 seconds. CPU system time: 0 seconds. Elapsed time: 0.145 seconds; current allocated memory: 1.131 GB.
INFO: [HLS 200-10] ----------------------------------------------------------------
INFO: [HLS 200-10] -- Generating RTL for module 'mfcc_Pipeline_task_2' 
INFO: [HLS 200-10] ----------------------------------------------------------------
INFO: [RTGEN 206-100] Finished creating RTL model for 'mfcc_Pipeline_task_2'.
INFO: [HLS 200-111] Finished Creating RTL model: CPU user time: 0 seconds. CPU system time: 0 seconds. Elapsed time: 0.104 seconds; current allocated memory: 1.132 GB.
INFO: [HLS 200-10] ----------------------------------------------------------------
INFO: [HLS 200-10] -- Generating RTL for module 'mfcc_Pipeline_VITIS_LOOP_165_1' 
INFO: [HLS 200-10] ----------------------------------------------------------------
INFO: [RTGEN 206-100] Finished creating RTL model for 'mfcc_Pipeline_VITIS_LOOP_165_1'.
INFO: [HLS 200-111] Finished Creating RTL model: CPU user time: 0 seconds. CPU system time: 0 seconds. Elapsed time: 0.134 seconds; current allocated memory: 1.134 GB.
INFO: [HLS 200-10] ----------------------------------------------------------------
INFO: [HLS 200-10] -- Generating RTL for module 'feature_1_mel' 
INFO: [HLS 200-10] ----------------------------------------------------------------
INFO: [HLS 200-1030] Apply Unified Pipeline Control on module 'feature_1_mel' pipeline 'VITIS_LOOP_180_1' pipeline type 'loop pipeline'
INFO: [RTGEN 206-100] Generating core module 'mul_5ns_9s_14_1_1': 1 instance(s).
INFO: [RTGEN 206-100] Generating core module 'mul_6ns_9s_15_1_1': 2 instance(s).
INFO: [RTGEN 206-100] Generating core module 'mul_7ns_9s_16_1_1': 4 instance(s).
INFO: [RTGEN 206-100] Generating core module 'mul_8ns_9s_17_1_1': 23 instance(s).
INFO: [RTGEN 206-100] Finished creating RTL model for 'feature_1_mel'.
INFO: [RTMG 210-279] Implementing memory 'mfcc_feature_1_mel_first_ind_ROM_AUTO_1R' using auto ROMs.
INFO: [RTMG 210-279] Implementing memory 'mfcc_feature_1_mel_p_ZL14mel_filterbank_0_ROM_AUTO_1R' using auto ROMs.
INFO: [RTMG 210-279] Implementing memory 'mfcc_feature_1_mel_p_ZL14mel_filterbank_1_ROM_AUTO_1R' using auto ROMs.
INFO: [RTMG 210-279] Implementing memory 'mfcc_feature_1_mel_p_ZL14mel_filterbank_2_ROM_AUTO_1R' using auto ROMs.
INFO: [RTMG 210-279] Implementing memory 'mfcc_feature_1_mel_p_ZL14mel_filterbank_3_ROM_AUTO_1R' using auto ROMs.
INFO: [RTMG 210-279] Implementing memory 'mfcc_feature_1_mel_p_ZL14mel_filterbank_4_ROM_AUTO_1R' using auto ROMs.
INFO: [RTMG 210-279] Implementing memory 'mfcc_feature_1_mel_p_ZL14mel_filterbank_5_ROM_AUTO_1R' using auto ROMs.
INFO: [RTMG 210-279] Implementing memory 'mfcc_feature_1_mel_p_ZL14mel_filterbank_6_ROM_AUTO_1R' using auto ROMs.
INFO: [RTMG 210-279] Implementing memory 'mfcc_feature_1_mel_p_ZL14mel_filterbank_7_ROM_AUTO_1R' using auto ROMs.
INFO: [RTMG 210-279] Implementing memory 'mfcc_feature_1_mel_p_ZL14mel_filterbank_8_ROM_AUTO_1R' using auto ROMs.
INFO: [RTMG 210-279] Implementing memory 'mfcc_feature_1_mel_p_ZL14mel_filterbank_9_ROM_AUTO_1R' using auto ROMs.
INFO: [RTMG 210-279] Implementing memory 'mfcc_feature_1_mel_p_ZL14mel_filterbank_10_ROM_AUTO_1R' using auto ROMs.
INFO: [RTMG 210-279] Implementing memory 'mfcc_feature_1_mel_p_ZL14mel_filterbank_11_ROM_AUTO_1R' using auto ROMs.
INFO: [RTMG 210-279] Implementing memory 'mfcc_feature_1_mel_p_ZL14mel_filterbank_12_ROM_AUTO_1R' using auto ROMs.
INFO: [RTMG 210-279] Implementing memory 'mfcc_feature_1_mel_p_ZL14mel_filterbank_13_ROM_AUTO_1R' using auto ROMs.
INFO: [RTMG 210-279] Implementing memory 'mfcc_feature_1_mel_p_ZL14mel_filterbank_14_ROM_AUTO_1R' using auto ROMs.
INFO: [RTMG 210-279] Implementing memory 'mfcc_feature_1_mel_p_ZL14mel_filterbank_15_ROM_AUTO_1R' using auto ROMs.
INFO: [RTMG 210-279] Implementing memory 'mfcc_feature_1_mel_p_ZL14mel_filterbank_16_ROM_AUTO_1R' using auto ROMs.
INFO: [RTMG 210-279] Implementing memory 'mfcc_feature_1_mel_p_ZL14mel_filterbank_17_ROM_AUTO_1R' using auto ROMs.
INFO: [RTMG 210-279] Implementing memory 'mfcc_feature_1_mel_p_ZL14mel_filterbank_18_ROM_AUTO_1R' using auto ROMs.
INFO: [RTMG 210-279] Implementing memory 'mfcc_feature_1_mel_p_ZL14mel_filterbank_19_ROM_AUTO_1R' using auto ROMs.
INFO: [RTMG 210-279] Implementing memory 'mfcc_feature_1_mel_p_ZL14mel_filterbank_20_ROM_AUTO_1R' using auto ROMs.
INFO: [RTMG 210-279] Implementing memory 'mfcc_feature_1_mel_p_ZL14mel_filterbank_21_ROM_AUTO_1R' using auto ROMs.
INFO: [RTMG 210-279] Implementing memory 'mfcc_feature_1_mel_p_ZL14mel_filterbank_22_ROM_AUTO_1R' using auto ROMs.
INFO: [RTMG 210-279] Implementing memory 'mfcc_feature_1_mel_p_ZL14mel_filterbank_23_ROM_AUTO_1R' using auto ROMs.
INFO: [RTMG 210-279] Implementing memory 'mfcc_feature_1_mel_p_ZL14mel_filterbank_24_ROM_AUTO_1R' using auto ROMs.
INFO: [RTMG 210-279] Implementing memory 'mfcc_feature_1_mel_p_ZL14mel_filterbank_25_ROM_AUTO_1R' using auto ROMs.
INFO: [RTMG 210-279] Implementing memory 'mfcc_feature_1_mel_p_ZL14mel_filterbank_26_ROM_AUTO_1R' using auto ROMs.
INFO: [RTMG 210-279] Implementing memory 'mfcc_feature_1_mel_p_ZL14mel_filterbank_27_ROM_AUTO_1R' using auto ROMs.
INFO: [RTMG 210-279] Implementing memory 'mfcc_feature_1_mel_p_ZL14mel_filterbank_28_ROM_AUTO_1R' using auto ROMs.
INFO: [RTMG 210-279] Implementing memory 'mfcc_feature_1_mel_p_ZL14mel_filterbank_29_ROM_AUTO_1R' using auto ROMs.
INFO: [HLS 200-111] Finished Creating RTL model: CPU user time: 0 seconds. CPU system time: 0 seconds. Elapsed time: 1.482 seconds; current allocated memory: 1.139 GB.
INFO: [HLS 200-10] ----------------------------------------------------------------
INFO: [HLS 200-10] -- Generating RTL for module 'mfcc_Pipeline_VITIS_LOOP_200_1' 
INFO: [HLS 200-10] ----------------------------------------------------------------
INFO: [SYN 201-210] Renamed object name 'mfcc_Pipeline_VITIS_LOOP_200_1_log_apfixed_reduce_log_inverse_lut_table_array_ROM_AUTO_1R' to 'mfcc_Pipeline_VITIS_LOOP_200_1_log_apfixed_reduce_log_inverse_lut_table_arraybkb' due to the length limit 80
INFO: [SYN 201-210] Renamed object name 'mfcc_Pipeline_VITIS_LOOP_200_1_log_apfixed_reduce_log0_lut_table_ap_fixed_0_5_64_array_ROM_AUTO_1R' to 'mfcc_Pipeline_VITIS_LOOP_200_1_log_apfixed_reduce_log0_lut_table_ap_fixed_0_5cud' due to the length limit 80
INFO: [SYN 201-210] Renamed object name 'mfcc_Pipeline_VITIS_LOOP_200_1_log_apfixed_reduce_log_lut_table_ap_fixed_4_4_16_array_ROM_AUTO_1R' to 'mfcc_Pipeline_VITIS_LOOP_200_1_log_apfixed_reduce_log_lut_table_ap_fixed_4_4_dEe' due to the length limit 80
INFO: [HLS 200-1030] Apply Unified Pipeline Control on module 'mfcc_Pipeline_VITIS_LOOP_200_1' pipeline 'VITIS_LOOP_200_1' pipeline type 'loop pipeline'
INFO: [RTGEN 206-100] Generating core module 'mac_mulsub_24ns_4ns_29ns_29_4_1': 1 instance(s).
INFO: [RTGEN 206-100] Generating core module 'mul_29s_6ns_29_2_1': 1 instance(s).
INFO: [RTGEN 206-100] Generating core module 'mul_5s_23ns_28_1_1': 1 instance(s).
INFO: [RTGEN 206-100] Generating core module 'mul_9ns_9ns_18_1_1': 1 instance(s).
INFO: [RTGEN 206-100] Finished creating RTL model for 'mfcc_Pipeline_VITIS_LOOP_200_1'.
INFO: [RTMG 210-279] Implementing memory 'mfcc_mfcc_Pipeline_VITIS_LOOP_200_1_log_apfixed_reduce_log_inverse_lut_table_arraybkb' using auto ROMs.
INFO: [RTMG 210-279] Implementing memory 'mfcc_mfcc_Pipeline_VITIS_LOOP_200_1_log_apfixed_reduce_log0_lut_table_ap_fixed_0_5cud' using auto ROMs.
INFO: [RTMG 210-279] Implementing memory 'mfcc_mfcc_Pipeline_VITIS_LOOP_200_1_log_apfixed_reduce_log_lut_table_ap_fixed_4_4_dEe' using auto ROMs.
INFO: [HLS 200-111] Finished Creating RTL model: CPU user time: 1 seconds. CPU system time: 1 seconds. Elapsed time: 1.586 seconds; current allocated memory: 1.147 GB.
INFO: [HLS 200-10] ----------------------------------------------------------------
INFO: [HLS 200-10] -- Generating RTL for module 'mfcc_Pipeline_task_6' 
INFO: [HLS 200-10] ----------------------------------------------------------------
INFO: [HLS 200-1030] Apply Unified Pipeline Control on module 'mfcc_Pipeline_task_6' pipeline 'task_6' pipeline type 'loop pipeline'
INFO: [RTGEN 206-100] Finished creating RTL model for 'mfcc_Pipeline_task_6'.
INFO: [HLS 200-111] Finished Creating RTL model: CPU user time: 0 seconds. CPU system time: 0 seconds. Elapsed time: 0.958 seconds; current allocated memory: 1.152 GB.
INFO: [HLS 200-10] ----------------------------------------------------------------
INFO: [HLS 200-10] -- Generating RTL for module 'mfcc' 
INFO: [HLS 200-10] ----------------------------------------------------------------
WARNING: [RTGEN 206-101] Design contains AXI ports. Reset is fixed to synchronous and active low.
INFO: [RTGEN 206-500] Setting interface mode on port 'mfcc/in_stream_V_data_V' to 'axis' (register, both mode).
INFO: [RTGEN 206-500] Setting interface mode on port 'mfcc/in_stream_V_keep_V' to 'axis' (register, both mode).
INFO: [RTGEN 206-500] Setting interface mode on port 'mfcc/in_stream_V_strb_V' to 'axis' (register, both mode).
INFO: [RTGEN 206-500] Setting interface mode on port 'mfcc/in_stream_V_last_V' to 'axis' (register, both mode).
INFO: [RTGEN 206-500] Setting interface mode on port 'mfcc/out_stream_V_data_V' to 'axis' (register, both mode).
INFO: [RTGEN 206-500] Setting interface mode on port 'mfcc/out_stream_V_keep_V' to 'axis' (register, both mode).
INFO: [RTGEN 206-500] Setting interface mode on port 'mfcc/out_stream_V_strb_V' to 'axis' (register, both mode).
INFO: [RTGEN 206-500] Setting interface mode on port 'mfcc/out_stream_V_last_V' to 'axis' (register, both mode).
INFO: [RTGEN 206-500] Setting interface mode on function 'mfcc' to 'ap_ctrl_none'.
INFO: [RTGEN 206-100] Finished creating RTL model for 'mfcc'.
INFO: [RTMG 210-278] Implementing memory 'mfcc_abs_spectrogram_RAM_AUTO_1R1W' using auto RAMs.
INFO: [RTMG 210-278] Implementing memory 'mfcc_mel_filtered_RAM_AUTO_1R1W' using auto RAMs.
INFO: [RTMG 210-278] Implementing memory 'mfcc_mfcc_1_RAM_AUTO_1R1W' using auto RAMs.
INFO: [HLS 200-111] Finished Creating RTL model: CPU user time: 0 seconds. CPU system time: 0 seconds. Elapsed time: 0.479 seconds; current allocated memory: 1.152 GB.
INFO: [HLS 200-111] Finished Generating all RTL models: CPU user time: 1 seconds. CPU system time: 0 seconds. Elapsed time: 1.476 seconds; current allocated memory: 1.157 GB.
INFO: [HLS 200-111] Finished Updating report files: CPU user time: 0 seconds. CPU system time: 1 seconds. Elapsed time: 1.144 seconds; current allocated memory: 1.164 GB.
INFO: [VHDL 208-304] Generating VHDL RTL for mfcc.
INFO: [VLOG 209-307] Generating Verilog RTL for mfcc.
INFO: [HLS 200-790] **** Loop Constraint Status: All loop constraints were NOT satisfied.
INFO: [HLS 200-789] **** Estimated Fmax: 145.43 MHz
INFO: [HLS 200-111] Finished Command csynth_design CPU user time: 5 seconds. CPU system time: 2 seconds. Elapsed time: 34.333 seconds; current allocated memory: 132.746 MB.
==============================================================
Vitis HLS - High-Level Synthesis from C, C++ and OpenCL v2023.1 (64-bit)
Tool Version Limit: 2023.05
Copyright 1986-2022 Xilinx, Inc. All Rights Reserved.
Copyright 2022-2023 Advanced Micro Devices, Inc. All Rights Reserved.

==============================================================
INFO: [SYN 201-201] Setting up clock 'default' with a period of 10ns.
INFO: [HLS 200-1611] Setting target device to 'xc7a100t-csg324-1'
INFO: [HLS 200-1505] Using flow_target 'vivado'
INFO: [HLS 200-1464] Running solution command: config_export -display_name=mfcc2
INFO: [HLS 200-1464] Running solution command: config_export -format=ip_catalog
INFO: [HLS 200-1464] Running solution command: config_export -output=C:/Users/the5t/OneDrive/Documents/GitHub/rwth-lab-fpga-WIP
INFO: [HLS 200-1464] Running solution command: config_export -rtl=verilog
INFO: [HLS 200-1510] Running: set_part xc7a100t-csg324-1 
INFO: [HLS 200-1510] Running: create_clock -period 10 -name default 
INFO: [HLS 200-1510] Running: config_export -display_name mfcc2 -format ip_catalog -output C:/Users/the5t/OneDrive/Documents/GitHub/rwth-lab-fpga-WIP -rtl verilog 
INFO: [HLS 200-1510] Running: source ./audrey_4_hls/solution1/directives.tcl
INFO: [HLS 200-1510] Running: set_directive_top -name mfcc mfcc 
INFO: [HLS 200-1510] Running: csynth_design 
INFO: [HLS 200-111] Finished File checks and directory preparation: CPU user time: 0 seconds. CPU system time: 0 seconds. Elapsed time: 0.088 seconds; current allocated memory: 1.035 GB.
INFO: [HLS 200-10] Analyzing design file 'audrey_4_hls/mfcc.cpp' ... 
WARNING: [HLS 207-5292] unused parameter 'data_type' (C:/Xilinx/Vitis_HLS/2023.1/common/technology/autopilot\hls_fft.h:100:77)
WARNING: [HLS 207-5292] unused parameter 'has_nfft' (C:/Xilinx/Vitis_HLS/2023.1/common/technology/autopilot\hls_fft.h:125:65)
WARNING: [HLS 207-5292] unused parameter 'cp_len_enable' (C:/Xilinx/Vitis_HLS/2023.1/common/technology/autopilot\hls_fft.h:138:66)
WARNING: [HLS 207-5292] unused parameter 'scaling_opt' (C:/Xilinx/Vitis_HLS/2023.1/common/technology/autopilot\hls_fft.h:151:68)
WARNING: [HLS 207-5292] unused parameter 'scaling_opt' (C:/Xilinx/Vitis_HLS/2023.1/common/technology/autopilot\hls_fft.h:315:71)
WARNING: [HLS 207-5292] unused parameter 'has_ovflo' (C:/Xilinx/Vitis_HLS/2023.1/common/technology/autopilot\hls_fft.h:328:66)
WARNING: [HLS 207-5292] unused parameter 'audio' (audrey_4_hls/mfcc.cpp:145:38)
INFO: [HLS 200-111] Finished Source Code Analysis and Preprocessing: CPU user time: 0 seconds. CPU system time: 0 seconds. Elapsed time: 18.722 seconds; current allocated memory: 1.042 GB.
INFO: [HLS 200-777] Using interface defaults for 'Vivado' flow target.
INFO: [HLS 214-291] Loop 'VITIS_LOOP_729_1' is marked as complete unroll implied by the pipeline pragma (C:/Xilinx/Vitis_HLS/2023.1/common/technology/autopilot/etc/hls_log_apfixed.h:729:31)
INFO: [HLS 214-291] Loop 'VITIS_LOOP_187_2' is marked as complete unroll implied by the pipeline pragma (audrey_4_hls/mfcc.cpp:187:27)
INFO: [HLS 214-186] Unrolling loop 'VITIS_LOOP_729_1' (C:/Xilinx/Vitis_HLS/2023.1/common/technology/autopilot/etc/hls_log_apfixed.h:729:31) in function 'log_apfixed_reduce::log<17, 9>' completely with a factor of 17 (C:/Xilinx/Vitis_HLS/2023.1/common/technology/autopilot/etc/hls_log_apfixed.h:500:0)
INFO: [HLS 214-186] Unrolling loop 'VITIS_LOOP_187_2' (audrey_4_hls/mfcc.cpp:187:27) in function 'feature_1_mel' completely with a factor of 30 (audrey_4_hls/mfcc.cpp:179:0)
INFO: [HLS 214-178] Inlining function 'void log_apfixed_reduce::range_reduce<ap_fixed<29, 7, (ap_q_mode)5, (ap_o_mode)3, 0>, 4, 4, 24, 15>(ap_ufixed<24, -(4), (ap_q_mode)5, (ap_o_mode)3, 0>, ap_fixed<29, 7, (ap_q_mode)5, (ap_o_mode)3, 0>&, ap_ufixed<15, -(((4) + (4)) - (1)), (ap_q_mode)5, (ap_o_mode)3, 0>&)' into 'ap_ufixed<15, -7, (ap_q_mode)5, (ap_o_mode)3, 0> log_apfixed_reduce::log_traits<2>::range_reduction<24>(ap_ufixed<24, -4, (ap_q_mode)5, (ap_o_mode)3, 0>, ap_fixed<29, 7, (ap_q_mode)5, (ap_o_mode)3, 0>&)' (C:/Xilinx/Vitis_HLS/2023.1/common/technology/autopilot/etc/hls_log_apfixed.h:249:0)
INFO: [HLS 214-178] Inlining function 'ap_ufixed<15, -7, (ap_q_mode)5, (ap_o_mode)3, 0> log_apfixed_reduce::log_traits<2>::range_reduction<24>(ap_ufixed<24, -4, (ap_q_mode)5, (ap_o_mode)3, 0>, ap_fixed<29, 7, (ap_q_mode)5, (ap_o_mode)3, 0>&)' into 'ap_fixed<17, 9, (ap_q_mode)5, (ap_o_mode)3, 0> log_apfixed_reduce::log<17, 9>(ap_fixed<17, 9, (ap_q_mode)5, (ap_o_mode)3, 0>)' (C:/Xilinx/Vitis_HLS/2023.1/common/technology/autopilot/etc/hls_log_apfixed.h:500:0)
INFO: [HLS 214-178] Inlining function 'ap_fixed<17, 9, (ap_q_mode)5, (ap_o_mode)3, 0> hls::log<17, 9>(ap_fixed<17, 9, (ap_q_mode)5, (ap_o_mode)3, 0>)' into 'feature_2_log(ap_fixed<16, 8, (ap_q_mode)5, (ap_o_mode)3, 0>*, ap_fixed<16, 8, (ap_q_mode)5, (ap_o_mode)3, 0>*)' (audrey_4_hls/mfcc.cpp:199:0)
INFO: [HLS 214-178] Inlining function 'hls::x_complex<ap_fixed<16, 8, (ap_q_mode)5, (ap_o_mode)3, 0> >::real(ap_fixed<16, 8, (ap_q_mode)5, (ap_o_mode)3, 0> const&)' into 'mfcc(hls::stream<hls::axis<ap_fixed<16, 8, (ap_q_mode)5, (ap_o_mode)3, 0>, 0ul, 0ul, 0ul>, 0>&, hls::stream<hls::axis<ap_fixed<16, 8, (ap_q_mode)5, (ap_o_mode)3, 0>, 0ul, 0ul, 0ul>, 0>&)' (audrey_4_hls/mfcc.cpp:20:0)
INFO: [HLS 214-178] Inlining function 'hls::x_complex<ap_fixed<16, 8, (ap_q_mode)5, (ap_o_mode)3, 0> >::imag(ap_fixed<16, 8, (ap_q_mode)5, (ap_o_mode)3, 0> const&)' into 'mfcc(hls::stream<hls::axis<ap_fixed<16, 8, (ap_q_mode)5, (ap_o_mode)3, 0>, 0ul, 0ul, 0ul>, 0>&, hls::stream<hls::axis<ap_fixed<16, 8, (ap_q_mode)5, (ap_o_mode)3, 0>, 0ul, 0ul, 0ul>, 0>&)' (audrey_4_hls/mfcc.cpp:20:0)
INFO: [HLS 214-178] Inlining function 'feature_0_stft(hls::x_complex<ap_fixed<16, 8, (ap_q_mode)5, (ap_o_mode)3, 0> >*, ap_fixed<16, 8, (ap_q_mode)5, (ap_o_mode)3, 0>*)' into 'mfcc(hls::stream<hls::axis<ap_fixed<16, 8, (ap_q_mode)5, (ap_o_mode)3, 0>, 0ul, 0ul, 0ul>, 0>&, hls::stream<hls::axis<ap_fixed<16, 8, (ap_q_mode)5, (ap_o_mode)3, 0>, 0ul, 0ul, 0ul>, 0>&)' (audrey_4_hls/mfcc.cpp:20:0)
INFO: [HLS 214-178] Inlining function 'feature_2_log(ap_fixed<16, 8, (ap_q_mode)5, (ap_o_mode)3, 0>*, ap_fixed<16, 8, (ap_q_mode)5, (ap_o_mode)3, 0>*)' into 'mfcc(hls::stream<hls::axis<ap_fixed<16, 8, (ap_q_mode)5, (ap_o_mode)3, 0>, 0ul, 0ul, 0ul>, 0>&, hls::stream<hls::axis<ap_fixed<16, 8, (ap_q_mode)5, (ap_o_mode)3, 0>, 0ul, 0ul, 0ul>, 0>&)' (audrey_4_hls/mfcc.cpp:20:0)
WARNING: [HLS 214-167] The program may have out of bound array access (audrey_4_hls/mfcc.cpp:170:28)
INFO: [HLS 214-364] Automatically inlining function 'ap_fixed<17, 9, (ap_q_mode)5, (ap_o_mode)3, 0> log_apfixed_reduce::log<17, 9>(ap_fixed<17, 9, (ap_q_mode)5, (ap_o_mode)3, 0>)' to improve effectiveness of pipeline pragma in function 'mfcc(hls::stream<hls::axis<ap_fixed<16, 8, (ap_q_mode)5, (ap_o_mode)3, 0>, 0ul, 0ul, 0ul>, 0>&, hls::stream<hls::axis<ap_fixed<16, 8, (ap_q_mode)5, (ap_o_mode)3, 0>, 0ul, 0ul, 0ul>, 0>&)' (C:/Xilinx/Vitis_HLS/2023.1/common/technology/autopilot\hls_math.h:1208:12)
INFO: [HLS 214-270] Inferring pragma 'array_partition type=complete dim=2' for array 'mel_filterbank' due to pipeline pragma (audrey_4_hls/mfcc.cpp:182:9)
INFO: [HLS 214-248] Applying array_partition to '_ZL14mel_filterbank': Complete partitioning on dimension 2. (audrey_4_hls/mel_filterbank.h:53:0)
INFO: [HLS 200-111] Finished Compiling Optimization and Transform: CPU user time: 1 seconds. CPU system time: 0 seconds. Elapsed time: 3.056 seconds; current allocated memory: 1.043 GB.
INFO: [HLS 200-111] Finished Checking Pragmas: CPU user time: 0 seconds. CPU system time: 0 seconds. Elapsed time: 0.002 seconds; current allocated memory: 1.043 GB.
INFO: [HLS 200-10] Starting code transformations ...
INFO: [HLS 200-111] Finished Standard Transforms: CPU user time: 0 seconds. CPU system time: 0 seconds. Elapsed time: 0.114 seconds; current allocated memory: 1.052 GB.
INFO: [HLS 200-10] Checking synthesizability ...
INFO: [HLS 200-111] Finished Checking Synthesizability: CPU user time: 0 seconds. CPU system time: 0 seconds. Elapsed time: 0.094 seconds; current allocated memory: 1.055 GB.
WARNING: [ANALYSIS 214-31] The program may have out of bound access of array variable 'abs_spectrogram' in function 'mfcc' (audrey_4_hls/mfcc.cpp:170:9).
INFO: [XFORM 203-401] Performing if-conversion on hyperblock from (C:/Xilinx/Vitis_HLS/2023.1/common/technology/autopilot/etc/hls_log_apfixed.h:728:42) to (C:/Xilinx/Vitis_HLS/2023.1/common/technology/autopilot/etc/hls_log_apfixed.h:748:17) in function 'mfcc'... converting 18 basic blocks.
INFO: [XFORM 203-11] Balancing expressions in function 'mfcc' (C:/Xilinx/Vitis_HLS/2023.1/common/technology/autopilot/etc/hls_log_apfixed.h:17:6)...3 expression(s) balanced.
INFO: [XFORM 203-11] Balancing expressions in function 'feature_1_mel' (audrey_4_hls/mfcc.cpp:180:23)...29 expression(s) balanced.
INFO: [HLS 200-111] Finished Loop, function and other optimizations: CPU user time: 0 seconds. CPU system time: 0 seconds. Elapsed time: 0.267 seconds; current allocated memory: 1.079 GB.
INFO: [HLS 200-111] Finished Architecture Synthesis: CPU user time: 0 seconds. CPU system time: 0 seconds. Elapsed time: 0.141 seconds; current allocated memory: 1.118 GB.
INFO: [HLS 200-10] Starting hardware synthesis ...
INFO: [HLS 200-10] Synthesizing 'mfcc' ...
INFO: [HLS 200-10] ----------------------------------------------------------------
INFO: [HLS 200-42] -- Implementing module 'mfcc_Pipeline_task_2' 
INFO: [HLS 200-10] ----------------------------------------------------------------
INFO: [SCHED 204-11] Starting scheduling ...
INFO: [SCHED 204-61] Pipelining loop 'task_2'.
INFO: [HLS 200-1470] Pipelining result : Target II = 1, Final II = 1, Depth = 1, loop 'task_2'
INFO: [SCHED 204-11] Finished scheduling.
INFO: [HLS 200-111] Finished Scheduling: CPU user time: 0 seconds. CPU system time: 0 seconds. Elapsed time: 0.218 seconds; current allocated memory: 1.123 GB.
INFO: [BIND 205-100] Starting micro-architecture generation ...
INFO: [BIND 205-101] Performing variable lifetime analysis.
INFO: [BIND 205-101] Exploring resource sharing.
INFO: [BIND 205-101] Binding ...
INFO: [BIND 205-100] Finished micro-architecture generation.
INFO: [HLS 200-111] Finished Binding: CPU user time: 0 seconds. CPU system time: 0 seconds. Elapsed time: 0.076 seconds; current allocated memory: 1.124 GB.
INFO: [HLS 200-10] ----------------------------------------------------------------
INFO: [HLS 200-42] -- Implementing module 'mfcc_Pipeline_VITIS_LOOP_165_1' 
INFO: [HLS 200-10] ----------------------------------------------------------------
INFO: [SCHED 204-11] Starting scheduling ...
INFO: [SCHED 204-61] Pipelining loop 'VITIS_LOOP_165_1'.
INFO: [HLS 200-1470] Pipelining result : Target II = 1, Final II = 1, Depth = 1, loop 'VITIS_LOOP_165_1'
INFO: [SCHED 204-11] Finished scheduling.
INFO: [HLS 200-111] Finished Scheduling: CPU user time: 0 seconds. CPU system time: 0 seconds. Elapsed time: 0.108 seconds; current allocated memory: 1.124 GB.
INFO: [BIND 205-100] Starting micro-architecture generation ...
INFO: [BIND 205-101] Performing variable lifetime analysis.
INFO: [BIND 205-101] Exploring resource sharing.
INFO: [BIND 205-101] Binding ...
INFO: [BIND 205-100] Finished micro-architecture generation.
INFO: [HLS 200-111] Finished Binding: CPU user time: 0 seconds. CPU system time: 0 seconds. Elapsed time: 0.1 seconds; current allocated memory: 1.124 GB.
INFO: [HLS 200-10] ----------------------------------------------------------------
INFO: [HLS 200-42] -- Implementing module 'feature_1_mel' 
INFO: [HLS 200-10] ----------------------------------------------------------------
INFO: [SCHED 204-11] Starting scheduling ...
INFO: [SCHED 204-61] Pipelining loop 'VITIS_LOOP_180_1'.
WARNING: [HLS 200-885] The II Violation in module 'feature_1_mel' (loop 'VITIS_LOOP_180_1'): Unable to schedule 'load' operation ('abs_spectrogram_load_3', audrey_4_hls/mfcc.cpp:188) on array 'abs_spectrogram' due to limited memory ports (II = 2). Please consider using a memory core with more ports or partitioning the array 'abs_spectrogram'.
WARNING: [HLS 200-885] The II Violation in module 'feature_1_mel' (loop 'VITIS_LOOP_180_1'): Unable to schedule 'load' operation ('abs_spectrogram_load_5', audrey_4_hls/mfcc.cpp:188) on array 'abs_spectrogram' due to limited memory ports (II = 3). Please consider using a memory core with more ports or partitioning the array 'abs_spectrogram'.
WARNING: [HLS 200-885] The II Violation in module 'feature_1_mel' (loop 'VITIS_LOOP_180_1'): Unable to schedule 'load' operation ('abs_spectrogram_load_7', audrey_4_hls/mfcc.cpp:188) on array 'abs_spectrogram' due to limited memory ports (II = 4). Please consider using a memory core with more ports or partitioning the array 'abs_spectrogram'.
WARNING: [HLS 200-885] The II Violation in module 'feature_1_mel' (loop 'VITIS_LOOP_180_1'): Unable to schedule 'load' operation ('abs_spectrogram_load_9', audrey_4_hls/mfcc.cpp:188) on array 'abs_spectrogram' due to limited memory ports (II = 5). Please consider using a memory core with more ports or partitioning the array 'abs_spectrogram'.
WARNING: [HLS 200-885] The II Violation in module 'feature_1_mel' (loop 'VITIS_LOOP_180_1'): Unable to schedule 'load' operation ('abs_spectrogram_load_23', audrey_4_hls/mfcc.cpp:188) on array 'abs_spectrogram' due to limited memory ports (II = 12). Please consider using a memory core with more ports or partitioning the array 'abs_spectrogram'.
WARNING: [HLS 200-885] The II Violation in module 'feature_1_mel' (loop 'VITIS_LOOP_180_1'): Unable to schedule 'load' operation ('abs_spectrogram_load_27', audrey_4_hls/mfcc.cpp:188) on array 'abs_spectrogram' due to limited memory ports (II = 14). Please consider using a memory core with more ports or partitioning the array 'abs_spectrogram'.
INFO: [HLS 200-1470] Pipelining result : Target II = 2, Final II = 15, Depth = 21, loop 'VITIS_LOOP_180_1'
INFO: [SCHED 204-11] Finished scheduling.
INFO: [HLS 200-111] Finished Scheduling: CPU user time: 1 seconds. CPU system time: 0 seconds. Elapsed time: 0.844 seconds; current allocated memory: 1.128 GB.
INFO: [BIND 205-100] Starting micro-architecture generation ...
INFO: [BIND 205-101] Performing variable lifetime analysis.
INFO: [BIND 205-101] Exploring resource sharing.
INFO: [BIND 205-101] Binding ...
INFO: [BIND 205-100] Finished micro-architecture generation.
INFO: [HLS 200-111] Finished Binding: CPU user time: 0 seconds. CPU system time: 0 seconds. Elapsed time: 0.246 seconds; current allocated memory: 1.128 GB.
INFO: [HLS 200-10] ----------------------------------------------------------------
INFO: [HLS 200-42] -- Implementing module 'mfcc_Pipeline_VITIS_LOOP_200_1' 
INFO: [HLS 200-10] ----------------------------------------------------------------
INFO: [SCHED 204-11] Starting scheduling ...
INFO: [HLS 200-486] Changing DSP latency (root=mul_ln184) to 3 in order to utilize available DSP registers.
INFO: [SCHED 204-61] Pipelining loop 'VITIS_LOOP_200_1'.
INFO: [HLS 200-1470] Pipelining result : Target II = 1, Final II = 1, Depth = 13, loop 'VITIS_LOOP_200_1'
INFO: [SCHED 204-11] Finished scheduling.
INFO: [HLS 200-111] Finished Scheduling: CPU user time: 0 seconds. CPU system time: 0 seconds. Elapsed time: 0.485 seconds; current allocated memory: 1.131 GB.
INFO: [BIND 205-100] Starting micro-architecture generation ...
INFO: [BIND 205-101] Performing variable lifetime analysis.
INFO: [BIND 205-101] Exploring resource sharing.
INFO: [BIND 205-101] Binding ...
INFO: [BIND 205-100] Finished micro-architecture generation.
INFO: [HLS 200-111] Finished Binding: CPU user time: 0 seconds. CPU system time: 0 seconds. Elapsed time: 0.181 seconds; current allocated memory: 1.131 GB.
INFO: [HLS 200-10] ----------------------------------------------------------------
INFO: [HLS 200-42] -- Implementing module 'mfcc_Pipeline_task_6' 
INFO: [HLS 200-10] ----------------------------------------------------------------
INFO: [SCHED 204-11] Starting scheduling ...
INFO: [SCHED 204-61] Pipelining loop 'task_6'.
INFO: [HLS 200-1470] Pipelining result : Target II = 1, Final II = 1, Depth = 2, loop 'task_6'
INFO: [SCHED 204-11] Finished scheduling.
INFO: [HLS 200-111] Finished Scheduling: CPU user time: 0 seconds. CPU system time: 1 seconds. Elapsed time: 0.175 seconds; current allocated memory: 1.131 GB.
INFO: [BIND 205-100] Starting micro-architecture generation ...
INFO: [BIND 205-101] Performing variable lifetime analysis.
INFO: [BIND 205-101] Exploring resource sharing.
INFO: [BIND 205-101] Binding ...
INFO: [BIND 205-100] Finished micro-architecture generation.
INFO: [HLS 200-111] Finished Binding: CPU user time: 0 seconds. CPU system time: 0 seconds. Elapsed time: 0.086 seconds; current allocated memory: 1.131 GB.
INFO: [HLS 200-10] ----------------------------------------------------------------
INFO: [HLS 200-42] -- Implementing module 'mfcc' 
INFO: [HLS 200-10] ----------------------------------------------------------------
INFO: [SCHED 204-11] Starting scheduling ...
INFO: [SCHED 204-11] Finished scheduling.
INFO: [HLS 200-111] Finished Scheduling: CPU user time: 1 seconds. CPU system time: 0 seconds. Elapsed time: 0.115 seconds; current allocated memory: 1.131 GB.
INFO: [BIND 205-100] Starting micro-architecture generation ...
INFO: [BIND 205-101] Performing variable lifetime analysis.
INFO: [BIND 205-101] Exploring resource sharing.
INFO: [BIND 205-101] Binding ...
INFO: [BIND 205-100] Finished micro-architecture generation.
INFO: [HLS 200-111] Finished Binding: CPU user time: 0 seconds. CPU system time: 0 seconds. Elapsed time: 0.127 seconds; current allocated memory: 1.131 GB.
INFO: [HLS 200-10] ----------------------------------------------------------------
INFO: [HLS 200-10] -- Generating RTL for module 'mfcc_Pipeline_task_2' 
INFO: [HLS 200-10] ----------------------------------------------------------------
INFO: [RTGEN 206-100] Finished creating RTL model for 'mfcc_Pipeline_task_2'.
INFO: [HLS 200-111] Finished Creating RTL model: CPU user time: 0 seconds. CPU system time: 0 seconds. Elapsed time: 0.105 seconds; current allocated memory: 1.133 GB.
INFO: [HLS 200-10] ----------------------------------------------------------------
INFO: [HLS 200-10] -- Generating RTL for module 'mfcc_Pipeline_VITIS_LOOP_165_1' 
INFO: [HLS 200-10] ----------------------------------------------------------------
INFO: [RTGEN 206-100] Finished creating RTL model for 'mfcc_Pipeline_VITIS_LOOP_165_1'.
INFO: [HLS 200-111] Finished Creating RTL model: CPU user time: 0 seconds. CPU system time: 0 seconds. Elapsed time: 0.144 seconds; current allocated memory: 1.133 GB.
INFO: [HLS 200-10] ----------------------------------------------------------------
INFO: [HLS 200-10] -- Generating RTL for module 'feature_1_mel' 
INFO: [HLS 200-10] ----------------------------------------------------------------
INFO: [HLS 200-1030] Apply Unified Pipeline Control on module 'feature_1_mel' pipeline 'VITIS_LOOP_180_1' pipeline type 'loop pipeline'
INFO: [RTGEN 206-100] Generating core module 'mul_5ns_9s_14_1_1': 1 instance(s).
INFO: [RTGEN 206-100] Generating core module 'mul_6ns_9s_15_1_1': 2 instance(s).
INFO: [RTGEN 206-100] Generating core module 'mul_7ns_9s_16_1_1': 4 instance(s).
INFO: [RTGEN 206-100] Generating core module 'mul_8ns_9s_17_1_1': 23 instance(s).
INFO: [RTGEN 206-100] Finished creating RTL model for 'feature_1_mel'.
INFO: [RTMG 210-279] Implementing memory 'mfcc_feature_1_mel_first_ind_ROM_AUTO_1R' using auto ROMs.
INFO: [RTMG 210-279] Implementing memory 'mfcc_feature_1_mel_p_ZL14mel_filterbank_0_ROM_AUTO_1R' using auto ROMs.
INFO: [RTMG 210-279] Implementing memory 'mfcc_feature_1_mel_p_ZL14mel_filterbank_1_ROM_AUTO_1R' using auto ROMs.
INFO: [RTMG 210-279] Implementing memory 'mfcc_feature_1_mel_p_ZL14mel_filterbank_2_ROM_AUTO_1R' using auto ROMs.
INFO: [RTMG 210-279] Implementing memory 'mfcc_feature_1_mel_p_ZL14mel_filterbank_3_ROM_AUTO_1R' using auto ROMs.
INFO: [RTMG 210-279] Implementing memory 'mfcc_feature_1_mel_p_ZL14mel_filterbank_4_ROM_AUTO_1R' using auto ROMs.
INFO: [RTMG 210-279] Implementing memory 'mfcc_feature_1_mel_p_ZL14mel_filterbank_5_ROM_AUTO_1R' using auto ROMs.
INFO: [RTMG 210-279] Implementing memory 'mfcc_feature_1_mel_p_ZL14mel_filterbank_6_ROM_AUTO_1R' using auto ROMs.
INFO: [RTMG 210-279] Implementing memory 'mfcc_feature_1_mel_p_ZL14mel_filterbank_7_ROM_AUTO_1R' using auto ROMs.
INFO: [RTMG 210-279] Implementing memory 'mfcc_feature_1_mel_p_ZL14mel_filterbank_8_ROM_AUTO_1R' using auto ROMs.
INFO: [RTMG 210-279] Implementing memory 'mfcc_feature_1_mel_p_ZL14mel_filterbank_9_ROM_AUTO_1R' using auto ROMs.
INFO: [RTMG 210-279] Implementing memory 'mfcc_feature_1_mel_p_ZL14mel_filterbank_10_ROM_AUTO_1R' using auto ROMs.
INFO: [RTMG 210-279] Implementing memory 'mfcc_feature_1_mel_p_ZL14mel_filterbank_11_ROM_AUTO_1R' using auto ROMs.
INFO: [RTMG 210-279] Implementing memory 'mfcc_feature_1_mel_p_ZL14mel_filterbank_12_ROM_AUTO_1R' using auto ROMs.
INFO: [RTMG 210-279] Implementing memory 'mfcc_feature_1_mel_p_ZL14mel_filterbank_13_ROM_AUTO_1R' using auto ROMs.
INFO: [RTMG 210-279] Implementing memory 'mfcc_feature_1_mel_p_ZL14mel_filterbank_14_ROM_AUTO_1R' using auto ROMs.
INFO: [RTMG 210-279] Implementing memory 'mfcc_feature_1_mel_p_ZL14mel_filterbank_15_ROM_AUTO_1R' using auto ROMs.
INFO: [RTMG 210-279] Implementing memory 'mfcc_feature_1_mel_p_ZL14mel_filterbank_16_ROM_AUTO_1R' using auto ROMs.
INFO: [RTMG 210-279] Implementing memory 'mfcc_feature_1_mel_p_ZL14mel_filterbank_17_ROM_AUTO_1R' using auto ROMs.
INFO: [RTMG 210-279] Implementing memory 'mfcc_feature_1_mel_p_ZL14mel_filterbank_18_ROM_AUTO_1R' using auto ROMs.
INFO: [RTMG 210-279] Implementing memory 'mfcc_feature_1_mel_p_ZL14mel_filterbank_19_ROM_AUTO_1R' using auto ROMs.
INFO: [RTMG 210-279] Implementing memory 'mfcc_feature_1_mel_p_ZL14mel_filterbank_20_ROM_AUTO_1R' using auto ROMs.
INFO: [RTMG 210-279] Implementing memory 'mfcc_feature_1_mel_p_ZL14mel_filterbank_21_ROM_AUTO_1R' using auto ROMs.
INFO: [RTMG 210-279] Implementing memory 'mfcc_feature_1_mel_p_ZL14mel_filterbank_22_ROM_AUTO_1R' using auto ROMs.
INFO: [RTMG 210-279] Implementing memory 'mfcc_feature_1_mel_p_ZL14mel_filterbank_23_ROM_AUTO_1R' using auto ROMs.
INFO: [RTMG 210-279] Implementing memory 'mfcc_feature_1_mel_p_ZL14mel_filterbank_24_ROM_AUTO_1R' using auto ROMs.
INFO: [RTMG 210-279] Implementing memory 'mfcc_feature_1_mel_p_ZL14mel_filterbank_25_ROM_AUTO_1R' using auto ROMs.
INFO: [RTMG 210-279] Implementing memory 'mfcc_feature_1_mel_p_ZL14mel_filterbank_26_ROM_AUTO_1R' using auto ROMs.
INFO: [RTMG 210-279] Implementing memory 'mfcc_feature_1_mel_p_ZL14mel_filterbank_27_ROM_AUTO_1R' using auto ROMs.
INFO: [RTMG 210-279] Implementing memory 'mfcc_feature_1_mel_p_ZL14mel_filterbank_28_ROM_AUTO_1R' using auto ROMs.
INFO: [RTMG 210-279] Implementing memory 'mfcc_feature_1_mel_p_ZL14mel_filterbank_29_ROM_AUTO_1R' using auto ROMs.
INFO: [HLS 200-111] Finished Creating RTL model: CPU user time: 0 seconds. CPU system time: 0 seconds. Elapsed time: 0.705 seconds; current allocated memory: 1.138 GB.
INFO: [HLS 200-10] ----------------------------------------------------------------
INFO: [HLS 200-10] -- Generating RTL for module 'mfcc_Pipeline_VITIS_LOOP_200_1' 
INFO: [HLS 200-10] ----------------------------------------------------------------
INFO: [SYN 201-210] Renamed object name 'mfcc_Pipeline_VITIS_LOOP_200_1_log_apfixed_reduce_log_inverse_lut_table_array_ROM_AUTO_1R' to 'mfcc_Pipeline_VITIS_LOOP_200_1_log_apfixed_reduce_log_inverse_lut_table_arraybkb' due to the length limit 80
INFO: [SYN 201-210] Renamed object name 'mfcc_Pipeline_VITIS_LOOP_200_1_log_apfixed_reduce_log0_lut_table_ap_fixed_0_5_64_array_ROM_AUTO_1R' to 'mfcc_Pipeline_VITIS_LOOP_200_1_log_apfixed_reduce_log0_lut_table_ap_fixed_0_5cud' due to the length limit 80
INFO: [SYN 201-210] Renamed object name 'mfcc_Pipeline_VITIS_LOOP_200_1_log_apfixed_reduce_log_lut_table_ap_fixed_4_4_16_array_ROM_AUTO_1R' to 'mfcc_Pipeline_VITIS_LOOP_200_1_log_apfixed_reduce_log_lut_table_ap_fixed_4_4_dEe' due to the length limit 80
INFO: [HLS 200-1030] Apply Unified Pipeline Control on module 'mfcc_Pipeline_VITIS_LOOP_200_1' pipeline 'VITIS_LOOP_200_1' pipeline type 'loop pipeline'
INFO: [RTGEN 206-100] Generating core module 'mac_mulsub_24ns_4ns_29ns_29_4_1': 1 instance(s).
INFO: [RTGEN 206-100] Generating core module 'mul_29s_6ns_29_2_1': 1 instance(s).
INFO: [RTGEN 206-100] Generating core module 'mul_5s_23ns_28_1_1': 1 instance(s).
INFO: [RTGEN 206-100] Generating core module 'mul_9ns_9ns_18_1_1': 1 instance(s).
INFO: [RTGEN 206-100] Finished creating RTL model for 'mfcc_Pipeline_VITIS_LOOP_200_1'.
INFO: [RTMG 210-279] Implementing memory 'mfcc_mfcc_Pipeline_VITIS_LOOP_200_1_log_apfixed_reduce_log_inverse_lut_table_arraybkb' using auto ROMs.
INFO: [RTMG 210-279] Implementing memory 'mfcc_mfcc_Pipeline_VITIS_LOOP_200_1_log_apfixed_reduce_log0_lut_table_ap_fixed_0_5cud' using auto ROMs.
INFO: [RTMG 210-279] Implementing memory 'mfcc_mfcc_Pipeline_VITIS_LOOP_200_1_log_apfixed_reduce_log_lut_table_ap_fixed_4_4_dEe' using auto ROMs.
INFO: [HLS 200-111] Finished Creating RTL model: CPU user time: 0 seconds. CPU system time: 0 seconds. Elapsed time: 1.084 seconds; current allocated memory: 1.146 GB.
INFO: [HLS 200-10] ----------------------------------------------------------------
INFO: [HLS 200-10] -- Generating RTL for module 'mfcc_Pipeline_task_6' 
INFO: [HLS 200-10] ----------------------------------------------------------------
INFO: [HLS 200-1030] Apply Unified Pipeline Control on module 'mfcc_Pipeline_task_6' pipeline 'task_6' pipeline type 'loop pipeline'
INFO: [RTGEN 206-100] Finished creating RTL model for 'mfcc_Pipeline_task_6'.
INFO: [HLS 200-111] Finished Creating RTL model: CPU user time: 1 seconds. CPU system time: 0 seconds. Elapsed time: 0.758 seconds; current allocated memory: 1.152 GB.
INFO: [HLS 200-10] ----------------------------------------------------------------
INFO: [HLS 200-10] -- Generating RTL for module 'mfcc' 
INFO: [HLS 200-10] ----------------------------------------------------------------
WARNING: [RTGEN 206-101] Design contains AXI ports. Reset is fixed to synchronous and active low.
INFO: [RTGEN 206-500] Setting interface mode on port 'mfcc/in_stream_V_data_V' to 'axis' (register, both mode).
INFO: [RTGEN 206-500] Setting interface mode on port 'mfcc/in_stream_V_keep_V' to 'axis' (register, both mode).
INFO: [RTGEN 206-500] Setting interface mode on port 'mfcc/in_stream_V_strb_V' to 'axis' (register, both mode).
INFO: [RTGEN 206-500] Setting interface mode on port 'mfcc/in_stream_V_last_V' to 'axis' (register, both mode).
INFO: [RTGEN 206-500] Setting interface mode on port 'mfcc/out_stream_V_data_V' to 'axis' (register, both mode).
INFO: [RTGEN 206-500] Setting interface mode on port 'mfcc/out_stream_V_keep_V' to 'axis' (register, both mode).
INFO: [RTGEN 206-500] Setting interface mode on port 'mfcc/out_stream_V_strb_V' to 'axis' (register, both mode).
INFO: [RTGEN 206-500] Setting interface mode on port 'mfcc/out_stream_V_last_V' to 'axis' (register, both mode).
INFO: [RTGEN 206-500] Setting interface mode on function 'mfcc' to 'ap_ctrl_none'.
INFO: [RTGEN 206-100] Finished creating RTL model for 'mfcc'.
INFO: [RTMG 210-278] Implementing memory 'mfcc_abs_spectrogram_RAM_AUTO_1R1W' using auto RAMs.
INFO: [RTMG 210-278] Implementing memory 'mfcc_mel_filtered_RAM_AUTO_1R1W' using auto RAMs.
INFO: [RTMG 210-278] Implementing memory 'mfcc_mfcc_1_RAM_AUTO_1R1W' using auto RAMs.
INFO: [HLS 200-111] Finished Creating RTL model: CPU user time: 0 seconds. CPU system time: 0 seconds. Elapsed time: 0.379 seconds; current allocated memory: 1.152 GB.
INFO: [HLS 200-111] Finished Generating all RTL models: CPU user time: 0 seconds. CPU system time: 1 seconds. Elapsed time: 1.246 seconds; current allocated memory: 1.157 GB.
INFO: [HLS 200-111] Finished Updating report files: CPU user time: 1 seconds. CPU system time: 0 seconds. Elapsed time: 1.185 seconds; current allocated memory: 1.164 GB.
INFO: [VHDL 208-304] Generating VHDL RTL for mfcc.
INFO: [VLOG 209-307] Generating Verilog RTL for mfcc.
INFO: [HLS 200-790] **** Loop Constraint Status: All loop constraints were NOT satisfied.
INFO: [HLS 200-789] **** Estimated Fmax: 145.43 MHz
INFO: [HLS 200-111] Finished Command csynth_design CPU user time: 5 seconds. CPU system time: 2 seconds. Elapsed time: 31.215 seconds; current allocated memory: 133.180 MB.
==============================================================
Vitis HLS - High-Level Synthesis from C, C++ and OpenCL v2023.1 (64-bit)
Tool Version Limit: 2023.05
Copyright 1986-2022 Xilinx, Inc. All Rights Reserved.
Copyright 2022-2023 Advanced Micro Devices, Inc. All Rights Reserved.

==============================================================
INFO: [SYN 201-201] Setting up clock 'default' with a period of 10ns.
INFO: [HLS 200-1611] Setting target device to 'xc7a100t-csg324-1'
INFO: [HLS 200-1505] Using flow_target 'vivado'
INFO: [HLS 200-1464] Running solution command: config_export -display_name=mfcc2
INFO: [HLS 200-1464] Running solution command: config_export -format=ip_catalog
INFO: [HLS 200-1464] Running solution command: config_export -output=C:/Users/the5t/OneDrive/Documents/GitHub/rwth-lab-fpga-WIP
INFO: [HLS 200-1464] Running solution command: config_export -rtl=verilog
INFO: [HLS 200-1510] Running: set_part xc7a100t-csg324-1 
INFO: [HLS 200-1510] Running: create_clock -period 10 -name default 
INFO: [HLS 200-1510] Running: config_export -display_name mfcc2 -format ip_catalog -output C:/Users/the5t/OneDrive/Documents/GitHub/rwth-lab-fpga-WIP -rtl verilog 
INFO: [HLS 200-1510] Running: source ./audrey_4_hls/solution1/directives.tcl
INFO: [HLS 200-1510] Running: set_directive_top -name mfcc mfcc 
INFO: [HLS 200-1510] Running: csynth_design 
INFO: [HLS 200-111] Finished File checks and directory preparation: CPU user time: 0 seconds. CPU system time: 0 seconds. Elapsed time: 0.097 seconds; current allocated memory: 1.035 GB.
INFO: [HLS 200-10] Analyzing design file 'audrey_4_hls/mfcc.cpp' ... 
WARNING: [HLS 207-5292] unused parameter 'data_type' (C:/Xilinx/Vitis_HLS/2023.1/common/technology/autopilot\hls_fft.h:100:77)
WARNING: [HLS 207-5292] unused parameter 'has_nfft' (C:/Xilinx/Vitis_HLS/2023.1/common/technology/autopilot\hls_fft.h:125:65)
WARNING: [HLS 207-5292] unused parameter 'cp_len_enable' (C:/Xilinx/Vitis_HLS/2023.1/common/technology/autopilot\hls_fft.h:138:66)
WARNING: [HLS 207-5292] unused parameter 'scaling_opt' (C:/Xilinx/Vitis_HLS/2023.1/common/technology/autopilot\hls_fft.h:151:68)
WARNING: [HLS 207-5292] unused parameter 'scaling_opt' (C:/Xilinx/Vitis_HLS/2023.1/common/technology/autopilot\hls_fft.h:315:71)
WARNING: [HLS 207-5292] unused parameter 'has_ovflo' (C:/Xilinx/Vitis_HLS/2023.1/common/technology/autopilot\hls_fft.h:328:66)
WARNING: [HLS 207-5292] unused parameter 'audio' (audrey_4_hls/mfcc.cpp:145:38)
INFO: [HLS 200-111] Finished Source Code Analysis and Preprocessing: CPU user time: 0 seconds. CPU system time: 0 seconds. Elapsed time: 18.287 seconds; current allocated memory: 1.042 GB.
INFO: [HLS 200-777] Using interface defaults for 'Vivado' flow target.
INFO: [HLS 214-291] Loop 'VITIS_LOOP_729_1' is marked as complete unroll implied by the pipeline pragma (C:/Xilinx/Vitis_HLS/2023.1/common/technology/autopilot/etc/hls_log_apfixed.h:729:31)
INFO: [HLS 214-186] Unrolling loop 'VITIS_LOOP_729_1' (C:/Xilinx/Vitis_HLS/2023.1/common/technology/autopilot/etc/hls_log_apfixed.h:729:31) in function 'log_apfixed_reduce::log<17, 9>' completely with a factor of 17 (C:/Xilinx/Vitis_HLS/2023.1/common/technology/autopilot/etc/hls_log_apfixed.h:500:0)
INFO: [HLS 214-178] Inlining function 'void log_apfixed_reduce::range_reduce<ap_fixed<29, 7, (ap_q_mode)5, (ap_o_mode)3, 0>, 4, 4, 24, 15>(ap_ufixed<24, -(4), (ap_q_mode)5, (ap_o_mode)3, 0>, ap_fixed<29, 7, (ap_q_mode)5, (ap_o_mode)3, 0>&, ap_ufixed<15, -(((4) + (4)) - (1)), (ap_q_mode)5, (ap_o_mode)3, 0>&)' into 'ap_ufixed<15, -7, (ap_q_mode)5, (ap_o_mode)3, 0> log_apfixed_reduce::log_traits<2>::range_reduction<24>(ap_ufixed<24, -4, (ap_q_mode)5, (ap_o_mode)3, 0>, ap_fixed<29, 7, (ap_q_mode)5, (ap_o_mode)3, 0>&)' (C:/Xilinx/Vitis_HLS/2023.1/common/technology/autopilot/etc/hls_log_apfixed.h:249:0)
INFO: [HLS 214-178] Inlining function 'ap_ufixed<15, -7, (ap_q_mode)5, (ap_o_mode)3, 0> log_apfixed_reduce::log_traits<2>::range_reduction<24>(ap_ufixed<24, -4, (ap_q_mode)5, (ap_o_mode)3, 0>, ap_fixed<29, 7, (ap_q_mode)5, (ap_o_mode)3, 0>&)' into 'ap_fixed<17, 9, (ap_q_mode)5, (ap_o_mode)3, 0> log_apfixed_reduce::log<17, 9>(ap_fixed<17, 9, (ap_q_mode)5, (ap_o_mode)3, 0>)' (C:/Xilinx/Vitis_HLS/2023.1/common/technology/autopilot/etc/hls_log_apfixed.h:500:0)
INFO: [HLS 214-178] Inlining function 'ap_fixed<17, 9, (ap_q_mode)5, (ap_o_mode)3, 0> hls::log<17, 9>(ap_fixed<17, 9, (ap_q_mode)5, (ap_o_mode)3, 0>)' into 'feature_2_log(ap_fixed<16, 8, (ap_q_mode)5, (ap_o_mode)3, 0>*, ap_fixed<16, 8, (ap_q_mode)5, (ap_o_mode)3, 0>*)' (audrey_4_hls/mfcc.cpp:198:0)
INFO: [HLS 214-178] Inlining function 'hls::x_complex<ap_fixed<16, 8, (ap_q_mode)5, (ap_o_mode)3, 0> >::real(ap_fixed<16, 8, (ap_q_mode)5, (ap_o_mode)3, 0> const&)' into 'mfcc(hls::stream<hls::axis<ap_fixed<16, 8, (ap_q_mode)5, (ap_o_mode)3, 0>, 0ul, 0ul, 0ul>, 0>&, hls::stream<hls::axis<ap_fixed<16, 8, (ap_q_mode)5, (ap_o_mode)3, 0>, 0ul, 0ul, 0ul>, 0>&)' (audrey_4_hls/mfcc.cpp:20:0)
INFO: [HLS 214-178] Inlining function 'hls::x_complex<ap_fixed<16, 8, (ap_q_mode)5, (ap_o_mode)3, 0> >::imag(ap_fixed<16, 8, (ap_q_mode)5, (ap_o_mode)3, 0> const&)' into 'mfcc(hls::stream<hls::axis<ap_fixed<16, 8, (ap_q_mode)5, (ap_o_mode)3, 0>, 0ul, 0ul, 0ul>, 0>&, hls::stream<hls::axis<ap_fixed<16, 8, (ap_q_mode)5, (ap_o_mode)3, 0>, 0ul, 0ul, 0ul>, 0>&)' (audrey_4_hls/mfcc.cpp:20:0)
INFO: [HLS 214-178] Inlining function 'feature_0_stft(hls::x_complex<ap_fixed<16, 8, (ap_q_mode)5, (ap_o_mode)3, 0> >*, ap_fixed<16, 8, (ap_q_mode)5, (ap_o_mode)3, 0>*)' into 'mfcc(hls::stream<hls::axis<ap_fixed<16, 8, (ap_q_mode)5, (ap_o_mode)3, 0>, 0ul, 0ul, 0ul>, 0>&, hls::stream<hls::axis<ap_fixed<16, 8, (ap_q_mode)5, (ap_o_mode)3, 0>, 0ul, 0ul, 0ul>, 0>&)' (audrey_4_hls/mfcc.cpp:20:0)
INFO: [HLS 214-178] Inlining function 'feature_1_mel(ap_fixed<16, 8, (ap_q_mode)5, (ap_o_mode)3, 0>*, ap_fixed<16, 8, (ap_q_mode)5, (ap_o_mode)3, 0>*)' into 'mfcc(hls::stream<hls::axis<ap_fixed<16, 8, (ap_q_mode)5, (ap_o_mode)3, 0>, 0ul, 0ul, 0ul>, 0>&, hls::stream<hls::axis<ap_fixed<16, 8, (ap_q_mode)5, (ap_o_mode)3, 0>, 0ul, 0ul, 0ul>, 0>&)' (audrey_4_hls/mfcc.cpp:20:0)
INFO: [HLS 214-178] Inlining function 'feature_2_log(ap_fixed<16, 8, (ap_q_mode)5, (ap_o_mode)3, 0>*, ap_fixed<16, 8, (ap_q_mode)5, (ap_o_mode)3, 0>*)' into 'mfcc(hls::stream<hls::axis<ap_fixed<16, 8, (ap_q_mode)5, (ap_o_mode)3, 0>, 0ul, 0ul, 0ul>, 0>&, hls::stream<hls::axis<ap_fixed<16, 8, (ap_q_mode)5, (ap_o_mode)3, 0>, 0ul, 0ul, 0ul>, 0>&)' (audrey_4_hls/mfcc.cpp:20:0)
WARNING: [HLS 214-167] The program may have out of bound array access (audrey_4_hls/mfcc.cpp:170:28)
INFO: [HLS 214-364] Automatically inlining function 'ap_fixed<17, 9, (ap_q_mode)5, (ap_o_mode)3, 0> log_apfixed_reduce::log<17, 9>(ap_fixed<17, 9, (ap_q_mode)5, (ap_o_mode)3, 0>)' to improve effectiveness of pipeline pragma in function 'mfcc(hls::stream<hls::axis<ap_fixed<16, 8, (ap_q_mode)5, (ap_o_mode)3, 0>, 0ul, 0ul, 0ul>, 0>&, hls::stream<hls::axis<ap_fixed<16, 8, (ap_q_mode)5, (ap_o_mode)3, 0>, 0ul, 0ul, 0ul>, 0>&)' (C:/Xilinx/Vitis_HLS/2023.1/common/technology/autopilot\hls_math.h:1208:12)
INFO: [HLS 200-111] Finished Compiling Optimization and Transform: CPU user time: 0 seconds. CPU system time: 0 seconds. Elapsed time: 2.814 seconds; current allocated memory: 1.044 GB.
INFO: [HLS 200-111] Finished Checking Pragmas: CPU user time: 0 seconds. CPU system time: 0 seconds. Elapsed time: 0.002 seconds; current allocated memory: 1.044 GB.
INFO: [HLS 200-10] Starting code transformations ...
INFO: [HLS 200-111] Finished Standard Transforms: CPU user time: 0 seconds. CPU system time: 0 seconds. Elapsed time: 0.085 seconds; current allocated memory: 1.052 GB.
INFO: [HLS 200-10] Checking synthesizability ...
INFO: [HLS 200-111] Finished Checking Synthesizability: CPU user time: 0 seconds. CPU system time: 0 seconds. Elapsed time: 0.06 seconds; current allocated memory: 1.054 GB.
INFO: [XFORM 203-510] Pipelining loop 'VITIS_LOOP_180_1' (audrey_4_hls/mfcc.cpp:180) in function 'mfcc' automatically.
INFO: [XFORM 203-502] Unrolling all sub-loops inside loop 'VITIS_LOOP_180_1' (audrey_4_hls/mfcc.cpp:180) in function 'mfcc' for pipelining.
INFO: [HLS 200-489] Unrolling loop 'VITIS_LOOP_186_2' (audrey_4_hls/mfcc.cpp:186) in function 'mfcc' completely with a factor of 30.
INFO: [XFORM 203-102] Partitioning array 'mel_filterbank' in dimension 2 automatically.
WARNING: [ANALYSIS 214-31] The program may have out of bound access of array variable 'abs_spectrogram' in function 'mfcc' (audrey_4_hls/mfcc.cpp:170:9).
INFO: [XFORM 203-401] Performing if-conversion on hyperblock to (audrey_4_hls/mfcc.cpp:106:35) in function 'mfcc'... converting 3 basic blocks.
INFO: [HLS 200-111] Finished Loop, function and other optimizations: CPU user time: 0 seconds. CPU system time: 0 seconds. Elapsed time: 0.149 seconds; current allocated memory: 1.076 GB.
INFO: [HLS 200-111] Finished Architecture Synthesis: CPU user time: 0 seconds. CPU system time: 0 seconds. Elapsed time: 0.035 seconds; current allocated memory: 1.086 GB.
INFO: [HLS 200-10] Starting hardware synthesis ...
INFO: [HLS 200-10] Synthesizing 'mfcc' ...
INFO: [HLS 200-10] ----------------------------------------------------------------
INFO: [HLS 200-42] -- Implementing module 'mfcc_Pipeline_task_2' 
INFO: [HLS 200-10] ----------------------------------------------------------------
INFO: [SCHED 204-11] Starting scheduling ...
INFO: [SCHED 204-61] Pipelining loop 'task_2'.
INFO: [HLS 200-1470] Pipelining result : Target II = 1, Final II = 1, Depth = 1, loop 'task_2'
INFO: [SCHED 204-11] Finished scheduling.
INFO: [HLS 200-111] Finished Scheduling: CPU user time: 0 seconds. CPU system time: 0 seconds. Elapsed time: 0.215 seconds; current allocated memory: 1.090 GB.
INFO: [BIND 205-100] Starting micro-architecture generation ...
INFO: [BIND 205-101] Performing variable lifetime analysis.
INFO: [BIND 205-101] Exploring resource sharing.
INFO: [BIND 205-101] Binding ...
INFO: [BIND 205-100] Finished micro-architecture generation.
INFO: [HLS 200-111] Finished Binding: CPU user time: 0 seconds. CPU system time: 0 seconds. Elapsed time: 0.081 seconds; current allocated memory: 1.091 GB.
INFO: [HLS 200-10] ----------------------------------------------------------------
INFO: [HLS 200-42] -- Implementing module 'mfcc_Pipeline_task_6' 
INFO: [HLS 200-10] ----------------------------------------------------------------
INFO: [SCHED 204-11] Starting scheduling ...
INFO: [SCHED 204-61] Pipelining loop 'task_6'.
INFO: [HLS 200-1470] Pipelining result : Target II = 1, Final II = 1, Depth = 2, loop 'task_6'
INFO: [SCHED 204-11] Finished scheduling.
INFO: [HLS 200-111] Finished Scheduling: CPU user time: 1 seconds. CPU system time: 0 seconds. Elapsed time: 0.143 seconds; current allocated memory: 1.092 GB.
INFO: [BIND 205-100] Starting micro-architecture generation ...
INFO: [BIND 205-101] Performing variable lifetime analysis.
INFO: [BIND 205-101] Exploring resource sharing.
INFO: [BIND 205-101] Binding ...
INFO: [BIND 205-100] Finished micro-architecture generation.
INFO: [HLS 200-111] Finished Binding: CPU user time: 0 seconds. CPU system time: 0 seconds. Elapsed time: 0.092 seconds; current allocated memory: 1.092 GB.
INFO: [HLS 200-10] ----------------------------------------------------------------
INFO: [HLS 200-42] -- Implementing module 'mfcc' 
INFO: [HLS 200-10] ----------------------------------------------------------------
INFO: [SCHED 204-11] Starting scheduling ...
INFO: [SCHED 204-11] Finished scheduling.
INFO: [HLS 200-111] Finished Scheduling: CPU user time: 0 seconds. CPU system time: 0 seconds. Elapsed time: 0.097 seconds; current allocated memory: 1.092 GB.
INFO: [BIND 205-100] Starting micro-architecture generation ...
INFO: [BIND 205-101] Performing variable lifetime analysis.
INFO: [BIND 205-101] Exploring resource sharing.
INFO: [BIND 205-101] Binding ...
INFO: [BIND 205-100] Finished micro-architecture generation.
INFO: [HLS 200-111] Finished Binding: CPU user time: 0 seconds. CPU system time: 0 seconds. Elapsed time: 0.109 seconds; current allocated memory: 1.092 GB.
INFO: [HLS 200-10] ----------------------------------------------------------------
INFO: [HLS 200-10] -- Generating RTL for module 'mfcc_Pipeline_task_2' 
INFO: [HLS 200-10] ----------------------------------------------------------------
INFO: [RTGEN 206-100] Finished creating RTL model for 'mfcc_Pipeline_task_2'.
INFO: [HLS 200-111] Finished Creating RTL model: CPU user time: 0 seconds. CPU system time: 0 seconds. Elapsed time: 0.119 seconds; current allocated memory: 1.093 GB.
INFO: [HLS 200-10] ----------------------------------------------------------------
INFO: [HLS 200-10] -- Generating RTL for module 'mfcc_Pipeline_task_6' 
INFO: [HLS 200-10] ----------------------------------------------------------------
INFO: [HLS 200-1030] Apply Unified Pipeline Control on module 'mfcc_Pipeline_task_6' pipeline 'task_6' pipeline type 'loop pipeline'
INFO: [RTGEN 206-100] Finished creating RTL model for 'mfcc_Pipeline_task_6'.
INFO: [HLS 200-111] Finished Creating RTL model: CPU user time: 0 seconds. CPU system time: 0 seconds. Elapsed time: 0.139 seconds; current allocated memory: 1.095 GB.
INFO: [HLS 200-10] ----------------------------------------------------------------
INFO: [HLS 200-10] -- Generating RTL for module 'mfcc' 
INFO: [HLS 200-10] ----------------------------------------------------------------
WARNING: [RTGEN 206-101] Design contains AXI ports. Reset is fixed to synchronous and active low.
INFO: [RTGEN 206-500] Setting interface mode on port 'mfcc/in_stream_V_data_V' to 'axis' (register, both mode).
INFO: [RTGEN 206-500] Setting interface mode on port 'mfcc/in_stream_V_keep_V' to 'axis' (register, both mode).
INFO: [RTGEN 206-500] Setting interface mode on port 'mfcc/in_stream_V_strb_V' to 'axis' (register, both mode).
INFO: [RTGEN 206-500] Setting interface mode on port 'mfcc/in_stream_V_last_V' to 'axis' (register, both mode).
INFO: [RTGEN 206-500] Setting interface mode on port 'mfcc/out_stream_V_data_V' to 'axis' (register, both mode).
INFO: [RTGEN 206-500] Setting interface mode on port 'mfcc/out_stream_V_keep_V' to 'axis' (register, both mode).
INFO: [RTGEN 206-500] Setting interface mode on port 'mfcc/out_stream_V_strb_V' to 'axis' (register, both mode).
INFO: [RTGEN 206-500] Setting interface mode on port 'mfcc/out_stream_V_last_V' to 'axis' (register, both mode).
INFO: [RTGEN 206-500] Setting interface mode on function 'mfcc' to 'ap_ctrl_none'.
INFO: [RTGEN 206-100] Finished creating RTL model for 'mfcc'.
INFO: [HLS 200-111] Finished Creating RTL model: CPU user time: 0 seconds. CPU system time: 0 seconds. Elapsed time: 0.32 seconds; current allocated memory: 1.095 GB.
INFO: [HLS 200-111] Finished Generating all RTL models: CPU user time: 0 seconds. CPU system time: 1 seconds. Elapsed time: 0.507 seconds; current allocated memory: 1.099 GB.
INFO: [HLS 200-111] Finished Updating report files: CPU user time: 0 seconds. CPU system time: 0 seconds. Elapsed time: 0.93 seconds; current allocated memory: 1.103 GB.
INFO: [VHDL 208-304] Generating VHDL RTL for mfcc.
INFO: [VLOG 209-307] Generating Verilog RTL for mfcc.
INFO: [HLS 200-790] **** Loop Constraint Status: All loop constraints were satisfied.
INFO: [HLS 200-789] **** Estimated Fmax: 267.90 MHz
INFO: [HLS 200-111] Finished Command csynth_design CPU user time: 1 seconds. CPU system time: 1 seconds. Elapsed time: 24.569 seconds; current allocated memory: 70.266 MB.
==============================================================
Vitis HLS - High-Level Synthesis from C, C++ and OpenCL v2023.1 (64-bit)
Tool Version Limit: 2023.05
Copyright 1986-2022 Xilinx, Inc. All Rights Reserved.
Copyright 2022-2023 Advanced Micro Devices, Inc. All Rights Reserved.

==============================================================
INFO: [SYN 201-201] Setting up clock 'default' with a period of 10ns.
INFO: [HLS 200-1611] Setting target device to 'xc7a100t-csg324-1'
INFO: [HLS 200-1505] Using flow_target 'vivado'
INFO: [HLS 200-1464] Running solution command: config_export -display_name=mfcc2
INFO: [HLS 200-1464] Running solution command: config_export -format=ip_catalog
INFO: [HLS 200-1464] Running solution command: config_export -output=C:/Users/the5t/OneDrive/Documents/GitHub/rwth-lab-fpga-WIP
INFO: [HLS 200-1464] Running solution command: config_export -rtl=verilog
INFO: [HLS 200-1510] Running: set_part xc7a100t-csg324-1 
INFO: [HLS 200-1510] Running: create_clock -period 10 -name default 
INFO: [HLS 200-1510] Running: config_export -display_name mfcc2 -format ip_catalog -output C:/Users/the5t/OneDrive/Documents/GitHub/rwth-lab-fpga-WIP -rtl verilog 
INFO: [HLS 200-1510] Running: source ./audrey_4_hls/solution1/directives.tcl
INFO: [HLS 200-1510] Running: set_directive_top -name mfcc mfcc 
INFO: [HLS 200-1510] Running: export_design -rtl verilog -format ip_catalog -output C:/Users/the5t/OneDrive/Documents/GitHub/rwth-lab-fpga-WIP 
INFO: [IMPL 213-8] Exporting RTL as a Vivado IP.
INFO: [HLS 200-802] Generated output file C:/Users/the5t/OneDrive/Documents/GitHub/rwth-lab-fpga-WIP/export.zip
INFO: [HLS 200-111] Finished Command export_design CPU user time: 0 seconds. CPU system time: 0 seconds. Elapsed time: 10.616 seconds; current allocated memory: 7.523 MB.
