Copyright 1986-2022 Xilinx, Inc. All Rights Reserved. Copyright 2022-2023 Advanced Micro Devices, Inc. All Rights Reserved.
------------------------------------------------------------------------------------------------------------------------------------------------------------------------------------------------------
| Tool Version : Vivado v.2023.1 (win64) Build 3865809 Sun May  7 15:05:29 MDT 2023
| Date         : Tue Jan 27 11:09:14 2026
| Host         : DESKTOP-OS4G7S0 running 64-bit major release  (build 9200)
| Command      : report_timing_summary -max_paths 10 -report_unconstrained -file top_timing_summary_routed.rpt -pb top_timing_summary_routed.pb -rpx top_timing_summary_routed.rpx -warn_on_violation
| Design       : top
| Device       : 7a100t-csg324
| Speed File   : -1  PRODUCTION 1.23 2018-06-13
| Design State : Routed
------------------------------------------------------------------------------------------------------------------------------------------------------------------------------------------------------

Timing Summary Report

------------------------------------------------------------------------------------------------
| Timer Settings
| --------------
------------------------------------------------------------------------------------------------

  Enable Multi Corner Analysis               :  Yes
  Enable Pessimism Removal                   :  Yes
  Pessimism Removal Resolution               :  Nearest Common Node
  Enable Input Delay Default Clock           :  No
  Enable Preset / Clear Arcs                 :  No
  Disable Flight Delays                      :  No
  Ignore I/O Paths                           :  No
  Timing Early Launch at Borrowing Latches   :  No
  Borrow Time for Max Delay Exceptions       :  Yes
  Merge Timing Exceptions                    :  Yes

  Corner  Analyze    Analyze    
  Name    Max Paths  Min Paths  
  ------  ---------  ---------  
  Slow    Yes        Yes        
  Fast    Yes        Yes        


------------------------------------------------------------------------------------------------
| Report Methodology
| ------------------
------------------------------------------------------------------------------------------------

Rule       Severity          Description                                                Violations  
---------  ----------------  ---------------------------------------------------------  ----------  
TIMING-4   Critical Warning  Invalid primary clock redefinition on a clock tree         2           
TIMING-6   Critical Warning  No common primary clock between related clocks             1           
TIMING-7   Critical Warning  No common node between related clocks                      1           
TIMING-8   Critical Warning  No common period between related clocks                    1           
TIMING-27  Critical Warning  Invalid primary clock on hierarchical pin                  2           
TIMING-51  Critical Warning  No common phase between related clocks from parallel CMBs  1           
DPIR-1     Warning           Asynchronous driver check                                  19          
TIMING-16  Warning           Large setup violation                                      18          
TIMING-18  Warning           Missing input or output delay                              3           

Note: This report is based on the most recent report_methodology run and may not be up-to-date. Run report_methodology on the current design for the latest report.



check_timing report

Table of Contents
-----------------
1. checking no_clock (0)
2. checking constant_clock (0)
3. checking pulse_width_clock (0)
4. checking unconstrained_internal_endpoints (0)
5. checking no_input_delay (3)
6. checking no_output_delay (17)
7. checking multiple_clock (0)
8. checking generated_clocks (0)
9. checking loops (0)
10. checking partial_input_delay (0)
11. checking partial_output_delay (0)
12. checking latch_loops (0)

1. checking no_clock (0)
------------------------
 There are 0 register/latch pins with no clock.


2. checking constant_clock (0)
------------------------------
 There are 0 register/latch pins with constant_clock.


3. checking pulse_width_clock (0)
---------------------------------
 There are 0 register/latch pins which need pulse_width check


4. checking unconstrained_internal_endpoints (0)
------------------------------------------------
 There are 0 pins that are not constrained for maximum delay.

 There are 0 pins that are not constrained for maximum delay due to constant clock.


5. checking no_input_delay (3)
------------------------------
 There are 3 input ports with no input delay specified. (HIGH)

 There are 0 input ports with no input delay but user has a false path constraint.


6. checking no_output_delay (17)
--------------------------------
 There are 17 ports with no output delay specified. (HIGH)

 There are 0 ports with no output delay but user has a false path constraint

 There are 0 ports with no output delay but with a timing clock defined on it or propagating through it


7. checking multiple_clock (0)
------------------------------
 There are 0 register/latch pins with multiple clocks.


8. checking generated_clocks (0)
--------------------------------
 There are 0 generated clocks that are not connected to a clock source.


9. checking loops (0)
---------------------
 There are 0 combinational loops in the design.


10. checking partial_input_delay (0)
------------------------------------
 There are 0 input ports with partial input delay specified.


11. checking partial_output_delay (0)
-------------------------------------
 There are 0 ports with partial output delay specified.


12. checking latch_loops (0)
----------------------------
 There are 0 combinational latch loops in the design through latch input



------------------------------------------------------------------------------------------------
| Design Timing Summary
| ---------------------
------------------------------------------------------------------------------------------------

    WNS(ns)      TNS(ns)  TNS Failing Endpoints  TNS Total Endpoints      WHS(ns)      THS(ns)  THS Failing Endpoints  THS Total Endpoints     WPWS(ns)     TPWS(ns)  TPWS Failing Endpoints  TPWS Total Endpoints  
    -------      -------  ---------------------  -------------------      -------      -------  ---------------------  -------------------     --------     --------  ----------------------  --------------------  
     -4.203      -60.152                     18                 4392        0.069        0.000                      0                 4392        3.000        0.000                       0                  2111  


Timing constraints are not met.


------------------------------------------------------------------------------------------------
| Clock Summary
| -------------
------------------------------------------------------------------------------------------------

Clock                      Waveform(ns)       Period(ns)      Frequency(MHz)
-----                      ------------       ----------      --------------
clk                        {0.000 5.000}      10.000          100.000         
i2spcm0/inst/inst/clk_in1  {0.000 5.000}      10.000          100.000         
  clk_out1_clk_wiz_0       {0.000 30.516}     61.032          16.385          
  clkfbout_clk_wiz_0       {0.000 25.000}     50.000          20.000          
vga0/clk_wiz_i/inst/clk    {0.000 5.000}      10.000          100.000         
  clk_pixel_clk_wiz        {0.000 20.000}     40.000          25.000          
  clkfbout_clk_wiz         {0.000 5.000}      10.000          100.000         


------------------------------------------------------------------------------------------------
| Intra Clock Table
| -----------------
------------------------------------------------------------------------------------------------

Clock                          WNS(ns)      TNS(ns)  TNS Failing Endpoints  TNS Total Endpoints      WHS(ns)      THS(ns)  THS Failing Endpoints  THS Total Endpoints     WPWS(ns)     TPWS(ns)  TPWS Failing Endpoints  TPWS Total Endpoints  
-----                          -------      -------  ---------------------  -------------------      -------      -------  ---------------------  -------------------     --------     --------  ----------------------  --------------------  
clk                              2.999        0.000                      0                 3633        0.082        0.000                      0                 3633        4.020        0.000                       0                  1786  
i2spcm0/inst/inst/clk_in1                                                                                                                                                    3.000        0.000                       0                     1  
  clk_out1_clk_wiz_0            56.722        0.000                      0                   36        0.235        0.000                      0                   36       30.016        0.000                       0                    32  
  clkfbout_clk_wiz_0                                                                                                                                                        47.845        0.000                       0                     3  
vga0/clk_wiz_i/inst/clk                                                                                                                                                      3.000        0.000                       0                     1  
  clk_pixel_clk_wiz             22.881        0.000                      0                  454        0.069        0.000                      0                  454       19.020        0.000                       0                   285  
  clkfbout_clk_wiz                                                                                                                                                           7.845        0.000                       0                     3  


------------------------------------------------------------------------------------------------
| Inter Clock Table
| -----------------
------------------------------------------------------------------------------------------------

From Clock          To Clock                WNS(ns)      TNS(ns)  TNS Failing Endpoints  TNS Total Endpoints      WHS(ns)      THS(ns)  THS Failing Endpoints  THS Total Endpoints  
----------          --------                -------      -------  ---------------------  -------------------      -------      -------  ---------------------  -------------------  
clk_out1_clk_wiz_0  clk                      -4.203      -60.152                     18                   18        0.207        0.000                      0                   18  


------------------------------------------------------------------------------------------------
| Other Path Groups Table
| -----------------------
------------------------------------------------------------------------------------------------

Path Group         From Clock         To Clock               WNS(ns)      TNS(ns)  TNS Failing Endpoints  TNS Total Endpoints      WHS(ns)      THS(ns)  THS Failing Endpoints  THS Total Endpoints  
----------         ----------         --------               -------      -------  ---------------------  -------------------      -------      -------  ---------------------  -------------------  
**async_default**  clk_pixel_clk_wiz  clk_pixel_clk_wiz       33.975        0.000                      0                  251        0.750        0.000                      0                  251  


------------------------------------------------------------------------------------------------
| User Ignored Path Table
| -----------------------
------------------------------------------------------------------------------------------------

Path Group          From Clock          To Clock          
----------          ----------          --------          
(none)              clk_out1_clk_wiz_0  clk                 


------------------------------------------------------------------------------------------------
| Unconstrained Path Table
| ------------------------
------------------------------------------------------------------------------------------------

Path Group          From Clock          To Clock          
----------          ----------          --------          
(none)              clk                                     
(none)              clk_out1_clk_wiz_0                      
(none)              clk_pixel_clk_wiz                       
(none)              clkfbout_clk_wiz                        
(none)              clkfbout_clk_wiz_0                      
(none)                                  clk                 
(none)                                  clk_out1_clk_wiz_0  
(none)                                  clk_pixel_clk_wiz   


------------------------------------------------------------------------------------------------
| Timing Details
| --------------
------------------------------------------------------------------------------------------------


---------------------------------------------------------------------------------------------------
From Clock:  clk
  To Clock:  clk

Setup :            0  Failing Endpoints,  Worst Slack        2.999ns,  Total Violation        0.000ns
Hold  :            0  Failing Endpoints,  Worst Slack        0.082ns,  Total Violation        0.000ns
PW    :            0  Failing Endpoints,  Worst Slack        4.020ns,  Total Violation        0.000ns
---------------------------------------------------------------------------------------------------


Max Delay Paths
--------------------------------------------------------------------------------------
Slack (MET) :             2.999ns  (required time - arrival time)
  Source:                 fft0/u_serial_fft/fft_i/U0/i_synth/axi_wrapper/data_out_channel/gen_non_real_time.fifo/fifo0/fifo_2_reg[16]/C
                            (rising edge-triggered cell FDRE clocked by clk  {rise@0.000ns fall@5.000ns period=10.000ns})
  Destination:            fft0/abs_value_i/square_value[value]/PCIN[0]
                            (rising edge-triggered cell DSP48E1 clocked by clk  {rise@0.000ns fall@5.000ns period=10.000ns})
  Path Group:             clk
  Path Type:              Setup (Max at Slow Process Corner)
  Requirement:            10.000ns  (clk rise@10.000ns - clk rise@0.000ns)
  Data Path Delay:        5.615ns  (logic 4.554ns (81.102%)  route 1.061ns (18.898%))
  Logic Levels:           1  (DSP48E1=1)
  Clock Path Skew:        0.050ns (DCD - SCD + CPR)
    Destination Clock Delay (DCD):    5.105ns = ( 15.105 - 10.000 ) 
    Source Clock Delay      (SCD):    5.315ns
    Clock Pessimism Removal (CPR):    0.259ns
  Clock Uncertainty:      0.035ns  ((TSJ^2 + TIJ^2)^1/2 + DJ) / 2 + PE
    Total System Jitter     (TSJ):    0.071ns
    Total Input Jitter      (TIJ):    0.000ns
    Discrete Jitter          (DJ):    0.000ns
    Phase Error              (PE):    0.000ns

    Location             Delay type                Incr(ns)  Path(ns)    Netlist Resource(s)
  -------------------------------------------------------------------    -------------------
                         (clock clk rise edge)        0.000     0.000 r  
    E3                                                0.000     0.000 r  clk (IN)
                         net (fo=0)                   0.000     0.000    clk
    E3                   IBUF (Prop_ibuf_I_O)         1.482     1.482 r  clk_IBUF_inst/O
                         net (fo=2, routed)           2.025     3.506    clk_IBUF
    BUFGCTRL_X0Y16       BUFG (Prop_bufg_I_O)         0.096     3.602 r  clk_IBUF_BUFG_inst/O
                         net (fo=1697, routed)        1.712     5.315    fft0/u_serial_fft/fft_i/U0/i_synth/axi_wrapper/data_out_channel/gen_non_real_time.fifo/fifo0/aclk
    SLICE_X80Y80         FDRE                                         r  fft0/u_serial_fft/fft_i/U0/i_synth/axi_wrapper/data_out_channel/gen_non_real_time.fifo/fifo0/fifo_2_reg[16]/C
  -------------------------------------------------------------------    -------------------
    SLICE_X80Y80         FDRE (Prop_fdre_C_Q)         0.518     5.833 r  fft0/u_serial_fft/fft_i/U0/i_synth/axi_wrapper/data_out_channel/gen_non_real_time.fifo/fifo0/fifo_2_reg[16]/Q
                         net (fo=18, routed)          1.059     6.892    fft0/abs_value_i/m_axis_data_tdata[15]
    DSP48_X2Y32          DSP48E1 (Prop_dsp48e1_A[19]_PCOUT[0])
                                                      4.036    10.928 r  fft0/abs_value_i/square_value[value]0/PCOUT[0]
                         net (fo=1, routed)           0.002    10.930    fft0/abs_value_i/square_value[value]0_n_153
    DSP48_X2Y33          DSP48E1                                      r  fft0/abs_value_i/square_value[value]/PCIN[0]
  -------------------------------------------------------------------    -------------------

                         (clock clk rise edge)       10.000    10.000 r  
    E3                                                0.000    10.000 r  clk (IN)
                         net (fo=0)                   0.000    10.000    clk
    E3                   IBUF (Prop_ibuf_I_O)         1.411    11.411 r  clk_IBUF_inst/O
                         net (fo=2, routed)           1.920    13.331    clk_IBUF
    BUFGCTRL_X0Y16       BUFG (Prop_bufg_I_O)         0.091    13.422 r  clk_IBUF_BUFG_inst/O
                         net (fo=1697, routed)        1.683    15.105    fft0/abs_value_i/clk
    DSP48_X2Y33          DSP48E1                                      r  fft0/abs_value_i/square_value[value]/CLK
                         clock pessimism              0.259    15.364    
                         clock uncertainty           -0.035    15.329    
    DSP48_X2Y33          DSP48E1 (Setup_dsp48e1_CLK_PCIN[0])
                                                     -1.400    13.929    fft0/abs_value_i/square_value[value]
  -------------------------------------------------------------------
                         required time                         13.929    
                         arrival time                         -10.930    
  -------------------------------------------------------------------
                         slack                                  2.999    

Slack (MET) :             2.999ns  (required time - arrival time)
  Source:                 fft0/u_serial_fft/fft_i/U0/i_synth/axi_wrapper/data_out_channel/gen_non_real_time.fifo/fifo0/fifo_2_reg[16]/C
                            (rising edge-triggered cell FDRE clocked by clk  {rise@0.000ns fall@5.000ns period=10.000ns})
  Destination:            fft0/abs_value_i/square_value[value]/PCIN[10]
                            (rising edge-triggered cell DSP48E1 clocked by clk  {rise@0.000ns fall@5.000ns period=10.000ns})
  Path Group:             clk
  Path Type:              Setup (Max at Slow Process Corner)
  Requirement:            10.000ns  (clk rise@10.000ns - clk rise@0.000ns)
  Data Path Delay:        5.615ns  (logic 4.554ns (81.102%)  route 1.061ns (18.898%))
  Logic Levels:           1  (DSP48E1=1)
  Clock Path Skew:        0.050ns (DCD - SCD + CPR)
    Destination Clock Delay (DCD):    5.105ns = ( 15.105 - 10.000 ) 
    Source Clock Delay      (SCD):    5.315ns
    Clock Pessimism Removal (CPR):    0.259ns
  Clock Uncertainty:      0.035ns  ((TSJ^2 + TIJ^2)^1/2 + DJ) / 2 + PE
    Total System Jitter     (TSJ):    0.071ns
    Total Input Jitter      (TIJ):    0.000ns
    Discrete Jitter          (DJ):    0.000ns
    Phase Error              (PE):    0.000ns

    Location             Delay type                Incr(ns)  Path(ns)    Netlist Resource(s)
  -------------------------------------------------------------------    -------------------
                         (clock clk rise edge)        0.000     0.000 r  
    E3                                                0.000     0.000 r  clk (IN)
                         net (fo=0)                   0.000     0.000    clk
    E3                   IBUF (Prop_ibuf_I_O)         1.482     1.482 r  clk_IBUF_inst/O
                         net (fo=2, routed)           2.025     3.506    clk_IBUF
    BUFGCTRL_X0Y16       BUFG (Prop_bufg_I_O)         0.096     3.602 r  clk_IBUF_BUFG_inst/O
                         net (fo=1697, routed)        1.712     5.315    fft0/u_serial_fft/fft_i/U0/i_synth/axi_wrapper/data_out_channel/gen_non_real_time.fifo/fifo0/aclk
    SLICE_X80Y80         FDRE                                         r  fft0/u_serial_fft/fft_i/U0/i_synth/axi_wrapper/data_out_channel/gen_non_real_time.fifo/fifo0/fifo_2_reg[16]/C
  -------------------------------------------------------------------    -------------------
    SLICE_X80Y80         FDRE (Prop_fdre_C_Q)         0.518     5.833 r  fft0/u_serial_fft/fft_i/U0/i_synth/axi_wrapper/data_out_channel/gen_non_real_time.fifo/fifo0/fifo_2_reg[16]/Q
                         net (fo=18, routed)          1.059     6.892    fft0/abs_value_i/m_axis_data_tdata[15]
    DSP48_X2Y32          DSP48E1 (Prop_dsp48e1_A[19]_PCOUT[10])
                                                      4.036    10.928 r  fft0/abs_value_i/square_value[value]0/PCOUT[10]
                         net (fo=1, routed)           0.002    10.930    fft0/abs_value_i/square_value[value]0_n_143
    DSP48_X2Y33          DSP48E1                                      r  fft0/abs_value_i/square_value[value]/PCIN[10]
  -------------------------------------------------------------------    -------------------

                         (clock clk rise edge)       10.000    10.000 r  
    E3                                                0.000    10.000 r  clk (IN)
                         net (fo=0)                   0.000    10.000    clk
    E3                   IBUF (Prop_ibuf_I_O)         1.411    11.411 r  clk_IBUF_inst/O
                         net (fo=2, routed)           1.920    13.331    clk_IBUF
    BUFGCTRL_X0Y16       BUFG (Prop_bufg_I_O)         0.091    13.422 r  clk_IBUF_BUFG_inst/O
                         net (fo=1697, routed)        1.683    15.105    fft0/abs_value_i/clk
    DSP48_X2Y33          DSP48E1                                      r  fft0/abs_value_i/square_value[value]/CLK
                         clock pessimism              0.259    15.364    
                         clock uncertainty           -0.035    15.329    
    DSP48_X2Y33          DSP48E1 (Setup_dsp48e1_CLK_PCIN[10])
                                                     -1.400    13.929    fft0/abs_value_i/square_value[value]
  -------------------------------------------------------------------
                         required time                         13.929    
                         arrival time                         -10.930    
  -------------------------------------------------------------------
                         slack                                  2.999    

Slack (MET) :             2.999ns  (required time - arrival time)
  Source:                 fft0/u_serial_fft/fft_i/U0/i_synth/axi_wrapper/data_out_channel/gen_non_real_time.fifo/fifo0/fifo_2_reg[16]/C
                            (rising edge-triggered cell FDRE clocked by clk  {rise@0.000ns fall@5.000ns period=10.000ns})
  Destination:            fft0/abs_value_i/square_value[value]/PCIN[11]
                            (rising edge-triggered cell DSP48E1 clocked by clk  {rise@0.000ns fall@5.000ns period=10.000ns})
  Path Group:             clk
  Path Type:              Setup (Max at Slow Process Corner)
  Requirement:            10.000ns  (clk rise@10.000ns - clk rise@0.000ns)
  Data Path Delay:        5.615ns  (logic 4.554ns (81.102%)  route 1.061ns (18.898%))
  Logic Levels:           1  (DSP48E1=1)
  Clock Path Skew:        0.050ns (DCD - SCD + CPR)
    Destination Clock Delay (DCD):    5.105ns = ( 15.105 - 10.000 ) 
    Source Clock Delay      (SCD):    5.315ns
    Clock Pessimism Removal (CPR):    0.259ns
  Clock Uncertainty:      0.035ns  ((TSJ^2 + TIJ^2)^1/2 + DJ) / 2 + PE
    Total System Jitter     (TSJ):    0.071ns
    Total Input Jitter      (TIJ):    0.000ns
    Discrete Jitter          (DJ):    0.000ns
    Phase Error              (PE):    0.000ns

    Location             Delay type                Incr(ns)  Path(ns)    Netlist Resource(s)
  -------------------------------------------------------------------    -------------------
                         (clock clk rise edge)        0.000     0.000 r  
    E3                                                0.000     0.000 r  clk (IN)
                         net (fo=0)                   0.000     0.000    clk
    E3                   IBUF (Prop_ibuf_I_O)         1.482     1.482 r  clk_IBUF_inst/O
                         net (fo=2, routed)           2.025     3.506    clk_IBUF
    BUFGCTRL_X0Y16       BUFG (Prop_bufg_I_O)         0.096     3.602 r  clk_IBUF_BUFG_inst/O
                         net (fo=1697, routed)        1.712     5.315    fft0/u_serial_fft/fft_i/U0/i_synth/axi_wrapper/data_out_channel/gen_non_real_time.fifo/fifo0/aclk
    SLICE_X80Y80         FDRE                                         r  fft0/u_serial_fft/fft_i/U0/i_synth/axi_wrapper/data_out_channel/gen_non_real_time.fifo/fifo0/fifo_2_reg[16]/C
  -------------------------------------------------------------------    -------------------
    SLICE_X80Y80         FDRE (Prop_fdre_C_Q)         0.518     5.833 r  fft0/u_serial_fft/fft_i/U0/i_synth/axi_wrapper/data_out_channel/gen_non_real_time.fifo/fifo0/fifo_2_reg[16]/Q
                         net (fo=18, routed)          1.059     6.892    fft0/abs_value_i/m_axis_data_tdata[15]
    DSP48_X2Y32          DSP48E1 (Prop_dsp48e1_A[19]_PCOUT[11])
                                                      4.036    10.928 r  fft0/abs_value_i/square_value[value]0/PCOUT[11]
                         net (fo=1, routed)           0.002    10.930    fft0/abs_value_i/square_value[value]0_n_142
    DSP48_X2Y33          DSP48E1                                      r  fft0/abs_value_i/square_value[value]/PCIN[11]
  -------------------------------------------------------------------    -------------------

                         (clock clk rise edge)       10.000    10.000 r  
    E3                                                0.000    10.000 r  clk (IN)
                         net (fo=0)                   0.000    10.000    clk
    E3                   IBUF (Prop_ibuf_I_O)         1.411    11.411 r  clk_IBUF_inst/O
                         net (fo=2, routed)           1.920    13.331    clk_IBUF
    BUFGCTRL_X0Y16       BUFG (Prop_bufg_I_O)         0.091    13.422 r  clk_IBUF_BUFG_inst/O
                         net (fo=1697, routed)        1.683    15.105    fft0/abs_value_i/clk
    DSP48_X2Y33          DSP48E1                                      r  fft0/abs_value_i/square_value[value]/CLK
                         clock pessimism              0.259    15.364    
                         clock uncertainty           -0.035    15.329    
    DSP48_X2Y33          DSP48E1 (Setup_dsp48e1_CLK_PCIN[11])
                                                     -1.400    13.929    fft0/abs_value_i/square_value[value]
  -------------------------------------------------------------------
                         required time                         13.929    
                         arrival time                         -10.930    
  -------------------------------------------------------------------
                         slack                                  2.999    

Slack (MET) :             2.999ns  (required time - arrival time)
  Source:                 fft0/u_serial_fft/fft_i/U0/i_synth/axi_wrapper/data_out_channel/gen_non_real_time.fifo/fifo0/fifo_2_reg[16]/C
                            (rising edge-triggered cell FDRE clocked by clk  {rise@0.000ns fall@5.000ns period=10.000ns})
  Destination:            fft0/abs_value_i/square_value[value]/PCIN[12]
                            (rising edge-triggered cell DSP48E1 clocked by clk  {rise@0.000ns fall@5.000ns period=10.000ns})
  Path Group:             clk
  Path Type:              Setup (Max at Slow Process Corner)
  Requirement:            10.000ns  (clk rise@10.000ns - clk rise@0.000ns)
  Data Path Delay:        5.615ns  (logic 4.554ns (81.102%)  route 1.061ns (18.898%))
  Logic Levels:           1  (DSP48E1=1)
  Clock Path Skew:        0.050ns (DCD - SCD + CPR)
    Destination Clock Delay (DCD):    5.105ns = ( 15.105 - 10.000 ) 
    Source Clock Delay      (SCD):    5.315ns
    Clock Pessimism Removal (CPR):    0.259ns
  Clock Uncertainty:      0.035ns  ((TSJ^2 + TIJ^2)^1/2 + DJ) / 2 + PE
    Total System Jitter     (TSJ):    0.071ns
    Total Input Jitter      (TIJ):    0.000ns
    Discrete Jitter          (DJ):    0.000ns
    Phase Error              (PE):    0.000ns

    Location             Delay type                Incr(ns)  Path(ns)    Netlist Resource(s)
  -------------------------------------------------------------------    -------------------
                         (clock clk rise edge)        0.000     0.000 r  
    E3                                                0.000     0.000 r  clk (IN)
                         net (fo=0)                   0.000     0.000    clk
    E3                   IBUF (Prop_ibuf_I_O)         1.482     1.482 r  clk_IBUF_inst/O
                         net (fo=2, routed)           2.025     3.506    clk_IBUF
    BUFGCTRL_X0Y16       BUFG (Prop_bufg_I_O)         0.096     3.602 r  clk_IBUF_BUFG_inst/O
                         net (fo=1697, routed)        1.712     5.315    fft0/u_serial_fft/fft_i/U0/i_synth/axi_wrapper/data_out_channel/gen_non_real_time.fifo/fifo0/aclk
    SLICE_X80Y80         FDRE                                         r  fft0/u_serial_fft/fft_i/U0/i_synth/axi_wrapper/data_out_channel/gen_non_real_time.fifo/fifo0/fifo_2_reg[16]/C
  -------------------------------------------------------------------    -------------------
    SLICE_X80Y80         FDRE (Prop_fdre_C_Q)         0.518     5.833 r  fft0/u_serial_fft/fft_i/U0/i_synth/axi_wrapper/data_out_channel/gen_non_real_time.fifo/fifo0/fifo_2_reg[16]/Q
                         net (fo=18, routed)          1.059     6.892    fft0/abs_value_i/m_axis_data_tdata[15]
    DSP48_X2Y32          DSP48E1 (Prop_dsp48e1_A[19]_PCOUT[12])
                                                      4.036    10.928 r  fft0/abs_value_i/square_value[value]0/PCOUT[12]
                         net (fo=1, routed)           0.002    10.930    fft0/abs_value_i/square_value[value]0_n_141
    DSP48_X2Y33          DSP48E1                                      r  fft0/abs_value_i/square_value[value]/PCIN[12]
  -------------------------------------------------------------------    -------------------

                         (clock clk rise edge)       10.000    10.000 r  
    E3                                                0.000    10.000 r  clk (IN)
                         net (fo=0)                   0.000    10.000    clk
    E3                   IBUF (Prop_ibuf_I_O)         1.411    11.411 r  clk_IBUF_inst/O
                         net (fo=2, routed)           1.920    13.331    clk_IBUF
    BUFGCTRL_X0Y16       BUFG (Prop_bufg_I_O)         0.091    13.422 r  clk_IBUF_BUFG_inst/O
                         net (fo=1697, routed)        1.683    15.105    fft0/abs_value_i/clk
    DSP48_X2Y33          DSP48E1                                      r  fft0/abs_value_i/square_value[value]/CLK
                         clock pessimism              0.259    15.364    
                         clock uncertainty           -0.035    15.329    
    DSP48_X2Y33          DSP48E1 (Setup_dsp48e1_CLK_PCIN[12])
                                                     -1.400    13.929    fft0/abs_value_i/square_value[value]
  -------------------------------------------------------------------
                         required time                         13.929    
                         arrival time                         -10.930    
  -------------------------------------------------------------------
                         slack                                  2.999    

Slack (MET) :             2.999ns  (required time - arrival time)
  Source:                 fft0/u_serial_fft/fft_i/U0/i_synth/axi_wrapper/data_out_channel/gen_non_real_time.fifo/fifo0/fifo_2_reg[16]/C
                            (rising edge-triggered cell FDRE clocked by clk  {rise@0.000ns fall@5.000ns period=10.000ns})
  Destination:            fft0/abs_value_i/square_value[value]/PCIN[13]
                            (rising edge-triggered cell DSP48E1 clocked by clk  {rise@0.000ns fall@5.000ns period=10.000ns})
  Path Group:             clk
  Path Type:              Setup (Max at Slow Process Corner)
  Requirement:            10.000ns  (clk rise@10.000ns - clk rise@0.000ns)
  Data Path Delay:        5.615ns  (logic 4.554ns (81.102%)  route 1.061ns (18.898%))
  Logic Levels:           1  (DSP48E1=1)
  Clock Path Skew:        0.050ns (DCD - SCD + CPR)
    Destination Clock Delay (DCD):    5.105ns = ( 15.105 - 10.000 ) 
    Source Clock Delay      (SCD):    5.315ns
    Clock Pessimism Removal (CPR):    0.259ns
  Clock Uncertainty:      0.035ns  ((TSJ^2 + TIJ^2)^1/2 + DJ) / 2 + PE
    Total System Jitter     (TSJ):    0.071ns
    Total Input Jitter      (TIJ):    0.000ns
    Discrete Jitter          (DJ):    0.000ns
    Phase Error              (PE):    0.000ns

    Location             Delay type                Incr(ns)  Path(ns)    Netlist Resource(s)
  -------------------------------------------------------------------    -------------------
                         (clock clk rise edge)        0.000     0.000 r  
    E3                                                0.000     0.000 r  clk (IN)
                         net (fo=0)                   0.000     0.000    clk
    E3                   IBUF (Prop_ibuf_I_O)         1.482     1.482 r  clk_IBUF_inst/O
                         net (fo=2, routed)           2.025     3.506    clk_IBUF
    BUFGCTRL_X0Y16       BUFG (Prop_bufg_I_O)         0.096     3.602 r  clk_IBUF_BUFG_inst/O
                         net (fo=1697, routed)        1.712     5.315    fft0/u_serial_fft/fft_i/U0/i_synth/axi_wrapper/data_out_channel/gen_non_real_time.fifo/fifo0/aclk
    SLICE_X80Y80         FDRE                                         r  fft0/u_serial_fft/fft_i/U0/i_synth/axi_wrapper/data_out_channel/gen_non_real_time.fifo/fifo0/fifo_2_reg[16]/C
  -------------------------------------------------------------------    -------------------
    SLICE_X80Y80         FDRE (Prop_fdre_C_Q)         0.518     5.833 r  fft0/u_serial_fft/fft_i/U0/i_synth/axi_wrapper/data_out_channel/gen_non_real_time.fifo/fifo0/fifo_2_reg[16]/Q
                         net (fo=18, routed)          1.059     6.892    fft0/abs_value_i/m_axis_data_tdata[15]
    DSP48_X2Y32          DSP48E1 (Prop_dsp48e1_A[19]_PCOUT[13])
                                                      4.036    10.928 r  fft0/abs_value_i/square_value[value]0/PCOUT[13]
                         net (fo=1, routed)           0.002    10.930    fft0/abs_value_i/square_value[value]0_n_140
    DSP48_X2Y33          DSP48E1                                      r  fft0/abs_value_i/square_value[value]/PCIN[13]
  -------------------------------------------------------------------    -------------------

                         (clock clk rise edge)       10.000    10.000 r  
    E3                                                0.000    10.000 r  clk (IN)
                         net (fo=0)                   0.000    10.000    clk
    E3                   IBUF (Prop_ibuf_I_O)         1.411    11.411 r  clk_IBUF_inst/O
                         net (fo=2, routed)           1.920    13.331    clk_IBUF
    BUFGCTRL_X0Y16       BUFG (Prop_bufg_I_O)         0.091    13.422 r  clk_IBUF_BUFG_inst/O
                         net (fo=1697, routed)        1.683    15.105    fft0/abs_value_i/clk
    DSP48_X2Y33          DSP48E1                                      r  fft0/abs_value_i/square_value[value]/CLK
                         clock pessimism              0.259    15.364    
                         clock uncertainty           -0.035    15.329    
    DSP48_X2Y33          DSP48E1 (Setup_dsp48e1_CLK_PCIN[13])
                                                     -1.400    13.929    fft0/abs_value_i/square_value[value]
  -------------------------------------------------------------------
                         required time                         13.929    
                         arrival time                         -10.930    
  -------------------------------------------------------------------
                         slack                                  2.999    

Slack (MET) :             2.999ns  (required time - arrival time)
  Source:                 fft0/u_serial_fft/fft_i/U0/i_synth/axi_wrapper/data_out_channel/gen_non_real_time.fifo/fifo0/fifo_2_reg[16]/C
                            (rising edge-triggered cell FDRE clocked by clk  {rise@0.000ns fall@5.000ns period=10.000ns})
  Destination:            fft0/abs_value_i/square_value[value]/PCIN[14]
                            (rising edge-triggered cell DSP48E1 clocked by clk  {rise@0.000ns fall@5.000ns period=10.000ns})
  Path Group:             clk
  Path Type:              Setup (Max at Slow Process Corner)
  Requirement:            10.000ns  (clk rise@10.000ns - clk rise@0.000ns)
  Data Path Delay:        5.615ns  (logic 4.554ns (81.102%)  route 1.061ns (18.898%))
  Logic Levels:           1  (DSP48E1=1)
  Clock Path Skew:        0.050ns (DCD - SCD + CPR)
    Destination Clock Delay (DCD):    5.105ns = ( 15.105 - 10.000 ) 
    Source Clock Delay      (SCD):    5.315ns
    Clock Pessimism Removal (CPR):    0.259ns
  Clock Uncertainty:      0.035ns  ((TSJ^2 + TIJ^2)^1/2 + DJ) / 2 + PE
    Total System Jitter     (TSJ):    0.071ns
    Total Input Jitter      (TIJ):    0.000ns
    Discrete Jitter          (DJ):    0.000ns
    Phase Error              (PE):    0.000ns

    Location             Delay type                Incr(ns)  Path(ns)    Netlist Resource(s)
  -------------------------------------------------------------------    -------------------
                         (clock clk rise edge)        0.000     0.000 r  
    E3                                                0.000     0.000 r  clk (IN)
                         net (fo=0)                   0.000     0.000    clk
    E3                   IBUF (Prop_ibuf_I_O)         1.482     1.482 r  clk_IBUF_inst/O
                         net (fo=2, routed)           2.025     3.506    clk_IBUF
    BUFGCTRL_X0Y16       BUFG (Prop_bufg_I_O)         0.096     3.602 r  clk_IBUF_BUFG_inst/O
                         net (fo=1697, routed)        1.712     5.315    fft0/u_serial_fft/fft_i/U0/i_synth/axi_wrapper/data_out_channel/gen_non_real_time.fifo/fifo0/aclk
    SLICE_X80Y80         FDRE                                         r  fft0/u_serial_fft/fft_i/U0/i_synth/axi_wrapper/data_out_channel/gen_non_real_time.fifo/fifo0/fifo_2_reg[16]/C
  -------------------------------------------------------------------    -------------------
    SLICE_X80Y80         FDRE (Prop_fdre_C_Q)         0.518     5.833 r  fft0/u_serial_fft/fft_i/U0/i_synth/axi_wrapper/data_out_channel/gen_non_real_time.fifo/fifo0/fifo_2_reg[16]/Q
                         net (fo=18, routed)          1.059     6.892    fft0/abs_value_i/m_axis_data_tdata[15]
    DSP48_X2Y32          DSP48E1 (Prop_dsp48e1_A[19]_PCOUT[14])
                                                      4.036    10.928 r  fft0/abs_value_i/square_value[value]0/PCOUT[14]
                         net (fo=1, routed)           0.002    10.930    fft0/abs_value_i/square_value[value]0_n_139
    DSP48_X2Y33          DSP48E1                                      r  fft0/abs_value_i/square_value[value]/PCIN[14]
  -------------------------------------------------------------------    -------------------

                         (clock clk rise edge)       10.000    10.000 r  
    E3                                                0.000    10.000 r  clk (IN)
                         net (fo=0)                   0.000    10.000    clk
    E3                   IBUF (Prop_ibuf_I_O)         1.411    11.411 r  clk_IBUF_inst/O
                         net (fo=2, routed)           1.920    13.331    clk_IBUF
    BUFGCTRL_X0Y16       BUFG (Prop_bufg_I_O)         0.091    13.422 r  clk_IBUF_BUFG_inst/O
                         net (fo=1697, routed)        1.683    15.105    fft0/abs_value_i/clk
    DSP48_X2Y33          DSP48E1                                      r  fft0/abs_value_i/square_value[value]/CLK
                         clock pessimism              0.259    15.364    
                         clock uncertainty           -0.035    15.329    
    DSP48_X2Y33          DSP48E1 (Setup_dsp48e1_CLK_PCIN[14])
                                                     -1.400    13.929    fft0/abs_value_i/square_value[value]
  -------------------------------------------------------------------
                         required time                         13.929    
                         arrival time                         -10.930    
  -------------------------------------------------------------------
                         slack                                  2.999    

Slack (MET) :             2.999ns  (required time - arrival time)
  Source:                 fft0/u_serial_fft/fft_i/U0/i_synth/axi_wrapper/data_out_channel/gen_non_real_time.fifo/fifo0/fifo_2_reg[16]/C
                            (rising edge-triggered cell FDRE clocked by clk  {rise@0.000ns fall@5.000ns period=10.000ns})
  Destination:            fft0/abs_value_i/square_value[value]/PCIN[15]
                            (rising edge-triggered cell DSP48E1 clocked by clk  {rise@0.000ns fall@5.000ns period=10.000ns})
  Path Group:             clk
  Path Type:              Setup (Max at Slow Process Corner)
  Requirement:            10.000ns  (clk rise@10.000ns - clk rise@0.000ns)
  Data Path Delay:        5.615ns  (logic 4.554ns (81.102%)  route 1.061ns (18.898%))
  Logic Levels:           1  (DSP48E1=1)
  Clock Path Skew:        0.050ns (DCD - SCD + CPR)
    Destination Clock Delay (DCD):    5.105ns = ( 15.105 - 10.000 ) 
    Source Clock Delay      (SCD):    5.315ns
    Clock Pessimism Removal (CPR):    0.259ns
  Clock Uncertainty:      0.035ns  ((TSJ^2 + TIJ^2)^1/2 + DJ) / 2 + PE
    Total System Jitter     (TSJ):    0.071ns
    Total Input Jitter      (TIJ):    0.000ns
    Discrete Jitter          (DJ):    0.000ns
    Phase Error              (PE):    0.000ns

    Location             Delay type                Incr(ns)  Path(ns)    Netlist Resource(s)
  -------------------------------------------------------------------    -------------------
                         (clock clk rise edge)        0.000     0.000 r  
    E3                                                0.000     0.000 r  clk (IN)
                         net (fo=0)                   0.000     0.000    clk
    E3                   IBUF (Prop_ibuf_I_O)         1.482     1.482 r  clk_IBUF_inst/O
                         net (fo=2, routed)           2.025     3.506    clk_IBUF
    BUFGCTRL_X0Y16       BUFG (Prop_bufg_I_O)         0.096     3.602 r  clk_IBUF_BUFG_inst/O
                         net (fo=1697, routed)        1.712     5.315    fft0/u_serial_fft/fft_i/U0/i_synth/axi_wrapper/data_out_channel/gen_non_real_time.fifo/fifo0/aclk
    SLICE_X80Y80         FDRE                                         r  fft0/u_serial_fft/fft_i/U0/i_synth/axi_wrapper/data_out_channel/gen_non_real_time.fifo/fifo0/fifo_2_reg[16]/C
  -------------------------------------------------------------------    -------------------
    SLICE_X80Y80         FDRE (Prop_fdre_C_Q)         0.518     5.833 r  fft0/u_serial_fft/fft_i/U0/i_synth/axi_wrapper/data_out_channel/gen_non_real_time.fifo/fifo0/fifo_2_reg[16]/Q
                         net (fo=18, routed)          1.059     6.892    fft0/abs_value_i/m_axis_data_tdata[15]
    DSP48_X2Y32          DSP48E1 (Prop_dsp48e1_A[19]_PCOUT[15])
                                                      4.036    10.928 r  fft0/abs_value_i/square_value[value]0/PCOUT[15]
                         net (fo=1, routed)           0.002    10.930    fft0/abs_value_i/square_value[value]0_n_138
    DSP48_X2Y33          DSP48E1                                      r  fft0/abs_value_i/square_value[value]/PCIN[15]
  -------------------------------------------------------------------    -------------------

                         (clock clk rise edge)       10.000    10.000 r  
    E3                                                0.000    10.000 r  clk (IN)
                         net (fo=0)                   0.000    10.000    clk
    E3                   IBUF (Prop_ibuf_I_O)         1.411    11.411 r  clk_IBUF_inst/O
                         net (fo=2, routed)           1.920    13.331    clk_IBUF
    BUFGCTRL_X0Y16       BUFG (Prop_bufg_I_O)         0.091    13.422 r  clk_IBUF_BUFG_inst/O
                         net (fo=1697, routed)        1.683    15.105    fft0/abs_value_i/clk
    DSP48_X2Y33          DSP48E1                                      r  fft0/abs_value_i/square_value[value]/CLK
                         clock pessimism              0.259    15.364    
                         clock uncertainty           -0.035    15.329    
    DSP48_X2Y33          DSP48E1 (Setup_dsp48e1_CLK_PCIN[15])
                                                     -1.400    13.929    fft0/abs_value_i/square_value[value]
  -------------------------------------------------------------------
                         required time                         13.929    
                         arrival time                         -10.930    
  -------------------------------------------------------------------
                         slack                                  2.999    

Slack (MET) :             2.999ns  (required time - arrival time)
  Source:                 fft0/u_serial_fft/fft_i/U0/i_synth/axi_wrapper/data_out_channel/gen_non_real_time.fifo/fifo0/fifo_2_reg[16]/C
                            (rising edge-triggered cell FDRE clocked by clk  {rise@0.000ns fall@5.000ns period=10.000ns})
  Destination:            fft0/abs_value_i/square_value[value]/PCIN[16]
                            (rising edge-triggered cell DSP48E1 clocked by clk  {rise@0.000ns fall@5.000ns period=10.000ns})
  Path Group:             clk
  Path Type:              Setup (Max at Slow Process Corner)
  Requirement:            10.000ns  (clk rise@10.000ns - clk rise@0.000ns)
  Data Path Delay:        5.615ns  (logic 4.554ns (81.102%)  route 1.061ns (18.898%))
  Logic Levels:           1  (DSP48E1=1)
  Clock Path Skew:        0.050ns (DCD - SCD + CPR)
    Destination Clock Delay (DCD):    5.105ns = ( 15.105 - 10.000 ) 
    Source Clock Delay      (SCD):    5.315ns
    Clock Pessimism Removal (CPR):    0.259ns
  Clock Uncertainty:      0.035ns  ((TSJ^2 + TIJ^2)^1/2 + DJ) / 2 + PE
    Total System Jitter     (TSJ):    0.071ns
    Total Input Jitter      (TIJ):    0.000ns
    Discrete Jitter          (DJ):    0.000ns
    Phase Error              (PE):    0.000ns

    Location             Delay type                Incr(ns)  Path(ns)    Netlist Resource(s)
  -------------------------------------------------------------------    -------------------
                         (clock clk rise edge)        0.000     0.000 r  
    E3                                                0.000     0.000 r  clk (IN)
                         net (fo=0)                   0.000     0.000    clk
    E3                   IBUF (Prop_ibuf_I_O)         1.482     1.482 r  clk_IBUF_inst/O
                         net (fo=2, routed)           2.025     3.506    clk_IBUF
    BUFGCTRL_X0Y16       BUFG (Prop_bufg_I_O)         0.096     3.602 r  clk_IBUF_BUFG_inst/O
                         net (fo=1697, routed)        1.712     5.315    fft0/u_serial_fft/fft_i/U0/i_synth/axi_wrapper/data_out_channel/gen_non_real_time.fifo/fifo0/aclk
    SLICE_X80Y80         FDRE                                         r  fft0/u_serial_fft/fft_i/U0/i_synth/axi_wrapper/data_out_channel/gen_non_real_time.fifo/fifo0/fifo_2_reg[16]/C
  -------------------------------------------------------------------    -------------------
    SLICE_X80Y80         FDRE (Prop_fdre_C_Q)         0.518     5.833 r  fft0/u_serial_fft/fft_i/U0/i_synth/axi_wrapper/data_out_channel/gen_non_real_time.fifo/fifo0/fifo_2_reg[16]/Q
                         net (fo=18, routed)          1.059     6.892    fft0/abs_value_i/m_axis_data_tdata[15]
    DSP48_X2Y32          DSP48E1 (Prop_dsp48e1_A[19]_PCOUT[16])
                                                      4.036    10.928 r  fft0/abs_value_i/square_value[value]0/PCOUT[16]
                         net (fo=1, routed)           0.002    10.930    fft0/abs_value_i/square_value[value]0_n_137
    DSP48_X2Y33          DSP48E1                                      r  fft0/abs_value_i/square_value[value]/PCIN[16]
  -------------------------------------------------------------------    -------------------

                         (clock clk rise edge)       10.000    10.000 r  
    E3                                                0.000    10.000 r  clk (IN)
                         net (fo=0)                   0.000    10.000    clk
    E3                   IBUF (Prop_ibuf_I_O)         1.411    11.411 r  clk_IBUF_inst/O
                         net (fo=2, routed)           1.920    13.331    clk_IBUF
    BUFGCTRL_X0Y16       BUFG (Prop_bufg_I_O)         0.091    13.422 r  clk_IBUF_BUFG_inst/O
                         net (fo=1697, routed)        1.683    15.105    fft0/abs_value_i/clk
    DSP48_X2Y33          DSP48E1                                      r  fft0/abs_value_i/square_value[value]/CLK
                         clock pessimism              0.259    15.364    
                         clock uncertainty           -0.035    15.329    
    DSP48_X2Y33          DSP48E1 (Setup_dsp48e1_CLK_PCIN[16])
                                                     -1.400    13.929    fft0/abs_value_i/square_value[value]
  -------------------------------------------------------------------
                         required time                         13.929    
                         arrival time                         -10.930    
  -------------------------------------------------------------------
                         slack                                  2.999    

Slack (MET) :             2.999ns  (required time - arrival time)
  Source:                 fft0/u_serial_fft/fft_i/U0/i_synth/axi_wrapper/data_out_channel/gen_non_real_time.fifo/fifo0/fifo_2_reg[16]/C
                            (rising edge-triggered cell FDRE clocked by clk  {rise@0.000ns fall@5.000ns period=10.000ns})
  Destination:            fft0/abs_value_i/square_value[value]/PCIN[17]
                            (rising edge-triggered cell DSP48E1 clocked by clk  {rise@0.000ns fall@5.000ns period=10.000ns})
  Path Group:             clk
  Path Type:              Setup (Max at Slow Process Corner)
  Requirement:            10.000ns  (clk rise@10.000ns - clk rise@0.000ns)
  Data Path Delay:        5.615ns  (logic 4.554ns (81.102%)  route 1.061ns (18.898%))
  Logic Levels:           1  (DSP48E1=1)
  Clock Path Skew:        0.050ns (DCD - SCD + CPR)
    Destination Clock Delay (DCD):    5.105ns = ( 15.105 - 10.000 ) 
    Source Clock Delay      (SCD):    5.315ns
    Clock Pessimism Removal (CPR):    0.259ns
  Clock Uncertainty:      0.035ns  ((TSJ^2 + TIJ^2)^1/2 + DJ) / 2 + PE
    Total System Jitter     (TSJ):    0.071ns
    Total Input Jitter      (TIJ):    0.000ns
    Discrete Jitter          (DJ):    0.000ns
    Phase Error              (PE):    0.000ns

    Location             Delay type                Incr(ns)  Path(ns)    Netlist Resource(s)
  -------------------------------------------------------------------    -------------------
                         (clock clk rise edge)        0.000     0.000 r  
    E3                                                0.000     0.000 r  clk (IN)
                         net (fo=0)                   0.000     0.000    clk
    E3                   IBUF (Prop_ibuf_I_O)         1.482     1.482 r  clk_IBUF_inst/O
                         net (fo=2, routed)           2.025     3.506    clk_IBUF
    BUFGCTRL_X0Y16       BUFG (Prop_bufg_I_O)         0.096     3.602 r  clk_IBUF_BUFG_inst/O
                         net (fo=1697, routed)        1.712     5.315    fft0/u_serial_fft/fft_i/U0/i_synth/axi_wrapper/data_out_channel/gen_non_real_time.fifo/fifo0/aclk
    SLICE_X80Y80         FDRE                                         r  fft0/u_serial_fft/fft_i/U0/i_synth/axi_wrapper/data_out_channel/gen_non_real_time.fifo/fifo0/fifo_2_reg[16]/C
  -------------------------------------------------------------------    -------------------
    SLICE_X80Y80         FDRE (Prop_fdre_C_Q)         0.518     5.833 r  fft0/u_serial_fft/fft_i/U0/i_synth/axi_wrapper/data_out_channel/gen_non_real_time.fifo/fifo0/fifo_2_reg[16]/Q
                         net (fo=18, routed)          1.059     6.892    fft0/abs_value_i/m_axis_data_tdata[15]
    DSP48_X2Y32          DSP48E1 (Prop_dsp48e1_A[19]_PCOUT[17])
                                                      4.036    10.928 r  fft0/abs_value_i/square_value[value]0/PCOUT[17]
                         net (fo=1, routed)           0.002    10.930    fft0/abs_value_i/square_value[value]0_n_136
    DSP48_X2Y33          DSP48E1                                      r  fft0/abs_value_i/square_value[value]/PCIN[17]
  -------------------------------------------------------------------    -------------------

                         (clock clk rise edge)       10.000    10.000 r  
    E3                                                0.000    10.000 r  clk (IN)
                         net (fo=0)                   0.000    10.000    clk
    E3                   IBUF (Prop_ibuf_I_O)         1.411    11.411 r  clk_IBUF_inst/O
                         net (fo=2, routed)           1.920    13.331    clk_IBUF
    BUFGCTRL_X0Y16       BUFG (Prop_bufg_I_O)         0.091    13.422 r  clk_IBUF_BUFG_inst/O
                         net (fo=1697, routed)        1.683    15.105    fft0/abs_value_i/clk
    DSP48_X2Y33          DSP48E1                                      r  fft0/abs_value_i/square_value[value]/CLK
                         clock pessimism              0.259    15.364    
                         clock uncertainty           -0.035    15.329    
    DSP48_X2Y33          DSP48E1 (Setup_dsp48e1_CLK_PCIN[17])
                                                     -1.400    13.929    fft0/abs_value_i/square_value[value]
  -------------------------------------------------------------------
                         required time                         13.929    
                         arrival time                         -10.930    
  -------------------------------------------------------------------
                         slack                                  2.999    

Slack (MET) :             2.999ns  (required time - arrival time)
  Source:                 fft0/u_serial_fft/fft_i/U0/i_synth/axi_wrapper/data_out_channel/gen_non_real_time.fifo/fifo0/fifo_2_reg[16]/C
                            (rising edge-triggered cell FDRE clocked by clk  {rise@0.000ns fall@5.000ns period=10.000ns})
  Destination:            fft0/abs_value_i/square_value[value]/PCIN[18]
                            (rising edge-triggered cell DSP48E1 clocked by clk  {rise@0.000ns fall@5.000ns period=10.000ns})
  Path Group:             clk
  Path Type:              Setup (Max at Slow Process Corner)
  Requirement:            10.000ns  (clk rise@10.000ns - clk rise@0.000ns)
  Data Path Delay:        5.615ns  (logic 4.554ns (81.102%)  route 1.061ns (18.898%))
  Logic Levels:           1  (DSP48E1=1)
  Clock Path Skew:        0.050ns (DCD - SCD + CPR)
    Destination Clock Delay (DCD):    5.105ns = ( 15.105 - 10.000 ) 
    Source Clock Delay      (SCD):    5.315ns
    Clock Pessimism Removal (CPR):    0.259ns
  Clock Uncertainty:      0.035ns  ((TSJ^2 + TIJ^2)^1/2 + DJ) / 2 + PE
    Total System Jitter     (TSJ):    0.071ns
    Total Input Jitter      (TIJ):    0.000ns
    Discrete Jitter          (DJ):    0.000ns
    Phase Error              (PE):    0.000ns

    Location             Delay type                Incr(ns)  Path(ns)    Netlist Resource(s)
  -------------------------------------------------------------------    -------------------
                         (clock clk rise edge)        0.000     0.000 r  
    E3                                                0.000     0.000 r  clk (IN)
                         net (fo=0)                   0.000     0.000    clk
    E3                   IBUF (Prop_ibuf_I_O)         1.482     1.482 r  clk_IBUF_inst/O
                         net (fo=2, routed)           2.025     3.506    clk_IBUF
    BUFGCTRL_X0Y16       BUFG (Prop_bufg_I_O)         0.096     3.602 r  clk_IBUF_BUFG_inst/O
                         net (fo=1697, routed)        1.712     5.315    fft0/u_serial_fft/fft_i/U0/i_synth/axi_wrapper/data_out_channel/gen_non_real_time.fifo/fifo0/aclk
    SLICE_X80Y80         FDRE                                         r  fft0/u_serial_fft/fft_i/U0/i_synth/axi_wrapper/data_out_channel/gen_non_real_time.fifo/fifo0/fifo_2_reg[16]/C
  -------------------------------------------------------------------    -------------------
    SLICE_X80Y80         FDRE (Prop_fdre_C_Q)         0.518     5.833 r  fft0/u_serial_fft/fft_i/U0/i_synth/axi_wrapper/data_out_channel/gen_non_real_time.fifo/fifo0/fifo_2_reg[16]/Q
                         net (fo=18, routed)          1.059     6.892    fft0/abs_value_i/m_axis_data_tdata[15]
    DSP48_X2Y32          DSP48E1 (Prop_dsp48e1_A[19]_PCOUT[18])
                                                      4.036    10.928 r  fft0/abs_value_i/square_value[value]0/PCOUT[18]
                         net (fo=1, routed)           0.002    10.930    fft0/abs_value_i/square_value[value]0_n_135
    DSP48_X2Y33          DSP48E1                                      r  fft0/abs_value_i/square_value[value]/PCIN[18]
  -------------------------------------------------------------------    -------------------

                         (clock clk rise edge)       10.000    10.000 r  
    E3                                                0.000    10.000 r  clk (IN)
                         net (fo=0)                   0.000    10.000    clk
    E3                   IBUF (Prop_ibuf_I_O)         1.411    11.411 r  clk_IBUF_inst/O
                         net (fo=2, routed)           1.920    13.331    clk_IBUF
    BUFGCTRL_X0Y16       BUFG (Prop_bufg_I_O)         0.091    13.422 r  clk_IBUF_BUFG_inst/O
                         net (fo=1697, routed)        1.683    15.105    fft0/abs_value_i/clk
    DSP48_X2Y33          DSP48E1                                      r  fft0/abs_value_i/square_value[value]/CLK
                         clock pessimism              0.259    15.364    
                         clock uncertainty           -0.035    15.329    
    DSP48_X2Y33          DSP48E1 (Setup_dsp48e1_CLK_PCIN[18])
                                                     -1.400    13.929    fft0/abs_value_i/square_value[value]
  -------------------------------------------------------------------
                         required time                         13.929    
                         arrival time                         -10.930    
  -------------------------------------------------------------------
                         slack                                  2.999    





Min Delay Paths
--------------------------------------------------------------------------------------
Slack (MET) :             0.082ns  (arrival time - required time)
  Source:                 fft0/u_serial_fft/fft_i/U0/i_synth/xfft_inst/non_floating_point.arch_e.xfft_inst/single_channel.datapath/write_data_re_and_im_reg_reg[5]/C
                            (rising edge-triggered cell FDRE clocked by clk  {rise@0.000ns fall@5.000ns period=10.000ns})
  Destination:            fft0/u_serial_fft/fft_i/U0/i_synth/xfft_inst/non_floating_point.arch_e.xfft_inst/single_channel.datapath/memory/blk_ram.dpm_no_split.use_bram_only.mem/depths_3to9.ram_loop[0].use_RAMB18.SDP_RAMB18E1_36x512/DIBDI[5]
                            (rising edge-triggered cell RAMB18E1 clocked by clk  {rise@0.000ns fall@5.000ns period=10.000ns})
  Path Group:             clk
  Path Type:              Hold (Min at Fast Process Corner)
  Requirement:            0.000ns  (clk rise@0.000ns - clk rise@0.000ns)
  Data Path Delay:        0.240ns  (logic 0.128ns (53.430%)  route 0.112ns (46.570%))
  Logic Levels:           0  
  Clock Path Skew:        0.055ns (DCD - SCD - CPR)
    Destination Clock Delay (DCD):    2.066ns
    Source Clock Delay      (SCD):    1.509ns
    Clock Pessimism Removal (CPR):    0.501ns

    Location             Delay type                Incr(ns)  Path(ns)    Netlist Resource(s)
  -------------------------------------------------------------------    -------------------
                         (clock clk rise edge)        0.000     0.000 r  
    E3                                                0.000     0.000 r  clk (IN)
                         net (fo=0)                   0.000     0.000    clk
    E3                   IBUF (Prop_ibuf_I_O)         0.250     0.250 r  clk_IBUF_inst/O
                         net (fo=2, routed)           0.644     0.894    clk_IBUF
    BUFGCTRL_X0Y16       BUFG (Prop_bufg_I_O)         0.026     0.920 r  clk_IBUF_BUFG_inst/O
                         net (fo=1697, routed)        0.590     1.509    fft0/u_serial_fft/fft_i/U0/i_synth/xfft_inst/non_floating_point.arch_e.xfft_inst/single_channel.datapath/aclk
    SLICE_X81Y76         FDRE                                         r  fft0/u_serial_fft/fft_i/U0/i_synth/xfft_inst/non_floating_point.arch_e.xfft_inst/single_channel.datapath/write_data_re_and_im_reg_reg[5]/C
  -------------------------------------------------------------------    -------------------
    SLICE_X81Y76         FDRE (Prop_fdre_C_Q)         0.128     1.637 r  fft0/u_serial_fft/fft_i/U0/i_synth/xfft_inst/non_floating_point.arch_e.xfft_inst/single_channel.datapath/write_data_re_and_im_reg_reg[5]/Q
                         net (fo=1, routed)           0.112     1.749    fft0/u_serial_fft/fft_i/U0/i_synth/xfft_inst/non_floating_point.arch_e.xfft_inst/single_channel.datapath/memory/blk_ram.dpm_no_split.use_bram_only.mem/dina[5]
    RAMB18_X3Y30         RAMB18E1                                     r  fft0/u_serial_fft/fft_i/U0/i_synth/xfft_inst/non_floating_point.arch_e.xfft_inst/single_channel.datapath/memory/blk_ram.dpm_no_split.use_bram_only.mem/depths_3to9.ram_loop[0].use_RAMB18.SDP_RAMB18E1_36x512/DIBDI[5]
  -------------------------------------------------------------------    -------------------

                         (clock clk rise edge)        0.000     0.000 r  
    E3                                                0.000     0.000 r  clk (IN)
                         net (fo=0)                   0.000     0.000    clk
    E3                   IBUF (Prop_ibuf_I_O)         0.438     0.438 r  clk_IBUF_inst/O
                         net (fo=2, routed)           0.699     1.136    clk_IBUF
    BUFGCTRL_X0Y16       BUFG (Prop_bufg_I_O)         0.029     1.165 r  clk_IBUF_BUFG_inst/O
                         net (fo=1697, routed)        0.901     2.066    fft0/u_serial_fft/fft_i/U0/i_synth/xfft_inst/non_floating_point.arch_e.xfft_inst/single_channel.datapath/memory/blk_ram.dpm_no_split.use_bram_only.mem/clk
    RAMB18_X3Y30         RAMB18E1                                     r  fft0/u_serial_fft/fft_i/U0/i_synth/xfft_inst/non_floating_point.arch_e.xfft_inst/single_channel.datapath/memory/blk_ram.dpm_no_split.use_bram_only.mem/depths_3to9.ram_loop[0].use_RAMB18.SDP_RAMB18E1_36x512/CLKBWRCLK
                         clock pessimism             -0.501     1.565    
    RAMB18_X3Y30         RAMB18E1 (Hold_ramb18e1_CLKBWRCLK_DIBDI[5])
                                                      0.102     1.667    fft0/u_serial_fft/fft_i/U0/i_synth/xfft_inst/non_floating_point.arch_e.xfft_inst/single_channel.datapath/memory/blk_ram.dpm_no_split.use_bram_only.mem/depths_3to9.ram_loop[0].use_RAMB18.SDP_RAMB18E1_36x512
  -------------------------------------------------------------------
                         required time                         -1.667    
                         arrival time                           1.749    
  -------------------------------------------------------------------
                         slack                                  0.082    

Slack (MET) :             0.089ns  (arrival time - required time)
  Source:                 fft0/u_serial_fft/fft_i/U0/i_synth/xfft_inst/non_floating_point.arch_e.xfft_inst/single_channel.datapath/xk_re_mux/use_lut6_2.latency1.Q_reg[14]/C
                            (rising edge-triggered cell FDRE clocked by clk  {rise@0.000ns fall@5.000ns period=10.000ns})
  Destination:            fft0/u_serial_fft/fft_i/U0/i_synth/axi_wrapper/data_out_channel/gen_non_real_time.fifo/fifo0/fifo_1_reg[15][15]_srl16/D
                            (rising edge-triggered cell SRL16E clocked by clk  {rise@0.000ns fall@5.000ns period=10.000ns})
  Path Group:             clk
  Path Type:              Hold (Min at Fast Process Corner)
  Requirement:            0.000ns  (clk rise@0.000ns - clk rise@0.000ns)
  Data Path Delay:        0.312ns  (logic 0.141ns (45.172%)  route 0.171ns (54.828%))
  Logic Levels:           0  
  Clock Path Skew:        0.040ns (DCD - SCD - CPR)
    Destination Clock Delay (DCD):    2.030ns
    Source Clock Delay      (SCD):    1.510ns
    Clock Pessimism Removal (CPR):    0.479ns

    Location             Delay type                Incr(ns)  Path(ns)    Netlist Resource(s)
  -------------------------------------------------------------------    -------------------
                         (clock clk rise edge)        0.000     0.000 r  
    E3                                                0.000     0.000 r  clk (IN)
                         net (fo=0)                   0.000     0.000    clk
    E3                   IBUF (Prop_ibuf_I_O)         0.250     0.250 r  clk_IBUF_inst/O
                         net (fo=2, routed)           0.644     0.894    clk_IBUF
    BUFGCTRL_X0Y16       BUFG (Prop_bufg_I_O)         0.026     0.920 r  clk_IBUF_BUFG_inst/O
                         net (fo=1697, routed)        0.591     1.510    fft0/u_serial_fft/fft_i/U0/i_synth/xfft_inst/non_floating_point.arch_e.xfft_inst/single_channel.datapath/xk_re_mux/aclk
    SLICE_X79Y79         FDRE                                         r  fft0/u_serial_fft/fft_i/U0/i_synth/xfft_inst/non_floating_point.arch_e.xfft_inst/single_channel.datapath/xk_re_mux/use_lut6_2.latency1.Q_reg[14]/C
  -------------------------------------------------------------------    -------------------
    SLICE_X79Y79         FDRE (Prop_fdre_C_Q)         0.141     1.651 r  fft0/u_serial_fft/fft_i/U0/i_synth/xfft_inst/non_floating_point.arch_e.xfft_inst/single_channel.datapath/xk_re_mux/use_lut6_2.latency1.Q_reg[14]/Q
                         net (fo=1, routed)           0.171     1.822    fft0/u_serial_fft/fft_i/U0/i_synth/axi_wrapper/data_out_channel/gen_non_real_time.fifo/fifo0/wr_data[15]
    SLICE_X80Y81         SRL16E                                       r  fft0/u_serial_fft/fft_i/U0/i_synth/axi_wrapper/data_out_channel/gen_non_real_time.fifo/fifo0/fifo_1_reg[15][15]_srl16/D
  -------------------------------------------------------------------    -------------------

                         (clock clk rise edge)        0.000     0.000 r  
    E3                                                0.000     0.000 r  clk (IN)
                         net (fo=0)                   0.000     0.000    clk
    E3                   IBUF (Prop_ibuf_I_O)         0.438     0.438 r  clk_IBUF_inst/O
                         net (fo=2, routed)           0.699     1.136    clk_IBUF
    BUFGCTRL_X0Y16       BUFG (Prop_bufg_I_O)         0.029     1.165 r  clk_IBUF_BUFG_inst/O
                         net (fo=1697, routed)        0.865     2.030    fft0/u_serial_fft/fft_i/U0/i_synth/axi_wrapper/data_out_channel/gen_non_real_time.fifo/fifo0/aclk
    SLICE_X80Y81         SRL16E                                       r  fft0/u_serial_fft/fft_i/U0/i_synth/axi_wrapper/data_out_channel/gen_non_real_time.fifo/fifo0/fifo_1_reg[15][15]_srl16/CLK
                         clock pessimism             -0.479     1.550    
    SLICE_X80Y81         SRL16E (Hold_srl16e_CLK_D)
                                                      0.183     1.733    fft0/u_serial_fft/fft_i/U0/i_synth/axi_wrapper/data_out_channel/gen_non_real_time.fifo/fifo0/fifo_1_reg[15][15]_srl16
  -------------------------------------------------------------------
                         required time                         -1.733    
                         arrival time                           1.822    
  -------------------------------------------------------------------
                         slack                                  0.089    

Slack (MET) :             0.090ns  (arrival time - required time)
  Source:                 fft0/u_serial_fft/fft_i/U0/i_synth/xfft_inst/non_floating_point.arch_e.xfft_inst/single_channel.datapath/write_data_re_and_im_reg_reg[4]/C
                            (rising edge-triggered cell FDRE clocked by clk  {rise@0.000ns fall@5.000ns period=10.000ns})
  Destination:            fft0/u_serial_fft/fft_i/U0/i_synth/xfft_inst/non_floating_point.arch_e.xfft_inst/single_channel.datapath/memory/blk_ram.dpm_no_split.use_bram_only.mem/depths_3to9.ram_loop[0].use_RAMB18.SDP_RAMB18E1_36x512/DIBDI[4]
                            (rising edge-triggered cell RAMB18E1 clocked by clk  {rise@0.000ns fall@5.000ns period=10.000ns})
  Path Group:             clk
  Path Type:              Hold (Min at Fast Process Corner)
  Requirement:            0.000ns  (clk rise@0.000ns - clk rise@0.000ns)
  Data Path Delay:        0.301ns  (logic 0.141ns (46.852%)  route 0.160ns (53.148%))
  Logic Levels:           0  
  Clock Path Skew:        0.055ns (DCD - SCD - CPR)
    Destination Clock Delay (DCD):    2.066ns
    Source Clock Delay      (SCD):    1.509ns
    Clock Pessimism Removal (CPR):    0.501ns

    Location             Delay type                Incr(ns)  Path(ns)    Netlist Resource(s)
  -------------------------------------------------------------------    -------------------
                         (clock clk rise edge)        0.000     0.000 r  
    E3                                                0.000     0.000 r  clk (IN)
                         net (fo=0)                   0.000     0.000    clk
    E3                   IBUF (Prop_ibuf_I_O)         0.250     0.250 r  clk_IBUF_inst/O
                         net (fo=2, routed)           0.644     0.894    clk_IBUF
    BUFGCTRL_X0Y16       BUFG (Prop_bufg_I_O)         0.026     0.920 r  clk_IBUF_BUFG_inst/O
                         net (fo=1697, routed)        0.590     1.509    fft0/u_serial_fft/fft_i/U0/i_synth/xfft_inst/non_floating_point.arch_e.xfft_inst/single_channel.datapath/aclk
    SLICE_X81Y76         FDRE                                         r  fft0/u_serial_fft/fft_i/U0/i_synth/xfft_inst/non_floating_point.arch_e.xfft_inst/single_channel.datapath/write_data_re_and_im_reg_reg[4]/C
  -------------------------------------------------------------------    -------------------
    SLICE_X81Y76         FDRE (Prop_fdre_C_Q)         0.141     1.650 r  fft0/u_serial_fft/fft_i/U0/i_synth/xfft_inst/non_floating_point.arch_e.xfft_inst/single_channel.datapath/write_data_re_and_im_reg_reg[4]/Q
                         net (fo=1, routed)           0.160     1.810    fft0/u_serial_fft/fft_i/U0/i_synth/xfft_inst/non_floating_point.arch_e.xfft_inst/single_channel.datapath/memory/blk_ram.dpm_no_split.use_bram_only.mem/dina[4]
    RAMB18_X3Y30         RAMB18E1                                     r  fft0/u_serial_fft/fft_i/U0/i_synth/xfft_inst/non_floating_point.arch_e.xfft_inst/single_channel.datapath/memory/blk_ram.dpm_no_split.use_bram_only.mem/depths_3to9.ram_loop[0].use_RAMB18.SDP_RAMB18E1_36x512/DIBDI[4]
  -------------------------------------------------------------------    -------------------

                         (clock clk rise edge)        0.000     0.000 r  
    E3                                                0.000     0.000 r  clk (IN)
                         net (fo=0)                   0.000     0.000    clk
    E3                   IBUF (Prop_ibuf_I_O)         0.438     0.438 r  clk_IBUF_inst/O
                         net (fo=2, routed)           0.699     1.136    clk_IBUF
    BUFGCTRL_X0Y16       BUFG (Prop_bufg_I_O)         0.029     1.165 r  clk_IBUF_BUFG_inst/O
                         net (fo=1697, routed)        0.901     2.066    fft0/u_serial_fft/fft_i/U0/i_synth/xfft_inst/non_floating_point.arch_e.xfft_inst/single_channel.datapath/memory/blk_ram.dpm_no_split.use_bram_only.mem/clk
    RAMB18_X3Y30         RAMB18E1                                     r  fft0/u_serial_fft/fft_i/U0/i_synth/xfft_inst/non_floating_point.arch_e.xfft_inst/single_channel.datapath/memory/blk_ram.dpm_no_split.use_bram_only.mem/depths_3to9.ram_loop[0].use_RAMB18.SDP_RAMB18E1_36x512/CLKBWRCLK
                         clock pessimism             -0.501     1.565    
    RAMB18_X3Y30         RAMB18E1 (Hold_ramb18e1_CLKBWRCLK_DIBDI[4])
                                                      0.155     1.720    fft0/u_serial_fft/fft_i/U0/i_synth/xfft_inst/non_floating_point.arch_e.xfft_inst/single_channel.datapath/memory/blk_ram.dpm_no_split.use_bram_only.mem/depths_3to9.ram_loop[0].use_RAMB18.SDP_RAMB18E1_36x512
  -------------------------------------------------------------------
                         required time                         -1.720    
                         arrival time                           1.810    
  -------------------------------------------------------------------
                         slack                                  0.090    

Slack (MET) :             0.094ns  (arrival time - required time)
  Source:                 fft0/u_serial_fft/fft_i/U0/i_synth/xfft_inst/non_floating_point.arch_e.xfft_inst/single_channel.datapath/write_data_re_and_im_reg_reg[16]/C
                            (rising edge-triggered cell FDRE clocked by clk  {rise@0.000ns fall@5.000ns period=10.000ns})
  Destination:            fft0/u_serial_fft/fft_i/U0/i_synth/xfft_inst/non_floating_point.arch_e.xfft_inst/single_channel.datapath/memory/blk_ram.dpm_no_split.use_bram_only.mem/depths_3to9.ram_loop[0].use_RAMB18.SDP_RAMB18E1_36x512/DIBDI[15]
                            (rising edge-triggered cell RAMB18E1 clocked by clk  {rise@0.000ns fall@5.000ns period=10.000ns})
  Path Group:             clk
  Path Type:              Hold (Min at Fast Process Corner)
  Requirement:            0.000ns  (clk rise@0.000ns - clk rise@0.000ns)
  Data Path Delay:        0.305ns  (logic 0.141ns (46.277%)  route 0.164ns (53.723%))
  Logic Levels:           0  
  Clock Path Skew:        0.055ns (DCD - SCD - CPR)
    Destination Clock Delay (DCD):    2.066ns
    Source Clock Delay      (SCD):    1.509ns
    Clock Pessimism Removal (CPR):    0.501ns

    Location             Delay type                Incr(ns)  Path(ns)    Netlist Resource(s)
  -------------------------------------------------------------------    -------------------
                         (clock clk rise edge)        0.000     0.000 r  
    E3                                                0.000     0.000 r  clk (IN)
                         net (fo=0)                   0.000     0.000    clk
    E3                   IBUF (Prop_ibuf_I_O)         0.250     0.250 r  clk_IBUF_inst/O
                         net (fo=2, routed)           0.644     0.894    clk_IBUF
    BUFGCTRL_X0Y16       BUFG (Prop_bufg_I_O)         0.026     0.920 r  clk_IBUF_BUFG_inst/O
                         net (fo=1697, routed)        0.590     1.509    fft0/u_serial_fft/fft_i/U0/i_synth/xfft_inst/non_floating_point.arch_e.xfft_inst/single_channel.datapath/aclk
    SLICE_X81Y76         FDRE                                         r  fft0/u_serial_fft/fft_i/U0/i_synth/xfft_inst/non_floating_point.arch_e.xfft_inst/single_channel.datapath/write_data_re_and_im_reg_reg[16]/C
  -------------------------------------------------------------------    -------------------
    SLICE_X81Y76         FDRE (Prop_fdre_C_Q)         0.141     1.650 r  fft0/u_serial_fft/fft_i/U0/i_synth/xfft_inst/non_floating_point.arch_e.xfft_inst/single_channel.datapath/write_data_re_and_im_reg_reg[16]/Q
                         net (fo=1, routed)           0.164     1.814    fft0/u_serial_fft/fft_i/U0/i_synth/xfft_inst/non_floating_point.arch_e.xfft_inst/single_channel.datapath/memory/blk_ram.dpm_no_split.use_bram_only.mem/dina[16]
    RAMB18_X3Y30         RAMB18E1                                     r  fft0/u_serial_fft/fft_i/U0/i_synth/xfft_inst/non_floating_point.arch_e.xfft_inst/single_channel.datapath/memory/blk_ram.dpm_no_split.use_bram_only.mem/depths_3to9.ram_loop[0].use_RAMB18.SDP_RAMB18E1_36x512/DIBDI[15]
  -------------------------------------------------------------------    -------------------

                         (clock clk rise edge)        0.000     0.000 r  
    E3                                                0.000     0.000 r  clk (IN)
                         net (fo=0)                   0.000     0.000    clk
    E3                   IBUF (Prop_ibuf_I_O)         0.438     0.438 r  clk_IBUF_inst/O
                         net (fo=2, routed)           0.699     1.136    clk_IBUF
    BUFGCTRL_X0Y16       BUFG (Prop_bufg_I_O)         0.029     1.165 r  clk_IBUF_BUFG_inst/O
                         net (fo=1697, routed)        0.901     2.066    fft0/u_serial_fft/fft_i/U0/i_synth/xfft_inst/non_floating_point.arch_e.xfft_inst/single_channel.datapath/memory/blk_ram.dpm_no_split.use_bram_only.mem/clk
    RAMB18_X3Y30         RAMB18E1                                     r  fft0/u_serial_fft/fft_i/U0/i_synth/xfft_inst/non_floating_point.arch_e.xfft_inst/single_channel.datapath/memory/blk_ram.dpm_no_split.use_bram_only.mem/depths_3to9.ram_loop[0].use_RAMB18.SDP_RAMB18E1_36x512/CLKBWRCLK
                         clock pessimism             -0.501     1.565    
    RAMB18_X3Y30         RAMB18E1 (Hold_ramb18e1_CLKBWRCLK_DIBDI[15])
                                                      0.155     1.720    fft0/u_serial_fft/fft_i/U0/i_synth/xfft_inst/non_floating_point.arch_e.xfft_inst/single_channel.datapath/memory/blk_ram.dpm_no_split.use_bram_only.mem/depths_3to9.ram_loop[0].use_RAMB18.SDP_RAMB18E1_36x512
  -------------------------------------------------------------------
                         required time                         -1.720    
                         arrival time                           1.814    
  -------------------------------------------------------------------
                         slack                                  0.094    

Slack (MET) :             0.099ns  (arrival time - required time)
  Source:                 fft0/u_serial_fft/fft_i/U0/i_synth/xfft_inst/non_floating_point.arch_e.xfft_inst/single_channel.datapath/write_data_re_and_im_reg_reg[12]/C
                            (rising edge-triggered cell FDRE clocked by clk  {rise@0.000ns fall@5.000ns period=10.000ns})
  Destination:            fft0/u_serial_fft/fft_i/U0/i_synth/xfft_inst/non_floating_point.arch_e.xfft_inst/single_channel.datapath/memory/blk_ram.dpm_no_split.use_bram_only.mem/depths_3to9.ram_loop[0].use_RAMB18.SDP_RAMB18E1_36x512/DIBDI[11]
                            (rising edge-triggered cell RAMB18E1 clocked by clk  {rise@0.000ns fall@5.000ns period=10.000ns})
  Path Group:             clk
  Path Type:              Hold (Min at Fast Process Corner)
  Requirement:            0.000ns  (clk rise@0.000ns - clk rise@0.000ns)
  Data Path Delay:        0.308ns  (logic 0.141ns (45.791%)  route 0.167ns (54.209%))
  Logic Levels:           0  
  Clock Path Skew:        0.053ns (DCD - SCD - CPR)
    Destination Clock Delay (DCD):    2.066ns
    Source Clock Delay      (SCD):    1.511ns
    Clock Pessimism Removal (CPR):    0.501ns

    Location             Delay type                Incr(ns)  Path(ns)    Netlist Resource(s)
  -------------------------------------------------------------------    -------------------
                         (clock clk rise edge)        0.000     0.000 r  
    E3                                                0.000     0.000 r  clk (IN)
                         net (fo=0)                   0.000     0.000    clk
    E3                   IBUF (Prop_ibuf_I_O)         0.250     0.250 r  clk_IBUF_inst/O
                         net (fo=2, routed)           0.644     0.894    clk_IBUF
    BUFGCTRL_X0Y16       BUFG (Prop_bufg_I_O)         0.026     0.920 r  clk_IBUF_BUFG_inst/O
                         net (fo=1697, routed)        0.592     1.511    fft0/u_serial_fft/fft_i/U0/i_synth/xfft_inst/non_floating_point.arch_e.xfft_inst/single_channel.datapath/aclk
    SLICE_X81Y78         FDRE                                         r  fft0/u_serial_fft/fft_i/U0/i_synth/xfft_inst/non_floating_point.arch_e.xfft_inst/single_channel.datapath/write_data_re_and_im_reg_reg[12]/C
  -------------------------------------------------------------------    -------------------
    SLICE_X81Y78         FDRE (Prop_fdre_C_Q)         0.141     1.652 r  fft0/u_serial_fft/fft_i/U0/i_synth/xfft_inst/non_floating_point.arch_e.xfft_inst/single_channel.datapath/write_data_re_and_im_reg_reg[12]/Q
                         net (fo=1, routed)           0.167     1.819    fft0/u_serial_fft/fft_i/U0/i_synth/xfft_inst/non_floating_point.arch_e.xfft_inst/single_channel.datapath/memory/blk_ram.dpm_no_split.use_bram_only.mem/dina[12]
    RAMB18_X3Y30         RAMB18E1                                     r  fft0/u_serial_fft/fft_i/U0/i_synth/xfft_inst/non_floating_point.arch_e.xfft_inst/single_channel.datapath/memory/blk_ram.dpm_no_split.use_bram_only.mem/depths_3to9.ram_loop[0].use_RAMB18.SDP_RAMB18E1_36x512/DIBDI[11]
  -------------------------------------------------------------------    -------------------

                         (clock clk rise edge)        0.000     0.000 r  
    E3                                                0.000     0.000 r  clk (IN)
                         net (fo=0)                   0.000     0.000    clk
    E3                   IBUF (Prop_ibuf_I_O)         0.438     0.438 r  clk_IBUF_inst/O
                         net (fo=2, routed)           0.699     1.136    clk_IBUF
    BUFGCTRL_X0Y16       BUFG (Prop_bufg_I_O)         0.029     1.165 r  clk_IBUF_BUFG_inst/O
                         net (fo=1697, routed)        0.901     2.066    fft0/u_serial_fft/fft_i/U0/i_synth/xfft_inst/non_floating_point.arch_e.xfft_inst/single_channel.datapath/memory/blk_ram.dpm_no_split.use_bram_only.mem/clk
    RAMB18_X3Y30         RAMB18E1                                     r  fft0/u_serial_fft/fft_i/U0/i_synth/xfft_inst/non_floating_point.arch_e.xfft_inst/single_channel.datapath/memory/blk_ram.dpm_no_split.use_bram_only.mem/depths_3to9.ram_loop[0].use_RAMB18.SDP_RAMB18E1_36x512/CLKBWRCLK
                         clock pessimism             -0.501     1.565    
    RAMB18_X3Y30         RAMB18E1 (Hold_ramb18e1_CLKBWRCLK_DIBDI[11])
                                                      0.155     1.720    fft0/u_serial_fft/fft_i/U0/i_synth/xfft_inst/non_floating_point.arch_e.xfft_inst/single_channel.datapath/memory/blk_ram.dpm_no_split.use_bram_only.mem/depths_3to9.ram_loop[0].use_RAMB18.SDP_RAMB18E1_36x512
  -------------------------------------------------------------------
                         required time                         -1.720    
                         arrival time                           1.819    
  -------------------------------------------------------------------
                         slack                                  0.099    

Slack (MET) :             0.100ns  (arrival time - required time)
  Source:                 fft0/u_serial_fft/fft_i/U0/i_synth/xfft_inst/non_floating_point.arch_e.xfft_inst/single_channel.datapath/write_data_re_and_im_reg_reg[14]/C
                            (rising edge-triggered cell FDRE clocked by clk  {rise@0.000ns fall@5.000ns period=10.000ns})
  Destination:            fft0/u_serial_fft/fft_i/U0/i_synth/xfft_inst/non_floating_point.arch_e.xfft_inst/single_channel.datapath/memory/blk_ram.dpm_no_split.use_bram_only.mem/depths_3to9.ram_loop[0].use_RAMB18.SDP_RAMB18E1_36x512/DIBDI[13]
                            (rising edge-triggered cell RAMB18E1 clocked by clk  {rise@0.000ns fall@5.000ns period=10.000ns})
  Path Group:             clk
  Path Type:              Hold (Min at Fast Process Corner)
  Requirement:            0.000ns  (clk rise@0.000ns - clk rise@0.000ns)
  Data Path Delay:        0.309ns  (logic 0.141ns (45.643%)  route 0.168ns (54.357%))
  Logic Levels:           0  
  Clock Path Skew:        0.053ns (DCD - SCD - CPR)
    Destination Clock Delay (DCD):    2.066ns
    Source Clock Delay      (SCD):    1.511ns
    Clock Pessimism Removal (CPR):    0.501ns

    Location             Delay type                Incr(ns)  Path(ns)    Netlist Resource(s)
  -------------------------------------------------------------------    -------------------
                         (clock clk rise edge)        0.000     0.000 r  
    E3                                                0.000     0.000 r  clk (IN)
                         net (fo=0)                   0.000     0.000    clk
    E3                   IBUF (Prop_ibuf_I_O)         0.250     0.250 r  clk_IBUF_inst/O
                         net (fo=2, routed)           0.644     0.894    clk_IBUF
    BUFGCTRL_X0Y16       BUFG (Prop_bufg_I_O)         0.026     0.920 r  clk_IBUF_BUFG_inst/O
                         net (fo=1697, routed)        0.592     1.511    fft0/u_serial_fft/fft_i/U0/i_synth/xfft_inst/non_floating_point.arch_e.xfft_inst/single_channel.datapath/aclk
    SLICE_X81Y78         FDRE                                         r  fft0/u_serial_fft/fft_i/U0/i_synth/xfft_inst/non_floating_point.arch_e.xfft_inst/single_channel.datapath/write_data_re_and_im_reg_reg[14]/C
  -------------------------------------------------------------------    -------------------
    SLICE_X81Y78         FDRE (Prop_fdre_C_Q)         0.141     1.652 r  fft0/u_serial_fft/fft_i/U0/i_synth/xfft_inst/non_floating_point.arch_e.xfft_inst/single_channel.datapath/write_data_re_and_im_reg_reg[14]/Q
                         net (fo=1, routed)           0.168     1.820    fft0/u_serial_fft/fft_i/U0/i_synth/xfft_inst/non_floating_point.arch_e.xfft_inst/single_channel.datapath/memory/blk_ram.dpm_no_split.use_bram_only.mem/dina[14]
    RAMB18_X3Y30         RAMB18E1                                     r  fft0/u_serial_fft/fft_i/U0/i_synth/xfft_inst/non_floating_point.arch_e.xfft_inst/single_channel.datapath/memory/blk_ram.dpm_no_split.use_bram_only.mem/depths_3to9.ram_loop[0].use_RAMB18.SDP_RAMB18E1_36x512/DIBDI[13]
  -------------------------------------------------------------------    -------------------

                         (clock clk rise edge)        0.000     0.000 r  
    E3                                                0.000     0.000 r  clk (IN)
                         net (fo=0)                   0.000     0.000    clk
    E3                   IBUF (Prop_ibuf_I_O)         0.438     0.438 r  clk_IBUF_inst/O
                         net (fo=2, routed)           0.699     1.136    clk_IBUF
    BUFGCTRL_X0Y16       BUFG (Prop_bufg_I_O)         0.029     1.165 r  clk_IBUF_BUFG_inst/O
                         net (fo=1697, routed)        0.901     2.066    fft0/u_serial_fft/fft_i/U0/i_synth/xfft_inst/non_floating_point.arch_e.xfft_inst/single_channel.datapath/memory/blk_ram.dpm_no_split.use_bram_only.mem/clk
    RAMB18_X3Y30         RAMB18E1                                     r  fft0/u_serial_fft/fft_i/U0/i_synth/xfft_inst/non_floating_point.arch_e.xfft_inst/single_channel.datapath/memory/blk_ram.dpm_no_split.use_bram_only.mem/depths_3to9.ram_loop[0].use_RAMB18.SDP_RAMB18E1_36x512/CLKBWRCLK
                         clock pessimism             -0.501     1.565    
    RAMB18_X3Y30         RAMB18E1 (Hold_ramb18e1_CLKBWRCLK_DIBDI[13])
                                                      0.155     1.720    fft0/u_serial_fft/fft_i/U0/i_synth/xfft_inst/non_floating_point.arch_e.xfft_inst/single_channel.datapath/memory/blk_ram.dpm_no_split.use_bram_only.mem/depths_3to9.ram_loop[0].use_RAMB18.SDP_RAMB18E1_36x512
  -------------------------------------------------------------------
                         required time                         -1.720    
                         arrival time                           1.820    
  -------------------------------------------------------------------
                         slack                                  0.100    

Slack (MET) :             0.107ns  (arrival time - required time)
  Source:                 fft0/u_serial_fft/fft_i/U0/i_synth/xfft_inst/non_floating_point.arch_e.xfft_inst/control/block_ram_twiddle_gen.bram_twiddle_gen/tw0.twgen0/extra_reg.SINE_reg[2]/C
                            (rising edge-triggered cell FDRE clocked by clk  {rise@0.000ns fall@5.000ns period=10.000ns})
  Destination:            fft0/u_serial_fft/fft_i/U0/i_synth/xfft_inst/non_floating_point.arch_e.xfft_inst/control/twiddle_im_delay/no_sclr_lut.real_shift_ram.use_baseblock.use_hlutnm_srls.srl_loop[1].i_srl16e0/D
                            (rising edge-triggered cell SRL16E clocked by clk  {rise@0.000ns fall@5.000ns period=10.000ns})
  Path Group:             clk
  Path Type:              Hold (Min at Fast Process Corner)
  Requirement:            0.000ns  (clk rise@0.000ns - clk rise@0.000ns)
  Data Path Delay:        0.263ns  (logic 0.141ns (53.648%)  route 0.122ns (46.352%))
  Logic Levels:           0  
  Clock Path Skew:        0.039ns (DCD - SCD - CPR)
    Destination Clock Delay (DCD):    2.023ns
    Source Clock Delay      (SCD):    1.504ns
    Clock Pessimism Removal (CPR):    0.479ns

    Location             Delay type                Incr(ns)  Path(ns)    Netlist Resource(s)
  -------------------------------------------------------------------    -------------------
                         (clock clk rise edge)        0.000     0.000 r  
    E3                                                0.000     0.000 r  clk (IN)
                         net (fo=0)                   0.000     0.000    clk
    E3                   IBUF (Prop_ibuf_I_O)         0.250     0.250 r  clk_IBUF_inst/O
                         net (fo=2, routed)           0.644     0.894    clk_IBUF
    BUFGCTRL_X0Y16       BUFG (Prop_bufg_I_O)         0.026     0.920 r  clk_IBUF_BUFG_inst/O
                         net (fo=1697, routed)        0.585     1.504    fft0/u_serial_fft/fft_i/U0/i_synth/xfft_inst/non_floating_point.arch_e.xfft_inst/control/block_ram_twiddle_gen.bram_twiddle_gen/tw0.twgen0/aclk
    SLICE_X72Y71         FDRE                                         r  fft0/u_serial_fft/fft_i/U0/i_synth/xfft_inst/non_floating_point.arch_e.xfft_inst/control/block_ram_twiddle_gen.bram_twiddle_gen/tw0.twgen0/extra_reg.SINE_reg[2]/C
  -------------------------------------------------------------------    -------------------
    SLICE_X72Y71         FDRE (Prop_fdre_C_Q)         0.141     1.645 r  fft0/u_serial_fft/fft_i/U0/i_synth/xfft_inst/non_floating_point.arch_e.xfft_inst/control/block_ram_twiddle_gen.bram_twiddle_gen/tw0.twgen0/extra_reg.SINE_reg[2]/Q
                         net (fo=1, routed)           0.122     1.767    fft0/u_serial_fft/fft_i/U0/i_synth/xfft_inst/non_floating_point.arch_e.xfft_inst/control/twiddle_im_delay/D[2]
    SLICE_X76Y71         SRL16E                                       r  fft0/u_serial_fft/fft_i/U0/i_synth/xfft_inst/non_floating_point.arch_e.xfft_inst/control/twiddle_im_delay/no_sclr_lut.real_shift_ram.use_baseblock.use_hlutnm_srls.srl_loop[1].i_srl16e0/D
  -------------------------------------------------------------------    -------------------

                         (clock clk rise edge)        0.000     0.000 r  
    E3                                                0.000     0.000 r  clk (IN)
                         net (fo=0)                   0.000     0.000    clk
    E3                   IBUF (Prop_ibuf_I_O)         0.438     0.438 r  clk_IBUF_inst/O
                         net (fo=2, routed)           0.699     1.136    clk_IBUF
    BUFGCTRL_X0Y16       BUFG (Prop_bufg_I_O)         0.029     1.165 r  clk_IBUF_BUFG_inst/O
                         net (fo=1697, routed)        0.858     2.023    fft0/u_serial_fft/fft_i/U0/i_synth/xfft_inst/non_floating_point.arch_e.xfft_inst/control/twiddle_im_delay/aclk
    SLICE_X76Y71         SRL16E                                       r  fft0/u_serial_fft/fft_i/U0/i_synth/xfft_inst/non_floating_point.arch_e.xfft_inst/control/twiddle_im_delay/no_sclr_lut.real_shift_ram.use_baseblock.use_hlutnm_srls.srl_loop[1].i_srl16e0/CLK
                         clock pessimism             -0.479     1.543    
    SLICE_X76Y71         SRL16E (Hold_srl16e_CLK_D)
                                                      0.117     1.660    fft0/u_serial_fft/fft_i/U0/i_synth/xfft_inst/non_floating_point.arch_e.xfft_inst/control/twiddle_im_delay/no_sclr_lut.real_shift_ram.use_baseblock.use_hlutnm_srls.srl_loop[1].i_srl16e0
  -------------------------------------------------------------------
                         required time                         -1.660    
                         arrival time                           1.767    
  -------------------------------------------------------------------
                         slack                                  0.107    

Slack (MET) :             0.107ns  (arrival time - required time)
  Source:                 fft0/u_serial_fft/i_xpm_memory_tdpram/xpm_memory_base_inst/gen_rd_a.gen_douta_pipe.gen_stage.douta_pipe_reg[0][7]/C
                            (rising edge-triggered cell FDRE clocked by clk  {rise@0.000ns fall@5.000ns period=10.000ns})
  Destination:            fft0/u_serial_fft/fft_i/U0/i_synth/axi_wrapper/data_in_channel_fifo/gen_non_real_time.data_in_fifo_pt1/fifo_wr_data_1_reg[8]/D
                            (rising edge-triggered cell FDRE clocked by clk  {rise@0.000ns fall@5.000ns period=10.000ns})
  Path Group:             clk
  Path Type:              Hold (Min at Fast Process Corner)
  Requirement:            0.000ns  (clk rise@0.000ns - clk rise@0.000ns)
  Data Path Delay:        0.457ns  (logic 0.148ns (32.414%)  route 0.309ns (67.586%))
  Logic Levels:           0  
  Clock Path Skew:        0.325ns (DCD - SCD - CPR)
    Destination Clock Delay (DCD):    2.033ns
    Source Clock Delay      (SCD):    1.520ns
    Clock Pessimism Removal (CPR):    0.188ns

    Location             Delay type                Incr(ns)  Path(ns)    Netlist Resource(s)
  -------------------------------------------------------------------    -------------------
                         (clock clk rise edge)        0.000     0.000 r  
    E3                                                0.000     0.000 r  clk (IN)
                         net (fo=0)                   0.000     0.000    clk
    E3                   IBUF (Prop_ibuf_I_O)         0.250     0.250 r  clk_IBUF_inst/O
                         net (fo=2, routed)           0.644     0.894    fft0/u_serial_fft/lopt
    BUFGCTRL_X0Y17       BUFGCTRL (Prop_bufgctrl_I0_O)
                                                      0.026     0.920 r  fft0/u_serial_fft/clk_gate/O
                         net (fo=89, routed)          0.601     1.520    fft0/u_serial_fft/i_xpm_memory_tdpram/xpm_memory_base_inst/clka
    SLICE_X84Y83         FDRE                                         r  fft0/u_serial_fft/i_xpm_memory_tdpram/xpm_memory_base_inst/gen_rd_a.gen_douta_pipe.gen_stage.douta_pipe_reg[0][7]/C
  -------------------------------------------------------------------    -------------------
    SLICE_X84Y83         FDRE (Prop_fdre_C_Q)         0.148     1.668 r  fft0/u_serial_fft/i_xpm_memory_tdpram/xpm_memory_base_inst/gen_rd_a.gen_douta_pipe.gen_stage.douta_pipe_reg[0][7]/Q
                         net (fo=1, routed)           0.309     1.977    fft0/u_serial_fft/fft_i/U0/i_synth/axi_wrapper/data_in_channel_fifo/gen_non_real_time.data_in_fifo_pt1/D[8]
    SLICE_X87Y79         FDRE                                         r  fft0/u_serial_fft/fft_i/U0/i_synth/axi_wrapper/data_in_channel_fifo/gen_non_real_time.data_in_fifo_pt1/fifo_wr_data_1_reg[8]/D
  -------------------------------------------------------------------    -------------------

                         (clock clk rise edge)        0.000     0.000 r  
    E3                                                0.000     0.000 r  clk (IN)
                         net (fo=0)                   0.000     0.000    clk
    E3                   IBUF (Prop_ibuf_I_O)         0.438     0.438 r  clk_IBUF_inst/O
                         net (fo=2, routed)           0.699     1.136    clk_IBUF
    BUFGCTRL_X0Y16       BUFG (Prop_bufg_I_O)         0.029     1.165 r  clk_IBUF_BUFG_inst/O
                         net (fo=1697, routed)        0.868     2.033    fft0/u_serial_fft/fft_i/U0/i_synth/axi_wrapper/data_in_channel_fifo/gen_non_real_time.data_in_fifo_pt1/aclk
    SLICE_X87Y79         FDRE                                         r  fft0/u_serial_fft/fft_i/U0/i_synth/axi_wrapper/data_in_channel_fifo/gen_non_real_time.data_in_fifo_pt1/fifo_wr_data_1_reg[8]/C
                         clock pessimism             -0.188     1.845    
    SLICE_X87Y79         FDRE (Hold_fdre_C_D)         0.025     1.870    fft0/u_serial_fft/fft_i/U0/i_synth/axi_wrapper/data_in_channel_fifo/gen_non_real_time.data_in_fifo_pt1/fifo_wr_data_1_reg[8]
  -------------------------------------------------------------------
                         required time                         -1.870    
                         arrival time                           1.977    
  -------------------------------------------------------------------
                         slack                                  0.107    

Slack (MET) :             0.109ns  (arrival time - required time)
  Source:                 fft0/u_serial_fft/fft_i/U0/i_synth/axi_wrapper/data_in_channel_fifo/gen_non_real_time.gen_has_skid_buffer.data_out_2_reg[3]/C
                            (rising edge-triggered cell FDRE clocked by clk  {rise@0.000ns fall@5.000ns period=10.000ns})
  Destination:            fft0/u_serial_fft/fft_i/U0/i_synth/xfft_inst/non_floating_point.arch_e.xfft_inst/single_channel.datapath/input_delay_re/no_sclr_lut.real_shift_ram.use_baseblock.use_hlutnm_srls.srl_loop[1].i_srl16e0/D
                            (rising edge-triggered cell SRL16E clocked by clk  {rise@0.000ns fall@5.000ns period=10.000ns})
  Path Group:             clk
  Path Type:              Hold (Min at Fast Process Corner)
  Requirement:            0.000ns  (clk rise@0.000ns - clk rise@0.000ns)
  Data Path Delay:        0.256ns  (logic 0.141ns (55.070%)  route 0.115ns (44.930%))
  Logic Levels:           0  
  Clock Path Skew:        0.032ns (DCD - SCD - CPR)
    Destination Clock Delay (DCD):    2.028ns
    Source Clock Delay      (SCD):    1.516ns
    Clock Pessimism Removal (CPR):    0.479ns

    Location             Delay type                Incr(ns)  Path(ns)    Netlist Resource(s)
  -------------------------------------------------------------------    -------------------
                         (clock clk rise edge)        0.000     0.000 r  
    E3                                                0.000     0.000 r  clk (IN)
                         net (fo=0)                   0.000     0.000    clk
    E3                   IBUF (Prop_ibuf_I_O)         0.250     0.250 r  clk_IBUF_inst/O
                         net (fo=2, routed)           0.644     0.894    clk_IBUF
    BUFGCTRL_X0Y16       BUFG (Prop_bufg_I_O)         0.026     0.920 r  clk_IBUF_BUFG_inst/O
                         net (fo=1697, routed)        0.597     1.516    fft0/u_serial_fft/fft_i/U0/i_synth/axi_wrapper/data_in_channel_fifo/aclk
    SLICE_X87Y77         FDRE                                         r  fft0/u_serial_fft/fft_i/U0/i_synth/axi_wrapper/data_in_channel_fifo/gen_non_real_time.gen_has_skid_buffer.data_out_2_reg[3]/C
  -------------------------------------------------------------------    -------------------
    SLICE_X87Y77         FDRE (Prop_fdre_C_Q)         0.141     1.657 r  fft0/u_serial_fft/fft_i/U0/i_synth/axi_wrapper/data_in_channel_fifo/gen_non_real_time.gen_has_skid_buffer.data_out_2_reg[3]/Q
                         net (fo=1, routed)           0.115     1.772    fft0/u_serial_fft/fft_i/U0/i_synth/xfft_inst/non_floating_point.arch_e.xfft_inst/single_channel.datapath/input_delay_re/no_sclr_lut.real_shift_ram.use_baseblock.use_hlutnm_srls.srl_loop[7].i_srl16e1_0[2]
    SLICE_X84Y76         SRL16E                                       r  fft0/u_serial_fft/fft_i/U0/i_synth/xfft_inst/non_floating_point.arch_e.xfft_inst/single_channel.datapath/input_delay_re/no_sclr_lut.real_shift_ram.use_baseblock.use_hlutnm_srls.srl_loop[1].i_srl16e0/D
  -------------------------------------------------------------------    -------------------

                         (clock clk rise edge)        0.000     0.000 r  
    E3                                                0.000     0.000 r  clk (IN)
                         net (fo=0)                   0.000     0.000    clk
    E3                   IBUF (Prop_ibuf_I_O)         0.438     0.438 r  clk_IBUF_inst/O
                         net (fo=2, routed)           0.699     1.136    clk_IBUF
    BUFGCTRL_X0Y16       BUFG (Prop_bufg_I_O)         0.029     1.165 r  clk_IBUF_BUFG_inst/O
                         net (fo=1697, routed)        0.863     2.028    fft0/u_serial_fft/fft_i/U0/i_synth/xfft_inst/non_floating_point.arch_e.xfft_inst/single_channel.datapath/input_delay_re/aclk
    SLICE_X84Y76         SRL16E                                       r  fft0/u_serial_fft/fft_i/U0/i_synth/xfft_inst/non_floating_point.arch_e.xfft_inst/single_channel.datapath/input_delay_re/no_sclr_lut.real_shift_ram.use_baseblock.use_hlutnm_srls.srl_loop[1].i_srl16e0/CLK
                         clock pessimism             -0.479     1.548    
    SLICE_X84Y76         SRL16E (Hold_srl16e_CLK_D)
                                                      0.115     1.663    fft0/u_serial_fft/fft_i/U0/i_synth/xfft_inst/non_floating_point.arch_e.xfft_inst/single_channel.datapath/input_delay_re/no_sclr_lut.real_shift_ram.use_baseblock.use_hlutnm_srls.srl_loop[1].i_srl16e0
  -------------------------------------------------------------------
                         required time                         -1.663    
                         arrival time                           1.772    
  -------------------------------------------------------------------
                         slack                                  0.109    

Slack (MET) :             0.112ns  (arrival time - required time)
  Source:                 fft0/u_serial_fft/fft_i/U0/i_synth/xfft_inst/non_floating_point.arch_e.xfft_inst/control/addr_gen/io_addr_gen/dv_i_reg/C
                            (rising edge-triggered cell FDRE clocked by clk  {rise@0.000ns fall@5.000ns period=10.000ns})
  Destination:            fft0/u_serial_fft/fft_i/U0/i_synth/xfft_inst/non_floating_point.arch_e.xfft_inst/control/addr_gen/io_addr_gen/dv_delay/no_sclr_lut.real_shift_ram.use_baseblock.not_use_hlutnm_srls.i_shift_ram/i_bb_inst/f0.srl_sig_reg[2][0]_srl3/D
                            (rising edge-triggered cell SRL16E clocked by clk  {rise@0.000ns fall@5.000ns period=10.000ns})
  Path Group:             clk
  Path Type:              Hold (Min at Fast Process Corner)
  Requirement:            0.000ns  (clk rise@0.000ns - clk rise@0.000ns)
  Data Path Delay:        0.266ns  (logic 0.141ns (52.931%)  route 0.125ns (47.069%))
  Logic Levels:           0  
  Clock Path Skew:        0.037ns (DCD - SCD - CPR)
    Destination Clock Delay (DCD):    2.027ns
    Source Clock Delay      (SCD):    1.510ns
    Clock Pessimism Removal (CPR):    0.479ns

    Location             Delay type                Incr(ns)  Path(ns)    Netlist Resource(s)
  -------------------------------------------------------------------    -------------------
                         (clock clk rise edge)        0.000     0.000 r  
    E3                                                0.000     0.000 r  clk (IN)
                         net (fo=0)                   0.000     0.000    clk
    E3                   IBUF (Prop_ibuf_I_O)         0.250     0.250 r  clk_IBUF_inst/O
                         net (fo=2, routed)           0.644     0.894    clk_IBUF
    BUFGCTRL_X0Y16       BUFG (Prop_bufg_I_O)         0.026     0.920 r  clk_IBUF_BUFG_inst/O
                         net (fo=1697, routed)        0.591     1.510    fft0/u_serial_fft/fft_i/U0/i_synth/xfft_inst/non_floating_point.arch_e.xfft_inst/control/addr_gen/io_addr_gen/aclk
    SLICE_X79Y70         FDRE                                         r  fft0/u_serial_fft/fft_i/U0/i_synth/xfft_inst/non_floating_point.arch_e.xfft_inst/control/addr_gen/io_addr_gen/dv_i_reg/C
  -------------------------------------------------------------------    -------------------
    SLICE_X79Y70         FDRE (Prop_fdre_C_Q)         0.141     1.651 r  fft0/u_serial_fft/fft_i/U0/i_synth/xfft_inst/non_floating_point.arch_e.xfft_inst/control/addr_gen/io_addr_gen/dv_i_reg/Q
                         net (fo=2, routed)           0.125     1.777    fft0/u_serial_fft/fft_i/U0/i_synth/xfft_inst/non_floating_point.arch_e.xfft_inst/control/addr_gen/io_addr_gen/dv_delay/no_sclr_lut.real_shift_ram.use_baseblock.not_use_hlutnm_srls.i_shift_ram/i_bb_inst/d[0]
    SLICE_X80Y71         SRL16E                                       r  fft0/u_serial_fft/fft_i/U0/i_synth/xfft_inst/non_floating_point.arch_e.xfft_inst/control/addr_gen/io_addr_gen/dv_delay/no_sclr_lut.real_shift_ram.use_baseblock.not_use_hlutnm_srls.i_shift_ram/i_bb_inst/f0.srl_sig_reg[2][0]_srl3/D
  -------------------------------------------------------------------    -------------------

                         (clock clk rise edge)        0.000     0.000 r  
    E3                                                0.000     0.000 r  clk (IN)
                         net (fo=0)                   0.000     0.000    clk
    E3                   IBUF (Prop_ibuf_I_O)         0.438     0.438 r  clk_IBUF_inst/O
                         net (fo=2, routed)           0.699     1.136    clk_IBUF
    BUFGCTRL_X0Y16       BUFG (Prop_bufg_I_O)         0.029     1.165 r  clk_IBUF_BUFG_inst/O
                         net (fo=1697, routed)        0.862     2.027    fft0/u_serial_fft/fft_i/U0/i_synth/xfft_inst/non_floating_point.arch_e.xfft_inst/control/addr_gen/io_addr_gen/dv_delay/no_sclr_lut.real_shift_ram.use_baseblock.not_use_hlutnm_srls.i_shift_ram/i_bb_inst/clk
    SLICE_X80Y71         SRL16E                                       r  fft0/u_serial_fft/fft_i/U0/i_synth/xfft_inst/non_floating_point.arch_e.xfft_inst/control/addr_gen/io_addr_gen/dv_delay/no_sclr_lut.real_shift_ram.use_baseblock.not_use_hlutnm_srls.i_shift_ram/i_bb_inst/f0.srl_sig_reg[2][0]_srl3/CLK
                         clock pessimism             -0.479     1.547    
    SLICE_X80Y71         SRL16E (Hold_srl16e_CLK_D)
                                                      0.117     1.664    fft0/u_serial_fft/fft_i/U0/i_synth/xfft_inst/non_floating_point.arch_e.xfft_inst/control/addr_gen/io_addr_gen/dv_delay/no_sclr_lut.real_shift_ram.use_baseblock.not_use_hlutnm_srls.i_shift_ram/i_bb_inst/f0.srl_sig_reg[2][0]_srl3
  -------------------------------------------------------------------
                         required time                         -1.664    
                         arrival time                           1.777    
  -------------------------------------------------------------------
                         slack                                  0.112    





Pulse Width Checks
--------------------------------------------------------------------------------------
Clock Name:         clk
Waveform(ns):       { 0.000 5.000 }
Period(ns):         10.000
Sources:            { clk }

Check Type        Corner  Lib Pin             Reference Pin  Required(ns)  Actual(ns)  Slack(ns)  Location      Pin
Min Period        n/a     RAMB18E1/CLKARDCLK  n/a            2.944         10.000      7.056      RAMB18_X3Y30  fft0/u_serial_fft/fft_i/U0/i_synth/xfft_inst/non_floating_point.arch_e.xfft_inst/single_channel.datapath/memory/blk_ram.dpm_no_split.use_bram_only.mem/depths_3to9.ram_loop[0].use_RAMB18.SDP_RAMB18E1_36x512/CLKARDCLK
Min Period        n/a     RAMB18E1/CLKBWRCLK  n/a            2.944         10.000      7.056      RAMB18_X3Y30  fft0/u_serial_fft/fft_i/U0/i_synth/xfft_inst/non_floating_point.arch_e.xfft_inst/single_channel.datapath/memory/blk_ram.dpm_no_split.use_bram_only.mem/depths_3to9.ram_loop[0].use_RAMB18.SDP_RAMB18E1_36x512/CLKBWRCLK
Min Period        n/a     RAMB18E1/CLKARDCLK  n/a            2.944         10.000      7.056      RAMB18_X3Y38  vga0/render_i/fft_buffer_reg/CLKARDCLK
Min Period        n/a     RAMB18E1/CLKARDCLK  n/a            2.576         10.000      7.424      RAMB18_X2Y28  fft0/u_serial_fft/fft_i/U0/i_synth/xfft_inst/non_floating_point.arch_e.xfft_inst/control/block_ram_twiddle_gen.bram_twiddle_gen/tw0.twgen0/sin_pre_read_reg/CLKARDCLK
Min Period        n/a     RAMB18E1/CLKBWRCLK  n/a            2.576         10.000      7.424      RAMB18_X2Y28  fft0/u_serial_fft/fft_i/U0/i_synth/xfft_inst/non_floating_point.arch_e.xfft_inst/control/block_ram_twiddle_gen.bram_twiddle_gen/tw0.twgen0/sin_pre_read_reg/CLKBWRCLK
Min Period        n/a     RAMB36E1/CLKARDCLK  n/a            2.576         10.000      7.424      RAMB36_X3Y16  fft0/u_serial_fft/i_xpm_memory_tdpram/xpm_memory_base_inst/gen_wr_b.gen_word_narrow.mem_reg/CLKARDCLK
Min Period        n/a     RAMB36E1/CLKBWRCLK  n/a            2.576         10.000      7.424      RAMB36_X3Y16  fft0/u_serial_fft/i_xpm_memory_tdpram/xpm_memory_base_inst/gen_wr_b.gen_word_narrow.mem_reg/CLKBWRCLK
Min Period        n/a     RAMB36E1/CLKBWRCLK  n/a            2.576         10.000      7.424      RAMB36_X2Y18  vga0/image_buf_i/i_xpm_memory_tdpram/xpm_memory_base_inst/gen_wr_b.gen_word_narrow.mem_reg_0_0/CLKBWRCLK
Min Period        n/a     RAMB36E1/CLKBWRCLK  n/a            2.576         10.000      7.424      RAMB36_X2Y19  vga0/image_buf_i/i_xpm_memory_tdpram/xpm_memory_base_inst/gen_wr_b.gen_word_narrow.mem_reg_0_1/CLKBWRCLK
Min Period        n/a     RAMB36E1/CLKBWRCLK  n/a            2.576         10.000      7.424      RAMB36_X3Y18  vga0/image_buf_i/i_xpm_memory_tdpram/xpm_memory_base_inst/gen_wr_b.gen_word_narrow.mem_reg_0_2/CLKBWRCLK
Low Pulse Width   Slow    SRL16E/CLK          n/a            0.980         5.000       4.020      SLICE_X76Y93  fft0/abs_value_i/sqrt_i/U0/i_synth/i_has_diplomatic_bag.i_diplomatic_bag/opt_has_pipe.i_pipe[7].pipe_reg[7][0]_srl6/CLK
Low Pulse Width   Fast    SRL16E/CLK          n/a            0.980         5.000       4.020      SLICE_X76Y93  fft0/abs_value_i/sqrt_i/U0/i_synth/i_has_diplomatic_bag.i_diplomatic_bag/opt_has_pipe.i_pipe[7].pipe_reg[7][0]_srl6/CLK
Low Pulse Width   Slow    SRL16E/CLK          n/a            0.980         5.000       4.020      SLICE_X76Y95  fft0/abs_value_i/sqrt_i/U0/i_synth/i_outfifo.i_output_fifo/fifo0/fifo_1_reg[15][0]_srl16/CLK
Low Pulse Width   Fast    SRL16E/CLK          n/a            0.980         5.000       4.020      SLICE_X76Y95  fft0/abs_value_i/sqrt_i/U0/i_synth/i_outfifo.i_output_fifo/fifo0/fifo_1_reg[15][0]_srl16/CLK
Low Pulse Width   Slow    SRL16E/CLK          n/a            0.980         5.000       4.020      SLICE_X76Y94  fft0/abs_value_i/sqrt_i/U0/i_synth/i_outfifo.i_output_fifo/fifo0/fifo_1_reg[15][16]_srl16/CLK
Low Pulse Width   Fast    SRL16E/CLK          n/a            0.980         5.000       4.020      SLICE_X76Y94  fft0/abs_value_i/sqrt_i/U0/i_synth/i_outfifo.i_output_fifo/fifo0/fifo_1_reg[15][16]_srl16/CLK
Low Pulse Width   Slow    SRL16E/CLK          n/a            0.980         5.000       4.020      SLICE_X76Y95  fft0/abs_value_i/sqrt_i/U0/i_synth/i_outfifo.i_output_fifo/fifo0/fifo_1_reg[15][1]_srl16/CLK
Low Pulse Width   Fast    SRL16E/CLK          n/a            0.980         5.000       4.020      SLICE_X76Y95  fft0/abs_value_i/sqrt_i/U0/i_synth/i_outfifo.i_output_fifo/fifo0/fifo_1_reg[15][1]_srl16/CLK
Low Pulse Width   Slow    SRL16E/CLK          n/a            0.980         5.000       4.020      SLICE_X76Y95  fft0/abs_value_i/sqrt_i/U0/i_synth/i_outfifo.i_output_fifo/fifo0/fifo_1_reg[15][2]_srl16/CLK
Low Pulse Width   Fast    SRL16E/CLK          n/a            0.980         5.000       4.020      SLICE_X76Y95  fft0/abs_value_i/sqrt_i/U0/i_synth/i_outfifo.i_output_fifo/fifo0/fifo_1_reg[15][2]_srl16/CLK
High Pulse Width  Slow    SRL16E/CLK          n/a            0.980         5.000       4.020      SLICE_X76Y93  fft0/abs_value_i/sqrt_i/U0/i_synth/i_has_diplomatic_bag.i_diplomatic_bag/opt_has_pipe.i_pipe[7].pipe_reg[7][0]_srl6/CLK
High Pulse Width  Fast    SRL16E/CLK          n/a            0.980         5.000       4.020      SLICE_X76Y93  fft0/abs_value_i/sqrt_i/U0/i_synth/i_has_diplomatic_bag.i_diplomatic_bag/opt_has_pipe.i_pipe[7].pipe_reg[7][0]_srl6/CLK
High Pulse Width  Slow    SRL16E/CLK          n/a            0.980         5.000       4.020      SLICE_X76Y95  fft0/abs_value_i/sqrt_i/U0/i_synth/i_outfifo.i_output_fifo/fifo0/fifo_1_reg[15][0]_srl16/CLK
High Pulse Width  Fast    SRL16E/CLK          n/a            0.980         5.000       4.020      SLICE_X76Y95  fft0/abs_value_i/sqrt_i/U0/i_synth/i_outfifo.i_output_fifo/fifo0/fifo_1_reg[15][0]_srl16/CLK
High Pulse Width  Slow    SRL16E/CLK          n/a            0.980         5.000       4.020      SLICE_X76Y94  fft0/abs_value_i/sqrt_i/U0/i_synth/i_outfifo.i_output_fifo/fifo0/fifo_1_reg[15][16]_srl16/CLK
High Pulse Width  Fast    SRL16E/CLK          n/a            0.980         5.000       4.020      SLICE_X76Y94  fft0/abs_value_i/sqrt_i/U0/i_synth/i_outfifo.i_output_fifo/fifo0/fifo_1_reg[15][16]_srl16/CLK
High Pulse Width  Slow    SRL16E/CLK          n/a            0.980         5.000       4.020      SLICE_X76Y95  fft0/abs_value_i/sqrt_i/U0/i_synth/i_outfifo.i_output_fifo/fifo0/fifo_1_reg[15][1]_srl16/CLK
High Pulse Width  Fast    SRL16E/CLK          n/a            0.980         5.000       4.020      SLICE_X76Y95  fft0/abs_value_i/sqrt_i/U0/i_synth/i_outfifo.i_output_fifo/fifo0/fifo_1_reg[15][1]_srl16/CLK
High Pulse Width  Slow    SRL16E/CLK          n/a            0.980         5.000       4.020      SLICE_X76Y95  fft0/abs_value_i/sqrt_i/U0/i_synth/i_outfifo.i_output_fifo/fifo0/fifo_1_reg[15][2]_srl16/CLK
High Pulse Width  Fast    SRL16E/CLK          n/a            0.980         5.000       4.020      SLICE_X76Y95  fft0/abs_value_i/sqrt_i/U0/i_synth/i_outfifo.i_output_fifo/fifo0/fifo_1_reg[15][2]_srl16/CLK



---------------------------------------------------------------------------------------------------
From Clock:  i2spcm0/inst/inst/clk_in1
  To Clock:  i2spcm0/inst/inst/clk_in1

Setup :           NA  Failing Endpoints,  Worst Slack           NA  ,  Total Violation           NA
Hold  :           NA  Failing Endpoints,  Worst Slack           NA  ,  Total Violation           NA
PW    :            0  Failing Endpoints,  Worst Slack        3.000ns,  Total Violation        0.000ns
---------------------------------------------------------------------------------------------------


Pulse Width Checks
--------------------------------------------------------------------------------------
Clock Name:         i2spcm0/inst/inst/clk_in1
Waveform(ns):       { 0.000 5.000 }
Period(ns):         10.000
Sources:            { i2spcm0/inst/inst/clk_in1 }

Check Type        Corner  Lib Pin            Reference Pin  Required(ns)  Actual(ns)  Slack(ns)  Location         Pin
Min Period        n/a     MMCME2_ADV/CLKIN1  n/a            1.249         10.000      8.751      MMCME2_ADV_X0Y1  i2spcm0/inst/inst/mmcm_adv_inst/CLKIN1
Max Period        n/a     MMCME2_ADV/CLKIN1  n/a            100.000       10.000      90.000     MMCME2_ADV_X0Y1  i2spcm0/inst/inst/mmcm_adv_inst/CLKIN1
Low Pulse Width   Slow    MMCME2_ADV/CLKIN1  n/a            2.000         5.000       3.000      MMCME2_ADV_X0Y1  i2spcm0/inst/inst/mmcm_adv_inst/CLKIN1
Low Pulse Width   Fast    MMCME2_ADV/CLKIN1  n/a            2.000         5.000       3.000      MMCME2_ADV_X0Y1  i2spcm0/inst/inst/mmcm_adv_inst/CLKIN1
High Pulse Width  Slow    MMCME2_ADV/CLKIN1  n/a            2.000         5.000       3.000      MMCME2_ADV_X0Y1  i2spcm0/inst/inst/mmcm_adv_inst/CLKIN1
High Pulse Width  Fast    MMCME2_ADV/CLKIN1  n/a            2.000         5.000       3.000      MMCME2_ADV_X0Y1  i2spcm0/inst/inst/mmcm_adv_inst/CLKIN1



---------------------------------------------------------------------------------------------------
From Clock:  clk_out1_clk_wiz_0
  To Clock:  clk_out1_clk_wiz_0

Setup :            0  Failing Endpoints,  Worst Slack       56.722ns,  Total Violation        0.000ns
Hold  :            0  Failing Endpoints,  Worst Slack        0.235ns,  Total Violation        0.000ns
PW    :            0  Failing Endpoints,  Worst Slack       30.016ns,  Total Violation        0.000ns
---------------------------------------------------------------------------------------------------


Max Delay Paths
--------------------------------------------------------------------------------------
Slack (MET) :             56.722ns  (required time - arrival time)
  Source:                 i2spcm0/ds_cnt_reg[1]/C
                            (rising edge-triggered cell FDRE clocked by clk_out1_clk_wiz_0  {rise@0.000ns fall@30.516ns period=61.032ns})
  Destination:            i2spcm0/lreg_reg[21]/CE
                            (rising edge-triggered cell FDRE clocked by clk_out1_clk_wiz_0  {rise@0.000ns fall@30.516ns period=61.032ns})
  Path Group:             clk_out1_clk_wiz_0
  Path Type:              Setup (Max at Slow Process Corner)
  Requirement:            61.032ns  (clk_out1_clk_wiz_0 rise@61.032ns - clk_out1_clk_wiz_0 rise@0.000ns)
  Data Path Delay:        3.679ns  (logic 0.870ns (23.645%)  route 2.809ns (76.355%))
  Logic Levels:           2  (LUT4=1 LUT5=1)
  Clock Path Skew:        -0.029ns (DCD - SCD + CPR)
    Destination Clock Delay (DCD):    1.607ns = ( 62.639 - 61.032 ) 
    Source Clock Delay      (SCD):    1.731ns
    Clock Pessimism Removal (CPR):    0.095ns
  Clock Uncertainty:      0.194ns  ((TSJ^2 + DJ^2)^1/2) / 2 + PE
    Total System Jitter     (TSJ):    0.071ns
    Discrete Jitter          (DJ):    0.382ns
    Phase Error              (PE):    0.000ns

    Location             Delay type                Incr(ns)  Path(ns)    Netlist Resource(s)
  -------------------------------------------------------------------    -------------------
                         (clock clk_out1_clk_wiz_0 rise edge)
                                                      0.000     0.000 r  
    BUFGCTRL_X0Y16       BUFG                         0.000     0.000 r  clk_IBUF_BUFG_inst/O
                         net (fo=1697, routed)        1.636     1.636    i2spcm0/inst/inst/clk_in1
    MMCME2_ADV_X0Y1      MMCME2_ADV (Prop_mmcme2_adv_CLKIN1_CLKOUT0)
                                                     -3.441    -1.804 r  i2spcm0/inst/inst/mmcm_adv_inst/CLKOUT0
                         net (fo=1, routed)           1.710    -0.094    i2spcm0/inst/inst/clk_out1_clk_wiz_0
    BUFGCTRL_X0Y1        BUFG (Prop_bufg_I_O)         0.096     0.002 r  i2spcm0/inst/inst/clkout1_buf/O
                         net (fo=30, routed)          1.729     1.731    i2spcm0/clk_gen_fast
    SLICE_X89Y91         FDRE                                         r  i2spcm0/ds_cnt_reg[1]/C
  -------------------------------------------------------------------    -------------------
    SLICE_X89Y91         FDRE (Prop_fdre_C_Q)         0.419     2.150 f  i2spcm0/ds_cnt_reg[1]/Q
                         net (fo=7, routed)           0.918     3.069    i2spcm0/ds_cnt[1]
    SLICE_X88Y91         LUT5 (Prop_lut5_I0_O)        0.299     3.368 f  i2spcm0/lreg[23]_i_2/O
                         net (fo=8, routed)           1.105     4.472    i2spcm0/lreg[23]_i_2_n_0
    SLICE_X89Y86         LUT4 (Prop_lut4_I3_O)        0.152     4.624 r  i2spcm0/lreg[21]_i_1/O
                         net (fo=1, routed)           0.786     5.411    i2spcm0/lreg[21]_i_1_n_0
    SLICE_X89Y86         FDRE                                         r  i2spcm0/lreg_reg[21]/CE
  -------------------------------------------------------------------    -------------------

                         (clock clk_out1_clk_wiz_0 rise edge)
                                                     61.032    61.032 r  
    BUFGCTRL_X0Y16       BUFG                         0.000    61.032 r  clk_IBUF_BUFG_inst/O
                         net (fo=1697, routed)        1.516    62.548    i2spcm0/inst/inst/clk_in1
    MMCME2_ADV_X0Y1      MMCME2_ADV (Prop_mmcme2_adv_CLKIN1_CLKOUT0)
                                                     -3.234    59.313 r  i2spcm0/inst/inst/mmcm_adv_inst/CLKOUT0
                         net (fo=1, routed)           1.630    60.944    i2spcm0/inst/inst/clk_out1_clk_wiz_0
    BUFGCTRL_X0Y1        BUFG (Prop_bufg_I_O)         0.091    61.035 r  i2spcm0/inst/inst/clkout1_buf/O
                         net (fo=30, routed)          1.604    62.639    i2spcm0/clk_gen_fast
    SLICE_X89Y86         FDRE                                         r  i2spcm0/lreg_reg[21]/C
                         clock pessimism              0.095    62.734    
                         clock uncertainty           -0.194    62.540    
    SLICE_X89Y86         FDRE (Setup_fdre_C_CE)      -0.407    62.133    i2spcm0/lreg_reg[21]
  -------------------------------------------------------------------
                         required time                         62.133    
                         arrival time                          -5.411    
  -------------------------------------------------------------------
                         slack                                 56.722    

Slack (MET) :             56.859ns  (required time - arrival time)
  Source:                 i2spcm0/ds_cnt_reg[1]/C
                            (rising edge-triggered cell FDRE clocked by clk_out1_clk_wiz_0  {rise@0.000ns fall@30.516ns period=61.032ns})
  Destination:            i2spcm0/lreg_reg[31]/CE
                            (rising edge-triggered cell FDRE clocked by clk_out1_clk_wiz_0  {rise@0.000ns fall@30.516ns period=61.032ns})
  Path Group:             clk_out1_clk_wiz_0
  Path Type:              Setup (Max at Slow Process Corner)
  Requirement:            61.032ns  (clk_out1_clk_wiz_0 rise@61.032ns - clk_out1_clk_wiz_0 rise@0.000ns)
  Data Path Delay:        3.526ns  (logic 1.120ns (31.764%)  route 2.406ns (68.236%))
  Logic Levels:           2  (LUT4=1 LUT5=1)
  Clock Path Skew:        -0.043ns (DCD - SCD + CPR)
    Destination Clock Delay (DCD):    1.609ns = ( 62.641 - 61.032 ) 
    Source Clock Delay      (SCD):    1.731ns
    Clock Pessimism Removal (CPR):    0.079ns
  Clock Uncertainty:      0.194ns  ((TSJ^2 + DJ^2)^1/2) / 2 + PE
    Total System Jitter     (TSJ):    0.071ns
    Discrete Jitter          (DJ):    0.382ns
    Phase Error              (PE):    0.000ns

    Location             Delay type                Incr(ns)  Path(ns)    Netlist Resource(s)
  -------------------------------------------------------------------    -------------------
                         (clock clk_out1_clk_wiz_0 rise edge)
                                                      0.000     0.000 r  
    BUFGCTRL_X0Y16       BUFG                         0.000     0.000 r  clk_IBUF_BUFG_inst/O
                         net (fo=1697, routed)        1.636     1.636    i2spcm0/inst/inst/clk_in1
    MMCME2_ADV_X0Y1      MMCME2_ADV (Prop_mmcme2_adv_CLKIN1_CLKOUT0)
                                                     -3.441    -1.804 r  i2spcm0/inst/inst/mmcm_adv_inst/CLKOUT0
                         net (fo=1, routed)           1.710    -0.094    i2spcm0/inst/inst/clk_out1_clk_wiz_0
    BUFGCTRL_X0Y1        BUFG (Prop_bufg_I_O)         0.096     0.002 r  i2spcm0/inst/inst/clkout1_buf/O
                         net (fo=30, routed)          1.729     1.731    i2spcm0/clk_gen_fast
    SLICE_X89Y91         FDRE                                         r  i2spcm0/ds_cnt_reg[1]/C
  -------------------------------------------------------------------    -------------------
    SLICE_X89Y91         FDRE (Prop_fdre_C_Q)         0.419     2.150 f  i2spcm0/ds_cnt_reg[1]/Q
                         net (fo=7, routed)           0.918     3.069    i2spcm0/ds_cnt[1]
    SLICE_X88Y91         LUT5 (Prop_lut5_I3_O)        0.327     3.396 r  i2spcm0/lreg[31]_i_2/O
                         net (fo=8, routed)           0.851     4.247    i2spcm0/lreg[31]_i_2_n_0
    SLICE_X88Y89         LUT4 (Prop_lut4_I3_O)        0.374     4.621 r  i2spcm0/lreg[31]_i_1/O
                         net (fo=1, routed)           0.637     5.257    i2spcm0/lreg[31]_i_1_n_0
    SLICE_X83Y91         FDRE                                         r  i2spcm0/lreg_reg[31]/CE
  -------------------------------------------------------------------    -------------------

                         (clock clk_out1_clk_wiz_0 rise edge)
                                                     61.032    61.032 r  
    BUFGCTRL_X0Y16       BUFG                         0.000    61.032 r  clk_IBUF_BUFG_inst/O
                         net (fo=1697, routed)        1.516    62.548    i2spcm0/inst/inst/clk_in1
    MMCME2_ADV_X0Y1      MMCME2_ADV (Prop_mmcme2_adv_CLKIN1_CLKOUT0)
                                                     -3.234    59.313 r  i2spcm0/inst/inst/mmcm_adv_inst/CLKOUT0
                         net (fo=1, routed)           1.630    60.944    i2spcm0/inst/inst/clk_out1_clk_wiz_0
    BUFGCTRL_X0Y1        BUFG (Prop_bufg_I_O)         0.091    61.035 r  i2spcm0/inst/inst/clkout1_buf/O
                         net (fo=30, routed)          1.606    62.641    i2spcm0/clk_gen_fast
    SLICE_X83Y91         FDRE                                         r  i2spcm0/lreg_reg[31]/C
                         clock pessimism              0.079    62.720    
                         clock uncertainty           -0.194    62.526    
    SLICE_X83Y91         FDRE (Setup_fdre_C_CE)      -0.409    62.117    i2spcm0/lreg_reg[31]
  -------------------------------------------------------------------
                         required time                         62.117    
                         arrival time                          -5.257    
  -------------------------------------------------------------------
                         slack                                 56.859    

Slack (MET) :             56.885ns  (required time - arrival time)
  Source:                 i2spcm0/ds_cnt_reg[1]/C
                            (rising edge-triggered cell FDRE clocked by clk_out1_clk_wiz_0  {rise@0.000ns fall@30.516ns period=61.032ns})
  Destination:            i2spcm0/lreg_reg[18]/CE
                            (rising edge-triggered cell FDRE clocked by clk_out1_clk_wiz_0  {rise@0.000ns fall@30.516ns period=61.032ns})
  Path Group:             clk_out1_clk_wiz_0
  Path Type:              Setup (Max at Slow Process Corner)
  Requirement:            61.032ns  (clk_out1_clk_wiz_0 rise@61.032ns - clk_out1_clk_wiz_0 rise@0.000ns)
  Data Path Delay:        3.516ns  (logic 0.870ns (24.746%)  route 2.646ns (75.254%))
  Logic Levels:           2  (LUT4=1 LUT5=1)
  Clock Path Skew:        -0.029ns (DCD - SCD + CPR)
    Destination Clock Delay (DCD):    1.607ns = ( 62.639 - 61.032 ) 
    Source Clock Delay      (SCD):    1.731ns
    Clock Pessimism Removal (CPR):    0.095ns
  Clock Uncertainty:      0.194ns  ((TSJ^2 + DJ^2)^1/2) / 2 + PE
    Total System Jitter     (TSJ):    0.071ns
    Discrete Jitter          (DJ):    0.382ns
    Phase Error              (PE):    0.000ns

    Location             Delay type                Incr(ns)  Path(ns)    Netlist Resource(s)
  -------------------------------------------------------------------    -------------------
                         (clock clk_out1_clk_wiz_0 rise edge)
                                                      0.000     0.000 r  
    BUFGCTRL_X0Y16       BUFG                         0.000     0.000 r  clk_IBUF_BUFG_inst/O
                         net (fo=1697, routed)        1.636     1.636    i2spcm0/inst/inst/clk_in1
    MMCME2_ADV_X0Y1      MMCME2_ADV (Prop_mmcme2_adv_CLKIN1_CLKOUT0)
                                                     -3.441    -1.804 r  i2spcm0/inst/inst/mmcm_adv_inst/CLKOUT0
                         net (fo=1, routed)           1.710    -0.094    i2spcm0/inst/inst/clk_out1_clk_wiz_0
    BUFGCTRL_X0Y1        BUFG (Prop_bufg_I_O)         0.096     0.002 r  i2spcm0/inst/inst/clkout1_buf/O
                         net (fo=30, routed)          1.729     1.731    i2spcm0/clk_gen_fast
    SLICE_X89Y91         FDRE                                         r  i2spcm0/ds_cnt_reg[1]/C
  -------------------------------------------------------------------    -------------------
    SLICE_X89Y91         FDRE (Prop_fdre_C_Q)         0.419     2.150 f  i2spcm0/ds_cnt_reg[1]/Q
                         net (fo=7, routed)           0.918     3.069    i2spcm0/ds_cnt[1]
    SLICE_X88Y91         LUT5 (Prop_lut5_I0_O)        0.299     3.368 f  i2spcm0/lreg[23]_i_2/O
                         net (fo=8, routed)           1.252     4.620    i2spcm0/lreg[23]_i_2_n_0
    SLICE_X87Y86         LUT4 (Prop_lut4_I3_O)        0.152     4.772 r  i2spcm0/lreg[18]_i_1/O
                         net (fo=1, routed)           0.475     5.247    i2spcm0/lreg[18]_i_1_n_0
    SLICE_X87Y85         FDRE                                         r  i2spcm0/lreg_reg[18]/CE
  -------------------------------------------------------------------    -------------------

                         (clock clk_out1_clk_wiz_0 rise edge)
                                                     61.032    61.032 r  
    BUFGCTRL_X0Y16       BUFG                         0.000    61.032 r  clk_IBUF_BUFG_inst/O
                         net (fo=1697, routed)        1.516    62.548    i2spcm0/inst/inst/clk_in1
    MMCME2_ADV_X0Y1      MMCME2_ADV (Prop_mmcme2_adv_CLKIN1_CLKOUT0)
                                                     -3.234    59.313 r  i2spcm0/inst/inst/mmcm_adv_inst/CLKOUT0
                         net (fo=1, routed)           1.630    60.944    i2spcm0/inst/inst/clk_out1_clk_wiz_0
    BUFGCTRL_X0Y1        BUFG (Prop_bufg_I_O)         0.091    61.035 r  i2spcm0/inst/inst/clkout1_buf/O
                         net (fo=30, routed)          1.604    62.639    i2spcm0/clk_gen_fast
    SLICE_X87Y85         FDRE                                         r  i2spcm0/lreg_reg[18]/C
                         clock pessimism              0.095    62.734    
                         clock uncertainty           -0.194    62.540    
    SLICE_X87Y85         FDRE (Setup_fdre_C_CE)      -0.407    62.133    i2spcm0/lreg_reg[18]
  -------------------------------------------------------------------
                         required time                         62.133    
                         arrival time                          -5.247    
  -------------------------------------------------------------------
                         slack                                 56.885    

Slack (MET) :             56.956ns  (required time - arrival time)
  Source:                 i2spcm0/ds_cnt_reg[1]/C
                            (rising edge-triggered cell FDRE clocked by clk_out1_clk_wiz_0  {rise@0.000ns fall@30.516ns period=61.032ns})
  Destination:            i2spcm0/lreg_reg[30]/CE
                            (rising edge-triggered cell FDRE clocked by clk_out1_clk_wiz_0  {rise@0.000ns fall@30.516ns period=61.032ns})
  Path Group:             clk_out1_clk_wiz_0
  Path Type:              Setup (Max at Slow Process Corner)
  Requirement:            61.032ns  (clk_out1_clk_wiz_0 rise@61.032ns - clk_out1_clk_wiz_0 rise@0.000ns)
  Data Path Delay:        3.443ns  (logic 1.122ns (32.591%)  route 2.321ns (67.409%))
  Logic Levels:           2  (LUT4=1 LUT5=1)
  Clock Path Skew:        -0.025ns (DCD - SCD + CPR)
    Destination Clock Delay (DCD):    1.611ns = ( 62.643 - 61.032 ) 
    Source Clock Delay      (SCD):    1.731ns
    Clock Pessimism Removal (CPR):    0.095ns
  Clock Uncertainty:      0.194ns  ((TSJ^2 + DJ^2)^1/2) / 2 + PE
    Total System Jitter     (TSJ):    0.071ns
    Discrete Jitter          (DJ):    0.382ns
    Phase Error              (PE):    0.000ns

    Location             Delay type                Incr(ns)  Path(ns)    Netlist Resource(s)
  -------------------------------------------------------------------    -------------------
                         (clock clk_out1_clk_wiz_0 rise edge)
                                                      0.000     0.000 r  
    BUFGCTRL_X0Y16       BUFG                         0.000     0.000 r  clk_IBUF_BUFG_inst/O
                         net (fo=1697, routed)        1.636     1.636    i2spcm0/inst/inst/clk_in1
    MMCME2_ADV_X0Y1      MMCME2_ADV (Prop_mmcme2_adv_CLKIN1_CLKOUT0)
                                                     -3.441    -1.804 r  i2spcm0/inst/inst/mmcm_adv_inst/CLKOUT0
                         net (fo=1, routed)           1.710    -0.094    i2spcm0/inst/inst/clk_out1_clk_wiz_0
    BUFGCTRL_X0Y1        BUFG (Prop_bufg_I_O)         0.096     0.002 r  i2spcm0/inst/inst/clkout1_buf/O
                         net (fo=30, routed)          1.729     1.731    i2spcm0/clk_gen_fast
    SLICE_X89Y91         FDRE                                         r  i2spcm0/ds_cnt_reg[1]/C
  -------------------------------------------------------------------    -------------------
    SLICE_X89Y91         FDRE (Prop_fdre_C_Q)         0.419     2.150 f  i2spcm0/ds_cnt_reg[1]/Q
                         net (fo=7, routed)           0.918     3.069    i2spcm0/ds_cnt[1]
    SLICE_X88Y91         LUT5 (Prop_lut5_I3_O)        0.327     3.396 r  i2spcm0/lreg[31]_i_2/O
                         net (fo=8, routed)           0.830     4.226    i2spcm0/lreg[31]_i_2_n_0
    SLICE_X87Y91         LUT4 (Prop_lut4_I0_O)        0.376     4.602 r  i2spcm0/lreg[30]_i_1/O
                         net (fo=1, routed)           0.572     5.174    i2spcm0/lreg[30]_i_1_n_0
    SLICE_X86Y91         FDRE                                         r  i2spcm0/lreg_reg[30]/CE
  -------------------------------------------------------------------    -------------------

                         (clock clk_out1_clk_wiz_0 rise edge)
                                                     61.032    61.032 r  
    BUFGCTRL_X0Y16       BUFG                         0.000    61.032 r  clk_IBUF_BUFG_inst/O
                         net (fo=1697, routed)        1.516    62.548    i2spcm0/inst/inst/clk_in1
    MMCME2_ADV_X0Y1      MMCME2_ADV (Prop_mmcme2_adv_CLKIN1_CLKOUT0)
                                                     -3.234    59.313 r  i2spcm0/inst/inst/mmcm_adv_inst/CLKOUT0
                         net (fo=1, routed)           1.630    60.944    i2spcm0/inst/inst/clk_out1_clk_wiz_0
    BUFGCTRL_X0Y1        BUFG (Prop_bufg_I_O)         0.091    61.035 r  i2spcm0/inst/inst/clkout1_buf/O
                         net (fo=30, routed)          1.608    62.643    i2spcm0/clk_gen_fast
    SLICE_X86Y91         FDRE                                         r  i2spcm0/lreg_reg[30]/C
                         clock pessimism              0.095    62.738    
                         clock uncertainty           -0.194    62.544    
    SLICE_X86Y91         FDRE (Setup_fdre_C_CE)      -0.413    62.131    i2spcm0/lreg_reg[30]
  -------------------------------------------------------------------
                         required time                         62.131    
                         arrival time                          -5.174    
  -------------------------------------------------------------------
                         slack                                 56.956    

Slack (MET) :             57.017ns  (required time - arrival time)
  Source:                 i2spcm0/ds_cnt_reg[1]/C
                            (rising edge-triggered cell FDRE clocked by clk_out1_clk_wiz_0  {rise@0.000ns fall@30.516ns period=61.032ns})
  Destination:            i2spcm0/lreg_reg[29]/CE
                            (rising edge-triggered cell FDRE clocked by clk_out1_clk_wiz_0  {rise@0.000ns fall@30.516ns period=61.032ns})
  Path Group:             clk_out1_clk_wiz_0
  Path Type:              Setup (Max at Slow Process Corner)
  Requirement:            61.032ns  (clk_out1_clk_wiz_0 rise@61.032ns - clk_out1_clk_wiz_0 rise@0.000ns)
  Data Path Delay:        3.366ns  (logic 1.122ns (33.330%)  route 2.244ns (66.670%))
  Logic Levels:           2  (LUT4=1 LUT5=1)
  Clock Path Skew:        -0.025ns (DCD - SCD + CPR)
    Destination Clock Delay (DCD):    1.611ns = ( 62.643 - 61.032 ) 
    Source Clock Delay      (SCD):    1.731ns
    Clock Pessimism Removal (CPR):    0.095ns
  Clock Uncertainty:      0.194ns  ((TSJ^2 + DJ^2)^1/2) / 2 + PE
    Total System Jitter     (TSJ):    0.071ns
    Discrete Jitter          (DJ):    0.382ns
    Phase Error              (PE):    0.000ns

    Location             Delay type                Incr(ns)  Path(ns)    Netlist Resource(s)
  -------------------------------------------------------------------    -------------------
                         (clock clk_out1_clk_wiz_0 rise edge)
                                                      0.000     0.000 r  
    BUFGCTRL_X0Y16       BUFG                         0.000     0.000 r  clk_IBUF_BUFG_inst/O
                         net (fo=1697, routed)        1.636     1.636    i2spcm0/inst/inst/clk_in1
    MMCME2_ADV_X0Y1      MMCME2_ADV (Prop_mmcme2_adv_CLKIN1_CLKOUT0)
                                                     -3.441    -1.804 r  i2spcm0/inst/inst/mmcm_adv_inst/CLKOUT0
                         net (fo=1, routed)           1.710    -0.094    i2spcm0/inst/inst/clk_out1_clk_wiz_0
    BUFGCTRL_X0Y1        BUFG (Prop_bufg_I_O)         0.096     0.002 r  i2spcm0/inst/inst/clkout1_buf/O
                         net (fo=30, routed)          1.729     1.731    i2spcm0/clk_gen_fast
    SLICE_X89Y91         FDRE                                         r  i2spcm0/ds_cnt_reg[1]/C
  -------------------------------------------------------------------    -------------------
    SLICE_X89Y91         FDRE (Prop_fdre_C_Q)         0.419     2.150 f  i2spcm0/ds_cnt_reg[1]/Q
                         net (fo=7, routed)           0.918     3.069    i2spcm0/ds_cnt[1]
    SLICE_X88Y91         LUT5 (Prop_lut5_I3_O)        0.327     3.396 r  i2spcm0/lreg[31]_i_2/O
                         net (fo=8, routed)           0.841     4.237    i2spcm0/lreg[31]_i_2_n_0
    SLICE_X88Y89         LUT4 (Prop_lut4_I0_O)        0.376     4.613 r  i2spcm0/lreg[29]_i_1/O
                         net (fo=1, routed)           0.485     5.098    i2spcm0/lreg[29]_i_1_n_0
    SLICE_X87Y91         FDRE                                         r  i2spcm0/lreg_reg[29]/CE
  -------------------------------------------------------------------    -------------------

                         (clock clk_out1_clk_wiz_0 rise edge)
                                                     61.032    61.032 r  
    BUFGCTRL_X0Y16       BUFG                         0.000    61.032 r  clk_IBUF_BUFG_inst/O
                         net (fo=1697, routed)        1.516    62.548    i2spcm0/inst/inst/clk_in1
    MMCME2_ADV_X0Y1      MMCME2_ADV (Prop_mmcme2_adv_CLKIN1_CLKOUT0)
                                                     -3.234    59.313 r  i2spcm0/inst/inst/mmcm_adv_inst/CLKOUT0
                         net (fo=1, routed)           1.630    60.944    i2spcm0/inst/inst/clk_out1_clk_wiz_0
    BUFGCTRL_X0Y1        BUFG (Prop_bufg_I_O)         0.091    61.035 r  i2spcm0/inst/inst/clkout1_buf/O
                         net (fo=30, routed)          1.608    62.643    i2spcm0/clk_gen_fast
    SLICE_X87Y91         FDRE                                         r  i2spcm0/lreg_reg[29]/C
                         clock pessimism              0.095    62.738    
                         clock uncertainty           -0.194    62.544    
    SLICE_X87Y91         FDRE (Setup_fdre_C_CE)      -0.429    62.115    i2spcm0/lreg_reg[29]
  -------------------------------------------------------------------
                         required time                         62.115    
                         arrival time                          -5.098    
  -------------------------------------------------------------------
                         slack                                 57.017    

Slack (MET) :             57.038ns  (required time - arrival time)
  Source:                 i2spcm0/ds_cnt_reg[1]/C
                            (rising edge-triggered cell FDRE clocked by clk_out1_clk_wiz_0  {rise@0.000ns fall@30.516ns period=61.032ns})
  Destination:            i2spcm0/lreg_reg[23]/CE
                            (rising edge-triggered cell FDRE clocked by clk_out1_clk_wiz_0  {rise@0.000ns fall@30.516ns period=61.032ns})
  Path Group:             clk_out1_clk_wiz_0
  Path Type:              Setup (Max at Slow Process Corner)
  Requirement:            61.032ns  (clk_out1_clk_wiz_0 rise@61.032ns - clk_out1_clk_wiz_0 rise@0.000ns)
  Data Path Delay:        3.365ns  (logic 0.870ns (25.851%)  route 2.495ns (74.149%))
  Logic Levels:           2  (LUT4=1 LUT5=1)
  Clock Path Skew:        -0.027ns (DCD - SCD + CPR)
    Destination Clock Delay (DCD):    1.609ns = ( 62.641 - 61.032 ) 
    Source Clock Delay      (SCD):    1.731ns
    Clock Pessimism Removal (CPR):    0.095ns
  Clock Uncertainty:      0.194ns  ((TSJ^2 + DJ^2)^1/2) / 2 + PE
    Total System Jitter     (TSJ):    0.071ns
    Discrete Jitter          (DJ):    0.382ns
    Phase Error              (PE):    0.000ns

    Location             Delay type                Incr(ns)  Path(ns)    Netlist Resource(s)
  -------------------------------------------------------------------    -------------------
                         (clock clk_out1_clk_wiz_0 rise edge)
                                                      0.000     0.000 r  
    BUFGCTRL_X0Y16       BUFG                         0.000     0.000 r  clk_IBUF_BUFG_inst/O
                         net (fo=1697, routed)        1.636     1.636    i2spcm0/inst/inst/clk_in1
    MMCME2_ADV_X0Y1      MMCME2_ADV (Prop_mmcme2_adv_CLKIN1_CLKOUT0)
                                                     -3.441    -1.804 r  i2spcm0/inst/inst/mmcm_adv_inst/CLKOUT0
                         net (fo=1, routed)           1.710    -0.094    i2spcm0/inst/inst/clk_out1_clk_wiz_0
    BUFGCTRL_X0Y1        BUFG (Prop_bufg_I_O)         0.096     0.002 r  i2spcm0/inst/inst/clkout1_buf/O
                         net (fo=30, routed)          1.729     1.731    i2spcm0/clk_gen_fast
    SLICE_X89Y91         FDRE                                         r  i2spcm0/ds_cnt_reg[1]/C
  -------------------------------------------------------------------    -------------------
    SLICE_X89Y91         FDRE (Prop_fdre_C_Q)         0.419     2.150 f  i2spcm0/ds_cnt_reg[1]/Q
                         net (fo=7, routed)           0.918     3.069    i2spcm0/ds_cnt[1]
    SLICE_X88Y91         LUT5 (Prop_lut5_I0_O)        0.299     3.368 f  i2spcm0/lreg[23]_i_2/O
                         net (fo=8, routed)           0.961     4.329    i2spcm0/lreg[23]_i_2_n_0
    SLICE_X89Y88         LUT4 (Prop_lut4_I3_O)        0.152     4.481 r  i2spcm0/lreg[23]_i_1/O
                         net (fo=1, routed)           0.616     5.097    i2spcm0/lreg[23]_i_1_n_0
    SLICE_X89Y88         FDRE                                         r  i2spcm0/lreg_reg[23]/CE
  -------------------------------------------------------------------    -------------------

                         (clock clk_out1_clk_wiz_0 rise edge)
                                                     61.032    61.032 r  
    BUFGCTRL_X0Y16       BUFG                         0.000    61.032 r  clk_IBUF_BUFG_inst/O
                         net (fo=1697, routed)        1.516    62.548    i2spcm0/inst/inst/clk_in1
    MMCME2_ADV_X0Y1      MMCME2_ADV (Prop_mmcme2_adv_CLKIN1_CLKOUT0)
                                                     -3.234    59.313 r  i2spcm0/inst/inst/mmcm_adv_inst/CLKOUT0
                         net (fo=1, routed)           1.630    60.944    i2spcm0/inst/inst/clk_out1_clk_wiz_0
    BUFGCTRL_X0Y1        BUFG (Prop_bufg_I_O)         0.091    61.035 r  i2spcm0/inst/inst/clkout1_buf/O
                         net (fo=30, routed)          1.606    62.641    i2spcm0/clk_gen_fast
    SLICE_X89Y88         FDRE                                         r  i2spcm0/lreg_reg[23]/C
                         clock pessimism              0.095    62.736    
                         clock uncertainty           -0.194    62.542    
    SLICE_X89Y88         FDRE (Setup_fdre_C_CE)      -0.407    62.135    i2spcm0/lreg_reg[23]
  -------------------------------------------------------------------
                         required time                         62.135    
                         arrival time                          -5.097    
  -------------------------------------------------------------------
                         slack                                 57.038    

Slack (MET) :             57.043ns  (required time - arrival time)
  Source:                 i2spcm0/ds_cnt_reg[1]/C
                            (rising edge-triggered cell FDRE clocked by clk_out1_clk_wiz_0  {rise@0.000ns fall@30.516ns period=61.032ns})
  Destination:            i2spcm0/lreg_reg[28]/CE
                            (rising edge-triggered cell FDRE clocked by clk_out1_clk_wiz_0  {rise@0.000ns fall@30.516ns period=61.032ns})
  Path Group:             clk_out1_clk_wiz_0
  Path Type:              Setup (Max at Slow Process Corner)
  Requirement:            61.032ns  (clk_out1_clk_wiz_0 rise@61.032ns - clk_out1_clk_wiz_0 rise@0.000ns)
  Data Path Delay:        3.344ns  (logic 1.122ns (33.554%)  route 2.222ns (66.446%))
  Logic Levels:           2  (LUT4=1 LUT5=1)
  Clock Path Skew:        -0.043ns (DCD - SCD + CPR)
    Destination Clock Delay (DCD):    1.609ns = ( 62.641 - 61.032 ) 
    Source Clock Delay      (SCD):    1.731ns
    Clock Pessimism Removal (CPR):    0.079ns
  Clock Uncertainty:      0.194ns  ((TSJ^2 + DJ^2)^1/2) / 2 + PE
    Total System Jitter     (TSJ):    0.071ns
    Discrete Jitter          (DJ):    0.382ns
    Phase Error              (PE):    0.000ns

    Location             Delay type                Incr(ns)  Path(ns)    Netlist Resource(s)
  -------------------------------------------------------------------    -------------------
                         (clock clk_out1_clk_wiz_0 rise edge)
                                                      0.000     0.000 r  
    BUFGCTRL_X0Y16       BUFG                         0.000     0.000 r  clk_IBUF_BUFG_inst/O
                         net (fo=1697, routed)        1.636     1.636    i2spcm0/inst/inst/clk_in1
    MMCME2_ADV_X0Y1      MMCME2_ADV (Prop_mmcme2_adv_CLKIN1_CLKOUT0)
                                                     -3.441    -1.804 r  i2spcm0/inst/inst/mmcm_adv_inst/CLKOUT0
                         net (fo=1, routed)           1.710    -0.094    i2spcm0/inst/inst/clk_out1_clk_wiz_0
    BUFGCTRL_X0Y1        BUFG (Prop_bufg_I_O)         0.096     0.002 r  i2spcm0/inst/inst/clkout1_buf/O
                         net (fo=30, routed)          1.729     1.731    i2spcm0/clk_gen_fast
    SLICE_X89Y91         FDRE                                         r  i2spcm0/ds_cnt_reg[1]/C
  -------------------------------------------------------------------    -------------------
    SLICE_X89Y91         FDRE (Prop_fdre_C_Q)         0.419     2.150 f  i2spcm0/ds_cnt_reg[1]/Q
                         net (fo=7, routed)           0.918     3.069    i2spcm0/ds_cnt[1]
    SLICE_X88Y91         LUT5 (Prop_lut5_I3_O)        0.327     3.396 r  i2spcm0/lreg[31]_i_2/O
                         net (fo=8, routed)           0.828     4.224    i2spcm0/lreg[31]_i_2_n_0
    SLICE_X87Y91         LUT4 (Prop_lut4_I3_O)        0.376     4.600 r  i2spcm0/lreg[28]_i_1/O
                         net (fo=1, routed)           0.475     5.075    i2spcm0/lreg[28]_i_1_n_0
    SLICE_X82Y91         FDRE                                         r  i2spcm0/lreg_reg[28]/CE
  -------------------------------------------------------------------    -------------------

                         (clock clk_out1_clk_wiz_0 rise edge)
                                                     61.032    61.032 r  
    BUFGCTRL_X0Y16       BUFG                         0.000    61.032 r  clk_IBUF_BUFG_inst/O
                         net (fo=1697, routed)        1.516    62.548    i2spcm0/inst/inst/clk_in1
    MMCME2_ADV_X0Y1      MMCME2_ADV (Prop_mmcme2_adv_CLKIN1_CLKOUT0)
                                                     -3.234    59.313 r  i2spcm0/inst/inst/mmcm_adv_inst/CLKOUT0
                         net (fo=1, routed)           1.630    60.944    i2spcm0/inst/inst/clk_out1_clk_wiz_0
    BUFGCTRL_X0Y1        BUFG (Prop_bufg_I_O)         0.091    61.035 r  i2spcm0/inst/inst/clkout1_buf/O
                         net (fo=30, routed)          1.606    62.641    i2spcm0/clk_gen_fast
    SLICE_X82Y91         FDRE                                         r  i2spcm0/lreg_reg[28]/C
                         clock pessimism              0.079    62.720    
                         clock uncertainty           -0.194    62.526    
    SLICE_X82Y91         FDRE (Setup_fdre_C_CE)      -0.407    62.119    i2spcm0/lreg_reg[28]
  -------------------------------------------------------------------
                         required time                         62.119    
                         arrival time                          -5.075    
  -------------------------------------------------------------------
                         slack                                 57.043    

Slack (MET) :             57.046ns  (required time - arrival time)
  Source:                 i2spcm0/ws_cnt_reg[0]/C
                            (rising edge-triggered cell FDCE clocked by clk_out1_clk_wiz_0  {rise@0.000ns fall@30.516ns period=61.032ns})
  Destination:            i2spcm0/lreg_reg[15]/CE
                            (rising edge-triggered cell FDRE clocked by clk_out1_clk_wiz_0  {rise@0.000ns fall@30.516ns period=61.032ns})
  Path Group:             clk_out1_clk_wiz_0
  Path Type:              Setup (Max at Slow Process Corner)
  Requirement:            61.032ns  (clk_out1_clk_wiz_0 rise@61.032ns - clk_out1_clk_wiz_0 rise@0.000ns)
  Data Path Delay:        3.539ns  (logic 0.930ns (26.280%)  route 2.609ns (73.720%))
  Logic Levels:           2  (LUT3=1 LUT6=1)
  Clock Path Skew:        -0.047ns (DCD - SCD + CPR)
    Destination Clock Delay (DCD):    1.604ns = ( 62.636 - 61.032 ) 
    Source Clock Delay      (SCD):    1.730ns
    Clock Pessimism Removal (CPR):    0.079ns
  Clock Uncertainty:      0.194ns  ((TSJ^2 + DJ^2)^1/2) / 2 + PE
    Total System Jitter     (TSJ):    0.071ns
    Discrete Jitter          (DJ):    0.382ns
    Phase Error              (PE):    0.000ns

    Location             Delay type                Incr(ns)  Path(ns)    Netlist Resource(s)
  -------------------------------------------------------------------    -------------------
                         (clock clk_out1_clk_wiz_0 rise edge)
                                                      0.000     0.000 r  
    BUFGCTRL_X0Y16       BUFG                         0.000     0.000 r  clk_IBUF_BUFG_inst/O
                         net (fo=1697, routed)        1.636     1.636    i2spcm0/inst/inst/clk_in1
    MMCME2_ADV_X0Y1      MMCME2_ADV (Prop_mmcme2_adv_CLKIN1_CLKOUT0)
                                                     -3.441    -1.804 r  i2spcm0/inst/inst/mmcm_adv_inst/CLKOUT0
                         net (fo=1, routed)           1.710    -0.094    i2spcm0/inst/inst/clk_out1_clk_wiz_0
    BUFGCTRL_X0Y1        BUFG (Prop_bufg_I_O)         0.096     0.002 r  i2spcm0/inst/inst/clkout1_buf/O
                         net (fo=30, routed)          1.728     1.730    i2spcm0/clk_gen_fast
    SLICE_X89Y89         FDCE                                         r  i2spcm0/ws_cnt_reg[0]/C
  -------------------------------------------------------------------    -------------------
    SLICE_X89Y89         FDCE (Prop_fdce_C_Q)         0.456     2.186 f  i2spcm0/ws_cnt_reg[0]/Q
                         net (fo=25, routed)          1.322     3.508    i2spcm0/ws_cnt_reg_n_0_[0]
    SLICE_X88Y91         LUT3 (Prop_lut3_I2_O)        0.146     3.654 r  i2spcm0/lreg[15]_i_2/O
                         net (fo=1, routed)           0.469     4.123    i2spcm0/lreg[15]_i_2_n_0
    SLICE_X88Y91         LUT6 (Prop_lut6_I0_O)        0.328     4.451 r  i2spcm0/lreg[15]_i_1/O
                         net (fo=1, routed)           0.818     5.269    i2spcm0/lreg[15]_i_1_n_0
    SLICE_X85Y84         FDRE                                         r  i2spcm0/lreg_reg[15]/CE
  -------------------------------------------------------------------    -------------------

                         (clock clk_out1_clk_wiz_0 rise edge)
                                                     61.032    61.032 r  
    BUFGCTRL_X0Y16       BUFG                         0.000    61.032 r  clk_IBUF_BUFG_inst/O
                         net (fo=1697, routed)        1.516    62.548    i2spcm0/inst/inst/clk_in1
    MMCME2_ADV_X0Y1      MMCME2_ADV (Prop_mmcme2_adv_CLKIN1_CLKOUT0)
                                                     -3.234    59.313 r  i2spcm0/inst/inst/mmcm_adv_inst/CLKOUT0
                         net (fo=1, routed)           1.630    60.944    i2spcm0/inst/inst/clk_out1_clk_wiz_0
    BUFGCTRL_X0Y1        BUFG (Prop_bufg_I_O)         0.091    61.035 r  i2spcm0/inst/inst/clkout1_buf/O
                         net (fo=30, routed)          1.601    62.636    i2spcm0/clk_gen_fast
    SLICE_X85Y84         FDRE                                         r  i2spcm0/lreg_reg[15]/C
                         clock pessimism              0.079    62.715    
                         clock uncertainty           -0.194    62.521    
    SLICE_X85Y84         FDRE (Setup_fdre_C_CE)      -0.205    62.316    i2spcm0/lreg_reg[15]
  -------------------------------------------------------------------
                         required time                         62.316    
                         arrival time                          -5.269    
  -------------------------------------------------------------------
                         slack                                 57.046    

Slack (MET) :             57.102ns  (required time - arrival time)
  Source:                 i2spcm0/ds_cnt_reg[1]/C
                            (rising edge-triggered cell FDRE clocked by clk_out1_clk_wiz_0  {rise@0.000ns fall@30.516ns period=61.032ns})
  Destination:            i2spcm0/lreg_reg[17]/CE
                            (rising edge-triggered cell FDRE clocked by clk_out1_clk_wiz_0  {rise@0.000ns fall@30.516ns period=61.032ns})
  Path Group:             clk_out1_clk_wiz_0
  Path Type:              Setup (Max at Slow Process Corner)
  Requirement:            61.032ns  (clk_out1_clk_wiz_0 rise@61.032ns - clk_out1_clk_wiz_0 rise@0.000ns)
  Data Path Delay:        3.500ns  (logic 0.842ns (24.056%)  route 2.658ns (75.944%))
  Logic Levels:           2  (LUT4=1 LUT5=1)
  Clock Path Skew:        -0.030ns (DCD - SCD + CPR)
    Destination Clock Delay (DCD):    1.606ns = ( 62.638 - 61.032 ) 
    Source Clock Delay      (SCD):    1.731ns
    Clock Pessimism Removal (CPR):    0.095ns
  Clock Uncertainty:      0.194ns  ((TSJ^2 + DJ^2)^1/2) / 2 + PE
    Total System Jitter     (TSJ):    0.071ns
    Discrete Jitter          (DJ):    0.382ns
    Phase Error              (PE):    0.000ns

    Location             Delay type                Incr(ns)  Path(ns)    Netlist Resource(s)
  -------------------------------------------------------------------    -------------------
                         (clock clk_out1_clk_wiz_0 rise edge)
                                                      0.000     0.000 r  
    BUFGCTRL_X0Y16       BUFG                         0.000     0.000 r  clk_IBUF_BUFG_inst/O
                         net (fo=1697, routed)        1.636     1.636    i2spcm0/inst/inst/clk_in1
    MMCME2_ADV_X0Y1      MMCME2_ADV (Prop_mmcme2_adv_CLKIN1_CLKOUT0)
                                                     -3.441    -1.804 r  i2spcm0/inst/inst/mmcm_adv_inst/CLKOUT0
                         net (fo=1, routed)           1.710    -0.094    i2spcm0/inst/inst/clk_out1_clk_wiz_0
    BUFGCTRL_X0Y1        BUFG (Prop_bufg_I_O)         0.096     0.002 r  i2spcm0/inst/inst/clkout1_buf/O
                         net (fo=30, routed)          1.729     1.731    i2spcm0/clk_gen_fast
    SLICE_X89Y91         FDRE                                         r  i2spcm0/ds_cnt_reg[1]/C
  -------------------------------------------------------------------    -------------------
    SLICE_X89Y91         FDRE (Prop_fdre_C_Q)         0.419     2.150 f  i2spcm0/ds_cnt_reg[1]/Q
                         net (fo=7, routed)           0.918     3.069    i2spcm0/ds_cnt[1]
    SLICE_X88Y91         LUT5 (Prop_lut5_I0_O)        0.299     3.368 f  i2spcm0/lreg[23]_i_2/O
                         net (fo=8, routed)           1.105     4.472    i2spcm0/lreg[23]_i_2_n_0
    SLICE_X89Y86         LUT4 (Prop_lut4_I3_O)        0.124     4.596 r  i2spcm0/lreg[17]_i_1/O
                         net (fo=1, routed)           0.635     5.232    i2spcm0/lreg[17]_i_1_n_0
    SLICE_X86Y84         FDRE                                         r  i2spcm0/lreg_reg[17]/CE
  -------------------------------------------------------------------    -------------------

                         (clock clk_out1_clk_wiz_0 rise edge)
                                                     61.032    61.032 r  
    BUFGCTRL_X0Y16       BUFG                         0.000    61.032 r  clk_IBUF_BUFG_inst/O
                         net (fo=1697, routed)        1.516    62.548    i2spcm0/inst/inst/clk_in1
    MMCME2_ADV_X0Y1      MMCME2_ADV (Prop_mmcme2_adv_CLKIN1_CLKOUT0)
                                                     -3.234    59.313 r  i2spcm0/inst/inst/mmcm_adv_inst/CLKOUT0
                         net (fo=1, routed)           1.630    60.944    i2spcm0/inst/inst/clk_out1_clk_wiz_0
    BUFGCTRL_X0Y1        BUFG (Prop_bufg_I_O)         0.091    61.035 r  i2spcm0/inst/inst/clkout1_buf/O
                         net (fo=30, routed)          1.603    62.638    i2spcm0/clk_gen_fast
    SLICE_X86Y84         FDRE                                         r  i2spcm0/lreg_reg[17]/C
                         clock pessimism              0.095    62.733    
                         clock uncertainty           -0.194    62.539    
    SLICE_X86Y84         FDRE (Setup_fdre_C_CE)      -0.205    62.334    i2spcm0/lreg_reg[17]
  -------------------------------------------------------------------
                         required time                         62.334    
                         arrival time                          -5.232    
  -------------------------------------------------------------------
                         slack                                 57.102    

Slack (MET) :             57.259ns  (required time - arrival time)
  Source:                 i2spcm0/ds_cnt_reg[1]/C
                            (rising edge-triggered cell FDRE clocked by clk_out1_clk_wiz_0  {rise@0.000ns fall@30.516ns period=61.032ns})
  Destination:            i2spcm0/lreg_reg[16]/CE
                            (rising edge-triggered cell FDRE clocked by clk_out1_clk_wiz_0  {rise@0.000ns fall@30.516ns period=61.032ns})
  Path Group:             clk_out1_clk_wiz_0
  Path Type:              Setup (Max at Slow Process Corner)
  Requirement:            61.032ns  (clk_out1_clk_wiz_0 rise@61.032ns - clk_out1_clk_wiz_0 rise@0.000ns)
  Data Path Delay:        3.344ns  (logic 0.842ns (25.179%)  route 2.502ns (74.821%))
  Logic Levels:           2  (LUT4=1 LUT5=1)
  Clock Path Skew:        -0.029ns (DCD - SCD + CPR)
    Destination Clock Delay (DCD):    1.607ns = ( 62.639 - 61.032 ) 
    Source Clock Delay      (SCD):    1.731ns
    Clock Pessimism Removal (CPR):    0.095ns
  Clock Uncertainty:      0.194ns  ((TSJ^2 + DJ^2)^1/2) / 2 + PE
    Total System Jitter     (TSJ):    0.071ns
    Discrete Jitter          (DJ):    0.382ns
    Phase Error              (PE):    0.000ns

    Location             Delay type                Incr(ns)  Path(ns)    Netlist Resource(s)
  -------------------------------------------------------------------    -------------------
                         (clock clk_out1_clk_wiz_0 rise edge)
                                                      0.000     0.000 r  
    BUFGCTRL_X0Y16       BUFG                         0.000     0.000 r  clk_IBUF_BUFG_inst/O
                         net (fo=1697, routed)        1.636     1.636    i2spcm0/inst/inst/clk_in1
    MMCME2_ADV_X0Y1      MMCME2_ADV (Prop_mmcme2_adv_CLKIN1_CLKOUT0)
                                                     -3.441    -1.804 r  i2spcm0/inst/inst/mmcm_adv_inst/CLKOUT0
                         net (fo=1, routed)           1.710    -0.094    i2spcm0/inst/inst/clk_out1_clk_wiz_0
    BUFGCTRL_X0Y1        BUFG (Prop_bufg_I_O)         0.096     0.002 r  i2spcm0/inst/inst/clkout1_buf/O
                         net (fo=30, routed)          1.729     1.731    i2spcm0/clk_gen_fast
    SLICE_X89Y91         FDRE                                         r  i2spcm0/ds_cnt_reg[1]/C
  -------------------------------------------------------------------    -------------------
    SLICE_X89Y91         FDRE (Prop_fdre_C_Q)         0.419     2.150 f  i2spcm0/ds_cnt_reg[1]/Q
                         net (fo=7, routed)           0.918     3.069    i2spcm0/ds_cnt[1]
    SLICE_X88Y91         LUT5 (Prop_lut5_I0_O)        0.299     3.368 f  i2spcm0/lreg[23]_i_2/O
                         net (fo=8, routed)           1.252     4.620    i2spcm0/lreg[23]_i_2_n_0
    SLICE_X87Y86         LUT4 (Prop_lut4_I3_O)        0.124     4.744 r  i2spcm0/lreg[16]_i_1/O
                         net (fo=1, routed)           0.331     5.075    i2spcm0/lreg[16]_i_1_n_0
    SLICE_X86Y85         FDRE                                         r  i2spcm0/lreg_reg[16]/CE
  -------------------------------------------------------------------    -------------------

                         (clock clk_out1_clk_wiz_0 rise edge)
                                                     61.032    61.032 r  
    BUFGCTRL_X0Y16       BUFG                         0.000    61.032 r  clk_IBUF_BUFG_inst/O
                         net (fo=1697, routed)        1.516    62.548    i2spcm0/inst/inst/clk_in1
    MMCME2_ADV_X0Y1      MMCME2_ADV (Prop_mmcme2_adv_CLKIN1_CLKOUT0)
                                                     -3.234    59.313 r  i2spcm0/inst/inst/mmcm_adv_inst/CLKOUT0
                         net (fo=1, routed)           1.630    60.944    i2spcm0/inst/inst/clk_out1_clk_wiz_0
    BUFGCTRL_X0Y1        BUFG (Prop_bufg_I_O)         0.091    61.035 r  i2spcm0/inst/inst/clkout1_buf/O
                         net (fo=30, routed)          1.604    62.639    i2spcm0/clk_gen_fast
    SLICE_X86Y85         FDRE                                         r  i2spcm0/lreg_reg[16]/C
                         clock pessimism              0.095    62.734    
                         clock uncertainty           -0.194    62.540    
    SLICE_X86Y85         FDRE (Setup_fdre_C_CE)      -0.205    62.335    i2spcm0/lreg_reg[16]
  -------------------------------------------------------------------
                         required time                         62.335    
                         arrival time                          -5.075    
  -------------------------------------------------------------------
                         slack                                 57.259    





Min Delay Paths
--------------------------------------------------------------------------------------
Slack (MET) :             0.235ns  (arrival time - required time)
  Source:                 i2spcm0/ws_cnt_reg[5]/C
                            (rising edge-triggered cell FDCE clocked by clk_out1_clk_wiz_0  {rise@0.000ns fall@30.516ns period=61.032ns})
  Destination:            i2spcm0/left_valid_reg/D
                            (rising edge-triggered cell FDRE clocked by clk_out1_clk_wiz_0  {rise@0.000ns fall@30.516ns period=61.032ns})
  Path Group:             clk_out1_clk_wiz_0
  Path Type:              Hold (Min at Fast Process Corner)
  Requirement:            0.000ns  (clk_out1_clk_wiz_0 rise@0.000ns - clk_out1_clk_wiz_0 rise@0.000ns)
  Data Path Delay:        0.344ns  (logic 0.186ns (54.046%)  route 0.158ns (45.954%))
  Logic Levels:           1  (LUT6=1)
  Clock Path Skew:        0.017ns (DCD - SCD - CPR)
    Destination Clock Delay (DCD):    0.878ns
    Source Clock Delay      (SCD):    0.605ns
    Clock Pessimism Removal (CPR):    0.256ns

    Location             Delay type                Incr(ns)  Path(ns)    Netlist Resource(s)
  -------------------------------------------------------------------    -------------------
                         (clock clk_out1_clk_wiz_0 rise edge)
                                                      0.000     0.000 r  
    BUFGCTRL_X0Y16       BUFG                         0.000     0.000 r  clk_IBUF_BUFG_inst/O
                         net (fo=1697, routed)        0.558     0.558    i2spcm0/inst/inst/clk_in1
    MMCME2_ADV_X0Y1      MMCME2_ADV (Prop_mmcme2_adv_CLKIN1_CLKOUT0)
                                                     -1.077    -0.519 r  i2spcm0/inst/inst/mmcm_adv_inst/CLKOUT0
                         net (fo=1, routed)           0.495    -0.024    i2spcm0/inst/inst/clk_out1_clk_wiz_0
    BUFGCTRL_X0Y1        BUFG (Prop_bufg_I_O)         0.026     0.002 r  i2spcm0/inst/inst/clkout1_buf/O
                         net (fo=30, routed)          0.603     0.605    i2spcm0/clk_gen_fast
    SLICE_X89Y89         FDCE                                         r  i2spcm0/ws_cnt_reg[5]/C
  -------------------------------------------------------------------    -------------------
    SLICE_X89Y89         FDCE (Prop_fdce_C_Q)         0.141     0.746 f  i2spcm0/ws_cnt_reg[5]/Q
                         net (fo=7, routed)           0.158     0.904    i2spcm0/Q[0]
    SLICE_X89Y90         LUT6 (Prop_lut6_I4_O)        0.045     0.949 r  i2spcm0/left_valid_i_1/O
                         net (fo=1, routed)           0.000     0.949    i2spcm0/left_valid0
    SLICE_X89Y90         FDRE                                         r  i2spcm0/left_valid_reg/D
  -------------------------------------------------------------------    -------------------

                         (clock clk_out1_clk_wiz_0 rise edge)
                                                      0.000     0.000 r  
    BUFGCTRL_X0Y16       BUFG                         0.000     0.000 r  clk_IBUF_BUFG_inst/O
                         net (fo=1697, routed)        0.828     0.828    i2spcm0/inst/inst/clk_in1
    MMCME2_ADV_X0Y1      MMCME2_ADV (Prop_mmcme2_adv_CLKIN1_CLKOUT0)
                                                     -1.394    -0.567 r  i2spcm0/inst/inst/mmcm_adv_inst/CLKOUT0
                         net (fo=1, routed)           0.540    -0.027    i2spcm0/inst/inst/clk_out1_clk_wiz_0
    BUFGCTRL_X0Y1        BUFG (Prop_bufg_I_O)         0.029     0.002 r  i2spcm0/inst/inst/clkout1_buf/O
                         net (fo=30, routed)          0.876     0.878    i2spcm0/clk_gen_fast
    SLICE_X89Y90         FDRE                                         r  i2spcm0/left_valid_reg/C
                         clock pessimism             -0.256     0.622    
    SLICE_X89Y90         FDRE (Hold_fdre_C_D)         0.092     0.714    i2spcm0/left_valid_reg
  -------------------------------------------------------------------
                         required time                         -0.714    
                         arrival time                           0.949    
  -------------------------------------------------------------------
                         slack                                  0.235    

Slack (MET) :             0.250ns  (arrival time - required time)
  Source:                 i2spcm0/ws_cnt_reg[4]/C
                            (rising edge-triggered cell FDCE clocked by clk_out1_clk_wiz_0  {rise@0.000ns fall@30.516ns period=61.032ns})
  Destination:            i2spcm0/ws_cnt_reg[5]/D
                            (rising edge-triggered cell FDCE clocked by clk_out1_clk_wiz_0  {rise@0.000ns fall@30.516ns period=61.032ns})
  Path Group:             clk_out1_clk_wiz_0
  Path Type:              Hold (Min at Fast Process Corner)
  Requirement:            0.000ns  (clk_out1_clk_wiz_0 rise@0.000ns - clk_out1_clk_wiz_0 rise@0.000ns)
  Data Path Delay:        0.342ns  (logic 0.226ns (66.090%)  route 0.116ns (33.910%))
  Logic Levels:           1  (LUT6=1)
  Clock Path Skew:        0.000ns (DCD - SCD - CPR)
    Destination Clock Delay (DCD):    0.877ns
    Source Clock Delay      (SCD):    0.605ns
    Clock Pessimism Removal (CPR):    0.272ns

    Location             Delay type                Incr(ns)  Path(ns)    Netlist Resource(s)
  -------------------------------------------------------------------    -------------------
                         (clock clk_out1_clk_wiz_0 rise edge)
                                                      0.000     0.000 r  
    BUFGCTRL_X0Y16       BUFG                         0.000     0.000 r  clk_IBUF_BUFG_inst/O
                         net (fo=1697, routed)        0.558     0.558    i2spcm0/inst/inst/clk_in1
    MMCME2_ADV_X0Y1      MMCME2_ADV (Prop_mmcme2_adv_CLKIN1_CLKOUT0)
                                                     -1.077    -0.519 r  i2spcm0/inst/inst/mmcm_adv_inst/CLKOUT0
                         net (fo=1, routed)           0.495    -0.024    i2spcm0/inst/inst/clk_out1_clk_wiz_0
    BUFGCTRL_X0Y1        BUFG (Prop_bufg_I_O)         0.026     0.002 r  i2spcm0/inst/inst/clkout1_buf/O
                         net (fo=30, routed)          0.603     0.605    i2spcm0/clk_gen_fast
    SLICE_X89Y89         FDCE                                         r  i2spcm0/ws_cnt_reg[4]/C
  -------------------------------------------------------------------    -------------------
    SLICE_X89Y89         FDCE (Prop_fdce_C_Q)         0.128     0.733 r  i2spcm0/ws_cnt_reg[4]/Q
                         net (fo=7, routed)           0.116     0.849    i2spcm0/ws_cnt_reg_n_0_[4]
    SLICE_X89Y89         LUT6 (Prop_lut6_I5_O)        0.098     0.947 r  i2spcm0/ws_cnt[5]_i_2/O
                         net (fo=1, routed)           0.000     0.947    i2spcm0/ws_cnt[5]
    SLICE_X89Y89         FDCE                                         r  i2spcm0/ws_cnt_reg[5]/D
  -------------------------------------------------------------------    -------------------

                         (clock clk_out1_clk_wiz_0 rise edge)
                                                      0.000     0.000 r  
    BUFGCTRL_X0Y16       BUFG                         0.000     0.000 r  clk_IBUF_BUFG_inst/O
                         net (fo=1697, routed)        0.828     0.828    i2spcm0/inst/inst/clk_in1
    MMCME2_ADV_X0Y1      MMCME2_ADV (Prop_mmcme2_adv_CLKIN1_CLKOUT0)
                                                     -1.394    -0.567 r  i2spcm0/inst/inst/mmcm_adv_inst/CLKOUT0
                         net (fo=1, routed)           0.540    -0.027    i2spcm0/inst/inst/clk_out1_clk_wiz_0
    BUFGCTRL_X0Y1        BUFG (Prop_bufg_I_O)         0.029     0.002 r  i2spcm0/inst/inst/clkout1_buf/O
                         net (fo=30, routed)          0.875     0.877    i2spcm0/clk_gen_fast
    SLICE_X89Y89         FDCE                                         r  i2spcm0/ws_cnt_reg[5]/C
                         clock pessimism             -0.272     0.605    
    SLICE_X89Y89         FDCE (Hold_fdce_C_D)         0.092     0.697    i2spcm0/ws_cnt_reg[5]
  -------------------------------------------------------------------
                         required time                         -0.697    
                         arrival time                           0.947    
  -------------------------------------------------------------------
                         slack                                  0.250    

Slack (MET) :             0.253ns  (arrival time - required time)
  Source:                 i2spcm0/ds_cnt_reg[0]/C
                            (rising edge-triggered cell FDRE clocked by clk_out1_clk_wiz_0  {rise@0.000ns fall@30.516ns period=61.032ns})
  Destination:            i2spcm0/ds_cnt_reg[1]/D
                            (rising edge-triggered cell FDRE clocked by clk_out1_clk_wiz_0  {rise@0.000ns fall@30.516ns period=61.032ns})
  Path Group:             clk_out1_clk_wiz_0
  Path Type:              Hold (Min at Fast Process Corner)
  Requirement:            0.000ns  (clk_out1_clk_wiz_0 rise@0.000ns - clk_out1_clk_wiz_0 rise@0.000ns)
  Data Path Delay:        0.376ns  (logic 0.189ns (50.228%)  route 0.187ns (49.772%))
  Logic Levels:           1  (LUT3=1)
  Clock Path Skew:        0.016ns (DCD - SCD - CPR)
    Destination Clock Delay (DCD):    0.878ns
    Source Clock Delay      (SCD):    0.606ns
    Clock Pessimism Removal (CPR):    0.256ns

    Location             Delay type                Incr(ns)  Path(ns)    Netlist Resource(s)
  -------------------------------------------------------------------    -------------------
                         (clock clk_out1_clk_wiz_0 rise edge)
                                                      0.000     0.000 r  
    BUFGCTRL_X0Y16       BUFG                         0.000     0.000 r  clk_IBUF_BUFG_inst/O
                         net (fo=1697, routed)        0.558     0.558    i2spcm0/inst/inst/clk_in1
    MMCME2_ADV_X0Y1      MMCME2_ADV (Prop_mmcme2_adv_CLKIN1_CLKOUT0)
                                                     -1.077    -0.519 r  i2spcm0/inst/inst/mmcm_adv_inst/CLKOUT0
                         net (fo=1, routed)           0.495    -0.024    i2spcm0/inst/inst/clk_out1_clk_wiz_0
    BUFGCTRL_X0Y1        BUFG (Prop_bufg_I_O)         0.026     0.002 r  i2spcm0/inst/inst/clkout1_buf/O
                         net (fo=30, routed)          0.604     0.606    i2spcm0/clk_gen_fast
    SLICE_X89Y90         FDRE                                         r  i2spcm0/ds_cnt_reg[0]/C
  -------------------------------------------------------------------    -------------------
    SLICE_X89Y90         FDRE (Prop_fdre_C_Q)         0.141     0.747 r  i2spcm0/ds_cnt_reg[0]/Q
                         net (fo=9, routed)           0.187     0.934    i2spcm0/ds_cnt[0]
    SLICE_X89Y91         LUT3 (Prop_lut3_I1_O)        0.048     0.982 r  i2spcm0/ds_cnt[1]_i_1/O
                         net (fo=1, routed)           0.000     0.982    i2spcm0/ds_cnt[1]_i_1_n_0
    SLICE_X89Y91         FDRE                                         r  i2spcm0/ds_cnt_reg[1]/D
  -------------------------------------------------------------------    -------------------

                         (clock clk_out1_clk_wiz_0 rise edge)
                                                      0.000     0.000 r  
    BUFGCTRL_X0Y16       BUFG                         0.000     0.000 r  clk_IBUF_BUFG_inst/O
                         net (fo=1697, routed)        0.828     0.828    i2spcm0/inst/inst/clk_in1
    MMCME2_ADV_X0Y1      MMCME2_ADV (Prop_mmcme2_adv_CLKIN1_CLKOUT0)
                                                     -1.394    -0.567 r  i2spcm0/inst/inst/mmcm_adv_inst/CLKOUT0
                         net (fo=1, routed)           0.540    -0.027    i2spcm0/inst/inst/clk_out1_clk_wiz_0
    BUFGCTRL_X0Y1        BUFG (Prop_bufg_I_O)         0.029     0.002 r  i2spcm0/inst/inst/clkout1_buf/O
                         net (fo=30, routed)          0.876     0.878    i2spcm0/clk_gen_fast
    SLICE_X89Y91         FDRE                                         r  i2spcm0/ds_cnt_reg[1]/C
                         clock pessimism             -0.256     0.622    
    SLICE_X89Y91         FDRE (Hold_fdre_C_D)         0.107     0.729    i2spcm0/ds_cnt_reg[1]
  -------------------------------------------------------------------
                         required time                         -0.729    
                         arrival time                           0.982    
  -------------------------------------------------------------------
                         slack                                  0.253    

Slack (MET) :             0.265ns  (arrival time - required time)
  Source:                 i2spcm0/bclk_reg/C
                            (rising edge-triggered cell FDRE clocked by clk_out1_clk_wiz_0  {rise@0.000ns fall@30.516ns period=61.032ns})
  Destination:            i2spcm0/bclk_reg/D
                            (rising edge-triggered cell FDRE clocked by clk_out1_clk_wiz_0  {rise@0.000ns fall@30.516ns period=61.032ns})
  Path Group:             clk_out1_clk_wiz_0
  Path Type:              Hold (Min at Fast Process Corner)
  Requirement:            0.000ns  (clk_out1_clk_wiz_0 rise@0.000ns - clk_out1_clk_wiz_0 rise@0.000ns)
  Data Path Delay:        0.356ns  (logic 0.186ns (52.178%)  route 0.170ns (47.822%))
  Logic Levels:           1  (LUT3=1)
  Clock Path Skew:        0.000ns (DCD - SCD - CPR)
    Destination Clock Delay (DCD):    0.878ns
    Source Clock Delay      (SCD):    0.606ns
    Clock Pessimism Removal (CPR):    0.272ns

    Location             Delay type                Incr(ns)  Path(ns)    Netlist Resource(s)
  -------------------------------------------------------------------    -------------------
                         (clock clk_out1_clk_wiz_0 rise edge)
                                                      0.000     0.000 r  
    BUFGCTRL_X0Y16       BUFG                         0.000     0.000 r  clk_IBUF_BUFG_inst/O
                         net (fo=1697, routed)        0.558     0.558    i2spcm0/inst/inst/clk_in1
    MMCME2_ADV_X0Y1      MMCME2_ADV (Prop_mmcme2_adv_CLKIN1_CLKOUT0)
                                                     -1.077    -0.519 r  i2spcm0/inst/inst/mmcm_adv_inst/CLKOUT0
                         net (fo=1, routed)           0.495    -0.024    i2spcm0/inst/inst/clk_out1_clk_wiz_0
    BUFGCTRL_X0Y1        BUFG (Prop_bufg_I_O)         0.026     0.002 r  i2spcm0/inst/inst/clkout1_buf/O
                         net (fo=30, routed)          0.604     0.606    i2spcm0/clk_gen_fast
    SLICE_X89Y91         FDRE                                         r  i2spcm0/bclk_reg/C
  -------------------------------------------------------------------    -------------------
    SLICE_X89Y91         FDRE (Prop_fdre_C_Q)         0.141     0.747 r  i2spcm0/bclk_reg/Q
                         net (fo=2, routed)           0.170     0.917    i2spcm0/i2s_clk_OBUF
    SLICE_X89Y91         LUT3 (Prop_lut3_I0_O)        0.045     0.962 r  i2spcm0/bclk_i_1/O
                         net (fo=1, routed)           0.000     0.962    i2spcm0/bclk_i_1_n_0
    SLICE_X89Y91         FDRE                                         r  i2spcm0/bclk_reg/D
  -------------------------------------------------------------------    -------------------

                         (clock clk_out1_clk_wiz_0 rise edge)
                                                      0.000     0.000 r  
    BUFGCTRL_X0Y16       BUFG                         0.000     0.000 r  clk_IBUF_BUFG_inst/O
                         net (fo=1697, routed)        0.828     0.828    i2spcm0/inst/inst/clk_in1
    MMCME2_ADV_X0Y1      MMCME2_ADV (Prop_mmcme2_adv_CLKIN1_CLKOUT0)
                                                     -1.394    -0.567 r  i2spcm0/inst/inst/mmcm_adv_inst/CLKOUT0
                         net (fo=1, routed)           0.540    -0.027    i2spcm0/inst/inst/clk_out1_clk_wiz_0
    BUFGCTRL_X0Y1        BUFG (Prop_bufg_I_O)         0.029     0.002 r  i2spcm0/inst/inst/clkout1_buf/O
                         net (fo=30, routed)          0.876     0.878    i2spcm0/clk_gen_fast
    SLICE_X89Y91         FDRE                                         r  i2spcm0/bclk_reg/C
                         clock pessimism             -0.272     0.606    
    SLICE_X89Y91         FDRE (Hold_fdre_C_D)         0.091     0.697    i2spcm0/bclk_reg
  -------------------------------------------------------------------
                         required time                         -0.697    
                         arrival time                           0.962    
  -------------------------------------------------------------------
                         slack                                  0.265    

Slack (MET) :             0.274ns  (arrival time - required time)
  Source:                 i2spcm0/ds_cnt_reg[0]/C
                            (rising edge-triggered cell FDRE clocked by clk_out1_clk_wiz_0  {rise@0.000ns fall@30.516ns period=61.032ns})
  Destination:            i2spcm0/ds_cnt_reg[0]/D
                            (rising edge-triggered cell FDRE clocked by clk_out1_clk_wiz_0  {rise@0.000ns fall@30.516ns period=61.032ns})
  Path Group:             clk_out1_clk_wiz_0
  Path Type:              Hold (Min at Fast Process Corner)
  Requirement:            0.000ns  (clk_out1_clk_wiz_0 rise@0.000ns - clk_out1_clk_wiz_0 rise@0.000ns)
  Data Path Delay:        0.365ns  (logic 0.186ns (50.940%)  route 0.179ns (49.060%))
  Logic Levels:           1  (LUT2=1)
  Clock Path Skew:        0.000ns (DCD - SCD - CPR)
    Destination Clock Delay (DCD):    0.878ns
    Source Clock Delay      (SCD):    0.606ns
    Clock Pessimism Removal (CPR):    0.272ns

    Location             Delay type                Incr(ns)  Path(ns)    Netlist Resource(s)
  -------------------------------------------------------------------    -------------------
                         (clock clk_out1_clk_wiz_0 rise edge)
                                                      0.000     0.000 r  
    BUFGCTRL_X0Y16       BUFG                         0.000     0.000 r  clk_IBUF_BUFG_inst/O
                         net (fo=1697, routed)        0.558     0.558    i2spcm0/inst/inst/clk_in1
    MMCME2_ADV_X0Y1      MMCME2_ADV (Prop_mmcme2_adv_CLKIN1_CLKOUT0)
                                                     -1.077    -0.519 r  i2spcm0/inst/inst/mmcm_adv_inst/CLKOUT0
                         net (fo=1, routed)           0.495    -0.024    i2spcm0/inst/inst/clk_out1_clk_wiz_0
    BUFGCTRL_X0Y1        BUFG (Prop_bufg_I_O)         0.026     0.002 r  i2spcm0/inst/inst/clkout1_buf/O
                         net (fo=30, routed)          0.604     0.606    i2spcm0/clk_gen_fast
    SLICE_X89Y90         FDRE                                         r  i2spcm0/ds_cnt_reg[0]/C
  -------------------------------------------------------------------    -------------------
    SLICE_X89Y90         FDRE (Prop_fdre_C_Q)         0.141     0.747 f  i2spcm0/ds_cnt_reg[0]/Q
                         net (fo=9, routed)           0.179     0.926    i2spcm0/ds_cnt[0]
    SLICE_X89Y90         LUT2 (Prop_lut2_I1_O)        0.045     0.971 r  i2spcm0/ds_cnt[0]_i_1/O
                         net (fo=1, routed)           0.000     0.971    i2spcm0/ds_cnt[0]_i_1_n_0
    SLICE_X89Y90         FDRE                                         r  i2spcm0/ds_cnt_reg[0]/D
  -------------------------------------------------------------------    -------------------

                         (clock clk_out1_clk_wiz_0 rise edge)
                                                      0.000     0.000 r  
    BUFGCTRL_X0Y16       BUFG                         0.000     0.000 r  clk_IBUF_BUFG_inst/O
                         net (fo=1697, routed)        0.828     0.828    i2spcm0/inst/inst/clk_in1
    MMCME2_ADV_X0Y1      MMCME2_ADV (Prop_mmcme2_adv_CLKIN1_CLKOUT0)
                                                     -1.394    -0.567 r  i2spcm0/inst/inst/mmcm_adv_inst/CLKOUT0
                         net (fo=1, routed)           0.540    -0.027    i2spcm0/inst/inst/clk_out1_clk_wiz_0
    BUFGCTRL_X0Y1        BUFG (Prop_bufg_I_O)         0.029     0.002 r  i2spcm0/inst/inst/clkout1_buf/O
                         net (fo=30, routed)          0.876     0.878    i2spcm0/clk_gen_fast
    SLICE_X89Y90         FDRE                                         r  i2spcm0/ds_cnt_reg[0]/C
                         clock pessimism             -0.272     0.606    
    SLICE_X89Y90         FDRE (Hold_fdre_C_D)         0.091     0.697    i2spcm0/ds_cnt_reg[0]
  -------------------------------------------------------------------
                         required time                         -0.697    
                         arrival time                           0.971    
  -------------------------------------------------------------------
                         slack                                  0.274    

Slack (MET) :             0.275ns  (arrival time - required time)
  Source:                 i2spcm0/left_valid_reg/C
                            (rising edge-triggered cell FDRE clocked by clk_out1_clk_wiz_0  {rise@0.000ns fall@30.516ns period=61.032ns})
  Destination:            i2spcm0/xpm_cdc_pulse_inst/src_level_ff_reg/D
                            (rising edge-triggered cell FDRE clocked by clk_out1_clk_wiz_0  {rise@0.000ns fall@30.516ns period=61.032ns})
  Path Group:             clk_out1_clk_wiz_0
  Path Type:              Hold (Min at Fast Process Corner)
  Requirement:            0.000ns  (clk_out1_clk_wiz_0 rise@0.000ns - clk_out1_clk_wiz_0 rise@0.000ns)
  Data Path Delay:        0.382ns  (logic 0.186ns (48.643%)  route 0.196ns (51.357%))
  Logic Levels:           1  (LUT4=1)
  Clock Path Skew:        0.000ns (DCD - SCD - CPR)
    Destination Clock Delay (DCD):    0.878ns
    Source Clock Delay      (SCD):    0.606ns
    Clock Pessimism Removal (CPR):    0.272ns

    Location             Delay type                Incr(ns)  Path(ns)    Netlist Resource(s)
  -------------------------------------------------------------------    -------------------
                         (clock clk_out1_clk_wiz_0 rise edge)
                                                      0.000     0.000 r  
    BUFGCTRL_X0Y16       BUFG                         0.000     0.000 r  clk_IBUF_BUFG_inst/O
                         net (fo=1697, routed)        0.558     0.558    i2spcm0/inst/inst/clk_in1
    MMCME2_ADV_X0Y1      MMCME2_ADV (Prop_mmcme2_adv_CLKIN1_CLKOUT0)
                                                     -1.077    -0.519 r  i2spcm0/inst/inst/mmcm_adv_inst/CLKOUT0
                         net (fo=1, routed)           0.495    -0.024    i2spcm0/inst/inst/clk_out1_clk_wiz_0
    BUFGCTRL_X0Y1        BUFG (Prop_bufg_I_O)         0.026     0.002 r  i2spcm0/inst/inst/clkout1_buf/O
                         net (fo=30, routed)          0.604     0.606    i2spcm0/clk_gen_fast
    SLICE_X89Y90         FDRE                                         r  i2spcm0/left_valid_reg/C
  -------------------------------------------------------------------    -------------------
    SLICE_X89Y90         FDRE (Prop_fdre_C_Q)         0.141     0.747 r  i2spcm0/left_valid_reg/Q
                         net (fo=2, routed)           0.196     0.943    i2spcm0/xpm_cdc_pulse_inst/src_pulse
    SLICE_X89Y90         LUT4 (Prop_lut4_I1_O)        0.045     0.988 r  i2spcm0/xpm_cdc_pulse_inst/src_level_ff_i_1/O
                         net (fo=1, routed)           0.000     0.988    i2spcm0/xpm_cdc_pulse_inst/src_level_ff_i_1_n_0
    SLICE_X89Y90         FDRE                                         r  i2spcm0/xpm_cdc_pulse_inst/src_level_ff_reg/D
  -------------------------------------------------------------------    -------------------

                         (clock clk_out1_clk_wiz_0 rise edge)
                                                      0.000     0.000 r  
    BUFGCTRL_X0Y16       BUFG                         0.000     0.000 r  clk_IBUF_BUFG_inst/O
                         net (fo=1697, routed)        0.828     0.828    i2spcm0/inst/inst/clk_in1
    MMCME2_ADV_X0Y1      MMCME2_ADV (Prop_mmcme2_adv_CLKIN1_CLKOUT0)
                                                     -1.394    -0.567 r  i2spcm0/inst/inst/mmcm_adv_inst/CLKOUT0
                         net (fo=1, routed)           0.540    -0.027    i2spcm0/inst/inst/clk_out1_clk_wiz_0
    BUFGCTRL_X0Y1        BUFG (Prop_bufg_I_O)         0.029     0.002 r  i2spcm0/inst/inst/clkout1_buf/O
                         net (fo=30, routed)          0.876     0.878    i2spcm0/xpm_cdc_pulse_inst/src_clk
    SLICE_X89Y90         FDRE                                         r  i2spcm0/xpm_cdc_pulse_inst/src_level_ff_reg/C
                         clock pessimism             -0.272     0.606    
    SLICE_X89Y90         FDRE (Hold_fdre_C_D)         0.107     0.713    i2spcm0/xpm_cdc_pulse_inst/src_level_ff_reg
  -------------------------------------------------------------------
                         required time                         -0.713    
                         arrival time                           0.988    
  -------------------------------------------------------------------
                         slack                                  0.275    

Slack (MET) :             0.290ns  (arrival time - required time)
  Source:                 i2spcm0/left_valid_reg/C
                            (rising edge-triggered cell FDRE clocked by clk_out1_clk_wiz_0  {rise@0.000ns fall@30.516ns period=61.032ns})
  Destination:            i2spcm0/xpm_cdc_pulse_inst/src_in_ff_reg/D
                            (rising edge-triggered cell FDRE clocked by clk_out1_clk_wiz_0  {rise@0.000ns fall@30.516ns period=61.032ns})
  Path Group:             clk_out1_clk_wiz_0
  Path Type:              Hold (Min at Fast Process Corner)
  Requirement:            0.000ns  (clk_out1_clk_wiz_0 rise@0.000ns - clk_out1_clk_wiz_0 rise@0.000ns)
  Data Path Delay:        0.382ns  (logic 0.186ns (48.643%)  route 0.196ns (51.357%))
  Logic Levels:           1  (LUT2=1)
  Clock Path Skew:        0.000ns (DCD - SCD - CPR)
    Destination Clock Delay (DCD):    0.878ns
    Source Clock Delay      (SCD):    0.606ns
    Clock Pessimism Removal (CPR):    0.272ns

    Location             Delay type                Incr(ns)  Path(ns)    Netlist Resource(s)
  -------------------------------------------------------------------    -------------------
                         (clock clk_out1_clk_wiz_0 rise edge)
                                                      0.000     0.000 r  
    BUFGCTRL_X0Y16       BUFG                         0.000     0.000 r  clk_IBUF_BUFG_inst/O
                         net (fo=1697, routed)        0.558     0.558    i2spcm0/inst/inst/clk_in1
    MMCME2_ADV_X0Y1      MMCME2_ADV (Prop_mmcme2_adv_CLKIN1_CLKOUT0)
                                                     -1.077    -0.519 r  i2spcm0/inst/inst/mmcm_adv_inst/CLKOUT0
                         net (fo=1, routed)           0.495    -0.024    i2spcm0/inst/inst/clk_out1_clk_wiz_0
    BUFGCTRL_X0Y1        BUFG (Prop_bufg_I_O)         0.026     0.002 r  i2spcm0/inst/inst/clkout1_buf/O
                         net (fo=30, routed)          0.604     0.606    i2spcm0/clk_gen_fast
    SLICE_X89Y90         FDRE                                         r  i2spcm0/left_valid_reg/C
  -------------------------------------------------------------------    -------------------
    SLICE_X89Y90         FDRE (Prop_fdre_C_Q)         0.141     0.747 r  i2spcm0/left_valid_reg/Q
                         net (fo=2, routed)           0.196     0.943    i2spcm0/xpm_cdc_pulse_inst/src_pulse
    SLICE_X89Y90         LUT2 (Prop_lut2_I0_O)        0.045     0.988 r  i2spcm0/xpm_cdc_pulse_inst/src_in_ff_i_1/O
                         net (fo=1, routed)           0.000     0.988    i2spcm0/xpm_cdc_pulse_inst/src_in_ff_i_1_n_0
    SLICE_X89Y90         FDRE                                         r  i2spcm0/xpm_cdc_pulse_inst/src_in_ff_reg/D
  -------------------------------------------------------------------    -------------------

                         (clock clk_out1_clk_wiz_0 rise edge)
                                                      0.000     0.000 r  
    BUFGCTRL_X0Y16       BUFG                         0.000     0.000 r  clk_IBUF_BUFG_inst/O
                         net (fo=1697, routed)        0.828     0.828    i2spcm0/inst/inst/clk_in1
    MMCME2_ADV_X0Y1      MMCME2_ADV (Prop_mmcme2_adv_CLKIN1_CLKOUT0)
                                                     -1.394    -0.567 r  i2spcm0/inst/inst/mmcm_adv_inst/CLKOUT0
                         net (fo=1, routed)           0.540    -0.027    i2spcm0/inst/inst/clk_out1_clk_wiz_0
    BUFGCTRL_X0Y1        BUFG (Prop_bufg_I_O)         0.029     0.002 r  i2spcm0/inst/inst/clkout1_buf/O
                         net (fo=30, routed)          0.876     0.878    i2spcm0/xpm_cdc_pulse_inst/src_clk
    SLICE_X89Y90         FDRE                                         r  i2spcm0/xpm_cdc_pulse_inst/src_in_ff_reg/C
                         clock pessimism             -0.272     0.606    
    SLICE_X89Y90         FDRE (Hold_fdre_C_D)         0.092     0.698    i2spcm0/xpm_cdc_pulse_inst/src_in_ff_reg
  -------------------------------------------------------------------
                         required time                         -0.698    
                         arrival time                           0.988    
  -------------------------------------------------------------------
                         slack                                  0.290    

Slack (MET) :             0.291ns  (arrival time - required time)
  Source:                 i2spcm0/ws_cnt_reg[0]/C
                            (rising edge-triggered cell FDCE clocked by clk_out1_clk_wiz_0  {rise@0.000ns fall@30.516ns period=61.032ns})
  Destination:            i2spcm0/ws_cnt_reg[1]/D
                            (rising edge-triggered cell FDCE clocked by clk_out1_clk_wiz_0  {rise@0.000ns fall@30.516ns period=61.032ns})
  Path Group:             clk_out1_clk_wiz_0
  Path Type:              Hold (Min at Fast Process Corner)
  Requirement:            0.000ns  (clk_out1_clk_wiz_0 rise@0.000ns - clk_out1_clk_wiz_0 rise@0.000ns)
  Data Path Delay:        0.398ns  (logic 0.183ns (46.005%)  route 0.215ns (53.995%))
  Logic Levels:           1  (LUT2=1)
  Clock Path Skew:        0.000ns (DCD - SCD - CPR)
    Destination Clock Delay (DCD):    0.877ns
    Source Clock Delay      (SCD):    0.605ns
    Clock Pessimism Removal (CPR):    0.272ns

    Location             Delay type                Incr(ns)  Path(ns)    Netlist Resource(s)
  -------------------------------------------------------------------    -------------------
                         (clock clk_out1_clk_wiz_0 rise edge)
                                                      0.000     0.000 r  
    BUFGCTRL_X0Y16       BUFG                         0.000     0.000 r  clk_IBUF_BUFG_inst/O
                         net (fo=1697, routed)        0.558     0.558    i2spcm0/inst/inst/clk_in1
    MMCME2_ADV_X0Y1      MMCME2_ADV (Prop_mmcme2_adv_CLKIN1_CLKOUT0)
                                                     -1.077    -0.519 r  i2spcm0/inst/inst/mmcm_adv_inst/CLKOUT0
                         net (fo=1, routed)           0.495    -0.024    i2spcm0/inst/inst/clk_out1_clk_wiz_0
    BUFGCTRL_X0Y1        BUFG (Prop_bufg_I_O)         0.026     0.002 r  i2spcm0/inst/inst/clkout1_buf/O
                         net (fo=30, routed)          0.603     0.605    i2spcm0/clk_gen_fast
    SLICE_X89Y89         FDCE                                         r  i2spcm0/ws_cnt_reg[0]/C
  -------------------------------------------------------------------    -------------------
    SLICE_X89Y89         FDCE (Prop_fdce_C_Q)         0.141     0.746 r  i2spcm0/ws_cnt_reg[0]/Q
                         net (fo=25, routed)          0.215     0.960    i2spcm0/ws_cnt_reg_n_0_[0]
    SLICE_X89Y89         LUT2 (Prop_lut2_I0_O)        0.042     1.002 r  i2spcm0/ws_cnt[1]_i_1/O
                         net (fo=1, routed)           0.000     1.002    i2spcm0/ws_cnt[1]
    SLICE_X89Y89         FDCE                                         r  i2spcm0/ws_cnt_reg[1]/D
  -------------------------------------------------------------------    -------------------

                         (clock clk_out1_clk_wiz_0 rise edge)
                                                      0.000     0.000 r  
    BUFGCTRL_X0Y16       BUFG                         0.000     0.000 r  clk_IBUF_BUFG_inst/O
                         net (fo=1697, routed)        0.828     0.828    i2spcm0/inst/inst/clk_in1
    MMCME2_ADV_X0Y1      MMCME2_ADV (Prop_mmcme2_adv_CLKIN1_CLKOUT0)
                                                     -1.394    -0.567 r  i2spcm0/inst/inst/mmcm_adv_inst/CLKOUT0
                         net (fo=1, routed)           0.540    -0.027    i2spcm0/inst/inst/clk_out1_clk_wiz_0
    BUFGCTRL_X0Y1        BUFG (Prop_bufg_I_O)         0.029     0.002 r  i2spcm0/inst/inst/clkout1_buf/O
                         net (fo=30, routed)          0.875     0.877    i2spcm0/clk_gen_fast
    SLICE_X89Y89         FDCE                                         r  i2spcm0/ws_cnt_reg[1]/C
                         clock pessimism             -0.272     0.605    
    SLICE_X89Y89         FDCE (Hold_fdce_C_D)         0.107     0.712    i2spcm0/ws_cnt_reg[1]
  -------------------------------------------------------------------
                         required time                         -0.712    
                         arrival time                           1.002    
  -------------------------------------------------------------------
                         slack                                  0.291    

Slack (MET) :             0.299ns  (arrival time - required time)
  Source:                 i2spcm0/ws_cnt_reg[2]/C
                            (rising edge-triggered cell FDCE clocked by clk_out1_clk_wiz_0  {rise@0.000ns fall@30.516ns period=61.032ns})
  Destination:            i2spcm0/ws_cnt_reg[2]/D
                            (rising edge-triggered cell FDCE clocked by clk_out1_clk_wiz_0  {rise@0.000ns fall@30.516ns period=61.032ns})
  Path Group:             clk_out1_clk_wiz_0
  Path Type:              Hold (Min at Fast Process Corner)
  Requirement:            0.000ns  (clk_out1_clk_wiz_0 rise@0.000ns - clk_out1_clk_wiz_0 rise@0.000ns)
  Data Path Delay:        0.390ns  (logic 0.186ns (47.717%)  route 0.204ns (52.283%))
  Logic Levels:           1  (LUT3=1)
  Clock Path Skew:        0.000ns (DCD - SCD - CPR)
    Destination Clock Delay (DCD):    0.875ns
    Source Clock Delay      (SCD):    0.604ns
    Clock Pessimism Removal (CPR):    0.271ns

    Location             Delay type                Incr(ns)  Path(ns)    Netlist Resource(s)
  -------------------------------------------------------------------    -------------------
                         (clock clk_out1_clk_wiz_0 rise edge)
                                                      0.000     0.000 r  
    BUFGCTRL_X0Y16       BUFG                         0.000     0.000 r  clk_IBUF_BUFG_inst/O
                         net (fo=1697, routed)        0.558     0.558    i2spcm0/inst/inst/clk_in1
    MMCME2_ADV_X0Y1      MMCME2_ADV (Prop_mmcme2_adv_CLKIN1_CLKOUT0)
                                                     -1.077    -0.519 r  i2spcm0/inst/inst/mmcm_adv_inst/CLKOUT0
                         net (fo=1, routed)           0.495    -0.024    i2spcm0/inst/inst/clk_out1_clk_wiz_0
    BUFGCTRL_X0Y1        BUFG (Prop_bufg_I_O)         0.026     0.002 r  i2spcm0/inst/inst/clkout1_buf/O
                         net (fo=30, routed)          0.602     0.604    i2spcm0/clk_gen_fast
    SLICE_X89Y87         FDCE                                         r  i2spcm0/ws_cnt_reg[2]/C
  -------------------------------------------------------------------    -------------------
    SLICE_X89Y87         FDCE (Prop_fdce_C_Q)         0.141     0.745 r  i2spcm0/ws_cnt_reg[2]/Q
                         net (fo=23, routed)          0.204     0.948    i2spcm0/ws_cnt_reg_n_0_[2]
    SLICE_X89Y87         LUT3 (Prop_lut3_I0_O)        0.045     0.993 r  i2spcm0/ws_cnt[2]_i_1/O
                         net (fo=1, routed)           0.000     0.993    i2spcm0/ws_cnt[2]
    SLICE_X89Y87         FDCE                                         r  i2spcm0/ws_cnt_reg[2]/D
  -------------------------------------------------------------------    -------------------

                         (clock clk_out1_clk_wiz_0 rise edge)
                                                      0.000     0.000 r  
    BUFGCTRL_X0Y16       BUFG                         0.000     0.000 r  clk_IBUF_BUFG_inst/O
                         net (fo=1697, routed)        0.828     0.828    i2spcm0/inst/inst/clk_in1
    MMCME2_ADV_X0Y1      MMCME2_ADV (Prop_mmcme2_adv_CLKIN1_CLKOUT0)
                                                     -1.394    -0.567 r  i2spcm0/inst/inst/mmcm_adv_inst/CLKOUT0
                         net (fo=1, routed)           0.540    -0.027    i2spcm0/inst/inst/clk_out1_clk_wiz_0
    BUFGCTRL_X0Y1        BUFG (Prop_bufg_I_O)         0.029     0.002 r  i2spcm0/inst/inst/clkout1_buf/O
                         net (fo=30, routed)          0.873     0.875    i2spcm0/clk_gen_fast
    SLICE_X89Y87         FDCE                                         r  i2spcm0/ws_cnt_reg[2]/C
                         clock pessimism             -0.271     0.604    
    SLICE_X89Y87         FDCE (Hold_fdce_C_D)         0.091     0.695    i2spcm0/ws_cnt_reg[2]
  -------------------------------------------------------------------
                         required time                         -0.695    
                         arrival time                           0.993    
  -------------------------------------------------------------------
                         slack                                  0.299    

Slack (MET) :             0.310ns  (arrival time - required time)
  Source:                 i2spcm0/ws_cnt_reg[0]/C
                            (rising edge-triggered cell FDCE clocked by clk_out1_clk_wiz_0  {rise@0.000ns fall@30.516ns period=61.032ns})
  Destination:            i2spcm0/ws_cnt_reg[0]/D
                            (rising edge-triggered cell FDCE clocked by clk_out1_clk_wiz_0  {rise@0.000ns fall@30.516ns period=61.032ns})
  Path Group:             clk_out1_clk_wiz_0
  Path Type:              Hold (Min at Fast Process Corner)
  Requirement:            0.000ns  (clk_out1_clk_wiz_0 rise@0.000ns - clk_out1_clk_wiz_0 rise@0.000ns)
  Data Path Delay:        0.401ns  (logic 0.186ns (46.410%)  route 0.215ns (53.590%))
  Logic Levels:           1  (LUT1=1)
  Clock Path Skew:        0.000ns (DCD - SCD - CPR)
    Destination Clock Delay (DCD):    0.877ns
    Source Clock Delay      (SCD):    0.605ns
    Clock Pessimism Removal (CPR):    0.272ns

    Location             Delay type                Incr(ns)  Path(ns)    Netlist Resource(s)
  -------------------------------------------------------------------    -------------------
                         (clock clk_out1_clk_wiz_0 rise edge)
                                                      0.000     0.000 r  
    BUFGCTRL_X0Y16       BUFG                         0.000     0.000 r  clk_IBUF_BUFG_inst/O
                         net (fo=1697, routed)        0.558     0.558    i2spcm0/inst/inst/clk_in1
    MMCME2_ADV_X0Y1      MMCME2_ADV (Prop_mmcme2_adv_CLKIN1_CLKOUT0)
                                                     -1.077    -0.519 r  i2spcm0/inst/inst/mmcm_adv_inst/CLKOUT0
                         net (fo=1, routed)           0.495    -0.024    i2spcm0/inst/inst/clk_out1_clk_wiz_0
    BUFGCTRL_X0Y1        BUFG (Prop_bufg_I_O)         0.026     0.002 r  i2spcm0/inst/inst/clkout1_buf/O
                         net (fo=30, routed)          0.603     0.605    i2spcm0/clk_gen_fast
    SLICE_X89Y89         FDCE                                         r  i2spcm0/ws_cnt_reg[0]/C
  -------------------------------------------------------------------    -------------------
    SLICE_X89Y89         FDCE (Prop_fdce_C_Q)         0.141     0.746 f  i2spcm0/ws_cnt_reg[0]/Q
                         net (fo=25, routed)          0.215     0.960    i2spcm0/ws_cnt_reg_n_0_[0]
    SLICE_X89Y89         LUT1 (Prop_lut1_I0_O)        0.045     1.005 r  i2spcm0/ws_cnt[0]_i_1/O
                         net (fo=1, routed)           0.000     1.005    i2spcm0/ws_cnt[0]
    SLICE_X89Y89         FDCE                                         r  i2spcm0/ws_cnt_reg[0]/D
  -------------------------------------------------------------------    -------------------

                         (clock clk_out1_clk_wiz_0 rise edge)
                                                      0.000     0.000 r  
    BUFGCTRL_X0Y16       BUFG                         0.000     0.000 r  clk_IBUF_BUFG_inst/O
                         net (fo=1697, routed)        0.828     0.828    i2spcm0/inst/inst/clk_in1
    MMCME2_ADV_X0Y1      MMCME2_ADV (Prop_mmcme2_adv_CLKIN1_CLKOUT0)
                                                     -1.394    -0.567 r  i2spcm0/inst/inst/mmcm_adv_inst/CLKOUT0
                         net (fo=1, routed)           0.540    -0.027    i2spcm0/inst/inst/clk_out1_clk_wiz_0
    BUFGCTRL_X0Y1        BUFG (Prop_bufg_I_O)         0.029     0.002 r  i2spcm0/inst/inst/clkout1_buf/O
                         net (fo=30, routed)          0.875     0.877    i2spcm0/clk_gen_fast
    SLICE_X89Y89         FDCE                                         r  i2spcm0/ws_cnt_reg[0]/C
                         clock pessimism             -0.272     0.605    
    SLICE_X89Y89         FDCE (Hold_fdce_C_D)         0.091     0.696    i2spcm0/ws_cnt_reg[0]
  -------------------------------------------------------------------
                         required time                         -0.696    
                         arrival time                           1.005    
  -------------------------------------------------------------------
                         slack                                  0.310    





Pulse Width Checks
--------------------------------------------------------------------------------------
Clock Name:         clk_out1_clk_wiz_0
Waveform(ns):       { 0.000 30.516 }
Period(ns):         61.032
Sources:            { i2spcm0/inst/inst/mmcm_adv_inst/CLKOUT0 }

Check Type        Corner  Lib Pin             Reference Pin  Required(ns)  Actual(ns)  Slack(ns)  Location         Pin
Min Period        n/a     BUFG/I              n/a            2.155         61.032      58.876     BUFGCTRL_X0Y1    i2spcm0/inst/inst/clkout1_buf/I
Min Period        n/a     MMCME2_ADV/CLKOUT0  n/a            1.249         61.032      59.783     MMCME2_ADV_X0Y1  i2spcm0/inst/inst/mmcm_adv_inst/CLKOUT0
Min Period        n/a     FDRE/C              n/a            1.000         61.032      60.032     SLICE_X89Y91     i2spcm0/bclk_reg/C
Min Period        n/a     FDRE/C              n/a            1.000         61.032      60.032     SLICE_X89Y90     i2spcm0/ds_cnt_reg[0]/C
Min Period        n/a     FDRE/C              n/a            1.000         61.032      60.032     SLICE_X89Y91     i2spcm0/ds_cnt_reg[1]/C
Min Period        n/a     FDRE/C              n/a            1.000         61.032      60.032     SLICE_X89Y90     i2spcm0/left_valid_reg/C
Min Period        n/a     FDRE/C              n/a            1.000         61.032      60.032     SLICE_X88Y92     i2spcm0/lreg_reg[14]/C
Min Period        n/a     FDRE/C              n/a            1.000         61.032      60.032     SLICE_X85Y84     i2spcm0/lreg_reg[15]/C
Min Period        n/a     FDRE/C              n/a            1.000         61.032      60.032     SLICE_X86Y85     i2spcm0/lreg_reg[16]/C
Min Period        n/a     FDRE/C              n/a            1.000         61.032      60.032     SLICE_X86Y84     i2spcm0/lreg_reg[17]/C
Max Period        n/a     MMCME2_ADV/CLKOUT0  n/a            213.360       61.032      152.328    MMCME2_ADV_X0Y1  i2spcm0/inst/inst/mmcm_adv_inst/CLKOUT0
Low Pulse Width   Slow    FDRE/C              n/a            0.500         30.516      30.016     SLICE_X89Y91     i2spcm0/bclk_reg/C
Low Pulse Width   Fast    FDRE/C              n/a            0.500         30.516      30.016     SLICE_X89Y91     i2spcm0/bclk_reg/C
Low Pulse Width   Slow    FDRE/C              n/a            0.500         30.516      30.016     SLICE_X89Y90     i2spcm0/ds_cnt_reg[0]/C
Low Pulse Width   Fast    FDRE/C              n/a            0.500         30.516      30.016     SLICE_X89Y90     i2spcm0/ds_cnt_reg[0]/C
Low Pulse Width   Slow    FDRE/C              n/a            0.500         30.516      30.016     SLICE_X89Y91     i2spcm0/ds_cnt_reg[1]/C
Low Pulse Width   Fast    FDRE/C              n/a            0.500         30.516      30.016     SLICE_X89Y91     i2spcm0/ds_cnt_reg[1]/C
Low Pulse Width   Slow    FDRE/C              n/a            0.500         30.516      30.016     SLICE_X89Y90     i2spcm0/left_valid_reg/C
Low Pulse Width   Fast    FDRE/C              n/a            0.500         30.516      30.016     SLICE_X89Y90     i2spcm0/left_valid_reg/C
Low Pulse Width   Slow    FDRE/C              n/a            0.500         30.516      30.016     SLICE_X88Y92     i2spcm0/lreg_reg[14]/C
Low Pulse Width   Fast    FDRE/C              n/a            0.500         30.516      30.016     SLICE_X88Y92     i2spcm0/lreg_reg[14]/C
High Pulse Width  Slow    FDRE/C              n/a            0.500         30.516      30.016     SLICE_X89Y91     i2spcm0/bclk_reg/C
High Pulse Width  Fast    FDRE/C              n/a            0.500         30.516      30.016     SLICE_X89Y91     i2spcm0/bclk_reg/C
High Pulse Width  Slow    FDRE/C              n/a            0.500         30.516      30.016     SLICE_X89Y90     i2spcm0/ds_cnt_reg[0]/C
High Pulse Width  Fast    FDRE/C              n/a            0.500         30.516      30.016     SLICE_X89Y90     i2spcm0/ds_cnt_reg[0]/C
High Pulse Width  Slow    FDRE/C              n/a            0.500         30.516      30.016     SLICE_X89Y91     i2spcm0/ds_cnt_reg[1]/C
High Pulse Width  Fast    FDRE/C              n/a            0.500         30.516      30.016     SLICE_X89Y91     i2spcm0/ds_cnt_reg[1]/C
High Pulse Width  Slow    FDRE/C              n/a            0.500         30.516      30.016     SLICE_X89Y90     i2spcm0/left_valid_reg/C
High Pulse Width  Fast    FDRE/C              n/a            0.500         30.516      30.016     SLICE_X89Y90     i2spcm0/left_valid_reg/C
High Pulse Width  Slow    FDRE/C              n/a            0.500         30.516      30.016     SLICE_X88Y92     i2spcm0/lreg_reg[14]/C
High Pulse Width  Fast    FDRE/C              n/a            0.500         30.516      30.016     SLICE_X88Y92     i2spcm0/lreg_reg[14]/C



---------------------------------------------------------------------------------------------------
From Clock:  clkfbout_clk_wiz_0
  To Clock:  clkfbout_clk_wiz_0

Setup :           NA  Failing Endpoints,  Worst Slack           NA  ,  Total Violation           NA
Hold  :           NA  Failing Endpoints,  Worst Slack           NA  ,  Total Violation           NA
PW    :            0  Failing Endpoints,  Worst Slack       47.845ns,  Total Violation        0.000ns
---------------------------------------------------------------------------------------------------


Pulse Width Checks
--------------------------------------------------------------------------------------
Clock Name:         clkfbout_clk_wiz_0
Waveform(ns):       { 0.000 25.000 }
Period(ns):         50.000
Sources:            { i2spcm0/inst/inst/mmcm_adv_inst/CLKFBOUT }

Check Type  Corner  Lib Pin              Reference Pin  Required(ns)  Actual(ns)  Slack(ns)  Location         Pin
Min Period  n/a     BUFG/I               n/a            2.155         50.000      47.845     BUFGCTRL_X0Y2    i2spcm0/inst/inst/clkf_buf/I
Min Period  n/a     MMCME2_ADV/CLKFBOUT  n/a            1.249         50.000      48.751     MMCME2_ADV_X0Y1  i2spcm0/inst/inst/mmcm_adv_inst/CLKFBOUT
Min Period  n/a     MMCME2_ADV/CLKFBIN   n/a            1.249         50.000      48.751     MMCME2_ADV_X0Y1  i2spcm0/inst/inst/mmcm_adv_inst/CLKFBIN
Max Period  n/a     MMCME2_ADV/CLKFBIN   n/a            100.000       50.000      50.000     MMCME2_ADV_X0Y1  i2spcm0/inst/inst/mmcm_adv_inst/CLKFBIN
Max Period  n/a     MMCME2_ADV/CLKFBOUT  n/a            213.360       50.000      163.360    MMCME2_ADV_X0Y1  i2spcm0/inst/inst/mmcm_adv_inst/CLKFBOUT



---------------------------------------------------------------------------------------------------
From Clock:  vga0/clk_wiz_i/inst/clk
  To Clock:  vga0/clk_wiz_i/inst/clk

Setup :           NA  Failing Endpoints,  Worst Slack           NA  ,  Total Violation           NA
Hold  :           NA  Failing Endpoints,  Worst Slack           NA  ,  Total Violation           NA
PW    :            0  Failing Endpoints,  Worst Slack        3.000ns,  Total Violation        0.000ns
---------------------------------------------------------------------------------------------------


Pulse Width Checks
--------------------------------------------------------------------------------------
Clock Name:         vga0/clk_wiz_i/inst/clk
Waveform(ns):       { 0.000 5.000 }
Period(ns):         10.000
Sources:            { vga0/clk_wiz_i/inst/clk }

Check Type        Corner  Lib Pin            Reference Pin  Required(ns)  Actual(ns)  Slack(ns)  Location         Pin
Min Period        n/a     MMCME2_ADV/CLKIN1  n/a            1.249         10.000      8.751      MMCME2_ADV_X0Y0  vga0/clk_wiz_i/inst/mmcm_adv_inst/CLKIN1
Max Period        n/a     MMCME2_ADV/CLKIN1  n/a            100.000       10.000      90.000     MMCME2_ADV_X0Y0  vga0/clk_wiz_i/inst/mmcm_adv_inst/CLKIN1
Low Pulse Width   Slow    MMCME2_ADV/CLKIN1  n/a            2.000         5.000       3.000      MMCME2_ADV_X0Y0  vga0/clk_wiz_i/inst/mmcm_adv_inst/CLKIN1
Low Pulse Width   Fast    MMCME2_ADV/CLKIN1  n/a            2.000         5.000       3.000      MMCME2_ADV_X0Y0  vga0/clk_wiz_i/inst/mmcm_adv_inst/CLKIN1
High Pulse Width  Slow    MMCME2_ADV/CLKIN1  n/a            2.000         5.000       3.000      MMCME2_ADV_X0Y0  vga0/clk_wiz_i/inst/mmcm_adv_inst/CLKIN1
High Pulse Width  Fast    MMCME2_ADV/CLKIN1  n/a            2.000         5.000       3.000      MMCME2_ADV_X0Y0  vga0/clk_wiz_i/inst/mmcm_adv_inst/CLKIN1



---------------------------------------------------------------------------------------------------
From Clock:  clk_pixel_clk_wiz
  To Clock:  clk_pixel_clk_wiz

Setup :            0  Failing Endpoints,  Worst Slack       22.881ns,  Total Violation        0.000ns
Hold  :            0  Failing Endpoints,  Worst Slack        0.069ns,  Total Violation        0.000ns
PW    :            0  Failing Endpoints,  Worst Slack       19.020ns,  Total Violation        0.000ns
---------------------------------------------------------------------------------------------------


Max Delay Paths
--------------------------------------------------------------------------------------
Slack (MET) :             22.881ns  (required time - arrival time)
  Source:                 vga0/vga_gen_i/vga_ctrl_reg[pixel_x][1]/C
                            (rising edge-triggered cell FDCE clocked by clk_pixel_clk_wiz  {rise@0.000ns fall@20.000ns period=40.000ns})
  Destination:            vga0/image_buf_i/raddr_reg[13]/D
                            (rising edge-triggered cell FDRE clocked by clk_pixel_clk_wiz  {rise@0.000ns fall@20.000ns period=40.000ns})
  Path Group:             clk_pixel_clk_wiz
  Path Type:              Setup (Max at Slow Process Corner)
  Requirement:            40.000ns  (clk_pixel_clk_wiz rise@40.000ns - clk_pixel_clk_wiz rise@0.000ns)
  Data Path Delay:        17.118ns  (logic 9.337ns (54.544%)  route 7.781ns (45.456%))
  Logic Levels:           18  (CARRY4=10 DSP48E1=1 LUT2=1 LUT3=2 LUT4=1 LUT5=1 LUT6=2)
  Clock Path Skew:        -0.012ns (DCD - SCD + CPR)
    Destination Clock Delay (DCD):    1.506ns = ( 41.506 - 40.000 ) 
    Source Clock Delay      (SCD):    1.614ns
    Clock Pessimism Removal (CPR):    0.096ns
  Clock Uncertainty:      0.098ns  ((TSJ^2 + DJ^2)^1/2) / 2 + PE
    Total System Jitter     (TSJ):    0.071ns
    Discrete Jitter          (DJ):    0.182ns
    Phase Error              (PE):    0.000ns

    Location             Delay type                Incr(ns)  Path(ns)    Netlist Resource(s)
  -------------------------------------------------------------------    -------------------
                         (clock clk_pixel_clk_wiz rise edge)
                                                      0.000     0.000 r  
    BUFGCTRL_X0Y16       BUFG                         0.000     0.000 r  clk_IBUF_BUFG_inst/O
                         net (fo=1697, routed)        1.809     1.809    vga0/clk_wiz_i/inst/clk
    MMCME2_ADV_X0Y0      MMCME2_ADV (Prop_mmcme2_adv_CLKIN1_CLKOUT0)
                                                     -3.922    -2.112 r  vga0/clk_wiz_i/inst/mmcm_adv_inst/CLKOUT0
                         net (fo=1, routed)           2.018    -0.094    vga0/clk_wiz_i/inst/clk_pixel_clk_wiz
    BUFGCTRL_X0Y0        BUFG (Prop_bufg_I_O)         0.096     0.002 r  vga0/clk_wiz_i/inst/clkout1_buf/O
                         net (fo=283, routed)         1.612     1.614    vga0/vga_gen_i/clk_pixel
    SLICE_X62Y76         FDCE                                         r  vga0/vga_gen_i/vga_ctrl_reg[pixel_x][1]/C
  -------------------------------------------------------------------    -------------------
    SLICE_X62Y76         FDCE (Prop_fdce_C_Q)         0.478     2.092 r  vga0/vga_gen_i/vga_ctrl_reg[pixel_x][1]/Q
                         net (fo=2, routed)           0.919     3.011    vga0/image_buf_i/Q[1]
    DSP48_X1Y30          DSP48E1 (Prop_dsp48e1_A[1]_P[11])
                                                      4.018     7.029 f  vga0/image_buf_i/addr_x_scaled0/P[11]
                         net (fo=15, routed)          1.523     8.552    vga0/image_buf_i/addr_x_scaled0_n_94
    SLICE_X60Y78         LUT3 (Prop_lut3_I2_O)        0.124     8.676 f  vga0/image_buf_i/addr_x_scaled__1_carry__2_i_11/O
                         net (fo=2, routed)           0.682     9.358    vga0/image_buf_i/addr_x_scaled__1_carry__2_i_11_n_0
    SLICE_X60Y78         LUT5 (Prop_lut5_I3_O)        0.124     9.482 r  vga0/image_buf_i/addr_x_scaled__1_carry__2_i_3/O
                         net (fo=2, routed)           1.025    10.508    vga0/image_buf_i/addr_x_scaled__1_carry__2_i_3_n_0
    SLICE_X61Y78         LUT6 (Prop_lut6_I0_O)        0.124    10.632 r  vga0/image_buf_i/addr_x_scaled__1_carry__2_i_7/O
                         net (fo=1, routed)           0.000    10.632    vga0/image_buf_i/addr_x_scaled__1_carry__2_i_7_n_0
    SLICE_X61Y78         CARRY4 (Prop_carry4_S[1]_CO[3])
                                                      0.550    11.182 r  vga0/image_buf_i/addr_x_scaled__1_carry__2/CO[3]
                         net (fo=1, routed)           0.000    11.182    vga0/image_buf_i/addr_x_scaled__1_carry__2_n_0
    SLICE_X61Y79         CARRY4 (Prop_carry4_CI_O[1])
                                                      0.334    11.516 r  vga0/image_buf_i/addr_x_scaled__1_carry__3/O[1]
                         net (fo=6, routed)           1.063    12.579    vga0/image_buf_i/addr_x_scaled__1_carry__3_n_6
    SLICE_X63Y79         LUT2 (Prop_lut2_I0_O)        0.303    12.882 r  vga0/image_buf_i/addr_x_scaled__51_carry_i_3/O
                         net (fo=1, routed)           0.000    12.882    vga0/image_buf_i/addr_x_scaled__51_carry_i_3_n_0
    SLICE_X63Y79         CARRY4 (Prop_carry4_S[1]_CO[3])
                                                      0.550    13.432 r  vga0/image_buf_i/addr_x_scaled__51_carry/CO[3]
                         net (fo=1, routed)           0.000    13.432    vga0/image_buf_i/addr_x_scaled__51_carry_n_0
    SLICE_X63Y80         CARRY4 (Prop_carry4_CI_O[0])
                                                      0.222    13.654 r  vga0/image_buf_i/addr_x_scaled__51_carry__0/O[0]
                         net (fo=3, routed)           0.974    14.628    vga0/image_buf_i/addr_x_scaled__51_carry__0_n_7
    SLICE_X62Y78         LUT4 (Prop_lut4_I1_O)        0.299    14.927 r  vga0/image_buf_i/addr_x_scaled__74_carry__0_i_7/O
                         net (fo=1, routed)           0.000    14.927    vga0/image_buf_i/addr_x_scaled__74_carry__0_i_7_n_0
    SLICE_X62Y78         CARRY4 (Prop_carry4_S[1]_CO[3])
                                                      0.533    15.460 r  vga0/image_buf_i/addr_x_scaled__74_carry__0/CO[3]
                         net (fo=1, routed)           0.000    15.460    vga0/image_buf_i/addr_x_scaled__74_carry__0_n_0
    SLICE_X62Y79         CARRY4 (Prop_carry4_CI_CO[0])
                                                      0.254    15.714 f  vga0/image_buf_i/addr_x_scaled__74_carry__1/CO[0]
                         net (fo=5, routed)           0.913    16.627    vga0/image_buf_i/addr_x_scaled__74_carry__1_n_3
    SLICE_X63Y83         LUT6 (Prop_lut6_I4_O)        0.367    16.994 r  vga0/image_buf_i/raddr[7]_i_6/O
                         net (fo=4, routed)           0.682    17.676    vga0/image_buf_i/raddr[7]_i_6_n_0
    SLICE_X62Y83         LUT3 (Prop_lut3_I0_O)        0.124    17.800 r  vga0/image_buf_i/raddr[3]_i_6/O
                         net (fo=1, routed)           0.000    17.800    vga0/image_buf_i/raddr[3]_i_6_n_0
    SLICE_X62Y83         CARRY4 (Prop_carry4_S[3]_CO[3])
                                                      0.376    18.176 r  vga0/image_buf_i/raddr_reg[3]_i_1/CO[3]
                         net (fo=1, routed)           0.000    18.176    vga0/image_buf_i/raddr_reg[3]_i_1_n_0
    SLICE_X62Y84         CARRY4 (Prop_carry4_CI_CO[3])
                                                      0.117    18.293 r  vga0/image_buf_i/raddr_reg[7]_i_1/CO[3]
                         net (fo=1, routed)           0.000    18.293    vga0/image_buf_i/raddr_reg[7]_i_1_n_0
    SLICE_X62Y85         CARRY4 (Prop_carry4_CI_CO[3])
                                                      0.117    18.410 r  vga0/image_buf_i/raddr_reg[11]_i_1/CO[3]
                         net (fo=1, routed)           0.000    18.410    vga0/image_buf_i/raddr_reg[11]_i_1_n_0
    SLICE_X62Y86         CARRY4 (Prop_carry4_CI_O[1])
                                                      0.323    18.733 r  vga0/image_buf_i/raddr_reg[14]_i_1/O[1]
                         net (fo=1, routed)           0.000    18.733    vga0/image_buf_i/raddr0[13]
    SLICE_X62Y86         FDRE                                         r  vga0/image_buf_i/raddr_reg[13]/D
  -------------------------------------------------------------------    -------------------

                         (clock clk_pixel_clk_wiz rise edge)
                                                     40.000    40.000 r  
    BUFGCTRL_X0Y16       BUFG                         0.000    40.000 r  clk_IBUF_BUFG_inst/O
                         net (fo=1697, routed)        1.683    41.683    vga0/clk_wiz_i/inst/clk
    MMCME2_ADV_X0Y0      MMCME2_ADV (Prop_mmcme2_adv_CLKIN1_CLKOUT0)
                                                     -3.694    37.989 r  vga0/clk_wiz_i/inst/mmcm_adv_inst/CLKOUT0
                         net (fo=1, routed)           1.923    39.912    vga0/clk_wiz_i/inst/clk_pixel_clk_wiz
    BUFGCTRL_X0Y0        BUFG (Prop_bufg_I_O)         0.091    40.003 r  vga0/clk_wiz_i/inst/clkout1_buf/O
                         net (fo=283, routed)         1.503    41.506    vga0/image_buf_i/clk_pixel
    SLICE_X62Y86         FDRE                                         r  vga0/image_buf_i/raddr_reg[13]/C
                         clock pessimism              0.096    41.602    
                         clock uncertainty           -0.098    41.505    
    SLICE_X62Y86         FDRE (Setup_fdre_C_D)        0.109    41.614    vga0/image_buf_i/raddr_reg[13]
  -------------------------------------------------------------------
                         required time                         41.614    
                         arrival time                         -18.733    
  -------------------------------------------------------------------
                         slack                                 22.881    

Slack (MET) :             22.965ns  (required time - arrival time)
  Source:                 vga0/vga_gen_i/vga_ctrl_reg[pixel_x][1]/C
                            (rising edge-triggered cell FDCE clocked by clk_pixel_clk_wiz  {rise@0.000ns fall@20.000ns period=40.000ns})
  Destination:            vga0/image_buf_i/raddr_reg[14]/D
                            (rising edge-triggered cell FDRE clocked by clk_pixel_clk_wiz  {rise@0.000ns fall@20.000ns period=40.000ns})
  Path Group:             clk_pixel_clk_wiz
  Path Type:              Setup (Max at Slow Process Corner)
  Requirement:            40.000ns  (clk_pixel_clk_wiz rise@40.000ns - clk_pixel_clk_wiz rise@0.000ns)
  Data Path Delay:        17.034ns  (logic 9.253ns (54.320%)  route 7.781ns (45.680%))
  Logic Levels:           18  (CARRY4=10 DSP48E1=1 LUT2=1 LUT3=2 LUT4=1 LUT5=1 LUT6=2)
  Clock Path Skew:        -0.012ns (DCD - SCD + CPR)
    Destination Clock Delay (DCD):    1.506ns = ( 41.506 - 40.000 ) 
    Source Clock Delay      (SCD):    1.614ns
    Clock Pessimism Removal (CPR):    0.096ns
  Clock Uncertainty:      0.098ns  ((TSJ^2 + DJ^2)^1/2) / 2 + PE
    Total System Jitter     (TSJ):    0.071ns
    Discrete Jitter          (DJ):    0.182ns
    Phase Error              (PE):    0.000ns

    Location             Delay type                Incr(ns)  Path(ns)    Netlist Resource(s)
  -------------------------------------------------------------------    -------------------
                         (clock clk_pixel_clk_wiz rise edge)
                                                      0.000     0.000 r  
    BUFGCTRL_X0Y16       BUFG                         0.000     0.000 r  clk_IBUF_BUFG_inst/O
                         net (fo=1697, routed)        1.809     1.809    vga0/clk_wiz_i/inst/clk
    MMCME2_ADV_X0Y0      MMCME2_ADV (Prop_mmcme2_adv_CLKIN1_CLKOUT0)
                                                     -3.922    -2.112 r  vga0/clk_wiz_i/inst/mmcm_adv_inst/CLKOUT0
                         net (fo=1, routed)           2.018    -0.094    vga0/clk_wiz_i/inst/clk_pixel_clk_wiz
    BUFGCTRL_X0Y0        BUFG (Prop_bufg_I_O)         0.096     0.002 r  vga0/clk_wiz_i/inst/clkout1_buf/O
                         net (fo=283, routed)         1.612     1.614    vga0/vga_gen_i/clk_pixel
    SLICE_X62Y76         FDCE                                         r  vga0/vga_gen_i/vga_ctrl_reg[pixel_x][1]/C
  -------------------------------------------------------------------    -------------------
    SLICE_X62Y76         FDCE (Prop_fdce_C_Q)         0.478     2.092 r  vga0/vga_gen_i/vga_ctrl_reg[pixel_x][1]/Q
                         net (fo=2, routed)           0.919     3.011    vga0/image_buf_i/Q[1]
    DSP48_X1Y30          DSP48E1 (Prop_dsp48e1_A[1]_P[11])
                                                      4.018     7.029 f  vga0/image_buf_i/addr_x_scaled0/P[11]
                         net (fo=15, routed)          1.523     8.552    vga0/image_buf_i/addr_x_scaled0_n_94
    SLICE_X60Y78         LUT3 (Prop_lut3_I2_O)        0.124     8.676 f  vga0/image_buf_i/addr_x_scaled__1_carry__2_i_11/O
                         net (fo=2, routed)           0.682     9.358    vga0/image_buf_i/addr_x_scaled__1_carry__2_i_11_n_0
    SLICE_X60Y78         LUT5 (Prop_lut5_I3_O)        0.124     9.482 r  vga0/image_buf_i/addr_x_scaled__1_carry__2_i_3/O
                         net (fo=2, routed)           1.025    10.508    vga0/image_buf_i/addr_x_scaled__1_carry__2_i_3_n_0
    SLICE_X61Y78         LUT6 (Prop_lut6_I0_O)        0.124    10.632 r  vga0/image_buf_i/addr_x_scaled__1_carry__2_i_7/O
                         net (fo=1, routed)           0.000    10.632    vga0/image_buf_i/addr_x_scaled__1_carry__2_i_7_n_0
    SLICE_X61Y78         CARRY4 (Prop_carry4_S[1]_CO[3])
                                                      0.550    11.182 r  vga0/image_buf_i/addr_x_scaled__1_carry__2/CO[3]
                         net (fo=1, routed)           0.000    11.182    vga0/image_buf_i/addr_x_scaled__1_carry__2_n_0
    SLICE_X61Y79         CARRY4 (Prop_carry4_CI_O[1])
                                                      0.334    11.516 r  vga0/image_buf_i/addr_x_scaled__1_carry__3/O[1]
                         net (fo=6, routed)           1.063    12.579    vga0/image_buf_i/addr_x_scaled__1_carry__3_n_6
    SLICE_X63Y79         LUT2 (Prop_lut2_I0_O)        0.303    12.882 r  vga0/image_buf_i/addr_x_scaled__51_carry_i_3/O
                         net (fo=1, routed)           0.000    12.882    vga0/image_buf_i/addr_x_scaled__51_carry_i_3_n_0
    SLICE_X63Y79         CARRY4 (Prop_carry4_S[1]_CO[3])
                                                      0.550    13.432 r  vga0/image_buf_i/addr_x_scaled__51_carry/CO[3]
                         net (fo=1, routed)           0.000    13.432    vga0/image_buf_i/addr_x_scaled__51_carry_n_0
    SLICE_X63Y80         CARRY4 (Prop_carry4_CI_O[0])
                                                      0.222    13.654 r  vga0/image_buf_i/addr_x_scaled__51_carry__0/O[0]
                         net (fo=3, routed)           0.974    14.628    vga0/image_buf_i/addr_x_scaled__51_carry__0_n_7
    SLICE_X62Y78         LUT4 (Prop_lut4_I1_O)        0.299    14.927 r  vga0/image_buf_i/addr_x_scaled__74_carry__0_i_7/O
                         net (fo=1, routed)           0.000    14.927    vga0/image_buf_i/addr_x_scaled__74_carry__0_i_7_n_0
    SLICE_X62Y78         CARRY4 (Prop_carry4_S[1]_CO[3])
                                                      0.533    15.460 r  vga0/image_buf_i/addr_x_scaled__74_carry__0/CO[3]
                         net (fo=1, routed)           0.000    15.460    vga0/image_buf_i/addr_x_scaled__74_carry__0_n_0
    SLICE_X62Y79         CARRY4 (Prop_carry4_CI_CO[0])
                                                      0.254    15.714 f  vga0/image_buf_i/addr_x_scaled__74_carry__1/CO[0]
                         net (fo=5, routed)           0.913    16.627    vga0/image_buf_i/addr_x_scaled__74_carry__1_n_3
    SLICE_X63Y83         LUT6 (Prop_lut6_I4_O)        0.367    16.994 r  vga0/image_buf_i/raddr[7]_i_6/O
                         net (fo=4, routed)           0.682    17.676    vga0/image_buf_i/raddr[7]_i_6_n_0
    SLICE_X62Y83         LUT3 (Prop_lut3_I0_O)        0.124    17.800 r  vga0/image_buf_i/raddr[3]_i_6/O
                         net (fo=1, routed)           0.000    17.800    vga0/image_buf_i/raddr[3]_i_6_n_0
    SLICE_X62Y83         CARRY4 (Prop_carry4_S[3]_CO[3])
                                                      0.376    18.176 r  vga0/image_buf_i/raddr_reg[3]_i_1/CO[3]
                         net (fo=1, routed)           0.000    18.176    vga0/image_buf_i/raddr_reg[3]_i_1_n_0
    SLICE_X62Y84         CARRY4 (Prop_carry4_CI_CO[3])
                                                      0.117    18.293 r  vga0/image_buf_i/raddr_reg[7]_i_1/CO[3]
                         net (fo=1, routed)           0.000    18.293    vga0/image_buf_i/raddr_reg[7]_i_1_n_0
    SLICE_X62Y85         CARRY4 (Prop_carry4_CI_CO[3])
                                                      0.117    18.410 r  vga0/image_buf_i/raddr_reg[11]_i_1/CO[3]
                         net (fo=1, routed)           0.000    18.410    vga0/image_buf_i/raddr_reg[11]_i_1_n_0
    SLICE_X62Y86         CARRY4 (Prop_carry4_CI_O[2])
                                                      0.239    18.649 r  vga0/image_buf_i/raddr_reg[14]_i_1/O[2]
                         net (fo=1, routed)           0.000    18.649    vga0/image_buf_i/raddr0[14]
    SLICE_X62Y86         FDRE                                         r  vga0/image_buf_i/raddr_reg[14]/D
  -------------------------------------------------------------------    -------------------

                         (clock clk_pixel_clk_wiz rise edge)
                                                     40.000    40.000 r  
    BUFGCTRL_X0Y16       BUFG                         0.000    40.000 r  clk_IBUF_BUFG_inst/O
                         net (fo=1697, routed)        1.683    41.683    vga0/clk_wiz_i/inst/clk
    MMCME2_ADV_X0Y0      MMCME2_ADV (Prop_mmcme2_adv_CLKIN1_CLKOUT0)
                                                     -3.694    37.989 r  vga0/clk_wiz_i/inst/mmcm_adv_inst/CLKOUT0
                         net (fo=1, routed)           1.923    39.912    vga0/clk_wiz_i/inst/clk_pixel_clk_wiz
    BUFGCTRL_X0Y0        BUFG (Prop_bufg_I_O)         0.091    40.003 r  vga0/clk_wiz_i/inst/clkout1_buf/O
                         net (fo=283, routed)         1.503    41.506    vga0/image_buf_i/clk_pixel
    SLICE_X62Y86         FDRE                                         r  vga0/image_buf_i/raddr_reg[14]/C
                         clock pessimism              0.096    41.602    
                         clock uncertainty           -0.098    41.505    
    SLICE_X62Y86         FDRE (Setup_fdre_C_D)        0.109    41.614    vga0/image_buf_i/raddr_reg[14]
  -------------------------------------------------------------------
                         required time                         41.614    
                         arrival time                         -18.649    
  -------------------------------------------------------------------
                         slack                                 22.965    

Slack (MET) :             22.985ns  (required time - arrival time)
  Source:                 vga0/vga_gen_i/vga_ctrl_reg[pixel_x][1]/C
                            (rising edge-triggered cell FDCE clocked by clk_pixel_clk_wiz  {rise@0.000ns fall@20.000ns period=40.000ns})
  Destination:            vga0/image_buf_i/raddr_reg[12]/D
                            (rising edge-triggered cell FDRE clocked by clk_pixel_clk_wiz  {rise@0.000ns fall@20.000ns period=40.000ns})
  Path Group:             clk_pixel_clk_wiz
  Path Type:              Setup (Max at Slow Process Corner)
  Requirement:            40.000ns  (clk_pixel_clk_wiz rise@40.000ns - clk_pixel_clk_wiz rise@0.000ns)
  Data Path Delay:        17.014ns  (logic 9.233ns (54.266%)  route 7.781ns (45.734%))
  Logic Levels:           18  (CARRY4=10 DSP48E1=1 LUT2=1 LUT3=2 LUT4=1 LUT5=1 LUT6=2)
  Clock Path Skew:        -0.012ns (DCD - SCD + CPR)
    Destination Clock Delay (DCD):    1.506ns = ( 41.506 - 40.000 ) 
    Source Clock Delay      (SCD):    1.614ns
    Clock Pessimism Removal (CPR):    0.096ns
  Clock Uncertainty:      0.098ns  ((TSJ^2 + DJ^2)^1/2) / 2 + PE
    Total System Jitter     (TSJ):    0.071ns
    Discrete Jitter          (DJ):    0.182ns
    Phase Error              (PE):    0.000ns

    Location             Delay type                Incr(ns)  Path(ns)    Netlist Resource(s)
  -------------------------------------------------------------------    -------------------
                         (clock clk_pixel_clk_wiz rise edge)
                                                      0.000     0.000 r  
    BUFGCTRL_X0Y16       BUFG                         0.000     0.000 r  clk_IBUF_BUFG_inst/O
                         net (fo=1697, routed)        1.809     1.809    vga0/clk_wiz_i/inst/clk
    MMCME2_ADV_X0Y0      MMCME2_ADV (Prop_mmcme2_adv_CLKIN1_CLKOUT0)
                                                     -3.922    -2.112 r  vga0/clk_wiz_i/inst/mmcm_adv_inst/CLKOUT0
                         net (fo=1, routed)           2.018    -0.094    vga0/clk_wiz_i/inst/clk_pixel_clk_wiz
    BUFGCTRL_X0Y0        BUFG (Prop_bufg_I_O)         0.096     0.002 r  vga0/clk_wiz_i/inst/clkout1_buf/O
                         net (fo=283, routed)         1.612     1.614    vga0/vga_gen_i/clk_pixel
    SLICE_X62Y76         FDCE                                         r  vga0/vga_gen_i/vga_ctrl_reg[pixel_x][1]/C
  -------------------------------------------------------------------    -------------------
    SLICE_X62Y76         FDCE (Prop_fdce_C_Q)         0.478     2.092 r  vga0/vga_gen_i/vga_ctrl_reg[pixel_x][1]/Q
                         net (fo=2, routed)           0.919     3.011    vga0/image_buf_i/Q[1]
    DSP48_X1Y30          DSP48E1 (Prop_dsp48e1_A[1]_P[11])
                                                      4.018     7.029 f  vga0/image_buf_i/addr_x_scaled0/P[11]
                         net (fo=15, routed)          1.523     8.552    vga0/image_buf_i/addr_x_scaled0_n_94
    SLICE_X60Y78         LUT3 (Prop_lut3_I2_O)        0.124     8.676 f  vga0/image_buf_i/addr_x_scaled__1_carry__2_i_11/O
                         net (fo=2, routed)           0.682     9.358    vga0/image_buf_i/addr_x_scaled__1_carry__2_i_11_n_0
    SLICE_X60Y78         LUT5 (Prop_lut5_I3_O)        0.124     9.482 r  vga0/image_buf_i/addr_x_scaled__1_carry__2_i_3/O
                         net (fo=2, routed)           1.025    10.508    vga0/image_buf_i/addr_x_scaled__1_carry__2_i_3_n_0
    SLICE_X61Y78         LUT6 (Prop_lut6_I0_O)        0.124    10.632 r  vga0/image_buf_i/addr_x_scaled__1_carry__2_i_7/O
                         net (fo=1, routed)           0.000    10.632    vga0/image_buf_i/addr_x_scaled__1_carry__2_i_7_n_0
    SLICE_X61Y78         CARRY4 (Prop_carry4_S[1]_CO[3])
                                                      0.550    11.182 r  vga0/image_buf_i/addr_x_scaled__1_carry__2/CO[3]
                         net (fo=1, routed)           0.000    11.182    vga0/image_buf_i/addr_x_scaled__1_carry__2_n_0
    SLICE_X61Y79         CARRY4 (Prop_carry4_CI_O[1])
                                                      0.334    11.516 r  vga0/image_buf_i/addr_x_scaled__1_carry__3/O[1]
                         net (fo=6, routed)           1.063    12.579    vga0/image_buf_i/addr_x_scaled__1_carry__3_n_6
    SLICE_X63Y79         LUT2 (Prop_lut2_I0_O)        0.303    12.882 r  vga0/image_buf_i/addr_x_scaled__51_carry_i_3/O
                         net (fo=1, routed)           0.000    12.882    vga0/image_buf_i/addr_x_scaled__51_carry_i_3_n_0
    SLICE_X63Y79         CARRY4 (Prop_carry4_S[1]_CO[3])
                                                      0.550    13.432 r  vga0/image_buf_i/addr_x_scaled__51_carry/CO[3]
                         net (fo=1, routed)           0.000    13.432    vga0/image_buf_i/addr_x_scaled__51_carry_n_0
    SLICE_X63Y80         CARRY4 (Prop_carry4_CI_O[0])
                                                      0.222    13.654 r  vga0/image_buf_i/addr_x_scaled__51_carry__0/O[0]
                         net (fo=3, routed)           0.974    14.628    vga0/image_buf_i/addr_x_scaled__51_carry__0_n_7
    SLICE_X62Y78         LUT4 (Prop_lut4_I1_O)        0.299    14.927 r  vga0/image_buf_i/addr_x_scaled__74_carry__0_i_7/O
                         net (fo=1, routed)           0.000    14.927    vga0/image_buf_i/addr_x_scaled__74_carry__0_i_7_n_0
    SLICE_X62Y78         CARRY4 (Prop_carry4_S[1]_CO[3])
                                                      0.533    15.460 r  vga0/image_buf_i/addr_x_scaled__74_carry__0/CO[3]
                         net (fo=1, routed)           0.000    15.460    vga0/image_buf_i/addr_x_scaled__74_carry__0_n_0
    SLICE_X62Y79         CARRY4 (Prop_carry4_CI_CO[0])
                                                      0.254    15.714 f  vga0/image_buf_i/addr_x_scaled__74_carry__1/CO[0]
                         net (fo=5, routed)           0.913    16.627    vga0/image_buf_i/addr_x_scaled__74_carry__1_n_3
    SLICE_X63Y83         LUT6 (Prop_lut6_I4_O)        0.367    16.994 r  vga0/image_buf_i/raddr[7]_i_6/O
                         net (fo=4, routed)           0.682    17.676    vga0/image_buf_i/raddr[7]_i_6_n_0
    SLICE_X62Y83         LUT3 (Prop_lut3_I0_O)        0.124    17.800 r  vga0/image_buf_i/raddr[3]_i_6/O
                         net (fo=1, routed)           0.000    17.800    vga0/image_buf_i/raddr[3]_i_6_n_0
    SLICE_X62Y83         CARRY4 (Prop_carry4_S[3]_CO[3])
                                                      0.376    18.176 r  vga0/image_buf_i/raddr_reg[3]_i_1/CO[3]
                         net (fo=1, routed)           0.000    18.176    vga0/image_buf_i/raddr_reg[3]_i_1_n_0
    SLICE_X62Y84         CARRY4 (Prop_carry4_CI_CO[3])
                                                      0.117    18.293 r  vga0/image_buf_i/raddr_reg[7]_i_1/CO[3]
                         net (fo=1, routed)           0.000    18.293    vga0/image_buf_i/raddr_reg[7]_i_1_n_0
    SLICE_X62Y85         CARRY4 (Prop_carry4_CI_CO[3])
                                                      0.117    18.410 r  vga0/image_buf_i/raddr_reg[11]_i_1/CO[3]
                         net (fo=1, routed)           0.000    18.410    vga0/image_buf_i/raddr_reg[11]_i_1_n_0
    SLICE_X62Y86         CARRY4 (Prop_carry4_CI_O[0])
                                                      0.219    18.629 r  vga0/image_buf_i/raddr_reg[14]_i_1/O[0]
                         net (fo=1, routed)           0.000    18.629    vga0/image_buf_i/raddr0[12]
    SLICE_X62Y86         FDRE                                         r  vga0/image_buf_i/raddr_reg[12]/D
  -------------------------------------------------------------------    -------------------

                         (clock clk_pixel_clk_wiz rise edge)
                                                     40.000    40.000 r  
    BUFGCTRL_X0Y16       BUFG                         0.000    40.000 r  clk_IBUF_BUFG_inst/O
                         net (fo=1697, routed)        1.683    41.683    vga0/clk_wiz_i/inst/clk
    MMCME2_ADV_X0Y0      MMCME2_ADV (Prop_mmcme2_adv_CLKIN1_CLKOUT0)
                                                     -3.694    37.989 r  vga0/clk_wiz_i/inst/mmcm_adv_inst/CLKOUT0
                         net (fo=1, routed)           1.923    39.912    vga0/clk_wiz_i/inst/clk_pixel_clk_wiz
    BUFGCTRL_X0Y0        BUFG (Prop_bufg_I_O)         0.091    40.003 r  vga0/clk_wiz_i/inst/clkout1_buf/O
                         net (fo=283, routed)         1.503    41.506    vga0/image_buf_i/clk_pixel
    SLICE_X62Y86         FDRE                                         r  vga0/image_buf_i/raddr_reg[12]/C
                         clock pessimism              0.096    41.602    
                         clock uncertainty           -0.098    41.505    
    SLICE_X62Y86         FDRE (Setup_fdre_C_D)        0.109    41.614    vga0/image_buf_i/raddr_reg[12]
  -------------------------------------------------------------------
                         required time                         41.614    
                         arrival time                         -18.629    
  -------------------------------------------------------------------
                         slack                                 22.985    

Slack (MET) :             22.998ns  (required time - arrival time)
  Source:                 vga0/vga_gen_i/vga_ctrl_reg[pixel_x][1]/C
                            (rising edge-triggered cell FDCE clocked by clk_pixel_clk_wiz  {rise@0.000ns fall@20.000ns period=40.000ns})
  Destination:            vga0/image_buf_i/raddr_reg[9]/D
                            (rising edge-triggered cell FDRE clocked by clk_pixel_clk_wiz  {rise@0.000ns fall@20.000ns period=40.000ns})
  Path Group:             clk_pixel_clk_wiz
  Path Type:              Setup (Max at Slow Process Corner)
  Requirement:            40.000ns  (clk_pixel_clk_wiz rise@40.000ns - clk_pixel_clk_wiz rise@0.000ns)
  Data Path Delay:        17.001ns  (logic 9.220ns (54.231%)  route 7.781ns (45.769%))
  Logic Levels:           17  (CARRY4=9 DSP48E1=1 LUT2=1 LUT3=2 LUT4=1 LUT5=1 LUT6=2)
  Clock Path Skew:        -0.012ns (DCD - SCD + CPR)
    Destination Clock Delay (DCD):    1.506ns = ( 41.506 - 40.000 ) 
    Source Clock Delay      (SCD):    1.614ns
    Clock Pessimism Removal (CPR):    0.096ns
  Clock Uncertainty:      0.098ns  ((TSJ^2 + DJ^2)^1/2) / 2 + PE
    Total System Jitter     (TSJ):    0.071ns
    Discrete Jitter          (DJ):    0.182ns
    Phase Error              (PE):    0.000ns

    Location             Delay type                Incr(ns)  Path(ns)    Netlist Resource(s)
  -------------------------------------------------------------------    -------------------
                         (clock clk_pixel_clk_wiz rise edge)
                                                      0.000     0.000 r  
    BUFGCTRL_X0Y16       BUFG                         0.000     0.000 r  clk_IBUF_BUFG_inst/O
                         net (fo=1697, routed)        1.809     1.809    vga0/clk_wiz_i/inst/clk
    MMCME2_ADV_X0Y0      MMCME2_ADV (Prop_mmcme2_adv_CLKIN1_CLKOUT0)
                                                     -3.922    -2.112 r  vga0/clk_wiz_i/inst/mmcm_adv_inst/CLKOUT0
                         net (fo=1, routed)           2.018    -0.094    vga0/clk_wiz_i/inst/clk_pixel_clk_wiz
    BUFGCTRL_X0Y0        BUFG (Prop_bufg_I_O)         0.096     0.002 r  vga0/clk_wiz_i/inst/clkout1_buf/O
                         net (fo=283, routed)         1.612     1.614    vga0/vga_gen_i/clk_pixel
    SLICE_X62Y76         FDCE                                         r  vga0/vga_gen_i/vga_ctrl_reg[pixel_x][1]/C
  -------------------------------------------------------------------    -------------------
    SLICE_X62Y76         FDCE (Prop_fdce_C_Q)         0.478     2.092 r  vga0/vga_gen_i/vga_ctrl_reg[pixel_x][1]/Q
                         net (fo=2, routed)           0.919     3.011    vga0/image_buf_i/Q[1]
    DSP48_X1Y30          DSP48E1 (Prop_dsp48e1_A[1]_P[11])
                                                      4.018     7.029 f  vga0/image_buf_i/addr_x_scaled0/P[11]
                         net (fo=15, routed)          1.523     8.552    vga0/image_buf_i/addr_x_scaled0_n_94
    SLICE_X60Y78         LUT3 (Prop_lut3_I2_O)        0.124     8.676 f  vga0/image_buf_i/addr_x_scaled__1_carry__2_i_11/O
                         net (fo=2, routed)           0.682     9.358    vga0/image_buf_i/addr_x_scaled__1_carry__2_i_11_n_0
    SLICE_X60Y78         LUT5 (Prop_lut5_I3_O)        0.124     9.482 r  vga0/image_buf_i/addr_x_scaled__1_carry__2_i_3/O
                         net (fo=2, routed)           1.025    10.508    vga0/image_buf_i/addr_x_scaled__1_carry__2_i_3_n_0
    SLICE_X61Y78         LUT6 (Prop_lut6_I0_O)        0.124    10.632 r  vga0/image_buf_i/addr_x_scaled__1_carry__2_i_7/O
                         net (fo=1, routed)           0.000    10.632    vga0/image_buf_i/addr_x_scaled__1_carry__2_i_7_n_0
    SLICE_X61Y78         CARRY4 (Prop_carry4_S[1]_CO[3])
                                                      0.550    11.182 r  vga0/image_buf_i/addr_x_scaled__1_carry__2/CO[3]
                         net (fo=1, routed)           0.000    11.182    vga0/image_buf_i/addr_x_scaled__1_carry__2_n_0
    SLICE_X61Y79         CARRY4 (Prop_carry4_CI_O[1])
                                                      0.334    11.516 r  vga0/image_buf_i/addr_x_scaled__1_carry__3/O[1]
                         net (fo=6, routed)           1.063    12.579    vga0/image_buf_i/addr_x_scaled__1_carry__3_n_6
    SLICE_X63Y79         LUT2 (Prop_lut2_I0_O)        0.303    12.882 r  vga0/image_buf_i/addr_x_scaled__51_carry_i_3/O
                         net (fo=1, routed)           0.000    12.882    vga0/image_buf_i/addr_x_scaled__51_carry_i_3_n_0
    SLICE_X63Y79         CARRY4 (Prop_carry4_S[1]_CO[3])
                                                      0.550    13.432 r  vga0/image_buf_i/addr_x_scaled__51_carry/CO[3]
                         net (fo=1, routed)           0.000    13.432    vga0/image_buf_i/addr_x_scaled__51_carry_n_0
    SLICE_X63Y80         CARRY4 (Prop_carry4_CI_O[0])
                                                      0.222    13.654 r  vga0/image_buf_i/addr_x_scaled__51_carry__0/O[0]
                         net (fo=3, routed)           0.974    14.628    vga0/image_buf_i/addr_x_scaled__51_carry__0_n_7
    SLICE_X62Y78         LUT4 (Prop_lut4_I1_O)        0.299    14.927 r  vga0/image_buf_i/addr_x_scaled__74_carry__0_i_7/O
                         net (fo=1, routed)           0.000    14.927    vga0/image_buf_i/addr_x_scaled__74_carry__0_i_7_n_0
    SLICE_X62Y78         CARRY4 (Prop_carry4_S[1]_CO[3])
                                                      0.533    15.460 r  vga0/image_buf_i/addr_x_scaled__74_carry__0/CO[3]
                         net (fo=1, routed)           0.000    15.460    vga0/image_buf_i/addr_x_scaled__74_carry__0_n_0
    SLICE_X62Y79         CARRY4 (Prop_carry4_CI_CO[0])
                                                      0.254    15.714 f  vga0/image_buf_i/addr_x_scaled__74_carry__1/CO[0]
                         net (fo=5, routed)           0.913    16.627    vga0/image_buf_i/addr_x_scaled__74_carry__1_n_3
    SLICE_X63Y83         LUT6 (Prop_lut6_I4_O)        0.367    16.994 r  vga0/image_buf_i/raddr[7]_i_6/O
                         net (fo=4, routed)           0.682    17.676    vga0/image_buf_i/raddr[7]_i_6_n_0
    SLICE_X62Y83         LUT3 (Prop_lut3_I0_O)        0.124    17.800 r  vga0/image_buf_i/raddr[3]_i_6/O
                         net (fo=1, routed)           0.000    17.800    vga0/image_buf_i/raddr[3]_i_6_n_0
    SLICE_X62Y83         CARRY4 (Prop_carry4_S[3]_CO[3])
                                                      0.376    18.176 r  vga0/image_buf_i/raddr_reg[3]_i_1/CO[3]
                         net (fo=1, routed)           0.000    18.176    vga0/image_buf_i/raddr_reg[3]_i_1_n_0
    SLICE_X62Y84         CARRY4 (Prop_carry4_CI_CO[3])
                                                      0.117    18.293 r  vga0/image_buf_i/raddr_reg[7]_i_1/CO[3]
                         net (fo=1, routed)           0.000    18.293    vga0/image_buf_i/raddr_reg[7]_i_1_n_0
    SLICE_X62Y85         CARRY4 (Prop_carry4_CI_O[1])
                                                      0.323    18.616 r  vga0/image_buf_i/raddr_reg[11]_i_1/O[1]
                         net (fo=1, routed)           0.000    18.616    vga0/image_buf_i/raddr0[9]
    SLICE_X62Y85         FDRE                                         r  vga0/image_buf_i/raddr_reg[9]/D
  -------------------------------------------------------------------    -------------------

                         (clock clk_pixel_clk_wiz rise edge)
                                                     40.000    40.000 r  
    BUFGCTRL_X0Y16       BUFG                         0.000    40.000 r  clk_IBUF_BUFG_inst/O
                         net (fo=1697, routed)        1.683    41.683    vga0/clk_wiz_i/inst/clk
    MMCME2_ADV_X0Y0      MMCME2_ADV (Prop_mmcme2_adv_CLKIN1_CLKOUT0)
                                                     -3.694    37.989 r  vga0/clk_wiz_i/inst/mmcm_adv_inst/CLKOUT0
                         net (fo=1, routed)           1.923    39.912    vga0/clk_wiz_i/inst/clk_pixel_clk_wiz
    BUFGCTRL_X0Y0        BUFG (Prop_bufg_I_O)         0.091    40.003 r  vga0/clk_wiz_i/inst/clkout1_buf/O
                         net (fo=283, routed)         1.503    41.506    vga0/image_buf_i/clk_pixel
    SLICE_X62Y85         FDRE                                         r  vga0/image_buf_i/raddr_reg[9]/C
                         clock pessimism              0.096    41.602    
                         clock uncertainty           -0.098    41.505    
    SLICE_X62Y85         FDRE (Setup_fdre_C_D)        0.109    41.614    vga0/image_buf_i/raddr_reg[9]
  -------------------------------------------------------------------
                         required time                         41.614    
                         arrival time                         -18.616    
  -------------------------------------------------------------------
                         slack                                 22.998    

Slack (MET) :             23.006ns  (required time - arrival time)
  Source:                 vga0/vga_gen_i/vga_ctrl_reg[pixel_x][1]/C
                            (rising edge-triggered cell FDCE clocked by clk_pixel_clk_wiz  {rise@0.000ns fall@20.000ns period=40.000ns})
  Destination:            vga0/image_buf_i/raddr_reg[11]/D
                            (rising edge-triggered cell FDRE clocked by clk_pixel_clk_wiz  {rise@0.000ns fall@20.000ns period=40.000ns})
  Path Group:             clk_pixel_clk_wiz
  Path Type:              Setup (Max at Slow Process Corner)
  Requirement:            40.000ns  (clk_pixel_clk_wiz rise@40.000ns - clk_pixel_clk_wiz rise@0.000ns)
  Data Path Delay:        16.993ns  (logic 9.212ns (54.209%)  route 7.781ns (45.791%))
  Logic Levels:           17  (CARRY4=9 DSP48E1=1 LUT2=1 LUT3=2 LUT4=1 LUT5=1 LUT6=2)
  Clock Path Skew:        -0.012ns (DCD - SCD + CPR)
    Destination Clock Delay (DCD):    1.506ns = ( 41.506 - 40.000 ) 
    Source Clock Delay      (SCD):    1.614ns
    Clock Pessimism Removal (CPR):    0.096ns
  Clock Uncertainty:      0.098ns  ((TSJ^2 + DJ^2)^1/2) / 2 + PE
    Total System Jitter     (TSJ):    0.071ns
    Discrete Jitter          (DJ):    0.182ns
    Phase Error              (PE):    0.000ns

    Location             Delay type                Incr(ns)  Path(ns)    Netlist Resource(s)
  -------------------------------------------------------------------    -------------------
                         (clock clk_pixel_clk_wiz rise edge)
                                                      0.000     0.000 r  
    BUFGCTRL_X0Y16       BUFG                         0.000     0.000 r  clk_IBUF_BUFG_inst/O
                         net (fo=1697, routed)        1.809     1.809    vga0/clk_wiz_i/inst/clk
    MMCME2_ADV_X0Y0      MMCME2_ADV (Prop_mmcme2_adv_CLKIN1_CLKOUT0)
                                                     -3.922    -2.112 r  vga0/clk_wiz_i/inst/mmcm_adv_inst/CLKOUT0
                         net (fo=1, routed)           2.018    -0.094    vga0/clk_wiz_i/inst/clk_pixel_clk_wiz
    BUFGCTRL_X0Y0        BUFG (Prop_bufg_I_O)         0.096     0.002 r  vga0/clk_wiz_i/inst/clkout1_buf/O
                         net (fo=283, routed)         1.612     1.614    vga0/vga_gen_i/clk_pixel
    SLICE_X62Y76         FDCE                                         r  vga0/vga_gen_i/vga_ctrl_reg[pixel_x][1]/C
  -------------------------------------------------------------------    -------------------
    SLICE_X62Y76         FDCE (Prop_fdce_C_Q)         0.478     2.092 r  vga0/vga_gen_i/vga_ctrl_reg[pixel_x][1]/Q
                         net (fo=2, routed)           0.919     3.011    vga0/image_buf_i/Q[1]
    DSP48_X1Y30          DSP48E1 (Prop_dsp48e1_A[1]_P[11])
                                                      4.018     7.029 f  vga0/image_buf_i/addr_x_scaled0/P[11]
                         net (fo=15, routed)          1.523     8.552    vga0/image_buf_i/addr_x_scaled0_n_94
    SLICE_X60Y78         LUT3 (Prop_lut3_I2_O)        0.124     8.676 f  vga0/image_buf_i/addr_x_scaled__1_carry__2_i_11/O
                         net (fo=2, routed)           0.682     9.358    vga0/image_buf_i/addr_x_scaled__1_carry__2_i_11_n_0
    SLICE_X60Y78         LUT5 (Prop_lut5_I3_O)        0.124     9.482 r  vga0/image_buf_i/addr_x_scaled__1_carry__2_i_3/O
                         net (fo=2, routed)           1.025    10.508    vga0/image_buf_i/addr_x_scaled__1_carry__2_i_3_n_0
    SLICE_X61Y78         LUT6 (Prop_lut6_I0_O)        0.124    10.632 r  vga0/image_buf_i/addr_x_scaled__1_carry__2_i_7/O
                         net (fo=1, routed)           0.000    10.632    vga0/image_buf_i/addr_x_scaled__1_carry__2_i_7_n_0
    SLICE_X61Y78         CARRY4 (Prop_carry4_S[1]_CO[3])
                                                      0.550    11.182 r  vga0/image_buf_i/addr_x_scaled__1_carry__2/CO[3]
                         net (fo=1, routed)           0.000    11.182    vga0/image_buf_i/addr_x_scaled__1_carry__2_n_0
    SLICE_X61Y79         CARRY4 (Prop_carry4_CI_O[1])
                                                      0.334    11.516 r  vga0/image_buf_i/addr_x_scaled__1_carry__3/O[1]
                         net (fo=6, routed)           1.063    12.579    vga0/image_buf_i/addr_x_scaled__1_carry__3_n_6
    SLICE_X63Y79         LUT2 (Prop_lut2_I0_O)        0.303    12.882 r  vga0/image_buf_i/addr_x_scaled__51_carry_i_3/O
                         net (fo=1, routed)           0.000    12.882    vga0/image_buf_i/addr_x_scaled__51_carry_i_3_n_0
    SLICE_X63Y79         CARRY4 (Prop_carry4_S[1]_CO[3])
                                                      0.550    13.432 r  vga0/image_buf_i/addr_x_scaled__51_carry/CO[3]
                         net (fo=1, routed)           0.000    13.432    vga0/image_buf_i/addr_x_scaled__51_carry_n_0
    SLICE_X63Y80         CARRY4 (Prop_carry4_CI_O[0])
                                                      0.222    13.654 r  vga0/image_buf_i/addr_x_scaled__51_carry__0/O[0]
                         net (fo=3, routed)           0.974    14.628    vga0/image_buf_i/addr_x_scaled__51_carry__0_n_7
    SLICE_X62Y78         LUT4 (Prop_lut4_I1_O)        0.299    14.927 r  vga0/image_buf_i/addr_x_scaled__74_carry__0_i_7/O
                         net (fo=1, routed)           0.000    14.927    vga0/image_buf_i/addr_x_scaled__74_carry__0_i_7_n_0
    SLICE_X62Y78         CARRY4 (Prop_carry4_S[1]_CO[3])
                                                      0.533    15.460 r  vga0/image_buf_i/addr_x_scaled__74_carry__0/CO[3]
                         net (fo=1, routed)           0.000    15.460    vga0/image_buf_i/addr_x_scaled__74_carry__0_n_0
    SLICE_X62Y79         CARRY4 (Prop_carry4_CI_CO[0])
                                                      0.254    15.714 f  vga0/image_buf_i/addr_x_scaled__74_carry__1/CO[0]
                         net (fo=5, routed)           0.913    16.627    vga0/image_buf_i/addr_x_scaled__74_carry__1_n_3
    SLICE_X63Y83         LUT6 (Prop_lut6_I4_O)        0.367    16.994 r  vga0/image_buf_i/raddr[7]_i_6/O
                         net (fo=4, routed)           0.682    17.676    vga0/image_buf_i/raddr[7]_i_6_n_0
    SLICE_X62Y83         LUT3 (Prop_lut3_I0_O)        0.124    17.800 r  vga0/image_buf_i/raddr[3]_i_6/O
                         net (fo=1, routed)           0.000    17.800    vga0/image_buf_i/raddr[3]_i_6_n_0
    SLICE_X62Y83         CARRY4 (Prop_carry4_S[3]_CO[3])
                                                      0.376    18.176 r  vga0/image_buf_i/raddr_reg[3]_i_1/CO[3]
                         net (fo=1, routed)           0.000    18.176    vga0/image_buf_i/raddr_reg[3]_i_1_n_0
    SLICE_X62Y84         CARRY4 (Prop_carry4_CI_CO[3])
                                                      0.117    18.293 r  vga0/image_buf_i/raddr_reg[7]_i_1/CO[3]
                         net (fo=1, routed)           0.000    18.293    vga0/image_buf_i/raddr_reg[7]_i_1_n_0
    SLICE_X62Y85         CARRY4 (Prop_carry4_CI_O[3])
                                                      0.315    18.608 r  vga0/image_buf_i/raddr_reg[11]_i_1/O[3]
                         net (fo=1, routed)           0.000    18.608    vga0/image_buf_i/raddr0[11]
    SLICE_X62Y85         FDRE                                         r  vga0/image_buf_i/raddr_reg[11]/D
  -------------------------------------------------------------------    -------------------

                         (clock clk_pixel_clk_wiz rise edge)
                                                     40.000    40.000 r  
    BUFGCTRL_X0Y16       BUFG                         0.000    40.000 r  clk_IBUF_BUFG_inst/O
                         net (fo=1697, routed)        1.683    41.683    vga0/clk_wiz_i/inst/clk
    MMCME2_ADV_X0Y0      MMCME2_ADV (Prop_mmcme2_adv_CLKIN1_CLKOUT0)
                                                     -3.694    37.989 r  vga0/clk_wiz_i/inst/mmcm_adv_inst/CLKOUT0
                         net (fo=1, routed)           1.923    39.912    vga0/clk_wiz_i/inst/clk_pixel_clk_wiz
    BUFGCTRL_X0Y0        BUFG (Prop_bufg_I_O)         0.091    40.003 r  vga0/clk_wiz_i/inst/clkout1_buf/O
                         net (fo=283, routed)         1.503    41.506    vga0/image_buf_i/clk_pixel
    SLICE_X62Y85         FDRE                                         r  vga0/image_buf_i/raddr_reg[11]/C
                         clock pessimism              0.096    41.602    
                         clock uncertainty           -0.098    41.505    
    SLICE_X62Y85         FDRE (Setup_fdre_C_D)        0.109    41.614    vga0/image_buf_i/raddr_reg[11]
  -------------------------------------------------------------------
                         required time                         41.614    
                         arrival time                         -18.608    
  -------------------------------------------------------------------
                         slack                                 23.006    

Slack (MET) :             23.082ns  (required time - arrival time)
  Source:                 vga0/vga_gen_i/vga_ctrl_reg[pixel_x][1]/C
                            (rising edge-triggered cell FDCE clocked by clk_pixel_clk_wiz  {rise@0.000ns fall@20.000ns period=40.000ns})
  Destination:            vga0/image_buf_i/raddr_reg[10]/D
                            (rising edge-triggered cell FDRE clocked by clk_pixel_clk_wiz  {rise@0.000ns fall@20.000ns period=40.000ns})
  Path Group:             clk_pixel_clk_wiz
  Path Type:              Setup (Max at Slow Process Corner)
  Requirement:            40.000ns  (clk_pixel_clk_wiz rise@40.000ns - clk_pixel_clk_wiz rise@0.000ns)
  Data Path Delay:        16.917ns  (logic 9.136ns (54.004%)  route 7.781ns (45.996%))
  Logic Levels:           17  (CARRY4=9 DSP48E1=1 LUT2=1 LUT3=2 LUT4=1 LUT5=1 LUT6=2)
  Clock Path Skew:        -0.012ns (DCD - SCD + CPR)
    Destination Clock Delay (DCD):    1.506ns = ( 41.506 - 40.000 ) 
    Source Clock Delay      (SCD):    1.614ns
    Clock Pessimism Removal (CPR):    0.096ns
  Clock Uncertainty:      0.098ns  ((TSJ^2 + DJ^2)^1/2) / 2 + PE
    Total System Jitter     (TSJ):    0.071ns
    Discrete Jitter          (DJ):    0.182ns
    Phase Error              (PE):    0.000ns

    Location             Delay type                Incr(ns)  Path(ns)    Netlist Resource(s)
  -------------------------------------------------------------------    -------------------
                         (clock clk_pixel_clk_wiz rise edge)
                                                      0.000     0.000 r  
    BUFGCTRL_X0Y16       BUFG                         0.000     0.000 r  clk_IBUF_BUFG_inst/O
                         net (fo=1697, routed)        1.809     1.809    vga0/clk_wiz_i/inst/clk
    MMCME2_ADV_X0Y0      MMCME2_ADV (Prop_mmcme2_adv_CLKIN1_CLKOUT0)
                                                     -3.922    -2.112 r  vga0/clk_wiz_i/inst/mmcm_adv_inst/CLKOUT0
                         net (fo=1, routed)           2.018    -0.094    vga0/clk_wiz_i/inst/clk_pixel_clk_wiz
    BUFGCTRL_X0Y0        BUFG (Prop_bufg_I_O)         0.096     0.002 r  vga0/clk_wiz_i/inst/clkout1_buf/O
                         net (fo=283, routed)         1.612     1.614    vga0/vga_gen_i/clk_pixel
    SLICE_X62Y76         FDCE                                         r  vga0/vga_gen_i/vga_ctrl_reg[pixel_x][1]/C
  -------------------------------------------------------------------    -------------------
    SLICE_X62Y76         FDCE (Prop_fdce_C_Q)         0.478     2.092 r  vga0/vga_gen_i/vga_ctrl_reg[pixel_x][1]/Q
                         net (fo=2, routed)           0.919     3.011    vga0/image_buf_i/Q[1]
    DSP48_X1Y30          DSP48E1 (Prop_dsp48e1_A[1]_P[11])
                                                      4.018     7.029 f  vga0/image_buf_i/addr_x_scaled0/P[11]
                         net (fo=15, routed)          1.523     8.552    vga0/image_buf_i/addr_x_scaled0_n_94
    SLICE_X60Y78         LUT3 (Prop_lut3_I2_O)        0.124     8.676 f  vga0/image_buf_i/addr_x_scaled__1_carry__2_i_11/O
                         net (fo=2, routed)           0.682     9.358    vga0/image_buf_i/addr_x_scaled__1_carry__2_i_11_n_0
    SLICE_X60Y78         LUT5 (Prop_lut5_I3_O)        0.124     9.482 r  vga0/image_buf_i/addr_x_scaled__1_carry__2_i_3/O
                         net (fo=2, routed)           1.025    10.508    vga0/image_buf_i/addr_x_scaled__1_carry__2_i_3_n_0
    SLICE_X61Y78         LUT6 (Prop_lut6_I0_O)        0.124    10.632 r  vga0/image_buf_i/addr_x_scaled__1_carry__2_i_7/O
                         net (fo=1, routed)           0.000    10.632    vga0/image_buf_i/addr_x_scaled__1_carry__2_i_7_n_0
    SLICE_X61Y78         CARRY4 (Prop_carry4_S[1]_CO[3])
                                                      0.550    11.182 r  vga0/image_buf_i/addr_x_scaled__1_carry__2/CO[3]
                         net (fo=1, routed)           0.000    11.182    vga0/image_buf_i/addr_x_scaled__1_carry__2_n_0
    SLICE_X61Y79         CARRY4 (Prop_carry4_CI_O[1])
                                                      0.334    11.516 r  vga0/image_buf_i/addr_x_scaled__1_carry__3/O[1]
                         net (fo=6, routed)           1.063    12.579    vga0/image_buf_i/addr_x_scaled__1_carry__3_n_6
    SLICE_X63Y79         LUT2 (Prop_lut2_I0_O)        0.303    12.882 r  vga0/image_buf_i/addr_x_scaled__51_carry_i_3/O
                         net (fo=1, routed)           0.000    12.882    vga0/image_buf_i/addr_x_scaled__51_carry_i_3_n_0
    SLICE_X63Y79         CARRY4 (Prop_carry4_S[1]_CO[3])
                                                      0.550    13.432 r  vga0/image_buf_i/addr_x_scaled__51_carry/CO[3]
                         net (fo=1, routed)           0.000    13.432    vga0/image_buf_i/addr_x_scaled__51_carry_n_0
    SLICE_X63Y80         CARRY4 (Prop_carry4_CI_O[0])
                                                      0.222    13.654 r  vga0/image_buf_i/addr_x_scaled__51_carry__0/O[0]
                         net (fo=3, routed)           0.974    14.628    vga0/image_buf_i/addr_x_scaled__51_carry__0_n_7
    SLICE_X62Y78         LUT4 (Prop_lut4_I1_O)        0.299    14.927 r  vga0/image_buf_i/addr_x_scaled__74_carry__0_i_7/O
                         net (fo=1, routed)           0.000    14.927    vga0/image_buf_i/addr_x_scaled__74_carry__0_i_7_n_0
    SLICE_X62Y78         CARRY4 (Prop_carry4_S[1]_CO[3])
                                                      0.533    15.460 r  vga0/image_buf_i/addr_x_scaled__74_carry__0/CO[3]
                         net (fo=1, routed)           0.000    15.460    vga0/image_buf_i/addr_x_scaled__74_carry__0_n_0
    SLICE_X62Y79         CARRY4 (Prop_carry4_CI_CO[0])
                                                      0.254    15.714 f  vga0/image_buf_i/addr_x_scaled__74_carry__1/CO[0]
                         net (fo=5, routed)           0.913    16.627    vga0/image_buf_i/addr_x_scaled__74_carry__1_n_3
    SLICE_X63Y83         LUT6 (Prop_lut6_I4_O)        0.367    16.994 r  vga0/image_buf_i/raddr[7]_i_6/O
                         net (fo=4, routed)           0.682    17.676    vga0/image_buf_i/raddr[7]_i_6_n_0
    SLICE_X62Y83         LUT3 (Prop_lut3_I0_O)        0.124    17.800 r  vga0/image_buf_i/raddr[3]_i_6/O
                         net (fo=1, routed)           0.000    17.800    vga0/image_buf_i/raddr[3]_i_6_n_0
    SLICE_X62Y83         CARRY4 (Prop_carry4_S[3]_CO[3])
                                                      0.376    18.176 r  vga0/image_buf_i/raddr_reg[3]_i_1/CO[3]
                         net (fo=1, routed)           0.000    18.176    vga0/image_buf_i/raddr_reg[3]_i_1_n_0
    SLICE_X62Y84         CARRY4 (Prop_carry4_CI_CO[3])
                                                      0.117    18.293 r  vga0/image_buf_i/raddr_reg[7]_i_1/CO[3]
                         net (fo=1, routed)           0.000    18.293    vga0/image_buf_i/raddr_reg[7]_i_1_n_0
    SLICE_X62Y85         CARRY4 (Prop_carry4_CI_O[2])
                                                      0.239    18.532 r  vga0/image_buf_i/raddr_reg[11]_i_1/O[2]
                         net (fo=1, routed)           0.000    18.532    vga0/image_buf_i/raddr0[10]
    SLICE_X62Y85         FDRE                                         r  vga0/image_buf_i/raddr_reg[10]/D
  -------------------------------------------------------------------    -------------------

                         (clock clk_pixel_clk_wiz rise edge)
                                                     40.000    40.000 r  
    BUFGCTRL_X0Y16       BUFG                         0.000    40.000 r  clk_IBUF_BUFG_inst/O
                         net (fo=1697, routed)        1.683    41.683    vga0/clk_wiz_i/inst/clk
    MMCME2_ADV_X0Y0      MMCME2_ADV (Prop_mmcme2_adv_CLKIN1_CLKOUT0)
                                                     -3.694    37.989 r  vga0/clk_wiz_i/inst/mmcm_adv_inst/CLKOUT0
                         net (fo=1, routed)           1.923    39.912    vga0/clk_wiz_i/inst/clk_pixel_clk_wiz
    BUFGCTRL_X0Y0        BUFG (Prop_bufg_I_O)         0.091    40.003 r  vga0/clk_wiz_i/inst/clkout1_buf/O
                         net (fo=283, routed)         1.503    41.506    vga0/image_buf_i/clk_pixel
    SLICE_X62Y85         FDRE                                         r  vga0/image_buf_i/raddr_reg[10]/C
                         clock pessimism              0.096    41.602    
                         clock uncertainty           -0.098    41.505    
    SLICE_X62Y85         FDRE (Setup_fdre_C_D)        0.109    41.614    vga0/image_buf_i/raddr_reg[10]
  -------------------------------------------------------------------
                         required time                         41.614    
                         arrival time                         -18.532    
  -------------------------------------------------------------------
                         slack                                 23.082    

Slack (MET) :             23.102ns  (required time - arrival time)
  Source:                 vga0/vga_gen_i/vga_ctrl_reg[pixel_x][1]/C
                            (rising edge-triggered cell FDCE clocked by clk_pixel_clk_wiz  {rise@0.000ns fall@20.000ns period=40.000ns})
  Destination:            vga0/image_buf_i/raddr_reg[8]/D
                            (rising edge-triggered cell FDRE clocked by clk_pixel_clk_wiz  {rise@0.000ns fall@20.000ns period=40.000ns})
  Path Group:             clk_pixel_clk_wiz
  Path Type:              Setup (Max at Slow Process Corner)
  Requirement:            40.000ns  (clk_pixel_clk_wiz rise@40.000ns - clk_pixel_clk_wiz rise@0.000ns)
  Data Path Delay:        16.897ns  (logic 9.116ns (53.949%)  route 7.781ns (46.051%))
  Logic Levels:           17  (CARRY4=9 DSP48E1=1 LUT2=1 LUT3=2 LUT4=1 LUT5=1 LUT6=2)
  Clock Path Skew:        -0.012ns (DCD - SCD + CPR)
    Destination Clock Delay (DCD):    1.506ns = ( 41.506 - 40.000 ) 
    Source Clock Delay      (SCD):    1.614ns
    Clock Pessimism Removal (CPR):    0.096ns
  Clock Uncertainty:      0.098ns  ((TSJ^2 + DJ^2)^1/2) / 2 + PE
    Total System Jitter     (TSJ):    0.071ns
    Discrete Jitter          (DJ):    0.182ns
    Phase Error              (PE):    0.000ns

    Location             Delay type                Incr(ns)  Path(ns)    Netlist Resource(s)
  -------------------------------------------------------------------    -------------------
                         (clock clk_pixel_clk_wiz rise edge)
                                                      0.000     0.000 r  
    BUFGCTRL_X0Y16       BUFG                         0.000     0.000 r  clk_IBUF_BUFG_inst/O
                         net (fo=1697, routed)        1.809     1.809    vga0/clk_wiz_i/inst/clk
    MMCME2_ADV_X0Y0      MMCME2_ADV (Prop_mmcme2_adv_CLKIN1_CLKOUT0)
                                                     -3.922    -2.112 r  vga0/clk_wiz_i/inst/mmcm_adv_inst/CLKOUT0
                         net (fo=1, routed)           2.018    -0.094    vga0/clk_wiz_i/inst/clk_pixel_clk_wiz
    BUFGCTRL_X0Y0        BUFG (Prop_bufg_I_O)         0.096     0.002 r  vga0/clk_wiz_i/inst/clkout1_buf/O
                         net (fo=283, routed)         1.612     1.614    vga0/vga_gen_i/clk_pixel
    SLICE_X62Y76         FDCE                                         r  vga0/vga_gen_i/vga_ctrl_reg[pixel_x][1]/C
  -------------------------------------------------------------------    -------------------
    SLICE_X62Y76         FDCE (Prop_fdce_C_Q)         0.478     2.092 r  vga0/vga_gen_i/vga_ctrl_reg[pixel_x][1]/Q
                         net (fo=2, routed)           0.919     3.011    vga0/image_buf_i/Q[1]
    DSP48_X1Y30          DSP48E1 (Prop_dsp48e1_A[1]_P[11])
                                                      4.018     7.029 f  vga0/image_buf_i/addr_x_scaled0/P[11]
                         net (fo=15, routed)          1.523     8.552    vga0/image_buf_i/addr_x_scaled0_n_94
    SLICE_X60Y78         LUT3 (Prop_lut3_I2_O)        0.124     8.676 f  vga0/image_buf_i/addr_x_scaled__1_carry__2_i_11/O
                         net (fo=2, routed)           0.682     9.358    vga0/image_buf_i/addr_x_scaled__1_carry__2_i_11_n_0
    SLICE_X60Y78         LUT5 (Prop_lut5_I3_O)        0.124     9.482 r  vga0/image_buf_i/addr_x_scaled__1_carry__2_i_3/O
                         net (fo=2, routed)           1.025    10.508    vga0/image_buf_i/addr_x_scaled__1_carry__2_i_3_n_0
    SLICE_X61Y78         LUT6 (Prop_lut6_I0_O)        0.124    10.632 r  vga0/image_buf_i/addr_x_scaled__1_carry__2_i_7/O
                         net (fo=1, routed)           0.000    10.632    vga0/image_buf_i/addr_x_scaled__1_carry__2_i_7_n_0
    SLICE_X61Y78         CARRY4 (Prop_carry4_S[1]_CO[3])
                                                      0.550    11.182 r  vga0/image_buf_i/addr_x_scaled__1_carry__2/CO[3]
                         net (fo=1, routed)           0.000    11.182    vga0/image_buf_i/addr_x_scaled__1_carry__2_n_0
    SLICE_X61Y79         CARRY4 (Prop_carry4_CI_O[1])
                                                      0.334    11.516 r  vga0/image_buf_i/addr_x_scaled__1_carry__3/O[1]
                         net (fo=6, routed)           1.063    12.579    vga0/image_buf_i/addr_x_scaled__1_carry__3_n_6
    SLICE_X63Y79         LUT2 (Prop_lut2_I0_O)        0.303    12.882 r  vga0/image_buf_i/addr_x_scaled__51_carry_i_3/O
                         net (fo=1, routed)           0.000    12.882    vga0/image_buf_i/addr_x_scaled__51_carry_i_3_n_0
    SLICE_X63Y79         CARRY4 (Prop_carry4_S[1]_CO[3])
                                                      0.550    13.432 r  vga0/image_buf_i/addr_x_scaled__51_carry/CO[3]
                         net (fo=1, routed)           0.000    13.432    vga0/image_buf_i/addr_x_scaled__51_carry_n_0
    SLICE_X63Y80         CARRY4 (Prop_carry4_CI_O[0])
                                                      0.222    13.654 r  vga0/image_buf_i/addr_x_scaled__51_carry__0/O[0]
                         net (fo=3, routed)           0.974    14.628    vga0/image_buf_i/addr_x_scaled__51_carry__0_n_7
    SLICE_X62Y78         LUT4 (Prop_lut4_I1_O)        0.299    14.927 r  vga0/image_buf_i/addr_x_scaled__74_carry__0_i_7/O
                         net (fo=1, routed)           0.000    14.927    vga0/image_buf_i/addr_x_scaled__74_carry__0_i_7_n_0
    SLICE_X62Y78         CARRY4 (Prop_carry4_S[1]_CO[3])
                                                      0.533    15.460 r  vga0/image_buf_i/addr_x_scaled__74_carry__0/CO[3]
                         net (fo=1, routed)           0.000    15.460    vga0/image_buf_i/addr_x_scaled__74_carry__0_n_0
    SLICE_X62Y79         CARRY4 (Prop_carry4_CI_CO[0])
                                                      0.254    15.714 f  vga0/image_buf_i/addr_x_scaled__74_carry__1/CO[0]
                         net (fo=5, routed)           0.913    16.627    vga0/image_buf_i/addr_x_scaled__74_carry__1_n_3
    SLICE_X63Y83         LUT6 (Prop_lut6_I4_O)        0.367    16.994 r  vga0/image_buf_i/raddr[7]_i_6/O
                         net (fo=4, routed)           0.682    17.676    vga0/image_buf_i/raddr[7]_i_6_n_0
    SLICE_X62Y83         LUT3 (Prop_lut3_I0_O)        0.124    17.800 r  vga0/image_buf_i/raddr[3]_i_6/O
                         net (fo=1, routed)           0.000    17.800    vga0/image_buf_i/raddr[3]_i_6_n_0
    SLICE_X62Y83         CARRY4 (Prop_carry4_S[3]_CO[3])
                                                      0.376    18.176 r  vga0/image_buf_i/raddr_reg[3]_i_1/CO[3]
                         net (fo=1, routed)           0.000    18.176    vga0/image_buf_i/raddr_reg[3]_i_1_n_0
    SLICE_X62Y84         CARRY4 (Prop_carry4_CI_CO[3])
                                                      0.117    18.293 r  vga0/image_buf_i/raddr_reg[7]_i_1/CO[3]
                         net (fo=1, routed)           0.000    18.293    vga0/image_buf_i/raddr_reg[7]_i_1_n_0
    SLICE_X62Y85         CARRY4 (Prop_carry4_CI_O[0])
                                                      0.219    18.512 r  vga0/image_buf_i/raddr_reg[11]_i_1/O[0]
                         net (fo=1, routed)           0.000    18.512    vga0/image_buf_i/raddr0[8]
    SLICE_X62Y85         FDRE                                         r  vga0/image_buf_i/raddr_reg[8]/D
  -------------------------------------------------------------------    -------------------

                         (clock clk_pixel_clk_wiz rise edge)
                                                     40.000    40.000 r  
    BUFGCTRL_X0Y16       BUFG                         0.000    40.000 r  clk_IBUF_BUFG_inst/O
                         net (fo=1697, routed)        1.683    41.683    vga0/clk_wiz_i/inst/clk
    MMCME2_ADV_X0Y0      MMCME2_ADV (Prop_mmcme2_adv_CLKIN1_CLKOUT0)
                                                     -3.694    37.989 r  vga0/clk_wiz_i/inst/mmcm_adv_inst/CLKOUT0
                         net (fo=1, routed)           1.923    39.912    vga0/clk_wiz_i/inst/clk_pixel_clk_wiz
    BUFGCTRL_X0Y0        BUFG (Prop_bufg_I_O)         0.091    40.003 r  vga0/clk_wiz_i/inst/clkout1_buf/O
                         net (fo=283, routed)         1.503    41.506    vga0/image_buf_i/clk_pixel
    SLICE_X62Y85         FDRE                                         r  vga0/image_buf_i/raddr_reg[8]/C
                         clock pessimism              0.096    41.602    
                         clock uncertainty           -0.098    41.505    
    SLICE_X62Y85         FDRE (Setup_fdre_C_D)        0.109    41.614    vga0/image_buf_i/raddr_reg[8]
  -------------------------------------------------------------------
                         required time                         41.614    
                         arrival time                         -18.512    
  -------------------------------------------------------------------
                         slack                                 23.102    

Slack (MET) :             23.114ns  (required time - arrival time)
  Source:                 vga0/vga_gen_i/vga_ctrl_reg[pixel_x][1]/C
                            (rising edge-triggered cell FDCE clocked by clk_pixel_clk_wiz  {rise@0.000ns fall@20.000ns period=40.000ns})
  Destination:            vga0/image_buf_i/raddr_reg[5]/D
                            (rising edge-triggered cell FDRE clocked by clk_pixel_clk_wiz  {rise@0.000ns fall@20.000ns period=40.000ns})
  Path Group:             clk_pixel_clk_wiz
  Path Type:              Setup (Max at Slow Process Corner)
  Requirement:            40.000ns  (clk_pixel_clk_wiz rise@40.000ns - clk_pixel_clk_wiz rise@0.000ns)
  Data Path Delay:        16.884ns  (logic 9.103ns (53.914%)  route 7.781ns (46.086%))
  Logic Levels:           16  (CARRY4=8 DSP48E1=1 LUT2=1 LUT3=2 LUT4=1 LUT5=1 LUT6=2)
  Clock Path Skew:        -0.013ns (DCD - SCD + CPR)
    Destination Clock Delay (DCD):    1.505ns = ( 41.505 - 40.000 ) 
    Source Clock Delay      (SCD):    1.614ns
    Clock Pessimism Removal (CPR):    0.096ns
  Clock Uncertainty:      0.098ns  ((TSJ^2 + DJ^2)^1/2) / 2 + PE
    Total System Jitter     (TSJ):    0.071ns
    Discrete Jitter          (DJ):    0.182ns
    Phase Error              (PE):    0.000ns

    Location             Delay type                Incr(ns)  Path(ns)    Netlist Resource(s)
  -------------------------------------------------------------------    -------------------
                         (clock clk_pixel_clk_wiz rise edge)
                                                      0.000     0.000 r  
    BUFGCTRL_X0Y16       BUFG                         0.000     0.000 r  clk_IBUF_BUFG_inst/O
                         net (fo=1697, routed)        1.809     1.809    vga0/clk_wiz_i/inst/clk
    MMCME2_ADV_X0Y0      MMCME2_ADV (Prop_mmcme2_adv_CLKIN1_CLKOUT0)
                                                     -3.922    -2.112 r  vga0/clk_wiz_i/inst/mmcm_adv_inst/CLKOUT0
                         net (fo=1, routed)           2.018    -0.094    vga0/clk_wiz_i/inst/clk_pixel_clk_wiz
    BUFGCTRL_X0Y0        BUFG (Prop_bufg_I_O)         0.096     0.002 r  vga0/clk_wiz_i/inst/clkout1_buf/O
                         net (fo=283, routed)         1.612     1.614    vga0/vga_gen_i/clk_pixel
    SLICE_X62Y76         FDCE                                         r  vga0/vga_gen_i/vga_ctrl_reg[pixel_x][1]/C
  -------------------------------------------------------------------    -------------------
    SLICE_X62Y76         FDCE (Prop_fdce_C_Q)         0.478     2.092 r  vga0/vga_gen_i/vga_ctrl_reg[pixel_x][1]/Q
                         net (fo=2, routed)           0.919     3.011    vga0/image_buf_i/Q[1]
    DSP48_X1Y30          DSP48E1 (Prop_dsp48e1_A[1]_P[11])
                                                      4.018     7.029 f  vga0/image_buf_i/addr_x_scaled0/P[11]
                         net (fo=15, routed)          1.523     8.552    vga0/image_buf_i/addr_x_scaled0_n_94
    SLICE_X60Y78         LUT3 (Prop_lut3_I2_O)        0.124     8.676 f  vga0/image_buf_i/addr_x_scaled__1_carry__2_i_11/O
                         net (fo=2, routed)           0.682     9.358    vga0/image_buf_i/addr_x_scaled__1_carry__2_i_11_n_0
    SLICE_X60Y78         LUT5 (Prop_lut5_I3_O)        0.124     9.482 r  vga0/image_buf_i/addr_x_scaled__1_carry__2_i_3/O
                         net (fo=2, routed)           1.025    10.508    vga0/image_buf_i/addr_x_scaled__1_carry__2_i_3_n_0
    SLICE_X61Y78         LUT6 (Prop_lut6_I0_O)        0.124    10.632 r  vga0/image_buf_i/addr_x_scaled__1_carry__2_i_7/O
                         net (fo=1, routed)           0.000    10.632    vga0/image_buf_i/addr_x_scaled__1_carry__2_i_7_n_0
    SLICE_X61Y78         CARRY4 (Prop_carry4_S[1]_CO[3])
                                                      0.550    11.182 r  vga0/image_buf_i/addr_x_scaled__1_carry__2/CO[3]
                         net (fo=1, routed)           0.000    11.182    vga0/image_buf_i/addr_x_scaled__1_carry__2_n_0
    SLICE_X61Y79         CARRY4 (Prop_carry4_CI_O[1])
                                                      0.334    11.516 r  vga0/image_buf_i/addr_x_scaled__1_carry__3/O[1]
                         net (fo=6, routed)           1.063    12.579    vga0/image_buf_i/addr_x_scaled__1_carry__3_n_6
    SLICE_X63Y79         LUT2 (Prop_lut2_I0_O)        0.303    12.882 r  vga0/image_buf_i/addr_x_scaled__51_carry_i_3/O
                         net (fo=1, routed)           0.000    12.882    vga0/image_buf_i/addr_x_scaled__51_carry_i_3_n_0
    SLICE_X63Y79         CARRY4 (Prop_carry4_S[1]_CO[3])
                                                      0.550    13.432 r  vga0/image_buf_i/addr_x_scaled__51_carry/CO[3]
                         net (fo=1, routed)           0.000    13.432    vga0/image_buf_i/addr_x_scaled__51_carry_n_0
    SLICE_X63Y80         CARRY4 (Prop_carry4_CI_O[0])
                                                      0.222    13.654 r  vga0/image_buf_i/addr_x_scaled__51_carry__0/O[0]
                         net (fo=3, routed)           0.974    14.628    vga0/image_buf_i/addr_x_scaled__51_carry__0_n_7
    SLICE_X62Y78         LUT4 (Prop_lut4_I1_O)        0.299    14.927 r  vga0/image_buf_i/addr_x_scaled__74_carry__0_i_7/O
                         net (fo=1, routed)           0.000    14.927    vga0/image_buf_i/addr_x_scaled__74_carry__0_i_7_n_0
    SLICE_X62Y78         CARRY4 (Prop_carry4_S[1]_CO[3])
                                                      0.533    15.460 r  vga0/image_buf_i/addr_x_scaled__74_carry__0/CO[3]
                         net (fo=1, routed)           0.000    15.460    vga0/image_buf_i/addr_x_scaled__74_carry__0_n_0
    SLICE_X62Y79         CARRY4 (Prop_carry4_CI_CO[0])
                                                      0.254    15.714 f  vga0/image_buf_i/addr_x_scaled__74_carry__1/CO[0]
                         net (fo=5, routed)           0.913    16.627    vga0/image_buf_i/addr_x_scaled__74_carry__1_n_3
    SLICE_X63Y83         LUT6 (Prop_lut6_I4_O)        0.367    16.994 r  vga0/image_buf_i/raddr[7]_i_6/O
                         net (fo=4, routed)           0.682    17.676    vga0/image_buf_i/raddr[7]_i_6_n_0
    SLICE_X62Y83         LUT3 (Prop_lut3_I0_O)        0.124    17.800 r  vga0/image_buf_i/raddr[3]_i_6/O
                         net (fo=1, routed)           0.000    17.800    vga0/image_buf_i/raddr[3]_i_6_n_0
    SLICE_X62Y83         CARRY4 (Prop_carry4_S[3]_CO[3])
                                                      0.376    18.176 r  vga0/image_buf_i/raddr_reg[3]_i_1/CO[3]
                         net (fo=1, routed)           0.000    18.176    vga0/image_buf_i/raddr_reg[3]_i_1_n_0
    SLICE_X62Y84         CARRY4 (Prop_carry4_CI_O[1])
                                                      0.323    18.499 r  vga0/image_buf_i/raddr_reg[7]_i_1/O[1]
                         net (fo=1, routed)           0.000    18.499    vga0/image_buf_i/raddr0[5]
    SLICE_X62Y84         FDRE                                         r  vga0/image_buf_i/raddr_reg[5]/D
  -------------------------------------------------------------------    -------------------

                         (clock clk_pixel_clk_wiz rise edge)
                                                     40.000    40.000 r  
    BUFGCTRL_X0Y16       BUFG                         0.000    40.000 r  clk_IBUF_BUFG_inst/O
                         net (fo=1697, routed)        1.683    41.683    vga0/clk_wiz_i/inst/clk
    MMCME2_ADV_X0Y0      MMCME2_ADV (Prop_mmcme2_adv_CLKIN1_CLKOUT0)
                                                     -3.694    37.989 r  vga0/clk_wiz_i/inst/mmcm_adv_inst/CLKOUT0
                         net (fo=1, routed)           1.923    39.912    vga0/clk_wiz_i/inst/clk_pixel_clk_wiz
    BUFGCTRL_X0Y0        BUFG (Prop_bufg_I_O)         0.091    40.003 r  vga0/clk_wiz_i/inst/clkout1_buf/O
                         net (fo=283, routed)         1.502    41.505    vga0/image_buf_i/clk_pixel
    SLICE_X62Y84         FDRE                                         r  vga0/image_buf_i/raddr_reg[5]/C
                         clock pessimism              0.096    41.601    
                         clock uncertainty           -0.098    41.504    
    SLICE_X62Y84         FDRE (Setup_fdre_C_D)        0.109    41.613    vga0/image_buf_i/raddr_reg[5]
  -------------------------------------------------------------------
                         required time                         41.613    
                         arrival time                         -18.499    
  -------------------------------------------------------------------
                         slack                                 23.114    

Slack (MET) :             23.122ns  (required time - arrival time)
  Source:                 vga0/vga_gen_i/vga_ctrl_reg[pixel_x][1]/C
                            (rising edge-triggered cell FDCE clocked by clk_pixel_clk_wiz  {rise@0.000ns fall@20.000ns period=40.000ns})
  Destination:            vga0/image_buf_i/raddr_reg[7]/D
                            (rising edge-triggered cell FDRE clocked by clk_pixel_clk_wiz  {rise@0.000ns fall@20.000ns period=40.000ns})
  Path Group:             clk_pixel_clk_wiz
  Path Type:              Setup (Max at Slow Process Corner)
  Requirement:            40.000ns  (clk_pixel_clk_wiz rise@40.000ns - clk_pixel_clk_wiz rise@0.000ns)
  Data Path Delay:        16.876ns  (logic 9.095ns (53.892%)  route 7.781ns (46.108%))
  Logic Levels:           16  (CARRY4=8 DSP48E1=1 LUT2=1 LUT3=2 LUT4=1 LUT5=1 LUT6=2)
  Clock Path Skew:        -0.013ns (DCD - SCD + CPR)
    Destination Clock Delay (DCD):    1.505ns = ( 41.505 - 40.000 ) 
    Source Clock Delay      (SCD):    1.614ns
    Clock Pessimism Removal (CPR):    0.096ns
  Clock Uncertainty:      0.098ns  ((TSJ^2 + DJ^2)^1/2) / 2 + PE
    Total System Jitter     (TSJ):    0.071ns
    Discrete Jitter          (DJ):    0.182ns
    Phase Error              (PE):    0.000ns

    Location             Delay type                Incr(ns)  Path(ns)    Netlist Resource(s)
  -------------------------------------------------------------------    -------------------
                         (clock clk_pixel_clk_wiz rise edge)
                                                      0.000     0.000 r  
    BUFGCTRL_X0Y16       BUFG                         0.000     0.000 r  clk_IBUF_BUFG_inst/O
                         net (fo=1697, routed)        1.809     1.809    vga0/clk_wiz_i/inst/clk
    MMCME2_ADV_X0Y0      MMCME2_ADV (Prop_mmcme2_adv_CLKIN1_CLKOUT0)
                                                     -3.922    -2.112 r  vga0/clk_wiz_i/inst/mmcm_adv_inst/CLKOUT0
                         net (fo=1, routed)           2.018    -0.094    vga0/clk_wiz_i/inst/clk_pixel_clk_wiz
    BUFGCTRL_X0Y0        BUFG (Prop_bufg_I_O)         0.096     0.002 r  vga0/clk_wiz_i/inst/clkout1_buf/O
                         net (fo=283, routed)         1.612     1.614    vga0/vga_gen_i/clk_pixel
    SLICE_X62Y76         FDCE                                         r  vga0/vga_gen_i/vga_ctrl_reg[pixel_x][1]/C
  -------------------------------------------------------------------    -------------------
    SLICE_X62Y76         FDCE (Prop_fdce_C_Q)         0.478     2.092 r  vga0/vga_gen_i/vga_ctrl_reg[pixel_x][1]/Q
                         net (fo=2, routed)           0.919     3.011    vga0/image_buf_i/Q[1]
    DSP48_X1Y30          DSP48E1 (Prop_dsp48e1_A[1]_P[11])
                                                      4.018     7.029 f  vga0/image_buf_i/addr_x_scaled0/P[11]
                         net (fo=15, routed)          1.523     8.552    vga0/image_buf_i/addr_x_scaled0_n_94
    SLICE_X60Y78         LUT3 (Prop_lut3_I2_O)        0.124     8.676 f  vga0/image_buf_i/addr_x_scaled__1_carry__2_i_11/O
                         net (fo=2, routed)           0.682     9.358    vga0/image_buf_i/addr_x_scaled__1_carry__2_i_11_n_0
    SLICE_X60Y78         LUT5 (Prop_lut5_I3_O)        0.124     9.482 r  vga0/image_buf_i/addr_x_scaled__1_carry__2_i_3/O
                         net (fo=2, routed)           1.025    10.508    vga0/image_buf_i/addr_x_scaled__1_carry__2_i_3_n_0
    SLICE_X61Y78         LUT6 (Prop_lut6_I0_O)        0.124    10.632 r  vga0/image_buf_i/addr_x_scaled__1_carry__2_i_7/O
                         net (fo=1, routed)           0.000    10.632    vga0/image_buf_i/addr_x_scaled__1_carry__2_i_7_n_0
    SLICE_X61Y78         CARRY4 (Prop_carry4_S[1]_CO[3])
                                                      0.550    11.182 r  vga0/image_buf_i/addr_x_scaled__1_carry__2/CO[3]
                         net (fo=1, routed)           0.000    11.182    vga0/image_buf_i/addr_x_scaled__1_carry__2_n_0
    SLICE_X61Y79         CARRY4 (Prop_carry4_CI_O[1])
                                                      0.334    11.516 r  vga0/image_buf_i/addr_x_scaled__1_carry__3/O[1]
                         net (fo=6, routed)           1.063    12.579    vga0/image_buf_i/addr_x_scaled__1_carry__3_n_6
    SLICE_X63Y79         LUT2 (Prop_lut2_I0_O)        0.303    12.882 r  vga0/image_buf_i/addr_x_scaled__51_carry_i_3/O
                         net (fo=1, routed)           0.000    12.882    vga0/image_buf_i/addr_x_scaled__51_carry_i_3_n_0
    SLICE_X63Y79         CARRY4 (Prop_carry4_S[1]_CO[3])
                                                      0.550    13.432 r  vga0/image_buf_i/addr_x_scaled__51_carry/CO[3]
                         net (fo=1, routed)           0.000    13.432    vga0/image_buf_i/addr_x_scaled__51_carry_n_0
    SLICE_X63Y80         CARRY4 (Prop_carry4_CI_O[0])
                                                      0.222    13.654 r  vga0/image_buf_i/addr_x_scaled__51_carry__0/O[0]
                         net (fo=3, routed)           0.974    14.628    vga0/image_buf_i/addr_x_scaled__51_carry__0_n_7
    SLICE_X62Y78         LUT4 (Prop_lut4_I1_O)        0.299    14.927 r  vga0/image_buf_i/addr_x_scaled__74_carry__0_i_7/O
                         net (fo=1, routed)           0.000    14.927    vga0/image_buf_i/addr_x_scaled__74_carry__0_i_7_n_0
    SLICE_X62Y78         CARRY4 (Prop_carry4_S[1]_CO[3])
                                                      0.533    15.460 r  vga0/image_buf_i/addr_x_scaled__74_carry__0/CO[3]
                         net (fo=1, routed)           0.000    15.460    vga0/image_buf_i/addr_x_scaled__74_carry__0_n_0
    SLICE_X62Y79         CARRY4 (Prop_carry4_CI_CO[0])
                                                      0.254    15.714 f  vga0/image_buf_i/addr_x_scaled__74_carry__1/CO[0]
                         net (fo=5, routed)           0.913    16.627    vga0/image_buf_i/addr_x_scaled__74_carry__1_n_3
    SLICE_X63Y83         LUT6 (Prop_lut6_I4_O)        0.367    16.994 r  vga0/image_buf_i/raddr[7]_i_6/O
                         net (fo=4, routed)           0.682    17.676    vga0/image_buf_i/raddr[7]_i_6_n_0
    SLICE_X62Y83         LUT3 (Prop_lut3_I0_O)        0.124    17.800 r  vga0/image_buf_i/raddr[3]_i_6/O
                         net (fo=1, routed)           0.000    17.800    vga0/image_buf_i/raddr[3]_i_6_n_0
    SLICE_X62Y83         CARRY4 (Prop_carry4_S[3]_CO[3])
                                                      0.376    18.176 r  vga0/image_buf_i/raddr_reg[3]_i_1/CO[3]
                         net (fo=1, routed)           0.000    18.176    vga0/image_buf_i/raddr_reg[3]_i_1_n_0
    SLICE_X62Y84         CARRY4 (Prop_carry4_CI_O[3])
                                                      0.315    18.491 r  vga0/image_buf_i/raddr_reg[7]_i_1/O[3]
                         net (fo=1, routed)           0.000    18.491    vga0/image_buf_i/raddr0[7]
    SLICE_X62Y84         FDRE                                         r  vga0/image_buf_i/raddr_reg[7]/D
  -------------------------------------------------------------------    -------------------

                         (clock clk_pixel_clk_wiz rise edge)
                                                     40.000    40.000 r  
    BUFGCTRL_X0Y16       BUFG                         0.000    40.000 r  clk_IBUF_BUFG_inst/O
                         net (fo=1697, routed)        1.683    41.683    vga0/clk_wiz_i/inst/clk
    MMCME2_ADV_X0Y0      MMCME2_ADV (Prop_mmcme2_adv_CLKIN1_CLKOUT0)
                                                     -3.694    37.989 r  vga0/clk_wiz_i/inst/mmcm_adv_inst/CLKOUT0
                         net (fo=1, routed)           1.923    39.912    vga0/clk_wiz_i/inst/clk_pixel_clk_wiz
    BUFGCTRL_X0Y0        BUFG (Prop_bufg_I_O)         0.091    40.003 r  vga0/clk_wiz_i/inst/clkout1_buf/O
                         net (fo=283, routed)         1.502    41.505    vga0/image_buf_i/clk_pixel
    SLICE_X62Y84         FDRE                                         r  vga0/image_buf_i/raddr_reg[7]/C
                         clock pessimism              0.096    41.601    
                         clock uncertainty           -0.098    41.504    
    SLICE_X62Y84         FDRE (Setup_fdre_C_D)        0.109    41.613    vga0/image_buf_i/raddr_reg[7]
  -------------------------------------------------------------------
                         required time                         41.613    
                         arrival time                         -18.491    
  -------------------------------------------------------------------
                         slack                                 23.122    

Slack (MET) :             23.198ns  (required time - arrival time)
  Source:                 vga0/vga_gen_i/vga_ctrl_reg[pixel_x][1]/C
                            (rising edge-triggered cell FDCE clocked by clk_pixel_clk_wiz  {rise@0.000ns fall@20.000ns period=40.000ns})
  Destination:            vga0/image_buf_i/raddr_reg[6]/D
                            (rising edge-triggered cell FDRE clocked by clk_pixel_clk_wiz  {rise@0.000ns fall@20.000ns period=40.000ns})
  Path Group:             clk_pixel_clk_wiz
  Path Type:              Setup (Max at Slow Process Corner)
  Requirement:            40.000ns  (clk_pixel_clk_wiz rise@40.000ns - clk_pixel_clk_wiz rise@0.000ns)
  Data Path Delay:        16.800ns  (logic 9.019ns (53.683%)  route 7.781ns (46.317%))
  Logic Levels:           16  (CARRY4=8 DSP48E1=1 LUT2=1 LUT3=2 LUT4=1 LUT5=1 LUT6=2)
  Clock Path Skew:        -0.013ns (DCD - SCD + CPR)
    Destination Clock Delay (DCD):    1.505ns = ( 41.505 - 40.000 ) 
    Source Clock Delay      (SCD):    1.614ns
    Clock Pessimism Removal (CPR):    0.096ns
  Clock Uncertainty:      0.098ns  ((TSJ^2 + DJ^2)^1/2) / 2 + PE
    Total System Jitter     (TSJ):    0.071ns
    Discrete Jitter          (DJ):    0.182ns
    Phase Error              (PE):    0.000ns

    Location             Delay type                Incr(ns)  Path(ns)    Netlist Resource(s)
  -------------------------------------------------------------------    -------------------
                         (clock clk_pixel_clk_wiz rise edge)
                                                      0.000     0.000 r  
    BUFGCTRL_X0Y16       BUFG                         0.000     0.000 r  clk_IBUF_BUFG_inst/O
                         net (fo=1697, routed)        1.809     1.809    vga0/clk_wiz_i/inst/clk
    MMCME2_ADV_X0Y0      MMCME2_ADV (Prop_mmcme2_adv_CLKIN1_CLKOUT0)
                                                     -3.922    -2.112 r  vga0/clk_wiz_i/inst/mmcm_adv_inst/CLKOUT0
                         net (fo=1, routed)           2.018    -0.094    vga0/clk_wiz_i/inst/clk_pixel_clk_wiz
    BUFGCTRL_X0Y0        BUFG (Prop_bufg_I_O)         0.096     0.002 r  vga0/clk_wiz_i/inst/clkout1_buf/O
                         net (fo=283, routed)         1.612     1.614    vga0/vga_gen_i/clk_pixel
    SLICE_X62Y76         FDCE                                         r  vga0/vga_gen_i/vga_ctrl_reg[pixel_x][1]/C
  -------------------------------------------------------------------    -------------------
    SLICE_X62Y76         FDCE (Prop_fdce_C_Q)         0.478     2.092 r  vga0/vga_gen_i/vga_ctrl_reg[pixel_x][1]/Q
                         net (fo=2, routed)           0.919     3.011    vga0/image_buf_i/Q[1]
    DSP48_X1Y30          DSP48E1 (Prop_dsp48e1_A[1]_P[11])
                                                      4.018     7.029 f  vga0/image_buf_i/addr_x_scaled0/P[11]
                         net (fo=15, routed)          1.523     8.552    vga0/image_buf_i/addr_x_scaled0_n_94
    SLICE_X60Y78         LUT3 (Prop_lut3_I2_O)        0.124     8.676 f  vga0/image_buf_i/addr_x_scaled__1_carry__2_i_11/O
                         net (fo=2, routed)           0.682     9.358    vga0/image_buf_i/addr_x_scaled__1_carry__2_i_11_n_0
    SLICE_X60Y78         LUT5 (Prop_lut5_I3_O)        0.124     9.482 r  vga0/image_buf_i/addr_x_scaled__1_carry__2_i_3/O
                         net (fo=2, routed)           1.025    10.508    vga0/image_buf_i/addr_x_scaled__1_carry__2_i_3_n_0
    SLICE_X61Y78         LUT6 (Prop_lut6_I0_O)        0.124    10.632 r  vga0/image_buf_i/addr_x_scaled__1_carry__2_i_7/O
                         net (fo=1, routed)           0.000    10.632    vga0/image_buf_i/addr_x_scaled__1_carry__2_i_7_n_0
    SLICE_X61Y78         CARRY4 (Prop_carry4_S[1]_CO[3])
                                                      0.550    11.182 r  vga0/image_buf_i/addr_x_scaled__1_carry__2/CO[3]
                         net (fo=1, routed)           0.000    11.182    vga0/image_buf_i/addr_x_scaled__1_carry__2_n_0
    SLICE_X61Y79         CARRY4 (Prop_carry4_CI_O[1])
                                                      0.334    11.516 r  vga0/image_buf_i/addr_x_scaled__1_carry__3/O[1]
                         net (fo=6, routed)           1.063    12.579    vga0/image_buf_i/addr_x_scaled__1_carry__3_n_6
    SLICE_X63Y79         LUT2 (Prop_lut2_I0_O)        0.303    12.882 r  vga0/image_buf_i/addr_x_scaled__51_carry_i_3/O
                         net (fo=1, routed)           0.000    12.882    vga0/image_buf_i/addr_x_scaled__51_carry_i_3_n_0
    SLICE_X63Y79         CARRY4 (Prop_carry4_S[1]_CO[3])
                                                      0.550    13.432 r  vga0/image_buf_i/addr_x_scaled__51_carry/CO[3]
                         net (fo=1, routed)           0.000    13.432    vga0/image_buf_i/addr_x_scaled__51_carry_n_0
    SLICE_X63Y80         CARRY4 (Prop_carry4_CI_O[0])
                                                      0.222    13.654 r  vga0/image_buf_i/addr_x_scaled__51_carry__0/O[0]
                         net (fo=3, routed)           0.974    14.628    vga0/image_buf_i/addr_x_scaled__51_carry__0_n_7
    SLICE_X62Y78         LUT4 (Prop_lut4_I1_O)        0.299    14.927 r  vga0/image_buf_i/addr_x_scaled__74_carry__0_i_7/O
                         net (fo=1, routed)           0.000    14.927    vga0/image_buf_i/addr_x_scaled__74_carry__0_i_7_n_0
    SLICE_X62Y78         CARRY4 (Prop_carry4_S[1]_CO[3])
                                                      0.533    15.460 r  vga0/image_buf_i/addr_x_scaled__74_carry__0/CO[3]
                         net (fo=1, routed)           0.000    15.460    vga0/image_buf_i/addr_x_scaled__74_carry__0_n_0
    SLICE_X62Y79         CARRY4 (Prop_carry4_CI_CO[0])
                                                      0.254    15.714 f  vga0/image_buf_i/addr_x_scaled__74_carry__1/CO[0]
                         net (fo=5, routed)           0.913    16.627    vga0/image_buf_i/addr_x_scaled__74_carry__1_n_3
    SLICE_X63Y83         LUT6 (Prop_lut6_I4_O)        0.367    16.994 r  vga0/image_buf_i/raddr[7]_i_6/O
                         net (fo=4, routed)           0.682    17.676    vga0/image_buf_i/raddr[7]_i_6_n_0
    SLICE_X62Y83         LUT3 (Prop_lut3_I0_O)        0.124    17.800 r  vga0/image_buf_i/raddr[3]_i_6/O
                         net (fo=1, routed)           0.000    17.800    vga0/image_buf_i/raddr[3]_i_6_n_0
    SLICE_X62Y83         CARRY4 (Prop_carry4_S[3]_CO[3])
                                                      0.376    18.176 r  vga0/image_buf_i/raddr_reg[3]_i_1/CO[3]
                         net (fo=1, routed)           0.000    18.176    vga0/image_buf_i/raddr_reg[3]_i_1_n_0
    SLICE_X62Y84         CARRY4 (Prop_carry4_CI_O[2])
                                                      0.239    18.415 r  vga0/image_buf_i/raddr_reg[7]_i_1/O[2]
                         net (fo=1, routed)           0.000    18.415    vga0/image_buf_i/raddr0[6]
    SLICE_X62Y84         FDRE                                         r  vga0/image_buf_i/raddr_reg[6]/D
  -------------------------------------------------------------------    -------------------

                         (clock clk_pixel_clk_wiz rise edge)
                                                     40.000    40.000 r  
    BUFGCTRL_X0Y16       BUFG                         0.000    40.000 r  clk_IBUF_BUFG_inst/O
                         net (fo=1697, routed)        1.683    41.683    vga0/clk_wiz_i/inst/clk
    MMCME2_ADV_X0Y0      MMCME2_ADV (Prop_mmcme2_adv_CLKIN1_CLKOUT0)
                                                     -3.694    37.989 r  vga0/clk_wiz_i/inst/mmcm_adv_inst/CLKOUT0
                         net (fo=1, routed)           1.923    39.912    vga0/clk_wiz_i/inst/clk_pixel_clk_wiz
    BUFGCTRL_X0Y0        BUFG (Prop_bufg_I_O)         0.091    40.003 r  vga0/clk_wiz_i/inst/clkout1_buf/O
                         net (fo=283, routed)         1.502    41.505    vga0/image_buf_i/clk_pixel
    SLICE_X62Y84         FDRE                                         r  vga0/image_buf_i/raddr_reg[6]/C
                         clock pessimism              0.096    41.601    
                         clock uncertainty           -0.098    41.504    
    SLICE_X62Y84         FDRE (Setup_fdre_C_D)        0.109    41.613    vga0/image_buf_i/raddr_reg[6]
  -------------------------------------------------------------------
                         required time                         41.613    
                         arrival time                         -18.415    
  -------------------------------------------------------------------
                         slack                                 23.198    





Min Delay Paths
--------------------------------------------------------------------------------------
Slack (MET) :             0.069ns  (arrival time - required time)
  Source:                 vga0/overlay_i/vga_pixel_del_reg[1][pixel][red][0]/C
                            (rising edge-triggered cell FDCE clocked by clk_pixel_clk_wiz  {rise@0.000ns fall@20.000ns period=40.000ns})
  Destination:            vga0/overlay_i/pixel_o_reg[pixel][red][0]/D
                            (rising edge-triggered cell FDCE clocked by clk_pixel_clk_wiz  {rise@0.000ns fall@20.000ns period=40.000ns})
  Path Group:             clk_pixel_clk_wiz
  Path Type:              Hold (Min at Fast Process Corner)
  Requirement:            0.000ns  (clk_pixel_clk_wiz rise@0.000ns - clk_pixel_clk_wiz rise@0.000ns)
  Data Path Delay:        0.462ns  (logic 0.226ns (48.959%)  route 0.236ns (51.041%))
  Logic Levels:           1  (LUT3=1)
  Clock Path Skew:        0.273ns (DCD - SCD - CPR)
    Destination Clock Delay (DCD):    0.869ns
    Source Clock Delay      (SCD):    0.596ns
    Clock Pessimism Removal (CPR):    -0.000ns

    Location             Delay type                Incr(ns)  Path(ns)    Netlist Resource(s)
  -------------------------------------------------------------------    -------------------
                         (clock clk_pixel_clk_wiz rise edge)
                                                      0.000     0.000 r  
    BUFGCTRL_X0Y16       BUFG                         0.000     0.000 r  clk_IBUF_BUFG_inst/O
                         net (fo=1697, routed)        0.624     0.624    vga0/clk_wiz_i/inst/clk
    MMCME2_ADV_X0Y0      MMCME2_ADV (Prop_mmcme2_adv_CLKIN1_CLKOUT0)
                                                     -1.296    -0.672 r  vga0/clk_wiz_i/inst/mmcm_adv_inst/CLKOUT0
                         net (fo=1, routed)           0.648    -0.024    vga0/clk_wiz_i/inst/clk_pixel_clk_wiz
    BUFGCTRL_X0Y0        BUFG (Prop_bufg_I_O)         0.026     0.002 r  vga0/clk_wiz_i/inst/clkout1_buf/O
                         net (fo=283, routed)         0.594     0.596    vga0/overlay_i/clk_pixel
    SLICE_X72Y99         FDCE                                         r  vga0/overlay_i/vga_pixel_del_reg[1][pixel][red][0]/C
  -------------------------------------------------------------------    -------------------
    SLICE_X72Y99         FDCE (Prop_fdce_C_Q)         0.128     0.724 r  vga0/overlay_i/vga_pixel_del_reg[1][pixel][red][0]/Q
                         net (fo=1, routed)           0.236     0.959    vga0/overlay_i/lut_words/Q[0]
    SLICE_X74Y100        LUT3 (Prop_lut3_I2_O)        0.098     1.057 r  vga0/overlay_i/lut_words/pixel_o[pixel][red][0]_i_1/O
                         net (fo=1, routed)           0.000     1.057    vga0/overlay_i/lut_words_n_6
    SLICE_X74Y100        FDCE                                         r  vga0/overlay_i/pixel_o_reg[pixel][red][0]/D
  -------------------------------------------------------------------    -------------------

                         (clock clk_pixel_clk_wiz rise edge)
                                                      0.000     0.000 r  
    BUFGCTRL_X0Y16       BUFG                         0.000     0.000 r  clk_IBUF_BUFG_inst/O
                         net (fo=1697, routed)        0.898     0.898    vga0/clk_wiz_i/inst/clk
    MMCME2_ADV_X0Y0      MMCME2_ADV (Prop_mmcme2_adv_CLKIN1_CLKOUT0)
                                                     -1.625    -0.727 r  vga0/clk_wiz_i/inst/mmcm_adv_inst/CLKOUT0
                         net (fo=1, routed)           0.700    -0.027    vga0/clk_wiz_i/inst/clk_pixel_clk_wiz
    BUFGCTRL_X0Y0        BUFG (Prop_bufg_I_O)         0.029     0.002 r  vga0/clk_wiz_i/inst/clkout1_buf/O
                         net (fo=283, routed)         0.867     0.868    vga0/overlay_i/clk_pixel
    SLICE_X74Y100        FDCE                                         r  vga0/overlay_i/pixel_o_reg[pixel][red][0]/C
                         clock pessimism              0.000     0.868    
    SLICE_X74Y100        FDCE (Hold_fdce_C_D)         0.120     0.988    vga0/overlay_i/pixel_o_reg[pixel][red][0]
  -------------------------------------------------------------------
                         required time                         -0.989    
                         arrival time                           1.057    
  -------------------------------------------------------------------
                         slack                                  0.069    

Slack (MET) :             0.079ns  (arrival time - required time)
  Source:                 vga0/image_buf_i/i_xpm_memory_tdpram/xpm_memory_base_inst/gen_wr_b.gen_word_narrow.mem_reg_0_1/CLKARDCLK
                            (rising edge-triggered cell RAMB36E1 clocked by clk_pixel_clk_wiz  {rise@0.000ns fall@20.000ns period=40.000ns})
  Destination:            vga0/colorize_pixel_i/lut_mem/xpm_memory_base_inst/gen_rd_a.gen_rd_a_synth_template.gen_rf_narrow_pipe.douta_reg_reg/ADDRARDADDR[5]
                            (rising edge-triggered cell RAMB18E1 clocked by clk_pixel_clk_wiz  {rise@0.000ns fall@20.000ns period=40.000ns})
  Path Group:             clk_pixel_clk_wiz
  Path Type:              Hold (Min at Fast Process Corner)
  Requirement:            0.000ns  (clk_pixel_clk_wiz rise@0.000ns - clk_pixel_clk_wiz rise@0.000ns)
  Data Path Delay:        0.537ns  (logic 0.204ns (38.009%)  route 0.333ns (61.991%))
  Logic Levels:           0  
  Clock Path Skew:        0.275ns (DCD - SCD - CPR)
    Destination Clock Delay (DCD):    0.907ns
    Source Clock Delay      (SCD):    0.632ns
    Clock Pessimism Removal (CPR):    -0.000ns

    Location             Delay type                Incr(ns)  Path(ns)    Netlist Resource(s)
  -------------------------------------------------------------------    -------------------
                         (clock clk_pixel_clk_wiz rise edge)
                                                      0.000     0.000 r  
    BUFGCTRL_X0Y16       BUFG                         0.000     0.000 r  clk_IBUF_BUFG_inst/O
                         net (fo=1697, routed)        0.624     0.624    vga0/clk_wiz_i/inst/clk
    MMCME2_ADV_X0Y0      MMCME2_ADV (Prop_mmcme2_adv_CLKIN1_CLKOUT0)
                                                     -1.296    -0.672 r  vga0/clk_wiz_i/inst/mmcm_adv_inst/CLKOUT0
                         net (fo=1, routed)           0.648    -0.024    vga0/clk_wiz_i/inst/clk_pixel_clk_wiz
    BUFGCTRL_X0Y0        BUFG (Prop_bufg_I_O)         0.026     0.002 r  vga0/clk_wiz_i/inst/clkout1_buf/O
                         net (fo=283, routed)         0.630     0.632    vga0/image_buf_i/i_xpm_memory_tdpram/xpm_memory_base_inst/clka
    RAMB36_X2Y19         RAMB36E1                                     r  vga0/image_buf_i/i_xpm_memory_tdpram/xpm_memory_base_inst/gen_wr_b.gen_word_narrow.mem_reg_0_1/CLKARDCLK
  -------------------------------------------------------------------    -------------------
    RAMB36_X2Y19         RAMB36E1 (Prop_ramb36e1_CLKARDCLK_DOADO[0])
                                                      0.204     0.836 r  vga0/image_buf_i/i_xpm_memory_tdpram/xpm_memory_base_inst/gen_wr_b.gen_word_narrow.mem_reg_0_1/DOADO[0]
                         net (fo=1, routed)           0.333     1.169    vga0/colorize_pixel_i/lut_mem/xpm_memory_base_inst/addra[1]
    RAMB18_X2Y40         RAMB18E1                                     r  vga0/colorize_pixel_i/lut_mem/xpm_memory_base_inst/gen_rd_a.gen_rd_a_synth_template.gen_rf_narrow_pipe.douta_reg_reg/ADDRARDADDR[5]
  -------------------------------------------------------------------    -------------------

                         (clock clk_pixel_clk_wiz rise edge)
                                                      0.000     0.000 r  
    BUFGCTRL_X0Y16       BUFG                         0.000     0.000 r  clk_IBUF_BUFG_inst/O
                         net (fo=1697, routed)        0.898     0.898    vga0/clk_wiz_i/inst/clk
    MMCME2_ADV_X0Y0      MMCME2_ADV (Prop_mmcme2_adv_CLKIN1_CLKOUT0)
                                                     -1.625    -0.727 r  vga0/clk_wiz_i/inst/mmcm_adv_inst/CLKOUT0
                         net (fo=1, routed)           0.700    -0.027    vga0/clk_wiz_i/inst/clk_pixel_clk_wiz
    BUFGCTRL_X0Y0        BUFG (Prop_bufg_I_O)         0.029     0.002 r  vga0/clk_wiz_i/inst/clkout1_buf/O
                         net (fo=283, routed)         0.905     0.907    vga0/colorize_pixel_i/lut_mem/xpm_memory_base_inst/clka
    RAMB18_X2Y40         RAMB18E1                                     r  vga0/colorize_pixel_i/lut_mem/xpm_memory_base_inst/gen_rd_a.gen_rd_a_synth_template.gen_rf_narrow_pipe.douta_reg_reg/CLKARDCLK
                         clock pessimism              0.000     0.907    
    RAMB18_X2Y40         RAMB18E1 (Hold_ramb18e1_CLKARDCLK_ADDRARDADDR[5])
                                                      0.183     1.090    vga0/colorize_pixel_i/lut_mem/xpm_memory_base_inst/gen_rd_a.gen_rd_a_synth_template.gen_rf_narrow_pipe.douta_reg_reg
  -------------------------------------------------------------------
                         required time                         -1.090    
                         arrival time                           1.169    
  -------------------------------------------------------------------
                         slack                                  0.079    

Slack (MET) :             0.092ns  (arrival time - required time)
  Source:                 vga0/image_buf_i/raddr_reg[11]/C
                            (rising edge-triggered cell FDRE clocked by clk_pixel_clk_wiz  {rise@0.000ns fall@20.000ns period=40.000ns})
  Destination:            vga0/image_buf_i/i_xpm_memory_tdpram/xpm_memory_base_inst/gen_wr_b.gen_word_narrow.mem_reg_0_6/ADDRARDADDR[11]
                            (rising edge-triggered cell RAMB36E1 clocked by clk_pixel_clk_wiz  {rise@0.000ns fall@20.000ns period=40.000ns})
  Path Group:             clk_pixel_clk_wiz
  Path Type:              Hold (Min at Fast Process Corner)
  Requirement:            0.000ns  (clk_pixel_clk_wiz rise@0.000ns - clk_pixel_clk_wiz rise@0.000ns)
  Data Path Delay:        0.336ns  (logic 0.164ns (48.857%)  route 0.172ns (51.143%))
  Logic Levels:           0  
  Clock Path Skew:        0.060ns (DCD - SCD - CPR)
    Destination Clock Delay (DCD):    0.879ns
    Source Clock Delay      (SCD):    0.564ns
    Clock Pessimism Removal (CPR):    0.255ns

    Location             Delay type                Incr(ns)  Path(ns)    Netlist Resource(s)
  -------------------------------------------------------------------    -------------------
                         (clock clk_pixel_clk_wiz rise edge)
                                                      0.000     0.000 r  
    BUFGCTRL_X0Y16       BUFG                         0.000     0.000 r  clk_IBUF_BUFG_inst/O
                         net (fo=1697, routed)        0.624     0.624    vga0/clk_wiz_i/inst/clk
    MMCME2_ADV_X0Y0      MMCME2_ADV (Prop_mmcme2_adv_CLKIN1_CLKOUT0)
                                                     -1.296    -0.672 r  vga0/clk_wiz_i/inst/mmcm_adv_inst/CLKOUT0
                         net (fo=1, routed)           0.648    -0.024    vga0/clk_wiz_i/inst/clk_pixel_clk_wiz
    BUFGCTRL_X0Y0        BUFG (Prop_bufg_I_O)         0.026     0.002 r  vga0/clk_wiz_i/inst/clkout1_buf/O
                         net (fo=283, routed)         0.562     0.564    vga0/image_buf_i/clk_pixel
    SLICE_X62Y85         FDRE                                         r  vga0/image_buf_i/raddr_reg[11]/C
  -------------------------------------------------------------------    -------------------
    SLICE_X62Y85         FDRE (Prop_fdre_C_Q)         0.164     0.728 r  vga0/image_buf_i/raddr_reg[11]/Q
                         net (fo=8, routed)           0.172     0.899    vga0/image_buf_i/i_xpm_memory_tdpram/xpm_memory_base_inst/addra[11]
    RAMB36_X1Y17         RAMB36E1                                     r  vga0/image_buf_i/i_xpm_memory_tdpram/xpm_memory_base_inst/gen_wr_b.gen_word_narrow.mem_reg_0_6/ADDRARDADDR[11]
  -------------------------------------------------------------------    -------------------

                         (clock clk_pixel_clk_wiz rise edge)
                                                      0.000     0.000 r  
    BUFGCTRL_X0Y16       BUFG                         0.000     0.000 r  clk_IBUF_BUFG_inst/O
                         net (fo=1697, routed)        0.898     0.898    vga0/clk_wiz_i/inst/clk
    MMCME2_ADV_X0Y0      MMCME2_ADV (Prop_mmcme2_adv_CLKIN1_CLKOUT0)
                                                     -1.625    -0.727 r  vga0/clk_wiz_i/inst/mmcm_adv_inst/CLKOUT0
                         net (fo=1, routed)           0.700    -0.027    vga0/clk_wiz_i/inst/clk_pixel_clk_wiz
    BUFGCTRL_X0Y0        BUFG (Prop_bufg_I_O)         0.029     0.002 r  vga0/clk_wiz_i/inst/clkout1_buf/O
                         net (fo=283, routed)         0.877     0.879    vga0/image_buf_i/i_xpm_memory_tdpram/xpm_memory_base_inst/clka
    RAMB36_X1Y17         RAMB36E1                                     r  vga0/image_buf_i/i_xpm_memory_tdpram/xpm_memory_base_inst/gen_wr_b.gen_word_narrow.mem_reg_0_6/CLKARDCLK
                         clock pessimism             -0.255     0.624    
    RAMB36_X1Y17         RAMB36E1 (Hold_ramb36e1_CLKARDCLK_ADDRARDADDR[11])
                                                      0.183     0.807    vga0/image_buf_i/i_xpm_memory_tdpram/xpm_memory_base_inst/gen_wr_b.gen_word_narrow.mem_reg_0_6
  -------------------------------------------------------------------
                         required time                         -0.807    
                         arrival time                           0.899    
  -------------------------------------------------------------------
                         slack                                  0.092    

Slack (MET) :             0.109ns  (arrival time - required time)
  Source:                 vga0/colorize_pixel_i/vga_ctrl_del_reg[1][pixel_y][7]/C
                            (rising edge-triggered cell FDCE clocked by clk_pixel_clk_wiz  {rise@0.000ns fall@20.000ns period=40.000ns})
  Destination:            vga0/colorize_pixel_i/vga_pixel_reg[ctrl][pixel_y][7]/D
                            (rising edge-triggered cell FDCE clocked by clk_pixel_clk_wiz  {rise@0.000ns fall@20.000ns period=40.000ns})
  Path Group:             clk_pixel_clk_wiz
  Path Type:              Hold (Min at Fast Process Corner)
  Requirement:            0.000ns  (clk_pixel_clk_wiz rise@0.000ns - clk_pixel_clk_wiz rise@0.000ns)
  Data Path Delay:        0.197ns  (logic 0.141ns (71.536%)  route 0.056ns (28.464%))
  Logic Levels:           0  
  Clock Path Skew:        0.013ns (DCD - SCD - CPR)
    Destination Clock Delay (DCD):    0.829ns
    Source Clock Delay      (SCD):    0.560ns
    Clock Pessimism Removal (CPR):    0.256ns

    Location             Delay type                Incr(ns)  Path(ns)    Netlist Resource(s)
  -------------------------------------------------------------------    -------------------
                         (clock clk_pixel_clk_wiz rise edge)
                                                      0.000     0.000 r  
    BUFGCTRL_X0Y16       BUFG                         0.000     0.000 r  clk_IBUF_BUFG_inst/O
                         net (fo=1697, routed)        0.624     0.624    vga0/clk_wiz_i/inst/clk
    MMCME2_ADV_X0Y0      MMCME2_ADV (Prop_mmcme2_adv_CLKIN1_CLKOUT0)
                                                     -1.296    -0.672 r  vga0/clk_wiz_i/inst/mmcm_adv_inst/CLKOUT0
                         net (fo=1, routed)           0.648    -0.024    vga0/clk_wiz_i/inst/clk_pixel_clk_wiz
    BUFGCTRL_X0Y0        BUFG (Prop_bufg_I_O)         0.026     0.002 r  vga0/clk_wiz_i/inst/clkout1_buf/O
                         net (fo=283, routed)         0.558     0.560    vga0/colorize_pixel_i/clk_pixel
    SLICE_X59Y82         FDCE                                         r  vga0/colorize_pixel_i/vga_ctrl_del_reg[1][pixel_y][7]/C
  -------------------------------------------------------------------    -------------------
    SLICE_X59Y82         FDCE (Prop_fdce_C_Q)         0.141     0.701 r  vga0/colorize_pixel_i/vga_ctrl_del_reg[1][pixel_y][7]/Q
                         net (fo=1, routed)           0.056     0.757    vga0/colorize_pixel_i/vga_ctrl_del_reg[1][pixel_y_n_0_][7]
    SLICE_X58Y82         FDCE                                         r  vga0/colorize_pixel_i/vga_pixel_reg[ctrl][pixel_y][7]/D
  -------------------------------------------------------------------    -------------------

                         (clock clk_pixel_clk_wiz rise edge)
                                                      0.000     0.000 r  
    BUFGCTRL_X0Y16       BUFG                         0.000     0.000 r  clk_IBUF_BUFG_inst/O
                         net (fo=1697, routed)        0.898     0.898    vga0/clk_wiz_i/inst/clk
    MMCME2_ADV_X0Y0      MMCME2_ADV (Prop_mmcme2_adv_CLKIN1_CLKOUT0)
                                                     -1.625    -0.727 r  vga0/clk_wiz_i/inst/mmcm_adv_inst/CLKOUT0
                         net (fo=1, routed)           0.700    -0.027    vga0/clk_wiz_i/inst/clk_pixel_clk_wiz
    BUFGCTRL_X0Y0        BUFG (Prop_bufg_I_O)         0.029     0.002 r  vga0/clk_wiz_i/inst/clkout1_buf/O
                         net (fo=283, routed)         0.827     0.829    vga0/colorize_pixel_i/clk_pixel
    SLICE_X58Y82         FDCE                                         r  vga0/colorize_pixel_i/vga_pixel_reg[ctrl][pixel_y][7]/C
                         clock pessimism             -0.256     0.573    
    SLICE_X58Y82         FDCE (Hold_fdce_C_D)         0.075     0.648    vga0/colorize_pixel_i/vga_pixel_reg[ctrl][pixel_y][7]
  -------------------------------------------------------------------
                         required time                         -0.648    
                         arrival time                           0.757    
  -------------------------------------------------------------------
                         slack                                  0.109    

Slack (MET) :             0.119ns  (arrival time - required time)
  Source:                 vga0/overlay_i/vga_pixel_del_reg[0][pixel][green][3]/C
                            (rising edge-triggered cell FDCE clocked by clk_pixel_clk_wiz  {rise@0.000ns fall@20.000ns period=40.000ns})
  Destination:            vga0/overlay_i/vga_pixel_del_reg[1][pixel][green][3]/D
                            (rising edge-triggered cell FDCE clocked by clk_pixel_clk_wiz  {rise@0.000ns fall@20.000ns period=40.000ns})
  Path Group:             clk_pixel_clk_wiz
  Path Type:              Hold (Min at Fast Process Corner)
  Requirement:            0.000ns  (clk_pixel_clk_wiz rise@0.000ns - clk_pixel_clk_wiz rise@0.000ns)
  Data Path Delay:        0.197ns  (logic 0.141ns (71.611%)  route 0.056ns (28.389%))
  Logic Levels:           0  
  Clock Path Skew:        0.000ns (DCD - SCD - CPR)
    Destination Clock Delay (DCD):    0.866ns
    Source Clock Delay      (SCD):    0.594ns
    Clock Pessimism Removal (CPR):    0.272ns

    Location             Delay type                Incr(ns)  Path(ns)    Netlist Resource(s)
  -------------------------------------------------------------------    -------------------
                         (clock clk_pixel_clk_wiz rise edge)
                                                      0.000     0.000 r  
    BUFGCTRL_X0Y16       BUFG                         0.000     0.000 r  clk_IBUF_BUFG_inst/O
                         net (fo=1697, routed)        0.624     0.624    vga0/clk_wiz_i/inst/clk
    MMCME2_ADV_X0Y0      MMCME2_ADV (Prop_mmcme2_adv_CLKIN1_CLKOUT0)
                                                     -1.296    -0.672 r  vga0/clk_wiz_i/inst/mmcm_adv_inst/CLKOUT0
                         net (fo=1, routed)           0.648    -0.024    vga0/clk_wiz_i/inst/clk_pixel_clk_wiz
    BUFGCTRL_X0Y0        BUFG (Prop_bufg_I_O)         0.026     0.002 r  vga0/clk_wiz_i/inst/clkout1_buf/O
                         net (fo=283, routed)         0.592     0.594    vga0/overlay_i/clk_pixel
    SLICE_X73Y102        FDCE                                         r  vga0/overlay_i/vga_pixel_del_reg[0][pixel][green][3]/C
  -------------------------------------------------------------------    -------------------
    SLICE_X73Y102        FDCE (Prop_fdce_C_Q)         0.141     0.735 r  vga0/overlay_i/vga_pixel_del_reg[0][pixel][green][3]/Q
                         net (fo=1, routed)           0.056     0.791    vga0/overlay_i/vga_pixel_del_reg[0][pixel][green][3]
    SLICE_X73Y102        FDCE                                         r  vga0/overlay_i/vga_pixel_del_reg[1][pixel][green][3]/D
  -------------------------------------------------------------------    -------------------

                         (clock clk_pixel_clk_wiz rise edge)
                                                      0.000     0.000 r  
    BUFGCTRL_X0Y16       BUFG                         0.000     0.000 r  clk_IBUF_BUFG_inst/O
                         net (fo=1697, routed)        0.898     0.898    vga0/clk_wiz_i/inst/clk
    MMCME2_ADV_X0Y0      MMCME2_ADV (Prop_mmcme2_adv_CLKIN1_CLKOUT0)
                                                     -1.625    -0.727 r  vga0/clk_wiz_i/inst/mmcm_adv_inst/CLKOUT0
                         net (fo=1, routed)           0.700    -0.027    vga0/clk_wiz_i/inst/clk_pixel_clk_wiz
    BUFGCTRL_X0Y0        BUFG (Prop_bufg_I_O)         0.029     0.002 r  vga0/clk_wiz_i/inst/clkout1_buf/O
                         net (fo=283, routed)         0.863     0.865    vga0/overlay_i/clk_pixel
    SLICE_X73Y102        FDCE                                         r  vga0/overlay_i/vga_pixel_del_reg[1][pixel][green][3]/C
                         clock pessimism             -0.272     0.594    
    SLICE_X73Y102        FDCE (Hold_fdce_C_D)         0.078     0.672    vga0/overlay_i/vga_pixel_del_reg[1][pixel][green][3]
  -------------------------------------------------------------------
                         required time                         -0.672    
                         arrival time                           0.791    
  -------------------------------------------------------------------
                         slack                                  0.119    

Slack (MET) :             0.119ns  (arrival time - required time)
  Source:                 vga0/overlay_i/vga_pixel_del_reg[0][pixel][red][3]/C
                            (rising edge-triggered cell FDCE clocked by clk_pixel_clk_wiz  {rise@0.000ns fall@20.000ns period=40.000ns})
  Destination:            vga0/overlay_i/vga_pixel_del_reg[1][pixel][red][3]/D
                            (rising edge-triggered cell FDCE clocked by clk_pixel_clk_wiz  {rise@0.000ns fall@20.000ns period=40.000ns})
  Path Group:             clk_pixel_clk_wiz
  Path Type:              Hold (Min at Fast Process Corner)
  Requirement:            0.000ns  (clk_pixel_clk_wiz rise@0.000ns - clk_pixel_clk_wiz rise@0.000ns)
  Data Path Delay:        0.197ns  (logic 0.141ns (71.611%)  route 0.056ns (28.389%))
  Logic Levels:           0  
  Clock Path Skew:        0.000ns (DCD - SCD - CPR)
    Destination Clock Delay (DCD):    0.868ns
    Source Clock Delay      (SCD):    0.596ns
    Clock Pessimism Removal (CPR):    0.272ns

    Location             Delay type                Incr(ns)  Path(ns)    Netlist Resource(s)
  -------------------------------------------------------------------    -------------------
                         (clock clk_pixel_clk_wiz rise edge)
                                                      0.000     0.000 r  
    BUFGCTRL_X0Y16       BUFG                         0.000     0.000 r  clk_IBUF_BUFG_inst/O
                         net (fo=1697, routed)        0.624     0.624    vga0/clk_wiz_i/inst/clk
    MMCME2_ADV_X0Y0      MMCME2_ADV (Prop_mmcme2_adv_CLKIN1_CLKOUT0)
                                                     -1.296    -0.672 r  vga0/clk_wiz_i/inst/mmcm_adv_inst/CLKOUT0
                         net (fo=1, routed)           0.648    -0.024    vga0/clk_wiz_i/inst/clk_pixel_clk_wiz
    BUFGCTRL_X0Y0        BUFG (Prop_bufg_I_O)         0.026     0.002 r  vga0/clk_wiz_i/inst/clkout1_buf/O
                         net (fo=283, routed)         0.594     0.596    vga0/overlay_i/clk_pixel
    SLICE_X73Y99         FDCE                                         r  vga0/overlay_i/vga_pixel_del_reg[0][pixel][red][3]/C
  -------------------------------------------------------------------    -------------------
    SLICE_X73Y99         FDCE (Prop_fdce_C_Q)         0.141     0.737 r  vga0/overlay_i/vga_pixel_del_reg[0][pixel][red][3]/Q
                         net (fo=1, routed)           0.056     0.792    vga0/overlay_i/vga_pixel_del_reg[0][pixel][red][3]
    SLICE_X73Y99         FDCE                                         r  vga0/overlay_i/vga_pixel_del_reg[1][pixel][red][3]/D
  -------------------------------------------------------------------    -------------------

                         (clock clk_pixel_clk_wiz rise edge)
                                                      0.000     0.000 r  
    BUFGCTRL_X0Y16       BUFG                         0.000     0.000 r  clk_IBUF_BUFG_inst/O
                         net (fo=1697, routed)        0.898     0.898    vga0/clk_wiz_i/inst/clk
    MMCME2_ADV_X0Y0      MMCME2_ADV (Prop_mmcme2_adv_CLKIN1_CLKOUT0)
                                                     -1.625    -0.727 r  vga0/clk_wiz_i/inst/mmcm_adv_inst/CLKOUT0
                         net (fo=1, routed)           0.700    -0.027    vga0/clk_wiz_i/inst/clk_pixel_clk_wiz
    BUFGCTRL_X0Y0        BUFG (Prop_bufg_I_O)         0.029     0.002 r  vga0/clk_wiz_i/inst/clkout1_buf/O
                         net (fo=283, routed)         0.866     0.868    vga0/overlay_i/clk_pixel
    SLICE_X73Y99         FDCE                                         r  vga0/overlay_i/vga_pixel_del_reg[1][pixel][red][3]/C
                         clock pessimism             -0.272     0.596    
    SLICE_X73Y99         FDCE (Hold_fdce_C_D)         0.078     0.674    vga0/overlay_i/vga_pixel_del_reg[1][pixel][red][3]
  -------------------------------------------------------------------
                         required time                         -0.674    
                         arrival time                           0.792    
  -------------------------------------------------------------------
                         slack                                  0.119    

Slack (MET) :             0.121ns  (arrival time - required time)
  Source:                 vga0/overlay_i/vga_pixel_del_reg[0][pixel][green][2]/C
                            (rising edge-triggered cell FDCE clocked by clk_pixel_clk_wiz  {rise@0.000ns fall@20.000ns period=40.000ns})
  Destination:            vga0/overlay_i/vga_pixel_del_reg[1][pixel][green][2]/D
                            (rising edge-triggered cell FDCE clocked by clk_pixel_clk_wiz  {rise@0.000ns fall@20.000ns period=40.000ns})
  Path Group:             clk_pixel_clk_wiz
  Path Type:              Hold (Min at Fast Process Corner)
  Requirement:            0.000ns  (clk_pixel_clk_wiz rise@0.000ns - clk_pixel_clk_wiz rise@0.000ns)
  Data Path Delay:        0.197ns  (logic 0.141ns (71.611%)  route 0.056ns (28.389%))
  Logic Levels:           0  
  Clock Path Skew:        0.000ns (DCD - SCD - CPR)
    Destination Clock Delay (DCD):    0.866ns
    Source Clock Delay      (SCD):    0.594ns
    Clock Pessimism Removal (CPR):    0.272ns

    Location             Delay type                Incr(ns)  Path(ns)    Netlist Resource(s)
  -------------------------------------------------------------------    -------------------
                         (clock clk_pixel_clk_wiz rise edge)
                                                      0.000     0.000 r  
    BUFGCTRL_X0Y16       BUFG                         0.000     0.000 r  clk_IBUF_BUFG_inst/O
                         net (fo=1697, routed)        0.624     0.624    vga0/clk_wiz_i/inst/clk
    MMCME2_ADV_X0Y0      MMCME2_ADV (Prop_mmcme2_adv_CLKIN1_CLKOUT0)
                                                     -1.296    -0.672 r  vga0/clk_wiz_i/inst/mmcm_adv_inst/CLKOUT0
                         net (fo=1, routed)           0.648    -0.024    vga0/clk_wiz_i/inst/clk_pixel_clk_wiz
    BUFGCTRL_X0Y0        BUFG (Prop_bufg_I_O)         0.026     0.002 r  vga0/clk_wiz_i/inst/clkout1_buf/O
                         net (fo=283, routed)         0.592     0.594    vga0/overlay_i/clk_pixel
    SLICE_X73Y102        FDCE                                         r  vga0/overlay_i/vga_pixel_del_reg[0][pixel][green][2]/C
  -------------------------------------------------------------------    -------------------
    SLICE_X73Y102        FDCE (Prop_fdce_C_Q)         0.141     0.735 r  vga0/overlay_i/vga_pixel_del_reg[0][pixel][green][2]/Q
                         net (fo=1, routed)           0.056     0.791    vga0/overlay_i/vga_pixel_del_reg[0][pixel][green][2]
    SLICE_X73Y102        FDCE                                         r  vga0/overlay_i/vga_pixel_del_reg[1][pixel][green][2]/D
  -------------------------------------------------------------------    -------------------

                         (clock clk_pixel_clk_wiz rise edge)
                                                      0.000     0.000 r  
    BUFGCTRL_X0Y16       BUFG                         0.000     0.000 r  clk_IBUF_BUFG_inst/O
                         net (fo=1697, routed)        0.898     0.898    vga0/clk_wiz_i/inst/clk
    MMCME2_ADV_X0Y0      MMCME2_ADV (Prop_mmcme2_adv_CLKIN1_CLKOUT0)
                                                     -1.625    -0.727 r  vga0/clk_wiz_i/inst/mmcm_adv_inst/CLKOUT0
                         net (fo=1, routed)           0.700    -0.027    vga0/clk_wiz_i/inst/clk_pixel_clk_wiz
    BUFGCTRL_X0Y0        BUFG (Prop_bufg_I_O)         0.029     0.002 r  vga0/clk_wiz_i/inst/clkout1_buf/O
                         net (fo=283, routed)         0.863     0.865    vga0/overlay_i/clk_pixel
    SLICE_X73Y102        FDCE                                         r  vga0/overlay_i/vga_pixel_del_reg[1][pixel][green][2]/C
                         clock pessimism             -0.272     0.594    
    SLICE_X73Y102        FDCE (Hold_fdce_C_D)         0.076     0.670    vga0/overlay_i/vga_pixel_del_reg[1][pixel][green][2]
  -------------------------------------------------------------------
                         required time                         -0.670    
                         arrival time                           0.791    
  -------------------------------------------------------------------
                         slack                                  0.121    

Slack (MET) :             0.121ns  (arrival time - required time)
  Source:                 vga0/overlay_i/vga_pixel_del_reg[0][pixel][red][2]/C
                            (rising edge-triggered cell FDCE clocked by clk_pixel_clk_wiz  {rise@0.000ns fall@20.000ns period=40.000ns})
  Destination:            vga0/overlay_i/vga_pixel_del_reg[1][pixel][red][2]/D
                            (rising edge-triggered cell FDCE clocked by clk_pixel_clk_wiz  {rise@0.000ns fall@20.000ns period=40.000ns})
  Path Group:             clk_pixel_clk_wiz
  Path Type:              Hold (Min at Fast Process Corner)
  Requirement:            0.000ns  (clk_pixel_clk_wiz rise@0.000ns - clk_pixel_clk_wiz rise@0.000ns)
  Data Path Delay:        0.197ns  (logic 0.141ns (71.611%)  route 0.056ns (28.389%))
  Logic Levels:           0  
  Clock Path Skew:        0.000ns (DCD - SCD - CPR)
    Destination Clock Delay (DCD):    0.868ns
    Source Clock Delay      (SCD):    0.596ns
    Clock Pessimism Removal (CPR):    0.272ns

    Location             Delay type                Incr(ns)  Path(ns)    Netlist Resource(s)
  -------------------------------------------------------------------    -------------------
                         (clock clk_pixel_clk_wiz rise edge)
                                                      0.000     0.000 r  
    BUFGCTRL_X0Y16       BUFG                         0.000     0.000 r  clk_IBUF_BUFG_inst/O
                         net (fo=1697, routed)        0.624     0.624    vga0/clk_wiz_i/inst/clk
    MMCME2_ADV_X0Y0      MMCME2_ADV (Prop_mmcme2_adv_CLKIN1_CLKOUT0)
                                                     -1.296    -0.672 r  vga0/clk_wiz_i/inst/mmcm_adv_inst/CLKOUT0
                         net (fo=1, routed)           0.648    -0.024    vga0/clk_wiz_i/inst/clk_pixel_clk_wiz
    BUFGCTRL_X0Y0        BUFG (Prop_bufg_I_O)         0.026     0.002 r  vga0/clk_wiz_i/inst/clkout1_buf/O
                         net (fo=283, routed)         0.594     0.596    vga0/overlay_i/clk_pixel
    SLICE_X73Y99         FDCE                                         r  vga0/overlay_i/vga_pixel_del_reg[0][pixel][red][2]/C
  -------------------------------------------------------------------    -------------------
    SLICE_X73Y99         FDCE (Prop_fdce_C_Q)         0.141     0.737 r  vga0/overlay_i/vga_pixel_del_reg[0][pixel][red][2]/Q
                         net (fo=1, routed)           0.056     0.792    vga0/overlay_i/vga_pixel_del_reg[0][pixel][red][2]
    SLICE_X73Y99         FDCE                                         r  vga0/overlay_i/vga_pixel_del_reg[1][pixel][red][2]/D
  -------------------------------------------------------------------    -------------------

                         (clock clk_pixel_clk_wiz rise edge)
                                                      0.000     0.000 r  
    BUFGCTRL_X0Y16       BUFG                         0.000     0.000 r  clk_IBUF_BUFG_inst/O
                         net (fo=1697, routed)        0.898     0.898    vga0/clk_wiz_i/inst/clk
    MMCME2_ADV_X0Y0      MMCME2_ADV (Prop_mmcme2_adv_CLKIN1_CLKOUT0)
                                                     -1.625    -0.727 r  vga0/clk_wiz_i/inst/mmcm_adv_inst/CLKOUT0
                         net (fo=1, routed)           0.700    -0.027    vga0/clk_wiz_i/inst/clk_pixel_clk_wiz
    BUFGCTRL_X0Y0        BUFG (Prop_bufg_I_O)         0.029     0.002 r  vga0/clk_wiz_i/inst/clkout1_buf/O
                         net (fo=283, routed)         0.866     0.868    vga0/overlay_i/clk_pixel
    SLICE_X73Y99         FDCE                                         r  vga0/overlay_i/vga_pixel_del_reg[1][pixel][red][2]/C
                         clock pessimism             -0.272     0.596    
    SLICE_X73Y99         FDCE (Hold_fdce_C_D)         0.076     0.672    vga0/overlay_i/vga_pixel_del_reg[1][pixel][red][2]
  -------------------------------------------------------------------
                         required time                         -0.672    
                         arrival time                           0.792    
  -------------------------------------------------------------------
                         slack                                  0.121    

Slack (MET) :             0.124ns  (arrival time - required time)
  Source:                 vga0/overlay_i/vga_pixel_del_reg[0][pixel][green][0]/C
                            (rising edge-triggered cell FDCE clocked by clk_pixel_clk_wiz  {rise@0.000ns fall@20.000ns period=40.000ns})
  Destination:            vga0/overlay_i/vga_pixel_del_reg[1][pixel][green][0]/D
                            (rising edge-triggered cell FDCE clocked by clk_pixel_clk_wiz  {rise@0.000ns fall@20.000ns period=40.000ns})
  Path Group:             clk_pixel_clk_wiz
  Path Type:              Hold (Min at Fast Process Corner)
  Requirement:            0.000ns  (clk_pixel_clk_wiz rise@0.000ns - clk_pixel_clk_wiz rise@0.000ns)
  Data Path Delay:        0.200ns  (logic 0.141ns (70.589%)  route 0.059ns (29.411%))
  Logic Levels:           0  
  Clock Path Skew:        0.000ns (DCD - SCD - CPR)
    Destination Clock Delay (DCD):    0.866ns
    Source Clock Delay      (SCD):    0.594ns
    Clock Pessimism Removal (CPR):    0.272ns

    Location             Delay type                Incr(ns)  Path(ns)    Netlist Resource(s)
  -------------------------------------------------------------------    -------------------
                         (clock clk_pixel_clk_wiz rise edge)
                                                      0.000     0.000 r  
    BUFGCTRL_X0Y16       BUFG                         0.000     0.000 r  clk_IBUF_BUFG_inst/O
                         net (fo=1697, routed)        0.624     0.624    vga0/clk_wiz_i/inst/clk
    MMCME2_ADV_X0Y0      MMCME2_ADV (Prop_mmcme2_adv_CLKIN1_CLKOUT0)
                                                     -1.296    -0.672 r  vga0/clk_wiz_i/inst/mmcm_adv_inst/CLKOUT0
                         net (fo=1, routed)           0.648    -0.024    vga0/clk_wiz_i/inst/clk_pixel_clk_wiz
    BUFGCTRL_X0Y0        BUFG (Prop_bufg_I_O)         0.026     0.002 r  vga0/clk_wiz_i/inst/clkout1_buf/O
                         net (fo=283, routed)         0.592     0.594    vga0/overlay_i/clk_pixel
    SLICE_X72Y102        FDCE                                         r  vga0/overlay_i/vga_pixel_del_reg[0][pixel][green][0]/C
  -------------------------------------------------------------------    -------------------
    SLICE_X72Y102        FDCE (Prop_fdce_C_Q)         0.141     0.735 r  vga0/overlay_i/vga_pixel_del_reg[0][pixel][green][0]/Q
                         net (fo=1, routed)           0.059     0.793    vga0/overlay_i/vga_pixel_del_reg[0][pixel][green][0]
    SLICE_X72Y102        FDCE                                         r  vga0/overlay_i/vga_pixel_del_reg[1][pixel][green][0]/D
  -------------------------------------------------------------------    -------------------

                         (clock clk_pixel_clk_wiz rise edge)
                                                      0.000     0.000 r  
    BUFGCTRL_X0Y16       BUFG                         0.000     0.000 r  clk_IBUF_BUFG_inst/O
                         net (fo=1697, routed)        0.898     0.898    vga0/clk_wiz_i/inst/clk
    MMCME2_ADV_X0Y0      MMCME2_ADV (Prop_mmcme2_adv_CLKIN1_CLKOUT0)
                                                     -1.625    -0.727 r  vga0/clk_wiz_i/inst/mmcm_adv_inst/CLKOUT0
                         net (fo=1, routed)           0.700    -0.027    vga0/clk_wiz_i/inst/clk_pixel_clk_wiz
    BUFGCTRL_X0Y0        BUFG (Prop_bufg_I_O)         0.029     0.002 r  vga0/clk_wiz_i/inst/clkout1_buf/O
                         net (fo=283, routed)         0.863     0.865    vga0/overlay_i/clk_pixel
    SLICE_X72Y102        FDCE                                         r  vga0/overlay_i/vga_pixel_del_reg[1][pixel][green][0]/C
                         clock pessimism             -0.272     0.594    
    SLICE_X72Y102        FDCE (Hold_fdce_C_D)         0.076     0.670    vga0/overlay_i/vga_pixel_del_reg[1][pixel][green][0]
  -------------------------------------------------------------------
                         required time                         -0.670    
                         arrival time                           0.793    
  -------------------------------------------------------------------
                         slack                                  0.124    

Slack (MET) :             0.125ns  (arrival time - required time)
  Source:                 vga0/overlay_i/vga_pixel_del_reg[0][pixel][green][1]/C
                            (rising edge-triggered cell FDCE clocked by clk_pixel_clk_wiz  {rise@0.000ns fall@20.000ns period=40.000ns})
  Destination:            vga0/overlay_i/vga_pixel_del_reg[1][pixel][green][1]/D
                            (rising edge-triggered cell FDCE clocked by clk_pixel_clk_wiz  {rise@0.000ns fall@20.000ns period=40.000ns})
  Path Group:             clk_pixel_clk_wiz
  Path Type:              Hold (Min at Fast Process Corner)
  Requirement:            0.000ns  (clk_pixel_clk_wiz rise@0.000ns - clk_pixel_clk_wiz rise@0.000ns)
  Data Path Delay:        0.203ns  (logic 0.141ns (69.572%)  route 0.062ns (30.428%))
  Logic Levels:           0  
  Clock Path Skew:        0.000ns (DCD - SCD - CPR)
    Destination Clock Delay (DCD):    0.866ns
    Source Clock Delay      (SCD):    0.594ns
    Clock Pessimism Removal (CPR):    0.272ns

    Location             Delay type                Incr(ns)  Path(ns)    Netlist Resource(s)
  -------------------------------------------------------------------    -------------------
                         (clock clk_pixel_clk_wiz rise edge)
                                                      0.000     0.000 r  
    BUFGCTRL_X0Y16       BUFG                         0.000     0.000 r  clk_IBUF_BUFG_inst/O
                         net (fo=1697, routed)        0.624     0.624    vga0/clk_wiz_i/inst/clk
    MMCME2_ADV_X0Y0      MMCME2_ADV (Prop_mmcme2_adv_CLKIN1_CLKOUT0)
                                                     -1.296    -0.672 r  vga0/clk_wiz_i/inst/mmcm_adv_inst/CLKOUT0
                         net (fo=1, routed)           0.648    -0.024    vga0/clk_wiz_i/inst/clk_pixel_clk_wiz
    BUFGCTRL_X0Y0        BUFG (Prop_bufg_I_O)         0.026     0.002 r  vga0/clk_wiz_i/inst/clkout1_buf/O
                         net (fo=283, routed)         0.592     0.594    vga0/overlay_i/clk_pixel
    SLICE_X72Y102        FDCE                                         r  vga0/overlay_i/vga_pixel_del_reg[0][pixel][green][1]/C
  -------------------------------------------------------------------    -------------------
    SLICE_X72Y102        FDCE (Prop_fdce_C_Q)         0.141     0.735 r  vga0/overlay_i/vga_pixel_del_reg[0][pixel][green][1]/Q
                         net (fo=1, routed)           0.062     0.796    vga0/overlay_i/vga_pixel_del_reg[0][pixel][green][1]
    SLICE_X72Y102        FDCE                                         r  vga0/overlay_i/vga_pixel_del_reg[1][pixel][green][1]/D
  -------------------------------------------------------------------    -------------------

                         (clock clk_pixel_clk_wiz rise edge)
                                                      0.000     0.000 r  
    BUFGCTRL_X0Y16       BUFG                         0.000     0.000 r  clk_IBUF_BUFG_inst/O
                         net (fo=1697, routed)        0.898     0.898    vga0/clk_wiz_i/inst/clk
    MMCME2_ADV_X0Y0      MMCME2_ADV (Prop_mmcme2_adv_CLKIN1_CLKOUT0)
                                                     -1.625    -0.727 r  vga0/clk_wiz_i/inst/mmcm_adv_inst/CLKOUT0
                         net (fo=1, routed)           0.700    -0.027    vga0/clk_wiz_i/inst/clk_pixel_clk_wiz
    BUFGCTRL_X0Y0        BUFG (Prop_bufg_I_O)         0.029     0.002 r  vga0/clk_wiz_i/inst/clkout1_buf/O
                         net (fo=283, routed)         0.863     0.865    vga0/overlay_i/clk_pixel
    SLICE_X72Y102        FDCE                                         r  vga0/overlay_i/vga_pixel_del_reg[1][pixel][green][1]/C
                         clock pessimism             -0.272     0.594    
    SLICE_X72Y102        FDCE (Hold_fdce_C_D)         0.078     0.672    vga0/overlay_i/vga_pixel_del_reg[1][pixel][green][1]
  -------------------------------------------------------------------
                         required time                         -0.672    
                         arrival time                           0.796    
  -------------------------------------------------------------------
                         slack                                  0.125    





Pulse Width Checks
--------------------------------------------------------------------------------------
Clock Name:         clk_pixel_clk_wiz
Waveform(ns):       { 0.000 20.000 }
Period(ns):         40.000
Sources:            { vga0/clk_wiz_i/inst/mmcm_adv_inst/CLKOUT0 }

Check Type        Corner  Lib Pin             Reference Pin  Required(ns)  Actual(ns)  Slack(ns)  Location         Pin
Min Period        n/a     RAMB18E1/CLKARDCLK  n/a            2.576         40.000      37.424     RAMB18_X2Y40     vga0/colorize_pixel_i/lut_mem/xpm_memory_base_inst/gen_rd_a.gen_rd_a_synth_template.gen_rf_narrow_pipe.douta_reg_reg/CLKARDCLK
Min Period        n/a     RAMB36E1/CLKARDCLK  n/a            2.576         40.000      37.424     RAMB36_X2Y18     vga0/image_buf_i/i_xpm_memory_tdpram/xpm_memory_base_inst/gen_wr_b.gen_word_narrow.mem_reg_0_0/CLKARDCLK
Min Period        n/a     RAMB36E1/CLKARDCLK  n/a            2.576         40.000      37.424     RAMB36_X2Y19     vga0/image_buf_i/i_xpm_memory_tdpram/xpm_memory_base_inst/gen_wr_b.gen_word_narrow.mem_reg_0_1/CLKARDCLK
Min Period        n/a     RAMB36E1/CLKARDCLK  n/a            2.576         40.000      37.424     RAMB36_X3Y18     vga0/image_buf_i/i_xpm_memory_tdpram/xpm_memory_base_inst/gen_wr_b.gen_word_narrow.mem_reg_0_2/CLKARDCLK
Min Period        n/a     RAMB36E1/CLKARDCLK  n/a            2.576         40.000      37.424     RAMB36_X1Y19     vga0/image_buf_i/i_xpm_memory_tdpram/xpm_memory_base_inst/gen_wr_b.gen_word_narrow.mem_reg_0_3/CLKARDCLK
Min Period        n/a     RAMB36E1/CLKARDCLK  n/a            2.576         40.000      37.424     RAMB36_X3Y17     vga0/image_buf_i/i_xpm_memory_tdpram/xpm_memory_base_inst/gen_wr_b.gen_word_narrow.mem_reg_0_4/CLKARDCLK
Min Period        n/a     RAMB36E1/CLKARDCLK  n/a            2.576         40.000      37.424     RAMB36_X1Y18     vga0/image_buf_i/i_xpm_memory_tdpram/xpm_memory_base_inst/gen_wr_b.gen_word_narrow.mem_reg_0_5/CLKARDCLK
Min Period        n/a     RAMB36E1/CLKARDCLK  n/a            2.576         40.000      37.424     RAMB36_X1Y17     vga0/image_buf_i/i_xpm_memory_tdpram/xpm_memory_base_inst/gen_wr_b.gen_word_narrow.mem_reg_0_6/CLKARDCLK
Min Period        n/a     RAMB36E1/CLKARDCLK  n/a            2.576         40.000      37.424     RAMB36_X2Y17     vga0/image_buf_i/i_xpm_memory_tdpram/xpm_memory_base_inst/gen_wr_b.gen_word_narrow.mem_reg_0_7/CLKARDCLK
Min Period        n/a     RAMB36E1/CLKARDCLK  n/a            2.576         40.000      37.424     RAMB36_X1Y16     vga0/overlay_i/lut_words/xpm_memory_base_inst/gen_rd_a.gen_rd_a_synth_template.gen_rf_narrow_pipe.douta_reg_reg/CLKARDCLK
Max Period        n/a     MMCME2_ADV/CLKOUT0  n/a            213.360       40.000      173.360    MMCME2_ADV_X0Y0  vga0/clk_wiz_i/inst/mmcm_adv_inst/CLKOUT0
Low Pulse Width   Slow    SRL16E/CLK          n/a            0.980         20.000      19.020     SLICE_X66Y75     vga0/overlay_i/vga_pixel_del_reg[0][ctrl][hs]_srl8__vga0_overlay_i_vga_pixel_del_reg_p/CLK
Low Pulse Width   Fast    SRL16E/CLK          n/a            0.980         20.000      19.020     SLICE_X66Y75     vga0/overlay_i/vga_pixel_del_reg[0][ctrl][hs]_srl8__vga0_overlay_i_vga_pixel_del_reg_p/CLK
Low Pulse Width   Slow    SRL16E/CLK          n/a            0.980         20.000      19.020     SLICE_X66Y75     vga0/overlay_i/vga_pixel_del_reg[0][ctrl][vs]_srl8__vga0_overlay_i_vga_pixel_del_reg_p/CLK
Low Pulse Width   Fast    SRL16E/CLK          n/a            0.980         20.000      19.020     SLICE_X66Y75     vga0/overlay_i/vga_pixel_del_reg[0][ctrl][vs]_srl8__vga0_overlay_i_vga_pixel_del_reg_p/CLK
Low Pulse Width   Slow    FDCE/C              n/a            0.500         20.000      19.500     SLICE_X67Y95     vga0/rstn_pixel_reg/C
Low Pulse Width   Fast    FDCE/C              n/a            0.500         20.000      19.500     SLICE_X67Y95     vga0/rstn_pixel_reg/C
Low Pulse Width   Slow    FDCE/C              n/a            0.500         20.000      19.500     SLICE_X66Y91     vga0/rstn_pixel_sync_reg[0]/C
Low Pulse Width   Fast    FDCE/C              n/a            0.500         20.000      19.500     SLICE_X66Y91     vga0/rstn_pixel_sync_reg[0]/C
Low Pulse Width   Slow    FDCE/C              n/a            0.500         20.000      19.500     SLICE_X67Y95     vga0/rstn_pixel_sync_reg[1]/C
Low Pulse Width   Fast    FDCE/C              n/a            0.500         20.000      19.500     SLICE_X67Y95     vga0/rstn_pixel_sync_reg[1]/C
High Pulse Width  Slow    SRL16E/CLK          n/a            0.980         20.000      19.020     SLICE_X66Y75     vga0/overlay_i/vga_pixel_del_reg[0][ctrl][hs]_srl8__vga0_overlay_i_vga_pixel_del_reg_p/CLK
High Pulse Width  Fast    SRL16E/CLK          n/a            0.980         20.000      19.020     SLICE_X66Y75     vga0/overlay_i/vga_pixel_del_reg[0][ctrl][hs]_srl8__vga0_overlay_i_vga_pixel_del_reg_p/CLK
High Pulse Width  Slow    SRL16E/CLK          n/a            0.980         20.000      19.020     SLICE_X66Y75     vga0/overlay_i/vga_pixel_del_reg[0][ctrl][vs]_srl8__vga0_overlay_i_vga_pixel_del_reg_p/CLK
High Pulse Width  Fast    SRL16E/CLK          n/a            0.980         20.000      19.020     SLICE_X66Y75     vga0/overlay_i/vga_pixel_del_reg[0][ctrl][vs]_srl8__vga0_overlay_i_vga_pixel_del_reg_p/CLK
High Pulse Width  Slow    FDCE/C              n/a            0.500         20.000      19.500     SLICE_X67Y95     vga0/rstn_pixel_reg/C
High Pulse Width  Fast    FDCE/C              n/a            0.500         20.000      19.500     SLICE_X67Y95     vga0/rstn_pixel_reg/C
High Pulse Width  Slow    FDCE/C              n/a            0.500         20.000      19.500     SLICE_X66Y91     vga0/rstn_pixel_sync_reg[0]/C
High Pulse Width  Fast    FDCE/C              n/a            0.500         20.000      19.500     SLICE_X66Y91     vga0/rstn_pixel_sync_reg[0]/C
High Pulse Width  Slow    FDCE/C              n/a            0.500         20.000      19.500     SLICE_X67Y95     vga0/rstn_pixel_sync_reg[1]/C
High Pulse Width  Fast    FDCE/C              n/a            0.500         20.000      19.500     SLICE_X67Y95     vga0/rstn_pixel_sync_reg[1]/C



---------------------------------------------------------------------------------------------------
From Clock:  clkfbout_clk_wiz
  To Clock:  clkfbout_clk_wiz

Setup :           NA  Failing Endpoints,  Worst Slack           NA  ,  Total Violation           NA
Hold  :           NA  Failing Endpoints,  Worst Slack           NA  ,  Total Violation           NA
PW    :            0  Failing Endpoints,  Worst Slack        7.845ns,  Total Violation        0.000ns
---------------------------------------------------------------------------------------------------


Pulse Width Checks
--------------------------------------------------------------------------------------
Clock Name:         clkfbout_clk_wiz
Waveform(ns):       { 0.000 5.000 }
Period(ns):         10.000
Sources:            { vga0/clk_wiz_i/inst/mmcm_adv_inst/CLKFBOUT }

Check Type  Corner  Lib Pin              Reference Pin  Required(ns)  Actual(ns)  Slack(ns)  Location         Pin
Min Period  n/a     BUFG/I               n/a            2.155         10.000      7.845      BUFGCTRL_X0Y3    vga0/clk_wiz_i/inst/clkf_buf/I
Min Period  n/a     MMCME2_ADV/CLKFBOUT  n/a            1.249         10.000      8.751      MMCME2_ADV_X0Y0  vga0/clk_wiz_i/inst/mmcm_adv_inst/CLKFBOUT
Min Period  n/a     MMCME2_ADV/CLKFBIN   n/a            1.249         10.000      8.751      MMCME2_ADV_X0Y0  vga0/clk_wiz_i/inst/mmcm_adv_inst/CLKFBIN
Max Period  n/a     MMCME2_ADV/CLKFBIN   n/a            100.000       10.000      90.000     MMCME2_ADV_X0Y0  vga0/clk_wiz_i/inst/mmcm_adv_inst/CLKFBIN
Max Period  n/a     MMCME2_ADV/CLKFBOUT  n/a            213.360       10.000      203.360    MMCME2_ADV_X0Y0  vga0/clk_wiz_i/inst/mmcm_adv_inst/CLKFBOUT



---------------------------------------------------------------------------------------------------
From Clock:  clk_out1_clk_wiz_0
  To Clock:  clk

Setup :           18  Failing Endpoints,  Worst Slack       -4.203ns,  Total Violation      -60.152ns
Hold  :            0  Failing Endpoints,  Worst Slack        0.207ns,  Total Violation        0.000ns
---------------------------------------------------------------------------------------------------


Max Delay Paths
--------------------------------------------------------------------------------------
Slack (VIOLATED) :        -4.203ns  (required time - arrival time)
  Source:                 i2spcm0/lreg_reg[26]/C
                            (rising edge-triggered cell FDRE clocked by clk_out1_clk_wiz_0  {rise@0.000ns fall@30.516ns period=61.032ns})
  Destination:            i2spcm0/tdata_async_reg_reg[26]/D
                            (rising edge-triggered cell FDRE clocked by clk  {rise@0.000ns fall@5.000ns period=10.000ns})
  Path Group:             clk
  Path Type:              Setup (Max at Slow Process Corner)
  Requirement:            0.028ns  (clk rise@7690.000ns - clk_out1_clk_wiz_0 rise@7689.971ns)
  Data Path Delay:        6.994ns  (logic 0.456ns (6.520%)  route 6.538ns (93.480%))
  Logic Levels:           0  
  Clock Path Skew:        3.300ns (DCD - SCD + CPR)
    Destination Clock Delay (DCD):    5.032ns = ( 7695.031 - 7690.000 ) 
    Source Clock Delay      (SCD):    1.731ns = ( 7691.703 - 7689.971 ) 
    Clock Pessimism Removal (CPR):    0.000ns
  Clock Uncertainty:      0.497ns  ((TSJ^2 + DJ^2)^1/2) / 2 + PE
    Total System Jitter     (TSJ):    0.071ns
    Discrete Jitter          (DJ):    0.382ns
    Phase Error              (PE):    0.303ns
  Clock Domain Crossing:  Inter clock paths are considered valid unless explicitly excluded by timing constraints such as set_clock_groups or set_false_path.

    Location             Delay type                Incr(ns)  Path(ns)    Netlist Resource(s)
  -------------------------------------------------------------------    -------------------
                         (clock clk_out1_clk_wiz_0 rise edge)
                                                   7689.971  7689.971 r  
    BUFGCTRL_X0Y16       BUFG                         0.000  7689.971 r  clk_IBUF_BUFG_inst/O
                         net (fo=1697, routed)        1.636  7691.607    i2spcm0/inst/inst/clk_in1
    MMCME2_ADV_X0Y1      MMCME2_ADV (Prop_mmcme2_adv_CLKIN1_CLKOUT0)
                                                     -3.441  7688.167 r  i2spcm0/inst/inst/mmcm_adv_inst/CLKOUT0
                         net (fo=1, routed)           1.710  7689.877    i2spcm0/inst/inst/clk_out1_clk_wiz_0
    BUFGCTRL_X0Y1        BUFG (Prop_bufg_I_O)         0.096  7689.973 r  i2spcm0/inst/inst/clkout1_buf/O
                         net (fo=30, routed)          1.729  7691.703    i2spcm0/clk_gen_fast
    SLICE_X87Y92         FDRE                                         r  i2spcm0/lreg_reg[26]/C
  -------------------------------------------------------------------    -------------------
    SLICE_X87Y92         FDRE (Prop_fdre_C_Q)         0.456  7692.159 r  i2spcm0/lreg_reg[26]/Q
                         net (fo=1, routed)           6.538  7698.697    i2spcm0/lreg[26]
    SLICE_X87Y88         FDRE                                         r  i2spcm0/tdata_async_reg_reg[26]/D
  -------------------------------------------------------------------    -------------------

                         (clock clk rise edge)     7690.000  7690.000 r  
    E3                                                0.000  7690.000 r  clk (IN)
                         net (fo=0)                   0.000  7690.000    clk
    E3                   IBUF (Prop_ibuf_I_O)         1.411  7691.411 r  clk_IBUF_inst/O
                         net (fo=2, routed)           1.920  7693.331    clk_IBUF
    BUFGCTRL_X0Y16       BUFG (Prop_bufg_I_O)         0.091  7693.421 r  clk_IBUF_BUFG_inst/O
                         net (fo=1697, routed)        1.609  7695.031    i2spcm0/clk
    SLICE_X87Y88         FDRE                                         r  i2spcm0/tdata_async_reg_reg[26]/C
                         clock pessimism              0.000  7695.031    
                         clock uncertainty           -0.497  7694.533    
    SLICE_X87Y88         FDRE (Setup_fdre_C_D)       -0.040  7694.493    i2spcm0/tdata_async_reg_reg[26]
  -------------------------------------------------------------------
                         required time                       7694.494    
                         arrival time                       -7698.697    
  -------------------------------------------------------------------
                         slack                                 -4.203    

Slack (VIOLATED) :        -4.077ns  (required time - arrival time)
  Source:                 i2spcm0/lreg_reg[24]/C
                            (rising edge-triggered cell FDRE clocked by clk_out1_clk_wiz_0  {rise@0.000ns fall@30.516ns period=61.032ns})
  Destination:            i2spcm0/tdata_async_reg_reg[24]/D
                            (rising edge-triggered cell FDRE clocked by clk  {rise@0.000ns fall@5.000ns period=10.000ns})
  Path Group:             clk
  Path Type:              Setup (Max at Slow Process Corner)
  Requirement:            0.028ns  (clk rise@7690.000ns - clk_out1_clk_wiz_0 rise@7689.971ns)
  Data Path Delay:        6.847ns  (logic 0.518ns (7.565%)  route 6.329ns (92.435%))
  Logic Levels:           0  
  Clock Path Skew:        3.301ns (DCD - SCD + CPR)
    Destination Clock Delay (DCD):    5.032ns = ( 7695.031 - 7690.000 ) 
    Source Clock Delay      (SCD):    1.730ns = ( 7691.702 - 7689.971 ) 
    Clock Pessimism Removal (CPR):    0.000ns
  Clock Uncertainty:      0.497ns  ((TSJ^2 + DJ^2)^1/2) / 2 + PE
    Total System Jitter     (TSJ):    0.071ns
    Discrete Jitter          (DJ):    0.382ns
    Phase Error              (PE):    0.303ns
  Clock Domain Crossing:  Inter clock paths are considered valid unless explicitly excluded by timing constraints such as set_clock_groups or set_false_path.

    Location             Delay type                Incr(ns)  Path(ns)    Netlist Resource(s)
  -------------------------------------------------------------------    -------------------
                         (clock clk_out1_clk_wiz_0 rise edge)
                                                   7689.971  7689.971 r  
    BUFGCTRL_X0Y16       BUFG                         0.000  7689.971 r  clk_IBUF_BUFG_inst/O
                         net (fo=1697, routed)        1.636  7691.607    i2spcm0/inst/inst/clk_in1
    MMCME2_ADV_X0Y1      MMCME2_ADV (Prop_mmcme2_adv_CLKIN1_CLKOUT0)
                                                     -3.441  7688.167 r  i2spcm0/inst/inst/mmcm_adv_inst/CLKOUT0
                         net (fo=1, routed)           1.710  7689.877    i2spcm0/inst/inst/clk_out1_clk_wiz_0
    BUFGCTRL_X0Y1        BUFG (Prop_bufg_I_O)         0.096  7689.973 r  i2spcm0/inst/inst/clkout1_buf/O
                         net (fo=30, routed)          1.728  7691.702    i2spcm0/clk_gen_fast
    SLICE_X88Y89         FDRE                                         r  i2spcm0/lreg_reg[24]/C
  -------------------------------------------------------------------    -------------------
    SLICE_X88Y89         FDRE (Prop_fdre_C_Q)         0.518  7692.220 r  i2spcm0/lreg_reg[24]/Q
                         net (fo=1, routed)           6.329  7698.549    i2spcm0/lreg[24]
    SLICE_X87Y88         FDRE                                         r  i2spcm0/tdata_async_reg_reg[24]/D
  -------------------------------------------------------------------    -------------------

                         (clock clk rise edge)     7690.000  7690.000 r  
    E3                                                0.000  7690.000 r  clk (IN)
                         net (fo=0)                   0.000  7690.000    clk
    E3                   IBUF (Prop_ibuf_I_O)         1.411  7691.411 r  clk_IBUF_inst/O
                         net (fo=2, routed)           1.920  7693.331    clk_IBUF
    BUFGCTRL_X0Y16       BUFG (Prop_bufg_I_O)         0.091  7693.421 r  clk_IBUF_BUFG_inst/O
                         net (fo=1697, routed)        1.609  7695.031    i2spcm0/clk
    SLICE_X87Y88         FDRE                                         r  i2spcm0/tdata_async_reg_reg[24]/C
                         clock pessimism              0.000  7695.031    
                         clock uncertainty           -0.497  7694.533    
    SLICE_X87Y88         FDRE (Setup_fdre_C_D)       -0.062  7694.471    i2spcm0/tdata_async_reg_reg[24]
  -------------------------------------------------------------------
                         required time                       7694.472    
                         arrival time                       -7698.549    
  -------------------------------------------------------------------
                         slack                                 -4.077    

Slack (VIOLATED) :        -4.037ns  (required time - arrival time)
  Source:                 i2spcm0/lreg_reg[28]/C
                            (rising edge-triggered cell FDRE clocked by clk_out1_clk_wiz_0  {rise@0.000ns fall@30.516ns period=61.032ns})
  Destination:            i2spcm0/tdata_async_reg_reg[28]/D
                            (rising edge-triggered cell FDRE clocked by clk  {rise@0.000ns fall@5.000ns period=10.000ns})
  Path Group:             clk
  Path Type:              Setup (Max at Slow Process Corner)
  Requirement:            0.028ns  (clk rise@7690.000ns - clk_out1_clk_wiz_0 rise@7689.971ns)
  Data Path Delay:        6.789ns  (logic 0.456ns (6.717%)  route 6.333ns (93.283%))
  Logic Levels:           0  
  Clock Path Skew:        3.302ns (DCD - SCD + CPR)
    Destination Clock Delay (DCD):    5.032ns = ( 7695.031 - 7690.000 ) 
    Source Clock Delay      (SCD):    1.729ns = ( 7691.701 - 7689.971 ) 
    Clock Pessimism Removal (CPR):    0.000ns
  Clock Uncertainty:      0.497ns  ((TSJ^2 + DJ^2)^1/2) / 2 + PE
    Total System Jitter     (TSJ):    0.071ns
    Discrete Jitter          (DJ):    0.382ns
    Phase Error              (PE):    0.303ns
  Clock Domain Crossing:  Inter clock paths are considered valid unless explicitly excluded by timing constraints such as set_clock_groups or set_false_path.

    Location             Delay type                Incr(ns)  Path(ns)    Netlist Resource(s)
  -------------------------------------------------------------------    -------------------
                         (clock clk_out1_clk_wiz_0 rise edge)
                                                   7689.971  7689.971 r  
    BUFGCTRL_X0Y16       BUFG                         0.000  7689.971 r  clk_IBUF_BUFG_inst/O
                         net (fo=1697, routed)        1.636  7691.607    i2spcm0/inst/inst/clk_in1
    MMCME2_ADV_X0Y1      MMCME2_ADV (Prop_mmcme2_adv_CLKIN1_CLKOUT0)
                                                     -3.441  7688.167 r  i2spcm0/inst/inst/mmcm_adv_inst/CLKOUT0
                         net (fo=1, routed)           1.710  7689.877    i2spcm0/inst/inst/clk_out1_clk_wiz_0
    BUFGCTRL_X0Y1        BUFG (Prop_bufg_I_O)         0.096  7689.973 r  i2spcm0/inst/inst/clkout1_buf/O
                         net (fo=30, routed)          1.727  7691.701    i2spcm0/clk_gen_fast
    SLICE_X82Y91         FDRE                                         r  i2spcm0/lreg_reg[28]/C
  -------------------------------------------------------------------    -------------------
    SLICE_X82Y91         FDRE (Prop_fdre_C_Q)         0.456  7692.157 r  i2spcm0/lreg_reg[28]/Q
                         net (fo=1, routed)           6.333  7698.490    i2spcm0/lreg[28]
    SLICE_X85Y91         FDRE                                         r  i2spcm0/tdata_async_reg_reg[28]/D
  -------------------------------------------------------------------    -------------------

                         (clock clk rise edge)     7690.000  7690.000 r  
    E3                                                0.000  7690.000 r  clk (IN)
                         net (fo=0)                   0.000  7690.000    clk
    E3                   IBUF (Prop_ibuf_I_O)         1.411  7691.411 r  clk_IBUF_inst/O
                         net (fo=2, routed)           1.920  7693.331    clk_IBUF
    BUFGCTRL_X0Y16       BUFG (Prop_bufg_I_O)         0.091  7693.421 r  clk_IBUF_BUFG_inst/O
                         net (fo=1697, routed)        1.609  7695.031    i2spcm0/clk
    SLICE_X85Y91         FDRE                                         r  i2spcm0/tdata_async_reg_reg[28]/C
                         clock pessimism              0.000  7695.031    
                         clock uncertainty           -0.497  7694.533    
    SLICE_X85Y91         FDRE (Setup_fdre_C_D)       -0.081  7694.452    i2spcm0/tdata_async_reg_reg[28]
  -------------------------------------------------------------------
                         required time                       7694.453    
                         arrival time                       -7698.490    
  -------------------------------------------------------------------
                         slack                                 -4.037    

Slack (VIOLATED) :        -3.806ns  (required time - arrival time)
  Source:                 i2spcm0/lreg_reg[27]/C
                            (rising edge-triggered cell FDRE clocked by clk_out1_clk_wiz_0  {rise@0.000ns fall@30.516ns period=61.032ns})
  Destination:            i2spcm0/tdata_async_reg_reg[27]/D
                            (rising edge-triggered cell FDRE clocked by clk  {rise@0.000ns fall@5.000ns period=10.000ns})
  Path Group:             clk
  Path Type:              Setup (Max at Slow Process Corner)
  Requirement:            0.028ns  (clk rise@7690.000ns - clk_out1_clk_wiz_0 rise@7689.971ns)
  Data Path Delay:        6.544ns  (logic 0.456ns (6.968%)  route 6.088ns (93.032%))
  Logic Levels:           0  
  Clock Path Skew:        3.302ns (DCD - SCD + CPR)
    Destination Clock Delay (DCD):    5.032ns = ( 7695.031 - 7690.000 ) 
    Source Clock Delay      (SCD):    1.729ns = ( 7691.701 - 7689.971 ) 
    Clock Pessimism Removal (CPR):    0.000ns
  Clock Uncertainty:      0.497ns  ((TSJ^2 + DJ^2)^1/2) / 2 + PE
    Total System Jitter     (TSJ):    0.071ns
    Discrete Jitter          (DJ):    0.382ns
    Phase Error              (PE):    0.303ns
  Clock Domain Crossing:  Inter clock paths are considered valid unless explicitly excluded by timing constraints such as set_clock_groups or set_false_path.

    Location             Delay type                Incr(ns)  Path(ns)    Netlist Resource(s)
  -------------------------------------------------------------------    -------------------
                         (clock clk_out1_clk_wiz_0 rise edge)
                                                   7689.971  7689.971 r  
    BUFGCTRL_X0Y16       BUFG                         0.000  7689.971 r  clk_IBUF_BUFG_inst/O
                         net (fo=1697, routed)        1.636  7691.607    i2spcm0/inst/inst/clk_in1
    MMCME2_ADV_X0Y1      MMCME2_ADV (Prop_mmcme2_adv_CLKIN1_CLKOUT0)
                                                     -3.441  7688.167 r  i2spcm0/inst/inst/mmcm_adv_inst/CLKOUT0
                         net (fo=1, routed)           1.710  7689.877    i2spcm0/inst/inst/clk_out1_clk_wiz_0
    BUFGCTRL_X0Y1        BUFG (Prop_bufg_I_O)         0.096  7689.973 r  i2spcm0/inst/inst/clkout1_buf/O
                         net (fo=30, routed)          1.727  7691.701    i2spcm0/clk_gen_fast
    SLICE_X85Y92         FDRE                                         r  i2spcm0/lreg_reg[27]/C
  -------------------------------------------------------------------    -------------------
    SLICE_X85Y92         FDRE (Prop_fdre_C_Q)         0.456  7692.157 r  i2spcm0/lreg_reg[27]/Q
                         net (fo=1, routed)           6.088  7698.245    i2spcm0/lreg[27]
    SLICE_X85Y91         FDRE                                         r  i2spcm0/tdata_async_reg_reg[27]/D
  -------------------------------------------------------------------    -------------------

                         (clock clk rise edge)     7690.000  7690.000 r  
    E3                                                0.000  7690.000 r  clk (IN)
                         net (fo=0)                   0.000  7690.000    clk
    E3                   IBUF (Prop_ibuf_I_O)         1.411  7691.411 r  clk_IBUF_inst/O
                         net (fo=2, routed)           1.920  7693.331    clk_IBUF
    BUFGCTRL_X0Y16       BUFG (Prop_bufg_I_O)         0.091  7693.421 r  clk_IBUF_BUFG_inst/O
                         net (fo=1697, routed)        1.609  7695.031    i2spcm0/clk
    SLICE_X85Y91         FDRE                                         r  i2spcm0/tdata_async_reg_reg[27]/C
                         clock pessimism              0.000  7695.031    
                         clock uncertainty           -0.497  7694.533    
    SLICE_X85Y91         FDRE (Setup_fdre_C_D)       -0.095  7694.438    i2spcm0/tdata_async_reg_reg[27]
  -------------------------------------------------------------------
                         required time                       7694.439    
                         arrival time                       -7698.245    
  -------------------------------------------------------------------
                         slack                                 -3.806    

Slack (VIOLATED) :        -3.518ns  (required time - arrival time)
  Source:                 i2spcm0/lreg_reg[14]/C
                            (rising edge-triggered cell FDRE clocked by clk_out1_clk_wiz_0  {rise@0.000ns fall@30.516ns period=61.032ns})
  Destination:            i2spcm0/tdata_async_reg_reg[14]/D
                            (rising edge-triggered cell FDRE clocked by clk  {rise@0.000ns fall@5.000ns period=10.000ns})
  Path Group:             clk
  Path Type:              Setup (Max at Slow Process Corner)
  Requirement:            0.028ns  (clk rise@7690.000ns - clk_out1_clk_wiz_0 rise@7689.971ns)
  Data Path Delay:        6.254ns  (logic 0.518ns (8.283%)  route 5.736ns (91.717%))
  Logic Levels:           0  
  Clock Path Skew:        3.300ns (DCD - SCD + CPR)
    Destination Clock Delay (DCD):    5.032ns = ( 7695.031 - 7690.000 ) 
    Source Clock Delay      (SCD):    1.731ns = ( 7691.703 - 7689.971 ) 
    Clock Pessimism Removal (CPR):    0.000ns
  Clock Uncertainty:      0.497ns  ((TSJ^2 + DJ^2)^1/2) / 2 + PE
    Total System Jitter     (TSJ):    0.071ns
    Discrete Jitter          (DJ):    0.382ns
    Phase Error              (PE):    0.303ns
  Clock Domain Crossing:  Inter clock paths are considered valid unless explicitly excluded by timing constraints such as set_clock_groups or set_false_path.

    Location             Delay type                Incr(ns)  Path(ns)    Netlist Resource(s)
  -------------------------------------------------------------------    -------------------
                         (clock clk_out1_clk_wiz_0 rise edge)
                                                   7689.971  7689.971 r  
    BUFGCTRL_X0Y16       BUFG                         0.000  7689.971 r  clk_IBUF_BUFG_inst/O
                         net (fo=1697, routed)        1.636  7691.607    i2spcm0/inst/inst/clk_in1
    MMCME2_ADV_X0Y1      MMCME2_ADV (Prop_mmcme2_adv_CLKIN1_CLKOUT0)
                                                     -3.441  7688.167 r  i2spcm0/inst/inst/mmcm_adv_inst/CLKOUT0
                         net (fo=1, routed)           1.710  7689.877    i2spcm0/inst/inst/clk_out1_clk_wiz_0
    BUFGCTRL_X0Y1        BUFG (Prop_bufg_I_O)         0.096  7689.973 r  i2spcm0/inst/inst/clkout1_buf/O
                         net (fo=30, routed)          1.729  7691.703    i2spcm0/clk_gen_fast
    SLICE_X88Y92         FDRE                                         r  i2spcm0/lreg_reg[14]/C
  -------------------------------------------------------------------    -------------------
    SLICE_X88Y92         FDRE (Prop_fdre_C_Q)         0.518  7692.221 r  i2spcm0/lreg_reg[14]/Q
                         net (fo=1, routed)           5.736  7697.957    i2spcm0/lreg[14]
    SLICE_X87Y88         FDRE                                         r  i2spcm0/tdata_async_reg_reg[14]/D
  -------------------------------------------------------------------    -------------------

                         (clock clk rise edge)     7690.000  7690.000 r  
    E3                                                0.000  7690.000 r  clk (IN)
                         net (fo=0)                   0.000  7690.000    clk
    E3                   IBUF (Prop_ibuf_I_O)         1.411  7691.411 r  clk_IBUF_inst/O
                         net (fo=2, routed)           1.920  7693.331    clk_IBUF
    BUFGCTRL_X0Y16       BUFG (Prop_bufg_I_O)         0.091  7693.421 r  clk_IBUF_BUFG_inst/O
                         net (fo=1697, routed)        1.609  7695.031    i2spcm0/clk
    SLICE_X87Y88         FDRE                                         r  i2spcm0/tdata_async_reg_reg[14]/C
                         clock pessimism              0.000  7695.031    
                         clock uncertainty           -0.497  7694.533    
    SLICE_X87Y88         FDRE (Setup_fdre_C_D)       -0.095  7694.438    i2spcm0/tdata_async_reg_reg[14]
  -------------------------------------------------------------------
                         required time                       7694.439    
                         arrival time                       -7697.957    
  -------------------------------------------------------------------
                         slack                                 -3.518    

Slack (VIOLATED) :        -3.402ns  (required time - arrival time)
  Source:                 i2spcm0/lreg_reg[31]/C
                            (rising edge-triggered cell FDRE clocked by clk_out1_clk_wiz_0  {rise@0.000ns fall@30.516ns period=61.032ns})
  Destination:            i2spcm0/tdata_async_reg_reg[31]/D
                            (rising edge-triggered cell FDRE clocked by clk  {rise@0.000ns fall@5.000ns period=10.000ns})
  Path Group:             clk
  Path Type:              Setup (Max at Slow Process Corner)
  Requirement:            0.028ns  (clk rise@7690.000ns - clk_out1_clk_wiz_0 rise@7689.971ns)
  Data Path Delay:        6.188ns  (logic 0.456ns (7.369%)  route 5.732ns (92.631%))
  Logic Levels:           0  
  Clock Path Skew:        3.302ns (DCD - SCD + CPR)
    Destination Clock Delay (DCD):    5.032ns = ( 7695.031 - 7690.000 ) 
    Source Clock Delay      (SCD):    1.729ns = ( 7691.701 - 7689.971 ) 
    Clock Pessimism Removal (CPR):    0.000ns
  Clock Uncertainty:      0.497ns  ((TSJ^2 + DJ^2)^1/2) / 2 + PE
    Total System Jitter     (TSJ):    0.071ns
    Discrete Jitter          (DJ):    0.382ns
    Phase Error              (PE):    0.303ns
  Clock Domain Crossing:  Inter clock paths are considered valid unless explicitly excluded by timing constraints such as set_clock_groups or set_false_path.

    Location             Delay type                Incr(ns)  Path(ns)    Netlist Resource(s)
  -------------------------------------------------------------------    -------------------
                         (clock clk_out1_clk_wiz_0 rise edge)
                                                   7689.971  7689.971 r  
    BUFGCTRL_X0Y16       BUFG                         0.000  7689.971 r  clk_IBUF_BUFG_inst/O
                         net (fo=1697, routed)        1.636  7691.607    i2spcm0/inst/inst/clk_in1
    MMCME2_ADV_X0Y1      MMCME2_ADV (Prop_mmcme2_adv_CLKIN1_CLKOUT0)
                                                     -3.441  7688.167 r  i2spcm0/inst/inst/mmcm_adv_inst/CLKOUT0
                         net (fo=1, routed)           1.710  7689.877    i2spcm0/inst/inst/clk_out1_clk_wiz_0
    BUFGCTRL_X0Y1        BUFG (Prop_bufg_I_O)         0.096  7689.973 r  i2spcm0/inst/inst/clkout1_buf/O
                         net (fo=30, routed)          1.727  7691.701    i2spcm0/clk_gen_fast
    SLICE_X83Y91         FDRE                                         r  i2spcm0/lreg_reg[31]/C
  -------------------------------------------------------------------    -------------------
    SLICE_X83Y91         FDRE (Prop_fdre_C_Q)         0.456  7692.157 r  i2spcm0/lreg_reg[31]/Q
                         net (fo=1, routed)           5.732  7697.889    i2spcm0/lreg[31]
    SLICE_X85Y91         FDRE                                         r  i2spcm0/tdata_async_reg_reg[31]/D
  -------------------------------------------------------------------    -------------------

                         (clock clk rise edge)     7690.000  7690.000 r  
    E3                                                0.000  7690.000 r  clk (IN)
                         net (fo=0)                   0.000  7690.000    clk
    E3                   IBUF (Prop_ibuf_I_O)         1.411  7691.411 r  clk_IBUF_inst/O
                         net (fo=2, routed)           1.920  7693.331    clk_IBUF
    BUFGCTRL_X0Y16       BUFG (Prop_bufg_I_O)         0.091  7693.421 r  clk_IBUF_BUFG_inst/O
                         net (fo=1697, routed)        1.609  7695.031    i2spcm0/clk
    SLICE_X85Y91         FDRE                                         r  i2spcm0/tdata_async_reg_reg[31]/C
                         clock pessimism              0.000  7695.031    
                         clock uncertainty           -0.497  7694.533    
    SLICE_X85Y91         FDRE (Setup_fdre_C_D)       -0.047  7694.486    i2spcm0/tdata_async_reg_reg[31]
  -------------------------------------------------------------------
                         required time                       7694.487    
                         arrival time                       -7697.889    
  -------------------------------------------------------------------
                         slack                                 -3.402    

Slack (VIOLATED) :        -3.337ns  (required time - arrival time)
  Source:                 i2spcm0/lreg_reg[22]/C
                            (rising edge-triggered cell FDRE clocked by clk_out1_clk_wiz_0  {rise@0.000ns fall@30.516ns period=61.032ns})
  Destination:            i2spcm0/tdata_async_reg_reg[22]/D
                            (rising edge-triggered cell FDRE clocked by clk  {rise@0.000ns fall@5.000ns period=10.000ns})
  Path Group:             clk
  Path Type:              Setup (Max at Slow Process Corner)
  Requirement:            0.028ns  (clk rise@7690.000ns - clk_out1_clk_wiz_0 rise@7689.971ns)
  Data Path Delay:        6.121ns  (logic 0.518ns (8.463%)  route 5.603ns (91.537%))
  Logic Levels:           0  
  Clock Path Skew:        3.300ns (DCD - SCD + CPR)
    Destination Clock Delay (DCD):    5.028ns = ( 7695.027 - 7690.000 ) 
    Source Clock Delay      (SCD):    1.727ns = ( 7691.699 - 7689.971 ) 
    Clock Pessimism Removal (CPR):    0.000ns
  Clock Uncertainty:      0.497ns  ((TSJ^2 + DJ^2)^1/2) / 2 + PE
    Total System Jitter     (TSJ):    0.071ns
    Discrete Jitter          (DJ):    0.382ns
    Phase Error              (PE):    0.303ns
  Clock Domain Crossing:  Inter clock paths are considered valid unless explicitly excluded by timing constraints such as set_clock_groups or set_false_path.

    Location             Delay type                Incr(ns)  Path(ns)    Netlist Resource(s)
  -------------------------------------------------------------------    -------------------
                         (clock clk_out1_clk_wiz_0 rise edge)
                                                   7689.971  7689.971 r  
    BUFGCTRL_X0Y16       BUFG                         0.000  7689.971 r  clk_IBUF_BUFG_inst/O
                         net (fo=1697, routed)        1.636  7691.607    i2spcm0/inst/inst/clk_in1
    MMCME2_ADV_X0Y1      MMCME2_ADV (Prop_mmcme2_adv_CLKIN1_CLKOUT0)
                                                     -3.441  7688.167 r  i2spcm0/inst/inst/mmcm_adv_inst/CLKOUT0
                         net (fo=1, routed)           1.710  7689.877    i2spcm0/inst/inst/clk_out1_clk_wiz_0
    BUFGCTRL_X0Y1        BUFG (Prop_bufg_I_O)         0.096  7689.973 r  i2spcm0/inst/inst/clkout1_buf/O
                         net (fo=30, routed)          1.725  7691.699    i2spcm0/clk_gen_fast
    SLICE_X88Y85         FDRE                                         r  i2spcm0/lreg_reg[22]/C
  -------------------------------------------------------------------    -------------------
    SLICE_X88Y85         FDRE (Prop_fdre_C_Q)         0.518  7692.217 r  i2spcm0/lreg_reg[22]/Q
                         net (fo=1, routed)           5.603  7697.820    i2spcm0/lreg[22]
    SLICE_X85Y85         FDRE                                         r  i2spcm0/tdata_async_reg_reg[22]/D
  -------------------------------------------------------------------    -------------------

                         (clock clk rise edge)     7690.000  7690.000 r  
    E3                                                0.000  7690.000 r  clk (IN)
                         net (fo=0)                   0.000  7690.000    clk
    E3                   IBUF (Prop_ibuf_I_O)         1.411  7691.411 r  clk_IBUF_inst/O
                         net (fo=2, routed)           1.920  7693.331    clk_IBUF
    BUFGCTRL_X0Y16       BUFG (Prop_bufg_I_O)         0.091  7693.421 r  clk_IBUF_BUFG_inst/O
                         net (fo=1697, routed)        1.605  7695.027    i2spcm0/clk
    SLICE_X85Y85         FDRE                                         r  i2spcm0/tdata_async_reg_reg[22]/C
                         clock pessimism              0.000  7695.027    
                         clock uncertainty           -0.497  7694.529    
    SLICE_X85Y85         FDRE (Setup_fdre_C_D)       -0.047  7694.482    i2spcm0/tdata_async_reg_reg[22]
  -------------------------------------------------------------------
                         required time                       7694.482    
                         arrival time                       -7697.819    
  -------------------------------------------------------------------
                         slack                                 -3.337    

Slack (VIOLATED) :        -3.313ns  (required time - arrival time)
  Source:                 i2spcm0/lreg_reg[25]/C
                            (rising edge-triggered cell FDRE clocked by clk_out1_clk_wiz_0  {rise@0.000ns fall@30.516ns period=61.032ns})
  Destination:            i2spcm0/tdata_async_reg_reg[25]/D
                            (rising edge-triggered cell FDRE clocked by clk  {rise@0.000ns fall@5.000ns period=10.000ns})
  Path Group:             clk
  Path Type:              Setup (Max at Slow Process Corner)
  Requirement:            0.028ns  (clk rise@7690.000ns - clk_out1_clk_wiz_0 rise@7689.971ns)
  Data Path Delay:        6.103ns  (logic 0.518ns (8.487%)  route 5.585ns (91.513%))
  Logic Levels:           0  
  Clock Path Skew:        3.302ns (DCD - SCD + CPR)
    Destination Clock Delay (DCD):    5.032ns = ( 7695.031 - 7690.000 ) 
    Source Clock Delay      (SCD):    1.729ns = ( 7691.701 - 7689.971 ) 
    Clock Pessimism Removal (CPR):    0.000ns
  Clock Uncertainty:      0.497ns  ((TSJ^2 + DJ^2)^1/2) / 2 + PE
    Total System Jitter     (TSJ):    0.071ns
    Discrete Jitter          (DJ):    0.382ns
    Phase Error              (PE):    0.303ns
  Clock Domain Crossing:  Inter clock paths are considered valid unless explicitly excluded by timing constraints such as set_clock_groups or set_false_path.

    Location             Delay type                Incr(ns)  Path(ns)    Netlist Resource(s)
  -------------------------------------------------------------------    -------------------
                         (clock clk_out1_clk_wiz_0 rise edge)
                                                   7689.971  7689.971 r  
    BUFGCTRL_X0Y16       BUFG                         0.000  7689.971 r  clk_IBUF_BUFG_inst/O
                         net (fo=1697, routed)        1.636  7691.607    i2spcm0/inst/inst/clk_in1
    MMCME2_ADV_X0Y1      MMCME2_ADV (Prop_mmcme2_adv_CLKIN1_CLKOUT0)
                                                     -3.441  7688.167 r  i2spcm0/inst/inst/mmcm_adv_inst/CLKOUT0
                         net (fo=1, routed)           1.710  7689.877    i2spcm0/inst/inst/clk_out1_clk_wiz_0
    BUFGCTRL_X0Y1        BUFG (Prop_bufg_I_O)         0.096  7689.973 r  i2spcm0/inst/inst/clkout1_buf/O
                         net (fo=30, routed)          1.727  7691.701    i2spcm0/clk_gen_fast
    SLICE_X88Y88         FDRE                                         r  i2spcm0/lreg_reg[25]/C
  -------------------------------------------------------------------    -------------------
    SLICE_X88Y88         FDRE (Prop_fdre_C_Q)         0.518  7692.219 r  i2spcm0/lreg_reg[25]/Q
                         net (fo=1, routed)           5.585  7697.804    i2spcm0/lreg[25]
    SLICE_X87Y88         FDRE                                         r  i2spcm0/tdata_async_reg_reg[25]/D
  -------------------------------------------------------------------    -------------------

                         (clock clk rise edge)     7690.000  7690.000 r  
    E3                                                0.000  7690.000 r  clk (IN)
                         net (fo=0)                   0.000  7690.000    clk
    E3                   IBUF (Prop_ibuf_I_O)         1.411  7691.411 r  clk_IBUF_inst/O
                         net (fo=2, routed)           1.920  7693.331    clk_IBUF
    BUFGCTRL_X0Y16       BUFG (Prop_bufg_I_O)         0.091  7693.421 r  clk_IBUF_BUFG_inst/O
                         net (fo=1697, routed)        1.609  7695.031    i2spcm0/clk
    SLICE_X87Y88         FDRE                                         r  i2spcm0/tdata_async_reg_reg[25]/C
                         clock pessimism              0.000  7695.031    
                         clock uncertainty           -0.497  7694.533    
    SLICE_X87Y88         FDRE (Setup_fdre_C_D)       -0.043  7694.490    i2spcm0/tdata_async_reg_reg[25]
  -------------------------------------------------------------------
                         required time                       7694.491    
                         arrival time                       -7697.804    
  -------------------------------------------------------------------
                         slack                                 -3.313    

Slack (VIOLATED) :        -3.219ns  (required time - arrival time)
  Source:                 i2spcm0/lreg_reg[30]/C
                            (rising edge-triggered cell FDRE clocked by clk_out1_clk_wiz_0  {rise@0.000ns fall@30.516ns period=61.032ns})
  Destination:            i2spcm0/tdata_async_reg_reg[30]/D
                            (rising edge-triggered cell FDRE clocked by clk  {rise@0.000ns fall@5.000ns period=10.000ns})
  Path Group:             clk
  Path Type:              Setup (Max at Slow Process Corner)
  Requirement:            0.028ns  (clk rise@7690.000ns - clk_out1_clk_wiz_0 rise@7689.971ns)
  Data Path Delay:        5.992ns  (logic 0.456ns (7.610%)  route 5.536ns (92.390%))
  Logic Levels:           0  
  Clock Path Skew:        3.300ns (DCD - SCD + CPR)
    Destination Clock Delay (DCD):    5.032ns = ( 7695.031 - 7690.000 ) 
    Source Clock Delay      (SCD):    1.731ns = ( 7691.703 - 7689.971 ) 
    Clock Pessimism Removal (CPR):    0.000ns
  Clock Uncertainty:      0.497ns  ((TSJ^2 + DJ^2)^1/2) / 2 + PE
    Total System Jitter     (TSJ):    0.071ns
    Discrete Jitter          (DJ):    0.382ns
    Phase Error              (PE):    0.303ns
  Clock Domain Crossing:  Inter clock paths are considered valid unless explicitly excluded by timing constraints such as set_clock_groups or set_false_path.

    Location             Delay type                Incr(ns)  Path(ns)    Netlist Resource(s)
  -------------------------------------------------------------------    -------------------
                         (clock clk_out1_clk_wiz_0 rise edge)
                                                   7689.971  7689.971 r  
    BUFGCTRL_X0Y16       BUFG                         0.000  7689.971 r  clk_IBUF_BUFG_inst/O
                         net (fo=1697, routed)        1.636  7691.607    i2spcm0/inst/inst/clk_in1
    MMCME2_ADV_X0Y1      MMCME2_ADV (Prop_mmcme2_adv_CLKIN1_CLKOUT0)
                                                     -3.441  7688.167 r  i2spcm0/inst/inst/mmcm_adv_inst/CLKOUT0
                         net (fo=1, routed)           1.710  7689.877    i2spcm0/inst/inst/clk_out1_clk_wiz_0
    BUFGCTRL_X0Y1        BUFG (Prop_bufg_I_O)         0.096  7689.973 r  i2spcm0/inst/inst/clkout1_buf/O
                         net (fo=30, routed)          1.729  7691.703    i2spcm0/clk_gen_fast
    SLICE_X86Y91         FDRE                                         r  i2spcm0/lreg_reg[30]/C
  -------------------------------------------------------------------    -------------------
    SLICE_X86Y91         FDRE (Prop_fdre_C_Q)         0.456  7692.159 r  i2spcm0/lreg_reg[30]/Q
                         net (fo=1, routed)           5.536  7697.695    i2spcm0/lreg[30]
    SLICE_X85Y91         FDRE                                         r  i2spcm0/tdata_async_reg_reg[30]/D
  -------------------------------------------------------------------    -------------------

                         (clock clk rise edge)     7690.000  7690.000 r  
    E3                                                0.000  7690.000 r  clk (IN)
                         net (fo=0)                   0.000  7690.000    clk
    E3                   IBUF (Prop_ibuf_I_O)         1.411  7691.411 r  clk_IBUF_inst/O
                         net (fo=2, routed)           1.920  7693.331    clk_IBUF
    BUFGCTRL_X0Y16       BUFG (Prop_bufg_I_O)         0.091  7693.421 r  clk_IBUF_BUFG_inst/O
                         net (fo=1697, routed)        1.609  7695.031    i2spcm0/clk
    SLICE_X85Y91         FDRE                                         r  i2spcm0/tdata_async_reg_reg[30]/C
                         clock pessimism              0.000  7695.031    
                         clock uncertainty           -0.497  7694.533    
    SLICE_X85Y91         FDRE (Setup_fdre_C_D)       -0.058  7694.475    i2spcm0/tdata_async_reg_reg[30]
  -------------------------------------------------------------------
                         required time                       7694.476    
                         arrival time                       -7697.695    
  -------------------------------------------------------------------
                         slack                                 -3.219    

Slack (VIOLATED) :        -3.180ns  (required time - arrival time)
  Source:                 i2spcm0/lreg_reg[29]/C
                            (rising edge-triggered cell FDRE clocked by clk_out1_clk_wiz_0  {rise@0.000ns fall@30.516ns period=61.032ns})
  Destination:            i2spcm0/tdata_async_reg_reg[29]/D
                            (rising edge-triggered cell FDRE clocked by clk  {rise@0.000ns fall@5.000ns period=10.000ns})
  Path Group:             clk
  Path Type:              Setup (Max at Slow Process Corner)
  Requirement:            0.028ns  (clk rise@7690.000ns - clk_out1_clk_wiz_0 rise@7689.971ns)
  Data Path Delay:        5.950ns  (logic 0.456ns (7.664%)  route 5.494ns (92.336%))
  Logic Levels:           0  
  Clock Path Skew:        3.300ns (DCD - SCD + CPR)
    Destination Clock Delay (DCD):    5.032ns = ( 7695.031 - 7690.000 ) 
    Source Clock Delay      (SCD):    1.731ns = ( 7691.703 - 7689.971 ) 
    Clock Pessimism Removal (CPR):    0.000ns
  Clock Uncertainty:      0.497ns  ((TSJ^2 + DJ^2)^1/2) / 2 + PE
    Total System Jitter     (TSJ):    0.071ns
    Discrete Jitter          (DJ):    0.382ns
    Phase Error              (PE):    0.303ns
  Clock Domain Crossing:  Inter clock paths are considered valid unless explicitly excluded by timing constraints such as set_clock_groups or set_false_path.

    Location             Delay type                Incr(ns)  Path(ns)    Netlist Resource(s)
  -------------------------------------------------------------------    -------------------
                         (clock clk_out1_clk_wiz_0 rise edge)
                                                   7689.971  7689.971 r  
    BUFGCTRL_X0Y16       BUFG                         0.000  7689.971 r  clk_IBUF_BUFG_inst/O
                         net (fo=1697, routed)        1.636  7691.607    i2spcm0/inst/inst/clk_in1
    MMCME2_ADV_X0Y1      MMCME2_ADV (Prop_mmcme2_adv_CLKIN1_CLKOUT0)
                                                     -3.441  7688.167 r  i2spcm0/inst/inst/mmcm_adv_inst/CLKOUT0
                         net (fo=1, routed)           1.710  7689.877    i2spcm0/inst/inst/clk_out1_clk_wiz_0
    BUFGCTRL_X0Y1        BUFG (Prop_bufg_I_O)         0.096  7689.973 r  i2spcm0/inst/inst/clkout1_buf/O
                         net (fo=30, routed)          1.729  7691.703    i2spcm0/clk_gen_fast
    SLICE_X87Y91         FDRE                                         r  i2spcm0/lreg_reg[29]/C
  -------------------------------------------------------------------    -------------------
    SLICE_X87Y91         FDRE (Prop_fdre_C_Q)         0.456  7692.159 r  i2spcm0/lreg_reg[29]/Q
                         net (fo=1, routed)           5.494  7697.653    i2spcm0/lreg[29]
    SLICE_X85Y91         FDRE                                         r  i2spcm0/tdata_async_reg_reg[29]/D
  -------------------------------------------------------------------    -------------------

                         (clock clk rise edge)     7690.000  7690.000 r  
    E3                                                0.000  7690.000 r  clk (IN)
                         net (fo=0)                   0.000  7690.000    clk
    E3                   IBUF (Prop_ibuf_I_O)         1.411  7691.411 r  clk_IBUF_inst/O
                         net (fo=2, routed)           1.920  7693.331    clk_IBUF
    BUFGCTRL_X0Y16       BUFG (Prop_bufg_I_O)         0.091  7693.421 r  clk_IBUF_BUFG_inst/O
                         net (fo=1697, routed)        1.609  7695.031    i2spcm0/clk
    SLICE_X85Y91         FDRE                                         r  i2spcm0/tdata_async_reg_reg[29]/C
                         clock pessimism              0.000  7695.031    
                         clock uncertainty           -0.497  7694.533    
    SLICE_X85Y91         FDRE (Setup_fdre_C_D)       -0.061  7694.472    i2spcm0/tdata_async_reg_reg[29]
  -------------------------------------------------------------------
                         required time                       7694.473    
                         arrival time                       -7697.653    
  -------------------------------------------------------------------
                         slack                                 -3.180    





Min Delay Paths
--------------------------------------------------------------------------------------
Slack (MET) :             0.207ns  (arrival time - required time)
  Source:                 i2spcm0/lreg_reg[19]/C
                            (rising edge-triggered cell FDRE clocked by clk_out1_clk_wiz_0  {rise@0.000ns fall@30.516ns period=61.032ns})
  Destination:            i2spcm0/tdata_async_reg_reg[19]/D
                            (rising edge-triggered cell FDRE clocked by clk  {rise@0.000ns fall@5.000ns period=10.000ns})
  Path Group:             clk
  Path Type:              Hold (Min at Slow Process Corner)
  Requirement:            0.000ns  (clk rise@0.000ns - clk_out1_clk_wiz_0 rise@0.000ns)
  Data Path Delay:        4.598ns  (logic 0.418ns (9.092%)  route 4.180ns (90.908%))
  Logic Levels:           0  
  Clock Path Skew:        3.723ns (DCD - SCD - CPR)
    Destination Clock Delay (DCD):    5.332ns
    Source Clock Delay      (SCD):    1.608ns
    Clock Pessimism Removal (CPR):    -0.000ns
  Clock Uncertainty:      0.497ns  ((TSJ^2 + DJ^2)^1/2) / 2 + PE
    Total System Jitter     (TSJ):    0.071ns
    Discrete Jitter          (DJ):    0.382ns
    Phase Error              (PE):    0.303ns
  Clock Domain Crossing:  Inter clock paths are considered valid unless explicitly excluded by timing constraints such as set_clock_groups or set_false_path.

    Location             Delay type                Incr(ns)  Path(ns)    Netlist Resource(s)
  -------------------------------------------------------------------    -------------------
                         (clock clk_out1_clk_wiz_0 rise edge)
                                                      0.000     0.000 r  
    BUFGCTRL_X0Y16       BUFG                         0.000     0.000 r  clk_IBUF_BUFG_inst/O
                         net (fo=1697, routed)        1.516     1.516    i2spcm0/inst/inst/clk_in1
    MMCME2_ADV_X0Y1      MMCME2_ADV (Prop_mmcme2_adv_CLKIN1_CLKOUT0)
                                                     -3.234    -1.718 r  i2spcm0/inst/inst/mmcm_adv_inst/CLKOUT0
                         net (fo=1, routed)           1.630    -0.088    i2spcm0/inst/inst/clk_out1_clk_wiz_0
    BUFGCTRL_X0Y1        BUFG (Prop_bufg_I_O)         0.091     0.003 r  i2spcm0/inst/inst/clkout1_buf/O
                         net (fo=30, routed)          1.605     1.608    i2spcm0/clk_gen_fast
    SLICE_X88Y87         FDRE                                         r  i2spcm0/lreg_reg[19]/C
  -------------------------------------------------------------------    -------------------
    SLICE_X88Y87         FDRE (Prop_fdre_C_Q)         0.418     2.026 r  i2spcm0/lreg_reg[19]/Q
                         net (fo=1, routed)           4.180     6.206    i2spcm0/lreg[19]
    SLICE_X87Y88         FDRE                                         r  i2spcm0/tdata_async_reg_reg[19]/D
  -------------------------------------------------------------------    -------------------

                         (clock clk rise edge)        0.000     0.000 r  
    E3                                                0.000     0.000 r  clk (IN)
                         net (fo=0)                   0.000     0.000    clk
    E3                   IBUF (Prop_ibuf_I_O)         1.482     1.482 r  clk_IBUF_inst/O
                         net (fo=2, routed)           2.025     3.506    clk_IBUF
    BUFGCTRL_X0Y16       BUFG (Prop_bufg_I_O)         0.096     3.602 r  clk_IBUF_BUFG_inst/O
                         net (fo=1697, routed)        1.729     5.332    i2spcm0/clk
    SLICE_X87Y88         FDRE                                         r  i2spcm0/tdata_async_reg_reg[19]/C
                         clock pessimism              0.000     5.332    
                         clock uncertainty            0.497     5.829    
    SLICE_X87Y88         FDRE (Hold_fdre_C_D)         0.170     5.999    i2spcm0/tdata_async_reg_reg[19]
  -------------------------------------------------------------------
                         required time                         -5.999    
                         arrival time                           6.206    
  -------------------------------------------------------------------
                         slack                                  0.207    

Slack (MET) :             0.209ns  (arrival time - required time)
  Source:                 i2spcm0/lreg_reg[16]/C
                            (rising edge-triggered cell FDRE clocked by clk_out1_clk_wiz_0  {rise@0.000ns fall@30.516ns period=61.032ns})
  Destination:            i2spcm0/tdata_async_reg_reg[16]/D
                            (rising edge-triggered cell FDRE clocked by clk  {rise@0.000ns fall@5.000ns period=10.000ns})
  Path Group:             clk
  Path Type:              Hold (Min at Slow Process Corner)
  Requirement:            0.000ns  (clk rise@0.000ns - clk_out1_clk_wiz_0 rise@0.000ns)
  Data Path Delay:        4.607ns  (logic 0.367ns (7.966%)  route 4.240ns (92.034%))
  Logic Levels:           0  
  Clock Path Skew:        3.720ns (DCD - SCD - CPR)
    Destination Clock Delay (DCD):    5.328ns
    Source Clock Delay      (SCD):    1.607ns
    Clock Pessimism Removal (CPR):    -0.000ns
  Clock Uncertainty:      0.497ns  ((TSJ^2 + DJ^2)^1/2) / 2 + PE
    Total System Jitter     (TSJ):    0.071ns
    Discrete Jitter          (DJ):    0.382ns
    Phase Error              (PE):    0.303ns
  Clock Domain Crossing:  Inter clock paths are considered valid unless explicitly excluded by timing constraints such as set_clock_groups or set_false_path.

    Location             Delay type                Incr(ns)  Path(ns)    Netlist Resource(s)
  -------------------------------------------------------------------    -------------------
                         (clock clk_out1_clk_wiz_0 rise edge)
                                                      0.000     0.000 r  
    BUFGCTRL_X0Y16       BUFG                         0.000     0.000 r  clk_IBUF_BUFG_inst/O
                         net (fo=1697, routed)        1.516     1.516    i2spcm0/inst/inst/clk_in1
    MMCME2_ADV_X0Y1      MMCME2_ADV (Prop_mmcme2_adv_CLKIN1_CLKOUT0)
                                                     -3.234    -1.718 r  i2spcm0/inst/inst/mmcm_adv_inst/CLKOUT0
                         net (fo=1, routed)           1.630    -0.088    i2spcm0/inst/inst/clk_out1_clk_wiz_0
    BUFGCTRL_X0Y1        BUFG (Prop_bufg_I_O)         0.091     0.003 r  i2spcm0/inst/inst/clkout1_buf/O
                         net (fo=30, routed)          1.604     1.607    i2spcm0/clk_gen_fast
    SLICE_X86Y85         FDRE                                         r  i2spcm0/lreg_reg[16]/C
  -------------------------------------------------------------------    -------------------
    SLICE_X86Y85         FDRE (Prop_fdre_C_Q)         0.367     1.974 r  i2spcm0/lreg_reg[16]/Q
                         net (fo=1, routed)           4.240     6.214    i2spcm0/lreg[16]
    SLICE_X85Y85         FDRE                                         r  i2spcm0/tdata_async_reg_reg[16]/D
  -------------------------------------------------------------------    -------------------

                         (clock clk rise edge)        0.000     0.000 r  
    E3                                                0.000     0.000 r  clk (IN)
                         net (fo=0)                   0.000     0.000    clk
    E3                   IBUF (Prop_ibuf_I_O)         1.482     1.482 r  clk_IBUF_inst/O
                         net (fo=2, routed)           2.025     3.506    clk_IBUF
    BUFGCTRL_X0Y16       BUFG (Prop_bufg_I_O)         0.096     3.602 r  clk_IBUF_BUFG_inst/O
                         net (fo=1697, routed)        1.725     5.328    i2spcm0/clk
    SLICE_X85Y85         FDRE                                         r  i2spcm0/tdata_async_reg_reg[16]/C
                         clock pessimism              0.000     5.328    
                         clock uncertainty            0.497     5.825    
    SLICE_X85Y85         FDRE (Hold_fdre_C_D)         0.180     6.005    i2spcm0/tdata_async_reg_reg[16]
  -------------------------------------------------------------------
                         required time                         -6.005    
                         arrival time                           6.214    
  -------------------------------------------------------------------
                         slack                                  0.209    

Slack (MET) :             0.525ns  (arrival time - required time)
  Source:                 i2spcm0/lreg_reg[17]/C
                            (rising edge-triggered cell FDRE clocked by clk_out1_clk_wiz_0  {rise@0.000ns fall@30.516ns period=61.032ns})
  Destination:            i2spcm0/tdata_async_reg_reg[17]/D
                            (rising edge-triggered cell FDRE clocked by clk  {rise@0.000ns fall@5.000ns period=10.000ns})
  Path Group:             clk
  Path Type:              Hold (Min at Fast Process Corner)
  Requirement:            0.000ns  (clk rise@0.000ns - clk_out1_clk_wiz_0 rise@0.000ns)
  Data Path Delay:        2.527ns  (logic 0.141ns (5.579%)  route 2.386ns (94.421%))
  Logic Levels:           0  
  Clock Path Skew:        1.435ns (DCD - SCD - CPR)
    Destination Clock Delay (DCD):    2.038ns
    Source Clock Delay      (SCD):    0.603ns
    Clock Pessimism Removal (CPR):    -0.000ns
  Clock Uncertainty:      0.497ns  ((TSJ^2 + DJ^2)^1/2) / 2 + PE
    Total System Jitter     (TSJ):    0.071ns
    Discrete Jitter          (DJ):    0.382ns
    Phase Error              (PE):    0.303ns
  Clock Domain Crossing:  Inter clock paths are considered valid unless explicitly excluded by timing constraints such as set_clock_groups or set_false_path.

    Location             Delay type                Incr(ns)  Path(ns)    Netlist Resource(s)
  -------------------------------------------------------------------    -------------------
                         (clock clk_out1_clk_wiz_0 rise edge)
                                                      0.000     0.000 r  
    BUFGCTRL_X0Y16       BUFG                         0.000     0.000 r  clk_IBUF_BUFG_inst/O
                         net (fo=1697, routed)        0.558     0.558    i2spcm0/inst/inst/clk_in1
    MMCME2_ADV_X0Y1      MMCME2_ADV (Prop_mmcme2_adv_CLKIN1_CLKOUT0)
                                                     -1.077    -0.519 r  i2spcm0/inst/inst/mmcm_adv_inst/CLKOUT0
                         net (fo=1, routed)           0.495    -0.024    i2spcm0/inst/inst/clk_out1_clk_wiz_0
    BUFGCTRL_X0Y1        BUFG (Prop_bufg_I_O)         0.026     0.002 r  i2spcm0/inst/inst/clkout1_buf/O
                         net (fo=30, routed)          0.601     0.603    i2spcm0/clk_gen_fast
    SLICE_X86Y84         FDRE                                         r  i2spcm0/lreg_reg[17]/C
  -------------------------------------------------------------------    -------------------
    SLICE_X86Y84         FDRE (Prop_fdre_C_Q)         0.141     0.744 r  i2spcm0/lreg_reg[17]/Q
                         net (fo=1, routed)           2.386     3.130    i2spcm0/lreg[17]
    SLICE_X85Y85         FDRE                                         r  i2spcm0/tdata_async_reg_reg[17]/D
  -------------------------------------------------------------------    -------------------

                         (clock clk rise edge)        0.000     0.000 r  
    E3                                                0.000     0.000 r  clk (IN)
                         net (fo=0)                   0.000     0.000    clk
    E3                   IBUF (Prop_ibuf_I_O)         0.438     0.438 r  clk_IBUF_inst/O
                         net (fo=2, routed)           0.699     1.136    clk_IBUF
    BUFGCTRL_X0Y16       BUFG (Prop_bufg_I_O)         0.029     1.165 r  clk_IBUF_BUFG_inst/O
                         net (fo=1697, routed)        0.873     2.038    i2spcm0/clk
    SLICE_X85Y85         FDRE                                         r  i2spcm0/tdata_async_reg_reg[17]/C
                         clock pessimism              0.000     2.038    
                         clock uncertainty            0.497     2.535    
    SLICE_X85Y85         FDRE (Hold_fdre_C_D)         0.070     2.605    i2spcm0/tdata_async_reg_reg[17]
  -------------------------------------------------------------------
                         required time                         -2.605    
                         arrival time                           3.130    
  -------------------------------------------------------------------
                         slack                                  0.525    

Slack (MET) :             0.526ns  (arrival time - required time)
  Source:                 i2spcm0/lreg_reg[15]/C
                            (rising edge-triggered cell FDRE clocked by clk_out1_clk_wiz_0  {rise@0.000ns fall@30.516ns period=61.032ns})
  Destination:            i2spcm0/tdata_async_reg_reg[15]/D
                            (rising edge-triggered cell FDRE clocked by clk  {rise@0.000ns fall@5.000ns period=10.000ns})
  Path Group:             clk
  Path Type:              Hold (Min at Slow Process Corner)
  Requirement:            0.000ns  (clk rise@0.000ns - clk_out1_clk_wiz_0 rise@0.000ns)
  Data Path Delay:        4.916ns  (logic 0.367ns (7.465%)  route 4.549ns (92.535%))
  Logic Levels:           0  
  Clock Path Skew:        3.723ns (DCD - SCD - CPR)
    Destination Clock Delay (DCD):    5.328ns
    Source Clock Delay      (SCD):    1.604ns
    Clock Pessimism Removal (CPR):    -0.000ns
  Clock Uncertainty:      0.497ns  ((TSJ^2 + DJ^2)^1/2) / 2 + PE
    Total System Jitter     (TSJ):    0.071ns
    Discrete Jitter          (DJ):    0.382ns
    Phase Error              (PE):    0.303ns
  Clock Domain Crossing:  Inter clock paths are considered valid unless explicitly excluded by timing constraints such as set_clock_groups or set_false_path.

    Location             Delay type                Incr(ns)  Path(ns)    Netlist Resource(s)
  -------------------------------------------------------------------    -------------------
                         (clock clk_out1_clk_wiz_0 rise edge)
                                                      0.000     0.000 r  
    BUFGCTRL_X0Y16       BUFG                         0.000     0.000 r  clk_IBUF_BUFG_inst/O
                         net (fo=1697, routed)        1.516     1.516    i2spcm0/inst/inst/clk_in1
    MMCME2_ADV_X0Y1      MMCME2_ADV (Prop_mmcme2_adv_CLKIN1_CLKOUT0)
                                                     -3.234    -1.718 r  i2spcm0/inst/inst/mmcm_adv_inst/CLKOUT0
                         net (fo=1, routed)           1.630    -0.088    i2spcm0/inst/inst/clk_out1_clk_wiz_0
    BUFGCTRL_X0Y1        BUFG (Prop_bufg_I_O)         0.091     0.003 r  i2spcm0/inst/inst/clkout1_buf/O
                         net (fo=30, routed)          1.601     1.604    i2spcm0/clk_gen_fast
    SLICE_X85Y84         FDRE                                         r  i2spcm0/lreg_reg[15]/C
  -------------------------------------------------------------------    -------------------
    SLICE_X85Y84         FDRE (Prop_fdre_C_Q)         0.367     1.971 r  i2spcm0/lreg_reg[15]/Q
                         net (fo=1, routed)           4.549     6.521    i2spcm0/lreg[15]
    SLICE_X85Y85         FDRE                                         r  i2spcm0/tdata_async_reg_reg[15]/D
  -------------------------------------------------------------------    -------------------

                         (clock clk rise edge)        0.000     0.000 r  
    E3                                                0.000     0.000 r  clk (IN)
                         net (fo=0)                   0.000     0.000    clk
    E3                   IBUF (Prop_ibuf_I_O)         1.482     1.482 r  clk_IBUF_inst/O
                         net (fo=2, routed)           2.025     3.506    clk_IBUF
    BUFGCTRL_X0Y16       BUFG (Prop_bufg_I_O)         0.096     3.602 r  clk_IBUF_BUFG_inst/O
                         net (fo=1697, routed)        1.725     5.328    i2spcm0/clk
    SLICE_X85Y85         FDRE                                         r  i2spcm0/tdata_async_reg_reg[15]/C
                         clock pessimism              0.000     5.328    
                         clock uncertainty            0.497     5.825    
    SLICE_X85Y85         FDRE (Hold_fdre_C_D)         0.169     5.994    i2spcm0/tdata_async_reg_reg[15]
  -------------------------------------------------------------------
                         required time                         -5.994    
                         arrival time                           6.521    
  -------------------------------------------------------------------
                         slack                                  0.526    

Slack (MET) :             0.537ns  (arrival time - required time)
  Source:                 i2spcm0/lreg_reg[18]/C
                            (rising edge-triggered cell FDRE clocked by clk_out1_clk_wiz_0  {rise@0.000ns fall@30.516ns period=61.032ns})
  Destination:            i2spcm0/tdata_async_reg_reg[18]/D
                            (rising edge-triggered cell FDRE clocked by clk  {rise@0.000ns fall@5.000ns period=10.000ns})
  Path Group:             clk
  Path Type:              Hold (Min at Slow Process Corner)
  Requirement:            0.000ns  (clk rise@0.000ns - clk_out1_clk_wiz_0 rise@0.000ns)
  Data Path Delay:        4.954ns  (logic 0.367ns (7.408%)  route 4.587ns (92.592%))
  Logic Levels:           0  
  Clock Path Skew:        3.720ns (DCD - SCD - CPR)
    Destination Clock Delay (DCD):    5.328ns
    Source Clock Delay      (SCD):    1.607ns
    Clock Pessimism Removal (CPR):    -0.000ns
  Clock Uncertainty:      0.497ns  ((TSJ^2 + DJ^2)^1/2) / 2 + PE
    Total System Jitter     (TSJ):    0.071ns
    Discrete Jitter          (DJ):    0.382ns
    Phase Error              (PE):    0.303ns
  Clock Domain Crossing:  Inter clock paths are considered valid unless explicitly excluded by timing constraints such as set_clock_groups or set_false_path.

    Location             Delay type                Incr(ns)  Path(ns)    Netlist Resource(s)
  -------------------------------------------------------------------    -------------------
                         (clock clk_out1_clk_wiz_0 rise edge)
                                                      0.000     0.000 r  
    BUFGCTRL_X0Y16       BUFG                         0.000     0.000 r  clk_IBUF_BUFG_inst/O
                         net (fo=1697, routed)        1.516     1.516    i2spcm0/inst/inst/clk_in1
    MMCME2_ADV_X0Y1      MMCME2_ADV (Prop_mmcme2_adv_CLKIN1_CLKOUT0)
                                                     -3.234    -1.718 r  i2spcm0/inst/inst/mmcm_adv_inst/CLKOUT0
                         net (fo=1, routed)           1.630    -0.088    i2spcm0/inst/inst/clk_out1_clk_wiz_0
    BUFGCTRL_X0Y1        BUFG (Prop_bufg_I_O)         0.091     0.003 r  i2spcm0/inst/inst/clkout1_buf/O
                         net (fo=30, routed)          1.604     1.607    i2spcm0/clk_gen_fast
    SLICE_X87Y85         FDRE                                         r  i2spcm0/lreg_reg[18]/C
  -------------------------------------------------------------------    -------------------
    SLICE_X87Y85         FDRE (Prop_fdre_C_Q)         0.367     1.974 r  i2spcm0/lreg_reg[18]/Q
                         net (fo=1, routed)           4.587     6.561    i2spcm0/lreg[18]
    SLICE_X85Y85         FDRE                                         r  i2spcm0/tdata_async_reg_reg[18]/D
  -------------------------------------------------------------------    -------------------

                         (clock clk rise edge)        0.000     0.000 r  
    E3                                                0.000     0.000 r  clk (IN)
                         net (fo=0)                   0.000     0.000    clk
    E3                   IBUF (Prop_ibuf_I_O)         1.482     1.482 r  clk_IBUF_inst/O
                         net (fo=2, routed)           2.025     3.506    clk_IBUF
    BUFGCTRL_X0Y16       BUFG (Prop_bufg_I_O)         0.096     3.602 r  clk_IBUF_BUFG_inst/O
                         net (fo=1697, routed)        1.725     5.328    i2spcm0/clk
    SLICE_X85Y85         FDRE                                         r  i2spcm0/tdata_async_reg_reg[18]/C
                         clock pessimism              0.000     5.328    
                         clock uncertainty            0.497     5.825    
    SLICE_X85Y85         FDRE (Hold_fdre_C_D)         0.199     6.024    i2spcm0/tdata_async_reg_reg[18]
  -------------------------------------------------------------------
                         required time                         -6.024    
                         arrival time                           6.561    
  -------------------------------------------------------------------
                         slack                                  0.537    

Slack (MET) :             0.594ns  (arrival time - required time)
  Source:                 i2spcm0/lreg_reg[21]/C
                            (rising edge-triggered cell FDRE clocked by clk_out1_clk_wiz_0  {rise@0.000ns fall@30.516ns period=61.032ns})
  Destination:            i2spcm0/tdata_async_reg_reg[21]/D
                            (rising edge-triggered cell FDRE clocked by clk  {rise@0.000ns fall@5.000ns period=10.000ns})
  Path Group:             clk
  Path Type:              Hold (Min at Slow Process Corner)
  Requirement:            0.000ns  (clk rise@0.000ns - clk_out1_clk_wiz_0 rise@0.000ns)
  Data Path Delay:        4.987ns  (logic 0.367ns (7.360%)  route 4.620ns (92.640%))
  Logic Levels:           0  
  Clock Path Skew:        3.724ns (DCD - SCD - CPR)
    Destination Clock Delay (DCD):    5.332ns
    Source Clock Delay      (SCD):    1.607ns
    Clock Pessimism Removal (CPR):    -0.000ns
  Clock Uncertainty:      0.497ns  ((TSJ^2 + DJ^2)^1/2) / 2 + PE
    Total System Jitter     (TSJ):    0.071ns
    Discrete Jitter          (DJ):    0.382ns
    Phase Error              (PE):    0.303ns
  Clock Domain Crossing:  Inter clock paths are considered valid unless explicitly excluded by timing constraints such as set_clock_groups or set_false_path.

    Location             Delay type                Incr(ns)  Path(ns)    Netlist Resource(s)
  -------------------------------------------------------------------    -------------------
                         (clock clk_out1_clk_wiz_0 rise edge)
                                                      0.000     0.000 r  
    BUFGCTRL_X0Y16       BUFG                         0.000     0.000 r  clk_IBUF_BUFG_inst/O
                         net (fo=1697, routed)        1.516     1.516    i2spcm0/inst/inst/clk_in1
    MMCME2_ADV_X0Y1      MMCME2_ADV (Prop_mmcme2_adv_CLKIN1_CLKOUT0)
                                                     -3.234    -1.718 r  i2spcm0/inst/inst/mmcm_adv_inst/CLKOUT0
                         net (fo=1, routed)           1.630    -0.088    i2spcm0/inst/inst/clk_out1_clk_wiz_0
    BUFGCTRL_X0Y1        BUFG (Prop_bufg_I_O)         0.091     0.003 r  i2spcm0/inst/inst/clkout1_buf/O
                         net (fo=30, routed)          1.604     1.607    i2spcm0/clk_gen_fast
    SLICE_X89Y86         FDRE                                         r  i2spcm0/lreg_reg[21]/C
  -------------------------------------------------------------------    -------------------
    SLICE_X89Y86         FDRE (Prop_fdre_C_Q)         0.367     1.974 r  i2spcm0/lreg_reg[21]/Q
                         net (fo=1, routed)           4.620     6.594    i2spcm0/lreg[21]
    SLICE_X87Y88         FDRE                                         r  i2spcm0/tdata_async_reg_reg[21]/D
  -------------------------------------------------------------------    -------------------

                         (clock clk rise edge)        0.000     0.000 r  
    E3                                                0.000     0.000 r  clk (IN)
                         net (fo=0)                   0.000     0.000    clk
    E3                   IBUF (Prop_ibuf_I_O)         1.482     1.482 r  clk_IBUF_inst/O
                         net (fo=2, routed)           2.025     3.506    clk_IBUF
    BUFGCTRL_X0Y16       BUFG (Prop_bufg_I_O)         0.096     3.602 r  clk_IBUF_BUFG_inst/O
                         net (fo=1697, routed)        1.729     5.332    i2spcm0/clk
    SLICE_X87Y88         FDRE                                         r  i2spcm0/tdata_async_reg_reg[21]/C
                         clock pessimism              0.000     5.332    
                         clock uncertainty            0.497     5.829    
    SLICE_X87Y88         FDRE (Hold_fdre_C_D)         0.171     6.000    i2spcm0/tdata_async_reg_reg[21]
  -------------------------------------------------------------------
                         required time                         -6.000    
                         arrival time                           6.594    
  -------------------------------------------------------------------
                         slack                                  0.594    

Slack (MET) :             0.680ns  (arrival time - required time)
  Source:                 i2spcm0/lreg_reg[20]/C
                            (rising edge-triggered cell FDRE clocked by clk_out1_clk_wiz_0  {rise@0.000ns fall@30.516ns period=61.032ns})
  Destination:            i2spcm0/tdata_async_reg_reg[20]/D
                            (rising edge-triggered cell FDRE clocked by clk  {rise@0.000ns fall@5.000ns period=10.000ns})
  Path Group:             clk
  Path Type:              Hold (Min at Slow Process Corner)
  Requirement:            0.000ns  (clk rise@0.000ns - clk_out1_clk_wiz_0 rise@0.000ns)
  Data Path Delay:        5.071ns  (logic 0.367ns (7.237%)  route 4.704ns (92.763%))
  Logic Levels:           0  
  Clock Path Skew:        3.723ns (DCD - SCD - CPR)
    Destination Clock Delay (DCD):    5.332ns
    Source Clock Delay      (SCD):    1.608ns
    Clock Pessimism Removal (CPR):    -0.000ns
  Clock Uncertainty:      0.497ns  ((TSJ^2 + DJ^2)^1/2) / 2 + PE
    Total System Jitter     (TSJ):    0.071ns
    Discrete Jitter          (DJ):    0.382ns
    Phase Error              (PE):    0.303ns
  Clock Domain Crossing:  Inter clock paths are considered valid unless explicitly excluded by timing constraints such as set_clock_groups or set_false_path.

    Location             Delay type                Incr(ns)  Path(ns)    Netlist Resource(s)
  -------------------------------------------------------------------    -------------------
                         (clock clk_out1_clk_wiz_0 rise edge)
                                                      0.000     0.000 r  
    BUFGCTRL_X0Y16       BUFG                         0.000     0.000 r  clk_IBUF_BUFG_inst/O
                         net (fo=1697, routed)        1.516     1.516    i2spcm0/inst/inst/clk_in1
    MMCME2_ADV_X0Y1      MMCME2_ADV (Prop_mmcme2_adv_CLKIN1_CLKOUT0)
                                                     -3.234    -1.718 r  i2spcm0/inst/inst/mmcm_adv_inst/CLKOUT0
                         net (fo=1, routed)           1.630    -0.088    i2spcm0/inst/inst/clk_out1_clk_wiz_0
    BUFGCTRL_X0Y1        BUFG (Prop_bufg_I_O)         0.091     0.003 r  i2spcm0/inst/inst/clkout1_buf/O
                         net (fo=30, routed)          1.605     1.608    i2spcm0/clk_gen_fast
    SLICE_X87Y87         FDRE                                         r  i2spcm0/lreg_reg[20]/C
  -------------------------------------------------------------------    -------------------
    SLICE_X87Y87         FDRE (Prop_fdre_C_Q)         0.367     1.975 r  i2spcm0/lreg_reg[20]/Q
                         net (fo=1, routed)           4.704     6.679    i2spcm0/lreg[20]
    SLICE_X87Y88         FDRE                                         r  i2spcm0/tdata_async_reg_reg[20]/D
  -------------------------------------------------------------------    -------------------

                         (clock clk rise edge)        0.000     0.000 r  
    E3                                                0.000     0.000 r  clk (IN)
                         net (fo=0)                   0.000     0.000    clk
    E3                   IBUF (Prop_ibuf_I_O)         1.482     1.482 r  clk_IBUF_inst/O
                         net (fo=2, routed)           2.025     3.506    clk_IBUF
    BUFGCTRL_X0Y16       BUFG (Prop_bufg_I_O)         0.096     3.602 r  clk_IBUF_BUFG_inst/O
                         net (fo=1697, routed)        1.729     5.332    i2spcm0/clk
    SLICE_X87Y88         FDRE                                         r  i2spcm0/tdata_async_reg_reg[20]/C
                         clock pessimism              0.000     5.332    
                         clock uncertainty            0.497     5.829    
    SLICE_X87Y88         FDRE (Hold_fdre_C_D)         0.170     5.999    i2spcm0/tdata_async_reg_reg[20]
  -------------------------------------------------------------------
                         required time                         -5.999    
                         arrival time                           6.679    
  -------------------------------------------------------------------
                         slack                                  0.680    

Slack (MET) :             0.687ns  (arrival time - required time)
  Source:                 i2spcm0/lreg_reg[29]/C
                            (rising edge-triggered cell FDRE clocked by clk_out1_clk_wiz_0  {rise@0.000ns fall@30.516ns period=61.032ns})
  Destination:            i2spcm0/tdata_async_reg_reg[29]/D
                            (rising edge-triggered cell FDRE clocked by clk  {rise@0.000ns fall@5.000ns period=10.000ns})
  Path Group:             clk
  Path Type:              Hold (Min at Slow Process Corner)
  Requirement:            0.000ns  (clk rise@0.000ns - clk_out1_clk_wiz_0 rise@0.000ns)
  Data Path Delay:        5.101ns  (logic 0.367ns (7.195%)  route 4.734ns (92.805%))
  Logic Levels:           0  
  Clock Path Skew:        3.720ns (DCD - SCD - CPR)
    Destination Clock Delay (DCD):    5.332ns
    Source Clock Delay      (SCD):    1.611ns
    Clock Pessimism Removal (CPR):    -0.000ns
  Clock Uncertainty:      0.497ns  ((TSJ^2 + DJ^2)^1/2) / 2 + PE
    Total System Jitter     (TSJ):    0.071ns
    Discrete Jitter          (DJ):    0.382ns
    Phase Error              (PE):    0.303ns
  Clock Domain Crossing:  Inter clock paths are considered valid unless explicitly excluded by timing constraints such as set_clock_groups or set_false_path.

    Location             Delay type                Incr(ns)  Path(ns)    Netlist Resource(s)
  -------------------------------------------------------------------    -------------------
                         (clock clk_out1_clk_wiz_0 rise edge)
                                                      0.000     0.000 r  
    BUFGCTRL_X0Y16       BUFG                         0.000     0.000 r  clk_IBUF_BUFG_inst/O
                         net (fo=1697, routed)        1.516     1.516    i2spcm0/inst/inst/clk_in1
    MMCME2_ADV_X0Y1      MMCME2_ADV (Prop_mmcme2_adv_CLKIN1_CLKOUT0)
                                                     -3.234    -1.718 r  i2spcm0/inst/inst/mmcm_adv_inst/CLKOUT0
                         net (fo=1, routed)           1.630    -0.088    i2spcm0/inst/inst/clk_out1_clk_wiz_0
    BUFGCTRL_X0Y1        BUFG (Prop_bufg_I_O)         0.091     0.003 r  i2spcm0/inst/inst/clkout1_buf/O
                         net (fo=30, routed)          1.608     1.611    i2spcm0/clk_gen_fast
    SLICE_X87Y91         FDRE                                         r  i2spcm0/lreg_reg[29]/C
  -------------------------------------------------------------------    -------------------
    SLICE_X87Y91         FDRE (Prop_fdre_C_Q)         0.367     1.978 r  i2spcm0/lreg_reg[29]/Q
                         net (fo=1, routed)           4.734     6.713    i2spcm0/lreg[29]
    SLICE_X85Y91         FDRE                                         r  i2spcm0/tdata_async_reg_reg[29]/D
  -------------------------------------------------------------------    -------------------

                         (clock clk rise edge)        0.000     0.000 r  
    E3                                                0.000     0.000 r  clk (IN)
                         net (fo=0)                   0.000     0.000    clk
    E3                   IBUF (Prop_ibuf_I_O)         1.482     1.482 r  clk_IBUF_inst/O
                         net (fo=2, routed)           2.025     3.506    clk_IBUF
    BUFGCTRL_X0Y16       BUFG (Prop_bufg_I_O)         0.096     3.602 r  clk_IBUF_BUFG_inst/O
                         net (fo=1697, routed)        1.729     5.332    i2spcm0/clk
    SLICE_X85Y91         FDRE                                         r  i2spcm0/tdata_async_reg_reg[29]/C
                         clock pessimism              0.000     5.332    
                         clock uncertainty            0.497     5.829    
    SLICE_X85Y91         FDRE (Hold_fdre_C_D)         0.196     6.025    i2spcm0/tdata_async_reg_reg[29]
  -------------------------------------------------------------------
                         required time                         -6.025    
                         arrival time                           6.713    
  -------------------------------------------------------------------
                         slack                                  0.687    

Slack (MET) :             0.696ns  (arrival time - required time)
  Source:                 i2spcm0/lreg_reg[30]/C
                            (rising edge-triggered cell FDRE clocked by clk_out1_clk_wiz_0  {rise@0.000ns fall@30.516ns period=61.032ns})
  Destination:            i2spcm0/tdata_async_reg_reg[30]/D
                            (rising edge-triggered cell FDRE clocked by clk  {rise@0.000ns fall@5.000ns period=10.000ns})
  Path Group:             clk
  Path Type:              Hold (Min at Slow Process Corner)
  Requirement:            0.000ns  (clk rise@0.000ns - clk_out1_clk_wiz_0 rise@0.000ns)
  Data Path Delay:        5.113ns  (logic 0.367ns (7.178%)  route 4.746ns (92.822%))
  Logic Levels:           0  
  Clock Path Skew:        3.720ns (DCD - SCD - CPR)
    Destination Clock Delay (DCD):    5.332ns
    Source Clock Delay      (SCD):    1.611ns
    Clock Pessimism Removal (CPR):    -0.000ns
  Clock Uncertainty:      0.497ns  ((TSJ^2 + DJ^2)^1/2) / 2 + PE
    Total System Jitter     (TSJ):    0.071ns
    Discrete Jitter          (DJ):    0.382ns
    Phase Error              (PE):    0.303ns
  Clock Domain Crossing:  Inter clock paths are considered valid unless explicitly excluded by timing constraints such as set_clock_groups or set_false_path.

    Location             Delay type                Incr(ns)  Path(ns)    Netlist Resource(s)
  -------------------------------------------------------------------    -------------------
                         (clock clk_out1_clk_wiz_0 rise edge)
                                                      0.000     0.000 r  
    BUFGCTRL_X0Y16       BUFG                         0.000     0.000 r  clk_IBUF_BUFG_inst/O
                         net (fo=1697, routed)        1.516     1.516    i2spcm0/inst/inst/clk_in1
    MMCME2_ADV_X0Y1      MMCME2_ADV (Prop_mmcme2_adv_CLKIN1_CLKOUT0)
                                                     -3.234    -1.718 r  i2spcm0/inst/inst/mmcm_adv_inst/CLKOUT0
                         net (fo=1, routed)           1.630    -0.088    i2spcm0/inst/inst/clk_out1_clk_wiz_0
    BUFGCTRL_X0Y1        BUFG (Prop_bufg_I_O)         0.091     0.003 r  i2spcm0/inst/inst/clkout1_buf/O
                         net (fo=30, routed)          1.608     1.611    i2spcm0/clk_gen_fast
    SLICE_X86Y91         FDRE                                         r  i2spcm0/lreg_reg[30]/C
  -------------------------------------------------------------------    -------------------
    SLICE_X86Y91         FDRE (Prop_fdre_C_Q)         0.367     1.978 r  i2spcm0/lreg_reg[30]/Q
                         net (fo=1, routed)           4.746     6.724    i2spcm0/lreg[30]
    SLICE_X85Y91         FDRE                                         r  i2spcm0/tdata_async_reg_reg[30]/D
  -------------------------------------------------------------------    -------------------

                         (clock clk rise edge)        0.000     0.000 r  
    E3                                                0.000     0.000 r  clk (IN)
                         net (fo=0)                   0.000     0.000    clk
    E3                   IBUF (Prop_ibuf_I_O)         1.482     1.482 r  clk_IBUF_inst/O
                         net (fo=2, routed)           2.025     3.506    clk_IBUF
    BUFGCTRL_X0Y16       BUFG (Prop_bufg_I_O)         0.096     3.602 r  clk_IBUF_BUFG_inst/O
                         net (fo=1697, routed)        1.729     5.332    i2spcm0/clk
    SLICE_X85Y91         FDRE                                         r  i2spcm0/tdata_async_reg_reg[30]/C
                         clock pessimism              0.000     5.332    
                         clock uncertainty            0.497     5.829    
    SLICE_X85Y91         FDRE (Hold_fdre_C_D)         0.199     6.028    i2spcm0/tdata_async_reg_reg[30]
  -------------------------------------------------------------------
                         required time                         -6.028    
                         arrival time                           6.724    
  -------------------------------------------------------------------
                         slack                                  0.696    

Slack (MET) :             0.735ns  (arrival time - required time)
  Source:                 i2spcm0/lreg_reg[23]/C
                            (rising edge-triggered cell FDRE clocked by clk_out1_clk_wiz_0  {rise@0.000ns fall@30.516ns period=61.032ns})
  Destination:            i2spcm0/tdata_async_reg_reg[23]/D
                            (rising edge-triggered cell FDRE clocked by clk  {rise@0.000ns fall@5.000ns period=10.000ns})
  Path Group:             clk
  Path Type:              Hold (Min at Slow Process Corner)
  Requirement:            0.000ns  (clk rise@0.000ns - clk_out1_clk_wiz_0 rise@0.000ns)
  Data Path Delay:        5.145ns  (logic 0.367ns (7.133%)  route 4.778ns (92.867%))
  Logic Levels:           0  
  Clock Path Skew:        3.722ns (DCD - SCD - CPR)
    Destination Clock Delay (DCD):    5.332ns
    Source Clock Delay      (SCD):    1.609ns
    Clock Pessimism Removal (CPR):    -0.000ns
  Clock Uncertainty:      0.497ns  ((TSJ^2 + DJ^2)^1/2) / 2 + PE
    Total System Jitter     (TSJ):    0.071ns
    Discrete Jitter          (DJ):    0.382ns
    Phase Error              (PE):    0.303ns
  Clock Domain Crossing:  Inter clock paths are considered valid unless explicitly excluded by timing constraints such as set_clock_groups or set_false_path.

    Location             Delay type                Incr(ns)  Path(ns)    Netlist Resource(s)
  -------------------------------------------------------------------    -------------------
                         (clock clk_out1_clk_wiz_0 rise edge)
                                                      0.000     0.000 r  
    BUFGCTRL_X0Y16       BUFG                         0.000     0.000 r  clk_IBUF_BUFG_inst/O
                         net (fo=1697, routed)        1.516     1.516    i2spcm0/inst/inst/clk_in1
    MMCME2_ADV_X0Y1      MMCME2_ADV (Prop_mmcme2_adv_CLKIN1_CLKOUT0)
                                                     -3.234    -1.718 r  i2spcm0/inst/inst/mmcm_adv_inst/CLKOUT0
                         net (fo=1, routed)           1.630    -0.088    i2spcm0/inst/inst/clk_out1_clk_wiz_0
    BUFGCTRL_X0Y1        BUFG (Prop_bufg_I_O)         0.091     0.003 r  i2spcm0/inst/inst/clkout1_buf/O
                         net (fo=30, routed)          1.606     1.609    i2spcm0/clk_gen_fast
    SLICE_X89Y88         FDRE                                         r  i2spcm0/lreg_reg[23]/C
  -------------------------------------------------------------------    -------------------
    SLICE_X89Y88         FDRE (Prop_fdre_C_Q)         0.367     1.976 r  i2spcm0/lreg_reg[23]/Q
                         net (fo=1, routed)           4.778     6.755    i2spcm0/lreg[23]
    SLICE_X87Y88         FDRE                                         r  i2spcm0/tdata_async_reg_reg[23]/D
  -------------------------------------------------------------------    -------------------

                         (clock clk rise edge)        0.000     0.000 r  
    E3                                                0.000     0.000 r  clk (IN)
                         net (fo=0)                   0.000     0.000    clk
    E3                   IBUF (Prop_ibuf_I_O)         1.482     1.482 r  clk_IBUF_inst/O
                         net (fo=2, routed)           2.025     3.506    clk_IBUF
    BUFGCTRL_X0Y16       BUFG (Prop_bufg_I_O)         0.096     3.602 r  clk_IBUF_BUFG_inst/O
                         net (fo=1697, routed)        1.729     5.332    i2spcm0/clk
    SLICE_X87Y88         FDRE                                         r  i2spcm0/tdata_async_reg_reg[23]/C
                         clock pessimism              0.000     5.332    
                         clock uncertainty            0.497     5.829    
    SLICE_X87Y88         FDRE (Hold_fdre_C_D)         0.191     6.020    i2spcm0/tdata_async_reg_reg[23]
  -------------------------------------------------------------------
                         required time                         -6.020    
                         arrival time                           6.755    
  -------------------------------------------------------------------
                         slack                                  0.735    





---------------------------------------------------------------------------------------------------
Path Group:  **async_default**
From Clock:  clk_pixel_clk_wiz
  To Clock:  clk_pixel_clk_wiz

Setup :            0  Failing Endpoints,  Worst Slack       33.975ns,  Total Violation        0.000ns
Hold  :            0  Failing Endpoints,  Worst Slack        0.750ns,  Total Violation        0.000ns
---------------------------------------------------------------------------------------------------


Max Delay Paths
--------------------------------------------------------------------------------------
Slack (MET) :             33.975ns  (required time - arrival time)
  Source:                 vga0/rstn_pixel_reg/C
                            (rising edge-triggered cell FDCE clocked by clk_pixel_clk_wiz  {rise@0.000ns fall@20.000ns period=40.000ns})
  Destination:            vga0/vga_gen_i/ver_cnt_reg[2]/CLR
                            (recovery check against rising-edge clock clk_pixel_clk_wiz  {rise@0.000ns fall@20.000ns period=40.000ns})
  Path Group:             **async_default**
  Path Type:              Recovery (Max at Slow Process Corner)
  Requirement:            40.000ns  (clk_pixel_clk_wiz rise@40.000ns - clk_pixel_clk_wiz rise@0.000ns)
  Data Path Delay:        5.469ns  (logic 0.580ns (10.606%)  route 4.889ns (89.394%))
  Logic Levels:           1  (LUT1=1)
  Clock Path Skew:        -0.054ns (DCD - SCD + CPR)
    Destination Clock Delay (DCD):    1.500ns = ( 41.500 - 40.000 ) 
    Source Clock Delay      (SCD):    1.633ns
    Clock Pessimism Removal (CPR):    0.079ns
  Clock Uncertainty:      0.098ns  ((TSJ^2 + DJ^2)^1/2) / 2 + PE
    Total System Jitter     (TSJ):    0.071ns
    Discrete Jitter          (DJ):    0.182ns
    Phase Error              (PE):    0.000ns

    Location             Delay type                Incr(ns)  Path(ns)    Netlist Resource(s)
  -------------------------------------------------------------------    -------------------
                         (clock clk_pixel_clk_wiz rise edge)
                                                      0.000     0.000 r  
    BUFGCTRL_X0Y16       BUFG                         0.000     0.000 r  clk_IBUF_BUFG_inst/O
                         net (fo=1697, routed)        1.809     1.809    vga0/clk_wiz_i/inst/clk
    MMCME2_ADV_X0Y0      MMCME2_ADV (Prop_mmcme2_adv_CLKIN1_CLKOUT0)
                                                     -3.922    -2.112 r  vga0/clk_wiz_i/inst/mmcm_adv_inst/CLKOUT0
                         net (fo=1, routed)           2.018    -0.094    vga0/clk_wiz_i/inst/clk_pixel_clk_wiz
    BUFGCTRL_X0Y0        BUFG (Prop_bufg_I_O)         0.096     0.002 r  vga0/clk_wiz_i/inst/clkout1_buf/O
                         net (fo=283, routed)         1.631     1.633    vga0/clk_pixel
    SLICE_X67Y95         FDCE                                         r  vga0/rstn_pixel_reg/C
  -------------------------------------------------------------------    -------------------
    SLICE_X67Y95         FDCE (Prop_fdce_C_Q)         0.456     2.089 r  vga0/rstn_pixel_reg/Q
                         net (fo=11, routed)          1.044     3.133    vga0/colorize_pixel_i/lut_mem/rstn_pixel
    SLICE_X71Y99         LUT1 (Prop_lut1_I0_O)        0.124     3.257 f  vga0/colorize_pixel_i/lut_mem/i_xpm_memory_tdpram_i_1__0/O
                         net (fo=251, routed)         3.845     7.102    vga0/vga_gen_i/ver_sync_reg_0
    SLICE_X68Y78         FDCE                                         f  vga0/vga_gen_i/ver_cnt_reg[2]/CLR
  -------------------------------------------------------------------    -------------------

                         (clock clk_pixel_clk_wiz rise edge)
                                                     40.000    40.000 r  
    BUFGCTRL_X0Y16       BUFG                         0.000    40.000 r  clk_IBUF_BUFG_inst/O
                         net (fo=1697, routed)        1.683    41.683    vga0/clk_wiz_i/inst/clk
    MMCME2_ADV_X0Y0      MMCME2_ADV (Prop_mmcme2_adv_CLKIN1_CLKOUT0)
                                                     -3.694    37.989 r  vga0/clk_wiz_i/inst/mmcm_adv_inst/CLKOUT0
                         net (fo=1, routed)           1.923    39.912    vga0/clk_wiz_i/inst/clk_pixel_clk_wiz
    BUFGCTRL_X0Y0        BUFG (Prop_bufg_I_O)         0.091    40.003 r  vga0/clk_wiz_i/inst/clkout1_buf/O
                         net (fo=283, routed)         1.497    41.500    vga0/vga_gen_i/clk_pixel
    SLICE_X68Y78         FDCE                                         r  vga0/vga_gen_i/ver_cnt_reg[2]/C
                         clock pessimism              0.079    41.579    
                         clock uncertainty           -0.098    41.482    
    SLICE_X68Y78         FDCE (Recov_fdce_C_CLR)     -0.405    41.077    vga0/vga_gen_i/ver_cnt_reg[2]
  -------------------------------------------------------------------
                         required time                         41.077    
                         arrival time                          -7.102    
  -------------------------------------------------------------------
                         slack                                 33.975    

Slack (MET) :             33.975ns  (required time - arrival time)
  Source:                 vga0/rstn_pixel_reg/C
                            (rising edge-triggered cell FDCE clocked by clk_pixel_clk_wiz  {rise@0.000ns fall@20.000ns period=40.000ns})
  Destination:            vga0/vga_gen_i/ver_cnt_reg[3]/CLR
                            (recovery check against rising-edge clock clk_pixel_clk_wiz  {rise@0.000ns fall@20.000ns period=40.000ns})
  Path Group:             **async_default**
  Path Type:              Recovery (Max at Slow Process Corner)
  Requirement:            40.000ns  (clk_pixel_clk_wiz rise@40.000ns - clk_pixel_clk_wiz rise@0.000ns)
  Data Path Delay:        5.469ns  (logic 0.580ns (10.606%)  route 4.889ns (89.394%))
  Logic Levels:           1  (LUT1=1)
  Clock Path Skew:        -0.054ns (DCD - SCD + CPR)
    Destination Clock Delay (DCD):    1.500ns = ( 41.500 - 40.000 ) 
    Source Clock Delay      (SCD):    1.633ns
    Clock Pessimism Removal (CPR):    0.079ns
  Clock Uncertainty:      0.098ns  ((TSJ^2 + DJ^2)^1/2) / 2 + PE
    Total System Jitter     (TSJ):    0.071ns
    Discrete Jitter          (DJ):    0.182ns
    Phase Error              (PE):    0.000ns

    Location             Delay type                Incr(ns)  Path(ns)    Netlist Resource(s)
  -------------------------------------------------------------------    -------------------
                         (clock clk_pixel_clk_wiz rise edge)
                                                      0.000     0.000 r  
    BUFGCTRL_X0Y16       BUFG                         0.000     0.000 r  clk_IBUF_BUFG_inst/O
                         net (fo=1697, routed)        1.809     1.809    vga0/clk_wiz_i/inst/clk
    MMCME2_ADV_X0Y0      MMCME2_ADV (Prop_mmcme2_adv_CLKIN1_CLKOUT0)
                                                     -3.922    -2.112 r  vga0/clk_wiz_i/inst/mmcm_adv_inst/CLKOUT0
                         net (fo=1, routed)           2.018    -0.094    vga0/clk_wiz_i/inst/clk_pixel_clk_wiz
    BUFGCTRL_X0Y0        BUFG (Prop_bufg_I_O)         0.096     0.002 r  vga0/clk_wiz_i/inst/clkout1_buf/O
                         net (fo=283, routed)         1.631     1.633    vga0/clk_pixel
    SLICE_X67Y95         FDCE                                         r  vga0/rstn_pixel_reg/C
  -------------------------------------------------------------------    -------------------
    SLICE_X67Y95         FDCE (Prop_fdce_C_Q)         0.456     2.089 r  vga0/rstn_pixel_reg/Q
                         net (fo=11, routed)          1.044     3.133    vga0/colorize_pixel_i/lut_mem/rstn_pixel
    SLICE_X71Y99         LUT1 (Prop_lut1_I0_O)        0.124     3.257 f  vga0/colorize_pixel_i/lut_mem/i_xpm_memory_tdpram_i_1__0/O
                         net (fo=251, routed)         3.845     7.102    vga0/vga_gen_i/ver_sync_reg_0
    SLICE_X68Y78         FDCE                                         f  vga0/vga_gen_i/ver_cnt_reg[3]/CLR
  -------------------------------------------------------------------    -------------------

                         (clock clk_pixel_clk_wiz rise edge)
                                                     40.000    40.000 r  
    BUFGCTRL_X0Y16       BUFG                         0.000    40.000 r  clk_IBUF_BUFG_inst/O
                         net (fo=1697, routed)        1.683    41.683    vga0/clk_wiz_i/inst/clk
    MMCME2_ADV_X0Y0      MMCME2_ADV (Prop_mmcme2_adv_CLKIN1_CLKOUT0)
                                                     -3.694    37.989 r  vga0/clk_wiz_i/inst/mmcm_adv_inst/CLKOUT0
                         net (fo=1, routed)           1.923    39.912    vga0/clk_wiz_i/inst/clk_pixel_clk_wiz
    BUFGCTRL_X0Y0        BUFG (Prop_bufg_I_O)         0.091    40.003 r  vga0/clk_wiz_i/inst/clkout1_buf/O
                         net (fo=283, routed)         1.497    41.500    vga0/vga_gen_i/clk_pixel
    SLICE_X68Y78         FDCE                                         r  vga0/vga_gen_i/ver_cnt_reg[3]/C
                         clock pessimism              0.079    41.579    
                         clock uncertainty           -0.098    41.482    
    SLICE_X68Y78         FDCE (Recov_fdce_C_CLR)     -0.405    41.077    vga0/vga_gen_i/ver_cnt_reg[3]
  -------------------------------------------------------------------
                         required time                         41.077    
                         arrival time                          -7.102    
  -------------------------------------------------------------------
                         slack                                 33.975    

Slack (MET) :             33.975ns  (required time - arrival time)
  Source:                 vga0/rstn_pixel_reg/C
                            (rising edge-triggered cell FDCE clocked by clk_pixel_clk_wiz  {rise@0.000ns fall@20.000ns period=40.000ns})
  Destination:            vga0/vga_gen_i/ver_cnt_reg[4]/CLR
                            (recovery check against rising-edge clock clk_pixel_clk_wiz  {rise@0.000ns fall@20.000ns period=40.000ns})
  Path Group:             **async_default**
  Path Type:              Recovery (Max at Slow Process Corner)
  Requirement:            40.000ns  (clk_pixel_clk_wiz rise@40.000ns - clk_pixel_clk_wiz rise@0.000ns)
  Data Path Delay:        5.469ns  (logic 0.580ns (10.606%)  route 4.889ns (89.394%))
  Logic Levels:           1  (LUT1=1)
  Clock Path Skew:        -0.054ns (DCD - SCD + CPR)
    Destination Clock Delay (DCD):    1.500ns = ( 41.500 - 40.000 ) 
    Source Clock Delay      (SCD):    1.633ns
    Clock Pessimism Removal (CPR):    0.079ns
  Clock Uncertainty:      0.098ns  ((TSJ^2 + DJ^2)^1/2) / 2 + PE
    Total System Jitter     (TSJ):    0.071ns
    Discrete Jitter          (DJ):    0.182ns
    Phase Error              (PE):    0.000ns

    Location             Delay type                Incr(ns)  Path(ns)    Netlist Resource(s)
  -------------------------------------------------------------------    -------------------
                         (clock clk_pixel_clk_wiz rise edge)
                                                      0.000     0.000 r  
    BUFGCTRL_X0Y16       BUFG                         0.000     0.000 r  clk_IBUF_BUFG_inst/O
                         net (fo=1697, routed)        1.809     1.809    vga0/clk_wiz_i/inst/clk
    MMCME2_ADV_X0Y0      MMCME2_ADV (Prop_mmcme2_adv_CLKIN1_CLKOUT0)
                                                     -3.922    -2.112 r  vga0/clk_wiz_i/inst/mmcm_adv_inst/CLKOUT0
                         net (fo=1, routed)           2.018    -0.094    vga0/clk_wiz_i/inst/clk_pixel_clk_wiz
    BUFGCTRL_X0Y0        BUFG (Prop_bufg_I_O)         0.096     0.002 r  vga0/clk_wiz_i/inst/clkout1_buf/O
                         net (fo=283, routed)         1.631     1.633    vga0/clk_pixel
    SLICE_X67Y95         FDCE                                         r  vga0/rstn_pixel_reg/C
  -------------------------------------------------------------------    -------------------
    SLICE_X67Y95         FDCE (Prop_fdce_C_Q)         0.456     2.089 r  vga0/rstn_pixel_reg/Q
                         net (fo=11, routed)          1.044     3.133    vga0/colorize_pixel_i/lut_mem/rstn_pixel
    SLICE_X71Y99         LUT1 (Prop_lut1_I0_O)        0.124     3.257 f  vga0/colorize_pixel_i/lut_mem/i_xpm_memory_tdpram_i_1__0/O
                         net (fo=251, routed)         3.845     7.102    vga0/vga_gen_i/ver_sync_reg_0
    SLICE_X68Y78         FDCE                                         f  vga0/vga_gen_i/ver_cnt_reg[4]/CLR
  -------------------------------------------------------------------    -------------------

                         (clock clk_pixel_clk_wiz rise edge)
                                                     40.000    40.000 r  
    BUFGCTRL_X0Y16       BUFG                         0.000    40.000 r  clk_IBUF_BUFG_inst/O
                         net (fo=1697, routed)        1.683    41.683    vga0/clk_wiz_i/inst/clk
    MMCME2_ADV_X0Y0      MMCME2_ADV (Prop_mmcme2_adv_CLKIN1_CLKOUT0)
                                                     -3.694    37.989 r  vga0/clk_wiz_i/inst/mmcm_adv_inst/CLKOUT0
                         net (fo=1, routed)           1.923    39.912    vga0/clk_wiz_i/inst/clk_pixel_clk_wiz
    BUFGCTRL_X0Y0        BUFG (Prop_bufg_I_O)         0.091    40.003 r  vga0/clk_wiz_i/inst/clkout1_buf/O
                         net (fo=283, routed)         1.497    41.500    vga0/vga_gen_i/clk_pixel
    SLICE_X68Y78         FDCE                                         r  vga0/vga_gen_i/ver_cnt_reg[4]/C
                         clock pessimism              0.079    41.579    
                         clock uncertainty           -0.098    41.482    
    SLICE_X68Y78         FDCE (Recov_fdce_C_CLR)     -0.405    41.077    vga0/vga_gen_i/ver_cnt_reg[4]
  -------------------------------------------------------------------
                         required time                         41.077    
                         arrival time                          -7.102    
  -------------------------------------------------------------------
                         slack                                 33.975    

Slack (MET) :             34.037ns  (required time - arrival time)
  Source:                 vga0/rstn_pixel_reg/C
                            (rising edge-triggered cell FDCE clocked by clk_pixel_clk_wiz  {rise@0.000ns fall@20.000ns period=40.000ns})
  Destination:            vga0/colorize_pixel_i/vga_ctrl_del_reg[1][pixel_x][4]/CLR
                            (recovery check against rising-edge clock clk_pixel_clk_wiz  {rise@0.000ns fall@20.000ns period=40.000ns})
  Path Group:             **async_default**
  Path Type:              Recovery (Max at Slow Process Corner)
  Requirement:            40.000ns  (clk_pixel_clk_wiz rise@40.000ns - clk_pixel_clk_wiz rise@0.000ns)
  Data Path Delay:        5.419ns  (logic 0.580ns (10.704%)  route 4.839ns (89.296%))
  Logic Levels:           1  (LUT1=1)
  Clock Path Skew:        -0.042ns (DCD - SCD + CPR)
    Destination Clock Delay (DCD):    1.495ns = ( 41.495 - 40.000 ) 
    Source Clock Delay      (SCD):    1.633ns
    Clock Pessimism Removal (CPR):    0.096ns
  Clock Uncertainty:      0.098ns  ((TSJ^2 + DJ^2)^1/2) / 2 + PE
    Total System Jitter     (TSJ):    0.071ns
    Discrete Jitter          (DJ):    0.182ns
    Phase Error              (PE):    0.000ns

    Location             Delay type                Incr(ns)  Path(ns)    Netlist Resource(s)
  -------------------------------------------------------------------    -------------------
                         (clock clk_pixel_clk_wiz rise edge)
                                                      0.000     0.000 r  
    BUFGCTRL_X0Y16       BUFG                         0.000     0.000 r  clk_IBUF_BUFG_inst/O
                         net (fo=1697, routed)        1.809     1.809    vga0/clk_wiz_i/inst/clk
    MMCME2_ADV_X0Y0      MMCME2_ADV (Prop_mmcme2_adv_CLKIN1_CLKOUT0)
                                                     -3.922    -2.112 r  vga0/clk_wiz_i/inst/mmcm_adv_inst/CLKOUT0
                         net (fo=1, routed)           2.018    -0.094    vga0/clk_wiz_i/inst/clk_pixel_clk_wiz
    BUFGCTRL_X0Y0        BUFG (Prop_bufg_I_O)         0.096     0.002 r  vga0/clk_wiz_i/inst/clkout1_buf/O
                         net (fo=283, routed)         1.631     1.633    vga0/clk_pixel
    SLICE_X67Y95         FDCE                                         r  vga0/rstn_pixel_reg/C
  -------------------------------------------------------------------    -------------------
    SLICE_X67Y95         FDCE (Prop_fdce_C_Q)         0.456     2.089 r  vga0/rstn_pixel_reg/Q
                         net (fo=11, routed)          1.044     3.133    vga0/colorize_pixel_i/lut_mem/rstn_pixel
    SLICE_X71Y99         LUT1 (Prop_lut1_I0_O)        0.124     3.257 f  vga0/colorize_pixel_i/lut_mem/i_xpm_memory_tdpram_i_1__0/O
                         net (fo=251, routed)         3.795     7.052    vga0/colorize_pixel_i/rstn_pixel_reg
    SLICE_X64Y75         FDCE                                         f  vga0/colorize_pixel_i/vga_ctrl_del_reg[1][pixel_x][4]/CLR
  -------------------------------------------------------------------    -------------------

                         (clock clk_pixel_clk_wiz rise edge)
                                                     40.000    40.000 r  
    BUFGCTRL_X0Y16       BUFG                         0.000    40.000 r  clk_IBUF_BUFG_inst/O
                         net (fo=1697, routed)        1.683    41.683    vga0/clk_wiz_i/inst/clk
    MMCME2_ADV_X0Y0      MMCME2_ADV (Prop_mmcme2_adv_CLKIN1_CLKOUT0)
                                                     -3.694    37.989 r  vga0/clk_wiz_i/inst/mmcm_adv_inst/CLKOUT0
                         net (fo=1, routed)           1.923    39.912    vga0/clk_wiz_i/inst/clk_pixel_clk_wiz
    BUFGCTRL_X0Y0        BUFG (Prop_bufg_I_O)         0.091    40.003 r  vga0/clk_wiz_i/inst/clkout1_buf/O
                         net (fo=283, routed)         1.492    41.495    vga0/colorize_pixel_i/clk_pixel
    SLICE_X64Y75         FDCE                                         r  vga0/colorize_pixel_i/vga_ctrl_del_reg[1][pixel_x][4]/C
                         clock pessimism              0.096    41.591    
                         clock uncertainty           -0.098    41.494    
    SLICE_X64Y75         FDCE (Recov_fdce_C_CLR)     -0.405    41.089    vga0/colorize_pixel_i/vga_ctrl_del_reg[1][pixel_x][4]
  -------------------------------------------------------------------
                         required time                         41.089    
                         arrival time                          -7.052    
  -------------------------------------------------------------------
                         slack                                 34.037    

Slack (MET) :             34.485ns  (required time - arrival time)
  Source:                 vga0/rstn_pixel_reg/C
                            (rising edge-triggered cell FDCE clocked by clk_pixel_clk_wiz  {rise@0.000ns fall@20.000ns period=40.000ns})
  Destination:            vga0/colorize_pixel_i/vga_ctrl_del_reg[0][pixel_x][2]/CLR
                            (recovery check against rising-edge clock clk_pixel_clk_wiz  {rise@0.000ns fall@20.000ns period=40.000ns})
  Path Group:             **async_default**
  Path Type:              Recovery (Max at Slow Process Corner)
  Requirement:            40.000ns  (clk_pixel_clk_wiz rise@40.000ns - clk_pixel_clk_wiz rise@0.000ns)
  Data Path Delay:        5.039ns  (logic 0.580ns (11.511%)  route 4.459ns (88.489%))
  Logic Levels:           1  (LUT1=1)
  Clock Path Skew:        -0.060ns (DCD - SCD + CPR)
    Destination Clock Delay (DCD):    1.494ns = ( 41.494 - 40.000 ) 
    Source Clock Delay      (SCD):    1.633ns
    Clock Pessimism Removal (CPR):    0.079ns
  Clock Uncertainty:      0.098ns  ((TSJ^2 + DJ^2)^1/2) / 2 + PE
    Total System Jitter     (TSJ):    0.071ns
    Discrete Jitter          (DJ):    0.182ns
    Phase Error              (PE):    0.000ns

    Location             Delay type                Incr(ns)  Path(ns)    Netlist Resource(s)
  -------------------------------------------------------------------    -------------------
                         (clock clk_pixel_clk_wiz rise edge)
                                                      0.000     0.000 r  
    BUFGCTRL_X0Y16       BUFG                         0.000     0.000 r  clk_IBUF_BUFG_inst/O
                         net (fo=1697, routed)        1.809     1.809    vga0/clk_wiz_i/inst/clk
    MMCME2_ADV_X0Y0      MMCME2_ADV (Prop_mmcme2_adv_CLKIN1_CLKOUT0)
                                                     -3.922    -2.112 r  vga0/clk_wiz_i/inst/mmcm_adv_inst/CLKOUT0
                         net (fo=1, routed)           2.018    -0.094    vga0/clk_wiz_i/inst/clk_pixel_clk_wiz
    BUFGCTRL_X0Y0        BUFG (Prop_bufg_I_O)         0.096     0.002 r  vga0/clk_wiz_i/inst/clkout1_buf/O
                         net (fo=283, routed)         1.631     1.633    vga0/clk_pixel
    SLICE_X67Y95         FDCE                                         r  vga0/rstn_pixel_reg/C
  -------------------------------------------------------------------    -------------------
    SLICE_X67Y95         FDCE (Prop_fdce_C_Q)         0.456     2.089 r  vga0/rstn_pixel_reg/Q
                         net (fo=11, routed)          1.044     3.133    vga0/colorize_pixel_i/lut_mem/rstn_pixel
    SLICE_X71Y99         LUT1 (Prop_lut1_I0_O)        0.124     3.257 f  vga0/colorize_pixel_i/lut_mem/i_xpm_memory_tdpram_i_1__0/O
                         net (fo=251, routed)         3.415     6.672    vga0/colorize_pixel_i/rstn_pixel_reg
    SLICE_X62Y75         FDCE                                         f  vga0/colorize_pixel_i/vga_ctrl_del_reg[0][pixel_x][2]/CLR
  -------------------------------------------------------------------    -------------------

                         (clock clk_pixel_clk_wiz rise edge)
                                                     40.000    40.000 r  
    BUFGCTRL_X0Y16       BUFG                         0.000    40.000 r  clk_IBUF_BUFG_inst/O
                         net (fo=1697, routed)        1.683    41.683    vga0/clk_wiz_i/inst/clk
    MMCME2_ADV_X0Y0      MMCME2_ADV (Prop_mmcme2_adv_CLKIN1_CLKOUT0)
                                                     -3.694    37.989 r  vga0/clk_wiz_i/inst/mmcm_adv_inst/CLKOUT0
                         net (fo=1, routed)           1.923    39.912    vga0/clk_wiz_i/inst/clk_pixel_clk_wiz
    BUFGCTRL_X0Y0        BUFG (Prop_bufg_I_O)         0.091    40.003 r  vga0/clk_wiz_i/inst/clkout1_buf/O
                         net (fo=283, routed)         1.491    41.494    vga0/colorize_pixel_i/clk_pixel
    SLICE_X62Y75         FDCE                                         r  vga0/colorize_pixel_i/vga_ctrl_del_reg[0][pixel_x][2]/C
                         clock pessimism              0.079    41.573    
                         clock uncertainty           -0.098    41.476    
    SLICE_X62Y75         FDCE (Recov_fdce_C_CLR)     -0.319    41.157    vga0/colorize_pixel_i/vga_ctrl_del_reg[0][pixel_x][2]
  -------------------------------------------------------------------
                         required time                         41.157    
                         arrival time                          -6.672    
  -------------------------------------------------------------------
                         slack                                 34.485    

Slack (MET) :             34.485ns  (required time - arrival time)
  Source:                 vga0/rstn_pixel_reg/C
                            (rising edge-triggered cell FDCE clocked by clk_pixel_clk_wiz  {rise@0.000ns fall@20.000ns period=40.000ns})
  Destination:            vga0/colorize_pixel_i/vga_ctrl_del_reg[1][pixel_x][2]/CLR
                            (recovery check against rising-edge clock clk_pixel_clk_wiz  {rise@0.000ns fall@20.000ns period=40.000ns})
  Path Group:             **async_default**
  Path Type:              Recovery (Max at Slow Process Corner)
  Requirement:            40.000ns  (clk_pixel_clk_wiz rise@40.000ns - clk_pixel_clk_wiz rise@0.000ns)
  Data Path Delay:        5.039ns  (logic 0.580ns (11.511%)  route 4.459ns (88.489%))
  Logic Levels:           1  (LUT1=1)
  Clock Path Skew:        -0.060ns (DCD - SCD + CPR)
    Destination Clock Delay (DCD):    1.494ns = ( 41.494 - 40.000 ) 
    Source Clock Delay      (SCD):    1.633ns
    Clock Pessimism Removal (CPR):    0.079ns
  Clock Uncertainty:      0.098ns  ((TSJ^2 + DJ^2)^1/2) / 2 + PE
    Total System Jitter     (TSJ):    0.071ns
    Discrete Jitter          (DJ):    0.182ns
    Phase Error              (PE):    0.000ns

    Location             Delay type                Incr(ns)  Path(ns)    Netlist Resource(s)
  -------------------------------------------------------------------    -------------------
                         (clock clk_pixel_clk_wiz rise edge)
                                                      0.000     0.000 r  
    BUFGCTRL_X0Y16       BUFG                         0.000     0.000 r  clk_IBUF_BUFG_inst/O
                         net (fo=1697, routed)        1.809     1.809    vga0/clk_wiz_i/inst/clk
    MMCME2_ADV_X0Y0      MMCME2_ADV (Prop_mmcme2_adv_CLKIN1_CLKOUT0)
                                                     -3.922    -2.112 r  vga0/clk_wiz_i/inst/mmcm_adv_inst/CLKOUT0
                         net (fo=1, routed)           2.018    -0.094    vga0/clk_wiz_i/inst/clk_pixel_clk_wiz
    BUFGCTRL_X0Y0        BUFG (Prop_bufg_I_O)         0.096     0.002 r  vga0/clk_wiz_i/inst/clkout1_buf/O
                         net (fo=283, routed)         1.631     1.633    vga0/clk_pixel
    SLICE_X67Y95         FDCE                                         r  vga0/rstn_pixel_reg/C
  -------------------------------------------------------------------    -------------------
    SLICE_X67Y95         FDCE (Prop_fdce_C_Q)         0.456     2.089 r  vga0/rstn_pixel_reg/Q
                         net (fo=11, routed)          1.044     3.133    vga0/colorize_pixel_i/lut_mem/rstn_pixel
    SLICE_X71Y99         LUT1 (Prop_lut1_I0_O)        0.124     3.257 f  vga0/colorize_pixel_i/lut_mem/i_xpm_memory_tdpram_i_1__0/O
                         net (fo=251, routed)         3.415     6.672    vga0/colorize_pixel_i/rstn_pixel_reg
    SLICE_X62Y75         FDCE                                         f  vga0/colorize_pixel_i/vga_ctrl_del_reg[1][pixel_x][2]/CLR
  -------------------------------------------------------------------    -------------------

                         (clock clk_pixel_clk_wiz rise edge)
                                                     40.000    40.000 r  
    BUFGCTRL_X0Y16       BUFG                         0.000    40.000 r  clk_IBUF_BUFG_inst/O
                         net (fo=1697, routed)        1.683    41.683    vga0/clk_wiz_i/inst/clk
    MMCME2_ADV_X0Y0      MMCME2_ADV (Prop_mmcme2_adv_CLKIN1_CLKOUT0)
                                                     -3.694    37.989 r  vga0/clk_wiz_i/inst/mmcm_adv_inst/CLKOUT0
                         net (fo=1, routed)           1.923    39.912    vga0/clk_wiz_i/inst/clk_pixel_clk_wiz
    BUFGCTRL_X0Y0        BUFG (Prop_bufg_I_O)         0.091    40.003 r  vga0/clk_wiz_i/inst/clkout1_buf/O
                         net (fo=283, routed)         1.491    41.494    vga0/colorize_pixel_i/clk_pixel
    SLICE_X62Y75         FDCE                                         r  vga0/colorize_pixel_i/vga_ctrl_del_reg[1][pixel_x][2]/C
                         clock pessimism              0.079    41.573    
                         clock uncertainty           -0.098    41.476    
    SLICE_X62Y75         FDCE (Recov_fdce_C_CLR)     -0.319    41.157    vga0/colorize_pixel_i/vga_ctrl_del_reg[1][pixel_x][2]
  -------------------------------------------------------------------
                         required time                         41.157    
                         arrival time                          -6.672    
  -------------------------------------------------------------------
                         slack                                 34.485    

Slack (MET) :             34.621ns  (required time - arrival time)
  Source:                 vga0/rstn_pixel_reg/C
                            (rising edge-triggered cell FDCE clocked by clk_pixel_clk_wiz  {rise@0.000ns fall@20.000ns period=40.000ns})
  Destination:            vga0/overlay_i/vga_pixel_del_reg[0][ctrl][pixel_x][4]/CLR
                            (recovery check against rising-edge clock clk_pixel_clk_wiz  {rise@0.000ns fall@20.000ns period=40.000ns})
  Path Group:             **async_default**
  Path Type:              Recovery (Max at Slow Process Corner)
  Requirement:            40.000ns  (clk_pixel_clk_wiz rise@40.000ns - clk_pixel_clk_wiz rise@0.000ns)
  Data Path Delay:        4.815ns  (logic 0.580ns (12.046%)  route 4.235ns (87.954%))
  Logic Levels:           1  (LUT1=1)
  Clock Path Skew:        -0.062ns (DCD - SCD + CPR)
    Destination Clock Delay (DCD):    1.492ns = ( 41.492 - 40.000 ) 
    Source Clock Delay      (SCD):    1.633ns
    Clock Pessimism Removal (CPR):    0.079ns
  Clock Uncertainty:      0.098ns  ((TSJ^2 + DJ^2)^1/2) / 2 + PE
    Total System Jitter     (TSJ):    0.071ns
    Discrete Jitter          (DJ):    0.182ns
    Phase Error              (PE):    0.000ns

    Location             Delay type                Incr(ns)  Path(ns)    Netlist Resource(s)
  -------------------------------------------------------------------    -------------------
                         (clock clk_pixel_clk_wiz rise edge)
                                                      0.000     0.000 r  
    BUFGCTRL_X0Y16       BUFG                         0.000     0.000 r  clk_IBUF_BUFG_inst/O
                         net (fo=1697, routed)        1.809     1.809    vga0/clk_wiz_i/inst/clk
    MMCME2_ADV_X0Y0      MMCME2_ADV (Prop_mmcme2_adv_CLKIN1_CLKOUT0)
                                                     -3.922    -2.112 r  vga0/clk_wiz_i/inst/mmcm_adv_inst/CLKOUT0
                         net (fo=1, routed)           2.018    -0.094    vga0/clk_wiz_i/inst/clk_pixel_clk_wiz
    BUFGCTRL_X0Y0        BUFG (Prop_bufg_I_O)         0.096     0.002 r  vga0/clk_wiz_i/inst/clkout1_buf/O
                         net (fo=283, routed)         1.631     1.633    vga0/clk_pixel
    SLICE_X67Y95         FDCE                                         r  vga0/rstn_pixel_reg/C
  -------------------------------------------------------------------    -------------------
    SLICE_X67Y95         FDCE (Prop_fdce_C_Q)         0.456     2.089 r  vga0/rstn_pixel_reg/Q
                         net (fo=11, routed)          1.044     3.133    vga0/colorize_pixel_i/lut_mem/rstn_pixel
    SLICE_X71Y99         LUT1 (Prop_lut1_I0_O)        0.124     3.257 f  vga0/colorize_pixel_i/lut_mem/i_xpm_memory_tdpram_i_1__0/O
                         net (fo=251, routed)         3.191     6.448    vga0/overlay_i/gen_rd_a.gen_rd_a_synth_template.gen_rf_narrow_pipe.douta_reg_reg
    SLICE_X61Y75         FDCE                                         f  vga0/overlay_i/vga_pixel_del_reg[0][ctrl][pixel_x][4]/CLR
  -------------------------------------------------------------------    -------------------

                         (clock clk_pixel_clk_wiz rise edge)
                                                     40.000    40.000 r  
    BUFGCTRL_X0Y16       BUFG                         0.000    40.000 r  clk_IBUF_BUFG_inst/O
                         net (fo=1697, routed)        1.683    41.683    vga0/clk_wiz_i/inst/clk
    MMCME2_ADV_X0Y0      MMCME2_ADV (Prop_mmcme2_adv_CLKIN1_CLKOUT0)
                                                     -3.694    37.989 r  vga0/clk_wiz_i/inst/mmcm_adv_inst/CLKOUT0
                         net (fo=1, routed)           1.923    39.912    vga0/clk_wiz_i/inst/clk_pixel_clk_wiz
    BUFGCTRL_X0Y0        BUFG (Prop_bufg_I_O)         0.091    40.003 r  vga0/clk_wiz_i/inst/clkout1_buf/O
                         net (fo=283, routed)         1.489    41.492    vga0/overlay_i/clk_pixel
    SLICE_X61Y75         FDCE                                         r  vga0/overlay_i/vga_pixel_del_reg[0][ctrl][pixel_x][4]/C
                         clock pessimism              0.079    41.571    
                         clock uncertainty           -0.098    41.474    
    SLICE_X61Y75         FDCE (Recov_fdce_C_CLR)     -0.405    41.069    vga0/overlay_i/vga_pixel_del_reg[0][ctrl][pixel_x][4]
  -------------------------------------------------------------------
                         required time                         41.069    
                         arrival time                          -6.448    
  -------------------------------------------------------------------
                         slack                                 34.621    

Slack (MET) :             34.621ns  (required time - arrival time)
  Source:                 vga0/rstn_pixel_reg/C
                            (rising edge-triggered cell FDCE clocked by clk_pixel_clk_wiz  {rise@0.000ns fall@20.000ns period=40.000ns})
  Destination:            vga0/overlay_i/vga_pixel_del_reg[1][ctrl][pixel_x][4]/CLR
                            (recovery check against rising-edge clock clk_pixel_clk_wiz  {rise@0.000ns fall@20.000ns period=40.000ns})
  Path Group:             **async_default**
  Path Type:              Recovery (Max at Slow Process Corner)
  Requirement:            40.000ns  (clk_pixel_clk_wiz rise@40.000ns - clk_pixel_clk_wiz rise@0.000ns)
  Data Path Delay:        4.815ns  (logic 0.580ns (12.046%)  route 4.235ns (87.954%))
  Logic Levels:           1  (LUT1=1)
  Clock Path Skew:        -0.062ns (DCD - SCD + CPR)
    Destination Clock Delay (DCD):    1.492ns = ( 41.492 - 40.000 ) 
    Source Clock Delay      (SCD):    1.633ns
    Clock Pessimism Removal (CPR):    0.079ns
  Clock Uncertainty:      0.098ns  ((TSJ^2 + DJ^2)^1/2) / 2 + PE
    Total System Jitter     (TSJ):    0.071ns
    Discrete Jitter          (DJ):    0.182ns
    Phase Error              (PE):    0.000ns

    Location             Delay type                Incr(ns)  Path(ns)    Netlist Resource(s)
  -------------------------------------------------------------------    -------------------
                         (clock clk_pixel_clk_wiz rise edge)
                                                      0.000     0.000 r  
    BUFGCTRL_X0Y16       BUFG                         0.000     0.000 r  clk_IBUF_BUFG_inst/O
                         net (fo=1697, routed)        1.809     1.809    vga0/clk_wiz_i/inst/clk
    MMCME2_ADV_X0Y0      MMCME2_ADV (Prop_mmcme2_adv_CLKIN1_CLKOUT0)
                                                     -3.922    -2.112 r  vga0/clk_wiz_i/inst/mmcm_adv_inst/CLKOUT0
                         net (fo=1, routed)           2.018    -0.094    vga0/clk_wiz_i/inst/clk_pixel_clk_wiz
    BUFGCTRL_X0Y0        BUFG (Prop_bufg_I_O)         0.096     0.002 r  vga0/clk_wiz_i/inst/clkout1_buf/O
                         net (fo=283, routed)         1.631     1.633    vga0/clk_pixel
    SLICE_X67Y95         FDCE                                         r  vga0/rstn_pixel_reg/C
  -------------------------------------------------------------------    -------------------
    SLICE_X67Y95         FDCE (Prop_fdce_C_Q)         0.456     2.089 r  vga0/rstn_pixel_reg/Q
                         net (fo=11, routed)          1.044     3.133    vga0/colorize_pixel_i/lut_mem/rstn_pixel
    SLICE_X71Y99         LUT1 (Prop_lut1_I0_O)        0.124     3.257 f  vga0/colorize_pixel_i/lut_mem/i_xpm_memory_tdpram_i_1__0/O
                         net (fo=251, routed)         3.191     6.448    vga0/overlay_i/gen_rd_a.gen_rd_a_synth_template.gen_rf_narrow_pipe.douta_reg_reg
    SLICE_X61Y75         FDCE                                         f  vga0/overlay_i/vga_pixel_del_reg[1][ctrl][pixel_x][4]/CLR
  -------------------------------------------------------------------    -------------------

                         (clock clk_pixel_clk_wiz rise edge)
                                                     40.000    40.000 r  
    BUFGCTRL_X0Y16       BUFG                         0.000    40.000 r  clk_IBUF_BUFG_inst/O
                         net (fo=1697, routed)        1.683    41.683    vga0/clk_wiz_i/inst/clk
    MMCME2_ADV_X0Y0      MMCME2_ADV (Prop_mmcme2_adv_CLKIN1_CLKOUT0)
                                                     -3.694    37.989 r  vga0/clk_wiz_i/inst/mmcm_adv_inst/CLKOUT0
                         net (fo=1, routed)           1.923    39.912    vga0/clk_wiz_i/inst/clk_pixel_clk_wiz
    BUFGCTRL_X0Y0        BUFG (Prop_bufg_I_O)         0.091    40.003 r  vga0/clk_wiz_i/inst/clkout1_buf/O
                         net (fo=283, routed)         1.489    41.492    vga0/overlay_i/clk_pixel
    SLICE_X61Y75         FDCE                                         r  vga0/overlay_i/vga_pixel_del_reg[1][ctrl][pixel_x][4]/C
                         clock pessimism              0.079    41.571    
                         clock uncertainty           -0.098    41.474    
    SLICE_X61Y75         FDCE (Recov_fdce_C_CLR)     -0.405    41.069    vga0/overlay_i/vga_pixel_del_reg[1][ctrl][pixel_x][4]
  -------------------------------------------------------------------
                         required time                         41.069    
                         arrival time                          -6.448    
  -------------------------------------------------------------------
                         slack                                 34.621    

Slack (MET) :             34.641ns  (required time - arrival time)
  Source:                 vga0/rstn_pixel_reg/C
                            (rising edge-triggered cell FDCE clocked by clk_pixel_clk_wiz  {rise@0.000ns fall@20.000ns period=40.000ns})
  Destination:            vga0/image_buf_i/vga_ctrl_del_reg[0][pixel_y][2]/PRE
                            (recovery check against rising-edge clock clk_pixel_clk_wiz  {rise@0.000ns fall@20.000ns period=40.000ns})
  Path Group:             **async_default**
  Path Type:              Recovery (Max at Slow Process Corner)
  Requirement:            40.000ns  (clk_pixel_clk_wiz rise@40.000ns - clk_pixel_clk_wiz rise@0.000ns)
  Data Path Delay:        4.865ns  (logic 0.580ns (11.921%)  route 4.285ns (88.079%))
  Logic Levels:           1  (LUT1=1)
  Clock Path Skew:        -0.037ns (DCD - SCD + CPR)
    Destination Clock Delay (DCD):    1.500ns = ( 41.500 - 40.000 ) 
    Source Clock Delay      (SCD):    1.633ns
    Clock Pessimism Removal (CPR):    0.096ns
  Clock Uncertainty:      0.098ns  ((TSJ^2 + DJ^2)^1/2) / 2 + PE
    Total System Jitter     (TSJ):    0.071ns
    Discrete Jitter          (DJ):    0.182ns
    Phase Error              (PE):    0.000ns

    Location             Delay type                Incr(ns)  Path(ns)    Netlist Resource(s)
  -------------------------------------------------------------------    -------------------
                         (clock clk_pixel_clk_wiz rise edge)
                                                      0.000     0.000 r  
    BUFGCTRL_X0Y16       BUFG                         0.000     0.000 r  clk_IBUF_BUFG_inst/O
                         net (fo=1697, routed)        1.809     1.809    vga0/clk_wiz_i/inst/clk
    MMCME2_ADV_X0Y0      MMCME2_ADV (Prop_mmcme2_adv_CLKIN1_CLKOUT0)
                                                     -3.922    -2.112 r  vga0/clk_wiz_i/inst/mmcm_adv_inst/CLKOUT0
                         net (fo=1, routed)           2.018    -0.094    vga0/clk_wiz_i/inst/clk_pixel_clk_wiz
    BUFGCTRL_X0Y0        BUFG (Prop_bufg_I_O)         0.096     0.002 r  vga0/clk_wiz_i/inst/clkout1_buf/O
                         net (fo=283, routed)         1.631     1.633    vga0/clk_pixel
    SLICE_X67Y95         FDCE                                         r  vga0/rstn_pixel_reg/C
  -------------------------------------------------------------------    -------------------
    SLICE_X67Y95         FDCE (Prop_fdce_C_Q)         0.456     2.089 r  vga0/rstn_pixel_reg/Q
                         net (fo=11, routed)          1.044     3.133    vga0/colorize_pixel_i/lut_mem/rstn_pixel
    SLICE_X71Y99         LUT1 (Prop_lut1_I0_O)        0.124     3.257 f  vga0/colorize_pixel_i/lut_mem/i_xpm_memory_tdpram_i_1__0/O
                         net (fo=251, routed)         3.241     6.499    vga0/image_buf_i/vga_ctrl_del_reg[2][pixel_x][0]_0
    SLICE_X64Y78         FDPE                                         f  vga0/image_buf_i/vga_ctrl_del_reg[0][pixel_y][2]/PRE
  -------------------------------------------------------------------    -------------------

                         (clock clk_pixel_clk_wiz rise edge)
                                                     40.000    40.000 r  
    BUFGCTRL_X0Y16       BUFG                         0.000    40.000 r  clk_IBUF_BUFG_inst/O
                         net (fo=1697, routed)        1.683    41.683    vga0/clk_wiz_i/inst/clk
    MMCME2_ADV_X0Y0      MMCME2_ADV (Prop_mmcme2_adv_CLKIN1_CLKOUT0)
                                                     -3.694    37.989 r  vga0/clk_wiz_i/inst/mmcm_adv_inst/CLKOUT0
                         net (fo=1, routed)           1.923    39.912    vga0/clk_wiz_i/inst/clk_pixel_clk_wiz
    BUFGCTRL_X0Y0        BUFG (Prop_bufg_I_O)         0.091    40.003 r  vga0/clk_wiz_i/inst/clkout1_buf/O
                         net (fo=283, routed)         1.497    41.500    vga0/image_buf_i/clk_pixel
    SLICE_X64Y78         FDPE                                         r  vga0/image_buf_i/vga_ctrl_del_reg[0][pixel_y][2]/C
                         clock pessimism              0.096    41.596    
                         clock uncertainty           -0.098    41.499    
    SLICE_X64Y78         FDPE (Recov_fdpe_C_PRE)     -0.359    41.140    vga0/image_buf_i/vga_ctrl_del_reg[0][pixel_y][2]
  -------------------------------------------------------------------
                         required time                         41.140    
                         arrival time                          -6.499    
  -------------------------------------------------------------------
                         slack                                 34.641    

Slack (MET) :             34.641ns  (required time - arrival time)
  Source:                 vga0/rstn_pixel_reg/C
                            (rising edge-triggered cell FDCE clocked by clk_pixel_clk_wiz  {rise@0.000ns fall@20.000ns period=40.000ns})
  Destination:            vga0/image_buf_i/vga_ctrl_del_reg[1][pixel_x][7]/PRE
                            (recovery check against rising-edge clock clk_pixel_clk_wiz  {rise@0.000ns fall@20.000ns period=40.000ns})
  Path Group:             **async_default**
  Path Type:              Recovery (Max at Slow Process Corner)
  Requirement:            40.000ns  (clk_pixel_clk_wiz rise@40.000ns - clk_pixel_clk_wiz rise@0.000ns)
  Data Path Delay:        4.865ns  (logic 0.580ns (11.921%)  route 4.285ns (88.079%))
  Logic Levels:           1  (LUT1=1)
  Clock Path Skew:        -0.037ns (DCD - SCD + CPR)
    Destination Clock Delay (DCD):    1.500ns = ( 41.500 - 40.000 ) 
    Source Clock Delay      (SCD):    1.633ns
    Clock Pessimism Removal (CPR):    0.096ns
  Clock Uncertainty:      0.098ns  ((TSJ^2 + DJ^2)^1/2) / 2 + PE
    Total System Jitter     (TSJ):    0.071ns
    Discrete Jitter          (DJ):    0.182ns
    Phase Error              (PE):    0.000ns

    Location             Delay type                Incr(ns)  Path(ns)    Netlist Resource(s)
  -------------------------------------------------------------------    -------------------
                         (clock clk_pixel_clk_wiz rise edge)
                                                      0.000     0.000 r  
    BUFGCTRL_X0Y16       BUFG                         0.000     0.000 r  clk_IBUF_BUFG_inst/O
                         net (fo=1697, routed)        1.809     1.809    vga0/clk_wiz_i/inst/clk
    MMCME2_ADV_X0Y0      MMCME2_ADV (Prop_mmcme2_adv_CLKIN1_CLKOUT0)
                                                     -3.922    -2.112 r  vga0/clk_wiz_i/inst/mmcm_adv_inst/CLKOUT0
                         net (fo=1, routed)           2.018    -0.094    vga0/clk_wiz_i/inst/clk_pixel_clk_wiz
    BUFGCTRL_X0Y0        BUFG (Prop_bufg_I_O)         0.096     0.002 r  vga0/clk_wiz_i/inst/clkout1_buf/O
                         net (fo=283, routed)         1.631     1.633    vga0/clk_pixel
    SLICE_X67Y95         FDCE                                         r  vga0/rstn_pixel_reg/C
  -------------------------------------------------------------------    -------------------
    SLICE_X67Y95         FDCE (Prop_fdce_C_Q)         0.456     2.089 r  vga0/rstn_pixel_reg/Q
                         net (fo=11, routed)          1.044     3.133    vga0/colorize_pixel_i/lut_mem/rstn_pixel
    SLICE_X71Y99         LUT1 (Prop_lut1_I0_O)        0.124     3.257 f  vga0/colorize_pixel_i/lut_mem/i_xpm_memory_tdpram_i_1__0/O
                         net (fo=251, routed)         3.241     6.499    vga0/image_buf_i/vga_ctrl_del_reg[2][pixel_x][0]_0
    SLICE_X64Y78         FDPE                                         f  vga0/image_buf_i/vga_ctrl_del_reg[1][pixel_x][7]/PRE
  -------------------------------------------------------------------    -------------------

                         (clock clk_pixel_clk_wiz rise edge)
                                                     40.000    40.000 r  
    BUFGCTRL_X0Y16       BUFG                         0.000    40.000 r  clk_IBUF_BUFG_inst/O
                         net (fo=1697, routed)        1.683    41.683    vga0/clk_wiz_i/inst/clk
    MMCME2_ADV_X0Y0      MMCME2_ADV (Prop_mmcme2_adv_CLKIN1_CLKOUT0)
                                                     -3.694    37.989 r  vga0/clk_wiz_i/inst/mmcm_adv_inst/CLKOUT0
                         net (fo=1, routed)           1.923    39.912    vga0/clk_wiz_i/inst/clk_pixel_clk_wiz
    BUFGCTRL_X0Y0        BUFG (Prop_bufg_I_O)         0.091    40.003 r  vga0/clk_wiz_i/inst/clkout1_buf/O
                         net (fo=283, routed)         1.497    41.500    vga0/image_buf_i/clk_pixel
    SLICE_X64Y78         FDPE                                         r  vga0/image_buf_i/vga_ctrl_del_reg[1][pixel_x][7]/C
                         clock pessimism              0.096    41.596    
                         clock uncertainty           -0.098    41.499    
    SLICE_X64Y78         FDPE (Recov_fdpe_C_PRE)     -0.359    41.140    vga0/image_buf_i/vga_ctrl_del_reg[1][pixel_x][7]
  -------------------------------------------------------------------
                         required time                         41.140    
                         arrival time                          -6.499    
  -------------------------------------------------------------------
                         slack                                 34.641    





Min Delay Paths
--------------------------------------------------------------------------------------
Slack (MET) :             0.750ns  (arrival time - required time)
  Source:                 vga0/rstn_pixel_reg/C
                            (rising edge-triggered cell FDCE clocked by clk_pixel_clk_wiz  {rise@0.000ns fall@20.000ns period=40.000ns})
  Destination:            vga0/colorize_pixel_i/vga_pixel_reg[pixel][blue][2]/CLR
                            (removal check against rising-edge clock clk_pixel_clk_wiz  {rise@0.000ns fall@20.000ns period=40.000ns})
  Path Group:             **async_default**
  Path Type:              Removal (Min at Fast Process Corner)
  Requirement:            0.000ns  (clk_pixel_clk_wiz rise@0.000ns - clk_pixel_clk_wiz rise@0.000ns)
  Data Path Delay:        0.956ns  (logic 0.186ns (19.451%)  route 0.770ns (80.549%))
  Logic Levels:           1  (LUT1=1)
  Clock Path Skew:        0.298ns (DCD - SCD - CPR)
    Destination Clock Delay (DCD):    0.866ns
    Source Clock Delay      (SCD):    0.568ns
    Clock Pessimism Removal (CPR):    -0.000ns

    Location             Delay type                Incr(ns)  Path(ns)    Netlist Resource(s)
  -------------------------------------------------------------------    -------------------
                         (clock clk_pixel_clk_wiz rise edge)
                                                      0.000     0.000 r  
    BUFGCTRL_X0Y16       BUFG                         0.000     0.000 r  clk_IBUF_BUFG_inst/O
                         net (fo=1697, routed)        0.624     0.624    vga0/clk_wiz_i/inst/clk
    MMCME2_ADV_X0Y0      MMCME2_ADV (Prop_mmcme2_adv_CLKIN1_CLKOUT0)
                                                     -1.296    -0.672 r  vga0/clk_wiz_i/inst/mmcm_adv_inst/CLKOUT0
                         net (fo=1, routed)           0.648    -0.024    vga0/clk_wiz_i/inst/clk_pixel_clk_wiz
    BUFGCTRL_X0Y0        BUFG (Prop_bufg_I_O)         0.026     0.002 r  vga0/clk_wiz_i/inst/clkout1_buf/O
                         net (fo=283, routed)         0.566     0.568    vga0/clk_pixel
    SLICE_X67Y95         FDCE                                         r  vga0/rstn_pixel_reg/C
  -------------------------------------------------------------------    -------------------
    SLICE_X67Y95         FDCE (Prop_fdce_C_Q)         0.141     0.709 r  vga0/rstn_pixel_reg/Q
                         net (fo=11, routed)          0.397     1.105    vga0/colorize_pixel_i/lut_mem/rstn_pixel
    SLICE_X71Y99         LUT1 (Prop_lut1_I0_O)        0.045     1.150 f  vga0/colorize_pixel_i/lut_mem/i_xpm_memory_tdpram_i_1__0/O
                         net (fo=251, routed)         0.373     1.524    vga0/colorize_pixel_i/rstn_pixel_reg
    SLICE_X73Y101        FDCE                                         f  vga0/colorize_pixel_i/vga_pixel_reg[pixel][blue][2]/CLR
  -------------------------------------------------------------------    -------------------

                         (clock clk_pixel_clk_wiz rise edge)
                                                      0.000     0.000 r  
    BUFGCTRL_X0Y16       BUFG                         0.000     0.000 r  clk_IBUF_BUFG_inst/O
                         net (fo=1697, routed)        0.898     0.898    vga0/clk_wiz_i/inst/clk
    MMCME2_ADV_X0Y0      MMCME2_ADV (Prop_mmcme2_adv_CLKIN1_CLKOUT0)
                                                     -1.625    -0.727 r  vga0/clk_wiz_i/inst/mmcm_adv_inst/CLKOUT0
                         net (fo=1, routed)           0.700    -0.027    vga0/clk_wiz_i/inst/clk_pixel_clk_wiz
    BUFGCTRL_X0Y0        BUFG (Prop_bufg_I_O)         0.029     0.002 r  vga0/clk_wiz_i/inst/clkout1_buf/O
                         net (fo=283, routed)         0.863     0.865    vga0/colorize_pixel_i/clk_pixel
    SLICE_X73Y101        FDCE                                         r  vga0/colorize_pixel_i/vga_pixel_reg[pixel][blue][2]/C
                         clock pessimism              0.000     0.865    
    SLICE_X73Y101        FDCE (Remov_fdce_C_CLR)     -0.092     0.773    vga0/colorize_pixel_i/vga_pixel_reg[pixel][blue][2]
  -------------------------------------------------------------------
                         required time                         -0.774    
                         arrival time                           1.524    
  -------------------------------------------------------------------
                         slack                                  0.750    

Slack (MET) :             0.750ns  (arrival time - required time)
  Source:                 vga0/rstn_pixel_reg/C
                            (rising edge-triggered cell FDCE clocked by clk_pixel_clk_wiz  {rise@0.000ns fall@20.000ns period=40.000ns})
  Destination:            vga0/colorize_pixel_i/vga_pixel_reg[pixel][blue][3]/CLR
                            (removal check against rising-edge clock clk_pixel_clk_wiz  {rise@0.000ns fall@20.000ns period=40.000ns})
  Path Group:             **async_default**
  Path Type:              Removal (Min at Fast Process Corner)
  Requirement:            0.000ns  (clk_pixel_clk_wiz rise@0.000ns - clk_pixel_clk_wiz rise@0.000ns)
  Data Path Delay:        0.956ns  (logic 0.186ns (19.451%)  route 0.770ns (80.549%))
  Logic Levels:           1  (LUT1=1)
  Clock Path Skew:        0.298ns (DCD - SCD - CPR)
    Destination Clock Delay (DCD):    0.866ns
    Source Clock Delay      (SCD):    0.568ns
    Clock Pessimism Removal (CPR):    -0.000ns

    Location             Delay type                Incr(ns)  Path(ns)    Netlist Resource(s)
  -------------------------------------------------------------------    -------------------
                         (clock clk_pixel_clk_wiz rise edge)
                                                      0.000     0.000 r  
    BUFGCTRL_X0Y16       BUFG                         0.000     0.000 r  clk_IBUF_BUFG_inst/O
                         net (fo=1697, routed)        0.624     0.624    vga0/clk_wiz_i/inst/clk
    MMCME2_ADV_X0Y0      MMCME2_ADV (Prop_mmcme2_adv_CLKIN1_CLKOUT0)
                                                     -1.296    -0.672 r  vga0/clk_wiz_i/inst/mmcm_adv_inst/CLKOUT0
                         net (fo=1, routed)           0.648    -0.024    vga0/clk_wiz_i/inst/clk_pixel_clk_wiz
    BUFGCTRL_X0Y0        BUFG (Prop_bufg_I_O)         0.026     0.002 r  vga0/clk_wiz_i/inst/clkout1_buf/O
                         net (fo=283, routed)         0.566     0.568    vga0/clk_pixel
    SLICE_X67Y95         FDCE                                         r  vga0/rstn_pixel_reg/C
  -------------------------------------------------------------------    -------------------
    SLICE_X67Y95         FDCE (Prop_fdce_C_Q)         0.141     0.709 r  vga0/rstn_pixel_reg/Q
                         net (fo=11, routed)          0.397     1.105    vga0/colorize_pixel_i/lut_mem/rstn_pixel
    SLICE_X71Y99         LUT1 (Prop_lut1_I0_O)        0.045     1.150 f  vga0/colorize_pixel_i/lut_mem/i_xpm_memory_tdpram_i_1__0/O
                         net (fo=251, routed)         0.373     1.524    vga0/colorize_pixel_i/rstn_pixel_reg
    SLICE_X73Y101        FDCE                                         f  vga0/colorize_pixel_i/vga_pixel_reg[pixel][blue][3]/CLR
  -------------------------------------------------------------------    -------------------

                         (clock clk_pixel_clk_wiz rise edge)
                                                      0.000     0.000 r  
    BUFGCTRL_X0Y16       BUFG                         0.000     0.000 r  clk_IBUF_BUFG_inst/O
                         net (fo=1697, routed)        0.898     0.898    vga0/clk_wiz_i/inst/clk
    MMCME2_ADV_X0Y0      MMCME2_ADV (Prop_mmcme2_adv_CLKIN1_CLKOUT0)
                                                     -1.625    -0.727 r  vga0/clk_wiz_i/inst/mmcm_adv_inst/CLKOUT0
                         net (fo=1, routed)           0.700    -0.027    vga0/clk_wiz_i/inst/clk_pixel_clk_wiz
    BUFGCTRL_X0Y0        BUFG (Prop_bufg_I_O)         0.029     0.002 r  vga0/clk_wiz_i/inst/clkout1_buf/O
                         net (fo=283, routed)         0.863     0.865    vga0/colorize_pixel_i/clk_pixel
    SLICE_X73Y101        FDCE                                         r  vga0/colorize_pixel_i/vga_pixel_reg[pixel][blue][3]/C
                         clock pessimism              0.000     0.865    
    SLICE_X73Y101        FDCE (Remov_fdce_C_CLR)     -0.092     0.773    vga0/colorize_pixel_i/vga_pixel_reg[pixel][blue][3]
  -------------------------------------------------------------------
                         required time                         -0.774    
                         arrival time                           1.524    
  -------------------------------------------------------------------
                         slack                                  0.750    

Slack (MET) :             0.755ns  (arrival time - required time)
  Source:                 vga0/rstn_pixel_reg/C
                            (rising edge-triggered cell FDCE clocked by clk_pixel_clk_wiz  {rise@0.000ns fall@20.000ns period=40.000ns})
  Destination:            vga0/colorize_pixel_i/vga_pixel_reg[pixel][blue][0]/CLR
                            (removal check against rising-edge clock clk_pixel_clk_wiz  {rise@0.000ns fall@20.000ns period=40.000ns})
  Path Group:             **async_default**
  Path Type:              Removal (Min at Fast Process Corner)
  Requirement:            0.000ns  (clk_pixel_clk_wiz rise@0.000ns - clk_pixel_clk_wiz rise@0.000ns)
  Data Path Delay:        0.961ns  (logic 0.186ns (19.363%)  route 0.775ns (80.637%))
  Logic Levels:           1  (LUT1=1)
  Clock Path Skew:        0.298ns (DCD - SCD - CPR)
    Destination Clock Delay (DCD):    0.866ns
    Source Clock Delay      (SCD):    0.568ns
    Clock Pessimism Removal (CPR):    -0.000ns

    Location             Delay type                Incr(ns)  Path(ns)    Netlist Resource(s)
  -------------------------------------------------------------------    -------------------
                         (clock clk_pixel_clk_wiz rise edge)
                                                      0.000     0.000 r  
    BUFGCTRL_X0Y16       BUFG                         0.000     0.000 r  clk_IBUF_BUFG_inst/O
                         net (fo=1697, routed)        0.624     0.624    vga0/clk_wiz_i/inst/clk
    MMCME2_ADV_X0Y0      MMCME2_ADV (Prop_mmcme2_adv_CLKIN1_CLKOUT0)
                                                     -1.296    -0.672 r  vga0/clk_wiz_i/inst/mmcm_adv_inst/CLKOUT0
                         net (fo=1, routed)           0.648    -0.024    vga0/clk_wiz_i/inst/clk_pixel_clk_wiz
    BUFGCTRL_X0Y0        BUFG (Prop_bufg_I_O)         0.026     0.002 r  vga0/clk_wiz_i/inst/clkout1_buf/O
                         net (fo=283, routed)         0.566     0.568    vga0/clk_pixel
    SLICE_X67Y95         FDCE                                         r  vga0/rstn_pixel_reg/C
  -------------------------------------------------------------------    -------------------
    SLICE_X67Y95         FDCE (Prop_fdce_C_Q)         0.141     0.709 r  vga0/rstn_pixel_reg/Q
                         net (fo=11, routed)          0.397     1.105    vga0/colorize_pixel_i/lut_mem/rstn_pixel
    SLICE_X71Y99         LUT1 (Prop_lut1_I0_O)        0.045     1.150 f  vga0/colorize_pixel_i/lut_mem/i_xpm_memory_tdpram_i_1__0/O
                         net (fo=251, routed)         0.378     1.528    vga0/colorize_pixel_i/rstn_pixel_reg
    SLICE_X72Y101        FDCE                                         f  vga0/colorize_pixel_i/vga_pixel_reg[pixel][blue][0]/CLR
  -------------------------------------------------------------------    -------------------

                         (clock clk_pixel_clk_wiz rise edge)
                                                      0.000     0.000 r  
    BUFGCTRL_X0Y16       BUFG                         0.000     0.000 r  clk_IBUF_BUFG_inst/O
                         net (fo=1697, routed)        0.898     0.898    vga0/clk_wiz_i/inst/clk
    MMCME2_ADV_X0Y0      MMCME2_ADV (Prop_mmcme2_adv_CLKIN1_CLKOUT0)
                                                     -1.625    -0.727 r  vga0/clk_wiz_i/inst/mmcm_adv_inst/CLKOUT0
                         net (fo=1, routed)           0.700    -0.027    vga0/clk_wiz_i/inst/clk_pixel_clk_wiz
    BUFGCTRL_X0Y0        BUFG (Prop_bufg_I_O)         0.029     0.002 r  vga0/clk_wiz_i/inst/clkout1_buf/O
                         net (fo=283, routed)         0.863     0.865    vga0/colorize_pixel_i/clk_pixel
    SLICE_X72Y101        FDCE                                         r  vga0/colorize_pixel_i/vga_pixel_reg[pixel][blue][0]/C
                         clock pessimism              0.000     0.865    
    SLICE_X72Y101        FDCE (Remov_fdce_C_CLR)     -0.092     0.773    vga0/colorize_pixel_i/vga_pixel_reg[pixel][blue][0]
  -------------------------------------------------------------------
                         required time                         -0.774    
                         arrival time                           1.528    
  -------------------------------------------------------------------
                         slack                                  0.755    

Slack (MET) :             0.755ns  (arrival time - required time)
  Source:                 vga0/rstn_pixel_reg/C
                            (rising edge-triggered cell FDCE clocked by clk_pixel_clk_wiz  {rise@0.000ns fall@20.000ns period=40.000ns})
  Destination:            vga0/colorize_pixel_i/vga_pixel_reg[pixel][blue][1]/CLR
                            (removal check against rising-edge clock clk_pixel_clk_wiz  {rise@0.000ns fall@20.000ns period=40.000ns})
  Path Group:             **async_default**
  Path Type:              Removal (Min at Fast Process Corner)
  Requirement:            0.000ns  (clk_pixel_clk_wiz rise@0.000ns - clk_pixel_clk_wiz rise@0.000ns)
  Data Path Delay:        0.961ns  (logic 0.186ns (19.363%)  route 0.775ns (80.637%))
  Logic Levels:           1  (LUT1=1)
  Clock Path Skew:        0.298ns (DCD - SCD - CPR)
    Destination Clock Delay (DCD):    0.866ns
    Source Clock Delay      (SCD):    0.568ns
    Clock Pessimism Removal (CPR):    -0.000ns

    Location             Delay type                Incr(ns)  Path(ns)    Netlist Resource(s)
  -------------------------------------------------------------------    -------------------
                         (clock clk_pixel_clk_wiz rise edge)
                                                      0.000     0.000 r  
    BUFGCTRL_X0Y16       BUFG                         0.000     0.000 r  clk_IBUF_BUFG_inst/O
                         net (fo=1697, routed)        0.624     0.624    vga0/clk_wiz_i/inst/clk
    MMCME2_ADV_X0Y0      MMCME2_ADV (Prop_mmcme2_adv_CLKIN1_CLKOUT0)
                                                     -1.296    -0.672 r  vga0/clk_wiz_i/inst/mmcm_adv_inst/CLKOUT0
                         net (fo=1, routed)           0.648    -0.024    vga0/clk_wiz_i/inst/clk_pixel_clk_wiz
    BUFGCTRL_X0Y0        BUFG (Prop_bufg_I_O)         0.026     0.002 r  vga0/clk_wiz_i/inst/clkout1_buf/O
                         net (fo=283, routed)         0.566     0.568    vga0/clk_pixel
    SLICE_X67Y95         FDCE                                         r  vga0/rstn_pixel_reg/C
  -------------------------------------------------------------------    -------------------
    SLICE_X67Y95         FDCE (Prop_fdce_C_Q)         0.141     0.709 r  vga0/rstn_pixel_reg/Q
                         net (fo=11, routed)          0.397     1.105    vga0/colorize_pixel_i/lut_mem/rstn_pixel
    SLICE_X71Y99         LUT1 (Prop_lut1_I0_O)        0.045     1.150 f  vga0/colorize_pixel_i/lut_mem/i_xpm_memory_tdpram_i_1__0/O
                         net (fo=251, routed)         0.378     1.528    vga0/colorize_pixel_i/rstn_pixel_reg
    SLICE_X72Y101        FDCE                                         f  vga0/colorize_pixel_i/vga_pixel_reg[pixel][blue][1]/CLR
  -------------------------------------------------------------------    -------------------

                         (clock clk_pixel_clk_wiz rise edge)
                                                      0.000     0.000 r  
    BUFGCTRL_X0Y16       BUFG                         0.000     0.000 r  clk_IBUF_BUFG_inst/O
                         net (fo=1697, routed)        0.898     0.898    vga0/clk_wiz_i/inst/clk
    MMCME2_ADV_X0Y0      MMCME2_ADV (Prop_mmcme2_adv_CLKIN1_CLKOUT0)
                                                     -1.625    -0.727 r  vga0/clk_wiz_i/inst/mmcm_adv_inst/CLKOUT0
                         net (fo=1, routed)           0.700    -0.027    vga0/clk_wiz_i/inst/clk_pixel_clk_wiz
    BUFGCTRL_X0Y0        BUFG (Prop_bufg_I_O)         0.029     0.002 r  vga0/clk_wiz_i/inst/clkout1_buf/O
                         net (fo=283, routed)         0.863     0.865    vga0/colorize_pixel_i/clk_pixel
    SLICE_X72Y101        FDCE                                         r  vga0/colorize_pixel_i/vga_pixel_reg[pixel][blue][1]/C
                         clock pessimism              0.000     0.865    
    SLICE_X72Y101        FDCE (Remov_fdce_C_CLR)     -0.092     0.773    vga0/colorize_pixel_i/vga_pixel_reg[pixel][blue][1]
  -------------------------------------------------------------------
                         required time                         -0.774    
                         arrival time                           1.528    
  -------------------------------------------------------------------
                         slack                                  0.755    

Slack (MET) :             0.780ns  (arrival time - required time)
  Source:                 vga0/rstn_pixel_reg/C
                            (rising edge-triggered cell FDCE clocked by clk_pixel_clk_wiz  {rise@0.000ns fall@20.000ns period=40.000ns})
  Destination:            vga0/overlay_i/pixel_o_reg[pixel][red][0]/CLR
                            (removal check against rising-edge clock clk_pixel_clk_wiz  {rise@0.000ns fall@20.000ns period=40.000ns})
  Path Group:             **async_default**
  Path Type:              Removal (Min at Fast Process Corner)
  Requirement:            0.000ns  (clk_pixel_clk_wiz rise@0.000ns - clk_pixel_clk_wiz rise@0.000ns)
  Data Path Delay:        1.014ns  (logic 0.186ns (18.350%)  route 0.828ns (81.650%))
  Logic Levels:           1  (LUT1=1)
  Clock Path Skew:        0.301ns (DCD - SCD - CPR)
    Destination Clock Delay (DCD):    0.869ns
    Source Clock Delay      (SCD):    0.568ns
    Clock Pessimism Removal (CPR):    -0.000ns

    Location             Delay type                Incr(ns)  Path(ns)    Netlist Resource(s)
  -------------------------------------------------------------------    -------------------
                         (clock clk_pixel_clk_wiz rise edge)
                                                      0.000     0.000 r  
    BUFGCTRL_X0Y16       BUFG                         0.000     0.000 r  clk_IBUF_BUFG_inst/O
                         net (fo=1697, routed)        0.624     0.624    vga0/clk_wiz_i/inst/clk
    MMCME2_ADV_X0Y0      MMCME2_ADV (Prop_mmcme2_adv_CLKIN1_CLKOUT0)
                                                     -1.296    -0.672 r  vga0/clk_wiz_i/inst/mmcm_adv_inst/CLKOUT0
                         net (fo=1, routed)           0.648    -0.024    vga0/clk_wiz_i/inst/clk_pixel_clk_wiz
    BUFGCTRL_X0Y0        BUFG (Prop_bufg_I_O)         0.026     0.002 r  vga0/clk_wiz_i/inst/clkout1_buf/O
                         net (fo=283, routed)         0.566     0.568    vga0/clk_pixel
    SLICE_X67Y95         FDCE                                         r  vga0/rstn_pixel_reg/C
  -------------------------------------------------------------------    -------------------
    SLICE_X67Y95         FDCE (Prop_fdce_C_Q)         0.141     0.709 r  vga0/rstn_pixel_reg/Q
                         net (fo=11, routed)          0.397     1.105    vga0/colorize_pixel_i/lut_mem/rstn_pixel
    SLICE_X71Y99         LUT1 (Prop_lut1_I0_O)        0.045     1.150 f  vga0/colorize_pixel_i/lut_mem/i_xpm_memory_tdpram_i_1__0/O
                         net (fo=251, routed)         0.431     1.581    vga0/overlay_i/gen_rd_a.gen_rd_a_synth_template.gen_rf_narrow_pipe.douta_reg_reg
    SLICE_X74Y100        FDCE                                         f  vga0/overlay_i/pixel_o_reg[pixel][red][0]/CLR
  -------------------------------------------------------------------    -------------------

                         (clock clk_pixel_clk_wiz rise edge)
                                                      0.000     0.000 r  
    BUFGCTRL_X0Y16       BUFG                         0.000     0.000 r  clk_IBUF_BUFG_inst/O
                         net (fo=1697, routed)        0.898     0.898    vga0/clk_wiz_i/inst/clk
    MMCME2_ADV_X0Y0      MMCME2_ADV (Prop_mmcme2_adv_CLKIN1_CLKOUT0)
                                                     -1.625    -0.727 r  vga0/clk_wiz_i/inst/mmcm_adv_inst/CLKOUT0
                         net (fo=1, routed)           0.700    -0.027    vga0/clk_wiz_i/inst/clk_pixel_clk_wiz
    BUFGCTRL_X0Y0        BUFG (Prop_bufg_I_O)         0.029     0.002 r  vga0/clk_wiz_i/inst/clkout1_buf/O
                         net (fo=283, routed)         0.867     0.868    vga0/overlay_i/clk_pixel
    SLICE_X74Y100        FDCE                                         r  vga0/overlay_i/pixel_o_reg[pixel][red][0]/C
                         clock pessimism              0.000     0.868    
    SLICE_X74Y100        FDCE (Remov_fdce_C_CLR)     -0.067     0.801    vga0/overlay_i/pixel_o_reg[pixel][red][0]
  -------------------------------------------------------------------
                         required time                         -0.802    
                         arrival time                           1.581    
  -------------------------------------------------------------------
                         slack                                  0.780    

Slack (MET) :             0.780ns  (arrival time - required time)
  Source:                 vga0/rstn_pixel_reg/C
                            (rising edge-triggered cell FDCE clocked by clk_pixel_clk_wiz  {rise@0.000ns fall@20.000ns period=40.000ns})
  Destination:            vga0/overlay_i/pixel_o_reg[pixel][red][1]/CLR
                            (removal check against rising-edge clock clk_pixel_clk_wiz  {rise@0.000ns fall@20.000ns period=40.000ns})
  Path Group:             **async_default**
  Path Type:              Removal (Min at Fast Process Corner)
  Requirement:            0.000ns  (clk_pixel_clk_wiz rise@0.000ns - clk_pixel_clk_wiz rise@0.000ns)
  Data Path Delay:        1.014ns  (logic 0.186ns (18.350%)  route 0.828ns (81.650%))
  Logic Levels:           1  (LUT1=1)
  Clock Path Skew:        0.301ns (DCD - SCD - CPR)
    Destination Clock Delay (DCD):    0.869ns
    Source Clock Delay      (SCD):    0.568ns
    Clock Pessimism Removal (CPR):    -0.000ns

    Location             Delay type                Incr(ns)  Path(ns)    Netlist Resource(s)
  -------------------------------------------------------------------    -------------------
                         (clock clk_pixel_clk_wiz rise edge)
                                                      0.000     0.000 r  
    BUFGCTRL_X0Y16       BUFG                         0.000     0.000 r  clk_IBUF_BUFG_inst/O
                         net (fo=1697, routed)        0.624     0.624    vga0/clk_wiz_i/inst/clk
    MMCME2_ADV_X0Y0      MMCME2_ADV (Prop_mmcme2_adv_CLKIN1_CLKOUT0)
                                                     -1.296    -0.672 r  vga0/clk_wiz_i/inst/mmcm_adv_inst/CLKOUT0
                         net (fo=1, routed)           0.648    -0.024    vga0/clk_wiz_i/inst/clk_pixel_clk_wiz
    BUFGCTRL_X0Y0        BUFG (Prop_bufg_I_O)         0.026     0.002 r  vga0/clk_wiz_i/inst/clkout1_buf/O
                         net (fo=283, routed)         0.566     0.568    vga0/clk_pixel
    SLICE_X67Y95         FDCE                                         r  vga0/rstn_pixel_reg/C
  -------------------------------------------------------------------    -------------------
    SLICE_X67Y95         FDCE (Prop_fdce_C_Q)         0.141     0.709 r  vga0/rstn_pixel_reg/Q
                         net (fo=11, routed)          0.397     1.105    vga0/colorize_pixel_i/lut_mem/rstn_pixel
    SLICE_X71Y99         LUT1 (Prop_lut1_I0_O)        0.045     1.150 f  vga0/colorize_pixel_i/lut_mem/i_xpm_memory_tdpram_i_1__0/O
                         net (fo=251, routed)         0.431     1.581    vga0/overlay_i/gen_rd_a.gen_rd_a_synth_template.gen_rf_narrow_pipe.douta_reg_reg
    SLICE_X74Y100        FDCE                                         f  vga0/overlay_i/pixel_o_reg[pixel][red][1]/CLR
  -------------------------------------------------------------------    -------------------

                         (clock clk_pixel_clk_wiz rise edge)
                                                      0.000     0.000 r  
    BUFGCTRL_X0Y16       BUFG                         0.000     0.000 r  clk_IBUF_BUFG_inst/O
                         net (fo=1697, routed)        0.898     0.898    vga0/clk_wiz_i/inst/clk
    MMCME2_ADV_X0Y0      MMCME2_ADV (Prop_mmcme2_adv_CLKIN1_CLKOUT0)
                                                     -1.625    -0.727 r  vga0/clk_wiz_i/inst/mmcm_adv_inst/CLKOUT0
                         net (fo=1, routed)           0.700    -0.027    vga0/clk_wiz_i/inst/clk_pixel_clk_wiz
    BUFGCTRL_X0Y0        BUFG (Prop_bufg_I_O)         0.029     0.002 r  vga0/clk_wiz_i/inst/clkout1_buf/O
                         net (fo=283, routed)         0.867     0.868    vga0/overlay_i/clk_pixel
    SLICE_X74Y100        FDCE                                         r  vga0/overlay_i/pixel_o_reg[pixel][red][1]/C
                         clock pessimism              0.000     0.868    
    SLICE_X74Y100        FDCE (Remov_fdce_C_CLR)     -0.067     0.801    vga0/overlay_i/pixel_o_reg[pixel][red][1]
  -------------------------------------------------------------------
                         required time                         -0.802    
                         arrival time                           1.581    
  -------------------------------------------------------------------
                         slack                                  0.780    

Slack (MET) :             0.780ns  (arrival time - required time)
  Source:                 vga0/rstn_pixel_reg/C
                            (rising edge-triggered cell FDCE clocked by clk_pixel_clk_wiz  {rise@0.000ns fall@20.000ns period=40.000ns})
  Destination:            vga0/overlay_i/vga_pixel_del_reg[1][pixel][red][1]/CLR
                            (removal check against rising-edge clock clk_pixel_clk_wiz  {rise@0.000ns fall@20.000ns period=40.000ns})
  Path Group:             **async_default**
  Path Type:              Removal (Min at Fast Process Corner)
  Requirement:            0.000ns  (clk_pixel_clk_wiz rise@0.000ns - clk_pixel_clk_wiz rise@0.000ns)
  Data Path Delay:        1.014ns  (logic 0.186ns (18.350%)  route 0.828ns (81.650%))
  Logic Levels:           1  (LUT1=1)
  Clock Path Skew:        0.301ns (DCD - SCD - CPR)
    Destination Clock Delay (DCD):    0.869ns
    Source Clock Delay      (SCD):    0.568ns
    Clock Pessimism Removal (CPR):    -0.000ns

    Location             Delay type                Incr(ns)  Path(ns)    Netlist Resource(s)
  -------------------------------------------------------------------    -------------------
                         (clock clk_pixel_clk_wiz rise edge)
                                                      0.000     0.000 r  
    BUFGCTRL_X0Y16       BUFG                         0.000     0.000 r  clk_IBUF_BUFG_inst/O
                         net (fo=1697, routed)        0.624     0.624    vga0/clk_wiz_i/inst/clk
    MMCME2_ADV_X0Y0      MMCME2_ADV (Prop_mmcme2_adv_CLKIN1_CLKOUT0)
                                                     -1.296    -0.672 r  vga0/clk_wiz_i/inst/mmcm_adv_inst/CLKOUT0
                         net (fo=1, routed)           0.648    -0.024    vga0/clk_wiz_i/inst/clk_pixel_clk_wiz
    BUFGCTRL_X0Y0        BUFG (Prop_bufg_I_O)         0.026     0.002 r  vga0/clk_wiz_i/inst/clkout1_buf/O
                         net (fo=283, routed)         0.566     0.568    vga0/clk_pixel
    SLICE_X67Y95         FDCE                                         r  vga0/rstn_pixel_reg/C
  -------------------------------------------------------------------    -------------------
    SLICE_X67Y95         FDCE (Prop_fdce_C_Q)         0.141     0.709 r  vga0/rstn_pixel_reg/Q
                         net (fo=11, routed)          0.397     1.105    vga0/colorize_pixel_i/lut_mem/rstn_pixel
    SLICE_X71Y99         LUT1 (Prop_lut1_I0_O)        0.045     1.150 f  vga0/colorize_pixel_i/lut_mem/i_xpm_memory_tdpram_i_1__0/O
                         net (fo=251, routed)         0.431     1.581    vga0/overlay_i/gen_rd_a.gen_rd_a_synth_template.gen_rf_narrow_pipe.douta_reg_reg
    SLICE_X74Y100        FDCE                                         f  vga0/overlay_i/vga_pixel_del_reg[1][pixel][red][1]/CLR
  -------------------------------------------------------------------    -------------------

                         (clock clk_pixel_clk_wiz rise edge)
                                                      0.000     0.000 r  
    BUFGCTRL_X0Y16       BUFG                         0.000     0.000 r  clk_IBUF_BUFG_inst/O
                         net (fo=1697, routed)        0.898     0.898    vga0/clk_wiz_i/inst/clk
    MMCME2_ADV_X0Y0      MMCME2_ADV (Prop_mmcme2_adv_CLKIN1_CLKOUT0)
                                                     -1.625    -0.727 r  vga0/clk_wiz_i/inst/mmcm_adv_inst/CLKOUT0
                         net (fo=1, routed)           0.700    -0.027    vga0/clk_wiz_i/inst/clk_pixel_clk_wiz
    BUFGCTRL_X0Y0        BUFG (Prop_bufg_I_O)         0.029     0.002 r  vga0/clk_wiz_i/inst/clkout1_buf/O
                         net (fo=283, routed)         0.867     0.868    vga0/overlay_i/clk_pixel
    SLICE_X74Y100        FDCE                                         r  vga0/overlay_i/vga_pixel_del_reg[1][pixel][red][1]/C
                         clock pessimism              0.000     0.868    
    SLICE_X74Y100        FDCE (Remov_fdce_C_CLR)     -0.067     0.801    vga0/overlay_i/vga_pixel_del_reg[1][pixel][red][1]
  -------------------------------------------------------------------
                         required time                         -0.802    
                         arrival time                           1.581    
  -------------------------------------------------------------------
                         slack                                  0.780    

Slack (MET) :             0.811ns  (arrival time - required time)
  Source:                 vga0/rstn_pixel_reg/C
                            (rising edge-triggered cell FDCE clocked by clk_pixel_clk_wiz  {rise@0.000ns fall@20.000ns period=40.000ns})
  Destination:            vga0/colorize_pixel_i/vga_pixel_reg[pixel][green][2]/CLR
                            (removal check against rising-edge clock clk_pixel_clk_wiz  {rise@0.000ns fall@20.000ns period=40.000ns})
  Path Group:             **async_default**
  Path Type:              Removal (Min at Fast Process Corner)
  Requirement:            0.000ns  (clk_pixel_clk_wiz rise@0.000ns - clk_pixel_clk_wiz rise@0.000ns)
  Data Path Delay:        1.017ns  (logic 0.186ns (18.288%)  route 0.831ns (81.712%))
  Logic Levels:           1  (LUT1=1)
  Clock Path Skew:        0.298ns (DCD - SCD - CPR)
    Destination Clock Delay (DCD):    0.866ns
    Source Clock Delay      (SCD):    0.568ns
    Clock Pessimism Removal (CPR):    -0.000ns

    Location             Delay type                Incr(ns)  Path(ns)    Netlist Resource(s)
  -------------------------------------------------------------------    -------------------
                         (clock clk_pixel_clk_wiz rise edge)
                                                      0.000     0.000 r  
    BUFGCTRL_X0Y16       BUFG                         0.000     0.000 r  clk_IBUF_BUFG_inst/O
                         net (fo=1697, routed)        0.624     0.624    vga0/clk_wiz_i/inst/clk
    MMCME2_ADV_X0Y0      MMCME2_ADV (Prop_mmcme2_adv_CLKIN1_CLKOUT0)
                                                     -1.296    -0.672 r  vga0/clk_wiz_i/inst/mmcm_adv_inst/CLKOUT0
                         net (fo=1, routed)           0.648    -0.024    vga0/clk_wiz_i/inst/clk_pixel_clk_wiz
    BUFGCTRL_X0Y0        BUFG (Prop_bufg_I_O)         0.026     0.002 r  vga0/clk_wiz_i/inst/clkout1_buf/O
                         net (fo=283, routed)         0.566     0.568    vga0/clk_pixel
    SLICE_X67Y95         FDCE                                         r  vga0/rstn_pixel_reg/C
  -------------------------------------------------------------------    -------------------
    SLICE_X67Y95         FDCE (Prop_fdce_C_Q)         0.141     0.709 r  vga0/rstn_pixel_reg/Q
                         net (fo=11, routed)          0.397     1.105    vga0/colorize_pixel_i/lut_mem/rstn_pixel
    SLICE_X71Y99         LUT1 (Prop_lut1_I0_O)        0.045     1.150 f  vga0/colorize_pixel_i/lut_mem/i_xpm_memory_tdpram_i_1__0/O
                         net (fo=251, routed)         0.434     1.585    vga0/colorize_pixel_i/rstn_pixel_reg
    SLICE_X73Y102        FDCE                                         f  vga0/colorize_pixel_i/vga_pixel_reg[pixel][green][2]/CLR
  -------------------------------------------------------------------    -------------------

                         (clock clk_pixel_clk_wiz rise edge)
                                                      0.000     0.000 r  
    BUFGCTRL_X0Y16       BUFG                         0.000     0.000 r  clk_IBUF_BUFG_inst/O
                         net (fo=1697, routed)        0.898     0.898    vga0/clk_wiz_i/inst/clk
    MMCME2_ADV_X0Y0      MMCME2_ADV (Prop_mmcme2_adv_CLKIN1_CLKOUT0)
                                                     -1.625    -0.727 r  vga0/clk_wiz_i/inst/mmcm_adv_inst/CLKOUT0
                         net (fo=1, routed)           0.700    -0.027    vga0/clk_wiz_i/inst/clk_pixel_clk_wiz
    BUFGCTRL_X0Y0        BUFG (Prop_bufg_I_O)         0.029     0.002 r  vga0/clk_wiz_i/inst/clkout1_buf/O
                         net (fo=283, routed)         0.863     0.865    vga0/colorize_pixel_i/clk_pixel
    SLICE_X73Y102        FDCE                                         r  vga0/colorize_pixel_i/vga_pixel_reg[pixel][green][2]/C
                         clock pessimism              0.000     0.865    
    SLICE_X73Y102        FDCE (Remov_fdce_C_CLR)     -0.092     0.773    vga0/colorize_pixel_i/vga_pixel_reg[pixel][green][2]
  -------------------------------------------------------------------
                         required time                         -0.774    
                         arrival time                           1.585    
  -------------------------------------------------------------------
                         slack                                  0.811    

Slack (MET) :             0.811ns  (arrival time - required time)
  Source:                 vga0/rstn_pixel_reg/C
                            (rising edge-triggered cell FDCE clocked by clk_pixel_clk_wiz  {rise@0.000ns fall@20.000ns period=40.000ns})
  Destination:            vga0/colorize_pixel_i/vga_pixel_reg[pixel][green][3]/CLR
                            (removal check against rising-edge clock clk_pixel_clk_wiz  {rise@0.000ns fall@20.000ns period=40.000ns})
  Path Group:             **async_default**
  Path Type:              Removal (Min at Fast Process Corner)
  Requirement:            0.000ns  (clk_pixel_clk_wiz rise@0.000ns - clk_pixel_clk_wiz rise@0.000ns)
  Data Path Delay:        1.017ns  (logic 0.186ns (18.288%)  route 0.831ns (81.712%))
  Logic Levels:           1  (LUT1=1)
  Clock Path Skew:        0.298ns (DCD - SCD - CPR)
    Destination Clock Delay (DCD):    0.866ns
    Source Clock Delay      (SCD):    0.568ns
    Clock Pessimism Removal (CPR):    -0.000ns

    Location             Delay type                Incr(ns)  Path(ns)    Netlist Resource(s)
  -------------------------------------------------------------------    -------------------
                         (clock clk_pixel_clk_wiz rise edge)
                                                      0.000     0.000 r  
    BUFGCTRL_X0Y16       BUFG                         0.000     0.000 r  clk_IBUF_BUFG_inst/O
                         net (fo=1697, routed)        0.624     0.624    vga0/clk_wiz_i/inst/clk
    MMCME2_ADV_X0Y0      MMCME2_ADV (Prop_mmcme2_adv_CLKIN1_CLKOUT0)
                                                     -1.296    -0.672 r  vga0/clk_wiz_i/inst/mmcm_adv_inst/CLKOUT0
                         net (fo=1, routed)           0.648    -0.024    vga0/clk_wiz_i/inst/clk_pixel_clk_wiz
    BUFGCTRL_X0Y0        BUFG (Prop_bufg_I_O)         0.026     0.002 r  vga0/clk_wiz_i/inst/clkout1_buf/O
                         net (fo=283, routed)         0.566     0.568    vga0/clk_pixel
    SLICE_X67Y95         FDCE                                         r  vga0/rstn_pixel_reg/C
  -------------------------------------------------------------------    -------------------
    SLICE_X67Y95         FDCE (Prop_fdce_C_Q)         0.141     0.709 r  vga0/rstn_pixel_reg/Q
                         net (fo=11, routed)          0.397     1.105    vga0/colorize_pixel_i/lut_mem/rstn_pixel
    SLICE_X71Y99         LUT1 (Prop_lut1_I0_O)        0.045     1.150 f  vga0/colorize_pixel_i/lut_mem/i_xpm_memory_tdpram_i_1__0/O
                         net (fo=251, routed)         0.434     1.585    vga0/colorize_pixel_i/rstn_pixel_reg
    SLICE_X73Y102        FDCE                                         f  vga0/colorize_pixel_i/vga_pixel_reg[pixel][green][3]/CLR
  -------------------------------------------------------------------    -------------------

                         (clock clk_pixel_clk_wiz rise edge)
                                                      0.000     0.000 r  
    BUFGCTRL_X0Y16       BUFG                         0.000     0.000 r  clk_IBUF_BUFG_inst/O
                         net (fo=1697, routed)        0.898     0.898    vga0/clk_wiz_i/inst/clk
    MMCME2_ADV_X0Y0      MMCME2_ADV (Prop_mmcme2_adv_CLKIN1_CLKOUT0)
                                                     -1.625    -0.727 r  vga0/clk_wiz_i/inst/mmcm_adv_inst/CLKOUT0
                         net (fo=1, routed)           0.700    -0.027    vga0/clk_wiz_i/inst/clk_pixel_clk_wiz
    BUFGCTRL_X0Y0        BUFG (Prop_bufg_I_O)         0.029     0.002 r  vga0/clk_wiz_i/inst/clkout1_buf/O
                         net (fo=283, routed)         0.863     0.865    vga0/colorize_pixel_i/clk_pixel
    SLICE_X73Y102        FDCE                                         r  vga0/colorize_pixel_i/vga_pixel_reg[pixel][green][3]/C
                         clock pessimism              0.000     0.865    
    SLICE_X73Y102        FDCE (Remov_fdce_C_CLR)     -0.092     0.773    vga0/colorize_pixel_i/vga_pixel_reg[pixel][green][3]
  -------------------------------------------------------------------
                         required time                         -0.774    
                         arrival time                           1.585    
  -------------------------------------------------------------------
                         slack                                  0.811    

Slack (MET) :             0.811ns  (arrival time - required time)
  Source:                 vga0/rstn_pixel_reg/C
                            (rising edge-triggered cell FDCE clocked by clk_pixel_clk_wiz  {rise@0.000ns fall@20.000ns period=40.000ns})
  Destination:            vga0/overlay_i/pixel_o_reg[pixel][green][2]/CLR
                            (removal check against rising-edge clock clk_pixel_clk_wiz  {rise@0.000ns fall@20.000ns period=40.000ns})
  Path Group:             **async_default**
  Path Type:              Removal (Min at Fast Process Corner)
  Requirement:            0.000ns  (clk_pixel_clk_wiz rise@0.000ns - clk_pixel_clk_wiz rise@0.000ns)
  Data Path Delay:        1.017ns  (logic 0.186ns (18.288%)  route 0.831ns (81.712%))
  Logic Levels:           1  (LUT1=1)
  Clock Path Skew:        0.298ns (DCD - SCD - CPR)
    Destination Clock Delay (DCD):    0.866ns
    Source Clock Delay      (SCD):    0.568ns
    Clock Pessimism Removal (CPR):    -0.000ns

    Location             Delay type                Incr(ns)  Path(ns)    Netlist Resource(s)
  -------------------------------------------------------------------    -------------------
                         (clock clk_pixel_clk_wiz rise edge)
                                                      0.000     0.000 r  
    BUFGCTRL_X0Y16       BUFG                         0.000     0.000 r  clk_IBUF_BUFG_inst/O
                         net (fo=1697, routed)        0.624     0.624    vga0/clk_wiz_i/inst/clk
    MMCME2_ADV_X0Y0      MMCME2_ADV (Prop_mmcme2_adv_CLKIN1_CLKOUT0)
                                                     -1.296    -0.672 r  vga0/clk_wiz_i/inst/mmcm_adv_inst/CLKOUT0
                         net (fo=1, routed)           0.648    -0.024    vga0/clk_wiz_i/inst/clk_pixel_clk_wiz
    BUFGCTRL_X0Y0        BUFG (Prop_bufg_I_O)         0.026     0.002 r  vga0/clk_wiz_i/inst/clkout1_buf/O
                         net (fo=283, routed)         0.566     0.568    vga0/clk_pixel
    SLICE_X67Y95         FDCE                                         r  vga0/rstn_pixel_reg/C
  -------------------------------------------------------------------    -------------------
    SLICE_X67Y95         FDCE (Prop_fdce_C_Q)         0.141     0.709 r  vga0/rstn_pixel_reg/Q
                         net (fo=11, routed)          0.397     1.105    vga0/colorize_pixel_i/lut_mem/rstn_pixel
    SLICE_X71Y99         LUT1 (Prop_lut1_I0_O)        0.045     1.150 f  vga0/colorize_pixel_i/lut_mem/i_xpm_memory_tdpram_i_1__0/O
                         net (fo=251, routed)         0.434     1.585    vga0/overlay_i/gen_rd_a.gen_rd_a_synth_template.gen_rf_narrow_pipe.douta_reg_reg
    SLICE_X73Y102        FDCE                                         f  vga0/overlay_i/pixel_o_reg[pixel][green][2]/CLR
  -------------------------------------------------------------------    -------------------

                         (clock clk_pixel_clk_wiz rise edge)
                                                      0.000     0.000 r  
    BUFGCTRL_X0Y16       BUFG                         0.000     0.000 r  clk_IBUF_BUFG_inst/O
                         net (fo=1697, routed)        0.898     0.898    vga0/clk_wiz_i/inst/clk
    MMCME2_ADV_X0Y0      MMCME2_ADV (Prop_mmcme2_adv_CLKIN1_CLKOUT0)
                                                     -1.625    -0.727 r  vga0/clk_wiz_i/inst/mmcm_adv_inst/CLKOUT0
                         net (fo=1, routed)           0.700    -0.027    vga0/clk_wiz_i/inst/clk_pixel_clk_wiz
    BUFGCTRL_X0Y0        BUFG (Prop_bufg_I_O)         0.029     0.002 r  vga0/clk_wiz_i/inst/clkout1_buf/O
                         net (fo=283, routed)         0.863     0.865    vga0/overlay_i/clk_pixel
    SLICE_X73Y102        FDCE                                         r  vga0/overlay_i/pixel_o_reg[pixel][green][2]/C
                         clock pessimism              0.000     0.865    
    SLICE_X73Y102        FDCE (Remov_fdce_C_CLR)     -0.092     0.773    vga0/overlay_i/pixel_o_reg[pixel][green][2]
  -------------------------------------------------------------------
                         required time                         -0.774    
                         arrival time                           1.585    
  -------------------------------------------------------------------
                         slack                                  0.811    





--------------------------------------------------------------------------------------
Path Group:  (none)
From Clock:  clk_out1_clk_wiz_0
  To Clock:  clk

Max Delay             1 Endpoint
Min Delay             1 Endpoint
--------------------------------------------------------------------------------------


Max Delay Paths
--------------------------------------------------------------------------------------
Slack:                    inf
  Source:                 i2spcm0/xpm_cdc_pulse_inst/src_level_ff_reg/C
                            (rising edge-triggered cell FDRE clocked by clk_out1_clk_wiz_0  {rise@0.000ns fall@30.516ns period=61.032ns})
  Destination:            i2spcm0/xpm_cdc_pulse_inst/xpm_cdc_single_inst/syncstages_ff_reg[0]/D
                            (rising edge-triggered cell FDRE clocked by clk  {rise@0.000ns fall@5.000ns period=10.000ns})
  Path Group:             (none)
  Path Type:              Setup (Max at Slow Process Corner)
  Data Path Delay:        1.168ns  (logic 0.419ns (35.872%)  route 0.749ns (64.128%))
  Logic Levels:           0  
  Clock Path Skew:        3.302ns (DCD - SCD + CPR)
    Destination Clock Delay (DCD):    5.033ns
    Source Clock Delay      (SCD):    1.730ns
    Clock Pessimism Removal (CPR):    0.000ns
  Clock Uncertainty:      0.497ns  ((TSJ^2 + DJ^2)^1/2) / 2 + PE
    Total System Jitter     (TSJ):    0.071ns
    Discrete Jitter          (DJ):    0.382ns
    Phase Error              (PE):    0.303ns
  Timing Exception:       False Path

    Location             Delay type                Incr(ns)  Path(ns)    Netlist Resource(s)
  -------------------------------------------------------------------    -------------------
                         (clock clk_out1_clk_wiz_0 rise edge)
                                                      0.000     0.000 r  
    BUFGCTRL_X0Y16       BUFG                         0.000     0.000 r  clk_IBUF_BUFG_inst/O
                         net (fo=1697, routed)        1.636     1.636    i2spcm0/inst/inst/clk_in1
    MMCME2_ADV_X0Y1      MMCME2_ADV (Prop_mmcme2_adv_CLKIN1_CLKOUT0)
                                                     -3.441    -1.804 r  i2spcm0/inst/inst/mmcm_adv_inst/CLKOUT0
                         net (fo=1, routed)           1.710    -0.094    i2spcm0/inst/inst/clk_out1_clk_wiz_0
    BUFGCTRL_X0Y1        BUFG (Prop_bufg_I_O)         0.096     0.002 r  i2spcm0/inst/inst/clkout1_buf/O
                         net (fo=30, routed)          1.728     1.730    i2spcm0/xpm_cdc_pulse_inst/src_clk
    SLICE_X89Y90         FDRE                                         r  i2spcm0/xpm_cdc_pulse_inst/src_level_ff_reg/C
  -------------------------------------------------------------------    -------------------
    SLICE_X89Y90         FDRE (Prop_fdre_C_Q)         0.419     2.149 r  i2spcm0/xpm_cdc_pulse_inst/src_level_ff_reg/Q
                         net (fo=2, routed)           0.749     2.898    i2spcm0/xpm_cdc_pulse_inst/xpm_cdc_single_inst/src_in
    SLICE_X84Y93         FDRE                                         r  i2spcm0/xpm_cdc_pulse_inst/xpm_cdc_single_inst/syncstages_ff_reg[0]/D
  -------------------------------------------------------------------    -------------------

                         (clock clk rise edge)        0.000     0.000 r  
    E3                                                0.000     0.000 r  clk (IN)
                         net (fo=0)                   0.000     0.000    clk
    E3                   IBUF (Prop_ibuf_I_O)         1.411     1.411 r  clk_IBUF_inst/O
                         net (fo=2, routed)           1.920     3.331    clk_IBUF
    BUFGCTRL_X0Y16       BUFG (Prop_bufg_I_O)         0.091     3.422 r  clk_IBUF_BUFG_inst/O
                         net (fo=1697, routed)        1.610     5.033    i2spcm0/xpm_cdc_pulse_inst/xpm_cdc_single_inst/dest_clk
    SLICE_X84Y93         FDRE                                         r  i2spcm0/xpm_cdc_pulse_inst/xpm_cdc_single_inst/syncstages_ff_reg[0]/C





Min Delay Paths
--------------------------------------------------------------------------------------
Slack:                    inf
  Source:                 i2spcm0/xpm_cdc_pulse_inst/src_level_ff_reg/C
                            (rising edge-triggered cell FDRE clocked by clk_out1_clk_wiz_0  {rise@0.000ns fall@30.516ns period=61.032ns})
  Destination:            i2spcm0/xpm_cdc_pulse_inst/xpm_cdc_single_inst/syncstages_ff_reg[0]/D
                            (rising edge-triggered cell FDRE clocked by clk  {rise@0.000ns fall@5.000ns period=10.000ns})
  Path Group:             (none)
  Path Type:              Hold (Min at Fast Process Corner)
  Data Path Delay:        0.423ns  (logic 0.128ns (30.258%)  route 0.295ns (69.742%))
  Logic Levels:           0  
  Clock Path Skew:        1.437ns (DCD - SCD - CPR)
    Destination Clock Delay (DCD):    2.043ns
    Source Clock Delay      (SCD):    0.606ns
    Clock Pessimism Removal (CPR):    -0.000ns
  Clock Uncertainty:      0.497ns  ((TSJ^2 + DJ^2)^1/2) / 2 + PE
    Total System Jitter     (TSJ):    0.071ns
    Discrete Jitter          (DJ):    0.382ns
    Phase Error              (PE):    0.303ns
  Timing Exception:       False Path

    Location             Delay type                Incr(ns)  Path(ns)    Netlist Resource(s)
  -------------------------------------------------------------------    -------------------
                         (clock clk_out1_clk_wiz_0 rise edge)
                                                      0.000     0.000 r  
    BUFGCTRL_X0Y16       BUFG                         0.000     0.000 r  clk_IBUF_BUFG_inst/O
                         net (fo=1697, routed)        0.558     0.558    i2spcm0/inst/inst/clk_in1
    MMCME2_ADV_X0Y1      MMCME2_ADV (Prop_mmcme2_adv_CLKIN1_CLKOUT0)
                                                     -1.077    -0.519 r  i2spcm0/inst/inst/mmcm_adv_inst/CLKOUT0
                         net (fo=1, routed)           0.495    -0.024    i2spcm0/inst/inst/clk_out1_clk_wiz_0
    BUFGCTRL_X0Y1        BUFG (Prop_bufg_I_O)         0.026     0.002 r  i2spcm0/inst/inst/clkout1_buf/O
                         net (fo=30, routed)          0.604     0.606    i2spcm0/xpm_cdc_pulse_inst/src_clk
    SLICE_X89Y90         FDRE                                         r  i2spcm0/xpm_cdc_pulse_inst/src_level_ff_reg/C
  -------------------------------------------------------------------    -------------------
    SLICE_X89Y90         FDRE (Prop_fdre_C_Q)         0.128     0.734 r  i2spcm0/xpm_cdc_pulse_inst/src_level_ff_reg/Q
                         net (fo=2, routed)           0.295     1.029    i2spcm0/xpm_cdc_pulse_inst/xpm_cdc_single_inst/src_in
    SLICE_X84Y93         FDRE                                         r  i2spcm0/xpm_cdc_pulse_inst/xpm_cdc_single_inst/syncstages_ff_reg[0]/D
  -------------------------------------------------------------------    -------------------

                         (clock clk rise edge)        0.000     0.000 r  
    E3                                                0.000     0.000 r  clk (IN)
                         net (fo=0)                   0.000     0.000    clk
    E3                   IBUF (Prop_ibuf_I_O)         0.438     0.438 r  clk_IBUF_inst/O
                         net (fo=2, routed)           0.699     1.136    clk_IBUF
    BUFGCTRL_X0Y16       BUFG (Prop_bufg_I_O)         0.029     1.165 r  clk_IBUF_BUFG_inst/O
                         net (fo=1697, routed)        0.878     2.043    i2spcm0/xpm_cdc_pulse_inst/xpm_cdc_single_inst/dest_clk
    SLICE_X84Y93         FDRE                                         r  i2spcm0/xpm_cdc_pulse_inst/xpm_cdc_single_inst/syncstages_ff_reg[0]/C





--------------------------------------------------------------------------------------
Path Group:  (none)
From Clock:  clk
  To Clock:  

Max Delay             1 Endpoint
Min Delay             1 Endpoint
--------------------------------------------------------------------------------------


Max Delay Paths
--------------------------------------------------------------------------------------
Slack:                    inf
  Source:                 uart/u_gen/uart_tx_reg/C
                            (rising edge-triggered cell FDPE clocked by clk  {rise@0.000ns fall@5.000ns period=10.000ns})
  Destination:            uart_tx
                            (output port)
  Path Group:             (none)
  Path Type:              Max at Slow Process Corner
  Data Path Delay:        7.288ns  (logic 4.073ns (55.889%)  route 3.215ns (44.111%))
  Logic Levels:           1  (OBUF=1)
  Clock Uncertainty:      0.025ns  ((TSJ^2 + TIJ^2)^1/2 + DJ) / 2 + PE
    Total System Jitter     (TSJ):    0.050ns
    Total Input Jitter      (TIJ):    0.000ns
    Discrete Jitter          (DJ):    0.000ns
    Phase Error              (PE):    0.000ns

    Location             Delay type                Incr(ns)  Path(ns)    Netlist Resource(s)
  -------------------------------------------------------------------    -------------------
                         (clock clk rise edge)        0.000     0.000 r  
    E3                                                0.000     0.000 r  clk (IN)
                         net (fo=0)                   0.000     0.000    clk
    E3                   IBUF (Prop_ibuf_I_O)         1.482     1.482 r  clk_IBUF_inst/O
                         net (fo=2, routed)           2.025     3.506    clk_IBUF
    BUFGCTRL_X0Y16       BUFG (Prop_bufg_I_O)         0.096     3.602 r  clk_IBUF_BUFG_inst/O
                         net (fo=1697, routed)        1.617     5.219    uart/u_gen/clk
    SLICE_X66Y103        FDPE                                         r  uart/u_gen/uart_tx_reg/C
  -------------------------------------------------------------------    -------------------
    SLICE_X66Y103        FDPE (Prop_fdpe_C_Q)         0.518     5.737 r  uart/u_gen/uart_tx_reg/Q
                         net (fo=1, routed)           3.215     8.952    uart_tx_OBUF
    D4                   OBUF (Prop_obuf_I_O)         3.555    12.507 r  uart_tx_OBUF_inst/O
                         net (fo=0)                   0.000    12.507    uart_tx
    D4                                                                r  uart_tx (OUT)
  -------------------------------------------------------------------    -------------------





Min Delay Paths
--------------------------------------------------------------------------------------
Slack:                    inf
  Source:                 uart/u_gen/uart_tx_reg/C
                            (rising edge-triggered cell FDPE clocked by clk  {rise@0.000ns fall@5.000ns period=10.000ns})
  Destination:            uart_tx
                            (output port)
  Path Group:             (none)
  Path Type:              Min at Fast Process Corner
  Data Path Delay:        2.529ns  (logic 1.420ns (56.151%)  route 1.109ns (43.849%))
  Logic Levels:           1  (OBUF=1)
  Clock Uncertainty:      0.025ns  ((TSJ^2 + TIJ^2)^1/2 + DJ) / 2 + PE
    Total System Jitter     (TSJ):    0.050ns
    Total Input Jitter      (TIJ):    0.000ns
    Discrete Jitter          (DJ):    0.000ns
    Phase Error              (PE):    0.000ns

    Location             Delay type                Incr(ns)  Path(ns)    Netlist Resource(s)
  -------------------------------------------------------------------    -------------------
                         (clock clk rise edge)        0.000     0.000 r  
    E3                                                0.000     0.000 r  clk (IN)
                         net (fo=0)                   0.000     0.000    clk
    E3                   IBUF (Prop_ibuf_I_O)         0.250     0.250 r  clk_IBUF_inst/O
                         net (fo=2, routed)           0.644     0.894    clk_IBUF
    BUFGCTRL_X0Y16       BUFG (Prop_bufg_I_O)         0.026     0.920 r  clk_IBUF_BUFG_inst/O
                         net (fo=1697, routed)        0.562     1.481    uart/u_gen/clk
    SLICE_X66Y103        FDPE                                         r  uart/u_gen/uart_tx_reg/C
  -------------------------------------------------------------------    -------------------
    SLICE_X66Y103        FDPE (Prop_fdpe_C_Q)         0.164     1.645 r  uart/u_gen/uart_tx_reg/Q
                         net (fo=1, routed)           1.109     2.754    uart_tx_OBUF
    D4                   OBUF (Prop_obuf_I_O)         1.256     4.010 r  uart_tx_OBUF_inst/O
                         net (fo=0)                   0.000     4.010    uart_tx
    D4                                                                r  uart_tx (OUT)
  -------------------------------------------------------------------    -------------------





--------------------------------------------------------------------------------------
Path Group:  (none)
From Clock:  clk_out1_clk_wiz_0
  To Clock:  

Max Delay             2 Endpoints
Min Delay             2 Endpoints
--------------------------------------------------------------------------------------


Max Delay Paths
--------------------------------------------------------------------------------------
Slack:                    inf
  Source:                 i2spcm0/ws_cnt_reg[5]/C
                            (rising edge-triggered cell FDCE clocked by clk_out1_clk_wiz_0  {rise@0.000ns fall@30.516ns period=61.032ns})
  Destination:            i2s_lrclk
                            (output port)
  Path Group:             (none)
  Path Type:              Max at Slow Process Corner
  Data Path Delay:        6.571ns  (logic 3.985ns (60.644%)  route 2.586ns (39.356%))
  Logic Levels:           1  (OBUF=1)
  Clock Uncertainty:      0.496ns  ((TSJ^2 + DJ^2)^1/2) / 2 + PE
    Total System Jitter     (TSJ):    0.050ns
    Discrete Jitter          (DJ):    0.382ns
    Phase Error              (PE):    0.303ns

    Location             Delay type                Incr(ns)  Path(ns)    Netlist Resource(s)
  -------------------------------------------------------------------    -------------------
                         (clock clk_out1_clk_wiz_0 rise edge)
                                                      0.000     0.000 r  
    BUFGCTRL_X0Y16       BUFG                         0.000     0.000 r  clk_IBUF_BUFG_inst/O
                         net (fo=1697, routed)        1.636     1.636    i2spcm0/inst/inst/clk_in1
    MMCME2_ADV_X0Y1      MMCME2_ADV (Prop_mmcme2_adv_CLKIN1_CLKOUT0)
                                                     -3.441    -1.804 r  i2spcm0/inst/inst/mmcm_adv_inst/CLKOUT0
                         net (fo=1, routed)           1.710    -0.094    i2spcm0/inst/inst/clk_out1_clk_wiz_0
    BUFGCTRL_X0Y1        BUFG (Prop_bufg_I_O)         0.096     0.002 r  i2spcm0/inst/inst/clkout1_buf/O
                         net (fo=30, routed)          1.728     1.730    i2spcm0/clk_gen_fast
    SLICE_X89Y89         FDCE                                         r  i2spcm0/ws_cnt_reg[5]/C
  -------------------------------------------------------------------    -------------------
    SLICE_X89Y89         FDCE (Prop_fdce_C_Q)         0.456     2.186 r  i2spcm0/ws_cnt_reg[5]/Q
                         net (fo=7, routed)           2.586     4.773    i2s_lrclk_OBUF
    F6                   OBUF (Prop_obuf_I_O)         3.529     8.302 r  i2s_lrclk_OBUF_inst/O
                         net (fo=0)                   0.000     8.302    i2s_lrclk
    F6                                                                r  i2s_lrclk (OUT)
  -------------------------------------------------------------------    -------------------

Slack:                    inf
  Source:                 i2spcm0/bclk_reg/C
                            (rising edge-triggered cell FDRE clocked by clk_out1_clk_wiz_0  {rise@0.000ns fall@30.516ns period=61.032ns})
  Destination:            i2s_clk
                            (output port)
  Path Group:             (none)
  Path Type:              Max at Slow Process Corner
  Data Path Delay:        6.313ns  (logic 3.998ns (63.332%)  route 2.315ns (36.668%))
  Logic Levels:           1  (OBUF=1)
  Clock Uncertainty:      0.496ns  ((TSJ^2 + DJ^2)^1/2) / 2 + PE
    Total System Jitter     (TSJ):    0.050ns
    Discrete Jitter          (DJ):    0.382ns
    Phase Error              (PE):    0.303ns

    Location             Delay type                Incr(ns)  Path(ns)    Netlist Resource(s)
  -------------------------------------------------------------------    -------------------
                         (clock clk_out1_clk_wiz_0 rise edge)
                                                      0.000     0.000 r  
    BUFGCTRL_X0Y16       BUFG                         0.000     0.000 r  clk_IBUF_BUFG_inst/O
                         net (fo=1697, routed)        1.636     1.636    i2spcm0/inst/inst/clk_in1
    MMCME2_ADV_X0Y1      MMCME2_ADV (Prop_mmcme2_adv_CLKIN1_CLKOUT0)
                                                     -3.441    -1.804 r  i2spcm0/inst/inst/mmcm_adv_inst/CLKOUT0
                         net (fo=1, routed)           1.710    -0.094    i2spcm0/inst/inst/clk_out1_clk_wiz_0
    BUFGCTRL_X0Y1        BUFG (Prop_bufg_I_O)         0.096     0.002 r  i2spcm0/inst/inst/clkout1_buf/O
                         net (fo=30, routed)          1.729     1.731    i2spcm0/clk_gen_fast
    SLICE_X89Y91         FDRE                                         r  i2spcm0/bclk_reg/C
  -------------------------------------------------------------------    -------------------
    SLICE_X89Y91         FDRE (Prop_fdre_C_Q)         0.456     2.187 r  i2spcm0/bclk_reg/Q
                         net (fo=2, routed)           2.315     4.502    i2s_clk_OBUF
    G6                   OBUF (Prop_obuf_I_O)         3.542     8.044 r  i2s_clk_OBUF_inst/O
                         net (fo=0)                   0.000     8.044    i2s_clk
    G6                                                                r  i2s_clk (OUT)
  -------------------------------------------------------------------    -------------------





Min Delay Paths
--------------------------------------------------------------------------------------
Slack:                    inf
  Source:                 i2spcm0/bclk_reg/C
                            (rising edge-triggered cell FDRE clocked by clk_out1_clk_wiz_0  {rise@0.000ns fall@30.516ns period=61.032ns})
  Destination:            i2s_clk
                            (output port)
  Path Group:             (none)
  Path Type:              Min at Fast Process Corner
  Data Path Delay:        2.004ns  (logic 1.384ns (69.065%)  route 0.620ns (30.935%))
  Logic Levels:           1  (OBUF=1)
  Clock Uncertainty:      0.496ns  ((TSJ^2 + DJ^2)^1/2) / 2 + PE
    Total System Jitter     (TSJ):    0.050ns
    Discrete Jitter          (DJ):    0.382ns
    Phase Error              (PE):    0.303ns

    Location             Delay type                Incr(ns)  Path(ns)    Netlist Resource(s)
  -------------------------------------------------------------------    -------------------
                         (clock clk_out1_clk_wiz_0 rise edge)
                                                      0.000     0.000 r  
    BUFGCTRL_X0Y16       BUFG                         0.000     0.000 r  clk_IBUF_BUFG_inst/O
                         net (fo=1697, routed)        0.558     0.558    i2spcm0/inst/inst/clk_in1
    MMCME2_ADV_X0Y1      MMCME2_ADV (Prop_mmcme2_adv_CLKIN1_CLKOUT0)
                                                     -1.077    -0.519 r  i2spcm0/inst/inst/mmcm_adv_inst/CLKOUT0
                         net (fo=1, routed)           0.495    -0.024    i2spcm0/inst/inst/clk_out1_clk_wiz_0
    BUFGCTRL_X0Y1        BUFG (Prop_bufg_I_O)         0.026     0.002 r  i2spcm0/inst/inst/clkout1_buf/O
                         net (fo=30, routed)          0.604     0.606    i2spcm0/clk_gen_fast
    SLICE_X89Y91         FDRE                                         r  i2spcm0/bclk_reg/C
  -------------------------------------------------------------------    -------------------
    SLICE_X89Y91         FDRE (Prop_fdre_C_Q)         0.141     0.747 r  i2spcm0/bclk_reg/Q
                         net (fo=2, routed)           0.620     1.366    i2s_clk_OBUF
    G6                   OBUF (Prop_obuf_I_O)         1.243     2.609 r  i2s_clk_OBUF_inst/O
                         net (fo=0)                   0.000     2.609    i2s_clk
    G6                                                                r  i2s_clk (OUT)
  -------------------------------------------------------------------    -------------------

Slack:                    inf
  Source:                 i2spcm0/ws_cnt_reg[5]/C
                            (rising edge-triggered cell FDCE clocked by clk_out1_clk_wiz_0  {rise@0.000ns fall@30.516ns period=61.032ns})
  Destination:            i2s_lrclk
                            (output port)
  Path Group:             (none)
  Path Type:              Min at Fast Process Corner
  Data Path Delay:        2.119ns  (logic 1.371ns (64.694%)  route 0.748ns (35.306%))
  Logic Levels:           1  (OBUF=1)
  Clock Uncertainty:      0.496ns  ((TSJ^2 + DJ^2)^1/2) / 2 + PE
    Total System Jitter     (TSJ):    0.050ns
    Discrete Jitter          (DJ):    0.382ns
    Phase Error              (PE):    0.303ns

    Location             Delay type                Incr(ns)  Path(ns)    Netlist Resource(s)
  -------------------------------------------------------------------    -------------------
                         (clock clk_out1_clk_wiz_0 rise edge)
                                                      0.000     0.000 r  
    BUFGCTRL_X0Y16       BUFG                         0.000     0.000 r  clk_IBUF_BUFG_inst/O
                         net (fo=1697, routed)        0.558     0.558    i2spcm0/inst/inst/clk_in1
    MMCME2_ADV_X0Y1      MMCME2_ADV (Prop_mmcme2_adv_CLKIN1_CLKOUT0)
                                                     -1.077    -0.519 r  i2spcm0/inst/inst/mmcm_adv_inst/CLKOUT0
                         net (fo=1, routed)           0.495    -0.024    i2spcm0/inst/inst/clk_out1_clk_wiz_0
    BUFGCTRL_X0Y1        BUFG (Prop_bufg_I_O)         0.026     0.002 r  i2spcm0/inst/inst/clkout1_buf/O
                         net (fo=30, routed)          0.603     0.605    i2spcm0/clk_gen_fast
    SLICE_X89Y89         FDCE                                         r  i2spcm0/ws_cnt_reg[5]/C
  -------------------------------------------------------------------    -------------------
    SLICE_X89Y89         FDCE (Prop_fdce_C_Q)         0.141     0.746 r  i2spcm0/ws_cnt_reg[5]/Q
                         net (fo=7, routed)           0.748     1.494    i2s_lrclk_OBUF
    F6                   OBUF (Prop_obuf_I_O)         1.230     2.724 r  i2s_lrclk_OBUF_inst/O
                         net (fo=0)                   0.000     2.724    i2s_lrclk
    F6                                                                r  i2s_lrclk (OUT)
  -------------------------------------------------------------------    -------------------





--------------------------------------------------------------------------------------
Path Group:  (none)
From Clock:  clk_pixel_clk_wiz
  To Clock:  

Max Delay            14 Endpoints
Min Delay            14 Endpoints
--------------------------------------------------------------------------------------


Max Delay Paths
--------------------------------------------------------------------------------------
Slack:                    inf
  Source:                 vga0/overlay_i/pixel_o_reg[ctrl][vs]/C
                            (rising edge-triggered cell FDPE clocked by clk_pixel_clk_wiz  {rise@0.000ns fall@20.000ns period=40.000ns})
  Destination:            VGA_VS
                            (output port)
  Path Group:             (none)
  Path Type:              Max at Slow Process Corner
  Data Path Delay:        9.262ns  (logic 4.159ns (44.906%)  route 5.103ns (55.094%))
  Logic Levels:           1  (OBUF=1)
  Clock Uncertainty:      0.199ns  ((TSJ^2 + DJ^2)^1/2) / 2 + PE
    Total System Jitter     (TSJ):    0.050ns
    Discrete Jitter          (DJ):    0.182ns
    Phase Error              (PE):    0.104ns

    Location             Delay type                Incr(ns)  Path(ns)    Netlist Resource(s)
  -------------------------------------------------------------------    -------------------
                         (clock clk_pixel_clk_wiz rise edge)
                                                      0.000     0.000 r  
    BUFGCTRL_X0Y16       BUFG                         0.000     0.000 r  clk_IBUF_BUFG_inst/O
                         net (fo=1697, routed)        1.809     1.809    vga0/clk_wiz_i/inst/clk
    MMCME2_ADV_X0Y0      MMCME2_ADV (Prop_mmcme2_adv_CLKIN1_CLKOUT0)
                                                     -3.922    -2.112 r  vga0/clk_wiz_i/inst/mmcm_adv_inst/CLKOUT0
                         net (fo=1, routed)           2.018    -0.094    vga0/clk_wiz_i/inst/clk_pixel_clk_wiz
    BUFGCTRL_X0Y0        BUFG (Prop_bufg_I_O)         0.096     0.002 r  vga0/clk_wiz_i/inst/clkout1_buf/O
                         net (fo=283, routed)         1.618     1.620    vga0/overlay_i/clk_pixel
    SLICE_X67Y79         FDPE                                         r  vga0/overlay_i/pixel_o_reg[ctrl][vs]/C
  -------------------------------------------------------------------    -------------------
    SLICE_X67Y79         FDPE (Prop_fdpe_C_Q)         0.419     2.039 r  vga0/overlay_i/pixel_o_reg[ctrl][vs]/Q
                         net (fo=1, routed)           5.103     7.142    VGA_VS_OBUF
    B12                  OBUF (Prop_obuf_I_O)         3.740    10.883 r  VGA_VS_OBUF_inst/O
                         net (fo=0)                   0.000    10.883    VGA_VS
    B12                                                               r  VGA_VS (OUT)
  -------------------------------------------------------------------    -------------------

Slack:                    inf
  Source:                 vga0/overlay_i/pixel_o_reg[ctrl][hs]/C
                            (rising edge-triggered cell FDPE clocked by clk_pixel_clk_wiz  {rise@0.000ns fall@20.000ns period=40.000ns})
  Destination:            VGA_HS
                            (output port)
  Path Group:             (none)
  Path Type:              Max at Slow Process Corner
  Data Path Delay:        9.194ns  (logic 4.021ns (43.730%)  route 5.173ns (56.270%))
  Logic Levels:           1  (OBUF=1)
  Clock Uncertainty:      0.199ns  ((TSJ^2 + DJ^2)^1/2) / 2 + PE
    Total System Jitter     (TSJ):    0.050ns
    Discrete Jitter          (DJ):    0.182ns
    Phase Error              (PE):    0.104ns

    Location             Delay type                Incr(ns)  Path(ns)    Netlist Resource(s)
  -------------------------------------------------------------------    -------------------
                         (clock clk_pixel_clk_wiz rise edge)
                                                      0.000     0.000 r  
    BUFGCTRL_X0Y16       BUFG                         0.000     0.000 r  clk_IBUF_BUFG_inst/O
                         net (fo=1697, routed)        1.809     1.809    vga0/clk_wiz_i/inst/clk
    MMCME2_ADV_X0Y0      MMCME2_ADV (Prop_mmcme2_adv_CLKIN1_CLKOUT0)
                                                     -3.922    -2.112 r  vga0/clk_wiz_i/inst/mmcm_adv_inst/CLKOUT0
                         net (fo=1, routed)           2.018    -0.094    vga0/clk_wiz_i/inst/clk_pixel_clk_wiz
    BUFGCTRL_X0Y0        BUFG (Prop_bufg_I_O)         0.096     0.002 r  vga0/clk_wiz_i/inst/clkout1_buf/O
                         net (fo=283, routed)         1.618     1.620    vga0/overlay_i/clk_pixel
    SLICE_X67Y79         FDPE                                         r  vga0/overlay_i/pixel_o_reg[ctrl][hs]/C
  -------------------------------------------------------------------    -------------------
    SLICE_X67Y79         FDPE (Prop_fdpe_C_Q)         0.456     2.076 r  vga0/overlay_i/pixel_o_reg[ctrl][hs]/Q
                         net (fo=1, routed)           5.173     7.250    VGA_HS_OBUF
    B11                  OBUF (Prop_obuf_I_O)         3.565    10.814 r  VGA_HS_OBUF_inst/O
                         net (fo=0)                   0.000    10.814    VGA_HS
    B11                                                               r  VGA_HS (OUT)
  -------------------------------------------------------------------    -------------------

Slack:                    inf
  Source:                 vga0/overlay_i/pixel_o_reg[pixel][green][1]/C
                            (rising edge-triggered cell FDCE clocked by clk_pixel_clk_wiz  {rise@0.000ns fall@20.000ns period=40.000ns})
  Destination:            VGA_G[1]
                            (output port)
  Path Group:             (none)
  Path Type:              Max at Slow Process Corner
  Data Path Delay:        7.707ns  (logic 4.136ns (53.661%)  route 3.571ns (46.339%))
  Logic Levels:           1  (OBUF=1)
  Clock Uncertainty:      0.199ns  ((TSJ^2 + DJ^2)^1/2) / 2 + PE
    Total System Jitter     (TSJ):    0.050ns
    Discrete Jitter          (DJ):    0.182ns
    Phase Error              (PE):    0.104ns

    Location             Delay type                Incr(ns)  Path(ns)    Netlist Resource(s)
  -------------------------------------------------------------------    -------------------
                         (clock clk_pixel_clk_wiz rise edge)
                                                      0.000     0.000 r  
    BUFGCTRL_X0Y16       BUFG                         0.000     0.000 r  clk_IBUF_BUFG_inst/O
                         net (fo=1697, routed)        1.809     1.809    vga0/clk_wiz_i/inst/clk
    MMCME2_ADV_X0Y0      MMCME2_ADV (Prop_mmcme2_adv_CLKIN1_CLKOUT0)
                                                     -3.922    -2.112 r  vga0/clk_wiz_i/inst/mmcm_adv_inst/CLKOUT0
                         net (fo=1, routed)           2.018    -0.094    vga0/clk_wiz_i/inst/clk_pixel_clk_wiz
    BUFGCTRL_X0Y0        BUFG (Prop_bufg_I_O)         0.096     0.002 r  vga0/clk_wiz_i/inst/clkout1_buf/O
                         net (fo=283, routed)         1.702     1.704    vga0/overlay_i/clk_pixel
    SLICE_X72Y102        FDCE                                         r  vga0/overlay_i/pixel_o_reg[pixel][green][1]/C
  -------------------------------------------------------------------    -------------------
    SLICE_X72Y102        FDCE (Prop_fdce_C_Q)         0.419     2.123 r  vga0/overlay_i/pixel_o_reg[pixel][green][1]/Q
                         net (fo=1, routed)           3.571     5.694    VGA_G_OBUF[1]
    A5                   OBUF (Prop_obuf_I_O)         3.717     9.411 r  VGA_G_OBUF[1]_inst/O
                         net (fo=0)                   0.000     9.411    VGA_G[1]
    A5                                                                r  VGA_G[1] (OUT)
  -------------------------------------------------------------------    -------------------

Slack:                    inf
  Source:                 vga0/overlay_i/pixel_o_reg[pixel][green][3]/C
                            (rising edge-triggered cell FDCE clocked by clk_pixel_clk_wiz  {rise@0.000ns fall@20.000ns period=40.000ns})
  Destination:            VGA_G[3]
                            (output port)
  Path Group:             (none)
  Path Type:              Max at Slow Process Corner
  Data Path Delay:        7.695ns  (logic 4.137ns (53.767%)  route 3.558ns (46.233%))
  Logic Levels:           1  (OBUF=1)
  Clock Uncertainty:      0.199ns  ((TSJ^2 + DJ^2)^1/2) / 2 + PE
    Total System Jitter     (TSJ):    0.050ns
    Discrete Jitter          (DJ):    0.182ns
    Phase Error              (PE):    0.104ns

    Location             Delay type                Incr(ns)  Path(ns)    Netlist Resource(s)
  -------------------------------------------------------------------    -------------------
                         (clock clk_pixel_clk_wiz rise edge)
                                                      0.000     0.000 r  
    BUFGCTRL_X0Y16       BUFG                         0.000     0.000 r  clk_IBUF_BUFG_inst/O
                         net (fo=1697, routed)        1.809     1.809    vga0/clk_wiz_i/inst/clk
    MMCME2_ADV_X0Y0      MMCME2_ADV (Prop_mmcme2_adv_CLKIN1_CLKOUT0)
                                                     -3.922    -2.112 r  vga0/clk_wiz_i/inst/mmcm_adv_inst/CLKOUT0
                         net (fo=1, routed)           2.018    -0.094    vga0/clk_wiz_i/inst/clk_pixel_clk_wiz
    BUFGCTRL_X0Y0        BUFG (Prop_bufg_I_O)         0.096     0.002 r  vga0/clk_wiz_i/inst/clkout1_buf/O
                         net (fo=283, routed)         1.702     1.704    vga0/overlay_i/clk_pixel
    SLICE_X73Y102        FDCE                                         r  vga0/overlay_i/pixel_o_reg[pixel][green][3]/C
  -------------------------------------------------------------------    -------------------
    SLICE_X73Y102        FDCE (Prop_fdce_C_Q)         0.419     2.123 r  vga0/overlay_i/pixel_o_reg[pixel][green][3]/Q
                         net (fo=1, routed)           3.558     5.681    VGA_G_OBUF[3]
    A6                   OBUF (Prop_obuf_I_O)         3.718     9.399 r  VGA_G_OBUF[3]_inst/O
                         net (fo=0)                   0.000     9.399    VGA_G[3]
    A6                                                                r  VGA_G[3] (OUT)
  -------------------------------------------------------------------    -------------------

Slack:                    inf
  Source:                 vga0/overlay_i/pixel_o_reg[pixel][blue][3]/C
                            (rising edge-triggered cell FDCE clocked by clk_pixel_clk_wiz  {rise@0.000ns fall@20.000ns period=40.000ns})
  Destination:            VGA_B[3]
                            (output port)
  Path Group:             (none)
  Path Type:              Max at Slow Process Corner
  Data Path Delay:        7.687ns  (logic 4.146ns (53.929%)  route 3.541ns (46.071%))
  Logic Levels:           1  (OBUF=1)
  Clock Uncertainty:      0.199ns  ((TSJ^2 + DJ^2)^1/2) / 2 + PE
    Total System Jitter     (TSJ):    0.050ns
    Discrete Jitter          (DJ):    0.182ns
    Phase Error              (PE):    0.104ns

    Location             Delay type                Incr(ns)  Path(ns)    Netlist Resource(s)
  -------------------------------------------------------------------    -------------------
                         (clock clk_pixel_clk_wiz rise edge)
                                                      0.000     0.000 r  
    BUFGCTRL_X0Y16       BUFG                         0.000     0.000 r  clk_IBUF_BUFG_inst/O
                         net (fo=1697, routed)        1.809     1.809    vga0/clk_wiz_i/inst/clk
    MMCME2_ADV_X0Y0      MMCME2_ADV (Prop_mmcme2_adv_CLKIN1_CLKOUT0)
                                                     -3.922    -2.112 r  vga0/clk_wiz_i/inst/mmcm_adv_inst/CLKOUT0
                         net (fo=1, routed)           2.018    -0.094    vga0/clk_wiz_i/inst/clk_pixel_clk_wiz
    BUFGCTRL_X0Y0        BUFG (Prop_bufg_I_O)         0.096     0.002 r  vga0/clk_wiz_i/inst/clkout1_buf/O
                         net (fo=283, routed)         1.704     1.706    vga0/overlay_i/clk_pixel
    SLICE_X75Y101        FDCE                                         r  vga0/overlay_i/pixel_o_reg[pixel][blue][3]/C
  -------------------------------------------------------------------    -------------------
    SLICE_X75Y101        FDCE (Prop_fdce_C_Q)         0.419     2.125 r  vga0/overlay_i/pixel_o_reg[pixel][blue][3]/Q
                         net (fo=1, routed)           3.541     5.666    VGA_B_OBUF[3]
    D8                   OBUF (Prop_obuf_I_O)         3.727     9.393 r  VGA_B_OBUF[3]_inst/O
                         net (fo=0)                   0.000     9.393    VGA_B[3]
    D8                                                                r  VGA_B[3] (OUT)
  -------------------------------------------------------------------    -------------------

Slack:                    inf
  Source:                 vga0/overlay_i/pixel_o_reg[pixel][blue][0]/C
                            (rising edge-triggered cell FDCE clocked by clk_pixel_clk_wiz  {rise@0.000ns fall@20.000ns period=40.000ns})
  Destination:            VGA_B[0]
                            (output port)
  Path Group:             (none)
  Path Type:              Max at Slow Process Corner
  Data Path Delay:        7.635ns  (logic 4.065ns (53.239%)  route 3.570ns (46.761%))
  Logic Levels:           1  (OBUF=1)
  Clock Uncertainty:      0.199ns  ((TSJ^2 + DJ^2)^1/2) / 2 + PE
    Total System Jitter     (TSJ):    0.050ns
    Discrete Jitter          (DJ):    0.182ns
    Phase Error              (PE):    0.104ns

    Location             Delay type                Incr(ns)  Path(ns)    Netlist Resource(s)
  -------------------------------------------------------------------    -------------------
                         (clock clk_pixel_clk_wiz rise edge)
                                                      0.000     0.000 r  
    BUFGCTRL_X0Y16       BUFG                         0.000     0.000 r  clk_IBUF_BUFG_inst/O
                         net (fo=1697, routed)        1.809     1.809    vga0/clk_wiz_i/inst/clk
    MMCME2_ADV_X0Y0      MMCME2_ADV (Prop_mmcme2_adv_CLKIN1_CLKOUT0)
                                                     -3.922    -2.112 r  vga0/clk_wiz_i/inst/mmcm_adv_inst/CLKOUT0
                         net (fo=1, routed)           2.018    -0.094    vga0/clk_wiz_i/inst/clk_pixel_clk_wiz
    BUFGCTRL_X0Y0        BUFG (Prop_bufg_I_O)         0.096     0.002 r  vga0/clk_wiz_i/inst/clkout1_buf/O
                         net (fo=283, routed)         1.704     1.706    vga0/overlay_i/clk_pixel
    SLICE_X74Y101        FDCE                                         r  vga0/overlay_i/pixel_o_reg[pixel][blue][0]/C
  -------------------------------------------------------------------    -------------------
    SLICE_X74Y101        FDCE (Prop_fdce_C_Q)         0.518     2.224 r  vga0/overlay_i/pixel_o_reg[pixel][blue][0]/Q
                         net (fo=1, routed)           3.570     5.794    VGA_B_OBUF[0]
    B7                   OBUF (Prop_obuf_I_O)         3.547     9.341 r  VGA_B_OBUF[0]_inst/O
                         net (fo=0)                   0.000     9.341    VGA_B[0]
    B7                                                                r  VGA_B[0] (OUT)
  -------------------------------------------------------------------    -------------------

Slack:                    inf
  Source:                 vga0/overlay_i/pixel_o_reg[pixel][red][2]/C
                            (rising edge-triggered cell FDCE clocked by clk_pixel_clk_wiz  {rise@0.000ns fall@20.000ns period=40.000ns})
  Destination:            VGA_R[2]
                            (output port)
  Path Group:             (none)
  Path Type:              Max at Slow Process Corner
  Data Path Delay:        7.587ns  (logic 3.991ns (52.604%)  route 3.596ns (47.396%))
  Logic Levels:           1  (OBUF=1)
  Clock Uncertainty:      0.199ns  ((TSJ^2 + DJ^2)^1/2) / 2 + PE
    Total System Jitter     (TSJ):    0.050ns
    Discrete Jitter          (DJ):    0.182ns
    Phase Error              (PE):    0.104ns

    Location             Delay type                Incr(ns)  Path(ns)    Netlist Resource(s)
  -------------------------------------------------------------------    -------------------
                         (clock clk_pixel_clk_wiz rise edge)
                                                      0.000     0.000 r  
    BUFGCTRL_X0Y16       BUFG                         0.000     0.000 r  clk_IBUF_BUFG_inst/O
                         net (fo=1697, routed)        1.809     1.809    vga0/clk_wiz_i/inst/clk
    MMCME2_ADV_X0Y0      MMCME2_ADV (Prop_mmcme2_adv_CLKIN1_CLKOUT0)
                                                     -3.922    -2.112 r  vga0/clk_wiz_i/inst/mmcm_adv_inst/CLKOUT0
                         net (fo=1, routed)           2.018    -0.094    vga0/clk_wiz_i/inst/clk_pixel_clk_wiz
    BUFGCTRL_X0Y0        BUFG (Prop_bufg_I_O)         0.096     0.002 r  vga0/clk_wiz_i/inst/clkout1_buf/O
                         net (fo=283, routed)         1.714     1.716    vga0/overlay_i/clk_pixel
    SLICE_X73Y99         FDCE                                         r  vga0/overlay_i/pixel_o_reg[pixel][red][2]/C
  -------------------------------------------------------------------    -------------------
    SLICE_X73Y99         FDCE (Prop_fdce_C_Q)         0.456     2.172 r  vga0/overlay_i/pixel_o_reg[pixel][red][2]/Q
                         net (fo=1, routed)           3.596     5.768    VGA_R_OBUF[2]
    C5                   OBUF (Prop_obuf_I_O)         3.535     9.304 r  VGA_R_OBUF[2]_inst/O
                         net (fo=0)                   0.000     9.304    VGA_R[2]
    C5                                                                r  VGA_R[2] (OUT)
  -------------------------------------------------------------------    -------------------

Slack:                    inf
  Source:                 vga0/overlay_i/pixel_o_reg[pixel][blue][1]/C
                            (rising edge-triggered cell FDCE clocked by clk_pixel_clk_wiz  {rise@0.000ns fall@20.000ns period=40.000ns})
  Destination:            VGA_B[1]
                            (output port)
  Path Group:             (none)
  Path Type:              Max at Slow Process Corner
  Data Path Delay:        7.571ns  (logic 4.200ns (55.480%)  route 3.370ns (44.520%))
  Logic Levels:           1  (OBUF=1)
  Clock Uncertainty:      0.199ns  ((TSJ^2 + DJ^2)^1/2) / 2 + PE
    Total System Jitter     (TSJ):    0.050ns
    Discrete Jitter          (DJ):    0.182ns
    Phase Error              (PE):    0.104ns

    Location             Delay type                Incr(ns)  Path(ns)    Netlist Resource(s)
  -------------------------------------------------------------------    -------------------
                         (clock clk_pixel_clk_wiz rise edge)
                                                      0.000     0.000 r  
    BUFGCTRL_X0Y16       BUFG                         0.000     0.000 r  clk_IBUF_BUFG_inst/O
                         net (fo=1697, routed)        1.809     1.809    vga0/clk_wiz_i/inst/clk
    MMCME2_ADV_X0Y0      MMCME2_ADV (Prop_mmcme2_adv_CLKIN1_CLKOUT0)
                                                     -3.922    -2.112 r  vga0/clk_wiz_i/inst/mmcm_adv_inst/CLKOUT0
                         net (fo=1, routed)           2.018    -0.094    vga0/clk_wiz_i/inst/clk_pixel_clk_wiz
    BUFGCTRL_X0Y0        BUFG (Prop_bufg_I_O)         0.096     0.002 r  vga0/clk_wiz_i/inst/clkout1_buf/O
                         net (fo=283, routed)         1.704     1.706    vga0/overlay_i/clk_pixel
    SLICE_X74Y101        FDCE                                         r  vga0/overlay_i/pixel_o_reg[pixel][blue][1]/C
  -------------------------------------------------------------------    -------------------
    SLICE_X74Y101        FDCE (Prop_fdce_C_Q)         0.478     2.184 r  vga0/overlay_i/pixel_o_reg[pixel][blue][1]/Q
                         net (fo=1, routed)           3.370     5.554    VGA_B_OBUF[1]
    C7                   OBUF (Prop_obuf_I_O)         3.722     9.277 r  VGA_B_OBUF[1]_inst/O
                         net (fo=0)                   0.000     9.277    VGA_B[1]
    C7                                                                r  VGA_B[1] (OUT)
  -------------------------------------------------------------------    -------------------

Slack:                    inf
  Source:                 vga0/overlay_i/pixel_o_reg[pixel][green][0]/C
                            (rising edge-triggered cell FDCE clocked by clk_pixel_clk_wiz  {rise@0.000ns fall@20.000ns period=40.000ns})
  Destination:            VGA_G[0]
                            (output port)
  Path Group:             (none)
  Path Type:              Max at Slow Process Corner
  Data Path Delay:        7.565ns  (logic 3.994ns (52.800%)  route 3.571ns (47.200%))
  Logic Levels:           1  (OBUF=1)
  Clock Uncertainty:      0.199ns  ((TSJ^2 + DJ^2)^1/2) / 2 + PE
    Total System Jitter     (TSJ):    0.050ns
    Discrete Jitter          (DJ):    0.182ns
    Phase Error              (PE):    0.104ns

    Location             Delay type                Incr(ns)  Path(ns)    Netlist Resource(s)
  -------------------------------------------------------------------    -------------------
                         (clock clk_pixel_clk_wiz rise edge)
                                                      0.000     0.000 r  
    BUFGCTRL_X0Y16       BUFG                         0.000     0.000 r  clk_IBUF_BUFG_inst/O
                         net (fo=1697, routed)        1.809     1.809    vga0/clk_wiz_i/inst/clk
    MMCME2_ADV_X0Y0      MMCME2_ADV (Prop_mmcme2_adv_CLKIN1_CLKOUT0)
                                                     -3.922    -2.112 r  vga0/clk_wiz_i/inst/mmcm_adv_inst/CLKOUT0
                         net (fo=1, routed)           2.018    -0.094    vga0/clk_wiz_i/inst/clk_pixel_clk_wiz
    BUFGCTRL_X0Y0        BUFG (Prop_bufg_I_O)         0.096     0.002 r  vga0/clk_wiz_i/inst/clkout1_buf/O
                         net (fo=283, routed)         1.702     1.704    vga0/overlay_i/clk_pixel
    SLICE_X72Y102        FDCE                                         r  vga0/overlay_i/pixel_o_reg[pixel][green][0]/C
  -------------------------------------------------------------------    -------------------
    SLICE_X72Y102        FDCE (Prop_fdce_C_Q)         0.456     2.160 r  vga0/overlay_i/pixel_o_reg[pixel][green][0]/Q
                         net (fo=1, routed)           3.571     5.731    VGA_G_OBUF[0]
    C6                   OBUF (Prop_obuf_I_O)         3.538     9.269 r  VGA_G_OBUF[0]_inst/O
                         net (fo=0)                   0.000     9.269    VGA_G[0]
    C6                                                                r  VGA_G[0] (OUT)
  -------------------------------------------------------------------    -------------------

Slack:                    inf
  Source:                 vga0/overlay_i/pixel_o_reg[pixel][red][1]/C
                            (rising edge-triggered cell FDCE clocked by clk_pixel_clk_wiz  {rise@0.000ns fall@20.000ns period=40.000ns})
  Destination:            VGA_R[1]
                            (output port)
  Path Group:             (none)
  Path Type:              Max at Slow Process Corner
  Data Path Delay:        7.538ns  (logic 4.197ns (55.680%)  route 3.341ns (44.320%))
  Logic Levels:           1  (OBUF=1)
  Clock Uncertainty:      0.199ns  ((TSJ^2 + DJ^2)^1/2) / 2 + PE
    Total System Jitter     (TSJ):    0.050ns
    Discrete Jitter          (DJ):    0.182ns
    Phase Error              (PE):    0.104ns

    Location             Delay type                Incr(ns)  Path(ns)    Netlist Resource(s)
  -------------------------------------------------------------------    -------------------
                         (clock clk_pixel_clk_wiz rise edge)
                                                      0.000     0.000 r  
    BUFGCTRL_X0Y16       BUFG                         0.000     0.000 r  clk_IBUF_BUFG_inst/O
                         net (fo=1697, routed)        1.809     1.809    vga0/clk_wiz_i/inst/clk
    MMCME2_ADV_X0Y0      MMCME2_ADV (Prop_mmcme2_adv_CLKIN1_CLKOUT0)
                                                     -3.922    -2.112 r  vga0/clk_wiz_i/inst/mmcm_adv_inst/CLKOUT0
                         net (fo=1, routed)           2.018    -0.094    vga0/clk_wiz_i/inst/clk_pixel_clk_wiz
    BUFGCTRL_X0Y0        BUFG (Prop_bufg_I_O)         0.096     0.002 r  vga0/clk_wiz_i/inst/clkout1_buf/O
                         net (fo=283, routed)         1.704     1.706    vga0/overlay_i/clk_pixel
    SLICE_X74Y100        FDCE                                         r  vga0/overlay_i/pixel_o_reg[pixel][red][1]/C
  -------------------------------------------------------------------    -------------------
    SLICE_X74Y100        FDCE (Prop_fdce_C_Q)         0.478     2.184 r  vga0/overlay_i/pixel_o_reg[pixel][red][1]/Q
                         net (fo=1, routed)           3.341     5.525    VGA_R_OBUF[1]
    B4                   OBUF (Prop_obuf_I_O)         3.719     9.244 r  VGA_R_OBUF[1]_inst/O
                         net (fo=0)                   0.000     9.244    VGA_R[1]
    B4                                                                r  VGA_R[1] (OUT)
  -------------------------------------------------------------------    -------------------





Min Delay Paths
--------------------------------------------------------------------------------------
Slack:                    inf
  Source:                 vga0/overlay_i/pixel_o_reg[pixel][blue][2]/C
                            (rising edge-triggered cell FDCE clocked by clk_pixel_clk_wiz  {rise@0.000ns fall@20.000ns period=40.000ns})
  Destination:            VGA_B[2]
                            (output port)
  Path Group:             (none)
  Path Type:              Min at Fast Process Corner
  Data Path Delay:        2.463ns  (logic 1.365ns (55.425%)  route 1.098ns (44.575%))
  Logic Levels:           1  (OBUF=1)
  Clock Uncertainty:      0.199ns  ((TSJ^2 + DJ^2)^1/2) / 2 + PE
    Total System Jitter     (TSJ):    0.050ns
    Discrete Jitter          (DJ):    0.182ns
    Phase Error              (PE):    0.104ns

    Location             Delay type                Incr(ns)  Path(ns)    Netlist Resource(s)
  -------------------------------------------------------------------    -------------------
                         (clock clk_pixel_clk_wiz rise edge)
                                                      0.000     0.000 r  
    BUFGCTRL_X0Y16       BUFG                         0.000     0.000 r  clk_IBUF_BUFG_inst/O
                         net (fo=1697, routed)        0.624     0.624    vga0/clk_wiz_i/inst/clk
    MMCME2_ADV_X0Y0      MMCME2_ADV (Prop_mmcme2_adv_CLKIN1_CLKOUT0)
                                                     -1.296    -0.672 r  vga0/clk_wiz_i/inst/mmcm_adv_inst/CLKOUT0
                         net (fo=1, routed)           0.648    -0.024    vga0/clk_wiz_i/inst/clk_pixel_clk_wiz
    BUFGCTRL_X0Y0        BUFG (Prop_bufg_I_O)         0.026     0.002 r  vga0/clk_wiz_i/inst/clkout1_buf/O
                         net (fo=283, routed)         0.594     0.596    vga0/overlay_i/clk_pixel
    SLICE_X75Y101        FDCE                                         r  vga0/overlay_i/pixel_o_reg[pixel][blue][2]/C
  -------------------------------------------------------------------    -------------------
    SLICE_X75Y101        FDCE (Prop_fdce_C_Q)         0.141     0.737 r  vga0/overlay_i/pixel_o_reg[pixel][blue][2]/Q
                         net (fo=1, routed)           1.098     1.835    VGA_B_OBUF[2]
    D7                   OBUF (Prop_obuf_I_O)         1.224     3.059 r  VGA_B_OBUF[2]_inst/O
                         net (fo=0)                   0.000     3.059    VGA_B[2]
    D7                                                                r  VGA_B[2] (OUT)
  -------------------------------------------------------------------    -------------------

Slack:                    inf
  Source:                 vga0/overlay_i/pixel_o_reg[pixel][red][0]/C
                            (rising edge-triggered cell FDCE clocked by clk_pixel_clk_wiz  {rise@0.000ns fall@20.000ns period=40.000ns})
  Destination:            VGA_R[0]
                            (output port)
  Path Group:             (none)
  Path Type:              Min at Fast Process Corner
  Data Path Delay:        2.470ns  (logic 1.418ns (57.428%)  route 1.052ns (42.572%))
  Logic Levels:           1  (OBUF=1)
  Clock Uncertainty:      0.199ns  ((TSJ^2 + DJ^2)^1/2) / 2 + PE
    Total System Jitter     (TSJ):    0.050ns
    Discrete Jitter          (DJ):    0.182ns
    Phase Error              (PE):    0.104ns

    Location             Delay type                Incr(ns)  Path(ns)    Netlist Resource(s)
  -------------------------------------------------------------------    -------------------
                         (clock clk_pixel_clk_wiz rise edge)
                                                      0.000     0.000 r  
    BUFGCTRL_X0Y16       BUFG                         0.000     0.000 r  clk_IBUF_BUFG_inst/O
                         net (fo=1697, routed)        0.624     0.624    vga0/clk_wiz_i/inst/clk
    MMCME2_ADV_X0Y0      MMCME2_ADV (Prop_mmcme2_adv_CLKIN1_CLKOUT0)
                                                     -1.296    -0.672 r  vga0/clk_wiz_i/inst/mmcm_adv_inst/CLKOUT0
                         net (fo=1, routed)           0.648    -0.024    vga0/clk_wiz_i/inst/clk_pixel_clk_wiz
    BUFGCTRL_X0Y0        BUFG (Prop_bufg_I_O)         0.026     0.002 r  vga0/clk_wiz_i/inst/clkout1_buf/O
                         net (fo=283, routed)         0.594     0.596    vga0/overlay_i/clk_pixel
    SLICE_X74Y100        FDCE                                         r  vga0/overlay_i/pixel_o_reg[pixel][red][0]/C
  -------------------------------------------------------------------    -------------------
    SLICE_X74Y100        FDCE (Prop_fdce_C_Q)         0.164     0.760 r  vga0/overlay_i/pixel_o_reg[pixel][red][0]/Q
                         net (fo=1, routed)           1.052     1.811    VGA_R_OBUF[0]
    A3                   OBUF (Prop_obuf_I_O)         1.254     3.066 r  VGA_R_OBUF[0]_inst/O
                         net (fo=0)                   0.000     3.066    VGA_R[0]
    A3                                                                r  VGA_R[0] (OUT)
  -------------------------------------------------------------------    -------------------

Slack:                    inf
  Source:                 vga0/overlay_i/pixel_o_reg[pixel][green][2]/C
                            (rising edge-triggered cell FDCE clocked by clk_pixel_clk_wiz  {rise@0.000ns fall@20.000ns period=40.000ns})
  Destination:            VGA_G[2]
                            (output port)
  Path Group:             (none)
  Path Type:              Min at Fast Process Corner
  Data Path Delay:        2.546ns  (logic 1.388ns (54.529%)  route 1.157ns (45.471%))
  Logic Levels:           1  (OBUF=1)
  Clock Uncertainty:      0.199ns  ((TSJ^2 + DJ^2)^1/2) / 2 + PE
    Total System Jitter     (TSJ):    0.050ns
    Discrete Jitter          (DJ):    0.182ns
    Phase Error              (PE):    0.104ns

    Location             Delay type                Incr(ns)  Path(ns)    Netlist Resource(s)
  -------------------------------------------------------------------    -------------------
                         (clock clk_pixel_clk_wiz rise edge)
                                                      0.000     0.000 r  
    BUFGCTRL_X0Y16       BUFG                         0.000     0.000 r  clk_IBUF_BUFG_inst/O
                         net (fo=1697, routed)        0.624     0.624    vga0/clk_wiz_i/inst/clk
    MMCME2_ADV_X0Y0      MMCME2_ADV (Prop_mmcme2_adv_CLKIN1_CLKOUT0)
                                                     -1.296    -0.672 r  vga0/clk_wiz_i/inst/mmcm_adv_inst/CLKOUT0
                         net (fo=1, routed)           0.648    -0.024    vga0/clk_wiz_i/inst/clk_pixel_clk_wiz
    BUFGCTRL_X0Y0        BUFG (Prop_bufg_I_O)         0.026     0.002 r  vga0/clk_wiz_i/inst/clkout1_buf/O
                         net (fo=283, routed)         0.592     0.594    vga0/overlay_i/clk_pixel
    SLICE_X73Y102        FDCE                                         r  vga0/overlay_i/pixel_o_reg[pixel][green][2]/C
  -------------------------------------------------------------------    -------------------
    SLICE_X73Y102        FDCE (Prop_fdce_C_Q)         0.141     0.735 r  vga0/overlay_i/pixel_o_reg[pixel][green][2]/Q
                         net (fo=1, routed)           1.157     1.892    VGA_G_OBUF[2]
    B6                   OBUF (Prop_obuf_I_O)         1.247     3.139 r  VGA_G_OBUF[2]_inst/O
                         net (fo=0)                   0.000     3.139    VGA_G[2]
    B6                                                                r  VGA_G[2] (OUT)
  -------------------------------------------------------------------    -------------------

Slack:                    inf
  Source:                 vga0/overlay_i/pixel_o_reg[pixel][red][1]/C
                            (rising edge-triggered cell FDCE clocked by clk_pixel_clk_wiz  {rise@0.000ns fall@20.000ns period=40.000ns})
  Destination:            VGA_R[1]
                            (output port)
  Path Group:             (none)
  Path Type:              Min at Fast Process Corner
  Data Path Delay:        2.557ns  (logic 1.450ns (56.707%)  route 1.107ns (43.293%))
  Logic Levels:           1  (OBUF=1)
  Clock Uncertainty:      0.199ns  ((TSJ^2 + DJ^2)^1/2) / 2 + PE
    Total System Jitter     (TSJ):    0.050ns
    Discrete Jitter          (DJ):    0.182ns
    Phase Error              (PE):    0.104ns

    Location             Delay type                Incr(ns)  Path(ns)    Netlist Resource(s)
  -------------------------------------------------------------------    -------------------
                         (clock clk_pixel_clk_wiz rise edge)
                                                      0.000     0.000 r  
    BUFGCTRL_X0Y16       BUFG                         0.000     0.000 r  clk_IBUF_BUFG_inst/O
                         net (fo=1697, routed)        0.624     0.624    vga0/clk_wiz_i/inst/clk
    MMCME2_ADV_X0Y0      MMCME2_ADV (Prop_mmcme2_adv_CLKIN1_CLKOUT0)
                                                     -1.296    -0.672 r  vga0/clk_wiz_i/inst/mmcm_adv_inst/CLKOUT0
                         net (fo=1, routed)           0.648    -0.024    vga0/clk_wiz_i/inst/clk_pixel_clk_wiz
    BUFGCTRL_X0Y0        BUFG (Prop_bufg_I_O)         0.026     0.002 r  vga0/clk_wiz_i/inst/clkout1_buf/O
                         net (fo=283, routed)         0.594     0.596    vga0/overlay_i/clk_pixel
    SLICE_X74Y100        FDCE                                         r  vga0/overlay_i/pixel_o_reg[pixel][red][1]/C
  -------------------------------------------------------------------    -------------------
    SLICE_X74Y100        FDCE (Prop_fdce_C_Q)         0.148     0.744 r  vga0/overlay_i/pixel_o_reg[pixel][red][1]/Q
                         net (fo=1, routed)           1.107     1.851    VGA_R_OBUF[1]
    B4                   OBUF (Prop_obuf_I_O)         1.302     3.153 r  VGA_R_OBUF[1]_inst/O
                         net (fo=0)                   0.000     3.153    VGA_R[1]
    B4                                                                r  VGA_R[1] (OUT)
  -------------------------------------------------------------------    -------------------

Slack:                    inf
  Source:                 vga0/overlay_i/pixel_o_reg[pixel][red][3]/C
                            (rising edge-triggered cell FDCE clocked by clk_pixel_clk_wiz  {rise@0.000ns fall@20.000ns period=40.000ns})
  Destination:            VGA_R[3]
                            (output port)
  Path Group:             (none)
  Path Type:              Min at Fast Process Corner
  Data Path Delay:        2.561ns  (logic 1.433ns (55.970%)  route 1.127ns (44.030%))
  Logic Levels:           1  (OBUF=1)
  Clock Uncertainty:      0.199ns  ((TSJ^2 + DJ^2)^1/2) / 2 + PE
    Total System Jitter     (TSJ):    0.050ns
    Discrete Jitter          (DJ):    0.182ns
    Phase Error              (PE):    0.104ns

    Location             Delay type                Incr(ns)  Path(ns)    Netlist Resource(s)
  -------------------------------------------------------------------    -------------------
                         (clock clk_pixel_clk_wiz rise edge)
                                                      0.000     0.000 r  
    BUFGCTRL_X0Y16       BUFG                         0.000     0.000 r  clk_IBUF_BUFG_inst/O
                         net (fo=1697, routed)        0.624     0.624    vga0/clk_wiz_i/inst/clk
    MMCME2_ADV_X0Y0      MMCME2_ADV (Prop_mmcme2_adv_CLKIN1_CLKOUT0)
                                                     -1.296    -0.672 r  vga0/clk_wiz_i/inst/mmcm_adv_inst/CLKOUT0
                         net (fo=1, routed)           0.648    -0.024    vga0/clk_wiz_i/inst/clk_pixel_clk_wiz
    BUFGCTRL_X0Y0        BUFG (Prop_bufg_I_O)         0.026     0.002 r  vga0/clk_wiz_i/inst/clkout1_buf/O
                         net (fo=283, routed)         0.594     0.596    vga0/overlay_i/clk_pixel
    SLICE_X73Y99         FDCE                                         r  vga0/overlay_i/pixel_o_reg[pixel][red][3]/C
  -------------------------------------------------------------------    -------------------
    SLICE_X73Y99         FDCE (Prop_fdce_C_Q)         0.128     0.724 r  vga0/overlay_i/pixel_o_reg[pixel][red][3]/Q
                         net (fo=1, routed)           1.127     1.851    VGA_R_OBUF[3]
    A4                   OBUF (Prop_obuf_I_O)         1.305     3.156 r  VGA_R_OBUF[3]_inst/O
                         net (fo=0)                   0.000     3.156    VGA_R[3]
    A4                                                                r  VGA_R[3] (OUT)
  -------------------------------------------------------------------    -------------------

Slack:                    inf
  Source:                 vga0/overlay_i/pixel_o_reg[pixel][blue][1]/C
                            (rising edge-triggered cell FDCE clocked by clk_pixel_clk_wiz  {rise@0.000ns fall@20.000ns period=40.000ns})
  Destination:            VGA_B[1]
                            (output port)
  Path Group:             (none)
  Path Type:              Min at Fast Process Corner
  Data Path Delay:        2.578ns  (logic 1.453ns (56.350%)  route 1.125ns (43.650%))
  Logic Levels:           1  (OBUF=1)
  Clock Uncertainty:      0.199ns  ((TSJ^2 + DJ^2)^1/2) / 2 + PE
    Total System Jitter     (TSJ):    0.050ns
    Discrete Jitter          (DJ):    0.182ns
    Phase Error              (PE):    0.104ns

    Location             Delay type                Incr(ns)  Path(ns)    Netlist Resource(s)
  -------------------------------------------------------------------    -------------------
                         (clock clk_pixel_clk_wiz rise edge)
                                                      0.000     0.000 r  
    BUFGCTRL_X0Y16       BUFG                         0.000     0.000 r  clk_IBUF_BUFG_inst/O
                         net (fo=1697, routed)        0.624     0.624    vga0/clk_wiz_i/inst/clk
    MMCME2_ADV_X0Y0      MMCME2_ADV (Prop_mmcme2_adv_CLKIN1_CLKOUT0)
                                                     -1.296    -0.672 r  vga0/clk_wiz_i/inst/mmcm_adv_inst/CLKOUT0
                         net (fo=1, routed)           0.648    -0.024    vga0/clk_wiz_i/inst/clk_pixel_clk_wiz
    BUFGCTRL_X0Y0        BUFG (Prop_bufg_I_O)         0.026     0.002 r  vga0/clk_wiz_i/inst/clkout1_buf/O
                         net (fo=283, routed)         0.594     0.596    vga0/overlay_i/clk_pixel
    SLICE_X74Y101        FDCE                                         r  vga0/overlay_i/pixel_o_reg[pixel][blue][1]/C
  -------------------------------------------------------------------    -------------------
    SLICE_X74Y101        FDCE (Prop_fdce_C_Q)         0.148     0.744 r  vga0/overlay_i/pixel_o_reg[pixel][blue][1]/Q
                         net (fo=1, routed)           1.125     1.869    VGA_B_OBUF[1]
    C7                   OBUF (Prop_obuf_I_O)         1.305     3.174 r  VGA_B_OBUF[1]_inst/O
                         net (fo=0)                   0.000     3.174    VGA_B[1]
    C7                                                                r  VGA_B[1] (OUT)
  -------------------------------------------------------------------    -------------------

Slack:                    inf
  Source:                 vga0/overlay_i/pixel_o_reg[pixel][green][0]/C
                            (rising edge-triggered cell FDCE clocked by clk_pixel_clk_wiz  {rise@0.000ns fall@20.000ns period=40.000ns})
  Destination:            VGA_G[0]
                            (output port)
  Path Group:             (none)
  Path Type:              Min at Fast Process Corner
  Data Path Delay:        2.596ns  (logic 1.380ns (53.169%)  route 1.216ns (46.831%))
  Logic Levels:           1  (OBUF=1)
  Clock Uncertainty:      0.199ns  ((TSJ^2 + DJ^2)^1/2) / 2 + PE
    Total System Jitter     (TSJ):    0.050ns
    Discrete Jitter          (DJ):    0.182ns
    Phase Error              (PE):    0.104ns

    Location             Delay type                Incr(ns)  Path(ns)    Netlist Resource(s)
  -------------------------------------------------------------------    -------------------
                         (clock clk_pixel_clk_wiz rise edge)
                                                      0.000     0.000 r  
    BUFGCTRL_X0Y16       BUFG                         0.000     0.000 r  clk_IBUF_BUFG_inst/O
                         net (fo=1697, routed)        0.624     0.624    vga0/clk_wiz_i/inst/clk
    MMCME2_ADV_X0Y0      MMCME2_ADV (Prop_mmcme2_adv_CLKIN1_CLKOUT0)
                                                     -1.296    -0.672 r  vga0/clk_wiz_i/inst/mmcm_adv_inst/CLKOUT0
                         net (fo=1, routed)           0.648    -0.024    vga0/clk_wiz_i/inst/clk_pixel_clk_wiz
    BUFGCTRL_X0Y0        BUFG (Prop_bufg_I_O)         0.026     0.002 r  vga0/clk_wiz_i/inst/clkout1_buf/O
                         net (fo=283, routed)         0.592     0.594    vga0/overlay_i/clk_pixel
    SLICE_X72Y102        FDCE                                         r  vga0/overlay_i/pixel_o_reg[pixel][green][0]/C
  -------------------------------------------------------------------    -------------------
    SLICE_X72Y102        FDCE (Prop_fdce_C_Q)         0.141     0.735 r  vga0/overlay_i/pixel_o_reg[pixel][green][0]/Q
                         net (fo=1, routed)           1.216     1.950    VGA_G_OBUF[0]
    C6                   OBUF (Prop_obuf_I_O)         1.239     3.189 r  VGA_G_OBUF[0]_inst/O
                         net (fo=0)                   0.000     3.189    VGA_G[0]
    C6                                                                r  VGA_G[0] (OUT)
  -------------------------------------------------------------------    -------------------

Slack:                    inf
  Source:                 vga0/overlay_i/pixel_o_reg[pixel][red][2]/C
                            (rising edge-triggered cell FDCE clocked by clk_pixel_clk_wiz  {rise@0.000ns fall@20.000ns period=40.000ns})
  Destination:            VGA_R[2]
                            (output port)
  Path Group:             (none)
  Path Type:              Min at Fast Process Corner
  Data Path Delay:        2.606ns  (logic 1.377ns (52.840%)  route 1.229ns (47.160%))
  Logic Levels:           1  (OBUF=1)
  Clock Uncertainty:      0.199ns  ((TSJ^2 + DJ^2)^1/2) / 2 + PE
    Total System Jitter     (TSJ):    0.050ns
    Discrete Jitter          (DJ):    0.182ns
    Phase Error              (PE):    0.104ns

    Location             Delay type                Incr(ns)  Path(ns)    Netlist Resource(s)
  -------------------------------------------------------------------    -------------------
                         (clock clk_pixel_clk_wiz rise edge)
                                                      0.000     0.000 r  
    BUFGCTRL_X0Y16       BUFG                         0.000     0.000 r  clk_IBUF_BUFG_inst/O
                         net (fo=1697, routed)        0.624     0.624    vga0/clk_wiz_i/inst/clk
    MMCME2_ADV_X0Y0      MMCME2_ADV (Prop_mmcme2_adv_CLKIN1_CLKOUT0)
                                                     -1.296    -0.672 r  vga0/clk_wiz_i/inst/mmcm_adv_inst/CLKOUT0
                         net (fo=1, routed)           0.648    -0.024    vga0/clk_wiz_i/inst/clk_pixel_clk_wiz
    BUFGCTRL_X0Y0        BUFG (Prop_bufg_I_O)         0.026     0.002 r  vga0/clk_wiz_i/inst/clkout1_buf/O
                         net (fo=283, routed)         0.594     0.596    vga0/overlay_i/clk_pixel
    SLICE_X73Y99         FDCE                                         r  vga0/overlay_i/pixel_o_reg[pixel][red][2]/C
  -------------------------------------------------------------------    -------------------
    SLICE_X73Y99         FDCE (Prop_fdce_C_Q)         0.141     0.737 r  vga0/overlay_i/pixel_o_reg[pixel][red][2]/Q
                         net (fo=1, routed)           1.229     1.966    VGA_R_OBUF[2]
    C5                   OBUF (Prop_obuf_I_O)         1.236     3.202 r  VGA_R_OBUF[2]_inst/O
                         net (fo=0)                   0.000     3.202    VGA_R[2]
    C5                                                                r  VGA_R[2] (OUT)
  -------------------------------------------------------------------    -------------------

Slack:                    inf
  Source:                 vga0/overlay_i/pixel_o_reg[pixel][green][3]/C
                            (rising edge-triggered cell FDCE clocked by clk_pixel_clk_wiz  {rise@0.000ns fall@20.000ns period=40.000ns})
  Destination:            VGA_G[3]
                            (output port)
  Path Group:             (none)
  Path Type:              Min at Fast Process Corner
  Data Path Delay:        2.626ns  (logic 1.428ns (54.389%)  route 1.198ns (45.611%))
  Logic Levels:           1  (OBUF=1)
  Clock Uncertainty:      0.199ns  ((TSJ^2 + DJ^2)^1/2) / 2 + PE
    Total System Jitter     (TSJ):    0.050ns
    Discrete Jitter          (DJ):    0.182ns
    Phase Error              (PE):    0.104ns

    Location             Delay type                Incr(ns)  Path(ns)    Netlist Resource(s)
  -------------------------------------------------------------------    -------------------
                         (clock clk_pixel_clk_wiz rise edge)
                                                      0.000     0.000 r  
    BUFGCTRL_X0Y16       BUFG                         0.000     0.000 r  clk_IBUF_BUFG_inst/O
                         net (fo=1697, routed)        0.624     0.624    vga0/clk_wiz_i/inst/clk
    MMCME2_ADV_X0Y0      MMCME2_ADV (Prop_mmcme2_adv_CLKIN1_CLKOUT0)
                                                     -1.296    -0.672 r  vga0/clk_wiz_i/inst/mmcm_adv_inst/CLKOUT0
                         net (fo=1, routed)           0.648    -0.024    vga0/clk_wiz_i/inst/clk_pixel_clk_wiz
    BUFGCTRL_X0Y0        BUFG (Prop_bufg_I_O)         0.026     0.002 r  vga0/clk_wiz_i/inst/clkout1_buf/O
                         net (fo=283, routed)         0.592     0.594    vga0/overlay_i/clk_pixel
    SLICE_X73Y102        FDCE                                         r  vga0/overlay_i/pixel_o_reg[pixel][green][3]/C
  -------------------------------------------------------------------    -------------------
    SLICE_X73Y102        FDCE (Prop_fdce_C_Q)         0.128     0.722 r  vga0/overlay_i/pixel_o_reg[pixel][green][3]/Q
                         net (fo=1, routed)           1.198     1.919    VGA_G_OBUF[3]
    A6                   OBUF (Prop_obuf_I_O)         1.300     3.220 r  VGA_G_OBUF[3]_inst/O
                         net (fo=0)                   0.000     3.220    VGA_G[3]
    A6                                                                r  VGA_G[3] (OUT)
  -------------------------------------------------------------------    -------------------

Slack:                    inf
  Source:                 vga0/overlay_i/pixel_o_reg[pixel][blue][3]/C
                            (rising edge-triggered cell FDCE clocked by clk_pixel_clk_wiz  {rise@0.000ns fall@20.000ns period=40.000ns})
  Destination:            VGA_B[3]
                            (output port)
  Path Group:             (none)
  Path Type:              Min at Fast Process Corner
  Data Path Delay:        2.626ns  (logic 1.434ns (54.623%)  route 1.191ns (45.377%))
  Logic Levels:           1  (OBUF=1)
  Clock Uncertainty:      0.199ns  ((TSJ^2 + DJ^2)^1/2) / 2 + PE
    Total System Jitter     (TSJ):    0.050ns
    Discrete Jitter          (DJ):    0.182ns
    Phase Error              (PE):    0.104ns

    Location             Delay type                Incr(ns)  Path(ns)    Netlist Resource(s)
  -------------------------------------------------------------------    -------------------
                         (clock clk_pixel_clk_wiz rise edge)
                                                      0.000     0.000 r  
    BUFGCTRL_X0Y16       BUFG                         0.000     0.000 r  clk_IBUF_BUFG_inst/O
                         net (fo=1697, routed)        0.624     0.624    vga0/clk_wiz_i/inst/clk
    MMCME2_ADV_X0Y0      MMCME2_ADV (Prop_mmcme2_adv_CLKIN1_CLKOUT0)
                                                     -1.296    -0.672 r  vga0/clk_wiz_i/inst/mmcm_adv_inst/CLKOUT0
                         net (fo=1, routed)           0.648    -0.024    vga0/clk_wiz_i/inst/clk_pixel_clk_wiz
    BUFGCTRL_X0Y0        BUFG (Prop_bufg_I_O)         0.026     0.002 r  vga0/clk_wiz_i/inst/clkout1_buf/O
                         net (fo=283, routed)         0.594     0.596    vga0/overlay_i/clk_pixel
    SLICE_X75Y101        FDCE                                         r  vga0/overlay_i/pixel_o_reg[pixel][blue][3]/C
  -------------------------------------------------------------------    -------------------
    SLICE_X75Y101        FDCE (Prop_fdce_C_Q)         0.128     0.724 r  vga0/overlay_i/pixel_o_reg[pixel][blue][3]/Q
                         net (fo=1, routed)           1.191     1.915    VGA_B_OBUF[3]
    D8                   OBUF (Prop_obuf_I_O)         1.306     3.221 r  VGA_B_OBUF[3]_inst/O
                         net (fo=0)                   0.000     3.221    VGA_B[3]
    D8                                                                r  VGA_B[3] (OUT)
  -------------------------------------------------------------------    -------------------





--------------------------------------------------------------------------------------
Path Group:  (none)
From Clock:  clkfbout_clk_wiz
  To Clock:  

Max Delay             1 Endpoint
Min Delay             1 Endpoint
--------------------------------------------------------------------------------------


Max Delay Paths
--------------------------------------------------------------------------------------
Slack:                    inf
  Source:                 vga0/clk_wiz_i/inst/mmcm_adv_inst/CLKFBOUT
                            (clock source 'clkfbout_clk_wiz'  {rise@0.000ns fall@5.000ns period=10.000ns})
  Destination:            vga0/clk_wiz_i/inst/mmcm_adv_inst/CLKFBIN
  Path Group:             (none)
  Path Type:              Max at Slow Process Corner
  Data Path Delay:        3.922ns  (logic 0.096ns (2.448%)  route 3.826ns (97.552%))
  Logic Levels:           1  (BUFG=1)
  Clock Uncertainty:      0.156ns  ((TSJ^2 + DJ^2)^1/2) / 2 + PE
    Total System Jitter     (TSJ):    0.050ns
    Discrete Jitter          (DJ):    0.090ns
    Phase Error              (PE):    0.104ns

    Location             Delay type                Incr(ns)  Path(ns)    Netlist Resource(s)
  -------------------------------------------------------------------    -------------------
                         (clock clkfbout_clk_wiz fall edge)
                                                      5.000     5.000 f  
    BUFGCTRL_X0Y16       BUFG                         0.000     5.000 f  clk_IBUF_BUFG_inst/O
                         net (fo=1697, routed)        1.809     6.809    vga0/clk_wiz_i/inst/clk
  -------------------------------------------------------------------    -------------------
    MMCME2_ADV_X0Y0      MMCME2_ADV (Prop_mmcme2_adv_CLKIN1_CLKFBOUT)
                                                     -3.922     2.888 f  vga0/clk_wiz_i/inst/mmcm_adv_inst/CLKFBOUT
                         net (fo=1, routed)           2.018     4.906    vga0/clk_wiz_i/inst/clkfbout_clk_wiz
    BUFGCTRL_X0Y3        BUFG (Prop_bufg_I_O)         0.096     5.002 f  vga0/clk_wiz_i/inst/clkf_buf/O
                         net (fo=1, routed)           1.807     6.809    vga0/clk_wiz_i/inst/clkfbout_buf_clk_wiz
    MMCME2_ADV_X0Y0      MMCME2_ADV                                   f  vga0/clk_wiz_i/inst/mmcm_adv_inst/CLKFBIN
  -------------------------------------------------------------------    -------------------





Min Delay Paths
--------------------------------------------------------------------------------------
Slack:                    inf
  Source:                 vga0/clk_wiz_i/inst/mmcm_adv_inst/CLKFBOUT
                            (clock source 'clkfbout_clk_wiz'  {rise@0.000ns fall@5.000ns period=10.000ns})
  Destination:            vga0/clk_wiz_i/inst/mmcm_adv_inst/CLKFBIN
  Path Group:             (none)
  Path Type:              Min at Fast Process Corner
  Data Path Delay:        1.296ns  (logic 0.026ns (2.006%)  route 1.270ns (97.994%))
  Logic Levels:           1  (BUFG=1)
  Clock Uncertainty:      0.156ns  ((TSJ^2 + DJ^2)^1/2) / 2 + PE
    Total System Jitter     (TSJ):    0.050ns
    Discrete Jitter          (DJ):    0.090ns
    Phase Error              (PE):    0.104ns

    Location             Delay type                Incr(ns)  Path(ns)    Netlist Resource(s)
  -------------------------------------------------------------------    -------------------
                         (clock clkfbout_clk_wiz rise edge)
                                                      0.000     0.000 r  
    BUFGCTRL_X0Y16       BUFG                         0.000     0.000 r  clk_IBUF_BUFG_inst/O
                         net (fo=1697, routed)        0.624     0.624    vga0/clk_wiz_i/inst/clk
  -------------------------------------------------------------------    -------------------
    MMCME2_ADV_X0Y0      MMCME2_ADV (Prop_mmcme2_adv_CLKIN1_CLKFBOUT)
                                                     -1.296    -0.672 r  vga0/clk_wiz_i/inst/mmcm_adv_inst/CLKFBOUT
                         net (fo=1, routed)           0.648    -0.024    vga0/clk_wiz_i/inst/clkfbout_clk_wiz
    BUFGCTRL_X0Y3        BUFG (Prop_bufg_I_O)         0.026     0.002 r  vga0/clk_wiz_i/inst/clkf_buf/O
                         net (fo=1, routed)           0.622     0.624    vga0/clk_wiz_i/inst/clkfbout_buf_clk_wiz
    MMCME2_ADV_X0Y0      MMCME2_ADV                                   r  vga0/clk_wiz_i/inst/mmcm_adv_inst/CLKFBIN
  -------------------------------------------------------------------    -------------------





--------------------------------------------------------------------------------------
Path Group:  (none)
From Clock:  clkfbout_clk_wiz_0
  To Clock:  

Max Delay             1 Endpoint
Min Delay             1 Endpoint
--------------------------------------------------------------------------------------


Max Delay Paths
--------------------------------------------------------------------------------------
Slack:                    inf
  Source:                 i2spcm0/inst/inst/mmcm_adv_inst/CLKFBOUT
                            (clock source 'clkfbout_clk_wiz_0'  {rise@0.000ns fall@25.000ns period=50.000ns})
  Destination:            i2spcm0/inst/inst/mmcm_adv_inst/CLKFBIN
  Path Group:             (none)
  Path Type:              Max at Slow Process Corner
  Data Path Delay:        3.441ns  (logic 0.096ns (2.790%)  route 3.345ns (97.210%))
  Logic Levels:           1  (BUFG=1)
  Clock Uncertainty:      0.406ns  ((TSJ^2 + DJ^2)^1/2) / 2 + PE
    Total System Jitter     (TSJ):    0.050ns
    Discrete Jitter          (DJ):    0.200ns
    Phase Error              (PE):    0.303ns

    Location             Delay type                Incr(ns)  Path(ns)    Netlist Resource(s)
  -------------------------------------------------------------------    -------------------
                         (clock clkfbout_clk_wiz_0 fall edge)
                                                     25.000    25.000 f  
    BUFGCTRL_X0Y16       BUFG                         0.000    25.000 f  clk_IBUF_BUFG_inst/O
                         net (fo=1697, routed)        1.636    26.636    i2spcm0/inst/inst/clk_in1
  -------------------------------------------------------------------    -------------------
    MMCME2_ADV_X0Y1      MMCME2_ADV (Prop_mmcme2_adv_CLKIN1_CLKFBOUT)
                                                     -3.441    23.196 f  i2spcm0/inst/inst/mmcm_adv_inst/CLKFBOUT
                         net (fo=1, routed)           1.710    24.906    i2spcm0/inst/inst/clkfbout_clk_wiz_0
    BUFGCTRL_X0Y2        BUFG (Prop_bufg_I_O)         0.096    25.002 f  i2spcm0/inst/inst/clkf_buf/O
                         net (fo=1, routed)           1.634    26.636    i2spcm0/inst/inst/clkfbout_buf_clk_wiz_0
    MMCME2_ADV_X0Y1      MMCME2_ADV                                   f  i2spcm0/inst/inst/mmcm_adv_inst/CLKFBIN
  -------------------------------------------------------------------    -------------------





Min Delay Paths
--------------------------------------------------------------------------------------
Slack:                    inf
  Source:                 i2spcm0/inst/inst/mmcm_adv_inst/CLKFBOUT
                            (clock source 'clkfbout_clk_wiz_0'  {rise@0.000ns fall@25.000ns period=50.000ns})
  Destination:            i2spcm0/inst/inst/mmcm_adv_inst/CLKFBIN
  Path Group:             (none)
  Path Type:              Min at Fast Process Corner
  Data Path Delay:        1.077ns  (logic 0.026ns (2.415%)  route 1.050ns (97.585%))
  Logic Levels:           1  (BUFG=1)
  Clock Uncertainty:      0.406ns  ((TSJ^2 + DJ^2)^1/2) / 2 + PE
    Total System Jitter     (TSJ):    0.050ns
    Discrete Jitter          (DJ):    0.200ns
    Phase Error              (PE):    0.303ns

    Location             Delay type                Incr(ns)  Path(ns)    Netlist Resource(s)
  -------------------------------------------------------------------    -------------------
                         (clock clkfbout_clk_wiz_0 rise edge)
                                                      0.000     0.000 r  
    BUFGCTRL_X0Y16       BUFG                         0.000     0.000 r  clk_IBUF_BUFG_inst/O
                         net (fo=1697, routed)        0.558     0.558    i2spcm0/inst/inst/clk_in1
  -------------------------------------------------------------------    -------------------
    MMCME2_ADV_X0Y1      MMCME2_ADV (Prop_mmcme2_adv_CLKIN1_CLKFBOUT)
                                                     -1.077    -0.519 r  i2spcm0/inst/inst/mmcm_adv_inst/CLKFBOUT
                         net (fo=1, routed)           0.495    -0.024    i2spcm0/inst/inst/clkfbout_clk_wiz_0
    BUFGCTRL_X0Y2        BUFG (Prop_bufg_I_O)         0.026     0.002 r  i2spcm0/inst/inst/clkf_buf/O
                         net (fo=1, routed)           0.556     0.558    i2spcm0/inst/inst/clkfbout_buf_clk_wiz_0
    MMCME2_ADV_X0Y1      MMCME2_ADV                                   r  i2spcm0/inst/inst/mmcm_adv_inst/CLKFBIN
  -------------------------------------------------------------------    -------------------





--------------------------------------------------------------------------------------
Path Group:  (none)
From Clock:  
  To Clock:  clk

Max Delay           283 Endpoints
Min Delay           283 Endpoints
--------------------------------------------------------------------------------------


Max Delay Paths
--------------------------------------------------------------------------------------
Slack:                    inf
  Source:                 arstn
                            (input port)
  Destination:            vga0/render_i/fft_widx_reg[5]/CLR
                            (recovery check against rising-edge clock clk  {rise@0.000ns fall@5.000ns period=10.000ns})
  Path Group:             (none)
  Path Type:              Recovery (Max at Slow Process Corner)
  Data Path Delay:        11.251ns  (logic 1.657ns (14.728%)  route 9.593ns (85.272%))
  Logic Levels:           2  (IBUF=1 LUT1=1)
  Clock Path Skew:        5.033ns (DCD - SCD + CPR)
    Destination Clock Delay (DCD):    5.033ns
    Source Clock Delay      (SCD):    0.000ns
    Clock Pessimism Removal (CPR):    0.000ns
  Clock Uncertainty:      0.025ns  ((TSJ^2 + TIJ^2)^1/2 + DJ) / 2 + PE
    Total System Jitter     (TSJ):    0.050ns
    Total Input Jitter      (TIJ):    0.000ns
    Discrete Jitter          (DJ):    0.000ns
    Phase Error              (PE):    0.000ns

    Location             Delay type                Incr(ns)  Path(ns)    Netlist Resource(s)
  -------------------------------------------------------------------    -------------------
    C12                                               0.000     0.000 r  arstn (IN)
                         net (fo=0)                   0.000     0.000    arstn
    C12                  IBUF (Prop_ibuf_I_O)         1.507     1.507 r  arstn_IBUF_inst/O
                         net (fo=18, routed)          4.308     5.815    i2spcm0/arstn_IBUF
    SLICE_X69Y99         LUT1 (Prop_lut1_I0_O)        0.150     5.965 f  i2spcm0/xpm_cdc_pulse_inst_i_1/O
                         net (fo=268, routed)         5.285    11.251    vga0/render_i/valid_o_reg
    SLICE_X82Y96         FDCE                                         f  vga0/render_i/fft_widx_reg[5]/CLR
  -------------------------------------------------------------------    -------------------

                         (clock clk rise edge)        0.000     0.000 r  
    E3                                                0.000     0.000 r  clk (IN)
                         net (fo=0)                   0.000     0.000    clk
    E3                   IBUF (Prop_ibuf_I_O)         1.411     1.411 r  clk_IBUF_inst/O
                         net (fo=2, routed)           1.920     3.331    clk_IBUF
    BUFGCTRL_X0Y16       BUFG (Prop_bufg_I_O)         0.091     3.422 r  clk_IBUF_BUFG_inst/O
                         net (fo=1697, routed)        1.610     5.033    vga0/render_i/clk
    SLICE_X82Y96         FDCE                                         r  vga0/render_i/fft_widx_reg[5]/C

Slack:                    inf
  Source:                 arstn
                            (input port)
  Destination:            vga0/render_i/fft_widx_reg[2]/CLR
                            (recovery check against rising-edge clock clk  {rise@0.000ns fall@5.000ns period=10.000ns})
  Path Group:             (none)
  Path Type:              Recovery (Max at Slow Process Corner)
  Data Path Delay:        11.116ns  (logic 1.657ns (14.906%)  route 9.459ns (85.094%))
  Logic Levels:           2  (IBUF=1 LUT1=1)
  Clock Path Skew:        5.033ns (DCD - SCD + CPR)
    Destination Clock Delay (DCD):    5.033ns
    Source Clock Delay      (SCD):    0.000ns
    Clock Pessimism Removal (CPR):    0.000ns
  Clock Uncertainty:      0.025ns  ((TSJ^2 + TIJ^2)^1/2 + DJ) / 2 + PE
    Total System Jitter     (TSJ):    0.050ns
    Total Input Jitter      (TIJ):    0.000ns
    Discrete Jitter          (DJ):    0.000ns
    Phase Error              (PE):    0.000ns

    Location             Delay type                Incr(ns)  Path(ns)    Netlist Resource(s)
  -------------------------------------------------------------------    -------------------
    C12                                               0.000     0.000 r  arstn (IN)
                         net (fo=0)                   0.000     0.000    arstn
    C12                  IBUF (Prop_ibuf_I_O)         1.507     1.507 r  arstn_IBUF_inst/O
                         net (fo=18, routed)          4.308     5.815    i2spcm0/arstn_IBUF
    SLICE_X69Y99         LUT1 (Prop_lut1_I0_O)        0.150     5.965 f  i2spcm0/xpm_cdc_pulse_inst_i_1/O
                         net (fo=268, routed)         5.151    11.116    vga0/render_i/valid_o_reg
    SLICE_X82Y95         FDCE                                         f  vga0/render_i/fft_widx_reg[2]/CLR
  -------------------------------------------------------------------    -------------------

                         (clock clk rise edge)        0.000     0.000 r  
    E3                                                0.000     0.000 r  clk (IN)
                         net (fo=0)                   0.000     0.000    clk
    E3                   IBUF (Prop_ibuf_I_O)         1.411     1.411 r  clk_IBUF_inst/O
                         net (fo=2, routed)           1.920     3.331    clk_IBUF
    BUFGCTRL_X0Y16       BUFG (Prop_bufg_I_O)         0.091     3.422 r  clk_IBUF_BUFG_inst/O
                         net (fo=1697, routed)        1.610     5.033    vga0/render_i/clk
    SLICE_X82Y95         FDCE                                         r  vga0/render_i/fft_widx_reg[2]/C

Slack:                    inf
  Source:                 arstn
                            (input port)
  Destination:            vga0/render_i/fft_widx_reg[3]/CLR
                            (recovery check against rising-edge clock clk  {rise@0.000ns fall@5.000ns period=10.000ns})
  Path Group:             (none)
  Path Type:              Recovery (Max at Slow Process Corner)
  Data Path Delay:        11.116ns  (logic 1.657ns (14.906%)  route 9.459ns (85.094%))
  Logic Levels:           2  (IBUF=1 LUT1=1)
  Clock Path Skew:        5.033ns (DCD - SCD + CPR)
    Destination Clock Delay (DCD):    5.033ns
    Source Clock Delay      (SCD):    0.000ns
    Clock Pessimism Removal (CPR):    0.000ns
  Clock Uncertainty:      0.025ns  ((TSJ^2 + TIJ^2)^1/2 + DJ) / 2 + PE
    Total System Jitter     (TSJ):    0.050ns
    Total Input Jitter      (TIJ):    0.000ns
    Discrete Jitter          (DJ):    0.000ns
    Phase Error              (PE):    0.000ns

    Location             Delay type                Incr(ns)  Path(ns)    Netlist Resource(s)
  -------------------------------------------------------------------    -------------------
    C12                                               0.000     0.000 r  arstn (IN)
                         net (fo=0)                   0.000     0.000    arstn
    C12                  IBUF (Prop_ibuf_I_O)         1.507     1.507 r  arstn_IBUF_inst/O
                         net (fo=18, routed)          4.308     5.815    i2spcm0/arstn_IBUF
    SLICE_X69Y99         LUT1 (Prop_lut1_I0_O)        0.150     5.965 f  i2spcm0/xpm_cdc_pulse_inst_i_1/O
                         net (fo=268, routed)         5.151    11.116    vga0/render_i/valid_o_reg
    SLICE_X82Y95         FDCE                                         f  vga0/render_i/fft_widx_reg[3]/CLR
  -------------------------------------------------------------------    -------------------

                         (clock clk rise edge)        0.000     0.000 r  
    E3                                                0.000     0.000 r  clk (IN)
                         net (fo=0)                   0.000     0.000    clk
    E3                   IBUF (Prop_ibuf_I_O)         1.411     1.411 r  clk_IBUF_inst/O
                         net (fo=2, routed)           1.920     3.331    clk_IBUF
    BUFGCTRL_X0Y16       BUFG (Prop_bufg_I_O)         0.091     3.422 r  clk_IBUF_BUFG_inst/O
                         net (fo=1697, routed)        1.610     5.033    vga0/render_i/clk
    SLICE_X82Y95         FDCE                                         r  vga0/render_i/fft_widx_reg[3]/C

Slack:                    inf
  Source:                 arstn
                            (input port)
  Destination:            vga0/render_i/fft_widx_reg[4]/CLR
                            (recovery check against rising-edge clock clk  {rise@0.000ns fall@5.000ns period=10.000ns})
  Path Group:             (none)
  Path Type:              Recovery (Max at Slow Process Corner)
  Data Path Delay:        11.116ns  (logic 1.657ns (14.906%)  route 9.459ns (85.094%))
  Logic Levels:           2  (IBUF=1 LUT1=1)
  Clock Path Skew:        5.033ns (DCD - SCD + CPR)
    Destination Clock Delay (DCD):    5.033ns
    Source Clock Delay      (SCD):    0.000ns
    Clock Pessimism Removal (CPR):    0.000ns
  Clock Uncertainty:      0.025ns  ((TSJ^2 + TIJ^2)^1/2 + DJ) / 2 + PE
    Total System Jitter     (TSJ):    0.050ns
    Total Input Jitter      (TIJ):    0.000ns
    Discrete Jitter          (DJ):    0.000ns
    Phase Error              (PE):    0.000ns

    Location             Delay type                Incr(ns)  Path(ns)    Netlist Resource(s)
  -------------------------------------------------------------------    -------------------
    C12                                               0.000     0.000 r  arstn (IN)
                         net (fo=0)                   0.000     0.000    arstn
    C12                  IBUF (Prop_ibuf_I_O)         1.507     1.507 r  arstn_IBUF_inst/O
                         net (fo=18, routed)          4.308     5.815    i2spcm0/arstn_IBUF
    SLICE_X69Y99         LUT1 (Prop_lut1_I0_O)        0.150     5.965 f  i2spcm0/xpm_cdc_pulse_inst_i_1/O
                         net (fo=268, routed)         5.151    11.116    vga0/render_i/valid_o_reg
    SLICE_X82Y95         FDCE                                         f  vga0/render_i/fft_widx_reg[4]/CLR
  -------------------------------------------------------------------    -------------------

                         (clock clk rise edge)        0.000     0.000 r  
    E3                                                0.000     0.000 r  clk (IN)
                         net (fo=0)                   0.000     0.000    clk
    E3                   IBUF (Prop_ibuf_I_O)         1.411     1.411 r  clk_IBUF_inst/O
                         net (fo=2, routed)           1.920     3.331    clk_IBUF
    BUFGCTRL_X0Y16       BUFG (Prop_bufg_I_O)         0.091     3.422 r  clk_IBUF_BUFG_inst/O
                         net (fo=1697, routed)        1.610     5.033    vga0/render_i/clk
    SLICE_X82Y95         FDCE                                         r  vga0/render_i/fft_widx_reg[4]/C

Slack:                    inf
  Source:                 arstn
                            (input port)
  Destination:            vga0/render_i/fft_buffer_reg_async_reset_b/CLR
                            (recovery check against rising-edge clock clk  {rise@0.000ns fall@5.000ns period=10.000ns})
  Path Group:             (none)
  Path Type:              Recovery (Max at Slow Process Corner)
  Data Path Delay:        11.112ns  (logic 1.657ns (14.912%)  route 9.455ns (85.088%))
  Logic Levels:           2  (IBUF=1 LUT1=1)
  Clock Path Skew:        5.033ns (DCD - SCD + CPR)
    Destination Clock Delay (DCD):    5.033ns
    Source Clock Delay      (SCD):    0.000ns
    Clock Pessimism Removal (CPR):    0.000ns
  Clock Uncertainty:      0.025ns  ((TSJ^2 + TIJ^2)^1/2 + DJ) / 2 + PE
    Total System Jitter     (TSJ):    0.050ns
    Total Input Jitter      (TIJ):    0.000ns
    Discrete Jitter          (DJ):    0.000ns
    Phase Error              (PE):    0.000ns

    Location             Delay type                Incr(ns)  Path(ns)    Netlist Resource(s)
  -------------------------------------------------------------------    -------------------
    C12                                               0.000     0.000 r  arstn (IN)
                         net (fo=0)                   0.000     0.000    arstn
    C12                  IBUF (Prop_ibuf_I_O)         1.507     1.507 r  arstn_IBUF_inst/O
                         net (fo=18, routed)          4.308     5.815    i2spcm0/arstn_IBUF
    SLICE_X69Y99         LUT1 (Prop_lut1_I0_O)        0.150     5.965 f  i2spcm0/xpm_cdc_pulse_inst_i_1/O
                         net (fo=268, routed)         5.146    11.112    vga0/render_i/valid_o_reg
    SLICE_X83Y95         FDCE                                         f  vga0/render_i/fft_buffer_reg_async_reset_b/CLR
  -------------------------------------------------------------------    -------------------

                         (clock clk rise edge)        0.000     0.000 r  
    E3                                                0.000     0.000 r  clk (IN)
                         net (fo=0)                   0.000     0.000    clk
    E3                   IBUF (Prop_ibuf_I_O)         1.411     1.411 r  clk_IBUF_inst/O
                         net (fo=2, routed)           1.920     3.331    clk_IBUF
    BUFGCTRL_X0Y16       BUFG (Prop_bufg_I_O)         0.091     3.422 r  clk_IBUF_BUFG_inst/O
                         net (fo=1697, routed)        1.610     5.033    vga0/render_i/clk
    SLICE_X83Y95         FDCE                                         r  vga0/render_i/fft_buffer_reg_async_reset_b/C

Slack:                    inf
  Source:                 arstn
                            (input port)
  Destination:            i2spcm0/tdata_prev_reg[2][16]/CLR
                            (recovery check against rising-edge clock clk  {rise@0.000ns fall@5.000ns period=10.000ns})
  Path Group:             (none)
  Path Type:              Recovery (Max at Slow Process Corner)
  Data Path Delay:        11.099ns  (logic 1.657ns (14.929%)  route 9.442ns (85.071%))
  Logic Levels:           2  (IBUF=1 LUT1=1)
  Clock Path Skew:        5.034ns (DCD - SCD + CPR)
    Destination Clock Delay (DCD):    5.034ns
    Source Clock Delay      (SCD):    0.000ns
    Clock Pessimism Removal (CPR):    0.000ns
  Clock Uncertainty:      0.025ns  ((TSJ^2 + TIJ^2)^1/2 + DJ) / 2 + PE
    Total System Jitter     (TSJ):    0.050ns
    Total Input Jitter      (TIJ):    0.000ns
    Discrete Jitter          (DJ):    0.000ns
    Phase Error              (PE):    0.000ns

    Location             Delay type                Incr(ns)  Path(ns)    Netlist Resource(s)
  -------------------------------------------------------------------    -------------------
    C12                                               0.000     0.000 r  arstn (IN)
                         net (fo=0)                   0.000     0.000    arstn
    C12                  IBUF (Prop_ibuf_I_O)         1.507     1.507 r  arstn_IBUF_inst/O
                         net (fo=18, routed)          4.308     5.815    i2spcm0/arstn_IBUF
    SLICE_X69Y99         LUT1 (Prop_lut1_I0_O)        0.150     5.965 f  i2spcm0/xpm_cdc_pulse_inst_i_1/O
                         net (fo=268, routed)         5.134    11.099    i2spcm0/arstn
    SLICE_X88Y91         FDCE                                         f  i2spcm0/tdata_prev_reg[2][16]/CLR
  -------------------------------------------------------------------    -------------------

                         (clock clk rise edge)        0.000     0.000 r  
    E3                                                0.000     0.000 r  clk (IN)
                         net (fo=0)                   0.000     0.000    clk
    E3                   IBUF (Prop_ibuf_I_O)         1.411     1.411 r  clk_IBUF_inst/O
                         net (fo=2, routed)           1.920     3.331    clk_IBUF
    BUFGCTRL_X0Y16       BUFG (Prop_bufg_I_O)         0.091     3.422 r  clk_IBUF_BUFG_inst/O
                         net (fo=1697, routed)        1.611     5.034    i2spcm0/clk
    SLICE_X88Y91         FDCE                                         r  i2spcm0/tdata_prev_reg[2][16]/C

Slack:                    inf
  Source:                 arstn
                            (input port)
  Destination:            i2spcm0/tdata_prev_reg[3][15]/CLR
                            (recovery check against rising-edge clock clk  {rise@0.000ns fall@5.000ns period=10.000ns})
  Path Group:             (none)
  Path Type:              Recovery (Max at Slow Process Corner)
  Data Path Delay:        10.961ns  (logic 1.657ns (15.118%)  route 9.304ns (84.882%))
  Logic Levels:           2  (IBUF=1 LUT1=1)
  Clock Path Skew:        5.033ns (DCD - SCD + CPR)
    Destination Clock Delay (DCD):    5.033ns
    Source Clock Delay      (SCD):    0.000ns
    Clock Pessimism Removal (CPR):    0.000ns
  Clock Uncertainty:      0.025ns  ((TSJ^2 + TIJ^2)^1/2 + DJ) / 2 + PE
    Total System Jitter     (TSJ):    0.050ns
    Total Input Jitter      (TIJ):    0.000ns
    Discrete Jitter          (DJ):    0.000ns
    Phase Error              (PE):    0.000ns

    Location             Delay type                Incr(ns)  Path(ns)    Netlist Resource(s)
  -------------------------------------------------------------------    -------------------
    C12                                               0.000     0.000 r  arstn (IN)
                         net (fo=0)                   0.000     0.000    arstn
    C12                  IBUF (Prop_ibuf_I_O)         1.507     1.507 r  arstn_IBUF_inst/O
                         net (fo=18, routed)          4.308     5.815    i2spcm0/arstn_IBUF
    SLICE_X69Y99         LUT1 (Prop_lut1_I0_O)        0.150     5.965 f  i2spcm0/xpm_cdc_pulse_inst_i_1/O
                         net (fo=268, routed)         4.995    10.961    i2spcm0/arstn
    SLICE_X88Y90         FDCE                                         f  i2spcm0/tdata_prev_reg[3][15]/CLR
  -------------------------------------------------------------------    -------------------

                         (clock clk rise edge)        0.000     0.000 r  
    E3                                                0.000     0.000 r  clk (IN)
                         net (fo=0)                   0.000     0.000    clk
    E3                   IBUF (Prop_ibuf_I_O)         1.411     1.411 r  clk_IBUF_inst/O
                         net (fo=2, routed)           1.920     3.331    clk_IBUF
    BUFGCTRL_X0Y16       BUFG (Prop_bufg_I_O)         0.091     3.422 r  clk_IBUF_BUFG_inst/O
                         net (fo=1697, routed)        1.610     5.033    i2spcm0/clk
    SLICE_X88Y90         FDCE                                         r  i2spcm0/tdata_prev_reg[3][15]/C

Slack:                    inf
  Source:                 arstn
                            (input port)
  Destination:            i2spcm0/tdata_prev_reg[3][16]/CLR
                            (recovery check against rising-edge clock clk  {rise@0.000ns fall@5.000ns period=10.000ns})
  Path Group:             (none)
  Path Type:              Recovery (Max at Slow Process Corner)
  Data Path Delay:        10.961ns  (logic 1.657ns (15.118%)  route 9.304ns (84.882%))
  Logic Levels:           2  (IBUF=1 LUT1=1)
  Clock Path Skew:        5.033ns (DCD - SCD + CPR)
    Destination Clock Delay (DCD):    5.033ns
    Source Clock Delay      (SCD):    0.000ns
    Clock Pessimism Removal (CPR):    0.000ns
  Clock Uncertainty:      0.025ns  ((TSJ^2 + TIJ^2)^1/2 + DJ) / 2 + PE
    Total System Jitter     (TSJ):    0.050ns
    Total Input Jitter      (TIJ):    0.000ns
    Discrete Jitter          (DJ):    0.000ns
    Phase Error              (PE):    0.000ns

    Location             Delay type                Incr(ns)  Path(ns)    Netlist Resource(s)
  -------------------------------------------------------------------    -------------------
    C12                                               0.000     0.000 r  arstn (IN)
                         net (fo=0)                   0.000     0.000    arstn
    C12                  IBUF (Prop_ibuf_I_O)         1.507     1.507 r  arstn_IBUF_inst/O
                         net (fo=18, routed)          4.308     5.815    i2spcm0/arstn_IBUF
    SLICE_X69Y99         LUT1 (Prop_lut1_I0_O)        0.150     5.965 f  i2spcm0/xpm_cdc_pulse_inst_i_1/O
                         net (fo=268, routed)         4.995    10.961    i2spcm0/arstn
    SLICE_X88Y90         FDCE                                         f  i2spcm0/tdata_prev_reg[3][16]/CLR
  -------------------------------------------------------------------    -------------------

                         (clock clk rise edge)        0.000     0.000 r  
    E3                                                0.000     0.000 r  clk (IN)
                         net (fo=0)                   0.000     0.000    clk
    E3                   IBUF (Prop_ibuf_I_O)         1.411     1.411 r  clk_IBUF_inst/O
                         net (fo=2, routed)           1.920     3.331    clk_IBUF
    BUFGCTRL_X0Y16       BUFG (Prop_bufg_I_O)         0.091     3.422 r  clk_IBUF_BUFG_inst/O
                         net (fo=1697, routed)        1.610     5.033    i2spcm0/clk
    SLICE_X88Y90         FDCE                                         r  i2spcm0/tdata_prev_reg[3][16]/C

Slack:                    inf
  Source:                 arstn
                            (input port)
  Destination:            i2spcm0/tdata_prev_reg[3][9]/CLR
                            (recovery check against rising-edge clock clk  {rise@0.000ns fall@5.000ns period=10.000ns})
  Path Group:             (none)
  Path Type:              Recovery (Max at Slow Process Corner)
  Data Path Delay:        10.961ns  (logic 1.657ns (15.118%)  route 9.304ns (84.882%))
  Logic Levels:           2  (IBUF=1 LUT1=1)
  Clock Path Skew:        5.033ns (DCD - SCD + CPR)
    Destination Clock Delay (DCD):    5.033ns
    Source Clock Delay      (SCD):    0.000ns
    Clock Pessimism Removal (CPR):    0.000ns
  Clock Uncertainty:      0.025ns  ((TSJ^2 + TIJ^2)^1/2 + DJ) / 2 + PE
    Total System Jitter     (TSJ):    0.050ns
    Total Input Jitter      (TIJ):    0.000ns
    Discrete Jitter          (DJ):    0.000ns
    Phase Error              (PE):    0.000ns

    Location             Delay type                Incr(ns)  Path(ns)    Netlist Resource(s)
  -------------------------------------------------------------------    -------------------
    C12                                               0.000     0.000 r  arstn (IN)
                         net (fo=0)                   0.000     0.000    arstn
    C12                  IBUF (Prop_ibuf_I_O)         1.507     1.507 r  arstn_IBUF_inst/O
                         net (fo=18, routed)          4.308     5.815    i2spcm0/arstn_IBUF
    SLICE_X69Y99         LUT1 (Prop_lut1_I0_O)        0.150     5.965 f  i2spcm0/xpm_cdc_pulse_inst_i_1/O
                         net (fo=268, routed)         4.995    10.961    i2spcm0/arstn
    SLICE_X88Y90         FDCE                                         f  i2spcm0/tdata_prev_reg[3][9]/CLR
  -------------------------------------------------------------------    -------------------

                         (clock clk rise edge)        0.000     0.000 r  
    E3                                                0.000     0.000 r  clk (IN)
                         net (fo=0)                   0.000     0.000    clk
    E3                   IBUF (Prop_ibuf_I_O)         1.411     1.411 r  clk_IBUF_inst/O
                         net (fo=2, routed)           1.920     3.331    clk_IBUF
    BUFGCTRL_X0Y16       BUFG (Prop_bufg_I_O)         0.091     3.422 r  clk_IBUF_BUFG_inst/O
                         net (fo=1697, routed)        1.610     5.033    i2spcm0/clk
    SLICE_X88Y90         FDCE                                         r  i2spcm0/tdata_prev_reg[3][9]/C

Slack:                    inf
  Source:                 arstn
                            (input port)
  Destination:            vga0/render_i/fft_widx_reg[0]/CLR
                            (recovery check against rising-edge clock clk  {rise@0.000ns fall@5.000ns period=10.000ns})
  Path Group:             (none)
  Path Type:              Recovery (Max at Slow Process Corner)
  Data Path Delay:        10.957ns  (logic 1.657ns (15.123%)  route 9.300ns (84.877%))
  Logic Levels:           2  (IBUF=1 LUT1=1)
  Clock Path Skew:        5.033ns (DCD - SCD + CPR)
    Destination Clock Delay (DCD):    5.033ns
    Source Clock Delay      (SCD):    0.000ns
    Clock Pessimism Removal (CPR):    0.000ns
  Clock Uncertainty:      0.025ns  ((TSJ^2 + TIJ^2)^1/2 + DJ) / 2 + PE
    Total System Jitter     (TSJ):    0.050ns
    Total Input Jitter      (TIJ):    0.000ns
    Discrete Jitter          (DJ):    0.000ns
    Phase Error              (PE):    0.000ns

    Location             Delay type                Incr(ns)  Path(ns)    Netlist Resource(s)
  -------------------------------------------------------------------    -------------------
    C12                                               0.000     0.000 r  arstn (IN)
                         net (fo=0)                   0.000     0.000    arstn
    C12                  IBUF (Prop_ibuf_I_O)         1.507     1.507 r  arstn_IBUF_inst/O
                         net (fo=18, routed)          4.308     5.815    i2spcm0/arstn_IBUF
    SLICE_X69Y99         LUT1 (Prop_lut1_I0_O)        0.150     5.965 f  i2spcm0/xpm_cdc_pulse_inst_i_1/O
                         net (fo=268, routed)         4.991    10.957    vga0/render_i/valid_o_reg
    SLICE_X82Y94         FDCE                                         f  vga0/render_i/fft_widx_reg[0]/CLR
  -------------------------------------------------------------------    -------------------

                         (clock clk rise edge)        0.000     0.000 r  
    E3                                                0.000     0.000 r  clk (IN)
                         net (fo=0)                   0.000     0.000    clk
    E3                   IBUF (Prop_ibuf_I_O)         1.411     1.411 r  clk_IBUF_inst/O
                         net (fo=2, routed)           1.920     3.331    clk_IBUF
    BUFGCTRL_X0Y16       BUFG (Prop_bufg_I_O)         0.091     3.422 r  clk_IBUF_BUFG_inst/O
                         net (fo=1697, routed)        1.610     5.033    vga0/render_i/clk
    SLICE_X82Y94         FDCE                                         r  vga0/render_i/fft_widx_reg[0]/C





Min Delay Paths
--------------------------------------------------------------------------------------
Slack:                    inf
  Source:                 trigger
                            (input port)
  Destination:            fft0/u_serial_fft/trigger_q_reg/D
                            (rising edge-triggered cell FDPE clocked by clk  {rise@0.000ns fall@5.000ns period=10.000ns})
  Path Group:             (none)
  Path Type:              Hold (Min at Fast Process Corner)
  Data Path Delay:        1.979ns  (logic 0.244ns (12.356%)  route 1.734ns (87.644%))
  Logic Levels:           1  (IBUF=1)
  Clock Path Skew:        2.036ns (DCD - SCD - CPR)
    Destination Clock Delay (DCD):    2.036ns
    Source Clock Delay      (SCD):    0.000ns
    Clock Pessimism Removal (CPR):    -0.000ns

    Location             Delay type                Incr(ns)  Path(ns)    Netlist Resource(s)
  -------------------------------------------------------------------    -------------------
    N17                                               0.000     0.000 r  trigger (IN)
                         net (fo=0)                   0.000     0.000    trigger
    N17                  IBUF (Prop_ibuf_I_O)         0.244     0.244 r  trigger_IBUF_inst/O
                         net (fo=2, routed)           1.734     1.979    fft0/u_serial_fft/trigger_IBUF
    SLICE_X83Y83         FDPE                                         r  fft0/u_serial_fft/trigger_q_reg/D
  -------------------------------------------------------------------    -------------------

                         (clock clk rise edge)        0.000     0.000 r  
    E3                                                0.000     0.000 r  clk (IN)
                         net (fo=0)                   0.000     0.000    clk
    E3                   IBUF (Prop_ibuf_I_O)         0.438     0.438 r  clk_IBUF_inst/O
                         net (fo=2, routed)           0.699     1.136    fft0/u_serial_fft/lopt
    BUFGCTRL_X0Y17       BUFGCTRL (Prop_bufgctrl_I0_O)
                                                      0.029     1.165 r  fft0/u_serial_fft/clk_gate/O
                         net (fo=89, routed)          0.871     2.036    fft0/u_serial_fft/clk_0
    SLICE_X83Y83         FDPE                                         r  fft0/u_serial_fft/trigger_q_reg/C

Slack:                    inf
  Source:                 arstn
                            (input port)
  Destination:            mfcc/inst/regslice_both_out_stream_V_data_V_U/B_V_data_1_state_reg[0]/D
                            (rising edge-triggered cell FDRE clocked by clk  {rise@0.000ns fall@5.000ns period=10.000ns})
  Path Group:             (none)
  Path Type:              Hold (Min at Fast Process Corner)
  Data Path Delay:        1.988ns  (logic 0.320ns (16.079%)  route 1.668ns (83.921%))
  Logic Levels:           2  (IBUF=1 LUT6=1)
  Clock Path Skew:        2.006ns (DCD - SCD - CPR)
    Destination Clock Delay (DCD):    2.006ns
    Source Clock Delay      (SCD):    0.000ns
    Clock Pessimism Removal (CPR):    -0.000ns

    Location             Delay type                Incr(ns)  Path(ns)    Netlist Resource(s)
  -------------------------------------------------------------------    -------------------
    C12                                               0.000     0.000 r  arstn (IN)
                         net (fo=0)                   0.000     0.000    arstn
    C12                  IBUF (Prop_ibuf_I_O)         0.275     0.275 r  arstn_IBUF_inst/O
                         net (fo=18, routed)          1.668     1.943    mfcc/inst/regslice_both_out_stream_V_data_V_U/ap_rst_n
    SLICE_X66Y99         LUT6 (Prop_lut6_I0_O)        0.045     1.988 r  mfcc/inst/regslice_both_out_stream_V_data_V_U/B_V_data_1_state[0]_i_1__0/O
                         net (fo=1, routed)           0.000     1.988    mfcc/inst/regslice_both_out_stream_V_data_V_U/B_V_data_1_state[0]_i_1__0_n_3
    SLICE_X66Y99         FDRE                                         r  mfcc/inst/regslice_both_out_stream_V_data_V_U/B_V_data_1_state_reg[0]/D
  -------------------------------------------------------------------    -------------------

                         (clock clk rise edge)        0.000     0.000 r  
    E3                                                0.000     0.000 r  clk (IN)
                         net (fo=0)                   0.000     0.000    clk
    E3                   IBUF (Prop_ibuf_I_O)         0.438     0.438 r  clk_IBUF_inst/O
                         net (fo=2, routed)           0.699     1.136    clk_IBUF
    BUFGCTRL_X0Y16       BUFG (Prop_bufg_I_O)         0.029     1.165 r  clk_IBUF_BUFG_inst/O
                         net (fo=1697, routed)        0.841     2.006    mfcc/inst/regslice_both_out_stream_V_data_V_U/ap_clk
    SLICE_X66Y99         FDRE                                         r  mfcc/inst/regslice_both_out_stream_V_data_V_U/B_V_data_1_state_reg[0]/C

Slack:                    inf
  Source:                 trigger
                            (input port)
  Destination:            fft0/u_serial_fft/FSM_sequential_state_reg/D
                            (rising edge-triggered cell FDCE clocked by clk  {rise@0.000ns fall@5.000ns period=10.000ns})
  Path Group:             (none)
  Path Type:              Hold (Min at Fast Process Corner)
  Data Path Delay:        2.078ns  (logic 0.289ns (13.931%)  route 1.788ns (86.069%))
  Logic Levels:           2  (IBUF=1 LUT5=1)
  Clock Path Skew:        2.036ns (DCD - SCD - CPR)
    Destination Clock Delay (DCD):    2.036ns
    Source Clock Delay      (SCD):    0.000ns
    Clock Pessimism Removal (CPR):    -0.000ns

    Location             Delay type                Incr(ns)  Path(ns)    Netlist Resource(s)
  -------------------------------------------------------------------    -------------------
    N17                                               0.000     0.000 f  trigger (IN)
                         net (fo=0)                   0.000     0.000    trigger
    N17                  IBUF (Prop_ibuf_I_O)         0.244     0.244 f  trigger_IBUF_inst/O
                         net (fo=2, routed)           1.788     2.033    fft0/u_serial_fft/trigger_IBUF
    SLICE_X83Y83         LUT5 (Prop_lut5_I1_O)        0.045     2.078 r  fft0/u_serial_fft/FSM_sequential_state_i_1/O
                         net (fo=1, routed)           0.000     2.078    fft0/u_serial_fft/FSM_sequential_state_i_1_n_0
    SLICE_X83Y83         FDCE                                         r  fft0/u_serial_fft/FSM_sequential_state_reg/D
  -------------------------------------------------------------------    -------------------

                         (clock clk rise edge)        0.000     0.000 r  
    E3                                                0.000     0.000 r  clk (IN)
                         net (fo=0)                   0.000     0.000    clk
    E3                   IBUF (Prop_ibuf_I_O)         0.438     0.438 r  clk_IBUF_inst/O
                         net (fo=2, routed)           0.699     1.136    fft0/u_serial_fft/lopt
    BUFGCTRL_X0Y17       BUFGCTRL (Prop_bufgctrl_I0_O)
                                                      0.029     1.165 r  fft0/u_serial_fft/clk_gate/O
                         net (fo=89, routed)          0.871     2.036    fft0/u_serial_fft/clk_0
    SLICE_X83Y83         FDCE                                         r  fft0/u_serial_fft/FSM_sequential_state_reg/C

Slack:                    inf
  Source:                 arstn
                            (input port)
  Destination:            mfcc/inst/regslice_both_in_stream_V_data_V_U/B_V_data_1_state_reg[0]/D
                            (rising edge-triggered cell FDRE clocked by clk  {rise@0.000ns fall@5.000ns period=10.000ns})
  Path Group:             (none)
  Path Type:              Hold (Min at Fast Process Corner)
  Data Path Delay:        2.132ns  (logic 0.320ns (14.986%)  route 1.813ns (85.014%))
  Logic Levels:           2  (IBUF=1 LUT5=1)
  Clock Path Skew:        2.006ns (DCD - SCD - CPR)
    Destination Clock Delay (DCD):    2.006ns
    Source Clock Delay      (SCD):    0.000ns
    Clock Pessimism Removal (CPR):    -0.000ns

    Location             Delay type                Incr(ns)  Path(ns)    Netlist Resource(s)
  -------------------------------------------------------------------    -------------------
    C12                                               0.000     0.000 r  arstn (IN)
                         net (fo=0)                   0.000     0.000    arstn
    C12                  IBUF (Prop_ibuf_I_O)         0.275     0.275 r  arstn_IBUF_inst/O
                         net (fo=18, routed)          1.813     2.087    mfcc/inst/regslice_both_in_stream_V_data_V_U/ap_rst_n
    SLICE_X71Y99         LUT5 (Prop_lut5_I0_O)        0.045     2.132 r  mfcc/inst/regslice_both_in_stream_V_data_V_U/B_V_data_1_state[0]_i_1/O
                         net (fo=1, routed)           0.000     2.132    mfcc/inst/regslice_both_in_stream_V_data_V_U/B_V_data_1_state[0]_i_1_n_3
    SLICE_X71Y99         FDRE                                         r  mfcc/inst/regslice_both_in_stream_V_data_V_U/B_V_data_1_state_reg[0]/D
  -------------------------------------------------------------------    -------------------

                         (clock clk rise edge)        0.000     0.000 r  
    E3                                                0.000     0.000 r  clk (IN)
                         net (fo=0)                   0.000     0.000    clk
    E3                   IBUF (Prop_ibuf_I_O)         0.438     0.438 r  clk_IBUF_inst/O
                         net (fo=2, routed)           0.699     1.136    clk_IBUF
    BUFGCTRL_X0Y16       BUFG (Prop_bufg_I_O)         0.029     1.165 r  clk_IBUF_BUFG_inst/O
                         net (fo=1697, routed)        0.841     2.006    mfcc/inst/regslice_both_in_stream_V_data_V_U/ap_clk
    SLICE_X71Y99         FDRE                                         r  mfcc/inst/regslice_both_in_stream_V_data_V_U/B_V_data_1_state_reg[0]/C

Slack:                    inf
  Source:                 arstn
                            (input port)
  Destination:            mfcc/inst/grp_mfcc_Pipeline_task_2_fu_52/flow_control_loop_pipe_sequential_init_U/ap_loop_init_int_reg/D
                            (rising edge-triggered cell FDRE clocked by clk  {rise@0.000ns fall@5.000ns period=10.000ns})
  Path Group:             (none)
  Path Type:              Hold (Min at Fast Process Corner)
  Data Path Delay:        2.201ns  (logic 0.320ns (14.518%)  route 1.882ns (85.482%))
  Logic Levels:           2  (IBUF=1 LUT5=1)
  Clock Path Skew:        2.000ns (DCD - SCD - CPR)
    Destination Clock Delay (DCD):    2.000ns
    Source Clock Delay      (SCD):    0.000ns
    Clock Pessimism Removal (CPR):    -0.000ns

    Location             Delay type                Incr(ns)  Path(ns)    Netlist Resource(s)
  -------------------------------------------------------------------    -------------------
    C12                                               0.000     0.000 f  arstn (IN)
                         net (fo=0)                   0.000     0.000    arstn
    C12                  IBUF (Prop_ibuf_I_O)         0.275     0.275 f  arstn_IBUF_inst/O
                         net (fo=18, routed)          1.882     2.156    mfcc/inst/grp_mfcc_Pipeline_task_2_fu_52/flow_control_loop_pipe_sequential_init_U/ap_rst_n
    SLICE_X70Y102        LUT5 (Prop_lut5_I0_O)        0.045     2.201 r  mfcc/inst/grp_mfcc_Pipeline_task_2_fu_52/flow_control_loop_pipe_sequential_init_U/ap_loop_init_int_i_1/O
                         net (fo=1, routed)           0.000     2.201    mfcc/inst/grp_mfcc_Pipeline_task_2_fu_52/flow_control_loop_pipe_sequential_init_U/ap_loop_init_int_i_1_n_3
    SLICE_X70Y102        FDRE                                         r  mfcc/inst/grp_mfcc_Pipeline_task_2_fu_52/flow_control_loop_pipe_sequential_init_U/ap_loop_init_int_reg/D
  -------------------------------------------------------------------    -------------------

                         (clock clk rise edge)        0.000     0.000 r  
    E3                                                0.000     0.000 r  clk (IN)
                         net (fo=0)                   0.000     0.000    clk
    E3                   IBUF (Prop_ibuf_I_O)         0.438     0.438 r  clk_IBUF_inst/O
                         net (fo=2, routed)           0.699     1.136    clk_IBUF
    BUFGCTRL_X0Y16       BUFG (Prop_bufg_I_O)         0.029     1.165 r  clk_IBUF_BUFG_inst/O
                         net (fo=1697, routed)        0.835     2.000    mfcc/inst/grp_mfcc_Pipeline_task_2_fu_52/flow_control_loop_pipe_sequential_init_U/ap_clk
    SLICE_X70Y102        FDRE                                         r  mfcc/inst/grp_mfcc_Pipeline_task_2_fu_52/flow_control_loop_pipe_sequential_init_U/ap_loop_init_int_reg/C

Slack:                    inf
  Source:                 arstn
                            (input port)
  Destination:            mfcc/inst/grp_mfcc_Pipeline_task_6_fu_64/ap_enable_reg_pp0_iter1_reg/D
                            (rising edge-triggered cell FDRE clocked by clk  {rise@0.000ns fall@5.000ns period=10.000ns})
  Path Group:             (none)
  Path Type:              Hold (Min at Fast Process Corner)
  Data Path Delay:        2.203ns  (logic 0.320ns (14.505%)  route 1.884ns (85.495%))
  Logic Levels:           2  (IBUF=1 LUT6=1)
  Clock Path Skew:        2.006ns (DCD - SCD - CPR)
    Destination Clock Delay (DCD):    2.006ns
    Source Clock Delay      (SCD):    0.000ns
    Clock Pessimism Removal (CPR):    -0.000ns

    Location             Delay type                Incr(ns)  Path(ns)    Netlist Resource(s)
  -------------------------------------------------------------------    -------------------
    C12                                               0.000     0.000 r  arstn (IN)
                         net (fo=0)                   0.000     0.000    arstn
    C12                  IBUF (Prop_ibuf_I_O)         0.275     0.275 r  arstn_IBUF_inst/O
                         net (fo=18, routed)          1.884     2.158    mfcc/inst/grp_mfcc_Pipeline_task_6_fu_64/flow_control_loop_pipe_sequential_init_U/ap_rst_n
    SLICE_X71Y99         LUT6 (Prop_lut6_I0_O)        0.045     2.203 r  mfcc/inst/grp_mfcc_Pipeline_task_6_fu_64/flow_control_loop_pipe_sequential_init_U/ap_enable_reg_pp0_iter1_i_1/O
                         net (fo=1, routed)           0.000     2.203    mfcc/inst/grp_mfcc_Pipeline_task_6_fu_64/flow_control_loop_pipe_sequential_init_U_n_3
    SLICE_X71Y99         FDRE                                         r  mfcc/inst/grp_mfcc_Pipeline_task_6_fu_64/ap_enable_reg_pp0_iter1_reg/D
  -------------------------------------------------------------------    -------------------

                         (clock clk rise edge)        0.000     0.000 r  
    E3                                                0.000     0.000 r  clk (IN)
                         net (fo=0)                   0.000     0.000    clk
    E3                   IBUF (Prop_ibuf_I_O)         0.438     0.438 r  clk_IBUF_inst/O
                         net (fo=2, routed)           0.699     1.136    clk_IBUF
    BUFGCTRL_X0Y16       BUFG (Prop_bufg_I_O)         0.029     1.165 r  clk_IBUF_BUFG_inst/O
                         net (fo=1697, routed)        0.841     2.006    mfcc/inst/grp_mfcc_Pipeline_task_6_fu_64/ap_clk
    SLICE_X71Y99         FDRE                                         r  mfcc/inst/grp_mfcc_Pipeline_task_6_fu_64/ap_enable_reg_pp0_iter1_reg/C

Slack:                    inf
  Source:                 arstn
                            (input port)
  Destination:            mfcc/inst/ap_CS_fsm_reg[5]/R
                            (rising edge-triggered cell FDRE clocked by clk  {rise@0.000ns fall@5.000ns period=10.000ns})
  Path Group:             (none)
  Path Type:              Hold (Min at Fast Process Corner)
  Data Path Delay:        2.340ns  (logic 0.320ns (13.660%)  route 2.020ns (86.340%))
  Logic Levels:           2  (IBUF=1 LUT1=1)
  Clock Path Skew:        2.006ns (DCD - SCD - CPR)
    Destination Clock Delay (DCD):    2.006ns
    Source Clock Delay      (SCD):    0.000ns
    Clock Pessimism Removal (CPR):    -0.000ns

    Location             Delay type                Incr(ns)  Path(ns)    Netlist Resource(s)
  -------------------------------------------------------------------    -------------------
    C12                                               0.000     0.000 f  arstn (IN)
                         net (fo=0)                   0.000     0.000    arstn
    C12                  IBUF (Prop_ibuf_I_O)         0.275     0.275 f  arstn_IBUF_inst/O
                         net (fo=18, routed)          1.879     2.154    mfcc/inst/regslice_both_out_stream_V_last_V_U/ap_rst_n
    SLICE_X69Y99         LUT1 (Prop_lut1_I0_O)        0.045     2.199 r  mfcc/inst/regslice_both_out_stream_V_last_V_U/B_V_data_1_state[1]_i_1/O
                         net (fo=12, routed)          0.141     2.340    mfcc/inst/ap_rst_n_inv
    SLICE_X69Y99         FDRE                                         r  mfcc/inst/ap_CS_fsm_reg[5]/R
  -------------------------------------------------------------------    -------------------

                         (clock clk rise edge)        0.000     0.000 r  
    E3                                                0.000     0.000 r  clk (IN)
                         net (fo=0)                   0.000     0.000    clk
    E3                   IBUF (Prop_ibuf_I_O)         0.438     0.438 r  clk_IBUF_inst/O
                         net (fo=2, routed)           0.699     1.136    clk_IBUF
    BUFGCTRL_X0Y16       BUFG (Prop_bufg_I_O)         0.029     1.165 r  clk_IBUF_BUFG_inst/O
                         net (fo=1697, routed)        0.841     2.006    mfcc/inst/ap_clk
    SLICE_X69Y99         FDRE                                         r  mfcc/inst/ap_CS_fsm_reg[5]/C

Slack:                    inf
  Source:                 arstn
                            (input port)
  Destination:            mfcc/inst/grp_mfcc_Pipeline_task_6_fu_64/flow_control_loop_pipe_sequential_init_U/ap_done_cache_reg/R
                            (rising edge-triggered cell FDRE clocked by clk  {rise@0.000ns fall@5.000ns period=10.000ns})
  Path Group:             (none)
  Path Type:              Hold (Min at Fast Process Corner)
  Data Path Delay:        2.340ns  (logic 0.320ns (13.660%)  route 2.020ns (86.340%))
  Logic Levels:           2  (IBUF=1 LUT1=1)
  Clock Path Skew:        2.006ns (DCD - SCD - CPR)
    Destination Clock Delay (DCD):    2.006ns
    Source Clock Delay      (SCD):    0.000ns
    Clock Pessimism Removal (CPR):    -0.000ns

    Location             Delay type                Incr(ns)  Path(ns)    Netlist Resource(s)
  -------------------------------------------------------------------    -------------------
    C12                                               0.000     0.000 f  arstn (IN)
                         net (fo=0)                   0.000     0.000    arstn
    C12                  IBUF (Prop_ibuf_I_O)         0.275     0.275 f  arstn_IBUF_inst/O
                         net (fo=18, routed)          1.879     2.154    mfcc/inst/regslice_both_out_stream_V_last_V_U/ap_rst_n
    SLICE_X69Y99         LUT1 (Prop_lut1_I0_O)        0.045     2.199 r  mfcc/inst/regslice_both_out_stream_V_last_V_U/B_V_data_1_state[1]_i_1/O
                         net (fo=12, routed)          0.141     2.340    mfcc/inst/grp_mfcc_Pipeline_task_6_fu_64/flow_control_loop_pipe_sequential_init_U/ap_rst_n_inv
    SLICE_X69Y99         FDRE                                         r  mfcc/inst/grp_mfcc_Pipeline_task_6_fu_64/flow_control_loop_pipe_sequential_init_U/ap_done_cache_reg/R
  -------------------------------------------------------------------    -------------------

                         (clock clk rise edge)        0.000     0.000 r  
    E3                                                0.000     0.000 r  clk (IN)
                         net (fo=0)                   0.000     0.000    clk
    E3                   IBUF (Prop_ibuf_I_O)         0.438     0.438 r  clk_IBUF_inst/O
                         net (fo=2, routed)           0.699     1.136    clk_IBUF
    BUFGCTRL_X0Y16       BUFG (Prop_bufg_I_O)         0.029     1.165 r  clk_IBUF_BUFG_inst/O
                         net (fo=1697, routed)        0.841     2.006    mfcc/inst/grp_mfcc_Pipeline_task_6_fu_64/flow_control_loop_pipe_sequential_init_U/ap_clk
    SLICE_X69Y99         FDRE                                         r  mfcc/inst/grp_mfcc_Pipeline_task_6_fu_64/flow_control_loop_pipe_sequential_init_U/ap_done_cache_reg/C

Slack:                    inf
  Source:                 arstn
                            (input port)
  Destination:            mfcc/inst/grp_mfcc_Pipeline_task_6_fu_64_ap_start_reg_reg/R
                            (rising edge-triggered cell FDRE clocked by clk  {rise@0.000ns fall@5.000ns period=10.000ns})
  Path Group:             (none)
  Path Type:              Hold (Min at Fast Process Corner)
  Data Path Delay:        2.340ns  (logic 0.320ns (13.660%)  route 2.020ns (86.340%))
  Logic Levels:           2  (IBUF=1 LUT1=1)
  Clock Path Skew:        2.006ns (DCD - SCD - CPR)
    Destination Clock Delay (DCD):    2.006ns
    Source Clock Delay      (SCD):    0.000ns
    Clock Pessimism Removal (CPR):    -0.000ns

    Location             Delay type                Incr(ns)  Path(ns)    Netlist Resource(s)
  -------------------------------------------------------------------    -------------------
    C12                                               0.000     0.000 f  arstn (IN)
                         net (fo=0)                   0.000     0.000    arstn
    C12                  IBUF (Prop_ibuf_I_O)         0.275     0.275 f  arstn_IBUF_inst/O
                         net (fo=18, routed)          1.879     2.154    mfcc/inst/regslice_both_out_stream_V_last_V_U/ap_rst_n
    SLICE_X69Y99         LUT1 (Prop_lut1_I0_O)        0.045     2.199 r  mfcc/inst/regslice_both_out_stream_V_last_V_U/B_V_data_1_state[1]_i_1/O
                         net (fo=12, routed)          0.141     2.340    mfcc/inst/ap_rst_n_inv
    SLICE_X69Y99         FDRE                                         r  mfcc/inst/grp_mfcc_Pipeline_task_6_fu_64_ap_start_reg_reg/R
  -------------------------------------------------------------------    -------------------

                         (clock clk rise edge)        0.000     0.000 r  
    E3                                                0.000     0.000 r  clk (IN)
                         net (fo=0)                   0.000     0.000    clk
    E3                   IBUF (Prop_ibuf_I_O)         0.438     0.438 r  clk_IBUF_inst/O
                         net (fo=2, routed)           0.699     1.136    clk_IBUF
    BUFGCTRL_X0Y16       BUFG (Prop_bufg_I_O)         0.029     1.165 r  clk_IBUF_BUFG_inst/O
                         net (fo=1697, routed)        0.841     2.006    mfcc/inst/ap_clk
    SLICE_X69Y99         FDRE                                         r  mfcc/inst/grp_mfcc_Pipeline_task_6_fu_64_ap_start_reg_reg/C

Slack:                    inf
  Source:                 arstn
                            (input port)
  Destination:            mfcc/inst/ap_CS_fsm_reg[6]/R
                            (rising edge-triggered cell FDRE clocked by clk  {rise@0.000ns fall@5.000ns period=10.000ns})
  Path Group:             (none)
  Path Type:              Hold (Min at Fast Process Corner)
  Data Path Delay:        2.344ns  (logic 0.320ns (13.635%)  route 2.024ns (86.365%))
  Logic Levels:           2  (IBUF=1 LUT1=1)
  Clock Path Skew:        2.006ns (DCD - SCD - CPR)
    Destination Clock Delay (DCD):    2.006ns
    Source Clock Delay      (SCD):    0.000ns
    Clock Pessimism Removal (CPR):    -0.000ns

    Location             Delay type                Incr(ns)  Path(ns)    Netlist Resource(s)
  -------------------------------------------------------------------    -------------------
    C12                                               0.000     0.000 f  arstn (IN)
                         net (fo=0)                   0.000     0.000    arstn
    C12                  IBUF (Prop_ibuf_I_O)         0.275     0.275 f  arstn_IBUF_inst/O
                         net (fo=18, routed)          1.879     2.154    mfcc/inst/regslice_both_out_stream_V_last_V_U/ap_rst_n
    SLICE_X69Y99         LUT1 (Prop_lut1_I0_O)        0.045     2.199 r  mfcc/inst/regslice_both_out_stream_V_last_V_U/B_V_data_1_state[1]_i_1/O
                         net (fo=12, routed)          0.145     2.344    mfcc/inst/ap_rst_n_inv
    SLICE_X68Y99         FDRE                                         r  mfcc/inst/ap_CS_fsm_reg[6]/R
  -------------------------------------------------------------------    -------------------

                         (clock clk rise edge)        0.000     0.000 r  
    E3                                                0.000     0.000 r  clk (IN)
                         net (fo=0)                   0.000     0.000    clk
    E3                   IBUF (Prop_ibuf_I_O)         0.438     0.438 r  clk_IBUF_inst/O
                         net (fo=2, routed)           0.699     1.136    clk_IBUF
    BUFGCTRL_X0Y16       BUFG (Prop_bufg_I_O)         0.029     1.165 r  clk_IBUF_BUFG_inst/O
                         net (fo=1697, routed)        0.841     2.006    mfcc/inst/ap_clk
    SLICE_X68Y99         FDRE                                         r  mfcc/inst/ap_CS_fsm_reg[6]/C





--------------------------------------------------------------------------------------
Path Group:  (none)
From Clock:  
  To Clock:  clk_out1_clk_wiz_0

Max Delay            29 Endpoints
Min Delay            29 Endpoints
--------------------------------------------------------------------------------------


Max Delay Paths
--------------------------------------------------------------------------------------
Slack:                    inf
  Source:                 arstn
                            (input port)
  Destination:            i2spcm0/ws_cnt_reg[0]/CLR
                            (recovery check against rising-edge clock clk_out1_clk_wiz_0  {rise@0.000ns fall@30.516ns period=61.032ns})
  Path Group:             (none)
  Path Type:              Recovery (Max at Slow Process Corner)
  Data Path Delay:        10.812ns  (logic 1.657ns (15.325%)  route 9.155ns (84.675%))
  Logic Levels:           2  (IBUF=1 LUT1=1)
  Clock Path Skew:        1.610ns (DCD - SCD + CPR)
    Destination Clock Delay (DCD):    1.610ns
    Source Clock Delay      (SCD):    0.000ns
    Clock Pessimism Removal (CPR):    0.000ns
  Clock Uncertainty:      0.496ns  ((TSJ^2 + DJ^2)^1/2) / 2 + PE
    Total System Jitter     (TSJ):    0.050ns
    Discrete Jitter          (DJ):    0.382ns
    Phase Error              (PE):    0.303ns

    Location             Delay type                Incr(ns)  Path(ns)    Netlist Resource(s)
  -------------------------------------------------------------------    -------------------
    C12                                               0.000     0.000 r  arstn (IN)
                         net (fo=0)                   0.000     0.000    arstn
    C12                  IBUF (Prop_ibuf_I_O)         1.507     1.507 r  arstn_IBUF_inst/O
                         net (fo=18, routed)          4.308     5.815    i2spcm0/arstn_IBUF
    SLICE_X69Y99         LUT1 (Prop_lut1_I0_O)        0.150     5.965 f  i2spcm0/xpm_cdc_pulse_inst_i_1/O
                         net (fo=268, routed)         4.847    10.812    i2spcm0/arstn
    SLICE_X89Y89         FDCE                                         f  i2spcm0/ws_cnt_reg[0]/CLR
  -------------------------------------------------------------------    -------------------

                         (clock clk_out1_clk_wiz_0 rise edge)
                                                      0.000     0.000 r  
    BUFGCTRL_X0Y16       BUFG                         0.000     0.000 r  clk_IBUF_BUFG_inst/O
                         net (fo=1697, routed)        1.516     1.516    i2spcm0/inst/inst/clk_in1
    MMCME2_ADV_X0Y1      MMCME2_ADV (Prop_mmcme2_adv_CLKIN1_CLKOUT0)
                                                     -3.234    -1.718 r  i2spcm0/inst/inst/mmcm_adv_inst/CLKOUT0
                         net (fo=1, routed)           1.630    -0.088    i2spcm0/inst/inst/clk_out1_clk_wiz_0
    BUFGCTRL_X0Y1        BUFG (Prop_bufg_I_O)         0.091     0.003 r  i2spcm0/inst/inst/clkout1_buf/O
                         net (fo=30, routed)          1.607     1.610    i2spcm0/clk_gen_fast
    SLICE_X89Y89         FDCE                                         r  i2spcm0/ws_cnt_reg[0]/C

Slack:                    inf
  Source:                 arstn
                            (input port)
  Destination:            i2spcm0/ws_cnt_reg[1]/CLR
                            (recovery check against rising-edge clock clk_out1_clk_wiz_0  {rise@0.000ns fall@30.516ns period=61.032ns})
  Path Group:             (none)
  Path Type:              Recovery (Max at Slow Process Corner)
  Data Path Delay:        10.812ns  (logic 1.657ns (15.325%)  route 9.155ns (84.675%))
  Logic Levels:           2  (IBUF=1 LUT1=1)
  Clock Path Skew:        1.610ns (DCD - SCD + CPR)
    Destination Clock Delay (DCD):    1.610ns
    Source Clock Delay      (SCD):    0.000ns
    Clock Pessimism Removal (CPR):    0.000ns
  Clock Uncertainty:      0.496ns  ((TSJ^2 + DJ^2)^1/2) / 2 + PE
    Total System Jitter     (TSJ):    0.050ns
    Discrete Jitter          (DJ):    0.382ns
    Phase Error              (PE):    0.303ns

    Location             Delay type                Incr(ns)  Path(ns)    Netlist Resource(s)
  -------------------------------------------------------------------    -------------------
    C12                                               0.000     0.000 r  arstn (IN)
                         net (fo=0)                   0.000     0.000    arstn
    C12                  IBUF (Prop_ibuf_I_O)         1.507     1.507 r  arstn_IBUF_inst/O
                         net (fo=18, routed)          4.308     5.815    i2spcm0/arstn_IBUF
    SLICE_X69Y99         LUT1 (Prop_lut1_I0_O)        0.150     5.965 f  i2spcm0/xpm_cdc_pulse_inst_i_1/O
                         net (fo=268, routed)         4.847    10.812    i2spcm0/arstn
    SLICE_X89Y89         FDCE                                         f  i2spcm0/ws_cnt_reg[1]/CLR
  -------------------------------------------------------------------    -------------------

                         (clock clk_out1_clk_wiz_0 rise edge)
                                                      0.000     0.000 r  
    BUFGCTRL_X0Y16       BUFG                         0.000     0.000 r  clk_IBUF_BUFG_inst/O
                         net (fo=1697, routed)        1.516     1.516    i2spcm0/inst/inst/clk_in1
    MMCME2_ADV_X0Y1      MMCME2_ADV (Prop_mmcme2_adv_CLKIN1_CLKOUT0)
                                                     -3.234    -1.718 r  i2spcm0/inst/inst/mmcm_adv_inst/CLKOUT0
                         net (fo=1, routed)           1.630    -0.088    i2spcm0/inst/inst/clk_out1_clk_wiz_0
    BUFGCTRL_X0Y1        BUFG (Prop_bufg_I_O)         0.091     0.003 r  i2spcm0/inst/inst/clkout1_buf/O
                         net (fo=30, routed)          1.607     1.610    i2spcm0/clk_gen_fast
    SLICE_X89Y89         FDCE                                         r  i2spcm0/ws_cnt_reg[1]/C

Slack:                    inf
  Source:                 arstn
                            (input port)
  Destination:            i2spcm0/ws_cnt_reg[3]/CLR
                            (recovery check against rising-edge clock clk_out1_clk_wiz_0  {rise@0.000ns fall@30.516ns period=61.032ns})
  Path Group:             (none)
  Path Type:              Recovery (Max at Slow Process Corner)
  Data Path Delay:        10.812ns  (logic 1.657ns (15.325%)  route 9.155ns (84.675%))
  Logic Levels:           2  (IBUF=1 LUT1=1)
  Clock Path Skew:        1.610ns (DCD - SCD + CPR)
    Destination Clock Delay (DCD):    1.610ns
    Source Clock Delay      (SCD):    0.000ns
    Clock Pessimism Removal (CPR):    0.000ns
  Clock Uncertainty:      0.496ns  ((TSJ^2 + DJ^2)^1/2) / 2 + PE
    Total System Jitter     (TSJ):    0.050ns
    Discrete Jitter          (DJ):    0.382ns
    Phase Error              (PE):    0.303ns

    Location             Delay type                Incr(ns)  Path(ns)    Netlist Resource(s)
  -------------------------------------------------------------------    -------------------
    C12                                               0.000     0.000 r  arstn (IN)
                         net (fo=0)                   0.000     0.000    arstn
    C12                  IBUF (Prop_ibuf_I_O)         1.507     1.507 r  arstn_IBUF_inst/O
                         net (fo=18, routed)          4.308     5.815    i2spcm0/arstn_IBUF
    SLICE_X69Y99         LUT1 (Prop_lut1_I0_O)        0.150     5.965 f  i2spcm0/xpm_cdc_pulse_inst_i_1/O
                         net (fo=268, routed)         4.847    10.812    i2spcm0/arstn
    SLICE_X89Y89         FDCE                                         f  i2spcm0/ws_cnt_reg[3]/CLR
  -------------------------------------------------------------------    -------------------

                         (clock clk_out1_clk_wiz_0 rise edge)
                                                      0.000     0.000 r  
    BUFGCTRL_X0Y16       BUFG                         0.000     0.000 r  clk_IBUF_BUFG_inst/O
                         net (fo=1697, routed)        1.516     1.516    i2spcm0/inst/inst/clk_in1
    MMCME2_ADV_X0Y1      MMCME2_ADV (Prop_mmcme2_adv_CLKIN1_CLKOUT0)
                                                     -3.234    -1.718 r  i2spcm0/inst/inst/mmcm_adv_inst/CLKOUT0
                         net (fo=1, routed)           1.630    -0.088    i2spcm0/inst/inst/clk_out1_clk_wiz_0
    BUFGCTRL_X0Y1        BUFG (Prop_bufg_I_O)         0.091     0.003 r  i2spcm0/inst/inst/clkout1_buf/O
                         net (fo=30, routed)          1.607     1.610    i2spcm0/clk_gen_fast
    SLICE_X89Y89         FDCE                                         r  i2spcm0/ws_cnt_reg[3]/C

Slack:                    inf
  Source:                 arstn
                            (input port)
  Destination:            i2spcm0/ws_cnt_reg[4]/CLR
                            (recovery check against rising-edge clock clk_out1_clk_wiz_0  {rise@0.000ns fall@30.516ns period=61.032ns})
  Path Group:             (none)
  Path Type:              Recovery (Max at Slow Process Corner)
  Data Path Delay:        10.812ns  (logic 1.657ns (15.325%)  route 9.155ns (84.675%))
  Logic Levels:           2  (IBUF=1 LUT1=1)
  Clock Path Skew:        1.610ns (DCD - SCD + CPR)
    Destination Clock Delay (DCD):    1.610ns
    Source Clock Delay      (SCD):    0.000ns
    Clock Pessimism Removal (CPR):    0.000ns
  Clock Uncertainty:      0.496ns  ((TSJ^2 + DJ^2)^1/2) / 2 + PE
    Total System Jitter     (TSJ):    0.050ns
    Discrete Jitter          (DJ):    0.382ns
    Phase Error              (PE):    0.303ns

    Location             Delay type                Incr(ns)  Path(ns)    Netlist Resource(s)
  -------------------------------------------------------------------    -------------------
    C12                                               0.000     0.000 r  arstn (IN)
                         net (fo=0)                   0.000     0.000    arstn
    C12                  IBUF (Prop_ibuf_I_O)         1.507     1.507 r  arstn_IBUF_inst/O
                         net (fo=18, routed)          4.308     5.815    i2spcm0/arstn_IBUF
    SLICE_X69Y99         LUT1 (Prop_lut1_I0_O)        0.150     5.965 f  i2spcm0/xpm_cdc_pulse_inst_i_1/O
                         net (fo=268, routed)         4.847    10.812    i2spcm0/arstn
    SLICE_X89Y89         FDCE                                         f  i2spcm0/ws_cnt_reg[4]/CLR
  -------------------------------------------------------------------    -------------------

                         (clock clk_out1_clk_wiz_0 rise edge)
                                                      0.000     0.000 r  
    BUFGCTRL_X0Y16       BUFG                         0.000     0.000 r  clk_IBUF_BUFG_inst/O
                         net (fo=1697, routed)        1.516     1.516    i2spcm0/inst/inst/clk_in1
    MMCME2_ADV_X0Y1      MMCME2_ADV (Prop_mmcme2_adv_CLKIN1_CLKOUT0)
                                                     -3.234    -1.718 r  i2spcm0/inst/inst/mmcm_adv_inst/CLKOUT0
                         net (fo=1, routed)           1.630    -0.088    i2spcm0/inst/inst/clk_out1_clk_wiz_0
    BUFGCTRL_X0Y1        BUFG (Prop_bufg_I_O)         0.091     0.003 r  i2spcm0/inst/inst/clkout1_buf/O
                         net (fo=30, routed)          1.607     1.610    i2spcm0/clk_gen_fast
    SLICE_X89Y89         FDCE                                         r  i2spcm0/ws_cnt_reg[4]/C

Slack:                    inf
  Source:                 arstn
                            (input port)
  Destination:            i2spcm0/ws_cnt_reg[5]/CLR
                            (recovery check against rising-edge clock clk_out1_clk_wiz_0  {rise@0.000ns fall@30.516ns period=61.032ns})
  Path Group:             (none)
  Path Type:              Recovery (Max at Slow Process Corner)
  Data Path Delay:        10.812ns  (logic 1.657ns (15.325%)  route 9.155ns (84.675%))
  Logic Levels:           2  (IBUF=1 LUT1=1)
  Clock Path Skew:        1.610ns (DCD - SCD + CPR)
    Destination Clock Delay (DCD):    1.610ns
    Source Clock Delay      (SCD):    0.000ns
    Clock Pessimism Removal (CPR):    0.000ns
  Clock Uncertainty:      0.496ns  ((TSJ^2 + DJ^2)^1/2) / 2 + PE
    Total System Jitter     (TSJ):    0.050ns
    Discrete Jitter          (DJ):    0.382ns
    Phase Error              (PE):    0.303ns

    Location             Delay type                Incr(ns)  Path(ns)    Netlist Resource(s)
  -------------------------------------------------------------------    -------------------
    C12                                               0.000     0.000 r  arstn (IN)
                         net (fo=0)                   0.000     0.000    arstn
    C12                  IBUF (Prop_ibuf_I_O)         1.507     1.507 r  arstn_IBUF_inst/O
                         net (fo=18, routed)          4.308     5.815    i2spcm0/arstn_IBUF
    SLICE_X69Y99         LUT1 (Prop_lut1_I0_O)        0.150     5.965 f  i2spcm0/xpm_cdc_pulse_inst_i_1/O
                         net (fo=268, routed)         4.847    10.812    i2spcm0/arstn
    SLICE_X89Y89         FDCE                                         f  i2spcm0/ws_cnt_reg[5]/CLR
  -------------------------------------------------------------------    -------------------

                         (clock clk_out1_clk_wiz_0 rise edge)
                                                      0.000     0.000 r  
    BUFGCTRL_X0Y16       BUFG                         0.000     0.000 r  clk_IBUF_BUFG_inst/O
                         net (fo=1697, routed)        1.516     1.516    i2spcm0/inst/inst/clk_in1
    MMCME2_ADV_X0Y1      MMCME2_ADV (Prop_mmcme2_adv_CLKIN1_CLKOUT0)
                                                     -3.234    -1.718 r  i2spcm0/inst/inst/mmcm_adv_inst/CLKOUT0
                         net (fo=1, routed)           1.630    -0.088    i2spcm0/inst/inst/clk_out1_clk_wiz_0
    BUFGCTRL_X0Y1        BUFG (Prop_bufg_I_O)         0.091     0.003 r  i2spcm0/inst/inst/clkout1_buf/O
                         net (fo=30, routed)          1.607     1.610    i2spcm0/clk_gen_fast
    SLICE_X89Y89         FDCE                                         r  i2spcm0/ws_cnt_reg[5]/C

Slack:                    inf
  Source:                 arstn
                            (input port)
  Destination:            i2spcm0/ws_cnt_reg[2]/CLR
                            (recovery check against rising-edge clock clk_out1_clk_wiz_0  {rise@0.000ns fall@30.516ns period=61.032ns})
  Path Group:             (none)
  Path Type:              Recovery (Max at Slow Process Corner)
  Data Path Delay:        10.389ns  (logic 1.657ns (15.949%)  route 8.732ns (84.051%))
  Logic Levels:           2  (IBUF=1 LUT1=1)
  Clock Path Skew:        1.608ns (DCD - SCD + CPR)
    Destination Clock Delay (DCD):    1.608ns
    Source Clock Delay      (SCD):    0.000ns
    Clock Pessimism Removal (CPR):    0.000ns
  Clock Uncertainty:      0.496ns  ((TSJ^2 + DJ^2)^1/2) / 2 + PE
    Total System Jitter     (TSJ):    0.050ns
    Discrete Jitter          (DJ):    0.382ns
    Phase Error              (PE):    0.303ns

    Location             Delay type                Incr(ns)  Path(ns)    Netlist Resource(s)
  -------------------------------------------------------------------    -------------------
    C12                                               0.000     0.000 r  arstn (IN)
                         net (fo=0)                   0.000     0.000    arstn
    C12                  IBUF (Prop_ibuf_I_O)         1.507     1.507 r  arstn_IBUF_inst/O
                         net (fo=18, routed)          4.308     5.815    i2spcm0/arstn_IBUF
    SLICE_X69Y99         LUT1 (Prop_lut1_I0_O)        0.150     5.965 f  i2spcm0/xpm_cdc_pulse_inst_i_1/O
                         net (fo=268, routed)         4.424    10.389    i2spcm0/arstn
    SLICE_X89Y87         FDCE                                         f  i2spcm0/ws_cnt_reg[2]/CLR
  -------------------------------------------------------------------    -------------------

                         (clock clk_out1_clk_wiz_0 rise edge)
                                                      0.000     0.000 r  
    BUFGCTRL_X0Y16       BUFG                         0.000     0.000 r  clk_IBUF_BUFG_inst/O
                         net (fo=1697, routed)        1.516     1.516    i2spcm0/inst/inst/clk_in1
    MMCME2_ADV_X0Y1      MMCME2_ADV (Prop_mmcme2_adv_CLKIN1_CLKOUT0)
                                                     -3.234    -1.718 r  i2spcm0/inst/inst/mmcm_adv_inst/CLKOUT0
                         net (fo=1, routed)           1.630    -0.088    i2spcm0/inst/inst/clk_out1_clk_wiz_0
    BUFGCTRL_X0Y1        BUFG (Prop_bufg_I_O)         0.091     0.003 r  i2spcm0/inst/inst/clkout1_buf/O
                         net (fo=30, routed)          1.605     1.608    i2spcm0/clk_gen_fast
    SLICE_X89Y87         FDCE                                         r  i2spcm0/ws_cnt_reg[2]/C

Slack:                    inf
  Source:                 arstn
                            (input port)
  Destination:            i2spcm0/ds_cnt_reg[0]/D
                            (rising edge-triggered cell FDRE clocked by clk_out1_clk_wiz_0  {rise@0.000ns fall@30.516ns period=61.032ns})
  Path Group:             (none)
  Path Type:              Setup (Max at Slow Process Corner)
  Data Path Delay:        8.190ns  (logic 1.631ns (19.914%)  route 6.559ns (80.086%))
  Logic Levels:           2  (IBUF=1 LUT2=1)
  Clock Path Skew:        1.610ns (DCD - SCD + CPR)
    Destination Clock Delay (DCD):    1.610ns
    Source Clock Delay      (SCD):    0.000ns
    Clock Pessimism Removal (CPR):    0.000ns
  Clock Uncertainty:      0.496ns  ((TSJ^2 + DJ^2)^1/2) / 2 + PE
    Total System Jitter     (TSJ):    0.050ns
    Discrete Jitter          (DJ):    0.382ns
    Phase Error              (PE):    0.303ns

    Location             Delay type                Incr(ns)  Path(ns)    Netlist Resource(s)
  -------------------------------------------------------------------    -------------------
    C12                                               0.000     0.000 r  arstn (IN)
                         net (fo=0)                   0.000     0.000    arstn
    C12                  IBUF (Prop_ibuf_I_O)         1.507     1.507 r  arstn_IBUF_inst/O
                         net (fo=18, routed)          6.559     8.066    i2spcm0/arstn_IBUF
    SLICE_X89Y90         LUT2 (Prop_lut2_I0_O)        0.124     8.190 r  i2spcm0/ds_cnt[0]_i_1/O
                         net (fo=1, routed)           0.000     8.190    i2spcm0/ds_cnt[0]_i_1_n_0
    SLICE_X89Y90         FDRE                                         r  i2spcm0/ds_cnt_reg[0]/D
  -------------------------------------------------------------------    -------------------

                         (clock clk_out1_clk_wiz_0 rise edge)
                                                      0.000     0.000 r  
    BUFGCTRL_X0Y16       BUFG                         0.000     0.000 r  clk_IBUF_BUFG_inst/O
                         net (fo=1697, routed)        1.516     1.516    i2spcm0/inst/inst/clk_in1
    MMCME2_ADV_X0Y1      MMCME2_ADV (Prop_mmcme2_adv_CLKIN1_CLKOUT0)
                                                     -3.234    -1.718 r  i2spcm0/inst/inst/mmcm_adv_inst/CLKOUT0
                         net (fo=1, routed)           1.630    -0.088    i2spcm0/inst/inst/clk_out1_clk_wiz_0
    BUFGCTRL_X0Y1        BUFG (Prop_bufg_I_O)         0.091     0.003 r  i2spcm0/inst/inst/clkout1_buf/O
                         net (fo=30, routed)          1.607     1.610    i2spcm0/clk_gen_fast
    SLICE_X89Y90         FDRE                                         r  i2spcm0/ds_cnt_reg[0]/C

Slack:                    inf
  Source:                 arstn
                            (input port)
  Destination:            i2spcm0/ds_cnt_reg[1]/D
                            (rising edge-triggered cell FDRE clocked by clk_out1_clk_wiz_0  {rise@0.000ns fall@30.516ns period=61.032ns})
  Path Group:             (none)
  Path Type:              Setup (Max at Slow Process Corner)
  Data Path Delay:        7.880ns  (logic 1.659ns (21.053%)  route 6.221ns (78.947%))
  Logic Levels:           2  (IBUF=1 LUT3=1)
  Clock Path Skew:        1.611ns (DCD - SCD + CPR)
    Destination Clock Delay (DCD):    1.611ns
    Source Clock Delay      (SCD):    0.000ns
    Clock Pessimism Removal (CPR):    0.000ns
  Clock Uncertainty:      0.496ns  ((TSJ^2 + DJ^2)^1/2) / 2 + PE
    Total System Jitter     (TSJ):    0.050ns
    Discrete Jitter          (DJ):    0.382ns
    Phase Error              (PE):    0.303ns

    Location             Delay type                Incr(ns)  Path(ns)    Netlist Resource(s)
  -------------------------------------------------------------------    -------------------
    C12                                               0.000     0.000 r  arstn (IN)
                         net (fo=0)                   0.000     0.000    arstn
    C12                  IBUF (Prop_ibuf_I_O)         1.507     1.507 r  arstn_IBUF_inst/O
                         net (fo=18, routed)          6.221     7.728    i2spcm0/arstn_IBUF
    SLICE_X89Y91         LUT3 (Prop_lut3_I0_O)        0.152     7.880 r  i2spcm0/ds_cnt[1]_i_1/O
                         net (fo=1, routed)           0.000     7.880    i2spcm0/ds_cnt[1]_i_1_n_0
    SLICE_X89Y91         FDRE                                         r  i2spcm0/ds_cnt_reg[1]/D
  -------------------------------------------------------------------    -------------------

                         (clock clk_out1_clk_wiz_0 rise edge)
                                                      0.000     0.000 r  
    BUFGCTRL_X0Y16       BUFG                         0.000     0.000 r  clk_IBUF_BUFG_inst/O
                         net (fo=1697, routed)        1.516     1.516    i2spcm0/inst/inst/clk_in1
    MMCME2_ADV_X0Y1      MMCME2_ADV (Prop_mmcme2_adv_CLKIN1_CLKOUT0)
                                                     -3.234    -1.718 r  i2spcm0/inst/inst/mmcm_adv_inst/CLKOUT0
                         net (fo=1, routed)           1.630    -0.088    i2spcm0/inst/inst/clk_out1_clk_wiz_0
    BUFGCTRL_X0Y1        BUFG (Prop_bufg_I_O)         0.091     0.003 r  i2spcm0/inst/inst/clkout1_buf/O
                         net (fo=30, routed)          1.608     1.611    i2spcm0/clk_gen_fast
    SLICE_X89Y91         FDRE                                         r  i2spcm0/ds_cnt_reg[1]/C

Slack:                    inf
  Source:                 arstn
                            (input port)
  Destination:            i2spcm0/xpm_cdc_pulse_inst/src_level_ff_reg/D
                            (rising edge-triggered cell FDRE clocked by clk_out1_clk_wiz_0  {rise@0.000ns fall@30.516ns period=61.032ns})
  Path Group:             (none)
  Path Type:              Setup (Max at Slow Process Corner)
  Data Path Delay:        7.874ns  (logic 1.660ns (21.082%)  route 6.214ns (78.918%))
  Logic Levels:           2  (IBUF=1 LUT4=1)
  Clock Path Skew:        1.610ns (DCD - SCD + CPR)
    Destination Clock Delay (DCD):    1.610ns
    Source Clock Delay      (SCD):    0.000ns
    Clock Pessimism Removal (CPR):    0.000ns
  Clock Uncertainty:      0.496ns  ((TSJ^2 + DJ^2)^1/2) / 2 + PE
    Total System Jitter     (TSJ):    0.050ns
    Discrete Jitter          (DJ):    0.382ns
    Phase Error              (PE):    0.303ns

    Location             Delay type                Incr(ns)  Path(ns)    Netlist Resource(s)
  -------------------------------------------------------------------    -------------------
    C12                                               0.000     0.000 r  arstn (IN)
                         net (fo=0)                   0.000     0.000    arstn
    C12                  IBUF (Prop_ibuf_I_O)         1.507     1.507 r  arstn_IBUF_inst/O
                         net (fo=18, routed)          6.214     7.721    i2spcm0/xpm_cdc_pulse_inst/lopt
    SLICE_X89Y90         LUT4 (Prop_lut4_I3_O)        0.153     7.874 r  i2spcm0/xpm_cdc_pulse_inst/src_level_ff_i_1/O
                         net (fo=1, routed)           0.000     7.874    i2spcm0/xpm_cdc_pulse_inst/src_level_ff_i_1_n_0
    SLICE_X89Y90         FDRE                                         r  i2spcm0/xpm_cdc_pulse_inst/src_level_ff_reg/D
  -------------------------------------------------------------------    -------------------

                         (clock clk_out1_clk_wiz_0 rise edge)
                                                      0.000     0.000 r  
    BUFGCTRL_X0Y16       BUFG                         0.000     0.000 r  clk_IBUF_BUFG_inst/O
                         net (fo=1697, routed)        1.516     1.516    i2spcm0/inst/inst/clk_in1
    MMCME2_ADV_X0Y1      MMCME2_ADV (Prop_mmcme2_adv_CLKIN1_CLKOUT0)
                                                     -3.234    -1.718 r  i2spcm0/inst/inst/mmcm_adv_inst/CLKOUT0
                         net (fo=1, routed)           1.630    -0.088    i2spcm0/inst/inst/clk_out1_clk_wiz_0
    BUFGCTRL_X0Y1        BUFG (Prop_bufg_I_O)         0.091     0.003 r  i2spcm0/inst/inst/clkout1_buf/O
                         net (fo=30, routed)          1.607     1.610    i2spcm0/xpm_cdc_pulse_inst/src_clk
    SLICE_X89Y90         FDRE                                         r  i2spcm0/xpm_cdc_pulse_inst/src_level_ff_reg/C

Slack:                    inf
  Source:                 arstn
                            (input port)
  Destination:            i2spcm0/bclk_reg/D
                            (rising edge-triggered cell FDRE clocked by clk_out1_clk_wiz_0  {rise@0.000ns fall@30.516ns period=61.032ns})
  Path Group:             (none)
  Path Type:              Setup (Max at Slow Process Corner)
  Data Path Delay:        7.852ns  (logic 1.631ns (20.772%)  route 6.221ns (79.228%))
  Logic Levels:           2  (IBUF=1 LUT3=1)
  Clock Path Skew:        1.611ns (DCD - SCD + CPR)
    Destination Clock Delay (DCD):    1.611ns
    Source Clock Delay      (SCD):    0.000ns
    Clock Pessimism Removal (CPR):    0.000ns
  Clock Uncertainty:      0.496ns  ((TSJ^2 + DJ^2)^1/2) / 2 + PE
    Total System Jitter     (TSJ):    0.050ns
    Discrete Jitter          (DJ):    0.382ns
    Phase Error              (PE):    0.303ns

    Location             Delay type                Incr(ns)  Path(ns)    Netlist Resource(s)
  -------------------------------------------------------------------    -------------------
    C12                                               0.000     0.000 r  arstn (IN)
                         net (fo=0)                   0.000     0.000    arstn
    C12                  IBUF (Prop_ibuf_I_O)         1.507     1.507 r  arstn_IBUF_inst/O
                         net (fo=18, routed)          6.221     7.728    i2spcm0/arstn_IBUF
    SLICE_X89Y91         LUT3 (Prop_lut3_I2_O)        0.124     7.852 r  i2spcm0/bclk_i_1/O
                         net (fo=1, routed)           0.000     7.852    i2spcm0/bclk_i_1_n_0
    SLICE_X89Y91         FDRE                                         r  i2spcm0/bclk_reg/D
  -------------------------------------------------------------------    -------------------

                         (clock clk_out1_clk_wiz_0 rise edge)
                                                      0.000     0.000 r  
    BUFGCTRL_X0Y16       BUFG                         0.000     0.000 r  clk_IBUF_BUFG_inst/O
                         net (fo=1697, routed)        1.516     1.516    i2spcm0/inst/inst/clk_in1
    MMCME2_ADV_X0Y1      MMCME2_ADV (Prop_mmcme2_adv_CLKIN1_CLKOUT0)
                                                     -3.234    -1.718 r  i2spcm0/inst/inst/mmcm_adv_inst/CLKOUT0
                         net (fo=1, routed)           1.630    -0.088    i2spcm0/inst/inst/clk_out1_clk_wiz_0
    BUFGCTRL_X0Y1        BUFG (Prop_bufg_I_O)         0.091     0.003 r  i2spcm0/inst/inst/clkout1_buf/O
                         net (fo=30, routed)          1.608     1.611    i2spcm0/clk_gen_fast
    SLICE_X89Y91         FDRE                                         r  i2spcm0/bclk_reg/C





Min Delay Paths
--------------------------------------------------------------------------------------
Slack:                    inf
  Source:                 i2s_data
                            (input port)
  Destination:            i2spcm0/lreg_reg[14]/D
                            (rising edge-triggered cell FDRE clocked by clk_out1_clk_wiz_0  {rise@0.000ns fall@30.516ns period=61.032ns})
  Path Group:             (none)
  Path Type:              Hold (Min at Fast Process Corner)
  Data Path Delay:        0.779ns  (logic 0.228ns (29.314%)  route 0.550ns (70.686%))
  Logic Levels:           1  (IBUF=1)
  Clock Path Skew:        0.878ns (DCD - SCD - CPR)
    Destination Clock Delay (DCD):    0.878ns
    Source Clock Delay      (SCD):    0.000ns
    Clock Pessimism Removal (CPR):    -0.000ns

    Location             Delay type                Incr(ns)  Path(ns)    Netlist Resource(s)
  -------------------------------------------------------------------    -------------------
    J2                                                0.000     0.000 r  i2s_data (IN)
                         net (fo=0)                   0.000     0.000    i2s_data
    J2                   IBUF (Prop_ibuf_I_O)         0.228     0.228 r  i2s_data_IBUF_inst/O
                         net (fo=18, routed)          0.550     0.779    i2spcm0/D[0]
    SLICE_X88Y92         FDRE                                         r  i2spcm0/lreg_reg[14]/D
  -------------------------------------------------------------------    -------------------

                         (clock clk_out1_clk_wiz_0 rise edge)
                                                      0.000     0.000 r  
    BUFGCTRL_X0Y16       BUFG                         0.000     0.000 r  clk_IBUF_BUFG_inst/O
                         net (fo=1697, routed)        0.828     0.828    i2spcm0/inst/inst/clk_in1
    MMCME2_ADV_X0Y1      MMCME2_ADV (Prop_mmcme2_adv_CLKIN1_CLKOUT0)
                                                     -1.394    -0.567 r  i2spcm0/inst/inst/mmcm_adv_inst/CLKOUT0
                         net (fo=1, routed)           0.540    -0.027    i2spcm0/inst/inst/clk_out1_clk_wiz_0
    BUFGCTRL_X0Y1        BUFG (Prop_bufg_I_O)         0.029     0.002 r  i2spcm0/inst/inst/clkout1_buf/O
                         net (fo=30, routed)          0.876     0.878    i2spcm0/clk_gen_fast
    SLICE_X88Y92         FDRE                                         r  i2spcm0/lreg_reg[14]/C

Slack:                    inf
  Source:                 i2s_data
                            (input port)
  Destination:            i2spcm0/lreg_reg[29]/D
                            (rising edge-triggered cell FDRE clocked by clk_out1_clk_wiz_0  {rise@0.000ns fall@30.516ns period=61.032ns})
  Path Group:             (none)
  Path Type:              Hold (Min at Fast Process Corner)
  Data Path Delay:        0.850ns  (logic 0.228ns (26.854%)  route 0.622ns (73.146%))
  Logic Levels:           1  (IBUF=1)
  Clock Path Skew:        0.878ns (DCD - SCD - CPR)
    Destination Clock Delay (DCD):    0.878ns
    Source Clock Delay      (SCD):    0.000ns
    Clock Pessimism Removal (CPR):    -0.000ns

    Location             Delay type                Incr(ns)  Path(ns)    Netlist Resource(s)
  -------------------------------------------------------------------    -------------------
    J2                                                0.000     0.000 r  i2s_data (IN)
                         net (fo=0)                   0.000     0.000    i2s_data
    J2                   IBUF (Prop_ibuf_I_O)         0.228     0.228 r  i2s_data_IBUF_inst/O
                         net (fo=18, routed)          0.622     0.850    i2spcm0/D[0]
    SLICE_X87Y91         FDRE                                         r  i2spcm0/lreg_reg[29]/D
  -------------------------------------------------------------------    -------------------

                         (clock clk_out1_clk_wiz_0 rise edge)
                                                      0.000     0.000 r  
    BUFGCTRL_X0Y16       BUFG                         0.000     0.000 r  clk_IBUF_BUFG_inst/O
                         net (fo=1697, routed)        0.828     0.828    i2spcm0/inst/inst/clk_in1
    MMCME2_ADV_X0Y1      MMCME2_ADV (Prop_mmcme2_adv_CLKIN1_CLKOUT0)
                                                     -1.394    -0.567 r  i2spcm0/inst/inst/mmcm_adv_inst/CLKOUT0
                         net (fo=1, routed)           0.540    -0.027    i2spcm0/inst/inst/clk_out1_clk_wiz_0
    BUFGCTRL_X0Y1        BUFG (Prop_bufg_I_O)         0.029     0.002 r  i2spcm0/inst/inst/clkout1_buf/O
                         net (fo=30, routed)          0.876     0.878    i2spcm0/clk_gen_fast
    SLICE_X87Y91         FDRE                                         r  i2spcm0/lreg_reg[29]/C

Slack:                    inf
  Source:                 i2s_data
                            (input port)
  Destination:            i2spcm0/lreg_reg[30]/D
                            (rising edge-triggered cell FDRE clocked by clk_out1_clk_wiz_0  {rise@0.000ns fall@30.516ns period=61.032ns})
  Path Group:             (none)
  Path Type:              Hold (Min at Fast Process Corner)
  Data Path Delay:        0.856ns  (logic 0.228ns (26.670%)  route 0.628ns (73.330%))
  Logic Levels:           1  (IBUF=1)
  Clock Path Skew:        0.878ns (DCD - SCD - CPR)
    Destination Clock Delay (DCD):    0.878ns
    Source Clock Delay      (SCD):    0.000ns
    Clock Pessimism Removal (CPR):    -0.000ns

    Location             Delay type                Incr(ns)  Path(ns)    Netlist Resource(s)
  -------------------------------------------------------------------    -------------------
    J2                                                0.000     0.000 r  i2s_data (IN)
                         net (fo=0)                   0.000     0.000    i2s_data
    J2                   IBUF (Prop_ibuf_I_O)         0.228     0.228 r  i2s_data_IBUF_inst/O
                         net (fo=18, routed)          0.628     0.856    i2spcm0/D[0]
    SLICE_X86Y91         FDRE                                         r  i2spcm0/lreg_reg[30]/D
  -------------------------------------------------------------------    -------------------

                         (clock clk_out1_clk_wiz_0 rise edge)
                                                      0.000     0.000 r  
    BUFGCTRL_X0Y16       BUFG                         0.000     0.000 r  clk_IBUF_BUFG_inst/O
                         net (fo=1697, routed)        0.828     0.828    i2spcm0/inst/inst/clk_in1
    MMCME2_ADV_X0Y1      MMCME2_ADV (Prop_mmcme2_adv_CLKIN1_CLKOUT0)
                                                     -1.394    -0.567 r  i2spcm0/inst/inst/mmcm_adv_inst/CLKOUT0
                         net (fo=1, routed)           0.540    -0.027    i2spcm0/inst/inst/clk_out1_clk_wiz_0
    BUFGCTRL_X0Y1        BUFG (Prop_bufg_I_O)         0.029     0.002 r  i2spcm0/inst/inst/clkout1_buf/O
                         net (fo=30, routed)          0.876     0.878    i2spcm0/clk_gen_fast
    SLICE_X86Y91         FDRE                                         r  i2spcm0/lreg_reg[30]/C

Slack:                    inf
  Source:                 i2s_data
                            (input port)
  Destination:            i2spcm0/lreg_reg[27]/D
                            (rising edge-triggered cell FDRE clocked by clk_out1_clk_wiz_0  {rise@0.000ns fall@30.516ns period=61.032ns})
  Path Group:             (none)
  Path Type:              Hold (Min at Fast Process Corner)
  Data Path Delay:        0.882ns  (logic 0.228ns (25.884%)  route 0.654ns (74.116%))
  Logic Levels:           1  (IBUF=1)
  Clock Path Skew:        0.877ns (DCD - SCD - CPR)
    Destination Clock Delay (DCD):    0.877ns
    Source Clock Delay      (SCD):    0.000ns
    Clock Pessimism Removal (CPR):    -0.000ns

    Location             Delay type                Incr(ns)  Path(ns)    Netlist Resource(s)
  -------------------------------------------------------------------    -------------------
    J2                                                0.000     0.000 r  i2s_data (IN)
                         net (fo=0)                   0.000     0.000    i2s_data
    J2                   IBUF (Prop_ibuf_I_O)         0.228     0.228 r  i2s_data_IBUF_inst/O
                         net (fo=18, routed)          0.654     0.882    i2spcm0/D[0]
    SLICE_X85Y92         FDRE                                         r  i2spcm0/lreg_reg[27]/D
  -------------------------------------------------------------------    -------------------

                         (clock clk_out1_clk_wiz_0 rise edge)
                                                      0.000     0.000 r  
    BUFGCTRL_X0Y16       BUFG                         0.000     0.000 r  clk_IBUF_BUFG_inst/O
                         net (fo=1697, routed)        0.828     0.828    i2spcm0/inst/inst/clk_in1
    MMCME2_ADV_X0Y1      MMCME2_ADV (Prop_mmcme2_adv_CLKIN1_CLKOUT0)
                                                     -1.394    -0.567 r  i2spcm0/inst/inst/mmcm_adv_inst/CLKOUT0
                         net (fo=1, routed)           0.540    -0.027    i2spcm0/inst/inst/clk_out1_clk_wiz_0
    BUFGCTRL_X0Y1        BUFG (Prop_bufg_I_O)         0.029     0.002 r  i2spcm0/inst/inst/clkout1_buf/O
                         net (fo=30, routed)          0.875     0.877    i2spcm0/clk_gen_fast
    SLICE_X85Y92         FDRE                                         r  i2spcm0/lreg_reg[27]/C

Slack:                    inf
  Source:                 i2s_data
                            (input port)
  Destination:            i2spcm0/lreg_reg[28]/D
                            (rising edge-triggered cell FDRE clocked by clk_out1_clk_wiz_0  {rise@0.000ns fall@30.516ns period=61.032ns})
  Path Group:             (none)
  Path Type:              Hold (Min at Fast Process Corner)
  Data Path Delay:        0.936ns  (logic 0.228ns (24.386%)  route 0.708ns (75.614%))
  Logic Levels:           1  (IBUF=1)
  Clock Path Skew:        0.877ns (DCD - SCD - CPR)
    Destination Clock Delay (DCD):    0.877ns
    Source Clock Delay      (SCD):    0.000ns
    Clock Pessimism Removal (CPR):    -0.000ns

    Location             Delay type                Incr(ns)  Path(ns)    Netlist Resource(s)
  -------------------------------------------------------------------    -------------------
    J2                                                0.000     0.000 r  i2s_data (IN)
                         net (fo=0)                   0.000     0.000    i2s_data
    J2                   IBUF (Prop_ibuf_I_O)         0.228     0.228 r  i2s_data_IBUF_inst/O
                         net (fo=18, routed)          0.708     0.936    i2spcm0/D[0]
    SLICE_X82Y91         FDRE                                         r  i2spcm0/lreg_reg[28]/D
  -------------------------------------------------------------------    -------------------

                         (clock clk_out1_clk_wiz_0 rise edge)
                                                      0.000     0.000 r  
    BUFGCTRL_X0Y16       BUFG                         0.000     0.000 r  clk_IBUF_BUFG_inst/O
                         net (fo=1697, routed)        0.828     0.828    i2spcm0/inst/inst/clk_in1
    MMCME2_ADV_X0Y1      MMCME2_ADV (Prop_mmcme2_adv_CLKIN1_CLKOUT0)
                                                     -1.394    -0.567 r  i2spcm0/inst/inst/mmcm_adv_inst/CLKOUT0
                         net (fo=1, routed)           0.540    -0.027    i2spcm0/inst/inst/clk_out1_clk_wiz_0
    BUFGCTRL_X0Y1        BUFG (Prop_bufg_I_O)         0.029     0.002 r  i2spcm0/inst/inst/clkout1_buf/O
                         net (fo=30, routed)          0.875     0.877    i2spcm0/clk_gen_fast
    SLICE_X82Y91         FDRE                                         r  i2spcm0/lreg_reg[28]/C

Slack:                    inf
  Source:                 i2s_data
                            (input port)
  Destination:            i2spcm0/lreg_reg[24]/D
                            (rising edge-triggered cell FDRE clocked by clk_out1_clk_wiz_0  {rise@0.000ns fall@30.516ns period=61.032ns})
  Path Group:             (none)
  Path Type:              Hold (Min at Fast Process Corner)
  Data Path Delay:        0.956ns  (logic 0.228ns (23.875%)  route 0.728ns (76.125%))
  Logic Levels:           1  (IBUF=1)
  Clock Path Skew:        0.877ns (DCD - SCD - CPR)
    Destination Clock Delay (DCD):    0.877ns
    Source Clock Delay      (SCD):    0.000ns
    Clock Pessimism Removal (CPR):    -0.000ns

    Location             Delay type                Incr(ns)  Path(ns)    Netlist Resource(s)
  -------------------------------------------------------------------    -------------------
    J2                                                0.000     0.000 r  i2s_data (IN)
                         net (fo=0)                   0.000     0.000    i2s_data
    J2                   IBUF (Prop_ibuf_I_O)         0.228     0.228 r  i2s_data_IBUF_inst/O
                         net (fo=18, routed)          0.728     0.956    i2spcm0/D[0]
    SLICE_X88Y89         FDRE                                         r  i2spcm0/lreg_reg[24]/D
  -------------------------------------------------------------------    -------------------

                         (clock clk_out1_clk_wiz_0 rise edge)
                                                      0.000     0.000 r  
    BUFGCTRL_X0Y16       BUFG                         0.000     0.000 r  clk_IBUF_BUFG_inst/O
                         net (fo=1697, routed)        0.828     0.828    i2spcm0/inst/inst/clk_in1
    MMCME2_ADV_X0Y1      MMCME2_ADV (Prop_mmcme2_adv_CLKIN1_CLKOUT0)
                                                     -1.394    -0.567 r  i2spcm0/inst/inst/mmcm_adv_inst/CLKOUT0
                         net (fo=1, routed)           0.540    -0.027    i2spcm0/inst/inst/clk_out1_clk_wiz_0
    BUFGCTRL_X0Y1        BUFG (Prop_bufg_I_O)         0.029     0.002 r  i2spcm0/inst/inst/clkout1_buf/O
                         net (fo=30, routed)          0.875     0.877    i2spcm0/clk_gen_fast
    SLICE_X88Y89         FDRE                                         r  i2spcm0/lreg_reg[24]/C

Slack:                    inf
  Source:                 i2s_data
                            (input port)
  Destination:            i2spcm0/lreg_reg[31]/D
                            (rising edge-triggered cell FDRE clocked by clk_out1_clk_wiz_0  {rise@0.000ns fall@30.516ns period=61.032ns})
  Path Group:             (none)
  Path Type:              Hold (Min at Fast Process Corner)
  Data Path Delay:        0.991ns  (logic 0.228ns (23.047%)  route 0.762ns (76.953%))
  Logic Levels:           1  (IBUF=1)
  Clock Path Skew:        0.877ns (DCD - SCD - CPR)
    Destination Clock Delay (DCD):    0.877ns
    Source Clock Delay      (SCD):    0.000ns
    Clock Pessimism Removal (CPR):    -0.000ns

    Location             Delay type                Incr(ns)  Path(ns)    Netlist Resource(s)
  -------------------------------------------------------------------    -------------------
    J2                                                0.000     0.000 r  i2s_data (IN)
                         net (fo=0)                   0.000     0.000    i2s_data
    J2                   IBUF (Prop_ibuf_I_O)         0.228     0.228 r  i2s_data_IBUF_inst/O
                         net (fo=18, routed)          0.762     0.991    i2spcm0/D[0]
    SLICE_X83Y91         FDRE                                         r  i2spcm0/lreg_reg[31]/D
  -------------------------------------------------------------------    -------------------

                         (clock clk_out1_clk_wiz_0 rise edge)
                                                      0.000     0.000 r  
    BUFGCTRL_X0Y16       BUFG                         0.000     0.000 r  clk_IBUF_BUFG_inst/O
                         net (fo=1697, routed)        0.828     0.828    i2spcm0/inst/inst/clk_in1
    MMCME2_ADV_X0Y1      MMCME2_ADV (Prop_mmcme2_adv_CLKIN1_CLKOUT0)
                                                     -1.394    -0.567 r  i2spcm0/inst/inst/mmcm_adv_inst/CLKOUT0
                         net (fo=1, routed)           0.540    -0.027    i2spcm0/inst/inst/clk_out1_clk_wiz_0
    BUFGCTRL_X0Y1        BUFG (Prop_bufg_I_O)         0.029     0.002 r  i2spcm0/inst/inst/clkout1_buf/O
                         net (fo=30, routed)          0.875     0.877    i2spcm0/clk_gen_fast
    SLICE_X83Y91         FDRE                                         r  i2spcm0/lreg_reg[31]/C

Slack:                    inf
  Source:                 i2s_data
                            (input port)
  Destination:            i2spcm0/lreg_reg[23]/D
                            (rising edge-triggered cell FDRE clocked by clk_out1_clk_wiz_0  {rise@0.000ns fall@30.516ns period=61.032ns})
  Path Group:             (none)
  Path Type:              Hold (Min at Fast Process Corner)
  Data Path Delay:        1.002ns  (logic 0.228ns (22.790%)  route 0.773ns (77.210%))
  Logic Levels:           1  (IBUF=1)
  Clock Path Skew:        0.877ns (DCD - SCD - CPR)
    Destination Clock Delay (DCD):    0.877ns
    Source Clock Delay      (SCD):    0.000ns
    Clock Pessimism Removal (CPR):    -0.000ns

    Location             Delay type                Incr(ns)  Path(ns)    Netlist Resource(s)
  -------------------------------------------------------------------    -------------------
    J2                                                0.000     0.000 r  i2s_data (IN)
                         net (fo=0)                   0.000     0.000    i2s_data
    J2                   IBUF (Prop_ibuf_I_O)         0.228     0.228 r  i2s_data_IBUF_inst/O
                         net (fo=18, routed)          0.773     1.002    i2spcm0/D[0]
    SLICE_X89Y88         FDRE                                         r  i2spcm0/lreg_reg[23]/D
  -------------------------------------------------------------------    -------------------

                         (clock clk_out1_clk_wiz_0 rise edge)
                                                      0.000     0.000 r  
    BUFGCTRL_X0Y16       BUFG                         0.000     0.000 r  clk_IBUF_BUFG_inst/O
                         net (fo=1697, routed)        0.828     0.828    i2spcm0/inst/inst/clk_in1
    MMCME2_ADV_X0Y1      MMCME2_ADV (Prop_mmcme2_adv_CLKIN1_CLKOUT0)
                                                     -1.394    -0.567 r  i2spcm0/inst/inst/mmcm_adv_inst/CLKOUT0
                         net (fo=1, routed)           0.540    -0.027    i2spcm0/inst/inst/clk_out1_clk_wiz_0
    BUFGCTRL_X0Y1        BUFG (Prop_bufg_I_O)         0.029     0.002 r  i2spcm0/inst/inst/clkout1_buf/O
                         net (fo=30, routed)          0.875     0.877    i2spcm0/clk_gen_fast
    SLICE_X89Y88         FDRE                                         r  i2spcm0/lreg_reg[23]/C

Slack:                    inf
  Source:                 i2s_data
                            (input port)
  Destination:            i2spcm0/lreg_reg[25]/D
                            (rising edge-triggered cell FDRE clocked by clk_out1_clk_wiz_0  {rise@0.000ns fall@30.516ns period=61.032ns})
  Path Group:             (none)
  Path Type:              Hold (Min at Fast Process Corner)
  Data Path Delay:        1.002ns  (logic 0.228ns (22.790%)  route 0.773ns (77.210%))
  Logic Levels:           1  (IBUF=1)
  Clock Path Skew:        0.877ns (DCD - SCD - CPR)
    Destination Clock Delay (DCD):    0.877ns
    Source Clock Delay      (SCD):    0.000ns
    Clock Pessimism Removal (CPR):    -0.000ns

    Location             Delay type                Incr(ns)  Path(ns)    Netlist Resource(s)
  -------------------------------------------------------------------    -------------------
    J2                                                0.000     0.000 r  i2s_data (IN)
                         net (fo=0)                   0.000     0.000    i2s_data
    J2                   IBUF (Prop_ibuf_I_O)         0.228     0.228 r  i2s_data_IBUF_inst/O
                         net (fo=18, routed)          0.773     1.002    i2spcm0/D[0]
    SLICE_X88Y88         FDRE                                         r  i2spcm0/lreg_reg[25]/D
  -------------------------------------------------------------------    -------------------

                         (clock clk_out1_clk_wiz_0 rise edge)
                                                      0.000     0.000 r  
    BUFGCTRL_X0Y16       BUFG                         0.000     0.000 r  clk_IBUF_BUFG_inst/O
                         net (fo=1697, routed)        0.828     0.828    i2spcm0/inst/inst/clk_in1
    MMCME2_ADV_X0Y1      MMCME2_ADV (Prop_mmcme2_adv_CLKIN1_CLKOUT0)
                                                     -1.394    -0.567 r  i2spcm0/inst/inst/mmcm_adv_inst/CLKOUT0
                         net (fo=1, routed)           0.540    -0.027    i2spcm0/inst/inst/clk_out1_clk_wiz_0
    BUFGCTRL_X0Y1        BUFG (Prop_bufg_I_O)         0.029     0.002 r  i2spcm0/inst/inst/clkout1_buf/O
                         net (fo=30, routed)          0.875     0.877    i2spcm0/clk_gen_fast
    SLICE_X88Y88         FDRE                                         r  i2spcm0/lreg_reg[25]/C

Slack:                    inf
  Source:                 i2s_data
                            (input port)
  Destination:            i2spcm0/lreg_reg[26]/D
                            (rising edge-triggered cell FDRE clocked by clk_out1_clk_wiz_0  {rise@0.000ns fall@30.516ns period=61.032ns})
  Path Group:             (none)
  Path Type:              Hold (Min at Fast Process Corner)
  Data Path Delay:        1.043ns  (logic 0.228ns (21.883%)  route 0.815ns (78.117%))
  Logic Levels:           1  (IBUF=1)
  Clock Path Skew:        0.878ns (DCD - SCD - CPR)
    Destination Clock Delay (DCD):    0.878ns
    Source Clock Delay      (SCD):    0.000ns
    Clock Pessimism Removal (CPR):    -0.000ns

    Location             Delay type                Incr(ns)  Path(ns)    Netlist Resource(s)
  -------------------------------------------------------------------    -------------------
    J2                                                0.000     0.000 r  i2s_data (IN)
                         net (fo=0)                   0.000     0.000    i2s_data
    J2                   IBUF (Prop_ibuf_I_O)         0.228     0.228 r  i2s_data_IBUF_inst/O
                         net (fo=18, routed)          0.815     1.043    i2spcm0/D[0]
    SLICE_X87Y92         FDRE                                         r  i2spcm0/lreg_reg[26]/D
  -------------------------------------------------------------------    -------------------

                         (clock clk_out1_clk_wiz_0 rise edge)
                                                      0.000     0.000 r  
    BUFGCTRL_X0Y16       BUFG                         0.000     0.000 r  clk_IBUF_BUFG_inst/O
                         net (fo=1697, routed)        0.828     0.828    i2spcm0/inst/inst/clk_in1
    MMCME2_ADV_X0Y1      MMCME2_ADV (Prop_mmcme2_adv_CLKIN1_CLKOUT0)
                                                     -1.394    -0.567 r  i2spcm0/inst/inst/mmcm_adv_inst/CLKOUT0
                         net (fo=1, routed)           0.540    -0.027    i2spcm0/inst/inst/clk_out1_clk_wiz_0
    BUFGCTRL_X0Y1        BUFG (Prop_bufg_I_O)         0.029     0.002 r  i2spcm0/inst/inst/clkout1_buf/O
                         net (fo=30, routed)          0.876     0.878    i2spcm0/clk_gen_fast
    SLICE_X87Y92         FDRE                                         r  i2spcm0/lreg_reg[26]/C





--------------------------------------------------------------------------------------
Path Group:  (none)
From Clock:  
  To Clock:  clk_pixel_clk_wiz

Max Delay             3 Endpoints
Min Delay             3 Endpoints
--------------------------------------------------------------------------------------


Max Delay Paths
--------------------------------------------------------------------------------------
Slack:                    inf
  Source:                 arstn
                            (input port)
  Destination:            vga0/rstn_pixel_sync_reg[0]/CLR
                            (recovery check against rising-edge clock clk_pixel_clk_wiz  {rise@0.000ns fall@20.000ns period=40.000ns})
  Path Group:             (none)
  Path Type:              Recovery (Max at Slow Process Corner)
  Data Path Delay:        7.847ns  (logic 1.657ns (21.116%)  route 6.190ns (78.884%))
  Logic Levels:           2  (IBUF=1 LUT1=1)
  Clock Path Skew:        1.511ns (DCD - SCD + CPR)
    Destination Clock Delay (DCD):    1.511ns
    Source Clock Delay      (SCD):    0.000ns
    Clock Pessimism Removal (CPR):    0.000ns
  Clock Uncertainty:      0.199ns  ((TSJ^2 + DJ^2)^1/2) / 2 + PE
    Total System Jitter     (TSJ):    0.050ns
    Discrete Jitter          (DJ):    0.182ns
    Phase Error              (PE):    0.104ns

    Location             Delay type                Incr(ns)  Path(ns)    Netlist Resource(s)
  -------------------------------------------------------------------    -------------------
    C12                                               0.000     0.000 r  arstn (IN)
                         net (fo=0)                   0.000     0.000    arstn
    C12                  IBUF (Prop_ibuf_I_O)         1.507     1.507 r  arstn_IBUF_inst/O
                         net (fo=18, routed)          4.308     5.815    i2spcm0/arstn_IBUF
    SLICE_X69Y99         LUT1 (Prop_lut1_I0_O)        0.150     5.965 f  i2spcm0/xpm_cdc_pulse_inst_i_1/O
                         net (fo=268, routed)         1.882     7.847    vga0/valid_o_reg
    SLICE_X66Y91         FDCE                                         f  vga0/rstn_pixel_sync_reg[0]/CLR
  -------------------------------------------------------------------    -------------------

                         (clock clk_pixel_clk_wiz rise edge)
                                                      0.000     0.000 r  
    BUFGCTRL_X0Y16       BUFG                         0.000     0.000 r  clk_IBUF_BUFG_inst/O
                         net (fo=1697, routed)        1.683     1.683    vga0/clk_wiz_i/inst/clk
    MMCME2_ADV_X0Y0      MMCME2_ADV (Prop_mmcme2_adv_CLKIN1_CLKOUT0)
                                                     -3.694    -2.011 r  vga0/clk_wiz_i/inst/mmcm_adv_inst/CLKOUT0
                         net (fo=1, routed)           1.923    -0.088    vga0/clk_wiz_i/inst/clk_pixel_clk_wiz
    BUFGCTRL_X0Y0        BUFG (Prop_bufg_I_O)         0.091     0.003 r  vga0/clk_wiz_i/inst/clkout1_buf/O
                         net (fo=283, routed)         1.508     1.511    vga0/clk_pixel
    SLICE_X66Y91         FDCE                                         r  vga0/rstn_pixel_sync_reg[0]/C

Slack:                    inf
  Source:                 arstn
                            (input port)
  Destination:            vga0/rstn_pixel_reg/CLR
                            (recovery check against rising-edge clock clk_pixel_clk_wiz  {rise@0.000ns fall@20.000ns period=40.000ns})
  Path Group:             (none)
  Path Type:              Recovery (Max at Slow Process Corner)
  Data Path Delay:        7.758ns  (logic 1.657ns (21.360%)  route 6.101ns (78.640%))
  Logic Levels:           2  (IBUF=1 LUT1=1)
  Clock Path Skew:        1.512ns (DCD - SCD + CPR)
    Destination Clock Delay (DCD):    1.512ns
    Source Clock Delay      (SCD):    0.000ns
    Clock Pessimism Removal (CPR):    0.000ns
  Clock Uncertainty:      0.199ns  ((TSJ^2 + DJ^2)^1/2) / 2 + PE
    Total System Jitter     (TSJ):    0.050ns
    Discrete Jitter          (DJ):    0.182ns
    Phase Error              (PE):    0.104ns

    Location             Delay type                Incr(ns)  Path(ns)    Netlist Resource(s)
  -------------------------------------------------------------------    -------------------
    C12                                               0.000     0.000 r  arstn (IN)
                         net (fo=0)                   0.000     0.000    arstn
    C12                  IBUF (Prop_ibuf_I_O)         1.507     1.507 r  arstn_IBUF_inst/O
                         net (fo=18, routed)          4.308     5.815    i2spcm0/arstn_IBUF
    SLICE_X69Y99         LUT1 (Prop_lut1_I0_O)        0.150     5.965 f  i2spcm0/xpm_cdc_pulse_inst_i_1/O
                         net (fo=268, routed)         1.792     7.758    vga0/valid_o_reg
    SLICE_X67Y95         FDCE                                         f  vga0/rstn_pixel_reg/CLR
  -------------------------------------------------------------------    -------------------

                         (clock clk_pixel_clk_wiz rise edge)
                                                      0.000     0.000 r  
    BUFGCTRL_X0Y16       BUFG                         0.000     0.000 r  clk_IBUF_BUFG_inst/O
                         net (fo=1697, routed)        1.683     1.683    vga0/clk_wiz_i/inst/clk
    MMCME2_ADV_X0Y0      MMCME2_ADV (Prop_mmcme2_adv_CLKIN1_CLKOUT0)
                                                     -3.694    -2.011 r  vga0/clk_wiz_i/inst/mmcm_adv_inst/CLKOUT0
                         net (fo=1, routed)           1.923    -0.088    vga0/clk_wiz_i/inst/clk_pixel_clk_wiz
    BUFGCTRL_X0Y0        BUFG (Prop_bufg_I_O)         0.091     0.003 r  vga0/clk_wiz_i/inst/clkout1_buf/O
                         net (fo=283, routed)         1.509     1.512    vga0/clk_pixel
    SLICE_X67Y95         FDCE                                         r  vga0/rstn_pixel_reg/C

Slack:                    inf
  Source:                 arstn
                            (input port)
  Destination:            vga0/rstn_pixel_sync_reg[1]/CLR
                            (recovery check against rising-edge clock clk_pixel_clk_wiz  {rise@0.000ns fall@20.000ns period=40.000ns})
  Path Group:             (none)
  Path Type:              Recovery (Max at Slow Process Corner)
  Data Path Delay:        7.758ns  (logic 1.657ns (21.360%)  route 6.101ns (78.640%))
  Logic Levels:           2  (IBUF=1 LUT1=1)
  Clock Path Skew:        1.512ns (DCD - SCD + CPR)
    Destination Clock Delay (DCD):    1.512ns
    Source Clock Delay      (SCD):    0.000ns
    Clock Pessimism Removal (CPR):    0.000ns
  Clock Uncertainty:      0.199ns  ((TSJ^2 + DJ^2)^1/2) / 2 + PE
    Total System Jitter     (TSJ):    0.050ns
    Discrete Jitter          (DJ):    0.182ns
    Phase Error              (PE):    0.104ns

    Location             Delay type                Incr(ns)  Path(ns)    Netlist Resource(s)
  -------------------------------------------------------------------    -------------------
    C12                                               0.000     0.000 r  arstn (IN)
                         net (fo=0)                   0.000     0.000    arstn
    C12                  IBUF (Prop_ibuf_I_O)         1.507     1.507 r  arstn_IBUF_inst/O
                         net (fo=18, routed)          4.308     5.815    i2spcm0/arstn_IBUF
    SLICE_X69Y99         LUT1 (Prop_lut1_I0_O)        0.150     5.965 f  i2spcm0/xpm_cdc_pulse_inst_i_1/O
                         net (fo=268, routed)         1.792     7.758    vga0/valid_o_reg
    SLICE_X67Y95         FDCE                                         f  vga0/rstn_pixel_sync_reg[1]/CLR
  -------------------------------------------------------------------    -------------------

                         (clock clk_pixel_clk_wiz rise edge)
                                                      0.000     0.000 r  
    BUFGCTRL_X0Y16       BUFG                         0.000     0.000 r  clk_IBUF_BUFG_inst/O
                         net (fo=1697, routed)        1.683     1.683    vga0/clk_wiz_i/inst/clk
    MMCME2_ADV_X0Y0      MMCME2_ADV (Prop_mmcme2_adv_CLKIN1_CLKOUT0)
                                                     -3.694    -2.011 r  vga0/clk_wiz_i/inst/mmcm_adv_inst/CLKOUT0
                         net (fo=1, routed)           1.923    -0.088    vga0/clk_wiz_i/inst/clk_pixel_clk_wiz
    BUFGCTRL_X0Y0        BUFG (Prop_bufg_I_O)         0.091     0.003 r  vga0/clk_wiz_i/inst/clkout1_buf/O
                         net (fo=283, routed)         1.509     1.512    vga0/clk_pixel
    SLICE_X67Y95         FDCE                                         r  vga0/rstn_pixel_sync_reg[1]/C





Min Delay Paths
--------------------------------------------------------------------------------------
Slack:                    inf
  Source:                 arstn
                            (input port)
  Destination:            vga0/rstn_pixel_reg/CLR
                            (removal check against rising-edge clock clk_pixel_clk_wiz  {rise@0.000ns fall@20.000ns period=40.000ns})
  Path Group:             (none)
  Path Type:              Removal (Min at Fast Process Corner)
  Data Path Delay:        3.015ns  (logic 0.318ns (10.533%)  route 2.698ns (89.467%))
  Logic Levels:           2  (IBUF=1 LUT1=1)
  Clock Path Skew:        0.840ns (DCD - SCD - CPR)
    Destination Clock Delay (DCD):    0.840ns
    Source Clock Delay      (SCD):    0.000ns
    Clock Pessimism Removal (CPR):    -0.000ns

    Location             Delay type                Incr(ns)  Path(ns)    Netlist Resource(s)
  -------------------------------------------------------------------    -------------------
    C12                                               0.000     0.000 r  arstn (IN)
                         net (fo=0)                   0.000     0.000    arstn
    C12                  IBUF (Prop_ibuf_I_O)         0.275     0.275 r  arstn_IBUF_inst/O
                         net (fo=18, routed)          1.879     2.154    i2spcm0/arstn_IBUF
    SLICE_X69Y99         LUT1 (Prop_lut1_I0_O)        0.043     2.197 f  i2spcm0/xpm_cdc_pulse_inst_i_1/O
                         net (fo=268, routed)         0.818     3.015    vga0/valid_o_reg
    SLICE_X67Y95         FDCE                                         f  vga0/rstn_pixel_reg/CLR
  -------------------------------------------------------------------    -------------------

                         (clock clk_pixel_clk_wiz rise edge)
                                                      0.000     0.000 r  
    BUFGCTRL_X0Y16       BUFG                         0.000     0.000 r  clk_IBUF_BUFG_inst/O
                         net (fo=1697, routed)        0.898     0.898    vga0/clk_wiz_i/inst/clk
    MMCME2_ADV_X0Y0      MMCME2_ADV (Prop_mmcme2_adv_CLKIN1_CLKOUT0)
                                                     -1.625    -0.727 r  vga0/clk_wiz_i/inst/mmcm_adv_inst/CLKOUT0
                         net (fo=1, routed)           0.700    -0.027    vga0/clk_wiz_i/inst/clk_pixel_clk_wiz
    BUFGCTRL_X0Y0        BUFG (Prop_bufg_I_O)         0.029     0.002 r  vga0/clk_wiz_i/inst/clkout1_buf/O
                         net (fo=283, routed)         0.838     0.840    vga0/clk_pixel
    SLICE_X67Y95         FDCE                                         r  vga0/rstn_pixel_reg/C

Slack:                    inf
  Source:                 arstn
                            (input port)
  Destination:            vga0/rstn_pixel_sync_reg[1]/CLR
                            (removal check against rising-edge clock clk_pixel_clk_wiz  {rise@0.000ns fall@20.000ns period=40.000ns})
  Path Group:             (none)
  Path Type:              Removal (Min at Fast Process Corner)
  Data Path Delay:        3.015ns  (logic 0.318ns (10.533%)  route 2.698ns (89.467%))
  Logic Levels:           2  (IBUF=1 LUT1=1)
  Clock Path Skew:        0.840ns (DCD - SCD - CPR)
    Destination Clock Delay (DCD):    0.840ns
    Source Clock Delay      (SCD):    0.000ns
    Clock Pessimism Removal (CPR):    -0.000ns

    Location             Delay type                Incr(ns)  Path(ns)    Netlist Resource(s)
  -------------------------------------------------------------------    -------------------
    C12                                               0.000     0.000 r  arstn (IN)
                         net (fo=0)                   0.000     0.000    arstn
    C12                  IBUF (Prop_ibuf_I_O)         0.275     0.275 r  arstn_IBUF_inst/O
                         net (fo=18, routed)          1.879     2.154    i2spcm0/arstn_IBUF
    SLICE_X69Y99         LUT1 (Prop_lut1_I0_O)        0.043     2.197 f  i2spcm0/xpm_cdc_pulse_inst_i_1/O
                         net (fo=268, routed)         0.818     3.015    vga0/valid_o_reg
    SLICE_X67Y95         FDCE                                         f  vga0/rstn_pixel_sync_reg[1]/CLR
  -------------------------------------------------------------------    -------------------

                         (clock clk_pixel_clk_wiz rise edge)
                                                      0.000     0.000 r  
    BUFGCTRL_X0Y16       BUFG                         0.000     0.000 r  clk_IBUF_BUFG_inst/O
                         net (fo=1697, routed)        0.898     0.898    vga0/clk_wiz_i/inst/clk
    MMCME2_ADV_X0Y0      MMCME2_ADV (Prop_mmcme2_adv_CLKIN1_CLKOUT0)
                                                     -1.625    -0.727 r  vga0/clk_wiz_i/inst/mmcm_adv_inst/CLKOUT0
                         net (fo=1, routed)           0.700    -0.027    vga0/clk_wiz_i/inst/clk_pixel_clk_wiz
    BUFGCTRL_X0Y0        BUFG (Prop_bufg_I_O)         0.029     0.002 r  vga0/clk_wiz_i/inst/clkout1_buf/O
                         net (fo=283, routed)         0.838     0.840    vga0/clk_pixel
    SLICE_X67Y95         FDCE                                         r  vga0/rstn_pixel_sync_reg[1]/C

Slack:                    inf
  Source:                 arstn
                            (input port)
  Destination:            vga0/rstn_pixel_sync_reg[0]/CLR
                            (removal check against rising-edge clock clk_pixel_clk_wiz  {rise@0.000ns fall@20.000ns period=40.000ns})
  Path Group:             (none)
  Path Type:              Removal (Min at Fast Process Corner)
  Data Path Delay:        3.055ns  (logic 0.318ns (10.396%)  route 2.737ns (89.604%))
  Logic Levels:           2  (IBUF=1 LUT1=1)
  Clock Path Skew:        0.839ns (DCD - SCD - CPR)
    Destination Clock Delay (DCD):    0.839ns
    Source Clock Delay      (SCD):    0.000ns
    Clock Pessimism Removal (CPR):    -0.000ns

    Location             Delay type                Incr(ns)  Path(ns)    Netlist Resource(s)
  -------------------------------------------------------------------    -------------------
    C12                                               0.000     0.000 r  arstn (IN)
                         net (fo=0)                   0.000     0.000    arstn
    C12                  IBUF (Prop_ibuf_I_O)         0.275     0.275 r  arstn_IBUF_inst/O
                         net (fo=18, routed)          1.879     2.154    i2spcm0/arstn_IBUF
    SLICE_X69Y99         LUT1 (Prop_lut1_I0_O)        0.043     2.197 f  i2spcm0/xpm_cdc_pulse_inst_i_1/O
                         net (fo=268, routed)         0.858     3.055    vga0/valid_o_reg
    SLICE_X66Y91         FDCE                                         f  vga0/rstn_pixel_sync_reg[0]/CLR
  -------------------------------------------------------------------    -------------------

                         (clock clk_pixel_clk_wiz rise edge)
                                                      0.000     0.000 r  
    BUFGCTRL_X0Y16       BUFG                         0.000     0.000 r  clk_IBUF_BUFG_inst/O
                         net (fo=1697, routed)        0.898     0.898    vga0/clk_wiz_i/inst/clk
    MMCME2_ADV_X0Y0      MMCME2_ADV (Prop_mmcme2_adv_CLKIN1_CLKOUT0)
                                                     -1.625    -0.727 r  vga0/clk_wiz_i/inst/mmcm_adv_inst/CLKOUT0
                         net (fo=1, routed)           0.700    -0.027    vga0/clk_wiz_i/inst/clk_pixel_clk_wiz
    BUFGCTRL_X0Y0        BUFG (Prop_bufg_I_O)         0.029     0.002 r  vga0/clk_wiz_i/inst/clkout1_buf/O
                         net (fo=283, routed)         0.837     0.839    vga0/clk_pixel
    SLICE_X66Y91         FDCE                                         r  vga0/rstn_pixel_sync_reg[0]/C





