1.183593750 0.222656250 0.164062500 0.144531250 0.253906250 0.605468750 0.140625000 0.343750000 0.601562500 0.371093750 0.589843750 0.226562500 0.417968750 0.046875000 0.078125000 0.109375000 0.113281250 0.171875000 0.105468750 0.468750000 0.003906250 0.066406250 0.109375000 0.140625000 0.058593750 0.164062500 0.179687500 0.039062500 0.171875000 0.109375000 0.144531250 0.058593750 0.027343750 0.136718750 0.082031250 0.097656250 0.082031250 0.097656250 0.046875000 0.050781250 0.097656250 0.113281250 0.171875000 0.031250000 0.179687500 0.097656250 0.125000000 0.046875000 0.054687500 0.050781250 0.117187500 0.039062500 0.039062500 0.050781250 0.019531250 0.046875000 0.046875000 0.113281250 0.070312500 0.023437500 0.042968750 0.050781250 0.019531250 0.066406250 0.011718750 0.015625000 0.042968750 0.082031250 0.093750000 0.027343750 0.027343750 0.066406250 0.035156250 0.058593750 0.042968750 0.050781250 0.023437500 0.003906250 0.042968750 0.027343750 0.027343750 0.015625000 0.027343750 0.035156250 0.031250000 0.089843750 0.058593750 0.027343750 0.046875000 0.019531250 0.035156250 0.027343750 0.019531250 0.074218750 0.035156250 0.031250000 0.054687500 0.019531250 0.046875000 0.046875000 0.039062500 0.152343750 0.125000000 0.089843750 0.089843750 0.113281250 0.128906250 0.101562500 0.042968750 0.035156250 0.039062500 0.050781250 0.007812500 0.035156250 0.046875000 0.003906250 0.023437500 0.031250000 0.035156250 0.039062500 0.015625000 0.027343750 0.042968750 0.035156250 0.031250000 0.015625000 0.035156250 0.035156250 0.039062500 0.015625000 0.066406250 0.019531250 0.074218750 0.058593750 0.023437500 0.058593750 0.039062500 0.046875000 0.046875000 0.035156250 0.035156250 0.042968750 0.070312500 0.027343750 0.023437500 0.035156250 0.054687500 0.046875000 0.011718750 0.019531250 0.015625000 0.050781250 0.031250000 0.015625000 0.031250000 0.011718750 0.015625000 0.046875000 0.027343750 0.031250000 0.042968750 0.015625000 0.019531250 0.027343750 0.035156250 0.023437500 0.058593750 0.023437500 0.015625000 0.011718750 0.042968750 0.011718750 0.019531250 0.007812500 0.023437500 0.003906250 0.031250000 0.039062500 0.039062500 0.031250000 0.035156250 0.042968750 0.015625000 0.054687500 0.031250000 0.027343750 0.007812500 0.039062500 0.039062500 0.007812500 0.031250000 0.042968750 0.007812500 0.019531250 0.050781250 0.027343750 0.011718750 0.011718750 0.039062500 0.007812500 0.023437500 0.015625000 0.011718750 0.027343750 0.023437500 0.039062500 0.039062500 0.054687500 0.050781250 0.054687500 0.027343750 0.054687500 0.019531250 0.031250000 0.031250000 0.050781250 0.023437500 0.035156250 0.035156250 0.070312500 0.082031250 0.074218750 0.105468750 0.050781250 0.078125000 0.093750000 0.070312500 0.039062500 0.027343750 0.046875000 0.078125000 0.097656250 0.074218750 0.085937500 0.113281250 0.148437500 0.136718750 0.148437500 0.175781250 0.222656250 0.203125000 0.242187500 0.265625000 0.242187500 0.238281250 0.179687500 0.152343750 0.128906250 0.085937500 0.046875000 0.015625000 0.023437500 0.042968750 0.035156250 0.050781250 0.050781250 0.042968750 
0.906250000 0.062500000 0.246093750 0.242187500 0.109375000 0.402343750 0.269531250 0.113281250 0.476562500 0.824218750 0.101562500 0.167968750 0.335937500 0.062500000 0.046875000 0.046875000 0.050781250 0.019531250 0.113281250 0.371093750 0.164062500 0.027343750 0.117187500 0.082031250 0.179687500 0.117187500 0.101562500 0.093750000 0.148437500 0.027343750 0.074218750 0.105468750 0.132812500 0.121093750 0.109375000 0.156250000 0.113281250 0.125000000 0.046875000 0.109375000 0.074218750 0.125000000 0.183593750 0.097656250 0.121093750 0.109375000 0.101562500 0.070312500 0.062500000 0.062500000 0.117187500 0.015625000 0.031250000 0.085937500 0.035156250 0.042968750 0.035156250 0.093750000 0.062500000 0.027343750 0.027343750 0.058593750 0.011718750 0.062500000 0.019531250 0.039062500 0.035156250 0.050781250 0.058593750 0.027343750 0.003906250 0.058593750 0.054687500 0.019531250 0.046875000 0.062500000 0.019531250 0.003906250 0.042968750 0.019531250 0.035156250 0.015625000 0.046875000 0.054687500 0.027343750 0.097656250 0.023437500 0.058593750 0.039062500 0.019531250 0.031250000 0.042968750 0.031250000 0.074218750 0.046875000 0.050781250 0.019531250 0.035156250 0.023437500 0.019531250 0.031250000 0.140625000 0.109375000 0.128906250 0.121093750 0.097656250 0.128906250 0.082031250 0.050781250 0.035156250 0.031250000 0.085937500 0.023437500 0.023437500 0.035156250 0.023437500 0.011718750 0.019531250 0.031250000 0.023437500 0.023437500 0.039062500 0.027343750 0.023437500 0.027343750 0.015625000 0.050781250 0.042968750 0.035156250 0.015625000 0.070312500 0.027343750 0.074218750 0.039062500 0.046875000 0.050781250 0.023437500 0.058593750 0.058593750 0.054687500 0.039062500 0.031250000 0.062500000 0.039062500 0.031250000 0.054687500 0.015625000 0.031250000 0.019531250 0.027343750 0.023437500 0.042968750 0.011718750 0.019531250 0.042968750 0.003906250 0.007812500 0.035156250 0.039062500 0.054687500 0.023437500 0.023437500 0.042968750 0.054687500 0.027343750 0.031250000 0.039062500 0.015625000 0.027343750 0.031250000 0.011718750 0.046875000 0.015625000 0.027343750 0.015625000 0.015625000 0.039062500 0.023437500 0.015625000 0.054687500 0.031250000 0.050781250 0.003906250 0.039062500 0.023437500 0.042968750 0.027343750 0.039062500 0.035156250 0.003906250 0.035156250 0.039062500 0.011718750 0.035156250 0.039062500 0.023437500 0.023437500 0.015625000 0.035156250 0.019531250 0.007812500 0.039062500 0.019531250 0.019531250 0.015625000 0.042968750 0.011718750 0.070312500 0.031250000 0.062500000 0.035156250 0.058593750 0.035156250 0.023437500 0.031250000 0.058593750 0.023437500 0.015625000 0.066406250 0.074218750 0.062500000 0.058593750 0.105468750 0.074218750 0.097656250 0.082031250 0.054687500 0.074218750 0.054687500 0.058593750 0.054687500 0.085937500 0.085937500 0.093750000 0.101562500 0.175781250 0.117187500 0.160156250 0.175781250 0.210937500 0.210937500 0.214843750 0.300781250 0.277343750 0.214843750 0.144531250 0.148437500 0.148437500 0.093750000 0.078125000 0.058593750 0.089843750 0.035156250 0.027343750 0.070312500 0.082031250 0.070312500 
0.476562500 0.222656250 0.269531250 0.132812500 0.542968750 0.167968750 0.402343750 0.468750000 0.449218750 0.730468750 0.304687500 0.265625000 0.121093750 0.144531250 0.031250000 0.121093750 0.050781250 0.132812500 0.101562500 0.386718750 0.175781250 0.152343750 0.023437500 0.070312500 0.230468750 0.074218750 0.183593750 0.164062500 0.078125000 0.117187500 0.046875000 0.175781250 0.074218750 0.105468750 0.109375000 0.179687500 0.046875000 0.132812500 0.109375000 0.082031250 0.058593750 0.234375000 0.062500000 0.066406250 0.050781250 0.105468750 0.093750000 0.023437500 0.093750000 0.050781250 0.109375000 0.023437500 0.054687500 0.117187500 0.023437500 0.019531250 0.050781250 0.078125000 0.050781250 0.054687500 0.046875000 0.050781250 0.031250000 0.042968750 0.031250000 0.027343750 0.046875000 0.050781250 0.050781250 0.027343750 0.027343750 0.062500000 0.050781250 0.015625000 0.027343750 0.027343750 0.015625000 0.027343750 0.007812500 0.042968750 0.003906250 0.035156250 0.039062500 0.042968750 0.023437500 0.121093750 0.011718750 0.035156250 0.046875000 0.039062500 0.015625000 0.035156250 0.058593750 0.050781250 0.070312500 0.031250000 0.023437500 0.019531250 0.035156250 0.007812500 0.066406250 0.093750000 0.132812500 0.144531250 0.093750000 0.097656250 0.195312500 0.042968750 0.050781250 0.054687500 0.054687500 0.062500000 0.050781250 0.003906250 0.031250000 0.027343750 0.011718750 0.039062500 0.039062500 0.011718750 0.023437500 0.046875000 0.019531250 0.031250000 0.039062500 0.019531250 0.050781250 0.039062500 0.027343750 0.015625000 0.054687500 0.031250000 0.078125000 0.035156250 0.066406250 0.042968750 0.042968750 0.054687500 0.046875000 0.078125000 0.046875000 0.011718750 0.058593750 0.050781250 0.027343750 0.050781250 0.050781250 0.035156250 0.011718750 0.042968750 0.015625000 0.027343750 0.019531250 0.035156250 0.039062500 0.015625000 0.031250000 0.035156250 0.062500000 0.042968750 0.019531250 0.035156250 0.015625000 0.062500000 0.027343750 0.015625000 0.035156250 0.011718750 0.054687500 0.019531250 0.027343750 0.031250000 0.027343750 0.035156250 0.011718750 0.042968750 0.015625000 0.046875000 0.031250000 0.031250000 0.003906250 0.042968750 0.019531250 0.042968750 0.011718750 0.042968750 0.023437500 0.042968750 0.019531250 0.007812500 0.039062500 0.027343750 0.003906250 0.035156250 0.039062500 0.019531250 0.023437500 0.027343750 0.007812500 0.031250000 0.039062500 0.007812500 0.042968750 0.019531250 0.031250000 0.031250000 0.023437500 0.046875000 0.062500000 0.046875000 0.046875000 0.062500000 0.027343750 0.003906250 0.046875000 0.062500000 0.019531250 0.003906250 0.089843750 0.050781250 0.058593750 0.082031250 0.070312500 0.109375000 0.082031250 0.078125000 0.058593750 0.085937500 0.082031250 0.062500000 0.078125000 0.058593750 0.093750000 0.101562500 0.078125000 0.187500000 0.101562500 0.191406250 0.152343750 0.207031250 0.230468750 0.203125000 0.292968750 0.289062500 0.218750000 0.132812500 0.195312500 0.105468750 0.128906250 0.074218750 0.042968750 0.089843750 0.082031250 0.050781250 0.062500000 0.074218750 0.117187500 
0.320312500 0.117187500 0.304687500 0.058593750 0.488281250 0.066406250 0.335937500 0.207031250 0.566406250 0.593750000 0.574218750 0.187500000 0.179687500 0.117187500 0.296875000 0.089843750 0.140625000 0.136718750 0.109375000 0.492187500 0.015625000 0.164062500 0.023437500 0.187500000 0.074218750 0.113281250 0.234375000 0.066406250 0.031250000 0.078125000 0.101562500 0.097656250 0.019531250 0.152343750 0.113281250 0.199218750 0.101562500 0.089843750 0.093750000 0.117187500 0.054687500 0.128906250 0.113281250 0.089843750 0.078125000 0.031250000 0.023437500 0.078125000 0.074218750 0.066406250 0.054687500 0.015625000 0.089843750 0.089843750 0.054687500 0.039062500 0.050781250 0.074218750 0.042968750 0.003906250 0.078125000 0.062500000 0.031250000 0.015625000 0.042968750 0.023437500 0.007812500 0.031250000 0.031250000 0.031250000 0.042968750 0.031250000 0.039062500 0.027343750 0.023437500 0.042968750 0.003906250 0.007812500 0.031250000 0.062500000 0.015625000 0.050781250 0.062500000 0.011718750 0.046875000 0.101562500 0.042968750 0.054687500 0.042968750 0.035156250 0.027343750 0.031250000 0.078125000 0.058593750 0.035156250 0.027343750 0.035156250 0.074218750 0.039062500 0.031250000 0.089843750 0.058593750 0.031250000 0.082031250 0.039062500 0.035156250 0.097656250 0.035156250 0.023437500 0.011718750 0.066406250 0.019531250 0.015625000 0.050781250 0.007812500 0.015625000 0.031250000 0.039062500 0.039062500 0.015625000 0.019531250 0.035156250 0.007812500 0.031250000 0.019531250 0.023437500 0.023437500 0.039062500 0.023437500 0.023437500 0.058593750 0.035156250 0.039062500 0.031250000 0.066406250 0.011718750 0.023437500 0.042968750 0.007812500 0.050781250 0.050781250 0.015625000 0.015625000 0.023437500 0.015625000 0.027343750 0.019531250 0.031250000 0.015625000 0.007812500 0.035156250 0.023437500 0.039062500 0.031250000 0.019531250 0.035156250 0.046875000 0.066406250 0.027343750 0.015625000 0.023437500 0.023437500 0.019531250 0.078125000 0.027343750 0.015625000 0.023437500 0.027343750 0.039062500 0.015625000 0.011718750 0.011718750 0.058593750 0.035156250 0.015625000 0.058593750 0.023437500 0.027343750 0.031250000 0.023437500 0.000000000 0.019531250 0.023437500 0.027343750 0.031250000 0.019531250 0.015625000 0.031250000 0.003906250 0.011718750 0.035156250 0.019531250 0.031250000 0.003906250 0.011718750 0.019531250 0.007812500 0.007812500 0.019531250 0.039062500 0.042968750 0.023437500 0.007812500 0.027343750 0.027343750 0.011718750 0.039062500 0.031250000 0.031250000 0.007812500 0.031250000 0.031250000 0.023437500 0.031250000 0.023437500 0.046875000 0.011718750 0.019531250 0.050781250 0.011718750 0.015625000 0.062500000 0.046875000 0.015625000 0.027343750 0.050781250 0.019531250 0.042968750 0.097656250 0.046875000 0.031250000 0.015625000 0.042968750 0.023437500 0.058593750 0.039062500 0.082031250 0.054687500 0.058593750 0.031250000 0.058593750 0.023437500 0.113281250 0.132812500 0.066406250 0.062500000 0.035156250 0.101562500 0.070312500 0.070312500 0.093750000 0.128906250 0.074218750 0.011718750 0.085937500 0.101562500 0.125000000 
0.023437500 0.160156250 0.222656250 0.183593750 0.257812500 0.449218750 0.550781250 0.371093750 0.472656250 0.750000000 0.226562500 0.058593750 0.058593750 0.121093750 0.167968750 0.046875000 0.089843750 0.230468750 0.125000000 0.449218750 0.007812500 0.082031250 0.214843750 0.253906250 0.117187500 0.183593750 0.148437500 0.105468750 0.140625000 0.148437500 0.070312500 0.105468750 0.050781250 0.199218750 0.035156250 0.136718750 0.046875000 0.074218750 0.046875000 0.011718750 0.117187500 0.113281250 0.078125000 0.023437500 0.117187500 0.031250000 0.031250000 0.101562500 0.046875000 0.070312500 0.058593750 0.050781250 0.042968750 0.050781250 0.066406250 0.019531250 0.011718750 0.085937500 0.062500000 0.003906250 0.066406250 0.085937500 0.050781250 0.011718750 0.054687500 0.015625000 0.050781250 0.035156250 0.027343750 0.039062500 0.050781250 0.000000000 0.074218750 0.054687500 0.039062500 0.031250000 0.019531250 0.027343750 0.023437500 0.035156250 0.039062500 0.031250000 0.035156250 0.007812500 0.046875000 0.070312500 0.058593750 0.019531250 0.046875000 0.042968750 0.042968750 0.007812500 0.078125000 0.042968750 0.027343750 0.011718750 0.011718750 0.039062500 0.039062500 0.062500000 0.035156250 0.039062500 0.042968750 0.042968750 0.035156250 0.039062500 0.097656250 0.039062500 0.039062500 0.023437500 0.062500000 0.003906250 0.046875000 0.019531250 0.035156250 0.027343750 0.027343750 0.019531250 0.042968750 0.011718750 0.023437500 0.062500000 0.019531250 0.027343750 0.027343750 0.015625000 0.015625000 0.035156250 0.046875000 0.035156250 0.027343750 0.046875000 0.042968750 0.023437500 0.046875000 0.027343750 0.027343750 0.039062500 0.035156250 0.011718750 0.027343750 0.015625000 0.027343750 0.011718750 0.035156250 0.035156250 0.027343750 0.027343750 0.027343750 0.027343750 0.023437500 0.027343750 0.066406250 0.007812500 0.019531250 0.027343750 0.050781250 0.058593750 0.011718750 0.019531250 0.015625000 0.011718750 0.042968750 0.042968750 0.023437500 0.003906250 0.019531250 0.003906250 0.039062500 0.023437500 0.015625000 0.011718750 0.054687500 0.035156250 0.039062500 0.035156250 0.050781250 0.050781250 0.023437500 0.015625000 0.011718750 0.027343750 0.023437500 0.039062500 0.019531250 0.011718750 0.015625000 0.027343750 0.003906250 0.015625000 0.027343750 0.027343750 0.031250000 0.019531250 0.019531250 0.003906250 0.031250000 0.027343750 0.015625000 0.050781250 0.042968750 0.042968750 0.019531250 0.011718750 0.039062500 0.007812500 0.015625000 0.023437500 0.042968750 0.015625000 0.035156250 0.019531250 0.015625000 0.039062500 0.039062500 0.035156250 0.027343750 0.007812500 0.031250000 0.007812500 0.027343750 0.058593750 0.050781250 0.031250000 0.039062500 0.035156250 0.031250000 0.042968750 0.027343750 0.062500000 0.019531250 0.019531250 0.031250000 0.039062500 0.031250000 0.039062500 0.023437500 0.046875000 0.046875000 0.070312500 0.035156250 0.031250000 0.066406250 0.066406250 0.089843750 0.027343750 0.042968750 0.074218750 0.054687500 0.015625000 0.058593750 0.058593750 0.046875000 0.019531250 0.058593750 0.066406250 0.023437500 
0.410156250 0.210937500 0.250000000 0.101562500 0.335937500 0.449218750 0.093750000 0.332031250 0.496093750 0.589843750 0.339843750 0.218750000 0.265625000 0.164062500 0.042968750 0.085937500 0.054687500 0.265625000 0.054687500 0.476562500 0.105468750 0.164062500 0.199218750 0.226562500 0.179687500 0.113281250 0.070312500 0.191406250 0.050781250 0.136718750 0.019531250 0.082031250 0.035156250 0.179687500 0.082031250 0.125000000 0.062500000 0.078125000 0.050781250 0.136718750 0.152343750 0.050781250 0.046875000 0.085937500 0.074218750 0.074218750 0.039062500 0.140625000 0.074218750 0.062500000 0.050781250 0.050781250 0.011718750 0.062500000 0.039062500 0.027343750 0.046875000 0.042968750 0.082031250 0.019531250 0.050781250 0.066406250 0.062500000 0.046875000 0.046875000 0.042968750 0.019531250 0.019531250 0.019531250 0.015625000 0.035156250 0.054687500 0.050781250 0.058593750 0.011718750 0.054687500 0.007812500 0.027343750 0.023437500 0.019531250 0.019531250 0.015625000 0.058593750 0.031250000 0.003906250 0.062500000 0.031250000 0.031250000 0.023437500 0.046875000 0.023437500 0.023437500 0.050781250 0.027343750 0.023437500 0.011718750 0.011718750 0.042968750 0.070312500 0.054687500 0.035156250 0.027343750 0.042968750 0.035156250 0.039062500 0.007812500 0.042968750 0.042968750 0.015625000 0.019531250 0.042968750 0.035156250 0.031250000 0.007812500 0.019531250 0.042968750 0.031250000 0.003906250 0.027343750 0.015625000 0.027343750 0.046875000 0.015625000 0.031250000 0.035156250 0.011718750 0.023437500 0.042968750 0.042968750 0.035156250 0.023437500 0.039062500 0.035156250 0.027343750 0.027343750 0.023437500 0.042968750 0.003906250 0.015625000 0.046875000 0.011718750 0.011718750 0.042968750 0.042968750 0.003906250 0.042968750 0.023437500 0.019531250 0.031250000 0.031250000 0.019531250 0.023437500 0.066406250 0.011718750 0.027343750 0.027343750 0.027343750 0.058593750 0.011718750 0.023437500 0.023437500 0.023437500 0.019531250 0.054687500 0.035156250 0.011718750 0.023437500 0.011718750 0.007812500 0.011718750 0.015625000 0.019531250 0.035156250 0.039062500 0.042968750 0.019531250 0.062500000 0.007812500 0.023437500 0.039062500 0.039062500 0.015625000 0.039062500 0.015625000 0.035156250 0.007812500 0.019531250 0.023437500 0.007812500 0.007812500 0.027343750 0.042968750 0.027343750 0.035156250 0.046875000 0.023437500 0.046875000 0.015625000 0.023437500 0.050781250 0.039062500 0.035156250 0.015625000 0.019531250 0.035156250 0.007812500 0.011718750 0.035156250 0.027343750 0.035156250 0.007812500 0.023437500 0.011718750 0.031250000 0.031250000 0.035156250 0.031250000 0.015625000 0.015625000 0.023437500 0.027343750 0.066406250 0.031250000 0.019531250 0.074218750 0.031250000 0.011718750 0.019531250 0.031250000 0.015625000 0.019531250 0.007812500 0.019531250 0.050781250 0.007812500 0.003906250 0.011718750 0.023437500 0.035156250 0.070312500 0.031250000 0.023437500 0.050781250 0.070312500 0.011718750 0.062500000 0.042968750 0.015625000 0.039062500 0.046875000 0.042968750 0.031250000 0.070312500 0.031250000 0.027343750 0.046875000 0.003906250 
0.371093750 0.250000000 0.203125000 0.027343750 0.359375000 0.406250000 0.074218750 0.164062500 0.617187500 0.160156250 0.367187500 0.238281250 0.218750000 0.089843750 0.218750000 0.183593750 0.070312500 0.207031250 0.167968750 0.496093750 0.191406250 0.054687500 0.121093750 0.285156250 0.039062500 0.097656250 0.199218750 0.054687500 0.117187500 0.125000000 0.007812500 0.070312500 0.050781250 0.085937500 0.203125000 0.042968750 0.023437500 0.027343750 0.031250000 0.113281250 0.171875000 0.035156250 0.019531250 0.035156250 0.039062500 0.082031250 0.019531250 0.140625000 0.070312500 0.031250000 0.070312500 0.066406250 0.027343750 0.023437500 0.023437500 0.015625000 0.050781250 0.011718750 0.070312500 0.023437500 0.027343750 0.031250000 0.062500000 0.078125000 0.039062500 0.046875000 0.039062500 0.058593750 0.027343750 0.042968750 0.039062500 0.074218750 0.046875000 0.035156250 0.042968750 0.035156250 0.011718750 0.007812500 0.015625000 0.042968750 0.003906250 0.035156250 0.035156250 0.035156250 0.046875000 0.039062500 0.046875000 0.019531250 0.019531250 0.042968750 0.031250000 0.042968750 0.070312500 0.015625000 0.027343750 0.039062500 0.027343750 0.011718750 0.019531250 0.007812500 0.042968750 0.007812500 0.074218750 0.035156250 0.023437500 0.023437500 0.031250000 0.023437500 0.019531250 0.015625000 0.007812500 0.007812500 0.042968750 0.003906250 0.031250000 0.042968750 0.007812500 0.027343750 0.019531250 0.003906250 0.031250000 0.039062500 0.003906250 0.035156250 0.023437500 0.027343750 0.015625000 0.042968750 0.039062500 0.019531250 0.039062500 0.011718750 0.011718750 0.031250000 0.035156250 0.011718750 0.062500000 0.011718750 0.027343750 0.027343750 0.007812500 0.019531250 0.019531250 0.050781250 0.027343750 0.062500000 0.007812500 0.039062500 0.050781250 0.011718750 0.007812500 0.019531250 0.046875000 0.035156250 0.015625000 0.031250000 0.011718750 0.031250000 0.023437500 0.023437500 0.031250000 0.031250000 0.031250000 0.019531250 0.015625000 0.011718750 0.007812500 0.015625000 0.031250000 0.027343750 0.023437500 0.015625000 0.011718750 0.062500000 0.031250000 0.035156250 0.054687500 0.015625000 0.027343750 0.054687500 0.015625000 0.027343750 0.031250000 0.015625000 0.035156250 0.003906250 0.003906250 0.015625000 0.011718750 0.015625000 0.015625000 0.019531250 0.023437500 0.042968750 0.054687500 0.007812500 0.078125000 0.019531250 0.023437500 0.042968750 0.042968750 0.039062500 0.007812500 0.023437500 0.039062500 0.007812500 0.011718750 0.031250000 0.027343750 0.035156250 0.003906250 0.019531250 0.011718750 0.031250000 0.031250000 0.019531250 0.031250000 0.019531250 0.023437500 0.015625000 0.023437500 0.050781250 0.035156250 0.023437500 0.058593750 0.027343750 0.019531250 0.019531250 0.042968750 0.003906250 0.015625000 0.011718750 0.011718750 0.023437500 0.035156250 0.031250000 0.003906250 0.035156250 0.031250000 0.031250000 0.003906250 0.031250000 0.031250000 0.035156250 0.019531250 0.050781250 0.031250000 0.015625000 0.003906250 0.007812500 0.011718750 0.054687500 0.050781250 0.019531250 0.027343750 0.011718750 0.042968750 
0.382812500 0.132812500 0.242187500 0.230468750 0.140625000 0.250000000 0.066406250 0.429687500 0.054687500 0.636718750 0.343750000 0.332031250 0.210937500 0.097656250 0.097656250 0.164062500 0.054687500 0.160156250 0.117187500 0.292968750 0.230468750 0.132812500 0.265625000 0.097656250 0.203125000 0.062500000 0.097656250 0.109375000 0.101562500 0.066406250 0.054687500 0.054687500 0.062500000 0.132812500 0.210937500 0.050781250 0.093750000 0.109375000 0.054687500 0.105468750 0.089843750 0.078125000 0.015625000 0.031250000 0.058593750 0.074218750 0.058593750 0.140625000 0.011718750 0.085937500 0.031250000 0.042968750 0.019531250 0.015625000 0.039062500 0.031250000 0.050781250 0.023437500 0.062500000 0.011718750 0.023437500 0.058593750 0.039062500 0.070312500 0.046875000 0.050781250 0.042968750 0.074218750 0.015625000 0.039062500 0.058593750 0.078125000 0.031250000 0.011718750 0.023437500 0.015625000 0.015625000 0.011718750 0.019531250 0.042968750 0.019531250 0.046875000 0.042968750 0.046875000 0.039062500 0.046875000 0.035156250 0.066406250 0.039062500 0.031250000 0.023437500 0.039062500 0.050781250 0.042968750 0.019531250 0.019531250 0.039062500 0.023437500 0.003906250 0.011718750 0.050781250 0.019531250 0.058593750 0.000000000 0.019531250 0.015625000 0.007812500 0.050781250 0.027343750 0.042968750 0.031250000 0.023437500 0.027343750 0.027343750 0.023437500 0.015625000 0.035156250 0.000000000 0.003906250 0.015625000 0.027343750 0.035156250 0.023437500 0.011718750 0.039062500 0.042968750 0.039062500 0.003906250 0.007812500 0.011718750 0.039062500 0.011718750 0.015625000 0.042968750 0.027343750 0.011718750 0.046875000 0.027343750 0.027343750 0.050781250 0.015625000 0.011718750 0.027343750 0.042968750 0.050781250 0.031250000 0.027343750 0.042968750 0.027343750 0.011718750 0.027343750 0.007812500 0.023437500 0.011718750 0.015625000 0.023437500 0.023437500 0.031250000 0.035156250 0.031250000 0.023437500 0.019531250 0.031250000 0.019531250 0.015625000 0.011718750 0.007812500 0.007812500 0.050781250 0.035156250 0.023437500 0.003906250 0.039062500 0.027343750 0.019531250 0.015625000 0.039062500 0.039062500 0.054687500 0.050781250 0.015625000 0.023437500 0.019531250 0.015625000 0.035156250 0.011718750 0.011718750 0.007812500 0.007812500 0.007812500 0.019531250 0.023437500 0.023437500 0.031250000 0.062500000 0.023437500 0.078125000 0.031250000 0.031250000 0.015625000 0.050781250 0.000000000 0.035156250 0.023437500 0.015625000 0.035156250 0.035156250 0.027343750 0.007812500 0.023437500 0.015625000 0.035156250 0.027343750 0.035156250 0.031250000 0.015625000 0.015625000 0.007812500 0.035156250 0.007812500 0.035156250 0.027343750 0.019531250 0.027343750 0.046875000 0.027343750 0.027343750 0.007812500 0.023437500 0.023437500 0.039062500 0.011718750 0.035156250 0.007812500 0.046875000 0.003906250 0.035156250 0.007812500 0.015625000 0.015625000 0.023437500 0.023437500 0.031250000 0.023437500 0.027343750 0.050781250 0.046875000 0.015625000 0.015625000 0.011718750 0.019531250 0.046875000 0.046875000 0.015625000 0.042968750 0.007812500 0.023437500 
0.195312500 0.140625000 0.144531250 0.046875000 0.230468750 0.171875000 0.234375000 0.351562500 0.332031250 1.015625000 0.085937500 0.152343750 0.113281250 0.167968750 0.097656250 0.113281250 0.136718750 0.207031250 0.050781250 0.222656250 0.093750000 0.230468750 0.082031250 0.167968750 0.199218750 0.046875000 0.085937500 0.105468750 0.066406250 0.140625000 0.101562500 0.101562500 0.078125000 0.167968750 0.125000000 0.074218750 0.050781250 0.070312500 0.070312500 0.089843750 0.046875000 0.078125000 0.070312500 0.046875000 0.062500000 0.058593750 0.027343750 0.121093750 0.078125000 0.046875000 0.050781250 0.039062500 0.027343750 0.031250000 0.054687500 0.054687500 0.062500000 0.007812500 0.042968750 0.007812500 0.007812500 0.042968750 0.050781250 0.085937500 0.031250000 0.050781250 0.062500000 0.050781250 0.027343750 0.031250000 0.082031250 0.074218750 0.054687500 0.023437500 0.042968750 0.031250000 0.027343750 0.027343750 0.015625000 0.027343750 0.035156250 0.015625000 0.000000000 0.074218750 0.003906250 0.019531250 0.039062500 0.082031250 0.011718750 0.015625000 0.019531250 0.058593750 0.031250000 0.031250000 0.046875000 0.019531250 0.046875000 0.042968750 0.042968750 0.035156250 0.011718750 0.054687500 0.035156250 0.027343750 0.011718750 0.031250000 0.035156250 0.027343750 0.019531250 0.031250000 0.011718750 0.058593750 0.015625000 0.019531250 0.007812500 0.003906250 0.046875000 0.007812500 0.023437500 0.023437500 0.019531250 0.031250000 0.007812500 0.019531250 0.042968750 0.035156250 0.027343750 0.003906250 0.007812500 0.011718750 0.027343750 0.042968750 0.039062500 0.027343750 0.035156250 0.007812500 0.019531250 0.011718750 0.039062500 0.031250000 0.035156250 0.011718750 0.019531250 0.011718750 0.050781250 0.011718750 0.054687500 0.058593750 0.003906250 0.019531250 0.050781250 0.019531250 0.023437500 0.023437500 0.019531250 0.019531250 0.031250000 0.035156250 0.023437500 0.027343750 0.003906250 0.019531250 0.023437500 0.019531250 0.019531250 0.027343750 0.027343750 0.027343750 0.062500000 0.023437500 0.019531250 0.011718750 0.035156250 0.031250000 0.031250000 0.000000000 0.042968750 0.039062500 0.039062500 0.039062500 0.015625000 0.003906250 0.019531250 0.023437500 0.031250000 0.011718750 0.011718750 0.003906250 0.027343750 0.019531250 0.011718750 0.039062500 0.031250000 0.015625000 0.015625000 0.023437500 0.050781250 0.050781250 0.039062500 0.027343750 0.035156250 0.003906250 0.031250000 0.011718750 0.019531250 0.019531250 0.050781250 0.019531250 0.011718750 0.015625000 0.023437500 0.027343750 0.023437500 0.015625000 0.027343750 0.023437500 0.003906250 0.007812500 0.035156250 0.011718750 0.031250000 0.019531250 0.015625000 0.023437500 0.046875000 0.039062500 0.011718750 0.027343750 0.019531250 0.023437500 0.023437500 0.039062500 0.007812500 0.031250000 0.035156250 0.015625000 0.027343750 0.019531250 0.054687500 0.027343750 0.003906250 0.019531250 0.011718750 0.035156250 0.015625000 0.007812500 0.023437500 0.035156250 0.031250000 0.027343750 0.019531250 0.023437500 0.035156250 0.031250000 0.027343750 0.015625000 0.007812500 
0.082031250 0.105468750 0.304687500 0.062500000 0.375000000 0.246093750 0.269531250 0.378906250 0.273437500 1.132812500 0.238281250 0.175781250 0.164062500 0.031250000 0.242187500 0.023437500 0.078125000 0.152343750 0.101562500 0.320312500 0.113281250 0.152343750 0.113281250 0.226562500 0.113281250 0.082031250 0.089843750 0.113281250 0.066406250 0.191406250 0.015625000 0.164062500 0.105468750 0.164062500 0.062500000 0.062500000 0.019531250 0.101562500 0.082031250 0.070312500 0.078125000 0.062500000 0.097656250 0.089843750 0.011718750 0.062500000 0.019531250 0.125000000 0.089843750 0.050781250 0.046875000 0.078125000 0.070312500 0.015625000 0.058593750 0.074218750 0.027343750 0.039062500 0.046875000 0.011718750 0.027343750 0.015625000 0.011718750 0.062500000 0.023437500 0.031250000 0.089843750 0.027343750 0.050781250 0.046875000 0.105468750 0.058593750 0.066406250 0.027343750 0.039062500 0.027343750 0.046875000 0.023437500 0.035156250 0.019531250 0.042968750 0.011718750 0.023437500 0.054687500 0.035156250 0.015625000 0.058593750 0.031250000 0.050781250 0.011718750 0.035156250 0.003906250 0.023437500 0.011718750 0.019531250 0.062500000 0.023437500 0.035156250 0.054687500 0.054687500 0.003906250 0.082031250 0.023437500 0.015625000 0.035156250 0.015625000 0.042968750 0.035156250 0.019531250 0.058593750 0.031250000 0.097656250 0.019531250 0.023437500 0.031250000 0.054687500 0.011718750 0.007812500 0.031250000 0.007812500 0.007812500 0.054687500 0.031250000 0.023437500 0.027343750 0.058593750 0.011718750 0.031250000 0.023437500 0.015625000 0.015625000 0.027343750 0.062500000 0.007812500 0.039062500 0.007812500 0.019531250 0.015625000 0.042968750 0.031250000 0.046875000 0.027343750 0.023437500 0.015625000 0.007812500 0.042968750 0.015625000 0.035156250 0.015625000 0.023437500 0.042968750 0.027343750 0.019531250 0.054687500 0.023437500 0.011718750 0.007812500 0.003906250 0.027343750 0.023437500 0.042968750 0.031250000 0.015625000 0.003906250 0.007812500 0.011718750 0.035156250 0.019531250 0.050781250 0.019531250 0.019531250 0.011718750 0.042968750 0.003906250 0.015625000 0.023437500 0.027343750 0.011718750 0.062500000 0.011718750 0.031250000 0.019531250 0.011718750 0.023437500 0.035156250 0.007812500 0.007812500 0.011718750 0.019531250 0.027343750 0.011718750 0.039062500 0.042968750 0.023437500 0.019531250 0.019531250 0.003906250 0.054687500 0.019531250 0.039062500 0.035156250 0.027343750 0.007812500 0.039062500 0.027343750 0.015625000 0.050781250 0.023437500 0.007812500 0.007812500 0.019531250 0.015625000 0.039062500 0.007812500 0.042968750 0.011718750 0.035156250 0.035156250 0.019531250 0.027343750 0.027343750 0.011718750 0.003906250 0.011718750 0.031250000 0.027343750 0.023437500 0.035156250 0.011718750 0.031250000 0.039062500 0.023437500 0.023437500 0.042968750 0.042968750 0.023437500 0.011718750 0.039062500 0.039062500 0.031250000 0.011718750 0.027343750 0.011718750 0.039062500 0.015625000 0.003906250 0.007812500 0.015625000 0.039062500 0.003906250 0.019531250 0.015625000 0.039062500 0.023437500 0.031250000 0.019531250 0.011718750 
0.359375000 0.261718750 0.167968750 0.097656250 0.386718750 0.335937500 0.089843750 0.117187500 0.468750000 0.878906250 0.414062500 0.093750000 0.105468750 0.078125000 0.304687500 0.070312500 0.140625000 0.171875000 0.023437500 0.394531250 0.191406250 0.078125000 0.152343750 0.140625000 0.117187500 0.046875000 0.054687500 0.125000000 0.105468750 0.101562500 0.019531250 0.121093750 0.164062500 0.070312500 0.070312500 0.109375000 0.035156250 0.109375000 0.113281250 0.136718750 0.015625000 0.015625000 0.117187500 0.128906250 0.058593750 0.082031250 0.070312500 0.101562500 0.031250000 0.089843750 0.042968750 0.109375000 0.078125000 0.011718750 0.031250000 0.054687500 0.046875000 0.042968750 0.011718750 0.054687500 0.042968750 0.011718750 0.050781250 0.023437500 0.039062500 0.007812500 0.089843750 0.046875000 0.066406250 0.031250000 0.062500000 0.085937500 0.058593750 0.011718750 0.015625000 0.046875000 0.050781250 0.031250000 0.015625000 0.035156250 0.031250000 0.027343750 0.023437500 0.042968750 0.007812500 0.062500000 0.019531250 0.054687500 0.054687500 0.042968750 0.015625000 0.015625000 0.019531250 0.003906250 0.042968750 0.039062500 0.039062500 0.046875000 0.058593750 0.023437500 0.058593750 0.027343750 0.035156250 0.023437500 0.031250000 0.023437500 0.042968750 0.023437500 0.050781250 0.027343750 0.078125000 0.070312500 0.050781250 0.027343750 0.039062500 0.031250000 0.035156250 0.031250000 0.046875000 0.015625000 0.031250000 0.035156250 0.035156250 0.027343750 0.023437500 0.054687500 0.019531250 0.042968750 0.027343750 0.003906250 0.015625000 0.046875000 0.042968750 0.023437500 0.031250000 0.019531250 0.007812500 0.015625000 0.042968750 0.027343750 0.027343750 0.042968750 0.007812500 0.023437500 0.015625000 0.039062500 0.011718750 0.054687500 0.031250000 0.039062500 0.035156250 0.035156250 0.023437500 0.023437500 0.031250000 0.019531250 0.007812500 0.007812500 0.031250000 0.042968750 0.027343750 0.042968750 0.019531250 0.015625000 0.019531250 0.015625000 0.023437500 0.039062500 0.035156250 0.015625000 0.023437500 0.007812500 0.039062500 0.007812500 0.019531250 0.019531250 0.011718750 0.015625000 0.046875000 0.027343750 0.019531250 0.023437500 0.011718750 0.015625000 0.027343750 0.011718750 0.011718750 0.031250000 0.042968750 0.031250000 0.039062500 0.054687500 0.035156250 0.027343750 0.015625000 0.015625000 0.011718750 0.035156250 0.003906250 0.050781250 0.027343750 0.023437500 0.000000000 0.027343750 0.019531250 0.058593750 0.011718750 0.031250000 0.007812500 0.007812500 0.003906250 0.003906250 0.039062500 0.023437500 0.015625000 0.019531250 0.046875000 0.023437500 0.027343750 0.031250000 0.023437500 0.023437500 0.007812500 0.019531250 0.035156250 0.019531250 0.023437500 0.039062500 0.019531250 0.011718750 0.039062500 0.011718750 0.046875000 0.003906250 0.015625000 0.007812500 0.015625000 0.054687500 0.023437500 0.027343750 0.023437500 0.007812500 0.019531250 0.058593750 0.027343750 0.007812500 0.019531250 0.007812500 0.031250000 0.003906250 0.007812500 0.027343750 0.000000000 0.007812500 0.023437500 0.031250000 0.007812500 
0.453125000 0.191406250 0.179687500 0.058593750 0.296875000 0.339843750 0.066406250 0.367187500 0.335937500 0.488281250 0.566406250 0.265625000 0.125000000 0.250000000 0.238281250 0.062500000 0.210937500 0.144531250 0.039062500 0.382812500 0.414062500 0.207031250 0.179687500 0.113281250 0.105468750 0.023437500 0.015625000 0.074218750 0.058593750 0.058593750 0.046875000 0.085937500 0.054687500 0.136718750 0.082031250 0.101562500 0.054687500 0.140625000 0.093750000 0.140625000 0.066406250 0.062500000 0.042968750 0.167968750 0.062500000 0.128906250 0.039062500 0.113281250 0.058593750 0.152343750 0.003906250 0.148437500 0.078125000 0.019531250 0.015625000 0.027343750 0.019531250 0.070312500 0.062500000 0.011718750 0.035156250 0.058593750 0.039062500 0.058593750 0.007812500 0.089843750 0.046875000 0.015625000 0.042968750 0.078125000 0.019531250 0.035156250 0.109375000 0.011718750 0.007812500 0.011718750 0.003906250 0.054687500 0.042968750 0.011718750 0.042968750 0.027343750 0.062500000 0.042968750 0.031250000 0.039062500 0.023437500 0.093750000 0.039062500 0.003906250 0.031250000 0.050781250 0.027343750 0.023437500 0.031250000 0.023437500 0.023437500 0.042968750 0.046875000 0.015625000 0.050781250 0.007812500 0.062500000 0.019531250 0.039062500 0.027343750 0.023437500 0.042968750 0.046875000 0.023437500 0.054687500 0.070312500 0.042968750 0.050781250 0.070312500 0.019531250 0.050781250 0.023437500 0.062500000 0.019531250 0.015625000 0.011718750 0.031250000 0.031250000 0.031250000 0.031250000 0.000000000 0.031250000 0.046875000 0.027343750 0.015625000 0.046875000 0.039062500 0.007812500 0.019531250 0.042968750 0.019531250 0.042968750 0.027343750 0.027343750 0.031250000 0.035156250 0.011718750 0.015625000 0.027343750 0.046875000 0.031250000 0.027343750 0.011718750 0.066406250 0.039062500 0.019531250 0.046875000 0.035156250 0.011718750 0.027343750 0.015625000 0.019531250 0.023437500 0.050781250 0.042968750 0.050781250 0.007812500 0.015625000 0.031250000 0.031250000 0.015625000 0.035156250 0.035156250 0.007812500 0.015625000 0.039062500 0.023437500 0.019531250 0.019531250 0.015625000 0.011718750 0.031250000 0.042968750 0.023437500 0.019531250 0.011718750 0.011718750 0.019531250 0.054687500 0.023437500 0.035156250 0.046875000 0.019531250 0.039062500 0.019531250 0.046875000 0.031250000 0.019531250 0.007812500 0.019531250 0.027343750 0.011718750 0.031250000 0.039062500 0.027343750 0.023437500 0.007812500 0.027343750 0.027343750 0.054687500 0.019531250 0.015625000 0.011718750 0.011718750 0.023437500 0.027343750 0.023437500 0.039062500 0.023437500 0.015625000 0.042968750 0.027343750 0.050781250 0.019531250 0.015625000 0.015625000 0.023437500 0.023437500 0.027343750 0.007812500 0.023437500 0.046875000 0.015625000 0.015625000 0.023437500 0.031250000 0.031250000 0.019531250 0.023437500 0.019531250 0.007812500 0.035156250 0.007812500 0.000000000 0.023437500 0.031250000 0.039062500 0.046875000 0.007812500 0.031250000 0.027343750 0.015625000 0.027343750 0.015625000 0.011718750 0.031250000 0.011718750 0.007812500 0.031250000 0.023437500 0.007812500 
0.609375000 0.015625000 0.019531250 0.066406250 0.117187500 0.265625000 0.269531250 0.199218750 0.519531250 0.503906250 0.136718750 0.148437500 0.113281250 0.074218750 0.070312500 0.230468750 0.238281250 0.007812500 0.011718750 0.488281250 0.257812500 0.152343750 0.117187500 0.089843750 0.109375000 0.050781250 0.031250000 0.097656250 0.046875000 0.066406250 0.070312500 0.050781250 0.046875000 0.113281250 0.101562500 0.070312500 0.046875000 0.109375000 0.113281250 0.113281250 0.144531250 0.066406250 0.093750000 0.070312500 0.058593750 0.109375000 0.074218750 0.132812500 0.035156250 0.089843750 0.046875000 0.097656250 0.046875000 0.062500000 0.015625000 0.015625000 0.031250000 0.058593750 0.046875000 0.046875000 0.003906250 0.042968750 0.003906250 0.074218750 0.015625000 0.023437500 0.023437500 0.027343750 0.042968750 0.027343750 0.050781250 0.023437500 0.042968750 0.074218750 0.054687500 0.050781250 0.035156250 0.039062500 0.003906250 0.023437500 0.042968750 0.035156250 0.039062500 0.050781250 0.050781250 0.019531250 0.031250000 0.078125000 0.070312500 0.031250000 0.011718750 0.050781250 0.039062500 0.007812500 0.035156250 0.007812500 0.050781250 0.031250000 0.031250000 0.003906250 0.035156250 0.042968750 0.042968750 0.019531250 0.015625000 0.023437500 0.042968750 0.039062500 0.042968750 0.007812500 0.046875000 0.035156250 0.015625000 0.050781250 0.039062500 0.027343750 0.015625000 0.019531250 0.062500000 0.019531250 0.019531250 0.023437500 0.015625000 0.011718750 0.023437500 0.023437500 0.011718750 0.039062500 0.027343750 0.007812500 0.039062500 0.046875000 0.011718750 0.019531250 0.039062500 0.027343750 0.027343750 0.042968750 0.027343750 0.015625000 0.035156250 0.023437500 0.019531250 0.035156250 0.015625000 0.027343750 0.035156250 0.015625000 0.046875000 0.035156250 0.019531250 0.035156250 0.031250000 0.007812500 0.023437500 0.023437500 0.007812500 0.011718750 0.023437500 0.035156250 0.015625000 0.015625000 0.027343750 0.007812500 0.027343750 0.027343750 0.011718750 0.039062500 0.015625000 0.011718750 0.039062500 0.011718750 0.011718750 0.042968750 0.011718750 0.011718750 0.015625000 0.003906250 0.007812500 0.023437500 0.011718750 0.015625000 0.035156250 0.011718750 0.042968750 0.019531250 0.031250000 0.035156250 0.035156250 0.027343750 0.019531250 0.019531250 0.058593750 0.031250000 0.011718750 0.015625000 0.011718750 0.023437500 0.015625000 0.027343750 0.019531250 0.003906250 0.027343750 0.027343750 0.011718750 0.042968750 0.027343750 0.023437500 0.007812500 0.015625000 0.031250000 0.007812500 0.011718750 0.035156250 0.027343750 0.027343750 0.003906250 0.019531250 0.019531250 0.007812500 0.027343750 0.015625000 0.039062500 0.003906250 0.015625000 0.011718750 0.023437500 0.023437500 0.035156250 0.011718750 0.019531250 0.011718750 0.003906250 0.031250000 0.011718750 0.019531250 0.011718750 0.015625000 0.031250000 0.019531250 0.039062500 0.019531250 0.042968750 0.035156250 0.023437500 0.023437500 0.015625000 0.019531250 0.007812500 0.023437500 0.023437500 0.027343750 0.035156250 0.035156250 0.011718750 0.019531250 0.007812500 
0.582031250 0.070312500 0.066406250 0.066406250 0.246093750 0.292968750 0.250000000 0.343750000 0.457031250 0.558593750 0.085937500 0.203125000 0.101562500 0.027343750 0.085937500 0.132812500 0.308593750 0.070312500 0.101562500 0.464843750 0.136718750 0.203125000 0.105468750 0.175781250 0.023437500 0.078125000 0.066406250 0.070312500 0.070312500 0.031250000 0.109375000 0.082031250 0.050781250 0.078125000 0.070312500 0.101562500 0.031250000 0.035156250 0.023437500 0.042968750 0.164062500 0.078125000 0.042968750 0.039062500 0.046875000 0.046875000 0.082031250 0.132812500 0.085937500 0.070312500 0.062500000 0.070312500 0.039062500 0.050781250 0.027343750 0.023437500 0.031250000 0.031250000 0.054687500 0.031250000 0.042968750 0.015625000 0.015625000 0.074218750 0.007812500 0.015625000 0.035156250 0.011718750 0.023437500 0.023437500 0.035156250 0.023437500 0.042968750 0.066406250 0.078125000 0.039062500 0.027343750 0.039062500 0.019531250 0.019531250 0.046875000 0.042968750 0.027343750 0.039062500 0.035156250 0.039062500 0.035156250 0.046875000 0.050781250 0.054687500 0.019531250 0.066406250 0.039062500 0.019531250 0.015625000 0.023437500 0.039062500 0.035156250 0.015625000 0.023437500 0.039062500 0.035156250 0.039062500 0.011718750 0.003906250 0.019531250 0.023437500 0.039062500 0.011718750 0.023437500 0.042968750 0.035156250 0.007812500 0.042968750 0.027343750 0.015625000 0.031250000 0.015625000 0.039062500 0.039062500 0.011718750 0.019531250 0.027343750 0.011718750 0.039062500 0.003906250 0.015625000 0.023437500 0.023437500 0.011718750 0.039062500 0.062500000 0.019531250 0.019531250 0.042968750 0.011718750 0.027343750 0.042968750 0.019531250 0.023437500 0.011718750 0.023437500 0.023437500 0.031250000 0.035156250 0.011718750 0.007812500 0.039062500 0.023437500 0.027343750 0.031250000 0.019531250 0.027343750 0.007812500 0.031250000 0.015625000 0.007812500 0.007812500 0.015625000 0.046875000 0.007812500 0.015625000 0.042968750 0.023437500 0.019531250 0.031250000 0.019531250 0.027343750 0.035156250 0.019531250 0.023437500 0.015625000 0.003906250 0.035156250 0.019531250 0.011718750 0.011718750 0.011718750 0.015625000 0.023437500 0.003906250 0.015625000 0.031250000 0.015625000 0.035156250 0.023437500 0.027343750 0.015625000 0.031250000 0.019531250 0.015625000 0.000000000 0.039062500 0.035156250 0.011718750 0.027343750 0.023437500 0.019531250 0.019531250 0.027343750 0.042968750 0.011718750 0.031250000 0.035156250 0.023437500 0.019531250 0.015625000 0.031250000 0.007812500 0.019531250 0.027343750 0.015625000 0.019531250 0.015625000 0.039062500 0.007812500 0.011718750 0.023437500 0.019531250 0.019531250 0.019531250 0.019531250 0.027343750 0.015625000 0.011718750 0.007812500 0.031250000 0.023437500 0.031250000 0.007812500 0.015625000 0.011718750 0.003906250 0.023437500 0.023437500 0.019531250 0.019531250 0.007812500 0.031250000 0.003906250 0.050781250 0.003906250 0.015625000 0.011718750 0.031250000 0.007812500 0.011718750 0.019531250 0.011718750 0.023437500 0.011718750 0.027343750 0.023437500 0.039062500 0.023437500 0.007812500 0.019531250 
0.648437500 0.156250000 0.066406250 0.023437500 0.226562500 0.355468750 0.035156250 0.109375000 0.496093750 0.410156250 0.351562500 0.187500000 0.160156250 0.117187500 0.105468750 0.019531250 0.140625000 0.097656250 0.136718750 0.429687500 0.261718750 0.261718750 0.125000000 0.289062500 0.125000000 0.070312500 0.054687500 0.035156250 0.113281250 0.089843750 0.066406250 0.105468750 0.062500000 0.117187500 0.031250000 0.078125000 0.070312500 0.015625000 0.050781250 0.128906250 0.027343750 0.078125000 0.113281250 0.082031250 0.093750000 0.035156250 0.019531250 0.074218750 0.031250000 0.117187500 0.066406250 0.097656250 0.035156250 0.054687500 0.058593750 0.050781250 0.070312500 0.007812500 0.062500000 0.011718750 0.027343750 0.003906250 0.023437500 0.046875000 0.031250000 0.023437500 0.031250000 0.015625000 0.039062500 0.031250000 0.074218750 0.039062500 0.019531250 0.039062500 0.101562500 0.039062500 0.023437500 0.027343750 0.007812500 0.039062500 0.015625000 0.023437500 0.023437500 0.027343750 0.023437500 0.027343750 0.062500000 0.035156250 0.007812500 0.019531250 0.039062500 0.050781250 0.023437500 0.031250000 0.015625000 0.007812500 0.031250000 0.035156250 0.019531250 0.023437500 0.027343750 0.050781250 0.027343750 0.039062500 0.031250000 0.011718750 0.039062500 0.019531250 0.015625000 0.011718750 0.046875000 0.031250000 0.011718750 0.027343750 0.015625000 0.031250000 0.023437500 0.027343750 0.015625000 0.054687500 0.031250000 0.003906250 0.042968750 0.015625000 0.058593750 0.019531250 0.015625000 0.011718750 0.011718750 0.003906250 0.031250000 0.066406250 0.027343750 0.011718750 0.023437500 0.039062500 0.011718750 0.027343750 0.023437500 0.011718750 0.031250000 0.035156250 0.011718750 0.042968750 0.015625000 0.011718750 0.023437500 0.019531250 0.023437500 0.003906250 0.023437500 0.019531250 0.007812500 0.027343750 0.035156250 0.007812500 0.011718750 0.039062500 0.027343750 0.023437500 0.023437500 0.027343750 0.027343750 0.011718750 0.011718750 0.031250000 0.039062500 0.007812500 0.019531250 0.023437500 0.011718750 0.011718750 0.019531250 0.023437500 0.015625000 0.007812500 0.015625000 0.007812500 0.011718750 0.031250000 0.023437500 0.023437500 0.019531250 0.027343750 0.019531250 0.011718750 0.015625000 0.011718750 0.035156250 0.007812500 0.019531250 0.031250000 0.011718750 0.042968750 0.015625000 0.019531250 0.011718750 0.011718750 0.027343750 0.035156250 0.039062500 0.019531250 0.039062500 0.015625000 0.019531250 0.003906250 0.023437500 0.039062500 0.015625000 0.003906250 0.015625000 0.027343750 0.035156250 0.023437500 0.019531250 0.007812500 0.011718750 0.011718750 0.027343750 0.011718750 0.023437500 0.019531250 0.015625000 0.011718750 0.011718750 0.023437500 0.039062500 0.019531250 0.015625000 0.019531250 0.015625000 0.015625000 0.027343750 0.031250000 0.011718750 0.011718750 0.031250000 0.023437500 0.023437500 0.015625000 0.023437500 0.027343750 0.011718750 0.015625000 0.031250000 0.031250000 0.011718750 0.015625000 0.007812500 0.027343750 0.023437500 0.011718750 0.007812500 0.046875000 0.007812500 0.015625000 0.046875000 
0.804687500 0.230468750 0.023437500 0.042968750 0.269531250 0.421875000 0.164062500 0.261718750 0.289062500 0.457031250 0.171875000 0.074218750 0.152343750 0.054687500 0.054687500 0.046875000 0.121093750 0.125000000 0.039062500 0.511718750 0.222656250 0.093750000 0.171875000 0.359375000 0.074218750 0.054687500 0.054687500 0.042968750 0.097656250 0.093750000 0.046875000 0.195312500 0.066406250 0.074218750 0.109375000 0.085937500 0.031250000 0.019531250 0.066406250 0.054687500 0.093750000 0.015625000 0.156250000 0.011718750 0.164062500 0.019531250 0.042968750 0.109375000 0.089843750 0.054687500 0.078125000 0.089843750 0.035156250 0.054687500 0.078125000 0.042968750 0.078125000 0.027343750 0.023437500 0.062500000 0.031250000 0.019531250 0.066406250 0.058593750 0.023437500 0.023437500 0.027343750 0.035156250 0.027343750 0.078125000 0.046875000 0.050781250 0.019531250 0.054687500 0.042968750 0.011718750 0.023437500 0.023437500 0.027343750 0.039062500 0.031250000 0.050781250 0.035156250 0.031250000 0.039062500 0.050781250 0.035156250 0.019531250 0.031250000 0.042968750 0.019531250 0.035156250 0.039062500 0.035156250 0.015625000 0.050781250 0.027343750 0.007812500 0.019531250 0.042968750 0.023437500 0.027343750 0.019531250 0.050781250 0.019531250 0.015625000 0.015625000 0.027343750 0.003906250 0.023437500 0.023437500 0.031250000 0.015625000 0.011718750 0.023437500 0.035156250 0.042968750 0.023437500 0.019531250 0.027343750 0.042968750 0.023437500 0.042968750 0.015625000 0.039062500 0.054687500 0.042968750 0.019531250 0.015625000 0.015625000 0.031250000 0.058593750 0.039062500 0.027343750 0.019531250 0.023437500 0.035156250 0.011718750 0.015625000 0.011718750 0.027343750 0.039062500 0.019531250 0.039062500 0.019531250 0.031250000 0.011718750 0.007812500 0.011718750 0.007812500 0.019531250 0.023437500 0.015625000 0.023437500 0.050781250 0.011718750 0.019531250 0.011718750 0.054687500 0.035156250 0.023437500 0.031250000 0.003906250 0.027343750 0.011718750 0.015625000 0.015625000 0.039062500 0.035156250 0.031250000 0.011718750 0.019531250 0.015625000 0.011718750 0.027343750 0.019531250 0.019531250 0.023437500 0.011718750 0.035156250 0.015625000 0.023437500 0.042968750 0.019531250 0.003906250 0.019531250 0.031250000 0.027343750 0.023437500 0.027343750 0.023437500 0.035156250 0.011718750 0.023437500 0.011718750 0.042968750 0.015625000 0.011718750 0.035156250 0.042968750 0.015625000 0.019531250 0.019531250 0.031250000 0.023437500 0.003906250 0.007812500 0.015625000 0.019531250 0.019531250 0.019531250 0.015625000 0.023437500 0.031250000 0.011718750 0.007812500 0.011718750 0.019531250 0.011718750 0.011718750 0.019531250 0.039062500 0.007812500 0.015625000 0.023437500 0.015625000 0.042968750 0.011718750 0.000000000 0.023437500 0.007812500 0.011718750 0.019531250 0.023437500 0.027343750 0.027343750 0.019531250 0.023437500 0.015625000 0.011718750 0.023437500 0.035156250 0.019531250 0.019531250 0.031250000 0.035156250 0.011718750 0.011718750 0.015625000 0.015625000 0.011718750 0.023437500 0.023437500 0.031250000 0.007812500 0.019531250 0.039062500 
1.191406250 0.097656250 0.050781250 0.207031250 0.058593750 0.195312500 0.269531250 0.140625000 0.097656250 0.476562500 0.250000000 0.160156250 0.152343750 0.039062500 0.035156250 0.039062500 0.117187500 0.085937500 0.105468750 0.593750000 0.121093750 0.136718750 0.191406250 0.261718750 0.128906250 0.117187500 0.074218750 0.046875000 0.078125000 0.070312500 0.101562500 0.117187500 0.136718750 0.140625000 0.066406250 0.109375000 0.015625000 0.019531250 0.082031250 0.058593750 0.117187500 0.070312500 0.117187500 0.097656250 0.148437500 0.066406250 0.023437500 0.105468750 0.085937500 0.007812500 0.082031250 0.113281250 0.035156250 0.019531250 0.058593750 0.074218750 0.031250000 0.031250000 0.031250000 0.015625000 0.046875000 0.031250000 0.015625000 0.054687500 0.058593750 0.046875000 0.027343750 0.035156250 0.027343750 0.066406250 0.046875000 0.039062500 0.042968750 0.042968750 0.031250000 0.035156250 0.046875000 0.039062500 0.011718750 0.027343750 0.023437500 0.058593750 0.019531250 0.039062500 0.015625000 0.023437500 0.015625000 0.019531250 0.019531250 0.050781250 0.078125000 0.007812500 0.042968750 0.019531250 0.039062500 0.023437500 0.039062500 0.011718750 0.042968750 0.007812500 0.039062500 0.023437500 0.023437500 0.046875000 0.023437500 0.011718750 0.007812500 0.023437500 0.015625000 0.039062500 0.027343750 0.039062500 0.031250000 0.007812500 0.019531250 0.035156250 0.046875000 0.039062500 0.007812500 0.019531250 0.042968750 0.027343750 0.050781250 0.011718750 0.031250000 0.062500000 0.027343750 0.031250000 0.003906250 0.015625000 0.019531250 0.027343750 0.031250000 0.003906250 0.027343750 0.046875000 0.011718750 0.023437500 0.027343750 0.035156250 0.011718750 0.031250000 0.019531250 0.027343750 0.003906250 0.019531250 0.003906250 0.019531250 0.011718750 0.011718750 0.007812500 0.015625000 0.027343750 0.039062500 0.035156250 0.015625000 0.023437500 0.015625000 0.046875000 0.031250000 0.023437500 0.031250000 0.003906250 0.011718750 0.015625000 0.003906250 0.023437500 0.023437500 0.023437500 0.027343750 0.015625000 0.011718750 0.031250000 0.011718750 0.035156250 0.007812500 0.027343750 0.019531250 0.019531250 0.023437500 0.023437500 0.015625000 0.046875000 0.027343750 0.011718750 0.015625000 0.035156250 0.015625000 0.023437500 0.027343750 0.011718750 0.039062500 0.019531250 0.035156250 0.011718750 0.031250000 0.019531250 0.011718750 0.019531250 0.027343750 0.011718750 0.011718750 0.019531250 0.050781250 0.015625000 0.015625000 0.023437500 0.019531250 0.023437500 0.011718750 0.023437500 0.035156250 0.027343750 0.039062500 0.023437500 0.019531250 0.003906250 0.003906250 0.007812500 0.011718750 0.007812500 0.050781250 0.015625000 0.031250000 0.015625000 0.015625000 0.035156250 0.011718750 0.007812500 0.015625000 0.015625000 0.015625000 0.031250000 0.019531250 0.035156250 0.015625000 0.007812500 0.027343750 0.015625000 0.015625000 0.023437500 0.027343750 0.019531250 0.046875000 0.015625000 0.023437500 0.019531250 0.023437500 0.023437500 0.015625000 0.015625000 0.027343750 0.027343750 0.035156250 0.019531250 0.015625000 0.042968750 
1.117187500 0.136718750 0.078125000 0.125000000 0.207031250 0.121093750 0.218750000 0.300781250 0.437500000 0.464843750 0.292968750 0.164062500 0.164062500 0.035156250 0.132812500 0.125000000 0.062500000 0.105468750 0.179687500 0.347656250 0.136718750 0.164062500 0.234375000 0.101562500 0.285156250 0.089843750 0.089843750 0.101562500 0.054687500 0.039062500 0.019531250 0.093750000 0.101562500 0.191406250 0.066406250 0.058593750 0.035156250 0.066406250 0.101562500 0.078125000 0.058593750 0.160156250 0.007812500 0.019531250 0.117187500 0.085937500 0.039062500 0.101562500 0.039062500 0.070312500 0.046875000 0.089843750 0.042968750 0.031250000 0.023437500 0.050781250 0.019531250 0.039062500 0.105468750 0.101562500 0.074218750 0.011718750 0.035156250 0.039062500 0.078125000 0.027343750 0.046875000 0.011718750 0.019531250 0.058593750 0.035156250 0.023437500 0.039062500 0.011718750 0.054687500 0.011718750 0.074218750 0.027343750 0.019531250 0.003906250 0.027343750 0.019531250 0.046875000 0.054687500 0.007812500 0.023437500 0.039062500 0.039062500 0.039062500 0.070312500 0.078125000 0.007812500 0.050781250 0.039062500 0.019531250 0.039062500 0.039062500 0.023437500 0.031250000 0.023437500 0.035156250 0.023437500 0.019531250 0.007812500 0.042968750 0.042968750 0.035156250 0.023437500 0.031250000 0.023437500 0.019531250 0.050781250 0.031250000 0.007812500 0.015625000 0.035156250 0.035156250 0.031250000 0.011718750 0.011718750 0.019531250 0.039062500 0.039062500 0.007812500 0.031250000 0.042968750 0.046875000 0.027343750 0.000000000 0.015625000 0.031250000 0.019531250 0.027343750 0.011718750 0.023437500 0.050781250 0.015625000 0.023437500 0.019531250 0.054687500 0.027343750 0.015625000 0.015625000 0.042968750 0.023437500 0.023437500 0.007812500 0.027343750 0.015625000 0.015625000 0.023437500 0.007812500 0.007812500 0.050781250 0.007812500 0.042968750 0.031250000 0.039062500 0.035156250 0.027343750 0.011718750 0.035156250 0.031250000 0.019531250 0.011718750 0.011718750 0.031250000 0.023437500 0.031250000 0.023437500 0.027343750 0.019531250 0.035156250 0.007812500 0.031250000 0.019531250 0.039062500 0.007812500 0.015625000 0.019531250 0.023437500 0.015625000 0.039062500 0.027343750 0.007812500 0.007812500 0.039062500 0.007812500 0.023437500 0.039062500 0.019531250 0.003906250 0.046875000 0.011718750 0.023437500 0.027343750 0.035156250 0.011718750 0.027343750 0.019531250 0.011718750 0.003906250 0.023437500 0.042968750 0.015625000 0.027343750 0.027343750 0.019531250 0.027343750 0.015625000 0.011718750 0.035156250 0.003906250 0.023437500 0.027343750 0.011718750 0.027343750 0.015625000 0.011718750 0.007812500 0.003906250 0.042968750 0.019531250 0.027343750 0.023437500 0.023437500 0.015625000 0.015625000 0.003906250 0.003906250 0.003906250 0.015625000 0.031250000 0.003906250 0.007812500 0.039062500 0.027343750 0.023437500 0.019531250 0.015625000 0.035156250 0.042968750 0.039062500 0.023437500 0.023437500 0.023437500 0.019531250 0.023437500 0.054687500 0.031250000 0.019531250 0.015625000 0.042968750 0.003906250 0.019531250 0.015625000 0.039062500 
0.812500000 0.171875000 0.191406250 0.085937500 0.300781250 0.070312500 0.164062500 0.078125000 0.550781250 0.750000000 0.089843750 0.062500000 0.074218750 0.074218750 0.148437500 0.121093750 0.125000000 0.128906250 0.171875000 0.339843750 0.144531250 0.175781250 0.054687500 0.285156250 0.320312500 0.046875000 0.085937500 0.171875000 0.015625000 0.019531250 0.027343750 0.000000000 0.042968750 0.128906250 0.109375000 0.046875000 0.039062500 0.035156250 0.167968750 0.082031250 0.093750000 0.132812500 0.011718750 0.058593750 0.070312500 0.070312500 0.042968750 0.066406250 0.007812500 0.113281250 0.078125000 0.035156250 0.093750000 0.046875000 0.015625000 0.058593750 0.062500000 0.050781250 0.105468750 0.113281250 0.046875000 0.042968750 0.054687500 0.023437500 0.066406250 0.042968750 0.046875000 0.003906250 0.023437500 0.054687500 0.054687500 0.023437500 0.031250000 0.015625000 0.050781250 0.027343750 0.066406250 0.027343750 0.019531250 0.015625000 0.007812500 0.031250000 0.042968750 0.035156250 0.015625000 0.003906250 0.023437500 0.042968750 0.050781250 0.042968750 0.097656250 0.031250000 0.042968750 0.042968750 0.039062500 0.023437500 0.050781250 0.031250000 0.035156250 0.035156250 0.039062500 0.011718750 0.050781250 0.046875000 0.074218750 0.015625000 0.062500000 0.023437500 0.031250000 0.031250000 0.042968750 0.019531250 0.058593750 0.011718750 0.015625000 0.054687500 0.046875000 0.027343750 0.011718750 0.019531250 0.031250000 0.023437500 0.050781250 0.023437500 0.027343750 0.027343750 0.019531250 0.015625000 0.023437500 0.023437500 0.007812500 0.027343750 0.039062500 0.023437500 0.023437500 0.050781250 0.019531250 0.035156250 0.039062500 0.042968750 0.039062500 0.035156250 0.007812500 0.050781250 0.019531250 0.035156250 0.011718750 0.027343750 0.023437500 0.015625000 0.023437500 0.003906250 0.015625000 0.039062500 0.023437500 0.042968750 0.031250000 0.039062500 0.039062500 0.011718750 0.023437500 0.027343750 0.015625000 0.023437500 0.019531250 0.031250000 0.007812500 0.046875000 0.019531250 0.031250000 0.019531250 0.015625000 0.007812500 0.042968750 0.015625000 0.023437500 0.023437500 0.011718750 0.027343750 0.003906250 0.011718750 0.015625000 0.039062500 0.007812500 0.007812500 0.027343750 0.031250000 0.015625000 0.031250000 0.027343750 0.031250000 0.015625000 0.039062500 0.007812500 0.027343750 0.019531250 0.031250000 0.011718750 0.039062500 0.015625000 0.019531250 0.019531250 0.019531250 0.035156250 0.003906250 0.031250000 0.039062500 0.019531250 0.031250000 0.011718750 0.003906250 0.027343750 0.007812500 0.019531250 0.027343750 0.023437500 0.039062500 0.023437500 0.011718750 0.007812500 0.015625000 0.031250000 0.003906250 0.011718750 0.031250000 0.031250000 0.015625000 0.031250000 0.023437500 0.011718750 0.019531250 0.039062500 0.023437500 0.003906250 0.003906250 0.023437500 0.019531250 0.027343750 0.015625000 0.015625000 0.019531250 0.011718750 0.050781250 0.023437500 0.027343750 0.015625000 0.027343750 0.027343750 0.054687500 0.027343750 0.019531250 0.015625000 0.050781250 0.023437500 0.015625000 0.035156250 0.007812500 
0.433593750 0.261718750 0.089843750 0.093750000 0.308593750 0.070312500 0.050781250 0.074218750 0.476562500 0.753906250 0.066406250 0.203125000 0.070312500 0.054687500 0.171875000 0.070312500 0.101562500 0.128906250 0.058593750 0.351562500 0.117187500 0.136718750 0.019531250 0.375000000 0.199218750 0.128906250 0.179687500 0.156250000 0.046875000 0.019531250 0.046875000 0.066406250 0.054687500 0.156250000 0.160156250 0.035156250 0.042968750 0.121093750 0.058593750 0.085937500 0.179687500 0.062500000 0.082031250 0.015625000 0.050781250 0.023437500 0.031250000 0.031250000 0.058593750 0.121093750 0.074218750 0.054687500 0.054687500 0.050781250 0.035156250 0.042968750 0.050781250 0.046875000 0.082031250 0.152343750 0.019531250 0.039062500 0.062500000 0.015625000 0.050781250 0.007812500 0.011718750 0.019531250 0.015625000 0.039062500 0.035156250 0.035156250 0.019531250 0.058593750 0.003906250 0.078125000 0.023437500 0.023437500 0.035156250 0.011718750 0.027343750 0.035156250 0.039062500 0.035156250 0.019531250 0.019531250 0.046875000 0.050781250 0.058593750 0.003906250 0.046875000 0.023437500 0.050781250 0.062500000 0.031250000 0.042968750 0.042968750 0.042968750 0.042968750 0.015625000 0.015625000 0.031250000 0.058593750 0.027343750 0.101562500 0.050781250 0.035156250 0.046875000 0.007812500 0.039062500 0.027343750 0.027343750 0.050781250 0.019531250 0.023437500 0.062500000 0.019531250 0.027343750 0.019531250 0.027343750 0.027343750 0.023437500 0.046875000 0.003906250 0.039062500 0.023437500 0.023437500 0.015625000 0.019531250 0.019531250 0.007812500 0.023437500 0.031250000 0.019531250 0.023437500 0.046875000 0.015625000 0.042968750 0.027343750 0.035156250 0.031250000 0.042968750 0.011718750 0.046875000 0.015625000 0.031250000 0.003906250 0.007812500 0.011718750 0.031250000 0.019531250 0.023437500 0.039062500 0.011718750 0.023437500 0.046875000 0.015625000 0.027343750 0.050781250 0.015625000 0.015625000 0.011718750 0.039062500 0.015625000 0.015625000 0.039062500 0.023437500 0.027343750 0.039062500 0.023437500 0.027343750 0.023437500 0.015625000 0.027343750 0.015625000 0.031250000 0.023437500 0.011718750 0.027343750 0.007812500 0.015625000 0.003906250 0.039062500 0.003906250 0.015625000 0.035156250 0.023437500 0.019531250 0.023437500 0.031250000 0.031250000 0.015625000 0.019531250 0.035156250 0.031250000 0.011718750 0.035156250 0.023437500 0.015625000 0.039062500 0.027343750 0.007812500 0.007812500 0.027343750 0.031250000 0.011718750 0.015625000 0.015625000 0.015625000 0.019531250 0.027343750 0.027343750 0.023437500 0.000000000 0.015625000 0.011718750 0.042968750 0.015625000 0.015625000 0.015625000 0.027343750 0.019531250 0.019531250 0.011718750 0.015625000 0.023437500 0.023437500 0.054687500 0.015625000 0.019531250 0.039062500 0.019531250 0.015625000 0.023437500 0.015625000 0.011718750 0.023437500 0.031250000 0.011718750 0.011718750 0.019531250 0.031250000 0.039062500 0.031250000 0.007812500 0.027343750 0.039062500 0.023437500 0.042968750 0.027343750 0.015625000 0.027343750 0.035156250 0.011718750 0.003906250 0.031250000 0.011718750 
0.058593750 0.136718750 0.328125000 0.199218750 0.238281250 0.179687500 0.269531250 0.410156250 0.324218750 0.402343750 0.320312500 0.292968750 0.128906250 0.011718750 0.046875000 0.121093750 0.140625000 0.191406250 0.031250000 0.402343750 0.148437500 0.070312500 0.167968750 0.277343750 0.085937500 0.101562500 0.175781250 0.152343750 0.074218750 0.097656250 0.046875000 0.066406250 0.074218750 0.152343750 0.078125000 0.050781250 0.050781250 0.078125000 0.042968750 0.199218750 0.082031250 0.027343750 0.058593750 0.046875000 0.097656250 0.046875000 0.023437500 0.027343750 0.125000000 0.066406250 0.070312500 0.046875000 0.027343750 0.050781250 0.035156250 0.039062500 0.113281250 0.058593750 0.054687500 0.078125000 0.031250000 0.015625000 0.023437500 0.039062500 0.066406250 0.015625000 0.035156250 0.050781250 0.035156250 0.011718750 0.066406250 0.062500000 0.058593750 0.058593750 0.035156250 0.058593750 0.027343750 0.019531250 0.058593750 0.031250000 0.062500000 0.019531250 0.039062500 0.019531250 0.015625000 0.035156250 0.011718750 0.015625000 0.031250000 0.031250000 0.019531250 0.070312500 0.023437500 0.011718750 0.019531250 0.062500000 0.050781250 0.042968750 0.046875000 0.027343750 0.023437500 0.031250000 0.039062500 0.070312500 0.035156250 0.085937500 0.019531250 0.011718750 0.015625000 0.050781250 0.027343750 0.031250000 0.039062500 0.011718750 0.011718750 0.042968750 0.023437500 0.039062500 0.023437500 0.015625000 0.050781250 0.054687500 0.035156250 0.007812500 0.035156250 0.023437500 0.031250000 0.019531250 0.046875000 0.011718750 0.027343750 0.027343750 0.035156250 0.023437500 0.027343750 0.035156250 0.003906250 0.039062500 0.027343750 0.035156250 0.011718750 0.019531250 0.035156250 0.015625000 0.035156250 0.019531250 0.003906250 0.007812500 0.011718750 0.011718750 0.019531250 0.023437500 0.046875000 0.019531250 0.015625000 0.007812500 0.042968750 0.054687500 0.023437500 0.023437500 0.015625000 0.011718750 0.023437500 0.027343750 0.039062500 0.023437500 0.027343750 0.039062500 0.023437500 0.058593750 0.031250000 0.023437500 0.023437500 0.007812500 0.023437500 0.019531250 0.031250000 0.003906250 0.019531250 0.023437500 0.011718750 0.007812500 0.031250000 0.007812500 0.015625000 0.027343750 0.019531250 0.023437500 0.042968750 0.039062500 0.007812500 0.023437500 0.046875000 0.003906250 0.031250000 0.027343750 0.031250000 0.035156250 0.015625000 0.046875000 0.031250000 0.011718750 0.011718750 0.019531250 0.031250000 0.007812500 0.007812500 0.007812500 0.015625000 0.023437500 0.031250000 0.023437500 0.019531250 0.019531250 0.007812500 0.019531250 0.050781250 0.019531250 0.035156250 0.011718750 0.011718750 0.027343750 0.023437500 0.015625000 0.023437500 0.027343750 0.035156250 0.039062500 0.031250000 0.011718750 0.042968750 0.031250000 0.019531250 0.007812500 0.042968750 0.027343750 0.027343750 0.015625000 0.003906250 0.011718750 0.027343750 0.031250000 0.039062500 0.031250000 0.003906250 0.023437500 0.035156250 0.019531250 0.015625000 0.007812500 0.019531250 0.023437500 0.023437500 0.023437500 0.003906250 0.027343750 0.019531250 
0.417968750 0.351562500 0.093750000 0.117187500 0.265625000 0.195312500 0.289062500 0.128906250 0.277343750 0.496093750 0.449218750 0.035156250 0.214843750 0.054687500 0.117187500 0.121093750 0.136718750 0.210937500 0.054687500 0.363281250 0.238281250 0.234375000 0.035156250 0.140625000 0.085937500 0.070312500 0.050781250 0.187500000 0.023437500 0.136718750 0.011718750 0.132812500 0.121093750 0.097656250 0.078125000 0.082031250 0.054687500 0.003906250 0.125000000 0.085937500 0.121093750 0.125000000 0.062500000 0.042968750 0.066406250 0.085937500 0.074218750 0.101562500 0.136718750 0.070312500 0.042968750 0.023437500 0.042968750 0.039062500 0.074218750 0.023437500 0.093750000 0.039062500 0.050781250 0.054687500 0.042968750 0.023437500 0.007812500 0.042968750 0.042968750 0.023437500 0.007812500 0.035156250 0.035156250 0.050781250 0.058593750 0.058593750 0.046875000 0.015625000 0.054687500 0.054687500 0.046875000 0.019531250 0.042968750 0.035156250 0.046875000 0.031250000 0.046875000 0.027343750 0.031250000 0.050781250 0.039062500 0.003906250 0.027343750 0.035156250 0.019531250 0.050781250 0.050781250 0.031250000 0.015625000 0.023437500 0.046875000 0.027343750 0.023437500 0.031250000 0.039062500 0.011718750 0.019531250 0.039062500 0.015625000 0.078125000 0.039062500 0.003906250 0.031250000 0.015625000 0.031250000 0.062500000 0.003906250 0.035156250 0.003906250 0.039062500 0.011718750 0.031250000 0.039062500 0.019531250 0.054687500 0.035156250 0.019531250 0.011718750 0.054687500 0.007812500 0.023437500 0.011718750 0.050781250 0.031250000 0.019531250 0.027343750 0.019531250 0.031250000 0.019531250 0.011718750 0.035156250 0.019531250 0.019531250 0.011718750 0.035156250 0.023437500 0.019531250 0.015625000 0.019531250 0.011718750 0.019531250 0.011718750 0.019531250 0.003906250 0.027343750 0.027343750 0.031250000 0.015625000 0.011718750 0.019531250 0.031250000 0.035156250 0.031250000 0.039062500 0.007812500 0.023437500 0.007812500 0.023437500 0.042968750 0.003906250 0.023437500 0.031250000 0.039062500 0.031250000 0.054687500 0.015625000 0.011718750 0.023437500 0.015625000 0.015625000 0.035156250 0.027343750 0.035156250 0.023437500 0.019531250 0.023437500 0.019531250 0.011718750 0.027343750 0.023437500 0.023437500 0.027343750 0.011718750 0.019531250 0.035156250 0.035156250 0.046875000 0.019531250 0.019531250 0.031250000 0.019531250 0.039062500 0.046875000 0.023437500 0.023437500 0.019531250 0.011718750 0.027343750 0.011718750 0.023437500 0.019531250 0.019531250 0.011718750 0.039062500 0.015625000 0.023437500 0.023437500 0.019531250 0.015625000 0.027343750 0.042968750 0.023437500 0.039062500 0.015625000 0.015625000 0.035156250 0.019531250 0.031250000 0.019531250 0.042968750 0.015625000 0.019531250 0.027343750 0.007812500 0.035156250 0.031250000 0.023437500 0.007812500 0.035156250 0.039062500 0.019531250 0.007812500 0.019531250 0.019531250 0.015625000 0.023437500 0.035156250 0.027343750 0.015625000 0.015625000 0.015625000 0.035156250 0.015625000 0.007812500 0.019531250 0.023437500 0.015625000 0.023437500 0.023437500 0.011718750 0.003906250 
0.761718750 0.195312500 0.273437500 0.070312500 0.230468750 0.292968750 0.339843750 0.195312500 0.308593750 0.871093750 0.242187500 0.140625000 0.171875000 0.085937500 0.062500000 0.074218750 0.156250000 0.261718750 0.152343750 0.339843750 0.347656250 0.175781250 0.066406250 0.039062500 0.058593750 0.062500000 0.125000000 0.117187500 0.019531250 0.105468750 0.070312500 0.046875000 0.066406250 0.109375000 0.101562500 0.074218750 0.058593750 0.019531250 0.082031250 0.027343750 0.128906250 0.054687500 0.031250000 0.089843750 0.058593750 0.058593750 0.078125000 0.105468750 0.097656250 0.105468750 0.039062500 0.015625000 0.070312500 0.050781250 0.039062500 0.039062500 0.066406250 0.031250000 0.039062500 0.039062500 0.031250000 0.019531250 0.035156250 0.027343750 0.023437500 0.023437500 0.042968750 0.050781250 0.031250000 0.070312500 0.042968750 0.046875000 0.089843750 0.035156250 0.019531250 0.035156250 0.003906250 0.046875000 0.015625000 0.054687500 0.039062500 0.058593750 0.074218750 0.003906250 0.046875000 0.046875000 0.042968750 0.015625000 0.035156250 0.062500000 0.031250000 0.007812500 0.039062500 0.042968750 0.011718750 0.039062500 0.062500000 0.031250000 0.027343750 0.042968750 0.019531250 0.027343750 0.023437500 0.007812500 0.042968750 0.050781250 0.003906250 0.011718750 0.046875000 0.027343750 0.027343750 0.035156250 0.015625000 0.039062500 0.011718750 0.046875000 0.027343750 0.015625000 0.054687500 0.027343750 0.042968750 0.015625000 0.019531250 0.015625000 0.050781250 0.007812500 0.035156250 0.019531250 0.046875000 0.035156250 0.023437500 0.031250000 0.015625000 0.027343750 0.007812500 0.015625000 0.019531250 0.007812500 0.015625000 0.023437500 0.015625000 0.042968750 0.035156250 0.019531250 0.007812500 0.031250000 0.023437500 0.003906250 0.023437500 0.011718750 0.050781250 0.019531250 0.019531250 0.007812500 0.015625000 0.027343750 0.031250000 0.023437500 0.042968750 0.019531250 0.023437500 0.050781250 0.023437500 0.027343750 0.039062500 0.011718750 0.015625000 0.046875000 0.046875000 0.031250000 0.023437500 0.031250000 0.023437500 0.015625000 0.039062500 0.023437500 0.015625000 0.050781250 0.039062500 0.011718750 0.023437500 0.023437500 0.011718750 0.015625000 0.015625000 0.019531250 0.019531250 0.054687500 0.011718750 0.007812500 0.039062500 0.031250000 0.039062500 0.019531250 0.031250000 0.035156250 0.011718750 0.046875000 0.027343750 0.031250000 0.011718750 0.023437500 0.007812500 0.027343750 0.007812500 0.019531250 0.031250000 0.007812500 0.011718750 0.031250000 0.019531250 0.015625000 0.011718750 0.023437500 0.015625000 0.027343750 0.050781250 0.031250000 0.027343750 0.011718750 0.003906250 0.031250000 0.019531250 0.023437500 0.035156250 0.050781250 0.015625000 0.003906250 0.015625000 0.011718750 0.019531250 0.015625000 0.019531250 0.031250000 0.039062500 0.031250000 0.027343750 0.003906250 0.007812500 0.015625000 0.015625000 0.015625000 0.035156250 0.023437500 0.011718750 0.019531250 0.003906250 0.011718750 0.027343750 0.003906250 0.027343750 0.015625000 0.003906250 0.003906250 0.015625000 0.011718750 0.011718750 
0.972656250 0.035156250 0.121093750 0.085937500 0.292968750 0.171875000 0.273437500 0.191406250 0.367187500 0.886718750 0.191406250 0.054687500 0.179687500 0.062500000 0.070312500 0.101562500 0.085937500 0.218750000 0.199218750 0.414062500 0.191406250 0.089843750 0.082031250 0.105468750 0.132812500 0.128906250 0.093750000 0.035156250 0.160156250 0.105468750 0.015625000 0.109375000 0.097656250 0.171875000 0.062500000 0.125000000 0.039062500 0.039062500 0.078125000 0.101562500 0.035156250 0.101562500 0.042968750 0.035156250 0.062500000 0.027343750 0.085937500 0.148437500 0.054687500 0.097656250 0.058593750 0.023437500 0.070312500 0.046875000 0.027343750 0.019531250 0.035156250 0.007812500 0.027343750 0.019531250 0.003906250 0.007812500 0.023437500 0.003906250 0.035156250 0.035156250 0.042968750 0.023437500 0.015625000 0.027343750 0.031250000 0.039062500 0.074218750 0.062500000 0.027343750 0.046875000 0.031250000 0.042968750 0.035156250 0.054687500 0.031250000 0.066406250 0.062500000 0.019531250 0.054687500 0.082031250 0.015625000 0.031250000 0.042968750 0.058593750 0.035156250 0.023437500 0.031250000 0.062500000 0.015625000 0.046875000 0.039062500 0.015625000 0.039062500 0.023437500 0.023437500 0.031250000 0.019531250 0.019531250 0.003906250 0.039062500 0.058593750 0.039062500 0.042968750 0.019531250 0.019531250 0.011718750 0.039062500 0.019531250 0.003906250 0.070312500 0.007812500 0.015625000 0.078125000 0.015625000 0.011718750 0.007812500 0.015625000 0.031250000 0.023437500 0.035156250 0.007812500 0.023437500 0.027343750 0.039062500 0.027343750 0.015625000 0.035156250 0.031250000 0.007812500 0.019531250 0.007812500 0.023437500 0.019531250 0.046875000 0.011718750 0.019531250 0.035156250 0.011718750 0.019531250 0.039062500 0.023437500 0.015625000 0.027343750 0.011718750 0.054687500 0.019531250 0.015625000 0.007812500 0.003906250 0.035156250 0.027343750 0.050781250 0.039062500 0.011718750 0.046875000 0.011718750 0.046875000 0.023437500 0.042968750 0.015625000 0.015625000 0.023437500 0.011718750 0.050781250 0.007812500 0.019531250 0.023437500 0.019531250 0.046875000 0.019531250 0.023437500 0.027343750 0.050781250 0.007812500 0.019531250 0.003906250 0.019531250 0.027343750 0.019531250 0.019531250 0.042968750 0.031250000 0.031250000 0.015625000 0.015625000 0.023437500 0.015625000 0.035156250 0.007812500 0.015625000 0.015625000 0.058593750 0.011718750 0.023437500 0.011718750 0.011718750 0.015625000 0.023437500 0.007812500 0.031250000 0.019531250 0.019531250 0.031250000 0.019531250 0.031250000 0.003906250 0.023437500 0.007812500 0.023437500 0.046875000 0.035156250 0.015625000 0.011718750 0.023437500 0.015625000 0.019531250 0.019531250 0.007812500 0.023437500 0.035156250 0.015625000 0.015625000 0.003906250 0.003906250 0.015625000 0.023437500 0.011718750 0.011718750 0.027343750 0.023437500 0.019531250 0.011718750 0.003906250 0.003906250 0.007812500 0.003906250 0.019531250 0.023437500 0.007812500 0.015625000 0.019531250 0.027343750 0.023437500 0.015625000 0.042968750 0.003906250 0.019531250 0.011718750 0.023437500 0.007812500 0.035156250 
0.929687500 0.078125000 0.054687500 0.031250000 0.402343750 0.152343750 0.253906250 0.085937500 0.367187500 0.593750000 0.394531250 0.148437500 0.070312500 0.089843750 0.105468750 0.121093750 0.089843750 0.144531250 0.113281250 0.390625000 0.105468750 0.070312500 0.039062500 0.160156250 0.085937500 0.183593750 0.074218750 0.078125000 0.160156250 0.093750000 0.078125000 0.117187500 0.039062500 0.093750000 0.050781250 0.132812500 0.035156250 0.050781250 0.019531250 0.109375000 0.093750000 0.031250000 0.113281250 0.039062500 0.062500000 0.042968750 0.070312500 0.156250000 0.035156250 0.074218750 0.015625000 0.070312500 0.078125000 0.011718750 0.074218750 0.023437500 0.011718750 0.031250000 0.042968750 0.015625000 0.019531250 0.023437500 0.046875000 0.011718750 0.031250000 0.027343750 0.058593750 0.074218750 0.054687500 0.027343750 0.054687500 0.042968750 0.082031250 0.078125000 0.054687500 0.027343750 0.027343750 0.015625000 0.089843750 0.035156250 0.035156250 0.050781250 0.023437500 0.019531250 0.062500000 0.078125000 0.023437500 0.035156250 0.046875000 0.062500000 0.050781250 0.031250000 0.015625000 0.078125000 0.015625000 0.039062500 0.042968750 0.015625000 0.035156250 0.039062500 0.011718750 0.035156250 0.015625000 0.050781250 0.035156250 0.042968750 0.035156250 0.062500000 0.023437500 0.015625000 0.007812500 0.015625000 0.035156250 0.035156250 0.015625000 0.066406250 0.027343750 0.066406250 0.023437500 0.027343750 0.011718750 0.023437500 0.031250000 0.050781250 0.031250000 0.019531250 0.019531250 0.003906250 0.023437500 0.019531250 0.042968750 0.000000000 0.019531250 0.042968750 0.011718750 0.011718750 0.011718750 0.007812500 0.042968750 0.023437500 0.027343750 0.015625000 0.023437500 0.039062500 0.035156250 0.035156250 0.031250000 0.035156250 0.015625000 0.039062500 0.050781250 0.007812500 0.015625000 0.011718750 0.023437500 0.058593750 0.027343750 0.050781250 0.050781250 0.035156250 0.050781250 0.031250000 0.019531250 0.007812500 0.046875000 0.003906250 0.015625000 0.007812500 0.035156250 0.031250000 0.015625000 0.003906250 0.050781250 0.019531250 0.019531250 0.042968750 0.007812500 0.007812500 0.019531250 0.031250000 0.015625000 0.015625000 0.019531250 0.031250000 0.007812500 0.007812500 0.050781250 0.023437500 0.015625000 0.019531250 0.031250000 0.035156250 0.015625000 0.031250000 0.003906250 0.011718750 0.011718750 0.039062500 0.035156250 0.015625000 0.035156250 0.015625000 0.015625000 0.000000000 0.027343750 0.011718750 0.031250000 0.019531250 0.007812500 0.011718750 0.031250000 0.007812500 0.011718750 0.015625000 0.007812500 0.054687500 0.031250000 0.015625000 0.023437500 0.007812500 0.027343750 0.011718750 0.015625000 0.023437500 0.019531250 0.015625000 0.023437500 0.015625000 0.011718750 0.011718750 0.003906250 0.035156250 0.023437500 0.007812500 0.019531250 0.035156250 0.003906250 0.011718750 0.003906250 0.011718750 0.023437500 0.015625000 0.007812500 0.003906250 0.019531250 0.019531250 0.023437500 0.007812500 0.007812500 0.015625000 0.035156250 0.011718750 0.027343750 0.011718750 0.027343750 0.003906250 0.039062500 
0.746093750 0.128906250 0.199218750 0.203125000 0.324218750 0.125000000 0.187500000 0.351562500 0.390625000 0.195312500 0.093750000 0.269531250 0.136718750 0.070312500 0.152343750 0.125000000 0.109375000 0.109375000 0.089843750 0.398437500 0.148437500 0.113281250 0.093750000 0.148437500 0.101562500 0.207031250 0.035156250 0.128906250 0.070312500 0.128906250 0.039062500 0.121093750 0.148437500 0.070312500 0.066406250 0.089843750 0.082031250 0.023437500 0.027343750 0.160156250 0.078125000 0.027343750 0.066406250 0.039062500 0.046875000 0.109375000 0.039062500 0.105468750 0.015625000 0.050781250 0.019531250 0.050781250 0.066406250 0.039062500 0.070312500 0.039062500 0.046875000 0.023437500 0.054687500 0.027343750 0.023437500 0.015625000 0.042968750 0.035156250 0.027343750 0.007812500 0.007812500 0.046875000 0.054687500 0.031250000 0.074218750 0.015625000 0.042968750 0.085937500 0.066406250 0.007812500 0.054687500 0.035156250 0.078125000 0.050781250 0.027343750 0.035156250 0.035156250 0.039062500 0.062500000 0.046875000 0.042968750 0.023437500 0.019531250 0.042968750 0.011718750 0.007812500 0.003906250 0.066406250 0.039062500 0.023437500 0.023437500 0.058593750 0.035156250 0.035156250 0.031250000 0.019531250 0.011718750 0.015625000 0.042968750 0.039062500 0.023437500 0.031250000 0.039062500 0.011718750 0.015625000 0.007812500 0.027343750 0.015625000 0.023437500 0.066406250 0.027343750 0.074218750 0.019531250 0.007812500 0.027343750 0.050781250 0.035156250 0.035156250 0.031250000 0.015625000 0.035156250 0.015625000 0.050781250 0.019531250 0.042968750 0.011718750 0.007812500 0.042968750 0.019531250 0.011718750 0.027343750 0.023437500 0.039062500 0.031250000 0.019531250 0.003906250 0.011718750 0.031250000 0.031250000 0.019531250 0.035156250 0.031250000 0.019531250 0.027343750 0.023437500 0.019531250 0.027343750 0.027343750 0.019531250 0.042968750 0.046875000 0.031250000 0.031250000 0.027343750 0.027343750 0.015625000 0.015625000 0.007812500 0.039062500 0.027343750 0.039062500 0.007812500 0.042968750 0.042968750 0.011718750 0.011718750 0.046875000 0.035156250 0.019531250 0.027343750 0.019531250 0.019531250 0.003906250 0.023437500 0.023437500 0.031250000 0.027343750 0.015625000 0.015625000 0.019531250 0.027343750 0.019531250 0.011718750 0.011718750 0.042968750 0.027343750 0.027343750 0.027343750 0.015625000 0.011718750 0.015625000 0.003906250 0.007812500 0.023437500 0.031250000 0.019531250 0.027343750 0.019531250 0.003906250 0.015625000 0.035156250 0.015625000 0.011718750 0.023437500 0.023437500 0.015625000 0.007812500 0.019531250 0.019531250 0.035156250 0.027343750 0.019531250 0.023437500 0.007812500 0.027343750 0.011718750 0.015625000 0.031250000 0.027343750 0.015625000 0.027343750 0.015625000 0.019531250 0.007812500 0.011718750 0.035156250 0.019531250 0.007812500 0.011718750 0.015625000 0.019531250 0.019531250 0.007812500 0.019531250 0.027343750 0.015625000 0.007812500 0.011718750 0.015625000 0.019531250 0.019531250 0.019531250 0.019531250 0.003906250 0.027343750 0.011718750 0.035156250 0.003906250 0.015625000 0.007812500 0.050781250 
0.367187500 0.234375000 0.171875000 0.105468750 0.226562500 0.226562500 0.207031250 0.054687500 0.414062500 0.515625000 0.316406250 0.070312500 0.062500000 0.074218750 0.121093750 0.023437500 0.175781250 0.058593750 0.085937500 0.515625000 0.191406250 0.023437500 0.019531250 0.140625000 0.171875000 0.121093750 0.109375000 0.078125000 0.101562500 0.148437500 0.085937500 0.074218750 0.140625000 0.089843750 0.035156250 0.046875000 0.011718750 0.042968750 0.050781250 0.132812500 0.070312500 0.066406250 0.027343750 0.054687500 0.039062500 0.070312500 0.050781250 0.042968750 0.054687500 0.046875000 0.035156250 0.066406250 0.054687500 0.046875000 0.062500000 0.046875000 0.050781250 0.031250000 0.039062500 0.050781250 0.062500000 0.015625000 0.039062500 0.035156250 0.015625000 0.046875000 0.035156250 0.023437500 0.066406250 0.042968750 0.054687500 0.089843750 0.082031250 0.058593750 0.011718750 0.035156250 0.062500000 0.058593750 0.039062500 0.054687500 0.035156250 0.039062500 0.007812500 0.042968750 0.062500000 0.035156250 0.031250000 0.011718750 0.019531250 0.019531250 0.050781250 0.066406250 0.054687500 0.035156250 0.023437500 0.035156250 0.035156250 0.066406250 0.015625000 0.039062500 0.011718750 0.023437500 0.003906250 0.007812500 0.031250000 0.023437500 0.023437500 0.031250000 0.011718750 0.015625000 0.007812500 0.015625000 0.027343750 0.019531250 0.062500000 0.027343750 0.039062500 0.027343750 0.046875000 0.011718750 0.027343750 0.054687500 0.027343750 0.042968750 0.035156250 0.019531250 0.039062500 0.019531250 0.039062500 0.007812500 0.019531250 0.031250000 0.039062500 0.011718750 0.007812500 0.019531250 0.015625000 0.050781250 0.019531250 0.011718750 0.023437500 0.031250000 0.039062500 0.023437500 0.027343750 0.023437500 0.019531250 0.031250000 0.058593750 0.039062500 0.039062500 0.019531250 0.027343750 0.019531250 0.042968750 0.054687500 0.023437500 0.023437500 0.050781250 0.003906250 0.023437500 0.027343750 0.027343750 0.023437500 0.023437500 0.035156250 0.027343750 0.019531250 0.027343750 0.035156250 0.019531250 0.003906250 0.046875000 0.019531250 0.023437500 0.035156250 0.015625000 0.007812500 0.023437500 0.011718750 0.019531250 0.031250000 0.039062500 0.015625000 0.019531250 0.031250000 0.027343750 0.011718750 0.019531250 0.023437500 0.023437500 0.023437500 0.015625000 0.015625000 0.039062500 0.027343750 0.015625000 0.003906250 0.007812500 0.023437500 0.035156250 0.015625000 0.046875000 0.027343750 0.007812500 0.027343750 0.015625000 0.019531250 0.035156250 0.031250000 0.003906250 0.011718750 0.019531250 0.011718750 0.015625000 0.035156250 0.011718750 0.023437500 0.015625000 0.019531250 0.027343750 0.003906250 0.019531250 0.039062500 0.027343750 0.027343750 0.007812500 0.023437500 0.015625000 0.015625000 0.039062500 0.011718750 0.027343750 0.019531250 0.007812500 0.000000000 0.023437500 0.011718750 0.015625000 0.023437500 0.019531250 0.011718750 0.011718750 0.027343750 0.015625000 0.027343750 0.015625000 0.015625000 0.015625000 0.015625000 0.019531250 0.007812500 0.027343750 0.011718750 0.011718750 0.011718750 0.039062500 
0.019531250 0.160156250 0.085937500 0.179687500 0.085937500 0.128906250 0.054687500 0.312500000 0.386718750 0.664062500 0.152343750 0.058593750 0.066406250 0.082031250 0.062500000 0.140625000 0.066406250 0.128906250 0.027343750 0.597656250 0.078125000 0.117187500 0.062500000 0.191406250 0.136718750 0.132812500 0.058593750 0.023437500 0.074218750 0.113281250 0.046875000 0.015625000 0.128906250 0.128906250 0.050781250 0.007812500 0.031250000 0.058593750 0.054687500 0.082031250 0.070312500 0.019531250 0.027343750 0.066406250 0.035156250 0.074218750 0.074218750 0.082031250 0.031250000 0.011718750 0.042968750 0.054687500 0.074218750 0.082031250 0.007812500 0.031250000 0.066406250 0.023437500 0.015625000 0.054687500 0.085937500 0.023437500 0.011718750 0.031250000 0.082031250 0.019531250 0.050781250 0.039062500 0.046875000 0.050781250 0.078125000 0.058593750 0.050781250 0.027343750 0.046875000 0.101562500 0.011718750 0.015625000 0.023437500 0.066406250 0.023437500 0.058593750 0.019531250 0.039062500 0.035156250 0.027343750 0.035156250 0.019531250 0.031250000 0.011718750 0.066406250 0.066406250 0.035156250 0.027343750 0.027343750 0.023437500 0.054687500 0.039062500 0.035156250 0.007812500 0.015625000 0.031250000 0.011718750 0.007812500 0.027343750 0.007812500 0.035156250 0.062500000 0.042968750 0.023437500 0.031250000 0.011718750 0.035156250 0.015625000 0.066406250 0.011718750 0.015625000 0.019531250 0.050781250 0.039062500 0.039062500 0.042968750 0.019531250 0.027343750 0.019531250 0.019531250 0.039062500 0.015625000 0.035156250 0.039062500 0.031250000 0.027343750 0.046875000 0.019531250 0.031250000 0.011718750 0.039062500 0.027343750 0.019531250 0.027343750 0.046875000 0.031250000 0.023437500 0.019531250 0.003906250 0.062500000 0.015625000 0.023437500 0.042968750 0.042968750 0.046875000 0.019531250 0.031250000 0.015625000 0.023437500 0.031250000 0.039062500 0.039062500 0.042968750 0.000000000 0.011718750 0.035156250 0.027343750 0.015625000 0.015625000 0.031250000 0.035156250 0.035156250 0.035156250 0.054687500 0.039062500 0.039062500 0.019531250 0.027343750 0.031250000 0.015625000 0.027343750 0.015625000 0.019531250 0.015625000 0.019531250 0.042968750 0.035156250 0.019531250 0.027343750 0.011718750 0.035156250 0.011718750 0.007812500 0.035156250 0.011718750 0.019531250 0.035156250 0.007812500 0.035156250 0.019531250 0.015625000 0.007812500 0.007812500 0.003906250 0.027343750 0.015625000 0.054687500 0.031250000 0.007812500 0.027343750 0.007812500 0.015625000 0.023437500 0.042968750 0.015625000 0.003906250 0.019531250 0.027343750 0.007812500 0.015625000 0.035156250 0.042968750 0.023437500 0.019531250 0.007812500 0.023437500 0.023437500 0.019531250 0.050781250 0.039062500 0.023437500 0.007812500 0.015625000 0.023437500 0.050781250 0.011718750 0.027343750 0.011718750 0.015625000 0.007812500 0.015625000 0.015625000 0.011718750 0.003906250 0.023437500 0.023437500 0.003906250 0.023437500 0.023437500 0.015625000 0.035156250 0.027343750 0.027343750 0.007812500 0.007812500 0.011718750 0.015625000 0.003906250 0.007812500 0.023437500 0.019531250 
0.136718750 0.167968750 0.207031250 0.050781250 0.136718750 0.246093750 0.210937500 0.128906250 0.593750000 0.468750000 0.453125000 0.207031250 0.183593750 0.148437500 0.023437500 0.117187500 0.046875000 0.183593750 0.085937500 0.609375000 0.152343750 0.082031250 0.046875000 0.152343750 0.164062500 0.042968750 0.199218750 0.128906250 0.027343750 0.121093750 0.062500000 0.082031250 0.160156250 0.128906250 0.027343750 0.050781250 0.046875000 0.019531250 0.023437500 0.042968750 0.027343750 0.062500000 0.062500000 0.062500000 0.058593750 0.039062500 0.070312500 0.085937500 0.035156250 0.050781250 0.070312500 0.007812500 0.125000000 0.035156250 0.015625000 0.074218750 0.007812500 0.054687500 0.015625000 0.023437500 0.046875000 0.035156250 0.023437500 0.035156250 0.062500000 0.058593750 0.019531250 0.023437500 0.019531250 0.042968750 0.078125000 0.054687500 0.031250000 0.046875000 0.039062500 0.089843750 0.039062500 0.015625000 0.015625000 0.054687500 0.031250000 0.019531250 0.031250000 0.011718750 0.027343750 0.042968750 0.046875000 0.027343750 0.035156250 0.019531250 0.082031250 0.054687500 0.039062500 0.027343750 0.023437500 0.019531250 0.070312500 0.050781250 0.019531250 0.023437500 0.039062500 0.015625000 0.027343750 0.019531250 0.031250000 0.019531250 0.031250000 0.089843750 0.035156250 0.042968750 0.019531250 0.027343750 0.023437500 0.035156250 0.031250000 0.042968750 0.042968750 0.039062500 0.062500000 0.042968750 0.019531250 0.039062500 0.023437500 0.031250000 0.027343750 0.011718750 0.035156250 0.023437500 0.027343750 0.042968750 0.023437500 0.027343750 0.039062500 0.019531250 0.035156250 0.003906250 0.050781250 0.007812500 0.042968750 0.015625000 0.046875000 0.023437500 0.019531250 0.031250000 0.027343750 0.042968750 0.007812500 0.042968750 0.023437500 0.062500000 0.035156250 0.007812500 0.027343750 0.027343750 0.023437500 0.015625000 0.042968750 0.054687500 0.023437500 0.019531250 0.019531250 0.035156250 0.027343750 0.007812500 0.007812500 0.015625000 0.031250000 0.027343750 0.011718750 0.031250000 0.027343750 0.035156250 0.011718750 0.042968750 0.027343750 0.011718750 0.027343750 0.023437500 0.011718750 0.011718750 0.007812500 0.019531250 0.027343750 0.011718750 0.023437500 0.019531250 0.039062500 0.023437500 0.011718750 0.027343750 0.011718750 0.015625000 0.031250000 0.015625000 0.007812500 0.042968750 0.011718750 0.019531250 0.027343750 0.031250000 0.031250000 0.035156250 0.039062500 0.031250000 0.007812500 0.023437500 0.011718750 0.027343750 0.035156250 0.039062500 0.011718750 0.015625000 0.019531250 0.035156250 0.011718750 0.007812500 0.027343750 0.039062500 0.011718750 0.015625000 0.015625000 0.031250000 0.023437500 0.015625000 0.054687500 0.039062500 0.011718750 0.023437500 0.042968750 0.042968750 0.015625000 0.027343750 0.035156250 0.007812500 0.019531250 0.011718750 0.015625000 0.027343750 0.023437500 0.007812500 0.015625000 0.015625000 0.015625000 0.019531250 0.039062500 0.011718750 0.023437500 0.015625000 0.027343750 0.027343750 0.019531250 0.023437500 0.019531250 0.023437500 0.023437500 0.003906250 0.003906250 
0.410156250 0.109375000 0.078125000 0.082031250 0.042968750 0.089843750 0.222656250 0.082031250 0.515625000 0.546875000 0.359375000 0.250000000 0.273437500 0.140625000 0.156250000 0.199218750 0.074218750 0.078125000 0.097656250 0.445312500 0.320312500 0.027343750 0.156250000 0.015625000 0.105468750 0.128906250 0.109375000 0.175781250 0.050781250 0.117187500 0.097656250 0.039062500 0.128906250 0.109375000 0.074218750 0.097656250 0.031250000 0.023437500 0.039062500 0.019531250 0.070312500 0.039062500 0.082031250 0.039062500 0.050781250 0.019531250 0.101562500 0.046875000 0.027343750 0.097656250 0.070312500 0.058593750 0.156250000 0.046875000 0.039062500 0.058593750 0.042968750 0.050781250 0.031250000 0.015625000 0.007812500 0.058593750 0.050781250 0.082031250 0.031250000 0.050781250 0.035156250 0.046875000 0.031250000 0.019531250 0.019531250 0.023437500 0.031250000 0.019531250 0.062500000 0.023437500 0.082031250 0.042968750 0.039062500 0.042968750 0.035156250 0.019531250 0.019531250 0.027343750 0.027343750 0.039062500 0.023437500 0.035156250 0.035156250 0.031250000 0.109375000 0.023437500 0.035156250 0.007812500 0.007812500 0.027343750 0.027343750 0.035156250 0.015625000 0.039062500 0.031250000 0.011718750 0.042968750 0.007812500 0.039062500 0.019531250 0.050781250 0.070312500 0.050781250 0.027343750 0.003906250 0.027343750 0.007812500 0.011718750 0.015625000 0.042968750 0.019531250 0.039062500 0.070312500 0.054687500 0.007812500 0.035156250 0.027343750 0.015625000 0.011718750 0.019531250 0.039062500 0.003906250 0.019531250 0.046875000 0.023437500 0.039062500 0.050781250 0.023437500 0.035156250 0.027343750 0.070312500 0.019531250 0.042968750 0.031250000 0.027343750 0.019531250 0.023437500 0.035156250 0.011718750 0.039062500 0.019531250 0.039062500 0.003906250 0.039062500 0.019531250 0.003906250 0.019531250 0.015625000 0.011718750 0.011718750 0.019531250 0.031250000 0.011718750 0.027343750 0.011718750 0.035156250 0.031250000 0.007812500 0.019531250 0.015625000 0.003906250 0.058593750 0.011718750 0.031250000 0.035156250 0.023437500 0.031250000 0.007812500 0.023437500 0.019531250 0.031250000 0.003906250 0.031250000 0.023437500 0.019531250 0.027343750 0.031250000 0.007812500 0.031250000 0.019531250 0.050781250 0.007812500 0.011718750 0.027343750 0.031250000 0.007812500 0.019531250 0.011718750 0.011718750 0.011718750 0.039062500 0.027343750 0.039062500 0.019531250 0.042968750 0.015625000 0.023437500 0.023437500 0.011718750 0.027343750 0.015625000 0.011718750 0.019531250 0.035156250 0.003906250 0.015625000 0.031250000 0.027343750 0.027343750 0.015625000 0.042968750 0.015625000 0.019531250 0.011718750 0.011718750 0.027343750 0.015625000 0.019531250 0.027343750 0.050781250 0.015625000 0.031250000 0.039062500 0.046875000 0.015625000 0.019531250 0.042968750 0.015625000 0.019531250 0.023437500 0.003906250 0.042968750 0.027343750 0.015625000 0.003906250 0.019531250 0.003906250 0.027343750 0.042968750 0.023437500 0.031250000 0.019531250 0.027343750 0.027343750 0.035156250 0.015625000 0.015625000 0.031250000 0.031250000 0.003906250 0.003906250 
0.707031250 0.175781250 0.031250000 0.062500000 0.234375000 0.121093750 0.289062500 0.476562500 0.351562500 0.609375000 0.171875000 0.167968750 0.238281250 0.109375000 0.062500000 0.152343750 0.136718750 0.222656250 0.214843750 0.386718750 0.140625000 0.207031250 0.105468750 0.191406250 0.035156250 0.128906250 0.179687500 0.140625000 0.042968750 0.089843750 0.078125000 0.046875000 0.117187500 0.121093750 0.148437500 0.027343750 0.085937500 0.039062500 0.039062500 0.035156250 0.070312500 0.085937500 0.078125000 0.019531250 0.031250000 0.035156250 0.082031250 0.023437500 0.058593750 0.082031250 0.070312500 0.082031250 0.121093750 0.011718750 0.058593750 0.082031250 0.050781250 0.050781250 0.019531250 0.023437500 0.035156250 0.058593750 0.050781250 0.097656250 0.039062500 0.019531250 0.042968750 0.050781250 0.042968750 0.019531250 0.007812500 0.015625000 0.054687500 0.019531250 0.042968750 0.027343750 0.042968750 0.042968750 0.070312500 0.039062500 0.035156250 0.023437500 0.015625000 0.011718750 0.054687500 0.027343750 0.039062500 0.058593750 0.027343750 0.023437500 0.089843750 0.042968750 0.035156250 0.027343750 0.039062500 0.015625000 0.011718750 0.042968750 0.031250000 0.035156250 0.027343750 0.007812500 0.027343750 0.027343750 0.058593750 0.042968750 0.039062500 0.015625000 0.007812500 0.035156250 0.023437500 0.035156250 0.031250000 0.027343750 0.042968750 0.019531250 0.035156250 0.054687500 0.039062500 0.027343750 0.031250000 0.035156250 0.046875000 0.042968750 0.027343750 0.015625000 0.050781250 0.031250000 0.019531250 0.027343750 0.015625000 0.027343750 0.058593750 0.046875000 0.015625000 0.023437500 0.046875000 0.031250000 0.039062500 0.035156250 0.019531250 0.023437500 0.031250000 0.046875000 0.011718750 0.027343750 0.023437500 0.015625000 0.042968750 0.046875000 0.015625000 0.015625000 0.003906250 0.007812500 0.015625000 0.011718750 0.039062500 0.027343750 0.031250000 0.019531250 0.031250000 0.019531250 0.015625000 0.019531250 0.019531250 0.035156250 0.015625000 0.046875000 0.007812500 0.027343750 0.015625000 0.054687500 0.027343750 0.019531250 0.027343750 0.027343750 0.031250000 0.011718750 0.035156250 0.015625000 0.019531250 0.023437500 0.019531250 0.019531250 0.035156250 0.019531250 0.050781250 0.027343750 0.019531250 0.031250000 0.011718750 0.039062500 0.019531250 0.015625000 0.019531250 0.015625000 0.046875000 0.039062500 0.027343750 0.011718750 0.023437500 0.042968750 0.027343750 0.015625000 0.015625000 0.011718750 0.035156250 0.007812500 0.023437500 0.019531250 0.023437500 0.042968750 0.007812500 0.015625000 0.019531250 0.031250000 0.023437500 0.011718750 0.007812500 0.011718750 0.011718750 0.007812500 0.015625000 0.007812500 0.035156250 0.062500000 0.019531250 0.027343750 0.011718750 0.031250000 0.039062500 0.050781250 0.015625000 0.027343750 0.015625000 0.015625000 0.011718750 0.042968750 0.027343750 0.011718750 0.019531250 0.007812500 0.011718750 0.011718750 0.042968750 0.039062500 0.027343750 0.039062500 0.050781250 0.011718750 0.027343750 0.019531250 0.031250000 0.023437500 0.035156250 0.027343750 0.019531250 
0.652343750 0.210937500 0.074218750 0.113281250 0.257812500 0.085937500 0.472656250 0.160156250 0.285156250 0.558593750 0.332031250 0.117187500 0.195312500 0.097656250 0.074218750 0.121093750 0.109375000 0.242187500 0.191406250 0.406250000 0.160156250 0.117187500 0.039062500 0.281250000 0.171875000 0.097656250 0.050781250 0.035156250 0.085937500 0.078125000 0.085937500 0.054687500 0.074218750 0.101562500 0.156250000 0.078125000 0.097656250 0.027343750 0.074218750 0.125000000 0.027343750 0.019531250 0.054687500 0.046875000 0.097656250 0.105468750 0.019531250 0.066406250 0.050781250 0.027343750 0.101562500 0.117187500 0.070312500 0.082031250 0.007812500 0.046875000 0.042968750 0.031250000 0.042968750 0.039062500 0.039062500 0.062500000 0.062500000 0.085937500 0.035156250 0.007812500 0.066406250 0.019531250 0.050781250 0.019531250 0.035156250 0.027343750 0.031250000 0.027343750 0.042968750 0.027343750 0.054687500 0.046875000 0.039062500 0.042968750 0.007812500 0.015625000 0.007812500 0.015625000 0.035156250 0.023437500 0.007812500 0.011718750 0.019531250 0.062500000 0.066406250 0.062500000 0.031250000 0.042968750 0.031250000 0.015625000 0.046875000 0.007812500 0.019531250 0.046875000 0.027343750 0.019531250 0.007812500 0.035156250 0.015625000 0.039062500 0.015625000 0.019531250 0.011718750 0.039062500 0.027343750 0.035156250 0.046875000 0.039062500 0.015625000 0.031250000 0.027343750 0.000000000 0.050781250 0.015625000 0.003906250 0.023437500 0.046875000 0.031250000 0.015625000 0.035156250 0.027343750 0.046875000 0.019531250 0.015625000 0.035156250 0.046875000 0.070312500 0.019531250 0.027343750 0.023437500 0.023437500 0.050781250 0.015625000 0.039062500 0.019531250 0.050781250 0.019531250 0.046875000 0.015625000 0.019531250 0.019531250 0.039062500 0.023437500 0.031250000 0.035156250 0.023437500 0.015625000 0.015625000 0.011718750 0.027343750 0.023437500 0.042968750 0.046875000 0.003906250 0.011718750 0.015625000 0.015625000 0.031250000 0.007812500 0.039062500 0.019531250 0.015625000 0.027343750 0.035156250 0.035156250 0.054687500 0.011718750 0.007812500 0.035156250 0.031250000 0.039062500 0.035156250 0.042968750 0.019531250 0.027343750 0.007812500 0.035156250 0.015625000 0.011718750 0.023437500 0.046875000 0.027343750 0.003906250 0.007812500 0.023437500 0.035156250 0.031250000 0.031250000 0.011718750 0.019531250 0.027343750 0.050781250 0.011718750 0.003906250 0.019531250 0.046875000 0.023437500 0.011718750 0.023437500 0.011718750 0.042968750 0.007812500 0.015625000 0.007812500 0.023437500 0.031250000 0.015625000 0.007812500 0.015625000 0.046875000 0.019531250 0.011718750 0.015625000 0.015625000 0.015625000 0.007812500 0.007812500 0.011718750 0.023437500 0.050781250 0.007812500 0.011718750 0.023437500 0.011718750 0.023437500 0.039062500 0.015625000 0.039062500 0.015625000 0.003906250 0.023437500 0.027343750 0.023437500 0.003906250 0.019531250 0.011718750 0.019531250 0.019531250 0.058593750 0.015625000 0.042968750 0.023437500 0.035156250 0.023437500 0.027343750 0.027343750 0.023437500 0.000000000 0.011718750 0.050781250 0.003906250 
0.449218750 0.238281250 0.199218750 0.136718750 0.269531250 0.253906250 0.308593750 0.292968750 0.285156250 0.457031250 0.097656250 0.203125000 0.179687500 0.046875000 0.089843750 0.140625000 0.066406250 0.156250000 0.175781250 0.484375000 0.074218750 0.210937500 0.195312500 0.171875000 0.039062500 0.222656250 0.121093750 0.078125000 0.097656250 0.128906250 0.089843750 0.066406250 0.066406250 0.058593750 0.035156250 0.183593750 0.035156250 0.039062500 0.046875000 0.058593750 0.097656250 0.066406250 0.062500000 0.085937500 0.027343750 0.082031250 0.066406250 0.085937500 0.062500000 0.035156250 0.074218750 0.054687500 0.085937500 0.082031250 0.019531250 0.085937500 0.007812500 0.000000000 0.042968750 0.046875000 0.027343750 0.031250000 0.070312500 0.046875000 0.050781250 0.089843750 0.023437500 0.066406250 0.023437500 0.050781250 0.074218750 0.015625000 0.042968750 0.031250000 0.031250000 0.023437500 0.019531250 0.042968750 0.031250000 0.015625000 0.015625000 0.003906250 0.019531250 0.007812500 0.023437500 0.042968750 0.042968750 0.011718750 0.042968750 0.011718750 0.015625000 0.027343750 0.039062500 0.023437500 0.046875000 0.027343750 0.031250000 0.023437500 0.027343750 0.042968750 0.027343750 0.007812500 0.019531250 0.027343750 0.011718750 0.035156250 0.015625000 0.031250000 0.023437500 0.031250000 0.027343750 0.031250000 0.042968750 0.031250000 0.011718750 0.042968750 0.050781250 0.023437500 0.023437500 0.023437500 0.023437500 0.019531250 0.023437500 0.039062500 0.039062500 0.015625000 0.007812500 0.062500000 0.019531250 0.011718750 0.054687500 0.011718750 0.042968750 0.007812500 0.035156250 0.023437500 0.011718750 0.039062500 0.023437500 0.042968750 0.015625000 0.054687500 0.015625000 0.050781250 0.011718750 0.031250000 0.023437500 0.039062500 0.039062500 0.062500000 0.011718750 0.015625000 0.023437500 0.023437500 0.015625000 0.019531250 0.007812500 0.054687500 0.031250000 0.011718750 0.011718750 0.007812500 0.011718750 0.027343750 0.007812500 0.019531250 0.023437500 0.007812500 0.019531250 0.050781250 0.019531250 0.054687500 0.003906250 0.011718750 0.039062500 0.039062500 0.031250000 0.031250000 0.027343750 0.027343750 0.015625000 0.019531250 0.023437500 0.023437500 0.007812500 0.007812500 0.042968750 0.050781250 0.015625000 0.003906250 0.011718750 0.023437500 0.046875000 0.015625000 0.015625000 0.015625000 0.035156250 0.031250000 0.007812500 0.011718750 0.019531250 0.035156250 0.031250000 0.011718750 0.031250000 0.019531250 0.023437500 0.011718750 0.031250000 0.031250000 0.011718750 0.011718750 0.027343750 0.023437500 0.019531250 0.050781250 0.023437500 0.015625000 0.011718750 0.015625000 0.027343750 0.003906250 0.011718750 0.023437500 0.015625000 0.042968750 0.007812500 0.015625000 0.015625000 0.019531250 0.007812500 0.027343750 0.027343750 0.015625000 0.011718750 0.003906250 0.019531250 0.015625000 0.011718750 0.019531250 0.011718750 0.019531250 0.015625000 0.031250000 0.054687500 0.019531250 0.027343750 0.011718750 0.023437500 0.011718750 0.015625000 0.027343750 0.023437500 0.023437500 0.023437500 0.042968750 0.019531250 
0.039062500 0.292968750 0.058593750 0.074218750 0.238281250 0.136718750 0.312500000 0.246093750 0.156250000 0.386718750 0.210937500 0.226562500 0.234375000 0.101562500 0.066406250 0.261718750 0.031250000 0.222656250 0.089843750 0.285156250 0.171875000 0.156250000 0.199218750 0.140625000 0.183593750 0.246093750 0.121093750 0.046875000 0.109375000 0.039062500 0.156250000 0.011718750 0.101562500 0.035156250 0.082031250 0.109375000 0.046875000 0.031250000 0.042968750 0.074218750 0.070312500 0.062500000 0.093750000 0.062500000 0.015625000 0.058593750 0.097656250 0.070312500 0.062500000 0.050781250 0.105468750 0.054687500 0.074218750 0.085937500 0.050781250 0.039062500 0.042968750 0.027343750 0.046875000 0.027343750 0.027343750 0.046875000 0.035156250 0.003906250 0.054687500 0.082031250 0.031250000 0.074218750 0.050781250 0.062500000 0.082031250 0.062500000 0.050781250 0.027343750 0.003906250 0.042968750 0.031250000 0.015625000 0.062500000 0.027343750 0.003906250 0.007812500 0.035156250 0.019531250 0.027343750 0.050781250 0.011718750 0.039062500 0.035156250 0.019531250 0.035156250 0.031250000 0.042968750 0.042968750 0.039062500 0.023437500 0.031250000 0.019531250 0.039062500 0.023437500 0.019531250 0.015625000 0.031250000 0.019531250 0.023437500 0.023437500 0.007812500 0.023437500 0.039062500 0.015625000 0.035156250 0.019531250 0.031250000 0.019531250 0.019531250 0.039062500 0.042968750 0.031250000 0.019531250 0.027343750 0.019531250 0.011718750 0.015625000 0.015625000 0.031250000 0.031250000 0.023437500 0.042968750 0.023437500 0.003906250 0.019531250 0.046875000 0.015625000 0.011718750 0.023437500 0.019531250 0.031250000 0.031250000 0.050781250 0.019531250 0.031250000 0.046875000 0.035156250 0.031250000 0.011718750 0.023437500 0.031250000 0.007812500 0.042968750 0.042968750 0.011718750 0.007812500 0.031250000 0.023437500 0.011718750 0.007812500 0.015625000 0.054687500 0.015625000 0.019531250 0.023437500 0.011718750 0.003906250 0.023437500 0.023437500 0.015625000 0.015625000 0.007812500 0.035156250 0.023437500 0.011718750 0.042968750 0.027343750 0.019531250 0.023437500 0.031250000 0.046875000 0.015625000 0.039062500 0.039062500 0.011718750 0.015625000 0.015625000 0.023437500 0.031250000 0.023437500 0.035156250 0.035156250 0.007812500 0.007812500 0.031250000 0.011718750 0.031250000 0.011718750 0.019531250 0.042968750 0.019531250 0.019531250 0.003906250 0.027343750 0.027343750 0.015625000 0.015625000 0.019531250 0.011718750 0.035156250 0.023437500 0.019531250 0.015625000 0.019531250 0.019531250 0.007812500 0.019531250 0.015625000 0.035156250 0.039062500 0.027343750 0.019531250 0.011718750 0.019531250 0.019531250 0.015625000 0.023437500 0.011718750 0.027343750 0.019531250 0.019531250 0.011718750 0.003906250 0.011718750 0.003906250 0.011718750 0.015625000 0.011718750 0.015625000 0.023437500 0.027343750 0.023437500 0.011718750 0.031250000 0.023437500 0.027343750 0.031250000 0.019531250 0.031250000 0.023437500 0.007812500 0.019531250 0.011718750 0.011718750 0.035156250 0.003906250 0.023437500 0.019531250 0.019531250 0.015625000 0.054687500 
0.609375000 0.312500000 0.277343750 0.175781250 0.246093750 0.156250000 0.261718750 0.347656250 0.175781250 0.152343750 0.035156250 0.214843750 0.164062500 0.058593750 0.070312500 0.179687500 0.148437500 0.175781250 0.242187500 0.171875000 0.164062500 0.207031250 0.171875000 0.214843750 0.046875000 0.187500000 0.050781250 0.085937500 0.179687500 0.105468750 0.089843750 0.066406250 0.144531250 0.042968750 0.093750000 0.070312500 0.058593750 0.078125000 0.019531250 0.023437500 0.070312500 0.105468750 0.074218750 0.093750000 0.035156250 0.042968750 0.070312500 0.078125000 0.015625000 0.085937500 0.054687500 0.039062500 0.089843750 0.070312500 0.066406250 0.023437500 0.035156250 0.042968750 0.027343750 0.054687500 0.023437500 0.019531250 0.003906250 0.019531250 0.042968750 0.078125000 0.042968750 0.070312500 0.046875000 0.066406250 0.074218750 0.066406250 0.062500000 0.011718750 0.023437500 0.023437500 0.011718750 0.023437500 0.046875000 0.027343750 0.035156250 0.039062500 0.031250000 0.027343750 0.023437500 0.058593750 0.035156250 0.015625000 0.035156250 0.031250000 0.019531250 0.035156250 0.031250000 0.000000000 0.031250000 0.031250000 0.019531250 0.031250000 0.035156250 0.011718750 0.003906250 0.031250000 0.031250000 0.015625000 0.031250000 0.019531250 0.023437500 0.015625000 0.039062500 0.003906250 0.019531250 0.023437500 0.027343750 0.000000000 0.027343750 0.027343750 0.019531250 0.011718750 0.042968750 0.054687500 0.007812500 0.015625000 0.019531250 0.046875000 0.027343750 0.058593750 0.023437500 0.027343750 0.015625000 0.050781250 0.042968750 0.007812500 0.019531250 0.023437500 0.011718750 0.023437500 0.019531250 0.019531250 0.015625000 0.046875000 0.031250000 0.042968750 0.035156250 0.019531250 0.023437500 0.035156250 0.015625000 0.003906250 0.054687500 0.031250000 0.011718750 0.011718750 0.042968750 0.015625000 0.011718750 0.003906250 0.011718750 0.046875000 0.023437500 0.023437500 0.011718750 0.023437500 0.019531250 0.003906250 0.011718750 0.039062500 0.035156250 0.015625000 0.035156250 0.015625000 0.015625000 0.015625000 0.027343750 0.019531250 0.023437500 0.011718750 0.011718750 0.031250000 0.007812500 0.031250000 0.023437500 0.015625000 0.027343750 0.027343750 0.023437500 0.015625000 0.031250000 0.031250000 0.011718750 0.007812500 0.035156250 0.019531250 0.015625000 0.015625000 0.011718750 0.027343750 0.003906250 0.011718750 0.003906250 0.011718750 0.015625000 0.007812500 0.019531250 0.027343750 0.042968750 0.019531250 0.027343750 0.023437500 0.035156250 0.035156250 0.019531250 0.019531250 0.015625000 0.031250000 0.042968750 0.023437500 0.015625000 0.039062500 0.023437500 0.007812500 0.019531250 0.015625000 0.019531250 0.003906250 0.042968750 0.007812500 0.015625000 0.031250000 0.007812500 0.019531250 0.019531250 0.011718750 0.007812500 0.011718750 0.015625000 0.011718750 0.031250000 0.023437500 0.000000000 0.015625000 0.035156250 0.027343750 0.027343750 0.015625000 0.011718750 0.035156250 0.015625000 0.031250000 0.015625000 0.011718750 0.031250000 0.027343750 0.023437500 0.027343750 0.007812500 0.039062500 0.015625000 
0.976562500 0.214843750 0.183593750 0.160156250 0.210937500 0.117187500 0.296875000 0.289062500 0.347656250 0.101562500 0.238281250 0.246093750 0.082031250 0.164062500 0.210937500 0.093750000 0.117187500 0.230468750 0.015625000 0.300781250 0.101562500 0.078125000 0.246093750 0.128906250 0.105468750 0.128906250 0.074218750 0.171875000 0.187500000 0.082031250 0.054687500 0.125000000 0.070312500 0.082031250 0.101562500 0.085937500 0.011718750 0.085937500 0.054687500 0.046875000 0.070312500 0.085937500 0.035156250 0.039062500 0.070312500 0.054687500 0.089843750 0.046875000 0.089843750 0.003906250 0.046875000 0.070312500 0.078125000 0.039062500 0.011718750 0.015625000 0.066406250 0.039062500 0.035156250 0.042968750 0.023437500 0.046875000 0.046875000 0.027343750 0.031250000 0.019531250 0.031250000 0.015625000 0.007812500 0.058593750 0.078125000 0.015625000 0.031250000 0.054687500 0.062500000 0.023437500 0.035156250 0.027343750 0.066406250 0.027343750 0.062500000 0.042968750 0.042968750 0.050781250 0.023437500 0.046875000 0.042968750 0.027343750 0.031250000 0.039062500 0.023437500 0.019531250 0.027343750 0.015625000 0.019531250 0.042968750 0.035156250 0.042968750 0.023437500 0.011718750 0.031250000 0.050781250 0.023437500 0.039062500 0.050781250 0.035156250 0.019531250 0.031250000 0.027343750 0.035156250 0.046875000 0.023437500 0.011718750 0.011718750 0.015625000 0.011718750 0.019531250 0.042968750 0.035156250 0.031250000 0.015625000 0.011718750 0.003906250 0.035156250 0.039062500 0.062500000 0.015625000 0.027343750 0.015625000 0.035156250 0.046875000 0.019531250 0.015625000 0.027343750 0.015625000 0.027343750 0.023437500 0.003906250 0.023437500 0.027343750 0.011718750 0.031250000 0.035156250 0.015625000 0.031250000 0.023437500 0.035156250 0.035156250 0.023437500 0.003906250 0.027343750 0.007812500 0.031250000 0.011718750 0.011718750 0.003906250 0.019531250 0.027343750 0.031250000 0.031250000 0.023437500 0.042968750 0.011718750 0.015625000 0.027343750 0.023437500 0.027343750 0.011718750 0.019531250 0.035156250 0.023437500 0.011718750 0.035156250 0.015625000 0.015625000 0.019531250 0.015625000 0.007812500 0.019531250 0.039062500 0.023437500 0.027343750 0.027343750 0.023437500 0.027343750 0.015625000 0.011718750 0.035156250 0.031250000 0.035156250 0.062500000 0.023437500 0.015625000 0.007812500 0.023437500 0.031250000 0.003906250 0.003906250 0.007812500 0.019531250 0.011718750 0.031250000 0.035156250 0.039062500 0.039062500 0.019531250 0.035156250 0.023437500 0.011718750 0.031250000 0.027343750 0.015625000 0.019531250 0.019531250 0.031250000 0.011718750 0.019531250 0.035156250 0.023437500 0.039062500 0.011718750 0.015625000 0.019531250 0.031250000 0.023437500 0.031250000 0.019531250 0.035156250 0.011718750 0.042968750 0.035156250 0.023437500 0.023437500 0.019531250 0.011718750 0.023437500 0.035156250 0.019531250 0.007812500 0.011718750 0.035156250 0.015625000 0.039062500 0.019531250 0.007812500 0.027343750 0.015625000 0.035156250 0.023437500 0.011718750 0.031250000 0.027343750 0.023437500 0.035156250 0.007812500 0.035156250 0.007812500 
1.222656250 0.085937500 0.378906250 0.128906250 0.164062500 0.203125000 0.222656250 0.097656250 0.214843750 0.566406250 0.500000000 0.253906250 0.101562500 0.156250000 0.039062500 0.125000000 0.128906250 0.191406250 0.132812500 0.417968750 0.078125000 0.136718750 0.167968750 0.070312500 0.097656250 0.093750000 0.105468750 0.316406250 0.078125000 0.167968750 0.066406250 0.132812500 0.117187500 0.097656250 0.113281250 0.035156250 0.082031250 0.136718750 0.074218750 0.015625000 0.121093750 0.031250000 0.058593750 0.070312500 0.031250000 0.089843750 0.054687500 0.042968750 0.085937500 0.031250000 0.085937500 0.031250000 0.023437500 0.093750000 0.031250000 0.046875000 0.089843750 0.042968750 0.031250000 0.039062500 0.054687500 0.027343750 0.046875000 0.050781250 0.027343750 0.007812500 0.011718750 0.019531250 0.042968750 0.046875000 0.042968750 0.015625000 0.062500000 0.054687500 0.046875000 0.042968750 0.039062500 0.050781250 0.015625000 0.066406250 0.046875000 0.058593750 0.019531250 0.046875000 0.031250000 0.042968750 0.070312500 0.042968750 0.058593750 0.046875000 0.015625000 0.019531250 0.015625000 0.019531250 0.007812500 0.042968750 0.019531250 0.066406250 0.050781250 0.035156250 0.031250000 0.062500000 0.015625000 0.007812500 0.027343750 0.042968750 0.019531250 0.035156250 0.015625000 0.062500000 0.058593750 0.011718750 0.050781250 0.035156250 0.035156250 0.007812500 0.023437500 0.039062500 0.050781250 0.042968750 0.035156250 0.035156250 0.031250000 0.023437500 0.066406250 0.031250000 0.027343750 0.019531250 0.035156250 0.035156250 0.050781250 0.019531250 0.011718750 0.066406250 0.031250000 0.023437500 0.007812500 0.023437500 0.039062500 0.031250000 0.031250000 0.042968750 0.019531250 0.023437500 0.007812500 0.042968750 0.015625000 0.042968750 0.015625000 0.023437500 0.015625000 0.027343750 0.023437500 0.015625000 0.011718750 0.019531250 0.035156250 0.015625000 0.027343750 0.023437500 0.035156250 0.039062500 0.042968750 0.031250000 0.011718750 0.039062500 0.027343750 0.039062500 0.031250000 0.039062500 0.023437500 0.015625000 0.058593750 0.015625000 0.027343750 0.035156250 0.015625000 0.011718750 0.039062500 0.019531250 0.015625000 0.023437500 0.015625000 0.011718750 0.042968750 0.007812500 0.011718750 0.019531250 0.031250000 0.050781250 0.035156250 0.027343750 0.035156250 0.011718750 0.027343750 0.039062500 0.019531250 0.027343750 0.031250000 0.023437500 0.019531250 0.046875000 0.019531250 0.027343750 0.027343750 0.039062500 0.027343750 0.015625000 0.019531250 0.035156250 0.031250000 0.019531250 0.023437500 0.007812500 0.042968750 0.007812500 0.035156250 0.035156250 0.027343750 0.039062500 0.011718750 0.019531250 0.023437500 0.027343750 0.023437500 0.031250000 0.015625000 0.015625000 0.003906250 0.054687500 0.019531250 0.007812500 0.015625000 0.019531250 0.019531250 0.015625000 0.023437500 0.031250000 0.019531250 0.031250000 0.011718750 0.019531250 0.027343750 0.015625000 0.015625000 0.031250000 0.050781250 0.035156250 0.027343750 0.019531250 0.011718750 0.007812500 0.031250000 0.007812500 0.011718750 0.019531250 0.011718750 
1.195312500 0.203125000 0.171875000 0.082031250 0.222656250 0.234375000 0.078125000 0.058593750 0.226562500 0.937500000 0.417968750 0.207031250 0.078125000 0.082031250 0.101562500 0.144531250 0.035156250 0.179687500 0.117187500 0.507812500 0.070312500 0.199218750 0.027343750 0.062500000 0.023437500 0.062500000 0.093750000 0.203125000 0.054687500 0.167968750 0.148437500 0.089843750 0.054687500 0.121093750 0.171875000 0.105468750 0.023437500 0.058593750 0.023437500 0.074218750 0.089843750 0.031250000 0.109375000 0.035156250 0.078125000 0.031250000 0.082031250 0.027343750 0.070312500 0.058593750 0.070312500 0.050781250 0.019531250 0.078125000 0.007812500 0.023437500 0.066406250 0.046875000 0.039062500 0.027343750 0.023437500 0.078125000 0.074218750 0.062500000 0.042968750 0.035156250 0.015625000 0.019531250 0.015625000 0.007812500 0.011718750 0.042968750 0.070312500 0.035156250 0.027343750 0.066406250 0.046875000 0.062500000 0.007812500 0.066406250 0.054687500 0.031250000 0.019531250 0.062500000 0.027343750 0.023437500 0.121093750 0.019531250 0.003906250 0.035156250 0.046875000 0.027343750 0.023437500 0.011718750 0.015625000 0.050781250 0.027343750 0.074218750 0.023437500 0.023437500 0.046875000 0.058593750 0.023437500 0.015625000 0.019531250 0.058593750 0.007812500 0.042968750 0.019531250 0.046875000 0.085937500 0.019531250 0.042968750 0.042968750 0.027343750 0.023437500 0.027343750 0.019531250 0.031250000 0.023437500 0.031250000 0.046875000 0.019531250 0.023437500 0.062500000 0.031250000 0.035156250 0.003906250 0.015625000 0.007812500 0.007812500 0.039062500 0.019531250 0.066406250 0.042968750 0.019531250 0.011718750 0.011718750 0.050781250 0.031250000 0.015625000 0.050781250 0.023437500 0.035156250 0.031250000 0.035156250 0.007812500 0.023437500 0.027343750 0.011718750 0.015625000 0.035156250 0.019531250 0.023437500 0.011718750 0.011718750 0.027343750 0.007812500 0.031250000 0.015625000 0.023437500 0.035156250 0.039062500 0.023437500 0.023437500 0.031250000 0.023437500 0.050781250 0.027343750 0.046875000 0.023437500 0.031250000 0.031250000 0.035156250 0.019531250 0.035156250 0.011718750 0.023437500 0.007812500 0.015625000 0.031250000 0.015625000 0.011718750 0.027343750 0.031250000 0.015625000 0.007812500 0.019531250 0.031250000 0.042968750 0.039062500 0.042968750 0.023437500 0.019531250 0.019531250 0.042968750 0.019531250 0.027343750 0.031250000 0.011718750 0.039062500 0.019531250 0.031250000 0.023437500 0.015625000 0.000000000 0.015625000 0.019531250 0.011718750 0.015625000 0.015625000 0.035156250 0.011718750 0.007812500 0.035156250 0.027343750 0.019531250 0.035156250 0.027343750 0.019531250 0.007812500 0.027343750 0.023437500 0.039062500 0.007812500 0.023437500 0.015625000 0.015625000 0.027343750 0.042968750 0.023437500 0.019531250 0.015625000 0.019531250 0.039062500 0.019531250 0.031250000 0.039062500 0.019531250 0.027343750 0.003906250 0.015625000 0.019531250 0.015625000 0.035156250 0.027343750 0.035156250 0.027343750 0.019531250 0.011718750 0.011718750 0.011718750 0.011718750 0.015625000 0.019531250 0.007812500 0.015625000 
1.324218750 0.136718750 0.214843750 0.078125000 0.281250000 0.195312500 0.289062500 0.269531250 0.402343750 0.843750000 0.527343750 0.304687500 0.171875000 0.148437500 0.113281250 0.191406250 0.128906250 0.253906250 0.121093750 0.425781250 0.160156250 0.218750000 0.085937500 0.117187500 0.097656250 0.125000000 0.156250000 0.093750000 0.074218750 0.175781250 0.160156250 0.042968750 0.023437500 0.171875000 0.136718750 0.113281250 0.042968750 0.070312500 0.023437500 0.058593750 0.050781250 0.066406250 0.105468750 0.039062500 0.046875000 0.046875000 0.042968750 0.062500000 0.035156250 0.085937500 0.074218750 0.046875000 0.011718750 0.070312500 0.054687500 0.027343750 0.054687500 0.039062500 0.035156250 0.023437500 0.031250000 0.097656250 0.035156250 0.066406250 0.070312500 0.019531250 0.054687500 0.039062500 0.015625000 0.027343750 0.015625000 0.042968750 0.066406250 0.011718750 0.046875000 0.031250000 0.031250000 0.046875000 0.019531250 0.031250000 0.023437500 0.035156250 0.058593750 0.054687500 0.035156250 0.019531250 0.074218750 0.062500000 0.019531250 0.054687500 0.042968750 0.042968750 0.039062500 0.011718750 0.015625000 0.039062500 0.039062500 0.070312500 0.023437500 0.042968750 0.042968750 0.023437500 0.011718750 0.027343750 0.007812500 0.050781250 0.015625000 0.042968750 0.023437500 0.019531250 0.066406250 0.039062500 0.062500000 0.031250000 0.023437500 0.023437500 0.019531250 0.011718750 0.031250000 0.011718750 0.023437500 0.050781250 0.035156250 0.039062500 0.035156250 0.003906250 0.015625000 0.011718750 0.019531250 0.023437500 0.023437500 0.023437500 0.011718750 0.062500000 0.050781250 0.023437500 0.031250000 0.035156250 0.035156250 0.019531250 0.019531250 0.042968750 0.011718750 0.027343750 0.035156250 0.031250000 0.015625000 0.011718750 0.011718750 0.019531250 0.023437500 0.019531250 0.023437500 0.019531250 0.007812500 0.011718750 0.015625000 0.027343750 0.003906250 0.042968750 0.007812500 0.039062500 0.035156250 0.019531250 0.031250000 0.019531250 0.023437500 0.054687500 0.023437500 0.031250000 0.011718750 0.046875000 0.023437500 0.035156250 0.031250000 0.023437500 0.011718750 0.019531250 0.015625000 0.035156250 0.019531250 0.015625000 0.015625000 0.023437500 0.035156250 0.003906250 0.007812500 0.007812500 0.035156250 0.035156250 0.023437500 0.023437500 0.011718750 0.023437500 0.023437500 0.011718750 0.027343750 0.035156250 0.042968750 0.011718750 0.019531250 0.007812500 0.027343750 0.007812500 0.023437500 0.011718750 0.011718750 0.015625000 0.019531250 0.027343750 0.003906250 0.027343750 0.019531250 0.003906250 0.039062500 0.019531250 0.019531250 0.031250000 0.035156250 0.042968750 0.042968750 0.039062500 0.015625000 0.015625000 0.031250000 0.027343750 0.011718750 0.019531250 0.019531250 0.015625000 0.031250000 0.007812500 0.023437500 0.007812500 0.031250000 0.015625000 0.054687500 0.019531250 0.019531250 0.007812500 0.027343750 0.027343750 0.015625000 0.019531250 0.023437500 0.046875000 0.023437500 0.035156250 0.027343750 0.003906250 0.011718750 0.015625000 0.015625000 0.015625000 0.007812500 0.031250000 0.011718750 
0.914062500 0.230468750 0.152343750 0.082031250 0.328125000 0.253906250 0.398437500 0.242187500 0.417968750 0.683593750 0.691406250 0.074218750 0.269531250 0.199218750 0.050781250 0.148437500 0.058593750 0.140625000 0.265625000 0.507812500 0.203125000 0.132812500 0.160156250 0.179687500 0.160156250 0.050781250 0.054687500 0.128906250 0.078125000 0.027343750 0.128906250 0.046875000 0.066406250 0.183593750 0.074218750 0.152343750 0.054687500 0.066406250 0.046875000 0.082031250 0.054687500 0.019531250 0.054687500 0.109375000 0.046875000 0.066406250 0.062500000 0.082031250 0.019531250 0.082031250 0.066406250 0.054687500 0.062500000 0.042968750 0.054687500 0.062500000 0.054687500 0.035156250 0.023437500 0.031250000 0.066406250 0.085937500 0.031250000 0.031250000 0.058593750 0.011718750 0.019531250 0.046875000 0.027343750 0.015625000 0.054687500 0.039062500 0.062500000 0.027343750 0.015625000 0.015625000 0.015625000 0.054687500 0.042968750 0.046875000 0.015625000 0.027343750 0.050781250 0.023437500 0.035156250 0.046875000 0.058593750 0.066406250 0.035156250 0.031250000 0.039062500 0.058593750 0.074218750 0.015625000 0.023437500 0.039062500 0.042968750 0.031250000 0.050781250 0.023437500 0.007812500 0.019531250 0.027343750 0.046875000 0.007812500 0.042968750 0.031250000 0.023437500 0.035156250 0.031250000 0.027343750 0.054687500 0.019531250 0.023437500 0.015625000 0.031250000 0.015625000 0.023437500 0.031250000 0.015625000 0.019531250 0.011718750 0.007812500 0.031250000 0.035156250 0.039062500 0.027343750 0.015625000 0.023437500 0.015625000 0.039062500 0.007812500 0.042968750 0.058593750 0.019531250 0.039062500 0.042968750 0.027343750 0.015625000 0.027343750 0.031250000 0.027343750 0.019531250 0.011718750 0.015625000 0.039062500 0.007812500 0.003906250 0.019531250 0.011718750 0.019531250 0.019531250 0.039062500 0.019531250 0.015625000 0.003906250 0.007812500 0.042968750 0.019531250 0.046875000 0.000000000 0.023437500 0.011718750 0.031250000 0.031250000 0.046875000 0.031250000 0.027343750 0.019531250 0.031250000 0.007812500 0.019531250 0.031250000 0.019531250 0.035156250 0.011718750 0.023437500 0.035156250 0.039062500 0.058593750 0.015625000 0.023437500 0.031250000 0.007812500 0.023437500 0.011718750 0.011718750 0.007812500 0.046875000 0.023437500 0.007812500 0.015625000 0.019531250 0.031250000 0.019531250 0.003906250 0.027343750 0.011718750 0.011718750 0.023437500 0.003906250 0.019531250 0.019531250 0.015625000 0.023437500 0.007812500 0.019531250 0.003906250 0.019531250 0.031250000 0.007812500 0.027343750 0.015625000 0.015625000 0.042968750 0.003906250 0.039062500 0.035156250 0.027343750 0.011718750 0.015625000 0.015625000 0.039062500 0.011718750 0.058593750 0.019531250 0.023437500 0.007812500 0.027343750 0.019531250 0.019531250 0.023437500 0.011718750 0.027343750 0.046875000 0.035156250 0.042968750 0.007812500 0.015625000 0.035156250 0.011718750 0.023437500 0.003906250 0.023437500 0.007812500 0.031250000 0.011718750 0.035156250 0.011718750 0.023437500 0.035156250 0.011718750 0.015625000 0.015625000 0.011718750 0.031250000 0.023437500 
0.714843750 0.082031250 0.226562500 0.097656250 0.371093750 0.402343750 0.246093750 0.144531250 0.386718750 0.957031250 0.246093750 0.414062500 0.097656250 0.085937500 0.125000000 0.054687500 0.007812500 0.199218750 0.121093750 0.343750000 0.109375000 0.156250000 0.187500000 0.226562500 0.140625000 0.082031250 0.039062500 0.136718750 0.023437500 0.093750000 0.175781250 0.136718750 0.078125000 0.156250000 0.085937500 0.093750000 0.046875000 0.078125000 0.101562500 0.062500000 0.062500000 0.027343750 0.058593750 0.085937500 0.074218750 0.039062500 0.035156250 0.058593750 0.062500000 0.035156250 0.128906250 0.058593750 0.023437500 0.046875000 0.070312500 0.035156250 0.058593750 0.035156250 0.035156250 0.027343750 0.054687500 0.074218750 0.039062500 0.035156250 0.085937500 0.023437500 0.023437500 0.046875000 0.039062500 0.035156250 0.046875000 0.039062500 0.046875000 0.042968750 0.023437500 0.011718750 0.035156250 0.007812500 0.007812500 0.027343750 0.039062500 0.015625000 0.066406250 0.035156250 0.078125000 0.027343750 0.070312500 0.019531250 0.027343750 0.035156250 0.031250000 0.085937500 0.031250000 0.046875000 0.050781250 0.019531250 0.011718750 0.011718750 0.039062500 0.019531250 0.011718750 0.042968750 0.023437500 0.046875000 0.003906250 0.015625000 0.007812500 0.011718750 0.027343750 0.015625000 0.007812500 0.027343750 0.035156250 0.027343750 0.035156250 0.031250000 0.058593750 0.074218750 0.011718750 0.011718750 0.027343750 0.011718750 0.019531250 0.031250000 0.039062500 0.031250000 0.042968750 0.035156250 0.003906250 0.023437500 0.019531250 0.027343750 0.031250000 0.035156250 0.027343750 0.042968750 0.027343750 0.019531250 0.011718750 0.003906250 0.015625000 0.039062500 0.027343750 0.003906250 0.011718750 0.027343750 0.023437500 0.031250000 0.035156250 0.027343750 0.011718750 0.019531250 0.000000000 0.019531250 0.023437500 0.019531250 0.027343750 0.011718750 0.027343750 0.039062500 0.015625000 0.027343750 0.007812500 0.054687500 0.011718750 0.050781250 0.035156250 0.015625000 0.023437500 0.058593750 0.039062500 0.039062500 0.031250000 0.011718750 0.046875000 0.003906250 0.019531250 0.035156250 0.039062500 0.046875000 0.003906250 0.015625000 0.031250000 0.003906250 0.039062500 0.015625000 0.027343750 0.019531250 0.035156250 0.031250000 0.023437500 0.023437500 0.031250000 0.027343750 0.015625000 0.023437500 0.027343750 0.011718750 0.007812500 0.031250000 0.023437500 0.011718750 0.011718750 0.015625000 0.011718750 0.019531250 0.011718750 0.011718750 0.011718750 0.023437500 0.011718750 0.023437500 0.035156250 0.011718750 0.023437500 0.023437500 0.027343750 0.035156250 0.039062500 0.003906250 0.015625000 0.023437500 0.035156250 0.023437500 0.046875000 0.031250000 0.035156250 0.023437500 0.015625000 0.039062500 0.015625000 0.023437500 0.011718750 0.015625000 0.027343750 0.046875000 0.019531250 0.015625000 0.031250000 0.019531250 0.011718750 0.042968750 0.000000000 0.015625000 0.039062500 0.011718750 0.007812500 0.035156250 0.007812500 0.023437500 0.039062500 0.019531250 0.011718750 0.035156250 0.019531250 0.011718750 0.027343750 
0.656250000 0.027343750 0.175781250 0.058593750 0.351562500 0.324218750 0.105468750 0.152343750 0.558593750 0.839843750 0.250000000 0.351562500 0.042968750 0.144531250 0.054687500 0.121093750 0.070312500 0.093750000 0.144531250 0.578125000 0.113281250 0.175781250 0.136718750 0.117187500 0.167968750 0.105468750 0.085937500 0.031250000 0.085937500 0.058593750 0.160156250 0.144531250 0.085937500 0.257812500 0.074218750 0.031250000 0.019531250 0.117187500 0.070312500 0.054687500 0.050781250 0.027343750 0.074218750 0.097656250 0.074218750 0.035156250 0.042968750 0.082031250 0.023437500 0.042968750 0.117187500 0.050781250 0.003906250 0.050781250 0.050781250 0.042968750 0.046875000 0.042968750 0.042968750 0.062500000 0.011718750 0.035156250 0.015625000 0.035156250 0.078125000 0.019531250 0.023437500 0.031250000 0.039062500 0.050781250 0.003906250 0.050781250 0.089843750 0.035156250 0.046875000 0.035156250 0.039062500 0.015625000 0.019531250 0.023437500 0.042968750 0.023437500 0.085937500 0.023437500 0.062500000 0.027343750 0.066406250 0.015625000 0.011718750 0.058593750 0.042968750 0.035156250 0.023437500 0.050781250 0.062500000 0.011718750 0.011718750 0.019531250 0.015625000 0.039062500 0.042968750 0.031250000 0.011718750 0.058593750 0.011718750 0.015625000 0.019531250 0.015625000 0.019531250 0.011718750 0.015625000 0.035156250 0.035156250 0.031250000 0.035156250 0.039062500 0.015625000 0.078125000 0.023437500 0.023437500 0.035156250 0.015625000 0.015625000 0.046875000 0.019531250 0.023437500 0.062500000 0.011718750 0.027343750 0.023437500 0.003906250 0.023437500 0.042968750 0.046875000 0.015625000 0.023437500 0.019531250 0.019531250 0.027343750 0.019531250 0.019531250 0.027343750 0.015625000 0.007812500 0.023437500 0.019531250 0.011718750 0.031250000 0.007812500 0.039062500 0.019531250 0.031250000 0.023437500 0.011718750 0.027343750 0.031250000 0.007812500 0.007812500 0.039062500 0.031250000 0.011718750 0.035156250 0.007812500 0.070312500 0.015625000 0.070312500 0.011718750 0.027343750 0.058593750 0.035156250 0.027343750 0.023437500 0.011718750 0.015625000 0.027343750 0.039062500 0.046875000 0.023437500 0.031250000 0.046875000 0.019531250 0.027343750 0.015625000 0.015625000 0.019531250 0.039062500 0.062500000 0.039062500 0.023437500 0.035156250 0.027343750 0.011718750 0.046875000 0.007812500 0.019531250 0.042968750 0.027343750 0.023437500 0.015625000 0.019531250 0.019531250 0.019531250 0.007812500 0.031250000 0.007812500 0.023437500 0.011718750 0.003906250 0.015625000 0.011718750 0.019531250 0.039062500 0.031250000 0.015625000 0.015625000 0.011718750 0.019531250 0.027343750 0.031250000 0.019531250 0.027343750 0.031250000 0.031250000 0.031250000 0.027343750 0.039062500 0.023437500 0.015625000 0.015625000 0.042968750 0.019531250 0.003906250 0.015625000 0.023437500 0.035156250 0.019531250 0.011718750 0.015625000 0.035156250 0.015625000 0.007812500 0.042968750 0.007812500 0.011718750 0.035156250 0.011718750 0.015625000 0.027343750 0.011718750 0.019531250 0.039062500 0.007812500 0.007812500 0.027343750 0.011718750 0.011718750 0.015625000 
0.605468750 0.066406250 0.179687500 0.140625000 0.335937500 0.289062500 0.093750000 0.234375000 0.363281250 0.480468750 0.539062500 0.343750000 0.050781250 0.046875000 0.167968750 0.113281250 0.121093750 0.132812500 0.050781250 0.640625000 0.132812500 0.113281250 0.085937500 0.089843750 0.144531250 0.109375000 0.132812500 0.035156250 0.042968750 0.050781250 0.187500000 0.164062500 0.167968750 0.152343750 0.031250000 0.039062500 0.046875000 0.089843750 0.078125000 0.062500000 0.039062500 0.019531250 0.035156250 0.054687500 0.058593750 0.011718750 0.035156250 0.085937500 0.031250000 0.082031250 0.054687500 0.031250000 0.046875000 0.042968750 0.031250000 0.039062500 0.031250000 0.035156250 0.027343750 0.058593750 0.046875000 0.050781250 0.031250000 0.042968750 0.050781250 0.023437500 0.027343750 0.031250000 0.027343750 0.042968750 0.050781250 0.082031250 0.011718750 0.062500000 0.042968750 0.027343750 0.046875000 0.015625000 0.035156250 0.015625000 0.062500000 0.019531250 0.078125000 0.027343750 0.046875000 0.046875000 0.023437500 0.042968750 0.027343750 0.062500000 0.046875000 0.019531250 0.007812500 0.039062500 0.054687500 0.015625000 0.007812500 0.019531250 0.027343750 0.039062500 0.023437500 0.031250000 0.011718750 0.023437500 0.031250000 0.031250000 0.023437500 0.042968750 0.027343750 0.023437500 0.027343750 0.039062500 0.019531250 0.007812500 0.027343750 0.062500000 0.003906250 0.058593750 0.042968750 0.015625000 0.019531250 0.027343750 0.023437500 0.035156250 0.023437500 0.023437500 0.023437500 0.015625000 0.031250000 0.039062500 0.031250000 0.023437500 0.007812500 0.027343750 0.011718750 0.031250000 0.023437500 0.031250000 0.031250000 0.031250000 0.007812500 0.019531250 0.019531250 0.031250000 0.019531250 0.007812500 0.003906250 0.031250000 0.007812500 0.050781250 0.007812500 0.042968750 0.019531250 0.015625000 0.015625000 0.023437500 0.007812500 0.007812500 0.050781250 0.015625000 0.007812500 0.031250000 0.011718750 0.039062500 0.046875000 0.042968750 0.011718750 0.027343750 0.046875000 0.031250000 0.042968750 0.007812500 0.015625000 0.011718750 0.031250000 0.039062500 0.050781250 0.019531250 0.003906250 0.007812500 0.011718750 0.035156250 0.015625000 0.011718750 0.011718750 0.046875000 0.070312500 0.031250000 0.031250000 0.019531250 0.050781250 0.023437500 0.042968750 0.003906250 0.015625000 0.054687500 0.015625000 0.015625000 0.031250000 0.011718750 0.019531250 0.011718750 0.027343750 0.007812500 0.015625000 0.023437500 0.011718750 0.031250000 0.039062500 0.015625000 0.007812500 0.027343750 0.031250000 0.019531250 0.007812500 0.007812500 0.003906250 0.015625000 0.019531250 0.011718750 0.023437500 0.046875000 0.011718750 0.015625000 0.015625000 0.023437500 0.027343750 0.019531250 0.003906250 0.031250000 0.007812500 0.015625000 0.031250000 0.011718750 0.019531250 0.015625000 0.031250000 0.011718750 0.031250000 0.023437500 0.019531250 0.027343750 0.023437500 0.039062500 0.027343750 0.015625000 0.023437500 0.027343750 0.011718750 0.015625000 0.023437500 0.003906250 0.007812500 0.027343750 0.015625000 0.007812500 0.035156250 
0.167968750 0.359375000 0.152343750 0.125000000 0.281250000 0.144531250 0.304687500 0.101562500 0.339843750 0.414062500 0.160156250 0.140625000 0.121093750 0.093750000 0.152343750 0.105468750 0.210937500 0.238281250 0.085937500 0.535156250 0.210937500 0.210937500 0.128906250 0.105468750 0.042968750 0.078125000 0.066406250 0.105468750 0.074218750 0.027343750 0.082031250 0.074218750 0.187500000 0.121093750 0.046875000 0.042968750 0.042968750 0.093750000 0.050781250 0.015625000 0.078125000 0.105468750 0.128906250 0.078125000 0.031250000 0.035156250 0.066406250 0.117187500 0.066406250 0.054687500 0.039062500 0.042968750 0.031250000 0.031250000 0.023437500 0.015625000 0.035156250 0.042968750 0.023437500 0.042968750 0.035156250 0.062500000 0.007812500 0.027343750 0.035156250 0.027343750 0.031250000 0.027343750 0.050781250 0.027343750 0.027343750 0.101562500 0.058593750 0.097656250 0.023437500 0.015625000 0.066406250 0.035156250 0.027343750 0.035156250 0.054687500 0.023437500 0.031250000 0.054687500 0.023437500 0.042968750 0.011718750 0.050781250 0.015625000 0.050781250 0.035156250 0.035156250 0.058593750 0.027343750 0.031250000 0.019531250 0.027343750 0.039062500 0.027343750 0.031250000 0.023437500 0.023437500 0.031250000 0.027343750 0.042968750 0.035156250 0.011718750 0.054687500 0.011718750 0.027343750 0.042968750 0.066406250 0.027343750 0.003906250 0.011718750 0.015625000 0.042968750 0.023437500 0.035156250 0.023437500 0.035156250 0.027343750 0.046875000 0.015625000 0.031250000 0.027343750 0.003906250 0.023437500 0.015625000 0.042968750 0.007812500 0.031250000 0.011718750 0.011718750 0.007812500 0.046875000 0.054687500 0.019531250 0.027343750 0.039062500 0.015625000 0.015625000 0.011718750 0.035156250 0.019531250 0.011718750 0.023437500 0.007812500 0.027343750 0.035156250 0.003906250 0.042968750 0.031250000 0.031250000 0.011718750 0.031250000 0.015625000 0.031250000 0.031250000 0.011718750 0.015625000 0.019531250 0.035156250 0.015625000 0.039062500 0.046875000 0.027343750 0.035156250 0.011718750 0.011718750 0.027343750 0.007812500 0.015625000 0.011718750 0.023437500 0.050781250 0.039062500 0.015625000 0.015625000 0.011718750 0.019531250 0.027343750 0.023437500 0.011718750 0.011718750 0.023437500 0.042968750 0.062500000 0.046875000 0.000000000 0.058593750 0.003906250 0.015625000 0.019531250 0.035156250 0.019531250 0.046875000 0.003906250 0.031250000 0.019531250 0.027343750 0.011718750 0.011718750 0.019531250 0.027343750 0.011718750 0.019531250 0.035156250 0.039062500 0.003906250 0.007812500 0.019531250 0.027343750 0.007812500 0.019531250 0.003906250 0.011718750 0.031250000 0.003906250 0.015625000 0.039062500 0.031250000 0.035156250 0.019531250 0.019531250 0.039062500 0.027343750 0.023437500 0.023437500 0.035156250 0.011718750 0.015625000 0.031250000 0.011718750 0.007812500 0.031250000 0.007812500 0.027343750 0.011718750 0.011718750 0.031250000 0.027343750 0.023437500 0.031250000 0.027343750 0.035156250 0.015625000 0.007812500 0.023437500 0.019531250 0.019531250 0.003906250 0.015625000 0.027343750 0.011718750 0.011718750 0.035156250 
0.375000000 0.414062500 0.179687500 0.101562500 0.226562500 0.179687500 0.097656250 0.187500000 0.324218750 0.332031250 0.476562500 0.097656250 0.187500000 0.164062500 0.027343750 0.113281250 0.164062500 0.250000000 0.207031250 0.316406250 0.238281250 0.121093750 0.175781250 0.066406250 0.171875000 0.101562500 0.066406250 0.250000000 0.082031250 0.070312500 0.082031250 0.125000000 0.050781250 0.082031250 0.152343750 0.027343750 0.035156250 0.128906250 0.023437500 0.054687500 0.054687500 0.058593750 0.128906250 0.074218750 0.023437500 0.035156250 0.019531250 0.093750000 0.066406250 0.035156250 0.062500000 0.035156250 0.011718750 0.054687500 0.023437500 0.031250000 0.062500000 0.050781250 0.042968750 0.062500000 0.042968750 0.062500000 0.019531250 0.015625000 0.031250000 0.031250000 0.019531250 0.042968750 0.027343750 0.023437500 0.054687500 0.117187500 0.039062500 0.066406250 0.050781250 0.011718750 0.066406250 0.050781250 0.007812500 0.042968750 0.039062500 0.031250000 0.027343750 0.050781250 0.039062500 0.042968750 0.027343750 0.019531250 0.031250000 0.027343750 0.050781250 0.070312500 0.046875000 0.058593750 0.035156250 0.039062500 0.046875000 0.011718750 0.019531250 0.003906250 0.039062500 0.027343750 0.031250000 0.011718750 0.031250000 0.039062500 0.042968750 0.015625000 0.035156250 0.027343750 0.042968750 0.039062500 0.023437500 0.031250000 0.035156250 0.031250000 0.054687500 0.019531250 0.023437500 0.015625000 0.027343750 0.027343750 0.039062500 0.015625000 0.015625000 0.015625000 0.050781250 0.015625000 0.011718750 0.035156250 0.011718750 0.035156250 0.023437500 0.019531250 0.011718750 0.035156250 0.058593750 0.011718750 0.019531250 0.058593750 0.023437500 0.035156250 0.035156250 0.019531250 0.011718750 0.035156250 0.015625000 0.019531250 0.023437500 0.011718750 0.023437500 0.042968750 0.042968750 0.011718750 0.027343750 0.019531250 0.035156250 0.027343750 0.007812500 0.007812500 0.003906250 0.031250000 0.019531250 0.023437500 0.011718750 0.023437500 0.003906250 0.027343750 0.007812500 0.015625000 0.027343750 0.023437500 0.011718750 0.011718750 0.011718750 0.058593750 0.035156250 0.007812500 0.027343750 0.011718750 0.035156250 0.015625000 0.015625000 0.003906250 0.027343750 0.019531250 0.015625000 0.035156250 0.027343750 0.015625000 0.054687500 0.007812500 0.011718750 0.019531250 0.011718750 0.027343750 0.007812500 0.046875000 0.027343750 0.007812500 0.027343750 0.042968750 0.039062500 0.015625000 0.027343750 0.027343750 0.027343750 0.039062500 0.031250000 0.015625000 0.027343750 0.011718750 0.031250000 0.007812500 0.007812500 0.019531250 0.019531250 0.019531250 0.031250000 0.023437500 0.031250000 0.023437500 0.027343750 0.011718750 0.007812500 0.023437500 0.027343750 0.015625000 0.023437500 0.035156250 0.007812500 0.019531250 0.019531250 0.007812500 0.011718750 0.011718750 0.023437500 0.031250000 0.042968750 0.042968750 0.011718750 0.019531250 0.027343750 0.015625000 0.042968750 0.019531250 0.007812500 0.007812500 0.015625000 0.027343750 0.011718750 0.015625000 0.031250000 0.023437500 0.015625000 0.019531250 0.023437500 
0.929687500 0.265625000 0.183593750 0.148437500 0.335937500 0.281250000 0.015625000 0.488281250 0.250000000 0.328125000 0.273437500 0.062500000 0.074218750 0.109375000 0.164062500 0.226562500 0.179687500 0.347656250 0.109375000 0.300781250 0.046875000 0.097656250 0.113281250 0.015625000 0.210937500 0.093750000 0.191406250 0.136718750 0.058593750 0.085937500 0.101562500 0.128906250 0.042968750 0.027343750 0.207031250 0.027343750 0.082031250 0.089843750 0.074218750 0.027343750 0.058593750 0.101562500 0.078125000 0.074218750 0.035156250 0.046875000 0.042968750 0.093750000 0.050781250 0.042968750 0.031250000 0.066406250 0.031250000 0.074218750 0.015625000 0.035156250 0.027343750 0.042968750 0.050781250 0.035156250 0.058593750 0.027343750 0.050781250 0.019531250 0.023437500 0.070312500 0.011718750 0.058593750 0.023437500 0.054687500 0.031250000 0.113281250 0.031250000 0.046875000 0.062500000 0.027343750 0.046875000 0.058593750 0.050781250 0.023437500 0.031250000 0.031250000 0.042968750 0.023437500 0.039062500 0.039062500 0.007812500 0.023437500 0.019531250 0.031250000 0.058593750 0.031250000 0.046875000 0.050781250 0.035156250 0.046875000 0.062500000 0.015625000 0.023437500 0.015625000 0.023437500 0.011718750 0.039062500 0.011718750 0.027343750 0.007812500 0.046875000 0.011718750 0.050781250 0.011718750 0.019531250 0.035156250 0.027343750 0.046875000 0.019531250 0.011718750 0.035156250 0.031250000 0.023437500 0.011718750 0.031250000 0.027343750 0.019531250 0.007812500 0.011718750 0.023437500 0.042968750 0.007812500 0.003906250 0.027343750 0.011718750 0.027343750 0.023437500 0.019531250 0.027343750 0.019531250 0.046875000 0.027343750 0.027343750 0.042968750 0.011718750 0.015625000 0.015625000 0.007812500 0.015625000 0.015625000 0.007812500 0.027343750 0.015625000 0.019531250 0.039062500 0.039062500 0.035156250 0.003906250 0.035156250 0.027343750 0.023437500 0.019531250 0.019531250 0.031250000 0.023437500 0.031250000 0.011718750 0.023437500 0.042968750 0.011718750 0.023437500 0.027343750 0.011718750 0.011718750 0.011718750 0.031250000 0.027343750 0.031250000 0.023437500 0.023437500 0.050781250 0.011718750 0.011718750 0.027343750 0.011718750 0.031250000 0.015625000 0.007812500 0.027343750 0.023437500 0.019531250 0.031250000 0.027343750 0.007812500 0.042968750 0.011718750 0.015625000 0.023437500 0.019531250 0.035156250 0.023437500 0.007812500 0.023437500 0.035156250 0.046875000 0.027343750 0.042968750 0.019531250 0.011718750 0.007812500 0.035156250 0.042968750 0.027343750 0.019531250 0.023437500 0.015625000 0.011718750 0.023437500 0.007812500 0.019531250 0.003906250 0.031250000 0.039062500 0.007812500 0.031250000 0.011718750 0.035156250 0.011718750 0.011718750 0.019531250 0.042968750 0.019531250 0.015625000 0.039062500 0.019531250 0.023437500 0.023437500 0.007812500 0.019531250 0.015625000 0.039062500 0.023437500 0.023437500 0.042968750 0.011718750 0.019531250 0.031250000 0.007812500 0.023437500 0.007812500 0.019531250 0.015625000 0.042968750 0.003906250 0.031250000 0.023437500 0.003906250 0.019531250 0.019531250 0.007812500 0.015625000 
1.464843750 0.175781250 0.023437500 0.042968750 0.339843750 0.164062500 0.292968750 0.171875000 0.265625000 0.621093750 0.121093750 0.132812500 0.132812500 0.187500000 0.148437500 0.078125000 0.093750000 0.218750000 0.109375000 0.414062500 0.035156250 0.082031250 0.101562500 0.121093750 0.265625000 0.054687500 0.179687500 0.085937500 0.031250000 0.101562500 0.031250000 0.183593750 0.113281250 0.105468750 0.128906250 0.097656250 0.046875000 0.085937500 0.062500000 0.039062500 0.042968750 0.042968750 0.042968750 0.027343750 0.078125000 0.039062500 0.046875000 0.089843750 0.054687500 0.035156250 0.039062500 0.058593750 0.031250000 0.070312500 0.058593750 0.054687500 0.031250000 0.035156250 0.066406250 0.039062500 0.078125000 0.027343750 0.027343750 0.031250000 0.050781250 0.078125000 0.011718750 0.074218750 0.007812500 0.082031250 0.042968750 0.089843750 0.031250000 0.042968750 0.027343750 0.050781250 0.019531250 0.058593750 0.031250000 0.054687500 0.003906250 0.023437500 0.035156250 0.050781250 0.027343750 0.042968750 0.019531250 0.019531250 0.011718750 0.058593750 0.042968750 0.023437500 0.035156250 0.039062500 0.027343750 0.046875000 0.062500000 0.003906250 0.035156250 0.031250000 0.039062500 0.015625000 0.039062500 0.015625000 0.035156250 0.011718750 0.046875000 0.015625000 0.042968750 0.023437500 0.035156250 0.035156250 0.046875000 0.035156250 0.046875000 0.007812500 0.035156250 0.031250000 0.023437500 0.015625000 0.023437500 0.003906250 0.011718750 0.015625000 0.011718750 0.039062500 0.046875000 0.019531250 0.019531250 0.019531250 0.019531250 0.031250000 0.031250000 0.015625000 0.019531250 0.039062500 0.011718750 0.011718750 0.023437500 0.039062500 0.011718750 0.035156250 0.015625000 0.031250000 0.007812500 0.015625000 0.011718750 0.015625000 0.031250000 0.011718750 0.031250000 0.023437500 0.019531250 0.031250000 0.015625000 0.031250000 0.039062500 0.015625000 0.027343750 0.031250000 0.019531250 0.035156250 0.019531250 0.015625000 0.011718750 0.035156250 0.039062500 0.015625000 0.015625000 0.027343750 0.007812500 0.042968750 0.031250000 0.035156250 0.050781250 0.015625000 0.042968750 0.015625000 0.011718750 0.035156250 0.007812500 0.031250000 0.027343750 0.023437500 0.011718750 0.019531250 0.007812500 0.003906250 0.035156250 0.054687500 0.015625000 0.015625000 0.019531250 0.015625000 0.015625000 0.011718750 0.035156250 0.031250000 0.050781250 0.003906250 0.042968750 0.031250000 0.015625000 0.031250000 0.035156250 0.015625000 0.042968750 0.019531250 0.042968750 0.011718750 0.023437500 0.015625000 0.007812500 0.027343750 0.003906250 0.019531250 0.003906250 0.023437500 0.019531250 0.027343750 0.039062500 0.015625000 0.035156250 0.007812500 0.003906250 0.011718750 0.023437500 0.031250000 0.003906250 0.019531250 0.042968750 0.003906250 0.027343750 0.011718750 0.011718750 0.003906250 0.035156250 0.023437500 0.019531250 0.031250000 0.023437500 0.011718750 0.015625000 0.007812500 0.015625000 0.015625000 0.015625000 0.011718750 0.058593750 0.007812500 0.031250000 0.027343750 0.019531250 0.007812500 0.003906250 0.019531250 0.011718750 
1.835937500 0.175781250 0.148437500 0.125000000 0.179687500 0.035156250 0.363281250 0.199218750 0.156250000 0.656250000 0.042968750 0.078125000 0.234375000 0.191406250 0.156250000 0.171875000 0.222656250 0.167968750 0.191406250 0.347656250 0.109375000 0.050781250 0.117187500 0.253906250 0.144531250 0.097656250 0.171875000 0.109375000 0.054687500 0.062500000 0.019531250 0.179687500 0.085937500 0.113281250 0.042968750 0.085937500 0.054687500 0.128906250 0.082031250 0.105468750 0.054687500 0.109375000 0.039062500 0.046875000 0.089843750 0.011718750 0.035156250 0.042968750 0.078125000 0.054687500 0.050781250 0.062500000 0.054687500 0.128906250 0.031250000 0.039062500 0.062500000 0.023437500 0.042968750 0.062500000 0.023437500 0.050781250 0.031250000 0.046875000 0.070312500 0.039062500 0.050781250 0.078125000 0.019531250 0.046875000 0.050781250 0.046875000 0.031250000 0.066406250 0.031250000 0.035156250 0.031250000 0.121093750 0.035156250 0.019531250 0.031250000 0.046875000 0.042968750 0.042968750 0.054687500 0.074218750 0.054687500 0.015625000 0.011718750 0.039062500 0.019531250 0.050781250 0.070312500 0.031250000 0.019531250 0.042968750 0.078125000 0.023437500 0.058593750 0.015625000 0.046875000 0.023437500 0.015625000 0.015625000 0.003906250 0.042968750 0.019531250 0.015625000 0.011718750 0.039062500 0.031250000 0.031250000 0.058593750 0.027343750 0.027343750 0.015625000 0.011718750 0.003906250 0.007812500 0.023437500 0.015625000 0.003906250 0.023437500 0.023437500 0.039062500 0.015625000 0.027343750 0.007812500 0.046875000 0.019531250 0.007812500 0.027343750 0.011718750 0.031250000 0.031250000 0.042968750 0.007812500 0.003906250 0.011718750 0.015625000 0.046875000 0.070312500 0.015625000 0.031250000 0.027343750 0.039062500 0.039062500 0.011718750 0.027343750 0.007812500 0.023437500 0.046875000 0.042968750 0.011718750 0.027343750 0.027343750 0.031250000 0.023437500 0.019531250 0.035156250 0.015625000 0.027343750 0.023437500 0.035156250 0.019531250 0.007812500 0.054687500 0.011718750 0.003906250 0.039062500 0.011718750 0.035156250 0.042968750 0.035156250 0.039062500 0.031250000 0.019531250 0.007812500 0.027343750 0.031250000 0.023437500 0.027343750 0.023437500 0.019531250 0.019531250 0.000000000 0.027343750 0.027343750 0.019531250 0.042968750 0.027343750 0.023437500 0.023437500 0.015625000 0.015625000 0.007812500 0.031250000 0.039062500 0.046875000 0.035156250 0.019531250 0.015625000 0.023437500 0.050781250 0.011718750 0.011718750 0.054687500 0.027343750 0.007812500 0.027343750 0.031250000 0.019531250 0.027343750 0.035156250 0.007812500 0.000000000 0.019531250 0.011718750 0.015625000 0.019531250 0.019531250 0.031250000 0.019531250 0.007812500 0.011718750 0.019531250 0.015625000 0.042968750 0.007812500 0.019531250 0.046875000 0.011718750 0.019531250 0.015625000 0.011718750 0.007812500 0.031250000 0.019531250 0.015625000 0.019531250 0.003906250 0.027343750 0.007812500 0.023437500 0.007812500 0.003906250 0.011718750 0.023437500 0.050781250 0.023437500 0.039062500 0.031250000 0.046875000 0.019531250 0.011718750 0.000000000 0.039062500 
2.007812500 0.175781250 0.015625000 0.039062500 0.234375000 0.132812500 0.339843750 0.066406250 0.214843750 0.531250000 0.253906250 0.046875000 0.253906250 0.261718750 0.070312500 0.164062500 0.167968750 0.152343750 0.160156250 0.304687500 0.152343750 0.148437500 0.070312500 0.281250000 0.089843750 0.136718750 0.035156250 0.019531250 0.050781250 0.058593750 0.054687500 0.226562500 0.101562500 0.070312500 0.050781250 0.074218750 0.042968750 0.074218750 0.066406250 0.109375000 0.023437500 0.109375000 0.042968750 0.050781250 0.093750000 0.050781250 0.078125000 0.132812500 0.074218750 0.128906250 0.078125000 0.050781250 0.027343750 0.125000000 0.023437500 0.019531250 0.046875000 0.035156250 0.039062500 0.058593750 0.031250000 0.046875000 0.011718750 0.023437500 0.062500000 0.011718750 0.011718750 0.101562500 0.023437500 0.019531250 0.015625000 0.058593750 0.058593750 0.039062500 0.035156250 0.011718750 0.066406250 0.078125000 0.050781250 0.007812500 0.031250000 0.042968750 0.054687500 0.042968750 0.023437500 0.050781250 0.054687500 0.023437500 0.023437500 0.019531250 0.000000000 0.046875000 0.031250000 0.031250000 0.042968750 0.011718750 0.042968750 0.019531250 0.039062500 0.062500000 0.050781250 0.062500000 0.023437500 0.015625000 0.015625000 0.042968750 0.027343750 0.027343750 0.019531250 0.023437500 0.011718750 0.039062500 0.046875000 0.058593750 0.007812500 0.039062500 0.023437500 0.011718750 0.011718750 0.011718750 0.023437500 0.011718750 0.031250000 0.027343750 0.050781250 0.003906250 0.035156250 0.019531250 0.039062500 0.031250000 0.023437500 0.015625000 0.011718750 0.050781250 0.003906250 0.007812500 0.023437500 0.019531250 0.007812500 0.011718750 0.042968750 0.058593750 0.027343750 0.003906250 0.015625000 0.046875000 0.046875000 0.023437500 0.046875000 0.011718750 0.027343750 0.019531250 0.039062500 0.003906250 0.031250000 0.023437500 0.023437500 0.054687500 0.027343750 0.019531250 0.023437500 0.011718750 0.007812500 0.023437500 0.027343750 0.019531250 0.042968750 0.015625000 0.011718750 0.035156250 0.007812500 0.046875000 0.035156250 0.023437500 0.023437500 0.046875000 0.027343750 0.019531250 0.050781250 0.019531250 0.011718750 0.027343750 0.015625000 0.003906250 0.023437500 0.007812500 0.019531250 0.031250000 0.023437500 0.042968750 0.027343750 0.011718750 0.003906250 0.003906250 0.007812500 0.011718750 0.019531250 0.046875000 0.027343750 0.007812500 0.023437500 0.007812500 0.039062500 0.031250000 0.027343750 0.031250000 0.050781250 0.023437500 0.023437500 0.011718750 0.023437500 0.015625000 0.027343750 0.031250000 0.011718750 0.011718750 0.019531250 0.011718750 0.011718750 0.007812500 0.015625000 0.019531250 0.003906250 0.019531250 0.023437500 0.050781250 0.031250000 0.042968750 0.011718750 0.035156250 0.027343750 0.011718750 0.023437500 0.003906250 0.015625000 0.007812500 0.011718750 0.003906250 0.011718750 0.011718750 0.011718750 0.015625000 0.019531250 0.015625000 0.019531250 0.019531250 0.015625000 0.039062500 0.031250000 0.015625000 0.019531250 0.031250000 0.050781250 0.015625000 0.011718750 0.023437500 0.007812500 
2.089843750 0.109375000 0.097656250 0.046875000 0.171875000 0.160156250 0.167968750 0.199218750 0.457031250 0.515625000 0.343750000 0.324218750 0.152343750 0.222656250 0.179687500 0.242187500 0.093750000 0.121093750 0.046875000 0.269531250 0.097656250 0.117187500 0.125000000 0.128906250 0.121093750 0.054687500 0.050781250 0.031250000 0.023437500 0.062500000 0.027343750 0.128906250 0.109375000 0.050781250 0.031250000 0.062500000 0.093750000 0.089843750 0.078125000 0.093750000 0.082031250 0.136718750 0.085937500 0.105468750 0.039062500 0.058593750 0.066406250 0.078125000 0.082031250 0.136718750 0.062500000 0.031250000 0.085937500 0.050781250 0.085937500 0.074218750 0.050781250 0.007812500 0.031250000 0.027343750 0.046875000 0.039062500 0.011718750 0.015625000 0.039062500 0.042968750 0.050781250 0.078125000 0.046875000 0.042968750 0.042968750 0.082031250 0.058593750 0.011718750 0.015625000 0.031250000 0.085937500 0.070312500 0.027343750 0.023437500 0.046875000 0.031250000 0.054687500 0.039062500 0.062500000 0.039062500 0.003906250 0.031250000 0.039062500 0.027343750 0.046875000 0.089843750 0.015625000 0.046875000 0.042968750 0.011718750 0.027343750 0.066406250 0.023437500 0.023437500 0.058593750 0.039062500 0.046875000 0.031250000 0.019531250 0.023437500 0.015625000 0.019531250 0.023437500 0.031250000 0.011718750 0.015625000 0.007812500 0.015625000 0.035156250 0.019531250 0.027343750 0.039062500 0.031250000 0.011718750 0.019531250 0.019531250 0.042968750 0.023437500 0.046875000 0.011718750 0.023437500 0.007812500 0.027343750 0.031250000 0.015625000 0.015625000 0.023437500 0.039062500 0.007812500 0.007812500 0.027343750 0.015625000 0.019531250 0.023437500 0.050781250 0.046875000 0.003906250 0.019531250 0.023437500 0.046875000 0.039062500 0.039062500 0.031250000 0.031250000 0.023437500 0.027343750 0.031250000 0.007812500 0.023437500 0.007812500 0.035156250 0.011718750 0.042968750 0.035156250 0.011718750 0.007812500 0.011718750 0.015625000 0.015625000 0.042968750 0.007812500 0.039062500 0.035156250 0.035156250 0.039062500 0.019531250 0.011718750 0.031250000 0.015625000 0.023437500 0.019531250 0.042968750 0.015625000 0.011718750 0.015625000 0.007812500 0.019531250 0.023437500 0.007812500 0.023437500 0.027343750 0.007812500 0.011718750 0.011718750 0.003906250 0.011718750 0.015625000 0.011718750 0.011718750 0.031250000 0.015625000 0.019531250 0.003906250 0.019531250 0.023437500 0.007812500 0.031250000 0.035156250 0.027343750 0.027343750 0.050781250 0.019531250 0.023437500 0.031250000 0.007812500 0.019531250 0.031250000 0.027343750 0.007812500 0.011718750 0.019531250 0.019531250 0.015625000 0.007812500 0.007812500 0.003906250 0.007812500 0.027343750 0.050781250 0.039062500 0.011718750 0.046875000 0.007812500 0.023437500 0.031250000 0.007812500 0.019531250 0.003906250 0.007812500 0.015625000 0.023437500 0.007812500 0.015625000 0.027343750 0.027343750 0.023437500 0.027343750 0.027343750 0.035156250 0.007812500 0.039062500 0.015625000 0.011718750 0.003906250 0.015625000 0.039062500 0.039062500 0.027343750 0.027343750 0.011718750 0.003906250 
1.679687500 0.363281250 0.164062500 0.066406250 0.132812500 0.085937500 0.101562500 0.246093750 0.609375000 0.734375000 0.238281250 0.203125000 0.105468750 0.156250000 0.035156250 0.253906250 0.144531250 0.011718750 0.125000000 0.210937500 0.089843750 0.113281250 0.054687500 0.042968750 0.054687500 0.101562500 0.101562500 0.093750000 0.085937500 0.062500000 0.035156250 0.125000000 0.105468750 0.109375000 0.093750000 0.089843750 0.046875000 0.085937500 0.042968750 0.027343750 0.105468750 0.101562500 0.058593750 0.140625000 0.023437500 0.070312500 0.046875000 0.082031250 0.085937500 0.093750000 0.070312500 0.070312500 0.035156250 0.046875000 0.085937500 0.066406250 0.050781250 0.035156250 0.058593750 0.042968750 0.046875000 0.039062500 0.042968750 0.054687500 0.082031250 0.031250000 0.023437500 0.078125000 0.042968750 0.035156250 0.054687500 0.054687500 0.011718750 0.054687500 0.031250000 0.011718750 0.066406250 0.070312500 0.003906250 0.023437500 0.011718750 0.046875000 0.027343750 0.054687500 0.019531250 0.007812500 0.046875000 0.019531250 0.039062500 0.027343750 0.050781250 0.058593750 0.042968750 0.042968750 0.042968750 0.011718750 0.039062500 0.046875000 0.011718750 0.031250000 0.074218750 0.027343750 0.046875000 0.054687500 0.011718750 0.019531250 0.003906250 0.023437500 0.023437500 0.035156250 0.042968750 0.031250000 0.023437500 0.031250000 0.027343750 0.027343750 0.027343750 0.023437500 0.058593750 0.011718750 0.031250000 0.011718750 0.027343750 0.054687500 0.007812500 0.058593750 0.027343750 0.007812500 0.023437500 0.031250000 0.019531250 0.015625000 0.031250000 0.039062500 0.007812500 0.031250000 0.015625000 0.015625000 0.023437500 0.019531250 0.007812500 0.039062500 0.019531250 0.023437500 0.007812500 0.023437500 0.007812500 0.046875000 0.031250000 0.027343750 0.015625000 0.027343750 0.019531250 0.027343750 0.011718750 0.015625000 0.035156250 0.027343750 0.054687500 0.015625000 0.015625000 0.007812500 0.027343750 0.015625000 0.011718750 0.050781250 0.023437500 0.023437500 0.019531250 0.011718750 0.011718750 0.023437500 0.007812500 0.042968750 0.011718750 0.027343750 0.015625000 0.031250000 0.011718750 0.011718750 0.027343750 0.015625000 0.019531250 0.019531250 0.007812500 0.015625000 0.003906250 0.015625000 0.011718750 0.015625000 0.023437500 0.011718750 0.007812500 0.011718750 0.011718750 0.019531250 0.019531250 0.011718750 0.015625000 0.011718750 0.007812500 0.027343750 0.003906250 0.011718750 0.011718750 0.066406250 0.011718750 0.019531250 0.019531250 0.023437500 0.011718750 0.003906250 0.015625000 0.027343750 0.003906250 0.027343750 0.007812500 0.023437500 0.023437500 0.007812500 0.019531250 0.015625000 0.023437500 0.046875000 0.027343750 0.046875000 0.035156250 0.019531250 0.015625000 0.019531250 0.027343750 0.007812500 0.019531250 0.015625000 0.011718750 0.023437500 0.003906250 0.003906250 0.031250000 0.011718750 0.011718750 0.019531250 0.015625000 0.023437500 0.019531250 0.027343750 0.046875000 0.019531250 0.019531250 0.007812500 0.019531250 0.039062500 0.027343750 0.027343750 0.039062500 0.007812500 0.000000000 
1.058593750 0.394531250 0.304687500 0.117187500 0.152343750 0.097656250 0.253906250 0.105468750 0.644531250 0.621093750 0.316406250 0.269531250 0.136718750 0.097656250 0.097656250 0.167968750 0.218750000 0.046875000 0.109375000 0.156250000 0.210937500 0.140625000 0.050781250 0.007812500 0.027343750 0.113281250 0.039062500 0.109375000 0.042968750 0.070312500 0.144531250 0.109375000 0.082031250 0.070312500 0.136718750 0.093750000 0.066406250 0.066406250 0.050781250 0.042968750 0.128906250 0.160156250 0.050781250 0.078125000 0.082031250 0.105468750 0.035156250 0.031250000 0.011718750 0.066406250 0.019531250 0.015625000 0.042968750 0.031250000 0.074218750 0.054687500 0.105468750 0.019531250 0.058593750 0.031250000 0.062500000 0.066406250 0.054687500 0.085937500 0.019531250 0.007812500 0.050781250 0.039062500 0.031250000 0.027343750 0.062500000 0.015625000 0.070312500 0.027343750 0.054687500 0.031250000 0.093750000 0.062500000 0.023437500 0.007812500 0.027343750 0.046875000 0.042968750 0.054687500 0.007812500 0.011718750 0.035156250 0.023437500 0.031250000 0.019531250 0.042968750 0.062500000 0.089843750 0.011718750 0.042968750 0.062500000 0.054687500 0.015625000 0.015625000 0.023437500 0.066406250 0.062500000 0.007812500 0.039062500 0.023437500 0.007812500 0.015625000 0.007812500 0.031250000 0.027343750 0.058593750 0.050781250 0.003906250 0.035156250 0.015625000 0.015625000 0.015625000 0.011718750 0.050781250 0.019531250 0.054687500 0.027343750 0.054687500 0.078125000 0.039062500 0.042968750 0.023437500 0.039062500 0.027343750 0.015625000 0.046875000 0.000000000 0.035156250 0.019531250 0.011718750 0.023437500 0.023437500 0.019531250 0.015625000 0.023437500 0.031250000 0.058593750 0.015625000 0.035156250 0.011718750 0.039062500 0.042968750 0.019531250 0.015625000 0.015625000 0.007812500 0.046875000 0.039062500 0.015625000 0.035156250 0.003906250 0.023437500 0.027343750 0.035156250 0.019531250 0.015625000 0.000000000 0.039062500 0.011718750 0.011718750 0.039062500 0.023437500 0.023437500 0.027343750 0.019531250 0.019531250 0.011718750 0.015625000 0.050781250 0.019531250 0.039062500 0.042968750 0.027343750 0.031250000 0.019531250 0.042968750 0.007812500 0.015625000 0.023437500 0.007812500 0.007812500 0.019531250 0.027343750 0.007812500 0.011718750 0.031250000 0.007812500 0.003906250 0.019531250 0.007812500 0.011718750 0.027343750 0.011718750 0.023437500 0.023437500 0.019531250 0.003906250 0.019531250 0.003906250 0.023437500 0.039062500 0.007812500 0.015625000 0.023437500 0.015625000 0.027343750 0.015625000 0.007812500 0.015625000 0.023437500 0.023437500 0.019531250 0.011718750 0.011718750 0.015625000 0.031250000 0.003906250 0.027343750 0.046875000 0.027343750 0.031250000 0.019531250 0.023437500 0.007812500 0.011718750 0.019531250 0.007812500 0.015625000 0.011718750 0.019531250 0.011718750 0.015625000 0.015625000 0.023437500 0.023437500 0.019531250 0.023437500 0.019531250 0.011718750 0.019531250 0.031250000 0.019531250 0.015625000 0.015625000 0.011718750 0.011718750 0.019531250 0.031250000 0.007812500 0.011718750 0.019531250 0.003906250 
0.207031250 0.421875000 0.066406250 0.027343750 0.289062500 0.089843750 0.253906250 0.105468750 0.339843750 0.527343750 0.492187500 0.316406250 0.093750000 0.179687500 0.144531250 0.093750000 0.234375000 0.289062500 0.156250000 0.304687500 0.132812500 0.203125000 0.089843750 0.171875000 0.175781250 0.117187500 0.140625000 0.187500000 0.078125000 0.035156250 0.054687500 0.195312500 0.062500000 0.183593750 0.101562500 0.050781250 0.093750000 0.128906250 0.031250000 0.140625000 0.058593750 0.042968750 0.031250000 0.031250000 0.089843750 0.046875000 0.011718750 0.015625000 0.042968750 0.027343750 0.062500000 0.031250000 0.035156250 0.066406250 0.039062500 0.015625000 0.066406250 0.042968750 0.078125000 0.085937500 0.027343750 0.031250000 0.074218750 0.085937500 0.007812500 0.019531250 0.046875000 0.042968750 0.023437500 0.003906250 0.046875000 0.066406250 0.007812500 0.062500000 0.089843750 0.035156250 0.082031250 0.042968750 0.070312500 0.062500000 0.015625000 0.031250000 0.062500000 0.019531250 0.007812500 0.015625000 0.003906250 0.046875000 0.027343750 0.054687500 0.046875000 0.050781250 0.027343750 0.027343750 0.039062500 0.031250000 0.050781250 0.011718750 0.050781250 0.027343750 0.070312500 0.074218750 0.019531250 0.023437500 0.027343750 0.019531250 0.023437500 0.039062500 0.058593750 0.031250000 0.074218750 0.039062500 0.007812500 0.015625000 0.019531250 0.039062500 0.011718750 0.035156250 0.019531250 0.039062500 0.031250000 0.011718750 0.042968750 0.050781250 0.035156250 0.027343750 0.027343750 0.023437500 0.023437500 0.023437500 0.046875000 0.011718750 0.011718750 0.019531250 0.003906250 0.019531250 0.011718750 0.035156250 0.019531250 0.035156250 0.019531250 0.046875000 0.023437500 0.023437500 0.015625000 0.039062500 0.027343750 0.023437500 0.015625000 0.011718750 0.007812500 0.050781250 0.031250000 0.019531250 0.031250000 0.023437500 0.027343750 0.015625000 0.007812500 0.050781250 0.015625000 0.019531250 0.015625000 0.031250000 0.003906250 0.023437500 0.019531250 0.019531250 0.015625000 0.042968750 0.007812500 0.031250000 0.031250000 0.027343750 0.015625000 0.042968750 0.023437500 0.031250000 0.035156250 0.007812500 0.023437500 0.023437500 0.011718750 0.007812500 0.015625000 0.015625000 0.015625000 0.027343750 0.023437500 0.015625000 0.023437500 0.023437500 0.019531250 0.023437500 0.015625000 0.011718750 0.035156250 0.007812500 0.019531250 0.023437500 0.027343750 0.011718750 0.011718750 0.015625000 0.007812500 0.031250000 0.003906250 0.031250000 0.027343750 0.031250000 0.011718750 0.007812500 0.023437500 0.011718750 0.023437500 0.019531250 0.027343750 0.007812500 0.003906250 0.027343750 0.035156250 0.007812500 0.023437500 0.023437500 0.027343750 0.031250000 0.011718750 0.015625000 0.027343750 0.011718750 0.007812500 0.011718750 0.027343750 0.031250000 0.027343750 0.015625000 0.015625000 0.011718750 0.019531250 0.023437500 0.019531250 0.023437500 0.023437500 0.000000000 0.035156250 0.019531250 0.011718750 0.007812500 0.011718750 0.015625000 0.027343750 0.003906250 0.015625000 0.023437500 0.011718750 0.019531250 0.011718750 
0.601562500 0.441406250 0.398437500 0.136718750 0.414062500 0.011718750 0.070312500 0.457031250 0.250000000 0.519531250 0.144531250 0.183593750 0.152343750 0.066406250 0.078125000 0.144531250 0.230468750 0.234375000 0.148437500 0.281250000 0.148437500 0.113281250 0.125000000 0.105468750 0.203125000 0.105468750 0.105468750 0.203125000 0.074218750 0.050781250 0.078125000 0.128906250 0.140625000 0.132812500 0.070312500 0.070312500 0.089843750 0.109375000 0.027343750 0.128906250 0.062500000 0.019531250 0.027343750 0.035156250 0.093750000 0.015625000 0.011718750 0.039062500 0.093750000 0.050781250 0.015625000 0.027343750 0.027343750 0.042968750 0.027343750 0.031250000 0.058593750 0.054687500 0.003906250 0.031250000 0.015625000 0.046875000 0.031250000 0.050781250 0.007812500 0.019531250 0.015625000 0.062500000 0.031250000 0.015625000 0.046875000 0.085937500 0.046875000 0.011718750 0.042968750 0.046875000 0.058593750 0.007812500 0.039062500 0.058593750 0.031250000 0.035156250 0.015625000 0.015625000 0.039062500 0.046875000 0.039062500 0.019531250 0.050781250 0.078125000 0.062500000 0.050781250 0.031250000 0.023437500 0.027343750 0.042968750 0.062500000 0.027343750 0.031250000 0.031250000 0.039062500 0.015625000 0.023437500 0.035156250 0.027343750 0.027343750 0.011718750 0.019531250 0.039062500 0.003906250 0.054687500 0.015625000 0.027343750 0.023437500 0.015625000 0.042968750 0.015625000 0.007812500 0.011718750 0.027343750 0.015625000 0.027343750 0.035156250 0.039062500 0.015625000 0.027343750 0.007812500 0.023437500 0.039062500 0.062500000 0.027343750 0.015625000 0.035156250 0.023437500 0.027343750 0.015625000 0.007812500 0.003906250 0.011718750 0.015625000 0.031250000 0.042968750 0.023437500 0.046875000 0.019531250 0.019531250 0.050781250 0.003906250 0.019531250 0.027343750 0.035156250 0.042968750 0.019531250 0.046875000 0.039062500 0.027343750 0.007812500 0.011718750 0.015625000 0.023437500 0.015625000 0.031250000 0.007812500 0.035156250 0.019531250 0.046875000 0.027343750 0.027343750 0.011718750 0.039062500 0.015625000 0.039062500 0.015625000 0.015625000 0.011718750 0.031250000 0.019531250 0.046875000 0.031250000 0.000000000 0.011718750 0.039062500 0.011718750 0.023437500 0.015625000 0.007812500 0.011718750 0.023437500 0.023437500 0.011718750 0.039062500 0.007812500 0.027343750 0.031250000 0.011718750 0.011718750 0.031250000 0.015625000 0.007812500 0.019531250 0.035156250 0.007812500 0.015625000 0.019531250 0.011718750 0.042968750 0.011718750 0.019531250 0.015625000 0.031250000 0.031250000 0.031250000 0.039062500 0.015625000 0.015625000 0.035156250 0.007812500 0.019531250 0.015625000 0.007812500 0.011718750 0.015625000 0.039062500 0.015625000 0.027343750 0.015625000 0.019531250 0.003906250 0.027343750 0.046875000 0.011718750 0.019531250 0.011718750 0.027343750 0.039062500 0.011718750 0.011718750 0.042968750 0.007812500 0.027343750 0.023437500 0.027343750 0.019531250 0.019531250 0.015625000 0.015625000 0.027343750 0.011718750 0.023437500 0.027343750 0.023437500 0.023437500 0.015625000 0.019531250 0.027343750 0.011718750 0.007812500 
1.398437500 0.378906250 0.132812500 0.046875000 0.105468750 0.191406250 0.007812500 0.253906250 0.457031250 0.441406250 0.265625000 0.019531250 0.128906250 0.003906250 0.132812500 0.046875000 0.175781250 0.218750000 0.187500000 0.355468750 0.253906250 0.074218750 0.031250000 0.066406250 0.250000000 0.023437500 0.183593750 0.203125000 0.089843750 0.039062500 0.148437500 0.042968750 0.113281250 0.070312500 0.105468750 0.109375000 0.015625000 0.089843750 0.031250000 0.082031250 0.082031250 0.093750000 0.023437500 0.062500000 0.121093750 0.027343750 0.046875000 0.074218750 0.046875000 0.066406250 0.023437500 0.027343750 0.066406250 0.105468750 0.078125000 0.011718750 0.015625000 0.035156250 0.039062500 0.031250000 0.066406250 0.039062500 0.015625000 0.042968750 0.027343750 0.039062500 0.042968750 0.031250000 0.058593750 0.062500000 0.019531250 0.089843750 0.015625000 0.027343750 0.066406250 0.019531250 0.066406250 0.035156250 0.050781250 0.023437500 0.027343750 0.031250000 0.003906250 0.007812500 0.066406250 0.042968750 0.054687500 0.023437500 0.070312500 0.062500000 0.074218750 0.039062500 0.023437500 0.062500000 0.035156250 0.003906250 0.058593750 0.019531250 0.035156250 0.046875000 0.035156250 0.011718750 0.050781250 0.023437500 0.011718750 0.007812500 0.027343750 0.039062500 0.035156250 0.023437500 0.042968750 0.019531250 0.023437500 0.003906250 0.023437500 0.039062500 0.011718750 0.011718750 0.015625000 0.019531250 0.042968750 0.039062500 0.039062500 0.003906250 0.054687500 0.050781250 0.035156250 0.035156250 0.031250000 0.058593750 0.031250000 0.054687500 0.058593750 0.039062500 0.042968750 0.039062500 0.031250000 0.023437500 0.007812500 0.011718750 0.039062500 0.023437500 0.015625000 0.066406250 0.011718750 0.035156250 0.023437500 0.007812500 0.007812500 0.035156250 0.007812500 0.015625000 0.046875000 0.027343750 0.042968750 0.023437500 0.015625000 0.011718750 0.003906250 0.027343750 0.031250000 0.015625000 0.003906250 0.058593750 0.050781250 0.007812500 0.050781250 0.062500000 0.027343750 0.015625000 0.027343750 0.019531250 0.011718750 0.011718750 0.011718750 0.023437500 0.011718750 0.031250000 0.023437500 0.011718750 0.011718750 0.046875000 0.011718750 0.015625000 0.011718750 0.015625000 0.027343750 0.023437500 0.027343750 0.035156250 0.019531250 0.015625000 0.019531250 0.050781250 0.015625000 0.015625000 0.015625000 0.015625000 0.027343750 0.007812500 0.019531250 0.023437500 0.023437500 0.019531250 0.019531250 0.046875000 0.023437500 0.023437500 0.023437500 0.042968750 0.054687500 0.054687500 0.023437500 0.023437500 0.007812500 0.027343750 0.011718750 0.019531250 0.011718750 0.007812500 0.023437500 0.015625000 0.031250000 0.039062500 0.019531250 0.003906250 0.011718750 0.019531250 0.031250000 0.039062500 0.023437500 0.015625000 0.011718750 0.042968750 0.023437500 0.031250000 0.031250000 0.015625000 0.019531250 0.023437500 0.015625000 0.035156250 0.019531250 0.027343750 0.015625000 0.023437500 0.023437500 0.003906250 0.027343750 0.039062500 0.011718750 0.015625000 0.019531250 0.031250000 0.007812500 0.015625000 0.000000000 
1.953125000 0.140625000 0.253906250 0.093750000 0.062500000 0.257812500 0.136718750 0.140625000 0.398437500 0.285156250 0.277343750 0.285156250 0.117187500 0.089843750 0.105468750 0.167968750 0.140625000 0.242187500 0.089843750 0.539062500 0.097656250 0.273437500 0.109375000 0.078125000 0.105468750 0.160156250 0.226562500 0.199218750 0.097656250 0.031250000 0.199218750 0.058593750 0.078125000 0.109375000 0.101562500 0.074218750 0.058593750 0.035156250 0.042968750 0.078125000 0.117187500 0.039062500 0.015625000 0.070312500 0.046875000 0.082031250 0.050781250 0.054687500 0.027343750 0.070312500 0.089843750 0.078125000 0.074218750 0.093750000 0.054687500 0.058593750 0.031250000 0.023437500 0.035156250 0.015625000 0.085937500 0.027343750 0.046875000 0.035156250 0.011718750 0.035156250 0.054687500 0.011718750 0.085937500 0.046875000 0.011718750 0.089843750 0.015625000 0.070312500 0.078125000 0.023437500 0.089843750 0.023437500 0.039062500 0.035156250 0.015625000 0.035156250 0.027343750 0.015625000 0.082031250 0.027343750 0.039062500 0.062500000 0.062500000 0.019531250 0.062500000 0.007812500 0.031250000 0.039062500 0.046875000 0.023437500 0.050781250 0.039062500 0.011718750 0.019531250 0.015625000 0.007812500 0.019531250 0.015625000 0.023437500 0.027343750 0.039062500 0.003906250 0.027343750 0.003906250 0.011718750 0.019531250 0.039062500 0.019531250 0.015625000 0.027343750 0.003906250 0.015625000 0.019531250 0.031250000 0.050781250 0.035156250 0.007812500 0.023437500 0.042968750 0.035156250 0.015625000 0.023437500 0.050781250 0.027343750 0.042968750 0.035156250 0.054687500 0.046875000 0.007812500 0.003906250 0.039062500 0.023437500 0.023437500 0.027343750 0.042968750 0.011718750 0.023437500 0.015625000 0.039062500 0.050781250 0.003906250 0.015625000 0.003906250 0.046875000 0.039062500 0.023437500 0.062500000 0.019531250 0.039062500 0.042968750 0.007812500 0.011718750 0.007812500 0.019531250 0.007812500 0.050781250 0.035156250 0.035156250 0.042968750 0.023437500 0.050781250 0.058593750 0.027343750 0.015625000 0.054687500 0.023437500 0.011718750 0.015625000 0.007812500 0.015625000 0.019531250 0.019531250 0.015625000 0.015625000 0.023437500 0.019531250 0.027343750 0.015625000 0.027343750 0.015625000 0.011718750 0.003906250 0.023437500 0.039062500 0.031250000 0.027343750 0.023437500 0.039062500 0.027343750 0.007812500 0.011718750 0.019531250 0.003906250 0.023437500 0.031250000 0.019531250 0.019531250 0.015625000 0.011718750 0.031250000 0.031250000 0.015625000 0.015625000 0.042968750 0.050781250 0.058593750 0.007812500 0.011718750 0.015625000 0.015625000 0.019531250 0.019531250 0.015625000 0.015625000 0.027343750 0.011718750 0.027343750 0.042968750 0.023437500 0.019531250 0.007812500 0.027343750 0.031250000 0.042968750 0.023437500 0.015625000 0.015625000 0.046875000 0.015625000 0.027343750 0.023437500 0.023437500 0.031250000 0.039062500 0.000000000 0.035156250 0.031250000 0.023437500 0.015625000 0.019531250 0.023437500 0.011718750 0.042968750 0.019531250 0.031250000 0.027343750 0.007812500 0.031250000 0.015625000 0.031250000 0.046875000 
2.074218750 0.207031250 0.093750000 0.082031250 0.156250000 0.289062500 0.046875000 0.089843750 0.300781250 0.140625000 0.089843750 0.144531250 0.109375000 0.093750000 0.156250000 0.152343750 0.023437500 0.144531250 0.179687500 0.578125000 0.246093750 0.363281250 0.035156250 0.097656250 0.089843750 0.023437500 0.261718750 0.183593750 0.082031250 0.175781250 0.058593750 0.140625000 0.160156250 0.054687500 0.062500000 0.062500000 0.136718750 0.066406250 0.042968750 0.097656250 0.101562500 0.031250000 0.031250000 0.136718750 0.085937500 0.066406250 0.058593750 0.027343750 0.054687500 0.070312500 0.050781250 0.050781250 0.109375000 0.062500000 0.023437500 0.070312500 0.031250000 0.085937500 0.019531250 0.007812500 0.089843750 0.031250000 0.027343750 0.046875000 0.003906250 0.042968750 0.046875000 0.023437500 0.054687500 0.097656250 0.070312500 0.015625000 0.054687500 0.054687500 0.058593750 0.031250000 0.062500000 0.058593750 0.042968750 0.031250000 0.015625000 0.027343750 0.054687500 0.019531250 0.093750000 0.058593750 0.046875000 0.062500000 0.031250000 0.039062500 0.050781250 0.035156250 0.023437500 0.007812500 0.023437500 0.035156250 0.042968750 0.019531250 0.050781250 0.023437500 0.015625000 0.031250000 0.011718750 0.031250000 0.015625000 0.027343750 0.031250000 0.015625000 0.011718750 0.019531250 0.023437500 0.011718750 0.031250000 0.019531250 0.023437500 0.035156250 0.007812500 0.011718750 0.019531250 0.031250000 0.066406250 0.011718750 0.023437500 0.027343750 0.023437500 0.050781250 0.023437500 0.027343750 0.011718750 0.007812500 0.062500000 0.007812500 0.042968750 0.019531250 0.039062500 0.023437500 0.031250000 0.015625000 0.023437500 0.023437500 0.054687500 0.015625000 0.031250000 0.023437500 0.019531250 0.050781250 0.015625000 0.019531250 0.015625000 0.058593750 0.050781250 0.054687500 0.019531250 0.039062500 0.015625000 0.031250000 0.015625000 0.027343750 0.011718750 0.019531250 0.023437500 0.046875000 0.039062500 0.015625000 0.027343750 0.015625000 0.035156250 0.058593750 0.035156250 0.031250000 0.031250000 0.027343750 0.015625000 0.019531250 0.019531250 0.007812500 0.007812500 0.031250000 0.011718750 0.019531250 0.023437500 0.019531250 0.019531250 0.023437500 0.039062500 0.007812500 0.011718750 0.015625000 0.023437500 0.039062500 0.015625000 0.042968750 0.019531250 0.054687500 0.011718750 0.023437500 0.023437500 0.007812500 0.011718750 0.031250000 0.023437500 0.007812500 0.003906250 0.019531250 0.015625000 0.019531250 0.027343750 0.035156250 0.015625000 0.050781250 0.035156250 0.035156250 0.027343750 0.011718750 0.019531250 0.015625000 0.023437500 0.027343750 0.019531250 0.015625000 0.050781250 0.027343750 0.031250000 0.042968750 0.031250000 0.011718750 0.042968750 0.066406250 0.023437500 0.019531250 0.011718750 0.019531250 0.027343750 0.015625000 0.023437500 0.023437500 0.042968750 0.031250000 0.042968750 0.011718750 0.039062500 0.042968750 0.035156250 0.027343750 0.003906250 0.015625000 0.003906250 0.027343750 0.039062500 0.019531250 0.011718750 0.019531250 0.023437500 0.011718750 0.050781250 0.058593750 0.003906250 
2.214843750 0.156250000 0.027343750 0.113281250 0.359375000 0.187500000 0.039062500 0.105468750 0.089843750 0.250000000 0.062500000 0.285156250 0.085937500 0.238281250 0.210937500 0.156250000 0.132812500 0.253906250 0.082031250 0.574218750 0.265625000 0.328125000 0.082031250 0.234375000 0.035156250 0.046875000 0.238281250 0.218750000 0.125000000 0.050781250 0.062500000 0.179687500 0.039062500 0.066406250 0.062500000 0.105468750 0.113281250 0.144531250 0.078125000 0.085937500 0.031250000 0.093750000 0.085937500 0.070312500 0.070312500 0.089843750 0.027343750 0.027343750 0.046875000 0.050781250 0.082031250 0.042968750 0.031250000 0.050781250 0.089843750 0.011718750 0.003906250 0.078125000 0.027343750 0.039062500 0.089843750 0.019531250 0.035156250 0.074218750 0.023437500 0.039062500 0.023437500 0.027343750 0.042968750 0.105468750 0.078125000 0.062500000 0.011718750 0.031250000 0.011718750 0.066406250 0.035156250 0.031250000 0.035156250 0.046875000 0.031250000 0.015625000 0.062500000 0.015625000 0.105468750 0.050781250 0.117187500 0.003906250 0.054687500 0.011718750 0.046875000 0.015625000 0.015625000 0.042968750 0.035156250 0.035156250 0.019531250 0.035156250 0.062500000 0.003906250 0.050781250 0.023437500 0.042968750 0.031250000 0.003906250 0.007812500 0.003906250 0.023437500 0.031250000 0.023437500 0.023437500 0.019531250 0.027343750 0.007812500 0.027343750 0.015625000 0.031250000 0.023437500 0.023437500 0.031250000 0.050781250 0.019531250 0.050781250 0.019531250 0.015625000 0.019531250 0.019531250 0.011718750 0.007812500 0.039062500 0.042968750 0.031250000 0.031250000 0.015625000 0.042968750 0.015625000 0.019531250 0.031250000 0.039062500 0.042968750 0.050781250 0.015625000 0.023437500 0.035156250 0.023437500 0.039062500 0.023437500 0.015625000 0.019531250 0.039062500 0.082031250 0.050781250 0.003906250 0.027343750 0.031250000 0.015625000 0.023437500 0.042968750 0.003906250 0.023437500 0.035156250 0.023437500 0.019531250 0.023437500 0.011718750 0.011718750 0.035156250 0.031250000 0.015625000 0.015625000 0.031250000 0.031250000 0.015625000 0.011718750 0.007812500 0.023437500 0.003906250 0.015625000 0.019531250 0.023437500 0.023437500 0.019531250 0.027343750 0.039062500 0.011718750 0.027343750 0.019531250 0.007812500 0.031250000 0.015625000 0.031250000 0.054687500 0.011718750 0.050781250 0.023437500 0.027343750 0.019531250 0.031250000 0.031250000 0.011718750 0.019531250 0.027343750 0.023437500 0.015625000 0.015625000 0.003906250 0.011718750 0.031250000 0.023437500 0.015625000 0.023437500 0.007812500 0.019531250 0.011718750 0.011718750 0.023437500 0.035156250 0.015625000 0.023437500 0.019531250 0.050781250 0.023437500 0.027343750 0.039062500 0.058593750 0.015625000 0.039062500 0.058593750 0.042968750 0.007812500 0.015625000 0.015625000 0.039062500 0.023437500 0.042968750 0.011718750 0.035156250 0.035156250 0.046875000 0.007812500 0.042968750 0.031250000 0.042968750 0.031250000 0.015625000 0.015625000 0.031250000 0.007812500 0.023437500 0.046875000 0.007812500 0.011718750 0.019531250 0.011718750 0.039062500 0.070312500 0.011718750 
1.656250000 0.316406250 0.199218750 0.144531250 0.292968750 0.062500000 0.015625000 0.160156250 0.210937500 0.480468750 0.257812500 0.343750000 0.121093750 0.132812500 0.273437500 0.140625000 0.089843750 0.304687500 0.093750000 0.578125000 0.078125000 0.257812500 0.078125000 0.242187500 0.117187500 0.179687500 0.082031250 0.226562500 0.031250000 0.042968750 0.089843750 0.105468750 0.078125000 0.121093750 0.074218750 0.078125000 0.062500000 0.101562500 0.097656250 0.109375000 0.035156250 0.101562500 0.035156250 0.136718750 0.160156250 0.074218750 0.035156250 0.062500000 0.078125000 0.031250000 0.050781250 0.035156250 0.039062500 0.085937500 0.062500000 0.050781250 0.035156250 0.050781250 0.027343750 0.019531250 0.054687500 0.019531250 0.035156250 0.050781250 0.035156250 0.039062500 0.035156250 0.054687500 0.070312500 0.054687500 0.019531250 0.125000000 0.050781250 0.039062500 0.042968750 0.062500000 0.042968750 0.011718750 0.054687500 0.042968750 0.042968750 0.050781250 0.035156250 0.054687500 0.070312500 0.023437500 0.085937500 0.007812500 0.042968750 0.027343750 0.027343750 0.023437500 0.027343750 0.007812500 0.074218750 0.031250000 0.050781250 0.046875000 0.015625000 0.058593750 0.039062500 0.031250000 0.039062500 0.031250000 0.011718750 0.011718750 0.023437500 0.042968750 0.015625000 0.007812500 0.011718750 0.023437500 0.011718750 0.046875000 0.027343750 0.019531250 0.035156250 0.011718750 0.011718750 0.015625000 0.031250000 0.003906250 0.066406250 0.007812500 0.011718750 0.015625000 0.031250000 0.023437500 0.023437500 0.007812500 0.011718750 0.042968750 0.027343750 0.027343750 0.011718750 0.027343750 0.011718750 0.027343750 0.027343750 0.027343750 0.011718750 0.019531250 0.023437500 0.015625000 0.023437500 0.035156250 0.035156250 0.023437500 0.031250000 0.062500000 0.054687500 0.023437500 0.027343750 0.042968750 0.011718750 0.007812500 0.027343750 0.046875000 0.007812500 0.027343750 0.023437500 0.011718750 0.007812500 0.007812500 0.007812500 0.015625000 0.023437500 0.023437500 0.015625000 0.015625000 0.035156250 0.003906250 0.019531250 0.003906250 0.031250000 0.011718750 0.003906250 0.019531250 0.035156250 0.015625000 0.003906250 0.015625000 0.042968750 0.019531250 0.019531250 0.019531250 0.015625000 0.039062500 0.023437500 0.007812500 0.023437500 0.031250000 0.003906250 0.042968750 0.035156250 0.031250000 0.011718750 0.015625000 0.035156250 0.019531250 0.035156250 0.031250000 0.011718750 0.007812500 0.027343750 0.011718750 0.023437500 0.019531250 0.019531250 0.000000000 0.015625000 0.007812500 0.031250000 0.007812500 0.011718750 0.023437500 0.035156250 0.019531250 0.015625000 0.039062500 0.042968750 0.031250000 0.031250000 0.042968750 0.050781250 0.007812500 0.035156250 0.050781250 0.027343750 0.035156250 0.023437500 0.019531250 0.015625000 0.007812500 0.031250000 0.019531250 0.027343750 0.042968750 0.015625000 0.039062500 0.011718750 0.031250000 0.035156250 0.035156250 0.015625000 0.011718750 0.054687500 0.011718750 0.023437500 0.039062500 0.015625000 0.011718750 0.027343750 0.011718750 0.031250000 0.062500000 0.000000000 
1.183593750 0.347656250 0.113281250 0.058593750 0.324218750 0.105468750 0.183593750 0.367187500 0.246093750 0.593750000 0.265625000 0.269531250 0.222656250 0.093750000 0.113281250 0.101562500 0.070312500 0.367187500 0.148437500 0.457031250 0.085937500 0.195312500 0.015625000 0.265625000 0.179687500 0.136718750 0.117187500 0.082031250 0.070312500 0.050781250 0.031250000 0.089843750 0.109375000 0.089843750 0.054687500 0.015625000 0.003906250 0.042968750 0.046875000 0.125000000 0.019531250 0.082031250 0.109375000 0.152343750 0.046875000 0.054687500 0.042968750 0.066406250 0.062500000 0.019531250 0.066406250 0.019531250 0.101562500 0.039062500 0.058593750 0.062500000 0.039062500 0.011718750 0.031250000 0.027343750 0.042968750 0.007812500 0.054687500 0.035156250 0.054687500 0.035156250 0.023437500 0.050781250 0.062500000 0.042968750 0.050781250 0.089843750 0.078125000 0.078125000 0.074218750 0.035156250 0.035156250 0.046875000 0.011718750 0.027343750 0.039062500 0.007812500 0.058593750 0.011718750 0.054687500 0.085937500 0.015625000 0.070312500 0.035156250 0.046875000 0.019531250 0.019531250 0.007812500 0.015625000 0.058593750 0.046875000 0.058593750 0.031250000 0.027343750 0.046875000 0.011718750 0.058593750 0.011718750 0.035156250 0.011718750 0.019531250 0.039062500 0.023437500 0.023437500 0.003906250 0.023437500 0.031250000 0.003906250 0.042968750 0.011718750 0.058593750 0.054687500 0.023437500 0.019531250 0.011718750 0.035156250 0.011718750 0.046875000 0.023437500 0.007812500 0.015625000 0.027343750 0.003906250 0.019531250 0.031250000 0.027343750 0.027343750 0.023437500 0.023437500 0.003906250 0.023437500 0.011718750 0.027343750 0.011718750 0.039062500 0.011718750 0.023437500 0.027343750 0.007812500 0.019531250 0.027343750 0.031250000 0.011718750 0.023437500 0.050781250 0.046875000 0.027343750 0.027343750 0.023437500 0.007812500 0.015625000 0.011718750 0.023437500 0.023437500 0.039062500 0.023437500 0.023437500 0.011718750 0.015625000 0.007812500 0.019531250 0.027343750 0.011718750 0.031250000 0.035156250 0.015625000 0.011718750 0.023437500 0.035156250 0.011718750 0.019531250 0.011718750 0.027343750 0.035156250 0.011718750 0.023437500 0.027343750 0.050781250 0.019531250 0.015625000 0.023437500 0.011718750 0.023437500 0.015625000 0.011718750 0.019531250 0.039062500 0.023437500 0.023437500 0.015625000 0.023437500 0.007812500 0.015625000 0.039062500 0.007812500 0.054687500 0.019531250 0.015625000 0.007812500 0.019531250 0.003906250 0.015625000 0.011718750 0.031250000 0.019531250 0.007812500 0.003906250 0.027343750 0.011718750 0.003906250 0.007812500 0.031250000 0.007812500 0.023437500 0.007812500 0.015625000 0.023437500 0.011718750 0.039062500 0.027343750 0.023437500 0.007812500 0.015625000 0.011718750 0.007812500 0.019531250 0.011718750 0.027343750 0.007812500 0.011718750 0.027343750 0.015625000 0.019531250 0.031250000 0.015625000 0.019531250 0.011718750 0.039062500 0.015625000 0.007812500 0.019531250 0.027343750 0.035156250 0.023437500 0.031250000 0.007812500 0.035156250 0.015625000 0.023437500 0.015625000 0.019531250 0.042968750 
0.687500000 0.148437500 0.152343750 0.027343750 0.250000000 0.109375000 0.050781250 0.429687500 0.261718750 0.632812500 0.234375000 0.128906250 0.054687500 0.078125000 0.066406250 0.218750000 0.191406250 0.277343750 0.011718750 0.332031250 0.136718750 0.019531250 0.093750000 0.226562500 0.058593750 0.226562500 0.121093750 0.101562500 0.171875000 0.121093750 0.050781250 0.093750000 0.078125000 0.148437500 0.054687500 0.097656250 0.093750000 0.050781250 0.101562500 0.125000000 0.031250000 0.058593750 0.125000000 0.128906250 0.011718750 0.050781250 0.066406250 0.121093750 0.085937500 0.027343750 0.062500000 0.031250000 0.078125000 0.078125000 0.003906250 0.039062500 0.027343750 0.015625000 0.035156250 0.046875000 0.062500000 0.019531250 0.039062500 0.054687500 0.019531250 0.000000000 0.042968750 0.050781250 0.023437500 0.039062500 0.058593750 0.046875000 0.101562500 0.093750000 0.089843750 0.070312500 0.085937500 0.062500000 0.031250000 0.035156250 0.058593750 0.042968750 0.046875000 0.015625000 0.035156250 0.070312500 0.031250000 0.035156250 0.015625000 0.046875000 0.039062500 0.027343750 0.023437500 0.035156250 0.015625000 0.054687500 0.031250000 0.039062500 0.039062500 0.035156250 0.042968750 0.023437500 0.007812500 0.035156250 0.019531250 0.027343750 0.031250000 0.011718750 0.031250000 0.027343750 0.011718750 0.039062500 0.011718750 0.027343750 0.011718750 0.046875000 0.058593750 0.031250000 0.003906250 0.035156250 0.019531250 0.027343750 0.031250000 0.039062500 0.027343750 0.019531250 0.027343750 0.011718750 0.015625000 0.031250000 0.019531250 0.007812500 0.050781250 0.039062500 0.003906250 0.027343750 0.007812500 0.023437500 0.019531250 0.011718750 0.007812500 0.019531250 0.027343750 0.003906250 0.019531250 0.054687500 0.050781250 0.027343750 0.015625000 0.027343750 0.054687500 0.019531250 0.023437500 0.027343750 0.027343750 0.023437500 0.011718750 0.011718750 0.027343750 0.019531250 0.031250000 0.027343750 0.039062500 0.023437500 0.019531250 0.011718750 0.042968750 0.007812500 0.031250000 0.019531250 0.027343750 0.023437500 0.039062500 0.039062500 0.015625000 0.011718750 0.011718750 0.019531250 0.015625000 0.019531250 0.000000000 0.046875000 0.042968750 0.023437500 0.019531250 0.027343750 0.027343750 0.015625000 0.031250000 0.007812500 0.015625000 0.035156250 0.031250000 0.031250000 0.031250000 0.027343750 0.027343750 0.031250000 0.019531250 0.011718750 0.035156250 0.031250000 0.015625000 0.019531250 0.019531250 0.015625000 0.007812500 0.007812500 0.031250000 0.019531250 0.011718750 0.003906250 0.015625000 0.015625000 0.023437500 0.039062500 0.011718750 0.023437500 0.015625000 0.019531250 0.003906250 0.023437500 0.015625000 0.019531250 0.015625000 0.023437500 0.003906250 0.007812500 0.015625000 0.023437500 0.011718750 0.019531250 0.019531250 0.007812500 0.003906250 0.019531250 0.011718750 0.027343750 0.023437500 0.027343750 0.031250000 0.003906250 0.031250000 0.007812500 0.019531250 0.039062500 0.015625000 0.027343750 0.031250000 0.019531250 0.031250000 0.023437500 0.035156250 0.031250000 0.007812500 0.027343750 0.039062500 
0.375000000 0.121093750 0.164062500 0.070312500 0.269531250 0.082031250 0.085937500 0.453125000 0.457031250 0.121093750 0.246093750 0.160156250 0.066406250 0.125000000 0.070312500 0.152343750 0.226562500 0.230468750 0.207031250 0.277343750 0.304687500 0.140625000 0.109375000 0.093750000 0.214843750 0.085937500 0.015625000 0.078125000 0.113281250 0.089843750 0.011718750 0.031250000 0.078125000 0.152343750 0.085937500 0.082031250 0.046875000 0.023437500 0.007812500 0.054687500 0.062500000 0.011718750 0.011718750 0.101562500 0.085937500 0.058593750 0.105468750 0.125000000 0.066406250 0.074218750 0.062500000 0.054687500 0.050781250 0.078125000 0.050781250 0.023437500 0.031250000 0.015625000 0.039062500 0.046875000 0.039062500 0.007812500 0.035156250 0.046875000 0.007812500 0.050781250 0.062500000 0.000000000 0.042968750 0.027343750 0.042968750 0.089843750 0.027343750 0.058593750 0.062500000 0.042968750 0.019531250 0.027343750 0.019531250 0.050781250 0.031250000 0.066406250 0.031250000 0.015625000 0.070312500 0.050781250 0.042968750 0.042968750 0.035156250 0.058593750 0.019531250 0.031250000 0.042968750 0.058593750 0.050781250 0.054687500 0.019531250 0.011718750 0.027343750 0.015625000 0.019531250 0.023437500 0.023437500 0.050781250 0.023437500 0.031250000 0.027343750 0.019531250 0.003906250 0.011718750 0.015625000 0.035156250 0.019531250 0.050781250 0.015625000 0.054687500 0.035156250 0.046875000 0.003906250 0.027343750 0.019531250 0.015625000 0.031250000 0.035156250 0.031250000 0.035156250 0.011718750 0.027343750 0.035156250 0.023437500 0.031250000 0.003906250 0.046875000 0.027343750 0.023437500 0.011718750 0.015625000 0.019531250 0.027343750 0.027343750 0.015625000 0.011718750 0.023437500 0.007812500 0.015625000 0.039062500 0.031250000 0.019531250 0.007812500 0.011718750 0.042968750 0.015625000 0.019531250 0.023437500 0.015625000 0.031250000 0.023437500 0.011718750 0.042968750 0.007812500 0.031250000 0.019531250 0.050781250 0.023437500 0.023437500 0.015625000 0.015625000 0.035156250 0.023437500 0.023437500 0.027343750 0.011718750 0.039062500 0.019531250 0.027343750 0.019531250 0.023437500 0.019531250 0.015625000 0.000000000 0.023437500 0.031250000 0.050781250 0.019531250 0.007812500 0.019531250 0.031250000 0.007812500 0.023437500 0.015625000 0.023437500 0.027343750 0.023437500 0.031250000 0.027343750 0.023437500 0.023437500 0.027343750 0.011718750 0.015625000 0.007812500 0.027343750 0.023437500 0.007812500 0.027343750 0.007812500 0.011718750 0.027343750 0.019531250 0.023437500 0.011718750 0.007812500 0.011718750 0.011718750 0.027343750 0.027343750 0.011718750 0.027343750 0.015625000 0.007812500 0.015625000 0.023437500 0.015625000 0.011718750 0.011718750 0.031250000 0.023437500 0.027343750 0.011718750 0.023437500 0.042968750 0.023437500 0.027343750 0.007812500 0.015625000 0.011718750 0.007812500 0.031250000 0.023437500 0.019531250 0.007812500 0.027343750 0.003906250 0.015625000 0.015625000 0.023437500 0.031250000 0.046875000 0.035156250 0.011718750 0.023437500 0.027343750 0.023437500 0.031250000 0.023437500 0.019531250 0.007812500 
0.015625000 0.238281250 0.062500000 0.160156250 0.238281250 0.039062500 0.320312500 0.019531250 0.242187500 0.589843750 0.359375000 0.136718750 0.101562500 0.144531250 0.074218750 0.148437500 0.218750000 0.140625000 0.160156250 0.414062500 0.226562500 0.125000000 0.152343750 0.019531250 0.078125000 0.078125000 0.140625000 0.156250000 0.070312500 0.179687500 0.085937500 0.085937500 0.027343750 0.179687500 0.050781250 0.132812500 0.050781250 0.019531250 0.023437500 0.050781250 0.066406250 0.027343750 0.015625000 0.093750000 0.097656250 0.078125000 0.054687500 0.062500000 0.109375000 0.058593750 0.093750000 0.039062500 0.042968750 0.027343750 0.011718750 0.042968750 0.019531250 0.015625000 0.023437500 0.085937500 0.039062500 0.042968750 0.050781250 0.074218750 0.019531250 0.066406250 0.035156250 0.035156250 0.066406250 0.035156250 0.066406250 0.093750000 0.058593750 0.035156250 0.058593750 0.027343750 0.003906250 0.046875000 0.019531250 0.046875000 0.035156250 0.050781250 0.019531250 0.015625000 0.070312500 0.042968750 0.027343750 0.039062500 0.031250000 0.035156250 0.007812500 0.046875000 0.031250000 0.058593750 0.054687500 0.054687500 0.019531250 0.023437500 0.019531250 0.050781250 0.019531250 0.031250000 0.035156250 0.042968750 0.023437500 0.027343750 0.027343750 0.027343750 0.027343750 0.035156250 0.007812500 0.035156250 0.035156250 0.023437500 0.050781250 0.015625000 0.015625000 0.015625000 0.023437500 0.007812500 0.039062500 0.035156250 0.019531250 0.035156250 0.039062500 0.054687500 0.035156250 0.011718750 0.042968750 0.007812500 0.031250000 0.007812500 0.039062500 0.019531250 0.019531250 0.023437500 0.027343750 0.019531250 0.031250000 0.011718750 0.007812500 0.015625000 0.023437500 0.023437500 0.019531250 0.035156250 0.035156250 0.027343750 0.007812500 0.011718750 0.035156250 0.003906250 0.023437500 0.039062500 0.007812500 0.027343750 0.015625000 0.003906250 0.035156250 0.015625000 0.027343750 0.027343750 0.042968750 0.031250000 0.027343750 0.015625000 0.007812500 0.046875000 0.015625000 0.019531250 0.023437500 0.007812500 0.031250000 0.003906250 0.027343750 0.027343750 0.015625000 0.027343750 0.011718750 0.003906250 0.019531250 0.015625000 0.062500000 0.007812500 0.023437500 0.015625000 0.015625000 0.019531250 0.007812500 0.039062500 0.015625000 0.007812500 0.019531250 0.035156250 0.023437500 0.031250000 0.027343750 0.027343750 0.007812500 0.031250000 0.015625000 0.023437500 0.023437500 0.015625000 0.015625000 0.011718750 0.007812500 0.023437500 0.011718750 0.019531250 0.011718750 0.007812500 0.011718750 0.007812500 0.027343750 0.031250000 0.035156250 0.011718750 0.011718750 0.015625000 0.003906250 0.035156250 0.015625000 0.015625000 0.015625000 0.011718750 0.027343750 0.019531250 0.011718750 0.019531250 0.042968750 0.019531250 0.031250000 0.019531250 0.027343750 0.015625000 0.011718750 0.011718750 0.019531250 0.035156250 0.019531250 0.015625000 0.003906250 0.019531250 0.007812500 0.003906250 0.039062500 0.035156250 0.039062500 0.023437500 0.035156250 0.031250000 0.007812500 0.011718750 0.027343750 0.015625000 0.007812500 
0.292968750 0.195312500 0.117187500 0.121093750 0.382812500 0.191406250 0.167968750 0.113281250 0.320312500 0.757812500 0.132812500 0.113281250 0.089843750 0.191406250 0.156250000 0.054687500 0.125000000 0.160156250 0.140625000 0.339843750 0.257812500 0.105468750 0.105468750 0.156250000 0.027343750 0.101562500 0.058593750 0.144531250 0.128906250 0.097656250 0.113281250 0.062500000 0.062500000 0.136718750 0.054687500 0.097656250 0.046875000 0.058593750 0.039062500 0.035156250 0.050781250 0.023437500 0.015625000 0.039062500 0.128906250 0.085937500 0.019531250 0.105468750 0.039062500 0.062500000 0.144531250 0.023437500 0.023437500 0.011718750 0.027343750 0.031250000 0.050781250 0.035156250 0.023437500 0.039062500 0.070312500 0.042968750 0.042968750 0.074218750 0.015625000 0.070312500 0.031250000 0.054687500 0.042968750 0.019531250 0.050781250 0.085937500 0.046875000 0.035156250 0.035156250 0.023437500 0.019531250 0.035156250 0.003906250 0.062500000 0.015625000 0.074218750 0.000000000 0.023437500 0.054687500 0.046875000 0.046875000 0.035156250 0.042968750 0.039062500 0.011718750 0.058593750 0.031250000 0.070312500 0.023437500 0.003906250 0.023437500 0.027343750 0.003906250 0.035156250 0.035156250 0.031250000 0.031250000 0.070312500 0.015625000 0.019531250 0.031250000 0.046875000 0.054687500 0.031250000 0.015625000 0.027343750 0.031250000 0.031250000 0.035156250 0.027343750 0.031250000 0.007812500 0.019531250 0.031250000 0.015625000 0.031250000 0.011718750 0.019531250 0.054687500 0.062500000 0.027343750 0.019531250 0.015625000 0.023437500 0.035156250 0.023437500 0.007812500 0.023437500 0.007812500 0.011718750 0.007812500 0.039062500 0.007812500 0.031250000 0.011718750 0.027343750 0.015625000 0.011718750 0.023437500 0.019531250 0.027343750 0.019531250 0.011718750 0.011718750 0.039062500 0.015625000 0.019531250 0.027343750 0.035156250 0.035156250 0.042968750 0.039062500 0.019531250 0.011718750 0.031250000 0.027343750 0.015625000 0.019531250 0.015625000 0.015625000 0.046875000 0.027343750 0.011718750 0.023437500 0.019531250 0.035156250 0.003906250 0.027343750 0.046875000 0.019531250 0.019531250 0.007812500 0.015625000 0.011718750 0.003906250 0.039062500 0.031250000 0.015625000 0.019531250 0.039062500 0.023437500 0.015625000 0.019531250 0.027343750 0.007812500 0.011718750 0.003906250 0.035156250 0.031250000 0.019531250 0.023437500 0.000000000 0.023437500 0.050781250 0.031250000 0.023437500 0.023437500 0.023437500 0.027343750 0.019531250 0.003906250 0.019531250 0.019531250 0.015625000 0.011718750 0.015625000 0.003906250 0.011718750 0.027343750 0.019531250 0.015625000 0.015625000 0.023437500 0.027343750 0.015625000 0.011718750 0.011718750 0.027343750 0.023437500 0.011718750 0.027343750 0.023437500 0.007812500 0.007812500 0.046875000 0.027343750 0.035156250 0.019531250 0.027343750 0.007812500 0.007812500 0.011718750 0.015625000 0.011718750 0.023437500 0.019531250 0.019531250 0.027343750 0.015625000 0.019531250 0.031250000 0.023437500 0.039062500 0.023437500 0.027343750 0.019531250 0.023437500 0.007812500 0.019531250 0.003906250 0.019531250 
0.480468750 0.136718750 0.117187500 0.105468750 0.339843750 0.078125000 0.113281250 0.382812500 0.246093750 0.832031250 0.359375000 0.214843750 0.175781250 0.109375000 0.066406250 0.136718750 0.140625000 0.152343750 0.246093750 0.425781250 0.210937500 0.125000000 0.132812500 0.101562500 0.089843750 0.062500000 0.082031250 0.132812500 0.128906250 0.078125000 0.144531250 0.097656250 0.039062500 0.164062500 0.078125000 0.113281250 0.042968750 0.058593750 0.023437500 0.058593750 0.015625000 0.035156250 0.023437500 0.023437500 0.121093750 0.078125000 0.035156250 0.089843750 0.101562500 0.105468750 0.117187500 0.007812500 0.003906250 0.027343750 0.031250000 0.019531250 0.070312500 0.023437500 0.070312500 0.019531250 0.062500000 0.031250000 0.074218750 0.023437500 0.058593750 0.058593750 0.042968750 0.074218750 0.011718750 0.050781250 0.046875000 0.070312500 0.039062500 0.054687500 0.035156250 0.031250000 0.035156250 0.027343750 0.007812500 0.046875000 0.031250000 0.058593750 0.019531250 0.019531250 0.035156250 0.078125000 0.035156250 0.027343750 0.019531250 0.035156250 0.031250000 0.023437500 0.070312500 0.023437500 0.050781250 0.015625000 0.023437500 0.046875000 0.019531250 0.019531250 0.058593750 0.027343750 0.027343750 0.054687500 0.015625000 0.015625000 0.023437500 0.035156250 0.082031250 0.003906250 0.011718750 0.023437500 0.011718750 0.027343750 0.011718750 0.007812500 0.019531250 0.019531250 0.011718750 0.042968750 0.011718750 0.023437500 0.011718750 0.023437500 0.042968750 0.074218750 0.042968750 0.035156250 0.019531250 0.019531250 0.031250000 0.011718750 0.007812500 0.027343750 0.003906250 0.011718750 0.011718750 0.039062500 0.011718750 0.031250000 0.027343750 0.054687500 0.015625000 0.019531250 0.019531250 0.019531250 0.035156250 0.011718750 0.003906250 0.011718750 0.019531250 0.027343750 0.027343750 0.019531250 0.035156250 0.046875000 0.023437500 0.046875000 0.027343750 0.035156250 0.007812500 0.003906250 0.015625000 0.015625000 0.007812500 0.015625000 0.039062500 0.042968750 0.027343750 0.007812500 0.003906250 0.035156250 0.011718750 0.007812500 0.042968750 0.031250000 0.011718750 0.007812500 0.007812500 0.023437500 0.019531250 0.031250000 0.011718750 0.027343750 0.039062500 0.035156250 0.027343750 0.027343750 0.031250000 0.015625000 0.011718750 0.027343750 0.027343750 0.011718750 0.039062500 0.015625000 0.023437500 0.019531250 0.027343750 0.039062500 0.062500000 0.007812500 0.039062500 0.015625000 0.011718750 0.007812500 0.019531250 0.031250000 0.015625000 0.027343750 0.023437500 0.015625000 0.027343750 0.031250000 0.011718750 0.015625000 0.007812500 0.015625000 0.003906250 0.039062500 0.000000000 0.011718750 0.023437500 0.027343750 0.011718750 0.023437500 0.007812500 0.015625000 0.003906250 0.007812500 0.023437500 0.011718750 0.035156250 0.023437500 0.031250000 0.007812500 0.023437500 0.007812500 0.027343750 0.019531250 0.023437500 0.019531250 0.027343750 0.015625000 0.023437500 0.011718750 0.019531250 0.003906250 0.007812500 0.039062500 0.003906250 0.035156250 0.015625000 0.007812500 0.011718750 0.015625000 0.003906250 
0.523437500 0.109375000 0.007812500 0.101562500 0.367187500 0.207031250 0.246093750 0.175781250 0.324218750 0.726562500 0.167968750 0.250000000 0.402343750 0.082031250 0.105468750 0.199218750 0.125000000 0.226562500 0.093750000 0.445312500 0.343750000 0.074218750 0.101562500 0.085937500 0.089843750 0.062500000 0.046875000 0.101562500 0.011718750 0.074218750 0.039062500 0.023437500 0.109375000 0.105468750 0.042968750 0.105468750 0.089843750 0.035156250 0.011718750 0.019531250 0.085937500 0.035156250 0.035156250 0.054687500 0.042968750 0.023437500 0.035156250 0.093750000 0.109375000 0.070312500 0.039062500 0.078125000 0.050781250 0.066406250 0.015625000 0.019531250 0.082031250 0.058593750 0.042968750 0.019531250 0.097656250 0.062500000 0.058593750 0.015625000 0.039062500 0.066406250 0.050781250 0.062500000 0.035156250 0.066406250 0.070312500 0.042968750 0.015625000 0.050781250 0.031250000 0.019531250 0.027343750 0.019531250 0.042968750 0.074218750 0.015625000 0.042968750 0.027343750 0.023437500 0.015625000 0.050781250 0.042968750 0.042968750 0.031250000 0.023437500 0.019531250 0.039062500 0.054687500 0.011718750 0.050781250 0.015625000 0.011718750 0.015625000 0.062500000 0.035156250 0.011718750 0.031250000 0.007812500 0.066406250 0.003906250 0.011718750 0.015625000 0.046875000 0.058593750 0.031250000 0.042968750 0.019531250 0.023437500 0.031250000 0.019531250 0.019531250 0.011718750 0.019531250 0.015625000 0.027343750 0.011718750 0.023437500 0.031250000 0.035156250 0.035156250 0.050781250 0.066406250 0.023437500 0.015625000 0.027343750 0.007812500 0.011718750 0.019531250 0.031250000 0.007812500 0.031250000 0.031250000 0.011718750 0.031250000 0.023437500 0.023437500 0.042968750 0.031250000 0.011718750 0.007812500 0.031250000 0.023437500 0.019531250 0.019531250 0.003906250 0.011718750 0.015625000 0.027343750 0.007812500 0.035156250 0.062500000 0.007812500 0.046875000 0.050781250 0.007812500 0.035156250 0.011718750 0.011718750 0.007812500 0.007812500 0.027343750 0.015625000 0.027343750 0.042968750 0.015625000 0.003906250 0.027343750 0.027343750 0.003906250 0.035156250 0.042968750 0.027343750 0.019531250 0.027343750 0.046875000 0.007812500 0.027343750 0.023437500 0.015625000 0.023437500 0.015625000 0.042968750 0.027343750 0.019531250 0.027343750 0.019531250 0.031250000 0.027343750 0.007812500 0.039062500 0.011718750 0.015625000 0.031250000 0.023437500 0.027343750 0.054687500 0.011718750 0.023437500 0.011718750 0.027343750 0.015625000 0.003906250 0.039062500 0.015625000 0.019531250 0.035156250 0.039062500 0.023437500 0.019531250 0.015625000 0.015625000 0.019531250 0.003906250 0.007812500 0.031250000 0.011718750 0.007812500 0.042968750 0.019531250 0.019531250 0.023437500 0.007812500 0.007812500 0.027343750 0.027343750 0.015625000 0.015625000 0.027343750 0.023437500 0.003906250 0.023437500 0.027343750 0.031250000 0.007812500 0.019531250 0.015625000 0.027343750 0.019531250 0.015625000 0.035156250 0.027343750 0.015625000 0.027343750 0.027343750 0.031250000 0.007812500 0.015625000 0.011718750 0.035156250 0.019531250 0.019531250 0.000000000 
0.593750000 0.183593750 0.136718750 0.203125000 0.179687500 0.195312500 0.281250000 0.335937500 0.488281250 0.511718750 0.140625000 0.250000000 0.257812500 0.195312500 0.164062500 0.242187500 0.183593750 0.164062500 0.054687500 0.582031250 0.250000000 0.039062500 0.070312500 0.105468750 0.101562500 0.117187500 0.023437500 0.152343750 0.007812500 0.039062500 0.070312500 0.097656250 0.097656250 0.074218750 0.054687500 0.074218750 0.019531250 0.097656250 0.089843750 0.097656250 0.039062500 0.085937500 0.105468750 0.007812500 0.007812500 0.046875000 0.003906250 0.046875000 0.105468750 0.027343750 0.031250000 0.082031250 0.019531250 0.082031250 0.011718750 0.023437500 0.058593750 0.082031250 0.027343750 0.015625000 0.125000000 0.027343750 0.042968750 0.046875000 0.023437500 0.058593750 0.050781250 0.042968750 0.058593750 0.019531250 0.027343750 0.042968750 0.070312500 0.023437500 0.011718750 0.046875000 0.023437500 0.042968750 0.039062500 0.046875000 0.039062500 0.031250000 0.019531250 0.023437500 0.039062500 0.046875000 0.035156250 0.074218750 0.003906250 0.039062500 0.023437500 0.042968750 0.035156250 0.054687500 0.039062500 0.003906250 0.023437500 0.042968750 0.019531250 0.050781250 0.031250000 0.054687500 0.023437500 0.050781250 0.015625000 0.011718750 0.019531250 0.019531250 0.011718750 0.039062500 0.039062500 0.011718750 0.019531250 0.027343750 0.027343750 0.007812500 0.007812500 0.011718750 0.035156250 0.027343750 0.019531250 0.050781250 0.023437500 0.023437500 0.003906250 0.039062500 0.062500000 0.039062500 0.023437500 0.023437500 0.019531250 0.031250000 0.003906250 0.015625000 0.027343750 0.007812500 0.039062500 0.011718750 0.023437500 0.011718750 0.042968750 0.039062500 0.023437500 0.007812500 0.011718750 0.023437500 0.031250000 0.023437500 0.003906250 0.011718750 0.023437500 0.035156250 0.003906250 0.011718750 0.023437500 0.031250000 0.027343750 0.039062500 0.058593750 0.015625000 0.035156250 0.003906250 0.011718750 0.011718750 0.007812500 0.003906250 0.035156250 0.011718750 0.027343750 0.023437500 0.007812500 0.023437500 0.031250000 0.019531250 0.019531250 0.019531250 0.015625000 0.027343750 0.039062500 0.042968750 0.011718750 0.046875000 0.003906250 0.019531250 0.027343750 0.019531250 0.011718750 0.042968750 0.019531250 0.027343750 0.031250000 0.027343750 0.023437500 0.031250000 0.011718750 0.019531250 0.003906250 0.031250000 0.023437500 0.015625000 0.035156250 0.019531250 0.023437500 0.003906250 0.015625000 0.019531250 0.015625000 0.046875000 0.015625000 0.015625000 0.027343750 0.046875000 0.003906250 0.015625000 0.019531250 0.015625000 0.011718750 0.027343750 0.031250000 0.027343750 0.027343750 0.031250000 0.042968750 0.035156250 0.031250000 0.031250000 0.019531250 0.011718750 0.035156250 0.023437500 0.019531250 0.019531250 0.027343750 0.019531250 0.003906250 0.019531250 0.027343750 0.046875000 0.035156250 0.027343750 0.015625000 0.007812500 0.011718750 0.019531250 0.019531250 0.035156250 0.023437500 0.019531250 0.019531250 0.019531250 0.023437500 0.015625000 0.003906250 0.039062500 0.031250000 0.007812500 0.007812500 
0.113281250 0.222656250 0.132812500 0.101562500 0.343750000 0.230468750 0.343750000 0.085937500 0.500000000 0.429687500 0.242187500 0.289062500 0.070312500 0.242187500 0.082031250 0.246093750 0.132812500 0.132812500 0.226562500 0.488281250 0.078125000 0.101562500 0.039062500 0.175781250 0.042968750 0.203125000 0.058593750 0.132812500 0.042968750 0.078125000 0.097656250 0.039062500 0.113281250 0.062500000 0.058593750 0.019531250 0.042968750 0.085937500 0.011718750 0.121093750 0.023437500 0.085937500 0.050781250 0.082031250 0.082031250 0.027343750 0.046875000 0.050781250 0.093750000 0.019531250 0.039062500 0.117187500 0.027343750 0.089843750 0.019531250 0.042968750 0.070312500 0.066406250 0.046875000 0.050781250 0.089843750 0.050781250 0.058593750 0.027343750 0.027343750 0.031250000 0.015625000 0.054687500 0.042968750 0.035156250 0.042968750 0.042968750 0.085937500 0.042968750 0.015625000 0.062500000 0.027343750 0.062500000 0.050781250 0.031250000 0.050781250 0.027343750 0.007812500 0.003906250 0.015625000 0.039062500 0.042968750 0.062500000 0.007812500 0.035156250 0.023437500 0.027343750 0.042968750 0.031250000 0.007812500 0.039062500 0.019531250 0.054687500 0.007812500 0.066406250 0.007812500 0.066406250 0.023437500 0.058593750 0.019531250 0.023437500 0.003906250 0.011718750 0.031250000 0.007812500 0.035156250 0.046875000 0.027343750 0.019531250 0.007812500 0.019531250 0.023437500 0.019531250 0.011718750 0.015625000 0.031250000 0.039062500 0.035156250 0.031250000 0.031250000 0.054687500 0.015625000 0.019531250 0.027343750 0.035156250 0.019531250 0.027343750 0.011718750 0.027343750 0.046875000 0.019531250 0.023437500 0.023437500 0.031250000 0.039062500 0.011718750 0.023437500 0.027343750 0.011718750 0.019531250 0.031250000 0.046875000 0.019531250 0.003906250 0.031250000 0.042968750 0.011718750 0.015625000 0.023437500 0.023437500 0.019531250 0.011718750 0.042968750 0.039062500 0.050781250 0.035156250 0.019531250 0.015625000 0.023437500 0.023437500 0.019531250 0.003906250 0.050781250 0.027343750 0.015625000 0.007812500 0.011718750 0.019531250 0.003906250 0.035156250 0.019531250 0.023437500 0.050781250 0.039062500 0.031250000 0.019531250 0.027343750 0.015625000 0.003906250 0.031250000 0.003906250 0.015625000 0.039062500 0.015625000 0.019531250 0.042968750 0.003906250 0.011718750 0.027343750 0.042968750 0.027343750 0.011718750 0.031250000 0.015625000 0.011718750 0.007812500 0.007812500 0.019531250 0.019531250 0.027343750 0.035156250 0.015625000 0.039062500 0.023437500 0.015625000 0.019531250 0.035156250 0.027343750 0.015625000 0.015625000 0.015625000 0.003906250 0.003906250 0.054687500 0.046875000 0.023437500 0.027343750 0.042968750 0.039062500 0.023437500 0.042968750 0.023437500 0.011718750 0.039062500 0.035156250 0.027343750 0.015625000 0.027343750 0.023437500 0.011718750 0.027343750 0.015625000 0.042968750 0.039062500 0.019531250 0.015625000 0.007812500 0.015625000 0.019531250 0.011718750 0.035156250 0.035156250 0.015625000 0.003906250 0.023437500 0.019531250 0.027343750 0.007812500 0.039062500 0.023437500 0.015625000 0.019531250 
0.222656250 0.222656250 0.128906250 0.093750000 0.261718750 0.324218750 0.230468750 0.285156250 0.207031250 0.644531250 0.191406250 0.230468750 0.281250000 0.148437500 0.222656250 0.351562500 0.222656250 0.253906250 0.136718750 0.421875000 0.101562500 0.074218750 0.097656250 0.105468750 0.007812500 0.144531250 0.148437500 0.070312500 0.042968750 0.015625000 0.050781250 0.074218750 0.109375000 0.058593750 0.109375000 0.019531250 0.015625000 0.105468750 0.058593750 0.085937500 0.070312500 0.066406250 0.035156250 0.097656250 0.039062500 0.070312500 0.046875000 0.015625000 0.078125000 0.035156250 0.031250000 0.058593750 0.074218750 0.066406250 0.023437500 0.070312500 0.031250000 0.019531250 0.023437500 0.058593750 0.074218750 0.062500000 0.027343750 0.039062500 0.054687500 0.007812500 0.035156250 0.035156250 0.066406250 0.054687500 0.058593750 0.062500000 0.082031250 0.042968750 0.019531250 0.062500000 0.015625000 0.070312500 0.027343750 0.011718750 0.042968750 0.027343750 0.031250000 0.035156250 0.015625000 0.046875000 0.046875000 0.042968750 0.023437500 0.031250000 0.019531250 0.015625000 0.062500000 0.003906250 0.031250000 0.023437500 0.019531250 0.031250000 0.050781250 0.015625000 0.023437500 0.062500000 0.039062500 0.039062500 0.019531250 0.011718750 0.023437500 0.042968750 0.003906250 0.027343750 0.015625000 0.023437500 0.015625000 0.031250000 0.007812500 0.007812500 0.019531250 0.003906250 0.023437500 0.023437500 0.019531250 0.007812500 0.035156250 0.046875000 0.023437500 0.042968750 0.011718750 0.019531250 0.042968750 0.019531250 0.007812500 0.035156250 0.015625000 0.031250000 0.050781250 0.011718750 0.007812500 0.035156250 0.019531250 0.042968750 0.039062500 0.031250000 0.003906250 0.011718750 0.015625000 0.019531250 0.031250000 0.035156250 0.019531250 0.015625000 0.031250000 0.031250000 0.031250000 0.023437500 0.019531250 0.015625000 0.003906250 0.039062500 0.035156250 0.035156250 0.007812500 0.042968750 0.031250000 0.015625000 0.042968750 0.019531250 0.019531250 0.035156250 0.027343750 0.019531250 0.011718750 0.015625000 0.007812500 0.011718750 0.039062500 0.039062500 0.019531250 0.023437500 0.007812500 0.027343750 0.011718750 0.023437500 0.019531250 0.007812500 0.027343750 0.007812500 0.007812500 0.046875000 0.015625000 0.019531250 0.015625000 0.023437500 0.015625000 0.031250000 0.062500000 0.027343750 0.031250000 0.031250000 0.015625000 0.023437500 0.007812500 0.015625000 0.031250000 0.015625000 0.039062500 0.023437500 0.015625000 0.031250000 0.007812500 0.003906250 0.023437500 0.019531250 0.023437500 0.011718750 0.019531250 0.019531250 0.011718750 0.015625000 0.039062500 0.046875000 0.042968750 0.007812500 0.031250000 0.046875000 0.027343750 0.031250000 0.031250000 0.003906250 0.031250000 0.019531250 0.015625000 0.011718750 0.019531250 0.023437500 0.015625000 0.019531250 0.031250000 0.031250000 0.046875000 0.039062500 0.015625000 0.007812500 0.011718750 0.003906250 0.023437500 0.003906250 0.007812500 0.019531250 0.011718750 0.015625000 0.019531250 0.023437500 0.031250000 0.011718750 0.015625000 0.031250000 0.027343750 
0.671875000 0.167968750 0.136718750 0.203125000 0.246093750 0.125000000 0.316406250 0.507812500 0.316406250 0.738281250 0.476562500 0.347656250 0.273437500 0.246093750 0.109375000 0.500000000 0.371093750 0.320312500 0.121093750 0.281250000 0.277343750 0.187500000 0.234375000 0.160156250 0.027343750 0.128906250 0.140625000 0.175781250 0.289062500 0.375000000 0.398437500 0.429687500 0.531250000 0.492187500 0.562500000 0.371093750 0.347656250 0.230468750 0.218750000 0.179687500 0.121093750 0.062500000 0.027343750 0.148437500 0.089843750 0.054687500 0.046875000 0.058593750 0.085937500 0.078125000 0.050781250 0.074218750 0.113281250 0.101562500 0.050781250 0.074218750 0.031250000 0.058593750 0.085937500 0.039062500 0.039062500 0.062500000 0.015625000 0.023437500 0.046875000 0.039062500 0.046875000 0.046875000 0.113281250 0.046875000 0.160156250 0.085937500 0.031250000 0.125000000 0.042968750 0.015625000 0.050781250 0.015625000 0.050781250 0.035156250 0.039062500 0.023437500 0.058593750 0.039062500 0.023437500 0.023437500 0.019531250 0.027343750 0.011718750 0.027343750 0.031250000 0.003906250 0.046875000 0.007812500 0.027343750 0.011718750 0.042968750 0.000000000 0.011718750 0.050781250 0.078125000 0.023437500 0.011718750 0.039062500 0.019531250 0.007812500 0.031250000 0.031250000 0.011718750 0.023437500 0.039062500 0.011718750 0.015625000 0.046875000 0.015625000 0.011718750 0.027343750 0.027343750 0.007812500 0.011718750 0.007812500 0.015625000 0.011718750 0.050781250 0.042968750 0.046875000 0.003906250 0.031250000 0.046875000 0.015625000 0.011718750 0.019531250 0.015625000 0.023437500 0.066406250 0.035156250 0.011718750 0.046875000 0.039062500 0.042968750 0.027343750 0.042968750 0.027343750 0.035156250 0.007812500 0.011718750 0.035156250 0.039062500 0.015625000 0.007812500 0.015625000 0.039062500 0.027343750 0.023437500 0.046875000 0.023437500 0.019531250 0.019531250 0.054687500 0.019531250 0.027343750 0.027343750 0.023437500 0.027343750 0.023437500 0.027343750 0.050781250 0.011718750 0.035156250 0.046875000 0.046875000 0.062500000 0.035156250 0.046875000 0.062500000 0.105468750 0.046875000 0.023437500 0.054687500 0.042968750 0.042968750 0.031250000 0.007812500 0.031250000 0.035156250 0.054687500 0.042968750 0.082031250 0.054687500 0.054687500 0.046875000 0.058593750 0.027343750 0.062500000 0.062500000 0.039062500 0.003906250 0.007812500 0.015625000 0.042968750 0.027343750 0.031250000 0.035156250 0.031250000 0.015625000 0.027343750 0.015625000 0.023437500 0.023437500 0.035156250 0.031250000 0.035156250 0.078125000 0.062500000 0.019531250 0.035156250 0.027343750 0.042968750 0.078125000 0.066406250 0.058593750 0.078125000 0.074218750 0.031250000 0.050781250 0.031250000 0.042968750 0.019531250 0.023437500 0.035156250 0.019531250 0.015625000 0.015625000 0.027343750 0.035156250 0.000000000 0.023437500 0.027343750 0.023437500 0.019531250 0.023437500 0.023437500 0.011718750 0.015625000 0.023437500 0.019531250 0.019531250 0.011718750 0.007812500 0.015625000 0.023437500 0.027343750 0.019531250 0.003906250 0.015625000 0.039062500 0.015625000 
0.890625000 0.175781250 0.332031250 0.535156250 0.937500000 0.742187500 0.386718750 0.730468750 1.175781250 2.335937500 1.464843750 0.667968750 1.191406250 1.167968750 0.882812500 1.785156250 2.402343750 3.734375000 3.578125000 2.332031250 2.761718750 3.308593750 3.300781250 2.445312500 0.781250000 0.773437500 1.101562500 0.964843750 1.125000000 0.707031250 0.710937500 0.496093750 1.289062500 2.031250000 1.800781250 0.785156250 0.125000000 0.132812500 0.386718750 0.421875000 0.226562500 0.074218750 0.132812500 0.046875000 0.093750000 0.085937500 0.066406250 0.093750000 0.109375000 0.175781250 0.140625000 0.167968750 0.183593750 0.105468750 0.062500000 0.062500000 0.066406250 0.054687500 0.042968750 0.070312500 0.101562500 0.113281250 0.046875000 0.054687500 0.105468750 0.078125000 0.015625000 0.171875000 0.257812500 0.203125000 0.164062500 0.226562500 0.058593750 0.089843750 0.050781250 0.035156250 0.007812500 0.027343750 0.039062500 0.046875000 0.031250000 0.019531250 0.066406250 0.031250000 0.019531250 0.058593750 0.035156250 0.015625000 0.031250000 0.050781250 0.007812500 0.031250000 0.042968750 0.058593750 0.042968750 0.031250000 0.046875000 0.035156250 0.039062500 0.054687500 0.050781250 0.007812500 0.015625000 0.031250000 0.015625000 0.007812500 0.027343750 0.031250000 0.011718750 0.023437500 0.039062500 0.011718750 0.011718750 0.046875000 0.007812500 0.027343750 0.019531250 0.027343750 0.015625000 0.015625000 0.003906250 0.007812500 0.042968750 0.019531250 0.011718750 0.031250000 0.003906250 0.039062500 0.050781250 0.019531250 0.019531250 0.031250000 0.042968750 0.039062500 0.015625000 0.042968750 0.031250000 0.027343750 0.054687500 0.046875000 0.023437500 0.074218750 0.035156250 0.042968750 0.023437500 0.019531250 0.039062500 0.046875000 0.019531250 0.007812500 0.023437500 0.015625000 0.019531250 0.015625000 0.085937500 0.027343750 0.062500000 0.039062500 0.023437500 0.054687500 0.011718750 0.058593750 0.089843750 0.089843750 0.074218750 0.054687500 0.125000000 0.089843750 0.019531250 0.070312500 0.066406250 0.171875000 0.171875000 0.101562500 0.101562500 0.203125000 0.074218750 0.031250000 0.050781250 0.082031250 0.164062500 0.070312500 0.085937500 0.121093750 0.070312500 0.027343750 0.085937500 0.191406250 0.214843750 0.093750000 0.109375000 0.191406250 0.152343750 0.132812500 0.085937500 0.082031250 0.003906250 0.003906250 0.007812500 0.031250000 0.058593750 0.078125000 0.039062500 0.054687500 0.062500000 0.042968750 0.031250000 0.039062500 0.023437500 0.066406250 0.058593750 0.027343750 0.117187500 0.058593750 0.074218750 0.085937500 0.042968750 0.078125000 0.039062500 0.097656250 0.136718750 0.011718750 0.113281250 0.109375000 0.058593750 0.019531250 0.007812500 0.062500000 0.078125000 0.019531250 0.046875000 0.046875000 0.015625000 0.042968750 0.042968750 0.023437500 0.003906250 0.035156250 0.015625000 0.054687500 0.015625000 0.035156250 0.023437500 0.011718750 0.019531250 0.039062500 0.011718750 0.015625000 0.046875000 0.039062500 0.015625000 0.019531250 0.039062500 0.035156250 0.042968750 0.011718750 0.023437500 
0.812500000 0.015625000 0.195312500 0.308593750 1.925781250 1.433593750 0.785156250 1.160156250 2.773437500 2.195312500 0.898437500 0.140625000 0.296875000 1.175781250 0.976562500 1.667968750 4.828125000 6.207031250 3.238281250 7.000000000 5.816406250 10.105468750 3.863281250 2.109375000 1.542968750 2.160156250 1.000000000 0.769531250 0.664062500 1.785156250 1.433593750 1.820312500 1.992187500 2.007812500 3.382812500 1.941406250 1.191406250 0.929687500 0.839843750 0.421875000 0.441406250 0.347656250 0.125000000 0.191406250 0.191406250 0.183593750 0.257812500 0.402343750 0.398437500 0.410156250 0.070312500 0.273437500 0.234375000 0.230468750 0.136718750 0.175781250 0.156250000 0.273437500 0.160156250 0.062500000 0.214843750 0.156250000 0.152343750 0.121093750 0.128906250 0.265625000 0.226562500 0.187500000 0.414062500 0.371093750 0.308593750 0.179687500 0.242187500 0.097656250 0.109375000 0.105468750 0.066406250 0.113281250 0.156250000 0.113281250 0.109375000 0.113281250 0.128906250 0.128906250 0.136718750 0.195312500 0.105468750 0.078125000 0.074218750 0.097656250 0.082031250 0.136718750 0.082031250 0.144531250 0.121093750 0.062500000 0.097656250 0.046875000 0.097656250 0.121093750 0.132812500 0.121093750 0.089843750 0.078125000 0.125000000 0.121093750 0.109375000 0.062500000 0.070312500 0.085937500 0.105468750 0.101562500 0.058593750 0.074218750 0.113281250 0.125000000 0.078125000 0.097656250 0.105468750 0.062500000 0.101562500 0.121093750 0.039062500 0.066406250 0.093750000 0.085937500 0.062500000 0.093750000 0.070312500 0.062500000 0.074218750 0.070312500 0.062500000 0.074218750 0.058593750 0.101562500 0.062500000 0.105468750 0.148437500 0.042968750 0.097656250 0.093750000 0.070312500 0.046875000 0.085937500 0.031250000 0.035156250 0.121093750 0.054687500 0.070312500 0.085937500 0.089843750 0.101562500 0.078125000 0.078125000 0.089843750 0.093750000 0.101562500 0.097656250 0.042968750 0.070312500 0.070312500 0.062500000 0.183593750 0.132812500 0.156250000 0.265625000 0.304687500 0.062500000 0.144531250 0.304687500 0.375000000 0.019531250 0.109375000 0.093750000 0.320312500 0.117187500 0.117187500 0.101562500 0.140625000 0.074218750 0.085937500 0.070312500 0.210937500 0.160156250 0.128906250 0.207031250 0.113281250 0.257812500 0.117187500 0.222656250 0.285156250 0.097656250 0.039062500 0.125000000 0.175781250 0.066406250 0.042968750 0.054687500 0.031250000 0.042968750 0.101562500 0.050781250 0.164062500 0.082031250 0.089843750 0.082031250 0.023437500 0.031250000 0.109375000 0.019531250 0.070312500 0.195312500 0.042968750 0.039062500 0.089843750 0.074218750 0.058593750 0.066406250 0.093750000 0.203125000 0.109375000 0.035156250 0.257812500 0.058593750 0.074218750 0.031250000 0.105468750 0.089843750 0.023437500 0.082031250 0.015625000 0.062500000 0.046875000 0.089843750 0.023437500 0.046875000 0.031250000 0.058593750 0.093750000 0.074218750 0.039062500 0.023437500 0.035156250 0.015625000 0.070312500 0.039062500 0.066406250 0.101562500 0.050781250 0.058593750 0.035156250 0.035156250 0.097656250 0.066406250 0.050781250 0.085937500 
0.367187500 0.351562500 0.156250000 0.261718750 2.625000000 1.132812500 0.769531250 0.746093750 3.929687500 1.367187500 1.117187500 1.457031250 1.664062500 0.707031250 0.902343750 1.441406250 6.781250000 4.886718750 5.636718750 11.550781250 14.359375000 7.886718750 6.101562500 2.621093750 2.738281250 0.433593750 0.324218750 0.664062500 1.839843750 0.718750000 0.695312500 1.269531250 2.527343750 0.945312500 5.367187500 0.761718750 2.414062500 0.859375000 1.207031250 0.332031250 0.390625000 0.117187500 0.332031250 0.132812500 0.066406250 0.136718750 0.207031250 0.164062500 0.121093750 0.304687500 0.199218750 0.054687500 0.335937500 0.164062500 0.085937500 0.132812500 0.195312500 0.039062500 0.183593750 0.019531250 0.066406250 0.054687500 0.078125000 0.074218750 0.136718750 0.128906250 0.105468750 0.242187500 0.433593750 0.292968750 0.562500000 0.109375000 0.085937500 0.089843750 0.042968750 0.078125000 0.144531250 0.085937500 0.039062500 0.019531250 0.074218750 0.042968750 0.015625000 0.023437500 0.042968750 0.062500000 0.054687500 0.050781250 0.039062500 0.089843750 0.042968750 0.082031250 0.035156250 0.046875000 0.046875000 0.085937500 0.082031250 0.062500000 0.105468750 0.007812500 0.066406250 0.074218750 0.050781250 0.054687500 0.046875000 0.035156250 0.015625000 0.019531250 0.023437500 0.042968750 0.031250000 0.015625000 0.039062500 0.015625000 0.042968750 0.023437500 0.031250000 0.050781250 0.007812500 0.015625000 0.042968750 0.023437500 0.054687500 0.015625000 0.019531250 0.019531250 0.015625000 0.019531250 0.031250000 0.011718750 0.007812500 0.019531250 0.003906250 0.035156250 0.039062500 0.035156250 0.023437500 0.023437500 0.128906250 0.035156250 0.023437500 0.054687500 0.058593750 0.019531250 0.023437500 0.039062500 0.058593750 0.031250000 0.039062500 0.011718750 0.035156250 0.007812500 0.035156250 0.039062500 0.101562500 0.039062500 0.031250000 0.015625000 0.066406250 0.027343750 0.003906250 0.039062500 0.117187500 0.167968750 0.039062500 0.121093750 0.375000000 0.281250000 0.152343750 0.078125000 0.355468750 0.320312500 0.093750000 0.085937500 0.230468750 0.265625000 0.148437500 0.175781250 0.093750000 0.093750000 0.097656250 0.042968750 0.140625000 0.191406250 0.121093750 0.101562500 0.179687500 0.246093750 0.292968750 0.199218750 0.261718750 0.402343750 0.007812500 0.101562500 0.187500000 0.078125000 0.093750000 0.058593750 0.019531250 0.058593750 0.035156250 0.117187500 0.101562500 0.070312500 0.097656250 0.066406250 0.140625000 0.039062500 0.023437500 0.093750000 0.019531250 0.093750000 0.117187500 0.089843750 0.078125000 0.062500000 0.054687500 0.109375000 0.050781250 0.210937500 0.125000000 0.132812500 0.093750000 0.167968750 0.054687500 0.058593750 0.023437500 0.074218750 0.070312500 0.062500000 0.039062500 0.050781250 0.046875000 0.035156250 0.015625000 0.023437500 0.035156250 0.035156250 0.019531250 0.066406250 0.046875000 0.011718750 0.027343750 0.007812500 0.019531250 0.031250000 0.046875000 0.058593750 0.046875000 0.046875000 0.042968750 0.023437500 0.050781250 0.046875000 0.035156250 0.031250000 0.007812500 
0.003906250 0.441406250 0.574218750 0.789062500 3.941406250 0.925781250 0.800781250 1.726562500 4.781250000 2.128906250 0.769531250 1.136718750 1.058593750 0.550781250 0.816406250 2.074218750 7.394531250 6.343750000 6.312500000 6.441406250 18.164062500 7.195312500 7.175781250 2.636718750 2.742187500 1.054687500 0.886718750 0.460937500 1.550781250 1.058593750 1.480468750 1.683593750 0.910156250 3.562500000 8.359375000 3.507812500 0.929687500 0.886718750 0.621093750 0.824218750 0.851562500 0.535156250 0.558593750 0.699218750 0.527343750 0.480468750 0.390625000 0.519531250 0.714843750 0.531250000 0.535156250 0.578125000 0.406250000 0.367187500 0.445312500 0.429687500 0.273437500 0.296875000 0.296875000 0.402343750 0.277343750 0.386718750 0.316406250 0.300781250 0.230468750 0.277343750 0.273437500 0.539062500 0.125000000 0.167968750 0.250000000 0.566406250 0.503906250 0.160156250 0.183593750 0.183593750 0.312500000 0.156250000 0.195312500 0.171875000 0.246093750 0.242187500 0.214843750 0.160156250 0.156250000 0.230468750 0.261718750 0.191406250 0.171875000 0.261718750 0.195312500 0.156250000 0.160156250 0.207031250 0.179687500 0.214843750 0.132812500 0.242187500 0.234375000 0.152343750 0.121093750 0.238281250 0.152343750 0.187500000 0.183593750 0.113281250 0.160156250 0.144531250 0.164062500 0.167968750 0.171875000 0.132812500 0.117187500 0.171875000 0.171875000 0.152343750 0.160156250 0.140625000 0.121093750 0.152343750 0.179687500 0.132812500 0.132812500 0.136718750 0.121093750 0.140625000 0.160156250 0.125000000 0.101562500 0.125000000 0.093750000 0.128906250 0.132812500 0.082031250 0.105468750 0.113281250 0.078125000 0.066406250 0.097656250 0.187500000 0.214843750 0.128906250 0.144531250 0.128906250 0.128906250 0.144531250 0.156250000 0.121093750 0.148437500 0.132812500 0.105468750 0.105468750 0.140625000 0.144531250 0.179687500 0.140625000 0.101562500 0.109375000 0.156250000 0.113281250 0.125000000 0.132812500 0.250000000 0.148437500 0.148437500 0.144531250 0.449218750 0.105468750 0.113281250 0.253906250 0.425781250 0.242187500 0.304687500 0.140625000 0.175781250 0.265625000 0.203125000 0.292968750 0.093750000 0.218750000 0.277343750 0.203125000 0.199218750 0.289062500 0.312500000 0.246093750 0.199218750 0.199218750 0.554687500 0.148437500 0.417968750 0.281250000 0.136718750 0.066406250 0.242187500 0.148437500 0.175781250 0.179687500 0.148437500 0.125000000 0.144531250 0.117187500 0.250000000 0.105468750 0.203125000 0.132812500 0.246093750 0.093750000 0.164062500 0.093750000 0.148437500 0.062500000 0.097656250 0.234375000 0.148437500 0.054687500 0.109375000 0.121093750 0.121093750 0.207031250 0.070312500 0.386718750 0.148437500 0.207031250 0.093750000 0.152343750 0.160156250 0.140625000 0.132812500 0.050781250 0.152343750 0.140625000 0.109375000 0.078125000 0.085937500 0.121093750 0.089843750 0.093750000 0.023437500 0.105468750 0.136718750 0.121093750 0.070312500 0.074218750 0.093750000 0.121093750 0.082031250 0.144531250 0.109375000 0.105468750 0.101562500 0.113281250 0.117187500 0.136718750 0.105468750 0.117187500 0.105468750 
0.320312500 0.617187500 0.609375000 0.871093750 4.105468750 0.839843750 0.398437500 0.792968750 3.585937500 4.253906250 1.242187500 0.648437500 1.246093750 2.597656250 2.484375000 2.953125000 6.316406250 10.453125000 2.378906250 7.742187500 9.066406250 16.515625000 4.472656250 5.148437500 2.148437500 1.636718750 0.738281250 0.835937500 0.519531250 0.199218750 1.808593750 1.808593750 0.968750000 5.722656250 10.058593750 0.886718750 0.429687500 0.265625000 1.164062500 0.550781250 0.710937500 0.984375000 0.390625000 0.527343750 0.453125000 0.382812500 0.437500000 0.531250000 0.386718750 0.339843750 0.558593750 0.109375000 0.246093750 0.277343750 0.234375000 0.363281250 0.257812500 0.265625000 0.230468750 0.433593750 0.273437500 0.199218750 0.246093750 0.093750000 0.289062500 0.320312500 0.117187500 0.425781250 0.507812500 0.160156250 0.269531250 0.402343750 0.585937500 0.308593750 0.183593750 0.214843750 0.207031250 0.296875000 0.253906250 0.261718750 0.183593750 0.226562500 0.195312500 0.207031250 0.164062500 0.234375000 0.171875000 0.156250000 0.195312500 0.140625000 0.226562500 0.175781250 0.183593750 0.167968750 0.125000000 0.222656250 0.191406250 0.105468750 0.160156250 0.203125000 0.117187500 0.226562500 0.191406250 0.136718750 0.152343750 0.195312500 0.164062500 0.148437500 0.152343750 0.132812500 0.160156250 0.121093750 0.164062500 0.175781250 0.156250000 0.179687500 0.148437500 0.164062500 0.191406250 0.113281250 0.144531250 0.125000000 0.113281250 0.171875000 0.144531250 0.136718750 0.152343750 0.109375000 0.148437500 0.156250000 0.117187500 0.117187500 0.136718750 0.117187500 0.113281250 0.105468750 0.070312500 0.175781250 0.109375000 0.175781250 0.132812500 0.140625000 0.105468750 0.167968750 0.128906250 0.082031250 0.117187500 0.148437500 0.078125000 0.121093750 0.109375000 0.109375000 0.109375000 0.144531250 0.101562500 0.128906250 0.121093750 0.117187500 0.042968750 0.078125000 0.019531250 0.046875000 0.152343750 0.023437500 0.273437500 0.125000000 0.453125000 0.183593750 0.472656250 0.261718750 0.464843750 0.132812500 0.214843750 0.035156250 0.105468750 0.242187500 0.085937500 0.250000000 0.097656250 0.257812500 0.132812500 0.265625000 0.191406250 0.128906250 0.167968750 0.199218750 0.132812500 0.207031250 0.457031250 0.097656250 0.242187500 0.324218750 0.207031250 0.097656250 0.175781250 0.121093750 0.011718750 0.183593750 0.089843750 0.054687500 0.125000000 0.113281250 0.175781250 0.132812500 0.203125000 0.140625000 0.250000000 0.089843750 0.007812500 0.062500000 0.082031250 0.105468750 0.058593750 0.187500000 0.089843750 0.214843750 0.218750000 0.070312500 0.160156250 0.257812500 0.167968750 0.152343750 0.289062500 0.136718750 0.054687500 0.082031250 0.113281250 0.046875000 0.125000000 0.101562500 0.070312500 0.082031250 0.109375000 0.089843750 0.070312500 0.109375000 0.082031250 0.109375000 0.054687500 0.136718750 0.085937500 0.097656250 0.062500000 0.109375000 0.113281250 0.136718750 0.097656250 0.082031250 0.066406250 0.078125000 0.070312500 0.109375000 0.078125000 0.078125000 0.066406250 0.085937500 0.093750000 
0.207031250 0.285156250 0.406250000 0.527343750 3.671875000 1.582031250 1.277343750 1.832031250 4.792968750 2.992187500 1.230468750 0.757812500 0.562500000 1.328125000 0.417968750 1.046875000 2.250000000 15.660156250 4.132812500 2.515625000 4.312500000 17.117187500 1.160156250 1.347656250 1.890625000 1.855468750 0.539062500 0.578125000 1.121093750 0.550781250 2.082031250 1.046875000 2.410156250 5.277343750 12.027343750 3.261718750 1.097656250 0.175781250 1.015625000 0.515625000 0.371093750 0.578125000 0.726562500 0.316406250 0.171875000 0.203125000 0.199218750 0.214843750 0.156250000 0.277343750 0.363281250 0.281250000 0.167968750 0.183593750 0.042968750 0.160156250 0.085937500 0.113281250 0.144531250 0.234375000 0.214843750 0.140625000 0.117187500 0.097656250 0.234375000 0.140625000 0.242187500 0.503906250 0.523437500 0.351562500 0.117187500 0.433593750 0.390625000 0.105468750 0.105468750 0.035156250 0.007812500 0.023437500 0.082031250 0.042968750 0.058593750 0.058593750 0.082031250 0.054687500 0.046875000 0.015625000 0.050781250 0.019531250 0.007812500 0.039062500 0.070312500 0.015625000 0.015625000 0.035156250 0.039062500 0.058593750 0.019531250 0.132812500 0.015625000 0.082031250 0.074218750 0.042968750 0.074218750 0.042968750 0.066406250 0.035156250 0.027343750 0.031250000 0.023437500 0.019531250 0.035156250 0.015625000 0.058593750 0.074218750 0.039062500 0.062500000 0.035156250 0.003906250 0.074218750 0.050781250 0.015625000 0.039062500 0.054687500 0.039062500 0.027343750 0.007812500 0.007812500 0.054687500 0.042968750 0.027343750 0.011718750 0.007812500 0.035156250 0.054687500 0.027343750 0.019531250 0.089843750 0.066406250 0.042968750 0.179687500 0.062500000 0.078125000 0.117187500 0.042968750 0.070312500 0.050781250 0.039062500 0.046875000 0.050781250 0.027343750 0.027343750 0.019531250 0.007812500 0.054687500 0.027343750 0.015625000 0.082031250 0.054687500 0.074218750 0.113281250 0.046875000 0.109375000 0.050781250 0.179687500 0.214843750 0.203125000 0.382812500 0.246093750 0.324218750 0.253906250 0.417968750 0.312500000 0.031250000 0.179687500 0.203125000 0.093750000 0.238281250 0.074218750 0.140625000 0.042968750 0.343750000 0.121093750 0.113281250 0.117187500 0.148437500 0.191406250 0.105468750 0.238281250 0.640625000 0.164062500 0.226562500 0.164062500 0.226562500 0.234375000 0.058593750 0.078125000 0.121093750 0.054687500 0.058593750 0.093750000 0.136718750 0.109375000 0.066406250 0.054687500 0.046875000 0.128906250 0.101562500 0.140625000 0.105468750 0.066406250 0.156250000 0.105468750 0.125000000 0.156250000 0.066406250 0.132812500 0.128906250 0.167968750 0.308593750 0.070312500 0.074218750 0.140625000 0.261718750 0.246093750 0.144531250 0.238281250 0.093750000 0.125000000 0.074218750 0.066406250 0.070312500 0.050781250 0.027343750 0.023437500 0.027343750 0.031250000 0.031250000 0.042968750 0.039062500 0.031250000 0.027343750 0.011718750 0.042968750 0.027343750 0.019531250 0.027343750 0.023437500 0.019531250 0.023437500 0.019531250 0.015625000 0.031250000 0.023437500 0.019531250 0.062500000 0.039062500 0.003906250 
0.402343750 0.664062500 0.832031250 1.085937500 4.449218750 1.039062500 1.023437500 1.046875000 3.996093750 3.578125000 1.562500000 1.132812500 0.574218750 1.976562500 1.039062500 1.058593750 1.152343750 15.574218750 1.730468750 2.003906250 3.007812500 15.281250000 4.652343750 2.898437500 1.667968750 1.222656250 1.238281250 0.785156250 1.218750000 1.222656250 2.171875000 2.308593750 2.250000000 3.394531250 14.464843750 3.214843750 1.683593750 0.382812500 1.066406250 0.617187500 0.277343750 0.324218750 0.316406250 0.589843750 0.304687500 0.273437500 0.390625000 0.445312500 0.386718750 0.218750000 0.265625000 0.691406250 0.355468750 0.257812500 0.210937500 0.335937500 0.187500000 0.207031250 0.121093750 0.136718750 0.328125000 0.109375000 0.160156250 0.125000000 0.191406250 0.210937500 0.039062500 0.132812500 0.878906250 0.308593750 0.386718750 0.378906250 0.179687500 0.175781250 0.152343750 0.218750000 0.113281250 0.132812500 0.199218750 0.167968750 0.175781250 0.144531250 0.152343750 0.175781250 0.203125000 0.136718750 0.070312500 0.105468750 0.132812500 0.144531250 0.164062500 0.105468750 0.109375000 0.171875000 0.082031250 0.132812500 0.148437500 0.148437500 0.078125000 0.085937500 0.062500000 0.082031250 0.167968750 0.074218750 0.125000000 0.117187500 0.113281250 0.085937500 0.093750000 0.089843750 0.121093750 0.089843750 0.089843750 0.144531250 0.109375000 0.039062500 0.070312500 0.062500000 0.054687500 0.085937500 0.097656250 0.101562500 0.042968750 0.105468750 0.066406250 0.089843750 0.066406250 0.093750000 0.050781250 0.078125000 0.105468750 0.125000000 0.070312500 0.074218750 0.035156250 0.039062500 0.128906250 0.085937500 0.062500000 0.148437500 0.195312500 0.101562500 0.117187500 0.062500000 0.066406250 0.089843750 0.035156250 0.039062500 0.062500000 0.089843750 0.042968750 0.046875000 0.066406250 0.152343750 0.109375000 0.039062500 0.078125000 0.179687500 0.007812500 0.101562500 0.062500000 0.207031250 0.082031250 0.121093750 0.210937500 0.355468750 0.324218750 0.113281250 0.335937500 0.277343750 0.343750000 0.312500000 0.097656250 0.074218750 0.335937500 0.093750000 0.238281250 0.078125000 0.230468750 0.210937500 0.257812500 0.117187500 0.074218750 0.164062500 0.074218750 0.269531250 0.156250000 0.277343750 0.523437500 0.171875000 0.292968750 0.292968750 0.187500000 0.289062500 0.058593750 0.054687500 0.160156250 0.042968750 0.097656250 0.042968750 0.175781250 0.109375000 0.019531250 0.039062500 0.078125000 0.132812500 0.027343750 0.171875000 0.230468750 0.050781250 0.187500000 0.097656250 0.175781250 0.207031250 0.031250000 0.187500000 0.132812500 0.218750000 0.203125000 0.035156250 0.062500000 0.195312500 0.257812500 0.222656250 0.164062500 0.289062500 0.187500000 0.117187500 0.128906250 0.042968750 0.117187500 0.101562500 0.062500000 0.082031250 0.074218750 0.093750000 0.070312500 0.074218750 0.058593750 0.066406250 0.097656250 0.085937500 0.082031250 0.082031250 0.089843750 0.074218750 0.070312500 0.074218750 0.089843750 0.101562500 0.089843750 0.050781250 0.085937500 0.078125000 0.109375000 0.054687500 0.050781250 
0.703125000 0.347656250 0.574218750 0.917968750 4.160156250 1.484375000 1.218750000 1.371093750 4.105468750 3.707031250 1.429687500 0.871093750 1.035156250 1.531250000 0.480468750 0.289062500 1.097656250 16.253906250 2.175781250 0.386718750 1.632812500 16.019531250 4.519531250 1.687500000 1.679687500 1.074218750 1.023437500 0.613281250 0.964843750 1.687500000 1.089843750 1.000000000 0.871093750 3.519531250 15.636718750 0.816406250 0.632812500 0.500000000 0.238281250 0.515625000 0.226562500 0.242187500 0.558593750 0.191406250 0.144531250 0.164062500 0.074218750 0.296875000 0.160156250 0.093750000 0.035156250 0.539062500 0.386718750 0.121093750 0.167968750 0.078125000 0.109375000 0.042968750 0.136718750 0.144531250 0.164062500 0.238281250 0.148437500 0.226562500 0.050781250 0.109375000 0.105468750 0.218750000 0.703125000 0.257812500 0.136718750 0.250000000 0.273437500 0.101562500 0.117187500 0.105468750 0.140625000 0.171875000 0.035156250 0.027343750 0.058593750 0.117187500 0.082031250 0.082031250 0.117187500 0.105468750 0.085937500 0.062500000 0.078125000 0.058593750 0.050781250 0.070312500 0.062500000 0.089843750 0.093750000 0.109375000 0.035156250 0.085937500 0.078125000 0.066406250 0.070312500 0.078125000 0.050781250 0.066406250 0.042968750 0.062500000 0.050781250 0.074218750 0.074218750 0.097656250 0.093750000 0.074218750 0.066406250 0.058593750 0.058593750 0.082031250 0.050781250 0.050781250 0.019531250 0.046875000 0.054687500 0.011718750 0.058593750 0.062500000 0.031250000 0.046875000 0.046875000 0.035156250 0.066406250 0.058593750 0.093750000 0.015625000 0.066406250 0.062500000 0.054687500 0.035156250 0.093750000 0.035156250 0.039062500 0.054687500 0.156250000 0.148437500 0.046875000 0.015625000 0.074218750 0.062500000 0.015625000 0.054687500 0.031250000 0.074218750 0.058593750 0.046875000 0.121093750 0.066406250 0.085937500 0.042968750 0.046875000 0.113281250 0.035156250 0.054687500 0.078125000 0.207031250 0.046875000 0.148437500 0.183593750 0.445312500 0.191406250 0.136718750 0.109375000 0.199218750 0.425781250 0.371093750 0.144531250 0.101562500 0.226562500 0.101562500 0.121093750 0.082031250 0.253906250 0.085937500 0.300781250 0.125000000 0.234375000 0.105468750 0.066406250 0.117187500 0.179687500 0.511718750 0.250000000 0.457031250 0.101562500 0.273437500 0.167968750 0.164062500 0.074218750 0.097656250 0.082031250 0.085937500 0.085937500 0.117187500 0.058593750 0.085937500 0.078125000 0.085937500 0.125000000 0.078125000 0.074218750 0.113281250 0.160156250 0.121093750 0.117187500 0.023437500 0.140625000 0.082031250 0.171875000 0.109375000 0.207031250 0.074218750 0.175781250 0.132812500 0.183593750 0.117187500 0.250000000 0.156250000 0.171875000 0.371093750 0.109375000 0.136718750 0.039062500 0.062500000 0.050781250 0.042968750 0.062500000 0.023437500 0.046875000 0.039062500 0.042968750 0.031250000 0.035156250 0.054687500 0.054687500 0.046875000 0.042968750 0.042968750 0.031250000 0.023437500 0.023437500 0.039062500 0.042968750 0.039062500 0.046875000 0.007812500 0.023437500 0.050781250 0.066406250 0.031250000 0.023437500 
0.691406250 0.289062500 0.175781250 0.425781250 3.640625000 2.218750000 1.589843750 1.933593750 5.085937500 2.339843750 0.593750000 0.421875000 0.683593750 1.832031250 0.921875000 1.210937500 1.238281250 15.667968750 1.605468750 2.152343750 2.718750000 15.808593750 3.406250000 2.332031250 1.945312500 1.941406250 0.578125000 0.609375000 0.832031250 0.660156250 2.636718750 1.675781250 1.898437500 3.613281250 14.152343750 2.007812500 0.957031250 0.875000000 0.492187500 0.488281250 0.191406250 0.203125000 0.449218750 0.289062500 0.199218750 0.296875000 0.199218750 0.082031250 0.144531250 0.253906250 0.160156250 0.414062500 0.343750000 0.242187500 0.195312500 0.117187500 0.121093750 0.195312500 0.214843750 0.277343750 0.093750000 0.179687500 0.097656250 0.226562500 0.117187500 0.066406250 0.195312500 0.171875000 0.531250000 0.265625000 0.332031250 0.136718750 0.464843750 0.019531250 0.089843750 0.019531250 0.089843750 0.156250000 0.113281250 0.058593750 0.066406250 0.058593750 0.078125000 0.105468750 0.125000000 0.117187500 0.074218750 0.074218750 0.058593750 0.093750000 0.074218750 0.066406250 0.023437500 0.136718750 0.062500000 0.003906250 0.015625000 0.125000000 0.042968750 0.031250000 0.007812500 0.027343750 0.078125000 0.027343750 0.082031250 0.050781250 0.062500000 0.042968750 0.046875000 0.085937500 0.039062500 0.085937500 0.058593750 0.062500000 0.082031250 0.031250000 0.015625000 0.046875000 0.011718750 0.046875000 0.027343750 0.050781250 0.039062500 0.031250000 0.039062500 0.050781250 0.062500000 0.046875000 0.042968750 0.027343750 0.054687500 0.015625000 0.058593750 0.046875000 0.058593750 0.023437500 0.039062500 0.058593750 0.039062500 0.109375000 0.039062500 0.058593750 0.039062500 0.062500000 0.074218750 0.054687500 0.074218750 0.046875000 0.050781250 0.031250000 0.050781250 0.035156250 0.042968750 0.117187500 0.062500000 0.089843750 0.097656250 0.031250000 0.046875000 0.027343750 0.042968750 0.128906250 0.027343750 0.101562500 0.050781250 0.410156250 0.199218750 0.097656250 0.085937500 0.398437500 0.128906250 0.062500000 0.148437500 0.187500000 0.152343750 0.082031250 0.062500000 0.054687500 0.289062500 0.078125000 0.203125000 0.160156250 0.148437500 0.046875000 0.039062500 0.179687500 0.328125000 0.312500000 0.105468750 0.371093750 0.359375000 0.035156250 0.074218750 0.125000000 0.058593750 0.207031250 0.093750000 0.066406250 0.089843750 0.066406250 0.093750000 0.039062500 0.097656250 0.132812500 0.093750000 0.050781250 0.062500000 0.167968750 0.082031250 0.039062500 0.011718750 0.062500000 0.183593750 0.035156250 0.109375000 0.078125000 0.203125000 0.062500000 0.109375000 0.042968750 0.226562500 0.054687500 0.109375000 0.207031250 0.382812500 0.148437500 0.089843750 0.039062500 0.074218750 0.089843750 0.070312500 0.121093750 0.074218750 0.058593750 0.031250000 0.039062500 0.019531250 0.039062500 0.027343750 0.011718750 0.054687500 0.050781250 0.039062500 0.050781250 0.027343750 0.046875000 0.027343750 0.023437500 0.019531250 0.050781250 0.058593750 0.050781250 0.027343750 0.046875000 0.058593750 0.058593750 0.019531250 
0.152343750 0.730468750 0.781250000 1.050781250 4.351562500 1.800781250 1.031250000 1.515625000 4.761718750 2.574218750 1.324218750 0.527343750 0.835937500 1.902343750 1.164062500 1.421875000 3.089843750 14.816406250 1.257812500 1.355468750 0.714843750 14.054687500 3.539062500 1.523437500 1.503906250 1.816406250 0.890625000 1.089843750 1.164062500 0.714843750 2.632812500 1.070312500 1.457031250 3.046875000 11.421875000 2.167968750 1.101562500 0.675781250 0.359375000 0.328125000 0.300781250 0.234375000 0.167968750 0.109375000 0.226562500 0.160156250 0.050781250 0.144531250 0.179687500 0.085937500 0.121093750 0.328125000 0.019531250 0.078125000 0.062500000 0.191406250 0.035156250 0.097656250 0.015625000 0.160156250 0.035156250 0.019531250 0.097656250 0.167968750 0.078125000 0.023437500 0.003906250 0.179687500 0.437500000 0.156250000 0.179687500 0.105468750 0.593750000 0.078125000 0.027343750 0.062500000 0.125000000 0.046875000 0.027343750 0.054687500 0.085937500 0.023437500 0.023437500 0.015625000 0.089843750 0.011718750 0.023437500 0.042968750 0.003906250 0.035156250 0.027343750 0.031250000 0.027343750 0.101562500 0.078125000 0.039062500 0.097656250 0.050781250 0.027343750 0.011718750 0.042968750 0.031250000 0.066406250 0.027343750 0.050781250 0.031250000 0.011718750 0.046875000 0.019531250 0.039062500 0.066406250 0.062500000 0.011718750 0.062500000 0.050781250 0.019531250 0.042968750 0.042968750 0.046875000 0.003906250 0.019531250 0.042968750 0.015625000 0.023437500 0.039062500 0.066406250 0.023437500 0.015625000 0.007812500 0.003906250 0.054687500 0.015625000 0.031250000 0.023437500 0.027343750 0.031250000 0.027343750 0.023437500 0.062500000 0.074218750 0.097656250 0.035156250 0.023437500 0.050781250 0.050781250 0.039062500 0.054687500 0.003906250 0.035156250 0.027343750 0.027343750 0.058593750 0.046875000 0.031250000 0.035156250 0.062500000 0.085937500 0.042968750 0.062500000 0.042968750 0.027343750 0.121093750 0.097656250 0.062500000 0.097656250 0.335937500 0.167968750 0.097656250 0.082031250 0.406250000 0.042968750 0.050781250 0.046875000 0.167968750 0.062500000 0.074218750 0.074218750 0.136718750 0.242187500 0.109375000 0.078125000 0.070312500 0.160156250 0.113281250 0.070312500 0.035156250 0.296875000 0.210937500 0.160156250 0.160156250 0.175781250 0.152343750 0.074218750 0.070312500 0.156250000 0.058593750 0.046875000 0.042968750 0.035156250 0.097656250 0.054687500 0.023437500 0.062500000 0.148437500 0.058593750 0.023437500 0.054687500 0.156250000 0.066406250 0.023437500 0.058593750 0.109375000 0.101562500 0.070312500 0.042968750 0.164062500 0.171875000 0.128906250 0.074218750 0.109375000 0.253906250 0.062500000 0.066406250 0.097656250 0.335937500 0.054687500 0.125000000 0.128906250 0.164062500 0.054687500 0.039062500 0.062500000 0.074218750 0.062500000 0.023437500 0.031250000 0.023437500 0.015625000 0.042968750 0.007812500 0.019531250 0.007812500 0.023437500 0.031250000 0.019531250 0.011718750 0.027343750 0.015625000 0.019531250 0.019531250 0.015625000 0.027343750 0.019531250 0.027343750 0.039062500 0.019531250 0.050781250 
0.156250000 0.253906250 0.214843750 0.234375000 3.421875000 1.640625000 1.109375000 0.820312500 4.496093750 2.855468750 2.195312500 1.820312500 2.824218750 0.968750000 1.882812500 2.949218750 6.937500000 11.574218750 3.492187500 2.691406250 0.542968750 14.070312500 2.675781250 0.601562500 0.351562500 1.464843750 0.355468750 0.589843750 0.468750000 2.437500000 0.945312500 0.410156250 2.820312500 4.457031250 8.050781250 2.847656250 1.746093750 0.738281250 1.125000000 0.750000000 0.835937500 0.910156250 0.585937500 0.433593750 0.554687500 0.425781250 0.261718750 0.367187500 0.335937500 0.148437500 0.269531250 0.265625000 0.351562500 0.304687500 0.335937500 0.203125000 0.160156250 0.191406250 0.261718750 0.195312500 0.160156250 0.187500000 0.078125000 0.253906250 0.183593750 0.113281250 0.156250000 0.363281250 0.335937500 0.136718750 0.371093750 0.625000000 0.253906250 0.148437500 0.148437500 0.152343750 0.148437500 0.062500000 0.050781250 0.066406250 0.027343750 0.105468750 0.082031250 0.109375000 0.066406250 0.121093750 0.101562500 0.089843750 0.054687500 0.058593750 0.121093750 0.035156250 0.105468750 0.050781250 0.042968750 0.039062500 0.085937500 0.054687500 0.078125000 0.070312500 0.035156250 0.074218750 0.027343750 0.101562500 0.054687500 0.054687500 0.046875000 0.046875000 0.058593750 0.085937500 0.015625000 0.046875000 0.039062500 0.007812500 0.070312500 0.035156250 0.031250000 0.050781250 0.066406250 0.019531250 0.019531250 0.078125000 0.035156250 0.023437500 0.058593750 0.003906250 0.050781250 0.050781250 0.046875000 0.062500000 0.046875000 0.015625000 0.042968750 0.027343750 0.019531250 0.035156250 0.019531250 0.019531250 0.035156250 0.093750000 0.062500000 0.019531250 0.042968750 0.058593750 0.042968750 0.062500000 0.050781250 0.031250000 0.019531250 0.054687500 0.031250000 0.042968750 0.070312500 0.023437500 0.035156250 0.058593750 0.050781250 0.062500000 0.054687500 0.058593750 0.058593750 0.113281250 0.089843750 0.066406250 0.148437500 0.324218750 0.187500000 0.125000000 0.011718750 0.328125000 0.125000000 0.085937500 0.113281250 0.105468750 0.121093750 0.070312500 0.093750000 0.136718750 0.203125000 0.148437500 0.113281250 0.113281250 0.179687500 0.117187500 0.062500000 0.062500000 0.183593750 0.132812500 0.109375000 0.121093750 0.105468750 0.058593750 0.011718750 0.093750000 0.117187500 0.125000000 0.109375000 0.101562500 0.074218750 0.046875000 0.042968750 0.050781250 0.132812500 0.078125000 0.015625000 0.003906250 0.046875000 0.074218750 0.015625000 0.019531250 0.093750000 0.101562500 0.097656250 0.085937500 0.082031250 0.234375000 0.011718750 0.121093750 0.042968750 0.234375000 0.054687500 0.109375000 0.125000000 0.187500000 0.199218750 0.199218750 0.089843750 0.085937500 0.226562500 0.101562500 0.070312500 0.058593750 0.125000000 0.035156250 0.031250000 0.031250000 0.046875000 0.023437500 0.011718750 0.019531250 0.027343750 0.023437500 0.007812500 0.027343750 0.027343750 0.019531250 0.019531250 0.019531250 0.015625000 0.031250000 0.019531250 0.019531250 0.027343750 0.015625000 0.023437500 0.039062500 0.031250000 
1.144531250 0.679687500 0.609375000 0.421875000 2.859375000 1.632812500 1.476562500 1.976562500 5.804687500 1.445312500 0.500000000 0.851562500 0.433593750 2.523437500 2.363281250 3.476562500 8.433593750 9.957031250 3.386718750 2.207031250 5.355468750 10.585937500 3.089843750 1.976562500 1.042968750 0.707031250 0.863281250 0.675781250 0.261718750 1.792968750 0.742187500 0.593750000 0.371093750 7.304687500 3.710937500 1.523437500 1.156250000 1.046875000 1.191406250 0.683593750 0.828125000 0.363281250 0.816406250 0.484375000 0.441406250 0.531250000 0.367187500 0.316406250 0.324218750 0.437500000 0.683593750 0.316406250 0.347656250 0.363281250 0.226562500 0.304687500 0.273437500 0.316406250 0.339843750 0.269531250 0.203125000 0.304687500 0.191406250 0.195312500 0.234375000 0.289062500 0.343750000 0.265625000 0.136718750 0.152343750 0.218750000 0.769531250 0.472656250 0.187500000 0.207031250 0.210937500 0.113281250 0.218750000 0.148437500 0.183593750 0.183593750 0.210937500 0.187500000 0.140625000 0.191406250 0.140625000 0.222656250 0.171875000 0.171875000 0.164062500 0.230468750 0.132812500 0.113281250 0.132812500 0.089843750 0.195312500 0.156250000 0.097656250 0.128906250 0.132812500 0.105468750 0.117187500 0.132812500 0.187500000 0.105468750 0.121093750 0.113281250 0.125000000 0.140625000 0.167968750 0.093750000 0.105468750 0.105468750 0.113281250 0.089843750 0.140625000 0.132812500 0.078125000 0.113281250 0.109375000 0.109375000 0.128906250 0.113281250 0.136718750 0.097656250 0.093750000 0.070312500 0.066406250 0.097656250 0.062500000 0.152343750 0.109375000 0.101562500 0.105468750 0.074218750 0.125000000 0.074218750 0.046875000 0.085937500 0.105468750 0.160156250 0.117187500 0.093750000 0.082031250 0.070312500 0.085937500 0.082031250 0.136718750 0.117187500 0.144531250 0.078125000 0.078125000 0.066406250 0.109375000 0.101562500 0.125000000 0.093750000 0.125000000 0.117187500 0.113281250 0.050781250 0.097656250 0.167968750 0.187500000 0.183593750 0.156250000 0.375000000 0.148437500 0.144531250 0.250000000 0.203125000 0.039062500 0.003906250 0.105468750 0.320312500 0.136718750 0.074218750 0.160156250 0.105468750 0.156250000 0.128906250 0.226562500 0.164062500 0.203125000 0.066406250 0.046875000 0.074218750 0.152343750 0.046875000 0.089843750 0.089843750 0.246093750 0.117187500 0.148437500 0.140625000 0.156250000 0.117187500 0.058593750 0.070312500 0.050781250 0.105468750 0.082031250 0.121093750 0.152343750 0.101562500 0.039062500 0.050781250 0.117187500 0.058593750 0.113281250 0.054687500 0.054687500 0.136718750 0.062500000 0.089843750 0.132812500 0.144531250 0.218750000 0.113281250 0.058593750 0.261718750 0.187500000 0.246093750 0.152343750 0.179687500 0.164062500 0.042968750 0.152343750 0.226562500 0.152343750 0.035156250 0.093750000 0.125000000 0.019531250 0.058593750 0.035156250 0.015625000 0.078125000 0.050781250 0.035156250 0.015625000 0.070312500 0.046875000 0.042968750 0.042968750 0.039062500 0.035156250 0.042968750 0.046875000 0.027343750 0.042968750 0.035156250 0.035156250 0.042968750 0.062500000 0.070312500 0.042968750 
0.378906250 0.328125000 0.355468750 0.394531250 3.183593750 0.804687500 0.824218750 1.453125000 5.414062500 1.906250000 0.804687500 0.421875000 1.082031250 1.460937500 1.316406250 2.320312500 7.054687500 11.507812500 3.238281250 3.257812500 5.929687500 8.296875000 2.433593750 1.160156250 0.933593750 1.003906250 0.347656250 0.406250000 0.097656250 1.769531250 0.683593750 0.246093750 0.636718750 8.207031250 1.511718750 0.363281250 0.257812500 0.992187500 0.390625000 0.160156250 0.375000000 0.496093750 0.144531250 0.121093750 0.136718750 0.062500000 0.199218750 0.046875000 0.136718750 0.093750000 0.222656250 0.183593750 0.070312500 0.066406250 0.250000000 0.152343750 0.117187500 0.121093750 0.171875000 0.136718750 0.136718750 0.074218750 0.042968750 0.042968750 0.066406250 0.109375000 0.121093750 0.117187500 0.156250000 0.308593750 0.488281250 0.433593750 0.109375000 0.046875000 0.089843750 0.132812500 0.109375000 0.031250000 0.015625000 0.117187500 0.093750000 0.031250000 0.023437500 0.082031250 0.097656250 0.027343750 0.031250000 0.101562500 0.101562500 0.054687500 0.093750000 0.062500000 0.019531250 0.046875000 0.023437500 0.058593750 0.046875000 0.062500000 0.089843750 0.035156250 0.074218750 0.058593750 0.097656250 0.058593750 0.015625000 0.011718750 0.062500000 0.042968750 0.089843750 0.023437500 0.035156250 0.023437500 0.058593750 0.035156250 0.042968750 0.035156250 0.058593750 0.003906250 0.058593750 0.054687500 0.042968750 0.054687500 0.070312500 0.074218750 0.039062500 0.035156250 0.050781250 0.031250000 0.011718750 0.054687500 0.105468750 0.042968750 0.078125000 0.027343750 0.074218750 0.046875000 0.027343750 0.031250000 0.027343750 0.031250000 0.058593750 0.066406250 0.042968750 0.023437500 0.035156250 0.039062500 0.042968750 0.042968750 0.042968750 0.058593750 0.054687500 0.046875000 0.019531250 0.066406250 0.085937500 0.042968750 0.066406250 0.070312500 0.070312500 0.050781250 0.027343750 0.050781250 0.082031250 0.039062500 0.140625000 0.242187500 0.230468750 0.257812500 0.105468750 0.050781250 0.367187500 0.082031250 0.113281250 0.078125000 0.218750000 0.101562500 0.101562500 0.113281250 0.164062500 0.109375000 0.101562500 0.171875000 0.113281250 0.218750000 0.109375000 0.144531250 0.128906250 0.078125000 0.097656250 0.035156250 0.109375000 0.261718750 0.011718750 0.136718750 0.039062500 0.070312500 0.117187500 0.007812500 0.027343750 0.089843750 0.089843750 0.085937500 0.089843750 0.046875000 0.054687500 0.058593750 0.039062500 0.101562500 0.007812500 0.058593750 0.062500000 0.109375000 0.132812500 0.031250000 0.125000000 0.226562500 0.027343750 0.152343750 0.042968750 0.015625000 0.214843750 0.222656250 0.265625000 0.285156250 0.273437500 0.164062500 0.035156250 0.109375000 0.191406250 0.113281250 0.105468750 0.210937500 0.183593750 0.046875000 0.011718750 0.031250000 0.042968750 0.035156250 0.066406250 0.035156250 0.023437500 0.054687500 0.011718750 0.039062500 0.031250000 0.039062500 0.046875000 0.031250000 0.031250000 0.031250000 0.050781250 0.015625000 0.046875000 0.023437500 0.027343750 0.031250000 0.019531250 
1.667968750 0.968750000 1.109375000 1.128906250 3.960937500 1.289062500 1.359375000 1.980468750 6.886718750 1.441406250 0.457031250 0.894531250 2.097656250 1.214843750 1.796875000 2.894531250 9.222656250 7.906250000 3.777343750 4.035156250 6.121093750 7.410156250 2.207031250 1.332031250 0.687500000 0.746093750 0.917968750 0.789062500 1.007812500 0.742187500 0.390625000 0.531250000 1.113281250 7.601562500 0.699218750 0.644531250 0.511718750 1.527343750 0.660156250 0.503906250 0.429687500 0.617187500 0.191406250 0.375000000 0.300781250 0.175781250 0.300781250 0.207031250 0.191406250 0.195312500 0.085937500 0.375000000 0.257812500 0.078125000 0.218750000 0.152343750 0.097656250 0.121093750 0.128906250 0.097656250 0.089843750 0.109375000 0.175781250 0.031250000 0.066406250 0.039062500 0.171875000 0.117187500 0.019531250 0.132812500 0.339843750 0.414062500 0.238281250 0.222656250 0.300781250 0.019531250 0.039062500 0.082031250 0.062500000 0.097656250 0.046875000 0.082031250 0.007812500 0.082031250 0.054687500 0.078125000 0.089843750 0.074218750 0.089843750 0.050781250 0.078125000 0.082031250 0.035156250 0.007812500 0.035156250 0.027343750 0.070312500 0.042968750 0.058593750 0.027343750 0.054687500 0.054687500 0.015625000 0.058593750 0.031250000 0.039062500 0.031250000 0.031250000 0.085937500 0.031250000 0.050781250 0.031250000 0.027343750 0.062500000 0.070312500 0.023437500 0.035156250 0.027343750 0.035156250 0.011718750 0.019531250 0.046875000 0.074218750 0.082031250 0.058593750 0.050781250 0.070312500 0.042968750 0.046875000 0.039062500 0.066406250 0.023437500 0.023437500 0.023437500 0.019531250 0.019531250 0.050781250 0.035156250 0.070312500 0.035156250 0.066406250 0.023437500 0.058593750 0.007812500 0.035156250 0.027343750 0.023437500 0.011718750 0.039062500 0.007812500 0.050781250 0.035156250 0.062500000 0.046875000 0.062500000 0.023437500 0.089843750 0.031250000 0.007812500 0.015625000 0.015625000 0.027343750 0.082031250 0.074218750 0.175781250 0.199218750 0.242187500 0.132812500 0.316406250 0.183593750 0.285156250 0.082031250 0.046875000 0.179687500 0.144531250 0.140625000 0.234375000 0.082031250 0.207031250 0.046875000 0.140625000 0.199218750 0.089843750 0.109375000 0.207031250 0.066406250 0.128906250 0.132812500 0.132812500 0.152343750 0.101562500 0.292968750 0.093750000 0.089843750 0.085937500 0.066406250 0.042968750 0.031250000 0.078125000 0.070312500 0.050781250 0.042968750 0.054687500 0.035156250 0.011718750 0.058593750 0.054687500 0.113281250 0.042968750 0.109375000 0.125000000 0.011718750 0.027343750 0.093750000 0.109375000 0.152343750 0.125000000 0.261718750 0.144531250 0.093750000 0.152343750 0.183593750 0.281250000 0.320312500 0.304687500 0.230468750 0.058593750 0.097656250 0.171875000 0.027343750 0.203125000 0.179687500 0.132812500 0.058593750 0.042968750 0.035156250 0.003906250 0.019531250 0.105468750 0.039062500 0.039062500 0.027343750 0.011718750 0.027343750 0.031250000 0.039062500 0.019531250 0.046875000 0.019531250 0.058593750 0.007812500 0.007812500 0.027343750 0.058593750 0.015625000 0.011718750 0.019531250 
0.226562500 0.257812500 0.289062500 0.363281250 2.726562500 0.429687500 0.562500000 0.898437500 6.355468750 2.105468750 0.695312500 0.601562500 1.367187500 0.769531250 1.203125000 2.429687500 11.093750000 2.671875000 1.511718750 2.675781250 9.574218750 4.218750000 2.250000000 0.628906250 1.179687500 1.433593750 0.734375000 0.726562500 0.960937500 0.347656250 0.476562500 1.015625000 3.011718750 5.425781250 3.296875000 1.304687500 0.195312500 1.421875000 0.496093750 0.808593750 0.707031250 0.457031250 0.500000000 0.582031250 0.468750000 0.527343750 0.460937500 0.382812500 0.449218750 0.312500000 0.617187500 0.277343750 0.464843750 0.273437500 0.136718750 0.285156250 0.246093750 0.218750000 0.269531250 0.265625000 0.339843750 0.242187500 0.347656250 0.289062500 0.214843750 0.285156250 0.285156250 0.132812500 0.132812500 0.421875000 0.335937500 0.320312500 0.433593750 0.304687500 0.425781250 0.113281250 0.222656250 0.132812500 0.148437500 0.242187500 0.218750000 0.175781250 0.175781250 0.144531250 0.187500000 0.101562500 0.160156250 0.207031250 0.187500000 0.144531250 0.179687500 0.179687500 0.214843750 0.171875000 0.191406250 0.187500000 0.128906250 0.105468750 0.164062500 0.191406250 0.089843750 0.156250000 0.160156250 0.132812500 0.113281250 0.140625000 0.140625000 0.156250000 0.093750000 0.128906250 0.160156250 0.167968750 0.128906250 0.132812500 0.093750000 0.128906250 0.144531250 0.128906250 0.128906250 0.113281250 0.132812500 0.128906250 0.125000000 0.148437500 0.085937500 0.093750000 0.093750000 0.089843750 0.121093750 0.109375000 0.128906250 0.113281250 0.105468750 0.109375000 0.113281250 0.089843750 0.105468750 0.136718750 0.109375000 0.109375000 0.042968750 0.089843750 0.109375000 0.117187500 0.082031250 0.101562500 0.093750000 0.117187500 0.140625000 0.101562500 0.082031250 0.113281250 0.050781250 0.093750000 0.121093750 0.105468750 0.117187500 0.085937500 0.066406250 0.093750000 0.117187500 0.050781250 0.160156250 0.050781250 0.214843750 0.113281250 0.128906250 0.117187500 0.207031250 0.164062500 0.175781250 0.230468750 0.195312500 0.121093750 0.238281250 0.109375000 0.285156250 0.070312500 0.246093750 0.062500000 0.144531250 0.175781250 0.035156250 0.113281250 0.148437500 0.171875000 0.093750000 0.191406250 0.250000000 0.128906250 0.328125000 0.097656250 0.078125000 0.062500000 0.121093750 0.066406250 0.058593750 0.121093750 0.058593750 0.144531250 0.128906250 0.066406250 0.093750000 0.125000000 0.097656250 0.113281250 0.113281250 0.136718750 0.093750000 0.082031250 0.210937500 0.078125000 0.109375000 0.046875000 0.023437500 0.093750000 0.105468750 0.289062500 0.093750000 0.195312500 0.078125000 0.121093750 0.332031250 0.378906250 0.328125000 0.164062500 0.164062500 0.101562500 0.136718750 0.121093750 0.148437500 0.238281250 0.097656250 0.183593750 0.062500000 0.125000000 0.160156250 0.121093750 0.125000000 0.125000000 0.136718750 0.109375000 0.109375000 0.105468750 0.070312500 0.082031250 0.085937500 0.054687500 0.066406250 0.046875000 0.085937500 0.074218750 0.093750000 0.054687500 0.074218750 0.050781250 0.062500000 
0.203125000 0.085937500 0.089843750 0.210937500 2.968750000 0.148437500 0.203125000 0.496093750 6.000000000 1.519531250 0.906250000 0.414062500 1.730468750 0.535156250 0.363281250 0.394531250 10.187500000 0.390625000 0.265625000 1.046875000 11.832031250 1.195312500 0.582031250 0.125000000 2.351562500 1.054687500 0.308593750 0.105468750 1.285156250 0.691406250 0.515625000 0.265625000 3.511718750 3.929687500 3.070312500 0.628906250 1.167968750 0.246093750 0.777343750 0.093750000 0.066406250 0.390625000 0.156250000 0.140625000 0.234375000 0.250000000 0.085937500 0.070312500 0.128906250 0.085937500 0.222656250 0.207031250 0.406250000 0.113281250 0.140625000 0.074218750 0.070312500 0.082031250 0.054687500 0.148437500 0.054687500 0.011718750 0.054687500 0.097656250 0.101562500 0.128906250 0.125000000 0.062500000 0.132812500 0.070312500 0.054687500 0.125000000 0.351562500 0.082031250 0.187500000 0.125000000 0.136718750 0.046875000 0.011718750 0.082031250 0.042968750 0.035156250 0.078125000 0.054687500 0.046875000 0.042968750 0.050781250 0.031250000 0.046875000 0.082031250 0.035156250 0.019531250 0.066406250 0.035156250 0.015625000 0.046875000 0.054687500 0.027343750 0.035156250 0.066406250 0.042968750 0.027343750 0.027343750 0.042968750 0.035156250 0.019531250 0.023437500 0.046875000 0.039062500 0.023437500 0.007812500 0.039062500 0.070312500 0.019531250 0.039062500 0.027343750 0.023437500 0.031250000 0.011718750 0.054687500 0.062500000 0.050781250 0.042968750 0.042968750 0.042968750 0.027343750 0.035156250 0.031250000 0.050781250 0.011718750 0.007812500 0.015625000 0.003906250 0.031250000 0.023437500 0.031250000 0.007812500 0.011718750 0.023437500 0.035156250 0.054687500 0.011718750 0.039062500 0.031250000 0.023437500 0.023437500 0.035156250 0.039062500 0.042968750 0.019531250 0.019531250 0.023437500 0.023437500 0.011718750 0.070312500 0.019531250 0.070312500 0.039062500 0.035156250 0.046875000 0.023437500 0.035156250 0.097656250 0.078125000 0.207031250 0.121093750 0.058593750 0.058593750 0.234375000 0.128906250 0.183593750 0.167968750 0.121093750 0.035156250 0.179687500 0.082031250 0.152343750 0.187500000 0.113281250 0.109375000 0.203125000 0.093750000 0.132812500 0.066406250 0.121093750 0.132812500 0.152343750 0.097656250 0.140625000 0.152343750 0.218750000 0.144531250 0.035156250 0.058593750 0.054687500 0.050781250 0.089843750 0.046875000 0.019531250 0.011718750 0.031250000 0.019531250 0.015625000 0.035156250 0.089843750 0.050781250 0.093750000 0.035156250 0.062500000 0.054687500 0.085937500 0.046875000 0.078125000 0.042968750 0.015625000 0.046875000 0.136718750 0.164062500 0.199218750 0.062500000 0.148437500 0.144531250 0.105468750 0.175781250 0.285156250 0.171875000 0.167968750 0.070312500 0.058593750 0.148437500 0.105468750 0.078125000 0.156250000 0.050781250 0.058593750 0.093750000 0.031250000 0.136718750 0.050781250 0.085937500 0.101562500 0.042968750 0.023437500 0.070312500 0.035156250 0.031250000 0.007812500 0.031250000 0.031250000 0.031250000 0.011718750 0.007812500 0.031250000 0.035156250 0.027343750 0.027343750 0.007812500 
0.378906250 0.226562500 0.273437500 0.238281250 2.726562500 0.386718750 0.269531250 0.656250000 4.703125000 1.417968750 0.101562500 0.382812500 1.625000000 0.121093750 0.308593750 0.875000000 10.289062500 1.507812500 1.335937500 2.066406250 10.570312500 0.871093750 0.421875000 0.621093750 3.136718750 0.449218750 0.402343750 0.269531250 1.296875000 0.753906250 0.882812500 1.640625000 1.328125000 3.417968750 1.027343750 0.632812500 1.226562500 0.519531250 0.125000000 0.289062500 0.152343750 0.085937500 0.109375000 0.179687500 0.101562500 0.015625000 0.039062500 0.097656250 0.175781250 0.148437500 0.117187500 0.066406250 0.335937500 0.156250000 0.078125000 0.031250000 0.117187500 0.078125000 0.085937500 0.113281250 0.105468750 0.035156250 0.035156250 0.085937500 0.097656250 0.121093750 0.085937500 0.089843750 0.097656250 0.035156250 0.046875000 0.066406250 0.351562500 0.105468750 0.152343750 0.109375000 0.109375000 0.074218750 0.023437500 0.082031250 0.042968750 0.011718750 0.019531250 0.082031250 0.042968750 0.089843750 0.023437500 0.062500000 0.007812500 0.046875000 0.062500000 0.031250000 0.039062500 0.035156250 0.011718750 0.062500000 0.039062500 0.035156250 0.039062500 0.035156250 0.050781250 0.000000000 0.046875000 0.042968750 0.035156250 0.015625000 0.003906250 0.007812500 0.023437500 0.046875000 0.023437500 0.062500000 0.046875000 0.027343750 0.039062500 0.015625000 0.039062500 0.042968750 0.015625000 0.031250000 0.082031250 0.011718750 0.023437500 0.035156250 0.019531250 0.031250000 0.054687500 0.011718750 0.062500000 0.035156250 0.039062500 0.019531250 0.019531250 0.015625000 0.046875000 0.003906250 0.050781250 0.039062500 0.023437500 0.039062500 0.035156250 0.027343750 0.023437500 0.027343750 0.015625000 0.023437500 0.027343750 0.089843750 0.035156250 0.015625000 0.007812500 0.011718750 0.011718750 0.007812500 0.066406250 0.042968750 0.054687500 0.042968750 0.011718750 0.031250000 0.007812500 0.015625000 0.035156250 0.082031250 0.167968750 0.082031250 0.042968750 0.167968750 0.222656250 0.132812500 0.164062500 0.148437500 0.171875000 0.085937500 0.105468750 0.210937500 0.062500000 0.097656250 0.109375000 0.136718750 0.183593750 0.097656250 0.070312500 0.125000000 0.078125000 0.105468750 0.121093750 0.078125000 0.144531250 0.058593750 0.085937500 0.167968750 0.070312500 0.046875000 0.031250000 0.070312500 0.031250000 0.027343750 0.039062500 0.023437500 0.011718750 0.007812500 0.011718750 0.031250000 0.035156250 0.042968750 0.062500000 0.027343750 0.007812500 0.042968750 0.003906250 0.078125000 0.050781250 0.011718750 0.023437500 0.058593750 0.058593750 0.062500000 0.035156250 0.089843750 0.164062500 0.156250000 0.121093750 0.210937500 0.164062500 0.148437500 0.031250000 0.105468750 0.066406250 0.113281250 0.066406250 0.121093750 0.136718750 0.031250000 0.039062500 0.070312500 0.070312500 0.121093750 0.035156250 0.125000000 0.062500000 0.062500000 0.035156250 0.050781250 0.046875000 0.046875000 0.011718750 0.042968750 0.035156250 0.019531250 0.027343750 0.019531250 0.035156250 0.039062500 0.039062500 0.027343750 0.027343750 
0.519531250 0.671875000 0.757812500 0.804687500 2.027343750 0.929687500 1.500000000 1.531250000 2.531250000 0.839843750 0.792968750 1.191406250 0.960937500 0.738281250 1.160156250 2.320312500 9.031250000 1.195312500 1.070312500 1.667968750 8.703125000 1.128906250 0.167968750 0.792968750 4.105468750 0.875000000 0.773437500 0.777343750 0.460937500 0.457031250 0.816406250 1.464843750 2.304687500 2.117187500 2.371093750 1.210937500 1.210937500 0.589843750 0.300781250 0.347656250 0.097656250 0.234375000 0.242187500 0.289062500 0.089843750 0.195312500 0.136718750 0.179687500 0.164062500 0.113281250 0.164062500 0.152343750 0.277343750 0.246093750 0.160156250 0.031250000 0.191406250 0.128906250 0.117187500 0.082031250 0.160156250 0.109375000 0.082031250 0.062500000 0.152343750 0.140625000 0.097656250 0.054687500 0.054687500 0.054687500 0.078125000 0.156250000 0.289062500 0.160156250 0.113281250 0.101562500 0.160156250 0.148437500 0.070312500 0.113281250 0.101562500 0.070312500 0.089843750 0.050781250 0.082031250 0.121093750 0.097656250 0.093750000 0.054687500 0.089843750 0.105468750 0.050781250 0.097656250 0.078125000 0.058593750 0.050781250 0.089843750 0.058593750 0.082031250 0.050781250 0.062500000 0.042968750 0.082031250 0.023437500 0.054687500 0.082031250 0.039062500 0.027343750 0.093750000 0.074218750 0.019531250 0.015625000 0.074218750 0.093750000 0.054687500 0.093750000 0.062500000 0.082031250 0.054687500 0.062500000 0.054687500 0.054687500 0.046875000 0.066406250 0.027343750 0.042968750 0.027343750 0.058593750 0.007812500 0.015625000 0.035156250 0.019531250 0.031250000 0.039062500 0.019531250 0.031250000 0.066406250 0.031250000 0.082031250 0.015625000 0.027343750 0.031250000 0.058593750 0.042968750 0.046875000 0.035156250 0.054687500 0.031250000 0.050781250 0.007812500 0.042968750 0.042968750 0.023437500 0.066406250 0.023437500 0.042968750 0.078125000 0.046875000 0.066406250 0.046875000 0.031250000 0.058593750 0.054687500 0.062500000 0.132812500 0.023437500 0.058593750 0.257812500 0.179687500 0.214843750 0.097656250 0.027343750 0.117187500 0.117187500 0.058593750 0.164062500 0.101562500 0.109375000 0.015625000 0.097656250 0.156250000 0.050781250 0.062500000 0.097656250 0.144531250 0.039062500 0.089843750 0.042968750 0.152343750 0.089843750 0.046875000 0.171875000 0.085937500 0.031250000 0.042968750 0.058593750 0.039062500 0.093750000 0.050781250 0.089843750 0.050781250 0.011718750 0.050781250 0.054687500 0.035156250 0.078125000 0.027343750 0.054687500 0.035156250 0.078125000 0.089843750 0.113281250 0.007812500 0.050781250 0.042968750 0.031250000 0.093750000 0.140625000 0.121093750 0.128906250 0.195312500 0.164062500 0.125000000 0.121093750 0.152343750 0.167968750 0.093750000 0.097656250 0.085937500 0.085937500 0.027343750 0.050781250 0.105468750 0.101562500 0.023437500 0.035156250 0.066406250 0.070312500 0.066406250 0.062500000 0.085937500 0.085937500 0.035156250 0.058593750 0.070312500 0.062500000 0.070312500 0.039062500 0.066406250 0.027343750 0.058593750 0.007812500 0.066406250 0.031250000 0.027343750 0.031250000 0.042968750 
0.015625000 0.238281250 0.292968750 0.398437500 2.398437500 0.121093750 0.132812500 1.566406250 1.703125000 1.339843750 0.531250000 1.359375000 1.839843750 1.617187500 1.480468750 4.933593750 5.257812500 1.769531250 1.128906250 3.910156250 4.843750000 1.734375000 0.273437500 2.437500000 2.042968750 1.261718750 0.250000000 0.449218750 0.726562500 0.222656250 0.285156250 1.109375000 2.359375000 2.164062500 2.121093750 1.382812500 0.390625000 0.519531250 0.566406250 0.375000000 0.222656250 0.152343750 0.164062500 0.210937500 0.246093750 0.136718750 0.093750000 0.207031250 0.093750000 0.136718750 0.167968750 0.242187500 0.199218750 0.171875000 0.121093750 0.046875000 0.183593750 0.074218750 0.085937500 0.062500000 0.066406250 0.054687500 0.054687500 0.109375000 0.105468750 0.074218750 0.093750000 0.027343750 0.085937500 0.023437500 0.097656250 0.242187500 0.132812500 0.023437500 0.121093750 0.074218750 0.082031250 0.058593750 0.066406250 0.101562500 0.070312500 0.007812500 0.058593750 0.078125000 0.023437500 0.070312500 0.039062500 0.066406250 0.019531250 0.054687500 0.042968750 0.023437500 0.031250000 0.023437500 0.039062500 0.050781250 0.023437500 0.035156250 0.019531250 0.058593750 0.062500000 0.042968750 0.050781250 0.027343750 0.027343750 0.027343750 0.078125000 0.042968750 0.027343750 0.046875000 0.039062500 0.042968750 0.003906250 0.062500000 0.023437500 0.039062500 0.054687500 0.042968750 0.039062500 0.019531250 0.027343750 0.031250000 0.027343750 0.039062500 0.046875000 0.027343750 0.031250000 0.003906250 0.046875000 0.019531250 0.023437500 0.058593750 0.023437500 0.023437500 0.046875000 0.027343750 0.050781250 0.089843750 0.050781250 0.015625000 0.054687500 0.035156250 0.058593750 0.031250000 0.039062500 0.011718750 0.027343750 0.074218750 0.023437500 0.046875000 0.027343750 0.023437500 0.019531250 0.031250000 0.019531250 0.050781250 0.066406250 0.050781250 0.058593750 0.019531250 0.039062500 0.039062500 0.039062500 0.070312500 0.093750000 0.015625000 0.109375000 0.140625000 0.093750000 0.261718750 0.136718750 0.046875000 0.062500000 0.105468750 0.078125000 0.070312500 0.015625000 0.156250000 0.074218750 0.066406250 0.082031250 0.089843750 0.019531250 0.003906250 0.050781250 0.121093750 0.066406250 0.011718750 0.070312500 0.070312500 0.050781250 0.113281250 0.027343750 0.085937500 0.007812500 0.062500000 0.023437500 0.062500000 0.027343750 0.058593750 0.023437500 0.054687500 0.015625000 0.039062500 0.039062500 0.050781250 0.019531250 0.019531250 0.074218750 0.074218750 0.031250000 0.054687500 0.031250000 0.031250000 0.015625000 0.050781250 0.085937500 0.054687500 0.039062500 0.093750000 0.117187500 0.183593750 0.066406250 0.078125000 0.195312500 0.105468750 0.042968750 0.015625000 0.015625000 0.101562500 0.054687500 0.058593750 0.054687500 0.042968750 0.011718750 0.023437500 0.031250000 0.082031250 0.042968750 0.046875000 0.027343750 0.093750000 0.039062500 0.039062500 0.015625000 0.042968750 0.042968750 0.027343750 0.054687500 0.019531250 0.039062500 0.019531250 0.035156250 0.035156250 0.027343750 0.054687500 0.015625000 
0.011718750 0.324218750 0.421875000 0.480468750 2.511718750 0.359375000 0.546875000 1.292968750 1.597656250 0.195312500 0.285156250 1.828125000 0.878906250 0.640625000 1.050781250 2.859375000 2.421875000 2.484375000 2.042968750 2.628906250 1.984375000 1.019531250 1.480468750 2.367187500 0.851562500 0.878906250 0.656250000 0.125000000 0.441406250 0.296875000 0.636718750 0.929687500 0.835937500 2.511718750 1.878906250 1.203125000 0.320312500 0.371093750 0.226562500 0.222656250 0.144531250 0.292968750 0.144531250 0.066406250 0.082031250 0.042968750 0.128906250 0.113281250 0.125000000 0.187500000 0.042968750 0.105468750 0.191406250 0.058593750 0.035156250 0.046875000 0.062500000 0.062500000 0.054687500 0.023437500 0.066406250 0.039062500 0.058593750 0.039062500 0.039062500 0.054687500 0.074218750 0.058593750 0.074218750 0.078125000 0.121093750 0.183593750 0.074218750 0.109375000 0.054687500 0.050781250 0.035156250 0.062500000 0.070312500 0.074218750 0.054687500 0.046875000 0.027343750 0.054687500 0.007812500 0.046875000 0.050781250 0.011718750 0.035156250 0.054687500 0.050781250 0.042968750 0.042968750 0.007812500 0.027343750 0.019531250 0.023437500 0.011718750 0.019531250 0.031250000 0.023437500 0.015625000 0.062500000 0.027343750 0.019531250 0.007812500 0.058593750 0.070312500 0.011718750 0.050781250 0.054687500 0.019531250 0.023437500 0.027343750 0.035156250 0.046875000 0.050781250 0.046875000 0.019531250 0.019531250 0.050781250 0.078125000 0.058593750 0.042968750 0.027343750 0.054687500 0.066406250 0.027343750 0.046875000 0.042968750 0.054687500 0.035156250 0.015625000 0.046875000 0.015625000 0.023437500 0.039062500 0.046875000 0.027343750 0.027343750 0.035156250 0.011718750 0.023437500 0.003906250 0.042968750 0.011718750 0.011718750 0.042968750 0.019531250 0.054687500 0.023437500 0.019531250 0.027343750 0.019531250 0.023437500 0.039062500 0.039062500 0.042968750 0.023437500 0.027343750 0.027343750 0.031250000 0.031250000 0.015625000 0.058593750 0.027343750 0.070312500 0.062500000 0.062500000 0.140625000 0.148437500 0.050781250 0.046875000 0.093750000 0.097656250 0.046875000 0.066406250 0.074218750 0.027343750 0.035156250 0.019531250 0.042968750 0.078125000 0.058593750 0.050781250 0.050781250 0.054687500 0.046875000 0.035156250 0.050781250 0.070312500 0.097656250 0.042968750 0.039062500 0.066406250 0.054687500 0.042968750 0.031250000 0.027343750 0.035156250 0.039062500 0.039062500 0.023437500 0.050781250 0.039062500 0.027343750 0.023437500 0.035156250 0.070312500 0.062500000 0.050781250 0.042968750 0.019531250 0.035156250 0.027343750 0.035156250 0.105468750 0.039062500 0.089843750 0.007812500 0.089843750 0.109375000 0.062500000 0.066406250 0.160156250 0.101562500 0.082031250 0.039062500 0.042968750 0.062500000 0.015625000 0.050781250 0.042968750 0.058593750 0.019531250 0.023437500 0.050781250 0.058593750 0.046875000 0.050781250 0.011718750 0.078125000 0.039062500 0.042968750 0.035156250 0.023437500 0.027343750 0.019531250 0.023437500 0.003906250 0.035156250 0.015625000 0.035156250 0.039062500 0.003906250 0.050781250 0.019531250 
0.125000000 0.191406250 0.363281250 0.472656250 1.605468750 0.542968750 0.296875000 0.855468750 1.917968750 0.453125000 0.496093750 1.085937500 0.851562500 0.140625000 0.503906250 1.367187500 0.855468750 0.390625000 0.476562500 1.121093750 0.960937500 0.621093750 0.781250000 0.824218750 0.886718750 0.218750000 0.199218750 0.113281250 0.195312500 0.382812500 0.058593750 0.207031250 0.796875000 1.339843750 0.773437500 0.953125000 0.984375000 0.179687500 0.210937500 0.070312500 0.160156250 0.250000000 0.187500000 0.195312500 0.070312500 0.058593750 0.089843750 0.164062500 0.132812500 0.027343750 0.164062500 0.156250000 0.187500000 0.085937500 0.093750000 0.082031250 0.085937500 0.046875000 0.011718750 0.074218750 0.023437500 0.042968750 0.070312500 0.015625000 0.035156250 0.050781250 0.066406250 0.023437500 0.074218750 0.074218750 0.089843750 0.070312500 0.027343750 0.035156250 0.058593750 0.046875000 0.015625000 0.046875000 0.082031250 0.035156250 0.089843750 0.070312500 0.046875000 0.085937500 0.019531250 0.066406250 0.050781250 0.031250000 0.062500000 0.019531250 0.074218750 0.007812500 0.070312500 0.042968750 0.046875000 0.019531250 0.054687500 0.058593750 0.042968750 0.046875000 0.019531250 0.015625000 0.078125000 0.058593750 0.031250000 0.019531250 0.015625000 0.023437500 0.058593750 0.058593750 0.078125000 0.027343750 0.031250000 0.023437500 0.046875000 0.042968750 0.023437500 0.011718750 0.054687500 0.046875000 0.054687500 0.062500000 0.050781250 0.027343750 0.027343750 0.054687500 0.023437500 0.050781250 0.046875000 0.000000000 0.074218750 0.027343750 0.035156250 0.035156250 0.031250000 0.035156250 0.078125000 0.007812500 0.042968750 0.031250000 0.042968750 0.031250000 0.023437500 0.046875000 0.019531250 0.015625000 0.011718750 0.050781250 0.031250000 0.042968750 0.023437500 0.019531250 0.062500000 0.019531250 0.023437500 0.062500000 0.007812500 0.011718750 0.015625000 0.035156250 0.027343750 0.031250000 0.027343750 0.031250000 0.042968750 0.015625000 0.015625000 0.046875000 0.042968750 0.023437500 0.027343750 0.058593750 0.023437500 0.062500000 0.011718750 0.039062500 0.027343750 0.035156250 0.046875000 0.023437500 0.011718750 0.011718750 0.027343750 0.015625000 0.027343750 0.027343750 0.015625000 0.023437500 0.031250000 0.015625000 0.042968750 0.039062500 0.039062500 0.019531250 0.031250000 0.039062500 0.015625000 0.039062500 0.023437500 0.023437500 0.019531250 0.019531250 0.050781250 0.031250000 0.050781250 0.000000000 0.031250000 0.023437500 0.042968750 0.035156250 0.011718750 0.015625000 0.039062500 0.031250000 0.070312500 0.050781250 0.015625000 0.050781250 0.058593750 0.015625000 0.058593750 0.085937500 0.039062500 0.003906250 0.070312500 0.042968750 0.023437500 0.054687500 0.027343750 0.058593750 0.058593750 0.027343750 0.019531250 0.027343750 0.011718750 0.019531250 0.039062500 0.042968750 0.046875000 0.058593750 0.015625000 0.046875000 0.050781250 0.050781250 0.039062500 0.058593750 0.035156250 0.015625000 0.031250000 0.003906250 0.019531250 0.031250000 0.046875000 0.046875000 0.042968750 0.039062500 0.039062500 
0.171875000 0.359375000 0.093750000 0.578125000 0.878906250 0.433593750 0.222656250 0.664062500 1.816406250 0.335937500 0.625000000 0.644531250 0.593750000 0.261718750 0.675781250 0.859375000 1.035156250 0.648437500 0.812500000 0.871093750 1.273437500 0.167968750 0.300781250 0.308593750 0.574218750 0.320312500 0.171875000 0.031250000 0.082031250 0.281250000 0.144531250 0.363281250 0.601562500 0.980468750 0.378906250 0.085937500 0.304687500 0.171875000 0.222656250 0.144531250 0.078125000 0.117187500 0.097656250 0.101562500 0.082031250 0.054687500 0.085937500 0.042968750 0.085937500 0.035156250 0.187500000 0.097656250 0.062500000 0.042968750 0.035156250 0.039062500 0.031250000 0.066406250 0.089843750 0.007812500 0.046875000 0.015625000 0.058593750 0.062500000 0.031250000 0.035156250 0.125000000 0.066406250 0.050781250 0.035156250 0.015625000 0.035156250 0.054687500 0.039062500 0.082031250 0.027343750 0.023437500 0.011718750 0.035156250 0.054687500 0.070312500 0.019531250 0.035156250 0.015625000 0.046875000 0.019531250 0.054687500 0.054687500 0.015625000 0.054687500 0.046875000 0.035156250 0.046875000 0.019531250 0.035156250 0.023437500 0.050781250 0.046875000 0.019531250 0.050781250 0.027343750 0.031250000 0.050781250 0.027343750 0.011718750 0.011718750 0.027343750 0.023437500 0.015625000 0.027343750 0.042968750 0.015625000 0.042968750 0.031250000 0.035156250 0.019531250 0.023437500 0.058593750 0.007812500 0.007812500 0.062500000 0.031250000 0.058593750 0.039062500 0.003906250 0.019531250 0.039062500 0.035156250 0.019531250 0.035156250 0.039062500 0.035156250 0.011718750 0.035156250 0.015625000 0.011718750 0.050781250 0.019531250 0.031250000 0.031250000 0.039062500 0.015625000 0.035156250 0.027343750 0.031250000 0.046875000 0.019531250 0.046875000 0.007812500 0.023437500 0.019531250 0.027343750 0.050781250 0.039062500 0.062500000 0.035156250 0.058593750 0.015625000 0.023437500 0.019531250 0.035156250 0.050781250 0.015625000 0.019531250 0.027343750 0.023437500 0.003906250 0.054687500 0.023437500 0.042968750 0.007812500 0.039062500 0.027343750 0.046875000 0.062500000 0.046875000 0.054687500 0.031250000 0.015625000 0.027343750 0.031250000 0.023437500 0.027343750 0.027343750 0.042968750 0.007812500 0.039062500 0.023437500 0.011718750 0.007812500 0.050781250 0.027343750 0.019531250 0.007812500 0.035156250 0.031250000 0.007812500 0.019531250 0.019531250 0.007812500 0.023437500 0.027343750 0.039062500 0.039062500 0.050781250 0.019531250 0.035156250 0.019531250 0.027343750 0.042968750 0.007812500 0.015625000 0.078125000 0.027343750 0.031250000 0.039062500 0.015625000 0.050781250 0.050781250 0.042968750 0.039062500 0.050781250 0.035156250 0.023437500 0.042968750 0.023437500 0.027343750 0.039062500 0.042968750 0.031250000 0.027343750 0.027343750 0.007812500 0.015625000 0.046875000 0.035156250 0.031250000 0.023437500 0.042968750 0.019531250 0.007812500 0.050781250 0.023437500 0.039062500 0.011718750 0.015625000 0.031250000 0.039062500 0.007812500 0.023437500 0.007812500 0.019531250 0.035156250 0.023437500 0.015625000 0.023437500 0.054687500 
0.460937500 0.148437500 0.105468750 0.160156250 0.273437500 0.441406250 0.328125000 0.175781250 1.699218750 0.527343750 0.550781250 0.359375000 0.316406250 0.230468750 0.179687500 0.253906250 0.964843750 0.453125000 0.156250000 0.703125000 0.660156250 0.355468750 0.171875000 0.046875000 0.628906250 0.066406250 0.109375000 0.230468750 0.132812500 0.273437500 0.093750000 0.042968750 0.187500000 0.734375000 0.382812500 0.164062500 0.406250000 0.097656250 0.187500000 0.093750000 0.113281250 0.117187500 0.140625000 0.062500000 0.125000000 0.097656250 0.101562500 0.062500000 0.089843750 0.058593750 0.156250000 0.109375000 0.054687500 0.085937500 0.042968750 0.019531250 0.054687500 0.050781250 0.089843750 0.027343750 0.027343750 0.015625000 0.074218750 0.046875000 0.066406250 0.078125000 0.121093750 0.078125000 0.050781250 0.035156250 0.042968750 0.066406250 0.058593750 0.066406250 0.035156250 0.070312500 0.019531250 0.011718750 0.019531250 0.015625000 0.027343750 0.082031250 0.050781250 0.007812500 0.007812500 0.015625000 0.023437500 0.023437500 0.054687500 0.031250000 0.027343750 0.035156250 0.042968750 0.027343750 0.027343750 0.035156250 0.054687500 0.046875000 0.019531250 0.062500000 0.015625000 0.039062500 0.054687500 0.046875000 0.027343750 0.039062500 0.019531250 0.019531250 0.027343750 0.015625000 0.019531250 0.058593750 0.007812500 0.035156250 0.015625000 0.023437500 0.003906250 0.066406250 0.035156250 0.039062500 0.046875000 0.031250000 0.058593750 0.039062500 0.031250000 0.039062500 0.027343750 0.035156250 0.019531250 0.019531250 0.019531250 0.027343750 0.003906250 0.023437500 0.007812500 0.003906250 0.031250000 0.042968750 0.011718750 0.007812500 0.019531250 0.058593750 0.019531250 0.031250000 0.046875000 0.039062500 0.039062500 0.042968750 0.019531250 0.042968750 0.039062500 0.031250000 0.015625000 0.039062500 0.093750000 0.019531250 0.039062500 0.042968750 0.035156250 0.035156250 0.019531250 0.035156250 0.031250000 0.035156250 0.035156250 0.015625000 0.035156250 0.035156250 0.039062500 0.035156250 0.042968750 0.027343750 0.070312500 0.046875000 0.027343750 0.042968750 0.046875000 0.015625000 0.027343750 0.066406250 0.003906250 0.035156250 0.011718750 0.019531250 0.054687500 0.031250000 0.054687500 0.039062500 0.015625000 0.019531250 0.054687500 0.019531250 0.027343750 0.019531250 0.007812500 0.011718750 0.015625000 0.023437500 0.011718750 0.039062500 0.003906250 0.015625000 0.035156250 0.027343750 0.042968750 0.031250000 0.019531250 0.011718750 0.027343750 0.023437500 0.031250000 0.015625000 0.058593750 0.035156250 0.011718750 0.027343750 0.046875000 0.027343750 0.031250000 0.035156250 0.066406250 0.015625000 0.050781250 0.015625000 0.019531250 0.042968750 0.011718750 0.027343750 0.027343750 0.027343750 0.023437500 0.023437500 0.027343750 0.027343750 0.062500000 0.039062500 0.035156250 0.019531250 0.046875000 0.035156250 0.042968750 0.011718750 0.015625000 0.035156250 0.019531250 0.023437500 0.031250000 0.019531250 0.031250000 0.019531250 0.019531250 0.039062500 0.023437500 0.011718750 0.023437500 0.019531250 0.046875000 
0.230468750 0.156250000 0.085937500 0.070312500 0.343750000 0.414062500 0.191406250 0.214843750 1.824218750 0.812500000 0.207031250 0.367187500 0.210937500 0.058593750 0.191406250 0.015625000 0.800781250 0.714843750 0.203125000 0.308593750 0.253906250 0.039062500 0.058593750 0.289062500 0.308593750 0.253906250 0.062500000 0.167968750 0.226562500 0.324218750 0.070312500 0.277343750 0.234375000 0.406250000 0.046875000 0.171875000 0.238281250 0.054687500 0.144531250 0.128906250 0.078125000 0.085937500 0.070312500 0.085937500 0.121093750 0.070312500 0.152343750 0.097656250 0.191406250 0.089843750 0.132812500 0.097656250 0.035156250 0.027343750 0.097656250 0.066406250 0.109375000 0.039062500 0.082031250 0.058593750 0.050781250 0.023437500 0.054687500 0.054687500 0.035156250 0.101562500 0.046875000 0.078125000 0.035156250 0.015625000 0.039062500 0.078125000 0.046875000 0.062500000 0.039062500 0.070312500 0.074218750 0.027343750 0.035156250 0.066406250 0.050781250 0.039062500 0.039062500 0.050781250 0.054687500 0.035156250 0.050781250 0.046875000 0.050781250 0.027343750 0.015625000 0.023437500 0.054687500 0.023437500 0.015625000 0.054687500 0.042968750 0.042968750 0.058593750 0.050781250 0.007812500 0.035156250 0.003906250 0.015625000 0.054687500 0.039062500 0.062500000 0.019531250 0.027343750 0.023437500 0.027343750 0.027343750 0.035156250 0.031250000 0.039062500 0.042968750 0.031250000 0.031250000 0.023437500 0.046875000 0.054687500 0.027343750 0.027343750 0.011718750 0.031250000 0.019531250 0.023437500 0.027343750 0.027343750 0.031250000 0.027343750 0.011718750 0.019531250 0.039062500 0.023437500 0.003906250 0.042968750 0.000000000 0.027343750 0.011718750 0.015625000 0.031250000 0.023437500 0.015625000 0.015625000 0.023437500 0.027343750 0.062500000 0.015625000 0.042968750 0.027343750 0.023437500 0.007812500 0.054687500 0.082031250 0.042968750 0.035156250 0.019531250 0.023437500 0.050781250 0.027343750 0.023437500 0.027343750 0.046875000 0.027343750 0.031250000 0.027343750 0.027343750 0.011718750 0.062500000 0.027343750 0.015625000 0.019531250 0.101562500 0.003906250 0.031250000 0.023437500 0.039062500 0.042968750 0.035156250 0.035156250 0.035156250 0.015625000 0.046875000 0.058593750 0.011718750 0.070312500 0.031250000 0.019531250 0.031250000 0.054687500 0.023437500 0.031250000 0.027343750 0.011718750 0.023437500 0.054687500 0.011718750 0.046875000 0.011718750 0.027343750 0.015625000 0.042968750 0.027343750 0.035156250 0.027343750 0.054687500 0.019531250 0.050781250 0.007812500 0.050781250 0.027343750 0.011718750 0.031250000 0.035156250 0.019531250 0.042968750 0.066406250 0.054687500 0.027343750 0.074218750 0.027343750 0.019531250 0.011718750 0.015625000 0.027343750 0.042968750 0.011718750 0.015625000 0.011718750 0.019531250 0.011718750 0.031250000 0.027343750 0.039062500 0.011718750 0.019531250 0.023437500 0.046875000 0.019531250 0.031250000 0.019531250 0.027343750 0.039062500 0.023437500 0.031250000 0.023437500 0.019531250 0.035156250 0.015625000 0.015625000 0.046875000 0.031250000 0.027343750 0.031250000 0.007812500 0.027343750 
0.039062500 0.269531250 0.253906250 0.167968750 0.375000000 0.101562500 0.152343750 0.152343750 1.601562500 0.710937500 0.398437500 0.410156250 0.191406250 0.089843750 0.187500000 0.222656250 0.457031250 0.367187500 0.332031250 0.039062500 0.257812500 0.238281250 0.261718750 0.500000000 0.089843750 0.214843750 0.218750000 0.058593750 0.269531250 0.257812500 0.093750000 0.261718750 0.214843750 0.285156250 0.238281250 0.019531250 0.121093750 0.093750000 0.125000000 0.097656250 0.058593750 0.058593750 0.085937500 0.097656250 0.011718750 0.039062500 0.152343750 0.050781250 0.062500000 0.171875000 0.066406250 0.011718750 0.062500000 0.058593750 0.085937500 0.058593750 0.074218750 0.039062500 0.023437500 0.058593750 0.070312500 0.023437500 0.050781250 0.050781250 0.089843750 0.054687500 0.031250000 0.050781250 0.027343750 0.011718750 0.011718750 0.058593750 0.058593750 0.066406250 0.035156250 0.058593750 0.074218750 0.023437500 0.035156250 0.031250000 0.054687500 0.027343750 0.042968750 0.054687500 0.050781250 0.035156250 0.046875000 0.066406250 0.070312500 0.042968750 0.066406250 0.019531250 0.027343750 0.023437500 0.039062500 0.023437500 0.039062500 0.027343750 0.058593750 0.035156250 0.042968750 0.058593750 0.042968750 0.027343750 0.058593750 0.023437500 0.054687500 0.015625000 0.039062500 0.058593750 0.035156250 0.027343750 0.027343750 0.011718750 0.007812500 0.062500000 0.058593750 0.023437500 0.046875000 0.011718750 0.039062500 0.019531250 0.023437500 0.015625000 0.031250000 0.015625000 0.035156250 0.019531250 0.039062500 0.035156250 0.039062500 0.031250000 0.031250000 0.015625000 0.046875000 0.027343750 0.058593750 0.039062500 0.050781250 0.007812500 0.015625000 0.007812500 0.023437500 0.011718750 0.011718750 0.011718750 0.019531250 0.093750000 0.035156250 0.023437500 0.027343750 0.042968750 0.046875000 0.050781250 0.027343750 0.027343750 0.058593750 0.007812500 0.027343750 0.039062500 0.050781250 0.042968750 0.007812500 0.050781250 0.011718750 0.031250000 0.039062500 0.019531250 0.007812500 0.042968750 0.050781250 0.035156250 0.019531250 0.070312500 0.019531250 0.027343750 0.003906250 0.023437500 0.066406250 0.007812500 0.019531250 0.003906250 0.042968750 0.007812500 0.011718750 0.046875000 0.039062500 0.031250000 0.027343750 0.062500000 0.011718750 0.039062500 0.019531250 0.023437500 0.019531250 0.011718750 0.054687500 0.019531250 0.011718750 0.019531250 0.031250000 0.042968750 0.003906250 0.015625000 0.054687500 0.007812500 0.015625000 0.027343750 0.042968750 0.015625000 0.035156250 0.019531250 0.000000000 0.007812500 0.003906250 0.015625000 0.035156250 0.046875000 0.078125000 0.027343750 0.058593750 0.042968750 0.011718750 0.003906250 0.011718750 0.031250000 0.039062500 0.019531250 0.007812500 0.019531250 0.007812500 0.039062500 0.015625000 0.050781250 0.007812500 0.023437500 0.042968750 0.035156250 0.007812500 0.023437500 0.035156250 0.011718750 0.035156250 0.031250000 0.027343750 0.027343750 0.015625000 0.027343750 0.015625000 0.027343750 0.035156250 0.035156250 0.023437500 0.007812500 0.019531250 0.015625000 0.023437500 
0.593750000 0.335937500 0.042968750 0.054687500 0.152343750 0.226562500 0.398437500 0.851562500 0.496093750 0.671875000 0.660156250 0.281250000 0.023437500 0.191406250 0.039062500 0.199218750 0.199218750 0.339843750 0.152343750 0.105468750 0.359375000 0.039062500 0.421875000 0.351562500 0.113281250 0.125000000 0.187500000 0.171875000 0.152343750 0.117187500 0.066406250 0.089843750 0.054687500 0.246093750 0.125000000 0.156250000 0.066406250 0.050781250 0.152343750 0.082031250 0.007812500 0.027343750 0.058593750 0.136718750 0.054687500 0.074218750 0.085937500 0.085937500 0.058593750 0.109375000 0.128906250 0.050781250 0.074218750 0.035156250 0.113281250 0.097656250 0.039062500 0.058593750 0.035156250 0.035156250 0.062500000 0.046875000 0.027343750 0.035156250 0.023437500 0.039062500 0.066406250 0.062500000 0.027343750 0.039062500 0.007812500 0.070312500 0.027343750 0.019531250 0.011718750 0.062500000 0.078125000 0.042968750 0.023437500 0.039062500 0.023437500 0.042968750 0.031250000 0.007812500 0.078125000 0.035156250 0.035156250 0.058593750 0.054687500 0.039062500 0.039062500 0.042968750 0.007812500 0.027343750 0.046875000 0.023437500 0.050781250 0.039062500 0.058593750 0.039062500 0.054687500 0.074218750 0.035156250 0.031250000 0.042968750 0.015625000 0.058593750 0.011718750 0.042968750 0.054687500 0.031250000 0.031250000 0.011718750 0.019531250 0.007812500 0.046875000 0.082031250 0.011718750 0.023437500 0.023437500 0.035156250 0.015625000 0.035156250 0.007812500 0.007812500 0.023437500 0.035156250 0.023437500 0.027343750 0.039062500 0.039062500 0.027343750 0.019531250 0.003906250 0.058593750 0.019531250 0.070312500 0.074218750 0.058593750 0.015625000 0.007812500 0.011718750 0.015625000 0.011718750 0.011718750 0.023437500 0.035156250 0.054687500 0.066406250 0.027343750 0.023437500 0.046875000 0.003906250 0.035156250 0.015625000 0.039062500 0.039062500 0.039062500 0.019531250 0.039062500 0.035156250 0.042968750 0.031250000 0.031250000 0.019531250 0.023437500 0.031250000 0.011718750 0.015625000 0.039062500 0.035156250 0.023437500 0.042968750 0.054687500 0.011718750 0.007812500 0.007812500 0.011718750 0.035156250 0.035156250 0.011718750 0.007812500 0.042968750 0.019531250 0.023437500 0.023437500 0.027343750 0.023437500 0.031250000 0.039062500 0.046875000 0.042968750 0.023437500 0.027343750 0.019531250 0.003906250 0.046875000 0.019531250 0.011718750 0.015625000 0.031250000 0.011718750 0.046875000 0.050781250 0.023437500 0.011718750 0.019531250 0.050781250 0.019531250 0.015625000 0.031250000 0.015625000 0.015625000 0.011718750 0.015625000 0.023437500 0.042968750 0.031250000 0.097656250 0.011718750 0.050781250 0.050781250 0.007812500 0.007812500 0.011718750 0.035156250 0.031250000 0.027343750 0.023437500 0.019531250 0.023437500 0.050781250 0.011718750 0.039062500 0.011718750 0.011718750 0.023437500 0.074218750 0.042968750 0.011718750 0.015625000 0.023437500 0.015625000 0.023437500 0.015625000 0.046875000 0.011718750 0.027343750 0.011718750 0.023437500 0.027343750 0.023437500 0.031250000 0.011718750 0.007812500 0.027343750 0.031250000 
0.984375000 0.136718750 0.152343750 0.167968750 0.156250000 0.375000000 0.222656250 0.367187500 0.292968750 1.093750000 0.246093750 0.019531250 0.140625000 0.093750000 0.109375000 0.250000000 0.328125000 0.195312500 0.195312500 0.140625000 0.492187500 0.234375000 0.328125000 0.332031250 0.074218750 0.066406250 0.171875000 0.160156250 0.167968750 0.128906250 0.164062500 0.097656250 0.109375000 0.234375000 0.046875000 0.042968750 0.093750000 0.082031250 0.148437500 0.113281250 0.070312500 0.039062500 0.078125000 0.136718750 0.160156250 0.035156250 0.117187500 0.019531250 0.066406250 0.023437500 0.078125000 0.109375000 0.027343750 0.042968750 0.078125000 0.050781250 0.046875000 0.070312500 0.023437500 0.027343750 0.054687500 0.082031250 0.035156250 0.023437500 0.039062500 0.023437500 0.054687500 0.054687500 0.058593750 0.035156250 0.042968750 0.031250000 0.074218750 0.042968750 0.023437500 0.031250000 0.074218750 0.078125000 0.019531250 0.042968750 0.015625000 0.027343750 0.031250000 0.058593750 0.042968750 0.035156250 0.035156250 0.070312500 0.011718750 0.078125000 0.050781250 0.035156250 0.027343750 0.039062500 0.046875000 0.007812500 0.023437500 0.058593750 0.039062500 0.019531250 0.054687500 0.062500000 0.042968750 0.007812500 0.031250000 0.062500000 0.015625000 0.011718750 0.031250000 0.039062500 0.039062500 0.035156250 0.015625000 0.015625000 0.042968750 0.011718750 0.089843750 0.027343750 0.007812500 0.023437500 0.039062500 0.011718750 0.023437500 0.023437500 0.015625000 0.015625000 0.015625000 0.019531250 0.019531250 0.023437500 0.031250000 0.027343750 0.007812500 0.027343750 0.035156250 0.031250000 0.042968750 0.097656250 0.054687500 0.011718750 0.011718750 0.027343750 0.019531250 0.007812500 0.019531250 0.023437500 0.042968750 0.031250000 0.046875000 0.027343750 0.027343750 0.031250000 0.019531250 0.039062500 0.031250000 0.031250000 0.054687500 0.070312500 0.031250000 0.027343750 0.039062500 0.042968750 0.031250000 0.031250000 0.011718750 0.035156250 0.035156250 0.011718750 0.023437500 0.035156250 0.011718750 0.027343750 0.007812500 0.015625000 0.054687500 0.015625000 0.011718750 0.003906250 0.027343750 0.031250000 0.019531250 0.000000000 0.035156250 0.019531250 0.019531250 0.015625000 0.035156250 0.011718750 0.042968750 0.019531250 0.070312500 0.027343750 0.027343750 0.042968750 0.011718750 0.023437500 0.035156250 0.023437500 0.011718750 0.031250000 0.015625000 0.019531250 0.046875000 0.035156250 0.019531250 0.046875000 0.023437500 0.035156250 0.039062500 0.027343750 0.019531250 0.023437500 0.039062500 0.035156250 0.007812500 0.027343750 0.023437500 0.007812500 0.066406250 0.027343750 0.050781250 0.027343750 0.031250000 0.031250000 0.015625000 0.050781250 0.007812500 0.011718750 0.039062500 0.027343750 0.011718750 0.078125000 0.007812500 0.035156250 0.027343750 0.015625000 0.003906250 0.085937500 0.015625000 0.019531250 0.011718750 0.035156250 0.015625000 0.007812500 0.019531250 0.046875000 0.011718750 0.015625000 0.035156250 0.019531250 0.019531250 0.023437500 0.015625000 0.011718750 0.023437500 0.023437500 0.039062500 
