0.000000000 0.000000000 0.000000000 0.000000000 0.000000000 0.000000000 0.000000000 0.000000000 0.000000000 0.000000000 0.000000000 0.000000000 0.000000000 0.000000000 0.000000000 0.000000000 0.000000000 0.000000000 0.000000000 0.000000000 0.000000000 0.000000000 0.000000000 0.000000000 0.000000000 0.000000000 0.000000000 0.000000000 0.000000000 0.000000000 0.000000000 0.000000000 0.000000000 0.000000000 0.000000000 0.000000000 0.000000000 0.000000000 0.000000000 0.000000000 0.000000000 0.000000000 0.000000000 0.000000000 0.000000000 0.000000000 0.000000000 0.000000000 0.000000000 0.000000000 0.000000000 0.000000000 0.000000000 0.000000000 0.000000000 0.000000000 0.000000000 0.000000000 0.000000000 0.000000000 0.000000000 0.000000000 0.000000000 0.000000000 0.000000000 0.000000000 0.000000000 0.000000000 0.000000000 0.000000000 0.000000000 0.000000000 0.000000000 0.000000000 0.000000000 0.000000000 0.000000000 0.000000000 0.000000000 0.000000000 0.000000000 0.000000000 0.000000000 0.000000000 0.000000000 0.000000000 0.000000000 0.000000000 0.000000000 0.000000000 0.000000000 0.000000000 0.000000000 0.000000000 0.000000000 0.000000000 0.000000000 0.000000000 0.000000000 0.000000000 0.000000000 0.000000000 0.000000000 0.000000000 0.000000000 0.000000000 0.000000000 0.000000000 0.000000000 0.000000000 0.000000000 0.000000000 0.000000000 0.000000000 0.000000000 0.000000000 0.000000000 0.000000000 0.000000000 0.000000000 0.000000000 0.000000000 0.000000000 0.000000000 0.000000000 0.000000000 0.000000000 0.000000000 0.000000000 0.000000000 0.000000000 0.000000000 0.000000000 0.000000000 0.000000000 0.000000000 0.000000000 0.000000000 0.000000000 0.000000000 0.000000000 0.000000000 0.000000000 0.000000000 0.000000000 0.000000000 0.000000000 0.000000000 0.000000000 0.000000000 0.000000000 0.000000000 0.000000000 0.000000000 0.000000000 0.000000000 0.000000000 0.000000000 0.000000000 0.000000000 0.000000000 0.000000000 0.000000000 0.000000000 0.000000000 0.000000000 0.000000000 0.000000000 0.000000000 0.000000000 0.000000000 0.000000000 0.000000000 0.000000000 0.000000000 0.000000000 0.000000000 0.000000000 0.000000000 0.000000000 0.000000000 0.000000000 0.000000000 0.000000000 0.000000000 0.000000000 0.000000000 0.000000000 0.000000000 0.000000000 0.000000000 0.000000000 0.000000000 0.000000000 0.000000000 0.000000000 0.000000000 0.000000000 0.000000000 0.000000000 0.000000000 0.000000000 0.000000000 0.000000000 0.000000000 0.000000000 0.000000000 0.000000000 0.000000000 0.000000000 0.000000000 0.000000000 0.000000000 0.000000000 0.000000000 0.000000000 0.000000000 0.000000000 0.000000000 0.000000000 0.000000000 0.000000000 0.000000000 0.000000000 0.000000000 0.000000000 0.000000000 0.000000000 0.000000000 0.000000000 0.000000000 0.000000000 0.000000000 0.000000000 0.000000000 0.000000000 0.000000000 0.000000000 0.000000000 0.000000000 0.000000000 0.000000000 0.000000000 0.000000000 0.000000000 0.000000000 0.000000000 0.000000000 0.000000000 0.000000000 0.000000000 0.000000000 0.000000000 0.000000000 0.000000000 0.000000000 0.000000000 
0.000000000 0.000000000 0.000000000 0.000000000 0.000000000 0.000000000 0.000000000 0.000000000 0.000000000 0.000000000 0.000000000 0.000000000 0.000000000 0.000000000 0.000000000 0.000000000 0.000000000 0.000000000 0.000000000 0.000000000 0.000000000 0.000000000 0.000000000 0.000000000 0.000000000 0.000000000 0.000000000 0.000000000 0.000000000 0.000000000 0.000000000 0.000000000 0.000000000 0.000000000 0.000000000 0.000000000 0.000000000 0.000000000 0.000000000 0.000000000 0.000000000 0.000000000 0.000000000 0.000000000 0.000000000 0.000000000 0.000000000 0.000000000 0.000000000 0.000000000 0.000000000 0.000000000 0.000000000 0.000000000 0.000000000 0.000000000 0.000000000 0.000000000 0.000000000 0.000000000 0.000000000 0.000000000 0.000000000 0.000000000 0.000000000 0.000000000 0.000000000 0.000000000 0.000000000 0.000000000 0.000000000 0.000000000 0.000000000 0.000000000 0.000000000 0.000000000 0.000000000 0.000000000 0.000000000 0.000000000 0.000000000 0.000000000 0.000000000 0.000000000 0.000000000 0.000000000 0.000000000 0.000000000 0.000000000 0.000000000 0.000000000 0.000000000 0.000000000 0.000000000 0.000000000 0.000000000 0.000000000 0.000000000 0.000000000 0.000000000 0.000000000 0.000000000 0.000000000 0.000000000 0.000000000 0.000000000 0.000000000 0.000000000 0.000000000 0.000000000 0.000000000 0.000000000 0.000000000 0.000000000 0.000000000 0.000000000 0.000000000 0.000000000 0.000000000 0.000000000 0.000000000 0.000000000 0.000000000 0.000000000 0.000000000 0.000000000 0.000000000 0.000000000 0.000000000 0.000000000 0.000000000 0.000000000 0.000000000 0.000000000 0.000000000 0.000000000 0.000000000 0.000000000 0.000000000 0.000000000 0.000000000 0.000000000 0.000000000 0.000000000 0.000000000 0.000000000 0.000000000 0.000000000 0.000000000 0.000000000 0.000000000 0.000000000 0.000000000 0.000000000 0.000000000 0.000000000 0.000000000 0.000000000 0.000000000 0.000000000 0.000000000 0.000000000 0.000000000 0.000000000 0.000000000 0.000000000 0.000000000 0.000000000 0.000000000 0.000000000 0.000000000 0.000000000 0.000000000 0.000000000 0.000000000 0.000000000 0.000000000 0.000000000 0.000000000 0.000000000 0.000000000 0.000000000 0.000000000 0.000000000 0.000000000 0.000000000 0.000000000 0.000000000 0.000000000 0.000000000 0.000000000 0.000000000 0.000000000 0.000000000 0.000000000 0.000000000 0.000000000 0.000000000 0.000000000 0.000000000 0.000000000 0.000000000 0.000000000 0.000000000 0.000000000 0.000000000 0.000000000 0.000000000 0.000000000 0.000000000 0.000000000 0.000000000 0.000000000 0.000000000 0.000000000 0.000000000 0.000000000 0.000000000 0.000000000 0.000000000 0.000000000 0.000000000 0.000000000 0.000000000 0.000000000 0.000000000 0.000000000 0.000000000 0.000000000 0.000000000 0.000000000 0.000000000 0.000000000 0.000000000 0.000000000 0.000000000 0.000000000 0.000000000 0.000000000 0.000000000 0.000000000 0.000000000 0.000000000 0.000000000 0.000000000 0.000000000 0.000000000 0.000000000 0.000000000 0.000000000 0.000000000 0.000000000 0.000000000 0.000000000 0.000000000 0.000000000 0.000000000 
0.000000000 0.000000000 0.000000000 0.000000000 0.000000000 0.000000000 0.000000000 0.000000000 0.000000000 0.000000000 0.000000000 0.000000000 0.000000000 0.000000000 0.000000000 0.000000000 0.000000000 0.000000000 0.000000000 0.000000000 0.000000000 0.000000000 0.000000000 0.000000000 0.000000000 0.000000000 0.000000000 0.000000000 0.000000000 0.000000000 0.000000000 0.000000000 0.000000000 0.000000000 0.000000000 0.000000000 0.000000000 0.000000000 0.000000000 0.000000000 0.000000000 0.000000000 0.000000000 0.000000000 0.000000000 0.000000000 0.000000000 0.000000000 0.000000000 0.000000000 0.000000000 0.000000000 0.000000000 0.000000000 0.000000000 0.000000000 0.000000000 0.000000000 0.000000000 0.000000000 0.000000000 0.000000000 0.000000000 0.000000000 0.000000000 0.000000000 0.000000000 0.000000000 0.000000000 0.000000000 0.000000000 0.000000000 0.000000000 0.000000000 0.000000000 0.000000000 0.000000000 0.000000000 0.000000000 0.000000000 0.000000000 0.000000000 0.000000000 0.000000000 0.000000000 0.000000000 0.000000000 0.000000000 0.000000000 0.000000000 0.000000000 0.000000000 0.000000000 0.000000000 0.000000000 0.000000000 0.000000000 0.000000000 0.000000000 0.000000000 0.000000000 0.000000000 0.000000000 0.000000000 0.000000000 0.000000000 0.000000000 0.000000000 0.000000000 0.000000000 0.000000000 0.000000000 0.000000000 0.000000000 0.000000000 0.000000000 0.000000000 0.000000000 0.000000000 0.000000000 0.000000000 0.000000000 0.000000000 0.000000000 0.000000000 0.000000000 0.000000000 0.000000000 0.000000000 0.000000000 0.000000000 0.000000000 0.000000000 0.000000000 0.000000000 0.000000000 0.000000000 0.000000000 0.000000000 0.000000000 0.000000000 0.000000000 0.000000000 0.000000000 0.000000000 0.000000000 0.000000000 0.000000000 0.000000000 0.000000000 0.000000000 0.000000000 0.000000000 0.000000000 0.000000000 0.000000000 0.000000000 0.000000000 0.000000000 0.000000000 0.000000000 0.000000000 0.000000000 0.000000000 0.000000000 0.000000000 0.000000000 0.000000000 0.000000000 0.000000000 0.000000000 0.000000000 0.000000000 0.000000000 0.000000000 0.000000000 0.000000000 0.000000000 0.000000000 0.000000000 0.000000000 0.000000000 0.000000000 0.000000000 0.000000000 0.000000000 0.000000000 0.000000000 0.000000000 0.000000000 0.000000000 0.000000000 0.000000000 0.000000000 0.000000000 0.000000000 0.000000000 0.000000000 0.000000000 0.000000000 0.000000000 0.000000000 0.000000000 0.000000000 0.000000000 0.000000000 0.000000000 0.000000000 0.000000000 0.000000000 0.000000000 0.000000000 0.000000000 0.000000000 0.000000000 0.000000000 0.000000000 0.000000000 0.000000000 0.000000000 0.000000000 0.000000000 0.000000000 0.000000000 0.000000000 0.000000000 0.000000000 0.000000000 0.000000000 0.000000000 0.000000000 0.000000000 0.000000000 0.000000000 0.000000000 0.000000000 0.000000000 0.000000000 0.000000000 0.000000000 0.000000000 0.000000000 0.000000000 0.000000000 0.000000000 0.000000000 0.000000000 0.000000000 0.000000000 0.000000000 0.000000000 0.000000000 0.000000000 0.000000000 0.000000000 0.000000000 0.000000000 
0.000000000 0.000000000 0.000000000 0.000000000 0.000000000 0.000000000 0.000000000 0.000000000 0.000000000 0.000000000 0.000000000 0.000000000 0.000000000 0.000000000 0.000000000 0.000000000 0.000000000 0.000000000 0.000000000 0.000000000 0.000000000 0.000000000 0.000000000 0.000000000 0.000000000 0.000000000 0.000000000 0.000000000 0.000000000 0.000000000 0.000000000 0.000000000 0.000000000 0.000000000 0.000000000 0.000000000 0.000000000 0.000000000 0.000000000 0.000000000 0.000000000 0.000000000 0.000000000 0.000000000 0.000000000 0.000000000 0.000000000 0.000000000 0.000000000 0.000000000 0.000000000 0.000000000 0.000000000 0.000000000 0.000000000 0.000000000 0.000000000 0.000000000 0.000000000 0.000000000 0.000000000 0.000000000 0.000000000 0.000000000 0.000000000 0.000000000 0.000000000 0.000000000 0.000000000 0.000000000 0.000000000 0.000000000 0.000000000 0.000000000 0.000000000 0.000000000 0.000000000 0.000000000 0.000000000 0.000000000 0.000000000 0.000000000 0.000000000 0.000000000 0.000000000 0.000000000 0.000000000 0.000000000 0.000000000 0.000000000 0.000000000 0.000000000 0.000000000 0.000000000 0.000000000 0.000000000 0.000000000 0.000000000 0.000000000 0.000000000 0.000000000 0.000000000 0.000000000 0.000000000 0.000000000 0.000000000 0.000000000 0.000000000 0.000000000 0.000000000 0.000000000 0.000000000 0.000000000 0.000000000 0.000000000 0.000000000 0.000000000 0.000000000 0.000000000 0.000000000 0.000000000 0.000000000 0.000000000 0.000000000 0.000000000 0.000000000 0.000000000 0.000000000 0.000000000 0.000000000 0.000000000 0.000000000 0.000000000 0.000000000 0.000000000 0.000000000 0.000000000 0.000000000 0.000000000 0.000000000 0.000000000 0.000000000 0.000000000 0.000000000 0.000000000 0.000000000 0.000000000 0.000000000 0.000000000 0.000000000 0.000000000 0.000000000 0.000000000 0.000000000 0.000000000 0.000000000 0.000000000 0.000000000 0.000000000 0.000000000 0.000000000 0.000000000 0.000000000 0.000000000 0.000000000 0.000000000 0.000000000 0.000000000 0.000000000 0.000000000 0.000000000 0.000000000 0.000000000 0.000000000 0.000000000 0.000000000 0.000000000 0.000000000 0.000000000 0.000000000 0.000000000 0.000000000 0.000000000 0.000000000 0.000000000 0.000000000 0.000000000 0.000000000 0.000000000 0.000000000 0.000000000 0.000000000 0.000000000 0.000000000 0.000000000 0.000000000 0.000000000 0.000000000 0.000000000 0.000000000 0.000000000 0.000000000 0.000000000 0.000000000 0.000000000 0.000000000 0.000000000 0.000000000 0.000000000 0.000000000 0.000000000 0.000000000 0.000000000 0.000000000 0.000000000 0.000000000 0.000000000 0.000000000 0.000000000 0.000000000 0.000000000 0.000000000 0.000000000 0.000000000 0.000000000 0.000000000 0.000000000 0.000000000 0.000000000 0.000000000 0.000000000 0.000000000 0.000000000 0.000000000 0.000000000 0.000000000 0.000000000 0.000000000 0.000000000 0.000000000 0.000000000 0.000000000 0.000000000 0.000000000 0.000000000 0.000000000 0.000000000 0.000000000 0.000000000 0.000000000 0.000000000 0.000000000 0.000000000 0.000000000 0.000000000 0.000000000 0.000000000 
0.007812500 0.007812500 0.007812500 0.007812500 0.007812500 0.007812500 0.007812500 0.007812500 0.007812500 0.007812500 0.007812500 0.007812500 0.007812500 0.007812500 0.007812500 0.007812500 0.007812500 0.007812500 0.007812500 0.007812500 0.007812500 0.007812500 0.007812500 0.007812500 0.007812500 0.007812500 0.007812500 0.007812500 0.007812500 0.007812500 0.007812500 0.007812500 0.007812500 0.007812500 0.007812500 0.007812500 0.007812500 0.007812500 0.007812500 0.003906250 0.000000000 0.003906250 0.007812500 0.011718750 0.015625000 0.019531250 0.023437500 0.027343750 0.031250000 0.035156250 0.035156250 0.035156250 0.035156250 0.031250000 0.031250000 0.027343750 0.023437500 0.019531250 0.019531250 0.015625000 0.011718750 0.011718750 0.007812500 0.007812500 0.007812500 0.011718750 0.011718750 0.011718750 0.011718750 0.011718750 0.015625000 0.015625000 0.019531250 0.019531250 0.023437500 0.023437500 0.023437500 0.027343750 0.027343750 0.027343750 0.023437500 0.019531250 0.019531250 0.011718750 0.007812500 0.003906250 0.003906250 0.007812500 0.011718750 0.015625000 0.019531250 0.023437500 0.023437500 0.023437500 0.023437500 0.019531250 0.015625000 0.015625000 0.011718750 0.007812500 0.007812500 0.003906250 0.003906250 0.003906250 0.003906250 0.003906250 0.003906250 0.003906250 0.003906250 0.003906250 0.007812500 0.007812500 0.007812500 0.007812500 0.011718750 0.011718750 0.015625000 0.019531250 0.019531250 0.019531250 0.023437500 0.019531250 0.019531250 0.019531250 0.015625000 0.011718750 0.007812500 0.003906250 0.000000000 0.003906250 0.007812500 0.007812500 0.007812500 0.007812500 0.007812500 0.007812500 0.003906250 0.000000000 0.003906250 0.003906250 0.007812500 0.007812500 0.011718750 0.011718750 0.011718750 0.007812500 0.007812500 0.003906250 0.003906250 0.007812500 0.007812500 0.011718750 0.011718750 0.011718750 0.011718750 0.011718750 0.011718750 0.007812500 0.007812500 0.003906250 0.003906250 0.003906250 0.003906250 0.003906250 0.003906250 0.000000000 0.000000000 0.003906250 0.003906250 0.007812500 0.007812500 0.011718750 0.011718750 0.011718750 0.007812500 0.007812500 0.003906250 0.003906250 0.007812500 0.011718750 0.015625000 0.015625000 0.019531250 0.019531250 0.019531250 0.019531250 0.015625000 0.011718750 0.007812500 0.003906250 0.003906250 0.003906250 0.007812500 0.011718750 0.015625000 0.015625000 0.015625000 0.015625000 0.015625000 0.015625000 0.011718750 0.011718750 0.007812500 0.007812500 0.007812500 0.007812500 0.007812500 0.007812500 0.007812500 0.011718750 0.011718750 0.015625000 0.015625000 0.015625000 0.015625000 0.015625000 0.011718750 0.011718750 0.007812500 0.007812500 0.007812500 0.011718750 0.015625000 0.015625000 0.019531250 0.019531250 0.019531250 0.015625000 0.015625000 0.011718750 0.007812500 0.007812500 0.007812500 0.011718750 0.011718750 0.015625000 0.019531250 0.019531250 0.019531250 0.023437500 0.023437500 0.023437500 0.027343750 0.027343750 0.031250000 0.031250000 0.031250000 0.027343750 0.027343750 0.023437500 0.019531250 0.019531250 0.015625000 0.011718750 0.011718750 0.007812500 0.007812500 
0.011718750 0.003906250 0.015625000 0.007812500 0.015625000 0.015625000 0.003906250 0.011718750 0.003906250 0.015625000 0.003906250 0.007812500 0.007812500 0.015625000 0.000000000 0.019531250 0.007812500 0.027343750 0.023437500 0.015625000 0.019531250 0.007812500 0.000000000 0.011718750 0.011718750 0.007812500 0.003906250 0.011718750 0.007812500 0.011718750 0.007812500 0.027343750 0.031250000 0.015625000 0.027343750 0.011718750 0.007812500 0.003906250 0.015625000 0.011718750 0.007812500 0.011718750 0.007812500 0.023437500 0.011718750 0.023437500 0.023437500 0.023437500 0.035156250 0.042968750 0.011718750 0.062500000 0.046875000 0.027343750 0.050781250 0.023437500 0.019531250 0.023437500 0.019531250 0.019531250 0.003906250 0.027343750 0.007812500 0.019531250 0.007812500 0.019531250 0.011718750 0.035156250 0.015625000 0.023437500 0.031250000 0.019531250 0.042968750 0.054687500 0.019531250 0.054687500 0.042968750 0.007812500 0.062500000 0.066406250 0.027343750 0.058593750 0.042968750 0.023437500 0.046875000 0.046875000 0.031250000 0.000000000 0.007812500 0.062500000 0.078125000 0.070312500 0.121093750 0.113281250 0.117187500 0.171875000 0.160156250 0.167968750 0.167968750 0.121093750 0.097656250 0.078125000 0.058593750 0.050781250 0.027343750 0.003906250 0.019531250 0.046875000 0.042968750 0.046875000 0.031250000 0.007812500 0.023437500 0.035156250 0.027343750 0.042968750 0.019531250 0.007812500 0.062500000 0.074218750 0.062500000 0.097656250 0.062500000 0.058593750 0.093750000 0.078125000 0.082031250 0.070312500 0.046875000 0.031250000 0.023437500 0.042968750 0.035156250 0.035156250 0.035156250 0.015625000 0.015625000 0.007812500 0.007812500 0.007812500 0.023437500 0.011718750 0.031250000 0.019531250 0.019531250 0.011718750 0.007812500 0.003906250 0.011718750 0.011718750 0.019531250 0.015625000 0.023437500 0.007812500 0.015625000 0.027343750 0.007812500 0.027343750 0.011718750 0.015625000 0.007812500 0.015625000 0.003906250 0.003906250 0.003906250 0.003906250 0.003906250 0.007812500 0.007812500 0.019531250 0.011718750 0.011718750 0.011718750 0.015625000 0.003906250 0.015625000 0.003906250 0.015625000 0.015625000 0.031250000 0.011718750 0.035156250 0.042968750 0.007812500 0.039062500 0.027343750 0.011718750 0.015625000 0.031250000 0.019531250 0.023437500 0.015625000 0.027343750 0.027343750 0.011718750 0.031250000 0.007812500 0.019531250 0.019531250 0.007812500 0.019531250 0.015625000 0.007812500 0.003906250 0.023437500 0.019531250 0.019531250 0.023437500 0.015625000 0.003906250 0.023437500 0.019531250 0.011718750 0.015625000 0.023437500 0.011718750 0.023437500 0.019531250 0.015625000 0.015625000 0.007812500 0.019531250 0.011718750 0.019531250 0.019531250 0.019531250 0.015625000 0.023437500 0.007812500 0.023437500 0.027343750 0.019531250 0.031250000 0.031250000 0.007812500 0.027343750 0.023437500 0.015625000 0.023437500 0.019531250 0.031250000 0.015625000 0.031250000 0.031250000 0.027343750 0.027343750 0.046875000 0.015625000 0.035156250 0.031250000 0.015625000 0.027343750 0.000000000 0.031250000 0.027343750 0.023437500 0.035156250 
0.007812500 0.003906250 0.015625000 0.007812500 0.019531250 0.015625000 0.007812500 0.011718750 0.007812500 0.011718750 0.007812500 0.003906250 0.011718750 0.015625000 0.003906250 0.015625000 0.007812500 0.031250000 0.027343750 0.015625000 0.015625000 0.011718750 0.003906250 0.011718750 0.011718750 0.003906250 0.007812500 0.011718750 0.011718750 0.011718750 0.011718750 0.031250000 0.027343750 0.011718750 0.023437500 0.015625000 0.007812500 0.003906250 0.019531250 0.007812500 0.007812500 0.015625000 0.011718750 0.019531250 0.015625000 0.019531250 0.027343750 0.023437500 0.035156250 0.046875000 0.007812500 0.066406250 0.042968750 0.023437500 0.050781250 0.023437500 0.023437500 0.019531250 0.023437500 0.015625000 0.000000000 0.031250000 0.011718750 0.019531250 0.007812500 0.019531250 0.007812500 0.031250000 0.019531250 0.027343750 0.027343750 0.019531250 0.042968750 0.058593750 0.019531250 0.050781250 0.046875000 0.011718750 0.062500000 0.062500000 0.027343750 0.062500000 0.039062500 0.023437500 0.050781250 0.050781250 0.027343750 0.003906250 0.011718750 0.058593750 0.078125000 0.074218750 0.125000000 0.109375000 0.113281250 0.171875000 0.164062500 0.171875000 0.164062500 0.117187500 0.101562500 0.078125000 0.054687500 0.046875000 0.031250000 0.007812500 0.019531250 0.050781250 0.046875000 0.046875000 0.027343750 0.011718750 0.027343750 0.031250000 0.023437500 0.042968750 0.019531250 0.003906250 0.062500000 0.078125000 0.066406250 0.093750000 0.062500000 0.062500000 0.093750000 0.074218750 0.078125000 0.074218750 0.050781250 0.031250000 0.023437500 0.046875000 0.039062500 0.035156250 0.031250000 0.011718750 0.015625000 0.011718750 0.007812500 0.003906250 0.023437500 0.015625000 0.035156250 0.023437500 0.023437500 0.007812500 0.007812500 0.007812500 0.007812500 0.007812500 0.019531250 0.011718750 0.027343750 0.003906250 0.011718750 0.031250000 0.011718750 0.027343750 0.007812500 0.011718750 0.003906250 0.011718750 0.007812500 0.007812500 0.003906250 0.007812500 0.003906250 0.007812500 0.007812500 0.023437500 0.007812500 0.011718750 0.015625000 0.011718750 0.003906250 0.011718750 0.003906250 0.015625000 0.019531250 0.027343750 0.007812500 0.035156250 0.046875000 0.011718750 0.035156250 0.031250000 0.007812500 0.015625000 0.031250000 0.023437500 0.027343750 0.011718750 0.023437500 0.031250000 0.015625000 0.027343750 0.011718750 0.015625000 0.023437500 0.007812500 0.015625000 0.015625000 0.003906250 0.003906250 0.023437500 0.023437500 0.019531250 0.019531250 0.019531250 0.007812500 0.027343750 0.015625000 0.007812500 0.019531250 0.019531250 0.015625000 0.027343750 0.023437500 0.019531250 0.015625000 0.003906250 0.019531250 0.007812500 0.019531250 0.019531250 0.015625000 0.019531250 0.019531250 0.011718750 0.023437500 0.031250000 0.019531250 0.027343750 0.031250000 0.011718750 0.031250000 0.019531250 0.015625000 0.023437500 0.019531250 0.035156250 0.015625000 0.031250000 0.031250000 0.027343750 0.031250000 0.042968750 0.019531250 0.035156250 0.031250000 0.019531250 0.023437500 0.003906250 0.031250000 0.027343750 0.023437500 0.031250000 
0.007812500 0.003906250 0.011718750 0.019531250 0.011718750 0.015625000 0.011718750 0.007812500 0.011718750 0.007812500 0.003906250 0.007812500 0.003906250 0.000000000 0.007812500 0.011718750 0.011718750 0.031250000 0.031250000 0.011718750 0.003906250 0.007812500 0.011718750 0.007812500 0.011718750 0.003906250 0.011718750 0.011718750 0.003906250 0.011718750 0.011718750 0.035156250 0.035156250 0.015625000 0.007812500 0.019531250 0.011718750 0.015625000 0.023437500 0.007812500 0.007812500 0.007812500 0.015625000 0.011718750 0.007812500 0.007812500 0.003906250 0.015625000 0.015625000 0.023437500 0.019531250 0.031250000 0.042968750 0.031250000 0.011718750 0.011718750 0.015625000 0.011718750 0.011718750 0.007812500 0.007812500 0.019531250 0.031250000 0.007812500 0.023437500 0.015625000 0.019531250 0.046875000 0.046875000 0.015625000 0.023437500 0.042968750 0.074218750 0.054687500 0.003906250 0.042968750 0.062500000 0.070312500 0.042968750 0.019531250 0.062500000 0.070312500 0.042968750 0.023437500 0.031250000 0.062500000 0.039062500 0.015625000 0.023437500 0.031250000 0.078125000 0.105468750 0.097656250 0.097656250 0.136718750 0.171875000 0.167968750 0.152343750 0.160156250 0.144531250 0.101562500 0.062500000 0.054687500 0.054687500 0.039062500 0.007812500 0.023437500 0.042968750 0.058593750 0.039062500 0.015625000 0.023437500 0.039062500 0.046875000 0.027343750 0.015625000 0.042968750 0.054687500 0.089843750 0.070312500 0.039062500 0.097656250 0.117187500 0.105468750 0.046875000 0.062500000 0.121093750 0.113281250 0.042968750 0.023437500 0.042968750 0.078125000 0.062500000 0.000000000 0.042968750 0.042968750 0.023437500 0.011718750 0.015625000 0.019531250 0.027343750 0.015625000 0.027343750 0.039062500 0.019531250 0.015625000 0.019531250 0.019531250 0.027343750 0.023437500 0.011718750 0.035156250 0.031250000 0.011718750 0.011718750 0.019531250 0.039062500 0.019531250 0.011718750 0.019531250 0.007812500 0.007812500 0.015625000 0.007812500 0.003906250 0.007812500 0.007812500 0.003906250 0.015625000 0.015625000 0.011718750 0.007812500 0.007812500 0.007812500 0.003906250 0.003906250 0.011718750 0.011718750 0.015625000 0.023437500 0.027343750 0.031250000 0.027343750 0.027343750 0.027343750 0.023437500 0.023437500 0.015625000 0.011718750 0.031250000 0.039062500 0.027343750 0.015625000 0.015625000 0.031250000 0.019531250 0.007812500 0.007812500 0.019531250 0.015625000 0.007812500 0.000000000 0.007812500 0.003906250 0.019531250 0.023437500 0.019531250 0.015625000 0.019531250 0.015625000 0.011718750 0.011718750 0.011718750 0.007812500 0.007812500 0.007812500 0.019531250 0.023437500 0.015625000 0.011718750 0.007812500 0.007812500 0.011718750 0.003906250 0.003906250 0.003906250 0.007812500 0.007812500 0.015625000 0.011718750 0.027343750 0.035156250 0.023437500 0.015625000 0.023437500 0.027343750 0.011718750 0.000000000 0.003906250 0.003906250 0.011718750 0.011718750 0.003906250 0.003906250 0.011718750 0.019531250 0.015625000 0.011718750 0.015625000 0.019531250 0.003906250 0.007812500 0.019531250 0.023437500 0.019531250 0.027343750 0.031250000 
0.011718750 0.007812500 0.003906250 0.015625000 0.011718750 0.007812500 0.011718750 0.015625000 0.003906250 0.015625000 0.015625000 0.007812500 0.011718750 0.015625000 0.007812500 0.011718750 0.019531250 0.007812500 0.011718750 0.019531250 0.007812500 0.011718750 0.011718750 0.007812500 0.003906250 0.007812500 0.015625000 0.003906250 0.011718750 0.019531250 0.003906250 0.019531250 0.015625000 0.011718750 0.011718750 0.011718750 0.007812500 0.011718750 0.011718750 0.007812500 0.011718750 0.003906250 0.007812500 0.003906250 0.003906250 0.000000000 0.003906250 0.007812500 0.003906250 0.015625000 0.007812500 0.015625000 0.015625000 0.011718750 0.019531250 0.019531250 0.019531250 0.027343750 0.027343750 0.019531250 0.031250000 0.011718750 0.015625000 0.015625000 0.011718750 0.011718750 0.027343750 0.039062500 0.039062500 0.050781250 0.066406250 0.046875000 0.070312500 0.058593750 0.046875000 0.054687500 0.031250000 0.031250000 0.031250000 0.011718750 0.031250000 0.023437500 0.027343750 0.042968750 0.015625000 0.039062500 0.031250000 0.007812500 0.019531250 0.011718750 0.015625000 0.011718750 0.031250000 0.046875000 0.023437500 0.054687500 0.050781250 0.031250000 0.054687500 0.039062500 0.027343750 0.035156250 0.027343750 0.003906250 0.019531250 0.027343750 0.019531250 0.019531250 0.039062500 0.015625000 0.023437500 0.027343750 0.003906250 0.019531250 0.011718750 0.023437500 0.042968750 0.023437500 0.058593750 0.050781250 0.050781250 0.070312500 0.046875000 0.062500000 0.062500000 0.042968750 0.058593750 0.054687500 0.039062500 0.062500000 0.035156250 0.050781250 0.050781250 0.027343750 0.042968750 0.031250000 0.019531250 0.023437500 0.023437500 0.007812500 0.019531250 0.023437500 0.003906250 0.019531250 0.015625000 0.007812500 0.011718750 0.003906250 0.015625000 0.015625000 0.015625000 0.031250000 0.015625000 0.027343750 0.031250000 0.011718750 0.027343750 0.011718750 0.015625000 0.015625000 0.011718750 0.011718750 0.015625000 0.003906250 0.015625000 0.015625000 0.003906250 0.019531250 0.011718750 0.011718750 0.019531250 0.011718750 0.015625000 0.015625000 0.019531250 0.011718750 0.019531250 0.015625000 0.011718750 0.023437500 0.007812500 0.019531250 0.015625000 0.015625000 0.015625000 0.011718750 0.011718750 0.007812500 0.007812500 0.003906250 0.003906250 0.011718750 0.011718750 0.011718750 0.023437500 0.011718750 0.023437500 0.019531250 0.019531250 0.019531250 0.019531250 0.011718750 0.011718750 0.011718750 0.003906250 0.007812500 0.015625000 0.007812500 0.011718750 0.015625000 0.007812500 0.007812500 0.007812500 0.007812500 0.003906250 0.007812500 0.011718750 0.003906250 0.011718750 0.011718750 0.003906250 0.007812500 0.003906250 0.003906250 0.007812500 0.007812500 0.015625000 0.007812500 0.015625000 0.011718750 0.007812500 0.011718750 0.000000000 0.003906250 0.003906250 0.003906250 0.007812500 0.007812500 0.007812500 0.011718750 0.000000000 0.007812500 0.003906250 0.003906250 0.007812500 0.007812500 0.007812500 0.007812500 0.007812500 0.011718750 0.007812500 0.011718750 0.003906250 0.011718750 0.003906250 0.011718750 0.003906250 
0.007812500 0.007812500 0.007812500 0.003906250 0.003906250 0.003906250 0.003906250 0.003906250 0.007812500 0.007812500 0.011718750 0.011718750 0.011718750 0.011718750 0.007812500 0.011718750 0.007812500 0.007812500 0.007812500 0.007812500 0.011718750 0.007812500 0.007812500 0.011718750 0.003906250 0.007812500 0.007812500 0.007812500 0.011718750 0.007812500 0.011718750 0.015625000 0.011718750 0.015625000 0.007812500 0.011718750 0.007812500 0.007812500 0.007812500 0.007812500 0.007812500 0.003906250 0.007812500 0.000000000 0.007812500 0.003906250 0.003906250 0.007812500 0.003906250 0.011718750 0.007812500 0.011718750 0.015625000 0.011718750 0.019531250 0.015625000 0.027343750 0.019531250 0.027343750 0.023437500 0.019531250 0.023437500 0.007812500 0.011718750 0.015625000 0.011718750 0.031250000 0.035156250 0.042968750 0.054687500 0.050781250 0.066406250 0.054687500 0.058593750 0.054687500 0.042968750 0.042968750 0.023437500 0.031250000 0.015625000 0.027343750 0.019531250 0.035156250 0.027343750 0.031250000 0.031250000 0.019531250 0.023437500 0.003906250 0.007812500 0.015625000 0.019531250 0.023437500 0.039062500 0.031250000 0.050781250 0.042968750 0.046875000 0.046875000 0.031250000 0.042968750 0.023437500 0.023437500 0.019531250 0.003906250 0.015625000 0.023437500 0.011718750 0.027343750 0.019531250 0.023437500 0.019531250 0.015625000 0.015625000 0.015625000 0.023437500 0.027343750 0.042968750 0.039062500 0.058593750 0.046875000 0.062500000 0.058593750 0.054687500 0.058593750 0.046875000 0.058593750 0.042968750 0.058593750 0.042968750 0.050781250 0.046875000 0.042968750 0.046875000 0.027343750 0.039062500 0.019531250 0.023437500 0.023437500 0.007812500 0.019531250 0.011718750 0.011718750 0.015625000 0.003906250 0.011718750 0.003906250 0.011718750 0.007812500 0.023437500 0.011718750 0.027343750 0.019531250 0.027343750 0.027343750 0.015625000 0.027343750 0.011718750 0.023437500 0.007812500 0.019531250 0.011718750 0.011718750 0.015625000 0.003906250 0.015625000 0.007812500 0.011718750 0.015625000 0.003906250 0.019531250 0.011718750 0.015625000 0.019531250 0.011718750 0.023437500 0.011718750 0.019531250 0.019531250 0.011718750 0.019531250 0.007812500 0.019531250 0.011718750 0.015625000 0.015625000 0.007812500 0.015625000 0.000000000 0.007812500 0.003906250 0.011718750 0.007812500 0.019531250 0.011718750 0.023437500 0.019531250 0.023437500 0.023437500 0.015625000 0.023437500 0.007812500 0.011718750 0.007812500 0.000000000 0.007812500 0.011718750 0.003906250 0.015625000 0.007812500 0.011718750 0.011718750 0.003906250 0.007812500 0.003906250 0.003906250 0.007812500 0.003906250 0.003906250 0.007812500 0.000000000 0.003906250 0.003906250 0.000000000 0.007812500 0.007812500 0.007812500 0.011718750 0.007812500 0.011718750 0.007812500 0.007812500 0.003906250 0.003906250 0.000000000 0.007812500 0.003906250 0.007812500 0.007812500 0.003906250 0.007812500 0.003906250 0.003906250 0.003906250 0.003906250 0.003906250 0.007812500 0.007812500 0.007812500 0.007812500 0.007812500 0.007812500 0.007812500 0.007812500 0.007812500 0.007812500 0.007812500 
0.007812500 0.007812500 0.007812500 0.003906250 0.003906250 0.003906250 0.003906250 0.003906250 0.007812500 0.007812500 0.011718750 0.011718750 0.011718750 0.011718750 0.007812500 0.011718750 0.007812500 0.007812500 0.007812500 0.007812500 0.011718750 0.007812500 0.007812500 0.011718750 0.003906250 0.007812500 0.007812500 0.007812500 0.011718750 0.007812500 0.011718750 0.015625000 0.011718750 0.015625000 0.007812500 0.011718750 0.007812500 0.007812500 0.007812500 0.007812500 0.007812500 0.003906250 0.007812500 0.000000000 0.007812500 0.003906250 0.003906250 0.007812500 0.003906250 0.011718750 0.007812500 0.011718750 0.015625000 0.011718750 0.019531250 0.015625000 0.027343750 0.019531250 0.027343750 0.023437500 0.019531250 0.023437500 0.007812500 0.011718750 0.015625000 0.011718750 0.031250000 0.035156250 0.042968750 0.054687500 0.050781250 0.066406250 0.054687500 0.058593750 0.054687500 0.042968750 0.042968750 0.023437500 0.031250000 0.015625000 0.027343750 0.019531250 0.035156250 0.027343750 0.031250000 0.031250000 0.019531250 0.023437500 0.003906250 0.007812500 0.015625000 0.019531250 0.023437500 0.039062500 0.031250000 0.050781250 0.042968750 0.046875000 0.046875000 0.031250000 0.042968750 0.023437500 0.023437500 0.019531250 0.003906250 0.015625000 0.023437500 0.011718750 0.027343750 0.019531250 0.023437500 0.019531250 0.015625000 0.015625000 0.015625000 0.023437500 0.027343750 0.042968750 0.039062500 0.058593750 0.046875000 0.062500000 0.058593750 0.054687500 0.058593750 0.046875000 0.058593750 0.042968750 0.058593750 0.042968750 0.050781250 0.046875000 0.042968750 0.046875000 0.027343750 0.039062500 0.019531250 0.023437500 0.023437500 0.007812500 0.019531250 0.011718750 0.011718750 0.015625000 0.003906250 0.011718750 0.003906250 0.011718750 0.007812500 0.023437500 0.011718750 0.027343750 0.019531250 0.027343750 0.027343750 0.015625000 0.027343750 0.011718750 0.023437500 0.007812500 0.019531250 0.011718750 0.011718750 0.015625000 0.003906250 0.015625000 0.007812500 0.011718750 0.015625000 0.003906250 0.019531250 0.011718750 0.015625000 0.019531250 0.011718750 0.023437500 0.011718750 0.019531250 0.019531250 0.011718750 0.019531250 0.007812500 0.019531250 0.011718750 0.015625000 0.015625000 0.007812500 0.015625000 0.000000000 0.007812500 0.003906250 0.011718750 0.007812500 0.019531250 0.011718750 0.023437500 0.019531250 0.023437500 0.023437500 0.015625000 0.023437500 0.007812500 0.011718750 0.007812500 0.000000000 0.007812500 0.011718750 0.003906250 0.015625000 0.007812500 0.011718750 0.011718750 0.003906250 0.007812500 0.003906250 0.003906250 0.007812500 0.003906250 0.003906250 0.007812500 0.000000000 0.003906250 0.003906250 0.000000000 0.007812500 0.007812500 0.007812500 0.011718750 0.007812500 0.011718750 0.007812500 0.007812500 0.003906250 0.003906250 0.000000000 0.007812500 0.003906250 0.007812500 0.007812500 0.003906250 0.007812500 0.003906250 0.003906250 0.003906250 0.003906250 0.003906250 0.007812500 0.007812500 0.007812500 0.007812500 0.007812500 0.007812500 0.007812500 0.007812500 0.007812500 0.007812500 0.007812500 
0.058593750 0.062500000 0.066406250 0.066406250 0.070312500 0.089843750 0.101562500 0.089843750 0.046875000 0.023437500 0.109375000 0.183593750 0.226562500 0.238281250 0.210937500 0.167968750 0.109375000 0.062500000 0.031250000 0.027343750 0.042968750 0.054687500 0.050781250 0.027343750 0.015625000 0.031250000 0.046875000 0.046875000 0.031250000 0.039062500 0.050781250 0.058593750 0.054687500 0.042968750 0.015625000 0.023437500 0.027343750 0.023437500 0.023437500 0.023437500 0.027343750 0.023437500 0.023437500 0.027343750 0.035156250 0.039062500 0.027343750 0.015625000 0.015625000 0.019531250 0.023437500 0.023437500 0.011718750 0.007812500 0.007812500 0.000000000 0.003906250 0.011718750 0.023437500 0.015625000 0.007812500 0.015625000 0.019531250 0.035156250 0.039062500 0.027343750 0.003906250 0.019531250 0.027343750 0.042968750 0.054687500 0.042968750 0.015625000 0.023437500 0.046875000 0.074218750 0.089843750 0.074218750 0.042968750 0.019531250 0.027343750 0.050781250 0.062500000 0.046875000 0.027343750 0.015625000 0.003906250 0.035156250 0.054687500 0.054687500 0.039062500 0.027343750 0.039062500 0.070312500 0.097656250 0.105468750 0.113281250 0.113281250 0.085937500 0.066406250 0.058593750 0.031250000 0.011718750 0.019531250 0.035156250 0.054687500 0.058593750 0.042968750 0.031250000 0.031250000 0.035156250 0.042968750 0.054687500 0.050781250 0.054687500 0.046875000 0.027343750 0.039062500 0.058593750 0.082031250 0.109375000 0.109375000 0.113281250 0.140625000 0.148437500 0.132812500 0.113281250 0.089843750 0.054687500 0.035156250 0.066406250 0.101562500 0.144531250 0.175781250 0.171875000 0.140625000 0.105468750 0.074218750 0.050781250 0.039062500 0.027343750 0.019531250 0.031250000 0.054687500 0.066406250 0.054687500 0.050781250 0.070312500 0.097656250 0.125000000 0.132812500 0.121093750 0.105468750 0.097656250 0.105468750 0.113281250 0.109375000 0.097656250 0.085937500 0.074218750 0.062500000 0.050781250 0.054687500 0.058593750 0.054687500 0.046875000 0.046875000 0.054687500 0.058593750 0.050781250 0.039062500 0.039062500 0.046875000 0.054687500 0.046875000 0.035156250 0.031250000 0.039062500 0.046875000 0.050781250 0.042968750 0.031250000 0.027343750 0.031250000 0.031250000 0.031250000 0.027343750 0.019531250 0.019531250 0.023437500 0.031250000 0.027343750 0.011718750 0.003906250 0.011718750 0.019531250 0.035156250 0.042968750 0.035156250 0.023437500 0.011718750 0.011718750 0.023437500 0.035156250 0.035156250 0.023437500 0.015625000 0.011718750 0.019531250 0.031250000 0.027343750 0.019531250 0.011718750 0.011718750 0.015625000 0.023437500 0.027343750 0.023437500 0.015625000 0.011718750 0.011718750 0.023437500 0.031250000 0.027343750 0.019531250 0.015625000 0.019531250 0.031250000 0.035156250 0.027343750 0.023437500 0.015625000 0.007812500 0.007812500 0.015625000 0.019531250 0.019531250 0.023437500 0.019531250 0.011718750 0.003906250 0.007812500 0.011718750 0.011718750 0.015625000 0.019531250 0.015625000 0.011718750 0.007812500 0.011718750 0.015625000 0.023437500 0.023437500 0.019531250 0.019531250 0.015625000 0.011718750 
0.054687500 0.027343750 0.167968750 0.285156250 0.277343750 0.164062500 0.136718750 0.148437500 0.054687500 0.058593750 0.082031250 0.234375000 0.328125000 0.347656250 0.214843750 0.042968750 0.070312500 0.074218750 0.035156250 0.066406250 0.050781250 0.023437500 0.050781250 0.031250000 0.039062500 0.035156250 0.027343750 0.031250000 0.074218750 0.113281250 0.070312500 0.027343750 0.031250000 0.054687500 0.078125000 0.035156250 0.015625000 0.023437500 0.039062500 0.027343750 0.007812500 0.035156250 0.042968750 0.019531250 0.031250000 0.039062500 0.011718750 0.023437500 0.023437500 0.019531250 0.015625000 0.015625000 0.015625000 0.031250000 0.031250000 0.023437500 0.019531250 0.023437500 0.011718750 0.015625000 0.019531250 0.007812500 0.007812500 0.011718750 0.039062500 0.078125000 0.085937500 0.070312500 0.089843750 0.101562500 0.089843750 0.074218750 0.089843750 0.144531250 0.160156250 0.269531250 0.320312500 0.218750000 0.140625000 0.179687500 0.214843750 0.285156250 0.304687500 0.203125000 0.128906250 0.148437500 0.148437500 0.031250000 0.132812500 0.125000000 0.089843750 0.199218750 0.296875000 0.265625000 0.261718750 0.289062500 0.058593750 0.109375000 0.089843750 0.308593750 0.246093750 0.152343750 0.105468750 0.140625000 0.156250000 0.234375000 0.199218750 0.164062500 0.324218750 0.425781250 0.425781250 0.335937500 0.222656250 0.191406250 0.156250000 0.156250000 0.152343750 0.050781250 0.058593750 0.097656250 0.058593750 0.296875000 0.589843750 0.476562500 0.292968750 0.347656250 0.242187500 0.410156250 0.527343750 0.355468750 0.386718750 0.753906250 1.253906250 1.550781250 1.281250000 0.664062500 0.238281250 0.199218750 0.316406250 0.359375000 0.320312500 0.308593750 0.394531250 0.414062500 0.425781250 0.464843750 0.343750000 0.125000000 0.199218750 0.339843750 0.136718750 0.296875000 0.503906250 0.437500000 0.179687500 0.210937500 0.289062500 0.199218750 0.085937500 0.042968750 0.085937500 0.097656250 0.039062500 0.054687500 0.042968750 0.046875000 0.011718750 0.011718750 0.027343750 0.019531250 0.019531250 0.031250000 0.031250000 0.039062500 0.031250000 0.015625000 0.066406250 0.109375000 0.121093750 0.085937500 0.070312500 0.066406250 0.039062500 0.093750000 0.152343750 0.148437500 0.085937500 0.011718750 0.058593750 0.074218750 0.035156250 0.027343750 0.035156250 0.042968750 0.050781250 0.011718750 0.035156250 0.027343750 0.011718750 0.023437500 0.003906250 0.015625000 0.007812500 0.023437500 0.031250000 0.019531250 0.039062500 0.039062500 0.019531250 0.015625000 0.015625000 0.031250000 0.019531250 0.011718750 0.023437500 0.011718750 0.011718750 0.019531250 0.031250000 0.031250000 0.031250000 0.050781250 0.035156250 0.027343750 0.039062500 0.027343750 0.027343750 0.042968750 0.039062500 0.011718750 0.023437500 0.031250000 0.019531250 0.007812500 0.011718750 0.015625000 0.031250000 0.023437500 0.046875000 0.054687500 0.015625000 0.042968750 0.066406250 0.039062500 0.027343750 0.035156250 0.046875000 0.050781250 0.027343750 0.015625000 0.011718750 0.042968750 0.042968750 0.023437500 0.023437500 0.015625000 0.007812500 
0.000000000 0.074218750 0.156250000 0.289062500 0.339843750 0.136718750 0.312500000 0.011718750 0.199218750 0.242187500 0.332031250 0.355468750 0.167968750 0.597656250 0.367187500 0.417968750 0.382812500 0.289062500 0.343750000 0.234375000 0.195312500 0.109375000 0.054687500 0.035156250 0.062500000 0.085937500 0.085937500 0.082031250 0.246093750 0.128906250 0.308593750 0.222656250 0.113281250 0.035156250 0.125000000 0.074218750 0.031250000 0.054687500 0.031250000 0.050781250 0.027343750 0.042968750 0.039062500 0.027343750 0.050781250 0.035156250 0.023437500 0.011718750 0.035156250 0.035156250 0.058593750 0.070312500 0.058593750 0.062500000 0.031250000 0.042968750 0.023437500 0.085937500 0.039062500 0.058593750 0.050781250 0.066406250 0.031250000 0.031250000 0.078125000 0.023437500 0.171875000 0.035156250 0.093750000 0.148437500 0.160156250 0.136718750 0.121093750 0.152343750 0.269531250 0.214843750 0.371093750 0.238281250 0.207031250 0.101562500 0.441406250 0.476562500 0.355468750 0.050781250 0.378906250 0.343750000 0.093750000 0.089843750 0.207031250 0.246093750 0.253906250 0.234375000 0.664062500 0.429687500 0.187500000 0.457031250 0.093750000 0.171875000 0.261718750 0.531250000 0.304687500 0.117187500 0.289062500 0.351562500 0.378906250 0.417968750 0.230468750 0.714843750 0.378906250 0.996093750 0.312500000 0.691406250 0.542968750 0.140625000 0.082031250 0.273437500 0.621093750 0.539062500 0.683593750 0.781250000 0.738281250 0.867187500 0.339843750 1.269531250 1.011718750 1.238281250 1.320312500 1.218750000 1.574218750 0.503906250 0.476562500 1.273437500 1.281250000 1.738281250 1.058593750 0.773437500 0.300781250 0.480468750 0.636718750 0.660156250 0.417968750 0.511718750 0.714843750 0.828125000 0.597656250 0.148437500 0.097656250 0.476562500 0.289062500 0.566406250 0.402343750 0.675781250 1.113281250 1.199218750 0.332031250 0.273437500 0.429687500 0.328125000 0.472656250 0.335937500 0.238281250 0.160156250 0.179687500 0.109375000 0.019531250 0.058593750 0.074218750 0.054687500 0.085937500 0.082031250 0.085937500 0.105468750 0.105468750 0.226562500 0.140625000 0.136718750 0.230468750 0.062500000 0.367187500 0.394531250 0.441406250 0.453125000 0.265625000 0.074218750 0.324218750 0.445312500 0.167968750 0.101562500 0.160156250 0.054687500 0.039062500 0.062500000 0.046875000 0.027343750 0.058593750 0.035156250 0.027343750 0.023437500 0.046875000 0.050781250 0.042968750 0.031250000 0.039062500 0.015625000 0.062500000 0.074218750 0.035156250 0.093750000 0.062500000 0.027343750 0.015625000 0.050781250 0.015625000 0.015625000 0.031250000 0.019531250 0.031250000 0.031250000 0.027343750 0.058593750 0.046875000 0.105468750 0.128906250 0.085937500 0.031250000 0.089843750 0.062500000 0.066406250 0.078125000 0.070312500 0.031250000 0.054687500 0.019531250 0.007812500 0.007812500 0.019531250 0.023437500 0.039062500 0.066406250 0.031250000 0.050781250 0.046875000 0.058593750 0.093750000 0.097656250 0.078125000 0.070312500 0.070312500 0.039062500 0.042968750 0.039062500 0.003906250 0.074218750 0.054687500 0.015625000 0.035156250 0.031250000 
0.019531250 0.046875000 0.105468750 0.335937500 0.425781250 0.136718750 0.289062500 0.074218750 0.160156250 0.085937500 0.273437500 0.320312500 0.257812500 0.757812500 0.546875000 0.566406250 0.308593750 0.218750000 0.332031250 0.179687500 0.144531250 0.089843750 0.015625000 0.039062500 0.125000000 0.070312500 0.046875000 0.039062500 0.261718750 0.167968750 0.246093750 0.187500000 0.136718750 0.058593750 0.042968750 0.039062500 0.136718750 0.058593750 0.027343750 0.011718750 0.003906250 0.023437500 0.027343750 0.027343750 0.015625000 0.046875000 0.042968750 0.019531250 0.082031250 0.046875000 0.015625000 0.066406250 0.042968750 0.027343750 0.035156250 0.042968750 0.007812500 0.054687500 0.035156250 0.015625000 0.039062500 0.042968750 0.042968750 0.007812500 0.062500000 0.039062500 0.140625000 0.121093750 0.007812500 0.125000000 0.109375000 0.058593750 0.140625000 0.031250000 0.355468750 0.222656250 0.187500000 0.433593750 0.265625000 0.238281250 0.351562500 0.621093750 0.359375000 0.039062500 0.437500000 0.429687500 0.105468750 0.046875000 0.128906250 0.195312500 0.199218750 0.328125000 0.945312500 0.289062500 0.230468750 0.558593750 0.101562500 0.523437500 0.523437500 0.183593750 0.457031250 0.031250000 0.355468750 0.531250000 0.371093750 0.222656250 0.269531250 0.937500000 0.445312500 1.140625000 0.351562500 0.324218750 0.988281250 0.250000000 0.273437500 0.171875000 0.765625000 1.074218750 1.472656250 1.085937500 0.246093750 1.062500000 1.125000000 1.917968750 3.605468750 2.171875000 3.718750000 1.812500000 1.804687500 2.218750000 2.191406250 1.949218750 1.949218750 1.847656250 3.027343750 1.179687500 0.937500000 0.210937500 1.128906250 1.285156250 1.046875000 0.589843750 0.910156250 0.941406250 0.457031250 0.152343750 0.050781250 0.464843750 0.320312500 0.789062500 0.617187500 0.753906250 0.890625000 1.339843750 1.050781250 0.550781250 0.894531250 0.812500000 0.890625000 0.355468750 0.296875000 0.132812500 0.093750000 0.238281250 0.242187500 0.156250000 0.062500000 0.054687500 0.093750000 0.203125000 0.230468750 0.250000000 0.214843750 0.398437500 0.273437500 0.210937500 0.367187500 0.437500000 0.265625000 0.511718750 0.800781250 1.164062500 0.867187500 0.585937500 0.136718750 0.644531250 0.132812500 0.335937500 0.078125000 0.074218750 0.027343750 0.085937500 0.070312500 0.015625000 0.121093750 0.191406250 0.179687500 0.113281250 0.117187500 0.097656250 0.085937500 0.085937500 0.015625000 0.066406250 0.125000000 0.160156250 0.062500000 0.066406250 0.035156250 0.042968750 0.003906250 0.042968750 0.062500000 0.058593750 0.003906250 0.023437500 0.046875000 0.015625000 0.082031250 0.074218750 0.089843750 0.132812500 0.093750000 0.191406250 0.089843750 0.144531250 0.035156250 0.054687500 0.136718750 0.023437500 0.089843750 0.062500000 0.050781250 0.062500000 0.074218750 0.042968750 0.058593750 0.027343750 0.113281250 0.035156250 0.046875000 0.046875000 0.074218750 0.117187500 0.136718750 0.085937500 0.074218750 0.140625000 0.035156250 0.023437500 0.113281250 0.097656250 0.027343750 0.085937500 0.019531250 0.074218750 0.019531250 
0.027343750 0.078125000 0.101562500 0.203125000 0.289062500 0.246093750 0.171875000 0.074218750 0.167968750 0.148437500 0.210937500 0.273437500 0.269531250 0.523437500 0.722656250 0.453125000 0.343750000 0.289062500 0.253906250 0.230468750 0.144531250 0.058593750 0.031250000 0.058593750 0.128906250 0.046875000 0.039062500 0.031250000 0.230468750 0.203125000 0.195312500 0.281250000 0.039062500 0.101562500 0.035156250 0.082031250 0.136718750 0.082031250 0.027343750 0.035156250 0.019531250 0.007812500 0.035156250 0.027343750 0.011718750 0.058593750 0.031250000 0.058593750 0.089843750 0.019531250 0.058593750 0.089843750 0.031250000 0.054687500 0.039062500 0.042968750 0.046875000 0.031250000 0.019531250 0.000000000 0.054687500 0.039062500 0.015625000 0.050781250 0.085937500 0.031250000 0.046875000 0.042968750 0.093750000 0.121093750 0.089843750 0.031250000 0.074218750 0.140625000 0.187500000 0.046875000 0.027343750 0.390625000 0.179687500 0.347656250 0.265625000 0.335937500 0.113281250 0.238281250 0.445312500 0.402343750 0.089843750 0.070312500 0.179687500 0.242187500 0.101562500 0.425781250 0.914062500 0.429687500 0.136718750 0.550781250 0.382812500 0.156250000 0.886718750 0.121093750 0.324218750 0.046875000 0.546875000 0.414062500 0.125000000 0.183593750 0.535156250 1.246093750 0.601562500 1.585937500 0.402343750 0.199218750 1.238281250 0.234375000 0.117187500 0.375000000 1.089843750 0.992187500 1.683593750 0.722656250 0.800781250 2.136718750 2.968750000 3.320312500 2.593750000 2.679687500 3.796875000 1.660156250 2.156250000 0.835937500 3.980468750 2.445312500 0.398437500 2.824218750 2.207031250 1.828125000 1.566406250 0.246093750 1.503906250 0.945312500 0.589843750 0.792968750 1.140625000 0.445312500 0.511718750 0.425781250 0.464843750 0.300781250 0.363281250 1.062500000 0.222656250 0.894531250 1.078125000 1.554687500 0.972656250 0.234375000 1.453125000 0.535156250 1.125000000 0.582031250 0.296875000 0.019531250 0.039062500 0.093750000 0.496093750 0.347656250 0.058593750 0.125000000 0.175781250 0.359375000 0.234375000 0.230468750 0.285156250 0.332031250 0.429687500 0.433593750 0.378906250 0.457031250 0.398437500 0.796875000 0.628906250 1.093750000 1.179687500 1.015625000 0.523437500 0.437500000 0.164062500 0.347656250 0.246093750 0.378906250 0.367187500 0.335937500 0.046875000 0.093750000 0.175781250 0.113281250 0.332031250 0.210937500 0.113281250 0.054687500 0.019531250 0.035156250 0.101562500 0.039062500 0.062500000 0.156250000 0.140625000 0.117187500 0.019531250 0.054687500 0.085937500 0.039062500 0.042968750 0.046875000 0.042968750 0.019531250 0.019531250 0.019531250 0.054687500 0.007812500 0.167968750 0.097656250 0.082031250 0.253906250 0.140625000 0.125000000 0.085937500 0.050781250 0.101562500 0.058593750 0.078125000 0.015625000 0.011718750 0.027343750 0.007812500 0.039062500 0.007812500 0.101562500 0.195312500 0.140625000 0.125000000 0.078125000 0.035156250 0.105468750 0.054687500 0.156250000 0.097656250 0.187500000 0.046875000 0.039062500 0.148437500 0.058593750 0.007812500 0.054687500 0.078125000 0.042968750 0.066406250 
0.054687500 0.089843750 0.078125000 0.175781250 0.296875000 0.230468750 0.199218750 0.093750000 0.015625000 0.167968750 0.117187500 0.261718750 0.335937500 0.468750000 0.503906250 0.316406250 0.238281250 0.261718750 0.097656250 0.234375000 0.187500000 0.152343750 0.156250000 0.105468750 0.015625000 0.097656250 0.085937500 0.058593750 0.148437500 0.023437500 0.093750000 0.191406250 0.031250000 0.035156250 0.117187500 0.207031250 0.027343750 0.042968750 0.062500000 0.074218750 0.058593750 0.039062500 0.062500000 0.035156250 0.042968750 0.082031250 0.011718750 0.042968750 0.089843750 0.042968750 0.035156250 0.046875000 0.093750000 0.050781250 0.023437500 0.054687500 0.062500000 0.042968750 0.023437500 0.078125000 0.078125000 0.050781250 0.046875000 0.058593750 0.101562500 0.027343750 0.023437500 0.113281250 0.023437500 0.058593750 0.078125000 0.199218750 0.171875000 0.121093750 0.167968750 0.089843750 0.089843750 0.378906250 0.437500000 0.035156250 0.093750000 0.179687500 0.050781250 0.171875000 0.136718750 0.136718750 0.234375000 0.214843750 0.191406250 0.355468750 0.324218750 0.605468750 0.441406250 0.230468750 0.125000000 0.210937500 0.675781250 0.367187500 0.464843750 0.511718750 0.355468750 0.359375000 0.519531250 0.089843750 0.472656250 0.503906250 0.707031250 1.250000000 1.050781250 1.644531250 0.269531250 0.460937500 0.781250000 0.648437500 0.820312500 0.843750000 0.937500000 0.933593750 1.804687500 1.265625000 1.136718750 3.328125000 5.480468750 0.730468750 2.863281250 3.613281250 3.105468750 1.214843750 2.039062500 0.359375000 3.820312500 3.410156250 1.691406250 1.546875000 3.312500000 1.878906250 2.105468750 0.558593750 1.746093750 0.769531250 1.089843750 0.667968750 2.167968750 0.687500000 0.445312500 0.246093750 0.175781250 0.472656250 0.238281250 1.488281250 0.406250000 0.750000000 0.410156250 1.527343750 0.894531250 0.503906250 1.175781250 0.968750000 1.054687500 1.398437500 0.628906250 0.550781250 0.082031250 0.312500000 0.308593750 0.453125000 0.125000000 0.347656250 0.480468750 0.386718750 0.441406250 0.316406250 0.210937500 0.558593750 0.808593750 0.652343750 0.757812500 0.542968750 0.941406250 0.621093750 0.175781250 1.066406250 1.312500000 0.796875000 0.593750000 0.652343750 0.636718750 0.582031250 0.367187500 0.449218750 0.683593750 0.250000000 0.058593750 0.128906250 0.132812500 0.128906250 0.312500000 0.253906250 0.210937500 0.179687500 0.167968750 0.140625000 0.105468750 0.054687500 0.078125000 0.097656250 0.175781250 0.097656250 0.019531250 0.066406250 0.105468750 0.019531250 0.078125000 0.148437500 0.066406250 0.078125000 0.101562500 0.121093750 0.144531250 0.101562500 0.218750000 0.136718750 0.179687500 0.078125000 0.441406250 0.191406250 0.109375000 0.097656250 0.093750000 0.019531250 0.042968750 0.019531250 0.003906250 0.023437500 0.066406250 0.089843750 0.101562500 0.085937500 0.222656250 0.085937500 0.113281250 0.164062500 0.046875000 0.085937500 0.082031250 0.167968750 0.156250000 0.222656250 0.109375000 0.167968750 0.027343750 0.132812500 0.042968750 0.042968750 0.031250000 0.042968750 0.031250000 
0.015625000 0.031250000 0.015625000 0.070312500 0.339843750 0.171875000 0.027343750 0.058593750 0.085937500 0.121093750 0.093750000 0.078125000 0.105468750 0.050781250 0.019531250 0.085937500 0.070312500 0.160156250 0.152343750 0.046875000 0.031250000 0.039062500 0.027343750 0.070312500 0.031250000 0.039062500 0.070312500 0.093750000 0.085937500 0.117187500 0.031250000 0.210937500 0.097656250 0.183593750 0.117187500 0.117187500 0.011718750 0.031250000 0.058593750 0.039062500 0.050781250 0.066406250 0.050781250 0.046875000 0.058593750 0.035156250 0.066406250 0.058593750 0.046875000 0.031250000 0.132812500 0.097656250 0.035156250 0.054687500 0.066406250 0.023437500 0.039062500 0.015625000 0.031250000 0.074218750 0.042968750 0.011718750 0.054687500 0.070312500 0.167968750 0.039062500 0.054687500 0.003906250 0.062500000 0.054687500 0.105468750 0.152343750 0.183593750 0.222656250 0.125000000 0.074218750 0.011718750 0.441406250 0.441406250 0.089843750 0.300781250 0.472656250 0.343750000 0.152343750 0.156250000 0.171875000 0.171875000 0.214843750 0.136718750 0.093750000 0.167968750 0.367187500 0.035156250 0.488281250 0.289062500 0.574218750 0.828125000 0.542968750 0.082031250 0.546875000 0.546875000 0.578125000 0.464843750 0.125000000 0.425781250 0.738281250 1.234375000 0.675781250 1.246093750 1.363281250 0.425781250 0.996093750 0.781250000 0.355468750 1.042968750 0.683593750 0.480468750 1.089843750 1.511718750 2.058593750 0.777343750 4.296875000 3.738281250 2.332031250 0.910156250 1.167968750 1.351562500 1.421875000 3.316406250 1.558593750 4.277343750 4.792968750 1.781250000 2.804687500 4.921875000 2.761718750 3.578125000 0.992187500 1.398437500 0.328125000 1.199218750 0.968750000 1.769531250 1.265625000 0.796875000 0.140625000 0.066406250 0.347656250 0.695312500 1.289062500 0.535156250 0.316406250 0.511718750 1.449218750 0.957031250 0.593750000 1.117187500 0.933593750 0.988281250 1.484375000 0.535156250 0.277343750 0.285156250 0.324218750 0.136718750 0.167968750 0.261718750 0.062500000 0.664062500 0.269531250 0.183593750 0.058593750 0.273437500 0.347656250 0.800781250 0.804687500 0.910156250 0.730468750 1.128906250 0.578125000 0.472656250 0.171875000 1.132812500 0.078125000 0.882812500 0.898437500 0.253906250 0.425781250 0.648437500 0.449218750 0.906250000 0.121093750 0.117187500 0.171875000 0.402343750 0.160156250 0.261718750 0.105468750 0.484375000 0.218750000 0.187500000 0.304687500 0.187500000 0.074218750 0.027343750 0.039062500 0.121093750 0.128906250 0.074218750 0.070312500 0.101562500 0.097656250 0.082031250 0.230468750 0.242187500 0.089843750 0.246093750 0.253906250 0.019531250 0.144531250 0.253906250 0.164062500 0.335937500 0.320312500 0.292968750 0.281250000 0.050781250 0.230468750 0.109375000 0.078125000 0.031250000 0.015625000 0.023437500 0.027343750 0.066406250 0.121093750 0.093750000 0.117187500 0.164062500 0.136718750 0.050781250 0.261718750 0.210937500 0.148437500 0.296875000 0.054687500 0.089843750 0.238281250 0.136718750 0.097656250 0.093750000 0.148437500 0.031250000 0.019531250 0.019531250 0.050781250 0.007812500 
0.027343750 0.027343750 0.011718750 0.054687500 0.335937500 0.167968750 0.035156250 0.070312500 0.085937500 0.070312500 0.082031250 0.031250000 0.054687500 0.136718750 0.019531250 0.011718750 0.117187500 0.066406250 0.089843750 0.007812500 0.035156250 0.035156250 0.011718750 0.066406250 0.046875000 0.085937500 0.125000000 0.085937500 0.089843750 0.167968750 0.128906250 0.214843750 0.027343750 0.273437500 0.136718750 0.062500000 0.113281250 0.078125000 0.011718750 0.082031250 0.082031250 0.027343750 0.039062500 0.031250000 0.054687500 0.050781250 0.078125000 0.050781250 0.066406250 0.093750000 0.089843750 0.070312500 0.027343750 0.023437500 0.046875000 0.050781250 0.054687500 0.035156250 0.054687500 0.042968750 0.054687500 0.042968750 0.085937500 0.031250000 0.128906250 0.117187500 0.101562500 0.093750000 0.058593750 0.117187500 0.191406250 0.195312500 0.257812500 0.187500000 0.117187500 0.007812500 0.125000000 0.378906250 0.367187500 0.121093750 0.257812500 0.359375000 0.472656250 0.093750000 0.257812500 0.332031250 0.250000000 0.257812500 0.328125000 0.171875000 0.167968750 0.464843750 0.175781250 0.382812500 0.242187500 0.445312500 0.910156250 0.269531250 0.472656250 0.144531250 0.328125000 0.898437500 0.429687500 0.277343750 0.328125000 0.726562500 0.832031250 0.480468750 0.933593750 2.175781250 0.769531250 1.000000000 0.449218750 0.675781250 0.550781250 0.304687500 1.250000000 0.730468750 2.371093750 2.472656250 3.941406250 2.125000000 2.699218750 4.406250000 0.996093750 2.460937500 2.960937500 2.914062500 1.601562500 5.312500000 5.789062500 3.843750000 7.156250000 3.011718750 3.570312500 2.945312500 3.222656250 0.957031250 1.378906250 0.691406250 1.031250000 1.378906250 1.910156250 1.308593750 1.562500000 0.636718750 0.386718750 0.289062500 0.843750000 1.035156250 0.199218750 0.179687500 0.734375000 1.062500000 0.207031250 0.503906250 1.800781250 0.082031250 0.656250000 1.242187500 0.718750000 0.238281250 0.160156250 0.109375000 0.308593750 0.300781250 0.234375000 0.132812500 0.628906250 0.250000000 0.242187500 0.203125000 0.191406250 0.457031250 0.656250000 1.113281250 0.671875000 0.828125000 0.921875000 0.644531250 0.445312500 0.210937500 1.003906250 0.769531250 0.148437500 1.042968750 0.347656250 0.406250000 0.613281250 0.261718750 0.750000000 0.675781250 0.464843750 0.308593750 0.429687500 0.457031250 0.136718750 0.113281250 0.484375000 0.195312500 0.179687500 0.292968750 0.265625000 0.097656250 0.054687500 0.140625000 0.101562500 0.117187500 0.058593750 0.066406250 0.125000000 0.132812500 0.019531250 0.144531250 0.273437500 0.171875000 0.324218750 0.300781250 0.117187500 0.058593750 0.167968750 0.191406250 0.210937500 0.589843750 0.253906250 0.117187500 0.082031250 0.308593750 0.039062500 0.070312500 0.035156250 0.023437500 0.039062500 0.074218750 0.117187500 0.105468750 0.074218750 0.054687500 0.050781250 0.062500000 0.046875000 0.203125000 0.285156250 0.203125000 0.175781250 0.101562500 0.191406250 0.218750000 0.042968750 0.132812500 0.250000000 0.062500000 0.101562500 0.066406250 0.023437500 0.015625000 0.058593750 
0.015625000 0.011718750 0.000000000 0.027343750 0.277343750 0.093750000 0.074218750 0.066406250 0.050781250 0.015625000 0.011718750 0.054687500 0.109375000 0.164062500 0.097656250 0.101562500 0.117187500 0.062500000 0.097656250 0.011718750 0.027343750 0.027343750 0.058593750 0.035156250 0.042968750 0.023437500 0.062500000 0.027343750 0.074218750 0.089843750 0.093750000 0.226562500 0.089843750 0.230468750 0.101562500 0.082031250 0.074218750 0.093750000 0.046875000 0.085937500 0.019531250 0.042968750 0.035156250 0.011718750 0.039062500 0.054687500 0.050781250 0.046875000 0.031250000 0.085937500 0.132812500 0.031250000 0.023437500 0.097656250 0.042968750 0.007812500 0.027343750 0.027343750 0.027343750 0.046875000 0.007812500 0.011718750 0.058593750 0.046875000 0.089843750 0.074218750 0.070312500 0.085937500 0.136718750 0.046875000 0.191406250 0.113281250 0.320312500 0.164062500 0.187500000 0.039062500 0.144531250 0.300781250 0.406250000 0.113281250 0.316406250 0.492187500 0.324218750 0.242187500 0.226562500 0.386718750 0.324218750 0.183593750 0.222656250 0.070312500 0.203125000 0.144531250 0.566406250 0.539062500 0.769531250 0.308593750 1.000000000 0.300781250 0.246093750 0.210937500 0.800781250 0.347656250 0.210937500 0.195312500 0.074218750 0.421875000 0.718750000 0.769531250 0.914062500 1.820312500 1.042968750 0.710937500 0.890625000 1.054687500 0.382812500 0.593750000 1.195312500 0.843750000 2.781250000 2.417968750 2.421875000 0.222656250 3.058593750 4.207031250 1.539062500 1.875000000 2.957031250 1.898437500 1.121093750 8.058593750 5.515625000 4.164062500 5.292968750 5.164062500 1.488281250 4.503906250 2.363281250 0.714843750 1.718750000 0.687500000 0.722656250 1.417968750 1.152343750 1.347656250 1.351562500 0.929687500 0.210937500 0.507812500 0.585937500 0.484375000 0.531250000 0.132812500 0.382812500 0.558593750 0.640625000 0.992187500 1.066406250 1.292968750 0.996093750 0.320312500 0.207031250 0.144531250 0.109375000 0.062500000 0.316406250 0.308593750 0.097656250 0.261718750 0.386718750 0.261718750 0.304687500 0.023437500 0.300781250 0.437500000 0.804687500 0.613281250 0.605468750 0.394531250 0.785156250 0.792968750 0.429687500 0.574218750 0.566406250 0.855468750 0.558593750 0.089843750 0.628906250 0.300781250 0.574218750 0.246093750 0.695312500 0.687500000 0.535156250 0.210937500 0.531250000 0.300781250 0.140625000 0.421875000 0.210937500 0.367187500 0.152343750 0.144531250 0.308593750 0.050781250 0.078125000 0.085937500 0.085937500 0.035156250 0.015625000 0.042968750 0.062500000 0.042968750 0.082031250 0.117187500 0.253906250 0.167968750 0.351562500 0.273437500 0.402343750 0.210937500 0.097656250 0.277343750 0.464843750 0.191406250 0.265625000 0.304687500 0.214843750 0.160156250 0.082031250 0.035156250 0.023437500 0.015625000 0.050781250 0.027343750 0.132812500 0.074218750 0.089843750 0.054687500 0.050781250 0.066406250 0.070312500 0.156250000 0.242187500 0.242187500 0.144531250 0.097656250 0.167968750 0.265625000 0.089843750 0.035156250 0.214843750 0.152343750 0.109375000 0.042968750 0.027343750 0.015625000 0.070312500 
0.078125000 0.066406250 0.050781250 0.089843750 0.171875000 0.011718750 0.015625000 0.015625000 0.066406250 0.007812500 0.054687500 0.121093750 0.027343750 0.105468750 0.113281250 0.156250000 0.011718750 0.082031250 0.042968750 0.027343750 0.015625000 0.054687500 0.039062500 0.082031250 0.027343750 0.023437500 0.074218750 0.031250000 0.039062500 0.066406250 0.070312500 0.218750000 0.136718750 0.167968750 0.089843750 0.128906250 0.042968750 0.042968750 0.097656250 0.078125000 0.054687500 0.078125000 0.015625000 0.042968750 0.058593750 0.035156250 0.113281250 0.074218750 0.101562500 0.078125000 0.007812500 0.050781250 0.035156250 0.035156250 0.125000000 0.078125000 0.066406250 0.042968750 0.035156250 0.066406250 0.011718750 0.070312500 0.062500000 0.050781250 0.078125000 0.062500000 0.101562500 0.156250000 0.187500000 0.089843750 0.097656250 0.187500000 0.304687500 0.242187500 0.230468750 0.054687500 0.148437500 0.164062500 0.238281250 0.246093750 0.121093750 0.371093750 0.066406250 0.085937500 0.320312500 0.308593750 0.187500000 0.433593750 0.089843750 0.101562500 0.156250000 0.199218750 0.328125000 0.812500000 0.320312500 0.593750000 0.605468750 0.105468750 0.121093750 0.457031250 0.335937500 0.320312500 0.378906250 0.085937500 0.203125000 0.183593750 0.242187500 0.230468750 1.566406250 1.285156250 1.187500000 0.640625000 0.839843750 0.304687500 0.453125000 0.507812500 1.046875000 0.929687500 2.433593750 2.589843750 2.996093750 0.609375000 2.773437500 3.757812500 2.386718750 2.550781250 2.941406250 0.820312500 3.261718750 4.824218750 6.597656250 4.710937500 3.523437500 1.613281250 2.945312500 2.070312500 2.507812500 1.167968750 2.183593750 0.953125000 1.058593750 0.558593750 0.691406250 1.406250000 1.703125000 0.773437500 0.417968750 0.378906250 0.253906250 0.394531250 0.664062500 0.414062500 0.574218750 0.464843750 0.597656250 1.214843750 0.726562500 1.203125000 0.644531250 0.824218750 0.316406250 0.054687500 0.210937500 0.238281250 0.242187500 0.386718750 0.195312500 0.144531250 0.062500000 0.312500000 0.128906250 0.085937500 0.078125000 0.164062500 0.660156250 0.347656250 0.507812500 0.343750000 0.566406250 0.390625000 0.394531250 0.871093750 0.527343750 0.667968750 0.656250000 0.046875000 0.480468750 0.332031250 0.484375000 0.148437500 0.664062500 0.750000000 0.636718750 0.148437500 0.355468750 0.316406250 0.328125000 0.171875000 0.121093750 0.125000000 0.187500000 0.113281250 0.296875000 0.160156250 0.105468750 0.062500000 0.011718750 0.093750000 0.074218750 0.066406250 0.027343750 0.023437500 0.023437500 0.152343750 0.105468750 0.156250000 0.199218750 0.320312500 0.394531250 0.148437500 0.238281250 0.074218750 0.421875000 0.082031250 0.371093750 0.152343750 0.273437500 0.058593750 0.058593750 0.070312500 0.035156250 0.058593750 0.039062500 0.011718750 0.093750000 0.113281250 0.058593750 0.058593750 0.046875000 0.011718750 0.058593750 0.007812500 0.058593750 0.156250000 0.093750000 0.152343750 0.035156250 0.160156250 0.066406250 0.085937500 0.218750000 0.132812500 0.128906250 0.039062500 0.007812500 0.011718750 0.054687500 
0.011718750 0.054687500 0.023437500 0.031250000 0.101562500 0.046875000 0.015625000 0.042968750 0.058593750 0.046875000 0.050781250 0.078125000 0.074218750 0.039062500 0.109375000 0.179687500 0.027343750 0.070312500 0.058593750 0.097656250 0.046875000 0.078125000 0.089843750 0.062500000 0.054687500 0.039062500 0.078125000 0.046875000 0.054687500 0.058593750 0.070312500 0.085937500 0.027343750 0.105468750 0.070312500 0.125000000 0.078125000 0.062500000 0.058593750 0.070312500 0.042968750 0.023437500 0.070312500 0.027343750 0.039062500 0.070312500 0.082031250 0.058593750 0.050781250 0.105468750 0.035156250 0.097656250 0.058593750 0.050781250 0.089843750 0.050781250 0.050781250 0.050781250 0.050781250 0.042968750 0.082031250 0.039062500 0.058593750 0.046875000 0.089843750 0.027343750 0.085937500 0.093750000 0.171875000 0.070312500 0.042968750 0.179687500 0.296875000 0.148437500 0.289062500 0.132812500 0.210937500 0.109375000 0.273437500 0.296875000 0.238281250 0.289062500 0.023437500 0.148437500 0.164062500 0.109375000 0.203125000 0.179687500 0.042968750 0.144531250 0.250000000 0.402343750 0.550781250 0.562500000 0.472656250 0.593750000 0.152343750 0.292968750 0.191406250 0.390625000 0.148437500 0.144531250 0.472656250 0.218750000 0.148437500 0.414062500 0.187500000 0.449218750 0.972656250 0.441406250 0.917968750 0.910156250 0.234375000 0.386718750 0.609375000 0.558593750 1.015625000 1.449218750 0.902343750 0.972656250 2.828125000 2.066406250 0.968750000 0.789062500 2.519531250 1.867187500 1.488281250 0.734375000 2.898437500 2.312500000 3.917968750 2.734375000 1.585937500 0.941406250 2.167968750 1.562500000 1.250000000 0.652343750 1.765625000 1.542968750 0.523437500 0.175781250 0.695312500 0.714843750 0.437500000 0.773437500 0.519531250 0.496093750 0.441406250 1.042968750 0.968750000 0.359375000 1.191406250 0.320312500 0.464843750 1.046875000 0.886718750 0.734375000 0.527343750 0.773437500 0.281250000 0.125000000 0.113281250 0.183593750 0.144531250 0.394531250 0.261718750 0.125000000 0.238281250 0.207031250 0.101562500 0.058593750 0.066406250 0.312500000 0.226562500 0.234375000 0.503906250 0.527343750 0.148437500 0.113281250 0.144531250 0.261718750 0.503906250 0.535156250 0.417968750 0.425781250 0.421875000 0.042968750 0.171875000 0.394531250 0.660156250 0.511718750 0.332031250 0.164062500 0.066406250 0.046875000 0.371093750 0.031250000 0.230468750 0.101562500 0.156250000 0.242187500 0.144531250 0.222656250 0.101562500 0.097656250 0.105468750 0.074218750 0.058593750 0.050781250 0.035156250 0.023437500 0.066406250 0.074218750 0.152343750 0.164062500 0.257812500 0.335937500 0.320312500 0.265625000 0.171875000 0.046875000 0.332031250 0.105468750 0.296875000 0.093750000 0.195312500 0.167968750 0.066406250 0.035156250 0.015625000 0.035156250 0.027343750 0.027343750 0.046875000 0.070312500 0.089843750 0.101562500 0.070312500 0.101562500 0.082031250 0.015625000 0.074218750 0.152343750 0.167968750 0.125000000 0.082031250 0.121093750 0.039062500 0.070312500 0.160156250 0.082031250 0.078125000 0.023437500 0.042968750 0.042968750 0.027343750 
0.007812500 0.027343750 0.007812500 0.046875000 0.070312500 0.019531250 0.035156250 0.023437500 0.066406250 0.050781250 0.031250000 0.019531250 0.089843750 0.015625000 0.011718750 0.039062500 0.062500000 0.035156250 0.050781250 0.019531250 0.007812500 0.007812500 0.007812500 0.007812500 0.031250000 0.023437500 0.023437500 0.015625000 0.027343750 0.070312500 0.031250000 0.023437500 0.054687500 0.074218750 0.039062500 0.062500000 0.031250000 0.027343750 0.050781250 0.015625000 0.000000000 0.011718750 0.015625000 0.031250000 0.027343750 0.027343750 0.050781250 0.007812500 0.039062500 0.031250000 0.058593750 0.046875000 0.015625000 0.027343750 0.105468750 0.062500000 0.035156250 0.011718750 0.011718750 0.039062500 0.019531250 0.023437500 0.031250000 0.046875000 0.074218750 0.035156250 0.042968750 0.066406250 0.105468750 0.109375000 0.054687500 0.050781250 0.121093750 0.191406250 0.160156250 0.054687500 0.109375000 0.058593750 0.105468750 0.160156250 0.320312500 0.148437500 0.167968750 0.039062500 0.132812500 0.242187500 0.132812500 0.125000000 0.105468750 0.097656250 0.222656250 0.144531250 0.273437500 0.203125000 0.269531250 0.246093750 0.066406250 0.265625000 0.253906250 0.285156250 0.210937500 0.019531250 0.347656250 0.007812500 0.093750000 0.246093750 0.511718750 0.085937500 0.664062500 0.136718750 0.355468750 0.164062500 0.546875000 0.312500000 0.289062500 0.449218750 0.550781250 0.515625000 0.609375000 1.246093750 1.285156250 0.820312500 0.843750000 1.101562500 1.015625000 0.558593750 0.378906250 0.843750000 0.984375000 2.378906250 1.386718750 1.281250000 1.320312500 1.402343750 1.546875000 0.550781250 1.449218750 0.152343750 1.019531250 0.734375000 0.769531250 0.308593750 0.226562500 0.343750000 0.566406250 0.515625000 0.515625000 0.289062500 0.402343750 0.882812500 1.031250000 0.375000000 1.023437500 0.726562500 0.312500000 0.722656250 0.628906250 0.718750000 0.562500000 0.523437500 0.351562500 0.250000000 0.171875000 0.246093750 0.167968750 0.140625000 0.167968750 0.046875000 0.054687500 0.042968750 0.039062500 0.089843750 0.089843750 0.121093750 0.128906250 0.074218750 0.210937500 0.335937500 0.242187500 0.160156250 0.132812500 0.167968750 0.597656250 0.199218750 0.027343750 0.039062500 0.136718750 0.238281250 0.105468750 0.085937500 0.179687500 0.199218750 0.109375000 0.074218750 0.042968750 0.062500000 0.261718750 0.203125000 0.050781250 0.253906250 0.011718750 0.203125000 0.054687500 0.242187500 0.082031250 0.062500000 0.156250000 0.027343750 0.031250000 0.031250000 0.031250000 0.027343750 0.074218750 0.109375000 0.167968750 0.101562500 0.078125000 0.093750000 0.082031250 0.011718750 0.054687500 0.132812500 0.230468750 0.046875000 0.097656250 0.140625000 0.101562500 0.152343750 0.054687500 0.019531250 0.003906250 0.039062500 0.031250000 0.023437500 0.031250000 0.027343750 0.015625000 0.074218750 0.062500000 0.062500000 0.097656250 0.035156250 0.105468750 0.093750000 0.136718750 0.097656250 0.046875000 0.085937500 0.066406250 0.074218750 0.058593750 0.058593750 0.054687500 0.019531250 0.046875000 0.050781250 0.007812500 
0.042968750 0.007812500 0.035156250 0.011718750 0.046875000 0.039062500 0.046875000 0.054687500 0.023437500 0.027343750 0.015625000 0.027343750 0.101562500 0.019531250 0.027343750 0.039062500 0.027343750 0.003906250 0.035156250 0.007812500 0.019531250 0.007812500 0.015625000 0.019531250 0.023437500 0.011718750 0.015625000 0.046875000 0.027343750 0.050781250 0.046875000 0.015625000 0.039062500 0.050781250 0.039062500 0.027343750 0.042968750 0.042968750 0.019531250 0.015625000 0.019531250 0.031250000 0.011718750 0.015625000 0.023437500 0.058593750 0.031250000 0.015625000 0.050781250 0.007812500 0.023437500 0.031250000 0.011718750 0.046875000 0.070312500 0.066406250 0.027343750 0.039062500 0.015625000 0.031250000 0.011718750 0.035156250 0.011718750 0.058593750 0.078125000 0.019531250 0.070312500 0.042968750 0.046875000 0.097656250 0.023437500 0.074218750 0.070312500 0.093750000 0.093750000 0.097656250 0.066406250 0.039062500 0.109375000 0.199218750 0.175781250 0.085937500 0.042968750 0.093750000 0.027343750 0.109375000 0.089843750 0.074218750 0.027343750 0.058593750 0.156250000 0.246093750 0.148437500 0.140625000 0.156250000 0.281250000 0.152343750 0.328125000 0.164062500 0.085937500 0.035156250 0.195312500 0.160156250 0.105468750 0.085937500 0.218750000 0.265625000 0.269531250 0.296875000 0.437500000 0.078125000 0.218750000 0.429687500 0.351562500 0.136718750 0.367187500 0.398437500 0.210937500 0.281250000 0.777343750 0.875000000 0.019531250 0.113281250 0.281250000 0.414062500 0.582031250 0.195312500 0.085937500 0.019531250 1.562500000 1.937500000 1.093750000 0.492187500 0.796875000 0.289062500 0.621093750 0.812500000 0.582031250 0.589843750 0.082031250 0.296875000 0.148437500 0.046875000 0.367187500 0.457031250 0.625000000 0.460937500 0.113281250 0.585937500 0.808593750 0.777343750 0.226562500 0.718750000 0.375000000 0.457031250 0.109375000 0.125000000 0.328125000 0.210937500 0.203125000 0.289062500 0.078125000 0.117187500 0.148437500 0.085937500 0.093750000 0.031250000 0.089843750 0.066406250 0.066406250 0.078125000 0.042968750 0.136718750 0.148437500 0.078125000 0.140625000 0.273437500 0.292968750 0.195312500 0.042968750 0.164062500 0.203125000 0.316406250 0.171875000 0.074218750 0.058593750 0.179687500 0.128906250 0.007812500 0.046875000 0.136718750 0.070312500 0.093750000 0.062500000 0.085937500 0.039062500 0.175781250 0.167968750 0.085937500 0.191406250 0.125000000 0.093750000 0.074218750 0.128906250 0.121093750 0.105468750 0.089843750 0.050781250 0.070312500 0.062500000 0.019531250 0.035156250 0.011718750 0.019531250 0.097656250 0.050781250 0.023437500 0.054687500 0.093750000 0.066406250 0.019531250 0.121093750 0.191406250 0.097656250 0.027343750 0.054687500 0.023437500 0.085937500 0.042968750 0.046875000 0.031250000 0.011718750 0.050781250 0.039062500 0.027343750 0.042968750 0.027343750 0.074218750 0.082031250 0.042968750 0.058593750 0.078125000 0.050781250 0.039062500 0.046875000 0.046875000 0.070312500 0.058593750 0.023437500 0.070312500 0.054687500 0.015625000 0.027343750 0.015625000 0.000000000 0.035156250 0.003906250 
0.046875000 0.003906250 0.031250000 0.019531250 0.035156250 0.023437500 0.035156250 0.062500000 0.019531250 0.031250000 0.042968750 0.039062500 0.066406250 0.023437500 0.054687500 0.007812500 0.035156250 0.027343750 0.011718750 0.015625000 0.027343750 0.007812500 0.023437500 0.003906250 0.007812500 0.007812500 0.031250000 0.042968750 0.007812500 0.035156250 0.039062500 0.023437500 0.023437500 0.046875000 0.046875000 0.011718750 0.035156250 0.031250000 0.011718750 0.019531250 0.015625000 0.019531250 0.035156250 0.007812500 0.007812500 0.042968750 0.023437500 0.019531250 0.023437500 0.039062500 0.019531250 0.019531250 0.023437500 0.011718750 0.023437500 0.042968750 0.007812500 0.031250000 0.007812500 0.023437500 0.023437500 0.019531250 0.046875000 0.011718750 0.035156250 0.046875000 0.039062500 0.035156250 0.007812500 0.039062500 0.058593750 0.039062500 0.027343750 0.035156250 0.078125000 0.031250000 0.039062500 0.066406250 0.128906250 0.117187500 0.109375000 0.117187500 0.035156250 0.042968750 0.066406250 0.050781250 0.101562500 0.054687500 0.054687500 0.027343750 0.046875000 0.054687500 0.085937500 0.089843750 0.011718750 0.019531250 0.148437500 0.117187500 0.031250000 0.078125000 0.109375000 0.140625000 0.011718750 0.125000000 0.109375000 0.093750000 0.046875000 0.070312500 0.093750000 0.292968750 0.082031250 0.035156250 0.121093750 0.214843750 0.105468750 0.175781250 0.062500000 0.183593750 0.066406250 0.449218750 0.351562500 0.382812500 0.230468750 0.320312500 0.382812500 0.433593750 0.082031250 0.210937500 0.398437500 0.789062500 0.851562500 0.371093750 0.472656250 0.339843750 0.414062500 0.589843750 0.613281250 0.652343750 0.574218750 0.316406250 0.117187500 0.167968750 0.164062500 0.460937500 0.523437500 0.179687500 0.261718750 0.152343750 0.128906250 0.222656250 0.160156250 0.277343750 0.300781250 0.125000000 0.125000000 0.105468750 0.093750000 0.125000000 0.019531250 0.066406250 0.085937500 0.074218750 0.054687500 0.109375000 0.023437500 0.070312500 0.050781250 0.113281250 0.054687500 0.031250000 0.007812500 0.015625000 0.015625000 0.035156250 0.015625000 0.054687500 0.031250000 0.050781250 0.042968750 0.050781250 0.062500000 0.125000000 0.105468750 0.066406250 0.078125000 0.085937500 0.125000000 0.066406250 0.031250000 0.050781250 0.054687500 0.027343750 0.015625000 0.058593750 0.046875000 0.031250000 0.082031250 0.074218750 0.050781250 0.066406250 0.019531250 0.027343750 0.082031250 0.042968750 0.054687500 0.027343750 0.027343750 0.082031250 0.035156250 0.035156250 0.015625000 0.042968750 0.023437500 0.015625000 0.058593750 0.050781250 0.011718750 0.050781250 0.109375000 0.093750000 0.050781250 0.058593750 0.082031250 0.019531250 0.062500000 0.031250000 0.023437500 0.027343750 0.054687500 0.007812500 0.023437500 0.039062500 0.039062500 0.027343750 0.023437500 0.031250000 0.011718750 0.019531250 0.019531250 0.035156250 0.031250000 0.011718750 0.011718750 0.003906250 0.019531250 0.015625000 0.023437500 0.039062500 0.023437500 0.027343750 0.031250000 0.035156250 0.027343750 0.019531250 0.011718750 0.046875000 0.046875000 
0.031250000 0.015625000 0.042968750 0.019531250 0.019531250 0.011718750 0.035156250 0.035156250 0.011718750 0.011718750 0.003906250 0.039062500 0.035156250 0.046875000 0.039062500 0.015625000 0.027343750 0.027343750 0.003906250 0.015625000 0.019531250 0.035156250 0.011718750 0.019531250 0.015625000 0.011718750 0.042968750 0.031250000 0.011718750 0.015625000 0.011718750 0.011718750 0.035156250 0.027343750 0.027343750 0.031250000 0.027343750 0.015625000 0.019531250 0.023437500 0.015625000 0.023437500 0.015625000 0.023437500 0.035156250 0.023437500 0.011718750 0.031250000 0.011718750 0.023437500 0.007812500 0.023437500 0.019531250 0.023437500 0.015625000 0.023437500 0.011718750 0.019531250 0.019531250 0.027343750 0.011718750 0.015625000 0.027343750 0.007812500 0.019531250 0.015625000 0.015625000 0.007812500 0.007812500 0.011718750 0.011718750 0.015625000 0.031250000 0.003906250 0.031250000 0.039062500 0.039062500 0.027343750 0.015625000 0.023437500 0.011718750 0.074218750 0.035156250 0.011718750 0.054687500 0.019531250 0.039062500 0.042968750 0.003906250 0.019531250 0.042968750 0.027343750 0.015625000 0.054687500 0.058593750 0.066406250 0.062500000 0.031250000 0.019531250 0.027343750 0.058593750 0.085937500 0.062500000 0.035156250 0.019531250 0.070312500 0.109375000 0.050781250 0.085937500 0.085937500 0.097656250 0.031250000 0.039062500 0.054687500 0.097656250 0.140625000 0.093750000 0.019531250 0.175781250 0.230468750 0.031250000 0.062500000 0.117187500 0.167968750 0.078125000 0.128906250 0.054687500 0.046875000 0.164062500 0.382812500 0.332031250 0.054687500 0.210937500 0.226562500 0.253906250 0.464843750 0.113281250 0.187500000 0.261718750 0.320312500 0.117187500 0.015625000 0.015625000 0.289062500 0.070312500 0.167968750 0.121093750 0.125000000 0.066406250 0.167968750 0.042968750 0.078125000 0.082031250 0.039062500 0.078125000 0.089843750 0.132812500 0.078125000 0.066406250 0.050781250 0.031250000 0.011718750 0.046875000 0.066406250 0.027343750 0.023437500 0.042968750 0.058593750 0.007812500 0.027343750 0.023437500 0.015625000 0.019531250 0.054687500 0.066406250 0.011718750 0.074218750 0.035156250 0.042968750 0.031250000 0.054687500 0.019531250 0.054687500 0.039062500 0.046875000 0.027343750 0.058593750 0.019531250 0.027343750 0.042968750 0.019531250 0.011718750 0.015625000 0.039062500 0.007812500 0.019531250 0.019531250 0.031250000 0.039062500 0.011718750 0.019531250 0.011718750 0.046875000 0.015625000 0.019531250 0.027343750 0.035156250 0.035156250 0.054687500 0.011718750 0.023437500 0.023437500 0.003906250 0.023437500 0.031250000 0.023437500 0.035156250 0.042968750 0.035156250 0.019531250 0.042968750 0.019531250 0.031250000 0.039062500 0.039062500 0.011718750 0.023437500 0.023437500 0.031250000 0.023437500 0.003906250 0.007812500 0.019531250 0.023437500 0.011718750 0.019531250 0.015625000 0.019531250 0.007812500 0.050781250 0.035156250 0.019531250 0.011718750 0.003906250 0.011718750 0.015625000 0.007812500 0.039062500 0.035156250 0.035156250 0.035156250 0.039062500 0.015625000 0.019531250 0.007812500 0.035156250 0.015625000 
0.011718750 0.023437500 0.015625000 0.019531250 0.019531250 0.007812500 0.011718750 0.015625000 0.019531250 0.007812500 0.023437500 0.027343750 0.015625000 0.027343750 0.023437500 0.011718750 0.003906250 0.011718750 0.039062500 0.019531250 0.015625000 0.039062500 0.023437500 0.007812500 0.011718750 0.007812500 0.046875000 0.019531250 0.007812500 0.031250000 0.007812500 0.000000000 0.027343750 0.015625000 0.023437500 0.019531250 0.023437500 0.011718750 0.039062500 0.019531250 0.000000000 0.019531250 0.003906250 0.031250000 0.019531250 0.015625000 0.003906250 0.027343750 0.015625000 0.007812500 0.015625000 0.007812500 0.015625000 0.019531250 0.011718750 0.003906250 0.015625000 0.007812500 0.011718750 0.019531250 0.007812500 0.011718750 0.031250000 0.011718750 0.015625000 0.015625000 0.011718750 0.019531250 0.015625000 0.027343750 0.019531250 0.019531250 0.011718750 0.007812500 0.007812500 0.015625000 0.019531250 0.039062500 0.027343750 0.023437500 0.058593750 0.023437500 0.042968750 0.046875000 0.035156250 0.039062500 0.007812500 0.015625000 0.035156250 0.023437500 0.054687500 0.011718750 0.039062500 0.023437500 0.015625000 0.019531250 0.050781250 0.031250000 0.027343750 0.054687500 0.015625000 0.031250000 0.031250000 0.015625000 0.054687500 0.023437500 0.128906250 0.070312500 0.050781250 0.015625000 0.132812500 0.062500000 0.066406250 0.031250000 0.054687500 0.105468750 0.019531250 0.078125000 0.046875000 0.191406250 0.082031250 0.015625000 0.019531250 0.085937500 0.078125000 0.078125000 0.070312500 0.046875000 0.164062500 0.285156250 0.410156250 0.093750000 0.082031250 0.164062500 0.140625000 0.355468750 0.082031250 0.085937500 0.246093750 0.199218750 0.070312500 0.023437500 0.078125000 0.269531250 0.195312500 0.140625000 0.074218750 0.128906250 0.062500000 0.082031250 0.128906250 0.085937500 0.046875000 0.019531250 0.042968750 0.058593750 0.121093750 0.062500000 0.031250000 0.000000000 0.031250000 0.050781250 0.031250000 0.031250000 0.027343750 0.031250000 0.058593750 0.023437500 0.054687500 0.027343750 0.042968750 0.035156250 0.035156250 0.042968750 0.066406250 0.039062500 0.039062500 0.015625000 0.046875000 0.019531250 0.039062500 0.023437500 0.007812500 0.070312500 0.027343750 0.023437500 0.046875000 0.031250000 0.015625000 0.015625000 0.042968750 0.027343750 0.015625000 0.019531250 0.015625000 0.023437500 0.039062500 0.019531250 0.042968750 0.023437500 0.031250000 0.027343750 0.035156250 0.011718750 0.011718750 0.003906250 0.023437500 0.011718750 0.015625000 0.019531250 0.027343750 0.027343750 0.023437500 0.011718750 0.007812500 0.031250000 0.011718750 0.039062500 0.015625000 0.027343750 0.003906250 0.027343750 0.027343750 0.023437500 0.023437500 0.003906250 0.027343750 0.023437500 0.031250000 0.015625000 0.011718750 0.011718750 0.031250000 0.015625000 0.003906250 0.023437500 0.011718750 0.019531250 0.007812500 0.039062500 0.027343750 0.015625000 0.027343750 0.023437500 0.019531250 0.019531250 0.027343750 0.015625000 0.011718750 0.015625000 0.031250000 0.023437500 0.011718750 0.007812500 0.023437500 0.031250000 0.042968750 
0.035156250 0.035156250 0.011718750 0.019531250 0.031250000 0.011718750 0.007812500 0.023437500 0.023437500 0.007812500 0.023437500 0.031250000 0.007812500 0.019531250 0.003906250 0.015625000 0.011718750 0.007812500 0.031250000 0.035156250 0.015625000 0.031250000 0.035156250 0.019531250 0.003906250 0.003906250 0.027343750 0.019531250 0.027343750 0.035156250 0.015625000 0.019531250 0.023437500 0.007812500 0.027343750 0.007812500 0.042968750 0.023437500 0.042968750 0.015625000 0.003906250 0.015625000 0.011718750 0.023437500 0.015625000 0.019531250 0.003906250 0.031250000 0.019531250 0.007812500 0.035156250 0.035156250 0.011718750 0.019531250 0.015625000 0.007812500 0.015625000 0.003906250 0.019531250 0.019531250 0.011718750 0.011718750 0.015625000 0.015625000 0.015625000 0.011718750 0.015625000 0.027343750 0.007812500 0.003906250 0.011718750 0.039062500 0.015625000 0.023437500 0.011718750 0.011718750 0.027343750 0.031250000 0.035156250 0.011718750 0.062500000 0.019531250 0.039062500 0.054687500 0.027343750 0.019531250 0.027343750 0.015625000 0.039062500 0.023437500 0.054687500 0.003906250 0.015625000 0.015625000 0.027343750 0.007812500 0.027343750 0.011718750 0.035156250 0.035156250 0.011718750 0.007812500 0.007812500 0.011718750 0.050781250 0.019531250 0.117187500 0.054687500 0.019531250 0.109375000 0.062500000 0.015625000 0.015625000 0.058593750 0.058593750 0.125000000 0.093750000 0.078125000 0.019531250 0.117187500 0.078125000 0.085937500 0.101562500 0.132812500 0.042968750 0.050781250 0.050781250 0.121093750 0.195312500 0.148437500 0.351562500 0.078125000 0.082031250 0.039062500 0.109375000 0.324218750 0.128906250 0.164062500 0.156250000 0.171875000 0.093750000 0.070312500 0.160156250 0.148437500 0.070312500 0.164062500 0.074218750 0.117187500 0.062500000 0.039062500 0.070312500 0.019531250 0.078125000 0.078125000 0.023437500 0.089843750 0.066406250 0.027343750 0.019531250 0.007812500 0.023437500 0.046875000 0.031250000 0.039062500 0.027343750 0.019531250 0.042968750 0.023437500 0.031250000 0.062500000 0.046875000 0.054687500 0.035156250 0.046875000 0.078125000 0.027343750 0.015625000 0.015625000 0.035156250 0.007812500 0.039062500 0.019531250 0.007812500 0.050781250 0.042968750 0.023437500 0.015625000 0.039062500 0.019531250 0.007812500 0.050781250 0.027343750 0.015625000 0.019531250 0.027343750 0.015625000 0.035156250 0.003906250 0.039062500 0.035156250 0.039062500 0.027343750 0.039062500 0.027343750 0.011718750 0.015625000 0.031250000 0.019531250 0.027343750 0.015625000 0.007812500 0.027343750 0.023437500 0.015625000 0.003906250 0.023437500 0.011718750 0.027343750 0.035156250 0.011718750 0.011718750 0.023437500 0.023437500 0.027343750 0.035156250 0.011718750 0.011718750 0.003906250 0.015625000 0.015625000 0.007812500 0.019531250 0.023437500 0.011718750 0.003906250 0.023437500 0.003906250 0.003906250 0.011718750 0.027343750 0.015625000 0.031250000 0.019531250 0.035156250 0.019531250 0.011718750 0.015625000 0.015625000 0.015625000 0.027343750 0.015625000 0.023437500 0.027343750 0.000000000 0.035156250 0.007812500 0.011718750 
0.027343750 0.031250000 0.011718750 0.015625000 0.019531250 0.019531250 0.023437500 0.015625000 0.027343750 0.007812500 0.019531250 0.023437500 0.019531250 0.007812500 0.023437500 0.027343750 0.023437500 0.003906250 0.039062500 0.023437500 0.015625000 0.019531250 0.027343750 0.023437500 0.003906250 0.003906250 0.019531250 0.019531250 0.035156250 0.031250000 0.015625000 0.019531250 0.019531250 0.003906250 0.031250000 0.011718750 0.031250000 0.023437500 0.027343750 0.023437500 0.031250000 0.007812500 0.011718750 0.015625000 0.007812500 0.007812500 0.007812500 0.019531250 0.019531250 0.019531250 0.027343750 0.023437500 0.031250000 0.011718750 0.007812500 0.015625000 0.023437500 0.000000000 0.011718750 0.011718750 0.023437500 0.011718750 0.015625000 0.011718750 0.042968750 0.023437500 0.007812500 0.027343750 0.015625000 0.015625000 0.003906250 0.042968750 0.007812500 0.039062500 0.015625000 0.015625000 0.003906250 0.011718750 0.042968750 0.031250000 0.054687500 0.003906250 0.023437500 0.042968750 0.023437500 0.011718750 0.019531250 0.015625000 0.050781250 0.015625000 0.046875000 0.031250000 0.023437500 0.039062500 0.023437500 0.007812500 0.039062500 0.039062500 0.023437500 0.035156250 0.023437500 0.019531250 0.027343750 0.023437500 0.003906250 0.070312500 0.082031250 0.035156250 0.035156250 0.078125000 0.054687500 0.039062500 0.031250000 0.031250000 0.074218750 0.093750000 0.152343750 0.011718750 0.062500000 0.101562500 0.109375000 0.035156250 0.136718750 0.183593750 0.023437500 0.019531250 0.011718750 0.082031250 0.054687500 0.265625000 0.179687500 0.066406250 0.062500000 0.085937500 0.164062500 0.289062500 0.031250000 0.082031250 0.171875000 0.062500000 0.027343750 0.074218750 0.121093750 0.148437500 0.140625000 0.140625000 0.046875000 0.097656250 0.054687500 0.058593750 0.070312500 0.039062500 0.039062500 0.105468750 0.039062500 0.066406250 0.046875000 0.039062500 0.007812500 0.019531250 0.023437500 0.042968750 0.039062500 0.027343750 0.039062500 0.015625000 0.035156250 0.023437500 0.031250000 0.066406250 0.046875000 0.042968750 0.070312500 0.023437500 0.039062500 0.035156250 0.027343750 0.039062500 0.019531250 0.042968750 0.027343750 0.011718750 0.027343750 0.031250000 0.023437500 0.027343750 0.027343750 0.011718750 0.003906250 0.019531250 0.039062500 0.039062500 0.011718750 0.015625000 0.003906250 0.019531250 0.019531250 0.023437500 0.031250000 0.015625000 0.050781250 0.011718750 0.042968750 0.019531250 0.003906250 0.011718750 0.031250000 0.031250000 0.015625000 0.027343750 0.011718750 0.027343750 0.015625000 0.031250000 0.027343750 0.007812500 0.015625000 0.031250000 0.023437500 0.019531250 0.007812500 0.035156250 0.011718750 0.023437500 0.019531250 0.039062500 0.011718750 0.007812500 0.011718750 0.019531250 0.003906250 0.011718750 0.007812500 0.023437500 0.007812500 0.019531250 0.003906250 0.003906250 0.007812500 0.011718750 0.007812500 0.023437500 0.011718750 0.050781250 0.007812500 0.007812500 0.019531250 0.011718750 0.011718750 0.023437500 0.019531250 0.027343750 0.019531250 0.011718750 0.027343750 0.007812500 0.011718750 
0.046875000 0.023437500 0.015625000 0.015625000 0.007812500 0.011718750 0.027343750 0.019531250 0.011718750 0.031250000 0.003906250 0.003906250 0.019531250 0.015625000 0.015625000 0.042968750 0.007812500 0.023437500 0.015625000 0.011718750 0.015625000 0.011718750 0.023437500 0.031250000 0.015625000 0.023437500 0.011718750 0.007812500 0.027343750 0.035156250 0.011718750 0.019531250 0.019531250 0.003906250 0.023437500 0.011718750 0.011718750 0.023437500 0.011718750 0.019531250 0.015625000 0.015625000 0.011718750 0.015625000 0.007812500 0.007812500 0.011718750 0.015625000 0.011718750 0.011718750 0.027343750 0.027343750 0.031250000 0.007812500 0.003906250 0.023437500 0.011718750 0.015625000 0.003906250 0.011718750 0.027343750 0.007812500 0.007812500 0.011718750 0.035156250 0.023437500 0.015625000 0.019531250 0.019531250 0.019531250 0.023437500 0.031250000 0.019531250 0.046875000 0.011718750 0.035156250 0.015625000 0.019531250 0.023437500 0.031250000 0.035156250 0.023437500 0.019531250 0.039062500 0.019531250 0.019531250 0.027343750 0.019531250 0.035156250 0.007812500 0.042968750 0.027343750 0.023437500 0.042968750 0.031250000 0.015625000 0.039062500 0.042968750 0.027343750 0.023437500 0.011718750 0.023437500 0.027343750 0.031250000 0.027343750 0.082031250 0.074218750 0.007812500 0.042968750 0.027343750 0.027343750 0.015625000 0.062500000 0.050781250 0.082031250 0.054687500 0.128906250 0.042968750 0.035156250 0.085937500 0.074218750 0.042968750 0.101562500 0.187500000 0.074218750 0.050781250 0.046875000 0.109375000 0.144531250 0.117187500 0.121093750 0.179687500 0.085937500 0.054687500 0.195312500 0.238281250 0.046875000 0.085937500 0.132812500 0.066406250 0.050781250 0.074218750 0.109375000 0.046875000 0.019531250 0.105468750 0.093750000 0.058593750 0.019531250 0.046875000 0.039062500 0.015625000 0.015625000 0.066406250 0.031250000 0.023437500 0.015625000 0.023437500 0.019531250 0.031250000 0.039062500 0.007812500 0.027343750 0.007812500 0.039062500 0.003906250 0.015625000 0.015625000 0.050781250 0.035156250 0.070312500 0.019531250 0.042968750 0.027343750 0.035156250 0.027343750 0.031250000 0.042968750 0.046875000 0.015625000 0.019531250 0.003906250 0.011718750 0.011718750 0.019531250 0.035156250 0.031250000 0.007812500 0.015625000 0.011718750 0.007812500 0.015625000 0.027343750 0.011718750 0.011718750 0.003906250 0.011718750 0.031250000 0.015625000 0.023437500 0.027343750 0.019531250 0.031250000 0.019531250 0.007812500 0.027343750 0.015625000 0.027343750 0.015625000 0.011718750 0.003906250 0.023437500 0.007812500 0.019531250 0.027343750 0.007812500 0.003906250 0.019531250 0.007812500 0.007812500 0.011718750 0.027343750 0.015625000 0.027343750 0.019531250 0.039062500 0.003906250 0.015625000 0.011718750 0.011718750 0.003906250 0.011718750 0.007812500 0.023437500 0.003906250 0.019531250 0.011718750 0.015625000 0.011718750 0.019531250 0.007812500 0.019531250 0.031250000 0.019531250 0.023437500 0.015625000 0.019531250 0.011718750 0.015625000 0.019531250 0.019531250 0.027343750 0.011718750 0.011718750 0.007812500 0.015625000 0.007812500 
0.019531250 0.042968750 0.039062500 0.062500000 0.082031250 0.093750000 0.089843750 0.101562500 0.121093750 0.125000000 0.164062500 0.156250000 0.132812500 0.136718750 0.144531250 0.117187500 0.144531250 0.132812500 0.148437500 0.167968750 0.164062500 0.152343750 0.179687500 0.167968750 0.191406250 0.203125000 0.167968750 0.175781250 0.156250000 0.132812500 0.148437500 0.136718750 0.117187500 0.117187500 0.121093750 0.089843750 0.078125000 0.078125000 0.054687500 0.062500000 0.050781250 0.027343750 0.019531250 0.035156250 0.023437500 0.031250000 0.019531250 0.019531250 0.019531250 0.019531250 0.031250000 0.019531250 0.027343750 0.031250000 0.023437500 0.019531250 0.003906250 0.000000000 0.023437500 0.019531250 0.023437500 0.011718750 0.031250000 0.023437500 0.019531250 0.054687500 0.082031250 0.074218750 0.070312500 0.070312500 0.097656250 0.093750000 0.097656250 0.117187500 0.101562500 0.109375000 0.109375000 0.093750000 0.144531250 0.140625000 0.117187500 0.113281250 0.105468750 0.125000000 0.132812500 0.144531250 0.136718750 0.152343750 0.125000000 0.136718750 0.125000000 0.179687500 0.203125000 0.125000000 0.113281250 0.105468750 0.101562500 0.156250000 0.117187500 0.097656250 0.078125000 0.070312500 0.125000000 0.195312500 0.152343750 0.171875000 0.195312500 0.210937500 0.230468750 0.246093750 0.222656250 0.226562500 0.332031250 0.296875000 0.292968750 0.386718750 0.363281250 0.386718750 0.355468750 0.414062500 0.371093750 0.406250000 0.382812500 0.175781250 0.175781250 0.210937500 0.246093750 0.187500000 0.277343750 0.171875000 0.226562500 0.261718750 0.144531250 0.199218750 0.222656250 0.308593750 0.214843750 0.195312500 0.199218750 0.214843750 0.183593750 0.187500000 0.199218750 0.171875000 0.121093750 0.089843750 0.148437500 0.058593750 0.117187500 0.121093750 0.097656250 0.152343750 0.152343750 0.085937500 0.085937500 0.109375000 0.121093750 0.113281250 0.085937500 0.058593750 0.070312500 0.085937500 0.085937500 0.070312500 0.066406250 0.042968750 0.023437500 0.062500000 0.042968750 0.050781250 0.050781250 0.062500000 0.078125000 0.066406250 0.042968750 0.031250000 0.070312500 0.089843750 0.085937500 0.050781250 0.050781250 0.058593750 0.070312500 0.050781250 0.074218750 0.050781250 0.042968750 0.062500000 0.078125000 0.050781250 0.054687500 0.054687500 0.070312500 0.054687500 0.031250000 0.035156250 0.031250000 0.074218750 0.046875000 0.039062500 0.031250000 0.039062500 0.007812500 0.011718750 0.011718750 0.015625000 0.039062500 0.015625000 0.015625000 0.027343750 0.039062500 0.015625000 0.019531250 0.003906250 0.019531250 0.035156250 0.035156250 0.027343750 0.027343750 0.039062500 0.035156250 0.023437500 0.011718750 0.011718750 0.039062500 0.042968750 0.035156250 0.046875000 0.035156250 0.042968750 0.039062500 0.015625000 0.031250000 0.023437500 0.019531250 0.035156250 0.019531250 0.039062500 0.027343750 0.015625000 0.027343750 0.015625000 0.007812500 0.023437500 0.003906250 0.042968750 0.046875000 0.035156250 0.031250000 0.039062500 0.015625000 0.011718750 0.023437500 0.011718750 0.031250000 0.027343750 0.042968750 
0.015625000 0.015625000 0.035156250 0.039062500 0.070312500 0.152343750 0.144531250 0.199218750 0.496093750 0.734375000 0.664062500 0.343750000 0.773437500 1.242187500 1.316406250 1.003906250 0.652343750 0.574218750 0.574218750 0.449218750 0.234375000 0.187500000 0.253906250 0.316406250 0.281250000 0.164062500 0.425781250 0.601562500 0.554687500 0.285156250 0.281250000 0.535156250 0.531250000 0.320312500 0.101562500 0.214843750 0.250000000 0.183593750 0.117187500 0.078125000 0.082031250 0.062500000 0.035156250 0.035156250 0.066406250 0.097656250 0.097656250 0.074218750 0.046875000 0.074218750 0.128906250 0.109375000 0.031250000 0.039062500 0.054687500 0.085937500 0.078125000 0.046875000 0.011718750 0.054687500 0.039062500 0.042968750 0.042968750 0.070312500 0.054687500 0.007812500 0.066406250 0.066406250 0.082031250 0.183593750 0.203125000 0.074218750 0.148437500 0.304687500 0.277343750 0.191406250 0.027343750 0.164062500 0.308593750 0.281250000 0.125000000 0.078125000 0.207031250 0.191406250 0.160156250 0.160156250 0.097656250 0.042968750 0.066406250 0.054687500 0.093750000 0.191406250 0.425781250 0.593750000 0.558593750 0.257812500 0.316406250 0.648437500 0.535156250 0.261718750 0.070312500 0.179687500 0.097656250 0.140625000 0.164062500 0.273437500 0.343750000 0.191406250 0.199218750 0.457031250 0.406250000 0.371093750 0.441406250 0.289062500 0.277343750 0.480468750 0.265625000 0.292968750 0.437500000 0.445312500 1.062500000 1.574218750 1.527343750 0.953125000 0.597656250 0.515625000 0.808593750 1.343750000 1.707031250 1.671875000 1.742187500 1.625000000 1.390625000 0.937500000 0.519531250 0.355468750 0.238281250 0.066406250 0.226562500 0.347656250 0.246093750 0.234375000 0.152343750 0.074218750 0.074218750 0.148437500 0.136718750 0.246093750 0.339843750 0.312500000 0.359375000 0.218750000 0.347656250 0.378906250 0.308593750 0.207031250 0.058593750 0.035156250 0.039062500 0.070312500 0.085937500 0.042968750 0.039062500 0.023437500 0.046875000 0.093750000 0.031250000 0.050781250 0.035156250 0.050781250 0.058593750 0.074218750 0.058593750 0.050781250 0.027343750 0.007812500 0.070312500 0.046875000 0.035156250 0.027343750 0.070312500 0.125000000 0.148437500 0.199218750 0.187500000 0.164062500 0.085937500 0.164062500 0.261718750 0.191406250 0.179687500 0.265625000 0.320312500 0.203125000 0.113281250 0.273437500 0.414062500 0.433593750 0.390625000 0.269531250 0.144531250 0.042968750 0.019531250 0.054687500 0.054687500 0.050781250 0.035156250 0.039062500 0.023437500 0.058593750 0.046875000 0.062500000 0.039062500 0.031250000 0.015625000 0.046875000 0.031250000 0.027343750 0.019531250 0.023437500 0.027343750 0.011718750 0.031250000 0.039062500 0.035156250 0.019531250 0.062500000 0.031250000 0.007812500 0.019531250 0.027343750 0.019531250 0.015625000 0.003906250 0.027343750 0.031250000 0.042968750 0.007812500 0.027343750 0.019531250 0.011718750 0.011718750 0.027343750 0.011718750 0.023437500 0.015625000 0.039062500 0.015625000 0.000000000 0.031250000 0.007812500 0.015625000 0.023437500 0.000000000 0.011718750 0.011718750 0.023437500 
0.316406250 0.308593750 0.816406250 1.718750000 2.523437500 2.925781250 2.531250000 2.792968750 3.359375000 1.960937500 2.171875000 1.203125000 1.988281250 4.023437500 2.390625000 0.257812500 0.261718750 0.566406250 1.007812500 0.742187500 0.703125000 0.253906250 0.285156250 0.214843750 0.648437500 0.285156250 0.789062500 1.140625000 0.328125000 0.527343750 0.539062500 0.945312500 0.980468750 0.257812500 0.410156250 0.347656250 0.292968750 0.140625000 0.265625000 0.113281250 0.261718750 0.117187500 0.183593750 0.199218750 0.171875000 0.269531250 0.066406250 0.203125000 0.191406250 0.250000000 0.093750000 0.285156250 0.171875000 0.121093750 0.199218750 0.105468750 0.214843750 0.152343750 0.105468750 0.152343750 0.144531250 0.113281250 0.085937500 0.113281250 0.203125000 0.187500000 0.097656250 0.171875000 0.082031250 0.226562500 0.308593750 0.250000000 0.332031250 0.335937500 0.066406250 0.390625000 0.167968750 0.222656250 0.429687500 0.160156250 0.179687500 0.203125000 0.117187500 0.242187500 0.246093750 0.089843750 0.152343750 0.058593750 0.156250000 0.179687500 0.062500000 0.394531250 0.324218750 0.566406250 0.613281250 0.542968750 0.496093750 0.761718750 0.707031250 0.195312500 0.140625000 0.183593750 0.183593750 0.148437500 0.222656250 0.472656250 0.117187500 0.226562500 0.304687500 0.207031250 0.546875000 0.460937500 0.394531250 0.128906250 0.160156250 0.312500000 0.605468750 0.101562500 0.535156250 0.925781250 0.566406250 1.925781250 2.062500000 0.937500000 0.191406250 0.675781250 0.957031250 1.335937500 1.722656250 1.519531250 1.863281250 1.597656250 1.472656250 0.824218750 0.527343750 0.511718750 0.312500000 0.218750000 0.359375000 0.078125000 0.371093750 0.308593750 0.355468750 0.250000000 0.269531250 0.343750000 0.238281250 0.109375000 0.238281250 0.671875000 0.523437500 0.015625000 0.343750000 0.417968750 0.300781250 0.089843750 0.160156250 0.078125000 0.089843750 0.031250000 0.058593750 0.074218750 0.113281250 0.074218750 0.050781250 0.011718750 0.082031250 0.035156250 0.074218750 0.035156250 0.089843750 0.074218750 0.062500000 0.042968750 0.105468750 0.171875000 0.117187500 0.035156250 0.148437500 0.144531250 0.109375000 0.164062500 0.226562500 0.156250000 0.171875000 0.191406250 0.082031250 0.179687500 0.199218750 0.304687500 0.160156250 0.179687500 0.386718750 0.207031250 0.171875000 0.171875000 0.464843750 0.488281250 0.527343750 0.238281250 0.089843750 0.027343750 0.117187500 0.101562500 0.117187500 0.160156250 0.125000000 0.042968750 0.050781250 0.058593750 0.050781250 0.074218750 0.035156250 0.066406250 0.035156250 0.046875000 0.054687500 0.058593750 0.062500000 0.050781250 0.062500000 0.054687500 0.078125000 0.050781250 0.042968750 0.035156250 0.089843750 0.058593750 0.039062500 0.058593750 0.097656250 0.042968750 0.054687500 0.031250000 0.066406250 0.046875000 0.066406250 0.023437500 0.058593750 0.042968750 0.035156250 0.054687500 0.054687500 0.046875000 0.062500000 0.062500000 0.062500000 0.035156250 0.042968750 0.039062500 0.035156250 0.027343750 0.046875000 0.042968750 0.042968750 0.027343750 0.035156250 
2.605468750 2.660156250 4.324218750 7.074218750 10.687500000 9.960937500 7.332031250 7.031250000 4.589843750 5.644531250 6.136718750 5.843750000 7.593750000 11.503906250 6.917968750 10.300781250 10.675781250 10.031250000 10.058593750 6.285156250 5.253906250 2.304687500 1.480468750 1.964843750 2.625000000 2.132812500 2.203125000 0.851562500 1.933593750 1.652343750 2.273437500 3.035156250 3.839843750 3.910156250 3.816406250 3.800781250 3.312500000 2.730468750 1.519531250 0.460937500 0.171875000 0.511718750 0.437500000 0.222656250 0.230468750 0.289062500 0.511718750 0.109375000 0.136718750 0.203125000 0.445312500 0.152343750 0.085937500 0.226562500 0.273437500 0.109375000 0.027343750 0.175781250 0.136718750 0.144531250 0.148437500 0.089843750 0.207031250 0.082031250 0.183593750 0.312500000 0.546875000 0.207031250 0.160156250 0.437500000 0.425781250 0.503906250 0.261718750 0.953125000 0.863281250 0.855468750 1.160156250 1.558593750 1.589843750 1.691406250 1.949218750 1.617187500 1.253906250 0.691406250 0.265625000 0.437500000 0.273437500 0.164062500 0.285156250 0.664062500 0.429687500 0.632812500 0.500000000 1.285156250 1.511718750 0.628906250 0.542968750 1.667968750 0.992187500 1.093750000 0.667968750 0.671875000 0.636718750 0.656250000 0.835937500 0.492187500 0.808593750 0.746093750 0.558593750 0.242187500 0.617187500 0.546875000 0.328125000 0.195312500 0.132812500 0.472656250 0.273437500 0.394531250 0.582031250 0.750000000 0.238281250 2.109375000 2.796875000 0.238281250 0.671875000 1.082031250 0.761718750 1.527343750 1.652343750 1.488281250 1.746093750 1.695312500 1.425781250 0.875000000 0.589843750 0.500000000 0.273437500 0.160156250 0.441406250 0.296875000 0.359375000 0.332031250 0.332031250 0.257812500 0.269531250 0.410156250 0.277343750 0.054687500 0.246093750 0.644531250 0.519531250 0.187500000 0.179687500 0.546875000 0.179687500 0.285156250 0.214843750 0.210937500 0.082031250 0.109375000 0.140625000 0.187500000 0.015625000 0.105468750 0.105468750 0.113281250 0.035156250 0.023437500 0.011718750 0.042968750 0.117187500 0.023437500 0.058593750 0.031250000 0.187500000 0.050781250 0.109375000 0.097656250 0.085937500 0.121093750 0.093750000 0.167968750 0.234375000 0.238281250 0.140625000 0.097656250 0.105468750 0.066406250 0.175781250 0.332031250 0.167968750 0.257812500 0.371093750 0.218750000 0.136718750 0.167968750 0.406250000 0.550781250 0.519531250 0.210937500 0.101562500 0.031250000 0.109375000 0.144531250 0.101562500 0.128906250 0.070312500 0.121093750 0.039062500 0.019531250 0.039062500 0.078125000 0.050781250 0.019531250 0.035156250 0.031250000 0.066406250 0.078125000 0.035156250 0.027343750 0.035156250 0.035156250 0.031250000 0.046875000 0.011718750 0.066406250 0.050781250 0.117187500 0.070312500 0.035156250 0.050781250 0.007812500 0.039062500 0.039062500 0.058593750 0.050781250 0.042968750 0.007812500 0.023437500 0.035156250 0.023437500 0.035156250 0.015625000 0.050781250 0.070312500 0.058593750 0.039062500 0.007812500 0.031250000 0.015625000 0.019531250 0.039062500 0.015625000 0.039062500 0.027343750 0.050781250 0.027343750 
2.300781250 2.617187500 3.035156250 11.035156250 20.488281250 6.785156250 9.703125000 11.683593750 6.250000000 2.238281250 5.652343750 12.269531250 11.433593750 6.132812500 14.562500000 18.500000000 9.589843750 5.847656250 18.363281250 15.257812500 5.195312500 7.156250000 3.628906250 3.375000000 1.558593750 5.445312500 4.222656250 0.667968750 1.175781250 5.066406250 5.863281250 2.875000000 9.253906250 8.207031250 1.269531250 5.097656250 5.570312500 2.726562500 1.140625000 0.312500000 0.347656250 0.343750000 0.050781250 0.562500000 0.347656250 0.421875000 0.117187500 0.476562500 0.191406250 0.230468750 0.375000000 0.320312500 0.210937500 0.011718750 0.246093750 0.117187500 0.058593750 0.160156250 0.105468750 0.054687500 0.085937500 0.023437500 0.109375000 0.300781250 0.210937500 0.347656250 0.531250000 0.371093750 0.046875000 0.527343750 0.726562500 0.187500000 0.855468750 1.324218750 0.941406250 0.300781250 2.519531250 2.828125000 0.699218750 3.121093750 3.679687500 2.140625000 0.136718750 0.925781250 0.898437500 0.546875000 0.300781250 0.148437500 0.718750000 0.500000000 0.636718750 0.730468750 0.808593750 0.363281250 1.460937500 1.375000000 1.101562500 0.953125000 1.281250000 1.707031250 0.472656250 0.312500000 1.316406250 0.714843750 0.343750000 0.890625000 1.148437500 0.593750000 0.320312500 0.707031250 0.367187500 0.152343750 0.054687500 0.214843750 0.226562500 0.148437500 0.433593750 0.636718750 0.246093750 0.726562500 1.644531250 0.328125000 1.097656250 1.347656250 0.781250000 0.953125000 0.179687500 0.496093750 0.242187500 0.261718750 0.171875000 0.289062500 0.156250000 0.050781250 0.031250000 0.273437500 0.289062500 0.199218750 0.398437500 0.074218750 0.250000000 0.164062500 0.285156250 0.234375000 0.296875000 0.281250000 0.089843750 0.332031250 0.191406250 0.394531250 0.347656250 0.011718750 0.179687500 0.234375000 0.265625000 0.105468750 0.183593750 0.238281250 0.191406250 0.039062500 0.203125000 0.148437500 0.082031250 0.105468750 0.050781250 0.062500000 0.031250000 0.074218750 0.054687500 0.007812500 0.078125000 0.054687500 0.046875000 0.085937500 0.058593750 0.085937500 0.121093750 0.113281250 0.175781250 0.128906250 0.097656250 0.089843750 0.105468750 0.074218750 0.046875000 0.054687500 0.042968750 0.023437500 0.035156250 0.093750000 0.136718750 0.117187500 0.148437500 0.191406250 0.140625000 0.195312500 0.214843750 0.210937500 0.242187500 0.148437500 0.167968750 0.105468750 0.078125000 0.097656250 0.093750000 0.097656250 0.121093750 0.074218750 0.027343750 0.015625000 0.019531250 0.031250000 0.011718750 0.023437500 0.007812500 0.019531250 0.039062500 0.058593750 0.007812500 0.003906250 0.042968750 0.031250000 0.050781250 0.031250000 0.027343750 0.039062500 0.050781250 0.074218750 0.019531250 0.066406250 0.019531250 0.039062500 0.027343750 0.003906250 0.019531250 0.046875000 0.027343750 0.023437500 0.015625000 0.019531250 0.019531250 0.011718750 0.011718750 0.023437500 0.011718750 0.011718750 0.027343750 0.031250000 0.007812500 0.007812500 0.031250000 0.039062500 0.035156250 0.031250000 0.011718750 0.019531250 0.003906250 
2.761718750 2.515625000 4.375000000 15.343750000 24.664062500 8.386718750 7.734375000 15.531250000 3.296875000 6.183593750 8.800781250 13.007812500 13.117187500 7.550781250 20.191406250 11.464843750 18.675781250 15.871093750 19.164062500 14.937500000 13.437500000 13.570312500 1.453125000 2.597656250 4.531250000 4.304687500 8.988281250 2.964843750 3.042968750 5.968750000 11.828125000 6.105468750 4.257812500 14.000000000 4.699218750 3.496093750 5.484375000 4.421875000 1.046875000 0.875000000 0.445312500 0.648437500 0.398437500 0.417968750 1.082031250 0.707031250 0.355468750 0.609375000 0.281250000 0.289062500 0.113281250 0.847656250 0.472656250 0.347656250 0.433593750 0.281250000 0.343750000 0.246093750 0.335937500 0.281250000 0.265625000 0.316406250 0.351562500 0.199218750 0.578125000 0.343750000 0.484375000 0.816406250 0.542968750 0.386718750 0.980468750 0.640625000 0.449218750 1.429687500 1.390625000 1.511718750 1.386718750 4.574218750 2.269531250 2.417968750 4.324218750 2.976562500 1.179687500 0.449218750 1.601562500 0.363281250 0.414062500 0.558593750 0.546875000 0.363281250 0.488281250 0.972656250 0.621093750 0.757812500 1.898437500 1.066406250 1.082031250 0.414062500 2.195312500 1.015625000 1.195312500 1.093750000 0.558593750 1.140625000 0.214843750 1.042968750 1.187500000 0.535156250 0.339843750 0.574218750 0.609375000 0.324218750 0.312500000 0.433593750 0.175781250 0.128906250 0.105468750 0.660156250 0.613281250 0.359375000 1.355468750 0.898437500 0.746093750 1.050781250 0.953125000 0.535156250 0.152343750 0.222656250 0.296875000 0.281250000 0.054687500 0.105468750 0.238281250 0.167968750 0.230468750 0.171875000 0.082031250 0.199218750 0.257812500 0.199218750 0.097656250 0.042968750 0.156250000 0.148437500 0.058593750 0.027343750 0.074218750 0.230468750 0.175781250 0.164062500 0.156250000 0.253906250 0.082031250 0.152343750 0.367187500 0.058593750 0.136718750 0.253906250 0.285156250 0.207031250 0.195312500 0.089843750 0.105468750 0.097656250 0.035156250 0.113281250 0.136718750 0.097656250 0.054687500 0.082031250 0.109375000 0.089843750 0.101562500 0.144531250 0.101562500 0.093750000 0.093750000 0.109375000 0.113281250 0.148437500 0.121093750 0.117187500 0.070312500 0.105468750 0.125000000 0.109375000 0.113281250 0.097656250 0.058593750 0.039062500 0.117187500 0.132812500 0.070312500 0.132812500 0.105468750 0.074218750 0.105468750 0.082031250 0.066406250 0.093750000 0.128906250 0.105468750 0.085937500 0.109375000 0.074218750 0.066406250 0.031250000 0.085937500 0.097656250 0.074218750 0.082031250 0.082031250 0.058593750 0.089843750 0.085937500 0.105468750 0.093750000 0.121093750 0.066406250 0.093750000 0.125000000 0.070312500 0.085937500 0.101562500 0.089843750 0.058593750 0.113281250 0.117187500 0.117187500 0.089843750 0.089843750 0.097656250 0.085937500 0.105468750 0.109375000 0.070312500 0.093750000 0.062500000 0.093750000 0.082031250 0.101562500 0.074218750 0.093750000 0.078125000 0.070312500 0.085937500 0.101562500 0.109375000 0.105468750 0.066406250 0.097656250 0.058593750 0.101562500 0.078125000 0.070312500 0.074218750 0.089843750 
1.308593750 2.292968750 4.894531250 18.718750000 23.937500000 11.441406250 10.289062500 13.019531250 2.402343750 1.421875000 13.679687500 6.152343750 6.566406250 19.785156250 11.542968750 5.890625000 5.406250000 33.035156250 5.152343750 9.425781250 26.550781250 11.246093750 1.843750000 3.941406250 8.226562500 3.343750000 6.113281250 4.269531250 3.781250000 3.046875000 19.921875000 1.496093750 2.246093750 12.515625000 8.636718750 2.597656250 1.414062500 3.667968750 1.351562500 1.625000000 0.937500000 0.156250000 0.230468750 0.210937500 0.222656250 0.304687500 0.503906250 0.652343750 0.328125000 0.250000000 0.437500000 0.347656250 0.207031250 0.191406250 0.207031250 0.328125000 0.281250000 0.242187500 0.277343750 0.226562500 0.265625000 0.242187500 0.257812500 0.207031250 0.500000000 0.308593750 0.179687500 0.265625000 0.894531250 0.761718750 0.777343750 1.101562500 0.281250000 0.757812500 1.554687500 1.210937500 1.476562500 2.917968750 5.156250000 1.628906250 1.367187500 5.039062500 0.644531250 1.195312500 0.972656250 0.535156250 0.125000000 0.250000000 0.082031250 0.347656250 0.691406250 0.804687500 0.574218750 0.464843750 1.171875000 0.882812500 0.824218750 0.949218750 1.355468750 0.382812500 0.964843750 1.464843750 0.238281250 0.804687500 0.394531250 0.375000000 0.398437500 0.605468750 0.597656250 0.242187500 0.488281250 0.523437500 0.468750000 0.078125000 0.246093750 0.257812500 0.367187500 0.070312500 1.164062500 0.507812500 1.011718750 0.671875000 0.546875000 0.371093750 0.277343750 0.445312500 0.175781250 0.359375000 0.109375000 0.257812500 0.160156250 0.257812500 0.160156250 0.128906250 0.054687500 0.132812500 0.035156250 0.046875000 0.039062500 0.011718750 0.046875000 0.074218750 0.125000000 0.054687500 0.085937500 0.042968750 0.101562500 0.042968750 0.078125000 0.210937500 0.210937500 0.156250000 0.136718750 0.164062500 0.125000000 0.187500000 0.210937500 0.332031250 0.195312500 0.093750000 0.085937500 0.128906250 0.113281250 0.058593750 0.074218750 0.121093750 0.054687500 0.074218750 0.070312500 0.070312500 0.039062500 0.039062500 0.046875000 0.039062500 0.078125000 0.125000000 0.070312500 0.039062500 0.089843750 0.023437500 0.027343750 0.078125000 0.074218750 0.101562500 0.062500000 0.054687500 0.066406250 0.066406250 0.039062500 0.062500000 0.078125000 0.039062500 0.109375000 0.070312500 0.070312500 0.074218750 0.035156250 0.070312500 0.039062500 0.035156250 0.070312500 0.042968750 0.082031250 0.058593750 0.035156250 0.054687500 0.015625000 0.066406250 0.066406250 0.050781250 0.039062500 0.082031250 0.062500000 0.082031250 0.058593750 0.031250000 0.042968750 0.078125000 0.054687500 0.062500000 0.019531250 0.066406250 0.085937500 0.093750000 0.054687500 0.062500000 0.058593750 0.062500000 0.058593750 0.078125000 0.046875000 0.050781250 0.058593750 0.054687500 0.027343750 0.062500000 0.062500000 0.066406250 0.066406250 0.050781250 0.058593750 0.062500000 0.054687500 0.050781250 0.054687500 0.050781250 0.035156250 0.035156250 0.085937500 0.039062500 0.019531250 0.042968750 0.054687500 0.089843750 0.070312500 0.078125000 0.042968750 
1.066406250 1.832031250 3.558593750 20.343750000 19.769531250 6.898437500 9.210937500 14.863281250 4.097656250 1.531250000 15.171875000 2.863281250 5.285156250 17.007812500 8.234375000 7.976562500 12.539062500 31.917968750 11.781250000 11.074218750 30.085937500 5.250000000 5.656250000 3.976562500 3.875000000 4.132812500 4.800781250 7.761718750 8.593750000 14.734375000 19.535156250 8.363281250 2.441406250 9.699218750 5.445312500 4.160156250 4.125000000 1.195312500 0.546875000 1.523437500 0.152343750 0.656250000 0.363281250 0.546875000 0.554687500 0.746093750 0.390625000 0.500000000 0.183593750 0.203125000 0.046875000 0.218750000 0.589843750 0.335937500 0.289062500 0.492187500 0.277343750 0.261718750 0.261718750 0.222656250 0.226562500 0.183593750 0.050781250 0.222656250 0.222656250 0.300781250 0.347656250 0.261718750 1.121093750 0.535156250 0.835937500 0.375000000 0.976562500 0.250000000 0.531250000 2.035156250 0.671875000 2.167968750 3.910156250 3.546875000 1.296875000 2.714843750 2.503906250 0.425781250 0.472656250 1.500000000 0.242187500 0.109375000 0.464843750 0.527343750 0.238281250 0.648437500 1.343750000 0.554687500 0.269531250 1.761718750 0.191406250 0.761718750 1.453125000 0.632812500 0.402343750 0.796875000 0.808593750 0.441406250 0.207031250 0.359375000 0.417968750 0.152343750 0.183593750 0.238281250 0.238281250 1.046875000 0.636718750 0.054687500 0.316406250 0.332031250 0.324218750 0.187500000 1.382812500 0.179687500 0.632812500 0.371093750 0.667968750 0.363281250 0.464843750 0.164062500 0.308593750 0.203125000 0.160156250 0.312500000 0.167968750 0.281250000 0.140625000 0.156250000 0.171875000 0.238281250 0.136718750 0.101562500 0.136718750 0.164062500 0.167968750 0.199218750 0.132812500 0.191406250 0.089843750 0.128906250 0.109375000 0.078125000 0.136718750 0.078125000 0.265625000 0.089843750 0.250000000 0.238281250 0.011718750 0.218750000 0.101562500 0.351562500 0.148437500 0.187500000 0.277343750 0.132812500 0.101562500 0.101562500 0.136718750 0.128906250 0.070312500 0.140625000 0.140625000 0.164062500 0.105468750 0.175781250 0.128906250 0.105468750 0.125000000 0.144531250 0.156250000 0.128906250 0.109375000 0.097656250 0.148437500 0.109375000 0.117187500 0.148437500 0.117187500 0.117187500 0.132812500 0.097656250 0.089843750 0.097656250 0.128906250 0.144531250 0.148437500 0.121093750 0.109375000 0.128906250 0.109375000 0.089843750 0.109375000 0.113281250 0.097656250 0.085937500 0.125000000 0.125000000 0.128906250 0.113281250 0.132812500 0.066406250 0.082031250 0.105468750 0.121093750 0.113281250 0.078125000 0.097656250 0.128906250 0.109375000 0.093750000 0.097656250 0.074218750 0.121093750 0.117187500 0.117187500 0.097656250 0.093750000 0.097656250 0.105468750 0.101562500 0.085937500 0.113281250 0.089843750 0.082031250 0.089843750 0.105468750 0.156250000 0.117187500 0.082031250 0.085937500 0.097656250 0.113281250 0.113281250 0.093750000 0.062500000 0.113281250 0.097656250 0.093750000 0.117187500 0.109375000 0.121093750 0.070312500 0.078125000 0.082031250 0.093750000 0.078125000 0.125000000 0.093750000 0.101562500 0.089843750 
2.339843750 2.562500000 4.390625000 21.425781250 9.929687500 10.351562500 15.234375000 11.902343750 2.871093750 5.855468750 13.375000000 3.539062500 4.425781250 15.281250000 3.589843750 3.210937500 22.792968750 17.296875000 9.507812500 29.503906250 17.316406250 6.480468750 4.382812500 3.535156250 4.039062500 0.777343750 8.554687500 3.621093750 14.007812500 27.753906250 4.281250000 7.656250000 13.210937500 5.355468750 4.078125000 5.496093750 2.597656250 1.097656250 1.867187500 0.195312500 0.585937500 0.554687500 0.464843750 0.402343750 0.621093750 0.492187500 0.488281250 0.535156250 0.308593750 0.312500000 0.375000000 0.371093750 0.218750000 0.203125000 0.296875000 0.089843750 0.214843750 0.171875000 0.132812500 0.230468750 0.296875000 0.218750000 0.265625000 0.398437500 0.378906250 0.308593750 0.781250000 0.453125000 0.609375000 0.656250000 0.593750000 0.250000000 0.617187500 0.734375000 0.761718750 0.753906250 2.128906250 1.257812500 1.601562500 4.046875000 0.769531250 2.511718750 1.679687500 1.417968750 1.031250000 1.054687500 0.429687500 0.332031250 0.308593750 0.617187500 0.394531250 0.558593750 1.507812500 1.140625000 0.691406250 1.109375000 1.218750000 0.906250000 0.593750000 0.648437500 0.953125000 0.468750000 0.722656250 0.347656250 0.125000000 0.160156250 0.140625000 0.042968750 0.050781250 0.382812500 0.214843750 0.972656250 0.781250000 0.281250000 0.386718750 0.339843750 0.386718750 0.207031250 1.019531250 0.812500000 0.183593750 0.449218750 0.492187500 0.113281250 0.171875000 0.300781250 0.183593750 0.062500000 0.363281250 0.089843750 0.031250000 0.085937500 0.140625000 0.042968750 0.074218750 0.054687500 0.039062500 0.062500000 0.074218750 0.031250000 0.023437500 0.082031250 0.082031250 0.054687500 0.152343750 0.062500000 0.039062500 0.121093750 0.117187500 0.074218750 0.093750000 0.171875000 0.101562500 0.046875000 0.207031250 0.144531250 0.093750000 0.234375000 0.054687500 0.054687500 0.152343750 0.078125000 0.054687500 0.085937500 0.003906250 0.074218750 0.070312500 0.007812500 0.062500000 0.054687500 0.058593750 0.082031250 0.023437500 0.066406250 0.050781250 0.097656250 0.050781250 0.035156250 0.046875000 0.046875000 0.062500000 0.054687500 0.058593750 0.046875000 0.015625000 0.015625000 0.019531250 0.039062500 0.023437500 0.035156250 0.046875000 0.035156250 0.027343750 0.046875000 0.035156250 0.042968750 0.046875000 0.035156250 0.027343750 0.019531250 0.023437500 0.070312500 0.054687500 0.042968750 0.019531250 0.050781250 0.031250000 0.035156250 0.066406250 0.023437500 0.039062500 0.039062500 0.039062500 0.035156250 0.046875000 0.050781250 0.035156250 0.031250000 0.035156250 0.042968750 0.035156250 0.042968750 0.050781250 0.058593750 0.046875000 0.054687500 0.050781250 0.085937500 0.046875000 0.035156250 0.042968750 0.019531250 0.035156250 0.031250000 0.042968750 0.035156250 0.035156250 0.035156250 0.039062500 0.011718750 0.050781250 0.050781250 0.058593750 0.046875000 0.050781250 0.066406250 0.019531250 0.019531250 0.023437500 0.039062500 0.039062500 0.035156250 0.066406250 0.058593750 0.042968750 0.070312500 0.058593750 
1.503906250 0.734375000 2.910156250 18.769531250 9.195312500 6.257812500 18.210937500 7.792968750 3.136718750 6.203125000 11.140625000 7.398437500 7.871093750 13.695312500 3.593750000 0.710937500 25.433593750 10.566406250 3.316406250 34.089843750 4.847656250 6.339843750 8.867187500 3.046875000 1.714843750 2.824218750 9.335937500 2.570312500 19.246093750 23.753906250 6.226562500 11.367187500 11.003906250 3.800781250 2.960937500 5.972656250 1.246093750 0.382812500 1.238281250 0.203125000 0.382812500 0.234375000 0.082031250 0.125000000 0.597656250 0.167968750 0.261718750 0.234375000 0.175781250 0.128906250 0.105468750 0.414062500 0.312500000 0.171875000 0.222656250 0.261718750 0.089843750 0.078125000 0.109375000 0.117187500 0.191406250 0.144531250 0.132812500 0.167968750 0.136718750 0.140625000 0.437500000 0.644531250 0.218750000 0.078125000 0.695312500 0.277343750 0.359375000 0.996093750 0.578125000 0.121093750 1.703125000 1.613281250 0.152343750 2.316406250 1.218750000 1.281250000 1.750000000 0.972656250 1.121093750 0.746093750 0.640625000 0.488281250 0.500000000 0.406250000 0.730468750 0.628906250 1.382812500 0.910156250 1.371093750 1.957031250 0.683593750 1.371093750 1.277343750 0.464843750 1.050781250 0.480468750 0.550781250 0.585937500 0.351562500 0.117187500 0.187500000 0.250000000 0.074218750 0.480468750 0.214843750 0.656250000 0.589843750 0.136718750 0.238281250 0.226562500 0.476562500 0.210937500 0.785156250 0.765625000 0.328125000 0.621093750 0.402343750 0.089843750 0.171875000 0.277343750 0.171875000 0.187500000 0.433593750 0.011718750 0.183593750 0.289062500 0.058593750 0.031250000 0.179687500 0.164062500 0.062500000 0.078125000 0.042968750 0.105468750 0.066406250 0.132812500 0.062500000 0.101562500 0.199218750 0.085937500 0.109375000 0.105468750 0.050781250 0.089843750 0.054687500 0.101562500 0.121093750 0.085937500 0.195312500 0.105468750 0.152343750 0.203125000 0.093750000 0.027343750 0.085937500 0.140625000 0.097656250 0.105468750 0.097656250 0.050781250 0.093750000 0.082031250 0.054687500 0.097656250 0.058593750 0.089843750 0.101562500 0.089843750 0.089843750 0.097656250 0.007812500 0.054687500 0.085937500 0.058593750 0.070312500 0.042968750 0.097656250 0.062500000 0.113281250 0.085937500 0.078125000 0.042968750 0.050781250 0.070312500 0.082031250 0.062500000 0.066406250 0.082031250 0.058593750 0.082031250 0.082031250 0.062500000 0.050781250 0.046875000 0.070312500 0.023437500 0.058593750 0.039062500 0.058593750 0.042968750 0.054687500 0.085937500 0.097656250 0.089843750 0.078125000 0.046875000 0.070312500 0.066406250 0.074218750 0.046875000 0.082031250 0.054687500 0.039062500 0.074218750 0.054687500 0.078125000 0.062500000 0.042968750 0.042968750 0.042968750 0.039062500 0.101562500 0.042968750 0.066406250 0.066406250 0.050781250 0.070312500 0.062500000 0.074218750 0.097656250 0.054687500 0.046875000 0.066406250 0.082031250 0.089843750 0.062500000 0.074218750 0.082031250 0.074218750 0.054687500 0.066406250 0.062500000 0.066406250 0.042968750 0.058593750 0.062500000 0.042968750 0.074218750 0.082031250 0.035156250 0.058593750 
1.812500000 1.464843750 2.058593750 16.585937500 10.324218750 6.058593750 16.828125000 4.304687500 2.308593750 6.710937500 11.960937500 5.011718750 9.781250000 13.855468750 3.906250000 3.210937500 23.394531250 7.222656250 3.980468750 28.304687500 16.183593750 5.722656250 12.093750000 1.687500000 3.769531250 4.824218750 13.277343750 11.113281250 11.699218750 23.996093750 7.546875000 6.390625000 14.238281250 2.566406250 3.375000000 2.855468750 1.476562500 1.949218750 1.347656250 1.148437500 0.851562500 0.574218750 0.398437500 0.480468750 0.718750000 0.484375000 0.613281250 0.437500000 0.230468750 0.316406250 0.234375000 0.136718750 0.140625000 0.164062500 0.023437500 0.082031250 0.261718750 0.121093750 0.132812500 0.132812500 0.191406250 0.222656250 0.218750000 0.179687500 0.156250000 0.324218750 0.093750000 0.789062500 0.230468750 0.070312500 0.687500000 0.398437500 0.734375000 0.785156250 0.300781250 1.214843750 1.167968750 0.785156250 2.285156250 0.828125000 1.644531250 2.816406250 0.550781250 1.246093750 0.871093750 1.277343750 0.332031250 0.679687500 0.214843750 0.585937500 0.550781250 1.535156250 0.902343750 0.710937500 2.050781250 0.519531250 0.757812500 1.863281250 0.835937500 0.859375000 1.492187500 0.750000000 0.640625000 0.714843750 0.648437500 0.070312500 0.167968750 0.281250000 0.265625000 0.261718750 0.359375000 0.300781250 0.250000000 0.339843750 0.152343750 0.144531250 0.226562500 0.625000000 0.371093750 0.347656250 0.265625000 0.406250000 0.066406250 0.292968750 0.367187500 0.019531250 0.039062500 0.257812500 0.183593750 0.214843750 0.117187500 0.214843750 0.113281250 0.027343750 0.140625000 0.144531250 0.085937500 0.113281250 0.066406250 0.046875000 0.046875000 0.050781250 0.015625000 0.031250000 0.085937500 0.031250000 0.050781250 0.011718750 0.128906250 0.082031250 0.085937500 0.117187500 0.042968750 0.066406250 0.132812500 0.117187500 0.066406250 0.117187500 0.171875000 0.109375000 0.105468750 0.078125000 0.046875000 0.066406250 0.042968750 0.042968750 0.050781250 0.027343750 0.046875000 0.054687500 0.042968750 0.062500000 0.015625000 0.042968750 0.062500000 0.082031250 0.066406250 0.011718750 0.074218750 0.058593750 0.058593750 0.058593750 0.035156250 0.054687500 0.074218750 0.015625000 0.031250000 0.027343750 0.031250000 0.027343750 0.050781250 0.039062500 0.031250000 0.054687500 0.019531250 0.023437500 0.078125000 0.031250000 0.035156250 0.039062500 0.054687500 0.089843750 0.058593750 0.050781250 0.027343750 0.042968750 0.019531250 0.039062500 0.023437500 0.035156250 0.031250000 0.027343750 0.003906250 0.027343750 0.019531250 0.042968750 0.039062500 0.011718750 0.019531250 0.058593750 0.054687500 0.019531250 0.031250000 0.019531250 0.050781250 0.019531250 0.050781250 0.023437500 0.042968750 0.023437500 0.039062500 0.023437500 0.050781250 0.046875000 0.050781250 0.046875000 0.019531250 0.027343750 0.027343750 0.039062500 0.019531250 0.015625000 0.054687500 0.015625000 0.050781250 0.042968750 0.027343750 0.039062500 0.058593750 0.042968750 0.027343750 0.035156250 0.070312500 0.031250000 0.050781250 0.011718750 0.015625000 
1.058593750 0.781250000 1.714843750 14.105468750 7.089843750 4.175781250 16.484375000 2.671875000 1.492187500 8.296875000 11.906250000 7.500000000 8.964843750 15.101562500 3.277343750 6.519531250 24.175781250 6.828125000 5.949218750 33.109375000 8.386718750 11.898437500 16.218750000 2.769531250 6.242187500 13.671875000 10.773437500 5.671875000 9.339843750 20.074218750 9.652343750 9.453125000 14.832031250 3.246093750 3.621093750 2.574218750 1.816406250 1.609375000 0.414062500 0.101562500 0.273437500 0.519531250 0.050781250 0.085937500 0.296875000 0.265625000 0.230468750 0.398437500 0.214843750 0.324218750 0.382812500 0.269531250 0.011718750 0.156250000 0.109375000 0.035156250 0.222656250 0.031250000 0.070312500 0.042968750 0.042968750 0.031250000 0.214843750 0.085937500 0.199218750 0.535156250 0.312500000 0.667968750 0.425781250 0.304687500 0.558593750 0.785156250 0.898437500 0.710937500 0.542968750 1.328125000 0.832031250 0.800781250 1.871093750 1.375000000 0.515625000 3.511718750 1.476562500 1.066406250 1.359375000 1.164062500 0.503906250 0.773437500 0.417968750 0.363281250 0.859375000 1.570312500 0.855468750 1.015625000 2.257812500 0.898437500 0.425781250 2.222656250 0.316406250 0.445312500 2.136718750 0.882812500 0.437500000 1.156250000 0.980468750 0.386718750 0.468750000 0.265625000 0.214843750 0.347656250 0.437500000 0.195312500 0.152343750 0.183593750 0.046875000 0.097656250 0.269531250 0.289062500 0.125000000 0.539062500 0.187500000 0.058593750 0.468750000 0.167968750 0.179687500 0.207031250 0.246093750 0.140625000 0.058593750 0.132812500 0.058593750 0.269531250 0.136718750 0.160156250 0.085937500 0.101562500 0.027343750 0.023437500 0.082031250 0.023437500 0.031250000 0.054687500 0.042968750 0.046875000 0.093750000 0.031250000 0.046875000 0.089843750 0.066406250 0.058593750 0.023437500 0.042968750 0.035156250 0.101562500 0.121093750 0.089843750 0.058593750 0.187500000 0.136718750 0.066406250 0.093750000 0.050781250 0.027343750 0.078125000 0.027343750 0.023437500 0.054687500 0.093750000 0.023437500 0.011718750 0.027343750 0.015625000 0.070312500 0.042968750 0.039062500 0.042968750 0.035156250 0.046875000 0.050781250 0.019531250 0.050781250 0.039062500 0.011718750 0.050781250 0.050781250 0.050781250 0.007812500 0.031250000 0.023437500 0.023437500 0.039062500 0.035156250 0.027343750 0.031250000 0.019531250 0.023437500 0.050781250 0.027343750 0.039062500 0.011718750 0.011718750 0.042968750 0.031250000 0.066406250 0.003906250 0.031250000 0.023437500 0.011718750 0.050781250 0.035156250 0.011718750 0.042968750 0.050781250 0.015625000 0.023437500 0.031250000 0.019531250 0.031250000 0.031250000 0.035156250 0.023437500 0.039062500 0.042968750 0.035156250 0.015625000 0.050781250 0.062500000 0.011718750 0.015625000 0.003906250 0.027343750 0.019531250 0.023437500 0.035156250 0.035156250 0.027343750 0.035156250 0.023437500 0.011718750 0.019531250 0.050781250 0.031250000 0.046875000 0.031250000 0.031250000 0.003906250 0.019531250 0.011718750 0.019531250 0.019531250 0.031250000 0.015625000 0.039062500 0.035156250 0.039062500 0.003906250 0.003906250 
0.191406250 0.535156250 0.738281250 11.390625000 1.308593750 3.332031250 16.484375000 4.140625000 0.671875000 8.953125000 10.394531250 7.015625000 13.660156250 11.425781250 3.953125000 8.804687500 19.687500000 9.324218750 12.558593750 31.117187500 7.148437500 8.371093750 17.703125000 1.550781250 2.632812500 19.000000000 4.726562500 5.234375000 20.722656250 9.679687500 7.257812500 21.796875000 11.507812500 4.730468750 2.468750000 1.847656250 1.878906250 1.507812500 0.269531250 0.238281250 0.304687500 0.578125000 0.199218750 0.023437500 0.292968750 0.152343750 0.144531250 0.605468750 0.203125000 0.011718750 0.761718750 0.058593750 0.035156250 0.226562500 0.074218750 0.007812500 0.148437500 0.125000000 0.125000000 0.097656250 0.042968750 0.066406250 0.019531250 0.316406250 0.160156250 0.335937500 0.625000000 0.425781250 0.140625000 0.835937500 0.148437500 0.117187500 1.500000000 0.242187500 0.687500000 1.859375000 0.410156250 0.945312500 2.460937500 1.078125000 0.070312500 3.636718750 1.582031250 0.718750000 1.332031250 1.218750000 0.539062500 0.960937500 0.628906250 0.292968750 0.792968750 1.738281250 0.539062500 0.828125000 2.316406250 0.218750000 0.511718750 1.910156250 0.402343750 0.339843750 2.156250000 0.792968750 0.519531250 1.550781250 0.796875000 0.312500000 1.121093750 0.355468750 0.167968750 0.492187500 0.296875000 0.191406250 0.289062500 0.222656250 0.089843750 0.140625000 0.062500000 0.214843750 0.398437500 0.378906250 0.191406250 0.132812500 0.394531250 0.214843750 0.222656250 0.265625000 0.140625000 0.062500000 0.160156250 0.125000000 0.140625000 0.125000000 0.058593750 0.046875000 0.070312500 0.062500000 0.015625000 0.019531250 0.074218750 0.039062500 0.019531250 0.058593750 0.046875000 0.035156250 0.082031250 0.042968750 0.023437500 0.101562500 0.058593750 0.015625000 0.054687500 0.050781250 0.074218750 0.113281250 0.062500000 0.062500000 0.062500000 0.144531250 0.156250000 0.007812500 0.121093750 0.019531250 0.015625000 0.058593750 0.074218750 0.035156250 0.050781250 0.042968750 0.066406250 0.035156250 0.031250000 0.058593750 0.023437500 0.062500000 0.023437500 0.082031250 0.054687500 0.039062500 0.011718750 0.015625000 0.046875000 0.027343750 0.019531250 0.058593750 0.027343750 0.019531250 0.046875000 0.039062500 0.046875000 0.050781250 0.039062500 0.007812500 0.027343750 0.042968750 0.039062500 0.054687500 0.074218750 0.031250000 0.050781250 0.039062500 0.042968750 0.042968750 0.050781250 0.019531250 0.054687500 0.031250000 0.050781250 0.023437500 0.039062500 0.007812500 0.046875000 0.050781250 0.011718750 0.035156250 0.011718750 0.027343750 0.007812500 0.035156250 0.039062500 0.050781250 0.027343750 0.058593750 0.035156250 0.019531250 0.000000000 0.027343750 0.015625000 0.046875000 0.031250000 0.046875000 0.046875000 0.011718750 0.015625000 0.031250000 0.050781250 0.046875000 0.031250000 0.066406250 0.042968750 0.058593750 0.058593750 0.042968750 0.050781250 0.050781250 0.042968750 0.035156250 0.031250000 0.050781250 0.035156250 0.003906250 0.031250000 0.035156250 0.019531250 0.011718750 0.031250000 0.054687500 0.011718750 
0.589843750 0.750000000 1.011718750 10.828125000 4.714843750 4.101562500 16.394531250 5.597656250 1.816406250 8.445312500 10.945312500 8.683593750 15.828125000 10.000000000 4.855468750 9.246093750 15.828125000 8.882812500 15.164062500 30.718750000 9.750000000 11.210937500 13.230468750 1.582031250 3.441406250 15.273437500 2.019531250 3.769531250 24.859375000 9.093750000 8.425781250 24.625000000 12.218750000 3.378906250 5.066406250 2.035156250 0.863281250 0.906250000 0.972656250 0.535156250 0.914062500 0.546875000 0.281250000 0.441406250 0.449218750 0.304687500 0.207031250 0.656250000 0.300781250 0.230468750 0.843750000 0.171875000 0.230468750 0.371093750 0.156250000 0.175781250 0.070312500 0.195312500 0.160156250 0.175781250 0.101562500 0.132812500 0.078125000 0.253906250 0.148437500 0.339843750 0.441406250 0.210937500 0.457031250 0.691406250 0.453125000 0.488281250 1.324218750 0.292968750 0.527343750 1.781250000 0.156250000 0.414062500 2.511718750 0.496093750 0.718750000 2.898437500 0.648437500 0.820312500 1.714843750 0.945312500 0.773437500 1.308593750 0.378906250 0.250000000 1.093750000 1.125000000 0.750000000 0.960937500 2.054687500 0.765625000 0.488281250 1.945312500 0.679687500 0.308593750 2.210937500 0.378906250 0.082031250 1.640625000 0.414062500 0.578125000 1.722656250 1.007812500 0.503906250 0.972656250 0.328125000 0.050781250 0.382812500 0.140625000 0.140625000 0.078125000 0.218750000 0.195312500 0.390625000 0.246093750 0.378906250 0.308593750 0.304687500 0.066406250 0.078125000 0.328125000 0.105468750 0.058593750 0.191406250 0.085937500 0.117187500 0.125000000 0.050781250 0.023437500 0.031250000 0.039062500 0.054687500 0.039062500 0.023437500 0.011718750 0.003906250 0.042968750 0.054687500 0.019531250 0.046875000 0.027343750 0.042968750 0.070312500 0.023437500 0.035156250 0.054687500 0.027343750 0.023437500 0.078125000 0.066406250 0.027343750 0.078125000 0.035156250 0.031250000 0.101562500 0.062500000 0.027343750 0.019531250 0.007812500 0.066406250 0.066406250 0.046875000 0.039062500 0.046875000 0.011718750 0.019531250 0.023437500 0.035156250 0.054687500 0.023437500 0.027343750 0.035156250 0.007812500 0.019531250 0.039062500 0.011718750 0.027343750 0.015625000 0.011718750 0.011718750 0.023437500 0.031250000 0.023437500 0.035156250 0.023437500 0.031250000 0.011718750 0.015625000 0.019531250 0.007812500 0.019531250 0.019531250 0.035156250 0.027343750 0.007812500 0.031250000 0.019531250 0.027343750 0.023437500 0.035156250 0.015625000 0.023437500 0.035156250 0.023437500 0.031250000 0.023437500 0.027343750 0.039062500 0.011718750 0.027343750 0.027343750 0.039062500 0.023437500 0.027343750 0.027343750 0.007812500 0.035156250 0.015625000 0.003906250 0.015625000 0.023437500 0.035156250 0.023437500 0.035156250 0.007812500 0.007812500 0.019531250 0.015625000 0.019531250 0.023437500 0.039062500 0.031250000 0.039062500 0.019531250 0.015625000 0.019531250 0.039062500 0.011718750 0.027343750 0.015625000 0.027343750 0.011718750 0.007812500 0.042968750 0.019531250 0.027343750 0.019531250 0.019531250 0.003906250 0.031250000 0.011718750 0.035156250 
0.367187500 0.929687500 0.804687500 10.203125000 6.117187500 3.160156250 17.332031250 5.441406250 1.980468750 9.035156250 9.128906250 6.894531250 16.890625000 10.359375000 5.546875000 14.199218750 10.867187500 11.714843750 25.593750000 19.730468750 6.960937500 10.566406250 10.316406250 3.343750000 6.402343750 10.515625000 5.531250000 3.597656250 21.730468750 9.390625000 3.105468750 25.429687500 7.570312500 2.292968750 6.812500000 3.062500000 0.679687500 1.570312500 1.136718750 0.917968750 0.800781250 0.308593750 0.628906250 0.402343750 0.683593750 0.382812500 0.132812500 0.636718750 0.562500000 0.503906250 0.632812500 0.441406250 0.437500000 0.093750000 0.167968750 0.234375000 0.265625000 0.296875000 0.199218750 0.230468750 0.179687500 0.203125000 0.351562500 0.296875000 0.234375000 0.515625000 0.144531250 0.238281250 0.609375000 0.144531250 0.437500000 1.015625000 0.636718750 1.039062500 1.507812500 0.859375000 1.214843750 1.750000000 0.941406250 1.394531250 1.054687500 1.796875000 1.164062500 0.554687500 0.902343750 1.128906250 0.296875000 0.902343750 0.441406250 0.058593750 0.847656250 0.628906250 0.570312500 1.523437500 0.972656250 0.671875000 1.535156250 0.406250000 1.105468750 1.550781250 0.707031250 1.226562500 1.292968750 0.468750000 1.125000000 0.812500000 1.121093750 1.578125000 1.667968750 1.082031250 0.777343750 0.707031250 0.148437500 0.242187500 0.253906250 0.269531250 0.175781250 0.226562500 0.312500000 0.117187500 0.265625000 0.277343750 0.304687500 0.089843750 0.117187500 0.296875000 0.183593750 0.093750000 0.113281250 0.199218750 0.113281250 0.105468750 0.144531250 0.046875000 0.093750000 0.101562500 0.046875000 0.074218750 0.093750000 0.070312500 0.054687500 0.054687500 0.039062500 0.042968750 0.027343750 0.042968750 0.078125000 0.003906250 0.066406250 0.054687500 0.070312500 0.078125000 0.054687500 0.121093750 0.035156250 0.089843750 0.039062500 0.050781250 0.035156250 0.046875000 0.066406250 0.058593750 0.042968750 0.085937500 0.046875000 0.042968750 0.019531250 0.042968750 0.035156250 0.046875000 0.031250000 0.050781250 0.058593750 0.066406250 0.082031250 0.035156250 0.046875000 0.042968750 0.042968750 0.078125000 0.046875000 0.074218750 0.042968750 0.050781250 0.035156250 0.046875000 0.058593750 0.031250000 0.070312500 0.042968750 0.019531250 0.019531250 0.031250000 0.058593750 0.039062500 0.035156250 0.050781250 0.054687500 0.039062500 0.050781250 0.042968750 0.046875000 0.031250000 0.039062500 0.058593750 0.042968750 0.019531250 0.042968750 0.085937500 0.042968750 0.027343750 0.035156250 0.027343750 0.042968750 0.066406250 0.050781250 0.054687500 0.046875000 0.042968750 0.007812500 0.035156250 0.019531250 0.050781250 0.042968750 0.070312500 0.082031250 0.035156250 0.046875000 0.035156250 0.023437500 0.039062500 0.042968750 0.062500000 0.058593750 0.023437500 0.042968750 0.070312500 0.019531250 0.062500000 0.042968750 0.089843750 0.042968750 0.058593750 0.042968750 0.050781250 0.054687500 0.078125000 0.062500000 0.007812500 0.050781250 0.011718750 0.039062500 0.027343750 0.035156250 0.050781250 0.019531250 0.054687500 
0.078125000 0.648437500 0.898437500 11.351562500 1.410156250 3.699218750 17.667968750 4.230468750 0.636718750 9.394531250 4.832031250 2.957031250 18.863281250 6.031250000 3.839843750 14.968750000 11.324218750 8.585937500 20.648437500 14.828125000 6.792968750 5.671875000 5.628906250 1.265625000 6.847656250 4.882812500 1.164062500 9.996093750 13.382812500 7.421875000 10.964843750 18.027343750 5.136718750 4.199218750 5.800781250 2.050781250 1.792968750 0.566406250 0.644531250 0.484375000 0.023437500 0.031250000 0.230468750 0.183593750 0.527343750 0.390625000 0.628906250 0.433593750 0.296875000 0.636718750 0.339843750 0.328125000 0.292968750 0.144531250 0.253906250 0.187500000 0.226562500 0.210937500 0.265625000 0.164062500 0.152343750 0.207031250 0.265625000 0.125000000 0.265625000 0.230468750 0.167968750 0.515625000 0.386718750 0.402343750 0.457031250 0.910156250 0.644531250 1.167968750 1.070312500 0.539062500 0.957031250 1.421875000 0.808593750 0.886718750 1.609375000 1.093750000 0.726562500 0.859375000 0.347656250 0.570312500 0.714843750 0.527343750 0.453125000 0.433593750 0.664062500 0.355468750 0.878906250 0.898437500 0.289062500 1.093750000 0.863281250 0.445312500 1.441406250 1.078125000 0.449218750 1.500000000 0.800781250 0.195312500 0.886718750 0.945312500 0.824218750 1.281250000 2.023437500 0.742187500 0.550781250 0.789062500 0.339843750 0.132812500 0.285156250 0.171875000 0.046875000 0.359375000 0.281250000 0.183593750 0.375000000 0.148437500 0.230468750 0.082031250 0.125000000 0.097656250 0.332031250 0.117187500 0.109375000 0.109375000 0.121093750 0.070312500 0.023437500 0.031250000 0.082031250 0.097656250 0.023437500 0.070312500 0.039062500 0.093750000 0.074218750 0.042968750 0.035156250 0.054687500 0.078125000 0.082031250 0.109375000 0.097656250 0.066406250 0.046875000 0.054687500 0.046875000 0.054687500 0.089843750 0.089843750 0.105468750 0.074218750 0.082031250 0.070312500 0.070312500 0.023437500 0.066406250 0.054687500 0.058593750 0.066406250 0.050781250 0.082031250 0.050781250 0.066406250 0.054687500 0.070312500 0.082031250 0.070312500 0.066406250 0.093750000 0.046875000 0.074218750 0.046875000 0.089843750 0.050781250 0.082031250 0.078125000 0.054687500 0.054687500 0.046875000 0.054687500 0.054687500 0.046875000 0.058593750 0.066406250 0.054687500 0.050781250 0.070312500 0.039062500 0.058593750 0.070312500 0.050781250 0.058593750 0.058593750 0.054687500 0.039062500 0.023437500 0.058593750 0.023437500 0.035156250 0.062500000 0.070312500 0.062500000 0.015625000 0.078125000 0.050781250 0.046875000 0.039062500 0.050781250 0.062500000 0.074218750 0.035156250 0.078125000 0.058593750 0.054687500 0.070312500 0.058593750 0.046875000 0.062500000 0.042968750 0.085937500 0.054687500 0.031250000 0.027343750 0.042968750 0.058593750 0.027343750 0.042968750 0.046875000 0.062500000 0.062500000 0.078125000 0.070312500 0.062500000 0.062500000 0.019531250 0.058593750 0.085937500 0.023437500 0.054687500 0.066406250 0.031250000 0.070312500 0.023437500 0.015625000 0.062500000 0.046875000 0.027343750 0.039062500 0.042968750 0.078125000 0.062500000 
0.503906250 0.648437500 0.820312500 9.226562500 3.527343750 3.574218750 12.660156250 5.207031250 1.699218750 5.644531250 4.957031250 5.769531250 13.933593750 5.531250000 5.261718750 11.296875000 11.609375000 10.640625000 7.800781250 11.882812500 2.429687500 1.472656250 3.269531250 1.585937500 3.054687500 1.367187500 4.015625000 4.414062500 4.988281250 6.179687500 5.066406250 9.125000000 4.910156250 3.808593750 3.195312500 1.441406250 0.765625000 0.750000000 0.730468750 0.332031250 0.710937500 0.246093750 0.308593750 0.378906250 0.375000000 0.406250000 0.375000000 0.183593750 0.062500000 0.132812500 0.128906250 0.289062500 0.378906250 0.257812500 0.289062500 0.144531250 0.125000000 0.058593750 0.113281250 0.171875000 0.113281250 0.101562500 0.179687500 0.171875000 0.210937500 0.347656250 0.339843750 0.535156250 0.257812500 0.242187500 0.437500000 0.554687500 0.406250000 0.984375000 0.667968750 0.707031250 1.027343750 0.785156250 0.625000000 1.093750000 0.761718750 0.738281250 1.015625000 0.433593750 0.308593750 0.324218750 0.218750000 0.203125000 0.070312500 0.117187500 0.214843750 0.492187500 0.492187500 0.375000000 0.453125000 0.531250000 0.304687500 0.734375000 1.097656250 0.750000000 0.539062500 1.003906250 0.398437500 0.542968750 0.433593750 0.371093750 0.785156250 1.136718750 1.164062500 0.925781250 0.609375000 0.691406250 0.421875000 0.148437500 0.097656250 0.179687500 0.156250000 0.132812500 0.117187500 0.109375000 0.144531250 0.261718750 0.179687500 0.187500000 0.042968750 0.070312500 0.109375000 0.074218750 0.156250000 0.148437500 0.003906250 0.085937500 0.085937500 0.097656250 0.062500000 0.082031250 0.105468750 0.078125000 0.085937500 0.050781250 0.074218750 0.046875000 0.085937500 0.050781250 0.058593750 0.062500000 0.042968750 0.066406250 0.011718750 0.031250000 0.054687500 0.070312500 0.035156250 0.054687500 0.035156250 0.046875000 0.039062500 0.085937500 0.046875000 0.074218750 0.007812500 0.039062500 0.019531250 0.050781250 0.082031250 0.066406250 0.062500000 0.046875000 0.054687500 0.031250000 0.039062500 0.039062500 0.078125000 0.039062500 0.046875000 0.062500000 0.058593750 0.042968750 0.003906250 0.054687500 0.035156250 0.050781250 0.046875000 0.035156250 0.050781250 0.054687500 0.031250000 0.050781250 0.070312500 0.042968750 0.062500000 0.082031250 0.078125000 0.027343750 0.039062500 0.074218750 0.027343750 0.035156250 0.039062500 0.023437500 0.039062500 0.039062500 0.046875000 0.070312500 0.039062500 0.074218750 0.019531250 0.050781250 0.031250000 0.039062500 0.050781250 0.058593750 0.039062500 0.042968750 0.066406250 0.046875000 0.066406250 0.046875000 0.062500000 0.027343750 0.039062500 0.019531250 0.046875000 0.015625000 0.027343750 0.062500000 0.078125000 0.031250000 0.027343750 0.042968750 0.066406250 0.023437500 0.035156250 0.035156250 0.058593750 0.035156250 0.039062500 0.027343750 0.046875000 0.042968750 0.023437500 0.035156250 0.058593750 0.011718750 0.031250000 0.035156250 0.054687500 0.078125000 0.054687500 0.031250000 0.054687500 0.074218750 0.062500000 0.042968750 0.054687500 0.003906250 0.074218750 
0.175781250 0.492187500 1.574218750 7.218750000 4.050781250 6.632812500 8.042968750 1.945312500 2.285156250 2.171875000 5.750000000 3.375000000 7.007812500 7.585937500 3.859375000 3.054687500 1.503906250 1.363281250 2.417968750 6.875000000 0.925781250 0.441406250 2.082031250 0.785156250 0.261718750 1.164062500 1.148437500 0.339843750 1.089843750 1.578125000 0.750000000 4.781250000 1.675781250 1.078125000 1.226562500 1.605468750 1.593750000 0.414062500 0.539062500 0.453125000 0.222656250 0.417968750 0.253906250 0.285156250 0.253906250 0.281250000 0.378906250 0.304687500 0.222656250 0.167968750 0.117187500 0.218750000 0.261718750 0.257812500 0.300781250 0.210937500 0.210937500 0.179687500 0.175781250 0.207031250 0.132812500 0.242187500 0.199218750 0.253906250 0.218750000 0.148437500 0.269531250 0.160156250 0.125000000 0.031250000 0.132812500 0.324218750 0.566406250 0.398437500 0.207031250 0.113281250 0.117187500 0.445312500 0.253906250 0.343750000 0.285156250 0.246093750 0.148437500 0.214843750 0.117187500 0.316406250 0.273437500 0.156250000 0.230468750 0.203125000 0.320312500 0.093750000 0.050781250 0.078125000 0.234375000 0.355468750 0.207031250 0.351562500 0.218750000 0.121093750 0.484375000 0.410156250 0.203125000 0.226562500 0.136718750 0.199218750 0.144531250 0.113281250 0.191406250 0.171875000 0.238281250 0.230468750 0.257812500 0.074218750 0.121093750 0.152343750 0.121093750 0.125000000 0.183593750 0.207031250 0.156250000 0.132812500 0.050781250 0.140625000 0.183593750 0.152343750 0.140625000 0.066406250 0.074218750 0.152343750 0.191406250 0.093750000 0.152343750 0.066406250 0.078125000 0.089843750 0.070312500 0.101562500 0.125000000 0.078125000 0.097656250 0.066406250 0.062500000 0.085937500 0.066406250 0.054687500 0.085937500 0.109375000 0.074218750 0.097656250 0.058593750 0.082031250 0.089843750 0.074218750 0.054687500 0.066406250 0.066406250 0.097656250 0.066406250 0.039062500 0.035156250 0.066406250 0.082031250 0.042968750 0.078125000 0.089843750 0.039062500 0.070312500 0.046875000 0.074218750 0.066406250 0.070312500 0.078125000 0.078125000 0.054687500 0.062500000 0.054687500 0.062500000 0.082031250 0.078125000 0.066406250 0.070312500 0.070312500 0.070312500 0.082031250 0.078125000 0.046875000 0.074218750 0.082031250 0.066406250 0.074218750 0.078125000 0.097656250 0.082031250 0.074218750 0.101562500 0.031250000 0.058593750 0.046875000 0.035156250 0.050781250 0.070312500 0.078125000 0.062500000 0.078125000 0.085937500 0.074218750 0.058593750 0.062500000 0.054687500 0.035156250 0.070312500 0.050781250 0.054687500 0.089843750 0.039062500 0.042968750 0.050781250 0.074218750 0.054687500 0.058593750 0.050781250 0.074218750 0.058593750 0.054687500 0.050781250 0.019531250 0.058593750 0.070312500 0.050781250 0.078125000 0.066406250 0.066406250 0.042968750 0.046875000 0.078125000 0.066406250 0.050781250 0.058593750 0.054687500 0.062500000 0.054687500 0.050781250 0.058593750 0.054687500 0.046875000 0.066406250 0.093750000 0.070312500 0.074218750 0.066406250 0.035156250 0.089843750 0.074218750 0.066406250 0.089843750 0.082031250 
0.871093750 1.117187500 1.484375000 4.082031250 2.523437500 0.968750000 3.699218750 1.792968750 1.460937500 3.277343750 3.300781250 2.414062500 2.867187500 4.039062500 2.578125000 0.851562500 1.085937500 0.058593750 3.035156250 5.386718750 0.851562500 1.031250000 1.664062500 0.765625000 0.859375000 1.035156250 0.773437500 0.906250000 0.460937500 1.730468750 1.832031250 3.550781250 0.890625000 1.265625000 1.136718750 0.207031250 0.378906250 0.488281250 0.468750000 0.265625000 0.312500000 0.371093750 0.277343750 0.183593750 0.164062500 0.152343750 0.128906250 0.070312500 0.132812500 0.195312500 0.175781250 0.148437500 0.195312500 0.175781250 0.148437500 0.140625000 0.109375000 0.195312500 0.156250000 0.117187500 0.113281250 0.238281250 0.093750000 0.156250000 0.187500000 0.128906250 0.125000000 0.074218750 0.179687500 0.074218750 0.210937500 0.167968750 0.050781250 0.109375000 0.175781250 0.035156250 0.066406250 0.171875000 0.281250000 0.187500000 0.097656250 0.164062500 0.121093750 0.117187500 0.171875000 0.207031250 0.289062500 0.128906250 0.070312500 0.140625000 0.238281250 0.089843750 0.062500000 0.136718750 0.058593750 0.203125000 0.031250000 0.199218750 0.078125000 0.199218750 0.246093750 0.085937500 0.082031250 0.113281250 0.082031250 0.101562500 0.121093750 0.121093750 0.031250000 0.175781250 0.132812500 0.058593750 0.179687500 0.070312500 0.046875000 0.054687500 0.066406250 0.023437500 0.105468750 0.093750000 0.085937500 0.050781250 0.074218750 0.050781250 0.015625000 0.042968750 0.023437500 0.019531250 0.066406250 0.054687500 0.097656250 0.042968750 0.062500000 0.058593750 0.058593750 0.042968750 0.050781250 0.035156250 0.050781250 0.050781250 0.070312500 0.054687500 0.058593750 0.054687500 0.046875000 0.042968750 0.007812500 0.062500000 0.078125000 0.039062500 0.015625000 0.027343750 0.050781250 0.050781250 0.023437500 0.031250000 0.015625000 0.042968750 0.054687500 0.054687500 0.042968750 0.054687500 0.046875000 0.023437500 0.027343750 0.019531250 0.031250000 0.039062500 0.054687500 0.035156250 0.027343750 0.042968750 0.031250000 0.074218750 0.031250000 0.023437500 0.042968750 0.070312500 0.046875000 0.046875000 0.062500000 0.042968750 0.046875000 0.050781250 0.003906250 0.042968750 0.023437500 0.007812500 0.027343750 0.031250000 0.019531250 0.023437500 0.082031250 0.070312500 0.039062500 0.050781250 0.035156250 0.054687500 0.035156250 0.042968750 0.027343750 0.023437500 0.054687500 0.023437500 0.031250000 0.039062500 0.035156250 0.019531250 0.042968750 0.011718750 0.031250000 0.039062500 0.058593750 0.062500000 0.054687500 0.003906250 0.023437500 0.027343750 0.019531250 0.054687500 0.011718750 0.035156250 0.023437500 0.062500000 0.023437500 0.007812500 0.050781250 0.015625000 0.035156250 0.050781250 0.042968750 0.046875000 0.015625000 0.023437500 0.042968750 0.035156250 0.046875000 0.042968750 0.039062500 0.046875000 0.050781250 0.035156250 0.058593750 0.046875000 0.023437500 0.050781250 0.023437500 0.035156250 0.062500000 0.078125000 0.035156250 0.066406250 0.035156250 0.066406250 0.035156250 0.054687500 0.019531250 
0.835937500 0.945312500 1.238281250 2.511718750 1.097656250 3.148437500 3.269531250 2.140625000 0.855468750 3.113281250 2.300781250 0.816406250 3.066406250 3.109375000 0.273437500 1.777343750 0.765625000 1.781250000 1.613281250 3.500000000 2.171875000 1.535156250 0.890625000 0.417968750 0.320312500 0.839843750 0.144531250 0.382812500 1.082031250 1.207031250 0.640625000 3.191406250 0.382812500 0.914062500 1.281250000 0.285156250 0.417968750 0.339843750 0.335937500 0.222656250 0.230468750 0.082031250 0.183593750 0.152343750 0.187500000 0.136718750 0.125000000 0.199218750 0.117187500 0.164062500 0.113281250 0.121093750 0.167968750 0.113281250 0.125000000 0.132812500 0.132812500 0.109375000 0.089843750 0.144531250 0.156250000 0.164062500 0.113281250 0.078125000 0.187500000 0.089843750 0.046875000 0.164062500 0.207031250 0.113281250 0.101562500 0.246093750 0.050781250 0.023437500 0.058593750 0.125000000 0.097656250 0.101562500 0.382812500 0.078125000 0.117187500 0.121093750 0.132812500 0.109375000 0.246093750 0.175781250 0.148437500 0.089843750 0.050781250 0.042968750 0.082031250 0.222656250 0.097656250 0.093750000 0.175781250 0.085937500 0.117187500 0.097656250 0.132812500 0.093750000 0.089843750 0.113281250 0.039062500 0.125000000 0.175781250 0.019531250 0.066406250 0.144531250 0.183593750 0.113281250 0.156250000 0.121093750 0.144531250 0.035156250 0.050781250 0.058593750 0.031250000 0.054687500 0.132812500 0.046875000 0.050781250 0.070312500 0.097656250 0.042968750 0.046875000 0.078125000 0.039062500 0.011718750 0.078125000 0.058593750 0.011718750 0.062500000 0.019531250 0.050781250 0.066406250 0.039062500 0.035156250 0.011718750 0.027343750 0.066406250 0.015625000 0.035156250 0.058593750 0.050781250 0.058593750 0.019531250 0.050781250 0.039062500 0.039062500 0.074218750 0.070312500 0.058593750 0.039062500 0.054687500 0.031250000 0.046875000 0.062500000 0.023437500 0.066406250 0.058593750 0.062500000 0.015625000 0.027343750 0.019531250 0.050781250 0.042968750 0.035156250 0.042968750 0.046875000 0.054687500 0.039062500 0.023437500 0.023437500 0.062500000 0.066406250 0.046875000 0.062500000 0.054687500 0.035156250 0.035156250 0.035156250 0.050781250 0.054687500 0.027343750 0.082031250 0.050781250 0.039062500 0.046875000 0.019531250 0.042968750 0.070312500 0.054687500 0.070312500 0.019531250 0.054687500 0.050781250 0.074218750 0.031250000 0.054687500 0.054687500 0.046875000 0.015625000 0.066406250 0.054687500 0.019531250 0.039062500 0.054687500 0.054687500 0.054687500 0.054687500 0.046875000 0.039062500 0.066406250 0.046875000 0.066406250 0.062500000 0.062500000 0.027343750 0.046875000 0.042968750 0.062500000 0.066406250 0.078125000 0.031250000 0.031250000 0.058593750 0.039062500 0.019531250 0.042968750 0.039062500 0.042968750 0.046875000 0.050781250 0.023437500 0.058593750 0.023437500 0.023437500 0.054687500 0.046875000 0.015625000 0.023437500 0.031250000 0.019531250 0.046875000 0.046875000 0.027343750 0.015625000 0.042968750 0.050781250 0.050781250 0.019531250 0.054687500 0.031250000 0.070312500 0.039062500 0.027343750 0.015625000 
1.214843750 1.222656250 1.468750000 1.851562500 1.511718750 1.425781250 2.144531250 2.355468750 0.246093750 2.390625000 1.640625000 0.687500000 2.714843750 2.832031250 0.867187500 1.558593750 0.503906250 1.687500000 0.464843750 0.898437500 1.140625000 0.929687500 0.726562500 0.222656250 0.351562500 0.496093750 0.304687500 0.273437500 1.121093750 1.304687500 0.726562500 2.562500000 0.894531250 0.437500000 1.121093750 0.281250000 0.378906250 0.386718750 0.261718750 0.144531250 0.109375000 0.187500000 0.203125000 0.128906250 0.171875000 0.105468750 0.164062500 0.171875000 0.082031250 0.070312500 0.117187500 0.105468750 0.085937500 0.128906250 0.097656250 0.101562500 0.101562500 0.089843750 0.082031250 0.070312500 0.078125000 0.078125000 0.066406250 0.074218750 0.125000000 0.128906250 0.125000000 0.187500000 0.113281250 0.074218750 0.050781250 0.125000000 0.226562500 0.089843750 0.105468750 0.093750000 0.089843750 0.191406250 0.207031250 0.035156250 0.078125000 0.097656250 0.050781250 0.050781250 0.074218750 0.070312500 0.054687500 0.042968750 0.082031250 0.042968750 0.035156250 0.113281250 0.128906250 0.035156250 0.136718750 0.074218750 0.199218750 0.093750000 0.078125000 0.046875000 0.085937500 0.054687500 0.109375000 0.125000000 0.085937500 0.050781250 0.156250000 0.183593750 0.265625000 0.105468750 0.113281250 0.089843750 0.101562500 0.035156250 0.089843750 0.070312500 0.054687500 0.066406250 0.066406250 0.023437500 0.054687500 0.039062500 0.066406250 0.046875000 0.011718750 0.042968750 0.058593750 0.070312500 0.054687500 0.050781250 0.066406250 0.070312500 0.062500000 0.015625000 0.062500000 0.046875000 0.054687500 0.011718750 0.062500000 0.039062500 0.054687500 0.042968750 0.035156250 0.019531250 0.062500000 0.078125000 0.070312500 0.039062500 0.070312500 0.035156250 0.035156250 0.015625000 0.042968750 0.050781250 0.062500000 0.054687500 0.042968750 0.019531250 0.011718750 0.015625000 0.058593750 0.058593750 0.054687500 0.027343750 0.058593750 0.035156250 0.023437500 0.050781250 0.039062500 0.046875000 0.042968750 0.058593750 0.027343750 0.058593750 0.042968750 0.058593750 0.054687500 0.011718750 0.054687500 0.027343750 0.023437500 0.019531250 0.042968750 0.031250000 0.019531250 0.035156250 0.027343750 0.031250000 0.039062500 0.046875000 0.042968750 0.054687500 0.031250000 0.058593750 0.027343750 0.027343750 0.042968750 0.039062500 0.042968750 0.042968750 0.031250000 0.023437500 0.039062500 0.042968750 0.062500000 0.039062500 0.066406250 0.050781250 0.035156250 0.042968750 0.031250000 0.007812500 0.007812500 0.062500000 0.042968750 0.054687500 0.015625000 0.039062500 0.070312500 0.027343750 0.031250000 0.031250000 0.023437500 0.035156250 0.011718750 0.015625000 0.066406250 0.035156250 0.054687500 0.023437500 0.050781250 0.035156250 0.007812500 0.023437500 0.039062500 0.054687500 0.031250000 0.070312500 0.015625000 0.054687500 0.015625000 0.042968750 0.027343750 0.031250000 0.035156250 0.046875000 0.027343750 0.070312500 0.082031250 0.031250000 0.050781250 0.031250000 0.046875000 0.035156250 0.035156250 0.039062500 0.027343750 
0.808593750 0.742187500 0.824218750 1.289062500 0.992187500 1.347656250 3.097656250 1.523437500 0.312500000 1.914062500 0.789062500 0.570312500 1.640625000 1.105468750 1.421875000 1.359375000 1.238281250 1.539062500 0.347656250 0.437500000 0.394531250 0.085937500 1.042968750 0.339843750 0.312500000 0.242187500 0.234375000 0.457031250 0.628906250 1.796875000 0.636718750 1.695312500 0.378906250 0.800781250 0.976562500 0.480468750 0.062500000 0.113281250 0.109375000 0.023437500 0.082031250 0.105468750 0.042968750 0.109375000 0.031250000 0.035156250 0.031250000 0.031250000 0.050781250 0.031250000 0.035156250 0.046875000 0.031250000 0.046875000 0.054687500 0.054687500 0.039062500 0.050781250 0.035156250 0.046875000 0.058593750 0.050781250 0.039062500 0.035156250 0.074218750 0.128906250 0.050781250 0.148437500 0.101562500 0.058593750 0.039062500 0.031250000 0.132812500 0.125000000 0.070312500 0.019531250 0.035156250 0.093750000 0.128906250 0.109375000 0.062500000 0.093750000 0.019531250 0.027343750 0.042968750 0.019531250 0.027343750 0.078125000 0.050781250 0.035156250 0.089843750 0.015625000 0.019531250 0.019531250 0.085937500 0.062500000 0.074218750 0.031250000 0.027343750 0.062500000 0.089843750 0.027343750 0.054687500 0.089843750 0.093750000 0.046875000 0.156250000 0.058593750 0.136718750 0.039062500 0.062500000 0.035156250 0.042968750 0.042968750 0.015625000 0.011718750 0.023437500 0.035156250 0.070312500 0.046875000 0.027343750 0.027343750 0.042968750 0.015625000 0.050781250 0.023437500 0.035156250 0.007812500 0.019531250 0.007812500 0.015625000 0.019531250 0.007812500 0.023437500 0.011718750 0.015625000 0.035156250 0.023437500 0.046875000 0.011718750 0.031250000 0.011718750 0.019531250 0.031250000 0.031250000 0.019531250 0.035156250 0.027343750 0.035156250 0.050781250 0.015625000 0.031250000 0.003906250 0.015625000 0.019531250 0.031250000 0.015625000 0.015625000 0.011718750 0.046875000 0.007812500 0.015625000 0.042968750 0.035156250 0.007812500 0.023437500 0.003906250 0.023437500 0.019531250 0.023437500 0.023437500 0.027343750 0.042968750 0.023437500 0.011718750 0.023437500 0.011718750 0.015625000 0.027343750 0.023437500 0.019531250 0.031250000 0.015625000 0.007812500 0.019531250 0.027343750 0.019531250 0.019531250 0.035156250 0.011718750 0.027343750 0.015625000 0.050781250 0.015625000 0.011718750 0.019531250 0.050781250 0.011718750 0.031250000 0.023437500 0.023437500 0.007812500 0.007812500 0.019531250 0.058593750 0.035156250 0.023437500 0.000000000 0.011718750 0.019531250 0.011718750 0.007812500 0.035156250 0.003906250 0.027343750 0.039062500 0.050781250 0.000000000 0.046875000 0.035156250 0.003906250 0.011718750 0.042968750 0.015625000 0.039062500 0.015625000 0.050781250 0.039062500 0.019531250 0.015625000 0.015625000 0.042968750 0.031250000 0.035156250 0.019531250 0.050781250 0.003906250 0.027343750 0.019531250 0.019531250 0.039062500 0.011718750 0.031250000 0.019531250 0.007812500 0.031250000 0.015625000 0.015625000 0.031250000 0.011718750 0.035156250 0.023437500 0.019531250 0.011718750 0.023437500 0.015625000 0.011718750 
0.738281250 0.550781250 0.597656250 1.117187500 1.140625000 0.914062500 3.269531250 1.355468750 0.578125000 1.718750000 0.519531250 0.617187500 1.023437500 0.359375000 0.878906250 1.246093750 0.617187500 1.105468750 0.980468750 0.156250000 0.300781250 0.152343750 0.898437500 0.085937500 0.062500000 0.238281250 0.238281250 0.156250000 1.101562500 1.261718750 0.355468750 1.390625000 0.222656250 0.933593750 0.675781250 0.222656250 0.144531250 0.050781250 0.011718750 0.082031250 0.121093750 0.058593750 0.117187500 0.027343750 0.042968750 0.039062500 0.062500000 0.050781250 0.027343750 0.019531250 0.027343750 0.039062500 0.023437500 0.046875000 0.011718750 0.003906250 0.031250000 0.011718750 0.046875000 0.019531250 0.027343750 0.015625000 0.058593750 0.007812500 0.031250000 0.078125000 0.039062500 0.058593750 0.042968750 0.035156250 0.039062500 0.031250000 0.140625000 0.101562500 0.035156250 0.019531250 0.042968750 0.109375000 0.074218750 0.121093750 0.050781250 0.085937500 0.066406250 0.031250000 0.023437500 0.050781250 0.023437500 0.082031250 0.039062500 0.031250000 0.035156250 0.050781250 0.019531250 0.019531250 0.085937500 0.027343750 0.035156250 0.097656250 0.058593750 0.027343750 0.035156250 0.035156250 0.050781250 0.113281250 0.035156250 0.093750000 0.140625000 0.058593750 0.109375000 0.015625000 0.062500000 0.074218750 0.015625000 0.039062500 0.035156250 0.019531250 0.042968750 0.015625000 0.035156250 0.003906250 0.007812500 0.019531250 0.046875000 0.015625000 0.027343750 0.050781250 0.019531250 0.011718750 0.019531250 0.011718750 0.019531250 0.035156250 0.035156250 0.031250000 0.011718750 0.015625000 0.011718750 0.015625000 0.046875000 0.027343750 0.031250000 0.011718750 0.023437500 0.031250000 0.046875000 0.023437500 0.042968750 0.023437500 0.046875000 0.035156250 0.054687500 0.019531250 0.035156250 0.023437500 0.023437500 0.035156250 0.015625000 0.011718750 0.019531250 0.027343750 0.023437500 0.019531250 0.035156250 0.035156250 0.011718750 0.023437500 0.007812500 0.007812500 0.011718750 0.007812500 0.042968750 0.023437500 0.019531250 0.031250000 0.003906250 0.015625000 0.027343750 0.031250000 0.027343750 0.035156250 0.011718750 0.015625000 0.019531250 0.035156250 0.011718750 0.015625000 0.027343750 0.019531250 0.031250000 0.011718750 0.003906250 0.023437500 0.042968750 0.015625000 0.007812500 0.027343750 0.031250000 0.011718750 0.039062500 0.015625000 0.027343750 0.007812500 0.003906250 0.027343750 0.058593750 0.023437500 0.031250000 0.023437500 0.007812500 0.015625000 0.039062500 0.035156250 0.003906250 0.042968750 0.003906250 0.042968750 0.046875000 0.011718750 0.050781250 0.011718750 0.031250000 0.031250000 0.031250000 0.019531250 0.027343750 0.007812500 0.015625000 0.023437500 0.027343750 0.031250000 0.007812500 0.027343750 0.046875000 0.023437500 0.019531250 0.035156250 0.039062500 0.019531250 0.023437500 0.019531250 0.023437500 0.015625000 0.027343750 0.031250000 0.007812500 0.015625000 0.015625000 0.011718750 0.035156250 0.019531250 0.023437500 0.031250000 0.015625000 0.019531250 0.007812500 0.015625000 0.027343750 
0.273437500 0.097656250 0.253906250 0.339843750 0.589843750 0.714843750 2.687500000 0.859375000 0.609375000 1.230468750 1.500000000 0.695312500 0.496093750 0.289062500 0.750000000 0.839843750 0.234375000 0.421875000 0.292968750 1.125000000 0.429687500 0.359375000 0.691406250 0.171875000 0.238281250 0.121093750 0.093750000 0.589843750 2.070312500 0.148437500 0.714843750 0.824218750 0.121093750 0.550781250 0.441406250 0.437500000 0.097656250 0.132812500 0.136718750 0.035156250 0.066406250 0.101562500 0.085937500 0.007812500 0.078125000 0.054687500 0.042968750 0.023437500 0.027343750 0.039062500 0.066406250 0.023437500 0.015625000 0.039062500 0.031250000 0.003906250 0.007812500 0.046875000 0.019531250 0.027343750 0.015625000 0.027343750 0.058593750 0.023437500 0.039062500 0.027343750 0.039062500 0.066406250 0.093750000 0.031250000 0.039062500 0.027343750 0.140625000 0.089843750 0.015625000 0.027343750 0.113281250 0.050781250 0.023437500 0.113281250 0.070312500 0.109375000 0.070312500 0.019531250 0.082031250 0.070312500 0.046875000 0.042968750 0.074218750 0.050781250 0.019531250 0.015625000 0.039062500 0.039062500 0.066406250 0.066406250 0.046875000 0.097656250 0.011718750 0.035156250 0.027343750 0.023437500 0.066406250 0.070312500 0.078125000 0.070312500 0.054687500 0.097656250 0.105468750 0.039062500 0.117187500 0.058593750 0.058593750 0.070312500 0.042968750 0.023437500 0.031250000 0.031250000 0.031250000 0.011718750 0.015625000 0.007812500 0.050781250 0.003906250 0.019531250 0.046875000 0.023437500 0.031250000 0.023437500 0.031250000 0.003906250 0.058593750 0.023437500 0.015625000 0.019531250 0.015625000 0.015625000 0.027343750 0.039062500 0.011718750 0.023437500 0.027343750 0.035156250 0.027343750 0.031250000 0.003906250 0.050781250 0.031250000 0.027343750 0.042968750 0.039062500 0.011718750 0.015625000 0.003906250 0.019531250 0.035156250 0.019531250 0.011718750 0.023437500 0.035156250 0.011718750 0.023437500 0.046875000 0.011718750 0.031250000 0.027343750 0.023437500 0.027343750 0.000000000 0.003906250 0.031250000 0.042968750 0.023437500 0.027343750 0.007812500 0.027343750 0.042968750 0.023437500 0.015625000 0.031250000 0.023437500 0.003906250 0.031250000 0.019531250 0.027343750 0.019531250 0.019531250 0.015625000 0.035156250 0.003906250 0.011718750 0.031250000 0.023437500 0.035156250 0.023437500 0.019531250 0.023437500 0.035156250 0.011718750 0.042968750 0.015625000 0.007812500 0.007812500 0.019531250 0.066406250 0.027343750 0.023437500 0.023437500 0.011718750 0.007812500 0.031250000 0.035156250 0.011718750 0.027343750 0.019531250 0.007812500 0.003906250 0.046875000 0.031250000 0.015625000 0.054687500 0.042968750 0.027343750 0.023437500 0.019531250 0.019531250 0.023437500 0.027343750 0.019531250 0.035156250 0.007812500 0.023437500 0.039062500 0.031250000 0.007812500 0.023437500 0.023437500 0.023437500 0.031250000 0.019531250 0.015625000 0.015625000 0.031250000 0.019531250 0.007812500 0.015625000 0.011718750 0.027343750 0.019531250 0.027343750 0.019531250 0.015625000 0.023437500 0.031250000 0.023437500 0.023437500 0.031250000 
0.332031250 0.277343750 0.238281250 0.214843750 0.312500000 0.843750000 2.406250000 0.671875000 0.628906250 1.542968750 1.484375000 0.726562500 0.332031250 0.128906250 0.269531250 0.101562500 0.414062500 0.671875000 0.179687500 1.269531250 0.179687500 0.218750000 0.765625000 0.082031250 0.058593750 0.246093750 0.222656250 0.437500000 2.187500000 0.277343750 0.656250000 0.402343750 0.671875000 0.285156250 0.171875000 0.167968750 0.093750000 0.097656250 0.113281250 0.074218750 0.023437500 0.062500000 0.027343750 0.074218750 0.085937500 0.054687500 0.023437500 0.007812500 0.035156250 0.023437500 0.050781250 0.019531250 0.042968750 0.019531250 0.007812500 0.015625000 0.007812500 0.042968750 0.035156250 0.011718750 0.039062500 0.023437500 0.015625000 0.031250000 0.031250000 0.027343750 0.046875000 0.039062500 0.070312500 0.046875000 0.050781250 0.054687500 0.105468750 0.121093750 0.039062500 0.039062500 0.050781250 0.046875000 0.105468750 0.074218750 0.058593750 0.015625000 0.023437500 0.050781250 0.070312500 0.082031250 0.046875000 0.054687500 0.078125000 0.003906250 0.058593750 0.031250000 0.023437500 0.050781250 0.054687500 0.062500000 0.058593750 0.039062500 0.066406250 0.035156250 0.019531250 0.023437500 0.078125000 0.097656250 0.015625000 0.125000000 0.042968750 0.132812500 0.082031250 0.082031250 0.109375000 0.031250000 0.042968750 0.023437500 0.070312500 0.023437500 0.019531250 0.031250000 0.023437500 0.007812500 0.019531250 0.027343750 0.046875000 0.027343750 0.046875000 0.058593750 0.003906250 0.035156250 0.019531250 0.023437500 0.011718750 0.046875000 0.039062500 0.027343750 0.019531250 0.011718750 0.031250000 0.015625000 0.031250000 0.003906250 0.003906250 0.011718750 0.046875000 0.019531250 0.019531250 0.007812500 0.035156250 0.050781250 0.015625000 0.031250000 0.027343750 0.023437500 0.007812500 0.023437500 0.039062500 0.031250000 0.039062500 0.035156250 0.003906250 0.027343750 0.019531250 0.035156250 0.046875000 0.015625000 0.031250000 0.015625000 0.039062500 0.031250000 0.015625000 0.011718750 0.027343750 0.042968750 0.027343750 0.011718750 0.023437500 0.035156250 0.058593750 0.019531250 0.019531250 0.019531250 0.011718750 0.015625000 0.023437500 0.011718750 0.027343750 0.015625000 0.015625000 0.007812500 0.023437500 0.019531250 0.015625000 0.027343750 0.023437500 0.027343750 0.031250000 0.019531250 0.027343750 0.027343750 0.011718750 0.023437500 0.011718750 0.023437500 0.027343750 0.042968750 0.046875000 0.027343750 0.019531250 0.023437500 0.007812500 0.011718750 0.031250000 0.027343750 0.019531250 0.015625000 0.019531250 0.023437500 0.019531250 0.042968750 0.046875000 0.015625000 0.054687500 0.035156250 0.023437500 0.011718750 0.023437500 0.023437500 0.019531250 0.027343750 0.023437500 0.031250000 0.019531250 0.007812500 0.027343750 0.015625000 0.015625000 0.031250000 0.015625000 0.019531250 0.039062500 0.015625000 0.011718750 0.019531250 0.023437500 0.011718750 0.011718750 0.023437500 0.019531250 0.035156250 0.027343750 0.035156250 0.011718750 0.027343750 0.007812500 0.035156250 0.015625000 0.039062500 0.003906250 
0.023437500 0.078125000 0.054687500 0.273437500 0.683593750 0.285156250 2.335937500 0.597656250 0.253906250 1.750000000 1.113281250 0.187500000 0.515625000 0.203125000 0.082031250 0.339843750 0.378906250 0.582031250 0.363281250 1.027343750 0.574218750 0.027343750 0.718750000 0.070312500 0.054687500 0.250000000 0.316406250 0.519531250 1.839843750 0.433593750 0.425781250 0.093750000 0.531250000 0.117187500 0.343750000 0.277343750 0.222656250 0.187500000 0.195312500 0.199218750 0.226562500 0.050781250 0.066406250 0.058593750 0.089843750 0.074218750 0.085937500 0.070312500 0.078125000 0.082031250 0.066406250 0.042968750 0.070312500 0.121093750 0.054687500 0.066406250 0.066406250 0.062500000 0.050781250 0.070312500 0.046875000 0.042968750 0.019531250 0.062500000 0.031250000 0.039062500 0.074218750 0.093750000 0.085937500 0.019531250 0.031250000 0.082031250 0.089843750 0.105468750 0.031250000 0.042968750 0.066406250 0.125000000 0.015625000 0.007812500 0.117187500 0.062500000 0.019531250 0.011718750 0.023437500 0.058593750 0.070312500 0.058593750 0.062500000 0.027343750 0.054687500 0.027343750 0.039062500 0.027343750 0.070312500 0.042968750 0.062500000 0.070312500 0.042968750 0.031250000 0.023437500 0.042968750 0.113281250 0.078125000 0.011718750 0.089843750 0.093750000 0.089843750 0.117187500 0.046875000 0.089843750 0.035156250 0.031250000 0.023437500 0.042968750 0.074218750 0.031250000 0.042968750 0.027343750 0.050781250 0.019531250 0.003906250 0.015625000 0.085937500 0.046875000 0.039062500 0.054687500 0.066406250 0.027343750 0.023437500 0.050781250 0.035156250 0.027343750 0.035156250 0.007812500 0.035156250 0.035156250 0.058593750 0.039062500 0.042968750 0.015625000 0.027343750 0.003906250 0.042968750 0.011718750 0.031250000 0.007812500 0.031250000 0.019531250 0.015625000 0.031250000 0.023437500 0.027343750 0.046875000 0.027343750 0.039062500 0.011718750 0.050781250 0.042968750 0.007812500 0.007812500 0.015625000 0.011718750 0.031250000 0.046875000 0.046875000 0.042968750 0.011718750 0.039062500 0.035156250 0.046875000 0.046875000 0.054687500 0.011718750 0.046875000 0.050781250 0.050781250 0.015625000 0.035156250 0.015625000 0.011718750 0.015625000 0.023437500 0.027343750 0.027343750 0.019531250 0.046875000 0.023437500 0.015625000 0.035156250 0.023437500 0.027343750 0.011718750 0.027343750 0.027343750 0.031250000 0.019531250 0.019531250 0.035156250 0.035156250 0.039062500 0.011718750 0.039062500 0.015625000 0.035156250 0.015625000 0.027343750 0.027343750 0.042968750 0.042968750 0.035156250 0.039062500 0.023437500 0.023437500 0.035156250 0.015625000 0.039062500 0.042968750 0.035156250 0.054687500 0.046875000 0.027343750 0.062500000 0.042968750 0.007812500 0.019531250 0.023437500 0.011718750 0.039062500 0.054687500 0.046875000 0.007812500 0.027343750 0.035156250 0.023437500 0.023437500 0.035156250 0.000000000 0.003906250 0.050781250 0.019531250 0.015625000 0.019531250 0.050781250 0.011718750 0.023437500 0.050781250 0.007812500 0.050781250 0.019531250 0.007812500 0.035156250 0.031250000 0.046875000 0.003906250 0.019531250 0.031250000 
0.011718750 0.078125000 0.035156250 0.265625000 0.890625000 0.476562500 2.097656250 0.628906250 0.523437500 1.187500000 1.101562500 0.617187500 0.308593750 0.117187500 0.472656250 0.285156250 0.738281250 0.382812500 0.699218750 0.753906250 0.242187500 0.339843750 0.503906250 0.035156250 0.089843750 0.101562500 0.335937500 0.566406250 1.031250000 0.601562500 0.085937500 0.093750000 0.593750000 0.367187500 0.175781250 0.156250000 0.070312500 0.125000000 0.074218750 0.039062500 0.160156250 0.054687500 0.050781250 0.070312500 0.023437500 0.023437500 0.023437500 0.054687500 0.031250000 0.019531250 0.031250000 0.039062500 0.046875000 0.035156250 0.046875000 0.027343750 0.031250000 0.027343750 0.007812500 0.011718750 0.015625000 0.011718750 0.082031250 0.031250000 0.023437500 0.042968750 0.039062500 0.054687500 0.042968750 0.015625000 0.082031250 0.042968750 0.011718750 0.046875000 0.023437500 0.046875000 0.019531250 0.097656250 0.015625000 0.027343750 0.070312500 0.042968750 0.019531250 0.019531250 0.046875000 0.031250000 0.015625000 0.035156250 0.050781250 0.046875000 0.011718750 0.066406250 0.019531250 0.035156250 0.027343750 0.046875000 0.046875000 0.011718750 0.031250000 0.074218750 0.042968750 0.042968750 0.109375000 0.078125000 0.035156250 0.062500000 0.082031250 0.093750000 0.105468750 0.093750000 0.070312500 0.007812500 0.042968750 0.011718750 0.050781250 0.054687500 0.023437500 0.023437500 0.003906250 0.015625000 0.031250000 0.019531250 0.074218750 0.019531250 0.015625000 0.035156250 0.015625000 0.027343750 0.019531250 0.031250000 0.027343750 0.019531250 0.027343750 0.011718750 0.019531250 0.042968750 0.007812500 0.027343750 0.015625000 0.023437500 0.023437500 0.015625000 0.027343750 0.035156250 0.015625000 0.019531250 0.019531250 0.019531250 0.050781250 0.023437500 0.007812500 0.031250000 0.019531250 0.050781250 0.011718750 0.027343750 0.035156250 0.031250000 0.015625000 0.039062500 0.003906250 0.046875000 0.050781250 0.007812500 0.042968750 0.015625000 0.011718750 0.015625000 0.027343750 0.023437500 0.039062500 0.015625000 0.023437500 0.003906250 0.035156250 0.058593750 0.023437500 0.019531250 0.003906250 0.027343750 0.007812500 0.007812500 0.023437500 0.011718750 0.011718750 0.023437500 0.035156250 0.027343750 0.011718750 0.007812500 0.007812500 0.023437500 0.011718750 0.011718750 0.027343750 0.011718750 0.015625000 0.011718750 0.046875000 0.023437500 0.015625000 0.003906250 0.039062500 0.031250000 0.023437500 0.031250000 0.015625000 0.011718750 0.019531250 0.011718750 0.011718750 0.015625000 0.011718750 0.023437500 0.027343750 0.019531250 0.031250000 0.023437500 0.027343750 0.039062500 0.023437500 0.039062500 0.050781250 0.046875000 0.007812500 0.003906250 0.019531250 0.011718750 0.039062500 0.015625000 0.035156250 0.011718750 0.011718750 0.015625000 0.000000000 0.035156250 0.027343750 0.007812500 0.035156250 0.011718750 0.039062500 0.003906250 0.019531250 0.011718750 0.042968750 0.039062500 0.031250000 0.019531250 0.035156250 0.015625000 0.003906250 0.027343750 0.007812500 0.019531250 0.015625000 0.027343750 0.019531250 
0.085937500 0.082031250 0.175781250 0.285156250 0.597656250 0.781250000 1.593750000 0.496093750 0.125000000 0.542968750 0.871093750 0.207031250 0.210937500 0.207031250 0.507812500 0.468750000 0.722656250 0.332031250 0.929687500 0.812500000 0.492187500 0.343750000 0.269531250 0.027343750 0.039062500 0.097656250 0.078125000 0.183593750 0.542968750 0.144531250 0.242187500 0.292968750 0.609375000 0.085937500 0.363281250 0.171875000 0.046875000 0.011718750 0.019531250 0.050781250 0.148437500 0.078125000 0.078125000 0.003906250 0.035156250 0.023437500 0.058593750 0.046875000 0.046875000 0.039062500 0.019531250 0.046875000 0.007812500 0.050781250 0.074218750 0.023437500 0.019531250 0.046875000 0.031250000 0.023437500 0.035156250 0.035156250 0.050781250 0.039062500 0.023437500 0.046875000 0.054687500 0.082031250 0.027343750 0.039062500 0.089843750 0.066406250 0.023437500 0.031250000 0.046875000 0.039062500 0.070312500 0.058593750 0.042968750 0.074218750 0.070312500 0.054687500 0.011718750 0.019531250 0.023437500 0.015625000 0.027343750 0.078125000 0.011718750 0.027343750 0.015625000 0.023437500 0.027343750 0.031250000 0.027343750 0.074218750 0.039062500 0.011718750 0.023437500 0.042968750 0.035156250 0.082031250 0.035156250 0.042968750 0.097656250 0.031250000 0.042968750 0.062500000 0.015625000 0.019531250 0.046875000 0.046875000 0.019531250 0.019531250 0.023437500 0.019531250 0.035156250 0.046875000 0.015625000 0.003906250 0.019531250 0.031250000 0.062500000 0.035156250 0.027343750 0.011718750 0.007812500 0.003906250 0.023437500 0.042968750 0.011718750 0.023437500 0.019531250 0.003906250 0.019531250 0.050781250 0.023437500 0.011718750 0.007812500 0.039062500 0.039062500 0.003906250 0.023437500 0.031250000 0.019531250 0.039062500 0.003906250 0.015625000 0.042968750 0.035156250 0.023437500 0.039062500 0.035156250 0.031250000 0.035156250 0.015625000 0.027343750 0.027343750 0.015625000 0.042968750 0.011718750 0.054687500 0.042968750 0.003906250 0.031250000 0.042968750 0.015625000 0.035156250 0.039062500 0.015625000 0.035156250 0.023437500 0.003906250 0.023437500 0.007812500 0.023437500 0.042968750 0.003906250 0.023437500 0.050781250 0.007812500 0.011718750 0.011718750 0.023437500 0.023437500 0.011718750 0.023437500 0.027343750 0.019531250 0.015625000 0.015625000 0.027343750 0.031250000 0.015625000 0.007812500 0.015625000 0.027343750 0.027343750 0.039062500 0.015625000 0.023437500 0.019531250 0.011718750 0.023437500 0.019531250 0.050781250 0.027343750 0.023437500 0.019531250 0.039062500 0.039062500 0.011718750 0.003906250 0.007812500 0.023437500 0.007812500 0.023437500 0.007812500 0.015625000 0.039062500 0.031250000 0.042968750 0.054687500 0.015625000 0.023437500 0.003906250 0.019531250 0.011718750 0.035156250 0.031250000 0.019531250 0.031250000 0.023437500 0.011718750 0.019531250 0.035156250 0.000000000 0.011718750 0.023437500 0.027343750 0.027343750 0.035156250 0.042968750 0.007812500 0.058593750 0.039062500 0.019531250 0.015625000 0.019531250 0.035156250 0.027343750 0.007812500 0.027343750 0.011718750 0.015625000 0.019531250 0.007812500 
0.210937500 0.238281250 0.273437500 0.386718750 0.464843750 0.191406250 0.890625000 0.625000000 0.062500000 0.164062500 0.519531250 0.292968750 0.371093750 0.273437500 0.320312500 0.929687500 0.625000000 0.335937500 0.656250000 0.648437500 0.292968750 0.382812500 0.125000000 0.097656250 0.125000000 0.175781250 0.078125000 0.164062500 0.609375000 0.289062500 0.378906250 0.765625000 0.625000000 0.214843750 0.308593750 0.113281250 0.082031250 0.027343750 0.031250000 0.070312500 0.054687500 0.062500000 0.011718750 0.011718750 0.023437500 0.046875000 0.007812500 0.042968750 0.027343750 0.023437500 0.011718750 0.015625000 0.015625000 0.011718750 0.015625000 0.042968750 0.023437500 0.023437500 0.007812500 0.019531250 0.003906250 0.023437500 0.035156250 0.015625000 0.003906250 0.035156250 0.074218750 0.039062500 0.023437500 0.027343750 0.062500000 0.042968750 0.019531250 0.050781250 0.039062500 0.007812500 0.054687500 0.054687500 0.085937500 0.023437500 0.039062500 0.019531250 0.039062500 0.011718750 0.007812500 0.042968750 0.042968750 0.031250000 0.058593750 0.023437500 0.015625000 0.007812500 0.031250000 0.011718750 0.019531250 0.046875000 0.011718750 0.015625000 0.035156250 0.027343750 0.039062500 0.042968750 0.019531250 0.050781250 0.035156250 0.074218750 0.035156250 0.046875000 0.046875000 0.023437500 0.031250000 0.027343750 0.003906250 0.011718750 0.011718750 0.023437500 0.046875000 0.027343750 0.031250000 0.023437500 0.027343750 0.031250000 0.007812500 0.035156250 0.031250000 0.019531250 0.015625000 0.019531250 0.042968750 0.023437500 0.023437500 0.011718750 0.003906250 0.023437500 0.023437500 0.015625000 0.011718750 0.023437500 0.027343750 0.003906250 0.015625000 0.019531250 0.011718750 0.023437500 0.015625000 0.039062500 0.015625000 0.015625000 0.019531250 0.031250000 0.007812500 0.015625000 0.027343750 0.042968750 0.019531250 0.039062500 0.019531250 0.015625000 0.000000000 0.039062500 0.007812500 0.046875000 0.019531250 0.011718750 0.011718750 0.015625000 0.027343750 0.019531250 0.011718750 0.042968750 0.050781250 0.027343750 0.011718750 0.015625000 0.015625000 0.019531250 0.031250000 0.027343750 0.015625000 0.050781250 0.023437500 0.023437500 0.035156250 0.035156250 0.019531250 0.011718750 0.019531250 0.003906250 0.011718750 0.019531250 0.015625000 0.007812500 0.011718750 0.031250000 0.011718750 0.015625000 0.027343750 0.019531250 0.027343750 0.031250000 0.027343750 0.015625000 0.007812500 0.050781250 0.031250000 0.031250000 0.035156250 0.015625000 0.019531250 0.027343750 0.031250000 0.011718750 0.007812500 0.007812500 0.039062500 0.011718750 0.019531250 0.023437500 0.015625000 0.031250000 0.007812500 0.015625000 0.023437500 0.019531250 0.023437500 0.015625000 0.003906250 0.011718750 0.027343750 0.031250000 0.019531250 0.035156250 0.027343750 0.007812500 0.046875000 0.015625000 0.007812500 0.011718750 0.039062500 0.027343750 0.011718750 0.019531250 0.015625000 0.027343750 0.023437500 0.070312500 0.035156250 0.015625000 0.019531250 0.023437500 0.023437500 0.007812500 0.015625000 0.035156250 0.023437500 0.007812500 0.000000000 
0.082031250 0.078125000 0.125000000 0.257812500 0.250000000 0.417968750 0.628906250 0.378906250 0.039062500 0.093750000 0.253906250 0.109375000 0.226562500 0.296875000 0.273437500 1.167968750 0.304687500 0.152343750 0.531250000 0.707031250 0.031250000 0.171875000 0.167968750 0.136718750 0.050781250 0.246093750 0.144531250 0.027343750 0.648437500 0.363281250 0.132812500 0.960937500 0.710937500 0.218750000 0.113281250 0.066406250 0.042968750 0.035156250 0.031250000 0.039062500 0.058593750 0.039062500 0.042968750 0.011718750 0.039062500 0.039062500 0.035156250 0.039062500 0.015625000 0.042968750 0.042968750 0.023437500 0.011718750 0.011718750 0.023437500 0.027343750 0.031250000 0.015625000 0.015625000 0.023437500 0.007812500 0.011718750 0.031250000 0.019531250 0.027343750 0.011718750 0.054687500 0.042968750 0.015625000 0.035156250 0.023437500 0.023437500 0.007812500 0.046875000 0.023437500 0.015625000 0.039062500 0.035156250 0.093750000 0.078125000 0.027343750 0.035156250 0.031250000 0.011718750 0.015625000 0.050781250 0.027343750 0.019531250 0.039062500 0.031250000 0.015625000 0.023437500 0.046875000 0.019531250 0.027343750 0.003906250 0.031250000 0.027343750 0.054687500 0.007812500 0.027343750 0.015625000 0.035156250 0.085937500 0.046875000 0.062500000 0.023437500 0.011718750 0.027343750 0.019531250 0.027343750 0.019531250 0.011718750 0.007812500 0.019531250 0.035156250 0.054687500 0.027343750 0.031250000 0.031250000 0.015625000 0.007812500 0.035156250 0.015625000 0.015625000 0.023437500 0.015625000 0.015625000 0.039062500 0.031250000 0.042968750 0.027343750 0.011718750 0.023437500 0.019531250 0.011718750 0.007812500 0.023437500 0.027343750 0.003906250 0.015625000 0.015625000 0.007812500 0.019531250 0.015625000 0.039062500 0.015625000 0.019531250 0.003906250 0.023437500 0.019531250 0.011718750 0.007812500 0.019531250 0.007812500 0.031250000 0.003906250 0.015625000 0.019531250 0.042968750 0.019531250 0.035156250 0.015625000 0.019531250 0.031250000 0.015625000 0.007812500 0.011718750 0.015625000 0.054687500 0.031250000 0.019531250 0.003906250 0.003906250 0.031250000 0.031250000 0.019531250 0.019531250 0.023437500 0.046875000 0.039062500 0.003906250 0.054687500 0.027343750 0.007812500 0.003906250 0.015625000 0.007812500 0.011718750 0.035156250 0.027343750 0.019531250 0.027343750 0.023437500 0.007812500 0.031250000 0.023437500 0.003906250 0.003906250 0.007812500 0.019531250 0.023437500 0.042968750 0.019531250 0.042968750 0.011718750 0.054687500 0.011718750 0.027343750 0.007812500 0.035156250 0.015625000 0.003906250 0.007812500 0.035156250 0.031250000 0.011718750 0.019531250 0.019531250 0.031250000 0.007812500 0.019531250 0.003906250 0.007812500 0.046875000 0.011718750 0.019531250 0.031250000 0.035156250 0.031250000 0.003906250 0.023437500 0.023437500 0.011718750 0.050781250 0.039062500 0.019531250 0.019531250 0.023437500 0.019531250 0.031250000 0.019531250 0.027343750 0.007812500 0.003906250 0.062500000 0.035156250 0.019531250 0.011718750 0.003906250 0.011718750 0.035156250 0.031250000 0.031250000 0.019531250 0.003906250 0.003906250 
0.015625000 0.015625000 0.058593750 0.105468750 0.070312500 0.179687500 0.394531250 0.238281250 0.097656250 0.101562500 0.101562500 0.136718750 0.316406250 0.128906250 0.328125000 1.031250000 0.070312500 0.042968750 0.707031250 0.324218750 0.332031250 0.097656250 0.097656250 0.074218750 0.046875000 0.164062500 0.039062500 0.117187500 0.808593750 0.398437500 0.527343750 0.910156250 0.585937500 0.179687500 0.156250000 0.046875000 0.105468750 0.089843750 0.035156250 0.070312500 0.035156250 0.046875000 0.035156250 0.015625000 0.039062500 0.027343750 0.035156250 0.011718750 0.039062500 0.039062500 0.007812500 0.066406250 0.011718750 0.031250000 0.046875000 0.031250000 0.019531250 0.023437500 0.015625000 0.023437500 0.054687500 0.035156250 0.031250000 0.027343750 0.011718750 0.031250000 0.015625000 0.058593750 0.042968750 0.011718750 0.035156250 0.023437500 0.023437500 0.039062500 0.027343750 0.019531250 0.007812500 0.035156250 0.039062500 0.125000000 0.015625000 0.019531250 0.031250000 0.019531250 0.046875000 0.062500000 0.023437500 0.023437500 0.031250000 0.039062500 0.027343750 0.011718750 0.011718750 0.050781250 0.019531250 0.027343750 0.015625000 0.011718750 0.046875000 0.035156250 0.039062500 0.027343750 0.046875000 0.070312500 0.011718750 0.019531250 0.035156250 0.003906250 0.039062500 0.035156250 0.031250000 0.027343750 0.019531250 0.023437500 0.031250000 0.007812500 0.019531250 0.031250000 0.027343750 0.035156250 0.015625000 0.023437500 0.015625000 0.023437500 0.019531250 0.027343750 0.000000000 0.042968750 0.015625000 0.015625000 0.042968750 0.011718750 0.023437500 0.011718750 0.023437500 0.007812500 0.003906250 0.023437500 0.007812500 0.023437500 0.027343750 0.015625000 0.015625000 0.015625000 0.015625000 0.019531250 0.023437500 0.003906250 0.011718750 0.035156250 0.027343750 0.035156250 0.035156250 0.031250000 0.031250000 0.023437500 0.015625000 0.015625000 0.031250000 0.019531250 0.015625000 0.003906250 0.019531250 0.023437500 0.027343750 0.035156250 0.027343750 0.015625000 0.015625000 0.042968750 0.031250000 0.039062500 0.023437500 0.023437500 0.031250000 0.019531250 0.039062500 0.011718750 0.015625000 0.035156250 0.027343750 0.015625000 0.050781250 0.035156250 0.015625000 0.011718750 0.003906250 0.007812500 0.011718750 0.042968750 0.015625000 0.039062500 0.011718750 0.011718750 0.007812500 0.027343750 0.015625000 0.011718750 0.015625000 0.015625000 0.019531250 0.023437500 0.042968750 0.023437500 0.011718750 0.035156250 0.027343750 0.003906250 0.019531250 0.023437500 0.007812500 0.019531250 0.019531250 0.031250000 0.023437500 0.035156250 0.015625000 0.007812500 0.003906250 0.031250000 0.011718750 0.011718750 0.023437500 0.039062500 0.042968750 0.046875000 0.011718750 0.031250000 0.015625000 0.039062500 0.027343750 0.007812500 0.031250000 0.042968750 0.027343750 0.015625000 0.023437500 0.023437500 0.019531250 0.015625000 0.011718750 0.039062500 0.027343750 0.035156250 0.027343750 0.035156250 0.019531250 0.003906250 0.015625000 0.015625000 0.011718750 0.031250000 0.035156250 0.031250000 0.035156250 0.015625000 0.015625000 
0.156250000 0.148437500 0.191406250 0.277343750 0.468750000 0.402343750 0.093750000 0.617187500 0.343750000 0.054687500 0.136718750 0.250000000 0.167968750 0.535156250 0.390625000 0.828125000 0.167968750 0.078125000 0.675781250 0.085937500 0.257812500 0.203125000 0.046875000 0.156250000 0.085937500 0.101562500 0.242187500 0.253906250 0.789062500 0.476562500 0.421875000 0.949218750 0.285156250 0.078125000 0.234375000 0.109375000 0.027343750 0.054687500 0.050781250 0.039062500 0.035156250 0.035156250 0.050781250 0.062500000 0.035156250 0.066406250 0.070312500 0.035156250 0.015625000 0.023437500 0.031250000 0.070312500 0.042968750 0.023437500 0.062500000 0.035156250 0.011718750 0.015625000 0.031250000 0.023437500 0.050781250 0.042968750 0.015625000 0.050781250 0.039062500 0.062500000 0.027343750 0.039062500 0.066406250 0.082031250 0.074218750 0.062500000 0.058593750 0.117187500 0.121093750 0.121093750 0.109375000 0.171875000 0.140625000 0.105468750 0.082031250 0.144531250 0.125000000 0.082031250 0.070312500 0.035156250 0.113281250 0.066406250 0.082031250 0.089843750 0.070312500 0.089843750 0.058593750 0.089843750 0.074218750 0.050781250 0.074218750 0.058593750 0.031250000 0.031250000 0.046875000 0.066406250 0.109375000 0.023437500 0.023437500 0.039062500 0.019531250 0.019531250 0.050781250 0.035156250 0.015625000 0.011718750 0.023437500 0.015625000 0.027343750 0.019531250 0.035156250 0.035156250 0.000000000 0.027343750 0.062500000 0.015625000 0.015625000 0.023437500 0.050781250 0.046875000 0.042968750 0.054687500 0.023437500 0.035156250 0.007812500 0.035156250 0.031250000 0.015625000 0.019531250 0.027343750 0.003906250 0.023437500 0.023437500 0.039062500 0.011718750 0.003906250 0.019531250 0.011718750 0.031250000 0.007812500 0.027343750 0.015625000 0.031250000 0.027343750 0.046875000 0.027343750 0.023437500 0.054687500 0.058593750 0.039062500 0.031250000 0.050781250 0.015625000 0.019531250 0.015625000 0.027343750 0.003906250 0.039062500 0.031250000 0.003906250 0.074218750 0.027343750 0.007812500 0.027343750 0.011718750 0.015625000 0.027343750 0.015625000 0.011718750 0.031250000 0.058593750 0.023437500 0.027343750 0.003906250 0.027343750 0.011718750 0.027343750 0.046875000 0.011718750 0.003906250 0.023437500 0.031250000 0.035156250 0.031250000 0.027343750 0.023437500 0.015625000 0.015625000 0.003906250 0.023437500 0.007812500 0.003906250 0.003906250 0.023437500 0.007812500 0.019531250 0.035156250 0.039062500 0.015625000 0.011718750 0.007812500 0.015625000 0.011718750 0.027343750 0.011718750 0.031250000 0.015625000 0.015625000 0.015625000 0.031250000 0.007812500 0.011718750 0.011718750 0.050781250 0.019531250 0.019531250 0.035156250 0.015625000 0.027343750 0.054687500 0.011718750 0.050781250 0.003906250 0.039062500 0.031250000 0.023437500 0.027343750 0.023437500 0.042968750 0.011718750 0.019531250 0.015625000 0.019531250 0.007812500 0.011718750 0.035156250 0.039062500 0.035156250 0.019531250 0.003906250 0.015625000 0.031250000 0.039062500 0.007812500 0.015625000 0.023437500 0.042968750 0.023437500 0.019531250 0.019531250 0.039062500 
0.105468750 0.210937500 0.914062500 1.910156250 2.613281250 1.464843750 1.070312500 1.023437500 0.601562500 0.468750000 0.351562500 0.308593750 0.585937500 1.054687500 0.722656250 1.601562500 1.039062500 0.542968750 0.554687500 0.250000000 0.257812500 0.046875000 0.132812500 0.179687500 0.062500000 0.109375000 0.253906250 0.101562500 0.597656250 0.625000000 0.316406250 0.906250000 0.265625000 0.277343750 0.046875000 0.121093750 0.128906250 0.023437500 0.015625000 0.054687500 0.050781250 0.042968750 0.046875000 0.054687500 0.042968750 0.042968750 0.132812500 0.031250000 0.011718750 0.027343750 0.015625000 0.027343750 0.035156250 0.054687500 0.113281250 0.105468750 0.062500000 0.023437500 0.035156250 0.011718750 0.050781250 0.070312500 0.066406250 0.050781250 0.042968750 0.031250000 0.023437500 0.082031250 0.074218750 0.144531250 0.046875000 0.062500000 0.121093750 0.160156250 0.117187500 0.101562500 0.054687500 0.105468750 0.398437500 0.421875000 0.464843750 0.503906250 0.257812500 0.085937500 0.097656250 0.164062500 0.078125000 0.058593750 0.039062500 0.019531250 0.125000000 0.156250000 0.058593750 0.062500000 0.164062500 0.179687500 0.101562500 0.074218750 0.066406250 0.058593750 0.019531250 0.035156250 0.156250000 0.003906250 0.023437500 0.015625000 0.062500000 0.117187500 0.093750000 0.035156250 0.023437500 0.042968750 0.011718750 0.015625000 0.031250000 0.011718750 0.019531250 0.042968750 0.042968750 0.019531250 0.058593750 0.097656250 0.101562500 0.085937500 0.062500000 0.097656250 0.132812500 0.078125000 0.035156250 0.027343750 0.035156250 0.031250000 0.066406250 0.050781250 0.039062500 0.035156250 0.039062500 0.066406250 0.046875000 0.046875000 0.007812500 0.023437500 0.003906250 0.003906250 0.039062500 0.007812500 0.035156250 0.019531250 0.023437500 0.039062500 0.058593750 0.031250000 0.015625000 0.070312500 0.042968750 0.062500000 0.042968750 0.031250000 0.039062500 0.039062500 0.003906250 0.031250000 0.015625000 0.011718750 0.023437500 0.015625000 0.058593750 0.050781250 0.011718750 0.011718750 0.007812500 0.023437500 0.011718750 0.042968750 0.015625000 0.042968750 0.062500000 0.027343750 0.035156250 0.007812500 0.023437500 0.031250000 0.007812500 0.039062500 0.015625000 0.035156250 0.050781250 0.015625000 0.035156250 0.035156250 0.019531250 0.007812500 0.046875000 0.019531250 0.015625000 0.035156250 0.019531250 0.023437500 0.015625000 0.023437500 0.027343750 0.011718750 0.035156250 0.027343750 0.015625000 0.007812500 0.007812500 0.019531250 0.019531250 0.007812500 0.023437500 0.027343750 0.011718750 0.027343750 0.015625000 0.007812500 0.023437500 0.011718750 0.023437500 0.042968750 0.003906250 0.035156250 0.023437500 0.015625000 0.042968750 0.039062500 0.035156250 0.015625000 0.031250000 0.019531250 0.035156250 0.023437500 0.050781250 0.027343750 0.042968750 0.007812500 0.023437500 0.007812500 0.015625000 0.007812500 0.015625000 0.019531250 0.039062500 0.023437500 0.007812500 0.007812500 0.015625000 0.035156250 0.039062500 0.003906250 0.035156250 0.023437500 0.015625000 0.019531250 0.042968750 0.039062500 0.019531250 
0.339843750 0.398437500 0.039062500 2.828125000 4.039062500 0.660156250 0.707031250 0.558593750 0.136718750 0.539062500 0.242187500 0.281250000 0.914062500 1.031250000 0.539062500 1.386718750 1.128906250 0.617187500 0.203125000 0.382812500 0.347656250 0.144531250 0.058593750 0.074218750 0.128906250 0.132812500 0.101562500 0.386718750 0.449218750 0.457031250 0.058593750 0.613281250 0.617187500 0.039062500 0.187500000 0.078125000 0.132812500 0.054687500 0.062500000 0.085937500 0.085937500 0.023437500 0.039062500 0.042968750 0.011718750 0.058593750 0.121093750 0.027343750 0.031250000 0.027343750 0.027343750 0.035156250 0.070312500 0.066406250 0.128906250 0.046875000 0.144531250 0.093750000 0.054687500 0.066406250 0.140625000 0.101562500 0.101562500 0.066406250 0.027343750 0.066406250 0.101562500 0.121093750 0.148437500 0.171875000 0.117187500 0.175781250 0.324218750 0.246093750 0.363281250 0.195312500 0.335937500 0.335937500 0.292968750 0.414062500 0.753906250 0.269531250 0.500000000 0.070312500 0.207031250 0.238281250 0.367187500 0.160156250 0.148437500 0.109375000 0.277343750 0.183593750 0.140625000 0.152343750 0.292968750 0.308593750 0.023437500 0.093750000 0.093750000 0.027343750 0.066406250 0.050781250 0.199218750 0.031250000 0.027343750 0.054687500 0.132812500 0.105468750 0.113281250 0.082031250 0.082031250 0.066406250 0.062500000 0.003906250 0.027343750 0.015625000 0.023437500 0.046875000 0.074218750 0.175781250 0.292968750 0.136718750 0.230468750 0.023437500 0.156250000 0.148437500 0.195312500 0.070312500 0.039062500 0.074218750 0.031250000 0.019531250 0.054687500 0.085937500 0.015625000 0.058593750 0.027343750 0.074218750 0.023437500 0.023437500 0.027343750 0.046875000 0.019531250 0.027343750 0.046875000 0.035156250 0.058593750 0.035156250 0.046875000 0.046875000 0.023437500 0.003906250 0.019531250 0.039062500 0.019531250 0.113281250 0.046875000 0.082031250 0.011718750 0.046875000 0.007812500 0.027343750 0.015625000 0.035156250 0.027343750 0.019531250 0.046875000 0.050781250 0.007812500 0.023437500 0.019531250 0.003906250 0.019531250 0.042968750 0.027343750 0.039062500 0.070312500 0.039062500 0.015625000 0.050781250 0.015625000 0.046875000 0.015625000 0.023437500 0.042968750 0.054687500 0.027343750 0.066406250 0.035156250 0.058593750 0.035156250 0.054687500 0.019531250 0.011718750 0.027343750 0.015625000 0.015625000 0.007812500 0.003906250 0.019531250 0.011718750 0.015625000 0.031250000 0.027343750 0.011718750 0.039062500 0.035156250 0.046875000 0.019531250 0.035156250 0.031250000 0.007812500 0.015625000 0.011718750 0.015625000 0.011718750 0.019531250 0.011718750 0.019531250 0.054687500 0.003906250 0.046875000 0.027343750 0.027343750 0.023437500 0.023437500 0.050781250 0.007812500 0.027343750 0.023437500 0.035156250 0.015625000 0.007812500 0.050781250 0.027343750 0.027343750 0.011718750 0.039062500 0.011718750 0.011718750 0.011718750 0.019531250 0.023437500 0.011718750 0.007812500 0.003906250 0.027343750 0.023437500 0.042968750 0.015625000 0.015625000 0.023437500 0.027343750 0.035156250 0.027343750 0.031250000 0.011718750 
0.449218750 0.824218750 1.050781250 2.542968750 4.285156250 0.996093750 0.554687500 0.460937500 0.093750000 0.542968750 0.187500000 0.464843750 0.695312500 0.597656250 0.781250000 1.539062500 0.957031250 0.394531250 0.210937500 0.675781250 0.148437500 0.089843750 0.136718750 0.085937500 0.078125000 0.156250000 0.070312500 0.035156250 0.320312500 0.105468750 0.531250000 0.277343750 0.445312500 0.093750000 0.230468750 0.148437500 0.015625000 0.019531250 0.019531250 0.019531250 0.042968750 0.035156250 0.027343750 0.027343750 0.019531250 0.074218750 0.117187500 0.054687500 0.085937500 0.050781250 0.007812500 0.042968750 0.070312500 0.210937500 0.164062500 0.125000000 0.222656250 0.019531250 0.074218750 0.019531250 0.179687500 0.171875000 0.171875000 0.277343750 0.265625000 0.292968750 0.078125000 0.160156250 0.074218750 0.402343750 0.183593750 0.246093750 0.378906250 0.316406250 0.593750000 0.535156250 0.308593750 0.292968750 0.082031250 0.265625000 1.273437500 0.300781250 0.265625000 0.246093750 0.316406250 0.273437500 0.234375000 0.207031250 0.332031250 0.312500000 0.335937500 0.250000000 0.253906250 0.425781250 0.625000000 0.207031250 0.148437500 0.050781250 0.171875000 0.128906250 0.117187500 0.082031250 0.148437500 0.015625000 0.031250000 0.066406250 0.121093750 0.097656250 0.042968750 0.105468750 0.136718750 0.058593750 0.082031250 0.031250000 0.066406250 0.125000000 0.160156250 0.105468750 0.136718750 0.218750000 0.253906250 0.089843750 0.375000000 0.191406250 0.218750000 0.074218750 0.218750000 0.105468750 0.023437500 0.113281250 0.046875000 0.066406250 0.089843750 0.125000000 0.035156250 0.062500000 0.011718750 0.062500000 0.035156250 0.035156250 0.011718750 0.070312500 0.019531250 0.031250000 0.062500000 0.035156250 0.054687500 0.042968750 0.039062500 0.058593750 0.050781250 0.035156250 0.027343750 0.023437500 0.015625000 0.113281250 0.031250000 0.042968750 0.058593750 0.039062500 0.011718750 0.039062500 0.003906250 0.035156250 0.027343750 0.011718750 0.023437500 0.027343750 0.031250000 0.023437500 0.023437500 0.031250000 0.003906250 0.058593750 0.058593750 0.042968750 0.089843750 0.085937500 0.035156250 0.027343750 0.050781250 0.023437500 0.054687500 0.046875000 0.027343750 0.078125000 0.015625000 0.031250000 0.027343750 0.089843750 0.046875000 0.039062500 0.019531250 0.011718750 0.007812500 0.007812500 0.023437500 0.023437500 0.031250000 0.023437500 0.042968750 0.007812500 0.011718750 0.015625000 0.039062500 0.027343750 0.039062500 0.031250000 0.015625000 0.027343750 0.027343750 0.015625000 0.023437500 0.019531250 0.042968750 0.023437500 0.042968750 0.019531250 0.011718750 0.031250000 0.027343750 0.035156250 0.023437500 0.019531250 0.019531250 0.019531250 0.035156250 0.039062500 0.031250000 0.035156250 0.027343750 0.027343750 0.007812500 0.035156250 0.031250000 0.054687500 0.042968750 0.007812500 0.019531250 0.031250000 0.015625000 0.011718750 0.031250000 0.019531250 0.027343750 0.031250000 0.007812500 0.007812500 0.031250000 0.007812500 0.019531250 0.019531250 0.035156250 0.019531250 0.023437500 0.042968750 0.003906250 
0.574218750 0.738281250 1.128906250 1.902343750 3.375000000 0.843750000 0.242187500 0.382812500 0.269531250 0.261718750 0.164062500 0.480468750 0.269531250 0.335937500 0.496093750 0.519531250 0.195312500 0.082031250 0.097656250 0.562500000 0.171875000 0.183593750 0.105468750 0.031250000 0.050781250 0.050781250 0.062500000 0.054687500 0.378906250 0.191406250 0.300781250 0.222656250 0.125000000 0.250000000 0.058593750 0.031250000 0.078125000 0.039062500 0.011718750 0.074218750 0.039062500 0.027343750 0.007812500 0.039062500 0.070312500 0.027343750 0.070312500 0.023437500 0.070312500 0.039062500 0.031250000 0.070312500 0.046875000 0.097656250 0.218750000 0.195312500 0.207031250 0.074218750 0.039062500 0.062500000 0.152343750 0.183593750 0.199218750 0.277343750 0.265625000 0.242187500 0.140625000 0.132812500 0.050781250 0.382812500 0.257812500 0.277343750 0.355468750 0.308593750 0.496093750 0.863281250 0.195312500 0.289062500 0.230468750 0.238281250 0.835937500 0.992187500 0.839843750 0.187500000 0.343750000 0.167968750 0.175781250 0.246093750 0.429687500 0.246093750 0.394531250 0.187500000 0.175781250 0.480468750 0.703125000 0.152343750 0.093750000 0.156250000 0.074218750 0.261718750 0.113281250 0.078125000 0.117187500 0.062500000 0.027343750 0.144531250 0.089843750 0.031250000 0.042968750 0.191406250 0.125000000 0.078125000 0.039062500 0.035156250 0.050781250 0.105468750 0.113281250 0.160156250 0.167968750 0.253906250 0.089843750 0.308593750 0.367187500 0.449218750 0.078125000 0.109375000 0.203125000 0.117187500 0.089843750 0.125000000 0.113281250 0.031250000 0.113281250 0.113281250 0.039062500 0.062500000 0.082031250 0.039062500 0.042968750 0.062500000 0.050781250 0.054687500 0.039062500 0.019531250 0.074218750 0.058593750 0.042968750 0.035156250 0.042968750 0.042968750 0.062500000 0.054687500 0.039062500 0.031250000 0.019531250 0.109375000 0.042968750 0.007812500 0.105468750 0.003906250 0.027343750 0.035156250 0.027343750 0.023437500 0.035156250 0.035156250 0.023437500 0.007812500 0.011718750 0.007812500 0.015625000 0.042968750 0.042968750 0.027343750 0.031250000 0.027343750 0.082031250 0.042968750 0.050781250 0.015625000 0.078125000 0.031250000 0.054687500 0.046875000 0.027343750 0.089843750 0.035156250 0.011718750 0.058593750 0.070312500 0.039062500 0.023437500 0.039062500 0.019531250 0.007812500 0.015625000 0.023437500 0.039062500 0.027343750 0.015625000 0.062500000 0.003906250 0.015625000 0.015625000 0.035156250 0.023437500 0.046875000 0.023437500 0.011718750 0.035156250 0.023437500 0.023437500 0.023437500 0.015625000 0.027343750 0.046875000 0.054687500 0.015625000 0.023437500 0.007812500 0.007812500 0.031250000 0.031250000 0.031250000 0.019531250 0.027343750 0.019531250 0.035156250 0.031250000 0.031250000 0.011718750 0.042968750 0.007812500 0.027343750 0.011718750 0.027343750 0.070312500 0.023437500 0.023437500 0.042968750 0.015625000 0.015625000 0.035156250 0.023437500 0.023437500 0.027343750 0.007812500 0.023437500 0.011718750 0.011718750 0.011718750 0.019531250 0.027343750 0.027343750 0.019531250 0.019531250 0.027343750 
0.242187500 0.121093750 0.273437500 1.242187500 2.242187500 0.171875000 0.414062500 0.269531250 0.265625000 0.242187500 0.414062500 0.296875000 0.750000000 0.042968750 0.222656250 0.140625000 0.441406250 0.023437500 0.234375000 0.449218750 0.207031250 0.128906250 0.042968750 0.023437500 0.011718750 0.035156250 0.054687500 0.070312500 0.320312500 0.320312500 0.226562500 0.335937500 0.207031250 0.144531250 0.031250000 0.062500000 0.210937500 0.082031250 0.031250000 0.097656250 0.062500000 0.050781250 0.035156250 0.058593750 0.046875000 0.101562500 0.039062500 0.058593750 0.074218750 0.066406250 0.023437500 0.113281250 0.031250000 0.046875000 0.292968750 0.140625000 0.156250000 0.027343750 0.046875000 0.125000000 0.269531250 0.128906250 0.042968750 0.328125000 0.238281250 0.343750000 0.199218750 0.144531250 0.156250000 0.214843750 0.367187500 0.296875000 0.144531250 0.160156250 0.562500000 0.527343750 0.429687500 0.585937500 0.136718750 0.519531250 1.101562500 0.832031250 0.722656250 0.203125000 0.160156250 0.382812500 0.144531250 0.175781250 0.335937500 0.210937500 0.285156250 0.183593750 0.140625000 0.515625000 0.675781250 0.148437500 0.113281250 0.277343750 0.019531250 0.277343750 0.023437500 0.066406250 0.035156250 0.054687500 0.093750000 0.101562500 0.082031250 0.042968750 0.015625000 0.207031250 0.078125000 0.031250000 0.019531250 0.015625000 0.046875000 0.058593750 0.167968750 0.191406250 0.144531250 0.175781250 0.066406250 0.230468750 0.210937500 0.515625000 0.093750000 0.218750000 0.195312500 0.117187500 0.195312500 0.277343750 0.113281250 0.042968750 0.089843750 0.074218750 0.070312500 0.027343750 0.066406250 0.035156250 0.031250000 0.035156250 0.054687500 0.011718750 0.085937500 0.074218750 0.066406250 0.035156250 0.007812500 0.015625000 0.023437500 0.031250000 0.089843750 0.125000000 0.039062500 0.011718750 0.011718750 0.085937500 0.011718750 0.042968750 0.054687500 0.035156250 0.019531250 0.019531250 0.027343750 0.023437500 0.054687500 0.000000000 0.046875000 0.007812500 0.015625000 0.015625000 0.039062500 0.015625000 0.035156250 0.031250000 0.023437500 0.042968750 0.054687500 0.058593750 0.097656250 0.015625000 0.031250000 0.082031250 0.042968750 0.074218750 0.062500000 0.031250000 0.050781250 0.031250000 0.050781250 0.042968750 0.023437500 0.007812500 0.011718750 0.023437500 0.031250000 0.035156250 0.011718750 0.019531250 0.039062500 0.023437500 0.050781250 0.003906250 0.007812500 0.027343750 0.031250000 0.007812500 0.007812500 0.003906250 0.011718750 0.003906250 0.019531250 0.007812500 0.031250000 0.003906250 0.015625000 0.062500000 0.054687500 0.015625000 0.023437500 0.023437500 0.011718750 0.015625000 0.042968750 0.035156250 0.007812500 0.019531250 0.027343750 0.031250000 0.023437500 0.039062500 0.042968750 0.046875000 0.027343750 0.050781250 0.042968750 0.046875000 0.039062500 0.019531250 0.031250000 0.035156250 0.011718750 0.019531250 0.035156250 0.023437500 0.031250000 0.007812500 0.019531250 0.027343750 0.027343750 0.027343750 0.015625000 0.003906250 0.007812500 0.023437500 0.011718750 0.031250000 0.015625000 
0.039062500 0.058593750 0.148437500 0.699218750 1.269531250 0.660156250 0.539062500 0.238281250 0.261718750 0.433593750 0.390625000 0.257812500 0.785156250 0.144531250 0.148437500 0.136718750 0.410156250 0.093750000 0.164062500 0.500000000 0.128906250 0.046875000 0.082031250 0.058593750 0.062500000 0.058593750 0.062500000 0.203125000 0.265625000 0.132812500 0.085937500 0.410156250 0.269531250 0.074218750 0.253906250 0.191406250 0.105468750 0.109375000 0.031250000 0.066406250 0.078125000 0.078125000 0.074218750 0.027343750 0.039062500 0.050781250 0.039062500 0.078125000 0.011718750 0.082031250 0.132812500 0.066406250 0.066406250 0.089843750 0.128906250 0.058593750 0.085937500 0.066406250 0.101562500 0.082031250 0.203125000 0.050781250 0.199218750 0.050781250 0.054687500 0.171875000 0.042968750 0.070312500 0.097656250 0.132812500 0.257812500 0.152343750 0.175781250 0.105468750 0.250000000 0.101562500 0.675781250 0.339843750 0.292968750 0.117187500 0.964843750 0.644531250 0.757812500 0.410156250 0.167968750 0.328125000 0.195312500 0.187500000 0.218750000 0.187500000 0.156250000 0.160156250 0.308593750 0.292968750 0.558593750 0.187500000 0.156250000 0.050781250 0.218750000 0.179687500 0.015625000 0.042968750 0.074218750 0.093750000 0.007812500 0.105468750 0.070312500 0.054687500 0.062500000 0.136718750 0.089843750 0.031250000 0.007812500 0.023437500 0.050781250 0.015625000 0.101562500 0.128906250 0.140625000 0.105468750 0.101562500 0.269531250 0.175781250 0.320312500 0.140625000 0.144531250 0.214843750 0.093750000 0.234375000 0.199218750 0.195312500 0.070312500 0.046875000 0.011718750 0.125000000 0.015625000 0.054687500 0.109375000 0.062500000 0.062500000 0.031250000 0.031250000 0.070312500 0.062500000 0.085937500 0.027343750 0.023437500 0.031250000 0.058593750 0.058593750 0.121093750 0.113281250 0.039062500 0.019531250 0.023437500 0.066406250 0.027343750 0.046875000 0.058593750 0.011718750 0.027343750 0.015625000 0.031250000 0.019531250 0.023437500 0.015625000 0.035156250 0.042968750 0.019531250 0.003906250 0.058593750 0.035156250 0.023437500 0.027343750 0.042968750 0.050781250 0.035156250 0.062500000 0.046875000 0.035156250 0.015625000 0.042968750 0.015625000 0.070312500 0.042968750 0.046875000 0.039062500 0.031250000 0.023437500 0.015625000 0.007812500 0.019531250 0.031250000 0.050781250 0.031250000 0.019531250 0.011718750 0.039062500 0.019531250 0.019531250 0.039062500 0.035156250 0.031250000 0.039062500 0.031250000 0.019531250 0.015625000 0.007812500 0.015625000 0.007812500 0.019531250 0.015625000 0.015625000 0.003906250 0.011718750 0.027343750 0.031250000 0.027343750 0.039062500 0.035156250 0.023437500 0.027343750 0.023437500 0.023437500 0.011718750 0.046875000 0.039062500 0.011718750 0.007812500 0.039062500 0.019531250 0.023437500 0.011718750 0.042968750 0.019531250 0.035156250 0.031250000 0.042968750 0.027343750 0.019531250 0.019531250 0.019531250 0.019531250 0.011718750 0.031250000 0.035156250 0.015625000 0.011718750 0.011718750 0.015625000 0.011718750 0.019531250 0.011718750 0.023437500 0.015625000 0.035156250 0.007812500 
0.187500000 0.175781250 0.347656250 0.257812500 1.035156250 0.394531250 0.109375000 0.531250000 0.082031250 0.476562500 0.414062500 0.328125000 0.492187500 0.339843750 0.195312500 0.019531250 0.316406250 0.042968750 0.144531250 0.449218750 0.074218750 0.031250000 0.046875000 0.039062500 0.050781250 0.035156250 0.070312500 0.125000000 0.253906250 0.074218750 0.265625000 0.312500000 0.191406250 0.128906250 0.394531250 0.085937500 0.078125000 0.070312500 0.089843750 0.058593750 0.140625000 0.074218750 0.105468750 0.031250000 0.042968750 0.039062500 0.062500000 0.066406250 0.035156250 0.128906250 0.125000000 0.078125000 0.027343750 0.046875000 0.105468750 0.160156250 0.050781250 0.058593750 0.042968750 0.113281250 0.109375000 0.187500000 0.214843750 0.105468750 0.093750000 0.109375000 0.078125000 0.066406250 0.128906250 0.089843750 0.097656250 0.140625000 0.101562500 0.078125000 0.101562500 0.261718750 0.421875000 0.160156250 0.363281250 0.316406250 0.515625000 0.535156250 0.117187500 0.054687500 0.125000000 0.179687500 0.140625000 0.066406250 0.078125000 0.070312500 0.074218750 0.214843750 0.054687500 0.070312500 0.378906250 0.179687500 0.199218750 0.054687500 0.167968750 0.089843750 0.062500000 0.039062500 0.113281250 0.039062500 0.046875000 0.058593750 0.105468750 0.042968750 0.097656250 0.054687500 0.011718750 0.023437500 0.015625000 0.035156250 0.007812500 0.011718750 0.093750000 0.128906250 0.070312500 0.085937500 0.109375000 0.054687500 0.070312500 0.152343750 0.027343750 0.089843750 0.179687500 0.101562500 0.277343750 0.152343750 0.167968750 0.109375000 0.062500000 0.046875000 0.089843750 0.011718750 0.054687500 0.058593750 0.074218750 0.035156250 0.011718750 0.070312500 0.070312500 0.089843750 0.078125000 0.011718750 0.015625000 0.007812500 0.035156250 0.019531250 0.101562500 0.074218750 0.074218750 0.042968750 0.062500000 0.031250000 0.019531250 0.042968750 0.015625000 0.019531250 0.035156250 0.031250000 0.039062500 0.007812500 0.015625000 0.042968750 0.007812500 0.031250000 0.011718750 0.027343750 0.023437500 0.015625000 0.050781250 0.027343750 0.035156250 0.050781250 0.062500000 0.062500000 0.023437500 0.058593750 0.023437500 0.015625000 0.031250000 0.050781250 0.035156250 0.015625000 0.011718750 0.035156250 0.039062500 0.031250000 0.019531250 0.003906250 0.039062500 0.046875000 0.042968750 0.015625000 0.011718750 0.039062500 0.031250000 0.011718750 0.031250000 0.027343750 0.015625000 0.031250000 0.015625000 0.031250000 0.031250000 0.023437500 0.015625000 0.023437500 0.015625000 0.023437500 0.019531250 0.019531250 0.035156250 0.007812500 0.011718750 0.015625000 0.050781250 0.015625000 0.015625000 0.007812500 0.035156250 0.003906250 0.027343750 0.027343750 0.023437500 0.019531250 0.019531250 0.031250000 0.015625000 0.019531250 0.007812500 0.011718750 0.042968750 0.027343750 0.027343750 0.039062500 0.015625000 0.019531250 0.023437500 0.031250000 0.027343750 0.019531250 0.042968750 0.019531250 0.031250000 0.007812500 0.023437500 0.019531250 0.007812500 0.031250000 0.023437500 0.015625000 0.019531250 0.011718750 0.054687500 
0.027343750 0.035156250 0.089843750 0.347656250 1.316406250 0.140625000 0.046875000 0.382812500 0.429687500 0.738281250 0.105468750 0.128906250 0.273437500 0.183593750 0.101562500 0.234375000 0.210937500 0.121093750 0.046875000 0.332031250 0.156250000 0.019531250 0.035156250 0.062500000 0.019531250 0.027343750 0.066406250 0.132812500 0.191406250 0.191406250 0.093750000 0.167968750 0.085937500 0.093750000 0.339843750 0.128906250 0.042968750 0.023437500 0.101562500 0.062500000 0.156250000 0.117187500 0.046875000 0.046875000 0.031250000 0.042968750 0.035156250 0.085937500 0.058593750 0.144531250 0.082031250 0.046875000 0.046875000 0.109375000 0.121093750 0.039062500 0.144531250 0.089843750 0.031250000 0.035156250 0.046875000 0.074218750 0.046875000 0.171875000 0.144531250 0.035156250 0.062500000 0.144531250 0.058593750 0.042968750 0.207031250 0.156250000 0.085937500 0.078125000 0.125000000 0.140625000 0.058593750 0.074218750 0.191406250 0.222656250 0.175781250 0.304687500 0.121093750 0.117187500 0.117187500 0.160156250 0.109375000 0.085937500 0.058593750 0.070312500 0.085937500 0.113281250 0.046875000 0.074218750 0.210937500 0.125000000 0.023437500 0.085937500 0.191406250 0.066406250 0.058593750 0.101562500 0.066406250 0.046875000 0.058593750 0.058593750 0.105468750 0.027343750 0.066406250 0.035156250 0.035156250 0.035156250 0.031250000 0.023437500 0.039062500 0.070312500 0.023437500 0.042968750 0.031250000 0.074218750 0.113281250 0.058593750 0.035156250 0.101562500 0.054687500 0.031250000 0.113281250 0.035156250 0.128906250 0.070312500 0.042968750 0.066406250 0.007812500 0.015625000 0.070312500 0.031250000 0.082031250 0.050781250 0.039062500 0.023437500 0.027343750 0.042968750 0.046875000 0.015625000 0.023437500 0.027343750 0.019531250 0.042968750 0.031250000 0.050781250 0.042968750 0.046875000 0.035156250 0.054687500 0.046875000 0.023437500 0.031250000 0.054687500 0.039062500 0.039062500 0.015625000 0.046875000 0.031250000 0.007812500 0.035156250 0.019531250 0.015625000 0.027343750 0.015625000 0.031250000 0.023437500 0.007812500 0.058593750 0.023437500 0.039062500 0.035156250 0.031250000 0.007812500 0.046875000 0.015625000 0.042968750 0.015625000 0.066406250 0.035156250 0.019531250 0.003906250 0.039062500 0.007812500 0.027343750 0.027343750 0.015625000 0.035156250 0.035156250 0.062500000 0.035156250 0.007812500 0.015625000 0.050781250 0.011718750 0.042968750 0.046875000 0.023437500 0.027343750 0.019531250 0.031250000 0.007812500 0.039062500 0.035156250 0.035156250 0.011718750 0.011718750 0.027343750 0.015625000 0.023437500 0.039062500 0.011718750 0.015625000 0.015625000 0.046875000 0.007812500 0.019531250 0.011718750 0.019531250 0.027343750 0.011718750 0.023437500 0.015625000 0.015625000 0.039062500 0.023437500 0.011718750 0.023437500 0.019531250 0.011718750 0.023437500 0.015625000 0.031250000 0.039062500 0.011718750 0.011718750 0.023437500 0.019531250 0.015625000 0.015625000 0.042968750 0.011718750 0.027343750 0.003906250 0.015625000 0.027343750 0.023437500 0.015625000 0.035156250 0.015625000 0.042968750 0.007812500 0.035156250 
0.109375000 0.050781250 0.089843750 0.320312500 1.292968750 0.230468750 0.226562500 0.234375000 0.714843750 0.445312500 0.128906250 0.117187500 0.191406250 0.191406250 0.113281250 0.179687500 0.097656250 0.195312500 0.109375000 0.156250000 0.050781250 0.109375000 0.042968750 0.035156250 0.062500000 0.042968750 0.046875000 0.171875000 0.160156250 0.117187500 0.058593750 0.210937500 0.015625000 0.156250000 0.164062500 0.039062500 0.031250000 0.050781250 0.011718750 0.078125000 0.078125000 0.039062500 0.109375000 0.066406250 0.035156250 0.070312500 0.011718750 0.089843750 0.039062500 0.109375000 0.042968750 0.054687500 0.027343750 0.085937500 0.167968750 0.023437500 0.113281250 0.093750000 0.074218750 0.085937500 0.093750000 0.152343750 0.070312500 0.167968750 0.097656250 0.101562500 0.117187500 0.125000000 0.023437500 0.062500000 0.199218750 0.109375000 0.093750000 0.039062500 0.082031250 0.136718750 0.093750000 0.066406250 0.074218750 0.121093750 0.007812500 0.156250000 0.050781250 0.128906250 0.039062500 0.082031250 0.023437500 0.023437500 0.019531250 0.042968750 0.003906250 0.042968750 0.019531250 0.019531250 0.089843750 0.222656250 0.175781250 0.050781250 0.117187500 0.082031250 0.007812500 0.042968750 0.031250000 0.035156250 0.050781250 0.066406250 0.109375000 0.042968750 0.074218750 0.046875000 0.023437500 0.039062500 0.019531250 0.015625000 0.027343750 0.023437500 0.046875000 0.011718750 0.074218750 0.058593750 0.042968750 0.046875000 0.062500000 0.035156250 0.035156250 0.050781250 0.054687500 0.058593750 0.058593750 0.046875000 0.011718750 0.015625000 0.050781250 0.039062500 0.058593750 0.062500000 0.035156250 0.003906250 0.019531250 0.003906250 0.039062500 0.027343750 0.027343750 0.031250000 0.046875000 0.027343750 0.062500000 0.007812500 0.046875000 0.031250000 0.031250000 0.042968750 0.042968750 0.054687500 0.011718750 0.039062500 0.015625000 0.050781250 0.039062500 0.050781250 0.023437500 0.058593750 0.007812500 0.019531250 0.027343750 0.015625000 0.007812500 0.015625000 0.019531250 0.031250000 0.015625000 0.023437500 0.031250000 0.050781250 0.011718750 0.019531250 0.035156250 0.011718750 0.035156250 0.011718750 0.035156250 0.031250000 0.023437500 0.031250000 0.011718750 0.019531250 0.054687500 0.000000000 0.023437500 0.035156250 0.019531250 0.027343750 0.046875000 0.046875000 0.015625000 0.039062500 0.007812500 0.046875000 0.011718750 0.031250000 0.054687500 0.019531250 0.023437500 0.019531250 0.039062500 0.027343750 0.019531250 0.007812500 0.050781250 0.019531250 0.011718750 0.011718750 0.007812500 0.027343750 0.035156250 0.019531250 0.023437500 0.003906250 0.039062500 0.015625000 0.019531250 0.007812500 0.015625000 0.027343750 0.011718750 0.011718750 0.011718750 0.019531250 0.023437500 0.007812500 0.015625000 0.011718750 0.011718750 0.019531250 0.007812500 0.015625000 0.023437500 0.019531250 0.007812500 0.007812500 0.019531250 0.027343750 0.015625000 0.042968750 0.011718750 0.031250000 0.011718750 0.007812500 0.027343750 0.019531250 0.023437500 0.003906250 0.050781250 0.019531250 0.027343750 0.023437500 0.007812500 
0.113281250 0.015625000 0.097656250 0.242187500 1.273437500 0.191406250 0.371093750 0.097656250 0.605468750 0.281250000 0.394531250 0.113281250 0.128906250 0.195312500 0.101562500 0.089843750 0.089843750 0.179687500 0.160156250 0.136718750 0.082031250 0.031250000 0.066406250 0.042968750 0.046875000 0.042968750 0.070312500 0.101562500 0.050781250 0.023437500 0.054687500 0.171875000 0.171875000 0.144531250 0.039062500 0.050781250 0.035156250 0.039062500 0.007812500 0.062500000 0.042968750 0.027343750 0.054687500 0.058593750 0.035156250 0.050781250 0.050781250 0.050781250 0.031250000 0.023437500 0.066406250 0.027343750 0.062500000 0.085937500 0.175781250 0.027343750 0.105468750 0.058593750 0.128906250 0.042968750 0.089843750 0.164062500 0.074218750 0.070312500 0.089843750 0.230468750 0.121093750 0.078125000 0.074218750 0.089843750 0.152343750 0.128906250 0.097656250 0.042968750 0.042968750 0.085937500 0.082031250 0.054687500 0.023437500 0.035156250 0.089843750 0.152343750 0.062500000 0.105468750 0.070312500 0.078125000 0.007812500 0.031250000 0.031250000 0.027343750 0.035156250 0.042968750 0.015625000 0.074218750 0.042968750 0.117187500 0.132812500 0.125000000 0.082031250 0.054687500 0.007812500 0.031250000 0.046875000 0.046875000 0.050781250 0.070312500 0.105468750 0.007812500 0.050781250 0.042968750 0.039062500 0.035156250 0.046875000 0.042968750 0.011718750 0.000000000 0.046875000 0.031250000 0.042968750 0.042968750 0.031250000 0.035156250 0.058593750 0.011718750 0.062500000 0.054687500 0.074218750 0.035156250 0.046875000 0.031250000 0.035156250 0.019531250 0.031250000 0.035156250 0.007812500 0.035156250 0.050781250 0.015625000 0.015625000 0.007812500 0.031250000 0.023437500 0.023437500 0.027343750 0.062500000 0.031250000 0.039062500 0.015625000 0.054687500 0.031250000 0.035156250 0.027343750 0.003906250 0.023437500 0.042968750 0.007812500 0.011718750 0.031250000 0.058593750 0.023437500 0.027343750 0.058593750 0.011718750 0.035156250 0.003906250 0.023437500 0.035156250 0.019531250 0.019531250 0.011718750 0.027343750 0.027343750 0.015625000 0.031250000 0.015625000 0.011718750 0.035156250 0.019531250 0.019531250 0.019531250 0.031250000 0.023437500 0.035156250 0.027343750 0.007812500 0.007812500 0.054687500 0.007812500 0.027343750 0.035156250 0.027343750 0.031250000 0.050781250 0.039062500 0.007812500 0.054687500 0.007812500 0.035156250 0.035156250 0.019531250 0.042968750 0.019531250 0.039062500 0.015625000 0.031250000 0.031250000 0.023437500 0.023437500 0.039062500 0.007812500 0.003906250 0.015625000 0.015625000 0.023437500 0.027343750 0.011718750 0.011718750 0.027343750 0.007812500 0.015625000 0.007812500 0.003906250 0.015625000 0.039062500 0.015625000 0.019531250 0.031250000 0.019531250 0.015625000 0.023437500 0.042968750 0.011718750 0.011718750 0.019531250 0.015625000 0.000000000 0.027343750 0.015625000 0.019531250 0.011718750 0.019531250 0.039062500 0.011718750 0.039062500 0.019531250 0.039062500 0.015625000 0.023437500 0.019531250 0.015625000 0.035156250 0.015625000 0.054687500 0.015625000 0.011718750 0.000000000 0.019531250 
0.003906250 0.085937500 0.074218750 0.281250000 0.843750000 0.292968750 0.269531250 0.312500000 0.109375000 0.808593750 0.378906250 0.328125000 0.125000000 0.058593750 0.093750000 0.183593750 0.070312500 0.054687500 0.074218750 0.070312500 0.054687500 0.039062500 0.105468750 0.031250000 0.058593750 0.089843750 0.050781250 0.085937500 0.054687500 0.050781250 0.015625000 0.171875000 0.109375000 0.093750000 0.074218750 0.035156250 0.015625000 0.039062500 0.007812500 0.054687500 0.039062500 0.058593750 0.007812500 0.042968750 0.042968750 0.042968750 0.031250000 0.011718750 0.031250000 0.039062500 0.093750000 0.054687500 0.011718750 0.105468750 0.101562500 0.042968750 0.066406250 0.031250000 0.031250000 0.144531250 0.156250000 0.113281250 0.093750000 0.015625000 0.152343750 0.082031250 0.105468750 0.128906250 0.097656250 0.062500000 0.089843750 0.054687500 0.054687500 0.039062500 0.050781250 0.078125000 0.050781250 0.117187500 0.011718750 0.031250000 0.113281250 0.101562500 0.074218750 0.062500000 0.042968750 0.031250000 0.035156250 0.054687500 0.027343750 0.027343750 0.015625000 0.019531250 0.027343750 0.058593750 0.042968750 0.093750000 0.082031250 0.136718750 0.031250000 0.011718750 0.042968750 0.031250000 0.062500000 0.015625000 0.046875000 0.031250000 0.054687500 0.027343750 0.042968750 0.015625000 0.074218750 0.019531250 0.046875000 0.023437500 0.035156250 0.031250000 0.015625000 0.011718750 0.035156250 0.039062500 0.019531250 0.003906250 0.027343750 0.042968750 0.039062500 0.031250000 0.050781250 0.039062500 0.011718750 0.027343750 0.027343750 0.050781250 0.019531250 0.019531250 0.015625000 0.031250000 0.050781250 0.007812500 0.003906250 0.011718750 0.042968750 0.035156250 0.007812500 0.023437500 0.050781250 0.042968750 0.027343750 0.042968750 0.023437500 0.019531250 0.031250000 0.007812500 0.039062500 0.039062500 0.039062500 0.019531250 0.019531250 0.015625000 0.046875000 0.015625000 0.039062500 0.062500000 0.019531250 0.027343750 0.007812500 0.023437500 0.035156250 0.019531250 0.023437500 0.007812500 0.015625000 0.007812500 0.027343750 0.011718750 0.019531250 0.015625000 0.039062500 0.046875000 0.035156250 0.023437500 0.019531250 0.007812500 0.015625000 0.011718750 0.000000000 0.007812500 0.042968750 0.039062500 0.011718750 0.027343750 0.035156250 0.031250000 0.023437500 0.015625000 0.031250000 0.027343750 0.019531250 0.031250000 0.015625000 0.007812500 0.031250000 0.023437500 0.046875000 0.015625000 0.023437500 0.042968750 0.011718750 0.027343750 0.035156250 0.019531250 0.019531250 0.003906250 0.007812500 0.019531250 0.019531250 0.015625000 0.007812500 0.019531250 0.003906250 0.015625000 0.011718750 0.035156250 0.046875000 0.035156250 0.023437500 0.011718750 0.015625000 0.019531250 0.000000000 0.007812500 0.027343750 0.011718750 0.023437500 0.007812500 0.015625000 0.003906250 0.031250000 0.019531250 0.023437500 0.011718750 0.031250000 0.011718750 0.023437500 0.027343750 0.011718750 0.019531250 0.007812500 0.011718750 0.011718750 0.035156250 0.039062500 0.007812500 0.035156250 0.007812500 0.007812500 0.003906250 0.027343750 
0.117187500 0.050781250 0.113281250 0.277343750 0.734375000 0.105468750 0.308593750 0.187500000 0.414062500 1.402343750 0.242187500 0.394531250 0.167968750 0.058593750 0.148437500 0.101562500 0.113281250 0.101562500 0.054687500 0.140625000 0.035156250 0.058593750 0.066406250 0.015625000 0.042968750 0.046875000 0.003906250 0.046875000 0.085937500 0.062500000 0.046875000 0.125000000 0.093750000 0.093750000 0.089843750 0.050781250 0.027343750 0.039062500 0.046875000 0.019531250 0.050781250 0.054687500 0.039062500 0.019531250 0.035156250 0.050781250 0.019531250 0.011718750 0.015625000 0.031250000 0.085937500 0.082031250 0.042968750 0.042968750 0.066406250 0.039062500 0.085937500 0.046875000 0.039062500 0.085937500 0.136718750 0.058593750 0.078125000 0.140625000 0.035156250 0.054687500 0.152343750 0.105468750 0.050781250 0.035156250 0.054687500 0.062500000 0.031250000 0.019531250 0.070312500 0.054687500 0.082031250 0.097656250 0.046875000 0.035156250 0.089843750 0.042968750 0.062500000 0.074218750 0.039062500 0.050781250 0.031250000 0.066406250 0.046875000 0.039062500 0.000000000 0.027343750 0.046875000 0.046875000 0.035156250 0.003906250 0.015625000 0.089843750 0.031250000 0.023437500 0.015625000 0.039062500 0.054687500 0.007812500 0.039062500 0.027343750 0.074218750 0.035156250 0.023437500 0.035156250 0.058593750 0.019531250 0.050781250 0.031250000 0.031250000 0.031250000 0.027343750 0.011718750 0.035156250 0.019531250 0.003906250 0.015625000 0.035156250 0.039062500 0.027343750 0.011718750 0.027343750 0.046875000 0.003906250 0.027343750 0.039062500 0.046875000 0.031250000 0.019531250 0.027343750 0.015625000 0.023437500 0.019531250 0.019531250 0.019531250 0.023437500 0.050781250 0.039062500 0.027343750 0.050781250 0.007812500 0.035156250 0.027343750 0.031250000 0.027343750 0.039062500 0.019531250 0.027343750 0.054687500 0.039062500 0.019531250 0.027343750 0.039062500 0.046875000 0.027343750 0.050781250 0.054687500 0.011718750 0.027343750 0.031250000 0.019531250 0.015625000 0.035156250 0.035156250 0.015625000 0.027343750 0.023437500 0.023437500 0.003906250 0.039062500 0.031250000 0.007812500 0.015625000 0.046875000 0.039062500 0.015625000 0.019531250 0.023437500 0.007812500 0.007812500 0.019531250 0.027343750 0.019531250 0.015625000 0.039062500 0.035156250 0.031250000 0.015625000 0.031250000 0.003906250 0.039062500 0.050781250 0.007812500 0.007812500 0.019531250 0.015625000 0.031250000 0.039062500 0.011718750 0.023437500 0.031250000 0.003906250 0.035156250 0.003906250 0.019531250 0.003906250 0.003906250 0.007812500 0.011718750 0.003906250 0.011718750 0.011718750 0.019531250 0.003906250 0.011718750 0.023437500 0.023437500 0.050781250 0.035156250 0.015625000 0.011718750 0.011718750 0.007812500 0.011718750 0.011718750 0.011718750 0.011718750 0.039062500 0.007812500 0.023437500 0.007812500 0.035156250 0.011718750 0.031250000 0.007812500 0.035156250 0.019531250 0.019531250 0.015625000 0.015625000 0.007812500 0.015625000 0.011718750 0.003906250 0.027343750 0.039062500 0.031250000 0.027343750 0.007812500 0.011718750 0.015625000 0.031250000 
0.117187500 0.074218750 0.082031250 0.125000000 0.617187500 0.156250000 0.199218750 0.363281250 0.500000000 1.378906250 0.218750000 0.347656250 0.191406250 0.089843750 0.097656250 0.085937500 0.128906250 0.078125000 0.089843750 0.156250000 0.039062500 0.058593750 0.093750000 0.015625000 0.066406250 0.046875000 0.023437500 0.050781250 0.085937500 0.058593750 0.027343750 0.066406250 0.054687500 0.050781250 0.113281250 0.035156250 0.027343750 0.027343750 0.050781250 0.000000000 0.019531250 0.019531250 0.058593750 0.015625000 0.007812500 0.039062500 0.027343750 0.050781250 0.062500000 0.070312500 0.074218750 0.050781250 0.074218750 0.078125000 0.042968750 0.011718750 0.058593750 0.027343750 0.058593750 0.062500000 0.089843750 0.082031250 0.035156250 0.125000000 0.027343750 0.015625000 0.101562500 0.066406250 0.066406250 0.046875000 0.019531250 0.015625000 0.035156250 0.027343750 0.085937500 0.031250000 0.058593750 0.101562500 0.039062500 0.039062500 0.046875000 0.023437500 0.003906250 0.066406250 0.023437500 0.039062500 0.042968750 0.054687500 0.007812500 0.015625000 0.007812500 0.015625000 0.011718750 0.039062500 0.066406250 0.046875000 0.046875000 0.042968750 0.027343750 0.023437500 0.031250000 0.015625000 0.031250000 0.007812500 0.023437500 0.011718750 0.054687500 0.023437500 0.027343750 0.019531250 0.035156250 0.031250000 0.027343750 0.003906250 0.035156250 0.039062500 0.015625000 0.027343750 0.003906250 0.003906250 0.027343750 0.015625000 0.039062500 0.039062500 0.015625000 0.011718750 0.019531250 0.015625000 0.042968750 0.039062500 0.035156250 0.039062500 0.039062500 0.011718750 0.027343750 0.023437500 0.011718750 0.031250000 0.011718750 0.019531250 0.003906250 0.031250000 0.054687500 0.019531250 0.046875000 0.007812500 0.046875000 0.007812500 0.023437500 0.015625000 0.011718750 0.031250000 0.019531250 0.050781250 0.023437500 0.019531250 0.031250000 0.011718750 0.023437500 0.027343750 0.042968750 0.046875000 0.027343750 0.019531250 0.011718750 0.035156250 0.023437500 0.023437500 0.031250000 0.019531250 0.011718750 0.031250000 0.023437500 0.015625000 0.027343750 0.031250000 0.007812500 0.011718750 0.050781250 0.023437500 0.019531250 0.019531250 0.039062500 0.003906250 0.023437500 0.003906250 0.019531250 0.007812500 0.027343750 0.011718750 0.023437500 0.011718750 0.027343750 0.011718750 0.019531250 0.035156250 0.050781250 0.015625000 0.011718750 0.011718750 0.027343750 0.011718750 0.035156250 0.023437500 0.003906250 0.027343750 0.027343750 0.023437500 0.011718750 0.019531250 0.011718750 0.003906250 0.003906250 0.007812500 0.003906250 0.003906250 0.007812500 0.019531250 0.007812500 0.007812500 0.023437500 0.015625000 0.042968750 0.042968750 0.015625000 0.007812500 0.011718750 0.011718750 0.011718750 0.011718750 0.011718750 0.023437500 0.019531250 0.003906250 0.031250000 0.011718750 0.031250000 0.007812500 0.027343750 0.011718750 0.019531250 0.007812500 0.023437500 0.003906250 0.019531250 0.007812500 0.015625000 0.027343750 0.007812500 0.011718750 0.035156250 0.015625000 0.007812500 0.003906250 0.003906250 0.027343750 0.023437500 
0.042968750 0.054687500 0.074218750 0.175781250 0.519531250 0.195312500 0.144531250 0.386718750 0.597656250 1.050781250 0.492187500 0.222656250 0.117187500 0.035156250 0.023437500 0.046875000 0.050781250 0.082031250 0.117187500 0.097656250 0.085937500 0.039062500 0.046875000 0.007812500 0.023437500 0.019531250 0.019531250 0.015625000 0.027343750 0.093750000 0.058593750 0.082031250 0.019531250 0.074218750 0.125000000 0.023437500 0.031250000 0.035156250 0.019531250 0.042968750 0.027343750 0.023437500 0.023437500 0.019531250 0.015625000 0.019531250 0.011718750 0.031250000 0.062500000 0.035156250 0.023437500 0.035156250 0.082031250 0.031250000 0.031250000 0.070312500 0.031250000 0.023437500 0.035156250 0.027343750 0.031250000 0.027343750 0.058593750 0.093750000 0.074218750 0.039062500 0.078125000 0.031250000 0.046875000 0.035156250 0.046875000 0.027343750 0.035156250 0.019531250 0.039062500 0.023437500 0.062500000 0.050781250 0.062500000 0.031250000 0.066406250 0.019531250 0.027343750 0.066406250 0.007812500 0.015625000 0.035156250 0.054687500 0.023437500 0.015625000 0.015625000 0.007812500 0.007812500 0.035156250 0.058593750 0.023437500 0.046875000 0.003906250 0.019531250 0.023437500 0.039062500 0.023437500 0.019531250 0.031250000 0.050781250 0.039062500 0.027343750 0.039062500 0.023437500 0.023437500 0.050781250 0.007812500 0.031250000 0.023437500 0.027343750 0.046875000 0.011718750 0.027343750 0.015625000 0.011718750 0.027343750 0.019531250 0.054687500 0.023437500 0.023437500 0.007812500 0.003906250 0.007812500 0.031250000 0.023437500 0.042968750 0.042968750 0.046875000 0.035156250 0.019531250 0.027343750 0.011718750 0.027343750 0.003906250 0.015625000 0.019531250 0.023437500 0.035156250 0.035156250 0.039062500 0.000000000 0.050781250 0.007812500 0.027343750 0.015625000 0.011718750 0.027343750 0.015625000 0.023437500 0.035156250 0.019531250 0.019531250 0.039062500 0.011718750 0.054687500 0.011718750 0.035156250 0.015625000 0.019531250 0.019531250 0.019531250 0.046875000 0.015625000 0.007812500 0.035156250 0.027343750 0.007812500 0.031250000 0.023437500 0.015625000 0.015625000 0.003906250 0.023437500 0.046875000 0.011718750 0.007812500 0.023437500 0.031250000 0.007812500 0.023437500 0.007812500 0.015625000 0.007812500 0.011718750 0.011718750 0.031250000 0.031250000 0.023437500 0.019531250 0.011718750 0.035156250 0.046875000 0.007812500 0.015625000 0.015625000 0.019531250 0.015625000 0.046875000 0.023437500 0.019531250 0.011718750 0.031250000 0.011718750 0.000000000 0.011718750 0.023437500 0.019531250 0.011718750 0.007812500 0.011718750 0.019531250 0.023437500 0.011718750 0.011718750 0.000000000 0.003906250 0.023437500 0.007812500 0.023437500 0.019531250 0.007812500 0.007812500 0.007812500 0.003906250 0.011718750 0.007812500 0.015625000 0.015625000 0.011718750 0.039062500 0.003906250 0.015625000 0.019531250 0.027343750 0.007812500 0.011718750 0.019531250 0.015625000 0.003906250 0.019531250 0.003906250 0.015625000 0.027343750 0.019531250 0.007812500 0.023437500 0.007812500 0.003906250 0.011718750 0.015625000 0.011718750 0.027343750 
0.078125000 0.042968750 0.066406250 0.253906250 0.449218750 0.164062500 0.113281250 0.238281250 0.179687500 0.578125000 0.320312500 0.203125000 0.164062500 0.152343750 0.093750000 0.066406250 0.042968750 0.125000000 0.164062500 0.125000000 0.132812500 0.054687500 0.015625000 0.023437500 0.058593750 0.050781250 0.039062500 0.046875000 0.074218750 0.058593750 0.078125000 0.054687500 0.039062500 0.042968750 0.105468750 0.023437500 0.027343750 0.027343750 0.058593750 0.023437500 0.054687500 0.039062500 0.015625000 0.015625000 0.003906250 0.023437500 0.023437500 0.019531250 0.062500000 0.054687500 0.003906250 0.066406250 0.050781250 0.050781250 0.027343750 0.054687500 0.054687500 0.031250000 0.007812500 0.019531250 0.019531250 0.027343750 0.039062500 0.042968750 0.019531250 0.054687500 0.066406250 0.039062500 0.035156250 0.019531250 0.031250000 0.046875000 0.007812500 0.019531250 0.019531250 0.015625000 0.031250000 0.015625000 0.031250000 0.066406250 0.082031250 0.019531250 0.031250000 0.066406250 0.015625000 0.035156250 0.042968750 0.007812500 0.011718750 0.003906250 0.007812500 0.019531250 0.015625000 0.039062500 0.039062500 0.066406250 0.039062500 0.042968750 0.003906250 0.003906250 0.054687500 0.007812500 0.019531250 0.011718750 0.062500000 0.050781250 0.019531250 0.039062500 0.054687500 0.023437500 0.058593750 0.015625000 0.023437500 0.023437500 0.023437500 0.031250000 0.011718750 0.007812500 0.035156250 0.011718750 0.027343750 0.003906250 0.023437500 0.011718750 0.019531250 0.023437500 0.019531250 0.011718750 0.023437500 0.011718750 0.054687500 0.042968750 0.027343750 0.027343750 0.031250000 0.015625000 0.011718750 0.023437500 0.011718750 0.007812500 0.023437500 0.007812500 0.015625000 0.007812500 0.007812500 0.035156250 0.023437500 0.019531250 0.023437500 0.023437500 0.027343750 0.023437500 0.015625000 0.003906250 0.039062500 0.027343750 0.023437500 0.019531250 0.011718750 0.046875000 0.015625000 0.027343750 0.007812500 0.015625000 0.019531250 0.007812500 0.035156250 0.003906250 0.011718750 0.011718750 0.035156250 0.019531250 0.011718750 0.015625000 0.003906250 0.019531250 0.011718750 0.011718750 0.023437500 0.031250000 0.015625000 0.027343750 0.027343750 0.007812500 0.027343750 0.015625000 0.011718750 0.015625000 0.000000000 0.007812500 0.027343750 0.031250000 0.023437500 0.019531250 0.019531250 0.019531250 0.042968750 0.027343750 0.011718750 0.023437500 0.031250000 0.015625000 0.039062500 0.027343750 0.035156250 0.023437500 0.039062500 0.011718750 0.007812500 0.011718750 0.027343750 0.031250000 0.027343750 0.007812500 0.015625000 0.031250000 0.007812500 0.003906250 0.003906250 0.003906250 0.003906250 0.019531250 0.007812500 0.019531250 0.015625000 0.015625000 0.011718750 0.011718750 0.007812500 0.011718750 0.007812500 0.011718750 0.015625000 0.011718750 0.031250000 0.011718750 0.011718750 0.011718750 0.011718750 0.011718750 0.003906250 0.015625000 0.011718750 0.019531250 0.011718750 0.011718750 0.011718750 0.011718750 0.031250000 0.011718750 0.023437500 0.019531250 0.003906250 0.019531250 0.011718750 0.019531250 0.015625000 
0.105468750 0.062500000 0.070312500 0.230468750 0.359375000 0.148437500 0.058593750 0.199218750 0.160156250 0.304687500 0.121093750 0.136718750 0.082031250 0.144531250 0.054687500 0.031250000 0.031250000 0.031250000 0.019531250 0.023437500 0.042968750 0.046875000 0.015625000 0.039062500 0.007812500 0.035156250 0.023437500 0.039062500 0.035156250 0.066406250 0.027343750 0.085937500 0.046875000 0.007812500 0.109375000 0.050781250 0.011718750 0.031250000 0.066406250 0.019531250 0.058593750 0.058593750 0.011718750 0.015625000 0.027343750 0.019531250 0.027343750 0.031250000 0.050781250 0.031250000 0.019531250 0.046875000 0.031250000 0.035156250 0.039062500 0.054687500 0.050781250 0.031250000 0.019531250 0.011718750 0.039062500 0.015625000 0.023437500 0.011718750 0.027343750 0.039062500 0.039062500 0.066406250 0.031250000 0.042968750 0.019531250 0.019531250 0.007812500 0.000000000 0.023437500 0.003906250 0.019531250 0.042968750 0.035156250 0.074218750 0.042968750 0.031250000 0.066406250 0.050781250 0.023437500 0.046875000 0.035156250 0.015625000 0.003906250 0.011718750 0.015625000 0.015625000 0.039062500 0.042968750 0.015625000 0.035156250 0.039062500 0.054687500 0.011718750 0.011718750 0.050781250 0.007812500 0.035156250 0.015625000 0.046875000 0.066406250 0.042968750 0.023437500 0.019531250 0.027343750 0.035156250 0.035156250 0.023437500 0.019531250 0.007812500 0.011718750 0.003906250 0.007812500 0.031250000 0.019531250 0.011718750 0.027343750 0.019531250 0.011718750 0.011718750 0.011718750 0.011718750 0.019531250 0.015625000 0.015625000 0.039062500 0.035156250 0.019531250 0.046875000 0.011718750 0.011718750 0.011718750 0.019531250 0.023437500 0.011718750 0.027343750 0.003906250 0.015625000 0.015625000 0.011718750 0.019531250 0.011718750 0.007812500 0.011718750 0.011718750 0.019531250 0.011718750 0.015625000 0.019531250 0.019531250 0.003906250 0.027343750 0.015625000 0.023437500 0.042968750 0.031250000 0.023437500 0.007812500 0.019531250 0.011718750 0.027343750 0.019531250 0.007812500 0.019531250 0.019531250 0.039062500 0.011718750 0.007812500 0.019531250 0.007812500 0.011718750 0.007812500 0.011718750 0.027343750 0.019531250 0.007812500 0.019531250 0.015625000 0.007812500 0.015625000 0.019531250 0.015625000 0.015625000 0.015625000 0.011718750 0.031250000 0.035156250 0.011718750 0.019531250 0.007812500 0.031250000 0.023437500 0.011718750 0.007812500 0.023437500 0.027343750 0.007812500 0.031250000 0.031250000 0.031250000 0.007812500 0.011718750 0.027343750 0.007812500 0.019531250 0.023437500 0.035156250 0.019531250 0.007812500 0.007812500 0.027343750 0.007812500 0.011718750 0.003906250 0.007812500 0.003906250 0.011718750 0.015625000 0.003906250 0.011718750 0.011718750 0.023437500 0.015625000 0.007812500 0.007812500 0.007812500 0.007812500 0.019531250 0.003906250 0.011718750 0.019531250 0.011718750 0.011718750 0.019531250 0.019531250 0.007812500 0.007812500 0.015625000 0.019531250 0.007812500 0.007812500 0.023437500 0.015625000 0.027343750 0.015625000 0.019531250 0.003906250 0.015625000 0.015625000 0.003906250 0.019531250 0.019531250 
0.128906250 0.039062500 0.039062500 0.140625000 0.320312500 0.074218750 0.054687500 0.101562500 0.335937500 0.097656250 0.066406250 0.070312500 0.097656250 0.082031250 0.011718750 0.046875000 0.031250000 0.027343750 0.050781250 0.066406250 0.097656250 0.023437500 0.007812500 0.042968750 0.023437500 0.039062500 0.039062500 0.011718750 0.035156250 0.035156250 0.054687500 0.093750000 0.074218750 0.066406250 0.046875000 0.039062500 0.019531250 0.019531250 0.011718750 0.054687500 0.070312500 0.039062500 0.023437500 0.023437500 0.027343750 0.039062500 0.050781250 0.023437500 0.031250000 0.015625000 0.035156250 0.039062500 0.062500000 0.007812500 0.007812500 0.050781250 0.046875000 0.023437500 0.019531250 0.031250000 0.023437500 0.042968750 0.011718750 0.035156250 0.019531250 0.003906250 0.023437500 0.011718750 0.027343750 0.019531250 0.019531250 0.035156250 0.027343750 0.015625000 0.023437500 0.007812500 0.023437500 0.035156250 0.007812500 0.050781250 0.039062500 0.054687500 0.035156250 0.027343750 0.003906250 0.050781250 0.039062500 0.011718750 0.003906250 0.007812500 0.031250000 0.027343750 0.023437500 0.031250000 0.027343750 0.019531250 0.042968750 0.039062500 0.011718750 0.019531250 0.035156250 0.042968750 0.023437500 0.015625000 0.027343750 0.035156250 0.023437500 0.019531250 0.015625000 0.042968750 0.019531250 0.023437500 0.035156250 0.039062500 0.007812500 0.003906250 0.007812500 0.015625000 0.011718750 0.011718750 0.011718750 0.015625000 0.019531250 0.019531250 0.039062500 0.019531250 0.019531250 0.027343750 0.035156250 0.035156250 0.015625000 0.015625000 0.019531250 0.039062500 0.031250000 0.031250000 0.015625000 0.019531250 0.027343750 0.019531250 0.019531250 0.007812500 0.007812500 0.019531250 0.007812500 0.019531250 0.011718750 0.007812500 0.003906250 0.023437500 0.003906250 0.023437500 0.023437500 0.027343750 0.023437500 0.003906250 0.019531250 0.015625000 0.007812500 0.011718750 0.003906250 0.007812500 0.011718750 0.011718750 0.015625000 0.019531250 0.019531250 0.011718750 0.019531250 0.015625000 0.007812500 0.015625000 0.015625000 0.019531250 0.007812500 0.003906250 0.003906250 0.007812500 0.011718750 0.007812500 0.023437500 0.011718750 0.007812500 0.000000000 0.011718750 0.003906250 0.003906250 0.019531250 0.003906250 0.011718750 0.031250000 0.015625000 0.007812500 0.007812500 0.011718750 0.031250000 0.027343750 0.011718750 0.003906250 0.015625000 0.039062500 0.015625000 0.007812500 0.007812500 0.023437500 0.019531250 0.007812500 0.023437500 0.003906250 0.007812500 0.023437500 0.019531250 0.019531250 0.015625000 0.000000000 0.031250000 0.019531250 0.003906250 0.011718750 0.003906250 0.011718750 0.011718750 0.007812500 0.015625000 0.003906250 0.007812500 0.023437500 0.015625000 0.007812500 0.007812500 0.007812500 0.019531250 0.019531250 0.015625000 0.003906250 0.015625000 0.007812500 0.015625000 0.023437500 0.011718750 0.003906250 0.015625000 0.019531250 0.011718750 0.003906250 0.007812500 0.015625000 0.015625000 0.019531250 0.015625000 0.011718750 0.003906250 0.007812500 0.007812500 0.011718750 0.019531250 0.019531250 
0.097656250 0.011718750 0.062500000 0.148437500 0.250000000 0.050781250 0.031250000 0.156250000 0.300781250 0.054687500 0.015625000 0.082031250 0.101562500 0.039062500 0.027343750 0.015625000 0.015625000 0.015625000 0.042968750 0.082031250 0.070312500 0.007812500 0.019531250 0.023437500 0.000000000 0.031250000 0.027343750 0.023437500 0.042968750 0.035156250 0.031250000 0.085937500 0.066406250 0.074218750 0.050781250 0.050781250 0.019531250 0.031250000 0.035156250 0.007812500 0.042968750 0.031250000 0.027343750 0.046875000 0.027343750 0.027343750 0.042968750 0.027343750 0.031250000 0.019531250 0.027343750 0.019531250 0.066406250 0.007812500 0.011718750 0.027343750 0.011718750 0.046875000 0.015625000 0.007812500 0.042968750 0.031250000 0.035156250 0.035156250 0.019531250 0.015625000 0.031250000 0.019531250 0.015625000 0.023437500 0.027343750 0.035156250 0.031250000 0.039062500 0.023437500 0.023437500 0.027343750 0.027343750 0.042968750 0.027343750 0.023437500 0.039062500 0.035156250 0.019531250 0.015625000 0.042968750 0.027343750 0.031250000 0.019531250 0.019531250 0.031250000 0.023437500 0.027343750 0.039062500 0.019531250 0.015625000 0.027343750 0.019531250 0.011718750 0.019531250 0.031250000 0.035156250 0.039062500 0.007812500 0.015625000 0.019531250 0.046875000 0.015625000 0.015625000 0.031250000 0.027343750 0.023437500 0.027343750 0.039062500 0.007812500 0.015625000 0.019531250 0.007812500 0.007812500 0.007812500 0.011718750 0.023437500 0.007812500 0.027343750 0.035156250 0.015625000 0.023437500 0.039062500 0.039062500 0.015625000 0.046875000 0.019531250 0.031250000 0.023437500 0.046875000 0.015625000 0.031250000 0.011718750 0.039062500 0.007812500 0.031250000 0.015625000 0.015625000 0.003906250 0.019531250 0.007812500 0.019531250 0.023437500 0.015625000 0.019531250 0.007812500 0.019531250 0.003906250 0.023437500 0.023437500 0.015625000 0.007812500 0.003906250 0.023437500 0.007812500 0.011718750 0.015625000 0.023437500 0.019531250 0.027343750 0.007812500 0.007812500 0.027343750 0.023437500 0.023437500 0.011718750 0.011718750 0.011718750 0.023437500 0.003906250 0.007812500 0.011718750 0.003906250 0.011718750 0.011718750 0.019531250 0.011718750 0.003906250 0.003906250 0.011718750 0.000000000 0.007812500 0.011718750 0.015625000 0.007812500 0.019531250 0.015625000 0.019531250 0.011718750 0.023437500 0.007812500 0.011718750 0.023437500 0.019531250 0.019531250 0.019531250 0.015625000 0.015625000 0.027343750 0.011718750 0.011718750 0.011718750 0.027343750 0.011718750 0.003906250 0.015625000 0.011718750 0.023437500 0.007812500 0.015625000 0.011718750 0.011718750 0.015625000 0.015625000 0.007812500 0.011718750 0.007812500 0.019531250 0.007812500 0.007812500 0.007812500 0.023437500 0.011718750 0.003906250 0.000000000 0.019531250 0.003906250 0.011718750 0.019531250 0.003906250 0.019531250 0.003906250 0.019531250 0.015625000 0.015625000 0.007812500 0.007812500 0.007812500 0.003906250 0.015625000 0.015625000 0.011718750 0.003906250 0.019531250 0.015625000 0.011718750 0.003906250 0.007812500 0.007812500 0.003906250 0.007812500 0.003906250 
0.093750000 0.019531250 0.027343750 0.062500000 0.152343750 0.011718750 0.015625000 0.074218750 0.222656250 0.062500000 0.042968750 0.050781250 0.097656250 0.050781250 0.050781250 0.007812500 0.015625000 0.054687500 0.011718750 0.089843750 0.058593750 0.039062500 0.031250000 0.054687500 0.031250000 0.050781250 0.019531250 0.011718750 0.007812500 0.078125000 0.011718750 0.070312500 0.054687500 0.093750000 0.003906250 0.046875000 0.035156250 0.023437500 0.042968750 0.023437500 0.015625000 0.042968750 0.003906250 0.027343750 0.050781250 0.039062500 0.023437500 0.027343750 0.042968750 0.019531250 0.023437500 0.011718750 0.039062500 0.015625000 0.019531250 0.027343750 0.035156250 0.007812500 0.039062500 0.007812500 0.050781250 0.019531250 0.023437500 0.031250000 0.003906250 0.046875000 0.011718750 0.003906250 0.007812500 0.027343750 0.035156250 0.023437500 0.023437500 0.035156250 0.027343750 0.031250000 0.027343750 0.042968750 0.031250000 0.015625000 0.039062500 0.042968750 0.019531250 0.027343750 0.011718750 0.050781250 0.003906250 0.007812500 0.035156250 0.035156250 0.011718750 0.019531250 0.035156250 0.027343750 0.003906250 0.027343750 0.027343750 0.019531250 0.023437500 0.007812500 0.011718750 0.031250000 0.019531250 0.011718750 0.011718750 0.015625000 0.019531250 0.015625000 0.011718750 0.023437500 0.023437500 0.023437500 0.023437500 0.023437500 0.019531250 0.027343750 0.023437500 0.015625000 0.003906250 0.011718750 0.011718750 0.023437500 0.019531250 0.039062500 0.015625000 0.027343750 0.023437500 0.039062500 0.046875000 0.007812500 0.039062500 0.019531250 0.035156250 0.019531250 0.050781250 0.003906250 0.019531250 0.007812500 0.054687500 0.007812500 0.027343750 0.015625000 0.019531250 0.011718750 0.027343750 0.019531250 0.027343750 0.015625000 0.019531250 0.007812500 0.027343750 0.007812500 0.015625000 0.007812500 0.027343750 0.015625000 0.011718750 0.015625000 0.015625000 0.011718750 0.015625000 0.011718750 0.027343750 0.011718750 0.023437500 0.023437500 0.015625000 0.015625000 0.015625000 0.023437500 0.019531250 0.003906250 0.011718750 0.023437500 0.007812500 0.007812500 0.015625000 0.007812500 0.007812500 0.003906250 0.035156250 0.003906250 0.011718750 0.011718750 0.007812500 0.011718750 0.007812500 0.003906250 0.003906250 0.011718750 0.011718750 0.015625000 0.011718750 0.003906250 0.003906250 0.019531250 0.023437500 0.019531250 0.007812500 0.007812500 0.019531250 0.019531250 0.011718750 0.023437500 0.007812500 0.011718750 0.011718750 0.015625000 0.019531250 0.011718750 0.007812500 0.015625000 0.027343750 0.003906250 0.007812500 0.011718750 0.019531250 0.007812500 0.007812500 0.007812500 0.011718750 0.007812500 0.015625000 0.007812500 0.011718750 0.000000000 0.015625000 0.011718750 0.015625000 0.011718750 0.019531250 0.011718750 0.019531250 0.015625000 0.007812500 0.015625000 0.003906250 0.015625000 0.015625000 0.011718750 0.003906250 0.011718750 0.015625000 0.011718750 0.015625000 0.003906250 0.011718750 0.023437500 0.007812500 0.015625000 0.007812500 0.007812500 0.007812500 0.011718750 0.011718750 0.003906250 0.000000000 
0.101562500 0.019531250 0.011718750 0.031250000 0.128906250 0.003906250 0.023437500 0.074218750 0.132812500 0.031250000 0.019531250 0.078125000 0.070312500 0.007812500 0.027343750 0.035156250 0.050781250 0.031250000 0.023437500 0.050781250 0.023437500 0.042968750 0.015625000 0.058593750 0.031250000 0.023437500 0.015625000 0.054687500 0.070312500 0.027343750 0.035156250 0.062500000 0.050781250 0.015625000 0.046875000 0.062500000 0.023437500 0.015625000 0.050781250 0.015625000 0.023437500 0.042968750 0.027343750 0.050781250 0.019531250 0.027343750 0.011718750 0.031250000 0.039062500 0.019531250 0.003906250 0.003906250 0.027343750 0.035156250 0.015625000 0.023437500 0.035156250 0.015625000 0.015625000 0.039062500 0.031250000 0.035156250 0.019531250 0.007812500 0.027343750 0.031250000 0.019531250 0.019531250 0.023437500 0.031250000 0.035156250 0.019531250 0.023437500 0.019531250 0.031250000 0.019531250 0.011718750 0.039062500 0.027343750 0.003906250 0.023437500 0.027343750 0.023437500 0.007812500 0.019531250 0.031250000 0.015625000 0.015625000 0.031250000 0.023437500 0.011718750 0.019531250 0.031250000 0.011718750 0.019531250 0.035156250 0.023437500 0.011718750 0.007812500 0.015625000 0.003906250 0.027343750 0.015625000 0.015625000 0.007812500 0.003906250 0.011718750 0.003906250 0.027343750 0.019531250 0.015625000 0.007812500 0.015625000 0.019531250 0.003906250 0.015625000 0.031250000 0.019531250 0.003906250 0.011718750 0.007812500 0.019531250 0.019531250 0.035156250 0.011718750 0.007812500 0.015625000 0.031250000 0.027343750 0.027343750 0.023437500 0.023437500 0.019531250 0.031250000 0.023437500 0.011718750 0.023437500 0.027343750 0.035156250 0.011718750 0.015625000 0.027343750 0.019531250 0.015625000 0.015625000 0.031250000 0.015625000 0.003906250 0.015625000 0.011718750 0.015625000 0.019531250 0.015625000 0.007812500 0.011718750 0.015625000 0.007812500 0.007812500 0.007812500 0.019531250 0.007812500 0.015625000 0.019531250 0.007812500 0.027343750 0.023437500 0.011718750 0.007812500 0.019531250 0.019531250 0.015625000 0.015625000 0.007812500 0.011718750 0.011718750 0.011718750 0.007812500 0.011718750 0.003906250 0.015625000 0.023437500 0.007812500 0.007812500 0.019531250 0.011718750 0.011718750 0.015625000 0.011718750 0.011718750 0.015625000 0.015625000 0.023437500 0.007812500 0.011718750 0.011718750 0.015625000 0.011718750 0.015625000 0.011718750 0.007812500 0.027343750 0.007812500 0.019531250 0.015625000 0.007812500 0.011718750 0.007812500 0.011718750 0.023437500 0.011718750 0.011718750 0.011718750 0.019531250 0.011718750 0.003906250 0.007812500 0.011718750 0.003906250 0.007812500 0.007812500 0.003906250 0.011718750 0.007812500 0.003906250 0.007812500 0.003906250 0.015625000 0.003906250 0.011718750 0.007812500 0.011718750 0.015625000 0.011718750 0.007812500 0.007812500 0.019531250 0.007812500 0.007812500 0.011718750 0.007812500 0.011718750 0.007812500 0.011718750 0.003906250 0.023437500 0.003906250 0.015625000 0.023437500 0.011718750 0.015625000 0.007812500 0.011718750 0.015625000 0.007812500 0.003906250 0.011718750 0.007812500 
0.058593750 0.042968750 0.015625000 0.062500000 0.082031250 0.039062500 0.039062500 0.093750000 0.085937500 0.027343750 0.039062500 0.066406250 0.054687500 0.019531250 0.015625000 0.035156250 0.031250000 0.023437500 0.027343750 0.035156250 0.035156250 0.027343750 0.031250000 0.039062500 0.027343750 0.007812500 0.019531250 0.046875000 0.054687500 0.031250000 0.023437500 0.054687500 0.042968750 0.015625000 0.046875000 0.039062500 0.003906250 0.035156250 0.039062500 0.015625000 0.011718750 0.031250000 0.039062500 0.027343750 0.011718750 0.031250000 0.027343750 0.011718750 0.019531250 0.015625000 0.007812500 0.011718750 0.003906250 0.007812500 0.011718750 0.023437500 0.031250000 0.011718750 0.019531250 0.031250000 0.015625000 0.003906250 0.007812500 0.007812500 0.023437500 0.019531250 0.003906250 0.027343750 0.027343750 0.015625000 0.019531250 0.011718750 0.007812500 0.011718750 0.007812500 0.007812500 0.011718750 0.023437500 0.019531250 0.011718750 0.023437500 0.027343750 0.015625000 0.003906250 0.003906250 0.007812500 0.015625000 0.011718750 0.015625000 0.015625000 0.003906250 0.027343750 0.031250000 0.011718750 0.019531250 0.031250000 0.023437500 0.011718750 0.003906250 0.007812500 0.015625000 0.015625000 0.015625000 0.011718750 0.003906250 0.007812500 0.003906250 0.007812500 0.011718750 0.007812500 0.000000000 0.003906250 0.011718750 0.015625000 0.007812500 0.015625000 0.023437500 0.019531250 0.007812500 0.011718750 0.003906250 0.011718750 0.027343750 0.023437500 0.011718750 0.011718750 0.015625000 0.007812500 0.003906250 0.003906250 0.003906250 0.003906250 0.007812500 0.015625000 0.011718750 0.003906250 0.019531250 0.027343750 0.015625000 0.003906250 0.007812500 0.011718750 0.015625000 0.015625000 0.011718750 0.015625000 0.011718750 0.011718750 0.015625000 0.007812500 0.007812500 0.019531250 0.015625000 0.003906250 0.007812500 0.007812500 0.003906250 0.007812500 0.007812500 0.007812500 0.003906250 0.000000000 0.003906250 0.011718750 0.015625000 0.011718750 0.003906250 0.007812500 0.007812500 0.003906250 0.003906250 0.007812500 0.011718750 0.003906250 0.007812500 0.011718750 0.003906250 0.007812500 0.011718750 0.011718750 0.015625000 0.015625000 0.003906250 0.011718750 0.015625000 0.011718750 0.011718750 0.011718750 0.011718750 0.015625000 0.015625000 0.011718750 0.003906250 0.007812500 0.015625000 0.007812500 0.007812500 0.011718750 0.007812500 0.011718750 0.015625000 0.007812500 0.007812500 0.011718750 0.007812500 0.007812500 0.011718750 0.007812500 0.011718750 0.015625000 0.011718750 0.011718750 0.011718750 0.007812500 0.003906250 0.007812500 0.007812500 0.003906250 0.000000000 0.003906250 0.007812500 0.007812500 0.003906250 0.003906250 0.003906250 0.003906250 0.007812500 0.003906250 0.007812500 0.011718750 0.007812500 0.007812500 0.011718750 0.007812500 0.000000000 0.007812500 0.007812500 0.007812500 0.007812500 0.003906250 0.007812500 0.011718750 0.007812500 0.003906250 0.015625000 0.015625000 0.003906250 0.011718750 0.019531250 0.011718750 0.003906250 0.011718750 0.015625000 0.007812500 0.003906250 0.011718750 0.011718750 
0.039062500 0.039062500 0.042968750 0.042968750 0.042968750 0.046875000 0.046875000 0.046875000 0.042968750 0.042968750 0.039062500 0.035156250 0.027343750 0.023437500 0.019531250 0.011718750 0.007812500 0.007812500 0.003906250 0.003906250 0.003906250 0.007812500 0.007812500 0.011718750 0.015625000 0.019531250 0.027343750 0.031250000 0.031250000 0.035156250 0.035156250 0.035156250 0.035156250 0.035156250 0.031250000 0.027343750 0.023437500 0.023437500 0.019531250 0.019531250 0.023437500 0.023437500 0.023437500 0.023437500 0.023437500 0.023437500 0.019531250 0.019531250 0.011718750 0.007812500 0.003906250 0.000000000 0.007812500 0.011718750 0.011718750 0.015625000 0.015625000 0.015625000 0.015625000 0.011718750 0.011718750 0.007812500 0.007812500 0.007812500 0.007812500 0.011718750 0.015625000 0.015625000 0.019531250 0.019531250 0.015625000 0.015625000 0.011718750 0.007812500 0.003906250 0.003906250 0.003906250 0.003906250 0.007812500 0.011718750 0.011718750 0.011718750 0.011718750 0.007812500 0.007812500 0.003906250 0.003906250 0.003906250 0.003906250 0.007812500 0.011718750 0.011718750 0.015625000 0.015625000 0.015625000 0.015625000 0.011718750 0.011718750 0.007812500 0.003906250 0.003906250 0.003906250 0.003906250 0.003906250 0.007812500 0.007812500 0.007812500 0.007812500 0.003906250 0.003906250 0.003906250 0.003906250 0.003906250 0.003906250 0.007812500 0.007812500 0.011718750 0.011718750 0.011718750 0.011718750 0.011718750 0.011718750 0.007812500 0.007812500 0.007812500 0.003906250 0.003906250 0.000000000 0.000000000 0.000000000 0.003906250 0.003906250 0.007812500 0.007812500 0.007812500 0.011718750 0.011718750 0.011718750 0.011718750 0.011718750 0.011718750 0.007812500 0.007812500 0.003906250 0.003906250 0.000000000 0.000000000 0.003906250 0.003906250 0.007812500 0.007812500 0.007812500 0.007812500 0.007812500 0.007812500 0.003906250 0.003906250 0.003906250 0.003906250 0.003906250 0.003906250 0.003906250 0.007812500 0.007812500 0.007812500 0.007812500 0.003906250 0.003906250 0.003906250 0.003906250 0.003906250 0.003906250 0.003906250 0.003906250 0.003906250 0.003906250 0.003906250 0.003906250 0.000000000 0.003906250 0.003906250 0.007812500 0.007812500 0.011718750 0.011718750 0.011718750 0.011718750 0.011718750 0.011718750 0.011718750 0.011718750 0.011718750 0.007812500 0.007812500 0.007812500 0.007812500 0.007812500 0.011718750 0.011718750 0.011718750 0.011718750 0.011718750 0.011718750 0.007812500 0.007812500 0.007812500 0.003906250 0.003906250 0.003906250 0.000000000 0.000000000 0.000000000 0.000000000 0.000000000 0.000000000 0.000000000 0.003906250 0.003906250 0.003906250 0.003906250 0.003906250 0.003906250 0.003906250 0.003906250 0.003906250 0.003906250 0.003906250 0.003906250 0.003906250 0.003906250 0.003906250 0.003906250 0.003906250 0.007812500 0.007812500 0.007812500 0.007812500 0.007812500 0.007812500 0.007812500 0.007812500 0.007812500 0.007812500 0.007812500 0.007812500 0.007812500 0.007812500 0.007812500 0.007812500 0.007812500 0.007812500 0.007812500 0.007812500 0.007812500 0.007812500 0.007812500 0.007812500 
0.000000000 0.000000000 0.000000000 0.000000000 0.000000000 0.000000000 0.000000000 0.000000000 0.000000000 0.000000000 0.000000000 0.000000000 0.000000000 0.000000000 0.000000000 0.000000000 0.000000000 0.000000000 0.000000000 0.000000000 0.000000000 0.000000000 0.000000000 0.000000000 0.000000000 0.000000000 0.000000000 0.000000000 0.000000000 0.000000000 0.000000000 0.000000000 0.000000000 0.000000000 0.000000000 0.000000000 0.000000000 0.000000000 0.000000000 0.000000000 0.000000000 0.000000000 0.000000000 0.000000000 0.000000000 0.000000000 0.000000000 0.000000000 0.000000000 0.000000000 0.000000000 0.000000000 0.000000000 0.000000000 0.000000000 0.000000000 0.000000000 0.000000000 0.000000000 0.000000000 0.000000000 0.000000000 0.000000000 0.000000000 0.000000000 0.000000000 0.000000000 0.000000000 0.000000000 0.000000000 0.000000000 0.000000000 0.000000000 0.000000000 0.000000000 0.000000000 0.000000000 0.000000000 0.000000000 0.000000000 0.000000000 0.000000000 0.000000000 0.000000000 0.000000000 0.000000000 0.000000000 0.000000000 0.000000000 0.000000000 0.000000000 0.000000000 0.000000000 0.000000000 0.000000000 0.000000000 0.000000000 0.000000000 0.000000000 0.000000000 0.000000000 0.000000000 0.000000000 0.000000000 0.000000000 0.000000000 0.000000000 0.000000000 0.000000000 0.000000000 0.000000000 0.000000000 0.000000000 0.000000000 0.000000000 0.000000000 0.000000000 0.000000000 0.000000000 0.000000000 0.000000000 0.000000000 0.000000000 0.000000000 0.000000000 0.000000000 0.000000000 0.000000000 0.000000000 0.000000000 0.000000000 0.000000000 0.000000000 0.000000000 0.000000000 0.000000000 0.000000000 0.000000000 0.000000000 0.000000000 0.000000000 0.000000000 0.000000000 0.000000000 0.000000000 0.000000000 0.000000000 0.000000000 0.000000000 0.000000000 0.000000000 0.000000000 0.000000000 0.000000000 0.000000000 0.000000000 0.000000000 0.000000000 0.000000000 0.000000000 0.000000000 0.000000000 0.000000000 0.000000000 0.000000000 0.000000000 0.000000000 0.000000000 0.000000000 0.000000000 0.000000000 0.000000000 0.000000000 0.000000000 0.000000000 0.000000000 0.000000000 0.000000000 0.000000000 0.000000000 0.000000000 0.000000000 0.000000000 0.000000000 0.000000000 0.000000000 0.000000000 0.000000000 0.000000000 0.000000000 0.000000000 0.000000000 0.000000000 0.000000000 0.000000000 0.000000000 0.000000000 0.000000000 0.000000000 0.000000000 0.000000000 0.000000000 0.000000000 0.000000000 0.000000000 0.000000000 0.000000000 0.000000000 0.000000000 0.000000000 0.000000000 0.000000000 0.000000000 0.000000000 0.000000000 0.000000000 0.000000000 0.000000000 0.000000000 0.000000000 0.000000000 0.000000000 0.000000000 0.000000000 0.000000000 0.000000000 0.000000000 0.000000000 0.000000000 0.000000000 0.000000000 0.000000000 0.000000000 0.000000000 0.000000000 0.000000000 0.000000000 0.000000000 0.000000000 0.000000000 0.000000000 0.000000000 0.000000000 0.000000000 0.000000000 0.000000000 0.000000000 0.000000000 0.000000000 0.000000000 0.000000000 0.000000000 0.000000000 0.000000000 0.000000000 0.000000000 0.000000000 
0.000000000 0.000000000 0.000000000 0.000000000 0.000000000 0.000000000 0.000000000 0.000000000 0.000000000 0.000000000 0.000000000 0.000000000 0.000000000 0.000000000 0.000000000 0.000000000 0.000000000 0.000000000 0.000000000 0.000000000 0.000000000 0.000000000 0.000000000 0.000000000 0.000000000 0.000000000 0.000000000 0.000000000 0.000000000 0.000000000 0.000000000 0.000000000 0.000000000 0.000000000 0.000000000 0.000000000 0.000000000 0.000000000 0.000000000 0.000000000 0.000000000 0.000000000 0.000000000 0.000000000 0.000000000 0.000000000 0.000000000 0.000000000 0.000000000 0.000000000 0.000000000 0.000000000 0.000000000 0.000000000 0.000000000 0.000000000 0.000000000 0.000000000 0.000000000 0.000000000 0.000000000 0.000000000 0.000000000 0.000000000 0.000000000 0.000000000 0.000000000 0.000000000 0.000000000 0.000000000 0.000000000 0.000000000 0.000000000 0.000000000 0.000000000 0.000000000 0.000000000 0.000000000 0.000000000 0.000000000 0.000000000 0.000000000 0.000000000 0.000000000 0.000000000 0.000000000 0.000000000 0.000000000 0.000000000 0.000000000 0.000000000 0.000000000 0.000000000 0.000000000 0.000000000 0.000000000 0.000000000 0.000000000 0.000000000 0.000000000 0.000000000 0.000000000 0.000000000 0.000000000 0.000000000 0.000000000 0.000000000 0.000000000 0.000000000 0.000000000 0.000000000 0.000000000 0.000000000 0.000000000 0.000000000 0.000000000 0.000000000 0.000000000 0.000000000 0.000000000 0.000000000 0.000000000 0.000000000 0.000000000 0.000000000 0.000000000 0.000000000 0.000000000 0.000000000 0.000000000 0.000000000 0.000000000 0.000000000 0.000000000 0.000000000 0.000000000 0.000000000 0.000000000 0.000000000 0.000000000 0.000000000 0.000000000 0.000000000 0.000000000 0.000000000 0.000000000 0.000000000 0.000000000 0.000000000 0.000000000 0.000000000 0.000000000 0.000000000 0.000000000 0.000000000 0.000000000 0.000000000 0.000000000 0.000000000 0.000000000 0.000000000 0.000000000 0.000000000 0.000000000 0.000000000 0.000000000 0.000000000 0.000000000 0.000000000 0.000000000 0.000000000 0.000000000 0.000000000 0.000000000 0.000000000 0.000000000 0.000000000 0.000000000 0.000000000 0.000000000 0.000000000 0.000000000 0.000000000 0.000000000 0.000000000 0.000000000 0.000000000 0.000000000 0.000000000 0.000000000 0.000000000 0.000000000 0.000000000 0.000000000 0.000000000 0.000000000 0.000000000 0.000000000 0.000000000 0.000000000 0.000000000 0.000000000 0.000000000 0.000000000 0.000000000 0.000000000 0.000000000 0.000000000 0.000000000 0.000000000 0.000000000 0.000000000 0.000000000 0.000000000 0.000000000 0.000000000 0.000000000 0.000000000 0.000000000 0.000000000 0.000000000 0.000000000 0.000000000 0.000000000 0.000000000 0.000000000 0.000000000 0.000000000 0.000000000 0.000000000 0.000000000 0.000000000 0.000000000 0.000000000 0.000000000 0.000000000 0.000000000 0.000000000 0.000000000 0.000000000 0.000000000 0.000000000 0.000000000 0.000000000 0.000000000 0.000000000 0.000000000 0.000000000 0.000000000 0.000000000 0.000000000 0.000000000 0.000000000 0.000000000 0.000000000 0.000000000 0.000000000 
0.000000000 0.000000000 0.000000000 0.000000000 0.000000000 0.000000000 0.000000000 0.000000000 0.000000000 0.000000000 0.000000000 0.000000000 0.000000000 0.000000000 0.000000000 0.000000000 0.000000000 0.000000000 0.000000000 0.000000000 0.000000000 0.000000000 0.000000000 0.000000000 0.000000000 0.000000000 0.000000000 0.000000000 0.000000000 0.000000000 0.000000000 0.000000000 0.000000000 0.000000000 0.000000000 0.000000000 0.000000000 0.000000000 0.000000000 0.000000000 0.000000000 0.000000000 0.000000000 0.000000000 0.000000000 0.000000000 0.000000000 0.000000000 0.000000000 0.000000000 0.000000000 0.000000000 0.000000000 0.000000000 0.000000000 0.000000000 0.000000000 0.000000000 0.000000000 0.000000000 0.000000000 0.000000000 0.000000000 0.000000000 0.000000000 0.000000000 0.000000000 0.000000000 0.000000000 0.000000000 0.000000000 0.000000000 0.000000000 0.000000000 0.000000000 0.000000000 0.000000000 0.000000000 0.000000000 0.000000000 0.000000000 0.000000000 0.000000000 0.000000000 0.000000000 0.000000000 0.000000000 0.000000000 0.000000000 0.000000000 0.000000000 0.000000000 0.000000000 0.000000000 0.000000000 0.000000000 0.000000000 0.000000000 0.000000000 0.000000000 0.000000000 0.000000000 0.000000000 0.000000000 0.000000000 0.000000000 0.000000000 0.000000000 0.000000000 0.000000000 0.000000000 0.000000000 0.000000000 0.000000000 0.000000000 0.000000000 0.000000000 0.000000000 0.000000000 0.000000000 0.000000000 0.000000000 0.000000000 0.000000000 0.000000000 0.000000000 0.000000000 0.000000000 0.000000000 0.000000000 0.000000000 0.000000000 0.000000000 0.000000000 0.000000000 0.000000000 0.000000000 0.000000000 0.000000000 0.000000000 0.000000000 0.000000000 0.000000000 0.000000000 0.000000000 0.000000000 0.000000000 0.000000000 0.000000000 0.000000000 0.000000000 0.000000000 0.000000000 0.000000000 0.000000000 0.000000000 0.000000000 0.000000000 0.000000000 0.000000000 0.000000000 0.000000000 0.000000000 0.000000000 0.000000000 0.000000000 0.000000000 0.000000000 0.000000000 0.000000000 0.000000000 0.000000000 0.000000000 0.000000000 0.000000000 0.000000000 0.000000000 0.000000000 0.000000000 0.000000000 0.000000000 0.000000000 0.000000000 0.000000000 0.000000000 0.000000000 0.000000000 0.000000000 0.000000000 0.000000000 0.000000000 0.000000000 0.000000000 0.000000000 0.000000000 0.000000000 0.000000000 0.000000000 0.000000000 0.000000000 0.000000000 0.000000000 0.000000000 0.000000000 0.000000000 0.000000000 0.000000000 0.000000000 0.000000000 0.000000000 0.000000000 0.000000000 0.000000000 0.000000000 0.000000000 0.000000000 0.000000000 0.000000000 0.000000000 0.000000000 0.000000000 0.000000000 0.000000000 0.000000000 0.000000000 0.000000000 0.000000000 0.000000000 0.000000000 0.000000000 0.000000000 0.000000000 0.000000000 0.000000000 0.000000000 0.000000000 0.000000000 0.000000000 0.000000000 0.000000000 0.000000000 0.000000000 0.000000000 0.000000000 0.000000000 0.000000000 0.000000000 0.000000000 0.000000000 0.000000000 0.000000000 0.000000000 0.000000000 0.000000000 0.000000000 0.000000000 0.000000000 
0.000000000 0.000000000 0.000000000 0.000000000 0.000000000 0.000000000 0.000000000 0.000000000 0.000000000 0.000000000 0.000000000 0.000000000 0.000000000 0.000000000 0.000000000 0.000000000 0.000000000 0.000000000 0.000000000 0.000000000 0.000000000 0.000000000 0.000000000 0.000000000 0.000000000 0.000000000 0.000000000 0.000000000 0.000000000 0.000000000 0.000000000 0.000000000 0.000000000 0.000000000 0.000000000 0.000000000 0.000000000 0.000000000 0.000000000 0.000000000 0.000000000 0.000000000 0.000000000 0.000000000 0.000000000 0.000000000 0.000000000 0.000000000 0.000000000 0.000000000 0.000000000 0.000000000 0.000000000 0.000000000 0.000000000 0.000000000 0.000000000 0.000000000 0.000000000 0.000000000 0.000000000 0.000000000 0.000000000 0.000000000 0.000000000 0.000000000 0.000000000 0.000000000 0.000000000 0.000000000 0.000000000 0.000000000 0.000000000 0.000000000 0.000000000 0.000000000 0.000000000 0.000000000 0.000000000 0.000000000 0.000000000 0.000000000 0.000000000 0.000000000 0.000000000 0.000000000 0.000000000 0.000000000 0.000000000 0.000000000 0.000000000 0.000000000 0.000000000 0.000000000 0.000000000 0.000000000 0.000000000 0.000000000 0.000000000 0.000000000 0.000000000 0.000000000 0.000000000 0.000000000 0.000000000 0.000000000 0.000000000 0.000000000 0.000000000 0.000000000 0.000000000 0.000000000 0.000000000 0.000000000 0.000000000 0.000000000 0.000000000 0.000000000 0.000000000 0.000000000 0.000000000 0.000000000 0.000000000 0.000000000 0.000000000 0.000000000 0.000000000 0.000000000 0.000000000 0.000000000 0.000000000 0.000000000 0.000000000 0.000000000 0.000000000 0.000000000 0.000000000 0.000000000 0.000000000 0.000000000 0.000000000 0.000000000 0.000000000 0.000000000 0.000000000 0.000000000 0.000000000 0.000000000 0.000000000 0.000000000 0.000000000 0.000000000 0.000000000 0.000000000 0.000000000 0.000000000 0.000000000 0.000000000 0.000000000 0.000000000 0.000000000 0.000000000 0.000000000 0.000000000 0.000000000 0.000000000 0.000000000 0.000000000 0.000000000 0.000000000 0.000000000 0.000000000 0.000000000 0.000000000 0.000000000 0.000000000 0.000000000 0.000000000 0.000000000 0.000000000 0.000000000 0.000000000 0.000000000 0.000000000 0.000000000 0.000000000 0.000000000 0.000000000 0.000000000 0.000000000 0.000000000 0.000000000 0.000000000 0.000000000 0.000000000 0.000000000 0.000000000 0.000000000 0.000000000 0.000000000 0.000000000 0.000000000 0.000000000 0.000000000 0.000000000 0.000000000 0.000000000 0.000000000 0.000000000 0.000000000 0.000000000 0.000000000 0.000000000 0.000000000 0.000000000 0.000000000 0.000000000 0.000000000 0.000000000 0.000000000 0.000000000 0.000000000 0.000000000 0.000000000 0.000000000 0.000000000 0.000000000 0.000000000 0.000000000 0.000000000 0.000000000 0.000000000 0.000000000 0.000000000 0.000000000 0.000000000 0.000000000 0.000000000 0.000000000 0.000000000 0.000000000 0.000000000 0.000000000 0.000000000 0.000000000 0.000000000 0.000000000 0.000000000 0.000000000 0.000000000 0.000000000 0.000000000 0.000000000 0.000000000 0.000000000 0.000000000 0.000000000 
0.000000000 0.000000000 0.000000000 0.000000000 0.000000000 0.000000000 0.000000000 0.000000000 0.000000000 0.000000000 0.000000000 0.000000000 0.000000000 0.000000000 0.000000000 0.000000000 0.000000000 0.000000000 0.000000000 0.000000000 0.000000000 0.000000000 0.000000000 0.000000000 0.000000000 0.000000000 0.000000000 0.000000000 0.000000000 0.000000000 0.000000000 0.000000000 0.000000000 0.000000000 0.000000000 0.000000000 0.000000000 0.000000000 0.000000000 0.000000000 0.000000000 0.000000000 0.000000000 0.000000000 0.000000000 0.000000000 0.000000000 0.000000000 0.000000000 0.000000000 0.000000000 0.000000000 0.000000000 0.000000000 0.000000000 0.000000000 0.000000000 0.000000000 0.000000000 0.000000000 0.000000000 0.000000000 0.000000000 0.000000000 0.000000000 0.000000000 0.000000000 0.000000000 0.000000000 0.000000000 0.000000000 0.000000000 0.000000000 0.000000000 0.000000000 0.000000000 0.000000000 0.000000000 0.000000000 0.000000000 0.000000000 0.000000000 0.000000000 0.000000000 0.000000000 0.000000000 0.000000000 0.000000000 0.000000000 0.000000000 0.000000000 0.000000000 0.000000000 0.000000000 0.000000000 0.000000000 0.000000000 0.000000000 0.000000000 0.000000000 0.000000000 0.000000000 0.000000000 0.000000000 0.000000000 0.000000000 0.000000000 0.000000000 0.000000000 0.000000000 0.000000000 0.000000000 0.000000000 0.000000000 0.000000000 0.000000000 0.000000000 0.000000000 0.000000000 0.000000000 0.000000000 0.000000000 0.000000000 0.000000000 0.000000000 0.000000000 0.000000000 0.000000000 0.000000000 0.000000000 0.000000000 0.000000000 0.000000000 0.000000000 0.000000000 0.000000000 0.000000000 0.000000000 0.000000000 0.000000000 0.000000000 0.000000000 0.000000000 0.000000000 0.000000000 0.000000000 0.000000000 0.000000000 0.000000000 0.000000000 0.000000000 0.000000000 0.000000000 0.000000000 0.000000000 0.000000000 0.000000000 0.000000000 0.000000000 0.000000000 0.000000000 0.000000000 0.000000000 0.000000000 0.000000000 0.000000000 0.000000000 0.000000000 0.000000000 0.000000000 0.000000000 0.000000000 0.000000000 0.000000000 0.000000000 0.000000000 0.000000000 0.000000000 0.000000000 0.000000000 0.000000000 0.000000000 0.000000000 0.000000000 0.000000000 0.000000000 0.000000000 0.000000000 0.000000000 0.000000000 0.000000000 0.000000000 0.000000000 0.000000000 0.000000000 0.000000000 0.000000000 0.000000000 0.000000000 0.000000000 0.000000000 0.000000000 0.000000000 0.000000000 0.000000000 0.000000000 0.000000000 0.000000000 0.000000000 0.000000000 0.000000000 0.000000000 0.000000000 0.000000000 0.000000000 0.000000000 0.000000000 0.000000000 0.000000000 0.000000000 0.000000000 0.000000000 0.000000000 0.000000000 0.000000000 0.000000000 0.000000000 0.000000000 0.000000000 0.000000000 0.000000000 0.000000000 0.000000000 0.000000000 0.000000000 0.000000000 0.000000000 0.000000000 0.000000000 0.000000000 0.000000000 0.000000000 0.000000000 0.000000000 0.000000000 0.000000000 0.000000000 0.000000000 0.000000000 0.000000000 0.000000000 0.000000000 0.000000000 0.000000000 0.000000000 0.000000000 0.000000000 
0.000000000 0.000000000 0.000000000 0.000000000 0.000000000 0.000000000 0.000000000 0.000000000 0.000000000 0.000000000 0.000000000 0.000000000 0.000000000 0.000000000 0.000000000 0.000000000 0.000000000 0.000000000 0.000000000 0.000000000 0.000000000 0.000000000 0.000000000 0.000000000 0.000000000 0.000000000 0.000000000 0.000000000 0.000000000 0.000000000 0.000000000 0.000000000 0.000000000 0.000000000 0.000000000 0.000000000 0.000000000 0.000000000 0.000000000 0.000000000 0.000000000 0.000000000 0.000000000 0.000000000 0.000000000 0.000000000 0.000000000 0.000000000 0.000000000 0.000000000 0.000000000 0.000000000 0.000000000 0.000000000 0.000000000 0.000000000 0.000000000 0.000000000 0.000000000 0.000000000 0.000000000 0.000000000 0.000000000 0.000000000 0.000000000 0.000000000 0.000000000 0.000000000 0.000000000 0.000000000 0.000000000 0.000000000 0.000000000 0.000000000 0.000000000 0.000000000 0.000000000 0.000000000 0.000000000 0.000000000 0.000000000 0.000000000 0.000000000 0.000000000 0.000000000 0.000000000 0.000000000 0.000000000 0.000000000 0.000000000 0.000000000 0.000000000 0.000000000 0.000000000 0.000000000 0.000000000 0.000000000 0.000000000 0.000000000 0.000000000 0.000000000 0.000000000 0.000000000 0.000000000 0.000000000 0.000000000 0.000000000 0.000000000 0.000000000 0.000000000 0.000000000 0.000000000 0.000000000 0.000000000 0.000000000 0.000000000 0.000000000 0.000000000 0.000000000 0.000000000 0.000000000 0.000000000 0.000000000 0.000000000 0.000000000 0.000000000 0.000000000 0.000000000 0.000000000 0.000000000 0.000000000 0.000000000 0.000000000 0.000000000 0.000000000 0.000000000 0.000000000 0.000000000 0.000000000 0.000000000 0.000000000 0.000000000 0.000000000 0.000000000 0.000000000 0.000000000 0.000000000 0.000000000 0.000000000 0.000000000 0.000000000 0.000000000 0.000000000 0.000000000 0.000000000 0.000000000 0.000000000 0.000000000 0.000000000 0.000000000 0.000000000 0.000000000 0.000000000 0.000000000 0.000000000 0.000000000 0.000000000 0.000000000 0.000000000 0.000000000 0.000000000 0.000000000 0.000000000 0.000000000 0.000000000 0.000000000 0.000000000 0.000000000 0.000000000 0.000000000 0.000000000 0.000000000 0.000000000 0.000000000 0.000000000 0.000000000 0.000000000 0.000000000 0.000000000 0.000000000 0.000000000 0.000000000 0.000000000 0.000000000 0.000000000 0.000000000 0.000000000 0.000000000 0.000000000 0.000000000 0.000000000 0.000000000 0.000000000 0.000000000 0.000000000 0.000000000 0.000000000 0.000000000 0.000000000 0.000000000 0.000000000 0.000000000 0.000000000 0.000000000 0.000000000 0.000000000 0.000000000 0.000000000 0.000000000 0.000000000 0.000000000 0.000000000 0.000000000 0.000000000 0.000000000 0.000000000 0.000000000 0.000000000 0.000000000 0.000000000 0.000000000 0.000000000 0.000000000 0.000000000 0.000000000 0.000000000 0.000000000 0.000000000 0.000000000 0.000000000 0.000000000 0.000000000 0.000000000 0.000000000 0.000000000 0.000000000 0.000000000 0.000000000 0.000000000 0.000000000 0.000000000 0.000000000 0.000000000 0.000000000 0.000000000 0.000000000 0.000000000 
0.000000000 0.000000000 0.000000000 0.000000000 0.000000000 0.000000000 0.000000000 0.000000000 0.000000000 0.000000000 0.000000000 0.000000000 0.000000000 0.000000000 0.000000000 0.000000000 0.000000000 0.000000000 0.000000000 0.000000000 0.000000000 0.000000000 0.000000000 0.000000000 0.000000000 0.000000000 0.000000000 0.000000000 0.000000000 0.000000000 0.000000000 0.000000000 0.000000000 0.000000000 0.000000000 0.000000000 0.000000000 0.000000000 0.000000000 0.000000000 0.000000000 0.000000000 0.000000000 0.000000000 0.000000000 0.000000000 0.000000000 0.000000000 0.000000000 0.000000000 0.000000000 0.000000000 0.000000000 0.000000000 0.000000000 0.000000000 0.000000000 0.000000000 0.000000000 0.000000000 0.000000000 0.000000000 0.000000000 0.000000000 0.000000000 0.000000000 0.000000000 0.000000000 0.000000000 0.000000000 0.000000000 0.000000000 0.000000000 0.000000000 0.000000000 0.000000000 0.000000000 0.000000000 0.000000000 0.000000000 0.000000000 0.000000000 0.000000000 0.000000000 0.000000000 0.000000000 0.000000000 0.000000000 0.000000000 0.000000000 0.000000000 0.000000000 0.000000000 0.000000000 0.000000000 0.000000000 0.000000000 0.000000000 0.000000000 0.000000000 0.000000000 0.000000000 0.000000000 0.000000000 0.000000000 0.000000000 0.000000000 0.000000000 0.000000000 0.000000000 0.000000000 0.000000000 0.000000000 0.000000000 0.000000000 0.000000000 0.000000000 0.000000000 0.000000000 0.000000000 0.000000000 0.000000000 0.000000000 0.000000000 0.000000000 0.000000000 0.000000000 0.000000000 0.000000000 0.000000000 0.000000000 0.000000000 0.000000000 0.000000000 0.000000000 0.000000000 0.000000000 0.000000000 0.000000000 0.000000000 0.000000000 0.000000000 0.000000000 0.000000000 0.000000000 0.000000000 0.000000000 0.000000000 0.000000000 0.000000000 0.000000000 0.000000000 0.000000000 0.000000000 0.000000000 0.000000000 0.000000000 0.000000000 0.000000000 0.000000000 0.000000000 0.000000000 0.000000000 0.000000000 0.000000000 0.000000000 0.000000000 0.000000000 0.000000000 0.000000000 0.000000000 0.000000000 0.000000000 0.000000000 0.000000000 0.000000000 0.000000000 0.000000000 0.000000000 0.000000000 0.000000000 0.000000000 0.000000000 0.000000000 0.000000000 0.000000000 0.000000000 0.000000000 0.000000000 0.000000000 0.000000000 0.000000000 0.000000000 0.000000000 0.000000000 0.000000000 0.000000000 0.000000000 0.000000000 0.000000000 0.000000000 0.000000000 0.000000000 0.000000000 0.000000000 0.000000000 0.000000000 0.000000000 0.000000000 0.000000000 0.000000000 0.000000000 0.000000000 0.000000000 0.000000000 0.000000000 0.000000000 0.000000000 0.000000000 0.000000000 0.000000000 0.000000000 0.000000000 0.000000000 0.000000000 0.000000000 0.000000000 0.000000000 0.000000000 0.000000000 0.000000000 0.000000000 0.000000000 0.000000000 0.000000000 0.000000000 0.000000000 0.000000000 0.000000000 0.000000000 0.000000000 0.000000000 0.000000000 0.000000000 0.000000000 0.000000000 0.000000000 0.000000000 0.000000000 0.000000000 0.000000000 0.000000000 0.000000000 0.000000000 0.000000000 0.000000000 0.000000000 
0.000000000 0.000000000 0.000000000 0.000000000 0.000000000 0.000000000 0.000000000 0.000000000 0.000000000 0.000000000 0.000000000 0.000000000 0.000000000 0.000000000 0.000000000 0.000000000 0.000000000 0.000000000 0.000000000 0.000000000 0.000000000 0.000000000 0.000000000 0.000000000 0.000000000 0.000000000 0.000000000 0.000000000 0.000000000 0.000000000 0.000000000 0.000000000 0.000000000 0.000000000 0.000000000 0.000000000 0.000000000 0.000000000 0.000000000 0.000000000 0.000000000 0.000000000 0.000000000 0.000000000 0.000000000 0.000000000 0.000000000 0.000000000 0.000000000 0.000000000 0.000000000 0.000000000 0.000000000 0.000000000 0.000000000 0.000000000 0.000000000 0.000000000 0.000000000 0.000000000 0.000000000 0.000000000 0.000000000 0.000000000 0.000000000 0.000000000 0.000000000 0.000000000 0.000000000 0.000000000 0.000000000 0.000000000 0.000000000 0.000000000 0.000000000 0.000000000 0.000000000 0.000000000 0.000000000 0.000000000 0.000000000 0.000000000 0.000000000 0.000000000 0.000000000 0.000000000 0.000000000 0.000000000 0.000000000 0.000000000 0.000000000 0.000000000 0.000000000 0.000000000 0.000000000 0.000000000 0.000000000 0.000000000 0.000000000 0.000000000 0.000000000 0.000000000 0.000000000 0.000000000 0.000000000 0.000000000 0.000000000 0.000000000 0.000000000 0.000000000 0.000000000 0.000000000 0.000000000 0.000000000 0.000000000 0.000000000 0.000000000 0.000000000 0.000000000 0.000000000 0.000000000 0.000000000 0.000000000 0.000000000 0.000000000 0.000000000 0.000000000 0.000000000 0.000000000 0.000000000 0.000000000 0.000000000 0.000000000 0.000000000 0.000000000 0.000000000 0.000000000 0.000000000 0.000000000 0.000000000 0.000000000 0.000000000 0.000000000 0.000000000 0.000000000 0.000000000 0.000000000 0.000000000 0.000000000 0.000000000 0.000000000 0.000000000 0.000000000 0.000000000 0.000000000 0.000000000 0.000000000 0.000000000 0.000000000 0.000000000 0.000000000 0.000000000 0.000000000 0.000000000 0.000000000 0.000000000 0.000000000 0.000000000 0.000000000 0.000000000 0.000000000 0.000000000 0.000000000 0.000000000 0.000000000 0.000000000 0.000000000 0.000000000 0.000000000 0.000000000 0.000000000 0.000000000 0.000000000 0.000000000 0.000000000 0.000000000 0.000000000 0.000000000 0.000000000 0.000000000 0.000000000 0.000000000 0.000000000 0.000000000 0.000000000 0.000000000 0.000000000 0.000000000 0.000000000 0.000000000 0.000000000 0.000000000 0.000000000 0.000000000 0.000000000 0.000000000 0.000000000 0.000000000 0.000000000 0.000000000 0.000000000 0.000000000 0.000000000 0.000000000 0.000000000 0.000000000 0.000000000 0.000000000 0.000000000 0.000000000 0.000000000 0.000000000 0.000000000 0.000000000 0.000000000 0.000000000 0.000000000 0.000000000 0.000000000 0.000000000 0.000000000 0.000000000 0.000000000 0.000000000 0.000000000 0.000000000 0.000000000 0.000000000 0.000000000 0.000000000 0.000000000 0.000000000 0.000000000 0.000000000 0.000000000 0.000000000 0.000000000 0.000000000 0.000000000 0.000000000 0.000000000 0.000000000 0.000000000 0.000000000 0.000000000 0.000000000 0.000000000 
0.000000000 0.000000000 0.000000000 0.000000000 0.000000000 0.000000000 0.000000000 0.000000000 0.000000000 0.000000000 0.000000000 0.000000000 0.000000000 0.000000000 0.000000000 0.000000000 0.000000000 0.000000000 0.000000000 0.000000000 0.000000000 0.000000000 0.000000000 0.000000000 0.000000000 0.000000000 0.000000000 0.000000000 0.000000000 0.000000000 0.000000000 0.000000000 0.000000000 0.000000000 0.000000000 0.000000000 0.000000000 0.000000000 0.000000000 0.000000000 0.000000000 0.000000000 0.000000000 0.000000000 0.000000000 0.000000000 0.000000000 0.000000000 0.000000000 0.000000000 0.000000000 0.000000000 0.000000000 0.000000000 0.000000000 0.000000000 0.000000000 0.000000000 0.000000000 0.000000000 0.000000000 0.000000000 0.000000000 0.000000000 0.000000000 0.000000000 0.000000000 0.000000000 0.000000000 0.000000000 0.000000000 0.000000000 0.000000000 0.000000000 0.000000000 0.000000000 0.000000000 0.000000000 0.000000000 0.000000000 0.000000000 0.000000000 0.000000000 0.000000000 0.000000000 0.000000000 0.000000000 0.000000000 0.000000000 0.000000000 0.000000000 0.000000000 0.000000000 0.000000000 0.000000000 0.000000000 0.000000000 0.000000000 0.000000000 0.000000000 0.000000000 0.000000000 0.000000000 0.000000000 0.000000000 0.000000000 0.000000000 0.000000000 0.000000000 0.000000000 0.000000000 0.000000000 0.000000000 0.000000000 0.000000000 0.000000000 0.000000000 0.000000000 0.000000000 0.000000000 0.000000000 0.000000000 0.000000000 0.000000000 0.000000000 0.000000000 0.000000000 0.000000000 0.000000000 0.000000000 0.000000000 0.000000000 0.000000000 0.000000000 0.000000000 0.000000000 0.000000000 0.000000000 0.000000000 0.000000000 0.000000000 0.000000000 0.000000000 0.000000000 0.000000000 0.000000000 0.000000000 0.000000000 0.000000000 0.000000000 0.000000000 0.000000000 0.000000000 0.000000000 0.000000000 0.000000000 0.000000000 0.000000000 0.000000000 0.000000000 0.000000000 0.000000000 0.000000000 0.000000000 0.000000000 0.000000000 0.000000000 0.000000000 0.000000000 0.000000000 0.000000000 0.000000000 0.000000000 0.000000000 0.000000000 0.000000000 0.000000000 0.000000000 0.000000000 0.000000000 0.000000000 0.000000000 0.000000000 0.000000000 0.000000000 0.000000000 0.000000000 0.000000000 0.000000000 0.000000000 0.000000000 0.000000000 0.000000000 0.000000000 0.000000000 0.000000000 0.000000000 0.000000000 0.000000000 0.000000000 0.000000000 0.000000000 0.000000000 0.000000000 0.000000000 0.000000000 0.000000000 0.000000000 0.000000000 0.000000000 0.000000000 0.000000000 0.000000000 0.000000000 0.000000000 0.000000000 0.000000000 0.000000000 0.000000000 0.000000000 0.000000000 0.000000000 0.000000000 0.000000000 0.000000000 0.000000000 0.000000000 0.000000000 0.000000000 0.000000000 0.000000000 0.000000000 0.000000000 0.000000000 0.000000000 0.000000000 0.000000000 0.000000000 0.000000000 0.000000000 0.000000000 0.000000000 0.000000000 0.000000000 0.000000000 0.000000000 0.000000000 0.000000000 0.000000000 0.000000000 0.000000000 0.000000000 0.000000000 0.000000000 0.000000000 0.000000000 0.000000000 
0.000000000 0.000000000 0.000000000 0.000000000 0.000000000 0.000000000 0.000000000 0.000000000 0.000000000 0.000000000 0.000000000 0.000000000 0.000000000 0.000000000 0.000000000 0.000000000 0.000000000 0.000000000 0.000000000 0.000000000 0.000000000 0.000000000 0.000000000 0.000000000 0.000000000 0.000000000 0.000000000 0.000000000 0.000000000 0.000000000 0.000000000 0.000000000 0.000000000 0.000000000 0.000000000 0.000000000 0.000000000 0.000000000 0.000000000 0.000000000 0.000000000 0.000000000 0.000000000 0.000000000 0.000000000 0.000000000 0.000000000 0.000000000 0.000000000 0.000000000 0.000000000 0.000000000 0.000000000 0.000000000 0.000000000 0.000000000 0.000000000 0.000000000 0.000000000 0.000000000 0.000000000 0.000000000 0.000000000 0.000000000 0.000000000 0.000000000 0.000000000 0.000000000 0.000000000 0.000000000 0.000000000 0.000000000 0.000000000 0.000000000 0.000000000 0.000000000 0.000000000 0.000000000 0.000000000 0.000000000 0.000000000 0.000000000 0.000000000 0.000000000 0.000000000 0.000000000 0.000000000 0.000000000 0.000000000 0.000000000 0.000000000 0.000000000 0.000000000 0.000000000 0.000000000 0.000000000 0.000000000 0.000000000 0.000000000 0.000000000 0.000000000 0.000000000 0.000000000 0.000000000 0.000000000 0.000000000 0.000000000 0.000000000 0.000000000 0.000000000 0.000000000 0.000000000 0.000000000 0.000000000 0.000000000 0.000000000 0.000000000 0.000000000 0.000000000 0.000000000 0.000000000 0.000000000 0.000000000 0.000000000 0.000000000 0.000000000 0.000000000 0.000000000 0.000000000 0.000000000 0.000000000 0.000000000 0.000000000 0.000000000 0.000000000 0.000000000 0.000000000 0.000000000 0.000000000 0.000000000 0.000000000 0.000000000 0.000000000 0.000000000 0.000000000 0.000000000 0.000000000 0.000000000 0.000000000 0.000000000 0.000000000 0.000000000 0.000000000 0.000000000 0.000000000 0.000000000 0.000000000 0.000000000 0.000000000 0.000000000 0.000000000 0.000000000 0.000000000 0.000000000 0.000000000 0.000000000 0.000000000 0.000000000 0.000000000 0.000000000 0.000000000 0.000000000 0.000000000 0.000000000 0.000000000 0.000000000 0.000000000 0.000000000 0.000000000 0.000000000 0.000000000 0.000000000 0.000000000 0.000000000 0.000000000 0.000000000 0.000000000 0.000000000 0.000000000 0.000000000 0.000000000 0.000000000 0.000000000 0.000000000 0.000000000 0.000000000 0.000000000 0.000000000 0.000000000 0.000000000 0.000000000 0.000000000 0.000000000 0.000000000 0.000000000 0.000000000 0.000000000 0.000000000 0.000000000 0.000000000 0.000000000 0.000000000 0.000000000 0.000000000 0.000000000 0.000000000 0.000000000 0.000000000 0.000000000 0.000000000 0.000000000 0.000000000 0.000000000 0.000000000 0.000000000 0.000000000 0.000000000 0.000000000 0.000000000 0.000000000 0.000000000 0.000000000 0.000000000 0.000000000 0.000000000 0.000000000 0.000000000 0.000000000 0.000000000 0.000000000 0.000000000 0.000000000 0.000000000 0.000000000 0.000000000 0.000000000 0.000000000 0.000000000 0.000000000 0.000000000 0.000000000 0.000000000 0.000000000 0.000000000 0.000000000 0.000000000 0.000000000 
0.000000000 0.000000000 0.000000000 0.000000000 0.000000000 0.000000000 0.000000000 0.000000000 0.000000000 0.000000000 0.000000000 0.000000000 0.000000000 0.000000000 0.000000000 0.000000000 0.000000000 0.000000000 0.000000000 0.000000000 0.000000000 0.000000000 0.000000000 0.000000000 0.000000000 0.000000000 0.000000000 0.000000000 0.000000000 0.000000000 0.000000000 0.000000000 0.000000000 0.000000000 0.000000000 0.000000000 0.000000000 0.000000000 0.000000000 0.000000000 0.000000000 0.000000000 0.000000000 0.000000000 0.000000000 0.000000000 0.000000000 0.000000000 0.000000000 0.000000000 0.000000000 0.000000000 0.000000000 0.000000000 0.000000000 0.000000000 0.000000000 0.000000000 0.000000000 0.000000000 0.000000000 0.000000000 0.000000000 0.000000000 0.000000000 0.000000000 0.000000000 0.000000000 0.000000000 0.000000000 0.000000000 0.000000000 0.000000000 0.000000000 0.000000000 0.000000000 0.000000000 0.000000000 0.000000000 0.000000000 0.000000000 0.000000000 0.000000000 0.000000000 0.000000000 0.000000000 0.000000000 0.000000000 0.000000000 0.000000000 0.000000000 0.000000000 0.000000000 0.000000000 0.000000000 0.000000000 0.000000000 0.000000000 0.000000000 0.000000000 0.000000000 0.000000000 0.000000000 0.000000000 0.000000000 0.000000000 0.000000000 0.000000000 0.000000000 0.000000000 0.000000000 0.000000000 0.000000000 0.000000000 0.000000000 0.000000000 0.000000000 0.000000000 0.000000000 0.000000000 0.000000000 0.000000000 0.000000000 0.000000000 0.000000000 0.000000000 0.000000000 0.000000000 0.000000000 0.000000000 0.000000000 0.000000000 0.000000000 0.000000000 0.000000000 0.000000000 0.000000000 0.000000000 0.000000000 0.000000000 0.000000000 0.000000000 0.000000000 0.000000000 0.000000000 0.000000000 0.000000000 0.000000000 0.000000000 0.000000000 0.000000000 0.000000000 0.000000000 0.000000000 0.000000000 0.000000000 0.000000000 0.000000000 0.000000000 0.000000000 0.000000000 0.000000000 0.000000000 0.000000000 0.000000000 0.000000000 0.000000000 0.000000000 0.000000000 0.000000000 0.000000000 0.000000000 0.000000000 0.000000000 0.000000000 0.000000000 0.000000000 0.000000000 0.000000000 0.000000000 0.000000000 0.000000000 0.000000000 0.000000000 0.000000000 0.000000000 0.000000000 0.000000000 0.000000000 0.000000000 0.000000000 0.000000000 0.000000000 0.000000000 0.000000000 0.000000000 0.000000000 0.000000000 0.000000000 0.000000000 0.000000000 0.000000000 0.000000000 0.000000000 0.000000000 0.000000000 0.000000000 0.000000000 0.000000000 0.000000000 0.000000000 0.000000000 0.000000000 0.000000000 0.000000000 0.000000000 0.000000000 0.000000000 0.000000000 0.000000000 0.000000000 0.000000000 0.000000000 0.000000000 0.000000000 0.000000000 0.000000000 0.000000000 0.000000000 0.000000000 0.000000000 0.000000000 0.000000000 0.000000000 0.000000000 0.000000000 0.000000000 0.000000000 0.000000000 0.000000000 0.000000000 0.000000000 0.000000000 0.000000000 0.000000000 0.000000000 0.000000000 0.000000000 0.000000000 0.000000000 0.000000000 0.000000000 0.000000000 0.000000000 0.000000000 0.000000000 0.000000000 
0.000000000 0.000000000 0.000000000 0.000000000 0.000000000 0.000000000 0.000000000 0.000000000 0.000000000 0.000000000 0.000000000 0.000000000 0.000000000 0.000000000 0.000000000 0.000000000 0.000000000 0.000000000 0.000000000 0.000000000 0.000000000 0.000000000 0.000000000 0.000000000 0.000000000 0.000000000 0.000000000 0.000000000 0.000000000 0.000000000 0.000000000 0.000000000 0.000000000 0.000000000 0.000000000 0.000000000 0.000000000 0.000000000 0.000000000 0.000000000 0.000000000 0.000000000 0.000000000 0.000000000 0.000000000 0.000000000 0.000000000 0.000000000 0.000000000 0.000000000 0.000000000 0.000000000 0.000000000 0.000000000 0.000000000 0.000000000 0.000000000 0.000000000 0.000000000 0.000000000 0.000000000 0.000000000 0.000000000 0.000000000 0.000000000 0.000000000 0.000000000 0.000000000 0.000000000 0.000000000 0.000000000 0.000000000 0.000000000 0.000000000 0.000000000 0.000000000 0.000000000 0.000000000 0.000000000 0.000000000 0.000000000 0.000000000 0.000000000 0.000000000 0.000000000 0.000000000 0.000000000 0.000000000 0.000000000 0.000000000 0.000000000 0.000000000 0.000000000 0.000000000 0.000000000 0.000000000 0.000000000 0.000000000 0.000000000 0.000000000 0.000000000 0.000000000 0.000000000 0.000000000 0.000000000 0.000000000 0.000000000 0.000000000 0.000000000 0.000000000 0.000000000 0.000000000 0.000000000 0.000000000 0.000000000 0.000000000 0.000000000 0.000000000 0.000000000 0.000000000 0.000000000 0.000000000 0.000000000 0.000000000 0.000000000 0.000000000 0.000000000 0.000000000 0.000000000 0.000000000 0.000000000 0.000000000 0.000000000 0.000000000 0.000000000 0.000000000 0.000000000 0.000000000 0.000000000 0.000000000 0.000000000 0.000000000 0.000000000 0.000000000 0.000000000 0.000000000 0.000000000 0.000000000 0.000000000 0.000000000 0.000000000 0.000000000 0.000000000 0.000000000 0.000000000 0.000000000 0.000000000 0.000000000 0.000000000 0.000000000 0.000000000 0.000000000 0.000000000 0.000000000 0.000000000 0.000000000 0.000000000 0.000000000 0.000000000 0.000000000 0.000000000 0.000000000 0.000000000 0.000000000 0.000000000 0.000000000 0.000000000 0.000000000 0.000000000 0.000000000 0.000000000 0.000000000 0.000000000 0.000000000 0.000000000 0.000000000 0.000000000 0.000000000 0.000000000 0.000000000 0.000000000 0.000000000 0.000000000 0.000000000 0.000000000 0.000000000 0.000000000 0.000000000 0.000000000 0.000000000 0.000000000 0.000000000 0.000000000 0.000000000 0.000000000 0.000000000 0.000000000 0.000000000 0.000000000 0.000000000 0.000000000 0.000000000 0.000000000 0.000000000 0.000000000 0.000000000 0.000000000 0.000000000 0.000000000 0.000000000 0.000000000 0.000000000 0.000000000 0.000000000 0.000000000 0.000000000 0.000000000 0.000000000 0.000000000 0.000000000 0.000000000 0.000000000 0.000000000 0.000000000 0.000000000 0.000000000 0.000000000 0.000000000 0.000000000 0.000000000 0.000000000 0.000000000 0.000000000 0.000000000 0.000000000 0.000000000 0.000000000 0.000000000 0.000000000 0.000000000 0.000000000 0.000000000 0.000000000 0.000000000 0.000000000 0.000000000 0.000000000 
0.000000000 0.000000000 0.000000000 0.000000000 0.000000000 0.000000000 0.000000000 0.000000000 0.000000000 0.000000000 0.000000000 0.000000000 0.000000000 0.000000000 0.000000000 0.000000000 0.000000000 0.000000000 0.000000000 0.000000000 0.000000000 0.000000000 0.000000000 0.000000000 0.000000000 0.000000000 0.000000000 0.000000000 0.000000000 0.000000000 0.000000000 0.000000000 0.000000000 0.000000000 0.000000000 0.000000000 0.000000000 0.000000000 0.000000000 0.000000000 0.000000000 0.000000000 0.000000000 0.000000000 0.000000000 0.000000000 0.000000000 0.000000000 0.000000000 0.000000000 0.000000000 0.000000000 0.000000000 0.000000000 0.000000000 0.000000000 0.000000000 0.000000000 0.000000000 0.000000000 0.000000000 0.000000000 0.000000000 0.000000000 0.000000000 0.000000000 0.000000000 0.000000000 0.000000000 0.000000000 0.000000000 0.000000000 0.000000000 0.000000000 0.000000000 0.000000000 0.000000000 0.000000000 0.000000000 0.000000000 0.000000000 0.000000000 0.000000000 0.000000000 0.000000000 0.000000000 0.000000000 0.000000000 0.000000000 0.000000000 0.000000000 0.000000000 0.000000000 0.000000000 0.000000000 0.000000000 0.000000000 0.000000000 0.000000000 0.000000000 0.000000000 0.000000000 0.000000000 0.000000000 0.000000000 0.000000000 0.000000000 0.000000000 0.000000000 0.000000000 0.000000000 0.000000000 0.000000000 0.000000000 0.000000000 0.000000000 0.000000000 0.000000000 0.000000000 0.000000000 0.000000000 0.000000000 0.000000000 0.000000000 0.000000000 0.000000000 0.000000000 0.000000000 0.000000000 0.000000000 0.000000000 0.000000000 0.000000000 0.000000000 0.000000000 0.000000000 0.000000000 0.000000000 0.000000000 0.000000000 0.000000000 0.000000000 0.000000000 0.000000000 0.000000000 0.000000000 0.000000000 0.000000000 0.000000000 0.000000000 0.000000000 0.000000000 0.000000000 0.000000000 0.000000000 0.000000000 0.000000000 0.000000000 0.000000000 0.000000000 0.000000000 0.000000000 0.000000000 0.000000000 0.000000000 0.000000000 0.000000000 0.000000000 0.000000000 0.000000000 0.000000000 0.000000000 0.000000000 0.000000000 0.000000000 0.000000000 0.000000000 0.000000000 0.000000000 0.000000000 0.000000000 0.000000000 0.000000000 0.000000000 0.000000000 0.000000000 0.000000000 0.000000000 0.000000000 0.000000000 0.000000000 0.000000000 0.000000000 0.000000000 0.000000000 0.000000000 0.000000000 0.000000000 0.000000000 0.000000000 0.000000000 0.000000000 0.000000000 0.000000000 0.000000000 0.000000000 0.000000000 0.000000000 0.000000000 0.000000000 0.000000000 0.000000000 0.000000000 0.000000000 0.000000000 0.000000000 0.000000000 0.000000000 0.000000000 0.000000000 0.000000000 0.000000000 0.000000000 0.000000000 0.000000000 0.000000000 0.000000000 0.000000000 0.000000000 0.000000000 0.000000000 0.000000000 0.000000000 0.000000000 0.000000000 0.000000000 0.000000000 0.000000000 0.000000000 0.000000000 0.000000000 0.000000000 0.000000000 0.000000000 0.000000000 0.000000000 0.000000000 0.000000000 0.000000000 0.000000000 0.000000000 0.000000000 0.000000000 0.000000000 0.000000000 0.000000000 0.000000000 
