1.726562500 0.039062500 0.144531250 0.070312500 0.148437500 0.097656250 0.015625000 0.160156250 0.039062500 0.101562500 0.015625000 0.062500000 0.109375000 0.015625000 0.062500000 0.031250000 0.058593750 0.027343750 0.046875000 0.085937500 0.058593750 0.066406250 0.070312500 0.050781250 0.019531250 0.054687500 0.019531250 0.042968750 0.019531250 0.066406250 0.011718750 0.031250000 0.031250000 0.062500000 0.039062500 0.011718750 0.003906250 0.031250000 0.007812500 0.046875000 0.046875000 0.023437500 0.015625000 0.050781250 0.031250000 0.011718750 0.011718750 0.050781250 0.015625000 0.031250000 0.027343750 0.054687500 0.011718750 0.027343750 0.050781250 0.023437500 0.023437500 0.027343750 0.050781250 0.003906250 0.023437500 0.019531250 0.011718750 0.011718750 0.027343750 0.011718750 0.023437500 0.019531250 0.023437500 0.011718750 0.027343750 0.027343750 0.011718750 0.015625000 0.003906250 0.023437500 0.019531250 0.027343750 0.011718750 0.031250000 0.007812500 0.003906250 0.003906250 0.023437500 0.015625000 0.019531250 0.027343750 0.015625000 0.003906250 0.011718750 0.015625000 0.011718750 0.019531250 0.011718750 0.007812500 0.015625000 0.015625000 0.007812500 0.023437500 0.027343750 0.003906250 0.011718750 0.023437500 0.019531250 0.011718750 0.023437500 0.007812500 0.007812500 0.007812500 0.027343750 0.003906250 0.015625000 0.011718750 0.019531250 0.011718750 0.015625000 0.011718750 0.007812500 0.023437500 0.015625000 0.003906250 0.015625000 0.019531250 0.023437500 0.007812500 0.019531250 0.003906250 0.011718750 0.011718750 0.007812500 0.015625000 0.007812500 0.023437500 0.015625000 0.011718750 0.007812500 0.015625000 0.019531250 0.015625000 0.027343750 0.011718750 0.011718750 0.023437500 0.027343750 0.019531250 0.007812500 0.031250000 0.011718750 0.015625000 0.003906250 0.015625000 0.007812500 0.027343750 0.015625000 0.019531250 0.023437500 0.035156250 0.011718750 0.015625000 0.003906250 0.015625000 0.007812500 0.007812500 0.007812500 0.007812500 0.011718750 0.011718750 0.015625000 0.007812500 0.015625000 0.023437500 0.023437500 0.015625000 0.019531250 0.027343750 0.023437500 0.019531250 0.019531250 0.023437500 0.007812500 0.007812500 0.007812500 0.015625000 0.019531250 0.019531250 0.007812500 0.015625000 0.015625000 0.015625000 0.011718750 0.007812500 0.011718750 0.015625000 0.023437500 0.015625000 0.015625000 0.011718750 0.019531250 0.015625000 0.011718750 0.003906250 0.003906250 0.003906250 0.007812500 0.003906250 0.003906250 0.007812500 0.011718750 0.019531250 0.007812500 0.011718750 0.007812500 0.015625000 0.003906250 0.015625000 0.003906250 0.019531250 0.011718750 0.007812500 0.011718750 0.019531250 0.015625000 0.011718750 0.015625000 0.015625000 0.015625000 0.015625000 0.011718750 0.003906250 0.003906250 0.007812500 0.015625000 0.007812500 0.003906250 0.011718750 0.011718750 0.007812500 0.007812500 0.003906250 0.019531250 0.007812500 0.015625000 0.003906250 0.015625000 0.007812500 0.015625000 0.007812500 0.011718750 0.003906250 0.007812500 0.007812500 0.011718750 0.011718750 0.007812500 0.003906250 0.003906250 0.007812500 
1.558593750 0.179687500 0.253906250 0.066406250 0.277343750 0.054687500 0.074218750 0.117187500 0.074218750 0.074218750 0.046875000 0.148437500 0.035156250 0.046875000 0.035156250 0.074218750 0.019531250 0.058593750 0.039062500 0.019531250 0.023437500 0.035156250 0.039062500 0.003906250 0.039062500 0.027343750 0.023437500 0.031250000 0.046875000 0.031250000 0.042968750 0.007812500 0.027343750 0.023437500 0.050781250 0.011718750 0.015625000 0.027343750 0.023437500 0.042968750 0.031250000 0.015625000 0.011718750 0.027343750 0.027343750 0.007812500 0.015625000 0.039062500 0.039062500 0.015625000 0.015625000 0.054687500 0.039062500 0.019531250 0.007812500 0.046875000 0.019531250 0.011718750 0.023437500 0.031250000 0.003906250 0.031250000 0.031250000 0.035156250 0.035156250 0.027343750 0.023437500 0.035156250 0.046875000 0.015625000 0.031250000 0.039062500 0.015625000 0.015625000 0.007812500 0.035156250 0.027343750 0.031250000 0.011718750 0.035156250 0.015625000 0.027343750 0.015625000 0.019531250 0.015625000 0.007812500 0.015625000 0.007812500 0.031250000 0.027343750 0.023437500 0.023437500 0.023437500 0.007812500 0.003906250 0.011718750 0.015625000 0.015625000 0.003906250 0.003906250 0.019531250 0.015625000 0.011718750 0.015625000 0.015625000 0.023437500 0.011718750 0.007812500 0.023437500 0.023437500 0.007812500 0.003906250 0.007812500 0.007812500 0.011718750 0.011718750 0.000000000 0.011718750 0.003906250 0.019531250 0.019531250 0.015625000 0.007812500 0.015625000 0.031250000 0.007812500 0.019531250 0.019531250 0.007812500 0.027343750 0.011718750 0.015625000 0.039062500 0.011718750 0.007812500 0.003906250 0.035156250 0.019531250 0.011718750 0.035156250 0.003906250 0.015625000 0.015625000 0.023437500 0.015625000 0.011718750 0.019531250 0.007812500 0.015625000 0.019531250 0.023437500 0.011718750 0.019531250 0.007812500 0.015625000 0.007812500 0.019531250 0.007812500 0.023437500 0.015625000 0.003906250 0.023437500 0.003906250 0.007812500 0.015625000 0.011718750 0.007812500 0.007812500 0.007812500 0.011718750 0.007812500 0.011718750 0.011718750 0.015625000 0.000000000 0.007812500 0.000000000 0.015625000 0.007812500 0.019531250 0.015625000 0.019531250 0.011718750 0.011718750 0.007812500 0.007812500 0.011718750 0.007812500 0.007812500 0.011718750 0.015625000 0.011718750 0.007812500 0.003906250 0.003906250 0.023437500 0.015625000 0.027343750 0.027343750 0.000000000 0.007812500 0.011718750 0.015625000 0.015625000 0.003906250 0.007812500 0.003906250 0.015625000 0.015625000 0.015625000 0.019531250 0.007812500 0.015625000 0.007812500 0.019531250 0.019531250 0.019531250 0.023437500 0.011718750 0.015625000 0.015625000 0.011718750 0.015625000 0.007812500 0.027343750 0.015625000 0.015625000 0.003906250 0.019531250 0.015625000 0.007812500 0.003906250 0.011718750 0.023437500 0.023437500 0.015625000 0.019531250 0.015625000 0.003906250 0.011718750 0.015625000 0.015625000 0.007812500 0.007812500 0.007812500 0.015625000 0.015625000 0.011718750 0.007812500 0.003906250 0.019531250 0.015625000 0.003906250 0.007812500 0.003906250 0.007812500 0.003906250 
1.433593750 0.257812500 0.246093750 0.074218750 0.242187500 0.054687500 0.054687500 0.148437500 0.054687500 0.105468750 0.125000000 0.109375000 0.031250000 0.015625000 0.058593750 0.125000000 0.050781250 0.019531250 0.031250000 0.019531250 0.015625000 0.042968750 0.023437500 0.070312500 0.039062500 0.042968750 0.058593750 0.050781250 0.031250000 0.039062500 0.035156250 0.023437500 0.054687500 0.019531250 0.031250000 0.023437500 0.007812500 0.011718750 0.042968750 0.039062500 0.019531250 0.035156250 0.023437500 0.031250000 0.019531250 0.015625000 0.011718750 0.023437500 0.027343750 0.031250000 0.007812500 0.031250000 0.015625000 0.011718750 0.011718750 0.039062500 0.007812500 0.007812500 0.007812500 0.019531250 0.011718750 0.031250000 0.054687500 0.031250000 0.019531250 0.015625000 0.031250000 0.054687500 0.027343750 0.035156250 0.031250000 0.042968750 0.031250000 0.023437500 0.031250000 0.011718750 0.046875000 0.042968750 0.011718750 0.031250000 0.019531250 0.023437500 0.019531250 0.023437500 0.011718750 0.027343750 0.007812500 0.019531250 0.031250000 0.027343750 0.035156250 0.007812500 0.011718750 0.039062500 0.035156250 0.011718750 0.031250000 0.023437500 0.011718750 0.003906250 0.015625000 0.011718750 0.011718750 0.011718750 0.011718750 0.011718750 0.015625000 0.035156250 0.015625000 0.000000000 0.027343750 0.007812500 0.007812500 0.011718750 0.011718750 0.003906250 0.007812500 0.015625000 0.011718750 0.003906250 0.011718750 0.011718750 0.007812500 0.015625000 0.046875000 0.019531250 0.007812500 0.019531250 0.011718750 0.019531250 0.015625000 0.035156250 0.011718750 0.019531250 0.031250000 0.019531250 0.027343750 0.019531250 0.015625000 0.031250000 0.015625000 0.015625000 0.031250000 0.007812500 0.019531250 0.007812500 0.007812500 0.003906250 0.027343750 0.007812500 0.015625000 0.042968750 0.011718750 0.019531250 0.015625000 0.015625000 0.011718750 0.015625000 0.015625000 0.023437500 0.015625000 0.023437500 0.007812500 0.007812500 0.023437500 0.003906250 0.011718750 0.011718750 0.011718750 0.015625000 0.011718750 0.000000000 0.007812500 0.015625000 0.007812500 0.015625000 0.003906250 0.015625000 0.011718750 0.015625000 0.019531250 0.011718750 0.007812500 0.007812500 0.019531250 0.011718750 0.011718750 0.011718750 0.023437500 0.007812500 0.011718750 0.019531250 0.007812500 0.003906250 0.003906250 0.031250000 0.015625000 0.019531250 0.039062500 0.015625000 0.003906250 0.011718750 0.023437500 0.011718750 0.007812500 0.011718750 0.007812500 0.011718750 0.019531250 0.011718750 0.023437500 0.003906250 0.007812500 0.003906250 0.019531250 0.027343750 0.031250000 0.007812500 0.019531250 0.019531250 0.007812500 0.011718750 0.007812500 0.003906250 0.023437500 0.003906250 0.000000000 0.011718750 0.011718750 0.023437500 0.007812500 0.007812500 0.003906250 0.039062500 0.007812500 0.023437500 0.023437500 0.015625000 0.007812500 0.011718750 0.015625000 0.023437500 0.007812500 0.015625000 0.007812500 0.011718750 0.011718750 0.019531250 0.003906250 0.007812500 0.011718750 0.011718750 0.011718750 0.015625000 0.003906250 0.011718750 0.011718750 
1.527343750 0.347656250 0.160156250 0.148437500 0.164062500 0.062500000 0.035156250 0.074218750 0.078125000 0.113281250 0.070312500 0.054687500 0.070312500 0.039062500 0.042968750 0.097656250 0.070312500 0.019531250 0.019531250 0.023437500 0.015625000 0.046875000 0.019531250 0.062500000 0.042968750 0.058593750 0.050781250 0.035156250 0.019531250 0.046875000 0.019531250 0.042968750 0.039062500 0.007812500 0.027343750 0.027343750 0.003906250 0.011718750 0.042968750 0.039062500 0.019531250 0.031250000 0.027343750 0.031250000 0.011718750 0.003906250 0.003906250 0.011718750 0.027343750 0.023437500 0.007812500 0.015625000 0.007812500 0.011718750 0.019531250 0.027343750 0.011718750 0.003906250 0.003906250 0.015625000 0.011718750 0.031250000 0.054687500 0.027343750 0.015625000 0.019531250 0.035156250 0.050781250 0.023437500 0.042968750 0.027343750 0.035156250 0.039062500 0.015625000 0.027343750 0.003906250 0.042968750 0.039062500 0.019531250 0.023437500 0.023437500 0.023437500 0.015625000 0.023437500 0.011718750 0.027343750 0.007812500 0.019531250 0.031250000 0.031250000 0.031250000 0.011718750 0.019531250 0.035156250 0.035156250 0.015625000 0.027343750 0.023437500 0.011718750 0.000000000 0.015625000 0.011718750 0.007812500 0.015625000 0.007812500 0.007812500 0.019531250 0.031250000 0.023437500 0.007812500 0.023437500 0.011718750 0.000000000 0.007812500 0.011718750 0.003906250 0.003906250 0.011718750 0.015625000 0.000000000 0.007812500 0.011718750 0.007812500 0.019531250 0.039062500 0.023437500 0.007812500 0.011718750 0.015625000 0.011718750 0.023437500 0.031250000 0.007812500 0.027343750 0.023437500 0.023437500 0.019531250 0.023437500 0.015625000 0.023437500 0.023437500 0.015625000 0.031250000 0.007812500 0.015625000 0.011718750 0.007812500 0.007812500 0.023437500 0.011718750 0.023437500 0.039062500 0.015625000 0.023437500 0.011718750 0.007812500 0.007812500 0.023437500 0.007812500 0.015625000 0.023437500 0.019531250 0.011718750 0.011718750 0.019531250 0.007812500 0.007812500 0.011718750 0.011718750 0.015625000 0.011718750 0.000000000 0.007812500 0.015625000 0.007812500 0.019531250 0.003906250 0.011718750 0.011718750 0.015625000 0.015625000 0.015625000 0.007812500 0.007812500 0.015625000 0.011718750 0.015625000 0.011718750 0.019531250 0.011718750 0.015625000 0.015625000 0.003906250 0.007812500 0.007812500 0.023437500 0.019531250 0.023437500 0.035156250 0.015625000 0.007812500 0.011718750 0.023437500 0.007812500 0.011718750 0.007812500 0.007812500 0.007812500 0.019531250 0.015625000 0.015625000 0.003906250 0.003906250 0.011718750 0.015625000 0.027343750 0.031250000 0.003906250 0.023437500 0.011718750 0.007812500 0.003906250 0.011718750 0.011718750 0.019531250 0.003906250 0.003906250 0.015625000 0.011718750 0.019531250 0.011718750 0.011718750 0.007812500 0.035156250 0.011718750 0.027343750 0.019531250 0.011718750 0.015625000 0.007812500 0.011718750 0.023437500 0.003906250 0.011718750 0.007812500 0.011718750 0.015625000 0.019531250 0.003906250 0.007812500 0.015625000 0.011718750 0.011718750 0.015625000 0.007812500 0.011718750 0.011718750 
1.707031250 0.253906250 0.148437500 0.109375000 0.148437500 0.136718750 0.101562500 0.097656250 0.078125000 0.050781250 0.054687500 0.078125000 0.042968750 0.031250000 0.074218750 0.082031250 0.050781250 0.011718750 0.023437500 0.007812500 0.015625000 0.039062500 0.031250000 0.039062500 0.054687500 0.066406250 0.046875000 0.015625000 0.019531250 0.015625000 0.007812500 0.027343750 0.027343750 0.023437500 0.011718750 0.023437500 0.011718750 0.015625000 0.031250000 0.031250000 0.031250000 0.027343750 0.031250000 0.023437500 0.015625000 0.003906250 0.000000000 0.007812500 0.019531250 0.011718750 0.011718750 0.007812500 0.011718750 0.007812500 0.003906250 0.015625000 0.007812500 0.015625000 0.007812500 0.007812500 0.011718750 0.027343750 0.027343750 0.023437500 0.015625000 0.011718750 0.015625000 0.019531250 0.023437500 0.015625000 0.015625000 0.023437500 0.027343750 0.027343750 0.027343750 0.015625000 0.023437500 0.019531250 0.027343750 0.015625000 0.007812500 0.011718750 0.015625000 0.023437500 0.015625000 0.011718750 0.011718750 0.007812500 0.011718750 0.003906250 0.007812500 0.027343750 0.027343750 0.031250000 0.023437500 0.023437500 0.019531250 0.015625000 0.019531250 0.007812500 0.007812500 0.011718750 0.011718750 0.015625000 0.007812500 0.003906250 0.011718750 0.011718750 0.023437500 0.019531250 0.015625000 0.007812500 0.000000000 0.007812500 0.003906250 0.003906250 0.003906250 0.003906250 0.015625000 0.007812500 0.007812500 0.011718750 0.015625000 0.019531250 0.015625000 0.011718750 0.007812500 0.007812500 0.007812500 0.003906250 0.003906250 0.015625000 0.019531250 0.019531250 0.019531250 0.011718750 0.007812500 0.003906250 0.003906250 0.015625000 0.015625000 0.023437500 0.015625000 0.019531250 0.003906250 0.007812500 0.003906250 0.007812500 0.011718750 0.019531250 0.019531250 0.031250000 0.019531250 0.019531250 0.003906250 0.007812500 0.007812500 0.007812500 0.019531250 0.015625000 0.011718750 0.015625000 0.007812500 0.015625000 0.003906250 0.007812500 0.003906250 0.007812500 0.019531250 0.011718750 0.011718750 0.003906250 0.007812500 0.015625000 0.011718750 0.015625000 0.007812500 0.007812500 0.003906250 0.003906250 0.007812500 0.003906250 0.007812500 0.011718750 0.007812500 0.015625000 0.011718750 0.019531250 0.007812500 0.015625000 0.007812500 0.015625000 0.003906250 0.007812500 0.003906250 0.011718750 0.007812500 0.015625000 0.007812500 0.019531250 0.011718750 0.019531250 0.007812500 0.007812500 0.007812500 0.011718750 0.007812500 0.003906250 0.007812500 0.003906250 0.000000000 0.007812500 0.003906250 0.003906250 0.007812500 0.011718750 0.015625000 0.011718750 0.015625000 0.011718750 0.011718750 0.003906250 0.007812500 0.011718750 0.007812500 0.011718750 0.003906250 0.007812500 0.007812500 0.007812500 0.011718750 0.003906250 0.011718750 0.011718750 0.015625000 0.015625000 0.015625000 0.011718750 0.007812500 0.003906250 0.011718750 0.007812500 0.015625000 0.003906250 0.007812500 0.003906250 0.007812500 0.011718750 0.007812500 0.003906250 0.003906250 0.007812500 0.007812500 0.011718750 0.011718750 0.011718750 0.003906250 
1.996093750 0.011718750 0.007812500 0.007812500 0.007812500 0.007812500 0.011718750 0.003906250 0.011718750 0.007812500 0.007812500 0.007812500 0.007812500 0.011718750 0.003906250 0.011718750 0.007812500 0.007812500 0.007812500 0.003906250 0.011718750 0.003906250 0.011718750 0.007812500 0.007812500 0.007812500 0.003906250 0.011718750 0.003906250 0.011718750 0.007812500 0.007812500 0.007812500 0.003906250 0.011718750 0.003906250 0.011718750 0.007812500 0.007812500 0.007812500 0.003906250 0.011718750 0.003906250 0.011718750 0.007812500 0.007812500 0.007812500 0.003906250 0.011718750 0.003906250 0.007812500 0.007812500 0.007812500 0.007812500 0.003906250 0.011718750 0.003906250 0.007812500 0.003906250 0.007812500 0.007812500 0.003906250 0.007812500 0.003906250 0.007812500 0.003906250 0.007812500 0.007812500 0.003906250 0.007812500 0.003906250 0.007812500 0.003906250 0.003906250 0.007812500 0.003906250 0.007812500 0.000000000 0.007812500 0.003906250 0.003906250 0.007812500 0.000000000 0.007812500 0.000000000 0.007812500 0.003906250 0.003906250 0.007812500 0.000000000 0.007812500 0.000000000 0.007812500 0.003906250 0.003906250 0.007812500 0.000000000 0.007812500 0.003906250 0.007812500 0.003906250 0.003906250 0.007812500 0.000000000 0.007812500 0.003906250 0.003906250 0.003906250 0.003906250 0.003906250 0.003906250 0.003906250 0.003906250 0.003906250 0.003906250 0.003906250 0.003906250 0.003906250 0.003906250 0.003906250 0.003906250 0.003906250 0.003906250 0.003906250 0.003906250 0.003906250 0.003906250 0.003906250 0.003906250 0.003906250 0.003906250 0.003906250 0.003906250 0.003906250 0.003906250 0.003906250 0.003906250 0.003906250 0.003906250 0.003906250 0.003906250 0.003906250 0.003906250 0.003906250 0.003906250 0.003906250 0.003906250 0.003906250 0.003906250 0.003906250 0.003906250 0.003906250 0.007812500 0.000000000 0.007812500 0.003906250 0.003906250 0.007812500 0.003906250 0.007812500 0.000000000 0.007812500 0.003906250 0.003906250 0.007812500 0.000000000 0.007812500 0.000000000 0.007812500 0.003906250 0.003906250 0.007812500 0.000000000 0.007812500 0.000000000 0.007812500 0.003906250 0.003906250 0.007812500 0.000000000 0.007812500 0.003906250 0.007812500 0.003906250 0.003906250 0.007812500 0.003906250 0.007812500 0.003906250 0.007812500 0.007812500 0.003906250 0.007812500 0.003906250 0.007812500 0.003906250 0.007812500 0.007812500 0.003906250 0.007812500 0.003906250 0.011718750 0.003906250 0.007812500 0.007812500 0.007812500 0.007812500 0.003906250 0.011718750 0.003906250 0.007812500 0.007812500 0.007812500 0.011718750 0.003906250 0.011718750 0.003906250 0.007812500 0.007812500 0.007812500 0.011718750 0.003906250 0.011718750 0.003906250 0.007812500 0.007812500 0.007812500 0.011718750 0.003906250 0.011718750 0.003906250 0.007812500 0.007812500 0.007812500 0.011718750 0.003906250 0.011718750 0.003906250 0.007812500 0.007812500 0.007812500 0.011718750 0.003906250 0.011718750 0.007812500 0.007812500 0.007812500 0.007812500 0.011718750 0.003906250 0.011718750 0.007812500 0.007812500 0.007812500 0.007812500 0.011718750 0.003906250 
1.730468750 0.242187500 0.187500000 0.128906250 0.070312500 0.011718750 0.035156250 0.046875000 0.070312500 0.089843750 0.070312500 0.035156250 0.011718750 0.027343750 0.046875000 0.054687500 0.023437500 0.031250000 0.054687500 0.050781250 0.039062500 0.027343750 0.007812500 0.015625000 0.023437500 0.007812500 0.031250000 0.054687500 0.046875000 0.035156250 0.027343750 0.019531250 0.007812500 0.027343750 0.050781250 0.054687500 0.050781250 0.054687500 0.054687500 0.039062500 0.035156250 0.042968750 0.031250000 0.019531250 0.015625000 0.011718750 0.007812500 0.007812500 0.027343750 0.039062500 0.042968750 0.031250000 0.027343750 0.027343750 0.019531250 0.019531250 0.019531250 0.019531250 0.019531250 0.011718750 0.011718750 0.019531250 0.023437500 0.015625000 0.011718750 0.019531250 0.031250000 0.031250000 0.019531250 0.015625000 0.003906250 0.015625000 0.027343750 0.023437500 0.015625000 0.015625000 0.015625000 0.003906250 0.011718750 0.011718750 0.011718750 0.019531250 0.019531250 0.019531250 0.019531250 0.023437500 0.019531250 0.015625000 0.007812500 0.003906250 0.007812500 0.007812500 0.015625000 0.015625000 0.011718750 0.011718750 0.015625000 0.023437500 0.019531250 0.011718750 0.015625000 0.019531250 0.019531250 0.007812500 0.003906250 0.007812500 0.015625000 0.011718750 0.007812500 0.003906250 0.007812500 0.015625000 0.023437500 0.027343750 0.023437500 0.019531250 0.019531250 0.019531250 0.023437500 0.023437500 0.019531250 0.019531250 0.019531250 0.023437500 0.019531250 0.015625000 0.007812500 0.000000000 0.003906250 0.011718750 0.019531250 0.019531250 0.015625000 0.011718750 0.011718750 0.007812500 0.003906250 0.003906250 0.011718750 0.019531250 0.027343750 0.023437500 0.015625000 0.007812500 0.011718750 0.011718750 0.011718750 0.007812500 0.007812500 0.019531250 0.019531250 0.011718750 0.003906250 0.003906250 0.007812500 0.007812500 0.007812500 0.007812500 0.003906250 0.007812500 0.007812500 0.007812500 0.011718750 0.011718750 0.011718750 0.015625000 0.015625000 0.003906250 0.019531250 0.023437500 0.019531250 0.019531250 0.023437500 0.023437500 0.019531250 0.019531250 0.015625000 0.023437500 0.027343750 0.015625000 0.007812500 0.011718750 0.015625000 0.007812500 0.011718750 0.019531250 0.011718750 0.003906250 0.007812500 0.007812500 0.007812500 0.019531250 0.019531250 0.007812500 0.027343750 0.027343750 0.019531250 0.015625000 0.019531250 0.015625000 0.011718750 0.023437500 0.015625000 0.003906250 0.007812500 0.011718750 0.011718750 0.011718750 0.019531250 0.015625000 0.015625000 0.015625000 0.007812500 0.003906250 0.007812500 0.007812500 0.007812500 0.023437500 0.023437500 0.011718750 0.007812500 0.003906250 0.011718750 0.007812500 0.003906250 0.007812500 0.015625000 0.019531250 0.007812500 0.007812500 0.003906250 0.007812500 0.007812500 0.011718750 0.019531250 0.011718750 0.015625000 0.011718750 0.003906250 0.007812500 0.015625000 0.015625000 0.003906250 0.011718750 0.003906250 0.019531250 0.023437500 0.015625000 0.011718750 0.019531250 0.031250000 0.027343750 0.015625000 0.007812500 0.011718750 0.015625000 0.003906250 
1.640625000 0.242187500 0.128906250 0.164062500 0.085937500 0.042968750 0.039062500 0.035156250 0.101562500 0.117187500 0.035156250 0.070312500 0.058593750 0.070312500 0.062500000 0.027343750 0.042968750 0.015625000 0.058593750 0.054687500 0.046875000 0.039062500 0.015625000 0.039062500 0.015625000 0.019531250 0.015625000 0.062500000 0.042968750 0.035156250 0.062500000 0.031250000 0.035156250 0.015625000 0.050781250 0.035156250 0.074218750 0.089843750 0.042968750 0.027343750 0.042968750 0.046875000 0.023437500 0.035156250 0.000000000 0.019531250 0.019531250 0.023437500 0.015625000 0.054687500 0.050781250 0.011718750 0.023437500 0.035156250 0.023437500 0.031250000 0.035156250 0.011718750 0.042968750 0.015625000 0.007812500 0.015625000 0.015625000 0.027343750 0.019531250 0.019531250 0.039062500 0.027343750 0.007812500 0.023437500 0.023437500 0.027343750 0.035156250 0.023437500 0.011718750 0.003906250 0.015625000 0.011718750 0.011718750 0.015625000 0.019531250 0.023437500 0.015625000 0.027343750 0.015625000 0.015625000 0.042968750 0.023437500 0.015625000 0.011718750 0.011718750 0.007812500 0.003906250 0.031250000 0.035156250 0.027343750 0.015625000 0.035156250 0.011718750 0.019531250 0.015625000 0.011718750 0.023437500 0.011718750 0.007812500 0.007812500 0.011718750 0.023437500 0.019531250 0.011718750 0.011718750 0.027343750 0.035156250 0.007812500 0.027343750 0.031250000 0.019531250 0.003906250 0.027343750 0.039062500 0.023437500 0.011718750 0.027343750 0.023437500 0.007812500 0.023437500 0.019531250 0.015625000 0.015625000 0.019531250 0.035156250 0.031250000 0.015625000 0.015625000 0.019531250 0.011718750 0.003906250 0.000000000 0.007812500 0.011718750 0.019531250 0.031250000 0.027343750 0.019531250 0.007812500 0.011718750 0.019531250 0.015625000 0.007812500 0.023437500 0.011718750 0.011718750 0.015625000 0.011718750 0.011718750 0.015625000 0.019531250 0.011718750 0.011718750 0.007812500 0.015625000 0.019531250 0.015625000 0.011718750 0.019531250 0.023437500 0.023437500 0.011718750 0.031250000 0.031250000 0.019531250 0.023437500 0.019531250 0.019531250 0.019531250 0.019531250 0.027343750 0.019531250 0.019531250 0.031250000 0.011718750 0.015625000 0.019531250 0.007812500 0.011718750 0.015625000 0.003906250 0.007812500 0.015625000 0.023437500 0.019531250 0.023437500 0.023437500 0.015625000 0.023437500 0.023437500 0.019531250 0.011718750 0.031250000 0.023437500 0.015625000 0.027343750 0.011718750 0.011718750 0.015625000 0.003906250 0.015625000 0.015625000 0.011718750 0.027343750 0.007812500 0.023437500 0.015625000 0.003906250 0.007812500 0.003906250 0.015625000 0.023437500 0.015625000 0.015625000 0.011718750 0.007812500 0.007812500 0.003906250 0.011718750 0.003906250 0.027343750 0.011718750 0.011718750 0.003906250 0.007812500 0.015625000 0.007812500 0.019531250 0.015625000 0.019531250 0.007812500 0.015625000 0.011718750 0.007812500 0.019531250 0.015625000 0.015625000 0.007812500 0.019531250 0.007812500 0.031250000 0.011718750 0.015625000 0.027343750 0.019531250 0.031250000 0.019531250 0.003906250 0.011718750 0.011718750 0.007812500 
1.644531250 0.242187500 0.132812500 0.160156250 0.089843750 0.046875000 0.035156250 0.031250000 0.105468750 0.113281250 0.039062500 0.070312500 0.058593750 0.066406250 0.066406250 0.027343750 0.042968750 0.015625000 0.058593750 0.054687500 0.042968750 0.042968750 0.011718750 0.039062500 0.011718750 0.019531250 0.011718750 0.062500000 0.042968750 0.031250000 0.066406250 0.027343750 0.039062500 0.015625000 0.046875000 0.039062500 0.074218750 0.089843750 0.046875000 0.027343750 0.042968750 0.046875000 0.019531250 0.035156250 0.003906250 0.019531250 0.023437500 0.019531250 0.019531250 0.054687500 0.050781250 0.015625000 0.023437500 0.035156250 0.023437500 0.031250000 0.039062500 0.015625000 0.039062500 0.015625000 0.011718750 0.011718750 0.015625000 0.031250000 0.015625000 0.023437500 0.039062500 0.023437500 0.007812500 0.027343750 0.027343750 0.023437500 0.039062500 0.023437500 0.007812500 0.007812500 0.015625000 0.011718750 0.007812500 0.019531250 0.015625000 0.027343750 0.019531250 0.023437500 0.019531250 0.019531250 0.039062500 0.027343750 0.015625000 0.007812500 0.015625000 0.011718750 0.007812500 0.027343750 0.039062500 0.023437500 0.011718750 0.039062500 0.011718750 0.015625000 0.019531250 0.015625000 0.019531250 0.011718750 0.011718750 0.007812500 0.007812500 0.027343750 0.019531250 0.011718750 0.011718750 0.031250000 0.031250000 0.011718750 0.031250000 0.031250000 0.019531250 0.007812500 0.031250000 0.039062500 0.023437500 0.015625000 0.023437500 0.027343750 0.003906250 0.023437500 0.019531250 0.019531250 0.015625000 0.015625000 0.039062500 0.027343750 0.019531250 0.011718750 0.019531250 0.011718750 0.007812500 0.003906250 0.003906250 0.015625000 0.019531250 0.031250000 0.031250000 0.015625000 0.011718750 0.015625000 0.019531250 0.019531250 0.011718750 0.023437500 0.015625000 0.011718750 0.015625000 0.015625000 0.015625000 0.011718750 0.023437500 0.011718750 0.007812500 0.003906250 0.019531250 0.019531250 0.015625000 0.015625000 0.015625000 0.027343750 0.023437500 0.015625000 0.027343750 0.035156250 0.015625000 0.023437500 0.019531250 0.015625000 0.023437500 0.019531250 0.023437500 0.023437500 0.023437500 0.027343750 0.015625000 0.019531250 0.015625000 0.007812500 0.007812500 0.015625000 0.007812500 0.011718750 0.015625000 0.019531250 0.023437500 0.023437500 0.019531250 0.015625000 0.023437500 0.027343750 0.019531250 0.007812500 0.031250000 0.023437500 0.019531250 0.023437500 0.015625000 0.007812500 0.019531250 0.007812500 0.011718750 0.019531250 0.011718750 0.023437500 0.007812500 0.023437500 0.019531250 0.000000000 0.011718750 0.003906250 0.015625000 0.019531250 0.015625000 0.019531250 0.015625000 0.007812500 0.011718750 0.007812500 0.011718750 0.007812500 0.023437500 0.011718750 0.015625000 0.007812500 0.011718750 0.019531250 0.007812500 0.019531250 0.011718750 0.015625000 0.011718750 0.019531250 0.007812500 0.011718750 0.023437500 0.011718750 0.011718750 0.007812500 0.015625000 0.003906250 0.031250000 0.011718750 0.011718750 0.031250000 0.023437500 0.027343750 0.019531250 0.007812500 0.007812500 0.015625000 0.011718750 
1.785156250 0.132812500 0.003906250 0.050781250 0.144531250 0.121093750 0.042968750 0.074218750 0.093750000 0.093750000 0.031250000 0.074218750 0.062500000 0.074218750 0.042968750 0.023437500 0.011718750 0.039062500 0.042968750 0.023437500 0.011718750 0.046875000 0.054687500 0.035156250 0.019531250 0.019531250 0.031250000 0.054687500 0.023437500 0.031250000 0.019531250 0.050781250 0.039062500 0.019531250 0.015625000 0.023437500 0.035156250 0.046875000 0.054687500 0.003906250 0.031250000 0.015625000 0.031250000 0.007812500 0.031250000 0.027343750 0.015625000 0.007812500 0.019531250 0.031250000 0.015625000 0.007812500 0.023437500 0.007812500 0.015625000 0.023437500 0.035156250 0.019531250 0.035156250 0.023437500 0.019531250 0.015625000 0.015625000 0.019531250 0.015625000 0.015625000 0.015625000 0.031250000 0.003906250 0.019531250 0.027343750 0.023437500 0.027343750 0.019531250 0.023437500 0.019531250 0.011718750 0.015625000 0.007812500 0.031250000 0.031250000 0.015625000 0.023437500 0.011718750 0.019531250 0.015625000 0.019531250 0.046875000 0.015625000 0.011718750 0.007812500 0.019531250 0.007812500 0.031250000 0.042968750 0.023437500 0.019531250 0.015625000 0.023437500 0.011718750 0.007812500 0.015625000 0.015625000 0.011718750 0.015625000 0.003906250 0.003906250 0.023437500 0.027343750 0.027343750 0.019531250 0.031250000 0.015625000 0.011718750 0.031250000 0.023437500 0.019531250 0.003906250 0.039062500 0.027343750 0.007812500 0.011718750 0.015625000 0.031250000 0.007812500 0.023437500 0.019531250 0.019531250 0.015625000 0.015625000 0.039062500 0.027343750 0.019531250 0.011718750 0.015625000 0.015625000 0.011718750 0.015625000 0.011718750 0.007812500 0.015625000 0.011718750 0.027343750 0.027343750 0.019531250 0.007812500 0.019531250 0.007812500 0.019531250 0.019531250 0.007812500 0.019531250 0.007812500 0.015625000 0.007812500 0.023437500 0.023437500 0.011718750 0.007812500 0.007812500 0.027343750 0.007812500 0.015625000 0.015625000 0.011718750 0.023437500 0.019531250 0.023437500 0.019531250 0.023437500 0.011718750 0.003906250 0.007812500 0.015625000 0.011718750 0.011718750 0.011718750 0.019531250 0.015625000 0.023437500 0.003906250 0.015625000 0.003906250 0.015625000 0.003906250 0.007812500 0.007812500 0.015625000 0.011718750 0.023437500 0.031250000 0.019531250 0.003906250 0.023437500 0.027343750 0.023437500 0.015625000 0.011718750 0.023437500 0.007812500 0.039062500 0.019531250 0.015625000 0.007812500 0.023437500 0.011718750 0.007812500 0.023437500 0.007812500 0.007812500 0.015625000 0.019531250 0.015625000 0.000000000 0.011718750 0.007812500 0.011718750 0.007812500 0.007812500 0.003906250 0.000000000 0.015625000 0.015625000 0.007812500 0.003906250 0.015625000 0.011718750 0.003906250 0.011718750 0.011718750 0.015625000 0.015625000 0.007812500 0.015625000 0.003906250 0.003906250 0.011718750 0.011718750 0.007812500 0.011718750 0.011718750 0.003906250 0.011718750 0.015625000 0.003906250 0.007812500 0.019531250 0.003906250 0.003906250 0.011718750 0.011718750 0.015625000 0.003906250 0.011718750 0.007812500 0.007812500 0.003906250 
1.933593750 0.019531250 0.062500000 0.019531250 0.054687500 0.035156250 0.039062500 0.031250000 0.035156250 0.031250000 0.023437500 0.023437500 0.027343750 0.019531250 0.019531250 0.019531250 0.031250000 0.019531250 0.023437500 0.027343750 0.031250000 0.027343750 0.019531250 0.035156250 0.023437500 0.035156250 0.015625000 0.035156250 0.015625000 0.039062500 0.011718750 0.035156250 0.007812500 0.039062500 0.007812500 0.031250000 0.015625000 0.031250000 0.011718750 0.023437500 0.023437500 0.015625000 0.011718750 0.011718750 0.015625000 0.011718750 0.003906250 0.011718750 0.011718750 0.003906250 0.011718750 0.019531250 0.011718750 0.015625000 0.007812500 0.027343750 0.003906250 0.027343750 0.007812500 0.019531250 0.019531250 0.015625000 0.015625000 0.011718750 0.019531250 0.007812500 0.011718750 0.011718750 0.015625000 0.000000000 0.003906250 0.007812500 0.007812500 0.007812500 0.015625000 0.007812500 0.011718750 0.007812500 0.019531250 0.011718750 0.015625000 0.015625000 0.015625000 0.023437500 0.007812500 0.015625000 0.023437500 0.015625000 0.011718750 0.003906250 0.019531250 0.019531250 0.007812500 0.011718750 0.000000000 0.023437500 0.007812500 0.015625000 0.011718750 0.015625000 0.011718750 0.023437500 0.011718750 0.003906250 0.011718750 0.015625000 0.007812500 0.003906250 0.003906250 0.015625000 0.003906250 0.007812500 0.003906250 0.019531250 0.007812500 0.015625000 0.000000000 0.019531250 0.015625000 0.015625000 0.007812500 0.011718750 0.019531250 0.007812500 0.007812500 0.007812500 0.023437500 0.003906250 0.011718750 0.007812500 0.027343750 0.015625000 0.007812500 0.019531250 0.011718750 0.019531250 0.019531250 0.011718750 0.011718750 0.007812500 0.019531250 0.011718750 0.007812500 0.003906250 0.015625000 0.015625000 0.011718750 0.003906250 0.023437500 0.007812500 0.015625000 0.019531250 0.011718750 0.019531250 0.003906250 0.019531250 0.003906250 0.019531250 0.003906250 0.011718750 0.007812500 0.015625000 0.003906250 0.007812500 0.007812500 0.015625000 0.003906250 0.003906250 0.007812500 0.011718750 0.015625000 0.003906250 0.007812500 0.011718750 0.015625000 0.011718750 0.003906250 0.015625000 0.011718750 0.015625000 0.011718750 0.011718750 0.019531250 0.011718750 0.007812500 0.011718750 0.023437500 0.003906250 0.011718750 0.003906250 0.019531250 0.015625000 0.015625000 0.011718750 0.015625000 0.023437500 0.011718750 0.015625000 0.023437500 0.015625000 0.023437500 0.003906250 0.023437500 0.019531250 0.015625000 0.003906250 0.011718750 0.019531250 0.007812500 0.000000000 0.007812500 0.015625000 0.003906250 0.003906250 0.011718750 0.011718750 0.003906250 0.011718750 0.015625000 0.011718750 0.003906250 0.019531250 0.007812500 0.007812500 0.011718750 0.007812500 0.015625000 0.007812500 0.003906250 0.011718750 0.007812500 0.011718750 0.015625000 0.011718750 0.007812500 0.011718750 0.019531250 0.007812500 0.011718750 0.011718750 0.007812500 0.015625000 0.015625000 0.000000000 0.003906250 0.007812500 0.011718750 0.011718750 0.000000000 0.007812500 0.007812500 0.011718750 0.007812500 0.011718750 0.007812500 0.011718750 0.003906250 
1.656250000 0.210937500 0.175781250 0.113281250 0.214843750 0.132812500 0.078125000 0.042968750 0.039062500 0.023437500 0.035156250 0.003906250 0.042968750 0.050781250 0.078125000 0.046875000 0.031250000 0.039062500 0.046875000 0.054687500 0.046875000 0.027343750 0.027343750 0.042968750 0.023437500 0.031250000 0.027343750 0.015625000 0.015625000 0.054687500 0.035156250 0.011718750 0.027343750 0.074218750 0.039062500 0.007812500 0.019531250 0.035156250 0.027343750 0.023437500 0.027343750 0.011718750 0.011718750 0.015625000 0.015625000 0.011718750 0.003906250 0.015625000 0.019531250 0.011718750 0.023437500 0.015625000 0.019531250 0.007812500 0.015625000 0.019531250 0.007812500 0.019531250 0.027343750 0.031250000 0.015625000 0.007812500 0.027343750 0.015625000 0.027343750 0.011718750 0.023437500 0.003906250 0.027343750 0.011718750 0.007812500 0.011718750 0.023437500 0.015625000 0.031250000 0.027343750 0.027343750 0.011718750 0.019531250 0.031250000 0.035156250 0.007812500 0.023437500 0.027343750 0.015625000 0.019531250 0.023437500 0.027343750 0.015625000 0.015625000 0.000000000 0.031250000 0.011718750 0.011718750 0.007812500 0.019531250 0.023437500 0.039062500 0.027343750 0.031250000 0.027343750 0.023437500 0.003906250 0.007812500 0.011718750 0.015625000 0.011718750 0.011718750 0.019531250 0.019531250 0.011718750 0.003906250 0.007812500 0.019531250 0.000000000 0.015625000 0.015625000 0.046875000 0.015625000 0.011718750 0.007812500 0.042968750 0.019531250 0.019531250 0.027343750 0.039062500 0.007812500 0.007812500 0.035156250 0.035156250 0.011718750 0.027343750 0.003906250 0.015625000 0.023437500 0.031250000 0.007812500 0.011718750 0.000000000 0.011718750 0.035156250 0.003906250 0.000000000 0.015625000 0.027343750 0.023437500 0.023437500 0.015625000 0.019531250 0.015625000 0.007812500 0.031250000 0.019531250 0.019531250 0.003906250 0.023437500 0.003906250 0.015625000 0.007812500 0.011718750 0.007812500 0.015625000 0.007812500 0.007812500 0.003906250 0.007812500 0.019531250 0.003906250 0.003906250 0.003906250 0.027343750 0.007812500 0.011718750 0.003906250 0.027343750 0.007812500 0.011718750 0.019531250 0.003906250 0.015625000 0.007812500 0.019531250 0.011718750 0.015625000 0.027343750 0.023437500 0.007812500 0.011718750 0.015625000 0.019531250 0.035156250 0.039062500 0.035156250 0.011718750 0.027343750 0.015625000 0.027343750 0.027343750 0.007812500 0.023437500 0.019531250 0.019531250 0.031250000 0.031250000 0.027343750 0.007812500 0.023437500 0.003906250 0.015625000 0.023437500 0.015625000 0.015625000 0.015625000 0.019531250 0.027343750 0.007812500 0.011718750 0.015625000 0.015625000 0.023437500 0.019531250 0.027343750 0.019531250 0.011718750 0.003906250 0.011718750 0.023437500 0.003906250 0.007812500 0.019531250 0.015625000 0.011718750 0.019531250 0.015625000 0.003906250 0.015625000 0.027343750 0.007812500 0.011718750 0.011718750 0.011718750 0.011718750 0.011718750 0.003906250 0.007812500 0.003906250 0.003906250 0.019531250 0.003906250 0.007812500 0.011718750 0.023437500 0.011718750 0.011718750 0.007812500 0.015625000 0.007812500 
1.597656250 0.167968750 0.218750000 0.078125000 0.246093750 0.109375000 0.105468750 0.054687500 0.050781250 0.023437500 0.015625000 0.023437500 0.027343750 0.074218750 0.054687500 0.058593750 0.054687500 0.031250000 0.039062500 0.066406250 0.066406250 0.019531250 0.039062500 0.062500000 0.039062500 0.050781250 0.039062500 0.023437500 0.023437500 0.062500000 0.027343750 0.023437500 0.031250000 0.082031250 0.042968750 0.007812500 0.023437500 0.035156250 0.019531250 0.015625000 0.027343750 0.007812500 0.011718750 0.015625000 0.019531250 0.035156250 0.027343750 0.019531250 0.007812500 0.031250000 0.031250000 0.031250000 0.023437500 0.007812500 0.007812500 0.003906250 0.015625000 0.015625000 0.027343750 0.019531250 0.011718750 0.039062500 0.007812500 0.019531250 0.007812500 0.023437500 0.019531250 0.027343750 0.003906250 0.023437500 0.023437500 0.011718750 0.015625000 0.023437500 0.042968750 0.023437500 0.023437500 0.007812500 0.011718750 0.015625000 0.039062500 0.015625000 0.019531250 0.027343750 0.027343750 0.035156250 0.011718750 0.023437500 0.011718750 0.015625000 0.015625000 0.042968750 0.023437500 0.019531250 0.007812500 0.019531250 0.031250000 0.031250000 0.031250000 0.035156250 0.023437500 0.027343750 0.007812500 0.007812500 0.015625000 0.011718750 0.015625000 0.015625000 0.007812500 0.027343750 0.011718750 0.007812500 0.011718750 0.003906250 0.015625000 0.003906250 0.031250000 0.039062500 0.019531250 0.007812500 0.019531250 0.027343750 0.011718750 0.031250000 0.035156250 0.035156250 0.007812500 0.015625000 0.031250000 0.031250000 0.011718750 0.019531250 0.015625000 0.003906250 0.039062500 0.027343750 0.015625000 0.007812500 0.003906250 0.015625000 0.027343750 0.003906250 0.011718750 0.003906250 0.019531250 0.035156250 0.035156250 0.011718750 0.003906250 0.015625000 0.023437500 0.019531250 0.023437500 0.011718750 0.007812500 0.023437500 0.015625000 0.027343750 0.011718750 0.015625000 0.007812500 0.027343750 0.023437500 0.019531250 0.007812500 0.011718750 0.015625000 0.011718750 0.015625000 0.015625000 0.015625000 0.019531250 0.003906250 0.019531250 0.011718750 0.019531250 0.011718750 0.015625000 0.011718750 0.019531250 0.011718750 0.031250000 0.023437500 0.007812500 0.042968750 0.027343750 0.023437500 0.015625000 0.023437500 0.023437500 0.039062500 0.035156250 0.031250000 0.007812500 0.031250000 0.011718750 0.015625000 0.039062500 0.023437500 0.003906250 0.015625000 0.003906250 0.035156250 0.023437500 0.023437500 0.007812500 0.019531250 0.007812500 0.023437500 0.027343750 0.007812500 0.023437500 0.015625000 0.027343750 0.019531250 0.015625000 0.015625000 0.015625000 0.015625000 0.019531250 0.027343750 0.015625000 0.019531250 0.003906250 0.003906250 0.007812500 0.023437500 0.003906250 0.007812500 0.019531250 0.011718750 0.011718750 0.019531250 0.019531250 0.011718750 0.015625000 0.027343750 0.011718750 0.019531250 0.011718750 0.015625000 0.003906250 0.023437500 0.003906250 0.015625000 0.011718750 0.011718750 0.023437500 0.007812500 0.015625000 0.019531250 0.015625000 0.015625000 0.003906250 0.015625000 0.003906250 0.003906250 
1.570312500 0.164062500 0.195312500 0.054687500 0.253906250 0.132812500 0.105468750 0.066406250 0.027343750 0.035156250 0.023437500 0.039062500 0.035156250 0.074218750 0.046875000 0.062500000 0.050781250 0.035156250 0.039062500 0.074218750 0.054687500 0.019531250 0.054687500 0.066406250 0.027343750 0.062500000 0.042968750 0.003906250 0.027343750 0.085937500 0.019531250 0.035156250 0.054687500 0.058593750 0.070312500 0.019531250 0.042968750 0.031250000 0.042968750 0.031250000 0.011718750 0.015625000 0.023437500 0.019531250 0.011718750 0.042968750 0.027343750 0.019531250 0.003906250 0.039062500 0.027343750 0.023437500 0.031250000 0.019531250 0.003906250 0.011718750 0.011718750 0.019531250 0.023437500 0.031250000 0.007812500 0.050781250 0.007812500 0.027343750 0.015625000 0.019531250 0.019531250 0.039062500 0.015625000 0.015625000 0.023437500 0.019531250 0.019531250 0.019531250 0.046875000 0.019531250 0.023437500 0.015625000 0.007812500 0.019531250 0.039062500 0.015625000 0.015625000 0.027343750 0.031250000 0.027343750 0.007812500 0.027343750 0.019531250 0.011718750 0.011718750 0.042968750 0.023437500 0.023437500 0.011718750 0.015625000 0.027343750 0.031250000 0.035156250 0.039062500 0.023437500 0.023437500 0.011718750 0.011718750 0.011718750 0.007812500 0.011718750 0.023437500 0.011718750 0.019531250 0.015625000 0.007812500 0.007812500 0.007812500 0.015625000 0.003906250 0.035156250 0.035156250 0.023437500 0.007812500 0.023437500 0.027343750 0.015625000 0.027343750 0.039062500 0.031250000 0.011718750 0.007812500 0.035156250 0.031250000 0.011718750 0.019531250 0.023437500 0.011718750 0.039062500 0.027343750 0.007812500 0.019531250 0.007812500 0.023437500 0.031250000 0.003906250 0.011718750 0.007812500 0.015625000 0.035156250 0.035156250 0.003906250 0.003906250 0.019531250 0.023437500 0.015625000 0.019531250 0.011718750 0.011718750 0.023437500 0.019531250 0.023437500 0.015625000 0.019531250 0.003906250 0.031250000 0.023437500 0.007812500 0.019531250 0.023437500 0.003906250 0.007812500 0.023437500 0.027343750 0.015625000 0.019531250 0.007812500 0.011718750 0.007812500 0.027343750 0.003906250 0.019531250 0.011718750 0.023437500 0.015625000 0.027343750 0.023437500 0.007812500 0.042968750 0.031250000 0.015625000 0.011718750 0.031250000 0.015625000 0.042968750 0.035156250 0.031250000 0.007812500 0.023437500 0.019531250 0.023437500 0.027343750 0.031250000 0.007812500 0.011718750 0.003906250 0.039062500 0.023437500 0.023437500 0.003906250 0.015625000 0.007812500 0.019531250 0.035156250 0.011718750 0.023437500 0.011718750 0.027343750 0.015625000 0.019531250 0.015625000 0.023437500 0.015625000 0.019531250 0.019531250 0.015625000 0.027343750 0.007812500 0.007812500 0.003906250 0.023437500 0.007812500 0.007812500 0.027343750 0.003906250 0.003906250 0.011718750 0.023437500 0.011718750 0.015625000 0.023437500 0.011718750 0.019531250 0.015625000 0.015625000 0.003906250 0.019531250 0.007812500 0.015625000 0.015625000 0.011718750 0.015625000 0.015625000 0.023437500 0.011718750 0.003906250 0.027343750 0.007812500 0.015625000 0.003906250 0.000000000 
1.832031250 0.082031250 0.050781250 0.089843750 0.105468750 0.058593750 0.062500000 0.066406250 0.039062500 0.062500000 0.011718750 0.046875000 0.019531250 0.031250000 0.015625000 0.039062500 0.031250000 0.011718750 0.035156250 0.054687500 0.031250000 0.023437500 0.031250000 0.066406250 0.039062500 0.070312500 0.027343750 0.011718750 0.050781250 0.058593750 0.007812500 0.031250000 0.066406250 0.019531250 0.054687500 0.015625000 0.035156250 0.023437500 0.042968750 0.015625000 0.011718750 0.019531250 0.019531250 0.027343750 0.011718750 0.042968750 0.023437500 0.011718750 0.007812500 0.031250000 0.027343750 0.023437500 0.015625000 0.015625000 0.011718750 0.015625000 0.007812500 0.027343750 0.003906250 0.019531250 0.003906250 0.042968750 0.011718750 0.027343750 0.015625000 0.023437500 0.003906250 0.023437500 0.031250000 0.011718750 0.031250000 0.011718750 0.019531250 0.015625000 0.035156250 0.011718750 0.019531250 0.007812500 0.007812500 0.015625000 0.027343750 0.011718750 0.015625000 0.031250000 0.042968750 0.015625000 0.003906250 0.027343750 0.023437500 0.007812500 0.015625000 0.039062500 0.019531250 0.023437500 0.011718750 0.011718750 0.015625000 0.011718750 0.011718750 0.011718750 0.003906250 0.015625000 0.003906250 0.007812500 0.003906250 0.000000000 0.007812500 0.015625000 0.011718750 0.015625000 0.000000000 0.003906250 0.003906250 0.003906250 0.019531250 0.011718750 0.023437500 0.007812500 0.003906250 0.011718750 0.019531250 0.003906250 0.007812500 0.019531250 0.031250000 0.011718750 0.015625000 0.019531250 0.015625000 0.011718750 0.011718750 0.019531250 0.007812500 0.019531250 0.027343750 0.027343750 0.011718750 0.011718750 0.019531250 0.007812500 0.023437500 0.000000000 0.007812500 0.011718750 0.023437500 0.023437500 0.031250000 0.007812500 0.007812500 0.015625000 0.019531250 0.007812500 0.003906250 0.007812500 0.007812500 0.011718750 0.027343750 0.023437500 0.019531250 0.007812500 0.015625000 0.027343750 0.027343750 0.000000000 0.027343750 0.015625000 0.003906250 0.003906250 0.019531250 0.023437500 0.003906250 0.019531250 0.015625000 0.007812500 0.007812500 0.015625000 0.011718750 0.011718750 0.007812500 0.019531250 0.019531250 0.023437500 0.015625000 0.019531250 0.019531250 0.035156250 0.011718750 0.023437500 0.019531250 0.019531250 0.015625000 0.003906250 0.003906250 0.027343750 0.011718750 0.023437500 0.015625000 0.023437500 0.027343750 0.019531250 0.011718750 0.015625000 0.023437500 0.007812500 0.007812500 0.015625000 0.007812500 0.015625000 0.023437500 0.023437500 0.011718750 0.007812500 0.019531250 0.007812500 0.011718750 0.015625000 0.007812500 0.015625000 0.007812500 0.011718750 0.003906250 0.003906250 0.019531250 0.003906250 0.011718750 0.011718750 0.011718750 0.003906250 0.007812500 0.019531250 0.007812500 0.003906250 0.015625000 0.015625000 0.011718750 0.007812500 0.007812500 0.007812500 0.015625000 0.011718750 0.011718750 0.003906250 0.015625000 0.015625000 0.011718750 0.011718750 0.019531250 0.003906250 0.015625000 0.015625000 0.007812500 0.007812500 0.019531250 0.007812500 0.015625000 0.003906250 0.003906250 
1.957031250 0.031250000 0.023437500 0.031250000 0.031250000 0.023437500 0.027343750 0.035156250 0.027343750 0.011718750 0.015625000 0.023437500 0.015625000 0.007812500 0.019531250 0.011718750 0.007812500 0.003906250 0.011718750 0.019531250 0.011718750 0.003906250 0.015625000 0.027343750 0.023437500 0.019531250 0.027343750 0.027343750 0.015625000 0.023437500 0.035156250 0.031250000 0.023437500 0.027343750 0.027343750 0.019531250 0.023437500 0.031250000 0.027343750 0.015625000 0.019531250 0.019531250 0.015625000 0.011718750 0.019531250 0.015625000 0.003906250 0.003906250 0.007812500 0.011718750 0.007812500 0.003906250 0.003906250 0.011718750 0.015625000 0.011718750 0.019531250 0.015625000 0.007812500 0.011718750 0.019531250 0.019531250 0.015625000 0.019531250 0.015625000 0.011718750 0.011718750 0.019531250 0.019531250 0.015625000 0.011718750 0.007812500 0.007812500 0.007812500 0.011718750 0.011718750 0.007812500 0.003906250 0.000000000 0.003906250 0.003906250 0.003906250 0.003906250 0.003906250 0.003906250 0.007812500 0.007812500 0.007812500 0.003906250 0.003906250 0.003906250 0.007812500 0.011718750 0.007812500 0.003906250 0.003906250 0.003906250 0.003906250 0.003906250 0.007812500 0.003906250 0.007812500 0.007812500 0.000000000 0.003906250 0.003906250 0.007812500 0.003906250 0.007812500 0.007812500 0.000000000 0.003906250 0.003906250 0.007812500 0.003906250 0.007812500 0.007812500 0.003906250 0.007812500 0.000000000 0.007812500 0.003906250 0.007812500 0.003906250 0.007812500 0.011718750 0.003906250 0.011718750 0.007812500 0.007812500 0.000000000 0.011718750 0.015625000 0.007812500 0.011718750 0.011718750 0.007812500 0.003906250 0.015625000 0.019531250 0.007812500 0.011718750 0.011718750 0.007812500 0.003906250 0.011718750 0.015625000 0.003906250 0.011718750 0.007812500 0.007812500 0.007812500 0.007812500 0.007812500 0.003906250 0.015625000 0.007812500 0.011718750 0.015625000 0.007812500 0.003906250 0.011718750 0.019531250 0.011718750 0.011718750 0.019531250 0.011718750 0.000000000 0.011718750 0.019531250 0.011718750 0.011718750 0.015625000 0.007812500 0.003906250 0.011718750 0.019531250 0.007812500 0.011718750 0.015625000 0.003906250 0.007812500 0.007812500 0.011718750 0.000000000 0.011718750 0.011718750 0.003906250 0.011718750 0.007812500 0.007812500 0.003906250 0.015625000 0.011718750 0.003906250 0.015625000 0.007812500 0.003906250 0.003906250 0.015625000 0.011718750 0.007812500 0.015625000 0.007812500 0.003906250 0.003906250 0.011718750 0.007812500 0.007812500 0.015625000 0.003906250 0.003906250 0.007812500 0.011718750 0.007812500 0.011718750 0.015625000 0.007812500 0.007812500 0.007812500 0.011718750 0.003906250 0.011718750 0.015625000 0.007812500 0.007812500 0.007812500 0.007812500 0.003906250 0.007812500 0.011718750 0.003906250 0.003906250 0.003906250 0.003906250 0.003906250 0.003906250 0.007812500 0.003906250 0.007812500 0.003906250 0.003906250 0.003906250 0.003906250 0.003906250 0.007812500 0.011718750 0.007812500 0.003906250 0.003906250 0.003906250 0.007812500 0.011718750 0.011718750 0.007812500 0.007812500 0.003906250 
1.972656250 0.019531250 0.003906250 0.003906250 0.015625000 0.023437500 0.015625000 0.007812500 0.003906250 0.007812500 0.011718750 0.019531250 0.019531250 0.007812500 0.003906250 0.011718750 0.023437500 0.019531250 0.007812500 0.003906250 0.011718750 0.019531250 0.011718750 0.007812500 0.007812500 0.011718750 0.011718750 0.011718750 0.015625000 0.011718750 0.007812500 0.011718750 0.015625000 0.011718750 0.003906250 0.007812500 0.015625000 0.019531250 0.011718750 0.007812500 0.011718750 0.015625000 0.019531250 0.011718750 0.007812500 0.007812500 0.007812500 0.011718750 0.015625000 0.011718750 0.000000000 0.007812500 0.011718750 0.023437500 0.015625000 0.003906250 0.007812500 0.011718750 0.019531250 0.015625000 0.003906250 0.003906250 0.003906250 0.007812500 0.015625000 0.011718750 0.003906250 0.003906250 0.003906250 0.015625000 0.015625000 0.003906250 0.003906250 0.003906250 0.011718750 0.007812500 0.003906250 0.007812500 0.007812500 0.011718750 0.003906250 0.007812500 0.007812500 0.003906250 0.007812500 0.007812500 0.007812500 0.003906250 0.003906250 0.007812500 0.015625000 0.007812500 0.007812500 0.011718750 0.007812500 0.015625000 0.011718750 0.003906250 0.007812500 0.003906250 0.007812500 0.011718750 0.003906250 0.003906250 0.007812500 0.003906250 0.015625000 0.015625000 0.007812500 0.011718750 0.003906250 0.011718750 0.011718750 0.003906250 0.007812500 0.003906250 0.007812500 0.007812500 0.007812500 0.003906250 0.007812500 0.003906250 0.007812500 0.011718750 0.003906250 0.007812500 0.003906250 0.007812500 0.007812500 0.003906250 0.003906250 0.003906250 0.015625000 0.007812500 0.003906250 0.003906250 0.007812500 0.011718750 0.007812500 0.003906250 0.000000000 0.003906250 0.003906250 0.015625000 0.011718750 0.007812500 0.007812500 0.003906250 0.019531250 0.015625000 0.007812500 0.007812500 0.003906250 0.011718750 0.015625000 0.007812500 0.003906250 0.007812500 0.003906250 0.011718750 0.015625000 0.011718750 0.011718750 0.003906250 0.015625000 0.019531250 0.007812500 0.007812500 0.003906250 0.011718750 0.011718750 0.007812500 0.003906250 0.007812500 0.011718750 0.007812500 0.011718750 0.007812500 0.007812500 0.007812500 0.011718750 0.011718750 0.003906250 0.000000000 0.007812500 0.015625000 0.011718750 0.000000000 0.007812500 0.007812500 0.015625000 0.011718750 0.003906250 0.003906250 0.003906250 0.007812500 0.015625000 0.015625000 0.003906250 0.007812500 0.007812500 0.019531250 0.019531250 0.007812500 0.007812500 0.007812500 0.015625000 0.015625000 0.007812500 0.000000000 0.000000000 0.003906250 0.011718750 0.015625000 0.007812500 0.007812500 0.003906250 0.011718750 0.019531250 0.007812500 0.003906250 0.003906250 0.007812500 0.011718750 0.007812500 0.003906250 0.003906250 0.007812500 0.003906250 0.011718750 0.007812500 0.003906250 0.003906250 0.007812500 0.011718750 0.003906250 0.007812500 0.003906250 0.011718750 0.011718750 0.003906250 0.011718750 0.007812500 0.011718750 0.007812500 0.003906250 0.011718750 0.007812500 0.003906250 0.007812500 0.007812500 0.000000000 0.011718750 0.011718750 0.011718750 0.015625000 0.003906250 
1.902343750 0.058593750 0.066406250 0.058593750 0.058593750 0.015625000 0.039062500 0.023437500 0.019531250 0.035156250 0.035156250 0.011718750 0.039062500 0.023437500 0.007812500 0.007812500 0.011718750 0.031250000 0.019531250 0.015625000 0.019531250 0.027343750 0.003906250 0.015625000 0.027343750 0.007812500 0.031250000 0.035156250 0.023437500 0.023437500 0.035156250 0.023437500 0.007812500 0.011718750 0.015625000 0.023437500 0.023437500 0.007812500 0.023437500 0.011718750 0.019531250 0.011718750 0.019531250 0.015625000 0.011718750 0.007812500 0.011718750 0.011718750 0.015625000 0.023437500 0.015625000 0.019531250 0.031250000 0.042968750 0.011718750 0.027343750 0.015625000 0.023437500 0.015625000 0.003906250 0.023437500 0.031250000 0.031250000 0.023437500 0.027343750 0.035156250 0.015625000 0.015625000 0.007812500 0.031250000 0.031250000 0.027343750 0.031250000 0.039062500 0.035156250 0.027343750 0.027343750 0.027343750 0.007812500 0.011718750 0.003906250 0.007812500 0.011718750 0.000000000 0.011718750 0.015625000 0.007812500 0.011718750 0.015625000 0.019531250 0.003906250 0.019531250 0.007812500 0.023437500 0.011718750 0.027343750 0.023437500 0.019531250 0.015625000 0.011718750 0.015625000 0.011718750 0.007812500 0.027343750 0.023437500 0.039062500 0.023437500 0.042968750 0.027343750 0.035156250 0.015625000 0.027343750 0.003906250 0.019531250 0.011718750 0.019531250 0.023437500 0.027343750 0.019531250 0.023437500 0.023437500 0.011718750 0.007812500 0.007812500 0.011718750 0.011718750 0.007812500 0.003906250 0.015625000 0.011718750 0.007812500 0.003906250 0.011718750 0.019531250 0.007812500 0.015625000 0.015625000 0.023437500 0.007812500 0.011718750 0.015625000 0.007812500 0.003906250 0.011718750 0.011718750 0.015625000 0.003906250 0.015625000 0.011718750 0.027343750 0.000000000 0.015625000 0.007812500 0.019531250 0.007812500 0.011718750 0.019531250 0.007812500 0.011718750 0.003906250 0.019531250 0.015625000 0.007812500 0.007812500 0.007812500 0.019531250 0.007812500 0.007812500 0.007812500 0.015625000 0.003906250 0.007812500 0.011718750 0.007812500 0.011718750 0.007812500 0.007812500 0.015625000 0.019531250 0.011718750 0.007812500 0.023437500 0.015625000 0.007812500 0.007812500 0.019531250 0.007812500 0.007812500 0.011718750 0.003906250 0.019531250 0.015625000 0.007812500 0.011718750 0.015625000 0.011718750 0.003906250 0.015625000 0.015625000 0.007812500 0.023437500 0.015625000 0.042968750 0.019531250 0.039062500 0.031250000 0.046875000 0.023437500 0.035156250 0.027343750 0.019531250 0.007812500 0.023437500 0.007812500 0.027343750 0.019531250 0.031250000 0.015625000 0.039062500 0.023437500 0.023437500 0.015625000 0.027343750 0.019531250 0.015625000 0.015625000 0.027343750 0.015625000 0.015625000 0.015625000 0.019531250 0.007812500 0.011718750 0.015625000 0.007812500 0.019531250 0.019531250 0.015625000 0.015625000 0.015625000 0.011718750 0.003906250 0.019531250 0.007812500 0.011718750 0.003906250 0.011718750 0.003906250 0.011718750 0.003906250 0.007812500 0.003906250 0.015625000 0.007812500 0.023437500 0.003906250 0.019531250 
1.785156250 0.125000000 0.046875000 0.031250000 0.058593750 0.011718750 0.046875000 0.078125000 0.074218750 0.085937500 0.046875000 0.023437500 0.027343750 0.007812500 0.039062500 0.058593750 0.089843750 0.066406250 0.093750000 0.062500000 0.039062500 0.015625000 0.000000000 0.023437500 0.007812500 0.015625000 0.042968750 0.058593750 0.015625000 0.007812500 0.054687500 0.023437500 0.035156250 0.042968750 0.039062500 0.027343750 0.046875000 0.023437500 0.023437500 0.007812500 0.031250000 0.007812500 0.027343750 0.015625000 0.011718750 0.011718750 0.015625000 0.011718750 0.023437500 0.015625000 0.027343750 0.027343750 0.027343750 0.042968750 0.011718750 0.023437500 0.023437500 0.015625000 0.027343750 0.011718750 0.011718750 0.035156250 0.039062500 0.023437500 0.027343750 0.035156250 0.019531250 0.015625000 0.015625000 0.027343750 0.035156250 0.042968750 0.035156250 0.027343750 0.042968750 0.031250000 0.015625000 0.039062500 0.011718750 0.003906250 0.011718750 0.007812500 0.019531250 0.003906250 0.011718750 0.019531250 0.007812500 0.011718750 0.023437500 0.015625000 0.007812500 0.027343750 0.003906250 0.031250000 0.007812500 0.011718750 0.035156250 0.031250000 0.007812500 0.007812500 0.019531250 0.007812500 0.007812500 0.031250000 0.027343750 0.035156250 0.019531250 0.035156250 0.035156250 0.050781250 0.027343750 0.019531250 0.015625000 0.023437500 0.015625000 0.011718750 0.019531250 0.031250000 0.019531250 0.031250000 0.035156250 0.015625000 0.015625000 0.007812500 0.015625000 0.003906250 0.011718750 0.019531250 0.023437500 0.011718750 0.015625000 0.003906250 0.003906250 0.019531250 0.011718750 0.027343750 0.023437500 0.011718750 0.015625000 0.015625000 0.011718750 0.015625000 0.007812500 0.019531250 0.007812500 0.019531250 0.007812500 0.011718750 0.019531250 0.015625000 0.019531250 0.035156250 0.023437500 0.011718750 0.015625000 0.011718750 0.019531250 0.015625000 0.007812500 0.003906250 0.023437500 0.015625000 0.007812500 0.007812500 0.007812500 0.023437500 0.023437500 0.015625000 0.015625000 0.007812500 0.015625000 0.019531250 0.011718750 0.015625000 0.011718750 0.007812500 0.011718750 0.011718750 0.035156250 0.023437500 0.019531250 0.019531250 0.015625000 0.019531250 0.019531250 0.023437500 0.011718750 0.007812500 0.015625000 0.007812500 0.035156250 0.003906250 0.007812500 0.011718750 0.015625000 0.019531250 0.007812500 0.015625000 0.023437500 0.011718750 0.023437500 0.019531250 0.058593750 0.023437500 0.023437500 0.011718750 0.066406250 0.050781250 0.050781250 0.019531250 0.011718750 0.011718750 0.011718750 0.019531250 0.023437500 0.031250000 0.035156250 0.023437500 0.054687500 0.015625000 0.003906250 0.027343750 0.046875000 0.027343750 0.003906250 0.011718750 0.035156250 0.019531250 0.007812500 0.011718750 0.031250000 0.019531250 0.015625000 0.007812500 0.003906250 0.015625000 0.015625000 0.023437500 0.027343750 0.015625000 0.007812500 0.007812500 0.027343750 0.007812500 0.007812500 0.011718750 0.027343750 0.019531250 0.035156250 0.019531250 0.027343750 0.011718750 0.011718750 0.007812500 0.015625000 0.015625000 0.035156250 
1.730468750 0.105468750 0.078125000 0.054687500 0.097656250 0.027343750 0.085937500 0.050781250 0.078125000 0.128906250 0.019531250 0.062500000 0.050781250 0.054687500 0.078125000 0.046875000 0.070312500 0.093750000 0.089843750 0.058593750 0.035156250 0.023437500 0.039062500 0.039062500 0.027343750 0.019531250 0.074218750 0.039062500 0.039062500 0.011718750 0.046875000 0.035156250 0.039062500 0.042968750 0.027343750 0.042968750 0.050781250 0.015625000 0.015625000 0.007812500 0.027343750 0.011718750 0.031250000 0.027343750 0.019531250 0.027343750 0.019531250 0.003906250 0.011718750 0.003906250 0.035156250 0.046875000 0.019531250 0.027343750 0.031250000 0.011718750 0.031250000 0.011718750 0.019531250 0.019531250 0.023437500 0.019531250 0.042968750 0.023437500 0.027343750 0.019531250 0.027343750 0.011718750 0.035156250 0.000000000 0.023437500 0.050781250 0.039062500 0.027343750 0.042968750 0.027343750 0.023437500 0.023437500 0.027343750 0.007812500 0.015625000 0.011718750 0.019531250 0.003906250 0.023437500 0.003906250 0.027343750 0.019531250 0.031250000 0.007812500 0.007812500 0.011718750 0.015625000 0.015625000 0.035156250 0.015625000 0.023437500 0.035156250 0.003906250 0.015625000 0.019531250 0.007812500 0.023437500 0.031250000 0.031250000 0.031250000 0.027343750 0.023437500 0.042968750 0.035156250 0.054687500 0.019531250 0.019531250 0.003906250 0.027343750 0.007812500 0.027343750 0.027343750 0.015625000 0.042968750 0.027343750 0.015625000 0.015625000 0.007812500 0.007812500 0.011718750 0.023437500 0.031250000 0.007812500 0.015625000 0.031250000 0.019531250 0.019531250 0.003906250 0.023437500 0.019531250 0.023437500 0.011718750 0.031250000 0.000000000 0.023437500 0.007812500 0.023437500 0.003906250 0.011718750 0.011718750 0.011718750 0.000000000 0.011718750 0.007812500 0.023437500 0.031250000 0.019531250 0.003906250 0.023437500 0.003906250 0.023437500 0.007812500 0.015625000 0.015625000 0.007812500 0.011718750 0.000000000 0.000000000 0.019531250 0.015625000 0.007812500 0.015625000 0.015625000 0.003906250 0.023437500 0.019531250 0.003906250 0.019531250 0.011718750 0.023437500 0.019531250 0.019531250 0.023437500 0.035156250 0.015625000 0.015625000 0.011718750 0.027343750 0.007812500 0.027343750 0.011718750 0.011718750 0.003906250 0.023437500 0.019531250 0.015625000 0.015625000 0.015625000 0.015625000 0.007812500 0.023437500 0.011718750 0.011718750 0.011718750 0.019531250 0.023437500 0.050781250 0.023437500 0.035156250 0.019531250 0.058593750 0.058593750 0.054687500 0.011718750 0.015625000 0.011718750 0.003906250 0.000000000 0.027343750 0.035156250 0.031250000 0.039062500 0.042968750 0.031250000 0.015625000 0.027343750 0.046875000 0.027343750 0.003906250 0.011718750 0.035156250 0.019531250 0.019531250 0.007812500 0.031250000 0.019531250 0.015625000 0.003906250 0.007812500 0.015625000 0.007812500 0.031250000 0.019531250 0.015625000 0.003906250 0.015625000 0.019531250 0.007812500 0.003906250 0.015625000 0.027343750 0.019531250 0.031250000 0.031250000 0.015625000 0.011718750 0.007812500 0.015625000 0.007812500 0.023437500 0.019531250 
1.753906250 0.085937500 0.050781250 0.085937500 0.085937500 0.039062500 0.062500000 0.058593750 0.082031250 0.121093750 0.042968750 0.082031250 0.050781250 0.066406250 0.062500000 0.042968750 0.074218750 0.105468750 0.105468750 0.035156250 0.035156250 0.011718750 0.042968750 0.039062500 0.035156250 0.031250000 0.058593750 0.039062500 0.039062500 0.027343750 0.023437500 0.050781250 0.031250000 0.050781250 0.031250000 0.058593750 0.031250000 0.015625000 0.027343750 0.015625000 0.031250000 0.011718750 0.019531250 0.027343750 0.031250000 0.039062500 0.011718750 0.011718750 0.015625000 0.019531250 0.023437500 0.039062500 0.015625000 0.011718750 0.007812500 0.015625000 0.023437500 0.015625000 0.035156250 0.015625000 0.015625000 0.007812500 0.042968750 0.015625000 0.003906250 0.019531250 0.019531250 0.027343750 0.019531250 0.027343750 0.023437500 0.023437500 0.023437500 0.015625000 0.023437500 0.019531250 0.003906250 0.019531250 0.015625000 0.023437500 0.003906250 0.023437500 0.015625000 0.003906250 0.019531250 0.007812500 0.019531250 0.023437500 0.015625000 0.019531250 0.007812500 0.007812500 0.015625000 0.027343750 0.011718750 0.023437500 0.019531250 0.035156250 0.007812500 0.000000000 0.003906250 0.027343750 0.003906250 0.023437500 0.007812500 0.007812500 0.003906250 0.003906250 0.027343750 0.011718750 0.042968750 0.031250000 0.023437500 0.003906250 0.019531250 0.011718750 0.019531250 0.015625000 0.003906250 0.015625000 0.035156250 0.027343750 0.015625000 0.003906250 0.011718750 0.011718750 0.031250000 0.027343750 0.003906250 0.027343750 0.023437500 0.027343750 0.007812500 0.019531250 0.011718750 0.003906250 0.011718750 0.023437500 0.023437500 0.007812500 0.019531250 0.011718750 0.019531250 0.007812500 0.015625000 0.007812500 0.011718750 0.003906250 0.007812500 0.023437500 0.019531250 0.019531250 0.023437500 0.007812500 0.023437500 0.015625000 0.007812500 0.000000000 0.019531250 0.011718750 0.007812500 0.003906250 0.003906250 0.007812500 0.015625000 0.015625000 0.015625000 0.011718750 0.011718750 0.007812500 0.023437500 0.019531250 0.003906250 0.019531250 0.015625000 0.011718750 0.035156250 0.007812500 0.019531250 0.035156250 0.003906250 0.011718750 0.023437500 0.023437500 0.015625000 0.019531250 0.023437500 0.015625000 0.011718750 0.019531250 0.019531250 0.015625000 0.015625000 0.015625000 0.011718750 0.007812500 0.015625000 0.027343750 0.011718750 0.007812500 0.015625000 0.015625000 0.031250000 0.007812500 0.007812500 0.039062500 0.031250000 0.035156250 0.046875000 0.003906250 0.011718750 0.023437500 0.011718750 0.011718750 0.019531250 0.027343750 0.023437500 0.023437500 0.015625000 0.046875000 0.019531250 0.019531250 0.015625000 0.019531250 0.023437500 0.019531250 0.027343750 0.000000000 0.007812500 0.007812500 0.031250000 0.015625000 0.003906250 0.003906250 0.000000000 0.015625000 0.007812500 0.023437500 0.015625000 0.019531250 0.007812500 0.015625000 0.015625000 0.019531250 0.007812500 0.023437500 0.023437500 0.015625000 0.039062500 0.027343750 0.015625000 0.011718750 0.011718750 0.011718750 0.015625000 0.019531250 0.011718750 
1.894531250 0.074218750 0.046875000 0.074218750 0.066406250 0.035156250 0.039062500 0.050781250 0.050781250 0.042968750 0.046875000 0.066406250 0.062500000 0.035156250 0.035156250 0.046875000 0.039062500 0.015625000 0.015625000 0.023437500 0.019531250 0.015625000 0.027343750 0.046875000 0.035156250 0.027343750 0.027343750 0.035156250 0.039062500 0.011718750 0.019531250 0.027343750 0.007812500 0.031250000 0.042968750 0.023437500 0.003906250 0.023437500 0.019531250 0.015625000 0.015625000 0.023437500 0.007812500 0.015625000 0.035156250 0.023437500 0.011718750 0.015625000 0.015625000 0.007812500 0.019531250 0.023437500 0.019531250 0.015625000 0.011718750 0.015625000 0.015625000 0.011718750 0.015625000 0.019531250 0.003906250 0.019531250 0.031250000 0.011718750 0.015625000 0.019531250 0.003906250 0.019531250 0.023437500 0.019531250 0.000000000 0.007812500 0.015625000 0.007812500 0.007812500 0.015625000 0.007812500 0.003906250 0.019531250 0.011718750 0.011718750 0.007812500 0.011718750 0.007812500 0.015625000 0.019531250 0.015625000 0.019531250 0.007812500 0.003906250 0.015625000 0.003906250 0.019531250 0.023437500 0.007812500 0.011718750 0.023437500 0.015625000 0.015625000 0.003906250 0.003906250 0.019531250 0.011718750 0.015625000 0.007812500 0.003906250 0.007812500 0.003906250 0.015625000 0.019531250 0.015625000 0.015625000 0.023437500 0.019531250 0.003906250 0.015625000 0.007812500 0.011718750 0.003906250 0.007812500 0.015625000 0.015625000 0.007812500 0.007812500 0.007812500 0.007812500 0.023437500 0.011718750 0.015625000 0.027343750 0.019531250 0.015625000 0.015625000 0.007812500 0.007812500 0.011718750 0.007812500 0.015625000 0.019531250 0.011718750 0.019531250 0.011718750 0.007812500 0.011718750 0.007812500 0.015625000 0.007812500 0.000000000 0.015625000 0.011718750 0.007812500 0.015625000 0.007812500 0.003906250 0.019531250 0.011718750 0.007812500 0.011718750 0.011718750 0.011718750 0.003906250 0.007812500 0.003906250 0.000000000 0.011718750 0.003906250 0.003906250 0.007812500 0.003906250 0.003906250 0.011718750 0.007812500 0.011718750 0.023437500 0.007812500 0.015625000 0.027343750 0.015625000 0.003906250 0.019531250 0.015625000 0.003906250 0.023437500 0.015625000 0.007812500 0.019531250 0.015625000 0.015625000 0.003906250 0.003906250 0.007812500 0.007812500 0.011718750 0.007812500 0.015625000 0.003906250 0.007812500 0.011718750 0.003906250 0.000000000 0.007812500 0.007812500 0.007812500 0.015625000 0.015625000 0.019531250 0.015625000 0.003906250 0.015625000 0.015625000 0.011718750 0.007812500 0.011718750 0.007812500 0.011718750 0.023437500 0.011718750 0.007812500 0.015625000 0.015625000 0.011718750 0.003906250 0.007812500 0.003906250 0.003906250 0.000000000 0.011718750 0.007812500 0.003906250 0.015625000 0.007812500 0.007812500 0.007812500 0.000000000 0.003906250 0.011718750 0.003906250 0.003906250 0.019531250 0.003906250 0.003906250 0.015625000 0.003906250 0.007812500 0.015625000 0.007812500 0.003906250 0.019531250 0.011718750 0.003906250 0.015625000 0.007812500 0.003906250 0.011718750 0.007812500 0.007812500 0.011718750 
1.894531250 0.078125000 0.046875000 0.027343750 0.035156250 0.054687500 0.074218750 0.074218750 0.058593750 0.046875000 0.031250000 0.031250000 0.023437500 0.050781250 0.050781250 0.042968750 0.023437500 0.023437500 0.023437500 0.019531250 0.039062500 0.042968750 0.039062500 0.023437500 0.023437500 0.019531250 0.027343750 0.039062500 0.050781250 0.027343750 0.019531250 0.046875000 0.042968750 0.031250000 0.023437500 0.011718750 0.007812500 0.035156250 0.039062500 0.027343750 0.015625000 0.011718750 0.019531250 0.015625000 0.019531250 0.015625000 0.011718750 0.019531250 0.027343750 0.039062500 0.019531250 0.011718750 0.015625000 0.007812500 0.011718750 0.015625000 0.027343750 0.019531250 0.011718750 0.023437500 0.027343750 0.019531250 0.019531250 0.019531250 0.015625000 0.019531250 0.023437500 0.019531250 0.007812500 0.019531250 0.027343750 0.011718750 0.003906250 0.015625000 0.011718750 0.007812500 0.015625000 0.023437500 0.007812500 0.015625000 0.031250000 0.015625000 0.007812500 0.011718750 0.003906250 0.003906250 0.015625000 0.019531250 0.023437500 0.023437500 0.007812500 0.015625000 0.019531250 0.015625000 0.015625000 0.011718750 0.019531250 0.023437500 0.027343750 0.003906250 0.003906250 0.011718750 0.003906250 0.011718750 0.011718750 0.015625000 0.007812500 0.011718750 0.015625000 0.003906250 0.000000000 0.007812500 0.007812500 0.011718750 0.015625000 0.007812500 0.007812500 0.015625000 0.007812500 0.003906250 0.007812500 0.011718750 0.007812500 0.011718750 0.011718750 0.007812500 0.003906250 0.011718750 0.007812500 0.007812500 0.003906250 0.007812500 0.007812500 0.015625000 0.011718750 0.003906250 0.011718750 0.000000000 0.007812500 0.003906250 0.015625000 0.011718750 0.007812500 0.011718750 0.007812500 0.007812500 0.015625000 0.011718750 0.007812500 0.015625000 0.011718750 0.007812500 0.015625000 0.015625000 0.007812500 0.007812500 0.007812500 0.007812500 0.007812500 0.015625000 0.007812500 0.011718750 0.003906250 0.003906250 0.003906250 0.007812500 0.015625000 0.011718750 0.011718750 0.000000000 0.007812500 0.003906250 0.007812500 0.003906250 0.015625000 0.011718750 0.011718750 0.003906250 0.003906250 0.015625000 0.015625000 0.015625000 0.011718750 0.003906250 0.007812500 0.015625000 0.007812500 0.011718750 0.007812500 0.003906250 0.003906250 0.007812500 0.003906250 0.003906250 0.003906250 0.011718750 0.007812500 0.007812500 0.007812500 0.003906250 0.007812500 0.007812500 0.007812500 0.007812500 0.015625000 0.003906250 0.000000000 0.011718750 0.003906250 0.011718750 0.023437500 0.007812500 0.007812500 0.011718750 0.003906250 0.015625000 0.023437500 0.015625000 0.003906250 0.015625000 0.003906250 0.011718750 0.007812500 0.019531250 0.011718750 0.011718750 0.011718750 0.003906250 0.003906250 0.011718750 0.007812500 0.003906250 0.011718750 0.003906250 0.003906250 0.015625000 0.007812500 0.003906250 0.015625000 0.007812500 0.015625000 0.011718750 0.007812500 0.015625000 0.023437500 0.011718750 0.007812500 0.003906250 0.007812500 0.019531250 0.011718750 0.011718750 0.003906250 0.007812500 0.003906250 0.011718750 0.003906250 
1.648437500 0.261718750 0.140625000 0.128906250 0.101562500 0.078125000 0.074218750 0.066406250 0.035156250 0.070312500 0.058593750 0.039062500 0.027343750 0.039062500 0.023437500 0.039062500 0.031250000 0.039062500 0.058593750 0.066406250 0.074218750 0.023437500 0.074218750 0.089843750 0.050781250 0.035156250 0.035156250 0.054687500 0.031250000 0.082031250 0.105468750 0.050781250 0.007812500 0.011718750 0.023437500 0.019531250 0.027343750 0.031250000 0.058593750 0.054687500 0.015625000 0.031250000 0.019531250 0.015625000 0.015625000 0.019531250 0.011718750 0.031250000 0.046875000 0.058593750 0.035156250 0.027343750 0.046875000 0.039062500 0.027343750 0.011718750 0.031250000 0.039062500 0.027343750 0.023437500 0.023437500 0.027343750 0.027343750 0.039062500 0.046875000 0.019531250 0.007812500 0.011718750 0.035156250 0.031250000 0.015625000 0.015625000 0.003906250 0.019531250 0.015625000 0.011718750 0.019531250 0.031250000 0.007812500 0.031250000 0.027343750 0.007812500 0.019531250 0.011718750 0.011718750 0.019531250 0.031250000 0.023437500 0.015625000 0.019531250 0.035156250 0.027343750 0.003906250 0.007812500 0.011718750 0.015625000 0.019531250 0.011718750 0.035156250 0.023437500 0.015625000 0.015625000 0.007812500 0.007812500 0.015625000 0.027343750 0.007812500 0.019531250 0.035156250 0.023437500 0.011718750 0.015625000 0.023437500 0.023437500 0.007812500 0.011718750 0.007812500 0.023437500 0.011718750 0.007812500 0.003906250 0.019531250 0.007812500 0.003906250 0.007812500 0.011718750 0.011718750 0.011718750 0.015625000 0.015625000 0.007812500 0.023437500 0.015625000 0.003906250 0.019531250 0.007812500 0.003906250 0.007812500 0.007812500 0.003906250 0.015625000 0.011718750 0.011718750 0.015625000 0.003906250 0.003906250 0.003906250 0.019531250 0.023437500 0.015625000 0.031250000 0.019531250 0.011718750 0.023437500 0.011718750 0.011718750 0.007812500 0.011718750 0.019531250 0.031250000 0.015625000 0.007812500 0.011718750 0.000000000 0.003906250 0.015625000 0.003906250 0.015625000 0.027343750 0.011718750 0.015625000 0.015625000 0.015625000 0.000000000 0.015625000 0.003906250 0.011718750 0.015625000 0.019531250 0.015625000 0.023437500 0.011718750 0.015625000 0.007812500 0.015625000 0.019531250 0.011718750 0.011718750 0.007812500 0.015625000 0.011718750 0.011718750 0.007812500 0.003906250 0.003906250 0.011718750 0.007812500 0.011718750 0.019531250 0.015625000 0.003906250 0.011718750 0.007812500 0.003906250 0.023437500 0.019531250 0.015625000 0.019531250 0.003906250 0.003906250 0.007812500 0.007812500 0.003906250 0.023437500 0.023437500 0.027343750 0.019531250 0.015625000 0.015625000 0.019531250 0.007812500 0.015625000 0.007812500 0.019531250 0.019531250 0.011718750 0.015625000 0.011718750 0.011718750 0.019531250 0.003906250 0.003906250 0.011718750 0.019531250 0.019531250 0.007812500 0.023437500 0.011718750 0.007812500 0.003906250 0.007812500 0.000000000 0.019531250 0.007812500 0.015625000 0.023437500 0.019531250 0.011718750 0.019531250 0.011718750 0.003906250 0.015625000 0.011718750 0.011718750 0.011718750 0.015625000 0.007812500 
1.417968750 0.167968750 0.167968750 0.179687500 0.074218750 0.128906250 0.050781250 0.074218750 0.015625000 0.101562500 0.042968750 0.062500000 0.031250000 0.015625000 0.050781250 0.066406250 0.011718750 0.046875000 0.039062500 0.074218750 0.121093750 0.035156250 0.066406250 0.070312500 0.062500000 0.066406250 0.058593750 0.062500000 0.031250000 0.066406250 0.109375000 0.062500000 0.019531250 0.039062500 0.039062500 0.023437500 0.015625000 0.046875000 0.046875000 0.050781250 0.027343750 0.031250000 0.027343750 0.031250000 0.050781250 0.027343750 0.011718750 0.035156250 0.046875000 0.050781250 0.042968750 0.031250000 0.054687500 0.050781250 0.011718750 0.019531250 0.039062500 0.027343750 0.039062500 0.015625000 0.054687500 0.015625000 0.054687500 0.042968750 0.050781250 0.019531250 0.027343750 0.019531250 0.039062500 0.046875000 0.011718750 0.019531250 0.019531250 0.015625000 0.019531250 0.015625000 0.015625000 0.031250000 0.007812500 0.027343750 0.046875000 0.019531250 0.023437500 0.007812500 0.027343750 0.035156250 0.019531250 0.050781250 0.019531250 0.003906250 0.050781250 0.015625000 0.007812500 0.007812500 0.000000000 0.023437500 0.019531250 0.027343750 0.019531250 0.039062500 0.019531250 0.015625000 0.011718750 0.003906250 0.011718750 0.042968750 0.019531250 0.007812500 0.050781250 0.011718750 0.015625000 0.003906250 0.019531250 0.042968750 0.011718750 0.015625000 0.007812500 0.042968750 0.019531250 0.003906250 0.007812500 0.019531250 0.019531250 0.019531250 0.015625000 0.011718750 0.015625000 0.007812500 0.027343750 0.023437500 0.003906250 0.031250000 0.023437500 0.011718750 0.007812500 0.027343750 0.023437500 0.015625000 0.003906250 0.011718750 0.046875000 0.027343750 0.042968750 0.019531250 0.000000000 0.011718750 0.007812500 0.007812500 0.058593750 0.035156250 0.011718750 0.027343750 0.015625000 0.027343750 0.011718750 0.039062500 0.042968750 0.042968750 0.074218750 0.019531250 0.046875000 0.039062500 0.019531250 0.015625000 0.011718750 0.027343750 0.035156250 0.042968750 0.007812500 0.039062500 0.023437500 0.042968750 0.046875000 0.035156250 0.011718750 0.011718750 0.031250000 0.027343750 0.046875000 0.050781250 0.031250000 0.039062500 0.011718750 0.019531250 0.023437500 0.027343750 0.042968750 0.015625000 0.015625000 0.027343750 0.015625000 0.015625000 0.015625000 0.015625000 0.019531250 0.015625000 0.023437500 0.003906250 0.035156250 0.015625000 0.007812500 0.015625000 0.011718750 0.011718750 0.031250000 0.011718750 0.046875000 0.042968750 0.062500000 0.054687500 0.027343750 0.019531250 0.023437500 0.039062500 0.031250000 0.042968750 0.050781250 0.058593750 0.023437500 0.042968750 0.023437500 0.050781250 0.042968750 0.066406250 0.054687500 0.058593750 0.074218750 0.046875000 0.023437500 0.039062500 0.015625000 0.035156250 0.031250000 0.046875000 0.046875000 0.054687500 0.039062500 0.078125000 0.058593750 0.042968750 0.023437500 0.019531250 0.031250000 0.003906250 0.011718750 0.023437500 0.015625000 0.023437500 0.011718750 0.015625000 0.011718750 0.011718750 0.023437500 0.019531250 0.019531250 0.035156250 0.011718750 
1.367187500 0.140625000 0.250000000 0.113281250 0.148437500 0.062500000 0.074218750 0.097656250 0.054687500 0.062500000 0.062500000 0.062500000 0.054687500 0.058593750 0.023437500 0.039062500 0.023437500 0.062500000 0.042968750 0.113281250 0.082031250 0.058593750 0.062500000 0.058593750 0.062500000 0.050781250 0.078125000 0.039062500 0.046875000 0.070312500 0.097656250 0.054687500 0.011718750 0.050781250 0.039062500 0.031250000 0.011718750 0.046875000 0.027343750 0.023437500 0.062500000 0.027343750 0.035156250 0.058593750 0.039062500 0.011718750 0.023437500 0.011718750 0.042968750 0.039062500 0.035156250 0.050781250 0.039062500 0.054687500 0.007812500 0.019531250 0.035156250 0.015625000 0.042968750 0.031250000 0.039062500 0.023437500 0.042968750 0.050781250 0.046875000 0.003906250 0.054687500 0.027343750 0.039062500 0.023437500 0.031250000 0.031250000 0.007812500 0.019531250 0.023437500 0.015625000 0.011718750 0.011718750 0.019531250 0.023437500 0.042968750 0.015625000 0.019531250 0.011718750 0.031250000 0.035156250 0.015625000 0.031250000 0.027343750 0.015625000 0.042968750 0.011718750 0.019531250 0.011718750 0.015625000 0.023437500 0.003906250 0.027343750 0.023437500 0.039062500 0.027343750 0.023437500 0.015625000 0.011718750 0.003906250 0.046875000 0.023437500 0.015625000 0.035156250 0.023437500 0.003906250 0.015625000 0.019531250 0.031250000 0.031250000 0.011718750 0.015625000 0.042968750 0.023437500 0.003906250 0.003906250 0.011718750 0.031250000 0.019531250 0.019531250 0.023437500 0.003906250 0.011718750 0.031250000 0.015625000 0.003906250 0.035156250 0.023437500 0.003906250 0.003906250 0.027343750 0.023437500 0.019531250 0.011718750 0.011718750 0.039062500 0.035156250 0.031250000 0.019531250 0.007812500 0.011718750 0.011718750 0.007812500 0.054687500 0.046875000 0.027343750 0.035156250 0.003906250 0.031250000 0.011718750 0.054687500 0.058593750 0.046875000 0.062500000 0.011718750 0.042968750 0.046875000 0.023437500 0.015625000 0.003906250 0.023437500 0.042968750 0.042968750 0.011718750 0.031250000 0.035156250 0.054687500 0.042968750 0.023437500 0.015625000 0.019531250 0.031250000 0.042968750 0.066406250 0.039062500 0.015625000 0.039062500 0.019531250 0.035156250 0.015625000 0.019531250 0.042968750 0.011718750 0.019531250 0.039062500 0.011718750 0.015625000 0.007812500 0.023437500 0.023437500 0.015625000 0.015625000 0.015625000 0.039062500 0.015625000 0.003906250 0.019531250 0.003906250 0.000000000 0.023437500 0.011718750 0.054687500 0.046875000 0.066406250 0.062500000 0.023437500 0.015625000 0.019531250 0.035156250 0.027343750 0.035156250 0.039062500 0.050781250 0.042968750 0.046875000 0.015625000 0.039062500 0.042968750 0.062500000 0.054687500 0.070312500 0.070312500 0.050781250 0.031250000 0.031250000 0.007812500 0.031250000 0.035156250 0.035156250 0.031250000 0.062500000 0.046875000 0.082031250 0.066406250 0.042968750 0.027343750 0.019531250 0.015625000 0.007812500 0.011718750 0.011718750 0.015625000 0.027343750 0.007812500 0.027343750 0.019531250 0.011718750 0.035156250 0.023437500 0.019531250 0.027343750 0.007812500 
1.644531250 0.246093750 0.113281250 0.093750000 0.050781250 0.054687500 0.019531250 0.062500000 0.089843750 0.046875000 0.015625000 0.023437500 0.023437500 0.050781250 0.039062500 0.035156250 0.011718750 0.031250000 0.046875000 0.054687500 0.039062500 0.035156250 0.023437500 0.023437500 0.027343750 0.046875000 0.050781250 0.023437500 0.015625000 0.019531250 0.019531250 0.027343750 0.042968750 0.062500000 0.042968750 0.031250000 0.031250000 0.011718750 0.023437500 0.011718750 0.039062500 0.035156250 0.027343750 0.062500000 0.042968750 0.019531250 0.023437500 0.000000000 0.023437500 0.011718750 0.015625000 0.015625000 0.003906250 0.027343750 0.019531250 0.015625000 0.019531250 0.023437500 0.019531250 0.015625000 0.039062500 0.035156250 0.023437500 0.015625000 0.015625000 0.031250000 0.042968750 0.027343750 0.023437500 0.019531250 0.042968750 0.023437500 0.011718750 0.015625000 0.011718750 0.015625000 0.003906250 0.007812500 0.003906250 0.007812500 0.039062500 0.015625000 0.015625000 0.027343750 0.015625000 0.019531250 0.031250000 0.027343750 0.015625000 0.011718750 0.019531250 0.027343750 0.007812500 0.015625000 0.019531250 0.015625000 0.011718750 0.015625000 0.039062500 0.019531250 0.011718750 0.015625000 0.019531250 0.015625000 0.007812500 0.042968750 0.019531250 0.015625000 0.023437500 0.011718750 0.007812500 0.015625000 0.019531250 0.027343750 0.031250000 0.007812500 0.019531250 0.027343750 0.031250000 0.011718750 0.007812500 0.011718750 0.031250000 0.023437500 0.007812500 0.023437500 0.011718750 0.015625000 0.019531250 0.015625000 0.019531250 0.023437500 0.015625000 0.007812500 0.007812500 0.023437500 0.019531250 0.023437500 0.003906250 0.019531250 0.035156250 0.035156250 0.027343750 0.027343750 0.000000000 0.011718750 0.023437500 0.015625000 0.031250000 0.035156250 0.042968750 0.019531250 0.011718750 0.011718750 0.031250000 0.039062500 0.062500000 0.058593750 0.039062500 0.027343750 0.042968750 0.039062500 0.031250000 0.007812500 0.011718750 0.027343750 0.039062500 0.027343750 0.027343750 0.015625000 0.035156250 0.046875000 0.050781250 0.023437500 0.015625000 0.015625000 0.027343750 0.042968750 0.066406250 0.035156250 0.015625000 0.027343750 0.035156250 0.019531250 0.027343750 0.035156250 0.027343750 0.011718750 0.027343750 0.019531250 0.023437500 0.011718750 0.003906250 0.015625000 0.035156250 0.015625000 0.011718750 0.019531250 0.023437500 0.007812500 0.015625000 0.015625000 0.007812500 0.003906250 0.019531250 0.003906250 0.039062500 0.058593750 0.062500000 0.058593750 0.031250000 0.015625000 0.019531250 0.023437500 0.015625000 0.011718750 0.046875000 0.058593750 0.039062500 0.031250000 0.039062500 0.035156250 0.035156250 0.066406250 0.058593750 0.062500000 0.074218750 0.050781250 0.031250000 0.027343750 0.015625000 0.027343750 0.042968750 0.027343750 0.039062500 0.054687500 0.054687500 0.078125000 0.066406250 0.039062500 0.027343750 0.019531250 0.011718750 0.011718750 0.007812500 0.003906250 0.007812500 0.011718750 0.011718750 0.019531250 0.011718750 0.019531250 0.027343750 0.023437500 0.023437500 0.015625000 0.019531250 
1.835937500 0.128906250 0.136718750 0.121093750 0.105468750 0.082031250 0.058593750 0.054687500 0.023437500 0.031250000 0.011718750 0.023437500 0.015625000 0.027343750 0.015625000 0.019531250 0.015625000 0.011718750 0.011718750 0.011718750 0.007812500 0.003906250 0.007812500 0.007812500 0.011718750 0.015625000 0.019531250 0.015625000 0.007812500 0.023437500 0.007812500 0.011718750 0.000000000 0.011718750 0.015625000 0.027343750 0.011718750 0.027343750 0.023437500 0.027343750 0.023437500 0.019531250 0.019531250 0.031250000 0.023437500 0.015625000 0.027343750 0.011718750 0.015625000 0.000000000 0.007812500 0.007812500 0.011718750 0.023437500 0.023437500 0.011718750 0.023437500 0.023437500 0.019531250 0.003906250 0.019531250 0.007812500 0.007812500 0.011718750 0.007812500 0.015625000 0.023437500 0.015625000 0.027343750 0.011718750 0.027343750 0.015625000 0.011718750 0.007812500 0.015625000 0.007812500 0.015625000 0.007812500 0.011718750 0.007812500 0.015625000 0.011718750 0.015625000 0.011718750 0.015625000 0.019531250 0.003906250 0.007812500 0.007812500 0.011718750 0.011718750 0.015625000 0.011718750 0.023437500 0.019531250 0.027343750 0.023437500 0.007812500 0.027343750 0.007812500 0.011718750 0.019531250 0.019531250 0.019531250 0.000000000 0.031250000 0.007812500 0.015625000 0.015625000 0.015625000 0.007812500 0.015625000 0.015625000 0.015625000 0.019531250 0.019531250 0.015625000 0.007812500 0.023437500 0.007812500 0.019531250 0.015625000 0.015625000 0.015625000 0.007812500 0.015625000 0.007812500 0.003906250 0.007812500 0.011718750 0.003906250 0.011718750 0.007812500 0.007812500 0.011718750 0.011718750 0.007812500 0.007812500 0.011718750 0.007812500 0.011718750 0.007812500 0.011718750 0.015625000 0.003906250 0.007812500 0.015625000 0.023437500 0.015625000 0.019531250 0.035156250 0.019531250 0.031250000 0.023437500 0.027343750 0.027343750 0.023437500 0.011718750 0.023437500 0.019531250 0.011718750 0.003906250 0.007812500 0.003906250 0.011718750 0.015625000 0.015625000 0.003906250 0.015625000 0.015625000 0.015625000 0.011718750 0.015625000 0.007812500 0.027343750 0.011718750 0.019531250 0.011718750 0.027343750 0.011718750 0.027343750 0.007812500 0.019531250 0.011718750 0.011718750 0.007812500 0.007812500 0.007812500 0.023437500 0.011718750 0.027343750 0.007812500 0.019531250 0.015625000 0.011718750 0.003906250 0.007812500 0.007812500 0.019531250 0.011718750 0.003906250 0.015625000 0.011718750 0.003906250 0.019531250 0.023437500 0.031250000 0.031250000 0.035156250 0.050781250 0.023437500 0.039062500 0.035156250 0.019531250 0.019531250 0.011718750 0.027343750 0.027343750 0.015625000 0.039062500 0.015625000 0.023437500 0.019531250 0.015625000 0.011718750 0.011718750 0.011718750 0.023437500 0.019531250 0.003906250 0.023437500 0.015625000 0.023437500 0.023437500 0.027343750 0.035156250 0.019531250 0.031250000 0.031250000 0.023437500 0.019531250 0.023437500 0.015625000 0.003906250 0.007812500 0.007812500 0.003906250 0.011718750 0.003906250 0.011718750 0.019531250 0.007812500 0.007812500 0.011718750 0.015625000 0.003906250 0.007812500 
1.871093750 0.082031250 0.070312500 0.046875000 0.074218750 0.074218750 0.066406250 0.011718750 0.011718750 0.039062500 0.023437500 0.019531250 0.039062500 0.035156250 0.023437500 0.003906250 0.031250000 0.039062500 0.046875000 0.023437500 0.003906250 0.031250000 0.042968750 0.027343750 0.011718750 0.027343750 0.042968750 0.039062500 0.023437500 0.015625000 0.027343750 0.039062500 0.031250000 0.015625000 0.011718750 0.019531250 0.015625000 0.015625000 0.039062500 0.015625000 0.015625000 0.031250000 0.050781250 0.042968750 0.046875000 0.023437500 0.031250000 0.042968750 0.035156250 0.031250000 0.023437500 0.015625000 0.015625000 0.015625000 0.003906250 0.007812500 0.015625000 0.015625000 0.003906250 0.003906250 0.023437500 0.015625000 0.019531250 0.007812500 0.007812500 0.003906250 0.007812500 0.023437500 0.011718750 0.027343750 0.011718750 0.003906250 0.011718750 0.023437500 0.011718750 0.015625000 0.019531250 0.003906250 0.011718750 0.011718750 0.015625000 0.015625000 0.019531250 0.000000000 0.007812500 0.015625000 0.011718750 0.019531250 0.011718750 0.019531250 0.011718750 0.011718750 0.007812500 0.007812500 0.011718750 0.019531250 0.011718750 0.015625000 0.003906250 0.023437500 0.019531250 0.023437500 0.015625000 0.011718750 0.007812500 0.031250000 0.007812500 0.023437500 0.007812500 0.015625000 0.003906250 0.011718750 0.019531250 0.007812500 0.019531250 0.015625000 0.007812500 0.019531250 0.011718750 0.031250000 0.027343750 0.039062500 0.015625000 0.023437500 0.019531250 0.031250000 0.027343750 0.019531250 0.007812500 0.011718750 0.003906250 0.023437500 0.015625000 0.023437500 0.011718750 0.007812500 0.019531250 0.019531250 0.023437500 0.023437500 0.015625000 0.015625000 0.003906250 0.011718750 0.007812500 0.000000000 0.007812500 0.015625000 0.015625000 0.007812500 0.007812500 0.023437500 0.023437500 0.031250000 0.019531250 0.007812500 0.007812500 0.019531250 0.011718750 0.019531250 0.003906250 0.000000000 0.007812500 0.007812500 0.011718750 0.000000000 0.015625000 0.003906250 0.003906250 0.007812500 0.015625000 0.011718750 0.027343750 0.007812500 0.011718750 0.019531250 0.015625000 0.023437500 0.019531250 0.015625000 0.011718750 0.031250000 0.015625000 0.015625000 0.011718750 0.011718750 0.007812500 0.015625000 0.015625000 0.003906250 0.019531250 0.007812500 0.015625000 0.011718750 0.011718750 0.003906250 0.007812500 0.011718750 0.011718750 0.011718750 0.003906250 0.019531250 0.011718750 0.007812500 0.007812500 0.019531250 0.027343750 0.027343750 0.023437500 0.007812500 0.031250000 0.015625000 0.027343750 0.011718750 0.019531250 0.011718750 0.027343750 0.007812500 0.015625000 0.015625000 0.015625000 0.015625000 0.007812500 0.011718750 0.019531250 0.011718750 0.031250000 0.011718750 0.015625000 0.007812500 0.019531250 0.003906250 0.007812500 0.019531250 0.027343750 0.023437500 0.015625000 0.007812500 0.011718750 0.015625000 0.019531250 0.011718750 0.011718750 0.015625000 0.007812500 0.011718750 0.003906250 0.003906250 0.007812500 0.007812500 0.007812500 0.003906250 0.003906250 0.003906250 0.003906250 0.015625000 0.003906250 
1.535156250 0.277343750 0.179687500 0.171875000 0.109375000 0.085937500 0.148437500 0.023437500 0.058593750 0.058593750 0.070312500 0.046875000 0.039062500 0.011718750 0.050781250 0.046875000 0.066406250 0.019531250 0.062500000 0.062500000 0.042968750 0.074218750 0.046875000 0.011718750 0.019531250 0.050781250 0.031250000 0.039062500 0.042968750 0.050781250 0.035156250 0.039062500 0.039062500 0.078125000 0.062500000 0.023437500 0.003906250 0.042968750 0.062500000 0.015625000 0.019531250 0.058593750 0.039062500 0.031250000 0.054687500 0.019531250 0.042968750 0.015625000 0.054687500 0.046875000 0.019531250 0.011718750 0.027343750 0.007812500 0.011718750 0.023437500 0.007812500 0.035156250 0.035156250 0.035156250 0.015625000 0.035156250 0.007812500 0.007812500 0.027343750 0.039062500 0.046875000 0.015625000 0.031250000 0.007812500 0.019531250 0.011718750 0.007812500 0.023437500 0.031250000 0.019531250 0.019531250 0.007812500 0.007812500 0.011718750 0.015625000 0.023437500 0.011718750 0.011718750 0.011718750 0.019531250 0.019531250 0.046875000 0.015625000 0.031250000 0.019531250 0.015625000 0.015625000 0.027343750 0.023437500 0.027343750 0.023437500 0.015625000 0.003906250 0.035156250 0.023437500 0.023437500 0.027343750 0.039062500 0.023437500 0.035156250 0.011718750 0.031250000 0.027343750 0.003906250 0.003906250 0.019531250 0.003906250 0.011718750 0.015625000 0.015625000 0.011718750 0.027343750 0.023437500 0.023437500 0.027343750 0.035156250 0.023437500 0.011718750 0.031250000 0.015625000 0.035156250 0.023437500 0.003906250 0.019531250 0.000000000 0.023437500 0.003906250 0.031250000 0.019531250 0.011718750 0.019531250 0.019531250 0.027343750 0.031250000 0.007812500 0.015625000 0.007812500 0.007812500 0.003906250 0.011718750 0.031250000 0.011718750 0.011718750 0.011718750 0.015625000 0.023437500 0.023437500 0.023437500 0.015625000 0.015625000 0.015625000 0.031250000 0.011718750 0.011718750 0.011718750 0.007812500 0.011718750 0.007812500 0.015625000 0.011718750 0.015625000 0.011718750 0.011718750 0.023437500 0.031250000 0.003906250 0.039062500 0.015625000 0.019531250 0.015625000 0.015625000 0.015625000 0.039062500 0.003906250 0.019531250 0.019531250 0.007812500 0.027343750 0.019531250 0.019531250 0.007812500 0.011718750 0.015625000 0.011718750 0.023437500 0.007812500 0.015625000 0.019531250 0.019531250 0.019531250 0.023437500 0.011718750 0.015625000 0.027343750 0.003906250 0.031250000 0.023437500 0.023437500 0.015625000 0.019531250 0.019531250 0.027343750 0.027343750 0.023437500 0.015625000 0.015625000 0.035156250 0.023437500 0.011718750 0.011718750 0.023437500 0.019531250 0.015625000 0.015625000 0.011718750 0.000000000 0.019531250 0.011718750 0.019531250 0.019531250 0.023437500 0.023437500 0.003906250 0.027343750 0.011718750 0.011718750 0.019531250 0.015625000 0.023437500 0.023437500 0.007812500 0.023437500 0.011718750 0.000000000 0.031250000 0.015625000 0.015625000 0.011718750 0.015625000 0.019531250 0.019531250 0.023437500 0.023437500 0.007812500 0.007812500 0.011718750 0.007812500 0.015625000 0.011718750 0.011718750 0.019531250 
1.347656250 0.289062500 0.101562500 0.203125000 0.218750000 0.160156250 0.070312500 0.042968750 0.039062500 0.066406250 0.054687500 0.046875000 0.062500000 0.046875000 0.105468750 0.027343750 0.023437500 0.058593750 0.050781250 0.070312500 0.066406250 0.054687500 0.050781250 0.058593750 0.070312500 0.019531250 0.039062500 0.027343750 0.023437500 0.058593750 0.050781250 0.054687500 0.066406250 0.074218750 0.050781250 0.011718750 0.027343750 0.031250000 0.078125000 0.015625000 0.015625000 0.058593750 0.050781250 0.046875000 0.035156250 0.011718750 0.058593750 0.035156250 0.074218750 0.019531250 0.027343750 0.015625000 0.027343750 0.027343750 0.011718750 0.011718750 0.035156250 0.015625000 0.039062500 0.027343750 0.007812500 0.050781250 0.011718750 0.007812500 0.023437500 0.023437500 0.054687500 0.023437500 0.023437500 0.027343750 0.035156250 0.019531250 0.027343750 0.007812500 0.031250000 0.046875000 0.015625000 0.031250000 0.023437500 0.035156250 0.035156250 0.027343750 0.015625000 0.042968750 0.039062500 0.023437500 0.027343750 0.023437500 0.015625000 0.011718750 0.039062500 0.031250000 0.023437500 0.027343750 0.039062500 0.046875000 0.007812500 0.015625000 0.011718750 0.039062500 0.023437500 0.031250000 0.023437500 0.023437500 0.019531250 0.031250000 0.011718750 0.019531250 0.035156250 0.015625000 0.011718750 0.027343750 0.031250000 0.019531250 0.015625000 0.011718750 0.007812500 0.031250000 0.023437500 0.023437500 0.027343750 0.042968750 0.027343750 0.011718750 0.023437500 0.023437500 0.046875000 0.023437500 0.011718750 0.011718750 0.015625000 0.015625000 0.011718750 0.035156250 0.019531250 0.015625000 0.011718750 0.019531250 0.039062500 0.019531250 0.019531250 0.003906250 0.011718750 0.015625000 0.003906250 0.011718750 0.042968750 0.003906250 0.003906250 0.019531250 0.015625000 0.027343750 0.011718750 0.023437500 0.019531250 0.011718750 0.023437500 0.031250000 0.015625000 0.015625000 0.015625000 0.003906250 0.003906250 0.011718750 0.011718750 0.011718750 0.007812500 0.019531250 0.007812500 0.027343750 0.023437500 0.011718750 0.046875000 0.023437500 0.011718750 0.015625000 0.023437500 0.031250000 0.023437500 0.015625000 0.031250000 0.015625000 0.015625000 0.023437500 0.015625000 0.019531250 0.007812500 0.019531250 0.007812500 0.007812500 0.019531250 0.007812500 0.007812500 0.027343750 0.011718750 0.019531250 0.015625000 0.011718750 0.015625000 0.023437500 0.007812500 0.023437500 0.035156250 0.035156250 0.007812500 0.011718750 0.023437500 0.023437500 0.023437500 0.031250000 0.007812500 0.023437500 0.023437500 0.035156250 0.019531250 0.015625000 0.011718750 0.023437500 0.015625000 0.011718750 0.023437500 0.011718750 0.019531250 0.011718750 0.011718750 0.031250000 0.011718750 0.027343750 0.015625000 0.027343750 0.015625000 0.011718750 0.027343750 0.011718750 0.019531250 0.019531250 0.011718750 0.027343750 0.011718750 0.003906250 0.027343750 0.027343750 0.023437500 0.015625000 0.019531250 0.011718750 0.015625000 0.027343750 0.015625000 0.015625000 0.015625000 0.003906250 0.007812500 0.011718750 0.011718750 0.007812500 0.035156250 
1.390625000 0.328125000 0.085937500 0.160156250 0.250000000 0.105468750 0.074218750 0.062500000 0.023437500 0.089843750 0.046875000 0.023437500 0.078125000 0.042968750 0.082031250 0.070312500 0.050781250 0.011718750 0.023437500 0.070312500 0.070312500 0.062500000 0.050781250 0.046875000 0.074218750 0.031250000 0.007812500 0.066406250 0.023437500 0.058593750 0.054687500 0.046875000 0.082031250 0.050781250 0.074218750 0.015625000 0.035156250 0.050781250 0.054687500 0.039062500 0.027343750 0.019531250 0.035156250 0.027343750 0.011718750 0.023437500 0.023437500 0.007812500 0.039062500 0.027343750 0.039062500 0.015625000 0.019531250 0.035156250 0.011718750 0.007812500 0.023437500 0.011718750 0.058593750 0.011718750 0.023437500 0.046875000 0.015625000 0.003906250 0.035156250 0.023437500 0.042968750 0.042968750 0.019531250 0.039062500 0.019531250 0.011718750 0.027343750 0.011718750 0.035156250 0.035156250 0.023437500 0.023437500 0.039062500 0.011718750 0.042968750 0.015625000 0.023437500 0.039062500 0.042968750 0.015625000 0.035156250 0.011718750 0.007812500 0.007812500 0.027343750 0.039062500 0.019531250 0.031250000 0.039062500 0.039062500 0.015625000 0.007812500 0.023437500 0.023437500 0.011718750 0.019531250 0.035156250 0.011718750 0.031250000 0.019531250 0.000000000 0.023437500 0.019531250 0.031250000 0.003906250 0.023437500 0.039062500 0.015625000 0.003906250 0.011718750 0.003906250 0.027343750 0.015625000 0.023437500 0.003906250 0.019531250 0.015625000 0.007812500 0.003906250 0.027343750 0.035156250 0.015625000 0.023437500 0.023437500 0.015625000 0.011718750 0.003906250 0.019531250 0.035156250 0.015625000 0.027343750 0.007812500 0.019531250 0.011718750 0.007812500 0.031250000 0.023437500 0.015625000 0.007812500 0.027343750 0.031250000 0.023437500 0.015625000 0.031250000 0.007812500 0.023437500 0.023437500 0.019531250 0.007812500 0.003906250 0.035156250 0.035156250 0.003906250 0.023437500 0.011718750 0.011718750 0.011718750 0.023437500 0.007812500 0.031250000 0.003906250 0.015625000 0.007812500 0.027343750 0.027343750 0.007812500 0.042968750 0.027343750 0.007812500 0.011718750 0.031250000 0.007812500 0.011718750 0.031250000 0.011718750 0.007812500 0.015625000 0.015625000 0.027343750 0.015625000 0.007812500 0.015625000 0.019531250 0.015625000 0.011718750 0.007812500 0.011718750 0.007812500 0.015625000 0.023437500 0.015625000 0.011718750 0.011718750 0.031250000 0.011718750 0.019531250 0.031250000 0.031250000 0.011718750 0.003906250 0.015625000 0.007812500 0.007812500 0.007812500 0.015625000 0.015625000 0.003906250 0.039062500 0.003906250 0.011718750 0.019531250 0.011718750 0.019531250 0.011718750 0.019531250 0.019531250 0.011718750 0.019531250 0.003906250 0.015625000 0.015625000 0.019531250 0.031250000 0.019531250 0.011718750 0.015625000 0.023437500 0.003906250 0.007812500 0.019531250 0.003906250 0.019531250 0.007812500 0.015625000 0.011718750 0.019531250 0.011718750 0.027343750 0.011718750 0.007812500 0.015625000 0.023437500 0.015625000 0.007812500 0.015625000 0.007812500 0.007812500 0.015625000 0.015625000 0.011718750 0.031250000 
1.800781250 0.062500000 0.160156250 0.289062500 0.417968750 0.460937500 0.640625000 0.644531250 0.718750000 0.656250000 0.441406250 0.304687500 0.191406250 0.218750000 0.246093750 0.246093750 0.242187500 0.199218750 0.207031250 0.148437500 0.113281250 0.109375000 0.132812500 0.136718750 0.066406250 0.109375000 0.085937500 0.078125000 0.117187500 0.054687500 0.066406250 0.046875000 0.085937500 0.078125000 0.035156250 0.082031250 0.085937500 0.027343750 0.039062500 0.039062500 0.078125000 0.066406250 0.050781250 0.062500000 0.070312500 0.078125000 0.101562500 0.078125000 0.035156250 0.058593750 0.066406250 0.054687500 0.078125000 0.074218750 0.042968750 0.031250000 0.019531250 0.066406250 0.101562500 0.062500000 0.062500000 0.031250000 0.003906250 0.031250000 0.011718750 0.035156250 0.031250000 0.023437500 0.046875000 0.027343750 0.035156250 0.031250000 0.015625000 0.019531250 0.007812500 0.015625000 0.046875000 0.050781250 0.066406250 0.054687500 0.058593750 0.027343750 0.039062500 0.023437500 0.003906250 0.027343750 0.023437500 0.015625000 0.023437500 0.035156250 0.046875000 0.023437500 0.035156250 0.031250000 0.042968750 0.062500000 0.031250000 0.027343750 0.039062500 0.039062500 0.042968750 0.042968750 0.023437500 0.015625000 0.023437500 0.015625000 0.023437500 0.050781250 0.046875000 0.042968750 0.023437500 0.019531250 0.003906250 0.042968750 0.023437500 0.023437500 0.027343750 0.023437500 0.015625000 0.019531250 0.011718750 0.003906250 0.015625000 0.015625000 0.007812500 0.035156250 0.046875000 0.027343750 0.042968750 0.023437500 0.031250000 0.015625000 0.023437500 0.027343750 0.027343750 0.031250000 0.015625000 0.023437500 0.019531250 0.027343750 0.019531250 0.027343750 0.011718750 0.019531250 0.031250000 0.042968750 0.035156250 0.035156250 0.011718750 0.042968750 0.027343750 0.007812500 0.042968750 0.011718750 0.011718750 0.003906250 0.027343750 0.027343750 0.015625000 0.035156250 0.011718750 0.023437500 0.007812500 0.027343750 0.015625000 0.031250000 0.019531250 0.019531250 0.027343750 0.007812500 0.015625000 0.011718750 0.031250000 0.023437500 0.011718750 0.015625000 0.031250000 0.015625000 0.015625000 0.011718750 0.003906250 0.011718750 0.019531250 0.015625000 0.007812500 0.003906250 0.007812500 0.019531250 0.023437500 0.027343750 0.007812500 0.015625000 0.031250000 0.019531250 0.023437500 0.031250000 0.031250000 0.015625000 0.035156250 0.042968750 0.015625000 0.027343750 0.019531250 0.007812500 0.007812500 0.015625000 0.007812500 0.011718750 0.007812500 0.007812500 0.019531250 0.019531250 0.031250000 0.027343750 0.003906250 0.007812500 0.019531250 0.003906250 0.015625000 0.019531250 0.027343750 0.003906250 0.015625000 0.011718750 0.015625000 0.011718750 0.031250000 0.015625000 0.019531250 0.015625000 0.019531250 0.011718750 0.023437500 0.007812500 0.007812500 0.015625000 0.003906250 0.023437500 0.015625000 0.007812500 0.003906250 0.015625000 0.007812500 0.015625000 0.019531250 0.015625000 0.023437500 0.035156250 0.031250000 0.023437500 0.027343750 0.015625000 0.011718750 0.023437500 0.011718750 0.011718750 0.027343750 
1.746093750 0.125000000 0.230468750 0.394531250 0.636718750 1.367187500 2.476562500 3.199218750 2.691406250 1.390625000 0.503906250 0.203125000 0.203125000 0.308593750 0.136718750 0.078125000 0.175781250 0.074218750 0.062500000 0.097656250 0.085937500 0.078125000 0.082031250 0.105468750 0.097656250 0.093750000 0.078125000 0.070312500 0.039062500 0.035156250 0.027343750 0.050781250 0.050781250 0.058593750 0.066406250 0.023437500 0.046875000 0.074218750 0.031250000 0.046875000 0.019531250 0.046875000 0.031250000 0.058593750 0.027343750 0.058593750 0.031250000 0.082031250 0.035156250 0.023437500 0.015625000 0.015625000 0.023437500 0.023437500 0.054687500 0.015625000 0.062500000 0.046875000 0.062500000 0.039062500 0.066406250 0.019531250 0.039062500 0.011718750 0.000000000 0.019531250 0.011718750 0.031250000 0.031250000 0.097656250 0.074218750 0.054687500 0.074218750 0.050781250 0.019531250 0.023437500 0.015625000 0.011718750 0.031250000 0.066406250 0.058593750 0.019531250 0.019531250 0.023437500 0.011718750 0.003906250 0.039062500 0.007812500 0.003906250 0.023437500 0.050781250 0.019531250 0.031250000 0.003906250 0.027343750 0.023437500 0.015625000 0.023437500 0.011718750 0.031250000 0.007812500 0.019531250 0.023437500 0.000000000 0.035156250 0.023437500 0.031250000 0.035156250 0.031250000 0.035156250 0.003906250 0.015625000 0.015625000 0.015625000 0.027343750 0.035156250 0.007812500 0.007812500 0.023437500 0.019531250 0.011718750 0.007812500 0.003906250 0.023437500 0.027343750 0.015625000 0.035156250 0.015625000 0.046875000 0.027343750 0.027343750 0.007812500 0.007812500 0.011718750 0.023437500 0.023437500 0.003906250 0.035156250 0.015625000 0.007812500 0.039062500 0.050781250 0.015625000 0.019531250 0.062500000 0.015625000 0.003906250 0.035156250 0.035156250 0.011718750 0.019531250 0.019531250 0.039062500 0.015625000 0.019531250 0.031250000 0.027343750 0.019531250 0.023437500 0.035156250 0.023437500 0.011718750 0.023437500 0.015625000 0.011718750 0.015625000 0.023437500 0.007812500 0.003906250 0.023437500 0.011718750 0.015625000 0.031250000 0.015625000 0.023437500 0.019531250 0.039062500 0.011718750 0.015625000 0.015625000 0.023437500 0.023437500 0.019531250 0.023437500 0.050781250 0.039062500 0.011718750 0.027343750 0.015625000 0.023437500 0.003906250 0.003906250 0.023437500 0.011718750 0.003906250 0.027343750 0.019531250 0.000000000 0.019531250 0.023437500 0.011718750 0.007812500 0.019531250 0.031250000 0.031250000 0.015625000 0.007812500 0.011718750 0.023437500 0.019531250 0.015625000 0.019531250 0.019531250 0.011718750 0.019531250 0.011718750 0.011718750 0.007812500 0.015625000 0.015625000 0.027343750 0.011718750 0.035156250 0.007812500 0.023437500 0.027343750 0.003906250 0.003906250 0.007812500 0.023437500 0.011718750 0.011718750 0.011718750 0.011718750 0.007812500 0.011718750 0.015625000 0.007812500 0.015625000 0.023437500 0.011718750 0.023437500 0.007812500 0.023437500 0.015625000 0.011718750 0.031250000 0.027343750 0.007812500 0.019531250 0.007812500 0.023437500 0.027343750 0.003906250 0.031250000 0.031250000 0.003906250 
1.410156250 0.269531250 0.417968750 0.425781250 1.000000000 3.121093750 3.875000000 2.042968750 2.945312500 1.554687500 2.304687500 1.675781250 0.808593750 0.359375000 0.121093750 0.214843750 0.128906250 0.050781250 0.113281250 0.121093750 0.074218750 0.074218750 0.093750000 0.085937500 0.093750000 0.097656250 0.042968750 0.039062500 0.050781250 0.066406250 0.058593750 0.031250000 0.070312500 0.046875000 0.093750000 0.019531250 0.070312500 0.027343750 0.035156250 0.039062500 0.050781250 0.027343750 0.050781250 0.019531250 0.054687500 0.078125000 0.058593750 0.046875000 0.023437500 0.027343750 0.062500000 0.019531250 0.011718750 0.011718750 0.062500000 0.019531250 0.035156250 0.027343750 0.027343750 0.058593750 0.070312500 0.050781250 0.058593750 0.042968750 0.046875000 0.054687500 0.046875000 0.035156250 0.007812500 0.117187500 0.058593750 0.054687500 0.109375000 0.109375000 0.019531250 0.042968750 0.039062500 0.035156250 0.062500000 0.035156250 0.062500000 0.011718750 0.039062500 0.039062500 0.027343750 0.039062500 0.042968750 0.023437500 0.039062500 0.015625000 0.035156250 0.035156250 0.035156250 0.003906250 0.031250000 0.023437500 0.007812500 0.039062500 0.027343750 0.027343750 0.023437500 0.015625000 0.042968750 0.035156250 0.015625000 0.015625000 0.031250000 0.042968750 0.011718750 0.027343750 0.031250000 0.023437500 0.023437500 0.019531250 0.023437500 0.039062500 0.019531250 0.019531250 0.031250000 0.027343750 0.003906250 0.011718750 0.015625000 0.011718750 0.023437500 0.035156250 0.015625000 0.019531250 0.027343750 0.023437500 0.015625000 0.019531250 0.015625000 0.015625000 0.027343750 0.027343750 0.042968750 0.019531250 0.011718750 0.031250000 0.011718750 0.039062500 0.003906250 0.011718750 0.058593750 0.011718750 0.015625000 0.035156250 0.023437500 0.003906250 0.031250000 0.023437500 0.019531250 0.023437500 0.011718750 0.039062500 0.042968750 0.023437500 0.042968750 0.035156250 0.031250000 0.015625000 0.015625000 0.003906250 0.019531250 0.027343750 0.039062500 0.015625000 0.015625000 0.031250000 0.019531250 0.027343750 0.019531250 0.023437500 0.027343750 0.007812500 0.019531250 0.046875000 0.015625000 0.015625000 0.054687500 0.023437500 0.007812500 0.035156250 0.023437500 0.039062500 0.019531250 0.007812500 0.003906250 0.015625000 0.007812500 0.007812500 0.031250000 0.019531250 0.011718750 0.007812500 0.019531250 0.042968750 0.031250000 0.035156250 0.011718750 0.003906250 0.027343750 0.019531250 0.042968750 0.015625000 0.015625000 0.011718750 0.027343750 0.015625000 0.007812500 0.027343750 0.027343750 0.011718750 0.031250000 0.000000000 0.019531250 0.035156250 0.027343750 0.023437500 0.019531250 0.023437500 0.023437500 0.007812500 0.027343750 0.019531250 0.011718750 0.023437500 0.035156250 0.035156250 0.027343750 0.027343750 0.027343750 0.039062500 0.027343750 0.039062500 0.007812500 0.007812500 0.031250000 0.019531250 0.019531250 0.027343750 0.019531250 0.015625000 0.003906250 0.015625000 0.027343750 0.003906250 0.035156250 0.023437500 0.011718750 0.019531250 0.019531250 0.023437500 0.027343750 0.027343750 0.019531250 
1.792968750 0.187500000 0.410156250 0.550781250 1.343750000 4.062500000 3.128906250 0.976562500 4.296875000 2.027343750 3.648437500 0.582031250 1.312500000 0.558593750 0.371093750 0.488281250 0.347656250 0.382812500 0.316406250 0.257812500 0.156250000 0.257812500 0.167968750 0.226562500 0.148437500 0.191406250 0.144531250 0.191406250 0.152343750 0.160156250 0.128906250 0.121093750 0.167968750 0.144531250 0.097656250 0.105468750 0.121093750 0.121093750 0.132812500 0.117187500 0.093750000 0.085937500 0.113281250 0.082031250 0.093750000 0.089843750 0.074218750 0.117187500 0.109375000 0.117187500 0.039062500 0.066406250 0.082031250 0.101562500 0.113281250 0.054687500 0.097656250 0.058593750 0.050781250 0.062500000 0.035156250 0.128906250 0.027343750 0.089843750 0.093750000 0.070312500 0.132812500 0.023437500 0.050781250 0.136718750 0.132812500 0.218750000 0.226562500 0.066406250 0.039062500 0.074218750 0.031250000 0.066406250 0.046875000 0.085937500 0.082031250 0.054687500 0.027343750 0.066406250 0.074218750 0.039062500 0.058593750 0.066406250 0.039062500 0.027343750 0.027343750 0.050781250 0.058593750 0.039062500 0.035156250 0.054687500 0.058593750 0.050781250 0.035156250 0.046875000 0.023437500 0.074218750 0.042968750 0.050781250 0.046875000 0.031250000 0.035156250 0.027343750 0.039062500 0.050781250 0.070312500 0.062500000 0.046875000 0.039062500 0.039062500 0.074218750 0.058593750 0.035156250 0.058593750 0.027343750 0.066406250 0.058593750 0.039062500 0.054687500 0.027343750 0.054687500 0.035156250 0.042968750 0.046875000 0.085937500 0.042968750 0.046875000 0.062500000 0.050781250 0.015625000 0.042968750 0.019531250 0.031250000 0.011718750 0.031250000 0.039062500 0.058593750 0.031250000 0.035156250 0.066406250 0.062500000 0.042968750 0.050781250 0.015625000 0.046875000 0.027343750 0.027343750 0.039062500 0.027343750 0.019531250 0.035156250 0.062500000 0.054687500 0.011718750 0.042968750 0.019531250 0.027343750 0.023437500 0.027343750 0.042968750 0.019531250 0.058593750 0.007812500 0.023437500 0.050781250 0.027343750 0.058593750 0.019531250 0.015625000 0.023437500 0.019531250 0.015625000 0.074218750 0.023437500 0.035156250 0.050781250 0.035156250 0.007812500 0.015625000 0.066406250 0.062500000 0.035156250 0.031250000 0.019531250 0.046875000 0.062500000 0.050781250 0.042968750 0.019531250 0.042968750 0.027343750 0.054687500 0.027343750 0.062500000 0.015625000 0.062500000 0.042968750 0.027343750 0.031250000 0.035156250 0.054687500 0.039062500 0.046875000 0.023437500 0.035156250 0.023437500 0.035156250 0.050781250 0.042968750 0.042968750 0.011718750 0.035156250 0.027343750 0.058593750 0.027343750 0.035156250 0.054687500 0.031250000 0.050781250 0.027343750 0.027343750 0.011718750 0.027343750 0.035156250 0.011718750 0.054687500 0.050781250 0.019531250 0.050781250 0.039062500 0.046875000 0.046875000 0.023437500 0.003906250 0.035156250 0.046875000 0.035156250 0.039062500 0.035156250 0.015625000 0.035156250 0.035156250 0.039062500 0.015625000 0.027343750 0.011718750 0.058593750 0.035156250 0.035156250 0.011718750 0.046875000 0.019531250 
1.406250000 0.152343750 0.054687500 0.285156250 0.777343750 4.976562500 2.437500000 1.750000000 1.898437500 3.328125000 4.890625000 1.550781250 0.746093750 0.042968750 0.347656250 0.179687500 0.128906250 0.058593750 0.035156250 0.152343750 0.183593750 0.156250000 0.074218750 0.066406250 0.054687500 0.062500000 0.042968750 0.082031250 0.039062500 0.019531250 0.042968750 0.027343750 0.039062500 0.062500000 0.054687500 0.031250000 0.023437500 0.050781250 0.027343750 0.027343750 0.019531250 0.023437500 0.039062500 0.046875000 0.023437500 0.042968750 0.035156250 0.035156250 0.035156250 0.078125000 0.039062500 0.023437500 0.011718750 0.074218750 0.070312500 0.019531250 0.035156250 0.011718750 0.042968750 0.089843750 0.078125000 0.109375000 0.042968750 0.113281250 0.082031250 0.140625000 0.078125000 0.078125000 0.031250000 0.019531250 0.226562500 0.121093750 0.179687500 0.082031250 0.144531250 0.160156250 0.074218750 0.054687500 0.035156250 0.027343750 0.023437500 0.042968750 0.054687500 0.054687500 0.011718750 0.042968750 0.062500000 0.093750000 0.042968750 0.058593750 0.074218750 0.039062500 0.042968750 0.093750000 0.105468750 0.097656250 0.097656250 0.085937500 0.074218750 0.078125000 0.039062500 0.054687500 0.062500000 0.007812500 0.035156250 0.023437500 0.007812500 0.031250000 0.035156250 0.003906250 0.039062500 0.023437500 0.031250000 0.011718750 0.019531250 0.011718750 0.019531250 0.003906250 0.011718750 0.015625000 0.035156250 0.027343750 0.007812500 0.039062500 0.027343750 0.003906250 0.027343750 0.046875000 0.039062500 0.027343750 0.023437500 0.015625000 0.015625000 0.023437500 0.039062500 0.003906250 0.027343750 0.011718750 0.011718750 0.011718750 0.035156250 0.015625000 0.015625000 0.007812500 0.035156250 0.003906250 0.027343750 0.023437500 0.031250000 0.027343750 0.011718750 0.031250000 0.023437500 0.035156250 0.039062500 0.046875000 0.031250000 0.003906250 0.023437500 0.062500000 0.019531250 0.019531250 0.003906250 0.011718750 0.011718750 0.019531250 0.027343750 0.035156250 0.019531250 0.023437500 0.011718750 0.023437500 0.042968750 0.031250000 0.011718750 0.031250000 0.027343750 0.039062500 0.011718750 0.015625000 0.050781250 0.031250000 0.046875000 0.042968750 0.007812500 0.015625000 0.015625000 0.027343750 0.023437500 0.035156250 0.031250000 0.015625000 0.011718750 0.011718750 0.023437500 0.011718750 0.019531250 0.019531250 0.042968750 0.015625000 0.042968750 0.019531250 0.007812500 0.046875000 0.003906250 0.011718750 0.031250000 0.031250000 0.031250000 0.007812500 0.015625000 0.023437500 0.019531250 0.003906250 0.050781250 0.042968750 0.015625000 0.035156250 0.035156250 0.015625000 0.011718750 0.035156250 0.007812500 0.015625000 0.031250000 0.027343750 0.035156250 0.023437500 0.023437500 0.007812500 0.035156250 0.031250000 0.015625000 0.035156250 0.039062500 0.015625000 0.039062500 0.007812500 0.023437500 0.011718750 0.023437500 0.035156250 0.027343750 0.003906250 0.031250000 0.000000000 0.011718750 0.027343750 0.015625000 0.011718750 0.027343750 0.050781250 0.019531250 0.003906250 0.031250000 0.039062500 0.015625000 
1.023437500 0.289062500 0.562500000 0.824218750 1.410156250 4.589843750 0.871093750 1.921875000 2.484375000 3.109375000 5.644531250 1.179687500 0.906250000 0.691406250 0.300781250 0.875000000 0.503906250 0.488281250 0.488281250 0.398437500 0.386718750 0.320312500 0.339843750 0.296875000 0.289062500 0.253906250 0.250000000 0.316406250 0.218750000 0.226562500 0.230468750 0.230468750 0.191406250 0.191406250 0.117187500 0.187500000 0.160156250 0.195312500 0.117187500 0.144531250 0.121093750 0.140625000 0.167968750 0.140625000 0.132812500 0.101562500 0.140625000 0.132812500 0.105468750 0.171875000 0.093750000 0.109375000 0.101562500 0.125000000 0.140625000 0.085937500 0.109375000 0.101562500 0.074218750 0.136718750 0.023437500 0.171875000 0.082031250 0.179687500 0.128906250 0.066406250 0.148437500 0.171875000 0.062500000 0.066406250 0.214843750 0.035156250 0.164062500 0.339843750 0.089843750 0.238281250 0.074218750 0.191406250 0.101562500 0.070312500 0.113281250 0.031250000 0.140625000 0.062500000 0.082031250 0.109375000 0.023437500 0.160156250 0.035156250 0.140625000 0.089843750 0.031250000 0.140625000 0.015625000 0.187500000 0.015625000 0.179687500 0.089843750 0.097656250 0.113281250 0.082031250 0.105468750 0.031250000 0.105468750 0.046875000 0.058593750 0.050781250 0.035156250 0.109375000 0.070312500 0.058593750 0.054687500 0.070312500 0.054687500 0.082031250 0.066406250 0.062500000 0.062500000 0.058593750 0.046875000 0.054687500 0.070312500 0.058593750 0.066406250 0.062500000 0.062500000 0.066406250 0.066406250 0.058593750 0.058593750 0.050781250 0.078125000 0.035156250 0.042968750 0.078125000 0.085937500 0.039062500 0.035156250 0.054687500 0.042968750 0.085937500 0.027343750 0.062500000 0.062500000 0.042968750 0.042968750 0.027343750 0.054687500 0.054687500 0.054687500 0.066406250 0.062500000 0.023437500 0.054687500 0.039062500 0.039062500 0.050781250 0.074218750 0.062500000 0.046875000 0.074218750 0.085937500 0.058593750 0.023437500 0.042968750 0.070312500 0.046875000 0.042968750 0.031250000 0.042968750 0.062500000 0.039062500 0.085937500 0.015625000 0.035156250 0.070312500 0.050781250 0.054687500 0.039062500 0.062500000 0.011718750 0.023437500 0.015625000 0.089843750 0.042968750 0.050781250 0.031250000 0.062500000 0.039062500 0.082031250 0.039062500 0.039062500 0.023437500 0.015625000 0.035156250 0.046875000 0.042968750 0.046875000 0.046875000 0.039062500 0.062500000 0.058593750 0.042968750 0.058593750 0.011718750 0.039062500 0.074218750 0.046875000 0.054687500 0.046875000 0.046875000 0.046875000 0.042968750 0.035156250 0.070312500 0.058593750 0.039062500 0.050781250 0.054687500 0.046875000 0.027343750 0.066406250 0.027343750 0.027343750 0.023437500 0.062500000 0.003906250 0.035156250 0.015625000 0.019531250 0.042968750 0.023437500 0.039062500 0.039062500 0.019531250 0.050781250 0.019531250 0.039062500 0.039062500 0.031250000 0.035156250 0.039062500 0.039062500 0.050781250 0.046875000 0.023437500 0.039062500 0.031250000 0.054687500 0.058593750 0.039062500 0.027343750 0.019531250 0.027343750 0.035156250 0.031250000 0.062500000 
1.234375000 0.347656250 0.058593750 0.359375000 1.429687500 5.839843750 1.753906250 1.398437500 1.761718750 4.675781250 4.667968750 1.261718750 0.695312500 0.445312500 0.660156250 0.324218750 0.195312500 0.140625000 0.054687500 0.265625000 0.117187500 0.113281250 0.105468750 0.117187500 0.148437500 0.082031250 0.074218750 0.093750000 0.039062500 0.054687500 0.035156250 0.042968750 0.050781250 0.054687500 0.050781250 0.074218750 0.066406250 0.058593750 0.035156250 0.023437500 0.019531250 0.007812500 0.019531250 0.078125000 0.054687500 0.074218750 0.074218750 0.070312500 0.062500000 0.015625000 0.023437500 0.046875000 0.035156250 0.019531250 0.066406250 0.054687500 0.066406250 0.039062500 0.093750000 0.074218750 0.035156250 0.101562500 0.070312500 0.089843750 0.054687500 0.093750000 0.191406250 0.074218750 0.050781250 0.136718750 0.171875000 0.250000000 0.058593750 0.207031250 0.117187500 0.109375000 0.058593750 0.066406250 0.031250000 0.019531250 0.027343750 0.074218750 0.046875000 0.031250000 0.023437500 0.039062500 0.062500000 0.093750000 0.050781250 0.035156250 0.062500000 0.062500000 0.082031250 0.062500000 0.136718750 0.074218750 0.082031250 0.062500000 0.085937500 0.093750000 0.046875000 0.023437500 0.050781250 0.054687500 0.011718750 0.035156250 0.027343750 0.019531250 0.062500000 0.007812500 0.015625000 0.015625000 0.011718750 0.031250000 0.011718750 0.011718750 0.015625000 0.011718750 0.023437500 0.027343750 0.019531250 0.035156250 0.015625000 0.031250000 0.007812500 0.011718750 0.027343750 0.031250000 0.042968750 0.011718750 0.011718750 0.035156250 0.019531250 0.015625000 0.011718750 0.039062500 0.019531250 0.031250000 0.015625000 0.007812500 0.035156250 0.035156250 0.023437500 0.015625000 0.003906250 0.031250000 0.027343750 0.039062500 0.023437500 0.015625000 0.015625000 0.015625000 0.027343750 0.054687500 0.023437500 0.023437500 0.031250000 0.023437500 0.027343750 0.035156250 0.062500000 0.066406250 0.039062500 0.035156250 0.019531250 0.039062500 0.003906250 0.015625000 0.046875000 0.027343750 0.011718750 0.023437500 0.031250000 0.031250000 0.015625000 0.015625000 0.050781250 0.039062500 0.031250000 0.031250000 0.050781250 0.035156250 0.031250000 0.050781250 0.007812500 0.015625000 0.003906250 0.035156250 0.011718750 0.027343750 0.003906250 0.019531250 0.035156250 0.027343750 0.011718750 0.027343750 0.027343750 0.015625000 0.027343750 0.023437500 0.023437500 0.023437500 0.019531250 0.031250000 0.019531250 0.031250000 0.035156250 0.019531250 0.023437500 0.023437500 0.031250000 0.019531250 0.031250000 0.015625000 0.011718750 0.019531250 0.027343750 0.027343750 0.011718750 0.015625000 0.015625000 0.019531250 0.011718750 0.011718750 0.031250000 0.003906250 0.046875000 0.003906250 0.039062500 0.035156250 0.019531250 0.015625000 0.027343750 0.027343750 0.019531250 0.023437500 0.019531250 0.035156250 0.011718750 0.031250000 0.031250000 0.003906250 0.019531250 0.007812500 0.023437500 0.015625000 0.031250000 0.011718750 0.000000000 0.011718750 0.046875000 0.011718750 0.003906250 0.011718750 0.023437500 0.019531250 0.007812500 
0.523437500 1.007812500 1.218750000 1.421875000 2.789062500 4.433593750 0.132812500 0.593750000 1.746093750 5.039062500 3.593750000 1.203125000 0.691406250 0.515625000 0.082031250 0.414062500 0.265625000 0.175781250 0.265625000 0.242187500 0.253906250 0.230468750 0.128906250 0.167968750 0.148437500 0.136718750 0.144531250 0.167968750 0.082031250 0.074218750 0.082031250 0.082031250 0.035156250 0.097656250 0.097656250 0.023437500 0.070312500 0.046875000 0.093750000 0.062500000 0.050781250 0.085937500 0.058593750 0.125000000 0.074218750 0.039062500 0.089843750 0.062500000 0.031250000 0.031250000 0.023437500 0.105468750 0.015625000 0.070312500 0.054687500 0.046875000 0.070312500 0.058593750 0.058593750 0.050781250 0.042968750 0.097656250 0.019531250 0.027343750 0.078125000 0.019531250 0.109375000 0.093750000 0.082031250 0.140625000 0.125000000 0.292968750 0.066406250 0.152343750 0.054687500 0.074218750 0.027343750 0.042968750 0.054687500 0.015625000 0.031250000 0.050781250 0.023437500 0.039062500 0.039062500 0.015625000 0.023437500 0.027343750 0.078125000 0.039062500 0.050781250 0.023437500 0.031250000 0.039062500 0.070312500 0.031250000 0.042968750 0.046875000 0.019531250 0.019531250 0.003906250 0.023437500 0.027343750 0.003906250 0.023437500 0.054687500 0.039062500 0.027343750 0.019531250 0.031250000 0.015625000 0.015625000 0.042968750 0.042968750 0.019531250 0.042968750 0.042968750 0.027343750 0.050781250 0.023437500 0.019531250 0.039062500 0.019531250 0.019531250 0.015625000 0.035156250 0.019531250 0.039062500 0.031250000 0.023437500 0.019531250 0.035156250 0.031250000 0.042968750 0.046875000 0.027343750 0.011718750 0.046875000 0.027343750 0.035156250 0.003906250 0.015625000 0.027343750 0.019531250 0.050781250 0.007812500 0.015625000 0.039062500 0.019531250 0.003906250 0.035156250 0.015625000 0.019531250 0.058593750 0.011718750 0.015625000 0.011718750 0.035156250 0.042968750 0.066406250 0.035156250 0.062500000 0.019531250 0.007812500 0.042968750 0.031250000 0.023437500 0.031250000 0.039062500 0.015625000 0.027343750 0.003906250 0.007812500 0.011718750 0.031250000 0.027343750 0.027343750 0.042968750 0.031250000 0.031250000 0.054687500 0.011718750 0.035156250 0.046875000 0.023437500 0.031250000 0.046875000 0.046875000 0.027343750 0.042968750 0.015625000 0.027343750 0.042968750 0.039062500 0.019531250 0.019531250 0.027343750 0.019531250 0.015625000 0.023437500 0.019531250 0.007812500 0.031250000 0.035156250 0.035156250 0.019531250 0.019531250 0.023437500 0.031250000 0.027343750 0.039062500 0.046875000 0.011718750 0.023437500 0.031250000 0.011718750 0.027343750 0.011718750 0.019531250 0.031250000 0.007812500 0.023437500 0.011718750 0.023437500 0.015625000 0.050781250 0.011718750 0.019531250 0.035156250 0.023437500 0.007812500 0.015625000 0.015625000 0.027343750 0.007812500 0.023437500 0.031250000 0.042968750 0.015625000 0.023437500 0.023437500 0.027343750 0.023437500 0.015625000 0.031250000 0.015625000 0.023437500 0.019531250 0.011718750 0.015625000 0.035156250 0.011718750 0.019531250 0.011718750 0.027343750 0.011718750 0.000000000 
2.070312500 0.824218750 1.035156250 1.398437500 3.644531250 2.800781250 1.738281250 0.484375000 0.046875000 5.187500000 2.093750000 0.488281250 0.273437500 0.292968750 0.195312500 0.156250000 0.093750000 0.128906250 0.179687500 0.175781250 0.113281250 0.039062500 0.089843750 0.066406250 0.035156250 0.019531250 0.011718750 0.011718750 0.089843750 0.039062500 0.031250000 0.023437500 0.035156250 0.027343750 0.035156250 0.023437500 0.074218750 0.058593750 0.019531250 0.023437500 0.042968750 0.035156250 0.035156250 0.035156250 0.070312500 0.011718750 0.042968750 0.039062500 0.023437500 0.031250000 0.058593750 0.066406250 0.039062500 0.031250000 0.039062500 0.011718750 0.027343750 0.007812500 0.046875000 0.015625000 0.082031250 0.035156250 0.035156250 0.031250000 0.046875000 0.066406250 0.046875000 0.035156250 0.050781250 0.144531250 0.101562500 0.140625000 0.097656250 0.097656250 0.074218750 0.011718750 0.039062500 0.054687500 0.039062500 0.027343750 0.019531250 0.031250000 0.023437500 0.023437500 0.023437500 0.042968750 0.007812500 0.007812500 0.042968750 0.070312500 0.035156250 0.011718750 0.027343750 0.007812500 0.050781250 0.019531250 0.046875000 0.023437500 0.039062500 0.027343750 0.015625000 0.039062500 0.015625000 0.023437500 0.011718750 0.039062500 0.011718750 0.042968750 0.023437500 0.070312500 0.039062500 0.023437500 0.031250000 0.019531250 0.027343750 0.019531250 0.023437500 0.023437500 0.062500000 0.011718750 0.027343750 0.027343750 0.027343750 0.007812500 0.027343750 0.031250000 0.054687500 0.007812500 0.015625000 0.027343750 0.015625000 0.031250000 0.042968750 0.046875000 0.035156250 0.027343750 0.015625000 0.015625000 0.015625000 0.035156250 0.007812500 0.015625000 0.027343750 0.003906250 0.042968750 0.007812500 0.007812500 0.039062500 0.027343750 0.019531250 0.035156250 0.011718750 0.042968750 0.019531250 0.031250000 0.011718750 0.019531250 0.011718750 0.050781250 0.007812500 0.023437500 0.046875000 0.011718750 0.007812500 0.023437500 0.019531250 0.007812500 0.031250000 0.042968750 0.007812500 0.015625000 0.023437500 0.019531250 0.007812500 0.019531250 0.023437500 0.023437500 0.046875000 0.046875000 0.011718750 0.050781250 0.015625000 0.019531250 0.039062500 0.019531250 0.011718750 0.039062500 0.039062500 0.015625000 0.023437500 0.007812500 0.019531250 0.019531250 0.019531250 0.039062500 0.023437500 0.019531250 0.046875000 0.027343750 0.007812500 0.007812500 0.023437500 0.027343750 0.023437500 0.039062500 0.007812500 0.011718750 0.015625000 0.027343750 0.027343750 0.023437500 0.027343750 0.023437500 0.023437500 0.031250000 0.035156250 0.035156250 0.023437500 0.023437500 0.039062500 0.003906250 0.023437500 0.003906250 0.015625000 0.011718750 0.050781250 0.000000000 0.011718750 0.031250000 0.027343750 0.011718750 0.035156250 0.031250000 0.035156250 0.007812500 0.023437500 0.027343750 0.027343750 0.035156250 0.015625000 0.023437500 0.019531250 0.031250000 0.011718750 0.023437500 0.019531250 0.007812500 0.027343750 0.019531250 0.015625000 0.027343750 0.000000000 0.011718750 0.011718750 0.011718750 0.031250000 0.023437500 
0.605468750 0.792968750 0.933593750 1.363281250 4.992187500 0.750000000 0.398437500 0.656250000 2.171875000 2.535156250 1.863281250 0.796875000 0.582031250 0.410156250 0.332031250 0.230468750 0.304687500 0.093750000 0.117187500 0.097656250 0.109375000 0.113281250 0.105468750 0.132812500 0.113281250 0.093750000 0.109375000 0.082031250 0.132812500 0.042968750 0.093750000 0.054687500 0.082031250 0.046875000 0.074218750 0.074218750 0.042968750 0.085937500 0.050781250 0.035156250 0.050781250 0.062500000 0.062500000 0.054687500 0.082031250 0.023437500 0.054687500 0.089843750 0.050781250 0.019531250 0.035156250 0.054687500 0.015625000 0.050781250 0.035156250 0.058593750 0.023437500 0.054687500 0.027343750 0.042968750 0.042968750 0.046875000 0.003906250 0.050781250 0.066406250 0.031250000 0.062500000 0.066406250 0.078125000 0.019531250 0.027343750 0.062500000 0.074218750 0.058593750 0.101562500 0.011718750 0.062500000 0.023437500 0.023437500 0.007812500 0.023437500 0.054687500 0.031250000 0.035156250 0.027343750 0.058593750 0.011718750 0.003906250 0.031250000 0.042968750 0.046875000 0.027343750 0.050781250 0.031250000 0.023437500 0.023437500 0.011718750 0.042968750 0.027343750 0.011718750 0.015625000 0.031250000 0.015625000 0.023437500 0.019531250 0.039062500 0.003906250 0.031250000 0.050781250 0.031250000 0.035156250 0.035156250 0.023437500 0.015625000 0.027343750 0.031250000 0.019531250 0.015625000 0.031250000 0.035156250 0.035156250 0.015625000 0.050781250 0.007812500 0.046875000 0.019531250 0.031250000 0.027343750 0.027343750 0.031250000 0.011718750 0.015625000 0.039062500 0.050781250 0.031250000 0.027343750 0.023437500 0.015625000 0.007812500 0.023437500 0.031250000 0.027343750 0.050781250 0.027343750 0.015625000 0.015625000 0.023437500 0.042968750 0.011718750 0.027343750 0.058593750 0.019531250 0.027343750 0.015625000 0.023437500 0.027343750 0.011718750 0.035156250 0.035156250 0.000000000 0.015625000 0.031250000 0.019531250 0.023437500 0.035156250 0.015625000 0.007812500 0.031250000 0.039062500 0.015625000 0.003906250 0.015625000 0.007812500 0.023437500 0.011718750 0.023437500 0.039062500 0.023437500 0.039062500 0.023437500 0.046875000 0.007812500 0.007812500 0.027343750 0.027343750 0.019531250 0.050781250 0.015625000 0.042968750 0.015625000 0.031250000 0.011718750 0.007812500 0.027343750 0.035156250 0.027343750 0.015625000 0.050781250 0.035156250 0.019531250 0.019531250 0.011718750 0.031250000 0.023437500 0.035156250 0.039062500 0.007812500 0.015625000 0.031250000 0.019531250 0.027343750 0.011718750 0.023437500 0.050781250 0.031250000 0.035156250 0.031250000 0.011718750 0.031250000 0.027343750 0.015625000 0.007812500 0.015625000 0.003906250 0.007812500 0.035156250 0.031250000 0.042968750 0.003906250 0.019531250 0.023437500 0.031250000 0.031250000 0.027343750 0.015625000 0.035156250 0.035156250 0.031250000 0.035156250 0.011718750 0.035156250 0.015625000 0.027343750 0.035156250 0.007812500 0.011718750 0.011718750 0.015625000 0.007812500 0.007812500 0.015625000 0.023437500 0.031250000 0.031250000 0.015625000 0.011718750 0.058593750 
1.484375000 0.164062500 0.250000000 0.371093750 4.535156250 1.238281250 0.710937500 0.675781250 2.964843750 0.566406250 0.453125000 0.281250000 0.117187500 0.058593750 0.121093750 0.171875000 0.281250000 0.207031250 0.039062500 0.074218750 0.007812500 0.042968750 0.039062500 0.058593750 0.011718750 0.031250000 0.046875000 0.031250000 0.054687500 0.109375000 0.031250000 0.039062500 0.039062500 0.027343750 0.023437500 0.039062500 0.019531250 0.054687500 0.015625000 0.050781250 0.011718750 0.042968750 0.027343750 0.019531250 0.027343750 0.046875000 0.019531250 0.035156250 0.027343750 0.027343750 0.015625000 0.023437500 0.031250000 0.023437500 0.007812500 0.019531250 0.042968750 0.031250000 0.007812500 0.046875000 0.031250000 0.031250000 0.050781250 0.011718750 0.019531250 0.011718750 0.027343750 0.011718750 0.007812500 0.042968750 0.066406250 0.031250000 0.105468750 0.019531250 0.046875000 0.042968750 0.035156250 0.027343750 0.023437500 0.027343750 0.035156250 0.039062500 0.011718750 0.023437500 0.015625000 0.062500000 0.019531250 0.015625000 0.015625000 0.023437500 0.027343750 0.023437500 0.023437500 0.031250000 0.015625000 0.011718750 0.007812500 0.015625000 0.007812500 0.031250000 0.023437500 0.023437500 0.011718750 0.027343750 0.019531250 0.011718750 0.023437500 0.042968750 0.050781250 0.027343750 0.031250000 0.039062500 0.011718750 0.031250000 0.023437500 0.019531250 0.003906250 0.011718750 0.046875000 0.031250000 0.019531250 0.042968750 0.035156250 0.023437500 0.019531250 0.023437500 0.007812500 0.046875000 0.015625000 0.015625000 0.019531250 0.015625000 0.042968750 0.031250000 0.015625000 0.015625000 0.003906250 0.007812500 0.007812500 0.035156250 0.023437500 0.007812500 0.039062500 0.019531250 0.023437500 0.019531250 0.003906250 0.023437500 0.011718750 0.027343750 0.039062500 0.031250000 0.003906250 0.027343750 0.035156250 0.003906250 0.015625000 0.019531250 0.027343750 0.011718750 0.023437500 0.023437500 0.027343750 0.007812500 0.015625000 0.027343750 0.031250000 0.027343750 0.015625000 0.023437500 0.027343750 0.019531250 0.007812500 0.015625000 0.003906250 0.019531250 0.015625000 0.023437500 0.062500000 0.023437500 0.015625000 0.035156250 0.011718750 0.007812500 0.007812500 0.003906250 0.042968750 0.007812500 0.039062500 0.003906250 0.027343750 0.019531250 0.003906250 0.031250000 0.027343750 0.031250000 0.019531250 0.023437500 0.019531250 0.015625000 0.027343750 0.019531250 0.019531250 0.023437500 0.019531250 0.019531250 0.015625000 0.019531250 0.007812500 0.015625000 0.003906250 0.019531250 0.023437500 0.039062500 0.039062500 0.027343750 0.039062500 0.011718750 0.019531250 0.011718750 0.023437500 0.035156250 0.015625000 0.007812500 0.019531250 0.027343750 0.039062500 0.023437500 0.007812500 0.023437500 0.027343750 0.015625000 0.035156250 0.027343750 0.015625000 0.027343750 0.027343750 0.015625000 0.023437500 0.011718750 0.039062500 0.011718750 0.019531250 0.027343750 0.015625000 0.015625000 0.015625000 0.023437500 0.011718750 0.011718750 0.015625000 0.031250000 0.023437500 0.011718750 0.011718750 0.015625000 0.054687500 
1.835937500 0.152343750 0.449218750 0.468750000 4.714843750 0.687500000 0.167968750 0.339843750 2.089843750 0.855468750 0.210937500 0.175781250 0.144531250 0.101562500 0.058593750 0.125000000 0.246093750 0.132812500 0.062500000 0.085937500 0.050781250 0.085937500 0.054687500 0.019531250 0.046875000 0.031250000 0.023437500 0.054687500 0.039062500 0.121093750 0.015625000 0.015625000 0.011718750 0.035156250 0.023437500 0.007812500 0.046875000 0.007812500 0.007812500 0.070312500 0.027343750 0.019531250 0.011718750 0.035156250 0.023437500 0.054687500 0.011718750 0.027343750 0.039062500 0.023437500 0.007812500 0.035156250 0.011718750 0.011718750 0.042968750 0.035156250 0.015625000 0.011718750 0.042968750 0.039062500 0.050781250 0.042968750 0.019531250 0.039062500 0.031250000 0.019531250 0.023437500 0.011718750 0.007812500 0.039062500 0.066406250 0.039062500 0.097656250 0.042968750 0.027343750 0.039062500 0.039062500 0.023437500 0.023437500 0.023437500 0.039062500 0.035156250 0.011718750 0.023437500 0.039062500 0.019531250 0.066406250 0.023437500 0.015625000 0.042968750 0.062500000 0.019531250 0.019531250 0.007812500 0.023437500 0.015625000 0.023437500 0.015625000 0.015625000 0.015625000 0.027343750 0.011718750 0.015625000 0.023437500 0.035156250 0.011718750 0.031250000 0.023437500 0.023437500 0.031250000 0.003906250 0.023437500 0.019531250 0.039062500 0.035156250 0.007812500 0.015625000 0.007812500 0.035156250 0.019531250 0.023437500 0.039062500 0.027343750 0.023437500 0.003906250 0.039062500 0.035156250 0.023437500 0.031250000 0.015625000 0.019531250 0.003906250 0.019531250 0.003906250 0.035156250 0.019531250 0.015625000 0.011718750 0.019531250 0.027343750 0.015625000 0.019531250 0.039062500 0.003906250 0.023437500 0.027343750 0.011718750 0.019531250 0.007812500 0.042968750 0.019531250 0.003906250 0.023437500 0.007812500 0.039062500 0.011718750 0.027343750 0.015625000 0.003906250 0.023437500 0.019531250 0.027343750 0.019531250 0.007812500 0.011718750 0.031250000 0.011718750 0.011718750 0.015625000 0.027343750 0.019531250 0.019531250 0.011718750 0.023437500 0.007812500 0.015625000 0.007812500 0.042968750 0.054687500 0.019531250 0.007812500 0.046875000 0.011718750 0.015625000 0.007812500 0.011718750 0.023437500 0.019531250 0.015625000 0.019531250 0.031250000 0.011718750 0.007812500 0.007812500 0.035156250 0.003906250 0.015625000 0.015625000 0.007812500 0.023437500 0.019531250 0.019531250 0.011718750 0.027343750 0.015625000 0.019531250 0.019531250 0.023437500 0.011718750 0.019531250 0.007812500 0.035156250 0.011718750 0.039062500 0.042968750 0.003906250 0.019531250 0.003906250 0.007812500 0.007812500 0.015625000 0.042968750 0.015625000 0.015625000 0.035156250 0.015625000 0.035156250 0.023437500 0.015625000 0.035156250 0.011718750 0.007812500 0.015625000 0.011718750 0.015625000 0.019531250 0.031250000 0.046875000 0.023437500 0.007812500 0.027343750 0.027343750 0.015625000 0.031250000 0.019531250 0.011718750 0.019531250 0.023437500 0.015625000 0.019531250 0.019531250 0.015625000 0.031250000 0.019531250 0.019531250 0.015625000 0.031250000 
0.945312500 0.445312500 0.621093750 0.757812500 3.925781250 0.398437500 0.242187500 0.761718750 0.882812500 0.738281250 0.332031250 0.062500000 0.218750000 0.179687500 0.117187500 0.031250000 0.113281250 0.222656250 0.191406250 0.109375000 0.109375000 0.058593750 0.128906250 0.132812500 0.148437500 0.179687500 0.199218750 0.222656250 0.242187500 0.156250000 0.222656250 0.171875000 0.156250000 0.140625000 0.132812500 0.066406250 0.089843750 0.074218750 0.105468750 0.066406250 0.093750000 0.078125000 0.066406250 0.085937500 0.085937500 0.113281250 0.191406250 0.214843750 0.273437500 0.296875000 0.304687500 0.265625000 0.285156250 0.210937500 0.207031250 0.128906250 0.089843750 0.121093750 0.265625000 0.324218750 0.472656250 0.472656250 0.570312500 0.667968750 0.703125000 0.679687500 0.652343750 0.597656250 0.531250000 0.468750000 0.390625000 0.292968750 0.199218750 0.187500000 0.257812500 0.320312500 0.339843750 0.402343750 0.394531250 0.421875000 0.402343750 0.320312500 0.289062500 0.242187500 0.191406250 0.160156250 0.125000000 0.136718750 0.183593750 0.175781250 0.265625000 0.203125000 0.187500000 0.167968750 0.105468750 0.093750000 0.078125000 0.066406250 0.097656250 0.117187500 0.175781250 0.167968750 0.144531250 0.128906250 0.089843750 0.074218750 0.062500000 0.074218750 0.058593750 0.121093750 0.097656250 0.082031250 0.093750000 0.062500000 0.097656250 0.085937500 0.097656250 0.113281250 0.097656250 0.160156250 0.144531250 0.101562500 0.136718750 0.136718750 0.105468750 0.085937500 0.039062500 0.015625000 0.003906250 0.050781250 0.074218750 0.117187500 0.140625000 0.117187500 0.144531250 0.132812500 0.093750000 0.074218750 0.050781250 0.085937500 0.082031250 0.109375000 0.160156250 0.171875000 0.183593750 0.144531250 0.156250000 0.140625000 0.125000000 0.101562500 0.082031250 0.082031250 0.128906250 0.117187500 0.156250000 0.117187500 0.097656250 0.125000000 0.097656250 0.105468750 0.101562500 0.058593750 0.070312500 0.089843750 0.085937500 0.109375000 0.113281250 0.105468750 0.097656250 0.093750000 0.066406250 0.066406250 0.082031250 0.093750000 0.089843750 0.093750000 0.085937500 0.089843750 0.085937500 0.074218750 0.089843750 0.027343750 0.027343750 0.031250000 0.027343750 0.015625000 0.031250000 0.058593750 0.054687500 0.046875000 0.031250000 0.054687500 0.042968750 0.050781250 0.019531250 0.046875000 0.039062500 0.035156250 0.062500000 0.050781250 0.035156250 0.046875000 0.046875000 0.066406250 0.015625000 0.050781250 0.050781250 0.058593750 0.054687500 0.066406250 0.074218750 0.085937500 0.082031250 0.066406250 0.027343750 0.050781250 0.070312500 0.070312500 0.058593750 0.062500000 0.066406250 0.089843750 0.082031250 0.058593750 0.085937500 0.070312500 0.046875000 0.066406250 0.054687500 0.066406250 0.042968750 0.023437500 0.039062500 0.046875000 0.039062500 0.039062500 0.070312500 0.101562500 0.031250000 0.054687500 0.054687500 0.062500000 0.062500000 0.074218750 0.042968750 0.046875000 0.058593750 0.078125000 0.054687500 0.050781250 0.058593750 0.046875000 0.058593750 0.050781250 0.042968750 0.054687500 0.062500000 
1.128906250 0.054687500 0.156250000 0.589843750 3.007812500 0.726562500 0.160156250 0.433593750 0.375000000 0.140625000 0.457031250 0.417968750 0.628906250 0.378906250 0.023437500 0.281250000 0.320312500 0.277343750 0.171875000 0.402343750 0.476562500 0.480468750 0.484375000 0.382812500 0.496093750 0.738281250 0.890625000 0.734375000 0.445312500 0.300781250 0.261718750 0.386718750 0.457031250 0.406250000 0.304687500 0.140625000 0.066406250 0.246093750 0.382812500 0.496093750 0.488281250 0.460937500 0.332031250 0.207031250 0.148437500 0.066406250 0.031250000 0.132812500 0.257812500 0.125000000 0.222656250 0.460937500 0.492187500 0.324218750 0.246093750 0.058593750 0.261718750 0.359375000 0.308593750 0.449218750 0.839843750 1.035156250 0.804687500 0.554687500 1.101562500 1.316406250 1.046875000 0.820312500 1.089843750 1.203125000 0.839843750 0.125000000 0.890625000 1.777343750 2.246093750 1.828125000 0.910156250 0.156250000 0.312500000 0.062500000 0.324218750 0.343750000 0.203125000 0.078125000 0.093750000 0.156250000 0.156250000 0.242187500 0.242187500 0.113281250 0.210937500 0.113281250 0.093750000 0.054687500 0.136718750 0.121093750 0.042968750 0.144531250 0.125000000 0.023437500 0.101562500 0.031250000 0.050781250 0.066406250 0.160156250 0.128906250 0.113281250 0.171875000 0.199218750 0.191406250 0.187500000 0.078125000 0.054687500 0.078125000 0.078125000 0.128906250 0.359375000 0.453125000 0.296875000 0.046875000 0.152343750 0.078125000 0.070312500 0.234375000 0.308593750 0.281250000 0.257812500 0.496093750 0.808593750 1.023437500 0.964843750 0.609375000 0.195312500 0.218750000 0.222656250 0.062500000 0.082031250 0.191406250 0.234375000 0.140625000 0.042968750 0.160156250 0.214843750 0.164062500 0.058593750 0.039062500 0.101562500 0.085937500 0.058593750 0.058593750 0.074218750 0.097656250 0.125000000 0.085937500 0.031250000 0.039062500 0.062500000 0.074218750 0.066406250 0.113281250 0.144531250 0.101562500 0.066406250 0.027343750 0.027343750 0.039062500 0.054687500 0.093750000 0.089843750 0.074218750 0.039062500 0.035156250 0.019531250 0.046875000 0.027343750 0.042968750 0.027343750 0.062500000 0.117187500 0.085937500 0.128906250 0.144531250 0.148437500 0.109375000 0.062500000 0.078125000 0.027343750 0.019531250 0.011718750 0.027343750 0.039062500 0.050781250 0.062500000 0.066406250 0.082031250 0.039062500 0.027343750 0.023437500 0.062500000 0.035156250 0.046875000 0.039062500 0.035156250 0.039062500 0.058593750 0.039062500 0.046875000 0.050781250 0.027343750 0.023437500 0.046875000 0.031250000 0.015625000 0.003906250 0.019531250 0.031250000 0.062500000 0.054687500 0.019531250 0.019531250 0.023437500 0.031250000 0.039062500 0.093750000 0.101562500 0.058593750 0.039062500 0.074218750 0.062500000 0.058593750 0.019531250 0.003906250 0.015625000 0.019531250 0.031250000 0.015625000 0.035156250 0.078125000 0.031250000 0.019531250 0.035156250 0.023437500 0.039062500 0.042968750 0.031250000 0.015625000 0.042968750 0.027343750 0.046875000 0.019531250 0.003906250 0.031250000 0.019531250 0.011718750 0.027343750 0.011718750 0.019531250 
2.503906250 1.371093750 1.707031250 2.292968750 4.308593750 3.015625000 2.699218750 0.500000000 1.175781250 1.687500000 2.179687500 0.917968750 1.421875000 0.613281250 0.550781250 0.261718750 0.027343750 0.648437500 0.417968750 0.300781250 0.738281250 0.320312500 0.625000000 0.183593750 0.746093750 0.488281250 1.250000000 0.410156250 0.738281250 0.257812500 0.421875000 0.257812500 0.535156250 0.523437500 0.156250000 0.324218750 0.324218750 0.226562500 0.750000000 0.363281250 0.472656250 0.351562500 0.527343750 0.160156250 0.359375000 0.132812500 0.085937500 0.390625000 0.281250000 0.242187500 0.160156250 1.074218750 0.574218750 0.449218750 0.410156250 0.300781250 0.203125000 0.667968750 0.246093750 0.492187500 0.687500000 2.347656250 0.984375000 2.289062500 0.582031250 2.261718750 0.496093750 1.207031250 0.859375000 1.230468750 1.257812500 0.816406250 1.339843750 1.203125000 2.863281250 1.519531250 1.160156250 0.308593750 0.234375000 0.093750000 0.339843750 0.363281250 0.210937500 0.121093750 0.246093750 0.121093750 0.312500000 0.250000000 0.296875000 0.089843750 0.207031250 0.234375000 0.011718750 0.242187500 0.222656250 0.054687500 0.156250000 0.074218750 0.195312500 0.132812500 0.187500000 0.285156250 0.105468750 0.257812500 0.144531250 0.335937500 0.242187500 0.027343750 0.191406250 0.218750000 0.558593750 0.324218750 0.152343750 0.125000000 0.156250000 0.035156250 0.378906250 0.433593750 0.394531250 0.074218750 0.289062500 0.050781250 0.066406250 0.585937500 0.167968750 0.492187500 0.628906250 0.199218750 1.390625000 1.285156250 0.777343750 0.531250000 0.367187500 0.117187500 0.140625000 0.257812500 0.152343750 0.304687500 0.421875000 0.144531250 0.218750000 0.097656250 0.179687500 0.269531250 0.042968750 0.039062500 0.175781250 0.042968750 0.121093750 0.035156250 0.105468750 0.125000000 0.140625000 0.085937500 0.117187500 0.187500000 0.117187500 0.164062500 0.082031250 0.035156250 0.167968750 0.082031250 0.167968750 0.117187500 0.042968750 0.066406250 0.128906250 0.085937500 0.128906250 0.066406250 0.128906250 0.042968750 0.058593750 0.125000000 0.019531250 0.042968750 0.066406250 0.078125000 0.335937500 0.242187500 0.273437500 0.156250000 0.234375000 0.136718750 0.078125000 0.074218750 0.105468750 0.128906250 0.062500000 0.019531250 0.125000000 0.066406250 0.148437500 0.132812500 0.039062500 0.039062500 0.089843750 0.109375000 0.019531250 0.089843750 0.054687500 0.109375000 0.015625000 0.070312500 0.074218750 0.054687500 0.039062500 0.089843750 0.015625000 0.039062500 0.101562500 0.027343750 0.015625000 0.039062500 0.039062500 0.003906250 0.136718750 0.035156250 0.042968750 0.035156250 0.035156250 0.070312500 0.066406250 0.093750000 0.156250000 0.046875000 0.031250000 0.109375000 0.007812500 0.093750000 0.027343750 0.039062500 0.042968750 0.023437500 0.070312500 0.046875000 0.019531250 0.097656250 0.019531250 0.027343750 0.007812500 0.085937500 0.109375000 0.031250000 0.062500000 0.046875000 0.042968750 0.042968750 0.007812500 0.066406250 0.023437500 0.039062500 0.031250000 0.046875000 0.027343750 0.035156250 0.050781250 
0.460937500 0.714843750 1.007812500 1.125000000 2.835937500 6.812500000 3.960937500 0.863281250 0.843750000 3.433593750 6.390625000 4.468750000 2.167968750 1.371093750 1.300781250 1.925781250 1.652343750 0.265625000 0.218750000 0.550781250 0.976562500 0.453125000 0.300781250 0.441406250 0.843750000 0.292968750 1.492187500 0.394531250 0.347656250 0.625000000 0.503906250 0.378906250 0.335937500 0.429687500 0.312500000 0.308593750 0.371093750 0.277343750 0.656250000 0.468750000 0.328125000 0.261718750 0.578125000 0.402343750 0.039062500 0.328125000 0.050781250 0.281250000 0.441406250 0.054687500 0.738281250 0.832031250 1.007812500 0.152343750 0.878906250 0.492187500 0.769531250 0.429687500 0.898437500 0.476562500 1.332031250 3.957031250 2.699218750 1.410156250 1.335937500 0.691406250 2.160156250 2.621093750 1.113281250 1.148437500 0.785156250 2.355468750 3.035156250 3.277343750 2.339843750 1.320312500 0.671875000 0.765625000 0.679687500 0.269531250 0.101562500 0.332031250 0.343750000 0.500000000 0.218750000 0.226562500 0.554687500 0.070312500 0.183593750 0.128906250 0.105468750 0.222656250 0.136718750 0.378906250 0.082031250 0.101562500 0.214843750 0.492187500 0.589843750 0.445312500 0.152343750 0.609375000 0.433593750 0.742187500 0.335937500 0.210937500 0.074218750 0.234375000 0.160156250 0.511718750 0.468750000 0.265625000 0.214843750 0.148437500 0.101562500 0.152343750 0.250000000 0.566406250 0.117187500 0.261718750 0.101562500 0.058593750 0.218750000 0.386718750 0.218750000 0.500000000 0.679687500 0.066406250 1.367187500 1.332031250 0.515625000 0.605468750 0.371093750 0.289062500 0.375000000 0.238281250 0.117187500 0.460937500 0.304687500 0.136718750 0.152343750 0.023437500 0.175781250 0.183593750 0.089843750 0.035156250 0.140625000 0.062500000 0.140625000 0.035156250 0.093750000 0.132812500 0.113281250 0.089843750 0.070312500 0.152343750 0.074218750 0.179687500 0.011718750 0.074218750 0.125000000 0.136718750 0.113281250 0.097656250 0.093750000 0.046875000 0.101562500 0.117187500 0.082031250 0.039062500 0.121093750 0.027343750 0.078125000 0.070312500 0.074218750 0.062500000 0.066406250 0.179687500 0.273437500 0.269531250 0.347656250 0.140625000 0.183593750 0.152343750 0.089843750 0.042968750 0.140625000 0.058593750 0.027343750 0.050781250 0.066406250 0.035156250 0.097656250 0.125000000 0.019531250 0.039062500 0.054687500 0.074218750 0.058593750 0.058593750 0.003906250 0.082031250 0.050781250 0.062500000 0.035156250 0.062500000 0.062500000 0.027343750 0.058593750 0.046875000 0.074218750 0.027343750 0.023437500 0.039062500 0.050781250 0.089843750 0.078125000 0.054687500 0.054687500 0.019531250 0.015625000 0.066406250 0.046875000 0.144531250 0.105468750 0.042968750 0.046875000 0.046875000 0.050781250 0.054687500 0.031250000 0.003906250 0.031250000 0.046875000 0.027343750 0.023437500 0.027343750 0.046875000 0.058593750 0.015625000 0.050781250 0.054687500 0.074218750 0.039062500 0.015625000 0.019531250 0.058593750 0.035156250 0.027343750 0.031250000 0.027343750 0.035156250 0.019531250 0.015625000 0.027343750 0.011718750 0.007812500 
1.175781250 0.425781250 0.316406250 0.234375000 0.578125000 10.496093750 1.539062500 0.800781250 1.000000000 1.132812500 11.609375000 5.328125000 1.562500000 0.937500000 1.066406250 3.156250000 3.488281250 1.152343750 1.035156250 1.113281250 1.324218750 0.234375000 0.550781250 0.507812500 0.441406250 1.132812500 1.082031250 0.125000000 0.183593750 0.167968750 0.687500000 0.671875000 0.238281250 0.277343750 0.347656250 0.457031250 0.691406250 0.296875000 0.167968750 0.167968750 0.496093750 0.511718750 0.312500000 0.300781250 0.234375000 0.449218750 0.406250000 0.273437500 0.246093750 0.906250000 1.656250000 1.625000000 0.718750000 0.531250000 0.316406250 1.269531250 1.085937500 0.445312500 0.445312500 1.117187500 1.574218750 4.257812500 2.617187500 1.105468750 1.015625000 1.632812500 3.277343750 1.656250000 0.824218750 1.238281250 0.933593750 3.207031250 3.093750000 1.425781250 0.042968750 1.234375000 2.238281250 1.117187500 0.539062500 0.343750000 0.359375000 0.304687500 0.562500000 0.164062500 0.152343750 0.089843750 0.250000000 0.488281250 0.164062500 0.144531250 0.343750000 0.445312500 0.234375000 0.589843750 0.484375000 0.582031250 0.683593750 0.757812500 0.679687500 0.222656250 0.593750000 1.019531250 0.437500000 0.871093750 0.222656250 0.320312500 0.402343750 0.218750000 0.378906250 0.089843750 0.343750000 0.484375000 0.171875000 0.339843750 0.089843750 0.046875000 0.062500000 0.378906250 0.199218750 0.093750000 0.070312500 0.140625000 0.281250000 0.156250000 0.195312500 0.363281250 0.484375000 0.761718750 0.902343750 0.468750000 0.253906250 0.281250000 0.152343750 0.320312500 0.222656250 0.117187500 0.367187500 0.460937500 0.265625000 0.250000000 0.113281250 0.046875000 0.050781250 0.015625000 0.082031250 0.105468750 0.074218750 0.156250000 0.015625000 0.109375000 0.074218750 0.062500000 0.101562500 0.101562500 0.109375000 0.156250000 0.089843750 0.062500000 0.117187500 0.011718750 0.093750000 0.117187500 0.156250000 0.195312500 0.164062500 0.136718750 0.136718750 0.152343750 0.074218750 0.082031250 0.093750000 0.144531250 0.097656250 0.031250000 0.210937500 0.093750000 0.136718750 0.246093750 0.351562500 0.410156250 0.238281250 0.117187500 0.152343750 0.210937500 0.078125000 0.078125000 0.128906250 0.042968750 0.042968750 0.035156250 0.023437500 0.023437500 0.105468750 0.093750000 0.046875000 0.042968750 0.003906250 0.031250000 0.066406250 0.062500000 0.113281250 0.144531250 0.015625000 0.035156250 0.105468750 0.097656250 0.085937500 0.039062500 0.066406250 0.054687500 0.093750000 0.062500000 0.066406250 0.039062500 0.039062500 0.117187500 0.097656250 0.093750000 0.031250000 0.078125000 0.019531250 0.085937500 0.074218750 0.144531250 0.082031250 0.070312500 0.089843750 0.066406250 0.062500000 0.046875000 0.062500000 0.058593750 0.054687500 0.062500000 0.050781250 0.054687500 0.054687500 0.027343750 0.074218750 0.078125000 0.042968750 0.015625000 0.050781250 0.066406250 0.066406250 0.035156250 0.046875000 0.082031250 0.058593750 0.054687500 0.035156250 0.050781250 0.074218750 0.058593750 0.058593750 0.054687500 0.082031250 
1.886718750 0.121093750 0.246093750 0.406250000 1.011718750 9.957031250 1.523437500 0.734375000 0.828125000 1.628906250 14.515625000 3.074218750 2.132812500 1.507812500 2.230468750 5.687500000 3.304687500 1.128906250 0.562500000 0.671875000 0.910156250 0.507812500 0.355468750 0.394531250 0.574218750 1.738281250 0.902343750 0.355468750 0.289062500 0.601562500 1.335937500 0.242187500 0.085937500 0.011718750 0.257812500 0.605468750 0.339843750 0.324218750 0.292968750 0.378906250 0.500000000 0.363281250 0.226562500 0.281250000 0.460937500 0.578125000 0.523437500 0.675781250 0.742187500 1.753906250 3.074218750 0.968750000 0.695312500 1.070312500 1.843750000 1.890625000 0.863281250 0.679687500 0.867187500 1.296875000 2.304687500 3.046875000 1.406250000 0.632812500 1.328125000 1.746093750 3.058593750 1.984375000 0.996093750 1.390625000 1.082031250 2.753906250 3.144531250 2.054687500 0.839843750 2.335937500 2.464843750 0.644531250 0.238281250 0.121093750 0.042968750 0.429687500 0.324218750 0.039062500 0.191406250 0.363281250 0.328125000 0.265625000 0.074218750 0.101562500 0.210937500 0.253906250 0.207031250 0.261718750 0.218750000 0.726562500 0.835937500 0.843750000 0.355468750 0.425781250 0.898437500 0.867187500 0.730468750 0.675781250 0.125000000 0.585937500 0.347656250 0.375000000 0.156250000 0.121093750 0.320312500 0.328125000 0.218750000 0.113281250 0.082031250 0.152343750 0.117187500 0.304687500 0.144531250 0.132812500 0.109375000 0.039062500 0.105468750 0.085937500 0.082031250 0.105468750 0.117187500 0.027343750 0.160156250 0.191406250 0.199218750 0.320312500 0.277343750 0.117187500 0.425781250 0.316406250 0.113281250 0.203125000 0.046875000 0.070312500 0.062500000 0.015625000 0.058593750 0.035156250 0.058593750 0.078125000 0.019531250 0.085937500 0.117187500 0.062500000 0.046875000 0.031250000 0.027343750 0.023437500 0.046875000 0.011718750 0.007812500 0.015625000 0.003906250 0.062500000 0.074218750 0.074218750 0.050781250 0.085937500 0.093750000 0.031250000 0.058593750 0.054687500 0.046875000 0.085937500 0.058593750 0.046875000 0.109375000 0.082031250 0.062500000 0.054687500 0.039062500 0.074218750 0.136718750 0.281250000 0.425781250 0.167968750 0.164062500 0.210937500 0.070312500 0.050781250 0.050781250 0.035156250 0.027343750 0.015625000 0.027343750 0.054687500 0.046875000 0.039062500 0.031250000 0.054687500 0.039062500 0.046875000 0.054687500 0.062500000 0.015625000 0.066406250 0.070312500 0.093750000 0.058593750 0.152343750 0.035156250 0.023437500 0.074218750 0.054687500 0.074218750 0.027343750 0.007812500 0.019531250 0.027343750 0.097656250 0.042968750 0.046875000 0.039062500 0.027343750 0.078125000 0.000000000 0.031250000 0.066406250 0.023437500 0.058593750 0.023437500 0.003906250 0.011718750 0.027343750 0.035156250 0.019531250 0.011718750 0.039062500 0.019531250 0.023437500 0.035156250 0.027343750 0.039062500 0.027343750 0.027343750 0.015625000 0.007812500 0.015625000 0.042968750 0.007812500 0.015625000 0.054687500 0.027343750 0.003906250 0.003906250 0.019531250 0.042968750 0.011718750 0.027343750 0.019531250 0.027343750 
1.992187500 0.324218750 0.328125000 0.257812500 0.078125000 8.734375000 0.796875000 0.992187500 1.101562500 1.121093750 15.421875000 0.519531250 0.433593750 0.746093750 1.160156250 8.750000000 3.277343750 1.609375000 1.093750000 0.605468750 2.035156250 0.527343750 0.296875000 0.250000000 0.253906250 2.128906250 0.222656250 0.332031250 0.367187500 0.636718750 1.472656250 0.156250000 0.226562500 0.214843750 0.164062500 0.898437500 0.136718750 0.113281250 0.250000000 0.433593750 0.628906250 0.164062500 0.242187500 0.296875000 0.308593750 1.160156250 0.296875000 0.253906250 0.589843750 2.324218750 4.066406250 1.664062500 1.015625000 0.953125000 2.726562500 1.105468750 0.390625000 0.078125000 0.628906250 0.890625000 1.996093750 1.226562500 0.527343750 0.699218750 1.074218750 2.871093750 0.824218750 0.648437500 0.746093750 0.906250000 3.179687500 1.050781250 0.679687500 0.820312500 2.003906250 4.300781250 0.804687500 0.613281250 0.601562500 0.277343750 0.371093750 0.402343750 0.242187500 0.148437500 0.320312500 0.453125000 0.210937500 0.171875000 0.167968750 0.085937500 0.429687500 0.175781250 0.136718750 0.191406250 0.421875000 1.031250000 0.710937500 0.417968750 0.484375000 0.640625000 1.597656250 0.316406250 0.265625000 0.097656250 0.574218750 0.855468750 0.148437500 0.054687500 0.093750000 0.195312500 0.554687500 0.183593750 0.058593750 0.062500000 0.113281250 0.218750000 0.199218750 0.175781250 0.082031250 0.101562500 0.097656250 0.015625000 0.027343750 0.082031250 0.054687500 0.210937500 0.070312500 0.105468750 0.230468750 0.410156250 0.285156250 0.148437500 0.113281250 0.085937500 0.285156250 0.328125000 0.027343750 0.214843750 0.105468750 0.066406250 0.074218750 0.089843750 0.003906250 0.031250000 0.031250000 0.109375000 0.019531250 0.054687500 0.050781250 0.003906250 0.031250000 0.015625000 0.027343750 0.019531250 0.027343750 0.019531250 0.023437500 0.027343750 0.011718750 0.031250000 0.078125000 0.058593750 0.085937500 0.070312500 0.019531250 0.070312500 0.015625000 0.062500000 0.031250000 0.050781250 0.097656250 0.093750000 0.101562500 0.031250000 0.019531250 0.070312500 0.066406250 0.046875000 0.160156250 0.343750000 0.281250000 0.328125000 0.082031250 0.289062500 0.031250000 0.082031250 0.062500000 0.042968750 0.039062500 0.031250000 0.023437500 0.050781250 0.046875000 0.035156250 0.039062500 0.019531250 0.027343750 0.035156250 0.042968750 0.031250000 0.082031250 0.093750000 0.050781250 0.058593750 0.050781250 0.175781250 0.054687500 0.003906250 0.046875000 0.062500000 0.042968750 0.035156250 0.003906250 0.003906250 0.042968750 0.042968750 0.035156250 0.042968750 0.058593750 0.023437500 0.074218750 0.031250000 0.015625000 0.046875000 0.023437500 0.050781250 0.046875000 0.015625000 0.015625000 0.035156250 0.023437500 0.019531250 0.019531250 0.019531250 0.000000000 0.015625000 0.023437500 0.023437500 0.035156250 0.027343750 0.031250000 0.011718750 0.031250000 0.007812500 0.054687500 0.011718750 0.007812500 0.039062500 0.011718750 0.003906250 0.019531250 0.023437500 0.023437500 0.027343750 0.039062500 0.023437500 0.015625000 
2.097656250 0.589843750 0.484375000 0.621093750 0.605468750 9.328125000 0.445312500 0.777343750 0.496093750 1.320312500 13.992187500 1.519531250 1.125000000 1.250000000 2.328125000 10.500000000 4.410156250 1.628906250 1.058593750 0.554687500 1.199218750 0.476562500 0.316406250 0.335937500 0.437500000 2.355468750 0.667968750 0.421875000 0.132812500 0.523437500 1.410156250 0.203125000 0.203125000 0.210937500 0.148437500 0.886718750 0.121093750 0.203125000 0.105468750 0.496093750 0.726562500 0.148437500 0.285156250 0.179687500 0.722656250 1.277343750 0.300781250 0.257812500 0.914062500 1.921875000 4.320312500 1.574218750 0.910156250 1.109375000 2.640625000 0.984375000 0.210937500 0.414062500 0.085937500 0.992187500 1.054687500 0.375000000 0.496093750 0.425781250 1.652343750 1.960937500 0.222656250 0.417968750 0.453125000 1.421875000 2.386718750 0.308593750 0.613281250 1.035156250 2.480468750 3.804687500 0.402343750 0.527343750 0.203125000 0.078125000 0.109375000 0.113281250 0.023437500 0.031250000 0.316406250 0.371093750 0.152343750 0.101562500 0.113281250 0.152343750 0.351562500 0.140625000 0.050781250 0.093750000 0.445312500 0.789062500 0.289062500 0.113281250 0.312500000 0.687500000 1.605468750 0.421875000 0.093750000 0.285156250 0.648437500 0.894531250 0.175781250 0.058593750 0.101562500 0.234375000 0.546875000 0.222656250 0.007812500 0.042968750 0.113281250 0.187500000 0.164062500 0.042968750 0.082031250 0.156250000 0.070312500 0.050781250 0.023437500 0.050781250 0.074218750 0.078125000 0.117187500 0.050781250 0.019531250 0.195312500 0.437500000 0.250000000 0.128906250 0.140625000 0.214843750 0.312500000 0.125000000 0.128906250 0.082031250 0.105468750 0.078125000 0.054687500 0.031250000 0.050781250 0.109375000 0.078125000 0.007812500 0.058593750 0.058593750 0.027343750 0.027343750 0.007812500 0.019531250 0.011718750 0.023437500 0.027343750 0.023437500 0.023437500 0.011718750 0.007812500 0.046875000 0.046875000 0.054687500 0.054687500 0.070312500 0.078125000 0.019531250 0.074218750 0.031250000 0.093750000 0.070312500 0.035156250 0.007812500 0.101562500 0.078125000 0.054687500 0.046875000 0.054687500 0.238281250 0.277343750 0.074218750 0.179687500 0.179687500 0.253906250 0.132812500 0.074218750 0.070312500 0.039062500 0.058593750 0.062500000 0.035156250 0.042968750 0.039062500 0.027343750 0.062500000 0.031250000 0.039062500 0.039062500 0.066406250 0.050781250 0.050781250 0.093750000 0.015625000 0.082031250 0.082031250 0.148437500 0.058593750 0.023437500 0.042968750 0.031250000 0.019531250 0.027343750 0.027343750 0.027343750 0.015625000 0.007812500 0.015625000 0.042968750 0.046875000 0.007812500 0.046875000 0.007812500 0.035156250 0.046875000 0.027343750 0.050781250 0.046875000 0.007812500 0.015625000 0.031250000 0.035156250 0.007812500 0.011718750 0.031250000 0.046875000 0.023437500 0.031250000 0.019531250 0.035156250 0.031250000 0.042968750 0.023437500 0.023437500 0.027343750 0.046875000 0.015625000 0.019531250 0.050781250 0.007812500 0.019531250 0.023437500 0.042968750 0.015625000 0.019531250 0.042968750 0.027343750 0.027343750 
1.285156250 0.285156250 0.253906250 0.328125000 0.574218750 8.941406250 0.726562500 0.878906250 0.554687500 1.648437500 10.863281250 2.484375000 1.835937500 2.183593750 3.218750000 10.519531250 7.246093750 2.585937500 1.316406250 1.335937500 2.203125000 0.441406250 0.132812500 0.234375000 0.335937500 1.886718750 2.320312500 1.074218750 0.625000000 0.730468750 1.238281250 0.644531250 0.023437500 0.210937500 0.066406250 0.121093750 1.109375000 0.636718750 0.359375000 0.394531250 0.390625000 0.316406250 0.171875000 0.117187500 0.210937500 0.390625000 2.339843750 1.453125000 1.164062500 2.070312500 0.875000000 4.257812500 0.890625000 0.914062500 1.417968750 0.953125000 0.824218750 0.281250000 0.527343750 0.656250000 0.820312500 0.750000000 0.359375000 0.566406250 0.722656250 1.003906250 1.359375000 0.175781250 0.804687500 1.000000000 1.316406250 1.023437500 0.300781250 0.824218750 2.242187500 2.414062500 1.570312500 0.285156250 0.128906250 0.144531250 0.113281250 0.031250000 0.250000000 0.109375000 0.191406250 0.335937500 0.406250000 0.042968750 0.257812500 0.148437500 0.210937500 0.101562500 0.152343750 0.097656250 0.292968750 0.476562500 0.464843750 0.261718750 0.378906250 0.519531250 1.054687500 0.710937500 0.261718750 0.574218750 0.519531250 0.523437500 0.199218750 0.179687500 0.125000000 0.128906250 0.445312500 0.257812500 0.117187500 0.128906250 0.089843750 0.105468750 0.078125000 0.242187500 0.109375000 0.156250000 0.121093750 0.035156250 0.027343750 0.097656250 0.082031250 0.031250000 0.125000000 0.214843750 0.191406250 0.195312500 0.441406250 0.195312500 0.292968750 0.054687500 0.082031250 0.183593750 0.230468750 0.101562500 0.066406250 0.050781250 0.058593750 0.117187500 0.109375000 0.074218750 0.125000000 0.023437500 0.066406250 0.097656250 0.089843750 0.058593750 0.070312500 0.046875000 0.058593750 0.074218750 0.050781250 0.035156250 0.039062500 0.046875000 0.046875000 0.054687500 0.078125000 0.113281250 0.031250000 0.050781250 0.074218750 0.039062500 0.082031250 0.089843750 0.050781250 0.113281250 0.089843750 0.031250000 0.050781250 0.093750000 0.015625000 0.062500000 0.082031250 0.117187500 0.097656250 0.093750000 0.109375000 0.140625000 0.253906250 0.136718750 0.054687500 0.074218750 0.023437500 0.074218750 0.066406250 0.054687500 0.031250000 0.058593750 0.062500000 0.050781250 0.058593750 0.050781250 0.039062500 0.035156250 0.078125000 0.039062500 0.039062500 0.113281250 0.066406250 0.062500000 0.105468750 0.097656250 0.074218750 0.062500000 0.062500000 0.062500000 0.050781250 0.027343750 0.042968750 0.062500000 0.050781250 0.058593750 0.054687500 0.066406250 0.046875000 0.050781250 0.093750000 0.011718750 0.011718750 0.078125000 0.019531250 0.035156250 0.078125000 0.050781250 0.046875000 0.050781250 0.054687500 0.050781250 0.066406250 0.011718750 0.085937500 0.050781250 0.031250000 0.054687500 0.035156250 0.042968750 0.054687500 0.039062500 0.035156250 0.042968750 0.039062500 0.035156250 0.003906250 0.039062500 0.046875000 0.007812500 0.023437500 0.035156250 0.050781250 0.023437500 0.027343750 0.050781250 0.066406250 
0.664062500 0.968750000 1.054687500 1.136718750 1.488281250 9.179687500 1.609375000 1.820312500 1.976562500 2.667968750 10.156250000 1.449218750 1.210937500 1.589843750 2.964843750 11.039062500 7.898437500 2.296875000 1.343750000 0.742187500 1.066406250 1.625000000 1.011718750 0.832031250 0.640625000 2.085937500 2.707031250 0.921875000 0.667968750 0.527343750 0.488281250 1.496093750 0.847656250 0.503906250 0.382812500 0.726562500 1.035156250 0.531250000 0.253906250 0.343750000 0.691406250 0.652343750 0.496093750 0.339843750 0.218750000 0.753906250 2.070312500 0.425781250 1.171875000 0.906250000 1.410156250 4.496093750 0.187500000 0.304687500 0.988281250 0.218750000 1.015625000 0.398437500 0.457031250 0.378906250 0.601562500 0.937500000 0.109375000 0.101562500 0.308593750 0.105468750 0.808593750 0.679687500 0.074218750 0.277343750 0.289062500 0.429687500 1.003906250 0.710937500 1.332031250 0.867187500 0.222656250 1.113281250 0.503906250 0.437500000 0.304687500 0.148437500 0.519531250 0.300781250 0.242187500 0.234375000 0.191406250 0.492187500 0.328125000 0.148437500 0.167968750 0.289062500 0.480468750 0.210937500 0.214843750 0.195312500 0.433593750 0.628906250 0.230468750 0.296875000 0.558593750 0.425781250 0.898437500 0.156250000 0.406250000 0.355468750 0.148437500 0.214843750 0.007812500 0.132812500 0.250000000 0.160156250 0.207031250 0.027343750 0.007812500 0.054687500 0.132812500 0.277343750 0.015625000 0.050781250 0.035156250 0.058593750 0.078125000 0.078125000 0.042968750 0.015625000 0.042968750 0.113281250 0.207031250 0.097656250 0.230468750 0.222656250 0.441406250 0.058593750 0.156250000 0.132812500 0.164062500 0.207031250 0.039062500 0.085937500 0.085937500 0.027343750 0.046875000 0.039062500 0.007812500 0.046875000 0.078125000 0.046875000 0.101562500 0.074218750 0.058593750 0.050781250 0.058593750 0.027343750 0.058593750 0.050781250 0.078125000 0.074218750 0.035156250 0.070312500 0.031250000 0.062500000 0.015625000 0.035156250 0.054687500 0.042968750 0.070312500 0.031250000 0.019531250 0.042968750 0.054687500 0.046875000 0.019531250 0.027343750 0.007812500 0.039062500 0.042968750 0.035156250 0.066406250 0.097656250 0.078125000 0.062500000 0.152343750 0.085937500 0.125000000 0.066406250 0.078125000 0.097656250 0.078125000 0.097656250 0.042968750 0.097656250 0.058593750 0.062500000 0.085937500 0.054687500 0.085937500 0.074218750 0.027343750 0.062500000 0.035156250 0.046875000 0.046875000 0.054687500 0.074218750 0.066406250 0.113281250 0.070312500 0.042968750 0.070312500 0.039062500 0.085937500 0.074218750 0.070312500 0.015625000 0.062500000 0.062500000 0.031250000 0.058593750 0.054687500 0.062500000 0.058593750 0.015625000 0.042968750 0.074218750 0.070312500 0.078125000 0.023437500 0.070312500 0.050781250 0.031250000 0.023437500 0.070312500 0.097656250 0.050781250 0.050781250 0.027343750 0.042968750 0.035156250 0.031250000 0.023437500 0.070312500 0.031250000 0.058593750 0.046875000 0.058593750 0.046875000 0.046875000 0.062500000 0.054687500 0.042968750 0.042968750 0.039062500 0.050781250 0.042968750 0.066406250 0.007812500 
1.359375000 0.371093750 0.265625000 0.289062500 0.421875000 8.304687500 1.722656250 1.296875000 1.320312500 2.429687500 9.425781250 1.968750000 1.273437500 1.570312500 2.671875000 11.445312500 7.007812500 2.378906250 1.781250000 1.667968750 3.136718750 0.457031250 0.253906250 0.234375000 0.855468750 2.542968750 2.289062500 0.894531250 0.687500000 0.664062500 0.933593750 1.101562500 0.402343750 0.500000000 0.574218750 0.917968750 0.726562500 0.238281250 0.226562500 0.281250000 0.605468750 0.773437500 0.234375000 0.414062500 0.441406250 0.511718750 2.578125000 0.816406250 1.664062500 1.898437500 2.000000000 4.722656250 1.132812500 0.503906250 0.816406250 0.476562500 0.597656250 0.203125000 0.203125000 0.328125000 0.339843750 1.015625000 0.214843750 0.175781250 0.191406250 0.531250000 1.089843750 0.589843750 0.265625000 0.058593750 0.699218750 1.625000000 0.347656250 0.375000000 1.425781250 1.410156250 1.625000000 0.871093750 0.156250000 0.351562500 0.121093750 0.257812500 0.367187500 0.148437500 0.214843750 0.269531250 0.214843750 0.179687500 0.035156250 0.125000000 0.128906250 0.199218750 0.296875000 0.113281250 0.199218750 0.246093750 0.417968750 0.492187500 0.191406250 0.382812500 0.437500000 0.097656250 0.500000000 0.207031250 0.378906250 0.234375000 0.117187500 0.191406250 0.085937500 0.097656250 0.125000000 0.144531250 0.117187500 0.054687500 0.062500000 0.062500000 0.062500000 0.171875000 0.117187500 0.015625000 0.027343750 0.062500000 0.082031250 0.082031250 0.082031250 0.039062500 0.074218750 0.121093750 0.226562500 0.148437500 0.187500000 0.273437500 0.289062500 0.128906250 0.082031250 0.179687500 0.203125000 0.085937500 0.093750000 0.035156250 0.089843750 0.054687500 0.054687500 0.046875000 0.019531250 0.011718750 0.031250000 0.007812500 0.054687500 0.031250000 0.039062500 0.027343750 0.011718750 0.023437500 0.031250000 0.023437500 0.031250000 0.031250000 0.035156250 0.007812500 0.015625000 0.046875000 0.042968750 0.019531250 0.027343750 0.019531250 0.019531250 0.042968750 0.027343750 0.039062500 0.062500000 0.019531250 0.035156250 0.027343750 0.035156250 0.046875000 0.015625000 0.031250000 0.046875000 0.128906250 0.132812500 0.152343750 0.062500000 0.089843750 0.128906250 0.046875000 0.109375000 0.039062500 0.031250000 0.027343750 0.027343750 0.050781250 0.039062500 0.023437500 0.015625000 0.007812500 0.042968750 0.042968750 0.011718750 0.015625000 0.042968750 0.050781250 0.031250000 0.070312500 0.031250000 0.035156250 0.035156250 0.027343750 0.015625000 0.050781250 0.058593750 0.027343750 0.007812500 0.042968750 0.035156250 0.035156250 0.031250000 0.031250000 0.042968750 0.031250000 0.074218750 0.019531250 0.054687500 0.046875000 0.046875000 0.027343750 0.039062500 0.023437500 0.023437500 0.019531250 0.039062500 0.031250000 0.007812500 0.039062500 0.011718750 0.023437500 0.011718750 0.011718750 0.027343750 0.031250000 0.027343750 0.011718750 0.031250000 0.031250000 0.015625000 0.046875000 0.000000000 0.019531250 0.007812500 0.011718750 0.019531250 0.007812500 0.039062500 0.031250000 0.019531250 0.031250000 0.007812500 
1.726562500 0.113281250 0.011718750 0.078125000 0.144531250 8.246093750 1.003906250 0.273437500 0.339843750 1.371093750 9.562500000 1.179687500 0.656250000 1.031250000 2.144531250 11.671875000 4.445312500 1.421875000 0.625000000 1.074218750 2.902343750 0.800781250 0.257812500 0.269531250 0.609375000 2.988281250 1.539062500 0.242187500 0.527343750 0.859375000 1.457031250 0.457031250 0.257812500 0.253906250 0.296875000 0.972656250 0.554687500 0.347656250 0.558593750 0.898437500 1.199218750 0.425781250 0.292968750 0.511718750 0.847656250 1.347656250 1.812500000 1.261718750 1.429687500 3.800781250 4.660156250 3.187500000 0.640625000 0.199218750 0.457031250 0.382812500 0.226562500 0.164062500 0.472656250 0.652343750 0.753906250 0.917968750 0.144531250 0.347656250 0.859375000 0.562500000 0.976562500 0.570312500 0.554687500 0.707031250 0.707031250 1.359375000 0.421875000 0.179687500 1.765625000 1.910156250 2.058593750 0.312500000 0.710937500 0.347656250 0.203125000 0.472656250 0.187500000 0.152343750 0.257812500 0.144531250 0.355468750 0.023437500 0.175781250 0.234375000 0.019531250 0.359375000 0.167968750 0.183593750 0.277343750 0.273437500 0.718750000 0.042968750 0.285156250 0.570312500 0.589843750 0.343750000 0.136718750 0.281250000 0.273437500 0.335937500 0.230468750 0.121093750 0.132812500 0.148437500 0.148437500 0.222656250 0.019531250 0.117187500 0.054687500 0.156250000 0.144531250 0.085937500 0.113281250 0.054687500 0.058593750 0.054687500 0.046875000 0.019531250 0.054687500 0.046875000 0.062500000 0.054687500 0.207031250 0.105468750 0.257812500 0.296875000 0.164062500 0.300781250 0.144531250 0.101562500 0.230468750 0.054687500 0.195312500 0.093750000 0.125000000 0.054687500 0.082031250 0.007812500 0.050781250 0.019531250 0.035156250 0.046875000 0.054687500 0.007812500 0.027343750 0.074218750 0.027343750 0.027343750 0.023437500 0.031250000 0.054687500 0.042968750 0.007812500 0.019531250 0.027343750 0.031250000 0.015625000 0.050781250 0.007812500 0.003906250 0.046875000 0.070312500 0.027343750 0.027343750 0.066406250 0.007812500 0.023437500 0.011718750 0.078125000 0.042968750 0.031250000 0.031250000 0.097656250 0.019531250 0.210937500 0.128906250 0.070312500 0.078125000 0.136718750 0.117187500 0.136718750 0.046875000 0.031250000 0.046875000 0.035156250 0.023437500 0.035156250 0.011718750 0.035156250 0.019531250 0.046875000 0.027343750 0.035156250 0.007812500 0.035156250 0.054687500 0.046875000 0.027343750 0.046875000 0.050781250 0.042968750 0.027343750 0.011718750 0.062500000 0.035156250 0.042968750 0.039062500 0.062500000 0.027343750 0.023437500 0.039062500 0.023437500 0.046875000 0.046875000 0.019531250 0.042968750 0.015625000 0.035156250 0.007812500 0.019531250 0.062500000 0.007812500 0.023437500 0.039062500 0.039062500 0.031250000 0.011718750 0.039062500 0.023437500 0.019531250 0.031250000 0.027343750 0.019531250 0.039062500 0.023437500 0.019531250 0.035156250 0.023437500 0.035156250 0.046875000 0.031250000 0.007812500 0.007812500 0.011718750 0.042968750 0.015625000 0.035156250 0.003906250 0.007812500 0.039062500 0.023437500 
1.257812500 0.300781250 0.250000000 0.445312500 0.929687500 7.375000000 0.757812500 0.226562500 0.332031250 1.121093750 10.714843750 1.238281250 0.386718750 0.808593750 0.820312500 10.542968750 3.406250000 0.726562500 0.472656250 1.234375000 3.378906250 0.812500000 0.375000000 0.519531250 0.781250000 2.636718750 1.355468750 0.179687500 0.375000000 1.277343750 1.691406250 0.605468750 0.183593750 0.164062500 0.210937500 0.980468750 0.804687500 0.460937500 0.339843750 1.304687500 1.152343750 0.656250000 0.179687500 0.222656250 0.531250000 1.585937500 1.835937500 0.730468750 2.585937500 5.875000000 3.855468750 3.660156250 0.179687500 0.859375000 0.695312500 0.500000000 0.644531250 0.269531250 0.496093750 0.480468750 0.734375000 0.742187500 0.152343750 0.273437500 1.019531250 0.285156250 0.804687500 0.230468750 0.703125000 0.949218750 0.726562500 1.117187500 0.476562500 0.996093750 2.988281250 0.695312500 3.027343750 0.718750000 0.843750000 0.621093750 0.242187500 0.441406250 0.078125000 0.109375000 0.371093750 0.117187500 0.226562500 0.070312500 0.152343750 0.257812500 0.101562500 0.171875000 0.042968750 0.230468750 0.414062500 0.183593750 0.785156250 0.335937500 0.695312500 0.792968750 0.554687500 0.371093750 0.093750000 0.406250000 0.578125000 0.164062500 0.292968750 0.144531250 0.105468750 0.152343750 0.089843750 0.238281250 0.136718750 0.132812500 0.050781250 0.046875000 0.207031250 0.121093750 0.175781250 0.113281250 0.148437500 0.062500000 0.082031250 0.097656250 0.093750000 0.125000000 0.042968750 0.140625000 0.125000000 0.179687500 0.292968750 0.402343750 0.152343750 0.367187500 0.195312500 0.191406250 0.214843750 0.097656250 0.070312500 0.042968750 0.035156250 0.085937500 0.097656250 0.058593750 0.058593750 0.058593750 0.066406250 0.050781250 0.058593750 0.058593750 0.078125000 0.050781250 0.027343750 0.039062500 0.050781250 0.035156250 0.066406250 0.050781250 0.054687500 0.023437500 0.058593750 0.011718750 0.042968750 0.078125000 0.062500000 0.027343750 0.074218750 0.062500000 0.046875000 0.015625000 0.101562500 0.082031250 0.050781250 0.050781250 0.039062500 0.046875000 0.035156250 0.097656250 0.050781250 0.050781250 0.218750000 0.121093750 0.097656250 0.074218750 0.078125000 0.074218750 0.179687500 0.066406250 0.019531250 0.054687500 0.054687500 0.070312500 0.039062500 0.035156250 0.015625000 0.062500000 0.054687500 0.058593750 0.035156250 0.046875000 0.062500000 0.054687500 0.046875000 0.015625000 0.082031250 0.015625000 0.046875000 0.054687500 0.039062500 0.050781250 0.035156250 0.050781250 0.042968750 0.046875000 0.050781250 0.046875000 0.046875000 0.074218750 0.062500000 0.019531250 0.023437500 0.031250000 0.035156250 0.027343750 0.039062500 0.031250000 0.070312500 0.054687500 0.019531250 0.039062500 0.042968750 0.058593750 0.007812500 0.003906250 0.035156250 0.046875000 0.054687500 0.023437500 0.042968750 0.074218750 0.042968750 0.019531250 0.054687500 0.035156250 0.054687500 0.054687500 0.027343750 0.054687500 0.042968750 0.066406250 0.015625000 0.027343750 0.015625000 0.035156250 0.023437500 0.070312500 0.078125000 
1.601562500 0.335937500 0.347656250 0.664062500 1.562500000 6.507812500 1.699218750 1.500000000 2.589843750 4.207031250 9.789062500 2.839843750 2.269531250 3.214843750 5.105468750 5.816406250 0.246093750 0.316406250 2.710937500 4.726562500 1.710937500 1.292968750 1.191406250 1.429687500 2.089843750 1.390625000 0.554687500 1.546875000 1.054687500 1.945312500 1.316406250 0.562500000 0.402343750 0.429687500 0.847656250 0.449218750 0.292968750 1.078125000 0.773437500 1.574218750 1.296875000 0.871093750 1.296875000 0.679687500 1.179687500 0.683593750 1.492187500 2.281250000 2.277343750 8.062500000 0.226562500 0.453125000 2.457031250 1.457031250 0.257812500 0.687500000 0.652343750 0.347656250 0.117187500 0.992187500 0.632812500 0.617187500 0.308593750 0.394531250 0.777343750 0.472656250 0.578125000 0.511718750 1.062500000 0.574218750 0.578125000 0.562500000 0.363281250 1.589843750 2.421875000 1.292968750 3.695312500 0.179687500 0.796875000 0.542968750 0.484375000 0.285156250 0.316406250 0.578125000 0.359375000 0.300781250 0.218750000 0.242187500 0.246093750 0.203125000 0.164062500 0.332031250 0.179687500 0.230468750 0.210937500 0.507812500 0.699218750 0.597656250 0.816406250 0.824218750 0.484375000 0.511718750 0.265625000 0.273437500 0.460937500 0.156250000 0.351562500 0.250000000 0.078125000 0.078125000 0.101562500 0.187500000 0.191406250 0.136718750 0.128906250 0.246093750 0.019531250 0.011718750 0.125000000 0.128906250 0.148437500 0.085937500 0.125000000 0.070312500 0.078125000 0.109375000 0.121093750 0.082031250 0.144531250 0.160156250 0.414062500 0.195312500 0.093750000 0.308593750 0.261718750 0.144531250 0.226562500 0.046875000 0.062500000 0.152343750 0.160156250 0.058593750 0.050781250 0.085937500 0.031250000 0.046875000 0.074218750 0.046875000 0.050781250 0.066406250 0.042968750 0.054687500 0.054687500 0.066406250 0.054687500 0.050781250 0.093750000 0.066406250 0.074218750 0.042968750 0.050781250 0.062500000 0.089843750 0.027343750 0.085937500 0.058593750 0.027343750 0.023437500 0.074218750 0.101562500 0.070312500 0.066406250 0.058593750 0.113281250 0.003906250 0.050781250 0.101562500 0.101562500 0.046875000 0.195312500 0.085937500 0.003906250 0.082031250 0.101562500 0.089843750 0.085937500 0.035156250 0.101562500 0.031250000 0.066406250 0.089843750 0.058593750 0.050781250 0.062500000 0.042968750 0.023437500 0.027343750 0.074218750 0.039062500 0.054687500 0.058593750 0.058593750 0.050781250 0.035156250 0.085937500 0.089843750 0.089843750 0.050781250 0.058593750 0.031250000 0.066406250 0.031250000 0.062500000 0.050781250 0.054687500 0.089843750 0.046875000 0.074218750 0.019531250 0.050781250 0.023437500 0.035156250 0.078125000 0.042968750 0.046875000 0.058593750 0.062500000 0.054687500 0.093750000 0.070312500 0.035156250 0.039062500 0.046875000 0.066406250 0.031250000 0.062500000 0.035156250 0.074218750 0.058593750 0.042968750 0.046875000 0.042968750 0.070312500 0.054687500 0.074218750 0.070312500 0.050781250 0.019531250 0.054687500 0.039062500 0.058593750 0.054687500 0.054687500 0.046875000 0.011718750 0.085937500 0.023437500 
0.898437500 0.441406250 0.820312500 1.273437500 3.074218750 4.406250000 1.363281250 1.078125000 2.183593750 7.800781250 6.195312500 2.125000000 1.527343750 2.312500000 6.437500000 2.265625000 2.238281250 0.539062500 4.917968750 5.664062500 2.187500000 1.472656250 0.480468750 0.949218750 1.660156250 1.617187500 1.062500000 2.078125000 1.464843750 2.304687500 0.765625000 0.558593750 1.324218750 0.746093750 1.195312500 0.718750000 0.007812500 0.988281250 1.210937500 1.292968750 1.421875000 0.941406250 0.226562500 0.871093750 0.500000000 1.214843750 1.910156250 1.722656250 4.722656250 5.613281250 3.261718750 2.769531250 1.667968750 1.230468750 0.820312500 0.394531250 0.523437500 0.382812500 0.203125000 0.875000000 0.359375000 0.902343750 0.156250000 0.109375000 0.976562500 0.656250000 1.011718750 0.109375000 0.878906250 0.644531250 0.574218750 1.179687500 1.000000000 2.734375000 1.656250000 1.714843750 2.566406250 1.300781250 0.847656250 0.449218750 0.203125000 0.074218750 0.359375000 0.109375000 0.414062500 0.460937500 0.179687500 0.253906250 0.093750000 0.234375000 0.195312500 0.375000000 0.128906250 0.343750000 0.500000000 0.125000000 1.011718750 0.328125000 1.128906250 0.863281250 0.941406250 0.179687500 0.644531250 0.445312500 0.234375000 0.261718750 0.117187500 0.351562500 0.257812500 0.207031250 0.042968750 0.195312500 0.121093750 0.160156250 0.140625000 0.113281250 0.339843750 0.156250000 0.101562500 0.070312500 0.164062500 0.164062500 0.121093750 0.121093750 0.113281250 0.136718750 0.089843750 0.113281250 0.148437500 0.152343750 0.433593750 0.382812500 0.160156250 0.238281250 0.535156250 0.167968750 0.296875000 0.113281250 0.144531250 0.097656250 0.109375000 0.171875000 0.132812500 0.140625000 0.140625000 0.152343750 0.152343750 0.125000000 0.105468750 0.140625000 0.167968750 0.109375000 0.125000000 0.105468750 0.117187500 0.144531250 0.113281250 0.128906250 0.175781250 0.136718750 0.109375000 0.125000000 0.128906250 0.140625000 0.105468750 0.121093750 0.113281250 0.101562500 0.121093750 0.085937500 0.078125000 0.140625000 0.136718750 0.054687500 0.101562500 0.144531250 0.078125000 0.144531250 0.031250000 0.097656250 0.140625000 0.160156250 0.164062500 0.199218750 0.136718750 0.128906250 0.160156250 0.167968750 0.164062500 0.109375000 0.148437500 0.093750000 0.136718750 0.121093750 0.105468750 0.125000000 0.105468750 0.128906250 0.109375000 0.101562500 0.128906250 0.093750000 0.093750000 0.070312500 0.082031250 0.082031250 0.160156250 0.121093750 0.113281250 0.117187500 0.117187500 0.121093750 0.093750000 0.097656250 0.105468750 0.101562500 0.132812500 0.085937500 0.152343750 0.136718750 0.136718750 0.125000000 0.074218750 0.097656250 0.097656250 0.105468750 0.113281250 0.117187500 0.140625000 0.117187500 0.113281250 0.089843750 0.105468750 0.101562500 0.128906250 0.109375000 0.089843750 0.093750000 0.117187500 0.070312500 0.097656250 0.097656250 0.109375000 0.117187500 0.093750000 0.117187500 0.113281250 0.132812500 0.128906250 0.101562500 0.089843750 0.085937500 0.121093750 0.113281250 0.074218750 0.117187500 0.148437500 
2.382812500 0.878906250 1.199218750 1.492187500 4.023437500 2.722656250 1.285156250 1.152343750 1.046875000 10.402343750 3.035156250 1.500000000 1.343750000 3.203125000 6.160156250 0.492187500 1.300781250 1.636718750 8.230468750 1.589843750 1.175781250 0.375000000 1.121093750 1.660156250 0.914062500 0.328125000 0.167968750 1.777343750 0.738281250 1.054687500 0.382812500 1.429687500 1.203125000 0.480468750 0.355468750 0.515625000 1.082031250 0.632812500 1.097656250 0.625000000 0.843750000 1.234375000 0.574218750 0.332031250 0.511718750 1.183593750 1.281250000 2.777343750 3.839843750 4.289062500 4.476562500 1.621093750 0.546875000 1.042968750 0.617187500 0.281250000 0.371093750 0.398437500 0.136718750 0.765625000 0.414062500 0.289062500 0.503906250 0.730468750 0.332031250 0.433593750 0.457031250 0.296875000 0.714843750 0.484375000 0.429687500 0.917968750 1.449218750 1.085937500 1.628906250 1.226562500 2.496093750 1.460937500 0.753906250 0.359375000 0.339843750 0.230468750 0.355468750 0.238281250 0.332031250 0.468750000 0.105468750 0.015625000 0.195312500 0.335937500 0.050781250 0.312500000 0.234375000 0.328125000 0.500000000 0.449218750 0.335937500 0.535156250 1.757812500 0.562500000 0.535156250 0.355468750 0.332031250 0.296875000 0.156250000 0.136718750 0.066406250 0.316406250 0.105468750 0.003906250 0.105468750 0.097656250 0.121093750 0.062500000 0.046875000 0.082031250 0.265625000 0.101562500 0.046875000 0.062500000 0.050781250 0.089843750 0.062500000 0.054687500 0.070312500 0.171875000 0.007812500 0.214843750 0.062500000 0.308593750 0.328125000 0.183593750 0.203125000 0.074218750 0.449218750 0.218750000 0.273437500 0.171875000 0.207031250 0.089843750 0.035156250 0.183593750 0.125000000 0.113281250 0.128906250 0.085937500 0.082031250 0.058593750 0.074218750 0.070312500 0.058593750 0.078125000 0.070312500 0.062500000 0.066406250 0.089843750 0.042968750 0.082031250 0.085937500 0.039062500 0.082031250 0.093750000 0.058593750 0.046875000 0.042968750 0.066406250 0.066406250 0.082031250 0.058593750 0.046875000 0.082031250 0.066406250 0.062500000 0.121093750 0.085937500 0.093750000 0.089843750 0.109375000 0.089843750 0.140625000 0.027343750 0.109375000 0.023437500 0.066406250 0.062500000 0.050781250 0.035156250 0.085937500 0.066406250 0.062500000 0.058593750 0.054687500 0.023437500 0.058593750 0.035156250 0.050781250 0.085937500 0.058593750 0.074218750 0.050781250 0.082031250 0.035156250 0.078125000 0.019531250 0.015625000 0.070312500 0.085937500 0.078125000 0.046875000 0.062500000 0.066406250 0.066406250 0.042968750 0.054687500 0.082031250 0.027343750 0.101562500 0.085937500 0.023437500 0.042968750 0.031250000 0.085937500 0.019531250 0.070312500 0.054687500 0.027343750 0.062500000 0.054687500 0.015625000 0.042968750 0.027343750 0.066406250 0.058593750 0.054687500 0.046875000 0.027343750 0.031250000 0.058593750 0.062500000 0.050781250 0.042968750 0.042968750 0.066406250 0.035156250 0.023437500 0.074218750 0.070312500 0.058593750 0.054687500 0.054687500 0.070312500 0.027343750 0.050781250 0.039062500 0.058593750 0.062500000 0.039062500 
1.289062500 0.359375000 0.691406250 1.195312500 4.031250000 2.898437500 1.207031250 0.777343750 1.296875000 8.355468750 1.019531250 0.128906250 0.843750000 4.597656250 3.843750000 3.636718750 1.312500000 1.070312500 9.726562500 2.148437500 1.417968750 1.101562500 2.089843750 1.109375000 0.707031250 1.031250000 0.878906250 1.527343750 0.394531250 0.871093750 0.703125000 2.398437500 0.203125000 0.277343750 0.359375000 0.539062500 1.324218750 0.382812500 0.632812500 0.281250000 1.503906250 0.390625000 0.523437500 0.542968750 1.128906250 1.218750000 0.417968750 0.250000000 0.285156250 6.640625000 1.320312500 0.355468750 0.503906250 0.773437500 1.300781250 0.566406250 0.382812500 0.417968750 0.578125000 0.375000000 0.144531250 0.250000000 0.449218750 1.070312500 0.472656250 0.390625000 0.425781250 1.062500000 0.503906250 0.375000000 0.675781250 1.429687500 1.171875000 0.464843750 0.289062500 0.988281250 3.550781250 0.378906250 0.519531250 0.375000000 0.273437500 0.074218750 0.093750000 0.320312500 0.343750000 0.425781250 0.140625000 0.019531250 0.035156250 0.304687500 0.226562500 0.238281250 0.035156250 0.132812500 0.765625000 0.531250000 0.394531250 0.621093750 2.007812500 0.503906250 0.445312500 0.234375000 0.191406250 0.375000000 0.125000000 0.097656250 0.046875000 0.367187500 0.050781250 0.023437500 0.027343750 0.109375000 0.039062500 0.027343750 0.085937500 0.062500000 0.210937500 0.074218750 0.097656250 0.027343750 0.082031250 0.046875000 0.050781250 0.042968750 0.062500000 0.097656250 0.089843750 0.121093750 0.179687500 0.539062500 0.417968750 0.101562500 0.320312500 0.246093750 0.175781250 0.042968750 0.160156250 0.082031250 0.179687500 0.160156250 0.109375000 0.113281250 0.109375000 0.031250000 0.031250000 0.035156250 0.015625000 0.058593750 0.039062500 0.031250000 0.054687500 0.023437500 0.031250000 0.066406250 0.046875000 0.082031250 0.070312500 0.054687500 0.046875000 0.054687500 0.027343750 0.058593750 0.031250000 0.062500000 0.062500000 0.062500000 0.050781250 0.050781250 0.046875000 0.074218750 0.031250000 0.066406250 0.054687500 0.035156250 0.046875000 0.027343750 0.035156250 0.046875000 0.132812500 0.089843750 0.101562500 0.105468750 0.113281250 0.062500000 0.046875000 0.058593750 0.085937500 0.066406250 0.019531250 0.066406250 0.011718750 0.042968750 0.058593750 0.046875000 0.042968750 0.050781250 0.058593750 0.027343750 0.015625000 0.046875000 0.074218750 0.050781250 0.019531250 0.031250000 0.035156250 0.089843750 0.046875000 0.046875000 0.074218750 0.062500000 0.042968750 0.007812500 0.046875000 0.050781250 0.015625000 0.062500000 0.078125000 0.007812500 0.074218750 0.046875000 0.031250000 0.019531250 0.035156250 0.066406250 0.054687500 0.039062500 0.058593750 0.027343750 0.054687500 0.039062500 0.074218750 0.031250000 0.039062500 0.023437500 0.062500000 0.058593750 0.050781250 0.023437500 0.046875000 0.054687500 0.023437500 0.046875000 0.066406250 0.054687500 0.039062500 0.074218750 0.015625000 0.023437500 0.062500000 0.062500000 0.027343750 0.023437500 0.031250000 0.046875000 0.058593750 0.050781250 0.039062500 
0.660156250 0.894531250 0.988281250 1.421875000 4.472656250 2.882812500 0.937500000 0.976562500 1.402343750 7.867187500 1.199218750 0.996093750 1.496093750 5.519531250 2.769531250 0.558593750 1.621093750 2.082031250 9.152343750 1.402343750 1.156250000 0.890625000 2.468750000 0.843750000 0.582031250 0.812500000 0.902343750 0.777343750 0.214843750 0.289062500 0.410156250 2.269531250 0.250000000 0.187500000 0.253906250 0.699218750 1.125000000 0.449218750 0.382812500 0.191406250 1.292968750 0.375000000 0.250000000 0.585937500 1.492187500 0.984375000 0.257812500 0.207031250 0.652343750 5.101562500 1.378906250 0.832031250 0.609375000 1.269531250 1.042968750 0.515625000 0.367187500 0.304687500 0.527343750 0.214843750 0.191406250 0.218750000 0.679687500 0.648437500 0.378906250 0.484375000 0.593750000 0.390625000 0.328125000 0.179687500 0.453125000 1.750000000 0.285156250 0.296875000 0.839843750 2.152343750 3.710937500 0.792968750 0.523437500 0.246093750 0.183593750 0.250000000 0.148437500 0.171875000 0.398437500 0.273437500 0.109375000 0.117187500 0.062500000 0.453125000 0.046875000 0.050781250 0.183593750 0.183593750 0.410156250 0.285156250 0.453125000 0.820312500 2.261718750 0.234375000 0.464843750 0.160156250 0.140625000 0.085937500 0.175781250 0.097656250 0.234375000 0.222656250 0.027343750 0.101562500 0.156250000 0.164062500 0.085937500 0.042968750 0.093750000 0.039062500 0.066406250 0.121093750 0.035156250 0.070312500 0.109375000 0.074218750 0.046875000 0.074218750 0.027343750 0.125000000 0.132812500 0.167968750 0.464843750 0.609375000 0.292968750 0.179687500 0.242187500 0.429687500 0.066406250 0.039062500 0.125000000 0.148437500 0.175781250 0.152343750 0.066406250 0.074218750 0.144531250 0.046875000 0.093750000 0.058593750 0.062500000 0.066406250 0.097656250 0.062500000 0.082031250 0.070312500 0.050781250 0.078125000 0.093750000 0.089843750 0.054687500 0.078125000 0.070312500 0.101562500 0.066406250 0.054687500 0.058593750 0.058593750 0.066406250 0.082031250 0.070312500 0.066406250 0.066406250 0.031250000 0.109375000 0.070312500 0.093750000 0.121093750 0.070312500 0.085937500 0.093750000 0.054687500 0.152343750 0.070312500 0.167968750 0.019531250 0.105468750 0.070312500 0.050781250 0.039062500 0.039062500 0.046875000 0.062500000 0.003906250 0.015625000 0.062500000 0.050781250 0.035156250 0.042968750 0.046875000 0.062500000 0.042968750 0.058593750 0.031250000 0.062500000 0.046875000 0.082031250 0.066406250 0.105468750 0.019531250 0.007812500 0.085937500 0.035156250 0.074218750 0.054687500 0.078125000 0.027343750 0.031250000 0.066406250 0.070312500 0.050781250 0.031250000 0.027343750 0.042968750 0.046875000 0.042968750 0.011718750 0.031250000 0.019531250 0.054687500 0.031250000 0.058593750 0.066406250 0.046875000 0.039062500 0.062500000 0.039062500 0.062500000 0.027343750 0.066406250 0.019531250 0.089843750 0.035156250 0.066406250 0.050781250 0.011718750 0.058593750 0.039062500 0.054687500 0.062500000 0.062500000 0.046875000 0.078125000 0.023437500 0.054687500 0.062500000 0.062500000 0.054687500 0.039062500 0.019531250 0.035156250 
2.265625000 1.054687500 1.175781250 1.664062500 4.730468750 2.753906250 0.660156250 0.214843750 0.933593750 8.074218750 1.460937500 1.132812500 1.339843750 5.296875000 3.488281250 2.453125000 1.292968750 2.894531250 8.355468750 1.671875000 0.832031250 0.843750000 2.628906250 0.531250000 0.417968750 0.105468750 0.492187500 0.906250000 0.312500000 0.343750000 0.394531250 2.406250000 0.093750000 0.113281250 0.359375000 0.839843750 1.066406250 0.289062500 0.089843750 0.148437500 1.457031250 0.277343750 0.269531250 0.480468750 1.546875000 1.367187500 0.734375000 0.757812500 1.281250000 3.613281250 1.074218750 0.761718750 0.640625000 1.660156250 0.363281250 0.121093750 0.144531250 0.195312500 0.277343750 0.214843750 0.160156250 0.265625000 0.992187500 0.332031250 0.386718750 0.273437500 0.507812500 0.378906250 0.097656250 0.144531250 0.273437500 1.187500000 0.796875000 1.167968750 0.722656250 2.871093750 3.078125000 0.683593750 0.542968750 0.257812500 0.402343750 0.398437500 0.214843750 0.269531250 0.437500000 0.167968750 0.152343750 0.238281250 0.339843750 0.312500000 0.343750000 0.238281250 0.414062500 0.363281250 0.398437500 0.558593750 0.335937500 1.183593750 1.769531250 0.359375000 0.238281250 0.042968750 0.253906250 0.109375000 0.054687500 0.015625000 0.113281250 0.132812500 0.035156250 0.070312500 0.089843750 0.234375000 0.070312500 0.046875000 0.035156250 0.003906250 0.058593750 0.050781250 0.039062500 0.011718750 0.085937500 0.062500000 0.003906250 0.027343750 0.058593750 0.093750000 0.109375000 0.121093750 0.687500000 0.363281250 0.175781250 0.128906250 0.128906250 0.546875000 0.238281250 0.160156250 0.179687500 0.265625000 0.148437500 0.125000000 0.128906250 0.121093750 0.148437500 0.066406250 0.027343750 0.027343750 0.085937500 0.058593750 0.035156250 0.015625000 0.019531250 0.035156250 0.035156250 0.023437500 0.027343750 0.042968750 0.011718750 0.015625000 0.015625000 0.031250000 0.023437500 0.019531250 0.042968750 0.042968750 0.011718750 0.031250000 0.015625000 0.046875000 0.062500000 0.039062500 0.042968750 0.023437500 0.046875000 0.054687500 0.015625000 0.027343750 0.039062500 0.097656250 0.097656250 0.074218750 0.140625000 0.097656250 0.167968750 0.035156250 0.054687500 0.046875000 0.054687500 0.031250000 0.019531250 0.042968750 0.035156250 0.050781250 0.011718750 0.011718750 0.023437500 0.027343750 0.015625000 0.023437500 0.003906250 0.011718750 0.023437500 0.019531250 0.015625000 0.054687500 0.058593750 0.066406250 0.027343750 0.058593750 0.046875000 0.074218750 0.023437500 0.019531250 0.042968750 0.003906250 0.054687500 0.015625000 0.015625000 0.007812500 0.050781250 0.031250000 0.027343750 0.003906250 0.015625000 0.015625000 0.031250000 0.031250000 0.027343750 0.042968750 0.027343750 0.035156250 0.019531250 0.015625000 0.007812500 0.046875000 0.015625000 0.023437500 0.039062500 0.058593750 0.019531250 0.019531250 0.015625000 0.007812500 0.042968750 0.046875000 0.019531250 0.007812500 0.042968750 0.031250000 0.050781250 0.023437500 0.027343750 0.019531250 0.011718750 0.015625000 0.019531250 0.031250000 0.000000000 
1.335937500 0.261718750 0.296875000 0.734375000 3.707031250 3.769531250 1.957031250 1.785156250 2.531250000 6.496093750 0.640625000 0.875000000 1.449218750 6.335937500 1.335937500 0.433593750 0.804687500 3.167968750 7.894531250 2.265625000 1.285156250 0.855468750 1.601562500 1.031250000 0.835937500 0.460937500 0.386718750 1.156250000 0.828125000 0.687500000 0.796875000 1.843750000 0.441406250 0.515625000 0.570312500 1.609375000 0.234375000 0.324218750 0.253906250 0.480468750 1.277343750 0.273437500 0.359375000 0.621093750 2.460937500 0.515625000 0.425781250 0.558593750 1.250000000 2.718750000 0.882812500 0.167968750 0.445312500 1.269531250 0.457031250 0.339843750 0.171875000 0.410156250 0.281250000 0.191406250 0.105468750 0.222656250 0.750000000 0.105468750 0.195312500 0.156250000 0.640625000 0.148437500 0.132812500 0.214843750 0.351562500 1.132812500 0.671875000 0.398437500 1.066406250 3.746093750 1.398437500 0.902343750 0.214843750 0.171875000 0.312500000 0.292968750 0.109375000 0.175781250 0.222656250 0.160156250 0.269531250 0.167968750 0.441406250 0.074218750 0.078125000 0.097656250 0.117187500 0.449218750 0.152343750 0.375000000 0.683593750 1.593750000 0.687500000 0.558593750 0.156250000 0.105468750 0.187500000 0.175781250 0.082031250 0.058593750 0.074218750 0.058593750 0.082031250 0.089843750 0.164062500 0.105468750 0.070312500 0.046875000 0.046875000 0.062500000 0.019531250 0.027343750 0.054687500 0.082031250 0.011718750 0.039062500 0.031250000 0.015625000 0.031250000 0.050781250 0.050781250 0.089843750 0.703125000 0.160156250 0.078125000 0.117187500 0.250000000 0.394531250 0.039062500 0.093750000 0.085937500 0.085937500 0.070312500 0.042968750 0.035156250 0.273437500 0.156250000 0.039062500 0.042968750 0.062500000 0.085937500 0.019531250 0.031250000 0.019531250 0.066406250 0.042968750 0.007812500 0.011718750 0.035156250 0.031250000 0.011718750 0.035156250 0.015625000 0.031250000 0.039062500 0.039062500 0.054687500 0.035156250 0.027343750 0.035156250 0.023437500 0.019531250 0.062500000 0.007812500 0.023437500 0.046875000 0.031250000 0.050781250 0.031250000 0.011718750 0.046875000 0.093750000 0.078125000 0.039062500 0.097656250 0.136718750 0.136718750 0.039062500 0.011718750 0.050781250 0.039062500 0.011718750 0.039062500 0.003906250 0.050781250 0.050781250 0.015625000 0.011718750 0.031250000 0.042968750 0.027343750 0.023437500 0.058593750 0.031250000 0.027343750 0.039062500 0.035156250 0.085937500 0.042968750 0.054687500 0.058593750 0.035156250 0.101562500 0.023437500 0.050781250 0.031250000 0.054687500 0.011718750 0.019531250 0.027343750 0.039062500 0.027343750 0.031250000 0.019531250 0.019531250 0.027343750 0.027343750 0.035156250 0.027343750 0.031250000 0.035156250 0.031250000 0.046875000 0.015625000 0.039062500 0.023437500 0.031250000 0.000000000 0.054687500 0.015625000 0.015625000 0.042968750 0.031250000 0.015625000 0.035156250 0.007812500 0.050781250 0.011718750 0.058593750 0.019531250 0.023437500 0.027343750 0.042968750 0.011718750 0.039062500 0.035156250 0.023437500 0.019531250 0.035156250 0.035156250 0.023437500 
1.269531250 0.429687500 0.464843750 1.062500000 4.097656250 3.074218750 1.347656250 1.070312500 1.609375000 7.636718750 1.832031250 1.289062500 1.433593750 5.902343750 1.898437500 1.285156250 1.996093750 4.496093750 6.367187500 1.542968750 0.945312500 0.578125000 2.636718750 0.277343750 0.285156250 0.226562500 0.640625000 0.507812500 0.078125000 0.390625000 0.582031250 2.281250000 0.445312500 0.210937500 0.300781250 1.480468750 0.261718750 0.328125000 0.410156250 0.707031250 1.367187500 0.464843750 0.253906250 0.234375000 2.511718750 0.335937500 0.289062500 0.964843750 2.031250000 1.792968750 0.406250000 0.703125000 0.496093750 1.050781250 0.171875000 0.027343750 0.003906250 0.378906250 0.218750000 0.109375000 0.250000000 0.246093750 0.574218750 0.183593750 0.148437500 0.121093750 0.597656250 0.125000000 0.082031250 0.171875000 0.761718750 0.539062500 0.253906250 0.886718750 1.007812500 3.101562500 0.687500000 0.398437500 0.207031250 0.222656250 0.140625000 0.074218750 0.125000000 0.046875000 0.382812500 0.121093750 0.128906250 0.074218750 0.359375000 0.054687500 0.042968750 0.027343750 0.203125000 0.289062500 0.214843750 0.453125000 0.558593750 1.175781250 0.414062500 0.347656250 0.195312500 0.292968750 0.062500000 0.015625000 0.152343750 0.066406250 0.027343750 0.031250000 0.035156250 0.039062500 0.191406250 0.027343750 0.031250000 0.011718750 0.023437500 0.015625000 0.023437500 0.027343750 0.058593750 0.062500000 0.019531250 0.011718750 0.054687500 0.023437500 0.023437500 0.085937500 0.132812500 0.148437500 0.546875000 0.210937500 0.058593750 0.085937500 0.359375000 0.210937500 0.113281250 0.039062500 0.058593750 0.070312500 0.082031250 0.050781250 0.007812500 0.335937500 0.050781250 0.097656250 0.054687500 0.058593750 0.039062500 0.062500000 0.019531250 0.023437500 0.050781250 0.015625000 0.019531250 0.023437500 0.019531250 0.019531250 0.019531250 0.023437500 0.003906250 0.042968750 0.039062500 0.011718750 0.031250000 0.031250000 0.027343750 0.011718750 0.011718750 0.035156250 0.039062500 0.031250000 0.011718750 0.015625000 0.050781250 0.062500000 0.042968750 0.027343750 0.031250000 0.058593750 0.015625000 0.070312500 0.015625000 0.140625000 0.113281250 0.074218750 0.078125000 0.082031250 0.058593750 0.035156250 0.035156250 0.007812500 0.023437500 0.015625000 0.027343750 0.019531250 0.019531250 0.058593750 0.011718750 0.003906250 0.050781250 0.011718750 0.011718750 0.042968750 0.031250000 0.039062500 0.023437500 0.105468750 0.101562500 0.074218750 0.050781250 0.027343750 0.070312500 0.019531250 0.027343750 0.042968750 0.023437500 0.035156250 0.015625000 0.007812500 0.019531250 0.015625000 0.027343750 0.015625000 0.035156250 0.042968750 0.019531250 0.035156250 0.035156250 0.042968750 0.042968750 0.023437500 0.035156250 0.011718750 0.015625000 0.007812500 0.031250000 0.042968750 0.015625000 0.046875000 0.031250000 0.011718750 0.015625000 0.019531250 0.035156250 0.007812500 0.042968750 0.003906250 0.011718750 0.007812500 0.015625000 0.031250000 0.019531250 0.011718750 0.019531250 0.015625000 0.023437500 0.015625000 0.035156250 
2.191406250 0.558593750 0.785156250 1.308593750 4.476562500 2.652343750 0.812500000 0.777343750 1.851562500 7.644531250 1.796875000 1.261718750 1.070312500 5.304687500 2.078125000 1.546875000 2.136718750 4.882812500 5.582031250 1.664062500 0.863281250 0.742187500 2.832031250 0.714843750 0.617187500 0.535156250 0.941406250 0.144531250 0.273437500 0.578125000 1.097656250 1.972656250 0.207031250 0.222656250 0.281250000 1.660156250 0.121093750 0.203125000 0.285156250 0.984375000 1.414062500 0.421875000 0.617187500 0.789062500 2.683593750 0.589843750 0.636718750 0.742187500 2.328125000 0.843750000 0.386718750 0.207031250 0.417968750 0.875000000 0.289062500 0.253906250 0.191406250 0.382812500 0.218750000 0.097656250 0.125000000 0.402343750 0.519531250 0.292968750 0.238281250 0.238281250 0.785156250 0.339843750 0.375000000 0.441406250 1.070312500 0.570312500 0.671875000 0.488281250 1.289062500 2.558593750 0.855468750 0.218750000 0.042968750 0.488281250 0.183593750 0.167968750 0.214843750 0.183593750 0.175781250 0.062500000 0.085937500 0.113281250 0.273437500 0.070312500 0.082031250 0.160156250 0.367187500 0.144531250 0.113281250 0.027343750 0.746093750 0.972656250 0.617187500 0.152343750 0.308593750 0.335937500 0.078125000 0.125000000 0.253906250 0.074218750 0.085937500 0.070312500 0.039062500 0.132812500 0.113281250 0.085937500 0.039062500 0.042968750 0.062500000 0.046875000 0.058593750 0.042968750 0.031250000 0.121093750 0.046875000 0.062500000 0.078125000 0.097656250 0.082031250 0.160156250 0.156250000 0.429687500 0.277343750 0.066406250 0.015625000 0.121093750 0.199218750 0.113281250 0.101562500 0.003906250 0.062500000 0.042968750 0.082031250 0.062500000 0.066406250 0.226562500 0.105468750 0.070312500 0.105468750 0.062500000 0.058593750 0.011718750 0.027343750 0.023437500 0.050781250 0.019531250 0.023437500 0.027343750 0.019531250 0.023437500 0.039062500 0.027343750 0.050781250 0.019531250 0.050781250 0.035156250 0.039062500 0.027343750 0.011718750 0.031250000 0.027343750 0.015625000 0.015625000 0.015625000 0.019531250 0.011718750 0.046875000 0.035156250 0.027343750 0.019531250 0.035156250 0.023437500 0.093750000 0.113281250 0.082031250 0.144531250 0.050781250 0.050781250 0.050781250 0.058593750 0.035156250 0.031250000 0.027343750 0.031250000 0.035156250 0.007812500 0.035156250 0.015625000 0.011718750 0.074218750 0.003906250 0.015625000 0.035156250 0.039062500 0.046875000 0.050781250 0.058593750 0.054687500 0.093750000 0.046875000 0.070312500 0.125000000 0.039062500 0.054687500 0.035156250 0.011718750 0.042968750 0.058593750 0.015625000 0.046875000 0.011718750 0.050781250 0.023437500 0.007812500 0.007812500 0.042968750 0.039062500 0.031250000 0.003906250 0.019531250 0.015625000 0.039062500 0.011718750 0.070312500 0.042968750 0.019531250 0.011718750 0.035156250 0.031250000 0.042968750 0.019531250 0.039062500 0.031250000 0.023437500 0.007812500 0.011718750 0.039062500 0.015625000 0.046875000 0.015625000 0.023437500 0.011718750 0.027343750 0.015625000 0.007812500 0.023437500 0.031250000 0.015625000 0.007812500 0.015625000 0.003906250 
1.152343750 0.406250000 0.519531250 1.039062500 4.382812500 3.070312500 1.695312500 1.632812500 3.179687500 6.890625000 1.394531250 0.750000000 0.488281250 5.789062500 0.218750000 0.824218750 1.187500000 4.527343750 5.128906250 1.914062500 1.308593750 1.371093750 1.687500000 0.273437500 0.312500000 0.562500000 0.601562500 0.339843750 0.515625000 0.464843750 1.207031250 1.910156250 0.605468750 0.335937500 0.425781250 1.480468750 0.156250000 0.156250000 0.578125000 1.582031250 1.269531250 0.902343750 0.707031250 1.375000000 2.558593750 0.675781250 0.234375000 0.582031250 1.761718750 0.746093750 0.042968750 0.230468750 0.660156250 0.621093750 0.320312500 0.164062500 0.164062500 0.402343750 0.039062500 0.015625000 0.222656250 0.687500000 0.156250000 0.207031250 0.226562500 0.226562500 0.492187500 0.175781250 0.113281250 0.183593750 0.800781250 0.125000000 0.296875000 0.707031250 1.675781250 1.855468750 0.417968750 0.292968750 0.328125000 0.554687500 0.253906250 0.187500000 0.105468750 0.406250000 0.164062500 0.121093750 0.101562500 0.140625000 0.242187500 0.078125000 0.105468750 0.246093750 0.281250000 0.085937500 0.167968750 0.386718750 0.457031250 0.875000000 0.273437500 0.292968750 0.484375000 0.253906250 0.230468750 0.175781250 0.199218750 0.089843750 0.144531250 0.140625000 0.121093750 0.187500000 0.148437500 0.062500000 0.035156250 0.046875000 0.062500000 0.066406250 0.078125000 0.066406250 0.074218750 0.113281250 0.101562500 0.082031250 0.101562500 0.097656250 0.078125000 0.132812500 0.175781250 0.332031250 0.089843750 0.140625000 0.062500000 0.160156250 0.164062500 0.136718750 0.015625000 0.023437500 0.050781250 0.062500000 0.117187500 0.031250000 0.148437500 0.085937500 0.082031250 0.082031250 0.121093750 0.070312500 0.093750000 0.042968750 0.031250000 0.039062500 0.066406250 0.042968750 0.089843750 0.023437500 0.058593750 0.050781250 0.039062500 0.082031250 0.035156250 0.066406250 0.042968750 0.058593750 0.070312500 0.070312500 0.035156250 0.031250000 0.070312500 0.050781250 0.027343750 0.035156250 0.042968750 0.054687500 0.085937500 0.074218750 0.027343750 0.019531250 0.015625000 0.101562500 0.031250000 0.125000000 0.144531250 0.035156250 0.152343750 0.066406250 0.082031250 0.070312500 0.035156250 0.074218750 0.074218750 0.082031250 0.039062500 0.042968750 0.046875000 0.066406250 0.042968750 0.093750000 0.058593750 0.050781250 0.054687500 0.097656250 0.074218750 0.062500000 0.070312500 0.019531250 0.093750000 0.046875000 0.128906250 0.039062500 0.093750000 0.054687500 0.046875000 0.027343750 0.042968750 0.042968750 0.066406250 0.070312500 0.062500000 0.089843750 0.039062500 0.062500000 0.054687500 0.093750000 0.070312500 0.039062500 0.023437500 0.054687500 0.050781250 0.042968750 0.050781250 0.027343750 0.046875000 0.035156250 0.039062500 0.035156250 0.039062500 0.039062500 0.089843750 0.062500000 0.019531250 0.035156250 0.046875000 0.058593750 0.015625000 0.031250000 0.023437500 0.062500000 0.031250000 0.031250000 0.050781250 0.054687500 0.050781250 0.035156250 0.070312500 0.054687500 0.035156250 0.023437500 0.042968750 
2.000000000 0.726562500 0.933593750 1.429687500 5.265625000 1.929687500 0.261718750 0.851562500 3.179687500 7.250000000 1.933593750 1.039062500 0.601562500 5.835937500 0.703125000 0.734375000 0.792968750 4.515625000 4.046875000 1.488281250 0.898437500 0.367187500 2.644531250 1.128906250 0.570312500 0.574218750 0.839843750 0.785156250 0.445312500 0.542968750 1.406250000 1.484375000 0.625000000 0.382812500 0.277343750 1.933593750 0.566406250 0.105468750 0.093750000 1.941406250 0.972656250 0.406250000 0.796875000 2.343750000 2.222656250 1.027343750 0.988281250 0.746093750 0.710937500 0.406250000 0.671875000 0.515625000 1.113281250 0.593750000 0.460937500 0.468750000 0.554687500 0.542968750 0.371093750 0.410156250 0.593750000 0.324218750 0.320312500 0.292968750 0.609375000 0.437500000 0.574218750 0.382812500 0.503906250 0.671875000 0.277343750 0.167968750 0.468750000 1.050781250 2.414062500 0.949218750 0.296875000 0.468750000 0.445312500 0.296875000 0.218750000 0.128906250 0.355468750 0.250000000 0.207031250 0.144531250 0.339843750 0.332031250 0.167968750 0.136718750 0.160156250 0.320312500 0.117187500 0.187500000 0.136718750 0.527343750 0.812500000 0.671875000 0.101562500 0.445312500 0.359375000 0.265625000 0.085937500 0.226562500 0.187500000 0.226562500 0.136718750 0.179687500 0.132812500 0.140625000 0.105468750 0.125000000 0.156250000 0.089843750 0.128906250 0.175781250 0.167968750 0.121093750 0.117187500 0.105468750 0.113281250 0.113281250 0.105468750 0.156250000 0.132812500 0.125000000 0.164062500 0.242187500 0.121093750 0.132812500 0.261718750 0.125000000 0.097656250 0.132812500 0.117187500 0.132812500 0.132812500 0.117187500 0.070312500 0.093750000 0.152343750 0.132812500 0.101562500 0.207031250 0.136718750 0.070312500 0.117187500 0.140625000 0.125000000 0.101562500 0.136718750 0.117187500 0.144531250 0.113281250 0.105468750 0.113281250 0.117187500 0.046875000 0.105468750 0.121093750 0.117187500 0.093750000 0.125000000 0.085937500 0.121093750 0.113281250 0.085937500 0.093750000 0.093750000 0.113281250 0.093750000 0.117187500 0.070312500 0.093750000 0.128906250 0.121093750 0.140625000 0.164062500 0.113281250 0.109375000 0.070312500 0.058593750 0.156250000 0.109375000 0.078125000 0.128906250 0.125000000 0.105468750 0.113281250 0.101562500 0.101562500 0.078125000 0.132812500 0.101562500 0.070312500 0.070312500 0.066406250 0.078125000 0.121093750 0.062500000 0.089843750 0.082031250 0.101562500 0.101562500 0.097656250 0.156250000 0.089843750 0.187500000 0.093750000 0.070312500 0.089843750 0.089843750 0.082031250 0.105468750 0.093750000 0.074218750 0.085937500 0.109375000 0.121093750 0.117187500 0.121093750 0.070312500 0.062500000 0.058593750 0.109375000 0.054687500 0.058593750 0.097656250 0.078125000 0.050781250 0.085937500 0.105468750 0.097656250 0.089843750 0.070312500 0.070312500 0.078125000 0.074218750 0.089843750 0.097656250 0.074218750 0.093750000 0.066406250 0.089843750 0.082031250 0.105468750 0.113281250 0.097656250 0.097656250 0.082031250 0.097656250 0.078125000 0.093750000 0.078125000 0.082031250 0.097656250 0.093750000 
0.972656250 0.375000000 0.609375000 1.046875000 4.671875000 2.625000000 1.488281250 1.769531250 4.101562500 6.898437500 1.828125000 1.187500000 1.136718750 5.042968750 0.636718750 0.515625000 1.144531250 4.488281250 2.707031250 0.984375000 0.589843750 1.093750000 1.843750000 0.820312500 0.644531250 0.843750000 0.949218750 0.242187500 0.082031250 0.164062500 1.144531250 0.910156250 0.417968750 0.351562500 0.917968750 1.375000000 0.679687500 0.406250000 0.953125000 2.882812500 0.796875000 0.546875000 0.972656250 4.156250000 0.683593750 0.582031250 0.546875000 0.246093750 1.285156250 0.472656250 0.296875000 0.570312500 1.214843750 0.242187500 0.160156250 0.175781250 0.265625000 0.308593750 0.195312500 0.234375000 0.257812500 0.703125000 0.332031250 0.246093750 0.265625000 0.941406250 0.503906250 0.347656250 0.402343750 0.746093750 0.238281250 0.343750000 0.718750000 1.765625000 1.976562500 0.769531250 0.445312500 0.617187500 0.257812500 0.132812500 0.175781250 0.179687500 0.527343750 0.082031250 0.058593750 0.054687500 0.246093750 0.230468750 0.105468750 0.097656250 0.085937500 0.339843750 0.109375000 0.128906250 0.093750000 0.855468750 0.167968750 0.128906250 0.558593750 0.121093750 0.351562500 0.226562500 0.222656250 0.117187500 0.187500000 0.109375000 0.082031250 0.097656250 0.085937500 0.070312500 0.066406250 0.031250000 0.058593750 0.089843750 0.117187500 0.066406250 0.136718750 0.070312500 0.097656250 0.074218750 0.046875000 0.070312500 0.074218750 0.097656250 0.058593750 0.074218750 0.089843750 0.152343750 0.113281250 0.121093750 0.175781250 0.031250000 0.070312500 0.046875000 0.132812500 0.042968750 0.085937500 0.031250000 0.054687500 0.066406250 0.074218750 0.070312500 0.035156250 0.109375000 0.050781250 0.089843750 0.066406250 0.062500000 0.105468750 0.062500000 0.039062500 0.070312500 0.070312500 0.085937500 0.074218750 0.062500000 0.031250000 0.105468750 0.062500000 0.046875000 0.062500000 0.066406250 0.093750000 0.058593750 0.050781250 0.074218750 0.062500000 0.058593750 0.054687500 0.058593750 0.085937500 0.070312500 0.035156250 0.031250000 0.078125000 0.074218750 0.054687500 0.070312500 0.121093750 0.089843750 0.085937500 0.105468750 0.078125000 0.031250000 0.039062500 0.066406250 0.078125000 0.027343750 0.027343750 0.015625000 0.070312500 0.074218750 0.035156250 0.054687500 0.019531250 0.070312500 0.042968750 0.046875000 0.035156250 0.054687500 0.058593750 0.097656250 0.019531250 0.066406250 0.046875000 0.011718750 0.039062500 0.093750000 0.054687500 0.085937500 0.050781250 0.050781250 0.035156250 0.082031250 0.039062500 0.054687500 0.058593750 0.031250000 0.019531250 0.050781250 0.011718750 0.078125000 0.031250000 0.046875000 0.035156250 0.062500000 0.031250000 0.050781250 0.074218750 0.039062500 0.054687500 0.019531250 0.027343750 0.042968750 0.089843750 0.050781250 0.027343750 0.058593750 0.058593750 0.046875000 0.074218750 0.050781250 0.046875000 0.042968750 0.050781250 0.046875000 0.027343750 0.078125000 0.074218750 0.039062500 0.031250000 0.050781250 0.023437500 0.070312500 0.031250000 0.070312500 0.042968750 
1.230468750 0.250000000 0.335937500 0.777343750 4.351562500 2.761718750 1.753906250 2.101562500 4.562500000 6.585937500 1.800781250 1.277343750 1.437500000 5.035156250 0.710937500 0.554687500 0.734375000 3.929687500 1.585937500 0.726562500 0.652343750 1.585937500 1.144531250 0.394531250 0.359375000 0.488281250 1.414062500 0.257812500 0.175781250 0.296875000 0.863281250 0.511718750 0.292968750 0.355468750 1.109375000 0.875000000 0.457031250 0.558593750 1.160156250 2.496093750 0.605468750 0.820312500 1.285156250 4.941406250 0.210937500 0.187500000 0.273437500 0.964843750 0.714843750 0.242187500 0.148437500 0.445312500 0.722656250 0.199218750 0.093750000 0.089843750 0.207031250 0.085937500 0.066406250 0.070312500 0.292968750 0.367187500 0.191406250 0.195312500 0.546875000 0.445312500 0.171875000 0.242187500 0.109375000 0.730468750 0.070312500 0.324218750 0.460937500 3.046875000 0.933593750 0.226562500 0.035156250 0.449218750 0.292968750 0.140625000 0.121093750 0.207031250 0.304687500 0.058593750 0.031250000 0.082031250 0.195312500 0.140625000 0.050781250 0.011718750 0.136718750 0.152343750 0.125000000 0.171875000 0.167968750 0.640625000 0.339843750 0.246093750 0.250000000 0.347656250 0.031250000 0.046875000 0.042968750 0.074218750 0.140625000 0.078125000 0.101562500 0.050781250 0.007812500 0.023437500 0.046875000 0.007812500 0.078125000 0.019531250 0.054687500 0.019531250 0.062500000 0.074218750 0.039062500 0.023437500 0.019531250 0.058593750 0.019531250 0.019531250 0.019531250 0.023437500 0.046875000 0.082031250 0.019531250 0.050781250 0.058593750 0.058593750 0.035156250 0.023437500 0.054687500 0.058593750 0.031250000 0.011718750 0.007812500 0.027343750 0.035156250 0.015625000 0.031250000 0.046875000 0.027343750 0.042968750 0.015625000 0.015625000 0.015625000 0.015625000 0.023437500 0.007812500 0.003906250 0.027343750 0.019531250 0.011718750 0.031250000 0.023437500 0.011718750 0.007812500 0.019531250 0.011718750 0.035156250 0.019531250 0.046875000 0.003906250 0.007812500 0.035156250 0.035156250 0.035156250 0.039062500 0.035156250 0.015625000 0.039062500 0.031250000 0.007812500 0.035156250 0.031250000 0.132812500 0.101562500 0.046875000 0.042968750 0.046875000 0.031250000 0.011718750 0.039062500 0.007812500 0.019531250 0.011718750 0.058593750 0.015625000 0.031250000 0.019531250 0.019531250 0.035156250 0.031250000 0.023437500 0.019531250 0.023437500 0.019531250 0.011718750 0.039062500 0.027343750 0.039062500 0.023437500 0.019531250 0.054687500 0.031250000 0.101562500 0.027343750 0.007812500 0.042968750 0.039062500 0.011718750 0.031250000 0.015625000 0.019531250 0.035156250 0.035156250 0.039062500 0.031250000 0.031250000 0.019531250 0.042968750 0.015625000 0.039062500 0.031250000 0.003906250 0.046875000 0.039062500 0.015625000 0.035156250 0.007812500 0.066406250 0.035156250 0.003906250 0.031250000 0.023437500 0.019531250 0.019531250 0.027343750 0.011718750 0.003906250 0.007812500 0.019531250 0.007812500 0.019531250 0.050781250 0.023437500 0.031250000 0.003906250 0.011718750 0.011718750 0.027343750 0.039062500 0.007812500 0.003906250 
2.511718750 0.960937500 1.183593750 1.726562500 5.515625000 1.019531250 0.386718750 1.445312500 5.011718750 5.734375000 1.714843750 0.714843750 1.378906250 5.851562500 1.906250000 1.398437500 0.886718750 2.835937500 0.402343750 0.105468750 0.148437500 1.398437500 0.894531250 0.562500000 0.222656250 0.632812500 1.781250000 0.761718750 0.449218750 0.359375000 0.628906250 0.230468750 0.292968750 0.199218750 0.820312500 0.636718750 0.566406250 0.722656250 1.531250000 2.179687500 1.441406250 1.781250000 3.312500000 4.039062500 1.175781250 0.664062500 0.085937500 1.031250000 0.195312500 0.312500000 0.320312500 0.566406250 0.617187500 0.320312500 0.222656250 0.078125000 0.269531250 0.167968750 0.195312500 0.089843750 0.246093750 0.003906250 0.128906250 0.148437500 0.410156250 0.449218750 0.304687500 0.375000000 0.367187500 0.660156250 0.417968750 0.667968750 0.796875000 2.488281250 1.015625000 0.519531250 0.367187500 0.414062500 0.128906250 0.039062500 0.113281250 0.148437500 0.023437500 0.105468750 0.097656250 0.109375000 0.011718750 0.089843750 0.070312500 0.097656250 0.191406250 0.191406250 0.175781250 0.250000000 0.503906250 0.429687500 0.253906250 0.335937500 0.250000000 0.324218750 0.203125000 0.164062500 0.070312500 0.183593750 0.078125000 0.035156250 0.054687500 0.105468750 0.050781250 0.101562500 0.050781250 0.023437500 0.109375000 0.132812500 0.070312500 0.050781250 0.097656250 0.082031250 0.046875000 0.140625000 0.105468750 0.105468750 0.066406250 0.066406250 0.054687500 0.070312500 0.078125000 0.089843750 0.015625000 0.054687500 0.085937500 0.054687500 0.054687500 0.046875000 0.062500000 0.031250000 0.050781250 0.070312500 0.078125000 0.085937500 0.089843750 0.046875000 0.062500000 0.089843750 0.054687500 0.046875000 0.062500000 0.062500000 0.078125000 0.082031250 0.035156250 0.042968750 0.042968750 0.082031250 0.074218750 0.050781250 0.039062500 0.066406250 0.050781250 0.046875000 0.058593750 0.050781250 0.070312500 0.070312500 0.046875000 0.085937500 0.039062500 0.078125000 0.027343750 0.089843750 0.070312500 0.039062500 0.054687500 0.062500000 0.101562500 0.085937500 0.074218750 0.023437500 0.136718750 0.097656250 0.019531250 0.066406250 0.085937500 0.046875000 0.031250000 0.023437500 0.062500000 0.035156250 0.042968750 0.078125000 0.046875000 0.070312500 0.039062500 0.066406250 0.070312500 0.082031250 0.066406250 0.046875000 0.058593750 0.062500000 0.031250000 0.062500000 0.105468750 0.042968750 0.054687500 0.074218750 0.074218750 0.039062500 0.074218750 0.050781250 0.062500000 0.093750000 0.070312500 0.058593750 0.046875000 0.050781250 0.093750000 0.031250000 0.050781250 0.054687500 0.066406250 0.054687500 0.031250000 0.023437500 0.066406250 0.066406250 0.050781250 0.054687500 0.082031250 0.035156250 0.070312500 0.050781250 0.070312500 0.082031250 0.003906250 0.039062500 0.046875000 0.031250000 0.039062500 0.031250000 0.027343750 0.046875000 0.042968750 0.066406250 0.062500000 0.078125000 0.070312500 0.031250000 0.054687500 0.039062500 0.039062500 0.054687500 0.062500000 0.054687500 0.035156250 0.019531250 0.011718750 
1.058593750 0.496093750 0.578125000 0.929687500 4.613281250 2.187500000 1.539062500 1.929687500 5.855468750 4.816406250 2.062500000 1.882812500 3.457031250 4.234375000 0.886718750 0.093750000 0.503906250 2.609375000 0.871093750 0.394531250 0.269531250 1.699218750 0.281250000 0.160156250 0.250000000 1.507812500 0.710937500 0.320312500 0.039062500 0.359375000 0.718750000 0.238281250 0.175781250 0.246093750 0.925781250 0.449218750 0.382812500 0.550781250 2.820312500 0.625000000 0.492187500 1.210937500 5.820312500 1.320312500 0.824218750 0.386718750 0.667968750 0.757812500 0.480468750 0.406250000 0.574218750 0.644531250 0.414062500 0.351562500 0.320312500 0.074218750 0.156250000 0.191406250 0.203125000 0.378906250 0.164062500 0.156250000 0.222656250 0.371093750 0.187500000 0.230468750 0.296875000 0.355468750 0.468750000 0.222656250 0.238281250 0.347656250 1.625000000 1.070312500 0.828125000 0.738281250 0.878906250 0.292968750 0.195312500 0.121093750 0.117187500 0.082031250 0.148437500 0.195312500 0.183593750 0.062500000 0.054687500 0.109375000 0.117187500 0.039062500 0.035156250 0.070312500 0.082031250 0.296875000 0.152343750 0.070312500 0.371093750 0.265625000 0.191406250 0.195312500 0.109375000 0.156250000 0.078125000 0.101562500 0.156250000 0.136718750 0.046875000 0.082031250 0.082031250 0.101562500 0.058593750 0.070312500 0.078125000 0.027343750 0.117187500 0.066406250 0.050781250 0.078125000 0.042968750 0.156250000 0.070312500 0.105468750 0.066406250 0.082031250 0.105468750 0.093750000 0.062500000 0.082031250 0.066406250 0.082031250 0.039062500 0.046875000 0.042968750 0.062500000 0.078125000 0.074218750 0.082031250 0.046875000 0.089843750 0.042968750 0.054687500 0.031250000 0.066406250 0.066406250 0.042968750 0.046875000 0.035156250 0.066406250 0.101562500 0.054687500 0.042968750 0.054687500 0.082031250 0.058593750 0.074218750 0.058593750 0.050781250 0.062500000 0.046875000 0.062500000 0.050781250 0.058593750 0.050781250 0.054687500 0.062500000 0.035156250 0.035156250 0.085937500 0.085937500 0.058593750 0.054687500 0.070312500 0.035156250 0.042968750 0.066406250 0.082031250 0.035156250 0.132812500 0.019531250 0.066406250 0.050781250 0.058593750 0.050781250 0.019531250 0.039062500 0.027343750 0.054687500 0.046875000 0.023437500 0.042968750 0.097656250 0.039062500 0.039062500 0.078125000 0.042968750 0.070312500 0.015625000 0.050781250 0.050781250 0.027343750 0.078125000 0.050781250 0.082031250 0.070312500 0.062500000 0.046875000 0.019531250 0.058593750 0.042968750 0.078125000 0.039062500 0.082031250 0.070312500 0.066406250 0.042968750 0.070312500 0.003906250 0.062500000 0.046875000 0.062500000 0.035156250 0.058593750 0.042968750 0.058593750 0.074218750 0.035156250 0.070312500 0.046875000 0.031250000 0.070312500 0.066406250 0.039062500 0.082031250 0.042968750 0.003906250 0.046875000 0.042968750 0.042968750 0.054687500 0.050781250 0.023437500 0.058593750 0.039062500 0.039062500 0.035156250 0.027343750 0.046875000 0.019531250 0.015625000 0.070312500 0.039062500 0.035156250 0.074218750 0.050781250 0.039062500 0.054687500 0.003906250 
1.449218750 0.031250000 0.230468750 0.625000000 4.554687500 2.187500000 1.601562500 1.941406250 5.976562500 4.324218750 1.855468750 1.785156250 3.703125000 4.082031250 0.808593750 0.328125000 0.687500000 2.351562500 0.433593750 0.324218750 0.257812500 1.644531250 0.062500000 0.148437500 0.226562500 1.472656250 0.507812500 0.316406250 0.269531250 0.734375000 0.527343750 0.300781250 0.226562500 0.363281250 0.812500000 0.519531250 0.453125000 0.878906250 2.800781250 0.507812500 0.523437500 1.355468750 5.726562500 0.863281250 0.371093750 0.289062500 0.648437500 0.398437500 0.351562500 0.335937500 0.625000000 0.355468750 0.050781250 0.082031250 0.101562500 0.167968750 0.085937500 0.105468750 0.074218750 0.265625000 0.050781250 0.132812500 0.175781250 0.421875000 0.097656250 0.136718750 0.101562500 0.460937500 0.230468750 0.335937500 0.433593750 0.953125000 0.828125000 0.304687500 0.328125000 0.324218750 0.996093750 0.351562500 0.171875000 0.207031250 0.160156250 0.128906250 0.054687500 0.113281250 0.089843750 0.046875000 0.027343750 0.035156250 0.113281250 0.039062500 0.070312500 0.101562500 0.238281250 0.199218750 0.234375000 0.066406250 0.351562500 0.378906250 0.085937500 0.121093750 0.078125000 0.085937500 0.046875000 0.035156250 0.035156250 0.160156250 0.003906250 0.031250000 0.023437500 0.019531250 0.062500000 0.031250000 0.066406250 0.117187500 0.058593750 0.007812500 0.035156250 0.035156250 0.074218750 0.054687500 0.050781250 0.035156250 0.019531250 0.031250000 0.027343750 0.019531250 0.019531250 0.023437500 0.039062500 0.046875000 0.019531250 0.039062500 0.070312500 0.039062500 0.007812500 0.042968750 0.035156250 0.019531250 0.046875000 0.027343750 0.011718750 0.019531250 0.019531250 0.015625000 0.019531250 0.027343750 0.003906250 0.050781250 0.054687500 0.007812500 0.023437500 0.042968750 0.019531250 0.023437500 0.023437500 0.019531250 0.035156250 0.019531250 0.027343750 0.007812500 0.023437500 0.039062500 0.046875000 0.011718750 0.027343750 0.042968750 0.019531250 0.042968750 0.023437500 0.031250000 0.023437500 0.007812500 0.027343750 0.011718750 0.027343750 0.031250000 0.042968750 0.101562500 0.078125000 0.050781250 0.027343750 0.007812500 0.015625000 0.035156250 0.019531250 0.023437500 0.023437500 0.027343750 0.011718750 0.011718750 0.042968750 0.007812500 0.007812500 0.007812500 0.027343750 0.050781250 0.023437500 0.031250000 0.015625000 0.023437500 0.019531250 0.003906250 0.039062500 0.050781250 0.039062500 0.035156250 0.031250000 0.023437500 0.007812500 0.042968750 0.027343750 0.023437500 0.011718750 0.023437500 0.007812500 0.027343750 0.054687500 0.062500000 0.031250000 0.011718750 0.011718750 0.031250000 0.031250000 0.058593750 0.042968750 0.023437500 0.019531250 0.027343750 0.019531250 0.011718750 0.015625000 0.019531250 0.031250000 0.039062500 0.023437500 0.019531250 0.035156250 0.027343750 0.019531250 0.003906250 0.023437500 0.019531250 0.070312500 0.011718750 0.011718750 0.042968750 0.019531250 0.023437500 0.023437500 0.046875000 0.039062500 0.031250000 0.023437500 0.027343750 0.011718750 0.027343750 0.050781250 
1.734375000 0.257812500 0.636718750 1.070312500 5.375000000 1.230468750 0.589843750 1.359375000 5.769531250 3.445312500 1.250000000 0.808593750 2.925781250 4.421875000 1.937500000 1.710937500 1.824218750 1.050781250 0.566406250 0.492187500 0.664062500 1.347656250 0.500000000 0.339843750 0.515625000 1.332031250 0.726562500 0.464843750 0.597656250 1.242187500 0.175781250 0.234375000 0.296875000 0.656250000 0.242187500 0.125000000 0.242187500 1.132812500 3.187500000 1.382812500 1.648437500 2.750000000 4.347656250 1.164062500 0.460937500 0.156250000 0.695312500 0.132812500 0.089843750 0.218750000 0.589843750 0.289062500 0.132812500 0.203125000 0.242187500 0.105468750 0.109375000 0.125000000 0.226562500 0.191406250 0.078125000 0.078125000 0.230468750 0.328125000 0.179687500 0.050781250 0.144531250 0.597656250 0.210937500 0.148437500 0.175781250 1.128906250 0.312500000 0.089843750 0.531250000 0.886718750 0.421875000 0.128906250 0.070312500 0.058593750 0.046875000 0.066406250 0.070312500 0.062500000 0.140625000 0.019531250 0.015625000 0.027343750 0.105468750 0.078125000 0.082031250 0.027343750 0.367187500 0.066406250 0.160156250 0.066406250 0.253906250 0.203125000 0.218750000 0.121093750 0.136718750 0.066406250 0.058593750 0.089843750 0.074218750 0.148437500 0.058593750 0.046875000 0.070312500 0.054687500 0.011718750 0.031250000 0.078125000 0.097656250 0.117187500 0.039062500 0.050781250 0.078125000 0.039062500 0.078125000 0.050781250 0.054687500 0.074218750 0.058593750 0.039062500 0.050781250 0.042968750 0.046875000 0.082031250 0.070312500 0.039062500 0.039062500 0.089843750 0.031250000 0.019531250 0.054687500 0.031250000 0.062500000 0.031250000 0.058593750 0.070312500 0.039062500 0.027343750 0.066406250 0.054687500 0.050781250 0.074218750 0.058593750 0.023437500 0.046875000 0.062500000 0.058593750 0.058593750 0.031250000 0.070312500 0.039062500 0.058593750 0.062500000 0.042968750 0.066406250 0.023437500 0.062500000 0.023437500 0.046875000 0.054687500 0.039062500 0.027343750 0.042968750 0.046875000 0.027343750 0.054687500 0.031250000 0.054687500 0.039062500 0.050781250 0.023437500 0.058593750 0.054687500 0.062500000 0.085937500 0.062500000 0.058593750 0.035156250 0.062500000 0.035156250 0.050781250 0.011718750 0.050781250 0.050781250 0.058593750 0.058593750 0.042968750 0.039062500 0.062500000 0.031250000 0.054687500 0.058593750 0.035156250 0.042968750 0.019531250 0.042968750 0.035156250 0.031250000 0.042968750 0.058593750 0.035156250 0.054687500 0.058593750 0.035156250 0.015625000 0.054687500 0.046875000 0.062500000 0.042968750 0.019531250 0.023437500 0.023437500 0.078125000 0.042968750 0.019531250 0.019531250 0.039062500 0.039062500 0.046875000 0.035156250 0.031250000 0.046875000 0.078125000 0.035156250 0.050781250 0.046875000 0.042968750 0.046875000 0.050781250 0.046875000 0.031250000 0.046875000 0.039062500 0.035156250 0.039062500 0.011718750 0.035156250 0.058593750 0.027343750 0.039062500 0.042968750 0.046875000 0.050781250 0.019531250 0.054687500 0.050781250 0.003906250 0.023437500 0.031250000 0.046875000 0.035156250 0.015625000 
0.691406250 0.605468750 0.765625000 0.933593750 5.152343750 1.601562500 1.250000000 1.839843750 6.062500000 2.582031250 1.300781250 1.652343750 4.347656250 2.621093750 1.089843750 0.355468750 0.582031250 1.457031250 0.679687500 0.558593750 0.496093750 1.343750000 0.253906250 0.226562500 0.238281250 1.335937500 0.109375000 0.050781250 0.175781250 0.925781250 0.429687500 0.261718750 0.421875000 0.843750000 0.148437500 0.441406250 0.718750000 2.160156250 2.410156250 0.886718750 0.316406250 2.546875000 3.472656250 0.890625000 0.699218750 0.343750000 0.761718750 0.425781250 0.429687500 0.328125000 0.648437500 0.195312500 0.277343750 0.171875000 0.046875000 0.269531250 0.160156250 0.164062500 0.187500000 0.117187500 0.148437500 0.160156250 0.320312500 0.214843750 0.136718750 0.191406250 0.250000000 0.351562500 0.097656250 0.136718750 0.195312500 0.765625000 0.367187500 0.351562500 0.226562500 1.113281250 0.050781250 0.046875000 0.062500000 0.128906250 0.003906250 0.089843750 0.042968750 0.011718750 0.132812500 0.070312500 0.039062500 0.023437500 0.074218750 0.039062500 0.031250000 0.023437500 0.269531250 0.085937500 0.160156250 0.199218750 0.046875000 0.324218750 0.136718750 0.101562500 0.234375000 0.058593750 0.062500000 0.066406250 0.160156250 0.101562500 0.093750000 0.042968750 0.066406250 0.031250000 0.074218750 0.015625000 0.074218750 0.113281250 0.105468750 0.019531250 0.015625000 0.093750000 0.058593750 0.035156250 0.054687500 0.058593750 0.007812500 0.031250000 0.015625000 0.023437500 0.042968750 0.031250000 0.011718750 0.007812500 0.050781250 0.085937500 0.066406250 0.011718750 0.023437500 0.011718750 0.031250000 0.050781250 0.023437500 0.050781250 0.050781250 0.042968750 0.019531250 0.074218750 0.050781250 0.046875000 0.035156250 0.023437500 0.078125000 0.066406250 0.031250000 0.066406250 0.042968750 0.019531250 0.011718750 0.054687500 0.054687500 0.019531250 0.019531250 0.039062500 0.042968750 0.066406250 0.027343750 0.027343750 0.031250000 0.042968750 0.019531250 0.062500000 0.031250000 0.035156250 0.027343750 0.031250000 0.031250000 0.011718750 0.035156250 0.031250000 0.054687500 0.078125000 0.066406250 0.050781250 0.031250000 0.031250000 0.031250000 0.027343750 0.019531250 0.011718750 0.050781250 0.031250000 0.042968750 0.023437500 0.011718750 0.019531250 0.031250000 0.035156250 0.023437500 0.027343750 0.019531250 0.039062500 0.015625000 0.062500000 0.007812500 0.031250000 0.046875000 0.011718750 0.050781250 0.015625000 0.015625000 0.019531250 0.050781250 0.046875000 0.058593750 0.042968750 0.046875000 0.042968750 0.011718750 0.019531250 0.019531250 0.039062500 0.039062500 0.007812500 0.042968750 0.023437500 0.015625000 0.039062500 0.023437500 0.007812500 0.035156250 0.007812500 0.039062500 0.027343750 0.011718750 0.042968750 0.035156250 0.035156250 0.011718750 0.015625000 0.023437500 0.054687500 0.035156250 0.031250000 0.023437500 0.035156250 0.066406250 0.007812500 0.027343750 0.046875000 0.027343750 0.007812500 0.015625000 0.035156250 0.023437500 0.027343750 0.050781250 0.023437500 0.023437500 0.015625000 0.027343750 
1.007812500 0.296875000 0.562500000 0.941406250 5.226562500 1.320312500 0.960937500 1.195312500 5.468750000 3.015625000 1.960937500 1.992187500 4.667968750 2.519531250 0.496093750 0.136718750 0.632812500 0.871093750 0.593750000 0.332031250 0.511718750 1.253906250 0.187500000 0.152343750 0.121093750 1.312500000 0.117187500 0.187500000 0.292968750 1.093750000 0.242187500 0.109375000 0.199218750 0.371093750 0.609375000 0.777343750 1.136718750 3.089843750 1.816406250 0.855468750 0.296875000 1.621093750 2.308593750 1.019531250 0.535156250 0.542968750 0.035156250 0.128906250 0.230468750 0.160156250 0.753906250 0.105468750 0.117187500 0.167968750 0.113281250 0.207031250 0.160156250 0.152343750 0.234375000 0.074218750 0.078125000 0.054687500 0.203125000 0.281250000 0.187500000 0.148437500 0.269531250 0.378906250 0.226562500 0.246093750 0.375000000 0.410156250 0.136718750 0.042968750 0.035156250 1.132812500 0.050781250 0.042968750 0.046875000 0.101562500 0.058593750 0.054687500 0.003906250 0.023437500 0.066406250 0.019531250 0.035156250 0.035156250 0.050781250 0.050781250 0.019531250 0.070312500 0.148437500 0.113281250 0.128906250 0.242187500 0.285156250 0.246093750 0.140625000 0.109375000 0.253906250 0.074218750 0.070312500 0.058593750 0.089843750 0.027343750 0.085937500 0.046875000 0.042968750 0.015625000 0.019531250 0.066406250 0.007812500 0.070312500 0.070312500 0.058593750 0.070312500 0.117187500 0.042968750 0.035156250 0.007812500 0.054687500 0.007812500 0.046875000 0.046875000 0.015625000 0.035156250 0.050781250 0.027343750 0.035156250 0.007812500 0.027343750 0.031250000 0.039062500 0.023437500 0.039062500 0.031250000 0.007812500 0.031250000 0.050781250 0.035156250 0.015625000 0.027343750 0.046875000 0.039062500 0.003906250 0.031250000 0.019531250 0.027343750 0.027343750 0.015625000 0.035156250 0.031250000 0.035156250 0.019531250 0.019531250 0.042968750 0.023437500 0.019531250 0.042968750 0.007812500 0.023437500 0.027343750 0.015625000 0.011718750 0.015625000 0.042968750 0.011718750 0.035156250 0.054687500 0.031250000 0.031250000 0.046875000 0.011718750 0.027343750 0.019531250 0.031250000 0.011718750 0.046875000 0.054687500 0.062500000 0.023437500 0.035156250 0.011718750 0.031250000 0.035156250 0.039062500 0.023437500 0.019531250 0.035156250 0.019531250 0.011718750 0.019531250 0.039062500 0.003906250 0.031250000 0.027343750 0.023437500 0.015625000 0.054687500 0.027343750 0.015625000 0.027343750 0.050781250 0.054687500 0.015625000 0.031250000 0.031250000 0.046875000 0.027343750 0.042968750 0.035156250 0.039062500 0.039062500 0.015625000 0.019531250 0.027343750 0.027343750 0.035156250 0.042968750 0.027343750 0.011718750 0.031250000 0.019531250 0.007812500 0.042968750 0.039062500 0.027343750 0.035156250 0.015625000 0.011718750 0.042968750 0.027343750 0.011718750 0.019531250 0.042968750 0.015625000 0.031250000 0.027343750 0.019531250 0.023437500 0.023437500 0.019531250 0.015625000 0.031250000 0.003906250 0.023437500 0.031250000 0.011718750 0.035156250 0.039062500 0.011718750 0.031250000 0.007812500 0.015625000 0.031250000 0.007812500 
1.156250000 0.539062500 0.316406250 0.652343750 4.867187500 1.789062500 1.312500000 1.800781250 6.078125000 2.507812500 1.214843750 1.402343750 4.203125000 3.164062500 1.140625000 0.878906250 1.066406250 0.832031250 0.230468750 0.093750000 0.148437500 1.449218750 0.359375000 0.292968750 0.281250000 1.300781250 0.214843750 0.187500000 0.140625000 0.851562500 0.378906250 0.367187500 0.382812500 0.582031250 0.550781250 0.707031250 1.148437500 3.968750000 1.789062500 0.722656250 0.953125000 1.093750000 0.707031250 0.410156250 0.167968750 0.156250000 0.359375000 0.199218750 0.171875000 0.156250000 0.500000000 0.019531250 0.035156250 0.023437500 0.121093750 0.066406250 0.050781250 0.050781250 0.148437500 0.011718750 0.039062500 0.054687500 0.226562500 0.218750000 0.097656250 0.113281250 0.277343750 0.292968750 0.128906250 0.199218750 0.355468750 0.464843750 0.253906250 0.027343750 0.214843750 0.933593750 0.160156250 0.121093750 0.058593750 0.148437500 0.085937500 0.054687500 0.042968750 0.066406250 0.089843750 0.007812500 0.039062500 0.015625000 0.066406250 0.042968750 0.082031250 0.128906250 0.066406250 0.089843750 0.105468750 0.144531250 0.542968750 0.164062500 0.058593750 0.066406250 0.136718750 0.062500000 0.015625000 0.019531250 0.113281250 0.058593750 0.066406250 0.015625000 0.035156250 0.035156250 0.042968750 0.007812500 0.089843750 0.031250000 0.027343750 0.070312500 0.074218750 0.089843750 0.019531250 0.027343750 0.035156250 0.050781250 0.015625000 0.035156250 0.035156250 0.027343750 0.019531250 0.035156250 0.023437500 0.027343750 0.011718750 0.027343750 0.031250000 0.019531250 0.023437500 0.035156250 0.039062500 0.019531250 0.039062500 0.023437500 0.031250000 0.062500000 0.019531250 0.027343750 0.039062500 0.011718750 0.046875000 0.027343750 0.011718750 0.031250000 0.027343750 0.015625000 0.031250000 0.031250000 0.019531250 0.031250000 0.027343750 0.019531250 0.023437500 0.023437500 0.007812500 0.003906250 0.011718750 0.031250000 0.011718750 0.027343750 0.031250000 0.023437500 0.046875000 0.039062500 0.007812500 0.015625000 0.042968750 0.011718750 0.042968750 0.023437500 0.015625000 0.023437500 0.062500000 0.007812500 0.027343750 0.027343750 0.046875000 0.019531250 0.019531250 0.003906250 0.039062500 0.015625000 0.011718750 0.027343750 0.011718750 0.023437500 0.023437500 0.015625000 0.019531250 0.042968750 0.023437500 0.023437500 0.023437500 0.050781250 0.023437500 0.039062500 0.054687500 0.031250000 0.023437500 0.019531250 0.046875000 0.019531250 0.007812500 0.050781250 0.050781250 0.011718750 0.031250000 0.031250000 0.015625000 0.023437500 0.035156250 0.027343750 0.015625000 0.011718750 0.042968750 0.007812500 0.011718750 0.011718750 0.019531250 0.031250000 0.035156250 0.023437500 0.031250000 0.019531250 0.007812500 0.027343750 0.011718750 0.023437500 0.023437500 0.042968750 0.035156250 0.019531250 0.019531250 0.039062500 0.046875000 0.011718750 0.011718750 0.023437500 0.011718750 0.011718750 0.019531250 0.007812500 0.023437500 0.007812500 0.015625000 0.003906250 0.023437500 0.015625000 0.011718750 0.015625000 0.015625000 
2.144531250 0.589843750 0.652343750 1.117187500 5.660156250 0.617187500 0.433593750 1.300781250 6.082031250 2.601562500 0.695312500 0.445312500 3.539062500 3.667968750 1.687500000 1.109375000 1.300781250 0.953125000 0.589843750 0.437500000 0.289062500 1.578125000 0.683593750 0.523437500 0.484375000 1.378906250 0.660156250 0.554687500 0.597656250 1.621093750 0.390625000 0.523437500 0.562500000 1.109375000 0.484375000 0.765625000 1.437500000 5.355468750 1.425781250 0.554687500 0.324218750 0.292968750 0.617187500 0.269531250 0.214843750 0.117187500 0.480468750 0.183593750 0.171875000 0.109375000 0.503906250 0.242187500 0.210937500 0.152343750 0.242187500 0.132812500 0.144531250 0.144531250 0.125000000 0.140625000 0.125000000 0.089843750 0.179687500 0.296875000 0.144531250 0.109375000 0.230468750 0.308593750 0.242187500 0.167968750 0.285156250 0.679687500 0.148437500 0.234375000 0.210937500 0.679687500 0.164062500 0.089843750 0.089843750 0.125000000 0.085937500 0.078125000 0.109375000 0.066406250 0.105468750 0.062500000 0.058593750 0.046875000 0.074218750 0.054687500 0.085937500 0.113281250 0.125000000 0.050781250 0.058593750 0.042968750 0.726562500 0.152343750 0.117187500 0.183593750 0.089843750 0.070312500 0.062500000 0.046875000 0.148437500 0.054687500 0.035156250 0.070312500 0.101562500 0.074218750 0.062500000 0.078125000 0.074218750 0.093750000 0.058593750 0.097656250 0.093750000 0.074218750 0.089843750 0.089843750 0.054687500 0.097656250 0.101562500 0.082031250 0.066406250 0.082031250 0.070312500 0.031250000 0.058593750 0.097656250 0.074218750 0.074218750 0.082031250 0.042968750 0.066406250 0.058593750 0.062500000 0.089843750 0.089843750 0.085937500 0.097656250 0.035156250 0.093750000 0.085937500 0.085937500 0.066406250 0.058593750 0.062500000 0.066406250 0.058593750 0.066406250 0.085937500 0.062500000 0.046875000 0.046875000 0.039062500 0.039062500 0.027343750 0.046875000 0.031250000 0.050781250 0.062500000 0.078125000 0.042968750 0.031250000 0.054687500 0.070312500 0.078125000 0.078125000 0.019531250 0.058593750 0.046875000 0.031250000 0.070312500 0.078125000 0.035156250 0.066406250 0.078125000 0.085937500 0.042968750 0.042968750 0.046875000 0.078125000 0.042968750 0.078125000 0.078125000 0.062500000 0.027343750 0.039062500 0.035156250 0.042968750 0.070312500 0.039062500 0.082031250 0.035156250 0.058593750 0.027343750 0.074218750 0.078125000 0.082031250 0.046875000 0.054687500 0.101562500 0.035156250 0.054687500 0.054687500 0.035156250 0.054687500 0.035156250 0.078125000 0.062500000 0.039062500 0.027343750 0.070312500 0.046875000 0.042968750 0.066406250 0.031250000 0.062500000 0.031250000 0.054687500 0.042968750 0.042968750 0.046875000 0.031250000 0.023437500 0.082031250 0.066406250 0.062500000 0.058593750 0.046875000 0.023437500 0.039062500 0.054687500 0.039062500 0.058593750 0.062500000 0.035156250 0.046875000 0.070312500 0.050781250 0.070312500 0.058593750 0.011718750 0.023437500 0.035156250 0.031250000 0.039062500 0.031250000 0.042968750 0.042968750 0.023437500 0.039062500 0.039062500 0.042968750 0.042968750 0.050781250 
1.203125000 0.156250000 0.128906250 0.472656250 4.808593750 1.277343750 0.976562500 1.332031250 6.320312500 2.835937500 1.648437500 1.773437500 5.015625000 2.187500000 0.640625000 0.062500000 0.589843750 1.429687500 0.546875000 0.464843750 0.562500000 0.882812500 0.238281250 0.125000000 0.257812500 0.824218750 0.136718750 0.097656250 0.113281250 1.132812500 0.082031250 0.035156250 0.140625000 0.886718750 0.019531250 0.152343750 1.152343750 6.246093750 0.726562500 0.003906250 0.140625000 0.417968750 0.378906250 0.113281250 0.101562500 0.195312500 0.199218750 0.121093750 0.082031250 0.101562500 0.296875000 0.082031250 0.031250000 0.003906250 0.101562500 0.023437500 0.035156250 0.027343750 0.125000000 0.062500000 0.039062500 0.031250000 0.253906250 0.023437500 0.125000000 0.132812500 0.324218750 0.066406250 0.148437500 0.207031250 0.582031250 0.375000000 0.160156250 0.109375000 0.269531250 0.613281250 0.156250000 0.160156250 0.070312500 0.121093750 0.089843750 0.062500000 0.035156250 0.074218750 0.074218750 0.023437500 0.042968750 0.042968750 0.039062500 0.046875000 0.015625000 0.148437500 0.039062500 0.070312500 0.140625000 0.421875000 0.378906250 0.210937500 0.113281250 0.046875000 0.125000000 0.058593750 0.062500000 0.132812500 0.031250000 0.042968750 0.066406250 0.023437500 0.039062500 0.031250000 0.023437500 0.062500000 0.132812500 0.035156250 0.007812500 0.027343750 0.062500000 0.050781250 0.039062500 0.027343750 0.019531250 0.085937500 0.031250000 0.082031250 0.050781250 0.039062500 0.042968750 0.035156250 0.039062500 0.007812500 0.011718750 0.023437500 0.050781250 0.015625000 0.015625000 0.046875000 0.007812500 0.007812500 0.019531250 0.027343750 0.050781250 0.042968750 0.046875000 0.023437500 0.031250000 0.023437500 0.027343750 0.031250000 0.035156250 0.019531250 0.050781250 0.042968750 0.027343750 0.023437500 0.042968750 0.011718750 0.007812500 0.042968750 0.003906250 0.019531250 0.035156250 0.000000000 0.035156250 0.027343750 0.039062500 0.019531250 0.011718750 0.019531250 0.011718750 0.007812500 0.019531250 0.011718750 0.003906250 0.019531250 0.011718750 0.046875000 0.007812500 0.035156250 0.058593750 0.023437500 0.007812500 0.011718750 0.039062500 0.015625000 0.031250000 0.015625000 0.003906250 0.050781250 0.011718750 0.007812500 0.011718750 0.019531250 0.039062500 0.015625000 0.039062500 0.015625000 0.031250000 0.058593750 0.015625000 0.019531250 0.019531250 0.011718750 0.046875000 0.011718750 0.027343750 0.039062500 0.003906250 0.023437500 0.035156250 0.019531250 0.011718750 0.015625000 0.023437500 0.023437500 0.031250000 0.019531250 0.031250000 0.023437500 0.019531250 0.019531250 0.011718750 0.011718750 0.023437500 0.031250000 0.011718750 0.015625000 0.019531250 0.027343750 0.015625000 0.035156250 0.019531250 0.007812500 0.023437500 0.027343750 0.035156250 0.031250000 0.031250000 0.035156250 0.003906250 0.035156250 0.058593750 0.031250000 0.015625000 0.050781250 0.031250000 0.011718750 0.023437500 0.007812500 0.011718750 0.019531250 0.027343750 0.027343750 0.023437500 0.035156250 0.015625000 0.011718750 0.000000000 
1.402343750 0.253906250 0.140625000 0.335937500 4.656250000 1.222656250 0.964843750 1.328125000 6.492187500 2.515625000 1.371093750 1.593750000 5.132812500 1.906250000 0.574218750 0.429687500 1.039062500 1.082031250 0.300781250 0.156250000 0.437500000 1.023437500 0.292968750 0.257812500 0.359375000 0.773437500 0.214843750 0.156250000 0.214843750 1.070312500 0.046875000 0.097656250 0.261718750 1.003906250 0.285156250 0.503906250 2.039062500 5.429687500 1.242187500 0.527343750 0.296875000 0.292968750 0.335937500 0.316406250 0.257812500 0.289062500 0.250000000 0.195312500 0.183593750 0.289062500 0.105468750 0.117187500 0.046875000 0.031250000 0.171875000 0.125000000 0.093750000 0.070312500 0.156250000 0.066406250 0.070312500 0.085937500 0.218750000 0.039062500 0.074218750 0.011718750 0.300781250 0.011718750 0.035156250 0.113281250 0.671875000 0.128906250 0.078125000 0.054687500 0.535156250 0.347656250 0.226562500 0.218750000 0.156250000 0.066406250 0.078125000 0.062500000 0.117187500 0.085937500 0.078125000 0.058593750 0.054687500 0.109375000 0.078125000 0.089843750 0.101562500 0.042968750 0.019531250 0.039062500 0.023437500 0.531250000 0.230468750 0.125000000 0.085937500 0.078125000 0.062500000 0.085937500 0.082031250 0.136718750 0.035156250 0.054687500 0.039062500 0.027343750 0.027343750 0.054687500 0.039062500 0.093750000 0.062500000 0.003906250 0.039062500 0.062500000 0.035156250 0.062500000 0.031250000 0.050781250 0.046875000 0.035156250 0.007812500 0.062500000 0.070312500 0.074218750 0.066406250 0.089843750 0.039062500 0.027343750 0.031250000 0.054687500 0.027343750 0.023437500 0.015625000 0.062500000 0.042968750 0.058593750 0.019531250 0.042968750 0.031250000 0.039062500 0.042968750 0.011718750 0.050781250 0.023437500 0.015625000 0.046875000 0.066406250 0.031250000 0.031250000 0.023437500 0.042968750 0.031250000 0.023437500 0.019531250 0.050781250 0.011718750 0.027343750 0.031250000 0.046875000 0.035156250 0.027343750 0.027343750 0.074218750 0.027343750 0.003906250 0.027343750 0.019531250 0.019531250 0.027343750 0.015625000 0.023437500 0.042968750 0.023437500 0.046875000 0.015625000 0.046875000 0.035156250 0.007812500 0.027343750 0.031250000 0.023437500 0.027343750 0.031250000 0.015625000 0.011718750 0.035156250 0.039062500 0.027343750 0.023437500 0.042968750 0.027343750 0.027343750 0.031250000 0.023437500 0.015625000 0.054687500 0.031250000 0.007812500 0.027343750 0.011718750 0.039062500 0.027343750 0.023437500 0.015625000 0.015625000 0.019531250 0.015625000 0.035156250 0.007812500 0.007812500 0.031250000 0.023437500 0.042968750 0.050781250 0.039062500 0.035156250 0.015625000 0.039062500 0.015625000 0.011718750 0.027343750 0.027343750 0.015625000 0.011718750 0.019531250 0.011718750 0.042968750 0.050781250 0.035156250 0.011718750 0.046875000 0.015625000 0.058593750 0.039062500 0.023437500 0.027343750 0.007812500 0.015625000 0.039062500 0.019531250 0.023437500 0.039062500 0.042968750 0.019531250 0.015625000 0.042968750 0.003906250 0.023437500 0.011718750 0.019531250 0.042968750 0.015625000 0.027343750 0.023437500 0.035156250 
1.925781250 0.515625000 0.628906250 0.902343750 5.179687500 0.589843750 0.535156250 1.113281250 6.628906250 1.667968750 0.660156250 0.667968750 4.386718750 2.222656250 1.164062500 1.109375000 1.734375000 0.402343750 0.132812500 0.398437500 0.847656250 0.726562500 0.148437500 0.175781250 0.433593750 0.660156250 0.226562500 0.210937500 0.347656250 1.082031250 0.230468750 0.093750000 0.152343750 1.339843750 0.707031250 0.730468750 2.457031250 3.687500000 1.140625000 0.597656250 0.394531250 0.714843750 0.199218750 0.191406250 0.160156250 0.324218750 0.097656250 0.136718750 0.125000000 0.226562500 0.066406250 0.066406250 0.093750000 0.035156250 0.125000000 0.074218750 0.062500000 0.089843750 0.109375000 0.078125000 0.050781250 0.054687500 0.250000000 0.164062500 0.105468750 0.101562500 0.277343750 0.128906250 0.109375000 0.109375000 0.656250000 0.105468750 0.140625000 0.113281250 0.640625000 0.214843750 0.132812500 0.035156250 0.175781250 0.066406250 0.054687500 0.062500000 0.136718750 0.027343750 0.027343750 0.058593750 0.066406250 0.093750000 0.050781250 0.015625000 0.101562500 0.015625000 0.011718750 0.031250000 0.105468750 0.269531250 0.257812500 0.144531250 0.121093750 0.039062500 0.031250000 0.078125000 0.023437500 0.066406250 0.031250000 0.019531250 0.066406250 0.042968750 0.011718750 0.054687500 0.058593750 0.117187500 0.101562500 0.074218750 0.042968750 0.085937500 0.035156250 0.058593750 0.046875000 0.027343750 0.078125000 0.007812500 0.031250000 0.046875000 0.042968750 0.015625000 0.046875000 0.046875000 0.039062500 0.066406250 0.062500000 0.042968750 0.050781250 0.042968750 0.054687500 0.062500000 0.050781250 0.027343750 0.082031250 0.011718750 0.031250000 0.027343750 0.074218750 0.042968750 0.023437500 0.011718750 0.031250000 0.042968750 0.042968750 0.039062500 0.054687500 0.027343750 0.054687500 0.011718750 0.039062500 0.035156250 0.058593750 0.042968750 0.058593750 0.023437500 0.003906250 0.078125000 0.039062500 0.035156250 0.042968750 0.019531250 0.042968750 0.015625000 0.023437500 0.015625000 0.042968750 0.007812500 0.042968750 0.023437500 0.039062500 0.058593750 0.031250000 0.011718750 0.015625000 0.050781250 0.011718750 0.023437500 0.027343750 0.023437500 0.050781250 0.054687500 0.031250000 0.023437500 0.058593750 0.054687500 0.023437500 0.058593750 0.023437500 0.046875000 0.066406250 0.031250000 0.023437500 0.039062500 0.031250000 0.058593750 0.046875000 0.042968750 0.050781250 0.023437500 0.035156250 0.027343750 0.019531250 0.027343750 0.015625000 0.046875000 0.042968750 0.050781250 0.019531250 0.023437500 0.023437500 0.011718750 0.035156250 0.031250000 0.003906250 0.023437500 0.035156250 0.031250000 0.027343750 0.019531250 0.050781250 0.027343750 0.019531250 0.054687500 0.019531250 0.039062500 0.031250000 0.050781250 0.039062500 0.027343750 0.031250000 0.046875000 0.023437500 0.015625000 0.019531250 0.007812500 0.042968750 0.011718750 0.054687500 0.039062500 0.031250000 0.003906250 0.011718750 0.039062500 0.019531250 0.027343750 0.042968750 0.039062500 0.031250000 0.019531250 0.042968750 0.054687500 0.011718750 
1.117187500 0.570312500 0.644531250 0.898437500 4.867187500 0.578125000 0.613281250 1.125000000 6.578125000 1.054687500 0.339843750 0.796875000 4.664062500 1.246093750 0.613281250 0.218750000 0.984375000 1.027343750 0.636718750 0.617187500 0.972656250 0.722656250 0.457031250 0.464843750 0.882812500 0.347656250 0.226562500 0.367187500 0.800781250 0.714843750 0.121093750 0.398437500 0.816406250 1.128906250 0.429687500 0.523437500 1.289062500 2.375000000 0.820312500 0.527343750 0.335937500 0.636718750 0.425781250 0.265625000 0.246093750 0.136718750 0.203125000 0.203125000 0.164062500 0.128906250 0.140625000 0.152343750 0.144531250 0.101562500 0.125000000 0.171875000 0.160156250 0.214843750 0.074218750 0.105468750 0.140625000 0.265625000 0.089843750 0.117187500 0.109375000 0.222656250 0.113281250 0.074218750 0.070312500 0.277343750 0.609375000 0.179687500 0.121093750 0.121093750 0.609375000 0.171875000 0.039062500 0.097656250 0.230468750 0.101562500 0.093750000 0.078125000 0.093750000 0.109375000 0.054687500 0.105468750 0.058593750 0.050781250 0.074218750 0.070312500 0.027343750 0.070312500 0.046875000 0.074218750 0.171875000 0.097656250 0.035156250 0.042968750 0.085937500 0.089843750 0.062500000 0.066406250 0.066406250 0.023437500 0.027343750 0.066406250 0.035156250 0.050781250 0.085937500 0.050781250 0.105468750 0.027343750 0.027343750 0.093750000 0.058593750 0.062500000 0.023437500 0.058593750 0.066406250 0.066406250 0.062500000 0.046875000 0.054687500 0.023437500 0.019531250 0.074218750 0.007812500 0.023437500 0.066406250 0.042968750 0.039062500 0.039062500 0.062500000 0.027343750 0.003906250 0.027343750 0.062500000 0.042968750 0.039062500 0.027343750 0.031250000 0.066406250 0.050781250 0.027343750 0.015625000 0.035156250 0.046875000 0.031250000 0.023437500 0.031250000 0.074218750 0.035156250 0.058593750 0.058593750 0.035156250 0.019531250 0.015625000 0.027343750 0.054687500 0.011718750 0.039062500 0.074218750 0.011718750 0.035156250 0.023437500 0.027343750 0.042968750 0.023437500 0.019531250 0.050781250 0.011718750 0.011718750 0.035156250 0.027343750 0.031250000 0.039062500 0.031250000 0.019531250 0.031250000 0.039062500 0.046875000 0.035156250 0.027343750 0.023437500 0.058593750 0.050781250 0.027343750 0.031250000 0.062500000 0.007812500 0.015625000 0.019531250 0.046875000 0.035156250 0.070312500 0.011718750 0.031250000 0.042968750 0.035156250 0.039062500 0.046875000 0.039062500 0.031250000 0.035156250 0.035156250 0.046875000 0.039062500 0.046875000 0.062500000 0.035156250 0.042968750 0.015625000 0.050781250 0.035156250 0.019531250 0.027343750 0.039062500 0.039062500 0.066406250 0.035156250 0.042968750 0.019531250 0.007812500 0.042968750 0.015625000 0.027343750 0.023437500 0.035156250 0.003906250 0.023437500 0.035156250 0.046875000 0.023437500 0.031250000 0.031250000 0.050781250 0.011718750 0.019531250 0.011718750 0.046875000 0.046875000 0.035156250 0.050781250 0.023437500 0.050781250 0.023437500 0.046875000 0.042968750 0.011718750 0.035156250 0.023437500 0.035156250 0.007812500 0.019531250 0.027343750 0.042968750 0.062500000 
1.570312500 0.203125000 0.269531250 0.421875000 4.468750000 0.589843750 0.476562500 0.683593750 6.132812500 1.066406250 0.867187500 0.976562500 4.917968750 0.667968750 0.246093750 0.292968750 1.433593750 0.808593750 0.347656250 0.390625000 0.867187500 0.613281250 0.285156250 0.273437500 0.769531250 0.507812500 0.292968750 0.281250000 0.847656250 0.738281250 0.531250000 0.679687500 1.902343750 0.828125000 0.507812500 0.359375000 0.570312500 1.089843750 0.503906250 0.339843750 0.378906250 0.140625000 0.039062500 0.027343750 0.039062500 0.191406250 0.128906250 0.070312500 0.054687500 0.105468750 0.007812500 0.023437500 0.054687500 0.144531250 0.035156250 0.093750000 0.003906250 0.109375000 0.011718750 0.054687500 0.082031250 0.242187500 0.082031250 0.027343750 0.082031250 0.199218750 0.074218750 0.121093750 0.230468750 0.636718750 0.218750000 0.074218750 0.343750000 0.656250000 0.218750000 0.148437500 0.082031250 0.210937500 0.042968750 0.050781250 0.015625000 0.019531250 0.062500000 0.066406250 0.070312500 0.039062500 0.007812500 0.050781250 0.015625000 0.027343750 0.078125000 0.054687500 0.062500000 0.078125000 0.066406250 0.070312500 0.015625000 0.019531250 0.121093750 0.046875000 0.027343750 0.015625000 0.023437500 0.015625000 0.011718750 0.031250000 0.019531250 0.019531250 0.050781250 0.058593750 0.093750000 0.031250000 0.035156250 0.058593750 0.039062500 0.046875000 0.035156250 0.035156250 0.046875000 0.042968750 0.019531250 0.027343750 0.054687500 0.015625000 0.019531250 0.050781250 0.007812500 0.050781250 0.015625000 0.003906250 0.019531250 0.035156250 0.015625000 0.027343750 0.023437500 0.039062500 0.023437500 0.019531250 0.011718750 0.019531250 0.035156250 0.031250000 0.019531250 0.031250000 0.015625000 0.011718750 0.011718750 0.039062500 0.007812500 0.015625000 0.039062500 0.011718750 0.042968750 0.023437500 0.011718750 0.007812500 0.023437500 0.027343750 0.035156250 0.031250000 0.003906250 0.031250000 0.035156250 0.023437500 0.027343750 0.023437500 0.015625000 0.015625000 0.007812500 0.023437500 0.027343750 0.015625000 0.027343750 0.011718750 0.015625000 0.007812500 0.023437500 0.039062500 0.015625000 0.050781250 0.015625000 0.023437500 0.019531250 0.015625000 0.046875000 0.039062500 0.011718750 0.027343750 0.023437500 0.046875000 0.007812500 0.011718750 0.035156250 0.015625000 0.039062500 0.054687500 0.050781250 0.031250000 0.023437500 0.058593750 0.011718750 0.019531250 0.015625000 0.027343750 0.046875000 0.027343750 0.011718750 0.015625000 0.019531250 0.019531250 0.027343750 0.023437500 0.027343750 0.023437500 0.003906250 0.011718750 0.019531250 0.027343750 0.042968750 0.023437500 0.027343750 0.011718750 0.015625000 0.027343750 0.035156250 0.035156250 0.046875000 0.011718750 0.039062500 0.015625000 0.011718750 0.015625000 0.011718750 0.007812500 0.023437500 0.015625000 0.027343750 0.019531250 0.035156250 0.019531250 0.015625000 0.035156250 0.039062500 0.023437500 0.027343750 0.019531250 0.054687500 0.042968750 0.023437500 0.039062500 0.019531250 0.031250000 0.023437500 0.003906250 0.027343750 0.023437500 0.015625000 
1.312500000 0.511718750 0.496093750 0.628906250 3.261718750 1.753906250 1.546875000 1.121093750 4.742187500 1.933593750 1.441406250 0.859375000 3.562500000 1.464843750 0.785156250 0.218750000 1.320312500 0.746093750 0.050781250 0.125000000 0.585937500 0.667968750 0.140625000 0.117187500 0.695312500 0.527343750 0.218750000 0.097656250 0.859375000 0.640625000 0.441406250 0.402343750 1.718750000 0.980468750 0.441406250 0.011718750 0.832031250 0.476562500 0.117187500 0.042968750 0.242187500 0.292968750 0.085937500 0.062500000 0.097656250 0.101562500 0.042968750 0.042968750 0.066406250 0.062500000 0.031250000 0.019531250 0.050781250 0.078125000 0.019531250 0.066406250 0.054687500 0.078125000 0.019531250 0.054687500 0.074218750 0.183593750 0.039062500 0.062500000 0.128906250 0.199218750 0.031250000 0.109375000 0.160156250 0.492187500 0.140625000 0.222656250 0.316406250 0.621093750 0.199218750 0.152343750 0.101562500 0.191406250 0.082031250 0.035156250 0.031250000 0.062500000 0.046875000 0.007812500 0.031250000 0.046875000 0.035156250 0.035156250 0.046875000 0.019531250 0.046875000 0.007812500 0.035156250 0.117187500 0.066406250 0.070312500 0.046875000 0.054687500 0.082031250 0.011718750 0.035156250 0.027343750 0.015625000 0.039062500 0.039062500 0.023437500 0.015625000 0.042968750 0.007812500 0.035156250 0.054687500 0.003906250 0.042968750 0.050781250 0.046875000 0.035156250 0.011718750 0.031250000 0.050781250 0.046875000 0.042968750 0.011718750 0.054687500 0.019531250 0.027343750 0.039062500 0.023437500 0.023437500 0.015625000 0.007812500 0.003906250 0.046875000 0.007812500 0.046875000 0.031250000 0.019531250 0.011718750 0.015625000 0.007812500 0.000000000 0.015625000 0.011718750 0.027343750 0.019531250 0.023437500 0.023437500 0.019531250 0.031250000 0.007812500 0.023437500 0.031250000 0.023437500 0.027343750 0.031250000 0.003906250 0.015625000 0.007812500 0.031250000 0.019531250 0.027343750 0.042968750 0.015625000 0.023437500 0.031250000 0.027343750 0.027343750 0.015625000 0.039062500 0.027343750 0.023437500 0.046875000 0.007812500 0.015625000 0.011718750 0.031250000 0.011718750 0.019531250 0.007812500 0.019531250 0.035156250 0.027343750 0.011718750 0.019531250 0.003906250 0.011718750 0.023437500 0.031250000 0.007812500 0.007812500 0.046875000 0.015625000 0.007812500 0.027343750 0.050781250 0.007812500 0.058593750 0.019531250 0.019531250 0.019531250 0.035156250 0.039062500 0.023437500 0.031250000 0.027343750 0.015625000 0.027343750 0.031250000 0.023437500 0.015625000 0.019531250 0.027343750 0.015625000 0.027343750 0.019531250 0.011718750 0.015625000 0.015625000 0.031250000 0.031250000 0.019531250 0.031250000 0.023437500 0.011718750 0.015625000 0.027343750 0.007812500 0.027343750 0.023437500 0.035156250 0.027343750 0.019531250 0.015625000 0.015625000 0.011718750 0.007812500 0.015625000 0.007812500 0.019531250 0.035156250 0.015625000 0.011718750 0.031250000 0.046875000 0.019531250 0.015625000 0.027343750 0.046875000 0.039062500 0.039062500 0.023437500 0.019531250 0.015625000 0.011718750 0.007812500 0.035156250 0.019531250 0.007812500 
0.382812500 0.308593750 0.425781250 1.078125000 1.765625000 1.605468750 0.574218750 1.753906250 2.675781250 2.203125000 0.679687500 1.218750000 2.261718750 1.925781250 0.601562500 0.949218750 1.261718750 0.695312500 0.121093750 0.273437500 0.550781250 0.652343750 0.316406250 0.250000000 0.585937500 0.562500000 0.296875000 0.296875000 0.722656250 0.753906250 0.089843750 0.886718750 1.386718750 1.000000000 0.117187500 0.515625000 0.539062500 0.222656250 0.046875000 0.093750000 0.101562500 0.156250000 0.214843750 0.140625000 0.066406250 0.082031250 0.078125000 0.113281250 0.085937500 0.070312500 0.082031250 0.093750000 0.054687500 0.046875000 0.101562500 0.089843750 0.082031250 0.046875000 0.039062500 0.089843750 0.085937500 0.046875000 0.046875000 0.058593750 0.058593750 0.097656250 0.105468750 0.085937500 0.156250000 0.300781250 0.257812500 0.062500000 0.433593750 0.527343750 0.269531250 0.074218750 0.199218750 0.097656250 0.046875000 0.019531250 0.082031250 0.078125000 0.046875000 0.070312500 0.031250000 0.089843750 0.046875000 0.066406250 0.097656250 0.054687500 0.082031250 0.039062500 0.093750000 0.109375000 0.027343750 0.074218750 0.062500000 0.027343750 0.074218750 0.074218750 0.054687500 0.042968750 0.050781250 0.019531250 0.046875000 0.050781250 0.039062500 0.066406250 0.042968750 0.042968750 0.082031250 0.062500000 0.027343750 0.074218750 0.078125000 0.039062500 0.054687500 0.066406250 0.050781250 0.019531250 0.042968750 0.046875000 0.019531250 0.031250000 0.027343750 0.039062500 0.046875000 0.039062500 0.035156250 0.031250000 0.039062500 0.011718750 0.039062500 0.046875000 0.023437500 0.050781250 0.035156250 0.035156250 0.042968750 0.027343750 0.039062500 0.023437500 0.035156250 0.039062500 0.035156250 0.035156250 0.015625000 0.042968750 0.046875000 0.050781250 0.042968750 0.003906250 0.027343750 0.031250000 0.046875000 0.039062500 0.042968750 0.039062500 0.007812500 0.046875000 0.027343750 0.035156250 0.042968750 0.023437500 0.031250000 0.007812500 0.050781250 0.042968750 0.015625000 0.050781250 0.023437500 0.027343750 0.039062500 0.031250000 0.046875000 0.027343750 0.019531250 0.023437500 0.023437500 0.023437500 0.011718750 0.023437500 0.027343750 0.031250000 0.027343750 0.031250000 0.027343750 0.027343750 0.031250000 0.007812500 0.035156250 0.031250000 0.019531250 0.031250000 0.003906250 0.046875000 0.050781250 0.031250000 0.003906250 0.035156250 0.050781250 0.019531250 0.039062500 0.050781250 0.039062500 0.054687500 0.039062500 0.027343750 0.042968750 0.035156250 0.042968750 0.039062500 0.031250000 0.031250000 0.019531250 0.027343750 0.023437500 0.011718750 0.019531250 0.015625000 0.011718750 0.031250000 0.031250000 0.023437500 0.035156250 0.042968750 0.039062500 0.007812500 0.039062500 0.050781250 0.023437500 0.035156250 0.042968750 0.027343750 0.035156250 0.027343750 0.027343750 0.039062500 0.023437500 0.015625000 0.031250000 0.035156250 0.050781250 0.050781250 0.042968750 0.050781250 0.035156250 0.019531250 0.031250000 0.015625000 0.015625000 0.027343750 0.023437500 0.035156250 0.035156250 0.023437500 0.023437500 
0.078125000 0.089843750 0.121093750 0.148437500 0.171875000 0.179687500 0.175781250 0.156250000 0.125000000 0.085937500 0.042968750 0.035156250 0.078125000 0.121093750 0.160156250 0.191406250 0.210937500 0.218750000 0.218750000 0.207031250 0.191406250 0.171875000 0.152343750 0.132812500 0.109375000 0.089843750 0.070312500 0.066406250 0.082031250 0.109375000 0.144531250 0.179687500 0.210937500 0.238281250 0.253906250 0.257812500 0.253906250 0.234375000 0.210937500 0.179687500 0.148437500 0.117187500 0.097656250 0.089843750 0.093750000 0.101562500 0.105468750 0.105468750 0.101562500 0.089843750 0.082031250 0.074218750 0.074218750 0.078125000 0.082031250 0.082031250 0.082031250 0.078125000 0.070312500 0.062500000 0.062500000 0.058593750 0.058593750 0.058593750 0.050781250 0.035156250 0.015625000 0.011718750 0.039062500 0.074218750 0.105468750 0.136718750 0.160156250 0.175781250 0.183593750 0.183593750 0.175781250 0.156250000 0.132812500 0.101562500 0.078125000 0.062500000 0.066406250 0.078125000 0.089843750 0.097656250 0.097656250 0.093750000 0.082031250 0.062500000 0.046875000 0.031250000 0.035156250 0.046875000 0.058593750 0.070312500 0.074218750 0.074218750 0.070312500 0.066406250 0.062500000 0.062500000 0.062500000 0.066406250 0.070312500 0.074218750 0.074218750 0.074218750 0.070312500 0.070312500 0.066406250 0.062500000 0.062500000 0.058593750 0.058593750 0.054687500 0.054687500 0.050781250 0.050781250 0.050781250 0.050781250 0.054687500 0.054687500 0.054687500 0.050781250 0.046875000 0.046875000 0.042968750 0.042968750 0.046875000 0.050781250 0.054687500 0.054687500 0.054687500 0.046875000 0.042968750 0.035156250 0.031250000 0.027343750 0.031250000 0.039062500 0.042968750 0.042968750 0.042968750 0.039062500 0.035156250 0.031250000 0.031250000 0.031250000 0.035156250 0.039062500 0.039062500 0.039062500 0.039062500 0.031250000 0.027343750 0.023437500 0.027343750 0.035156250 0.039062500 0.046875000 0.046875000 0.046875000 0.042968750 0.035156250 0.027343750 0.019531250 0.019531250 0.027343750 0.035156250 0.042968750 0.046875000 0.046875000 0.046875000 0.042968750 0.039062500 0.035156250 0.031250000 0.031250000 0.035156250 0.035156250 0.035156250 0.035156250 0.035156250 0.031250000 0.031250000 0.035156250 0.035156250 0.042968750 0.042968750 0.046875000 0.046875000 0.042968750 0.039062500 0.035156250 0.031250000 0.027343750 0.031250000 0.035156250 0.039062500 0.042968750 0.042968750 0.042968750 0.039062500 0.031250000 0.027343750 0.023437500 0.019531250 0.023437500 0.027343750 0.031250000 0.031250000 0.031250000 0.035156250 0.031250000 0.031250000 0.031250000 0.031250000 0.031250000 0.031250000 0.027343750 0.027343750 0.027343750 0.027343750 0.027343750 0.031250000 0.031250000 0.035156250 0.039062500 0.039062500 0.039062500 0.039062500 0.035156250 0.031250000 0.031250000 0.027343750 0.023437500 0.023437500 0.019531250 0.019531250 0.023437500 0.023437500 0.027343750 0.027343750 0.031250000 0.035156250 0.035156250 0.035156250 0.035156250 0.035156250 0.035156250 0.031250000 0.027343750 0.027343750 0.023437500 0.023437500 0.023437500 
0.000000000 0.000000000 0.000000000 0.000000000 0.000000000 0.000000000 0.000000000 0.000000000 0.000000000 0.000000000 0.000000000 0.000000000 0.000000000 0.000000000 0.000000000 0.000000000 0.000000000 0.000000000 0.000000000 0.000000000 0.000000000 0.000000000 0.000000000 0.000000000 0.000000000 0.000000000 0.000000000 0.000000000 0.000000000 0.000000000 0.000000000 0.000000000 0.000000000 0.000000000 0.000000000 0.000000000 0.000000000 0.000000000 0.000000000 0.000000000 0.000000000 0.000000000 0.000000000 0.000000000 0.000000000 0.000000000 0.000000000 0.000000000 0.000000000 0.000000000 0.000000000 0.000000000 0.000000000 0.000000000 0.000000000 0.000000000 0.000000000 0.000000000 0.000000000 0.000000000 0.000000000 0.000000000 0.000000000 0.000000000 0.000000000 0.000000000 0.000000000 0.000000000 0.000000000 0.000000000 0.000000000 0.000000000 0.000000000 0.000000000 0.000000000 0.000000000 0.000000000 0.000000000 0.000000000 0.000000000 0.000000000 0.000000000 0.000000000 0.000000000 0.000000000 0.000000000 0.000000000 0.000000000 0.000000000 0.000000000 0.000000000 0.000000000 0.000000000 0.000000000 0.000000000 0.000000000 0.000000000 0.000000000 0.000000000 0.000000000 0.000000000 0.000000000 0.000000000 0.000000000 0.000000000 0.000000000 0.000000000 0.000000000 0.000000000 0.000000000 0.000000000 0.000000000 0.000000000 0.000000000 0.000000000 0.000000000 0.000000000 0.000000000 0.000000000 0.000000000 0.000000000 0.000000000 0.000000000 0.000000000 0.000000000 0.000000000 0.000000000 0.000000000 0.000000000 0.000000000 0.000000000 0.000000000 0.000000000 0.000000000 0.000000000 0.000000000 0.000000000 0.000000000 0.000000000 0.000000000 0.000000000 0.000000000 0.000000000 0.000000000 0.000000000 0.000000000 0.000000000 0.000000000 0.000000000 0.000000000 0.000000000 0.000000000 0.000000000 0.000000000 0.000000000 0.000000000 0.000000000 0.000000000 0.000000000 0.000000000 0.000000000 0.000000000 0.000000000 0.000000000 0.000000000 0.000000000 0.000000000 0.000000000 0.000000000 0.000000000 0.000000000 0.000000000 0.000000000 0.000000000 0.000000000 0.000000000 0.000000000 0.000000000 0.000000000 0.000000000 0.000000000 0.000000000 0.000000000 0.000000000 0.000000000 0.000000000 0.000000000 0.000000000 0.000000000 0.000000000 0.000000000 0.000000000 0.000000000 0.000000000 0.000000000 0.000000000 0.000000000 0.000000000 0.000000000 0.000000000 0.000000000 0.000000000 0.000000000 0.000000000 0.000000000 0.000000000 0.000000000 0.000000000 0.000000000 0.000000000 0.000000000 0.000000000 0.000000000 0.000000000 0.000000000 0.000000000 0.000000000 0.000000000 0.000000000 0.000000000 0.000000000 0.000000000 0.000000000 0.000000000 0.000000000 0.000000000 0.000000000 0.000000000 0.000000000 0.000000000 0.000000000 0.000000000 0.000000000 0.000000000 0.000000000 0.000000000 0.000000000 0.000000000 0.000000000 0.000000000 0.000000000 0.000000000 0.000000000 0.000000000 0.000000000 0.000000000 0.000000000 0.000000000 0.000000000 0.000000000 0.000000000 0.000000000 0.000000000 0.000000000 0.000000000 0.000000000 0.000000000 
0.000000000 0.000000000 0.000000000 0.000000000 0.000000000 0.000000000 0.000000000 0.000000000 0.000000000 0.000000000 0.000000000 0.000000000 0.000000000 0.000000000 0.000000000 0.000000000 0.000000000 0.000000000 0.000000000 0.000000000 0.000000000 0.000000000 0.000000000 0.000000000 0.000000000 0.000000000 0.000000000 0.000000000 0.000000000 0.000000000 0.000000000 0.000000000 0.000000000 0.000000000 0.000000000 0.000000000 0.000000000 0.000000000 0.000000000 0.000000000 0.000000000 0.000000000 0.000000000 0.000000000 0.000000000 0.000000000 0.000000000 0.000000000 0.000000000 0.000000000 0.000000000 0.000000000 0.000000000 0.000000000 0.000000000 0.000000000 0.000000000 0.000000000 0.000000000 0.000000000 0.000000000 0.000000000 0.000000000 0.000000000 0.000000000 0.000000000 0.000000000 0.000000000 0.000000000 0.000000000 0.000000000 0.000000000 0.000000000 0.000000000 0.000000000 0.000000000 0.000000000 0.000000000 0.000000000 0.000000000 0.000000000 0.000000000 0.000000000 0.000000000 0.000000000 0.000000000 0.000000000 0.000000000 0.000000000 0.000000000 0.000000000 0.000000000 0.000000000 0.000000000 0.000000000 0.000000000 0.000000000 0.000000000 0.000000000 0.000000000 0.000000000 0.000000000 0.000000000 0.000000000 0.000000000 0.000000000 0.000000000 0.000000000 0.000000000 0.000000000 0.000000000 0.000000000 0.000000000 0.000000000 0.000000000 0.000000000 0.000000000 0.000000000 0.000000000 0.000000000 0.000000000 0.000000000 0.000000000 0.000000000 0.000000000 0.000000000 0.000000000 0.000000000 0.000000000 0.000000000 0.000000000 0.000000000 0.000000000 0.000000000 0.000000000 0.000000000 0.000000000 0.000000000 0.000000000 0.000000000 0.000000000 0.000000000 0.000000000 0.000000000 0.000000000 0.000000000 0.000000000 0.000000000 0.000000000 0.000000000 0.000000000 0.000000000 0.000000000 0.000000000 0.000000000 0.000000000 0.000000000 0.000000000 0.000000000 0.000000000 0.000000000 0.000000000 0.000000000 0.000000000 0.000000000 0.000000000 0.000000000 0.000000000 0.000000000 0.000000000 0.000000000 0.000000000 0.000000000 0.000000000 0.000000000 0.000000000 0.000000000 0.000000000 0.000000000 0.000000000 0.000000000 0.000000000 0.000000000 0.000000000 0.000000000 0.000000000 0.000000000 0.000000000 0.000000000 0.000000000 0.000000000 0.000000000 0.000000000 0.000000000 0.000000000 0.000000000 0.000000000 0.000000000 0.000000000 0.000000000 0.000000000 0.000000000 0.000000000 0.000000000 0.000000000 0.000000000 0.000000000 0.000000000 0.000000000 0.000000000 0.000000000 0.000000000 0.000000000 0.000000000 0.000000000 0.000000000 0.000000000 0.000000000 0.000000000 0.000000000 0.000000000 0.000000000 0.000000000 0.000000000 0.000000000 0.000000000 0.000000000 0.000000000 0.000000000 0.000000000 0.000000000 0.000000000 0.000000000 0.000000000 0.000000000 0.000000000 0.000000000 0.000000000 0.000000000 0.000000000 0.000000000 0.000000000 0.000000000 0.000000000 0.000000000 0.000000000 0.000000000 0.000000000 0.000000000 0.000000000 0.000000000 0.000000000 0.000000000 0.000000000 0.000000000 0.000000000 0.000000000 
0.000000000 0.000000000 0.000000000 0.000000000 0.000000000 0.000000000 0.000000000 0.000000000 0.000000000 0.000000000 0.000000000 0.000000000 0.000000000 0.000000000 0.000000000 0.000000000 0.000000000 0.000000000 0.000000000 0.000000000 0.000000000 0.000000000 0.000000000 0.000000000 0.000000000 0.000000000 0.000000000 0.000000000 0.000000000 0.000000000 0.000000000 0.000000000 0.000000000 0.000000000 0.000000000 0.000000000 0.000000000 0.000000000 0.000000000 0.000000000 0.000000000 0.000000000 0.000000000 0.000000000 0.000000000 0.000000000 0.000000000 0.000000000 0.000000000 0.000000000 0.000000000 0.000000000 0.000000000 0.000000000 0.000000000 0.000000000 0.000000000 0.000000000 0.000000000 0.000000000 0.000000000 0.000000000 0.000000000 0.000000000 0.000000000 0.000000000 0.000000000 0.000000000 0.000000000 0.000000000 0.000000000 0.000000000 0.000000000 0.000000000 0.000000000 0.000000000 0.000000000 0.000000000 0.000000000 0.000000000 0.000000000 0.000000000 0.000000000 0.000000000 0.000000000 0.000000000 0.000000000 0.000000000 0.000000000 0.000000000 0.000000000 0.000000000 0.000000000 0.000000000 0.000000000 0.000000000 0.000000000 0.000000000 0.000000000 0.000000000 0.000000000 0.000000000 0.000000000 0.000000000 0.000000000 0.000000000 0.000000000 0.000000000 0.000000000 0.000000000 0.000000000 0.000000000 0.000000000 0.000000000 0.000000000 0.000000000 0.000000000 0.000000000 0.000000000 0.000000000 0.000000000 0.000000000 0.000000000 0.000000000 0.000000000 0.000000000 0.000000000 0.000000000 0.000000000 0.000000000 0.000000000 0.000000000 0.000000000 0.000000000 0.000000000 0.000000000 0.000000000 0.000000000 0.000000000 0.000000000 0.000000000 0.000000000 0.000000000 0.000000000 0.000000000 0.000000000 0.000000000 0.000000000 0.000000000 0.000000000 0.000000000 0.000000000 0.000000000 0.000000000 0.000000000 0.000000000 0.000000000 0.000000000 0.000000000 0.000000000 0.000000000 0.000000000 0.000000000 0.000000000 0.000000000 0.000000000 0.000000000 0.000000000 0.000000000 0.000000000 0.000000000 0.000000000 0.000000000 0.000000000 0.000000000 0.000000000 0.000000000 0.000000000 0.000000000 0.000000000 0.000000000 0.000000000 0.000000000 0.000000000 0.000000000 0.000000000 0.000000000 0.000000000 0.000000000 0.000000000 0.000000000 0.000000000 0.000000000 0.000000000 0.000000000 0.000000000 0.000000000 0.000000000 0.000000000 0.000000000 0.000000000 0.000000000 0.000000000 0.000000000 0.000000000 0.000000000 0.000000000 0.000000000 0.000000000 0.000000000 0.000000000 0.000000000 0.000000000 0.000000000 0.000000000 0.000000000 0.000000000 0.000000000 0.000000000 0.000000000 0.000000000 0.000000000 0.000000000 0.000000000 0.000000000 0.000000000 0.000000000 0.000000000 0.000000000 0.000000000 0.000000000 0.000000000 0.000000000 0.000000000 0.000000000 0.000000000 0.000000000 0.000000000 0.000000000 0.000000000 0.000000000 0.000000000 0.000000000 0.000000000 0.000000000 0.000000000 0.000000000 0.000000000 0.000000000 0.000000000 0.000000000 0.000000000 0.000000000 0.000000000 0.000000000 0.000000000 0.000000000 
0.000000000 0.000000000 0.000000000 0.000000000 0.000000000 0.000000000 0.000000000 0.000000000 0.000000000 0.000000000 0.000000000 0.000000000 0.000000000 0.000000000 0.000000000 0.000000000 0.000000000 0.000000000 0.000000000 0.000000000 0.000000000 0.000000000 0.000000000 0.000000000 0.000000000 0.000000000 0.000000000 0.000000000 0.000000000 0.000000000 0.000000000 0.000000000 0.000000000 0.000000000 0.000000000 0.000000000 0.000000000 0.000000000 0.000000000 0.000000000 0.000000000 0.000000000 0.000000000 0.000000000 0.000000000 0.000000000 0.000000000 0.000000000 0.000000000 0.000000000 0.000000000 0.000000000 0.000000000 0.000000000 0.000000000 0.000000000 0.000000000 0.000000000 0.000000000 0.000000000 0.000000000 0.000000000 0.000000000 0.000000000 0.000000000 0.000000000 0.000000000 0.000000000 0.000000000 0.000000000 0.000000000 0.000000000 0.000000000 0.000000000 0.000000000 0.000000000 0.000000000 0.000000000 0.000000000 0.000000000 0.000000000 0.000000000 0.000000000 0.000000000 0.000000000 0.000000000 0.000000000 0.000000000 0.000000000 0.000000000 0.000000000 0.000000000 0.000000000 0.000000000 0.000000000 0.000000000 0.000000000 0.000000000 0.000000000 0.000000000 0.000000000 0.000000000 0.000000000 0.000000000 0.000000000 0.000000000 0.000000000 0.000000000 0.000000000 0.000000000 0.000000000 0.000000000 0.000000000 0.000000000 0.000000000 0.000000000 0.000000000 0.000000000 0.000000000 0.000000000 0.000000000 0.000000000 0.000000000 0.000000000 0.000000000 0.000000000 0.000000000 0.000000000 0.000000000 0.000000000 0.000000000 0.000000000 0.000000000 0.000000000 0.000000000 0.000000000 0.000000000 0.000000000 0.000000000 0.000000000 0.000000000 0.000000000 0.000000000 0.000000000 0.000000000 0.000000000 0.000000000 0.000000000 0.000000000 0.000000000 0.000000000 0.000000000 0.000000000 0.000000000 0.000000000 0.000000000 0.000000000 0.000000000 0.000000000 0.000000000 0.000000000 0.000000000 0.000000000 0.000000000 0.000000000 0.000000000 0.000000000 0.000000000 0.000000000 0.000000000 0.000000000 0.000000000 0.000000000 0.000000000 0.000000000 0.000000000 0.000000000 0.000000000 0.000000000 0.000000000 0.000000000 0.000000000 0.000000000 0.000000000 0.000000000 0.000000000 0.000000000 0.000000000 0.000000000 0.000000000 0.000000000 0.000000000 0.000000000 0.000000000 0.000000000 0.000000000 0.000000000 0.000000000 0.000000000 0.000000000 0.000000000 0.000000000 0.000000000 0.000000000 0.000000000 0.000000000 0.000000000 0.000000000 0.000000000 0.000000000 0.000000000 0.000000000 0.000000000 0.000000000 0.000000000 0.000000000 0.000000000 0.000000000 0.000000000 0.000000000 0.000000000 0.000000000 0.000000000 0.000000000 0.000000000 0.000000000 0.000000000 0.000000000 0.000000000 0.000000000 0.000000000 0.000000000 0.000000000 0.000000000 0.000000000 0.000000000 0.000000000 0.000000000 0.000000000 0.000000000 0.000000000 0.000000000 0.000000000 0.000000000 0.000000000 0.000000000 0.000000000 0.000000000 0.000000000 0.000000000 0.000000000 0.000000000 0.000000000 0.000000000 0.000000000 0.000000000 0.000000000 
0.000000000 0.000000000 0.000000000 0.000000000 0.000000000 0.000000000 0.000000000 0.000000000 0.000000000 0.000000000 0.000000000 0.000000000 0.000000000 0.000000000 0.000000000 0.000000000 0.000000000 0.000000000 0.000000000 0.000000000 0.000000000 0.000000000 0.000000000 0.000000000 0.000000000 0.000000000 0.000000000 0.000000000 0.000000000 0.000000000 0.000000000 0.000000000 0.000000000 0.000000000 0.000000000 0.000000000 0.000000000 0.000000000 0.000000000 0.000000000 0.000000000 0.000000000 0.000000000 0.000000000 0.000000000 0.000000000 0.000000000 0.000000000 0.000000000 0.000000000 0.000000000 0.000000000 0.000000000 0.000000000 0.000000000 0.000000000 0.000000000 0.000000000 0.000000000 0.000000000 0.000000000 0.000000000 0.000000000 0.000000000 0.000000000 0.000000000 0.000000000 0.000000000 0.000000000 0.000000000 0.000000000 0.000000000 0.000000000 0.000000000 0.000000000 0.000000000 0.000000000 0.000000000 0.000000000 0.000000000 0.000000000 0.000000000 0.000000000 0.000000000 0.000000000 0.000000000 0.000000000 0.000000000 0.000000000 0.000000000 0.000000000 0.000000000 0.000000000 0.000000000 0.000000000 0.000000000 0.000000000 0.000000000 0.000000000 0.000000000 0.000000000 0.000000000 0.000000000 0.000000000 0.000000000 0.000000000 0.000000000 0.000000000 0.000000000 0.000000000 0.000000000 0.000000000 0.000000000 0.000000000 0.000000000 0.000000000 0.000000000 0.000000000 0.000000000 0.000000000 0.000000000 0.000000000 0.000000000 0.000000000 0.000000000 0.000000000 0.000000000 0.000000000 0.000000000 0.000000000 0.000000000 0.000000000 0.000000000 0.000000000 0.000000000 0.000000000 0.000000000 0.000000000 0.000000000 0.000000000 0.000000000 0.000000000 0.000000000 0.000000000 0.000000000 0.000000000 0.000000000 0.000000000 0.000000000 0.000000000 0.000000000 0.000000000 0.000000000 0.000000000 0.000000000 0.000000000 0.000000000 0.000000000 0.000000000 0.000000000 0.000000000 0.000000000 0.000000000 0.000000000 0.000000000 0.000000000 0.000000000 0.000000000 0.000000000 0.000000000 0.000000000 0.000000000 0.000000000 0.000000000 0.000000000 0.000000000 0.000000000 0.000000000 0.000000000 0.000000000 0.000000000 0.000000000 0.000000000 0.000000000 0.000000000 0.000000000 0.000000000 0.000000000 0.000000000 0.000000000 0.000000000 0.000000000 0.000000000 0.000000000 0.000000000 0.000000000 0.000000000 0.000000000 0.000000000 0.000000000 0.000000000 0.000000000 0.000000000 0.000000000 0.000000000 0.000000000 0.000000000 0.000000000 0.000000000 0.000000000 0.000000000 0.000000000 0.000000000 0.000000000 0.000000000 0.000000000 0.000000000 0.000000000 0.000000000 0.000000000 0.000000000 0.000000000 0.000000000 0.000000000 0.000000000 0.000000000 0.000000000 0.000000000 0.000000000 0.000000000 0.000000000 0.000000000 0.000000000 0.000000000 0.000000000 0.000000000 0.000000000 0.000000000 0.000000000 0.000000000 0.000000000 0.000000000 0.000000000 0.000000000 0.000000000 0.000000000 0.000000000 0.000000000 0.000000000 0.000000000 0.000000000 0.000000000 0.000000000 0.000000000 0.000000000 0.000000000 0.000000000 
0.000000000 0.000000000 0.000000000 0.000000000 0.000000000 0.000000000 0.000000000 0.000000000 0.000000000 0.000000000 0.000000000 0.000000000 0.000000000 0.000000000 0.000000000 0.000000000 0.000000000 0.000000000 0.000000000 0.000000000 0.000000000 0.000000000 0.000000000 0.000000000 0.000000000 0.000000000 0.000000000 0.000000000 0.000000000 0.000000000 0.000000000 0.000000000 0.000000000 0.000000000 0.000000000 0.000000000 0.000000000 0.000000000 0.000000000 0.000000000 0.000000000 0.000000000 0.000000000 0.000000000 0.000000000 0.000000000 0.000000000 0.000000000 0.000000000 0.000000000 0.000000000 0.000000000 0.000000000 0.000000000 0.000000000 0.000000000 0.000000000 0.000000000 0.000000000 0.000000000 0.000000000 0.000000000 0.000000000 0.000000000 0.000000000 0.000000000 0.000000000 0.000000000 0.000000000 0.000000000 0.000000000 0.000000000 0.000000000 0.000000000 0.000000000 0.000000000 0.000000000 0.000000000 0.000000000 0.000000000 0.000000000 0.000000000 0.000000000 0.000000000 0.000000000 0.000000000 0.000000000 0.000000000 0.000000000 0.000000000 0.000000000 0.000000000 0.000000000 0.000000000 0.000000000 0.000000000 0.000000000 0.000000000 0.000000000 0.000000000 0.000000000 0.000000000 0.000000000 0.000000000 0.000000000 0.000000000 0.000000000 0.000000000 0.000000000 0.000000000 0.000000000 0.000000000 0.000000000 0.000000000 0.000000000 0.000000000 0.000000000 0.000000000 0.000000000 0.000000000 0.000000000 0.000000000 0.000000000 0.000000000 0.000000000 0.000000000 0.000000000 0.000000000 0.000000000 0.000000000 0.000000000 0.000000000 0.000000000 0.000000000 0.000000000 0.000000000 0.000000000 0.000000000 0.000000000 0.000000000 0.000000000 0.000000000 0.000000000 0.000000000 0.000000000 0.000000000 0.000000000 0.000000000 0.000000000 0.000000000 0.000000000 0.000000000 0.000000000 0.000000000 0.000000000 0.000000000 0.000000000 0.000000000 0.000000000 0.000000000 0.000000000 0.000000000 0.000000000 0.000000000 0.000000000 0.000000000 0.000000000 0.000000000 0.000000000 0.000000000 0.000000000 0.000000000 0.000000000 0.000000000 0.000000000 0.000000000 0.000000000 0.000000000 0.000000000 0.000000000 0.000000000 0.000000000 0.000000000 0.000000000 0.000000000 0.000000000 0.000000000 0.000000000 0.000000000 0.000000000 0.000000000 0.000000000 0.000000000 0.000000000 0.000000000 0.000000000 0.000000000 0.000000000 0.000000000 0.000000000 0.000000000 0.000000000 0.000000000 0.000000000 0.000000000 0.000000000 0.000000000 0.000000000 0.000000000 0.000000000 0.000000000 0.000000000 0.000000000 0.000000000 0.000000000 0.000000000 0.000000000 0.000000000 0.000000000 0.000000000 0.000000000 0.000000000 0.000000000 0.000000000 0.000000000 0.000000000 0.000000000 0.000000000 0.000000000 0.000000000 0.000000000 0.000000000 0.000000000 0.000000000 0.000000000 0.000000000 0.000000000 0.000000000 0.000000000 0.000000000 0.000000000 0.000000000 0.000000000 0.000000000 0.000000000 0.000000000 0.000000000 0.000000000 0.000000000 0.000000000 0.000000000 0.000000000 0.000000000 0.000000000 0.000000000 0.000000000 0.000000000 
0.000000000 0.000000000 0.000000000 0.000000000 0.000000000 0.000000000 0.000000000 0.000000000 0.000000000 0.000000000 0.000000000 0.000000000 0.000000000 0.000000000 0.000000000 0.000000000 0.000000000 0.000000000 0.000000000 0.000000000 0.000000000 0.000000000 0.000000000 0.000000000 0.000000000 0.000000000 0.000000000 0.000000000 0.000000000 0.000000000 0.000000000 0.000000000 0.000000000 0.000000000 0.000000000 0.000000000 0.000000000 0.000000000 0.000000000 0.000000000 0.000000000 0.000000000 0.000000000 0.000000000 0.000000000 0.000000000 0.000000000 0.000000000 0.000000000 0.000000000 0.000000000 0.000000000 0.000000000 0.000000000 0.000000000 0.000000000 0.000000000 0.000000000 0.000000000 0.000000000 0.000000000 0.000000000 0.000000000 0.000000000 0.000000000 0.000000000 0.000000000 0.000000000 0.000000000 0.000000000 0.000000000 0.000000000 0.000000000 0.000000000 0.000000000 0.000000000 0.000000000 0.000000000 0.000000000 0.000000000 0.000000000 0.000000000 0.000000000 0.000000000 0.000000000 0.000000000 0.000000000 0.000000000 0.000000000 0.000000000 0.000000000 0.000000000 0.000000000 0.000000000 0.000000000 0.000000000 0.000000000 0.000000000 0.000000000 0.000000000 0.000000000 0.000000000 0.000000000 0.000000000 0.000000000 0.000000000 0.000000000 0.000000000 0.000000000 0.000000000 0.000000000 0.000000000 0.000000000 0.000000000 0.000000000 0.000000000 0.000000000 0.000000000 0.000000000 0.000000000 0.000000000 0.000000000 0.000000000 0.000000000 0.000000000 0.000000000 0.000000000 0.000000000 0.000000000 0.000000000 0.000000000 0.000000000 0.000000000 0.000000000 0.000000000 0.000000000 0.000000000 0.000000000 0.000000000 0.000000000 0.000000000 0.000000000 0.000000000 0.000000000 0.000000000 0.000000000 0.000000000 0.000000000 0.000000000 0.000000000 0.000000000 0.000000000 0.000000000 0.000000000 0.000000000 0.000000000 0.000000000 0.000000000 0.000000000 0.000000000 0.000000000 0.000000000 0.000000000 0.000000000 0.000000000 0.000000000 0.000000000 0.000000000 0.000000000 0.000000000 0.000000000 0.000000000 0.000000000 0.000000000 0.000000000 0.000000000 0.000000000 0.000000000 0.000000000 0.000000000 0.000000000 0.000000000 0.000000000 0.000000000 0.000000000 0.000000000 0.000000000 0.000000000 0.000000000 0.000000000 0.000000000 0.000000000 0.000000000 0.000000000 0.000000000 0.000000000 0.000000000 0.000000000 0.000000000 0.000000000 0.000000000 0.000000000 0.000000000 0.000000000 0.000000000 0.000000000 0.000000000 0.000000000 0.000000000 0.000000000 0.000000000 0.000000000 0.000000000 0.000000000 0.000000000 0.000000000 0.000000000 0.000000000 0.000000000 0.000000000 0.000000000 0.000000000 0.000000000 0.000000000 0.000000000 0.000000000 0.000000000 0.000000000 0.000000000 0.000000000 0.000000000 0.000000000 0.000000000 0.000000000 0.000000000 0.000000000 0.000000000 0.000000000 0.000000000 0.000000000 0.000000000 0.000000000 0.000000000 0.000000000 0.000000000 0.000000000 0.000000000 0.000000000 0.000000000 0.000000000 0.000000000 0.000000000 0.000000000 0.000000000 0.000000000 0.000000000 0.000000000 
0.000000000 0.000000000 0.000000000 0.000000000 0.000000000 0.000000000 0.000000000 0.000000000 0.000000000 0.000000000 0.000000000 0.000000000 0.000000000 0.000000000 0.000000000 0.000000000 0.000000000 0.000000000 0.000000000 0.000000000 0.000000000 0.000000000 0.000000000 0.000000000 0.000000000 0.000000000 0.000000000 0.000000000 0.000000000 0.000000000 0.000000000 0.000000000 0.000000000 0.000000000 0.000000000 0.000000000 0.000000000 0.000000000 0.000000000 0.000000000 0.000000000 0.000000000 0.000000000 0.000000000 0.000000000 0.000000000 0.000000000 0.000000000 0.000000000 0.000000000 0.000000000 0.000000000 0.000000000 0.000000000 0.000000000 0.000000000 0.000000000 0.000000000 0.000000000 0.000000000 0.000000000 0.000000000 0.000000000 0.000000000 0.000000000 0.000000000 0.000000000 0.000000000 0.000000000 0.000000000 0.000000000 0.000000000 0.000000000 0.000000000 0.000000000 0.000000000 0.000000000 0.000000000 0.000000000 0.000000000 0.000000000 0.000000000 0.000000000 0.000000000 0.000000000 0.000000000 0.000000000 0.000000000 0.000000000 0.000000000 0.000000000 0.000000000 0.000000000 0.000000000 0.000000000 0.000000000 0.000000000 0.000000000 0.000000000 0.000000000 0.000000000 0.000000000 0.000000000 0.000000000 0.000000000 0.000000000 0.000000000 0.000000000 0.000000000 0.000000000 0.000000000 0.000000000 0.000000000 0.000000000 0.000000000 0.000000000 0.000000000 0.000000000 0.000000000 0.000000000 0.000000000 0.000000000 0.000000000 0.000000000 0.000000000 0.000000000 0.000000000 0.000000000 0.000000000 0.000000000 0.000000000 0.000000000 0.000000000 0.000000000 0.000000000 0.000000000 0.000000000 0.000000000 0.000000000 0.000000000 0.000000000 0.000000000 0.000000000 0.000000000 0.000000000 0.000000000 0.000000000 0.000000000 0.000000000 0.000000000 0.000000000 0.000000000 0.000000000 0.000000000 0.000000000 0.000000000 0.000000000 0.000000000 0.000000000 0.000000000 0.000000000 0.000000000 0.000000000 0.000000000 0.000000000 0.000000000 0.000000000 0.000000000 0.000000000 0.000000000 0.000000000 0.000000000 0.000000000 0.000000000 0.000000000 0.000000000 0.000000000 0.000000000 0.000000000 0.000000000 0.000000000 0.000000000 0.000000000 0.000000000 0.000000000 0.000000000 0.000000000 0.000000000 0.000000000 0.000000000 0.000000000 0.000000000 0.000000000 0.000000000 0.000000000 0.000000000 0.000000000 0.000000000 0.000000000 0.000000000 0.000000000 0.000000000 0.000000000 0.000000000 0.000000000 0.000000000 0.000000000 0.000000000 0.000000000 0.000000000 0.000000000 0.000000000 0.000000000 0.000000000 0.000000000 0.000000000 0.000000000 0.000000000 0.000000000 0.000000000 0.000000000 0.000000000 0.000000000 0.000000000 0.000000000 0.000000000 0.000000000 0.000000000 0.000000000 0.000000000 0.000000000 0.000000000 0.000000000 0.000000000 0.000000000 0.000000000 0.000000000 0.000000000 0.000000000 0.000000000 0.000000000 0.000000000 0.000000000 0.000000000 0.000000000 0.000000000 0.000000000 0.000000000 0.000000000 0.000000000 0.000000000 0.000000000 0.000000000 0.000000000 0.000000000 0.000000000 0.000000000 
0.000000000 0.000000000 0.000000000 0.000000000 0.000000000 0.000000000 0.000000000 0.000000000 0.000000000 0.000000000 0.000000000 0.000000000 0.000000000 0.000000000 0.000000000 0.000000000 0.000000000 0.000000000 0.000000000 0.000000000 0.000000000 0.000000000 0.000000000 0.000000000 0.000000000 0.000000000 0.000000000 0.000000000 0.000000000 0.000000000 0.000000000 0.000000000 0.000000000 0.000000000 0.000000000 0.000000000 0.000000000 0.000000000 0.000000000 0.000000000 0.000000000 0.000000000 0.000000000 0.000000000 0.000000000 0.000000000 0.000000000 0.000000000 0.000000000 0.000000000 0.000000000 0.000000000 0.000000000 0.000000000 0.000000000 0.000000000 0.000000000 0.000000000 0.000000000 0.000000000 0.000000000 0.000000000 0.000000000 0.000000000 0.000000000 0.000000000 0.000000000 0.000000000 0.000000000 0.000000000 0.000000000 0.000000000 0.000000000 0.000000000 0.000000000 0.000000000 0.000000000 0.000000000 0.000000000 0.000000000 0.000000000 0.000000000 0.000000000 0.000000000 0.000000000 0.000000000 0.000000000 0.000000000 0.000000000 0.000000000 0.000000000 0.000000000 0.000000000 0.000000000 0.000000000 0.000000000 0.000000000 0.000000000 0.000000000 0.000000000 0.000000000 0.000000000 0.000000000 0.000000000 0.000000000 0.000000000 0.000000000 0.000000000 0.000000000 0.000000000 0.000000000 0.000000000 0.000000000 0.000000000 0.000000000 0.000000000 0.000000000 0.000000000 0.000000000 0.000000000 0.000000000 0.000000000 0.000000000 0.000000000 0.000000000 0.000000000 0.000000000 0.000000000 0.000000000 0.000000000 0.000000000 0.000000000 0.000000000 0.000000000 0.000000000 0.000000000 0.000000000 0.000000000 0.000000000 0.000000000 0.000000000 0.000000000 0.000000000 0.000000000 0.000000000 0.000000000 0.000000000 0.000000000 0.000000000 0.000000000 0.000000000 0.000000000 0.000000000 0.000000000 0.000000000 0.000000000 0.000000000 0.000000000 0.000000000 0.000000000 0.000000000 0.000000000 0.000000000 0.000000000 0.000000000 0.000000000 0.000000000 0.000000000 0.000000000 0.000000000 0.000000000 0.000000000 0.000000000 0.000000000 0.000000000 0.000000000 0.000000000 0.000000000 0.000000000 0.000000000 0.000000000 0.000000000 0.000000000 0.000000000 0.000000000 0.000000000 0.000000000 0.000000000 0.000000000 0.000000000 0.000000000 0.000000000 0.000000000 0.000000000 0.000000000 0.000000000 0.000000000 0.000000000 0.000000000 0.000000000 0.000000000 0.000000000 0.000000000 0.000000000 0.000000000 0.000000000 0.000000000 0.000000000 0.000000000 0.000000000 0.000000000 0.000000000 0.000000000 0.000000000 0.000000000 0.000000000 0.000000000 0.000000000 0.000000000 0.000000000 0.000000000 0.000000000 0.000000000 0.000000000 0.000000000 0.000000000 0.000000000 0.000000000 0.000000000 0.000000000 0.000000000 0.000000000 0.000000000 0.000000000 0.000000000 0.000000000 0.000000000 0.000000000 0.000000000 0.000000000 0.000000000 0.000000000 0.000000000 0.000000000 0.000000000 0.000000000 0.000000000 0.000000000 0.000000000 0.000000000 0.000000000 0.000000000 0.000000000 0.000000000 0.000000000 0.000000000 0.000000000 
0.000000000 0.000000000 0.000000000 0.000000000 0.000000000 0.000000000 0.000000000 0.000000000 0.000000000 0.000000000 0.000000000 0.000000000 0.000000000 0.000000000 0.000000000 0.000000000 0.000000000 0.000000000 0.000000000 0.000000000 0.000000000 0.000000000 0.000000000 0.000000000 0.000000000 0.000000000 0.000000000 0.000000000 0.000000000 0.000000000 0.000000000 0.000000000 0.000000000 0.000000000 0.000000000 0.000000000 0.000000000 0.000000000 0.000000000 0.000000000 0.000000000 0.000000000 0.000000000 0.000000000 0.000000000 0.000000000 0.000000000 0.000000000 0.000000000 0.000000000 0.000000000 0.000000000 0.000000000 0.000000000 0.000000000 0.000000000 0.000000000 0.000000000 0.000000000 0.000000000 0.000000000 0.000000000 0.000000000 0.000000000 0.000000000 0.000000000 0.000000000 0.000000000 0.000000000 0.000000000 0.000000000 0.000000000 0.000000000 0.000000000 0.000000000 0.000000000 0.000000000 0.000000000 0.000000000 0.000000000 0.000000000 0.000000000 0.000000000 0.000000000 0.000000000 0.000000000 0.000000000 0.000000000 0.000000000 0.000000000 0.000000000 0.000000000 0.000000000 0.000000000 0.000000000 0.000000000 0.000000000 0.000000000 0.000000000 0.000000000 0.000000000 0.000000000 0.000000000 0.000000000 0.000000000 0.000000000 0.000000000 0.000000000 0.000000000 0.000000000 0.000000000 0.000000000 0.000000000 0.000000000 0.000000000 0.000000000 0.000000000 0.000000000 0.000000000 0.000000000 0.000000000 0.000000000 0.000000000 0.000000000 0.000000000 0.000000000 0.000000000 0.000000000 0.000000000 0.000000000 0.000000000 0.000000000 0.000000000 0.000000000 0.000000000 0.000000000 0.000000000 0.000000000 0.000000000 0.000000000 0.000000000 0.000000000 0.000000000 0.000000000 0.000000000 0.000000000 0.000000000 0.000000000 0.000000000 0.000000000 0.000000000 0.000000000 0.000000000 0.000000000 0.000000000 0.000000000 0.000000000 0.000000000 0.000000000 0.000000000 0.000000000 0.000000000 0.000000000 0.000000000 0.000000000 0.000000000 0.000000000 0.000000000 0.000000000 0.000000000 0.000000000 0.000000000 0.000000000 0.000000000 0.000000000 0.000000000 0.000000000 0.000000000 0.000000000 0.000000000 0.000000000 0.000000000 0.000000000 0.000000000 0.000000000 0.000000000 0.000000000 0.000000000 0.000000000 0.000000000 0.000000000 0.000000000 0.000000000 0.000000000 0.000000000 0.000000000 0.000000000 0.000000000 0.000000000 0.000000000 0.000000000 0.000000000 0.000000000 0.000000000 0.000000000 0.000000000 0.000000000 0.000000000 0.000000000 0.000000000 0.000000000 0.000000000 0.000000000 0.000000000 0.000000000 0.000000000 0.000000000 0.000000000 0.000000000 0.000000000 0.000000000 0.000000000 0.000000000 0.000000000 0.000000000 0.000000000 0.000000000 0.000000000 0.000000000 0.000000000 0.000000000 0.000000000 0.000000000 0.000000000 0.000000000 0.000000000 0.000000000 0.000000000 0.000000000 0.000000000 0.000000000 0.000000000 0.000000000 0.000000000 0.000000000 0.000000000 0.000000000 0.000000000 0.000000000 0.000000000 0.000000000 0.000000000 0.000000000 0.000000000 0.000000000 0.000000000 0.000000000 
0.000000000 0.000000000 0.000000000 0.000000000 0.000000000 0.000000000 0.000000000 0.000000000 0.000000000 0.000000000 0.000000000 0.000000000 0.000000000 0.000000000 0.000000000 0.000000000 0.000000000 0.000000000 0.000000000 0.000000000 0.000000000 0.000000000 0.000000000 0.000000000 0.000000000 0.000000000 0.000000000 0.000000000 0.000000000 0.000000000 0.000000000 0.000000000 0.000000000 0.000000000 0.000000000 0.000000000 0.000000000 0.000000000 0.000000000 0.000000000 0.000000000 0.000000000 0.000000000 0.000000000 0.000000000 0.000000000 0.000000000 0.000000000 0.000000000 0.000000000 0.000000000 0.000000000 0.000000000 0.000000000 0.000000000 0.000000000 0.000000000 0.000000000 0.000000000 0.000000000 0.000000000 0.000000000 0.000000000 0.000000000 0.000000000 0.000000000 0.000000000 0.000000000 0.000000000 0.000000000 0.000000000 0.000000000 0.000000000 0.000000000 0.000000000 0.000000000 0.000000000 0.000000000 0.000000000 0.000000000 0.000000000 0.000000000 0.000000000 0.000000000 0.000000000 0.000000000 0.000000000 0.000000000 0.000000000 0.000000000 0.000000000 0.000000000 0.000000000 0.000000000 0.000000000 0.000000000 0.000000000 0.000000000 0.000000000 0.000000000 0.000000000 0.000000000 0.000000000 0.000000000 0.000000000 0.000000000 0.000000000 0.000000000 0.000000000 0.000000000 0.000000000 0.000000000 0.000000000 0.000000000 0.000000000 0.000000000 0.000000000 0.000000000 0.000000000 0.000000000 0.000000000 0.000000000 0.000000000 0.000000000 0.000000000 0.000000000 0.000000000 0.000000000 0.000000000 0.000000000 0.000000000 0.000000000 0.000000000 0.000000000 0.000000000 0.000000000 0.000000000 0.000000000 0.000000000 0.000000000 0.000000000 0.000000000 0.000000000 0.000000000 0.000000000 0.000000000 0.000000000 0.000000000 0.000000000 0.000000000 0.000000000 0.000000000 0.000000000 0.000000000 0.000000000 0.000000000 0.000000000 0.000000000 0.000000000 0.000000000 0.000000000 0.000000000 0.000000000 0.000000000 0.000000000 0.000000000 0.000000000 0.000000000 0.000000000 0.000000000 0.000000000 0.000000000 0.000000000 0.000000000 0.000000000 0.000000000 0.000000000 0.000000000 0.000000000 0.000000000 0.000000000 0.000000000 0.000000000 0.000000000 0.000000000 0.000000000 0.000000000 0.000000000 0.000000000 0.000000000 0.000000000 0.000000000 0.000000000 0.000000000 0.000000000 0.000000000 0.000000000 0.000000000 0.000000000 0.000000000 0.000000000 0.000000000 0.000000000 0.000000000 0.000000000 0.000000000 0.000000000 0.000000000 0.000000000 0.000000000 0.000000000 0.000000000 0.000000000 0.000000000 0.000000000 0.000000000 0.000000000 0.000000000 0.000000000 0.000000000 0.000000000 0.000000000 0.000000000 0.000000000 0.000000000 0.000000000 0.000000000 0.000000000 0.000000000 0.000000000 0.000000000 0.000000000 0.000000000 0.000000000 0.000000000 0.000000000 0.000000000 0.000000000 0.000000000 0.000000000 0.000000000 0.000000000 0.000000000 0.000000000 0.000000000 0.000000000 0.000000000 0.000000000 0.000000000 0.000000000 0.000000000 0.000000000 0.000000000 0.000000000 0.000000000 0.000000000 0.000000000 
