0.000000000 0.000000000 0.000000000 0.000000000 0.000000000 0.000000000 0.000000000 0.000000000 0.000000000 0.000000000 0.000000000 0.000000000 0.000000000 0.000000000 0.003906250 0.003906250 0.003906250 0.003906250 0.003906250 0.003906250 0.003906250 0.003906250 0.003906250 0.003906250 0.003906250 0.003906250 0.003906250 0.003906250 0.003906250 0.003906250 0.003906250 0.003906250 0.003906250 0.003906250 0.003906250 0.003906250 0.003906250 0.003906250 0.003906250 0.003906250 0.003906250 0.003906250 0.003906250 0.003906250 0.003906250 0.003906250 0.003906250 0.007812500 0.007812500 0.007812500 0.007812500 0.007812500 0.007812500 0.007812500 0.007812500 0.007812500 0.007812500 0.007812500 0.007812500 0.007812500 0.007812500 0.007812500 0.007812500 0.007812500 0.007812500 0.007812500 0.007812500 0.007812500 0.007812500 0.007812500 0.007812500 0.007812500 0.007812500 0.007812500 0.007812500 0.007812500 0.007812500 0.007812500 0.007812500 0.007812500 0.007812500 0.007812500 0.007812500 0.007812500 0.007812500 0.007812500 0.007812500 0.007812500 0.007812500 0.007812500 0.007812500 0.007812500 0.007812500 0.007812500 0.007812500 0.007812500 0.007812500 0.007812500 0.007812500 0.007812500 0.007812500 0.007812500 0.007812500 0.007812500 0.007812500 0.007812500 0.007812500 0.007812500 0.007812500 0.007812500 0.007812500 0.007812500 0.007812500 0.007812500 0.007812500 0.007812500 0.007812500 0.007812500 0.007812500 0.007812500 0.007812500 0.007812500 0.007812500 0.007812500 0.007812500 0.003906250 0.003906250 0.003906250 0.003906250 0.003906250 0.003906250 0.003906250 0.003906250 0.003906250 0.003906250 0.003906250 0.003906250 0.003906250 0.003906250 0.003906250 0.003906250 0.003906250 0.003906250 0.003906250 0.003906250 0.003906250 0.003906250 0.003906250 0.003906250 0.003906250 0.003906250 0.003906250 0.003906250 0.003906250 0.003906250 0.003906250 0.003906250 0.000000000 0.000000000 0.000000000 0.000000000 0.000000000 0.000000000 0.000000000 0.000000000 0.000000000 0.000000000 0.000000000 0.000000000 0.000000000 0.000000000 0.000000000 0.000000000 0.000000000 0.000000000 0.000000000 0.000000000 0.000000000 0.000000000 0.000000000 0.000000000 0.000000000 0.000000000 0.000000000 0.000000000 0.003906250 0.003906250 0.003906250 0.003906250 0.003906250 0.003906250 0.003906250 0.003906250 0.003906250 0.003906250 0.003906250 0.003906250 0.003906250 0.003906250 0.003906250 0.003906250 0.003906250 0.003906250 0.003906250 0.003906250 0.003906250 0.003906250 0.003906250 0.003906250 0.003906250 0.003906250 0.003906250 0.003906250 0.003906250 0.003906250 0.003906250 0.003906250 0.007812500 0.007812500 0.007812500 0.007812500 0.007812500 0.007812500 0.007812500 0.007812500 0.007812500 0.007812500 0.007812500 0.007812500 0.007812500 0.007812500 0.007812500 0.007812500 0.007812500 0.007812500 0.007812500 0.007812500 0.007812500 0.007812500 0.007812500 0.007812500 0.007812500 0.007812500 0.007812500 0.007812500 0.007812500 0.007812500 0.007812500 0.007812500 0.007812500 0.007812500 0.007812500 0.007812500 0.007812500 0.007812500 0.007812500 0.007812500 
0.000000000 0.000000000 0.000000000 0.000000000 0.000000000 0.000000000 0.000000000 0.000000000 0.000000000 0.000000000 0.000000000 0.000000000 0.000000000 0.000000000 0.003906250 0.003906250 0.003906250 0.003906250 0.003906250 0.003906250 0.003906250 0.003906250 0.003906250 0.003906250 0.003906250 0.003906250 0.003906250 0.003906250 0.003906250 0.003906250 0.003906250 0.003906250 0.003906250 0.003906250 0.003906250 0.003906250 0.003906250 0.003906250 0.003906250 0.003906250 0.003906250 0.003906250 0.003906250 0.003906250 0.003906250 0.003906250 0.003906250 0.007812500 0.007812500 0.007812500 0.007812500 0.007812500 0.007812500 0.007812500 0.007812500 0.007812500 0.007812500 0.007812500 0.007812500 0.007812500 0.007812500 0.007812500 0.007812500 0.007812500 0.007812500 0.007812500 0.007812500 0.007812500 0.007812500 0.007812500 0.007812500 0.007812500 0.007812500 0.007812500 0.007812500 0.007812500 0.007812500 0.007812500 0.007812500 0.007812500 0.007812500 0.007812500 0.007812500 0.007812500 0.007812500 0.007812500 0.007812500 0.007812500 0.007812500 0.007812500 0.007812500 0.007812500 0.007812500 0.007812500 0.007812500 0.007812500 0.007812500 0.007812500 0.007812500 0.007812500 0.007812500 0.007812500 0.007812500 0.007812500 0.007812500 0.007812500 0.007812500 0.007812500 0.007812500 0.007812500 0.007812500 0.007812500 0.007812500 0.007812500 0.007812500 0.007812500 0.007812500 0.007812500 0.007812500 0.007812500 0.007812500 0.007812500 0.007812500 0.007812500 0.007812500 0.003906250 0.003906250 0.003906250 0.003906250 0.003906250 0.003906250 0.003906250 0.003906250 0.003906250 0.003906250 0.003906250 0.003906250 0.003906250 0.003906250 0.003906250 0.003906250 0.003906250 0.003906250 0.003906250 0.003906250 0.003906250 0.003906250 0.003906250 0.003906250 0.003906250 0.003906250 0.003906250 0.003906250 0.003906250 0.003906250 0.003906250 0.003906250 0.000000000 0.000000000 0.000000000 0.000000000 0.000000000 0.000000000 0.000000000 0.000000000 0.000000000 0.000000000 0.000000000 0.000000000 0.000000000 0.000000000 0.000000000 0.000000000 0.000000000 0.000000000 0.000000000 0.000000000 0.000000000 0.000000000 0.000000000 0.000000000 0.000000000 0.000000000 0.000000000 0.000000000 0.003906250 0.003906250 0.003906250 0.003906250 0.003906250 0.003906250 0.003906250 0.003906250 0.003906250 0.003906250 0.003906250 0.003906250 0.003906250 0.003906250 0.003906250 0.003906250 0.003906250 0.003906250 0.003906250 0.003906250 0.003906250 0.003906250 0.003906250 0.003906250 0.003906250 0.003906250 0.003906250 0.003906250 0.003906250 0.003906250 0.003906250 0.003906250 0.007812500 0.007812500 0.007812500 0.007812500 0.007812500 0.007812500 0.007812500 0.007812500 0.007812500 0.007812500 0.007812500 0.007812500 0.007812500 0.007812500 0.007812500 0.007812500 0.007812500 0.007812500 0.007812500 0.007812500 0.007812500 0.007812500 0.007812500 0.007812500 0.007812500 0.007812500 0.007812500 0.007812500 0.007812500 0.007812500 0.007812500 0.007812500 0.007812500 0.007812500 0.007812500 0.007812500 0.007812500 0.007812500 0.007812500 0.007812500 
0.000000000 0.000000000 0.000000000 0.000000000 0.000000000 0.000000000 0.000000000 0.000000000 0.000000000 0.000000000 0.000000000 0.000000000 0.000000000 0.000000000 0.000000000 0.000000000 0.000000000 0.000000000 0.000000000 0.000000000 0.000000000 0.000000000 0.000000000 0.000000000 0.000000000 0.000000000 0.000000000 0.000000000 0.000000000 0.000000000 0.000000000 0.000000000 0.000000000 0.000000000 0.000000000 0.000000000 0.000000000 0.000000000 0.000000000 0.000000000 0.000000000 0.000000000 0.000000000 0.000000000 0.000000000 0.000000000 0.000000000 0.000000000 0.000000000 0.000000000 0.000000000 0.000000000 0.000000000 0.000000000 0.000000000 0.000000000 0.000000000 0.000000000 0.000000000 0.000000000 0.000000000 0.000000000 0.000000000 0.000000000 0.000000000 0.000000000 0.000000000 0.000000000 0.000000000 0.000000000 0.000000000 0.000000000 0.000000000 0.000000000 0.000000000 0.000000000 0.000000000 0.000000000 0.000000000 0.000000000 0.000000000 0.000000000 0.000000000 0.000000000 0.000000000 0.000000000 0.000000000 0.000000000 0.000000000 0.000000000 0.000000000 0.000000000 0.000000000 0.000000000 0.000000000 0.000000000 0.000000000 0.000000000 0.000000000 0.000000000 0.000000000 0.000000000 0.000000000 0.000000000 0.000000000 0.000000000 0.000000000 0.000000000 0.000000000 0.000000000 0.000000000 0.000000000 0.000000000 0.000000000 0.000000000 0.000000000 0.000000000 0.000000000 0.000000000 0.000000000 0.000000000 0.000000000 0.000000000 0.000000000 0.000000000 0.000000000 0.000000000 0.000000000 0.000000000 0.000000000 0.000000000 0.000000000 0.000000000 0.000000000 0.000000000 0.000000000 0.000000000 0.000000000 0.000000000 0.000000000 0.000000000 0.000000000 0.000000000 0.000000000 0.000000000 0.000000000 0.000000000 0.000000000 0.000000000 0.000000000 0.000000000 0.000000000 0.000000000 0.000000000 0.000000000 0.000000000 0.000000000 0.000000000 0.000000000 0.000000000 0.000000000 0.000000000 0.000000000 0.000000000 0.000000000 0.000000000 0.000000000 0.000000000 0.000000000 0.000000000 0.000000000 0.000000000 0.000000000 0.000000000 0.000000000 0.000000000 0.000000000 0.000000000 0.000000000 0.000000000 0.000000000 0.000000000 0.000000000 0.000000000 0.000000000 0.000000000 0.000000000 0.000000000 0.000000000 0.000000000 0.000000000 0.000000000 0.000000000 0.000000000 0.000000000 0.000000000 0.000000000 0.000000000 0.000000000 0.000000000 0.000000000 0.000000000 0.000000000 0.000000000 0.000000000 0.000000000 0.000000000 0.000000000 0.000000000 0.000000000 0.000000000 0.000000000 0.000000000 0.000000000 0.000000000 0.000000000 0.000000000 0.000000000 0.000000000 0.000000000 0.000000000 0.000000000 0.000000000 0.000000000 0.000000000 0.000000000 0.000000000 0.000000000 0.000000000 0.000000000 0.000000000 0.000000000 0.000000000 0.000000000 0.000000000 0.000000000 0.000000000 0.000000000 0.000000000 0.000000000 0.000000000 0.000000000 0.000000000 0.000000000 0.000000000 0.000000000 0.000000000 0.000000000 0.000000000 0.000000000 0.000000000 0.000000000 0.000000000 0.000000000 0.000000000 0.000000000 0.000000000 
0.000000000 0.000000000 0.000000000 0.000000000 0.000000000 0.000000000 0.000000000 0.000000000 0.000000000 0.000000000 0.000000000 0.000000000 0.000000000 0.000000000 0.000000000 0.000000000 0.000000000 0.000000000 0.000000000 0.000000000 0.000000000 0.000000000 0.000000000 0.000000000 0.000000000 0.000000000 0.000000000 0.000000000 0.000000000 0.000000000 0.000000000 0.000000000 0.000000000 0.000000000 0.000000000 0.000000000 0.000000000 0.000000000 0.000000000 0.000000000 0.000000000 0.000000000 0.000000000 0.000000000 0.000000000 0.000000000 0.000000000 0.000000000 0.000000000 0.000000000 0.000000000 0.000000000 0.000000000 0.000000000 0.000000000 0.000000000 0.000000000 0.000000000 0.000000000 0.000000000 0.000000000 0.000000000 0.000000000 0.000000000 0.000000000 0.000000000 0.000000000 0.000000000 0.000000000 0.000000000 0.000000000 0.000000000 0.000000000 0.000000000 0.000000000 0.000000000 0.000000000 0.000000000 0.000000000 0.000000000 0.000000000 0.000000000 0.000000000 0.000000000 0.000000000 0.000000000 0.000000000 0.000000000 0.000000000 0.000000000 0.000000000 0.000000000 0.000000000 0.000000000 0.000000000 0.000000000 0.000000000 0.000000000 0.000000000 0.000000000 0.000000000 0.000000000 0.000000000 0.000000000 0.000000000 0.000000000 0.000000000 0.000000000 0.000000000 0.000000000 0.000000000 0.000000000 0.000000000 0.000000000 0.000000000 0.000000000 0.000000000 0.000000000 0.000000000 0.000000000 0.000000000 0.000000000 0.000000000 0.000000000 0.000000000 0.000000000 0.000000000 0.000000000 0.000000000 0.000000000 0.000000000 0.000000000 0.000000000 0.000000000 0.000000000 0.000000000 0.000000000 0.000000000 0.000000000 0.000000000 0.000000000 0.000000000 0.000000000 0.000000000 0.000000000 0.000000000 0.000000000 0.000000000 0.000000000 0.000000000 0.000000000 0.000000000 0.000000000 0.000000000 0.000000000 0.000000000 0.000000000 0.000000000 0.000000000 0.000000000 0.000000000 0.000000000 0.000000000 0.000000000 0.000000000 0.000000000 0.000000000 0.000000000 0.000000000 0.000000000 0.000000000 0.000000000 0.000000000 0.000000000 0.000000000 0.000000000 0.000000000 0.000000000 0.000000000 0.000000000 0.000000000 0.000000000 0.000000000 0.000000000 0.000000000 0.000000000 0.000000000 0.000000000 0.000000000 0.000000000 0.000000000 0.000000000 0.000000000 0.000000000 0.000000000 0.000000000 0.000000000 0.000000000 0.000000000 0.000000000 0.000000000 0.000000000 0.000000000 0.000000000 0.000000000 0.000000000 0.000000000 0.000000000 0.000000000 0.000000000 0.000000000 0.000000000 0.000000000 0.000000000 0.000000000 0.000000000 0.000000000 0.000000000 0.000000000 0.000000000 0.000000000 0.000000000 0.000000000 0.000000000 0.000000000 0.000000000 0.000000000 0.000000000 0.000000000 0.000000000 0.000000000 0.000000000 0.000000000 0.000000000 0.000000000 0.000000000 0.000000000 0.000000000 0.000000000 0.000000000 0.000000000 0.000000000 0.000000000 0.000000000 0.000000000 0.000000000 0.000000000 0.000000000 0.000000000 0.000000000 0.000000000 0.000000000 0.000000000 0.000000000 0.000000000 0.000000000 0.000000000 
0.000000000 0.000000000 0.000000000 0.000000000 0.000000000 0.000000000 0.000000000 0.000000000 0.000000000 0.000000000 0.000000000 0.000000000 0.000000000 0.000000000 0.000000000 0.000000000 0.000000000 0.000000000 0.000000000 0.000000000 0.000000000 0.000000000 0.000000000 0.000000000 0.000000000 0.000000000 0.000000000 0.000000000 0.000000000 0.000000000 0.000000000 0.000000000 0.000000000 0.000000000 0.000000000 0.000000000 0.000000000 0.000000000 0.000000000 0.000000000 0.000000000 0.000000000 0.000000000 0.000000000 0.000000000 0.000000000 0.000000000 0.000000000 0.000000000 0.000000000 0.000000000 0.000000000 0.000000000 0.000000000 0.000000000 0.000000000 0.000000000 0.000000000 0.000000000 0.000000000 0.000000000 0.000000000 0.000000000 0.000000000 0.000000000 0.000000000 0.000000000 0.000000000 0.000000000 0.000000000 0.000000000 0.000000000 0.000000000 0.000000000 0.000000000 0.000000000 0.000000000 0.000000000 0.000000000 0.000000000 0.000000000 0.000000000 0.000000000 0.000000000 0.000000000 0.000000000 0.000000000 0.000000000 0.000000000 0.000000000 0.000000000 0.000000000 0.000000000 0.000000000 0.000000000 0.000000000 0.000000000 0.000000000 0.000000000 0.000000000 0.000000000 0.000000000 0.000000000 0.000000000 0.000000000 0.000000000 0.000000000 0.000000000 0.000000000 0.000000000 0.000000000 0.000000000 0.000000000 0.000000000 0.000000000 0.000000000 0.000000000 0.000000000 0.000000000 0.000000000 0.000000000 0.000000000 0.000000000 0.000000000 0.000000000 0.000000000 0.000000000 0.000000000 0.000000000 0.000000000 0.000000000 0.000000000 0.000000000 0.000000000 0.000000000 0.000000000 0.000000000 0.000000000 0.000000000 0.000000000 0.000000000 0.000000000 0.000000000 0.000000000 0.000000000 0.000000000 0.000000000 0.000000000 0.000000000 0.000000000 0.000000000 0.000000000 0.000000000 0.000000000 0.000000000 0.000000000 0.000000000 0.000000000 0.000000000 0.000000000 0.000000000 0.000000000 0.000000000 0.000000000 0.000000000 0.000000000 0.000000000 0.000000000 0.000000000 0.000000000 0.000000000 0.000000000 0.000000000 0.000000000 0.000000000 0.000000000 0.000000000 0.000000000 0.000000000 0.000000000 0.000000000 0.000000000 0.000000000 0.000000000 0.000000000 0.000000000 0.000000000 0.000000000 0.000000000 0.000000000 0.000000000 0.000000000 0.000000000 0.000000000 0.000000000 0.000000000 0.000000000 0.000000000 0.000000000 0.000000000 0.000000000 0.000000000 0.000000000 0.000000000 0.000000000 0.000000000 0.000000000 0.000000000 0.000000000 0.000000000 0.000000000 0.000000000 0.000000000 0.000000000 0.000000000 0.000000000 0.000000000 0.000000000 0.000000000 0.000000000 0.000000000 0.000000000 0.000000000 0.000000000 0.000000000 0.000000000 0.000000000 0.000000000 0.000000000 0.000000000 0.000000000 0.000000000 0.000000000 0.000000000 0.000000000 0.000000000 0.000000000 0.000000000 0.000000000 0.000000000 0.000000000 0.000000000 0.000000000 0.000000000 0.000000000 0.000000000 0.000000000 0.000000000 0.000000000 0.000000000 0.000000000 0.000000000 0.000000000 0.000000000 0.000000000 0.000000000 0.000000000 
0.000000000 0.000000000 0.000000000 0.000000000 0.000000000 0.000000000 0.000000000 0.000000000 0.000000000 0.000000000 0.000000000 0.000000000 0.000000000 0.000000000 0.000000000 0.000000000 0.000000000 0.000000000 0.000000000 0.000000000 0.000000000 0.000000000 0.000000000 0.000000000 0.000000000 0.000000000 0.000000000 0.000000000 0.000000000 0.000000000 0.000000000 0.000000000 0.000000000 0.000000000 0.000000000 0.000000000 0.000000000 0.000000000 0.000000000 0.000000000 0.000000000 0.000000000 0.000000000 0.000000000 0.000000000 0.000000000 0.000000000 0.000000000 0.000000000 0.000000000 0.000000000 0.000000000 0.000000000 0.000000000 0.000000000 0.000000000 0.000000000 0.000000000 0.000000000 0.000000000 0.000000000 0.000000000 0.000000000 0.000000000 0.000000000 0.000000000 0.000000000 0.000000000 0.000000000 0.000000000 0.000000000 0.000000000 0.000000000 0.000000000 0.000000000 0.000000000 0.000000000 0.000000000 0.000000000 0.000000000 0.000000000 0.000000000 0.000000000 0.000000000 0.000000000 0.000000000 0.000000000 0.000000000 0.000000000 0.000000000 0.000000000 0.000000000 0.000000000 0.000000000 0.000000000 0.000000000 0.000000000 0.000000000 0.000000000 0.000000000 0.000000000 0.000000000 0.000000000 0.000000000 0.000000000 0.000000000 0.000000000 0.000000000 0.000000000 0.000000000 0.000000000 0.000000000 0.000000000 0.000000000 0.000000000 0.000000000 0.000000000 0.000000000 0.000000000 0.000000000 0.000000000 0.000000000 0.000000000 0.000000000 0.000000000 0.000000000 0.000000000 0.000000000 0.000000000 0.000000000 0.000000000 0.000000000 0.000000000 0.000000000 0.000000000 0.000000000 0.000000000 0.000000000 0.000000000 0.000000000 0.000000000 0.000000000 0.000000000 0.000000000 0.000000000 0.000000000 0.000000000 0.000000000 0.000000000 0.000000000 0.000000000 0.000000000 0.000000000 0.000000000 0.000000000 0.000000000 0.000000000 0.000000000 0.000000000 0.000000000 0.000000000 0.000000000 0.000000000 0.000000000 0.000000000 0.000000000 0.000000000 0.000000000 0.000000000 0.000000000 0.000000000 0.000000000 0.000000000 0.000000000 0.000000000 0.000000000 0.000000000 0.000000000 0.000000000 0.000000000 0.000000000 0.000000000 0.000000000 0.000000000 0.000000000 0.000000000 0.000000000 0.000000000 0.000000000 0.000000000 0.000000000 0.000000000 0.000000000 0.000000000 0.000000000 0.000000000 0.000000000 0.000000000 0.000000000 0.000000000 0.000000000 0.000000000 0.000000000 0.000000000 0.000000000 0.000000000 0.000000000 0.000000000 0.000000000 0.000000000 0.000000000 0.000000000 0.000000000 0.000000000 0.000000000 0.000000000 0.000000000 0.000000000 0.000000000 0.000000000 0.000000000 0.000000000 0.000000000 0.000000000 0.000000000 0.000000000 0.000000000 0.000000000 0.000000000 0.000000000 0.000000000 0.000000000 0.000000000 0.000000000 0.000000000 0.000000000 0.000000000 0.000000000 0.000000000 0.000000000 0.000000000 0.000000000 0.000000000 0.000000000 0.000000000 0.000000000 0.000000000 0.000000000 0.000000000 0.000000000 0.000000000 0.000000000 0.000000000 0.000000000 0.000000000 0.000000000 0.000000000 
0.000000000 0.000000000 0.000000000 0.000000000 0.000000000 0.000000000 0.000000000 0.000000000 0.000000000 0.000000000 0.000000000 0.000000000 0.000000000 0.000000000 0.000000000 0.000000000 0.000000000 0.000000000 0.000000000 0.000000000 0.000000000 0.000000000 0.000000000 0.000000000 0.000000000 0.000000000 0.000000000 0.000000000 0.000000000 0.000000000 0.000000000 0.000000000 0.000000000 0.000000000 0.000000000 0.000000000 0.000000000 0.000000000 0.000000000 0.000000000 0.000000000 0.000000000 0.000000000 0.000000000 0.000000000 0.000000000 0.000000000 0.000000000 0.000000000 0.000000000 0.000000000 0.000000000 0.000000000 0.000000000 0.000000000 0.000000000 0.000000000 0.000000000 0.000000000 0.000000000 0.000000000 0.000000000 0.000000000 0.000000000 0.000000000 0.000000000 0.000000000 0.000000000 0.000000000 0.000000000 0.000000000 0.000000000 0.000000000 0.000000000 0.000000000 0.000000000 0.000000000 0.000000000 0.000000000 0.000000000 0.000000000 0.000000000 0.000000000 0.000000000 0.000000000 0.000000000 0.000000000 0.000000000 0.000000000 0.000000000 0.000000000 0.000000000 0.000000000 0.000000000 0.000000000 0.000000000 0.000000000 0.000000000 0.000000000 0.000000000 0.000000000 0.000000000 0.000000000 0.000000000 0.000000000 0.000000000 0.000000000 0.000000000 0.000000000 0.000000000 0.000000000 0.000000000 0.000000000 0.000000000 0.000000000 0.000000000 0.000000000 0.000000000 0.000000000 0.000000000 0.000000000 0.000000000 0.000000000 0.000000000 0.000000000 0.000000000 0.000000000 0.000000000 0.000000000 0.000000000 0.000000000 0.000000000 0.000000000 0.000000000 0.000000000 0.000000000 0.000000000 0.000000000 0.000000000 0.000000000 0.000000000 0.000000000 0.000000000 0.000000000 0.000000000 0.000000000 0.000000000 0.000000000 0.000000000 0.000000000 0.000000000 0.000000000 0.000000000 0.000000000 0.000000000 0.000000000 0.000000000 0.000000000 0.000000000 0.000000000 0.000000000 0.000000000 0.000000000 0.000000000 0.000000000 0.000000000 0.000000000 0.000000000 0.000000000 0.000000000 0.000000000 0.000000000 0.000000000 0.000000000 0.000000000 0.000000000 0.000000000 0.000000000 0.000000000 0.000000000 0.000000000 0.000000000 0.000000000 0.000000000 0.000000000 0.000000000 0.000000000 0.000000000 0.000000000 0.000000000 0.000000000 0.000000000 0.000000000 0.000000000 0.000000000 0.000000000 0.000000000 0.000000000 0.000000000 0.000000000 0.000000000 0.000000000 0.000000000 0.000000000 0.000000000 0.000000000 0.000000000 0.000000000 0.000000000 0.000000000 0.000000000 0.000000000 0.000000000 0.000000000 0.000000000 0.000000000 0.000000000 0.000000000 0.000000000 0.000000000 0.000000000 0.000000000 0.000000000 0.000000000 0.000000000 0.000000000 0.000000000 0.000000000 0.000000000 0.000000000 0.000000000 0.000000000 0.000000000 0.000000000 0.000000000 0.000000000 0.000000000 0.000000000 0.000000000 0.000000000 0.000000000 0.000000000 0.000000000 0.000000000 0.000000000 0.000000000 0.000000000 0.000000000 0.000000000 0.000000000 0.000000000 0.000000000 0.000000000 0.000000000 0.000000000 0.000000000 0.000000000 
0.000000000 0.000000000 0.000000000 0.000000000 0.000000000 0.000000000 0.000000000 0.000000000 0.000000000 0.000000000 0.000000000 0.000000000 0.000000000 0.000000000 0.000000000 0.000000000 0.000000000 0.000000000 0.000000000 0.000000000 0.000000000 0.000000000 0.000000000 0.000000000 0.000000000 0.000000000 0.000000000 0.000000000 0.000000000 0.000000000 0.000000000 0.000000000 0.000000000 0.000000000 0.000000000 0.000000000 0.000000000 0.000000000 0.000000000 0.000000000 0.000000000 0.000000000 0.000000000 0.000000000 0.000000000 0.000000000 0.000000000 0.000000000 0.000000000 0.000000000 0.000000000 0.000000000 0.000000000 0.000000000 0.000000000 0.000000000 0.000000000 0.000000000 0.000000000 0.000000000 0.000000000 0.000000000 0.000000000 0.000000000 0.000000000 0.000000000 0.000000000 0.000000000 0.000000000 0.000000000 0.000000000 0.000000000 0.000000000 0.000000000 0.000000000 0.000000000 0.000000000 0.000000000 0.000000000 0.000000000 0.000000000 0.000000000 0.000000000 0.000000000 0.000000000 0.000000000 0.000000000 0.000000000 0.000000000 0.000000000 0.000000000 0.000000000 0.000000000 0.000000000 0.000000000 0.000000000 0.000000000 0.000000000 0.000000000 0.000000000 0.000000000 0.000000000 0.000000000 0.000000000 0.000000000 0.000000000 0.000000000 0.000000000 0.000000000 0.000000000 0.000000000 0.000000000 0.000000000 0.000000000 0.000000000 0.000000000 0.000000000 0.000000000 0.000000000 0.000000000 0.000000000 0.000000000 0.000000000 0.000000000 0.000000000 0.000000000 0.000000000 0.000000000 0.000000000 0.000000000 0.000000000 0.000000000 0.000000000 0.000000000 0.000000000 0.000000000 0.000000000 0.000000000 0.000000000 0.000000000 0.000000000 0.000000000 0.000000000 0.000000000 0.000000000 0.000000000 0.000000000 0.000000000 0.000000000 0.000000000 0.000000000 0.000000000 0.000000000 0.000000000 0.000000000 0.000000000 0.000000000 0.000000000 0.000000000 0.000000000 0.000000000 0.000000000 0.000000000 0.000000000 0.000000000 0.000000000 0.000000000 0.000000000 0.000000000 0.000000000 0.000000000 0.000000000 0.000000000 0.000000000 0.000000000 0.000000000 0.000000000 0.000000000 0.000000000 0.000000000 0.000000000 0.000000000 0.000000000 0.000000000 0.000000000 0.000000000 0.000000000 0.000000000 0.000000000 0.000000000 0.000000000 0.000000000 0.000000000 0.000000000 0.000000000 0.000000000 0.000000000 0.000000000 0.000000000 0.000000000 0.000000000 0.000000000 0.000000000 0.000000000 0.000000000 0.000000000 0.000000000 0.000000000 0.000000000 0.000000000 0.000000000 0.000000000 0.000000000 0.000000000 0.000000000 0.000000000 0.000000000 0.000000000 0.000000000 0.000000000 0.000000000 0.000000000 0.000000000 0.000000000 0.000000000 0.000000000 0.000000000 0.000000000 0.000000000 0.000000000 0.000000000 0.000000000 0.000000000 0.000000000 0.000000000 0.000000000 0.000000000 0.000000000 0.000000000 0.000000000 0.000000000 0.000000000 0.000000000 0.000000000 0.000000000 0.000000000 0.000000000 0.000000000 0.000000000 0.000000000 0.000000000 0.000000000 0.000000000 0.000000000 0.000000000 0.000000000 0.000000000 
0.000000000 0.000000000 0.000000000 0.000000000 0.000000000 0.000000000 0.000000000 0.000000000 0.000000000 0.000000000 0.000000000 0.000000000 0.000000000 0.000000000 0.000000000 0.000000000 0.000000000 0.000000000 0.000000000 0.000000000 0.000000000 0.000000000 0.000000000 0.000000000 0.000000000 0.000000000 0.000000000 0.000000000 0.000000000 0.000000000 0.000000000 0.000000000 0.000000000 0.000000000 0.000000000 0.000000000 0.000000000 0.000000000 0.000000000 0.000000000 0.000000000 0.000000000 0.000000000 0.000000000 0.000000000 0.000000000 0.000000000 0.000000000 0.000000000 0.000000000 0.000000000 0.000000000 0.000000000 0.000000000 0.000000000 0.000000000 0.000000000 0.000000000 0.000000000 0.000000000 0.000000000 0.000000000 0.000000000 0.000000000 0.000000000 0.000000000 0.000000000 0.000000000 0.000000000 0.000000000 0.000000000 0.000000000 0.000000000 0.000000000 0.000000000 0.000000000 0.000000000 0.000000000 0.000000000 0.000000000 0.000000000 0.000000000 0.000000000 0.000000000 0.000000000 0.000000000 0.000000000 0.000000000 0.000000000 0.000000000 0.000000000 0.000000000 0.000000000 0.000000000 0.000000000 0.000000000 0.000000000 0.000000000 0.000000000 0.000000000 0.000000000 0.000000000 0.000000000 0.000000000 0.000000000 0.000000000 0.000000000 0.000000000 0.000000000 0.000000000 0.000000000 0.000000000 0.000000000 0.000000000 0.000000000 0.000000000 0.000000000 0.000000000 0.000000000 0.000000000 0.000000000 0.000000000 0.000000000 0.000000000 0.000000000 0.000000000 0.000000000 0.000000000 0.000000000 0.000000000 0.000000000 0.000000000 0.000000000 0.000000000 0.000000000 0.000000000 0.000000000 0.000000000 0.000000000 0.000000000 0.000000000 0.000000000 0.000000000 0.000000000 0.000000000 0.000000000 0.000000000 0.000000000 0.000000000 0.000000000 0.000000000 0.000000000 0.000000000 0.000000000 0.000000000 0.000000000 0.000000000 0.000000000 0.000000000 0.000000000 0.000000000 0.000000000 0.000000000 0.000000000 0.000000000 0.000000000 0.000000000 0.000000000 0.000000000 0.000000000 0.000000000 0.000000000 0.000000000 0.000000000 0.000000000 0.000000000 0.000000000 0.000000000 0.000000000 0.000000000 0.000000000 0.000000000 0.000000000 0.000000000 0.000000000 0.000000000 0.000000000 0.000000000 0.000000000 0.000000000 0.000000000 0.000000000 0.000000000 0.000000000 0.000000000 0.000000000 0.000000000 0.000000000 0.000000000 0.000000000 0.000000000 0.000000000 0.000000000 0.000000000 0.000000000 0.000000000 0.000000000 0.000000000 0.000000000 0.000000000 0.000000000 0.000000000 0.000000000 0.000000000 0.000000000 0.000000000 0.000000000 0.000000000 0.000000000 0.000000000 0.000000000 0.000000000 0.000000000 0.000000000 0.000000000 0.000000000 0.000000000 0.000000000 0.000000000 0.000000000 0.000000000 0.000000000 0.000000000 0.000000000 0.000000000 0.000000000 0.000000000 0.000000000 0.000000000 0.000000000 0.000000000 0.000000000 0.000000000 0.000000000 0.000000000 0.000000000 0.000000000 0.000000000 0.000000000 0.000000000 0.000000000 0.000000000 0.000000000 0.000000000 0.000000000 0.000000000 0.000000000 
0.000000000 0.000000000 0.000000000 0.000000000 0.000000000 0.000000000 0.000000000 0.000000000 0.000000000 0.000000000 0.000000000 0.000000000 0.000000000 0.000000000 0.000000000 0.000000000 0.000000000 0.000000000 0.000000000 0.000000000 0.000000000 0.000000000 0.000000000 0.000000000 0.000000000 0.000000000 0.000000000 0.000000000 0.000000000 0.000000000 0.000000000 0.000000000 0.000000000 0.000000000 0.000000000 0.000000000 0.000000000 0.000000000 0.000000000 0.000000000 0.000000000 0.000000000 0.000000000 0.000000000 0.000000000 0.000000000 0.000000000 0.000000000 0.000000000 0.000000000 0.000000000 0.000000000 0.000000000 0.000000000 0.000000000 0.000000000 0.000000000 0.000000000 0.000000000 0.000000000 0.000000000 0.000000000 0.000000000 0.000000000 0.000000000 0.000000000 0.000000000 0.000000000 0.000000000 0.000000000 0.000000000 0.000000000 0.000000000 0.000000000 0.000000000 0.000000000 0.000000000 0.000000000 0.000000000 0.000000000 0.000000000 0.000000000 0.000000000 0.000000000 0.000000000 0.000000000 0.000000000 0.000000000 0.000000000 0.000000000 0.000000000 0.000000000 0.000000000 0.000000000 0.000000000 0.000000000 0.000000000 0.000000000 0.000000000 0.000000000 0.000000000 0.000000000 0.000000000 0.000000000 0.000000000 0.000000000 0.000000000 0.000000000 0.000000000 0.000000000 0.000000000 0.000000000 0.000000000 0.000000000 0.000000000 0.000000000 0.000000000 0.000000000 0.000000000 0.000000000 0.000000000 0.000000000 0.000000000 0.000000000 0.000000000 0.000000000 0.000000000 0.000000000 0.000000000 0.000000000 0.000000000 0.000000000 0.000000000 0.000000000 0.000000000 0.000000000 0.000000000 0.000000000 0.000000000 0.000000000 0.000000000 0.000000000 0.000000000 0.000000000 0.000000000 0.000000000 0.000000000 0.000000000 0.000000000 0.000000000 0.000000000 0.000000000 0.000000000 0.000000000 0.000000000 0.000000000 0.000000000 0.000000000 0.000000000 0.000000000 0.000000000 0.000000000 0.000000000 0.000000000 0.000000000 0.000000000 0.000000000 0.000000000 0.000000000 0.000000000 0.000000000 0.000000000 0.000000000 0.000000000 0.000000000 0.000000000 0.000000000 0.000000000 0.000000000 0.000000000 0.000000000 0.000000000 0.000000000 0.000000000 0.000000000 0.000000000 0.000000000 0.000000000 0.000000000 0.000000000 0.000000000 0.000000000 0.000000000 0.000000000 0.000000000 0.000000000 0.000000000 0.000000000 0.000000000 0.000000000 0.000000000 0.000000000 0.000000000 0.000000000 0.000000000 0.000000000 0.000000000 0.000000000 0.000000000 0.000000000 0.000000000 0.000000000 0.000000000 0.000000000 0.000000000 0.000000000 0.000000000 0.000000000 0.000000000 0.000000000 0.000000000 0.000000000 0.000000000 0.000000000 0.000000000 0.000000000 0.000000000 0.000000000 0.000000000 0.000000000 0.000000000 0.000000000 0.000000000 0.000000000 0.000000000 0.000000000 0.000000000 0.000000000 0.000000000 0.000000000 0.000000000 0.000000000 0.000000000 0.000000000 0.000000000 0.000000000 0.000000000 0.000000000 0.000000000 0.000000000 0.000000000 0.000000000 0.000000000 0.000000000 0.000000000 0.000000000 0.000000000 
0.000000000 0.000000000 0.000000000 0.000000000 0.000000000 0.000000000 0.000000000 0.000000000 0.000000000 0.000000000 0.000000000 0.000000000 0.000000000 0.000000000 0.000000000 0.000000000 0.000000000 0.000000000 0.000000000 0.000000000 0.000000000 0.000000000 0.000000000 0.000000000 0.000000000 0.000000000 0.000000000 0.000000000 0.000000000 0.000000000 0.000000000 0.000000000 0.000000000 0.000000000 0.000000000 0.000000000 0.000000000 0.000000000 0.000000000 0.000000000 0.000000000 0.000000000 0.000000000 0.000000000 0.000000000 0.000000000 0.000000000 0.000000000 0.000000000 0.000000000 0.000000000 0.000000000 0.000000000 0.000000000 0.000000000 0.000000000 0.000000000 0.000000000 0.000000000 0.000000000 0.000000000 0.000000000 0.000000000 0.000000000 0.000000000 0.000000000 0.000000000 0.000000000 0.000000000 0.000000000 0.000000000 0.000000000 0.000000000 0.000000000 0.000000000 0.000000000 0.000000000 0.000000000 0.000000000 0.000000000 0.000000000 0.000000000 0.000000000 0.000000000 0.000000000 0.000000000 0.000000000 0.000000000 0.000000000 0.000000000 0.000000000 0.000000000 0.000000000 0.000000000 0.000000000 0.000000000 0.000000000 0.000000000 0.000000000 0.000000000 0.000000000 0.000000000 0.000000000 0.000000000 0.000000000 0.000000000 0.000000000 0.000000000 0.000000000 0.000000000 0.000000000 0.000000000 0.000000000 0.000000000 0.000000000 0.000000000 0.000000000 0.000000000 0.000000000 0.000000000 0.000000000 0.000000000 0.000000000 0.000000000 0.000000000 0.000000000 0.000000000 0.000000000 0.000000000 0.000000000 0.000000000 0.000000000 0.000000000 0.000000000 0.000000000 0.000000000 0.000000000 0.000000000 0.000000000 0.000000000 0.000000000 0.000000000 0.000000000 0.000000000 0.000000000 0.000000000 0.000000000 0.000000000 0.000000000 0.000000000 0.000000000 0.000000000 0.000000000 0.000000000 0.000000000 0.000000000 0.000000000 0.000000000 0.000000000 0.000000000 0.000000000 0.000000000 0.000000000 0.000000000 0.000000000 0.000000000 0.000000000 0.000000000 0.000000000 0.000000000 0.000000000 0.000000000 0.000000000 0.000000000 0.000000000 0.000000000 0.000000000 0.000000000 0.000000000 0.000000000 0.000000000 0.000000000 0.000000000 0.000000000 0.000000000 0.000000000 0.000000000 0.000000000 0.000000000 0.000000000 0.000000000 0.000000000 0.000000000 0.000000000 0.000000000 0.000000000 0.000000000 0.000000000 0.000000000 0.000000000 0.000000000 0.000000000 0.000000000 0.000000000 0.000000000 0.000000000 0.000000000 0.000000000 0.000000000 0.000000000 0.000000000 0.000000000 0.000000000 0.000000000 0.000000000 0.000000000 0.000000000 0.000000000 0.000000000 0.000000000 0.000000000 0.000000000 0.000000000 0.000000000 0.000000000 0.000000000 0.000000000 0.000000000 0.000000000 0.000000000 0.000000000 0.000000000 0.000000000 0.000000000 0.000000000 0.000000000 0.000000000 0.000000000 0.000000000 0.000000000 0.000000000 0.000000000 0.000000000 0.000000000 0.000000000 0.000000000 0.000000000 0.000000000 0.000000000 0.000000000 0.000000000 0.000000000 0.000000000 0.000000000 0.000000000 0.000000000 0.000000000 
0.000000000 0.000000000 0.000000000 0.000000000 0.000000000 0.000000000 0.000000000 0.000000000 0.000000000 0.000000000 0.000000000 0.000000000 0.000000000 0.000000000 0.000000000 0.000000000 0.000000000 0.000000000 0.000000000 0.000000000 0.000000000 0.000000000 0.000000000 0.000000000 0.000000000 0.000000000 0.000000000 0.000000000 0.000000000 0.000000000 0.000000000 0.000000000 0.000000000 0.000000000 0.000000000 0.000000000 0.000000000 0.000000000 0.000000000 0.000000000 0.000000000 0.000000000 0.000000000 0.000000000 0.000000000 0.000000000 0.000000000 0.000000000 0.000000000 0.000000000 0.000000000 0.000000000 0.000000000 0.000000000 0.000000000 0.000000000 0.000000000 0.000000000 0.000000000 0.000000000 0.000000000 0.000000000 0.000000000 0.000000000 0.000000000 0.000000000 0.000000000 0.000000000 0.000000000 0.000000000 0.000000000 0.000000000 0.000000000 0.000000000 0.000000000 0.000000000 0.000000000 0.000000000 0.000000000 0.000000000 0.000000000 0.000000000 0.000000000 0.000000000 0.000000000 0.000000000 0.000000000 0.000000000 0.000000000 0.000000000 0.000000000 0.000000000 0.000000000 0.000000000 0.000000000 0.000000000 0.000000000 0.000000000 0.000000000 0.000000000 0.000000000 0.000000000 0.000000000 0.000000000 0.000000000 0.000000000 0.000000000 0.000000000 0.000000000 0.000000000 0.000000000 0.000000000 0.000000000 0.000000000 0.000000000 0.000000000 0.000000000 0.000000000 0.000000000 0.000000000 0.000000000 0.000000000 0.000000000 0.000000000 0.000000000 0.000000000 0.000000000 0.000000000 0.000000000 0.000000000 0.000000000 0.000000000 0.000000000 0.000000000 0.000000000 0.000000000 0.000000000 0.000000000 0.000000000 0.000000000 0.000000000 0.000000000 0.000000000 0.000000000 0.000000000 0.000000000 0.000000000 0.000000000 0.000000000 0.000000000 0.000000000 0.000000000 0.000000000 0.000000000 0.000000000 0.000000000 0.000000000 0.000000000 0.000000000 0.000000000 0.000000000 0.000000000 0.000000000 0.000000000 0.000000000 0.000000000 0.000000000 0.000000000 0.000000000 0.000000000 0.000000000 0.000000000 0.000000000 0.000000000 0.000000000 0.000000000 0.000000000 0.000000000 0.000000000 0.000000000 0.000000000 0.000000000 0.000000000 0.000000000 0.000000000 0.000000000 0.000000000 0.000000000 0.000000000 0.000000000 0.000000000 0.000000000 0.000000000 0.000000000 0.000000000 0.000000000 0.000000000 0.000000000 0.000000000 0.000000000 0.000000000 0.000000000 0.000000000 0.000000000 0.000000000 0.000000000 0.000000000 0.000000000 0.000000000 0.000000000 0.000000000 0.000000000 0.000000000 0.000000000 0.000000000 0.000000000 0.000000000 0.000000000 0.000000000 0.000000000 0.000000000 0.000000000 0.000000000 0.000000000 0.000000000 0.000000000 0.000000000 0.000000000 0.000000000 0.000000000 0.000000000 0.000000000 0.000000000 0.000000000 0.000000000 0.000000000 0.000000000 0.000000000 0.000000000 0.000000000 0.000000000 0.000000000 0.000000000 0.000000000 0.000000000 0.000000000 0.000000000 0.000000000 0.000000000 0.000000000 0.000000000 0.000000000 0.000000000 0.000000000 0.000000000 0.000000000 0.000000000 
0.000000000 0.000000000 0.000000000 0.000000000 0.000000000 0.000000000 0.000000000 0.000000000 0.000000000 0.000000000 0.000000000 0.000000000 0.000000000 0.000000000 0.000000000 0.000000000 0.000000000 0.000000000 0.000000000 0.000000000 0.000000000 0.000000000 0.000000000 0.000000000 0.000000000 0.000000000 0.000000000 0.000000000 0.000000000 0.000000000 0.000000000 0.000000000 0.000000000 0.000000000 0.000000000 0.000000000 0.000000000 0.000000000 0.000000000 0.000000000 0.000000000 0.000000000 0.000000000 0.000000000 0.000000000 0.000000000 0.000000000 0.000000000 0.000000000 0.000000000 0.000000000 0.000000000 0.000000000 0.000000000 0.000000000 0.000000000 0.000000000 0.000000000 0.000000000 0.000000000 0.000000000 0.000000000 0.000000000 0.000000000 0.000000000 0.000000000 0.000000000 0.000000000 0.000000000 0.000000000 0.000000000 0.000000000 0.000000000 0.000000000 0.000000000 0.000000000 0.000000000 0.000000000 0.000000000 0.000000000 0.000000000 0.000000000 0.000000000 0.000000000 0.000000000 0.000000000 0.000000000 0.000000000 0.000000000 0.000000000 0.000000000 0.000000000 0.000000000 0.000000000 0.000000000 0.000000000 0.000000000 0.000000000 0.000000000 0.000000000 0.000000000 0.000000000 0.000000000 0.000000000 0.000000000 0.000000000 0.000000000 0.000000000 0.000000000 0.000000000 0.000000000 0.000000000 0.000000000 0.000000000 0.000000000 0.000000000 0.000000000 0.000000000 0.000000000 0.000000000 0.000000000 0.000000000 0.000000000 0.000000000 0.000000000 0.000000000 0.000000000 0.000000000 0.000000000 0.000000000 0.000000000 0.000000000 0.000000000 0.000000000 0.000000000 0.000000000 0.000000000 0.000000000 0.000000000 0.000000000 0.000000000 0.000000000 0.000000000 0.000000000 0.000000000 0.000000000 0.000000000 0.000000000 0.000000000 0.000000000 0.000000000 0.000000000 0.000000000 0.000000000 0.000000000 0.000000000 0.000000000 0.000000000 0.000000000 0.000000000 0.000000000 0.000000000 0.000000000 0.000000000 0.000000000 0.000000000 0.000000000 0.000000000 0.000000000 0.000000000 0.000000000 0.000000000 0.000000000 0.000000000 0.000000000 0.000000000 0.000000000 0.000000000 0.000000000 0.000000000 0.000000000 0.000000000 0.000000000 0.000000000 0.000000000 0.000000000 0.000000000 0.000000000 0.000000000 0.000000000 0.000000000 0.000000000 0.000000000 0.000000000 0.000000000 0.000000000 0.000000000 0.000000000 0.000000000 0.000000000 0.000000000 0.000000000 0.000000000 0.000000000 0.000000000 0.000000000 0.000000000 0.000000000 0.000000000 0.000000000 0.000000000 0.000000000 0.000000000 0.000000000 0.000000000 0.000000000 0.000000000 0.000000000 0.000000000 0.000000000 0.000000000 0.000000000 0.000000000 0.000000000 0.000000000 0.000000000 0.000000000 0.000000000 0.000000000 0.000000000 0.000000000 0.000000000 0.000000000 0.000000000 0.000000000 0.000000000 0.000000000 0.000000000 0.000000000 0.000000000 0.000000000 0.000000000 0.000000000 0.000000000 0.000000000 0.000000000 0.000000000 0.000000000 0.000000000 0.000000000 0.000000000 0.000000000 0.000000000 0.000000000 0.000000000 0.000000000 0.000000000 
0.000000000 0.000000000 0.000000000 0.000000000 0.000000000 0.000000000 0.000000000 0.000000000 0.000000000 0.000000000 0.000000000 0.000000000 0.000000000 0.000000000 0.000000000 0.000000000 0.000000000 0.000000000 0.000000000 0.000000000 0.000000000 0.000000000 0.000000000 0.000000000 0.000000000 0.000000000 0.000000000 0.000000000 0.000000000 0.000000000 0.000000000 0.000000000 0.000000000 0.000000000 0.000000000 0.000000000 0.000000000 0.000000000 0.000000000 0.000000000 0.000000000 0.000000000 0.000000000 0.000000000 0.000000000 0.000000000 0.000000000 0.000000000 0.000000000 0.000000000 0.000000000 0.000000000 0.000000000 0.000000000 0.000000000 0.000000000 0.000000000 0.000000000 0.000000000 0.000000000 0.000000000 0.000000000 0.000000000 0.000000000 0.000000000 0.000000000 0.000000000 0.000000000 0.000000000 0.000000000 0.000000000 0.000000000 0.000000000 0.000000000 0.000000000 0.000000000 0.000000000 0.000000000 0.000000000 0.000000000 0.000000000 0.000000000 0.000000000 0.000000000 0.000000000 0.000000000 0.000000000 0.000000000 0.000000000 0.000000000 0.000000000 0.000000000 0.000000000 0.000000000 0.000000000 0.000000000 0.000000000 0.000000000 0.000000000 0.000000000 0.000000000 0.000000000 0.000000000 0.000000000 0.000000000 0.000000000 0.000000000 0.000000000 0.000000000 0.000000000 0.000000000 0.000000000 0.000000000 0.000000000 0.000000000 0.000000000 0.000000000 0.000000000 0.000000000 0.000000000 0.000000000 0.000000000 0.000000000 0.000000000 0.000000000 0.000000000 0.000000000 0.000000000 0.000000000 0.000000000 0.000000000 0.000000000 0.000000000 0.000000000 0.000000000 0.000000000 0.000000000 0.000000000 0.000000000 0.000000000 0.000000000 0.000000000 0.000000000 0.000000000 0.000000000 0.000000000 0.000000000 0.000000000 0.000000000 0.000000000 0.000000000 0.000000000 0.000000000 0.000000000 0.000000000 0.000000000 0.000000000 0.000000000 0.000000000 0.000000000 0.000000000 0.000000000 0.000000000 0.000000000 0.000000000 0.000000000 0.000000000 0.000000000 0.000000000 0.000000000 0.000000000 0.000000000 0.000000000 0.000000000 0.000000000 0.000000000 0.000000000 0.000000000 0.000000000 0.000000000 0.000000000 0.000000000 0.000000000 0.000000000 0.000000000 0.000000000 0.000000000 0.000000000 0.000000000 0.000000000 0.000000000 0.000000000 0.000000000 0.000000000 0.000000000 0.000000000 0.000000000 0.000000000 0.000000000 0.000000000 0.000000000 0.000000000 0.000000000 0.000000000 0.000000000 0.000000000 0.000000000 0.000000000 0.000000000 0.000000000 0.000000000 0.000000000 0.000000000 0.000000000 0.000000000 0.000000000 0.000000000 0.000000000 0.000000000 0.000000000 0.000000000 0.000000000 0.000000000 0.000000000 0.000000000 0.000000000 0.000000000 0.000000000 0.000000000 0.000000000 0.000000000 0.000000000 0.000000000 0.000000000 0.000000000 0.000000000 0.000000000 0.000000000 0.000000000 0.000000000 0.000000000 0.000000000 0.000000000 0.000000000 0.000000000 0.000000000 0.000000000 0.000000000 0.000000000 0.000000000 0.000000000 0.000000000 0.000000000 0.000000000 0.000000000 0.000000000 0.000000000 
0.000000000 0.000000000 0.000000000 0.000000000 0.000000000 0.000000000 0.000000000 0.000000000 0.000000000 0.000000000 0.000000000 0.000000000 0.000000000 0.000000000 0.000000000 0.000000000 0.000000000 0.000000000 0.000000000 0.000000000 0.000000000 0.000000000 0.000000000 0.000000000 0.000000000 0.000000000 0.000000000 0.000000000 0.000000000 0.000000000 0.000000000 0.000000000 0.000000000 0.000000000 0.000000000 0.000000000 0.000000000 0.000000000 0.000000000 0.000000000 0.000000000 0.000000000 0.000000000 0.000000000 0.000000000 0.000000000 0.000000000 0.000000000 0.000000000 0.000000000 0.000000000 0.000000000 0.000000000 0.000000000 0.000000000 0.000000000 0.000000000 0.000000000 0.000000000 0.000000000 0.000000000 0.000000000 0.000000000 0.000000000 0.000000000 0.000000000 0.000000000 0.000000000 0.000000000 0.000000000 0.000000000 0.000000000 0.000000000 0.000000000 0.000000000 0.000000000 0.000000000 0.000000000 0.000000000 0.000000000 0.000000000 0.000000000 0.000000000 0.000000000 0.000000000 0.000000000 0.000000000 0.000000000 0.000000000 0.000000000 0.000000000 0.000000000 0.000000000 0.000000000 0.000000000 0.000000000 0.000000000 0.000000000 0.000000000 0.000000000 0.000000000 0.000000000 0.000000000 0.000000000 0.000000000 0.000000000 0.000000000 0.000000000 0.000000000 0.000000000 0.000000000 0.000000000 0.000000000 0.000000000 0.000000000 0.000000000 0.000000000 0.000000000 0.000000000 0.000000000 0.000000000 0.000000000 0.000000000 0.000000000 0.000000000 0.000000000 0.000000000 0.000000000 0.000000000 0.000000000 0.000000000 0.000000000 0.000000000 0.000000000 0.000000000 0.000000000 0.000000000 0.000000000 0.000000000 0.000000000 0.000000000 0.000000000 0.000000000 0.000000000 0.000000000 0.000000000 0.000000000 0.000000000 0.000000000 0.000000000 0.000000000 0.000000000 0.000000000 0.000000000 0.000000000 0.000000000 0.000000000 0.000000000 0.000000000 0.000000000 0.000000000 0.000000000 0.000000000 0.000000000 0.000000000 0.000000000 0.000000000 0.000000000 0.000000000 0.000000000 0.000000000 0.000000000 0.000000000 0.000000000 0.000000000 0.000000000 0.000000000 0.000000000 0.000000000 0.000000000 0.000000000 0.000000000 0.000000000 0.000000000 0.000000000 0.000000000 0.000000000 0.000000000 0.000000000 0.000000000 0.000000000 0.000000000 0.000000000 0.000000000 0.000000000 0.000000000 0.000000000 0.000000000 0.000000000 0.000000000 0.000000000 0.000000000 0.000000000 0.000000000 0.000000000 0.000000000 0.000000000 0.000000000 0.000000000 0.000000000 0.000000000 0.000000000 0.000000000 0.000000000 0.000000000 0.000000000 0.000000000 0.000000000 0.000000000 0.000000000 0.000000000 0.000000000 0.000000000 0.000000000 0.000000000 0.000000000 0.000000000 0.000000000 0.000000000 0.000000000 0.000000000 0.000000000 0.000000000 0.000000000 0.000000000 0.000000000 0.000000000 0.000000000 0.000000000 0.000000000 0.000000000 0.000000000 0.000000000 0.000000000 0.000000000 0.000000000 0.000000000 0.000000000 0.000000000 0.000000000 0.000000000 0.000000000 0.000000000 0.000000000 0.000000000 0.000000000 0.000000000 
0.000000000 0.000000000 0.000000000 0.000000000 0.000000000 0.000000000 0.000000000 0.000000000 0.000000000 0.000000000 0.000000000 0.000000000 0.000000000 0.000000000 0.000000000 0.000000000 0.000000000 0.000000000 0.000000000 0.000000000 0.000000000 0.000000000 0.000000000 0.000000000 0.000000000 0.000000000 0.000000000 0.000000000 0.000000000 0.000000000 0.000000000 0.000000000 0.000000000 0.000000000 0.000000000 0.000000000 0.000000000 0.000000000 0.000000000 0.000000000 0.000000000 0.000000000 0.000000000 0.000000000 0.000000000 0.000000000 0.000000000 0.000000000 0.000000000 0.000000000 0.000000000 0.000000000 0.000000000 0.000000000 0.000000000 0.000000000 0.000000000 0.000000000 0.000000000 0.000000000 0.000000000 0.000000000 0.000000000 0.000000000 0.000000000 0.000000000 0.000000000 0.000000000 0.000000000 0.000000000 0.000000000 0.000000000 0.000000000 0.000000000 0.000000000 0.000000000 0.000000000 0.000000000 0.000000000 0.000000000 0.000000000 0.000000000 0.000000000 0.000000000 0.000000000 0.000000000 0.000000000 0.000000000 0.000000000 0.000000000 0.000000000 0.000000000 0.000000000 0.000000000 0.000000000 0.000000000 0.000000000 0.000000000 0.000000000 0.000000000 0.000000000 0.000000000 0.000000000 0.000000000 0.000000000 0.000000000 0.000000000 0.000000000 0.000000000 0.000000000 0.000000000 0.000000000 0.000000000 0.000000000 0.000000000 0.000000000 0.000000000 0.000000000 0.000000000 0.000000000 0.000000000 0.000000000 0.000000000 0.000000000 0.000000000 0.000000000 0.000000000 0.000000000 0.000000000 0.000000000 0.000000000 0.000000000 0.000000000 0.000000000 0.000000000 0.000000000 0.000000000 0.000000000 0.000000000 0.000000000 0.000000000 0.000000000 0.000000000 0.000000000 0.000000000 0.000000000 0.000000000 0.000000000 0.000000000 0.000000000 0.000000000 0.000000000 0.000000000 0.000000000 0.000000000 0.000000000 0.000000000 0.000000000 0.000000000 0.000000000 0.000000000 0.000000000 0.000000000 0.000000000 0.000000000 0.000000000 0.000000000 0.000000000 0.000000000 0.000000000 0.000000000 0.000000000 0.000000000 0.000000000 0.000000000 0.000000000 0.000000000 0.000000000 0.000000000 0.000000000 0.000000000 0.000000000 0.000000000 0.000000000 0.000000000 0.000000000 0.000000000 0.000000000 0.000000000 0.000000000 0.000000000 0.000000000 0.000000000 0.000000000 0.000000000 0.000000000 0.000000000 0.000000000 0.000000000 0.000000000 0.000000000 0.000000000 0.000000000 0.000000000 0.000000000 0.000000000 0.000000000 0.000000000 0.000000000 0.000000000 0.000000000 0.000000000 0.000000000 0.000000000 0.000000000 0.000000000 0.000000000 0.000000000 0.000000000 0.000000000 0.000000000 0.000000000 0.000000000 0.000000000 0.000000000 0.000000000 0.000000000 0.000000000 0.000000000 0.000000000 0.000000000 0.000000000 0.000000000 0.000000000 0.000000000 0.000000000 0.000000000 0.000000000 0.000000000 0.000000000 0.000000000 0.000000000 0.000000000 0.000000000 0.000000000 0.000000000 0.000000000 0.000000000 0.000000000 0.000000000 0.000000000 0.000000000 0.000000000 0.000000000 0.000000000 0.000000000 0.000000000 
0.000000000 0.000000000 0.000000000 0.000000000 0.000000000 0.000000000 0.000000000 0.000000000 0.000000000 0.000000000 0.000000000 0.000000000 0.000000000 0.000000000 0.000000000 0.000000000 0.000000000 0.000000000 0.000000000 0.000000000 0.000000000 0.000000000 0.000000000 0.000000000 0.000000000 0.000000000 0.000000000 0.000000000 0.000000000 0.000000000 0.000000000 0.000000000 0.000000000 0.000000000 0.000000000 0.000000000 0.000000000 0.000000000 0.000000000 0.000000000 0.000000000 0.000000000 0.000000000 0.000000000 0.000000000 0.000000000 0.000000000 0.000000000 0.000000000 0.000000000 0.000000000 0.000000000 0.000000000 0.000000000 0.000000000 0.000000000 0.000000000 0.000000000 0.000000000 0.000000000 0.000000000 0.000000000 0.000000000 0.000000000 0.000000000 0.000000000 0.000000000 0.000000000 0.000000000 0.000000000 0.000000000 0.000000000 0.000000000 0.000000000 0.000000000 0.000000000 0.000000000 0.000000000 0.000000000 0.000000000 0.000000000 0.000000000 0.000000000 0.000000000 0.000000000 0.000000000 0.000000000 0.000000000 0.000000000 0.000000000 0.000000000 0.000000000 0.000000000 0.000000000 0.000000000 0.000000000 0.000000000 0.000000000 0.000000000 0.000000000 0.000000000 0.000000000 0.000000000 0.000000000 0.000000000 0.000000000 0.000000000 0.000000000 0.000000000 0.000000000 0.000000000 0.000000000 0.000000000 0.000000000 0.000000000 0.000000000 0.000000000 0.000000000 0.000000000 0.000000000 0.000000000 0.000000000 0.000000000 0.000000000 0.000000000 0.000000000 0.000000000 0.000000000 0.000000000 0.000000000 0.000000000 0.000000000 0.000000000 0.000000000 0.000000000 0.000000000 0.000000000 0.000000000 0.000000000 0.000000000 0.000000000 0.000000000 0.000000000 0.000000000 0.000000000 0.000000000 0.000000000 0.000000000 0.000000000 0.000000000 0.000000000 0.000000000 0.000000000 0.000000000 0.000000000 0.000000000 0.000000000 0.000000000 0.000000000 0.000000000 0.000000000 0.000000000 0.000000000 0.000000000 0.000000000 0.000000000 0.000000000 0.000000000 0.000000000 0.000000000 0.000000000 0.000000000 0.000000000 0.000000000 0.000000000 0.000000000 0.000000000 0.000000000 0.000000000 0.000000000 0.000000000 0.000000000 0.000000000 0.000000000 0.000000000 0.000000000 0.000000000 0.000000000 0.000000000 0.000000000 0.000000000 0.000000000 0.000000000 0.000000000 0.000000000 0.000000000 0.000000000 0.000000000 0.000000000 0.000000000 0.000000000 0.000000000 0.000000000 0.000000000 0.000000000 0.000000000 0.000000000 0.000000000 0.000000000 0.000000000 0.000000000 0.000000000 0.000000000 0.000000000 0.000000000 0.000000000 0.000000000 0.000000000 0.000000000 0.000000000 0.000000000 0.000000000 0.000000000 0.000000000 0.000000000 0.000000000 0.000000000 0.000000000 0.000000000 0.000000000 0.000000000 0.000000000 0.000000000 0.000000000 0.000000000 0.000000000 0.000000000 0.000000000 0.000000000 0.000000000 0.000000000 0.000000000 0.000000000 0.000000000 0.000000000 0.000000000 0.000000000 0.000000000 0.000000000 0.000000000 0.000000000 0.000000000 0.000000000 0.000000000 0.000000000 0.000000000 0.000000000 
0.000000000 0.000000000 0.000000000 0.000000000 0.000000000 0.000000000 0.000000000 0.000000000 0.000000000 0.000000000 0.000000000 0.000000000 0.000000000 0.000000000 0.000000000 0.000000000 0.000000000 0.000000000 0.000000000 0.000000000 0.000000000 0.000000000 0.000000000 0.000000000 0.000000000 0.000000000 0.000000000 0.000000000 0.000000000 0.000000000 0.000000000 0.000000000 0.000000000 0.000000000 0.000000000 0.000000000 0.000000000 0.000000000 0.000000000 0.000000000 0.000000000 0.000000000 0.000000000 0.000000000 0.000000000 0.000000000 0.000000000 0.000000000 0.000000000 0.000000000 0.000000000 0.000000000 0.000000000 0.000000000 0.000000000 0.000000000 0.000000000 0.000000000 0.000000000 0.000000000 0.000000000 0.000000000 0.000000000 0.000000000 0.000000000 0.000000000 0.000000000 0.000000000 0.000000000 0.000000000 0.000000000 0.000000000 0.000000000 0.000000000 0.000000000 0.000000000 0.000000000 0.000000000 0.000000000 0.000000000 0.000000000 0.000000000 0.000000000 0.000000000 0.000000000 0.000000000 0.000000000 0.000000000 0.000000000 0.000000000 0.000000000 0.000000000 0.000000000 0.000000000 0.000000000 0.000000000 0.000000000 0.000000000 0.000000000 0.000000000 0.000000000 0.000000000 0.000000000 0.000000000 0.000000000 0.000000000 0.000000000 0.000000000 0.000000000 0.000000000 0.000000000 0.000000000 0.000000000 0.000000000 0.000000000 0.000000000 0.000000000 0.000000000 0.000000000 0.000000000 0.000000000 0.000000000 0.000000000 0.000000000 0.000000000 0.000000000 0.000000000 0.000000000 0.000000000 0.000000000 0.000000000 0.000000000 0.000000000 0.000000000 0.000000000 0.000000000 0.000000000 0.000000000 0.000000000 0.000000000 0.000000000 0.000000000 0.000000000 0.000000000 0.000000000 0.000000000 0.000000000 0.000000000 0.000000000 0.000000000 0.000000000 0.000000000 0.000000000 0.000000000 0.000000000 0.000000000 0.000000000 0.000000000 0.000000000 0.000000000 0.000000000 0.000000000 0.000000000 0.000000000 0.000000000 0.000000000 0.000000000 0.000000000 0.000000000 0.000000000 0.000000000 0.000000000 0.000000000 0.000000000 0.000000000 0.000000000 0.000000000 0.000000000 0.000000000 0.000000000 0.000000000 0.000000000 0.000000000 0.000000000 0.000000000 0.000000000 0.000000000 0.000000000 0.000000000 0.000000000 0.000000000 0.000000000 0.000000000 0.000000000 0.000000000 0.000000000 0.000000000 0.000000000 0.000000000 0.000000000 0.000000000 0.000000000 0.000000000 0.000000000 0.000000000 0.000000000 0.000000000 0.000000000 0.000000000 0.000000000 0.000000000 0.000000000 0.000000000 0.000000000 0.000000000 0.000000000 0.000000000 0.000000000 0.000000000 0.000000000 0.000000000 0.000000000 0.000000000 0.000000000 0.000000000 0.000000000 0.000000000 0.000000000 0.000000000 0.000000000 0.000000000 0.000000000 0.000000000 0.000000000 0.000000000 0.000000000 0.000000000 0.000000000 0.000000000 0.000000000 0.000000000 0.000000000 0.000000000 0.000000000 0.000000000 0.000000000 0.000000000 0.000000000 0.000000000 0.000000000 0.000000000 0.000000000 0.000000000 0.000000000 0.000000000 0.000000000 0.000000000 
0.000000000 0.000000000 0.000000000 0.000000000 0.000000000 0.000000000 0.000000000 0.000000000 0.000000000 0.000000000 0.000000000 0.000000000 0.000000000 0.000000000 0.000000000 0.000000000 0.000000000 0.000000000 0.000000000 0.000000000 0.000000000 0.000000000 0.000000000 0.000000000 0.000000000 0.000000000 0.000000000 0.000000000 0.000000000 0.000000000 0.000000000 0.000000000 0.000000000 0.000000000 0.000000000 0.000000000 0.000000000 0.000000000 0.000000000 0.000000000 0.000000000 0.000000000 0.000000000 0.000000000 0.000000000 0.000000000 0.000000000 0.000000000 0.000000000 0.000000000 0.000000000 0.000000000 0.000000000 0.000000000 0.000000000 0.000000000 0.000000000 0.000000000 0.000000000 0.000000000 0.000000000 0.000000000 0.000000000 0.000000000 0.000000000 0.000000000 0.000000000 0.000000000 0.000000000 0.000000000 0.000000000 0.000000000 0.000000000 0.000000000 0.000000000 0.000000000 0.000000000 0.000000000 0.000000000 0.000000000 0.000000000 0.000000000 0.000000000 0.000000000 0.000000000 0.000000000 0.000000000 0.000000000 0.000000000 0.000000000 0.000000000 0.000000000 0.000000000 0.000000000 0.000000000 0.000000000 0.000000000 0.000000000 0.000000000 0.000000000 0.000000000 0.000000000 0.000000000 0.000000000 0.000000000 0.000000000 0.000000000 0.000000000 0.000000000 0.000000000 0.000000000 0.000000000 0.000000000 0.000000000 0.000000000 0.000000000 0.000000000 0.000000000 0.000000000 0.000000000 0.000000000 0.000000000 0.000000000 0.000000000 0.000000000 0.000000000 0.000000000 0.000000000 0.000000000 0.000000000 0.000000000 0.000000000 0.000000000 0.000000000 0.000000000 0.000000000 0.000000000 0.000000000 0.000000000 0.000000000 0.000000000 0.000000000 0.000000000 0.000000000 0.000000000 0.000000000 0.000000000 0.000000000 0.000000000 0.000000000 0.000000000 0.000000000 0.000000000 0.000000000 0.000000000 0.000000000 0.000000000 0.000000000 0.000000000 0.000000000 0.000000000 0.000000000 0.000000000 0.000000000 0.000000000 0.000000000 0.000000000 0.000000000 0.000000000 0.000000000 0.000000000 0.000000000 0.000000000 0.000000000 0.000000000 0.000000000 0.000000000 0.000000000 0.000000000 0.000000000 0.000000000 0.000000000 0.000000000 0.000000000 0.000000000 0.000000000 0.000000000 0.000000000 0.000000000 0.000000000 0.000000000 0.000000000 0.000000000 0.000000000 0.000000000 0.000000000 0.000000000 0.000000000 0.000000000 0.000000000 0.000000000 0.000000000 0.000000000 0.000000000 0.000000000 0.000000000 0.000000000 0.000000000 0.000000000 0.000000000 0.000000000 0.000000000 0.000000000 0.000000000 0.000000000 0.000000000 0.000000000 0.000000000 0.000000000 0.000000000 0.000000000 0.000000000 0.000000000 0.000000000 0.000000000 0.000000000 0.000000000 0.000000000 0.000000000 0.000000000 0.000000000 0.000000000 0.000000000 0.000000000 0.000000000 0.000000000 0.000000000 0.000000000 0.000000000 0.000000000 0.000000000 0.000000000 0.000000000 0.000000000 0.000000000 0.000000000 0.000000000 0.000000000 0.000000000 0.000000000 0.000000000 0.000000000 0.000000000 0.000000000 0.000000000 0.000000000 0.000000000 
0.000000000 0.000000000 0.000000000 0.000000000 0.000000000 0.000000000 0.000000000 0.000000000 0.000000000 0.000000000 0.000000000 0.000000000 0.000000000 0.000000000 0.000000000 0.000000000 0.000000000 0.000000000 0.000000000 0.000000000 0.000000000 0.000000000 0.000000000 0.000000000 0.000000000 0.000000000 0.000000000 0.000000000 0.000000000 0.000000000 0.000000000 0.000000000 0.000000000 0.000000000 0.000000000 0.000000000 0.000000000 0.000000000 0.000000000 0.000000000 0.000000000 0.000000000 0.000000000 0.000000000 0.000000000 0.000000000 0.000000000 0.000000000 0.000000000 0.000000000 0.000000000 0.000000000 0.000000000 0.000000000 0.000000000 0.000000000 0.000000000 0.000000000 0.000000000 0.000000000 0.000000000 0.000000000 0.000000000 0.000000000 0.000000000 0.000000000 0.000000000 0.000000000 0.000000000 0.000000000 0.000000000 0.000000000 0.000000000 0.000000000 0.000000000 0.000000000 0.000000000 0.000000000 0.000000000 0.000000000 0.000000000 0.000000000 0.000000000 0.000000000 0.000000000 0.000000000 0.000000000 0.000000000 0.000000000 0.000000000 0.000000000 0.000000000 0.000000000 0.000000000 0.000000000 0.000000000 0.000000000 0.000000000 0.000000000 0.000000000 0.000000000 0.000000000 0.000000000 0.000000000 0.000000000 0.000000000 0.000000000 0.000000000 0.000000000 0.000000000 0.000000000 0.000000000 0.000000000 0.000000000 0.000000000 0.000000000 0.000000000 0.000000000 0.000000000 0.000000000 0.000000000 0.000000000 0.000000000 0.000000000 0.000000000 0.000000000 0.000000000 0.000000000 0.000000000 0.000000000 0.000000000 0.000000000 0.000000000 0.000000000 0.000000000 0.000000000 0.000000000 0.000000000 0.000000000 0.000000000 0.000000000 0.000000000 0.000000000 0.000000000 0.000000000 0.000000000 0.000000000 0.000000000 0.000000000 0.000000000 0.000000000 0.000000000 0.000000000 0.000000000 0.000000000 0.000000000 0.000000000 0.000000000 0.000000000 0.000000000 0.000000000 0.000000000 0.000000000 0.000000000 0.000000000 0.000000000 0.000000000 0.000000000 0.000000000 0.000000000 0.000000000 0.000000000 0.000000000 0.000000000 0.000000000 0.000000000 0.000000000 0.000000000 0.000000000 0.000000000 0.000000000 0.000000000 0.000000000 0.000000000 0.000000000 0.000000000 0.000000000 0.000000000 0.000000000 0.000000000 0.000000000 0.000000000 0.000000000 0.000000000 0.000000000 0.000000000 0.000000000 0.000000000 0.000000000 0.000000000 0.000000000 0.000000000 0.000000000 0.000000000 0.000000000 0.000000000 0.000000000 0.000000000 0.000000000 0.000000000 0.000000000 0.000000000 0.000000000 0.000000000 0.000000000 0.000000000 0.000000000 0.000000000 0.000000000 0.000000000 0.000000000 0.000000000 0.000000000 0.000000000 0.000000000 0.000000000 0.000000000 0.000000000 0.000000000 0.000000000 0.000000000 0.000000000 0.000000000 0.000000000 0.000000000 0.000000000 0.000000000 0.000000000 0.000000000 0.000000000 0.000000000 0.000000000 0.000000000 0.000000000 0.000000000 0.000000000 0.000000000 0.000000000 0.000000000 0.000000000 0.000000000 0.000000000 0.000000000 0.000000000 0.000000000 0.000000000 0.000000000 
0.000000000 0.000000000 0.000000000 0.000000000 0.000000000 0.000000000 0.000000000 0.000000000 0.000000000 0.000000000 0.000000000 0.000000000 0.000000000 0.000000000 0.000000000 0.000000000 0.000000000 0.000000000 0.000000000 0.000000000 0.000000000 0.000000000 0.000000000 0.000000000 0.000000000 0.000000000 0.000000000 0.000000000 0.000000000 0.000000000 0.000000000 0.000000000 0.000000000 0.000000000 0.000000000 0.000000000 0.000000000 0.000000000 0.000000000 0.000000000 0.000000000 0.000000000 0.000000000 0.000000000 0.000000000 0.000000000 0.000000000 0.000000000 0.000000000 0.000000000 0.000000000 0.000000000 0.000000000 0.000000000 0.000000000 0.000000000 0.000000000 0.000000000 0.000000000 0.000000000 0.000000000 0.000000000 0.000000000 0.000000000 0.000000000 0.000000000 0.000000000 0.000000000 0.000000000 0.000000000 0.000000000 0.000000000 0.000000000 0.000000000 0.000000000 0.000000000 0.000000000 0.000000000 0.000000000 0.000000000 0.000000000 0.000000000 0.000000000 0.000000000 0.000000000 0.000000000 0.000000000 0.000000000 0.000000000 0.000000000 0.000000000 0.000000000 0.000000000 0.000000000 0.000000000 0.000000000 0.000000000 0.000000000 0.000000000 0.000000000 0.000000000 0.000000000 0.000000000 0.000000000 0.000000000 0.000000000 0.000000000 0.000000000 0.000000000 0.000000000 0.000000000 0.000000000 0.000000000 0.000000000 0.000000000 0.000000000 0.000000000 0.000000000 0.000000000 0.000000000 0.000000000 0.000000000 0.000000000 0.000000000 0.000000000 0.000000000 0.000000000 0.000000000 0.000000000 0.000000000 0.000000000 0.000000000 0.000000000 0.000000000 0.000000000 0.000000000 0.000000000 0.000000000 0.000000000 0.000000000 0.000000000 0.000000000 0.000000000 0.000000000 0.000000000 0.000000000 0.000000000 0.000000000 0.000000000 0.000000000 0.000000000 0.000000000 0.000000000 0.000000000 0.000000000 0.000000000 0.000000000 0.000000000 0.000000000 0.000000000 0.000000000 0.000000000 0.000000000 0.000000000 0.000000000 0.000000000 0.000000000 0.000000000 0.000000000 0.000000000 0.000000000 0.000000000 0.000000000 0.000000000 0.000000000 0.000000000 0.000000000 0.000000000 0.000000000 0.000000000 0.000000000 0.000000000 0.000000000 0.000000000 0.000000000 0.000000000 0.000000000 0.000000000 0.000000000 0.000000000 0.000000000 0.000000000 0.000000000 0.000000000 0.000000000 0.000000000 0.000000000 0.000000000 0.000000000 0.000000000 0.000000000 0.000000000 0.000000000 0.000000000 0.000000000 0.000000000 0.000000000 0.000000000 0.000000000 0.000000000 0.000000000 0.000000000 0.000000000 0.000000000 0.000000000 0.000000000 0.000000000 0.000000000 0.000000000 0.000000000 0.000000000 0.000000000 0.000000000 0.000000000 0.000000000 0.000000000 0.000000000 0.000000000 0.000000000 0.000000000 0.000000000 0.000000000 0.000000000 0.000000000 0.000000000 0.000000000 0.000000000 0.000000000 0.000000000 0.000000000 0.000000000 0.000000000 0.000000000 0.000000000 0.000000000 0.000000000 0.000000000 0.000000000 0.000000000 0.000000000 0.000000000 0.000000000 0.000000000 0.000000000 0.000000000 0.000000000 0.000000000 
0.000000000 0.000000000 0.000000000 0.000000000 0.000000000 0.000000000 0.000000000 0.000000000 0.000000000 0.000000000 0.000000000 0.000000000 0.000000000 0.000000000 0.000000000 0.000000000 0.000000000 0.000000000 0.000000000 0.000000000 0.000000000 0.000000000 0.000000000 0.000000000 0.000000000 0.000000000 0.000000000 0.000000000 0.000000000 0.000000000 0.000000000 0.000000000 0.000000000 0.000000000 0.000000000 0.000000000 0.000000000 0.000000000 0.000000000 0.000000000 0.000000000 0.000000000 0.000000000 0.000000000 0.000000000 0.000000000 0.000000000 0.000000000 0.000000000 0.000000000 0.000000000 0.000000000 0.000000000 0.000000000 0.000000000 0.000000000 0.000000000 0.000000000 0.000000000 0.000000000 0.000000000 0.000000000 0.000000000 0.000000000 0.000000000 0.000000000 0.000000000 0.000000000 0.000000000 0.000000000 0.000000000 0.000000000 0.000000000 0.000000000 0.000000000 0.000000000 0.000000000 0.000000000 0.000000000 0.000000000 0.000000000 0.000000000 0.000000000 0.000000000 0.000000000 0.000000000 0.000000000 0.000000000 0.000000000 0.000000000 0.000000000 0.000000000 0.000000000 0.000000000 0.000000000 0.000000000 0.000000000 0.000000000 0.000000000 0.000000000 0.000000000 0.000000000 0.000000000 0.000000000 0.000000000 0.000000000 0.000000000 0.000000000 0.000000000 0.000000000 0.000000000 0.000000000 0.000000000 0.000000000 0.000000000 0.000000000 0.000000000 0.000000000 0.000000000 0.000000000 0.000000000 0.000000000 0.000000000 0.000000000 0.000000000 0.000000000 0.000000000 0.000000000 0.000000000 0.000000000 0.000000000 0.000000000 0.000000000 0.000000000 0.000000000 0.000000000 0.000000000 0.000000000 0.000000000 0.000000000 0.000000000 0.000000000 0.000000000 0.000000000 0.000000000 0.000000000 0.000000000 0.000000000 0.000000000 0.000000000 0.000000000 0.000000000 0.000000000 0.000000000 0.000000000 0.000000000 0.000000000 0.000000000 0.000000000 0.000000000 0.000000000 0.000000000 0.000000000 0.000000000 0.000000000 0.000000000 0.000000000 0.000000000 0.000000000 0.000000000 0.000000000 0.000000000 0.000000000 0.000000000 0.000000000 0.000000000 0.000000000 0.000000000 0.000000000 0.000000000 0.000000000 0.000000000 0.000000000 0.000000000 0.000000000 0.000000000 0.000000000 0.000000000 0.000000000 0.000000000 0.000000000 0.000000000 0.000000000 0.000000000 0.000000000 0.000000000 0.000000000 0.000000000 0.000000000 0.000000000 0.000000000 0.000000000 0.000000000 0.000000000 0.000000000 0.000000000 0.000000000 0.000000000 0.000000000 0.000000000 0.000000000 0.000000000 0.000000000 0.000000000 0.000000000 0.000000000 0.000000000 0.000000000 0.000000000 0.000000000 0.000000000 0.000000000 0.000000000 0.000000000 0.000000000 0.000000000 0.000000000 0.000000000 0.000000000 0.000000000 0.000000000 0.000000000 0.000000000 0.000000000 0.000000000 0.000000000 0.000000000 0.000000000 0.000000000 0.000000000 0.000000000 0.000000000 0.000000000 0.000000000 0.000000000 0.000000000 0.000000000 0.000000000 0.000000000 0.000000000 0.000000000 0.000000000 0.000000000 0.000000000 0.000000000 0.000000000 0.000000000 
0.000000000 0.000000000 0.000000000 0.000000000 0.000000000 0.000000000 0.000000000 0.000000000 0.000000000 0.000000000 0.000000000 0.000000000 0.000000000 0.000000000 0.000000000 0.000000000 0.000000000 0.000000000 0.000000000 0.000000000 0.000000000 0.000000000 0.000000000 0.000000000 0.000000000 0.000000000 0.000000000 0.000000000 0.000000000 0.000000000 0.000000000 0.000000000 0.000000000 0.000000000 0.000000000 0.000000000 0.000000000 0.000000000 0.000000000 0.000000000 0.000000000 0.000000000 0.000000000 0.000000000 0.000000000 0.000000000 0.000000000 0.000000000 0.000000000 0.000000000 0.000000000 0.000000000 0.000000000 0.000000000 0.000000000 0.000000000 0.000000000 0.000000000 0.000000000 0.000000000 0.000000000 0.000000000 0.000000000 0.000000000 0.000000000 0.000000000 0.000000000 0.000000000 0.000000000 0.000000000 0.000000000 0.000000000 0.000000000 0.000000000 0.000000000 0.000000000 0.000000000 0.000000000 0.000000000 0.000000000 0.000000000 0.000000000 0.000000000 0.000000000 0.000000000 0.000000000 0.000000000 0.000000000 0.000000000 0.000000000 0.000000000 0.000000000 0.000000000 0.000000000 0.000000000 0.000000000 0.000000000 0.000000000 0.000000000 0.000000000 0.000000000 0.000000000 0.000000000 0.000000000 0.000000000 0.000000000 0.000000000 0.000000000 0.000000000 0.000000000 0.000000000 0.000000000 0.000000000 0.000000000 0.000000000 0.000000000 0.000000000 0.000000000 0.000000000 0.000000000 0.000000000 0.000000000 0.000000000 0.000000000 0.000000000 0.000000000 0.000000000 0.000000000 0.000000000 0.000000000 0.000000000 0.000000000 0.000000000 0.000000000 0.000000000 0.000000000 0.000000000 0.000000000 0.000000000 0.000000000 0.000000000 0.000000000 0.000000000 0.000000000 0.000000000 0.000000000 0.000000000 0.000000000 0.000000000 0.000000000 0.000000000 0.000000000 0.000000000 0.000000000 0.000000000 0.000000000 0.000000000 0.000000000 0.000000000 0.000000000 0.000000000 0.000000000 0.000000000 0.000000000 0.000000000 0.000000000 0.000000000 0.000000000 0.000000000 0.000000000 0.000000000 0.000000000 0.000000000 0.000000000 0.000000000 0.000000000 0.000000000 0.000000000 0.000000000 0.000000000 0.000000000 0.000000000 0.000000000 0.000000000 0.000000000 0.000000000 0.000000000 0.000000000 0.000000000 0.000000000 0.000000000 0.000000000 0.000000000 0.000000000 0.000000000 0.000000000 0.000000000 0.000000000 0.000000000 0.000000000 0.000000000 0.000000000 0.000000000 0.000000000 0.000000000 0.000000000 0.000000000 0.000000000 0.000000000 0.000000000 0.000000000 0.000000000 0.000000000 0.000000000 0.000000000 0.000000000 0.000000000 0.000000000 0.000000000 0.000000000 0.000000000 0.000000000 0.000000000 0.000000000 0.000000000 0.000000000 0.000000000 0.000000000 0.000000000 0.000000000 0.000000000 0.000000000 0.000000000 0.000000000 0.000000000 0.000000000 0.000000000 0.000000000 0.000000000 0.000000000 0.000000000 0.000000000 0.000000000 0.000000000 0.000000000 0.000000000 0.000000000 0.000000000 0.000000000 0.000000000 0.000000000 0.000000000 0.000000000 0.000000000 0.000000000 0.000000000 0.000000000 
0.000000000 0.000000000 0.000000000 0.000000000 0.000000000 0.000000000 0.000000000 0.000000000 0.000000000 0.000000000 0.000000000 0.000000000 0.000000000 0.000000000 0.000000000 0.000000000 0.000000000 0.000000000 0.000000000 0.000000000 0.000000000 0.000000000 0.000000000 0.000000000 0.000000000 0.000000000 0.000000000 0.000000000 0.000000000 0.000000000 0.000000000 0.000000000 0.000000000 0.000000000 0.000000000 0.000000000 0.000000000 0.000000000 0.000000000 0.000000000 0.000000000 0.000000000 0.000000000 0.000000000 0.000000000 0.000000000 0.000000000 0.000000000 0.000000000 0.000000000 0.000000000 0.000000000 0.000000000 0.000000000 0.000000000 0.000000000 0.000000000 0.000000000 0.000000000 0.000000000 0.000000000 0.000000000 0.000000000 0.000000000 0.000000000 0.000000000 0.000000000 0.000000000 0.000000000 0.000000000 0.000000000 0.000000000 0.000000000 0.000000000 0.000000000 0.000000000 0.000000000 0.000000000 0.000000000 0.000000000 0.000000000 0.000000000 0.000000000 0.000000000 0.000000000 0.000000000 0.000000000 0.000000000 0.000000000 0.000000000 0.000000000 0.000000000 0.000000000 0.000000000 0.000000000 0.000000000 0.000000000 0.000000000 0.000000000 0.000000000 0.000000000 0.000000000 0.000000000 0.000000000 0.000000000 0.000000000 0.000000000 0.000000000 0.000000000 0.000000000 0.000000000 0.000000000 0.000000000 0.000000000 0.000000000 0.000000000 0.000000000 0.000000000 0.000000000 0.000000000 0.000000000 0.000000000 0.000000000 0.000000000 0.000000000 0.000000000 0.000000000 0.000000000 0.000000000 0.000000000 0.000000000 0.000000000 0.000000000 0.000000000 0.000000000 0.000000000 0.000000000 0.000000000 0.000000000 0.000000000 0.000000000 0.000000000 0.000000000 0.000000000 0.000000000 0.000000000 0.000000000 0.000000000 0.000000000 0.000000000 0.000000000 0.000000000 0.000000000 0.000000000 0.000000000 0.000000000 0.000000000 0.000000000 0.000000000 0.000000000 0.000000000 0.000000000 0.000000000 0.000000000 0.000000000 0.000000000 0.000000000 0.000000000 0.000000000 0.000000000 0.000000000 0.000000000 0.000000000 0.000000000 0.000000000 0.000000000 0.000000000 0.000000000 0.000000000 0.000000000 0.000000000 0.000000000 0.000000000 0.000000000 0.000000000 0.000000000 0.000000000 0.000000000 0.000000000 0.000000000 0.000000000 0.000000000 0.000000000 0.000000000 0.000000000 0.000000000 0.000000000 0.000000000 0.000000000 0.000000000 0.000000000 0.000000000 0.000000000 0.000000000 0.000000000 0.000000000 0.000000000 0.000000000 0.000000000 0.000000000 0.000000000 0.000000000 0.000000000 0.000000000 0.000000000 0.000000000 0.000000000 0.000000000 0.000000000 0.000000000 0.000000000 0.000000000 0.000000000 0.000000000 0.000000000 0.000000000 0.000000000 0.000000000 0.000000000 0.000000000 0.000000000 0.000000000 0.000000000 0.000000000 0.000000000 0.000000000 0.000000000 0.000000000 0.000000000 0.000000000 0.000000000 0.000000000 0.000000000 0.000000000 0.000000000 0.000000000 0.000000000 0.000000000 0.000000000 0.000000000 0.000000000 0.000000000 0.000000000 0.000000000 0.000000000 0.000000000 0.000000000 
0.000000000 0.000000000 0.000000000 0.000000000 0.000000000 0.000000000 0.000000000 0.000000000 0.000000000 0.000000000 0.000000000 0.000000000 0.000000000 0.000000000 0.000000000 0.000000000 0.000000000 0.000000000 0.000000000 0.000000000 0.000000000 0.000000000 0.000000000 0.000000000 0.000000000 0.000000000 0.000000000 0.000000000 0.000000000 0.000000000 0.000000000 0.000000000 0.000000000 0.000000000 0.000000000 0.000000000 0.000000000 0.000000000 0.000000000 0.000000000 0.000000000 0.000000000 0.000000000 0.000000000 0.000000000 0.000000000 0.000000000 0.000000000 0.000000000 0.000000000 0.000000000 0.000000000 0.000000000 0.000000000 0.000000000 0.000000000 0.000000000 0.000000000 0.000000000 0.000000000 0.000000000 0.000000000 0.000000000 0.000000000 0.000000000 0.000000000 0.000000000 0.000000000 0.000000000 0.000000000 0.000000000 0.000000000 0.000000000 0.000000000 0.000000000 0.000000000 0.000000000 0.000000000 0.000000000 0.000000000 0.000000000 0.000000000 0.000000000 0.000000000 0.000000000 0.000000000 0.000000000 0.000000000 0.000000000 0.000000000 0.000000000 0.000000000 0.000000000 0.000000000 0.000000000 0.000000000 0.000000000 0.000000000 0.000000000 0.000000000 0.000000000 0.000000000 0.000000000 0.000000000 0.000000000 0.000000000 0.000000000 0.000000000 0.000000000 0.000000000 0.000000000 0.000000000 0.000000000 0.000000000 0.000000000 0.000000000 0.000000000 0.000000000 0.000000000 0.000000000 0.000000000 0.000000000 0.000000000 0.000000000 0.000000000 0.000000000 0.000000000 0.000000000 0.000000000 0.000000000 0.000000000 0.000000000 0.000000000 0.000000000 0.000000000 0.000000000 0.000000000 0.000000000 0.000000000 0.000000000 0.000000000 0.000000000 0.000000000 0.000000000 0.000000000 0.000000000 0.000000000 0.000000000 0.000000000 0.000000000 0.000000000 0.000000000 0.000000000 0.000000000 0.000000000 0.000000000 0.000000000 0.000000000 0.000000000 0.000000000 0.000000000 0.000000000 0.000000000 0.000000000 0.000000000 0.000000000 0.000000000 0.000000000 0.000000000 0.000000000 0.000000000 0.000000000 0.000000000 0.000000000 0.000000000 0.000000000 0.000000000 0.000000000 0.000000000 0.000000000 0.000000000 0.000000000 0.000000000 0.000000000 0.000000000 0.000000000 0.000000000 0.000000000 0.000000000 0.000000000 0.000000000 0.000000000 0.000000000 0.000000000 0.000000000 0.000000000 0.000000000 0.000000000 0.000000000 0.000000000 0.000000000 0.000000000 0.000000000 0.000000000 0.000000000 0.000000000 0.000000000 0.000000000 0.000000000 0.000000000 0.000000000 0.000000000 0.000000000 0.000000000 0.000000000 0.000000000 0.000000000 0.000000000 0.000000000 0.000000000 0.000000000 0.000000000 0.000000000 0.000000000 0.000000000 0.000000000 0.000000000 0.000000000 0.000000000 0.000000000 0.000000000 0.000000000 0.000000000 0.000000000 0.000000000 0.000000000 0.000000000 0.000000000 0.000000000 0.000000000 0.000000000 0.000000000 0.000000000 0.000000000 0.000000000 0.000000000 0.000000000 0.000000000 0.000000000 0.000000000 0.000000000 0.000000000 0.000000000 0.000000000 0.000000000 0.000000000 0.000000000 
0.000000000 0.000000000 0.000000000 0.000000000 0.000000000 0.000000000 0.000000000 0.000000000 0.000000000 0.000000000 0.000000000 0.000000000 0.000000000 0.000000000 0.000000000 0.000000000 0.000000000 0.000000000 0.000000000 0.000000000 0.000000000 0.000000000 0.000000000 0.000000000 0.000000000 0.000000000 0.000000000 0.000000000 0.000000000 0.000000000 0.000000000 0.000000000 0.000000000 0.000000000 0.000000000 0.000000000 0.000000000 0.000000000 0.000000000 0.000000000 0.000000000 0.000000000 0.000000000 0.000000000 0.000000000 0.000000000 0.000000000 0.000000000 0.000000000 0.000000000 0.000000000 0.000000000 0.000000000 0.000000000 0.000000000 0.000000000 0.000000000 0.000000000 0.000000000 0.000000000 0.000000000 0.000000000 0.000000000 0.000000000 0.000000000 0.000000000 0.000000000 0.000000000 0.000000000 0.000000000 0.000000000 0.000000000 0.000000000 0.000000000 0.000000000 0.000000000 0.000000000 0.000000000 0.000000000 0.000000000 0.000000000 0.000000000 0.000000000 0.000000000 0.000000000 0.000000000 0.000000000 0.000000000 0.000000000 0.000000000 0.000000000 0.000000000 0.000000000 0.000000000 0.000000000 0.000000000 0.000000000 0.000000000 0.000000000 0.000000000 0.000000000 0.000000000 0.000000000 0.000000000 0.000000000 0.000000000 0.000000000 0.000000000 0.000000000 0.000000000 0.000000000 0.000000000 0.000000000 0.000000000 0.000000000 0.000000000 0.000000000 0.000000000 0.000000000 0.000000000 0.000000000 0.000000000 0.000000000 0.000000000 0.000000000 0.000000000 0.000000000 0.000000000 0.000000000 0.000000000 0.000000000 0.000000000 0.000000000 0.000000000 0.000000000 0.000000000 0.000000000 0.000000000 0.000000000 0.000000000 0.000000000 0.000000000 0.000000000 0.000000000 0.000000000 0.000000000 0.000000000 0.000000000 0.000000000 0.000000000 0.000000000 0.000000000 0.000000000 0.000000000 0.000000000 0.000000000 0.000000000 0.000000000 0.000000000 0.000000000 0.000000000 0.000000000 0.000000000 0.000000000 0.000000000 0.000000000 0.000000000 0.000000000 0.000000000 0.000000000 0.000000000 0.000000000 0.000000000 0.000000000 0.000000000 0.000000000 0.000000000 0.000000000 0.000000000 0.000000000 0.000000000 0.000000000 0.000000000 0.000000000 0.000000000 0.000000000 0.000000000 0.000000000 0.000000000 0.000000000 0.000000000 0.000000000 0.000000000 0.000000000 0.000000000 0.000000000 0.000000000 0.000000000 0.000000000 0.000000000 0.000000000 0.000000000 0.000000000 0.000000000 0.000000000 0.000000000 0.000000000 0.000000000 0.000000000 0.000000000 0.000000000 0.000000000 0.000000000 0.000000000 0.000000000 0.000000000 0.000000000 0.000000000 0.000000000 0.000000000 0.000000000 0.000000000 0.000000000 0.000000000 0.000000000 0.000000000 0.000000000 0.000000000 0.000000000 0.000000000 0.000000000 0.000000000 0.000000000 0.000000000 0.000000000 0.000000000 0.000000000 0.000000000 0.000000000 0.000000000 0.000000000 0.000000000 0.000000000 0.000000000 0.000000000 0.000000000 0.000000000 0.000000000 0.000000000 0.000000000 0.000000000 0.000000000 0.000000000 0.000000000 0.000000000 0.000000000 0.000000000 
0.000000000 0.000000000 0.000000000 0.000000000 0.000000000 0.000000000 0.000000000 0.000000000 0.000000000 0.000000000 0.000000000 0.000000000 0.000000000 0.000000000 0.000000000 0.000000000 0.000000000 0.000000000 0.000000000 0.000000000 0.000000000 0.000000000 0.000000000 0.000000000 0.000000000 0.000000000 0.000000000 0.000000000 0.000000000 0.000000000 0.000000000 0.000000000 0.000000000 0.000000000 0.000000000 0.000000000 0.000000000 0.000000000 0.000000000 0.000000000 0.000000000 0.000000000 0.000000000 0.000000000 0.000000000 0.000000000 0.000000000 0.000000000 0.000000000 0.000000000 0.000000000 0.000000000 0.000000000 0.000000000 0.000000000 0.000000000 0.000000000 0.000000000 0.000000000 0.000000000 0.000000000 0.000000000 0.000000000 0.000000000 0.000000000 0.000000000 0.000000000 0.000000000 0.000000000 0.000000000 0.000000000 0.000000000 0.000000000 0.000000000 0.000000000 0.000000000 0.000000000 0.000000000 0.000000000 0.000000000 0.000000000 0.000000000 0.000000000 0.000000000 0.000000000 0.000000000 0.000000000 0.000000000 0.000000000 0.000000000 0.000000000 0.000000000 0.000000000 0.000000000 0.000000000 0.000000000 0.000000000 0.000000000 0.000000000 0.000000000 0.000000000 0.000000000 0.000000000 0.000000000 0.000000000 0.000000000 0.000000000 0.000000000 0.000000000 0.000000000 0.000000000 0.000000000 0.000000000 0.000000000 0.000000000 0.000000000 0.000000000 0.000000000 0.000000000 0.000000000 0.000000000 0.000000000 0.000000000 0.000000000 0.000000000 0.000000000 0.000000000 0.000000000 0.000000000 0.000000000 0.000000000 0.000000000 0.000000000 0.000000000 0.000000000 0.000000000 0.000000000 0.000000000 0.000000000 0.000000000 0.000000000 0.000000000 0.000000000 0.000000000 0.000000000 0.000000000 0.000000000 0.000000000 0.000000000 0.000000000 0.000000000 0.000000000 0.000000000 0.000000000 0.000000000 0.000000000 0.000000000 0.000000000 0.000000000 0.000000000 0.000000000 0.000000000 0.000000000 0.000000000 0.000000000 0.000000000 0.000000000 0.000000000 0.000000000 0.000000000 0.000000000 0.000000000 0.000000000 0.000000000 0.000000000 0.000000000 0.000000000 0.000000000 0.000000000 0.000000000 0.000000000 0.000000000 0.000000000 0.000000000 0.000000000 0.000000000 0.000000000 0.000000000 0.000000000 0.000000000 0.000000000 0.000000000 0.000000000 0.000000000 0.000000000 0.000000000 0.000000000 0.000000000 0.000000000 0.000000000 0.000000000 0.000000000 0.000000000 0.000000000 0.000000000 0.000000000 0.000000000 0.000000000 0.000000000 0.000000000 0.000000000 0.000000000 0.000000000 0.000000000 0.000000000 0.000000000 0.000000000 0.000000000 0.000000000 0.000000000 0.000000000 0.000000000 0.000000000 0.000000000 0.000000000 0.000000000 0.000000000 0.000000000 0.000000000 0.000000000 0.000000000 0.000000000 0.000000000 0.000000000 0.000000000 0.000000000 0.000000000 0.000000000 0.000000000 0.000000000 0.000000000 0.000000000 0.000000000 0.000000000 0.000000000 0.000000000 0.000000000 0.000000000 0.000000000 0.000000000 0.000000000 0.000000000 0.000000000 0.000000000 0.000000000 0.000000000 0.000000000 
0.000000000 0.000000000 0.000000000 0.000000000 0.000000000 0.000000000 0.000000000 0.000000000 0.000000000 0.000000000 0.000000000 0.000000000 0.000000000 0.000000000 0.000000000 0.000000000 0.000000000 0.000000000 0.000000000 0.000000000 0.000000000 0.000000000 0.000000000 0.000000000 0.000000000 0.000000000 0.000000000 0.000000000 0.000000000 0.000000000 0.000000000 0.000000000 0.000000000 0.000000000 0.000000000 0.000000000 0.000000000 0.000000000 0.000000000 0.000000000 0.000000000 0.000000000 0.000000000 0.000000000 0.000000000 0.000000000 0.000000000 0.000000000 0.000000000 0.000000000 0.000000000 0.000000000 0.000000000 0.000000000 0.000000000 0.000000000 0.000000000 0.000000000 0.000000000 0.000000000 0.000000000 0.000000000 0.000000000 0.000000000 0.000000000 0.000000000 0.000000000 0.000000000 0.000000000 0.000000000 0.000000000 0.000000000 0.000000000 0.000000000 0.000000000 0.000000000 0.000000000 0.000000000 0.000000000 0.000000000 0.000000000 0.000000000 0.000000000 0.000000000 0.000000000 0.000000000 0.000000000 0.000000000 0.000000000 0.000000000 0.000000000 0.000000000 0.000000000 0.000000000 0.000000000 0.000000000 0.000000000 0.000000000 0.000000000 0.000000000 0.000000000 0.000000000 0.000000000 0.000000000 0.000000000 0.000000000 0.000000000 0.000000000 0.000000000 0.000000000 0.000000000 0.000000000 0.000000000 0.000000000 0.000000000 0.000000000 0.000000000 0.000000000 0.000000000 0.000000000 0.000000000 0.000000000 0.000000000 0.000000000 0.000000000 0.000000000 0.000000000 0.000000000 0.000000000 0.000000000 0.000000000 0.000000000 0.000000000 0.000000000 0.000000000 0.000000000 0.000000000 0.000000000 0.000000000 0.000000000 0.000000000 0.000000000 0.000000000 0.000000000 0.000000000 0.000000000 0.000000000 0.000000000 0.000000000 0.000000000 0.000000000 0.000000000 0.000000000 0.000000000 0.000000000 0.000000000 0.000000000 0.000000000 0.000000000 0.000000000 0.000000000 0.000000000 0.000000000 0.000000000 0.000000000 0.000000000 0.000000000 0.000000000 0.000000000 0.000000000 0.000000000 0.000000000 0.000000000 0.000000000 0.000000000 0.000000000 0.000000000 0.000000000 0.000000000 0.000000000 0.000000000 0.000000000 0.000000000 0.000000000 0.000000000 0.000000000 0.000000000 0.000000000 0.000000000 0.000000000 0.000000000 0.000000000 0.000000000 0.000000000 0.000000000 0.000000000 0.000000000 0.000000000 0.000000000 0.000000000 0.000000000 0.000000000 0.000000000 0.000000000 0.000000000 0.000000000 0.000000000 0.000000000 0.000000000 0.000000000 0.000000000 0.000000000 0.000000000 0.000000000 0.000000000 0.000000000 0.000000000 0.000000000 0.000000000 0.000000000 0.000000000 0.000000000 0.000000000 0.000000000 0.000000000 0.000000000 0.000000000 0.000000000 0.000000000 0.000000000 0.000000000 0.000000000 0.000000000 0.000000000 0.000000000 0.000000000 0.000000000 0.000000000 0.000000000 0.000000000 0.000000000 0.000000000 0.000000000 0.000000000 0.000000000 0.000000000 0.000000000 0.000000000 0.000000000 0.000000000 0.000000000 0.000000000 0.000000000 0.000000000 0.000000000 0.000000000 0.000000000 
0.000000000 0.000000000 0.000000000 0.000000000 0.000000000 0.000000000 0.000000000 0.000000000 0.000000000 0.000000000 0.000000000 0.000000000 0.000000000 0.000000000 0.000000000 0.000000000 0.000000000 0.000000000 0.000000000 0.000000000 0.000000000 0.000000000 0.000000000 0.000000000 0.000000000 0.000000000 0.000000000 0.000000000 0.000000000 0.000000000 0.000000000 0.000000000 0.000000000 0.000000000 0.000000000 0.000000000 0.000000000 0.000000000 0.000000000 0.000000000 0.000000000 0.000000000 0.000000000 0.000000000 0.000000000 0.000000000 0.000000000 0.000000000 0.000000000 0.000000000 0.000000000 0.000000000 0.000000000 0.000000000 0.000000000 0.000000000 0.000000000 0.000000000 0.000000000 0.000000000 0.000000000 0.000000000 0.000000000 0.000000000 0.000000000 0.000000000 0.000000000 0.000000000 0.000000000 0.000000000 0.000000000 0.000000000 0.000000000 0.000000000 0.000000000 0.000000000 0.000000000 0.000000000 0.000000000 0.000000000 0.000000000 0.000000000 0.000000000 0.000000000 0.000000000 0.000000000 0.000000000 0.000000000 0.000000000 0.000000000 0.000000000 0.000000000 0.000000000 0.000000000 0.000000000 0.000000000 0.000000000 0.000000000 0.000000000 0.000000000 0.000000000 0.000000000 0.000000000 0.000000000 0.000000000 0.000000000 0.000000000 0.000000000 0.000000000 0.000000000 0.000000000 0.000000000 0.000000000 0.000000000 0.000000000 0.000000000 0.000000000 0.000000000 0.000000000 0.000000000 0.000000000 0.000000000 0.000000000 0.000000000 0.000000000 0.000000000 0.000000000 0.000000000 0.000000000 0.000000000 0.000000000 0.000000000 0.000000000 0.000000000 0.000000000 0.000000000 0.000000000 0.000000000 0.000000000 0.000000000 0.000000000 0.000000000 0.000000000 0.000000000 0.000000000 0.000000000 0.000000000 0.000000000 0.000000000 0.000000000 0.000000000 0.000000000 0.000000000 0.000000000 0.000000000 0.000000000 0.000000000 0.000000000 0.000000000 0.000000000 0.000000000 0.000000000 0.000000000 0.000000000 0.000000000 0.000000000 0.000000000 0.000000000 0.000000000 0.000000000 0.000000000 0.000000000 0.000000000 0.000000000 0.000000000 0.000000000 0.000000000 0.000000000 0.000000000 0.000000000 0.000000000 0.000000000 0.000000000 0.000000000 0.000000000 0.000000000 0.000000000 0.000000000 0.000000000 0.000000000 0.000000000 0.000000000 0.000000000 0.000000000 0.000000000 0.000000000 0.000000000 0.000000000 0.000000000 0.000000000 0.000000000 0.000000000 0.000000000 0.000000000 0.000000000 0.000000000 0.000000000 0.000000000 0.000000000 0.000000000 0.000000000 0.000000000 0.000000000 0.000000000 0.000000000 0.000000000 0.000000000 0.000000000 0.000000000 0.000000000 0.000000000 0.000000000 0.000000000 0.000000000 0.000000000 0.000000000 0.000000000 0.000000000 0.000000000 0.000000000 0.000000000 0.000000000 0.000000000 0.000000000 0.000000000 0.000000000 0.000000000 0.000000000 0.000000000 0.000000000 0.000000000 0.000000000 0.000000000 0.000000000 0.000000000 0.000000000 0.000000000 0.000000000 0.000000000 0.000000000 0.000000000 0.000000000 0.000000000 0.000000000 0.000000000 0.000000000 0.000000000 
0.000000000 0.000000000 0.000000000 0.000000000 0.000000000 0.000000000 0.000000000 0.000000000 0.000000000 0.000000000 0.000000000 0.000000000 0.000000000 0.000000000 0.000000000 0.000000000 0.000000000 0.000000000 0.000000000 0.000000000 0.000000000 0.000000000 0.000000000 0.000000000 0.000000000 0.000000000 0.000000000 0.000000000 0.000000000 0.000000000 0.000000000 0.000000000 0.000000000 0.000000000 0.000000000 0.000000000 0.000000000 0.000000000 0.000000000 0.000000000 0.000000000 0.000000000 0.000000000 0.000000000 0.000000000 0.000000000 0.000000000 0.000000000 0.000000000 0.000000000 0.000000000 0.000000000 0.000000000 0.000000000 0.000000000 0.000000000 0.000000000 0.000000000 0.000000000 0.000000000 0.000000000 0.000000000 0.000000000 0.000000000 0.000000000 0.000000000 0.000000000 0.000000000 0.000000000 0.000000000 0.000000000 0.000000000 0.000000000 0.000000000 0.000000000 0.000000000 0.000000000 0.000000000 0.000000000 0.000000000 0.000000000 0.000000000 0.000000000 0.000000000 0.000000000 0.000000000 0.000000000 0.000000000 0.000000000 0.000000000 0.000000000 0.000000000 0.000000000 0.000000000 0.000000000 0.000000000 0.000000000 0.000000000 0.000000000 0.000000000 0.000000000 0.000000000 0.000000000 0.000000000 0.000000000 0.000000000 0.000000000 0.000000000 0.000000000 0.000000000 0.000000000 0.000000000 0.000000000 0.000000000 0.000000000 0.000000000 0.000000000 0.000000000 0.000000000 0.000000000 0.000000000 0.000000000 0.000000000 0.000000000 0.000000000 0.000000000 0.000000000 0.000000000 0.000000000 0.000000000 0.000000000 0.000000000 0.000000000 0.000000000 0.000000000 0.000000000 0.000000000 0.000000000 0.000000000 0.000000000 0.000000000 0.000000000 0.000000000 0.000000000 0.000000000 0.000000000 0.000000000 0.000000000 0.000000000 0.000000000 0.000000000 0.000000000 0.000000000 0.000000000 0.000000000 0.000000000 0.000000000 0.000000000 0.000000000 0.000000000 0.000000000 0.000000000 0.000000000 0.000000000 0.000000000 0.000000000 0.000000000 0.000000000 0.000000000 0.000000000 0.000000000 0.000000000 0.000000000 0.000000000 0.000000000 0.000000000 0.000000000 0.000000000 0.000000000 0.000000000 0.000000000 0.000000000 0.000000000 0.000000000 0.000000000 0.000000000 0.000000000 0.000000000 0.000000000 0.000000000 0.000000000 0.000000000 0.000000000 0.000000000 0.000000000 0.000000000 0.000000000 0.000000000 0.000000000 0.000000000 0.000000000 0.000000000 0.000000000 0.000000000 0.000000000 0.000000000 0.000000000 0.000000000 0.000000000 0.000000000 0.000000000 0.000000000 0.000000000 0.000000000 0.000000000 0.000000000 0.000000000 0.000000000 0.000000000 0.000000000 0.000000000 0.000000000 0.000000000 0.000000000 0.000000000 0.000000000 0.000000000 0.000000000 0.000000000 0.000000000 0.000000000 0.000000000 0.000000000 0.000000000 0.000000000 0.000000000 0.000000000 0.000000000 0.000000000 0.000000000 0.000000000 0.000000000 0.000000000 0.000000000 0.000000000 0.000000000 0.000000000 0.000000000 0.000000000 0.000000000 0.000000000 0.000000000 0.000000000 0.000000000 0.000000000 0.000000000 0.000000000 
0.000000000 0.000000000 0.000000000 0.000000000 0.000000000 0.000000000 0.000000000 0.000000000 0.000000000 0.000000000 0.000000000 0.000000000 0.000000000 0.000000000 0.000000000 0.000000000 0.000000000 0.000000000 0.000000000 0.000000000 0.000000000 0.000000000 0.000000000 0.000000000 0.000000000 0.000000000 0.000000000 0.000000000 0.000000000 0.000000000 0.000000000 0.000000000 0.000000000 0.000000000 0.000000000 0.000000000 0.000000000 0.000000000 0.000000000 0.000000000 0.000000000 0.000000000 0.000000000 0.000000000 0.000000000 0.000000000 0.000000000 0.000000000 0.000000000 0.000000000 0.000000000 0.000000000 0.000000000 0.000000000 0.000000000 0.000000000 0.000000000 0.000000000 0.000000000 0.000000000 0.000000000 0.000000000 0.000000000 0.000000000 0.000000000 0.000000000 0.000000000 0.000000000 0.000000000 0.000000000 0.000000000 0.000000000 0.000000000 0.000000000 0.000000000 0.000000000 0.000000000 0.000000000 0.000000000 0.000000000 0.000000000 0.000000000 0.000000000 0.000000000 0.000000000 0.000000000 0.000000000 0.000000000 0.000000000 0.000000000 0.000000000 0.000000000 0.000000000 0.000000000 0.000000000 0.000000000 0.000000000 0.000000000 0.000000000 0.000000000 0.000000000 0.000000000 0.000000000 0.000000000 0.000000000 0.000000000 0.000000000 0.000000000 0.000000000 0.000000000 0.000000000 0.000000000 0.000000000 0.000000000 0.000000000 0.000000000 0.000000000 0.000000000 0.000000000 0.000000000 0.000000000 0.000000000 0.000000000 0.000000000 0.000000000 0.000000000 0.000000000 0.000000000 0.000000000 0.000000000 0.000000000 0.000000000 0.000000000 0.000000000 0.000000000 0.000000000 0.000000000 0.000000000 0.000000000 0.000000000 0.000000000 0.000000000 0.000000000 0.000000000 0.000000000 0.000000000 0.000000000 0.000000000 0.000000000 0.000000000 0.000000000 0.000000000 0.000000000 0.000000000 0.000000000 0.000000000 0.000000000 0.000000000 0.000000000 0.000000000 0.000000000 0.000000000 0.000000000 0.000000000 0.000000000 0.000000000 0.000000000 0.000000000 0.000000000 0.000000000 0.000000000 0.000000000 0.000000000 0.000000000 0.000000000 0.000000000 0.000000000 0.000000000 0.000000000 0.000000000 0.000000000 0.000000000 0.000000000 0.000000000 0.000000000 0.000000000 0.000000000 0.000000000 0.000000000 0.000000000 0.000000000 0.000000000 0.000000000 0.000000000 0.000000000 0.000000000 0.000000000 0.000000000 0.000000000 0.000000000 0.000000000 0.000000000 0.000000000 0.000000000 0.000000000 0.000000000 0.000000000 0.000000000 0.000000000 0.000000000 0.000000000 0.000000000 0.000000000 0.000000000 0.000000000 0.000000000 0.000000000 0.000000000 0.000000000 0.000000000 0.000000000 0.000000000 0.000000000 0.000000000 0.000000000 0.000000000 0.000000000 0.000000000 0.000000000 0.000000000 0.000000000 0.000000000 0.000000000 0.000000000 0.000000000 0.000000000 0.000000000 0.000000000 0.000000000 0.000000000 0.000000000 0.000000000 0.000000000 0.000000000 0.000000000 0.000000000 0.000000000 0.000000000 0.000000000 0.000000000 0.000000000 0.000000000 0.000000000 0.000000000 0.000000000 0.000000000 0.000000000 
0.000000000 0.000000000 0.000000000 0.000000000 0.000000000 0.000000000 0.000000000 0.000000000 0.000000000 0.000000000 0.000000000 0.000000000 0.000000000 0.000000000 0.000000000 0.000000000 0.000000000 0.000000000 0.000000000 0.000000000 0.000000000 0.000000000 0.000000000 0.000000000 0.000000000 0.000000000 0.000000000 0.000000000 0.000000000 0.000000000 0.000000000 0.000000000 0.000000000 0.000000000 0.000000000 0.000000000 0.000000000 0.000000000 0.000000000 0.000000000 0.000000000 0.000000000 0.000000000 0.000000000 0.000000000 0.000000000 0.000000000 0.000000000 0.000000000 0.000000000 0.000000000 0.000000000 0.000000000 0.000000000 0.000000000 0.000000000 0.000000000 0.000000000 0.000000000 0.000000000 0.000000000 0.000000000 0.000000000 0.000000000 0.000000000 0.000000000 0.000000000 0.000000000 0.000000000 0.000000000 0.000000000 0.000000000 0.000000000 0.000000000 0.000000000 0.000000000 0.000000000 0.000000000 0.000000000 0.000000000 0.000000000 0.000000000 0.000000000 0.000000000 0.000000000 0.000000000 0.000000000 0.000000000 0.000000000 0.000000000 0.000000000 0.000000000 0.000000000 0.000000000 0.000000000 0.000000000 0.000000000 0.000000000 0.000000000 0.000000000 0.000000000 0.000000000 0.000000000 0.000000000 0.000000000 0.000000000 0.000000000 0.000000000 0.000000000 0.000000000 0.000000000 0.000000000 0.000000000 0.000000000 0.000000000 0.000000000 0.000000000 0.000000000 0.000000000 0.000000000 0.000000000 0.000000000 0.000000000 0.000000000 0.000000000 0.000000000 0.000000000 0.000000000 0.000000000 0.000000000 0.000000000 0.000000000 0.000000000 0.000000000 0.000000000 0.000000000 0.000000000 0.000000000 0.000000000 0.000000000 0.000000000 0.000000000 0.000000000 0.000000000 0.000000000 0.000000000 0.000000000 0.000000000 0.000000000 0.000000000 0.000000000 0.000000000 0.000000000 0.000000000 0.000000000 0.000000000 0.000000000 0.000000000 0.000000000 0.000000000 0.000000000 0.000000000 0.000000000 0.000000000 0.000000000 0.000000000 0.000000000 0.000000000 0.000000000 0.000000000 0.000000000 0.000000000 0.000000000 0.000000000 0.000000000 0.000000000 0.000000000 0.000000000 0.000000000 0.000000000 0.000000000 0.000000000 0.000000000 0.000000000 0.000000000 0.000000000 0.000000000 0.000000000 0.000000000 0.000000000 0.000000000 0.000000000 0.000000000 0.000000000 0.000000000 0.000000000 0.000000000 0.000000000 0.000000000 0.000000000 0.000000000 0.000000000 0.000000000 0.000000000 0.000000000 0.000000000 0.000000000 0.000000000 0.000000000 0.000000000 0.000000000 0.000000000 0.000000000 0.000000000 0.000000000 0.000000000 0.000000000 0.000000000 0.000000000 0.000000000 0.000000000 0.000000000 0.000000000 0.000000000 0.000000000 0.000000000 0.000000000 0.000000000 0.000000000 0.000000000 0.000000000 0.000000000 0.000000000 0.000000000 0.000000000 0.000000000 0.000000000 0.000000000 0.000000000 0.000000000 0.000000000 0.000000000 0.000000000 0.000000000 0.000000000 0.000000000 0.000000000 0.000000000 0.000000000 0.000000000 0.000000000 0.000000000 0.000000000 0.000000000 0.000000000 0.000000000 0.000000000 
0.000000000 0.000000000 0.000000000 0.000000000 0.000000000 0.000000000 0.000000000 0.000000000 0.000000000 0.000000000 0.000000000 0.000000000 0.000000000 0.000000000 0.000000000 0.000000000 0.000000000 0.000000000 0.000000000 0.000000000 0.000000000 0.000000000 0.000000000 0.000000000 0.000000000 0.000000000 0.000000000 0.000000000 0.000000000 0.000000000 0.000000000 0.000000000 0.000000000 0.000000000 0.000000000 0.000000000 0.000000000 0.000000000 0.000000000 0.000000000 0.000000000 0.000000000 0.000000000 0.000000000 0.000000000 0.000000000 0.000000000 0.000000000 0.000000000 0.000000000 0.000000000 0.000000000 0.000000000 0.000000000 0.000000000 0.000000000 0.000000000 0.000000000 0.000000000 0.000000000 0.000000000 0.000000000 0.000000000 0.000000000 0.000000000 0.000000000 0.000000000 0.000000000 0.000000000 0.000000000 0.000000000 0.000000000 0.000000000 0.000000000 0.000000000 0.000000000 0.000000000 0.000000000 0.000000000 0.000000000 0.000000000 0.000000000 0.000000000 0.000000000 0.000000000 0.000000000 0.000000000 0.000000000 0.000000000 0.000000000 0.000000000 0.000000000 0.000000000 0.000000000 0.000000000 0.000000000 0.000000000 0.000000000 0.000000000 0.000000000 0.000000000 0.000000000 0.000000000 0.000000000 0.000000000 0.000000000 0.000000000 0.000000000 0.000000000 0.000000000 0.000000000 0.000000000 0.000000000 0.000000000 0.000000000 0.000000000 0.000000000 0.000000000 0.000000000 0.000000000 0.000000000 0.000000000 0.000000000 0.000000000 0.000000000 0.000000000 0.000000000 0.000000000 0.000000000 0.000000000 0.000000000 0.000000000 0.000000000 0.000000000 0.000000000 0.000000000 0.000000000 0.000000000 0.000000000 0.000000000 0.000000000 0.000000000 0.000000000 0.000000000 0.000000000 0.000000000 0.000000000 0.000000000 0.000000000 0.000000000 0.000000000 0.000000000 0.000000000 0.000000000 0.000000000 0.000000000 0.000000000 0.000000000 0.000000000 0.000000000 0.000000000 0.000000000 0.000000000 0.000000000 0.000000000 0.000000000 0.000000000 0.000000000 0.000000000 0.000000000 0.000000000 0.000000000 0.000000000 0.000000000 0.000000000 0.000000000 0.000000000 0.000000000 0.000000000 0.000000000 0.000000000 0.000000000 0.000000000 0.000000000 0.000000000 0.000000000 0.000000000 0.000000000 0.000000000 0.000000000 0.000000000 0.000000000 0.000000000 0.000000000 0.000000000 0.000000000 0.000000000 0.000000000 0.000000000 0.000000000 0.000000000 0.000000000 0.000000000 0.000000000 0.000000000 0.000000000 0.000000000 0.000000000 0.000000000 0.000000000 0.000000000 0.000000000 0.000000000 0.000000000 0.000000000 0.000000000 0.000000000 0.000000000 0.000000000 0.000000000 0.000000000 0.000000000 0.000000000 0.000000000 0.000000000 0.000000000 0.000000000 0.000000000 0.000000000 0.000000000 0.000000000 0.000000000 0.000000000 0.000000000 0.000000000 0.000000000 0.000000000 0.000000000 0.000000000 0.000000000 0.000000000 0.000000000 0.000000000 0.000000000 0.000000000 0.000000000 0.000000000 0.000000000 0.000000000 0.000000000 0.000000000 0.000000000 0.000000000 0.000000000 0.000000000 0.000000000 0.000000000 
0.000000000 0.000000000 0.000000000 0.000000000 0.000000000 0.000000000 0.000000000 0.000000000 0.000000000 0.000000000 0.000000000 0.000000000 0.000000000 0.000000000 0.000000000 0.000000000 0.000000000 0.000000000 0.000000000 0.000000000 0.000000000 0.000000000 0.000000000 0.000000000 0.000000000 0.000000000 0.000000000 0.000000000 0.000000000 0.000000000 0.000000000 0.000000000 0.000000000 0.000000000 0.000000000 0.000000000 0.000000000 0.000000000 0.000000000 0.000000000 0.000000000 0.000000000 0.000000000 0.000000000 0.000000000 0.000000000 0.000000000 0.000000000 0.000000000 0.000000000 0.000000000 0.000000000 0.000000000 0.000000000 0.000000000 0.000000000 0.000000000 0.000000000 0.000000000 0.000000000 0.000000000 0.000000000 0.000000000 0.000000000 0.000000000 0.000000000 0.000000000 0.000000000 0.000000000 0.000000000 0.000000000 0.000000000 0.000000000 0.000000000 0.000000000 0.000000000 0.000000000 0.000000000 0.000000000 0.000000000 0.000000000 0.000000000 0.000000000 0.000000000 0.000000000 0.000000000 0.000000000 0.000000000 0.000000000 0.000000000 0.000000000 0.000000000 0.000000000 0.000000000 0.000000000 0.000000000 0.000000000 0.000000000 0.000000000 0.000000000 0.000000000 0.000000000 0.000000000 0.000000000 0.000000000 0.000000000 0.000000000 0.000000000 0.000000000 0.000000000 0.000000000 0.000000000 0.000000000 0.000000000 0.000000000 0.000000000 0.000000000 0.000000000 0.000000000 0.000000000 0.000000000 0.000000000 0.000000000 0.000000000 0.000000000 0.000000000 0.000000000 0.000000000 0.000000000 0.000000000 0.000000000 0.000000000 0.000000000 0.000000000 0.000000000 0.000000000 0.000000000 0.000000000 0.000000000 0.000000000 0.000000000 0.000000000 0.000000000 0.000000000 0.000000000 0.000000000 0.000000000 0.000000000 0.000000000 0.000000000 0.000000000 0.000000000 0.000000000 0.000000000 0.000000000 0.000000000 0.000000000 0.000000000 0.000000000 0.000000000 0.000000000 0.000000000 0.000000000 0.000000000 0.000000000 0.000000000 0.000000000 0.000000000 0.000000000 0.000000000 0.000000000 0.000000000 0.000000000 0.000000000 0.000000000 0.000000000 0.000000000 0.000000000 0.000000000 0.000000000 0.000000000 0.000000000 0.000000000 0.000000000 0.000000000 0.000000000 0.000000000 0.000000000 0.000000000 0.000000000 0.000000000 0.000000000 0.000000000 0.000000000 0.000000000 0.000000000 0.000000000 0.000000000 0.000000000 0.000000000 0.000000000 0.000000000 0.000000000 0.000000000 0.000000000 0.000000000 0.000000000 0.000000000 0.000000000 0.000000000 0.000000000 0.000000000 0.000000000 0.000000000 0.000000000 0.000000000 0.000000000 0.000000000 0.000000000 0.000000000 0.000000000 0.000000000 0.000000000 0.000000000 0.000000000 0.000000000 0.000000000 0.000000000 0.000000000 0.000000000 0.000000000 0.000000000 0.000000000 0.000000000 0.000000000 0.000000000 0.000000000 0.000000000 0.000000000 0.000000000 0.000000000 0.000000000 0.000000000 0.000000000 0.000000000 0.000000000 0.000000000 0.000000000 0.000000000 0.000000000 0.000000000 0.000000000 0.000000000 0.000000000 0.000000000 0.000000000 0.000000000 
0.000000000 0.000000000 0.000000000 0.000000000 0.000000000 0.000000000 0.000000000 0.000000000 0.000000000 0.000000000 0.000000000 0.000000000 0.000000000 0.000000000 0.000000000 0.000000000 0.000000000 0.000000000 0.000000000 0.000000000 0.000000000 0.000000000 0.000000000 0.000000000 0.000000000 0.000000000 0.000000000 0.000000000 0.000000000 0.000000000 0.000000000 0.000000000 0.000000000 0.000000000 0.000000000 0.000000000 0.000000000 0.000000000 0.000000000 0.000000000 0.000000000 0.000000000 0.000000000 0.000000000 0.000000000 0.000000000 0.000000000 0.000000000 0.000000000 0.000000000 0.000000000 0.000000000 0.000000000 0.000000000 0.000000000 0.000000000 0.000000000 0.000000000 0.000000000 0.000000000 0.000000000 0.000000000 0.000000000 0.000000000 0.000000000 0.000000000 0.000000000 0.000000000 0.000000000 0.000000000 0.000000000 0.000000000 0.000000000 0.000000000 0.000000000 0.000000000 0.000000000 0.000000000 0.000000000 0.000000000 0.000000000 0.000000000 0.000000000 0.000000000 0.000000000 0.000000000 0.000000000 0.000000000 0.000000000 0.000000000 0.000000000 0.000000000 0.000000000 0.000000000 0.000000000 0.000000000 0.000000000 0.000000000 0.000000000 0.000000000 0.000000000 0.000000000 0.000000000 0.000000000 0.000000000 0.000000000 0.000000000 0.000000000 0.000000000 0.000000000 0.000000000 0.000000000 0.000000000 0.000000000 0.000000000 0.000000000 0.000000000 0.000000000 0.000000000 0.000000000 0.000000000 0.000000000 0.000000000 0.000000000 0.000000000 0.000000000 0.000000000 0.000000000 0.000000000 0.000000000 0.000000000 0.000000000 0.000000000 0.000000000 0.000000000 0.000000000 0.000000000 0.000000000 0.000000000 0.000000000 0.000000000 0.000000000 0.000000000 0.000000000 0.000000000 0.000000000 0.000000000 0.000000000 0.000000000 0.000000000 0.000000000 0.000000000 0.000000000 0.000000000 0.000000000 0.000000000 0.000000000 0.000000000 0.000000000 0.000000000 0.000000000 0.000000000 0.000000000 0.000000000 0.000000000 0.000000000 0.000000000 0.000000000 0.000000000 0.000000000 0.000000000 0.000000000 0.000000000 0.000000000 0.000000000 0.000000000 0.000000000 0.000000000 0.000000000 0.000000000 0.000000000 0.000000000 0.000000000 0.000000000 0.000000000 0.000000000 0.000000000 0.000000000 0.000000000 0.000000000 0.000000000 0.000000000 0.000000000 0.000000000 0.000000000 0.000000000 0.000000000 0.000000000 0.000000000 0.000000000 0.000000000 0.000000000 0.000000000 0.000000000 0.000000000 0.000000000 0.000000000 0.000000000 0.000000000 0.000000000 0.000000000 0.000000000 0.000000000 0.000000000 0.000000000 0.000000000 0.000000000 0.000000000 0.000000000 0.000000000 0.000000000 0.000000000 0.000000000 0.000000000 0.000000000 0.000000000 0.000000000 0.000000000 0.000000000 0.000000000 0.000000000 0.000000000 0.000000000 0.000000000 0.000000000 0.000000000 0.000000000 0.000000000 0.000000000 0.000000000 0.000000000 0.000000000 0.000000000 0.000000000 0.000000000 0.000000000 0.000000000 0.000000000 0.000000000 0.000000000 0.000000000 0.000000000 0.000000000 0.000000000 0.000000000 0.000000000 0.000000000 
0.054687500 0.054687500 0.054687500 0.054687500 0.054687500 0.054687500 0.050781250 0.050781250 0.050781250 0.050781250 0.046875000 0.046875000 0.046875000 0.042968750 0.042968750 0.039062500 0.039062500 0.039062500 0.035156250 0.035156250 0.031250000 0.031250000 0.027343750 0.027343750 0.023437500 0.019531250 0.019531250 0.015625000 0.015625000 0.011718750 0.011718750 0.007812500 0.007812500 0.007812500 0.003906250 0.003906250 0.000000000 0.000000000 0.003906250 0.003906250 0.003906250 0.003906250 0.007812500 0.007812500 0.007812500 0.007812500 0.011718750 0.011718750 0.011718750 0.011718750 0.011718750 0.011718750 0.011718750 0.011718750 0.011718750 0.011718750 0.011718750 0.011718750 0.011718750 0.011718750 0.011718750 0.007812500 0.007812500 0.007812500 0.007812500 0.007812500 0.003906250 0.003906250 0.003906250 0.003906250 0.003906250 0.000000000 0.000000000 0.000000000 0.000000000 0.000000000 0.003906250 0.003906250 0.003906250 0.003906250 0.003906250 0.003906250 0.003906250 0.007812500 0.007812500 0.007812500 0.007812500 0.007812500 0.007812500 0.007812500 0.007812500 0.007812500 0.007812500 0.007812500 0.007812500 0.007812500 0.007812500 0.007812500 0.003906250 0.003906250 0.003906250 0.003906250 0.003906250 0.003906250 0.003906250 0.003906250 0.003906250 0.000000000 0.000000000 0.000000000 0.000000000 0.000000000 0.000000000 0.000000000 0.003906250 0.003906250 0.003906250 0.003906250 0.003906250 0.003906250 0.003906250 0.003906250 0.003906250 0.003906250 0.003906250 0.003906250 0.003906250 0.003906250 0.003906250 0.003906250 0.003906250 0.003906250 0.003906250 0.003906250 0.003906250 0.003906250 0.003906250 0.003906250 0.003906250 0.003906250 0.003906250 0.003906250 0.000000000 0.000000000 0.000000000 0.000000000 0.000000000 0.000000000 0.000000000 0.000000000 0.000000000 0.000000000 0.003906250 0.003906250 0.003906250 0.003906250 0.003906250 0.003906250 0.003906250 0.003906250 0.003906250 0.003906250 0.003906250 0.003906250 0.003906250 0.003906250 0.003906250 0.003906250 0.003906250 0.003906250 0.003906250 0.003906250 0.003906250 0.003906250 0.003906250 0.003906250 0.003906250 0.003906250 0.000000000 0.000000000 0.000000000 0.000000000 0.000000000 0.000000000 0.000000000 0.000000000 0.000000000 0.000000000 0.000000000 0.003906250 0.003906250 0.003906250 0.003906250 0.003906250 0.003906250 0.003906250 0.003906250 0.003906250 0.003906250 0.003906250 0.003906250 0.003906250 0.003906250 0.003906250 0.003906250 0.003906250 0.003906250 0.003906250 0.003906250 0.003906250 0.003906250 0.003906250 0.003906250 0.003906250 0.000000000 0.000000000 0.000000000 0.000000000 0.000000000 0.000000000 0.000000000 0.000000000 0.000000000 0.000000000 0.000000000 0.000000000 0.003906250 0.003906250 0.003906250 0.003906250 0.003906250 0.003906250 0.003906250 0.003906250 0.003906250 0.003906250 0.003906250 0.003906250 0.003906250 0.003906250 0.003906250 0.003906250 0.003906250 0.003906250 0.003906250 0.003906250 0.003906250 0.003906250 0.003906250 0.003906250 0.000000000 0.000000000 0.000000000 0.000000000 0.000000000 0.000000000 0.000000000 
3.152343750 3.351562500 3.992187500 4.726562500 5.304687500 5.957031250 6.523437500 6.507812500 5.878906250 5.003906250 4.328125000 4.398437500 4.964843750 5.136718750 4.640625000 3.832031250 3.003906250 2.332031250 2.015625000 1.863281250 1.640625000 1.457031250 1.269531250 0.964843750 0.714843750 0.589843750 0.429687500 0.347656250 0.410156250 0.492187500 0.546875000 0.503906250 0.429687500 0.433593750 0.453125000 0.457031250 0.457031250 0.437500000 0.402343750 0.351562500 0.304687500 0.273437500 0.222656250 0.191406250 0.195312500 0.164062500 0.156250000 0.203125000 0.257812500 0.316406250 0.328125000 0.304687500 0.339843750 0.406250000 0.445312500 0.484375000 0.484375000 0.414062500 0.328125000 0.292968750 0.292968750 0.332031250 0.414062500 0.500000000 0.550781250 0.566406250 0.582031250 0.648437500 0.792968750 0.976562500 1.097656250 1.101562500 1.042968750 1.066406250 1.253906250 1.503906250 1.648437500 1.601562500 1.359375000 1.015625000 0.859375000 1.062500000 1.328125000 1.437500000 1.347656250 1.125000000 0.953125000 0.914062500 0.851562500 0.691406250 0.488281250 0.339843750 0.355468750 0.414062500 0.398437500 0.339843750 0.316406250 0.433593750 0.671875000 0.871093750 0.957031250 0.988281250 1.027343750 1.105468750 1.183593750 1.214843750 1.218750000 1.269531250 1.390625000 1.539062500 1.664062500 1.710937500 1.644531250 1.476562500 1.304687500 1.257812500 1.328125000 1.367187500 1.296875000 1.121093750 0.898437500 0.773437500 0.820312500 0.937500000 1.011718750 0.992187500 0.855468750 0.664062500 0.515625000 0.425781250 0.386718750 0.378906250 0.347656250 0.300781250 0.253906250 0.203125000 0.187500000 0.199218750 0.183593750 0.148437500 0.140625000 0.144531250 0.144531250 0.136718750 0.121093750 0.121093750 0.117187500 0.105468750 0.097656250 0.093750000 0.089843750 0.082031250 0.070312500 0.074218750 0.070312500 0.058593750 0.054687500 0.054687500 0.058593750 0.070312500 0.070312500 0.058593750 0.050781250 0.031250000 0.035156250 0.062500000 0.066406250 0.050781250 0.035156250 0.027343750 0.046875000 0.058593750 0.046875000 0.046875000 0.054687500 0.042968750 0.023437500 0.019531250 0.031250000 0.046875000 0.046875000 0.039062500 0.035156250 0.035156250 0.031250000 0.027343750 0.023437500 0.027343750 0.027343750 0.023437500 0.023437500 0.023437500 0.035156250 0.050781250 0.042968750 0.027343750 0.027343750 0.023437500 0.027343750 0.035156250 0.031250000 0.031250000 0.031250000 0.019531250 0.027343750 0.039062500 0.031250000 0.027343750 0.039062500 0.042968750 0.039062500 0.031250000 0.019531250 0.027343750 0.035156250 0.035156250 0.035156250 0.031250000 0.023437500 0.027343750 0.035156250 0.039062500 0.031250000 0.019531250 0.027343750 0.027343750 0.023437500 0.027343750 0.035156250 0.039062500 0.035156250 0.023437500 0.019531250 0.031250000 0.023437500 0.023437500 0.035156250 0.031250000 0.031250000 0.031250000 0.023437500 0.015625000 0.023437500 0.023437500 0.027343750 0.027343750 0.023437500 0.035156250 0.042968750 0.035156250 0.019531250 0.019531250 0.031250000 0.035156250 0.031250000 0.023437500 0.019531250 
2.773437500 3.460937500 4.664062500 8.625000000 9.523437500 3.601562500 7.949218750 13.109375000 6.035156250 7.187500000 15.425781250 15.714843750 11.179687500 12.320312500 13.539062500 8.242187500 3.160156250 3.367187500 3.308593750 1.769531250 2.214843750 1.980468750 1.046875000 1.273437500 0.816406250 1.117187500 1.054687500 0.984375000 1.460937500 0.960937500 1.011718750 1.050781250 0.792968750 0.687500000 0.898437500 0.585937500 0.484375000 0.625000000 0.449218750 0.609375000 0.632812500 0.625000000 0.714843750 0.597656250 0.601562500 0.582031250 0.410156250 0.468750000 0.308593750 0.347656250 0.566406250 0.421875000 0.812500000 1.164062500 0.585937500 0.781250000 1.480468750 0.933593750 0.679687500 0.847656250 0.484375000 0.207031250 0.460937500 0.761718750 0.914062500 0.406250000 1.523437500 1.902343750 1.074218750 1.976562500 3.070312500 1.785156250 2.679687500 3.925781250 2.757812500 1.742187500 6.015625000 6.515625000 2.957031250 0.972656250 3.402343750 3.804687500 1.445312500 1.753906250 1.910156250 0.562500000 0.566406250 0.816406250 0.480468750 0.507812500 0.445312500 0.730468750 0.414062500 0.917968750 1.289062500 1.078125000 0.460937500 1.273437500 1.222656250 0.121093750 0.519531250 0.347656250 0.542968750 0.566406250 0.699218750 1.292968750 0.917968750 1.761718750 3.015625000 2.476562500 1.003906250 4.972656250 6.058593750 2.980468750 2.460937500 4.667968750 3.406250000 1.085937500 5.203125000 5.500000000 2.390625000 1.402343750 3.871093750 3.437500000 0.804687500 1.878906250 1.742187500 1.000000000 0.949218750 1.031250000 0.910156250 0.800781250 0.773437500 0.628906250 0.625000000 0.546875000 0.578125000 0.492187500 0.480468750 0.453125000 0.429687500 0.421875000 0.421875000 0.367187500 0.375000000 0.398437500 0.371093750 0.375000000 0.363281250 0.351562500 0.343750000 0.332031250 0.339843750 0.339843750 0.320312500 0.304687500 0.320312500 0.308593750 0.332031250 0.300781250 0.328125000 0.300781250 0.300781250 0.308593750 0.285156250 0.300781250 0.269531250 0.285156250 0.269531250 0.277343750 0.242187500 0.269531250 0.246093750 0.238281250 0.238281250 0.230468750 0.242187500 0.210937500 0.277343750 0.273437500 0.312500000 0.316406250 0.347656250 0.339843750 0.304687500 0.316406250 0.316406250 0.312500000 0.320312500 0.308593750 0.265625000 0.273437500 0.242187500 0.222656250 0.156250000 0.183593750 0.199218750 0.195312500 0.199218750 0.214843750 0.222656250 0.203125000 0.210937500 0.199218750 0.218750000 0.183593750 0.207031250 0.226562500 0.210937500 0.222656250 0.207031250 0.218750000 0.214843750 0.222656250 0.199218750 0.195312500 0.195312500 0.203125000 0.207031250 0.191406250 0.210937500 0.214843750 0.195312500 0.179687500 0.203125000 0.210937500 0.203125000 0.207031250 0.187500000 0.183593750 0.203125000 0.234375000 0.183593750 0.179687500 0.214843750 0.207031250 0.191406250 0.191406250 0.207031250 0.179687500 0.191406250 0.191406250 0.191406250 0.179687500 0.175781250 0.203125000 0.203125000 0.175781250 0.210937500 0.191406250 0.203125000 0.183593750 0.207031250 0.183593750 0.183593750 0.171875000 0.195312500 
1.050781250 2.125000000 3.121093750 12.488281250 16.554687500 3.621093750 2.261718750 21.632812500 4.554687500 3.898437500 24.320312500 23.507812500 7.132812500 14.292968750 18.722656250 4.960937500 3.125000000 2.542968750 2.230468750 0.882812500 0.804687500 0.812500000 0.574218750 0.562500000 0.621093750 0.871093750 0.609375000 0.308593750 0.792968750 0.093750000 0.273437500 0.300781250 0.515625000 0.269531250 0.156250000 0.738281250 0.140625000 0.191406250 0.394531250 0.058593750 0.210937500 0.199218750 0.371093750 0.261718750 0.191406250 0.335937500 0.214843750 0.105468750 0.246093750 0.597656250 0.574218750 0.496093750 0.718750000 1.183593750 0.410156250 0.160156250 1.492187500 0.863281250 0.589843750 0.429687500 1.550781250 0.867187500 0.578125000 2.519531250 1.585937500 1.257812500 1.714843750 2.812500000 1.605468750 1.039062500 3.886718750 3.039062500 2.300781250 3.757812500 5.937500000 3.425781250 2.976562500 11.667968750 5.750000000 4.234375000 2.128906250 5.332031250 1.207031250 0.210937500 2.410156250 0.308593750 0.265625000 0.671875000 0.144531250 0.722656250 0.656250000 1.117187500 1.175781250 1.058593750 1.195312500 1.964843750 0.894531250 0.203125000 2.675781250 1.242187500 0.714843750 1.089843750 0.632812500 0.429687500 0.359375000 1.679687500 1.542968750 1.601562500 3.433593750 6.792968750 3.902343750 3.722656250 9.265625000 5.839843750 5.039062500 3.441406250 6.867187500 3.117187500 3.890625000 8.136718750 3.296875000 3.695312500 3.023437500 4.253906250 1.566406250 1.628906250 0.855468750 0.441406250 0.464843750 0.332031250 0.183593750 0.082031250 0.207031250 0.093750000 0.031250000 0.171875000 0.218750000 0.085937500 0.058593750 0.078125000 0.062500000 0.125000000 0.125000000 0.070312500 0.066406250 0.062500000 0.066406250 0.042968750 0.039062500 0.054687500 0.042968750 0.039062500 0.019531250 0.062500000 0.050781250 0.074218750 0.050781250 0.066406250 0.039062500 0.046875000 0.078125000 0.039062500 0.027343750 0.054687500 0.062500000 0.074218750 0.027343750 0.015625000 0.027343750 0.054687500 0.046875000 0.046875000 0.042968750 0.019531250 0.062500000 0.031250000 0.062500000 0.140625000 0.019531250 0.113281250 0.183593750 0.085937500 0.113281250 0.191406250 0.117187500 0.042968750 0.109375000 0.183593750 0.203125000 0.074218750 0.097656250 0.148437500 0.105468750 0.042968750 0.148437500 0.035156250 0.011718750 0.035156250 0.027343750 0.003906250 0.050781250 0.050781250 0.050781250 0.039062500 0.027343750 0.027343750 0.031250000 0.039062500 0.046875000 0.039062500 0.031250000 0.035156250 0.019531250 0.039062500 0.062500000 0.015625000 0.023437500 0.015625000 0.019531250 0.023437500 0.035156250 0.050781250 0.015625000 0.019531250 0.027343750 0.019531250 0.007812500 0.031250000 0.027343750 0.031250000 0.031250000 0.039062500 0.039062500 0.003906250 0.050781250 0.031250000 0.058593750 0.031250000 0.011718750 0.062500000 0.023437500 0.015625000 0.023437500 0.011718750 0.039062500 0.015625000 0.046875000 0.035156250 0.011718750 0.039062500 0.039062500 0.042968750 0.046875000 0.027343750 0.015625000 0.031250000 0.027343750 
2.542968750 3.757812500 5.371093750 17.972656250 19.300781250 4.453125000 2.953125000 27.113281250 4.816406250 10.980468750 26.324218750 23.890625000 6.207031250 13.265625000 25.160156250 2.527343750 3.601562500 4.003906250 0.550781250 0.703125000 0.414062500 1.269531250 0.562500000 0.796875000 0.902343750 0.445312500 0.453125000 0.285156250 1.507812500 0.378906250 0.652343750 0.945312500 0.152343750 0.285156250 0.226562500 0.539062500 0.054687500 0.242187500 0.335937500 0.046875000 0.160156250 0.082031250 0.339843750 0.113281250 0.277343750 0.371093750 0.238281250 0.292968750 0.121093750 0.875000000 0.207031250 0.453125000 0.558593750 1.042968750 0.093750000 0.773437500 2.054687500 0.613281250 0.382812500 0.445312500 2.023437500 0.285156250 1.195312500 3.878906250 0.726562500 3.000000000 3.917968750 2.960937500 1.484375000 2.648437500 5.191406250 1.281250000 4.429687500 5.207031250 4.902343750 3.027343750 3.062500000 16.113281250 1.957031250 6.636718750 2.960937500 5.128906250 1.812500000 2.019531250 3.324218750 0.691406250 0.656250000 0.996093750 0.378906250 0.328125000 1.437500000 2.222656250 0.199218750 2.027343750 2.343750000 1.042968750 1.253906250 1.656250000 3.851562500 0.824218750 2.285156250 2.175781250 0.417968750 0.492187500 0.828125000 2.246093750 2.507812500 5.062500000 6.175781250 4.542968750 8.371093750 2.542968750 12.636718750 3.906250000 6.046875000 5.242187500 4.886718750 5.566406250 2.386718750 9.062500000 3.718750000 6.835937500 4.152343750 3.015625000 2.339843750 1.003906250 1.757812500 0.332031250 0.289062500 1.136718750 0.343750000 0.453125000 0.691406250 0.539062500 0.613281250 0.835937500 0.511718750 0.531250000 0.472656250 0.382812500 0.394531250 0.402343750 0.320312500 0.363281250 0.343750000 0.300781250 0.339843750 0.300781250 0.316406250 0.292968750 0.218750000 0.214843750 0.234375000 0.304687500 0.269531250 0.304687500 0.269531250 0.226562500 0.269531250 0.250000000 0.210937500 0.250000000 0.238281250 0.218750000 0.234375000 0.261718750 0.207031250 0.246093750 0.207031250 0.214843750 0.214843750 0.195312500 0.214843750 0.253906250 0.179687500 0.195312500 0.183593750 0.222656250 0.171875000 0.203125000 0.421875000 0.230468750 0.324218750 0.386718750 0.226562500 0.128906250 0.214843750 0.101562500 0.335937500 0.140625000 0.125000000 0.320312500 0.160156250 0.132812500 0.257812500 0.171875000 0.175781250 0.167968750 0.187500000 0.210937500 0.132812500 0.191406250 0.148437500 0.167968750 0.144531250 0.167968750 0.152343750 0.175781250 0.136718750 0.175781250 0.152343750 0.179687500 0.195312500 0.203125000 0.140625000 0.203125000 0.171875000 0.152343750 0.160156250 0.136718750 0.167968750 0.152343750 0.140625000 0.113281250 0.148437500 0.167968750 0.140625000 0.152343750 0.152343750 0.164062500 0.164062500 0.164062500 0.160156250 0.167968750 0.117187500 0.121093750 0.140625000 0.140625000 0.140625000 0.160156250 0.156250000 0.140625000 0.136718750 0.167968750 0.144531250 0.152343750 0.164062500 0.156250000 0.164062500 0.156250000 0.156250000 0.167968750 0.152343750 0.152343750 0.148437500 0.152343750 0.175781250 
1.335937500 3.199218750 5.113281250 19.367187500 22.980468750 6.128906250 2.589843750 27.386718750 7.597656250 8.835937500 25.675781250 24.718750000 11.742187500 4.023437500 21.949218750 6.355468750 3.890625000 5.933593750 2.308593750 2.371093750 1.253906250 2.832031250 1.925781250 1.847656250 1.097656250 1.769531250 1.593750000 1.550781250 1.835937500 1.671875000 1.417968750 0.707031250 1.312500000 1.160156250 0.910156250 1.457031250 1.246093750 1.175781250 0.937500000 1.097656250 1.078125000 1.261718750 0.878906250 0.964843750 0.875000000 1.089843750 0.750000000 0.929687500 1.289062500 0.843750000 0.554687500 0.593750000 1.453125000 0.800781250 0.699218750 1.562500000 1.179687500 0.386718750 0.316406250 1.222656250 1.734375000 0.550781250 1.097656250 3.937500000 1.246093750 3.910156250 7.070312500 2.640625000 1.902343750 4.792968750 3.031250000 0.367187500 4.933593750 6.843750000 4.644531250 2.207031250 5.960937500 11.085937500 6.992187500 9.832031250 8.082031250 3.535156250 3.601562500 6.781250000 2.691406250 3.640625000 2.968750000 1.910156250 0.300781250 1.058593750 2.343750000 1.117187500 2.562500000 3.558593750 1.140625000 2.132812500 2.878906250 2.941406250 2.781250000 1.992187500 3.312500000 0.187500000 2.078125000 0.925781250 2.386718750 2.230468750 3.316406250 4.562500000 4.464843750 5.054687500 14.312500000 5.765625000 10.679687500 5.187500000 5.050781250 0.246093750 3.992187500 8.785156250 0.617187500 8.164062500 4.082031250 7.074218750 2.273437500 3.003906250 4.386718750 1.597656250 2.203125000 0.902343750 1.218750000 0.867187500 0.636718750 0.859375000 0.332031250 0.601562500 0.761718750 0.222656250 0.375000000 0.199218750 0.289062500 0.363281250 0.367187500 0.332031250 0.269531250 0.257812500 0.363281250 0.324218750 0.308593750 0.335937500 0.402343750 0.316406250 0.308593750 0.308593750 0.265625000 0.339843750 0.324218750 0.335937500 0.289062500 0.324218750 0.300781250 0.285156250 0.320312500 0.277343750 0.285156250 0.296875000 0.269531250 0.328125000 0.308593750 0.289062500 0.265625000 0.261718750 0.296875000 0.234375000 0.273437500 0.253906250 0.242187500 0.277343750 0.324218750 0.187500000 0.296875000 0.316406250 0.226562500 0.308593750 0.093750000 0.203125000 0.253906250 0.218750000 0.234375000 0.140625000 0.406250000 0.375000000 0.226562500 0.312500000 0.250000000 0.300781250 0.308593750 0.347656250 0.296875000 0.257812500 0.304687500 0.277343750 0.238281250 0.246093750 0.292968750 0.261718750 0.238281250 0.273437500 0.238281250 0.269531250 0.265625000 0.261718750 0.265625000 0.234375000 0.226562500 0.300781250 0.257812500 0.226562500 0.214843750 0.210937500 0.265625000 0.238281250 0.246093750 0.230468750 0.261718750 0.234375000 0.238281250 0.257812500 0.253906250 0.246093750 0.246093750 0.234375000 0.246093750 0.230468750 0.238281250 0.238281250 0.273437500 0.218750000 0.234375000 0.246093750 0.234375000 0.242187500 0.238281250 0.218750000 0.222656250 0.257812500 0.234375000 0.269531250 0.234375000 0.218750000 0.238281250 0.214843750 0.222656250 0.234375000 0.207031250 0.242187500 0.226562500 0.257812500 0.226562500 
6.312500000 6.914062500 8.656250000 23.277343750 19.210937500 6.832031250 9.679687500 18.503906250 2.300781250 5.902343750 32.304687500 15.113281250 5.562500000 7.625000000 23.242187500 9.847656250 5.949218750 4.523437500 5.496093750 3.765625000 2.851562500 4.058593750 3.121093750 2.738281250 2.921875000 2.476562500 2.277343750 2.832031250 2.066406250 1.687500000 1.550781250 2.371093750 1.722656250 1.675781250 1.687500000 1.503906250 1.355468750 1.402343750 1.480468750 1.429687500 1.351562500 1.230468750 1.277343750 1.320312500 1.355468750 1.253906250 1.148437500 1.093750000 1.550781250 1.347656250 1.199218750 0.527343750 1.109375000 1.480468750 1.191406250 1.332031250 1.652343750 1.882812500 1.496093750 1.582031250 1.054687500 2.074218750 2.535156250 0.664062500 3.503906250 8.980468750 2.796875000 2.066406250 5.300781250 1.160156250 3.093750000 1.597656250 8.425781250 2.089843750 0.632812500 2.750000000 7.773437500 6.949218750 3.363281250 8.332031250 6.378906250 2.972656250 9.414062500 7.343750000 1.296875000 2.562500000 3.289062500 2.988281250 2.535156250 3.992187500 1.726562500 2.000000000 4.781250000 2.449218750 3.773437500 5.074218750 5.781250000 2.304687500 1.933593750 5.800781250 0.734375000 2.957031250 3.085937500 2.281250000 1.054687500 3.644531250 6.554687500 5.195312500 2.312500000 10.488281250 10.445312500 10.972656250 8.226562500 7.355468750 2.558593750 2.640625000 4.281250000 4.617187500 6.992187500 7.238281250 6.871093750 6.269531250 0.074218750 2.675781250 1.691406250 1.476562500 2.027343750 0.371093750 0.226562500 0.066406250 0.531250000 0.628906250 0.320312500 0.382812500 1.062500000 0.261718750 0.257812500 0.632812500 0.285156250 0.175781250 0.101562500 0.113281250 0.074218750 0.089843750 0.152343750 0.062500000 0.062500000 0.101562500 0.148437500 0.113281250 0.058593750 0.062500000 0.203125000 0.160156250 0.101562500 0.054687500 0.140625000 0.140625000 0.128906250 0.160156250 0.156250000 0.125000000 0.121093750 0.121093750 0.128906250 0.117187500 0.179687500 0.148437500 0.109375000 0.128906250 0.152343750 0.160156250 0.136718750 0.152343750 0.140625000 0.125000000 0.246093750 0.226562500 0.160156250 0.148437500 0.109375000 0.261718750 0.113281250 0.296875000 0.464843750 0.128906250 0.273437500 0.101562500 0.164062500 0.128906250 0.085937500 0.207031250 0.089843750 0.144531250 0.082031250 0.140625000 0.085937500 0.125000000 0.156250000 0.152343750 0.113281250 0.117187500 0.144531250 0.117187500 0.089843750 0.148437500 0.125000000 0.101562500 0.117187500 0.128906250 0.121093750 0.140625000 0.179687500 0.085937500 0.113281250 0.093750000 0.121093750 0.046875000 0.171875000 0.140625000 0.144531250 0.109375000 0.105468750 0.109375000 0.109375000 0.128906250 0.085937500 0.128906250 0.128906250 0.128906250 0.105468750 0.093750000 0.125000000 0.128906250 0.125000000 0.136718750 0.140625000 0.148437500 0.128906250 0.148437500 0.128906250 0.101562500 0.097656250 0.164062500 0.152343750 0.117187500 0.164062500 0.093750000 0.097656250 0.113281250 0.125000000 0.144531250 0.117187500 0.140625000 0.144531250 0.105468750 0.117187500 
7.925781250 7.128906250 10.156250000 27.816406250 13.812500000 9.960937500 8.195312500 16.558593750 3.785156250 9.269531250 35.554687500 10.992187500 4.828125000 9.128906250 29.835937500 9.667968750 4.046875000 3.281250000 3.812500000 3.093750000 2.335937500 3.027343750 2.136718750 1.921875000 2.621093750 1.589843750 1.277343750 1.562500000 1.351562500 1.550781250 1.019531250 1.433593750 0.867187500 0.898437500 0.421875000 1.179687500 0.992187500 0.984375000 0.710937500 0.785156250 0.816406250 1.062500000 0.664062500 0.710937500 0.628906250 0.886718750 0.816406250 0.785156250 0.453125000 0.761718750 0.875000000 1.089843750 0.613281250 0.664062500 0.964843750 1.164062500 0.472656250 0.898437500 1.019531250 1.058593750 1.093750000 1.210937500 0.347656250 0.210937500 3.199218750 5.335937500 7.117187500 5.585937500 1.339843750 5.238281250 4.820312500 1.250000000 7.074218750 3.214843750 3.914062500 2.910156250 3.984375000 5.175781250 1.785156250 9.441406250 1.500000000 8.199218750 5.531250000 9.066406250 1.523437500 2.519531250 3.238281250 4.765625000 4.656250000 3.179687500 6.152343750 6.074218750 1.863281250 4.308593750 5.101562500 4.441406250 5.792968750 5.468750000 5.480468750 2.968750000 2.863281250 3.996093750 1.164062500 3.167968750 2.187500000 4.445312500 3.593750000 2.781250000 8.796875000 8.867187500 13.023437500 13.660156250 10.101562500 4.945312500 1.640625000 4.992187500 2.992187500 5.300781250 7.855468750 7.234375000 6.679687500 1.242187500 5.089843750 2.460937500 3.199218750 2.878906250 0.402343750 1.121093750 0.484375000 0.812500000 1.277343750 0.589843750 0.636718750 1.121093750 0.746093750 0.832031250 1.089843750 0.105468750 0.738281250 0.175781250 0.296875000 0.527343750 0.351562500 0.468750000 0.296875000 0.332031250 0.386718750 0.277343750 0.414062500 0.445312500 0.433593750 0.328125000 0.472656250 0.328125000 0.402343750 0.328125000 0.390625000 0.335937500 0.359375000 0.355468750 0.332031250 0.339843750 0.304687500 0.316406250 0.300781250 0.359375000 0.273437500 0.363281250 0.281250000 0.281250000 0.304687500 0.316406250 0.320312500 0.289062500 0.277343750 0.285156250 0.265625000 0.453125000 0.222656250 0.312500000 0.175781250 0.406250000 0.359375000 0.382812500 0.664062500 0.121093750 0.222656250 0.085937500 0.425781250 0.324218750 0.257812500 0.343750000 0.230468750 0.292968750 0.316406250 0.269531250 0.230468750 0.277343750 0.269531250 0.281250000 0.257812500 0.285156250 0.289062500 0.261718750 0.257812500 0.238281250 0.238281250 0.238281250 0.261718750 0.285156250 0.285156250 0.218750000 0.250000000 0.218750000 0.253906250 0.253906250 0.218750000 0.281250000 0.203125000 0.273437500 0.242187500 0.246093750 0.238281250 0.191406250 0.218750000 0.246093750 0.210937500 0.226562500 0.238281250 0.226562500 0.222656250 0.226562500 0.261718750 0.242187500 0.234375000 0.222656250 0.257812500 0.226562500 0.246093750 0.250000000 0.226562500 0.207031250 0.199218750 0.179687500 0.218750000 0.242187500 0.183593750 0.250000000 0.214843750 0.246093750 0.210937500 0.257812500 0.214843750 0.222656250 0.234375000 0.207031250 0.199218750 
4.949218750 5.363281250 8.398437500 25.617187500 19.753906250 8.441406250 8.238281250 18.566406250 3.210937500 8.824218750 35.757812500 12.539062500 6.140625000 16.808593750 32.578125000 5.257812500 4.171875000 2.765625000 3.691406250 3.156250000 3.402343750 0.925781250 1.695312500 1.804687500 1.574218750 1.632812500 1.410156250 1.367187500 1.332031250 1.476562500 1.027343750 1.609375000 1.179687500 1.273437500 1.363281250 0.863281250 0.832031250 0.859375000 0.894531250 0.875000000 0.816406250 0.828125000 0.562500000 0.695312500 0.554687500 0.835937500 0.703125000 0.644531250 0.398437500 0.781250000 0.847656250 0.843750000 0.171875000 0.367187500 0.484375000 0.691406250 0.738281250 0.347656250 0.625000000 0.699218750 0.527343750 0.980468750 0.878906250 1.175781250 3.132812500 4.031250000 6.406250000 2.675781250 4.671875000 9.460937500 2.636718750 1.476562500 5.839843750 5.152343750 2.074218750 3.855468750 2.597656250 3.121093750 1.988281250 7.375000000 3.472656250 5.183593750 0.851562500 6.921875000 3.820312500 2.625000000 2.640625000 5.421875000 2.859375000 4.167968750 9.832031250 2.816406250 4.617187500 8.964843750 2.042968750 7.949218750 6.308593750 9.019531250 3.730468750 1.625000000 5.183593750 2.488281250 1.503906250 2.363281250 4.148437500 1.292968750 1.476562500 7.308593750 5.210937500 10.675781250 16.503906250 9.863281250 10.097656250 0.394531250 5.097656250 4.750000000 1.687500000 6.843750000 6.562500000 7.367187500 5.605468750 5.335937500 3.101562500 1.949218750 2.316406250 1.640625000 0.968750000 0.753906250 0.265625000 0.226562500 0.855468750 0.359375000 0.328125000 0.621093750 0.257812500 1.058593750 0.320312500 0.667968750 0.906250000 0.496093750 0.457031250 0.464843750 0.308593750 0.300781250 0.250000000 0.285156250 0.328125000 0.285156250 0.433593750 0.382812500 0.425781250 0.390625000 0.292968750 0.378906250 0.355468750 0.390625000 0.382812500 0.320312500 0.332031250 0.367187500 0.332031250 0.292968750 0.359375000 0.320312500 0.328125000 0.257812500 0.335937500 0.351562500 0.367187500 0.332031250 0.335937500 0.312500000 0.292968750 0.292968750 0.339843750 0.296875000 0.242187500 0.292968750 0.472656250 0.402343750 0.222656250 0.347656250 0.289062500 0.523437500 0.171875000 0.589843750 0.457031250 0.488281250 0.082031250 0.359375000 0.386718750 0.343750000 0.238281250 0.300781250 0.226562500 0.355468750 0.332031250 0.308593750 0.253906250 0.339843750 0.351562500 0.312500000 0.277343750 0.265625000 0.292968750 0.308593750 0.296875000 0.277343750 0.292968750 0.269531250 0.285156250 0.285156250 0.324218750 0.261718750 0.265625000 0.246093750 0.347656250 0.261718750 0.273437500 0.242187500 0.328125000 0.285156250 0.234375000 0.312500000 0.273437500 0.265625000 0.261718750 0.296875000 0.304687500 0.289062500 0.261718750 0.285156250 0.253906250 0.300781250 0.273437500 0.304687500 0.289062500 0.281250000 0.250000000 0.285156250 0.261718750 0.238281250 0.285156250 0.269531250 0.343750000 0.230468750 0.234375000 0.292968750 0.316406250 0.292968750 0.277343750 0.281250000 0.300781250 0.281250000 0.273437500 0.285156250 0.238281250 
1.933593750 4.011718750 6.085937500 23.281250000 27.503906250 10.890625000 12.375000000 18.339843750 4.082031250 8.218750000 42.730468750 4.445312500 4.425781250 22.074218750 25.394531250 9.070312500 4.019531250 3.121093750 2.609375000 2.164062500 2.195312500 1.429687500 0.953125000 0.960937500 0.636718750 0.671875000 0.773437500 0.941406250 0.410156250 0.437500000 0.410156250 0.917968750 0.378906250 0.281250000 0.375000000 0.464843750 0.320312500 0.214843750 0.300781250 0.199218750 0.195312500 0.144531250 0.164062500 0.230468750 0.339843750 0.050781250 0.117187500 0.058593750 0.289062500 0.132812500 0.089843750 0.605468750 0.671875000 0.250000000 0.386718750 0.058593750 0.332031250 0.285156250 0.156250000 0.175781250 0.699218750 0.054687500 0.730468750 0.867187500 1.281250000 4.230468750 2.808593750 4.078125000 5.089843750 8.957031250 2.355468750 0.539062500 7.359375000 1.753906250 1.269531250 4.652343750 2.476562500 2.738281250 1.925781250 7.222656250 1.292968750 0.988281250 6.378906250 1.031250000 1.273437500 4.070312500 2.750000000 2.878906250 1.296875000 8.000000000 6.058593750 5.910156250 9.574218750 9.394531250 0.800781250 4.136718750 13.144531250 1.644531250 2.316406250 5.253906250 3.816406250 3.015625000 1.929687500 1.808593750 2.667968750 2.203125000 5.644531250 3.675781250 5.265625000 12.394531250 15.847656250 10.605468750 4.445312500 8.109375000 3.476562500 1.015625000 4.558593750 8.976562500 4.957031250 3.628906250 7.691406250 2.917968750 1.929687500 4.320312500 0.957031250 1.777343750 0.949218750 1.222656250 0.613281250 0.753906250 0.304687500 0.527343750 0.253906250 0.699218750 0.273437500 0.781250000 0.269531250 0.835937500 0.246093750 0.351562500 0.453125000 0.269531250 0.281250000 0.136718750 0.257812500 0.343750000 0.144531250 0.164062500 0.296875000 0.152343750 0.160156250 0.171875000 0.167968750 0.210937500 0.183593750 0.128906250 0.117187500 0.121093750 0.156250000 0.085937500 0.105468750 0.128906250 0.089843750 0.113281250 0.132812500 0.121093750 0.113281250 0.132812500 0.109375000 0.117187500 0.113281250 0.148437500 0.128906250 0.082031250 0.066406250 0.128906250 0.164062500 0.105468750 0.109375000 0.101562500 0.199218750 0.312500000 0.175781250 0.238281250 0.105468750 0.460937500 0.210937500 0.093750000 0.437500000 0.203125000 0.031250000 0.101562500 0.101562500 0.078125000 0.093750000 0.144531250 0.105468750 0.152343750 0.011718750 0.109375000 0.023437500 0.101562500 0.035156250 0.101562500 0.039062500 0.062500000 0.039062500 0.089843750 0.078125000 0.093750000 0.058593750 0.089843750 0.039062500 0.136718750 0.062500000 0.070312500 0.011718750 0.062500000 0.097656250 0.074218750 0.039062500 0.042968750 0.097656250 0.066406250 0.062500000 0.054687500 0.066406250 0.062500000 0.054687500 0.042968750 0.031250000 0.070312500 0.078125000 0.062500000 0.062500000 0.058593750 0.062500000 0.066406250 0.042968750 0.023437500 0.054687500 0.074218750 0.031250000 0.027343750 0.062500000 0.105468750 0.019531250 0.066406250 0.050781250 0.085937500 0.093750000 0.042968750 0.066406250 0.062500000 0.062500000 0.066406250 0.011718750 
2.703125000 4.753906250 7.691406250 25.890625000 26.632812500 9.425781250 8.402343750 21.878906250 3.023437500 5.675781250 43.984375000 8.699218750 6.914062500 19.015625000 18.437500000 6.316406250 3.960937500 3.011718750 1.828125000 1.656250000 1.781250000 1.726562500 0.984375000 0.898437500 1.546875000 0.667968750 0.503906250 0.394531250 0.835937500 0.644531250 0.699218750 0.585937500 0.253906250 0.351562500 0.687500000 0.394531250 0.363281250 0.441406250 0.191406250 0.234375000 0.250000000 0.371093750 0.226562500 0.312500000 0.347656250 0.171875000 0.222656250 0.234375000 0.437500000 0.398437500 0.359375000 0.777343750 0.386718750 0.187500000 0.210937500 0.671875000 0.300781250 0.347656250 0.550781250 0.593750000 0.507812500 0.679687500 1.253906250 0.464843750 1.058593750 3.339843750 1.226562500 0.617187500 3.195312500 8.714843750 2.132812500 2.437500000 6.371093750 1.253906250 0.359375000 4.343750000 2.812500000 1.355468750 2.847656250 6.695312500 0.792968750 0.769531250 6.605468750 1.390625000 0.863281250 2.320312500 2.769531250 2.679687500 1.527343750 8.406250000 1.250000000 3.000000000 9.464843750 12.371093750 3.957031250 3.652343750 13.410156250 1.957031250 2.855468750 5.664062500 4.898437500 1.570312500 1.468750000 3.070312500 3.140625000 1.843750000 6.769531250 3.625000000 3.082031250 14.765625000 11.785156250 7.152343750 3.312500000 7.960937500 3.312500000 2.128906250 8.382812500 6.089843750 3.238281250 2.003906250 7.707031250 2.195312500 0.921875000 3.808593750 2.394531250 1.156250000 1.238281250 0.503906250 0.414062500 0.593750000 0.855468750 0.550781250 0.695312500 0.769531250 0.484375000 0.597656250 0.222656250 0.871093750 0.417968750 0.222656250 0.160156250 0.335937500 0.273437500 0.222656250 0.285156250 0.234375000 0.179687500 0.191406250 0.250000000 0.144531250 0.210937500 0.171875000 0.121093750 0.175781250 0.117187500 0.218750000 0.175781250 0.167968750 0.160156250 0.128906250 0.136718750 0.105468750 0.105468750 0.148437500 0.167968750 0.179687500 0.113281250 0.101562500 0.210937500 0.136718750 0.105468750 0.140625000 0.148437500 0.109375000 0.136718750 0.167968750 0.222656250 0.160156250 0.042968750 0.242187500 0.250000000 0.433593750 0.085937500 0.218750000 0.093750000 0.519531250 0.109375000 0.015625000 0.273437500 0.187500000 0.214843750 0.167968750 0.031250000 0.128906250 0.140625000 0.207031250 0.136718750 0.152343750 0.093750000 0.078125000 0.046875000 0.097656250 0.132812500 0.117187500 0.082031250 0.089843750 0.050781250 0.109375000 0.085937500 0.046875000 0.089843750 0.058593750 0.105468750 0.148437500 0.089843750 0.097656250 0.078125000 0.097656250 0.089843750 0.113281250 0.109375000 0.089843750 0.074218750 0.093750000 0.046875000 0.058593750 0.066406250 0.085937500 0.097656250 0.082031250 0.105468750 0.066406250 0.082031250 0.074218750 0.054687500 0.082031250 0.082031250 0.074218750 0.035156250 0.058593750 0.074218750 0.117187500 0.015625000 0.093750000 0.089843750 0.136718750 0.117187500 0.058593750 0.062500000 0.089843750 0.093750000 0.097656250 0.097656250 0.070312500 0.109375000 0.082031250 0.117187500 
1.671875000 4.242187500 6.589843750 24.597656250 24.332031250 11.375000000 9.394531250 21.738281250 3.332031250 5.109375000 46.539062500 3.246093750 5.933593750 11.968750000 14.230468750 4.316406250 2.890625000 3.375000000 1.707031250 0.953125000 1.035156250 1.375000000 1.312500000 0.917968750 1.875000000 0.843750000 0.750000000 0.570312500 0.812500000 0.746093750 0.679687500 1.113281250 0.625000000 0.542968750 0.300781250 0.738281250 0.617187500 0.660156250 0.550781250 0.496093750 0.488281250 0.382812500 0.500000000 0.484375000 0.453125000 0.558593750 0.476562500 0.488281250 0.367187500 0.375000000 0.269531250 0.335937500 0.800781250 0.691406250 0.730468750 0.214843750 0.417968750 0.523437500 0.296875000 0.550781250 0.820312500 0.871093750 1.292968750 0.871093750 0.394531250 2.296875000 0.988281250 2.558593750 4.187500000 4.523437500 2.281250000 1.664062500 9.187500000 2.367187500 0.464843750 4.117187500 3.457031250 2.781250000 4.226562500 5.042968750 1.781250000 1.199218750 6.398437500 1.402343750 1.800781250 2.074218750 3.152343750 0.464843750 2.332031250 5.476562500 1.734375000 3.402343750 10.574218750 10.199218750 5.031250000 4.773437500 12.066406250 2.000000000 3.332031250 6.769531250 3.785156250 2.707031250 3.863281250 2.777343750 1.132812500 1.906250000 5.460937500 2.652343750 4.457031250 14.328125000 10.000000000 6.089843750 5.027343750 7.250000000 2.789062500 1.902343750 8.035156250 5.730468750 1.902343750 4.957031250 5.621093750 1.429687500 0.476562500 4.484375000 1.691406250 0.984375000 1.203125000 1.132812500 0.617187500 0.359375000 0.761718750 0.160156250 0.320312500 0.156250000 0.542968750 0.402343750 0.125000000 0.640625000 0.273437500 0.281250000 0.324218750 0.273437500 0.347656250 0.195312500 0.324218750 0.156250000 0.152343750 0.250000000 0.140625000 0.160156250 0.214843750 0.207031250 0.156250000 0.167968750 0.214843750 0.218750000 0.203125000 0.199218750 0.167968750 0.128906250 0.175781250 0.179687500 0.160156250 0.101562500 0.179687500 0.152343750 0.167968750 0.062500000 0.253906250 0.179687500 0.210937500 0.187500000 0.125000000 0.179687500 0.136718750 0.250000000 0.160156250 0.167968750 0.121093750 0.007812500 0.308593750 0.429687500 0.214843750 0.054687500 0.406250000 0.289062500 0.496093750 0.109375000 0.378906250 0.074218750 0.167968750 0.035156250 0.273437500 0.160156250 0.156250000 0.085937500 0.132812500 0.109375000 0.113281250 0.128906250 0.136718750 0.117187500 0.140625000 0.113281250 0.101562500 0.105468750 0.105468750 0.140625000 0.152343750 0.117187500 0.136718750 0.167968750 0.144531250 0.152343750 0.117187500 0.117187500 0.132812500 0.093750000 0.093750000 0.140625000 0.109375000 0.144531250 0.105468750 0.113281250 0.140625000 0.117187500 0.125000000 0.140625000 0.117187500 0.125000000 0.117187500 0.160156250 0.128906250 0.117187500 0.148437500 0.128906250 0.113281250 0.125000000 0.105468750 0.167968750 0.140625000 0.128906250 0.101562500 0.101562500 0.070312500 0.144531250 0.109375000 0.164062500 0.136718750 0.128906250 0.066406250 0.113281250 0.117187500 0.136718750 0.144531250 0.109375000 0.125000000 
1.257812500 2.312500000 5.406250000 24.062500000 19.312500000 9.578125000 11.851562500 22.632812500 2.468750000 1.167968750 44.132812500 4.753906250 3.007812500 6.960937500 9.726562500 4.363281250 2.515625000 3.902343750 1.433593750 1.519531250 1.324218750 1.648437500 1.210937500 1.078125000 0.960937500 1.058593750 1.097656250 1.226562500 0.871093750 0.871093750 0.792968750 0.445312500 0.656250000 0.699218750 0.890625000 0.679687500 0.667968750 0.574218750 0.421875000 0.503906250 0.511718750 0.519531250 0.464843750 0.464843750 0.500000000 0.445312500 0.460937500 0.425781250 0.214843750 0.378906250 0.300781250 0.253906250 0.570312500 0.515625000 0.585937500 0.109375000 0.179687500 0.253906250 0.175781250 0.183593750 0.378906250 0.414062500 0.324218750 0.234375000 0.921875000 1.898437500 1.027343750 1.101562500 3.437500000 2.375000000 1.886718750 1.171875000 10.355468750 2.925781250 0.667968750 3.414062500 4.117187500 1.734375000 4.531250000 2.937500000 1.824218750 1.562500000 5.648437500 2.140625000 1.488281250 2.835937500 2.062500000 0.667968750 0.851562500 4.199218750 0.691406250 1.937500000 10.097656250 7.851562500 5.468750000 6.761718750 11.019531250 2.070312500 1.531250000 8.359375000 2.296875000 1.808593750 3.523437500 2.812500000 1.964843750 1.214843750 5.054687500 0.871093750 3.339843750 12.082031250 10.136718750 6.167968750 5.722656250 6.535156250 1.238281250 1.070312500 6.167968750 4.335937500 3.472656250 5.406250000 4.726562500 0.691406250 0.359375000 5.117187500 0.714843750 1.117187500 0.886718750 0.449218750 0.457031250 0.460937500 0.843750000 0.207031250 0.292968750 0.652343750 0.304687500 0.386718750 0.156250000 0.757812500 0.410156250 0.312500000 0.179687500 0.238281250 0.257812500 0.308593750 0.328125000 0.273437500 0.281250000 0.289062500 0.261718750 0.222656250 0.281250000 0.242187500 0.269531250 0.234375000 0.226562500 0.230468750 0.257812500 0.253906250 0.238281250 0.250000000 0.242187500 0.187500000 0.246093750 0.230468750 0.339843750 0.218750000 0.183593750 0.238281250 0.175781250 0.132812500 0.191406250 0.242187500 0.214843750 0.234375000 0.285156250 0.167968750 0.144531250 0.148437500 0.281250000 0.085937500 0.347656250 0.597656250 0.210937500 0.105468750 0.253906250 0.503906250 0.445312500 0.402343750 0.089843750 0.257812500 0.187500000 0.230468750 0.269531250 0.203125000 0.210937500 0.070312500 0.191406250 0.230468750 0.105468750 0.179687500 0.167968750 0.171875000 0.183593750 0.179687500 0.167968750 0.210937500 0.207031250 0.167968750 0.214843750 0.191406250 0.179687500 0.195312500 0.167968750 0.187500000 0.160156250 0.187500000 0.171875000 0.171875000 0.136718750 0.160156250 0.187500000 0.187500000 0.179687500 0.203125000 0.191406250 0.175781250 0.156250000 0.203125000 0.175781250 0.136718750 0.167968750 0.203125000 0.171875000 0.152343750 0.175781250 0.175781250 0.171875000 0.167968750 0.183593750 0.125000000 0.179687500 0.160156250 0.156250000 0.199218750 0.191406250 0.140625000 0.148437500 0.183593750 0.156250000 0.242187500 0.113281250 0.171875000 0.160156250 0.183593750 0.160156250 0.164062500 0.195312500 
3.683593750 2.570312500 5.945312500 24.535156250 16.562500000 9.070312500 9.890625000 27.355468750 5.597656250 2.812500000 40.246093750 8.074218750 6.941406250 5.214843750 5.253906250 0.433593750 0.902343750 1.828125000 1.496093750 1.484375000 1.625000000 0.894531250 1.054687500 1.117187500 1.378906250 0.910156250 0.917968750 0.734375000 0.949218750 0.847656250 0.828125000 1.195312500 0.843750000 0.820312500 0.710937500 0.636718750 0.609375000 0.636718750 0.683593750 0.632812500 0.597656250 0.687500000 0.566406250 0.605468750 0.574218750 0.500000000 0.484375000 0.488281250 0.378906250 0.527343750 0.492187500 0.441406250 0.812500000 0.539062500 0.625000000 0.332031250 0.546875000 0.371093750 0.480468750 0.320312500 0.656250000 0.476562500 0.863281250 0.695312500 0.925781250 1.953125000 1.324218750 0.378906250 1.843750000 2.917968750 1.070312500 2.503906250 9.535156250 4.960937500 3.437500000 2.976562500 2.898437500 1.546875000 2.035156250 3.070312500 0.769531250 1.128906250 2.925781250 3.925781250 1.656250000 2.097656250 2.320312500 0.605468750 0.632812500 2.511718750 2.972656250 3.523437500 3.882812500 11.621093750 3.382812500 4.292968750 8.226562500 4.753906250 3.503906250 5.414062500 5.128906250 2.027343750 1.882812500 1.277343750 2.644531250 0.554687500 2.191406250 5.605468750 2.910156250 6.824218750 11.359375000 4.171875000 5.003906250 5.230468750 2.578125000 1.968750000 3.785156250 4.964843750 2.500000000 1.750000000 4.492187500 2.796875000 3.281250000 2.148437500 1.746093750 0.785156250 1.050781250 1.347656250 0.734375000 0.828125000 0.339843750 0.714843750 0.550781250 0.550781250 0.269531250 0.582031250 0.679687500 0.601562500 0.355468750 0.320312500 0.378906250 0.457031250 0.417968750 0.441406250 0.421875000 0.394531250 0.382812500 0.359375000 0.347656250 0.375000000 0.378906250 0.343750000 0.300781250 0.328125000 0.320312500 0.347656250 0.320312500 0.335937500 0.320312500 0.328125000 0.289062500 0.328125000 0.261718750 0.273437500 0.226562500 0.351562500 0.250000000 0.339843750 0.304687500 0.226562500 0.226562500 0.242187500 0.242187500 0.203125000 0.242187500 0.304687500 0.171875000 0.289062500 0.320312500 0.011718750 0.214843750 0.128906250 0.574218750 0.109375000 0.550781250 0.515625000 0.234375000 0.066406250 0.363281250 0.464843750 0.210937500 0.414062500 0.371093750 0.281250000 0.304687500 0.218750000 0.300781250 0.246093750 0.234375000 0.285156250 0.257812500 0.250000000 0.257812500 0.273437500 0.253906250 0.300781250 0.246093750 0.281250000 0.300781250 0.246093750 0.269531250 0.261718750 0.234375000 0.222656250 0.257812500 0.253906250 0.242187500 0.285156250 0.242187500 0.253906250 0.257812500 0.265625000 0.281250000 0.246093750 0.246093750 0.234375000 0.269531250 0.269531250 0.207031250 0.269531250 0.218750000 0.222656250 0.253906250 0.261718750 0.257812500 0.257812500 0.246093750 0.199218750 0.238281250 0.246093750 0.242187500 0.230468750 0.261718750 0.273437500 0.253906250 0.257812500 0.238281250 0.226562500 0.265625000 0.281250000 0.199218750 0.218750000 0.230468750 0.250000000 0.230468750 0.230468750 0.238281250 
7.476562500 5.140625000 8.023437500 24.699218750 18.265625000 7.199218750 7.914062500 31.214843750 4.851562500 4.656250000 35.101562500 8.976562500 3.156250000 3.273437500 4.960937500 0.785156250 0.667968750 1.132812500 1.070312500 0.734375000 0.554687500 1.113281250 0.859375000 0.808593750 0.832031250 0.812500000 0.699218750 0.734375000 0.718750000 0.652343750 0.570312500 0.570312500 0.539062500 0.390625000 0.437500000 0.492187500 0.437500000 0.441406250 0.535156250 0.437500000 0.464843750 0.496093750 0.417968750 0.375000000 0.402343750 0.335937500 0.300781250 0.242187500 0.253906250 0.257812500 0.218750000 0.191406250 0.269531250 0.332031250 0.335937500 0.441406250 0.308593750 0.203125000 0.160156250 0.324218750 0.320312500 0.285156250 0.296875000 0.343750000 0.398437500 1.101562500 0.496093750 0.886718750 1.289062500 1.437500000 3.250000000 3.113281250 5.820312500 7.144531250 1.687500000 1.761718750 2.113281250 1.316406250 1.781250000 2.621093750 1.597656250 0.984375000 1.007812500 2.707031250 0.855468750 1.093750000 1.386718750 1.675781250 1.320312500 1.773437500 4.355468750 1.890625000 1.332031250 8.238281250 6.828125000 4.554687500 3.667968750 6.812500000 0.660156250 2.269531250 3.625000000 2.187500000 1.667968750 1.132812500 3.140625000 0.535156250 1.062500000 4.496093750 4.300781250 3.933593750 4.019531250 11.027343750 2.339843750 2.585937500 3.015625000 1.792968750 1.101562500 3.433593750 4.785156250 2.484375000 0.906250000 3.820312500 2.281250000 2.589843750 1.914062500 1.859375000 0.953125000 0.574218750 0.304687500 0.492187500 0.636718750 0.605468750 0.300781250 0.273437500 0.265625000 0.601562500 0.406250000 0.234375000 0.214843750 0.363281250 0.203125000 0.355468750 0.363281250 0.300781250 0.304687500 0.285156250 0.296875000 0.253906250 0.269531250 0.242187500 0.234375000 0.234375000 0.273437500 0.210937500 0.226562500 0.230468750 0.230468750 0.226562500 0.207031250 0.226562500 0.183593750 0.207031250 0.226562500 0.222656250 0.214843750 0.167968750 0.214843750 0.214843750 0.218750000 0.296875000 0.214843750 0.226562500 0.207031250 0.179687500 0.226562500 0.160156250 0.101562500 0.250000000 0.085937500 0.097656250 0.425781250 0.250000000 0.343750000 0.609375000 0.156250000 0.128906250 0.113281250 0.453125000 0.125000000 0.242187500 0.390625000 0.203125000 0.222656250 0.183593750 0.136718750 0.164062500 0.144531250 0.179687500 0.218750000 0.210937500 0.207031250 0.191406250 0.226562500 0.195312500 0.191406250 0.222656250 0.191406250 0.191406250 0.230468750 0.179687500 0.171875000 0.183593750 0.175781250 0.199218750 0.199218750 0.183593750 0.183593750 0.195312500 0.199218750 0.179687500 0.148437500 0.179687500 0.125000000 0.160156250 0.175781250 0.179687500 0.164062500 0.199218750 0.164062500 0.148437500 0.156250000 0.156250000 0.144531250 0.191406250 0.191406250 0.148437500 0.214843750 0.136718750 0.152343750 0.160156250 0.152343750 0.199218750 0.152343750 0.191406250 0.132812500 0.140625000 0.171875000 0.152343750 0.164062500 0.167968750 0.156250000 0.144531250 0.128906250 0.140625000 0.148437500 0.164062500 0.156250000 
8.058593750 4.851562500 6.753906250 23.019531250 20.433593750 6.277343750 10.179687500 29.792968750 5.718750000 3.992187500 29.175781250 7.601562500 4.281250000 3.660156250 3.132812500 1.292968750 0.804687500 1.785156250 0.566406250 0.351562500 0.699218750 0.238281250 0.328125000 0.417968750 0.449218750 0.199218750 0.121093750 0.273437500 0.097656250 0.183593750 0.203125000 0.183593750 0.324218750 0.316406250 0.285156250 0.253906250 0.261718750 0.214843750 0.265625000 0.210937500 0.156250000 0.179687500 0.195312500 0.144531250 0.207031250 0.109375000 0.171875000 0.175781250 0.148437500 0.125000000 0.144531250 0.093750000 0.125000000 0.261718750 0.179687500 0.277343750 0.167968750 0.156250000 0.125000000 0.070312500 0.226562500 0.277343750 0.117187500 0.339843750 0.371093750 1.316406250 0.570312500 0.804687500 0.546875000 1.589843750 2.812500000 1.261718750 4.273437500 4.679687500 3.656250000 3.449218750 1.000000000 0.800781250 1.058593750 1.941406250 1.675781250 1.074218750 2.136718750 0.968750000 0.847656250 0.738281250 0.339843750 0.871093750 1.242187500 0.484375000 2.578125000 4.218750000 1.890625000 5.753906250 5.218750000 2.097656250 1.058593750 2.503906250 4.140625000 2.925781250 1.839843750 1.734375000 0.589843750 1.179687500 1.296875000 1.328125000 0.828125000 0.949218750 4.886718750 0.558593750 3.339843750 7.691406250 4.355468750 2.605468750 1.113281250 3.750000000 0.648437500 2.042968750 4.375000000 2.621093750 1.253906250 2.136718750 3.644531250 0.621093750 0.652343750 2.785156250 0.394531250 0.312500000 0.296875000 0.226562500 0.203125000 0.242187500 0.238281250 0.187500000 0.125000000 0.242187500 0.152343750 0.203125000 0.078125000 0.070312500 0.070312500 0.210937500 0.105468750 0.140625000 0.160156250 0.109375000 0.152343750 0.113281250 0.085937500 0.109375000 0.097656250 0.105468750 0.074218750 0.082031250 0.105468750 0.074218750 0.109375000 0.082031250 0.117187500 0.089843750 0.070312500 0.097656250 0.082031250 0.078125000 0.105468750 0.058593750 0.117187500 0.121093750 0.066406250 0.156250000 0.078125000 0.050781250 0.070312500 0.121093750 0.042968750 0.078125000 0.125000000 0.082031250 0.066406250 0.109375000 0.304687500 0.250000000 0.078125000 0.480468750 0.203125000 0.093750000 0.238281250 0.105468750 0.160156250 0.070312500 0.183593750 0.128906250 0.117187500 0.042968750 0.082031250 0.070312500 0.054687500 0.058593750 0.070312500 0.082031250 0.074218750 0.062500000 0.105468750 0.074218750 0.093750000 0.066406250 0.066406250 0.058593750 0.109375000 0.058593750 0.070312500 0.054687500 0.074218750 0.074218750 0.085937500 0.035156250 0.066406250 0.062500000 0.078125000 0.031250000 0.078125000 0.062500000 0.062500000 0.035156250 0.046875000 0.050781250 0.050781250 0.062500000 0.058593750 0.062500000 0.062500000 0.039062500 0.074218750 0.066406250 0.074218750 0.074218750 0.042968750 0.011718750 0.062500000 0.066406250 0.054687500 0.054687500 0.074218750 0.078125000 0.039062500 0.066406250 0.062500000 0.050781250 0.054687500 0.046875000 0.050781250 0.046875000 0.062500000 0.039062500 0.101562500 0.058593750 0.035156250 
5.574218750 2.570312500 5.570312500 19.390625000 20.421875000 9.066406250 13.628906250 23.703125000 7.558593750 7.347656250 21.480468750 4.742187500 0.632812500 6.390625000 1.550781250 0.449218750 0.894531250 0.937500000 0.179687500 0.179687500 0.203125000 0.160156250 0.195312500 0.136718750 0.093750000 0.093750000 0.152343750 0.054687500 0.023437500 0.027343750 0.164062500 0.117187500 0.128906250 0.093750000 0.152343750 0.105468750 0.101562500 0.089843750 0.082031250 0.007812500 0.066406250 0.050781250 0.027343750 0.105468750 0.058593750 0.050781250 0.023437500 0.042968750 0.046875000 0.019531250 0.078125000 0.042968750 0.113281250 0.097656250 0.078125000 0.070312500 0.179687500 0.078125000 0.074218750 0.160156250 0.167968750 0.109375000 0.136718750 0.406250000 0.222656250 1.132812500 0.890625000 0.492187500 0.906250000 1.710937500 1.769531250 1.066406250 2.460937500 1.625000000 2.128906250 3.929687500 0.769531250 0.121093750 2.117187500 0.785156250 0.808593750 0.636718750 2.046875000 0.640625000 0.425781250 0.859375000 0.601562500 0.531250000 1.003906250 0.218750000 1.367187500 3.156250000 3.292968750 2.359375000 1.519531250 3.910156250 2.144531250 0.101562500 3.574218750 1.218750000 1.554687500 1.515625000 0.164062500 0.554687500 0.683593750 1.105468750 0.863281250 0.390625000 3.652343750 2.042968750 2.691406250 5.363281250 4.707031250 4.078125000 0.613281250 3.894531250 0.628906250 0.601562500 3.046875000 1.382812500 2.535156250 2.320312500 3.035156250 2.031250000 0.722656250 2.261718750 0.089843750 0.367187500 0.578125000 0.257812500 0.132812500 0.054687500 0.089843750 0.167968750 0.183593750 0.070312500 0.050781250 0.109375000 0.082031250 0.019531250 0.035156250 0.101562500 0.058593750 0.003906250 0.031250000 0.027343750 0.062500000 0.023437500 0.050781250 0.011718750 0.019531250 0.023437500 0.015625000 0.011718750 0.007812500 0.019531250 0.054687500 0.027343750 0.027343750 0.007812500 0.023437500 0.023437500 0.023437500 0.019531250 0.058593750 0.007812500 0.035156250 0.015625000 0.031250000 0.074218750 0.031250000 0.070312500 0.046875000 0.058593750 0.054687500 0.050781250 0.093750000 0.097656250 0.078125000 0.167968750 0.195312500 0.113281250 0.238281250 0.296875000 0.062500000 0.113281250 0.214843750 0.046875000 0.082031250 0.109375000 0.097656250 0.035156250 0.042968750 0.023437500 0.007812500 0.027343750 0.023437500 0.015625000 0.023437500 0.007812500 0.031250000 0.019531250 0.042968750 0.031250000 0.039062500 0.015625000 0.019531250 0.027343750 0.019531250 0.035156250 0.035156250 0.007812500 0.023437500 0.015625000 0.035156250 0.031250000 0.019531250 0.015625000 0.046875000 0.035156250 0.027343750 0.031250000 0.007812500 0.019531250 0.023437500 0.019531250 0.031250000 0.023437500 0.019531250 0.027343750 0.027343750 0.011718750 0.035156250 0.054687500 0.035156250 0.019531250 0.015625000 0.054687500 0.039062500 0.031250000 0.019531250 0.015625000 0.011718750 0.023437500 0.023437500 0.019531250 0.011718750 0.019531250 0.019531250 0.031250000 0.007812500 0.023437500 0.015625000 0.027343750 0.042968750 0.027343750 0.011718750 
4.804687500 3.902343750 4.222656250 17.789062500 12.933593750 3.484375000 15.144531250 13.773437500 5.480468750 10.792968750 14.062500000 2.433593750 3.523437500 4.253906250 0.660156250 0.417968750 0.445312500 0.789062500 0.132812500 0.363281250 0.320312500 0.136718750 0.101562500 0.109375000 0.042968750 0.117187500 0.046875000 0.101562500 0.097656250 0.046875000 0.175781250 0.058593750 0.109375000 0.125000000 0.171875000 0.023437500 0.128906250 0.074218750 0.058593750 0.117187500 0.128906250 0.148437500 0.085937500 0.109375000 0.066406250 0.074218750 0.082031250 0.066406250 0.042968750 0.035156250 0.082031250 0.093750000 0.191406250 0.093750000 0.082031250 0.062500000 0.171875000 0.140625000 0.093750000 0.246093750 0.167968750 0.132812500 0.144531250 0.316406250 0.542968750 0.648437500 1.250000000 1.007812500 1.011718750 1.304687500 1.515625000 0.574218750 2.082031250 0.753906250 0.980468750 2.121093750 1.476562500 0.230468750 1.285156250 1.386718750 0.281250000 0.875000000 1.695312500 0.359375000 0.531250000 0.648437500 0.789062500 0.296875000 0.820312500 0.738281250 0.906250000 0.820312500 0.902343750 0.843750000 1.675781250 2.082031250 1.285156250 1.308593750 2.578125000 2.050781250 0.679687500 0.585937500 0.750000000 0.117187500 0.128906250 0.347656250 0.718750000 0.679687500 2.718750000 1.730468750 0.980468750 2.765625000 2.546875000 0.828125000 2.671875000 2.234375000 0.441406250 1.316406250 1.597656250 0.625000000 1.425781250 1.808593750 1.253906250 0.550781250 1.625000000 1.480468750 0.574218750 0.503906250 0.558593750 0.031250000 0.148437500 0.234375000 0.164062500 0.062500000 0.242187500 0.085937500 0.031250000 0.160156250 0.082031250 0.125000000 0.085937500 0.070312500 0.082031250 0.062500000 0.050781250 0.058593750 0.023437500 0.042968750 0.070312500 0.082031250 0.046875000 0.050781250 0.058593750 0.066406250 0.082031250 0.050781250 0.062500000 0.054687500 0.027343750 0.046875000 0.054687500 0.050781250 0.062500000 0.039062500 0.078125000 0.054687500 0.050781250 0.082031250 0.042968750 0.085937500 0.054687500 0.105468750 0.042968750 0.058593750 0.015625000 0.054687500 0.042968750 0.121093750 0.035156250 0.136718750 0.218750000 0.140625000 0.160156250 0.156250000 0.050781250 0.066406250 0.121093750 0.039062500 0.058593750 0.031250000 0.062500000 0.082031250 0.011718750 0.015625000 0.015625000 0.042968750 0.015625000 0.050781250 0.070312500 0.054687500 0.054687500 0.050781250 0.031250000 0.035156250 0.054687500 0.023437500 0.062500000 0.019531250 0.042968750 0.054687500 0.054687500 0.039062500 0.023437500 0.023437500 0.039062500 0.042968750 0.054687500 0.027343750 0.058593750 0.046875000 0.035156250 0.050781250 0.031250000 0.027343750 0.046875000 0.015625000 0.058593750 0.054687500 0.031250000 0.039062500 0.054687500 0.050781250 0.066406250 0.039062500 0.042968750 0.023437500 0.023437500 0.078125000 0.070312500 0.046875000 0.023437500 0.011718750 0.046875000 0.019531250 0.019531250 0.011718750 0.007812500 0.027343750 0.011718750 0.042968750 0.027343750 0.050781250 0.042968750 0.031250000 0.046875000 0.062500000 0.046875000 
0.847656250 1.144531250 3.179687500 12.679687500 3.343750000 8.605468750 10.378906250 8.593750000 6.996093750 5.917968750 9.449218750 0.257812500 2.894531250 2.976562500 2.292968750 1.359375000 1.042968750 0.722656250 1.175781250 0.945312500 0.742187500 0.710937500 0.679687500 0.617187500 0.621093750 0.558593750 0.535156250 0.496093750 0.468750000 0.398437500 0.414062500 0.441406250 0.437500000 0.414062500 0.363281250 0.371093750 0.421875000 0.347656250 0.304687500 0.378906250 0.335937500 0.332031250 0.277343750 0.312500000 0.312500000 0.316406250 0.273437500 0.300781250 0.269531250 0.285156250 0.277343750 0.234375000 0.269531250 0.324218750 0.242187500 0.148437500 0.203125000 0.207031250 0.218750000 0.136718750 0.179687500 0.214843750 0.460937500 0.308593750 0.136718750 0.777343750 0.503906250 0.140625000 0.871093750 0.757812500 0.218750000 0.496093750 1.777343750 0.691406250 1.031250000 1.058593750 0.914062500 0.804687500 0.820312500 0.984375000 0.472656250 0.691406250 1.042968750 0.828125000 0.328125000 0.386718750 0.566406250 0.656250000 0.890625000 0.722656250 0.855468750 0.441406250 0.726562500 0.121093750 0.933593750 1.128906250 1.953125000 0.914062500 0.894531250 0.332031250 1.433593750 0.625000000 0.644531250 0.500000000 0.601562500 0.500000000 0.316406250 0.476562500 1.230468750 0.535156250 2.765625000 2.074218750 2.695312500 0.914062500 0.812500000 0.832031250 1.148437500 1.164062500 0.859375000 0.707031250 0.804687500 0.953125000 1.136718750 1.203125000 1.128906250 0.886718750 0.675781250 0.441406250 0.339843750 0.097656250 0.039062500 0.105468750 0.078125000 0.097656250 0.148437500 0.046875000 0.097656250 0.050781250 0.027343750 0.023437500 0.019531250 0.042968750 0.050781250 0.109375000 0.062500000 0.042968750 0.066406250 0.070312500 0.054687500 0.062500000 0.070312500 0.089843750 0.062500000 0.042968750 0.082031250 0.062500000 0.046875000 0.078125000 0.097656250 0.070312500 0.042968750 0.054687500 0.054687500 0.046875000 0.042968750 0.046875000 0.050781250 0.066406250 0.085937500 0.070312500 0.027343750 0.074218750 0.050781250 0.085937500 0.101562500 0.027343750 0.054687500 0.027343750 0.078125000 0.097656250 0.140625000 0.125000000 0.125000000 0.097656250 0.113281250 0.085937500 0.125000000 0.042968750 0.089843750 0.050781250 0.050781250 0.031250000 0.019531250 0.039062500 0.050781250 0.039062500 0.074218750 0.039062500 0.066406250 0.058593750 0.046875000 0.125000000 0.085937500 0.062500000 0.046875000 0.050781250 0.054687500 0.058593750 0.078125000 0.031250000 0.035156250 0.066406250 0.058593750 0.050781250 0.050781250 0.062500000 0.078125000 0.074218750 0.074218750 0.058593750 0.082031250 0.082031250 0.082031250 0.078125000 0.066406250 0.085937500 0.062500000 0.058593750 0.031250000 0.046875000 0.097656250 0.066406250 0.109375000 0.039062500 0.050781250 0.058593750 0.042968750 0.078125000 0.054687500 0.062500000 0.042968750 0.050781250 0.039062500 0.050781250 0.054687500 0.070312500 0.039062500 0.066406250 0.105468750 0.066406250 0.066406250 0.031250000 0.050781250 0.050781250 0.062500000 0.050781250 0.035156250 
1.214843750 0.464843750 1.714843750 6.621093750 8.351562500 0.531250000 4.046875000 5.757812500 1.503906250 1.054687500 4.593750000 3.738281250 1.390625000 0.382812500 3.027343750 1.062500000 0.882812500 0.742187500 0.425781250 0.496093750 0.359375000 0.476562500 0.355468750 0.347656250 0.359375000 0.300781250 0.328125000 0.281250000 0.320312500 0.285156250 0.257812500 0.242187500 0.269531250 0.250000000 0.234375000 0.257812500 0.222656250 0.234375000 0.191406250 0.265625000 0.214843750 0.218750000 0.183593750 0.222656250 0.164062500 0.210937500 0.214843750 0.156250000 0.164062500 0.207031250 0.175781250 0.187500000 0.175781250 0.125000000 0.195312500 0.164062500 0.222656250 0.164062500 0.218750000 0.121093750 0.031250000 0.066406250 0.398437500 0.128906250 0.050781250 0.539062500 0.660156250 0.628906250 0.726562500 0.328125000 0.335937500 0.125000000 1.523437500 0.285156250 0.261718750 0.476562500 0.449218750 0.183593750 0.113281250 0.187500000 0.148437500 0.062500000 0.433593750 0.023437500 0.210937500 0.476562500 0.171875000 0.113281250 0.054687500 0.734375000 0.371093750 0.468750000 0.121093750 0.542968750 0.347656250 0.113281250 0.828125000 0.535156250 0.410156250 0.273437500 0.585937500 0.222656250 0.269531250 0.457031250 0.375000000 0.277343750 0.511718750 0.199218750 0.585937500 1.281250000 1.226562500 0.304687500 0.800781250 1.472656250 0.472656250 0.441406250 0.488281250 0.171875000 0.367187500 0.378906250 0.679687500 0.425781250 0.078125000 0.246093750 0.175781250 0.230468750 0.175781250 0.089843750 0.085937500 0.039062500 0.121093750 0.117187500 0.054687500 0.082031250 0.078125000 0.074218750 0.042968750 0.074218750 0.039062500 0.050781250 0.035156250 0.011718750 0.054687500 0.023437500 0.058593750 0.042968750 0.054687500 0.039062500 0.031250000 0.023437500 0.062500000 0.078125000 0.066406250 0.042968750 0.050781250 0.050781250 0.062500000 0.085937500 0.031250000 0.093750000 0.054687500 0.058593750 0.042968750 0.050781250 0.023437500 0.050781250 0.042968750 0.062500000 0.046875000 0.050781250 0.031250000 0.015625000 0.035156250 0.054687500 0.054687500 0.085937500 0.070312500 0.058593750 0.023437500 0.023437500 0.046875000 0.074218750 0.054687500 0.011718750 0.042968750 0.078125000 0.093750000 0.066406250 0.050781250 0.027343750 0.046875000 0.074218750 0.031250000 0.046875000 0.074218750 0.007812500 0.085937500 0.058593750 0.023437500 0.050781250 0.070312500 0.058593750 0.023437500 0.050781250 0.042968750 0.046875000 0.023437500 0.039062500 0.046875000 0.023437500 0.027343750 0.062500000 0.058593750 0.046875000 0.019531250 0.066406250 0.031250000 0.082031250 0.070312500 0.058593750 0.046875000 0.046875000 0.027343750 0.046875000 0.019531250 0.042968750 0.046875000 0.046875000 0.042968750 0.039062500 0.058593750 0.019531250 0.039062500 0.066406250 0.019531250 0.019531250 0.023437500 0.046875000 0.035156250 0.046875000 0.023437500 0.042968750 0.035156250 0.027343750 0.062500000 0.035156250 0.019531250 0.066406250 0.019531250 0.062500000 0.046875000 0.054687500 0.039062500 0.054687500 0.035156250 0.031250000 0.011718750 
1.207031250 1.257812500 1.660156250 4.058593750 8.437500000 3.550781250 2.707031250 5.320312500 2.828125000 2.683593750 4.699218750 1.406250000 0.710937500 0.449218750 2.210937500 0.375000000 0.328125000 0.253906250 0.164062500 0.140625000 0.113281250 0.035156250 0.070312500 0.054687500 0.042968750 0.062500000 0.074218750 0.128906250 0.031250000 0.058593750 0.054687500 0.054687500 0.031250000 0.035156250 0.046875000 0.054687500 0.027343750 0.046875000 0.039062500 0.046875000 0.058593750 0.019531250 0.035156250 0.007812500 0.042968750 0.035156250 0.027343750 0.062500000 0.003906250 0.015625000 0.035156250 0.027343750 0.035156250 0.070312500 0.066406250 0.074218750 0.062500000 0.101562500 0.011718750 0.222656250 0.179687500 0.074218750 0.289062500 0.156250000 0.156250000 0.242187500 0.410156250 0.105468750 0.136718750 0.382812500 0.257812500 0.378906250 0.984375000 0.164062500 0.382812500 0.371093750 0.554687500 0.324218750 0.148437500 0.222656250 0.214843750 0.125000000 0.230468750 0.269531250 0.191406250 0.523437500 0.300781250 0.222656250 0.164062500 0.570312500 0.222656250 0.433593750 0.324218750 0.480468750 0.503906250 0.125000000 0.601562500 0.511718750 0.085937500 0.187500000 0.167968750 0.265625000 0.105468750 0.566406250 0.238281250 0.074218750 0.519531250 0.640625000 0.367187500 1.050781250 1.343750000 0.613281250 0.351562500 1.550781250 0.644531250 0.312500000 0.300781250 0.226562500 0.421875000 0.378906250 0.687500000 0.371093750 0.179687500 0.277343750 0.097656250 0.031250000 0.062500000 0.128906250 0.074218750 0.082031250 0.039062500 0.054687500 0.027343750 0.050781250 0.023437500 0.023437500 0.074218750 0.054687500 0.039062500 0.015625000 0.031250000 0.035156250 0.019531250 0.042968750 0.015625000 0.023437500 0.023437500 0.031250000 0.011718750 0.019531250 0.027343750 0.023437500 0.023437500 0.035156250 0.011718750 0.035156250 0.019531250 0.046875000 0.046875000 0.039062500 0.023437500 0.015625000 0.027343750 0.015625000 0.011718750 0.011718750 0.019531250 0.023437500 0.027343750 0.042968750 0.011718750 0.011718750 0.019531250 0.015625000 0.019531250 0.035156250 0.027343750 0.019531250 0.015625000 0.015625000 0.019531250 0.015625000 0.039062500 0.011718750 0.011718750 0.031250000 0.019531250 0.023437500 0.015625000 0.046875000 0.027343750 0.050781250 0.031250000 0.019531250 0.035156250 0.011718750 0.031250000 0.031250000 0.035156250 0.035156250 0.031250000 0.015625000 0.007812500 0.039062500 0.031250000 0.015625000 0.031250000 0.027343750 0.019531250 0.003906250 0.003906250 0.046875000 0.035156250 0.019531250 0.015625000 0.054687500 0.027343750 0.027343750 0.011718750 0.015625000 0.027343750 0.011718750 0.031250000 0.015625000 0.015625000 0.003906250 0.019531250 0.027343750 0.019531250 0.023437500 0.007812500 0.027343750 0.015625000 0.019531250 0.058593750 0.023437500 0.003906250 0.000000000 0.019531250 0.007812500 0.019531250 0.015625000 0.007812500 0.015625000 0.027343750 0.023437500 0.011718750 0.046875000 0.023437500 0.023437500 0.007812500 0.019531250 0.011718750 0.023437500 0.035156250 0.023437500 0.027343750 
0.976562500 1.464843750 1.453125000 2.949218750 6.089843750 0.613281250 2.527343750 4.136718750 1.417968750 1.851562500 5.027343750 0.257812500 0.609375000 0.414062500 1.835937500 0.417968750 0.078125000 0.097656250 0.117187500 0.074218750 0.105468750 0.039062500 0.058593750 0.011718750 0.066406250 0.039062500 0.027343750 0.074218750 0.066406250 0.062500000 0.046875000 0.050781250 0.015625000 0.027343750 0.011718750 0.035156250 0.031250000 0.031250000 0.039062500 0.035156250 0.035156250 0.046875000 0.050781250 0.031250000 0.023437500 0.023437500 0.035156250 0.023437500 0.042968750 0.042968750 0.042968750 0.035156250 0.046875000 0.085937500 0.062500000 0.039062500 0.082031250 0.046875000 0.082031250 0.195312500 0.179687500 0.042968750 0.265625000 0.062500000 0.121093750 0.175781250 0.234375000 0.160156250 0.222656250 0.496093750 0.312500000 0.269531250 0.515625000 0.625000000 0.101562500 0.464843750 0.273437500 0.218750000 0.218750000 0.265625000 0.109375000 0.101562500 0.144531250 0.347656250 0.136718750 0.320312500 0.441406250 0.175781250 0.101562500 0.335937500 0.335937500 0.511718750 0.546875000 0.246093750 0.468750000 0.199218750 0.273437500 0.238281250 0.359375000 0.082031250 0.082031250 0.324218750 0.152343750 0.433593750 0.183593750 0.191406250 0.250000000 0.730468750 0.402343750 1.183593750 0.863281250 0.460937500 0.375000000 1.015625000 0.621093750 0.808593750 0.347656250 0.273437500 0.394531250 0.367187500 0.582031250 0.187500000 0.085937500 0.292968750 0.125000000 0.031250000 0.039062500 0.058593750 0.031250000 0.031250000 0.019531250 0.027343750 0.015625000 0.027343750 0.011718750 0.007812500 0.078125000 0.054687500 0.035156250 0.023437500 0.031250000 0.027343750 0.027343750 0.027343750 0.035156250 0.007812500 0.003906250 0.035156250 0.015625000 0.003906250 0.042968750 0.031250000 0.042968750 0.035156250 0.015625000 0.031250000 0.015625000 0.050781250 0.015625000 0.023437500 0.015625000 0.015625000 0.035156250 0.007812500 0.031250000 0.023437500 0.031250000 0.011718750 0.007812500 0.039062500 0.023437500 0.027343750 0.023437500 0.023437500 0.011718750 0.027343750 0.027343750 0.031250000 0.027343750 0.027343750 0.023437500 0.035156250 0.023437500 0.023437500 0.046875000 0.031250000 0.011718750 0.019531250 0.015625000 0.070312500 0.015625000 0.027343750 0.023437500 0.011718750 0.031250000 0.011718750 0.031250000 0.031250000 0.023437500 0.039062500 0.015625000 0.003906250 0.019531250 0.015625000 0.019531250 0.019531250 0.023437500 0.007812500 0.023437500 0.011718750 0.023437500 0.023437500 0.046875000 0.023437500 0.027343750 0.027343750 0.019531250 0.023437500 0.011718750 0.007812500 0.035156250 0.015625000 0.019531250 0.023437500 0.023437500 0.011718750 0.027343750 0.027343750 0.015625000 0.007812500 0.011718750 0.046875000 0.031250000 0.015625000 0.078125000 0.027343750 0.007812500 0.027343750 0.015625000 0.015625000 0.019531250 0.015625000 0.015625000 0.011718750 0.015625000 0.031250000 0.011718750 0.046875000 0.015625000 0.015625000 0.015625000 0.023437500 0.003906250 0.023437500 0.039062500 0.019531250 0.031250000 
0.589843750 0.980468750 1.187500000 2.515625000 5.234375000 0.597656250 1.585937500 4.304687500 1.250000000 0.382812500 5.042968750 0.308593750 0.160156250 0.859375000 1.777343750 0.382812500 0.257812500 0.179687500 0.207031250 0.105468750 0.089843750 0.039062500 0.082031250 0.097656250 0.074218750 0.078125000 0.074218750 0.113281250 0.058593750 0.019531250 0.093750000 0.058593750 0.027343750 0.027343750 0.011718750 0.046875000 0.003906250 0.035156250 0.062500000 0.046875000 0.054687500 0.035156250 0.042968750 0.054687500 0.023437500 0.031250000 0.011718750 0.019531250 0.011718750 0.007812500 0.027343750 0.007812500 0.058593750 0.082031250 0.007812500 0.054687500 0.050781250 0.058593750 0.125000000 0.089843750 0.167968750 0.117187500 0.167968750 0.046875000 0.195312500 0.312500000 0.234375000 0.085937500 0.195312500 0.558593750 0.140625000 0.093750000 0.160156250 0.460937500 0.062500000 0.113281250 0.257812500 0.191406250 0.046875000 0.281250000 0.105468750 0.066406250 0.093750000 0.125000000 0.152343750 0.148437500 0.605468750 0.093750000 0.214843750 0.238281250 0.250000000 0.316406250 0.265625000 0.308593750 0.621093750 0.195312500 0.089843750 0.031250000 0.152343750 0.187500000 0.167968750 0.066406250 0.398437500 0.132812500 0.066406250 0.179687500 0.054687500 0.253906250 0.351562500 0.949218750 0.480468750 0.718750000 0.652343750 0.453125000 0.105468750 0.292968750 0.339843750 0.089843750 0.207031250 0.140625000 0.480468750 0.121093750 0.097656250 0.105468750 0.085937500 0.066406250 0.058593750 0.023437500 0.046875000 0.019531250 0.035156250 0.023437500 0.035156250 0.003906250 0.011718750 0.023437500 0.027343750 0.035156250 0.027343750 0.007812500 0.039062500 0.011718750 0.011718750 0.046875000 0.011718750 0.019531250 0.023437500 0.023437500 0.015625000 0.042968750 0.015625000 0.027343750 0.027343750 0.035156250 0.035156250 0.007812500 0.019531250 0.042968750 0.003906250 0.023437500 0.015625000 0.023437500 0.011718750 0.031250000 0.039062500 0.035156250 0.023437500 0.050781250 0.023437500 0.031250000 0.019531250 0.031250000 0.023437500 0.015625000 0.015625000 0.046875000 0.046875000 0.035156250 0.011718750 0.011718750 0.042968750 0.011718750 0.050781250 0.007812500 0.031250000 0.003906250 0.035156250 0.019531250 0.046875000 0.042968750 0.031250000 0.031250000 0.039062500 0.023437500 0.031250000 0.023437500 0.023437500 0.035156250 0.046875000 0.023437500 0.023437500 0.023437500 0.031250000 0.023437500 0.039062500 0.031250000 0.019531250 0.035156250 0.031250000 0.042968750 0.039062500 0.039062500 0.027343750 0.015625000 0.011718750 0.019531250 0.015625000 0.007812500 0.035156250 0.039062500 0.015625000 0.031250000 0.003906250 0.015625000 0.027343750 0.027343750 0.011718750 0.050781250 0.019531250 0.023437500 0.046875000 0.039062500 0.058593750 0.019531250 0.082031250 0.031250000 0.003906250 0.042968750 0.042968750 0.011718750 0.007812500 0.039062500 0.011718750 0.015625000 0.019531250 0.023437500 0.007812500 0.042968750 0.007812500 0.015625000 0.035156250 0.039062500 0.019531250 0.027343750 0.011718750 0.003906250 0.019531250 
0.718750000 0.902343750 1.191406250 1.757812500 3.855468750 1.390625000 1.734375000 3.777343750 0.636718750 1.296875000 4.652343750 0.199218750 0.207031250 0.656250000 1.832031250 0.441406250 0.343750000 0.140625000 0.199218750 0.226562500 0.132812500 0.136718750 0.132812500 0.132812500 0.105468750 0.070312500 0.093750000 0.097656250 0.062500000 0.093750000 0.093750000 0.062500000 0.046875000 0.082031250 0.089843750 0.054687500 0.027343750 0.046875000 0.062500000 0.070312500 0.070312500 0.042968750 0.031250000 0.078125000 0.023437500 0.031250000 0.031250000 0.050781250 0.062500000 0.027343750 0.039062500 0.058593750 0.042968750 0.066406250 0.058593750 0.031250000 0.011718750 0.046875000 0.042968750 0.101562500 0.039062500 0.054687500 0.164062500 0.082031250 0.140625000 0.386718750 0.238281250 0.046875000 0.398437500 0.308593750 0.125000000 0.117187500 0.238281250 0.289062500 0.214843750 0.136718750 0.050781250 0.105468750 0.031250000 0.300781250 0.042968750 0.175781250 0.062500000 0.097656250 0.113281250 0.027343750 0.398437500 0.304687500 0.062500000 0.023437500 0.039062500 0.433593750 0.175781250 0.292968750 0.375000000 0.308593750 0.132812500 0.062500000 0.074218750 0.195312500 0.203125000 0.160156250 0.273437500 0.179687500 0.183593750 0.285156250 0.191406250 0.187500000 0.253906250 0.492187500 0.359375000 0.121093750 0.125000000 0.359375000 0.367187500 0.437500000 0.273437500 0.121093750 0.140625000 0.281250000 0.261718750 0.089843750 0.117187500 0.050781250 0.074218750 0.042968750 0.085937500 0.031250000 0.007812500 0.035156250 0.058593750 0.011718750 0.035156250 0.027343750 0.031250000 0.027343750 0.023437500 0.039062500 0.027343750 0.011718750 0.058593750 0.050781250 0.015625000 0.046875000 0.039062500 0.015625000 0.007812500 0.023437500 0.015625000 0.058593750 0.027343750 0.015625000 0.019531250 0.023437500 0.035156250 0.019531250 0.031250000 0.050781250 0.039062500 0.062500000 0.042968750 0.023437500 0.035156250 0.023437500 0.039062500 0.042968750 0.042968750 0.023437500 0.015625000 0.015625000 0.031250000 0.027343750 0.011718750 0.019531250 0.039062500 0.031250000 0.003906250 0.042968750 0.019531250 0.046875000 0.019531250 0.031250000 0.011718750 0.035156250 0.027343750 0.019531250 0.019531250 0.011718750 0.023437500 0.019531250 0.046875000 0.054687500 0.015625000 0.031250000 0.023437500 0.007812500 0.007812500 0.042968750 0.003906250 0.015625000 0.015625000 0.054687500 0.019531250 0.035156250 0.054687500 0.027343750 0.011718750 0.062500000 0.011718750 0.039062500 0.031250000 0.019531250 0.007812500 0.027343750 0.003906250 0.003906250 0.019531250 0.035156250 0.007812500 0.035156250 0.054687500 0.007812500 0.019531250 0.027343750 0.027343750 0.019531250 0.023437500 0.027343750 0.015625000 0.046875000 0.007812500 0.011718750 0.062500000 0.031250000 0.035156250 0.046875000 0.019531250 0.031250000 0.066406250 0.023437500 0.031250000 0.023437500 0.007812500 0.023437500 0.019531250 0.003906250 0.003906250 0.050781250 0.007812500 0.003906250 0.039062500 0.031250000 0.015625000 0.031250000 0.003906250 0.023437500 0.046875000 
0.027343750 0.101562500 0.277343750 0.832031250 2.304687500 0.988281250 1.906250000 3.269531250 0.960937500 0.851562500 3.718750000 0.804687500 0.304687500 0.613281250 1.546875000 0.554687500 0.332031250 0.261718750 0.265625000 0.203125000 0.132812500 0.187500000 0.144531250 0.152343750 0.128906250 0.136718750 0.132812500 0.093750000 0.109375000 0.117187500 0.140625000 0.109375000 0.062500000 0.125000000 0.042968750 0.101562500 0.062500000 0.085937500 0.085937500 0.097656250 0.058593750 0.085937500 0.082031250 0.042968750 0.066406250 0.085937500 0.089843750 0.035156250 0.070312500 0.082031250 0.066406250 0.054687500 0.066406250 0.054687500 0.062500000 0.031250000 0.066406250 0.035156250 0.046875000 0.031250000 0.093750000 0.050781250 0.128906250 0.128906250 0.218750000 0.378906250 0.207031250 0.132812500 0.285156250 0.128906250 0.117187500 0.054687500 0.222656250 0.195312500 0.175781250 0.140625000 0.042968750 0.144531250 0.085937500 0.398437500 0.027343750 0.101562500 0.105468750 0.105468750 0.011718750 0.039062500 0.269531250 0.167968750 0.261718750 0.253906250 0.269531250 0.132812500 0.167968750 0.472656250 0.285156250 0.203125000 0.265625000 0.089843750 0.109375000 0.046875000 0.132812500 0.171875000 0.167968750 0.085937500 0.125000000 0.179687500 0.152343750 0.320312500 0.292968750 0.566406250 0.160156250 0.234375000 0.441406250 0.066406250 0.222656250 0.394531250 0.128906250 0.300781250 0.011718750 0.242187500 0.242187500 0.093750000 0.121093750 0.199218750 0.054687500 0.031250000 0.039062500 0.039062500 0.007812500 0.050781250 0.062500000 0.042968750 0.035156250 0.050781250 0.039062500 0.058593750 0.042968750 0.027343750 0.031250000 0.031250000 0.054687500 0.046875000 0.058593750 0.039062500 0.042968750 0.031250000 0.035156250 0.027343750 0.035156250 0.015625000 0.031250000 0.019531250 0.031250000 0.019531250 0.050781250 0.046875000 0.011718750 0.042968750 0.070312500 0.027343750 0.042968750 0.031250000 0.031250000 0.054687500 0.027343750 0.035156250 0.082031250 0.035156250 0.011718750 0.003906250 0.019531250 0.019531250 0.039062500 0.023437500 0.031250000 0.042968750 0.011718750 0.027343750 0.015625000 0.054687500 0.050781250 0.023437500 0.011718750 0.031250000 0.058593750 0.023437500 0.015625000 0.023437500 0.050781250 0.046875000 0.046875000 0.015625000 0.019531250 0.023437500 0.039062500 0.015625000 0.027343750 0.003906250 0.023437500 0.023437500 0.054687500 0.042968750 0.023437500 0.027343750 0.070312500 0.031250000 0.046875000 0.050781250 0.031250000 0.031250000 0.023437500 0.031250000 0.023437500 0.042968750 0.023437500 0.019531250 0.050781250 0.027343750 0.015625000 0.019531250 0.011718750 0.031250000 0.007812500 0.011718750 0.023437500 0.011718750 0.019531250 0.003906250 0.031250000 0.046875000 0.031250000 0.062500000 0.003906250 0.023437500 0.023437500 0.023437500 0.011718750 0.015625000 0.031250000 0.019531250 0.031250000 0.019531250 0.039062500 0.039062500 0.019531250 0.035156250 0.015625000 0.046875000 0.039062500 0.023437500 0.019531250 0.039062500 0.011718750 0.031250000 0.023437500 0.007812500 0.042968750 
0.175781250 0.050781250 0.335937500 0.628906250 2.742187500 0.269531250 1.039062500 2.921875000 0.417968750 0.289062500 2.964843750 0.683593750 0.417968750 0.746093750 1.121093750 0.105468750 0.089843750 0.152343750 0.015625000 0.039062500 0.039062500 0.007812500 0.023437500 0.046875000 0.035156250 0.035156250 0.050781250 0.054687500 0.019531250 0.027343750 0.031250000 0.019531250 0.023437500 0.035156250 0.070312500 0.058593750 0.046875000 0.011718750 0.011718750 0.027343750 0.027343750 0.007812500 0.027343750 0.019531250 0.019531250 0.039062500 0.027343750 0.058593750 0.031250000 0.050781250 0.011718750 0.015625000 0.019531250 0.015625000 0.011718750 0.039062500 0.027343750 0.039062500 0.046875000 0.054687500 0.042968750 0.035156250 0.082031250 0.066406250 0.222656250 0.269531250 0.125000000 0.023437500 0.183593750 0.066406250 0.039062500 0.066406250 0.183593750 0.183593750 0.261718750 0.027343750 0.085937500 0.105468750 0.113281250 0.390625000 0.039062500 0.089843750 0.085937500 0.082031250 0.042968750 0.082031250 0.121093750 0.066406250 0.121093750 0.382812500 0.183593750 0.070312500 0.347656250 0.226562500 0.113281250 0.097656250 0.292968750 0.058593750 0.058593750 0.003906250 0.105468750 0.066406250 0.011718750 0.082031250 0.269531250 0.093750000 0.343750000 0.265625000 0.171875000 0.347656250 0.183593750 0.332031250 0.328125000 0.222656250 0.332031250 0.300781250 0.234375000 0.097656250 0.152343750 0.035156250 0.175781250 0.082031250 0.128906250 0.187500000 0.074218750 0.031250000 0.019531250 0.031250000 0.019531250 0.046875000 0.023437500 0.054687500 0.042968750 0.031250000 0.027343750 0.023437500 0.027343750 0.039062500 0.015625000 0.050781250 0.042968750 0.035156250 0.050781250 0.007812500 0.035156250 0.023437500 0.027343750 0.027343750 0.031250000 0.023437500 0.027343750 0.003906250 0.011718750 0.023437500 0.054687500 0.007812500 0.031250000 0.039062500 0.023437500 0.027343750 0.031250000 0.035156250 0.027343750 0.054687500 0.027343750 0.031250000 0.046875000 0.007812500 0.031250000 0.027343750 0.011718750 0.015625000 0.050781250 0.015625000 0.031250000 0.019531250 0.011718750 0.011718750 0.039062500 0.039062500 0.027343750 0.039062500 0.015625000 0.027343750 0.019531250 0.054687500 0.011718750 0.031250000 0.027343750 0.031250000 0.023437500 0.011718750 0.027343750 0.023437500 0.035156250 0.011718750 0.027343750 0.035156250 0.039062500 0.031250000 0.007812500 0.007812500 0.019531250 0.019531250 0.062500000 0.019531250 0.007812500 0.011718750 0.046875000 0.015625000 0.003906250 0.039062500 0.027343750 0.007812500 0.050781250 0.035156250 0.027343750 0.023437500 0.042968750 0.007812500 0.007812500 0.035156250 0.050781250 0.054687500 0.019531250 0.015625000 0.019531250 0.019531250 0.070312500 0.015625000 0.019531250 0.039062500 0.039062500 0.035156250 0.015625000 0.023437500 0.007812500 0.011718750 0.027343750 0.003906250 0.015625000 0.023437500 0.007812500 0.007812500 0.035156250 0.035156250 0.027343750 0.019531250 0.023437500 0.054687500 0.011718750 0.015625000 0.039062500 0.015625000 0.035156250 0.031250000 0.003906250 
0.460937500 0.332031250 0.222656250 0.714843750 2.863281250 0.445312500 0.648437500 2.605468750 0.355468750 0.515625000 2.691406250 0.359375000 0.300781250 0.671875000 0.785156250 0.140625000 0.093750000 0.066406250 0.082031250 0.054687500 0.042968750 0.035156250 0.027343750 0.027343750 0.042968750 0.035156250 0.050781250 0.019531250 0.042968750 0.035156250 0.023437500 0.007812500 0.011718750 0.027343750 0.015625000 0.031250000 0.027343750 0.011718750 0.007812500 0.015625000 0.019531250 0.023437500 0.011718750 0.027343750 0.007812500 0.046875000 0.027343750 0.039062500 0.015625000 0.019531250 0.031250000 0.019531250 0.027343750 0.007812500 0.003906250 0.039062500 0.031250000 0.007812500 0.042968750 0.035156250 0.042968750 0.023437500 0.066406250 0.039062500 0.050781250 0.113281250 0.097656250 0.117187500 0.093750000 0.046875000 0.035156250 0.097656250 0.207031250 0.324218750 0.195312500 0.136718750 0.011718750 0.132812500 0.117187500 0.285156250 0.128906250 0.031250000 0.054687500 0.070312500 0.058593750 0.160156250 0.074218750 0.023437500 0.140625000 0.277343750 0.242187500 0.136718750 0.234375000 0.132812500 0.015625000 0.164062500 0.335937500 0.042968750 0.078125000 0.039062500 0.101562500 0.046875000 0.019531250 0.125000000 0.230468750 0.089843750 0.320312500 0.222656250 0.101562500 0.335937500 0.332031250 0.195312500 0.175781250 0.128906250 0.281250000 0.246093750 0.085937500 0.191406250 0.121093750 0.113281250 0.269531250 0.054687500 0.160156250 0.132812500 0.031250000 0.007812500 0.027343750 0.011718750 0.039062500 0.039062500 0.007812500 0.039062500 0.011718750 0.023437500 0.015625000 0.035156250 0.039062500 0.035156250 0.019531250 0.046875000 0.019531250 0.035156250 0.007812500 0.035156250 0.019531250 0.011718750 0.011718750 0.015625000 0.031250000 0.031250000 0.039062500 0.011718750 0.023437500 0.011718750 0.035156250 0.019531250 0.035156250 0.046875000 0.015625000 0.011718750 0.031250000 0.027343750 0.007812500 0.015625000 0.074218750 0.015625000 0.019531250 0.031250000 0.015625000 0.054687500 0.019531250 0.011718750 0.039062500 0.015625000 0.031250000 0.023437500 0.011718750 0.035156250 0.023437500 0.019531250 0.031250000 0.031250000 0.015625000 0.023437500 0.011718750 0.046875000 0.015625000 0.011718750 0.039062500 0.023437500 0.011718750 0.007812500 0.019531250 0.003906250 0.031250000 0.007812500 0.027343750 0.015625000 0.019531250 0.035156250 0.007812500 0.003906250 0.007812500 0.015625000 0.054687500 0.046875000 0.027343750 0.039062500 0.023437500 0.015625000 0.031250000 0.015625000 0.031250000 0.042968750 0.035156250 0.019531250 0.035156250 0.027343750 0.035156250 0.023437500 0.019531250 0.027343750 0.027343750 0.042968750 0.007812500 0.007812500 0.003906250 0.011718750 0.042968750 0.019531250 0.039062500 0.019531250 0.003906250 0.035156250 0.027343750 0.019531250 0.031250000 0.027343750 0.023437500 0.007812500 0.011718750 0.011718750 0.023437500 0.019531250 0.039062500 0.031250000 0.023437500 0.023437500 0.007812500 0.046875000 0.019531250 0.023437500 0.042968750 0.015625000 0.031250000 0.039062500 0.007812500 
0.480468750 0.246093750 0.472656250 0.875000000 2.671875000 0.101562500 1.328125000 2.312500000 0.445312500 0.488281250 2.355468750 0.273437500 0.328125000 0.296875000 0.527343750 0.250000000 0.078125000 0.058593750 0.019531250 0.046875000 0.015625000 0.019531250 0.027343750 0.039062500 0.019531250 0.015625000 0.050781250 0.015625000 0.027343750 0.023437500 0.019531250 0.023437500 0.015625000 0.031250000 0.027343750 0.023437500 0.015625000 0.015625000 0.015625000 0.023437500 0.003906250 0.031250000 0.019531250 0.031250000 0.015625000 0.023437500 0.011718750 0.015625000 0.042968750 0.031250000 0.015625000 0.015625000 0.019531250 0.015625000 0.019531250 0.023437500 0.039062500 0.031250000 0.023437500 0.042968750 0.027343750 0.019531250 0.066406250 0.039062500 0.089843750 0.074218750 0.097656250 0.074218750 0.031250000 0.109375000 0.039062500 0.097656250 0.238281250 0.250000000 0.152343750 0.175781250 0.031250000 0.035156250 0.101562500 0.148437500 0.015625000 0.050781250 0.058593750 0.050781250 0.054687500 0.066406250 0.117187500 0.109375000 0.070312500 0.054687500 0.167968750 0.136718750 0.109375000 0.015625000 0.085937500 0.156250000 0.324218750 0.031250000 0.062500000 0.097656250 0.082031250 0.031250000 0.039062500 0.136718750 0.160156250 0.039062500 0.375000000 0.089843750 0.152343750 0.082031250 0.125000000 0.078125000 0.113281250 0.160156250 0.050781250 0.378906250 0.210937500 0.089843750 0.125000000 0.105468750 0.199218750 0.085937500 0.093750000 0.082031250 0.046875000 0.023437500 0.019531250 0.027343750 0.019531250 0.027343750 0.035156250 0.019531250 0.011718750 0.023437500 0.015625000 0.031250000 0.035156250 0.011718750 0.035156250 0.050781250 0.003906250 0.023437500 0.007812500 0.035156250 0.031250000 0.023437500 0.019531250 0.035156250 0.035156250 0.011718750 0.035156250 0.015625000 0.011718750 0.023437500 0.023437500 0.023437500 0.027343750 0.035156250 0.019531250 0.011718750 0.011718750 0.035156250 0.003906250 0.011718750 0.046875000 0.035156250 0.023437500 0.027343750 0.031250000 0.050781250 0.046875000 0.023437500 0.031250000 0.011718750 0.019531250 0.007812500 0.007812500 0.019531250 0.000000000 0.035156250 0.027343750 0.023437500 0.027343750 0.015625000 0.019531250 0.039062500 0.003906250 0.007812500 0.035156250 0.023437500 0.007812500 0.011718750 0.019531250 0.019531250 0.042968750 0.027343750 0.039062500 0.003906250 0.023437500 0.031250000 0.007812500 0.015625000 0.023437500 0.003906250 0.054687500 0.042968750 0.015625000 0.035156250 0.015625000 0.015625000 0.015625000 0.050781250 0.046875000 0.023437500 0.027343750 0.023437500 0.027343750 0.027343750 0.035156250 0.019531250 0.015625000 0.027343750 0.039062500 0.046875000 0.007812500 0.015625000 0.023437500 0.035156250 0.027343750 0.023437500 0.035156250 0.007812500 0.011718750 0.039062500 0.015625000 0.031250000 0.035156250 0.023437500 0.015625000 0.023437500 0.019531250 0.019531250 0.011718750 0.039062500 0.023437500 0.023437500 0.011718750 0.015625000 0.031250000 0.031250000 0.019531250 0.011718750 0.031250000 0.007812500 0.035156250 0.031250000 0.019531250 
0.390625000 0.222656250 0.250000000 0.746093750 2.257812500 0.195312500 1.421875000 2.160156250 0.617187500 0.593750000 2.351562500 0.425781250 0.292968750 0.105468750 0.398437500 0.250000000 0.195312500 0.171875000 0.117187500 0.085937500 0.105468750 0.097656250 0.093750000 0.125000000 0.058593750 0.054687500 0.101562500 0.062500000 0.078125000 0.089843750 0.097656250 0.078125000 0.070312500 0.062500000 0.054687500 0.066406250 0.070312500 0.074218750 0.050781250 0.074218750 0.058593750 0.035156250 0.039062500 0.066406250 0.054687500 0.050781250 0.042968750 0.035156250 0.015625000 0.058593750 0.058593750 0.039062500 0.042968750 0.046875000 0.039062500 0.042968750 0.007812500 0.046875000 0.035156250 0.015625000 0.039062500 0.019531250 0.070312500 0.085937500 0.085937500 0.132812500 0.011718750 0.000000000 0.117187500 0.101562500 0.062500000 0.054687500 0.214843750 0.125000000 0.074218750 0.046875000 0.070312500 0.035156250 0.070312500 0.089843750 0.082031250 0.011718750 0.023437500 0.039062500 0.046875000 0.054687500 0.144531250 0.109375000 0.078125000 0.136718750 0.085937500 0.042968750 0.054687500 0.062500000 0.031250000 0.113281250 0.250000000 0.035156250 0.035156250 0.101562500 0.082031250 0.058593750 0.023437500 0.109375000 0.132812500 0.019531250 0.359375000 0.066406250 0.089843750 0.152343750 0.027343750 0.113281250 0.156250000 0.101562500 0.121093750 0.277343750 0.093750000 0.121093750 0.128906250 0.160156250 0.132812500 0.023437500 0.039062500 0.058593750 0.078125000 0.054687500 0.050781250 0.062500000 0.035156250 0.015625000 0.046875000 0.031250000 0.031250000 0.031250000 0.019531250 0.039062500 0.046875000 0.042968750 0.023437500 0.050781250 0.019531250 0.011718750 0.019531250 0.046875000 0.023437500 0.031250000 0.011718750 0.039062500 0.039062500 0.007812500 0.015625000 0.054687500 0.031250000 0.011718750 0.007812500 0.003906250 0.011718750 0.011718750 0.039062500 0.019531250 0.027343750 0.046875000 0.035156250 0.046875000 0.042968750 0.027343750 0.023437500 0.023437500 0.011718750 0.062500000 0.039062500 0.046875000 0.011718750 0.011718750 0.035156250 0.031250000 0.023437500 0.007812500 0.039062500 0.019531250 0.058593750 0.042968750 0.019531250 0.031250000 0.031250000 0.039062500 0.011718750 0.011718750 0.046875000 0.015625000 0.003906250 0.019531250 0.011718750 0.031250000 0.039062500 0.019531250 0.035156250 0.007812500 0.031250000 0.039062500 0.035156250 0.027343750 0.023437500 0.027343750 0.054687500 0.023437500 0.027343750 0.015625000 0.039062500 0.003906250 0.003906250 0.066406250 0.050781250 0.031250000 0.027343750 0.035156250 0.007812500 0.015625000 0.023437500 0.015625000 0.035156250 0.050781250 0.031250000 0.031250000 0.003906250 0.007812500 0.007812500 0.027343750 0.027343750 0.019531250 0.035156250 0.011718750 0.007812500 0.031250000 0.039062500 0.058593750 0.050781250 0.027343750 0.035156250 0.019531250 0.019531250 0.042968750 0.031250000 0.031250000 0.019531250 0.023437500 0.011718750 0.007812500 0.035156250 0.015625000 0.003906250 0.023437500 0.039062500 0.015625000 0.027343750 0.031250000 0.023437500 
0.203125000 0.207031250 0.394531250 0.714843750 1.910156250 0.167968750 0.871093750 2.066406250 0.687500000 0.792968750 2.148437500 0.253906250 0.132812500 0.273437500 0.417968750 0.171875000 0.195312500 0.144531250 0.113281250 0.015625000 0.058593750 0.078125000 0.050781250 0.085937500 0.109375000 0.085937500 0.121093750 0.117187500 0.066406250 0.042968750 0.031250000 0.054687500 0.046875000 0.042968750 0.035156250 0.050781250 0.039062500 0.039062500 0.027343750 0.035156250 0.035156250 0.023437500 0.046875000 0.031250000 0.050781250 0.027343750 0.019531250 0.054687500 0.011718750 0.039062500 0.023437500 0.046875000 0.027343750 0.031250000 0.015625000 0.039062500 0.050781250 0.035156250 0.050781250 0.031250000 0.011718750 0.039062500 0.042968750 0.046875000 0.046875000 0.152343750 0.039062500 0.015625000 0.167968750 0.078125000 0.140625000 0.160156250 0.152343750 0.070312500 0.042968750 0.066406250 0.125000000 0.039062500 0.054687500 0.042968750 0.058593750 0.085937500 0.058593750 0.066406250 0.097656250 0.105468750 0.125000000 0.066406250 0.023437500 0.156250000 0.054687500 0.093750000 0.042968750 0.031250000 0.031250000 0.125000000 0.246093750 0.097656250 0.093750000 0.050781250 0.058593750 0.039062500 0.035156250 0.109375000 0.195312500 0.105468750 0.230468750 0.156250000 0.093750000 0.089843750 0.187500000 0.308593750 0.125000000 0.035156250 0.195312500 0.179687500 0.167968750 0.054687500 0.121093750 0.070312500 0.113281250 0.062500000 0.050781250 0.035156250 0.031250000 0.039062500 0.039062500 0.093750000 0.074218750 0.093750000 0.089843750 0.105468750 0.085937500 0.058593750 0.078125000 0.035156250 0.054687500 0.042968750 0.046875000 0.058593750 0.054687500 0.058593750 0.050781250 0.054687500 0.015625000 0.023437500 0.019531250 0.035156250 0.054687500 0.027343750 0.031250000 0.031250000 0.019531250 0.019531250 0.019531250 0.027343750 0.003906250 0.027343750 0.019531250 0.023437500 0.046875000 0.015625000 0.027343750 0.027343750 0.011718750 0.019531250 0.054687500 0.019531250 0.011718750 0.062500000 0.019531250 0.015625000 0.027343750 0.019531250 0.011718750 0.035156250 0.015625000 0.039062500 0.007812500 0.042968750 0.050781250 0.011718750 0.042968750 0.007812500 0.035156250 0.035156250 0.011718750 0.035156250 0.015625000 0.023437500 0.023437500 0.027343750 0.011718750 0.035156250 0.019531250 0.027343750 0.031250000 0.042968750 0.007812500 0.031250000 0.011718750 0.003906250 0.019531250 0.031250000 0.054687500 0.011718750 0.031250000 0.007812500 0.027343750 0.007812500 0.015625000 0.039062500 0.031250000 0.039062500 0.011718750 0.023437500 0.039062500 0.023437500 0.039062500 0.031250000 0.015625000 0.019531250 0.042968750 0.031250000 0.015625000 0.035156250 0.019531250 0.027343750 0.019531250 0.011718750 0.027343750 0.027343750 0.027343750 0.027343750 0.035156250 0.027343750 0.027343750 0.039062500 0.058593750 0.035156250 0.015625000 0.023437500 0.035156250 0.039062500 0.023437500 0.015625000 0.011718750 0.011718750 0.003906250 0.015625000 0.019531250 0.003906250 0.019531250 0.035156250 0.023437500 0.023437500 0.015625000 
0.070312500 0.246093750 0.242187500 0.539062500 1.750000000 0.191406250 0.375000000 1.695312500 0.554687500 0.632812500 2.199218750 0.480468750 0.550781250 0.238281250 0.375000000 0.042968750 0.167968750 0.062500000 0.093750000 0.066406250 0.082031250 0.058593750 0.042968750 0.031250000 0.074218750 0.039062500 0.062500000 0.027343750 0.078125000 0.011718750 0.062500000 0.003906250 0.039062500 0.046875000 0.050781250 0.019531250 0.027343750 0.046875000 0.050781250 0.011718750 0.035156250 0.023437500 0.046875000 0.050781250 0.039062500 0.031250000 0.027343750 0.015625000 0.031250000 0.003906250 0.015625000 0.039062500 0.019531250 0.035156250 0.042968750 0.011718750 0.000000000 0.003906250 0.019531250 0.031250000 0.019531250 0.046875000 0.027343750 0.046875000 0.039062500 0.214843750 0.105468750 0.117187500 0.210937500 0.148437500 0.132812500 0.117187500 0.023437500 0.171875000 0.093750000 0.234375000 0.253906250 0.167968750 0.148437500 0.128906250 0.121093750 0.078125000 0.007812500 0.062500000 0.117187500 0.054687500 0.042968750 0.054687500 0.046875000 0.175781250 0.066406250 0.105468750 0.046875000 0.078125000 0.101562500 0.156250000 0.148437500 0.007812500 0.136718750 0.070312500 0.062500000 0.062500000 0.050781250 0.050781250 0.164062500 0.082031250 0.187500000 0.207031250 0.121093750 0.031250000 0.277343750 0.292968750 0.183593750 0.089843750 0.082031250 0.121093750 0.066406250 0.007812500 0.101562500 0.062500000 0.070312500 0.023437500 0.015625000 0.097656250 0.097656250 0.160156250 0.265625000 0.152343750 0.140625000 0.187500000 0.183593750 0.070312500 0.113281250 0.164062500 0.136718750 0.093750000 0.148437500 0.218750000 0.191406250 0.089843750 0.140625000 0.160156250 0.070312500 0.113281250 0.097656250 0.160156250 0.156250000 0.144531250 0.089843750 0.074218750 0.054687500 0.097656250 0.199218750 0.234375000 0.238281250 0.214843750 0.167968750 0.148437500 0.078125000 0.050781250 0.070312500 0.027343750 0.042968750 0.023437500 0.035156250 0.046875000 0.093750000 0.074218750 0.117187500 0.078125000 0.046875000 0.054687500 0.031250000 0.027343750 0.023437500 0.019531250 0.031250000 0.023437500 0.125000000 0.207031250 0.140625000 0.167968750 0.128906250 0.058593750 0.171875000 0.167968750 0.175781250 0.144531250 0.058593750 0.082031250 0.046875000 0.023437500 0.023437500 0.039062500 0.023437500 0.023437500 0.007812500 0.039062500 0.015625000 0.015625000 0.015625000 0.019531250 0.031250000 0.039062500 0.011718750 0.015625000 0.023437500 0.015625000 0.015625000 0.007812500 0.019531250 0.023437500 0.011718750 0.039062500 0.007812500 0.007812500 0.023437500 0.019531250 0.023437500 0.011718750 0.046875000 0.027343750 0.027343750 0.042968750 0.003906250 0.039062500 0.007812500 0.019531250 0.019531250 0.015625000 0.023437500 0.039062500 0.011718750 0.015625000 0.007812500 0.046875000 0.027343750 0.031250000 0.046875000 0.027343750 0.019531250 0.023437500 0.011718750 0.031250000 0.011718750 0.027343750 0.031250000 0.027343750 0.039062500 0.035156250 0.023437500 0.007812500 0.027343750 0.019531250 0.058593750 0.035156250 0.039062500 
0.121093750 0.296875000 0.242187500 0.386718750 1.617187500 0.683593750 0.414062500 1.332031250 0.273437500 0.609375000 1.902343750 0.843750000 0.457031250 0.390625000 0.320312500 0.132812500 0.093750000 0.066406250 0.066406250 0.089843750 0.066406250 0.023437500 0.066406250 0.031250000 0.027343750 0.035156250 0.039062500 0.070312500 0.011718750 0.066406250 0.058593750 0.035156250 0.019531250 0.027343750 0.015625000 0.062500000 0.023437500 0.039062500 0.039062500 0.011718750 0.015625000 0.019531250 0.023437500 0.035156250 0.031250000 0.042968750 0.011718750 0.039062500 0.035156250 0.011718750 0.027343750 0.015625000 0.019531250 0.035156250 0.054687500 0.027343750 0.003906250 0.019531250 0.015625000 0.046875000 0.031250000 0.031250000 0.054687500 0.019531250 0.054687500 0.195312500 0.191406250 0.164062500 0.109375000 0.277343750 0.132812500 0.144531250 0.027343750 0.117187500 0.175781250 0.253906250 0.289062500 0.253906250 0.039062500 0.261718750 0.078125000 0.101562500 0.023437500 0.062500000 0.140625000 0.093750000 0.039062500 0.082031250 0.156250000 0.027343750 0.050781250 0.105468750 0.355468750 0.296875000 0.402343750 0.015625000 0.132812500 0.164062500 0.375000000 0.148437500 0.078125000 0.125000000 0.062500000 0.039062500 0.113281250 0.089843750 0.273437500 0.187500000 0.218750000 0.210937500 0.250000000 0.386718750 0.203125000 0.136718750 0.113281250 0.125000000 0.105468750 0.132812500 0.179687500 0.167968750 0.199218750 0.304687500 0.136718750 0.101562500 0.484375000 0.675781250 0.375000000 0.656250000 0.308593750 0.449218750 0.101562500 0.281250000 0.406250000 0.218750000 0.519531250 0.480468750 0.429687500 0.546875000 0.234375000 0.171875000 0.183593750 0.410156250 0.359375000 0.210937500 0.257812500 0.535156250 0.390625000 0.417968750 0.574218750 0.507812500 0.300781250 0.140625000 0.117187500 0.140625000 0.222656250 0.230468750 0.214843750 0.187500000 0.121093750 0.089843750 0.015625000 0.023437500 0.011718750 0.042968750 0.015625000 0.027343750 0.117187500 0.144531250 0.156250000 0.074218750 0.152343750 0.183593750 0.164062500 0.167968750 0.160156250 0.125000000 0.101562500 0.121093750 0.082031250 0.281250000 0.031250000 0.281250000 0.195312500 0.191406250 0.214843750 0.324218750 0.191406250 0.328125000 0.234375000 0.125000000 0.117187500 0.003906250 0.085937500 0.035156250 0.117187500 0.089843750 0.066406250 0.046875000 0.007812500 0.015625000 0.011718750 0.042968750 0.031250000 0.039062500 0.015625000 0.023437500 0.031250000 0.007812500 0.019531250 0.011718750 0.023437500 0.015625000 0.023437500 0.015625000 0.023437500 0.007812500 0.019531250 0.027343750 0.023437500 0.011718750 0.058593750 0.011718750 0.019531250 0.042968750 0.019531250 0.031250000 0.027343750 0.015625000 0.011718750 0.027343750 0.015625000 0.023437500 0.042968750 0.011718750 0.035156250 0.023437500 0.031250000 0.035156250 0.027343750 0.027343750 0.042968750 0.031250000 0.023437500 0.015625000 0.027343750 0.031250000 0.019531250 0.042968750 0.066406250 0.042968750 0.085937500 0.082031250 0.078125000 0.066406250 0.117187500 0.015625000 0.019531250 
0.214843750 0.121093750 0.265625000 0.324218750 1.320312500 0.480468750 0.910156250 1.089843750 0.382812500 0.558593750 1.207031250 0.691406250 0.269531250 0.597656250 0.300781250 0.109375000 0.062500000 0.078125000 0.066406250 0.074218750 0.085937500 0.109375000 0.066406250 0.050781250 0.074218750 0.015625000 0.031250000 0.066406250 0.035156250 0.050781250 0.078125000 0.066406250 0.070312500 0.062500000 0.023437500 0.089843750 0.027343750 0.054687500 0.007812500 0.011718750 0.027343750 0.039062500 0.015625000 0.007812500 0.039062500 0.054687500 0.015625000 0.023437500 0.058593750 0.035156250 0.007812500 0.039062500 0.035156250 0.031250000 0.070312500 0.011718750 0.023437500 0.035156250 0.027343750 0.070312500 0.011718750 0.070312500 0.015625000 0.031250000 0.019531250 0.218750000 0.097656250 0.250000000 0.125000000 0.300781250 0.156250000 0.015625000 0.132812500 0.222656250 0.125000000 0.250000000 0.226562500 0.214843750 0.144531250 0.429687500 0.183593750 0.109375000 0.070312500 0.121093750 0.140625000 0.089843750 0.089843750 0.054687500 0.027343750 0.265625000 0.382812500 0.179687500 0.464843750 0.179687500 0.589843750 0.292968750 0.246093750 0.535156250 0.359375000 0.128906250 0.164062500 0.164062500 0.183593750 0.152343750 0.105468750 0.042968750 0.261718750 0.171875000 0.339843750 0.121093750 0.269531250 0.332031250 0.109375000 0.070312500 0.109375000 0.019531250 0.082031250 0.171875000 0.171875000 0.359375000 0.128906250 0.464843750 0.250000000 0.140625000 0.769531250 0.890625000 0.265625000 0.527343750 0.535156250 0.789062500 0.578125000 0.640625000 0.277343750 0.394531250 1.164062500 0.878906250 0.285156250 0.554687500 0.382812500 0.140625000 0.148437500 0.527343750 0.339843750 0.203125000 0.496093750 0.800781250 0.218750000 0.285156250 0.699218750 0.812500000 0.726562500 0.414062500 0.277343750 0.468750000 0.660156250 0.144531250 0.269531250 0.402343750 0.339843750 0.375000000 0.199218750 0.093750000 0.089843750 0.093750000 0.167968750 0.207031250 0.132812500 0.156250000 0.234375000 0.074218750 0.070312500 0.132812500 0.359375000 0.398437500 0.121093750 0.226562500 0.214843750 0.121093750 0.289062500 0.453125000 0.070312500 0.187500000 0.421875000 0.343750000 0.285156250 0.363281250 0.308593750 0.269531250 0.308593750 0.113281250 0.167968750 0.132812500 0.050781250 0.078125000 0.187500000 0.132812500 0.046875000 0.101562500 0.054687500 0.027343750 0.035156250 0.042968750 0.031250000 0.039062500 0.031250000 0.023437500 0.066406250 0.023437500 0.027343750 0.023437500 0.023437500 0.035156250 0.046875000 0.042968750 0.042968750 0.062500000 0.050781250 0.027343750 0.027343750 0.027343750 0.031250000 0.035156250 0.019531250 0.042968750 0.027343750 0.019531250 0.007812500 0.000000000 0.023437500 0.023437500 0.003906250 0.007812500 0.027343750 0.027343750 0.089843750 0.050781250 0.039062500 0.042968750 0.039062500 0.023437500 0.039062500 0.015625000 0.062500000 0.023437500 0.058593750 0.042968750 0.062500000 0.105468750 0.070312500 0.011718750 0.050781250 0.078125000 0.125000000 0.082031250 0.101562500 0.007812500 0.042968750 
0.289062500 0.203125000 0.250000000 0.359375000 0.949218750 0.453125000 0.785156250 1.187500000 0.332031250 0.089843750 0.542968750 0.554687500 0.468750000 0.226562500 0.488281250 0.179687500 0.078125000 0.128906250 0.113281250 0.066406250 0.109375000 0.062500000 0.062500000 0.054687500 0.007812500 0.058593750 0.062500000 0.031250000 0.042968750 0.074218750 0.093750000 0.042968750 0.097656250 0.046875000 0.085937500 0.039062500 0.003906250 0.035156250 0.054687500 0.023437500 0.050781250 0.007812500 0.046875000 0.058593750 0.031250000 0.023437500 0.015625000 0.023437500 0.042968750 0.031250000 0.042968750 0.015625000 0.042968750 0.039062500 0.058593750 0.019531250 0.035156250 0.011718750 0.019531250 0.031250000 0.054687500 0.027343750 0.066406250 0.070312500 0.070312500 0.117187500 0.042968750 0.132812500 0.250000000 0.210937500 0.105468750 0.128906250 0.230468750 0.187500000 0.023437500 0.160156250 0.207031250 0.152343750 0.203125000 0.445312500 0.097656250 0.121093750 0.085937500 0.191406250 0.050781250 0.125000000 0.050781250 0.078125000 0.113281250 0.199218750 0.460937500 0.472656250 0.320312500 0.335937500 0.718750000 0.230468750 0.312500000 0.687500000 0.332031250 0.214843750 0.230468750 0.128906250 0.132812500 0.039062500 0.074218750 0.082031250 0.273437500 0.093750000 0.234375000 0.160156250 0.355468750 0.031250000 0.285156250 0.289062500 0.132812500 0.195312500 0.140625000 0.222656250 0.441406250 0.285156250 0.289062500 0.320312500 1.257812500 0.832031250 0.949218750 1.191406250 0.515625000 0.699218750 0.699218750 0.425781250 1.660156250 0.980468750 0.625000000 1.187500000 0.523437500 1.882812500 0.503906250 0.285156250 0.339843750 0.410156250 0.226562500 0.648437500 0.203125000 0.335937500 0.507812500 0.781250000 0.316406250 0.667968750 0.832031250 0.683593750 1.023437500 0.992187500 0.714843750 0.558593750 0.339843750 0.367187500 0.527343750 0.511718750 0.378906250 0.320312500 0.023437500 0.218750000 0.222656250 0.250000000 0.289062500 0.015625000 0.191406250 0.167968750 0.238281250 0.203125000 0.167968750 0.167968750 0.445312500 0.171875000 0.246093750 0.117187500 0.386718750 0.566406250 0.546875000 0.148437500 0.578125000 0.410156250 0.574218750 0.324218750 0.218750000 0.273437500 0.238281250 0.125000000 0.644531250 0.121093750 0.242187500 0.125000000 0.281250000 0.160156250 0.320312500 0.027343750 0.039062500 0.136718750 0.015625000 0.082031250 0.093750000 0.097656250 0.089843750 0.070312500 0.132812500 0.101562500 0.066406250 0.054687500 0.058593750 0.058593750 0.070312500 0.042968750 0.027343750 0.097656250 0.062500000 0.085937500 0.156250000 0.035156250 0.035156250 0.062500000 0.078125000 0.050781250 0.058593750 0.007812500 0.046875000 0.093750000 0.066406250 0.054687500 0.074218750 0.019531250 0.042968750 0.042968750 0.031250000 0.105468750 0.003906250 0.128906250 0.097656250 0.019531250 0.058593750 0.050781250 0.097656250 0.058593750 0.121093750 0.074218750 0.109375000 0.160156250 0.035156250 0.167968750 0.085937500 0.054687500 0.066406250 0.093750000 0.128906250 0.089843750 0.117187500 0.007812500 0.031250000 
0.074218750 0.007812500 0.042968750 0.320312500 0.750000000 0.535156250 0.429687500 1.285156250 0.179687500 0.175781250 0.656250000 0.167968750 0.152343750 0.242187500 0.527343750 0.183593750 0.046875000 0.152343750 0.070312500 0.003906250 0.078125000 0.070312500 0.070312500 0.015625000 0.082031250 0.058593750 0.078125000 0.062500000 0.062500000 0.082031250 0.019531250 0.109375000 0.144531250 0.046875000 0.039062500 0.023437500 0.023437500 0.003906250 0.019531250 0.046875000 0.042968750 0.003906250 0.015625000 0.039062500 0.027343750 0.050781250 0.042968750 0.042968750 0.050781250 0.023437500 0.050781250 0.035156250 0.066406250 0.035156250 0.062500000 0.042968750 0.042968750 0.027343750 0.015625000 0.023437500 0.035156250 0.035156250 0.066406250 0.097656250 0.078125000 0.113281250 0.261718750 0.187500000 0.035156250 0.144531250 0.058593750 0.039062500 0.199218750 0.078125000 0.117187500 0.144531250 0.144531250 0.187500000 0.281250000 0.253906250 0.292968750 0.167968750 0.175781250 0.230468750 0.128906250 0.128906250 0.031250000 0.179687500 0.101562500 0.136718750 0.375000000 0.644531250 0.167968750 0.250000000 0.527343750 0.464843750 0.566406250 0.480468750 0.207031250 0.210937500 0.292968750 0.289062500 0.171875000 0.191406250 0.187500000 0.144531250 0.132812500 0.062500000 0.167968750 0.160156250 0.246093750 0.093750000 0.414062500 0.316406250 0.207031250 0.121093750 0.082031250 0.082031250 0.269531250 0.332031250 0.574218750 0.476562500 1.316406250 1.089843750 1.519531250 1.191406250 1.324218750 0.800781250 0.390625000 0.531250000 1.710937500 1.250000000 0.507812500 1.312500000 0.406250000 2.464843750 0.960937500 0.429687500 0.433593750 0.437500000 0.378906250 0.746093750 0.195312500 0.566406250 0.894531250 0.394531250 0.222656250 0.886718750 0.378906250 0.207031250 0.957031250 1.125000000 0.554687500 0.871093750 0.238281250 0.191406250 0.613281250 0.472656250 0.597656250 0.093750000 0.210937500 0.289062500 0.031250000 0.410156250 0.484375000 0.125000000 0.390625000 0.171875000 0.121093750 0.136718750 0.382812500 0.113281250 0.484375000 0.242187500 0.335937500 0.097656250 0.300781250 0.746093750 0.535156250 0.714843750 0.644531250 1.093750000 0.417968750 0.519531250 0.363281250 0.351562500 0.406250000 0.320312500 0.390625000 0.117187500 0.207031250 0.125000000 0.074218750 0.214843750 0.398437500 0.015625000 0.078125000 0.085937500 0.082031250 0.136718750 0.054687500 0.066406250 0.011718750 0.042968750 0.121093750 0.062500000 0.082031250 0.066406250 0.031250000 0.070312500 0.082031250 0.070312500 0.101562500 0.015625000 0.046875000 0.085937500 0.109375000 0.078125000 0.054687500 0.058593750 0.085937500 0.082031250 0.070312500 0.082031250 0.058593750 0.050781250 0.039062500 0.046875000 0.046875000 0.070312500 0.031250000 0.070312500 0.070312500 0.078125000 0.078125000 0.035156250 0.132812500 0.003906250 0.074218750 0.093750000 0.042968750 0.031250000 0.031250000 0.035156250 0.035156250 0.187500000 0.101562500 0.160156250 0.074218750 0.117187500 0.101562500 0.160156250 0.167968750 0.058593750 0.085937500 0.019531250 0.050781250 
0.074218750 0.062500000 0.070312500 0.253906250 0.812500000 0.214843750 0.253906250 1.312500000 0.308593750 0.113281250 0.621093750 0.335937500 0.191406250 0.195312500 0.441406250 0.082031250 0.125000000 0.121093750 0.042968750 0.031250000 0.042968750 0.031250000 0.058593750 0.019531250 0.031250000 0.031250000 0.046875000 0.019531250 0.097656250 0.191406250 0.121093750 0.050781250 0.074218750 0.062500000 0.046875000 0.039062500 0.058593750 0.058593750 0.039062500 0.031250000 0.046875000 0.035156250 0.019531250 0.054687500 0.035156250 0.031250000 0.035156250 0.050781250 0.003906250 0.019531250 0.046875000 0.058593750 0.078125000 0.054687500 0.089843750 0.082031250 0.070312500 0.062500000 0.042968750 0.046875000 0.042968750 0.027343750 0.027343750 0.113281250 0.183593750 0.031250000 0.164062500 0.144531250 0.183593750 0.132812500 0.058593750 0.085937500 0.230468750 0.082031250 0.031250000 0.121093750 0.199218750 0.117187500 0.281250000 0.089843750 0.257812500 0.222656250 0.167968750 0.187500000 0.195312500 0.089843750 0.042968750 0.175781250 0.074218750 0.062500000 0.050781250 0.593750000 0.433593750 0.468750000 0.699218750 0.359375000 0.343750000 0.152343750 0.324218750 0.425781250 0.230468750 0.175781250 0.117187500 0.242187500 0.027343750 0.148437500 0.152343750 0.269531250 0.554687500 0.722656250 0.660156250 0.367187500 0.683593750 0.320312500 0.152343750 0.199218750 0.285156250 0.261718750 0.500000000 0.683593750 0.238281250 0.667968750 0.535156250 2.460937500 0.019531250 0.687500000 1.492187500 1.472656250 2.339843750 2.273437500 1.109375000 1.101562500 0.675781250 1.183593750 0.648437500 2.945312500 1.039062500 1.386718750 0.496093750 0.078125000 0.632812500 1.171875000 0.230468750 0.746093750 1.007812500 0.535156250 0.203125000 0.460937500 1.003906250 0.832031250 0.429687500 0.613281250 1.000000000 1.000000000 0.328125000 0.109375000 0.664062500 0.425781250 0.515625000 0.292968750 0.203125000 0.027343750 0.089843750 0.242187500 0.777343750 0.363281250 0.523437500 0.261718750 0.195312500 0.097656250 0.269531250 0.269531250 0.152343750 0.242187500 0.160156250 0.082031250 0.417968750 0.609375000 0.359375000 0.296875000 0.492187500 1.542968750 0.378906250 0.398437500 0.132812500 0.144531250 0.273437500 0.527343750 0.394531250 0.410156250 0.488281250 0.609375000 0.382812500 0.394531250 0.457031250 0.199218750 0.214843750 0.261718750 0.250000000 0.164062500 0.148437500 0.136718750 0.105468750 0.019531250 0.128906250 0.035156250 0.050781250 0.023437500 0.050781250 0.050781250 0.085937500 0.007812500 0.050781250 0.035156250 0.050781250 0.023437500 0.066406250 0.085937500 0.039062500 0.039062500 0.062500000 0.066406250 0.039062500 0.035156250 0.015625000 0.062500000 0.003906250 0.015625000 0.007812500 0.019531250 0.019531250 0.039062500 0.031250000 0.027343750 0.027343750 0.023437500 0.062500000 0.074218750 0.093750000 0.070312500 0.035156250 0.058593750 0.011718750 0.066406250 0.113281250 0.113281250 0.144531250 0.132812500 0.101562500 0.089843750 0.136718750 0.132812500 0.117187500 0.093750000 0.066406250 0.027343750 0.042968750 
0.101562500 0.039062500 0.031250000 0.183593750 0.816406250 0.273437500 0.480468750 1.066406250 0.089843750 0.101562500 0.406250000 0.367187500 0.222656250 0.113281250 0.398437500 0.042968750 0.128906250 0.097656250 0.078125000 0.074218750 0.035156250 0.035156250 0.023437500 0.011718750 0.011718750 0.023437500 0.050781250 0.070312500 0.128906250 0.121093750 0.097656250 0.089843750 0.097656250 0.082031250 0.070312500 0.023437500 0.046875000 0.019531250 0.027343750 0.042968750 0.023437500 0.023437500 0.019531250 0.003906250 0.019531250 0.019531250 0.003906250 0.019531250 0.019531250 0.027343750 0.011718750 0.031250000 0.035156250 0.054687500 0.058593750 0.031250000 0.054687500 0.050781250 0.031250000 0.027343750 0.046875000 0.039062500 0.093750000 0.015625000 0.113281250 0.109375000 0.199218750 0.089843750 0.156250000 0.015625000 0.148437500 0.117187500 0.343750000 0.128906250 0.082031250 0.035156250 0.160156250 0.144531250 0.191406250 0.144531250 0.242187500 0.257812500 0.253906250 0.136718750 0.109375000 0.031250000 0.113281250 0.160156250 0.144531250 0.351562500 0.398437500 0.406250000 0.500000000 0.433593750 0.839843750 0.375000000 0.191406250 0.144531250 0.226562500 0.281250000 0.105468750 0.187500000 0.191406250 0.191406250 0.199218750 0.082031250 0.101562500 0.046875000 0.394531250 1.019531250 0.773437500 0.144531250 0.781250000 0.347656250 0.132812500 0.218750000 0.664062500 0.386718750 1.039062500 0.421875000 0.941406250 0.242187500 1.664062500 2.019531250 2.785156250 3.070312500 2.601562500 1.160156250 2.742187500 1.125000000 1.394531250 0.519531250 0.597656250 1.285156250 1.773437500 1.394531250 1.500000000 3.367187500 1.687500000 0.503906250 1.382812500 0.324218750 0.769531250 0.851562500 1.160156250 0.527343750 0.351562500 0.453125000 0.386718750 0.890625000 0.140625000 0.500000000 0.160156250 1.191406250 0.218750000 0.378906250 0.531250000 0.300781250 0.195312500 0.734375000 0.179687500 0.179687500 0.066406250 0.199218750 0.882812500 0.152343750 0.417968750 0.300781250 0.300781250 0.121093750 0.191406250 0.308593750 0.199218750 0.167968750 0.156250000 0.234375000 0.417968750 0.367187500 0.222656250 0.382812500 0.640625000 1.214843750 0.675781250 0.339843750 0.269531250 0.785156250 0.507812500 0.062500000 0.253906250 0.417968750 0.179687500 0.921875000 0.578125000 0.644531250 0.210937500 0.132812500 0.445312500 0.507812500 0.082031250 0.164062500 0.308593750 0.207031250 0.070312500 0.050781250 0.011718750 0.035156250 0.070312500 0.074218750 0.062500000 0.062500000 0.066406250 0.082031250 0.011718750 0.027343750 0.035156250 0.015625000 0.035156250 0.058593750 0.031250000 0.027343750 0.101562500 0.027343750 0.070312500 0.058593750 0.011718750 0.031250000 0.039062500 0.011718750 0.042968750 0.082031250 0.066406250 0.039062500 0.054687500 0.015625000 0.031250000 0.035156250 0.058593750 0.082031250 0.050781250 0.121093750 0.058593750 0.035156250 0.027343750 0.082031250 0.085937500 0.042968750 0.093750000 0.140625000 0.070312500 0.054687500 0.113281250 0.187500000 0.140625000 0.101562500 0.078125000 0.074218750 0.117187500 
0.109375000 0.089843750 0.058593750 0.175781250 0.730468750 0.089843750 0.324218750 0.976562500 0.136718750 0.085937500 0.199218750 0.097656250 0.210937500 0.312500000 0.277343750 0.070312500 0.144531250 0.085937500 0.054687500 0.035156250 0.023437500 0.023437500 0.023437500 0.007812500 0.019531250 0.019531250 0.054687500 0.062500000 0.148437500 0.070312500 0.144531250 0.015625000 0.011718750 0.046875000 0.085937500 0.019531250 0.046875000 0.015625000 0.011718750 0.019531250 0.019531250 0.042968750 0.015625000 0.011718750 0.027343750 0.039062500 0.023437500 0.035156250 0.031250000 0.023437500 0.062500000 0.042968750 0.035156250 0.019531250 0.046875000 0.003906250 0.015625000 0.042968750 0.015625000 0.039062500 0.042968750 0.039062500 0.132812500 0.070312500 0.023437500 0.117187500 0.121093750 0.054687500 0.179687500 0.027343750 0.160156250 0.101562500 0.378906250 0.093750000 0.082031250 0.128906250 0.257812500 0.265625000 0.230468750 0.144531250 0.257812500 0.164062500 0.101562500 0.109375000 0.132812500 0.167968750 0.066406250 0.023437500 0.238281250 0.265625000 0.253906250 0.171875000 0.656250000 0.507812500 0.875000000 0.414062500 0.054687500 0.269531250 0.191406250 0.261718750 0.171875000 0.187500000 0.125000000 0.113281250 0.097656250 0.042968750 0.019531250 0.089843750 0.382812500 1.164062500 0.640625000 0.433593750 0.648437500 0.539062500 0.226562500 0.355468750 0.933593750 0.851562500 0.933593750 0.093750000 0.851562500 2.003906250 3.492187500 3.578125000 1.988281250 3.023437500 2.398437500 0.992187500 2.683593750 1.292968750 1.367187500 0.867187500 1.054687500 1.562500000 1.531250000 0.796875000 1.828125000 3.269531250 1.394531250 0.855468750 1.113281250 0.925781250 1.324218750 0.585937500 0.855468750 0.796875000 0.214843750 0.574218750 0.953125000 0.355468750 0.769531250 1.035156250 0.656250000 1.562500000 0.468750000 0.261718750 0.085937500 0.183593750 0.148437500 0.507812500 0.273437500 0.191406250 0.152343750 0.222656250 0.757812500 0.222656250 0.500000000 0.058593750 0.156250000 0.089843750 0.140625000 0.140625000 0.082031250 0.109375000 0.109375000 0.234375000 0.324218750 0.281250000 0.214843750 0.296875000 0.519531250 0.394531250 0.285156250 0.347656250 0.042968750 0.671875000 0.593750000 0.371093750 0.453125000 0.410156250 0.226562500 0.691406250 0.894531250 0.339843750 0.343750000 0.234375000 0.570312500 0.359375000 0.140625000 0.164062500 0.429687500 0.113281250 0.031250000 0.078125000 0.089843750 0.050781250 0.058593750 0.031250000 0.058593750 0.050781250 0.046875000 0.042968750 0.070312500 0.117187500 0.136718750 0.136718750 0.066406250 0.011718750 0.058593750 0.050781250 0.089843750 0.031250000 0.074218750 0.058593750 0.101562500 0.074218750 0.042968750 0.054687500 0.023437500 0.097656250 0.039062500 0.027343750 0.074218750 0.035156250 0.011718750 0.019531250 0.015625000 0.019531250 0.066406250 0.093750000 0.062500000 0.062500000 0.019531250 0.082031250 0.074218750 0.082031250 0.042968750 0.109375000 0.062500000 0.066406250 0.039062500 0.062500000 0.058593750 0.050781250 0.054687500 0.054687500 0.015625000 
0.066406250 0.054687500 0.101562500 0.082031250 0.507812500 0.261718750 0.167968750 0.808593750 0.027343750 0.101562500 0.234375000 0.097656250 0.261718750 0.265625000 0.164062500 0.082031250 0.117187500 0.046875000 0.039062500 0.015625000 0.027343750 0.039062500 0.011718750 0.023437500 0.050781250 0.027343750 0.046875000 0.011718750 0.019531250 0.113281250 0.019531250 0.078125000 0.042968750 0.097656250 0.062500000 0.046875000 0.062500000 0.015625000 0.019531250 0.015625000 0.000000000 0.035156250 0.050781250 0.050781250 0.046875000 0.042968750 0.035156250 0.042968750 0.078125000 0.039062500 0.066406250 0.054687500 0.011718750 0.027343750 0.046875000 0.031250000 0.031250000 0.019531250 0.027343750 0.035156250 0.046875000 0.062500000 0.156250000 0.085937500 0.074218750 0.074218750 0.160156250 0.054687500 0.183593750 0.070312500 0.320312500 0.171875000 0.191406250 0.253906250 0.191406250 0.097656250 0.222656250 0.273437500 0.238281250 0.070312500 0.121093750 0.289062500 0.050781250 0.074218750 0.097656250 0.250000000 0.062500000 0.042968750 0.269531250 0.277343750 0.386718750 0.328125000 0.824218750 0.273437500 0.636718750 0.500000000 0.093750000 0.132812500 0.410156250 0.046875000 0.207031250 0.214843750 0.183593750 0.066406250 0.199218750 0.250000000 0.238281250 0.238281250 0.230468750 0.835937500 0.406250000 0.039062500 0.515625000 0.316406250 0.316406250 0.402343750 0.468750000 0.390625000 0.992187500 0.710937500 0.359375000 3.652343750 3.722656250 2.980468750 1.039062500 3.480468750 2.117187500 0.531250000 1.859375000 0.375000000 0.496093750 1.875000000 1.750000000 0.851562500 1.417968750 2.375000000 0.691406250 3.675781250 1.925781250 0.304687500 1.476562500 0.980468750 1.347656250 0.656250000 0.613281250 0.359375000 0.542968750 0.316406250 0.890625000 0.496093750 0.820312500 0.765625000 1.035156250 1.261718750 0.621093750 0.132812500 0.179687500 0.085937500 0.445312500 0.203125000 0.300781250 0.195312500 0.257812500 0.292968750 0.410156250 0.312500000 0.238281250 0.054687500 0.027343750 0.269531250 0.128906250 0.148437500 0.207031250 0.144531250 0.015625000 0.128906250 0.394531250 0.050781250 0.472656250 0.183593750 0.167968750 0.332031250 0.453125000 0.210937500 0.277343750 0.433593750 0.531250000 0.328125000 0.218750000 0.140625000 0.503906250 0.597656250 0.656250000 0.148437500 0.109375000 0.582031250 0.308593750 0.441406250 0.308593750 0.089843750 0.363281250 0.210937500 0.085937500 0.070312500 0.078125000 0.125000000 0.082031250 0.078125000 0.070312500 0.105468750 0.023437500 0.085937500 0.105468750 0.152343750 0.183593750 0.078125000 0.089843750 0.089843750 0.042968750 0.019531250 0.035156250 0.113281250 0.031250000 0.050781250 0.054687500 0.074218750 0.054687500 0.066406250 0.066406250 0.093750000 0.058593750 0.062500000 0.097656250 0.019531250 0.074218750 0.058593750 0.035156250 0.070312500 0.117187500 0.046875000 0.109375000 0.089843750 0.042968750 0.027343750 0.062500000 0.093750000 0.089843750 0.070312500 0.093750000 0.035156250 0.074218750 0.039062500 0.039062500 0.031250000 0.062500000 0.066406250 0.082031250 
0.062500000 0.046875000 0.054687500 0.152343750 0.269531250 0.097656250 0.085937500 0.796875000 0.207031250 0.085937500 0.167968750 0.175781250 0.109375000 0.136718750 0.101562500 0.113281250 0.144531250 0.105468750 0.046875000 0.050781250 0.027343750 0.031250000 0.023437500 0.039062500 0.023437500 0.085937500 0.078125000 0.035156250 0.007812500 0.101562500 0.011718750 0.058593750 0.019531250 0.031250000 0.042968750 0.039062500 0.003906250 0.074218750 0.011718750 0.031250000 0.058593750 0.078125000 0.101562500 0.046875000 0.078125000 0.050781250 0.093750000 0.031250000 0.058593750 0.066406250 0.031250000 0.078125000 0.039062500 0.050781250 0.046875000 0.027343750 0.042968750 0.042968750 0.019531250 0.035156250 0.113281250 0.156250000 0.042968750 0.160156250 0.167968750 0.199218750 0.109375000 0.019531250 0.136718750 0.105468750 0.273437500 0.187500000 0.156250000 0.148437500 0.199218750 0.195312500 0.023437500 0.199218750 0.382812500 0.046875000 0.109375000 0.246093750 0.296875000 0.105468750 0.007812500 0.062500000 0.046875000 0.097656250 0.097656250 0.390625000 0.355468750 0.210937500 0.804687500 0.343750000 0.398437500 0.195312500 0.175781250 0.140625000 0.386718750 0.156250000 0.132812500 0.058593750 0.167968750 0.140625000 0.140625000 0.066406250 0.085937500 0.113281250 0.207031250 0.628906250 0.382812500 0.257812500 0.406250000 0.109375000 0.519531250 0.785156250 0.585937500 0.851562500 1.980468750 1.511718750 2.339843750 1.585937500 5.046875000 2.000000000 1.683593750 0.585937500 1.804687500 0.097656250 1.015625000 1.500000000 1.191406250 1.683593750 1.679687500 2.480468750 1.828125000 1.332031250 2.117187500 1.972656250 1.132812500 0.570312500 1.234375000 0.386718750 0.609375000 0.621093750 0.105468750 0.449218750 0.160156250 0.480468750 0.527343750 0.535156250 0.484375000 1.281250000 0.496093750 0.906250000 0.847656250 0.410156250 0.273437500 0.085937500 0.414062500 0.273437500 0.164062500 0.308593750 0.128906250 0.195312500 0.175781250 0.167968750 0.019531250 0.171875000 0.082031250 0.222656250 0.132812500 0.234375000 0.144531250 0.089843750 0.066406250 0.136718750 0.261718750 0.218750000 0.347656250 0.164062500 0.117187500 0.433593750 0.269531250 0.273437500 0.062500000 0.253906250 0.363281250 0.296875000 0.203125000 0.316406250 0.355468750 0.207031250 0.238281250 0.425781250 0.042968750 0.757812500 0.093750000 0.191406250 0.058593750 0.246093750 0.039062500 0.089843750 0.078125000 0.093750000 0.058593750 0.125000000 0.062500000 0.015625000 0.035156250 0.031250000 0.058593750 0.058593750 0.035156250 0.097656250 0.226562500 0.128906250 0.042968750 0.093750000 0.058593750 0.054687500 0.000000000 0.074218750 0.078125000 0.082031250 0.031250000 0.054687500 0.042968750 0.078125000 0.031250000 0.046875000 0.031250000 0.093750000 0.007812500 0.035156250 0.050781250 0.031250000 0.019531250 0.070312500 0.058593750 0.070312500 0.062500000 0.042968750 0.078125000 0.050781250 0.070312500 0.027343750 0.085937500 0.113281250 0.015625000 0.046875000 0.066406250 0.074218750 0.054687500 0.035156250 0.078125000 0.058593750 0.078125000 
0.039062500 0.027343750 0.035156250 0.074218750 0.164062500 0.042968750 0.203125000 0.738281250 0.066406250 0.132812500 0.199218750 0.144531250 0.187500000 0.113281250 0.027343750 0.066406250 0.031250000 0.101562500 0.074218750 0.007812500 0.058593750 0.050781250 0.011718750 0.066406250 0.085937500 0.031250000 0.093750000 0.085937500 0.046875000 0.074218750 0.066406250 0.085937500 0.027343750 0.035156250 0.085937500 0.015625000 0.031250000 0.058593750 0.042968750 0.015625000 0.085937500 0.054687500 0.054687500 0.050781250 0.066406250 0.046875000 0.078125000 0.054687500 0.050781250 0.015625000 0.054687500 0.007812500 0.019531250 0.023437500 0.035156250 0.054687500 0.027343750 0.042968750 0.027343750 0.031250000 0.078125000 0.082031250 0.066406250 0.164062500 0.117187500 0.214843750 0.105468750 0.023437500 0.074218750 0.261718750 0.050781250 0.042968750 0.234375000 0.140625000 0.078125000 0.085937500 0.023437500 0.222656250 0.285156250 0.062500000 0.054687500 0.320312500 0.441406250 0.269531250 0.140625000 0.210937500 0.164062500 0.222656250 0.156250000 0.226562500 0.507812500 0.535156250 0.511718750 0.179687500 0.316406250 0.074218750 0.117187500 0.093750000 0.359375000 0.023437500 0.152343750 0.339843750 0.117187500 0.175781250 0.121093750 0.281250000 0.117187500 0.246093750 0.203125000 0.382812500 0.234375000 0.304687500 0.148437500 0.191406250 0.285156250 0.703125000 1.410156250 0.738281250 1.234375000 0.714843750 2.917968750 1.355468750 3.078125000 1.968750000 1.449218750 0.804687500 1.402343750 0.183593750 0.800781250 1.093750000 1.117187500 1.402343750 2.183593750 2.320312500 2.156250000 2.054687500 1.656250000 1.285156250 1.757812500 0.179687500 0.867187500 0.292968750 0.226562500 0.050781250 0.414062500 0.496093750 0.339843750 0.316406250 0.148437500 0.335937500 0.093750000 0.550781250 0.464843750 0.050781250 0.238281250 0.132812500 0.125000000 0.164062500 0.105468750 0.078125000 0.246093750 0.218750000 0.113281250 0.070312500 0.105468750 0.156250000 0.117187500 0.140625000 0.117187500 0.187500000 0.085937500 0.164062500 0.187500000 0.183593750 0.078125000 0.125000000 0.304687500 0.238281250 0.316406250 0.273437500 0.156250000 0.195312500 0.199218750 0.261718750 0.019531250 0.128906250 0.382812500 0.277343750 0.046875000 0.398437500 0.191406250 0.238281250 0.238281250 0.320312500 0.328125000 0.460937500 0.082031250 0.136718750 0.093750000 0.152343750 0.039062500 0.121093750 0.046875000 0.050781250 0.015625000 0.101562500 0.023437500 0.039062500 0.039062500 0.019531250 0.027343750 0.082031250 0.082031250 0.050781250 0.062500000 0.003906250 0.019531250 0.078125000 0.000000000 0.019531250 0.019531250 0.046875000 0.058593750 0.023437500 0.035156250 0.031250000 0.027343750 0.046875000 0.007812500 0.031250000 0.031250000 0.070312500 0.035156250 0.039062500 0.035156250 0.050781250 0.050781250 0.089843750 0.007812500 0.023437500 0.035156250 0.046875000 0.035156250 0.031250000 0.031250000 0.042968750 0.042968750 0.054687500 0.066406250 0.062500000 0.058593750 0.019531250 0.039062500 0.042968750 0.019531250 0.027343750 0.062500000 
0.031250000 0.007812500 0.011718750 0.070312500 0.109375000 0.085937500 0.113281250 0.746093750 0.082031250 0.066406250 0.132812500 0.082031250 0.375000000 0.070312500 0.121093750 0.093750000 0.089843750 0.128906250 0.027343750 0.031250000 0.027343750 0.031250000 0.015625000 0.070312500 0.050781250 0.046875000 0.113281250 0.042968750 0.015625000 0.042968750 0.109375000 0.042968750 0.054687500 0.070312500 0.101562500 0.054687500 0.058593750 0.011718750 0.023437500 0.054687500 0.066406250 0.019531250 0.039062500 0.058593750 0.015625000 0.078125000 0.050781250 0.027343750 0.015625000 0.050781250 0.082031250 0.023437500 0.035156250 0.019531250 0.046875000 0.039062500 0.035156250 0.046875000 0.058593750 0.042968750 0.125000000 0.105468750 0.078125000 0.140625000 0.148437500 0.039062500 0.179687500 0.078125000 0.050781250 0.167968750 0.062500000 0.070312500 0.093750000 0.101562500 0.082031250 0.042968750 0.058593750 0.128906250 0.156250000 0.171875000 0.062500000 0.132812500 0.695312500 0.300781250 0.011718750 0.214843750 0.144531250 0.039062500 0.343750000 0.164062500 0.601562500 0.390625000 0.550781250 0.238281250 0.386718750 0.187500000 0.234375000 0.222656250 0.238281250 0.148437500 0.390625000 0.214843750 0.261718750 0.308593750 0.265625000 0.542968750 0.328125000 0.246093750 0.308593750 0.675781250 0.675781250 0.605468750 0.246093750 0.167968750 0.421875000 0.601562500 1.285156250 0.804687500 1.660156250 0.789062500 2.433593750 2.125000000 1.707031250 1.441406250 1.589843750 0.222656250 1.593750000 0.734375000 0.632812500 0.972656250 1.304687500 0.859375000 1.726562500 2.140625000 1.527343750 0.726562500 0.656250000 0.617187500 0.421875000 0.621093750 0.578125000 0.375000000 0.468750000 0.128906250 0.300781250 0.218750000 0.320312500 0.230468750 0.257812500 0.292968750 0.257812500 0.531250000 0.343750000 0.093750000 0.164062500 0.136718750 0.339843750 0.226562500 0.226562500 0.167968750 0.105468750 0.121093750 0.144531250 0.117187500 0.203125000 0.148437500 0.191406250 0.070312500 0.109375000 0.156250000 0.082031250 0.082031250 0.089843750 0.085937500 0.195312500 0.093750000 0.183593750 0.093750000 0.078125000 0.097656250 0.105468750 0.265625000 0.132812500 0.277343750 0.152343750 0.308593750 0.519531250 0.218750000 0.171875000 0.351562500 0.175781250 0.128906250 0.105468750 0.136718750 0.136718750 0.242187500 0.148437500 0.074218750 0.015625000 0.050781250 0.054687500 0.058593750 0.039062500 0.007812500 0.058593750 0.054687500 0.089843750 0.035156250 0.023437500 0.015625000 0.003906250 0.050781250 0.015625000 0.101562500 0.046875000 0.035156250 0.042968750 0.027343750 0.031250000 0.054687500 0.042968750 0.058593750 0.011718750 0.039062500 0.023437500 0.011718750 0.011718750 0.042968750 0.031250000 0.023437500 0.015625000 0.039062500 0.039062500 0.042968750 0.042968750 0.039062500 0.019531250 0.058593750 0.062500000 0.039062500 0.031250000 0.011718750 0.054687500 0.019531250 0.050781250 0.035156250 0.027343750 0.054687500 0.027343750 0.039062500 0.082031250 0.046875000 0.031250000 0.058593750 0.035156250 0.031250000 0.023437500 
0.050781250 0.015625000 0.023437500 0.082031250 0.128906250 0.050781250 0.046875000 0.601562500 0.152343750 0.082031250 0.093750000 0.042968750 0.261718750 0.199218750 0.171875000 0.082031250 0.082031250 0.113281250 0.039062500 0.015625000 0.027343750 0.031250000 0.019531250 0.062500000 0.074218750 0.003906250 0.101562500 0.082031250 0.089843750 0.078125000 0.109375000 0.031250000 0.023437500 0.031250000 0.078125000 0.054687500 0.062500000 0.046875000 0.042968750 0.062500000 0.070312500 0.031250000 0.035156250 0.066406250 0.039062500 0.054687500 0.027343750 0.019531250 0.027343750 0.035156250 0.023437500 0.035156250 0.031250000 0.066406250 0.039062500 0.035156250 0.082031250 0.097656250 0.062500000 0.007812500 0.144531250 0.195312500 0.074218750 0.195312500 0.167968750 0.125000000 0.070312500 0.175781250 0.046875000 0.156250000 0.074218750 0.117187500 0.046875000 0.066406250 0.066406250 0.085937500 0.089843750 0.132812500 0.175781250 0.128906250 0.148437500 0.089843750 0.734375000 0.281250000 0.062500000 0.171875000 0.371093750 0.242187500 0.070312500 0.339843750 0.632812500 0.464843750 0.597656250 0.429687500 0.031250000 0.093750000 0.144531250 0.152343750 0.332031250 0.093750000 0.222656250 0.050781250 0.308593750 0.199218750 0.371093750 0.433593750 0.386718750 0.496093750 0.738281250 1.386718750 1.570312500 0.585937500 0.402343750 0.292968750 0.589843750 0.375000000 1.058593750 0.238281250 0.761718750 1.269531250 1.144531250 0.316406250 0.890625000 0.339843750 1.070312500 0.238281250 1.097656250 0.667968750 0.550781250 0.414062500 0.523437500 0.394531250 0.628906250 1.886718750 1.109375000 0.128906250 0.218750000 0.316406250 0.523437500 0.343750000 0.371093750 0.093750000 0.269531250 0.136718750 0.093750000 0.015625000 0.089843750 0.046875000 0.109375000 0.191406250 0.164062500 0.140625000 0.082031250 0.105468750 0.105468750 0.136718750 0.125000000 0.332031250 0.164062500 0.242187500 0.113281250 0.066406250 0.031250000 0.046875000 0.058593750 0.093750000 0.125000000 0.101562500 0.054687500 0.039062500 0.042968750 0.035156250 0.007812500 0.019531250 0.085937500 0.031250000 0.148437500 0.089843750 0.070312500 0.070312500 0.027343750 0.082031250 0.285156250 0.179687500 0.128906250 0.121093750 0.296875000 0.078125000 0.300781250 0.167968750 0.074218750 0.089843750 0.023437500 0.152343750 0.089843750 0.089843750 0.089843750 0.070312500 0.050781250 0.039062500 0.042968750 0.027343750 0.011718750 0.031250000 0.066406250 0.042968750 0.046875000 0.035156250 0.035156250 0.023437500 0.031250000 0.042968750 0.054687500 0.046875000 0.011718750 0.011718750 0.027343750 0.027343750 0.042968750 0.019531250 0.039062500 0.023437500 0.039062500 0.042968750 0.035156250 0.003906250 0.023437500 0.035156250 0.011718750 0.011718750 0.015625000 0.031250000 0.031250000 0.027343750 0.031250000 0.062500000 0.042968750 0.031250000 0.042968750 0.046875000 0.039062500 0.023437500 0.027343750 0.015625000 0.015625000 0.019531250 0.027343750 0.042968750 0.027343750 0.046875000 0.058593750 0.039062500 0.039062500 0.035156250 0.011718750 0.058593750 0.011718750 
0.007812500 0.050781250 0.050781250 0.074218750 0.101562500 0.058593750 0.136718750 0.460937500 0.132812500 0.074218750 0.062500000 0.035156250 0.265625000 0.195312500 0.171875000 0.062500000 0.035156250 0.074218750 0.035156250 0.058593750 0.035156250 0.035156250 0.031250000 0.015625000 0.023437500 0.023437500 0.105468750 0.070312500 0.062500000 0.070312500 0.078125000 0.050781250 0.023437500 0.019531250 0.019531250 0.031250000 0.046875000 0.046875000 0.003906250 0.015625000 0.019531250 0.007812500 0.011718750 0.054687500 0.050781250 0.027343750 0.003906250 0.027343750 0.023437500 0.011718750 0.066406250 0.015625000 0.023437500 0.019531250 0.019531250 0.042968750 0.035156250 0.058593750 0.035156250 0.085937500 0.074218750 0.191406250 0.156250000 0.164062500 0.156250000 0.105468750 0.035156250 0.183593750 0.039062500 0.101562500 0.152343750 0.046875000 0.078125000 0.019531250 0.046875000 0.097656250 0.132812500 0.031250000 0.082031250 0.050781250 0.136718750 0.250000000 0.496093750 0.250000000 0.089843750 0.214843750 0.417968750 0.273437500 0.191406250 0.335937500 0.480468750 0.429687500 0.531250000 0.500000000 0.054687500 0.132812500 0.023437500 0.144531250 0.136718750 0.324218750 0.210937500 0.171875000 0.300781250 0.062500000 0.324218750 0.386718750 0.285156250 0.753906250 0.316406250 2.074218750 1.429687500 0.476562500 0.093750000 0.472656250 0.250000000 0.320312500 0.265625000 0.421875000 0.750000000 0.949218750 1.031250000 0.464843750 0.328125000 0.203125000 0.726562500 0.531250000 0.562500000 0.179687500 0.214843750 0.156250000 0.320312500 0.421875000 0.601562500 1.078125000 0.761718750 0.582031250 0.304687500 0.351562500 0.226562500 0.230468750 0.261718750 0.230468750 0.054687500 0.085937500 0.046875000 0.050781250 0.101562500 0.113281250 0.109375000 0.242187500 0.136718750 0.113281250 0.144531250 0.121093750 0.042968750 0.105468750 0.152343750 0.351562500 0.175781250 0.152343750 0.152343750 0.039062500 0.046875000 0.035156250 0.046875000 0.035156250 0.097656250 0.089843750 0.054687500 0.054687500 0.046875000 0.023437500 0.019531250 0.007812500 0.019531250 0.113281250 0.109375000 0.070312500 0.039062500 0.027343750 0.074218750 0.136718750 0.136718750 0.128906250 0.109375000 0.062500000 0.234375000 0.156250000 0.160156250 0.050781250 0.062500000 0.050781250 0.089843750 0.050781250 0.050781250 0.046875000 0.011718750 0.031250000 0.070312500 0.042968750 0.015625000 0.023437500 0.015625000 0.031250000 0.031250000 0.035156250 0.039062500 0.015625000 0.027343750 0.019531250 0.003906250 0.007812500 0.031250000 0.031250000 0.011718750 0.007812500 0.023437500 0.003906250 0.035156250 0.003906250 0.019531250 0.019531250 0.031250000 0.042968750 0.011718750 0.035156250 0.019531250 0.023437500 0.019531250 0.023437500 0.031250000 0.007812500 0.011718750 0.007812500 0.000000000 0.042968750 0.035156250 0.011718750 0.019531250 0.019531250 0.035156250 0.019531250 0.011718750 0.031250000 0.027343750 0.011718750 0.007812500 0.015625000 0.015625000 0.023437500 0.070312500 0.027343750 0.023437500 0.023437500 0.035156250 0.027343750 0.023437500 
0.070312500 0.019531250 0.019531250 0.062500000 0.062500000 0.148437500 0.203125000 0.324218750 0.023437500 0.082031250 0.164062500 0.160156250 0.097656250 0.058593750 0.062500000 0.164062500 0.156250000 0.187500000 0.117187500 0.066406250 0.070312500 0.031250000 0.042968750 0.023437500 0.066406250 0.035156250 0.105468750 0.089843750 0.089843750 0.062500000 0.082031250 0.074218750 0.062500000 0.058593750 0.015625000 0.027343750 0.023437500 0.023437500 0.050781250 0.031250000 0.003906250 0.035156250 0.003906250 0.078125000 0.031250000 0.035156250 0.023437500 0.035156250 0.035156250 0.035156250 0.058593750 0.039062500 0.011718750 0.023437500 0.046875000 0.031250000 0.046875000 0.058593750 0.101562500 0.125000000 0.113281250 0.132812500 0.187500000 0.117187500 0.156250000 0.089843750 0.136718750 0.066406250 0.125000000 0.046875000 0.230468750 0.085937500 0.046875000 0.054687500 0.054687500 0.109375000 0.070312500 0.070312500 0.066406250 0.117187500 0.152343750 0.234375000 0.378906250 0.046875000 0.046875000 0.253906250 0.207031250 0.191406250 0.156250000 0.164062500 0.363281250 0.527343750 0.253906250 0.304687500 0.210937500 0.015625000 0.144531250 0.250000000 0.023437500 0.226562500 0.339843750 0.203125000 0.234375000 0.101562500 0.386718750 0.363281250 0.121093750 0.707031250 0.441406250 1.964843750 1.054687500 0.453125000 0.511718750 0.167968750 0.113281250 0.152343750 0.097656250 0.132812500 0.058593750 0.093750000 0.488281250 0.152343750 0.074218750 0.230468750 0.640625000 0.328125000 0.578125000 0.238281250 0.261718750 0.218750000 0.152343750 0.054687500 0.222656250 0.132812500 0.109375000 0.066406250 0.171875000 0.316406250 0.253906250 0.000000000 0.042968750 0.058593750 0.152343750 0.105468750 0.097656250 0.039062500 0.121093750 0.078125000 0.023437500 0.128906250 0.148437500 0.121093750 0.085937500 0.187500000 0.023437500 0.082031250 0.066406250 0.109375000 0.046875000 0.070312500 0.105468750 0.019531250 0.019531250 0.066406250 0.050781250 0.027343750 0.109375000 0.082031250 0.023437500 0.019531250 0.062500000 0.027343750 0.031250000 0.035156250 0.039062500 0.011718750 0.031250000 0.007812500 0.042968750 0.035156250 0.062500000 0.042968750 0.023437500 0.015625000 0.101562500 0.050781250 0.093750000 0.050781250 0.042968750 0.078125000 0.058593750 0.015625000 0.062500000 0.035156250 0.007812500 0.042968750 0.027343750 0.011718750 0.035156250 0.050781250 0.015625000 0.039062500 0.023437500 0.042968750 0.023437500 0.007812500 0.019531250 0.011718750 0.011718750 0.042968750 0.015625000 0.015625000 0.027343750 0.027343750 0.007812500 0.023437500 0.023437500 0.011718750 0.011718750 0.039062500 0.015625000 0.007812500 0.035156250 0.031250000 0.007812500 0.011718750 0.058593750 0.023437500 0.035156250 0.007812500 0.031250000 0.003906250 0.007812500 0.023437500 0.023437500 0.039062500 0.019531250 0.019531250 0.011718750 0.023437500 0.027343750 0.023437500 0.007812500 0.035156250 0.015625000 0.007812500 0.019531250 0.007812500 0.027343750 0.023437500 0.035156250 0.039062500 0.007812500 0.011718750 0.031250000 0.019531250 0.023437500 
0.007812500 0.042968750 0.054687500 0.183593750 0.265625000 0.312500000 0.078125000 0.292968750 0.054687500 0.054687500 0.148437500 0.140625000 0.089843750 0.171875000 0.042968750 0.125000000 0.160156250 0.152343750 0.070312500 0.031250000 0.074218750 0.066406250 0.035156250 0.015625000 0.054687500 0.035156250 0.007812500 0.031250000 0.089843750 0.074218750 0.070312500 0.062500000 0.031250000 0.050781250 0.054687500 0.042968750 0.027343750 0.035156250 0.054687500 0.027343750 0.042968750 0.011718750 0.019531250 0.050781250 0.035156250 0.039062500 0.015625000 0.015625000 0.027343750 0.003906250 0.046875000 0.015625000 0.015625000 0.054687500 0.023437500 0.031250000 0.039062500 0.035156250 0.023437500 0.039062500 0.128906250 0.023437500 0.046875000 0.050781250 0.027343750 0.070312500 0.089843750 0.074218750 0.105468750 0.066406250 0.171875000 0.058593750 0.058593750 0.015625000 0.003906250 0.054687500 0.078125000 0.054687500 0.160156250 0.058593750 0.023437500 0.109375000 0.296875000 0.222656250 0.144531250 0.121093750 0.101562500 0.085937500 0.070312500 0.160156250 0.050781250 0.214843750 0.093750000 0.339843750 0.218750000 0.070312500 0.105468750 0.167968750 0.121093750 0.210937500 0.175781250 0.187500000 0.109375000 0.261718750 0.039062500 0.093750000 0.257812500 0.425781250 0.621093750 0.894531250 0.394531250 0.304687500 0.238281250 0.097656250 0.121093750 0.121093750 0.042968750 0.125000000 0.039062500 0.152343750 0.304687500 0.089843750 0.207031250 0.054687500 0.289062500 0.117187500 0.195312500 0.175781250 0.113281250 0.250000000 0.179687500 0.113281250 0.191406250 0.109375000 0.058593750 0.125000000 0.156250000 0.203125000 0.167968750 0.093750000 0.132812500 0.074218750 0.078125000 0.101562500 0.074218750 0.128906250 0.136718750 0.027343750 0.085937500 0.097656250 0.046875000 0.015625000 0.101562500 0.101562500 0.023437500 0.042968750 0.031250000 0.050781250 0.042968750 0.019531250 0.046875000 0.039062500 0.023437500 0.015625000 0.011718750 0.066406250 0.050781250 0.046875000 0.003906250 0.003906250 0.050781250 0.035156250 0.035156250 0.007812500 0.023437500 0.035156250 0.027343750 0.011718750 0.046875000 0.031250000 0.058593750 0.035156250 0.027343750 0.050781250 0.023437500 0.058593750 0.062500000 0.062500000 0.042968750 0.035156250 0.058593750 0.007812500 0.035156250 0.015625000 0.019531250 0.039062500 0.035156250 0.007812500 0.027343750 0.035156250 0.023437500 0.027343750 0.042968750 0.027343750 0.015625000 0.019531250 0.015625000 0.007812500 0.003906250 0.042968750 0.003906250 0.027343750 0.003906250 0.031250000 0.023437500 0.019531250 0.031250000 0.007812500 0.003906250 0.031250000 0.019531250 0.031250000 0.015625000 0.019531250 0.019531250 0.019531250 0.062500000 0.011718750 0.027343750 0.011718750 0.042968750 0.015625000 0.019531250 0.019531250 0.015625000 0.035156250 0.007812500 0.019531250 0.007812500 0.027343750 0.035156250 0.027343750 0.011718750 0.046875000 0.023437500 0.003906250 0.023437500 0.003906250 0.027343750 0.015625000 0.031250000 0.035156250 0.003906250 0.007812500 0.031250000 0.019531250 0.031250000 
0.019531250 0.011718750 0.046875000 0.230468750 0.398437500 0.136718750 0.226562500 0.312500000 0.101562500 0.066406250 0.179687500 0.042968750 0.214843750 0.066406250 0.093750000 0.070312500 0.175781250 0.156250000 0.066406250 0.039062500 0.046875000 0.058593750 0.062500000 0.050781250 0.039062500 0.023437500 0.046875000 0.007812500 0.085937500 0.058593750 0.058593750 0.082031250 0.019531250 0.058593750 0.058593750 0.003906250 0.027343750 0.035156250 0.042968750 0.011718750 0.027343750 0.023437500 0.019531250 0.031250000 0.050781250 0.023437500 0.023437500 0.011718750 0.011718750 0.042968750 0.007812500 0.019531250 0.003906250 0.046875000 0.015625000 0.050781250 0.042968750 0.035156250 0.019531250 0.062500000 0.093750000 0.066406250 0.023437500 0.031250000 0.093750000 0.042968750 0.023437500 0.062500000 0.031250000 0.128906250 0.097656250 0.121093750 0.023437500 0.015625000 0.019531250 0.039062500 0.058593750 0.042968750 0.070312500 0.023437500 0.042968750 0.089843750 0.101562500 0.101562500 0.105468750 0.015625000 0.125000000 0.046875000 0.039062500 0.027343750 0.101562500 0.070312500 0.121093750 0.105468750 0.058593750 0.109375000 0.097656250 0.078125000 0.050781250 0.136718750 0.160156250 0.203125000 0.089843750 0.207031250 0.089843750 0.148437500 0.140625000 0.082031250 0.054687500 0.222656250 0.191406250 0.097656250 0.132812500 0.039062500 0.054687500 0.117187500 0.003906250 0.089843750 0.144531250 0.093750000 0.195312500 0.164062500 0.113281250 0.113281250 0.195312500 0.082031250 0.152343750 0.164062500 0.132812500 0.113281250 0.144531250 0.062500000 0.113281250 0.113281250 0.078125000 0.046875000 0.078125000 0.207031250 0.136718750 0.054687500 0.109375000 0.070312500 0.101562500 0.062500000 0.019531250 0.050781250 0.097656250 0.050781250 0.097656250 0.089843750 0.035156250 0.062500000 0.027343750 0.039062500 0.031250000 0.031250000 0.027343750 0.074218750 0.019531250 0.054687500 0.031250000 0.035156250 0.027343750 0.027343750 0.019531250 0.046875000 0.050781250 0.027343750 0.019531250 0.011718750 0.050781250 0.003906250 0.031250000 0.039062500 0.031250000 0.011718750 0.019531250 0.023437500 0.031250000 0.027343750 0.054687500 0.003906250 0.019531250 0.035156250 0.007812500 0.023437500 0.046875000 0.011718750 0.046875000 0.019531250 0.035156250 0.046875000 0.015625000 0.019531250 0.019531250 0.015625000 0.015625000 0.023437500 0.035156250 0.011718750 0.027343750 0.019531250 0.054687500 0.015625000 0.039062500 0.035156250 0.019531250 0.023437500 0.015625000 0.035156250 0.015625000 0.015625000 0.011718750 0.011718750 0.054687500 0.015625000 0.011718750 0.011718750 0.015625000 0.042968750 0.042968750 0.039062500 0.042968750 0.007812500 0.015625000 0.019531250 0.023437500 0.050781250 0.050781250 0.011718750 0.035156250 0.019531250 0.027343750 0.023437500 0.015625000 0.023437500 0.031250000 0.050781250 0.015625000 0.019531250 0.031250000 0.027343750 0.015625000 0.031250000 0.015625000 0.007812500 0.027343750 0.011718750 0.015625000 0.027343750 0.035156250 0.031250000 0.027343750 0.027343750 0.011718750 0.031250000 0.027343750 
0.011718750 0.093750000 0.136718750 0.355468750 0.316406250 0.238281250 0.238281250 0.394531250 0.097656250 0.101562500 0.117187500 0.085937500 0.148437500 0.054687500 0.042968750 0.066406250 0.050781250 0.066406250 0.050781250 0.039062500 0.011718750 0.003906250 0.031250000 0.058593750 0.019531250 0.011718750 0.050781250 0.011718750 0.035156250 0.015625000 0.015625000 0.027343750 0.031250000 0.042968750 0.019531250 0.023437500 0.011718750 0.023437500 0.015625000 0.023437500 0.015625000 0.023437500 0.015625000 0.023437500 0.023437500 0.046875000 0.035156250 0.007812500 0.011718750 0.019531250 0.031250000 0.023437500 0.011718750 0.039062500 0.027343750 0.023437500 0.042968750 0.019531250 0.039062500 0.019531250 0.027343750 0.042968750 0.085937500 0.042968750 0.093750000 0.023437500 0.031250000 0.031250000 0.050781250 0.054687500 0.019531250 0.042968750 0.050781250 0.023437500 0.019531250 0.031250000 0.023437500 0.015625000 0.054687500 0.023437500 0.027343750 0.035156250 0.031250000 0.054687500 0.011718750 0.054687500 0.113281250 0.042968750 0.015625000 0.015625000 0.058593750 0.054687500 0.058593750 0.074218750 0.050781250 0.046875000 0.046875000 0.074218750 0.027343750 0.039062500 0.003906250 0.054687500 0.042968750 0.089843750 0.046875000 0.121093750 0.062500000 0.070312500 0.093750000 0.089843750 0.035156250 0.046875000 0.039062500 0.035156250 0.023437500 0.003906250 0.125000000 0.042968750 0.089843750 0.140625000 0.066406250 0.035156250 0.089843750 0.109375000 0.046875000 0.066406250 0.101562500 0.042968750 0.101562500 0.035156250 0.050781250 0.105468750 0.050781250 0.042968750 0.042968750 0.074218750 0.074218750 0.195312500 0.132812500 0.042968750 0.101562500 0.046875000 0.062500000 0.046875000 0.027343750 0.070312500 0.035156250 0.089843750 0.054687500 0.035156250 0.039062500 0.011718750 0.015625000 0.039062500 0.027343750 0.031250000 0.019531250 0.070312500 0.027343750 0.015625000 0.050781250 0.027343750 0.011718750 0.007812500 0.011718750 0.007812500 0.031250000 0.019531250 0.015625000 0.023437500 0.023437500 0.031250000 0.007812500 0.023437500 0.027343750 0.019531250 0.039062500 0.023437500 0.023437500 0.011718750 0.042968750 0.007812500 0.011718750 0.023437500 0.027343750 0.003906250 0.039062500 0.019531250 0.035156250 0.015625000 0.023437500 0.019531250 0.031250000 0.019531250 0.031250000 0.039062500 0.007812500 0.019531250 0.039062500 0.011718750 0.027343750 0.027343750 0.050781250 0.039062500 0.035156250 0.007812500 0.023437500 0.007812500 0.035156250 0.015625000 0.031250000 0.019531250 0.003906250 0.011718750 0.046875000 0.015625000 0.015625000 0.015625000 0.039062500 0.039062500 0.015625000 0.019531250 0.050781250 0.015625000 0.015625000 0.023437500 0.027343750 0.042968750 0.031250000 0.027343750 0.015625000 0.031250000 0.031250000 0.027343750 0.003906250 0.007812500 0.058593750 0.023437500 0.027343750 0.023437500 0.035156250 0.027343750 0.027343750 0.042968750 0.019531250 0.015625000 0.015625000 0.027343750 0.007812500 0.027343750 0.031250000 0.027343750 0.023437500 0.019531250 0.035156250 0.007812500 0.011718750 
0.007812500 0.097656250 0.039062500 0.335937500 0.214843750 0.109375000 0.230468750 0.335937500 0.019531250 0.050781250 0.121093750 0.046875000 0.078125000 0.093750000 0.046875000 0.019531250 0.027343750 0.023437500 0.023437500 0.027343750 0.027343750 0.011718750 0.023437500 0.031250000 0.039062500 0.027343750 0.015625000 0.023437500 0.019531250 0.019531250 0.039062500 0.027343750 0.027343750 0.039062500 0.019531250 0.027343750 0.007812500 0.007812500 0.007812500 0.007812500 0.011718750 0.015625000 0.011718750 0.027343750 0.015625000 0.039062500 0.031250000 0.015625000 0.019531250 0.011718750 0.027343750 0.027343750 0.019531250 0.019531250 0.015625000 0.035156250 0.042968750 0.023437500 0.027343750 0.031250000 0.062500000 0.054687500 0.062500000 0.062500000 0.050781250 0.058593750 0.003906250 0.039062500 0.015625000 0.019531250 0.039062500 0.003906250 0.035156250 0.023437500 0.011718750 0.019531250 0.023437500 0.015625000 0.039062500 0.019531250 0.027343750 0.007812500 0.011718750 0.027343750 0.031250000 0.011718750 0.062500000 0.050781250 0.050781250 0.027343750 0.019531250 0.042968750 0.042968750 0.019531250 0.023437500 0.007812500 0.027343750 0.062500000 0.007812500 0.019531250 0.035156250 0.031250000 0.011718750 0.035156250 0.046875000 0.027343750 0.019531250 0.058593750 0.050781250 0.023437500 0.070312500 0.054687500 0.027343750 0.050781250 0.015625000 0.050781250 0.109375000 0.054687500 0.070312500 0.105468750 0.097656250 0.042968750 0.035156250 0.097656250 0.046875000 0.007812500 0.027343750 0.062500000 0.066406250 0.054687500 0.074218750 0.078125000 0.082031250 0.031250000 0.035156250 0.039062500 0.035156250 0.144531250 0.117187500 0.046875000 0.042968750 0.085937500 0.035156250 0.015625000 0.019531250 0.097656250 0.042968750 0.011718750 0.050781250 0.011718750 0.027343750 0.015625000 0.023437500 0.011718750 0.035156250 0.003906250 0.007812500 0.066406250 0.035156250 0.035156250 0.019531250 0.046875000 0.003906250 0.011718750 0.011718750 0.027343750 0.007812500 0.019531250 0.023437500 0.027343750 0.007812500 0.023437500 0.007812500 0.031250000 0.003906250 0.031250000 0.035156250 0.046875000 0.011718750 0.019531250 0.015625000 0.023437500 0.031250000 0.007812500 0.023437500 0.015625000 0.019531250 0.019531250 0.027343750 0.031250000 0.007812500 0.019531250 0.031250000 0.007812500 0.027343750 0.035156250 0.007812500 0.015625000 0.023437500 0.011718750 0.003906250 0.011718750 0.046875000 0.039062500 0.031250000 0.003906250 0.015625000 0.015625000 0.031250000 0.015625000 0.027343750 0.007812500 0.019531250 0.031250000 0.027343750 0.003906250 0.023437500 0.007812500 0.042968750 0.035156250 0.015625000 0.007812500 0.031250000 0.019531250 0.035156250 0.023437500 0.023437500 0.058593750 0.042968750 0.039062500 0.019531250 0.023437500 0.027343750 0.031250000 0.031250000 0.031250000 0.046875000 0.031250000 0.019531250 0.007812500 0.019531250 0.011718750 0.015625000 0.042968750 0.031250000 0.003906250 0.007812500 0.015625000 0.015625000 0.003906250 0.027343750 0.023437500 0.035156250 0.011718750 0.046875000 0.007812500 0.023437500 
0.058593750 0.054687500 0.152343750 0.175781250 0.226562500 0.125000000 0.113281250 0.246093750 0.078125000 0.011718750 0.089843750 0.039062500 0.031250000 0.011718750 0.035156250 0.003906250 0.015625000 0.039062500 0.031250000 0.003906250 0.007812500 0.007812500 0.023437500 0.019531250 0.011718750 0.003906250 0.023437500 0.027343750 0.015625000 0.007812500 0.015625000 0.015625000 0.007812500 0.039062500 0.023437500 0.015625000 0.003906250 0.003906250 0.011718750 0.011718750 0.015625000 0.007812500 0.019531250 0.007812500 0.015625000 0.035156250 0.015625000 0.027343750 0.003906250 0.015625000 0.011718750 0.015625000 0.023437500 0.019531250 0.027343750 0.023437500 0.023437500 0.035156250 0.011718750 0.019531250 0.050781250 0.070312500 0.019531250 0.023437500 0.035156250 0.039062500 0.027343750 0.042968750 0.007812500 0.003906250 0.011718750 0.031250000 0.015625000 0.011718750 0.015625000 0.019531250 0.011718750 0.023437500 0.019531250 0.015625000 0.003906250 0.007812500 0.011718750 0.027343750 0.019531250 0.031250000 0.031250000 0.019531250 0.007812500 0.031250000 0.011718750 0.035156250 0.046875000 0.019531250 0.031250000 0.011718750 0.011718750 0.039062500 0.003906250 0.007812500 0.019531250 0.023437500 0.015625000 0.031250000 0.042968750 0.027343750 0.058593750 0.011718750 0.019531250 0.070312500 0.042968750 0.015625000 0.039062500 0.015625000 0.035156250 0.050781250 0.042968750 0.097656250 0.050781250 0.074218750 0.113281250 0.031250000 0.046875000 0.101562500 0.039062500 0.035156250 0.031250000 0.062500000 0.031250000 0.031250000 0.070312500 0.054687500 0.039062500 0.027343750 0.019531250 0.031250000 0.050781250 0.105468750 0.082031250 0.050781250 0.054687500 0.070312500 0.062500000 0.042968750 0.023437500 0.074218750 0.054687500 0.007812500 0.035156250 0.019531250 0.015625000 0.035156250 0.011718750 0.019531250 0.031250000 0.003906250 0.007812500 0.042968750 0.027343750 0.023437500 0.019531250 0.031250000 0.019531250 0.023437500 0.019531250 0.015625000 0.019531250 0.000000000 0.023437500 0.007812500 0.011718750 0.007812500 0.015625000 0.019531250 0.019531250 0.007812500 0.023437500 0.039062500 0.019531250 0.003906250 0.023437500 0.027343750 0.031250000 0.007812500 0.027343750 0.015625000 0.007812500 0.011718750 0.007812500 0.015625000 0.011718750 0.007812500 0.011718750 0.015625000 0.007812500 0.027343750 0.023437500 0.015625000 0.007812500 0.023437500 0.027343750 0.019531250 0.023437500 0.015625000 0.011718750 0.019531250 0.007812500 0.015625000 0.023437500 0.027343750 0.015625000 0.007812500 0.019531250 0.027343750 0.015625000 0.023437500 0.023437500 0.015625000 0.031250000 0.027343750 0.007812500 0.015625000 0.023437500 0.027343750 0.031250000 0.031250000 0.039062500 0.031250000 0.027343750 0.042968750 0.003906250 0.027343750 0.023437500 0.027343750 0.015625000 0.027343750 0.035156250 0.011718750 0.031250000 0.007812500 0.003906250 0.019531250 0.019531250 0.031250000 0.023437500 0.023437500 0.007812500 0.023437500 0.023437500 0.000000000 0.015625000 0.019531250 0.011718750 0.035156250 0.019531250 0.011718750 0.019531250 
0.015625000 0.082031250 0.042968750 0.039062500 0.117187500 0.066406250 0.074218750 0.121093750 0.066406250 0.027343750 0.066406250 0.035156250 0.031250000 0.011718750 0.023437500 0.011718750 0.003906250 0.015625000 0.015625000 0.015625000 0.011718750 0.007812500 0.015625000 0.019531250 0.007812500 0.023437500 0.003906250 0.007812500 0.015625000 0.003906250 0.011718750 0.027343750 0.019531250 0.019531250 0.023437500 0.023437500 0.011718750 0.003906250 0.011718750 0.011718750 0.011718750 0.015625000 0.015625000 0.015625000 0.015625000 0.007812500 0.023437500 0.011718750 0.007812500 0.007812500 0.015625000 0.007812500 0.003906250 0.015625000 0.023437500 0.011718750 0.007812500 0.011718750 0.011718750 0.023437500 0.023437500 0.023437500 0.031250000 0.007812500 0.019531250 0.027343750 0.019531250 0.015625000 0.015625000 0.003906250 0.007812500 0.019531250 0.015625000 0.011718750 0.015625000 0.007812500 0.011718750 0.007812500 0.019531250 0.011718750 0.003906250 0.015625000 0.011718750 0.007812500 0.003906250 0.011718750 0.003906250 0.011718750 0.023437500 0.031250000 0.011718750 0.015625000 0.023437500 0.023437500 0.019531250 0.011718750 0.019531250 0.031250000 0.007812500 0.015625000 0.019531250 0.019531250 0.003906250 0.015625000 0.031250000 0.023437500 0.031250000 0.039062500 0.015625000 0.066406250 0.031250000 0.019531250 0.046875000 0.011718750 0.035156250 0.023437500 0.046875000 0.070312500 0.054687500 0.066406250 0.089843750 0.046875000 0.054687500 0.089843750 0.035156250 0.019531250 0.031250000 0.015625000 0.023437500 0.035156250 0.007812500 0.031250000 0.054687500 0.015625000 0.023437500 0.035156250 0.039062500 0.039062500 0.031250000 0.015625000 0.042968750 0.039062500 0.058593750 0.003906250 0.015625000 0.062500000 0.039062500 0.019531250 0.027343750 0.023437500 0.027343750 0.019531250 0.019531250 0.015625000 0.019531250 0.007812500 0.019531250 0.015625000 0.003906250 0.011718750 0.027343750 0.023437500 0.015625000 0.011718750 0.019531250 0.015625000 0.019531250 0.007812500 0.011718750 0.003906250 0.003906250 0.011718750 0.015625000 0.007812500 0.019531250 0.027343750 0.019531250 0.019531250 0.011718750 0.003906250 0.011718750 0.027343750 0.019531250 0.007812500 0.011718750 0.011718750 0.007812500 0.007812500 0.019531250 0.007812500 0.007812500 0.007812500 0.007812500 0.003906250 0.007812500 0.011718750 0.000000000 0.011718750 0.011718750 0.015625000 0.011718750 0.015625000 0.011718750 0.011718750 0.003906250 0.015625000 0.011718750 0.015625000 0.011718750 0.003906250 0.007812500 0.011718750 0.023437500 0.015625000 0.007812500 0.031250000 0.011718750 0.011718750 0.019531250 0.007812500 0.015625000 0.015625000 0.011718750 0.015625000 0.007812500 0.035156250 0.039062500 0.011718750 0.035156250 0.039062500 0.011718750 0.019531250 0.019531250 0.027343750 0.019531250 0.011718750 0.027343750 0.027343750 0.019531250 0.023437500 0.011718750 0.015625000 0.023437500 0.027343750 0.015625000 0.007812500 0.019531250 0.023437500 0.015625000 0.027343750 0.015625000 0.015625000 0.023437500 0.035156250 0.007812500 0.003906250 0.000000000 
0.019531250 0.046875000 0.035156250 0.039062500 0.050781250 0.046875000 0.046875000 0.046875000 0.046875000 0.023437500 0.039062500 0.015625000 0.031250000 0.015625000 0.023437500 0.011718750 0.000000000 0.007812500 0.007812500 0.011718750 0.015625000 0.007812500 0.015625000 0.023437500 0.000000000 0.015625000 0.015625000 0.007812500 0.003906250 0.011718750 0.007812500 0.015625000 0.015625000 0.011718750 0.015625000 0.011718750 0.011718750 0.007812500 0.011718750 0.007812500 0.011718750 0.015625000 0.011718750 0.007812500 0.019531250 0.003906250 0.019531250 0.011718750 0.003906250 0.011718750 0.007812500 0.011718750 0.007812500 0.011718750 0.019531250 0.007812500 0.011718750 0.007812500 0.011718750 0.003906250 0.003906250 0.007812500 0.007812500 0.019531250 0.011718750 0.019531250 0.023437500 0.011718750 0.011718750 0.011718750 0.007812500 0.003906250 0.003906250 0.007812500 0.007812500 0.011718750 0.007812500 0.011718750 0.019531250 0.003906250 0.007812500 0.003906250 0.011718750 0.003906250 0.007812500 0.007812500 0.003906250 0.011718750 0.007812500 0.011718750 0.011718750 0.011718750 0.007812500 0.011718750 0.019531250 0.019531250 0.015625000 0.023437500 0.015625000 0.003906250 0.011718750 0.023437500 0.007812500 0.015625000 0.023437500 0.027343750 0.027343750 0.042968750 0.019531250 0.039062500 0.031250000 0.015625000 0.023437500 0.023437500 0.015625000 0.023437500 0.042968750 0.027343750 0.050781250 0.054687500 0.042968750 0.058593750 0.027343750 0.042968750 0.019531250 0.007812500 0.019531250 0.011718750 0.015625000 0.019531250 0.023437500 0.011718750 0.031250000 0.019531250 0.011718750 0.023437500 0.015625000 0.023437500 0.042968750 0.023437500 0.046875000 0.023437500 0.039062500 0.027343750 0.015625000 0.031250000 0.015625000 0.007812500 0.015625000 0.011718750 0.015625000 0.019531250 0.019531250 0.003906250 0.019531250 0.003906250 0.015625000 0.019531250 0.015625000 0.015625000 0.019531250 0.015625000 0.015625000 0.007812500 0.027343750 0.007812500 0.003906250 0.007812500 0.000000000 0.015625000 0.000000000 0.007812500 0.011718750 0.007812500 0.003906250 0.003906250 0.007812500 0.003906250 0.011718750 0.003906250 0.011718750 0.019531250 0.007812500 0.015625000 0.011718750 0.007812500 0.003906250 0.007812500 0.015625000 0.007812500 0.003906250 0.007812500 0.003906250 0.007812500 0.003906250 0.003906250 0.003906250 0.015625000 0.003906250 0.011718750 0.019531250 0.007812500 0.007812500 0.015625000 0.003906250 0.011718750 0.011718750 0.015625000 0.007812500 0.007812500 0.007812500 0.011718750 0.015625000 0.015625000 0.011718750 0.019531250 0.015625000 0.015625000 0.015625000 0.003906250 0.019531250 0.007812500 0.007812500 0.015625000 0.015625000 0.015625000 0.011718750 0.019531250 0.011718750 0.019531250 0.007812500 0.007812500 0.015625000 0.007812500 0.003906250 0.011718750 0.007812500 0.011718750 0.011718750 0.023437500 0.007812500 0.019531250 0.015625000 0.015625000 0.007812500 0.011718750 0.011718750 0.023437500 0.007812500 0.011718750 0.011718750 0.019531250 0.003906250 0.015625000 0.007812500 0.011718750 0.003906250 
0.015625000 0.011718750 0.007812500 0.007812500 0.011718750 0.007812500 0.003906250 0.000000000 0.007812500 0.011718750 0.011718750 0.007812500 0.011718750 0.015625000 0.011718750 0.003906250 0.003906250 0.003906250 0.007812500 0.007812500 0.007812500 0.007812500 0.015625000 0.015625000 0.007812500 0.007812500 0.011718750 0.007812500 0.003906250 0.003906250 0.003906250 0.011718750 0.015625000 0.011718750 0.007812500 0.015625000 0.011718750 0.003906250 0.003906250 0.003906250 0.003906250 0.007812500 0.011718750 0.003906250 0.011718750 0.015625000 0.007812500 0.003906250 0.007812500 0.003906250 0.003906250 0.007812500 0.003906250 0.003906250 0.011718750 0.007812500 0.003906250 0.007812500 0.007812500 0.000000000 0.007812500 0.007812500 0.000000000 0.007812500 0.007812500 0.000000000 0.003906250 0.007812500 0.000000000 0.003906250 0.007812500 0.003906250 0.003906250 0.007812500 0.003906250 0.003906250 0.003906250 0.000000000 0.007812500 0.007812500 0.003906250 0.003906250 0.007812500 0.003906250 0.003906250 0.003906250 0.000000000 0.007812500 0.011718750 0.007812500 0.007812500 0.011718750 0.007812500 0.000000000 0.003906250 0.003906250 0.007812500 0.015625000 0.011718750 0.011718750 0.015625000 0.015625000 0.007812500 0.003906250 0.007812500 0.003906250 0.011718750 0.015625000 0.011718750 0.015625000 0.019531250 0.015625000 0.011718750 0.011718750 0.007812500 0.003906250 0.011718750 0.007812500 0.015625000 0.023437500 0.019531250 0.015625000 0.015625000 0.015625000 0.007812500 0.003906250 0.007812500 0.007812500 0.015625000 0.019531250 0.015625000 0.019531250 0.023437500 0.015625000 0.007812500 0.007812500 0.003906250 0.007812500 0.015625000 0.011718750 0.015625000 0.019531250 0.019531250 0.011718750 0.011718750 0.011718750 0.003906250 0.007812500 0.007812500 0.007812500 0.015625000 0.019531250 0.011718750 0.011718750 0.015625000 0.011718750 0.000000000 0.003906250 0.003906250 0.007812500 0.011718750 0.011718750 0.007812500 0.011718750 0.011718750 0.003906250 0.003906250 0.003906250 0.003906250 0.007812500 0.007812500 0.003906250 0.007812500 0.011718750 0.003906250 0.003906250 0.003906250 0.003906250 0.003906250 0.003906250 0.000000000 0.007812500 0.007812500 0.003906250 0.003906250 0.003906250 0.003906250 0.003906250 0.007812500 0.000000000 0.003906250 0.007812500 0.003906250 0.003906250 0.007812500 0.003906250 0.003906250 0.007812500 0.007812500 0.003906250 0.007812500 0.003906250 0.003906250 0.007812500 0.007812500 0.003906250 0.011718750 0.011718750 0.003906250 0.007812500 0.007812500 0.003906250 0.003906250 0.007812500 0.003906250 0.011718750 0.015625000 0.011718750 0.007812500 0.011718750 0.011718750 0.000000000 0.003906250 0.003906250 0.003906250 0.011718750 0.011718750 0.007812500 0.015625000 0.015625000 0.007812500 0.003906250 0.007812500 0.003906250 0.007812500 0.007812500 0.003906250 0.011718750 0.015625000 0.011718750 0.007812500 0.011718750 0.011718750 0.007812500 0.003906250 0.000000000 0.003906250 0.011718750 0.011718750 0.007812500 0.011718750 0.015625000 0.011718750 0.007812500 0.003906250 0.007812500 0.007812500 
0.003906250 0.003906250 0.003906250 0.003906250 0.003906250 0.003906250 0.003906250 0.003906250 0.003906250 0.003906250 0.003906250 0.003906250 0.003906250 0.003906250 0.003906250 0.003906250 0.003906250 0.003906250 0.003906250 0.003906250 0.003906250 0.003906250 0.003906250 0.003906250 0.003906250 0.003906250 0.003906250 0.003906250 0.003906250 0.003906250 0.003906250 0.003906250 0.003906250 0.003906250 0.003906250 0.003906250 0.003906250 0.003906250 0.003906250 0.003906250 0.003906250 0.003906250 0.003906250 0.003906250 0.003906250 0.003906250 0.003906250 0.003906250 0.003906250 0.003906250 0.003906250 0.003906250 0.003906250 0.003906250 0.003906250 0.003906250 0.003906250 0.003906250 0.003906250 0.003906250 0.003906250 0.003906250 0.003906250 0.003906250 0.003906250 0.003906250 0.003906250 0.003906250 0.003906250 0.003906250 0.003906250 0.003906250 0.003906250 0.003906250 0.003906250 0.003906250 0.003906250 0.003906250 0.003906250 0.003906250 0.003906250 0.003906250 0.003906250 0.003906250 0.003906250 0.003906250 0.003906250 0.003906250 0.003906250 0.003906250 0.003906250 0.003906250 0.003906250 0.003906250 0.003906250 0.003906250 0.003906250 0.003906250 0.003906250 0.003906250 0.003906250 0.003906250 0.003906250 0.003906250 0.003906250 0.003906250 0.003906250 0.003906250 0.003906250 0.003906250 0.003906250 0.003906250 0.003906250 0.003906250 0.003906250 0.003906250 0.003906250 0.003906250 0.003906250 0.003906250 0.003906250 0.003906250 0.003906250 0.003906250 0.003906250 0.003906250 0.003906250 0.003906250 0.003906250 0.003906250 0.003906250 0.003906250 0.003906250 0.003906250 0.003906250 0.003906250 0.003906250 0.003906250 0.003906250 0.003906250 0.003906250 0.003906250 0.003906250 0.003906250 0.003906250 0.003906250 0.003906250 0.003906250 0.003906250 0.003906250 0.003906250 0.003906250 0.003906250 0.003906250 0.003906250 0.003906250 0.003906250 0.003906250 0.003906250 0.003906250 0.003906250 0.003906250 0.003906250 0.003906250 0.003906250 0.003906250 0.003906250 0.003906250 0.003906250 0.003906250 0.003906250 0.003906250 0.003906250 0.003906250 0.003906250 0.003906250 0.003906250 0.003906250 0.003906250 0.003906250 0.003906250 0.003906250 0.003906250 0.003906250 0.003906250 0.003906250 0.003906250 0.003906250 0.003906250 0.003906250 0.003906250 0.003906250 0.003906250 0.003906250 0.003906250 0.003906250 0.003906250 0.003906250 0.003906250 0.003906250 0.003906250 0.003906250 0.003906250 0.003906250 0.003906250 0.003906250 0.003906250 0.003906250 0.003906250 0.003906250 0.003906250 0.003906250 0.003906250 0.003906250 0.003906250 0.003906250 0.003906250 0.003906250 0.003906250 0.003906250 0.003906250 0.003906250 0.003906250 0.003906250 0.003906250 0.003906250 0.003906250 0.003906250 0.003906250 0.003906250 0.003906250 0.003906250 0.003906250 0.003906250 0.003906250 0.003906250 0.003906250 0.003906250 0.003906250 0.003906250 0.003906250 0.003906250 0.003906250 0.003906250 0.003906250 0.003906250 0.003906250 0.003906250 0.003906250 0.003906250 0.003906250 0.003906250 0.003906250 0.003906250 0.003906250 0.003906250 0.003906250 
0.000000000 0.000000000 0.000000000 0.000000000 0.000000000 0.000000000 0.000000000 0.000000000 0.000000000 0.000000000 0.000000000 0.000000000 0.000000000 0.000000000 0.000000000 0.000000000 0.000000000 0.000000000 0.000000000 0.000000000 0.000000000 0.000000000 0.000000000 0.000000000 0.000000000 0.000000000 0.000000000 0.000000000 0.000000000 0.000000000 0.000000000 0.000000000 0.000000000 0.000000000 0.000000000 0.000000000 0.000000000 0.000000000 0.000000000 0.000000000 0.000000000 0.000000000 0.000000000 0.000000000 0.000000000 0.000000000 0.000000000 0.000000000 0.000000000 0.000000000 0.000000000 0.000000000 0.000000000 0.000000000 0.000000000 0.000000000 0.000000000 0.000000000 0.000000000 0.000000000 0.000000000 0.000000000 0.000000000 0.000000000 0.000000000 0.000000000 0.000000000 0.000000000 0.000000000 0.000000000 0.000000000 0.000000000 0.000000000 0.000000000 0.000000000 0.000000000 0.000000000 0.000000000 0.000000000 0.000000000 0.000000000 0.000000000 0.000000000 0.000000000 0.000000000 0.000000000 0.000000000 0.000000000 0.000000000 0.000000000 0.000000000 0.000000000 0.000000000 0.000000000 0.000000000 0.000000000 0.000000000 0.000000000 0.000000000 0.000000000 0.000000000 0.000000000 0.000000000 0.000000000 0.000000000 0.000000000 0.000000000 0.000000000 0.000000000 0.000000000 0.000000000 0.000000000 0.000000000 0.000000000 0.000000000 0.000000000 0.000000000 0.000000000 0.000000000 0.000000000 0.000000000 0.000000000 0.000000000 0.000000000 0.000000000 0.000000000 0.000000000 0.000000000 0.000000000 0.000000000 0.000000000 0.000000000 0.000000000 0.000000000 0.000000000 0.000000000 0.000000000 0.000000000 0.000000000 0.000000000 0.000000000 0.000000000 0.000000000 0.000000000 0.000000000 0.000000000 0.000000000 0.000000000 0.000000000 0.000000000 0.000000000 0.000000000 0.000000000 0.000000000 0.000000000 0.000000000 0.000000000 0.000000000 0.000000000 0.000000000 0.000000000 0.000000000 0.000000000 0.000000000 0.000000000 0.000000000 0.000000000 0.000000000 0.000000000 0.000000000 0.000000000 0.000000000 0.000000000 0.000000000 0.000000000 0.000000000 0.000000000 0.000000000 0.000000000 0.000000000 0.000000000 0.000000000 0.000000000 0.000000000 0.000000000 0.000000000 0.000000000 0.000000000 0.000000000 0.000000000 0.000000000 0.000000000 0.000000000 0.000000000 0.000000000 0.000000000 0.000000000 0.000000000 0.000000000 0.000000000 0.000000000 0.000000000 0.000000000 0.000000000 0.000000000 0.000000000 0.000000000 0.000000000 0.000000000 0.000000000 0.000000000 0.000000000 0.000000000 0.000000000 0.000000000 0.000000000 0.000000000 0.000000000 0.000000000 0.000000000 0.000000000 0.000000000 0.000000000 0.000000000 0.000000000 0.000000000 0.000000000 0.000000000 0.000000000 0.000000000 0.000000000 0.000000000 0.000000000 0.000000000 0.000000000 0.000000000 0.000000000 0.000000000 0.000000000 0.000000000 0.000000000 0.000000000 0.000000000 0.000000000 0.000000000 0.000000000 0.000000000 0.000000000 0.000000000 0.000000000 0.000000000 0.000000000 0.000000000 0.000000000 0.000000000 0.000000000 0.000000000 
0.000000000 0.000000000 0.000000000 0.000000000 0.000000000 0.000000000 0.000000000 0.000000000 0.000000000 0.000000000 0.000000000 0.000000000 0.000000000 0.000000000 0.000000000 0.000000000 0.000000000 0.000000000 0.000000000 0.000000000 0.000000000 0.000000000 0.000000000 0.000000000 0.000000000 0.000000000 0.000000000 0.000000000 0.000000000 0.000000000 0.000000000 0.000000000 0.000000000 0.000000000 0.000000000 0.000000000 0.000000000 0.000000000 0.000000000 0.000000000 0.000000000 0.000000000 0.000000000 0.000000000 0.000000000 0.000000000 0.000000000 0.000000000 0.000000000 0.000000000 0.000000000 0.000000000 0.000000000 0.000000000 0.000000000 0.000000000 0.000000000 0.000000000 0.000000000 0.000000000 0.000000000 0.000000000 0.000000000 0.000000000 0.000000000 0.000000000 0.000000000 0.000000000 0.000000000 0.000000000 0.000000000 0.000000000 0.000000000 0.000000000 0.000000000 0.000000000 0.000000000 0.000000000 0.000000000 0.000000000 0.000000000 0.000000000 0.000000000 0.000000000 0.000000000 0.000000000 0.000000000 0.000000000 0.000000000 0.000000000 0.000000000 0.000000000 0.000000000 0.000000000 0.000000000 0.000000000 0.000000000 0.000000000 0.000000000 0.000000000 0.000000000 0.000000000 0.000000000 0.000000000 0.000000000 0.000000000 0.000000000 0.000000000 0.000000000 0.000000000 0.000000000 0.000000000 0.000000000 0.000000000 0.000000000 0.000000000 0.000000000 0.000000000 0.000000000 0.000000000 0.000000000 0.000000000 0.000000000 0.000000000 0.000000000 0.000000000 0.000000000 0.000000000 0.000000000 0.000000000 0.000000000 0.000000000 0.000000000 0.000000000 0.000000000 0.000000000 0.000000000 0.000000000 0.000000000 0.000000000 0.000000000 0.000000000 0.000000000 0.000000000 0.000000000 0.000000000 0.000000000 0.000000000 0.000000000 0.000000000 0.000000000 0.000000000 0.000000000 0.000000000 0.000000000 0.000000000 0.000000000 0.000000000 0.000000000 0.000000000 0.000000000 0.000000000 0.000000000 0.000000000 0.000000000 0.000000000 0.000000000 0.000000000 0.000000000 0.000000000 0.000000000 0.000000000 0.000000000 0.000000000 0.000000000 0.000000000 0.000000000 0.000000000 0.000000000 0.000000000 0.000000000 0.000000000 0.000000000 0.000000000 0.000000000 0.000000000 0.000000000 0.000000000 0.000000000 0.000000000 0.000000000 0.000000000 0.000000000 0.000000000 0.000000000 0.000000000 0.000000000 0.000000000 0.000000000 0.000000000 0.000000000 0.000000000 0.000000000 0.000000000 0.000000000 0.000000000 0.000000000 0.000000000 0.000000000 0.000000000 0.000000000 0.000000000 0.000000000 0.000000000 0.000000000 0.000000000 0.000000000 0.000000000 0.000000000 0.000000000 0.000000000 0.000000000 0.000000000 0.000000000 0.000000000 0.000000000 0.000000000 0.000000000 0.000000000 0.000000000 0.000000000 0.000000000 0.000000000 0.000000000 0.000000000 0.000000000 0.000000000 0.000000000 0.000000000 0.000000000 0.000000000 0.000000000 0.000000000 0.000000000 0.000000000 0.000000000 0.000000000 0.000000000 0.000000000 0.000000000 0.000000000 0.000000000 0.000000000 0.000000000 0.000000000 0.000000000 0.000000000 
0.000000000 0.000000000 0.000000000 0.000000000 0.000000000 0.000000000 0.000000000 0.000000000 0.000000000 0.000000000 0.000000000 0.000000000 0.000000000 0.000000000 0.000000000 0.000000000 0.000000000 0.000000000 0.000000000 0.000000000 0.000000000 0.000000000 0.000000000 0.000000000 0.000000000 0.000000000 0.000000000 0.000000000 0.000000000 0.000000000 0.000000000 0.000000000 0.000000000 0.000000000 0.000000000 0.000000000 0.000000000 0.000000000 0.000000000 0.000000000 0.000000000 0.000000000 0.000000000 0.000000000 0.000000000 0.000000000 0.000000000 0.000000000 0.000000000 0.000000000 0.000000000 0.000000000 0.000000000 0.000000000 0.000000000 0.000000000 0.000000000 0.000000000 0.000000000 0.000000000 0.000000000 0.000000000 0.000000000 0.000000000 0.000000000 0.000000000 0.000000000 0.000000000 0.000000000 0.000000000 0.000000000 0.000000000 0.000000000 0.000000000 0.000000000 0.000000000 0.000000000 0.000000000 0.000000000 0.000000000 0.000000000 0.000000000 0.000000000 0.000000000 0.000000000 0.000000000 0.000000000 0.000000000 0.000000000 0.000000000 0.000000000 0.000000000 0.000000000 0.000000000 0.000000000 0.000000000 0.000000000 0.000000000 0.000000000 0.000000000 0.000000000 0.000000000 0.000000000 0.000000000 0.000000000 0.000000000 0.000000000 0.000000000 0.000000000 0.000000000 0.000000000 0.000000000 0.000000000 0.000000000 0.000000000 0.000000000 0.000000000 0.000000000 0.000000000 0.000000000 0.000000000 0.000000000 0.000000000 0.000000000 0.000000000 0.000000000 0.000000000 0.000000000 0.000000000 0.000000000 0.000000000 0.000000000 0.000000000 0.000000000 0.000000000 0.000000000 0.000000000 0.000000000 0.000000000 0.000000000 0.000000000 0.000000000 0.000000000 0.000000000 0.000000000 0.000000000 0.000000000 0.000000000 0.000000000 0.000000000 0.000000000 0.000000000 0.000000000 0.000000000 0.000000000 0.000000000 0.000000000 0.000000000 0.000000000 0.000000000 0.000000000 0.000000000 0.000000000 0.000000000 0.000000000 0.000000000 0.000000000 0.000000000 0.000000000 0.000000000 0.000000000 0.000000000 0.000000000 0.000000000 0.000000000 0.000000000 0.000000000 0.000000000 0.000000000 0.000000000 0.000000000 0.000000000 0.000000000 0.000000000 0.000000000 0.000000000 0.000000000 0.000000000 0.000000000 0.000000000 0.000000000 0.000000000 0.000000000 0.000000000 0.000000000 0.000000000 0.000000000 0.000000000 0.000000000 0.000000000 0.000000000 0.000000000 0.000000000 0.000000000 0.000000000 0.000000000 0.000000000 0.000000000 0.000000000 0.000000000 0.000000000 0.000000000 0.000000000 0.000000000 0.000000000 0.000000000 0.000000000 0.000000000 0.000000000 0.000000000 0.000000000 0.000000000 0.000000000 0.000000000 0.000000000 0.000000000 0.000000000 0.000000000 0.000000000 0.000000000 0.000000000 0.000000000 0.000000000 0.000000000 0.000000000 0.000000000 0.000000000 0.000000000 0.000000000 0.000000000 0.000000000 0.000000000 0.000000000 0.000000000 0.000000000 0.000000000 0.000000000 0.000000000 0.000000000 0.000000000 0.000000000 0.000000000 0.000000000 0.000000000 0.000000000 0.000000000 0.000000000 
0.000000000 0.000000000 0.000000000 0.000000000 0.000000000 0.000000000 0.000000000 0.000000000 0.000000000 0.000000000 0.000000000 0.000000000 0.000000000 0.000000000 0.000000000 0.000000000 0.000000000 0.000000000 0.000000000 0.000000000 0.000000000 0.000000000 0.000000000 0.000000000 0.000000000 0.000000000 0.000000000 0.000000000 0.000000000 0.000000000 0.000000000 0.000000000 0.000000000 0.000000000 0.000000000 0.000000000 0.000000000 0.000000000 0.000000000 0.000000000 0.000000000 0.000000000 0.000000000 0.000000000 0.000000000 0.000000000 0.000000000 0.000000000 0.000000000 0.000000000 0.000000000 0.000000000 0.000000000 0.000000000 0.000000000 0.000000000 0.000000000 0.000000000 0.000000000 0.000000000 0.000000000 0.000000000 0.000000000 0.000000000 0.000000000 0.000000000 0.000000000 0.000000000 0.000000000 0.000000000 0.000000000 0.000000000 0.000000000 0.000000000 0.000000000 0.000000000 0.000000000 0.000000000 0.000000000 0.000000000 0.000000000 0.000000000 0.000000000 0.000000000 0.000000000 0.000000000 0.000000000 0.000000000 0.000000000 0.000000000 0.000000000 0.000000000 0.000000000 0.000000000 0.000000000 0.000000000 0.000000000 0.000000000 0.000000000 0.000000000 0.000000000 0.000000000 0.000000000 0.000000000 0.000000000 0.000000000 0.000000000 0.000000000 0.000000000 0.000000000 0.000000000 0.000000000 0.000000000 0.000000000 0.000000000 0.000000000 0.000000000 0.000000000 0.000000000 0.000000000 0.000000000 0.000000000 0.000000000 0.000000000 0.000000000 0.000000000 0.000000000 0.000000000 0.000000000 0.000000000 0.000000000 0.000000000 0.000000000 0.000000000 0.000000000 0.000000000 0.000000000 0.000000000 0.000000000 0.000000000 0.000000000 0.000000000 0.000000000 0.000000000 0.000000000 0.000000000 0.000000000 0.000000000 0.000000000 0.000000000 0.000000000 0.000000000 0.000000000 0.000000000 0.000000000 0.000000000 0.000000000 0.000000000 0.000000000 0.000000000 0.000000000 0.000000000 0.000000000 0.000000000 0.000000000 0.000000000 0.000000000 0.000000000 0.000000000 0.000000000 0.000000000 0.000000000 0.000000000 0.000000000 0.000000000 0.000000000 0.000000000 0.000000000 0.000000000 0.000000000 0.000000000 0.000000000 0.000000000 0.000000000 0.000000000 0.000000000 0.000000000 0.000000000 0.000000000 0.000000000 0.000000000 0.000000000 0.000000000 0.000000000 0.000000000 0.000000000 0.000000000 0.000000000 0.000000000 0.000000000 0.000000000 0.000000000 0.000000000 0.000000000 0.000000000 0.000000000 0.000000000 0.000000000 0.000000000 0.000000000 0.000000000 0.000000000 0.000000000 0.000000000 0.000000000 0.000000000 0.000000000 0.000000000 0.000000000 0.000000000 0.000000000 0.000000000 0.000000000 0.000000000 0.000000000 0.000000000 0.000000000 0.000000000 0.000000000 0.000000000 0.000000000 0.000000000 0.000000000 0.000000000 0.000000000 0.000000000 0.000000000 0.000000000 0.000000000 0.000000000 0.000000000 0.000000000 0.000000000 0.000000000 0.000000000 0.000000000 0.000000000 0.000000000 0.000000000 0.000000000 0.000000000 0.000000000 0.000000000 0.000000000 0.000000000 0.000000000 0.000000000 
0.000000000 0.000000000 0.000000000 0.000000000 0.000000000 0.000000000 0.000000000 0.000000000 0.000000000 0.000000000 0.000000000 0.000000000 0.000000000 0.000000000 0.000000000 0.000000000 0.000000000 0.000000000 0.000000000 0.000000000 0.000000000 0.000000000 0.000000000 0.000000000 0.000000000 0.000000000 0.000000000 0.000000000 0.000000000 0.000000000 0.000000000 0.000000000 0.000000000 0.000000000 0.000000000 0.000000000 0.000000000 0.000000000 0.000000000 0.000000000 0.000000000 0.000000000 0.000000000 0.000000000 0.000000000 0.000000000 0.000000000 0.000000000 0.000000000 0.000000000 0.000000000 0.000000000 0.000000000 0.000000000 0.000000000 0.000000000 0.000000000 0.000000000 0.000000000 0.000000000 0.000000000 0.000000000 0.000000000 0.000000000 0.000000000 0.000000000 0.000000000 0.000000000 0.000000000 0.000000000 0.000000000 0.000000000 0.000000000 0.000000000 0.000000000 0.000000000 0.000000000 0.000000000 0.000000000 0.000000000 0.000000000 0.000000000 0.000000000 0.000000000 0.000000000 0.000000000 0.000000000 0.000000000 0.000000000 0.000000000 0.000000000 0.000000000 0.000000000 0.000000000 0.000000000 0.000000000 0.000000000 0.000000000 0.000000000 0.000000000 0.000000000 0.000000000 0.000000000 0.000000000 0.000000000 0.000000000 0.000000000 0.000000000 0.000000000 0.000000000 0.000000000 0.000000000 0.000000000 0.000000000 0.000000000 0.000000000 0.000000000 0.000000000 0.000000000 0.000000000 0.000000000 0.000000000 0.000000000 0.000000000 0.000000000 0.000000000 0.000000000 0.000000000 0.000000000 0.000000000 0.000000000 0.000000000 0.000000000 0.000000000 0.000000000 0.000000000 0.000000000 0.000000000 0.000000000 0.000000000 0.000000000 0.000000000 0.000000000 0.000000000 0.000000000 0.000000000 0.000000000 0.000000000 0.000000000 0.000000000 0.000000000 0.000000000 0.000000000 0.000000000 0.000000000 0.000000000 0.000000000 0.000000000 0.000000000 0.000000000 0.000000000 0.000000000 0.000000000 0.000000000 0.000000000 0.000000000 0.000000000 0.000000000 0.000000000 0.000000000 0.000000000 0.000000000 0.000000000 0.000000000 0.000000000 0.000000000 0.000000000 0.000000000 0.000000000 0.000000000 0.000000000 0.000000000 0.000000000 0.000000000 0.000000000 0.000000000 0.000000000 0.000000000 0.000000000 0.000000000 0.000000000 0.000000000 0.000000000 0.000000000 0.000000000 0.000000000 0.000000000 0.000000000 0.000000000 0.000000000 0.000000000 0.000000000 0.000000000 0.000000000 0.000000000 0.000000000 0.000000000 0.000000000 0.000000000 0.000000000 0.000000000 0.000000000 0.000000000 0.000000000 0.000000000 0.000000000 0.000000000 0.000000000 0.000000000 0.000000000 0.000000000 0.000000000 0.000000000 0.000000000 0.000000000 0.000000000 0.000000000 0.000000000 0.000000000 0.000000000 0.000000000 0.000000000 0.000000000 0.000000000 0.000000000 0.000000000 0.000000000 0.000000000 0.000000000 0.000000000 0.000000000 0.000000000 0.000000000 0.000000000 0.000000000 0.000000000 0.000000000 0.000000000 0.000000000 0.000000000 0.000000000 0.000000000 0.000000000 0.000000000 0.000000000 0.000000000 0.000000000 
0.000000000 0.000000000 0.000000000 0.000000000 0.000000000 0.000000000 0.000000000 0.000000000 0.000000000 0.000000000 0.000000000 0.000000000 0.000000000 0.000000000 0.000000000 0.000000000 0.000000000 0.000000000 0.000000000 0.000000000 0.000000000 0.000000000 0.000000000 0.000000000 0.000000000 0.000000000 0.000000000 0.000000000 0.000000000 0.000000000 0.000000000 0.000000000 0.000000000 0.000000000 0.000000000 0.000000000 0.000000000 0.000000000 0.000000000 0.000000000 0.000000000 0.000000000 0.000000000 0.000000000 0.000000000 0.000000000 0.000000000 0.000000000 0.000000000 0.000000000 0.000000000 0.000000000 0.000000000 0.000000000 0.000000000 0.000000000 0.000000000 0.000000000 0.000000000 0.000000000 0.000000000 0.000000000 0.000000000 0.000000000 0.000000000 0.000000000 0.000000000 0.000000000 0.000000000 0.000000000 0.000000000 0.000000000 0.000000000 0.000000000 0.000000000 0.000000000 0.000000000 0.000000000 0.000000000 0.000000000 0.000000000 0.000000000 0.000000000 0.000000000 0.000000000 0.000000000 0.000000000 0.000000000 0.000000000 0.000000000 0.000000000 0.000000000 0.000000000 0.000000000 0.000000000 0.000000000 0.000000000 0.000000000 0.000000000 0.000000000 0.000000000 0.000000000 0.000000000 0.000000000 0.000000000 0.000000000 0.000000000 0.000000000 0.000000000 0.000000000 0.000000000 0.000000000 0.000000000 0.000000000 0.000000000 0.000000000 0.000000000 0.000000000 0.000000000 0.000000000 0.000000000 0.000000000 0.000000000 0.000000000 0.000000000 0.000000000 0.000000000 0.000000000 0.000000000 0.000000000 0.000000000 0.000000000 0.000000000 0.000000000 0.000000000 0.000000000 0.000000000 0.000000000 0.000000000 0.000000000 0.000000000 0.000000000 0.000000000 0.000000000 0.000000000 0.000000000 0.000000000 0.000000000 0.000000000 0.000000000 0.000000000 0.000000000 0.000000000 0.000000000 0.000000000 0.000000000 0.000000000 0.000000000 0.000000000 0.000000000 0.000000000 0.000000000 0.000000000 0.000000000 0.000000000 0.000000000 0.000000000 0.000000000 0.000000000 0.000000000 0.000000000 0.000000000 0.000000000 0.000000000 0.000000000 0.000000000 0.000000000 0.000000000 0.000000000 0.000000000 0.000000000 0.000000000 0.000000000 0.000000000 0.000000000 0.000000000 0.000000000 0.000000000 0.000000000 0.000000000 0.000000000 0.000000000 0.000000000 0.000000000 0.000000000 0.000000000 0.000000000 0.000000000 0.000000000 0.000000000 0.000000000 0.000000000 0.000000000 0.000000000 0.000000000 0.000000000 0.000000000 0.000000000 0.000000000 0.000000000 0.000000000 0.000000000 0.000000000 0.000000000 0.000000000 0.000000000 0.000000000 0.000000000 0.000000000 0.000000000 0.000000000 0.000000000 0.000000000 0.000000000 0.000000000 0.000000000 0.000000000 0.000000000 0.000000000 0.000000000 0.000000000 0.000000000 0.000000000 0.000000000 0.000000000 0.000000000 0.000000000 0.000000000 0.000000000 0.000000000 0.000000000 0.000000000 0.000000000 0.000000000 0.000000000 0.000000000 0.000000000 0.000000000 0.000000000 0.000000000 0.000000000 0.000000000 0.000000000 0.000000000 0.000000000 0.000000000 0.000000000 
0.000000000 0.000000000 0.000000000 0.000000000 0.000000000 0.000000000 0.000000000 0.000000000 0.000000000 0.000000000 0.000000000 0.000000000 0.000000000 0.000000000 0.000000000 0.000000000 0.000000000 0.000000000 0.000000000 0.000000000 0.000000000 0.000000000 0.000000000 0.000000000 0.000000000 0.000000000 0.000000000 0.000000000 0.000000000 0.000000000 0.000000000 0.000000000 0.000000000 0.000000000 0.000000000 0.000000000 0.000000000 0.000000000 0.000000000 0.000000000 0.000000000 0.000000000 0.000000000 0.000000000 0.000000000 0.000000000 0.000000000 0.000000000 0.000000000 0.000000000 0.000000000 0.000000000 0.000000000 0.000000000 0.000000000 0.000000000 0.000000000 0.000000000 0.000000000 0.000000000 0.000000000 0.000000000 0.000000000 0.000000000 0.000000000 0.000000000 0.000000000 0.000000000 0.000000000 0.000000000 0.000000000 0.000000000 0.000000000 0.000000000 0.000000000 0.000000000 0.000000000 0.000000000 0.000000000 0.000000000 0.000000000 0.000000000 0.000000000 0.000000000 0.000000000 0.000000000 0.000000000 0.000000000 0.000000000 0.000000000 0.000000000 0.000000000 0.000000000 0.000000000 0.000000000 0.000000000 0.000000000 0.000000000 0.000000000 0.000000000 0.000000000 0.000000000 0.000000000 0.000000000 0.000000000 0.000000000 0.000000000 0.000000000 0.000000000 0.000000000 0.000000000 0.000000000 0.000000000 0.000000000 0.000000000 0.000000000 0.000000000 0.000000000 0.000000000 0.000000000 0.000000000 0.000000000 0.000000000 0.000000000 0.000000000 0.000000000 0.000000000 0.000000000 0.000000000 0.000000000 0.000000000 0.000000000 0.000000000 0.000000000 0.000000000 0.000000000 0.000000000 0.000000000 0.000000000 0.000000000 0.000000000 0.000000000 0.000000000 0.000000000 0.000000000 0.000000000 0.000000000 0.000000000 0.000000000 0.000000000 0.000000000 0.000000000 0.000000000 0.000000000 0.000000000 0.000000000 0.000000000 0.000000000 0.000000000 0.000000000 0.000000000 0.000000000 0.000000000 0.000000000 0.000000000 0.000000000 0.000000000 0.000000000 0.000000000 0.000000000 0.000000000 0.000000000 0.000000000 0.000000000 0.000000000 0.000000000 0.000000000 0.000000000 0.000000000 0.000000000 0.000000000 0.000000000 0.000000000 0.000000000 0.000000000 0.000000000 0.000000000 0.000000000 0.000000000 0.000000000 0.000000000 0.000000000 0.000000000 0.000000000 0.000000000 0.000000000 0.000000000 0.000000000 0.000000000 0.000000000 0.000000000 0.000000000 0.000000000 0.000000000 0.000000000 0.000000000 0.000000000 0.000000000 0.000000000 0.000000000 0.000000000 0.000000000 0.000000000 0.000000000 0.000000000 0.000000000 0.000000000 0.000000000 0.000000000 0.000000000 0.000000000 0.000000000 0.000000000 0.000000000 0.000000000 0.000000000 0.000000000 0.000000000 0.000000000 0.000000000 0.000000000 0.000000000 0.000000000 0.000000000 0.000000000 0.000000000 0.000000000 0.000000000 0.000000000 0.000000000 0.000000000 0.000000000 0.000000000 0.000000000 0.000000000 0.000000000 0.000000000 0.000000000 0.000000000 0.000000000 0.000000000 0.000000000 0.000000000 0.000000000 0.000000000 0.000000000 0.000000000 
0.000000000 0.000000000 0.000000000 0.000000000 0.000000000 0.000000000 0.000000000 0.000000000 0.000000000 0.000000000 0.000000000 0.000000000 0.000000000 0.000000000 0.000000000 0.000000000 0.000000000 0.000000000 0.000000000 0.000000000 0.000000000 0.000000000 0.000000000 0.000000000 0.000000000 0.000000000 0.000000000 0.000000000 0.000000000 0.000000000 0.000000000 0.000000000 0.000000000 0.000000000 0.000000000 0.000000000 0.000000000 0.000000000 0.000000000 0.000000000 0.000000000 0.000000000 0.000000000 0.000000000 0.000000000 0.000000000 0.000000000 0.000000000 0.000000000 0.000000000 0.000000000 0.000000000 0.000000000 0.000000000 0.000000000 0.000000000 0.000000000 0.000000000 0.000000000 0.000000000 0.000000000 0.000000000 0.000000000 0.000000000 0.000000000 0.000000000 0.000000000 0.000000000 0.000000000 0.000000000 0.000000000 0.000000000 0.000000000 0.000000000 0.000000000 0.000000000 0.000000000 0.000000000 0.000000000 0.000000000 0.000000000 0.000000000 0.000000000 0.000000000 0.000000000 0.000000000 0.000000000 0.000000000 0.000000000 0.000000000 0.000000000 0.000000000 0.000000000 0.000000000 0.000000000 0.000000000 0.000000000 0.000000000 0.000000000 0.000000000 0.000000000 0.000000000 0.000000000 0.000000000 0.000000000 0.000000000 0.000000000 0.000000000 0.000000000 0.000000000 0.000000000 0.000000000 0.000000000 0.000000000 0.000000000 0.000000000 0.000000000 0.000000000 0.000000000 0.000000000 0.000000000 0.000000000 0.000000000 0.000000000 0.000000000 0.000000000 0.000000000 0.000000000 0.000000000 0.000000000 0.000000000 0.000000000 0.000000000 0.000000000 0.000000000 0.000000000 0.000000000 0.000000000 0.000000000 0.000000000 0.000000000 0.000000000 0.000000000 0.000000000 0.000000000 0.000000000 0.000000000 0.000000000 0.000000000 0.000000000 0.000000000 0.000000000 0.000000000 0.000000000 0.000000000 0.000000000 0.000000000 0.000000000 0.000000000 0.000000000 0.000000000 0.000000000 0.000000000 0.000000000 0.000000000 0.000000000 0.000000000 0.000000000 0.000000000 0.000000000 0.000000000 0.000000000 0.000000000 0.000000000 0.000000000 0.000000000 0.000000000 0.000000000 0.000000000 0.000000000 0.000000000 0.000000000 0.000000000 0.000000000 0.000000000 0.000000000 0.000000000 0.000000000 0.000000000 0.000000000 0.000000000 0.000000000 0.000000000 0.000000000 0.000000000 0.000000000 0.000000000 0.000000000 0.000000000 0.000000000 0.000000000 0.000000000 0.000000000 0.000000000 0.000000000 0.000000000 0.000000000 0.000000000 0.000000000 0.000000000 0.000000000 0.000000000 0.000000000 0.000000000 0.000000000 0.000000000 0.000000000 0.000000000 0.000000000 0.000000000 0.000000000 0.000000000 0.000000000 0.000000000 0.000000000 0.000000000 0.000000000 0.000000000 0.000000000 0.000000000 0.000000000 0.000000000 0.000000000 0.000000000 0.000000000 0.000000000 0.000000000 0.000000000 0.000000000 0.000000000 0.000000000 0.000000000 0.000000000 0.000000000 0.000000000 0.000000000 0.000000000 0.000000000 0.000000000 0.000000000 0.000000000 0.000000000 0.000000000 0.000000000 0.000000000 0.000000000 0.000000000 
