0.160156250 0.152343750 0.500000000 0.304687500 0.089843750 0.292968750 0.199218750 0.105468750 0.070312500 0.132812500 0.015625000 0.023437500 0.042968750 0.105468750 0.054687500 0.062500000 0.042968750 0.007812500 0.101562500 0.074218750 0.078125000 0.035156250 0.027343750 0.082031250 0.070312500 0.023437500 0.074218750 0.023437500 0.062500000 0.031250000 0.070312500 0.046875000 0.042968750 0.058593750 0.042968750 0.011718750 0.007812500 0.050781250 0.027343750 0.003906250 0.019531250 0.031250000 0.031250000 0.019531250 0.035156250 0.011718750 0.042968750 0.062500000 0.011718750 0.015625000 0.050781250 0.035156250 0.031250000 0.031250000 0.042968750 0.031250000 0.042968750 0.046875000 0.050781250 0.019531250 0.007812500 0.019531250 0.011718750 0.011718750 0.019531250 0.023437500 0.007812500 0.011718750 0.039062500 0.011718750 0.015625000 0.003906250 0.027343750 0.035156250 0.039062500 0.058593750 0.027343750 0.019531250 0.027343750 0.031250000 0.023437500 0.019531250 0.031250000 0.019531250 0.011718750 0.015625000 0.027343750 0.023437500 0.007812500 0.019531250 0.011718750 0.023437500 0.027343750 0.027343750 0.019531250 0.019531250 0.019531250 0.019531250 0.015625000 0.015625000 0.003906250 0.003906250 0.023437500 0.019531250 0.007812500 0.011718750 0.011718750 0.015625000 0.031250000 0.015625000 0.015625000 0.015625000 0.007812500 0.007812500 0.007812500 0.015625000 0.019531250 0.027343750 0.011718750 0.007812500 0.011718750 0.003906250 0.011718750 0.011718750 0.019531250 0.039062500 0.023437500 0.015625000 0.011718750 0.011718750 0.007812500 0.003906250 0.019531250 0.019531250 0.035156250 0.019531250 0.011718750 0.023437500 0.007812500 0.003906250 0.003906250 0.011718750 0.011718750 0.019531250 0.023437500 0.015625000 0.015625000 0.007812500 0.007812500 0.011718750 0.023437500 0.015625000 0.007812500 0.023437500 0.007812500 0.011718750 0.003906250 0.007812500 0.035156250 0.023437500 0.035156250 0.023437500 0.042968750 0.023437500 0.023437500 0.003906250 0.007812500 0.015625000 0.011718750 0.015625000 0.011718750 0.003906250 0.007812500 0.015625000 0.011718750 0.007812500 0.007812500 0.011718750 0.011718750 0.027343750 0.000000000 0.007812500 0.015625000 0.019531250 0.015625000 0.019531250 0.007812500 0.003906250 0.011718750 0.011718750 0.019531250 0.015625000 0.011718750 0.003906250 0.007812500 0.015625000 0.003906250 0.023437500 0.003906250 0.015625000 0.019531250 0.023437500 0.011718750 0.000000000 0.003906250 0.011718750 0.003906250 0.011718750 0.007812500 0.015625000 0.015625000 0.011718750 0.003906250 0.015625000 0.015625000 0.003906250 0.007812500 0.011718750 0.007812500 0.007812500 0.003906250 0.003906250 0.007812500 0.003906250 0.003906250 0.011718750 0.007812500 0.019531250 0.011718750 0.007812500 0.011718750 0.007812500 0.007812500 0.007812500 0.015625000 0.011718750 0.015625000 0.015625000 0.015625000 0.019531250 0.011718750 0.003906250 0.007812500 0.011718750 0.011718750 0.003906250 0.011718750 0.003906250 0.007812500 0.011718750 0.003906250 0.003906250 0.007812500 0.011718750 0.015625000 0.019531250 0.003906250 
0.046875000 0.085937500 0.238281250 0.121093750 0.144531250 0.214843750 0.191406250 0.121093750 0.093750000 0.105468750 0.019531250 0.023437500 0.062500000 0.070312500 0.082031250 0.105468750 0.046875000 0.027343750 0.085937500 0.035156250 0.031250000 0.085937500 0.007812500 0.089843750 0.042968750 0.054687500 0.054687500 0.039062500 0.019531250 0.042968750 0.042968750 0.031250000 0.015625000 0.042968750 0.058593750 0.027343750 0.042968750 0.085937500 0.042968750 0.046875000 0.046875000 0.027343750 0.050781250 0.007812500 0.035156250 0.011718750 0.019531250 0.062500000 0.019531250 0.027343750 0.042968750 0.027343750 0.015625000 0.015625000 0.027343750 0.046875000 0.015625000 0.023437500 0.050781250 0.023437500 0.023437500 0.023437500 0.031250000 0.023437500 0.042968750 0.042968750 0.023437500 0.011718750 0.023437500 0.007812500 0.003906250 0.023437500 0.011718750 0.035156250 0.015625000 0.035156250 0.003906250 0.007812500 0.019531250 0.019531250 0.015625000 0.019531250 0.019531250 0.023437500 0.015625000 0.035156250 0.027343750 0.035156250 0.011718750 0.023437500 0.015625000 0.011718750 0.023437500 0.019531250 0.003906250 0.039062500 0.011718750 0.007812500 0.003906250 0.011718750 0.007812500 0.011718750 0.023437500 0.031250000 0.015625000 0.011718750 0.007812500 0.019531250 0.015625000 0.019531250 0.007812500 0.007812500 0.019531250 0.019531250 0.011718750 0.015625000 0.019531250 0.027343750 0.007812500 0.007812500 0.011718750 0.011718750 0.015625000 0.011718750 0.011718750 0.031250000 0.027343750 0.015625000 0.000000000 0.003906250 0.003906250 0.003906250 0.011718750 0.015625000 0.027343750 0.011718750 0.000000000 0.011718750 0.007812500 0.007812500 0.003906250 0.003906250 0.015625000 0.019531250 0.007812500 0.011718750 0.003906250 0.007812500 0.003906250 0.019531250 0.023437500 0.011718750 0.003906250 0.015625000 0.003906250 0.007812500 0.011718750 0.019531250 0.019531250 0.003906250 0.011718750 0.023437500 0.015625000 0.007812500 0.011718750 0.015625000 0.011718750 0.015625000 0.011718750 0.011718750 0.007812500 0.011718750 0.011718750 0.015625000 0.015625000 0.007812500 0.007812500 0.003906250 0.003906250 0.027343750 0.003906250 0.007812500 0.019531250 0.015625000 0.007812500 0.000000000 0.011718750 0.007812500 0.011718750 0.011718750 0.019531250 0.011718750 0.015625000 0.003906250 0.015625000 0.011718750 0.007812500 0.015625000 0.011718750 0.011718750 0.000000000 0.011718750 0.011718750 0.003906250 0.003906250 0.019531250 0.011718750 0.007812500 0.007812500 0.015625000 0.011718750 0.011718750 0.007812500 0.007812500 0.007812500 0.007812500 0.003906250 0.007812500 0.003906250 0.007812500 0.011718750 0.003906250 0.003906250 0.003906250 0.003906250 0.000000000 0.007812500 0.023437500 0.007812500 0.007812500 0.015625000 0.011718750 0.003906250 0.003906250 0.007812500 0.007812500 0.003906250 0.015625000 0.003906250 0.011718750 0.015625000 0.011718750 0.011718750 0.003906250 0.011718750 0.003906250 0.007812500 0.000000000 0.007812500 0.015625000 0.011718750 0.003906250 0.003906250 0.011718750 0.015625000 0.015625000 0.000000000 
0.128906250 0.113281250 0.070312500 0.218750000 0.210937500 0.117187500 0.171875000 0.175781250 0.042968750 0.050781250 0.105468750 0.074218750 0.054687500 0.023437500 0.078125000 0.078125000 0.058593750 0.015625000 0.042968750 0.031250000 0.058593750 0.031250000 0.070312500 0.074218750 0.015625000 0.031250000 0.046875000 0.031250000 0.042968750 0.054687500 0.046875000 0.011718750 0.042968750 0.039062500 0.054687500 0.050781250 0.085937500 0.039062500 0.015625000 0.058593750 0.015625000 0.019531250 0.078125000 0.035156250 0.011718750 0.027343750 0.023437500 0.042968750 0.019531250 0.042968750 0.011718750 0.054687500 0.019531250 0.015625000 0.019531250 0.019531250 0.031250000 0.027343750 0.062500000 0.011718750 0.023437500 0.015625000 0.023437500 0.031250000 0.058593750 0.039062500 0.011718750 0.011718750 0.019531250 0.019531250 0.031250000 0.007812500 0.003906250 0.023437500 0.027343750 0.015625000 0.027343750 0.027343750 0.011718750 0.019531250 0.023437500 0.007812500 0.003906250 0.023437500 0.027343750 0.027343750 0.027343750 0.023437500 0.007812500 0.023437500 0.007812500 0.007812500 0.035156250 0.015625000 0.011718750 0.027343750 0.027343750 0.007812500 0.000000000 0.019531250 0.011718750 0.011718750 0.023437500 0.031250000 0.015625000 0.011718750 0.011718750 0.007812500 0.019531250 0.019531250 0.015625000 0.000000000 0.019531250 0.023437500 0.007812500 0.015625000 0.023437500 0.023437500 0.019531250 0.003906250 0.011718750 0.011718750 0.023437500 0.007812500 0.011718750 0.031250000 0.031250000 0.007812500 0.007812500 0.007812500 0.011718750 0.003906250 0.007812500 0.011718750 0.023437500 0.015625000 0.007812500 0.007812500 0.011718750 0.007812500 0.007812500 0.003906250 0.015625000 0.011718750 0.019531250 0.015625000 0.000000000 0.007812500 0.011718750 0.003906250 0.007812500 0.019531250 0.003906250 0.007812500 0.015625000 0.007812500 0.007812500 0.015625000 0.015625000 0.007812500 0.019531250 0.007812500 0.000000000 0.015625000 0.015625000 0.007812500 0.015625000 0.011718750 0.007812500 0.015625000 0.007812500 0.003906250 0.011718750 0.019531250 0.007812500 0.015625000 0.007812500 0.007812500 0.007812500 0.019531250 0.007812500 0.003906250 0.023437500 0.007812500 0.007812500 0.011718750 0.015625000 0.015625000 0.007812500 0.019531250 0.015625000 0.007812500 0.023437500 0.007812500 0.015625000 0.007812500 0.011718750 0.003906250 0.003906250 0.023437500 0.007812500 0.011718750 0.007812500 0.007812500 0.007812500 0.019531250 0.015625000 0.003906250 0.011718750 0.007812500 0.007812500 0.019531250 0.011718750 0.007812500 0.011718750 0.011718750 0.003906250 0.015625000 0.011718750 0.007812500 0.000000000 0.011718750 0.007812500 0.007812500 0.003906250 0.003906250 0.007812500 0.019531250 0.007812500 0.007812500 0.003906250 0.003906250 0.007812500 0.007812500 0.003906250 0.003906250 0.000000000 0.007812500 0.007812500 0.007812500 0.007812500 0.015625000 0.003906250 0.003906250 0.007812500 0.000000000 0.011718750 0.003906250 0.011718750 0.011718750 0.007812500 0.011718750 0.007812500 0.015625000 0.011718750 0.015625000 0.011718750 
0.160156250 0.175781250 0.132812500 0.085937500 0.250000000 0.191406250 0.093750000 0.066406250 0.070312500 0.093750000 0.023437500 0.148437500 0.011718750 0.042968750 0.136718750 0.113281250 0.050781250 0.003906250 0.039062500 0.023437500 0.058593750 0.066406250 0.019531250 0.023437500 0.066406250 0.066406250 0.019531250 0.058593750 0.066406250 0.046875000 0.078125000 0.046875000 0.015625000 0.046875000 0.042968750 0.035156250 0.105468750 0.031250000 0.003906250 0.082031250 0.019531250 0.015625000 0.085937500 0.042968750 0.031250000 0.015625000 0.011718750 0.023437500 0.042968750 0.070312500 0.027343750 0.042968750 0.031250000 0.027343750 0.023437500 0.015625000 0.031250000 0.035156250 0.062500000 0.011718750 0.050781250 0.031250000 0.035156250 0.050781250 0.039062500 0.046875000 0.027343750 0.015625000 0.011718750 0.031250000 0.011718750 0.011718750 0.015625000 0.007812500 0.062500000 0.035156250 0.007812500 0.035156250 0.007812500 0.019531250 0.019531250 0.011718750 0.015625000 0.023437500 0.015625000 0.027343750 0.027343750 0.027343750 0.007812500 0.039062500 0.023437500 0.019531250 0.031250000 0.011718750 0.019531250 0.015625000 0.007812500 0.027343750 0.023437500 0.019531250 0.015625000 0.007812500 0.007812500 0.035156250 0.011718750 0.023437500 0.027343750 0.015625000 0.007812500 0.011718750 0.023437500 0.015625000 0.011718750 0.023437500 0.011718750 0.007812500 0.019531250 0.023437500 0.027343750 0.011718750 0.007812500 0.011718750 0.015625000 0.007812500 0.015625000 0.023437500 0.015625000 0.015625000 0.019531250 0.003906250 0.000000000 0.023437500 0.015625000 0.023437500 0.019531250 0.027343750 0.011718750 0.011718750 0.003906250 0.011718750 0.007812500 0.007812500 0.003906250 0.007812500 0.019531250 0.011718750 0.011718750 0.019531250 0.007812500 0.007812500 0.003906250 0.019531250 0.003906250 0.011718750 0.003906250 0.023437500 0.019531250 0.007812500 0.019531250 0.007812500 0.019531250 0.007812500 0.003906250 0.015625000 0.015625000 0.007812500 0.015625000 0.011718750 0.003906250 0.015625000 0.007812500 0.015625000 0.027343750 0.019531250 0.007812500 0.007812500 0.011718750 0.000000000 0.015625000 0.007812500 0.007812500 0.015625000 0.027343750 0.015625000 0.007812500 0.015625000 0.015625000 0.019531250 0.011718750 0.031250000 0.011718750 0.011718750 0.011718750 0.007812500 0.015625000 0.015625000 0.007812500 0.011718750 0.007812500 0.027343750 0.003906250 0.015625000 0.007812500 0.011718750 0.003906250 0.035156250 0.003906250 0.007812500 0.007812500 0.011718750 0.011718750 0.011718750 0.019531250 0.011718750 0.007812500 0.011718750 0.007812500 0.015625000 0.007812500 0.011718750 0.003906250 0.007812500 0.003906250 0.019531250 0.015625000 0.015625000 0.023437500 0.007812500 0.007812500 0.011718750 0.003906250 0.003906250 0.003906250 0.019531250 0.015625000 0.011718750 0.000000000 0.019531250 0.019531250 0.019531250 0.015625000 0.023437500 0.007812500 0.007812500 0.007812500 0.007812500 0.015625000 0.011718750 0.003906250 0.003906250 0.011718750 0.011718750 0.015625000 0.015625000 0.011718750 0.015625000 0.011718750 
0.007812500 0.121093750 0.179687500 0.074218750 0.277343750 0.175781250 0.175781250 0.078125000 0.089843750 0.019531250 0.050781250 0.136718750 0.042968750 0.085937500 0.105468750 0.046875000 0.101562500 0.039062500 0.007812500 0.019531250 0.066406250 0.046875000 0.058593750 0.066406250 0.062500000 0.054687500 0.035156250 0.054687500 0.058593750 0.070312500 0.062500000 0.042968750 0.019531250 0.039062500 0.031250000 0.054687500 0.074218750 0.003906250 0.035156250 0.074218750 0.011718750 0.027343750 0.046875000 0.050781250 0.011718750 0.019531250 0.019531250 0.027343750 0.019531250 0.042968750 0.058593750 0.023437500 0.003906250 0.039062500 0.031250000 0.011718750 0.023437500 0.046875000 0.031250000 0.011718750 0.042968750 0.042968750 0.023437500 0.046875000 0.007812500 0.042968750 0.015625000 0.007812500 0.007812500 0.019531250 0.015625000 0.023437500 0.015625000 0.027343750 0.039062500 0.039062500 0.023437500 0.046875000 0.015625000 0.011718750 0.019531250 0.011718750 0.023437500 0.019531250 0.007812500 0.027343750 0.003906250 0.007812500 0.015625000 0.031250000 0.015625000 0.023437500 0.023437500 0.015625000 0.019531250 0.023437500 0.023437500 0.019531250 0.019531250 0.019531250 0.015625000 0.015625000 0.027343750 0.011718750 0.015625000 0.003906250 0.031250000 0.023437500 0.007812500 0.019531250 0.019531250 0.023437500 0.011718750 0.015625000 0.011718750 0.011718750 0.015625000 0.023437500 0.031250000 0.011718750 0.023437500 0.027343750 0.031250000 0.015625000 0.039062500 0.007812500 0.011718750 0.019531250 0.015625000 0.015625000 0.023437500 0.039062500 0.019531250 0.003906250 0.015625000 0.015625000 0.023437500 0.019531250 0.007812500 0.019531250 0.007812500 0.007812500 0.003906250 0.003906250 0.015625000 0.015625000 0.019531250 0.011718750 0.007812500 0.015625000 0.011718750 0.031250000 0.007812500 0.003906250 0.007812500 0.031250000 0.015625000 0.011718750 0.023437500 0.019531250 0.027343750 0.015625000 0.003906250 0.015625000 0.015625000 0.003906250 0.011718750 0.015625000 0.011718750 0.007812500 0.007812500 0.007812500 0.019531250 0.023437500 0.023437500 0.019531250 0.011718750 0.019531250 0.003906250 0.015625000 0.019531250 0.027343750 0.007812500 0.003906250 0.003906250 0.015625000 0.019531250 0.019531250 0.003906250 0.007812500 0.015625000 0.023437500 0.015625000 0.011718750 0.011718750 0.019531250 0.007812500 0.011718750 0.003906250 0.027343750 0.011718750 0.015625000 0.007812500 0.011718750 0.007812500 0.027343750 0.000000000 0.003906250 0.011718750 0.011718750 0.019531250 0.015625000 0.011718750 0.023437500 0.011718750 0.011718750 0.007812500 0.011718750 0.007812500 0.011718750 0.007812500 0.011718750 0.003906250 0.011718750 0.019531250 0.019531250 0.019531250 0.003906250 0.003906250 0.011718750 0.003906250 0.007812500 0.007812500 0.015625000 0.019531250 0.015625000 0.003906250 0.023437500 0.023437500 0.015625000 0.007812500 0.011718750 0.007812500 0.007812500 0.003906250 0.007812500 0.007812500 0.019531250 0.007812500 0.011718750 0.003906250 0.003906250 0.023437500 0.011718750 0.007812500 0.011718750 0.015625000 
0.109375000 0.035156250 0.242187500 0.195312500 0.148437500 0.238281250 0.171875000 0.117187500 0.093750000 0.019531250 0.039062500 0.113281250 0.050781250 0.039062500 0.156250000 0.062500000 0.093750000 0.039062500 0.054687500 0.015625000 0.101562500 0.035156250 0.007812500 0.074218750 0.082031250 0.039062500 0.031250000 0.054687500 0.042968750 0.062500000 0.054687500 0.035156250 0.019531250 0.031250000 0.027343750 0.035156250 0.054687500 0.019531250 0.027343750 0.062500000 0.042968750 0.011718750 0.050781250 0.050781250 0.019531250 0.046875000 0.035156250 0.046875000 0.046875000 0.023437500 0.066406250 0.015625000 0.015625000 0.039062500 0.039062500 0.027343750 0.003906250 0.019531250 0.003906250 0.039062500 0.039062500 0.042968750 0.031250000 0.031250000 0.023437500 0.007812500 0.035156250 0.011718750 0.003906250 0.011718750 0.007812500 0.019531250 0.011718750 0.046875000 0.023437500 0.042968750 0.027343750 0.039062500 0.027343750 0.015625000 0.035156250 0.019531250 0.019531250 0.027343750 0.023437500 0.011718750 0.011718750 0.019531250 0.046875000 0.015625000 0.019531250 0.019531250 0.023437500 0.015625000 0.035156250 0.000000000 0.023437500 0.011718750 0.003906250 0.027343750 0.019531250 0.023437500 0.015625000 0.003906250 0.011718750 0.019531250 0.019531250 0.039062500 0.003906250 0.015625000 0.011718750 0.023437500 0.019531250 0.007812500 0.031250000 0.003906250 0.011718750 0.019531250 0.042968750 0.007812500 0.007812500 0.042968750 0.031250000 0.023437500 0.019531250 0.031250000 0.031250000 0.019531250 0.023437500 0.015625000 0.027343750 0.023437500 0.042968750 0.023437500 0.011718750 0.007812500 0.039062500 0.019531250 0.007812500 0.031250000 0.015625000 0.011718750 0.003906250 0.011718750 0.011718750 0.031250000 0.007812500 0.019531250 0.011718750 0.023437500 0.007812500 0.023437500 0.019531250 0.023437500 0.031250000 0.019531250 0.011718750 0.015625000 0.023437500 0.035156250 0.007812500 0.027343750 0.015625000 0.015625000 0.011718750 0.011718750 0.011718750 0.003906250 0.019531250 0.003906250 0.007812500 0.019531250 0.015625000 0.019531250 0.023437500 0.007812500 0.011718750 0.023437500 0.019531250 0.003906250 0.023437500 0.023437500 0.003906250 0.011718750 0.003906250 0.015625000 0.019531250 0.015625000 0.011718750 0.000000000 0.023437500 0.019531250 0.007812500 0.015625000 0.019531250 0.007812500 0.019531250 0.003906250 0.011718750 0.019531250 0.011718750 0.019531250 0.015625000 0.007812500 0.007812500 0.015625000 0.019531250 0.011718750 0.007812500 0.015625000 0.011718750 0.003906250 0.015625000 0.027343750 0.011718750 0.007812500 0.007812500 0.015625000 0.007812500 0.003906250 0.015625000 0.007812500 0.003906250 0.019531250 0.011718750 0.031250000 0.007812500 0.015625000 0.019531250 0.011718750 0.011718750 0.019531250 0.003906250 0.019531250 0.015625000 0.023437500 0.007812500 0.023437500 0.019531250 0.019531250 0.015625000 0.003906250 0.019531250 0.003906250 0.007812500 0.011718750 0.007812500 0.019531250 0.015625000 0.003906250 0.015625000 0.007812500 0.019531250 0.015625000 0.011718750 0.003906250 0.023437500 
0.117187500 0.078125000 0.382812500 0.300781250 0.230468750 0.105468750 0.160156250 0.085937500 0.113281250 0.015625000 0.062500000 0.097656250 0.050781250 0.078125000 0.101562500 0.050781250 0.046875000 0.023437500 0.070312500 0.042968750 0.082031250 0.023437500 0.023437500 0.082031250 0.035156250 0.019531250 0.031250000 0.039062500 0.031250000 0.035156250 0.042968750 0.035156250 0.035156250 0.019531250 0.007812500 0.011718750 0.023437500 0.039062500 0.042968750 0.050781250 0.027343750 0.039062500 0.039062500 0.058593750 0.027343750 0.050781250 0.023437500 0.042968750 0.027343750 0.042968750 0.039062500 0.042968750 0.023437500 0.019531250 0.023437500 0.039062500 0.023437500 0.011718750 0.019531250 0.011718750 0.023437500 0.031250000 0.031250000 0.035156250 0.015625000 0.003906250 0.035156250 0.007812500 0.011718750 0.011718750 0.023437500 0.023437500 0.015625000 0.023437500 0.019531250 0.011718750 0.007812500 0.027343750 0.039062500 0.011718750 0.042968750 0.007812500 0.027343750 0.003906250 0.023437500 0.015625000 0.015625000 0.019531250 0.031250000 0.007812500 0.007812500 0.007812500 0.003906250 0.015625000 0.046875000 0.023437500 0.023437500 0.015625000 0.011718750 0.046875000 0.007812500 0.027343750 0.019531250 0.027343750 0.015625000 0.031250000 0.019531250 0.035156250 0.007812500 0.031250000 0.027343750 0.015625000 0.027343750 0.023437500 0.050781250 0.019531250 0.007812500 0.003906250 0.050781250 0.015625000 0.007812500 0.039062500 0.039062500 0.027343750 0.011718750 0.023437500 0.042968750 0.023437500 0.039062500 0.058593750 0.046875000 0.027343750 0.042968750 0.035156250 0.015625000 0.019531250 0.027343750 0.054687500 0.042968750 0.070312500 0.027343750 0.054687500 0.054687500 0.078125000 0.078125000 0.117187500 0.097656250 0.093750000 0.066406250 0.097656250 0.085937500 0.054687500 0.035156250 0.046875000 0.039062500 0.035156250 0.031250000 0.042968750 0.039062500 0.015625000 0.011718750 0.023437500 0.023437500 0.027343750 0.019531250 0.035156250 0.015625000 0.019531250 0.039062500 0.023437500 0.031250000 0.046875000 0.042968750 0.039062500 0.031250000 0.019531250 0.019531250 0.039062500 0.035156250 0.023437500 0.015625000 0.039062500 0.023437500 0.015625000 0.007812500 0.003906250 0.031250000 0.007812500 0.011718750 0.011718750 0.023437500 0.046875000 0.023437500 0.039062500 0.015625000 0.035156250 0.019531250 0.023437500 0.003906250 0.019531250 0.023437500 0.042968750 0.015625000 0.015625000 0.015625000 0.011718750 0.003906250 0.023437500 0.015625000 0.007812500 0.000000000 0.015625000 0.031250000 0.007812500 0.003906250 0.007812500 0.003906250 0.027343750 0.011718750 0.011718750 0.015625000 0.000000000 0.015625000 0.015625000 0.023437500 0.015625000 0.011718750 0.007812500 0.039062500 0.015625000 0.023437500 0.019531250 0.007812500 0.015625000 0.023437500 0.023437500 0.007812500 0.019531250 0.023437500 0.027343750 0.019531250 0.007812500 0.007812500 0.011718750 0.003906250 0.019531250 0.007812500 0.023437500 0.023437500 0.000000000 0.019531250 0.003906250 0.003906250 0.003906250 0.015625000 0.007812500 0.023437500 
0.039062500 0.082031250 0.449218750 0.375000000 0.261718750 0.062500000 0.160156250 0.054687500 0.062500000 0.046875000 0.027343750 0.066406250 0.050781250 0.050781250 0.085937500 0.015625000 0.078125000 0.046875000 0.027343750 0.007812500 0.097656250 0.046875000 0.039062500 0.035156250 0.027343750 0.042968750 0.050781250 0.074218750 0.039062500 0.070312500 0.003906250 0.003906250 0.046875000 0.019531250 0.019531250 0.031250000 0.019531250 0.050781250 0.003906250 0.031250000 0.015625000 0.054687500 0.027343750 0.046875000 0.042968750 0.050781250 0.015625000 0.042968750 0.042968750 0.042968750 0.031250000 0.039062500 0.023437500 0.023437500 0.027343750 0.042968750 0.015625000 0.019531250 0.007812500 0.015625000 0.031250000 0.039062500 0.023437500 0.007812500 0.027343750 0.031250000 0.019531250 0.019531250 0.031250000 0.011718750 0.023437500 0.011718750 0.023437500 0.046875000 0.011718750 0.007812500 0.011718750 0.003906250 0.011718750 0.035156250 0.039062500 0.003906250 0.027343750 0.023437500 0.046875000 0.023437500 0.019531250 0.023437500 0.019531250 0.023437500 0.007812500 0.011718750 0.003906250 0.019531250 0.046875000 0.023437500 0.023437500 0.011718750 0.019531250 0.027343750 0.023437500 0.035156250 0.003906250 0.031250000 0.050781250 0.035156250 0.031250000 0.027343750 0.027343750 0.011718750 0.023437500 0.023437500 0.035156250 0.031250000 0.019531250 0.042968750 0.027343750 0.011718750 0.062500000 0.023437500 0.011718750 0.042968750 0.023437500 0.007812500 0.031250000 0.027343750 0.070312500 0.027343750 0.023437500 0.066406250 0.058593750 0.007812500 0.054687500 0.039062500 0.023437500 0.062500000 0.039062500 0.058593750 0.027343750 0.082031250 0.042968750 0.042968750 0.023437500 0.089843750 0.109375000 0.125000000 0.074218750 0.101562500 0.089843750 0.085937500 0.085937500 0.082031250 0.046875000 0.023437500 0.023437500 0.058593750 0.042968750 0.019531250 0.035156250 0.035156250 0.046875000 0.035156250 0.019531250 0.011718750 0.035156250 0.046875000 0.015625000 0.019531250 0.031250000 0.050781250 0.039062500 0.027343750 0.042968750 0.035156250 0.015625000 0.039062500 0.039062500 0.031250000 0.027343750 0.039062500 0.058593750 0.046875000 0.011718750 0.042968750 0.015625000 0.027343750 0.035156250 0.023437500 0.011718750 0.019531250 0.035156250 0.035156250 0.011718750 0.054687500 0.039062500 0.019531250 0.042968750 0.066406250 0.046875000 0.011718750 0.019531250 0.042968750 0.011718750 0.031250000 0.039062500 0.027343750 0.023437500 0.011718750 0.019531250 0.031250000 0.027343750 0.019531250 0.019531250 0.007812500 0.003906250 0.019531250 0.003906250 0.023437500 0.003906250 0.027343750 0.011718750 0.011718750 0.015625000 0.015625000 0.015625000 0.011718750 0.042968750 0.042968750 0.011718750 0.023437500 0.019531250 0.015625000 0.023437500 0.023437500 0.015625000 0.011718750 0.031250000 0.003906250 0.015625000 0.035156250 0.015625000 0.031250000 0.019531250 0.035156250 0.019531250 0.011718750 0.015625000 0.011718750 0.015625000 0.011718750 0.023437500 0.007812500 0.011718750 0.011718750 0.023437500 0.003906250 0.023437500 
0.093750000 0.265625000 0.507812500 0.406250000 0.296875000 0.250000000 0.058593750 0.070312500 0.078125000 0.019531250 0.062500000 0.070312500 0.062500000 0.046875000 0.089843750 0.023437500 0.070312500 0.042968750 0.054687500 0.062500000 0.117187500 0.054687500 0.042968750 0.035156250 0.011718750 0.085937500 0.078125000 0.058593750 0.027343750 0.058593750 0.039062500 0.027343750 0.023437500 0.023437500 0.003906250 0.031250000 0.031250000 0.031250000 0.019531250 0.027343750 0.031250000 0.015625000 0.023437500 0.027343750 0.015625000 0.035156250 0.031250000 0.035156250 0.007812500 0.015625000 0.023437500 0.011718750 0.046875000 0.019531250 0.031250000 0.027343750 0.003906250 0.023437500 0.011718750 0.007812500 0.015625000 0.042968750 0.015625000 0.007812500 0.042968750 0.019531250 0.023437500 0.027343750 0.007812500 0.027343750 0.015625000 0.015625000 0.039062500 0.007812500 0.031250000 0.019531250 0.027343750 0.007812500 0.015625000 0.023437500 0.035156250 0.015625000 0.039062500 0.011718750 0.062500000 0.003906250 0.011718750 0.039062500 0.011718750 0.011718750 0.027343750 0.031250000 0.015625000 0.035156250 0.050781250 0.015625000 0.039062500 0.007812500 0.031250000 0.023437500 0.027343750 0.027343750 0.015625000 0.023437500 0.062500000 0.031250000 0.035156250 0.027343750 0.031250000 0.015625000 0.039062500 0.019531250 0.050781250 0.027343750 0.023437500 0.042968750 0.039062500 0.011718750 0.054687500 0.035156250 0.035156250 0.039062500 0.015625000 0.023437500 0.007812500 0.042968750 0.058593750 0.035156250 0.035156250 0.054687500 0.074218750 0.015625000 0.058593750 0.031250000 0.027343750 0.050781250 0.074218750 0.023437500 0.042968750 0.074218750 0.054687500 0.035156250 0.039062500 0.066406250 0.132812500 0.105468750 0.097656250 0.082031250 0.101562500 0.082031250 0.097656250 0.085937500 0.035156250 0.007812500 0.027343750 0.066406250 0.035156250 0.019531250 0.039062500 0.031250000 0.058593750 0.031250000 0.031250000 0.015625000 0.027343750 0.058593750 0.027343750 0.007812500 0.023437500 0.062500000 0.031250000 0.027343750 0.042968750 0.042968750 0.007812500 0.039062500 0.042968750 0.039062500 0.007812500 0.023437500 0.085937500 0.023437500 0.015625000 0.039062500 0.007812500 0.050781250 0.042968750 0.015625000 0.011718750 0.007812500 0.066406250 0.031250000 0.023437500 0.042968750 0.039062500 0.031250000 0.062500000 0.058593750 0.042968750 0.031250000 0.035156250 0.027343750 0.011718750 0.035156250 0.046875000 0.023437500 0.015625000 0.007812500 0.035156250 0.023437500 0.019531250 0.031250000 0.003906250 0.023437500 0.023437500 0.011718750 0.011718750 0.019531250 0.003906250 0.027343750 0.015625000 0.011718750 0.011718750 0.027343750 0.015625000 0.019531250 0.031250000 0.042968750 0.015625000 0.035156250 0.023437500 0.003906250 0.019531250 0.023437500 0.019531250 0.011718750 0.031250000 0.007812500 0.019531250 0.023437500 0.027343750 0.042968750 0.007812500 0.046875000 0.007812500 0.007812500 0.011718750 0.015625000 0.015625000 0.007812500 0.023437500 0.007812500 0.011718750 0.007812500 0.035156250 0.015625000 0.007812500 
0.085937500 0.292968750 0.539062500 0.406250000 0.335937500 0.171875000 0.089843750 0.105468750 0.015625000 0.050781250 0.058593750 0.078125000 0.070312500 0.046875000 0.105468750 0.039062500 0.050781250 0.054687500 0.027343750 0.089843750 0.125000000 0.031250000 0.023437500 0.035156250 0.035156250 0.082031250 0.089843750 0.093750000 0.078125000 0.011718750 0.058593750 0.023437500 0.023437500 0.015625000 0.007812500 0.039062500 0.015625000 0.050781250 0.042968750 0.011718750 0.015625000 0.015625000 0.027343750 0.015625000 0.019531250 0.039062500 0.031250000 0.027343750 0.031250000 0.019531250 0.042968750 0.027343750 0.019531250 0.019531250 0.023437500 0.027343750 0.011718750 0.042968750 0.027343750 0.015625000 0.039062500 0.027343750 0.015625000 0.035156250 0.023437500 0.023437500 0.027343750 0.023437500 0.003906250 0.042968750 0.019531250 0.031250000 0.039062500 0.007812500 0.027343750 0.019531250 0.011718750 0.023437500 0.007812500 0.007812500 0.046875000 0.011718750 0.042968750 0.015625000 0.054687500 0.007812500 0.019531250 0.039062500 0.019531250 0.019531250 0.031250000 0.035156250 0.011718750 0.046875000 0.046875000 0.019531250 0.031250000 0.011718750 0.023437500 0.015625000 0.027343750 0.019531250 0.007812500 0.019531250 0.039062500 0.023437500 0.066406250 0.019531250 0.019531250 0.031250000 0.035156250 0.023437500 0.042968750 0.007812500 0.050781250 0.027343750 0.046875000 0.042968750 0.000000000 0.027343750 0.070312500 0.039062500 0.007812500 0.027343750 0.035156250 0.042968750 0.023437500 0.031250000 0.050781250 0.023437500 0.027343750 0.050781250 0.066406250 0.015625000 0.066406250 0.070312500 0.066406250 0.019531250 0.035156250 0.062500000 0.015625000 0.035156250 0.015625000 0.066406250 0.093750000 0.050781250 0.062500000 0.054687500 0.046875000 0.054687500 0.070312500 0.085937500 0.046875000 0.011718750 0.011718750 0.070312500 0.062500000 0.011718750 0.027343750 0.035156250 0.070312500 0.027343750 0.031250000 0.019531250 0.023437500 0.046875000 0.015625000 0.050781250 0.031250000 0.019531250 0.019531250 0.019531250 0.015625000 0.023437500 0.019531250 0.027343750 0.027343750 0.050781250 0.023437500 0.035156250 0.054687500 0.042968750 0.058593750 0.007812500 0.011718750 0.050781250 0.062500000 0.039062500 0.035156250 0.027343750 0.078125000 0.019531250 0.027343750 0.015625000 0.039062500 0.023437500 0.078125000 0.031250000 0.046875000 0.035156250 0.050781250 0.015625000 0.035156250 0.050781250 0.054687500 0.058593750 0.019531250 0.042968750 0.019531250 0.039062500 0.042968750 0.027343750 0.019531250 0.007812500 0.039062500 0.015625000 0.007812500 0.011718750 0.011718750 0.015625000 0.019531250 0.046875000 0.019531250 0.015625000 0.015625000 0.035156250 0.039062500 0.019531250 0.023437500 0.015625000 0.035156250 0.019531250 0.023437500 0.027343750 0.019531250 0.019531250 0.027343750 0.023437500 0.019531250 0.027343750 0.039062500 0.042968750 0.007812500 0.039062500 0.007812500 0.007812500 0.015625000 0.007812500 0.015625000 0.015625000 0.035156250 0.015625000 0.003906250 0.003906250 0.031250000 0.019531250 0.023437500 
0.105468750 0.324218750 0.453125000 0.273437500 0.242187500 0.128906250 0.089843750 0.140625000 0.074218750 0.101562500 0.113281250 0.062500000 0.019531250 0.113281250 0.121093750 0.062500000 0.019531250 0.062500000 0.074218750 0.089843750 0.089843750 0.019531250 0.023437500 0.046875000 0.027343750 0.085937500 0.058593750 0.031250000 0.035156250 0.035156250 0.058593750 0.027343750 0.003906250 0.011718750 0.011718750 0.027343750 0.035156250 0.039062500 0.046875000 0.019531250 0.011718750 0.007812500 0.019531250 0.031250000 0.007812500 0.039062500 0.027343750 0.000000000 0.019531250 0.007812500 0.031250000 0.027343750 0.015625000 0.011718750 0.007812500 0.015625000 0.019531250 0.035156250 0.031250000 0.015625000 0.027343750 0.007812500 0.035156250 0.027343750 0.023437500 0.011718750 0.050781250 0.011718750 0.019531250 0.027343750 0.000000000 0.031250000 0.019531250 0.027343750 0.007812500 0.035156250 0.011718750 0.027343750 0.015625000 0.023437500 0.035156250 0.023437500 0.015625000 0.035156250 0.031250000 0.015625000 0.003906250 0.042968750 0.019531250 0.011718750 0.023437500 0.039062500 0.023437500 0.027343750 0.031250000 0.035156250 0.023437500 0.027343750 0.003906250 0.027343750 0.015625000 0.027343750 0.015625000 0.027343750 0.031250000 0.031250000 0.039062500 0.023437500 0.035156250 0.007812500 0.015625000 0.039062500 0.023437500 0.042968750 0.031250000 0.023437500 0.058593750 0.042968750 0.003906250 0.007812500 0.035156250 0.007812500 0.039062500 0.015625000 0.007812500 0.019531250 0.027343750 0.007812500 0.035156250 0.007812500 0.035156250 0.007812500 0.046875000 0.007812500 0.035156250 0.031250000 0.031250000 0.019531250 0.007812500 0.015625000 0.035156250 0.042968750 0.031250000 0.011718750 0.015625000 0.023437500 0.019531250 0.023437500 0.015625000 0.027343750 0.042968750 0.019531250 0.011718750 0.019531250 0.007812500 0.027343750 0.015625000 0.035156250 0.019531250 0.007812500 0.039062500 0.031250000 0.027343750 0.007812500 0.007812500 0.031250000 0.027343750 0.035156250 0.023437500 0.011718750 0.015625000 0.015625000 0.007812500 0.015625000 0.015625000 0.027343750 0.023437500 0.031250000 0.023437500 0.011718750 0.027343750 0.046875000 0.023437500 0.007812500 0.019531250 0.019531250 0.027343750 0.046875000 0.023437500 0.062500000 0.042968750 0.027343750 0.011718750 0.019531250 0.015625000 0.039062500 0.042968750 0.019531250 0.011718750 0.031250000 0.039062500 0.019531250 0.031250000 0.046875000 0.058593750 0.023437500 0.050781250 0.027343750 0.027343750 0.023437500 0.027343750 0.019531250 0.035156250 0.007812500 0.031250000 0.023437500 0.007812500 0.015625000 0.011718750 0.011718750 0.031250000 0.027343750 0.035156250 0.007812500 0.019531250 0.015625000 0.031250000 0.015625000 0.011718750 0.015625000 0.023437500 0.023437500 0.023437500 0.019531250 0.019531250 0.007812500 0.019531250 0.019531250 0.019531250 0.027343750 0.023437500 0.023437500 0.019531250 0.019531250 0.015625000 0.011718750 0.007812500 0.011718750 0.019531250 0.015625000 0.031250000 0.019531250 0.003906250 0.011718750 0.015625000 0.011718750 0.035156250 
0.046875000 0.265625000 0.347656250 0.351562500 0.230468750 0.101562500 0.148437500 0.035156250 0.046875000 0.109375000 0.085937500 0.027343750 0.101562500 0.097656250 0.195312500 0.046875000 0.093750000 0.039062500 0.062500000 0.042968750 0.062500000 0.035156250 0.019531250 0.050781250 0.027343750 0.054687500 0.050781250 0.046875000 0.031250000 0.039062500 0.050781250 0.023437500 0.039062500 0.031250000 0.015625000 0.031250000 0.039062500 0.062500000 0.070312500 0.046875000 0.019531250 0.003906250 0.011718750 0.027343750 0.011718750 0.035156250 0.031250000 0.007812500 0.015625000 0.000000000 0.027343750 0.042968750 0.035156250 0.023437500 0.011718750 0.011718750 0.023437500 0.054687500 0.015625000 0.019531250 0.035156250 0.019531250 0.035156250 0.019531250 0.011718750 0.023437500 0.027343750 0.003906250 0.023437500 0.027343750 0.039062500 0.019531250 0.039062500 0.019531250 0.019531250 0.027343750 0.007812500 0.007812500 0.035156250 0.027343750 0.019531250 0.011718750 0.023437500 0.015625000 0.007812500 0.015625000 0.015625000 0.031250000 0.011718750 0.015625000 0.019531250 0.011718750 0.035156250 0.007812500 0.023437500 0.007812500 0.027343750 0.031250000 0.015625000 0.027343750 0.015625000 0.035156250 0.023437500 0.035156250 0.023437500 0.019531250 0.031250000 0.035156250 0.015625000 0.023437500 0.042968750 0.031250000 0.019531250 0.035156250 0.015625000 0.011718750 0.074218750 0.031250000 0.019531250 0.011718750 0.031250000 0.019531250 0.027343750 0.011718750 0.023437500 0.007812500 0.042968750 0.023437500 0.027343750 0.011718750 0.015625000 0.035156250 0.027343750 0.019531250 0.039062500 0.039062500 0.003906250 0.007812500 0.023437500 0.027343750 0.027343750 0.054687500 0.019531250 0.007812500 0.003906250 0.015625000 0.011718750 0.042968750 0.031250000 0.011718750 0.023437500 0.011718750 0.027343750 0.023437500 0.007812500 0.031250000 0.011718750 0.042968750 0.003906250 0.007812500 0.039062500 0.027343750 0.019531250 0.023437500 0.015625000 0.011718750 0.015625000 0.031250000 0.019531250 0.011718750 0.003906250 0.023437500 0.019531250 0.011718750 0.015625000 0.023437500 0.019531250 0.019531250 0.019531250 0.019531250 0.035156250 0.027343750 0.031250000 0.015625000 0.003906250 0.007812500 0.003906250 0.042968750 0.050781250 0.042968750 0.039062500 0.023437500 0.019531250 0.015625000 0.011718750 0.039062500 0.023437500 0.011718750 0.035156250 0.019531250 0.035156250 0.023437500 0.042968750 0.046875000 0.050781250 0.039062500 0.031250000 0.046875000 0.019531250 0.019531250 0.035156250 0.027343750 0.035156250 0.011718750 0.031250000 0.015625000 0.007812500 0.015625000 0.011718750 0.011718750 0.042968750 0.011718750 0.027343750 0.007812500 0.019531250 0.015625000 0.011718750 0.035156250 0.015625000 0.011718750 0.019531250 0.019531250 0.035156250 0.019531250 0.011718750 0.019531250 0.011718750 0.019531250 0.042968750 0.015625000 0.015625000 0.015625000 0.007812500 0.019531250 0.027343750 0.003906250 0.011718750 0.011718750 0.027343750 0.007812500 0.035156250 0.015625000 0.011718750 0.023437500 0.003906250 0.011718750 0.023437500 
0.117187500 0.187500000 0.183593750 0.175781250 0.312500000 0.152343750 0.066406250 0.128906250 0.046875000 0.066406250 0.066406250 0.066406250 0.074218750 0.023437500 0.304687500 0.050781250 0.128906250 0.039062500 0.066406250 0.117187500 0.031250000 0.019531250 0.042968750 0.042968750 0.066406250 0.078125000 0.050781250 0.019531250 0.039062500 0.046875000 0.039062500 0.007812500 0.039062500 0.035156250 0.019531250 0.011718750 0.074218750 0.031250000 0.062500000 0.066406250 0.019531250 0.035156250 0.035156250 0.023437500 0.027343750 0.023437500 0.015625000 0.011718750 0.031250000 0.027343750 0.011718750 0.027343750 0.015625000 0.039062500 0.019531250 0.003906250 0.035156250 0.035156250 0.027343750 0.023437500 0.007812500 0.031250000 0.019531250 0.007812500 0.019531250 0.015625000 0.031250000 0.042968750 0.031250000 0.023437500 0.023437500 0.031250000 0.031250000 0.042968750 0.027343750 0.023437500 0.027343750 0.023437500 0.027343750 0.027343750 0.035156250 0.019531250 0.031250000 0.031250000 0.027343750 0.023437500 0.007812500 0.007812500 0.054687500 0.023437500 0.007812500 0.019531250 0.015625000 0.019531250 0.031250000 0.027343750 0.042968750 0.031250000 0.031250000 0.023437500 0.035156250 0.039062500 0.027343750 0.035156250 0.031250000 0.031250000 0.003906250 0.031250000 0.023437500 0.011718750 0.019531250 0.007812500 0.035156250 0.031250000 0.023437500 0.031250000 0.031250000 0.007812500 0.027343750 0.011718750 0.023437500 0.007812500 0.019531250 0.027343750 0.007812500 0.027343750 0.027343750 0.007812500 0.011718750 0.023437500 0.015625000 0.042968750 0.023437500 0.011718750 0.035156250 0.007812500 0.023437500 0.015625000 0.023437500 0.042968750 0.023437500 0.035156250 0.015625000 0.007812500 0.011718750 0.011718750 0.027343750 0.023437500 0.015625000 0.031250000 0.011718750 0.011718750 0.019531250 0.000000000 0.019531250 0.035156250 0.019531250 0.042968750 0.000000000 0.019531250 0.011718750 0.019531250 0.011718750 0.019531250 0.015625000 0.011718750 0.011718750 0.003906250 0.007812500 0.015625000 0.019531250 0.015625000 0.003906250 0.023437500 0.015625000 0.011718750 0.007812500 0.007812500 0.011718750 0.003906250 0.023437500 0.007812500 0.007812500 0.011718750 0.011718750 0.019531250 0.011718750 0.015625000 0.019531250 0.031250000 0.011718750 0.007812500 0.023437500 0.007812500 0.015625000 0.007812500 0.015625000 0.011718750 0.023437500 0.011718750 0.015625000 0.023437500 0.003906250 0.011718750 0.019531250 0.019531250 0.019531250 0.007812500 0.023437500 0.011718750 0.023437500 0.015625000 0.019531250 0.023437500 0.027343750 0.011718750 0.007812500 0.023437500 0.003906250 0.015625000 0.027343750 0.011718750 0.007812500 0.003906250 0.023437500 0.019531250 0.007812500 0.027343750 0.015625000 0.023437500 0.015625000 0.007812500 0.011718750 0.015625000 0.019531250 0.007812500 0.011718750 0.011718750 0.023437500 0.007812500 0.015625000 0.015625000 0.019531250 0.007812500 0.019531250 0.011718750 0.015625000 0.007812500 0.023437500 0.019531250 0.015625000 0.027343750 0.003906250 0.023437500 0.003906250 0.003906250 0.015625000 
0.011718750 0.062500000 0.386718750 0.406250000 0.078125000 0.128906250 0.093750000 0.070312500 0.039062500 0.046875000 0.082031250 0.050781250 0.085937500 0.074218750 0.269531250 0.046875000 0.066406250 0.046875000 0.078125000 0.152343750 0.031250000 0.042968750 0.031250000 0.066406250 0.054687500 0.050781250 0.054687500 0.023437500 0.027343750 0.050781250 0.031250000 0.046875000 0.035156250 0.039062500 0.019531250 0.035156250 0.109375000 0.078125000 0.058593750 0.039062500 0.019531250 0.042968750 0.058593750 0.019531250 0.007812500 0.019531250 0.031250000 0.015625000 0.042968750 0.023437500 0.011718750 0.027343750 0.011718750 0.035156250 0.035156250 0.027343750 0.023437500 0.042968750 0.027343750 0.015625000 0.011718750 0.042968750 0.027343750 0.015625000 0.023437500 0.003906250 0.023437500 0.031250000 0.019531250 0.027343750 0.015625000 0.039062500 0.027343750 0.035156250 0.023437500 0.015625000 0.019531250 0.015625000 0.019531250 0.035156250 0.035156250 0.015625000 0.023437500 0.023437500 0.035156250 0.023437500 0.015625000 0.015625000 0.050781250 0.027343750 0.015625000 0.031250000 0.007812500 0.007812500 0.019531250 0.015625000 0.031250000 0.031250000 0.027343750 0.019531250 0.035156250 0.035156250 0.027343750 0.019531250 0.011718750 0.007812500 0.023437500 0.007812500 0.019531250 0.015625000 0.019531250 0.007812500 0.015625000 0.003906250 0.003906250 0.023437500 0.027343750 0.035156250 0.027343750 0.011718750 0.019531250 0.011718750 0.007812500 0.011718750 0.011718750 0.035156250 0.027343750 0.015625000 0.023437500 0.023437500 0.003906250 0.027343750 0.011718750 0.027343750 0.023437500 0.007812500 0.023437500 0.019531250 0.015625000 0.031250000 0.019531250 0.019531250 0.007812500 0.015625000 0.019531250 0.011718750 0.031250000 0.019531250 0.027343750 0.042968750 0.011718750 0.023437500 0.015625000 0.015625000 0.015625000 0.023437500 0.023437500 0.042968750 0.011718750 0.031250000 0.011718750 0.007812500 0.011718750 0.019531250 0.015625000 0.023437500 0.011718750 0.011718750 0.007812500 0.011718750 0.023437500 0.035156250 0.023437500 0.007812500 0.023437500 0.007812500 0.007812500 0.019531250 0.007812500 0.019531250 0.011718750 0.003906250 0.011718750 0.015625000 0.019531250 0.011718750 0.015625000 0.027343750 0.019531250 0.019531250 0.023437500 0.019531250 0.019531250 0.019531250 0.023437500 0.011718750 0.007812500 0.003906250 0.015625000 0.015625000 0.007812500 0.015625000 0.007812500 0.011718750 0.027343750 0.027343750 0.019531250 0.007812500 0.003906250 0.027343750 0.023437500 0.015625000 0.015625000 0.015625000 0.027343750 0.031250000 0.011718750 0.027343750 0.000000000 0.027343750 0.011718750 0.007812500 0.007812500 0.011718750 0.035156250 0.007812500 0.011718750 0.027343750 0.011718750 0.027343750 0.015625000 0.011718750 0.007812500 0.011718750 0.015625000 0.011718750 0.003906250 0.019531250 0.015625000 0.011718750 0.003906250 0.007812500 0.027343750 0.019531250 0.015625000 0.019531250 0.019531250 0.019531250 0.015625000 0.035156250 0.007812500 0.031250000 0.011718750 0.011718750 0.007812500 0.003906250 0.011718750 
0.097656250 0.164062500 0.332031250 0.281250000 0.179687500 0.089843750 0.121093750 0.136718750 0.023437500 0.074218750 0.066406250 0.128906250 0.050781250 0.097656250 0.199218750 0.050781250 0.054687500 0.035156250 0.058593750 0.152343750 0.035156250 0.031250000 0.023437500 0.031250000 0.109375000 0.042968750 0.066406250 0.035156250 0.023437500 0.058593750 0.011718750 0.039062500 0.031250000 0.031250000 0.019531250 0.035156250 0.078125000 0.074218750 0.050781250 0.019531250 0.042968750 0.023437500 0.101562500 0.027343750 0.003906250 0.039062500 0.039062500 0.031250000 0.035156250 0.031250000 0.015625000 0.011718750 0.015625000 0.015625000 0.042968750 0.011718750 0.019531250 0.050781250 0.015625000 0.007812500 0.035156250 0.023437500 0.031250000 0.019531250 0.023437500 0.027343750 0.019531250 0.035156250 0.019531250 0.027343750 0.007812500 0.019531250 0.011718750 0.023437500 0.015625000 0.019531250 0.007812500 0.035156250 0.011718750 0.023437500 0.035156250 0.003906250 0.023437500 0.019531250 0.039062500 0.027343750 0.015625000 0.019531250 0.042968750 0.027343750 0.015625000 0.027343750 0.011718750 0.015625000 0.011718750 0.035156250 0.007812500 0.011718750 0.019531250 0.019531250 0.027343750 0.019531250 0.023437500 0.011718750 0.011718750 0.003906250 0.019531250 0.007812500 0.019531250 0.019531250 0.019531250 0.019531250 0.011718750 0.007812500 0.023437500 0.003906250 0.023437500 0.011718750 0.011718750 0.019531250 0.007812500 0.019531250 0.000000000 0.011718750 0.023437500 0.019531250 0.019531250 0.007812500 0.031250000 0.007812500 0.011718750 0.011718750 0.023437500 0.007812500 0.003906250 0.023437500 0.007812500 0.003906250 0.011718750 0.039062500 0.011718750 0.019531250 0.011718750 0.007812500 0.019531250 0.015625000 0.031250000 0.011718750 0.019531250 0.027343750 0.023437500 0.023437500 0.011718750 0.015625000 0.023437500 0.011718750 0.035156250 0.027343750 0.007812500 0.015625000 0.019531250 0.011718750 0.015625000 0.015625000 0.007812500 0.011718750 0.007812500 0.019531250 0.011718750 0.023437500 0.003906250 0.015625000 0.039062500 0.003906250 0.019531250 0.011718750 0.011718750 0.023437500 0.003906250 0.023437500 0.011718750 0.011718750 0.007812500 0.007812500 0.011718750 0.007812500 0.023437500 0.015625000 0.003906250 0.007812500 0.015625000 0.027343750 0.023437500 0.003906250 0.019531250 0.019531250 0.007812500 0.007812500 0.015625000 0.011718750 0.011718750 0.003906250 0.003906250 0.015625000 0.015625000 0.015625000 0.019531250 0.003906250 0.011718750 0.023437500 0.019531250 0.019531250 0.003906250 0.019531250 0.015625000 0.015625000 0.007812500 0.023437500 0.011718750 0.035156250 0.007812500 0.007812500 0.011718750 0.011718750 0.031250000 0.003906250 0.027343750 0.007812500 0.011718750 0.023437500 0.011718750 0.000000000 0.011718750 0.011718750 0.011718750 0.007812500 0.011718750 0.019531250 0.011718750 0.015625000 0.007812500 0.011718750 0.019531250 0.003906250 0.019531250 0.011718750 0.015625000 0.023437500 0.007812500 0.015625000 0.019531250 0.011718750 0.015625000 0.003906250 0.007812500 0.003906250 0.011718750 
0.082031250 0.062500000 0.480468750 0.269531250 0.226562500 0.097656250 0.050781250 0.140625000 0.070312500 0.113281250 0.136718750 0.082031250 0.042968750 0.070312500 0.226562500 0.082031250 0.050781250 0.062500000 0.070312500 0.121093750 0.046875000 0.039062500 0.039062500 0.062500000 0.058593750 0.062500000 0.019531250 0.078125000 0.039062500 0.058593750 0.042968750 0.019531250 0.023437500 0.042968750 0.031250000 0.070312500 0.074218750 0.062500000 0.058593750 0.027343750 0.003906250 0.042968750 0.105468750 0.027343750 0.011718750 0.035156250 0.039062500 0.054687500 0.023437500 0.019531250 0.007812500 0.015625000 0.015625000 0.011718750 0.031250000 0.035156250 0.027343750 0.035156250 0.015625000 0.027343750 0.050781250 0.035156250 0.023437500 0.023437500 0.003906250 0.035156250 0.027343750 0.031250000 0.019531250 0.027343750 0.035156250 0.035156250 0.031250000 0.023437500 0.007812500 0.031250000 0.003906250 0.031250000 0.019531250 0.039062500 0.031250000 0.003906250 0.031250000 0.011718750 0.015625000 0.015625000 0.035156250 0.007812500 0.035156250 0.011718750 0.015625000 0.027343750 0.023437500 0.023437500 0.015625000 0.042968750 0.003906250 0.007812500 0.019531250 0.015625000 0.023437500 0.019531250 0.027343750 0.011718750 0.015625000 0.011718750 0.011718750 0.003906250 0.019531250 0.019531250 0.015625000 0.023437500 0.011718750 0.011718750 0.023437500 0.007812500 0.027343750 0.007812500 0.027343750 0.019531250 0.015625000 0.011718750 0.003906250 0.007812500 0.015625000 0.019531250 0.007812500 0.027343750 0.015625000 0.019531250 0.027343750 0.015625000 0.019531250 0.003906250 0.003906250 0.023437500 0.007812500 0.015625000 0.015625000 0.031250000 0.015625000 0.019531250 0.015625000 0.011718750 0.011718750 0.019531250 0.027343750 0.011718750 0.011718750 0.035156250 0.035156250 0.019531250 0.003906250 0.042968750 0.007812500 0.027343750 0.015625000 0.003906250 0.011718750 0.007812500 0.027343750 0.007812500 0.027343750 0.003906250 0.015625000 0.000000000 0.015625000 0.015625000 0.011718750 0.015625000 0.019531250 0.019531250 0.027343750 0.015625000 0.015625000 0.019531250 0.023437500 0.023437500 0.015625000 0.031250000 0.003906250 0.019531250 0.007812500 0.011718750 0.007812500 0.007812500 0.023437500 0.011718750 0.019531250 0.015625000 0.023437500 0.031250000 0.019531250 0.007812500 0.023437500 0.015625000 0.003906250 0.003906250 0.015625000 0.007812500 0.019531250 0.015625000 0.011718750 0.007812500 0.023437500 0.007812500 0.011718750 0.007812500 0.015625000 0.027343750 0.015625000 0.023437500 0.003906250 0.023437500 0.007812500 0.019531250 0.007812500 0.015625000 0.023437500 0.011718750 0.019531250 0.003906250 0.023437500 0.011718750 0.019531250 0.015625000 0.019531250 0.011718750 0.019531250 0.031250000 0.011718750 0.019531250 0.007812500 0.007812500 0.007812500 0.011718750 0.015625000 0.011718750 0.015625000 0.023437500 0.011718750 0.007812500 0.027343750 0.031250000 0.003906250 0.015625000 0.019531250 0.007812500 0.019531250 0.039062500 0.007812500 0.023437500 0.019531250 0.003906250 0.007812500 0.007812500 0.003906250 
0.238281250 0.140625000 0.312500000 0.191406250 0.132812500 0.261718750 0.039062500 0.136718750 0.066406250 0.144531250 0.187500000 0.093750000 0.074218750 0.097656250 0.152343750 0.046875000 0.105468750 0.093750000 0.074218750 0.046875000 0.066406250 0.042968750 0.066406250 0.074218750 0.039062500 0.078125000 0.011718750 0.078125000 0.031250000 0.050781250 0.050781250 0.035156250 0.035156250 0.074218750 0.039062500 0.015625000 0.074218750 0.031250000 0.039062500 0.039062500 0.035156250 0.054687500 0.101562500 0.027343750 0.023437500 0.046875000 0.027343750 0.062500000 0.019531250 0.007812500 0.023437500 0.031250000 0.011718750 0.042968750 0.019531250 0.015625000 0.042968750 0.031250000 0.019531250 0.011718750 0.015625000 0.035156250 0.031250000 0.011718750 0.027343750 0.039062500 0.031250000 0.027343750 0.023437500 0.019531250 0.046875000 0.042968750 0.023437500 0.023437500 0.015625000 0.031250000 0.015625000 0.019531250 0.023437500 0.027343750 0.015625000 0.019531250 0.023437500 0.007812500 0.015625000 0.031250000 0.027343750 0.003906250 0.023437500 0.011718750 0.023437500 0.011718750 0.027343750 0.007812500 0.023437500 0.019531250 0.019531250 0.019531250 0.035156250 0.015625000 0.031250000 0.023437500 0.027343750 0.007812500 0.019531250 0.003906250 0.015625000 0.011718750 0.035156250 0.003906250 0.007812500 0.027343750 0.003906250 0.011718750 0.035156250 0.019531250 0.031250000 0.003906250 0.035156250 0.015625000 0.027343750 0.019531250 0.003906250 0.003906250 0.023437500 0.015625000 0.007812500 0.027343750 0.011718750 0.011718750 0.011718750 0.011718750 0.027343750 0.011718750 0.019531250 0.011718750 0.019531250 0.023437500 0.019531250 0.003906250 0.031250000 0.007812500 0.000000000 0.027343750 0.015625000 0.015625000 0.019531250 0.000000000 0.019531250 0.027343750 0.015625000 0.019531250 0.007812500 0.035156250 0.023437500 0.031250000 0.007812500 0.019531250 0.031250000 0.015625000 0.023437500 0.011718750 0.031250000 0.011718750 0.011718750 0.007812500 0.011718750 0.023437500 0.003906250 0.019531250 0.015625000 0.015625000 0.023437500 0.003906250 0.007812500 0.027343750 0.019531250 0.023437500 0.027343750 0.019531250 0.019531250 0.015625000 0.011718750 0.023437500 0.027343750 0.019531250 0.035156250 0.003906250 0.007812500 0.019531250 0.035156250 0.015625000 0.011718750 0.011718750 0.019531250 0.011718750 0.015625000 0.003906250 0.019531250 0.011718750 0.007812500 0.011718750 0.011718750 0.011718750 0.011718750 0.003906250 0.011718750 0.007812500 0.015625000 0.027343750 0.015625000 0.027343750 0.011718750 0.015625000 0.003906250 0.015625000 0.015625000 0.023437500 0.015625000 0.011718750 0.031250000 0.011718750 0.011718750 0.015625000 0.007812500 0.015625000 0.019531250 0.011718750 0.019531250 0.031250000 0.015625000 0.019531250 0.015625000 0.007812500 0.011718750 0.007812500 0.031250000 0.007812500 0.000000000 0.035156250 0.019531250 0.011718750 0.015625000 0.023437500 0.019531250 0.007812500 0.000000000 0.011718750 0.023437500 0.019531250 0.019531250 0.019531250 0.019531250 0.011718750 0.007812500 0.015625000 0.003906250 
0.062500000 0.207031250 0.503906250 0.449218750 0.078125000 0.246093750 0.363281250 0.355468750 0.492187500 0.441406250 0.675781250 0.441406250 0.285156250 0.292968750 0.160156250 0.234375000 0.308593750 0.144531250 0.164062500 0.105468750 0.125000000 0.031250000 0.070312500 0.109375000 0.039062500 0.066406250 0.125000000 0.070312500 0.035156250 0.011718750 0.070312500 0.035156250 0.031250000 0.042968750 0.125000000 0.082031250 0.027343750 0.082031250 0.054687500 0.007812500 0.054687500 0.085937500 0.019531250 0.074218750 0.046875000 0.003906250 0.039062500 0.054687500 0.050781250 0.019531250 0.023437500 0.042968750 0.023437500 0.023437500 0.015625000 0.027343750 0.042968750 0.023437500 0.042968750 0.023437500 0.007812500 0.031250000 0.035156250 0.023437500 0.019531250 0.050781250 0.007812500 0.015625000 0.031250000 0.031250000 0.089843750 0.019531250 0.015625000 0.035156250 0.039062500 0.011718750 0.007812500 0.035156250 0.007812500 0.011718750 0.035156250 0.027343750 0.023437500 0.023437500 0.007812500 0.023437500 0.003906250 0.031250000 0.027343750 0.003906250 0.011718750 0.050781250 0.039062500 0.046875000 0.011718750 0.019531250 0.003906250 0.027343750 0.046875000 0.023437500 0.019531250 0.011718750 0.031250000 0.015625000 0.011718750 0.015625000 0.035156250 0.011718750 0.027343750 0.011718750 0.015625000 0.007812500 0.019531250 0.019531250 0.046875000 0.007812500 0.027343750 0.019531250 0.035156250 0.019531250 0.023437500 0.019531250 0.011718750 0.011718750 0.015625000 0.019531250 0.011718750 0.031250000 0.011718750 0.011718750 0.011718750 0.027343750 0.027343750 0.031250000 0.035156250 0.007812500 0.007812500 0.023437500 0.031250000 0.031250000 0.007812500 0.019531250 0.011718750 0.039062500 0.003906250 0.015625000 0.011718750 0.007812500 0.023437500 0.031250000 0.031250000 0.042968750 0.015625000 0.027343750 0.019531250 0.023437500 0.000000000 0.007812500 0.039062500 0.015625000 0.019531250 0.007812500 0.019531250 0.027343750 0.015625000 0.003906250 0.007812500 0.015625000 0.007812500 0.031250000 0.039062500 0.019531250 0.027343750 0.035156250 0.046875000 0.011718750 0.023437500 0.015625000 0.050781250 0.011718750 0.023437500 0.011718750 0.027343750 0.023437500 0.023437500 0.003906250 0.031250000 0.011718750 0.023437500 0.003906250 0.035156250 0.007812500 0.007812500 0.011718750 0.011718750 0.031250000 0.035156250 0.003906250 0.015625000 0.027343750 0.019531250 0.007812500 0.007812500 0.019531250 0.003906250 0.007812500 0.011718750 0.007812500 0.019531250 0.023437500 0.027343750 0.015625000 0.007812500 0.011718750 0.007812500 0.019531250 0.007812500 0.011718750 0.015625000 0.019531250 0.019531250 0.027343750 0.019531250 0.011718750 0.003906250 0.011718750 0.011718750 0.023437500 0.023437500 0.019531250 0.023437500 0.031250000 0.015625000 0.019531250 0.007812500 0.007812500 0.027343750 0.007812500 0.015625000 0.027343750 0.015625000 0.019531250 0.023437500 0.019531250 0.027343750 0.003906250 0.011718750 0.015625000 0.031250000 0.007812500 0.023437500 0.019531250 0.023437500 0.003906250 0.003906250 0.011718750 0.015625000 
0.769531250 0.652343750 1.097656250 0.414062500 0.339843750 1.203125000 2.558593750 3.898437500 5.007812500 4.277343750 2.062500000 0.656250000 0.664062500 0.714843750 0.562500000 1.195312500 1.300781250 1.410156250 0.988281250 0.460937500 0.339843750 0.304687500 0.261718750 0.308593750 0.355468750 0.433593750 0.265625000 0.171875000 0.128906250 0.250000000 0.269531250 0.238281250 0.238281250 0.167968750 0.214843750 0.125000000 0.230468750 0.207031250 0.105468750 0.152343750 0.140625000 0.109375000 0.132812500 0.195312500 0.132812500 0.160156250 0.105468750 0.128906250 0.101562500 0.125000000 0.097656250 0.078125000 0.117187500 0.113281250 0.128906250 0.089843750 0.105468750 0.117187500 0.105468750 0.085937500 0.082031250 0.097656250 0.085937500 0.097656250 0.101562500 0.046875000 0.039062500 0.070312500 0.093750000 0.062500000 0.039062500 0.062500000 0.066406250 0.062500000 0.093750000 0.035156250 0.082031250 0.062500000 0.066406250 0.085937500 0.062500000 0.058593750 0.050781250 0.066406250 0.074218750 0.031250000 0.093750000 0.074218750 0.070312500 0.054687500 0.046875000 0.078125000 0.050781250 0.074218750 0.042968750 0.074218750 0.062500000 0.050781250 0.082031250 0.085937500 0.070312500 0.042968750 0.082031250 0.082031250 0.046875000 0.066406250 0.015625000 0.027343750 0.042968750 0.074218750 0.035156250 0.035156250 0.050781250 0.054687500 0.078125000 0.054687500 0.039062500 0.074218750 0.023437500 0.039062500 0.070312500 0.039062500 0.035156250 0.027343750 0.058593750 0.058593750 0.039062500 0.050781250 0.046875000 0.031250000 0.042968750 0.035156250 0.039062500 0.082031250 0.046875000 0.046875000 0.023437500 0.035156250 0.050781250 0.070312500 0.054687500 0.031250000 0.031250000 0.042968750 0.054687500 0.050781250 0.023437500 0.050781250 0.031250000 0.050781250 0.039062500 0.050781250 0.054687500 0.019531250 0.046875000 0.050781250 0.031250000 0.035156250 0.054687500 0.015625000 0.027343750 0.011718750 0.062500000 0.066406250 0.039062500 0.039062500 0.046875000 0.031250000 0.031250000 0.058593750 0.035156250 0.054687500 0.062500000 0.031250000 0.074218750 0.027343750 0.015625000 0.023437500 0.027343750 0.054687500 0.058593750 0.046875000 0.027343750 0.023437500 0.046875000 0.042968750 0.054687500 0.031250000 0.039062500 0.015625000 0.039062500 0.031250000 0.019531250 0.011718750 0.031250000 0.031250000 0.058593750 0.019531250 0.050781250 0.019531250 0.035156250 0.015625000 0.039062500 0.035156250 0.031250000 0.031250000 0.023437500 0.031250000 0.035156250 0.050781250 0.058593750 0.011718750 0.023437500 0.031250000 0.019531250 0.039062500 0.027343750 0.027343750 0.007812500 0.035156250 0.050781250 0.023437500 0.031250000 0.023437500 0.019531250 0.035156250 0.046875000 0.031250000 0.023437500 0.015625000 0.050781250 0.039062500 0.031250000 0.019531250 0.019531250 0.015625000 0.058593750 0.054687500 0.019531250 0.011718750 0.039062500 0.062500000 0.031250000 0.046875000 0.031250000 0.027343750 0.019531250 0.039062500 0.042968750 0.019531250 0.023437500 0.015625000 0.050781250 0.046875000 0.007812500 0.039062500 0.058593750 
0.660156250 0.957031250 1.207031250 0.660156250 0.601562500 1.960937500 1.769531250 6.410156250 12.097656250 5.226562500 3.207031250 1.136718750 2.351562500 1.933593750 1.773437500 3.410156250 3.449218750 0.988281250 0.636718750 0.113281250 0.269531250 0.187500000 0.078125000 0.074218750 0.328125000 0.292968750 0.144531250 0.125000000 0.171875000 0.066406250 0.125000000 0.125000000 0.019531250 0.093750000 0.082031250 0.128906250 0.093750000 0.097656250 0.054687500 0.058593750 0.039062500 0.093750000 0.078125000 0.097656250 0.000000000 0.101562500 0.062500000 0.140625000 0.125000000 0.089843750 0.031250000 0.070312500 0.066406250 0.074218750 0.062500000 0.089843750 0.066406250 0.085937500 0.070312500 0.046875000 0.039062500 0.054687500 0.054687500 0.050781250 0.039062500 0.074218750 0.007812500 0.066406250 0.078125000 0.042968750 0.058593750 0.023437500 0.031250000 0.050781250 0.019531250 0.015625000 0.105468750 0.062500000 0.027343750 0.039062500 0.035156250 0.031250000 0.015625000 0.027343750 0.035156250 0.027343750 0.035156250 0.031250000 0.039062500 0.031250000 0.046875000 0.011718750 0.062500000 0.023437500 0.023437500 0.035156250 0.019531250 0.035156250 0.015625000 0.003906250 0.089843750 0.035156250 0.027343750 0.042968750 0.031250000 0.007812500 0.058593750 0.011718750 0.062500000 0.031250000 0.039062500 0.027343750 0.027343750 0.011718750 0.031250000 0.019531250 0.031250000 0.046875000 0.031250000 0.011718750 0.054687500 0.042968750 0.070312500 0.007812500 0.035156250 0.015625000 0.035156250 0.027343750 0.003906250 0.011718750 0.042968750 0.042968750 0.015625000 0.050781250 0.023437500 0.062500000 0.007812500 0.035156250 0.046875000 0.042968750 0.035156250 0.023437500 0.019531250 0.031250000 0.027343750 0.050781250 0.015625000 0.011718750 0.031250000 0.027343750 0.031250000 0.003906250 0.035156250 0.066406250 0.042968750 0.046875000 0.023437500 0.039062500 0.027343750 0.019531250 0.027343750 0.023437500 0.078125000 0.035156250 0.007812500 0.031250000 0.011718750 0.035156250 0.023437500 0.031250000 0.058593750 0.039062500 0.035156250 0.039062500 0.050781250 0.007812500 0.039062500 0.011718750 0.007812500 0.019531250 0.023437500 0.023437500 0.023437500 0.011718750 0.015625000 0.027343750 0.007812500 0.031250000 0.019531250 0.031250000 0.035156250 0.007812500 0.035156250 0.011718750 0.062500000 0.050781250 0.019531250 0.007812500 0.015625000 0.035156250 0.027343750 0.035156250 0.015625000 0.011718750 0.035156250 0.039062500 0.042968750 0.019531250 0.011718750 0.023437500 0.031250000 0.046875000 0.023437500 0.007812500 0.042968750 0.027343750 0.015625000 0.011718750 0.019531250 0.023437500 0.003906250 0.027343750 0.019531250 0.023437500 0.046875000 0.039062500 0.046875000 0.011718750 0.027343750 0.042968750 0.007812500 0.023437500 0.039062500 0.023437500 0.027343750 0.023437500 0.050781250 0.015625000 0.011718750 0.031250000 0.015625000 0.042968750 0.023437500 0.015625000 0.039062500 0.015625000 0.042968750 0.023437500 0.019531250 0.019531250 0.023437500 0.015625000 0.019531250 0.019531250 0.011718750 0.066406250 0.019531250 
0.371093750 0.746093750 0.539062500 0.859375000 1.007812500 2.082031250 1.882812500 4.777343750 18.863281250 1.808593750 0.058593750 1.996093750 2.617187500 0.023437500 0.789062500 3.335937500 6.230468750 1.382812500 0.667968750 0.644531250 0.859375000 0.542968750 0.476562500 0.250000000 0.812500000 0.265625000 0.355468750 0.265625000 0.554687500 0.433593750 0.324218750 0.253906250 0.328125000 0.308593750 0.273437500 0.265625000 0.253906250 0.195312500 0.285156250 0.265625000 0.238281250 0.265625000 0.238281250 0.250000000 0.234375000 0.207031250 0.261718750 0.335937500 0.105468750 0.160156250 0.164062500 0.171875000 0.144531250 0.210937500 0.156250000 0.128906250 0.160156250 0.121093750 0.152343750 0.160156250 0.171875000 0.132812500 0.179687500 0.156250000 0.152343750 0.167968750 0.125000000 0.132812500 0.136718750 0.085937500 0.152343750 0.179687500 0.117187500 0.101562500 0.121093750 0.117187500 0.128906250 0.125000000 0.121093750 0.132812500 0.121093750 0.117187500 0.085937500 0.113281250 0.121093750 0.082031250 0.105468750 0.085937500 0.078125000 0.082031250 0.152343750 0.101562500 0.125000000 0.062500000 0.046875000 0.070312500 0.093750000 0.101562500 0.070312500 0.101562500 0.078125000 0.089843750 0.062500000 0.050781250 0.101562500 0.093750000 0.062500000 0.054687500 0.105468750 0.089843750 0.101562500 0.074218750 0.078125000 0.082031250 0.070312500 0.097656250 0.062500000 0.078125000 0.109375000 0.066406250 0.085937500 0.085937500 0.066406250 0.062500000 0.054687500 0.070312500 0.078125000 0.074218750 0.093750000 0.035156250 0.074218750 0.054687500 0.085937500 0.082031250 0.101562500 0.070312500 0.054687500 0.054687500 0.070312500 0.117187500 0.031250000 0.058593750 0.050781250 0.093750000 0.054687500 0.074218750 0.066406250 0.054687500 0.046875000 0.046875000 0.074218750 0.054687500 0.054687500 0.097656250 0.054687500 0.089843750 0.066406250 0.062500000 0.085937500 0.066406250 0.035156250 0.050781250 0.089843750 0.093750000 0.062500000 0.082031250 0.058593750 0.062500000 0.082031250 0.035156250 0.082031250 0.054687500 0.031250000 0.050781250 0.093750000 0.070312500 0.042968750 0.078125000 0.046875000 0.046875000 0.011718750 0.054687500 0.054687500 0.046875000 0.050781250 0.058593750 0.042968750 0.058593750 0.082031250 0.035156250 0.035156250 0.062500000 0.054687500 0.046875000 0.105468750 0.035156250 0.054687500 0.046875000 0.039062500 0.070312500 0.046875000 0.046875000 0.062500000 0.042968750 0.078125000 0.019531250 0.066406250 0.074218750 0.105468750 0.050781250 0.050781250 0.031250000 0.078125000 0.046875000 0.070312500 0.089843750 0.054687500 0.066406250 0.062500000 0.031250000 0.070312500 0.050781250 0.054687500 0.085937500 0.058593750 0.050781250 0.050781250 0.062500000 0.062500000 0.050781250 0.035156250 0.027343750 0.070312500 0.042968750 0.058593750 0.050781250 0.074218750 0.078125000 0.066406250 0.062500000 0.046875000 0.058593750 0.062500000 0.066406250 0.054687500 0.042968750 0.039062500 0.062500000 0.042968750 0.050781250 0.078125000 0.054687500 0.054687500 0.058593750 0.039062500 0.109375000 0.050781250 
0.437500000 0.347656250 0.445312500 0.488281250 0.445312500 1.156250000 0.960937500 2.398437500 22.070312500 1.257812500 0.312500000 1.671875000 1.261718750 0.882812500 2.218750000 4.199218750 7.703125000 1.164062500 0.722656250 0.847656250 0.531250000 0.449218750 0.140625000 0.539062500 0.300781250 0.136718750 0.074218750 0.093750000 0.324218750 0.097656250 0.144531250 0.121093750 0.167968750 0.144531250 0.125000000 0.113281250 0.113281250 0.113281250 0.207031250 0.074218750 0.101562500 0.050781250 0.117187500 0.109375000 0.132812500 0.066406250 0.066406250 0.156250000 0.171875000 0.074218750 0.113281250 0.058593750 0.039062500 0.105468750 0.078125000 0.074218750 0.066406250 0.066406250 0.035156250 0.078125000 0.074218750 0.078125000 0.109375000 0.085937500 0.074218750 0.066406250 0.066406250 0.046875000 0.074218750 0.042968750 0.066406250 0.054687500 0.027343750 0.054687500 0.082031250 0.078125000 0.042968750 0.074218750 0.062500000 0.062500000 0.039062500 0.054687500 0.019531250 0.042968750 0.050781250 0.015625000 0.023437500 0.062500000 0.015625000 0.078125000 0.031250000 0.046875000 0.042968750 0.113281250 0.062500000 0.031250000 0.042968750 0.058593750 0.007812500 0.019531250 0.039062500 0.050781250 0.035156250 0.042968750 0.046875000 0.023437500 0.035156250 0.023437500 0.035156250 0.046875000 0.066406250 0.007812500 0.031250000 0.042968750 0.035156250 0.011718750 0.031250000 0.023437500 0.015625000 0.085937500 0.035156250 0.015625000 0.035156250 0.050781250 0.011718750 0.046875000 0.035156250 0.039062500 0.011718750 0.070312500 0.070312500 0.078125000 0.027343750 0.031250000 0.031250000 0.023437500 0.015625000 0.042968750 0.023437500 0.082031250 0.050781250 0.031250000 0.015625000 0.046875000 0.050781250 0.007812500 0.011718750 0.039062500 0.023437500 0.027343750 0.019531250 0.023437500 0.023437500 0.019531250 0.054687500 0.039062500 0.015625000 0.031250000 0.054687500 0.039062500 0.039062500 0.019531250 0.031250000 0.050781250 0.027343750 0.039062500 0.035156250 0.011718750 0.031250000 0.070312500 0.039062500 0.015625000 0.035156250 0.046875000 0.031250000 0.054687500 0.015625000 0.050781250 0.011718750 0.003906250 0.027343750 0.031250000 0.007812500 0.011718750 0.027343750 0.015625000 0.031250000 0.007812500 0.042968750 0.054687500 0.027343750 0.074218750 0.019531250 0.019531250 0.062500000 0.027343750 0.027343750 0.023437500 0.031250000 0.027343750 0.007812500 0.023437500 0.003906250 0.011718750 0.019531250 0.050781250 0.027343750 0.050781250 0.035156250 0.058593750 0.035156250 0.058593750 0.027343750 0.035156250 0.019531250 0.027343750 0.011718750 0.050781250 0.042968750 0.007812500 0.042968750 0.019531250 0.019531250 0.058593750 0.074218750 0.046875000 0.031250000 0.035156250 0.039062500 0.027343750 0.031250000 0.031250000 0.039062500 0.027343750 0.035156250 0.023437500 0.039062500 0.015625000 0.031250000 0.007812500 0.031250000 0.019531250 0.046875000 0.027343750 0.019531250 0.031250000 0.019531250 0.007812500 0.019531250 0.019531250 0.023437500 0.046875000 0.027343750 0.011718750 0.007812500 0.046875000 0.039062500 
0.714843750 0.515625000 0.921875000 1.078125000 1.312500000 1.175781250 1.898437500 2.546875000 20.757812500 1.828125000 1.765625000 0.449218750 0.949218750 1.156250000 1.746093750 5.121093750 7.042968750 2.296875000 1.683593750 1.070312500 0.570312500 0.667968750 0.328125000 0.132812500 0.476562500 0.332031250 0.308593750 0.355468750 0.386718750 0.199218750 0.191406250 0.101562500 0.203125000 0.140625000 0.152343750 0.179687500 0.199218750 0.121093750 0.195312500 0.078125000 0.132812500 0.144531250 0.109375000 0.128906250 0.171875000 0.093750000 0.136718750 0.203125000 0.156250000 0.085937500 0.050781250 0.085937500 0.093750000 0.070312500 0.070312500 0.035156250 0.078125000 0.031250000 0.046875000 0.082031250 0.062500000 0.031250000 0.082031250 0.101562500 0.062500000 0.015625000 0.050781250 0.058593750 0.074218750 0.066406250 0.097656250 0.062500000 0.039062500 0.039062500 0.078125000 0.042968750 0.117187500 0.054687500 0.046875000 0.101562500 0.062500000 0.007812500 0.085937500 0.058593750 0.046875000 0.085937500 0.066406250 0.074218750 0.058593750 0.085937500 0.015625000 0.023437500 0.023437500 0.085937500 0.085937500 0.027343750 0.062500000 0.035156250 0.074218750 0.046875000 0.023437500 0.027343750 0.039062500 0.015625000 0.027343750 0.039062500 0.039062500 0.054687500 0.050781250 0.027343750 0.007812500 0.078125000 0.039062500 0.050781250 0.031250000 0.019531250 0.011718750 0.023437500 0.011718750 0.050781250 0.035156250 0.050781250 0.035156250 0.027343750 0.042968750 0.054687500 0.035156250 0.046875000 0.031250000 0.015625000 0.035156250 0.066406250 0.042968750 0.074218750 0.039062500 0.062500000 0.050781250 0.046875000 0.039062500 0.039062500 0.031250000 0.046875000 0.042968750 0.015625000 0.046875000 0.031250000 0.042968750 0.027343750 0.007812500 0.023437500 0.015625000 0.039062500 0.058593750 0.035156250 0.031250000 0.035156250 0.054687500 0.046875000 0.027343750 0.078125000 0.058593750 0.007812500 0.031250000 0.031250000 0.046875000 0.019531250 0.027343750 0.031250000 0.050781250 0.023437500 0.039062500 0.015625000 0.039062500 0.050781250 0.027343750 0.066406250 0.027343750 0.035156250 0.046875000 0.035156250 0.027343750 0.015625000 0.023437500 0.035156250 0.027343750 0.015625000 0.035156250 0.058593750 0.035156250 0.070312500 0.039062500 0.019531250 0.035156250 0.039062500 0.039062500 0.023437500 0.011718750 0.011718750 0.035156250 0.042968750 0.027343750 0.019531250 0.023437500 0.050781250 0.027343750 0.031250000 0.062500000 0.019531250 0.023437500 0.082031250 0.031250000 0.039062500 0.027343750 0.019531250 0.058593750 0.015625000 0.031250000 0.042968750 0.058593750 0.031250000 0.023437500 0.031250000 0.070312500 0.027343750 0.027343750 0.058593750 0.035156250 0.035156250 0.031250000 0.027343750 0.050781250 0.019531250 0.027343750 0.015625000 0.031250000 0.050781250 0.078125000 0.007812500 0.027343750 0.027343750 0.027343750 0.042968750 0.023437500 0.027343750 0.023437500 0.035156250 0.035156250 0.019531250 0.027343750 0.007812500 0.031250000 0.019531250 0.042968750 0.011718750 0.027343750 0.019531250 0.019531250 
0.351562500 0.324218750 0.785156250 0.519531250 0.601562500 0.558593750 1.687500000 4.152343750 18.156250000 3.406250000 2.433593750 0.980468750 0.578125000 0.816406250 2.226562500 6.253906250 5.992187500 2.515625000 1.578125000 1.179687500 0.707031250 0.429687500 0.636718750 0.621093750 0.242187500 0.261718750 0.339843750 0.218750000 0.207031250 0.195312500 0.230468750 0.187500000 0.234375000 0.246093750 0.156250000 0.207031250 0.183593750 0.222656250 0.175781250 0.218750000 0.148437500 0.195312500 0.125000000 0.140625000 0.175781250 0.136718750 0.093750000 0.144531250 0.121093750 0.093750000 0.128906250 0.105468750 0.121093750 0.132812500 0.125000000 0.082031250 0.082031250 0.078125000 0.148437500 0.074218750 0.082031250 0.085937500 0.101562500 0.066406250 0.074218750 0.089843750 0.082031250 0.082031250 0.058593750 0.066406250 0.113281250 0.062500000 0.070312500 0.007812500 0.097656250 0.097656250 0.136718750 0.042968750 0.097656250 0.066406250 0.078125000 0.105468750 0.085937500 0.082031250 0.074218750 0.035156250 0.101562500 0.066406250 0.078125000 0.042968750 0.046875000 0.054687500 0.082031250 0.066406250 0.117187500 0.058593750 0.085937500 0.058593750 0.070312500 0.054687500 0.058593750 0.054687500 0.078125000 0.046875000 0.042968750 0.062500000 0.066406250 0.035156250 0.054687500 0.019531250 0.074218750 0.078125000 0.042968750 0.031250000 0.054687500 0.039062500 0.039062500 0.035156250 0.023437500 0.023437500 0.031250000 0.046875000 0.050781250 0.070312500 0.042968750 0.042968750 0.050781250 0.046875000 0.078125000 0.070312500 0.109375000 0.078125000 0.058593750 0.054687500 0.023437500 0.054687500 0.011718750 0.046875000 0.062500000 0.054687500 0.058593750 0.042968750 0.046875000 0.035156250 0.054687500 0.058593750 0.070312500 0.015625000 0.054687500 0.050781250 0.039062500 0.093750000 0.035156250 0.003906250 0.027343750 0.062500000 0.035156250 0.031250000 0.058593750 0.015625000 0.042968750 0.039062500 0.039062500 0.039062500 0.042968750 0.039062500 0.015625000 0.054687500 0.027343750 0.039062500 0.019531250 0.066406250 0.015625000 0.011718750 0.070312500 0.035156250 0.011718750 0.015625000 0.023437500 0.042968750 0.027343750 0.015625000 0.027343750 0.042968750 0.023437500 0.007812500 0.031250000 0.019531250 0.023437500 0.066406250 0.011718750 0.027343750 0.050781250 0.039062500 0.019531250 0.027343750 0.039062500 0.050781250 0.042968750 0.062500000 0.011718750 0.003906250 0.042968750 0.007812500 0.027343750 0.011718750 0.007812500 0.031250000 0.054687500 0.042968750 0.039062500 0.023437500 0.046875000 0.042968750 0.058593750 0.046875000 0.035156250 0.015625000 0.042968750 0.042968750 0.023437500 0.050781250 0.007812500 0.074218750 0.062500000 0.066406250 0.023437500 0.023437500 0.015625000 0.027343750 0.066406250 0.035156250 0.019531250 0.035156250 0.019531250 0.027343750 0.050781250 0.019531250 0.031250000 0.023437500 0.031250000 0.003906250 0.007812500 0.027343750 0.066406250 0.039062500 0.046875000 0.015625000 0.039062500 0.050781250 0.046875000 0.058593750 0.031250000 0.003906250 0.015625000 0.035156250 0.031250000 
0.285156250 0.054687500 0.476562500 0.269531250 0.675781250 0.585937500 0.335937500 3.382812500 17.464843750 2.433593750 0.910156250 1.652343750 0.957031250 1.386718750 0.417968750 4.925781250 6.468750000 1.542968750 0.511718750 0.867187500 0.371093750 0.347656250 0.484375000 0.316406250 0.402343750 0.214843750 0.199218750 0.300781250 0.132812500 0.187500000 0.183593750 0.214843750 0.191406250 0.148437500 0.148437500 0.152343750 0.121093750 0.117187500 0.121093750 0.171875000 0.109375000 0.128906250 0.101562500 0.117187500 0.046875000 0.035156250 0.113281250 0.070312500 0.066406250 0.050781250 0.058593750 0.046875000 0.039062500 0.035156250 0.097656250 0.070312500 0.078125000 0.050781250 0.121093750 0.066406250 0.078125000 0.058593750 0.031250000 0.039062500 0.027343750 0.058593750 0.054687500 0.062500000 0.035156250 0.058593750 0.093750000 0.050781250 0.039062500 0.042968750 0.046875000 0.066406250 0.046875000 0.027343750 0.031250000 0.046875000 0.066406250 0.078125000 0.054687500 0.039062500 0.015625000 0.046875000 0.105468750 0.039062500 0.039062500 0.039062500 0.019531250 0.019531250 0.089843750 0.046875000 0.019531250 0.074218750 0.019531250 0.027343750 0.035156250 0.074218750 0.054687500 0.023437500 0.042968750 0.019531250 0.050781250 0.039062500 0.046875000 0.031250000 0.015625000 0.027343750 0.019531250 0.015625000 0.050781250 0.023437500 0.035156250 0.050781250 0.039062500 0.050781250 0.050781250 0.019531250 0.031250000 0.019531250 0.031250000 0.007812500 0.042968750 0.011718750 0.031250000 0.031250000 0.050781250 0.027343750 0.085937500 0.113281250 0.007812500 0.082031250 0.019531250 0.062500000 0.078125000 0.019531250 0.050781250 0.058593750 0.023437500 0.031250000 0.042968750 0.058593750 0.046875000 0.011718750 0.042968750 0.042968750 0.042968750 0.074218750 0.039062500 0.054687500 0.121093750 0.066406250 0.035156250 0.011718750 0.019531250 0.023437500 0.015625000 0.039062500 0.042968750 0.070312500 0.023437500 0.039062500 0.003906250 0.027343750 0.023437500 0.027343750 0.046875000 0.074218750 0.015625000 0.015625000 0.046875000 0.015625000 0.046875000 0.042968750 0.031250000 0.035156250 0.027343750 0.042968750 0.031250000 0.054687500 0.046875000 0.027343750 0.042968750 0.050781250 0.023437500 0.023437500 0.011718750 0.046875000 0.046875000 0.042968750 0.039062500 0.007812500 0.027343750 0.031250000 0.046875000 0.027343750 0.035156250 0.054687500 0.042968750 0.027343750 0.042968750 0.050781250 0.023437500 0.015625000 0.054687500 0.027343750 0.058593750 0.007812500 0.019531250 0.003906250 0.035156250 0.003906250 0.031250000 0.031250000 0.003906250 0.003906250 0.039062500 0.039062500 0.031250000 0.066406250 0.058593750 0.011718750 0.035156250 0.039062500 0.066406250 0.027343750 0.019531250 0.031250000 0.058593750 0.015625000 0.027343750 0.046875000 0.031250000 0.039062500 0.011718750 0.042968750 0.027343750 0.023437500 0.046875000 0.035156250 0.027343750 0.019531250 0.062500000 0.027343750 0.031250000 0.023437500 0.027343750 0.031250000 0.042968750 0.015625000 0.023437500 0.019531250 0.035156250 0.031250000 0.035156250 
1.425781250 1.476562500 1.121093750 1.781250000 1.972656250 1.441406250 3.855468750 8.242187500 21.562500000 7.445312500 5.843750000 2.148437500 2.339843750 1.320312500 1.593750000 4.765625000 5.425781250 2.007812500 1.164062500 0.593750000 0.882812500 0.695312500 0.292968750 0.390625000 0.589843750 0.335937500 0.179687500 0.324218750 0.136718750 0.039062500 0.152343750 0.214843750 0.152343750 0.199218750 0.187500000 0.207031250 0.191406250 0.128906250 0.148437500 0.167968750 0.105468750 0.101562500 0.105468750 0.148437500 0.097656250 0.140625000 0.125000000 0.097656250 0.128906250 0.128906250 0.156250000 0.152343750 0.148437500 0.128906250 0.093750000 0.089843750 0.117187500 0.136718750 0.160156250 0.101562500 0.054687500 0.109375000 0.140625000 0.132812500 0.171875000 0.105468750 0.109375000 0.105468750 0.136718750 0.105468750 0.078125000 0.121093750 0.144531250 0.089843750 0.093750000 0.125000000 0.128906250 0.074218750 0.136718750 0.113281250 0.078125000 0.160156250 0.101562500 0.101562500 0.125000000 0.164062500 0.179687500 0.039062500 0.117187500 0.179687500 0.226562500 0.109375000 0.027343750 0.144531250 0.097656250 0.031250000 0.160156250 0.222656250 0.148437500 0.105468750 0.054687500 0.144531250 0.105468750 0.042968750 0.074218750 0.109375000 0.070312500 0.089843750 0.066406250 0.039062500 0.066406250 0.039062500 0.078125000 0.035156250 0.050781250 0.050781250 0.046875000 0.046875000 0.066406250 0.039062500 0.011718750 0.054687500 0.144531250 0.148437500 0.062500000 0.058593750 0.160156250 0.226562500 0.082031250 0.082031250 0.242187500 0.250000000 0.171875000 0.050781250 0.097656250 0.105468750 0.179687500 0.082031250 0.046875000 0.027343750 0.011718750 0.011718750 0.152343750 0.156250000 0.171875000 0.156250000 0.007812500 0.023437500 0.132812500 0.171875000 0.070312500 0.101562500 0.214843750 0.054687500 0.058593750 0.035156250 0.058593750 0.089843750 0.039062500 0.085937500 0.070312500 0.058593750 0.039062500 0.039062500 0.054687500 0.066406250 0.054687500 0.035156250 0.035156250 0.035156250 0.050781250 0.003906250 0.011718750 0.089843750 0.062500000 0.050781250 0.027343750 0.046875000 0.035156250 0.015625000 0.015625000 0.058593750 0.019531250 0.039062500 0.054687500 0.023437500 0.039062500 0.035156250 0.058593750 0.050781250 0.015625000 0.035156250 0.019531250 0.031250000 0.058593750 0.035156250 0.035156250 0.039062500 0.042968750 0.023437500 0.042968750 0.007812500 0.007812500 0.042968750 0.039062500 0.039062500 0.031250000 0.019531250 0.015625000 0.042968750 0.031250000 0.031250000 0.031250000 0.031250000 0.031250000 0.039062500 0.039062500 0.039062500 0.015625000 0.023437500 0.042968750 0.023437500 0.066406250 0.007812500 0.019531250 0.003906250 0.039062500 0.023437500 0.011718750 0.035156250 0.046875000 0.039062500 0.046875000 0.066406250 0.050781250 0.046875000 0.023437500 0.062500000 0.023437500 0.054687500 0.035156250 0.054687500 0.015625000 0.066406250 0.054687500 0.019531250 0.015625000 0.003906250 0.019531250 0.019531250 0.023437500 0.027343750 0.039062500 0.046875000 0.031250000 0.042968750 0.082031250 
0.046875000 0.187500000 0.675781250 0.839843750 0.980468750 0.976562500 0.695312500 6.015625000 23.972656250 10.882812500 2.105468750 6.425781250 8.089843750 5.968750000 5.609375000 8.640625000 12.933593750 13.074218750 9.507812500 6.011718750 3.808593750 2.101562500 2.128906250 0.679687500 0.109375000 0.562500000 0.593750000 1.125000000 1.281250000 0.761718750 0.777343750 0.589843750 0.359375000 0.332031250 0.488281250 0.480468750 0.316406250 0.488281250 0.320312500 0.281250000 0.328125000 0.339843750 0.234375000 0.257812500 0.289062500 0.250000000 0.269531250 0.160156250 0.171875000 0.238281250 0.167968750 0.320312500 0.367187500 0.378906250 0.406250000 0.304687500 0.183593750 0.101562500 0.226562500 0.183593750 0.238281250 0.394531250 0.355468750 0.312500000 0.339843750 0.203125000 0.164062500 0.226562500 0.226562500 0.210937500 0.203125000 0.242187500 0.171875000 0.156250000 0.164062500 0.164062500 0.238281250 0.210937500 0.226562500 0.238281250 0.132812500 0.082031250 0.230468750 0.257812500 0.320312500 0.378906250 0.566406250 0.242187500 0.152343750 0.261718750 0.035156250 0.472656250 0.312500000 0.285156250 0.660156250 0.667968750 0.554687500 0.140625000 0.527343750 0.343750000 0.250000000 0.199218750 0.097656250 0.203125000 0.136718750 0.281250000 0.023437500 0.160156250 0.113281250 0.171875000 0.210937500 0.195312500 0.171875000 0.164062500 0.179687500 0.164062500 0.152343750 0.046875000 0.085937500 0.152343750 0.195312500 0.167968750 0.097656250 0.222656250 0.050781250 0.140625000 0.218750000 0.214843750 0.437500000 0.480468750 0.269531250 0.226562500 0.332031250 0.089843750 0.046875000 0.039062500 0.234375000 0.246093750 0.097656250 0.132812500 0.183593750 0.187500000 0.175781250 0.156250000 0.179687500 0.113281250 0.148437500 0.218750000 0.308593750 0.121093750 0.187500000 0.292968750 0.203125000 0.074218750 0.167968750 0.152343750 0.070312500 0.160156250 0.167968750 0.058593750 0.093750000 0.105468750 0.101562500 0.117187500 0.097656250 0.062500000 0.093750000 0.046875000 0.082031250 0.105468750 0.101562500 0.093750000 0.058593750 0.121093750 0.070312500 0.097656250 0.078125000 0.082031250 0.089843750 0.105468750 0.128906250 0.113281250 0.070312500 0.109375000 0.074218750 0.054687500 0.074218750 0.074218750 0.058593750 0.089843750 0.085937500 0.121093750 0.058593750 0.093750000 0.082031250 0.074218750 0.085937500 0.078125000 0.105468750 0.074218750 0.074218750 0.093750000 0.070312500 0.082031250 0.101562500 0.085937500 0.089843750 0.066406250 0.097656250 0.089843750 0.109375000 0.082031250 0.085937500 0.101562500 0.082031250 0.101562500 0.070312500 0.093750000 0.046875000 0.074218750 0.050781250 0.062500000 0.070312500 0.105468750 0.066406250 0.089843750 0.078125000 0.058593750 0.062500000 0.054687500 0.109375000 0.101562500 0.082031250 0.070312500 0.070312500 0.058593750 0.089843750 0.085937500 0.085937500 0.074218750 0.105468750 0.066406250 0.074218750 0.113281250 0.074218750 0.105468750 0.101562500 0.082031250 0.101562500 0.062500000 0.093750000 0.058593750 0.070312500 0.074218750 0.117187500 0.066406250 0.109375000 
0.046875000 0.320312500 0.613281250 0.613281250 1.585937500 1.523437500 2.203125000 7.378906250 25.652343750 10.644531250 5.425781250 4.496093750 14.503906250 7.015625000 10.660156250 18.378906250 26.207031250 11.882812500 3.484375000 6.132812500 8.480468750 5.363281250 4.660156250 6.535156250 3.480468750 1.199218750 1.425781250 2.132812500 2.492187500 1.722656250 2.070312500 1.531250000 0.457031250 0.683593750 1.054687500 0.820312500 0.792968750 0.570312500 0.152343750 0.289062500 0.468750000 0.390625000 0.335937500 0.207031250 0.273437500 0.414062500 0.339843750 0.132812500 0.085937500 0.605468750 1.039062500 1.042968750 0.667968750 0.792968750 0.437500000 0.406250000 0.535156250 1.000000000 0.957031250 0.546875000 0.300781250 0.210937500 0.359375000 0.406250000 0.269531250 0.441406250 0.261718750 0.285156250 0.261718750 0.277343750 0.230468750 0.218750000 0.203125000 0.175781250 0.230468750 0.222656250 0.308593750 0.167968750 0.363281250 0.406250000 0.417968750 0.335937500 0.230468750 0.246093750 0.347656250 0.523437500 0.273437500 1.046875000 0.765625000 0.695312500 0.777343750 1.375000000 0.722656250 1.238281250 0.191406250 1.253906250 0.433593750 0.371093750 0.546875000 0.007812500 0.382812500 0.218750000 0.222656250 0.152343750 0.183593750 0.074218750 0.312500000 0.085937500 0.183593750 0.167968750 0.203125000 0.207031250 0.167968750 0.210937500 0.199218750 0.175781250 0.320312500 0.179687500 0.218750000 0.183593750 0.250000000 0.066406250 0.269531250 0.429687500 0.089843750 0.312500000 0.242187500 0.320312500 0.304687500 0.378906250 0.421875000 0.187500000 0.460937500 0.171875000 0.093750000 0.109375000 0.234375000 0.265625000 0.101562500 0.175781250 0.148437500 0.117187500 0.097656250 0.253906250 0.058593750 0.101562500 0.316406250 0.171875000 0.296875000 0.097656250 0.167968750 0.234375000 0.171875000 0.234375000 0.031250000 0.207031250 0.152343750 0.039062500 0.167968750 0.097656250 0.105468750 0.085937500 0.093750000 0.062500000 0.128906250 0.078125000 0.101562500 0.113281250 0.109375000 0.117187500 0.125000000 0.117187500 0.105468750 0.074218750 0.085937500 0.136718750 0.113281250 0.093750000 0.140625000 0.125000000 0.082031250 0.144531250 0.105468750 0.117187500 0.101562500 0.101562500 0.121093750 0.085937500 0.097656250 0.074218750 0.046875000 0.097656250 0.132812500 0.078125000 0.085937500 0.078125000 0.078125000 0.078125000 0.070312500 0.097656250 0.085937500 0.066406250 0.105468750 0.113281250 0.101562500 0.113281250 0.105468750 0.097656250 0.062500000 0.101562500 0.121093750 0.089843750 0.097656250 0.101562500 0.101562500 0.101562500 0.070312500 0.054687500 0.085937500 0.101562500 0.101562500 0.070312500 0.105468750 0.105468750 0.101562500 0.050781250 0.085937500 0.089843750 0.070312500 0.085937500 0.078125000 0.085937500 0.062500000 0.121093750 0.113281250 0.085937500 0.105468750 0.101562500 0.054687500 0.085937500 0.070312500 0.105468750 0.101562500 0.078125000 0.105468750 0.125000000 0.074218750 0.085937500 0.093750000 0.089843750 0.078125000 0.078125000 0.113281250 0.093750000 0.101562500 0.058593750 0.046875000 
1.382812500 1.230468750 1.968750000 1.941406250 2.875000000 2.292968750 6.195312500 15.546875000 14.433593750 8.171875000 6.097656250 4.238281250 13.835937500 10.605468750 19.875000000 34.542968750 14.707031250 17.996093750 3.554687500 9.347656250 3.097656250 10.640625000 13.394531250 8.105468750 3.687500000 1.757812500 1.968750000 1.539062500 3.003906250 2.433593750 1.421875000 1.148437500 0.265625000 0.304687500 0.421875000 0.707031250 2.019531250 2.570312500 1.160156250 0.984375000 0.519531250 0.710937500 0.476562500 0.687500000 0.289062500 0.378906250 0.390625000 0.660156250 0.164062500 0.816406250 0.851562500 1.890625000 1.480468750 0.707031250 0.816406250 0.460937500 0.558593750 0.972656250 1.609375000 0.539062500 0.226562500 0.261718750 0.371093750 0.332031250 0.347656250 0.199218750 0.394531250 0.332031250 0.316406250 0.277343750 0.253906250 0.242187500 0.281250000 0.156250000 0.234375000 0.292968750 0.289062500 0.175781250 0.285156250 0.355468750 0.605468750 0.203125000 0.289062500 0.136718750 0.316406250 0.183593750 0.773437500 1.375000000 1.578125000 0.417968750 1.878906250 1.699218750 0.152343750 1.285156250 0.078125000 1.597656250 0.082031250 0.546875000 0.207031250 0.046875000 0.175781250 0.316406250 0.281250000 0.164062500 0.085937500 0.179687500 0.195312500 0.312500000 0.226562500 0.292968750 0.312500000 0.207031250 0.191406250 0.218750000 0.226562500 0.128906250 0.308593750 0.027343750 0.218750000 0.140625000 0.125000000 0.074218750 0.226562500 0.273437500 0.312500000 0.265625000 0.277343750 0.367187500 0.617187500 0.449218750 0.589843750 0.621093750 0.625000000 0.410156250 0.195312500 0.140625000 0.242187500 0.386718750 0.253906250 0.324218750 0.269531250 0.187500000 0.062500000 0.207031250 0.187500000 0.246093750 0.253906250 0.199218750 0.292968750 0.246093750 0.191406250 0.332031250 0.250000000 0.234375000 0.132812500 0.046875000 0.156250000 0.078125000 0.105468750 0.117187500 0.128906250 0.125000000 0.125000000 0.105468750 0.156250000 0.109375000 0.117187500 0.140625000 0.128906250 0.109375000 0.128906250 0.125000000 0.136718750 0.125000000 0.128906250 0.093750000 0.121093750 0.117187500 0.062500000 0.148437500 0.144531250 0.082031250 0.097656250 0.128906250 0.136718750 0.089843750 0.105468750 0.125000000 0.117187500 0.082031250 0.136718750 0.128906250 0.132812500 0.089843750 0.113281250 0.105468750 0.113281250 0.101562500 0.066406250 0.078125000 0.085937500 0.089843750 0.121093750 0.093750000 0.132812500 0.117187500 0.085937500 0.113281250 0.097656250 0.128906250 0.105468750 0.089843750 0.089843750 0.121093750 0.117187500 0.113281250 0.128906250 0.117187500 0.097656250 0.097656250 0.089843750 0.085937500 0.089843750 0.128906250 0.113281250 0.132812500 0.105468750 0.117187500 0.132812500 0.113281250 0.113281250 0.121093750 0.144531250 0.101562500 0.121093750 0.105468750 0.125000000 0.101562500 0.128906250 0.117187500 0.097656250 0.070312500 0.078125000 0.109375000 0.109375000 0.085937500 0.117187500 0.085937500 0.105468750 0.097656250 0.105468750 0.089843750 0.097656250 0.085937500 0.082031250 0.128906250 0.117187500 
0.183593750 0.156250000 0.347656250 0.429687500 1.316406250 2.257812500 2.718750000 18.472656250 7.410156250 3.699218750 7.125000000 10.109375000 2.417968750 4.074218750 22.613281250 38.425781250 8.800781250 11.339843750 8.472656250 1.363281250 9.703125000 13.906250000 19.640625000 2.289062500 0.917968750 2.722656250 3.242187500 3.527343750 2.730468750 4.402343750 1.117187500 0.730468750 0.117187500 0.289062500 0.632812500 1.113281250 3.902343750 2.589843750 0.527343750 0.761718750 0.671875000 0.242187500 0.144531250 0.343750000 0.855468750 0.527343750 0.722656250 0.593750000 0.921875000 1.445312500 0.843750000 2.835937500 0.769531250 0.296875000 0.320312500 0.753906250 0.746093750 0.636718750 1.656250000 1.109375000 0.359375000 0.281250000 0.304687500 0.375000000 0.800781250 0.582031250 0.199218750 0.265625000 0.222656250 0.207031250 0.195312500 0.179687500 0.195312500 0.269531250 0.292968750 0.187500000 0.203125000 0.156250000 0.019531250 0.070312500 0.613281250 0.269531250 0.390625000 0.378906250 0.343750000 0.644531250 0.949218750 1.738281250 2.105468750 0.492187500 1.531250000 1.707031250 0.425781250 0.378906250 1.273437500 0.699218750 0.382812500 0.343750000 0.273437500 0.226562500 0.152343750 0.164062500 0.320312500 0.109375000 0.234375000 0.203125000 0.113281250 0.132812500 0.093750000 0.265625000 0.058593750 0.191406250 0.210937500 0.171875000 0.195312500 0.117187500 0.171875000 0.351562500 0.042968750 0.035156250 0.070312500 0.136718750 0.191406250 0.207031250 0.406250000 0.226562500 0.203125000 0.359375000 0.386718750 0.625000000 0.527343750 0.824218750 0.726562500 0.203125000 0.375000000 0.136718750 0.230468750 0.171875000 0.269531250 0.171875000 0.015625000 0.144531250 0.101562500 0.203125000 0.113281250 0.101562500 0.343750000 0.062500000 0.011718750 0.152343750 0.074218750 0.187500000 0.167968750 0.125000000 0.160156250 0.156250000 0.078125000 0.085937500 0.066406250 0.078125000 0.085937500 0.101562500 0.093750000 0.093750000 0.066406250 0.132812500 0.074218750 0.117187500 0.117187500 0.093750000 0.101562500 0.121093750 0.101562500 0.082031250 0.054687500 0.082031250 0.085937500 0.093750000 0.148437500 0.125000000 0.097656250 0.144531250 0.101562500 0.082031250 0.046875000 0.085937500 0.054687500 0.105468750 0.117187500 0.066406250 0.109375000 0.097656250 0.121093750 0.113281250 0.097656250 0.105468750 0.085937500 0.109375000 0.085937500 0.058593750 0.089843750 0.082031250 0.117187500 0.105468750 0.085937500 0.097656250 0.097656250 0.042968750 0.085937500 0.062500000 0.070312500 0.066406250 0.101562500 0.097656250 0.097656250 0.093750000 0.085937500 0.132812500 0.082031250 0.089843750 0.085937500 0.085937500 0.093750000 0.042968750 0.082031250 0.117187500 0.093750000 0.109375000 0.125000000 0.062500000 0.078125000 0.085937500 0.050781250 0.019531250 0.074218750 0.101562500 0.074218750 0.054687500 0.097656250 0.105468750 0.093750000 0.089843750 0.085937500 0.097656250 0.082031250 0.097656250 0.117187500 0.082031250 0.085937500 0.074218750 0.066406250 0.109375000 0.093750000 0.093750000 0.109375000 0.066406250 0.105468750 
2.378906250 2.617187500 2.628906250 2.765625000 4.324218750 5.109375000 6.738281250 25.371093750 0.652343750 2.292968750 1.488281250 4.511718750 4.058593750 8.785156250 30.156250000 26.191406250 15.886718750 4.523437500 8.906250000 8.238281250 5.304687500 17.347656250 24.601562500 8.363281250 2.710937500 4.359375000 2.566406250 1.757812500 1.191406250 7.742187500 2.468750000 1.488281250 1.343750000 1.238281250 0.742187500 0.121093750 5.398437500 0.902343750 1.699218750 0.820312500 1.179687500 0.687500000 0.613281250 0.632812500 0.789062500 0.511718750 0.910156250 0.792968750 0.265625000 0.511718750 2.558593750 4.007812500 2.207031250 0.496093750 0.921875000 0.812500000 0.589843750 0.148437500 2.410156250 1.234375000 0.519531250 1.062500000 0.640625000 0.589843750 0.410156250 1.316406250 0.878906250 0.687500000 0.710937500 0.695312500 0.589843750 0.527343750 0.640625000 0.523437500 0.449218750 0.558593750 0.507812500 0.378906250 0.261718750 0.792968750 0.484375000 0.402343750 0.601562500 0.500000000 0.039062500 0.722656250 2.351562500 0.687500000 1.929687500 1.953125000 1.253906250 0.765625000 0.808593750 0.222656250 1.179687500 0.054687500 0.101562500 0.582031250 0.699218750 0.292968750 0.308593750 0.414062500 0.550781250 0.339843750 0.429687500 0.460937500 0.417968750 0.359375000 0.437500000 0.347656250 0.289062500 0.496093750 0.339843750 0.312500000 0.250000000 0.359375000 0.367187500 0.421875000 0.519531250 0.625000000 0.421875000 0.335937500 0.324218750 0.417968750 0.515625000 0.726562500 0.894531250 0.628906250 0.554687500 0.609375000 0.679687500 0.753906250 0.582031250 0.140625000 0.238281250 0.222656250 0.285156250 0.339843750 0.195312500 0.292968750 0.308593750 0.257812500 0.218750000 0.253906250 0.226562500 0.285156250 0.382812500 0.390625000 0.339843750 0.414062500 0.304687500 0.160156250 0.304687500 0.347656250 0.273437500 0.285156250 0.257812500 0.273437500 0.253906250 0.250000000 0.269531250 0.246093750 0.269531250 0.257812500 0.277343750 0.312500000 0.289062500 0.238281250 0.265625000 0.226562500 0.238281250 0.273437500 0.230468750 0.269531250 0.238281250 0.265625000 0.265625000 0.210937500 0.269531250 0.234375000 0.238281250 0.265625000 0.218750000 0.304687500 0.210937500 0.253906250 0.257812500 0.253906250 0.281250000 0.285156250 0.285156250 0.273437500 0.250000000 0.210937500 0.238281250 0.230468750 0.257812500 0.253906250 0.226562500 0.253906250 0.226562500 0.222656250 0.210937500 0.230468750 0.246093750 0.230468750 0.238281250 0.218750000 0.226562500 0.234375000 0.207031250 0.257812500 0.191406250 0.214843750 0.226562500 0.218750000 0.222656250 0.230468750 0.261718750 0.234375000 0.218750000 0.242187500 0.261718750 0.234375000 0.242187500 0.246093750 0.210937500 0.203125000 0.281250000 0.191406250 0.210937500 0.238281250 0.195312500 0.242187500 0.164062500 0.187500000 0.238281250 0.261718750 0.214843750 0.257812500 0.246093750 0.246093750 0.230468750 0.230468750 0.242187500 0.238281250 0.207031250 0.222656250 0.230468750 0.214843750 0.226562500 0.222656250 0.222656250 0.222656250 0.230468750 0.207031250 0.175781250 
1.738281250 1.683593750 1.730468750 1.578125000 2.933593750 3.230468750 4.351562500 28.164062500 8.035156250 2.578125000 4.382812500 3.378906250 4.570312500 9.656250000 37.867187500 12.527343750 2.050781250 3.292968750 5.929687500 7.027343750 9.789062500 29.171875000 19.187500000 6.050781250 4.117187500 5.085937500 2.707031250 2.476562500 6.015625000 7.527343750 3.824218750 2.597656250 2.707031250 3.113281250 2.605468750 4.421875000 3.156250000 2.031250000 1.328125000 1.652343750 1.746093750 1.718750000 2.000000000 0.828125000 0.906250000 1.308593750 0.976562500 0.937500000 1.707031250 1.425781250 4.929687500 1.171875000 0.851562500 0.308593750 1.042968750 0.648437500 0.585937500 2.207031250 0.316406250 0.484375000 0.773437500 0.625000000 0.292968750 0.710937500 2.128906250 0.265625000 0.710937500 0.605468750 0.433593750 0.554687500 0.582031250 0.671875000 0.515625000 0.414062500 0.535156250 0.554687500 0.437500000 0.539062500 0.367187500 0.808593750 0.480468750 0.539062500 1.105468750 0.808593750 1.378906250 1.644531250 2.117187500 0.558593750 0.792968750 1.738281250 0.304687500 0.613281250 0.394531250 1.195312500 0.574218750 0.316406250 0.550781250 0.363281250 0.492187500 0.640625000 0.546875000 0.562500000 0.210937500 0.460937500 0.378906250 0.445312500 0.453125000 0.257812500 0.398437500 0.402343750 0.335937500 0.441406250 0.523437500 0.410156250 0.140625000 0.500000000 0.519531250 0.335937500 0.820312500 0.253906250 0.195312500 0.269531250 0.386718750 0.187500000 0.316406250 0.605468750 0.917968750 0.523437500 0.824218750 0.949218750 0.542968750 0.480468750 0.765625000 0.328125000 0.214843750 0.359375000 0.242187500 0.234375000 0.296875000 0.371093750 0.347656250 0.332031250 0.347656250 0.281250000 0.339843750 0.335937500 0.250000000 0.402343750 0.375000000 0.371093750 0.222656250 0.335937500 0.324218750 0.281250000 0.316406250 0.304687500 0.281250000 0.273437500 0.304687500 0.273437500 0.273437500 0.246093750 0.269531250 0.277343750 0.273437500 0.281250000 0.242187500 0.300781250 0.277343750 0.269531250 0.265625000 0.269531250 0.250000000 0.230468750 0.253906250 0.269531250 0.230468750 0.222656250 0.234375000 0.253906250 0.250000000 0.242187500 0.300781250 0.230468750 0.218750000 0.261718750 0.257812500 0.214843750 0.234375000 0.242187500 0.277343750 0.230468750 0.250000000 0.261718750 0.242187500 0.253906250 0.265625000 0.242187500 0.250000000 0.269531250 0.222656250 0.226562500 0.234375000 0.210937500 0.238281250 0.253906250 0.257812500 0.234375000 0.191406250 0.242187500 0.214843750 0.187500000 0.214843750 0.210937500 0.222656250 0.218750000 0.242187500 0.230468750 0.199218750 0.214843750 0.218750000 0.210937500 0.246093750 0.246093750 0.218750000 0.246093750 0.199218750 0.250000000 0.222656250 0.183593750 0.214843750 0.183593750 0.171875000 0.230468750 0.304687500 0.156250000 0.273437500 0.175781250 0.167968750 0.234375000 0.195312500 0.230468750 0.203125000 0.183593750 0.234375000 0.222656250 0.183593750 0.203125000 0.214843750 0.214843750 0.226562500 0.199218750 0.207031250 0.222656250 0.222656250 0.226562500 0.261718750 
0.210937500 0.292968750 0.410156250 0.191406250 3.183593750 0.707031250 2.003906250 29.796875000 5.199218750 4.464843750 2.242187500 1.906250000 1.828125000 5.484375000 41.582031250 5.390625000 2.628906250 0.917968750 4.812500000 4.031250000 6.585937500 39.085937500 8.535156250 3.175781250 1.523437500 1.433593750 1.484375000 2.562500000 9.691406250 2.289062500 0.953125000 0.671875000 0.781250000 0.144531250 1.410156250 4.644531250 2.519531250 0.898437500 0.886718750 0.863281250 0.664062500 0.082031250 1.710937500 0.851562500 0.675781250 0.886718750 0.648437500 0.781250000 2.253906250 4.554687500 3.046875000 1.117187500 0.894531250 0.726562500 0.359375000 0.503906250 1.265625000 1.375000000 0.250000000 0.218750000 0.601562500 0.398437500 0.609375000 1.343750000 1.015625000 0.722656250 0.468750000 0.097656250 0.230468750 0.289062500 0.285156250 0.164062500 0.089843750 0.093750000 0.132812500 0.183593750 0.039062500 0.074218750 0.273437500 0.273437500 0.492187500 0.156250000 0.417968750 0.816406250 1.625000000 1.664062500 0.933593750 0.640625000 0.296875000 0.574218750 1.441406250 0.824218750 0.734375000 0.277343750 0.402343750 0.167968750 0.093750000 0.382812500 0.218750000 0.359375000 0.316406250 0.195312500 0.070312500 0.062500000 0.054687500 0.140625000 0.175781250 0.183593750 0.156250000 0.074218750 0.187500000 0.253906250 0.277343750 0.183593750 0.226562500 0.101562500 0.035156250 0.164062500 0.531250000 0.230468750 0.164062500 0.269531250 0.230468750 0.339843750 0.093750000 0.562500000 0.742187500 0.718750000 0.847656250 0.632812500 0.058593750 0.195312500 0.496093750 0.046875000 0.265625000 0.078125000 0.070312500 0.167968750 0.042968750 0.093750000 0.156250000 0.078125000 0.117187500 0.093750000 0.050781250 0.105468750 0.078125000 0.058593750 0.074218750 0.132812500 0.113281250 0.085937500 0.097656250 0.046875000 0.035156250 0.066406250 0.058593750 0.058593750 0.074218750 0.050781250 0.058593750 0.070312500 0.050781250 0.046875000 0.046875000 0.062500000 0.082031250 0.039062500 0.042968750 0.054687500 0.058593750 0.046875000 0.039062500 0.046875000 0.042968750 0.035156250 0.054687500 0.050781250 0.027343750 0.062500000 0.050781250 0.023437500 0.023437500 0.042968750 0.070312500 0.070312500 0.058593750 0.039062500 0.046875000 0.042968750 0.105468750 0.050781250 0.031250000 0.070312500 0.054687500 0.062500000 0.039062500 0.027343750 0.042968750 0.042968750 0.089843750 0.035156250 0.062500000 0.027343750 0.070312500 0.050781250 0.089843750 0.031250000 0.070312500 0.042968750 0.027343750 0.042968750 0.046875000 0.015625000 0.042968750 0.046875000 0.058593750 0.015625000 0.050781250 0.039062500 0.050781250 0.046875000 0.050781250 0.035156250 0.039062500 0.082031250 0.035156250 0.042968750 0.054687500 0.031250000 0.015625000 0.054687500 0.039062500 0.070312500 0.070312500 0.019531250 0.085937500 0.062500000 0.023437500 0.066406250 0.085937500 0.035156250 0.015625000 0.066406250 0.035156250 0.042968750 0.085937500 0.035156250 0.046875000 0.078125000 0.046875000 0.019531250 0.042968750 0.035156250 0.058593750 0.089843750 0.015625000 
0.085937500 0.164062500 0.449218750 0.433593750 3.015625000 0.488281250 1.144531250 31.398437500 1.488281250 1.105468750 2.367187500 2.726562500 3.769531250 3.636718750 40.285156250 4.324218750 2.292968750 4.789062500 2.445312500 4.394531250 11.925781250 34.796875000 4.203125000 0.816406250 0.757812500 1.636718750 3.019531250 3.078125000 7.921875000 0.839843750 0.714843750 0.503906250 0.863281250 0.640625000 1.003906250 4.566406250 1.238281250 0.093750000 1.152343750 0.921875000 0.632812500 0.531250000 1.875000000 0.097656250 0.082031250 0.082031250 0.738281250 1.125000000 2.343750000 4.511718750 0.609375000 0.906250000 0.601562500 0.273437500 0.324218750 0.777343750 1.082031250 0.933593750 0.699218750 0.144531250 0.304687500 0.515625000 0.984375000 1.535156250 0.199218750 0.324218750 0.070312500 0.039062500 0.179687500 0.121093750 0.339843750 0.042968750 0.136718750 0.066406250 0.054687500 0.183593750 0.136718750 0.140625000 0.335937500 0.144531250 0.238281250 0.429687500 0.277343750 0.960937500 1.386718750 0.558593750 0.378906250 0.421875000 0.515625000 0.339843750 1.035156250 0.886718750 0.433593750 0.210937500 0.218750000 0.187500000 0.058593750 0.195312500 0.128906250 0.167968750 0.050781250 0.082031250 0.125000000 0.144531250 0.218750000 0.250000000 0.273437500 0.101562500 0.125000000 0.105468750 0.132812500 0.339843750 0.187500000 0.050781250 0.117187500 0.105468750 0.171875000 0.273437500 0.441406250 0.417968750 0.125000000 0.171875000 0.285156250 0.156250000 0.265625000 0.804687500 0.582031250 0.453125000 0.539062500 0.378906250 0.351562500 0.199218750 0.488281250 0.300781250 0.250000000 0.117187500 0.117187500 0.121093750 0.066406250 0.101562500 0.058593750 0.046875000 0.089843750 0.082031250 0.058593750 0.128906250 0.070312500 0.066406250 0.097656250 0.093750000 0.066406250 0.078125000 0.050781250 0.078125000 0.078125000 0.058593750 0.058593750 0.039062500 0.062500000 0.093750000 0.101562500 0.042968750 0.070312500 0.070312500 0.066406250 0.054687500 0.082031250 0.078125000 0.074218750 0.054687500 0.066406250 0.062500000 0.058593750 0.050781250 0.078125000 0.070312500 0.039062500 0.031250000 0.070312500 0.070312500 0.050781250 0.070312500 0.058593750 0.082031250 0.054687500 0.089843750 0.070312500 0.062500000 0.039062500 0.015625000 0.054687500 0.089843750 0.042968750 0.066406250 0.066406250 0.089843750 0.046875000 0.105468750 0.035156250 0.062500000 0.078125000 0.054687500 0.070312500 0.058593750 0.058593750 0.058593750 0.023437500 0.097656250 0.058593750 0.058593750 0.089843750 0.046875000 0.046875000 0.070312500 0.058593750 0.066406250 0.039062500 0.054687500 0.058593750 0.062500000 0.050781250 0.058593750 0.085937500 0.054687500 0.035156250 0.078125000 0.035156250 0.058593750 0.054687500 0.105468750 0.042968750 0.070312500 0.050781250 0.093750000 0.101562500 0.054687500 0.093750000 0.082031250 0.089843750 0.042968750 0.078125000 0.054687500 0.093750000 0.058593750 0.093750000 0.058593750 0.046875000 0.015625000 0.035156250 0.066406250 0.035156250 0.078125000 0.050781250 0.046875000 0.046875000 0.035156250 0.015625000 
0.183593750 0.195312500 0.281250000 0.269531250 1.875000000 1.449218750 1.414062500 31.644531250 1.425781250 0.476562500 2.171875000 1.265625000 3.417968750 2.644531250 39.746093750 3.273437500 0.800781250 5.187500000 4.640625000 8.605468750 7.078125000 32.273437500 4.312500000 1.925781250 1.390625000 1.570312500 2.464843750 3.375000000 7.726562500 0.800781250 0.292968750 1.355468750 0.312500000 0.949218750 0.898437500 4.417968750 0.730468750 0.605468750 1.417968750 0.531250000 0.765625000 0.429687500 1.796875000 0.277343750 0.667968750 0.687500000 0.207031250 2.324218750 2.230468750 4.816406250 1.242187500 1.113281250 1.394531250 0.386718750 0.898437500 0.312500000 0.472656250 0.503906250 0.546875000 0.453125000 0.285156250 0.671875000 0.710937500 1.070312500 0.378906250 0.300781250 0.042968750 0.082031250 0.019531250 0.250000000 0.449218750 0.058593750 0.035156250 0.167968750 0.097656250 0.242187500 0.234375000 0.410156250 0.175781250 0.332031250 0.238281250 0.335937500 0.464843750 0.292968750 0.488281250 0.171875000 0.371093750 0.085937500 0.261718750 0.449218750 0.492187500 1.039062500 0.253906250 0.222656250 0.183593750 0.148437500 0.085937500 0.117187500 0.238281250 0.164062500 0.113281250 0.113281250 0.085937500 0.136718750 0.117187500 0.167968750 0.136718750 0.085937500 0.144531250 0.156250000 0.250000000 0.222656250 0.300781250 0.152343750 0.082031250 0.148437500 0.171875000 0.542968750 0.207031250 0.320312500 0.269531250 0.070312500 0.289062500 0.210937500 0.488281250 0.562500000 0.304687500 0.125000000 0.113281250 0.261718750 0.222656250 0.203125000 0.191406250 0.046875000 0.039062500 0.031250000 0.062500000 0.015625000 0.050781250 0.027343750 0.015625000 0.031250000 0.042968750 0.042968750 0.035156250 0.007812500 0.101562500 0.039062500 0.011718750 0.070312500 0.039062500 0.070312500 0.070312500 0.035156250 0.050781250 0.046875000 0.050781250 0.035156250 0.062500000 0.007812500 0.070312500 0.035156250 0.039062500 0.050781250 0.039062500 0.050781250 0.015625000 0.054687500 0.050781250 0.042968750 0.035156250 0.035156250 0.058593750 0.050781250 0.027343750 0.050781250 0.015625000 0.085937500 0.046875000 0.035156250 0.039062500 0.031250000 0.031250000 0.050781250 0.046875000 0.050781250 0.023437500 0.046875000 0.066406250 0.011718750 0.042968750 0.027343750 0.035156250 0.027343750 0.015625000 0.046875000 0.050781250 0.015625000 0.031250000 0.019531250 0.066406250 0.054687500 0.066406250 0.050781250 0.003906250 0.070312500 0.078125000 0.023437500 0.015625000 0.054687500 0.027343750 0.015625000 0.027343750 0.015625000 0.023437500 0.027343750 0.035156250 0.042968750 0.031250000 0.042968750 0.023437500 0.023437500 0.019531250 0.050781250 0.007812500 0.003906250 0.062500000 0.007812500 0.027343750 0.019531250 0.054687500 0.042968750 0.085937500 0.019531250 0.066406250 0.031250000 0.023437500 0.023437500 0.015625000 0.039062500 0.054687500 0.050781250 0.054687500 0.011718750 0.054687500 0.062500000 0.023437500 0.031250000 0.035156250 0.031250000 0.027343750 0.027343750 0.050781250 0.023437500 0.023437500 0.031250000 0.019531250 
0.398437500 0.480468750 0.886718750 1.632812500 0.289062500 0.417968750 1.464843750 31.093750000 1.679687500 1.222656250 3.121093750 2.480468750 0.253906250 6.867187500 34.929687500 7.718750000 4.402343750 4.933593750 9.414062500 3.738281250 14.460937500 25.050781250 5.015625000 3.183593750 2.562500000 3.347656250 1.773437500 4.605468750 6.636718750 1.925781250 1.312500000 1.871093750 1.386718750 0.757812500 1.777343750 3.679687500 1.015625000 0.980468750 1.921875000 1.613281250 0.898437500 1.218750000 1.417968750 0.351562500 0.910156250 1.164062500 1.738281250 2.878906250 5.804687500 2.089843750 1.144531250 1.265625000 1.050781250 0.804687500 0.644531250 0.027343750 0.195312500 0.406250000 0.347656250 0.222656250 0.562500000 0.714843750 1.355468750 0.488281250 0.105468750 0.539062500 0.175781250 0.214843750 0.152343750 0.367187500 0.164062500 0.214843750 0.066406250 0.246093750 0.398437500 0.632812500 0.464843750 0.132812500 0.195312500 0.218750000 0.175781250 0.222656250 0.296875000 0.109375000 0.183593750 0.175781250 0.460937500 0.257812500 0.203125000 0.667968750 0.027343750 0.738281250 0.320312500 0.140625000 0.058593750 0.117187500 0.207031250 0.050781250 0.242187500 0.105468750 0.054687500 0.015625000 0.078125000 0.105468750 0.121093750 0.070312500 0.097656250 0.039062500 0.085937500 0.058593750 0.367187500 0.117187500 0.289062500 0.144531250 0.199218750 0.398437500 0.480468750 0.707031250 0.144531250 0.234375000 0.128906250 0.265625000 0.273437500 0.085937500 0.281250000 0.316406250 0.117187500 0.101562500 0.089843750 0.093750000 0.152343750 0.132812500 0.183593750 0.093750000 0.074218750 0.066406250 0.082031250 0.074218750 0.023437500 0.050781250 0.035156250 0.039062500 0.054687500 0.058593750 0.054687500 0.050781250 0.101562500 0.035156250 0.054687500 0.070312500 0.054687500 0.042968750 0.058593750 0.050781250 0.054687500 0.031250000 0.019531250 0.042968750 0.070312500 0.070312500 0.019531250 0.039062500 0.058593750 0.035156250 0.042968750 0.031250000 0.070312500 0.019531250 0.054687500 0.027343750 0.035156250 0.042968750 0.054687500 0.031250000 0.027343750 0.062500000 0.085937500 0.058593750 0.035156250 0.066406250 0.042968750 0.054687500 0.054687500 0.074218750 0.054687500 0.058593750 0.046875000 0.054687500 0.035156250 0.074218750 0.027343750 0.058593750 0.035156250 0.050781250 0.023437500 0.042968750 0.031250000 0.027343750 0.015625000 0.031250000 0.046875000 0.042968750 0.027343750 0.074218750 0.031250000 0.015625000 0.050781250 0.023437500 0.074218750 0.042968750 0.031250000 0.046875000 0.031250000 0.031250000 0.042968750 0.042968750 0.027343750 0.011718750 0.015625000 0.042968750 0.031250000 0.042968750 0.035156250 0.035156250 0.046875000 0.031250000 0.062500000 0.078125000 0.039062500 0.050781250 0.039062500 0.019531250 0.054687500 0.066406250 0.042968750 0.039062500 0.039062500 0.039062500 0.031250000 0.046875000 0.046875000 0.046875000 0.050781250 0.062500000 0.074218750 0.058593750 0.023437500 0.027343750 0.050781250 0.050781250 0.015625000 0.050781250 0.027343750 0.050781250 0.031250000 0.031250000 0.039062500 
0.289062500 0.609375000 1.386718750 1.382812500 1.445312500 1.613281250 4.234375000 28.753906250 1.945312500 1.429687500 1.796875000 3.492187500 6.093750000 12.406250000 29.175781250 7.503906250 4.625000000 7.292968750 11.582031250 8.351562500 20.140625000 20.992187500 7.511718750 5.527343750 5.519531250 3.242187500 1.125000000 4.843750000 7.078125000 3.300781250 3.378906250 3.437500000 1.781250000 1.578125000 2.898437500 1.953125000 1.882812500 2.277343750 2.828125000 1.824218750 1.234375000 1.398437500 2.218750000 2.085937500 2.296875000 1.636718750 1.562500000 2.359375000 7.628906250 0.734375000 0.507812500 1.644531250 1.679687500 1.554687500 1.449218750 0.898437500 1.031250000 0.898437500 1.437500000 1.199218750 0.773437500 1.195312500 1.691406250 0.714843750 0.296875000 1.222656250 1.113281250 0.785156250 0.625000000 0.910156250 0.574218750 0.656250000 1.121093750 1.097656250 0.980468750 0.730468750 1.222656250 0.726562500 0.503906250 0.730468750 0.875000000 0.687500000 0.769531250 0.796875000 0.679687500 0.738281250 0.562500000 0.601562500 0.664062500 0.222656250 0.871093750 0.933593750 0.738281250 0.714843750 0.628906250 0.570312500 0.546875000 0.593750000 0.566406250 0.613281250 0.703125000 0.605468750 0.597656250 0.500000000 0.449218750 0.531250000 0.527343750 0.562500000 0.601562500 0.621093750 0.648437500 0.414062500 0.101562500 0.667968750 0.750000000 0.632812500 0.968750000 0.937500000 0.671875000 0.437500000 0.386718750 0.640625000 0.382812500 0.582031250 0.585937500 0.523437500 0.261718750 0.449218750 0.449218750 0.398437500 0.546875000 0.535156250 0.500000000 0.429687500 0.425781250 0.472656250 0.429687500 0.429687500 0.449218750 0.433593750 0.437500000 0.449218750 0.429687500 0.417968750 0.390625000 0.437500000 0.410156250 0.410156250 0.437500000 0.394531250 0.390625000 0.394531250 0.433593750 0.433593750 0.410156250 0.398437500 0.390625000 0.394531250 0.406250000 0.437500000 0.402343750 0.378906250 0.417968750 0.386718750 0.371093750 0.371093750 0.390625000 0.394531250 0.386718750 0.371093750 0.378906250 0.390625000 0.371093750 0.375000000 0.359375000 0.414062500 0.335937500 0.339843750 0.386718750 0.367187500 0.347656250 0.390625000 0.378906250 0.335937500 0.367187500 0.347656250 0.378906250 0.367187500 0.332031250 0.335937500 0.324218750 0.355468750 0.375000000 0.386718750 0.324218750 0.320312500 0.363281250 0.351562500 0.351562500 0.347656250 0.343750000 0.343750000 0.355468750 0.386718750 0.355468750 0.382812500 0.347656250 0.363281250 0.324218750 0.320312500 0.328125000 0.339843750 0.332031250 0.343750000 0.339843750 0.351562500 0.324218750 0.316406250 0.324218750 0.332031250 0.351562500 0.320312500 0.328125000 0.324218750 0.332031250 0.304687500 0.328125000 0.312500000 0.343750000 0.339843750 0.304687500 0.339843750 0.312500000 0.328125000 0.296875000 0.324218750 0.339843750 0.324218750 0.316406250 0.328125000 0.335937500 0.339843750 0.335937500 0.312500000 0.339843750 0.339843750 0.343750000 0.324218750 0.332031250 0.320312500 0.332031250 0.347656250 0.324218750 0.308593750 0.316406250 0.320312500 0.335937500 
2.511718750 3.343750000 2.542968750 2.882812500 1.917968750 5.132812500 7.210937500 26.628906250 2.589843750 2.710937500 3.277343750 5.488281250 6.144531250 14.824218750 28.183593750 7.312500000 2.210937500 8.597656250 9.035156250 3.328125000 18.289062500 18.851562500 9.093750000 2.839843750 5.945312500 2.042968750 2.421875000 5.855468750 5.058593750 2.738281250 2.121093750 1.777343750 1.816406250 1.800781250 5.203125000 1.406250000 0.246093750 1.597656250 0.355468750 1.375000000 0.929687500 4.378906250 0.582031250 0.300781250 0.375000000 0.445312500 1.082031250 2.136718750 8.660156250 2.597656250 0.621093750 2.070312500 0.250000000 0.941406250 0.750000000 1.242187500 0.785156250 0.976562500 0.281250000 0.910156250 0.894531250 1.003906250 1.046875000 0.234375000 0.761718750 0.332031250 0.382812500 0.214843750 0.554687500 0.515625000 0.644531250 0.746093750 0.738281250 0.183593750 0.156250000 0.554687500 0.597656250 0.515625000 0.085937500 0.484375000 0.226562500 0.046875000 0.054687500 0.304687500 0.257812500 0.316406250 0.351562500 0.214843750 0.289062500 0.609375000 0.285156250 0.183593750 0.425781250 0.128906250 0.277343750 0.218750000 0.289062500 0.289062500 0.152343750 0.394531250 0.218750000 0.171875000 0.281250000 0.355468750 0.117187500 0.187500000 0.175781250 0.273437500 0.332031250 0.296875000 0.054687500 0.054687500 0.628906250 0.210937500 0.207031250 0.492187500 0.906250000 0.335937500 0.285156250 0.328125000 0.199218750 0.105468750 0.226562500 0.144531250 0.160156250 0.125000000 0.058593750 0.179687500 0.148437500 0.164062500 0.121093750 0.179687500 0.164062500 0.136718750 0.167968750 0.148437500 0.125000000 0.140625000 0.132812500 0.117187500 0.128906250 0.121093750 0.156250000 0.125000000 0.164062500 0.136718750 0.082031250 0.160156250 0.109375000 0.074218750 0.125000000 0.136718750 0.203125000 0.160156250 0.136718750 0.128906250 0.140625000 0.148437500 0.097656250 0.136718750 0.125000000 0.125000000 0.144531250 0.121093750 0.132812500 0.144531250 0.113281250 0.132812500 0.125000000 0.140625000 0.109375000 0.128906250 0.093750000 0.105468750 0.078125000 0.140625000 0.175781250 0.105468750 0.144531250 0.097656250 0.113281250 0.136718750 0.085937500 0.117187500 0.125000000 0.132812500 0.105468750 0.109375000 0.121093750 0.125000000 0.128906250 0.152343750 0.121093750 0.140625000 0.097656250 0.140625000 0.101562500 0.105468750 0.101562500 0.101562500 0.109375000 0.125000000 0.101562500 0.132812500 0.117187500 0.128906250 0.109375000 0.121093750 0.097656250 0.121093750 0.128906250 0.109375000 0.101562500 0.109375000 0.105468750 0.117187500 0.105468750 0.125000000 0.125000000 0.089843750 0.109375000 0.121093750 0.109375000 0.121093750 0.105468750 0.097656250 0.078125000 0.109375000 0.109375000 0.085937500 0.113281250 0.121093750 0.078125000 0.082031250 0.117187500 0.089843750 0.113281250 0.113281250 0.121093750 0.132812500 0.121093750 0.117187500 0.097656250 0.097656250 0.066406250 0.101562500 0.109375000 0.128906250 0.132812500 0.117187500 0.113281250 0.101562500 0.097656250 0.109375000 0.074218750 0.089843750 0.066406250 
0.089843750 0.660156250 1.253906250 0.695312500 1.593750000 0.433593750 4.800781250 28.566406250 4.781250000 5.054687500 4.859375000 4.468750000 8.816406250 15.371093750 29.546875000 6.550781250 4.230468750 11.453125000 1.832031250 8.273437500 22.550781250 13.781250000 3.496093750 2.007812500 4.058593750 1.085937500 1.082031250 5.394531250 4.421875000 1.082031250 1.035156250 1.015625000 0.542968750 0.378906250 3.082031250 2.195312500 2.078125000 2.957031250 1.046875000 0.949218750 0.281250000 3.476562500 1.929687500 1.023437500 0.851562500 0.757812500 0.832031250 3.167968750 7.234375000 0.410156250 1.292968750 2.062500000 1.175781250 0.222656250 0.242187500 0.632812500 0.253906250 0.519531250 0.250000000 0.292968750 0.367187500 1.085937500 1.207031250 0.144531250 0.449218750 0.738281250 0.363281250 0.210937500 0.792968750 0.589843750 0.449218750 0.757812500 0.683593750 0.519531250 0.164062500 0.414062500 0.273437500 0.031250000 0.320312500 0.296875000 0.035156250 0.199218750 0.101562500 0.156250000 0.019531250 0.160156250 0.027343750 0.113281250 0.070312500 0.277343750 0.164062500 0.097656250 0.347656250 0.187500000 0.140625000 0.179687500 0.066406250 0.132812500 0.148437500 0.113281250 0.070312500 0.042968750 0.070312500 0.242187500 0.078125000 0.046875000 0.066406250 0.121093750 0.023437500 0.226562500 0.261718750 0.132812500 0.328125000 0.417968750 0.132812500 0.113281250 0.480468750 0.187500000 0.355468750 0.187500000 0.195312500 0.136718750 0.121093750 0.082031250 0.042968750 0.070312500 0.093750000 0.019531250 0.015625000 0.066406250 0.042968750 0.039062500 0.011718750 0.027343750 0.035156250 0.023437500 0.007812500 0.023437500 0.019531250 0.035156250 0.027343750 0.042968750 0.039062500 0.007812500 0.042968750 0.031250000 0.031250000 0.023437500 0.011718750 0.011718750 0.113281250 0.105468750 0.039062500 0.062500000 0.019531250 0.015625000 0.000000000 0.007812500 0.015625000 0.031250000 0.035156250 0.015625000 0.031250000 0.027343750 0.007812500 0.031250000 0.007812500 0.003906250 0.023437500 0.007812500 0.039062500 0.023437500 0.007812500 0.011718750 0.031250000 0.031250000 0.046875000 0.035156250 0.046875000 0.050781250 0.031250000 0.023437500 0.039062500 0.011718750 0.027343750 0.015625000 0.035156250 0.015625000 0.031250000 0.015625000 0.042968750 0.058593750 0.027343750 0.015625000 0.027343750 0.023437500 0.027343750 0.035156250 0.011718750 0.011718750 0.031250000 0.035156250 0.011718750 0.015625000 0.035156250 0.011718750 0.039062500 0.027343750 0.035156250 0.023437500 0.031250000 0.011718750 0.031250000 0.015625000 0.011718750 0.023437500 0.023437500 0.019531250 0.023437500 0.003906250 0.007812500 0.015625000 0.007812500 0.027343750 0.007812500 0.039062500 0.035156250 0.015625000 0.035156250 0.007812500 0.019531250 0.015625000 0.027343750 0.050781250 0.011718750 0.003906250 0.031250000 0.015625000 0.023437500 0.019531250 0.015625000 0.042968750 0.015625000 0.015625000 0.023437500 0.011718750 0.031250000 0.031250000 0.054687500 0.015625000 0.050781250 0.023437500 0.011718750 0.007812500 0.011718750 0.031250000 0.066406250 
0.656250000 0.851562500 1.378906250 1.121093750 0.222656250 0.941406250 3.511718750 28.941406250 4.957031250 3.843750000 3.238281250 13.082031250 8.625000000 18.660156250 27.957031250 15.417968750 9.820312500 2.703125000 13.218750000 15.667968750 13.578125000 5.550781250 7.253906250 3.070312500 0.367187500 2.500000000 2.945312500 3.957031250 3.257812500 2.410156250 1.386718750 1.921875000 1.777343750 2.074218750 1.761718750 1.417968750 3.101562500 2.738281250 0.523437500 2.085937500 1.285156250 1.855468750 2.359375000 0.980468750 1.406250000 0.863281250 1.792968750 2.398437500 6.589843750 2.589843750 1.000000000 1.714843750 0.929687500 0.453125000 0.324218750 0.230468750 0.347656250 0.437500000 0.121093750 0.332031250 0.417968750 0.796875000 1.433593750 0.414062500 0.148437500 0.355468750 0.343750000 0.398437500 0.964843750 0.691406250 0.363281250 0.484375000 0.167968750 0.167968750 0.152343750 0.191406250 0.363281250 0.117187500 0.195312500 0.218750000 0.214843750 0.339843750 0.207031250 0.121093750 0.125000000 0.191406250 0.074218750 0.093750000 0.148437500 0.066406250 0.261718750 0.121093750 0.273437500 0.117187500 0.128906250 0.160156250 0.125000000 0.105468750 0.140625000 0.121093750 0.140625000 0.097656250 0.078125000 0.117187500 0.156250000 0.070312500 0.078125000 0.058593750 0.011718750 0.113281250 0.406250000 0.156250000 0.292968750 0.363281250 0.023437500 0.308593750 0.265625000 0.339843750 0.187500000 0.167968750 0.035156250 0.074218750 0.109375000 0.097656250 0.085937500 0.089843750 0.093750000 0.097656250 0.093750000 0.054687500 0.023437500 0.082031250 0.042968750 0.050781250 0.093750000 0.058593750 0.050781250 0.054687500 0.058593750 0.089843750 0.089843750 0.078125000 0.082031250 0.085937500 0.113281250 0.035156250 0.042968750 0.046875000 0.039062500 0.035156250 0.125000000 0.113281250 0.082031250 0.089843750 0.015625000 0.042968750 0.054687500 0.050781250 0.062500000 0.062500000 0.058593750 0.031250000 0.050781250 0.039062500 0.023437500 0.042968750 0.078125000 0.082031250 0.042968750 0.070312500 0.046875000 0.062500000 0.027343750 0.054687500 0.042968750 0.066406250 0.078125000 0.046875000 0.042968750 0.027343750 0.070312500 0.050781250 0.039062500 0.078125000 0.035156250 0.050781250 0.046875000 0.031250000 0.054687500 0.058593750 0.058593750 0.042968750 0.066406250 0.093750000 0.042968750 0.050781250 0.062500000 0.039062500 0.050781250 0.042968750 0.066406250 0.031250000 0.062500000 0.023437500 0.066406250 0.035156250 0.070312500 0.046875000 0.046875000 0.019531250 0.046875000 0.046875000 0.035156250 0.015625000 0.023437500 0.027343750 0.062500000 0.046875000 0.042968750 0.050781250 0.042968750 0.058593750 0.066406250 0.019531250 0.039062500 0.066406250 0.066406250 0.039062500 0.027343750 0.035156250 0.046875000 0.035156250 0.039062500 0.031250000 0.066406250 0.058593750 0.050781250 0.042968750 0.050781250 0.050781250 0.058593750 0.050781250 0.019531250 0.019531250 0.039062500 0.050781250 0.046875000 0.027343750 0.082031250 0.042968750 0.019531250 0.074218750 0.027343750 0.042968750 0.027343750 0.050781250 0.023437500 
0.066406250 0.453125000 0.933593750 0.398437500 1.433593750 2.894531250 4.574218750 31.519531250 4.027343750 3.683593750 2.453125000 13.308593750 8.335937500 13.117187500 31.054687500 12.921875000 7.511718750 11.675781250 18.566406250 11.898437500 4.441406250 9.972656250 2.960937500 3.488281250 2.457031250 3.039062500 2.609375000 1.144531250 3.402343750 1.828125000 1.546875000 2.089843750 1.023437500 1.210937500 0.207031250 0.640625000 2.390625000 4.964843750 2.343750000 1.339843750 1.812500000 0.117187500 0.878906250 1.203125000 1.785156250 0.437500000 0.859375000 2.808593750 4.542968750 1.406250000 1.269531250 1.855468750 0.578125000 0.109375000 0.292968750 0.363281250 0.414062500 0.582031250 0.300781250 0.324218750 0.726562500 0.386718750 1.027343750 0.421875000 0.917968750 0.750000000 0.406250000 0.316406250 0.757812500 0.562500000 0.289062500 0.613281250 0.074218750 0.132812500 0.121093750 0.019531250 0.160156250 0.121093750 0.039062500 0.128906250 0.171875000 0.187500000 0.066406250 0.062500000 0.171875000 0.136718750 0.089843750 0.089843750 0.082031250 0.136718750 0.164062500 0.078125000 0.164062500 0.007812500 0.050781250 0.042968750 0.058593750 0.011718750 0.046875000 0.136718750 0.074218750 0.058593750 0.039062500 0.152343750 0.128906250 0.066406250 0.066406250 0.093750000 0.089843750 0.082031250 0.320312500 0.015625000 0.179687500 0.257812500 0.160156250 0.117187500 0.125000000 0.160156250 0.121093750 0.027343750 0.050781250 0.144531250 0.050781250 0.066406250 0.054687500 0.054687500 0.062500000 0.078125000 0.082031250 0.039062500 0.058593750 0.050781250 0.070312500 0.019531250 0.054687500 0.089843750 0.050781250 0.054687500 0.027343750 0.054687500 0.039062500 0.042968750 0.050781250 0.027343750 0.066406250 0.058593750 0.078125000 0.093750000 0.089843750 0.019531250 0.226562500 0.050781250 0.015625000 0.066406250 0.050781250 0.035156250 0.058593750 0.027343750 0.042968750 0.050781250 0.027343750 0.035156250 0.035156250 0.035156250 0.035156250 0.054687500 0.066406250 0.054687500 0.031250000 0.054687500 0.035156250 0.062500000 0.031250000 0.019531250 0.042968750 0.023437500 0.042968750 0.039062500 0.039062500 0.042968750 0.050781250 0.054687500 0.054687500 0.042968750 0.035156250 0.011718750 0.007812500 0.031250000 0.058593750 0.039062500 0.019531250 0.031250000 0.042968750 0.046875000 0.007812500 0.039062500 0.035156250 0.035156250 0.035156250 0.027343750 0.042968750 0.054687500 0.058593750 0.031250000 0.023437500 0.054687500 0.035156250 0.046875000 0.015625000 0.039062500 0.046875000 0.031250000 0.023437500 0.011718750 0.070312500 0.042968750 0.031250000 0.011718750 0.039062500 0.031250000 0.035156250 0.035156250 0.093750000 0.035156250 0.054687500 0.019531250 0.066406250 0.027343750 0.027343750 0.046875000 0.007812500 0.054687500 0.046875000 0.042968750 0.031250000 0.066406250 0.015625000 0.039062500 0.039062500 0.046875000 0.046875000 0.027343750 0.023437500 0.050781250 0.042968750 0.039062500 0.023437500 0.054687500 0.054687500 0.027343750 0.062500000 0.085937500 0.019531250 0.027343750 0.027343750 0.031250000 0.089843750 
1.171875000 1.097656250 2.257812500 1.574218750 0.878906250 1.250000000 2.082031250 34.328125000 2.066406250 0.390625000 5.664062500 10.265625000 2.097656250 9.488281250 40.648437500 11.031250000 5.441406250 10.460937500 14.550781250 1.304687500 9.125000000 14.312500000 3.343750000 3.058593750 2.042968750 2.855468750 0.664062500 3.007812500 5.578125000 2.453125000 1.863281250 1.265625000 1.832031250 0.875000000 1.796875000 2.453125000 1.234375000 3.023437500 2.640625000 1.828125000 0.878906250 2.066406250 1.695312500 1.085937500 1.769531250 0.769531250 1.859375000 2.101562500 4.777343750 1.671875000 1.003906250 1.957031250 0.472656250 0.582031250 0.273437500 0.316406250 0.507812500 0.335937500 0.539062500 0.511718750 0.632812500 0.398437500 0.867187500 0.632812500 0.992187500 1.246093750 0.679687500 1.167968750 1.281250000 0.062500000 0.183593750 0.355468750 0.433593750 0.269531250 0.230468750 0.238281250 0.171875000 0.175781250 0.117187500 0.339843750 0.238281250 0.285156250 0.171875000 0.210937500 0.207031250 0.214843750 0.257812500 0.210937500 0.210937500 0.125000000 0.167968750 0.265625000 0.097656250 0.144531250 0.179687500 0.171875000 0.125000000 0.125000000 0.117187500 0.093750000 0.140625000 0.207031250 0.207031250 0.125000000 0.136718750 0.183593750 0.199218750 0.242187500 0.167968750 0.308593750 0.246093750 0.097656250 0.269531250 0.226562500 0.144531250 0.074218750 0.156250000 0.074218750 0.097656250 0.085937500 0.089843750 0.074218750 0.128906250 0.136718750 0.136718750 0.117187500 0.117187500 0.125000000 0.093750000 0.160156250 0.160156250 0.117187500 0.175781250 0.097656250 0.089843750 0.097656250 0.117187500 0.082031250 0.128906250 0.136718750 0.125000000 0.140625000 0.097656250 0.062500000 0.144531250 0.113281250 0.175781250 0.082031250 0.132812500 0.082031250 0.203125000 0.199218750 0.117187500 0.085937500 0.109375000 0.082031250 0.093750000 0.125000000 0.089843750 0.097656250 0.125000000 0.117187500 0.082031250 0.113281250 0.121093750 0.117187500 0.070312500 0.089843750 0.101562500 0.070312500 0.089843750 0.117187500 0.101562500 0.121093750 0.105468750 0.097656250 0.078125000 0.113281250 0.089843750 0.117187500 0.078125000 0.125000000 0.101562500 0.089843750 0.109375000 0.082031250 0.105468750 0.093750000 0.085937500 0.093750000 0.062500000 0.085937500 0.105468750 0.085937500 0.070312500 0.082031250 0.066406250 0.074218750 0.089843750 0.101562500 0.078125000 0.109375000 0.062500000 0.105468750 0.101562500 0.093750000 0.070312500 0.082031250 0.117187500 0.121093750 0.101562500 0.089843750 0.109375000 0.078125000 0.097656250 0.117187500 0.066406250 0.097656250 0.089843750 0.101562500 0.113281250 0.085937500 0.105468750 0.085937500 0.062500000 0.066406250 0.117187500 0.093750000 0.097656250 0.089843750 0.093750000 0.070312500 0.097656250 0.070312500 0.078125000 0.144531250 0.089843750 0.062500000 0.078125000 0.093750000 0.062500000 0.097656250 0.085937500 0.078125000 0.082031250 0.078125000 0.074218750 0.089843750 0.097656250 0.113281250 0.066406250 0.113281250 0.078125000 0.089843750 0.078125000 0.101562500 0.070312500 
3.007812500 2.972656250 3.824218750 2.746093750 3.343750000 4.589843750 9.136718750 31.796875000 5.367187500 4.210937500 5.050781250 8.964843750 6.023437500 18.964843750 29.503906250 5.675781250 2.093750000 9.027343750 9.328125000 2.035156250 12.335937500 11.718750000 6.511718750 3.468750000 2.535156250 2.078125000 1.687500000 5.214843750 3.988281250 2.800781250 2.308593750 2.351562500 1.136718750 0.746093750 3.402343750 0.480468750 1.316406250 2.308593750 2.890625000 1.578125000 1.265625000 3.949218750 0.222656250 0.761718750 0.550781250 0.230468750 0.542968750 1.800781250 4.906250000 1.246093750 1.292968750 0.804687500 1.453125000 1.222656250 1.070312500 1.378906250 1.128906250 1.171875000 1.085937500 0.480468750 0.445312500 2.093750000 0.738281250 0.937500000 1.121093750 1.519531250 0.531250000 0.914062500 2.101562500 0.996093750 0.929687500 0.945312500 0.855468750 0.648437500 0.609375000 0.714843750 0.683593750 0.628906250 0.503906250 0.707031250 0.593750000 0.664062500 0.574218750 0.585937500 0.523437500 0.574218750 0.535156250 0.578125000 0.617187500 0.507812500 0.539062500 0.566406250 0.542968750 0.546875000 0.515625000 0.511718750 0.484375000 0.488281250 0.468750000 0.500000000 0.437500000 0.488281250 0.410156250 0.406250000 0.433593750 0.492187500 0.433593750 0.593750000 0.554687500 0.378906250 0.480468750 0.296875000 0.339843750 0.277343750 0.429687500 0.437500000 0.343750000 0.390625000 0.402343750 0.472656250 0.386718750 0.406250000 0.367187500 0.359375000 0.371093750 0.375000000 0.367187500 0.363281250 0.386718750 0.390625000 0.394531250 0.359375000 0.363281250 0.320312500 0.378906250 0.332031250 0.359375000 0.363281250 0.312500000 0.320312500 0.320312500 0.339843750 0.367187500 0.347656250 0.316406250 0.289062500 0.382812500 0.343750000 0.335937500 0.367187500 0.203125000 0.238281250 0.304687500 0.300781250 0.308593750 0.292968750 0.285156250 0.269531250 0.277343750 0.285156250 0.265625000 0.312500000 0.281250000 0.289062500 0.312500000 0.300781250 0.300781250 0.285156250 0.308593750 0.292968750 0.289062500 0.304687500 0.308593750 0.265625000 0.265625000 0.273437500 0.273437500 0.261718750 0.277343750 0.250000000 0.269531250 0.292968750 0.253906250 0.277343750 0.273437500 0.273437500 0.269531250 0.265625000 0.226562500 0.246093750 0.257812500 0.265625000 0.253906250 0.238281250 0.257812500 0.253906250 0.230468750 0.250000000 0.269531250 0.265625000 0.250000000 0.257812500 0.269531250 0.265625000 0.281250000 0.261718750 0.269531250 0.277343750 0.250000000 0.273437500 0.261718750 0.292968750 0.277343750 0.250000000 0.234375000 0.250000000 0.214843750 0.277343750 0.261718750 0.242187500 0.226562500 0.289062500 0.226562500 0.238281250 0.246093750 0.242187500 0.269531250 0.261718750 0.257812500 0.230468750 0.261718750 0.242187500 0.257812500 0.250000000 0.246093750 0.277343750 0.238281250 0.285156250 0.214843750 0.230468750 0.277343750 0.250000000 0.257812500 0.269531250 0.250000000 0.214843750 0.253906250 0.230468750 0.242187500 0.226562500 0.257812500 0.265625000 0.257812500 0.222656250 0.250000000 0.277343750 0.250000000 
2.199218750 1.796875000 3.371093750 2.710937500 2.410156250 4.093750000 8.066406250 30.691406250 5.710937500 4.316406250 2.921875000 6.539062500 8.351562500 22.253906250 21.605468750 8.750000000 4.703125000 3.292968750 2.660156250 3.855468750 15.957031250 9.406250000 5.703125000 3.968750000 4.347656250 2.281250000 2.156250000 7.195312500 1.050781250 1.300781250 0.945312500 1.597656250 1.464843750 1.097656250 3.527343750 1.085937500 0.941406250 0.796875000 1.285156250 1.222656250 1.394531250 2.906250000 1.945312500 1.468750000 1.468750000 2.195312500 1.871093750 3.910156250 2.871093750 1.351562500 0.160156250 1.062500000 0.398437500 0.238281250 0.960937500 0.425781250 0.378906250 0.367187500 0.250000000 0.234375000 0.816406250 1.519531250 0.441406250 0.792968750 1.070312500 0.359375000 0.289062500 1.765625000 1.628906250 0.339843750 0.199218750 0.285156250 0.171875000 0.125000000 0.128906250 0.269531250 0.226562500 0.179687500 0.093750000 0.246093750 0.285156250 0.226562500 0.246093750 0.214843750 0.214843750 0.277343750 0.261718750 0.195312500 0.281250000 0.226562500 0.191406250 0.226562500 0.351562500 0.195312500 0.238281250 0.195312500 0.214843750 0.257812500 0.265625000 0.195312500 0.218750000 0.242187500 0.183593750 0.187500000 0.203125000 0.242187500 0.207031250 0.285156250 0.132812500 0.234375000 0.281250000 0.164062500 0.144531250 0.140625000 0.234375000 0.179687500 0.164062500 0.234375000 0.234375000 0.214843750 0.179687500 0.164062500 0.218750000 0.167968750 0.167968750 0.199218750 0.199218750 0.175781250 0.187500000 0.210937500 0.203125000 0.195312500 0.164062500 0.148437500 0.140625000 0.218750000 0.179687500 0.156250000 0.222656250 0.160156250 0.175781250 0.136718750 0.195312500 0.160156250 0.156250000 0.167968750 0.191406250 0.191406250 0.183593750 0.218750000 0.187500000 0.144531250 0.183593750 0.171875000 0.156250000 0.183593750 0.164062500 0.183593750 0.152343750 0.167968750 0.203125000 0.160156250 0.136718750 0.140625000 0.160156250 0.167968750 0.148437500 0.132812500 0.148437500 0.144531250 0.164062500 0.179687500 0.128906250 0.167968750 0.156250000 0.140625000 0.160156250 0.136718750 0.167968750 0.152343750 0.140625000 0.152343750 0.171875000 0.140625000 0.132812500 0.148437500 0.148437500 0.156250000 0.152343750 0.164062500 0.175781250 0.164062500 0.152343750 0.121093750 0.160156250 0.148437500 0.152343750 0.167968750 0.164062500 0.140625000 0.152343750 0.148437500 0.148437500 0.117187500 0.132812500 0.140625000 0.160156250 0.152343750 0.132812500 0.113281250 0.128906250 0.105468750 0.164062500 0.148437500 0.152343750 0.136718750 0.132812500 0.136718750 0.121093750 0.121093750 0.144531250 0.109375000 0.105468750 0.121093750 0.144531250 0.136718750 0.148437500 0.125000000 0.136718750 0.113281250 0.132812500 0.175781250 0.144531250 0.140625000 0.148437500 0.152343750 0.156250000 0.125000000 0.136718750 0.132812500 0.101562500 0.121093750 0.140625000 0.128906250 0.179687500 0.113281250 0.136718750 0.152343750 0.136718750 0.125000000 0.121093750 0.121093750 0.128906250 0.152343750 0.136718750 0.152343750 0.144531250 
0.914062500 0.996093750 2.144531250 1.886718750 2.007812500 2.113281250 5.312500000 29.937500000 7.539062500 4.242187500 4.425781250 5.988281250 8.230468750 20.066406250 18.820312500 6.605468750 4.257812500 2.988281250 2.921875000 3.574218750 17.023437500 10.234375000 2.234375000 2.292968750 3.714843750 1.542968750 1.890625000 6.972656250 0.867187500 0.847656250 1.035156250 0.628906250 0.933593750 0.683593750 2.515625000 0.570312500 0.511718750 0.867187500 0.515625000 0.453125000 0.757812500 2.691406250 1.148437500 0.980468750 0.523437500 1.980468750 1.742187500 3.347656250 4.257812500 1.175781250 0.394531250 0.761718750 0.347656250 0.550781250 1.207031250 0.273437500 0.398437500 0.476562500 0.210937500 0.355468750 0.242187500 1.957031250 0.570312500 0.335937500 0.808593750 0.382812500 0.578125000 0.812500000 1.968750000 0.382812500 0.101562500 0.195312500 0.125000000 0.039062500 0.093750000 0.132812500 0.210937500 0.121093750 0.195312500 0.140625000 0.187500000 0.210937500 0.078125000 0.117187500 0.113281250 0.082031250 0.132812500 0.093750000 0.058593750 0.085937500 0.085937500 0.132812500 0.078125000 0.039062500 0.035156250 0.101562500 0.082031250 0.097656250 0.078125000 0.125000000 0.113281250 0.164062500 0.121093750 0.039062500 0.101562500 0.121093750 0.046875000 0.105468750 0.191406250 0.101562500 0.109375000 0.113281250 0.093750000 0.144531250 0.070312500 0.089843750 0.121093750 0.089843750 0.109375000 0.105468750 0.097656250 0.101562500 0.121093750 0.117187500 0.078125000 0.105468750 0.074218750 0.101562500 0.093750000 0.089843750 0.093750000 0.105468750 0.070312500 0.097656250 0.078125000 0.101562500 0.097656250 0.097656250 0.128906250 0.082031250 0.078125000 0.054687500 0.101562500 0.109375000 0.082031250 0.089843750 0.093750000 0.097656250 0.105468750 0.132812500 0.050781250 0.058593750 0.062500000 0.066406250 0.070312500 0.062500000 0.085937500 0.093750000 0.082031250 0.070312500 0.105468750 0.058593750 0.089843750 0.054687500 0.101562500 0.054687500 0.070312500 0.066406250 0.109375000 0.082031250 0.078125000 0.046875000 0.097656250 0.105468750 0.082031250 0.089843750 0.066406250 0.070312500 0.093750000 0.085937500 0.078125000 0.082031250 0.085937500 0.074218750 0.089843750 0.054687500 0.066406250 0.062500000 0.035156250 0.085937500 0.054687500 0.113281250 0.078125000 0.042968750 0.023437500 0.070312500 0.054687500 0.046875000 0.113281250 0.070312500 0.066406250 0.101562500 0.085937500 0.097656250 0.089843750 0.070312500 0.058593750 0.105468750 0.046875000 0.074218750 0.062500000 0.050781250 0.117187500 0.058593750 0.078125000 0.085937500 0.058593750 0.093750000 0.046875000 0.078125000 0.042968750 0.058593750 0.085937500 0.058593750 0.082031250 0.066406250 0.062500000 0.042968750 0.070312500 0.085937500 0.054687500 0.082031250 0.054687500 0.054687500 0.062500000 0.082031250 0.089843750 0.082031250 0.039062500 0.078125000 0.058593750 0.074218750 0.046875000 0.058593750 0.062500000 0.082031250 0.109375000 0.082031250 0.062500000 0.066406250 0.078125000 0.082031250 0.039062500 0.062500000 0.066406250 0.085937500 0.085937500 
0.000000000 1.214843750 1.148437500 0.449218750 1.335937500 1.574218750 6.058593750 29.109375000 6.492187500 4.515625000 4.402343750 4.894531250 6.660156250 16.527343750 20.359375000 6.414062500 4.593750000 3.371093750 1.238281250 4.523437500 16.195312500 9.019531250 4.007812500 1.253906250 2.207031250 1.503906250 1.378906250 6.320312500 1.003906250 0.726562500 0.667968750 0.382812500 0.156250000 0.425781250 2.824218750 0.109375000 0.218750000 0.546875000 0.582031250 0.488281250 0.296875000 1.785156250 0.828125000 0.445312500 0.507812500 0.621093750 0.769531250 2.308593750 5.519531250 0.640625000 0.707031250 0.585937500 0.328125000 0.667968750 0.628906250 0.988281250 0.691406250 0.132812500 0.531250000 0.515625000 0.757812500 2.562500000 0.203125000 0.437500000 0.851562500 0.304687500 0.136718750 0.332031250 1.585937500 0.269531250 0.187500000 0.355468750 0.019531250 0.105468750 0.148437500 0.093750000 0.191406250 0.148437500 0.125000000 0.148437500 0.039062500 0.175781250 0.046875000 0.042968750 0.058593750 0.050781250 0.058593750 0.062500000 0.046875000 0.105468750 0.109375000 0.128906250 0.093750000 0.140625000 0.042968750 0.144531250 0.125000000 0.074218750 0.105468750 0.046875000 0.066406250 0.136718750 0.062500000 0.039062500 0.062500000 0.105468750 0.085937500 0.046875000 0.054687500 0.105468750 0.097656250 0.101562500 0.128906250 0.078125000 0.082031250 0.085937500 0.042968750 0.054687500 0.105468750 0.082031250 0.070312500 0.058593750 0.058593750 0.078125000 0.058593750 0.054687500 0.042968750 0.070312500 0.078125000 0.078125000 0.082031250 0.058593750 0.082031250 0.082031250 0.074218750 0.062500000 0.058593750 0.058593750 0.093750000 0.046875000 0.070312500 0.074218750 0.078125000 0.074218750 0.078125000 0.062500000 0.082031250 0.058593750 0.046875000 0.093750000 0.082031250 0.074218750 0.058593750 0.066406250 0.054687500 0.031250000 0.058593750 0.066406250 0.050781250 0.027343750 0.039062500 0.054687500 0.050781250 0.066406250 0.070312500 0.035156250 0.023437500 0.027343750 0.085937500 0.019531250 0.023437500 0.027343750 0.062500000 0.019531250 0.035156250 0.035156250 0.078125000 0.019531250 0.078125000 0.046875000 0.054687500 0.066406250 0.062500000 0.054687500 0.054687500 0.042968750 0.042968750 0.035156250 0.054687500 0.023437500 0.023437500 0.066406250 0.062500000 0.054687500 0.019531250 0.035156250 0.035156250 0.031250000 0.062500000 0.058593750 0.050781250 0.062500000 0.070312500 0.078125000 0.039062500 0.050781250 0.054687500 0.054687500 0.062500000 0.050781250 0.050781250 0.074218750 0.101562500 0.039062500 0.046875000 0.062500000 0.066406250 0.062500000 0.054687500 0.039062500 0.054687500 0.039062500 0.054687500 0.027343750 0.035156250 0.050781250 0.046875000 0.042968750 0.003906250 0.039062500 0.054687500 0.074218750 0.019531250 0.039062500 0.031250000 0.054687500 0.062500000 0.019531250 0.035156250 0.082031250 0.062500000 0.050781250 0.054687500 0.054687500 0.074218750 0.054687500 0.027343750 0.074218750 0.027343750 0.023437500 0.015625000 0.054687500 0.058593750 0.058593750 0.019531250 0.062500000 0.023437500 
0.101562500 0.847656250 1.515625000 1.351562500 0.597656250 3.636718750 5.937500000 28.722656250 4.878906250 3.957031250 3.179687500 3.070312500 7.011718750 17.382812500 18.457031250 5.753906250 4.644531250 3.296875000 3.246093750 3.574218750 14.101562500 6.644531250 1.308593750 1.054687500 0.968750000 0.953125000 0.230468750 5.750000000 0.308593750 0.343750000 0.429687500 0.144531250 0.171875000 0.183593750 2.507812500 0.550781250 0.250000000 0.621093750 0.226562500 0.539062500 0.632812500 1.292968750 0.289062500 0.703125000 0.175781250 0.164062500 0.878906250 2.250000000 4.550781250 0.937500000 1.203125000 0.859375000 0.433593750 0.855468750 1.101562500 0.660156250 0.464843750 0.187500000 0.320312500 0.417968750 0.250000000 2.695312500 0.781250000 0.457031250 0.457031250 0.203125000 0.230468750 0.328125000 1.507812500 0.328125000 0.296875000 0.273437500 0.031250000 0.214843750 0.195312500 0.062500000 0.105468750 0.128906250 0.101562500 0.113281250 0.175781250 0.128906250 0.035156250 0.085937500 0.070312500 0.058593750 0.054687500 0.054687500 0.070312500 0.121093750 0.074218750 0.085937500 0.093750000 0.062500000 0.097656250 0.152343750 0.046875000 0.097656250 0.093750000 0.062500000 0.050781250 0.101562500 0.132812500 0.062500000 0.062500000 0.035156250 0.070312500 0.035156250 0.058593750 0.031250000 0.058593750 0.085937500 0.027343750 0.031250000 0.078125000 0.019531250 0.046875000 0.054687500 0.074218750 0.062500000 0.039062500 0.035156250 0.039062500 0.042968750 0.058593750 0.042968750 0.023437500 0.054687500 0.042968750 0.054687500 0.070312500 0.070312500 0.074218750 0.031250000 0.054687500 0.078125000 0.027343750 0.054687500 0.007812500 0.042968750 0.042968750 0.046875000 0.050781250 0.039062500 0.023437500 0.046875000 0.031250000 0.035156250 0.058593750 0.054687500 0.023437500 0.058593750 0.046875000 0.027343750 0.054687500 0.027343750 0.039062500 0.035156250 0.070312500 0.019531250 0.031250000 0.054687500 0.007812500 0.046875000 0.039062500 0.050781250 0.011718750 0.062500000 0.070312500 0.035156250 0.019531250 0.019531250 0.023437500 0.066406250 0.019531250 0.027343750 0.019531250 0.031250000 0.074218750 0.023437500 0.035156250 0.078125000 0.039062500 0.054687500 0.035156250 0.046875000 0.035156250 0.011718750 0.042968750 0.031250000 0.023437500 0.050781250 0.050781250 0.082031250 0.035156250 0.023437500 0.035156250 0.046875000 0.011718750 0.015625000 0.050781250 0.015625000 0.007812500 0.054687500 0.019531250 0.011718750 0.027343750 0.050781250 0.058593750 0.039062500 0.046875000 0.019531250 0.031250000 0.042968750 0.027343750 0.011718750 0.078125000 0.003906250 0.050781250 0.003906250 0.035156250 0.031250000 0.015625000 0.023437500 0.031250000 0.023437500 0.003906250 0.011718750 0.023437500 0.035156250 0.058593750 0.027343750 0.015625000 0.050781250 0.035156250 0.031250000 0.031250000 0.054687500 0.007812500 0.042968750 0.042968750 0.031250000 0.035156250 0.015625000 0.050781250 0.039062500 0.054687500 0.035156250 0.023437500 0.031250000 0.058593750 0.023437500 0.054687500 0.027343750 0.027343750 0.039062500 0.046875000 
1.589843750 1.269531250 1.058593750 1.222656250 2.105468750 1.515625000 6.523437500 27.261718750 4.878906250 3.476562500 3.460937500 5.722656250 4.691406250 18.261718750 15.109375000 4.371093750 1.535156250 1.519531250 3.644531250 3.144531250 11.007812500 5.050781250 1.230468750 0.292968750 0.164062500 0.386718750 0.859375000 4.390625000 1.125000000 0.644531250 0.339843750 0.093750000 0.191406250 0.417968750 1.738281250 0.562500000 0.507812500 0.480468750 0.125000000 0.093750000 0.769531250 0.886718750 0.121093750 0.285156250 0.500000000 0.160156250 0.253906250 1.839843750 3.140625000 1.285156250 0.187500000 0.730468750 0.238281250 0.050781250 1.246093750 0.460937500 0.269531250 0.261718750 0.449218750 0.140625000 0.472656250 2.628906250 0.539062500 0.988281250 0.773437500 0.269531250 0.195312500 0.675781250 0.980468750 0.300781250 0.191406250 0.183593750 0.113281250 0.089843750 0.101562500 0.082031250 0.039062500 0.054687500 0.027343750 0.117187500 0.105468750 0.042968750 0.105468750 0.066406250 0.046875000 0.042968750 0.046875000 0.070312500 0.144531250 0.074218750 0.078125000 0.074218750 0.031250000 0.042968750 0.039062500 0.078125000 0.035156250 0.027343750 0.011718750 0.019531250 0.042968750 0.042968750 0.011718750 0.027343750 0.011718750 0.019531250 0.023437500 0.042968750 0.031250000 0.027343750 0.019531250 0.042968750 0.023437500 0.015625000 0.027343750 0.011718750 0.019531250 0.031250000 0.042968750 0.023437500 0.046875000 0.023437500 0.007812500 0.031250000 0.027343750 0.031250000 0.046875000 0.015625000 0.015625000 0.015625000 0.031250000 0.027343750 0.042968750 0.023437500 0.023437500 0.035156250 0.027343750 0.050781250 0.015625000 0.015625000 0.027343750 0.031250000 0.023437500 0.027343750 0.011718750 0.011718750 0.015625000 0.039062500 0.015625000 0.027343750 0.046875000 0.039062500 0.011718750 0.050781250 0.042968750 0.031250000 0.035156250 0.031250000 0.031250000 0.011718750 0.007812500 0.015625000 0.039062500 0.027343750 0.019531250 0.066406250 0.023437500 0.011718750 0.003906250 0.015625000 0.015625000 0.035156250 0.019531250 0.027343750 0.042968750 0.031250000 0.023437500 0.015625000 0.019531250 0.015625000 0.054687500 0.046875000 0.003906250 0.019531250 0.011718750 0.015625000 0.007812500 0.027343750 0.023437500 0.019531250 0.019531250 0.035156250 0.027343750 0.015625000 0.035156250 0.011718750 0.019531250 0.019531250 0.023437500 0.019531250 0.015625000 0.035156250 0.019531250 0.031250000 0.023437500 0.023437500 0.050781250 0.019531250 0.066406250 0.019531250 0.019531250 0.031250000 0.035156250 0.023437500 0.023437500 0.023437500 0.031250000 0.039062500 0.050781250 0.027343750 0.011718750 0.011718750 0.035156250 0.027343750 0.046875000 0.019531250 0.042968750 0.007812500 0.007812500 0.035156250 0.042968750 0.035156250 0.027343750 0.027343750 0.011718750 0.027343750 0.027343750 0.042968750 0.019531250 0.023437500 0.011718750 0.019531250 0.015625000 0.027343750 0.027343750 0.023437500 0.019531250 0.015625000 0.046875000 0.019531250 0.042968750 0.023437500 0.031250000 0.031250000 0.023437500 0.019531250 0.027343750 
1.339843750 0.738281250 1.789062500 1.375000000 1.859375000 2.714843750 6.539062500 25.070312500 2.359375000 0.847656250 4.875000000 8.363281250 4.476562500 11.609375000 13.800781250 1.621093750 1.433593750 2.492187500 3.843750000 2.359375000 6.824218750 3.058593750 0.679687500 0.773437500 1.015625000 1.109375000 1.253906250 2.570312500 1.886718750 0.488281250 0.457031250 0.183593750 0.066406250 0.250000000 0.875000000 0.667968750 0.300781250 0.261718750 0.191406250 0.250000000 0.480468750 0.695312500 0.320312500 0.203125000 0.375000000 0.277343750 0.703125000 0.644531250 2.242187500 0.523437500 0.691406250 0.878906250 0.613281250 0.496093750 1.019531250 0.644531250 0.328125000 0.542968750 0.226562500 0.929687500 1.609375000 1.460937500 0.996093750 1.304687500 0.320312500 0.253906250 0.429687500 0.621093750 0.515625000 0.156250000 0.093750000 0.093750000 0.093750000 0.078125000 0.140625000 0.117187500 0.101562500 0.109375000 0.132812500 0.117187500 0.187500000 0.121093750 0.058593750 0.125000000 0.105468750 0.113281250 0.101562500 0.074218750 0.246093750 0.066406250 0.105468750 0.089843750 0.199218750 0.148437500 0.105468750 0.074218750 0.085937500 0.042968750 0.074218750 0.093750000 0.113281250 0.089843750 0.097656250 0.089843750 0.082031250 0.074218750 0.085937500 0.082031250 0.093750000 0.062500000 0.054687500 0.035156250 0.070312500 0.074218750 0.058593750 0.085937500 0.085937500 0.093750000 0.093750000 0.093750000 0.039062500 0.089843750 0.082031250 0.062500000 0.031250000 0.078125000 0.054687500 0.089843750 0.085937500 0.066406250 0.089843750 0.078125000 0.082031250 0.070312500 0.074218750 0.066406250 0.085937500 0.054687500 0.031250000 0.085937500 0.046875000 0.074218750 0.054687500 0.039062500 0.050781250 0.093750000 0.082031250 0.046875000 0.078125000 0.054687500 0.070312500 0.054687500 0.074218750 0.097656250 0.066406250 0.039062500 0.062500000 0.089843750 0.078125000 0.042968750 0.046875000 0.058593750 0.062500000 0.046875000 0.035156250 0.023437500 0.062500000 0.054687500 0.058593750 0.046875000 0.058593750 0.042968750 0.066406250 0.042968750 0.054687500 0.039062500 0.035156250 0.042968750 0.046875000 0.062500000 0.062500000 0.105468750 0.054687500 0.050781250 0.074218750 0.050781250 0.050781250 0.074218750 0.042968750 0.054687500 0.046875000 0.046875000 0.062500000 0.039062500 0.031250000 0.054687500 0.062500000 0.042968750 0.066406250 0.046875000 0.050781250 0.066406250 0.062500000 0.082031250 0.039062500 0.054687500 0.023437500 0.054687500 0.082031250 0.019531250 0.031250000 0.058593750 0.039062500 0.042968750 0.054687500 0.054687500 0.050781250 0.078125000 0.050781250 0.066406250 0.050781250 0.042968750 0.078125000 0.050781250 0.101562500 0.062500000 0.062500000 0.042968750 0.054687500 0.089843750 0.066406250 0.062500000 0.039062500 0.046875000 0.027343750 0.019531250 0.031250000 0.046875000 0.042968750 0.039062500 0.035156250 0.042968750 0.046875000 0.031250000 0.046875000 0.054687500 0.035156250 0.027343750 0.039062500 0.062500000 0.058593750 0.070312500 0.058593750 0.070312500 0.050781250 0.027343750 0.066406250 
1.492187500 1.574218750 1.144531250 0.335937500 0.972656250 2.117187500 5.566406250 24.585937500 3.742187500 6.265625000 3.109375000 5.015625000 8.191406250 5.539062500 6.625000000 3.484375000 0.535156250 2.289062500 2.210937500 1.609375000 2.589843750 0.691406250 1.253906250 0.859375000 0.750000000 1.085937500 0.378906250 0.261718750 0.640625000 0.550781250 0.703125000 0.593750000 0.507812500 0.519531250 0.437500000 0.359375000 0.175781250 0.289062500 0.214843750 0.308593750 0.363281250 0.082031250 0.339843750 0.089843750 0.496093750 0.390625000 0.738281250 0.179687500 1.437500000 0.515625000 0.382812500 0.585937500 0.269531250 0.445312500 0.406250000 0.457031250 0.171875000 0.136718750 0.253906250 0.546875000 1.250000000 0.308593750 0.953125000 1.253906250 0.292968750 0.121093750 0.097656250 0.175781250 0.386718750 0.105468750 0.054687500 0.074218750 0.046875000 0.097656250 0.070312500 0.019531250 0.042968750 0.039062500 0.066406250 0.097656250 0.136718750 0.054687500 0.082031250 0.046875000 0.070312500 0.015625000 0.035156250 0.027343750 0.144531250 0.113281250 0.113281250 0.093750000 0.109375000 0.105468750 0.074218750 0.039062500 0.062500000 0.074218750 0.050781250 0.042968750 0.042968750 0.042968750 0.066406250 0.070312500 0.050781250 0.058593750 0.039062500 0.039062500 0.035156250 0.003906250 0.039062500 0.066406250 0.046875000 0.054687500 0.058593750 0.035156250 0.066406250 0.046875000 0.062500000 0.035156250 0.085937500 0.058593750 0.054687500 0.054687500 0.058593750 0.062500000 0.039062500 0.011718750 0.054687500 0.042968750 0.035156250 0.031250000 0.058593750 0.042968750 0.046875000 0.039062500 0.046875000 0.031250000 0.042968750 0.015625000 0.046875000 0.039062500 0.066406250 0.062500000 0.042968750 0.058593750 0.039062500 0.039062500 0.035156250 0.039062500 0.074218750 0.027343750 0.019531250 0.062500000 0.023437500 0.042968750 0.007812500 0.042968750 0.023437500 0.066406250 0.046875000 0.046875000 0.015625000 0.035156250 0.046875000 0.062500000 0.062500000 0.035156250 0.031250000 0.050781250 0.070312500 0.039062500 0.050781250 0.039062500 0.046875000 0.042968750 0.027343750 0.050781250 0.046875000 0.042968750 0.015625000 0.015625000 0.035156250 0.042968750 0.011718750 0.023437500 0.062500000 0.031250000 0.058593750 0.023437500 0.027343750 0.066406250 0.027343750 0.035156250 0.027343750 0.042968750 0.039062500 0.046875000 0.058593750 0.066406250 0.062500000 0.007812500 0.050781250 0.011718750 0.042968750 0.039062500 0.046875000 0.019531250 0.050781250 0.054687500 0.027343750 0.042968750 0.050781250 0.066406250 0.031250000 0.050781250 0.031250000 0.027343750 0.031250000 0.031250000 0.035156250 0.031250000 0.015625000 0.015625000 0.066406250 0.023437500 0.015625000 0.019531250 0.054687500 0.023437500 0.046875000 0.039062500 0.035156250 0.046875000 0.015625000 0.054687500 0.015625000 0.015625000 0.050781250 0.046875000 0.023437500 0.035156250 0.027343750 0.035156250 0.046875000 0.046875000 0.035156250 0.031250000 0.023437500 0.035156250 0.027343750 0.019531250 0.050781250 0.050781250 0.050781250 0.058593750 0.039062500 
2.148437500 2.066406250 3.339843750 2.203125000 3.824218750 3.757812500 6.082031250 20.917968750 9.593750000 6.753906250 3.867187500 1.937500000 7.773437500 1.945312500 0.667968750 2.050781250 1.175781250 1.996093750 3.171875000 1.464843750 1.093750000 2.363281250 1.027343750 0.730468750 0.101562500 0.464843750 0.796875000 0.667968750 0.554687500 0.378906250 0.558593750 0.414062500 0.496093750 0.429687500 0.523437500 0.292968750 0.351562500 0.343750000 0.363281250 0.347656250 0.453125000 0.468750000 0.542968750 0.269531250 0.289062500 0.441406250 0.562500000 0.574218750 0.730468750 0.093750000 0.175781250 0.472656250 0.359375000 0.335937500 0.464843750 0.281250000 0.128906250 0.371093750 0.226562500 0.312500000 0.632812500 0.734375000 0.480468750 0.710937500 0.429687500 0.054687500 0.078125000 0.027343750 0.265625000 0.222656250 0.214843750 0.234375000 0.156250000 0.218750000 0.144531250 0.128906250 0.136718750 0.113281250 0.203125000 0.125000000 0.093750000 0.140625000 0.113281250 0.167968750 0.160156250 0.097656250 0.113281250 0.105468750 0.054687500 0.148437500 0.093750000 0.156250000 0.210937500 0.156250000 0.144531250 0.113281250 0.132812500 0.097656250 0.085937500 0.113281250 0.136718750 0.109375000 0.144531250 0.128906250 0.121093750 0.109375000 0.136718750 0.097656250 0.097656250 0.128906250 0.070312500 0.128906250 0.125000000 0.113281250 0.105468750 0.125000000 0.082031250 0.085937500 0.070312500 0.113281250 0.136718750 0.105468750 0.097656250 0.082031250 0.062500000 0.082031250 0.093750000 0.089843750 0.070312500 0.082031250 0.074218750 0.109375000 0.089843750 0.082031250 0.105468750 0.097656250 0.093750000 0.062500000 0.074218750 0.089843750 0.093750000 0.074218750 0.093750000 0.082031250 0.066406250 0.113281250 0.097656250 0.066406250 0.105468750 0.121093750 0.082031250 0.105468750 0.070312500 0.097656250 0.105468750 0.066406250 0.082031250 0.078125000 0.042968750 0.089843750 0.066406250 0.082031250 0.058593750 0.082031250 0.062500000 0.074218750 0.058593750 0.101562500 0.085937500 0.074218750 0.058593750 0.085937500 0.078125000 0.058593750 0.097656250 0.054687500 0.097656250 0.062500000 0.054687500 0.058593750 0.089843750 0.070312500 0.066406250 0.078125000 0.031250000 0.085937500 0.035156250 0.089843750 0.054687500 0.070312500 0.046875000 0.078125000 0.085937500 0.062500000 0.078125000 0.089843750 0.070312500 0.078125000 0.058593750 0.074218750 0.128906250 0.082031250 0.050781250 0.050781250 0.062500000 0.085937500 0.054687500 0.042968750 0.042968750 0.058593750 0.054687500 0.066406250 0.035156250 0.097656250 0.066406250 0.089843750 0.082031250 0.093750000 0.035156250 0.062500000 0.050781250 0.050781250 0.066406250 0.078125000 0.042968750 0.070312500 0.062500000 0.070312500 0.042968750 0.058593750 0.027343750 0.097656250 0.082031250 0.085937500 0.078125000 0.097656250 0.054687500 0.078125000 0.093750000 0.078125000 0.078125000 0.062500000 0.066406250 0.046875000 0.058593750 0.074218750 0.082031250 0.082031250 0.062500000 0.089843750 0.039062500 0.050781250 0.078125000 0.058593750 0.066406250 0.046875000 0.070312500 
0.785156250 1.730468750 3.074218750 1.792968750 2.609375000 1.792968750 3.476562500 13.984375000 16.949218750 3.003906250 2.824218750 7.496093750 1.398437500 2.714843750 3.007812500 1.773437500 1.398437500 0.996093750 1.265625000 0.937500000 0.796875000 1.386718750 0.992187500 0.847656250 0.765625000 0.468750000 0.527343750 0.605468750 0.617187500 0.464843750 0.410156250 0.472656250 0.390625000 0.425781250 0.351562500 0.300781250 0.308593750 0.367187500 0.332031250 0.320312500 0.328125000 0.234375000 0.335937500 0.316406250 0.152343750 0.296875000 0.144531250 0.257812500 0.136718750 0.394531250 0.230468750 0.417968750 0.304687500 0.296875000 0.488281250 0.269531250 0.281250000 0.164062500 0.308593750 0.191406250 0.398437500 0.351562500 0.328125000 0.328125000 0.082031250 0.050781250 0.140625000 0.097656250 0.042968750 0.179687500 0.128906250 0.171875000 0.156250000 0.105468750 0.136718750 0.132812500 0.171875000 0.140625000 0.183593750 0.136718750 0.109375000 0.105468750 0.140625000 0.175781250 0.136718750 0.160156250 0.109375000 0.140625000 0.171875000 0.156250000 0.132812500 0.109375000 0.136718750 0.148437500 0.097656250 0.128906250 0.128906250 0.128906250 0.117187500 0.093750000 0.125000000 0.121093750 0.132812500 0.109375000 0.097656250 0.105468750 0.144531250 0.125000000 0.093750000 0.101562500 0.148437500 0.105468750 0.125000000 0.085937500 0.101562500 0.105468750 0.082031250 0.101562500 0.062500000 0.093750000 0.093750000 0.121093750 0.066406250 0.113281250 0.125000000 0.101562500 0.074218750 0.082031250 0.109375000 0.117187500 0.097656250 0.082031250 0.085937500 0.089843750 0.093750000 0.089843750 0.070312500 0.082031250 0.078125000 0.082031250 0.101562500 0.085937500 0.113281250 0.082031250 0.062500000 0.105468750 0.078125000 0.070312500 0.117187500 0.070312500 0.070312500 0.082031250 0.109375000 0.109375000 0.066406250 0.121093750 0.085937500 0.089843750 0.105468750 0.089843750 0.046875000 0.058593750 0.105468750 0.097656250 0.078125000 0.070312500 0.062500000 0.113281250 0.066406250 0.074218750 0.074218750 0.058593750 0.089843750 0.074218750 0.105468750 0.097656250 0.085937500 0.078125000 0.101562500 0.054687500 0.074218750 0.074218750 0.078125000 0.074218750 0.097656250 0.085937500 0.074218750 0.054687500 0.085937500 0.085937500 0.109375000 0.070312500 0.093750000 0.113281250 0.070312500 0.101562500 0.074218750 0.066406250 0.054687500 0.113281250 0.039062500 0.078125000 0.046875000 0.078125000 0.078125000 0.093750000 0.085937500 0.089843750 0.042968750 0.089843750 0.093750000 0.082031250 0.113281250 0.066406250 0.070312500 0.105468750 0.070312500 0.066406250 0.019531250 0.054687500 0.058593750 0.050781250 0.082031250 0.066406250 0.054687500 0.050781250 0.078125000 0.082031250 0.078125000 0.058593750 0.027343750 0.078125000 0.101562500 0.113281250 0.082031250 0.066406250 0.082031250 0.089843750 0.085937500 0.097656250 0.074218750 0.066406250 0.089843750 0.074218750 0.109375000 0.058593750 0.066406250 0.058593750 0.105468750 0.062500000 0.039062500 0.074218750 0.074218750 0.050781250 0.082031250 0.078125000 0.074218750 
0.394531250 0.687500000 1.492187500 1.085937500 1.902343750 1.062500000 1.574218750 7.761718750 15.921875000 7.847656250 9.156250000 4.437500000 0.609375000 2.699218750 1.847656250 1.605468750 0.867187500 0.343750000 2.824218750 0.777343750 1.101562500 0.992187500 0.445312500 0.667968750 0.550781250 0.519531250 0.429687500 0.429687500 0.285156250 0.359375000 0.273437500 0.226562500 0.289062500 0.296875000 0.351562500 0.269531250 0.257812500 0.308593750 0.238281250 0.179687500 0.269531250 0.242187500 0.257812500 0.191406250 0.214843750 0.171875000 0.078125000 0.300781250 0.480468750 0.226562500 0.121093750 0.210937500 0.148437500 0.136718750 0.046875000 0.183593750 0.152343750 0.222656250 0.105468750 0.039062500 0.062500000 0.160156250 0.214843750 0.191406250 0.226562500 0.074218750 0.113281250 0.105468750 0.136718750 0.175781250 0.125000000 0.187500000 0.136718750 0.132812500 0.085937500 0.074218750 0.085937500 0.046875000 0.148437500 0.089843750 0.082031250 0.054687500 0.117187500 0.078125000 0.128906250 0.101562500 0.136718750 0.089843750 0.113281250 0.097656250 0.054687500 0.058593750 0.117187500 0.046875000 0.113281250 0.113281250 0.101562500 0.093750000 0.054687500 0.105468750 0.089843750 0.070312500 0.082031250 0.113281250 0.097656250 0.117187500 0.125000000 0.128906250 0.078125000 0.097656250 0.082031250 0.097656250 0.070312500 0.093750000 0.082031250 0.085937500 0.078125000 0.109375000 0.097656250 0.050781250 0.058593750 0.046875000 0.097656250 0.089843750 0.082031250 0.062500000 0.050781250 0.074218750 0.035156250 0.082031250 0.046875000 0.097656250 0.062500000 0.050781250 0.089843750 0.070312500 0.054687500 0.074218750 0.062500000 0.039062500 0.085937500 0.062500000 0.093750000 0.089843750 0.105468750 0.089843750 0.062500000 0.101562500 0.089843750 0.054687500 0.082031250 0.070312500 0.078125000 0.050781250 0.093750000 0.085937500 0.039062500 0.050781250 0.078125000 0.085937500 0.175781250 0.085937500 0.101562500 0.070312500 0.097656250 0.054687500 0.054687500 0.054687500 0.035156250 0.058593750 0.050781250 0.042968750 0.050781250 0.019531250 0.101562500 0.074218750 0.078125000 0.015625000 0.062500000 0.101562500 0.085937500 0.058593750 0.054687500 0.066406250 0.050781250 0.058593750 0.035156250 0.062500000 0.074218750 0.050781250 0.089843750 0.070312500 0.046875000 0.078125000 0.054687500 0.027343750 0.054687500 0.050781250 0.066406250 0.035156250 0.023437500 0.039062500 0.058593750 0.058593750 0.062500000 0.031250000 0.054687500 0.050781250 0.109375000 0.070312500 0.093750000 0.054687500 0.035156250 0.058593750 0.042968750 0.058593750 0.050781250 0.042968750 0.089843750 0.042968750 0.058593750 0.082031250 0.054687500 0.058593750 0.039062500 0.023437500 0.054687500 0.031250000 0.054687500 0.062500000 0.042968750 0.023437500 0.074218750 0.070312500 0.046875000 0.042968750 0.035156250 0.031250000 0.058593750 0.074218750 0.074218750 0.042968750 0.070312500 0.058593750 0.070312500 0.031250000 0.054687500 0.082031250 0.078125000 0.042968750 0.050781250 0.042968750 0.062500000 0.070312500 0.054687500 0.054687500 0.066406250 
1.621093750 1.382812500 2.570312500 1.687500000 2.695312500 0.757812500 3.617187500 2.433593750 13.824218750 4.753906250 10.164062500 3.136718750 2.816406250 3.296875000 1.324218750 1.992187500 1.585937500 0.738281250 3.472656250 0.890625000 0.812500000 1.023437500 0.468750000 0.351562500 0.457031250 0.285156250 0.468750000 0.496093750 0.339843750 0.257812500 0.367187500 0.343750000 0.328125000 0.222656250 0.281250000 0.222656250 0.269531250 0.281250000 0.222656250 0.265625000 0.242187500 0.265625000 0.234375000 0.167968750 0.214843750 0.234375000 0.183593750 0.218750000 0.203125000 0.164062500 0.171875000 0.226562500 0.187500000 0.179687500 0.203125000 0.218750000 0.148437500 0.125000000 0.156250000 0.109375000 0.191406250 0.093750000 0.199218750 0.109375000 0.093750000 0.210937500 0.199218750 0.156250000 0.121093750 0.203125000 0.218750000 0.082031250 0.082031250 0.089843750 0.144531250 0.031250000 0.136718750 0.207031250 0.171875000 0.132812500 0.175781250 0.125000000 0.160156250 0.136718750 0.089843750 0.085937500 0.105468750 0.128906250 0.117187500 0.078125000 0.136718750 0.050781250 0.109375000 0.121093750 0.101562500 0.113281250 0.101562500 0.097656250 0.089843750 0.113281250 0.085937500 0.085937500 0.128906250 0.062500000 0.085937500 0.082031250 0.062500000 0.132812500 0.078125000 0.093750000 0.058593750 0.082031250 0.070312500 0.109375000 0.078125000 0.070312500 0.101562500 0.101562500 0.054687500 0.117187500 0.078125000 0.085937500 0.078125000 0.085937500 0.031250000 0.066406250 0.058593750 0.070312500 0.105468750 0.089843750 0.089843750 0.046875000 0.066406250 0.070312500 0.070312500 0.058593750 0.050781250 0.078125000 0.097656250 0.054687500 0.101562500 0.089843750 0.074218750 0.105468750 0.062500000 0.074218750 0.078125000 0.042968750 0.046875000 0.039062500 0.058593750 0.085937500 0.074218750 0.085937500 0.085937500 0.046875000 0.031250000 0.066406250 0.039062500 0.082031250 0.058593750 0.167968750 0.125000000 0.066406250 0.093750000 0.046875000 0.050781250 0.042968750 0.054687500 0.074218750 0.089843750 0.085937500 0.039062500 0.078125000 0.070312500 0.058593750 0.046875000 0.058593750 0.062500000 0.046875000 0.085937500 0.070312500 0.050781250 0.046875000 0.042968750 0.058593750 0.058593750 0.054687500 0.062500000 0.074218750 0.062500000 0.066406250 0.105468750 0.039062500 0.046875000 0.058593750 0.042968750 0.035156250 0.042968750 0.058593750 0.062500000 0.078125000 0.066406250 0.058593750 0.070312500 0.082031250 0.019531250 0.062500000 0.031250000 0.062500000 0.074218750 0.042968750 0.042968750 0.074218750 0.078125000 0.050781250 0.082031250 0.070312500 0.062500000 0.046875000 0.066406250 0.054687500 0.042968750 0.011718750 0.058593750 0.058593750 0.046875000 0.070312500 0.035156250 0.050781250 0.050781250 0.085937500 0.097656250 0.039062500 0.070312500 0.062500000 0.050781250 0.058593750 0.058593750 0.082031250 0.042968750 0.058593750 0.078125000 0.082031250 0.058593750 0.046875000 0.062500000 0.058593750 0.078125000 0.042968750 0.062500000 0.027343750 0.042968750 0.039062500 0.035156250 0.062500000 0.042968750 
0.832031250 1.156250000 2.507812500 1.613281250 3.453125000 0.832031250 0.996093750 5.605468750 15.050781250 2.269531250 6.527343750 5.500000000 5.773437500 1.289062500 0.343750000 2.316406250 1.871093750 1.273437500 1.972656250 1.210937500 0.335937500 0.855468750 0.183593750 0.171875000 0.316406250 0.515625000 0.394531250 0.265625000 0.242187500 0.097656250 0.144531250 0.132812500 0.062500000 0.054687500 0.039062500 0.109375000 0.050781250 0.105468750 0.093750000 0.039062500 0.023437500 0.082031250 0.093750000 0.078125000 0.121093750 0.046875000 0.089843750 0.074218750 0.507812500 0.128906250 0.074218750 0.144531250 0.054687500 0.058593750 0.093750000 0.050781250 0.046875000 0.019531250 0.050781250 0.015625000 0.156250000 0.074218750 0.109375000 0.066406250 0.074218750 0.093750000 0.074218750 0.078125000 0.023437500 0.113281250 0.019531250 0.144531250 0.074218750 0.066406250 0.035156250 0.046875000 0.199218750 0.054687500 0.019531250 0.054687500 0.046875000 0.058593750 0.046875000 0.050781250 0.039062500 0.039062500 0.027343750 0.011718750 0.023437500 0.039062500 0.050781250 0.027343750 0.046875000 0.058593750 0.039062500 0.019531250 0.019531250 0.039062500 0.066406250 0.015625000 0.039062500 0.007812500 0.027343750 0.066406250 0.039062500 0.023437500 0.035156250 0.050781250 0.039062500 0.027343750 0.035156250 0.019531250 0.035156250 0.039062500 0.039062500 0.050781250 0.019531250 0.046875000 0.054687500 0.027343750 0.031250000 0.031250000 0.031250000 0.039062500 0.015625000 0.027343750 0.011718750 0.035156250 0.031250000 0.023437500 0.027343750 0.027343750 0.003906250 0.027343750 0.027343750 0.031250000 0.031250000 0.042968750 0.019531250 0.031250000 0.031250000 0.031250000 0.007812500 0.031250000 0.027343750 0.035156250 0.050781250 0.019531250 0.007812500 0.011718750 0.046875000 0.011718750 0.023437500 0.054687500 0.015625000 0.027343750 0.042968750 0.007812500 0.039062500 0.031250000 0.140625000 0.113281250 0.093750000 0.007812500 0.023437500 0.031250000 0.015625000 0.023437500 0.015625000 0.015625000 0.019531250 0.042968750 0.050781250 0.058593750 0.015625000 0.035156250 0.019531250 0.035156250 0.039062500 0.054687500 0.031250000 0.019531250 0.046875000 0.027343750 0.019531250 0.031250000 0.019531250 0.011718750 0.023437500 0.023437500 0.019531250 0.003906250 0.035156250 0.023437500 0.011718750 0.031250000 0.015625000 0.011718750 0.042968750 0.019531250 0.035156250 0.019531250 0.027343750 0.019531250 0.027343750 0.046875000 0.054687500 0.042968750 0.027343750 0.027343750 0.035156250 0.050781250 0.019531250 0.023437500 0.027343750 0.027343750 0.007812500 0.031250000 0.011718750 0.015625000 0.011718750 0.023437500 0.050781250 0.031250000 0.023437500 0.046875000 0.027343750 0.027343750 0.046875000 0.054687500 0.054687500 0.035156250 0.062500000 0.011718750 0.035156250 0.031250000 0.042968750 0.035156250 0.011718750 0.035156250 0.023437500 0.015625000 0.042968750 0.003906250 0.019531250 0.007812500 0.023437500 0.023437500 0.023437500 0.035156250 0.035156250 0.042968750 0.019531250 0.042968750 0.007812500 0.042968750 0.042968750 
1.792968750 1.906250000 2.671875000 2.351562500 4.328125000 1.222656250 1.921875000 6.734375000 14.394531250 3.890625000 6.125000000 5.195312500 5.089843750 0.464843750 0.828125000 1.957031250 1.878906250 1.429687500 1.542968750 0.906250000 0.640625000 0.070312500 0.621093750 0.535156250 0.386718750 0.453125000 0.324218750 0.058593750 0.125000000 0.242187500 0.187500000 0.125000000 0.152343750 0.062500000 0.152343750 0.078125000 0.097656250 0.097656250 0.125000000 0.058593750 0.113281250 0.113281250 0.046875000 0.070312500 0.031250000 0.070312500 0.117187500 0.132812500 0.457031250 0.101562500 0.085937500 0.117187500 0.062500000 0.066406250 0.062500000 0.027343750 0.011718750 0.054687500 0.035156250 0.042968750 0.058593750 0.027343750 0.074218750 0.003906250 0.058593750 0.054687500 0.015625000 0.035156250 0.031250000 0.085937500 0.082031250 0.144531250 0.031250000 0.031250000 0.007812500 0.070312500 0.093750000 0.128906250 0.035156250 0.046875000 0.074218750 0.027343750 0.035156250 0.046875000 0.089843750 0.054687500 0.046875000 0.042968750 0.046875000 0.046875000 0.019531250 0.003906250 0.058593750 0.031250000 0.031250000 0.023437500 0.031250000 0.019531250 0.062500000 0.031250000 0.027343750 0.027343750 0.058593750 0.035156250 0.011718750 0.046875000 0.019531250 0.003906250 0.011718750 0.027343750 0.035156250 0.039062500 0.023437500 0.015625000 0.003906250 0.031250000 0.019531250 0.007812500 0.003906250 0.011718750 0.031250000 0.011718750 0.031250000 0.015625000 0.007812500 0.027343750 0.039062500 0.015625000 0.054687500 0.035156250 0.015625000 0.011718750 0.019531250 0.031250000 0.019531250 0.027343750 0.050781250 0.019531250 0.011718750 0.015625000 0.039062500 0.023437500 0.023437500 0.035156250 0.027343750 0.035156250 0.023437500 0.046875000 0.027343750 0.007812500 0.046875000 0.027343750 0.039062500 0.015625000 0.019531250 0.019531250 0.023437500 0.066406250 0.015625000 0.031250000 0.097656250 0.074218750 0.082031250 0.031250000 0.023437500 0.007812500 0.031250000 0.019531250 0.015625000 0.031250000 0.066406250 0.039062500 0.046875000 0.023437500 0.023437500 0.019531250 0.062500000 0.023437500 0.019531250 0.027343750 0.007812500 0.019531250 0.027343750 0.039062500 0.011718750 0.031250000 0.039062500 0.011718750 0.019531250 0.023437500 0.019531250 0.015625000 0.031250000 0.042968750 0.027343750 0.011718750 0.023437500 0.007812500 0.023437500 0.003906250 0.027343750 0.015625000 0.031250000 0.031250000 0.023437500 0.039062500 0.039062500 0.050781250 0.007812500 0.031250000 0.019531250 0.031250000 0.035156250 0.027343750 0.015625000 0.046875000 0.027343750 0.035156250 0.007812500 0.027343750 0.039062500 0.023437500 0.039062500 0.042968750 0.003906250 0.015625000 0.027343750 0.011718750 0.031250000 0.027343750 0.039062500 0.031250000 0.046875000 0.023437500 0.039062500 0.019531250 0.023437500 0.015625000 0.011718750 0.019531250 0.011718750 0.023437500 0.023437500 0.015625000 0.015625000 0.003906250 0.019531250 0.015625000 0.000000000 0.023437500 0.035156250 0.035156250 0.046875000 0.039062500 0.023437500 0.039062500 0.019531250 
1.027343750 1.695312500 2.039062500 1.867187500 2.632812500 1.781250000 2.156250000 6.148437500 12.734375000 3.890625000 10.113281250 3.542968750 1.953125000 1.671875000 0.195312500 1.636718750 1.253906250 0.070312500 2.156250000 0.542968750 0.519531250 0.261718750 0.304687500 0.535156250 0.363281250 0.449218750 0.167968750 0.101562500 0.273437500 0.113281250 0.136718750 0.113281250 0.085937500 0.136718750 0.171875000 0.121093750 0.042968750 0.039062500 0.078125000 0.125000000 0.093750000 0.074218750 0.031250000 0.089843750 0.039062500 0.011718750 0.066406250 0.078125000 0.300781250 0.238281250 0.144531250 0.156250000 0.023437500 0.050781250 0.023437500 0.054687500 0.031250000 0.023437500 0.011718750 0.054687500 0.109375000 0.031250000 0.050781250 0.050781250 0.023437500 0.066406250 0.031250000 0.023437500 0.015625000 0.027343750 0.054687500 0.152343750 0.042968750 0.058593750 0.023437500 0.062500000 0.062500000 0.066406250 0.011718750 0.019531250 0.019531250 0.015625000 0.058593750 0.015625000 0.050781250 0.027343750 0.019531250 0.027343750 0.007812500 0.058593750 0.035156250 0.019531250 0.082031250 0.000000000 0.015625000 0.023437500 0.027343750 0.054687500 0.003906250 0.035156250 0.035156250 0.039062500 0.042968750 0.011718750 0.003906250 0.015625000 0.042968750 0.015625000 0.023437500 0.011718750 0.042968750 0.031250000 0.027343750 0.015625000 0.007812500 0.019531250 0.027343750 0.019531250 0.023437500 0.035156250 0.007812500 0.011718750 0.027343750 0.007812500 0.031250000 0.015625000 0.058593750 0.035156250 0.019531250 0.042968750 0.031250000 0.023437500 0.027343750 0.031250000 0.015625000 0.003906250 0.027343750 0.007812500 0.027343750 0.027343750 0.023437500 0.035156250 0.019531250 0.035156250 0.015625000 0.035156250 0.031250000 0.027343750 0.042968750 0.035156250 0.019531250 0.039062500 0.031250000 0.023437500 0.035156250 0.015625000 0.011718750 0.054687500 0.011718750 0.019531250 0.035156250 0.101562500 0.035156250 0.039062500 0.007812500 0.015625000 0.023437500 0.007812500 0.011718750 0.035156250 0.031250000 0.054687500 0.011718750 0.011718750 0.023437500 0.035156250 0.050781250 0.027343750 0.027343750 0.019531250 0.015625000 0.019531250 0.031250000 0.023437500 0.023437500 0.050781250 0.023437500 0.019531250 0.050781250 0.011718750 0.031250000 0.015625000 0.023437500 0.035156250 0.027343750 0.039062500 0.023437500 0.015625000 0.023437500 0.011718750 0.027343750 0.015625000 0.023437500 0.035156250 0.007812500 0.015625000 0.023437500 0.003906250 0.031250000 0.027343750 0.003906250 0.046875000 0.011718750 0.027343750 0.027343750 0.031250000 0.035156250 0.023437500 0.023437500 0.011718750 0.046875000 0.007812500 0.023437500 0.027343750 0.023437500 0.011718750 0.019531250 0.023437500 0.011718750 0.050781250 0.039062500 0.019531250 0.042968750 0.007812500 0.042968750 0.023437500 0.050781250 0.027343750 0.054687500 0.011718750 0.011718750 0.011718750 0.007812500 0.019531250 0.011718750 0.019531250 0.015625000 0.007812500 0.019531250 0.039062500 0.058593750 0.015625000 0.023437500 0.039062500 0.019531250 0.031250000 0.027343750 
0.328125000 0.449218750 0.886718750 0.933593750 1.625000000 1.515625000 1.945312500 3.210937500 14.550781250 5.867187500 6.500000000 1.632812500 1.351562500 1.859375000 0.597656250 1.929687500 1.210937500 0.957031250 1.585937500 0.238281250 0.312500000 0.121093750 0.226562500 0.285156250 0.054687500 0.109375000 0.371093750 0.125000000 0.156250000 0.109375000 0.109375000 0.078125000 0.101562500 0.070312500 0.250000000 0.128906250 0.062500000 0.121093750 0.058593750 0.132812500 0.054687500 0.144531250 0.058593750 0.109375000 0.085937500 0.093750000 0.023437500 0.042968750 0.242187500 0.222656250 0.128906250 0.074218750 0.074218750 0.039062500 0.136718750 0.093750000 0.078125000 0.085937500 0.054687500 0.089843750 0.074218750 0.085937500 0.058593750 0.074218750 0.050781250 0.085937500 0.046875000 0.074218750 0.066406250 0.062500000 0.109375000 0.105468750 0.062500000 0.054687500 0.023437500 0.082031250 0.027343750 0.031250000 0.054687500 0.050781250 0.035156250 0.027343750 0.062500000 0.082031250 0.078125000 0.039062500 0.074218750 0.039062500 0.019531250 0.082031250 0.042968750 0.031250000 0.082031250 0.058593750 0.039062500 0.031250000 0.054687500 0.058593750 0.023437500 0.023437500 0.054687500 0.039062500 0.011718750 0.050781250 0.066406250 0.066406250 0.070312500 0.031250000 0.027343750 0.035156250 0.078125000 0.054687500 0.035156250 0.027343750 0.046875000 0.054687500 0.023437500 0.031250000 0.011718750 0.058593750 0.031250000 0.031250000 0.035156250 0.035156250 0.015625000 0.039062500 0.046875000 0.042968750 0.011718750 0.054687500 0.042968750 0.035156250 0.011718750 0.046875000 0.031250000 0.027343750 0.054687500 0.054687500 0.050781250 0.039062500 0.039062500 0.019531250 0.035156250 0.019531250 0.062500000 0.035156250 0.023437500 0.039062500 0.066406250 0.066406250 0.031250000 0.011718750 0.027343750 0.019531250 0.039062500 0.015625000 0.039062500 0.015625000 0.042968750 0.015625000 0.042968750 0.101562500 0.042968750 0.023437500 0.027343750 0.019531250 0.023437500 0.035156250 0.027343750 0.050781250 0.058593750 0.078125000 0.039062500 0.015625000 0.023437500 0.015625000 0.039062500 0.011718750 0.042968750 0.058593750 0.031250000 0.035156250 0.031250000 0.011718750 0.046875000 0.011718750 0.035156250 0.007812500 0.054687500 0.011718750 0.031250000 0.050781250 0.035156250 0.046875000 0.007812500 0.035156250 0.046875000 0.031250000 0.011718750 0.011718750 0.023437500 0.011718750 0.015625000 0.062500000 0.031250000 0.011718750 0.031250000 0.007812500 0.046875000 0.011718750 0.003906250 0.042968750 0.039062500 0.015625000 0.054687500 0.050781250 0.035156250 0.031250000 0.035156250 0.023437500 0.070312500 0.015625000 0.035156250 0.046875000 0.023437500 0.023437500 0.019531250 0.050781250 0.039062500 0.031250000 0.023437500 0.011718750 0.042968750 0.050781250 0.046875000 0.019531250 0.042968750 0.027343750 0.058593750 0.019531250 0.019531250 0.019531250 0.031250000 0.046875000 0.007812500 0.031250000 0.023437500 0.027343750 0.027343750 0.046875000 0.019531250 0.027343750 0.042968750 0.015625000 0.023437500 0.027343750 0.023437500 
0.089843750 0.171875000 1.179687500 1.179687500 1.609375000 0.316406250 1.058593750 3.519531250 15.511718750 1.269531250 2.031250000 3.082031250 1.410156250 2.281250000 0.378906250 0.523437500 2.742187500 1.132812500 0.691406250 1.312500000 0.707031250 0.546875000 0.617187500 0.523437500 0.527343750 0.531250000 0.277343750 0.519531250 0.359375000 0.414062500 0.351562500 0.339843750 0.328125000 0.308593750 0.386718750 0.367187500 0.425781250 0.324218750 0.308593750 0.281250000 0.242187500 0.269531250 0.292968750 0.324218750 0.296875000 0.316406250 0.183593750 0.257812500 0.218750000 0.207031250 0.265625000 0.289062500 0.257812500 0.175781250 0.195312500 0.214843750 0.226562500 0.203125000 0.222656250 0.195312500 0.136718750 0.187500000 0.164062500 0.183593750 0.218750000 0.179687500 0.140625000 0.140625000 0.191406250 0.195312500 0.109375000 0.125000000 0.171875000 0.214843750 0.187500000 0.175781250 0.148437500 0.132812500 0.156250000 0.136718750 0.128906250 0.121093750 0.132812500 0.140625000 0.117187500 0.144531250 0.078125000 0.132812500 0.152343750 0.140625000 0.171875000 0.078125000 0.128906250 0.136718750 0.125000000 0.125000000 0.113281250 0.101562500 0.085937500 0.156250000 0.101562500 0.093750000 0.132812500 0.089843750 0.128906250 0.097656250 0.097656250 0.117187500 0.089843750 0.117187500 0.117187500 0.113281250 0.097656250 0.132812500 0.109375000 0.074218750 0.117187500 0.121093750 0.101562500 0.074218750 0.128906250 0.121093750 0.085937500 0.125000000 0.109375000 0.078125000 0.082031250 0.066406250 0.101562500 0.128906250 0.070312500 0.085937500 0.105468750 0.136718750 0.109375000 0.078125000 0.093750000 0.089843750 0.097656250 0.089843750 0.062500000 0.105468750 0.050781250 0.089843750 0.050781250 0.074218750 0.066406250 0.082031250 0.101562500 0.082031250 0.074218750 0.097656250 0.078125000 0.089843750 0.085937500 0.062500000 0.093750000 0.074218750 0.109375000 0.101562500 0.082031250 0.085937500 0.078125000 0.066406250 0.070312500 0.066406250 0.082031250 0.062500000 0.089843750 0.074218750 0.074218750 0.070312500 0.054687500 0.082031250 0.074218750 0.054687500 0.062500000 0.074218750 0.074218750 0.050781250 0.074218750 0.082031250 0.066406250 0.074218750 0.101562500 0.074218750 0.093750000 0.062500000 0.031250000 0.070312500 0.074218750 0.117187500 0.074218750 0.101562500 0.054687500 0.089843750 0.078125000 0.074218750 0.113281250 0.066406250 0.066406250 0.097656250 0.062500000 0.078125000 0.062500000 0.089843750 0.070312500 0.074218750 0.070312500 0.066406250 0.058593750 0.062500000 0.058593750 0.062500000 0.078125000 0.074218750 0.062500000 0.066406250 0.050781250 0.046875000 0.058593750 0.097656250 0.082031250 0.062500000 0.078125000 0.085937500 0.074218750 0.031250000 0.105468750 0.058593750 0.058593750 0.058593750 0.074218750 0.058593750 0.058593750 0.070312500 0.035156250 0.078125000 0.121093750 0.082031250 0.066406250 0.062500000 0.058593750 0.039062500 0.089843750 0.085937500 0.074218750 0.078125000 0.085937500 0.042968750 0.093750000 0.085937500 0.078125000 0.097656250 0.062500000 0.089843750 0.089843750 
0.464843750 0.562500000 1.027343750 0.515625000 1.906250000 0.527343750 0.574218750 2.468750000 17.449218750 2.582031250 2.671875000 2.574218750 2.734375000 2.437500000 0.554687500 1.304687500 2.015625000 0.089843750 1.113281250 0.515625000 0.066406250 0.164062500 0.085937500 0.050781250 0.140625000 0.253906250 0.265625000 0.265625000 0.261718750 0.160156250 0.117187500 0.195312500 0.152343750 0.027343750 0.097656250 0.105468750 0.195312500 0.082031250 0.109375000 0.031250000 0.101562500 0.128906250 0.121093750 0.113281250 0.050781250 0.042968750 0.089843750 0.214843750 0.171875000 0.046875000 0.175781250 0.003906250 0.105468750 0.070312500 0.054687500 0.031250000 0.074218750 0.074218750 0.078125000 0.050781250 0.062500000 0.023437500 0.058593750 0.093750000 0.042968750 0.070312500 0.050781250 0.085937500 0.027343750 0.093750000 0.023437500 0.039062500 0.023437500 0.062500000 0.097656250 0.066406250 0.050781250 0.082031250 0.066406250 0.019531250 0.035156250 0.046875000 0.070312500 0.035156250 0.027343750 0.058593750 0.085937500 0.011718750 0.070312500 0.027343750 0.109375000 0.074218750 0.058593750 0.011718750 0.027343750 0.054687500 0.054687500 0.007812500 0.035156250 0.023437500 0.042968750 0.031250000 0.070312500 0.058593750 0.046875000 0.039062500 0.050781250 0.070312500 0.042968750 0.027343750 0.031250000 0.039062500 0.042968750 0.050781250 0.015625000 0.054687500 0.039062500 0.046875000 0.035156250 0.031250000 0.078125000 0.015625000 0.050781250 0.070312500 0.035156250 0.058593750 0.035156250 0.031250000 0.023437500 0.050781250 0.019531250 0.058593750 0.050781250 0.058593750 0.027343750 0.062500000 0.031250000 0.039062500 0.031250000 0.039062500 0.046875000 0.019531250 0.031250000 0.035156250 0.074218750 0.031250000 0.039062500 0.027343750 0.007812500 0.023437500 0.050781250 0.042968750 0.042968750 0.058593750 0.015625000 0.019531250 0.031250000 0.058593750 0.023437500 0.042968750 0.070312500 0.023437500 0.015625000 0.027343750 0.019531250 0.027343750 0.019531250 0.011718750 0.058593750 0.031250000 0.042968750 0.027343750 0.011718750 0.007812500 0.031250000 0.015625000 0.027343750 0.023437500 0.015625000 0.039062500 0.011718750 0.011718750 0.050781250 0.031250000 0.027343750 0.042968750 0.031250000 0.046875000 0.031250000 0.015625000 0.027343750 0.062500000 0.035156250 0.027343750 0.015625000 0.027343750 0.019531250 0.027343750 0.031250000 0.042968750 0.019531250 0.023437500 0.046875000 0.042968750 0.035156250 0.019531250 0.046875000 0.062500000 0.042968750 0.054687500 0.046875000 0.031250000 0.027343750 0.042968750 0.019531250 0.031250000 0.027343750 0.015625000 0.039062500 0.035156250 0.027343750 0.027343750 0.031250000 0.007812500 0.023437500 0.039062500 0.039062500 0.050781250 0.050781250 0.031250000 0.027343750 0.035156250 0.019531250 0.007812500 0.015625000 0.046875000 0.046875000 0.027343750 0.027343750 0.039062500 0.031250000 0.035156250 0.035156250 0.058593750 0.027343750 0.070312500 0.035156250 0.015625000 0.027343750 0.039062500 0.027343750 0.035156250 0.007812500 0.011718750 0.042968750 0.027343750 0.019531250 
0.972656250 0.933593750 0.796875000 1.128906250 1.917968750 1.437500000 0.539062500 1.039062500 18.292968750 0.812500000 2.328125000 1.636718750 0.363281250 0.296875000 1.070312500 0.738281250 2.664062500 0.550781250 1.160156250 0.695312500 0.351562500 0.281250000 0.292968750 0.140625000 0.261718750 0.179687500 0.207031250 0.183593750 0.160156250 0.226562500 0.195312500 0.191406250 0.152343750 0.152343750 0.125000000 0.160156250 0.144531250 0.113281250 0.078125000 0.089843750 0.140625000 0.148437500 0.117187500 0.078125000 0.066406250 0.113281250 0.074218750 0.121093750 0.039062500 0.125000000 0.179687500 0.199218750 0.093750000 0.085937500 0.085937500 0.105468750 0.078125000 0.089843750 0.082031250 0.066406250 0.082031250 0.101562500 0.062500000 0.070312500 0.097656250 0.093750000 0.082031250 0.027343750 0.050781250 0.078125000 0.093750000 0.062500000 0.046875000 0.074218750 0.027343750 0.062500000 0.058593750 0.058593750 0.093750000 0.027343750 0.058593750 0.042968750 0.070312500 0.031250000 0.039062500 0.031250000 0.031250000 0.082031250 0.113281250 0.082031250 0.066406250 0.082031250 0.062500000 0.105468750 0.042968750 0.039062500 0.027343750 0.062500000 0.082031250 0.066406250 0.054687500 0.066406250 0.031250000 0.050781250 0.023437500 0.062500000 0.042968750 0.062500000 0.039062500 0.074218750 0.031250000 0.039062500 0.062500000 0.023437500 0.011718750 0.023437500 0.023437500 0.058593750 0.039062500 0.066406250 0.085937500 0.035156250 0.011718750 0.058593750 0.023437500 0.007812500 0.019531250 0.023437500 0.039062500 0.031250000 0.042968750 0.007812500 0.027343750 0.031250000 0.089843750 0.054687500 0.027343750 0.039062500 0.019531250 0.035156250 0.027343750 0.027343750 0.046875000 0.027343750 0.027343750 0.039062500 0.023437500 0.050781250 0.035156250 0.046875000 0.019531250 0.015625000 0.070312500 0.011718750 0.046875000 0.054687500 0.050781250 0.058593750 0.011718750 0.046875000 0.031250000 0.042968750 0.042968750 0.042968750 0.035156250 0.046875000 0.042968750 0.039062500 0.050781250 0.035156250 0.015625000 0.007812500 0.031250000 0.046875000 0.035156250 0.031250000 0.035156250 0.031250000 0.019531250 0.031250000 0.035156250 0.023437500 0.050781250 0.050781250 0.019531250 0.035156250 0.023437500 0.066406250 0.046875000 0.035156250 0.042968750 0.050781250 0.031250000 0.007812500 0.039062500 0.035156250 0.050781250 0.046875000 0.070312500 0.035156250 0.035156250 0.027343750 0.023437500 0.054687500 0.015625000 0.027343750 0.054687500 0.062500000 0.050781250 0.035156250 0.031250000 0.007812500 0.023437500 0.042968750 0.031250000 0.035156250 0.035156250 0.039062500 0.027343750 0.039062500 0.019531250 0.082031250 0.039062500 0.031250000 0.039062500 0.027343750 0.007812500 0.011718750 0.031250000 0.058593750 0.027343750 0.054687500 0.031250000 0.031250000 0.046875000 0.046875000 0.039062500 0.058593750 0.007812500 0.035156250 0.019531250 0.039062500 0.042968750 0.023437500 0.035156250 0.070312500 0.019531250 0.031250000 0.015625000 0.050781250 0.023437500 0.042968750 0.027343750 0.031250000 0.062500000 0.019531250 0.082031250 
0.625000000 1.066406250 0.535156250 0.988281250 2.156250000 1.546875000 1.476562500 2.546875000 17.757812500 2.171875000 1.769531250 1.816406250 0.238281250 0.222656250 0.304687500 1.265625000 1.914062500 0.441406250 0.503906250 0.242187500 0.238281250 0.164062500 0.113281250 0.097656250 0.214843750 0.050781250 0.082031250 0.082031250 0.132812500 0.050781250 0.035156250 0.070312500 0.050781250 0.027343750 0.085937500 0.078125000 0.085937500 0.101562500 0.031250000 0.035156250 0.125000000 0.027343750 0.101562500 0.085937500 0.074218750 0.050781250 0.042968750 0.058593750 0.062500000 0.070312500 0.093750000 0.082031250 0.011718750 0.023437500 0.035156250 0.050781250 0.015625000 0.019531250 0.003906250 0.035156250 0.066406250 0.035156250 0.031250000 0.027343750 0.039062500 0.035156250 0.050781250 0.035156250 0.011718750 0.003906250 0.050781250 0.042968750 0.035156250 0.042968750 0.046875000 0.019531250 0.042968750 0.058593750 0.046875000 0.031250000 0.003906250 0.011718750 0.031250000 0.070312500 0.054687500 0.015625000 0.058593750 0.050781250 0.015625000 0.074218750 0.062500000 0.035156250 0.097656250 0.054687500 0.050781250 0.070312500 0.050781250 0.027343750 0.050781250 0.039062500 0.007812500 0.023437500 0.023437500 0.027343750 0.015625000 0.023437500 0.015625000 0.015625000 0.046875000 0.031250000 0.023437500 0.015625000 0.027343750 0.027343750 0.023437500 0.011718750 0.007812500 0.019531250 0.035156250 0.023437500 0.015625000 0.031250000 0.039062500 0.027343750 0.019531250 0.027343750 0.007812500 0.015625000 0.011718750 0.023437500 0.019531250 0.042968750 0.035156250 0.027343750 0.023437500 0.019531250 0.015625000 0.011718750 0.042968750 0.011718750 0.019531250 0.015625000 0.003906250 0.011718750 0.031250000 0.015625000 0.015625000 0.039062500 0.027343750 0.019531250 0.015625000 0.015625000 0.039062500 0.031250000 0.035156250 0.035156250 0.015625000 0.027343750 0.019531250 0.031250000 0.058593750 0.015625000 0.023437500 0.015625000 0.027343750 0.019531250 0.003906250 0.058593750 0.035156250 0.011718750 0.031250000 0.011718750 0.039062500 0.019531250 0.027343750 0.042968750 0.015625000 0.011718750 0.015625000 0.007812500 0.011718750 0.039062500 0.015625000 0.007812500 0.011718750 0.007812500 0.015625000 0.035156250 0.011718750 0.019531250 0.019531250 0.031250000 0.019531250 0.046875000 0.039062500 0.031250000 0.027343750 0.015625000 0.042968750 0.015625000 0.019531250 0.003906250 0.023437500 0.031250000 0.031250000 0.023437500 0.007812500 0.007812500 0.062500000 0.031250000 0.027343750 0.031250000 0.015625000 0.015625000 0.007812500 0.019531250 0.023437500 0.019531250 0.011718750 0.035156250 0.050781250 0.015625000 0.023437500 0.011718750 0.011718750 0.000000000 0.015625000 0.023437500 0.015625000 0.042968750 0.011718750 0.031250000 0.035156250 0.015625000 0.027343750 0.035156250 0.023437500 0.019531250 0.019531250 0.019531250 0.007812500 0.027343750 0.023437500 0.031250000 0.031250000 0.062500000 0.031250000 0.015625000 0.011718750 0.023437500 0.019531250 0.031250000 0.015625000 0.007812500 0.046875000 0.023437500 0.031250000 
1.480468750 1.515625000 1.128906250 1.699218750 2.636718750 1.214843750 3.296875000 7.789062500 12.976562500 4.000000000 1.433593750 1.847656250 0.441406250 0.515625000 0.238281250 0.574218750 1.945312500 0.945312500 0.417968750 0.429687500 0.425781250 0.339843750 0.460937500 0.292968750 0.226562500 0.312500000 0.289062500 0.375000000 0.246093750 0.218750000 0.222656250 0.292968750 0.203125000 0.242187500 0.285156250 0.101562500 0.230468750 0.125000000 0.199218750 0.199218750 0.273437500 0.187500000 0.292968750 0.113281250 0.046875000 0.125000000 0.199218750 0.125000000 0.117187500 0.105468750 0.074218750 0.125000000 0.125000000 0.164062500 0.136718750 0.109375000 0.097656250 0.085937500 0.093750000 0.132812500 0.113281250 0.125000000 0.054687500 0.105468750 0.074218750 0.105468750 0.085937500 0.105468750 0.054687500 0.074218750 0.093750000 0.093750000 0.050781250 0.117187500 0.105468750 0.101562500 0.054687500 0.062500000 0.093750000 0.082031250 0.054687500 0.066406250 0.085937500 0.113281250 0.035156250 0.085937500 0.113281250 0.007812500 0.050781250 0.089843750 0.078125000 0.160156250 0.054687500 0.023437500 0.093750000 0.121093750 0.054687500 0.062500000 0.070312500 0.066406250 0.050781250 0.054687500 0.042968750 0.078125000 0.082031250 0.074218750 0.015625000 0.070312500 0.042968750 0.054687500 0.023437500 0.085937500 0.070312500 0.035156250 0.082031250 0.054687500 0.066406250 0.035156250 0.042968750 0.019531250 0.066406250 0.035156250 0.054687500 0.062500000 0.066406250 0.082031250 0.039062500 0.050781250 0.058593750 0.093750000 0.046875000 0.054687500 0.031250000 0.054687500 0.054687500 0.066406250 0.035156250 0.015625000 0.046875000 0.042968750 0.054687500 0.019531250 0.050781250 0.046875000 0.054687500 0.039062500 0.031250000 0.074218750 0.039062500 0.042968750 0.058593750 0.082031250 0.046875000 0.023437500 0.042968750 0.042968750 0.058593750 0.027343750 0.054687500 0.015625000 0.066406250 0.039062500 0.039062500 0.015625000 0.058593750 0.031250000 0.019531250 0.054687500 0.042968750 0.058593750 0.050781250 0.054687500 0.050781250 0.023437500 0.039062500 0.039062500 0.039062500 0.042968750 0.023437500 0.023437500 0.042968750 0.046875000 0.046875000 0.039062500 0.039062500 0.042968750 0.023437500 0.050781250 0.046875000 0.054687500 0.027343750 0.066406250 0.058593750 0.019531250 0.035156250 0.050781250 0.046875000 0.046875000 0.093750000 0.054687500 0.031250000 0.035156250 0.074218750 0.042968750 0.039062500 0.058593750 0.046875000 0.054687500 0.066406250 0.027343750 0.066406250 0.058593750 0.027343750 0.011718750 0.039062500 0.050781250 0.027343750 0.031250000 0.027343750 0.035156250 0.058593750 0.042968750 0.035156250 0.058593750 0.039062500 0.039062500 0.050781250 0.042968750 0.031250000 0.035156250 0.054687500 0.046875000 0.027343750 0.019531250 0.042968750 0.042968750 0.027343750 0.023437500 0.027343750 0.023437500 0.023437500 0.066406250 0.027343750 0.058593750 0.054687500 0.019531250 0.035156250 0.031250000 0.039062500 0.054687500 0.035156250 0.031250000 0.058593750 0.031250000 0.042968750 0.050781250 0.042968750 
0.820312500 0.933593750 1.218750000 1.070312500 1.941406250 1.453125000 1.042968750 9.757812500 7.761718750 3.074218750 2.218750000 1.917968750 1.730468750 1.156250000 0.781250000 1.378906250 0.316406250 0.492187500 0.312500000 0.371093750 0.382812500 0.378906250 0.269531250 0.269531250 0.156250000 0.406250000 0.339843750 0.339843750 0.367187500 0.285156250 0.242187500 0.316406250 0.285156250 0.207031250 0.132812500 0.363281250 0.269531250 0.230468750 0.203125000 0.179687500 0.257812500 0.214843750 0.261718750 0.261718750 0.160156250 0.136718750 0.246093750 0.140625000 0.167968750 0.175781250 0.140625000 0.171875000 0.054687500 0.171875000 0.105468750 0.136718750 0.089843750 0.125000000 0.113281250 0.175781250 0.144531250 0.136718750 0.093750000 0.109375000 0.183593750 0.136718750 0.117187500 0.089843750 0.121093750 0.093750000 0.136718750 0.140625000 0.105468750 0.128906250 0.085937500 0.128906250 0.093750000 0.113281250 0.113281250 0.070312500 0.117187500 0.089843750 0.109375000 0.046875000 0.082031250 0.097656250 0.054687500 0.148437500 0.128906250 0.085937500 0.109375000 0.140625000 0.070312500 0.042968750 0.132812500 0.027343750 0.140625000 0.074218750 0.105468750 0.062500000 0.082031250 0.078125000 0.070312500 0.074218750 0.097656250 0.050781250 0.105468750 0.082031250 0.082031250 0.054687500 0.042968750 0.101562500 0.066406250 0.066406250 0.093750000 0.085937500 0.089843750 0.058593750 0.085937500 0.066406250 0.113281250 0.082031250 0.050781250 0.050781250 0.062500000 0.058593750 0.035156250 0.066406250 0.066406250 0.074218750 0.035156250 0.082031250 0.066406250 0.074218750 0.058593750 0.062500000 0.058593750 0.066406250 0.082031250 0.054687500 0.050781250 0.082031250 0.070312500 0.066406250 0.070312500 0.050781250 0.058593750 0.054687500 0.062500000 0.054687500 0.062500000 0.054687500 0.078125000 0.062500000 0.058593750 0.074218750 0.046875000 0.082031250 0.085937500 0.054687500 0.046875000 0.062500000 0.070312500 0.082031250 0.058593750 0.058593750 0.074218750 0.054687500 0.042968750 0.023437500 0.062500000 0.050781250 0.058593750 0.039062500 0.066406250 0.093750000 0.070312500 0.062500000 0.070312500 0.074218750 0.039062500 0.074218750 0.070312500 0.046875000 0.023437500 0.050781250 0.054687500 0.054687500 0.039062500 0.042968750 0.035156250 0.066406250 0.050781250 0.035156250 0.035156250 0.070312500 0.062500000 0.046875000 0.003906250 0.062500000 0.042968750 0.070312500 0.023437500 0.039062500 0.023437500 0.054687500 0.039062500 0.019531250 0.046875000 0.054687500 0.058593750 0.031250000 0.070312500 0.039062500 0.054687500 0.035156250 0.046875000 0.070312500 0.058593750 0.062500000 0.082031250 0.027343750 0.054687500 0.058593750 0.062500000 0.050781250 0.023437500 0.074218750 0.062500000 0.070312500 0.046875000 0.070312500 0.031250000 0.035156250 0.031250000 0.078125000 0.039062500 0.074218750 0.050781250 0.066406250 0.093750000 0.046875000 0.058593750 0.062500000 0.062500000 0.054687500 0.035156250 0.054687500 0.054687500 0.058593750 0.035156250 0.046875000 0.085937500 0.042968750 0.054687500 0.062500000 0.023437500 
0.156250000 0.312500000 0.503906250 0.437500000 2.019531250 1.132812500 1.636718750 8.421875000 4.074218750 1.593750000 0.789062500 0.800781250 0.863281250 0.558593750 0.550781250 0.773437500 0.941406250 0.550781250 0.414062500 0.390625000 0.332031250 0.351562500 0.257812500 0.281250000 0.226562500 0.253906250 0.175781250 0.195312500 0.199218750 0.179687500 0.164062500 0.199218750 0.183593750 0.164062500 0.105468750 0.156250000 0.128906250 0.175781250 0.070312500 0.074218750 0.164062500 0.136718750 0.019531250 0.238281250 0.183593750 0.199218750 0.156250000 0.109375000 0.101562500 0.093750000 0.066406250 0.089843750 0.160156250 0.156250000 0.140625000 0.085937500 0.023437500 0.128906250 0.101562500 0.117187500 0.054687500 0.062500000 0.097656250 0.140625000 0.062500000 0.097656250 0.074218750 0.101562500 0.113281250 0.101562500 0.089843750 0.050781250 0.066406250 0.031250000 0.082031250 0.085937500 0.082031250 0.074218750 0.097656250 0.070312500 0.062500000 0.089843750 0.101562500 0.105468750 0.074218750 0.082031250 0.109375000 0.054687500 0.085937500 0.062500000 0.082031250 0.050781250 0.074218750 0.109375000 0.058593750 0.046875000 0.046875000 0.054687500 0.085937500 0.078125000 0.054687500 0.039062500 0.046875000 0.023437500 0.093750000 0.082031250 0.039062500 0.027343750 0.042968750 0.046875000 0.007812500 0.039062500 0.085937500 0.039062500 0.050781250 0.031250000 0.050781250 0.050781250 0.042968750 0.074218750 0.074218750 0.042968750 0.089843750 0.023437500 0.039062500 0.027343750 0.031250000 0.082031250 0.042968750 0.023437500 0.050781250 0.062500000 0.042968750 0.039062500 0.066406250 0.019531250 0.023437500 0.078125000 0.019531250 0.035156250 0.070312500 0.054687500 0.027343750 0.046875000 0.027343750 0.046875000 0.042968750 0.027343750 0.042968750 0.058593750 0.035156250 0.015625000 0.078125000 0.105468750 0.050781250 0.054687500 0.054687500 0.039062500 0.042968750 0.035156250 0.058593750 0.027343750 0.019531250 0.031250000 0.039062500 0.042968750 0.035156250 0.062500000 0.054687500 0.050781250 0.019531250 0.031250000 0.031250000 0.042968750 0.019531250 0.066406250 0.027343750 0.019531250 0.046875000 0.007812500 0.042968750 0.074218750 0.015625000 0.058593750 0.003906250 0.039062500 0.027343750 0.023437500 0.031250000 0.042968750 0.023437500 0.031250000 0.035156250 0.035156250 0.027343750 0.011718750 0.054687500 0.023437500 0.058593750 0.015625000 0.023437500 0.011718750 0.062500000 0.039062500 0.031250000 0.031250000 0.046875000 0.050781250 0.031250000 0.046875000 0.023437500 0.046875000 0.023437500 0.023437500 0.019531250 0.015625000 0.042968750 0.058593750 0.015625000 0.015625000 0.027343750 0.074218750 0.031250000 0.031250000 0.042968750 0.035156250 0.027343750 0.039062500 0.035156250 0.054687500 0.050781250 0.046875000 0.039062500 0.058593750 0.035156250 0.039062500 0.058593750 0.035156250 0.031250000 0.054687500 0.019531250 0.011718750 0.039062500 0.027343750 0.027343750 0.035156250 0.035156250 0.011718750 0.042968750 0.015625000 0.039062500 0.019531250 0.039062500 0.062500000 0.031250000 0.019531250 0.062500000 
0.542968750 0.597656250 0.964843750 1.050781250 1.988281250 0.382812500 1.648437500 5.343750000 0.976562500 1.085937500 0.679687500 0.703125000 0.386718750 0.199218750 0.285156250 0.308593750 0.105468750 0.093750000 0.105468750 0.019531250 0.105468750 0.093750000 0.113281250 0.171875000 0.148437500 0.082031250 0.035156250 0.152343750 0.042968750 0.023437500 0.058593750 0.027343750 0.023437500 0.082031250 0.050781250 0.101562500 0.031250000 0.031250000 0.058593750 0.039062500 0.050781250 0.050781250 0.066406250 0.082031250 0.121093750 0.019531250 0.031250000 0.042968750 0.035156250 0.007812500 0.031250000 0.015625000 0.050781250 0.015625000 0.039062500 0.066406250 0.066406250 0.039062500 0.039062500 0.035156250 0.007812500 0.015625000 0.046875000 0.085937500 0.039062500 0.011718750 0.031250000 0.007812500 0.035156250 0.035156250 0.027343750 0.027343750 0.011718750 0.062500000 0.023437500 0.003906250 0.023437500 0.011718750 0.039062500 0.011718750 0.019531250 0.039062500 0.011718750 0.003906250 0.035156250 0.035156250 0.019531250 0.039062500 0.046875000 0.015625000 0.031250000 0.015625000 0.097656250 0.035156250 0.062500000 0.042968750 0.042968750 0.054687500 0.031250000 0.019531250 0.011718750 0.027343750 0.011718750 0.015625000 0.062500000 0.015625000 0.015625000 0.007812500 0.003906250 0.023437500 0.023437500 0.031250000 0.019531250 0.023437500 0.031250000 0.031250000 0.027343750 0.023437500 0.011718750 0.015625000 0.031250000 0.019531250 0.039062500 0.015625000 0.015625000 0.015625000 0.011718750 0.035156250 0.019531250 0.007812500 0.058593750 0.035156250 0.015625000 0.011718750 0.019531250 0.042968750 0.011718750 0.050781250 0.031250000 0.023437500 0.039062500 0.027343750 0.007812500 0.023437500 0.031250000 0.019531250 0.015625000 0.027343750 0.023437500 0.050781250 0.011718750 0.015625000 0.039062500 0.035156250 0.011718750 0.007812500 0.023437500 0.015625000 0.003906250 0.027343750 0.007812500 0.019531250 0.007812500 0.035156250 0.007812500 0.015625000 0.019531250 0.015625000 0.046875000 0.011718750 0.039062500 0.031250000 0.031250000 0.023437500 0.035156250 0.019531250 0.042968750 0.015625000 0.023437500 0.035156250 0.007812500 0.035156250 0.039062500 0.050781250 0.019531250 0.007812500 0.015625000 0.019531250 0.039062500 0.011718750 0.039062500 0.015625000 0.015625000 0.031250000 0.035156250 0.035156250 0.023437500 0.015625000 0.023437500 0.031250000 0.007812500 0.011718750 0.031250000 0.011718750 0.046875000 0.023437500 0.007812500 0.027343750 0.054687500 0.035156250 0.011718750 0.015625000 0.031250000 0.015625000 0.011718750 0.019531250 0.039062500 0.027343750 0.019531250 0.019531250 0.035156250 0.019531250 0.003906250 0.015625000 0.011718750 0.015625000 0.011718750 0.011718750 0.027343750 0.007812500 0.027343750 0.039062500 0.027343750 0.035156250 0.015625000 0.015625000 0.007812500 0.011718750 0.011718750 0.023437500 0.023437500 0.007812500 0.019531250 0.039062500 0.003906250 0.023437500 0.031250000 0.023437500 0.027343750 0.015625000 0.027343750 0.015625000 0.015625000 0.023437500 0.023437500 0.031250000 0.003906250 
0.109375000 0.261718750 0.378906250 0.769531250 0.671875000 0.351562500 0.968750000 3.207031250 1.906250000 0.746093750 0.496093750 0.371093750 0.328125000 0.343750000 0.378906250 0.218750000 0.457031250 0.167968750 0.207031250 0.234375000 0.246093750 0.167968750 0.125000000 0.167968750 0.101562500 0.222656250 0.089843750 0.179687500 0.203125000 0.179687500 0.175781250 0.136718750 0.125000000 0.078125000 0.109375000 0.125000000 0.105468750 0.101562500 0.144531250 0.117187500 0.066406250 0.066406250 0.074218750 0.070312500 0.074218750 0.058593750 0.066406250 0.062500000 0.109375000 0.066406250 0.054687500 0.066406250 0.093750000 0.070312500 0.015625000 0.097656250 0.144531250 0.085937500 0.078125000 0.054687500 0.078125000 0.074218750 0.105468750 0.093750000 0.050781250 0.050781250 0.042968750 0.062500000 0.085937500 0.023437500 0.027343750 0.054687500 0.101562500 0.058593750 0.062500000 0.062500000 0.062500000 0.042968750 0.066406250 0.039062500 0.035156250 0.074218750 0.031250000 0.023437500 0.042968750 0.027343750 0.046875000 0.074218750 0.050781250 0.058593750 0.054687500 0.054687500 0.031250000 0.031250000 0.023437500 0.039062500 0.019531250 0.078125000 0.050781250 0.003906250 0.046875000 0.074218750 0.027343750 0.023437500 0.007812500 0.070312500 0.062500000 0.066406250 0.058593750 0.042968750 0.039062500 0.042968750 0.015625000 0.023437500 0.070312500 0.035156250 0.039062500 0.023437500 0.039062500 0.015625000 0.007812500 0.042968750 0.058593750 0.015625000 0.031250000 0.058593750 0.042968750 0.050781250 0.031250000 0.050781250 0.019531250 0.019531250 0.003906250 0.007812500 0.023437500 0.042968750 0.039062500 0.078125000 0.035156250 0.042968750 0.066406250 0.035156250 0.039062500 0.031250000 0.031250000 0.035156250 0.015625000 0.058593750 0.042968750 0.046875000 0.019531250 0.039062500 0.023437500 0.050781250 0.035156250 0.042968750 0.042968750 0.039062500 0.027343750 0.011718750 0.046875000 0.046875000 0.035156250 0.062500000 0.050781250 0.035156250 0.035156250 0.046875000 0.039062500 0.019531250 0.058593750 0.015625000 0.046875000 0.042968750 0.085937500 0.050781250 0.054687500 0.042968750 0.039062500 0.035156250 0.019531250 0.050781250 0.003906250 0.046875000 0.019531250 0.007812500 0.031250000 0.023437500 0.042968750 0.015625000 0.054687500 0.031250000 0.035156250 0.011718750 0.035156250 0.039062500 0.035156250 0.019531250 0.035156250 0.011718750 0.042968750 0.042968750 0.031250000 0.027343750 0.011718750 0.031250000 0.015625000 0.046875000 0.046875000 0.011718750 0.042968750 0.015625000 0.019531250 0.027343750 0.015625000 0.035156250 0.015625000 0.023437500 0.039062500 0.042968750 0.042968750 0.039062500 0.019531250 0.023437500 0.035156250 0.023437500 0.031250000 0.023437500 0.011718750 0.015625000 0.027343750 0.015625000 0.027343750 0.031250000 0.042968750 0.035156250 0.003906250 0.007812500 0.039062500 0.035156250 0.027343750 0.023437500 0.007812500 0.046875000 0.023437500 0.050781250 0.031250000 0.007812500 0.027343750 0.046875000 0.035156250 0.019531250 0.039062500 0.042968750 0.011718750 0.011718750 0.015625000 
0.082031250 0.128906250 0.218750000 0.441406250 0.277343750 0.734375000 0.433593750 2.707031250 1.644531250 0.332031250 0.347656250 0.246093750 0.316406250 0.050781250 0.312500000 0.203125000 0.085937500 0.089843750 0.062500000 0.066406250 0.023437500 0.011718750 0.035156250 0.023437500 0.070312500 0.031250000 0.082031250 0.085937500 0.199218750 0.085937500 0.062500000 0.003906250 0.019531250 0.042968750 0.062500000 0.078125000 0.015625000 0.035156250 0.031250000 0.144531250 0.058593750 0.027343750 0.015625000 0.023437500 0.023437500 0.058593750 0.046875000 0.082031250 0.027343750 0.011718750 0.007812500 0.023437500 0.023437500 0.027343750 0.062500000 0.023437500 0.070312500 0.027343750 0.015625000 0.003906250 0.019531250 0.027343750 0.042968750 0.031250000 0.031250000 0.015625000 0.015625000 0.015625000 0.042968750 0.011718750 0.039062500 0.023437500 0.058593750 0.050781250 0.039062500 0.019531250 0.019531250 0.027343750 0.046875000 0.015625000 0.015625000 0.039062500 0.035156250 0.011718750 0.019531250 0.031250000 0.046875000 0.042968750 0.019531250 0.027343750 0.046875000 0.019531250 0.046875000 0.046875000 0.027343750 0.011718750 0.050781250 0.019531250 0.015625000 0.007812500 0.042968750 0.035156250 0.007812500 0.027343750 0.058593750 0.035156250 0.007812500 0.019531250 0.019531250 0.019531250 0.023437500 0.003906250 0.027343750 0.039062500 0.019531250 0.031250000 0.003906250 0.015625000 0.003906250 0.027343750 0.023437500 0.027343750 0.027343750 0.011718750 0.019531250 0.015625000 0.007812500 0.015625000 0.031250000 0.027343750 0.015625000 0.007812500 0.015625000 0.015625000 0.007812500 0.027343750 0.003906250 0.042968750 0.035156250 0.015625000 0.031250000 0.007812500 0.023437500 0.027343750 0.035156250 0.019531250 0.011718750 0.019531250 0.023437500 0.035156250 0.027343750 0.023437500 0.003906250 0.007812500 0.031250000 0.007812500 0.011718750 0.023437500 0.011718750 0.015625000 0.019531250 0.039062500 0.019531250 0.031250000 0.019531250 0.027343750 0.015625000 0.027343750 0.042968750 0.015625000 0.015625000 0.039062500 0.011718750 0.042968750 0.035156250 0.035156250 0.007812500 0.015625000 0.027343750 0.046875000 0.039062500 0.042968750 0.015625000 0.019531250 0.011718750 0.019531250 0.007812500 0.019531250 0.019531250 0.027343750 0.042968750 0.019531250 0.019531250 0.023437500 0.023437500 0.019531250 0.019531250 0.003906250 0.015625000 0.015625000 0.015625000 0.003906250 0.007812500 0.039062500 0.015625000 0.015625000 0.019531250 0.027343750 0.035156250 0.023437500 0.035156250 0.003906250 0.027343750 0.011718750 0.019531250 0.027343750 0.015625000 0.011718750 0.003906250 0.015625000 0.039062500 0.003906250 0.027343750 0.011718750 0.007812500 0.003906250 0.011718750 0.015625000 0.007812500 0.027343750 0.011718750 0.031250000 0.019531250 0.011718750 0.015625000 0.011718750 0.027343750 0.015625000 0.023437500 0.015625000 0.011718750 0.015625000 0.023437500 0.019531250 0.011718750 0.019531250 0.015625000 0.015625000 0.035156250 0.031250000 0.007812500 0.000000000 0.015625000 0.023437500 0.023437500 0.019531250 0.003906250 
0.050781250 0.007812500 0.496093750 0.375000000 0.664062500 0.738281250 0.488281250 1.914062500 1.121093750 0.488281250 0.183593750 0.191406250 0.144531250 0.082031250 0.226562500 0.121093750 0.046875000 0.039062500 0.042968750 0.093750000 0.082031250 0.089843750 0.046875000 0.046875000 0.148437500 0.125000000 0.085937500 0.128906250 0.117187500 0.042968750 0.042968750 0.050781250 0.050781250 0.031250000 0.062500000 0.054687500 0.054687500 0.035156250 0.058593750 0.082031250 0.144531250 0.054687500 0.042968750 0.062500000 0.011718750 0.058593750 0.042968750 0.054687500 0.035156250 0.042968750 0.058593750 0.035156250 0.003906250 0.015625000 0.042968750 0.019531250 0.042968750 0.019531250 0.011718750 0.031250000 0.046875000 0.023437500 0.003906250 0.023437500 0.011718750 0.023437500 0.027343750 0.023437500 0.035156250 0.035156250 0.015625000 0.050781250 0.031250000 0.046875000 0.050781250 0.015625000 0.027343750 0.011718750 0.031250000 0.042968750 0.015625000 0.023437500 0.046875000 0.011718750 0.031250000 0.054687500 0.015625000 0.015625000 0.027343750 0.011718750 0.046875000 0.035156250 0.058593750 0.007812500 0.023437500 0.027343750 0.066406250 0.027343750 0.035156250 0.035156250 0.031250000 0.019531250 0.031250000 0.035156250 0.039062500 0.042968750 0.007812500 0.015625000 0.019531250 0.011718750 0.035156250 0.011718750 0.023437500 0.039062500 0.019531250 0.031250000 0.019531250 0.007812500 0.015625000 0.035156250 0.023437500 0.050781250 0.027343750 0.027343750 0.011718750 0.015625000 0.023437500 0.007812500 0.039062500 0.042968750 0.023437500 0.015625000 0.015625000 0.035156250 0.011718750 0.011718750 0.007812500 0.039062500 0.023437500 0.035156250 0.031250000 0.007812500 0.003906250 0.007812500 0.027343750 0.019531250 0.023437500 0.042968750 0.000000000 0.023437500 0.011718750 0.039062500 0.019531250 0.015625000 0.019531250 0.019531250 0.007812500 0.019531250 0.007812500 0.019531250 0.019531250 0.031250000 0.019531250 0.035156250 0.023437500 0.019531250 0.019531250 0.023437500 0.031250000 0.023437500 0.015625000 0.007812500 0.019531250 0.027343750 0.027343750 0.027343750 0.007812500 0.011718750 0.039062500 0.050781250 0.027343750 0.031250000 0.007812500 0.011718750 0.031250000 0.023437500 0.019531250 0.027343750 0.007812500 0.019531250 0.019531250 0.015625000 0.023437500 0.027343750 0.019531250 0.007812500 0.019531250 0.007812500 0.015625000 0.003906250 0.003906250 0.000000000 0.023437500 0.015625000 0.019531250 0.015625000 0.011718750 0.015625000 0.019531250 0.003906250 0.019531250 0.019531250 0.011718750 0.023437500 0.007812500 0.015625000 0.011718750 0.007812500 0.011718750 0.015625000 0.039062500 0.011718750 0.031250000 0.011718750 0.007812500 0.007812500 0.011718750 0.023437500 0.007812500 0.027343750 0.019531250 0.019531250 0.011718750 0.007812500 0.023437500 0.011718750 0.019531250 0.023437500 0.023437500 0.011718750 0.019531250 0.015625000 0.011718750 0.007812500 0.011718750 0.011718750 0.015625000 0.027343750 0.027343750 0.042968750 0.000000000 0.003906250 0.007812500 0.035156250 0.007812500 0.015625000 0.003906250 
0.031250000 0.210937500 0.554687500 0.281250000 0.691406250 0.828125000 0.566406250 0.808593750 0.453125000 0.265625000 0.164062500 0.140625000 0.234375000 0.042968750 0.226562500 0.101562500 0.074218750 0.003906250 0.070312500 0.070312500 0.058593750 0.078125000 0.027343750 0.050781250 0.125000000 0.175781250 0.066406250 0.042968750 0.187500000 0.175781250 0.054687500 0.011718750 0.082031250 0.058593750 0.042968750 0.007812500 0.066406250 0.066406250 0.042968750 0.105468750 0.132812500 0.058593750 0.015625000 0.031250000 0.027343750 0.039062500 0.050781250 0.023437500 0.054687500 0.058593750 0.050781250 0.023437500 0.015625000 0.015625000 0.031250000 0.007812500 0.027343750 0.042968750 0.019531250 0.046875000 0.031250000 0.027343750 0.019531250 0.019531250 0.027343750 0.046875000 0.019531250 0.015625000 0.039062500 0.027343750 0.031250000 0.031250000 0.015625000 0.074218750 0.031250000 0.015625000 0.023437500 0.007812500 0.027343750 0.027343750 0.011718750 0.011718750 0.054687500 0.031250000 0.019531250 0.023437500 0.039062500 0.031250000 0.015625000 0.027343750 0.039062500 0.039062500 0.035156250 0.027343750 0.011718750 0.027343750 0.046875000 0.050781250 0.031250000 0.027343750 0.019531250 0.023437500 0.031250000 0.039062500 0.035156250 0.027343750 0.015625000 0.003906250 0.019531250 0.027343750 0.031250000 0.007812500 0.027343750 0.027343750 0.011718750 0.015625000 0.007812500 0.023437500 0.019531250 0.042968750 0.011718750 0.046875000 0.023437500 0.031250000 0.015625000 0.027343750 0.011718750 0.019531250 0.046875000 0.042968750 0.023437500 0.003906250 0.027343750 0.027343750 0.023437500 0.019531250 0.015625000 0.019531250 0.023437500 0.007812500 0.011718750 0.019531250 0.003906250 0.007812500 0.011718750 0.031250000 0.031250000 0.023437500 0.019531250 0.031250000 0.011718750 0.015625000 0.011718750 0.023437500 0.015625000 0.023437500 0.007812500 0.015625000 0.019531250 0.003906250 0.011718750 0.023437500 0.027343750 0.031250000 0.007812500 0.023437500 0.015625000 0.031250000 0.023437500 0.015625000 0.023437500 0.007812500 0.015625000 0.011718750 0.019531250 0.023437500 0.015625000 0.011718750 0.023437500 0.019531250 0.019531250 0.039062500 0.011718750 0.015625000 0.031250000 0.019531250 0.015625000 0.011718750 0.031250000 0.007812500 0.003906250 0.019531250 0.023437500 0.027343750 0.027343750 0.015625000 0.003906250 0.003906250 0.007812500 0.003906250 0.003906250 0.011718750 0.015625000 0.011718750 0.023437500 0.003906250 0.015625000 0.015625000 0.011718750 0.011718750 0.007812500 0.027343750 0.011718750 0.023437500 0.023437500 0.003906250 0.015625000 0.007812500 0.011718750 0.019531250 0.027343750 0.011718750 0.015625000 0.007812500 0.003906250 0.007812500 0.007812500 0.011718750 0.007812500 0.023437500 0.011718750 0.007812500 0.011718750 0.007812500 0.011718750 0.031250000 0.007812500 0.011718750 0.015625000 0.015625000 0.023437500 0.011718750 0.007812500 0.003906250 0.007812500 0.007812500 0.011718750 0.035156250 0.019531250 0.035156250 0.007812500 0.011718750 0.007812500 0.015625000 0.015625000 0.007812500 0.015625000 
0.132812500 0.230468750 0.558593750 0.335937500 0.812500000 0.398437500 0.433593750 0.148437500 0.183593750 0.160156250 0.144531250 0.058593750 0.093750000 0.039062500 0.179687500 0.039062500 0.070312500 0.035156250 0.046875000 0.058593750 0.089843750 0.089843750 0.023437500 0.074218750 0.160156250 0.152343750 0.058593750 0.167968750 0.152343750 0.046875000 0.070312500 0.035156250 0.054687500 0.042968750 0.046875000 0.035156250 0.062500000 0.035156250 0.031250000 0.128906250 0.082031250 0.085937500 0.023437500 0.039062500 0.015625000 0.015625000 0.035156250 0.054687500 0.031250000 0.082031250 0.058593750 0.015625000 0.031250000 0.046875000 0.039062500 0.011718750 0.019531250 0.035156250 0.035156250 0.039062500 0.031250000 0.027343750 0.027343750 0.035156250 0.015625000 0.039062500 0.027343750 0.011718750 0.023437500 0.003906250 0.062500000 0.007812500 0.011718750 0.058593750 0.035156250 0.019531250 0.019531250 0.003906250 0.015625000 0.011718750 0.046875000 0.050781250 0.015625000 0.031250000 0.015625000 0.015625000 0.039062500 0.019531250 0.035156250 0.000000000 0.015625000 0.039062500 0.011718750 0.031250000 0.027343750 0.054687500 0.035156250 0.042968750 0.015625000 0.035156250 0.011718750 0.019531250 0.019531250 0.027343750 0.023437500 0.007812500 0.011718750 0.007812500 0.023437500 0.027343750 0.023437500 0.027343750 0.011718750 0.019531250 0.015625000 0.003906250 0.011718750 0.027343750 0.003906250 0.031250000 0.011718750 0.039062500 0.035156250 0.015625000 0.011718750 0.027343750 0.007812500 0.019531250 0.050781250 0.031250000 0.031250000 0.007812500 0.031250000 0.019531250 0.023437500 0.007812500 0.003906250 0.019531250 0.023437500 0.007812500 0.007812500 0.011718750 0.015625000 0.007812500 0.019531250 0.015625000 0.046875000 0.015625000 0.031250000 0.019531250 0.015625000 0.007812500 0.011718750 0.019531250 0.011718750 0.011718750 0.015625000 0.011718750 0.015625000 0.011718750 0.015625000 0.019531250 0.011718750 0.031250000 0.007812500 0.007812500 0.011718750 0.007812500 0.019531250 0.003906250 0.015625000 0.011718750 0.000000000 0.023437500 0.015625000 0.027343750 0.015625000 0.003906250 0.007812500 0.007812500 0.007812500 0.031250000 0.023437500 0.011718750 0.035156250 0.019531250 0.015625000 0.003906250 0.019531250 0.007812500 0.007812500 0.031250000 0.011718750 0.019531250 0.027343750 0.011718750 0.007812500 0.007812500 0.007812500 0.011718750 0.015625000 0.003906250 0.011718750 0.007812500 0.023437500 0.011718750 0.007812500 0.031250000 0.011718750 0.011718750 0.007812500 0.007812500 0.011718750 0.019531250 0.027343750 0.007812500 0.015625000 0.007812500 0.019531250 0.011718750 0.015625000 0.007812500 0.015625000 0.011718750 0.003906250 0.007812500 0.007812500 0.007812500 0.007812500 0.011718750 0.007812500 0.019531250 0.003906250 0.011718750 0.007812500 0.031250000 0.003906250 0.011718750 0.007812500 0.003906250 0.003906250 0.023437500 0.003906250 0.007812500 0.019531250 0.007812500 0.015625000 0.019531250 0.023437500 0.019531250 0.007812500 0.011718750 0.015625000 0.000000000 0.019531250 0.007812500 0.007812500 
0.031250000 0.121093750 0.636718750 0.230468750 0.660156250 0.175781250 0.156250000 0.140625000 0.281250000 0.062500000 0.191406250 0.035156250 0.089843750 0.007812500 0.265625000 0.101562500 0.113281250 0.031250000 0.031250000 0.003906250 0.089843750 0.035156250 0.089843750 0.027343750 0.105468750 0.117187500 0.164062500 0.152343750 0.195312500 0.175781250 0.058593750 0.007812500 0.089843750 0.011718750 0.035156250 0.062500000 0.070312500 0.046875000 0.097656250 0.007812500 0.027343750 0.031250000 0.023437500 0.054687500 0.011718750 0.035156250 0.015625000 0.058593750 0.023437500 0.011718750 0.074218750 0.011718750 0.027343750 0.042968750 0.031250000 0.039062500 0.035156250 0.050781250 0.015625000 0.007812500 0.019531250 0.015625000 0.042968750 0.058593750 0.046875000 0.027343750 0.058593750 0.007812500 0.019531250 0.039062500 0.039062500 0.015625000 0.027343750 0.015625000 0.007812500 0.003906250 0.023437500 0.007812500 0.007812500 0.046875000 0.023437500 0.042968750 0.015625000 0.062500000 0.011718750 0.019531250 0.031250000 0.023437500 0.019531250 0.039062500 0.027343750 0.011718750 0.023437500 0.027343750 0.039062500 0.027343750 0.003906250 0.023437500 0.019531250 0.031250000 0.015625000 0.023437500 0.019531250 0.007812500 0.015625000 0.000000000 0.015625000 0.011718750 0.019531250 0.023437500 0.019531250 0.031250000 0.007812500 0.031250000 0.019531250 0.019531250 0.019531250 0.027343750 0.027343750 0.011718750 0.027343750 0.023437500 0.023437500 0.007812500 0.031250000 0.007812500 0.031250000 0.046875000 0.015625000 0.003906250 0.007812500 0.015625000 0.011718750 0.019531250 0.007812500 0.007812500 0.019531250 0.042968750 0.007812500 0.015625000 0.007812500 0.011718750 0.019531250 0.015625000 0.011718750 0.011718750 0.019531250 0.027343750 0.003906250 0.027343750 0.015625000 0.011718750 0.003906250 0.015625000 0.023437500 0.011718750 0.015625000 0.019531250 0.003906250 0.027343750 0.027343750 0.019531250 0.011718750 0.019531250 0.011718750 0.011718750 0.011718750 0.011718750 0.011718750 0.011718750 0.011718750 0.003906250 0.011718750 0.027343750 0.019531250 0.019531250 0.019531250 0.015625000 0.003906250 0.007812500 0.027343750 0.019531250 0.019531250 0.015625000 0.015625000 0.007812500 0.011718750 0.015625000 0.011718750 0.011718750 0.003906250 0.027343750 0.003906250 0.000000000 0.027343750 0.003906250 0.003906250 0.007812500 0.007812500 0.031250000 0.015625000 0.027343750 0.007812500 0.003906250 0.003906250 0.007812500 0.003906250 0.035156250 0.011718750 0.007812500 0.019531250 0.007812500 0.007812500 0.019531250 0.019531250 0.011718750 0.011718750 0.003906250 0.015625000 0.003906250 0.003906250 0.007812500 0.015625000 0.003906250 0.015625000 0.007812500 0.015625000 0.011718750 0.015625000 0.007812500 0.011718750 0.027343750 0.007812500 0.011718750 0.007812500 0.023437500 0.003906250 0.019531250 0.015625000 0.019531250 0.023437500 0.003906250 0.023437500 0.011718750 0.015625000 0.003906250 0.011718750 0.015625000 0.019531250 0.015625000 0.007812500 0.015625000 0.007812500 0.019531250 0.003906250 0.019531250 0.000000000 
0.214843750 0.285156250 0.332031250 0.214843750 0.425781250 0.441406250 0.136718750 0.164062500 0.117187500 0.156250000 0.156250000 0.035156250 0.035156250 0.171875000 0.343750000 0.109375000 0.054687500 0.019531250 0.035156250 0.035156250 0.105468750 0.058593750 0.058593750 0.066406250 0.148437500 0.054687500 0.121093750 0.156250000 0.140625000 0.046875000 0.093750000 0.027343750 0.074218750 0.039062500 0.054687500 0.027343750 0.019531250 0.023437500 0.062500000 0.046875000 0.058593750 0.035156250 0.050781250 0.019531250 0.035156250 0.023437500 0.035156250 0.042968750 0.035156250 0.019531250 0.054687500 0.019531250 0.031250000 0.054687500 0.035156250 0.046875000 0.015625000 0.046875000 0.042968750 0.039062500 0.039062500 0.023437500 0.070312500 0.035156250 0.027343750 0.027343750 0.054687500 0.011718750 0.015625000 0.035156250 0.027343750 0.019531250 0.031250000 0.015625000 0.011718750 0.007812500 0.015625000 0.011718750 0.019531250 0.027343750 0.007812500 0.035156250 0.042968750 0.023437500 0.039062500 0.000000000 0.039062500 0.023437500 0.023437500 0.042968750 0.019531250 0.023437500 0.035156250 0.015625000 0.019531250 0.054687500 0.015625000 0.011718750 0.039062500 0.007812500 0.023437500 0.027343750 0.011718750 0.007812500 0.015625000 0.015625000 0.011718750 0.011718750 0.007812500 0.015625000 0.011718750 0.003906250 0.031250000 0.035156250 0.023437500 0.031250000 0.011718750 0.011718750 0.000000000 0.027343750 0.019531250 0.007812500 0.007812500 0.031250000 0.015625000 0.015625000 0.031250000 0.039062500 0.007812500 0.031250000 0.023437500 0.011718750 0.011718750 0.019531250 0.019531250 0.015625000 0.031250000 0.027343750 0.011718750 0.015625000 0.007812500 0.023437500 0.011718750 0.019531250 0.015625000 0.011718750 0.019531250 0.027343750 0.000000000 0.023437500 0.027343750 0.007812500 0.015625000 0.019531250 0.023437500 0.011718750 0.015625000 0.015625000 0.015625000 0.039062500 0.019531250 0.019531250 0.007812500 0.011718750 0.007812500 0.003906250 0.011718750 0.007812500 0.015625000 0.023437500 0.003906250 0.003906250 0.007812500 0.019531250 0.007812500 0.031250000 0.007812500 0.011718750 0.007812500 0.000000000 0.015625000 0.003906250 0.015625000 0.027343750 0.007812500 0.000000000 0.011718750 0.015625000 0.011718750 0.015625000 0.003906250 0.019531250 0.003906250 0.000000000 0.019531250 0.007812500 0.011718750 0.007812500 0.007812500 0.027343750 0.015625000 0.027343750 0.015625000 0.011718750 0.015625000 0.019531250 0.015625000 0.027343750 0.023437500 0.011718750 0.011718750 0.011718750 0.007812500 0.015625000 0.011718750 0.007812500 0.007812500 0.015625000 0.007812500 0.003906250 0.003906250 0.007812500 0.007812500 0.015625000 0.003906250 0.003906250 0.011718750 0.011718750 0.011718750 0.019531250 0.007812500 0.023437500 0.019531250 0.007812500 0.023437500 0.011718750 0.003906250 0.015625000 0.007812500 0.011718750 0.027343750 0.019531250 0.035156250 0.007812500 0.003906250 0.011718750 0.007812500 0.015625000 0.007812500 0.015625000 0.015625000 0.019531250 0.003906250 0.019531250 0.007812500 0.015625000 0.003906250 
0.191406250 0.277343750 0.328125000 0.144531250 0.332031250 0.312500000 0.316406250 0.093750000 0.035156250 0.132812500 0.042968750 0.015625000 0.117187500 0.335937500 0.199218750 0.066406250 0.042968750 0.066406250 0.078125000 0.105468750 0.089843750 0.128906250 0.019531250 0.027343750 0.121093750 0.109375000 0.140625000 0.054687500 0.097656250 0.136718750 0.089843750 0.027343750 0.050781250 0.011718750 0.074218750 0.062500000 0.039062500 0.070312500 0.011718750 0.039062500 0.039062500 0.031250000 0.042968750 0.031250000 0.011718750 0.027343750 0.019531250 0.031250000 0.035156250 0.035156250 0.035156250 0.027343750 0.019531250 0.035156250 0.058593750 0.023437500 0.011718750 0.046875000 0.046875000 0.031250000 0.046875000 0.042968750 0.035156250 0.058593750 0.035156250 0.015625000 0.046875000 0.042968750 0.042968750 0.011718750 0.019531250 0.031250000 0.015625000 0.031250000 0.011718750 0.031250000 0.027343750 0.050781250 0.011718750 0.007812500 0.050781250 0.011718750 0.035156250 0.015625000 0.046875000 0.011718750 0.027343750 0.027343750 0.019531250 0.046875000 0.027343750 0.023437500 0.023437500 0.039062500 0.007812500 0.035156250 0.019531250 0.023437500 0.027343750 0.011718750 0.023437500 0.019531250 0.011718750 0.015625000 0.015625000 0.031250000 0.019531250 0.019531250 0.019531250 0.015625000 0.015625000 0.011718750 0.035156250 0.019531250 0.031250000 0.019531250 0.011718750 0.015625000 0.023437500 0.011718750 0.027343750 0.015625000 0.027343750 0.015625000 0.015625000 0.015625000 0.042968750 0.023437500 0.003906250 0.035156250 0.015625000 0.023437500 0.011718750 0.015625000 0.011718750 0.039062500 0.015625000 0.023437500 0.011718750 0.015625000 0.007812500 0.023437500 0.011718750 0.023437500 0.019531250 0.000000000 0.011718750 0.019531250 0.003906250 0.019531250 0.031250000 0.003906250 0.019531250 0.015625000 0.011718750 0.023437500 0.023437500 0.007812500 0.023437500 0.031250000 0.011718750 0.015625000 0.011718750 0.007812500 0.011718750 0.007812500 0.015625000 0.007812500 0.019531250 0.011718750 0.003906250 0.011718750 0.007812500 0.015625000 0.007812500 0.031250000 0.003906250 0.011718750 0.007812500 0.007812500 0.003906250 0.003906250 0.019531250 0.019531250 0.015625000 0.015625000 0.019531250 0.007812500 0.007812500 0.003906250 0.015625000 0.007812500 0.003906250 0.007812500 0.007812500 0.011718750 0.011718750 0.003906250 0.011718750 0.019531250 0.011718750 0.035156250 0.011718750 0.019531250 0.019531250 0.015625000 0.023437500 0.019531250 0.023437500 0.011718750 0.007812500 0.015625000 0.011718750 0.019531250 0.011718750 0.007812500 0.007812500 0.007812500 0.015625000 0.011718750 0.015625000 0.011718750 0.019531250 0.007812500 0.000000000 0.007812500 0.007812500 0.019531250 0.007812500 0.015625000 0.003906250 0.023437500 0.011718750 0.011718750 0.027343750 0.000000000 0.007812500 0.007812500 0.011718750 0.003906250 0.023437500 0.027343750 0.023437500 0.019531250 0.007812500 0.003906250 0.003906250 0.015625000 0.003906250 0.007812500 0.027343750 0.019531250 0.015625000 0.023437500 0.015625000 0.003906250 0.011718750 
0.113281250 0.281250000 0.257812500 0.390625000 0.050781250 0.113281250 0.179687500 0.195312500 0.171875000 0.054687500 0.050781250 0.085937500 0.175781250 0.207031250 0.140625000 0.089843750 0.101562500 0.035156250 0.023437500 0.082031250 0.050781250 0.160156250 0.105468750 0.082031250 0.164062500 0.109375000 0.101562500 0.070312500 0.027343750 0.089843750 0.089843750 0.027343750 0.046875000 0.031250000 0.062500000 0.082031250 0.046875000 0.042968750 0.035156250 0.019531250 0.050781250 0.031250000 0.042968750 0.023437500 0.019531250 0.000000000 0.011718750 0.019531250 0.007812500 0.003906250 0.039062500 0.027343750 0.054687500 0.031250000 0.058593750 0.035156250 0.042968750 0.066406250 0.035156250 0.019531250 0.046875000 0.015625000 0.046875000 0.058593750 0.035156250 0.042968750 0.042968750 0.050781250 0.027343750 0.027343750 0.031250000 0.054687500 0.011718750 0.027343750 0.011718750 0.035156250 0.035156250 0.042968750 0.015625000 0.007812500 0.042968750 0.015625000 0.027343750 0.015625000 0.039062500 0.007812500 0.027343750 0.019531250 0.031250000 0.023437500 0.046875000 0.039062500 0.015625000 0.007812500 0.031250000 0.027343750 0.007812500 0.023437500 0.019531250 0.019531250 0.015625000 0.007812500 0.011718750 0.023437500 0.007812500 0.019531250 0.023437500 0.011718750 0.019531250 0.031250000 0.027343750 0.003906250 0.023437500 0.027343750 0.003906250 0.011718750 0.011718750 0.027343750 0.011718750 0.003906250 0.023437500 0.007812500 0.031250000 0.011718750 0.027343750 0.003906250 0.035156250 0.015625000 0.019531250 0.031250000 0.031250000 0.011718750 0.019531250 0.011718750 0.019531250 0.023437500 0.019531250 0.007812500 0.015625000 0.011718750 0.011718750 0.000000000 0.023437500 0.019531250 0.015625000 0.007812500 0.011718750 0.015625000 0.007812500 0.007812500 0.023437500 0.007812500 0.007812500 0.031250000 0.011718750 0.003906250 0.003906250 0.019531250 0.023437500 0.007812500 0.023437500 0.011718750 0.007812500 0.003906250 0.019531250 0.011718750 0.015625000 0.007812500 0.015625000 0.007812500 0.007812500 0.019531250 0.007812500 0.003906250 0.027343750 0.019531250 0.003906250 0.019531250 0.027343750 0.011718750 0.003906250 0.007812500 0.011718750 0.015625000 0.003906250 0.035156250 0.007812500 0.015625000 0.007812500 0.003906250 0.011718750 0.007812500 0.019531250 0.011718750 0.011718750 0.000000000 0.007812500 0.011718750 0.007812500 0.003906250 0.015625000 0.023437500 0.007812500 0.011718750 0.031250000 0.003906250 0.011718750 0.027343750 0.000000000 0.019531250 0.003906250 0.003906250 0.007812500 0.015625000 0.007812500 0.019531250 0.003906250 0.015625000 0.019531250 0.011718750 0.011718750 0.011718750 0.019531250 0.007812500 0.007812500 0.011718750 0.007812500 0.019531250 0.007812500 0.015625000 0.007812500 0.011718750 0.011718750 0.007812500 0.023437500 0.007812500 0.003906250 0.007812500 0.011718750 0.019531250 0.003906250 0.011718750 0.015625000 0.023437500 0.011718750 0.011718750 0.019531250 0.007812500 0.007812500 0.007812500 0.031250000 0.015625000 0.003906250 0.015625000 0.011718750 0.003906250 0.011718750 
0.113281250 0.148437500 0.210937500 0.382812500 0.136718750 0.242187500 0.121093750 0.015625000 0.046875000 0.058593750 0.097656250 0.109375000 0.132812500 0.105468750 0.121093750 0.039062500 0.046875000 0.062500000 0.050781250 0.046875000 0.093750000 0.199218750 0.105468750 0.039062500 0.191406250 0.011718750 0.019531250 0.066406250 0.082031250 0.074218750 0.042968750 0.062500000 0.042968750 0.046875000 0.054687500 0.070312500 0.050781250 0.035156250 0.031250000 0.031250000 0.031250000 0.070312500 0.019531250 0.019531250 0.023437500 0.011718750 0.042968750 0.042968750 0.050781250 0.035156250 0.031250000 0.011718750 0.062500000 0.070312500 0.031250000 0.042968750 0.042968750 0.050781250 0.027343750 0.023437500 0.046875000 0.003906250 0.070312500 0.015625000 0.054687500 0.058593750 0.054687500 0.027343750 0.046875000 0.046875000 0.019531250 0.054687500 0.023437500 0.015625000 0.031250000 0.031250000 0.042968750 0.046875000 0.023437500 0.023437500 0.011718750 0.019531250 0.027343750 0.011718750 0.011718750 0.042968750 0.023437500 0.011718750 0.015625000 0.023437500 0.019531250 0.015625000 0.046875000 0.023437500 0.019531250 0.000000000 0.015625000 0.027343750 0.011718750 0.007812500 0.000000000 0.011718750 0.011718750 0.007812500 0.019531250 0.023437500 0.027343750 0.011718750 0.035156250 0.031250000 0.019531250 0.011718750 0.007812500 0.015625000 0.015625000 0.007812500 0.007812500 0.019531250 0.007812500 0.011718750 0.007812500 0.015625000 0.023437500 0.023437500 0.015625000 0.027343750 0.007812500 0.015625000 0.003906250 0.031250000 0.019531250 0.007812500 0.003906250 0.011718750 0.015625000 0.015625000 0.007812500 0.015625000 0.011718750 0.015625000 0.015625000 0.007812500 0.023437500 0.011718750 0.003906250 0.011718750 0.011718750 0.015625000 0.003906250 0.007812500 0.003906250 0.027343750 0.015625000 0.019531250 0.007812500 0.023437500 0.015625000 0.015625000 0.011718750 0.015625000 0.019531250 0.011718750 0.011718750 0.011718750 0.031250000 0.007812500 0.007812500 0.007812500 0.015625000 0.007812500 0.007812500 0.019531250 0.019531250 0.011718750 0.007812500 0.015625000 0.011718750 0.019531250 0.019531250 0.015625000 0.003906250 0.003906250 0.000000000 0.019531250 0.007812500 0.023437500 0.007812500 0.027343750 0.011718750 0.000000000 0.015625000 0.015625000 0.007812500 0.015625000 0.019531250 0.007812500 0.007812500 0.011718750 0.007812500 0.015625000 0.007812500 0.003906250 0.007812500 0.011718750 0.035156250 0.019531250 0.027343750 0.015625000 0.007812500 0.027343750 0.011718750 0.011718750 0.007812500 0.019531250 0.011718750 0.007812500 0.015625000 0.011718750 0.015625000 0.011718750 0.003906250 0.019531250 0.007812500 0.015625000 0.007812500 0.011718750 0.007812500 0.019531250 0.011718750 0.007812500 0.015625000 0.003906250 0.007812500 0.011718750 0.015625000 0.011718750 0.007812500 0.003906250 0.015625000 0.011718750 0.011718750 0.003906250 0.011718750 0.011718750 0.023437500 0.011718750 0.023437500 0.015625000 0.011718750 0.011718750 0.027343750 0.007812500 0.007812500 0.011718750 0.007812500 0.003906250 0.003906250 
0.152343750 0.097656250 0.164062500 0.496093750 0.230468750 0.332031250 0.140625000 0.195312500 0.171875000 0.121093750 0.050781250 0.140625000 0.156250000 0.082031250 0.023437500 0.062500000 0.074218750 0.109375000 0.082031250 0.019531250 0.019531250 0.132812500 0.097656250 0.152343750 0.109375000 0.070312500 0.015625000 0.082031250 0.058593750 0.097656250 0.042968750 0.085937500 0.027343750 0.031250000 0.054687500 0.042968750 0.035156250 0.027343750 0.046875000 0.011718750 0.003906250 0.105468750 0.050781250 0.062500000 0.046875000 0.019531250 0.039062500 0.062500000 0.027343750 0.046875000 0.031250000 0.011718750 0.039062500 0.105468750 0.027343750 0.007812500 0.074218750 0.050781250 0.031250000 0.027343750 0.035156250 0.019531250 0.070312500 0.019531250 0.070312500 0.027343750 0.039062500 0.031250000 0.035156250 0.031250000 0.015625000 0.058593750 0.019531250 0.027343750 0.039062500 0.023437500 0.031250000 0.039062500 0.019531250 0.015625000 0.027343750 0.050781250 0.027343750 0.031250000 0.011718750 0.027343750 0.046875000 0.027343750 0.023437500 0.023437500 0.019531250 0.015625000 0.042968750 0.023437500 0.011718750 0.007812500 0.011718750 0.050781250 0.031250000 0.007812500 0.011718750 0.007812500 0.015625000 0.011718750 0.007812500 0.011718750 0.027343750 0.007812500 0.042968750 0.019531250 0.019531250 0.019531250 0.000000000 0.015625000 0.015625000 0.019531250 0.011718750 0.007812500 0.019531250 0.019531250 0.019531250 0.000000000 0.027343750 0.015625000 0.007812500 0.035156250 0.019531250 0.007812500 0.007812500 0.031250000 0.035156250 0.023437500 0.019531250 0.007812500 0.015625000 0.015625000 0.003906250 0.011718750 0.031250000 0.023437500 0.027343750 0.019531250 0.003906250 0.011718750 0.007812500 0.015625000 0.003906250 0.011718750 0.007812500 0.019531250 0.015625000 0.015625000 0.027343750 0.007812500 0.011718750 0.015625000 0.031250000 0.023437500 0.015625000 0.027343750 0.019531250 0.027343750 0.011718750 0.007812500 0.031250000 0.007812500 0.007812500 0.003906250 0.011718750 0.015625000 0.015625000 0.011718750 0.019531250 0.019531250 0.011718750 0.003906250 0.007812500 0.019531250 0.031250000 0.007812500 0.027343750 0.023437500 0.011718750 0.019531250 0.023437500 0.031250000 0.007812500 0.019531250 0.003906250 0.015625000 0.015625000 0.011718750 0.015625000 0.015625000 0.023437500 0.011718750 0.007812500 0.015625000 0.007812500 0.011718750 0.011718750 0.007812500 0.003906250 0.007812500 0.027343750 0.023437500 0.023437500 0.007812500 0.007812500 0.039062500 0.015625000 0.015625000 0.011718750 0.027343750 0.003906250 0.019531250 0.027343750 0.003906250 0.003906250 0.015625000 0.003906250 0.003906250 0.023437500 0.019531250 0.007812500 0.011718750 0.015625000 0.011718750 0.011718750 0.007812500 0.019531250 0.003906250 0.007812500 0.007812500 0.015625000 0.015625000 0.003906250 0.003906250 0.019531250 0.019531250 0.011718750 0.015625000 0.015625000 0.007812500 0.027343750 0.007812500 0.019531250 0.011718750 0.007812500 0.019531250 0.027343750 0.003906250 0.011718750 0.019531250 0.007812500 0.011718750 0.011718750 
0.179687500 0.230468750 0.410156250 0.542968750 0.714843750 0.445312500 0.089843750 0.148437500 0.062500000 0.070312500 0.152343750 0.218750000 0.183593750 0.050781250 0.097656250 0.132812500 0.050781250 0.128906250 0.078125000 0.027343750 0.050781250 0.105468750 0.097656250 0.070312500 0.078125000 0.074218750 0.050781250 0.101562500 0.011718750 0.031250000 0.046875000 0.027343750 0.058593750 0.050781250 0.074218750 0.058593750 0.027343750 0.058593750 0.015625000 0.050781250 0.023437500 0.097656250 0.058593750 0.066406250 0.019531250 0.062500000 0.054687500 0.093750000 0.074218750 0.007812500 0.015625000 0.035156250 0.015625000 0.074218750 0.058593750 0.035156250 0.046875000 0.042968750 0.042968750 0.042968750 0.019531250 0.019531250 0.054687500 0.019531250 0.042968750 0.035156250 0.007812500 0.039062500 0.074218750 0.031250000 0.042968750 0.039062500 0.050781250 0.039062500 0.035156250 0.003906250 0.054687500 0.019531250 0.011718750 0.011718750 0.023437500 0.082031250 0.035156250 0.023437500 0.031250000 0.019531250 0.039062500 0.015625000 0.027343750 0.031250000 0.027343750 0.019531250 0.027343750 0.031250000 0.027343750 0.015625000 0.027343750 0.019531250 0.035156250 0.015625000 0.015625000 0.019531250 0.019531250 0.011718750 0.023437500 0.035156250 0.019531250 0.015625000 0.031250000 0.031250000 0.011718750 0.031250000 0.035156250 0.042968750 0.007812500 0.023437500 0.007812500 0.015625000 0.035156250 0.031250000 0.011718750 0.027343750 0.023437500 0.011718750 0.007812500 0.027343750 0.019531250 0.031250000 0.039062500 0.039062500 0.019531250 0.015625000 0.019531250 0.019531250 0.031250000 0.011718750 0.007812500 0.011718750 0.015625000 0.035156250 0.023437500 0.007812500 0.011718750 0.007812500 0.007812500 0.019531250 0.003906250 0.007812500 0.007812500 0.023437500 0.015625000 0.027343750 0.023437500 0.019531250 0.015625000 0.007812500 0.042968750 0.019531250 0.007812500 0.039062500 0.015625000 0.035156250 0.011718750 0.019531250 0.031250000 0.015625000 0.015625000 0.019531250 0.019531250 0.027343750 0.019531250 0.003906250 0.023437500 0.007812500 0.011718750 0.003906250 0.011718750 0.003906250 0.015625000 0.027343750 0.015625000 0.027343750 0.007812500 0.027343750 0.011718750 0.015625000 0.007812500 0.019531250 0.011718750 0.031250000 0.007812500 0.007812500 0.011718750 0.011718750 0.019531250 0.015625000 0.019531250 0.019531250 0.011718750 0.015625000 0.011718750 0.003906250 0.015625000 0.023437500 0.019531250 0.015625000 0.023437500 0.007812500 0.007812500 0.035156250 0.031250000 0.011718750 0.019531250 0.035156250 0.007812500 0.015625000 0.019531250 0.015625000 0.015625000 0.011718750 0.031250000 0.019531250 0.035156250 0.015625000 0.000000000 0.019531250 0.023437500 0.023437500 0.011718750 0.007812500 0.007812500 0.015625000 0.015625000 0.000000000 0.011718750 0.019531250 0.015625000 0.011718750 0.015625000 0.019531250 0.007812500 0.015625000 0.019531250 0.019531250 0.015625000 0.015625000 0.011718750 0.003906250 0.019531250 0.019531250 0.015625000 0.011718750 0.019531250 0.015625000 0.023437500 0.003906250 0.007812500 
0.109375000 0.171875000 0.332031250 0.136718750 1.222656250 0.234375000 0.218750000 0.152343750 0.058593750 0.042968750 0.050781250 0.355468750 0.078125000 0.015625000 0.113281250 0.085937500 0.074218750 0.140625000 0.078125000 0.050781250 0.035156250 0.039062500 0.062500000 0.062500000 0.101562500 0.039062500 0.050781250 0.003906250 0.070312500 0.015625000 0.062500000 0.023437500 0.070312500 0.027343750 0.046875000 0.062500000 0.054687500 0.011718750 0.019531250 0.039062500 0.070312500 0.062500000 0.078125000 0.097656250 0.015625000 0.082031250 0.050781250 0.089843750 0.027343750 0.039062500 0.042968750 0.035156250 0.027343750 0.066406250 0.011718750 0.085937500 0.015625000 0.027343750 0.066406250 0.027343750 0.019531250 0.015625000 0.050781250 0.039062500 0.046875000 0.046875000 0.050781250 0.023437500 0.082031250 0.027343750 0.101562500 0.003906250 0.042968750 0.042968750 0.046875000 0.023437500 0.062500000 0.011718750 0.031250000 0.031250000 0.042968750 0.070312500 0.050781250 0.046875000 0.039062500 0.015625000 0.011718750 0.023437500 0.039062500 0.035156250 0.007812500 0.023437500 0.031250000 0.023437500 0.019531250 0.015625000 0.039062500 0.050781250 0.046875000 0.019531250 0.015625000 0.019531250 0.039062500 0.039062500 0.054687500 0.023437500 0.027343750 0.027343750 0.042968750 0.035156250 0.031250000 0.027343750 0.035156250 0.027343750 0.042968750 0.007812500 0.015625000 0.011718750 0.042968750 0.046875000 0.007812500 0.023437500 0.019531250 0.019531250 0.015625000 0.019531250 0.007812500 0.058593750 0.027343750 0.011718750 0.039062500 0.035156250 0.015625000 0.007812500 0.042968750 0.011718750 0.019531250 0.011718750 0.023437500 0.035156250 0.011718750 0.019531250 0.035156250 0.019531250 0.003906250 0.023437500 0.023437500 0.015625000 0.011718750 0.015625000 0.015625000 0.027343750 0.031250000 0.015625000 0.019531250 0.011718750 0.039062500 0.015625000 0.011718750 0.039062500 0.015625000 0.039062500 0.003906250 0.007812500 0.011718750 0.031250000 0.011718750 0.027343750 0.039062500 0.011718750 0.007812500 0.019531250 0.011718750 0.015625000 0.007812500 0.019531250 0.011718750 0.019531250 0.027343750 0.031250000 0.015625000 0.015625000 0.011718750 0.027343750 0.011718750 0.015625000 0.011718750 0.007812500 0.007812500 0.019531250 0.003906250 0.011718750 0.023437500 0.023437500 0.015625000 0.015625000 0.015625000 0.003906250 0.007812500 0.015625000 0.015625000 0.015625000 0.007812500 0.019531250 0.015625000 0.011718750 0.019531250 0.007812500 0.003906250 0.019531250 0.035156250 0.011718750 0.027343750 0.031250000 0.000000000 0.015625000 0.011718750 0.019531250 0.015625000 0.023437500 0.027343750 0.011718750 0.027343750 0.023437500 0.003906250 0.019531250 0.019531250 0.015625000 0.007812500 0.011718750 0.011718750 0.023437500 0.015625000 0.007812500 0.015625000 0.007812500 0.023437500 0.015625000 0.011718750 0.023437500 0.003906250 0.007812500 0.019531250 0.019531250 0.011718750 0.027343750 0.019531250 0.003906250 0.015625000 0.027343750 0.031250000 0.027343750 0.019531250 0.019531250 0.027343750 0.007812500 0.007812500 
0.257812500 0.386718750 0.625000000 0.589843750 1.023437500 0.406250000 0.164062500 0.222656250 0.035156250 0.125000000 0.199218750 0.238281250 0.089843750 0.046875000 0.085937500 0.097656250 0.031250000 0.097656250 0.031250000 0.046875000 0.027343750 0.054687500 0.023437500 0.031250000 0.058593750 0.031250000 0.027343750 0.070312500 0.058593750 0.042968750 0.046875000 0.046875000 0.046875000 0.039062500 0.031250000 0.097656250 0.070312500 0.011718750 0.027343750 0.035156250 0.039062500 0.046875000 0.105468750 0.019531250 0.085937500 0.031250000 0.062500000 0.117187500 0.035156250 0.031250000 0.023437500 0.031250000 0.035156250 0.023437500 0.050781250 0.062500000 0.011718750 0.035156250 0.074218750 0.046875000 0.015625000 0.039062500 0.019531250 0.015625000 0.003906250 0.039062500 0.046875000 0.031250000 0.058593750 0.015625000 0.121093750 0.027343750 0.050781250 0.023437500 0.070312500 0.050781250 0.039062500 0.027343750 0.031250000 0.011718750 0.058593750 0.050781250 0.054687500 0.046875000 0.039062500 0.011718750 0.023437500 0.035156250 0.015625000 0.035156250 0.031250000 0.039062500 0.042968750 0.007812500 0.023437500 0.027343750 0.023437500 0.023437500 0.019531250 0.046875000 0.011718750 0.027343750 0.027343750 0.027343750 0.058593750 0.027343750 0.035156250 0.019531250 0.031250000 0.058593750 0.015625000 0.027343750 0.019531250 0.011718750 0.054687500 0.007812500 0.019531250 0.019531250 0.039062500 0.046875000 0.023437500 0.019531250 0.007812500 0.011718750 0.023437500 0.019531250 0.027343750 0.039062500 0.046875000 0.015625000 0.050781250 0.011718750 0.015625000 0.007812500 0.039062500 0.015625000 0.035156250 0.019531250 0.023437500 0.003906250 0.027343750 0.031250000 0.019531250 0.023437500 0.007812500 0.019531250 0.027343750 0.011718750 0.027343750 0.011718750 0.011718750 0.011718750 0.046875000 0.027343750 0.023437500 0.011718750 0.035156250 0.003906250 0.003906250 0.023437500 0.027343750 0.007812500 0.027343750 0.015625000 0.027343750 0.042968750 0.011718750 0.042968750 0.023437500 0.007812500 0.000000000 0.015625000 0.015625000 0.003906250 0.019531250 0.015625000 0.015625000 0.003906250 0.031250000 0.023437500 0.007812500 0.019531250 0.015625000 0.027343750 0.011718750 0.011718750 0.003906250 0.011718750 0.015625000 0.019531250 0.011718750 0.019531250 0.023437500 0.015625000 0.015625000 0.011718750 0.019531250 0.011718750 0.007812500 0.011718750 0.015625000 0.019531250 0.011718750 0.003906250 0.035156250 0.027343750 0.015625000 0.007812500 0.015625000 0.011718750 0.015625000 0.027343750 0.042968750 0.003906250 0.035156250 0.011718750 0.015625000 0.019531250 0.023437500 0.031250000 0.035156250 0.015625000 0.011718750 0.007812500 0.027343750 0.019531250 0.019531250 0.011718750 0.011718750 0.027343750 0.011718750 0.027343750 0.011718750 0.015625000 0.011718750 0.015625000 0.035156250 0.007812500 0.007812500 0.027343750 0.011718750 0.007812500 0.015625000 0.007812500 0.011718750 0.031250000 0.023437500 0.015625000 0.035156250 0.027343750 0.007812500 0.023437500 0.019531250 0.023437500 0.011718750 0.015625000 0.007812500 
0.117187500 0.304687500 0.562500000 0.410156250 0.691406250 0.648437500 0.105468750 0.300781250 0.281250000 0.214843750 0.140625000 0.152343750 0.062500000 0.082031250 0.113281250 0.144531250 0.058593750 0.125000000 0.027343750 0.070312500 0.046875000 0.023437500 0.085937500 0.015625000 0.011718750 0.058593750 0.054687500 0.121093750 0.050781250 0.039062500 0.062500000 0.019531250 0.070312500 0.054687500 0.027343750 0.109375000 0.042968750 0.027343750 0.054687500 0.031250000 0.035156250 0.062500000 0.070312500 0.039062500 0.066406250 0.046875000 0.125000000 0.066406250 0.035156250 0.015625000 0.015625000 0.035156250 0.027343750 0.042968750 0.054687500 0.062500000 0.050781250 0.035156250 0.050781250 0.082031250 0.019531250 0.039062500 0.023437500 0.019531250 0.007812500 0.062500000 0.003906250 0.031250000 0.015625000 0.023437500 0.121093750 0.031250000 0.042968750 0.007812500 0.058593750 0.062500000 0.078125000 0.058593750 0.050781250 0.031250000 0.007812500 0.027343750 0.031250000 0.019531250 0.019531250 0.019531250 0.035156250 0.042968750 0.023437500 0.031250000 0.035156250 0.031250000 0.070312500 0.007812500 0.035156250 0.015625000 0.039062500 0.003906250 0.019531250 0.039062500 0.007812500 0.031250000 0.015625000 0.023437500 0.054687500 0.015625000 0.027343750 0.050781250 0.039062500 0.050781250 0.027343750 0.039062500 0.015625000 0.023437500 0.027343750 0.031250000 0.035156250 0.023437500 0.050781250 0.031250000 0.007812500 0.003906250 0.015625000 0.027343750 0.007812500 0.039062500 0.011718750 0.003906250 0.011718750 0.042968750 0.039062500 0.011718750 0.019531250 0.007812500 0.023437500 0.003906250 0.042968750 0.015625000 0.019531250 0.007812500 0.023437500 0.023437500 0.015625000 0.007812500 0.023437500 0.007812500 0.039062500 0.007812500 0.023437500 0.015625000 0.019531250 0.011718750 0.054687500 0.011718750 0.039062500 0.003906250 0.039062500 0.007812500 0.007812500 0.019531250 0.023437500 0.007812500 0.035156250 0.027343750 0.003906250 0.035156250 0.039062500 0.015625000 0.027343750 0.015625000 0.011718750 0.027343750 0.007812500 0.027343750 0.023437500 0.023437500 0.019531250 0.011718750 0.019531250 0.019531250 0.007812500 0.015625000 0.027343750 0.023437500 0.019531250 0.003906250 0.007812500 0.011718750 0.027343750 0.027343750 0.015625000 0.031250000 0.019531250 0.019531250 0.007812500 0.015625000 0.015625000 0.019531250 0.003906250 0.003906250 0.019531250 0.023437500 0.011718750 0.011718750 0.031250000 0.027343750 0.023437500 0.027343750 0.031250000 0.019531250 0.003906250 0.031250000 0.039062500 0.019531250 0.019531250 0.019531250 0.023437500 0.023437500 0.031250000 0.019531250 0.019531250 0.007812500 0.011718750 0.023437500 0.015625000 0.015625000 0.019531250 0.011718750 0.011718750 0.027343750 0.011718750 0.023437500 0.019531250 0.023437500 0.019531250 0.011718750 0.023437500 0.019531250 0.015625000 0.027343750 0.019531250 0.023437500 0.015625000 0.019531250 0.007812500 0.042968750 0.015625000 0.023437500 0.023437500 0.039062500 0.011718750 0.015625000 0.003906250 0.015625000 0.015625000 0.031250000 0.007812500 
0.140625000 0.441406250 0.875000000 0.734375000 0.972656250 0.500000000 0.312500000 0.148437500 0.207031250 0.175781250 0.136718750 0.125000000 0.023437500 0.035156250 0.039062500 0.050781250 0.054687500 0.058593750 0.019531250 0.031250000 0.019531250 0.058593750 0.031250000 0.082031250 0.058593750 0.058593750 0.031250000 0.042968750 0.097656250 0.058593750 0.109375000 0.050781250 0.039062500 0.074218750 0.031250000 0.097656250 0.082031250 0.015625000 0.046875000 0.027343750 0.023437500 0.023437500 0.039062500 0.105468750 0.031250000 0.097656250 0.074218750 0.066406250 0.074218750 0.074218750 0.046875000 0.011718750 0.042968750 0.027343750 0.035156250 0.023437500 0.039062500 0.046875000 0.027343750 0.031250000 0.070312500 0.015625000 0.015625000 0.007812500 0.007812500 0.054687500 0.027343750 0.050781250 0.031250000 0.050781250 0.062500000 0.050781250 0.066406250 0.027343750 0.039062500 0.054687500 0.042968750 0.023437500 0.023437500 0.007812500 0.011718750 0.015625000 0.015625000 0.015625000 0.007812500 0.003906250 0.027343750 0.058593750 0.027343750 0.035156250 0.035156250 0.031250000 0.050781250 0.046875000 0.031250000 0.035156250 0.027343750 0.011718750 0.023437500 0.027343750 0.015625000 0.019531250 0.015625000 0.015625000 0.019531250 0.011718750 0.007812500 0.023437500 0.035156250 0.019531250 0.042968750 0.015625000 0.039062500 0.027343750 0.011718750 0.011718750 0.027343750 0.031250000 0.023437500 0.023437500 0.039062500 0.007812500 0.023437500 0.015625000 0.023437500 0.019531250 0.011718750 0.007812500 0.019531250 0.042968750 0.023437500 0.035156250 0.003906250 0.023437500 0.007812500 0.031250000 0.019531250 0.023437500 0.003906250 0.011718750 0.031250000 0.015625000 0.015625000 0.011718750 0.039062500 0.015625000 0.015625000 0.015625000 0.023437500 0.015625000 0.023437500 0.011718750 0.046875000 0.015625000 0.042968750 0.007812500 0.015625000 0.023437500 0.019531250 0.027343750 0.023437500 0.031250000 0.027343750 0.031250000 0.023437500 0.042968750 0.031250000 0.003906250 0.035156250 0.015625000 0.003906250 0.027343750 0.019531250 0.019531250 0.035156250 0.015625000 0.023437500 0.015625000 0.023437500 0.019531250 0.011718750 0.007812500 0.031250000 0.015625000 0.031250000 0.011718750 0.007812500 0.015625000 0.042968750 0.011718750 0.031250000 0.015625000 0.027343750 0.011718750 0.019531250 0.023437500 0.015625000 0.023437500 0.011718750 0.003906250 0.011718750 0.003906250 0.019531250 0.019531250 0.027343750 0.019531250 0.023437500 0.023437500 0.015625000 0.019531250 0.007812500 0.019531250 0.050781250 0.027343750 0.015625000 0.019531250 0.027343750 0.027343750 0.023437500 0.015625000 0.027343750 0.007812500 0.007812500 0.015625000 0.019531250 0.015625000 0.007812500 0.011718750 0.011718750 0.019531250 0.031250000 0.003906250 0.011718750 0.027343750 0.023437500 0.011718750 0.011718750 0.023437500 0.007812500 0.023437500 0.027343750 0.007812500 0.003906250 0.019531250 0.003906250 0.046875000 0.019531250 0.031250000 0.023437500 0.011718750 0.019531250 0.015625000 0.019531250 0.015625000 0.011718750 0.031250000 0.007812500 
0.082031250 0.273437500 1.015625000 0.898437500 0.730468750 0.394531250 0.046875000 0.386718750 0.097656250 0.207031250 0.113281250 0.117187500 0.046875000 0.070312500 0.039062500 0.023437500 0.015625000 0.039062500 0.011718750 0.019531250 0.050781250 0.003906250 0.070312500 0.089843750 0.070312500 0.074218750 0.128906250 0.023437500 0.109375000 0.031250000 0.054687500 0.128906250 0.082031250 0.011718750 0.050781250 0.058593750 0.062500000 0.011718750 0.042968750 0.031250000 0.011718750 0.046875000 0.035156250 0.136718750 0.085937500 0.085937500 0.019531250 0.054687500 0.046875000 0.097656250 0.035156250 0.019531250 0.035156250 0.027343750 0.054687500 0.050781250 0.007812500 0.015625000 0.058593750 0.023437500 0.070312500 0.027343750 0.027343750 0.027343750 0.031250000 0.023437500 0.027343750 0.019531250 0.011718750 0.078125000 0.019531250 0.019531250 0.046875000 0.027343750 0.027343750 0.074218750 0.054687500 0.015625000 0.031250000 0.023437500 0.003906250 0.019531250 0.003906250 0.027343750 0.015625000 0.027343750 0.019531250 0.039062500 0.031250000 0.039062500 0.023437500 0.027343750 0.035156250 0.042968750 0.046875000 0.019531250 0.046875000 0.035156250 0.042968750 0.031250000 0.023437500 0.023437500 0.023437500 0.023437500 0.000000000 0.019531250 0.031250000 0.011718750 0.023437500 0.019531250 0.042968750 0.007812500 0.023437500 0.015625000 0.027343750 0.011718750 0.031250000 0.011718750 0.007812500 0.035156250 0.054687500 0.011718750 0.031250000 0.019531250 0.027343750 0.027343750 0.015625000 0.003906250 0.019531250 0.015625000 0.023437500 0.019531250 0.003906250 0.027343750 0.011718750 0.039062500 0.031250000 0.019531250 0.023437500 0.019531250 0.027343750 0.015625000 0.039062500 0.011718750 0.039062500 0.019531250 0.007812500 0.031250000 0.011718750 0.003906250 0.027343750 0.007812500 0.039062500 0.011718750 0.031250000 0.011718750 0.007812500 0.015625000 0.035156250 0.011718750 0.027343750 0.035156250 0.035156250 0.039062500 0.019531250 0.031250000 0.007812500 0.039062500 0.039062500 0.023437500 0.023437500 0.019531250 0.011718750 0.011718750 0.042968750 0.019531250 0.039062500 0.039062500 0.003906250 0.015625000 0.019531250 0.007812500 0.011718750 0.019531250 0.007812500 0.015625000 0.011718750 0.035156250 0.035156250 0.015625000 0.023437500 0.023437500 0.031250000 0.011718750 0.011718750 0.027343750 0.019531250 0.015625000 0.003906250 0.011718750 0.027343750 0.011718750 0.011718750 0.015625000 0.023437500 0.023437500 0.007812500 0.031250000 0.015625000 0.019531250 0.007812500 0.007812500 0.027343750 0.011718750 0.027343750 0.019531250 0.039062500 0.007812500 0.003906250 0.015625000 0.019531250 0.011718750 0.019531250 0.011718750 0.015625000 0.011718750 0.027343750 0.019531250 0.011718750 0.031250000 0.031250000 0.007812500 0.019531250 0.007812500 0.015625000 0.011718750 0.011718750 0.019531250 0.007812500 0.015625000 0.015625000 0.027343750 0.015625000 0.011718750 0.019531250 0.027343750 0.011718750 0.011718750 0.011718750 0.007812500 0.027343750 0.011718750 0.007812500 0.027343750 0.023437500 0.019531250 0.019531250 
0.039062500 0.101562500 0.925781250 0.964843750 0.457031250 0.070312500 0.234375000 0.195312500 0.269531250 0.234375000 0.156250000 0.121093750 0.042968750 0.074218750 0.109375000 0.062500000 0.027343750 0.015625000 0.031250000 0.027343750 0.082031250 0.039062500 0.046875000 0.015625000 0.035156250 0.148437500 0.128906250 0.093750000 0.109375000 0.042968750 0.042968750 0.109375000 0.035156250 0.039062500 0.042968750 0.058593750 0.050781250 0.015625000 0.066406250 0.003906250 0.039062500 0.035156250 0.042968750 0.128906250 0.082031250 0.066406250 0.011718750 0.039062500 0.074218750 0.062500000 0.066406250 0.050781250 0.054687500 0.023437500 0.035156250 0.050781250 0.039062500 0.031250000 0.074218750 0.000000000 0.070312500 0.042968750 0.054687500 0.023437500 0.031250000 0.035156250 0.011718750 0.027343750 0.019531250 0.078125000 0.031250000 0.015625000 0.062500000 0.003906250 0.062500000 0.042968750 0.007812500 0.046875000 0.054687500 0.015625000 0.031250000 0.031250000 0.003906250 0.035156250 0.019531250 0.027343750 0.039062500 0.027343750 0.070312500 0.011718750 0.015625000 0.023437500 0.023437500 0.027343750 0.066406250 0.019531250 0.050781250 0.042968750 0.019531250 0.011718750 0.035156250 0.042968750 0.015625000 0.011718750 0.027343750 0.011718750 0.035156250 0.015625000 0.015625000 0.011718750 0.031250000 0.007812500 0.023437500 0.011718750 0.007812500 0.023437500 0.031250000 0.011718750 0.011718750 0.019531250 0.062500000 0.011718750 0.035156250 0.019531250 0.011718750 0.031250000 0.031250000 0.015625000 0.039062500 0.015625000 0.023437500 0.011718750 0.003906250 0.031250000 0.015625000 0.035156250 0.031250000 0.031250000 0.023437500 0.019531250 0.007812500 0.011718750 0.046875000 0.015625000 0.031250000 0.011718750 0.031250000 0.003906250 0.011718750 0.015625000 0.011718750 0.011718750 0.027343750 0.007812500 0.042968750 0.015625000 0.007812500 0.019531250 0.019531250 0.015625000 0.039062500 0.027343750 0.039062500 0.039062500 0.019531250 0.039062500 0.011718750 0.027343750 0.039062500 0.011718750 0.007812500 0.023437500 0.007812500 0.027343750 0.019531250 0.039062500 0.027343750 0.027343750 0.023437500 0.003906250 0.015625000 0.023437500 0.015625000 0.003906250 0.011718750 0.007812500 0.019531250 0.031250000 0.031250000 0.007812500 0.007812500 0.007812500 0.011718750 0.039062500 0.023437500 0.015625000 0.023437500 0.003906250 0.011718750 0.007812500 0.027343750 0.007812500 0.019531250 0.000000000 0.031250000 0.007812500 0.015625000 0.031250000 0.003906250 0.003906250 0.007812500 0.015625000 0.019531250 0.023437500 0.011718750 0.031250000 0.011718750 0.015625000 0.015625000 0.019531250 0.007812500 0.015625000 0.023437500 0.007812500 0.003906250 0.023437500 0.027343750 0.015625000 0.003906250 0.039062500 0.019531250 0.015625000 0.015625000 0.011718750 0.015625000 0.003906250 0.007812500 0.019531250 0.015625000 0.003906250 0.015625000 0.015625000 0.019531250 0.015625000 0.027343750 0.007812500 0.027343750 0.003906250 0.007812500 0.015625000 0.023437500 0.007812500 0.011718750 0.019531250 0.019531250 0.031250000 0.000000000 
0.179687500 0.359375000 0.375000000 0.468750000 0.390625000 0.097656250 0.089843750 0.222656250 0.078125000 0.285156250 0.136718750 0.136718750 0.105468750 0.023437500 0.187500000 0.027343750 0.042968750 0.070312500 0.039062500 0.027343750 0.089843750 0.066406250 0.015625000 0.035156250 0.050781250 0.089843750 0.136718750 0.046875000 0.164062500 0.089843750 0.050781250 0.125000000 0.074218750 0.058593750 0.027343750 0.050781250 0.085937500 0.050781250 0.082031250 0.070312500 0.085937500 0.054687500 0.082031250 0.101562500 0.023437500 0.113281250 0.019531250 0.046875000 0.089843750 0.050781250 0.039062500 0.042968750 0.042968750 0.019531250 0.007812500 0.023437500 0.050781250 0.042968750 0.039062500 0.062500000 0.117187500 0.082031250 0.035156250 0.031250000 0.027343750 0.023437500 0.019531250 0.023437500 0.042968750 0.093750000 0.015625000 0.019531250 0.054687500 0.011718750 0.062500000 0.046875000 0.023437500 0.046875000 0.035156250 0.023437500 0.042968750 0.035156250 0.019531250 0.039062500 0.019531250 0.035156250 0.039062500 0.031250000 0.058593750 0.003906250 0.007812500 0.023437500 0.035156250 0.011718750 0.058593750 0.023437500 0.054687500 0.046875000 0.019531250 0.011718750 0.035156250 0.039062500 0.011718750 0.019531250 0.031250000 0.003906250 0.023437500 0.023437500 0.015625000 0.019531250 0.007812500 0.019531250 0.027343750 0.003906250 0.007812500 0.027343750 0.031250000 0.015625000 0.007812500 0.007812500 0.062500000 0.031250000 0.039062500 0.023437500 0.015625000 0.027343750 0.019531250 0.031250000 0.023437500 0.011718750 0.035156250 0.011718750 0.011718750 0.023437500 0.007812500 0.023437500 0.019531250 0.027343750 0.035156250 0.023437500 0.011718750 0.039062500 0.019531250 0.011718750 0.035156250 0.023437500 0.027343750 0.015625000 0.019531250 0.011718750 0.003906250 0.011718750 0.042968750 0.015625000 0.031250000 0.019531250 0.011718750 0.019531250 0.007812500 0.019531250 0.046875000 0.023437500 0.015625000 0.023437500 0.035156250 0.023437500 0.015625000 0.039062500 0.027343750 0.007812500 0.011718750 0.023437500 0.015625000 0.019531250 0.007812500 0.039062500 0.019531250 0.023437500 0.003906250 0.019531250 0.023437500 0.015625000 0.023437500 0.011718750 0.019531250 0.011718750 0.015625000 0.019531250 0.015625000 0.039062500 0.019531250 0.019531250 0.019531250 0.015625000 0.023437500 0.015625000 0.011718750 0.011718750 0.007812500 0.011718750 0.023437500 0.011718750 0.023437500 0.015625000 0.023437500 0.007812500 0.015625000 0.031250000 0.011718750 0.011718750 0.011718750 0.011718750 0.003906250 0.015625000 0.003906250 0.011718750 0.027343750 0.023437500 0.007812500 0.027343750 0.007812500 0.011718750 0.015625000 0.019531250 0.011718750 0.023437500 0.031250000 0.019531250 0.015625000 0.023437500 0.000000000 0.027343750 0.011718750 0.011718750 0.015625000 0.011718750 0.011718750 0.015625000 0.015625000 0.007812500 0.015625000 0.015625000 0.023437500 0.011718750 0.007812500 0.023437500 0.035156250 0.011718750 0.000000000 0.011718750 0.015625000 0.007812500 0.023437500 0.015625000 0.015625000 0.027343750 0.007812500 
0.152343750 0.105468750 0.449218750 0.234375000 0.382812500 0.312500000 0.093750000 0.300781250 0.070312500 0.261718750 0.082031250 0.121093750 0.062500000 0.019531250 0.136718750 0.046875000 0.042968750 0.058593750 0.046875000 0.035156250 0.074218750 0.050781250 0.042968750 0.046875000 0.050781250 0.078125000 0.156250000 0.046875000 0.148437500 0.050781250 0.015625000 0.082031250 0.070312500 0.007812500 0.027343750 0.078125000 0.097656250 0.035156250 0.027343750 0.023437500 0.066406250 0.062500000 0.039062500 0.058593750 0.039062500 0.109375000 0.027343750 0.023437500 0.066406250 0.027343750 0.007812500 0.062500000 0.066406250 0.019531250 0.054687500 0.039062500 0.019531250 0.015625000 0.019531250 0.125000000 0.031250000 0.046875000 0.058593750 0.042968750 0.015625000 0.031250000 0.011718750 0.078125000 0.046875000 0.054687500 0.023437500 0.035156250 0.027343750 0.027343750 0.070312500 0.011718750 0.031250000 0.042968750 0.011718750 0.015625000 0.027343750 0.027343750 0.019531250 0.019531250 0.027343750 0.046875000 0.027343750 0.046875000 0.046875000 0.011718750 0.019531250 0.019531250 0.011718750 0.042968750 0.054687500 0.011718750 0.019531250 0.031250000 0.019531250 0.015625000 0.031250000 0.031250000 0.015625000 0.015625000 0.031250000 0.011718750 0.023437500 0.019531250 0.007812500 0.019531250 0.015625000 0.035156250 0.027343750 0.042968750 0.023437500 0.035156250 0.027343750 0.003906250 0.035156250 0.035156250 0.027343750 0.007812500 0.050781250 0.007812500 0.003906250 0.019531250 0.015625000 0.023437500 0.023437500 0.019531250 0.019531250 0.027343750 0.003906250 0.019531250 0.019531250 0.015625000 0.015625000 0.007812500 0.011718750 0.011718750 0.003906250 0.031250000 0.031250000 0.011718750 0.031250000 0.031250000 0.015625000 0.027343750 0.031250000 0.015625000 0.007812500 0.023437500 0.015625000 0.046875000 0.035156250 0.015625000 0.023437500 0.007812500 0.003906250 0.015625000 0.046875000 0.015625000 0.015625000 0.007812500 0.035156250 0.019531250 0.007812500 0.019531250 0.003906250 0.019531250 0.011718750 0.011718750 0.015625000 0.015625000 0.023437500 0.015625000 0.007812500 0.027343750 0.015625000 0.031250000 0.027343750 0.011718750 0.011718750 0.019531250 0.015625000 0.003906250 0.011718750 0.027343750 0.031250000 0.019531250 0.031250000 0.007812500 0.019531250 0.027343750 0.015625000 0.007812500 0.011718750 0.019531250 0.003906250 0.019531250 0.015625000 0.011718750 0.023437500 0.027343750 0.003906250 0.023437500 0.023437500 0.031250000 0.011718750 0.007812500 0.011718750 0.007812500 0.007812500 0.023437500 0.011718750 0.003906250 0.035156250 0.007812500 0.031250000 0.015625000 0.003906250 0.000000000 0.027343750 0.011718750 0.011718750 0.019531250 0.027343750 0.023437500 0.019531250 0.015625000 0.011718750 0.031250000 0.007812500 0.007812500 0.007812500 0.019531250 0.007812500 0.007812500 0.019531250 0.000000000 0.007812500 0.023437500 0.023437500 0.007812500 0.007812500 0.027343750 0.027343750 0.011718750 0.007812500 0.007812500 0.007812500 0.027343750 0.003906250 0.011718750 0.011718750 0.023437500 0.019531250 
0.023437500 0.078125000 0.492187500 0.179687500 0.484375000 0.300781250 0.183593750 0.117187500 0.089843750 0.121093750 0.027343750 0.113281250 0.070312500 0.058593750 0.121093750 0.019531250 0.042968750 0.062500000 0.066406250 0.027343750 0.117187500 0.058593750 0.042968750 0.035156250 0.027343750 0.019531250 0.042968750 0.074218750 0.183593750 0.054687500 0.039062500 0.101562500 0.011718750 0.062500000 0.066406250 0.031250000 0.156250000 0.035156250 0.062500000 0.019531250 0.066406250 0.046875000 0.011718750 0.027343750 0.082031250 0.050781250 0.027343750 0.070312500 0.027343750 0.042968750 0.023437500 0.019531250 0.003906250 0.042968750 0.066406250 0.007812500 0.019531250 0.027343750 0.019531250 0.113281250 0.046875000 0.082031250 0.031250000 0.015625000 0.015625000 0.019531250 0.035156250 0.070312500 0.039062500 0.042968750 0.058593750 0.023437500 0.062500000 0.019531250 0.042968750 0.015625000 0.011718750 0.011718750 0.019531250 0.015625000 0.031250000 0.019531250 0.035156250 0.027343750 0.027343750 0.050781250 0.015625000 0.019531250 0.019531250 0.046875000 0.027343750 0.015625000 0.011718750 0.027343750 0.031250000 0.027343750 0.023437500 0.007812500 0.011718750 0.015625000 0.042968750 0.015625000 0.019531250 0.027343750 0.019531250 0.011718750 0.031250000 0.019531250 0.011718750 0.015625000 0.015625000 0.039062500 0.011718750 0.031250000 0.027343750 0.031250000 0.023437500 0.015625000 0.003906250 0.042968750 0.031250000 0.031250000 0.042968750 0.007812500 0.003906250 0.015625000 0.007812500 0.015625000 0.011718750 0.003906250 0.019531250 0.027343750 0.011718750 0.007812500 0.011718750 0.031250000 0.015625000 0.011718750 0.003906250 0.011718750 0.000000000 0.023437500 0.019531250 0.015625000 0.039062500 0.031250000 0.003906250 0.027343750 0.027343750 0.007812500 0.023437500 0.003906250 0.007812500 0.035156250 0.011718750 0.023437500 0.035156250 0.015625000 0.007812500 0.031250000 0.023437500 0.003906250 0.015625000 0.011718750 0.011718750 0.023437500 0.015625000 0.019531250 0.019531250 0.007812500 0.023437500 0.023437500 0.015625000 0.007812500 0.031250000 0.019531250 0.019531250 0.007812500 0.019531250 0.039062500 0.027343750 0.003906250 0.007812500 0.023437500 0.003906250 0.011718750 0.015625000 0.015625000 0.046875000 0.023437500 0.023437500 0.007812500 0.007812500 0.003906250 0.023437500 0.027343750 0.011718750 0.023437500 0.019531250 0.015625000 0.015625000 0.003906250 0.039062500 0.023437500 0.011718750 0.019531250 0.011718750 0.019531250 0.003906250 0.011718750 0.011718750 0.011718750 0.000000000 0.019531250 0.015625000 0.015625000 0.035156250 0.007812500 0.031250000 0.011718750 0.007812500 0.015625000 0.039062500 0.000000000 0.007812500 0.011718750 0.015625000 0.015625000 0.007812500 0.015625000 0.015625000 0.027343750 0.007812500 0.015625000 0.003906250 0.011718750 0.015625000 0.007812500 0.011718750 0.011718750 0.015625000 0.019531250 0.031250000 0.003906250 0.015625000 0.027343750 0.039062500 0.011718750 0.011718750 0.000000000 0.003906250 0.019531250 0.007812500 0.019531250 0.000000000 0.019531250 0.015625000 
0.105468750 0.097656250 0.441406250 0.300781250 0.304687500 0.394531250 0.066406250 0.039062500 0.085937500 0.078125000 0.070312500 0.074218750 0.128906250 0.062500000 0.148437500 0.085937500 0.128906250 0.082031250 0.039062500 0.054687500 0.062500000 0.058593750 0.050781250 0.078125000 0.000000000 0.015625000 0.027343750 0.105468750 0.148437500 0.019531250 0.058593750 0.121093750 0.042968750 0.074218750 0.136718750 0.054687500 0.097656250 0.042968750 0.046875000 0.035156250 0.050781250 0.015625000 0.039062500 0.031250000 0.035156250 0.058593750 0.058593750 0.039062500 0.007812500 0.027343750 0.027343750 0.058593750 0.035156250 0.035156250 0.070312500 0.015625000 0.023437500 0.042968750 0.070312500 0.031250000 0.062500000 0.074218750 0.078125000 0.019531250 0.007812500 0.027343750 0.023437500 0.039062500 0.046875000 0.039062500 0.062500000 0.027343750 0.031250000 0.062500000 0.039062500 0.031250000 0.007812500 0.003906250 0.015625000 0.011718750 0.042968750 0.019531250 0.015625000 0.023437500 0.027343750 0.019531250 0.050781250 0.011718750 0.019531250 0.027343750 0.011718750 0.011718750 0.062500000 0.023437500 0.046875000 0.023437500 0.011718750 0.007812500 0.011718750 0.019531250 0.042968750 0.011718750 0.011718750 0.011718750 0.015625000 0.007812500 0.035156250 0.027343750 0.007812500 0.031250000 0.031250000 0.023437500 0.031250000 0.015625000 0.027343750 0.027343750 0.027343750 0.023437500 0.015625000 0.027343750 0.035156250 0.015625000 0.035156250 0.027343750 0.027343750 0.027343750 0.003906250 0.015625000 0.015625000 0.007812500 0.003906250 0.007812500 0.027343750 0.023437500 0.019531250 0.035156250 0.007812500 0.027343750 0.007812500 0.007812500 0.015625000 0.027343750 0.027343750 0.011718750 0.035156250 0.015625000 0.031250000 0.023437500 0.035156250 0.007812500 0.019531250 0.003906250 0.019531250 0.027343750 0.031250000 0.027343750 0.035156250 0.015625000 0.007812500 0.027343750 0.023437500 0.011718750 0.000000000 0.015625000 0.023437500 0.027343750 0.015625000 0.019531250 0.023437500 0.007812500 0.023437500 0.027343750 0.007812500 0.011718750 0.027343750 0.019531250 0.019531250 0.007812500 0.023437500 0.027343750 0.023437500 0.015625000 0.023437500 0.023437500 0.011718750 0.011718750 0.011718750 0.011718750 0.019531250 0.015625000 0.007812500 0.011718750 0.015625000 0.015625000 0.031250000 0.019531250 0.011718750 0.019531250 0.015625000 0.023437500 0.027343750 0.019531250 0.023437500 0.003906250 0.023437500 0.015625000 0.019531250 0.007812500 0.011718750 0.011718750 0.007812500 0.003906250 0.011718750 0.019531250 0.035156250 0.007812500 0.023437500 0.015625000 0.011718750 0.011718750 0.011718750 0.011718750 0.031250000 0.015625000 0.011718750 0.011718750 0.011718750 0.015625000 0.011718750 0.019531250 0.007812500 0.011718750 0.015625000 0.015625000 0.003906250 0.007812500 0.003906250 0.015625000 0.023437500 0.027343750 0.023437500 0.019531250 0.027343750 0.007812500 0.027343750 0.011718750 0.035156250 0.019531250 0.011718750 0.011718750 0.019531250 0.007812500 0.003906250 0.023437500 0.007812500 0.019531250 0.003906250 
0.125000000 0.214843750 0.457031250 0.347656250 0.367187500 0.207031250 0.093750000 0.089843750 0.152343750 0.023437500 0.050781250 0.117187500 0.066406250 0.027343750 0.078125000 0.062500000 0.109375000 0.027343750 0.074218750 0.050781250 0.046875000 0.046875000 0.031250000 0.082031250 0.027343750 0.027343750 0.054687500 0.046875000 0.105468750 0.058593750 0.023437500 0.070312500 0.031250000 0.058593750 0.082031250 0.046875000 0.039062500 0.082031250 0.054687500 0.003906250 0.007812500 0.027343750 0.042968750 0.031250000 0.023437500 0.019531250 0.042968750 0.039062500 0.042968750 0.007812500 0.054687500 0.035156250 0.031250000 0.023437500 0.027343750 0.070312500 0.023437500 0.039062500 0.050781250 0.046875000 0.082031250 0.046875000 0.085937500 0.039062500 0.066406250 0.011718750 0.023437500 0.054687500 0.046875000 0.023437500 0.050781250 0.070312500 0.035156250 0.042968750 0.046875000 0.015625000 0.015625000 0.007812500 0.015625000 0.019531250 0.031250000 0.023437500 0.019531250 0.031250000 0.035156250 0.015625000 0.031250000 0.011718750 0.015625000 0.015625000 0.027343750 0.019531250 0.054687500 0.027343750 0.027343750 0.015625000 0.011718750 0.007812500 0.031250000 0.015625000 0.023437500 0.015625000 0.023437500 0.007812500 0.007812500 0.015625000 0.039062500 0.023437500 0.003906250 0.031250000 0.023437500 0.003906250 0.011718750 0.007812500 0.015625000 0.007812500 0.015625000 0.015625000 0.011718750 0.019531250 0.027343750 0.003906250 0.046875000 0.027343750 0.031250000 0.019531250 0.007812500 0.007812500 0.023437500 0.003906250 0.003906250 0.011718750 0.035156250 0.023437500 0.015625000 0.023437500 0.023437500 0.019531250 0.019531250 0.011718750 0.035156250 0.011718750 0.019531250 0.023437500 0.023437500 0.023437500 0.027343750 0.031250000 0.035156250 0.011718750 0.007812500 0.031250000 0.007812500 0.015625000 0.035156250 0.035156250 0.035156250 0.007812500 0.003906250 0.023437500 0.011718750 0.007812500 0.019531250 0.019531250 0.019531250 0.015625000 0.019531250 0.023437500 0.007812500 0.019531250 0.011718750 0.031250000 0.015625000 0.003906250 0.019531250 0.023437500 0.015625000 0.019531250 0.007812500 0.019531250 0.011718750 0.007812500 0.027343750 0.023437500 0.007812500 0.003906250 0.003906250 0.007812500 0.011718750 0.011718750 0.015625000 0.003906250 0.007812500 0.015625000 0.023437500 0.011718750 0.023437500 0.011718750 0.011718750 0.011718750 0.007812500 0.027343750 0.027343750 0.011718750 0.007812500 0.003906250 0.019531250 0.003906250 0.011718750 0.011718750 0.007812500 0.003906250 0.023437500 0.003906250 0.019531250 0.015625000 0.007812500 0.011718750 0.027343750 0.015625000 0.011718750 0.011718750 0.019531250 0.019531250 0.011718750 0.015625000 0.007812500 0.019531250 0.007812500 0.003906250 0.031250000 0.031250000 0.003906250 0.007812500 0.007812500 0.011718750 0.023437500 0.019531250 0.007812500 0.023437500 0.019531250 0.035156250 0.019531250 0.003906250 0.031250000 0.007812500 0.031250000 0.031250000 0.019531250 0.027343750 0.003906250 0.023437500 0.011718750 0.027343750 0.015625000 0.007812500 0.015625000 
0.003906250 0.156250000 0.343750000 0.355468750 0.640625000 0.167968750 0.089843750 0.078125000 0.187500000 0.042968750 0.042968750 0.105468750 0.066406250 0.117187500 0.074218750 0.085937500 0.148437500 0.066406250 0.062500000 0.046875000 0.066406250 0.046875000 0.042968750 0.027343750 0.007812500 0.027343750 0.042968750 0.042968750 0.058593750 0.015625000 0.019531250 0.031250000 0.050781250 0.070312500 0.074218750 0.082031250 0.078125000 0.085937500 0.027343750 0.046875000 0.027343750 0.015625000 0.035156250 0.031250000 0.070312500 0.058593750 0.042968750 0.054687500 0.035156250 0.031250000 0.046875000 0.039062500 0.031250000 0.007812500 0.015625000 0.058593750 0.039062500 0.046875000 0.042968750 0.058593750 0.054687500 0.066406250 0.062500000 0.042968750 0.039062500 0.035156250 0.003906250 0.046875000 0.042968750 0.039062500 0.042968750 0.074218750 0.042968750 0.062500000 0.031250000 0.011718750 0.011718750 0.023437500 0.007812500 0.019531250 0.011718750 0.027343750 0.027343750 0.023437500 0.042968750 0.023437500 0.042968750 0.027343750 0.015625000 0.015625000 0.042968750 0.007812500 0.042968750 0.042968750 0.035156250 0.015625000 0.015625000 0.027343750 0.019531250 0.011718750 0.015625000 0.027343750 0.015625000 0.007812500 0.007812500 0.007812500 0.031250000 0.011718750 0.011718750 0.031250000 0.035156250 0.011718750 0.015625000 0.015625000 0.007812500 0.000000000 0.019531250 0.019531250 0.015625000 0.007812500 0.003906250 0.023437500 0.039062500 0.015625000 0.050781250 0.031250000 0.015625000 0.027343750 0.011718750 0.023437500 0.019531250 0.003906250 0.019531250 0.031250000 0.015625000 0.015625000 0.042968750 0.003906250 0.007812500 0.011718750 0.015625000 0.019531250 0.003906250 0.031250000 0.027343750 0.027343750 0.011718750 0.035156250 0.019531250 0.003906250 0.003906250 0.035156250 0.003906250 0.003906250 0.031250000 0.027343750 0.019531250 0.019531250 0.023437500 0.011718750 0.015625000 0.015625000 0.015625000 0.027343750 0.019531250 0.027343750 0.023437500 0.023437500 0.007812500 0.015625000 0.011718750 0.023437500 0.011718750 0.015625000 0.023437500 0.011718750 0.015625000 0.011718750 0.007812500 0.023437500 0.007812500 0.007812500 0.027343750 0.031250000 0.003906250 0.011718750 0.015625000 0.007812500 0.019531250 0.019531250 0.019531250 0.007812500 0.019531250 0.019531250 0.015625000 0.007812500 0.011718750 0.019531250 0.011718750 0.019531250 0.031250000 0.015625000 0.003906250 0.015625000 0.007812500 0.011718750 0.015625000 0.011718750 0.007812500 0.015625000 0.015625000 0.011718750 0.027343750 0.011718750 0.015625000 0.019531250 0.007812500 0.019531250 0.023437500 0.027343750 0.011718750 0.011718750 0.011718750 0.011718750 0.011718750 0.019531250 0.003906250 0.019531250 0.007812500 0.015625000 0.023437500 0.023437500 0.007812500 0.007812500 0.003906250 0.003906250 0.011718750 0.027343750 0.003906250 0.027343750 0.019531250 0.035156250 0.015625000 0.015625000 0.007812500 0.019531250 0.011718750 0.023437500 0.019531250 0.023437500 0.011718750 0.027343750 0.015625000 0.015625000 0.019531250 0.003906250 0.003906250 
0.203125000 0.191406250 0.648437500 0.582031250 0.468750000 0.089843750 0.058593750 0.031250000 0.160156250 0.070312500 0.023437500 0.085937500 0.152343750 0.042968750 0.082031250 0.117187500 0.015625000 0.066406250 0.062500000 0.027343750 0.066406250 0.015625000 0.011718750 0.070312500 0.066406250 0.070312500 0.085937500 0.125000000 0.054687500 0.015625000 0.023437500 0.039062500 0.062500000 0.046875000 0.035156250 0.054687500 0.074218750 0.042968750 0.066406250 0.039062500 0.066406250 0.027343750 0.023437500 0.050781250 0.074218750 0.019531250 0.011718750 0.050781250 0.050781250 0.031250000 0.050781250 0.050781250 0.050781250 0.023437500 0.027343750 0.050781250 0.054687500 0.023437500 0.000000000 0.078125000 0.046875000 0.000000000 0.027343750 0.019531250 0.023437500 0.046875000 0.023437500 0.035156250 0.054687500 0.027343750 0.003906250 0.062500000 0.031250000 0.031250000 0.011718750 0.031250000 0.042968750 0.015625000 0.019531250 0.003906250 0.035156250 0.015625000 0.031250000 0.007812500 0.039062500 0.031250000 0.023437500 0.039062500 0.023437500 0.019531250 0.031250000 0.027343750 0.007812500 0.019531250 0.015625000 0.003906250 0.015625000 0.035156250 0.023437500 0.015625000 0.007812500 0.019531250 0.007812500 0.007812500 0.015625000 0.019531250 0.023437500 0.015625000 0.015625000 0.011718750 0.003906250 0.027343750 0.023437500 0.023437500 0.003906250 0.011718750 0.015625000 0.003906250 0.027343750 0.003906250 0.007812500 0.011718750 0.019531250 0.007812500 0.039062500 0.027343750 0.011718750 0.031250000 0.011718750 0.039062500 0.007812500 0.039062500 0.035156250 0.015625000 0.023437500 0.031250000 0.023437500 0.023437500 0.019531250 0.019531250 0.003906250 0.011718750 0.011718750 0.015625000 0.046875000 0.015625000 0.007812500 0.023437500 0.015625000 0.007812500 0.011718750 0.019531250 0.015625000 0.015625000 0.023437500 0.031250000 0.007812500 0.019531250 0.023437500 0.003906250 0.023437500 0.003906250 0.011718750 0.027343750 0.015625000 0.011718750 0.031250000 0.015625000 0.007812500 0.019531250 0.015625000 0.003906250 0.015625000 0.003906250 0.015625000 0.023437500 0.019531250 0.015625000 0.007812500 0.023437500 0.015625000 0.011718750 0.011718750 0.015625000 0.011718750 0.007812500 0.003906250 0.011718750 0.027343750 0.011718750 0.015625000 0.003906250 0.007812500 0.007812500 0.003906250 0.019531250 0.003906250 0.007812500 0.007812500 0.007812500 0.015625000 0.007812500 0.007812500 0.015625000 0.007812500 0.015625000 0.015625000 0.015625000 0.007812500 0.019531250 0.007812500 0.011718750 0.019531250 0.015625000 0.011718750 0.027343750 0.011718750 0.015625000 0.035156250 0.015625000 0.011718750 0.023437500 0.011718750 0.000000000 0.023437500 0.007812500 0.011718750 0.031250000 0.015625000 0.015625000 0.023437500 0.015625000 0.011718750 0.003906250 0.011718750 0.011718750 0.007812500 0.019531250 0.027343750 0.011718750 0.027343750 0.035156250 0.007812500 0.015625000 0.003906250 0.007812500 0.003906250 0.019531250 0.019531250 0.007812500 0.023437500 0.035156250 0.003906250 0.019531250 0.019531250 0.011718750 0.015625000 
0.015625000 0.273437500 0.804687500 0.375000000 0.433593750 0.062500000 0.031250000 0.031250000 0.148437500 0.093750000 0.015625000 0.132812500 0.101562500 0.015625000 0.156250000 0.105468750 0.078125000 0.066406250 0.023437500 0.105468750 0.058593750 0.082031250 0.101562500 0.097656250 0.093750000 0.109375000 0.003906250 0.117187500 0.085937500 0.050781250 0.027343750 0.070312500 0.054687500 0.039062500 0.046875000 0.019531250 0.121093750 0.050781250 0.050781250 0.039062500 0.062500000 0.039062500 0.042968750 0.046875000 0.082031250 0.050781250 0.039062500 0.023437500 0.031250000 0.027343750 0.031250000 0.023437500 0.074218750 0.011718750 0.027343750 0.039062500 0.042968750 0.031250000 0.046875000 0.046875000 0.031250000 0.031250000 0.023437500 0.035156250 0.039062500 0.011718750 0.050781250 0.046875000 0.023437500 0.011718750 0.031250000 0.031250000 0.058593750 0.023437500 0.039062500 0.027343750 0.046875000 0.015625000 0.015625000 0.031250000 0.011718750 0.023437500 0.042968750 0.023437500 0.023437500 0.039062500 0.015625000 0.035156250 0.042968750 0.011718750 0.046875000 0.019531250 0.007812500 0.019531250 0.003906250 0.007812500 0.015625000 0.039062500 0.035156250 0.031250000 0.035156250 0.015625000 0.007812500 0.011718750 0.015625000 0.011718750 0.023437500 0.011718750 0.019531250 0.007812500 0.015625000 0.019531250 0.039062500 0.011718750 0.007812500 0.011718750 0.019531250 0.011718750 0.023437500 0.011718750 0.007812500 0.007812500 0.015625000 0.011718750 0.023437500 0.027343750 0.015625000 0.027343750 0.023437500 0.031250000 0.007812500 0.039062500 0.035156250 0.023437500 0.019531250 0.023437500 0.023437500 0.019531250 0.015625000 0.007812500 0.019531250 0.011718750 0.007812500 0.023437500 0.031250000 0.007812500 0.031250000 0.019531250 0.015625000 0.011718750 0.015625000 0.015625000 0.023437500 0.019531250 0.003906250 0.031250000 0.007812500 0.015625000 0.019531250 0.007812500 0.027343750 0.007812500 0.015625000 0.019531250 0.007812500 0.011718750 0.027343750 0.015625000 0.007812500 0.015625000 0.011718750 0.003906250 0.027343750 0.015625000 0.007812500 0.023437500 0.023437500 0.015625000 0.011718750 0.019531250 0.007812500 0.015625000 0.015625000 0.015625000 0.015625000 0.003906250 0.003906250 0.019531250 0.015625000 0.023437500 0.015625000 0.003906250 0.015625000 0.007812500 0.003906250 0.015625000 0.011718750 0.007812500 0.003906250 0.007812500 0.011718750 0.015625000 0.007812500 0.023437500 0.003906250 0.007812500 0.023437500 0.003906250 0.007812500 0.027343750 0.015625000 0.007812500 0.015625000 0.015625000 0.007812500 0.031250000 0.019531250 0.007812500 0.015625000 0.023437500 0.023437500 0.015625000 0.019531250 0.007812500 0.023437500 0.007812500 0.015625000 0.015625000 0.019531250 0.019531250 0.003906250 0.003906250 0.007812500 0.003906250 0.011718750 0.015625000 0.003906250 0.007812500 0.019531250 0.015625000 0.023437500 0.035156250 0.007812500 0.011718750 0.011718750 0.015625000 0.007812500 0.007812500 0.003906250 0.011718750 0.007812500 0.019531250 0.019531250 0.011718750 0.015625000 0.015625000 0.000000000 
0.109375000 0.390625000 0.730468750 0.605468750 0.468750000 0.132812500 0.156250000 0.078125000 0.121093750 0.054687500 0.093750000 0.039062500 0.027343750 0.074218750 0.238281250 0.109375000 0.082031250 0.015625000 0.046875000 0.078125000 0.050781250 0.113281250 0.039062500 0.058593750 0.117187500 0.093750000 0.062500000 0.097656250 0.101562500 0.027343750 0.031250000 0.054687500 0.003906250 0.019531250 0.058593750 0.035156250 0.082031250 0.085937500 0.007812500 0.023437500 0.082031250 0.054687500 0.015625000 0.074218750 0.109375000 0.078125000 0.070312500 0.011718750 0.066406250 0.027343750 0.023437500 0.046875000 0.054687500 0.042968750 0.035156250 0.027343750 0.007812500 0.015625000 0.027343750 0.054687500 0.031250000 0.003906250 0.054687500 0.054687500 0.042968750 0.019531250 0.023437500 0.031250000 0.011718750 0.039062500 0.011718750 0.007812500 0.046875000 0.003906250 0.050781250 0.035156250 0.042968750 0.007812500 0.011718750 0.015625000 0.019531250 0.035156250 0.019531250 0.046875000 0.050781250 0.031250000 0.023437500 0.019531250 0.015625000 0.042968750 0.019531250 0.011718750 0.019531250 0.015625000 0.011718750 0.007812500 0.007812500 0.027343750 0.035156250 0.054687500 0.011718750 0.027343750 0.023437500 0.050781250 0.015625000 0.023437500 0.011718750 0.011718750 0.031250000 0.007812500 0.035156250 0.031250000 0.031250000 0.015625000 0.007812500 0.015625000 0.015625000 0.023437500 0.007812500 0.015625000 0.007812500 0.011718750 0.007812500 0.015625000 0.023437500 0.011718750 0.011718750 0.011718750 0.015625000 0.023437500 0.031250000 0.058593750 0.035156250 0.011718750 0.039062500 0.019531250 0.039062500 0.007812500 0.015625000 0.015625000 0.003906250 0.015625000 0.007812500 0.015625000 0.023437500 0.003906250 0.031250000 0.019531250 0.019531250 0.003906250 0.027343750 0.011718750 0.015625000 0.003906250 0.003906250 0.031250000 0.011718750 0.019531250 0.007812500 0.023437500 0.007812500 0.023437500 0.011718750 0.015625000 0.003906250 0.019531250 0.015625000 0.007812500 0.003906250 0.011718750 0.019531250 0.011718750 0.019531250 0.011718750 0.015625000 0.015625000 0.023437500 0.007812500 0.019531250 0.035156250 0.007812500 0.015625000 0.019531250 0.027343750 0.007812500 0.015625000 0.015625000 0.031250000 0.003906250 0.019531250 0.019531250 0.011718750 0.003906250 0.019531250 0.011718750 0.007812500 0.007812500 0.011718750 0.011718750 0.003906250 0.015625000 0.019531250 0.015625000 0.031250000 0.019531250 0.019531250 0.007812500 0.019531250 0.007812500 0.015625000 0.003906250 0.015625000 0.019531250 0.023437500 0.011718750 0.031250000 0.015625000 0.011718750 0.023437500 0.023437500 0.019531250 0.015625000 0.027343750 0.007812500 0.011718750 0.019531250 0.011718750 0.011718750 0.011718750 0.023437500 0.003906250 0.015625000 0.011718750 0.007812500 0.011718750 0.007812500 0.011718750 0.003906250 0.023437500 0.023437500 0.011718750 0.031250000 0.007812500 0.011718750 0.011718750 0.019531250 0.003906250 0.007812500 0.007812500 0.011718750 0.011718750 0.027343750 0.023437500 0.015625000 0.015625000 0.003906250 0.000000000 
0.140625000 0.355468750 0.550781250 0.214843750 0.699218750 0.066406250 0.074218750 0.199218750 0.054687500 0.062500000 0.125000000 0.101562500 0.132812500 0.027343750 0.285156250 0.113281250 0.062500000 0.007812500 0.082031250 0.050781250 0.054687500 0.054687500 0.093750000 0.078125000 0.089843750 0.066406250 0.027343750 0.023437500 0.101562500 0.105468750 0.062500000 0.085937500 0.062500000 0.070312500 0.007812500 0.058593750 0.101562500 0.046875000 0.042968750 0.046875000 0.093750000 0.031250000 0.035156250 0.042968750 0.156250000 0.046875000 0.074218750 0.011718750 0.042968750 0.046875000 0.027343750 0.015625000 0.011718750 0.027343750 0.042968750 0.042968750 0.011718750 0.027343750 0.011718750 0.050781250 0.011718750 0.027343750 0.062500000 0.046875000 0.050781250 0.031250000 0.042968750 0.035156250 0.058593750 0.015625000 0.011718750 0.019531250 0.027343750 0.015625000 0.042968750 0.070312500 0.023437500 0.035156250 0.035156250 0.011718750 0.039062500 0.027343750 0.003906250 0.046875000 0.019531250 0.011718750 0.015625000 0.042968750 0.035156250 0.023437500 0.027343750 0.015625000 0.027343750 0.011718750 0.019531250 0.035156250 0.027343750 0.007812500 0.007812500 0.074218750 0.046875000 0.019531250 0.011718750 0.042968750 0.035156250 0.015625000 0.011718750 0.007812500 0.023437500 0.011718750 0.007812500 0.023437500 0.039062500 0.031250000 0.023437500 0.015625000 0.015625000 0.035156250 0.027343750 0.031250000 0.007812500 0.019531250 0.007812500 0.023437500 0.007812500 0.031250000 0.019531250 0.003906250 0.023437500 0.011718750 0.042968750 0.027343750 0.035156250 0.019531250 0.039062500 0.015625000 0.035156250 0.003906250 0.011718750 0.015625000 0.015625000 0.019531250 0.007812500 0.015625000 0.031250000 0.019531250 0.042968750 0.003906250 0.031250000 0.003906250 0.023437500 0.011718750 0.031250000 0.023437500 0.023437500 0.023437500 0.011718750 0.031250000 0.015625000 0.019531250 0.003906250 0.003906250 0.011718750 0.007812500 0.011718750 0.019531250 0.015625000 0.007812500 0.015625000 0.031250000 0.035156250 0.007812500 0.023437500 0.003906250 0.007812500 0.007812500 0.003906250 0.015625000 0.011718750 0.023437500 0.015625000 0.003906250 0.019531250 0.019531250 0.011718750 0.027343750 0.003906250 0.035156250 0.039062500 0.011718750 0.007812500 0.019531250 0.003906250 0.019531250 0.003906250 0.003906250 0.011718750 0.011718750 0.011718750 0.011718750 0.011718750 0.027343750 0.015625000 0.027343750 0.019531250 0.011718750 0.015625000 0.003906250 0.019531250 0.019531250 0.011718750 0.035156250 0.011718750 0.019531250 0.011718750 0.027343750 0.019531250 0.015625000 0.031250000 0.023437500 0.007812500 0.007812500 0.039062500 0.015625000 0.003906250 0.019531250 0.003906250 0.015625000 0.007812500 0.019531250 0.011718750 0.019531250 0.015625000 0.007812500 0.003906250 0.007812500 0.003906250 0.007812500 0.023437500 0.015625000 0.011718750 0.011718750 0.023437500 0.019531250 0.003906250 0.015625000 0.007812500 0.011718750 0.007812500 0.003906250 0.027343750 0.019531250 0.011718750 0.007812500 0.019531250 0.007812500 0.000000000 
0.097656250 0.109375000 0.652343750 0.214843750 0.496093750 0.074218750 0.074218750 0.136718750 0.105468750 0.117187500 0.074218750 0.085937500 0.171875000 0.125000000 0.191406250 0.156250000 0.074218750 0.054687500 0.046875000 0.015625000 0.097656250 0.011718750 0.054687500 0.027343750 0.050781250 0.093750000 0.113281250 0.066406250 0.105468750 0.097656250 0.019531250 0.039062500 0.046875000 0.074218750 0.031250000 0.046875000 0.093750000 0.031250000 0.027343750 0.062500000 0.085937500 0.042968750 0.082031250 0.042968750 0.175781250 0.039062500 0.062500000 0.031250000 0.070312500 0.019531250 0.027343750 0.003906250 0.023437500 0.046875000 0.027343750 0.054687500 0.019531250 0.023437500 0.035156250 0.031250000 0.003906250 0.023437500 0.050781250 0.046875000 0.031250000 0.019531250 0.011718750 0.046875000 0.054687500 0.003906250 0.015625000 0.015625000 0.015625000 0.019531250 0.039062500 0.042968750 0.023437500 0.042968750 0.031250000 0.003906250 0.042968750 0.015625000 0.039062500 0.015625000 0.066406250 0.019531250 0.003906250 0.031250000 0.054687500 0.007812500 0.011718750 0.035156250 0.015625000 0.003906250 0.031250000 0.023437500 0.031250000 0.015625000 0.019531250 0.046875000 0.015625000 0.042968750 0.011718750 0.050781250 0.035156250 0.015625000 0.019531250 0.015625000 0.031250000 0.003906250 0.015625000 0.031250000 0.031250000 0.031250000 0.035156250 0.027343750 0.035156250 0.035156250 0.003906250 0.035156250 0.015625000 0.015625000 0.015625000 0.027343750 0.011718750 0.027343750 0.019531250 0.015625000 0.027343750 0.007812500 0.027343750 0.011718750 0.054687500 0.023437500 0.039062500 0.019531250 0.015625000 0.003906250 0.007812500 0.023437500 0.011718750 0.023437500 0.015625000 0.031250000 0.015625000 0.031250000 0.035156250 0.015625000 0.007812500 0.007812500 0.027343750 0.003906250 0.046875000 0.019531250 0.007812500 0.003906250 0.007812500 0.031250000 0.007812500 0.007812500 0.023437500 0.011718750 0.003906250 0.003906250 0.019531250 0.011718750 0.015625000 0.003906250 0.015625000 0.031250000 0.031250000 0.007812500 0.023437500 0.011718750 0.011718750 0.007812500 0.011718750 0.007812500 0.011718750 0.015625000 0.027343750 0.015625000 0.015625000 0.023437500 0.007812500 0.019531250 0.015625000 0.019531250 0.046875000 0.011718750 0.019531250 0.007812500 0.027343750 0.015625000 0.015625000 0.011718750 0.011718750 0.015625000 0.015625000 0.000000000 0.003906250 0.027343750 0.007812500 0.023437500 0.031250000 0.007812500 0.027343750 0.019531250 0.007812500 0.023437500 0.011718750 0.031250000 0.023437500 0.039062500 0.019531250 0.023437500 0.011718750 0.023437500 0.031250000 0.031250000 0.003906250 0.023437500 0.027343750 0.015625000 0.003906250 0.019531250 0.007812500 0.015625000 0.007812500 0.019531250 0.007812500 0.027343750 0.023437500 0.011718750 0.011718750 0.019531250 0.007812500 0.011718750 0.027343750 0.011718750 0.011718750 0.011718750 0.015625000 0.015625000 0.015625000 0.019531250 0.003906250 0.003906250 0.015625000 0.003906250 0.019531250 0.035156250 0.011718750 0.019531250 0.011718750 0.007812500 0.003906250 
0.058593750 0.078125000 0.390625000 0.156250000 0.218750000 0.242187500 0.132812500 0.078125000 0.152343750 0.074218750 0.136718750 0.144531250 0.113281250 0.222656250 0.082031250 0.066406250 0.007812500 0.039062500 0.070312500 0.015625000 0.148437500 0.125000000 0.125000000 0.070312500 0.062500000 0.042968750 0.183593750 0.042968750 0.097656250 0.121093750 0.015625000 0.085937500 0.140625000 0.007812500 0.066406250 0.066406250 0.054687500 0.046875000 0.035156250 0.082031250 0.070312500 0.054687500 0.078125000 0.054687500 0.113281250 0.046875000 0.011718750 0.023437500 0.058593750 0.046875000 0.003906250 0.015625000 0.054687500 0.027343750 0.058593750 0.050781250 0.035156250 0.015625000 0.027343750 0.019531250 0.042968750 0.042968750 0.011718750 0.019531250 0.035156250 0.027343750 0.035156250 0.066406250 0.035156250 0.015625000 0.023437500 0.007812500 0.015625000 0.019531250 0.035156250 0.011718750 0.054687500 0.035156250 0.039062500 0.027343750 0.023437500 0.023437500 0.027343750 0.035156250 0.070312500 0.011718750 0.011718750 0.035156250 0.042968750 0.007812500 0.007812500 0.000000000 0.046875000 0.023437500 0.039062500 0.031250000 0.015625000 0.023437500 0.019531250 0.062500000 0.027343750 0.046875000 0.035156250 0.015625000 0.019531250 0.003906250 0.031250000 0.019531250 0.023437500 0.000000000 0.019531250 0.031250000 0.031250000 0.039062500 0.039062500 0.027343750 0.031250000 0.050781250 0.039062500 0.003906250 0.011718750 0.003906250 0.015625000 0.000000000 0.023437500 0.035156250 0.027343750 0.019531250 0.019531250 0.003906250 0.011718750 0.027343750 0.011718750 0.015625000 0.015625000 0.015625000 0.003906250 0.007812500 0.007812500 0.027343750 0.003906250 0.023437500 0.011718750 0.035156250 0.011718750 0.046875000 0.039062500 0.031250000 0.023437500 0.015625000 0.019531250 0.011718750 0.035156250 0.023437500 0.011718750 0.015625000 0.007812500 0.027343750 0.011718750 0.007812500 0.011718750 0.027343750 0.011718750 0.003906250 0.023437500 0.015625000 0.011718750 0.003906250 0.019531250 0.023437500 0.031250000 0.019531250 0.027343750 0.023437500 0.019531250 0.023437500 0.003906250 0.015625000 0.019531250 0.015625000 0.015625000 0.019531250 0.019531250 0.023437500 0.019531250 0.027343750 0.023437500 0.011718750 0.031250000 0.023437500 0.007812500 0.003906250 0.031250000 0.011718750 0.031250000 0.015625000 0.015625000 0.023437500 0.015625000 0.007812500 0.011718750 0.015625000 0.011718750 0.007812500 0.007812500 0.023437500 0.019531250 0.011718750 0.011718750 0.015625000 0.023437500 0.019531250 0.023437500 0.023437500 0.042968750 0.003906250 0.019531250 0.019531250 0.031250000 0.031250000 0.007812500 0.019531250 0.027343750 0.011718750 0.011718750 0.015625000 0.011718750 0.019531250 0.003906250 0.011718750 0.015625000 0.007812500 0.011718750 0.019531250 0.015625000 0.007812500 0.019531250 0.007812500 0.015625000 0.007812500 0.003906250 0.011718750 0.019531250 0.027343750 0.015625000 0.015625000 0.003906250 0.007812500 0.019531250 0.015625000 0.011718750 0.031250000 0.011718750 0.023437500 0.011718750 0.007812500 0.003906250 
0.003906250 0.035156250 0.476562500 0.171875000 0.222656250 0.144531250 0.101562500 0.082031250 0.089843750 0.148437500 0.062500000 0.156250000 0.042968750 0.097656250 0.242187500 0.078125000 0.066406250 0.058593750 0.058593750 0.148437500 0.035156250 0.152343750 0.164062500 0.074218750 0.187500000 0.093750000 0.136718750 0.023437500 0.046875000 0.121093750 0.054687500 0.101562500 0.050781250 0.039062500 0.003906250 0.058593750 0.074218750 0.113281250 0.105468750 0.042968750 0.027343750 0.042968750 0.093750000 0.015625000 0.066406250 0.050781250 0.031250000 0.023437500 0.093750000 0.078125000 0.035156250 0.027343750 0.074218750 0.050781250 0.066406250 0.019531250 0.015625000 0.062500000 0.035156250 0.035156250 0.042968750 0.015625000 0.039062500 0.011718750 0.027343750 0.019531250 0.015625000 0.050781250 0.019531250 0.015625000 0.019531250 0.035156250 0.046875000 0.015625000 0.031250000 0.023437500 0.027343750 0.011718750 0.046875000 0.027343750 0.019531250 0.039062500 0.031250000 0.039062500 0.074218750 0.007812500 0.031250000 0.015625000 0.027343750 0.023437500 0.035156250 0.023437500 0.027343750 0.023437500 0.019531250 0.039062500 0.015625000 0.011718750 0.011718750 0.019531250 0.062500000 0.058593750 0.019531250 0.027343750 0.015625000 0.015625000 0.007812500 0.050781250 0.007812500 0.031250000 0.027343750 0.035156250 0.031250000 0.015625000 0.015625000 0.023437500 0.042968750 0.035156250 0.031250000 0.019531250 0.003906250 0.019531250 0.003906250 0.011718750 0.015625000 0.023437500 0.023437500 0.027343750 0.003906250 0.027343750 0.039062500 0.042968750 0.019531250 0.027343750 0.031250000 0.011718750 0.011718750 0.011718750 0.011718750 0.019531250 0.019531250 0.019531250 0.019531250 0.011718750 0.054687500 0.003906250 0.023437500 0.019531250 0.015625000 0.023437500 0.015625000 0.007812500 0.023437500 0.007812500 0.015625000 0.011718750 0.011718750 0.011718750 0.015625000 0.015625000 0.011718750 0.015625000 0.023437500 0.015625000 0.023437500 0.019531250 0.007812500 0.011718750 0.015625000 0.007812500 0.019531250 0.011718750 0.023437500 0.023437500 0.015625000 0.023437500 0.003906250 0.015625000 0.019531250 0.015625000 0.007812500 0.027343750 0.007812500 0.007812500 0.007812500 0.007812500 0.011718750 0.015625000 0.019531250 0.011718750 0.019531250 0.007812500 0.035156250 0.003906250 0.031250000 0.023437500 0.015625000 0.023437500 0.023437500 0.007812500 0.011718750 0.019531250 0.003906250 0.011718750 0.007812500 0.031250000 0.019531250 0.007812500 0.007812500 0.023437500 0.019531250 0.027343750 0.027343750 0.027343750 0.035156250 0.011718750 0.011718750 0.019531250 0.031250000 0.027343750 0.011718750 0.007812500 0.019531250 0.015625000 0.011718750 0.007812500 0.019531250 0.015625000 0.011718750 0.023437500 0.007812500 0.015625000 0.023437500 0.011718750 0.019531250 0.011718750 0.019531250 0.003906250 0.007812500 0.011718750 0.007812500 0.015625000 0.019531250 0.027343750 0.015625000 0.027343750 0.015625000 0.011718750 0.011718750 0.015625000 0.007812500 0.015625000 0.015625000 0.015625000 0.011718750 0.019531250 0.011718750 
