0.007812500 0.007812500 0.007812500 0.007812500 0.007812500 0.011718750 0.011718750 0.011718750 0.015625000 0.015625000 0.015625000 0.019531250 0.019531250 0.019531250 0.019531250 0.019531250 0.019531250 0.015625000 0.015625000 0.011718750 0.007812500 0.003906250 0.003906250 0.003906250 0.011718750 0.015625000 0.015625000 0.019531250 0.023437500 0.023437500 0.023437500 0.023437500 0.023437500 0.019531250 0.015625000 0.015625000 0.011718750 0.011718750 0.011718750 0.011718750 0.011718750 0.015625000 0.015625000 0.015625000 0.015625000 0.015625000 0.011718750 0.011718750 0.007812500 0.007812500 0.003906250 0.003906250 0.003906250 0.003906250 0.003906250 0.003906250 0.003906250 0.003906250 0.003906250 0.000000000 0.003906250 0.003906250 0.003906250 0.007812500 0.007812500 0.007812500 0.007812500 0.007812500 0.007812500 0.003906250 0.007812500 0.007812500 0.007812500 0.011718750 0.011718750 0.011718750 0.011718750 0.011718750 0.011718750 0.007812500 0.007812500 0.003906250 0.003906250 0.003906250 0.007812500 0.007812500 0.007812500 0.007812500 0.007812500 0.003906250 0.003906250 0.003906250 0.007812500 0.015625000 0.023437500 0.027343750 0.035156250 0.042968750 0.050781250 0.058593750 0.062500000 0.066406250 0.070312500 0.070312500 0.070312500 0.070312500 0.066406250 0.062500000 0.058593750 0.050781250 0.046875000 0.042968750 0.035156250 0.031250000 0.027343750 0.027343750 0.023437500 0.023437500 0.023437500 0.019531250 0.015625000 0.015625000 0.011718750 0.011718750 0.007812500 0.007812500 0.003906250 0.003906250 0.003906250 0.003906250 0.003906250 0.003906250 0.003906250 0.003906250 0.003906250 0.003906250 0.003906250 0.003906250 0.003906250 0.007812500 0.007812500 0.007812500 0.007812500 0.003906250 0.003906250 0.003906250 0.003906250 0.003906250 0.007812500 0.007812500 0.007812500 0.011718750 0.011718750 0.011718750 0.011718750 0.011718750 0.011718750 0.011718750 0.011718750 0.011718750 0.007812500 0.007812500 0.007812500 0.003906250 0.003906250 0.003906250 0.003906250 0.003906250 0.003906250 0.007812500 0.007812500 0.007812500 0.007812500 0.007812500 0.007812500 0.007812500 0.007812500 0.003906250 0.003906250 0.000000000 0.000000000 0.003906250 0.003906250 0.003906250 0.007812500 0.007812500 0.007812500 0.007812500 0.003906250 0.003906250 0.003906250 0.003906250 0.003906250 0.003906250 0.003906250 0.007812500 0.007812500 0.007812500 0.007812500 0.007812500 0.007812500 0.007812500 0.007812500 0.007812500 0.007812500 0.007812500 0.007812500 0.007812500 0.003906250 0.003906250 0.003906250 0.003906250 0.003906250 0.003906250 0.003906250 0.007812500 0.011718750 0.011718750 0.015625000 0.015625000 0.015625000 0.019531250 0.019531250 0.019531250 0.015625000 0.015625000 0.011718750 0.011718750 0.007812500 0.007812500 0.003906250 0.003906250 0.003906250 0.003906250 0.007812500 0.007812500 0.007812500 0.007812500 0.007812500 0.007812500 0.007812500 0.007812500 0.003906250 0.003906250 0.000000000 0.000000000 0.003906250 0.003906250 0.007812500 0.007812500 0.007812500 0.011718750 0.011718750 0.015625000 0.015625000 0.015625000 0.015625000 
0.000000000 0.000000000 0.000000000 0.003906250 0.003906250 0.003906250 0.003906250 0.003906250 0.007812500 0.007812500 0.007812500 0.007812500 0.007812500 0.007812500 0.011718750 0.011718750 0.011718750 0.011718750 0.011718750 0.011718750 0.011718750 0.011718750 0.011718750 0.015625000 0.015625000 0.015625000 0.015625000 0.015625000 0.015625000 0.015625000 0.015625000 0.015625000 0.015625000 0.015625000 0.015625000 0.015625000 0.015625000 0.015625000 0.015625000 0.015625000 0.015625000 0.015625000 0.011718750 0.011718750 0.011718750 0.011718750 0.011718750 0.011718750 0.011718750 0.011718750 0.007812500 0.007812500 0.007812500 0.007812500 0.007812500 0.007812500 0.003906250 0.003906250 0.003906250 0.003906250 0.003906250 0.003906250 0.000000000 0.000000000 0.000000000 0.000000000 0.000000000 0.003906250 0.003906250 0.003906250 0.003906250 0.003906250 0.003906250 0.007812500 0.007812500 0.007812500 0.007812500 0.007812500 0.007812500 0.007812500 0.007812500 0.011718750 0.011718750 0.011718750 0.011718750 0.011718750 0.011718750 0.011718750 0.011718750 0.011718750 0.011718750 0.011718750 0.011718750 0.011718750 0.011718750 0.011718750 0.011718750 0.011718750 0.011718750 0.011718750 0.011718750 0.011718750 0.011718750 0.011718750 0.011718750 0.011718750 0.011718750 0.011718750 0.011718750 0.011718750 0.007812500 0.007812500 0.007812500 0.007812500 0.007812500 0.007812500 0.007812500 0.007812500 0.003906250 0.003906250 0.003906250 0.003906250 0.003906250 0.003906250 0.003906250 0.000000000 0.000000000 0.000000000 0.000000000 0.000000000 0.000000000 0.000000000 0.003906250 0.003906250 0.003906250 0.003906250 0.003906250 0.003906250 0.003906250 0.003906250 0.003906250 0.007812500 0.007812500 0.007812500 0.007812500 0.007812500 0.007812500 0.007812500 0.007812500 0.007812500 0.007812500 0.007812500 0.007812500 0.007812500 0.007812500 0.007812500 0.007812500 0.007812500 0.007812500 0.007812500 0.007812500 0.007812500 0.007812500 0.007812500 0.007812500 0.007812500 0.007812500 0.007812500 0.007812500 0.007812500 0.007812500 0.007812500 0.007812500 0.007812500 0.003906250 0.003906250 0.003906250 0.003906250 0.003906250 0.003906250 0.003906250 0.003906250 0.003906250 0.003906250 0.003906250 0.003906250 0.000000000 0.000000000 0.000000000 0.000000000 0.000000000 0.000000000 0.000000000 0.000000000 0.000000000 0.000000000 0.000000000 0.000000000 0.000000000 0.000000000 0.003906250 0.003906250 0.003906250 0.003906250 0.003906250 0.003906250 0.003906250 0.003906250 0.003906250 0.003906250 0.003906250 0.003906250 0.003906250 0.003906250 0.003906250 0.003906250 0.003906250 0.003906250 0.003906250 0.003906250 0.003906250 0.003906250 0.003906250 0.003906250 0.003906250 0.003906250 0.003906250 0.003906250 0.003906250 0.003906250 0.003906250 0.003906250 0.003906250 0.003906250 0.000000000 0.000000000 0.000000000 0.000000000 0.000000000 0.000000000 0.000000000 0.000000000 0.000000000 0.000000000 0.000000000 0.000000000 0.000000000 0.000000000 0.000000000 0.000000000 0.000000000 0.000000000 0.000000000 0.000000000 0.000000000 0.000000000 0.000000000 
0.000000000 0.000000000 0.000000000 0.000000000 0.000000000 0.000000000 0.000000000 0.000000000 0.000000000 0.000000000 0.000000000 0.000000000 0.000000000 0.000000000 0.000000000 0.000000000 0.000000000 0.000000000 0.000000000 0.000000000 0.000000000 0.000000000 0.000000000 0.000000000 0.000000000 0.000000000 0.000000000 0.000000000 0.000000000 0.000000000 0.000000000 0.000000000 0.000000000 0.000000000 0.000000000 0.000000000 0.000000000 0.000000000 0.000000000 0.000000000 0.000000000 0.000000000 0.000000000 0.000000000 0.000000000 0.000000000 0.000000000 0.000000000 0.000000000 0.000000000 0.000000000 0.000000000 0.000000000 0.000000000 0.000000000 0.000000000 0.000000000 0.000000000 0.000000000 0.000000000 0.000000000 0.000000000 0.000000000 0.000000000 0.000000000 0.000000000 0.000000000 0.000000000 0.000000000 0.000000000 0.000000000 0.000000000 0.000000000 0.000000000 0.000000000 0.000000000 0.000000000 0.000000000 0.000000000 0.000000000 0.000000000 0.000000000 0.000000000 0.000000000 0.000000000 0.000000000 0.000000000 0.000000000 0.000000000 0.000000000 0.000000000 0.000000000 0.000000000 0.000000000 0.000000000 0.000000000 0.000000000 0.000000000 0.000000000 0.000000000 0.000000000 0.000000000 0.000000000 0.000000000 0.000000000 0.000000000 0.000000000 0.000000000 0.000000000 0.000000000 0.000000000 0.000000000 0.000000000 0.000000000 0.000000000 0.000000000 0.000000000 0.000000000 0.000000000 0.000000000 0.000000000 0.000000000 0.000000000 0.000000000 0.000000000 0.000000000 0.000000000 0.000000000 0.000000000 0.000000000 0.000000000 0.000000000 0.000000000 0.000000000 0.000000000 0.000000000 0.000000000 0.000000000 0.000000000 0.000000000 0.000000000 0.000000000 0.000000000 0.000000000 0.000000000 0.000000000 0.000000000 0.000000000 0.000000000 0.000000000 0.000000000 0.000000000 0.000000000 0.000000000 0.000000000 0.000000000 0.000000000 0.000000000 0.000000000 0.000000000 0.000000000 0.000000000 0.000000000 0.000000000 0.000000000 0.000000000 0.000000000 0.000000000 0.000000000 0.000000000 0.000000000 0.000000000 0.000000000 0.000000000 0.000000000 0.000000000 0.000000000 0.000000000 0.000000000 0.000000000 0.000000000 0.000000000 0.000000000 0.000000000 0.000000000 0.000000000 0.000000000 0.000000000 0.000000000 0.000000000 0.000000000 0.000000000 0.000000000 0.000000000 0.000000000 0.000000000 0.000000000 0.000000000 0.000000000 0.000000000 0.000000000 0.000000000 0.000000000 0.000000000 0.000000000 0.000000000 0.000000000 0.000000000 0.000000000 0.000000000 0.000000000 0.000000000 0.000000000 0.000000000 0.000000000 0.000000000 0.000000000 0.000000000 0.000000000 0.000000000 0.000000000 0.000000000 0.000000000 0.000000000 0.000000000 0.000000000 0.000000000 0.000000000 0.000000000 0.000000000 0.000000000 0.000000000 0.000000000 0.000000000 0.000000000 0.000000000 0.000000000 0.000000000 0.000000000 0.000000000 0.000000000 0.000000000 0.000000000 0.000000000 0.000000000 0.000000000 0.000000000 0.000000000 0.000000000 0.000000000 0.000000000 0.000000000 0.000000000 0.000000000 0.000000000 0.000000000 0.000000000 
0.000000000 0.000000000 0.000000000 0.000000000 0.000000000 0.000000000 0.000000000 0.000000000 0.000000000 0.000000000 0.000000000 0.000000000 0.000000000 0.000000000 0.000000000 0.000000000 0.000000000 0.000000000 0.000000000 0.000000000 0.000000000 0.000000000 0.000000000 0.000000000 0.000000000 0.000000000 0.000000000 0.000000000 0.000000000 0.000000000 0.000000000 0.000000000 0.000000000 0.000000000 0.000000000 0.000000000 0.000000000 0.000000000 0.000000000 0.000000000 0.000000000 0.000000000 0.000000000 0.000000000 0.000000000 0.000000000 0.000000000 0.000000000 0.000000000 0.000000000 0.000000000 0.000000000 0.000000000 0.000000000 0.000000000 0.000000000 0.000000000 0.000000000 0.000000000 0.000000000 0.000000000 0.000000000 0.000000000 0.000000000 0.000000000 0.000000000 0.000000000 0.000000000 0.000000000 0.000000000 0.000000000 0.000000000 0.000000000 0.000000000 0.000000000 0.000000000 0.000000000 0.000000000 0.000000000 0.000000000 0.000000000 0.000000000 0.000000000 0.000000000 0.000000000 0.000000000 0.000000000 0.000000000 0.000000000 0.000000000 0.000000000 0.000000000 0.000000000 0.000000000 0.000000000 0.000000000 0.000000000 0.000000000 0.000000000 0.000000000 0.000000000 0.000000000 0.000000000 0.000000000 0.000000000 0.000000000 0.000000000 0.000000000 0.000000000 0.000000000 0.000000000 0.000000000 0.000000000 0.000000000 0.000000000 0.000000000 0.000000000 0.000000000 0.000000000 0.000000000 0.000000000 0.000000000 0.000000000 0.000000000 0.000000000 0.000000000 0.000000000 0.000000000 0.000000000 0.000000000 0.000000000 0.000000000 0.000000000 0.000000000 0.000000000 0.000000000 0.000000000 0.000000000 0.000000000 0.000000000 0.000000000 0.000000000 0.000000000 0.000000000 0.000000000 0.000000000 0.000000000 0.000000000 0.000000000 0.000000000 0.000000000 0.000000000 0.000000000 0.000000000 0.000000000 0.000000000 0.000000000 0.000000000 0.000000000 0.000000000 0.000000000 0.000000000 0.000000000 0.000000000 0.000000000 0.000000000 0.000000000 0.000000000 0.000000000 0.000000000 0.000000000 0.000000000 0.000000000 0.000000000 0.000000000 0.000000000 0.000000000 0.000000000 0.000000000 0.000000000 0.000000000 0.000000000 0.000000000 0.000000000 0.000000000 0.000000000 0.000000000 0.000000000 0.000000000 0.000000000 0.000000000 0.000000000 0.000000000 0.000000000 0.000000000 0.000000000 0.000000000 0.000000000 0.000000000 0.000000000 0.000000000 0.000000000 0.000000000 0.000000000 0.000000000 0.000000000 0.000000000 0.000000000 0.000000000 0.000000000 0.000000000 0.000000000 0.000000000 0.000000000 0.000000000 0.000000000 0.000000000 0.000000000 0.000000000 0.000000000 0.000000000 0.000000000 0.000000000 0.000000000 0.000000000 0.000000000 0.000000000 0.000000000 0.000000000 0.000000000 0.000000000 0.000000000 0.000000000 0.000000000 0.000000000 0.000000000 0.000000000 0.000000000 0.000000000 0.000000000 0.000000000 0.000000000 0.000000000 0.000000000 0.000000000 0.000000000 0.000000000 0.000000000 0.000000000 0.000000000 0.000000000 0.000000000 0.000000000 0.000000000 0.000000000 0.000000000 0.000000000 
0.000000000 0.000000000 0.000000000 0.000000000 0.000000000 0.000000000 0.000000000 0.000000000 0.000000000 0.000000000 0.000000000 0.000000000 0.000000000 0.000000000 0.000000000 0.000000000 0.000000000 0.000000000 0.000000000 0.000000000 0.000000000 0.000000000 0.000000000 0.000000000 0.000000000 0.000000000 0.000000000 0.000000000 0.000000000 0.000000000 0.000000000 0.000000000 0.000000000 0.000000000 0.000000000 0.000000000 0.000000000 0.000000000 0.000000000 0.000000000 0.000000000 0.000000000 0.000000000 0.000000000 0.000000000 0.000000000 0.000000000 0.000000000 0.000000000 0.000000000 0.000000000 0.000000000 0.000000000 0.000000000 0.000000000 0.000000000 0.000000000 0.000000000 0.000000000 0.000000000 0.000000000 0.000000000 0.000000000 0.000000000 0.000000000 0.000000000 0.000000000 0.000000000 0.000000000 0.000000000 0.000000000 0.000000000 0.000000000 0.000000000 0.000000000 0.000000000 0.000000000 0.000000000 0.000000000 0.000000000 0.000000000 0.000000000 0.000000000 0.000000000 0.000000000 0.000000000 0.000000000 0.000000000 0.000000000 0.000000000 0.000000000 0.000000000 0.000000000 0.000000000 0.000000000 0.000000000 0.000000000 0.000000000 0.000000000 0.000000000 0.000000000 0.000000000 0.000000000 0.000000000 0.000000000 0.000000000 0.000000000 0.000000000 0.000000000 0.000000000 0.000000000 0.000000000 0.000000000 0.000000000 0.000000000 0.000000000 0.000000000 0.000000000 0.000000000 0.000000000 0.000000000 0.000000000 0.000000000 0.000000000 0.000000000 0.000000000 0.000000000 0.000000000 0.000000000 0.000000000 0.000000000 0.000000000 0.000000000 0.000000000 0.000000000 0.000000000 0.000000000 0.000000000 0.000000000 0.000000000 0.000000000 0.000000000 0.000000000 0.000000000 0.000000000 0.000000000 0.000000000 0.000000000 0.000000000 0.000000000 0.000000000 0.000000000 0.000000000 0.000000000 0.000000000 0.000000000 0.000000000 0.000000000 0.000000000 0.000000000 0.000000000 0.000000000 0.000000000 0.000000000 0.000000000 0.000000000 0.000000000 0.000000000 0.000000000 0.000000000 0.000000000 0.000000000 0.000000000 0.000000000 0.000000000 0.000000000 0.000000000 0.000000000 0.000000000 0.000000000 0.000000000 0.000000000 0.000000000 0.000000000 0.000000000 0.000000000 0.000000000 0.000000000 0.000000000 0.000000000 0.000000000 0.000000000 0.000000000 0.000000000 0.000000000 0.000000000 0.000000000 0.000000000 0.000000000 0.000000000 0.000000000 0.000000000 0.000000000 0.000000000 0.000000000 0.000000000 0.000000000 0.000000000 0.000000000 0.000000000 0.000000000 0.000000000 0.000000000 0.000000000 0.000000000 0.000000000 0.000000000 0.000000000 0.000000000 0.000000000 0.000000000 0.000000000 0.000000000 0.000000000 0.000000000 0.000000000 0.000000000 0.000000000 0.000000000 0.000000000 0.000000000 0.000000000 0.000000000 0.000000000 0.000000000 0.000000000 0.000000000 0.000000000 0.000000000 0.000000000 0.000000000 0.000000000 0.000000000 0.000000000 0.000000000 0.000000000 0.000000000 0.000000000 0.000000000 0.000000000 0.000000000 0.000000000 0.000000000 0.000000000 0.000000000 0.000000000 0.000000000 
0.000000000 0.000000000 0.000000000 0.000000000 0.000000000 0.000000000 0.000000000 0.000000000 0.000000000 0.000000000 0.000000000 0.000000000 0.000000000 0.000000000 0.000000000 0.000000000 0.000000000 0.000000000 0.000000000 0.000000000 0.000000000 0.000000000 0.000000000 0.000000000 0.000000000 0.000000000 0.000000000 0.000000000 0.000000000 0.000000000 0.000000000 0.000000000 0.000000000 0.000000000 0.000000000 0.000000000 0.000000000 0.000000000 0.000000000 0.000000000 0.000000000 0.000000000 0.000000000 0.000000000 0.000000000 0.000000000 0.000000000 0.000000000 0.000000000 0.000000000 0.000000000 0.000000000 0.000000000 0.000000000 0.000000000 0.000000000 0.000000000 0.000000000 0.000000000 0.000000000 0.000000000 0.000000000 0.000000000 0.000000000 0.000000000 0.000000000 0.000000000 0.000000000 0.000000000 0.000000000 0.000000000 0.000000000 0.000000000 0.000000000 0.000000000 0.000000000 0.000000000 0.000000000 0.000000000 0.000000000 0.000000000 0.000000000 0.000000000 0.000000000 0.000000000 0.000000000 0.000000000 0.000000000 0.000000000 0.000000000 0.000000000 0.000000000 0.000000000 0.000000000 0.000000000 0.000000000 0.000000000 0.000000000 0.000000000 0.000000000 0.000000000 0.000000000 0.000000000 0.000000000 0.000000000 0.000000000 0.000000000 0.000000000 0.000000000 0.000000000 0.000000000 0.000000000 0.000000000 0.000000000 0.000000000 0.000000000 0.000000000 0.000000000 0.000000000 0.000000000 0.000000000 0.000000000 0.000000000 0.000000000 0.000000000 0.000000000 0.000000000 0.000000000 0.000000000 0.000000000 0.000000000 0.000000000 0.000000000 0.000000000 0.000000000 0.000000000 0.000000000 0.000000000 0.000000000 0.000000000 0.000000000 0.000000000 0.000000000 0.000000000 0.000000000 0.000000000 0.000000000 0.000000000 0.000000000 0.000000000 0.000000000 0.000000000 0.000000000 0.000000000 0.000000000 0.000000000 0.000000000 0.000000000 0.000000000 0.000000000 0.000000000 0.000000000 0.000000000 0.000000000 0.000000000 0.000000000 0.000000000 0.000000000 0.000000000 0.000000000 0.000000000 0.000000000 0.000000000 0.000000000 0.000000000 0.000000000 0.000000000 0.000000000 0.000000000 0.000000000 0.000000000 0.000000000 0.000000000 0.000000000 0.000000000 0.000000000 0.000000000 0.000000000 0.000000000 0.000000000 0.000000000 0.000000000 0.000000000 0.000000000 0.000000000 0.000000000 0.000000000 0.000000000 0.000000000 0.000000000 0.000000000 0.000000000 0.000000000 0.000000000 0.000000000 0.000000000 0.000000000 0.000000000 0.000000000 0.000000000 0.000000000 0.000000000 0.000000000 0.000000000 0.000000000 0.000000000 0.000000000 0.000000000 0.000000000 0.000000000 0.000000000 0.000000000 0.000000000 0.000000000 0.000000000 0.000000000 0.000000000 0.000000000 0.000000000 0.000000000 0.000000000 0.000000000 0.000000000 0.000000000 0.000000000 0.000000000 0.000000000 0.000000000 0.000000000 0.000000000 0.000000000 0.000000000 0.000000000 0.000000000 0.000000000 0.000000000 0.000000000 0.000000000 0.000000000 0.000000000 0.000000000 0.000000000 0.000000000 0.000000000 0.000000000 0.000000000 0.000000000 
0.000000000 0.000000000 0.000000000 0.000000000 0.000000000 0.000000000 0.000000000 0.000000000 0.000000000 0.000000000 0.000000000 0.000000000 0.000000000 0.000000000 0.000000000 0.000000000 0.000000000 0.000000000 0.000000000 0.000000000 0.000000000 0.000000000 0.000000000 0.000000000 0.000000000 0.000000000 0.000000000 0.000000000 0.000000000 0.000000000 0.000000000 0.000000000 0.000000000 0.000000000 0.000000000 0.000000000 0.000000000 0.000000000 0.000000000 0.000000000 0.000000000 0.000000000 0.000000000 0.000000000 0.000000000 0.000000000 0.000000000 0.000000000 0.000000000 0.000000000 0.000000000 0.000000000 0.000000000 0.000000000 0.000000000 0.000000000 0.000000000 0.000000000 0.000000000 0.000000000 0.000000000 0.000000000 0.000000000 0.000000000 0.000000000 0.000000000 0.000000000 0.000000000 0.000000000 0.000000000 0.000000000 0.000000000 0.000000000 0.000000000 0.000000000 0.000000000 0.000000000 0.000000000 0.000000000 0.000000000 0.000000000 0.000000000 0.000000000 0.000000000 0.000000000 0.000000000 0.000000000 0.000000000 0.000000000 0.000000000 0.000000000 0.000000000 0.000000000 0.000000000 0.000000000 0.000000000 0.000000000 0.000000000 0.000000000 0.000000000 0.000000000 0.000000000 0.000000000 0.000000000 0.000000000 0.000000000 0.000000000 0.000000000 0.000000000 0.000000000 0.000000000 0.000000000 0.000000000 0.000000000 0.000000000 0.000000000 0.000000000 0.000000000 0.000000000 0.000000000 0.000000000 0.000000000 0.000000000 0.000000000 0.000000000 0.000000000 0.000000000 0.000000000 0.000000000 0.000000000 0.000000000 0.000000000 0.000000000 0.000000000 0.000000000 0.000000000 0.000000000 0.000000000 0.000000000 0.000000000 0.000000000 0.000000000 0.000000000 0.000000000 0.000000000 0.000000000 0.000000000 0.000000000 0.000000000 0.000000000 0.000000000 0.000000000 0.000000000 0.000000000 0.000000000 0.000000000 0.000000000 0.000000000 0.000000000 0.000000000 0.000000000 0.000000000 0.000000000 0.000000000 0.000000000 0.000000000 0.000000000 0.000000000 0.000000000 0.000000000 0.000000000 0.000000000 0.000000000 0.000000000 0.000000000 0.000000000 0.000000000 0.000000000 0.000000000 0.000000000 0.000000000 0.000000000 0.000000000 0.000000000 0.000000000 0.000000000 0.000000000 0.000000000 0.000000000 0.000000000 0.000000000 0.000000000 0.000000000 0.000000000 0.000000000 0.000000000 0.000000000 0.000000000 0.000000000 0.000000000 0.000000000 0.000000000 0.000000000 0.000000000 0.000000000 0.000000000 0.000000000 0.000000000 0.000000000 0.000000000 0.000000000 0.000000000 0.000000000 0.000000000 0.000000000 0.000000000 0.000000000 0.000000000 0.000000000 0.000000000 0.000000000 0.000000000 0.000000000 0.000000000 0.000000000 0.000000000 0.000000000 0.000000000 0.000000000 0.000000000 0.000000000 0.000000000 0.000000000 0.000000000 0.000000000 0.000000000 0.000000000 0.000000000 0.000000000 0.000000000 0.000000000 0.000000000 0.000000000 0.000000000 0.000000000 0.000000000 0.000000000 0.000000000 0.000000000 0.000000000 0.000000000 0.000000000 0.000000000 0.000000000 0.000000000 0.000000000 0.000000000 
0.000000000 0.000000000 0.000000000 0.000000000 0.000000000 0.000000000 0.000000000 0.000000000 0.000000000 0.000000000 0.000000000 0.000000000 0.000000000 0.000000000 0.000000000 0.000000000 0.000000000 0.000000000 0.000000000 0.000000000 0.000000000 0.000000000 0.000000000 0.000000000 0.000000000 0.000000000 0.000000000 0.000000000 0.000000000 0.000000000 0.000000000 0.000000000 0.000000000 0.000000000 0.000000000 0.000000000 0.000000000 0.000000000 0.000000000 0.000000000 0.000000000 0.000000000 0.000000000 0.000000000 0.000000000 0.000000000 0.000000000 0.000000000 0.000000000 0.000000000 0.000000000 0.000000000 0.000000000 0.000000000 0.000000000 0.000000000 0.000000000 0.000000000 0.000000000 0.000000000 0.000000000 0.000000000 0.000000000 0.000000000 0.000000000 0.000000000 0.000000000 0.000000000 0.000000000 0.000000000 0.000000000 0.000000000 0.000000000 0.000000000 0.000000000 0.000000000 0.000000000 0.000000000 0.000000000 0.000000000 0.000000000 0.000000000 0.000000000 0.000000000 0.000000000 0.000000000 0.000000000 0.000000000 0.000000000 0.000000000 0.000000000 0.000000000 0.000000000 0.000000000 0.000000000 0.000000000 0.000000000 0.000000000 0.000000000 0.000000000 0.000000000 0.000000000 0.000000000 0.000000000 0.000000000 0.000000000 0.000000000 0.000000000 0.000000000 0.000000000 0.000000000 0.000000000 0.000000000 0.000000000 0.000000000 0.000000000 0.000000000 0.000000000 0.000000000 0.000000000 0.000000000 0.000000000 0.000000000 0.000000000 0.000000000 0.000000000 0.000000000 0.000000000 0.000000000 0.000000000 0.000000000 0.000000000 0.000000000 0.000000000 0.000000000 0.000000000 0.000000000 0.000000000 0.000000000 0.000000000 0.000000000 0.000000000 0.000000000 0.000000000 0.000000000 0.000000000 0.000000000 0.000000000 0.000000000 0.000000000 0.000000000 0.000000000 0.000000000 0.000000000 0.000000000 0.000000000 0.000000000 0.000000000 0.000000000 0.000000000 0.000000000 0.000000000 0.000000000 0.000000000 0.000000000 0.000000000 0.000000000 0.000000000 0.000000000 0.000000000 0.000000000 0.000000000 0.000000000 0.000000000 0.000000000 0.000000000 0.000000000 0.000000000 0.000000000 0.000000000 0.000000000 0.000000000 0.000000000 0.000000000 0.000000000 0.000000000 0.000000000 0.000000000 0.000000000 0.000000000 0.000000000 0.000000000 0.000000000 0.000000000 0.000000000 0.000000000 0.000000000 0.000000000 0.000000000 0.000000000 0.000000000 0.000000000 0.000000000 0.000000000 0.000000000 0.000000000 0.000000000 0.000000000 0.000000000 0.000000000 0.000000000 0.000000000 0.000000000 0.000000000 0.000000000 0.000000000 0.000000000 0.000000000 0.000000000 0.000000000 0.000000000 0.000000000 0.000000000 0.000000000 0.000000000 0.000000000 0.000000000 0.000000000 0.000000000 0.000000000 0.000000000 0.000000000 0.000000000 0.000000000 0.000000000 0.000000000 0.000000000 0.000000000 0.000000000 0.000000000 0.000000000 0.000000000 0.000000000 0.000000000 0.000000000 0.000000000 0.000000000 0.000000000 0.000000000 0.000000000 0.000000000 0.000000000 0.000000000 0.000000000 0.000000000 0.000000000 0.000000000 
0.000000000 0.000000000 0.000000000 0.000000000 0.000000000 0.000000000 0.000000000 0.000000000 0.000000000 0.000000000 0.000000000 0.000000000 0.000000000 0.000000000 0.000000000 0.000000000 0.000000000 0.000000000 0.000000000 0.000000000 0.000000000 0.000000000 0.000000000 0.000000000 0.000000000 0.000000000 0.000000000 0.000000000 0.000000000 0.000000000 0.000000000 0.000000000 0.000000000 0.000000000 0.000000000 0.000000000 0.000000000 0.000000000 0.000000000 0.000000000 0.000000000 0.000000000 0.000000000 0.000000000 0.000000000 0.000000000 0.000000000 0.000000000 0.000000000 0.000000000 0.000000000 0.000000000 0.000000000 0.000000000 0.000000000 0.000000000 0.000000000 0.000000000 0.000000000 0.000000000 0.000000000 0.000000000 0.000000000 0.000000000 0.000000000 0.000000000 0.000000000 0.000000000 0.000000000 0.000000000 0.000000000 0.000000000 0.000000000 0.000000000 0.000000000 0.000000000 0.000000000 0.000000000 0.000000000 0.000000000 0.000000000 0.000000000 0.000000000 0.000000000 0.000000000 0.000000000 0.000000000 0.000000000 0.000000000 0.000000000 0.000000000 0.000000000 0.000000000 0.000000000 0.000000000 0.000000000 0.000000000 0.000000000 0.000000000 0.000000000 0.000000000 0.000000000 0.000000000 0.000000000 0.000000000 0.000000000 0.000000000 0.000000000 0.000000000 0.000000000 0.000000000 0.000000000 0.000000000 0.000000000 0.000000000 0.000000000 0.000000000 0.000000000 0.000000000 0.000000000 0.000000000 0.000000000 0.000000000 0.000000000 0.000000000 0.000000000 0.000000000 0.000000000 0.000000000 0.000000000 0.000000000 0.000000000 0.000000000 0.000000000 0.000000000 0.000000000 0.000000000 0.000000000 0.000000000 0.000000000 0.000000000 0.000000000 0.000000000 0.000000000 0.000000000 0.000000000 0.000000000 0.000000000 0.000000000 0.000000000 0.000000000 0.000000000 0.000000000 0.000000000 0.000000000 0.000000000 0.000000000 0.000000000 0.000000000 0.000000000 0.000000000 0.000000000 0.000000000 0.000000000 0.000000000 0.000000000 0.000000000 0.000000000 0.000000000 0.000000000 0.000000000 0.000000000 0.000000000 0.000000000 0.000000000 0.000000000 0.000000000 0.000000000 0.000000000 0.000000000 0.000000000 0.000000000 0.000000000 0.000000000 0.000000000 0.000000000 0.000000000 0.000000000 0.000000000 0.000000000 0.000000000 0.000000000 0.000000000 0.000000000 0.000000000 0.000000000 0.000000000 0.000000000 0.000000000 0.000000000 0.000000000 0.000000000 0.000000000 0.000000000 0.000000000 0.000000000 0.000000000 0.000000000 0.000000000 0.000000000 0.000000000 0.000000000 0.000000000 0.000000000 0.000000000 0.000000000 0.000000000 0.000000000 0.000000000 0.000000000 0.000000000 0.000000000 0.000000000 0.000000000 0.000000000 0.000000000 0.000000000 0.000000000 0.000000000 0.000000000 0.000000000 0.000000000 0.000000000 0.000000000 0.000000000 0.000000000 0.000000000 0.000000000 0.000000000 0.000000000 0.000000000 0.000000000 0.000000000 0.000000000 0.000000000 0.000000000 0.000000000 0.000000000 0.000000000 0.000000000 0.000000000 0.000000000 0.000000000 0.000000000 0.000000000 0.000000000 0.000000000 
0.000000000 0.000000000 0.000000000 0.000000000 0.000000000 0.000000000 0.000000000 0.000000000 0.000000000 0.000000000 0.000000000 0.000000000 0.000000000 0.000000000 0.000000000 0.000000000 0.000000000 0.000000000 0.000000000 0.000000000 0.000000000 0.000000000 0.000000000 0.000000000 0.000000000 0.000000000 0.000000000 0.000000000 0.000000000 0.000000000 0.000000000 0.000000000 0.000000000 0.000000000 0.000000000 0.000000000 0.000000000 0.000000000 0.000000000 0.000000000 0.000000000 0.000000000 0.000000000 0.000000000 0.000000000 0.000000000 0.000000000 0.000000000 0.000000000 0.000000000 0.000000000 0.000000000 0.000000000 0.000000000 0.000000000 0.000000000 0.000000000 0.000000000 0.000000000 0.000000000 0.000000000 0.000000000 0.000000000 0.000000000 0.000000000 0.000000000 0.000000000 0.000000000 0.000000000 0.000000000 0.000000000 0.000000000 0.000000000 0.000000000 0.000000000 0.000000000 0.000000000 0.000000000 0.000000000 0.000000000 0.000000000 0.000000000 0.000000000 0.000000000 0.000000000 0.000000000 0.000000000 0.000000000 0.000000000 0.000000000 0.000000000 0.000000000 0.000000000 0.000000000 0.000000000 0.000000000 0.000000000 0.000000000 0.000000000 0.000000000 0.000000000 0.000000000 0.000000000 0.000000000 0.000000000 0.000000000 0.000000000 0.000000000 0.000000000 0.000000000 0.000000000 0.000000000 0.000000000 0.000000000 0.000000000 0.000000000 0.000000000 0.000000000 0.000000000 0.000000000 0.000000000 0.000000000 0.000000000 0.000000000 0.000000000 0.000000000 0.000000000 0.000000000 0.000000000 0.000000000 0.000000000 0.000000000 0.000000000 0.000000000 0.000000000 0.000000000 0.000000000 0.000000000 0.000000000 0.000000000 0.000000000 0.000000000 0.000000000 0.000000000 0.000000000 0.000000000 0.000000000 0.000000000 0.000000000 0.000000000 0.000000000 0.000000000 0.000000000 0.000000000 0.000000000 0.000000000 0.000000000 0.000000000 0.000000000 0.000000000 0.000000000 0.000000000 0.000000000 0.000000000 0.000000000 0.000000000 0.000000000 0.000000000 0.000000000 0.000000000 0.000000000 0.000000000 0.000000000 0.000000000 0.000000000 0.000000000 0.000000000 0.000000000 0.000000000 0.000000000 0.000000000 0.000000000 0.000000000 0.000000000 0.000000000 0.000000000 0.000000000 0.000000000 0.000000000 0.000000000 0.000000000 0.000000000 0.000000000 0.000000000 0.000000000 0.000000000 0.000000000 0.000000000 0.000000000 0.000000000 0.000000000 0.000000000 0.000000000 0.000000000 0.000000000 0.000000000 0.000000000 0.000000000 0.000000000 0.000000000 0.000000000 0.000000000 0.000000000 0.000000000 0.000000000 0.000000000 0.000000000 0.000000000 0.000000000 0.000000000 0.000000000 0.000000000 0.000000000 0.000000000 0.000000000 0.000000000 0.000000000 0.000000000 0.000000000 0.000000000 0.000000000 0.000000000 0.000000000 0.000000000 0.000000000 0.000000000 0.000000000 0.000000000 0.000000000 0.000000000 0.000000000 0.000000000 0.000000000 0.000000000 0.000000000 0.000000000 0.000000000 0.000000000 0.000000000 0.000000000 0.000000000 0.000000000 0.000000000 0.000000000 0.000000000 0.000000000 0.000000000 
0.000000000 0.000000000 0.000000000 0.000000000 0.000000000 0.000000000 0.000000000 0.000000000 0.000000000 0.000000000 0.000000000 0.000000000 0.000000000 0.000000000 0.000000000 0.000000000 0.000000000 0.000000000 0.000000000 0.000000000 0.000000000 0.000000000 0.000000000 0.000000000 0.000000000 0.000000000 0.000000000 0.000000000 0.000000000 0.000000000 0.000000000 0.000000000 0.000000000 0.000000000 0.000000000 0.000000000 0.000000000 0.000000000 0.000000000 0.000000000 0.000000000 0.000000000 0.000000000 0.000000000 0.000000000 0.000000000 0.000000000 0.000000000 0.000000000 0.000000000 0.000000000 0.000000000 0.000000000 0.000000000 0.000000000 0.000000000 0.000000000 0.000000000 0.000000000 0.000000000 0.000000000 0.000000000 0.000000000 0.000000000 0.000000000 0.000000000 0.000000000 0.000000000 0.000000000 0.000000000 0.000000000 0.000000000 0.000000000 0.000000000 0.000000000 0.000000000 0.000000000 0.000000000 0.000000000 0.000000000 0.000000000 0.000000000 0.000000000 0.000000000 0.000000000 0.000000000 0.000000000 0.000000000 0.000000000 0.000000000 0.000000000 0.000000000 0.000000000 0.000000000 0.000000000 0.000000000 0.000000000 0.000000000 0.000000000 0.000000000 0.000000000 0.000000000 0.000000000 0.000000000 0.000000000 0.000000000 0.000000000 0.000000000 0.000000000 0.000000000 0.000000000 0.000000000 0.000000000 0.000000000 0.000000000 0.000000000 0.000000000 0.000000000 0.000000000 0.000000000 0.000000000 0.000000000 0.000000000 0.000000000 0.000000000 0.000000000 0.000000000 0.000000000 0.000000000 0.000000000 0.000000000 0.000000000 0.000000000 0.000000000 0.000000000 0.000000000 0.000000000 0.000000000 0.000000000 0.000000000 0.000000000 0.000000000 0.000000000 0.000000000 0.000000000 0.000000000 0.000000000 0.000000000 0.000000000 0.000000000 0.000000000 0.000000000 0.000000000 0.000000000 0.000000000 0.000000000 0.000000000 0.000000000 0.000000000 0.000000000 0.000000000 0.000000000 0.000000000 0.000000000 0.000000000 0.000000000 0.000000000 0.000000000 0.000000000 0.000000000 0.000000000 0.000000000 0.000000000 0.000000000 0.000000000 0.000000000 0.000000000 0.000000000 0.000000000 0.000000000 0.000000000 0.000000000 0.000000000 0.000000000 0.000000000 0.000000000 0.000000000 0.000000000 0.000000000 0.000000000 0.000000000 0.000000000 0.000000000 0.000000000 0.000000000 0.000000000 0.000000000 0.000000000 0.000000000 0.000000000 0.000000000 0.000000000 0.000000000 0.000000000 0.000000000 0.000000000 0.000000000 0.000000000 0.000000000 0.000000000 0.000000000 0.000000000 0.000000000 0.000000000 0.000000000 0.000000000 0.000000000 0.000000000 0.000000000 0.000000000 0.000000000 0.000000000 0.000000000 0.000000000 0.000000000 0.000000000 0.000000000 0.000000000 0.000000000 0.000000000 0.000000000 0.000000000 0.000000000 0.000000000 0.000000000 0.000000000 0.000000000 0.000000000 0.000000000 0.000000000 0.000000000 0.000000000 0.000000000 0.000000000 0.000000000 0.000000000 0.000000000 0.000000000 0.000000000 0.000000000 0.000000000 0.000000000 0.000000000 0.000000000 0.000000000 0.000000000 0.000000000 
0.011718750 0.011718750 0.011718750 0.011718750 0.011718750 0.007812500 0.003906250 0.003906250 0.011718750 0.019531250 0.023437500 0.031250000 0.035156250 0.035156250 0.031250000 0.027343750 0.019531250 0.015625000 0.007812500 0.003906250 0.011718750 0.015625000 0.019531250 0.019531250 0.015625000 0.011718750 0.007812500 0.003906250 0.007812500 0.011718750 0.019531250 0.023437500 0.023437500 0.023437500 0.023437500 0.019531250 0.015625000 0.011718750 0.007812500 0.007812500 0.003906250 0.003906250 0.003906250 0.003906250 0.003906250 0.003906250 0.003906250 0.007812500 0.007812500 0.011718750 0.011718750 0.011718750 0.011718750 0.011718750 0.011718750 0.011718750 0.011718750 0.011718750 0.011718750 0.011718750 0.011718750 0.011718750 0.011718750 0.011718750 0.007812500 0.007812500 0.003906250 0.000000000 0.007812500 0.011718750 0.015625000 0.015625000 0.015625000 0.015625000 0.015625000 0.011718750 0.011718750 0.015625000 0.015625000 0.019531250 0.019531250 0.015625000 0.015625000 0.023437500 0.039062500 0.058593750 0.082031250 0.105468750 0.128906250 0.152343750 0.171875000 0.183593750 0.187500000 0.187500000 0.179687500 0.164062500 0.144531250 0.121093750 0.101562500 0.082031250 0.066406250 0.058593750 0.058593750 0.058593750 0.054687500 0.050781250 0.046875000 0.042968750 0.042968750 0.042968750 0.046875000 0.050781250 0.054687500 0.054687500 0.050781250 0.046875000 0.042968750 0.039062500 0.039062500 0.035156250 0.035156250 0.035156250 0.035156250 0.031250000 0.027343750 0.023437500 0.023437500 0.019531250 0.019531250 0.023437500 0.027343750 0.027343750 0.031250000 0.031250000 0.031250000 0.031250000 0.027343750 0.027343750 0.023437500 0.019531250 0.011718750 0.007812500 0.003906250 0.007812500 0.007812500 0.011718750 0.011718750 0.011718750 0.007812500 0.003906250 0.003906250 0.007812500 0.011718750 0.015625000 0.023437500 0.023437500 0.027343750 0.027343750 0.023437500 0.023437500 0.019531250 0.015625000 0.011718750 0.011718750 0.011718750 0.007812500 0.007812500 0.007812500 0.003906250 0.003906250 0.003906250 0.007812500 0.011718750 0.011718750 0.011718750 0.011718750 0.011718750 0.011718750 0.011718750 0.011718750 0.011718750 0.007812500 0.007812500 0.003906250 0.003906250 0.003906250 0.007812500 0.011718750 0.011718750 0.015625000 0.015625000 0.015625000 0.011718750 0.011718750 0.015625000 0.015625000 0.019531250 0.019531250 0.019531250 0.019531250 0.015625000 0.015625000 0.011718750 0.011718750 0.011718750 0.015625000 0.015625000 0.015625000 0.015625000 0.015625000 0.011718750 0.007812500 0.007812500 0.007812500 0.007812500 0.007812500 0.007812500 0.007812500 0.007812500 0.003906250 0.000000000 0.003906250 0.003906250 0.007812500 0.007812500 0.007812500 0.007812500 0.007812500 0.011718750 0.015625000 0.015625000 0.015625000 0.015625000 0.015625000 0.011718750 0.007812500 0.007812500 0.007812500 0.011718750 0.011718750 0.015625000 0.015625000 0.011718750 0.011718750 0.007812500 0.003906250 0.000000000 0.003906250 0.003906250 0.007812500 0.007812500 0.007812500 0.003906250 0.003906250 0.003906250 0.003906250 0.003906250 
0.011718750 0.011718750 0.011718750 0.011718750 0.011718750 0.007812500 0.003906250 0.003906250 0.011718750 0.019531250 0.023437500 0.031250000 0.035156250 0.035156250 0.031250000 0.027343750 0.019531250 0.015625000 0.007812500 0.003906250 0.011718750 0.015625000 0.019531250 0.019531250 0.015625000 0.011718750 0.007812500 0.003906250 0.007812500 0.011718750 0.019531250 0.023437500 0.023437500 0.023437500 0.023437500 0.019531250 0.015625000 0.011718750 0.007812500 0.007812500 0.003906250 0.003906250 0.003906250 0.003906250 0.003906250 0.003906250 0.003906250 0.007812500 0.007812500 0.011718750 0.011718750 0.011718750 0.011718750 0.011718750 0.011718750 0.011718750 0.011718750 0.011718750 0.011718750 0.011718750 0.011718750 0.011718750 0.011718750 0.011718750 0.007812500 0.007812500 0.003906250 0.000000000 0.007812500 0.011718750 0.015625000 0.015625000 0.015625000 0.015625000 0.015625000 0.011718750 0.011718750 0.015625000 0.015625000 0.019531250 0.019531250 0.015625000 0.015625000 0.023437500 0.039062500 0.058593750 0.082031250 0.105468750 0.128906250 0.152343750 0.171875000 0.183593750 0.187500000 0.187500000 0.179687500 0.164062500 0.144531250 0.121093750 0.101562500 0.082031250 0.066406250 0.058593750 0.058593750 0.058593750 0.054687500 0.050781250 0.046875000 0.042968750 0.042968750 0.042968750 0.046875000 0.050781250 0.054687500 0.054687500 0.050781250 0.046875000 0.042968750 0.039062500 0.039062500 0.035156250 0.035156250 0.035156250 0.035156250 0.031250000 0.027343750 0.023437500 0.023437500 0.019531250 0.019531250 0.023437500 0.027343750 0.027343750 0.031250000 0.031250000 0.031250000 0.031250000 0.027343750 0.027343750 0.023437500 0.019531250 0.011718750 0.007812500 0.003906250 0.007812500 0.007812500 0.011718750 0.011718750 0.011718750 0.007812500 0.003906250 0.003906250 0.007812500 0.011718750 0.015625000 0.023437500 0.023437500 0.027343750 0.027343750 0.023437500 0.023437500 0.019531250 0.015625000 0.011718750 0.011718750 0.011718750 0.007812500 0.007812500 0.007812500 0.003906250 0.003906250 0.003906250 0.007812500 0.011718750 0.011718750 0.011718750 0.011718750 0.011718750 0.011718750 0.011718750 0.011718750 0.011718750 0.007812500 0.007812500 0.003906250 0.003906250 0.003906250 0.007812500 0.011718750 0.011718750 0.015625000 0.015625000 0.015625000 0.011718750 0.011718750 0.015625000 0.015625000 0.019531250 0.019531250 0.019531250 0.019531250 0.015625000 0.015625000 0.011718750 0.011718750 0.011718750 0.015625000 0.015625000 0.015625000 0.015625000 0.015625000 0.011718750 0.007812500 0.007812500 0.007812500 0.007812500 0.007812500 0.007812500 0.007812500 0.007812500 0.003906250 0.000000000 0.003906250 0.003906250 0.007812500 0.007812500 0.007812500 0.007812500 0.007812500 0.011718750 0.015625000 0.015625000 0.015625000 0.015625000 0.015625000 0.011718750 0.007812500 0.007812500 0.007812500 0.011718750 0.011718750 0.015625000 0.015625000 0.011718750 0.011718750 0.007812500 0.003906250 0.000000000 0.003906250 0.003906250 0.007812500 0.007812500 0.007812500 0.003906250 0.003906250 0.003906250 0.003906250 0.003906250 
0.011718750 0.011718750 0.011718750 0.011718750 0.011718750 0.007812500 0.003906250 0.003906250 0.011718750 0.019531250 0.023437500 0.031250000 0.035156250 0.035156250 0.031250000 0.027343750 0.019531250 0.015625000 0.007812500 0.003906250 0.011718750 0.015625000 0.019531250 0.019531250 0.015625000 0.011718750 0.007812500 0.003906250 0.007812500 0.011718750 0.019531250 0.023437500 0.023437500 0.023437500 0.023437500 0.019531250 0.015625000 0.011718750 0.007812500 0.007812500 0.003906250 0.003906250 0.003906250 0.003906250 0.003906250 0.003906250 0.003906250 0.007812500 0.007812500 0.011718750 0.011718750 0.011718750 0.011718750 0.011718750 0.011718750 0.011718750 0.011718750 0.011718750 0.011718750 0.011718750 0.011718750 0.011718750 0.011718750 0.011718750 0.007812500 0.007812500 0.003906250 0.000000000 0.007812500 0.011718750 0.015625000 0.015625000 0.015625000 0.015625000 0.015625000 0.011718750 0.011718750 0.015625000 0.015625000 0.019531250 0.019531250 0.015625000 0.015625000 0.023437500 0.039062500 0.058593750 0.082031250 0.105468750 0.128906250 0.152343750 0.171875000 0.183593750 0.187500000 0.187500000 0.179687500 0.164062500 0.144531250 0.121093750 0.101562500 0.082031250 0.066406250 0.058593750 0.058593750 0.058593750 0.054687500 0.050781250 0.046875000 0.042968750 0.042968750 0.042968750 0.046875000 0.050781250 0.054687500 0.054687500 0.050781250 0.046875000 0.042968750 0.039062500 0.039062500 0.035156250 0.035156250 0.035156250 0.035156250 0.031250000 0.027343750 0.023437500 0.023437500 0.019531250 0.019531250 0.023437500 0.027343750 0.027343750 0.031250000 0.031250000 0.031250000 0.031250000 0.027343750 0.027343750 0.023437500 0.019531250 0.011718750 0.007812500 0.003906250 0.007812500 0.007812500 0.011718750 0.011718750 0.011718750 0.007812500 0.003906250 0.003906250 0.007812500 0.011718750 0.015625000 0.023437500 0.023437500 0.027343750 0.027343750 0.023437500 0.023437500 0.019531250 0.015625000 0.011718750 0.011718750 0.011718750 0.007812500 0.007812500 0.007812500 0.003906250 0.003906250 0.003906250 0.007812500 0.011718750 0.011718750 0.011718750 0.011718750 0.011718750 0.011718750 0.011718750 0.011718750 0.011718750 0.007812500 0.007812500 0.003906250 0.003906250 0.003906250 0.007812500 0.011718750 0.011718750 0.015625000 0.015625000 0.015625000 0.011718750 0.011718750 0.015625000 0.015625000 0.019531250 0.019531250 0.019531250 0.019531250 0.015625000 0.015625000 0.011718750 0.011718750 0.011718750 0.015625000 0.015625000 0.015625000 0.015625000 0.015625000 0.011718750 0.007812500 0.007812500 0.007812500 0.007812500 0.007812500 0.007812500 0.007812500 0.007812500 0.003906250 0.000000000 0.003906250 0.003906250 0.007812500 0.007812500 0.007812500 0.007812500 0.007812500 0.011718750 0.015625000 0.015625000 0.015625000 0.015625000 0.015625000 0.011718750 0.007812500 0.007812500 0.007812500 0.011718750 0.011718750 0.015625000 0.015625000 0.011718750 0.011718750 0.007812500 0.003906250 0.000000000 0.003906250 0.003906250 0.007812500 0.007812500 0.007812500 0.003906250 0.003906250 0.003906250 0.003906250 0.003906250 
0.000000000 0.000000000 0.000000000 0.003906250 0.003906250 0.007812500 0.011718750 0.011718750 0.015625000 0.019531250 0.019531250 0.023437500 0.023437500 0.023437500 0.023437500 0.023437500 0.023437500 0.019531250 0.015625000 0.015625000 0.011718750 0.011718750 0.007812500 0.007812500 0.007812500 0.007812500 0.007812500 0.007812500 0.007812500 0.007812500 0.007812500 0.007812500 0.003906250 0.003906250 0.003906250 0.003906250 0.003906250 0.003906250 0.003906250 0.007812500 0.007812500 0.007812500 0.007812500 0.007812500 0.007812500 0.011718750 0.007812500 0.007812500 0.007812500 0.007812500 0.007812500 0.007812500 0.003906250 0.003906250 0.003906250 0.003906250 0.003906250 0.003906250 0.007812500 0.007812500 0.007812500 0.007812500 0.007812500 0.007812500 0.007812500 0.003906250 0.003906250 0.003906250 0.003906250 0.007812500 0.011718750 0.015625000 0.019531250 0.019531250 0.023437500 0.023437500 0.023437500 0.019531250 0.019531250 0.015625000 0.007812500 0.003906250 0.003906250 0.007812500 0.015625000 0.023437500 0.027343750 0.031250000 0.035156250 0.039062500 0.039062500 0.039062500 0.042968750 0.042968750 0.046875000 0.050781250 0.058593750 0.066406250 0.070312500 0.078125000 0.082031250 0.082031250 0.085937500 0.082031250 0.078125000 0.070312500 0.062500000 0.050781250 0.035156250 0.023437500 0.019531250 0.023437500 0.039062500 0.050781250 0.062500000 0.074218750 0.082031250 0.089843750 0.093750000 0.093750000 0.089843750 0.085937500 0.078125000 0.070312500 0.062500000 0.050781250 0.039062500 0.031250000 0.023437500 0.015625000 0.015625000 0.015625000 0.019531250 0.019531250 0.019531250 0.019531250 0.019531250 0.015625000 0.015625000 0.011718750 0.007812500 0.007812500 0.003906250 0.003906250 0.007812500 0.007812500 0.007812500 0.007812500 0.003906250 0.003906250 0.003906250 0.003906250 0.003906250 0.003906250 0.003906250 0.003906250 0.003906250 0.003906250 0.003906250 0.003906250 0.003906250 0.007812500 0.007812500 0.007812500 0.007812500 0.007812500 0.007812500 0.007812500 0.007812500 0.007812500 0.007812500 0.007812500 0.007812500 0.007812500 0.007812500 0.003906250 0.003906250 0.003906250 0.003906250 0.003906250 0.007812500 0.007812500 0.007812500 0.011718750 0.011718750 0.011718750 0.011718750 0.011718750 0.011718750 0.011718750 0.007812500 0.003906250 0.003906250 0.000000000 0.003906250 0.003906250 0.007812500 0.007812500 0.011718750 0.011718750 0.011718750 0.011718750 0.011718750 0.007812500 0.007812500 0.007812500 0.007812500 0.007812500 0.007812500 0.007812500 0.007812500 0.007812500 0.007812500 0.007812500 0.003906250 0.003906250 0.003906250 0.003906250 0.003906250 0.007812500 0.007812500 0.007812500 0.011718750 0.011718750 0.011718750 0.007812500 0.007812500 0.007812500 0.003906250 0.003906250 0.003906250 0.003906250 0.003906250 0.003906250 0.007812500 0.007812500 0.007812500 0.007812500 0.007812500 0.007812500 0.007812500 0.007812500 0.007812500 0.007812500 0.007812500 0.007812500 0.007812500 0.007812500 0.007812500 0.007812500 0.007812500 0.007812500 0.007812500 0.007812500 0.007812500 0.007812500 0.007812500 
0.000000000 0.000000000 0.000000000 0.003906250 0.003906250 0.007812500 0.011718750 0.011718750 0.015625000 0.019531250 0.019531250 0.023437500 0.023437500 0.023437500 0.023437500 0.023437500 0.023437500 0.019531250 0.015625000 0.015625000 0.011718750 0.011718750 0.007812500 0.007812500 0.007812500 0.007812500 0.007812500 0.007812500 0.007812500 0.007812500 0.007812500 0.007812500 0.003906250 0.003906250 0.003906250 0.003906250 0.003906250 0.003906250 0.003906250 0.007812500 0.007812500 0.007812500 0.007812500 0.007812500 0.007812500 0.011718750 0.007812500 0.007812500 0.007812500 0.007812500 0.007812500 0.007812500 0.003906250 0.003906250 0.003906250 0.003906250 0.003906250 0.003906250 0.007812500 0.007812500 0.007812500 0.007812500 0.007812500 0.007812500 0.007812500 0.003906250 0.003906250 0.003906250 0.003906250 0.007812500 0.011718750 0.015625000 0.019531250 0.019531250 0.023437500 0.023437500 0.023437500 0.019531250 0.019531250 0.015625000 0.007812500 0.003906250 0.003906250 0.007812500 0.015625000 0.023437500 0.027343750 0.031250000 0.035156250 0.039062500 0.039062500 0.039062500 0.042968750 0.042968750 0.046875000 0.050781250 0.058593750 0.066406250 0.070312500 0.078125000 0.082031250 0.082031250 0.085937500 0.082031250 0.078125000 0.070312500 0.062500000 0.050781250 0.035156250 0.023437500 0.019531250 0.023437500 0.039062500 0.050781250 0.062500000 0.074218750 0.082031250 0.089843750 0.093750000 0.093750000 0.089843750 0.085937500 0.078125000 0.070312500 0.062500000 0.050781250 0.039062500 0.031250000 0.023437500 0.015625000 0.015625000 0.015625000 0.019531250 0.019531250 0.019531250 0.019531250 0.019531250 0.015625000 0.015625000 0.011718750 0.007812500 0.007812500 0.003906250 0.003906250 0.007812500 0.007812500 0.007812500 0.007812500 0.003906250 0.003906250 0.003906250 0.003906250 0.003906250 0.003906250 0.003906250 0.003906250 0.003906250 0.003906250 0.003906250 0.003906250 0.003906250 0.007812500 0.007812500 0.007812500 0.007812500 0.007812500 0.007812500 0.007812500 0.007812500 0.007812500 0.007812500 0.007812500 0.007812500 0.007812500 0.007812500 0.003906250 0.003906250 0.003906250 0.003906250 0.003906250 0.007812500 0.007812500 0.007812500 0.011718750 0.011718750 0.011718750 0.011718750 0.011718750 0.011718750 0.011718750 0.007812500 0.003906250 0.003906250 0.000000000 0.003906250 0.003906250 0.007812500 0.007812500 0.011718750 0.011718750 0.011718750 0.011718750 0.011718750 0.007812500 0.007812500 0.007812500 0.007812500 0.007812500 0.007812500 0.007812500 0.007812500 0.007812500 0.007812500 0.007812500 0.003906250 0.003906250 0.003906250 0.003906250 0.003906250 0.007812500 0.007812500 0.007812500 0.011718750 0.011718750 0.011718750 0.007812500 0.007812500 0.007812500 0.003906250 0.003906250 0.003906250 0.003906250 0.003906250 0.003906250 0.007812500 0.007812500 0.007812500 0.007812500 0.007812500 0.007812500 0.007812500 0.007812500 0.007812500 0.007812500 0.007812500 0.007812500 0.007812500 0.007812500 0.007812500 0.007812500 0.007812500 0.007812500 0.007812500 0.007812500 0.007812500 0.007812500 0.007812500 
0.000000000 0.000000000 0.000000000 0.003906250 0.003906250 0.007812500 0.011718750 0.011718750 0.015625000 0.019531250 0.019531250 0.023437500 0.023437500 0.023437500 0.023437500 0.023437500 0.023437500 0.019531250 0.015625000 0.015625000 0.011718750 0.011718750 0.007812500 0.007812500 0.007812500 0.007812500 0.007812500 0.007812500 0.007812500 0.007812500 0.007812500 0.007812500 0.003906250 0.003906250 0.003906250 0.003906250 0.003906250 0.003906250 0.003906250 0.007812500 0.007812500 0.007812500 0.007812500 0.007812500 0.007812500 0.011718750 0.007812500 0.007812500 0.007812500 0.007812500 0.007812500 0.007812500 0.003906250 0.003906250 0.003906250 0.003906250 0.003906250 0.003906250 0.007812500 0.007812500 0.007812500 0.007812500 0.007812500 0.007812500 0.007812500 0.003906250 0.003906250 0.003906250 0.003906250 0.007812500 0.011718750 0.015625000 0.019531250 0.019531250 0.023437500 0.023437500 0.023437500 0.019531250 0.019531250 0.015625000 0.007812500 0.003906250 0.003906250 0.007812500 0.015625000 0.023437500 0.027343750 0.031250000 0.035156250 0.039062500 0.039062500 0.039062500 0.042968750 0.042968750 0.046875000 0.050781250 0.058593750 0.066406250 0.070312500 0.078125000 0.082031250 0.082031250 0.085937500 0.082031250 0.078125000 0.070312500 0.062500000 0.050781250 0.035156250 0.023437500 0.019531250 0.023437500 0.039062500 0.050781250 0.062500000 0.074218750 0.082031250 0.089843750 0.093750000 0.093750000 0.089843750 0.085937500 0.078125000 0.070312500 0.062500000 0.050781250 0.039062500 0.031250000 0.023437500 0.015625000 0.015625000 0.015625000 0.019531250 0.019531250 0.019531250 0.019531250 0.019531250 0.015625000 0.015625000 0.011718750 0.007812500 0.007812500 0.003906250 0.003906250 0.007812500 0.007812500 0.007812500 0.007812500 0.003906250 0.003906250 0.003906250 0.003906250 0.003906250 0.003906250 0.003906250 0.003906250 0.003906250 0.003906250 0.003906250 0.003906250 0.003906250 0.007812500 0.007812500 0.007812500 0.007812500 0.007812500 0.007812500 0.007812500 0.007812500 0.007812500 0.007812500 0.007812500 0.007812500 0.007812500 0.007812500 0.003906250 0.003906250 0.003906250 0.003906250 0.003906250 0.007812500 0.007812500 0.007812500 0.011718750 0.011718750 0.011718750 0.011718750 0.011718750 0.011718750 0.011718750 0.007812500 0.003906250 0.003906250 0.000000000 0.003906250 0.003906250 0.007812500 0.007812500 0.011718750 0.011718750 0.011718750 0.011718750 0.011718750 0.007812500 0.007812500 0.007812500 0.007812500 0.007812500 0.007812500 0.007812500 0.007812500 0.007812500 0.007812500 0.007812500 0.003906250 0.003906250 0.003906250 0.003906250 0.003906250 0.007812500 0.007812500 0.007812500 0.011718750 0.011718750 0.011718750 0.007812500 0.007812500 0.007812500 0.003906250 0.003906250 0.003906250 0.003906250 0.003906250 0.003906250 0.007812500 0.007812500 0.007812500 0.007812500 0.007812500 0.007812500 0.007812500 0.007812500 0.007812500 0.007812500 0.007812500 0.007812500 0.007812500 0.007812500 0.007812500 0.007812500 0.007812500 0.007812500 0.007812500 0.007812500 0.007812500 0.007812500 0.007812500 
0.000000000 0.000000000 0.000000000 0.000000000 0.000000000 0.000000000 0.000000000 0.000000000 0.000000000 0.000000000 0.000000000 0.000000000 0.000000000 0.000000000 0.000000000 0.000000000 0.000000000 0.000000000 0.000000000 0.000000000 0.000000000 0.000000000 0.000000000 0.000000000 0.000000000 0.000000000 0.000000000 0.000000000 0.000000000 0.000000000 0.000000000 0.000000000 0.000000000 0.000000000 0.000000000 0.000000000 0.000000000 0.000000000 0.000000000 0.000000000 0.000000000 0.000000000 0.000000000 0.000000000 0.000000000 0.000000000 0.000000000 0.000000000 0.000000000 0.000000000 0.000000000 0.000000000 0.000000000 0.000000000 0.000000000 0.000000000 0.000000000 0.000000000 0.000000000 0.000000000 0.000000000 0.000000000 0.000000000 0.000000000 0.000000000 0.000000000 0.000000000 0.000000000 0.000000000 0.000000000 0.000000000 0.000000000 0.000000000 0.000000000 0.000000000 0.000000000 0.000000000 0.000000000 0.000000000 0.000000000 0.000000000 0.000000000 0.000000000 0.000000000 0.000000000 0.000000000 0.000000000 0.000000000 0.000000000 0.000000000 0.000000000 0.000000000 0.000000000 0.000000000 0.000000000 0.000000000 0.000000000 0.000000000 0.000000000 0.000000000 0.000000000 0.000000000 0.000000000 0.000000000 0.000000000 0.000000000 0.000000000 0.000000000 0.000000000 0.000000000 0.000000000 0.000000000 0.000000000 0.000000000 0.000000000 0.000000000 0.000000000 0.000000000 0.000000000 0.000000000 0.000000000 0.000000000 0.000000000 0.000000000 0.000000000 0.000000000 0.000000000 0.000000000 0.000000000 0.000000000 0.000000000 0.000000000 0.000000000 0.000000000 0.000000000 0.000000000 0.000000000 0.000000000 0.000000000 0.000000000 0.000000000 0.000000000 0.000000000 0.000000000 0.000000000 0.000000000 0.000000000 0.000000000 0.000000000 0.000000000 0.000000000 0.000000000 0.000000000 0.000000000 0.000000000 0.000000000 0.000000000 0.000000000 0.000000000 0.000000000 0.000000000 0.000000000 0.000000000 0.000000000 0.000000000 0.000000000 0.000000000 0.000000000 0.000000000 0.000000000 0.000000000 0.000000000 0.000000000 0.000000000 0.000000000 0.000000000 0.000000000 0.000000000 0.000000000 0.000000000 0.000000000 0.000000000 0.000000000 0.000000000 0.000000000 0.000000000 0.000000000 0.000000000 0.000000000 0.000000000 0.000000000 0.000000000 0.000000000 0.000000000 0.000000000 0.000000000 0.000000000 0.000000000 0.000000000 0.000000000 0.000000000 0.000000000 0.000000000 0.000000000 0.000000000 0.000000000 0.000000000 0.000000000 0.000000000 0.000000000 0.000000000 0.000000000 0.000000000 0.000000000 0.000000000 0.000000000 0.000000000 0.000000000 0.000000000 0.000000000 0.000000000 0.000000000 0.000000000 0.000000000 0.000000000 0.000000000 0.000000000 0.000000000 0.000000000 0.000000000 0.000000000 0.000000000 0.000000000 0.000000000 0.000000000 0.000000000 0.000000000 0.000000000 0.000000000 0.000000000 0.000000000 0.000000000 0.000000000 0.000000000 0.000000000 0.000000000 0.000000000 0.000000000 0.000000000 0.000000000 0.000000000 0.000000000 0.000000000 0.000000000 0.000000000 0.000000000 0.000000000 
0.000000000 0.000000000 0.000000000 0.000000000 0.000000000 0.000000000 0.000000000 0.000000000 0.000000000 0.000000000 0.000000000 0.000000000 0.000000000 0.000000000 0.000000000 0.000000000 0.000000000 0.000000000 0.000000000 0.000000000 0.000000000 0.000000000 0.000000000 0.000000000 0.000000000 0.000000000 0.000000000 0.000000000 0.000000000 0.000000000 0.000000000 0.000000000 0.000000000 0.000000000 0.000000000 0.000000000 0.000000000 0.000000000 0.000000000 0.000000000 0.000000000 0.000000000 0.000000000 0.000000000 0.000000000 0.000000000 0.000000000 0.000000000 0.000000000 0.000000000 0.000000000 0.000000000 0.000000000 0.000000000 0.000000000 0.000000000 0.000000000 0.000000000 0.000000000 0.000000000 0.000000000 0.000000000 0.000000000 0.000000000 0.000000000 0.000000000 0.000000000 0.000000000 0.000000000 0.000000000 0.000000000 0.000000000 0.000000000 0.000000000 0.000000000 0.000000000 0.000000000 0.000000000 0.000000000 0.000000000 0.000000000 0.000000000 0.000000000 0.000000000 0.000000000 0.000000000 0.000000000 0.000000000 0.000000000 0.000000000 0.000000000 0.000000000 0.000000000 0.000000000 0.000000000 0.000000000 0.000000000 0.000000000 0.000000000 0.000000000 0.000000000 0.000000000 0.000000000 0.000000000 0.000000000 0.000000000 0.000000000 0.000000000 0.000000000 0.000000000 0.000000000 0.000000000 0.000000000 0.000000000 0.000000000 0.000000000 0.000000000 0.000000000 0.000000000 0.000000000 0.000000000 0.000000000 0.000000000 0.000000000 0.000000000 0.000000000 0.000000000 0.000000000 0.000000000 0.000000000 0.000000000 0.000000000 0.000000000 0.000000000 0.000000000 0.000000000 0.000000000 0.000000000 0.000000000 0.000000000 0.000000000 0.000000000 0.000000000 0.000000000 0.000000000 0.000000000 0.000000000 0.000000000 0.000000000 0.000000000 0.000000000 0.000000000 0.000000000 0.000000000 0.000000000 0.000000000 0.000000000 0.000000000 0.000000000 0.000000000 0.000000000 0.000000000 0.000000000 0.000000000 0.000000000 0.000000000 0.000000000 0.000000000 0.000000000 0.000000000 0.000000000 0.000000000 0.000000000 0.000000000 0.000000000 0.000000000 0.000000000 0.000000000 0.000000000 0.000000000 0.000000000 0.000000000 0.000000000 0.000000000 0.000000000 0.000000000 0.000000000 0.000000000 0.000000000 0.000000000 0.000000000 0.000000000 0.000000000 0.000000000 0.000000000 0.000000000 0.000000000 0.000000000 0.000000000 0.000000000 0.000000000 0.000000000 0.000000000 0.000000000 0.000000000 0.000000000 0.000000000 0.000000000 0.000000000 0.000000000 0.000000000 0.000000000 0.000000000 0.000000000 0.000000000 0.000000000 0.000000000 0.000000000 0.000000000 0.000000000 0.000000000 0.000000000 0.000000000 0.000000000 0.000000000 0.000000000 0.000000000 0.000000000 0.000000000 0.000000000 0.000000000 0.000000000 0.000000000 0.000000000 0.000000000 0.000000000 0.000000000 0.000000000 0.000000000 0.000000000 0.000000000 0.000000000 0.000000000 0.000000000 0.000000000 0.000000000 0.000000000 0.000000000 0.000000000 0.000000000 0.000000000 0.000000000 0.000000000 0.000000000 0.000000000 0.000000000 0.000000000 
0.000000000 0.000000000 0.000000000 0.000000000 0.000000000 0.000000000 0.000000000 0.000000000 0.000000000 0.000000000 0.000000000 0.000000000 0.000000000 0.000000000 0.000000000 0.000000000 0.000000000 0.000000000 0.000000000 0.000000000 0.000000000 0.000000000 0.000000000 0.000000000 0.000000000 0.000000000 0.000000000 0.000000000 0.000000000 0.000000000 0.000000000 0.000000000 0.000000000 0.000000000 0.000000000 0.000000000 0.000000000 0.000000000 0.000000000 0.000000000 0.000000000 0.000000000 0.000000000 0.000000000 0.000000000 0.000000000 0.000000000 0.000000000 0.000000000 0.000000000 0.000000000 0.000000000 0.000000000 0.000000000 0.000000000 0.000000000 0.000000000 0.000000000 0.000000000 0.000000000 0.000000000 0.000000000 0.000000000 0.000000000 0.000000000 0.000000000 0.000000000 0.000000000 0.000000000 0.000000000 0.000000000 0.000000000 0.000000000 0.000000000 0.000000000 0.000000000 0.000000000 0.000000000 0.000000000 0.000000000 0.000000000 0.000000000 0.000000000 0.000000000 0.000000000 0.000000000 0.000000000 0.000000000 0.000000000 0.000000000 0.000000000 0.000000000 0.000000000 0.000000000 0.000000000 0.000000000 0.000000000 0.000000000 0.000000000 0.000000000 0.000000000 0.000000000 0.000000000 0.000000000 0.000000000 0.000000000 0.000000000 0.000000000 0.000000000 0.000000000 0.000000000 0.000000000 0.000000000 0.000000000 0.000000000 0.000000000 0.000000000 0.000000000 0.000000000 0.000000000 0.000000000 0.000000000 0.000000000 0.000000000 0.000000000 0.000000000 0.000000000 0.000000000 0.000000000 0.000000000 0.000000000 0.000000000 0.000000000 0.000000000 0.000000000 0.000000000 0.000000000 0.000000000 0.000000000 0.000000000 0.000000000 0.000000000 0.000000000 0.000000000 0.000000000 0.000000000 0.000000000 0.000000000 0.000000000 0.000000000 0.000000000 0.000000000 0.000000000 0.000000000 0.000000000 0.000000000 0.000000000 0.000000000 0.000000000 0.000000000 0.000000000 0.000000000 0.000000000 0.000000000 0.000000000 0.000000000 0.000000000 0.000000000 0.000000000 0.000000000 0.000000000 0.000000000 0.000000000 0.000000000 0.000000000 0.000000000 0.000000000 0.000000000 0.000000000 0.000000000 0.000000000 0.000000000 0.000000000 0.000000000 0.000000000 0.000000000 0.000000000 0.000000000 0.000000000 0.000000000 0.000000000 0.000000000 0.000000000 0.000000000 0.000000000 0.000000000 0.000000000 0.000000000 0.000000000 0.000000000 0.000000000 0.000000000 0.000000000 0.000000000 0.000000000 0.000000000 0.000000000 0.000000000 0.000000000 0.000000000 0.000000000 0.000000000 0.000000000 0.000000000 0.000000000 0.000000000 0.000000000 0.000000000 0.000000000 0.000000000 0.000000000 0.000000000 0.000000000 0.000000000 0.000000000 0.000000000 0.000000000 0.000000000 0.000000000 0.000000000 0.000000000 0.000000000 0.000000000 0.000000000 0.000000000 0.000000000 0.000000000 0.000000000 0.000000000 0.000000000 0.000000000 0.000000000 0.000000000 0.000000000 0.000000000 0.000000000 0.000000000 0.000000000 0.000000000 0.000000000 0.000000000 0.000000000 0.000000000 0.000000000 0.000000000 0.000000000 0.000000000 
0.000000000 0.000000000 0.000000000 0.000000000 0.000000000 0.000000000 0.000000000 0.000000000 0.000000000 0.000000000 0.000000000 0.000000000 0.000000000 0.000000000 0.000000000 0.000000000 0.000000000 0.000000000 0.000000000 0.000000000 0.000000000 0.000000000 0.000000000 0.000000000 0.000000000 0.000000000 0.000000000 0.000000000 0.000000000 0.000000000 0.000000000 0.000000000 0.000000000 0.000000000 0.000000000 0.000000000 0.000000000 0.000000000 0.000000000 0.000000000 0.000000000 0.000000000 0.000000000 0.000000000 0.000000000 0.000000000 0.000000000 0.000000000 0.000000000 0.000000000 0.000000000 0.000000000 0.000000000 0.000000000 0.000000000 0.000000000 0.000000000 0.000000000 0.000000000 0.000000000 0.000000000 0.000000000 0.000000000 0.000000000 0.000000000 0.000000000 0.000000000 0.000000000 0.000000000 0.000000000 0.000000000 0.000000000 0.000000000 0.000000000 0.000000000 0.000000000 0.000000000 0.000000000 0.000000000 0.000000000 0.000000000 0.000000000 0.000000000 0.000000000 0.000000000 0.000000000 0.000000000 0.000000000 0.000000000 0.000000000 0.000000000 0.000000000 0.000000000 0.000000000 0.000000000 0.000000000 0.000000000 0.000000000 0.000000000 0.000000000 0.000000000 0.000000000 0.000000000 0.000000000 0.000000000 0.000000000 0.000000000 0.000000000 0.000000000 0.000000000 0.000000000 0.000000000 0.000000000 0.000000000 0.000000000 0.000000000 0.000000000 0.000000000 0.000000000 0.000000000 0.000000000 0.000000000 0.000000000 0.000000000 0.000000000 0.000000000 0.000000000 0.000000000 0.000000000 0.000000000 0.000000000 0.000000000 0.000000000 0.000000000 0.000000000 0.000000000 0.000000000 0.000000000 0.000000000 0.000000000 0.000000000 0.000000000 0.000000000 0.000000000 0.000000000 0.000000000 0.000000000 0.000000000 0.000000000 0.000000000 0.000000000 0.000000000 0.000000000 0.000000000 0.000000000 0.000000000 0.000000000 0.000000000 0.000000000 0.000000000 0.000000000 0.000000000 0.000000000 0.000000000 0.000000000 0.000000000 0.000000000 0.000000000 0.000000000 0.000000000 0.000000000 0.000000000 0.000000000 0.000000000 0.000000000 0.000000000 0.000000000 0.000000000 0.000000000 0.000000000 0.000000000 0.000000000 0.000000000 0.000000000 0.000000000 0.000000000 0.000000000 0.000000000 0.000000000 0.000000000 0.000000000 0.000000000 0.000000000 0.000000000 0.000000000 0.000000000 0.000000000 0.000000000 0.000000000 0.000000000 0.000000000 0.000000000 0.000000000 0.000000000 0.000000000 0.000000000 0.000000000 0.000000000 0.000000000 0.000000000 0.000000000 0.000000000 0.000000000 0.000000000 0.000000000 0.000000000 0.000000000 0.000000000 0.000000000 0.000000000 0.000000000 0.000000000 0.000000000 0.000000000 0.000000000 0.000000000 0.000000000 0.000000000 0.000000000 0.000000000 0.000000000 0.000000000 0.000000000 0.000000000 0.000000000 0.000000000 0.000000000 0.000000000 0.000000000 0.000000000 0.000000000 0.000000000 0.000000000 0.000000000 0.000000000 0.000000000 0.000000000 0.000000000 0.000000000 0.000000000 0.000000000 0.000000000 0.000000000 0.000000000 0.000000000 0.000000000 0.000000000 
0.000000000 0.000000000 0.000000000 0.000000000 0.000000000 0.000000000 0.000000000 0.000000000 0.000000000 0.000000000 0.000000000 0.000000000 0.000000000 0.000000000 0.000000000 0.000000000 0.000000000 0.000000000 0.000000000 0.000000000 0.000000000 0.000000000 0.000000000 0.000000000 0.000000000 0.000000000 0.000000000 0.000000000 0.000000000 0.000000000 0.000000000 0.000000000 0.000000000 0.000000000 0.000000000 0.000000000 0.000000000 0.000000000 0.000000000 0.000000000 0.000000000 0.000000000 0.000000000 0.000000000 0.000000000 0.000000000 0.000000000 0.000000000 0.000000000 0.000000000 0.000000000 0.000000000 0.000000000 0.000000000 0.000000000 0.000000000 0.000000000 0.000000000 0.000000000 0.000000000 0.000000000 0.000000000 0.000000000 0.000000000 0.000000000 0.000000000 0.000000000 0.000000000 0.000000000 0.000000000 0.000000000 0.000000000 0.000000000 0.000000000 0.000000000 0.000000000 0.000000000 0.000000000 0.000000000 0.000000000 0.000000000 0.000000000 0.000000000 0.000000000 0.000000000 0.000000000 0.000000000 0.000000000 0.000000000 0.000000000 0.000000000 0.000000000 0.000000000 0.000000000 0.000000000 0.000000000 0.000000000 0.000000000 0.000000000 0.000000000 0.000000000 0.000000000 0.000000000 0.000000000 0.000000000 0.000000000 0.000000000 0.000000000 0.000000000 0.000000000 0.000000000 0.000000000 0.000000000 0.000000000 0.000000000 0.000000000 0.000000000 0.000000000 0.000000000 0.000000000 0.000000000 0.000000000 0.000000000 0.000000000 0.000000000 0.000000000 0.000000000 0.000000000 0.000000000 0.000000000 0.000000000 0.000000000 0.000000000 0.000000000 0.000000000 0.000000000 0.000000000 0.000000000 0.000000000 0.000000000 0.000000000 0.000000000 0.000000000 0.000000000 0.000000000 0.000000000 0.000000000 0.000000000 0.000000000 0.000000000 0.000000000 0.000000000 0.000000000 0.000000000 0.000000000 0.000000000 0.000000000 0.000000000 0.000000000 0.000000000 0.000000000 0.000000000 0.000000000 0.000000000 0.000000000 0.000000000 0.000000000 0.000000000 0.000000000 0.000000000 0.000000000 0.000000000 0.000000000 0.000000000 0.000000000 0.000000000 0.000000000 0.000000000 0.000000000 0.000000000 0.000000000 0.000000000 0.000000000 0.000000000 0.000000000 0.000000000 0.000000000 0.000000000 0.000000000 0.000000000 0.000000000 0.000000000 0.000000000 0.000000000 0.000000000 0.000000000 0.000000000 0.000000000 0.000000000 0.000000000 0.000000000 0.000000000 0.000000000 0.000000000 0.000000000 0.000000000 0.000000000 0.000000000 0.000000000 0.000000000 0.000000000 0.000000000 0.000000000 0.000000000 0.000000000 0.000000000 0.000000000 0.000000000 0.000000000 0.000000000 0.000000000 0.000000000 0.000000000 0.000000000 0.000000000 0.000000000 0.000000000 0.000000000 0.000000000 0.000000000 0.000000000 0.000000000 0.000000000 0.000000000 0.000000000 0.000000000 0.000000000 0.000000000 0.000000000 0.000000000 0.000000000 0.000000000 0.000000000 0.000000000 0.000000000 0.000000000 0.000000000 0.000000000 0.000000000 0.000000000 0.000000000 0.000000000 0.000000000 0.000000000 0.000000000 0.000000000 0.000000000 
0.000000000 0.000000000 0.000000000 0.000000000 0.000000000 0.000000000 0.000000000 0.000000000 0.000000000 0.000000000 0.000000000 0.000000000 0.000000000 0.000000000 0.000000000 0.000000000 0.000000000 0.000000000 0.000000000 0.000000000 0.000000000 0.000000000 0.000000000 0.000000000 0.000000000 0.000000000 0.000000000 0.000000000 0.000000000 0.000000000 0.000000000 0.000000000 0.000000000 0.000000000 0.000000000 0.000000000 0.000000000 0.000000000 0.000000000 0.000000000 0.000000000 0.000000000 0.000000000 0.000000000 0.000000000 0.000000000 0.000000000 0.000000000 0.000000000 0.000000000 0.000000000 0.000000000 0.000000000 0.000000000 0.000000000 0.000000000 0.000000000 0.000000000 0.000000000 0.000000000 0.000000000 0.000000000 0.000000000 0.000000000 0.000000000 0.000000000 0.000000000 0.000000000 0.000000000 0.000000000 0.000000000 0.000000000 0.000000000 0.000000000 0.000000000 0.000000000 0.000000000 0.000000000 0.000000000 0.000000000 0.000000000 0.000000000 0.000000000 0.000000000 0.000000000 0.000000000 0.000000000 0.000000000 0.000000000 0.000000000 0.000000000 0.000000000 0.000000000 0.000000000 0.000000000 0.000000000 0.000000000 0.000000000 0.000000000 0.000000000 0.000000000 0.000000000 0.000000000 0.000000000 0.000000000 0.000000000 0.000000000 0.000000000 0.000000000 0.000000000 0.000000000 0.000000000 0.000000000 0.000000000 0.000000000 0.000000000 0.000000000 0.000000000 0.000000000 0.000000000 0.000000000 0.000000000 0.000000000 0.000000000 0.000000000 0.000000000 0.000000000 0.000000000 0.000000000 0.000000000 0.000000000 0.000000000 0.000000000 0.000000000 0.000000000 0.000000000 0.000000000 0.000000000 0.000000000 0.000000000 0.000000000 0.000000000 0.000000000 0.000000000 0.000000000 0.000000000 0.000000000 0.000000000 0.000000000 0.000000000 0.000000000 0.000000000 0.000000000 0.000000000 0.000000000 0.000000000 0.000000000 0.000000000 0.000000000 0.000000000 0.000000000 0.000000000 0.000000000 0.000000000 0.000000000 0.000000000 0.000000000 0.000000000 0.000000000 0.000000000 0.000000000 0.000000000 0.000000000 0.000000000 0.000000000 0.000000000 0.000000000 0.000000000 0.000000000 0.000000000 0.000000000 0.000000000 0.000000000 0.000000000 0.000000000 0.000000000 0.000000000 0.000000000 0.000000000 0.000000000 0.000000000 0.000000000 0.000000000 0.000000000 0.000000000 0.000000000 0.000000000 0.000000000 0.000000000 0.000000000 0.000000000 0.000000000 0.000000000 0.000000000 0.000000000 0.000000000 0.000000000 0.000000000 0.000000000 0.000000000 0.000000000 0.000000000 0.000000000 0.000000000 0.000000000 0.000000000 0.000000000 0.000000000 0.000000000 0.000000000 0.000000000 0.000000000 0.000000000 0.000000000 0.000000000 0.000000000 0.000000000 0.000000000 0.000000000 0.000000000 0.000000000 0.000000000 0.000000000 0.000000000 0.000000000 0.000000000 0.000000000 0.000000000 0.000000000 0.000000000 0.000000000 0.000000000 0.000000000 0.000000000 0.000000000 0.000000000 0.000000000 0.000000000 0.000000000 0.000000000 0.000000000 0.000000000 0.000000000 0.000000000 0.000000000 0.000000000 0.000000000 
0.000000000 0.000000000 0.000000000 0.000000000 0.000000000 0.000000000 0.000000000 0.000000000 0.000000000 0.000000000 0.000000000 0.000000000 0.000000000 0.000000000 0.000000000 0.000000000 0.000000000 0.000000000 0.000000000 0.000000000 0.000000000 0.000000000 0.000000000 0.000000000 0.000000000 0.000000000 0.000000000 0.000000000 0.000000000 0.000000000 0.000000000 0.000000000 0.000000000 0.000000000 0.000000000 0.000000000 0.000000000 0.000000000 0.000000000 0.000000000 0.000000000 0.000000000 0.000000000 0.000000000 0.000000000 0.000000000 0.000000000 0.000000000 0.000000000 0.000000000 0.000000000 0.000000000 0.000000000 0.000000000 0.000000000 0.000000000 0.000000000 0.000000000 0.000000000 0.000000000 0.000000000 0.000000000 0.000000000 0.000000000 0.000000000 0.000000000 0.000000000 0.000000000 0.000000000 0.000000000 0.000000000 0.000000000 0.000000000 0.000000000 0.000000000 0.000000000 0.000000000 0.000000000 0.000000000 0.000000000 0.000000000 0.000000000 0.000000000 0.000000000 0.000000000 0.000000000 0.000000000 0.000000000 0.000000000 0.000000000 0.000000000 0.000000000 0.000000000 0.000000000 0.000000000 0.000000000 0.000000000 0.000000000 0.000000000 0.000000000 0.000000000 0.000000000 0.000000000 0.000000000 0.000000000 0.000000000 0.000000000 0.000000000 0.000000000 0.000000000 0.000000000 0.000000000 0.000000000 0.000000000 0.000000000 0.000000000 0.000000000 0.000000000 0.000000000 0.000000000 0.000000000 0.000000000 0.000000000 0.000000000 0.000000000 0.000000000 0.000000000 0.000000000 0.000000000 0.000000000 0.000000000 0.000000000 0.000000000 0.000000000 0.000000000 0.000000000 0.000000000 0.000000000 0.000000000 0.000000000 0.000000000 0.000000000 0.000000000 0.000000000 0.000000000 0.000000000 0.000000000 0.000000000 0.000000000 0.000000000 0.000000000 0.000000000 0.000000000 0.000000000 0.000000000 0.000000000 0.000000000 0.000000000 0.000000000 0.000000000 0.000000000 0.000000000 0.000000000 0.000000000 0.000000000 0.000000000 0.000000000 0.000000000 0.000000000 0.000000000 0.000000000 0.000000000 0.000000000 0.000000000 0.000000000 0.000000000 0.000000000 0.000000000 0.000000000 0.000000000 0.000000000 0.000000000 0.000000000 0.000000000 0.000000000 0.000000000 0.000000000 0.000000000 0.000000000 0.000000000 0.000000000 0.000000000 0.000000000 0.000000000 0.000000000 0.000000000 0.000000000 0.000000000 0.000000000 0.000000000 0.000000000 0.000000000 0.000000000 0.000000000 0.000000000 0.000000000 0.000000000 0.000000000 0.000000000 0.000000000 0.000000000 0.000000000 0.000000000 0.000000000 0.000000000 0.000000000 0.000000000 0.000000000 0.000000000 0.000000000 0.000000000 0.000000000 0.000000000 0.000000000 0.000000000 0.000000000 0.000000000 0.000000000 0.000000000 0.000000000 0.000000000 0.000000000 0.000000000 0.000000000 0.000000000 0.000000000 0.000000000 0.000000000 0.000000000 0.000000000 0.000000000 0.000000000 0.000000000 0.000000000 0.000000000 0.000000000 0.000000000 0.000000000 0.000000000 0.000000000 0.000000000 0.000000000 0.000000000 0.000000000 0.000000000 0.000000000 0.000000000 
0.000000000 0.000000000 0.000000000 0.000000000 0.000000000 0.000000000 0.000000000 0.000000000 0.000000000 0.000000000 0.000000000 0.000000000 0.000000000 0.000000000 0.000000000 0.000000000 0.000000000 0.000000000 0.000000000 0.000000000 0.000000000 0.000000000 0.000000000 0.000000000 0.000000000 0.000000000 0.000000000 0.000000000 0.000000000 0.000000000 0.000000000 0.000000000 0.000000000 0.000000000 0.000000000 0.000000000 0.000000000 0.000000000 0.000000000 0.000000000 0.000000000 0.000000000 0.000000000 0.000000000 0.000000000 0.000000000 0.000000000 0.000000000 0.000000000 0.000000000 0.000000000 0.000000000 0.000000000 0.000000000 0.000000000 0.000000000 0.000000000 0.000000000 0.000000000 0.000000000 0.000000000 0.000000000 0.000000000 0.000000000 0.000000000 0.000000000 0.000000000 0.000000000 0.000000000 0.000000000 0.000000000 0.000000000 0.000000000 0.000000000 0.000000000 0.000000000 0.000000000 0.000000000 0.000000000 0.000000000 0.000000000 0.000000000 0.000000000 0.000000000 0.000000000 0.000000000 0.000000000 0.000000000 0.000000000 0.000000000 0.000000000 0.000000000 0.000000000 0.000000000 0.000000000 0.000000000 0.000000000 0.000000000 0.000000000 0.000000000 0.000000000 0.000000000 0.000000000 0.000000000 0.000000000 0.000000000 0.000000000 0.000000000 0.000000000 0.000000000 0.000000000 0.000000000 0.000000000 0.000000000 0.000000000 0.000000000 0.000000000 0.000000000 0.000000000 0.000000000 0.000000000 0.000000000 0.000000000 0.000000000 0.000000000 0.000000000 0.000000000 0.000000000 0.000000000 0.000000000 0.000000000 0.000000000 0.000000000 0.000000000 0.000000000 0.000000000 0.000000000 0.000000000 0.000000000 0.000000000 0.000000000 0.000000000 0.000000000 0.000000000 0.000000000 0.000000000 0.000000000 0.000000000 0.000000000 0.000000000 0.000000000 0.000000000 0.000000000 0.000000000 0.000000000 0.000000000 0.000000000 0.000000000 0.000000000 0.000000000 0.000000000 0.000000000 0.000000000 0.000000000 0.000000000 0.000000000 0.000000000 0.000000000 0.000000000 0.000000000 0.000000000 0.000000000 0.000000000 0.000000000 0.000000000 0.000000000 0.000000000 0.000000000 0.000000000 0.000000000 0.000000000 0.000000000 0.000000000 0.000000000 0.000000000 0.000000000 0.000000000 0.000000000 0.000000000 0.000000000 0.000000000 0.000000000 0.000000000 0.000000000 0.000000000 0.000000000 0.000000000 0.000000000 0.000000000 0.000000000 0.000000000 0.000000000 0.000000000 0.000000000 0.000000000 0.000000000 0.000000000 0.000000000 0.000000000 0.000000000 0.000000000 0.000000000 0.000000000 0.000000000 0.000000000 0.000000000 0.000000000 0.000000000 0.000000000 0.000000000 0.000000000 0.000000000 0.000000000 0.000000000 0.000000000 0.000000000 0.000000000 0.000000000 0.000000000 0.000000000 0.000000000 0.000000000 0.000000000 0.000000000 0.000000000 0.000000000 0.000000000 0.000000000 0.000000000 0.000000000 0.000000000 0.000000000 0.000000000 0.000000000 0.000000000 0.000000000 0.000000000 0.000000000 0.000000000 0.000000000 0.000000000 0.000000000 0.000000000 0.000000000 0.000000000 0.000000000 0.000000000 
0.000000000 0.000000000 0.000000000 0.000000000 0.000000000 0.000000000 0.000000000 0.000000000 0.000000000 0.000000000 0.000000000 0.000000000 0.000000000 0.000000000 0.000000000 0.000000000 0.000000000 0.000000000 0.000000000 0.000000000 0.000000000 0.000000000 0.000000000 0.000000000 0.000000000 0.000000000 0.000000000 0.000000000 0.000000000 0.000000000 0.000000000 0.000000000 0.000000000 0.000000000 0.000000000 0.000000000 0.000000000 0.000000000 0.000000000 0.000000000 0.000000000 0.000000000 0.000000000 0.000000000 0.000000000 0.000000000 0.000000000 0.000000000 0.000000000 0.000000000 0.000000000 0.000000000 0.000000000 0.000000000 0.000000000 0.000000000 0.000000000 0.000000000 0.000000000 0.000000000 0.000000000 0.000000000 0.000000000 0.000000000 0.000000000 0.000000000 0.000000000 0.000000000 0.000000000 0.000000000 0.000000000 0.000000000 0.000000000 0.000000000 0.000000000 0.000000000 0.000000000 0.000000000 0.000000000 0.000000000 0.000000000 0.000000000 0.000000000 0.000000000 0.000000000 0.000000000 0.000000000 0.000000000 0.000000000 0.000000000 0.000000000 0.000000000 0.000000000 0.000000000 0.000000000 0.000000000 0.000000000 0.000000000 0.000000000 0.000000000 0.000000000 0.000000000 0.000000000 0.000000000 0.000000000 0.000000000 0.000000000 0.000000000 0.000000000 0.000000000 0.000000000 0.000000000 0.000000000 0.000000000 0.000000000 0.000000000 0.000000000 0.000000000 0.000000000 0.000000000 0.000000000 0.000000000 0.000000000 0.000000000 0.000000000 0.000000000 0.000000000 0.000000000 0.000000000 0.000000000 0.000000000 0.000000000 0.000000000 0.000000000 0.000000000 0.000000000 0.000000000 0.000000000 0.000000000 0.000000000 0.000000000 0.000000000 0.000000000 0.000000000 0.000000000 0.000000000 0.000000000 0.000000000 0.000000000 0.000000000 0.000000000 0.000000000 0.000000000 0.000000000 0.000000000 0.000000000 0.000000000 0.000000000 0.000000000 0.000000000 0.000000000 0.000000000 0.000000000 0.000000000 0.000000000 0.000000000 0.000000000 0.000000000 0.000000000 0.000000000 0.000000000 0.000000000 0.000000000 0.000000000 0.000000000 0.000000000 0.000000000 0.000000000 0.000000000 0.000000000 0.000000000 0.000000000 0.000000000 0.000000000 0.000000000 0.000000000 0.000000000 0.000000000 0.000000000 0.000000000 0.000000000 0.000000000 0.000000000 0.000000000 0.000000000 0.000000000 0.000000000 0.000000000 0.000000000 0.000000000 0.000000000 0.000000000 0.000000000 0.000000000 0.000000000 0.000000000 0.000000000 0.000000000 0.000000000 0.000000000 0.000000000 0.000000000 0.000000000 0.000000000 0.000000000 0.000000000 0.000000000 0.000000000 0.000000000 0.000000000 0.000000000 0.000000000 0.000000000 0.000000000 0.000000000 0.000000000 0.000000000 0.000000000 0.000000000 0.000000000 0.000000000 0.000000000 0.000000000 0.000000000 0.000000000 0.000000000 0.000000000 0.000000000 0.000000000 0.000000000 0.000000000 0.000000000 0.000000000 0.000000000 0.000000000 0.000000000 0.000000000 0.000000000 0.000000000 0.000000000 0.000000000 0.000000000 0.000000000 0.000000000 0.000000000 0.000000000 0.000000000 
0.000000000 0.000000000 0.000000000 0.000000000 0.000000000 0.000000000 0.000000000 0.000000000 0.000000000 0.000000000 0.000000000 0.000000000 0.000000000 0.000000000 0.000000000 0.000000000 0.000000000 0.000000000 0.000000000 0.000000000 0.000000000 0.000000000 0.000000000 0.000000000 0.000000000 0.000000000 0.000000000 0.000000000 0.000000000 0.000000000 0.000000000 0.000000000 0.000000000 0.000000000 0.000000000 0.000000000 0.000000000 0.000000000 0.000000000 0.000000000 0.000000000 0.000000000 0.000000000 0.000000000 0.000000000 0.000000000 0.000000000 0.000000000 0.000000000 0.000000000 0.000000000 0.000000000 0.000000000 0.000000000 0.000000000 0.000000000 0.000000000 0.000000000 0.000000000 0.000000000 0.000000000 0.000000000 0.000000000 0.000000000 0.000000000 0.000000000 0.000000000 0.000000000 0.000000000 0.000000000 0.000000000 0.000000000 0.000000000 0.000000000 0.000000000 0.000000000 0.000000000 0.000000000 0.000000000 0.000000000 0.000000000 0.000000000 0.000000000 0.000000000 0.000000000 0.000000000 0.000000000 0.000000000 0.000000000 0.000000000 0.000000000 0.000000000 0.000000000 0.000000000 0.000000000 0.000000000 0.000000000 0.000000000 0.000000000 0.000000000 0.000000000 0.000000000 0.000000000 0.000000000 0.000000000 0.000000000 0.000000000 0.000000000 0.000000000 0.000000000 0.000000000 0.000000000 0.000000000 0.000000000 0.000000000 0.000000000 0.000000000 0.000000000 0.000000000 0.000000000 0.000000000 0.000000000 0.000000000 0.000000000 0.000000000 0.000000000 0.000000000 0.000000000 0.000000000 0.000000000 0.000000000 0.000000000 0.000000000 0.000000000 0.000000000 0.000000000 0.000000000 0.000000000 0.000000000 0.000000000 0.000000000 0.000000000 0.000000000 0.000000000 0.000000000 0.000000000 0.000000000 0.000000000 0.000000000 0.000000000 0.000000000 0.000000000 0.000000000 0.000000000 0.000000000 0.000000000 0.000000000 0.000000000 0.000000000 0.000000000 0.000000000 0.000000000 0.000000000 0.000000000 0.000000000 0.000000000 0.000000000 0.000000000 0.000000000 0.000000000 0.000000000 0.000000000 0.000000000 0.000000000 0.000000000 0.000000000 0.000000000 0.000000000 0.000000000 0.000000000 0.000000000 0.000000000 0.000000000 0.000000000 0.000000000 0.000000000 0.000000000 0.000000000 0.000000000 0.000000000 0.000000000 0.000000000 0.000000000 0.000000000 0.000000000 0.000000000 0.000000000 0.000000000 0.000000000 0.000000000 0.000000000 0.000000000 0.000000000 0.000000000 0.000000000 0.000000000 0.000000000 0.000000000 0.000000000 0.000000000 0.000000000 0.000000000 0.000000000 0.000000000 0.000000000 0.000000000 0.000000000 0.000000000 0.000000000 0.000000000 0.000000000 0.000000000 0.000000000 0.000000000 0.000000000 0.000000000 0.000000000 0.000000000 0.000000000 0.000000000 0.000000000 0.000000000 0.000000000 0.000000000 0.000000000 0.000000000 0.000000000 0.000000000 0.000000000 0.000000000 0.000000000 0.000000000 0.000000000 0.000000000 0.000000000 0.000000000 0.000000000 0.000000000 0.000000000 0.000000000 0.000000000 0.000000000 0.000000000 0.000000000 0.000000000 0.000000000 0.000000000 
0.000000000 0.000000000 0.000000000 0.000000000 0.000000000 0.000000000 0.000000000 0.000000000 0.000000000 0.000000000 0.000000000 0.000000000 0.000000000 0.000000000 0.000000000 0.000000000 0.000000000 0.000000000 0.000000000 0.000000000 0.000000000 0.000000000 0.000000000 0.000000000 0.000000000 0.000000000 0.000000000 0.000000000 0.000000000 0.000000000 0.000000000 0.000000000 0.000000000 0.000000000 0.000000000 0.000000000 0.000000000 0.000000000 0.000000000 0.000000000 0.000000000 0.000000000 0.000000000 0.000000000 0.000000000 0.000000000 0.000000000 0.000000000 0.000000000 0.000000000 0.000000000 0.000000000 0.000000000 0.000000000 0.000000000 0.000000000 0.000000000 0.000000000 0.000000000 0.000000000 0.000000000 0.000000000 0.000000000 0.000000000 0.000000000 0.000000000 0.000000000 0.000000000 0.000000000 0.000000000 0.000000000 0.000000000 0.000000000 0.000000000 0.000000000 0.000000000 0.000000000 0.000000000 0.000000000 0.000000000 0.000000000 0.000000000 0.000000000 0.000000000 0.000000000 0.000000000 0.000000000 0.000000000 0.000000000 0.000000000 0.000000000 0.000000000 0.000000000 0.000000000 0.000000000 0.000000000 0.000000000 0.000000000 0.000000000 0.000000000 0.000000000 0.000000000 0.000000000 0.000000000 0.000000000 0.000000000 0.000000000 0.000000000 0.000000000 0.000000000 0.000000000 0.000000000 0.000000000 0.000000000 0.000000000 0.000000000 0.000000000 0.000000000 0.000000000 0.000000000 0.000000000 0.000000000 0.000000000 0.000000000 0.000000000 0.000000000 0.000000000 0.000000000 0.000000000 0.000000000 0.000000000 0.000000000 0.000000000 0.000000000 0.000000000 0.000000000 0.000000000 0.000000000 0.000000000 0.000000000 0.000000000 0.000000000 0.000000000 0.000000000 0.000000000 0.000000000 0.000000000 0.000000000 0.000000000 0.000000000 0.000000000 0.000000000 0.000000000 0.000000000 0.000000000 0.000000000 0.000000000 0.000000000 0.000000000 0.000000000 0.000000000 0.000000000 0.000000000 0.000000000 0.000000000 0.000000000 0.000000000 0.000000000 0.000000000 0.000000000 0.000000000 0.000000000 0.000000000 0.000000000 0.000000000 0.000000000 0.000000000 0.000000000 0.000000000 0.000000000 0.000000000 0.000000000 0.000000000 0.000000000 0.000000000 0.000000000 0.000000000 0.000000000 0.000000000 0.000000000 0.000000000 0.000000000 0.000000000 0.000000000 0.000000000 0.000000000 0.000000000 0.000000000 0.000000000 0.000000000 0.000000000 0.000000000 0.000000000 0.000000000 0.000000000 0.000000000 0.000000000 0.000000000 0.000000000 0.000000000 0.000000000 0.000000000 0.000000000 0.000000000 0.000000000 0.000000000 0.000000000 0.000000000 0.000000000 0.000000000 0.000000000 0.000000000 0.000000000 0.000000000 0.000000000 0.000000000 0.000000000 0.000000000 0.000000000 0.000000000 0.000000000 0.000000000 0.000000000 0.000000000 0.000000000 0.000000000 0.000000000 0.000000000 0.000000000 0.000000000 0.000000000 0.000000000 0.000000000 0.000000000 0.000000000 0.000000000 0.000000000 0.000000000 0.000000000 0.000000000 0.000000000 0.000000000 0.000000000 0.000000000 0.000000000 0.000000000 0.000000000 
0.000000000 0.000000000 0.000000000 0.000000000 0.000000000 0.000000000 0.000000000 0.000000000 0.000000000 0.000000000 0.000000000 0.000000000 0.000000000 0.000000000 0.000000000 0.000000000 0.000000000 0.000000000 0.000000000 0.000000000 0.000000000 0.000000000 0.000000000 0.000000000 0.000000000 0.000000000 0.000000000 0.000000000 0.000000000 0.000000000 0.000000000 0.000000000 0.000000000 0.000000000 0.000000000 0.000000000 0.000000000 0.000000000 0.000000000 0.000000000 0.000000000 0.000000000 0.000000000 0.000000000 0.000000000 0.000000000 0.000000000 0.000000000 0.000000000 0.000000000 0.000000000 0.000000000 0.000000000 0.000000000 0.000000000 0.000000000 0.000000000 0.000000000 0.000000000 0.000000000 0.000000000 0.000000000 0.000000000 0.000000000 0.000000000 0.000000000 0.000000000 0.000000000 0.000000000 0.000000000 0.000000000 0.000000000 0.000000000 0.000000000 0.000000000 0.000000000 0.000000000 0.000000000 0.000000000 0.000000000 0.000000000 0.000000000 0.000000000 0.000000000 0.000000000 0.000000000 0.000000000 0.000000000 0.000000000 0.000000000 0.000000000 0.000000000 0.000000000 0.000000000 0.000000000 0.000000000 0.000000000 0.000000000 0.000000000 0.000000000 0.000000000 0.000000000 0.000000000 0.000000000 0.000000000 0.000000000 0.000000000 0.000000000 0.000000000 0.000000000 0.000000000 0.000000000 0.000000000 0.000000000 0.000000000 0.000000000 0.000000000 0.000000000 0.000000000 0.000000000 0.000000000 0.000000000 0.000000000 0.000000000 0.000000000 0.000000000 0.000000000 0.000000000 0.000000000 0.000000000 0.000000000 0.000000000 0.000000000 0.000000000 0.000000000 0.000000000 0.000000000 0.000000000 0.000000000 0.000000000 0.000000000 0.000000000 0.000000000 0.000000000 0.000000000 0.000000000 0.000000000 0.000000000 0.000000000 0.000000000 0.000000000 0.000000000 0.000000000 0.000000000 0.000000000 0.000000000 0.000000000 0.000000000 0.000000000 0.000000000 0.000000000 0.000000000 0.000000000 0.000000000 0.000000000 0.000000000 0.000000000 0.000000000 0.000000000 0.000000000 0.000000000 0.000000000 0.000000000 0.000000000 0.000000000 0.000000000 0.000000000 0.000000000 0.000000000 0.000000000 0.000000000 0.000000000 0.000000000 0.000000000 0.000000000 0.000000000 0.000000000 0.000000000 0.000000000 0.000000000 0.000000000 0.000000000 0.000000000 0.000000000 0.000000000 0.000000000 0.000000000 0.000000000 0.000000000 0.000000000 0.000000000 0.000000000 0.000000000 0.000000000 0.000000000 0.000000000 0.000000000 0.000000000 0.000000000 0.000000000 0.000000000 0.000000000 0.000000000 0.000000000 0.000000000 0.000000000 0.000000000 0.000000000 0.000000000 0.000000000 0.000000000 0.000000000 0.000000000 0.000000000 0.000000000 0.000000000 0.000000000 0.000000000 0.000000000 0.000000000 0.000000000 0.000000000 0.000000000 0.000000000 0.000000000 0.000000000 0.000000000 0.000000000 0.000000000 0.000000000 0.000000000 0.000000000 0.000000000 0.000000000 0.000000000 0.000000000 0.000000000 0.000000000 0.000000000 0.000000000 0.000000000 0.000000000 0.000000000 0.000000000 0.000000000 0.000000000 0.000000000 
0.000000000 0.000000000 0.000000000 0.000000000 0.000000000 0.000000000 0.000000000 0.000000000 0.000000000 0.000000000 0.000000000 0.000000000 0.000000000 0.000000000 0.000000000 0.000000000 0.000000000 0.000000000 0.000000000 0.000000000 0.000000000 0.000000000 0.000000000 0.000000000 0.000000000 0.000000000 0.000000000 0.000000000 0.000000000 0.000000000 0.000000000 0.000000000 0.000000000 0.000000000 0.000000000 0.000000000 0.000000000 0.000000000 0.000000000 0.000000000 0.000000000 0.000000000 0.000000000 0.000000000 0.000000000 0.000000000 0.000000000 0.000000000 0.000000000 0.000000000 0.000000000 0.000000000 0.000000000 0.000000000 0.000000000 0.000000000 0.000000000 0.000000000 0.000000000 0.000000000 0.000000000 0.000000000 0.000000000 0.000000000 0.000000000 0.000000000 0.000000000 0.000000000 0.000000000 0.000000000 0.000000000 0.000000000 0.000000000 0.000000000 0.000000000 0.000000000 0.000000000 0.000000000 0.000000000 0.000000000 0.000000000 0.000000000 0.000000000 0.000000000 0.000000000 0.000000000 0.000000000 0.000000000 0.000000000 0.000000000 0.000000000 0.000000000 0.000000000 0.000000000 0.000000000 0.000000000 0.000000000 0.000000000 0.000000000 0.000000000 0.000000000 0.000000000 0.000000000 0.000000000 0.000000000 0.000000000 0.000000000 0.000000000 0.000000000 0.000000000 0.000000000 0.000000000 0.000000000 0.000000000 0.000000000 0.000000000 0.000000000 0.000000000 0.000000000 0.000000000 0.000000000 0.000000000 0.000000000 0.000000000 0.000000000 0.000000000 0.000000000 0.000000000 0.000000000 0.000000000 0.000000000 0.000000000 0.000000000 0.000000000 0.000000000 0.000000000 0.000000000 0.000000000 0.000000000 0.000000000 0.000000000 0.000000000 0.000000000 0.000000000 0.000000000 0.000000000 0.000000000 0.000000000 0.000000000 0.000000000 0.000000000 0.000000000 0.000000000 0.000000000 0.000000000 0.000000000 0.000000000 0.000000000 0.000000000 0.000000000 0.000000000 0.000000000 0.000000000 0.000000000 0.000000000 0.000000000 0.000000000 0.000000000 0.000000000 0.000000000 0.000000000 0.000000000 0.000000000 0.000000000 0.000000000 0.000000000 0.000000000 0.000000000 0.000000000 0.000000000 0.000000000 0.000000000 0.000000000 0.000000000 0.000000000 0.000000000 0.000000000 0.000000000 0.000000000 0.000000000 0.000000000 0.000000000 0.000000000 0.000000000 0.000000000 0.000000000 0.000000000 0.000000000 0.000000000 0.000000000 0.000000000 0.000000000 0.000000000 0.000000000 0.000000000 0.000000000 0.000000000 0.000000000 0.000000000 0.000000000 0.000000000 0.000000000 0.000000000 0.000000000 0.000000000 0.000000000 0.000000000 0.000000000 0.000000000 0.000000000 0.000000000 0.000000000 0.000000000 0.000000000 0.000000000 0.000000000 0.000000000 0.000000000 0.000000000 0.000000000 0.000000000 0.000000000 0.000000000 0.000000000 0.000000000 0.000000000 0.000000000 0.000000000 0.000000000 0.000000000 0.000000000 0.000000000 0.000000000 0.000000000 0.000000000 0.000000000 0.000000000 0.000000000 0.000000000 0.000000000 0.000000000 0.000000000 0.000000000 0.000000000 0.000000000 0.000000000 0.000000000 
0.000000000 0.000000000 0.000000000 0.000000000 0.000000000 0.000000000 0.000000000 0.000000000 0.000000000 0.000000000 0.000000000 0.000000000 0.000000000 0.000000000 0.000000000 0.000000000 0.000000000 0.000000000 0.000000000 0.000000000 0.000000000 0.000000000 0.000000000 0.000000000 0.000000000 0.000000000 0.000000000 0.000000000 0.000000000 0.000000000 0.000000000 0.000000000 0.000000000 0.000000000 0.000000000 0.000000000 0.000000000 0.000000000 0.000000000 0.000000000 0.000000000 0.000000000 0.000000000 0.000000000 0.000000000 0.000000000 0.000000000 0.000000000 0.000000000 0.000000000 0.000000000 0.000000000 0.000000000 0.000000000 0.000000000 0.000000000 0.000000000 0.000000000 0.000000000 0.000000000 0.000000000 0.000000000 0.000000000 0.000000000 0.000000000 0.000000000 0.000000000 0.000000000 0.000000000 0.000000000 0.000000000 0.000000000 0.000000000 0.000000000 0.000000000 0.000000000 0.000000000 0.000000000 0.000000000 0.000000000 0.000000000 0.000000000 0.000000000 0.000000000 0.000000000 0.000000000 0.000000000 0.000000000 0.000000000 0.000000000 0.000000000 0.000000000 0.000000000 0.000000000 0.000000000 0.000000000 0.000000000 0.000000000 0.000000000 0.000000000 0.000000000 0.000000000 0.000000000 0.000000000 0.000000000 0.000000000 0.000000000 0.000000000 0.000000000 0.000000000 0.000000000 0.000000000 0.000000000 0.000000000 0.000000000 0.000000000 0.000000000 0.000000000 0.000000000 0.000000000 0.000000000 0.000000000 0.000000000 0.000000000 0.000000000 0.000000000 0.000000000 0.000000000 0.000000000 0.000000000 0.000000000 0.000000000 0.000000000 0.000000000 0.000000000 0.000000000 0.000000000 0.000000000 0.000000000 0.000000000 0.000000000 0.000000000 0.000000000 0.000000000 0.000000000 0.000000000 0.000000000 0.000000000 0.000000000 0.000000000 0.000000000 0.000000000 0.000000000 0.000000000 0.000000000 0.000000000 0.000000000 0.000000000 0.000000000 0.000000000 0.000000000 0.000000000 0.000000000 0.000000000 0.000000000 0.000000000 0.000000000 0.000000000 0.000000000 0.000000000 0.000000000 0.000000000 0.000000000 0.000000000 0.000000000 0.000000000 0.000000000 0.000000000 0.000000000 0.000000000 0.000000000 0.000000000 0.000000000 0.000000000 0.000000000 0.000000000 0.000000000 0.000000000 0.000000000 0.000000000 0.000000000 0.000000000 0.000000000 0.000000000 0.000000000 0.000000000 0.000000000 0.000000000 0.000000000 0.000000000 0.000000000 0.000000000 0.000000000 0.000000000 0.000000000 0.000000000 0.000000000 0.000000000 0.000000000 0.000000000 0.000000000 0.000000000 0.000000000 0.000000000 0.000000000 0.000000000 0.000000000 0.000000000 0.000000000 0.000000000 0.000000000 0.000000000 0.000000000 0.000000000 0.000000000 0.000000000 0.000000000 0.000000000 0.000000000 0.000000000 0.000000000 0.000000000 0.000000000 0.000000000 0.000000000 0.000000000 0.000000000 0.000000000 0.000000000 0.000000000 0.000000000 0.000000000 0.000000000 0.000000000 0.000000000 0.000000000 0.000000000 0.000000000 0.000000000 0.000000000 0.000000000 0.000000000 0.000000000 0.000000000 0.000000000 0.000000000 0.000000000 
0.000000000 0.000000000 0.000000000 0.000000000 0.000000000 0.000000000 0.000000000 0.000000000 0.000000000 0.000000000 0.000000000 0.000000000 0.000000000 0.000000000 0.000000000 0.000000000 0.000000000 0.000000000 0.000000000 0.000000000 0.000000000 0.000000000 0.000000000 0.000000000 0.000000000 0.000000000 0.000000000 0.000000000 0.000000000 0.000000000 0.000000000 0.000000000 0.000000000 0.000000000 0.000000000 0.000000000 0.000000000 0.000000000 0.000000000 0.000000000 0.000000000 0.000000000 0.000000000 0.000000000 0.000000000 0.000000000 0.000000000 0.000000000 0.000000000 0.000000000 0.000000000 0.000000000 0.000000000 0.000000000 0.000000000 0.000000000 0.000000000 0.000000000 0.000000000 0.000000000 0.000000000 0.000000000 0.000000000 0.000000000 0.000000000 0.000000000 0.000000000 0.000000000 0.000000000 0.000000000 0.000000000 0.000000000 0.000000000 0.000000000 0.000000000 0.000000000 0.000000000 0.000000000 0.000000000 0.000000000 0.000000000 0.000000000 0.000000000 0.000000000 0.000000000 0.000000000 0.000000000 0.000000000 0.000000000 0.000000000 0.000000000 0.000000000 0.000000000 0.000000000 0.000000000 0.000000000 0.000000000 0.000000000 0.000000000 0.000000000 0.000000000 0.000000000 0.000000000 0.000000000 0.000000000 0.000000000 0.000000000 0.000000000 0.000000000 0.000000000 0.000000000 0.000000000 0.000000000 0.000000000 0.000000000 0.000000000 0.000000000 0.000000000 0.000000000 0.000000000 0.000000000 0.000000000 0.000000000 0.000000000 0.000000000 0.000000000 0.000000000 0.000000000 0.000000000 0.000000000 0.000000000 0.000000000 0.000000000 0.000000000 0.000000000 0.000000000 0.000000000 0.000000000 0.000000000 0.000000000 0.000000000 0.000000000 0.000000000 0.000000000 0.000000000 0.000000000 0.000000000 0.000000000 0.000000000 0.000000000 0.000000000 0.000000000 0.000000000 0.000000000 0.000000000 0.000000000 0.000000000 0.000000000 0.000000000 0.000000000 0.000000000 0.000000000 0.000000000 0.000000000 0.000000000 0.000000000 0.000000000 0.000000000 0.000000000 0.000000000 0.000000000 0.000000000 0.000000000 0.000000000 0.000000000 0.000000000 0.000000000 0.000000000 0.000000000 0.000000000 0.000000000 0.000000000 0.000000000 0.000000000 0.000000000 0.000000000 0.000000000 0.000000000 0.000000000 0.000000000 0.000000000 0.000000000 0.000000000 0.000000000 0.000000000 0.000000000 0.000000000 0.000000000 0.000000000 0.000000000 0.000000000 0.000000000 0.000000000 0.000000000 0.000000000 0.000000000 0.000000000 0.000000000 0.000000000 0.000000000 0.000000000 0.000000000 0.000000000 0.000000000 0.000000000 0.000000000 0.000000000 0.000000000 0.000000000 0.000000000 0.000000000 0.000000000 0.000000000 0.000000000 0.000000000 0.000000000 0.000000000 0.000000000 0.000000000 0.000000000 0.000000000 0.000000000 0.000000000 0.000000000 0.000000000 0.000000000 0.000000000 0.000000000 0.000000000 0.000000000 0.000000000 0.000000000 0.000000000 0.000000000 0.000000000 0.000000000 0.000000000 0.000000000 0.000000000 0.000000000 0.000000000 0.000000000 0.000000000 0.000000000 0.000000000 0.000000000 0.000000000 
0.000000000 0.000000000 0.000000000 0.000000000 0.000000000 0.000000000 0.000000000 0.000000000 0.000000000 0.000000000 0.000000000 0.000000000 0.000000000 0.000000000 0.000000000 0.000000000 0.000000000 0.000000000 0.000000000 0.000000000 0.000000000 0.000000000 0.000000000 0.000000000 0.000000000 0.000000000 0.000000000 0.000000000 0.000000000 0.000000000 0.000000000 0.000000000 0.000000000 0.000000000 0.000000000 0.000000000 0.000000000 0.000000000 0.000000000 0.000000000 0.000000000 0.000000000 0.000000000 0.000000000 0.000000000 0.000000000 0.000000000 0.000000000 0.000000000 0.000000000 0.000000000 0.000000000 0.000000000 0.000000000 0.000000000 0.000000000 0.000000000 0.000000000 0.000000000 0.000000000 0.000000000 0.000000000 0.000000000 0.000000000 0.000000000 0.000000000 0.000000000 0.000000000 0.000000000 0.000000000 0.000000000 0.000000000 0.000000000 0.000000000 0.000000000 0.000000000 0.000000000 0.000000000 0.000000000 0.000000000 0.000000000 0.000000000 0.000000000 0.000000000 0.000000000 0.000000000 0.000000000 0.000000000 0.000000000 0.000000000 0.000000000 0.000000000 0.000000000 0.000000000 0.000000000 0.000000000 0.000000000 0.000000000 0.000000000 0.000000000 0.000000000 0.000000000 0.000000000 0.000000000 0.000000000 0.000000000 0.000000000 0.000000000 0.000000000 0.000000000 0.000000000 0.000000000 0.000000000 0.000000000 0.000000000 0.000000000 0.000000000 0.000000000 0.000000000 0.000000000 0.000000000 0.000000000 0.000000000 0.000000000 0.000000000 0.000000000 0.000000000 0.000000000 0.000000000 0.000000000 0.000000000 0.000000000 0.000000000 0.000000000 0.000000000 0.000000000 0.000000000 0.000000000 0.000000000 0.000000000 0.000000000 0.000000000 0.000000000 0.000000000 0.000000000 0.000000000 0.000000000 0.000000000 0.000000000 0.000000000 0.000000000 0.000000000 0.000000000 0.000000000 0.000000000 0.000000000 0.000000000 0.000000000 0.000000000 0.000000000 0.000000000 0.000000000 0.000000000 0.000000000 0.000000000 0.000000000 0.000000000 0.000000000 0.000000000 0.000000000 0.000000000 0.000000000 0.000000000 0.000000000 0.000000000 0.000000000 0.000000000 0.000000000 0.000000000 0.000000000 0.000000000 0.000000000 0.000000000 0.000000000 0.000000000 0.000000000 0.000000000 0.000000000 0.000000000 0.000000000 0.000000000 0.000000000 0.000000000 0.000000000 0.000000000 0.000000000 0.000000000 0.000000000 0.000000000 0.000000000 0.000000000 0.000000000 0.000000000 0.000000000 0.000000000 0.000000000 0.000000000 0.000000000 0.000000000 0.000000000 0.000000000 0.000000000 0.000000000 0.000000000 0.000000000 0.000000000 0.000000000 0.000000000 0.000000000 0.000000000 0.000000000 0.000000000 0.000000000 0.000000000 0.000000000 0.000000000 0.000000000 0.000000000 0.000000000 0.000000000 0.000000000 0.000000000 0.000000000 0.000000000 0.000000000 0.000000000 0.000000000 0.000000000 0.000000000 0.000000000 0.000000000 0.000000000 0.000000000 0.000000000 0.000000000 0.000000000 0.000000000 0.000000000 0.000000000 0.000000000 0.000000000 0.000000000 0.000000000 0.000000000 0.000000000 0.000000000 0.000000000 
0.023437500 0.023437500 0.027343750 0.031250000 0.039062500 0.050781250 0.062500000 0.074218750 0.089843750 0.109375000 0.128906250 0.148437500 0.171875000 0.191406250 0.214843750 0.234375000 0.253906250 0.273437500 0.285156250 0.296875000 0.304687500 0.312500000 0.312500000 0.308593750 0.300781250 0.289062500 0.273437500 0.257812500 0.238281250 0.214843750 0.191406250 0.167968750 0.144531250 0.121093750 0.097656250 0.078125000 0.062500000 0.046875000 0.035156250 0.027343750 0.023437500 0.019531250 0.019531250 0.019531250 0.019531250 0.015625000 0.011718750 0.011718750 0.007812500 0.011718750 0.011718750 0.015625000 0.019531250 0.019531250 0.019531250 0.019531250 0.019531250 0.019531250 0.015625000 0.011718750 0.011718750 0.007812500 0.003906250 0.000000000 0.003906250 0.003906250 0.007812500 0.007812500 0.007812500 0.011718750 0.011718750 0.011718750 0.011718750 0.011718750 0.011718750 0.011718750 0.011718750 0.011718750 0.011718750 0.011718750 0.011718750 0.011718750 0.011718750 0.011718750 0.011718750 0.011718750 0.011718750 0.011718750 0.011718750 0.011718750 0.011718750 0.011718750 0.011718750 0.011718750 0.011718750 0.007812500 0.007812500 0.007812500 0.003906250 0.003906250 0.003906250 0.003906250 0.003906250 0.003906250 0.003906250 0.003906250 0.000000000 0.003906250 0.003906250 0.007812500 0.007812500 0.011718750 0.011718750 0.015625000 0.015625000 0.015625000 0.015625000 0.015625000 0.015625000 0.015625000 0.015625000 0.011718750 0.011718750 0.007812500 0.003906250 0.003906250 0.003906250 0.003906250 0.003906250 0.007812500 0.007812500 0.007812500 0.007812500 0.007812500 0.003906250 0.003906250 0.003906250 0.000000000 0.003906250 0.003906250 0.007812500 0.007812500 0.007812500 0.011718750 0.011718750 0.011718750 0.011718750 0.011718750 0.007812500 0.007812500 0.007812500 0.007812500 0.007812500 0.007812500 0.007812500 0.007812500 0.007812500 0.007812500 0.007812500 0.007812500 0.007812500 0.007812500 0.007812500 0.003906250 0.003906250 0.003906250 0.003906250 0.003906250 0.007812500 0.007812500 0.007812500 0.007812500 0.007812500 0.003906250 0.003906250 0.003906250 0.000000000 0.000000000 0.003906250 0.003906250 0.003906250 0.007812500 0.007812500 0.007812500 0.007812500 0.007812500 0.007812500 0.007812500 0.007812500 0.007812500 0.007812500 0.007812500 0.007812500 0.007812500 0.007812500 0.011718750 0.011718750 0.011718750 0.011718750 0.011718750 0.007812500 0.007812500 0.007812500 0.007812500 0.003906250 0.003906250 0.003906250 0.003906250 0.003906250 0.003906250 0.003906250 0.007812500 0.003906250 0.003906250 0.003906250 0.003906250 0.003906250 0.003906250 0.003906250 0.003906250 0.003906250 0.003906250 0.007812500 0.007812500 0.007812500 0.007812500 0.007812500 0.007812500 0.007812500 0.007812500 0.007812500 0.007812500 0.007812500 0.007812500 0.007812500 0.007812500 0.007812500 0.007812500 0.007812500 0.007812500 0.007812500 0.007812500 0.007812500 0.007812500 0.007812500 0.007812500 0.007812500 0.007812500 0.007812500 0.007812500 0.007812500 0.007812500 0.007812500 0.003906250 0.003906250 0.000000000 0.000000000 
0.089843750 0.085937500 0.082031250 0.093750000 0.042968750 0.136718750 0.371093750 0.515625000 0.550781250 0.644531250 0.742187500 0.656250000 0.460937500 0.382812500 0.382812500 0.363281250 0.355468750 0.652343750 1.066406250 1.332031250 1.535156250 1.746093750 1.804687500 1.859375000 2.085937500 2.093750000 1.621093750 0.914062500 0.417968750 0.285156250 0.222656250 0.207031250 0.265625000 0.296875000 0.210937500 0.175781250 0.312500000 0.359375000 0.285156250 0.187500000 0.167968750 0.191406250 0.183593750 0.136718750 0.082031250 0.039062500 0.027343750 0.023437500 0.015625000 0.003906250 0.011718750 0.015625000 0.003906250 0.011718750 0.015625000 0.007812500 0.011718750 0.003906250 0.011718750 0.015625000 0.000000000 0.023437500 0.031250000 0.027343750 0.023437500 0.023437500 0.011718750 0.003906250 0.007812500 0.015625000 0.019531250 0.015625000 0.011718750 0.007812500 0.007812500 0.015625000 0.023437500 0.015625000 0.015625000 0.027343750 0.031250000 0.027343750 0.015625000 0.007812500 0.011718750 0.015625000 0.011718750 0.007812500 0.003906250 0.003906250 0.007812500 0.011718750 0.007812500 0.011718750 0.027343750 0.035156250 0.039062500 0.054687500 0.074218750 0.093750000 0.101562500 0.089843750 0.066406250 0.042968750 0.046875000 0.058593750 0.054687500 0.039062500 0.027343750 0.031250000 0.027343750 0.011718750 0.003906250 0.007812500 0.019531250 0.023437500 0.023437500 0.039062500 0.039062500 0.027343750 0.011718750 0.007812500 0.011718750 0.019531250 0.015625000 0.015625000 0.015625000 0.015625000 0.015625000 0.011718750 0.007812500 0.007812500 0.015625000 0.023437500 0.027343750 0.031250000 0.031250000 0.019531250 0.015625000 0.011718750 0.003906250 0.007812500 0.011718750 0.015625000 0.019531250 0.011718750 0.007812500 0.007812500 0.007812500 0.015625000 0.011718750 0.011718750 0.015625000 0.019531250 0.015625000 0.015625000 0.027343750 0.031250000 0.019531250 0.007812500 0.007812500 0.007812500 0.011718750 0.007812500 0.007812500 0.015625000 0.007812500 0.007812500 0.019531250 0.019531250 0.007812500 0.003906250 0.007812500 0.003906250 0.003906250 0.007812500 0.011718750 0.015625000 0.011718750 0.015625000 0.015625000 0.007812500 0.011718750 0.007812500 0.007812500 0.007812500 0.003906250 0.011718750 0.003906250 0.015625000 0.027343750 0.023437500 0.007812500 0.019531250 0.019531250 0.003906250 0.007812500 0.007812500 0.007812500 0.019531250 0.023437500 0.023437500 0.027343750 0.031250000 0.019531250 0.011718750 0.027343750 0.019531250 0.003906250 0.007812500 0.011718750 0.019531250 0.023437500 0.007812500 0.011718750 0.023437500 0.019531250 0.007812500 0.027343750 0.046875000 0.046875000 0.027343750 0.011718750 0.015625000 0.011718750 0.003906250 0.007812500 0.015625000 0.019531250 0.019531250 0.011718750 0.007812500 0.011718750 0.019531250 0.023437500 0.023437500 0.015625000 0.003906250 0.007812500 0.011718750 0.007812500 0.000000000 0.003906250 0.007812500 0.019531250 0.019531250 0.011718750 0.003906250 0.007812500 0.007812500 0.003906250 0.003906250 0.015625000 0.023437500 0.019531250 0.007812500 0.003906250 
0.570312500 0.574218750 0.593750000 0.671875000 0.683593750 0.726562500 1.000000000 2.125000000 1.582031250 1.449218750 0.589843750 1.167968750 1.292968750 1.695312500 1.386718750 1.515625000 0.632812500 0.773437500 1.437500000 1.953125000 3.660156250 1.820312500 4.316406250 1.261718750 3.226562500 3.511718750 0.308593750 2.027343750 0.914062500 1.058593750 0.742187500 0.632812500 0.695312500 0.234375000 0.328125000 0.613281250 0.628906250 0.820312500 0.382812500 0.546875000 0.097656250 0.105468750 0.628906250 0.449218750 0.363281250 0.265625000 0.261718750 0.203125000 0.218750000 0.210937500 0.226562500 0.230468750 0.175781250 0.156250000 0.167968750 0.156250000 0.148437500 0.128906250 0.128906250 0.117187500 0.105468750 0.105468750 0.128906250 0.070312500 0.128906250 0.089843750 0.082031250 0.101562500 0.101562500 0.078125000 0.078125000 0.097656250 0.093750000 0.078125000 0.078125000 0.070312500 0.109375000 0.082031250 0.078125000 0.097656250 0.046875000 0.113281250 0.082031250 0.105468750 0.089843750 0.113281250 0.085937500 0.093750000 0.093750000 0.113281250 0.152343750 0.128906250 0.136718750 0.113281250 0.082031250 0.085937500 0.128906250 0.097656250 0.207031250 0.117187500 0.171875000 0.160156250 0.003906250 0.101562500 0.085937500 0.113281250 0.132812500 0.074218750 0.089843750 0.023437500 0.039062500 0.046875000 0.035156250 0.042968750 0.027343750 0.042968750 0.031250000 0.046875000 0.046875000 0.023437500 0.011718750 0.019531250 0.019531250 0.050781250 0.007812500 0.023437500 0.027343750 0.039062500 0.011718750 0.023437500 0.011718750 0.023437500 0.023437500 0.078125000 0.066406250 0.039062500 0.066406250 0.011718750 0.023437500 0.023437500 0.027343750 0.031250000 0.027343750 0.023437500 0.023437500 0.031250000 0.019531250 0.011718750 0.019531250 0.019531250 0.015625000 0.011718750 0.023437500 0.007812500 0.042968750 0.046875000 0.035156250 0.042968750 0.015625000 0.019531250 0.015625000 0.027343750 0.015625000 0.019531250 0.019531250 0.015625000 0.027343750 0.011718750 0.019531250 0.027343750 0.007812500 0.003906250 0.011718750 0.015625000 0.019531250 0.011718750 0.007812500 0.031250000 0.003906250 0.015625000 0.035156250 0.019531250 0.039062500 0.019531250 0.023437500 0.011718750 0.007812500 0.023437500 0.015625000 0.015625000 0.050781250 0.007812500 0.007812500 0.046875000 0.023437500 0.031250000 0.023437500 0.046875000 0.046875000 0.046875000 0.039062500 0.062500000 0.011718750 0.058593750 0.035156250 0.070312500 0.097656250 0.035156250 0.042968750 0.062500000 0.058593750 0.011718750 0.085937500 0.074218750 0.070312500 0.058593750 0.066406250 0.054687500 0.046875000 0.093750000 0.035156250 0.078125000 0.035156250 0.027343750 0.050781250 0.031250000 0.039062500 0.023437500 0.062500000 0.027343750 0.050781250 0.039062500 0.007812500 0.042968750 0.023437500 0.062500000 0.019531250 0.027343750 0.027343750 0.019531250 0.035156250 0.019531250 0.007812500 0.007812500 0.039062500 0.007812500 0.039062500 0.011718750 0.007812500 0.019531250 0.027343750 0.019531250 0.007812500 0.035156250 0.015625000 0.027343750 0.031250000 
0.773437500 0.734375000 0.722656250 0.820312500 0.640625000 1.246093750 2.429687500 3.390625000 0.878906250 1.945312500 0.835937500 0.742187500 2.074218750 3.269531250 1.140625000 1.804687500 0.496093750 2.574218750 1.976562500 1.984375000 3.710937500 0.949218750 8.230468750 5.945312500 8.695312500 3.183593750 4.464843750 4.511718750 1.265625000 2.511718750 0.500000000 0.636718750 0.406250000 0.433593750 0.343750000 1.750000000 1.464843750 0.671875000 0.957031250 0.910156250 0.781250000 0.992187500 1.687500000 0.460937500 0.289062500 0.265625000 0.285156250 0.394531250 0.464843750 0.343750000 0.269531250 0.296875000 0.296875000 0.292968750 0.281250000 0.218750000 0.242187500 0.218750000 0.179687500 0.199218750 0.183593750 0.179687500 0.175781250 0.140625000 0.140625000 0.164062500 0.152343750 0.167968750 0.156250000 0.160156250 0.136718750 0.148437500 0.191406250 0.152343750 0.140625000 0.125000000 0.167968750 0.128906250 0.140625000 0.164062500 0.167968750 0.113281250 0.160156250 0.167968750 0.187500000 0.234375000 0.160156250 0.156250000 0.191406250 0.183593750 0.109375000 0.339843750 0.351562500 0.167968750 0.179687500 0.105468750 0.128906250 0.445312500 0.554687500 0.207031250 0.257812500 0.226562500 0.175781250 0.117187500 0.203125000 0.289062500 0.128906250 0.238281250 0.199218750 0.039062500 0.097656250 0.199218750 0.101562500 0.070312500 0.101562500 0.070312500 0.058593750 0.066406250 0.105468750 0.023437500 0.015625000 0.054687500 0.035156250 0.078125000 0.050781250 0.066406250 0.035156250 0.066406250 0.054687500 0.062500000 0.058593750 0.093750000 0.113281250 0.191406250 0.105468750 0.035156250 0.078125000 0.078125000 0.148437500 0.152343750 0.152343750 0.074218750 0.097656250 0.089843750 0.121093750 0.117187500 0.121093750 0.121093750 0.097656250 0.082031250 0.074218750 0.082031250 0.093750000 0.089843750 0.109375000 0.070312500 0.027343750 0.085937500 0.062500000 0.035156250 0.074218750 0.046875000 0.066406250 0.078125000 0.082031250 0.050781250 0.031250000 0.046875000 0.058593750 0.042968750 0.046875000 0.050781250 0.031250000 0.027343750 0.035156250 0.046875000 0.058593750 0.027343750 0.035156250 0.046875000 0.046875000 0.058593750 0.074218750 0.054687500 0.070312500 0.050781250 0.074218750 0.078125000 0.062500000 0.101562500 0.046875000 0.101562500 0.093750000 0.054687500 0.082031250 0.097656250 0.132812500 0.078125000 0.121093750 0.152343750 0.117187500 0.070312500 0.058593750 0.070312500 0.097656250 0.171875000 0.105468750 0.054687500 0.140625000 0.128906250 0.132812500 0.148437500 0.242187500 0.105468750 0.125000000 0.113281250 0.027343750 0.101562500 0.136718750 0.109375000 0.058593750 0.070312500 0.054687500 0.089843750 0.121093750 0.097656250 0.066406250 0.070312500 0.097656250 0.035156250 0.058593750 0.101562500 0.058593750 0.019531250 0.015625000 0.058593750 0.042968750 0.074218750 0.066406250 0.039062500 0.054687500 0.054687500 0.039062500 0.050781250 0.070312500 0.046875000 0.031250000 0.058593750 0.023437500 0.058593750 0.035156250 0.046875000 0.054687500 0.027343750 0.011718750 0.042968750 0.023437500 
0.476562500 0.425781250 0.527343750 0.570312500 0.925781250 0.929687500 3.304687500 3.285156250 1.175781250 1.820312500 0.910156250 1.152343750 2.421875000 4.507812500 0.527343750 0.871093750 1.039062500 1.558593750 3.179687500 6.171875000 4.183593750 3.269531250 7.300781250 9.433593750 2.109375000 9.839843750 11.578125000 1.402343750 0.863281250 3.015625000 0.480468750 0.765625000 0.578125000 0.597656250 0.429687500 1.769531250 1.589843750 0.847656250 3.089843750 3.109375000 1.039062500 1.132812500 1.636718750 0.523437500 0.191406250 0.613281250 0.687500000 0.492187500 0.621093750 0.367187500 0.496093750 0.632812500 0.515625000 0.355468750 0.433593750 0.378906250 0.371093750 0.414062500 0.343750000 0.312500000 0.316406250 0.300781250 0.257812500 0.292968750 0.250000000 0.281250000 0.289062500 0.257812500 0.269531250 0.257812500 0.242187500 0.242187500 0.218750000 0.242187500 0.175781250 0.203125000 0.191406250 0.171875000 0.191406250 0.207031250 0.191406250 0.179687500 0.210937500 0.246093750 0.210937500 0.226562500 0.207031250 0.093750000 0.273437500 0.359375000 0.285156250 0.019531250 0.328125000 0.203125000 0.558593750 0.515625000 0.296875000 0.070312500 0.816406250 0.687500000 0.539062500 1.039062500 0.687500000 0.472656250 0.125000000 0.378906250 0.101562500 0.644531250 0.332031250 0.367187500 0.250000000 0.414062500 0.117187500 0.406250000 0.550781250 0.394531250 0.316406250 0.355468750 0.312500000 0.359375000 0.273437500 0.214843750 0.238281250 0.238281250 0.195312500 0.332031250 0.347656250 0.207031250 0.179687500 0.187500000 0.222656250 0.339843750 0.437500000 0.250000000 0.175781250 0.109375000 0.031250000 0.246093750 0.554687500 0.429687500 0.140625000 0.140625000 0.121093750 0.109375000 0.269531250 0.250000000 0.058593750 0.136718750 0.082031250 0.128906250 0.207031250 0.179687500 0.062500000 0.093750000 0.046875000 0.109375000 0.175781250 0.167968750 0.113281250 0.109375000 0.125000000 0.121093750 0.132812500 0.152343750 0.031250000 0.140625000 0.097656250 0.113281250 0.179687500 0.140625000 0.113281250 0.109375000 0.144531250 0.105468750 0.125000000 0.105468750 0.156250000 0.117187500 0.105468750 0.140625000 0.121093750 0.105468750 0.136718750 0.128906250 0.117187500 0.144531250 0.156250000 0.136718750 0.191406250 0.210937500 0.144531250 0.144531250 0.066406250 0.230468750 0.273437500 0.335937500 0.195312500 0.128906250 0.164062500 0.078125000 0.273437500 0.269531250 0.234375000 0.160156250 0.144531250 0.179687500 0.308593750 0.289062500 0.394531250 0.164062500 0.023437500 0.148437500 0.371093750 0.324218750 0.300781250 0.085937500 0.152343750 0.199218750 0.312500000 0.214843750 0.167968750 0.167968750 0.132812500 0.035156250 0.171875000 0.207031250 0.113281250 0.054687500 0.027343750 0.078125000 0.132812500 0.230468750 0.105468750 0.015625000 0.085937500 0.085937500 0.070312500 0.175781250 0.144531250 0.074218750 0.050781250 0.042968750 0.066406250 0.109375000 0.140625000 0.058593750 0.062500000 0.078125000 0.089843750 0.093750000 0.082031250 0.074218750 0.101562500 0.105468750 0.082031250 0.078125000 0.078125000 
0.023437500 0.171875000 0.242187500 0.410156250 0.800781250 1.128906250 4.339843750 2.941406250 0.707031250 0.406250000 1.250000000 1.144531250 2.378906250 5.304687500 1.246093750 0.382812500 0.828125000 0.566406250 1.210937500 11.476562500 3.031250000 3.273437500 6.285156250 5.242187500 7.265625000 18.046875000 11.019531250 3.273437500 1.074218750 2.046875000 1.687500000 2.519531250 1.453125000 0.390625000 0.929687500 1.257812500 0.632812500 2.230468750 6.160156250 1.921875000 1.359375000 1.414062500 0.445312500 0.828125000 0.515625000 0.605468750 0.160156250 0.187500000 0.328125000 0.402343750 0.210937500 0.566406250 0.222656250 0.277343750 0.285156250 0.261718750 0.191406250 0.308593750 0.246093750 0.269531250 0.242187500 0.207031250 0.269531250 0.238281250 0.234375000 0.234375000 0.210937500 0.187500000 0.210937500 0.203125000 0.214843750 0.199218750 0.207031250 0.281250000 0.261718750 0.273437500 0.175781250 0.203125000 0.226562500 0.191406250 0.265625000 0.312500000 0.117187500 0.238281250 0.195312500 0.156250000 0.375000000 0.320312500 0.312500000 0.289062500 0.269531250 0.394531250 0.457031250 0.199218750 0.667968750 0.496093750 0.410156250 0.437500000 0.843750000 0.406250000 1.136718750 1.714843750 0.226562500 0.148437500 0.164062500 0.320312500 0.277343750 0.777343750 0.066406250 0.226562500 0.183593750 0.363281250 0.207031250 0.832031250 0.347656250 0.089843750 0.152343750 0.074218750 0.164062500 0.230468750 0.054687500 0.113281250 0.105468750 0.136718750 0.179687500 0.222656250 0.179687500 0.156250000 0.101562500 0.117187500 0.167968750 0.156250000 0.433593750 0.390625000 0.125000000 0.105468750 0.414062500 0.187500000 0.656250000 0.468750000 0.058593750 0.050781250 0.089843750 0.117187500 0.179687500 0.210937500 0.101562500 0.062500000 0.074218750 0.132812500 0.128906250 0.207031250 0.109375000 0.007812500 0.039062500 0.113281250 0.050781250 0.140625000 0.027343750 0.050781250 0.007812500 0.027343750 0.039062500 0.054687500 0.117187500 0.007812500 0.027343750 0.042968750 0.035156250 0.050781250 0.031250000 0.023437500 0.050781250 0.031250000 0.058593750 0.066406250 0.042968750 0.011718750 0.031250000 0.027343750 0.011718750 0.054687500 0.027343750 0.003906250 0.003906250 0.039062500 0.011718750 0.039062500 0.054687500 0.082031250 0.121093750 0.066406250 0.160156250 0.207031250 0.144531250 0.363281250 0.324218750 0.132812500 0.089843750 0.335937500 0.082031250 0.296875000 0.179687500 0.218750000 0.207031250 0.265625000 0.125000000 0.308593750 0.535156250 0.253906250 0.062500000 0.214843750 0.437500000 0.277343750 0.433593750 0.136718750 0.246093750 0.222656250 0.468750000 0.097656250 0.367187500 0.242187500 0.144531250 0.050781250 0.250000000 0.089843750 0.242187500 0.156250000 0.062500000 0.117187500 0.128906250 0.226562500 0.136718750 0.167968750 0.093750000 0.082031250 0.019531250 0.191406250 0.042968750 0.152343750 0.031250000 0.066406250 0.058593750 0.062500000 0.039062500 0.101562500 0.039062500 0.046875000 0.082031250 0.058593750 0.050781250 0.058593750 0.031250000 0.078125000 0.046875000 0.050781250 0.070312500 
0.367187500 0.324218750 0.398437500 0.523437500 0.269531250 1.281250000 5.019531250 2.906250000 1.562500000 1.316406250 1.476562500 2.218750000 4.558593750 4.714843750 1.582031250 1.105468750 1.003906250 1.531250000 2.437500000 12.968750000 1.183593750 2.421875000 3.722656250 1.031250000 3.906250000 25.007812500 5.171875000 2.531250000 2.152343750 1.679687500 3.156250000 5.839843750 1.378906250 0.234375000 0.929687500 1.371093750 2.269531250 4.363281250 6.761718750 1.773437500 0.523437500 0.937500000 0.839843750 0.679687500 1.062500000 0.312500000 0.066406250 0.082031250 0.144531250 0.140625000 0.382812500 0.304687500 0.128906250 0.078125000 0.023437500 0.085937500 0.175781250 0.007812500 0.039062500 0.039062500 0.062500000 0.011718750 0.031250000 0.031250000 0.054687500 0.003906250 0.046875000 0.011718750 0.046875000 0.046875000 0.050781250 0.042968750 0.082031250 0.093750000 0.085937500 0.136718750 0.093750000 0.062500000 0.050781250 0.066406250 0.132812500 0.164062500 0.195312500 0.167968750 0.097656250 0.136718750 0.175781250 0.132812500 0.460937500 0.207031250 0.078125000 0.195312500 0.328125000 0.285156250 0.867187500 0.335937500 0.144531250 0.125000000 0.128906250 1.339843750 1.898437500 1.367187500 0.386718750 0.234375000 0.316406250 0.644531250 0.605468750 0.546875000 0.296875000 0.023437500 0.289062500 0.359375000 0.402343750 0.804687500 0.390625000 0.160156250 0.144531250 0.273437500 0.242187500 0.308593750 0.128906250 0.027343750 0.054687500 0.039062500 0.265625000 0.312500000 0.140625000 0.105468750 0.101562500 0.105468750 0.273437500 0.320312500 0.429687500 0.386718750 0.156250000 0.296875000 0.675781250 0.429687500 0.632812500 0.519531250 0.070312500 0.148437500 0.097656250 0.210937500 0.261718750 0.183593750 0.062500000 0.042968750 0.078125000 0.261718750 0.214843750 0.187500000 0.054687500 0.085937500 0.031250000 0.156250000 0.097656250 0.101562500 0.078125000 0.042968750 0.050781250 0.058593750 0.035156250 0.042968750 0.113281250 0.054687500 0.058593750 0.039062500 0.050781250 0.070312500 0.035156250 0.011718750 0.011718750 0.007812500 0.042968750 0.078125000 0.042968750 0.027343750 0.035156250 0.023437500 0.011718750 0.039062500 0.054687500 0.023437500 0.027343750 0.027343750 0.023437500 0.031250000 0.035156250 0.093750000 0.085937500 0.109375000 0.078125000 0.296875000 0.214843750 0.390625000 0.230468750 0.160156250 0.203125000 0.394531250 0.054687500 0.367187500 0.089843750 0.269531250 0.250000000 0.261718750 0.121093750 0.304687500 0.558593750 0.324218750 0.285156250 0.382812500 0.285156250 0.207031250 0.417968750 0.273437500 0.226562500 0.187500000 0.496093750 0.097656250 0.441406250 0.140625000 0.175781250 0.093750000 0.289062500 0.035156250 0.199218750 0.128906250 0.152343750 0.054687500 0.218750000 0.128906250 0.042968750 0.214843750 0.152343750 0.109375000 0.148437500 0.101562500 0.019531250 0.093750000 0.101562500 0.089843750 0.031250000 0.050781250 0.046875000 0.023437500 0.039062500 0.023437500 0.023437500 0.011718750 0.011718750 0.007812500 0.042968750 0.027343750 0.031250000 0.015625000 0.023437500 
0.117187500 0.140625000 0.140625000 0.273437500 0.511718750 0.839843750 6.082031250 1.996093750 0.859375000 1.156250000 1.210937500 1.980468750 6.964843750 3.683593750 1.402343750 1.093750000 0.925781250 1.800781250 5.898437500 11.062500000 4.820312500 4.269531250 5.039062500 6.898437500 11.480468750 27.214843750 6.839843750 2.355468750 1.710937500 2.058593750 3.546875000 6.726562500 1.062500000 0.472656250 0.882812500 1.054687500 2.503906250 7.843750000 3.226562500 1.167968750 1.042968750 0.371093750 1.433593750 2.359375000 0.214843750 0.121093750 0.207031250 0.285156250 0.453125000 0.535156250 0.101562500 0.214843750 0.125000000 0.101562500 0.097656250 0.140625000 0.136718750 0.125000000 0.097656250 0.085937500 0.062500000 0.070312500 0.070312500 0.097656250 0.058593750 0.042968750 0.058593750 0.074218750 0.070312500 0.070312500 0.070312500 0.058593750 0.054687500 0.105468750 0.199218750 0.136718750 0.042968750 0.058593750 0.066406250 0.035156250 0.191406250 0.144531250 0.125000000 0.074218750 0.074218750 0.187500000 0.242187500 0.246093750 0.273437500 0.097656250 0.136718750 0.144531250 0.375000000 0.660156250 0.562500000 0.199218750 0.289062500 0.523437500 0.984375000 1.277343750 1.574218750 0.816406250 0.207031250 0.253906250 0.707031250 0.464843750 0.664062500 0.210937500 0.148437500 0.433593750 0.593750000 0.257812500 0.699218750 0.449218750 0.113281250 0.039062500 0.210937500 0.269531250 0.289062500 0.210937500 0.105468750 0.050781250 0.093750000 0.175781250 0.214843750 0.242187500 0.167968750 0.148437500 0.050781250 0.257812500 0.152343750 0.480468750 0.234375000 0.183593750 0.222656250 0.480468750 0.503906250 0.757812500 0.332031250 0.109375000 0.238281250 0.210937500 0.136718750 0.187500000 0.148437500 0.109375000 0.210937500 0.171875000 0.082031250 0.265625000 0.171875000 0.097656250 0.105468750 0.136718750 0.035156250 0.152343750 0.101562500 0.039062500 0.031250000 0.058593750 0.074218750 0.082031250 0.035156250 0.039062500 0.058593750 0.035156250 0.101562500 0.027343750 0.062500000 0.070312500 0.031250000 0.003906250 0.027343750 0.050781250 0.058593750 0.031250000 0.062500000 0.027343750 0.027343750 0.050781250 0.023437500 0.054687500 0.070312500 0.046875000 0.058593750 0.039062500 0.054687500 0.046875000 0.011718750 0.042968750 0.035156250 0.089843750 0.082031250 0.164062500 0.304687500 0.343750000 0.101562500 0.277343750 0.222656250 0.292968750 0.359375000 0.175781250 0.156250000 0.246093750 0.156250000 0.042968750 0.417968750 0.105468750 0.488281250 0.250000000 0.316406250 0.246093750 0.308593750 0.210937500 0.386718750 0.324218750 0.117187500 0.101562500 0.351562500 0.167968750 0.453125000 0.046875000 0.078125000 0.125000000 0.128906250 0.167968750 0.214843750 0.074218750 0.140625000 0.066406250 0.023437500 0.246093750 0.179687500 0.093750000 0.132812500 0.078125000 0.093750000 0.136718750 0.089843750 0.046875000 0.062500000 0.085937500 0.035156250 0.011718750 0.082031250 0.027343750 0.046875000 0.046875000 0.066406250 0.027343750 0.019531250 0.039062500 0.058593750 0.062500000 0.058593750 0.046875000 0.023437500 
0.750000000 0.742187500 0.757812500 0.636718750 0.996093750 0.871093750 6.386718750 1.820312500 1.617187500 1.171875000 1.445312500 1.609375000 9.500000000 1.078125000 0.324218750 0.203125000 0.949218750 1.171875000 9.992187500 6.054687500 5.726562500 5.707031250 5.566406250 11.191406250 31.597656250 19.035156250 10.648437500 6.585937500 3.609375000 3.046875000 7.230468750 4.789062500 0.582031250 0.406250000 0.601562500 1.410156250 5.671875000 5.941406250 4.503906250 2.003906250 0.687500000 1.027343750 1.593750000 2.691406250 0.320312500 0.542968750 0.488281250 0.472656250 0.476562500 0.617187500 0.281250000 0.441406250 0.277343750 0.367187500 0.265625000 0.144531250 0.242187500 0.238281250 0.226562500 0.253906250 0.195312500 0.199218750 0.183593750 0.187500000 0.148437500 0.164062500 0.164062500 0.148437500 0.148437500 0.128906250 0.148437500 0.152343750 0.109375000 0.218750000 0.062500000 0.117187500 0.078125000 0.097656250 0.109375000 0.011718750 0.175781250 0.187500000 0.203125000 0.144531250 0.195312500 0.179687500 0.316406250 0.300781250 0.250000000 0.183593750 0.203125000 0.339843750 0.449218750 0.492187500 0.089843750 0.332031250 0.250000000 0.937500000 1.265625000 1.371093750 0.878906250 0.468750000 0.199218750 0.347656250 0.949218750 0.554687500 0.089843750 0.316406250 0.152343750 0.480468750 0.566406250 0.371093750 0.359375000 0.230468750 0.054687500 0.082031250 0.367187500 0.183593750 0.371093750 0.246093750 0.085937500 0.152343750 0.257812500 0.140625000 0.156250000 0.074218750 0.085937500 0.101562500 0.218750000 0.070312500 0.230468750 0.375000000 0.179687500 0.363281250 0.355468750 0.433593750 0.539062500 0.421875000 0.050781250 0.226562500 0.285156250 0.097656250 0.187500000 0.164062500 0.066406250 0.152343750 0.136718750 0.152343750 0.199218750 0.187500000 0.101562500 0.089843750 0.140625000 0.117187500 0.140625000 0.070312500 0.046875000 0.015625000 0.039062500 0.046875000 0.042968750 0.031250000 0.070312500 0.007812500 0.031250000 0.058593750 0.082031250 0.031250000 0.031250000 0.050781250 0.027343750 0.050781250 0.015625000 0.027343750 0.023437500 0.046875000 0.019531250 0.070312500 0.042968750 0.046875000 0.062500000 0.042968750 0.027343750 0.070312500 0.011718750 0.035156250 0.042968750 0.039062500 0.058593750 0.011718750 0.039062500 0.128906250 0.140625000 0.062500000 0.187500000 0.273437500 0.148437500 0.203125000 0.187500000 0.261718750 0.304687500 0.222656250 0.109375000 0.261718750 0.164062500 0.097656250 0.296875000 0.425781250 0.191406250 0.371093750 0.296875000 0.316406250 0.265625000 0.312500000 0.097656250 0.441406250 0.109375000 0.054687500 0.062500000 0.453125000 0.109375000 0.312500000 0.093750000 0.109375000 0.023437500 0.148437500 0.042968750 0.261718750 0.039062500 0.097656250 0.031250000 0.253906250 0.058593750 0.132812500 0.074218750 0.148437500 0.070312500 0.160156250 0.082031250 0.097656250 0.058593750 0.027343750 0.027343750 0.046875000 0.019531250 0.062500000 0.046875000 0.054687500 0.039062500 0.050781250 0.027343750 0.027343750 0.050781250 0.062500000 0.003906250 0.046875000 0.015625000 
0.472656250 0.488281250 0.480468750 0.636718750 0.628906250 0.863281250 5.417968750 1.351562500 0.812500000 0.609375000 0.675781250 1.027343750 9.250000000 1.386718750 0.910156250 1.019531250 1.027343750 2.394531250 13.347656250 3.343750000 1.367187500 2.390625000 3.812500000 8.214843750 45.507812500 14.273437500 3.207031250 5.277343750 2.660156250 3.425781250 6.253906250 3.449218750 0.929687500 0.421875000 0.101562500 0.652343750 6.562500000 4.246093750 1.562500000 1.917968750 1.000000000 1.691406250 3.390625000 3.187500000 0.628906250 0.480468750 0.187500000 0.207031250 0.421875000 0.949218750 0.328125000 0.382812500 0.164062500 0.246093750 0.039062500 0.320312500 0.113281250 0.203125000 0.203125000 0.167968750 0.156250000 0.128906250 0.144531250 0.128906250 0.179687500 0.148437500 0.121093750 0.121093750 0.132812500 0.101562500 0.125000000 0.097656250 0.082031250 0.191406250 0.152343750 0.171875000 0.085937500 0.085937500 0.089843750 0.167968750 0.136718750 0.144531250 0.105468750 0.183593750 0.035156250 0.296875000 0.121093750 0.089843750 0.183593750 0.230468750 0.207031250 0.636718750 0.140625000 0.105468750 0.335937500 0.140625000 0.535156250 1.527343750 0.496093750 0.378906250 0.203125000 0.359375000 0.285156250 1.085937500 0.351562500 0.179687500 0.269531250 0.156250000 0.308593750 0.511718750 0.472656250 0.238281250 0.156250000 0.269531250 0.191406250 0.281250000 0.445312500 0.164062500 0.226562500 0.101562500 0.195312500 0.121093750 0.175781250 0.109375000 0.117187500 0.039062500 0.082031250 0.089843750 0.410156250 0.132812500 0.300781250 0.039062500 0.265625000 0.117187500 0.546875000 0.222656250 0.085937500 0.085937500 0.175781250 0.113281250 0.390625000 0.093750000 0.148437500 0.058593750 0.132812500 0.113281250 0.175781250 0.050781250 0.050781250 0.074218750 0.074218750 0.031250000 0.214843750 0.093750000 0.085937500 0.035156250 0.011718750 0.058593750 0.101562500 0.031250000 0.054687500 0.050781250 0.074218750 0.046875000 0.007812500 0.050781250 0.058593750 0.078125000 0.062500000 0.085937500 0.035156250 0.058593750 0.042968750 0.054687500 0.066406250 0.054687500 0.089843750 0.050781250 0.054687500 0.058593750 0.050781250 0.066406250 0.054687500 0.031250000 0.074218750 0.066406250 0.078125000 0.054687500 0.042968750 0.121093750 0.097656250 0.148437500 0.066406250 0.179687500 0.093750000 0.226562500 0.078125000 0.097656250 0.097656250 0.207031250 0.187500000 0.398437500 0.160156250 0.167968750 0.023437500 0.117187500 0.222656250 0.531250000 0.156250000 0.125000000 0.136718750 0.187500000 0.218750000 0.503906250 0.285156250 0.269531250 0.113281250 0.136718750 0.027343750 0.542968750 0.070312500 0.109375000 0.101562500 0.066406250 0.015625000 0.234375000 0.097656250 0.164062500 0.101562500 0.085937500 0.113281250 0.312500000 0.066406250 0.113281250 0.054687500 0.039062500 0.062500000 0.078125000 0.128906250 0.074218750 0.093750000 0.042968750 0.042968750 0.105468750 0.011718750 0.062500000 0.046875000 0.039062500 0.058593750 0.015625000 0.031250000 0.027343750 0.058593750 0.031250000 0.039062500 0.058593750 0.050781250 
0.796875000 0.804687500 0.804687500 0.828125000 0.929687500 1.007812500 3.566406250 1.667968750 1.257812500 1.070312500 1.089843750 0.472656250 8.765625000 1.453125000 1.316406250 1.492187500 2.132812500 2.753906250 10.906250000 5.000000000 2.664062500 3.203125000 3.945312500 8.992187500 44.628906250 13.984375000 4.171875000 1.062500000 1.148437500 0.621093750 2.898437500 3.687500000 1.347656250 1.292968750 0.910156250 1.062500000 5.750000000 3.828125000 1.187500000 0.492187500 0.507812500 0.781250000 3.527343750 3.460937500 1.003906250 0.562500000 0.562500000 0.488281250 0.710937500 0.957031250 0.292968750 0.410156250 0.386718750 0.285156250 0.300781250 0.207031250 0.203125000 0.265625000 0.183593750 0.187500000 0.187500000 0.164062500 0.164062500 0.132812500 0.167968750 0.144531250 0.128906250 0.148437500 0.128906250 0.121093750 0.117187500 0.132812500 0.089843750 0.121093750 0.121093750 0.117187500 0.046875000 0.125000000 0.167968750 0.089843750 0.089843750 0.078125000 0.167968750 0.101562500 0.085937500 0.300781250 0.136718750 0.093750000 0.089843750 0.238281250 0.160156250 0.503906250 0.207031250 0.128906250 0.527343750 0.265625000 0.488281250 1.136718750 0.847656250 0.226562500 0.300781250 0.472656250 0.386718750 0.808593750 0.437500000 0.226562500 0.468750000 0.128906250 0.082031250 0.507812500 0.328125000 0.082031250 0.140625000 0.207031250 0.304687500 0.425781250 0.250000000 0.074218750 0.035156250 0.125000000 0.089843750 0.007812500 0.261718750 0.089843750 0.160156250 0.121093750 0.082031250 0.144531250 0.195312500 0.214843750 0.152343750 0.109375000 0.273437500 0.273437500 0.351562500 0.230468750 0.078125000 0.156250000 0.218750000 0.074218750 0.226562500 0.218750000 0.109375000 0.042968750 0.117187500 0.109375000 0.093750000 0.078125000 0.035156250 0.074218750 0.058593750 0.027343750 0.167968750 0.128906250 0.074218750 0.027343750 0.070312500 0.066406250 0.039062500 0.011718750 0.035156250 0.046875000 0.023437500 0.042968750 0.050781250 0.042968750 0.046875000 0.054687500 0.046875000 0.039062500 0.046875000 0.027343750 0.058593750 0.019531250 0.003906250 0.027343750 0.011718750 0.027343750 0.039062500 0.031250000 0.007812500 0.035156250 0.027343750 0.046875000 0.042968750 0.011718750 0.007812500 0.011718750 0.027343750 0.046875000 0.054687500 0.074218750 0.062500000 0.109375000 0.054687500 0.109375000 0.085937500 0.160156250 0.152343750 0.171875000 0.203125000 0.250000000 0.207031250 0.128906250 0.128906250 0.070312500 0.203125000 0.316406250 0.156250000 0.082031250 0.187500000 0.117187500 0.160156250 0.429687500 0.359375000 0.082031250 0.242187500 0.035156250 0.191406250 0.296875000 0.226562500 0.078125000 0.109375000 0.097656250 0.046875000 0.128906250 0.246093750 0.027343750 0.117187500 0.015625000 0.054687500 0.152343750 0.203125000 0.062500000 0.105468750 0.042968750 0.011718750 0.046875000 0.160156250 0.031250000 0.070312500 0.011718750 0.007812500 0.042968750 0.066406250 0.031250000 0.007812500 0.027343750 0.042968750 0.007812500 0.007812500 0.011718750 0.015625000 0.015625000 0.035156250 0.027343750 0.015625000 
0.789062500 0.828125000 0.824218750 0.890625000 0.742187500 1.242187500 3.726562500 0.859375000 0.335937500 0.292968750 0.343750000 1.367187500 6.570312500 1.820312500 2.234375000 3.050781250 2.746093750 5.078125000 11.734375000 5.089843750 5.625000000 4.707031250 2.394531250 19.812500000 29.671875000 12.156250000 4.128906250 2.777343750 2.613281250 2.132812500 1.359375000 2.449218750 2.417968750 2.500000000 1.660156250 2.390625000 2.972656250 1.496093750 0.761718750 0.765625000 0.339843750 1.175781250 3.121093750 2.832031250 0.769531250 0.601562500 0.425781250 0.289062500 0.359375000 0.449218750 0.109375000 0.046875000 0.207031250 0.121093750 0.261718750 0.183593750 0.066406250 0.191406250 0.175781250 0.144531250 0.109375000 0.128906250 0.136718750 0.113281250 0.089843750 0.089843750 0.097656250 0.085937500 0.085937500 0.113281250 0.105468750 0.085937500 0.089843750 0.082031250 0.097656250 0.085937500 0.066406250 0.128906250 0.152343750 0.050781250 0.031250000 0.027343750 0.144531250 0.058593750 0.121093750 0.175781250 0.183593750 0.199218750 0.101562500 0.171875000 0.339843750 0.066406250 0.332031250 0.464843750 0.261718750 0.179687500 0.757812500 0.828125000 0.425781250 0.476562500 0.281250000 0.441406250 0.449218750 0.449218750 0.335937500 0.308593750 0.105468750 0.101562500 0.269531250 0.234375000 0.242187500 0.179687500 0.160156250 0.109375000 0.382812500 0.324218750 0.140625000 0.078125000 0.078125000 0.023437500 0.070312500 0.078125000 0.117187500 0.148437500 0.136718750 0.062500000 0.175781250 0.140625000 0.070312500 0.058593750 0.089843750 0.093750000 0.230468750 0.320312500 0.238281250 0.214843750 0.113281250 0.121093750 0.207031250 0.125000000 0.113281250 0.136718750 0.039062500 0.039062500 0.125000000 0.074218750 0.027343750 0.070312500 0.027343750 0.078125000 0.035156250 0.082031250 0.070312500 0.027343750 0.035156250 0.035156250 0.078125000 0.023437500 0.019531250 0.019531250 0.027343750 0.035156250 0.058593750 0.042968750 0.011718750 0.015625000 0.027343750 0.003906250 0.066406250 0.039062500 0.015625000 0.027343750 0.039062500 0.015625000 0.019531250 0.035156250 0.019531250 0.027343750 0.042968750 0.015625000 0.035156250 0.023437500 0.011718750 0.000000000 0.023437500 0.007812500 0.015625000 0.027343750 0.031250000 0.011718750 0.015625000 0.082031250 0.039062500 0.054687500 0.074218750 0.070312500 0.039062500 0.093750000 0.218750000 0.105468750 0.105468750 0.039062500 0.128906250 0.250000000 0.101562500 0.105468750 0.171875000 0.082031250 0.082031250 0.148437500 0.214843750 0.046875000 0.191406250 0.101562500 0.187500000 0.238281250 0.160156250 0.093750000 0.109375000 0.117187500 0.167968750 0.152343750 0.058593750 0.101562500 0.058593750 0.042968750 0.132812500 0.101562500 0.070312500 0.062500000 0.089843750 0.109375000 0.109375000 0.050781250 0.046875000 0.035156250 0.031250000 0.027343750 0.089843750 0.082031250 0.039062500 0.054687500 0.046875000 0.007812500 0.023437500 0.027343750 0.019531250 0.015625000 0.007812500 0.039062500 0.011718750 0.035156250 0.011718750 0.015625000 0.011718750 0.039062500 0.015625000 
0.593750000 0.550781250 0.558593750 0.609375000 0.496093750 0.117187500 1.453125000 1.144531250 0.753906250 1.718750000 0.972656250 1.589843750 2.765625000 3.484375000 1.429687500 2.882812500 2.261718750 7.382812500 8.847656250 4.964843750 4.636718750 3.234375000 8.964843750 12.515625000 12.382812500 6.343750000 4.140625000 2.441406250 1.628906250 0.898437500 1.152343750 1.710937500 1.250000000 1.683593750 1.078125000 1.082031250 0.593750000 1.292968750 0.304687500 1.675781250 0.550781250 1.628906250 1.179687500 1.546875000 0.316406250 0.269531250 0.199218750 0.183593750 0.144531250 0.511718750 0.261718750 0.246093750 0.117187500 0.152343750 0.105468750 0.160156250 0.179687500 0.238281250 0.164062500 0.207031250 0.156250000 0.148437500 0.156250000 0.148437500 0.152343750 0.175781250 0.187500000 0.144531250 0.125000000 0.132812500 0.105468750 0.109375000 0.136718750 0.117187500 0.125000000 0.121093750 0.156250000 0.101562500 0.105468750 0.058593750 0.082031250 0.027343750 0.121093750 0.117187500 0.148437500 0.070312500 0.250000000 0.160156250 0.039062500 0.132812500 0.039062500 0.246093750 0.144531250 0.523437500 0.203125000 0.308593750 0.167968750 0.214843750 0.472656250 0.390625000 0.269531250 0.246093750 0.179687500 0.125000000 0.183593750 0.214843750 0.003906250 0.058593750 0.074218750 0.035156250 0.093750000 0.085937500 0.199218750 0.179687500 0.265625000 0.210937500 0.117187500 0.058593750 0.097656250 0.058593750 0.062500000 0.058593750 0.074218750 0.074218750 0.093750000 0.109375000 0.109375000 0.089843750 0.082031250 0.066406250 0.031250000 0.085937500 0.113281250 0.082031250 0.167968750 0.121093750 0.078125000 0.054687500 0.144531250 0.148437500 0.125000000 0.046875000 0.085937500 0.070312500 0.015625000 0.078125000 0.031250000 0.093750000 0.101562500 0.113281250 0.074218750 0.054687500 0.042968750 0.015625000 0.039062500 0.054687500 0.093750000 0.035156250 0.035156250 0.050781250 0.039062500 0.035156250 0.039062500 0.058593750 0.074218750 0.039062500 0.082031250 0.074218750 0.078125000 0.031250000 0.046875000 0.046875000 0.046875000 0.046875000 0.039062500 0.023437500 0.046875000 0.011718750 0.066406250 0.035156250 0.027343750 0.027343750 0.019531250 0.054687500 0.058593750 0.039062500 0.023437500 0.042968750 0.046875000 0.027343750 0.046875000 0.058593750 0.054687500 0.019531250 0.074218750 0.027343750 0.015625000 0.109375000 0.085937500 0.125000000 0.136718750 0.105468750 0.050781250 0.171875000 0.082031250 0.042968750 0.019531250 0.117187500 0.035156250 0.156250000 0.164062500 0.089843750 0.062500000 0.074218750 0.046875000 0.140625000 0.191406250 0.062500000 0.019531250 0.035156250 0.031250000 0.082031250 0.082031250 0.050781250 0.058593750 0.070312500 0.058593750 0.027343750 0.066406250 0.074218750 0.023437500 0.089843750 0.027343750 0.031250000 0.042968750 0.015625000 0.011718750 0.035156250 0.066406250 0.078125000 0.074218750 0.039062500 0.050781250 0.015625000 0.031250000 0.019531250 0.039062500 0.023437500 0.023437500 0.039062500 0.042968750 0.042968750 0.019531250 0.039062500 0.027343750 0.054687500 0.039062500 
0.554687500 0.550781250 0.574218750 0.449218750 1.085937500 0.769531250 0.804687500 0.386718750 0.449218750 1.066406250 1.402343750 1.472656250 0.902343750 0.742187500 0.722656250 0.660156250 2.203125000 4.375000000 7.421875000 6.386718750 3.722656250 1.800781250 1.398437500 1.757812500 0.476562500 2.207031250 1.957031250 1.242187500 0.671875000 0.417968750 0.031250000 0.710937500 1.000000000 0.656250000 0.687500000 0.230468750 0.378906250 0.804687500 1.367187500 1.437500000 0.527343750 0.269531250 0.988281250 0.636718750 0.109375000 0.167968750 0.273437500 0.285156250 0.152343750 0.312500000 0.292968750 0.128906250 0.167968750 0.207031250 0.226562500 0.144531250 0.171875000 0.140625000 0.148437500 0.175781250 0.183593750 0.171875000 0.191406250 0.167968750 0.140625000 0.183593750 0.085937500 0.156250000 0.128906250 0.175781250 0.187500000 0.136718750 0.148437500 0.164062500 0.140625000 0.164062500 0.121093750 0.140625000 0.148437500 0.167968750 0.101562500 0.109375000 0.113281250 0.128906250 0.167968750 0.187500000 0.175781250 0.140625000 0.113281250 0.042968750 0.066406250 0.199218750 0.332031250 0.343750000 0.191406250 0.031250000 0.171875000 0.257812500 0.246093750 0.101562500 0.042968750 0.089843750 0.097656250 0.109375000 0.113281250 0.136718750 0.066406250 0.050781250 0.035156250 0.011718750 0.136718750 0.085937500 0.125000000 0.101562500 0.042968750 0.039062500 0.046875000 0.140625000 0.093750000 0.039062500 0.066406250 0.058593750 0.078125000 0.062500000 0.074218750 0.054687500 0.113281250 0.050781250 0.078125000 0.082031250 0.019531250 0.054687500 0.062500000 0.105468750 0.089843750 0.105468750 0.050781250 0.031250000 0.058593750 0.066406250 0.093750000 0.035156250 0.054687500 0.042968750 0.039062500 0.027343750 0.078125000 0.054687500 0.058593750 0.042968750 0.039062500 0.035156250 0.058593750 0.054687500 0.062500000 0.066406250 0.082031250 0.027343750 0.062500000 0.042968750 0.039062500 0.074218750 0.085937500 0.058593750 0.046875000 0.054687500 0.074218750 0.035156250 0.039062500 0.058593750 0.066406250 0.046875000 0.089843750 0.050781250 0.042968750 0.062500000 0.085937500 0.058593750 0.015625000 0.039062500 0.042968750 0.046875000 0.019531250 0.066406250 0.035156250 0.058593750 0.023437500 0.054687500 0.074218750 0.027343750 0.035156250 0.085937500 0.054687500 0.058593750 0.019531250 0.054687500 0.007812500 0.074218750 0.035156250 0.054687500 0.035156250 0.019531250 0.027343750 0.082031250 0.093750000 0.089843750 0.074218750 0.085937500 0.027343750 0.019531250 0.058593750 0.152343750 0.121093750 0.101562500 0.054687500 0.027343750 0.082031250 0.093750000 0.066406250 0.089843750 0.074218750 0.066406250 0.062500000 0.089843750 0.031250000 0.039062500 0.070312500 0.085937500 0.058593750 0.039062500 0.054687500 0.085937500 0.097656250 0.039062500 0.058593750 0.058593750 0.046875000 0.058593750 0.078125000 0.058593750 0.054687500 0.070312500 0.039062500 0.046875000 0.066406250 0.066406250 0.050781250 0.035156250 0.058593750 0.039062500 0.082031250 0.054687500 0.066406250 0.046875000 0.046875000 0.046875000 0.054687500 
0.039062500 0.070312500 0.050781250 0.261718750 0.187500000 0.351562500 0.140625000 0.707031250 0.468750000 0.261718750 0.277343750 0.214843750 0.921875000 0.253906250 0.554687500 0.500000000 0.613281250 1.167968750 1.320312500 0.496093750 0.574218750 0.902343750 0.878906250 2.050781250 2.179687500 0.382812500 0.121093750 0.164062500 0.082031250 0.156250000 0.464843750 0.113281250 0.246093750 0.269531250 0.121093750 0.105468750 0.093750000 0.140625000 0.371093750 0.437500000 0.062500000 0.468750000 0.390625000 0.488281250 0.390625000 0.210937500 0.195312500 0.214843750 0.234375000 0.066406250 0.117187500 0.015625000 0.113281250 0.050781250 0.140625000 0.113281250 0.074218750 0.074218750 0.093750000 0.089843750 0.062500000 0.062500000 0.058593750 0.085937500 0.027343750 0.027343750 0.113281250 0.093750000 0.054687500 0.003906250 0.085937500 0.054687500 0.058593750 0.097656250 0.066406250 0.019531250 0.050781250 0.070312500 0.050781250 0.058593750 0.035156250 0.082031250 0.050781250 0.058593750 0.046875000 0.046875000 0.011718750 0.023437500 0.015625000 0.082031250 0.082031250 0.093750000 0.062500000 0.109375000 0.042968750 0.070312500 0.070312500 0.007812500 0.023437500 0.054687500 0.070312500 0.109375000 0.054687500 0.035156250 0.042968750 0.054687500 0.050781250 0.050781250 0.050781250 0.050781250 0.019531250 0.039062500 0.039062500 0.039062500 0.074218750 0.015625000 0.054687500 0.031250000 0.039062500 0.007812500 0.015625000 0.035156250 0.035156250 0.039062500 0.027343750 0.015625000 0.035156250 0.050781250 0.003906250 0.015625000 0.062500000 0.050781250 0.062500000 0.035156250 0.019531250 0.023437500 0.039062500 0.011718750 0.058593750 0.039062500 0.035156250 0.027343750 0.019531250 0.023437500 0.023437500 0.027343750 0.027343750 0.007812500 0.039062500 0.039062500 0.019531250 0.027343750 0.042968750 0.046875000 0.046875000 0.027343750 0.027343750 0.019531250 0.015625000 0.035156250 0.031250000 0.031250000 0.023437500 0.062500000 0.023437500 0.023437500 0.035156250 0.011718750 0.023437500 0.023437500 0.023437500 0.054687500 0.042968750 0.027343750 0.027343750 0.019531250 0.042968750 0.019531250 0.046875000 0.019531250 0.031250000 0.027343750 0.023437500 0.039062500 0.042968750 0.054687500 0.042968750 0.035156250 0.015625000 0.011718750 0.050781250 0.011718750 0.015625000 0.046875000 0.031250000 0.050781250 0.050781250 0.015625000 0.023437500 0.015625000 0.027343750 0.023437500 0.039062500 0.007812500 0.015625000 0.007812500 0.031250000 0.023437500 0.027343750 0.035156250 0.031250000 0.031250000 0.074218750 0.023437500 0.007812500 0.039062500 0.023437500 0.031250000 0.007812500 0.023437500 0.007812500 0.050781250 0.035156250 0.046875000 0.027343750 0.015625000 0.019531250 0.011718750 0.015625000 0.019531250 0.023437500 0.003906250 0.019531250 0.074218750 0.027343750 0.027343750 0.007812500 0.023437500 0.019531250 0.011718750 0.007812500 0.027343750 0.039062500 0.023437500 0.027343750 0.027343750 0.015625000 0.027343750 0.007812500 0.015625000 0.039062500 0.011718750 0.070312500 0.011718750 0.035156250 0.023437500 0.031250000 
0.003906250 0.035156250 0.066406250 0.152343750 0.207031250 0.167968750 0.617187500 0.257812500 0.257812500 0.160156250 0.152343750 0.199218750 0.652343750 0.355468750 0.050781250 0.070312500 0.277343750 0.363281250 0.183593750 0.695312500 0.203125000 0.699218750 0.746093750 1.019531250 2.863281250 0.406250000 0.117187500 0.113281250 0.058593750 0.132812500 0.265625000 0.195312500 0.093750000 0.113281250 0.035156250 0.054687500 0.257812500 0.152343750 0.273437500 0.203125000 0.089843750 0.148437500 0.328125000 0.109375000 0.101562500 0.066406250 0.144531250 0.058593750 0.078125000 0.066406250 0.054687500 0.046875000 0.042968750 0.082031250 0.109375000 0.070312500 0.035156250 0.023437500 0.058593750 0.019531250 0.042968750 0.019531250 0.027343750 0.035156250 0.031250000 0.046875000 0.062500000 0.031250000 0.023437500 0.066406250 0.046875000 0.027343750 0.019531250 0.042968750 0.015625000 0.046875000 0.003906250 0.023437500 0.007812500 0.027343750 0.015625000 0.031250000 0.023437500 0.035156250 0.007812500 0.015625000 0.019531250 0.015625000 0.035156250 0.042968750 0.042968750 0.046875000 0.035156250 0.050781250 0.023437500 0.050781250 0.015625000 0.039062500 0.035156250 0.027343750 0.019531250 0.015625000 0.015625000 0.019531250 0.015625000 0.023437500 0.007812500 0.042968750 0.011718750 0.035156250 0.003906250 0.023437500 0.031250000 0.031250000 0.035156250 0.031250000 0.007812500 0.023437500 0.042968750 0.027343750 0.019531250 0.039062500 0.015625000 0.003906250 0.046875000 0.003906250 0.027343750 0.031250000 0.019531250 0.027343750 0.035156250 0.027343750 0.019531250 0.019531250 0.031250000 0.019531250 0.031250000 0.023437500 0.031250000 0.015625000 0.000000000 0.027343750 0.050781250 0.007812500 0.027343750 0.023437500 0.015625000 0.007812500 0.031250000 0.007812500 0.042968750 0.027343750 0.023437500 0.023437500 0.031250000 0.007812500 0.023437500 0.015625000 0.023437500 0.011718750 0.031250000 0.000000000 0.042968750 0.042968750 0.007812500 0.023437500 0.023437500 0.019531250 0.027343750 0.019531250 0.019531250 0.019531250 0.019531250 0.019531250 0.007812500 0.031250000 0.035156250 0.011718750 0.019531250 0.027343750 0.031250000 0.039062500 0.011718750 0.019531250 0.007812500 0.031250000 0.019531250 0.046875000 0.007812500 0.011718750 0.027343750 0.023437500 0.011718750 0.019531250 0.015625000 0.050781250 0.007812500 0.031250000 0.003906250 0.031250000 0.015625000 0.031250000 0.035156250 0.015625000 0.011718750 0.019531250 0.011718750 0.023437500 0.015625000 0.015625000 0.058593750 0.015625000 0.046875000 0.019531250 0.003906250 0.042968750 0.039062500 0.023437500 0.031250000 0.023437500 0.007812500 0.039062500 0.015625000 0.000000000 0.046875000 0.015625000 0.046875000 0.015625000 0.019531250 0.031250000 0.042968750 0.019531250 0.019531250 0.070312500 0.015625000 0.046875000 0.023437500 0.023437500 0.003906250 0.019531250 0.015625000 0.023437500 0.019531250 0.011718750 0.046875000 0.031250000 0.023437500 0.011718750 0.003906250 0.015625000 0.031250000 0.019531250 0.050781250 0.007812500 0.027343750 0.023437500 0.011718750 
0.023437500 0.007812500 0.050781250 0.136718750 0.179687500 0.191406250 0.500000000 0.066406250 0.152343750 0.054687500 0.121093750 0.125000000 0.453125000 0.234375000 0.191406250 0.281250000 0.007812500 0.046875000 0.425781250 0.394531250 0.277343750 0.230468750 0.207031250 0.519531250 2.390625000 0.363281250 0.382812500 0.277343750 0.308593750 0.226562500 0.265625000 0.136718750 0.136718750 0.066406250 0.097656250 0.074218750 0.265625000 0.269531250 0.238281250 0.191406250 0.027343750 0.082031250 0.414062500 0.109375000 0.093750000 0.046875000 0.062500000 0.105468750 0.015625000 0.066406250 0.121093750 0.046875000 0.046875000 0.031250000 0.093750000 0.042968750 0.039062500 0.019531250 0.054687500 0.039062500 0.050781250 0.011718750 0.042968750 0.046875000 0.019531250 0.054687500 0.023437500 0.070312500 0.046875000 0.035156250 0.042968750 0.042968750 0.031250000 0.003906250 0.019531250 0.023437500 0.027343750 0.031250000 0.019531250 0.015625000 0.054687500 0.035156250 0.035156250 0.027343750 0.031250000 0.011718750 0.023437500 0.066406250 0.027343750 0.007812500 0.046875000 0.011718750 0.046875000 0.031250000 0.035156250 0.011718750 0.015625000 0.042968750 0.019531250 0.042968750 0.015625000 0.015625000 0.035156250 0.007812500 0.019531250 0.042968750 0.023437500 0.015625000 0.039062500 0.015625000 0.046875000 0.042968750 0.015625000 0.031250000 0.023437500 0.019531250 0.035156250 0.015625000 0.027343750 0.035156250 0.015625000 0.031250000 0.011718750 0.027343750 0.023437500 0.007812500 0.042968750 0.015625000 0.054687500 0.023437500 0.042968750 0.019531250 0.039062500 0.015625000 0.035156250 0.011718750 0.023437500 0.015625000 0.027343750 0.003906250 0.003906250 0.027343750 0.035156250 0.031250000 0.035156250 0.031250000 0.015625000 0.015625000 0.019531250 0.031250000 0.046875000 0.019531250 0.023437500 0.023437500 0.023437500 0.035156250 0.031250000 0.011718750 0.011718750 0.023437500 0.046875000 0.031250000 0.031250000 0.023437500 0.023437500 0.019531250 0.023437500 0.007812500 0.027343750 0.011718750 0.023437500 0.011718750 0.003906250 0.015625000 0.023437500 0.015625000 0.023437500 0.023437500 0.000000000 0.023437500 0.011718750 0.035156250 0.023437500 0.050781250 0.011718750 0.035156250 0.007812500 0.058593750 0.000000000 0.035156250 0.039062500 0.015625000 0.019531250 0.015625000 0.007812500 0.039062500 0.031250000 0.031250000 0.019531250 0.031250000 0.003906250 0.015625000 0.023437500 0.031250000 0.019531250 0.011718750 0.011718750 0.027343750 0.003906250 0.031250000 0.062500000 0.015625000 0.023437500 0.003906250 0.011718750 0.050781250 0.015625000 0.027343750 0.046875000 0.011718750 0.035156250 0.015625000 0.023437500 0.019531250 0.019531250 0.042968750 0.015625000 0.039062500 0.019531250 0.019531250 0.039062500 0.023437500 0.003906250 0.062500000 0.023437500 0.035156250 0.031250000 0.011718750 0.035156250 0.039062500 0.015625000 0.027343750 0.035156250 0.015625000 0.054687500 0.027343750 0.027343750 0.042968750 0.039062500 0.007812500 0.011718750 0.031250000 0.023437500 0.031250000 0.011718750 0.003906250 0.000000000 
0.011718750 0.023437500 0.058593750 0.125000000 0.179687500 0.207031250 0.304687500 0.160156250 0.195312500 0.058593750 0.042968750 0.203125000 0.250000000 0.156250000 0.277343750 0.042968750 0.113281250 0.140625000 0.035156250 0.125000000 0.222656250 0.214843750 0.292968750 0.929687500 1.476562500 0.378906250 0.039062500 0.078125000 0.019531250 0.074218750 0.121093750 0.058593750 0.003906250 0.042968750 0.027343750 0.039062500 0.343750000 0.101562500 0.246093750 0.082031250 0.031250000 0.078125000 0.246093750 0.203125000 0.078125000 0.062500000 0.011718750 0.125000000 0.046875000 0.062500000 0.109375000 0.035156250 0.046875000 0.027343750 0.011718750 0.054687500 0.066406250 0.039062500 0.003906250 0.015625000 0.035156250 0.023437500 0.039062500 0.058593750 0.019531250 0.042968750 0.015625000 0.019531250 0.050781250 0.027343750 0.058593750 0.019531250 0.019531250 0.015625000 0.027343750 0.011718750 0.007812500 0.039062500 0.027343750 0.027343750 0.015625000 0.035156250 0.007812500 0.046875000 0.011718750 0.023437500 0.027343750 0.019531250 0.035156250 0.027343750 0.031250000 0.015625000 0.035156250 0.011718750 0.039062500 0.023437500 0.023437500 0.031250000 0.011718750 0.003906250 0.023437500 0.011718750 0.015625000 0.031250000 0.023437500 0.015625000 0.039062500 0.023437500 0.031250000 0.023437500 0.035156250 0.042968750 0.031250000 0.019531250 0.031250000 0.007812500 0.019531250 0.011718750 0.019531250 0.023437500 0.019531250 0.019531250 0.027343750 0.046875000 0.035156250 0.011718750 0.031250000 0.015625000 0.042968750 0.011718750 0.019531250 0.042968750 0.039062500 0.027343750 0.007812500 0.035156250 0.023437500 0.015625000 0.007812500 0.015625000 0.019531250 0.023437500 0.015625000 0.027343750 0.027343750 0.015625000 0.035156250 0.027343750 0.011718750 0.019531250 0.031250000 0.027343750 0.003906250 0.031250000 0.035156250 0.035156250 0.027343750 0.015625000 0.007812500 0.019531250 0.027343750 0.015625000 0.023437500 0.023437500 0.039062500 0.007812500 0.015625000 0.007812500 0.019531250 0.019531250 0.011718750 0.015625000 0.015625000 0.015625000 0.031250000 0.023437500 0.035156250 0.019531250 0.015625000 0.027343750 0.011718750 0.042968750 0.023437500 0.042968750 0.031250000 0.019531250 0.023437500 0.027343750 0.039062500 0.027343750 0.031250000 0.023437500 0.015625000 0.027343750 0.019531250 0.023437500 0.031250000 0.015625000 0.023437500 0.015625000 0.015625000 0.027343750 0.039062500 0.019531250 0.015625000 0.023437500 0.011718750 0.027343750 0.019531250 0.035156250 0.046875000 0.019531250 0.011718750 0.019531250 0.027343750 0.027343750 0.023437500 0.035156250 0.039062500 0.007812500 0.050781250 0.015625000 0.015625000 0.027343750 0.015625000 0.027343750 0.011718750 0.027343750 0.027343750 0.031250000 0.031250000 0.019531250 0.015625000 0.042968750 0.015625000 0.027343750 0.027343750 0.007812500 0.027343750 0.031250000 0.019531250 0.019531250 0.023437500 0.019531250 0.027343750 0.042968750 0.031250000 0.054687500 0.031250000 0.003906250 0.019531250 0.027343750 0.027343750 0.031250000 0.015625000 0.011718750 0.003906250 
0.035156250 0.050781250 0.082031250 0.117187500 0.015625000 0.027343750 0.140625000 0.183593750 0.105468750 0.164062500 0.062500000 0.136718750 0.121093750 0.093750000 0.187500000 0.054687500 0.089843750 0.066406250 0.148437500 0.093750000 0.378906250 0.093750000 0.378906250 0.566406250 0.972656250 0.238281250 0.136718750 0.140625000 0.144531250 0.062500000 0.117187500 0.062500000 0.046875000 0.042968750 0.027343750 0.066406250 0.289062500 0.117187500 0.058593750 0.171875000 0.050781250 0.132812500 0.218750000 0.117187500 0.148437500 0.070312500 0.066406250 0.019531250 0.109375000 0.058593750 0.062500000 0.101562500 0.046875000 0.039062500 0.046875000 0.011718750 0.066406250 0.011718750 0.050781250 0.019531250 0.003906250 0.027343750 0.027343750 0.046875000 0.023437500 0.003906250 0.023437500 0.050781250 0.023437500 0.023437500 0.039062500 0.019531250 0.011718750 0.015625000 0.023437500 0.003906250 0.035156250 0.019531250 0.003906250 0.023437500 0.031250000 0.031250000 0.019531250 0.023437500 0.027343750 0.027343750 0.011718750 0.015625000 0.039062500 0.027343750 0.031250000 0.019531250 0.011718750 0.027343750 0.027343750 0.015625000 0.031250000 0.035156250 0.019531250 0.011718750 0.031250000 0.019531250 0.011718750 0.035156250 0.000000000 0.031250000 0.019531250 0.023437500 0.046875000 0.023437500 0.019531250 0.023437500 0.023437500 0.019531250 0.011718750 0.035156250 0.031250000 0.011718750 0.015625000 0.042968750 0.015625000 0.015625000 0.031250000 0.054687500 0.042968750 0.023437500 0.031250000 0.015625000 0.035156250 0.015625000 0.011718750 0.039062500 0.054687500 0.000000000 0.023437500 0.035156250 0.019531250 0.023437500 0.015625000 0.031250000 0.011718750 0.015625000 0.015625000 0.015625000 0.035156250 0.003906250 0.035156250 0.015625000 0.023437500 0.027343750 0.031250000 0.015625000 0.027343750 0.023437500 0.023437500 0.023437500 0.027343750 0.007812500 0.027343750 0.027343750 0.023437500 0.011718750 0.015625000 0.027343750 0.027343750 0.015625000 0.007812500 0.011718750 0.015625000 0.007812500 0.007812500 0.007812500 0.015625000 0.019531250 0.035156250 0.015625000 0.031250000 0.023437500 0.027343750 0.011718750 0.027343750 0.023437500 0.019531250 0.050781250 0.023437500 0.015625000 0.027343750 0.027343750 0.042968750 0.027343750 0.035156250 0.007812500 0.046875000 0.007812500 0.023437500 0.015625000 0.015625000 0.023437500 0.007812500 0.027343750 0.007812500 0.027343750 0.027343750 0.000000000 0.023437500 0.011718750 0.035156250 0.011718750 0.019531250 0.042968750 0.019531250 0.031250000 0.015625000 0.023437500 0.027343750 0.023437500 0.007812500 0.015625000 0.023437500 0.023437500 0.039062500 0.023437500 0.011718750 0.023437500 0.007812500 0.015625000 0.019531250 0.011718750 0.046875000 0.011718750 0.011718750 0.007812500 0.019531250 0.027343750 0.019531250 0.023437500 0.011718750 0.019531250 0.015625000 0.027343750 0.023437500 0.023437500 0.019531250 0.007812500 0.019531250 0.023437500 0.058593750 0.046875000 0.015625000 0.015625000 0.031250000 0.019531250 0.019531250 0.027343750 0.003906250 0.011718750 0.003906250 
0.039062500 0.007812500 0.046875000 0.027343750 0.097656250 0.066406250 0.128906250 0.121093750 0.027343750 0.195312500 0.062500000 0.054687500 0.125000000 0.128906250 0.042968750 0.015625000 0.093750000 0.078125000 0.179687500 0.125000000 0.339843750 0.113281250 0.242187500 0.351562500 0.480468750 0.171875000 0.101562500 0.085937500 0.105468750 0.035156250 0.085937500 0.039062500 0.023437500 0.042968750 0.035156250 0.054687500 0.261718750 0.160156250 0.046875000 0.117187500 0.089843750 0.078125000 0.125000000 0.023437500 0.015625000 0.046875000 0.058593750 0.023437500 0.093750000 0.042968750 0.011718750 0.039062500 0.046875000 0.046875000 0.042968750 0.019531250 0.054687500 0.007812500 0.050781250 0.007812500 0.015625000 0.027343750 0.039062500 0.039062500 0.007812500 0.023437500 0.027343750 0.011718750 0.042968750 0.007812500 0.042968750 0.027343750 0.019531250 0.019531250 0.023437500 0.027343750 0.039062500 0.023437500 0.019531250 0.019531250 0.027343750 0.007812500 0.046875000 0.062500000 0.023437500 0.019531250 0.046875000 0.035156250 0.035156250 0.007812500 0.039062500 0.031250000 0.031250000 0.007812500 0.003906250 0.027343750 0.035156250 0.042968750 0.042968750 0.031250000 0.023437500 0.023437500 0.023437500 0.031250000 0.015625000 0.015625000 0.023437500 0.031250000 0.003906250 0.035156250 0.042968750 0.007812500 0.015625000 0.027343750 0.019531250 0.019531250 0.046875000 0.015625000 0.035156250 0.019531250 0.015625000 0.011718750 0.027343750 0.042968750 0.050781250 0.011718750 0.023437500 0.003906250 0.027343750 0.007812500 0.007812500 0.019531250 0.039062500 0.027343750 0.042968750 0.023437500 0.019531250 0.027343750 0.015625000 0.011718750 0.035156250 0.007812500 0.015625000 0.019531250 0.019531250 0.019531250 0.015625000 0.003906250 0.031250000 0.023437500 0.011718750 0.023437500 0.031250000 0.011718750 0.027343750 0.027343750 0.015625000 0.031250000 0.007812500 0.027343750 0.027343750 0.007812500 0.019531250 0.027343750 0.019531250 0.015625000 0.011718750 0.023437500 0.023437500 0.015625000 0.011718750 0.011718750 0.011718750 0.039062500 0.035156250 0.023437500 0.035156250 0.011718750 0.042968750 0.003906250 0.019531250 0.023437500 0.011718750 0.027343750 0.003906250 0.019531250 0.011718750 0.023437500 0.023437500 0.011718750 0.023437500 0.003906250 0.031250000 0.027343750 0.031250000 0.011718750 0.031250000 0.015625000 0.015625000 0.023437500 0.007812500 0.023437500 0.035156250 0.011718750 0.011718750 0.015625000 0.031250000 0.007812500 0.031250000 0.019531250 0.011718750 0.019531250 0.015625000 0.023437500 0.023437500 0.007812500 0.011718750 0.003906250 0.015625000 0.015625000 0.011718750 0.007812500 0.003906250 0.023437500 0.019531250 0.011718750 0.015625000 0.007812500 0.035156250 0.003906250 0.015625000 0.007812500 0.023437500 0.027343750 0.003906250 0.007812500 0.015625000 0.007812500 0.003906250 0.031250000 0.011718750 0.011718750 0.011718750 0.011718750 0.023437500 0.011718750 0.019531250 0.011718750 0.027343750 0.019531250 0.027343750 0.015625000 0.011718750 0.007812500 0.019531250 0.007812500 0.000000000 
0.042968750 0.003906250 0.046875000 0.031250000 0.093750000 0.070312500 0.058593750 0.082031250 0.191406250 0.050781250 0.070312500 0.003906250 0.054687500 0.050781250 0.019531250 0.066406250 0.031250000 0.128906250 0.164062500 0.070312500 0.136718750 0.128906250 0.148437500 0.312500000 0.414062500 0.183593750 0.066406250 0.039062500 0.101562500 0.027343750 0.027343750 0.082031250 0.007812500 0.035156250 0.101562500 0.066406250 0.218750000 0.046875000 0.128906250 0.050781250 0.035156250 0.050781250 0.132812500 0.015625000 0.011718750 0.019531250 0.015625000 0.093750000 0.042968750 0.031250000 0.015625000 0.003906250 0.066406250 0.050781250 0.023437500 0.031250000 0.019531250 0.046875000 0.027343750 0.023437500 0.027343750 0.046875000 0.003906250 0.015625000 0.035156250 0.019531250 0.046875000 0.035156250 0.015625000 0.035156250 0.031250000 0.015625000 0.031250000 0.019531250 0.031250000 0.003906250 0.042968750 0.031250000 0.019531250 0.007812500 0.035156250 0.027343750 0.042968750 0.046875000 0.042968750 0.039062500 0.035156250 0.031250000 0.027343750 0.031250000 0.011718750 0.035156250 0.042968750 0.015625000 0.027343750 0.011718750 0.039062500 0.011718750 0.070312500 0.019531250 0.027343750 0.011718750 0.015625000 0.027343750 0.007812500 0.011718750 0.011718750 0.019531250 0.027343750 0.042968750 0.023437500 0.023437500 0.023437500 0.027343750 0.035156250 0.011718750 0.031250000 0.015625000 0.027343750 0.027343750 0.031250000 0.007812500 0.027343750 0.035156250 0.031250000 0.019531250 0.023437500 0.011718750 0.027343750 0.019531250 0.023437500 0.011718750 0.019531250 0.003906250 0.054687500 0.011718750 0.011718750 0.027343750 0.023437500 0.023437500 0.031250000 0.019531250 0.019531250 0.011718750 0.027343750 0.023437500 0.015625000 0.027343750 0.007812500 0.003906250 0.007812500 0.019531250 0.027343750 0.003906250 0.023437500 0.035156250 0.011718750 0.023437500 0.015625000 0.019531250 0.035156250 0.007812500 0.027343750 0.019531250 0.011718750 0.015625000 0.011718750 0.015625000 0.023437500 0.019531250 0.007812500 0.007812500 0.019531250 0.023437500 0.019531250 0.035156250 0.031250000 0.015625000 0.023437500 0.015625000 0.007812500 0.023437500 0.007812500 0.027343750 0.019531250 0.015625000 0.011718750 0.015625000 0.007812500 0.019531250 0.015625000 0.019531250 0.015625000 0.031250000 0.019531250 0.011718750 0.035156250 0.011718750 0.007812500 0.019531250 0.011718750 0.011718750 0.019531250 0.027343750 0.015625000 0.015625000 0.023437500 0.027343750 0.011718750 0.007812500 0.015625000 0.023437500 0.023437500 0.019531250 0.007812500 0.011718750 0.007812500 0.011718750 0.023437500 0.007812500 0.007812500 0.019531250 0.011718750 0.011718750 0.003906250 0.023437500 0.015625000 0.011718750 0.023437500 0.015625000 0.015625000 0.003906250 0.015625000 0.015625000 0.019531250 0.015625000 0.000000000 0.007812500 0.007812500 0.027343750 0.015625000 0.019531250 0.007812500 0.019531250 0.015625000 0.007812500 0.007812500 0.011718750 0.031250000 0.003906250 0.011718750 0.011718750 0.015625000 0.007812500 0.015625000 0.003906250 0.011718750 
0.027343750 0.011718750 0.058593750 0.023437500 0.097656250 0.062500000 0.046875000 0.109375000 0.140625000 0.019531250 0.054687500 0.046875000 0.054687500 0.035156250 0.027343750 0.062500000 0.054687500 0.046875000 0.046875000 0.128906250 0.105468750 0.066406250 0.101562500 0.195312500 0.195312500 0.082031250 0.113281250 0.062500000 0.121093750 0.070312500 0.046875000 0.089843750 0.023437500 0.011718750 0.089843750 0.054687500 0.148437500 0.101562500 0.031250000 0.023437500 0.050781250 0.078125000 0.078125000 0.035156250 0.015625000 0.011718750 0.058593750 0.042968750 0.011718750 0.011718750 0.042968750 0.015625000 0.062500000 0.054687500 0.023437500 0.039062500 0.007812500 0.031250000 0.031250000 0.027343750 0.019531250 0.046875000 0.027343750 0.019531250 0.015625000 0.019531250 0.050781250 0.027343750 0.003906250 0.031250000 0.035156250 0.007812500 0.031250000 0.023437500 0.023437500 0.015625000 0.035156250 0.054687500 0.015625000 0.011718750 0.007812500 0.062500000 0.023437500 0.042968750 0.050781250 0.050781250 0.031250000 0.035156250 0.031250000 0.015625000 0.007812500 0.046875000 0.031250000 0.003906250 0.035156250 0.023437500 0.039062500 0.023437500 0.039062500 0.015625000 0.031250000 0.023437500 0.015625000 0.023437500 0.015625000 0.003906250 0.019531250 0.015625000 0.023437500 0.039062500 0.015625000 0.027343750 0.007812500 0.039062500 0.015625000 0.011718750 0.019531250 0.031250000 0.015625000 0.023437500 0.015625000 0.023437500 0.011718750 0.027343750 0.015625000 0.003906250 0.035156250 0.007812500 0.015625000 0.019531250 0.023437500 0.015625000 0.007812500 0.019531250 0.027343750 0.031250000 0.011718750 0.027343750 0.019531250 0.015625000 0.015625000 0.023437500 0.007812500 0.007812500 0.027343750 0.015625000 0.015625000 0.019531250 0.007812500 0.003906250 0.003906250 0.000000000 0.015625000 0.019531250 0.007812500 0.027343750 0.007812500 0.019531250 0.023437500 0.011718750 0.027343750 0.003906250 0.027343750 0.011718750 0.011718750 0.027343750 0.007812500 0.019531250 0.019531250 0.023437500 0.019531250 0.007812500 0.011718750 0.027343750 0.015625000 0.027343750 0.019531250 0.007812500 0.007812500 0.019531250 0.007812500 0.015625000 0.015625000 0.015625000 0.011718750 0.015625000 0.003906250 0.007812500 0.011718750 0.007812500 0.003906250 0.003906250 0.003906250 0.019531250 0.015625000 0.003906250 0.019531250 0.011718750 0.015625000 0.011718750 0.003906250 0.000000000 0.007812500 0.011718750 0.027343750 0.007812500 0.007812500 0.015625000 0.007812500 0.003906250 0.007812500 0.019531250 0.011718750 0.007812500 0.015625000 0.011718750 0.003906250 0.011718750 0.019531250 0.003906250 0.003906250 0.019531250 0.007812500 0.011718750 0.007812500 0.019531250 0.019531250 0.000000000 0.015625000 0.003906250 0.007812500 0.011718750 0.011718750 0.011718750 0.015625000 0.015625000 0.007812500 0.015625000 0.007812500 0.023437500 0.015625000 0.011718750 0.019531250 0.015625000 0.011718750 0.007812500 0.011718750 0.023437500 0.019531250 0.000000000 0.007812500 0.007812500 0.015625000 0.011718750 0.011718750 0.003906250 0.011718750 
0.011718750 0.019531250 0.035156250 0.031250000 0.082031250 0.031250000 0.007812500 0.070312500 0.113281250 0.062500000 0.015625000 0.015625000 0.031250000 0.011718750 0.042968750 0.085937500 0.011718750 0.058593750 0.097656250 0.074218750 0.109375000 0.019531250 0.074218750 0.117187500 0.066406250 0.082031250 0.105468750 0.082031250 0.121093750 0.062500000 0.039062500 0.101562500 0.035156250 0.007812500 0.046875000 0.105468750 0.105468750 0.070312500 0.046875000 0.054687500 0.011718750 0.039062500 0.062500000 0.039062500 0.011718750 0.023437500 0.035156250 0.019531250 0.011718750 0.027343750 0.035156250 0.070312500 0.011718750 0.015625000 0.031250000 0.031250000 0.011718750 0.011718750 0.003906250 0.000000000 0.039062500 0.054687500 0.011718750 0.039062500 0.007812500 0.019531250 0.046875000 0.023437500 0.019531250 0.015625000 0.019531250 0.003906250 0.027343750 0.007812500 0.015625000 0.019531250 0.023437500 0.050781250 0.023437500 0.007812500 0.011718750 0.031250000 0.023437500 0.011718750 0.039062500 0.027343750 0.019531250 0.011718750 0.011718750 0.011718750 0.011718750 0.035156250 0.031250000 0.015625000 0.023437500 0.035156250 0.019531250 0.007812500 0.007812500 0.019531250 0.023437500 0.019531250 0.027343750 0.015625000 0.011718750 0.007812500 0.007812500 0.011718750 0.015625000 0.015625000 0.011718750 0.015625000 0.023437500 0.023437500 0.011718750 0.011718750 0.011718750 0.015625000 0.019531250 0.023437500 0.003906250 0.003906250 0.019531250 0.011718750 0.019531250 0.015625000 0.015625000 0.027343750 0.015625000 0.015625000 0.027343750 0.015625000 0.011718750 0.011718750 0.011718750 0.023437500 0.027343750 0.019531250 0.003906250 0.003906250 0.023437500 0.007812500 0.011718750 0.019531250 0.023437500 0.003906250 0.015625000 0.023437500 0.007812500 0.007812500 0.003906250 0.015625000 0.003906250 0.003906250 0.019531250 0.003906250 0.023437500 0.011718750 0.007812500 0.011718750 0.011718750 0.011718750 0.023437500 0.003906250 0.011718750 0.031250000 0.007812500 0.011718750 0.015625000 0.007812500 0.011718750 0.015625000 0.011718750 0.011718750 0.011718750 0.003906250 0.011718750 0.007812500 0.011718750 0.011718750 0.007812500 0.011718750 0.011718750 0.015625000 0.011718750 0.011718750 0.003906250 0.011718750 0.011718750 0.003906250 0.003906250 0.003906250 0.000000000 0.007812500 0.007812500 0.007812500 0.007812500 0.007812500 0.003906250 0.011718750 0.003906250 0.003906250 0.003906250 0.015625000 0.019531250 0.007812500 0.007812500 0.007812500 0.003906250 0.007812500 0.003906250 0.011718750 0.015625000 0.011718750 0.011718750 0.007812500 0.007812500 0.007812500 0.007812500 0.007812500 0.007812500 0.015625000 0.007812500 0.003906250 0.011718750 0.015625000 0.011718750 0.007812500 0.007812500 0.007812500 0.007812500 0.003906250 0.007812500 0.015625000 0.007812500 0.019531250 0.003906250 0.007812500 0.007812500 0.015625000 0.015625000 0.003906250 0.019531250 0.015625000 0.015625000 0.007812500 0.015625000 0.015625000 0.019531250 0.007812500 0.007812500 0.003906250 0.007812500 0.003906250 0.015625000 0.003906250 0.011718750 
0.015625000 0.011718750 0.023437500 0.046875000 0.082031250 0.011718750 0.058593750 0.015625000 0.070312500 0.019531250 0.035156250 0.027343750 0.007812500 0.058593750 0.042968750 0.042968750 0.082031250 0.031250000 0.058593750 0.027343750 0.097656250 0.101562500 0.082031250 0.023437500 0.082031250 0.039062500 0.058593750 0.054687500 0.089843750 0.117187500 0.062500000 0.062500000 0.035156250 0.031250000 0.023437500 0.035156250 0.042968750 0.070312500 0.007812500 0.066406250 0.015625000 0.031250000 0.023437500 0.035156250 0.007812500 0.011718750 0.015625000 0.042968750 0.023437500 0.039062500 0.011718750 0.054687500 0.015625000 0.023437500 0.015625000 0.011718750 0.011718750 0.019531250 0.031250000 0.046875000 0.015625000 0.007812500 0.031250000 0.031250000 0.031250000 0.042968750 0.039062500 0.039062500 0.031250000 0.015625000 0.031250000 0.019531250 0.035156250 0.035156250 0.027343750 0.023437500 0.007812500 0.023437500 0.019531250 0.027343750 0.011718750 0.035156250 0.023437500 0.019531250 0.023437500 0.011718750 0.027343750 0.019531250 0.015625000 0.015625000 0.007812500 0.015625000 0.023437500 0.019531250 0.003906250 0.015625000 0.011718750 0.011718750 0.019531250 0.011718750 0.011718750 0.011718750 0.015625000 0.031250000 0.019531250 0.003906250 0.011718750 0.003906250 0.007812500 0.003906250 0.019531250 0.015625000 0.011718750 0.007812500 0.007812500 0.011718750 0.000000000 0.027343750 0.023437500 0.019531250 0.000000000 0.003906250 0.027343750 0.019531250 0.011718750 0.019531250 0.015625000 0.011718750 0.003906250 0.007812500 0.015625000 0.015625000 0.003906250 0.007812500 0.015625000 0.007812500 0.015625000 0.015625000 0.003906250 0.003906250 0.019531250 0.011718750 0.023437500 0.015625000 0.011718750 0.019531250 0.007812500 0.003906250 0.007812500 0.003906250 0.003906250 0.019531250 0.007812500 0.007812500 0.023437500 0.007812500 0.015625000 0.007812500 0.007812500 0.003906250 0.007812500 0.011718750 0.015625000 0.011718750 0.003906250 0.023437500 0.007812500 0.003906250 0.023437500 0.015625000 0.015625000 0.011718750 0.007812500 0.007812500 0.011718750 0.003906250 0.015625000 0.003906250 0.011718750 0.011718750 0.011718750 0.007812500 0.007812500 0.011718750 0.007812500 0.007812500 0.007812500 0.003906250 0.003906250 0.007812500 0.007812500 0.007812500 0.003906250 0.003906250 0.007812500 0.007812500 0.011718750 0.015625000 0.011718750 0.007812500 0.011718750 0.007812500 0.003906250 0.003906250 0.011718750 0.015625000 0.007812500 0.003906250 0.007812500 0.003906250 0.000000000 0.000000000 0.011718750 0.011718750 0.007812500 0.007812500 0.003906250 0.003906250 0.007812500 0.011718750 0.003906250 0.003906250 0.003906250 0.003906250 0.011718750 0.003906250 0.003906250 0.007812500 0.011718750 0.011718750 0.007812500 0.011718750 0.003906250 0.011718750 0.003906250 0.015625000 0.011718750 0.003906250 0.015625000 0.015625000 0.007812500 0.003906250 0.011718750 0.015625000 0.023437500 0.011718750 0.015625000 0.003906250 0.007812500 0.015625000 0.011718750 0.003906250 0.007812500 0.003906250 0.023437500 0.007812500 0.007812500 
0.007812500 0.019531250 0.000000000 0.039062500 0.054687500 0.042968750 0.027343750 0.027343750 0.042968750 0.031250000 0.007812500 0.015625000 0.027343750 0.042968750 0.023437500 0.035156250 0.070312500 0.046875000 0.019531250 0.062500000 0.042968750 0.042968750 0.066406250 0.054687500 0.058593750 0.027343750 0.039062500 0.062500000 0.015625000 0.046875000 0.066406250 0.035156250 0.003906250 0.015625000 0.003906250 0.011718750 0.000000000 0.027343750 0.042968750 0.039062500 0.023437500 0.015625000 0.039062500 0.031250000 0.003906250 0.011718750 0.019531250 0.031250000 0.011718750 0.019531250 0.031250000 0.035156250 0.035156250 0.011718750 0.019531250 0.011718750 0.011718750 0.019531250 0.027343750 0.039062500 0.027343750 0.007812500 0.035156250 0.019531250 0.019531250 0.046875000 0.039062500 0.035156250 0.035156250 0.023437500 0.023437500 0.011718750 0.035156250 0.039062500 0.015625000 0.015625000 0.015625000 0.011718750 0.011718750 0.007812500 0.011718750 0.011718750 0.007812500 0.003906250 0.007812500 0.015625000 0.019531250 0.007812500 0.007812500 0.003906250 0.007812500 0.011718750 0.015625000 0.011718750 0.003906250 0.007812500 0.011718750 0.015625000 0.015625000 0.007812500 0.003906250 0.007812500 0.011718750 0.011718750 0.011718750 0.007812500 0.003906250 0.003906250 0.000000000 0.007812500 0.011718750 0.011718750 0.011718750 0.007812500 0.003906250 0.007812500 0.015625000 0.019531250 0.007812500 0.007812500 0.011718750 0.003906250 0.015625000 0.011718750 0.007812500 0.003906250 0.003906250 0.000000000 0.003906250 0.003906250 0.011718750 0.015625000 0.003906250 0.007812500 0.007812500 0.007812500 0.007812500 0.007812500 0.003906250 0.007812500 0.015625000 0.003906250 0.019531250 0.019531250 0.003906250 0.011718750 0.007812500 0.000000000 0.003906250 0.003906250 0.007812500 0.015625000 0.007812500 0.011718750 0.019531250 0.007812500 0.011718750 0.011718750 0.003906250 0.003906250 0.003906250 0.003906250 0.011718750 0.011718750 0.003906250 0.019531250 0.011718750 0.007812500 0.015625000 0.007812500 0.003906250 0.003906250 0.003906250 0.003906250 0.007812500 0.007812500 0.007812500 0.007812500 0.000000000 0.007812500 0.003906250 0.003906250 0.003906250 0.007812500 0.007812500 0.003906250 0.011718750 0.003906250 0.007812500 0.007812500 0.003906250 0.000000000 0.003906250 0.007812500 0.007812500 0.007812500 0.007812500 0.011718750 0.011718750 0.011718750 0.011718750 0.007812500 0.007812500 0.007812500 0.007812500 0.007812500 0.003906250 0.003906250 0.003906250 0.003906250 0.003906250 0.003906250 0.007812500 0.007812500 0.007812500 0.007812500 0.003906250 0.007812500 0.007812500 0.011718750 0.007812500 0.000000000 0.003906250 0.003906250 0.011718750 0.003906250 0.003906250 0.007812500 0.011718750 0.011718750 0.007812500 0.011718750 0.007812500 0.007812500 0.007812500 0.003906250 0.000000000 0.011718750 0.011718750 0.011718750 0.007812500 0.003906250 0.011718750 0.003906250 0.011718750 0.011718750 0.003906250 0.011718750 0.007812500 0.011718750 0.011718750 0.007812500 0.003906250 0.007812500 0.015625000 0.011718750 0.000000000 
0.007812500 0.015625000 0.023437500 0.023437500 0.023437500 0.015625000 0.015625000 0.015625000 0.015625000 0.011718750 0.003906250 0.011718750 0.023437500 0.031250000 0.035156250 0.039062500 0.035156250 0.031250000 0.027343750 0.031250000 0.042968750 0.054687500 0.058593750 0.058593750 0.046875000 0.035156250 0.031250000 0.031250000 0.035156250 0.039062500 0.035156250 0.027343750 0.019531250 0.011718750 0.003906250 0.007812500 0.015625000 0.015625000 0.015625000 0.011718750 0.015625000 0.019531250 0.019531250 0.015625000 0.007812500 0.007812500 0.019531250 0.023437500 0.019531250 0.015625000 0.007812500 0.007812500 0.015625000 0.015625000 0.007812500 0.003906250 0.011718750 0.019531250 0.027343750 0.027343750 0.027343750 0.019531250 0.015625000 0.015625000 0.023437500 0.031250000 0.039062500 0.039062500 0.035156250 0.023437500 0.019531250 0.023437500 0.027343750 0.027343750 0.023437500 0.015625000 0.007812500 0.003906250 0.003906250 0.007812500 0.011718750 0.011718750 0.011718750 0.007812500 0.003906250 0.007812500 0.011718750 0.011718750 0.007812500 0.000000000 0.007812500 0.011718750 0.015625000 0.011718750 0.003906250 0.003906250 0.011718750 0.015625000 0.015625000 0.007812500 0.003906250 0.007812500 0.011718750 0.011718750 0.011718750 0.007812500 0.007812500 0.003906250 0.000000000 0.007812500 0.011718750 0.011718750 0.011718750 0.007812500 0.003906250 0.007812500 0.011718750 0.015625000 0.011718750 0.007812500 0.007812500 0.007812500 0.011718750 0.011718750 0.007812500 0.003906250 0.003906250 0.003906250 0.000000000 0.003906250 0.007812500 0.007812500 0.007812500 0.003906250 0.000000000 0.003906250 0.007812500 0.007812500 0.003906250 0.003906250 0.007812500 0.011718750 0.011718750 0.011718750 0.007812500 0.003906250 0.003906250 0.003906250 0.003906250 0.003906250 0.007812500 0.007812500 0.011718750 0.007812500 0.007812500 0.007812500 0.007812500 0.007812500 0.007812500 0.003906250 0.003906250 0.003906250 0.007812500 0.007812500 0.007812500 0.011718750 0.011718750 0.011718750 0.007812500 0.007812500 0.003906250 0.003906250 0.000000000 0.000000000 0.003906250 0.003906250 0.003906250 0.003906250 0.003906250 0.003906250 0.003906250 0.003906250 0.003906250 0.007812500 0.007812500 0.007812500 0.003906250 0.003906250 0.003906250 0.003906250 0.003906250 0.003906250 0.003906250 0.007812500 0.007812500 0.007812500 0.007812500 0.007812500 0.011718750 0.011718750 0.011718750 0.007812500 0.007812500 0.007812500 0.007812500 0.007812500 0.003906250 0.003906250 0.003906250 0.003906250 0.000000000 0.003906250 0.007812500 0.011718750 0.011718750 0.007812500 0.003906250 0.007812500 0.007812500 0.007812500 0.007812500 0.003906250 0.003906250 0.007812500 0.007812500 0.003906250 0.003906250 0.007812500 0.011718750 0.011718750 0.011718750 0.007812500 0.003906250 0.000000000 0.000000000 0.003906250 0.007812500 0.007812500 0.011718750 0.011718750 0.007812500 0.003906250 0.007812500 0.007812500 0.007812500 0.003906250 0.000000000 0.007812500 0.011718750 0.011718750 0.011718750 0.007812500 0.003906250 0.007812500 0.007812500 0.007812500 0.007812500 
0.000000000 0.000000000 0.000000000 0.000000000 0.000000000 0.000000000 0.000000000 0.000000000 0.000000000 0.000000000 0.000000000 0.000000000 0.000000000 0.000000000 0.000000000 0.000000000 0.000000000 0.000000000 0.000000000 0.000000000 0.000000000 0.000000000 0.000000000 0.000000000 0.000000000 0.000000000 0.000000000 0.000000000 0.000000000 0.000000000 0.000000000 0.000000000 0.000000000 0.000000000 0.000000000 0.000000000 0.000000000 0.000000000 0.000000000 0.000000000 0.000000000 0.000000000 0.000000000 0.000000000 0.000000000 0.000000000 0.000000000 0.000000000 0.000000000 0.000000000 0.000000000 0.000000000 0.000000000 0.000000000 0.000000000 0.000000000 0.000000000 0.000000000 0.000000000 0.000000000 0.000000000 0.000000000 0.000000000 0.000000000 0.000000000 0.000000000 0.000000000 0.000000000 0.000000000 0.000000000 0.000000000 0.000000000 0.000000000 0.000000000 0.000000000 0.000000000 0.000000000 0.000000000 0.000000000 0.000000000 0.000000000 0.000000000 0.000000000 0.000000000 0.000000000 0.000000000 0.000000000 0.000000000 0.000000000 0.000000000 0.000000000 0.000000000 0.000000000 0.000000000 0.000000000 0.000000000 0.000000000 0.000000000 0.000000000 0.000000000 0.000000000 0.000000000 0.000000000 0.000000000 0.000000000 0.000000000 0.000000000 0.000000000 0.000000000 0.000000000 0.000000000 0.000000000 0.000000000 0.000000000 0.000000000 0.000000000 0.000000000 0.000000000 0.000000000 0.000000000 0.000000000 0.000000000 0.000000000 0.000000000 0.000000000 0.000000000 0.000000000 0.000000000 0.000000000 0.000000000 0.000000000 0.000000000 0.000000000 0.000000000 0.000000000 0.000000000 0.000000000 0.000000000 0.000000000 0.000000000 0.000000000 0.000000000 0.000000000 0.000000000 0.000000000 0.000000000 0.000000000 0.000000000 0.000000000 0.000000000 0.000000000 0.000000000 0.000000000 0.000000000 0.000000000 0.000000000 0.000000000 0.000000000 0.000000000 0.000000000 0.000000000 0.000000000 0.000000000 0.000000000 0.000000000 0.000000000 0.000000000 0.000000000 0.000000000 0.000000000 0.000000000 0.000000000 0.000000000 0.000000000 0.000000000 0.000000000 0.000000000 0.000000000 0.000000000 0.000000000 0.000000000 0.000000000 0.000000000 0.000000000 0.000000000 0.000000000 0.000000000 0.000000000 0.000000000 0.000000000 0.000000000 0.000000000 0.000000000 0.000000000 0.000000000 0.000000000 0.000000000 0.000000000 0.000000000 0.000000000 0.000000000 0.000000000 0.000000000 0.000000000 0.000000000 0.000000000 0.000000000 0.000000000 0.000000000 0.000000000 0.000000000 0.000000000 0.000000000 0.000000000 0.000000000 0.000000000 0.000000000 0.000000000 0.000000000 0.000000000 0.000000000 0.000000000 0.000000000 0.000000000 0.000000000 0.000000000 0.000000000 0.000000000 0.000000000 0.000000000 0.000000000 0.000000000 0.000000000 0.000000000 0.000000000 0.000000000 0.000000000 0.000000000 0.000000000 0.000000000 0.000000000 0.000000000 0.000000000 0.000000000 0.000000000 0.000000000 0.000000000 0.000000000 0.000000000 0.000000000 0.000000000 0.000000000 0.000000000 0.000000000 0.000000000 0.000000000 0.000000000 
0.000000000 0.000000000 0.000000000 0.000000000 0.000000000 0.000000000 0.000000000 0.000000000 0.000000000 0.000000000 0.000000000 0.000000000 0.000000000 0.000000000 0.000000000 0.000000000 0.000000000 0.000000000 0.000000000 0.000000000 0.000000000 0.000000000 0.000000000 0.000000000 0.000000000 0.000000000 0.000000000 0.000000000 0.000000000 0.000000000 0.000000000 0.000000000 0.000000000 0.000000000 0.000000000 0.000000000 0.000000000 0.000000000 0.000000000 0.000000000 0.000000000 0.000000000 0.000000000 0.000000000 0.000000000 0.000000000 0.000000000 0.000000000 0.000000000 0.000000000 0.000000000 0.000000000 0.000000000 0.000000000 0.000000000 0.000000000 0.000000000 0.000000000 0.000000000 0.000000000 0.000000000 0.000000000 0.000000000 0.000000000 0.000000000 0.000000000 0.000000000 0.000000000 0.000000000 0.000000000 0.000000000 0.000000000 0.000000000 0.000000000 0.000000000 0.000000000 0.000000000 0.000000000 0.000000000 0.000000000 0.000000000 0.000000000 0.000000000 0.000000000 0.000000000 0.000000000 0.000000000 0.000000000 0.000000000 0.000000000 0.000000000 0.000000000 0.000000000 0.000000000 0.000000000 0.000000000 0.000000000 0.000000000 0.000000000 0.000000000 0.000000000 0.000000000 0.000000000 0.000000000 0.000000000 0.000000000 0.000000000 0.000000000 0.000000000 0.000000000 0.000000000 0.000000000 0.000000000 0.000000000 0.000000000 0.000000000 0.000000000 0.000000000 0.000000000 0.000000000 0.000000000 0.000000000 0.000000000 0.000000000 0.000000000 0.000000000 0.000000000 0.000000000 0.000000000 0.000000000 0.000000000 0.000000000 0.000000000 0.000000000 0.000000000 0.000000000 0.000000000 0.000000000 0.000000000 0.000000000 0.000000000 0.000000000 0.000000000 0.000000000 0.000000000 0.000000000 0.000000000 0.000000000 0.000000000 0.000000000 0.000000000 0.000000000 0.000000000 0.000000000 0.000000000 0.000000000 0.000000000 0.000000000 0.000000000 0.000000000 0.000000000 0.000000000 0.000000000 0.000000000 0.000000000 0.000000000 0.000000000 0.000000000 0.000000000 0.000000000 0.000000000 0.000000000 0.000000000 0.000000000 0.000000000 0.000000000 0.000000000 0.000000000 0.000000000 0.000000000 0.000000000 0.000000000 0.000000000 0.000000000 0.000000000 0.000000000 0.000000000 0.000000000 0.000000000 0.000000000 0.000000000 0.000000000 0.000000000 0.000000000 0.000000000 0.000000000 0.000000000 0.000000000 0.000000000 0.000000000 0.000000000 0.000000000 0.000000000 0.000000000 0.000000000 0.000000000 0.000000000 0.000000000 0.000000000 0.000000000 0.000000000 0.000000000 0.000000000 0.000000000 0.000000000 0.000000000 0.000000000 0.000000000 0.000000000 0.000000000 0.000000000 0.000000000 0.000000000 0.000000000 0.000000000 0.000000000 0.000000000 0.000000000 0.000000000 0.000000000 0.000000000 0.000000000 0.000000000 0.000000000 0.000000000 0.000000000 0.000000000 0.000000000 0.000000000 0.000000000 0.000000000 0.000000000 0.000000000 0.000000000 0.000000000 0.000000000 0.000000000 0.000000000 0.000000000 0.000000000 0.000000000 0.000000000 0.000000000 0.000000000 0.000000000 0.000000000 0.000000000 
0.000000000 0.000000000 0.000000000 0.000000000 0.000000000 0.000000000 0.000000000 0.000000000 0.000000000 0.000000000 0.000000000 0.000000000 0.000000000 0.000000000 0.000000000 0.000000000 0.000000000 0.000000000 0.000000000 0.000000000 0.000000000 0.000000000 0.000000000 0.000000000 0.000000000 0.000000000 0.000000000 0.000000000 0.000000000 0.000000000 0.000000000 0.000000000 0.000000000 0.000000000 0.000000000 0.000000000 0.000000000 0.000000000 0.000000000 0.000000000 0.000000000 0.000000000 0.000000000 0.000000000 0.000000000 0.000000000 0.000000000 0.000000000 0.000000000 0.000000000 0.000000000 0.000000000 0.000000000 0.000000000 0.000000000 0.000000000 0.000000000 0.000000000 0.000000000 0.000000000 0.000000000 0.000000000 0.000000000 0.000000000 0.000000000 0.000000000 0.000000000 0.000000000 0.000000000 0.000000000 0.000000000 0.000000000 0.000000000 0.000000000 0.000000000 0.000000000 0.000000000 0.000000000 0.000000000 0.000000000 0.000000000 0.000000000 0.000000000 0.000000000 0.000000000 0.000000000 0.000000000 0.000000000 0.000000000 0.000000000 0.000000000 0.000000000 0.000000000 0.000000000 0.000000000 0.000000000 0.000000000 0.000000000 0.000000000 0.000000000 0.000000000 0.000000000 0.000000000 0.000000000 0.000000000 0.000000000 0.000000000 0.000000000 0.000000000 0.000000000 0.000000000 0.000000000 0.000000000 0.000000000 0.000000000 0.000000000 0.000000000 0.000000000 0.000000000 0.000000000 0.000000000 0.000000000 0.000000000 0.000000000 0.000000000 0.000000000 0.000000000 0.000000000 0.000000000 0.000000000 0.000000000 0.000000000 0.000000000 0.000000000 0.000000000 0.000000000 0.000000000 0.000000000 0.000000000 0.000000000 0.000000000 0.000000000 0.000000000 0.000000000 0.000000000 0.000000000 0.000000000 0.000000000 0.000000000 0.000000000 0.000000000 0.000000000 0.000000000 0.000000000 0.000000000 0.000000000 0.000000000 0.000000000 0.000000000 0.000000000 0.000000000 0.000000000 0.000000000 0.000000000 0.000000000 0.000000000 0.000000000 0.000000000 0.000000000 0.000000000 0.000000000 0.000000000 0.000000000 0.000000000 0.000000000 0.000000000 0.000000000 0.000000000 0.000000000 0.000000000 0.000000000 0.000000000 0.000000000 0.000000000 0.000000000 0.000000000 0.000000000 0.000000000 0.000000000 0.000000000 0.000000000 0.000000000 0.000000000 0.000000000 0.000000000 0.000000000 0.000000000 0.000000000 0.000000000 0.000000000 0.000000000 0.000000000 0.000000000 0.000000000 0.000000000 0.000000000 0.000000000 0.000000000 0.000000000 0.000000000 0.000000000 0.000000000 0.000000000 0.000000000 0.000000000 0.000000000 0.000000000 0.000000000 0.000000000 0.000000000 0.000000000 0.000000000 0.000000000 0.000000000 0.000000000 0.000000000 0.000000000 0.000000000 0.000000000 0.000000000 0.000000000 0.000000000 0.000000000 0.000000000 0.000000000 0.000000000 0.000000000 0.000000000 0.000000000 0.000000000 0.000000000 0.000000000 0.000000000 0.000000000 0.000000000 0.000000000 0.000000000 0.000000000 0.000000000 0.000000000 0.000000000 0.000000000 0.000000000 0.000000000 0.000000000 0.000000000 0.000000000 
0.000000000 0.000000000 0.000000000 0.000000000 0.000000000 0.000000000 0.000000000 0.000000000 0.000000000 0.000000000 0.000000000 0.000000000 0.000000000 0.000000000 0.000000000 0.000000000 0.000000000 0.000000000 0.000000000 0.000000000 0.000000000 0.000000000 0.000000000 0.000000000 0.000000000 0.000000000 0.000000000 0.000000000 0.000000000 0.000000000 0.000000000 0.000000000 0.000000000 0.000000000 0.000000000 0.000000000 0.000000000 0.000000000 0.000000000 0.000000000 0.000000000 0.000000000 0.000000000 0.000000000 0.000000000 0.000000000 0.000000000 0.000000000 0.000000000 0.000000000 0.000000000 0.000000000 0.000000000 0.000000000 0.000000000 0.000000000 0.000000000 0.000000000 0.000000000 0.000000000 0.000000000 0.000000000 0.000000000 0.000000000 0.000000000 0.000000000 0.000000000 0.000000000 0.000000000 0.000000000 0.000000000 0.000000000 0.000000000 0.000000000 0.000000000 0.000000000 0.000000000 0.000000000 0.000000000 0.000000000 0.000000000 0.000000000 0.000000000 0.000000000 0.000000000 0.000000000 0.000000000 0.000000000 0.000000000 0.000000000 0.000000000 0.000000000 0.000000000 0.000000000 0.000000000 0.000000000 0.000000000 0.000000000 0.000000000 0.000000000 0.000000000 0.000000000 0.000000000 0.000000000 0.000000000 0.000000000 0.000000000 0.000000000 0.000000000 0.000000000 0.000000000 0.000000000 0.000000000 0.000000000 0.000000000 0.000000000 0.000000000 0.000000000 0.000000000 0.000000000 0.000000000 0.000000000 0.000000000 0.000000000 0.000000000 0.000000000 0.000000000 0.000000000 0.000000000 0.000000000 0.000000000 0.000000000 0.000000000 0.000000000 0.000000000 0.000000000 0.000000000 0.000000000 0.000000000 0.000000000 0.000000000 0.000000000 0.000000000 0.000000000 0.000000000 0.000000000 0.000000000 0.000000000 0.000000000 0.000000000 0.000000000 0.000000000 0.000000000 0.000000000 0.000000000 0.000000000 0.000000000 0.000000000 0.000000000 0.000000000 0.000000000 0.000000000 0.000000000 0.000000000 0.000000000 0.000000000 0.000000000 0.000000000 0.000000000 0.000000000 0.000000000 0.000000000 0.000000000 0.000000000 0.000000000 0.000000000 0.000000000 0.000000000 0.000000000 0.000000000 0.000000000 0.000000000 0.000000000 0.000000000 0.000000000 0.000000000 0.000000000 0.000000000 0.000000000 0.000000000 0.000000000 0.000000000 0.000000000 0.000000000 0.000000000 0.000000000 0.000000000 0.000000000 0.000000000 0.000000000 0.000000000 0.000000000 0.000000000 0.000000000 0.000000000 0.000000000 0.000000000 0.000000000 0.000000000 0.000000000 0.000000000 0.000000000 0.000000000 0.000000000 0.000000000 0.000000000 0.000000000 0.000000000 0.000000000 0.000000000 0.000000000 0.000000000 0.000000000 0.000000000 0.000000000 0.000000000 0.000000000 0.000000000 0.000000000 0.000000000 0.000000000 0.000000000 0.000000000 0.000000000 0.000000000 0.000000000 0.000000000 0.000000000 0.000000000 0.000000000 0.000000000 0.000000000 0.000000000 0.000000000 0.000000000 0.000000000 0.000000000 0.000000000 0.000000000 0.000000000 0.000000000 0.000000000 0.000000000 0.000000000 0.000000000 0.000000000 0.000000000 
0.000000000 0.000000000 0.000000000 0.000000000 0.000000000 0.000000000 0.000000000 0.000000000 0.000000000 0.000000000 0.000000000 0.000000000 0.000000000 0.000000000 0.000000000 0.000000000 0.000000000 0.000000000 0.000000000 0.000000000 0.000000000 0.000000000 0.000000000 0.000000000 0.000000000 0.000000000 0.000000000 0.000000000 0.000000000 0.000000000 0.000000000 0.000000000 0.000000000 0.000000000 0.000000000 0.000000000 0.000000000 0.000000000 0.000000000 0.000000000 0.000000000 0.000000000 0.000000000 0.000000000 0.000000000 0.000000000 0.000000000 0.000000000 0.000000000 0.000000000 0.000000000 0.000000000 0.000000000 0.000000000 0.000000000 0.000000000 0.000000000 0.000000000 0.000000000 0.000000000 0.000000000 0.000000000 0.000000000 0.000000000 0.000000000 0.000000000 0.000000000 0.000000000 0.000000000 0.000000000 0.000000000 0.000000000 0.000000000 0.000000000 0.000000000 0.000000000 0.000000000 0.000000000 0.000000000 0.000000000 0.000000000 0.000000000 0.000000000 0.000000000 0.000000000 0.000000000 0.000000000 0.000000000 0.000000000 0.000000000 0.000000000 0.000000000 0.000000000 0.000000000 0.000000000 0.000000000 0.000000000 0.000000000 0.000000000 0.000000000 0.000000000 0.000000000 0.000000000 0.000000000 0.000000000 0.000000000 0.000000000 0.000000000 0.000000000 0.000000000 0.000000000 0.000000000 0.000000000 0.000000000 0.000000000 0.000000000 0.000000000 0.000000000 0.000000000 0.000000000 0.000000000 0.000000000 0.000000000 0.000000000 0.000000000 0.000000000 0.000000000 0.000000000 0.000000000 0.000000000 0.000000000 0.000000000 0.000000000 0.000000000 0.000000000 0.000000000 0.000000000 0.000000000 0.000000000 0.000000000 0.000000000 0.000000000 0.000000000 0.000000000 0.000000000 0.000000000 0.000000000 0.000000000 0.000000000 0.000000000 0.000000000 0.000000000 0.000000000 0.000000000 0.000000000 0.000000000 0.000000000 0.000000000 0.000000000 0.000000000 0.000000000 0.000000000 0.000000000 0.000000000 0.000000000 0.000000000 0.000000000 0.000000000 0.000000000 0.000000000 0.000000000 0.000000000 0.000000000 0.000000000 0.000000000 0.000000000 0.000000000 0.000000000 0.000000000 0.000000000 0.000000000 0.000000000 0.000000000 0.000000000 0.000000000 0.000000000 0.000000000 0.000000000 0.000000000 0.000000000 0.000000000 0.000000000 0.000000000 0.000000000 0.000000000 0.000000000 0.000000000 0.000000000 0.000000000 0.000000000 0.000000000 0.000000000 0.000000000 0.000000000 0.000000000 0.000000000 0.000000000 0.000000000 0.000000000 0.000000000 0.000000000 0.000000000 0.000000000 0.000000000 0.000000000 0.000000000 0.000000000 0.000000000 0.000000000 0.000000000 0.000000000 0.000000000 0.000000000 0.000000000 0.000000000 0.000000000 0.000000000 0.000000000 0.000000000 0.000000000 0.000000000 0.000000000 0.000000000 0.000000000 0.000000000 0.000000000 0.000000000 0.000000000 0.000000000 0.000000000 0.000000000 0.000000000 0.000000000 0.000000000 0.000000000 0.000000000 0.000000000 0.000000000 0.000000000 0.000000000 0.000000000 0.000000000 0.000000000 0.000000000 0.000000000 0.000000000 0.000000000 
0.000000000 0.000000000 0.000000000 0.000000000 0.000000000 0.000000000 0.000000000 0.000000000 0.000000000 0.000000000 0.000000000 0.000000000 0.000000000 0.000000000 0.000000000 0.000000000 0.000000000 0.000000000 0.000000000 0.000000000 0.000000000 0.000000000 0.000000000 0.000000000 0.000000000 0.000000000 0.000000000 0.000000000 0.000000000 0.000000000 0.000000000 0.000000000 0.000000000 0.000000000 0.000000000 0.000000000 0.000000000 0.000000000 0.000000000 0.000000000 0.000000000 0.000000000 0.000000000 0.000000000 0.000000000 0.000000000 0.000000000 0.000000000 0.000000000 0.000000000 0.000000000 0.000000000 0.000000000 0.000000000 0.000000000 0.000000000 0.000000000 0.000000000 0.000000000 0.000000000 0.000000000 0.000000000 0.000000000 0.000000000 0.000000000 0.000000000 0.000000000 0.000000000 0.000000000 0.000000000 0.000000000 0.000000000 0.000000000 0.000000000 0.000000000 0.000000000 0.000000000 0.000000000 0.000000000 0.000000000 0.000000000 0.000000000 0.000000000 0.000000000 0.000000000 0.000000000 0.000000000 0.000000000 0.000000000 0.000000000 0.000000000 0.000000000 0.000000000 0.000000000 0.000000000 0.000000000 0.000000000 0.000000000 0.000000000 0.000000000 0.000000000 0.000000000 0.000000000 0.000000000 0.000000000 0.000000000 0.000000000 0.000000000 0.000000000 0.000000000 0.000000000 0.000000000 0.000000000 0.000000000 0.000000000 0.000000000 0.000000000 0.000000000 0.000000000 0.000000000 0.000000000 0.000000000 0.000000000 0.000000000 0.000000000 0.000000000 0.000000000 0.000000000 0.000000000 0.000000000 0.000000000 0.000000000 0.000000000 0.000000000 0.000000000 0.000000000 0.000000000 0.000000000 0.000000000 0.000000000 0.000000000 0.000000000 0.000000000 0.000000000 0.000000000 0.000000000 0.000000000 0.000000000 0.000000000 0.000000000 0.000000000 0.000000000 0.000000000 0.000000000 0.000000000 0.000000000 0.000000000 0.000000000 0.000000000 0.000000000 0.000000000 0.000000000 0.000000000 0.000000000 0.000000000 0.000000000 0.000000000 0.000000000 0.000000000 0.000000000 0.000000000 0.000000000 0.000000000 0.000000000 0.000000000 0.000000000 0.000000000 0.000000000 0.000000000 0.000000000 0.000000000 0.000000000 0.000000000 0.000000000 0.000000000 0.000000000 0.000000000 0.000000000 0.000000000 0.000000000 0.000000000 0.000000000 0.000000000 0.000000000 0.000000000 0.000000000 0.000000000 0.000000000 0.000000000 0.000000000 0.000000000 0.000000000 0.000000000 0.000000000 0.000000000 0.000000000 0.000000000 0.000000000 0.000000000 0.000000000 0.000000000 0.000000000 0.000000000 0.000000000 0.000000000 0.000000000 0.000000000 0.000000000 0.000000000 0.000000000 0.000000000 0.000000000 0.000000000 0.000000000 0.000000000 0.000000000 0.000000000 0.000000000 0.000000000 0.000000000 0.000000000 0.000000000 0.000000000 0.000000000 0.000000000 0.000000000 0.000000000 0.000000000 0.000000000 0.000000000 0.000000000 0.000000000 0.000000000 0.000000000 0.000000000 0.000000000 0.000000000 0.000000000 0.000000000 0.000000000 0.000000000 0.000000000 0.000000000 0.000000000 0.000000000 0.000000000 0.000000000 
0.035156250 0.031250000 0.027343750 0.019531250 0.019531250 0.031250000 0.042968750 0.054687500 0.062500000 0.066406250 0.066406250 0.066406250 0.058593750 0.050781250 0.039062500 0.027343750 0.019531250 0.023437500 0.039062500 0.050781250 0.062500000 0.066406250 0.066406250 0.058593750 0.050781250 0.035156250 0.019531250 0.003906250 0.007812500 0.015625000 0.015625000 0.015625000 0.011718750 0.003906250 0.003906250 0.007812500 0.015625000 0.015625000 0.015625000 0.011718750 0.007812500 0.007812500 0.003906250 0.003906250 0.003906250 0.007812500 0.007812500 0.011718750 0.011718750 0.011718750 0.011718750 0.011718750 0.007812500 0.007812500 0.011718750 0.015625000 0.015625000 0.019531250 0.015625000 0.015625000 0.007812500 0.003906250 0.000000000 0.007812500 0.007812500 0.011718750 0.011718750 0.007812500 0.003906250 0.003906250 0.007812500 0.011718750 0.015625000 0.015625000 0.015625000 0.011718750 0.011718750 0.015625000 0.023437500 0.027343750 0.031250000 0.035156250 0.035156250 0.035156250 0.042968750 0.046875000 0.054687500 0.058593750 0.062500000 0.062500000 0.062500000 0.062500000 0.070312500 0.078125000 0.085937500 0.089843750 0.093750000 0.093750000 0.085937500 0.078125000 0.074218750 0.074218750 0.074218750 0.078125000 0.078125000 0.070312500 0.062500000 0.050781250 0.035156250 0.023437500 0.019531250 0.027343750 0.031250000 0.035156250 0.035156250 0.027343750 0.023437500 0.015625000 0.011718750 0.015625000 0.019531250 0.023437500 0.027343750 0.027343750 0.023437500 0.019531250 0.019531250 0.015625000 0.015625000 0.011718750 0.011718750 0.011718750 0.007812500 0.007812500 0.007812500 0.007812500 0.007812500 0.011718750 0.011718750 0.011718750 0.011718750 0.011718750 0.011718750 0.011718750 0.011718750 0.011718750 0.011718750 0.011718750 0.011718750 0.011718750 0.011718750 0.007812500 0.003906250 0.000000000 0.003906250 0.007812500 0.007812500 0.007812500 0.007812500 0.003906250 0.003906250 0.003906250 0.007812500 0.007812500 0.011718750 0.007812500 0.007812500 0.003906250 0.003906250 0.007812500 0.015625000 0.019531250 0.019531250 0.019531250 0.019531250 0.015625000 0.007812500 0.003906250 0.003906250 0.007812500 0.007812500 0.007812500 0.007812500 0.003906250 0.003906250 0.007812500 0.011718750 0.011718750 0.015625000 0.011718750 0.007812500 0.003906250 0.000000000 0.007812500 0.011718750 0.015625000 0.015625000 0.015625000 0.015625000 0.011718750 0.007812500 0.007812500 0.007812500 0.007812500 0.007812500 0.003906250 0.003906250 0.007812500 0.011718750 0.015625000 0.019531250 0.019531250 0.019531250 0.019531250 0.015625000 0.011718750 0.007812500 0.003906250 0.003906250 0.007812500 0.007812500 0.003906250 0.003906250 0.003906250 0.003906250 0.000000000 0.003906250 0.007812500 0.011718750 0.015625000 0.019531250 0.023437500 0.023437500 0.023437500 0.019531250 0.015625000 0.011718750 0.011718750 0.011718750 0.011718750 0.011718750 0.011718750 0.007812500 0.007812500 0.007812500 0.007812500 0.007812500 0.007812500 0.003906250 0.003906250 0.000000000 0.003906250 0.007812500 0.007812500 0.007812500 0.003906250 0.003906250 
0.035156250 0.031250000 0.027343750 0.019531250 0.019531250 0.031250000 0.042968750 0.054687500 0.062500000 0.066406250 0.066406250 0.066406250 0.058593750 0.050781250 0.039062500 0.027343750 0.019531250 0.023437500 0.039062500 0.050781250 0.062500000 0.066406250 0.066406250 0.058593750 0.050781250 0.035156250 0.019531250 0.003906250 0.007812500 0.015625000 0.015625000 0.015625000 0.011718750 0.003906250 0.003906250 0.007812500 0.015625000 0.015625000 0.015625000 0.011718750 0.007812500 0.007812500 0.003906250 0.003906250 0.003906250 0.007812500 0.007812500 0.011718750 0.011718750 0.011718750 0.011718750 0.011718750 0.007812500 0.007812500 0.011718750 0.015625000 0.015625000 0.019531250 0.015625000 0.015625000 0.007812500 0.003906250 0.000000000 0.007812500 0.007812500 0.011718750 0.011718750 0.007812500 0.003906250 0.003906250 0.007812500 0.011718750 0.015625000 0.015625000 0.015625000 0.011718750 0.011718750 0.015625000 0.023437500 0.027343750 0.031250000 0.035156250 0.035156250 0.035156250 0.042968750 0.046875000 0.054687500 0.058593750 0.062500000 0.062500000 0.062500000 0.062500000 0.070312500 0.078125000 0.085937500 0.089843750 0.093750000 0.093750000 0.085937500 0.078125000 0.074218750 0.074218750 0.074218750 0.078125000 0.078125000 0.070312500 0.062500000 0.050781250 0.035156250 0.023437500 0.019531250 0.027343750 0.031250000 0.035156250 0.035156250 0.027343750 0.023437500 0.015625000 0.011718750 0.015625000 0.019531250 0.023437500 0.027343750 0.027343750 0.023437500 0.019531250 0.019531250 0.015625000 0.015625000 0.011718750 0.011718750 0.011718750 0.007812500 0.007812500 0.007812500 0.007812500 0.007812500 0.011718750 0.011718750 0.011718750 0.011718750 0.011718750 0.011718750 0.011718750 0.011718750 0.011718750 0.011718750 0.011718750 0.011718750 0.011718750 0.011718750 0.007812500 0.003906250 0.000000000 0.003906250 0.007812500 0.007812500 0.007812500 0.007812500 0.003906250 0.003906250 0.003906250 0.007812500 0.007812500 0.011718750 0.007812500 0.007812500 0.003906250 0.003906250 0.007812500 0.015625000 0.019531250 0.019531250 0.019531250 0.019531250 0.015625000 0.007812500 0.003906250 0.003906250 0.007812500 0.007812500 0.007812500 0.007812500 0.003906250 0.003906250 0.007812500 0.011718750 0.011718750 0.015625000 0.011718750 0.007812500 0.003906250 0.000000000 0.007812500 0.011718750 0.015625000 0.015625000 0.015625000 0.015625000 0.011718750 0.007812500 0.007812500 0.007812500 0.007812500 0.007812500 0.003906250 0.003906250 0.007812500 0.011718750 0.015625000 0.019531250 0.019531250 0.019531250 0.019531250 0.015625000 0.011718750 0.007812500 0.003906250 0.003906250 0.007812500 0.007812500 0.003906250 0.003906250 0.003906250 0.003906250 0.000000000 0.003906250 0.007812500 0.011718750 0.015625000 0.019531250 0.023437500 0.023437500 0.023437500 0.019531250 0.015625000 0.011718750 0.011718750 0.011718750 0.011718750 0.011718750 0.011718750 0.007812500 0.007812500 0.007812500 0.007812500 0.007812500 0.007812500 0.003906250 0.003906250 0.000000000 0.003906250 0.007812500 0.007812500 0.007812500 0.003906250 0.003906250 
0.035156250 0.031250000 0.027343750 0.019531250 0.019531250 0.031250000 0.042968750 0.054687500 0.062500000 0.066406250 0.066406250 0.066406250 0.058593750 0.050781250 0.039062500 0.027343750 0.019531250 0.023437500 0.039062500 0.050781250 0.062500000 0.066406250 0.066406250 0.058593750 0.050781250 0.035156250 0.019531250 0.003906250 0.007812500 0.015625000 0.015625000 0.015625000 0.011718750 0.003906250 0.003906250 0.007812500 0.015625000 0.015625000 0.015625000 0.011718750 0.007812500 0.007812500 0.003906250 0.003906250 0.003906250 0.007812500 0.007812500 0.011718750 0.011718750 0.011718750 0.011718750 0.011718750 0.007812500 0.007812500 0.011718750 0.015625000 0.015625000 0.019531250 0.015625000 0.015625000 0.007812500 0.003906250 0.000000000 0.007812500 0.007812500 0.011718750 0.011718750 0.007812500 0.003906250 0.003906250 0.007812500 0.011718750 0.015625000 0.015625000 0.015625000 0.011718750 0.011718750 0.015625000 0.023437500 0.027343750 0.031250000 0.035156250 0.035156250 0.035156250 0.042968750 0.046875000 0.054687500 0.058593750 0.062500000 0.062500000 0.062500000 0.062500000 0.070312500 0.078125000 0.085937500 0.089843750 0.093750000 0.093750000 0.085937500 0.078125000 0.074218750 0.074218750 0.074218750 0.078125000 0.078125000 0.070312500 0.062500000 0.050781250 0.035156250 0.023437500 0.019531250 0.027343750 0.031250000 0.035156250 0.035156250 0.027343750 0.023437500 0.015625000 0.011718750 0.015625000 0.019531250 0.023437500 0.027343750 0.027343750 0.023437500 0.019531250 0.019531250 0.015625000 0.015625000 0.011718750 0.011718750 0.011718750 0.007812500 0.007812500 0.007812500 0.007812500 0.007812500 0.011718750 0.011718750 0.011718750 0.011718750 0.011718750 0.011718750 0.011718750 0.011718750 0.011718750 0.011718750 0.011718750 0.011718750 0.011718750 0.011718750 0.007812500 0.003906250 0.000000000 0.003906250 0.007812500 0.007812500 0.007812500 0.007812500 0.003906250 0.003906250 0.003906250 0.007812500 0.007812500 0.011718750 0.007812500 0.007812500 0.003906250 0.003906250 0.007812500 0.015625000 0.019531250 0.019531250 0.019531250 0.019531250 0.015625000 0.007812500 0.003906250 0.003906250 0.007812500 0.007812500 0.007812500 0.007812500 0.003906250 0.003906250 0.007812500 0.011718750 0.011718750 0.015625000 0.011718750 0.007812500 0.003906250 0.000000000 0.007812500 0.011718750 0.015625000 0.015625000 0.015625000 0.015625000 0.011718750 0.007812500 0.007812500 0.007812500 0.007812500 0.007812500 0.003906250 0.003906250 0.007812500 0.011718750 0.015625000 0.019531250 0.019531250 0.019531250 0.019531250 0.015625000 0.011718750 0.007812500 0.003906250 0.003906250 0.007812500 0.007812500 0.003906250 0.003906250 0.003906250 0.003906250 0.000000000 0.003906250 0.007812500 0.011718750 0.015625000 0.019531250 0.023437500 0.023437500 0.023437500 0.019531250 0.015625000 0.011718750 0.011718750 0.011718750 0.011718750 0.011718750 0.011718750 0.007812500 0.007812500 0.007812500 0.007812500 0.007812500 0.007812500 0.003906250 0.003906250 0.000000000 0.003906250 0.007812500 0.007812500 0.007812500 0.003906250 0.003906250 
0.003906250 0.003906250 0.003906250 0.003906250 0.003906250 0.003906250 0.003906250 0.003906250 0.003906250 0.003906250 0.003906250 0.003906250 0.003906250 0.003906250 0.003906250 0.003906250 0.003906250 0.003906250 0.003906250 0.003906250 0.003906250 0.003906250 0.003906250 0.003906250 0.003906250 0.003906250 0.003906250 0.003906250 0.003906250 0.003906250 0.003906250 0.003906250 0.003906250 0.003906250 0.003906250 0.003906250 0.003906250 0.003906250 0.003906250 0.003906250 0.003906250 0.003906250 0.003906250 0.003906250 0.003906250 0.003906250 0.003906250 0.003906250 0.003906250 0.003906250 0.003906250 0.003906250 0.003906250 0.003906250 0.003906250 0.003906250 0.003906250 0.003906250 0.003906250 0.003906250 0.003906250 0.003906250 0.003906250 0.003906250 0.003906250 0.003906250 0.003906250 0.003906250 0.003906250 0.003906250 0.003906250 0.003906250 0.003906250 0.003906250 0.003906250 0.003906250 0.003906250 0.003906250 0.003906250 0.003906250 0.003906250 0.003906250 0.003906250 0.003906250 0.003906250 0.003906250 0.003906250 0.003906250 0.003906250 0.003906250 0.003906250 0.003906250 0.003906250 0.003906250 0.003906250 0.003906250 0.003906250 0.003906250 0.003906250 0.003906250 0.003906250 0.003906250 0.003906250 0.003906250 0.003906250 0.003906250 0.003906250 0.003906250 0.003906250 0.003906250 0.003906250 0.003906250 0.003906250 0.003906250 0.003906250 0.003906250 0.003906250 0.003906250 0.003906250 0.003906250 0.003906250 0.003906250 0.003906250 0.003906250 0.003906250 0.003906250 0.003906250 0.003906250 0.003906250 0.003906250 0.003906250 0.003906250 0.003906250 0.003906250 0.003906250 0.003906250 0.003906250 0.003906250 0.003906250 0.003906250 0.003906250 0.003906250 0.003906250 0.003906250 0.003906250 0.003906250 0.003906250 0.003906250 0.003906250 0.003906250 0.003906250 0.003906250 0.003906250 0.003906250 0.003906250 0.003906250 0.003906250 0.003906250 0.003906250 0.003906250 0.003906250 0.003906250 0.003906250 0.003906250 0.003906250 0.003906250 0.003906250 0.003906250 0.003906250 0.003906250 0.003906250 0.003906250 0.003906250 0.003906250 0.003906250 0.003906250 0.003906250 0.003906250 0.003906250 0.003906250 0.003906250 0.003906250 0.003906250 0.003906250 0.003906250 0.003906250 0.003906250 0.003906250 0.003906250 0.003906250 0.003906250 0.003906250 0.003906250 0.003906250 0.003906250 0.003906250 0.003906250 0.003906250 0.003906250 0.003906250 0.003906250 0.003906250 0.003906250 0.003906250 0.003906250 0.003906250 0.003906250 0.003906250 0.003906250 0.003906250 0.003906250 0.003906250 0.003906250 0.003906250 0.003906250 0.003906250 0.003906250 0.003906250 0.003906250 0.003906250 0.003906250 0.003906250 0.003906250 0.003906250 0.003906250 0.003906250 0.003906250 0.003906250 0.003906250 0.003906250 0.003906250 0.003906250 0.003906250 0.003906250 0.003906250 0.003906250 0.003906250 0.003906250 0.003906250 0.003906250 0.003906250 0.003906250 0.003906250 0.003906250 0.003906250 0.003906250 0.003906250 0.003906250 0.003906250 0.003906250 0.003906250 0.003906250 0.003906250 0.003906250 0.003906250 0.003906250 0.003906250 
0.003906250 0.003906250 0.011718750 0.019531250 0.019531250 0.015625000 0.015625000 0.015625000 0.007812500 0.003906250 0.000000000 0.007812500 0.011718750 0.007812500 0.003906250 0.007812500 0.003906250 0.007812500 0.015625000 0.011718750 0.003906250 0.007812500 0.011718750 0.003906250 0.003906250 0.007812500 0.003906250 0.003906250 0.007812500 0.007812500 0.011718750 0.007812500 0.003906250 0.007812500 0.011718750 0.011718750 0.015625000 0.015625000 0.007812500 0.007812500 0.007812500 0.007812500 0.011718750 0.015625000 0.011718750 0.011718750 0.011718750 0.011718750 0.011718750 0.007812500 0.011718750 0.019531250 0.023437500 0.015625000 0.007812500 0.003906250 0.000000000 0.007812500 0.011718750 0.003906250 0.003906250 0.011718750 0.007812500 0.003906250 0.003906250 0.003906250 0.003906250 0.003906250 0.007812500 0.011718750 0.015625000 0.007812500 0.003906250 0.011718750 0.011718750 0.007812500 0.007812500 0.003906250 0.003906250 0.007812500 0.011718750 0.011718750 0.011718750 0.007812500 0.003906250 0.007812500 0.003906250 0.003906250 0.003906250 0.003906250 0.015625000 0.023437500 0.023437500 0.019531250 0.011718750 0.011718750 0.007812500 0.003906250 0.000000000 0.007812500 0.015625000 0.015625000 0.011718750 0.007812500 0.003906250 0.003906250 0.007812500 0.007812500 0.003906250 0.011718750 0.015625000 0.003906250 0.007812500 0.011718750 0.011718750 0.007812500 0.003906250 0.003906250 0.007812500 0.007812500 0.003906250 0.007812500 0.007812500 0.003906250 0.003906250 0.007812500 0.007812500 0.007812500 0.007812500 0.003906250 0.011718750 0.019531250 0.015625000 0.011718750 0.011718750 0.011718750 0.011718750 0.007812500 0.011718750 0.019531250 0.023437500 0.015625000 0.007812500 0.000000000 0.000000000 0.007812500 0.011718750 0.011718750 0.011718750 0.019531250 0.015625000 0.007812500 0.003906250 0.007812500 0.003906250 0.000000000 0.000000000 0.007812500 0.007812500 0.003906250 0.003906250 0.011718750 0.011718750 0.003906250 0.003906250 0.007812500 0.007812500 0.011718750 0.011718750 0.003906250 0.007812500 0.011718750 0.007812500 0.003906250 0.003906250 0.003906250 0.003906250 0.003906250 0.011718750 0.019531250 0.023437500 0.011718750 0.003906250 0.007812500 0.007812500 0.007812500 0.007812500 0.011718750 0.015625000 0.019531250 0.019531250 0.011718750 0.003906250 0.003906250 0.011718750 0.011718750 0.007812500 0.007812500 0.011718750 0.003906250 0.007812500 0.015625000 0.011718750 0.003906250 0.003906250 0.003906250 0.003906250 0.007812500 0.007812500 0.000000000 0.007812500 0.007812500 0.011718750 0.011718750 0.007812500 0.003906250 0.007812500 0.003906250 0.007812500 0.015625000 0.015625000 0.003906250 0.007812500 0.011718750 0.007812500 0.003906250 0.003906250 0.007812500 0.015625000 0.015625000 0.011718750 0.003906250 0.003906250 0.011718750 0.019531250 0.019531250 0.019531250 0.019531250 0.015625000 0.007812500 0.003906250 0.007812500 0.003906250 0.003906250 0.011718750 0.007812500 0.003906250 0.003906250 0.003906250 0.007812500 0.007812500 0.003906250 0.011718750 0.011718750 0.007812500 0.007812500 0.011718750 
0.019531250 0.019531250 0.023437500 0.035156250 0.011718750 0.031250000 0.035156250 0.011718750 0.027343750 0.023437500 0.015625000 0.027343750 0.011718750 0.015625000 0.007812500 0.003906250 0.011718750 0.003906250 0.019531250 0.007812500 0.007812500 0.011718750 0.007812500 0.007812500 0.011718750 0.007812500 0.003906250 0.007812500 0.007812500 0.007812500 0.023437500 0.015625000 0.007812500 0.011718750 0.011718750 0.023437500 0.007812500 0.019531250 0.007812500 0.003906250 0.015625000 0.007812500 0.015625000 0.011718750 0.015625000 0.015625000 0.011718750 0.007812500 0.015625000 0.007812500 0.015625000 0.019531250 0.027343750 0.007812500 0.015625000 0.003906250 0.000000000 0.000000000 0.015625000 0.007812500 0.007812500 0.011718750 0.011718750 0.003906250 0.003906250 0.003906250 0.011718750 0.007812500 0.003906250 0.011718750 0.023437500 0.011718750 0.015625000 0.011718750 0.007812500 0.015625000 0.007812500 0.015625000 0.007812500 0.015625000 0.019531250 0.015625000 0.007812500 0.023437500 0.007812500 0.015625000 0.015625000 0.015625000 0.019531250 0.027343750 0.015625000 0.046875000 0.035156250 0.011718750 0.039062500 0.019531250 0.027343750 0.023437500 0.015625000 0.019531250 0.027343750 0.000000000 0.019531250 0.015625000 0.003906250 0.007812500 0.015625000 0.003906250 0.011718750 0.015625000 0.015625000 0.007812500 0.011718750 0.019531250 0.007812500 0.007812500 0.015625000 0.011718750 0.011718750 0.019531250 0.011718750 0.015625000 0.007812500 0.011718750 0.003906250 0.011718750 0.003906250 0.007812500 0.007812500 0.000000000 0.007812500 0.031250000 0.011718750 0.015625000 0.011718750 0.007812500 0.011718750 0.011718750 0.011718750 0.019531250 0.023437500 0.023437500 0.003906250 0.003906250 0.011718750 0.015625000 0.007812500 0.015625000 0.011718750 0.015625000 0.027343750 0.007812500 0.000000000 0.007812500 0.003906250 0.007812500 0.003906250 0.003906250 0.007812500 0.011718750 0.011718750 0.015625000 0.015625000 0.000000000 0.003906250 0.011718750 0.003906250 0.011718750 0.011718750 0.007812500 0.007812500 0.007812500 0.019531250 0.011718750 0.007812500 0.007812500 0.011718750 0.027343750 0.011718750 0.027343750 0.035156250 0.011718750 0.023437500 0.015625000 0.015625000 0.019531250 0.019531250 0.003906250 0.027343750 0.019531250 0.019531250 0.027343750 0.011718750 0.015625000 0.019531250 0.003906250 0.023437500 0.007812500 0.015625000 0.003906250 0.007812500 0.023437500 0.011718750 0.000000000 0.011718750 0.007812500 0.015625000 0.007812500 0.011718750 0.007812500 0.015625000 0.011718750 0.003906250 0.019531250 0.003906250 0.007812500 0.007812500 0.003906250 0.011718750 0.015625000 0.023437500 0.000000000 0.007812500 0.015625000 0.007812500 0.007812500 0.000000000 0.019531250 0.007812500 0.019531250 0.019531250 0.015625000 0.015625000 0.027343750 0.003906250 0.027343750 0.019531250 0.011718750 0.023437500 0.011718750 0.007812500 0.011718750 0.011718750 0.007812500 0.015625000 0.003906250 0.015625000 0.011718750 0.003906250 0.007812500 0.011718750 0.015625000 0.015625000 0.007812500 0.007812500 0.015625000 0.003906250 
0.019531250 0.035156250 0.019531250 0.042968750 0.015625000 0.050781250 0.007812500 0.023437500 0.039062500 0.023437500 0.019531250 0.023437500 0.019531250 0.031250000 0.011718750 0.015625000 0.011718750 0.023437500 0.011718750 0.023437500 0.023437500 0.023437500 0.027343750 0.015625000 0.007812500 0.011718750 0.003906250 0.011718750 0.019531250 0.027343750 0.035156250 0.011718750 0.007812500 0.031250000 0.027343750 0.015625000 0.015625000 0.023437500 0.000000000 0.011718750 0.019531250 0.027343750 0.035156250 0.003906250 0.011718750 0.015625000 0.019531250 0.003906250 0.019531250 0.011718750 0.019531250 0.031250000 0.011718750 0.007812500 0.019531250 0.015625000 0.019531250 0.019531250 0.027343750 0.015625000 0.003906250 0.011718750 0.019531250 0.019531250 0.015625000 0.007812500 0.011718750 0.011718750 0.019531250 0.023437500 0.011718750 0.023437500 0.019531250 0.015625000 0.023437500 0.031250000 0.015625000 0.007812500 0.007812500 0.019531250 0.019531250 0.015625000 0.007812500 0.031250000 0.003906250 0.027343750 0.015625000 0.027343750 0.027343750 0.023437500 0.031250000 0.039062500 0.039062500 0.019531250 0.042968750 0.015625000 0.023437500 0.031250000 0.031250000 0.007812500 0.027343750 0.019531250 0.042968750 0.019531250 0.007812500 0.003906250 0.027343750 0.011718750 0.019531250 0.027343750 0.027343750 0.007812500 0.015625000 0.015625000 0.003906250 0.003906250 0.011718750 0.011718750 0.015625000 0.023437500 0.019531250 0.035156250 0.019531250 0.007812500 0.023437500 0.011718750 0.015625000 0.015625000 0.003906250 0.011718750 0.003906250 0.031250000 0.019531250 0.027343750 0.019531250 0.011718750 0.019531250 0.019531250 0.019531250 0.023437500 0.019531250 0.031250000 0.003906250 0.011718750 0.007812500 0.023437500 0.015625000 0.015625000 0.011718750 0.011718750 0.027343750 0.011718750 0.003906250 0.015625000 0.015625000 0.015625000 0.015625000 0.011718750 0.003906250 0.011718750 0.011718750 0.023437500 0.019531250 0.003906250 0.011718750 0.027343750 0.015625000 0.003906250 0.015625000 0.007812500 0.007812500 0.015625000 0.015625000 0.019531250 0.011718750 0.007812500 0.019531250 0.027343750 0.011718750 0.027343750 0.035156250 0.011718750 0.027343750 0.015625000 0.015625000 0.015625000 0.019531250 0.007812500 0.042968750 0.011718750 0.003906250 0.039062500 0.007812500 0.015625000 0.019531250 0.007812500 0.027343750 0.000000000 0.011718750 0.007812500 0.019531250 0.015625000 0.019531250 0.011718750 0.015625000 0.003906250 0.023437500 0.007812500 0.015625000 0.007812500 0.027343750 0.007812500 0.003906250 0.019531250 0.007812500 0.011718750 0.015625000 0.011718750 0.011718750 0.015625000 0.027343750 0.007812500 0.015625000 0.011718750 0.011718750 0.023437500 0.011718750 0.019531250 0.003906250 0.007812500 0.031250000 0.007812500 0.019531250 0.023437500 0.011718750 0.035156250 0.011718750 0.011718750 0.035156250 0.007812500 0.007812500 0.007812500 0.015625000 0.011718750 0.019531250 0.003906250 0.019531250 0.019531250 0.007812500 0.007812500 0.015625000 0.007812500 0.023437500 0.003906250 0.007812500 0.015625000 0.003906250 
0.062500000 0.011718750 0.039062500 0.007812500 0.062500000 0.031250000 0.066406250 0.054687500 0.058593750 0.042968750 0.050781250 0.050781250 0.011718750 0.031250000 0.023437500 0.031250000 0.023437500 0.015625000 0.031250000 0.042968750 0.035156250 0.019531250 0.035156250 0.011718750 0.011718750 0.003906250 0.019531250 0.027343750 0.042968750 0.046875000 0.023437500 0.031250000 0.035156250 0.015625000 0.031250000 0.003906250 0.000000000 0.007812500 0.015625000 0.015625000 0.027343750 0.023437500 0.019531250 0.019531250 0.011718750 0.007812500 0.007812500 0.011718750 0.031250000 0.019531250 0.015625000 0.035156250 0.019531250 0.003906250 0.011718750 0.007812500 0.027343750 0.027343750 0.019531250 0.023437500 0.011718750 0.015625000 0.019531250 0.019531250 0.011718750 0.019531250 0.007812500 0.023437500 0.019531250 0.023437500 0.011718750 0.031250000 0.011718750 0.015625000 0.015625000 0.027343750 0.042968750 0.007812500 0.019531250 0.019531250 0.003906250 0.027343750 0.015625000 0.019531250 0.011718750 0.031250000 0.011718750 0.011718750 0.042968750 0.015625000 0.027343750 0.050781250 0.062500000 0.011718750 0.046875000 0.019531250 0.058593750 0.035156250 0.074218750 0.031250000 0.039062500 0.050781250 0.074218750 0.003906250 0.011718750 0.039062500 0.054687500 0.031250000 0.027343750 0.019531250 0.031250000 0.023437500 0.023437500 0.015625000 0.015625000 0.011718750 0.019531250 0.007812500 0.019531250 0.039062500 0.003906250 0.023437500 0.027343750 0.011718750 0.023437500 0.023437500 0.027343750 0.007812500 0.011718750 0.011718750 0.007812500 0.023437500 0.015625000 0.015625000 0.015625000 0.011718750 0.027343750 0.019531250 0.011718750 0.011718750 0.003906250 0.007812500 0.027343750 0.027343750 0.007812500 0.023437500 0.015625000 0.003906250 0.007812500 0.011718750 0.019531250 0.019531250 0.007812500 0.011718750 0.011718750 0.023437500 0.019531250 0.007812500 0.007812500 0.011718750 0.011718750 0.027343750 0.011718750 0.011718750 0.019531250 0.011718750 0.015625000 0.015625000 0.015625000 0.011718750 0.007812500 0.019531250 0.019531250 0.027343750 0.007812500 0.011718750 0.027343750 0.023437500 0.015625000 0.023437500 0.023437500 0.023437500 0.015625000 0.019531250 0.031250000 0.007812500 0.015625000 0.003906250 0.042968750 0.011718750 0.011718750 0.031250000 0.019531250 0.007812500 0.019531250 0.015625000 0.019531250 0.015625000 0.023437500 0.019531250 0.015625000 0.023437500 0.011718750 0.007812500 0.011718750 0.011718750 0.015625000 0.011718750 0.007812500 0.003906250 0.027343750 0.007812500 0.023437500 0.023437500 0.015625000 0.011718750 0.019531250 0.007812500 0.007812500 0.015625000 0.023437500 0.011718750 0.023437500 0.023437500 0.007812500 0.023437500 0.007812500 0.011718750 0.015625000 0.003906250 0.027343750 0.007812500 0.023437500 0.007812500 0.019531250 0.019531250 0.011718750 0.011718750 0.023437500 0.019531250 0.003906250 0.003906250 0.019531250 0.011718750 0.015625000 0.003906250 0.015625000 0.023437500 0.003906250 0.011718750 0.019531250 0.003906250 0.019531250 0.003906250 0.011718750 0.011718750 0.007812500 
0.046875000 0.027343750 0.019531250 0.027343750 0.039062500 0.039062500 0.062500000 0.054687500 0.042968750 0.046875000 0.050781250 0.035156250 0.019531250 0.023437500 0.027343750 0.027343750 0.031250000 0.007812500 0.035156250 0.039062500 0.031250000 0.019531250 0.035156250 0.015625000 0.007812500 0.003906250 0.023437500 0.027343750 0.046875000 0.039062500 0.019531250 0.015625000 0.046875000 0.007812500 0.023437500 0.007812500 0.007812500 0.003906250 0.015625000 0.007812500 0.023437500 0.027343750 0.019531250 0.015625000 0.007812500 0.007812500 0.011718750 0.015625000 0.027343750 0.015625000 0.019531250 0.027343750 0.019531250 0.007812500 0.015625000 0.011718750 0.023437500 0.031250000 0.011718750 0.019531250 0.011718750 0.015625000 0.015625000 0.023437500 0.007812500 0.015625000 0.007812500 0.027343750 0.011718750 0.015625000 0.023437500 0.019531250 0.003906250 0.019531250 0.011718750 0.027343750 0.035156250 0.007812500 0.003906250 0.011718750 0.015625000 0.019531250 0.015625000 0.011718750 0.000000000 0.015625000 0.027343750 0.007812500 0.027343750 0.015625000 0.003906250 0.050781250 0.042968750 0.015625000 0.023437500 0.031250000 0.039062500 0.054687500 0.058593750 0.035156250 0.027343750 0.054687500 0.066406250 0.011718750 0.003906250 0.042968750 0.054687500 0.031250000 0.023437500 0.023437500 0.023437500 0.019531250 0.027343750 0.015625000 0.011718750 0.007812500 0.019531250 0.011718750 0.015625000 0.023437500 0.011718750 0.023437500 0.019531250 0.015625000 0.019531250 0.027343750 0.019531250 0.003906250 0.011718750 0.003906250 0.015625000 0.011718750 0.007812500 0.019531250 0.015625000 0.007812500 0.031250000 0.015625000 0.019531250 0.011718750 0.003906250 0.003906250 0.019531250 0.023437500 0.011718750 0.015625000 0.015625000 0.003906250 0.011718750 0.007812500 0.011718750 0.011718750 0.011718750 0.011718750 0.011718750 0.023437500 0.019531250 0.003906250 0.011718750 0.007812500 0.011718750 0.023437500 0.007812500 0.011718750 0.019531250 0.011718750 0.015625000 0.015625000 0.015625000 0.011718750 0.007812500 0.015625000 0.011718750 0.011718750 0.007812500 0.023437500 0.015625000 0.011718750 0.003906250 0.003906250 0.003906250 0.007812500 0.007812500 0.015625000 0.019531250 0.015625000 0.007812500 0.015625000 0.031250000 0.019531250 0.011718750 0.019531250 0.003906250 0.015625000 0.007812500 0.007812500 0.011718750 0.015625000 0.015625000 0.015625000 0.011718750 0.019531250 0.007812500 0.015625000 0.003906250 0.003906250 0.011718750 0.007812500 0.011718750 0.015625000 0.015625000 0.011718750 0.023437500 0.019531250 0.007812500 0.015625000 0.015625000 0.007812500 0.011718750 0.011718750 0.011718750 0.007812500 0.019531250 0.023437500 0.011718750 0.023437500 0.003906250 0.007812500 0.007812500 0.015625000 0.011718750 0.011718750 0.007812500 0.007812500 0.011718750 0.011718750 0.015625000 0.019531250 0.015625000 0.011718750 0.003906250 0.007812500 0.011718750 0.003906250 0.011718750 0.003906250 0.011718750 0.019531250 0.011718750 0.003906250 0.011718750 0.003906250 0.011718750 0.011718750 0.015625000 0.007812500 0.007812500 
0.035156250 0.027343750 0.015625000 0.019531250 0.042968750 0.062500000 0.050781250 0.031250000 0.031250000 0.050781250 0.050781250 0.039062500 0.035156250 0.023437500 0.031250000 0.031250000 0.015625000 0.007812500 0.027343750 0.039062500 0.015625000 0.015625000 0.011718750 0.023437500 0.015625000 0.011718750 0.027343750 0.035156250 0.039062500 0.027343750 0.019531250 0.023437500 0.023437500 0.027343750 0.011718750 0.011718750 0.003906250 0.007812500 0.007812500 0.015625000 0.019531250 0.011718750 0.003906250 0.007812500 0.011718750 0.007812500 0.011718750 0.015625000 0.015625000 0.015625000 0.011718750 0.023437500 0.023437500 0.011718750 0.003906250 0.003906250 0.011718750 0.015625000 0.015625000 0.011718750 0.007812500 0.011718750 0.007812500 0.011718750 0.015625000 0.007812500 0.007812500 0.019531250 0.023437500 0.011718750 0.000000000 0.011718750 0.015625000 0.015625000 0.015625000 0.023437500 0.019531250 0.007812500 0.007812500 0.019531250 0.027343750 0.015625000 0.007812500 0.007812500 0.003906250 0.015625000 0.003906250 0.023437500 0.015625000 0.011718750 0.019531250 0.027343750 0.039062500 0.027343750 0.015625000 0.031250000 0.058593750 0.066406250 0.042968750 0.023437500 0.027343750 0.054687500 0.046875000 0.019531250 0.007812500 0.046875000 0.058593750 0.035156250 0.011718750 0.015625000 0.031250000 0.027343750 0.015625000 0.027343750 0.007812500 0.015625000 0.011718750 0.019531250 0.019531250 0.011718750 0.011718750 0.003906250 0.011718750 0.019531250 0.015625000 0.015625000 0.015625000 0.015625000 0.003906250 0.015625000 0.011718750 0.003906250 0.000000000 0.011718750 0.015625000 0.019531250 0.015625000 0.011718750 0.003906250 0.019531250 0.007812500 0.015625000 0.019531250 0.015625000 0.011718750 0.007812500 0.007812500 0.003906250 0.011718750 0.011718750 0.003906250 0.015625000 0.019531250 0.007812500 0.011718750 0.011718750 0.007812500 0.007812500 0.007812500 0.000000000 0.007812500 0.003906250 0.011718750 0.011718750 0.015625000 0.007812500 0.003906250 0.007812500 0.007812500 0.007812500 0.015625000 0.003906250 0.019531250 0.007812500 0.011718750 0.011718750 0.015625000 0.011718750 0.003906250 0.011718750 0.003906250 0.011718750 0.007812500 0.011718750 0.019531250 0.011718750 0.011718750 0.015625000 0.031250000 0.015625000 0.007812500 0.007812500 0.011718750 0.011718750 0.011718750 0.003906250 0.003906250 0.019531250 0.027343750 0.007812500 0.007812500 0.007812500 0.011718750 0.003906250 0.011718750 0.007812500 0.015625000 0.011718750 0.015625000 0.007812500 0.011718750 0.011718750 0.019531250 0.007812500 0.015625000 0.019531250 0.023437500 0.015625000 0.011718750 0.015625000 0.011718750 0.015625000 0.019531250 0.007812500 0.015625000 0.003906250 0.015625000 0.003906250 0.011718750 0.003906250 0.007812500 0.015625000 0.015625000 0.019531250 0.015625000 0.007812500 0.003906250 0.011718750 0.011718750 0.007812500 0.011718750 0.003906250 0.011718750 0.003906250 0.007812500 0.003906250 0.003906250 0.007812500 0.011718750 0.015625000 0.011718750 0.003906250 0.007812500 0.007812500 0.007812500 0.007812500 0.003906250 
0.011718750 0.011718750 0.007812500 0.023437500 0.015625000 0.015625000 0.011718750 0.000000000 0.003906250 0.011718750 0.011718750 0.011718750 0.003906250 0.007812500 0.007812500 0.015625000 0.003906250 0.019531250 0.007812500 0.007812500 0.007812500 0.015625000 0.007812500 0.015625000 0.011718750 0.007812500 0.003906250 0.003906250 0.011718750 0.011718750 0.011718750 0.015625000 0.000000000 0.011718750 0.007812500 0.007812500 0.007812500 0.011718750 0.000000000 0.007812500 0.000000000 0.007812500 0.003906250 0.003906250 0.000000000 0.003906250 0.007812500 0.003906250 0.007812500 0.011718750 0.003906250 0.011718750 0.011718750 0.003906250 0.011718750 0.003906250 0.003906250 0.003906250 0.000000000 0.003906250 0.003906250 0.007812500 0.007812500 0.007812500 0.011718750 0.003906250 0.007812500 0.015625000 0.007812500 0.011718750 0.015625000 0.000000000 0.011718750 0.003906250 0.007812500 0.003906250 0.007812500 0.007812500 0.003906250 0.007812500 0.003906250 0.015625000 0.011718750 0.007812500 0.011718750 0.007812500 0.003906250 0.019531250 0.019531250 0.011718750 0.019531250 0.007812500 0.000000000 0.007812500 0.015625000 0.019531250 0.015625000 0.015625000 0.011718750 0.007812500 0.000000000 0.019531250 0.011718750 0.011718750 0.011718750 0.007812500 0.007812500 0.011718750 0.015625000 0.007812500 0.007812500 0.000000000 0.007812500 0.015625000 0.011718750 0.023437500 0.011718750 0.007812500 0.011718750 0.015625000 0.003906250 0.023437500 0.015625000 0.011718750 0.011718750 0.003906250 0.003906250 0.007812500 0.007812500 0.007812500 0.003906250 0.007812500 0.000000000 0.011718750 0.003906250 0.011718750 0.007812500 0.007812500 0.003906250 0.015625000 0.007812500 0.011718750 0.011718750 0.003906250 0.003906250 0.003906250 0.007812500 0.007812500 0.003906250 0.011718750 0.003906250 0.007812500 0.011718750 0.003906250 0.011718750 0.007812500 0.003906250 0.011718750 0.007812500 0.003906250 0.007812500 0.007812500 0.007812500 0.003906250 0.007812500 0.003906250 0.003906250 0.007812500 0.011718750 0.003906250 0.011718750 0.003906250 0.011718750 0.003906250 0.011718750 0.007812500 0.003906250 0.003906250 0.007812500 0.011718750 0.015625000 0.011718750 0.015625000 0.003906250 0.003906250 0.015625000 0.015625000 0.011718750 0.023437500 0.007812500 0.011718750 0.007812500 0.011718750 0.007812500 0.015625000 0.011718750 0.007812500 0.003906250 0.007812500 0.011718750 0.015625000 0.007812500 0.011718750 0.007812500 0.007812500 0.015625000 0.023437500 0.011718750 0.019531250 0.011718750 0.000000000 0.007812500 0.015625000 0.015625000 0.015625000 0.015625000 0.011718750 0.003906250 0.003906250 0.015625000 0.015625000 0.007812500 0.015625000 0.003906250 0.011718750 0.003906250 0.015625000 0.003906250 0.007812500 0.003906250 0.003906250 0.011718750 0.011718750 0.015625000 0.011718750 0.003906250 0.011718750 0.011718750 0.003906250 0.015625000 0.015625000 0.003906250 0.011718750 0.003906250 0.003906250 0.003906250 0.003906250 0.003906250 0.003906250 0.007812500 0.003906250 0.007812500 0.007812500 0.003906250 0.007812500 0.011718750 0.003906250 
0.003906250 0.007812500 0.015625000 0.019531250 0.019531250 0.015625000 0.007812500 0.000000000 0.007812500 0.011718750 0.011718750 0.011718750 0.007812500 0.003906250 0.007812500 0.011718750 0.011718750 0.011718750 0.007812500 0.000000000 0.003906250 0.011718750 0.015625000 0.015625000 0.011718750 0.007812500 0.003906250 0.003906250 0.011718750 0.011718750 0.011718750 0.011718750 0.007812500 0.003906250 0.000000000 0.003906250 0.003906250 0.003906250 0.003906250 0.003906250 0.003906250 0.003906250 0.003906250 0.003906250 0.000000000 0.003906250 0.003906250 0.003906250 0.003906250 0.003906250 0.003906250 0.003906250 0.003906250 0.003906250 0.003906250 0.003906250 0.003906250 0.003906250 0.003906250 0.003906250 0.003906250 0.007812500 0.007812500 0.007812500 0.007812500 0.003906250 0.003906250 0.007812500 0.007812500 0.011718750 0.011718750 0.007812500 0.003906250 0.000000000 0.003906250 0.007812500 0.007812500 0.007812500 0.003906250 0.003906250 0.007812500 0.007812500 0.011718750 0.007812500 0.003906250 0.000000000 0.007812500 0.011718750 0.015625000 0.015625000 0.011718750 0.007812500 0.003906250 0.007812500 0.015625000 0.019531250 0.015625000 0.011718750 0.007812500 0.000000000 0.007812500 0.011718750 0.011718750 0.011718750 0.007812500 0.003906250 0.007812500 0.011718750 0.011718750 0.011718750 0.007812500 0.000000000 0.007812500 0.011718750 0.015625000 0.015625000 0.015625000 0.007812500 0.003906250 0.007812500 0.011718750 0.015625000 0.015625000 0.011718750 0.007812500 0.003906250 0.003906250 0.007812500 0.007812500 0.007812500 0.007812500 0.003906250 0.003906250 0.007812500 0.007812500 0.003906250 0.003906250 0.000000000 0.003906250 0.007812500 0.007812500 0.007812500 0.007812500 0.003906250 0.003906250 0.003906250 0.003906250 0.007812500 0.007812500 0.003906250 0.003906250 0.003906250 0.003906250 0.003906250 0.003906250 0.003906250 0.003906250 0.003906250 0.003906250 0.003906250 0.007812500 0.007812500 0.007812500 0.007812500 0.003906250 0.000000000 0.003906250 0.003906250 0.003906250 0.003906250 0.003906250 0.003906250 0.003906250 0.007812500 0.007812500 0.003906250 0.003906250 0.003906250 0.007812500 0.011718750 0.015625000 0.015625000 0.011718750 0.007812500 0.003906250 0.007812500 0.015625000 0.015625000 0.015625000 0.011718750 0.007812500 0.000000000 0.007812500 0.011718750 0.011718750 0.011718750 0.007812500 0.003906250 0.007812500 0.011718750 0.011718750 0.011718750 0.007812500 0.000000000 0.007812500 0.015625000 0.019531250 0.019531250 0.015625000 0.007812500 0.003906250 0.007812500 0.015625000 0.019531250 0.015625000 0.015625000 0.007812500 0.000000000 0.003906250 0.011718750 0.011718750 0.011718750 0.007812500 0.003906250 0.003906250 0.007812500 0.011718750 0.007812500 0.003906250 0.000000000 0.003906250 0.011718750 0.011718750 0.011718750 0.011718750 0.007812500 0.003906250 0.003906250 0.007812500 0.011718750 0.011718750 0.007812500 0.007812500 0.003906250 0.000000000 0.003906250 0.003906250 0.003906250 0.003906250 0.003906250 0.003906250 0.003906250 0.003906250 0.003906250 0.003906250 0.003906250 0.003906250 
0.011718750 0.011718750 0.011718750 0.011718750 0.011718750 0.011718750 0.007812500 0.007812500 0.007812500 0.007812500 0.003906250 0.003906250 0.003906250 0.003906250 0.003906250 0.003906250 0.003906250 0.003906250 0.007812500 0.007812500 0.007812500 0.007812500 0.007812500 0.007812500 0.007812500 0.007812500 0.007812500 0.007812500 0.007812500 0.007812500 0.007812500 0.007812500 0.007812500 0.003906250 0.003906250 0.003906250 0.003906250 0.003906250 0.000000000 0.000000000 0.000000000 0.000000000 0.003906250 0.003906250 0.003906250 0.003906250 0.003906250 0.003906250 0.003906250 0.003906250 0.003906250 0.003906250 0.003906250 0.003906250 0.003906250 0.003906250 0.003906250 0.003906250 0.003906250 0.003906250 0.003906250 0.003906250 0.007812500 0.007812500 0.007812500 0.007812500 0.007812500 0.007812500 0.007812500 0.007812500 0.007812500 0.007812500 0.007812500 0.003906250 0.003906250 0.003906250 0.003906250 0.003906250 0.003906250 0.003906250 0.003906250 0.003906250 0.003906250 0.003906250 0.007812500 0.007812500 0.007812500 0.007812500 0.011718750 0.011718750 0.011718750 0.011718750 0.011718750 0.011718750 0.011718750 0.011718750 0.011718750 0.007812500 0.007812500 0.007812500 0.007812500 0.007812500 0.003906250 0.003906250 0.003906250 0.003906250 0.003906250 0.003906250 0.003906250 0.007812500 0.007812500 0.007812500 0.007812500 0.007812500 0.011718750 0.011718750 0.011718750 0.011718750 0.011718750 0.011718750 0.011718750 0.011718750 0.007812500 0.007812500 0.007812500 0.007812500 0.007812500 0.003906250 0.003906250 0.003906250 0.000000000 0.000000000 0.000000000 0.000000000 0.003906250 0.003906250 0.003906250 0.003906250 0.003906250 0.003906250 0.007812500 0.007812500 0.007812500 0.007812500 0.007812500 0.007812500 0.003906250 0.003906250 0.003906250 0.003906250 0.003906250 0.003906250 0.003906250 0.003906250 0.003906250 0.003906250 0.003906250 0.003906250 0.003906250 0.003906250 0.003906250 0.003906250 0.003906250 0.003906250 0.003906250 0.003906250 0.003906250 0.003906250 0.003906250 0.000000000 0.000000000 0.000000000 0.000000000 0.003906250 0.003906250 0.003906250 0.003906250 0.007812500 0.007812500 0.007812500 0.007812500 0.007812500 0.007812500 0.011718750 0.011718750 0.011718750 0.011718750 0.011718750 0.007812500 0.007812500 0.007812500 0.007812500 0.007812500 0.007812500 0.003906250 0.003906250 0.003906250 0.003906250 0.003906250 0.003906250 0.003906250 0.007812500 0.007812500 0.007812500 0.007812500 0.011718750 0.011718750 0.011718750 0.011718750 0.011718750 0.011718750 0.011718750 0.011718750 0.011718750 0.011718750 0.007812500 0.007812500 0.007812500 0.007812500 0.007812500 0.003906250 0.003906250 0.003906250 0.003906250 0.003906250 0.003906250 0.003906250 0.003906250 0.003906250 0.007812500 0.007812500 0.007812500 0.007812500 0.007812500 0.007812500 0.007812500 0.007812500 0.007812500 0.007812500 0.007812500 0.007812500 0.007812500 0.003906250 0.003906250 0.003906250 0.003906250 0.003906250 0.003906250 0.003906250 0.003906250 0.003906250 0.003906250 0.003906250 0.003906250 0.003906250 0.003906250 0.003906250 
0.000000000 0.000000000 0.000000000 0.000000000 0.000000000 0.000000000 0.000000000 0.000000000 0.000000000 0.000000000 0.000000000 0.000000000 0.000000000 0.000000000 0.000000000 0.000000000 0.000000000 0.000000000 0.000000000 0.000000000 0.000000000 0.000000000 0.000000000 0.000000000 0.000000000 0.000000000 0.000000000 0.000000000 0.000000000 0.000000000 0.000000000 0.000000000 0.000000000 0.000000000 0.000000000 0.000000000 0.000000000 0.000000000 0.000000000 0.000000000 0.000000000 0.000000000 0.000000000 0.000000000 0.000000000 0.000000000 0.000000000 0.000000000 0.000000000 0.000000000 0.000000000 0.000000000 0.000000000 0.000000000 0.000000000 0.000000000 0.000000000 0.000000000 0.000000000 0.000000000 0.000000000 0.000000000 0.000000000 0.000000000 0.000000000 0.000000000 0.000000000 0.000000000 0.000000000 0.000000000 0.000000000 0.000000000 0.000000000 0.000000000 0.000000000 0.000000000 0.000000000 0.000000000 0.000000000 0.000000000 0.000000000 0.000000000 0.000000000 0.000000000 0.000000000 0.000000000 0.000000000 0.000000000 0.000000000 0.000000000 0.000000000 0.000000000 0.000000000 0.000000000 0.000000000 0.000000000 0.000000000 0.000000000 0.000000000 0.000000000 0.000000000 0.000000000 0.000000000 0.000000000 0.000000000 0.000000000 0.000000000 0.000000000 0.000000000 0.000000000 0.000000000 0.000000000 0.000000000 0.000000000 0.000000000 0.000000000 0.000000000 0.000000000 0.000000000 0.000000000 0.000000000 0.000000000 0.000000000 0.000000000 0.000000000 0.000000000 0.000000000 0.000000000 0.000000000 0.000000000 0.000000000 0.000000000 0.000000000 0.000000000 0.000000000 0.000000000 0.000000000 0.000000000 0.000000000 0.000000000 0.000000000 0.000000000 0.000000000 0.000000000 0.000000000 0.000000000 0.000000000 0.000000000 0.000000000 0.000000000 0.000000000 0.000000000 0.000000000 0.000000000 0.000000000 0.000000000 0.000000000 0.000000000 0.000000000 0.000000000 0.000000000 0.000000000 0.000000000 0.000000000 0.000000000 0.000000000 0.000000000 0.000000000 0.000000000 0.000000000 0.000000000 0.000000000 0.000000000 0.000000000 0.000000000 0.000000000 0.000000000 0.000000000 0.000000000 0.000000000 0.000000000 0.000000000 0.000000000 0.000000000 0.000000000 0.000000000 0.000000000 0.000000000 0.000000000 0.000000000 0.000000000 0.000000000 0.000000000 0.000000000 0.000000000 0.000000000 0.000000000 0.000000000 0.000000000 0.000000000 0.000000000 0.000000000 0.000000000 0.000000000 0.000000000 0.000000000 0.000000000 0.000000000 0.000000000 0.000000000 0.000000000 0.000000000 0.000000000 0.000000000 0.000000000 0.000000000 0.000000000 0.000000000 0.000000000 0.000000000 0.000000000 0.000000000 0.000000000 0.000000000 0.000000000 0.000000000 0.000000000 0.000000000 0.000000000 0.000000000 0.000000000 0.000000000 0.000000000 0.000000000 0.000000000 0.000000000 0.000000000 0.000000000 0.000000000 0.000000000 0.000000000 0.000000000 0.000000000 0.000000000 0.000000000 0.000000000 0.000000000 0.000000000 0.000000000 0.000000000 0.000000000 0.000000000 0.000000000 0.000000000 0.000000000 0.000000000 0.000000000 
0.000000000 0.000000000 0.000000000 0.000000000 0.000000000 0.000000000 0.000000000 0.000000000 0.000000000 0.000000000 0.000000000 0.000000000 0.000000000 0.000000000 0.000000000 0.000000000 0.000000000 0.000000000 0.000000000 0.000000000 0.000000000 0.000000000 0.000000000 0.000000000 0.000000000 0.000000000 0.000000000 0.000000000 0.000000000 0.000000000 0.000000000 0.000000000 0.000000000 0.000000000 0.000000000 0.000000000 0.000000000 0.000000000 0.000000000 0.000000000 0.000000000 0.000000000 0.000000000 0.000000000 0.000000000 0.000000000 0.000000000 0.000000000 0.000000000 0.000000000 0.000000000 0.000000000 0.000000000 0.000000000 0.000000000 0.000000000 0.000000000 0.000000000 0.000000000 0.000000000 0.000000000 0.000000000 0.000000000 0.000000000 0.000000000 0.000000000 0.000000000 0.000000000 0.000000000 0.000000000 0.000000000 0.000000000 0.000000000 0.000000000 0.000000000 0.000000000 0.000000000 0.000000000 0.000000000 0.000000000 0.000000000 0.000000000 0.000000000 0.000000000 0.000000000 0.000000000 0.000000000 0.000000000 0.000000000 0.000000000 0.000000000 0.000000000 0.000000000 0.000000000 0.000000000 0.000000000 0.000000000 0.000000000 0.000000000 0.000000000 0.000000000 0.000000000 0.000000000 0.000000000 0.000000000 0.000000000 0.000000000 0.000000000 0.000000000 0.000000000 0.000000000 0.000000000 0.000000000 0.000000000 0.000000000 0.000000000 0.000000000 0.000000000 0.000000000 0.000000000 0.000000000 0.000000000 0.000000000 0.000000000 0.000000000 0.000000000 0.000000000 0.000000000 0.000000000 0.000000000 0.000000000 0.000000000 0.000000000 0.000000000 0.000000000 0.000000000 0.000000000 0.000000000 0.000000000 0.000000000 0.000000000 0.000000000 0.000000000 0.000000000 0.000000000 0.000000000 0.000000000 0.000000000 0.000000000 0.000000000 0.000000000 0.000000000 0.000000000 0.000000000 0.000000000 0.000000000 0.000000000 0.000000000 0.000000000 0.000000000 0.000000000 0.000000000 0.000000000 0.000000000 0.000000000 0.000000000 0.000000000 0.000000000 0.000000000 0.000000000 0.000000000 0.000000000 0.000000000 0.000000000 0.000000000 0.000000000 0.000000000 0.000000000 0.000000000 0.000000000 0.000000000 0.000000000 0.000000000 0.000000000 0.000000000 0.000000000 0.000000000 0.000000000 0.000000000 0.000000000 0.000000000 0.000000000 0.000000000 0.000000000 0.000000000 0.000000000 0.000000000 0.000000000 0.000000000 0.000000000 0.000000000 0.000000000 0.000000000 0.000000000 0.000000000 0.000000000 0.000000000 0.000000000 0.000000000 0.000000000 0.000000000 0.000000000 0.000000000 0.000000000 0.000000000 0.000000000 0.000000000 0.000000000 0.000000000 0.000000000 0.000000000 0.000000000 0.000000000 0.000000000 0.000000000 0.000000000 0.000000000 0.000000000 0.000000000 0.000000000 0.000000000 0.000000000 0.000000000 0.000000000 0.000000000 0.000000000 0.000000000 0.000000000 0.000000000 0.000000000 0.000000000 0.000000000 0.000000000 0.000000000 0.000000000 0.000000000 0.000000000 0.000000000 0.000000000 0.000000000 0.000000000 0.000000000 0.000000000 0.000000000 0.000000000 0.000000000 0.000000000 
0.000000000 0.000000000 0.000000000 0.000000000 0.000000000 0.000000000 0.000000000 0.000000000 0.000000000 0.000000000 0.000000000 0.000000000 0.000000000 0.000000000 0.000000000 0.000000000 0.000000000 0.000000000 0.000000000 0.000000000 0.000000000 0.000000000 0.000000000 0.000000000 0.000000000 0.000000000 0.000000000 0.000000000 0.000000000 0.000000000 0.000000000 0.000000000 0.000000000 0.000000000 0.000000000 0.000000000 0.000000000 0.000000000 0.000000000 0.000000000 0.000000000 0.000000000 0.000000000 0.000000000 0.000000000 0.000000000 0.000000000 0.000000000 0.000000000 0.000000000 0.000000000 0.000000000 0.000000000 0.000000000 0.000000000 0.000000000 0.000000000 0.000000000 0.000000000 0.000000000 0.000000000 0.000000000 0.000000000 0.000000000 0.000000000 0.000000000 0.000000000 0.000000000 0.000000000 0.000000000 0.000000000 0.000000000 0.000000000 0.000000000 0.000000000 0.000000000 0.000000000 0.000000000 0.000000000 0.000000000 0.000000000 0.000000000 0.000000000 0.000000000 0.000000000 0.000000000 0.000000000 0.000000000 0.000000000 0.000000000 0.000000000 0.000000000 0.000000000 0.000000000 0.000000000 0.000000000 0.000000000 0.000000000 0.000000000 0.000000000 0.000000000 0.000000000 0.000000000 0.000000000 0.000000000 0.000000000 0.000000000 0.000000000 0.000000000 0.000000000 0.000000000 0.000000000 0.000000000 0.000000000 0.000000000 0.000000000 0.000000000 0.000000000 0.000000000 0.000000000 0.000000000 0.000000000 0.000000000 0.000000000 0.000000000 0.000000000 0.000000000 0.000000000 0.000000000 0.000000000 0.000000000 0.000000000 0.000000000 0.000000000 0.000000000 0.000000000 0.000000000 0.000000000 0.000000000 0.000000000 0.000000000 0.000000000 0.000000000 0.000000000 0.000000000 0.000000000 0.000000000 0.000000000 0.000000000 0.000000000 0.000000000 0.000000000 0.000000000 0.000000000 0.000000000 0.000000000 0.000000000 0.000000000 0.000000000 0.000000000 0.000000000 0.000000000 0.000000000 0.000000000 0.000000000 0.000000000 0.000000000 0.000000000 0.000000000 0.000000000 0.000000000 0.000000000 0.000000000 0.000000000 0.000000000 0.000000000 0.000000000 0.000000000 0.000000000 0.000000000 0.000000000 0.000000000 0.000000000 0.000000000 0.000000000 0.000000000 0.000000000 0.000000000 0.000000000 0.000000000 0.000000000 0.000000000 0.000000000 0.000000000 0.000000000 0.000000000 0.000000000 0.000000000 0.000000000 0.000000000 0.000000000 0.000000000 0.000000000 0.000000000 0.000000000 0.000000000 0.000000000 0.000000000 0.000000000 0.000000000 0.000000000 0.000000000 0.000000000 0.000000000 0.000000000 0.000000000 0.000000000 0.000000000 0.000000000 0.000000000 0.000000000 0.000000000 0.000000000 0.000000000 0.000000000 0.000000000 0.000000000 0.000000000 0.000000000 0.000000000 0.000000000 0.000000000 0.000000000 0.000000000 0.000000000 0.000000000 0.000000000 0.000000000 0.000000000 0.000000000 0.000000000 0.000000000 0.000000000 0.000000000 0.000000000 0.000000000 0.000000000 0.000000000 0.000000000 0.000000000 0.000000000 0.000000000 0.000000000 0.000000000 0.000000000 0.000000000 0.000000000 
0.000000000 0.000000000 0.000000000 0.000000000 0.000000000 0.000000000 0.000000000 0.000000000 0.000000000 0.000000000 0.000000000 0.000000000 0.000000000 0.000000000 0.000000000 0.000000000 0.000000000 0.000000000 0.000000000 0.000000000 0.000000000 0.000000000 0.000000000 0.000000000 0.000000000 0.000000000 0.000000000 0.000000000 0.000000000 0.000000000 0.000000000 0.000000000 0.000000000 0.000000000 0.000000000 0.000000000 0.000000000 0.000000000 0.000000000 0.000000000 0.000000000 0.000000000 0.000000000 0.000000000 0.000000000 0.000000000 0.000000000 0.000000000 0.000000000 0.000000000 0.000000000 0.000000000 0.000000000 0.000000000 0.000000000 0.000000000 0.000000000 0.000000000 0.000000000 0.000000000 0.000000000 0.000000000 0.000000000 0.000000000 0.000000000 0.000000000 0.000000000 0.000000000 0.000000000 0.000000000 0.000000000 0.000000000 0.000000000 0.000000000 0.000000000 0.000000000 0.000000000 0.000000000 0.000000000 0.000000000 0.000000000 0.000000000 0.000000000 0.000000000 0.000000000 0.000000000 0.000000000 0.000000000 0.000000000 0.000000000 0.000000000 0.000000000 0.000000000 0.000000000 0.000000000 0.000000000 0.000000000 0.000000000 0.000000000 0.000000000 0.000000000 0.000000000 0.000000000 0.000000000 0.000000000 0.000000000 0.000000000 0.000000000 0.000000000 0.000000000 0.000000000 0.000000000 0.000000000 0.000000000 0.000000000 0.000000000 0.000000000 0.000000000 0.000000000 0.000000000 0.000000000 0.000000000 0.000000000 0.000000000 0.000000000 0.000000000 0.000000000 0.000000000 0.000000000 0.000000000 0.000000000 0.000000000 0.000000000 0.000000000 0.000000000 0.000000000 0.000000000 0.000000000 0.000000000 0.000000000 0.000000000 0.000000000 0.000000000 0.000000000 0.000000000 0.000000000 0.000000000 0.000000000 0.000000000 0.000000000 0.000000000 0.000000000 0.000000000 0.000000000 0.000000000 0.000000000 0.000000000 0.000000000 0.000000000 0.000000000 0.000000000 0.000000000 0.000000000 0.000000000 0.000000000 0.000000000 0.000000000 0.000000000 0.000000000 0.000000000 0.000000000 0.000000000 0.000000000 0.000000000 0.000000000 0.000000000 0.000000000 0.000000000 0.000000000 0.000000000 0.000000000 0.000000000 0.000000000 0.000000000 0.000000000 0.000000000 0.000000000 0.000000000 0.000000000 0.000000000 0.000000000 0.000000000 0.000000000 0.000000000 0.000000000 0.000000000 0.000000000 0.000000000 0.000000000 0.000000000 0.000000000 0.000000000 0.000000000 0.000000000 0.000000000 0.000000000 0.000000000 0.000000000 0.000000000 0.000000000 0.000000000 0.000000000 0.000000000 0.000000000 0.000000000 0.000000000 0.000000000 0.000000000 0.000000000 0.000000000 0.000000000 0.000000000 0.000000000 0.000000000 0.000000000 0.000000000 0.000000000 0.000000000 0.000000000 0.000000000 0.000000000 0.000000000 0.000000000 0.000000000 0.000000000 0.000000000 0.000000000 0.000000000 0.000000000 0.000000000 0.000000000 0.000000000 0.000000000 0.000000000 0.000000000 0.000000000 0.000000000 0.000000000 0.000000000 0.000000000 0.000000000 0.000000000 0.000000000 0.000000000 0.000000000 0.000000000 0.000000000 
0.000000000 0.000000000 0.000000000 0.000000000 0.000000000 0.000000000 0.000000000 0.000000000 0.000000000 0.000000000 0.000000000 0.000000000 0.000000000 0.000000000 0.000000000 0.000000000 0.000000000 0.000000000 0.000000000 0.000000000 0.000000000 0.000000000 0.000000000 0.000000000 0.000000000 0.000000000 0.000000000 0.000000000 0.000000000 0.000000000 0.000000000 0.000000000 0.000000000 0.000000000 0.000000000 0.000000000 0.000000000 0.000000000 0.000000000 0.000000000 0.000000000 0.000000000 0.000000000 0.000000000 0.000000000 0.000000000 0.000000000 0.000000000 0.000000000 0.000000000 0.000000000 0.000000000 0.000000000 0.000000000 0.000000000 0.000000000 0.000000000 0.000000000 0.000000000 0.000000000 0.000000000 0.000000000 0.000000000 0.000000000 0.000000000 0.000000000 0.000000000 0.000000000 0.000000000 0.000000000 0.000000000 0.000000000 0.000000000 0.000000000 0.000000000 0.000000000 0.000000000 0.000000000 0.000000000 0.000000000 0.000000000 0.000000000 0.000000000 0.000000000 0.000000000 0.000000000 0.000000000 0.000000000 0.000000000 0.000000000 0.000000000 0.000000000 0.000000000 0.000000000 0.000000000 0.000000000 0.000000000 0.000000000 0.000000000 0.000000000 0.000000000 0.000000000 0.000000000 0.000000000 0.000000000 0.000000000 0.000000000 0.000000000 0.000000000 0.000000000 0.000000000 0.000000000 0.000000000 0.000000000 0.000000000 0.000000000 0.000000000 0.000000000 0.000000000 0.000000000 0.000000000 0.000000000 0.000000000 0.000000000 0.000000000 0.000000000 0.000000000 0.000000000 0.000000000 0.000000000 0.000000000 0.000000000 0.000000000 0.000000000 0.000000000 0.000000000 0.000000000 0.000000000 0.000000000 0.000000000 0.000000000 0.000000000 0.000000000 0.000000000 0.000000000 0.000000000 0.000000000 0.000000000 0.000000000 0.000000000 0.000000000 0.000000000 0.000000000 0.000000000 0.000000000 0.000000000 0.000000000 0.000000000 0.000000000 0.000000000 0.000000000 0.000000000 0.000000000 0.000000000 0.000000000 0.000000000 0.000000000 0.000000000 0.000000000 0.000000000 0.000000000 0.000000000 0.000000000 0.000000000 0.000000000 0.000000000 0.000000000 0.000000000 0.000000000 0.000000000 0.000000000 0.000000000 0.000000000 0.000000000 0.000000000 0.000000000 0.000000000 0.000000000 0.000000000 0.000000000 0.000000000 0.000000000 0.000000000 0.000000000 0.000000000 0.000000000 0.000000000 0.000000000 0.000000000 0.000000000 0.000000000 0.000000000 0.000000000 0.000000000 0.000000000 0.000000000 0.000000000 0.000000000 0.000000000 0.000000000 0.000000000 0.000000000 0.000000000 0.000000000 0.000000000 0.000000000 0.000000000 0.000000000 0.000000000 0.000000000 0.000000000 0.000000000 0.000000000 0.000000000 0.000000000 0.000000000 0.000000000 0.000000000 0.000000000 0.000000000 0.000000000 0.000000000 0.000000000 0.000000000 0.000000000 0.000000000 0.000000000 0.000000000 0.000000000 0.000000000 0.000000000 0.000000000 0.000000000 0.000000000 0.000000000 0.000000000 0.000000000 0.000000000 0.000000000 0.000000000 0.000000000 0.000000000 0.000000000 0.000000000 0.000000000 0.000000000 0.000000000 
0.000000000 0.000000000 0.000000000 0.000000000 0.000000000 0.000000000 0.000000000 0.000000000 0.000000000 0.000000000 0.000000000 0.000000000 0.000000000 0.000000000 0.000000000 0.000000000 0.000000000 0.000000000 0.000000000 0.000000000 0.000000000 0.000000000 0.000000000 0.000000000 0.000000000 0.000000000 0.000000000 0.000000000 0.000000000 0.000000000 0.000000000 0.000000000 0.000000000 0.000000000 0.000000000 0.000000000 0.000000000 0.000000000 0.000000000 0.000000000 0.000000000 0.000000000 0.000000000 0.000000000 0.000000000 0.000000000 0.000000000 0.000000000 0.000000000 0.000000000 0.000000000 0.000000000 0.000000000 0.000000000 0.000000000 0.000000000 0.000000000 0.000000000 0.000000000 0.000000000 0.000000000 0.000000000 0.000000000 0.000000000 0.000000000 0.000000000 0.000000000 0.000000000 0.000000000 0.000000000 0.000000000 0.000000000 0.000000000 0.000000000 0.000000000 0.000000000 0.000000000 0.000000000 0.000000000 0.000000000 0.000000000 0.000000000 0.000000000 0.000000000 0.000000000 0.000000000 0.000000000 0.000000000 0.000000000 0.000000000 0.000000000 0.000000000 0.000000000 0.000000000 0.000000000 0.000000000 0.000000000 0.000000000 0.000000000 0.000000000 0.000000000 0.000000000 0.000000000 0.000000000 0.000000000 0.000000000 0.000000000 0.000000000 0.000000000 0.000000000 0.000000000 0.000000000 0.000000000 0.000000000 0.000000000 0.000000000 0.000000000 0.000000000 0.000000000 0.000000000 0.000000000 0.000000000 0.000000000 0.000000000 0.000000000 0.000000000 0.000000000 0.000000000 0.000000000 0.000000000 0.000000000 0.000000000 0.000000000 0.000000000 0.000000000 0.000000000 0.000000000 0.000000000 0.000000000 0.000000000 0.000000000 0.000000000 0.000000000 0.000000000 0.000000000 0.000000000 0.000000000 0.000000000 0.000000000 0.000000000 0.000000000 0.000000000 0.000000000 0.000000000 0.000000000 0.000000000 0.000000000 0.000000000 0.000000000 0.000000000 0.000000000 0.000000000 0.000000000 0.000000000 0.000000000 0.000000000 0.000000000 0.000000000 0.000000000 0.000000000 0.000000000 0.000000000 0.000000000 0.000000000 0.000000000 0.000000000 0.000000000 0.000000000 0.000000000 0.000000000 0.000000000 0.000000000 0.000000000 0.000000000 0.000000000 0.000000000 0.000000000 0.000000000 0.000000000 0.000000000 0.000000000 0.000000000 0.000000000 0.000000000 0.000000000 0.000000000 0.000000000 0.000000000 0.000000000 0.000000000 0.000000000 0.000000000 0.000000000 0.000000000 0.000000000 0.000000000 0.000000000 0.000000000 0.000000000 0.000000000 0.000000000 0.000000000 0.000000000 0.000000000 0.000000000 0.000000000 0.000000000 0.000000000 0.000000000 0.000000000 0.000000000 0.000000000 0.000000000 0.000000000 0.000000000 0.000000000 0.000000000 0.000000000 0.000000000 0.000000000 0.000000000 0.000000000 0.000000000 0.000000000 0.000000000 0.000000000 0.000000000 0.000000000 0.000000000 0.000000000 0.000000000 0.000000000 0.000000000 0.000000000 0.000000000 0.000000000 0.000000000 0.000000000 0.000000000 0.000000000 0.000000000 0.000000000 0.000000000 0.000000000 0.000000000 0.000000000 0.000000000 
0.000000000 0.000000000 0.000000000 0.000000000 0.000000000 0.000000000 0.000000000 0.000000000 0.000000000 0.000000000 0.000000000 0.000000000 0.000000000 0.000000000 0.000000000 0.000000000 0.000000000 0.000000000 0.000000000 0.000000000 0.000000000 0.000000000 0.000000000 0.000000000 0.000000000 0.000000000 0.000000000 0.000000000 0.000000000 0.000000000 0.000000000 0.000000000 0.000000000 0.000000000 0.000000000 0.000000000 0.000000000 0.000000000 0.000000000 0.000000000 0.000000000 0.000000000 0.000000000 0.000000000 0.000000000 0.000000000 0.000000000 0.000000000 0.000000000 0.000000000 0.000000000 0.000000000 0.000000000 0.000000000 0.000000000 0.000000000 0.000000000 0.000000000 0.000000000 0.000000000 0.000000000 0.000000000 0.000000000 0.000000000 0.000000000 0.000000000 0.000000000 0.000000000 0.000000000 0.000000000 0.000000000 0.000000000 0.000000000 0.000000000 0.000000000 0.000000000 0.000000000 0.000000000 0.000000000 0.000000000 0.000000000 0.000000000 0.000000000 0.000000000 0.000000000 0.000000000 0.000000000 0.000000000 0.000000000 0.000000000 0.000000000 0.000000000 0.000000000 0.000000000 0.000000000 0.000000000 0.000000000 0.000000000 0.000000000 0.000000000 0.000000000 0.000000000 0.000000000 0.000000000 0.000000000 0.000000000 0.000000000 0.000000000 0.000000000 0.000000000 0.000000000 0.000000000 0.000000000 0.000000000 0.000000000 0.000000000 0.000000000 0.000000000 0.000000000 0.000000000 0.000000000 0.000000000 0.000000000 0.000000000 0.000000000 0.000000000 0.000000000 0.000000000 0.000000000 0.000000000 0.000000000 0.000000000 0.000000000 0.000000000 0.000000000 0.000000000 0.000000000 0.000000000 0.000000000 0.000000000 0.000000000 0.000000000 0.000000000 0.000000000 0.000000000 0.000000000 0.000000000 0.000000000 0.000000000 0.000000000 0.000000000 0.000000000 0.000000000 0.000000000 0.000000000 0.000000000 0.000000000 0.000000000 0.000000000 0.000000000 0.000000000 0.000000000 0.000000000 0.000000000 0.000000000 0.000000000 0.000000000 0.000000000 0.000000000 0.000000000 0.000000000 0.000000000 0.000000000 0.000000000 0.000000000 0.000000000 0.000000000 0.000000000 0.000000000 0.000000000 0.000000000 0.000000000 0.000000000 0.000000000 0.000000000 0.000000000 0.000000000 0.000000000 0.000000000 0.000000000 0.000000000 0.000000000 0.000000000 0.000000000 0.000000000 0.000000000 0.000000000 0.000000000 0.000000000 0.000000000 0.000000000 0.000000000 0.000000000 0.000000000 0.000000000 0.000000000 0.000000000 0.000000000 0.000000000 0.000000000 0.000000000 0.000000000 0.000000000 0.000000000 0.000000000 0.000000000 0.000000000 0.000000000 0.000000000 0.000000000 0.000000000 0.000000000 0.000000000 0.000000000 0.000000000 0.000000000 0.000000000 0.000000000 0.000000000 0.000000000 0.000000000 0.000000000 0.000000000 0.000000000 0.000000000 0.000000000 0.000000000 0.000000000 0.000000000 0.000000000 0.000000000 0.000000000 0.000000000 0.000000000 0.000000000 0.000000000 0.000000000 0.000000000 0.000000000 0.000000000 0.000000000 0.000000000 0.000000000 0.000000000 0.000000000 0.000000000 0.000000000 
0.000000000 0.000000000 0.000000000 0.000000000 0.000000000 0.000000000 0.000000000 0.000000000 0.000000000 0.000000000 0.000000000 0.000000000 0.000000000 0.000000000 0.000000000 0.000000000 0.000000000 0.000000000 0.000000000 0.000000000 0.000000000 0.000000000 0.000000000 0.000000000 0.000000000 0.000000000 0.000000000 0.000000000 0.000000000 0.000000000 0.000000000 0.000000000 0.000000000 0.000000000 0.000000000 0.000000000 0.000000000 0.000000000 0.000000000 0.000000000 0.000000000 0.000000000 0.000000000 0.000000000 0.000000000 0.000000000 0.000000000 0.000000000 0.000000000 0.000000000 0.000000000 0.000000000 0.000000000 0.000000000 0.000000000 0.000000000 0.000000000 0.000000000 0.000000000 0.000000000 0.000000000 0.000000000 0.000000000 0.000000000 0.000000000 0.000000000 0.000000000 0.000000000 0.000000000 0.000000000 0.000000000 0.000000000 0.000000000 0.000000000 0.000000000 0.000000000 0.000000000 0.000000000 0.000000000 0.000000000 0.000000000 0.000000000 0.000000000 0.000000000 0.000000000 0.000000000 0.000000000 0.000000000 0.000000000 0.000000000 0.000000000 0.000000000 0.000000000 0.000000000 0.000000000 0.000000000 0.000000000 0.000000000 0.000000000 0.000000000 0.000000000 0.000000000 0.000000000 0.000000000 0.000000000 0.000000000 0.000000000 0.000000000 0.000000000 0.000000000 0.000000000 0.000000000 0.000000000 0.000000000 0.000000000 0.000000000 0.000000000 0.000000000 0.000000000 0.000000000 0.000000000 0.000000000 0.000000000 0.000000000 0.000000000 0.000000000 0.000000000 0.000000000 0.000000000 0.000000000 0.000000000 0.000000000 0.000000000 0.000000000 0.000000000 0.000000000 0.000000000 0.000000000 0.000000000 0.000000000 0.000000000 0.000000000 0.000000000 0.000000000 0.000000000 0.000000000 0.000000000 0.000000000 0.000000000 0.000000000 0.000000000 0.000000000 0.000000000 0.000000000 0.000000000 0.000000000 0.000000000 0.000000000 0.000000000 0.000000000 0.000000000 0.000000000 0.000000000 0.000000000 0.000000000 0.000000000 0.000000000 0.000000000 0.000000000 0.000000000 0.000000000 0.000000000 0.000000000 0.000000000 0.000000000 0.000000000 0.000000000 0.000000000 0.000000000 0.000000000 0.000000000 0.000000000 0.000000000 0.000000000 0.000000000 0.000000000 0.000000000 0.000000000 0.000000000 0.000000000 0.000000000 0.000000000 0.000000000 0.000000000 0.000000000 0.000000000 0.000000000 0.000000000 0.000000000 0.000000000 0.000000000 0.000000000 0.000000000 0.000000000 0.000000000 0.000000000 0.000000000 0.000000000 0.000000000 0.000000000 0.000000000 0.000000000 0.000000000 0.000000000 0.000000000 0.000000000 0.000000000 0.000000000 0.000000000 0.000000000 0.000000000 0.000000000 0.000000000 0.000000000 0.000000000 0.000000000 0.000000000 0.000000000 0.000000000 0.000000000 0.000000000 0.000000000 0.000000000 0.000000000 0.000000000 0.000000000 0.000000000 0.000000000 0.000000000 0.000000000 0.000000000 0.000000000 0.000000000 0.000000000 0.000000000 0.000000000 0.000000000 0.000000000 0.000000000 0.000000000 0.000000000 0.000000000 0.000000000 0.000000000 0.000000000 0.000000000 0.000000000 
0.000000000 0.000000000 0.000000000 0.000000000 0.000000000 0.000000000 0.000000000 0.000000000 0.000000000 0.000000000 0.000000000 0.000000000 0.000000000 0.000000000 0.000000000 0.000000000 0.000000000 0.000000000 0.000000000 0.000000000 0.000000000 0.000000000 0.000000000 0.000000000 0.000000000 0.000000000 0.000000000 0.000000000 0.000000000 0.000000000 0.000000000 0.000000000 0.000000000 0.000000000 0.000000000 0.000000000 0.000000000 0.000000000 0.000000000 0.000000000 0.000000000 0.000000000 0.000000000 0.000000000 0.000000000 0.000000000 0.000000000 0.000000000 0.000000000 0.000000000 0.000000000 0.000000000 0.000000000 0.000000000 0.000000000 0.000000000 0.000000000 0.000000000 0.000000000 0.000000000 0.000000000 0.000000000 0.000000000 0.000000000 0.000000000 0.000000000 0.000000000 0.000000000 0.000000000 0.000000000 0.000000000 0.000000000 0.000000000 0.000000000 0.000000000 0.000000000 0.000000000 0.000000000 0.000000000 0.000000000 0.000000000 0.000000000 0.000000000 0.000000000 0.000000000 0.000000000 0.000000000 0.000000000 0.000000000 0.000000000 0.000000000 0.000000000 0.000000000 0.000000000 0.000000000 0.000000000 0.000000000 0.000000000 0.000000000 0.000000000 0.000000000 0.000000000 0.000000000 0.000000000 0.000000000 0.000000000 0.000000000 0.000000000 0.000000000 0.000000000 0.000000000 0.000000000 0.000000000 0.000000000 0.000000000 0.000000000 0.000000000 0.000000000 0.000000000 0.000000000 0.000000000 0.000000000 0.000000000 0.000000000 0.000000000 0.000000000 0.000000000 0.000000000 0.000000000 0.000000000 0.000000000 0.000000000 0.000000000 0.000000000 0.000000000 0.000000000 0.000000000 0.000000000 0.000000000 0.000000000 0.000000000 0.000000000 0.000000000 0.000000000 0.000000000 0.000000000 0.000000000 0.000000000 0.000000000 0.000000000 0.000000000 0.000000000 0.000000000 0.000000000 0.000000000 0.000000000 0.000000000 0.000000000 0.000000000 0.000000000 0.000000000 0.000000000 0.000000000 0.000000000 0.000000000 0.000000000 0.000000000 0.000000000 0.000000000 0.000000000 0.000000000 0.000000000 0.000000000 0.000000000 0.000000000 0.000000000 0.000000000 0.000000000 0.000000000 0.000000000 0.000000000 0.000000000 0.000000000 0.000000000 0.000000000 0.000000000 0.000000000 0.000000000 0.000000000 0.000000000 0.000000000 0.000000000 0.000000000 0.000000000 0.000000000 0.000000000 0.000000000 0.000000000 0.000000000 0.000000000 0.000000000 0.000000000 0.000000000 0.000000000 0.000000000 0.000000000 0.000000000 0.000000000 0.000000000 0.000000000 0.000000000 0.000000000 0.000000000 0.000000000 0.000000000 0.000000000 0.000000000 0.000000000 0.000000000 0.000000000 0.000000000 0.000000000 0.000000000 0.000000000 0.000000000 0.000000000 0.000000000 0.000000000 0.000000000 0.000000000 0.000000000 0.000000000 0.000000000 0.000000000 0.000000000 0.000000000 0.000000000 0.000000000 0.000000000 0.000000000 0.000000000 0.000000000 0.000000000 0.000000000 0.000000000 0.000000000 0.000000000 0.000000000 0.000000000 0.000000000 0.000000000 0.000000000 0.000000000 0.000000000 0.000000000 0.000000000 0.000000000 
0.000000000 0.000000000 0.000000000 0.000000000 0.000000000 0.000000000 0.000000000 0.000000000 0.000000000 0.000000000 0.000000000 0.000000000 0.000000000 0.000000000 0.000000000 0.000000000 0.000000000 0.000000000 0.000000000 0.000000000 0.000000000 0.000000000 0.000000000 0.000000000 0.000000000 0.000000000 0.000000000 0.000000000 0.000000000 0.000000000 0.000000000 0.000000000 0.000000000 0.000000000 0.000000000 0.000000000 0.000000000 0.000000000 0.000000000 0.000000000 0.000000000 0.000000000 0.000000000 0.000000000 0.000000000 0.000000000 0.000000000 0.000000000 0.000000000 0.000000000 0.000000000 0.000000000 0.000000000 0.000000000 0.000000000 0.000000000 0.000000000 0.000000000 0.000000000 0.000000000 0.000000000 0.000000000 0.000000000 0.000000000 0.000000000 0.000000000 0.000000000 0.000000000 0.000000000 0.000000000 0.000000000 0.000000000 0.000000000 0.000000000 0.000000000 0.000000000 0.000000000 0.000000000 0.000000000 0.000000000 0.000000000 0.000000000 0.000000000 0.000000000 0.000000000 0.000000000 0.000000000 0.000000000 0.000000000 0.000000000 0.000000000 0.000000000 0.000000000 0.000000000 0.000000000 0.000000000 0.000000000 0.000000000 0.000000000 0.000000000 0.000000000 0.000000000 0.000000000 0.000000000 0.000000000 0.000000000 0.000000000 0.000000000 0.000000000 0.000000000 0.000000000 0.000000000 0.000000000 0.000000000 0.000000000 0.000000000 0.000000000 0.000000000 0.000000000 0.000000000 0.000000000 0.000000000 0.000000000 0.000000000 0.000000000 0.000000000 0.000000000 0.000000000 0.000000000 0.000000000 0.000000000 0.000000000 0.000000000 0.000000000 0.000000000 0.000000000 0.000000000 0.000000000 0.000000000 0.000000000 0.000000000 0.000000000 0.000000000 0.000000000 0.000000000 0.000000000 0.000000000 0.000000000 0.000000000 0.000000000 0.000000000 0.000000000 0.000000000 0.000000000 0.000000000 0.000000000 0.000000000 0.000000000 0.000000000 0.000000000 0.000000000 0.000000000 0.000000000 0.000000000 0.000000000 0.000000000 0.000000000 0.000000000 0.000000000 0.000000000 0.000000000 0.000000000 0.000000000 0.000000000 0.000000000 0.000000000 0.000000000 0.000000000 0.000000000 0.000000000 0.000000000 0.000000000 0.000000000 0.000000000 0.000000000 0.000000000 0.000000000 0.000000000 0.000000000 0.000000000 0.000000000 0.000000000 0.000000000 0.000000000 0.000000000 0.000000000 0.000000000 0.000000000 0.000000000 0.000000000 0.000000000 0.000000000 0.000000000 0.000000000 0.000000000 0.000000000 0.000000000 0.000000000 0.000000000 0.000000000 0.000000000 0.000000000 0.000000000 0.000000000 0.000000000 0.000000000 0.000000000 0.000000000 0.000000000 0.000000000 0.000000000 0.000000000 0.000000000 0.000000000 0.000000000 0.000000000 0.000000000 0.000000000 0.000000000 0.000000000 0.000000000 0.000000000 0.000000000 0.000000000 0.000000000 0.000000000 0.000000000 0.000000000 0.000000000 0.000000000 0.000000000 0.000000000 0.000000000 0.000000000 0.000000000 0.000000000 0.000000000 0.000000000 0.000000000 0.000000000 0.000000000 0.000000000 0.000000000 0.000000000 0.000000000 0.000000000 0.000000000 
0.000000000 0.000000000 0.000000000 0.000000000 0.000000000 0.000000000 0.000000000 0.000000000 0.000000000 0.000000000 0.000000000 0.000000000 0.000000000 0.000000000 0.000000000 0.000000000 0.000000000 0.000000000 0.000000000 0.000000000 0.000000000 0.000000000 0.000000000 0.000000000 0.000000000 0.000000000 0.000000000 0.000000000 0.000000000 0.000000000 0.000000000 0.000000000 0.000000000 0.000000000 0.000000000 0.000000000 0.000000000 0.000000000 0.000000000 0.000000000 0.000000000 0.000000000 0.000000000 0.000000000 0.000000000 0.000000000 0.000000000 0.000000000 0.000000000 0.000000000 0.000000000 0.000000000 0.000000000 0.000000000 0.000000000 0.000000000 0.000000000 0.000000000 0.000000000 0.000000000 0.000000000 0.000000000 0.000000000 0.000000000 0.000000000 0.000000000 0.000000000 0.000000000 0.000000000 0.000000000 0.000000000 0.000000000 0.000000000 0.000000000 0.000000000 0.000000000 0.000000000 0.000000000 0.000000000 0.000000000 0.000000000 0.000000000 0.000000000 0.000000000 0.000000000 0.000000000 0.000000000 0.000000000 0.000000000 0.000000000 0.000000000 0.000000000 0.000000000 0.000000000 0.000000000 0.000000000 0.000000000 0.000000000 0.000000000 0.000000000 0.000000000 0.000000000 0.000000000 0.000000000 0.000000000 0.000000000 0.000000000 0.000000000 0.000000000 0.000000000 0.000000000 0.000000000 0.000000000 0.000000000 0.000000000 0.000000000 0.000000000 0.000000000 0.000000000 0.000000000 0.000000000 0.000000000 0.000000000 0.000000000 0.000000000 0.000000000 0.000000000 0.000000000 0.000000000 0.000000000 0.000000000 0.000000000 0.000000000 0.000000000 0.000000000 0.000000000 0.000000000 0.000000000 0.000000000 0.000000000 0.000000000 0.000000000 0.000000000 0.000000000 0.000000000 0.000000000 0.000000000 0.000000000 0.000000000 0.000000000 0.000000000 0.000000000 0.000000000 0.000000000 0.000000000 0.000000000 0.000000000 0.000000000 0.000000000 0.000000000 0.000000000 0.000000000 0.000000000 0.000000000 0.000000000 0.000000000 0.000000000 0.000000000 0.000000000 0.000000000 0.000000000 0.000000000 0.000000000 0.000000000 0.000000000 0.000000000 0.000000000 0.000000000 0.000000000 0.000000000 0.000000000 0.000000000 0.000000000 0.000000000 0.000000000 0.000000000 0.000000000 0.000000000 0.000000000 0.000000000 0.000000000 0.000000000 0.000000000 0.000000000 0.000000000 0.000000000 0.000000000 0.000000000 0.000000000 0.000000000 0.000000000 0.000000000 0.000000000 0.000000000 0.000000000 0.000000000 0.000000000 0.000000000 0.000000000 0.000000000 0.000000000 0.000000000 0.000000000 0.000000000 0.000000000 0.000000000 0.000000000 0.000000000 0.000000000 0.000000000 0.000000000 0.000000000 0.000000000 0.000000000 0.000000000 0.000000000 0.000000000 0.000000000 0.000000000 0.000000000 0.000000000 0.000000000 0.000000000 0.000000000 0.000000000 0.000000000 0.000000000 0.000000000 0.000000000 0.000000000 0.000000000 0.000000000 0.000000000 0.000000000 0.000000000 0.000000000 0.000000000 0.000000000 0.000000000 0.000000000 0.000000000 0.000000000 0.000000000 0.000000000 0.000000000 0.000000000 0.000000000 
0.000000000 0.000000000 0.000000000 0.000000000 0.000000000 0.000000000 0.000000000 0.000000000 0.000000000 0.000000000 0.000000000 0.000000000 0.000000000 0.000000000 0.000000000 0.000000000 0.000000000 0.000000000 0.000000000 0.000000000 0.000000000 0.000000000 0.000000000 0.000000000 0.000000000 0.000000000 0.000000000 0.000000000 0.000000000 0.000000000 0.000000000 0.000000000 0.000000000 0.000000000 0.000000000 0.000000000 0.000000000 0.000000000 0.000000000 0.000000000 0.000000000 0.000000000 0.000000000 0.000000000 0.000000000 0.000000000 0.000000000 0.000000000 0.000000000 0.000000000 0.000000000 0.000000000 0.000000000 0.000000000 0.000000000 0.000000000 0.000000000 0.000000000 0.000000000 0.000000000 0.000000000 0.000000000 0.000000000 0.000000000 0.000000000 0.000000000 0.000000000 0.000000000 0.000000000 0.000000000 0.000000000 0.000000000 0.000000000 0.000000000 0.000000000 0.000000000 0.000000000 0.000000000 0.000000000 0.000000000 0.000000000 0.000000000 0.000000000 0.000000000 0.000000000 0.000000000 0.000000000 0.000000000 0.000000000 0.000000000 0.000000000 0.000000000 0.000000000 0.000000000 0.000000000 0.000000000 0.000000000 0.000000000 0.000000000 0.000000000 0.000000000 0.000000000 0.000000000 0.000000000 0.000000000 0.000000000 0.000000000 0.000000000 0.000000000 0.000000000 0.000000000 0.000000000 0.000000000 0.000000000 0.000000000 0.000000000 0.000000000 0.000000000 0.000000000 0.000000000 0.000000000 0.000000000 0.000000000 0.000000000 0.000000000 0.000000000 0.000000000 0.000000000 0.000000000 0.000000000 0.000000000 0.000000000 0.000000000 0.000000000 0.000000000 0.000000000 0.000000000 0.000000000 0.000000000 0.000000000 0.000000000 0.000000000 0.000000000 0.000000000 0.000000000 0.000000000 0.000000000 0.000000000 0.000000000 0.000000000 0.000000000 0.000000000 0.000000000 0.000000000 0.000000000 0.000000000 0.000000000 0.000000000 0.000000000 0.000000000 0.000000000 0.000000000 0.000000000 0.000000000 0.000000000 0.000000000 0.000000000 0.000000000 0.000000000 0.000000000 0.000000000 0.000000000 0.000000000 0.000000000 0.000000000 0.000000000 0.000000000 0.000000000 0.000000000 0.000000000 0.000000000 0.000000000 0.000000000 0.000000000 0.000000000 0.000000000 0.000000000 0.000000000 0.000000000 0.000000000 0.000000000 0.000000000 0.000000000 0.000000000 0.000000000 0.000000000 0.000000000 0.000000000 0.000000000 0.000000000 0.000000000 0.000000000 0.000000000 0.000000000 0.000000000 0.000000000 0.000000000 0.000000000 0.000000000 0.000000000 0.000000000 0.000000000 0.000000000 0.000000000 0.000000000 0.000000000 0.000000000 0.000000000 0.000000000 0.000000000 0.000000000 0.000000000 0.000000000 0.000000000 0.000000000 0.000000000 0.000000000 0.000000000 0.000000000 0.000000000 0.000000000 0.000000000 0.000000000 0.000000000 0.000000000 0.000000000 0.000000000 0.000000000 0.000000000 0.000000000 0.000000000 0.000000000 0.000000000 0.000000000 0.000000000 0.000000000 0.000000000 0.000000000 0.000000000 0.000000000 0.000000000 0.000000000 0.000000000 0.000000000 0.000000000 0.000000000 0.000000000 
0.000000000 0.000000000 0.000000000 0.000000000 0.000000000 0.000000000 0.000000000 0.000000000 0.000000000 0.000000000 0.000000000 0.000000000 0.000000000 0.000000000 0.000000000 0.000000000 0.000000000 0.000000000 0.000000000 0.000000000 0.000000000 0.000000000 0.000000000 0.000000000 0.000000000 0.000000000 0.000000000 0.000000000 0.000000000 0.000000000 0.000000000 0.000000000 0.000000000 0.000000000 0.000000000 0.000000000 0.000000000 0.000000000 0.000000000 0.000000000 0.000000000 0.000000000 0.000000000 0.000000000 0.000000000 0.000000000 0.000000000 0.000000000 0.000000000 0.000000000 0.000000000 0.000000000 0.000000000 0.000000000 0.000000000 0.000000000 0.000000000 0.000000000 0.000000000 0.000000000 0.000000000 0.000000000 0.000000000 0.000000000 0.000000000 0.000000000 0.000000000 0.000000000 0.000000000 0.000000000 0.000000000 0.000000000 0.000000000 0.000000000 0.000000000 0.000000000 0.000000000 0.000000000 0.000000000 0.000000000 0.000000000 0.000000000 0.000000000 0.000000000 0.000000000 0.000000000 0.000000000 0.000000000 0.000000000 0.000000000 0.000000000 0.000000000 0.000000000 0.000000000 0.000000000 0.000000000 0.000000000 0.000000000 0.000000000 0.000000000 0.000000000 0.000000000 0.000000000 0.000000000 0.000000000 0.000000000 0.000000000 0.000000000 0.000000000 0.000000000 0.000000000 0.000000000 0.000000000 0.000000000 0.000000000 0.000000000 0.000000000 0.000000000 0.000000000 0.000000000 0.000000000 0.000000000 0.000000000 0.000000000 0.000000000 0.000000000 0.000000000 0.000000000 0.000000000 0.000000000 0.000000000 0.000000000 0.000000000 0.000000000 0.000000000 0.000000000 0.000000000 0.000000000 0.000000000 0.000000000 0.000000000 0.000000000 0.000000000 0.000000000 0.000000000 0.000000000 0.000000000 0.000000000 0.000000000 0.000000000 0.000000000 0.000000000 0.000000000 0.000000000 0.000000000 0.000000000 0.000000000 0.000000000 0.000000000 0.000000000 0.000000000 0.000000000 0.000000000 0.000000000 0.000000000 0.000000000 0.000000000 0.000000000 0.000000000 0.000000000 0.000000000 0.000000000 0.000000000 0.000000000 0.000000000 0.000000000 0.000000000 0.000000000 0.000000000 0.000000000 0.000000000 0.000000000 0.000000000 0.000000000 0.000000000 0.000000000 0.000000000 0.000000000 0.000000000 0.000000000 0.000000000 0.000000000 0.000000000 0.000000000 0.000000000 0.000000000 0.000000000 0.000000000 0.000000000 0.000000000 0.000000000 0.000000000 0.000000000 0.000000000 0.000000000 0.000000000 0.000000000 0.000000000 0.000000000 0.000000000 0.000000000 0.000000000 0.000000000 0.000000000 0.000000000 0.000000000 0.000000000 0.000000000 0.000000000 0.000000000 0.000000000 0.000000000 0.000000000 0.000000000 0.000000000 0.000000000 0.000000000 0.000000000 0.000000000 0.000000000 0.000000000 0.000000000 0.000000000 0.000000000 0.000000000 0.000000000 0.000000000 0.000000000 0.000000000 0.000000000 0.000000000 0.000000000 0.000000000 0.000000000 0.000000000 0.000000000 0.000000000 0.000000000 0.000000000 0.000000000 0.000000000 0.000000000 0.000000000 0.000000000 0.000000000 0.000000000 0.000000000 
0.000000000 0.000000000 0.000000000 0.000000000 0.000000000 0.000000000 0.000000000 0.000000000 0.000000000 0.000000000 0.000000000 0.000000000 0.000000000 0.000000000 0.000000000 0.000000000 0.000000000 0.000000000 0.000000000 0.000000000 0.000000000 0.000000000 0.000000000 0.000000000 0.000000000 0.000000000 0.000000000 0.000000000 0.000000000 0.000000000 0.000000000 0.000000000 0.000000000 0.000000000 0.000000000 0.000000000 0.000000000 0.000000000 0.000000000 0.000000000 0.000000000 0.000000000 0.000000000 0.000000000 0.000000000 0.000000000 0.000000000 0.000000000 0.000000000 0.000000000 0.000000000 0.000000000 0.000000000 0.000000000 0.000000000 0.000000000 0.000000000 0.000000000 0.000000000 0.000000000 0.000000000 0.000000000 0.000000000 0.000000000 0.000000000 0.000000000 0.000000000 0.000000000 0.000000000 0.000000000 0.000000000 0.000000000 0.000000000 0.000000000 0.000000000 0.000000000 0.000000000 0.000000000 0.000000000 0.000000000 0.000000000 0.000000000 0.000000000 0.000000000 0.000000000 0.000000000 0.000000000 0.000000000 0.000000000 0.000000000 0.000000000 0.000000000 0.000000000 0.000000000 0.000000000 0.000000000 0.000000000 0.000000000 0.000000000 0.000000000 0.000000000 0.000000000 0.000000000 0.000000000 0.000000000 0.000000000 0.000000000 0.000000000 0.000000000 0.000000000 0.000000000 0.000000000 0.000000000 0.000000000 0.000000000 0.000000000 0.000000000 0.000000000 0.000000000 0.000000000 0.000000000 0.000000000 0.000000000 0.000000000 0.000000000 0.000000000 0.000000000 0.000000000 0.000000000 0.000000000 0.000000000 0.000000000 0.000000000 0.000000000 0.000000000 0.000000000 0.000000000 0.000000000 0.000000000 0.000000000 0.000000000 0.000000000 0.000000000 0.000000000 0.000000000 0.000000000 0.000000000 0.000000000 0.000000000 0.000000000 0.000000000 0.000000000 0.000000000 0.000000000 0.000000000 0.000000000 0.000000000 0.000000000 0.000000000 0.000000000 0.000000000 0.000000000 0.000000000 0.000000000 0.000000000 0.000000000 0.000000000 0.000000000 0.000000000 0.000000000 0.000000000 0.000000000 0.000000000 0.000000000 0.000000000 0.000000000 0.000000000 0.000000000 0.000000000 0.000000000 0.000000000 0.000000000 0.000000000 0.000000000 0.000000000 0.000000000 0.000000000 0.000000000 0.000000000 0.000000000 0.000000000 0.000000000 0.000000000 0.000000000 0.000000000 0.000000000 0.000000000 0.000000000 0.000000000 0.000000000 0.000000000 0.000000000 0.000000000 0.000000000 0.000000000 0.000000000 0.000000000 0.000000000 0.000000000 0.000000000 0.000000000 0.000000000 0.000000000 0.000000000 0.000000000 0.000000000 0.000000000 0.000000000 0.000000000 0.000000000 0.000000000 0.000000000 0.000000000 0.000000000 0.000000000 0.000000000 0.000000000 0.000000000 0.000000000 0.000000000 0.000000000 0.000000000 0.000000000 0.000000000 0.000000000 0.000000000 0.000000000 0.000000000 0.000000000 0.000000000 0.000000000 0.000000000 0.000000000 0.000000000 0.000000000 0.000000000 0.000000000 0.000000000 0.000000000 0.000000000 0.000000000 0.000000000 0.000000000 0.000000000 0.000000000 0.000000000 0.000000000 
0.000000000 0.000000000 0.000000000 0.000000000 0.000000000 0.000000000 0.000000000 0.000000000 0.000000000 0.000000000 0.000000000 0.000000000 0.000000000 0.000000000 0.000000000 0.000000000 0.000000000 0.000000000 0.000000000 0.000000000 0.000000000 0.000000000 0.000000000 0.000000000 0.000000000 0.000000000 0.000000000 0.000000000 0.000000000 0.000000000 0.000000000 0.000000000 0.000000000 0.000000000 0.000000000 0.000000000 0.000000000 0.000000000 0.000000000 0.000000000 0.000000000 0.000000000 0.000000000 0.000000000 0.000000000 0.000000000 0.000000000 0.000000000 0.000000000 0.000000000 0.000000000 0.000000000 0.000000000 0.000000000 0.000000000 0.000000000 0.000000000 0.000000000 0.000000000 0.000000000 0.000000000 0.000000000 0.000000000 0.000000000 0.000000000 0.000000000 0.000000000 0.000000000 0.000000000 0.000000000 0.000000000 0.000000000 0.000000000 0.000000000 0.000000000 0.000000000 0.000000000 0.000000000 0.000000000 0.000000000 0.000000000 0.000000000 0.000000000 0.000000000 0.000000000 0.000000000 0.000000000 0.000000000 0.000000000 0.000000000 0.000000000 0.000000000 0.000000000 0.000000000 0.000000000 0.000000000 0.000000000 0.000000000 0.000000000 0.000000000 0.000000000 0.000000000 0.000000000 0.000000000 0.000000000 0.000000000 0.000000000 0.000000000 0.000000000 0.000000000 0.000000000 0.000000000 0.000000000 0.000000000 0.000000000 0.000000000 0.000000000 0.000000000 0.000000000 0.000000000 0.000000000 0.000000000 0.000000000 0.000000000 0.000000000 0.000000000 0.000000000 0.000000000 0.000000000 0.000000000 0.000000000 0.000000000 0.000000000 0.000000000 0.000000000 0.000000000 0.000000000 0.000000000 0.000000000 0.000000000 0.000000000 0.000000000 0.000000000 0.000000000 0.000000000 0.000000000 0.000000000 0.000000000 0.000000000 0.000000000 0.000000000 0.000000000 0.000000000 0.000000000 0.000000000 0.000000000 0.000000000 0.000000000 0.000000000 0.000000000 0.000000000 0.000000000 0.000000000 0.000000000 0.000000000 0.000000000 0.000000000 0.000000000 0.000000000 0.000000000 0.000000000 0.000000000 0.000000000 0.000000000 0.000000000 0.000000000 0.000000000 0.000000000 0.000000000 0.000000000 0.000000000 0.000000000 0.000000000 0.000000000 0.000000000 0.000000000 0.000000000 0.000000000 0.000000000 0.000000000 0.000000000 0.000000000 0.000000000 0.000000000 0.000000000 0.000000000 0.000000000 0.000000000 0.000000000 0.000000000 0.000000000 0.000000000 0.000000000 0.000000000 0.000000000 0.000000000 0.000000000 0.000000000 0.000000000 0.000000000 0.000000000 0.000000000 0.000000000 0.000000000 0.000000000 0.000000000 0.000000000 0.000000000 0.000000000 0.000000000 0.000000000 0.000000000 0.000000000 0.000000000 0.000000000 0.000000000 0.000000000 0.000000000 0.000000000 0.000000000 0.000000000 0.000000000 0.000000000 0.000000000 0.000000000 0.000000000 0.000000000 0.000000000 0.000000000 0.000000000 0.000000000 0.000000000 0.000000000 0.000000000 0.000000000 0.000000000 0.000000000 0.000000000 0.000000000 0.000000000 0.000000000 0.000000000 0.000000000 0.000000000 0.000000000 0.000000000 0.000000000 
0.000000000 0.000000000 0.000000000 0.000000000 0.000000000 0.000000000 0.000000000 0.000000000 0.000000000 0.000000000 0.000000000 0.000000000 0.000000000 0.000000000 0.000000000 0.000000000 0.000000000 0.000000000 0.000000000 0.000000000 0.000000000 0.000000000 0.000000000 0.000000000 0.000000000 0.000000000 0.000000000 0.000000000 0.000000000 0.000000000 0.000000000 0.000000000 0.000000000 0.000000000 0.000000000 0.000000000 0.000000000 0.000000000 0.000000000 0.000000000 0.000000000 0.000000000 0.000000000 0.000000000 0.000000000 0.000000000 0.000000000 0.000000000 0.000000000 0.000000000 0.000000000 0.000000000 0.000000000 0.000000000 0.000000000 0.000000000 0.000000000 0.000000000 0.000000000 0.000000000 0.000000000 0.000000000 0.000000000 0.000000000 0.000000000 0.000000000 0.000000000 0.000000000 0.000000000 0.000000000 0.000000000 0.000000000 0.000000000 0.000000000 0.000000000 0.000000000 0.000000000 0.000000000 0.000000000 0.000000000 0.000000000 0.000000000 0.000000000 0.000000000 0.000000000 0.000000000 0.000000000 0.000000000 0.000000000 0.000000000 0.000000000 0.000000000 0.000000000 0.000000000 0.000000000 0.000000000 0.000000000 0.000000000 0.000000000 0.000000000 0.000000000 0.000000000 0.000000000 0.000000000 0.000000000 0.000000000 0.000000000 0.000000000 0.000000000 0.000000000 0.000000000 0.000000000 0.000000000 0.000000000 0.000000000 0.000000000 0.000000000 0.000000000 0.000000000 0.000000000 0.000000000 0.000000000 0.000000000 0.000000000 0.000000000 0.000000000 0.000000000 0.000000000 0.000000000 0.000000000 0.000000000 0.000000000 0.000000000 0.000000000 0.000000000 0.000000000 0.000000000 0.000000000 0.000000000 0.000000000 0.000000000 0.000000000 0.000000000 0.000000000 0.000000000 0.000000000 0.000000000 0.000000000 0.000000000 0.000000000 0.000000000 0.000000000 0.000000000 0.000000000 0.000000000 0.000000000 0.000000000 0.000000000 0.000000000 0.000000000 0.000000000 0.000000000 0.000000000 0.000000000 0.000000000 0.000000000 0.000000000 0.000000000 0.000000000 0.000000000 0.000000000 0.000000000 0.000000000 0.000000000 0.000000000 0.000000000 0.000000000 0.000000000 0.000000000 0.000000000 0.000000000 0.000000000 0.000000000 0.000000000 0.000000000 0.000000000 0.000000000 0.000000000 0.000000000 0.000000000 0.000000000 0.000000000 0.000000000 0.000000000 0.000000000 0.000000000 0.000000000 0.000000000 0.000000000 0.000000000 0.000000000 0.000000000 0.000000000 0.000000000 0.000000000 0.000000000 0.000000000 0.000000000 0.000000000 0.000000000 0.000000000 0.000000000 0.000000000 0.000000000 0.000000000 0.000000000 0.000000000 0.000000000 0.000000000 0.000000000 0.000000000 0.000000000 0.000000000 0.000000000 0.000000000 0.000000000 0.000000000 0.000000000 0.000000000 0.000000000 0.000000000 0.000000000 0.000000000 0.000000000 0.000000000 0.000000000 0.000000000 0.000000000 0.000000000 0.000000000 0.000000000 0.000000000 0.000000000 0.000000000 0.000000000 0.000000000 0.000000000 0.000000000 0.000000000 0.000000000 0.000000000 0.000000000 0.000000000 0.000000000 0.000000000 0.000000000 0.000000000 
0.000000000 0.000000000 0.000000000 0.000000000 0.000000000 0.000000000 0.000000000 0.000000000 0.000000000 0.000000000 0.000000000 0.000000000 0.000000000 0.000000000 0.000000000 0.000000000 0.000000000 0.000000000 0.000000000 0.000000000 0.000000000 0.000000000 0.000000000 0.000000000 0.000000000 0.000000000 0.000000000 0.000000000 0.000000000 0.000000000 0.000000000 0.000000000 0.000000000 0.000000000 0.000000000 0.000000000 0.000000000 0.000000000 0.000000000 0.000000000 0.000000000 0.000000000 0.000000000 0.000000000 0.000000000 0.000000000 0.000000000 0.000000000 0.000000000 0.000000000 0.000000000 0.000000000 0.000000000 0.000000000 0.000000000 0.000000000 0.000000000 0.000000000 0.000000000 0.000000000 0.000000000 0.000000000 0.000000000 0.000000000 0.000000000 0.000000000 0.000000000 0.000000000 0.000000000 0.000000000 0.000000000 0.000000000 0.000000000 0.000000000 0.000000000 0.000000000 0.000000000 0.000000000 0.000000000 0.000000000 0.000000000 0.000000000 0.000000000 0.000000000 0.000000000 0.000000000 0.000000000 0.000000000 0.000000000 0.000000000 0.000000000 0.000000000 0.000000000 0.000000000 0.000000000 0.000000000 0.000000000 0.000000000 0.000000000 0.000000000 0.000000000 0.000000000 0.000000000 0.000000000 0.000000000 0.000000000 0.000000000 0.000000000 0.000000000 0.000000000 0.000000000 0.000000000 0.000000000 0.000000000 0.000000000 0.000000000 0.000000000 0.000000000 0.000000000 0.000000000 0.000000000 0.000000000 0.000000000 0.000000000 0.000000000 0.000000000 0.000000000 0.000000000 0.000000000 0.000000000 0.000000000 0.000000000 0.000000000 0.000000000 0.000000000 0.000000000 0.000000000 0.000000000 0.000000000 0.000000000 0.000000000 0.000000000 0.000000000 0.000000000 0.000000000 0.000000000 0.000000000 0.000000000 0.000000000 0.000000000 0.000000000 0.000000000 0.000000000 0.000000000 0.000000000 0.000000000 0.000000000 0.000000000 0.000000000 0.000000000 0.000000000 0.000000000 0.000000000 0.000000000 0.000000000 0.000000000 0.000000000 0.000000000 0.000000000 0.000000000 0.000000000 0.000000000 0.000000000 0.000000000 0.000000000 0.000000000 0.000000000 0.000000000 0.000000000 0.000000000 0.000000000 0.000000000 0.000000000 0.000000000 0.000000000 0.000000000 0.000000000 0.000000000 0.000000000 0.000000000 0.000000000 0.000000000 0.000000000 0.000000000 0.000000000 0.000000000 0.000000000 0.000000000 0.000000000 0.000000000 0.000000000 0.000000000 0.000000000 0.000000000 0.000000000 0.000000000 0.000000000 0.000000000 0.000000000 0.000000000 0.000000000 0.000000000 0.000000000 0.000000000 0.000000000 0.000000000 0.000000000 0.000000000 0.000000000 0.000000000 0.000000000 0.000000000 0.000000000 0.000000000 0.000000000 0.000000000 0.000000000 0.000000000 0.000000000 0.000000000 0.000000000 0.000000000 0.000000000 0.000000000 0.000000000 0.000000000 0.000000000 0.000000000 0.000000000 0.000000000 0.000000000 0.000000000 0.000000000 0.000000000 0.000000000 0.000000000 0.000000000 0.000000000 0.000000000 0.000000000 0.000000000 0.000000000 0.000000000 0.000000000 0.000000000 0.000000000 0.000000000 
0.000000000 0.000000000 0.000000000 0.000000000 0.000000000 0.000000000 0.000000000 0.000000000 0.000000000 0.000000000 0.000000000 0.000000000 0.000000000 0.000000000 0.000000000 0.000000000 0.000000000 0.000000000 0.000000000 0.000000000 0.000000000 0.000000000 0.000000000 0.000000000 0.000000000 0.000000000 0.000000000 0.000000000 0.000000000 0.000000000 0.000000000 0.000000000 0.000000000 0.000000000 0.000000000 0.000000000 0.000000000 0.000000000 0.000000000 0.000000000 0.000000000 0.000000000 0.000000000 0.000000000 0.000000000 0.000000000 0.000000000 0.000000000 0.000000000 0.000000000 0.000000000 0.000000000 0.000000000 0.000000000 0.000000000 0.000000000 0.000000000 0.000000000 0.000000000 0.000000000 0.000000000 0.000000000 0.000000000 0.000000000 0.000000000 0.000000000 0.000000000 0.000000000 0.000000000 0.000000000 0.000000000 0.000000000 0.000000000 0.000000000 0.000000000 0.000000000 0.000000000 0.000000000 0.000000000 0.000000000 0.000000000 0.000000000 0.000000000 0.000000000 0.000000000 0.000000000 0.000000000 0.000000000 0.000000000 0.000000000 0.000000000 0.000000000 0.000000000 0.000000000 0.000000000 0.000000000 0.000000000 0.000000000 0.000000000 0.000000000 0.000000000 0.000000000 0.000000000 0.000000000 0.000000000 0.000000000 0.000000000 0.000000000 0.000000000 0.000000000 0.000000000 0.000000000 0.000000000 0.000000000 0.000000000 0.000000000 0.000000000 0.000000000 0.000000000 0.000000000 0.000000000 0.000000000 0.000000000 0.000000000 0.000000000 0.000000000 0.000000000 0.000000000 0.000000000 0.000000000 0.000000000 0.000000000 0.000000000 0.000000000 0.000000000 0.000000000 0.000000000 0.000000000 0.000000000 0.000000000 0.000000000 0.000000000 0.000000000 0.000000000 0.000000000 0.000000000 0.000000000 0.000000000 0.000000000 0.000000000 0.000000000 0.000000000 0.000000000 0.000000000 0.000000000 0.000000000 0.000000000 0.000000000 0.000000000 0.000000000 0.000000000 0.000000000 0.000000000 0.000000000 0.000000000 0.000000000 0.000000000 0.000000000 0.000000000 0.000000000 0.000000000 0.000000000 0.000000000 0.000000000 0.000000000 0.000000000 0.000000000 0.000000000 0.000000000 0.000000000 0.000000000 0.000000000 0.000000000 0.000000000 0.000000000 0.000000000 0.000000000 0.000000000 0.000000000 0.000000000 0.000000000 0.000000000 0.000000000 0.000000000 0.000000000 0.000000000 0.000000000 0.000000000 0.000000000 0.000000000 0.000000000 0.000000000 0.000000000 0.000000000 0.000000000 0.000000000 0.000000000 0.000000000 0.000000000 0.000000000 0.000000000 0.000000000 0.000000000 0.000000000 0.000000000 0.000000000 0.000000000 0.000000000 0.000000000 0.000000000 0.000000000 0.000000000 0.000000000 0.000000000 0.000000000 0.000000000 0.000000000 0.000000000 0.000000000 0.000000000 0.000000000 0.000000000 0.000000000 0.000000000 0.000000000 0.000000000 0.000000000 0.000000000 0.000000000 0.000000000 0.000000000 0.000000000 0.000000000 0.000000000 0.000000000 0.000000000 0.000000000 0.000000000 0.000000000 0.000000000 0.000000000 0.000000000 0.000000000 0.000000000 0.000000000 0.000000000 0.000000000 
0.000000000 0.000000000 0.000000000 0.000000000 0.000000000 0.000000000 0.000000000 0.000000000 0.000000000 0.000000000 0.000000000 0.000000000 0.000000000 0.000000000 0.000000000 0.000000000 0.000000000 0.000000000 0.000000000 0.000000000 0.000000000 0.000000000 0.000000000 0.000000000 0.000000000 0.000000000 0.000000000 0.000000000 0.000000000 0.000000000 0.000000000 0.000000000 0.000000000 0.000000000 0.000000000 0.000000000 0.000000000 0.000000000 0.000000000 0.000000000 0.000000000 0.000000000 0.000000000 0.000000000 0.000000000 0.000000000 0.000000000 0.000000000 0.000000000 0.000000000 0.000000000 0.000000000 0.000000000 0.000000000 0.000000000 0.000000000 0.000000000 0.000000000 0.000000000 0.000000000 0.000000000 0.000000000 0.000000000 0.000000000 0.000000000 0.000000000 0.000000000 0.000000000 0.000000000 0.000000000 0.000000000 0.000000000 0.000000000 0.000000000 0.000000000 0.000000000 0.000000000 0.000000000 0.000000000 0.000000000 0.000000000 0.000000000 0.000000000 0.000000000 0.000000000 0.000000000 0.000000000 0.000000000 0.000000000 0.000000000 0.000000000 0.000000000 0.000000000 0.000000000 0.000000000 0.000000000 0.000000000 0.000000000 0.000000000 0.000000000 0.000000000 0.000000000 0.000000000 0.000000000 0.000000000 0.000000000 0.000000000 0.000000000 0.000000000 0.000000000 0.000000000 0.000000000 0.000000000 0.000000000 0.000000000 0.000000000 0.000000000 0.000000000 0.000000000 0.000000000 0.000000000 0.000000000 0.000000000 0.000000000 0.000000000 0.000000000 0.000000000 0.000000000 0.000000000 0.000000000 0.000000000 0.000000000 0.000000000 0.000000000 0.000000000 0.000000000 0.000000000 0.000000000 0.000000000 0.000000000 0.000000000 0.000000000 0.000000000 0.000000000 0.000000000 0.000000000 0.000000000 0.000000000 0.000000000 0.000000000 0.000000000 0.000000000 0.000000000 0.000000000 0.000000000 0.000000000 0.000000000 0.000000000 0.000000000 0.000000000 0.000000000 0.000000000 0.000000000 0.000000000 0.000000000 0.000000000 0.000000000 0.000000000 0.000000000 0.000000000 0.000000000 0.000000000 0.000000000 0.000000000 0.000000000 0.000000000 0.000000000 0.000000000 0.000000000 0.000000000 0.000000000 0.000000000 0.000000000 0.000000000 0.000000000 0.000000000 0.000000000 0.000000000 0.000000000 0.000000000 0.000000000 0.000000000 0.000000000 0.000000000 0.000000000 0.000000000 0.000000000 0.000000000 0.000000000 0.000000000 0.000000000 0.000000000 0.000000000 0.000000000 0.000000000 0.000000000 0.000000000 0.000000000 0.000000000 0.000000000 0.000000000 0.000000000 0.000000000 0.000000000 0.000000000 0.000000000 0.000000000 0.000000000 0.000000000 0.000000000 0.000000000 0.000000000 0.000000000 0.000000000 0.000000000 0.000000000 0.000000000 0.000000000 0.000000000 0.000000000 0.000000000 0.000000000 0.000000000 0.000000000 0.000000000 0.000000000 0.000000000 0.000000000 0.000000000 0.000000000 0.000000000 0.000000000 0.000000000 0.000000000 0.000000000 0.000000000 0.000000000 0.000000000 0.000000000 0.000000000 0.000000000 0.000000000 0.000000000 0.000000000 0.000000000 0.000000000 0.000000000 
