0.863281250 0.054687500 0.113281250 0.093750000 0.117187500 0.261718750 0.183593750 0.019531250 0.390625000 1.292968750 0.382812500 0.144531250 0.097656250 0.156250000 0.113281250 0.101562500 0.109375000 0.199218750 0.035156250 0.437500000 0.253906250 0.062500000 0.128906250 0.117187500 0.109375000 0.218750000 0.082031250 0.058593750 0.046875000 0.085937500 0.082031250 0.074218750 0.054687500 0.062500000 0.074218750 0.093750000 0.156250000 0.117187500 0.011718750 0.128906250 0.105468750 0.011718750 0.015625000 0.105468750 0.019531250 0.019531250 0.027343750 0.054687500 0.031250000 0.097656250 0.082031250 0.039062500 0.097656250 0.070312500 0.058593750 0.062500000 0.074218750 0.019531250 0.058593750 0.085937500 0.039062500 0.078125000 0.015625000 0.023437500 0.019531250 0.039062500 0.019531250 0.046875000 0.042968750 0.074218750 0.046875000 0.050781250 0.046875000 0.058593750 0.035156250 0.019531250 0.050781250 0.015625000 0.011718750 0.050781250 0.031250000 0.031250000 0.058593750 0.027343750 0.066406250 0.074218750 0.027343750 0.046875000 0.027343750 0.042968750 0.066406250 0.035156250 0.027343750 0.050781250 0.042968750 0.035156250 0.046875000 0.054687500 0.027343750 0.015625000 0.046875000 0.011718750 0.031250000 0.039062500 0.019531250 0.058593750 0.015625000 0.015625000 0.039062500 0.019531250 0.042968750 0.015625000 0.039062500 0.039062500 0.039062500 0.042968750 0.019531250 0.042968750 0.019531250 0.031250000 0.019531250 0.011718750 0.011718750 0.015625000 0.015625000 0.054687500 0.046875000 0.019531250 0.019531250 0.007812500 0.027343750 0.003906250 0.031250000 0.015625000 0.023437500 0.003906250 0.035156250 0.031250000 0.042968750 0.031250000 0.027343750 0.031250000 0.046875000 0.027343750 0.023437500 0.042968750 0.011718750 0.019531250 0.042968750 0.003906250 0.019531250 0.031250000 0.039062500 0.019531250 0.015625000 0.015625000 0.027343750 0.019531250 0.015625000 0.031250000 0.023437500 0.023437500 0.023437500 0.023437500 0.031250000 0.019531250 0.011718750 0.027343750 0.031250000 0.027343750 0.011718750 0.023437500 0.015625000 0.027343750 0.015625000 0.003906250 0.027343750 0.007812500 0.023437500 0.039062500 0.039062500 0.015625000 0.003906250 0.023437500 0.023437500 0.019531250 0.023437500 0.019531250 0.027343750 0.019531250 0.039062500 0.019531250 0.042968750 0.011718750 0.019531250 0.054687500 0.046875000 0.015625000 0.023437500 0.023437500 0.015625000 0.000000000 0.011718750 0.011718750 0.027343750 0.003906250 0.042968750 0.031250000 0.019531250 0.003906250 0.003906250 0.011718750 0.003906250 0.003906250 0.042968750 0.027343750 0.039062500 0.027343750 0.023437500 0.023437500 0.023437500 0.031250000 0.023437500 0.023437500 0.019531250 0.027343750 0.019531250 0.039062500 0.027343750 0.042968750 0.042968750 0.019531250 0.019531250 0.019531250 0.027343750 0.011718750 0.046875000 0.031250000 0.023437500 0.007812500 0.011718750 0.031250000 0.035156250 0.035156250 0.011718750 0.019531250 0.019531250 0.015625000 0.035156250 0.011718750 0.015625000 0.000000000 0.015625000 0.015625000 0.031250000 0.031250000 0.027343750 
0.988281250 0.066406250 0.148437500 0.042968750 0.320312500 0.328125000 0.335937500 0.398437500 0.664062500 0.832031250 0.183593750 0.183593750 0.136718750 0.066406250 0.199218750 0.082031250 0.125000000 0.167968750 0.164062500 0.527343750 0.382812500 0.253906250 0.062500000 0.042968750 0.117187500 0.203125000 0.066406250 0.097656250 0.074218750 0.082031250 0.125000000 0.011718750 0.070312500 0.031250000 0.046875000 0.113281250 0.066406250 0.164062500 0.058593750 0.144531250 0.105468750 0.023437500 0.062500000 0.062500000 0.050781250 0.031250000 0.027343750 0.054687500 0.078125000 0.019531250 0.117187500 0.082031250 0.046875000 0.062500000 0.015625000 0.023437500 0.019531250 0.019531250 0.062500000 0.078125000 0.039062500 0.046875000 0.070312500 0.035156250 0.031250000 0.019531250 0.007812500 0.019531250 0.039062500 0.062500000 0.015625000 0.050781250 0.011718750 0.023437500 0.042968750 0.085937500 0.019531250 0.015625000 0.031250000 0.070312500 0.011718750 0.027343750 0.058593750 0.019531250 0.101562500 0.042968750 0.031250000 0.011718750 0.050781250 0.058593750 0.023437500 0.039062500 0.058593750 0.042968750 0.039062500 0.039062500 0.046875000 0.023437500 0.011718750 0.015625000 0.035156250 0.007812500 0.023437500 0.023437500 0.027343750 0.046875000 0.035156250 0.046875000 0.003906250 0.027343750 0.023437500 0.019531250 0.035156250 0.046875000 0.031250000 0.031250000 0.015625000 0.007812500 0.027343750 0.031250000 0.027343750 0.007812500 0.011718750 0.039062500 0.023437500 0.042968750 0.039062500 0.042968750 0.023437500 0.015625000 0.015625000 0.035156250 0.015625000 0.015625000 0.011718750 0.011718750 0.039062500 0.027343750 0.027343750 0.011718750 0.046875000 0.019531250 0.039062500 0.015625000 0.015625000 0.027343750 0.019531250 0.019531250 0.019531250 0.015625000 0.019531250 0.007812500 0.011718750 0.042968750 0.039062500 0.015625000 0.027343750 0.019531250 0.011718750 0.023437500 0.011718750 0.007812500 0.007812500 0.023437500 0.035156250 0.019531250 0.011718750 0.042968750 0.003906250 0.003906250 0.019531250 0.019531250 0.007812500 0.023437500 0.019531250 0.011718750 0.023437500 0.019531250 0.046875000 0.015625000 0.054687500 0.007812500 0.011718750 0.015625000 0.019531250 0.011718750 0.035156250 0.035156250 0.015625000 0.011718750 0.027343750 0.039062500 0.019531250 0.011718750 0.027343750 0.039062500 0.015625000 0.050781250 0.019531250 0.027343750 0.019531250 0.019531250 0.015625000 0.011718750 0.011718750 0.015625000 0.023437500 0.042968750 0.011718750 0.011718750 0.019531250 0.019531250 0.003906250 0.023437500 0.019531250 0.003906250 0.015625000 0.042968750 0.011718750 0.015625000 0.035156250 0.019531250 0.031250000 0.015625000 0.007812500 0.007812500 0.011718750 0.019531250 0.031250000 0.054687500 0.039062500 0.039062500 0.019531250 0.011718750 0.011718750 0.023437500 0.019531250 0.015625000 0.031250000 0.011718750 0.015625000 0.007812500 0.054687500 0.015625000 0.027343750 0.019531250 0.027343750 0.003906250 0.035156250 0.015625000 0.011718750 0.019531250 0.011718750 0.015625000 0.007812500 0.019531250 0.011718750 
1.238281250 0.164062500 0.097656250 0.027343750 0.300781250 0.238281250 0.296875000 0.175781250 0.535156250 0.750000000 0.445312500 0.066406250 0.175781250 0.062500000 0.144531250 0.019531250 0.230468750 0.074218750 0.144531250 0.597656250 0.250000000 0.199218750 0.097656250 0.019531250 0.093750000 0.156250000 0.015625000 0.066406250 0.113281250 0.121093750 0.140625000 0.062500000 0.074218750 0.046875000 0.007812500 0.125000000 0.050781250 0.195312500 0.097656250 0.097656250 0.093750000 0.058593750 0.023437500 0.085937500 0.035156250 0.023437500 0.046875000 0.054687500 0.078125000 0.054687500 0.121093750 0.027343750 0.050781250 0.054687500 0.015625000 0.023437500 0.007812500 0.031250000 0.035156250 0.070312500 0.023437500 0.019531250 0.023437500 0.062500000 0.035156250 0.035156250 0.019531250 0.035156250 0.054687500 0.058593750 0.007812500 0.046875000 0.019531250 0.035156250 0.066406250 0.054687500 0.027343750 0.039062500 0.042968750 0.039062500 0.042968750 0.050781250 0.039062500 0.035156250 0.070312500 0.031250000 0.027343750 0.015625000 0.031250000 0.054687500 0.023437500 0.019531250 0.050781250 0.035156250 0.019531250 0.023437500 0.042968750 0.003906250 0.019531250 0.015625000 0.027343750 0.011718750 0.019531250 0.023437500 0.031250000 0.019531250 0.011718750 0.042968750 0.011718750 0.015625000 0.054687500 0.039062500 0.031250000 0.039062500 0.031250000 0.023437500 0.023437500 0.027343750 0.058593750 0.015625000 0.007812500 0.015625000 0.007812500 0.039062500 0.003906250 0.035156250 0.015625000 0.011718750 0.031250000 0.046875000 0.027343750 0.023437500 0.035156250 0.039062500 0.031250000 0.011718750 0.046875000 0.015625000 0.027343750 0.011718750 0.019531250 0.031250000 0.019531250 0.007812500 0.015625000 0.015625000 0.011718750 0.023437500 0.031250000 0.015625000 0.015625000 0.011718750 0.027343750 0.058593750 0.019531250 0.007812500 0.035156250 0.011718750 0.007812500 0.011718750 0.015625000 0.019531250 0.011718750 0.015625000 0.054687500 0.019531250 0.011718750 0.039062500 0.019531250 0.027343750 0.015625000 0.011718750 0.011718750 0.027343750 0.019531250 0.007812500 0.023437500 0.023437500 0.031250000 0.019531250 0.035156250 0.019531250 0.027343750 0.015625000 0.015625000 0.007812500 0.035156250 0.027343750 0.011718750 0.003906250 0.027343750 0.039062500 0.011718750 0.019531250 0.015625000 0.027343750 0.015625000 0.019531250 0.031250000 0.015625000 0.015625000 0.007812500 0.011718750 0.015625000 0.015625000 0.007812500 0.007812500 0.027343750 0.011718750 0.011718750 0.023437500 0.039062500 0.007812500 0.000000000 0.023437500 0.039062500 0.039062500 0.031250000 0.019531250 0.019531250 0.003906250 0.007812500 0.019531250 0.007812500 0.023437500 0.023437500 0.019531250 0.019531250 0.023437500 0.031250000 0.031250000 0.035156250 0.023437500 0.027343750 0.019531250 0.007812500 0.007812500 0.027343750 0.035156250 0.019531250 0.015625000 0.003906250 0.062500000 0.011718750 0.027343750 0.023437500 0.031250000 0.023437500 0.003906250 0.023437500 0.003906250 0.023437500 0.003906250 0.023437500 0.003906250 0.015625000 0.019531250 
1.410156250 0.042968750 0.187500000 0.148437500 0.292968750 0.156250000 0.296875000 0.183593750 0.406250000 0.636718750 0.238281250 0.324218750 0.074218750 0.085937500 0.105468750 0.089843750 0.171875000 0.078125000 0.066406250 0.613281250 0.031250000 0.242187500 0.179687500 0.093750000 0.085937500 0.128906250 0.070312500 0.136718750 0.039062500 0.203125000 0.144531250 0.035156250 0.042968750 0.023437500 0.078125000 0.105468750 0.117187500 0.128906250 0.097656250 0.058593750 0.132812500 0.062500000 0.050781250 0.062500000 0.046875000 0.031250000 0.066406250 0.105468750 0.035156250 0.113281250 0.066406250 0.058593750 0.039062500 0.058593750 0.039062500 0.003906250 0.011718750 0.039062500 0.015625000 0.058593750 0.023437500 0.050781250 0.058593750 0.027343750 0.082031250 0.000000000 0.023437500 0.031250000 0.074218750 0.066406250 0.031250000 0.027343750 0.015625000 0.039062500 0.062500000 0.042968750 0.027343750 0.023437500 0.035156250 0.042968750 0.054687500 0.035156250 0.031250000 0.042968750 0.082031250 0.031250000 0.019531250 0.019531250 0.023437500 0.039062500 0.035156250 0.058593750 0.000000000 0.050781250 0.015625000 0.015625000 0.035156250 0.003906250 0.031250000 0.019531250 0.023437500 0.015625000 0.019531250 0.050781250 0.015625000 0.035156250 0.003906250 0.035156250 0.007812500 0.031250000 0.054687500 0.046875000 0.015625000 0.039062500 0.023437500 0.027343750 0.019531250 0.019531250 0.058593750 0.019531250 0.003906250 0.015625000 0.015625000 0.031250000 0.015625000 0.015625000 0.027343750 0.007812500 0.035156250 0.050781250 0.027343750 0.023437500 0.027343750 0.035156250 0.042968750 0.023437500 0.054687500 0.007812500 0.027343750 0.019531250 0.023437500 0.023437500 0.023437500 0.007812500 0.007812500 0.015625000 0.019531250 0.031250000 0.007812500 0.019531250 0.011718750 0.007812500 0.015625000 0.058593750 0.027343750 0.031250000 0.019531250 0.019531250 0.007812500 0.003906250 0.031250000 0.019531250 0.019531250 0.003906250 0.042968750 0.042968750 0.015625000 0.015625000 0.019531250 0.031250000 0.007812500 0.011718750 0.039062500 0.027343750 0.042968750 0.003906250 0.042968750 0.019531250 0.003906250 0.050781250 0.015625000 0.019531250 0.003906250 0.011718750 0.011718750 0.019531250 0.019531250 0.007812500 0.019531250 0.035156250 0.031250000 0.023437500 0.015625000 0.011718750 0.007812500 0.015625000 0.015625000 0.011718750 0.039062500 0.019531250 0.015625000 0.031250000 0.023437500 0.007812500 0.019531250 0.015625000 0.027343750 0.007812500 0.019531250 0.015625000 0.023437500 0.050781250 0.027343750 0.011718750 0.035156250 0.046875000 0.023437500 0.027343750 0.019531250 0.019531250 0.003906250 0.011718750 0.031250000 0.011718750 0.027343750 0.019531250 0.015625000 0.023437500 0.015625000 0.027343750 0.050781250 0.007812500 0.000000000 0.031250000 0.011718750 0.027343750 0.023437500 0.039062500 0.027343750 0.011718750 0.007812500 0.027343750 0.039062500 0.011718750 0.042968750 0.007812500 0.015625000 0.035156250 0.011718750 0.011718750 0.011718750 0.031250000 0.007812500 0.027343750 0.011718750 0.027343750 0.003906250 
1.046875000 0.222656250 0.218750000 0.097656250 0.191406250 0.214843750 0.222656250 0.156250000 0.375000000 0.683593750 0.382812500 0.195312500 0.101562500 0.113281250 0.078125000 0.058593750 0.171875000 0.089843750 0.128906250 0.636718750 0.148437500 0.207031250 0.148437500 0.113281250 0.054687500 0.140625000 0.105468750 0.085937500 0.050781250 0.203125000 0.113281250 0.058593750 0.019531250 0.093750000 0.164062500 0.054687500 0.058593750 0.167968750 0.003906250 0.078125000 0.007812500 0.039062500 0.085937500 0.023437500 0.082031250 0.058593750 0.085937500 0.121093750 0.058593750 0.035156250 0.039062500 0.097656250 0.058593750 0.035156250 0.035156250 0.042968750 0.062500000 0.062500000 0.058593750 0.054687500 0.019531250 0.031250000 0.035156250 0.050781250 0.062500000 0.039062500 0.019531250 0.039062500 0.042968750 0.027343750 0.066406250 0.031250000 0.019531250 0.054687500 0.015625000 0.035156250 0.027343750 0.027343750 0.070312500 0.027343750 0.050781250 0.023437500 0.015625000 0.062500000 0.070312500 0.031250000 0.023437500 0.031250000 0.007812500 0.066406250 0.039062500 0.042968750 0.019531250 0.031250000 0.019531250 0.015625000 0.050781250 0.035156250 0.003906250 0.039062500 0.023437500 0.007812500 0.015625000 0.046875000 0.031250000 0.042968750 0.015625000 0.039062500 0.019531250 0.035156250 0.058593750 0.035156250 0.031250000 0.062500000 0.027343750 0.015625000 0.031250000 0.035156250 0.035156250 0.035156250 0.019531250 0.007812500 0.015625000 0.039062500 0.015625000 0.015625000 0.031250000 0.023437500 0.023437500 0.039062500 0.031250000 0.027343750 0.011718750 0.042968750 0.039062500 0.039062500 0.023437500 0.027343750 0.015625000 0.015625000 0.050781250 0.015625000 0.007812500 0.019531250 0.011718750 0.007812500 0.007812500 0.042968750 0.007812500 0.011718750 0.011718750 0.011718750 0.015625000 0.031250000 0.027343750 0.015625000 0.027343750 0.019531250 0.000000000 0.011718750 0.011718750 0.031250000 0.027343750 0.007812500 0.042968750 0.039062500 0.011718750 0.011718750 0.023437500 0.035156250 0.000000000 0.011718750 0.035156250 0.027343750 0.039062500 0.011718750 0.035156250 0.011718750 0.027343750 0.039062500 0.015625000 0.011718750 0.011718750 0.019531250 0.003906250 0.011718750 0.000000000 0.015625000 0.027343750 0.003906250 0.023437500 0.027343750 0.007812500 0.011718750 0.015625000 0.011718750 0.015625000 0.003906250 0.035156250 0.007812500 0.023437500 0.027343750 0.019531250 0.007812500 0.011718750 0.003906250 0.019531250 0.039062500 0.039062500 0.027343750 0.007812500 0.046875000 0.023437500 0.019531250 0.035156250 0.039062500 0.023437500 0.011718750 0.039062500 0.011718750 0.007812500 0.003906250 0.035156250 0.019531250 0.027343750 0.039062500 0.019531250 0.031250000 0.011718750 0.011718750 0.015625000 0.023437500 0.019531250 0.035156250 0.011718750 0.054687500 0.027343750 0.027343750 0.031250000 0.007812500 0.011718750 0.027343750 0.027343750 0.027343750 0.031250000 0.027343750 0.011718750 0.031250000 0.015625000 0.015625000 0.023437500 0.011718750 0.023437500 0.015625000 0.003906250 0.031250000 0.023437500 
0.992187500 0.148437500 0.230468750 0.082031250 0.308593750 0.160156250 0.128906250 0.398437500 0.257812500 0.859375000 0.234375000 0.164062500 0.054687500 0.156250000 0.046875000 0.085937500 0.195312500 0.097656250 0.074218750 0.683593750 0.125000000 0.062500000 0.199218750 0.101562500 0.066406250 0.027343750 0.121093750 0.085937500 0.070312500 0.105468750 0.070312500 0.066406250 0.101562500 0.125000000 0.117187500 0.109375000 0.003906250 0.105468750 0.042968750 0.062500000 0.070312500 0.085937500 0.054687500 0.050781250 0.035156250 0.035156250 0.054687500 0.066406250 0.078125000 0.031250000 0.058593750 0.046875000 0.093750000 0.019531250 0.042968750 0.035156250 0.070312500 0.050781250 0.050781250 0.031250000 0.054687500 0.039062500 0.031250000 0.070312500 0.031250000 0.019531250 0.039062500 0.023437500 0.039062500 0.039062500 0.039062500 0.042968750 0.015625000 0.027343750 0.019531250 0.015625000 0.031250000 0.039062500 0.046875000 0.011718750 0.058593750 0.031250000 0.007812500 0.070312500 0.066406250 0.019531250 0.058593750 0.031250000 0.011718750 0.050781250 0.046875000 0.035156250 0.027343750 0.027343750 0.019531250 0.019531250 0.042968750 0.058593750 0.019531250 0.042968750 0.042968750 0.023437500 0.031250000 0.031250000 0.058593750 0.031250000 0.011718750 0.019531250 0.042968750 0.054687500 0.031250000 0.031250000 0.039062500 0.019531250 0.019531250 0.039062500 0.046875000 0.035156250 0.019531250 0.007812500 0.031250000 0.015625000 0.027343750 0.027343750 0.027343750 0.007812500 0.023437500 0.023437500 0.003906250 0.019531250 0.027343750 0.019531250 0.011718750 0.027343750 0.023437500 0.058593750 0.019531250 0.007812500 0.011718750 0.015625000 0.015625000 0.046875000 0.031250000 0.011718750 0.003906250 0.019531250 0.003906250 0.031250000 0.007812500 0.007812500 0.007812500 0.007812500 0.019531250 0.027343750 0.011718750 0.007812500 0.023437500 0.023437500 0.011718750 0.023437500 0.011718750 0.011718750 0.042968750 0.039062500 0.003906250 0.011718750 0.035156250 0.007812500 0.031250000 0.042968750 0.007812500 0.019531250 0.019531250 0.039062500 0.031250000 0.011718750 0.035156250 0.019531250 0.027343750 0.039062500 0.031250000 0.015625000 0.031250000 0.011718750 0.027343750 0.023437500 0.003906250 0.031250000 0.007812500 0.011718750 0.027343750 0.027343750 0.042968750 0.031250000 0.023437500 0.019531250 0.023437500 0.007812500 0.042968750 0.031250000 0.011718750 0.027343750 0.015625000 0.019531250 0.015625000 0.015625000 0.011718750 0.066406250 0.023437500 0.015625000 0.019531250 0.023437500 0.019531250 0.042968750 0.042968750 0.027343750 0.031250000 0.023437500 0.011718750 0.015625000 0.019531250 0.015625000 0.046875000 0.031250000 0.003906250 0.019531250 0.027343750 0.031250000 0.019531250 0.031250000 0.035156250 0.027343750 0.046875000 0.003906250 0.039062500 0.035156250 0.031250000 0.019531250 0.011718750 0.023437500 0.015625000 0.027343750 0.011718750 0.023437500 0.031250000 0.011718750 0.027343750 0.031250000 0.007812500 0.027343750 0.015625000 0.015625000 0.011718750 0.003906250 0.019531250 0.027343750 0.031250000 
0.675781250 0.164062500 0.316406250 0.136718750 0.203125000 0.316406250 0.335937500 0.210937500 0.406250000 0.808593750 0.203125000 0.171875000 0.113281250 0.089843750 0.042968750 0.195312500 0.066406250 0.199218750 0.097656250 0.601562500 0.214843750 0.136718750 0.144531250 0.117187500 0.105468750 0.136718750 0.164062500 0.027343750 0.054687500 0.085937500 0.019531250 0.019531250 0.093750000 0.128906250 0.097656250 0.093750000 0.019531250 0.093750000 0.035156250 0.050781250 0.148437500 0.050781250 0.011718750 0.046875000 0.050781250 0.042968750 0.039062500 0.039062500 0.050781250 0.019531250 0.078125000 0.046875000 0.062500000 0.027343750 0.050781250 0.050781250 0.058593750 0.058593750 0.031250000 0.066406250 0.027343750 0.074218750 0.042968750 0.031250000 0.031250000 0.023437500 0.019531250 0.031250000 0.031250000 0.007812500 0.027343750 0.019531250 0.050781250 0.019531250 0.015625000 0.042968750 0.054687500 0.054687500 0.054687500 0.031250000 0.035156250 0.050781250 0.015625000 0.050781250 0.074218750 0.003906250 0.062500000 0.035156250 0.003906250 0.042968750 0.042968750 0.027343750 0.027343750 0.023437500 0.035156250 0.039062500 0.078125000 0.039062500 0.039062500 0.066406250 0.003906250 0.046875000 0.027343750 0.011718750 0.031250000 0.054687500 0.046875000 0.031250000 0.023437500 0.050781250 0.035156250 0.011718750 0.042968750 0.031250000 0.042968750 0.019531250 0.054687500 0.019531250 0.011718750 0.019531250 0.042968750 0.019531250 0.046875000 0.031250000 0.027343750 0.019531250 0.011718750 0.015625000 0.019531250 0.019531250 0.007812500 0.019531250 0.015625000 0.019531250 0.011718750 0.050781250 0.011718750 0.023437500 0.035156250 0.035156250 0.011718750 0.046875000 0.027343750 0.015625000 0.000000000 0.019531250 0.003906250 0.035156250 0.000000000 0.015625000 0.007812500 0.003906250 0.023437500 0.023437500 0.007812500 0.023437500 0.027343750 0.011718750 0.015625000 0.019531250 0.011718750 0.007812500 0.042968750 0.039062500 0.011718750 0.015625000 0.042968750 0.007812500 0.035156250 0.035156250 0.007812500 0.039062500 0.039062500 0.015625000 0.027343750 0.042968750 0.007812500 0.015625000 0.031250000 0.039062500 0.015625000 0.023437500 0.027343750 0.019531250 0.027343750 0.011718750 0.015625000 0.046875000 0.015625000 0.007812500 0.031250000 0.042968750 0.035156250 0.015625000 0.031250000 0.011718750 0.027343750 0.015625000 0.042968750 0.031250000 0.035156250 0.011718750 0.015625000 0.023437500 0.015625000 0.019531250 0.011718750 0.062500000 0.035156250 0.031250000 0.011718750 0.011718750 0.035156250 0.031250000 0.031250000 0.007812500 0.011718750 0.019531250 0.015625000 0.023437500 0.019531250 0.019531250 0.035156250 0.019531250 0.019531250 0.019531250 0.039062500 0.019531250 0.031250000 0.015625000 0.039062500 0.015625000 0.039062500 0.003906250 0.050781250 0.007812500 0.027343750 0.027343750 0.027343750 0.035156250 0.007812500 0.023437500 0.015625000 0.011718750 0.019531250 0.023437500 0.031250000 0.019531250 0.023437500 0.011718750 0.027343750 0.015625000 0.003906250 0.027343750 0.015625000 0.023437500 0.003906250 
0.640625000 0.328125000 0.117187500 0.070312500 0.175781250 0.183593750 0.257812500 0.199218750 0.398437500 0.718750000 0.218750000 0.160156250 0.011718750 0.050781250 0.054687500 0.203125000 0.042968750 0.195312500 0.160156250 0.441406250 0.152343750 0.031250000 0.175781250 0.031250000 0.078125000 0.089843750 0.167968750 0.152343750 0.148437500 0.058593750 0.058593750 0.078125000 0.015625000 0.085937500 0.093750000 0.011718750 0.015625000 0.082031250 0.093750000 0.050781250 0.109375000 0.136718750 0.082031250 0.023437500 0.058593750 0.023437500 0.042968750 0.050781250 0.023437500 0.046875000 0.035156250 0.039062500 0.046875000 0.015625000 0.027343750 0.031250000 0.031250000 0.023437500 0.027343750 0.042968750 0.027343750 0.054687500 0.054687500 0.003906250 0.019531250 0.003906250 0.023437500 0.019531250 0.027343750 0.078125000 0.054687500 0.027343750 0.035156250 0.023437500 0.023437500 0.046875000 0.031250000 0.050781250 0.027343750 0.042968750 0.023437500 0.039062500 0.062500000 0.015625000 0.054687500 0.031250000 0.070312500 0.007812500 0.027343750 0.011718750 0.011718750 0.046875000 0.027343750 0.023437500 0.050781250 0.019531250 0.070312500 0.039062500 0.031250000 0.054687500 0.027343750 0.066406250 0.023437500 0.023437500 0.019531250 0.062500000 0.042968750 0.035156250 0.039062500 0.042968750 0.031250000 0.023437500 0.023437500 0.019531250 0.058593750 0.046875000 0.019531250 0.023437500 0.039062500 0.003906250 0.027343750 0.019531250 0.027343750 0.046875000 0.027343750 0.035156250 0.015625000 0.019531250 0.019531250 0.019531250 0.027343750 0.031250000 0.003906250 0.019531250 0.019531250 0.031250000 0.007812500 0.039062500 0.050781250 0.007812500 0.035156250 0.042968750 0.019531250 0.015625000 0.019531250 0.003906250 0.023437500 0.027343750 0.011718750 0.007812500 0.019531250 0.019531250 0.007812500 0.035156250 0.019531250 0.011718750 0.015625000 0.023437500 0.011718750 0.035156250 0.019531250 0.027343750 0.011718750 0.019531250 0.031250000 0.011718750 0.042968750 0.027343750 0.011718750 0.027343750 0.019531250 0.042968750 0.031250000 0.035156250 0.015625000 0.039062500 0.031250000 0.027343750 0.019531250 0.058593750 0.011718750 0.003906250 0.031250000 0.011718750 0.046875000 0.011718750 0.027343750 0.027343750 0.027343750 0.003906250 0.031250000 0.039062500 0.039062500 0.015625000 0.046875000 0.023437500 0.023437500 0.019531250 0.031250000 0.039062500 0.031250000 0.007812500 0.015625000 0.027343750 0.019531250 0.015625000 0.035156250 0.023437500 0.019531250 0.027343750 0.035156250 0.039062500 0.015625000 0.042968750 0.031250000 0.019531250 0.011718750 0.019531250 0.011718750 0.019531250 0.031250000 0.019531250 0.027343750 0.011718750 0.007812500 0.011718750 0.011718750 0.027343750 0.015625000 0.007812500 0.039062500 0.031250000 0.023437500 0.015625000 0.039062500 0.027343750 0.015625000 0.031250000 0.031250000 0.039062500 0.023437500 0.015625000 0.039062500 0.007812500 0.007812500 0.031250000 0.007812500 0.023437500 0.007812500 0.027343750 0.031250000 0.023437500 0.023437500 0.027343750 0.015625000 0.023437500 0.039062500 
0.121093750 0.152343750 0.074218750 0.066406250 0.253906250 0.203125000 0.113281250 0.289062500 0.355468750 0.425781250 0.285156250 0.316406250 0.191406250 0.117187500 0.175781250 0.089843750 0.101562500 0.261718750 0.175781250 0.324218750 0.218750000 0.167968750 0.234375000 0.066406250 0.097656250 0.183593750 0.128906250 0.269531250 0.023437500 0.164062500 0.046875000 0.066406250 0.093750000 0.074218750 0.058593750 0.093750000 0.042968750 0.074218750 0.101562500 0.027343750 0.078125000 0.156250000 0.031250000 0.085937500 0.027343750 0.023437500 0.039062500 0.031250000 0.035156250 0.058593750 0.082031250 0.035156250 0.039062500 0.019531250 0.042968750 0.031250000 0.015625000 0.027343750 0.039062500 0.027343750 0.046875000 0.054687500 0.023437500 0.027343750 0.035156250 0.023437500 0.003906250 0.007812500 0.042968750 0.042968750 0.058593750 0.070312500 0.050781250 0.007812500 0.042968750 0.050781250 0.019531250 0.046875000 0.027343750 0.023437500 0.042968750 0.019531250 0.046875000 0.007812500 0.039062500 0.054687500 0.046875000 0.011718750 0.003906250 0.031250000 0.035156250 0.019531250 0.035156250 0.027343750 0.031250000 0.054687500 0.042968750 0.035156250 0.011718750 0.050781250 0.042968750 0.027343750 0.019531250 0.054687500 0.035156250 0.062500000 0.039062500 0.031250000 0.027343750 0.031250000 0.031250000 0.019531250 0.015625000 0.031250000 0.039062500 0.027343750 0.027343750 0.042968750 0.019531250 0.011718750 0.039062500 0.007812500 0.054687500 0.023437500 0.046875000 0.027343750 0.015625000 0.023437500 0.031250000 0.015625000 0.023437500 0.015625000 0.015625000 0.031250000 0.027343750 0.023437500 0.007812500 0.031250000 0.062500000 0.027343750 0.011718750 0.015625000 0.011718750 0.019531250 0.007812500 0.023437500 0.042968750 0.015625000 0.011718750 0.003906250 0.015625000 0.031250000 0.023437500 0.039062500 0.023437500 0.023437500 0.023437500 0.019531250 0.003906250 0.042968750 0.015625000 0.015625000 0.027343750 0.015625000 0.015625000 0.035156250 0.023437500 0.042968750 0.019531250 0.027343750 0.015625000 0.031250000 0.042968750 0.042968750 0.007812500 0.031250000 0.039062500 0.023437500 0.035156250 0.042968750 0.011718750 0.019531250 0.035156250 0.035156250 0.027343750 0.023437500 0.035156250 0.015625000 0.027343750 0.007812500 0.031250000 0.027343750 0.027343750 0.031250000 0.035156250 0.011718750 0.023437500 0.023437500 0.027343750 0.039062500 0.039062500 0.011718750 0.031250000 0.042968750 0.011718750 0.027343750 0.015625000 0.019531250 0.007812500 0.011718750 0.039062500 0.042968750 0.011718750 0.042968750 0.031250000 0.023437500 0.011718750 0.031250000 0.019531250 0.023437500 0.027343750 0.003906250 0.027343750 0.003906250 0.011718750 0.027343750 0.015625000 0.015625000 0.015625000 0.035156250 0.007812500 0.007812500 0.011718750 0.015625000 0.019531250 0.019531250 0.007812500 0.031250000 0.039062500 0.023437500 0.019531250 0.031250000 0.042968750 0.007812500 0.011718750 0.031250000 0.007812500 0.019531250 0.007812500 0.023437500 0.035156250 0.019531250 0.027343750 0.031250000 0.015625000 0.019531250 0.042968750 
0.046875000 0.199218750 0.214843750 0.082031250 0.386718750 0.070312500 0.203125000 0.203125000 0.429687500 0.500000000 0.277343750 0.027343750 0.179687500 0.128906250 0.199218750 0.281250000 0.121093750 0.125000000 0.093750000 0.316406250 0.363281250 0.078125000 0.136718750 0.097656250 0.167968750 0.125000000 0.152343750 0.156250000 0.128906250 0.187500000 0.031250000 0.070312500 0.070312500 0.121093750 0.109375000 0.058593750 0.066406250 0.035156250 0.031250000 0.136718750 0.089843750 0.062500000 0.039062500 0.113281250 0.027343750 0.007812500 0.023437500 0.031250000 0.046875000 0.156250000 0.054687500 0.031250000 0.042968750 0.031250000 0.046875000 0.023437500 0.027343750 0.015625000 0.027343750 0.046875000 0.023437500 0.054687500 0.019531250 0.011718750 0.039062500 0.031250000 0.019531250 0.019531250 0.031250000 0.054687500 0.062500000 0.062500000 0.019531250 0.039062500 0.050781250 0.035156250 0.007812500 0.042968750 0.015625000 0.011718750 0.031250000 0.023437500 0.039062500 0.011718750 0.015625000 0.066406250 0.062500000 0.003906250 0.023437500 0.042968750 0.054687500 0.011718750 0.007812500 0.019531250 0.003906250 0.015625000 0.050781250 0.007812500 0.015625000 0.003906250 0.023437500 0.054687500 0.042968750 0.027343750 0.066406250 0.074218750 0.031250000 0.015625000 0.042968750 0.035156250 0.027343750 0.011718750 0.015625000 0.027343750 0.050781250 0.027343750 0.042968750 0.039062500 0.027343750 0.023437500 0.019531250 0.007812500 0.039062500 0.023437500 0.031250000 0.023437500 0.011718750 0.050781250 0.039062500 0.019531250 0.046875000 0.015625000 0.035156250 0.023437500 0.003906250 0.003906250 0.007812500 0.031250000 0.031250000 0.042968750 0.031250000 0.023437500 0.007812500 0.019531250 0.003906250 0.031250000 0.023437500 0.015625000 0.019531250 0.007812500 0.015625000 0.027343750 0.027343750 0.054687500 0.015625000 0.007812500 0.011718750 0.031250000 0.011718750 0.046875000 0.019531250 0.007812500 0.023437500 0.031250000 0.042968750 0.015625000 0.011718750 0.015625000 0.035156250 0.027343750 0.039062500 0.015625000 0.011718750 0.027343750 0.011718750 0.023437500 0.031250000 0.035156250 0.031250000 0.011718750 0.031250000 0.035156250 0.042968750 0.039062500 0.031250000 0.023437500 0.027343750 0.015625000 0.023437500 0.015625000 0.015625000 0.031250000 0.015625000 0.023437500 0.023437500 0.019531250 0.023437500 0.011718750 0.003906250 0.027343750 0.027343750 0.031250000 0.015625000 0.042968750 0.011718750 0.039062500 0.015625000 0.015625000 0.023437500 0.035156250 0.023437500 0.042968750 0.027343750 0.015625000 0.023437500 0.035156250 0.011718750 0.035156250 0.027343750 0.023437500 0.019531250 0.011718750 0.027343750 0.019531250 0.003906250 0.019531250 0.000000000 0.019531250 0.019531250 0.023437500 0.031250000 0.015625000 0.011718750 0.015625000 0.023437500 0.019531250 0.027343750 0.007812500 0.019531250 0.019531250 0.011718750 0.046875000 0.039062500 0.003906250 0.031250000 0.007812500 0.015625000 0.031250000 0.007812500 0.019531250 0.015625000 0.015625000 0.031250000 0.035156250 0.019531250 0.027343750 0.039062500 
0.328125000 0.210937500 0.144531250 0.144531250 0.253906250 0.160156250 0.304687500 0.203125000 0.417968750 0.574218750 0.113281250 0.062500000 0.136718750 0.113281250 0.175781250 0.234375000 0.210937500 0.160156250 0.039062500 0.382812500 0.234375000 0.257812500 0.144531250 0.097656250 0.187500000 0.089843750 0.125000000 0.058593750 0.148437500 0.230468750 0.046875000 0.085937500 0.074218750 0.140625000 0.058593750 0.109375000 0.117187500 0.062500000 0.046875000 0.066406250 0.093750000 0.019531250 0.035156250 0.074218750 0.042968750 0.035156250 0.011718750 0.085937500 0.136718750 0.085937500 0.085937500 0.050781250 0.050781250 0.050781250 0.058593750 0.023437500 0.066406250 0.027343750 0.039062500 0.042968750 0.042968750 0.039062500 0.027343750 0.031250000 0.058593750 0.035156250 0.031250000 0.019531250 0.039062500 0.039062500 0.089843750 0.054687500 0.042968750 0.054687500 0.019531250 0.050781250 0.019531250 0.035156250 0.015625000 0.039062500 0.011718750 0.027343750 0.019531250 0.019531250 0.027343750 0.023437500 0.019531250 0.031250000 0.023437500 0.039062500 0.058593750 0.023437500 0.007812500 0.023437500 0.015625000 0.023437500 0.023437500 0.035156250 0.003906250 0.015625000 0.035156250 0.039062500 0.023437500 0.015625000 0.082031250 0.035156250 0.011718750 0.042968750 0.035156250 0.042968750 0.031250000 0.027343750 0.027343750 0.015625000 0.050781250 0.039062500 0.035156250 0.031250000 0.027343750 0.019531250 0.027343750 0.011718750 0.023437500 0.039062500 0.023437500 0.015625000 0.015625000 0.031250000 0.031250000 0.035156250 0.031250000 0.015625000 0.042968750 0.011718750 0.019531250 0.007812500 0.003906250 0.031250000 0.035156250 0.042968750 0.031250000 0.015625000 0.015625000 0.027343750 0.019531250 0.019531250 0.019531250 0.011718750 0.007812500 0.011718750 0.003906250 0.035156250 0.042968750 0.035156250 0.027343750 0.019531250 0.015625000 0.031250000 0.046875000 0.003906250 0.039062500 0.023437500 0.031250000 0.070312500 0.027343750 0.003906250 0.015625000 0.031250000 0.046875000 0.019531250 0.046875000 0.027343750 0.015625000 0.023437500 0.019531250 0.015625000 0.019531250 0.003906250 0.007812500 0.019531250 0.015625000 0.042968750 0.039062500 0.031250000 0.046875000 0.027343750 0.007812500 0.015625000 0.011718750 0.039062500 0.011718750 0.003906250 0.023437500 0.003906250 0.007812500 0.015625000 0.007812500 0.019531250 0.019531250 0.031250000 0.019531250 0.011718750 0.031250000 0.027343750 0.019531250 0.031250000 0.023437500 0.015625000 0.019531250 0.011718750 0.023437500 0.007812500 0.039062500 0.007812500 0.035156250 0.027343750 0.023437500 0.027343750 0.058593750 0.058593750 0.007812500 0.015625000 0.027343750 0.027343750 0.027343750 0.023437500 0.007812500 0.011718750 0.007812500 0.035156250 0.027343750 0.007812500 0.011718750 0.011718750 0.011718750 0.019531250 0.019531250 0.039062500 0.003906250 0.015625000 0.023437500 0.054687500 0.023437500 0.023437500 0.035156250 0.000000000 0.027343750 0.015625000 0.015625000 0.031250000 0.015625000 0.007812500 0.042968750 0.007812500 0.035156250 0.019531250 0.015625000 
0.609375000 0.031250000 0.269531250 0.160156250 0.218750000 0.203125000 0.218750000 0.425781250 0.347656250 0.589843750 0.261718750 0.031250000 0.121093750 0.125000000 0.097656250 0.027343750 0.371093750 0.167968750 0.085937500 0.414062500 0.121093750 0.242187500 0.164062500 0.054687500 0.113281250 0.054687500 0.082031250 0.089843750 0.066406250 0.140625000 0.042968750 0.093750000 0.066406250 0.085937500 0.097656250 0.085937500 0.050781250 0.093750000 0.105468750 0.074218750 0.078125000 0.039062500 0.058593750 0.089843750 0.054687500 0.015625000 0.039062500 0.066406250 0.132812500 0.066406250 0.136718750 0.097656250 0.109375000 0.011718750 0.046875000 0.046875000 0.078125000 0.035156250 0.062500000 0.039062500 0.035156250 0.050781250 0.035156250 0.015625000 0.050781250 0.011718750 0.027343750 0.027343750 0.058593750 0.035156250 0.085937500 0.050781250 0.015625000 0.066406250 0.046875000 0.031250000 0.015625000 0.011718750 0.058593750 0.015625000 0.031250000 0.035156250 0.031250000 0.039062500 0.015625000 0.011718750 0.007812500 0.027343750 0.074218750 0.023437500 0.027343750 0.050781250 0.011718750 0.015625000 0.046875000 0.015625000 0.015625000 0.011718750 0.039062500 0.042968750 0.035156250 0.039062500 0.019531250 0.019531250 0.074218750 0.054687500 0.031250000 0.097656250 0.023437500 0.031250000 0.050781250 0.039062500 0.031250000 0.023437500 0.035156250 0.042968750 0.027343750 0.023437500 0.023437500 0.019531250 0.027343750 0.023437500 0.023437500 0.011718750 0.019531250 0.023437500 0.015625000 0.039062500 0.023437500 0.039062500 0.039062500 0.015625000 0.039062500 0.042968750 0.039062500 0.023437500 0.011718750 0.031250000 0.050781250 0.035156250 0.035156250 0.015625000 0.019531250 0.031250000 0.007812500 0.019531250 0.011718750 0.023437500 0.007812500 0.011718750 0.027343750 0.007812500 0.054687500 0.031250000 0.015625000 0.031250000 0.023437500 0.023437500 0.050781250 0.003906250 0.031250000 0.019531250 0.023437500 0.062500000 0.031250000 0.023437500 0.027343750 0.019531250 0.019531250 0.015625000 0.050781250 0.031250000 0.019531250 0.027343750 0.031250000 0.019531250 0.015625000 0.007812500 0.011718750 0.019531250 0.015625000 0.023437500 0.054687500 0.019531250 0.039062500 0.019531250 0.011718750 0.015625000 0.023437500 0.039062500 0.031250000 0.023437500 0.011718750 0.011718750 0.007812500 0.007812500 0.015625000 0.007812500 0.039062500 0.007812500 0.019531250 0.019531250 0.015625000 0.015625000 0.015625000 0.035156250 0.007812500 0.019531250 0.039062500 0.019531250 0.035156250 0.031250000 0.019531250 0.023437500 0.027343750 0.007812500 0.019531250 0.027343750 0.054687500 0.027343750 0.027343750 0.011718750 0.031250000 0.027343750 0.015625000 0.007812500 0.035156250 0.027343750 0.019531250 0.023437500 0.019531250 0.027343750 0.019531250 0.007812500 0.003906250 0.027343750 0.046875000 0.015625000 0.015625000 0.019531250 0.027343750 0.031250000 0.015625000 0.039062500 0.003906250 0.035156250 0.011718750 0.019531250 0.011718750 0.023437500 0.007812500 0.023437500 0.019531250 0.015625000 0.023437500 0.039062500 0.007812500 
0.683593750 0.121093750 0.128906250 0.039062500 0.218750000 0.152343750 0.339843750 0.101562500 0.292968750 0.812500000 0.320312500 0.117187500 0.160156250 0.175781250 0.046875000 0.179687500 0.253906250 0.128906250 0.078125000 0.449218750 0.179687500 0.261718750 0.156250000 0.109375000 0.175781250 0.089843750 0.085937500 0.011718750 0.019531250 0.175781250 0.039062500 0.132812500 0.039062500 0.070312500 0.117187500 0.070312500 0.046875000 0.171875000 0.058593750 0.109375000 0.050781250 0.046875000 0.085937500 0.023437500 0.132812500 0.078125000 0.011718750 0.042968750 0.097656250 0.078125000 0.101562500 0.062500000 0.140625000 0.039062500 0.027343750 0.042968750 0.082031250 0.039062500 0.062500000 0.062500000 0.039062500 0.042968750 0.015625000 0.015625000 0.035156250 0.027343750 0.011718750 0.042968750 0.042968750 0.058593750 0.054687500 0.054687500 0.000000000 0.035156250 0.031250000 0.031250000 0.015625000 0.011718750 0.046875000 0.015625000 0.054687500 0.015625000 0.039062500 0.019531250 0.031250000 0.019531250 0.015625000 0.062500000 0.062500000 0.054687500 0.023437500 0.031250000 0.035156250 0.027343750 0.046875000 0.027343750 0.011718750 0.019531250 0.039062500 0.062500000 0.007812500 0.031250000 0.003906250 0.007812500 0.050781250 0.023437500 0.070312500 0.058593750 0.066406250 0.066406250 0.027343750 0.046875000 0.007812500 0.042968750 0.039062500 0.039062500 0.015625000 0.007812500 0.046875000 0.039062500 0.003906250 0.031250000 0.007812500 0.042968750 0.035156250 0.003906250 0.011718750 0.046875000 0.031250000 0.027343750 0.031250000 0.007812500 0.046875000 0.019531250 0.039062500 0.039062500 0.027343750 0.023437500 0.042968750 0.023437500 0.039062500 0.011718750 0.015625000 0.027343750 0.019531250 0.019531250 0.035156250 0.007812500 0.019531250 0.015625000 0.035156250 0.023437500 0.039062500 0.003906250 0.019531250 0.042968750 0.027343750 0.011718750 0.023437500 0.035156250 0.019531250 0.027343750 0.035156250 0.042968750 0.039062500 0.031250000 0.015625000 0.019531250 0.019531250 0.003906250 0.054687500 0.027343750 0.023437500 0.046875000 0.007812500 0.046875000 0.019531250 0.007812500 0.023437500 0.007812500 0.007812500 0.023437500 0.019531250 0.015625000 0.023437500 0.039062500 0.011718750 0.011718750 0.050781250 0.019531250 0.031250000 0.015625000 0.003906250 0.015625000 0.007812500 0.011718750 0.023437500 0.003906250 0.039062500 0.015625000 0.031250000 0.011718750 0.019531250 0.027343750 0.039062500 0.023437500 0.039062500 0.031250000 0.019531250 0.003906250 0.019531250 0.031250000 0.023437500 0.027343750 0.031250000 0.007812500 0.019531250 0.031250000 0.058593750 0.019531250 0.015625000 0.031250000 0.019531250 0.015625000 0.031250000 0.023437500 0.035156250 0.031250000 0.019531250 0.011718750 0.031250000 0.015625000 0.031250000 0.019531250 0.015625000 0.019531250 0.050781250 0.011718750 0.019531250 0.003906250 0.035156250 0.015625000 0.031250000 0.046875000 0.015625000 0.019531250 0.003906250 0.019531250 0.003906250 0.023437500 0.007812500 0.027343750 0.027343750 0.003906250 0.035156250 0.050781250 0.027343750 
0.652343750 0.160156250 0.214843750 0.144531250 0.117187500 0.144531250 0.292968750 0.285156250 0.429687500 0.968750000 0.011718750 0.082031250 0.085937500 0.117187500 0.003906250 0.191406250 0.207031250 0.027343750 0.121093750 0.421875000 0.296875000 0.121093750 0.171875000 0.078125000 0.175781250 0.136718750 0.136718750 0.058593750 0.082031250 0.156250000 0.050781250 0.121093750 0.085937500 0.019531250 0.097656250 0.121093750 0.062500000 0.117187500 0.046875000 0.136718750 0.070312500 0.070312500 0.046875000 0.070312500 0.109375000 0.074218750 0.027343750 0.074218750 0.039062500 0.054687500 0.109375000 0.070312500 0.082031250 0.089843750 0.039062500 0.054687500 0.050781250 0.015625000 0.042968750 0.054687500 0.042968750 0.082031250 0.019531250 0.011718750 0.070312500 0.054687500 0.031250000 0.035156250 0.023437500 0.042968750 0.050781250 0.027343750 0.035156250 0.007812500 0.046875000 0.011718750 0.050781250 0.046875000 0.023437500 0.042968750 0.042968750 0.039062500 0.054687500 0.019531250 0.023437500 0.035156250 0.011718750 0.074218750 0.042968750 0.046875000 0.015625000 0.035156250 0.031250000 0.066406250 0.023437500 0.054687500 0.007812500 0.023437500 0.023437500 0.042968750 0.011718750 0.019531250 0.035156250 0.062500000 0.015625000 0.074218750 0.035156250 0.046875000 0.074218750 0.042968750 0.031250000 0.015625000 0.007812500 0.046875000 0.078125000 0.027343750 0.015625000 0.019531250 0.039062500 0.039062500 0.046875000 0.054687500 0.019531250 0.054687500 0.023437500 0.031250000 0.003906250 0.035156250 0.019531250 0.011718750 0.050781250 0.031250000 0.042968750 0.019531250 0.046875000 0.023437500 0.023437500 0.015625000 0.054687500 0.035156250 0.011718750 0.035156250 0.027343750 0.035156250 0.011718750 0.019531250 0.046875000 0.027343750 0.039062500 0.019531250 0.042968750 0.019531250 0.039062500 0.011718750 0.031250000 0.031250000 0.039062500 0.000000000 0.007812500 0.031250000 0.042968750 0.011718750 0.046875000 0.050781250 0.042968750 0.042968750 0.027343750 0.011718750 0.027343750 0.019531250 0.031250000 0.031250000 0.027343750 0.039062500 0.015625000 0.058593750 0.011718750 0.015625000 0.011718750 0.023437500 0.011718750 0.019531250 0.015625000 0.015625000 0.015625000 0.023437500 0.011718750 0.011718750 0.050781250 0.011718750 0.039062500 0.003906250 0.015625000 0.011718750 0.007812500 0.019531250 0.011718750 0.011718750 0.019531250 0.007812500 0.019531250 0.011718750 0.023437500 0.027343750 0.042968750 0.027343750 0.039062500 0.031250000 0.011718750 0.007812500 0.023437500 0.023437500 0.015625000 0.007812500 0.019531250 0.007812500 0.007812500 0.015625000 0.031250000 0.011718750 0.003906250 0.003906250 0.027343750 0.023437500 0.011718750 0.035156250 0.027343750 0.023437500 0.023437500 0.011718750 0.031250000 0.011718750 0.023437500 0.007812500 0.039062500 0.015625000 0.039062500 0.019531250 0.003906250 0.011718750 0.039062500 0.019531250 0.019531250 0.023437500 0.035156250 0.023437500 0.011718750 0.007812500 0.023437500 0.011718750 0.019531250 0.019531250 0.035156250 0.003906250 0.035156250 0.042968750 0.035156250 
0.625000000 0.175781250 0.199218750 0.046875000 0.097656250 0.117187500 0.132812500 0.265625000 0.496093750 1.039062500 0.394531250 0.253906250 0.214843750 0.031250000 0.066406250 0.183593750 0.007812500 0.203125000 0.187500000 0.394531250 0.433593750 0.074218750 0.085937500 0.093750000 0.167968750 0.183593750 0.062500000 0.105468750 0.109375000 0.070312500 0.101562500 0.003906250 0.035156250 0.121093750 0.066406250 0.093750000 0.089843750 0.058593750 0.027343750 0.050781250 0.164062500 0.042968750 0.058593750 0.015625000 0.050781250 0.113281250 0.042968750 0.097656250 0.050781250 0.066406250 0.039062500 0.031250000 0.078125000 0.078125000 0.023437500 0.054687500 0.023437500 0.027343750 0.023437500 0.035156250 0.042968750 0.023437500 0.039062500 0.042968750 0.070312500 0.039062500 0.042968750 0.019531250 0.042968750 0.007812500 0.046875000 0.050781250 0.058593750 0.027343750 0.046875000 0.031250000 0.070312500 0.035156250 0.042968750 0.062500000 0.027343750 0.003906250 0.015625000 0.046875000 0.015625000 0.019531250 0.027343750 0.078125000 0.031250000 0.023437500 0.035156250 0.031250000 0.035156250 0.050781250 0.035156250 0.035156250 0.039062500 0.015625000 0.027343750 0.027343750 0.031250000 0.023437500 0.027343750 0.042968750 0.031250000 0.058593750 0.031250000 0.039062500 0.015625000 0.035156250 0.035156250 0.031250000 0.039062500 0.039062500 0.070312500 0.015625000 0.035156250 0.003906250 0.031250000 0.035156250 0.054687500 0.039062500 0.042968750 0.039062500 0.042968750 0.039062500 0.007812500 0.039062500 0.015625000 0.023437500 0.035156250 0.066406250 0.007812500 0.019531250 0.031250000 0.015625000 0.023437500 0.023437500 0.042968750 0.023437500 0.023437500 0.023437500 0.035156250 0.031250000 0.015625000 0.015625000 0.023437500 0.062500000 0.007812500 0.042968750 0.015625000 0.031250000 0.011718750 0.023437500 0.050781250 0.011718750 0.015625000 0.027343750 0.011718750 0.019531250 0.050781250 0.027343750 0.042968750 0.027343750 0.027343750 0.015625000 0.046875000 0.019531250 0.035156250 0.000000000 0.011718750 0.019531250 0.027343750 0.031250000 0.039062500 0.019531250 0.031250000 0.050781250 0.035156250 0.011718750 0.015625000 0.019531250 0.019531250 0.019531250 0.019531250 0.015625000 0.015625000 0.015625000 0.031250000 0.019531250 0.027343750 0.019531250 0.007812500 0.011718750 0.019531250 0.019531250 0.003906250 0.003906250 0.007812500 0.019531250 0.023437500 0.019531250 0.019531250 0.046875000 0.023437500 0.023437500 0.039062500 0.027343750 0.015625000 0.003906250 0.031250000 0.015625000 0.007812500 0.007812500 0.007812500 0.027343750 0.023437500 0.011718750 0.031250000 0.007812500 0.003906250 0.007812500 0.015625000 0.039062500 0.007812500 0.031250000 0.019531250 0.003906250 0.035156250 0.019531250 0.031250000 0.015625000 0.011718750 0.019531250 0.011718750 0.035156250 0.015625000 0.007812500 0.007812500 0.011718750 0.050781250 0.007812500 0.015625000 0.027343750 0.015625000 0.023437500 0.042968750 0.023437500 0.019531250 0.031250000 0.011718750 0.035156250 0.007812500 0.027343750 0.019531250 0.050781250 0.015625000 
0.605468750 0.214843750 0.082031250 0.066406250 0.218750000 0.285156250 0.140625000 0.105468750 0.433593750 0.933593750 0.113281250 0.242187500 0.246093750 0.050781250 0.191406250 0.203125000 0.031250000 0.257812500 0.042968750 0.542968750 0.187500000 0.160156250 0.148437500 0.085937500 0.085937500 0.175781250 0.031250000 0.015625000 0.140625000 0.136718750 0.101562500 0.054687500 0.066406250 0.070312500 0.035156250 0.089843750 0.066406250 0.054687500 0.113281250 0.089843750 0.136718750 0.085937500 0.109375000 0.042968750 0.031250000 0.070312500 0.054687500 0.078125000 0.050781250 0.046875000 0.023437500 0.023437500 0.105468750 0.023437500 0.019531250 0.035156250 0.054687500 0.031250000 0.035156250 0.023437500 0.035156250 0.019531250 0.027343750 0.062500000 0.058593750 0.031250000 0.042968750 0.042968750 0.042968750 0.011718750 0.046875000 0.058593750 0.082031250 0.023437500 0.031250000 0.046875000 0.062500000 0.046875000 0.031250000 0.042968750 0.007812500 0.023437500 0.011718750 0.039062500 0.035156250 0.039062500 0.003906250 0.078125000 0.011718750 0.023437500 0.046875000 0.039062500 0.011718750 0.046875000 0.046875000 0.039062500 0.054687500 0.027343750 0.011718750 0.031250000 0.023437500 0.031250000 0.019531250 0.031250000 0.062500000 0.027343750 0.031250000 0.027343750 0.023437500 0.011718750 0.007812500 0.007812500 0.046875000 0.031250000 0.054687500 0.015625000 0.039062500 0.011718750 0.019531250 0.062500000 0.011718750 0.015625000 0.050781250 0.027343750 0.050781250 0.031250000 0.027343750 0.023437500 0.007812500 0.042968750 0.007812500 0.027343750 0.015625000 0.015625000 0.015625000 0.019531250 0.007812500 0.019531250 0.039062500 0.035156250 0.035156250 0.011718750 0.019531250 0.019531250 0.023437500 0.027343750 0.015625000 0.070312500 0.015625000 0.031250000 0.003906250 0.035156250 0.007812500 0.027343750 0.050781250 0.015625000 0.019531250 0.019531250 0.027343750 0.015625000 0.031250000 0.046875000 0.042968750 0.027343750 0.011718750 0.015625000 0.031250000 0.019531250 0.015625000 0.023437500 0.015625000 0.011718750 0.031250000 0.011718750 0.019531250 0.015625000 0.031250000 0.039062500 0.050781250 0.003906250 0.015625000 0.011718750 0.039062500 0.007812500 0.011718750 0.015625000 0.015625000 0.019531250 0.019531250 0.031250000 0.035156250 0.035156250 0.031250000 0.015625000 0.003906250 0.035156250 0.015625000 0.003906250 0.019531250 0.015625000 0.035156250 0.019531250 0.031250000 0.027343750 0.015625000 0.023437500 0.039062500 0.023437500 0.035156250 0.011718750 0.027343750 0.023437500 0.019531250 0.007812500 0.011718750 0.023437500 0.003906250 0.011718750 0.054687500 0.019531250 0.015625000 0.023437500 0.023437500 0.019531250 0.035156250 0.015625000 0.007812500 0.015625000 0.039062500 0.023437500 0.027343750 0.015625000 0.003906250 0.027343750 0.007812500 0.023437500 0.019531250 0.015625000 0.019531250 0.015625000 0.039062500 0.011718750 0.003906250 0.023437500 0.011718750 0.027343750 0.023437500 0.035156250 0.031250000 0.039062500 0.015625000 0.042968750 0.019531250 0.000000000 0.011718750 0.035156250 0.019531250 
0.808593750 0.367187500 0.214843750 0.164062500 0.125000000 0.523437500 0.265625000 0.148437500 0.507812500 0.437500000 0.507812500 0.175781250 0.292968750 0.148437500 0.023437500 0.160156250 0.042968750 0.199218750 0.132812500 0.453125000 0.023437500 0.171875000 0.164062500 0.214843750 0.015625000 0.140625000 0.117187500 0.187500000 0.019531250 0.140625000 0.070312500 0.023437500 0.035156250 0.093750000 0.117187500 0.046875000 0.062500000 0.050781250 0.019531250 0.175781250 0.164062500 0.062500000 0.093750000 0.050781250 0.031250000 0.042968750 0.042968750 0.062500000 0.054687500 0.050781250 0.019531250 0.042968750 0.101562500 0.011718750 0.039062500 0.035156250 0.023437500 0.089843750 0.027343750 0.015625000 0.027343750 0.027343750 0.039062500 0.058593750 0.062500000 0.023437500 0.011718750 0.035156250 0.035156250 0.023437500 0.027343750 0.046875000 0.109375000 0.042968750 0.042968750 0.019531250 0.027343750 0.042968750 0.023437500 0.035156250 0.035156250 0.019531250 0.019531250 0.054687500 0.015625000 0.062500000 0.046875000 0.066406250 0.003906250 0.011718750 0.027343750 0.039062500 0.011718750 0.019531250 0.027343750 0.023437500 0.042968750 0.050781250 0.003906250 0.039062500 0.062500000 0.031250000 0.054687500 0.003906250 0.031250000 0.031250000 0.027343750 0.027343750 0.046875000 0.003906250 0.011718750 0.019531250 0.019531250 0.035156250 0.011718750 0.027343750 0.023437500 0.027343750 0.019531250 0.023437500 0.023437500 0.019531250 0.058593750 0.019531250 0.042968750 0.011718750 0.015625000 0.019531250 0.003906250 0.031250000 0.023437500 0.011718750 0.023437500 0.023437500 0.019531250 0.023437500 0.027343750 0.023437500 0.031250000 0.019531250 0.011718750 0.027343750 0.027343750 0.003906250 0.027343750 0.015625000 0.046875000 0.035156250 0.027343750 0.031250000 0.015625000 0.011718750 0.023437500 0.027343750 0.039062500 0.000000000 0.027343750 0.003906250 0.011718750 0.011718750 0.027343750 0.011718750 0.023437500 0.007812500 0.007812500 0.023437500 0.011718750 0.031250000 0.027343750 0.007812500 0.023437500 0.015625000 0.027343750 0.015625000 0.019531250 0.015625000 0.050781250 0.050781250 0.039062500 0.015625000 0.007812500 0.015625000 0.031250000 0.015625000 0.011718750 0.015625000 0.023437500 0.015625000 0.027343750 0.035156250 0.011718750 0.019531250 0.023437500 0.035156250 0.019531250 0.007812500 0.023437500 0.023437500 0.035156250 0.039062500 0.007812500 0.046875000 0.035156250 0.031250000 0.035156250 0.027343750 0.054687500 0.019531250 0.031250000 0.027343750 0.019531250 0.007812500 0.023437500 0.003906250 0.011718750 0.023437500 0.007812500 0.019531250 0.050781250 0.023437500 0.023437500 0.007812500 0.031250000 0.031250000 0.027343750 0.019531250 0.011718750 0.027343750 0.042968750 0.027343750 0.007812500 0.019531250 0.011718750 0.027343750 0.023437500 0.011718750 0.007812500 0.011718750 0.035156250 0.003906250 0.027343750 0.015625000 0.019531250 0.003906250 0.039062500 0.023437500 0.003906250 0.027343750 0.050781250 0.011718750 0.011718750 0.027343750 0.019531250 0.019531250 0.039062500 0.011718750 0.011718750 
1.269531250 0.273437500 0.070312500 0.109375000 0.164062500 0.488281250 0.281250000 0.269531250 0.277343750 0.375000000 0.597656250 0.136718750 0.332031250 0.210937500 0.140625000 0.187500000 0.070312500 0.066406250 0.121093750 0.292968750 0.234375000 0.203125000 0.257812500 0.128906250 0.066406250 0.156250000 0.136718750 0.121093750 0.023437500 0.144531250 0.035156250 0.085937500 0.101562500 0.050781250 0.105468750 0.074218750 0.035156250 0.046875000 0.027343750 0.171875000 0.171875000 0.093750000 0.066406250 0.062500000 0.023437500 0.023437500 0.019531250 0.054687500 0.039062500 0.039062500 0.027343750 0.035156250 0.070312500 0.035156250 0.019531250 0.027343750 0.066406250 0.078125000 0.042968750 0.023437500 0.054687500 0.054687500 0.054687500 0.031250000 0.062500000 0.066406250 0.023437500 0.015625000 0.050781250 0.027343750 0.027343750 0.054687500 0.027343750 0.054687500 0.058593750 0.039062500 0.027343750 0.011718750 0.015625000 0.031250000 0.042968750 0.046875000 0.023437500 0.058593750 0.015625000 0.062500000 0.062500000 0.031250000 0.031250000 0.023437500 0.015625000 0.003906250 0.042968750 0.035156250 0.031250000 0.007812500 0.050781250 0.046875000 0.015625000 0.031250000 0.070312500 0.078125000 0.011718750 0.035156250 0.046875000 0.046875000 0.003906250 0.000000000 0.011718750 0.023437500 0.015625000 0.023437500 0.007812500 0.027343750 0.007812500 0.011718750 0.031250000 0.023437500 0.027343750 0.015625000 0.023437500 0.027343750 0.039062500 0.039062500 0.046875000 0.015625000 0.035156250 0.015625000 0.003906250 0.035156250 0.011718750 0.015625000 0.019531250 0.035156250 0.031250000 0.042968750 0.023437500 0.011718750 0.039062500 0.007812500 0.023437500 0.046875000 0.019531250 0.007812500 0.027343750 0.011718750 0.039062500 0.007812500 0.035156250 0.039062500 0.046875000 0.023437500 0.019531250 0.015625000 0.019531250 0.027343750 0.011718750 0.019531250 0.007812500 0.027343750 0.007812500 0.015625000 0.035156250 0.011718750 0.003906250 0.015625000 0.046875000 0.015625000 0.023437500 0.015625000 0.035156250 0.050781250 0.007812500 0.015625000 0.019531250 0.042968750 0.007812500 0.039062500 0.027343750 0.003906250 0.000000000 0.027343750 0.027343750 0.019531250 0.011718750 0.035156250 0.007812500 0.031250000 0.054687500 0.015625000 0.027343750 0.039062500 0.019531250 0.027343750 0.023437500 0.011718750 0.023437500 0.039062500 0.046875000 0.031250000 0.031250000 0.027343750 0.023437500 0.050781250 0.019531250 0.031250000 0.050781250 0.031250000 0.023437500 0.023437500 0.015625000 0.019531250 0.027343750 0.015625000 0.007812500 0.019531250 0.011718750 0.023437500 0.046875000 0.015625000 0.019531250 0.019531250 0.050781250 0.019531250 0.007812500 0.011718750 0.023437500 0.046875000 0.007812500 0.015625000 0.031250000 0.007812500 0.007812500 0.019531250 0.015625000 0.023437500 0.023437500 0.019531250 0.027343750 0.027343750 0.031250000 0.042968750 0.011718750 0.027343750 0.039062500 0.007812500 0.019531250 0.015625000 0.031250000 0.007812500 0.007812500 0.019531250 0.019531250 0.031250000 0.031250000 0.019531250 0.003906250 
1.769531250 0.160156250 0.160156250 0.078125000 0.246093750 0.222656250 0.332031250 0.160156250 0.441406250 0.906250000 0.175781250 0.082031250 0.277343750 0.121093750 0.152343750 0.085937500 0.085937500 0.109375000 0.105468750 0.382812500 0.136718750 0.097656250 0.214843750 0.113281250 0.062500000 0.074218750 0.128906250 0.078125000 0.097656250 0.132812500 0.015625000 0.082031250 0.160156250 0.050781250 0.003906250 0.136718750 0.070312500 0.054687500 0.062500000 0.117187500 0.109375000 0.023437500 0.121093750 0.074218750 0.031250000 0.031250000 0.027343750 0.093750000 0.042968750 0.054687500 0.078125000 0.035156250 0.058593750 0.011718750 0.019531250 0.035156250 0.093750000 0.019531250 0.019531250 0.046875000 0.046875000 0.039062500 0.070312500 0.042968750 0.046875000 0.031250000 0.046875000 0.019531250 0.035156250 0.035156250 0.019531250 0.019531250 0.011718750 0.046875000 0.070312500 0.050781250 0.027343750 0.011718750 0.011718750 0.023437500 0.046875000 0.050781250 0.023437500 0.039062500 0.062500000 0.046875000 0.039062500 0.031250000 0.042968750 0.031250000 0.027343750 0.023437500 0.062500000 0.003906250 0.015625000 0.039062500 0.039062500 0.039062500 0.042968750 0.015625000 0.070312500 0.062500000 0.027343750 0.058593750 0.046875000 0.031250000 0.027343750 0.011718750 0.019531250 0.007812500 0.046875000 0.027343750 0.007812500 0.027343750 0.007812500 0.007812500 0.039062500 0.027343750 0.011718750 0.023437500 0.007812500 0.039062500 0.066406250 0.007812500 0.023437500 0.011718750 0.019531250 0.039062500 0.019531250 0.027343750 0.003906250 0.019531250 0.019531250 0.039062500 0.058593750 0.023437500 0.042968750 0.027343750 0.039062500 0.015625000 0.023437500 0.039062500 0.015625000 0.019531250 0.023437500 0.019531250 0.046875000 0.019531250 0.027343750 0.035156250 0.046875000 0.027343750 0.011718750 0.015625000 0.003906250 0.007812500 0.019531250 0.019531250 0.007812500 0.023437500 0.011718750 0.007812500 0.039062500 0.019531250 0.007812500 0.015625000 0.046875000 0.019531250 0.027343750 0.003906250 0.058593750 0.031250000 0.011718750 0.007812500 0.046875000 0.015625000 0.023437500 0.039062500 0.046875000 0.023437500 0.019531250 0.011718750 0.019531250 0.027343750 0.019531250 0.046875000 0.011718750 0.035156250 0.031250000 0.011718750 0.015625000 0.011718750 0.019531250 0.035156250 0.035156250 0.011718750 0.027343750 0.031250000 0.050781250 0.027343750 0.035156250 0.027343750 0.042968750 0.046875000 0.015625000 0.035156250 0.035156250 0.031250000 0.031250000 0.019531250 0.039062500 0.019531250 0.046875000 0.015625000 0.019531250 0.039062500 0.019531250 0.019531250 0.027343750 0.019531250 0.031250000 0.027343750 0.039062500 0.031250000 0.023437500 0.019531250 0.019531250 0.015625000 0.023437500 0.015625000 0.042968750 0.003906250 0.003906250 0.019531250 0.015625000 0.023437500 0.019531250 0.035156250 0.019531250 0.035156250 0.027343750 0.019531250 0.015625000 0.027343750 0.039062500 0.015625000 0.019531250 0.023437500 0.039062500 0.011718750 0.007812500 0.015625000 0.011718750 0.031250000 0.019531250 0.027343750 0.019531250 
1.703125000 0.218750000 0.089843750 0.156250000 0.375000000 0.210937500 0.179687500 0.074218750 0.359375000 0.910156250 0.062500000 0.257812500 0.148437500 0.050781250 0.148437500 0.058593750 0.042968750 0.226562500 0.007812500 0.453125000 0.093750000 0.082031250 0.109375000 0.156250000 0.078125000 0.031250000 0.066406250 0.093750000 0.023437500 0.144531250 0.085937500 0.179687500 0.058593750 0.093750000 0.050781250 0.128906250 0.078125000 0.011718750 0.101562500 0.015625000 0.066406250 0.058593750 0.074218750 0.054687500 0.058593750 0.027343750 0.023437500 0.136718750 0.066406250 0.042968750 0.058593750 0.019531250 0.058593750 0.062500000 0.050781250 0.035156250 0.058593750 0.058593750 0.058593750 0.035156250 0.042968750 0.078125000 0.039062500 0.015625000 0.042968750 0.046875000 0.046875000 0.019531250 0.046875000 0.039062500 0.023437500 0.011718750 0.031250000 0.046875000 0.070312500 0.070312500 0.054687500 0.019531250 0.031250000 0.042968750 0.035156250 0.070312500 0.027343750 0.035156250 0.035156250 0.011718750 0.042968750 0.042968750 0.019531250 0.027343750 0.027343750 0.035156250 0.042968750 0.027343750 0.035156250 0.011718750 0.015625000 0.066406250 0.007812500 0.050781250 0.027343750 0.035156250 0.046875000 0.019531250 0.070312500 0.046875000 0.023437500 0.023437500 0.019531250 0.000000000 0.050781250 0.023437500 0.023437500 0.003906250 0.023437500 0.011718750 0.011718750 0.042968750 0.031250000 0.042968750 0.035156250 0.015625000 0.070312500 0.027343750 0.031250000 0.007812500 0.015625000 0.007812500 0.046875000 0.031250000 0.015625000 0.023437500 0.023437500 0.027343750 0.070312500 0.042968750 0.023437500 0.019531250 0.039062500 0.007812500 0.027343750 0.003906250 0.042968750 0.015625000 0.007812500 0.023437500 0.050781250 0.015625000 0.031250000 0.050781250 0.042968750 0.019531250 0.007812500 0.023437500 0.023437500 0.011718750 0.027343750 0.003906250 0.027343750 0.031250000 0.015625000 0.003906250 0.035156250 0.019531250 0.011718750 0.023437500 0.011718750 0.023437500 0.023437500 0.003906250 0.058593750 0.023437500 0.019531250 0.011718750 0.066406250 0.023437500 0.007812500 0.015625000 0.015625000 0.023437500 0.023437500 0.015625000 0.023437500 0.019531250 0.031250000 0.039062500 0.011718750 0.035156250 0.027343750 0.015625000 0.011718750 0.031250000 0.015625000 0.042968750 0.046875000 0.000000000 0.046875000 0.007812500 0.035156250 0.031250000 0.015625000 0.023437500 0.003906250 0.003906250 0.050781250 0.007812500 0.015625000 0.000000000 0.035156250 0.023437500 0.039062500 0.015625000 0.035156250 0.003906250 0.023437500 0.039062500 0.027343750 0.031250000 0.031250000 0.023437500 0.035156250 0.035156250 0.031250000 0.027343750 0.019531250 0.023437500 0.011718750 0.007812500 0.015625000 0.015625000 0.042968750 0.011718750 0.003906250 0.011718750 0.003906250 0.011718750 0.023437500 0.027343750 0.042968750 0.027343750 0.035156250 0.019531250 0.019531250 0.031250000 0.019531250 0.019531250 0.007812500 0.031250000 0.015625000 0.035156250 0.019531250 0.011718750 0.023437500 0.031250000 0.015625000 0.015625000 0.046875000 
1.937500000 0.046875000 0.164062500 0.093750000 0.171875000 0.328125000 0.093750000 0.355468750 0.441406250 0.558593750 0.289062500 0.097656250 0.207031250 0.246093750 0.066406250 0.019531250 0.132812500 0.160156250 0.140625000 0.265625000 0.167968750 0.097656250 0.101562500 0.082031250 0.074218750 0.097656250 0.097656250 0.097656250 0.105468750 0.082031250 0.027343750 0.152343750 0.062500000 0.101562500 0.023437500 0.171875000 0.042968750 0.023437500 0.062500000 0.093750000 0.050781250 0.085937500 0.046875000 0.039062500 0.062500000 0.031250000 0.003906250 0.113281250 0.140625000 0.054687500 0.066406250 0.066406250 0.054687500 0.031250000 0.046875000 0.003906250 0.015625000 0.097656250 0.027343750 0.027343750 0.046875000 0.046875000 0.003906250 0.035156250 0.042968750 0.046875000 0.046875000 0.027343750 0.058593750 0.031250000 0.050781250 0.011718750 0.007812500 0.082031250 0.039062500 0.066406250 0.035156250 0.023437500 0.019531250 0.023437500 0.035156250 0.031250000 0.035156250 0.050781250 0.019531250 0.039062500 0.078125000 0.015625000 0.046875000 0.035156250 0.023437500 0.054687500 0.027343750 0.066406250 0.035156250 0.027343750 0.054687500 0.050781250 0.023437500 0.027343750 0.035156250 0.035156250 0.035156250 0.031250000 0.015625000 0.050781250 0.015625000 0.031250000 0.023437500 0.011718750 0.035156250 0.019531250 0.054687500 0.023437500 0.003906250 0.039062500 0.015625000 0.042968750 0.027343750 0.042968750 0.042968750 0.003906250 0.058593750 0.039062500 0.027343750 0.019531250 0.015625000 0.023437500 0.003906250 0.015625000 0.035156250 0.027343750 0.023437500 0.031250000 0.054687500 0.042968750 0.019531250 0.031250000 0.035156250 0.015625000 0.039062500 0.003906250 0.031250000 0.031250000 0.015625000 0.042968750 0.027343750 0.011718750 0.035156250 0.003906250 0.035156250 0.031250000 0.015625000 0.046875000 0.039062500 0.023437500 0.011718750 0.039062500 0.035156250 0.031250000 0.019531250 0.007812500 0.035156250 0.007812500 0.027343750 0.007812500 0.019531250 0.015625000 0.007812500 0.019531250 0.046875000 0.023437500 0.011718750 0.027343750 0.046875000 0.031250000 0.007812500 0.023437500 0.019531250 0.046875000 0.031250000 0.011718750 0.015625000 0.023437500 0.023437500 0.050781250 0.023437500 0.027343750 0.023437500 0.023437500 0.023437500 0.035156250 0.019531250 0.027343750 0.062500000 0.039062500 0.035156250 0.035156250 0.015625000 0.011718750 0.015625000 0.023437500 0.011718750 0.015625000 0.035156250 0.019531250 0.011718750 0.007812500 0.023437500 0.046875000 0.019531250 0.023437500 0.019531250 0.031250000 0.031250000 0.031250000 0.027343750 0.035156250 0.035156250 0.015625000 0.054687500 0.023437500 0.011718750 0.015625000 0.031250000 0.031250000 0.003906250 0.015625000 0.011718750 0.019531250 0.050781250 0.019531250 0.015625000 0.019531250 0.035156250 0.019531250 0.035156250 0.011718750 0.031250000 0.039062500 0.015625000 0.023437500 0.019531250 0.031250000 0.015625000 0.015625000 0.023437500 0.023437500 0.003906250 0.035156250 0.019531250 0.019531250 0.031250000 0.019531250 0.003906250 0.011718750 0.023437500 
1.714843750 0.191406250 0.265625000 0.109375000 0.382812500 0.308593750 0.335937500 0.253906250 0.429687500 0.355468750 0.363281250 0.363281250 0.183593750 0.152343750 0.085937500 0.039062500 0.195312500 0.234375000 0.164062500 0.269531250 0.132812500 0.156250000 0.078125000 0.128906250 0.148437500 0.093750000 0.109375000 0.074218750 0.132812500 0.015625000 0.105468750 0.074218750 0.019531250 0.074218750 0.078125000 0.203125000 0.011718750 0.027343750 0.089843750 0.175781250 0.054687500 0.058593750 0.035156250 0.085937500 0.097656250 0.066406250 0.046875000 0.144531250 0.082031250 0.054687500 0.117187500 0.015625000 0.074218750 0.054687500 0.058593750 0.035156250 0.050781250 0.058593750 0.054687500 0.035156250 0.035156250 0.027343750 0.054687500 0.023437500 0.027343750 0.031250000 0.039062500 0.015625000 0.042968750 0.027343750 0.039062500 0.011718750 0.035156250 0.035156250 0.054687500 0.074218750 0.027343750 0.003906250 0.011718750 0.023437500 0.035156250 0.023437500 0.046875000 0.058593750 0.039062500 0.019531250 0.074218750 0.027343750 0.058593750 0.039062500 0.046875000 0.019531250 0.031250000 0.023437500 0.023437500 0.042968750 0.062500000 0.046875000 0.031250000 0.019531250 0.054687500 0.015625000 0.011718750 0.042968750 0.035156250 0.015625000 0.027343750 0.031250000 0.019531250 0.023437500 0.007812500 0.050781250 0.015625000 0.046875000 0.007812500 0.039062500 0.015625000 0.023437500 0.023437500 0.035156250 0.031250000 0.039062500 0.007812500 0.046875000 0.054687500 0.007812500 0.023437500 0.023437500 0.027343750 0.039062500 0.011718750 0.011718750 0.062500000 0.035156250 0.007812500 0.039062500 0.019531250 0.023437500 0.027343750 0.031250000 0.019531250 0.023437500 0.035156250 0.039062500 0.019531250 0.023437500 0.019531250 0.003906250 0.039062500 0.011718750 0.058593750 0.023437500 0.023437500 0.050781250 0.015625000 0.023437500 0.031250000 0.023437500 0.035156250 0.023437500 0.007812500 0.003906250 0.023437500 0.007812500 0.027343750 0.019531250 0.007812500 0.015625000 0.011718750 0.031250000 0.015625000 0.019531250 0.035156250 0.023437500 0.039062500 0.050781250 0.011718750 0.031250000 0.011718750 0.035156250 0.011718750 0.019531250 0.011718750 0.023437500 0.003906250 0.027343750 0.015625000 0.015625000 0.007812500 0.015625000 0.015625000 0.031250000 0.015625000 0.035156250 0.023437500 0.011718750 0.019531250 0.046875000 0.007812500 0.023437500 0.011718750 0.042968750 0.011718750 0.019531250 0.019531250 0.046875000 0.007812500 0.007812500 0.015625000 0.046875000 0.023437500 0.011718750 0.035156250 0.035156250 0.050781250 0.011718750 0.019531250 0.042968750 0.039062500 0.003906250 0.035156250 0.019531250 0.039062500 0.019531250 0.019531250 0.031250000 0.023437500 0.011718750 0.023437500 0.023437500 0.031250000 0.011718750 0.015625000 0.019531250 0.042968750 0.007812500 0.003906250 0.019531250 0.015625000 0.031250000 0.023437500 0.027343750 0.003906250 0.039062500 0.019531250 0.023437500 0.019531250 0.015625000 0.007812500 0.039062500 0.023437500 0.035156250 0.015625000 0.007812500 0.027343750 0.023437500 0.011718750 
1.210937500 0.316406250 0.347656250 0.152343750 0.113281250 0.175781250 0.421875000 0.476562500 0.160156250 0.781250000 0.300781250 0.207031250 0.191406250 0.039062500 0.058593750 0.167968750 0.105468750 0.113281250 0.078125000 0.398437500 0.171875000 0.070312500 0.093750000 0.175781250 0.058593750 0.062500000 0.093750000 0.105468750 0.132812500 0.097656250 0.089843750 0.066406250 0.042968750 0.066406250 0.097656250 0.082031250 0.078125000 0.046875000 0.101562500 0.062500000 0.179687500 0.035156250 0.058593750 0.042968750 0.148437500 0.035156250 0.066406250 0.125000000 0.046875000 0.054687500 0.128906250 0.027343750 0.074218750 0.050781250 0.019531250 0.039062500 0.054687500 0.023437500 0.046875000 0.046875000 0.003906250 0.039062500 0.062500000 0.011718750 0.011718750 0.031250000 0.007812500 0.042968750 0.039062500 0.019531250 0.062500000 0.042968750 0.015625000 0.023437500 0.035156250 0.023437500 0.046875000 0.058593750 0.035156250 0.011718750 0.042968750 0.054687500 0.050781250 0.019531250 0.031250000 0.035156250 0.078125000 0.050781250 0.031250000 0.054687500 0.054687500 0.011718750 0.031250000 0.007812500 0.035156250 0.054687500 0.039062500 0.046875000 0.019531250 0.031250000 0.039062500 0.007812500 0.015625000 0.035156250 0.050781250 0.011718750 0.035156250 0.046875000 0.023437500 0.035156250 0.023437500 0.046875000 0.015625000 0.050781250 0.015625000 0.031250000 0.007812500 0.015625000 0.015625000 0.019531250 0.019531250 0.031250000 0.015625000 0.035156250 0.035156250 0.015625000 0.031250000 0.042968750 0.027343750 0.031250000 0.003906250 0.007812500 0.031250000 0.039062500 0.042968750 0.011718750 0.003906250 0.023437500 0.015625000 0.027343750 0.019531250 0.015625000 0.019531250 0.027343750 0.027343750 0.031250000 0.039062500 0.031250000 0.023437500 0.031250000 0.050781250 0.019531250 0.015625000 0.046875000 0.046875000 0.031250000 0.031250000 0.027343750 0.019531250 0.039062500 0.015625000 0.023437500 0.019531250 0.011718750 0.019531250 0.023437500 0.007812500 0.011718750 0.023437500 0.019531250 0.011718750 0.019531250 0.023437500 0.039062500 0.019531250 0.027343750 0.007812500 0.039062500 0.015625000 0.019531250 0.023437500 0.027343750 0.019531250 0.031250000 0.031250000 0.027343750 0.015625000 0.011718750 0.007812500 0.015625000 0.015625000 0.019531250 0.031250000 0.042968750 0.027343750 0.019531250 0.019531250 0.050781250 0.015625000 0.019531250 0.023437500 0.027343750 0.027343750 0.023437500 0.015625000 0.027343750 0.031250000 0.019531250 0.011718750 0.019531250 0.011718750 0.015625000 0.039062500 0.015625000 0.031250000 0.027343750 0.003906250 0.019531250 0.019531250 0.023437500 0.015625000 0.015625000 0.046875000 0.023437500 0.015625000 0.023437500 0.019531250 0.019531250 0.042968750 0.027343750 0.015625000 0.023437500 0.007812500 0.019531250 0.031250000 0.019531250 0.011718750 0.023437500 0.031250000 0.011718750 0.023437500 0.027343750 0.011718750 0.035156250 0.035156250 0.023437500 0.011718750 0.007812500 0.007812500 0.042968750 0.035156250 0.011718750 0.011718750 0.011718750 0.027343750 0.023437500 0.015625000 
0.605468750 0.320312500 0.066406250 0.085937500 0.125000000 0.183593750 0.289062500 0.296875000 0.316406250 0.949218750 0.132812500 0.195312500 0.085937500 0.062500000 0.035156250 0.257812500 0.035156250 0.050781250 0.089843750 0.394531250 0.250000000 0.167968750 0.160156250 0.074218750 0.089843750 0.132812500 0.019531250 0.085937500 0.093750000 0.136718750 0.082031250 0.058593750 0.062500000 0.027343750 0.144531250 0.070312500 0.109375000 0.011718750 0.074218750 0.039062500 0.148437500 0.105468750 0.128906250 0.046875000 0.113281250 0.027343750 0.062500000 0.109375000 0.046875000 0.035156250 0.082031250 0.074218750 0.066406250 0.066406250 0.007812500 0.019531250 0.027343750 0.054687500 0.019531250 0.007812500 0.050781250 0.027343750 0.039062500 0.050781250 0.031250000 0.019531250 0.015625000 0.039062500 0.031250000 0.074218750 0.023437500 0.070312500 0.039062500 0.062500000 0.082031250 0.023437500 0.039062500 0.066406250 0.031250000 0.015625000 0.027343750 0.035156250 0.035156250 0.007812500 0.027343750 0.042968750 0.054687500 0.054687500 0.046875000 0.058593750 0.054687500 0.007812500 0.058593750 0.027343750 0.035156250 0.058593750 0.035156250 0.031250000 0.015625000 0.011718750 0.031250000 0.046875000 0.023437500 0.039062500 0.050781250 0.011718750 0.035156250 0.015625000 0.046875000 0.019531250 0.015625000 0.015625000 0.054687500 0.027343750 0.035156250 0.015625000 0.011718750 0.015625000 0.019531250 0.027343750 0.027343750 0.031250000 0.031250000 0.050781250 0.015625000 0.023437500 0.023437500 0.050781250 0.023437500 0.023437500 0.019531250 0.031250000 0.039062500 0.027343750 0.039062500 0.023437500 0.019531250 0.007812500 0.007812500 0.007812500 0.007812500 0.019531250 0.007812500 0.035156250 0.023437500 0.039062500 0.023437500 0.050781250 0.015625000 0.050781250 0.019531250 0.031250000 0.023437500 0.023437500 0.027343750 0.031250000 0.023437500 0.015625000 0.011718750 0.031250000 0.031250000 0.023437500 0.023437500 0.007812500 0.003906250 0.023437500 0.015625000 0.007812500 0.027343750 0.023437500 0.007812500 0.019531250 0.023437500 0.035156250 0.015625000 0.023437500 0.011718750 0.019531250 0.015625000 0.015625000 0.031250000 0.027343750 0.035156250 0.015625000 0.019531250 0.031250000 0.019531250 0.007812500 0.015625000 0.015625000 0.023437500 0.027343750 0.027343750 0.023437500 0.027343750 0.023437500 0.015625000 0.042968750 0.023437500 0.019531250 0.027343750 0.011718750 0.015625000 0.031250000 0.007812500 0.042968750 0.042968750 0.023437500 0.003906250 0.003906250 0.023437500 0.027343750 0.011718750 0.003906250 0.027343750 0.042968750 0.015625000 0.019531250 0.011718750 0.007812500 0.019531250 0.000000000 0.042968750 0.031250000 0.007812500 0.031250000 0.015625000 0.023437500 0.046875000 0.015625000 0.011718750 0.011718750 0.003906250 0.019531250 0.023437500 0.019531250 0.019531250 0.015625000 0.027343750 0.007812500 0.011718750 0.039062500 0.015625000 0.042968750 0.054687500 0.003906250 0.019531250 0.011718750 0.023437500 0.042968750 0.015625000 0.011718750 0.023437500 0.011718750 0.023437500 0.023437500 0.019531250 
0.058593750 0.253906250 0.355468750 0.113281250 0.136718750 0.035156250 0.167968750 0.148437500 0.289062500 0.835937500 0.453125000 0.375000000 0.210937500 0.203125000 0.226562500 0.226562500 0.207031250 0.144531250 0.062500000 0.343750000 0.218750000 0.218750000 0.261718750 0.105468750 0.109375000 0.101562500 0.078125000 0.097656250 0.070312500 0.136718750 0.156250000 0.011718750 0.089843750 0.097656250 0.070312500 0.015625000 0.085937500 0.054687500 0.074218750 0.105468750 0.027343750 0.062500000 0.089843750 0.074218750 0.046875000 0.078125000 0.031250000 0.050781250 0.062500000 0.058593750 0.078125000 0.070312500 0.027343750 0.070312500 0.050781250 0.042968750 0.035156250 0.058593750 0.031250000 0.042968750 0.011718750 0.062500000 0.050781250 0.062500000 0.039062500 0.023437500 0.023437500 0.050781250 0.066406250 0.066406250 0.054687500 0.078125000 0.050781250 0.046875000 0.113281250 0.046875000 0.050781250 0.089843750 0.027343750 0.039062500 0.003906250 0.035156250 0.074218750 0.035156250 0.015625000 0.050781250 0.023437500 0.015625000 0.039062500 0.039062500 0.003906250 0.062500000 0.070312500 0.031250000 0.019531250 0.007812500 0.015625000 0.050781250 0.066406250 0.042968750 0.015625000 0.054687500 0.007812500 0.058593750 0.046875000 0.007812500 0.054687500 0.027343750 0.015625000 0.003906250 0.015625000 0.039062500 0.039062500 0.031250000 0.023437500 0.015625000 0.027343750 0.019531250 0.019531250 0.019531250 0.046875000 0.031250000 0.058593750 0.019531250 0.035156250 0.023437500 0.019531250 0.031250000 0.035156250 0.011718750 0.027343750 0.015625000 0.039062500 0.035156250 0.023437500 0.046875000 0.027343750 0.011718750 0.015625000 0.031250000 0.027343750 0.015625000 0.007812500 0.027343750 0.019531250 0.058593750 0.050781250 0.023437500 0.011718750 0.031250000 0.015625000 0.023437500 0.015625000 0.031250000 0.019531250 0.035156250 0.011718750 0.011718750 0.007812500 0.031250000 0.035156250 0.015625000 0.023437500 0.011718750 0.015625000 0.019531250 0.023437500 0.019531250 0.011718750 0.027343750 0.019531250 0.007812500 0.015625000 0.007812500 0.015625000 0.015625000 0.015625000 0.023437500 0.015625000 0.019531250 0.035156250 0.035156250 0.023437500 0.023437500 0.019531250 0.039062500 0.031250000 0.015625000 0.015625000 0.007812500 0.035156250 0.023437500 0.031250000 0.019531250 0.027343750 0.027343750 0.019531250 0.039062500 0.019531250 0.011718750 0.003906250 0.019531250 0.015625000 0.015625000 0.011718750 0.027343750 0.035156250 0.023437500 0.003906250 0.007812500 0.015625000 0.015625000 0.023437500 0.027343750 0.011718750 0.023437500 0.023437500 0.003906250 0.007812500 0.015625000 0.007812500 0.023437500 0.027343750 0.035156250 0.007812500 0.015625000 0.019531250 0.042968750 0.019531250 0.035156250 0.023437500 0.007812500 0.023437500 0.027343750 0.019531250 0.003906250 0.019531250 0.011718750 0.015625000 0.011718750 0.011718750 0.031250000 0.019531250 0.039062500 0.035156250 0.023437500 0.011718750 0.042968750 0.023437500 0.027343750 0.011718750 0.011718750 0.023437500 0.015625000 0.015625000 0.003906250 0.003906250 
0.425781250 0.312500000 0.121093750 0.015625000 0.312500000 0.121093750 0.222656250 0.218750000 0.558593750 0.699218750 0.566406250 0.238281250 0.144531250 0.062500000 0.191406250 0.250000000 0.152343750 0.136718750 0.183593750 0.238281250 0.148437500 0.117187500 0.191406250 0.179687500 0.101562500 0.121093750 0.054687500 0.175781250 0.121093750 0.050781250 0.062500000 0.066406250 0.109375000 0.035156250 0.023437500 0.054687500 0.031250000 0.046875000 0.015625000 0.019531250 0.121093750 0.105468750 0.050781250 0.101562500 0.066406250 0.078125000 0.070312500 0.089843750 0.035156250 0.097656250 0.035156250 0.066406250 0.015625000 0.093750000 0.019531250 0.019531250 0.039062500 0.007812500 0.003906250 0.042968750 0.019531250 0.050781250 0.035156250 0.058593750 0.015625000 0.035156250 0.019531250 0.027343750 0.015625000 0.019531250 0.093750000 0.093750000 0.093750000 0.015625000 0.117187500 0.015625000 0.015625000 0.082031250 0.003906250 0.046875000 0.015625000 0.019531250 0.042968750 0.023437500 0.039062500 0.015625000 0.019531250 0.019531250 0.050781250 0.039062500 0.039062500 0.035156250 0.027343750 0.042968750 0.011718750 0.019531250 0.011718750 0.078125000 0.078125000 0.007812500 0.039062500 0.011718750 0.039062500 0.039062500 0.019531250 0.035156250 0.042968750 0.039062500 0.027343750 0.015625000 0.023437500 0.027343750 0.027343750 0.007812500 0.015625000 0.023437500 0.042968750 0.019531250 0.027343750 0.031250000 0.046875000 0.042968750 0.070312500 0.015625000 0.023437500 0.015625000 0.031250000 0.015625000 0.011718750 0.011718750 0.019531250 0.019531250 0.046875000 0.011718750 0.023437500 0.031250000 0.019531250 0.031250000 0.031250000 0.011718750 0.031250000 0.031250000 0.023437500 0.015625000 0.042968750 0.066406250 0.046875000 0.011718750 0.019531250 0.015625000 0.007812500 0.023437500 0.007812500 0.027343750 0.011718750 0.027343750 0.011718750 0.019531250 0.027343750 0.011718750 0.019531250 0.011718750 0.035156250 0.003906250 0.007812500 0.027343750 0.015625000 0.035156250 0.035156250 0.007812500 0.023437500 0.015625000 0.023437500 0.011718750 0.015625000 0.023437500 0.003906250 0.019531250 0.011718750 0.027343750 0.023437500 0.011718750 0.011718750 0.035156250 0.015625000 0.007812500 0.031250000 0.011718750 0.007812500 0.039062500 0.042968750 0.011718750 0.019531250 0.007812500 0.011718750 0.011718750 0.023437500 0.027343750 0.011718750 0.015625000 0.015625000 0.011718750 0.027343750 0.019531250 0.011718750 0.031250000 0.023437500 0.019531250 0.011718750 0.015625000 0.007812500 0.003906250 0.035156250 0.011718750 0.011718750 0.023437500 0.003906250 0.019531250 0.019531250 0.039062500 0.015625000 0.019531250 0.011718750 0.031250000 0.015625000 0.007812500 0.027343750 0.035156250 0.003906250 0.050781250 0.007812500 0.011718750 0.027343750 0.031250000 0.015625000 0.007812500 0.027343750 0.015625000 0.027343750 0.011718750 0.031250000 0.023437500 0.011718750 0.054687500 0.019531250 0.027343750 0.031250000 0.039062500 0.015625000 0.007812500 0.027343750 0.027343750 0.007812500 0.019531250 0.003906250 0.027343750 0.035156250 
0.753906250 0.066406250 0.210937500 0.027343750 0.375000000 0.054687500 0.312500000 0.152343750 0.421875000 0.882812500 0.121093750 0.203125000 0.253906250 0.046875000 0.082031250 0.296875000 0.070312500 0.214843750 0.109375000 0.214843750 0.101562500 0.222656250 0.351562500 0.250000000 0.183593750 0.082031250 0.140625000 0.109375000 0.148437500 0.054687500 0.132812500 0.046875000 0.082031250 0.046875000 0.046875000 0.078125000 0.007812500 0.027343750 0.035156250 0.042968750 0.109375000 0.093750000 0.058593750 0.082031250 0.074218750 0.085937500 0.082031250 0.042968750 0.054687500 0.046875000 0.003906250 0.082031250 0.015625000 0.066406250 0.031250000 0.011718750 0.054687500 0.039062500 0.058593750 0.078125000 0.039062500 0.035156250 0.011718750 0.027343750 0.039062500 0.046875000 0.011718750 0.015625000 0.031250000 0.027343750 0.046875000 0.132812500 0.031250000 0.039062500 0.074218750 0.031250000 0.027343750 0.039062500 0.050781250 0.093750000 0.023437500 0.054687500 0.007812500 0.050781250 0.054687500 0.007812500 0.023437500 0.046875000 0.019531250 0.050781250 0.011718750 0.046875000 0.023437500 0.042968750 0.035156250 0.054687500 0.027343750 0.066406250 0.082031250 0.035156250 0.007812500 0.015625000 0.027343750 0.031250000 0.035156250 0.007812500 0.015625000 0.046875000 0.007812500 0.039062500 0.015625000 0.027343750 0.027343750 0.023437500 0.023437500 0.011718750 0.058593750 0.011718750 0.031250000 0.027343750 0.039062500 0.027343750 0.070312500 0.011718750 0.007812500 0.050781250 0.023437500 0.011718750 0.035156250 0.031250000 0.019531250 0.019531250 0.039062500 0.011718750 0.031250000 0.019531250 0.000000000 0.039062500 0.039062500 0.023437500 0.015625000 0.042968750 0.015625000 0.039062500 0.027343750 0.074218750 0.050781250 0.011718750 0.031250000 0.015625000 0.019531250 0.039062500 0.023437500 0.015625000 0.023437500 0.015625000 0.019531250 0.003906250 0.042968750 0.007812500 0.015625000 0.050781250 0.039062500 0.027343750 0.007812500 0.027343750 0.023437500 0.027343750 0.027343750 0.011718750 0.027343750 0.023437500 0.023437500 0.031250000 0.031250000 0.023437500 0.007812500 0.035156250 0.023437500 0.007812500 0.023437500 0.011718750 0.011718750 0.031250000 0.007812500 0.011718750 0.027343750 0.015625000 0.023437500 0.031250000 0.011718750 0.027343750 0.027343750 0.027343750 0.027343750 0.031250000 0.015625000 0.035156250 0.015625000 0.019531250 0.027343750 0.011718750 0.003906250 0.054687500 0.031250000 0.035156250 0.023437500 0.007812500 0.003906250 0.015625000 0.011718750 0.003906250 0.035156250 0.019531250 0.019531250 0.031250000 0.003906250 0.031250000 0.023437500 0.023437500 0.015625000 0.011718750 0.015625000 0.023437500 0.007812500 0.023437500 0.039062500 0.019531250 0.027343750 0.023437500 0.027343750 0.019531250 0.023437500 0.039062500 0.000000000 0.003906250 0.039062500 0.015625000 0.035156250 0.023437500 0.035156250 0.011718750 0.000000000 0.039062500 0.050781250 0.031250000 0.019531250 0.035156250 0.027343750 0.019531250 0.007812500 0.003906250 0.031250000 0.039062500 0.011718750 0.019531250 0.058593750 
0.671875000 0.132812500 0.179687500 0.160156250 0.207031250 0.242187500 0.394531250 0.328125000 0.292968750 0.917968750 0.390625000 0.156250000 0.210937500 0.078125000 0.132812500 0.363281250 0.136718750 0.296875000 0.167968750 0.359375000 0.292968750 0.082031250 0.238281250 0.285156250 0.253906250 0.089843750 0.140625000 0.085937500 0.125000000 0.050781250 0.085937500 0.097656250 0.062500000 0.019531250 0.027343750 0.082031250 0.015625000 0.039062500 0.035156250 0.054687500 0.113281250 0.101562500 0.027343750 0.062500000 0.117187500 0.042968750 0.054687500 0.078125000 0.023437500 0.011718750 0.046875000 0.062500000 0.066406250 0.074218750 0.031250000 0.054687500 0.027343750 0.035156250 0.078125000 0.054687500 0.027343750 0.007812500 0.035156250 0.039062500 0.031250000 0.054687500 0.011718750 0.003906250 0.007812500 0.050781250 0.007812500 0.089843750 0.050781250 0.046875000 0.062500000 0.027343750 0.054687500 0.042968750 0.042968750 0.082031250 0.015625000 0.023437500 0.042968750 0.082031250 0.023437500 0.015625000 0.027343750 0.042968750 0.031250000 0.058593750 0.046875000 0.003906250 0.039062500 0.023437500 0.027343750 0.046875000 0.015625000 0.039062500 0.062500000 0.050781250 0.015625000 0.023437500 0.027343750 0.039062500 0.035156250 0.015625000 0.023437500 0.031250000 0.039062500 0.011718750 0.035156250 0.007812500 0.019531250 0.015625000 0.011718750 0.027343750 0.062500000 0.007812500 0.023437500 0.050781250 0.042968750 0.050781250 0.035156250 0.023437500 0.027343750 0.023437500 0.015625000 0.023437500 0.007812500 0.035156250 0.027343750 0.039062500 0.027343750 0.031250000 0.003906250 0.015625000 0.019531250 0.015625000 0.011718750 0.050781250 0.011718750 0.039062500 0.031250000 0.035156250 0.015625000 0.062500000 0.039062500 0.019531250 0.050781250 0.023437500 0.015625000 0.035156250 0.023437500 0.007812500 0.019531250 0.019531250 0.023437500 0.007812500 0.042968750 0.011718750 0.019531250 0.070312500 0.039062500 0.011718750 0.031250000 0.015625000 0.007812500 0.046875000 0.011718750 0.042968750 0.019531250 0.039062500 0.011718750 0.050781250 0.015625000 0.019531250 0.015625000 0.011718750 0.046875000 0.015625000 0.046875000 0.027343750 0.039062500 0.023437500 0.007812500 0.003906250 0.027343750 0.031250000 0.031250000 0.035156250 0.019531250 0.019531250 0.027343750 0.035156250 0.023437500 0.007812500 0.039062500 0.042968750 0.023437500 0.031250000 0.023437500 0.007812500 0.019531250 0.035156250 0.042968750 0.042968750 0.023437500 0.007812500 0.007812500 0.015625000 0.007812500 0.007812500 0.019531250 0.015625000 0.019531250 0.011718750 0.027343750 0.007812500 0.035156250 0.019531250 0.023437500 0.007812500 0.015625000 0.019531250 0.019531250 0.039062500 0.023437500 0.003906250 0.031250000 0.015625000 0.019531250 0.003906250 0.023437500 0.007812500 0.031250000 0.027343750 0.039062500 0.015625000 0.027343750 0.031250000 0.019531250 0.023437500 0.042968750 0.007812500 0.027343750 0.042968750 0.019531250 0.007812500 0.046875000 0.015625000 0.019531250 0.011718750 0.031250000 0.019531250 0.035156250 0.035156250 0.046875000 
0.335937500 0.246093750 0.128906250 0.128906250 0.281250000 0.402343750 0.382812500 0.195312500 0.527343750 0.656250000 0.179687500 0.187500000 0.078125000 0.144531250 0.078125000 0.281250000 0.074218750 0.324218750 0.164062500 0.425781250 0.261718750 0.136718750 0.242187500 0.332031250 0.156250000 0.113281250 0.121093750 0.015625000 0.031250000 0.058593750 0.046875000 0.109375000 0.078125000 0.046875000 0.023437500 0.066406250 0.027343750 0.054687500 0.031250000 0.062500000 0.066406250 0.070312500 0.007812500 0.066406250 0.046875000 0.078125000 0.003906250 0.035156250 0.058593750 0.035156250 0.031250000 0.070312500 0.046875000 0.062500000 0.019531250 0.031250000 0.042968750 0.050781250 0.054687500 0.062500000 0.066406250 0.046875000 0.031250000 0.054687500 0.035156250 0.042968750 0.011718750 0.003906250 0.027343750 0.007812500 0.062500000 0.042968750 0.023437500 0.035156250 0.054687500 0.019531250 0.003906250 0.050781250 0.027343750 0.074218750 0.046875000 0.031250000 0.054687500 0.046875000 0.062500000 0.035156250 0.031250000 0.046875000 0.039062500 0.054687500 0.023437500 0.015625000 0.046875000 0.011718750 0.039062500 0.039062500 0.023437500 0.031250000 0.019531250 0.042968750 0.027343750 0.031250000 0.035156250 0.042968750 0.023437500 0.046875000 0.027343750 0.039062500 0.003906250 0.019531250 0.019531250 0.003906250 0.011718750 0.027343750 0.011718750 0.019531250 0.039062500 0.042968750 0.023437500 0.027343750 0.046875000 0.031250000 0.015625000 0.019531250 0.050781250 0.011718750 0.031250000 0.011718750 0.007812500 0.031250000 0.039062500 0.039062500 0.027343750 0.019531250 0.007812500 0.019531250 0.007812500 0.011718750 0.019531250 0.039062500 0.011718750 0.019531250 0.015625000 0.003906250 0.050781250 0.011718750 0.027343750 0.019531250 0.054687500 0.015625000 0.035156250 0.019531250 0.039062500 0.019531250 0.019531250 0.035156250 0.007812500 0.003906250 0.031250000 0.011718750 0.023437500 0.058593750 0.078125000 0.062500000 0.007812500 0.003906250 0.007812500 0.031250000 0.019531250 0.039062500 0.027343750 0.027343750 0.023437500 0.054687500 0.039062500 0.023437500 0.031250000 0.007812500 0.050781250 0.011718750 0.027343750 0.035156250 0.035156250 0.007812500 0.031250000 0.023437500 0.015625000 0.019531250 0.031250000 0.015625000 0.011718750 0.011718750 0.035156250 0.027343750 0.027343750 0.007812500 0.042968750 0.027343750 0.011718750 0.035156250 0.023437500 0.027343750 0.023437500 0.027343750 0.058593750 0.027343750 0.023437500 0.007812500 0.003906250 0.019531250 0.007812500 0.007812500 0.011718750 0.003906250 0.042968750 0.019531250 0.019531250 0.007812500 0.019531250 0.019531250 0.007812500 0.007812500 0.031250000 0.007812500 0.031250000 0.019531250 0.011718750 0.011718750 0.035156250 0.011718750 0.007812500 0.011718750 0.007812500 0.019531250 0.019531250 0.027343750 0.039062500 0.031250000 0.007812500 0.019531250 0.015625000 0.027343750 0.027343750 0.015625000 0.011718750 0.039062500 0.015625000 0.011718750 0.039062500 0.019531250 0.027343750 0.011718750 0.019531250 0.027343750 0.050781250 0.023437500 0.023437500 
0.062500000 0.175781250 0.164062500 0.039062500 0.222656250 0.296875000 0.148437500 0.324218750 0.593750000 0.753906250 0.386718750 0.113281250 0.097656250 0.101562500 0.097656250 0.187500000 0.156250000 0.234375000 0.132812500 0.625000000 0.070312500 0.144531250 0.101562500 0.050781250 0.148437500 0.210937500 0.058593750 0.132812500 0.074218750 0.054687500 0.042968750 0.007812500 0.062500000 0.128906250 0.074218750 0.042968750 0.054687500 0.050781250 0.019531250 0.066406250 0.062500000 0.074218750 0.070312500 0.058593750 0.039062500 0.007812500 0.062500000 0.070312500 0.050781250 0.050781250 0.050781250 0.050781250 0.027343750 0.078125000 0.031250000 0.058593750 0.027343750 0.078125000 0.023437500 0.062500000 0.031250000 0.078125000 0.027343750 0.054687500 0.019531250 0.027343750 0.062500000 0.011718750 0.058593750 0.058593750 0.042968750 0.035156250 0.042968750 0.066406250 0.050781250 0.031250000 0.031250000 0.007812500 0.015625000 0.050781250 0.031250000 0.023437500 0.058593750 0.039062500 0.050781250 0.027343750 0.035156250 0.039062500 0.023437500 0.054687500 0.042968750 0.039062500 0.042968750 0.039062500 0.039062500 0.007812500 0.011718750 0.070312500 0.027343750 0.039062500 0.027343750 0.050781250 0.023437500 0.015625000 0.027343750 0.046875000 0.031250000 0.089843750 0.031250000 0.015625000 0.015625000 0.027343750 0.042968750 0.015625000 0.027343750 0.023437500 0.039062500 0.046875000 0.023437500 0.003906250 0.058593750 0.031250000 0.035156250 0.019531250 0.046875000 0.015625000 0.035156250 0.003906250 0.023437500 0.015625000 0.035156250 0.007812500 0.035156250 0.039062500 0.031250000 0.015625000 0.011718750 0.031250000 0.027343750 0.031250000 0.031250000 0.042968750 0.011718750 0.019531250 0.050781250 0.011718750 0.039062500 0.003906250 0.039062500 0.019531250 0.011718750 0.035156250 0.027343750 0.035156250 0.027343750 0.042968750 0.003906250 0.011718750 0.027343750 0.027343750 0.023437500 0.039062500 0.046875000 0.066406250 0.039062500 0.011718750 0.003906250 0.015625000 0.035156250 0.019531250 0.046875000 0.023437500 0.042968750 0.046875000 0.039062500 0.015625000 0.015625000 0.042968750 0.019531250 0.042968750 0.039062500 0.035156250 0.031250000 0.027343750 0.011718750 0.031250000 0.023437500 0.035156250 0.003906250 0.011718750 0.015625000 0.003906250 0.023437500 0.027343750 0.023437500 0.023437500 0.023437500 0.042968750 0.003906250 0.011718750 0.027343750 0.035156250 0.007812500 0.027343750 0.023437500 0.035156250 0.011718750 0.023437500 0.019531250 0.019531250 0.035156250 0.031250000 0.015625000 0.023437500 0.007812500 0.042968750 0.023437500 0.031250000 0.023437500 0.007812500 0.019531250 0.007812500 0.039062500 0.019531250 0.023437500 0.019531250 0.003906250 0.019531250 0.031250000 0.019531250 0.019531250 0.019531250 0.019531250 0.011718750 0.015625000 0.031250000 0.023437500 0.019531250 0.011718750 0.003906250 0.003906250 0.023437500 0.023437500 0.023437500 0.015625000 0.027343750 0.027343750 0.039062500 0.015625000 0.027343750 0.035156250 0.015625000 0.015625000 0.035156250 0.023437500 0.011718750 0.000000000 
0.371093750 0.144531250 0.230468750 0.058593750 0.167968750 0.230468750 0.257812500 0.371093750 0.707031250 0.953125000 0.183593750 0.179687500 0.054687500 0.078125000 0.164062500 0.117187500 0.128906250 0.250000000 0.195312500 0.382812500 0.179687500 0.078125000 0.183593750 0.140625000 0.062500000 0.164062500 0.070312500 0.140625000 0.105468750 0.089843750 0.035156250 0.054687500 0.089843750 0.128906250 0.101562500 0.058593750 0.031250000 0.093750000 0.042968750 0.058593750 0.085937500 0.054687500 0.042968750 0.039062500 0.031250000 0.035156250 0.078125000 0.085937500 0.074218750 0.031250000 0.058593750 0.042968750 0.023437500 0.074218750 0.019531250 0.035156250 0.011718750 0.046875000 0.058593750 0.042968750 0.074218750 0.046875000 0.039062500 0.031250000 0.039062500 0.003906250 0.042968750 0.019531250 0.058593750 0.015625000 0.003906250 0.007812500 0.027343750 0.070312500 0.054687500 0.023437500 0.031250000 0.019531250 0.015625000 0.015625000 0.007812500 0.027343750 0.058593750 0.050781250 0.050781250 0.007812500 0.042968750 0.039062500 0.042968750 0.039062500 0.042968750 0.023437500 0.015625000 0.054687500 0.062500000 0.027343750 0.035156250 0.066406250 0.031250000 0.054687500 0.007812500 0.035156250 0.031250000 0.027343750 0.027343750 0.039062500 0.035156250 0.078125000 0.011718750 0.035156250 0.015625000 0.011718750 0.039062500 0.042968750 0.035156250 0.031250000 0.046875000 0.027343750 0.023437500 0.023437500 0.023437500 0.039062500 0.027343750 0.015625000 0.015625000 0.027343750 0.019531250 0.023437500 0.046875000 0.023437500 0.027343750 0.015625000 0.031250000 0.015625000 0.023437500 0.019531250 0.023437500 0.011718750 0.035156250 0.027343750 0.027343750 0.031250000 0.039062500 0.007812500 0.015625000 0.054687500 0.011718750 0.031250000 0.023437500 0.031250000 0.015625000 0.027343750 0.042968750 0.031250000 0.035156250 0.027343750 0.007812500 0.019531250 0.015625000 0.019531250 0.019531250 0.007812500 0.042968750 0.035156250 0.054687500 0.019531250 0.019531250 0.015625000 0.007812500 0.035156250 0.015625000 0.031250000 0.031250000 0.039062500 0.031250000 0.050781250 0.019531250 0.027343750 0.007812500 0.007812500 0.050781250 0.015625000 0.007812500 0.007812500 0.039062500 0.054687500 0.023437500 0.011718750 0.023437500 0.019531250 0.011718750 0.011718750 0.003906250 0.000000000 0.019531250 0.031250000 0.011718750 0.027343750 0.011718750 0.003906250 0.035156250 0.027343750 0.019531250 0.023437500 0.003906250 0.015625000 0.011718750 0.011718750 0.007812500 0.035156250 0.019531250 0.031250000 0.019531250 0.023437500 0.015625000 0.035156250 0.039062500 0.046875000 0.015625000 0.019531250 0.019531250 0.011718750 0.031250000 0.023437500 0.011718750 0.015625000 0.023437500 0.003906250 0.031250000 0.027343750 0.011718750 0.031250000 0.031250000 0.015625000 0.011718750 0.019531250 0.027343750 0.019531250 0.019531250 0.007812500 0.019531250 0.011718750 0.011718750 0.015625000 0.007812500 0.035156250 0.027343750 0.035156250 0.015625000 0.015625000 0.027343750 0.007812500 0.007812500 0.023437500 0.015625000 0.003906250 0.011718750 
0.523437500 0.054687500 0.160156250 0.121093750 0.125000000 0.300781250 0.476562500 0.101562500 0.609375000 0.988281250 0.101562500 0.187500000 0.117187500 0.128906250 0.171875000 0.089843750 0.074218750 0.308593750 0.187500000 0.359375000 0.210937500 0.062500000 0.097656250 0.226562500 0.085937500 0.109375000 0.093750000 0.066406250 0.140625000 0.078125000 0.039062500 0.058593750 0.117187500 0.148437500 0.035156250 0.097656250 0.035156250 0.105468750 0.046875000 0.015625000 0.023437500 0.125000000 0.046875000 0.066406250 0.050781250 0.085937500 0.113281250 0.070312500 0.082031250 0.046875000 0.070312500 0.101562500 0.062500000 0.031250000 0.031250000 0.054687500 0.070312500 0.035156250 0.066406250 0.023437500 0.039062500 0.035156250 0.015625000 0.023437500 0.062500000 0.039062500 0.031250000 0.019531250 0.050781250 0.035156250 0.035156250 0.019531250 0.019531250 0.066406250 0.035156250 0.015625000 0.039062500 0.042968750 0.054687500 0.019531250 0.019531250 0.046875000 0.011718750 0.011718750 0.066406250 0.050781250 0.007812500 0.023437500 0.035156250 0.050781250 0.007812500 0.039062500 0.007812500 0.054687500 0.066406250 0.042968750 0.027343750 0.050781250 0.058593750 0.015625000 0.046875000 0.015625000 0.031250000 0.011718750 0.023437500 0.027343750 0.054687500 0.035156250 0.031250000 0.050781250 0.035156250 0.023437500 0.042968750 0.046875000 0.031250000 0.023437500 0.023437500 0.039062500 0.015625000 0.015625000 0.007812500 0.015625000 0.039062500 0.007812500 0.015625000 0.019531250 0.007812500 0.019531250 0.042968750 0.039062500 0.011718750 0.035156250 0.054687500 0.070312500 0.027343750 0.023437500 0.023437500 0.019531250 0.042968750 0.027343750 0.039062500 0.039062500 0.035156250 0.031250000 0.042968750 0.019531250 0.031250000 0.027343750 0.039062500 0.019531250 0.007812500 0.019531250 0.039062500 0.050781250 0.035156250 0.007812500 0.027343750 0.031250000 0.027343750 0.011718750 0.031250000 0.019531250 0.066406250 0.039062500 0.031250000 0.007812500 0.027343750 0.015625000 0.007812500 0.035156250 0.007812500 0.019531250 0.019531250 0.039062500 0.027343750 0.058593750 0.019531250 0.011718750 0.031250000 0.027343750 0.027343750 0.027343750 0.019531250 0.019531250 0.027343750 0.042968750 0.042968750 0.000000000 0.023437500 0.015625000 0.019531250 0.011718750 0.019531250 0.023437500 0.007812500 0.023437500 0.031250000 0.019531250 0.027343750 0.011718750 0.035156250 0.023437500 0.011718750 0.000000000 0.023437500 0.015625000 0.035156250 0.035156250 0.015625000 0.027343750 0.023437500 0.019531250 0.023437500 0.027343750 0.019531250 0.023437500 0.035156250 0.050781250 0.019531250 0.019531250 0.019531250 0.007812500 0.027343750 0.027343750 0.035156250 0.015625000 0.031250000 0.023437500 0.015625000 0.027343750 0.019531250 0.019531250 0.042968750 0.027343750 0.023437500 0.023437500 0.011718750 0.003906250 0.031250000 0.007812500 0.019531250 0.023437500 0.027343750 0.046875000 0.019531250 0.023437500 0.039062500 0.031250000 0.007812500 0.023437500 0.007812500 0.015625000 0.007812500 0.015625000 0.003906250 0.011718750 0.023437500 
0.257812500 0.265625000 0.144531250 0.074218750 0.289062500 0.082031250 0.417968750 0.320312500 0.570312500 0.734375000 0.515625000 0.148437500 0.183593750 0.140625000 0.113281250 0.097656250 0.230468750 0.285156250 0.167968750 0.406250000 0.140625000 0.152343750 0.074218750 0.179687500 0.078125000 0.195312500 0.156250000 0.050781250 0.109375000 0.035156250 0.058593750 0.152343750 0.062500000 0.093750000 0.121093750 0.109375000 0.035156250 0.082031250 0.066406250 0.074218750 0.082031250 0.136718750 0.058593750 0.050781250 0.132812500 0.027343750 0.101562500 0.042968750 0.058593750 0.027343750 0.070312500 0.078125000 0.070312500 0.015625000 0.007812500 0.023437500 0.019531250 0.078125000 0.089843750 0.050781250 0.066406250 0.035156250 0.031250000 0.007812500 0.046875000 0.046875000 0.039062500 0.023437500 0.027343750 0.027343750 0.046875000 0.023437500 0.046875000 0.027343750 0.023437500 0.019531250 0.042968750 0.058593750 0.035156250 0.039062500 0.058593750 0.050781250 0.031250000 0.039062500 0.058593750 0.066406250 0.035156250 0.023437500 0.035156250 0.039062500 0.019531250 0.050781250 0.031250000 0.027343750 0.066406250 0.042968750 0.035156250 0.011718750 0.050781250 0.007812500 0.054687500 0.015625000 0.046875000 0.027343750 0.011718750 0.019531250 0.050781250 0.031250000 0.019531250 0.066406250 0.027343750 0.019531250 0.015625000 0.050781250 0.035156250 0.023437500 0.027343750 0.042968750 0.015625000 0.023437500 0.003906250 0.007812500 0.019531250 0.031250000 0.035156250 0.011718750 0.019531250 0.023437500 0.039062500 0.031250000 0.015625000 0.042968750 0.054687500 0.070312500 0.031250000 0.019531250 0.023437500 0.031250000 0.023437500 0.011718750 0.031250000 0.042968750 0.054687500 0.003906250 0.042968750 0.011718750 0.042968750 0.039062500 0.027343750 0.023437500 0.019531250 0.011718750 0.035156250 0.039062500 0.011718750 0.035156250 0.042968750 0.007812500 0.015625000 0.023437500 0.019531250 0.015625000 0.042968750 0.035156250 0.023437500 0.019531250 0.039062500 0.015625000 0.031250000 0.007812500 0.027343750 0.011718750 0.011718750 0.035156250 0.011718750 0.035156250 0.015625000 0.027343750 0.023437500 0.042968750 0.007812500 0.019531250 0.011718750 0.019531250 0.031250000 0.046875000 0.031250000 0.015625000 0.023437500 0.011718750 0.007812500 0.023437500 0.015625000 0.015625000 0.015625000 0.015625000 0.011718750 0.023437500 0.031250000 0.007812500 0.023437500 0.011718750 0.019531250 0.007812500 0.015625000 0.027343750 0.019531250 0.050781250 0.011718750 0.011718750 0.023437500 0.019531250 0.007812500 0.007812500 0.027343750 0.019531250 0.015625000 0.046875000 0.011718750 0.019531250 0.007812500 0.031250000 0.007812500 0.000000000 0.023437500 0.011718750 0.023437500 0.027343750 0.003906250 0.011718750 0.050781250 0.019531250 0.027343750 0.035156250 0.011718750 0.011718750 0.015625000 0.015625000 0.023437500 0.015625000 0.011718750 0.023437500 0.039062500 0.039062500 0.023437500 0.011718750 0.023437500 0.039062500 0.007812500 0.023437500 0.007812500 0.015625000 0.003906250 0.027343750 0.015625000 0.007812500 0.031250000 
0.238281250 0.312500000 0.121093750 0.195312500 0.082031250 0.246093750 0.257812500 0.187500000 0.656250000 0.656250000 0.175781250 0.230468750 0.109375000 0.050781250 0.027343750 0.199218750 0.050781250 0.109375000 0.222656250 0.343750000 0.250000000 0.191406250 0.035156250 0.132812500 0.054687500 0.167968750 0.082031250 0.164062500 0.050781250 0.085937500 0.117187500 0.082031250 0.117187500 0.117187500 0.195312500 0.089843750 0.085937500 0.054687500 0.050781250 0.085937500 0.152343750 0.054687500 0.019531250 0.113281250 0.078125000 0.082031250 0.093750000 0.078125000 0.050781250 0.050781250 0.082031250 0.085937500 0.062500000 0.011718750 0.023437500 0.042968750 0.031250000 0.097656250 0.058593750 0.042968750 0.058593750 0.023437500 0.058593750 0.046875000 0.019531250 0.019531250 0.062500000 0.015625000 0.015625000 0.035156250 0.031250000 0.039062500 0.019531250 0.011718750 0.039062500 0.031250000 0.050781250 0.093750000 0.023437500 0.042968750 0.054687500 0.054687500 0.046875000 0.089843750 0.015625000 0.042968750 0.039062500 0.027343750 0.015625000 0.015625000 0.035156250 0.031250000 0.035156250 0.066406250 0.027343750 0.011718750 0.046875000 0.007812500 0.023437500 0.050781250 0.023437500 0.019531250 0.039062500 0.042968750 0.019531250 0.003906250 0.023437500 0.042968750 0.054687500 0.042968750 0.035156250 0.035156250 0.011718750 0.039062500 0.019531250 0.031250000 0.019531250 0.023437500 0.003906250 0.003906250 0.027343750 0.027343750 0.015625000 0.050781250 0.039062500 0.027343750 0.019531250 0.027343750 0.035156250 0.027343750 0.011718750 0.050781250 0.070312500 0.058593750 0.023437500 0.019531250 0.003906250 0.042968750 0.015625000 0.015625000 0.019531250 0.042968750 0.050781250 0.015625000 0.046875000 0.015625000 0.023437500 0.042968750 0.019531250 0.007812500 0.007812500 0.023437500 0.007812500 0.019531250 0.019531250 0.042968750 0.027343750 0.011718750 0.035156250 0.015625000 0.027343750 0.035156250 0.007812500 0.039062500 0.015625000 0.019531250 0.015625000 0.023437500 0.035156250 0.027343750 0.019531250 0.019531250 0.031250000 0.007812500 0.039062500 0.019531250 0.015625000 0.039062500 0.015625000 0.039062500 0.007812500 0.031250000 0.015625000 0.023437500 0.007812500 0.023437500 0.015625000 0.023437500 0.019531250 0.027343750 0.015625000 0.015625000 0.015625000 0.019531250 0.023437500 0.019531250 0.007812500 0.019531250 0.046875000 0.000000000 0.015625000 0.023437500 0.031250000 0.011718750 0.039062500 0.015625000 0.007812500 0.058593750 0.015625000 0.011718750 0.015625000 0.019531250 0.019531250 0.015625000 0.019531250 0.039062500 0.011718750 0.042968750 0.003906250 0.027343750 0.015625000 0.019531250 0.015625000 0.003906250 0.015625000 0.035156250 0.039062500 0.015625000 0.023437500 0.019531250 0.035156250 0.019531250 0.007812500 0.031250000 0.023437500 0.003906250 0.007812500 0.015625000 0.019531250 0.003906250 0.015625000 0.031250000 0.039062500 0.046875000 0.011718750 0.007812500 0.011718750 0.023437500 0.019531250 0.003906250 0.011718750 0.015625000 0.019531250 0.003906250 0.019531250 0.003906250 0.042968750 
0.671875000 0.300781250 0.250000000 0.089843750 0.175781250 0.171875000 0.285156250 0.421875000 0.386718750 1.000000000 0.261718750 0.238281250 0.121093750 0.078125000 0.074218750 0.144531250 0.171875000 0.207031250 0.066406250 0.410156250 0.257812500 0.277343750 0.058593750 0.054687500 0.035156250 0.210937500 0.105468750 0.117187500 0.054687500 0.074218750 0.035156250 0.101562500 0.140625000 0.109375000 0.160156250 0.125000000 0.121093750 0.031250000 0.042968750 0.148437500 0.113281250 0.074218750 0.027343750 0.136718750 0.039062500 0.054687500 0.085937500 0.109375000 0.066406250 0.089843750 0.023437500 0.039062500 0.023437500 0.007812500 0.039062500 0.031250000 0.019531250 0.093750000 0.011718750 0.074218750 0.031250000 0.019531250 0.046875000 0.066406250 0.015625000 0.019531250 0.015625000 0.066406250 0.015625000 0.031250000 0.023437500 0.023437500 0.031250000 0.039062500 0.042968750 0.027343750 0.027343750 0.093750000 0.039062500 0.031250000 0.050781250 0.058593750 0.054687500 0.058593750 0.050781250 0.031250000 0.093750000 0.070312500 0.023437500 0.015625000 0.039062500 0.066406250 0.027343750 0.062500000 0.031250000 0.003906250 0.039062500 0.015625000 0.007812500 0.027343750 0.007812500 0.019531250 0.046875000 0.023437500 0.039062500 0.035156250 0.054687500 0.062500000 0.035156250 0.023437500 0.015625000 0.031250000 0.031250000 0.027343750 0.042968750 0.023437500 0.015625000 0.027343750 0.007812500 0.003906250 0.027343750 0.031250000 0.011718750 0.062500000 0.031250000 0.027343750 0.023437500 0.023437500 0.027343750 0.019531250 0.023437500 0.031250000 0.039062500 0.019531250 0.015625000 0.027343750 0.019531250 0.035156250 0.011718750 0.039062500 0.023437500 0.042968750 0.039062500 0.023437500 0.039062500 0.003906250 0.019531250 0.046875000 0.031250000 0.011718750 0.015625000 0.007812500 0.019531250 0.015625000 0.015625000 0.027343750 0.007812500 0.019531250 0.027343750 0.023437500 0.023437500 0.027343750 0.027343750 0.011718750 0.035156250 0.019531250 0.019531250 0.015625000 0.070312500 0.035156250 0.023437500 0.019531250 0.000000000 0.027343750 0.031250000 0.023437500 0.019531250 0.031250000 0.015625000 0.027343750 0.031250000 0.023437500 0.023437500 0.007812500 0.035156250 0.003906250 0.027343750 0.046875000 0.011718750 0.011718750 0.007812500 0.023437500 0.039062500 0.015625000 0.007812500 0.027343750 0.019531250 0.003906250 0.031250000 0.015625000 0.015625000 0.015625000 0.035156250 0.015625000 0.031250000 0.015625000 0.023437500 0.046875000 0.007812500 0.007812500 0.007812500 0.027343750 0.019531250 0.019531250 0.019531250 0.039062500 0.019531250 0.046875000 0.007812500 0.031250000 0.015625000 0.019531250 0.007812500 0.003906250 0.011718750 0.031250000 0.027343750 0.023437500 0.023437500 0.023437500 0.023437500 0.011718750 0.023437500 0.015625000 0.011718750 0.023437500 0.015625000 0.015625000 0.007812500 0.019531250 0.015625000 0.023437500 0.031250000 0.035156250 0.007812500 0.007812500 0.019531250 0.003906250 0.011718750 0.019531250 0.027343750 0.027343750 0.015625000 0.019531250 0.039062500 0.027343750 0.023437500 
0.960937500 0.226562500 0.042968750 0.109375000 0.199218750 0.285156250 0.367187500 0.195312500 0.277343750 1.031250000 0.113281250 0.234375000 0.148437500 0.039062500 0.144531250 0.054687500 0.125000000 0.246093750 0.062500000 0.500000000 0.035156250 0.140625000 0.062500000 0.105468750 0.195312500 0.089843750 0.125000000 0.085937500 0.085937500 0.078125000 0.070312500 0.050781250 0.031250000 0.214843750 0.058593750 0.191406250 0.085937500 0.058593750 0.062500000 0.167968750 0.054687500 0.058593750 0.113281250 0.011718750 0.117187500 0.070312500 0.031250000 0.039062500 0.113281250 0.039062500 0.039062500 0.027343750 0.042968750 0.050781250 0.058593750 0.031250000 0.046875000 0.023437500 0.066406250 0.070312500 0.085937500 0.031250000 0.046875000 0.070312500 0.023437500 0.007812500 0.011718750 0.074218750 0.042968750 0.035156250 0.023437500 0.011718750 0.023437500 0.019531250 0.050781250 0.042968750 0.046875000 0.042968750 0.007812500 0.042968750 0.003906250 0.011718750 0.070312500 0.054687500 0.027343750 0.058593750 0.074218750 0.046875000 0.031250000 0.023437500 0.027343750 0.066406250 0.039062500 0.046875000 0.035156250 0.003906250 0.023437500 0.027343750 0.042968750 0.050781250 0.046875000 0.027343750 0.031250000 0.035156250 0.027343750 0.035156250 0.031250000 0.050781250 0.027343750 0.011718750 0.015625000 0.066406250 0.019531250 0.023437500 0.027343750 0.011718750 0.039062500 0.019531250 0.035156250 0.015625000 0.015625000 0.035156250 0.019531250 0.039062500 0.035156250 0.046875000 0.023437500 0.011718750 0.015625000 0.003906250 0.015625000 0.035156250 0.046875000 0.011718750 0.031250000 0.015625000 0.011718750 0.019531250 0.023437500 0.007812500 0.019531250 0.035156250 0.031250000 0.011718750 0.015625000 0.042968750 0.027343750 0.031250000 0.027343750 0.011718750 0.015625000 0.007812500 0.003906250 0.027343750 0.023437500 0.015625000 0.023437500 0.019531250 0.007812500 0.023437500 0.027343750 0.027343750 0.027343750 0.023437500 0.039062500 0.011718750 0.011718750 0.007812500 0.050781250 0.035156250 0.027343750 0.011718750 0.019531250 0.031250000 0.035156250 0.023437500 0.035156250 0.011718750 0.007812500 0.023437500 0.027343750 0.023437500 0.019531250 0.023437500 0.039062500 0.031250000 0.027343750 0.054687500 0.011718750 0.015625000 0.011718750 0.011718750 0.042968750 0.027343750 0.019531250 0.023437500 0.019531250 0.003906250 0.039062500 0.027343750 0.031250000 0.003906250 0.035156250 0.019531250 0.031250000 0.003906250 0.039062500 0.023437500 0.023437500 0.019531250 0.015625000 0.011718750 0.019531250 0.031250000 0.039062500 0.011718750 0.035156250 0.035156250 0.015625000 0.019531250 0.019531250 0.019531250 0.007812500 0.011718750 0.015625000 0.039062500 0.019531250 0.046875000 0.019531250 0.015625000 0.007812500 0.019531250 0.007812500 0.027343750 0.015625000 0.011718750 0.007812500 0.015625000 0.011718750 0.011718750 0.019531250 0.015625000 0.042968750 0.019531250 0.027343750 0.007812500 0.019531250 0.003906250 0.011718750 0.023437500 0.019531250 0.031250000 0.031250000 0.019531250 0.050781250 0.035156250 0.023437500 
1.101562500 0.113281250 0.101562500 0.089843750 0.285156250 0.140625000 0.171875000 0.332031250 0.398437500 0.796875000 0.132812500 0.140625000 0.218750000 0.023437500 0.132812500 0.082031250 0.082031250 0.125000000 0.156250000 0.554687500 0.101562500 0.195312500 0.042968750 0.230468750 0.128906250 0.066406250 0.097656250 0.085937500 0.089843750 0.054687500 0.097656250 0.078125000 0.027343750 0.187500000 0.066406250 0.093750000 0.050781250 0.082031250 0.019531250 0.105468750 0.136718750 0.132812500 0.085937500 0.039062500 0.070312500 0.097656250 0.050781250 0.054687500 0.070312500 0.019531250 0.042968750 0.031250000 0.070312500 0.035156250 0.027343750 0.011718750 0.050781250 0.027343750 0.066406250 0.093750000 0.042968750 0.058593750 0.074218750 0.042968750 0.039062500 0.031250000 0.027343750 0.066406250 0.054687500 0.039062500 0.015625000 0.054687500 0.039062500 0.050781250 0.015625000 0.042968750 0.027343750 0.031250000 0.023437500 0.039062500 0.015625000 0.011718750 0.050781250 0.031250000 0.023437500 0.078125000 0.066406250 0.054687500 0.027343750 0.023437500 0.042968750 0.046875000 0.023437500 0.035156250 0.007812500 0.023437500 0.015625000 0.035156250 0.035156250 0.054687500 0.046875000 0.019531250 0.035156250 0.031250000 0.035156250 0.023437500 0.054687500 0.058593750 0.007812500 0.023437500 0.015625000 0.070312500 0.007812500 0.039062500 0.019531250 0.019531250 0.039062500 0.007812500 0.039062500 0.019531250 0.011718750 0.042968750 0.027343750 0.039062500 0.007812500 0.031250000 0.027343750 0.011718750 0.023437500 0.007812500 0.011718750 0.019531250 0.050781250 0.019531250 0.035156250 0.003906250 0.035156250 0.031250000 0.011718750 0.007812500 0.015625000 0.015625000 0.015625000 0.015625000 0.015625000 0.035156250 0.019531250 0.007812500 0.042968750 0.011718750 0.019531250 0.003906250 0.007812500 0.027343750 0.035156250 0.019531250 0.027343750 0.019531250 0.019531250 0.015625000 0.035156250 0.042968750 0.011718750 0.035156250 0.023437500 0.007812500 0.011718750 0.015625000 0.054687500 0.027343750 0.023437500 0.015625000 0.027343750 0.015625000 0.023437500 0.031250000 0.042968750 0.011718750 0.023437500 0.007812500 0.007812500 0.011718750 0.011718750 0.023437500 0.039062500 0.039062500 0.050781250 0.027343750 0.019531250 0.007812500 0.023437500 0.027343750 0.031250000 0.027343750 0.011718750 0.027343750 0.007812500 0.039062500 0.019531250 0.007812500 0.039062500 0.007812500 0.019531250 0.027343750 0.019531250 0.011718750 0.031250000 0.015625000 0.031250000 0.019531250 0.015625000 0.007812500 0.011718750 0.023437500 0.058593750 0.015625000 0.015625000 0.042968750 0.011718750 0.027343750 0.027343750 0.015625000 0.019531250 0.023437500 0.015625000 0.019531250 0.027343750 0.023437500 0.027343750 0.027343750 0.007812500 0.027343750 0.003906250 0.023437500 0.011718750 0.023437500 0.007812500 0.003906250 0.011718750 0.011718750 0.023437500 0.011718750 0.035156250 0.015625000 0.035156250 0.007812500 0.027343750 0.011718750 0.015625000 0.027343750 0.019531250 0.023437500 0.039062500 0.019531250 0.062500000 0.027343750 0.015625000 
0.945312500 0.058593750 0.214843750 0.148437500 0.093750000 0.140625000 0.066406250 0.171875000 0.234375000 0.328125000 0.324218750 0.117187500 0.332031250 0.058593750 0.105468750 0.183593750 0.039062500 0.140625000 0.105468750 0.425781250 0.324218750 0.187500000 0.093750000 0.203125000 0.210937500 0.054687500 0.121093750 0.015625000 0.066406250 0.023437500 0.011718750 0.175781250 0.105468750 0.105468750 0.062500000 0.058593750 0.121093750 0.070312500 0.054687500 0.046875000 0.070312500 0.156250000 0.058593750 0.070312500 0.074218750 0.078125000 0.031250000 0.058593750 0.078125000 0.035156250 0.039062500 0.031250000 0.074218750 0.046875000 0.031250000 0.019531250 0.062500000 0.031250000 0.023437500 0.117187500 0.015625000 0.042968750 0.070312500 0.042968750 0.015625000 0.019531250 0.046875000 0.085937500 0.054687500 0.039062500 0.031250000 0.054687500 0.070312500 0.050781250 0.054687500 0.058593750 0.046875000 0.054687500 0.027343750 0.062500000 0.031250000 0.023437500 0.039062500 0.046875000 0.031250000 0.035156250 0.039062500 0.003906250 0.007812500 0.031250000 0.015625000 0.015625000 0.050781250 0.050781250 0.011718750 0.031250000 0.011718750 0.007812500 0.050781250 0.070312500 0.019531250 0.035156250 0.023437500 0.042968750 0.007812500 0.015625000 0.046875000 0.035156250 0.031250000 0.035156250 0.035156250 0.046875000 0.035156250 0.058593750 0.011718750 0.046875000 0.023437500 0.039062500 0.035156250 0.019531250 0.011718750 0.046875000 0.023437500 0.031250000 0.015625000 0.015625000 0.042968750 0.019531250 0.023437500 0.011718750 0.019531250 0.015625000 0.046875000 0.023437500 0.058593750 0.011718750 0.054687500 0.003906250 0.023437500 0.015625000 0.019531250 0.027343750 0.011718750 0.019531250 0.015625000 0.019531250 0.000000000 0.015625000 0.042968750 0.007812500 0.023437500 0.023437500 0.023437500 0.027343750 0.031250000 0.011718750 0.027343750 0.015625000 0.019531250 0.015625000 0.011718750 0.050781250 0.031250000 0.019531250 0.011718750 0.011718750 0.015625000 0.027343750 0.039062500 0.015625000 0.019531250 0.007812500 0.019531250 0.039062500 0.046875000 0.023437500 0.042968750 0.019531250 0.027343750 0.015625000 0.015625000 0.019531250 0.035156250 0.054687500 0.007812500 0.019531250 0.050781250 0.007812500 0.027343750 0.039062500 0.015625000 0.023437500 0.023437500 0.023437500 0.003906250 0.035156250 0.031250000 0.019531250 0.031250000 0.023437500 0.046875000 0.007812500 0.011718750 0.011718750 0.011718750 0.011718750 0.019531250 0.019531250 0.007812500 0.015625000 0.035156250 0.015625000 0.011718750 0.031250000 0.042968750 0.027343750 0.031250000 0.023437500 0.039062500 0.027343750 0.027343750 0.019531250 0.019531250 0.035156250 0.023437500 0.007812500 0.042968750 0.023437500 0.003906250 0.035156250 0.003906250 0.039062500 0.011718750 0.046875000 0.035156250 0.019531250 0.007812500 0.015625000 0.023437500 0.007812500 0.011718750 0.027343750 0.050781250 0.011718750 0.035156250 0.023437500 0.046875000 0.011718750 0.011718750 0.015625000 0.023437500 0.027343750 0.031250000 0.011718750 0.046875000 0.035156250 0.007812500 
0.566406250 0.304687500 0.121093750 0.066406250 0.230468750 0.246093750 0.015625000 0.175781250 0.386718750 0.464843750 0.562500000 0.250000000 0.132812500 0.164062500 0.121093750 0.121093750 0.062500000 0.105468750 0.179687500 0.523437500 0.210937500 0.125000000 0.156250000 0.101562500 0.179687500 0.003906250 0.074218750 0.128906250 0.042968750 0.046875000 0.093750000 0.093750000 0.097656250 0.011718750 0.050781250 0.085937500 0.019531250 0.058593750 0.023437500 0.042968750 0.035156250 0.078125000 0.062500000 0.054687500 0.085937500 0.058593750 0.050781250 0.046875000 0.082031250 0.027343750 0.027343750 0.070312500 0.039062500 0.011718750 0.031250000 0.015625000 0.019531250 0.082031250 0.058593750 0.058593750 0.050781250 0.054687500 0.011718750 0.027343750 0.050781250 0.031250000 0.054687500 0.027343750 0.011718750 0.039062500 0.023437500 0.046875000 0.066406250 0.062500000 0.074218750 0.035156250 0.019531250 0.050781250 0.019531250 0.031250000 0.074218750 0.007812500 0.042968750 0.035156250 0.027343750 0.023437500 0.046875000 0.031250000 0.019531250 0.035156250 0.003906250 0.042968750 0.035156250 0.039062500 0.019531250 0.031250000 0.015625000 0.023437500 0.015625000 0.046875000 0.039062500 0.011718750 0.027343750 0.035156250 0.011718750 0.015625000 0.046875000 0.027343750 0.042968750 0.011718750 0.042968750 0.039062500 0.035156250 0.042968750 0.007812500 0.058593750 0.011718750 0.019531250 0.039062500 0.046875000 0.027343750 0.035156250 0.039062500 0.019531250 0.039062500 0.019531250 0.019531250 0.007812500 0.015625000 0.027343750 0.015625000 0.035156250 0.007812500 0.011718750 0.050781250 0.011718750 0.042968750 0.015625000 0.027343750 0.019531250 0.019531250 0.031250000 0.003906250 0.003906250 0.011718750 0.019531250 0.015625000 0.011718750 0.019531250 0.023437500 0.046875000 0.011718750 0.031250000 0.015625000 0.007812500 0.035156250 0.035156250 0.007812500 0.019531250 0.015625000 0.019531250 0.058593750 0.023437500 0.011718750 0.027343750 0.027343750 0.015625000 0.027343750 0.007812500 0.031250000 0.019531250 0.023437500 0.031250000 0.046875000 0.035156250 0.019531250 0.007812500 0.023437500 0.039062500 0.019531250 0.023437500 0.027343750 0.023437500 0.046875000 0.046875000 0.015625000 0.031250000 0.019531250 0.023437500 0.042968750 0.011718750 0.031250000 0.023437500 0.023437500 0.019531250 0.035156250 0.031250000 0.019531250 0.023437500 0.011718750 0.023437500 0.031250000 0.011718750 0.003906250 0.007812500 0.011718750 0.023437500 0.011718750 0.019531250 0.027343750 0.031250000 0.015625000 0.019531250 0.011718750 0.027343750 0.007812500 0.039062500 0.042968750 0.039062500 0.046875000 0.023437500 0.015625000 0.027343750 0.023437500 0.019531250 0.031250000 0.007812500 0.011718750 0.015625000 0.015625000 0.031250000 0.015625000 0.039062500 0.039062500 0.050781250 0.007812500 0.011718750 0.003906250 0.019531250 0.011718750 0.003906250 0.046875000 0.023437500 0.019531250 0.019531250 0.027343750 0.042968750 0.007812500 0.003906250 0.015625000 0.007812500 0.015625000 0.007812500 0.039062500 0.027343750 0.027343750 0.003906250 
0.039062500 0.417968750 0.281250000 0.148437500 0.242187500 0.199218750 0.082031250 0.210937500 0.210937500 0.726562500 0.382812500 0.289062500 0.066406250 0.093750000 0.050781250 0.062500000 0.042968750 0.082031250 0.089843750 0.523437500 0.085937500 0.242187500 0.265625000 0.199218750 0.156250000 0.136718750 0.160156250 0.062500000 0.085937500 0.062500000 0.101562500 0.082031250 0.070312500 0.027343750 0.050781250 0.152343750 0.054687500 0.093750000 0.031250000 0.050781250 0.046875000 0.019531250 0.042968750 0.093750000 0.132812500 0.054687500 0.046875000 0.023437500 0.066406250 0.027343750 0.042968750 0.027343750 0.011718750 0.011718750 0.046875000 0.031250000 0.035156250 0.046875000 0.085937500 0.023437500 0.050781250 0.015625000 0.050781250 0.015625000 0.062500000 0.042968750 0.054687500 0.007812500 0.015625000 0.035156250 0.031250000 0.039062500 0.039062500 0.101562500 0.023437500 0.062500000 0.031250000 0.031250000 0.058593750 0.031250000 0.046875000 0.039062500 0.023437500 0.050781250 0.031250000 0.027343750 0.027343750 0.007812500 0.035156250 0.019531250 0.023437500 0.058593750 0.015625000 0.058593750 0.031250000 0.015625000 0.039062500 0.023437500 0.007812500 0.039062500 0.042968750 0.007812500 0.031250000 0.011718750 0.015625000 0.023437500 0.011718750 0.023437500 0.035156250 0.019531250 0.066406250 0.007812500 0.023437500 0.046875000 0.007812500 0.058593750 0.015625000 0.039062500 0.035156250 0.027343750 0.039062500 0.031250000 0.027343750 0.039062500 0.054687500 0.011718750 0.011718750 0.011718750 0.023437500 0.031250000 0.007812500 0.046875000 0.031250000 0.023437500 0.015625000 0.023437500 0.023437500 0.015625000 0.027343750 0.011718750 0.031250000 0.015625000 0.019531250 0.015625000 0.003906250 0.015625000 0.019531250 0.019531250 0.011718750 0.015625000 0.042968750 0.035156250 0.035156250 0.007812500 0.011718750 0.046875000 0.027343750 0.015625000 0.019531250 0.027343750 0.035156250 0.042968750 0.023437500 0.019531250 0.035156250 0.031250000 0.015625000 0.011718750 0.007812500 0.027343750 0.019531250 0.023437500 0.031250000 0.046875000 0.039062500 0.027343750 0.011718750 0.011718750 0.023437500 0.023437500 0.019531250 0.042968750 0.011718750 0.019531250 0.062500000 0.019531250 0.023437500 0.031250000 0.035156250 0.031250000 0.015625000 0.027343750 0.027343750 0.007812500 0.042968750 0.031250000 0.015625000 0.035156250 0.011718750 0.007812500 0.027343750 0.023437500 0.023437500 0.007812500 0.015625000 0.019531250 0.019531250 0.007812500 0.015625000 0.027343750 0.023437500 0.003906250 0.023437500 0.023437500 0.011718750 0.011718750 0.031250000 0.042968750 0.042968750 0.027343750 0.011718750 0.019531250 0.027343750 0.027343750 0.011718750 0.035156250 0.011718750 0.031250000 0.007812500 0.007812500 0.019531250 0.003906250 0.058593750 0.035156250 0.046875000 0.007812500 0.003906250 0.019531250 0.027343750 0.031250000 0.023437500 0.039062500 0.031250000 0.015625000 0.011718750 0.035156250 0.027343750 0.019531250 0.031250000 0.011718750 0.023437500 0.019531250 0.011718750 0.023437500 0.015625000 0.027343750 0.007812500 
0.589843750 0.371093750 0.136718750 0.121093750 0.148437500 0.242187500 0.148437500 0.371093750 0.324218750 0.445312500 0.652343750 0.386718750 0.089843750 0.023437500 0.136718750 0.101562500 0.062500000 0.128906250 0.160156250 0.492187500 0.273437500 0.109375000 0.296875000 0.246093750 0.136718750 0.066406250 0.132812500 0.046875000 0.101562500 0.066406250 0.074218750 0.019531250 0.027343750 0.093750000 0.144531250 0.121093750 0.015625000 0.066406250 0.054687500 0.015625000 0.093750000 0.011718750 0.011718750 0.011718750 0.175781250 0.066406250 0.066406250 0.046875000 0.074218750 0.074218750 0.062500000 0.031250000 0.066406250 0.054687500 0.042968750 0.031250000 0.046875000 0.031250000 0.054687500 0.058593750 0.027343750 0.011718750 0.062500000 0.031250000 0.019531250 0.046875000 0.027343750 0.035156250 0.035156250 0.023437500 0.074218750 0.031250000 0.019531250 0.078125000 0.019531250 0.039062500 0.039062500 0.019531250 0.054687500 0.011718750 0.042968750 0.027343750 0.046875000 0.074218750 0.031250000 0.011718750 0.027343750 0.039062500 0.035156250 0.042968750 0.050781250 0.019531250 0.050781250 0.046875000 0.011718750 0.031250000 0.023437500 0.023437500 0.050781250 0.027343750 0.042968750 0.007812500 0.035156250 0.015625000 0.019531250 0.031250000 0.027343750 0.031250000 0.019531250 0.019531250 0.031250000 0.031250000 0.042968750 0.031250000 0.027343750 0.050781250 0.003906250 0.058593750 0.031250000 0.050781250 0.027343750 0.023437500 0.015625000 0.035156250 0.050781250 0.007812500 0.003906250 0.011718750 0.015625000 0.046875000 0.011718750 0.046875000 0.023437500 0.046875000 0.031250000 0.007812500 0.007812500 0.007812500 0.023437500 0.007812500 0.019531250 0.015625000 0.019531250 0.027343750 0.015625000 0.035156250 0.011718750 0.023437500 0.023437500 0.019531250 0.035156250 0.046875000 0.031250000 0.019531250 0.007812500 0.050781250 0.023437500 0.007812500 0.011718750 0.031250000 0.027343750 0.046875000 0.003906250 0.039062500 0.019531250 0.023437500 0.015625000 0.011718750 0.031250000 0.039062500 0.027343750 0.035156250 0.003906250 0.015625000 0.035156250 0.023437500 0.015625000 0.027343750 0.050781250 0.015625000 0.019531250 0.011718750 0.039062500 0.019531250 0.062500000 0.007812500 0.027343750 0.015625000 0.039062500 0.015625000 0.031250000 0.019531250 0.019531250 0.003906250 0.023437500 0.027343750 0.035156250 0.046875000 0.015625000 0.031250000 0.011718750 0.015625000 0.007812500 0.023437500 0.023437500 0.015625000 0.031250000 0.003906250 0.027343750 0.007812500 0.027343750 0.019531250 0.007812500 0.015625000 0.015625000 0.015625000 0.019531250 0.031250000 0.046875000 0.035156250 0.015625000 0.039062500 0.019531250 0.011718750 0.031250000 0.027343750 0.015625000 0.039062500 0.011718750 0.003906250 0.015625000 0.027343750 0.035156250 0.027343750 0.019531250 0.015625000 0.011718750 0.027343750 0.007812500 0.023437500 0.046875000 0.023437500 0.023437500 0.019531250 0.015625000 0.011718750 0.015625000 0.019531250 0.035156250 0.007812500 0.019531250 0.027343750 0.003906250 0.015625000 0.007812500 0.023437500 0.003906250 
0.992187500 0.121093750 0.183593750 0.070312500 0.140625000 0.109375000 0.062500000 0.175781250 0.281250000 0.277343750 0.480468750 0.234375000 0.175781250 0.070312500 0.160156250 0.132812500 0.039062500 0.113281250 0.128906250 0.511718750 0.351562500 0.269531250 0.316406250 0.222656250 0.085937500 0.109375000 0.101562500 0.082031250 0.085937500 0.023437500 0.109375000 0.058593750 0.062500000 0.058593750 0.117187500 0.125000000 0.058593750 0.039062500 0.054687500 0.062500000 0.042968750 0.097656250 0.121093750 0.082031250 0.125000000 0.078125000 0.046875000 0.007812500 0.066406250 0.058593750 0.128906250 0.039062500 0.058593750 0.113281250 0.046875000 0.027343750 0.042968750 0.066406250 0.035156250 0.085937500 0.050781250 0.019531250 0.058593750 0.019531250 0.027343750 0.015625000 0.035156250 0.011718750 0.035156250 0.039062500 0.023437500 0.023437500 0.031250000 0.031250000 0.035156250 0.050781250 0.007812500 0.074218750 0.054687500 0.042968750 0.023437500 0.027343750 0.050781250 0.046875000 0.023437500 0.003906250 0.019531250 0.042968750 0.050781250 0.019531250 0.066406250 0.042968750 0.082031250 0.039062500 0.019531250 0.015625000 0.019531250 0.007812500 0.042968750 0.050781250 0.027343750 0.003906250 0.035156250 0.007812500 0.027343750 0.035156250 0.023437500 0.039062500 0.007812500 0.015625000 0.023437500 0.046875000 0.042968750 0.015625000 0.023437500 0.039062500 0.003906250 0.035156250 0.050781250 0.019531250 0.042968750 0.054687500 0.035156250 0.019531250 0.035156250 0.031250000 0.027343750 0.027343750 0.046875000 0.000000000 0.050781250 0.027343750 0.035156250 0.031250000 0.050781250 0.031250000 0.011718750 0.007812500 0.039062500 0.015625000 0.011718750 0.015625000 0.019531250 0.023437500 0.027343750 0.042968750 0.019531250 0.019531250 0.027343750 0.015625000 0.042968750 0.039062500 0.058593750 0.027343750 0.023437500 0.054687500 0.019531250 0.019531250 0.015625000 0.027343750 0.007812500 0.046875000 0.019531250 0.027343750 0.027343750 0.003906250 0.007812500 0.031250000 0.011718750 0.046875000 0.019531250 0.019531250 0.015625000 0.023437500 0.031250000 0.019531250 0.023437500 0.035156250 0.031250000 0.015625000 0.015625000 0.007812500 0.023437500 0.019531250 0.046875000 0.011718750 0.046875000 0.042968750 0.015625000 0.023437500 0.035156250 0.039062500 0.007812500 0.023437500 0.011718750 0.058593750 0.015625000 0.003906250 0.031250000 0.035156250 0.019531250 0.031250000 0.027343750 0.031250000 0.019531250 0.011718750 0.027343750 0.007812500 0.031250000 0.003906250 0.027343750 0.023437500 0.007812500 0.007812500 0.015625000 0.019531250 0.015625000 0.011718750 0.007812500 0.023437500 0.011718750 0.015625000 0.031250000 0.050781250 0.015625000 0.027343750 0.015625000 0.042968750 0.003906250 0.000000000 0.007812500 0.007812500 0.019531250 0.031250000 0.003906250 0.007812500 0.023437500 0.027343750 0.007812500 0.019531250 0.054687500 0.039062500 0.007812500 0.019531250 0.019531250 0.015625000 0.007812500 0.023437500 0.027343750 0.015625000 0.019531250 0.035156250 0.015625000 0.011718750 0.015625000 0.019531250 0.023437500 
0.882812500 0.226562500 0.109375000 0.167968750 0.292968750 0.261718750 0.105468750 0.097656250 0.199218750 0.718750000 0.136718750 0.285156250 0.105468750 0.132812500 0.054687500 0.125000000 0.042968750 0.214843750 0.109375000 0.703125000 0.070312500 0.187500000 0.269531250 0.027343750 0.050781250 0.027343750 0.128906250 0.152343750 0.082031250 0.093750000 0.093750000 0.093750000 0.085937500 0.089843750 0.023437500 0.093750000 0.023437500 0.023437500 0.039062500 0.093750000 0.039062500 0.164062500 0.015625000 0.144531250 0.039062500 0.074218750 0.027343750 0.019531250 0.062500000 0.074218750 0.097656250 0.042968750 0.089843750 0.109375000 0.046875000 0.031250000 0.011718750 0.066406250 0.085937500 0.042968750 0.054687500 0.003906250 0.054687500 0.007812500 0.050781250 0.046875000 0.019531250 0.019531250 0.046875000 0.019531250 0.035156250 0.046875000 0.011718750 0.019531250 0.007812500 0.027343750 0.023437500 0.097656250 0.042968750 0.007812500 0.023437500 0.039062500 0.027343750 0.046875000 0.023437500 0.011718750 0.023437500 0.027343750 0.070312500 0.023437500 0.066406250 0.042968750 0.058593750 0.058593750 0.031250000 0.023437500 0.023437500 0.000000000 0.042968750 0.050781250 0.023437500 0.015625000 0.042968750 0.003906250 0.031250000 0.054687500 0.011718750 0.007812500 0.027343750 0.015625000 0.035156250 0.027343750 0.035156250 0.003906250 0.027343750 0.023437500 0.042968750 0.011718750 0.039062500 0.027343750 0.046875000 0.042968750 0.027343750 0.003906250 0.007812500 0.007812500 0.054687500 0.007812500 0.074218750 0.027343750 0.046875000 0.039062500 0.003906250 0.031250000 0.050781250 0.023437500 0.007812500 0.011718750 0.031250000 0.023437500 0.027343750 0.015625000 0.011718750 0.007812500 0.019531250 0.027343750 0.031250000 0.031250000 0.015625000 0.031250000 0.027343750 0.046875000 0.031250000 0.027343750 0.000000000 0.031250000 0.023437500 0.015625000 0.031250000 0.035156250 0.019531250 0.031250000 0.027343750 0.015625000 0.007812500 0.003906250 0.015625000 0.039062500 0.023437500 0.019531250 0.011718750 0.031250000 0.011718750 0.007812500 0.050781250 0.023437500 0.015625000 0.023437500 0.027343750 0.015625000 0.035156250 0.031250000 0.015625000 0.031250000 0.003906250 0.031250000 0.042968750 0.046875000 0.007812500 0.039062500 0.050781250 0.031250000 0.003906250 0.019531250 0.023437500 0.042968750 0.007812500 0.007812500 0.031250000 0.031250000 0.035156250 0.003906250 0.046875000 0.015625000 0.039062500 0.031250000 0.015625000 0.015625000 0.027343750 0.007812500 0.023437500 0.027343750 0.011718750 0.003906250 0.007812500 0.007812500 0.027343750 0.003906250 0.011718750 0.023437500 0.003906250 0.011718750 0.035156250 0.035156250 0.035156250 0.011718750 0.011718750 0.042968750 0.031250000 0.023437500 0.023437500 0.003906250 0.019531250 0.019531250 0.003906250 0.011718750 0.019531250 0.007812500 0.019531250 0.007812500 0.027343750 0.031250000 0.015625000 0.031250000 0.011718750 0.011718750 0.015625000 0.019531250 0.007812500 0.003906250 0.023437500 0.023437500 0.011718750 0.011718750 0.031250000 0.007812500 0.007812500 
0.621093750 0.152343750 0.156250000 0.152343750 0.308593750 0.398437500 0.160156250 0.128906250 0.398437500 0.652343750 0.164062500 0.152343750 0.121093750 0.179687500 0.089843750 0.089843750 0.062500000 0.191406250 0.128906250 0.613281250 0.183593750 0.246093750 0.203125000 0.156250000 0.066406250 0.046875000 0.132812500 0.207031250 0.070312500 0.027343750 0.046875000 0.074218750 0.113281250 0.046875000 0.121093750 0.019531250 0.070312500 0.027343750 0.011718750 0.046875000 0.101562500 0.160156250 0.070312500 0.109375000 0.031250000 0.042968750 0.019531250 0.046875000 0.035156250 0.039062500 0.097656250 0.136718750 0.039062500 0.039062500 0.062500000 0.042968750 0.015625000 0.042968750 0.121093750 0.093750000 0.023437500 0.042968750 0.023437500 0.023437500 0.074218750 0.015625000 0.019531250 0.023437500 0.058593750 0.019531250 0.031250000 0.039062500 0.027343750 0.031250000 0.027343750 0.054687500 0.019531250 0.062500000 0.078125000 0.050781250 0.035156250 0.003906250 0.019531250 0.035156250 0.039062500 0.019531250 0.003906250 0.039062500 0.035156250 0.042968750 0.019531250 0.054687500 0.058593750 0.031250000 0.062500000 0.011718750 0.000000000 0.019531250 0.007812500 0.011718750 0.042968750 0.031250000 0.023437500 0.031250000 0.019531250 0.011718750 0.039062500 0.011718750 0.039062500 0.003906250 0.042968750 0.011718750 0.019531250 0.003906250 0.031250000 0.011718750 0.027343750 0.027343750 0.015625000 0.015625000 0.035156250 0.035156250 0.054687500 0.031250000 0.011718750 0.007812500 0.050781250 0.007812500 0.058593750 0.027343750 0.031250000 0.050781250 0.011718750 0.035156250 0.062500000 0.035156250 0.011718750 0.011718750 0.019531250 0.035156250 0.007812500 0.011718750 0.023437500 0.023437500 0.035156250 0.015625000 0.042968750 0.046875000 0.027343750 0.023437500 0.011718750 0.050781250 0.035156250 0.035156250 0.019531250 0.042968750 0.015625000 0.023437500 0.023437500 0.019531250 0.011718750 0.027343750 0.027343750 0.023437500 0.015625000 0.027343750 0.007812500 0.027343750 0.023437500 0.015625000 0.031250000 0.015625000 0.019531250 0.011718750 0.046875000 0.031250000 0.019531250 0.011718750 0.007812500 0.019531250 0.019531250 0.035156250 0.023437500 0.031250000 0.003906250 0.023437500 0.039062500 0.046875000 0.023437500 0.039062500 0.023437500 0.042968750 0.015625000 0.027343750 0.023437500 0.019531250 0.011718750 0.015625000 0.039062500 0.007812500 0.007812500 0.019531250 0.039062500 0.035156250 0.062500000 0.007812500 0.031250000 0.019531250 0.015625000 0.031250000 0.000000000 0.031250000 0.011718750 0.027343750 0.035156250 0.011718750 0.023437500 0.007812500 0.015625000 0.015625000 0.015625000 0.015625000 0.039062500 0.035156250 0.015625000 0.011718750 0.019531250 0.050781250 0.015625000 0.031250000 0.035156250 0.011718750 0.007812500 0.007812500 0.011718750 0.023437500 0.011718750 0.023437500 0.007812500 0.019531250 0.015625000 0.046875000 0.015625000 0.015625000 0.011718750 0.003906250 0.015625000 0.007812500 0.007812500 0.015625000 0.011718750 0.011718750 0.019531250 0.019531250 0.035156250 0.003906250 0.011718750 
0.527343750 0.058593750 0.054687500 0.023437500 0.410156250 0.195312500 0.195312500 0.156250000 0.589843750 0.656250000 0.234375000 0.156250000 0.320312500 0.078125000 0.187500000 0.121093750 0.148437500 0.285156250 0.179687500 0.492187500 0.082031250 0.335937500 0.230468750 0.117187500 0.023437500 0.027343750 0.062500000 0.230468750 0.078125000 0.062500000 0.023437500 0.031250000 0.074218750 0.039062500 0.132812500 0.042968750 0.097656250 0.089843750 0.054687500 0.039062500 0.125000000 0.117187500 0.035156250 0.050781250 0.035156250 0.050781250 0.078125000 0.089843750 0.035156250 0.050781250 0.101562500 0.058593750 0.074218750 0.089843750 0.046875000 0.031250000 0.066406250 0.101562500 0.066406250 0.078125000 0.023437500 0.035156250 0.042968750 0.062500000 0.046875000 0.031250000 0.046875000 0.007812500 0.054687500 0.015625000 0.027343750 0.035156250 0.031250000 0.035156250 0.042968750 0.035156250 0.011718750 0.019531250 0.082031250 0.035156250 0.027343750 0.042968750 0.050781250 0.039062500 0.058593750 0.011718750 0.039062500 0.027343750 0.035156250 0.042968750 0.031250000 0.023437500 0.015625000 0.042968750 0.070312500 0.011718750 0.027343750 0.031250000 0.015625000 0.023437500 0.011718750 0.046875000 0.015625000 0.019531250 0.042968750 0.015625000 0.039062500 0.015625000 0.054687500 0.027343750 0.027343750 0.042968750 0.011718750 0.015625000 0.003906250 0.031250000 0.015625000 0.031250000 0.011718750 0.003906250 0.011718750 0.019531250 0.007812500 0.046875000 0.015625000 0.003906250 0.042968750 0.031250000 0.015625000 0.046875000 0.031250000 0.003906250 0.054687500 0.015625000 0.035156250 0.015625000 0.035156250 0.027343750 0.027343750 0.046875000 0.011718750 0.019531250 0.015625000 0.027343750 0.023437500 0.007812500 0.023437500 0.050781250 0.050781250 0.027343750 0.011718750 0.031250000 0.023437500 0.039062500 0.019531250 0.011718750 0.011718750 0.039062500 0.023437500 0.023437500 0.003906250 0.035156250 0.007812500 0.003906250 0.023437500 0.023437500 0.015625000 0.042968750 0.019531250 0.046875000 0.007812500 0.011718750 0.039062500 0.003906250 0.035156250 0.015625000 0.039062500 0.003906250 0.003906250 0.011718750 0.023437500 0.039062500 0.027343750 0.019531250 0.003906250 0.031250000 0.035156250 0.023437500 0.007812500 0.039062500 0.019531250 0.039062500 0.011718750 0.011718750 0.000000000 0.019531250 0.000000000 0.023437500 0.023437500 0.027343750 0.015625000 0.019531250 0.019531250 0.046875000 0.050781250 0.019531250 0.023437500 0.035156250 0.035156250 0.023437500 0.019531250 0.027343750 0.007812500 0.023437500 0.015625000 0.031250000 0.027343750 0.023437500 0.023437500 0.007812500 0.019531250 0.007812500 0.023437500 0.027343750 0.007812500 0.019531250 0.035156250 0.042968750 0.031250000 0.011718750 0.042968750 0.011718750 0.007812500 0.011718750 0.000000000 0.027343750 0.007812500 0.023437500 0.007812500 0.035156250 0.000000000 0.031250000 0.031250000 0.015625000 0.011718750 0.003906250 0.015625000 0.007812500 0.007812500 0.023437500 0.015625000 0.015625000 0.011718750 0.015625000 0.031250000 0.003906250 0.011718750 
0.718750000 0.089843750 0.062500000 0.164062500 0.218750000 0.203125000 0.488281250 0.371093750 0.757812500 0.648437500 0.339843750 0.105468750 0.355468750 0.140625000 0.199218750 0.113281250 0.160156250 0.246093750 0.046875000 0.355468750 0.265625000 0.046875000 0.335937500 0.035156250 0.089843750 0.105468750 0.042968750 0.148437500 0.023437500 0.125000000 0.046875000 0.023437500 0.031250000 0.089843750 0.062500000 0.089843750 0.078125000 0.082031250 0.074218750 0.101562500 0.074218750 0.078125000 0.019531250 0.023437500 0.054687500 0.078125000 0.035156250 0.140625000 0.082031250 0.085937500 0.171875000 0.054687500 0.082031250 0.023437500 0.042968750 0.015625000 0.042968750 0.082031250 0.035156250 0.066406250 0.050781250 0.019531250 0.019531250 0.035156250 0.050781250 0.000000000 0.039062500 0.039062500 0.046875000 0.035156250 0.019531250 0.011718750 0.046875000 0.031250000 0.050781250 0.035156250 0.027343750 0.046875000 0.046875000 0.019531250 0.046875000 0.042968750 0.054687500 0.019531250 0.070312500 0.007812500 0.023437500 0.019531250 0.019531250 0.054687500 0.039062500 0.003906250 0.015625000 0.066406250 0.066406250 0.023437500 0.019531250 0.023437500 0.046875000 0.035156250 0.019531250 0.050781250 0.023437500 0.031250000 0.031250000 0.007812500 0.027343750 0.015625000 0.035156250 0.046875000 0.042968750 0.007812500 0.007812500 0.011718750 0.007812500 0.027343750 0.027343750 0.039062500 0.011718750 0.007812500 0.007812500 0.050781250 0.042968750 0.007812500 0.023437500 0.023437500 0.031250000 0.015625000 0.007812500 0.019531250 0.039062500 0.046875000 0.031250000 0.035156250 0.042968750 0.035156250 0.003906250 0.042968750 0.035156250 0.031250000 0.015625000 0.023437500 0.015625000 0.042968750 0.003906250 0.015625000 0.015625000 0.039062500 0.050781250 0.023437500 0.007812500 0.035156250 0.046875000 0.035156250 0.027343750 0.011718750 0.031250000 0.035156250 0.011718750 0.035156250 0.023437500 0.046875000 0.023437500 0.019531250 0.027343750 0.011718750 0.035156250 0.046875000 0.039062500 0.039062500 0.003906250 0.007812500 0.039062500 0.015625000 0.011718750 0.011718750 0.007812500 0.023437500 0.015625000 0.019531250 0.019531250 0.011718750 0.015625000 0.003906250 0.011718750 0.019531250 0.019531250 0.011718750 0.003906250 0.023437500 0.023437500 0.027343750 0.031250000 0.011718750 0.019531250 0.019531250 0.023437500 0.015625000 0.023437500 0.019531250 0.027343750 0.023437500 0.039062500 0.039062500 0.035156250 0.015625000 0.023437500 0.023437500 0.050781250 0.019531250 0.015625000 0.019531250 0.007812500 0.031250000 0.023437500 0.027343750 0.019531250 0.031250000 0.019531250 0.003906250 0.007812500 0.031250000 0.011718750 0.035156250 0.015625000 0.003906250 0.062500000 0.015625000 0.003906250 0.011718750 0.042968750 0.007812500 0.011718750 0.003906250 0.015625000 0.019531250 0.011718750 0.027343750 0.015625000 0.011718750 0.023437500 0.027343750 0.011718750 0.007812500 0.035156250 0.019531250 0.035156250 0.031250000 0.027343750 0.011718750 0.003906250 0.035156250 0.023437500 0.019531250 0.023437500 0.011718750 0.000000000 
0.332031250 0.320312500 0.027343750 0.125000000 0.253906250 0.406250000 0.476562500 0.156250000 0.500000000 0.960937500 0.425781250 0.265625000 0.296875000 0.082031250 0.152343750 0.070312500 0.039062500 0.023437500 0.246093750 0.410156250 0.308593750 0.148437500 0.203125000 0.121093750 0.078125000 0.093750000 0.132812500 0.078125000 0.062500000 0.117187500 0.050781250 0.085937500 0.074218750 0.128906250 0.070312500 0.050781250 0.074218750 0.078125000 0.132812500 0.066406250 0.050781250 0.105468750 0.078125000 0.027343750 0.054687500 0.062500000 0.062500000 0.148437500 0.050781250 0.132812500 0.136718750 0.039062500 0.039062500 0.015625000 0.085937500 0.035156250 0.042968750 0.023437500 0.023437500 0.042968750 0.039062500 0.031250000 0.039062500 0.019531250 0.031250000 0.007812500 0.050781250 0.019531250 0.019531250 0.031250000 0.042968750 0.023437500 0.058593750 0.042968750 0.062500000 0.023437500 0.011718750 0.082031250 0.011718750 0.027343750 0.085937500 0.042968750 0.027343750 0.035156250 0.066406250 0.019531250 0.031250000 0.031250000 0.015625000 0.042968750 0.039062500 0.023437500 0.035156250 0.031250000 0.042968750 0.035156250 0.019531250 0.023437500 0.027343750 0.027343750 0.035156250 0.046875000 0.035156250 0.015625000 0.023437500 0.007812500 0.015625000 0.039062500 0.023437500 0.042968750 0.054687500 0.007812500 0.007812500 0.007812500 0.039062500 0.015625000 0.015625000 0.035156250 0.011718750 0.023437500 0.019531250 0.015625000 0.046875000 0.035156250 0.015625000 0.027343750 0.003906250 0.035156250 0.011718750 0.011718750 0.046875000 0.050781250 0.035156250 0.035156250 0.011718750 0.015625000 0.035156250 0.046875000 0.039062500 0.031250000 0.023437500 0.023437500 0.007812500 0.035156250 0.015625000 0.023437500 0.011718750 0.027343750 0.050781250 0.019531250 0.015625000 0.035156250 0.050781250 0.023437500 0.015625000 0.027343750 0.035156250 0.039062500 0.011718750 0.031250000 0.023437500 0.050781250 0.019531250 0.027343750 0.007812500 0.031250000 0.000000000 0.027343750 0.046875000 0.027343750 0.027343750 0.031250000 0.031250000 0.007812500 0.007812500 0.007812500 0.003906250 0.023437500 0.019531250 0.027343750 0.023437500 0.027343750 0.011718750 0.019531250 0.011718750 0.007812500 0.015625000 0.007812500 0.015625000 0.015625000 0.000000000 0.023437500 0.039062500 0.015625000 0.023437500 0.019531250 0.019531250 0.015625000 0.019531250 0.019531250 0.042968750 0.042968750 0.015625000 0.023437500 0.023437500 0.019531250 0.015625000 0.019531250 0.054687500 0.023437500 0.007812500 0.035156250 0.031250000 0.011718750 0.011718750 0.019531250 0.035156250 0.023437500 0.039062500 0.023437500 0.027343750 0.015625000 0.019531250 0.031250000 0.000000000 0.007812500 0.031250000 0.023437500 0.027343750 0.019531250 0.019531250 0.015625000 0.011718750 0.019531250 0.011718750 0.035156250 0.003906250 0.035156250 0.023437500 0.015625000 0.023437500 0.015625000 0.015625000 0.007812500 0.031250000 0.046875000 0.015625000 0.039062500 0.023437500 0.027343750 0.015625000 0.019531250 0.035156250 0.027343750 0.019531250 0.015625000 0.019531250 
0.000000000 0.238281250 0.261718750 0.199218750 0.183593750 0.476562500 0.339843750 0.222656250 0.148437500 1.281250000 0.109375000 0.203125000 0.132812500 0.195312500 0.066406250 0.050781250 0.105468750 0.195312500 0.132812500 0.472656250 0.089843750 0.324218750 0.261718750 0.011718750 0.074218750 0.179687500 0.031250000 0.054687500 0.046875000 0.113281250 0.089843750 0.031250000 0.089843750 0.156250000 0.015625000 0.046875000 0.042968750 0.035156250 0.039062500 0.050781250 0.121093750 0.152343750 0.054687500 0.058593750 0.105468750 0.019531250 0.035156250 0.136718750 0.078125000 0.089843750 0.144531250 0.046875000 0.023437500 0.054687500 0.042968750 0.039062500 0.050781250 0.027343750 0.019531250 0.062500000 0.015625000 0.023437500 0.011718750 0.011718750 0.039062500 0.035156250 0.058593750 0.015625000 0.011718750 0.031250000 0.023437500 0.039062500 0.050781250 0.039062500 0.062500000 0.007812500 0.031250000 0.097656250 0.011718750 0.039062500 0.035156250 0.042968750 0.050781250 0.058593750 0.027343750 0.027343750 0.023437500 0.015625000 0.050781250 0.015625000 0.027343750 0.023437500 0.031250000 0.054687500 0.019531250 0.023437500 0.007812500 0.039062500 0.011718750 0.042968750 0.027343750 0.011718750 0.039062500 0.003906250 0.015625000 0.007812500 0.019531250 0.031250000 0.031250000 0.015625000 0.042968750 0.019531250 0.003906250 0.007812500 0.035156250 0.023437500 0.011718750 0.039062500 0.031250000 0.027343750 0.039062500 0.023437500 0.035156250 0.046875000 0.015625000 0.023437500 0.007812500 0.023437500 0.023437500 0.011718750 0.042968750 0.054687500 0.031250000 0.011718750 0.019531250 0.027343750 0.042968750 0.039062500 0.031250000 0.027343750 0.011718750 0.031250000 0.019531250 0.027343750 0.011718750 0.015625000 0.015625000 0.015625000 0.027343750 0.011718750 0.019531250 0.019531250 0.023437500 0.039062500 0.000000000 0.027343750 0.031250000 0.027343750 0.019531250 0.015625000 0.050781250 0.023437500 0.035156250 0.011718750 0.019531250 0.027343750 0.015625000 0.031250000 0.027343750 0.011718750 0.015625000 0.023437500 0.019531250 0.027343750 0.015625000 0.007812500 0.019531250 0.050781250 0.027343750 0.031250000 0.007812500 0.023437500 0.039062500 0.050781250 0.015625000 0.019531250 0.007812500 0.019531250 0.007812500 0.031250000 0.011718750 0.031250000 0.035156250 0.007812500 0.023437500 0.019531250 0.031250000 0.019531250 0.011718750 0.019531250 0.035156250 0.023437500 0.035156250 0.007812500 0.007812500 0.027343750 0.015625000 0.015625000 0.019531250 0.011718750 0.011718750 0.027343750 0.019531250 0.007812500 0.023437500 0.023437500 0.023437500 0.050781250 0.019531250 0.023437500 0.011718750 0.035156250 0.039062500 0.011718750 0.019531250 0.019531250 0.019531250 0.042968750 0.011718750 0.011718750 0.015625000 0.015625000 0.019531250 0.023437500 0.031250000 0.023437500 0.019531250 0.035156250 0.019531250 0.023437500 0.023437500 0.015625000 0.019531250 0.007812500 0.027343750 0.074218750 0.027343750 0.007812500 0.039062500 0.027343750 0.027343750 0.019531250 0.023437500 0.035156250 0.011718750 0.015625000 0.000000000 
0.503906250 0.289062500 0.128906250 0.105468750 0.386718750 0.187500000 0.144531250 0.312500000 0.371093750 1.003906250 0.226562500 0.230468750 0.093750000 0.156250000 0.085937500 0.078125000 0.101562500 0.160156250 0.113281250 0.648437500 0.292968750 0.160156250 0.183593750 0.042968750 0.109375000 0.156250000 0.031250000 0.062500000 0.062500000 0.183593750 0.046875000 0.062500000 0.089843750 0.148437500 0.042968750 0.101562500 0.011718750 0.070312500 0.042968750 0.070312500 0.082031250 0.148437500 0.062500000 0.039062500 0.093750000 0.015625000 0.035156250 0.121093750 0.089843750 0.050781250 0.085937500 0.031250000 0.027343750 0.050781250 0.015625000 0.042968750 0.058593750 0.027343750 0.027343750 0.066406250 0.019531250 0.031250000 0.027343750 0.031250000 0.039062500 0.027343750 0.019531250 0.019531250 0.023437500 0.042968750 0.027343750 0.035156250 0.046875000 0.054687500 0.050781250 0.011718750 0.070312500 0.050781250 0.046875000 0.039062500 0.023437500 0.046875000 0.054687500 0.050781250 0.035156250 0.023437500 0.019531250 0.003906250 0.054687500 0.027343750 0.039062500 0.031250000 0.031250000 0.031250000 0.058593750 0.054687500 0.039062500 0.019531250 0.007812500 0.023437500 0.023437500 0.007812500 0.023437500 0.015625000 0.027343750 0.023437500 0.019531250 0.023437500 0.050781250 0.035156250 0.039062500 0.015625000 0.019531250 0.031250000 0.015625000 0.027343750 0.027343750 0.023437500 0.042968750 0.042968750 0.023437500 0.042968750 0.007812500 0.031250000 0.031250000 0.015625000 0.015625000 0.015625000 0.023437500 0.011718750 0.039062500 0.058593750 0.031250000 0.023437500 0.011718750 0.035156250 0.027343750 0.027343750 0.031250000 0.031250000 0.031250000 0.035156250 0.027343750 0.027343750 0.015625000 0.019531250 0.046875000 0.019531250 0.011718750 0.039062500 0.027343750 0.019531250 0.015625000 0.023437500 0.031250000 0.011718750 0.015625000 0.019531250 0.042968750 0.027343750 0.027343750 0.011718750 0.031250000 0.031250000 0.031250000 0.007812500 0.003906250 0.042968750 0.003906250 0.011718750 0.007812500 0.011718750 0.023437500 0.019531250 0.023437500 0.015625000 0.031250000 0.054687500 0.023437500 0.023437500 0.015625000 0.007812500 0.042968750 0.042968750 0.039062500 0.003906250 0.019531250 0.007812500 0.019531250 0.023437500 0.031250000 0.003906250 0.035156250 0.011718750 0.027343750 0.031250000 0.039062500 0.007812500 0.011718750 0.035156250 0.031250000 0.039062500 0.042968750 0.007812500 0.007812500 0.011718750 0.019531250 0.007812500 0.011718750 0.011718750 0.023437500 0.011718750 0.019531250 0.019531250 0.027343750 0.019531250 0.027343750 0.046875000 0.007812500 0.031250000 0.011718750 0.035156250 0.031250000 0.007812500 0.015625000 0.015625000 0.019531250 0.042968750 0.007812500 0.011718750 0.015625000 0.011718750 0.015625000 0.015625000 0.039062500 0.019531250 0.015625000 0.011718750 0.046875000 0.019531250 0.011718750 0.019531250 0.011718750 0.015625000 0.015625000 0.046875000 0.050781250 0.019531250 0.027343750 0.023437500 0.023437500 0.015625000 0.031250000 0.003906250 0.007812500 0.011718750 0.003906250 
0.746093750 0.246093750 0.113281250 0.214843750 0.218750000 0.214843750 0.359375000 0.148437500 0.710937500 0.414062500 0.398437500 0.242187500 0.093750000 0.152343750 0.101562500 0.148437500 0.070312500 0.148437500 0.113281250 0.703125000 0.328125000 0.136718750 0.136718750 0.136718750 0.019531250 0.089843750 0.054687500 0.078125000 0.117187500 0.160156250 0.023437500 0.027343750 0.101562500 0.156250000 0.121093750 0.097656250 0.070312500 0.113281250 0.058593750 0.085937500 0.179687500 0.054687500 0.070312500 0.058593750 0.050781250 0.085937500 0.093750000 0.152343750 0.093750000 0.042968750 0.085937500 0.015625000 0.023437500 0.054687500 0.023437500 0.035156250 0.039062500 0.046875000 0.054687500 0.039062500 0.015625000 0.027343750 0.035156250 0.054687500 0.027343750 0.023437500 0.031250000 0.039062500 0.015625000 0.019531250 0.066406250 0.035156250 0.066406250 0.035156250 0.039062500 0.058593750 0.085937500 0.019531250 0.023437500 0.035156250 0.015625000 0.035156250 0.035156250 0.062500000 0.050781250 0.007812500 0.023437500 0.019531250 0.027343750 0.035156250 0.027343750 0.011718750 0.031250000 0.054687500 0.046875000 0.054687500 0.058593750 0.007812500 0.007812500 0.027343750 0.027343750 0.027343750 0.019531250 0.011718750 0.007812500 0.011718750 0.027343750 0.050781250 0.031250000 0.046875000 0.027343750 0.023437500 0.011718750 0.039062500 0.023437500 0.007812500 0.023437500 0.019531250 0.027343750 0.050781250 0.023437500 0.046875000 0.027343750 0.023437500 0.011718750 0.019531250 0.011718750 0.027343750 0.023437500 0.023437500 0.035156250 0.046875000 0.019531250 0.031250000 0.015625000 0.027343750 0.007812500 0.011718750 0.015625000 0.039062500 0.027343750 0.039062500 0.023437500 0.027343750 0.000000000 0.039062500 0.046875000 0.035156250 0.019531250 0.027343750 0.027343750 0.015625000 0.015625000 0.035156250 0.023437500 0.015625000 0.023437500 0.019531250 0.039062500 0.015625000 0.023437500 0.015625000 0.019531250 0.027343750 0.035156250 0.015625000 0.011718750 0.035156250 0.011718750 0.019531250 0.023437500 0.011718750 0.031250000 0.019531250 0.027343750 0.011718750 0.035156250 0.046875000 0.023437500 0.031250000 0.019531250 0.011718750 0.027343750 0.031250000 0.058593750 0.027343750 0.011718750 0.015625000 0.023437500 0.027343750 0.031250000 0.023437500 0.019531250 0.019531250 0.023437500 0.023437500 0.039062500 0.011718750 0.027343750 0.023437500 0.027343750 0.023437500 0.039062500 0.011718750 0.011718750 0.015625000 0.027343750 0.031250000 0.031250000 0.035156250 0.011718750 0.011718750 0.019531250 0.027343750 0.027343750 0.035156250 0.031250000 0.015625000 0.015625000 0.015625000 0.007812500 0.035156250 0.027343750 0.007812500 0.003906250 0.011718750 0.023437500 0.054687500 0.007812500 0.007812500 0.019531250 0.007812500 0.015625000 0.023437500 0.023437500 0.015625000 0.003906250 0.027343750 0.046875000 0.019531250 0.019531250 0.031250000 0.031250000 0.003906250 0.003906250 0.035156250 0.046875000 0.019531250 0.042968750 0.007812500 0.011718750 0.003906250 0.015625000 0.023437500 0.031250000 0.019531250 0.011718750 
1.179687500 0.125000000 0.132812500 0.082031250 0.359375000 0.699218750 0.535156250 0.589843750 0.328125000 0.554687500 0.433593750 0.308593750 0.281250000 0.265625000 0.062500000 0.222656250 0.109375000 0.019531250 0.230468750 0.597656250 0.191406250 0.125000000 0.140625000 0.171875000 0.132812500 0.132812500 0.113281250 0.113281250 0.078125000 0.136718750 0.070312500 0.140625000 0.113281250 0.058593750 0.160156250 0.101562500 0.027343750 0.101562500 0.031250000 0.046875000 0.132812500 0.144531250 0.082031250 0.035156250 0.019531250 0.144531250 0.058593750 0.191406250 0.062500000 0.039062500 0.082031250 0.046875000 0.023437500 0.070312500 0.039062500 0.007812500 0.023437500 0.046875000 0.007812500 0.070312500 0.054687500 0.027343750 0.035156250 0.062500000 0.035156250 0.019531250 0.054687500 0.003906250 0.015625000 0.003906250 0.042968750 0.050781250 0.062500000 0.070312500 0.035156250 0.023437500 0.058593750 0.039062500 0.027343750 0.019531250 0.027343750 0.035156250 0.007812500 0.078125000 0.007812500 0.031250000 0.015625000 0.011718750 0.019531250 0.007812500 0.007812500 0.019531250 0.066406250 0.007812500 0.027343750 0.039062500 0.058593750 0.031250000 0.011718750 0.046875000 0.015625000 0.023437500 0.015625000 0.039062500 0.039062500 0.027343750 0.035156250 0.042968750 0.003906250 0.054687500 0.023437500 0.031250000 0.019531250 0.031250000 0.019531250 0.015625000 0.007812500 0.019531250 0.019531250 0.019531250 0.027343750 0.035156250 0.039062500 0.015625000 0.003906250 0.015625000 0.019531250 0.042968750 0.023437500 0.011718750 0.019531250 0.066406250 0.019531250 0.035156250 0.015625000 0.011718750 0.023437500 0.023437500 0.019531250 0.039062500 0.070312500 0.011718750 0.011718750 0.027343750 0.019531250 0.050781250 0.042968750 0.039062500 0.015625000 0.015625000 0.027343750 0.031250000 0.023437500 0.023437500 0.015625000 0.035156250 0.035156250 0.011718750 0.031250000 0.031250000 0.027343750 0.007812500 0.011718750 0.054687500 0.011718750 0.011718750 0.015625000 0.031250000 0.019531250 0.003906250 0.042968750 0.027343750 0.023437500 0.019531250 0.023437500 0.015625000 0.003906250 0.015625000 0.035156250 0.027343750 0.015625000 0.015625000 0.007812500 0.011718750 0.035156250 0.023437500 0.035156250 0.039062500 0.023437500 0.015625000 0.003906250 0.046875000 0.015625000 0.011718750 0.035156250 0.035156250 0.003906250 0.046875000 0.007812500 0.015625000 0.019531250 0.031250000 0.035156250 0.007812500 0.023437500 0.027343750 0.031250000 0.042968750 0.023437500 0.015625000 0.015625000 0.027343750 0.023437500 0.011718750 0.046875000 0.023437500 0.003906250 0.003906250 0.007812500 0.000000000 0.023437500 0.027343750 0.031250000 0.011718750 0.007812500 0.003906250 0.003906250 0.031250000 0.015625000 0.003906250 0.027343750 0.007812500 0.003906250 0.023437500 0.011718750 0.015625000 0.007812500 0.023437500 0.042968750 0.027343750 0.027343750 0.023437500 0.031250000 0.019531250 0.027343750 0.015625000 0.011718750 0.042968750 0.027343750 0.015625000 0.019531250 0.011718750 0.011718750 0.042968750 0.015625000 0.019531250 0.015625000 
1.242187500 0.152343750 0.222656250 0.101562500 0.687500000 0.964843750 0.609375000 0.449218750 0.371093750 0.691406250 1.187500000 0.847656250 0.171875000 0.292968750 0.214843750 0.136718750 0.343750000 0.035156250 0.414062500 0.546875000 0.105468750 0.171875000 0.105468750 0.242187500 0.250000000 0.039062500 0.113281250 0.140625000 0.097656250 0.160156250 0.121093750 0.085937500 0.101562500 0.039062500 0.027343750 0.257812500 0.140625000 0.031250000 0.046875000 0.156250000 0.085937500 0.191406250 0.046875000 0.046875000 0.105468750 0.093750000 0.031250000 0.117187500 0.085937500 0.015625000 0.078125000 0.070312500 0.011718750 0.066406250 0.035156250 0.050781250 0.035156250 0.031250000 0.027343750 0.074218750 0.023437500 0.019531250 0.015625000 0.050781250 0.070312500 0.062500000 0.023437500 0.039062500 0.062500000 0.050781250 0.000000000 0.046875000 0.066406250 0.031250000 0.058593750 0.035156250 0.031250000 0.023437500 0.031250000 0.003906250 0.035156250 0.042968750 0.027343750 0.042968750 0.031250000 0.042968750 0.015625000 0.007812500 0.031250000 0.042968750 0.023437500 0.019531250 0.066406250 0.035156250 0.039062500 0.023437500 0.039062500 0.007812500 0.027343750 0.042968750 0.039062500 0.046875000 0.011718750 0.031250000 0.027343750 0.007812500 0.042968750 0.023437500 0.027343750 0.046875000 0.007812500 0.035156250 0.007812500 0.019531250 0.023437500 0.019531250 0.031250000 0.031250000 0.023437500 0.027343750 0.007812500 0.031250000 0.027343750 0.035156250 0.011718750 0.023437500 0.027343750 0.039062500 0.027343750 0.015625000 0.011718750 0.074218750 0.023437500 0.027343750 0.019531250 0.015625000 0.015625000 0.042968750 0.003906250 0.042968750 0.046875000 0.031250000 0.031250000 0.019531250 0.039062500 0.011718750 0.031250000 0.031250000 0.007812500 0.007812500 0.007812500 0.007812500 0.039062500 0.003906250 0.031250000 0.054687500 0.023437500 0.019531250 0.023437500 0.015625000 0.023437500 0.015625000 0.015625000 0.058593750 0.019531250 0.007812500 0.023437500 0.023437500 0.031250000 0.023437500 0.023437500 0.035156250 0.011718750 0.035156250 0.023437500 0.054687500 0.035156250 0.027343750 0.035156250 0.039062500 0.015625000 0.023437500 0.019531250 0.003906250 0.039062500 0.027343750 0.019531250 0.042968750 0.027343750 0.031250000 0.027343750 0.027343750 0.015625000 0.015625000 0.023437500 0.019531250 0.019531250 0.066406250 0.011718750 0.003906250 0.019531250 0.007812500 0.007812500 0.007812500 0.023437500 0.031250000 0.027343750 0.042968750 0.035156250 0.019531250 0.035156250 0.027343750 0.019531250 0.011718750 0.019531250 0.046875000 0.007812500 0.015625000 0.019531250 0.023437500 0.019531250 0.015625000 0.019531250 0.031250000 0.011718750 0.023437500 0.015625000 0.019531250 0.015625000 0.000000000 0.023437500 0.015625000 0.023437500 0.019531250 0.015625000 0.019531250 0.007812500 0.042968750 0.019531250 0.042968750 0.023437500 0.011718750 0.046875000 0.027343750 0.023437500 0.023437500 0.015625000 0.042968750 0.023437500 0.003906250 0.027343750 0.011718750 0.023437500 0.027343750 0.011718750 0.019531250 0.023437500 
1.292968750 0.160156250 0.218750000 0.253906250 0.742187500 1.402343750 0.253906250 0.917968750 0.769531250 0.699218750 2.382812500 0.527343750 0.433593750 0.250000000 0.199218750 0.191406250 0.136718750 0.445312500 0.117187500 0.542968750 0.058593750 0.257812500 0.062500000 0.269531250 0.164062500 0.089843750 0.144531250 0.167968750 0.054687500 0.082031250 0.167968750 0.097656250 0.023437500 0.195312500 0.222656250 0.261718750 0.027343750 0.070312500 0.007812500 0.156250000 0.113281250 0.144531250 0.093750000 0.046875000 0.058593750 0.050781250 0.039062500 0.109375000 0.085937500 0.023437500 0.042968750 0.046875000 0.046875000 0.042968750 0.015625000 0.074218750 0.015625000 0.042968750 0.035156250 0.042968750 0.058593750 0.015625000 0.035156250 0.027343750 0.042968750 0.062500000 0.027343750 0.023437500 0.058593750 0.027343750 0.054687500 0.058593750 0.062500000 0.019531250 0.019531250 0.003906250 0.046875000 0.023437500 0.042968750 0.007812500 0.023437500 0.070312500 0.007812500 0.035156250 0.019531250 0.046875000 0.027343750 0.027343750 0.027343750 0.046875000 0.015625000 0.058593750 0.039062500 0.011718750 0.011718750 0.015625000 0.023437500 0.015625000 0.023437500 0.015625000 0.058593750 0.046875000 0.019531250 0.019531250 0.035156250 0.015625000 0.031250000 0.035156250 0.035156250 0.046875000 0.046875000 0.023437500 0.031250000 0.015625000 0.031250000 0.015625000 0.019531250 0.015625000 0.007812500 0.039062500 0.007812500 0.031250000 0.027343750 0.023437500 0.023437500 0.027343750 0.011718750 0.019531250 0.023437500 0.031250000 0.039062500 0.042968750 0.023437500 0.023437500 0.031250000 0.031250000 0.023437500 0.027343750 0.003906250 0.042968750 0.042968750 0.023437500 0.027343750 0.007812500 0.031250000 0.007812500 0.019531250 0.031250000 0.015625000 0.011718750 0.027343750 0.023437500 0.019531250 0.007812500 0.011718750 0.046875000 0.027343750 0.027343750 0.035156250 0.019531250 0.019531250 0.031250000 0.027343750 0.042968750 0.035156250 0.023437500 0.031250000 0.007812500 0.015625000 0.019531250 0.019531250 0.023437500 0.027343750 0.035156250 0.011718750 0.054687500 0.027343750 0.003906250 0.035156250 0.031250000 0.011718750 0.023437500 0.015625000 0.042968750 0.003906250 0.046875000 0.039062500 0.046875000 0.015625000 0.050781250 0.035156250 0.042968750 0.015625000 0.011718750 0.003906250 0.027343750 0.019531250 0.042968750 0.039062500 0.019531250 0.015625000 0.003906250 0.007812500 0.015625000 0.027343750 0.023437500 0.023437500 0.039062500 0.027343750 0.039062500 0.023437500 0.023437500 0.019531250 0.015625000 0.031250000 0.027343750 0.011718750 0.011718750 0.015625000 0.007812500 0.011718750 0.015625000 0.031250000 0.023437500 0.023437500 0.011718750 0.031250000 0.011718750 0.007812500 0.007812500 0.015625000 0.019531250 0.039062500 0.042968750 0.031250000 0.003906250 0.019531250 0.039062500 0.011718750 0.027343750 0.027343750 0.011718750 0.027343750 0.023437500 0.031250000 0.011718750 0.031250000 0.039062500 0.019531250 0.031250000 0.011718750 0.035156250 0.031250000 0.007812500 0.015625000 0.011718750 0.019531250 
1.453125000 0.023437500 0.199218750 0.285156250 0.445312500 2.238281250 0.570312500 0.640625000 0.363281250 1.882812500 3.710937500 0.859375000 0.500000000 0.414062500 0.609375000 0.574218750 0.285156250 0.367187500 0.082031250 0.730468750 0.183593750 0.093750000 0.113281250 0.156250000 0.199218750 0.160156250 0.062500000 0.132812500 0.125000000 0.179687500 0.113281250 0.140625000 0.152343750 0.113281250 0.347656250 0.167968750 0.089843750 0.054687500 0.058593750 0.152343750 0.125000000 0.113281250 0.046875000 0.046875000 0.046875000 0.046875000 0.042968750 0.093750000 0.023437500 0.058593750 0.097656250 0.101562500 0.046875000 0.062500000 0.035156250 0.046875000 0.050781250 0.070312500 0.019531250 0.042968750 0.062500000 0.046875000 0.050781250 0.019531250 0.042968750 0.085937500 0.074218750 0.031250000 0.019531250 0.042968750 0.050781250 0.101562500 0.011718750 0.050781250 0.042968750 0.070312500 0.042968750 0.015625000 0.031250000 0.019531250 0.011718750 0.050781250 0.042968750 0.031250000 0.050781250 0.023437500 0.046875000 0.031250000 0.042968750 0.023437500 0.042968750 0.015625000 0.031250000 0.046875000 0.023437500 0.035156250 0.027343750 0.039062500 0.023437500 0.046875000 0.035156250 0.082031250 0.066406250 0.042968750 0.023437500 0.015625000 0.031250000 0.042968750 0.039062500 0.046875000 0.039062500 0.027343750 0.027343750 0.015625000 0.054687500 0.019531250 0.019531250 0.054687500 0.031250000 0.027343750 0.019531250 0.035156250 0.027343750 0.042968750 0.031250000 0.035156250 0.007812500 0.023437500 0.007812500 0.011718750 0.050781250 0.031250000 0.031250000 0.035156250 0.019531250 0.023437500 0.023437500 0.023437500 0.042968750 0.054687500 0.042968750 0.015625000 0.027343750 0.015625000 0.039062500 0.015625000 0.007812500 0.027343750 0.011718750 0.023437500 0.011718750 0.042968750 0.031250000 0.023437500 0.015625000 0.027343750 0.027343750 0.015625000 0.042968750 0.015625000 0.019531250 0.019531250 0.039062500 0.042968750 0.050781250 0.023437500 0.027343750 0.023437500 0.015625000 0.007812500 0.019531250 0.023437500 0.031250000 0.039062500 0.035156250 0.046875000 0.035156250 0.023437500 0.011718750 0.007812500 0.015625000 0.023437500 0.015625000 0.050781250 0.031250000 0.039062500 0.007812500 0.039062500 0.007812500 0.031250000 0.035156250 0.078125000 0.027343750 0.042968750 0.023437500 0.023437500 0.011718750 0.023437500 0.046875000 0.039062500 0.039062500 0.042968750 0.023437500 0.011718750 0.027343750 0.015625000 0.011718750 0.015625000 0.039062500 0.023437500 0.039062500 0.011718750 0.019531250 0.023437500 0.007812500 0.027343750 0.027343750 0.000000000 0.011718750 0.031250000 0.046875000 0.019531250 0.011718750 0.023437500 0.046875000 0.031250000 0.027343750 0.011718750 0.031250000 0.031250000 0.027343750 0.031250000 0.039062500 0.039062500 0.035156250 0.019531250 0.019531250 0.035156250 0.011718750 0.019531250 0.031250000 0.015625000 0.031250000 0.023437500 0.035156250 0.031250000 0.039062500 0.027343750 0.019531250 0.003906250 0.035156250 0.035156250 0.027343750 0.027343750 0.019531250 0.011718750 0.000000000 
1.179687500 0.191406250 0.308593750 0.320312500 0.648437500 2.640625000 0.289062500 0.339843750 0.441406250 2.554687500 3.679687500 0.585937500 0.171875000 0.175781250 0.378906250 0.738281250 0.281250000 0.250000000 0.210937500 0.515625000 0.343750000 0.128906250 0.117187500 0.125000000 0.109375000 0.050781250 0.105468750 0.062500000 0.050781250 0.070312500 0.078125000 0.140625000 0.097656250 0.191406250 0.226562500 0.199218750 0.230468750 0.046875000 0.015625000 0.070312500 0.191406250 0.058593750 0.078125000 0.031250000 0.035156250 0.140625000 0.031250000 0.128906250 0.039062500 0.070312500 0.113281250 0.031250000 0.058593750 0.039062500 0.027343750 0.042968750 0.054687500 0.046875000 0.074218750 0.023437500 0.007812500 0.031250000 0.101562500 0.027343750 0.058593750 0.035156250 0.046875000 0.031250000 0.023437500 0.027343750 0.039062500 0.089843750 0.011718750 0.046875000 0.019531250 0.062500000 0.039062500 0.015625000 0.031250000 0.027343750 0.031250000 0.039062500 0.074218750 0.035156250 0.007812500 0.039062500 0.023437500 0.027343750 0.046875000 0.042968750 0.035156250 0.011718750 0.066406250 0.039062500 0.027343750 0.019531250 0.050781250 0.031250000 0.019531250 0.042968750 0.046875000 0.066406250 0.039062500 0.039062500 0.003906250 0.007812500 0.023437500 0.011718750 0.042968750 0.031250000 0.058593750 0.027343750 0.011718750 0.023437500 0.011718750 0.042968750 0.007812500 0.027343750 0.027343750 0.042968750 0.015625000 0.039062500 0.019531250 0.023437500 0.015625000 0.050781250 0.003906250 0.011718750 0.031250000 0.019531250 0.042968750 0.011718750 0.015625000 0.042968750 0.019531250 0.023437500 0.027343750 0.046875000 0.015625000 0.015625000 0.015625000 0.011718750 0.019531250 0.007812500 0.027343750 0.011718750 0.039062500 0.000000000 0.023437500 0.019531250 0.027343750 0.015625000 0.042968750 0.031250000 0.007812500 0.011718750 0.007812500 0.015625000 0.050781250 0.023437500 0.031250000 0.019531250 0.031250000 0.019531250 0.027343750 0.019531250 0.031250000 0.023437500 0.027343750 0.015625000 0.015625000 0.027343750 0.031250000 0.023437500 0.019531250 0.035156250 0.015625000 0.015625000 0.015625000 0.011718750 0.019531250 0.007812500 0.015625000 0.042968750 0.027343750 0.042968750 0.015625000 0.027343750 0.015625000 0.015625000 0.066406250 0.050781250 0.031250000 0.039062500 0.011718750 0.011718750 0.019531250 0.019531250 0.023437500 0.015625000 0.046875000 0.023437500 0.019531250 0.003906250 0.011718750 0.007812500 0.015625000 0.023437500 0.027343750 0.019531250 0.042968750 0.015625000 0.019531250 0.031250000 0.003906250 0.019531250 0.050781250 0.039062500 0.027343750 0.019531250 0.035156250 0.015625000 0.011718750 0.042968750 0.019531250 0.015625000 0.027343750 0.007812500 0.011718750 0.015625000 0.027343750 0.039062500 0.042968750 0.031250000 0.027343750 0.003906250 0.011718750 0.003906250 0.023437500 0.035156250 0.031250000 0.007812500 0.015625000 0.007812500 0.011718750 0.023437500 0.031250000 0.042968750 0.003906250 0.015625000 0.031250000 0.031250000 0.015625000 0.031250000 0.015625000 0.031250000 0.023437500 
0.933593750 0.265625000 0.210937500 0.386718750 0.777343750 3.144531250 0.832031250 1.460937500 2.378906250 0.078125000 4.648437500 0.621093750 0.710937500 0.781250000 0.804687500 0.339843750 0.542968750 0.750000000 0.417968750 0.566406250 0.085937500 0.226562500 0.203125000 0.292968750 0.089843750 0.101562500 0.093750000 0.277343750 0.164062500 0.097656250 0.199218750 0.089843750 0.039062500 0.230468750 0.210937500 0.460937500 0.070312500 0.054687500 0.164062500 0.105468750 0.156250000 0.093750000 0.062500000 0.085937500 0.136718750 0.085937500 0.101562500 0.140625000 0.074218750 0.050781250 0.199218750 0.132812500 0.109375000 0.101562500 0.054687500 0.046875000 0.097656250 0.062500000 0.125000000 0.089843750 0.109375000 0.054687500 0.105468750 0.058593750 0.027343750 0.039062500 0.058593750 0.066406250 0.046875000 0.015625000 0.082031250 0.125000000 0.015625000 0.058593750 0.089843750 0.101562500 0.023437500 0.019531250 0.035156250 0.078125000 0.031250000 0.042968750 0.089843750 0.035156250 0.050781250 0.050781250 0.085937500 0.074218750 0.042968750 0.042968750 0.066406250 0.039062500 0.066406250 0.085937500 0.019531250 0.058593750 0.058593750 0.085937500 0.011718750 0.050781250 0.050781250 0.042968750 0.101562500 0.070312500 0.011718750 0.035156250 0.070312500 0.058593750 0.042968750 0.042968750 0.058593750 0.039062500 0.019531250 0.027343750 0.050781250 0.050781250 0.039062500 0.058593750 0.078125000 0.050781250 0.031250000 0.039062500 0.062500000 0.062500000 0.031250000 0.019531250 0.050781250 0.058593750 0.054687500 0.027343750 0.023437500 0.042968750 0.050781250 0.042968750 0.046875000 0.031250000 0.050781250 0.007812500 0.062500000 0.039062500 0.015625000 0.027343750 0.054687500 0.023437500 0.050781250 0.035156250 0.039062500 0.023437500 0.027343750 0.035156250 0.011718750 0.007812500 0.031250000 0.066406250 0.035156250 0.031250000 0.042968750 0.019531250 0.058593750 0.054687500 0.027343750 0.039062500 0.031250000 0.066406250 0.039062500 0.031250000 0.031250000 0.023437500 0.062500000 0.011718750 0.039062500 0.019531250 0.042968750 0.035156250 0.015625000 0.015625000 0.027343750 0.015625000 0.019531250 0.035156250 0.027343750 0.011718750 0.031250000 0.050781250 0.023437500 0.039062500 0.031250000 0.027343750 0.031250000 0.003906250 0.050781250 0.042968750 0.074218750 0.027343750 0.023437500 0.035156250 0.042968750 0.035156250 0.039062500 0.058593750 0.046875000 0.007812500 0.003906250 0.011718750 0.015625000 0.027343750 0.046875000 0.035156250 0.027343750 0.023437500 0.031250000 0.035156250 0.015625000 0.042968750 0.027343750 0.042968750 0.054687500 0.019531250 0.046875000 0.015625000 0.011718750 0.023437500 0.015625000 0.058593750 0.054687500 0.031250000 0.031250000 0.039062500 0.054687500 0.042968750 0.046875000 0.046875000 0.042968750 0.046875000 0.046875000 0.019531250 0.023437500 0.019531250 0.042968750 0.031250000 0.050781250 0.027343750 0.023437500 0.019531250 0.031250000 0.050781250 0.054687500 0.039062500 0.019531250 0.039062500 0.035156250 0.019531250 0.039062500 0.023437500 0.046875000 0.039062500 0.003906250 
0.015625000 0.535156250 0.820312500 0.917968750 1.507812500 2.964843750 1.191406250 1.492187500 2.351562500 3.585937500 3.421875000 2.652343750 1.113281250 0.824218750 0.187500000 0.644531250 0.949218750 0.621093750 0.664062500 0.925781250 0.273437500 0.417968750 0.339843750 0.464843750 0.347656250 0.269531250 0.277343750 0.378906250 0.210937500 0.164062500 0.281250000 0.281250000 0.195312500 0.367187500 0.292968750 0.355468750 0.253906250 0.234375000 0.152343750 0.101562500 0.140625000 0.199218750 0.175781250 0.101562500 0.148437500 0.132812500 0.160156250 0.132812500 0.093750000 0.148437500 0.089843750 0.101562500 0.085937500 0.062500000 0.031250000 0.039062500 0.035156250 0.085937500 0.152343750 0.054687500 0.105468750 0.023437500 0.078125000 0.140625000 0.089843750 0.121093750 0.039062500 0.070312500 0.054687500 0.062500000 0.109375000 0.058593750 0.167968750 0.074218750 0.085937500 0.046875000 0.066406250 0.050781250 0.101562500 0.066406250 0.070312500 0.101562500 0.023437500 0.046875000 0.093750000 0.066406250 0.070312500 0.023437500 0.078125000 0.074218750 0.074218750 0.046875000 0.074218750 0.093750000 0.097656250 0.039062500 0.078125000 0.039062500 0.105468750 0.039062500 0.039062500 0.093750000 0.074218750 0.054687500 0.054687500 0.031250000 0.097656250 0.019531250 0.054687500 0.062500000 0.042968750 0.015625000 0.050781250 0.074218750 0.019531250 0.062500000 0.050781250 0.035156250 0.070312500 0.035156250 0.093750000 0.003906250 0.070312500 0.039062500 0.078125000 0.035156250 0.074218750 0.019531250 0.039062500 0.035156250 0.082031250 0.058593750 0.066406250 0.039062500 0.031250000 0.011718750 0.019531250 0.019531250 0.046875000 0.039062500 0.039062500 0.035156250 0.031250000 0.015625000 0.050781250 0.042968750 0.042968750 0.050781250 0.054687500 0.011718750 0.031250000 0.062500000 0.058593750 0.035156250 0.019531250 0.023437500 0.042968750 0.042968750 0.027343750 0.011718750 0.039062500 0.015625000 0.019531250 0.050781250 0.011718750 0.050781250 0.042968750 0.046875000 0.042968750 0.046875000 0.066406250 0.070312500 0.023437500 0.015625000 0.000000000 0.015625000 0.031250000 0.035156250 0.039062500 0.042968750 0.031250000 0.023437500 0.050781250 0.019531250 0.062500000 0.035156250 0.054687500 0.042968750 0.035156250 0.031250000 0.039062500 0.046875000 0.054687500 0.050781250 0.035156250 0.003906250 0.023437500 0.035156250 0.035156250 0.019531250 0.023437500 0.042968750 0.027343750 0.050781250 0.031250000 0.023437500 0.015625000 0.027343750 0.035156250 0.031250000 0.050781250 0.066406250 0.039062500 0.027343750 0.035156250 0.015625000 0.035156250 0.062500000 0.054687500 0.042968750 0.027343750 0.058593750 0.066406250 0.015625000 0.042968750 0.031250000 0.039062500 0.031250000 0.046875000 0.050781250 0.011718750 0.039062500 0.019531250 0.042968750 0.039062500 0.015625000 0.046875000 0.035156250 0.023437500 0.046875000 0.062500000 0.031250000 0.019531250 0.023437500 0.054687500 0.015625000 0.042968750 0.046875000 0.027343750 0.058593750 0.019531250 0.046875000 0.007812500 0.019531250 0.011718750 0.011718750 0.007812500 
1.144531250 0.808593750 0.875000000 1.308593750 2.921875000 2.906250000 0.929687500 1.257812500 0.480468750 7.406250000 1.910156250 0.234375000 1.042968750 0.343750000 0.847656250 0.328125000 0.746093750 0.382812500 0.089843750 0.671875000 0.355468750 0.273437500 0.464843750 0.347656250 0.023437500 0.281250000 0.207031250 0.402343750 0.257812500 0.195312500 0.128906250 0.199218750 0.187500000 0.054687500 0.652343750 0.062500000 0.351562500 0.253906250 0.144531250 0.164062500 0.074218750 0.050781250 0.058593750 0.175781250 0.070312500 0.152343750 0.054687500 0.046875000 0.035156250 0.046875000 0.156250000 0.148437500 0.039062500 0.070312500 0.097656250 0.042968750 0.101562500 0.031250000 0.148437500 0.136718750 0.062500000 0.050781250 0.046875000 0.050781250 0.054687500 0.070312500 0.082031250 0.042968750 0.062500000 0.058593750 0.085937500 0.058593750 0.089843750 0.089843750 0.027343750 0.113281250 0.050781250 0.109375000 0.027343750 0.039062500 0.042968750 0.035156250 0.039062500 0.074218750 0.050781250 0.074218750 0.066406250 0.011718750 0.007812500 0.031250000 0.039062500 0.093750000 0.039062500 0.054687500 0.054687500 0.066406250 0.058593750 0.007812500 0.054687500 0.031250000 0.074218750 0.027343750 0.031250000 0.027343750 0.039062500 0.039062500 0.058593750 0.050781250 0.000000000 0.046875000 0.042968750 0.019531250 0.042968750 0.023437500 0.050781250 0.042968750 0.007812500 0.019531250 0.054687500 0.027343750 0.019531250 0.042968750 0.058593750 0.019531250 0.046875000 0.019531250 0.089843750 0.054687500 0.035156250 0.054687500 0.062500000 0.062500000 0.046875000 0.015625000 0.023437500 0.035156250 0.058593750 0.042968750 0.023437500 0.019531250 0.046875000 0.015625000 0.062500000 0.031250000 0.046875000 0.058593750 0.031250000 0.035156250 0.031250000 0.015625000 0.035156250 0.070312500 0.042968750 0.039062500 0.019531250 0.039062500 0.011718750 0.050781250 0.015625000 0.042968750 0.031250000 0.046875000 0.058593750 0.019531250 0.039062500 0.015625000 0.058593750 0.046875000 0.058593750 0.027343750 0.058593750 0.035156250 0.035156250 0.011718750 0.035156250 0.035156250 0.023437500 0.042968750 0.039062500 0.019531250 0.007812500 0.007812500 0.046875000 0.039062500 0.015625000 0.007812500 0.042968750 0.011718750 0.015625000 0.027343750 0.035156250 0.027343750 0.019531250 0.019531250 0.062500000 0.003906250 0.035156250 0.039062500 0.039062500 0.015625000 0.027343750 0.019531250 0.035156250 0.003906250 0.058593750 0.019531250 0.015625000 0.019531250 0.011718750 0.011718750 0.019531250 0.054687500 0.031250000 0.035156250 0.031250000 0.023437500 0.007812500 0.035156250 0.019531250 0.015625000 0.031250000 0.042968750 0.007812500 0.046875000 0.050781250 0.019531250 0.027343750 0.035156250 0.003906250 0.007812500 0.023437500 0.042968750 0.031250000 0.015625000 0.027343750 0.042968750 0.015625000 0.031250000 0.035156250 0.007812500 0.039062500 0.007812500 0.023437500 0.007812500 0.023437500 0.046875000 0.027343750 0.027343750 0.007812500 0.027343750 0.019531250 0.031250000 0.023437500 0.011718750 0.031250000 0.019531250 0.011718750 
0.164062500 0.644531250 0.695312500 1.230468750 3.644531250 3.734375000 1.308593750 1.945312500 0.328125000 7.921875000 1.847656250 1.730468750 0.671875000 0.253906250 0.726562500 0.699218750 0.714843750 0.496093750 0.542968750 0.562500000 0.316406250 0.214843750 0.628906250 0.542968750 0.257812500 0.160156250 0.148437500 0.449218750 0.109375000 0.144531250 0.132812500 0.164062500 0.457031250 0.257812500 0.398437500 0.253906250 0.199218750 0.183593750 0.156250000 0.097656250 0.058593750 0.027343750 0.078125000 0.152343750 0.085937500 0.109375000 0.125000000 0.093750000 0.105468750 0.144531250 0.109375000 0.144531250 0.109375000 0.035156250 0.054687500 0.093750000 0.105468750 0.019531250 0.078125000 0.054687500 0.218750000 0.027343750 0.078125000 0.019531250 0.085937500 0.027343750 0.070312500 0.093750000 0.101562500 0.089843750 0.050781250 0.066406250 0.140625000 0.097656250 0.058593750 0.031250000 0.121093750 0.128906250 0.085937500 0.082031250 0.082031250 0.070312500 0.058593750 0.078125000 0.023437500 0.011718750 0.085937500 0.050781250 0.078125000 0.003906250 0.054687500 0.066406250 0.050781250 0.054687500 0.015625000 0.035156250 0.031250000 0.039062500 0.046875000 0.050781250 0.062500000 0.085937500 0.015625000 0.019531250 0.042968750 0.035156250 0.046875000 0.023437500 0.023437500 0.035156250 0.039062500 0.074218750 0.046875000 0.039062500 0.011718750 0.035156250 0.031250000 0.042968750 0.007812500 0.031250000 0.027343750 0.027343750 0.027343750 0.015625000 0.035156250 0.027343750 0.093750000 0.066406250 0.031250000 0.046875000 0.019531250 0.105468750 0.019531250 0.046875000 0.011718750 0.054687500 0.011718750 0.070312500 0.015625000 0.046875000 0.019531250 0.015625000 0.066406250 0.042968750 0.019531250 0.031250000 0.046875000 0.070312500 0.007812500 0.035156250 0.023437500 0.046875000 0.007812500 0.062500000 0.039062500 0.027343750 0.035156250 0.062500000 0.015625000 0.035156250 0.027343750 0.039062500 0.050781250 0.027343750 0.062500000 0.027343750 0.062500000 0.039062500 0.039062500 0.011718750 0.050781250 0.070312500 0.011718750 0.023437500 0.023437500 0.070312500 0.035156250 0.015625000 0.031250000 0.031250000 0.003906250 0.027343750 0.023437500 0.054687500 0.027343750 0.007812500 0.046875000 0.050781250 0.035156250 0.042968750 0.003906250 0.011718750 0.011718750 0.050781250 0.031250000 0.023437500 0.019531250 0.027343750 0.058593750 0.039062500 0.019531250 0.015625000 0.023437500 0.023437500 0.042968750 0.003906250 0.011718750 0.039062500 0.023437500 0.031250000 0.042968750 0.042968750 0.027343750 0.011718750 0.031250000 0.042968750 0.042968750 0.015625000 0.015625000 0.023437500 0.019531250 0.039062500 0.035156250 0.019531250 0.027343750 0.046875000 0.031250000 0.023437500 0.015625000 0.027343750 0.023437500 0.007812500 0.039062500 0.023437500 0.027343750 0.011718750 0.027343750 0.046875000 0.031250000 0.027343750 0.070312500 0.023437500 0.003906250 0.003906250 0.023437500 0.011718750 0.027343750 0.019531250 0.027343750 0.007812500 0.019531250 0.050781250 0.015625000 0.007812500 0.011718750 0.019531250 0.007812500 
1.589843750 1.027343750 1.105468750 1.664062500 4.234375000 5.359375000 1.875000000 1.789062500 1.843750000 8.167968750 2.117187500 0.621093750 0.601562500 0.460937500 0.273437500 0.464843750 0.328125000 0.230468750 0.500000000 0.300781250 0.078125000 0.222656250 0.269531250 0.984375000 0.449218750 0.320312500 0.136718750 0.351562500 0.335937500 0.203125000 0.160156250 0.058593750 0.417968750 0.476562500 0.273437500 0.210937500 0.246093750 0.160156250 0.167968750 0.187500000 0.054687500 0.113281250 0.042968750 0.187500000 0.117187500 0.039062500 0.082031250 0.089843750 0.113281250 0.097656250 0.140625000 0.105468750 0.042968750 0.015625000 0.070312500 0.093750000 0.078125000 0.042968750 0.078125000 0.082031250 0.160156250 0.035156250 0.074218750 0.062500000 0.031250000 0.066406250 0.070312500 0.093750000 0.042968750 0.085937500 0.089843750 0.078125000 0.140625000 0.007812500 0.074218750 0.011718750 0.070312500 0.054687500 0.125000000 0.089843750 0.019531250 0.074218750 0.082031250 0.140625000 0.031250000 0.042968750 0.058593750 0.042968750 0.093750000 0.042968750 0.015625000 0.066406250 0.023437500 0.054687500 0.046875000 0.023437500 0.031250000 0.011718750 0.050781250 0.000000000 0.031250000 0.062500000 0.031250000 0.046875000 0.031250000 0.027343750 0.027343750 0.019531250 0.046875000 0.031250000 0.011718750 0.031250000 0.027343750 0.023437500 0.003906250 0.023437500 0.007812500 0.019531250 0.039062500 0.035156250 0.015625000 0.019531250 0.039062500 0.011718750 0.070312500 0.054687500 0.066406250 0.066406250 0.015625000 0.074218750 0.046875000 0.101562500 0.015625000 0.027343750 0.054687500 0.015625000 0.007812500 0.050781250 0.015625000 0.050781250 0.027343750 0.058593750 0.031250000 0.011718750 0.035156250 0.035156250 0.066406250 0.019531250 0.031250000 0.046875000 0.066406250 0.019531250 0.019531250 0.039062500 0.046875000 0.019531250 0.039062500 0.015625000 0.035156250 0.054687500 0.027343750 0.050781250 0.058593750 0.050781250 0.027343750 0.011718750 0.035156250 0.058593750 0.011718750 0.027343750 0.039062500 0.035156250 0.035156250 0.042968750 0.007812500 0.039062500 0.015625000 0.023437500 0.027343750 0.019531250 0.015625000 0.023437500 0.046875000 0.039062500 0.015625000 0.031250000 0.015625000 0.031250000 0.007812500 0.039062500 0.027343750 0.015625000 0.035156250 0.015625000 0.023437500 0.027343750 0.015625000 0.023437500 0.050781250 0.035156250 0.011718750 0.019531250 0.019531250 0.003906250 0.023437500 0.019531250 0.015625000 0.035156250 0.023437500 0.011718750 0.023437500 0.046875000 0.042968750 0.019531250 0.035156250 0.031250000 0.031250000 0.027343750 0.031250000 0.015625000 0.035156250 0.023437500 0.023437500 0.015625000 0.042968750 0.035156250 0.019531250 0.011718750 0.023437500 0.027343750 0.011718750 0.027343750 0.019531250 0.031250000 0.023437500 0.015625000 0.027343750 0.035156250 0.023437500 0.042968750 0.023437500 0.023437500 0.015625000 0.027343750 0.015625000 0.027343750 0.027343750 0.035156250 0.011718750 0.011718750 0.031250000 0.023437500 0.007812500 0.015625000 0.019531250 0.015625000 0.035156250 
0.933593750 0.281250000 0.578125000 1.113281250 3.812500000 6.578125000 1.996093750 1.652343750 2.269531250 7.472656250 4.273437500 2.878906250 1.789062500 1.628906250 1.562500000 0.984375000 1.187500000 1.183593750 1.097656250 1.839843750 1.550781250 1.250000000 1.179687500 1.886718750 0.386718750 0.367187500 0.277343750 0.285156250 0.722656250 0.089843750 0.183593750 0.218750000 0.644531250 0.312500000 0.152343750 0.156250000 0.207031250 0.292968750 0.128906250 0.058593750 0.050781250 0.035156250 0.097656250 0.132812500 0.117187500 0.144531250 0.125000000 0.082031250 0.179687500 0.089843750 0.132812500 0.144531250 0.082031250 0.121093750 0.152343750 0.105468750 0.128906250 0.085937500 0.175781250 0.019531250 0.132812500 0.132812500 0.027343750 0.085937500 0.039062500 0.054687500 0.078125000 0.167968750 0.011718750 0.019531250 0.199218750 0.062500000 0.156250000 0.046875000 0.089843750 0.042968750 0.058593750 0.082031250 0.160156250 0.105468750 0.054687500 0.074218750 0.007812500 0.027343750 0.113281250 0.050781250 0.019531250 0.035156250 0.078125000 0.000000000 0.050781250 0.050781250 0.058593750 0.027343750 0.089843750 0.027343750 0.046875000 0.039062500 0.027343750 0.058593750 0.019531250 0.062500000 0.085937500 0.074218750 0.019531250 0.035156250 0.039062500 0.062500000 0.066406250 0.027343750 0.023437500 0.023437500 0.039062500 0.015625000 0.015625000 0.027343750 0.023437500 0.035156250 0.070312500 0.066406250 0.046875000 0.046875000 0.019531250 0.031250000 0.089843750 0.039062500 0.046875000 0.058593750 0.039062500 0.058593750 0.101562500 0.062500000 0.007812500 0.007812500 0.027343750 0.031250000 0.042968750 0.042968750 0.042968750 0.039062500 0.027343750 0.042968750 0.007812500 0.015625000 0.019531250 0.039062500 0.058593750 0.027343750 0.042968750 0.027343750 0.015625000 0.039062500 0.011718750 0.019531250 0.027343750 0.035156250 0.042968750 0.027343750 0.035156250 0.082031250 0.039062500 0.046875000 0.070312500 0.039062500 0.015625000 0.027343750 0.011718750 0.031250000 0.011718750 0.039062500 0.019531250 0.035156250 0.054687500 0.042968750 0.007812500 0.035156250 0.039062500 0.031250000 0.023437500 0.046875000 0.019531250 0.011718750 0.031250000 0.019531250 0.019531250 0.031250000 0.050781250 0.011718750 0.027343750 0.011718750 0.066406250 0.062500000 0.035156250 0.039062500 0.042968750 0.023437500 0.031250000 0.046875000 0.035156250 0.023437500 0.039062500 0.019531250 0.023437500 0.007812500 0.019531250 0.003906250 0.015625000 0.019531250 0.035156250 0.035156250 0.023437500 0.011718750 0.066406250 0.019531250 0.019531250 0.023437500 0.019531250 0.027343750 0.015625000 0.023437500 0.039062500 0.019531250 0.027343750 0.035156250 0.039062500 0.035156250 0.011718750 0.023437500 0.042968750 0.050781250 0.031250000 0.023437500 0.019531250 0.035156250 0.046875000 0.011718750 0.011718750 0.054687500 0.015625000 0.042968750 0.050781250 0.027343750 0.019531250 0.011718750 0.027343750 0.031250000 0.042968750 0.046875000 0.019531250 0.039062500 0.035156250 0.015625000 0.019531250 0.015625000 0.039062500 0.019531250 0.011718750 
0.878906250 0.425781250 0.695312500 1.574218750 4.363281250 6.617187500 2.140625000 0.941406250 2.882812500 7.089843750 7.421875000 1.015625000 1.816406250 0.648437500 1.445312500 1.707031250 1.261718750 2.218750000 3.863281250 5.171875000 3.179687500 0.742187500 2.093750000 2.144531250 0.421875000 0.390625000 0.273437500 1.089843750 1.226562500 0.839843750 0.500000000 0.468750000 0.527343750 0.136718750 0.398437500 0.339843750 0.476562500 0.234375000 0.148437500 0.261718750 0.109375000 0.230468750 0.113281250 0.175781250 0.332031250 0.234375000 0.140625000 0.109375000 0.082031250 0.191406250 0.269531250 0.140625000 0.164062500 0.218750000 0.085937500 0.222656250 0.125000000 0.156250000 0.105468750 0.113281250 0.289062500 0.171875000 0.136718750 0.207031250 0.148437500 0.089843750 0.128906250 0.144531250 0.089843750 0.140625000 0.113281250 0.187500000 0.214843750 0.148437500 0.109375000 0.128906250 0.156250000 0.183593750 0.171875000 0.132812500 0.160156250 0.117187500 0.113281250 0.152343750 0.148437500 0.128906250 0.101562500 0.125000000 0.117187500 0.132812500 0.089843750 0.101562500 0.113281250 0.101562500 0.152343750 0.101562500 0.101562500 0.101562500 0.042968750 0.066406250 0.070312500 0.109375000 0.093750000 0.109375000 0.070312500 0.113281250 0.109375000 0.109375000 0.015625000 0.105468750 0.109375000 0.089843750 0.070312500 0.089843750 0.089843750 0.078125000 0.085937500 0.078125000 0.070312500 0.062500000 0.054687500 0.078125000 0.074218750 0.082031250 0.074218750 0.101562500 0.058593750 0.097656250 0.109375000 0.031250000 0.105468750 0.093750000 0.105468750 0.082031250 0.085937500 0.074218750 0.074218750 0.070312500 0.128906250 0.074218750 0.058593750 0.039062500 0.050781250 0.089843750 0.089843750 0.062500000 0.066406250 0.085937500 0.050781250 0.097656250 0.085937500 0.046875000 0.046875000 0.082031250 0.093750000 0.089843750 0.066406250 0.078125000 0.031250000 0.082031250 0.085937500 0.066406250 0.082031250 0.054687500 0.066406250 0.070312500 0.085937500 0.058593750 0.066406250 0.105468750 0.070312500 0.066406250 0.058593750 0.046875000 0.078125000 0.062500000 0.066406250 0.089843750 0.023437500 0.039062500 0.089843750 0.062500000 0.039062500 0.074218750 0.066406250 0.046875000 0.070312500 0.054687500 0.085937500 0.046875000 0.101562500 0.101562500 0.085937500 0.109375000 0.046875000 0.105468750 0.078125000 0.093750000 0.101562500 0.058593750 0.062500000 0.062500000 0.054687500 0.042968750 0.054687500 0.093750000 0.042968750 0.050781250 0.046875000 0.089843750 0.078125000 0.109375000 0.097656250 0.066406250 0.054687500 0.054687500 0.058593750 0.078125000 0.058593750 0.042968750 0.058593750 0.078125000 0.078125000 0.109375000 0.070312500 0.082031250 0.042968750 0.070312500 0.035156250 0.054687500 0.058593750 0.078125000 0.050781250 0.058593750 0.066406250 0.054687500 0.082031250 0.066406250 0.039062500 0.039062500 0.035156250 0.074218750 0.082031250 0.085937500 0.035156250 0.054687500 0.085937500 0.066406250 0.066406250 0.066406250 0.042968750 0.046875000 0.062500000 0.058593750 0.078125000 0.050781250 0.089843750 
1.382812500 0.957031250 1.320312500 1.781250000 4.734375000 6.738281250 2.519531250 2.546875000 2.234375000 9.347656250 5.445312500 2.480468750 1.023437500 0.675781250 1.835937500 0.875000000 0.875000000 1.171875000 6.671875000 8.515625000 0.703125000 0.527343750 1.312500000 3.406250000 1.375000000 0.714843750 0.937500000 2.156250000 1.742187500 0.515625000 0.398437500 0.417968750 1.136718750 0.636718750 0.347656250 0.363281250 0.917968750 0.046875000 0.050781250 0.132812500 0.125000000 0.171875000 0.136718750 0.089843750 0.214843750 0.109375000 0.140625000 0.105468750 0.191406250 0.171875000 0.167968750 0.144531250 0.105468750 0.140625000 0.246093750 0.109375000 0.109375000 0.046875000 0.074218750 0.164062500 0.246093750 0.160156250 0.171875000 0.199218750 0.132812500 0.125000000 0.183593750 0.175781250 0.152343750 0.101562500 0.070312500 0.031250000 0.097656250 0.066406250 0.062500000 0.109375000 0.171875000 0.082031250 0.167968750 0.023437500 0.074218750 0.093750000 0.046875000 0.066406250 0.058593750 0.109375000 0.082031250 0.089843750 0.089843750 0.121093750 0.097656250 0.066406250 0.101562500 0.101562500 0.054687500 0.046875000 0.066406250 0.105468750 0.050781250 0.074218750 0.058593750 0.078125000 0.050781250 0.070312500 0.058593750 0.085937500 0.070312500 0.113281250 0.093750000 0.035156250 0.093750000 0.082031250 0.078125000 0.089843750 0.078125000 0.027343750 0.054687500 0.074218750 0.031250000 0.011718750 0.019531250 0.074218750 0.027343750 0.078125000 0.062500000 0.054687500 0.011718750 0.074218750 0.035156250 0.046875000 0.015625000 0.097656250 0.035156250 0.031250000 0.062500000 0.050781250 0.031250000 0.078125000 0.031250000 0.035156250 0.011718750 0.074218750 0.007812500 0.066406250 0.035156250 0.039062500 0.054687500 0.062500000 0.035156250 0.042968750 0.035156250 0.070312500 0.050781250 0.078125000 0.042968750 0.042968750 0.019531250 0.011718750 0.035156250 0.058593750 0.054687500 0.050781250 0.027343750 0.074218750 0.039062500 0.027343750 0.031250000 0.054687500 0.054687500 0.039062500 0.074218750 0.050781250 0.023437500 0.062500000 0.058593750 0.035156250 0.042968750 0.089843750 0.035156250 0.058593750 0.039062500 0.050781250 0.035156250 0.007812500 0.023437500 0.007812500 0.050781250 0.078125000 0.101562500 0.078125000 0.074218750 0.074218750 0.082031250 0.085937500 0.042968750 0.019531250 0.039062500 0.062500000 0.000000000 0.046875000 0.058593750 0.031250000 0.050781250 0.046875000 0.070312500 0.007812500 0.031250000 0.042968750 0.054687500 0.039062500 0.054687500 0.019531250 0.031250000 0.046875000 0.027343750 0.074218750 0.042968750 0.039062500 0.058593750 0.007812500 0.042968750 0.011718750 0.035156250 0.070312500 0.023437500 0.074218750 0.035156250 0.035156250 0.054687500 0.046875000 0.070312500 0.035156250 0.019531250 0.039062500 0.054687500 0.039062500 0.050781250 0.019531250 0.035156250 0.042968750 0.054687500 0.035156250 0.066406250 0.019531250 0.050781250 0.070312500 0.042968750 0.035156250 0.042968750 0.023437500 0.070312500 0.050781250 0.046875000 0.035156250 0.058593750 0.031250000 0.000000000 
0.265625000 0.539062500 0.960937500 1.640625000 5.003906250 7.296875000 2.554687500 1.710937500 1.746093750 8.953125000 2.882812500 1.273437500 1.089843750 1.429687500 1.500000000 0.976562500 1.261718750 2.703125000 9.351562500 8.023437500 3.351562500 1.941406250 1.691406250 4.140625000 0.414062500 0.207031250 0.394531250 1.464843750 2.660156250 0.820312500 0.652343750 0.429687500 1.117187500 0.656250000 0.390625000 0.328125000 0.785156250 0.410156250 0.183593750 0.066406250 0.238281250 0.285156250 0.296875000 0.125000000 0.109375000 0.296875000 0.148437500 0.140625000 0.175781250 0.167968750 0.035156250 0.171875000 0.109375000 0.105468750 0.148437500 0.175781250 0.109375000 0.109375000 0.093750000 0.191406250 0.207031250 0.164062500 0.085937500 0.148437500 0.109375000 0.125000000 0.097656250 0.093750000 0.312500000 0.046875000 0.074218750 0.117187500 0.082031250 0.093750000 0.136718750 0.140625000 0.128906250 0.308593750 0.070312500 0.074218750 0.042968750 0.082031250 0.050781250 0.105468750 0.058593750 0.085937500 0.062500000 0.011718750 0.074218750 0.046875000 0.085937500 0.093750000 0.082031250 0.039062500 0.023437500 0.085937500 0.093750000 0.050781250 0.042968750 0.054687500 0.062500000 0.035156250 0.078125000 0.039062500 0.062500000 0.066406250 0.097656250 0.128906250 0.078125000 0.136718750 0.113281250 0.078125000 0.031250000 0.074218750 0.070312500 0.066406250 0.058593750 0.035156250 0.062500000 0.066406250 0.019531250 0.035156250 0.078125000 0.066406250 0.066406250 0.042968750 0.039062500 0.078125000 0.062500000 0.085937500 0.062500000 0.023437500 0.078125000 0.035156250 0.035156250 0.054687500 0.023437500 0.074218750 0.050781250 0.054687500 0.066406250 0.019531250 0.039062500 0.054687500 0.058593750 0.054687500 0.062500000 0.035156250 0.070312500 0.046875000 0.050781250 0.011718750 0.054687500 0.042968750 0.082031250 0.046875000 0.039062500 0.062500000 0.023437500 0.085937500 0.042968750 0.066406250 0.031250000 0.046875000 0.082031250 0.031250000 0.039062500 0.019531250 0.062500000 0.046875000 0.023437500 0.050781250 0.039062500 0.011718750 0.035156250 0.035156250 0.054687500 0.039062500 0.011718750 0.035156250 0.035156250 0.066406250 0.015625000 0.070312500 0.042968750 0.011718750 0.015625000 0.179687500 0.136718750 0.105468750 0.058593750 0.078125000 0.023437500 0.066406250 0.019531250 0.054687500 0.019531250 0.070312500 0.054687500 0.019531250 0.019531250 0.078125000 0.050781250 0.046875000 0.027343750 0.089843750 0.054687500 0.039062500 0.039062500 0.031250000 0.085937500 0.042968750 0.019531250 0.042968750 0.050781250 0.039062500 0.050781250 0.031250000 0.031250000 0.035156250 0.035156250 0.046875000 0.015625000 0.035156250 0.070312500 0.089843750 0.058593750 0.074218750 0.027343750 0.039062500 0.019531250 0.023437500 0.039062500 0.074218750 0.039062500 0.031250000 0.015625000 0.062500000 0.011718750 0.035156250 0.011718750 0.003906250 0.062500000 0.074218750 0.031250000 0.062500000 0.011718750 0.023437500 0.023437500 0.070312500 0.027343750 0.050781250 0.031250000 0.046875000 0.027343750 0.031250000 0.078125000 
1.062500000 1.050781250 1.375000000 2.050781250 5.605468750 7.343750000 2.164062500 1.675781250 1.910156250 8.093750000 1.835937500 0.632812500 0.558593750 0.464843750 0.417968750 0.660156250 1.183593750 2.300781250 10.804687500 6.035156250 2.445312500 2.187500000 1.894531250 4.242187500 0.628906250 0.289062500 0.390625000 1.375000000 2.976562500 0.820312500 0.679687500 0.277343750 1.847656250 0.855468750 0.687500000 0.660156250 0.878906250 0.671875000 0.480468750 0.515625000 0.320312500 0.609375000 0.390625000 0.464843750 0.238281250 0.359375000 0.417968750 0.312500000 0.281250000 0.273437500 0.324218750 0.289062500 0.246093750 0.195312500 0.265625000 0.242187500 0.238281250 0.253906250 0.250000000 0.375000000 0.214843750 0.269531250 0.238281250 0.226562500 0.167968750 0.207031250 0.183593750 0.128906250 0.125000000 0.292968750 0.210937500 0.179687500 0.175781250 0.144531250 0.250000000 0.195312500 0.230468750 0.246093750 0.289062500 0.296875000 0.171875000 0.121093750 0.160156250 0.246093750 0.160156250 0.128906250 0.156250000 0.132812500 0.117187500 0.152343750 0.203125000 0.152343750 0.203125000 0.148437500 0.164062500 0.070312500 0.160156250 0.167968750 0.136718750 0.144531250 0.132812500 0.156250000 0.136718750 0.140625000 0.125000000 0.121093750 0.160156250 0.128906250 0.140625000 0.171875000 0.046875000 0.167968750 0.085937500 0.109375000 0.191406250 0.140625000 0.089843750 0.125000000 0.109375000 0.082031250 0.132812500 0.148437500 0.167968750 0.125000000 0.125000000 0.144531250 0.105468750 0.085937500 0.105468750 0.113281250 0.070312500 0.078125000 0.097656250 0.128906250 0.109375000 0.113281250 0.125000000 0.128906250 0.113281250 0.113281250 0.097656250 0.097656250 0.113281250 0.101562500 0.105468750 0.097656250 0.125000000 0.066406250 0.066406250 0.082031250 0.105468750 0.093750000 0.117187500 0.097656250 0.117187500 0.085937500 0.066406250 0.125000000 0.121093750 0.070312500 0.085937500 0.078125000 0.085937500 0.093750000 0.078125000 0.117187500 0.082031250 0.082031250 0.093750000 0.121093750 0.082031250 0.070312500 0.101562500 0.082031250 0.097656250 0.074218750 0.109375000 0.089843750 0.089843750 0.078125000 0.140625000 0.156250000 0.148437500 0.140625000 0.066406250 0.058593750 0.023437500 0.242187500 0.121093750 0.140625000 0.199218750 0.183593750 0.070312500 0.105468750 0.128906250 0.074218750 0.062500000 0.035156250 0.082031250 0.078125000 0.078125000 0.046875000 0.082031250 0.058593750 0.027343750 0.066406250 0.074218750 0.085937500 0.105468750 0.085937500 0.066406250 0.062500000 0.074218750 0.070312500 0.062500000 0.097656250 0.078125000 0.078125000 0.082031250 0.074218750 0.078125000 0.070312500 0.105468750 0.062500000 0.074218750 0.078125000 0.066406250 0.109375000 0.062500000 0.062500000 0.054687500 0.101562500 0.113281250 0.121093750 0.054687500 0.062500000 0.085937500 0.085937500 0.082031250 0.085937500 0.066406250 0.093750000 0.058593750 0.082031250 0.046875000 0.050781250 0.058593750 0.078125000 0.089843750 0.062500000 0.062500000 0.031250000 0.070312500 0.070312500 0.074218750 0.054687500 0.109375000 
2.234375000 2.117187500 2.277343750 3.101562500 6.746093750 6.437500000 1.527343750 0.898437500 1.605468750 5.425781250 0.843750000 0.281250000 0.207031250 0.125000000 1.488281250 1.230468750 1.699218750 2.800781250 12.113281250 4.289062500 2.277343750 0.785156250 0.089843750 6.378906250 1.132812500 0.906250000 0.703125000 1.683593750 2.746093750 1.160156250 0.554687500 0.746093750 3.097656250 0.476562500 0.566406250 0.484375000 0.906250000 0.207031250 0.050781250 0.167968750 0.312500000 0.597656250 0.039062500 0.113281250 0.070312500 0.128906250 0.042968750 0.105468750 0.070312500 0.148437500 0.296875000 0.054687500 0.117187500 0.101562500 0.148437500 0.128906250 0.125000000 0.121093750 0.140625000 0.371093750 0.050781250 0.046875000 0.089843750 0.070312500 0.132812500 0.035156250 0.117187500 0.117187500 0.101562500 0.125000000 0.027343750 0.066406250 0.089843750 0.207031250 0.039062500 0.050781250 0.058593750 0.160156250 0.226562500 0.109375000 0.003906250 0.074218750 0.046875000 0.050781250 0.035156250 0.039062500 0.039062500 0.089843750 0.031250000 0.046875000 0.035156250 0.019531250 0.074218750 0.035156250 0.062500000 0.039062500 0.007812500 0.023437500 0.027343750 0.027343750 0.046875000 0.066406250 0.042968750 0.015625000 0.035156250 0.046875000 0.066406250 0.031250000 0.027343750 0.097656250 0.128906250 0.144531250 0.042968750 0.042968750 0.097656250 0.023437500 0.050781250 0.054687500 0.046875000 0.070312500 0.058593750 0.050781250 0.062500000 0.121093750 0.046875000 0.011718750 0.074218750 0.015625000 0.011718750 0.085937500 0.027343750 0.019531250 0.023437500 0.078125000 0.046875000 0.027343750 0.019531250 0.023437500 0.019531250 0.035156250 0.023437500 0.023437500 0.042968750 0.035156250 0.011718750 0.035156250 0.054687500 0.011718750 0.039062500 0.023437500 0.019531250 0.023437500 0.046875000 0.042968750 0.070312500 0.023437500 0.035156250 0.027343750 0.031250000 0.027343750 0.019531250 0.066406250 0.042968750 0.027343750 0.019531250 0.042968750 0.015625000 0.015625000 0.031250000 0.046875000 0.039062500 0.007812500 0.050781250 0.046875000 0.058593750 0.007812500 0.011718750 0.062500000 0.078125000 0.015625000 0.070312500 0.031250000 0.167968750 0.222656250 0.070312500 0.074218750 0.101562500 0.148437500 0.226562500 0.062500000 0.089843750 0.101562500 0.078125000 0.117187500 0.054687500 0.074218750 0.070312500 0.039062500 0.007812500 0.011718750 0.042968750 0.074218750 0.093750000 0.062500000 0.050781250 0.050781250 0.062500000 0.023437500 0.027343750 0.046875000 0.062500000 0.058593750 0.023437500 0.027343750 0.039062500 0.011718750 0.050781250 0.035156250 0.042968750 0.027343750 0.015625000 0.027343750 0.058593750 0.015625000 0.019531250 0.058593750 0.042968750 0.042968750 0.027343750 0.058593750 0.046875000 0.042968750 0.035156250 0.039062500 0.046875000 0.015625000 0.019531250 0.039062500 0.011718750 0.035156250 0.019531250 0.019531250 0.019531250 0.007812500 0.027343750 0.019531250 0.023437500 0.011718750 0.042968750 0.035156250 0.019531250 0.011718750 0.035156250 0.042968750 0.042968750 0.007812500 0.023437500 
0.570312500 1.210937500 1.359375000 2.199218750 5.636718750 8.031250000 2.828125000 2.000000000 2.246093750 5.531250000 0.761718750 0.546875000 0.902343750 1.250000000 0.234375000 0.851562500 1.500000000 2.597656250 11.828125000 5.570312500 2.339843750 1.617187500 1.894531250 5.886718750 0.710937500 0.714843750 0.894531250 1.910156250 2.003906250 0.386718750 0.312500000 0.375000000 2.894531250 0.351562500 0.339843750 0.238281250 0.531250000 0.578125000 0.187500000 0.160156250 0.109375000 0.492187500 0.160156250 0.023437500 0.074218750 0.046875000 0.070312500 0.050781250 0.207031250 0.113281250 0.320312500 0.140625000 0.027343750 0.046875000 0.062500000 0.054687500 0.082031250 0.070312500 0.089843750 0.253906250 0.132812500 0.097656250 0.046875000 0.050781250 0.085937500 0.039062500 0.066406250 0.039062500 0.078125000 0.097656250 0.085937500 0.066406250 0.066406250 0.128906250 0.085937500 0.042968750 0.089843750 0.101562500 0.218750000 0.136718750 0.089843750 0.117187500 0.046875000 0.074218750 0.031250000 0.011718750 0.035156250 0.035156250 0.074218750 0.050781250 0.054687500 0.015625000 0.035156250 0.046875000 0.019531250 0.023437500 0.011718750 0.039062500 0.039062500 0.058593750 0.042968750 0.046875000 0.011718750 0.042968750 0.039062500 0.031250000 0.058593750 0.042968750 0.070312500 0.160156250 0.132812500 0.046875000 0.050781250 0.035156250 0.082031250 0.023437500 0.011718750 0.015625000 0.035156250 0.023437500 0.027343750 0.031250000 0.050781250 0.113281250 0.039062500 0.007812500 0.054687500 0.019531250 0.035156250 0.062500000 0.011718750 0.019531250 0.042968750 0.054687500 0.011718750 0.027343750 0.007812500 0.015625000 0.019531250 0.007812500 0.015625000 0.046875000 0.027343750 0.042968750 0.015625000 0.007812500 0.031250000 0.027343750 0.015625000 0.007812500 0.003906250 0.054687500 0.027343750 0.015625000 0.031250000 0.019531250 0.019531250 0.011718750 0.015625000 0.031250000 0.023437500 0.035156250 0.031250000 0.031250000 0.023437500 0.011718750 0.007812500 0.031250000 0.011718750 0.042968750 0.019531250 0.011718750 0.031250000 0.007812500 0.070312500 0.039062500 0.042968750 0.023437500 0.160156250 0.101562500 0.082031250 0.101562500 0.128906250 0.269531250 0.019531250 0.070312500 0.062500000 0.031250000 0.140625000 0.156250000 0.109375000 0.011718750 0.152343750 0.097656250 0.027343750 0.035156250 0.050781250 0.074218750 0.031250000 0.019531250 0.015625000 0.066406250 0.066406250 0.054687500 0.042968750 0.054687500 0.070312500 0.023437500 0.070312500 0.011718750 0.031250000 0.042968750 0.007812500 0.003906250 0.019531250 0.027343750 0.023437500 0.023437500 0.019531250 0.035156250 0.003906250 0.027343750 0.027343750 0.015625000 0.023437500 0.031250000 0.011718750 0.015625000 0.039062500 0.050781250 0.031250000 0.050781250 0.042968750 0.050781250 0.023437500 0.019531250 0.031250000 0.015625000 0.007812500 0.035156250 0.015625000 0.023437500 0.027343750 0.035156250 0.019531250 0.023437500 0.011718750 0.023437500 0.003906250 0.007812500 0.011718750 0.015625000 0.015625000 0.035156250 0.015625000 0.035156250 0.000000000 
0.648437500 0.343750000 0.937500000 1.742187500 5.625000000 8.695312500 2.679687500 1.613281250 1.503906250 4.058593750 1.242187500 1.093750000 1.160156250 1.015625000 2.222656250 1.707031250 2.058593750 3.480468750 12.589843750 5.535156250 1.675781250 1.054687500 0.746093750 7.250000000 1.457031250 1.246093750 1.242187500 2.476562500 1.265625000 0.570312500 0.250000000 0.519531250 3.656250000 0.339843750 0.156250000 0.171875000 0.468750000 0.585937500 0.089843750 0.183593750 0.171875000 0.597656250 0.015625000 0.027343750 0.078125000 0.007812500 0.039062500 0.089843750 0.097656250 0.039062500 0.375000000 0.183593750 0.093750000 0.042968750 0.023437500 0.039062500 0.035156250 0.042968750 0.121093750 0.160156250 0.261718750 0.128906250 0.085937500 0.062500000 0.093750000 0.035156250 0.007812500 0.066406250 0.082031250 0.132812500 0.011718750 0.101562500 0.125000000 0.164062500 0.031250000 0.023437500 0.042968750 0.101562500 0.269531250 0.082031250 0.039062500 0.105468750 0.105468750 0.031250000 0.039062500 0.042968750 0.031250000 0.003906250 0.050781250 0.058593750 0.070312500 0.046875000 0.050781250 0.023437500 0.015625000 0.023437500 0.039062500 0.027343750 0.042968750 0.050781250 0.042968750 0.015625000 0.054687500 0.039062500 0.019531250 0.074218750 0.035156250 0.050781250 0.054687500 0.125000000 0.265625000 0.070312500 0.003906250 0.027343750 0.031250000 0.054687500 0.023437500 0.046875000 0.031250000 0.062500000 0.015625000 0.023437500 0.011718750 0.046875000 0.113281250 0.050781250 0.031250000 0.062500000 0.066406250 0.042968750 0.023437500 0.019531250 0.015625000 0.074218750 0.050781250 0.062500000 0.019531250 0.019531250 0.042968750 0.039062500 0.042968750 0.058593750 0.011718750 0.062500000 0.019531250 0.031250000 0.007812500 0.015625000 0.019531250 0.039062500 0.027343750 0.039062500 0.019531250 0.027343750 0.050781250 0.023437500 0.023437500 0.027343750 0.050781250 0.015625000 0.054687500 0.031250000 0.015625000 0.015625000 0.031250000 0.003906250 0.019531250 0.046875000 0.007812500 0.062500000 0.023437500 0.035156250 0.039062500 0.027343750 0.097656250 0.054687500 0.105468750 0.156250000 0.300781250 0.246093750 0.070312500 0.058593750 0.050781250 0.292968750 0.058593750 0.046875000 0.207031250 0.144531250 0.105468750 0.042968750 0.070312500 0.101562500 0.109375000 0.128906250 0.062500000 0.039062500 0.046875000 0.042968750 0.062500000 0.050781250 0.019531250 0.070312500 0.085937500 0.074218750 0.042968750 0.023437500 0.085937500 0.066406250 0.035156250 0.046875000 0.050781250 0.054687500 0.031250000 0.046875000 0.039062500 0.062500000 0.058593750 0.027343750 0.015625000 0.062500000 0.023437500 0.027343750 0.027343750 0.031250000 0.027343750 0.035156250 0.003906250 0.023437500 0.054687500 0.062500000 0.011718750 0.058593750 0.039062500 0.035156250 0.031250000 0.011718750 0.027343750 0.027343750 0.039062500 0.035156250 0.019531250 0.015625000 0.050781250 0.031250000 0.023437500 0.015625000 0.019531250 0.023437500 0.023437500 0.027343750 0.011718750 0.031250000 0.015625000 0.027343750 0.015625000 0.035156250 0.007812500 
0.660156250 0.300781250 0.921875000 1.816406250 6.250000000 8.589843750 2.453125000 1.457031250 1.277343750 6.050781250 1.363281250 0.593750000 0.464843750 0.746093750 1.175781250 0.589843750 1.250000000 2.171875000 11.488281250 6.539062500 2.820312500 1.636718750 2.804687500 8.410156250 1.582031250 1.132812500 1.476562500 2.726562500 1.554687500 0.480468750 1.050781250 1.101562500 4.070312500 0.761718750 1.179687500 1.070312500 0.484375000 0.445312500 0.378906250 0.484375000 0.558593750 0.625000000 0.410156250 0.437500000 0.367187500 0.363281250 0.378906250 0.363281250 0.398437500 0.425781250 0.605468750 0.238281250 0.304687500 0.230468750 0.250000000 0.289062500 0.246093750 0.195312500 0.273437500 0.062500000 0.488281250 0.328125000 0.335937500 0.289062500 0.296875000 0.269531250 0.246093750 0.203125000 0.316406250 0.203125000 0.226562500 0.167968750 0.187500000 0.250000000 0.171875000 0.152343750 0.191406250 0.156250000 0.417968750 0.214843750 0.250000000 0.281250000 0.214843750 0.167968750 0.222656250 0.210937500 0.171875000 0.210937500 0.187500000 0.195312500 0.144531250 0.187500000 0.175781250 0.171875000 0.160156250 0.175781250 0.210937500 0.179687500 0.203125000 0.152343750 0.183593750 0.156250000 0.152343750 0.171875000 0.121093750 0.144531250 0.136718750 0.167968750 0.191406250 0.328125000 0.117187500 0.132812500 0.113281250 0.101562500 0.109375000 0.171875000 0.144531250 0.171875000 0.140625000 0.175781250 0.101562500 0.140625000 0.152343750 0.117187500 0.183593750 0.156250000 0.164062500 0.152343750 0.128906250 0.109375000 0.156250000 0.121093750 0.109375000 0.171875000 0.132812500 0.093750000 0.117187500 0.117187500 0.128906250 0.136718750 0.109375000 0.125000000 0.140625000 0.167968750 0.109375000 0.136718750 0.128906250 0.097656250 0.085937500 0.117187500 0.128906250 0.117187500 0.105468750 0.121093750 0.101562500 0.156250000 0.125000000 0.105468750 0.121093750 0.109375000 0.082031250 0.109375000 0.097656250 0.109375000 0.113281250 0.078125000 0.105468750 0.085937500 0.101562500 0.140625000 0.097656250 0.121093750 0.113281250 0.066406250 0.183593750 0.179687500 0.171875000 0.214843750 0.515625000 0.183593750 0.101562500 0.062500000 0.101562500 0.351562500 0.226562500 0.148437500 0.160156250 0.101562500 0.339843750 0.218750000 0.046875000 0.105468750 0.136718750 0.191406250 0.007812500 0.113281250 0.097656250 0.046875000 0.066406250 0.128906250 0.078125000 0.144531250 0.031250000 0.136718750 0.070312500 0.078125000 0.144531250 0.105468750 0.113281250 0.074218750 0.066406250 0.136718750 0.085937500 0.113281250 0.085937500 0.101562500 0.125000000 0.105468750 0.113281250 0.105468750 0.066406250 0.089843750 0.078125000 0.085937500 0.078125000 0.105468750 0.066406250 0.046875000 0.109375000 0.078125000 0.121093750 0.042968750 0.132812500 0.113281250 0.117187500 0.093750000 0.113281250 0.085937500 0.093750000 0.058593750 0.113281250 0.078125000 0.097656250 0.136718750 0.105468750 0.109375000 0.093750000 0.093750000 0.082031250 0.078125000 0.113281250 0.113281250 0.093750000 0.093750000 0.093750000 0.105468750 0.097656250 
0.437500000 0.839843750 1.218750000 2.082031250 6.070312500 8.738281250 2.824218750 1.605468750 1.648437500 6.570312500 1.335937500 0.882812500 0.660156250 0.398437500 2.394531250 1.304687500 2.140625000 3.117187500 11.449218750 6.605468750 3.554687500 1.582031250 2.218750000 8.609375000 1.796875000 1.554687500 1.281250000 2.316406250 2.023437500 0.566406250 0.976562500 0.765625000 5.246093750 0.796875000 0.746093750 0.714843750 0.070312500 0.648437500 0.125000000 0.117187500 0.269531250 0.515625000 0.191406250 0.199218750 0.199218750 0.167968750 0.066406250 0.054687500 0.089843750 0.230468750 0.203125000 0.203125000 0.269531250 0.062500000 0.093750000 0.136718750 0.140625000 0.199218750 0.070312500 0.097656250 0.355468750 0.207031250 0.128906250 0.074218750 0.160156250 0.164062500 0.089843750 0.164062500 0.160156250 0.109375000 0.113281250 0.144531250 0.097656250 0.121093750 0.187500000 0.113281250 0.148437500 0.207031250 0.242187500 0.113281250 0.078125000 0.105468750 0.054687500 0.167968750 0.101562500 0.136718750 0.125000000 0.058593750 0.089843750 0.093750000 0.125000000 0.101562500 0.089843750 0.113281250 0.082031250 0.125000000 0.074218750 0.074218750 0.082031250 0.113281250 0.089843750 0.050781250 0.082031250 0.097656250 0.074218750 0.148437500 0.042968750 0.054687500 0.117187500 0.109375000 0.230468750 0.089843750 0.093750000 0.093750000 0.132812500 0.062500000 0.058593750 0.078125000 0.058593750 0.035156250 0.039062500 0.050781250 0.050781250 0.031250000 0.117187500 0.117187500 0.136718750 0.113281250 0.066406250 0.074218750 0.070312500 0.050781250 0.050781250 0.089843750 0.046875000 0.078125000 0.066406250 0.093750000 0.042968750 0.070312500 0.042968750 0.054687500 0.058593750 0.058593750 0.070312500 0.062500000 0.039062500 0.093750000 0.078125000 0.046875000 0.085937500 0.082031250 0.074218750 0.054687500 0.066406250 0.097656250 0.027343750 0.082031250 0.070312500 0.054687500 0.054687500 0.062500000 0.050781250 0.070312500 0.062500000 0.031250000 0.050781250 0.035156250 0.039062500 0.000000000 0.058593750 0.089843750 0.078125000 0.066406250 0.175781250 0.269531250 0.132812500 0.152343750 0.316406250 0.464843750 0.238281250 0.171875000 0.183593750 0.085937500 0.277343750 0.089843750 0.007812500 0.062500000 0.425781250 0.085937500 0.117187500 0.050781250 0.070312500 0.082031250 0.128906250 0.046875000 0.062500000 0.062500000 0.164062500 0.062500000 0.023437500 0.070312500 0.082031250 0.101562500 0.050781250 0.082031250 0.097656250 0.039062500 0.015625000 0.019531250 0.046875000 0.003906250 0.027343750 0.066406250 0.046875000 0.011718750 0.101562500 0.085937500 0.078125000 0.046875000 0.058593750 0.039062500 0.035156250 0.031250000 0.054687500 0.082031250 0.027343750 0.074218750 0.035156250 0.031250000 0.074218750 0.121093750 0.078125000 0.070312500 0.054687500 0.078125000 0.058593750 0.062500000 0.050781250 0.062500000 0.027343750 0.039062500 0.039062500 0.042968750 0.054687500 0.089843750 0.062500000 0.035156250 0.035156250 0.074218750 0.027343750 0.070312500 0.074218750 0.054687500 0.046875000 0.050781250 0.007812500 
1.042968750 1.074218750 1.390625000 2.191406250 5.808593750 8.734375000 2.808593750 1.785156250 1.503906250 6.156250000 2.910156250 1.761718750 1.734375000 1.734375000 1.496093750 1.765625000 2.324218750 3.898437500 11.699218750 6.800781250 1.507812500 2.117187500 0.667968750 9.468750000 0.367187500 0.324218750 0.792968750 1.777343750 2.359375000 0.406250000 1.234375000 1.199218750 3.835937500 2.957031250 2.164062500 0.136718750 0.500000000 1.207031250 0.570312500 0.734375000 0.382812500 0.363281250 0.578125000 0.371093750 0.363281250 0.304687500 0.296875000 0.195312500 0.332031250 0.300781250 0.398437500 0.082031250 0.066406250 0.292968750 0.148437500 0.253906250 0.140625000 0.109375000 0.058593750 0.175781250 0.300781250 0.144531250 0.136718750 0.132812500 0.117187500 0.113281250 0.136718750 0.140625000 0.117187500 0.179687500 0.085937500 0.082031250 0.105468750 0.054687500 0.195312500 0.109375000 0.078125000 0.109375000 0.347656250 0.066406250 0.070312500 0.121093750 0.097656250 0.148437500 0.105468750 0.093750000 0.132812500 0.058593750 0.050781250 0.093750000 0.121093750 0.082031250 0.070312500 0.125000000 0.109375000 0.082031250 0.078125000 0.085937500 0.128906250 0.082031250 0.046875000 0.097656250 0.078125000 0.101562500 0.082031250 0.136718750 0.023437500 0.132812500 0.082031250 0.121093750 0.152343750 0.070312500 0.078125000 0.050781250 0.011718750 0.082031250 0.035156250 0.054687500 0.039062500 0.023437500 0.023437500 0.023437500 0.085937500 0.074218750 0.121093750 0.121093750 0.066406250 0.093750000 0.042968750 0.027343750 0.066406250 0.039062500 0.050781250 0.035156250 0.027343750 0.050781250 0.027343750 0.054687500 0.046875000 0.050781250 0.046875000 0.050781250 0.046875000 0.050781250 0.046875000 0.085937500 0.066406250 0.078125000 0.027343750 0.070312500 0.054687500 0.042968750 0.023437500 0.054687500 0.019531250 0.058593750 0.078125000 0.042968750 0.015625000 0.089843750 0.054687500 0.050781250 0.031250000 0.054687500 0.031250000 0.070312500 0.082031250 0.035156250 0.050781250 0.070312500 0.066406250 0.082031250 0.046875000 0.097656250 0.125000000 0.355468750 0.191406250 0.257812500 0.332031250 0.394531250 0.210937500 0.078125000 0.019531250 0.117187500 0.308593750 0.136718750 0.105468750 0.062500000 0.281250000 0.144531250 0.144531250 0.062500000 0.167968750 0.125000000 0.121093750 0.046875000 0.011718750 0.117187500 0.179687500 0.054687500 0.062500000 0.062500000 0.027343750 0.042968750 0.023437500 0.078125000 0.050781250 0.117187500 0.011718750 0.054687500 0.027343750 0.011718750 0.070312500 0.058593750 0.035156250 0.035156250 0.031250000 0.078125000 0.062500000 0.027343750 0.023437500 0.035156250 0.019531250 0.019531250 0.031250000 0.023437500 0.066406250 0.058593750 0.066406250 0.046875000 0.062500000 0.042968750 0.070312500 0.097656250 0.054687500 0.023437500 0.054687500 0.054687500 0.050781250 0.031250000 0.039062500 0.023437500 0.023437500 0.027343750 0.078125000 0.031250000 0.054687500 0.027343750 0.066406250 0.046875000 0.011718750 0.019531250 0.050781250 0.027343750 0.054687500 0.039062500 0.011718750 
2.132812500 1.941406250 1.968750000 2.878906250 6.671875000 8.183593750 2.171875000 1.335937500 1.488281250 6.882812500 1.609375000 0.562500000 0.593750000 0.523437500 1.750000000 1.437500000 1.617187500 2.609375000 11.167968750 7.140625000 2.687500000 2.562500000 0.375000000 9.378906250 0.402343750 0.839843750 1.183593750 1.429687500 2.445312500 0.902343750 0.832031250 2.335937500 4.335937500 2.449218750 1.765625000 0.503906250 0.707031250 1.140625000 0.796875000 0.304687500 0.769531250 1.015625000 0.332031250 0.378906250 0.406250000 0.316406250 0.335937500 0.160156250 0.375000000 0.304687500 0.363281250 0.468750000 0.363281250 0.351562500 0.183593750 0.128906250 0.257812500 0.246093750 0.281250000 0.144531250 0.437500000 0.281250000 0.203125000 0.230468750 0.226562500 0.253906250 0.218750000 0.250000000 0.238281250 0.320312500 0.207031250 0.218750000 0.289062500 0.289062500 0.089843750 0.121093750 0.128906250 0.175781250 0.316406250 0.109375000 0.117187500 0.101562500 0.066406250 0.199218750 0.148437500 0.121093750 0.062500000 0.121093750 0.136718750 0.171875000 0.097656250 0.128906250 0.167968750 0.109375000 0.132812500 0.140625000 0.109375000 0.093750000 0.160156250 0.117187500 0.144531250 0.167968750 0.132812500 0.121093750 0.093750000 0.101562500 0.195312500 0.167968750 0.132812500 0.085937500 0.031250000 0.156250000 0.089843750 0.144531250 0.082031250 0.082031250 0.121093750 0.125000000 0.093750000 0.121093750 0.082031250 0.101562500 0.078125000 0.125000000 0.226562500 0.031250000 0.113281250 0.132812500 0.109375000 0.058593750 0.121093750 0.144531250 0.097656250 0.093750000 0.085937500 0.109375000 0.062500000 0.128906250 0.101562500 0.101562500 0.078125000 0.097656250 0.109375000 0.097656250 0.109375000 0.105468750 0.078125000 0.066406250 0.117187500 0.109375000 0.085937500 0.125000000 0.066406250 0.093750000 0.093750000 0.125000000 0.066406250 0.097656250 0.074218750 0.160156250 0.082031250 0.093750000 0.093750000 0.105468750 0.105468750 0.132812500 0.085937500 0.109375000 0.109375000 0.082031250 0.093750000 0.097656250 0.183593750 0.250000000 0.234375000 0.343750000 0.117187500 0.210937500 0.222656250 0.406250000 0.257812500 0.074218750 0.160156250 0.195312500 0.148437500 0.121093750 0.097656250 0.128906250 0.312500000 0.246093750 0.078125000 0.027343750 0.253906250 0.136718750 0.082031250 0.093750000 0.066406250 0.089843750 0.132812500 0.105468750 0.085937500 0.042968750 0.062500000 0.113281250 0.085937500 0.011718750 0.070312500 0.097656250 0.125000000 0.050781250 0.035156250 0.125000000 0.039062500 0.070312500 0.074218750 0.093750000 0.046875000 0.113281250 0.113281250 0.074218750 0.085937500 0.062500000 0.074218750 0.078125000 0.074218750 0.039062500 0.050781250 0.085937500 0.062500000 0.070312500 0.066406250 0.089843750 0.101562500 0.050781250 0.074218750 0.023437500 0.074218750 0.050781250 0.085937500 0.074218750 0.078125000 0.117187500 0.058593750 0.097656250 0.070312500 0.066406250 0.027343750 0.054687500 0.093750000 0.062500000 0.082031250 0.066406250 0.093750000 0.109375000 0.046875000 0.097656250 0.070312500 
1.359375000 2.335937500 2.253906250 3.292968750 7.453125000 7.605468750 1.816406250 0.437500000 1.484375000 6.019531250 1.351562500 0.570312500 0.824218750 0.722656250 1.625000000 1.429687500 1.332031250 3.324218750 12.031250000 5.441406250 3.144531250 2.171875000 0.800781250 11.257812500 1.398437500 0.863281250 1.406250000 1.425781250 2.554687500 1.367187500 1.527343750 1.222656250 5.726562500 0.769531250 2.218750000 0.820312500 0.816406250 1.292968750 0.167968750 0.128906250 0.332031250 0.660156250 0.351562500 0.257812500 0.136718750 0.089843750 0.160156250 0.253906250 0.097656250 0.183593750 0.378906250 0.281250000 0.277343750 0.160156250 0.066406250 0.105468750 0.011718750 0.085937500 0.062500000 0.160156250 0.320312500 0.144531250 0.132812500 0.109375000 0.066406250 0.093750000 0.019531250 0.050781250 0.101562500 0.191406250 0.113281250 0.121093750 0.152343750 0.187500000 0.132812500 0.074218750 0.136718750 0.070312500 0.195312500 0.031250000 0.050781250 0.062500000 0.132812500 0.062500000 0.062500000 0.050781250 0.070312500 0.070312500 0.054687500 0.031250000 0.058593750 0.023437500 0.093750000 0.082031250 0.035156250 0.058593750 0.046875000 0.015625000 0.054687500 0.093750000 0.042968750 0.066406250 0.023437500 0.035156250 0.042968750 0.058593750 0.015625000 0.023437500 0.035156250 0.066406250 0.128906250 0.062500000 0.066406250 0.027343750 0.027343750 0.050781250 0.023437500 0.027343750 0.023437500 0.054687500 0.015625000 0.042968750 0.046875000 0.089843750 0.078125000 0.101562500 0.085937500 0.085937500 0.050781250 0.058593750 0.058593750 0.011718750 0.039062500 0.023437500 0.046875000 0.019531250 0.019531250 0.058593750 0.031250000 0.015625000 0.050781250 0.011718750 0.039062500 0.035156250 0.023437500 0.027343750 0.011718750 0.042968750 0.019531250 0.019531250 0.062500000 0.027343750 0.019531250 0.031250000 0.062500000 0.039062500 0.027343750 0.023437500 0.031250000 0.031250000 0.046875000 0.019531250 0.039062500 0.019531250 0.039062500 0.050781250 0.035156250 0.027343750 0.019531250 0.039062500 0.023437500 0.027343750 0.050781250 0.105468750 0.253906250 0.179687500 0.226562500 0.167968750 0.164062500 0.394531250 0.199218750 0.101562500 0.078125000 0.300781250 0.164062500 0.050781250 0.117187500 0.148437500 0.304687500 0.269531250 0.085937500 0.042968750 0.230468750 0.125000000 0.050781250 0.070312500 0.046875000 0.050781250 0.074218750 0.015625000 0.042968750 0.046875000 0.035156250 0.046875000 0.007812500 0.070312500 0.054687500 0.015625000 0.003906250 0.039062500 0.019531250 0.042968750 0.039062500 0.023437500 0.046875000 0.078125000 0.050781250 0.007812500 0.011718750 0.039062500 0.019531250 0.019531250 0.050781250 0.046875000 0.054687500 0.031250000 0.027343750 0.015625000 0.000000000 0.011718750 0.058593750 0.031250000 0.042968750 0.058593750 0.019531250 0.023437500 0.042968750 0.058593750 0.011718750 0.039062500 0.023437500 0.082031250 0.031250000 0.031250000 0.023437500 0.046875000 0.042968750 0.011718750 0.035156250 0.039062500 0.019531250 0.035156250 0.023437500 0.015625000 0.027343750 0.050781250 0.062500000 
1.746093750 0.824218750 1.082031250 2.054687500 6.296875000 8.750000000 3.070312500 2.558593750 2.183593750 6.984375000 0.394531250 0.414062500 0.613281250 1.039062500 0.804687500 1.089843750 1.128906250 2.007812500 12.230468750 5.109375000 1.183593750 2.449218750 2.734375000 9.914062500 1.550781250 0.640625000 0.593750000 1.468750000 1.519531250 0.523437500 0.488281250 0.437500000 4.683593750 2.179687500 2.367187500 0.941406250 1.945312500 1.972656250 0.925781250 0.269531250 0.613281250 1.312500000 0.125000000 0.238281250 0.234375000 0.125000000 0.128906250 0.226562500 0.105468750 0.136718750 0.589843750 0.128906250 0.187500000 0.093750000 0.058593750 0.035156250 0.210937500 0.109375000 0.117187500 0.402343750 0.195312500 0.101562500 0.089843750 0.046875000 0.179687500 0.085937500 0.023437500 0.031250000 0.265625000 0.140625000 0.160156250 0.183593750 0.070312500 0.343750000 0.066406250 0.097656250 0.191406250 0.117187500 0.097656250 0.007812500 0.054687500 0.007812500 0.140625000 0.031250000 0.035156250 0.011718750 0.027343750 0.078125000 0.109375000 0.031250000 0.039062500 0.132812500 0.066406250 0.046875000 0.035156250 0.031250000 0.058593750 0.019531250 0.070312500 0.011718750 0.062500000 0.062500000 0.054687500 0.019531250 0.062500000 0.039062500 0.054687500 0.011718750 0.039062500 0.109375000 0.105468750 0.074218750 0.062500000 0.062500000 0.027343750 0.031250000 0.011718750 0.019531250 0.062500000 0.015625000 0.050781250 0.027343750 0.062500000 0.078125000 0.015625000 0.035156250 0.097656250 0.097656250 0.035156250 0.074218750 0.066406250 0.050781250 0.011718750 0.019531250 0.019531250 0.035156250 0.042968750 0.031250000 0.042968750 0.003906250 0.050781250 0.066406250 0.019531250 0.015625000 0.023437500 0.031250000 0.015625000 0.007812500 0.027343750 0.039062500 0.027343750 0.035156250 0.027343750 0.031250000 0.078125000 0.062500000 0.027343750 0.031250000 0.007812500 0.027343750 0.062500000 0.054687500 0.019531250 0.015625000 0.019531250 0.039062500 0.019531250 0.015625000 0.007812500 0.023437500 0.023437500 0.019531250 0.042968750 0.144531250 0.093750000 0.121093750 0.125000000 0.195312500 0.242187500 0.296875000 0.195312500 0.046875000 0.066406250 0.156250000 0.136718750 0.308593750 0.230468750 0.140625000 0.265625000 0.343750000 0.062500000 0.152343750 0.261718750 0.187500000 0.207031250 0.097656250 0.109375000 0.042968750 0.125000000 0.027343750 0.011718750 0.074218750 0.089843750 0.082031250 0.054687500 0.039062500 0.015625000 0.070312500 0.062500000 0.019531250 0.035156250 0.058593750 0.050781250 0.019531250 0.019531250 0.039062500 0.070312500 0.050781250 0.023437500 0.046875000 0.027343750 0.027343750 0.046875000 0.042968750 0.039062500 0.066406250 0.058593750 0.023437500 0.023437500 0.035156250 0.089843750 0.015625000 0.039062500 0.097656250 0.019531250 0.070312500 0.070312500 0.023437500 0.011718750 0.070312500 0.042968750 0.046875000 0.031250000 0.042968750 0.011718750 0.027343750 0.027343750 0.046875000 0.011718750 0.027343750 0.019531250 0.027343750 0.023437500 0.027343750 0.046875000 0.042968750 0.003906250 
0.042968750 0.769531250 1.011718750 2.035156250 6.289062500 8.933593750 3.136718750 2.035156250 1.398437500 4.652343750 1.652343750 0.992187500 0.867187500 0.691406250 1.398437500 1.300781250 1.378906250 1.542968750 12.476562500 4.429687500 2.308593750 2.234375000 5.296875000 7.277343750 1.871093750 0.488281250 0.328125000 0.796875000 1.652343750 0.332031250 0.890625000 1.714843750 3.882812500 3.335937500 2.074218750 1.105468750 4.437500000 1.769531250 1.253906250 0.558593750 0.582031250 0.722656250 0.269531250 0.359375000 0.222656250 0.195312500 0.230468750 0.300781250 0.171875000 0.472656250 0.308593750 0.480468750 0.070312500 0.144531250 0.023437500 0.039062500 0.246093750 0.046875000 0.238281250 0.453125000 0.296875000 0.167968750 0.210937500 0.261718750 0.101562500 0.109375000 0.183593750 0.214843750 0.207031250 0.093750000 0.093750000 0.093750000 0.214843750 0.277343750 0.078125000 0.062500000 0.167968750 0.148437500 0.066406250 0.015625000 0.027343750 0.097656250 0.105468750 0.062500000 0.007812500 0.039062500 0.082031250 0.039062500 0.027343750 0.105468750 0.027343750 0.152343750 0.023437500 0.011718750 0.031250000 0.054687500 0.078125000 0.027343750 0.027343750 0.027343750 0.054687500 0.031250000 0.031250000 0.039062500 0.007812500 0.058593750 0.046875000 0.042968750 0.050781250 0.101562500 0.062500000 0.007812500 0.035156250 0.050781250 0.023437500 0.003906250 0.011718750 0.027343750 0.015625000 0.027343750 0.015625000 0.027343750 0.035156250 0.042968750 0.042968750 0.011718750 0.113281250 0.093750000 0.054687500 0.042968750 0.039062500 0.042968750 0.035156250 0.011718750 0.023437500 0.019531250 0.027343750 0.011718750 0.066406250 0.011718750 0.046875000 0.054687500 0.011718750 0.019531250 0.046875000 0.023437500 0.019531250 0.023437500 0.019531250 0.035156250 0.003906250 0.019531250 0.035156250 0.042968750 0.035156250 0.066406250 0.023437500 0.003906250 0.039062500 0.023437500 0.050781250 0.039062500 0.039062500 0.015625000 0.019531250 0.039062500 0.019531250 0.023437500 0.011718750 0.027343750 0.015625000 0.027343750 0.015625000 0.066406250 0.058593750 0.140625000 0.132812500 0.175781250 0.234375000 0.121093750 0.246093750 0.101562500 0.097656250 0.148437500 0.113281250 0.328125000 0.261718750 0.125000000 0.257812500 0.195312500 0.230468750 0.191406250 0.203125000 0.148437500 0.195312500 0.070312500 0.027343750 0.050781250 0.113281250 0.027343750 0.039062500 0.042968750 0.082031250 0.062500000 0.019531250 0.011718750 0.019531250 0.039062500 0.058593750 0.023437500 0.019531250 0.039062500 0.031250000 0.011718750 0.015625000 0.019531250 0.058593750 0.039062500 0.035156250 0.042968750 0.035156250 0.007812500 0.050781250 0.019531250 0.035156250 0.031250000 0.082031250 0.027343750 0.039062500 0.046875000 0.039062500 0.082031250 0.039062500 0.062500000 0.035156250 0.046875000 0.042968750 0.023437500 0.046875000 0.011718750 0.039062500 0.054687500 0.015625000 0.031250000 0.039062500 0.019531250 0.023437500 0.011718750 0.050781250 0.031250000 0.007812500 0.058593750 0.011718750 0.003906250 0.031250000 0.050781250 0.003906250 
0.250000000 0.785156250 1.339843750 2.199218750 6.730468750 9.027343750 2.753906250 1.566406250 1.261718750 5.984375000 0.617187500 0.496093750 0.593750000 0.273437500 1.003906250 0.921875000 0.476562500 0.558593750 11.175781250 0.785156250 0.824218750 1.121093750 6.085937500 5.191406250 2.933593750 1.417968750 1.140625000 1.257812500 0.667968750 0.437500000 0.425781250 2.761718750 3.757812500 0.867187500 2.375000000 2.210937500 6.332031250 1.894531250 0.679687500 0.011718750 0.390625000 0.535156250 0.269531250 0.355468750 0.269531250 0.238281250 0.230468750 0.136718750 0.132812500 0.371093750 0.476562500 0.433593750 0.539062500 0.457031250 0.324218750 0.335937500 0.351562500 0.476562500 0.664062500 0.550781250 0.269531250 0.265625000 0.171875000 0.410156250 0.257812500 0.261718750 0.421875000 0.480468750 0.167968750 0.304687500 0.246093750 0.054687500 0.234375000 0.070312500 0.195312500 0.179687500 0.085937500 0.222656250 0.195312500 0.238281250 0.183593750 0.203125000 0.136718750 0.250000000 0.234375000 0.175781250 0.234375000 0.187500000 0.210937500 0.187500000 0.105468750 0.054687500 0.207031250 0.164062500 0.187500000 0.144531250 0.160156250 0.093750000 0.152343750 0.132812500 0.160156250 0.152343750 0.191406250 0.132812500 0.132812500 0.113281250 0.125000000 0.132812500 0.210937500 0.148437500 0.101562500 0.109375000 0.152343750 0.109375000 0.121093750 0.128906250 0.132812500 0.128906250 0.136718750 0.136718750 0.125000000 0.136718750 0.140625000 0.140625000 0.097656250 0.085937500 0.152343750 0.078125000 0.136718750 0.121093750 0.125000000 0.128906250 0.109375000 0.085937500 0.085937500 0.132812500 0.078125000 0.082031250 0.062500000 0.105468750 0.070312500 0.140625000 0.097656250 0.097656250 0.082031250 0.121093750 0.101562500 0.089843750 0.085937500 0.128906250 0.062500000 0.101562500 0.082031250 0.113281250 0.078125000 0.144531250 0.113281250 0.093750000 0.136718750 0.101562500 0.128906250 0.136718750 0.074218750 0.089843750 0.101562500 0.101562500 0.136718750 0.097656250 0.121093750 0.125000000 0.097656250 0.109375000 0.089843750 0.078125000 0.105468750 0.230468750 0.152343750 0.078125000 0.058593750 0.121093750 0.183593750 0.093750000 0.125000000 0.097656250 0.097656250 0.328125000 0.222656250 0.128906250 0.128906250 0.078125000 0.121093750 0.230468750 0.230468750 0.152343750 0.250000000 0.144531250 0.117187500 0.078125000 0.156250000 0.101562500 0.058593750 0.023437500 0.128906250 0.093750000 0.117187500 0.082031250 0.066406250 0.039062500 0.062500000 0.128906250 0.121093750 0.070312500 0.035156250 0.082031250 0.101562500 0.085937500 0.125000000 0.089843750 0.062500000 0.066406250 0.058593750 0.093750000 0.066406250 0.070312500 0.054687500 0.097656250 0.042968750 0.070312500 0.042968750 0.128906250 0.089843750 0.128906250 0.093750000 0.074218750 0.128906250 0.046875000 0.027343750 0.085937500 0.082031250 0.054687500 0.058593750 0.105468750 0.066406250 0.050781250 0.117187500 0.105468750 0.105468750 0.121093750 0.054687500 0.089843750 0.062500000 0.046875000 0.101562500 0.082031250 0.070312500 0.054687500 0.078125000 
0.632812500 1.332031250 1.687500000 2.613281250 7.480468750 8.914062500 2.824218750 1.378906250 1.281250000 6.261718750 1.597656250 0.875000000 1.105468750 1.507812500 0.414062500 1.187500000 0.664062500 0.933593750 10.535156250 0.828125000 1.843750000 1.574218750 5.753906250 4.277343750 1.222656250 1.382812500 0.597656250 0.644531250 1.093750000 0.972656250 1.484375000 2.343750000 3.445312500 0.390625000 1.355468750 1.074218750 6.082031250 3.164062500 0.878906250 0.320312500 0.652343750 0.566406250 0.542968750 0.152343750 0.089843750 0.230468750 0.156250000 0.203125000 0.457031250 0.421875000 0.750000000 0.203125000 0.246093750 0.179687500 0.109375000 0.132812500 0.378906250 0.507812500 1.070312500 0.890625000 0.277343750 0.046875000 0.109375000 0.457031250 0.187500000 0.125000000 0.332031250 0.437500000 0.101562500 0.117187500 0.031250000 0.121093750 0.218750000 0.175781250 0.078125000 0.082031250 0.132812500 0.109375000 0.089843750 0.089843750 0.066406250 0.078125000 0.101562500 0.003906250 0.078125000 0.046875000 0.062500000 0.042968750 0.066406250 0.039062500 0.042968750 0.066406250 0.066406250 0.097656250 0.082031250 0.035156250 0.019531250 0.046875000 0.050781250 0.066406250 0.066406250 0.035156250 0.031250000 0.058593750 0.046875000 0.070312500 0.050781250 0.023437500 0.023437500 0.066406250 0.007812500 0.054687500 0.046875000 0.003906250 0.085937500 0.054687500 0.058593750 0.054687500 0.031250000 0.023437500 0.023437500 0.050781250 0.078125000 0.074218750 0.046875000 0.078125000 0.070312500 0.003906250 0.000000000 0.046875000 0.058593750 0.050781250 0.042968750 0.023437500 0.019531250 0.062500000 0.023437500 0.031250000 0.082031250 0.054687500 0.039062500 0.027343750 0.011718750 0.023437500 0.058593750 0.058593750 0.023437500 0.054687500 0.023437500 0.019531250 0.082031250 0.027343750 0.031250000 0.007812500 0.039062500 0.050781250 0.019531250 0.019531250 0.093750000 0.042968750 0.042968750 0.042968750 0.050781250 0.046875000 0.031250000 0.019531250 0.023437500 0.050781250 0.003906250 0.007812500 0.027343750 0.011718750 0.035156250 0.035156250 0.019531250 0.046875000 0.031250000 0.015625000 0.089843750 0.074218750 0.101562500 0.035156250 0.031250000 0.085937500 0.093750000 0.023437500 0.113281250 0.050781250 0.101562500 0.046875000 0.105468750 0.019531250 0.058593750 0.117187500 0.171875000 0.101562500 0.058593750 0.031250000 0.085937500 0.042968750 0.062500000 0.066406250 0.027343750 0.039062500 0.058593750 0.023437500 0.046875000 0.027343750 0.066406250 0.023437500 0.023437500 0.027343750 0.039062500 0.035156250 0.039062500 0.027343750 0.027343750 0.039062500 0.042968750 0.054687500 0.039062500 0.027343750 0.046875000 0.019531250 0.074218750 0.070312500 0.007812500 0.039062500 0.039062500 0.082031250 0.062500000 0.019531250 0.058593750 0.089843750 0.042968750 0.058593750 0.050781250 0.035156250 0.062500000 0.015625000 0.046875000 0.054687500 0.015625000 0.058593750 0.046875000 0.019531250 0.031250000 0.062500000 0.035156250 0.019531250 0.031250000 0.015625000 0.042968750 0.023437500 0.027343750 0.039062500 0.023437500 
2.066406250 1.425781250 1.851562500 2.785156250 7.886718750 8.847656250 2.796875000 1.804687500 1.585937500 4.839843750 1.148437500 1.039062500 0.804687500 0.898437500 0.667968750 0.410156250 0.269531250 0.441406250 12.882812500 1.691406250 2.593750000 1.210937500 3.789062500 4.214843750 1.789062500 1.089843750 0.976562500 0.964843750 1.093750000 1.019531250 0.847656250 1.207031250 2.988281250 1.585937500 0.324218750 0.847656250 5.714843750 2.601562500 1.187500000 1.199218750 1.140625000 0.816406250 0.421875000 0.281250000 0.410156250 0.085937500 0.343750000 0.214843750 0.246093750 0.484375000 1.007812500 0.386718750 0.464843750 0.453125000 0.406250000 0.308593750 0.199218750 0.375000000 1.761718750 0.792968750 0.308593750 0.351562500 0.082031250 0.339843750 0.074218750 0.070312500 0.238281250 0.343750000 0.265625000 0.226562500 0.132812500 0.027343750 0.140625000 0.117187500 0.183593750 0.117187500 0.093750000 0.101562500 0.074218750 0.097656250 0.132812500 0.085937500 0.140625000 0.101562500 0.050781250 0.082031250 0.136718750 0.105468750 0.109375000 0.089843750 0.140625000 0.007812500 0.082031250 0.035156250 0.128906250 0.039062500 0.066406250 0.085937500 0.062500000 0.046875000 0.058593750 0.070312500 0.097656250 0.054687500 0.050781250 0.062500000 0.070312500 0.000000000 0.066406250 0.042968750 0.046875000 0.074218750 0.066406250 0.058593750 0.125000000 0.046875000 0.066406250 0.082031250 0.062500000 0.058593750 0.023437500 0.078125000 0.050781250 0.097656250 0.070312500 0.085937500 0.046875000 0.058593750 0.062500000 0.050781250 0.070312500 0.054687500 0.089843750 0.023437500 0.070312500 0.023437500 0.050781250 0.078125000 0.058593750 0.058593750 0.039062500 0.046875000 0.074218750 0.074218750 0.035156250 0.031250000 0.042968750 0.011718750 0.054687500 0.035156250 0.074218750 0.089843750 0.070312500 0.046875000 0.054687500 0.046875000 0.058593750 0.066406250 0.074218750 0.054687500 0.054687500 0.050781250 0.078125000 0.023437500 0.066406250 0.050781250 0.019531250 0.085937500 0.019531250 0.035156250 0.019531250 0.019531250 0.066406250 0.050781250 0.050781250 0.003906250 0.074218750 0.046875000 0.066406250 0.054687500 0.027343750 0.050781250 0.050781250 0.042968750 0.074218750 0.066406250 0.085937500 0.039062500 0.089843750 0.015625000 0.023437500 0.074218750 0.035156250 0.027343750 0.015625000 0.074218750 0.058593750 0.074218750 0.035156250 0.054687500 0.023437500 0.054687500 0.093750000 0.058593750 0.062500000 0.058593750 0.046875000 0.062500000 0.015625000 0.054687500 0.023437500 0.070312500 0.074218750 0.058593750 0.035156250 0.050781250 0.015625000 0.085937500 0.035156250 0.015625000 0.042968750 0.042968750 0.054687500 0.042968750 0.031250000 0.035156250 0.046875000 0.046875000 0.031250000 0.054687500 0.019531250 0.070312500 0.089843750 0.070312500 0.031250000 0.085937500 0.078125000 0.054687500 0.070312500 0.066406250 0.035156250 0.062500000 0.039062500 0.007812500 0.070312500 0.050781250 0.050781250 0.027343750 0.085937500 0.050781250 0.066406250 0.054687500 0.042968750 0.050781250 0.046875000 0.054687500 0.019531250 
1.515625000 2.226562500 2.578125000 3.445312500 8.414062500 8.132812500 2.167968750 1.578125000 0.753906250 6.210937500 0.335937500 0.742187500 0.285156250 0.835937500 0.726562500 0.804687500 1.183593750 1.523437500 12.593750000 0.277343750 2.386718750 1.480468750 3.375000000 3.351562500 1.476562500 0.921875000 0.882812500 0.789062500 0.359375000 0.894531250 0.750000000 1.898437500 1.492187500 0.488281250 0.546875000 1.234375000 4.984375000 1.437500000 0.644531250 0.542968750 0.328125000 2.128906250 0.453125000 0.531250000 0.476562500 0.398437500 0.339843750 0.132812500 0.281250000 0.507812500 0.984375000 0.558593750 0.867187500 0.527343750 0.371093750 0.570312500 0.285156250 0.367187500 1.855468750 0.812500000 0.234375000 0.351562500 0.144531250 0.039062500 0.164062500 0.250000000 0.144531250 0.179687500 0.023437500 0.082031250 0.148437500 0.109375000 0.167968750 0.167968750 0.132812500 0.128906250 0.101562500 0.128906250 0.054687500 0.066406250 0.074218750 0.082031250 0.078125000 0.085937500 0.074218750 0.035156250 0.101562500 0.132812500 0.070312500 0.070312500 0.101562500 0.039062500 0.035156250 0.085937500 0.097656250 0.105468750 0.074218750 0.082031250 0.082031250 0.125000000 0.019531250 0.078125000 0.042968750 0.050781250 0.058593750 0.074218750 0.074218750 0.031250000 0.078125000 0.023437500 0.027343750 0.078125000 0.058593750 0.039062500 0.089843750 0.105468750 0.050781250 0.066406250 0.050781250 0.074218750 0.042968750 0.082031250 0.070312500 0.078125000 0.050781250 0.027343750 0.074218750 0.046875000 0.085937500 0.062500000 0.066406250 0.046875000 0.054687500 0.019531250 0.039062500 0.046875000 0.039062500 0.050781250 0.035156250 0.046875000 0.039062500 0.050781250 0.070312500 0.027343750 0.070312500 0.015625000 0.031250000 0.070312500 0.054687500 0.070312500 0.027343750 0.039062500 0.054687500 0.042968750 0.042968750 0.027343750 0.062500000 0.039062500 0.023437500 0.023437500 0.035156250 0.082031250 0.078125000 0.074218750 0.050781250 0.042968750 0.054687500 0.046875000 0.007812500 0.031250000 0.039062500 0.007812500 0.042968750 0.031250000 0.093750000 0.054687500 0.011718750 0.039062500 0.058593750 0.027343750 0.066406250 0.054687500 0.046875000 0.101562500 0.062500000 0.082031250 0.066406250 0.066406250 0.089843750 0.054687500 0.042968750 0.109375000 0.058593750 0.019531250 0.066406250 0.011718750 0.023437500 0.066406250 0.042968750 0.074218750 0.031250000 0.097656250 0.027343750 0.066406250 0.015625000 0.050781250 0.023437500 0.042968750 0.031250000 0.058593750 0.054687500 0.031250000 0.046875000 0.035156250 0.046875000 0.066406250 0.011718750 0.035156250 0.066406250 0.023437500 0.066406250 0.050781250 0.054687500 0.070312500 0.023437500 0.035156250 0.070312500 0.074218750 0.027343750 0.058593750 0.078125000 0.027343750 0.066406250 0.035156250 0.035156250 0.031250000 0.042968750 0.070312500 0.031250000 0.058593750 0.035156250 0.027343750 0.050781250 0.054687500 0.054687500 0.054687500 0.039062500 0.011718750 0.058593750 0.039062500 0.023437500 0.046875000 0.027343750 0.054687500 0.050781250 0.027343750 0.070312500 
2.054687500 1.730468750 1.945312500 3.171875000 7.894531250 8.648437500 2.562500000 1.593750000 1.093750000 4.375000000 1.203125000 1.359375000 0.746093750 1.285156250 0.996093750 0.863281250 0.707031250 2.300781250 12.859375000 2.195312500 2.890625000 1.558593750 3.765625000 2.253906250 0.328125000 0.320312500 0.113281250 0.515625000 0.125000000 0.320312500 0.253906250 1.386718750 2.042968750 0.785156250 1.265625000 0.660156250 4.312500000 1.285156250 0.582031250 0.792968750 1.187500000 2.707031250 0.847656250 0.156250000 0.117187500 0.285156250 0.320312500 0.316406250 0.351562500 1.027343750 0.980468750 0.515625000 0.851562500 0.617187500 1.457031250 0.253906250 0.539062500 0.605468750 1.015625000 0.746093750 0.386718750 0.281250000 0.101562500 0.125000000 0.007812500 0.085937500 0.046875000 0.035156250 0.136718750 0.078125000 0.097656250 0.082031250 0.093750000 0.062500000 0.054687500 0.085937500 0.062500000 0.046875000 0.035156250 0.019531250 0.019531250 0.042968750 0.019531250 0.031250000 0.066406250 0.015625000 0.027343750 0.023437500 0.046875000 0.019531250 0.070312500 0.031250000 0.035156250 0.019531250 0.015625000 0.062500000 0.027343750 0.007812500 0.031250000 0.042968750 0.066406250 0.011718750 0.035156250 0.031250000 0.031250000 0.027343750 0.074218750 0.015625000 0.007812500 0.035156250 0.039062500 0.035156250 0.007812500 0.019531250 0.027343750 0.019531250 0.019531250 0.007812500 0.027343750 0.007812500 0.031250000 0.035156250 0.019531250 0.027343750 0.019531250 0.011718750 0.054687500 0.042968750 0.027343750 0.042968750 0.027343750 0.023437500 0.011718750 0.011718750 0.027343750 0.019531250 0.007812500 0.023437500 0.011718750 0.011718750 0.035156250 0.011718750 0.035156250 0.019531250 0.027343750 0.039062500 0.023437500 0.011718750 0.023437500 0.015625000 0.035156250 0.042968750 0.027343750 0.035156250 0.011718750 0.035156250 0.003906250 0.019531250 0.011718750 0.003906250 0.042968750 0.058593750 0.058593750 0.023437500 0.027343750 0.007812500 0.003906250 0.011718750 0.015625000 0.039062500 0.015625000 0.023437500 0.039062500 0.050781250 0.035156250 0.023437500 0.054687500 0.031250000 0.042968750 0.031250000 0.035156250 0.035156250 0.023437500 0.054687500 0.015625000 0.070312500 0.023437500 0.058593750 0.058593750 0.015625000 0.046875000 0.031250000 0.007812500 0.046875000 0.007812500 0.031250000 0.042968750 0.042968750 0.015625000 0.039062500 0.023437500 0.054687500 0.046875000 0.027343750 0.046875000 0.023437500 0.019531250 0.019531250 0.027343750 0.039062500 0.003906250 0.015625000 0.011718750 0.023437500 0.019531250 0.054687500 0.039062500 0.042968750 0.039062500 0.031250000 0.035156250 0.027343750 0.027343750 0.027343750 0.011718750 0.035156250 0.023437500 0.015625000 0.070312500 0.023437500 0.058593750 0.085937500 0.035156250 0.035156250 0.027343750 0.007812500 0.019531250 0.054687500 0.015625000 0.042968750 0.023437500 0.031250000 0.027343750 0.039062500 0.035156250 0.050781250 0.023437500 0.019531250 0.019531250 0.015625000 0.015625000 0.042968750 0.035156250 0.046875000 0.015625000 0.031250000 0.070312500 
0.542968750 0.992187500 1.359375000 2.445312500 7.632812500 9.128906250 3.175781250 1.429687500 2.003906250 5.230468750 0.722656250 0.796875000 0.722656250 0.566406250 1.863281250 1.171875000 1.941406250 3.203125000 11.328125000 0.914062500 2.917968750 0.238281250 2.015625000 2.597656250 1.074218750 0.765625000 0.500000000 0.265625000 0.226562500 0.324218750 0.410156250 0.656250000 1.914062500 0.605468750 0.804687500 0.359375000 3.468750000 1.414062500 0.761718750 0.218750000 1.132812500 3.460937500 0.941406250 1.101562500 0.425781250 0.660156250 0.320312500 0.554687500 0.496093750 0.964843750 2.000000000 0.683593750 1.167968750 0.875000000 1.062500000 0.203125000 0.332031250 0.394531250 0.367187500 0.515625000 0.078125000 0.277343750 0.089843750 0.144531250 0.074218750 0.085937500 0.019531250 0.074218750 0.125000000 0.105468750 0.074218750 0.101562500 0.156250000 0.148437500 0.078125000 0.113281250 0.085937500 0.117187500 0.074218750 0.117187500 0.078125000 0.125000000 0.097656250 0.117187500 0.109375000 0.089843750 0.121093750 0.093750000 0.082031250 0.042968750 0.054687500 0.144531250 0.113281250 0.082031250 0.066406250 0.019531250 0.101562500 0.070312500 0.058593750 0.078125000 0.082031250 0.121093750 0.125000000 0.101562500 0.097656250 0.097656250 0.093750000 0.093750000 0.070312500 0.089843750 0.105468750 0.058593750 0.085937500 0.066406250 0.039062500 0.074218750 0.074218750 0.066406250 0.054687500 0.066406250 0.078125000 0.074218750 0.066406250 0.050781250 0.062500000 0.035156250 0.105468750 0.039062500 0.031250000 0.074218750 0.085937500 0.070312500 0.066406250 0.074218750 0.054687500 0.097656250 0.050781250 0.046875000 0.082031250 0.082031250 0.050781250 0.050781250 0.054687500 0.089843750 0.066406250 0.035156250 0.070312500 0.089843750 0.050781250 0.078125000 0.054687500 0.058593750 0.066406250 0.062500000 0.042968750 0.058593750 0.050781250 0.078125000 0.054687500 0.046875000 0.085937500 0.093750000 0.074218750 0.089843750 0.050781250 0.050781250 0.062500000 0.074218750 0.062500000 0.078125000 0.066406250 0.042968750 0.050781250 0.046875000 0.070312500 0.066406250 0.109375000 0.046875000 0.066406250 0.062500000 0.074218750 0.046875000 0.054687500 0.089843750 0.039062500 0.070312500 0.007812500 0.027343750 0.089843750 0.062500000 0.062500000 0.074218750 0.058593750 0.027343750 0.062500000 0.046875000 0.054687500 0.027343750 0.058593750 0.042968750 0.027343750 0.078125000 0.035156250 0.035156250 0.035156250 0.046875000 0.054687500 0.054687500 0.054687500 0.011718750 0.074218750 0.058593750 0.050781250 0.066406250 0.042968750 0.062500000 0.074218750 0.039062500 0.042968750 0.058593750 0.054687500 0.054687500 0.062500000 0.035156250 0.050781250 0.066406250 0.042968750 0.027343750 0.027343750 0.062500000 0.015625000 0.093750000 0.062500000 0.058593750 0.066406250 0.050781250 0.070312500 0.042968750 0.015625000 0.093750000 0.046875000 0.074218750 0.062500000 0.007812500 0.050781250 0.011718750 0.058593750 0.066406250 0.050781250 0.054687500 0.070312500 0.046875000 0.058593750 0.015625000 0.039062500 0.093750000 0.011718750 
0.238281250 0.414062500 1.082031250 2.101562500 7.515625000 9.257812500 3.480468750 2.679687500 2.218750000 5.308593750 0.246093750 0.625000000 0.894531250 0.851562500 1.546875000 1.050781250 0.800781250 2.546875000 10.652343750 0.433593750 1.718750000 1.968750000 1.871093750 1.968750000 0.804687500 0.398437500 0.578125000 0.164062500 0.480468750 0.632812500 0.355468750 0.757812500 1.421875000 0.183593750 0.589843750 0.710937500 2.820312500 0.984375000 0.496093750 0.472656250 0.371093750 4.667968750 0.507812500 0.789062500 0.136718750 0.152343750 0.289062500 0.277343750 0.171875000 0.484375000 2.156250000 0.355468750 1.652343750 0.464843750 1.394531250 0.121093750 0.152343750 0.265625000 0.511718750 0.382812500 0.238281250 0.175781250 0.187500000 0.027343750 0.199218750 0.160156250 0.125000000 0.246093750 0.214843750 0.148437500 0.164062500 0.089843750 0.156250000 0.062500000 0.132812500 0.167968750 0.164062500 0.093750000 0.136718750 0.167968750 0.136718750 0.136718750 0.128906250 0.089843750 0.167968750 0.136718750 0.085937500 0.136718750 0.128906250 0.164062500 0.117187500 0.195312500 0.082031250 0.152343750 0.117187500 0.128906250 0.078125000 0.097656250 0.105468750 0.109375000 0.101562500 0.152343750 0.058593750 0.089843750 0.078125000 0.078125000 0.078125000 0.148437500 0.109375000 0.109375000 0.097656250 0.093750000 0.089843750 0.101562500 0.066406250 0.078125000 0.109375000 0.082031250 0.082031250 0.093750000 0.097656250 0.070312500 0.062500000 0.070312500 0.089843750 0.132812500 0.109375000 0.050781250 0.101562500 0.089843750 0.105468750 0.101562500 0.082031250 0.097656250 0.085937500 0.085937500 0.074218750 0.085937500 0.046875000 0.097656250 0.089843750 0.082031250 0.082031250 0.113281250 0.082031250 0.070312500 0.074218750 0.050781250 0.093750000 0.097656250 0.062500000 0.046875000 0.078125000 0.074218750 0.109375000 0.089843750 0.078125000 0.019531250 0.062500000 0.085937500 0.070312500 0.074218750 0.042968750 0.074218750 0.101562500 0.066406250 0.074218750 0.082031250 0.093750000 0.082031250 0.089843750 0.058593750 0.078125000 0.058593750 0.062500000 0.105468750 0.050781250 0.101562500 0.070312500 0.082031250 0.042968750 0.046875000 0.046875000 0.085937500 0.042968750 0.027343750 0.082031250 0.050781250 0.082031250 0.054687500 0.039062500 0.078125000 0.035156250 0.015625000 0.089843750 0.070312500 0.062500000 0.035156250 0.062500000 0.039062500 0.050781250 0.074218750 0.093750000 0.050781250 0.062500000 0.062500000 0.054687500 0.031250000 0.066406250 0.054687500 0.105468750 0.058593750 0.074218750 0.082031250 0.066406250 0.042968750 0.082031250 0.070312500 0.042968750 0.050781250 0.066406250 0.074218750 0.085937500 0.050781250 0.085937500 0.050781250 0.062500000 0.074218750 0.089843750 0.082031250 0.058593750 0.074218750 0.062500000 0.035156250 0.035156250 0.058593750 0.074218750 0.082031250 0.070312500 0.121093750 0.042968750 0.050781250 0.062500000 0.085937500 0.066406250 0.035156250 0.082031250 0.031250000 0.054687500 0.050781250 0.023437500 0.062500000 0.085937500 0.105468750 0.031250000 0.089843750 0.121093750 
1.992187500 1.136718750 1.550781250 2.652343750 7.699218750 9.105468750 2.746093750 1.890625000 0.359375000 4.542968750 2.980468750 1.664062500 1.933593750 1.945312500 0.632812500 0.996093750 1.257812500 2.390625000 8.816406250 1.835937500 2.035156250 1.660156250 0.218750000 1.941406250 0.089843750 0.253906250 0.289062500 0.265625000 0.207031250 0.078125000 0.312500000 0.523437500 1.281250000 0.574218750 0.593750000 0.421875000 1.820312500 1.429687500 0.738281250 0.156250000 0.605468750 4.113281250 0.359375000 0.550781250 0.390625000 0.199218750 0.320312500 0.316406250 0.343750000 0.503906250 1.753906250 0.750000000 1.722656250 0.878906250 0.390625000 0.976562500 0.464843750 0.074218750 0.296875000 0.320312500 0.414062500 0.308593750 0.320312500 0.125000000 0.109375000 0.218750000 0.242187500 0.105468750 0.156250000 0.125000000 0.117187500 0.207031250 0.160156250 0.199218750 0.179687500 0.136718750 0.097656250 0.140625000 0.144531250 0.144531250 0.156250000 0.128906250 0.132812500 0.144531250 0.144531250 0.144531250 0.132812500 0.058593750 0.113281250 0.140625000 0.121093750 0.160156250 0.105468750 0.066406250 0.128906250 0.132812500 0.109375000 0.093750000 0.117187500 0.078125000 0.089843750 0.125000000 0.109375000 0.070312500 0.074218750 0.144531250 0.101562500 0.113281250 0.085937500 0.093750000 0.089843750 0.078125000 0.078125000 0.105468750 0.078125000 0.093750000 0.109375000 0.089843750 0.097656250 0.066406250 0.093750000 0.074218750 0.093750000 0.070312500 0.105468750 0.074218750 0.074218750 0.066406250 0.042968750 0.066406250 0.082031250 0.039062500 0.066406250 0.070312500 0.046875000 0.042968750 0.093750000 0.078125000 0.058593750 0.074218750 0.074218750 0.070312500 0.078125000 0.074218750 0.042968750 0.078125000 0.058593750 0.085937500 0.062500000 0.046875000 0.089843750 0.093750000 0.085937500 0.093750000 0.058593750 0.093750000 0.050781250 0.121093750 0.031250000 0.058593750 0.066406250 0.070312500 0.050781250 0.046875000 0.074218750 0.062500000 0.066406250 0.039062500 0.085937500 0.046875000 0.058593750 0.062500000 0.054687500 0.093750000 0.062500000 0.101562500 0.074218750 0.101562500 0.019531250 0.074218750 0.074218750 0.042968750 0.078125000 0.066406250 0.082031250 0.089843750 0.035156250 0.054687500 0.042968750 0.089843750 0.031250000 0.093750000 0.105468750 0.085937500 0.093750000 0.054687500 0.058593750 0.074218750 0.074218750 0.082031250 0.050781250 0.042968750 0.046875000 0.042968750 0.082031250 0.074218750 0.062500000 0.042968750 0.050781250 0.062500000 0.062500000 0.046875000 0.054687500 0.054687500 0.058593750 0.085937500 0.109375000 0.058593750 0.082031250 0.042968750 0.085937500 0.070312500 0.078125000 0.058593750 0.039062500 0.046875000 0.054687500 0.058593750 0.093750000 0.035156250 0.046875000 0.042968750 0.054687500 0.066406250 0.042968750 0.062500000 0.046875000 0.039062500 0.054687500 0.070312500 0.085937500 0.015625000 0.042968750 0.062500000 0.078125000 0.062500000 0.019531250 0.070312500 0.054687500 0.054687500 0.054687500 0.054687500 0.066406250 0.039062500 0.023437500 0.070312500 0.023437500 
0.023437500 1.535156250 1.843750000 2.753906250 7.351562500 9.445312500 2.917968750 1.902343750 1.765625000 7.203125000 1.187500000 0.281250000 0.464843750 1.003906250 1.906250000 0.406250000 1.058593750 1.621093750 6.804687500 2.601562500 1.640625000 0.281250000 0.636718750 2.164062500 0.238281250 0.214843750 0.265625000 0.363281250 0.140625000 0.171875000 0.210937500 0.398437500 0.496093750 0.121093750 0.687500000 0.468750000 0.921875000 1.394531250 0.367187500 0.476562500 0.449218750 4.152343750 0.464843750 0.105468750 0.234375000 0.207031250 0.105468750 0.359375000 0.351562500 0.433593750 0.843750000 1.105468750 1.140625000 0.773437500 0.464843750 0.738281250 0.632812500 0.218750000 0.468750000 0.183593750 0.203125000 0.027343750 0.039062500 0.046875000 0.078125000 0.105468750 0.035156250 0.093750000 0.062500000 0.089843750 0.042968750 0.097656250 0.097656250 0.050781250 0.082031250 0.058593750 0.089843750 0.050781250 0.078125000 0.054687500 0.070312500 0.046875000 0.066406250 0.035156250 0.050781250 0.011718750 0.058593750 0.046875000 0.054687500 0.082031250 0.031250000 0.078125000 0.042968750 0.027343750 0.023437500 0.027343750 0.035156250 0.003906250 0.031250000 0.007812500 0.046875000 0.042968750 0.039062500 0.011718750 0.035156250 0.046875000 0.031250000 0.015625000 0.019531250 0.039062500 0.015625000 0.019531250 0.011718750 0.035156250 0.003906250 0.042968750 0.082031250 0.035156250 0.046875000 0.023437500 0.035156250 0.050781250 0.011718750 0.054687500 0.054687500 0.011718750 0.007812500 0.019531250 0.015625000 0.007812500 0.019531250 0.007812500 0.031250000 0.027343750 0.023437500 0.019531250 0.015625000 0.046875000 0.027343750 0.042968750 0.019531250 0.035156250 0.054687500 0.027343750 0.035156250 0.031250000 0.039062500 0.027343750 0.042968750 0.046875000 0.023437500 0.046875000 0.015625000 0.007812500 0.007812500 0.035156250 0.027343750 0.031250000 0.062500000 0.011718750 0.003906250 0.031250000 0.031250000 0.011718750 0.050781250 0.007812500 0.039062500 0.035156250 0.007812500 0.031250000 0.023437500 0.007812500 0.019531250 0.042968750 0.015625000 0.027343750 0.023437500 0.031250000 0.050781250 0.027343750 0.039062500 0.046875000 0.019531250 0.046875000 0.035156250 0.031250000 0.015625000 0.035156250 0.007812500 0.058593750 0.011718750 0.050781250 0.062500000 0.042968750 0.011718750 0.035156250 0.011718750 0.042968750 0.054687500 0.015625000 0.035156250 0.035156250 0.019531250 0.027343750 0.027343750 0.035156250 0.035156250 0.019531250 0.035156250 0.003906250 0.023437500 0.042968750 0.031250000 0.011718750 0.035156250 0.027343750 0.019531250 0.015625000 0.003906250 0.058593750 0.046875000 0.023437500 0.019531250 0.015625000 0.007812500 0.011718750 0.015625000 0.003906250 0.027343750 0.058593750 0.011718750 0.007812500 0.023437500 0.011718750 0.039062500 0.007812500 0.058593750 0.031250000 0.011718750 0.035156250 0.031250000 0.031250000 0.011718750 0.019531250 0.011718750 0.027343750 0.011718750 0.019531250 0.011718750 0.042968750 0.027343750 0.035156250 0.035156250 0.011718750 0.015625000 0.023437500 0.023437500 
3.628906250 2.117187500 2.460937500 3.402343750 8.054687500 8.332031250 2.195312500 0.917968750 1.195312500 5.550781250 1.949218750 0.898437500 0.406250000 0.773437500 1.957031250 0.375000000 0.476562500 0.644531250 5.742187500 2.160156250 0.859375000 0.203125000 0.671875000 2.324218750 0.589843750 0.335937500 0.480468750 0.265625000 0.410156250 0.187500000 0.183593750 0.476562500 0.550781250 0.406250000 0.117187500 0.644531250 1.054687500 0.496093750 0.222656250 0.050781250 0.648437500 3.031250000 0.878906250 0.324218750 0.410156250 0.183593750 0.292968750 0.125000000 0.148437500 0.492187500 0.554687500 0.734375000 0.960937500 0.582031250 0.347656250 0.960937500 0.503906250 0.195312500 0.066406250 0.359375000 0.093750000 0.046875000 0.042968750 0.097656250 0.207031250 0.078125000 0.078125000 0.031250000 0.070312500 0.105468750 0.085937500 0.039062500 0.097656250 0.101562500 0.070312500 0.035156250 0.070312500 0.078125000 0.078125000 0.027343750 0.003906250 0.046875000 0.074218750 0.035156250 0.050781250 0.027343750 0.027343750 0.058593750 0.078125000 0.078125000 0.035156250 0.074218750 0.031250000 0.054687500 0.070312500 0.039062500 0.042968750 0.050781250 0.031250000 0.046875000 0.003906250 0.054687500 0.019531250 0.046875000 0.019531250 0.035156250 0.062500000 0.023437500 0.031250000 0.023437500 0.054687500 0.042968750 0.054687500 0.046875000 0.015625000 0.054687500 0.058593750 0.039062500 0.015625000 0.042968750 0.070312500 0.019531250 0.058593750 0.027343750 0.054687500 0.042968750 0.023437500 0.015625000 0.031250000 0.031250000 0.039062500 0.042968750 0.046875000 0.035156250 0.046875000 0.027343750 0.035156250 0.039062500 0.058593750 0.035156250 0.035156250 0.027343750 0.085937500 0.035156250 0.058593750 0.011718750 0.019531250 0.019531250 0.023437500 0.050781250 0.023437500 0.054687500 0.023437500 0.027343750 0.031250000 0.027343750 0.019531250 0.023437500 0.050781250 0.007812500 0.011718750 0.023437500 0.031250000 0.039062500 0.031250000 0.007812500 0.039062500 0.015625000 0.019531250 0.027343750 0.015625000 0.011718750 0.019531250 0.007812500 0.023437500 0.019531250 0.015625000 0.027343750 0.031250000 0.031250000 0.011718750 0.015625000 0.054687500 0.011718750 0.007812500 0.035156250 0.015625000 0.035156250 0.035156250 0.042968750 0.007812500 0.062500000 0.023437500 0.007812500 0.031250000 0.039062500 0.039062500 0.027343750 0.058593750 0.027343750 0.035156250 0.011718750 0.015625000 0.039062500 0.027343750 0.042968750 0.023437500 0.039062500 0.007812500 0.019531250 0.027343750 0.070312500 0.015625000 0.023437500 0.035156250 0.031250000 0.003906250 0.035156250 0.035156250 0.035156250 0.023437500 0.035156250 0.019531250 0.019531250 0.011718750 0.015625000 0.031250000 0.007812500 0.023437500 0.070312500 0.003906250 0.007812500 0.027343750 0.015625000 0.046875000 0.015625000 0.027343750 0.031250000 0.003906250 0.046875000 0.023437500 0.011718750 0.011718750 0.031250000 0.039062500 0.031250000 0.039062500 0.035156250 0.027343750 0.023437500 0.019531250 0.027343750 0.019531250 0.035156250 0.023437500 0.019531250 0.027343750 
0.406250000 1.382812500 1.570312500 2.652343750 7.781250000 8.246093750 2.847656250 1.675781250 1.753906250 4.687500000 2.535156250 0.691406250 1.250000000 0.449218750 0.273437500 0.828125000 0.832031250 1.777343750 3.238281250 1.761718750 1.015625000 0.410156250 1.617187500 1.339843750 0.230468750 0.089843750 0.339843750 0.375000000 0.351562500 0.167968750 0.113281250 0.468750000 0.519531250 0.332031250 0.117187500 0.734375000 0.660156250 0.285156250 0.714843750 0.699218750 0.824218750 2.183593750 0.578125000 0.171875000 0.347656250 0.117187500 0.277343750 0.167968750 0.121093750 0.070312500 0.769531250 0.371093750 0.515625000 0.132812500 0.359375000 0.503906250 0.593750000 0.207031250 0.214843750 0.191406250 0.046875000 0.011718750 0.066406250 0.109375000 0.093750000 0.003906250 0.039062500 0.101562500 0.066406250 0.097656250 0.003906250 0.007812500 0.089843750 0.046875000 0.070312500 0.085937500 0.003906250 0.023437500 0.031250000 0.089843750 0.105468750 0.039062500 0.035156250 0.066406250 0.062500000 0.027343750 0.078125000 0.097656250 0.082031250 0.042968750 0.050781250 0.054687500 0.066406250 0.027343750 0.050781250 0.027343750 0.035156250 0.097656250 0.078125000 0.031250000 0.027343750 0.078125000 0.039062500 0.035156250 0.035156250 0.054687500 0.007812500 0.031250000 0.054687500 0.035156250 0.058593750 0.039062500 0.031250000 0.066406250 0.062500000 0.027343750 0.015625000 0.046875000 0.031250000 0.035156250 0.082031250 0.062500000 0.062500000 0.054687500 0.023437500 0.019531250 0.015625000 0.039062500 0.054687500 0.023437500 0.042968750 0.023437500 0.054687500 0.015625000 0.058593750 0.046875000 0.046875000 0.054687500 0.050781250 0.015625000 0.035156250 0.031250000 0.078125000 0.019531250 0.039062500 0.027343750 0.015625000 0.046875000 0.031250000 0.046875000 0.027343750 0.015625000 0.015625000 0.027343750 0.058593750 0.042968750 0.023437500 0.074218750 0.039062500 0.019531250 0.027343750 0.019531250 0.019531250 0.019531250 0.023437500 0.023437500 0.003906250 0.035156250 0.039062500 0.015625000 0.050781250 0.042968750 0.042968750 0.019531250 0.027343750 0.031250000 0.027343750 0.035156250 0.031250000 0.023437500 0.027343750 0.011718750 0.046875000 0.031250000 0.023437500 0.015625000 0.042968750 0.035156250 0.050781250 0.035156250 0.054687500 0.070312500 0.027343750 0.027343750 0.035156250 0.039062500 0.074218750 0.050781250 0.042968750 0.031250000 0.058593750 0.039062500 0.019531250 0.042968750 0.007812500 0.011718750 0.031250000 0.031250000 0.050781250 0.042968750 0.039062500 0.054687500 0.015625000 0.015625000 0.035156250 0.035156250 0.050781250 0.035156250 0.039062500 0.050781250 0.015625000 0.027343750 0.035156250 0.027343750 0.035156250 0.027343750 0.039062500 0.062500000 0.027343750 0.074218750 0.046875000 0.031250000 0.050781250 0.035156250 0.050781250 0.031250000 0.042968750 0.031250000 0.031250000 0.027343750 0.031250000 0.054687500 0.050781250 0.023437500 0.011718750 0.031250000 0.035156250 0.054687500 0.035156250 0.027343750 0.031250000 0.039062500 0.035156250 0.011718750 0.007812500 0.039062500 0.046875000 
2.144531250 0.964843750 1.328125000 2.367187500 7.917968750 7.476562500 2.234375000 1.281250000 1.398437500 1.785156250 1.542968750 1.386718750 1.316406250 1.445312500 1.085937500 1.414062500 1.371093750 2.250000000 1.683593750 0.617187500 0.343750000 0.824218750 0.652343750 0.464843750 0.320312500 0.054687500 0.285156250 0.441406250 0.144531250 0.175781250 0.128906250 0.148437500 0.550781250 0.140625000 0.140625000 0.773437500 0.625000000 0.175781250 0.097656250 0.343750000 0.441406250 1.304687500 0.496093750 0.410156250 0.382812500 0.175781250 0.035156250 0.300781250 0.320312500 0.304687500 0.750000000 0.394531250 0.574218750 0.328125000 0.097656250 0.281250000 0.117187500 0.484375000 0.199218750 0.128906250 0.164062500 0.179687500 0.058593750 0.156250000 0.152343750 0.144531250 0.156250000 0.089843750 0.105468750 0.144531250 0.101562500 0.109375000 0.132812500 0.105468750 0.074218750 0.136718750 0.105468750 0.125000000 0.066406250 0.171875000 0.046875000 0.078125000 0.042968750 0.070312500 0.105468750 0.097656250 0.105468750 0.082031250 0.105468750 0.125000000 0.078125000 0.089843750 0.066406250 0.117187500 0.109375000 0.085937500 0.070312500 0.093750000 0.097656250 0.070312500 0.058593750 0.085937500 0.070312500 0.074218750 0.078125000 0.085937500 0.089843750 0.050781250 0.082031250 0.085937500 0.054687500 0.070312500 0.105468750 0.054687500 0.042968750 0.050781250 0.050781250 0.050781250 0.085937500 0.042968750 0.082031250 0.078125000 0.078125000 0.093750000 0.050781250 0.062500000 0.070312500 0.093750000 0.046875000 0.035156250 0.070312500 0.074218750 0.042968750 0.039062500 0.046875000 0.054687500 0.050781250 0.062500000 0.070312500 0.066406250 0.046875000 0.058593750 0.085937500 0.031250000 0.035156250 0.085937500 0.046875000 0.027343750 0.085937500 0.054687500 0.070312500 0.039062500 0.046875000 0.082031250 0.015625000 0.058593750 0.062500000 0.019531250 0.085937500 0.070312500 0.054687500 0.078125000 0.058593750 0.097656250 0.066406250 0.058593750 0.062500000 0.039062500 0.039062500 0.082031250 0.042968750 0.074218750 0.035156250 0.039062500 0.035156250 0.058593750 0.070312500 0.050781250 0.054687500 0.078125000 0.046875000 0.019531250 0.039062500 0.046875000 0.039062500 0.062500000 0.046875000 0.035156250 0.062500000 0.054687500 0.085937500 0.070312500 0.078125000 0.039062500 0.054687500 0.066406250 0.039062500 0.050781250 0.085937500 0.031250000 0.050781250 0.039062500 0.070312500 0.074218750 0.031250000 0.066406250 0.066406250 0.062500000 0.039062500 0.074218750 0.054687500 0.074218750 0.062500000 0.042968750 0.046875000 0.039062500 0.074218750 0.050781250 0.050781250 0.058593750 0.058593750 0.070312500 0.054687500 0.066406250 0.035156250 0.015625000 0.050781250 0.031250000 0.015625000 0.050781250 0.054687500 0.058593750 0.058593750 0.035156250 0.023437500 0.062500000 0.027343750 0.066406250 0.050781250 0.062500000 0.082031250 0.046875000 0.039062500 0.066406250 0.058593750 0.058593750 0.066406250 0.058593750 0.027343750 0.070312500 0.042968750 0.039062500 0.027343750 0.054687500 0.039062500 0.074218750 0.019531250 
1.261718750 0.468750000 0.957031250 1.804687500 7.140625000 7.289062500 2.863281250 2.042968750 2.394531250 1.792968750 0.406250000 0.535156250 0.351562500 0.367187500 0.503906250 0.601562500 0.519531250 1.171875000 0.625000000 0.167968750 0.359375000 0.351562500 0.382812500 0.585937500 0.363281250 0.402343750 0.515625000 0.457031250 0.351562500 0.218750000 0.367187500 0.253906250 0.570312500 0.230468750 0.503906250 0.312500000 0.226562500 0.355468750 0.121093750 0.464843750 0.171875000 0.847656250 0.195312500 0.160156250 0.070312500 0.125000000 0.027343750 0.031250000 0.136718750 0.089843750 0.273437500 0.472656250 0.222656250 0.128906250 0.109375000 0.160156250 0.269531250 0.132812500 0.128906250 0.117187500 0.210937500 0.031250000 0.089843750 0.121093750 0.027343750 0.085937500 0.113281250 0.089843750 0.062500000 0.070312500 0.101562500 0.125000000 0.089843750 0.066406250 0.085937500 0.066406250 0.070312500 0.050781250 0.031250000 0.093750000 0.101562500 0.097656250 0.058593750 0.085937500 0.015625000 0.054687500 0.050781250 0.011718750 0.050781250 0.078125000 0.058593750 0.062500000 0.070312500 0.046875000 0.082031250 0.066406250 0.089843750 0.031250000 0.062500000 0.074218750 0.050781250 0.050781250 0.078125000 0.070312500 0.074218750 0.007812500 0.058593750 0.042968750 0.070312500 0.054687500 0.015625000 0.058593750 0.054687500 0.070312500 0.027343750 0.074218750 0.046875000 0.046875000 0.058593750 0.062500000 0.042968750 0.070312500 0.050781250 0.054687500 0.011718750 0.023437500 0.031250000 0.039062500 0.074218750 0.050781250 0.054687500 0.031250000 0.031250000 0.039062500 0.054687500 0.062500000 0.039062500 0.082031250 0.062500000 0.089843750 0.035156250 0.062500000 0.070312500 0.027343750 0.039062500 0.062500000 0.042968750 0.039062500 0.054687500 0.019531250 0.027343750 0.066406250 0.027343750 0.039062500 0.085937500 0.050781250 0.054687500 0.062500000 0.066406250 0.050781250 0.042968750 0.066406250 0.035156250 0.015625000 0.039062500 0.015625000 0.023437500 0.042968750 0.027343750 0.058593750 0.042968750 0.050781250 0.039062500 0.046875000 0.015625000 0.042968750 0.031250000 0.042968750 0.035156250 0.023437500 0.066406250 0.015625000 0.058593750 0.023437500 0.011718750 0.042968750 0.039062500 0.027343750 0.046875000 0.035156250 0.070312500 0.039062500 0.027343750 0.058593750 0.050781250 0.039062500 0.027343750 0.027343750 0.011718750 0.074218750 0.046875000 0.054687500 0.019531250 0.058593750 0.058593750 0.015625000 0.031250000 0.035156250 0.046875000 0.054687500 0.039062500 0.101562500 0.027343750 0.027343750 0.031250000 0.031250000 0.066406250 0.054687500 0.046875000 0.062500000 0.039062500 0.015625000 0.035156250 0.031250000 0.042968750 0.046875000 0.031250000 0.070312500 0.046875000 0.039062500 0.035156250 0.023437500 0.027343750 0.019531250 0.050781250 0.066406250 0.019531250 0.015625000 0.046875000 0.058593750 0.058593750 0.054687500 0.015625000 0.062500000 0.058593750 0.050781250 0.023437500 0.023437500 0.046875000 0.035156250 0.031250000 0.027343750 0.039062500 0.011718750 0.027343750 0.078125000 0.105468750 
0.519531250 1.070312500 1.511718750 2.222656250 6.855468750 6.046875000 2.207031250 1.558593750 1.906250000 1.820312500 0.562500000 0.351562500 0.531250000 1.191406250 0.320312500 0.164062500 0.285156250 0.820312500 0.316406250 0.582031250 0.246093750 0.082031250 0.355468750 0.128906250 0.144531250 0.175781250 0.050781250 0.093750000 0.117187500 0.179687500 0.070312500 0.218750000 0.203125000 0.199218750 0.273437500 0.324218750 0.339843750 0.066406250 0.031250000 0.375000000 0.222656250 0.730468750 0.210937500 0.105468750 0.050781250 0.031250000 0.039062500 0.050781250 0.121093750 0.078125000 0.082031250 0.167968750 0.093750000 0.042968750 0.093750000 0.113281250 0.257812500 0.085937500 0.097656250 0.035156250 0.113281250 0.058593750 0.050781250 0.031250000 0.113281250 0.023437500 0.058593750 0.023437500 0.085937500 0.027343750 0.050781250 0.050781250 0.046875000 0.019531250 0.074218750 0.027343750 0.023437500 0.042968750 0.011718750 0.003906250 0.035156250 0.085937500 0.058593750 0.011718750 0.070312500 0.027343750 0.066406250 0.035156250 0.035156250 0.015625000 0.023437500 0.042968750 0.066406250 0.035156250 0.054687500 0.039062500 0.035156250 0.007812500 0.031250000 0.007812500 0.027343750 0.027343750 0.031250000 0.023437500 0.046875000 0.050781250 0.027343750 0.031250000 0.042968750 0.023437500 0.039062500 0.031250000 0.039062500 0.070312500 0.039062500 0.015625000 0.019531250 0.031250000 0.027343750 0.050781250 0.007812500 0.027343750 0.011718750 0.011718750 0.031250000 0.023437500 0.019531250 0.035156250 0.011718750 0.046875000 0.019531250 0.023437500 0.023437500 0.023437500 0.015625000 0.007812500 0.007812500 0.054687500 0.023437500 0.031250000 0.054687500 0.046875000 0.058593750 0.011718750 0.035156250 0.031250000 0.015625000 0.007812500 0.027343750 0.011718750 0.027343750 0.039062500 0.023437500 0.007812500 0.035156250 0.019531250 0.003906250 0.035156250 0.023437500 0.007812500 0.035156250 0.046875000 0.023437500 0.050781250 0.007812500 0.019531250 0.015625000 0.031250000 0.023437500 0.046875000 0.027343750 0.039062500 0.046875000 0.019531250 0.046875000 0.035156250 0.015625000 0.031250000 0.031250000 0.062500000 0.035156250 0.011718750 0.003906250 0.039062500 0.011718750 0.019531250 0.011718750 0.015625000 0.031250000 0.039062500 0.031250000 0.035156250 0.011718750 0.050781250 0.027343750 0.023437500 0.027343750 0.015625000 0.023437500 0.046875000 0.027343750 0.019531250 0.035156250 0.027343750 0.023437500 0.046875000 0.015625000 0.027343750 0.023437500 0.019531250 0.015625000 0.066406250 0.015625000 0.023437500 0.035156250 0.023437500 0.062500000 0.011718750 0.011718750 0.046875000 0.019531250 0.011718750 0.023437500 0.015625000 0.019531250 0.042968750 0.007812500 0.054687500 0.050781250 0.039062500 0.027343750 0.027343750 0.011718750 0.042968750 0.015625000 0.035156250 0.015625000 0.046875000 0.015625000 0.011718750 0.027343750 0.066406250 0.035156250 0.031250000 0.003906250 0.042968750 0.015625000 0.019531250 0.058593750 0.015625000 0.023437500 0.011718750 0.023437500 0.019531250 0.031250000 0.046875000 0.027343750 
1.496093750 1.328125000 1.625000000 2.246093750 6.195312500 4.664062500 1.109375000 0.566406250 1.152343750 2.070312500 1.257812500 0.394531250 0.128906250 1.531250000 0.414062500 0.359375000 0.550781250 1.097656250 0.128906250 0.667968750 0.250000000 0.628906250 0.250000000 0.070312500 0.046875000 0.066406250 0.148437500 0.082031250 0.078125000 0.164062500 0.105468750 0.101562500 0.187500000 0.050781250 0.371093750 0.058593750 0.207031250 0.113281250 0.160156250 0.175781250 0.140625000 0.382812500 0.167968750 0.187500000 0.039062500 0.152343750 0.093750000 0.042968750 0.093750000 0.167968750 0.292968750 0.019531250 0.035156250 0.039062500 0.085937500 0.105468750 0.128906250 0.105468750 0.039062500 0.011718750 0.101562500 0.023437500 0.011718750 0.070312500 0.117187500 0.031250000 0.062500000 0.046875000 0.074218750 0.003906250 0.027343750 0.054687500 0.011718750 0.023437500 0.050781250 0.039062500 0.023437500 0.023437500 0.011718750 0.015625000 0.007812500 0.050781250 0.042968750 0.007812500 0.027343750 0.054687500 0.035156250 0.027343750 0.046875000 0.019531250 0.031250000 0.039062500 0.019531250 0.003906250 0.031250000 0.015625000 0.039062500 0.027343750 0.015625000 0.023437500 0.011718750 0.000000000 0.027343750 0.019531250 0.007812500 0.015625000 0.035156250 0.042968750 0.027343750 0.003906250 0.050781250 0.007812500 0.031250000 0.042968750 0.015625000 0.019531250 0.027343750 0.023437500 0.011718750 0.035156250 0.039062500 0.046875000 0.007812500 0.019531250 0.015625000 0.035156250 0.023437500 0.031250000 0.007812500 0.019531250 0.023437500 0.011718750 0.015625000 0.031250000 0.046875000 0.019531250 0.015625000 0.054687500 0.039062500 0.011718750 0.050781250 0.042968750 0.023437500 0.039062500 0.011718750 0.007812500 0.039062500 0.023437500 0.019531250 0.019531250 0.011718750 0.019531250 0.023437500 0.019531250 0.039062500 0.031250000 0.011718750 0.039062500 0.031250000 0.019531250 0.035156250 0.050781250 0.035156250 0.035156250 0.003906250 0.039062500 0.003906250 0.031250000 0.015625000 0.035156250 0.035156250 0.015625000 0.019531250 0.027343750 0.015625000 0.046875000 0.031250000 0.015625000 0.015625000 0.031250000 0.019531250 0.035156250 0.027343750 0.035156250 0.031250000 0.035156250 0.011718750 0.007812500 0.027343750 0.027343750 0.027343750 0.035156250 0.019531250 0.035156250 0.042968750 0.027343750 0.039062500 0.007812500 0.015625000 0.050781250 0.027343750 0.011718750 0.019531250 0.007812500 0.007812500 0.015625000 0.015625000 0.035156250 0.023437500 0.023437500 0.019531250 0.058593750 0.015625000 0.019531250 0.027343750 0.054687500 0.031250000 0.015625000 0.019531250 0.039062500 0.019531250 0.011718750 0.003906250 0.007812500 0.023437500 0.039062500 0.003906250 0.042968750 0.039062500 0.027343750 0.050781250 0.027343750 0.023437500 0.035156250 0.003906250 0.031250000 0.015625000 0.050781250 0.031250000 0.019531250 0.035156250 0.054687500 0.042968750 0.050781250 0.027343750 0.011718750 0.015625000 0.007812500 0.042968750 0.023437500 0.015625000 0.023437500 0.027343750 0.011718750 0.066406250 0.039062500 0.019531250 
0.949218750 0.882812500 0.984375000 1.429687500 4.562500000 3.636718750 1.218750000 0.777343750 2.101562500 1.664062500 0.507812500 0.433593750 0.820312500 0.257812500 0.816406250 0.417968750 0.613281250 0.843750000 0.554687500 0.289062500 0.445312500 0.617187500 0.093750000 0.375000000 0.128906250 0.023437500 0.304687500 0.078125000 0.058593750 0.210937500 0.027343750 0.062500000 0.179687500 0.074218750 0.316406250 0.109375000 0.230468750 0.058593750 0.128906250 0.187500000 0.101562500 0.308593750 0.304687500 0.082031250 0.117187500 0.132812500 0.121093750 0.042968750 0.078125000 0.164062500 0.355468750 0.101562500 0.105468750 0.125000000 0.105468750 0.070312500 0.054687500 0.035156250 0.066406250 0.035156250 0.062500000 0.031250000 0.050781250 0.070312500 0.007812500 0.140625000 0.136718750 0.015625000 0.066406250 0.023437500 0.007812500 0.042968750 0.035156250 0.039062500 0.031250000 0.011718750 0.042968750 0.039062500 0.035156250 0.015625000 0.035156250 0.058593750 0.046875000 0.042968750 0.074218750 0.015625000 0.003906250 0.046875000 0.050781250 0.035156250 0.011718750 0.050781250 0.046875000 0.015625000 0.031250000 0.058593750 0.058593750 0.019531250 0.042968750 0.019531250 0.039062500 0.007812500 0.031250000 0.015625000 0.019531250 0.011718750 0.007812500 0.023437500 0.054687500 0.035156250 0.023437500 0.023437500 0.031250000 0.046875000 0.015625000 0.007812500 0.042968750 0.019531250 0.019531250 0.031250000 0.039062500 0.027343750 0.019531250 0.019531250 0.015625000 0.031250000 0.023437500 0.042968750 0.007812500 0.019531250 0.046875000 0.015625000 0.019531250 0.031250000 0.015625000 0.019531250 0.050781250 0.023437500 0.031250000 0.019531250 0.070312500 0.023437500 0.007812500 0.007812500 0.042968750 0.027343750 0.042968750 0.015625000 0.003906250 0.015625000 0.023437500 0.007812500 0.007812500 0.027343750 0.031250000 0.015625000 0.007812500 0.015625000 0.062500000 0.039062500 0.039062500 0.046875000 0.019531250 0.007812500 0.023437500 0.046875000 0.031250000 0.023437500 0.050781250 0.003906250 0.054687500 0.007812500 0.050781250 0.015625000 0.011718750 0.011718750 0.035156250 0.035156250 0.039062500 0.015625000 0.035156250 0.039062500 0.027343750 0.031250000 0.035156250 0.007812500 0.035156250 0.011718750 0.027343750 0.015625000 0.007812500 0.015625000 0.042968750 0.058593750 0.027343750 0.019531250 0.046875000 0.015625000 0.023437500 0.035156250 0.039062500 0.019531250 0.023437500 0.007812500 0.007812500 0.011718750 0.011718750 0.042968750 0.035156250 0.007812500 0.015625000 0.035156250 0.007812500 0.015625000 0.011718750 0.046875000 0.027343750 0.035156250 0.015625000 0.027343750 0.042968750 0.023437500 0.015625000 0.039062500 0.035156250 0.027343750 0.007812500 0.031250000 0.015625000 0.031250000 0.042968750 0.023437500 0.011718750 0.023437500 0.023437500 0.042968750 0.031250000 0.031250000 0.027343750 0.007812500 0.015625000 0.046875000 0.050781250 0.050781250 0.007812500 0.023437500 0.035156250 0.011718750 0.027343750 0.039062500 0.023437500 0.011718750 0.035156250 0.023437500 0.035156250 0.019531250 0.003906250 
0.156250000 0.574218750 0.464843750 0.667968750 2.644531250 2.960937500 0.910156250 1.164062500 2.773437500 1.093750000 0.402343750 0.285156250 0.386718750 0.808593750 1.277343750 1.484375000 1.878906250 1.167968750 0.394531250 0.039062500 0.546875000 0.605468750 0.410156250 0.199218750 0.488281250 0.152343750 0.242187500 0.187500000 0.191406250 0.343750000 0.085937500 0.101562500 0.093750000 0.281250000 0.054687500 0.144531250 0.203125000 0.105468750 0.031250000 0.023437500 0.062500000 0.277343750 0.300781250 0.152343750 0.105468750 0.105468750 0.332031250 0.230468750 0.222656250 0.171875000 0.324218750 0.144531250 0.179687500 0.140625000 0.128906250 0.125000000 0.218750000 0.089843750 0.050781250 0.140625000 0.039062500 0.082031250 0.152343750 0.097656250 0.039062500 0.062500000 0.164062500 0.097656250 0.062500000 0.089843750 0.128906250 0.050781250 0.066406250 0.027343750 0.011718750 0.015625000 0.031250000 0.085937500 0.023437500 0.027343750 0.031250000 0.054687500 0.019531250 0.062500000 0.070312500 0.007812500 0.027343750 0.019531250 0.031250000 0.035156250 0.019531250 0.062500000 0.027343750 0.011718750 0.023437500 0.015625000 0.046875000 0.019531250 0.023437500 0.015625000 0.035156250 0.031250000 0.035156250 0.031250000 0.062500000 0.054687500 0.023437500 0.035156250 0.019531250 0.054687500 0.023437500 0.039062500 0.035156250 0.027343750 0.015625000 0.027343750 0.039062500 0.027343750 0.019531250 0.027343750 0.023437500 0.023437500 0.011718750 0.023437500 0.027343750 0.027343750 0.019531250 0.015625000 0.042968750 0.058593750 0.027343750 0.039062500 0.007812500 0.042968750 0.039062500 0.019531250 0.062500000 0.019531250 0.035156250 0.011718750 0.066406250 0.023437500 0.019531250 0.035156250 0.015625000 0.027343750 0.019531250 0.015625000 0.015625000 0.015625000 0.019531250 0.023437500 0.011718750 0.042968750 0.019531250 0.031250000 0.019531250 0.023437500 0.062500000 0.035156250 0.027343750 0.019531250 0.019531250 0.011718750 0.007812500 0.031250000 0.019531250 0.007812500 0.035156250 0.039062500 0.042968750 0.015625000 0.015625000 0.031250000 0.046875000 0.027343750 0.015625000 0.046875000 0.023437500 0.027343750 0.023437500 0.054687500 0.035156250 0.011718750 0.019531250 0.027343750 0.066406250 0.031250000 0.019531250 0.003906250 0.015625000 0.039062500 0.027343750 0.039062500 0.027343750 0.019531250 0.035156250 0.031250000 0.011718750 0.027343750 0.031250000 0.000000000 0.023437500 0.011718750 0.007812500 0.015625000 0.015625000 0.023437500 0.015625000 0.015625000 0.015625000 0.027343750 0.007812500 0.011718750 0.007812500 0.054687500 0.019531250 0.011718750 0.023437500 0.011718750 0.011718750 0.042968750 0.007812500 0.031250000 0.042968750 0.015625000 0.023437500 0.058593750 0.019531250 0.015625000 0.027343750 0.031250000 0.003906250 0.015625000 0.035156250 0.015625000 0.027343750 0.015625000 0.023437500 0.027343750 0.027343750 0.035156250 0.035156250 0.046875000 0.011718750 0.042968750 0.019531250 0.031250000 0.039062500 0.031250000 0.019531250 0.015625000 0.027343750 0.015625000 0.027343750 0.019531250 0.007812500 
1.187500000 0.136718750 0.179687500 0.765625000 0.566406250 2.476562500 0.683593750 1.078125000 3.636718750 0.839843750 0.410156250 0.574218750 1.078125000 1.003906250 0.320312500 1.710937500 3.636718750 1.621093750 0.648437500 0.835937500 0.664062500 0.628906250 0.769531250 0.859375000 0.296875000 0.410156250 0.363281250 0.535156250 0.097656250 0.339843750 0.167968750 0.218750000 0.167968750 0.054687500 0.414062500 0.324218750 0.265625000 0.343750000 0.261718750 0.164062500 0.128906250 0.171875000 0.316406250 0.117187500 0.203125000 0.179687500 0.250000000 0.203125000 0.437500000 0.523437500 0.152343750 0.039062500 0.492187500 0.312500000 0.507812500 0.226562500 0.417968750 0.464843750 0.417968750 0.148437500 0.128906250 0.335937500 0.132812500 0.203125000 0.078125000 0.191406250 0.121093750 0.234375000 0.164062500 0.089843750 0.097656250 0.109375000 0.164062500 0.113281250 0.140625000 0.125000000 0.128906250 0.019531250 0.078125000 0.101562500 0.085937500 0.117187500 0.078125000 0.148437500 0.117187500 0.039062500 0.046875000 0.089843750 0.121093750 0.035156250 0.101562500 0.035156250 0.031250000 0.046875000 0.050781250 0.062500000 0.078125000 0.074218750 0.046875000 0.082031250 0.109375000 0.074218750 0.093750000 0.097656250 0.011718750 0.101562500 0.066406250 0.023437500 0.074218750 0.027343750 0.105468750 0.050781250 0.054687500 0.054687500 0.035156250 0.050781250 0.058593750 0.093750000 0.058593750 0.039062500 0.058593750 0.070312500 0.074218750 0.050781250 0.054687500 0.054687500 0.023437500 0.058593750 0.082031250 0.015625000 0.082031250 0.070312500 0.050781250 0.101562500 0.046875000 0.093750000 0.109375000 0.097656250 0.015625000 0.039062500 0.097656250 0.058593750 0.031250000 0.082031250 0.054687500 0.039062500 0.023437500 0.042968750 0.066406250 0.039062500 0.050781250 0.066406250 0.050781250 0.039062500 0.078125000 0.058593750 0.062500000 0.046875000 0.054687500 0.015625000 0.039062500 0.058593750 0.039062500 0.054687500 0.066406250 0.078125000 0.046875000 0.027343750 0.039062500 0.078125000 0.062500000 0.023437500 0.035156250 0.054687500 0.046875000 0.035156250 0.050781250 0.089843750 0.054687500 0.062500000 0.027343750 0.050781250 0.042968750 0.070312500 0.085937500 0.062500000 0.050781250 0.101562500 0.074218750 0.039062500 0.035156250 0.089843750 0.003906250 0.046875000 0.015625000 0.046875000 0.011718750 0.031250000 0.039062500 0.062500000 0.066406250 0.039062500 0.050781250 0.050781250 0.058593750 0.074218750 0.023437500 0.039062500 0.062500000 0.074218750 0.039062500 0.046875000 0.046875000 0.039062500 0.027343750 0.074218750 0.035156250 0.023437500 0.054687500 0.062500000 0.078125000 0.023437500 0.039062500 0.019531250 0.042968750 0.042968750 0.050781250 0.054687500 0.070312500 0.062500000 0.062500000 0.070312500 0.070312500 0.039062500 0.070312500 0.046875000 0.066406250 0.027343750 0.050781250 0.027343750 0.054687500 0.042968750 0.050781250 0.074218750 0.070312500 0.027343750 0.031250000 0.054687500 0.031250000 0.066406250 0.042968750 0.007812500 0.019531250 0.039062500 0.035156250 0.027343750 0.046875000 
1.308593750 0.152343750 0.457031250 0.808593750 1.890625000 1.375000000 0.328125000 1.652343750 4.085937500 0.593750000 0.582031250 2.367187500 2.097656250 1.050781250 1.082031250 3.445312500 4.136718750 1.097656250 0.910156250 2.648437500 0.910156250 0.675781250 0.746093750 0.937500000 0.425781250 0.292968750 0.472656250 0.675781250 0.457031250 0.441406250 0.164062500 0.296875000 0.316406250 0.242187500 0.531250000 0.191406250 0.160156250 0.371093750 0.113281250 0.246093750 0.109375000 0.316406250 0.312500000 0.125000000 0.179687500 0.187500000 0.195312500 0.410156250 0.222656250 0.574218750 0.382812500 0.378906250 0.582031250 0.449218750 0.230468750 0.574218750 0.855468750 0.914062500 0.250000000 0.480468750 0.621093750 0.328125000 0.265625000 0.210937500 0.277343750 0.218750000 0.421875000 0.335937500 0.503906250 0.109375000 0.261718750 0.328125000 0.214843750 0.152343750 0.136718750 0.218750000 0.148437500 0.183593750 0.183593750 0.171875000 0.164062500 0.121093750 0.109375000 0.085937500 0.136718750 0.101562500 0.152343750 0.125000000 0.167968750 0.121093750 0.097656250 0.085937500 0.121093750 0.128906250 0.093750000 0.074218750 0.132812500 0.085937500 0.113281250 0.121093750 0.085937500 0.097656250 0.046875000 0.101562500 0.050781250 0.082031250 0.113281250 0.085937500 0.117187500 0.136718750 0.128906250 0.093750000 0.089843750 0.078125000 0.039062500 0.089843750 0.093750000 0.117187500 0.062500000 0.082031250 0.082031250 0.093750000 0.070312500 0.097656250 0.082031250 0.058593750 0.031250000 0.093750000 0.074218750 0.097656250 0.105468750 0.062500000 0.042968750 0.128906250 0.117187500 0.074218750 0.175781250 0.089843750 0.167968750 0.097656250 0.089843750 0.085937500 0.062500000 0.035156250 0.109375000 0.105468750 0.089843750 0.125000000 0.078125000 0.070312500 0.085937500 0.039062500 0.074218750 0.066406250 0.031250000 0.089843750 0.031250000 0.054687500 0.046875000 0.058593750 0.066406250 0.058593750 0.074218750 0.039062500 0.050781250 0.074218750 0.062500000 0.085937500 0.042968750 0.078125000 0.070312500 0.066406250 0.082031250 0.082031250 0.050781250 0.082031250 0.078125000 0.078125000 0.058593750 0.082031250 0.062500000 0.058593750 0.093750000 0.035156250 0.078125000 0.070312500 0.113281250 0.105468750 0.042968750 0.070312500 0.074218750 0.066406250 0.105468750 0.050781250 0.070312500 0.062500000 0.070312500 0.078125000 0.082031250 0.050781250 0.085937500 0.070312500 0.062500000 0.058593750 0.066406250 0.050781250 0.070312500 0.054687500 0.050781250 0.082031250 0.066406250 0.054687500 0.066406250 0.066406250 0.070312500 0.046875000 0.054687500 0.078125000 0.050781250 0.058593750 0.097656250 0.062500000 0.050781250 0.050781250 0.046875000 0.042968750 0.101562500 0.042968750 0.046875000 0.078125000 0.066406250 0.066406250 0.085937500 0.058593750 0.046875000 0.039062500 0.058593750 0.054687500 0.054687500 0.039062500 0.046875000 0.031250000 0.082031250 0.054687500 0.062500000 0.042968750 0.062500000 0.085937500 0.054687500 0.066406250 0.097656250 0.035156250 0.070312500 0.039062500 0.042968750 0.050781250 0.050781250 
0.859375000 0.269531250 0.445312500 0.363281250 2.871093750 1.210937500 1.136718750 3.167968750 2.886718750 1.261718750 1.039062500 3.894531250 0.589843750 0.949218750 1.371093750 4.738281250 3.187500000 1.613281250 2.316406250 2.097656250 0.832031250 0.476562500 0.101562500 0.492187500 0.300781250 0.441406250 0.625000000 0.277343750 0.156250000 0.117187500 0.132812500 0.128906250 0.015625000 0.074218750 0.250000000 0.136718750 0.070312500 0.246093750 0.273437500 0.175781250 0.085937500 0.160156250 0.152343750 0.132812500 0.070312500 0.191406250 0.218750000 0.343750000 0.199218750 0.468750000 0.406250000 0.160156250 0.882812500 0.625000000 0.062500000 0.355468750 0.832031250 1.453125000 0.828125000 0.375000000 0.441406250 0.113281250 0.113281250 0.082031250 0.226562500 0.203125000 0.253906250 0.386718750 0.375000000 0.238281250 0.277343750 0.199218750 0.085937500 0.089843750 0.062500000 0.125000000 0.082031250 0.019531250 0.042968750 0.011718750 0.015625000 0.019531250 0.027343750 0.070312500 0.011718750 0.031250000 0.042968750 0.015625000 0.035156250 0.031250000 0.027343750 0.011718750 0.050781250 0.050781250 0.031250000 0.050781250 0.023437500 0.015625000 0.054687500 0.031250000 0.031250000 0.023437500 0.062500000 0.031250000 0.039062500 0.031250000 0.050781250 0.054687500 0.062500000 0.027343750 0.039062500 0.027343750 0.027343750 0.023437500 0.031250000 0.042968750 0.007812500 0.035156250 0.035156250 0.019531250 0.023437500 0.023437500 0.027343750 0.046875000 0.031250000 0.046875000 0.042968750 0.070312500 0.039062500 0.054687500 0.015625000 0.027343750 0.035156250 0.082031250 0.066406250 0.027343750 0.128906250 0.035156250 0.101562500 0.015625000 0.082031250 0.035156250 0.027343750 0.082031250 0.085937500 0.031250000 0.039062500 0.035156250 0.035156250 0.023437500 0.023437500 0.035156250 0.003906250 0.027343750 0.035156250 0.050781250 0.058593750 0.042968750 0.027343750 0.027343750 0.019531250 0.019531250 0.007812500 0.050781250 0.035156250 0.011718750 0.050781250 0.035156250 0.019531250 0.042968750 0.031250000 0.027343750 0.003906250 0.027343750 0.027343750 0.023437500 0.039062500 0.003906250 0.031250000 0.019531250 0.023437500 0.062500000 0.011718750 0.035156250 0.023437500 0.046875000 0.035156250 0.078125000 0.093750000 0.066406250 0.019531250 0.015625000 0.035156250 0.035156250 0.027343750 0.003906250 0.035156250 0.031250000 0.035156250 0.027343750 0.019531250 0.003906250 0.023437500 0.015625000 0.023437500 0.039062500 0.058593750 0.019531250 0.039062500 0.023437500 0.027343750 0.019531250 0.015625000 0.011718750 0.003906250 0.003906250 0.000000000 0.003906250 0.066406250 0.066406250 0.007812500 0.066406250 0.054687500 0.015625000 0.050781250 0.046875000 0.046875000 0.015625000 0.054687500 0.011718750 0.035156250 0.023437500 0.050781250 0.007812500 0.015625000 0.027343750 0.027343750 0.027343750 0.011718750 0.031250000 0.015625000 0.031250000 0.054687500 0.027343750 0.023437500 0.023437500 0.023437500 0.015625000 0.015625000 0.019531250 0.011718750 0.058593750 0.011718750 0.046875000 0.027343750 0.031250000 0.031250000 
0.953125000 0.246093750 0.453125000 0.574218750 2.195312500 1.761718750 1.062500000 5.027343750 0.546875000 0.972656250 0.800781250 3.980468750 2.046875000 1.382812500 2.644531250 3.222656250 1.343750000 1.480468750 4.105468750 1.101562500 0.433593750 0.570312500 0.394531250 0.414062500 0.335937500 0.679687500 0.226562500 0.078125000 0.074218750 0.128906250 0.121093750 0.187500000 0.101562500 0.062500000 0.039062500 0.218750000 0.164062500 0.101562500 0.125000000 0.132812500 0.148437500 0.035156250 0.187500000 0.183593750 0.203125000 0.113281250 0.144531250 0.070312500 0.468750000 0.019531250 0.210937500 0.378906250 0.539062500 0.406250000 0.171875000 0.480468750 0.785156250 1.363281250 0.785156250 0.261718750 0.746093750 0.535156250 0.226562500 0.195312500 0.218750000 0.230468750 0.054687500 0.558593750 0.289062500 0.265625000 0.210937500 0.367187500 0.203125000 0.109375000 0.109375000 0.109375000 0.039062500 0.050781250 0.113281250 0.058593750 0.011718750 0.046875000 0.039062500 0.074218750 0.035156250 0.085937500 0.070312500 0.062500000 0.042968750 0.015625000 0.042968750 0.039062500 0.011718750 0.035156250 0.023437500 0.031250000 0.019531250 0.027343750 0.019531250 0.031250000 0.035156250 0.050781250 0.011718750 0.019531250 0.023437500 0.054687500 0.042968750 0.042968750 0.062500000 0.035156250 0.031250000 0.027343750 0.019531250 0.023437500 0.031250000 0.046875000 0.027343750 0.011718750 0.039062500 0.035156250 0.019531250 0.031250000 0.031250000 0.046875000 0.031250000 0.039062500 0.046875000 0.085937500 0.023437500 0.027343750 0.015625000 0.042968750 0.031250000 0.066406250 0.085937500 0.113281250 0.089843750 0.082031250 0.101562500 0.074218750 0.144531250 0.058593750 0.101562500 0.097656250 0.066406250 0.070312500 0.023437500 0.019531250 0.027343750 0.054687500 0.027343750 0.027343750 0.023437500 0.011718750 0.042968750 0.007812500 0.023437500 0.058593750 0.039062500 0.011718750 0.050781250 0.007812500 0.011718750 0.042968750 0.027343750 0.019531250 0.011718750 0.003906250 0.050781250 0.066406250 0.035156250 0.023437500 0.015625000 0.023437500 0.046875000 0.027343750 0.015625000 0.042968750 0.054687500 0.054687500 0.035156250 0.035156250 0.031250000 0.031250000 0.066406250 0.062500000 0.062500000 0.078125000 0.085937500 0.058593750 0.019531250 0.039062500 0.054687500 0.015625000 0.003906250 0.031250000 0.039062500 0.023437500 0.039062500 0.015625000 0.035156250 0.050781250 0.031250000 0.046875000 0.062500000 0.023437500 0.019531250 0.058593750 0.035156250 0.027343750 0.039062500 0.007812500 0.015625000 0.000000000 0.015625000 0.023437500 0.035156250 0.039062500 0.027343750 0.031250000 0.039062500 0.074218750 0.027343750 0.027343750 0.039062500 0.066406250 0.050781250 0.023437500 0.058593750 0.011718750 0.042968750 0.070312500 0.011718750 0.050781250 0.035156250 0.031250000 0.015625000 0.027343750 0.031250000 0.023437500 0.027343750 0.058593750 0.007812500 0.031250000 0.031250000 0.027343750 0.035156250 0.015625000 0.023437500 0.023437500 0.035156250 0.035156250 0.027343750 0.039062500 0.023437500 0.046875000 0.015625000 
0.164062500 0.195312500 0.527343750 1.070312500 0.304687500 1.523437500 0.859375000 5.242187500 0.019531250 1.750000000 2.625000000 2.277343750 1.175781250 0.753906250 3.621093750 2.035156250 0.609375000 2.566406250 2.746093750 0.437500000 0.738281250 1.039062500 0.320312500 0.679687500 0.613281250 0.339843750 0.300781250 0.199218750 0.144531250 0.089843750 0.023437500 0.191406250 0.121093750 0.148437500 0.187500000 0.218750000 0.195312500 0.121093750 0.152343750 0.101562500 0.167968750 0.136718750 0.082031250 0.035156250 0.058593750 0.062500000 0.085937500 0.097656250 0.167968750 0.335937500 0.074218750 0.054687500 0.222656250 0.542968750 0.453125000 0.429687500 0.449218750 1.195312500 0.789062500 0.589843750 0.820312500 0.054687500 0.460937500 0.335937500 0.199218750 0.269531250 0.265625000 0.332031250 0.238281250 0.347656250 0.328125000 0.300781250 0.140625000 0.082031250 0.105468750 0.031250000 0.207031250 0.140625000 0.097656250 0.078125000 0.042968750 0.019531250 0.003906250 0.019531250 0.027343750 0.078125000 0.011718750 0.011718750 0.027343750 0.019531250 0.015625000 0.039062500 0.046875000 0.042968750 0.050781250 0.015625000 0.011718750 0.035156250 0.031250000 0.031250000 0.031250000 0.031250000 0.023437500 0.003906250 0.058593750 0.058593750 0.019531250 0.039062500 0.031250000 0.062500000 0.035156250 0.062500000 0.046875000 0.027343750 0.031250000 0.027343750 0.015625000 0.000000000 0.023437500 0.062500000 0.015625000 0.023437500 0.027343750 0.023437500 0.093750000 0.058593750 0.015625000 0.054687500 0.035156250 0.011718750 0.015625000 0.027343750 0.062500000 0.019531250 0.035156250 0.152343750 0.148437500 0.054687500 0.097656250 0.191406250 0.011718750 0.140625000 0.113281250 0.101562500 0.050781250 0.015625000 0.039062500 0.011718750 0.027343750 0.070312500 0.011718750 0.027343750 0.023437500 0.042968750 0.023437500 0.007812500 0.035156250 0.023437500 0.023437500 0.007812500 0.035156250 0.019531250 0.035156250 0.039062500 0.042968750 0.039062500 0.035156250 0.039062500 0.031250000 0.074218750 0.023437500 0.015625000 0.015625000 0.039062500 0.042968750 0.062500000 0.062500000 0.023437500 0.058593750 0.046875000 0.035156250 0.050781250 0.101562500 0.078125000 0.039062500 0.042968750 0.050781250 0.101562500 0.046875000 0.054687500 0.058593750 0.058593750 0.027343750 0.015625000 0.031250000 0.042968750 0.035156250 0.027343750 0.035156250 0.019531250 0.035156250 0.023437500 0.023437500 0.042968750 0.066406250 0.035156250 0.019531250 0.027343750 0.031250000 0.035156250 0.027343750 0.019531250 0.000000000 0.011718750 0.023437500 0.035156250 0.011718750 0.058593750 0.007812500 0.031250000 0.054687500 0.070312500 0.019531250 0.046875000 0.035156250 0.054687500 0.054687500 0.015625000 0.058593750 0.023437500 0.046875000 0.046875000 0.046875000 0.078125000 0.039062500 0.035156250 0.039062500 0.011718750 0.019531250 0.019531250 0.015625000 0.039062500 0.031250000 0.046875000 0.015625000 0.042968750 0.019531250 0.003906250 0.031250000 0.042968750 0.015625000 0.035156250 0.019531250 0.035156250 0.046875000 0.039062500 0.000000000 
