1.402343750 0.136718750 0.359375000 0.171875000 0.320312500 0.398437500 0.445312500 0.675781250 1.207031250 0.484375000 0.527343750 0.445312500 0.062500000 0.410156250 0.585937500 0.351562500 0.343750000 1.175781250 0.335937500 0.496093750 0.062500000 0.132812500 0.363281250 0.417968750 0.167968750 0.093750000 0.046875000 0.121093750 0.199218750 0.304687500 0.078125000 0.304687500 0.191406250 0.062500000 0.347656250 0.066406250 0.113281250 0.234375000 0.277343750 0.324218750 0.136718750 0.050781250 0.320312500 0.199218750 0.164062500 0.144531250 0.062500000 0.253906250 0.277343750 0.191406250 0.218750000 0.125000000 0.207031250 0.207031250 0.226562500 0.148437500 0.007812500 0.175781250 0.136718750 0.144531250 0.078125000 0.085937500 0.117187500 0.101562500 0.132812500 0.042968750 0.070312500 0.066406250 0.148437500 0.085937500 0.050781250 0.046875000 0.093750000 0.160156250 0.074218750 0.070312500 0.085937500 0.082031250 0.078125000 0.023437500 0.019531250 0.050781250 0.046875000 0.089843750 0.066406250 0.101562500 0.109375000 0.050781250 0.050781250 0.062500000 0.109375000 0.058593750 0.082031250 0.074218750 0.085937500 0.097656250 0.085937500 0.109375000 0.074218750 0.027343750 0.042968750 0.027343750 0.050781250 0.054687500 0.031250000 0.128906250 0.113281250 0.230468750 0.085937500 0.085937500 0.105468750 0.089843750 0.066406250 0.074218750 0.082031250 0.031250000 0.050781250 0.078125000 0.074218750 0.078125000 0.058593750 0.015625000 0.046875000 0.066406250 0.070312500 0.054687500 0.050781250 0.054687500 0.097656250 0.066406250 0.085937500 0.058593750 0.058593750 0.070312500 0.062500000 0.085937500 0.050781250 0.015625000 0.007812500 0.070312500 0.027343750 0.035156250 0.046875000 0.011718750 0.121093750 0.062500000 0.078125000 0.054687500 0.093750000 0.042968750 0.031250000 0.050781250 0.039062500 0.031250000 0.058593750 0.062500000 0.046875000 0.035156250 0.109375000 0.101562500 0.019531250 0.015625000 0.023437500 0.019531250 0.019531250 0.070312500 0.046875000 0.054687500 0.085937500 0.082031250 0.085937500 0.074218750 0.023437500 0.062500000 0.074218750 0.082031250 0.089843750 0.074218750 0.031250000 0.031250000 0.027343750 0.035156250 0.039062500 0.031250000 0.066406250 0.078125000 0.035156250 0.019531250 0.039062500 0.023437500 0.050781250 0.089843750 0.070312500 0.031250000 0.066406250 0.089843750 0.144531250 0.082031250 0.078125000 0.023437500 0.042968750 0.046875000 0.062500000 0.074218750 0.054687500 0.031250000 0.050781250 0.058593750 0.062500000 0.050781250 0.019531250 0.070312500 0.066406250 0.062500000 0.050781250 0.109375000 0.046875000 0.074218750 0.074218750 0.042968750 0.042968750 0.132812500 0.093750000 0.007812500 0.042968750 0.054687500 0.062500000 0.085937500 0.097656250 0.101562500 0.082031250 0.082031250 0.105468750 0.085937500 0.070312500 0.109375000 0.117187500 0.152343750 0.242187500 0.285156250 0.339843750 0.554687500 0.433593750 0.335937500 0.250000000 0.218750000 0.160156250 0.160156250 0.105468750 0.140625000 0.085937500 0.117187500 0.074218750 0.109375000 0.078125000 0.031250000 0.066406250 
1.199218750 0.222656250 0.531250000 0.117187500 0.093750000 0.363281250 0.578125000 0.179687500 1.269531250 0.875000000 0.507812500 0.417968750 0.394531250 0.460937500 0.316406250 0.511718750 0.148437500 1.003906250 0.445312500 0.531250000 0.152343750 0.289062500 0.218750000 0.429687500 0.062500000 0.101562500 0.164062500 0.140625000 0.074218750 0.371093750 0.093750000 0.230468750 0.175781250 0.132812500 0.402343750 0.121093750 0.136718750 0.195312500 0.167968750 0.261718750 0.128906250 0.121093750 0.148437500 0.179687500 0.144531250 0.105468750 0.027343750 0.113281250 0.097656250 0.148437500 0.066406250 0.152343750 0.050781250 0.167968750 0.058593750 0.074218750 0.097656250 0.125000000 0.121093750 0.109375000 0.175781250 0.066406250 0.046875000 0.097656250 0.023437500 0.085937500 0.039062500 0.019531250 0.093750000 0.128906250 0.074218750 0.093750000 0.082031250 0.089843750 0.031250000 0.078125000 0.011718750 0.105468750 0.027343750 0.058593750 0.046875000 0.039062500 0.054687500 0.164062500 0.054687500 0.082031250 0.089843750 0.054687500 0.070312500 0.027343750 0.031250000 0.058593750 0.085937500 0.046875000 0.050781250 0.007812500 0.019531250 0.066406250 0.039062500 0.050781250 0.085937500 0.066406250 0.054687500 0.027343750 0.050781250 0.039062500 0.031250000 0.148437500 0.027343750 0.042968750 0.058593750 0.035156250 0.019531250 0.066406250 0.011718750 0.007812500 0.039062500 0.027343750 0.019531250 0.046875000 0.042968750 0.007812500 0.039062500 0.070312500 0.019531250 0.039062500 0.031250000 0.023437500 0.074218750 0.074218750 0.039062500 0.003906250 0.031250000 0.039062500 0.023437500 0.027343750 0.062500000 0.023437500 0.023437500 0.042968750 0.011718750 0.039062500 0.015625000 0.062500000 0.039062500 0.003906250 0.027343750 0.023437500 0.023437500 0.042968750 0.054687500 0.046875000 0.070312500 0.015625000 0.035156250 0.035156250 0.042968750 0.035156250 0.031250000 0.023437500 0.050781250 0.019531250 0.015625000 0.019531250 0.015625000 0.023437500 0.035156250 0.035156250 0.027343750 0.035156250 0.031250000 0.027343750 0.019531250 0.035156250 0.007812500 0.007812500 0.039062500 0.042968750 0.031250000 0.019531250 0.050781250 0.003906250 0.019531250 0.011718750 0.039062500 0.027343750 0.046875000 0.039062500 0.015625000 0.011718750 0.003906250 0.035156250 0.023437500 0.046875000 0.027343750 0.031250000 0.046875000 0.035156250 0.042968750 0.015625000 0.019531250 0.046875000 0.054687500 0.046875000 0.027343750 0.042968750 0.015625000 0.019531250 0.023437500 0.015625000 0.007812500 0.039062500 0.011718750 0.011718750 0.023437500 0.050781250 0.050781250 0.031250000 0.050781250 0.015625000 0.042968750 0.035156250 0.046875000 0.011718750 0.035156250 0.011718750 0.003906250 0.042968750 0.027343750 0.015625000 0.035156250 0.019531250 0.039062500 0.019531250 0.054687500 0.046875000 0.074218750 0.062500000 0.031250000 0.054687500 0.023437500 0.136718750 0.070312500 0.023437500 0.101562500 0.074218750 0.050781250 0.007812500 0.027343750 0.027343750 0.019531250 0.027343750 0.042968750 0.007812500 0.015625000 0.027343750 0.027343750 
0.734375000 0.234375000 0.347656250 0.242187500 0.328125000 0.320312500 0.765625000 0.718750000 0.871093750 1.707031250 0.386718750 0.292968750 0.152343750 0.109375000 0.441406250 0.140625000 0.687500000 1.312500000 0.207031250 0.625000000 0.222656250 0.265625000 0.183593750 0.398437500 0.136718750 0.226562500 0.125000000 0.128906250 0.179687500 0.253906250 0.148437500 0.191406250 0.007812500 0.167968750 0.320312500 0.160156250 0.136718750 0.183593750 0.113281250 0.300781250 0.105468750 0.167968750 0.085937500 0.144531250 0.082031250 0.050781250 0.070312500 0.109375000 0.003906250 0.128906250 0.101562500 0.125000000 0.027343750 0.117187500 0.128906250 0.113281250 0.125000000 0.160156250 0.105468750 0.121093750 0.160156250 0.078125000 0.085937500 0.093750000 0.031250000 0.062500000 0.035156250 0.015625000 0.101562500 0.105468750 0.117187500 0.074218750 0.050781250 0.109375000 0.058593750 0.062500000 0.023437500 0.113281250 0.062500000 0.058593750 0.066406250 0.003906250 0.027343750 0.101562500 0.046875000 0.058593750 0.062500000 0.062500000 0.089843750 0.027343750 0.019531250 0.039062500 0.054687500 0.054687500 0.011718750 0.027343750 0.039062500 0.066406250 0.035156250 0.101562500 0.070312500 0.070312500 0.046875000 0.046875000 0.007812500 0.058593750 0.074218750 0.117187500 0.031250000 0.027343750 0.050781250 0.035156250 0.031250000 0.082031250 0.003906250 0.035156250 0.042968750 0.035156250 0.019531250 0.058593750 0.058593750 0.039062500 0.046875000 0.050781250 0.039062500 0.027343750 0.011718750 0.031250000 0.070312500 0.062500000 0.027343750 0.027343750 0.062500000 0.015625000 0.019531250 0.007812500 0.074218750 0.050781250 0.011718750 0.031250000 0.015625000 0.035156250 0.007812500 0.050781250 0.003906250 0.042968750 0.015625000 0.011718750 0.011718750 0.019531250 0.042968750 0.050781250 0.058593750 0.035156250 0.054687500 0.007812500 0.042968750 0.019531250 0.011718750 0.003906250 0.031250000 0.035156250 0.015625000 0.015625000 0.035156250 0.031250000 0.019531250 0.023437500 0.054687500 0.035156250 0.050781250 0.011718750 0.007812500 0.031250000 0.015625000 0.015625000 0.039062500 0.042968750 0.023437500 0.027343750 0.035156250 0.019531250 0.007812500 0.015625000 0.042968750 0.003906250 0.070312500 0.015625000 0.019531250 0.035156250 0.046875000 0.011718750 0.031250000 0.042968750 0.039062500 0.019531250 0.035156250 0.050781250 0.031250000 0.011718750 0.011718750 0.066406250 0.039062500 0.031250000 0.015625000 0.039062500 0.015625000 0.031250000 0.011718750 0.019531250 0.003906250 0.035156250 0.023437500 0.023437500 0.015625000 0.015625000 0.023437500 0.046875000 0.046875000 0.046875000 0.035156250 0.023437500 0.050781250 0.015625000 0.003906250 0.039062500 0.039062500 0.023437500 0.011718750 0.042968750 0.042968750 0.031250000 0.007812500 0.027343750 0.035156250 0.042968750 0.023437500 0.074218750 0.035156250 0.042968750 0.097656250 0.062500000 0.054687500 0.074218750 0.082031250 0.070312500 0.031250000 0.023437500 0.003906250 0.023437500 0.011718750 0.027343750 0.039062500 0.015625000 0.027343750 0.015625000 0.000000000 
0.859375000 0.292968750 0.457031250 0.027343750 0.386718750 0.437500000 0.644531250 0.410156250 0.839843750 1.675781250 0.324218750 0.082031250 0.285156250 0.218750000 0.500000000 0.242187500 0.363281250 1.031250000 0.441406250 0.722656250 0.160156250 0.277343750 0.164062500 0.410156250 0.312500000 0.445312500 0.066406250 0.160156250 0.113281250 0.207031250 0.203125000 0.128906250 0.078125000 0.128906250 0.230468750 0.183593750 0.144531250 0.214843750 0.054687500 0.292968750 0.058593750 0.105468750 0.085937500 0.148437500 0.019531250 0.085937500 0.042968750 0.183593750 0.035156250 0.132812500 0.085937500 0.113281250 0.046875000 0.097656250 0.160156250 0.070312500 0.218750000 0.121093750 0.121093750 0.046875000 0.109375000 0.097656250 0.089843750 0.121093750 0.078125000 0.101562500 0.035156250 0.050781250 0.097656250 0.093750000 0.085937500 0.113281250 0.070312500 0.074218750 0.027343750 0.046875000 0.042968750 0.078125000 0.046875000 0.062500000 0.058593750 0.054687500 0.058593750 0.125000000 0.042968750 0.046875000 0.042968750 0.039062500 0.105468750 0.050781250 0.027343750 0.062500000 0.078125000 0.062500000 0.058593750 0.035156250 0.085937500 0.062500000 0.035156250 0.109375000 0.089843750 0.046875000 0.062500000 0.046875000 0.015625000 0.058593750 0.066406250 0.113281250 0.062500000 0.035156250 0.019531250 0.035156250 0.039062500 0.058593750 0.015625000 0.035156250 0.015625000 0.054687500 0.007812500 0.066406250 0.062500000 0.027343750 0.058593750 0.050781250 0.058593750 0.011718750 0.015625000 0.042968750 0.093750000 0.023437500 0.023437500 0.000000000 0.066406250 0.039062500 0.023437500 0.019531250 0.058593750 0.042968750 0.031250000 0.042968750 0.007812500 0.046875000 0.039062500 0.027343750 0.058593750 0.019531250 0.000000000 0.058593750 0.058593750 0.023437500 0.035156250 0.082031250 0.011718750 0.023437500 0.027343750 0.015625000 0.054687500 0.011718750 0.023437500 0.007812500 0.042968750 0.039062500 0.000000000 0.042968750 0.031250000 0.015625000 0.039062500 0.023437500 0.078125000 0.015625000 0.039062500 0.023437500 0.027343750 0.003906250 0.011718750 0.027343750 0.015625000 0.015625000 0.019531250 0.023437500 0.046875000 0.027343750 0.015625000 0.015625000 0.035156250 0.011718750 0.070312500 0.011718750 0.031250000 0.019531250 0.046875000 0.015625000 0.031250000 0.035156250 0.039062500 0.031250000 0.019531250 0.042968750 0.015625000 0.031250000 0.031250000 0.058593750 0.046875000 0.015625000 0.023437500 0.031250000 0.023437500 0.035156250 0.011718750 0.035156250 0.015625000 0.019531250 0.035156250 0.031250000 0.027343750 0.031250000 0.027343750 0.019531250 0.031250000 0.042968750 0.007812500 0.011718750 0.042968750 0.035156250 0.015625000 0.035156250 0.035156250 0.011718750 0.019531250 0.035156250 0.054687500 0.035156250 0.042968750 0.027343750 0.011718750 0.027343750 0.031250000 0.062500000 0.023437500 0.050781250 0.066406250 0.066406250 0.062500000 0.050781250 0.023437500 0.015625000 0.019531250 0.015625000 0.015625000 0.023437500 0.031250000 0.015625000 0.027343750 0.035156250 0.003906250 0.011718750 0.015625000 
0.750000000 0.183593750 0.492187500 0.289062500 0.152343750 0.250000000 1.105468750 1.027343750 1.160156250 1.000000000 0.636718750 0.378906250 0.339843750 0.167968750 0.191406250 0.660156250 0.277343750 1.328125000 0.261718750 0.824218750 0.175781250 0.195312500 0.062500000 0.488281250 0.117187500 0.460937500 0.027343750 0.089843750 0.085937500 0.285156250 0.234375000 0.203125000 0.046875000 0.089843750 0.242187500 0.121093750 0.179687500 0.265625000 0.140625000 0.203125000 0.113281250 0.070312500 0.105468750 0.187500000 0.078125000 0.203125000 0.066406250 0.203125000 0.125000000 0.156250000 0.101562500 0.035156250 0.144531250 0.117187500 0.179687500 0.199218750 0.320312500 0.097656250 0.078125000 0.214843750 0.199218750 0.140625000 0.140625000 0.132812500 0.097656250 0.140625000 0.054687500 0.019531250 0.035156250 0.027343750 0.007812500 0.128906250 0.058593750 0.109375000 0.031250000 0.125000000 0.140625000 0.109375000 0.167968750 0.257812500 0.152343750 0.125000000 0.128906250 0.222656250 0.078125000 0.046875000 0.085937500 0.074218750 0.042968750 0.082031250 0.109375000 0.152343750 0.070312500 0.101562500 0.140625000 0.132812500 0.148437500 0.132812500 0.066406250 0.121093750 0.121093750 0.160156250 0.222656250 0.285156250 0.285156250 0.421875000 0.390625000 0.324218750 0.386718750 0.253906250 0.195312500 0.179687500 0.121093750 0.113281250 0.046875000 0.046875000 0.023437500 0.078125000 0.023437500 0.058593750 0.078125000 0.039062500 0.011718750 0.050781250 0.062500000 0.031250000 0.011718750 0.054687500 0.085937500 0.046875000 0.031250000 0.042968750 0.027343750 0.062500000 0.019531250 0.050781250 0.039062500 0.070312500 0.027343750 0.074218750 0.035156250 0.023437500 0.156250000 0.136718750 0.085937500 0.105468750 0.085937500 0.039062500 0.089843750 0.050781250 0.011718750 0.066406250 0.039062500 0.062500000 0.089843750 0.070312500 0.066406250 0.023437500 0.019531250 0.046875000 0.015625000 0.015625000 0.003906250 0.039062500 0.035156250 0.003906250 0.035156250 0.058593750 0.105468750 0.042968750 0.031250000 0.027343750 0.046875000 0.003906250 0.050781250 0.054687500 0.085937500 0.062500000 0.019531250 0.023437500 0.039062500 0.035156250 0.046875000 0.011718750 0.039062500 0.046875000 0.019531250 0.046875000 0.046875000 0.023437500 0.039062500 0.023437500 0.031250000 0.027343750 0.031250000 0.054687500 0.070312500 0.062500000 0.031250000 0.062500000 0.054687500 0.058593750 0.035156250 0.011718750 0.035156250 0.062500000 0.058593750 0.062500000 0.066406250 0.128906250 0.121093750 0.054687500 0.058593750 0.085937500 0.046875000 0.046875000 0.062500000 0.117187500 0.121093750 0.140625000 0.128906250 0.140625000 0.175781250 0.128906250 0.070312500 0.011718750 0.097656250 0.101562500 0.128906250 0.152343750 0.238281250 0.230468750 0.230468750 0.265625000 0.281250000 0.226562500 0.234375000 0.320312500 0.269531250 0.250000000 0.148437500 0.234375000 0.050781250 0.089843750 0.113281250 0.125000000 0.152343750 0.238281250 0.238281250 0.191406250 0.207031250 0.250000000 0.296875000 0.242187500 0.210937500 0.320312500 0.406250000 
1.058593750 0.468750000 0.105468750 0.234375000 0.265625000 0.207031250 0.851562500 0.968750000 0.710937500 1.152343750 0.656250000 0.171875000 0.578125000 0.597656250 0.457031250 0.843750000 0.457031250 1.078125000 0.542968750 0.394531250 0.230468750 0.113281250 0.062500000 0.417968750 0.238281250 0.425781250 0.218750000 0.347656250 0.160156250 0.230468750 0.128906250 0.023437500 0.109375000 0.125000000 0.136718750 0.136718750 0.089843750 0.210937500 0.203125000 0.222656250 0.042968750 0.148437500 0.101562500 0.203125000 0.023437500 0.234375000 0.019531250 0.156250000 0.132812500 0.187500000 0.238281250 0.085937500 0.171875000 0.218750000 0.277343750 0.097656250 0.085937500 0.109375000 0.195312500 0.074218750 0.339843750 0.117187500 0.089843750 0.066406250 0.156250000 0.117187500 0.019531250 0.054687500 0.015625000 0.050781250 0.066406250 0.121093750 0.031250000 0.089843750 0.097656250 0.023437500 0.109375000 0.167968750 0.230468750 0.156250000 0.218750000 0.117187500 0.187500000 0.125000000 0.171875000 0.058593750 0.105468750 0.101562500 0.039062500 0.058593750 0.128906250 0.093750000 0.136718750 0.070312500 0.179687500 0.117187500 0.191406250 0.082031250 0.074218750 0.125000000 0.136718750 0.132812500 0.218750000 0.328125000 0.253906250 0.402343750 0.406250000 0.351562500 0.382812500 0.207031250 0.238281250 0.156250000 0.136718750 0.097656250 0.023437500 0.074218750 0.027343750 0.042968750 0.023437500 0.015625000 0.019531250 0.027343750 0.019531250 0.042968750 0.027343750 0.074218750 0.039062500 0.050781250 0.046875000 0.019531250 0.042968750 0.035156250 0.003906250 0.062500000 0.023437500 0.089843750 0.039062500 0.035156250 0.019531250 0.062500000 0.066406250 0.054687500 0.148437500 0.113281250 0.109375000 0.105468750 0.101562500 0.011718750 0.082031250 0.062500000 0.007812500 0.058593750 0.042968750 0.050781250 0.097656250 0.109375000 0.027343750 0.019531250 0.015625000 0.050781250 0.007812500 0.003906250 0.011718750 0.050781250 0.058593750 0.027343750 0.050781250 0.109375000 0.054687500 0.027343750 0.046875000 0.019531250 0.031250000 0.046875000 0.042968750 0.042968750 0.089843750 0.058593750 0.058593750 0.027343750 0.023437500 0.039062500 0.039062500 0.015625000 0.011718750 0.015625000 0.015625000 0.054687500 0.046875000 0.023437500 0.015625000 0.007812500 0.039062500 0.027343750 0.015625000 0.082031250 0.050781250 0.070312500 0.035156250 0.074218750 0.023437500 0.023437500 0.050781250 0.007812500 0.054687500 0.042968750 0.070312500 0.039062500 0.101562500 0.113281250 0.113281250 0.050781250 0.070312500 0.074218750 0.046875000 0.050781250 0.074218750 0.070312500 0.152343750 0.160156250 0.125000000 0.109375000 0.230468750 0.136718750 0.066406250 0.019531250 0.054687500 0.109375000 0.144531250 0.199218750 0.164062500 0.285156250 0.230468750 0.265625000 0.230468750 0.277343750 0.234375000 0.289062500 0.253906250 0.300781250 0.152343750 0.191406250 0.050781250 0.070312500 0.175781250 0.136718750 0.093750000 0.300781250 0.265625000 0.148437500 0.257812500 0.222656250 0.316406250 0.207031250 0.257812500 0.273437500 0.449218750 
1.222656250 0.347656250 0.097656250 0.027343750 0.421875000 0.328125000 0.378906250 1.292968750 0.515625000 0.648437500 0.820312500 0.519531250 0.546875000 0.472656250 0.195312500 0.687500000 0.414062500 0.523437500 1.078125000 0.539062500 0.160156250 0.300781250 0.378906250 0.257812500 0.128906250 0.218750000 0.378906250 0.234375000 0.125000000 0.132812500 0.144531250 0.093750000 0.046875000 0.160156250 0.195312500 0.109375000 0.046875000 0.269531250 0.128906250 0.253906250 0.027343750 0.140625000 0.085937500 0.140625000 0.156250000 0.148437500 0.105468750 0.207031250 0.195312500 0.179687500 0.238281250 0.101562500 0.179687500 0.156250000 0.332031250 0.066406250 0.085937500 0.085937500 0.203125000 0.015625000 0.289062500 0.160156250 0.183593750 0.082031250 0.128906250 0.089843750 0.031250000 0.078125000 0.046875000 0.101562500 0.054687500 0.167968750 0.046875000 0.105468750 0.082031250 0.031250000 0.125000000 0.179687500 0.214843750 0.175781250 0.226562500 0.105468750 0.195312500 0.082031250 0.207031250 0.007812500 0.074218750 0.109375000 0.035156250 0.070312500 0.105468750 0.097656250 0.210937500 0.031250000 0.125000000 0.148437500 0.148437500 0.125000000 0.121093750 0.097656250 0.128906250 0.132812500 0.242187500 0.335937500 0.171875000 0.414062500 0.472656250 0.332031250 0.339843750 0.242187500 0.246093750 0.144531250 0.117187500 0.101562500 0.070312500 0.070312500 0.039062500 0.027343750 0.023437500 0.027343750 0.027343750 0.015625000 0.039062500 0.011718750 0.039062500 0.058593750 0.027343750 0.031250000 0.023437500 0.039062500 0.035156250 0.035156250 0.039062500 0.023437500 0.058593750 0.062500000 0.042968750 0.027343750 0.054687500 0.031250000 0.046875000 0.074218750 0.160156250 0.117187500 0.097656250 0.093750000 0.082031250 0.042968750 0.093750000 0.046875000 0.035156250 0.070312500 0.050781250 0.011718750 0.109375000 0.109375000 0.042968750 0.027343750 0.011718750 0.039062500 0.003906250 0.023437500 0.046875000 0.054687500 0.046875000 0.011718750 0.070312500 0.085937500 0.039062500 0.007812500 0.082031250 0.042968750 0.027343750 0.054687500 0.039062500 0.058593750 0.070312500 0.054687500 0.054687500 0.015625000 0.042968750 0.011718750 0.031250000 0.015625000 0.011718750 0.015625000 0.031250000 0.035156250 0.011718750 0.046875000 0.027343750 0.007812500 0.050781250 0.046875000 0.027343750 0.070312500 0.031250000 0.058593750 0.062500000 0.070312500 0.019531250 0.023437500 0.027343750 0.027343750 0.039062500 0.023437500 0.058593750 0.042968750 0.121093750 0.136718750 0.105468750 0.046875000 0.078125000 0.035156250 0.035156250 0.046875000 0.089843750 0.085937500 0.160156250 0.152343750 0.144531250 0.128906250 0.183593750 0.164062500 0.054687500 0.039062500 0.046875000 0.074218750 0.171875000 0.242187500 0.156250000 0.242187500 0.226562500 0.281250000 0.250000000 0.285156250 0.183593750 0.285156250 0.277343750 0.359375000 0.191406250 0.074218750 0.074218750 0.078125000 0.191406250 0.175781250 0.148437500 0.292968750 0.234375000 0.152343750 0.308593750 0.273437500 0.281250000 0.164062500 0.238281250 0.273437500 0.503906250 
0.441406250 0.515625000 0.382812500 0.152343750 0.347656250 0.085937500 0.386718750 0.167968750 0.921875000 0.636718750 0.628906250 0.894531250 0.406250000 0.179687500 0.507812500 0.292968750 0.179687500 0.558593750 0.640625000 0.597656250 0.085937500 0.414062500 0.175781250 0.105468750 0.042968750 0.277343750 0.371093750 0.203125000 0.234375000 0.117187500 0.062500000 0.179687500 0.277343750 0.261718750 0.273437500 0.062500000 0.093750000 0.253906250 0.085937500 0.277343750 0.023437500 0.226562500 0.085937500 0.058593750 0.125000000 0.140625000 0.121093750 0.171875000 0.230468750 0.042968750 0.144531250 0.128906250 0.179687500 0.101562500 0.218750000 0.132812500 0.058593750 0.011718750 0.113281250 0.113281250 0.226562500 0.062500000 0.125000000 0.039062500 0.027343750 0.101562500 0.062500000 0.023437500 0.097656250 0.089843750 0.062500000 0.148437500 0.054687500 0.109375000 0.121093750 0.011718750 0.062500000 0.070312500 0.164062500 0.019531250 0.046875000 0.113281250 0.113281250 0.066406250 0.093750000 0.101562500 0.035156250 0.039062500 0.128906250 0.062500000 0.062500000 0.015625000 0.164062500 0.105468750 0.035156250 0.027343750 0.027343750 0.019531250 0.066406250 0.066406250 0.093750000 0.046875000 0.042968750 0.058593750 0.195312500 0.031250000 0.062500000 0.046875000 0.070312500 0.015625000 0.054687500 0.046875000 0.039062500 0.023437500 0.011718750 0.027343750 0.050781250 0.023437500 0.046875000 0.015625000 0.042968750 0.042968750 0.046875000 0.042968750 0.015625000 0.050781250 0.046875000 0.023437500 0.031250000 0.035156250 0.027343750 0.027343750 0.042968750 0.027343750 0.039062500 0.070312500 0.042968750 0.035156250 0.039062500 0.039062500 0.042968750 0.042968750 0.039062500 0.015625000 0.027343750 0.046875000 0.015625000 0.042968750 0.046875000 0.031250000 0.019531250 0.046875000 0.042968750 0.074218750 0.042968750 0.101562500 0.046875000 0.031250000 0.046875000 0.027343750 0.015625000 0.035156250 0.042968750 0.058593750 0.050781250 0.019531250 0.046875000 0.066406250 0.015625000 0.042968750 0.046875000 0.023437500 0.019531250 0.062500000 0.027343750 0.027343750 0.050781250 0.011718750 0.019531250 0.019531250 0.058593750 0.007812500 0.015625000 0.039062500 0.035156250 0.015625000 0.023437500 0.023437500 0.011718750 0.042968750 0.011718750 0.039062500 0.035156250 0.035156250 0.027343750 0.023437500 0.015625000 0.027343750 0.019531250 0.027343750 0.015625000 0.027343750 0.035156250 0.023437500 0.019531250 0.003906250 0.031250000 0.046875000 0.027343750 0.027343750 0.023437500 0.066406250 0.050781250 0.023437500 0.027343750 0.023437500 0.015625000 0.039062500 0.082031250 0.031250000 0.046875000 0.089843750 0.058593750 0.085937500 0.011718750 0.039062500 0.085937500 0.074218750 0.027343750 0.062500000 0.031250000 0.089843750 0.039062500 0.062500000 0.035156250 0.074218750 0.054687500 0.062500000 0.035156250 0.121093750 0.156250000 0.054687500 0.050781250 0.144531250 0.066406250 0.039062500 0.042968750 0.128906250 0.195312500 0.093750000 0.062500000 0.093750000 0.007812500 0.140625000 0.085937500 0.093750000 0.175781250 
0.835937500 0.691406250 0.648437500 0.289062500 0.609375000 0.675781250 0.304687500 0.175781250 0.679687500 1.468750000 0.390625000 0.281250000 0.601562500 0.347656250 0.179687500 0.132812500 0.304687500 0.375000000 0.636718750 0.800781250 0.132812500 0.382812500 0.320312500 0.082031250 0.132812500 0.312500000 0.207031250 0.019531250 0.144531250 0.121093750 0.042968750 0.082031250 0.312500000 0.292968750 0.273437500 0.058593750 0.042968750 0.152343750 0.164062500 0.277343750 0.113281250 0.230468750 0.070312500 0.121093750 0.132812500 0.121093750 0.191406250 0.183593750 0.265625000 0.117187500 0.031250000 0.046875000 0.109375000 0.050781250 0.128906250 0.085937500 0.062500000 0.058593750 0.070312500 0.015625000 0.175781250 0.058593750 0.156250000 0.062500000 0.058593750 0.105468750 0.070312500 0.035156250 0.093750000 0.093750000 0.089843750 0.070312500 0.085937500 0.082031250 0.113281250 0.082031250 0.156250000 0.027343750 0.085937500 0.078125000 0.019531250 0.113281250 0.089843750 0.019531250 0.074218750 0.078125000 0.054687500 0.050781250 0.085937500 0.050781250 0.031250000 0.042968750 0.121093750 0.113281250 0.019531250 0.046875000 0.023437500 0.007812500 0.031250000 0.027343750 0.046875000 0.058593750 0.027343750 0.062500000 0.113281250 0.117187500 0.015625000 0.027343750 0.042968750 0.039062500 0.003906250 0.078125000 0.039062500 0.031250000 0.027343750 0.003906250 0.027343750 0.035156250 0.050781250 0.023437500 0.058593750 0.031250000 0.070312500 0.023437500 0.027343750 0.027343750 0.054687500 0.035156250 0.035156250 0.046875000 0.019531250 0.031250000 0.011718750 0.074218750 0.058593750 0.062500000 0.019531250 0.042968750 0.027343750 0.042968750 0.042968750 0.031250000 0.015625000 0.023437500 0.039062500 0.011718750 0.058593750 0.062500000 0.046875000 0.054687500 0.023437500 0.050781250 0.054687500 0.042968750 0.074218750 0.058593750 0.031250000 0.039062500 0.035156250 0.015625000 0.039062500 0.046875000 0.035156250 0.031250000 0.042968750 0.058593750 0.007812500 0.011718750 0.062500000 0.050781250 0.035156250 0.011718750 0.050781250 0.039062500 0.007812500 0.031250000 0.019531250 0.035156250 0.019531250 0.035156250 0.035156250 0.003906250 0.015625000 0.050781250 0.042968750 0.058593750 0.031250000 0.031250000 0.011718750 0.031250000 0.023437500 0.015625000 0.011718750 0.054687500 0.031250000 0.023437500 0.003906250 0.031250000 0.023437500 0.007812500 0.046875000 0.042968750 0.003906250 0.019531250 0.023437500 0.007812500 0.031250000 0.031250000 0.011718750 0.042968750 0.046875000 0.062500000 0.015625000 0.027343750 0.054687500 0.031250000 0.023437500 0.031250000 0.039062500 0.015625000 0.039062500 0.035156250 0.007812500 0.054687500 0.031250000 0.042968750 0.062500000 0.062500000 0.062500000 0.050781250 0.054687500 0.058593750 0.046875000 0.050781250 0.011718750 0.054687500 0.062500000 0.070312500 0.035156250 0.105468750 0.183593750 0.031250000 0.101562500 0.101562500 0.035156250 0.054687500 0.015625000 0.093750000 0.066406250 0.117187500 0.003906250 0.062500000 0.089843750 0.070312500 0.093750000 0.015625000 0.062500000 
1.375000000 0.667968750 0.332031250 0.332031250 0.640625000 0.480468750 0.218750000 0.539062500 0.828125000 1.417968750 0.128906250 0.312500000 0.496093750 0.406250000 0.343750000 0.308593750 0.242187500 0.292968750 0.351562500 0.769531250 0.332031250 0.289062500 0.171875000 0.218750000 0.144531250 0.250000000 0.242187500 0.093750000 0.156250000 0.085937500 0.007812500 0.023437500 0.335937500 0.382812500 0.058593750 0.238281250 0.125000000 0.085937500 0.105468750 0.246093750 0.089843750 0.085937500 0.175781250 0.148437500 0.144531250 0.167968750 0.210937500 0.011718750 0.093750000 0.136718750 0.140625000 0.105468750 0.085937500 0.121093750 0.140625000 0.085937500 0.046875000 0.066406250 0.078125000 0.003906250 0.128906250 0.121093750 0.117187500 0.046875000 0.136718750 0.023437500 0.039062500 0.039062500 0.058593750 0.046875000 0.050781250 0.097656250 0.125000000 0.097656250 0.113281250 0.078125000 0.105468750 0.078125000 0.078125000 0.039062500 0.066406250 0.089843750 0.093750000 0.031250000 0.007812500 0.058593750 0.054687500 0.078125000 0.117187500 0.035156250 0.070312500 0.035156250 0.039062500 0.042968750 0.105468750 0.082031250 0.011718750 0.027343750 0.035156250 0.023437500 0.039062500 0.054687500 0.039062500 0.007812500 0.050781250 0.105468750 0.031250000 0.011718750 0.042968750 0.050781250 0.027343750 0.042968750 0.054687500 0.027343750 0.007812500 0.050781250 0.027343750 0.039062500 0.042968750 0.027343750 0.070312500 0.027343750 0.074218750 0.027343750 0.007812500 0.050781250 0.027343750 0.023437500 0.058593750 0.015625000 0.035156250 0.015625000 0.031250000 0.105468750 0.015625000 0.042968750 0.011718750 0.003906250 0.058593750 0.035156250 0.015625000 0.031250000 0.046875000 0.039062500 0.035156250 0.050781250 0.042968750 0.050781250 0.011718750 0.007812500 0.070312500 0.000000000 0.054687500 0.027343750 0.078125000 0.042968750 0.035156250 0.031250000 0.046875000 0.019531250 0.031250000 0.027343750 0.007812500 0.035156250 0.070312500 0.042968750 0.015625000 0.007812500 0.066406250 0.042968750 0.031250000 0.019531250 0.050781250 0.054687500 0.019531250 0.031250000 0.015625000 0.031250000 0.015625000 0.039062500 0.031250000 0.007812500 0.007812500 0.066406250 0.050781250 0.054687500 0.027343750 0.003906250 0.046875000 0.019531250 0.035156250 0.031250000 0.019531250 0.039062500 0.039062500 0.023437500 0.039062500 0.003906250 0.019531250 0.007812500 0.035156250 0.031250000 0.015625000 0.031250000 0.023437500 0.011718750 0.019531250 0.031250000 0.015625000 0.035156250 0.050781250 0.050781250 0.046875000 0.027343750 0.035156250 0.023437500 0.023437500 0.023437500 0.019531250 0.070312500 0.015625000 0.007812500 0.027343750 0.058593750 0.062500000 0.050781250 0.046875000 0.027343750 0.042968750 0.050781250 0.023437500 0.082031250 0.019531250 0.019531250 0.082031250 0.031250000 0.003906250 0.093750000 0.062500000 0.039062500 0.089843750 0.113281250 0.007812500 0.050781250 0.035156250 0.042968750 0.054687500 0.031250000 0.074218750 0.042968750 0.058593750 0.011718750 0.070312500 0.074218750 0.062500000 0.050781250 0.039062500 
2.132812500 0.191406250 0.601562500 0.187500000 0.265625000 0.738281250 0.347656250 0.261718750 1.203125000 0.929687500 0.910156250 0.101562500 0.218750000 0.242187500 0.343750000 0.585937500 0.289062500 0.074218750 0.414062500 0.812500000 0.539062500 0.140625000 0.210937500 0.371093750 0.136718750 0.156250000 0.109375000 0.136718750 0.218750000 0.046875000 0.156250000 0.128906250 0.312500000 0.398437500 0.113281250 0.152343750 0.164062500 0.062500000 0.070312500 0.339843750 0.011718750 0.109375000 0.140625000 0.191406250 0.089843750 0.039062500 0.125000000 0.187500000 0.160156250 0.144531250 0.117187500 0.121093750 0.070312500 0.042968750 0.273437500 0.082031250 0.148437500 0.054687500 0.125000000 0.078125000 0.156250000 0.117187500 0.058593750 0.066406250 0.160156250 0.066406250 0.082031250 0.035156250 0.031250000 0.070312500 0.078125000 0.023437500 0.117187500 0.101562500 0.128906250 0.089843750 0.062500000 0.027343750 0.031250000 0.066406250 0.042968750 0.058593750 0.042968750 0.082031250 0.070312500 0.105468750 0.035156250 0.058593750 0.062500000 0.074218750 0.062500000 0.046875000 0.042968750 0.035156250 0.062500000 0.101562500 0.023437500 0.015625000 0.035156250 0.042968750 0.011718750 0.031250000 0.027343750 0.027343750 0.007812500 0.078125000 0.027343750 0.019531250 0.031250000 0.042968750 0.042968750 0.046875000 0.054687500 0.050781250 0.046875000 0.023437500 0.023437500 0.035156250 0.058593750 0.011718750 0.054687500 0.050781250 0.042968750 0.011718750 0.019531250 0.031250000 0.039062500 0.062500000 0.066406250 0.015625000 0.015625000 0.007812500 0.035156250 0.058593750 0.042968750 0.070312500 0.003906250 0.015625000 0.070312500 0.027343750 0.015625000 0.035156250 0.058593750 0.035156250 0.027343750 0.062500000 0.062500000 0.042968750 0.023437500 0.023437500 0.042968750 0.039062500 0.054687500 0.015625000 0.035156250 0.023437500 0.019531250 0.050781250 0.035156250 0.015625000 0.019531250 0.046875000 0.046875000 0.042968750 0.070312500 0.019531250 0.007812500 0.019531250 0.082031250 0.031250000 0.027343750 0.039062500 0.050781250 0.046875000 0.019531250 0.046875000 0.023437500 0.031250000 0.035156250 0.035156250 0.019531250 0.023437500 0.007812500 0.070312500 0.050781250 0.035156250 0.015625000 0.007812500 0.046875000 0.023437500 0.031250000 0.035156250 0.019531250 0.054687500 0.027343750 0.039062500 0.023437500 0.027343750 0.019531250 0.015625000 0.019531250 0.027343750 0.035156250 0.031250000 0.023437500 0.015625000 0.015625000 0.023437500 0.035156250 0.050781250 0.046875000 0.007812500 0.019531250 0.050781250 0.039062500 0.035156250 0.027343750 0.035156250 0.039062500 0.035156250 0.035156250 0.015625000 0.062500000 0.039062500 0.015625000 0.027343750 0.031250000 0.042968750 0.023437500 0.027343750 0.015625000 0.050781250 0.042968750 0.023437500 0.062500000 0.019531250 0.015625000 0.054687500 0.023437500 0.121093750 0.097656250 0.082031250 0.027343750 0.031250000 0.031250000 0.035156250 0.050781250 0.007812500 0.089843750 0.027343750 0.042968750 0.035156250 0.011718750 0.050781250 0.035156250 0.054687500 0.023437500 
2.265625000 0.070312500 0.437500000 0.382812500 0.554687500 0.789062500 0.652343750 0.605468750 1.187500000 1.007812500 0.265625000 0.582031250 0.378906250 0.214843750 0.289062500 0.230468750 0.570312500 0.109375000 0.554687500 0.890625000 0.484375000 0.195312500 0.214843750 0.300781250 0.183593750 0.187500000 0.273437500 0.093750000 0.257812500 0.152343750 0.160156250 0.066406250 0.296875000 0.175781250 0.281250000 0.292968750 0.078125000 0.167968750 0.078125000 0.359375000 0.062500000 0.054687500 0.097656250 0.136718750 0.156250000 0.093750000 0.109375000 0.046875000 0.156250000 0.175781250 0.031250000 0.101562500 0.035156250 0.027343750 0.207031250 0.109375000 0.164062500 0.050781250 0.117187500 0.062500000 0.097656250 0.085937500 0.050781250 0.093750000 0.078125000 0.144531250 0.039062500 0.066406250 0.054687500 0.082031250 0.042968750 0.062500000 0.132812500 0.093750000 0.093750000 0.019531250 0.054687500 0.035156250 0.035156250 0.070312500 0.050781250 0.046875000 0.039062500 0.046875000 0.121093750 0.054687500 0.015625000 0.078125000 0.078125000 0.039062500 0.070312500 0.054687500 0.039062500 0.085937500 0.074218750 0.042968750 0.039062500 0.031250000 0.019531250 0.035156250 0.019531250 0.031250000 0.046875000 0.023437500 0.019531250 0.074218750 0.054687500 0.039062500 0.031250000 0.058593750 0.027343750 0.015625000 0.066406250 0.054687500 0.042968750 0.019531250 0.019531250 0.007812500 0.019531250 0.031250000 0.054687500 0.046875000 0.054687500 0.015625000 0.007812500 0.015625000 0.011718750 0.023437500 0.058593750 0.042968750 0.011718750 0.023437500 0.050781250 0.031250000 0.031250000 0.039062500 0.027343750 0.019531250 0.058593750 0.011718750 0.019531250 0.039062500 0.066406250 0.019531250 0.011718750 0.035156250 0.046875000 0.042968750 0.023437500 0.031250000 0.031250000 0.035156250 0.011718750 0.039062500 0.019531250 0.019531250 0.031250000 0.054687500 0.019531250 0.019531250 0.035156250 0.054687500 0.019531250 0.023437500 0.035156250 0.042968750 0.039062500 0.031250000 0.062500000 0.019531250 0.039062500 0.015625000 0.019531250 0.066406250 0.003906250 0.046875000 0.039062500 0.003906250 0.035156250 0.003906250 0.050781250 0.023437500 0.027343750 0.046875000 0.031250000 0.035156250 0.011718750 0.003906250 0.042968750 0.019531250 0.035156250 0.070312500 0.031250000 0.050781250 0.023437500 0.042968750 0.027343750 0.031250000 0.019531250 0.019531250 0.027343750 0.023437500 0.023437500 0.035156250 0.019531250 0.007812500 0.015625000 0.015625000 0.011718750 0.058593750 0.031250000 0.035156250 0.031250000 0.031250000 0.050781250 0.023437500 0.023437500 0.031250000 0.050781250 0.042968750 0.007812500 0.023437500 0.050781250 0.046875000 0.023437500 0.074218750 0.023437500 0.007812500 0.027343750 0.019531250 0.019531250 0.042968750 0.031250000 0.000000000 0.035156250 0.031250000 0.039062500 0.054687500 0.046875000 0.078125000 0.066406250 0.054687500 0.046875000 0.019531250 0.019531250 0.035156250 0.027343750 0.031250000 0.050781250 0.023437500 0.019531250 0.042968750 0.023437500 0.031250000 0.011718750 0.039062500 0.023437500 
1.574218750 0.417968750 0.417968750 0.582031250 0.355468750 0.371093750 0.320312500 0.484375000 1.039062500 1.355468750 0.199218750 0.375000000 0.171875000 0.113281250 0.230468750 0.300781250 0.390625000 0.285156250 0.281250000 0.851562500 0.222656250 0.070312500 0.265625000 0.273437500 0.398437500 0.160156250 0.207031250 0.191406250 0.093750000 0.070312500 0.238281250 0.160156250 0.226562500 0.179687500 0.238281250 0.250000000 0.093750000 0.144531250 0.027343750 0.375000000 0.089843750 0.097656250 0.109375000 0.191406250 0.136718750 0.058593750 0.160156250 0.128906250 0.035156250 0.035156250 0.207031250 0.039062500 0.054687500 0.089843750 0.089843750 0.199218750 0.121093750 0.019531250 0.082031250 0.093750000 0.058593750 0.074218750 0.105468750 0.109375000 0.007812500 0.070312500 0.089843750 0.105468750 0.046875000 0.046875000 0.066406250 0.082031250 0.066406250 0.039062500 0.054687500 0.050781250 0.046875000 0.062500000 0.097656250 0.089843750 0.023437500 0.050781250 0.023437500 0.074218750 0.058593750 0.074218750 0.058593750 0.062500000 0.054687500 0.023437500 0.011718750 0.019531250 0.003906250 0.109375000 0.074218750 0.011718750 0.019531250 0.074218750 0.042968750 0.039062500 0.011718750 0.027343750 0.050781250 0.011718750 0.046875000 0.042968750 0.066406250 0.027343750 0.023437500 0.027343750 0.058593750 0.015625000 0.054687500 0.042968750 0.066406250 0.023437500 0.019531250 0.023437500 0.007812500 0.054687500 0.023437500 0.003906250 0.011718750 0.039062500 0.003906250 0.031250000 0.027343750 0.039062500 0.050781250 0.042968750 0.015625000 0.011718750 0.027343750 0.011718750 0.019531250 0.035156250 0.039062500 0.007812500 0.058593750 0.011718750 0.003906250 0.039062500 0.062500000 0.027343750 0.027343750 0.007812500 0.046875000 0.039062500 0.019531250 0.027343750 0.046875000 0.007812500 0.027343750 0.054687500 0.035156250 0.015625000 0.050781250 0.031250000 0.011718750 0.015625000 0.046875000 0.042968750 0.011718750 0.019531250 0.011718750 0.023437500 0.007812500 0.035156250 0.046875000 0.015625000 0.019531250 0.042968750 0.011718750 0.046875000 0.003906250 0.031250000 0.066406250 0.027343750 0.011718750 0.011718750 0.054687500 0.015625000 0.019531250 0.027343750 0.023437500 0.023437500 0.023437500 0.011718750 0.035156250 0.007812500 0.015625000 0.050781250 0.039062500 0.042968750 0.023437500 0.003906250 0.050781250 0.027343750 0.023437500 0.027343750 0.007812500 0.027343750 0.046875000 0.007812500 0.011718750 0.019531250 0.027343750 0.011718750 0.011718750 0.039062500 0.031250000 0.042968750 0.035156250 0.019531250 0.035156250 0.015625000 0.042968750 0.039062500 0.035156250 0.007812500 0.050781250 0.019531250 0.007812500 0.007812500 0.070312500 0.058593750 0.019531250 0.011718750 0.027343750 0.019531250 0.015625000 0.035156250 0.023437500 0.019531250 0.019531250 0.035156250 0.023437500 0.019531250 0.011718750 0.082031250 0.046875000 0.011718750 0.007812500 0.031250000 0.019531250 0.023437500 0.023437500 0.027343750 0.054687500 0.015625000 0.007812500 0.023437500 0.015625000 0.023437500 0.007812500 0.027343750 0.042968750 
1.242187500 0.332031250 0.367187500 0.109375000 0.480468750 0.488281250 0.382812500 0.667968750 0.871093750 1.296875000 0.308593750 0.429687500 0.289062500 0.398437500 0.335937500 0.292968750 0.472656250 0.308593750 0.402343750 0.792968750 0.160156250 0.214843750 0.371093750 0.503906250 0.371093750 0.367187500 0.285156250 0.164062500 0.160156250 0.101562500 0.210937500 0.289062500 0.062500000 0.042968750 0.175781250 0.175781250 0.242187500 0.070312500 0.156250000 0.335937500 0.140625000 0.144531250 0.089843750 0.191406250 0.218750000 0.179687500 0.078125000 0.074218750 0.101562500 0.093750000 0.203125000 0.035156250 0.054687500 0.085937500 0.066406250 0.113281250 0.058593750 0.085937500 0.062500000 0.105468750 0.074218750 0.066406250 0.074218750 0.039062500 0.070312500 0.031250000 0.054687500 0.109375000 0.042968750 0.042968750 0.046875000 0.101562500 0.042968750 0.019531250 0.054687500 0.046875000 0.042968750 0.070312500 0.074218750 0.011718750 0.082031250 0.050781250 0.003906250 0.054687500 0.042968750 0.039062500 0.082031250 0.035156250 0.078125000 0.058593750 0.101562500 0.105468750 0.089843750 0.082031250 0.050781250 0.042968750 0.031250000 0.058593750 0.042968750 0.031250000 0.035156250 0.046875000 0.050781250 0.011718750 0.035156250 0.019531250 0.046875000 0.066406250 0.039062500 0.015625000 0.062500000 0.023437500 0.046875000 0.031250000 0.035156250 0.054687500 0.031250000 0.042968750 0.035156250 0.019531250 0.058593750 0.027343750 0.007812500 0.062500000 0.042968750 0.046875000 0.015625000 0.035156250 0.015625000 0.050781250 0.019531250 0.027343750 0.050781250 0.011718750 0.015625000 0.015625000 0.023437500 0.046875000 0.066406250 0.019531250 0.019531250 0.031250000 0.035156250 0.015625000 0.035156250 0.019531250 0.031250000 0.050781250 0.046875000 0.015625000 0.000000000 0.042968750 0.050781250 0.046875000 0.007812500 0.015625000 0.023437500 0.054687500 0.023437500 0.027343750 0.039062500 0.007812500 0.039062500 0.003906250 0.031250000 0.007812500 0.023437500 0.015625000 0.035156250 0.023437500 0.011718750 0.019531250 0.035156250 0.011718750 0.035156250 0.042968750 0.046875000 0.031250000 0.023437500 0.027343750 0.058593750 0.023437500 0.027343750 0.007812500 0.015625000 0.035156250 0.015625000 0.015625000 0.007812500 0.035156250 0.015625000 0.050781250 0.023437500 0.062500000 0.027343750 0.007812500 0.039062500 0.027343750 0.019531250 0.031250000 0.007812500 0.050781250 0.027343750 0.023437500 0.015625000 0.007812500 0.035156250 0.011718750 0.035156250 0.042968750 0.035156250 0.023437500 0.003906250 0.019531250 0.027343750 0.003906250 0.031250000 0.027343750 0.039062500 0.019531250 0.035156250 0.015625000 0.015625000 0.023437500 0.070312500 0.046875000 0.027343750 0.023437500 0.031250000 0.015625000 0.031250000 0.023437500 0.019531250 0.019531250 0.007812500 0.019531250 0.039062500 0.039062500 0.031250000 0.015625000 0.031250000 0.046875000 0.031250000 0.019531250 0.019531250 0.027343750 0.019531250 0.031250000 0.027343750 0.015625000 0.011718750 0.042968750 0.007812500 0.027343750 0.031250000 0.031250000 0.039062500 
0.945312500 0.167968750 0.378906250 0.222656250 0.332031250 0.847656250 0.679687500 0.160156250 0.398437500 1.242187500 0.402343750 0.566406250 0.363281250 0.335937500 0.382812500 0.179687500 0.281250000 0.117187500 0.273437500 0.585937500 0.433593750 0.449218750 0.175781250 0.421875000 0.347656250 0.316406250 0.386718750 0.132812500 0.027343750 0.101562500 0.183593750 0.300781250 0.082031250 0.105468750 0.093750000 0.027343750 0.304687500 0.070312500 0.105468750 0.273437500 0.160156250 0.132812500 0.058593750 0.210937500 0.230468750 0.097656250 0.027343750 0.128906250 0.113281250 0.292968750 0.105468750 0.105468750 0.070312500 0.093750000 0.125000000 0.050781250 0.062500000 0.058593750 0.062500000 0.078125000 0.050781250 0.050781250 0.070312500 0.058593750 0.089843750 0.046875000 0.074218750 0.105468750 0.050781250 0.109375000 0.066406250 0.132812500 0.058593750 0.046875000 0.085937500 0.031250000 0.039062500 0.070312500 0.097656250 0.023437500 0.070312500 0.046875000 0.035156250 0.015625000 0.089843750 0.015625000 0.039062500 0.070312500 0.054687500 0.109375000 0.050781250 0.152343750 0.085937500 0.082031250 0.066406250 0.058593750 0.015625000 0.039062500 0.058593750 0.035156250 0.054687500 0.019531250 0.011718750 0.035156250 0.031250000 0.019531250 0.058593750 0.058593750 0.039062500 0.042968750 0.062500000 0.035156250 0.007812500 0.050781250 0.039062500 0.085937500 0.007812500 0.039062500 0.027343750 0.015625000 0.031250000 0.027343750 0.019531250 0.031250000 0.062500000 0.054687500 0.007812500 0.007812500 0.046875000 0.019531250 0.027343750 0.003906250 0.042968750 0.027343750 0.015625000 0.023437500 0.035156250 0.035156250 0.046875000 0.042968750 0.035156250 0.027343750 0.046875000 0.007812500 0.046875000 0.023437500 0.011718750 0.062500000 0.039062500 0.031250000 0.035156250 0.031250000 0.046875000 0.042968750 0.011718750 0.015625000 0.011718750 0.031250000 0.015625000 0.007812500 0.003906250 0.035156250 0.003906250 0.042968750 0.023437500 0.019531250 0.015625000 0.003906250 0.050781250 0.011718750 0.035156250 0.019531250 0.031250000 0.003906250 0.031250000 0.027343750 0.015625000 0.019531250 0.027343750 0.039062500 0.042968750 0.019531250 0.019531250 0.011718750 0.023437500 0.015625000 0.007812500 0.031250000 0.011718750 0.011718750 0.023437500 0.031250000 0.000000000 0.054687500 0.015625000 0.011718750 0.031250000 0.035156250 0.027343750 0.019531250 0.035156250 0.015625000 0.046875000 0.074218750 0.027343750 0.011718750 0.031250000 0.031250000 0.011718750 0.027343750 0.007812500 0.011718750 0.031250000 0.015625000 0.031250000 0.019531250 0.035156250 0.007812500 0.023437500 0.027343750 0.039062500 0.007812500 0.019531250 0.027343750 0.062500000 0.035156250 0.015625000 0.019531250 0.046875000 0.039062500 0.031250000 0.019531250 0.019531250 0.042968750 0.019531250 0.011718750 0.031250000 0.023437500 0.031250000 0.011718750 0.015625000 0.054687500 0.031250000 0.015625000 0.031250000 0.003906250 0.019531250 0.031250000 0.015625000 0.015625000 0.039062500 0.015625000 0.027343750 0.035156250 0.042968750 0.031250000 0.039062500 
0.332031250 0.386718750 0.339843750 0.039062500 0.683593750 0.296875000 0.128906250 0.761718750 0.656250000 1.171875000 0.417968750 0.511718750 0.261718750 0.226562500 0.187500000 0.007812500 0.273437500 0.308593750 0.156250000 0.750000000 0.398437500 0.265625000 0.238281250 0.300781250 0.339843750 0.238281250 0.425781250 0.234375000 0.203125000 0.078125000 0.175781250 0.117187500 0.117187500 0.164062500 0.179687500 0.308593750 0.085937500 0.191406250 0.238281250 0.367187500 0.121093750 0.203125000 0.144531250 0.058593750 0.246093750 0.113281250 0.011718750 0.171875000 0.082031250 0.171875000 0.210937500 0.062500000 0.136718750 0.136718750 0.093750000 0.101562500 0.093750000 0.078125000 0.042968750 0.027343750 0.117187500 0.050781250 0.085937500 0.062500000 0.035156250 0.097656250 0.062500000 0.050781250 0.128906250 0.058593750 0.050781250 0.160156250 0.035156250 0.019531250 0.062500000 0.019531250 0.039062500 0.031250000 0.046875000 0.050781250 0.078125000 0.019531250 0.082031250 0.046875000 0.089843750 0.042968750 0.039062500 0.062500000 0.011718750 0.156250000 0.066406250 0.152343750 0.101562500 0.011718750 0.019531250 0.011718750 0.042968750 0.042968750 0.070312500 0.066406250 0.058593750 0.035156250 0.015625000 0.015625000 0.023437500 0.031250000 0.050781250 0.058593750 0.046875000 0.027343750 0.058593750 0.058593750 0.023437500 0.062500000 0.054687500 0.042968750 0.046875000 0.042968750 0.015625000 0.050781250 0.042968750 0.027343750 0.007812500 0.019531250 0.050781250 0.054687500 0.035156250 0.050781250 0.015625000 0.039062500 0.011718750 0.011718750 0.050781250 0.035156250 0.007812500 0.015625000 0.031250000 0.058593750 0.023437500 0.050781250 0.050781250 0.007812500 0.035156250 0.031250000 0.039062500 0.023437500 0.003906250 0.078125000 0.027343750 0.023437500 0.054687500 0.050781250 0.027343750 0.035156250 0.015625000 0.050781250 0.027343750 0.027343750 0.023437500 0.027343750 0.023437500 0.035156250 0.011718750 0.042968750 0.023437500 0.011718750 0.031250000 0.039062500 0.027343750 0.035156250 0.031250000 0.046875000 0.011718750 0.031250000 0.023437500 0.007812500 0.031250000 0.007812500 0.007812500 0.046875000 0.058593750 0.007812500 0.027343750 0.015625000 0.035156250 0.023437500 0.031250000 0.015625000 0.023437500 0.042968750 0.031250000 0.023437500 0.039062500 0.031250000 0.031250000 0.003906250 0.023437500 0.039062500 0.023437500 0.007812500 0.031250000 0.019531250 0.039062500 0.074218750 0.027343750 0.011718750 0.042968750 0.019531250 0.019531250 0.031250000 0.007812500 0.015625000 0.027343750 0.015625000 0.027343750 0.007812500 0.007812500 0.039062500 0.023437500 0.046875000 0.035156250 0.019531250 0.039062500 0.015625000 0.062500000 0.015625000 0.007812500 0.027343750 0.054687500 0.007812500 0.007812500 0.035156250 0.023437500 0.054687500 0.003906250 0.007812500 0.042968750 0.007812500 0.011718750 0.019531250 0.023437500 0.039062500 0.050781250 0.011718750 0.007812500 0.011718750 0.015625000 0.007812500 0.007812500 0.023437500 0.046875000 0.011718750 0.050781250 0.015625000 0.039062500 0.035156250 0.027343750 
0.042968750 0.101562500 0.550781250 0.156250000 0.132812500 0.695312500 0.628906250 0.437500000 0.722656250 0.683593750 0.636718750 0.363281250 0.210937500 0.339843750 0.078125000 0.160156250 0.320312500 0.242187500 0.136718750 0.812500000 0.328125000 0.343750000 0.285156250 0.218750000 0.179687500 0.382812500 0.277343750 0.351562500 0.046875000 0.089843750 0.136718750 0.011718750 0.031250000 0.250000000 0.195312500 0.214843750 0.121093750 0.187500000 0.265625000 0.378906250 0.273437500 0.070312500 0.121093750 0.136718750 0.312500000 0.046875000 0.121093750 0.097656250 0.128906250 0.121093750 0.230468750 0.136718750 0.101562500 0.144531250 0.144531250 0.160156250 0.039062500 0.113281250 0.128906250 0.113281250 0.085937500 0.054687500 0.125000000 0.007812500 0.070312500 0.097656250 0.089843750 0.019531250 0.042968750 0.097656250 0.109375000 0.164062500 0.050781250 0.062500000 0.113281250 0.035156250 0.085937500 0.019531250 0.015625000 0.046875000 0.093750000 0.054687500 0.105468750 0.125000000 0.023437500 0.070312500 0.023437500 0.062500000 0.085937500 0.066406250 0.105468750 0.089843750 0.062500000 0.046875000 0.074218750 0.015625000 0.039062500 0.039062500 0.078125000 0.042968750 0.050781250 0.050781250 0.015625000 0.031250000 0.027343750 0.039062500 0.085937500 0.074218750 0.027343750 0.062500000 0.085937500 0.031250000 0.035156250 0.050781250 0.042968750 0.046875000 0.062500000 0.039062500 0.031250000 0.035156250 0.039062500 0.011718750 0.035156250 0.027343750 0.042968750 0.066406250 0.042968750 0.062500000 0.035156250 0.027343750 0.011718750 0.042968750 0.011718750 0.011718750 0.011718750 0.027343750 0.035156250 0.042968750 0.015625000 0.031250000 0.015625000 0.035156250 0.046875000 0.035156250 0.042968750 0.007812500 0.023437500 0.058593750 0.023437500 0.039062500 0.023437500 0.007812500 0.015625000 0.015625000 0.015625000 0.085937500 0.019531250 0.039062500 0.023437500 0.007812500 0.027343750 0.019531250 0.054687500 0.039062500 0.050781250 0.015625000 0.042968750 0.054687500 0.007812500 0.011718750 0.050781250 0.054687500 0.007812500 0.015625000 0.007812500 0.050781250 0.054687500 0.042968750 0.015625000 0.050781250 0.031250000 0.039062500 0.007812500 0.023437500 0.031250000 0.050781250 0.023437500 0.019531250 0.019531250 0.035156250 0.054687500 0.019531250 0.058593750 0.031250000 0.031250000 0.039062500 0.023437500 0.039062500 0.003906250 0.019531250 0.031250000 0.046875000 0.027343750 0.054687500 0.070312500 0.035156250 0.031250000 0.011718750 0.015625000 0.035156250 0.011718750 0.035156250 0.019531250 0.019531250 0.007812500 0.039062500 0.011718750 0.027343750 0.031250000 0.046875000 0.039062500 0.019531250 0.062500000 0.027343750 0.031250000 0.058593750 0.035156250 0.046875000 0.031250000 0.015625000 0.015625000 0.039062500 0.039062500 0.046875000 0.015625000 0.015625000 0.019531250 0.035156250 0.015625000 0.011718750 0.019531250 0.019531250 0.035156250 0.023437500 0.003906250 0.007812500 0.019531250 0.015625000 0.019531250 0.050781250 0.039062500 0.011718750 0.058593750 0.003906250 0.031250000 0.015625000 0.003906250 
0.308593750 0.195312500 0.324218750 0.210937500 0.394531250 0.898437500 0.667968750 0.539062500 0.796875000 0.972656250 0.847656250 0.261718750 0.039062500 0.167968750 0.191406250 0.257812500 0.312500000 0.550781250 0.488281250 0.910156250 0.253906250 0.363281250 0.441406250 0.082031250 0.437500000 0.132812500 0.308593750 0.164062500 0.105468750 0.199218750 0.246093750 0.183593750 0.183593750 0.171875000 0.160156250 0.136718750 0.042968750 0.226562500 0.292968750 0.421875000 0.183593750 0.144531250 0.187500000 0.070312500 0.218750000 0.105468750 0.054687500 0.128906250 0.085937500 0.132812500 0.058593750 0.023437500 0.046875000 0.125000000 0.136718750 0.152343750 0.074218750 0.074218750 0.101562500 0.066406250 0.011718750 0.089843750 0.109375000 0.050781250 0.128906250 0.019531250 0.035156250 0.023437500 0.039062500 0.050781250 0.050781250 0.125000000 0.093750000 0.050781250 0.054687500 0.019531250 0.050781250 0.042968750 0.027343750 0.031250000 0.015625000 0.074218750 0.031250000 0.046875000 0.039062500 0.085937500 0.023437500 0.039062500 0.101562500 0.058593750 0.042968750 0.007812500 0.031250000 0.062500000 0.039062500 0.050781250 0.074218750 0.015625000 0.042968750 0.070312500 0.019531250 0.050781250 0.007812500 0.019531250 0.015625000 0.058593750 0.062500000 0.058593750 0.027343750 0.050781250 0.054687500 0.031250000 0.058593750 0.058593750 0.039062500 0.027343750 0.050781250 0.062500000 0.007812500 0.054687500 0.015625000 0.011718750 0.023437500 0.031250000 0.019531250 0.046875000 0.027343750 0.011718750 0.070312500 0.007812500 0.007812500 0.035156250 0.011718750 0.011718750 0.011718750 0.031250000 0.042968750 0.011718750 0.035156250 0.042968750 0.039062500 0.035156250 0.023437500 0.019531250 0.058593750 0.015625000 0.042968750 0.019531250 0.027343750 0.011718750 0.031250000 0.019531250 0.000000000 0.019531250 0.039062500 0.058593750 0.039062500 0.019531250 0.039062500 0.015625000 0.031250000 0.031250000 0.035156250 0.031250000 0.019531250 0.023437500 0.031250000 0.074218750 0.031250000 0.019531250 0.031250000 0.011718750 0.039062500 0.007812500 0.031250000 0.019531250 0.078125000 0.031250000 0.031250000 0.042968750 0.023437500 0.023437500 0.023437500 0.011718750 0.062500000 0.015625000 0.015625000 0.039062500 0.035156250 0.003906250 0.050781250 0.003906250 0.050781250 0.023437500 0.031250000 0.003906250 0.007812500 0.054687500 0.027343750 0.003906250 0.011718750 0.019531250 0.035156250 0.027343750 0.031250000 0.031250000 0.011718750 0.015625000 0.011718750 0.011718750 0.031250000 0.023437500 0.019531250 0.011718750 0.000000000 0.039062500 0.011718750 0.027343750 0.027343750 0.039062500 0.023437500 0.019531250 0.042968750 0.019531250 0.027343750 0.054687500 0.011718750 0.027343750 0.015625000 0.031250000 0.035156250 0.011718750 0.011718750 0.031250000 0.015625000 0.023437500 0.007812500 0.039062500 0.027343750 0.031250000 0.023437500 0.031250000 0.027343750 0.019531250 0.007812500 0.015625000 0.019531250 0.031250000 0.019531250 0.042968750 0.039062500 0.015625000 0.054687500 0.011718750 0.007812500 0.019531250 0.011718750 
0.546875000 0.214843750 0.468750000 0.144531250 0.261718750 0.890625000 0.734375000 0.257812500 0.718750000 1.906250000 0.347656250 0.484375000 0.160156250 0.085937500 0.109375000 0.390625000 0.308593750 0.882812500 0.464843750 0.542968750 0.226562500 0.476562500 0.410156250 0.250000000 0.550781250 0.328125000 0.187500000 0.058593750 0.136718750 0.128906250 0.234375000 0.105468750 0.230468750 0.105468750 0.207031250 0.187500000 0.269531250 0.101562500 0.179687500 0.300781250 0.187500000 0.152343750 0.199218750 0.058593750 0.210937500 0.015625000 0.183593750 0.199218750 0.023437500 0.167968750 0.039062500 0.109375000 0.085937500 0.078125000 0.082031250 0.144531250 0.031250000 0.066406250 0.109375000 0.039062500 0.042968750 0.105468750 0.078125000 0.054687500 0.082031250 0.093750000 0.093750000 0.070312500 0.011718750 0.023437500 0.035156250 0.097656250 0.058593750 0.136718750 0.050781250 0.074218750 0.027343750 0.027343750 0.050781250 0.039062500 0.027343750 0.066406250 0.027343750 0.003906250 0.082031250 0.035156250 0.042968750 0.027343750 0.101562500 0.070312500 0.062500000 0.019531250 0.031250000 0.035156250 0.000000000 0.097656250 0.031250000 0.050781250 0.027343750 0.019531250 0.050781250 0.007812500 0.019531250 0.027343750 0.023437500 0.101562500 0.035156250 0.101562500 0.031250000 0.070312500 0.039062500 0.035156250 0.050781250 0.039062500 0.046875000 0.054687500 0.031250000 0.023437500 0.082031250 0.015625000 0.007812500 0.027343750 0.019531250 0.023437500 0.023437500 0.031250000 0.015625000 0.023437500 0.062500000 0.023437500 0.011718750 0.039062500 0.003906250 0.011718750 0.023437500 0.015625000 0.039062500 0.042968750 0.015625000 0.011718750 0.027343750 0.054687500 0.015625000 0.027343750 0.062500000 0.015625000 0.015625000 0.027343750 0.039062500 0.007812500 0.027343750 0.019531250 0.011718750 0.031250000 0.046875000 0.027343750 0.007812500 0.050781250 0.054687500 0.023437500 0.027343750 0.019531250 0.023437500 0.039062500 0.011718750 0.007812500 0.023437500 0.058593750 0.050781250 0.019531250 0.019531250 0.011718750 0.027343750 0.011718750 0.027343750 0.015625000 0.054687500 0.062500000 0.035156250 0.007812500 0.019531250 0.023437500 0.019531250 0.035156250 0.058593750 0.023437500 0.035156250 0.035156250 0.035156250 0.015625000 0.042968750 0.019531250 0.023437500 0.015625000 0.035156250 0.019531250 0.039062500 0.039062500 0.035156250 0.003906250 0.003906250 0.019531250 0.019531250 0.011718750 0.003906250 0.031250000 0.011718750 0.003906250 0.003906250 0.023437500 0.042968750 0.015625000 0.027343750 0.023437500 0.019531250 0.023437500 0.023437500 0.007812500 0.003906250 0.015625000 0.015625000 0.027343750 0.042968750 0.011718750 0.007812500 0.027343750 0.019531250 0.042968750 0.031250000 0.019531250 0.027343750 0.027343750 0.031250000 0.035156250 0.011718750 0.031250000 0.011718750 0.031250000 0.015625000 0.027343750 0.046875000 0.011718750 0.007812500 0.019531250 0.039062500 0.011718750 0.027343750 0.015625000 0.019531250 0.035156250 0.023437500 0.003906250 0.027343750 0.039062500 0.031250000 0.027343750 0.046875000 
0.683593750 0.132812500 0.371093750 0.187500000 0.382812500 0.648437500 0.351562500 0.570312500 0.750000000 2.000000000 0.269531250 0.414062500 0.113281250 0.117187500 0.238281250 0.402343750 0.132812500 0.863281250 0.789062500 0.742187500 0.242187500 0.359375000 0.132812500 0.546875000 0.457031250 0.316406250 0.128906250 0.125000000 0.101562500 0.058593750 0.324218750 0.031250000 0.199218750 0.109375000 0.332031250 0.191406250 0.191406250 0.089843750 0.156250000 0.222656250 0.148437500 0.097656250 0.128906250 0.046875000 0.105468750 0.128906250 0.109375000 0.214843750 0.050781250 0.175781250 0.039062500 0.058593750 0.042968750 0.074218750 0.121093750 0.039062500 0.101562500 0.074218750 0.093750000 0.023437500 0.085937500 0.062500000 0.113281250 0.070312500 0.113281250 0.093750000 0.035156250 0.109375000 0.058593750 0.042968750 0.023437500 0.113281250 0.082031250 0.027343750 0.136718750 0.101562500 0.039062500 0.035156250 0.039062500 0.023437500 0.007812500 0.011718750 0.046875000 0.039062500 0.062500000 0.007812500 0.097656250 0.062500000 0.062500000 0.042968750 0.066406250 0.027343750 0.023437500 0.031250000 0.027343750 0.078125000 0.027343750 0.066406250 0.019531250 0.003906250 0.074218750 0.039062500 0.023437500 0.019531250 0.058593750 0.039062500 0.042968750 0.113281250 0.007812500 0.023437500 0.074218750 0.023437500 0.085937500 0.003906250 0.027343750 0.062500000 0.027343750 0.027343750 0.031250000 0.074218750 0.050781250 0.031250000 0.046875000 0.023437500 0.031250000 0.000000000 0.046875000 0.035156250 0.042968750 0.074218750 0.054687500 0.023437500 0.007812500 0.015625000 0.007812500 0.027343750 0.054687500 0.039062500 0.031250000 0.011718750 0.019531250 0.054687500 0.031250000 0.031250000 0.066406250 0.023437500 0.023437500 0.023437500 0.031250000 0.015625000 0.023437500 0.035156250 0.015625000 0.050781250 0.046875000 0.015625000 0.019531250 0.039062500 0.054687500 0.042968750 0.023437500 0.031250000 0.015625000 0.027343750 0.023437500 0.007812500 0.023437500 0.062500000 0.027343750 0.011718750 0.019531250 0.011718750 0.023437500 0.019531250 0.015625000 0.031250000 0.027343750 0.039062500 0.039062500 0.011718750 0.035156250 0.007812500 0.042968750 0.015625000 0.042968750 0.007812500 0.046875000 0.027343750 0.054687500 0.007812500 0.031250000 0.023437500 0.023437500 0.019531250 0.035156250 0.015625000 0.050781250 0.039062500 0.031250000 0.011718750 0.003906250 0.011718750 0.015625000 0.015625000 0.023437500 0.035156250 0.031250000 0.023437500 0.003906250 0.039062500 0.011718750 0.042968750 0.050781250 0.003906250 0.035156250 0.007812500 0.027343750 0.019531250 0.015625000 0.015625000 0.011718750 0.023437500 0.027343750 0.031250000 0.042968750 0.015625000 0.031250000 0.027343750 0.042968750 0.015625000 0.023437500 0.050781250 0.027343750 0.035156250 0.023437500 0.035156250 0.023437500 0.023437500 0.039062500 0.031250000 0.035156250 0.011718750 0.015625000 0.011718750 0.035156250 0.035156250 0.023437500 0.027343750 0.015625000 0.023437500 0.027343750 0.011718750 0.019531250 0.050781250 0.039062500 0.058593750 0.003906250 
0.578125000 0.113281250 0.496093750 0.328125000 0.257812500 0.441406250 0.183593750 0.664062500 0.484375000 1.375000000 0.964843750 0.132812500 0.113281250 0.367187500 0.125000000 0.398437500 0.648437500 0.964843750 0.269531250 0.339843750 0.679687500 0.175781250 0.257812500 0.394531250 0.335937500 0.304687500 0.148437500 0.078125000 0.113281250 0.121093750 0.257812500 0.207031250 0.054687500 0.074218750 0.277343750 0.296875000 0.183593750 0.093750000 0.054687500 0.417968750 0.074218750 0.078125000 0.136718750 0.148437500 0.199218750 0.046875000 0.250000000 0.253906250 0.179687500 0.085937500 0.062500000 0.117187500 0.074218750 0.113281250 0.046875000 0.105468750 0.113281250 0.035156250 0.031250000 0.070312500 0.035156250 0.070312500 0.191406250 0.031250000 0.074218750 0.121093750 0.023437500 0.132812500 0.070312500 0.031250000 0.039062500 0.074218750 0.128906250 0.074218750 0.093750000 0.132812500 0.058593750 0.058593750 0.042968750 0.039062500 0.031250000 0.019531250 0.031250000 0.093750000 0.054687500 0.089843750 0.027343750 0.054687500 0.027343750 0.062500000 0.066406250 0.031250000 0.023437500 0.042968750 0.007812500 0.070312500 0.019531250 0.097656250 0.007812500 0.027343750 0.035156250 0.078125000 0.054687500 0.031250000 0.062500000 0.031250000 0.050781250 0.089843750 0.050781250 0.023437500 0.039062500 0.035156250 0.062500000 0.035156250 0.015625000 0.066406250 0.007812500 0.039062500 0.015625000 0.082031250 0.011718750 0.027343750 0.042968750 0.019531250 0.039062500 0.023437500 0.015625000 0.050781250 0.023437500 0.085937500 0.058593750 0.023437500 0.035156250 0.015625000 0.019531250 0.023437500 0.015625000 0.011718750 0.039062500 0.011718750 0.015625000 0.050781250 0.011718750 0.035156250 0.042968750 0.015625000 0.027343750 0.027343750 0.019531250 0.015625000 0.023437500 0.019531250 0.023437500 0.066406250 0.027343750 0.046875000 0.023437500 0.019531250 0.050781250 0.031250000 0.019531250 0.023437500 0.003906250 0.023437500 0.019531250 0.015625000 0.019531250 0.035156250 0.003906250 0.035156250 0.019531250 0.007812500 0.023437500 0.031250000 0.035156250 0.027343750 0.011718750 0.046875000 0.031250000 0.015625000 0.042968750 0.015625000 0.066406250 0.062500000 0.015625000 0.035156250 0.042968750 0.011718750 0.035156250 0.015625000 0.003906250 0.023437500 0.023437500 0.027343750 0.050781250 0.031250000 0.031250000 0.031250000 0.011718750 0.019531250 0.007812500 0.011718750 0.007812500 0.042968750 0.015625000 0.027343750 0.035156250 0.011718750 0.027343750 0.042968750 0.011718750 0.039062500 0.019531250 0.023437500 0.035156250 0.003906250 0.035156250 0.027343750 0.007812500 0.019531250 0.003906250 0.039062500 0.019531250 0.027343750 0.046875000 0.007812500 0.046875000 0.011718750 0.027343750 0.011718750 0.039062500 0.019531250 0.015625000 0.054687500 0.027343750 0.035156250 0.015625000 0.023437500 0.023437500 0.027343750 0.007812500 0.027343750 0.027343750 0.003906250 0.023437500 0.035156250 0.031250000 0.027343750 0.011718750 0.035156250 0.019531250 0.031250000 0.011718750 0.058593750 0.062500000 0.027343750 0.015625000 
0.753906250 0.062500000 0.453125000 0.253906250 0.500000000 0.199218750 0.265625000 0.722656250 0.929687500 0.398437500 0.324218750 0.292968750 0.070312500 0.121093750 0.316406250 0.546875000 0.460937500 0.628906250 0.390625000 0.722656250 0.558593750 0.207031250 0.308593750 0.554687500 0.355468750 0.398437500 0.085937500 0.222656250 0.195312500 0.199218750 0.160156250 0.316406250 0.179687500 0.027343750 0.085937500 0.113281250 0.238281250 0.062500000 0.015625000 0.425781250 0.023437500 0.082031250 0.117187500 0.097656250 0.125000000 0.125000000 0.093750000 0.207031250 0.191406250 0.070312500 0.058593750 0.187500000 0.195312500 0.019531250 0.046875000 0.125000000 0.125000000 0.042968750 0.042968750 0.039062500 0.097656250 0.058593750 0.191406250 0.062500000 0.078125000 0.031250000 0.082031250 0.089843750 0.105468750 0.039062500 0.027343750 0.101562500 0.128906250 0.085937500 0.070312500 0.085937500 0.031250000 0.128906250 0.054687500 0.011718750 0.019531250 0.027343750 0.039062500 0.136718750 0.062500000 0.035156250 0.027343750 0.042968750 0.023437500 0.089843750 0.054687500 0.035156250 0.031250000 0.082031250 0.066406250 0.003906250 0.054687500 0.035156250 0.062500000 0.058593750 0.027343750 0.035156250 0.089843750 0.027343750 0.031250000 0.046875000 0.023437500 0.050781250 0.062500000 0.027343750 0.027343750 0.027343750 0.031250000 0.023437500 0.058593750 0.042968750 0.054687500 0.011718750 0.058593750 0.042968750 0.035156250 0.027343750 0.039062500 0.023437500 0.050781250 0.019531250 0.019531250 0.035156250 0.015625000 0.062500000 0.023437500 0.031250000 0.027343750 0.015625000 0.011718750 0.019531250 0.007812500 0.015625000 0.046875000 0.019531250 0.007812500 0.031250000 0.007812500 0.027343750 0.031250000 0.011718750 0.027343750 0.023437500 0.007812500 0.019531250 0.046875000 0.023437500 0.039062500 0.035156250 0.042968750 0.027343750 0.035156250 0.019531250 0.027343750 0.027343750 0.023437500 0.015625000 0.019531250 0.003906250 0.023437500 0.007812500 0.019531250 0.050781250 0.007812500 0.031250000 0.027343750 0.011718750 0.007812500 0.023437500 0.031250000 0.011718750 0.019531250 0.046875000 0.011718750 0.039062500 0.031250000 0.015625000 0.050781250 0.027343750 0.023437500 0.046875000 0.042968750 0.031250000 0.015625000 0.019531250 0.039062500 0.042968750 0.039062500 0.023437500 0.039062500 0.050781250 0.027343750 0.011718750 0.031250000 0.007812500 0.023437500 0.015625000 0.031250000 0.019531250 0.039062500 0.027343750 0.027343750 0.019531250 0.031250000 0.035156250 0.031250000 0.019531250 0.035156250 0.031250000 0.031250000 0.019531250 0.035156250 0.027343750 0.011718750 0.019531250 0.003906250 0.031250000 0.015625000 0.042968750 0.031250000 0.003906250 0.042968750 0.015625000 0.015625000 0.027343750 0.031250000 0.003906250 0.042968750 0.019531250 0.003906250 0.027343750 0.015625000 0.015625000 0.027343750 0.023437500 0.015625000 0.023437500 0.007812500 0.023437500 0.003906250 0.007812500 0.027343750 0.031250000 0.023437500 0.011718750 0.023437500 0.007812500 0.015625000 0.027343750 0.066406250 0.015625000 0.027343750 
0.761718750 0.089843750 0.390625000 0.160156250 0.472656250 0.417968750 0.097656250 0.726562500 0.890625000 0.277343750 0.257812500 0.113281250 0.285156250 0.386718750 0.128906250 0.238281250 0.937500000 0.792968750 0.476562500 0.601562500 0.363281250 0.125000000 0.238281250 0.472656250 0.503906250 0.218750000 0.210937500 0.097656250 0.113281250 0.238281250 0.085937500 0.281250000 0.109375000 0.269531250 0.222656250 0.132812500 0.199218750 0.351562500 0.277343750 0.402343750 0.035156250 0.109375000 0.082031250 0.074218750 0.175781250 0.152343750 0.031250000 0.261718750 0.070312500 0.074218750 0.031250000 0.207031250 0.191406250 0.132812500 0.144531250 0.109375000 0.109375000 0.050781250 0.156250000 0.089843750 0.117187500 0.007812500 0.109375000 0.046875000 0.144531250 0.093750000 0.058593750 0.062500000 0.105468750 0.015625000 0.039062500 0.078125000 0.109375000 0.070312500 0.058593750 0.031250000 0.027343750 0.132812500 0.058593750 0.011718750 0.031250000 0.054687500 0.011718750 0.121093750 0.082031250 0.039062500 0.031250000 0.054687500 0.050781250 0.132812500 0.015625000 0.035156250 0.046875000 0.085937500 0.031250000 0.035156250 0.042968750 0.027343750 0.066406250 0.027343750 0.015625000 0.035156250 0.070312500 0.027343750 0.000000000 0.074218750 0.023437500 0.019531250 0.050781250 0.050781250 0.050781250 0.027343750 0.027343750 0.035156250 0.089843750 0.023437500 0.027343750 0.019531250 0.058593750 0.054687500 0.046875000 0.015625000 0.042968750 0.015625000 0.039062500 0.019531250 0.007812500 0.042968750 0.042968750 0.031250000 0.027343750 0.011718750 0.023437500 0.015625000 0.019531250 0.023437500 0.015625000 0.011718750 0.042968750 0.015625000 0.031250000 0.031250000 0.035156250 0.023437500 0.019531250 0.035156250 0.015625000 0.019531250 0.015625000 0.023437500 0.027343750 0.039062500 0.035156250 0.007812500 0.027343750 0.015625000 0.035156250 0.035156250 0.023437500 0.031250000 0.011718750 0.015625000 0.054687500 0.031250000 0.019531250 0.015625000 0.042968750 0.019531250 0.058593750 0.042968750 0.019531250 0.039062500 0.039062500 0.035156250 0.027343750 0.023437500 0.023437500 0.023437500 0.039062500 0.023437500 0.035156250 0.023437500 0.050781250 0.031250000 0.019531250 0.062500000 0.050781250 0.035156250 0.015625000 0.015625000 0.050781250 0.042968750 0.023437500 0.042968750 0.015625000 0.039062500 0.023437500 0.023437500 0.042968750 0.027343750 0.031250000 0.011718750 0.023437500 0.027343750 0.042968750 0.031250000 0.015625000 0.007812500 0.019531250 0.027343750 0.031250000 0.007812500 0.011718750 0.011718750 0.039062500 0.015625000 0.039062500 0.035156250 0.023437500 0.023437500 0.031250000 0.007812500 0.046875000 0.015625000 0.019531250 0.015625000 0.031250000 0.027343750 0.015625000 0.039062500 0.011718750 0.027343750 0.015625000 0.031250000 0.011718750 0.019531250 0.015625000 0.023437500 0.011718750 0.023437500 0.011718750 0.031250000 0.027343750 0.027343750 0.027343750 0.011718750 0.011718750 0.031250000 0.019531250 0.007812500 0.019531250 0.011718750 0.015625000 0.042968750 0.042968750 0.035156250 0.019531250 
0.761718750 0.023437500 0.496093750 0.187500000 0.625000000 0.515625000 0.136718750 0.531250000 0.566406250 0.445312500 0.125000000 0.417968750 0.316406250 0.437500000 0.500000000 0.703125000 0.472656250 0.703125000 0.460937500 0.449218750 0.339843750 0.199218750 0.519531250 0.441406250 0.601562500 0.246093750 0.179687500 0.195312500 0.199218750 0.250000000 0.089843750 0.261718750 0.093750000 0.296875000 0.152343750 0.351562500 0.195312500 0.500000000 0.144531250 0.339843750 0.070312500 0.042968750 0.140625000 0.082031250 0.140625000 0.109375000 0.078125000 0.167968750 0.175781250 0.089843750 0.070312500 0.093750000 0.222656250 0.156250000 0.089843750 0.121093750 0.207031250 0.105468750 0.167968750 0.019531250 0.062500000 0.035156250 0.093750000 0.093750000 0.078125000 0.128906250 0.046875000 0.039062500 0.046875000 0.046875000 0.035156250 0.113281250 0.082031250 0.046875000 0.039062500 0.035156250 0.035156250 0.109375000 0.042968750 0.046875000 0.050781250 0.031250000 0.054687500 0.039062500 0.070312500 0.058593750 0.046875000 0.078125000 0.082031250 0.125000000 0.027343750 0.050781250 0.082031250 0.050781250 0.066406250 0.050781250 0.039062500 0.011718750 0.070312500 0.039062500 0.042968750 0.035156250 0.066406250 0.019531250 0.027343750 0.089843750 0.019531250 0.031250000 0.023437500 0.070312500 0.066406250 0.039062500 0.023437500 0.058593750 0.058593750 0.039062500 0.031250000 0.039062500 0.035156250 0.011718750 0.070312500 0.027343750 0.023437500 0.031250000 0.023437500 0.019531250 0.031250000 0.027343750 0.023437500 0.023437500 0.042968750 0.042968750 0.058593750 0.023437500 0.003906250 0.027343750 0.003906250 0.019531250 0.019531250 0.027343750 0.039062500 0.015625000 0.046875000 0.023437500 0.011718750 0.042968750 0.011718750 0.023437500 0.003906250 0.042968750 0.019531250 0.054687500 0.019531250 0.042968750 0.011718750 0.027343750 0.027343750 0.003906250 0.023437500 0.015625000 0.007812500 0.015625000 0.062500000 0.019531250 0.019531250 0.019531250 0.050781250 0.019531250 0.066406250 0.031250000 0.019531250 0.035156250 0.046875000 0.046875000 0.011718750 0.007812500 0.007812500 0.019531250 0.019531250 0.035156250 0.015625000 0.031250000 0.046875000 0.019531250 0.031250000 0.050781250 0.078125000 0.023437500 0.027343750 0.007812500 0.058593750 0.050781250 0.023437500 0.042968750 0.015625000 0.046875000 0.027343750 0.027343750 0.027343750 0.027343750 0.039062500 0.007812500 0.011718750 0.011718750 0.050781250 0.027343750 0.027343750 0.003906250 0.015625000 0.007812500 0.023437500 0.019531250 0.015625000 0.015625000 0.027343750 0.039062500 0.019531250 0.027343750 0.019531250 0.019531250 0.031250000 0.015625000 0.050781250 0.015625000 0.015625000 0.007812500 0.023437500 0.035156250 0.015625000 0.042968750 0.015625000 0.019531250 0.023437500 0.011718750 0.027343750 0.011718750 0.007812500 0.011718750 0.019531250 0.046875000 0.031250000 0.015625000 0.015625000 0.011718750 0.050781250 0.019531250 0.027343750 0.015625000 0.019531250 0.027343750 0.011718750 0.015625000 0.031250000 0.007812500 0.019531250 0.046875000 0.042968750 
0.890625000 0.113281250 0.519531250 0.304687500 0.375000000 0.257812500 0.437500000 0.242187500 0.261718750 1.058593750 0.855468750 0.339843750 0.281250000 0.332031250 0.250000000 0.718750000 0.382812500 0.683593750 0.343750000 0.609375000 0.464843750 0.355468750 0.132812500 0.589843750 0.382812500 0.066406250 0.136718750 0.261718750 0.093750000 0.230468750 0.062500000 0.335937500 0.050781250 0.367187500 0.195312500 0.375000000 0.261718750 0.406250000 0.035156250 0.316406250 0.097656250 0.175781250 0.199218750 0.066406250 0.238281250 0.031250000 0.085937500 0.222656250 0.179687500 0.125000000 0.093750000 0.121093750 0.101562500 0.097656250 0.058593750 0.195312500 0.109375000 0.175781250 0.089843750 0.132812500 0.058593750 0.082031250 0.070312500 0.062500000 0.078125000 0.128906250 0.042968750 0.027343750 0.027343750 0.027343750 0.066406250 0.070312500 0.003906250 0.070312500 0.054687500 0.039062500 0.035156250 0.085937500 0.015625000 0.011718750 0.054687500 0.042968750 0.015625000 0.082031250 0.039062500 0.011718750 0.070312500 0.093750000 0.085937500 0.046875000 0.089843750 0.078125000 0.054687500 0.046875000 0.050781250 0.035156250 0.050781250 0.050781250 0.027343750 0.070312500 0.046875000 0.027343750 0.015625000 0.031250000 0.019531250 0.042968750 0.050781250 0.050781250 0.019531250 0.074218750 0.058593750 0.062500000 0.035156250 0.042968750 0.031250000 0.035156250 0.015625000 0.039062500 0.019531250 0.019531250 0.054687500 0.039062500 0.023437500 0.019531250 0.007812500 0.046875000 0.039062500 0.031250000 0.003906250 0.054687500 0.015625000 0.031250000 0.039062500 0.039062500 0.050781250 0.019531250 0.039062500 0.042968750 0.007812500 0.031250000 0.046875000 0.023437500 0.035156250 0.023437500 0.031250000 0.054687500 0.042968750 0.035156250 0.023437500 0.031250000 0.035156250 0.015625000 0.050781250 0.027343750 0.023437500 0.023437500 0.027343750 0.015625000 0.031250000 0.019531250 0.027343750 0.015625000 0.058593750 0.027343750 0.042968750 0.035156250 0.058593750 0.031250000 0.046875000 0.019531250 0.042968750 0.039062500 0.046875000 0.027343750 0.031250000 0.023437500 0.031250000 0.000000000 0.035156250 0.023437500 0.042968750 0.007812500 0.074218750 0.042968750 0.019531250 0.042968750 0.062500000 0.023437500 0.035156250 0.011718750 0.023437500 0.023437500 0.031250000 0.011718750 0.019531250 0.042968750 0.011718750 0.019531250 0.023437500 0.019531250 0.019531250 0.011718750 0.003906250 0.007812500 0.062500000 0.027343750 0.027343750 0.015625000 0.015625000 0.007812500 0.007812500 0.007812500 0.007812500 0.019531250 0.007812500 0.007812500 0.011718750 0.027343750 0.023437500 0.015625000 0.023437500 0.054687500 0.042968750 0.023437500 0.003906250 0.027343750 0.046875000 0.007812500 0.031250000 0.035156250 0.023437500 0.023437500 0.023437500 0.007812500 0.015625000 0.019531250 0.011718750 0.023437500 0.019531250 0.015625000 0.027343750 0.007812500 0.011718750 0.035156250 0.035156250 0.027343750 0.027343750 0.015625000 0.039062500 0.011718750 0.023437500 0.035156250 0.019531250 0.019531250 0.015625000 0.011718750 0.007812500 
1.382812500 0.328125000 0.566406250 0.171875000 0.148437500 0.468750000 0.386718750 0.296875000 0.753906250 1.183593750 0.316406250 0.437500000 0.363281250 0.335937500 0.246093750 0.652343750 0.457031250 0.714843750 0.382812500 0.593750000 0.457031250 0.265625000 0.171875000 0.457031250 0.316406250 0.277343750 0.343750000 0.156250000 0.113281250 0.210937500 0.019531250 0.250000000 0.312500000 0.417968750 0.234375000 0.238281250 0.289062500 0.238281250 0.113281250 0.308593750 0.074218750 0.156250000 0.226562500 0.035156250 0.253906250 0.074218750 0.113281250 0.171875000 0.210937500 0.023437500 0.078125000 0.121093750 0.117187500 0.062500000 0.101562500 0.152343750 0.015625000 0.085937500 0.199218750 0.085937500 0.105468750 0.007812500 0.105468750 0.070312500 0.070312500 0.097656250 0.058593750 0.007812500 0.027343750 0.027343750 0.027343750 0.042968750 0.035156250 0.089843750 0.089843750 0.105468750 0.058593750 0.101562500 0.031250000 0.039062500 0.058593750 0.062500000 0.050781250 0.050781250 0.109375000 0.074218750 0.035156250 0.074218750 0.035156250 0.023437500 0.074218750 0.101562500 0.058593750 0.074218750 0.039062500 0.027343750 0.078125000 0.023437500 0.031250000 0.054687500 0.085937500 0.042968750 0.011718750 0.011718750 0.031250000 0.019531250 0.035156250 0.054687500 0.019531250 0.089843750 0.078125000 0.066406250 0.042968750 0.039062500 0.035156250 0.042968750 0.031250000 0.039062500 0.023437500 0.015625000 0.019531250 0.054687500 0.035156250 0.015625000 0.015625000 0.054687500 0.046875000 0.050781250 0.023437500 0.078125000 0.011718750 0.019531250 0.042968750 0.046875000 0.039062500 0.027343750 0.042968750 0.035156250 0.019531250 0.011718750 0.035156250 0.031250000 0.019531250 0.031250000 0.031250000 0.011718750 0.089843750 0.011718750 0.035156250 0.019531250 0.046875000 0.007812500 0.046875000 0.027343750 0.035156250 0.011718750 0.027343750 0.019531250 0.042968750 0.019531250 0.050781250 0.023437500 0.023437500 0.042968750 0.050781250 0.019531250 0.035156250 0.019531250 0.042968750 0.019531250 0.027343750 0.003906250 0.035156250 0.011718750 0.042968750 0.011718750 0.007812500 0.035156250 0.039062500 0.003906250 0.054687500 0.019531250 0.058593750 0.054687500 0.015625000 0.031250000 0.027343750 0.039062500 0.031250000 0.035156250 0.015625000 0.015625000 0.019531250 0.023437500 0.023437500 0.015625000 0.031250000 0.007812500 0.023437500 0.019531250 0.003906250 0.007812500 0.007812500 0.011718750 0.046875000 0.011718750 0.042968750 0.031250000 0.007812500 0.019531250 0.019531250 0.023437500 0.007812500 0.027343750 0.035156250 0.035156250 0.027343750 0.031250000 0.019531250 0.007812500 0.019531250 0.058593750 0.039062500 0.015625000 0.003906250 0.027343750 0.039062500 0.011718750 0.031250000 0.031250000 0.027343750 0.027343750 0.023437500 0.011718750 0.011718750 0.007812500 0.015625000 0.023437500 0.023437500 0.015625000 0.027343750 0.007812500 0.027343750 0.011718750 0.011718750 0.062500000 0.007812500 0.027343750 0.035156250 0.023437500 0.031250000 0.011718750 0.039062500 0.031250000 0.015625000 0.003906250 0.023437500 
1.371093750 0.503906250 0.367187500 0.011718750 0.144531250 0.632812500 0.847656250 0.316406250 0.925781250 1.039062500 0.058593750 0.714843750 0.152343750 0.449218750 0.289062500 0.453125000 0.707031250 0.605468750 0.429687500 0.921875000 0.222656250 0.394531250 0.332031250 0.089843750 0.265625000 0.164062500 0.355468750 0.203125000 0.140625000 0.085937500 0.132812500 0.207031250 0.421875000 0.304687500 0.277343750 0.097656250 0.082031250 0.031250000 0.152343750 0.328125000 0.003906250 0.226562500 0.234375000 0.066406250 0.125000000 0.042968750 0.046875000 0.292968750 0.253906250 0.125000000 0.031250000 0.031250000 0.109375000 0.019531250 0.160156250 0.222656250 0.078125000 0.132812500 0.144531250 0.101562500 0.132812500 0.089843750 0.085937500 0.042968750 0.085937500 0.093750000 0.050781250 0.074218750 0.070312500 0.015625000 0.035156250 0.046875000 0.058593750 0.089843750 0.070312500 0.097656250 0.082031250 0.066406250 0.066406250 0.031250000 0.007812500 0.039062500 0.007812500 0.039062500 0.136718750 0.078125000 0.039062500 0.046875000 0.054687500 0.074218750 0.093750000 0.039062500 0.027343750 0.074218750 0.007812500 0.066406250 0.078125000 0.042968750 0.039062500 0.027343750 0.039062500 0.035156250 0.062500000 0.027343750 0.011718750 0.007812500 0.035156250 0.093750000 0.035156250 0.035156250 0.007812500 0.066406250 0.046875000 0.007812500 0.042968750 0.042968750 0.031250000 0.039062500 0.027343750 0.046875000 0.039062500 0.039062500 0.007812500 0.023437500 0.015625000 0.042968750 0.042968750 0.050781250 0.015625000 0.070312500 0.019531250 0.007812500 0.035156250 0.035156250 0.031250000 0.050781250 0.046875000 0.023437500 0.039062500 0.023437500 0.058593750 0.007812500 0.019531250 0.031250000 0.019531250 0.019531250 0.066406250 0.054687500 0.070312500 0.023437500 0.027343750 0.023437500 0.011718750 0.078125000 0.027343750 0.015625000 0.039062500 0.039062500 0.042968750 0.015625000 0.050781250 0.011718750 0.027343750 0.062500000 0.027343750 0.027343750 0.042968750 0.027343750 0.035156250 0.027343750 0.015625000 0.027343750 0.027343750 0.019531250 0.027343750 0.042968750 0.019531250 0.035156250 0.035156250 0.031250000 0.062500000 0.050781250 0.042968750 0.035156250 0.015625000 0.007812500 0.007812500 0.039062500 0.027343750 0.031250000 0.023437500 0.031250000 0.011718750 0.019531250 0.019531250 0.007812500 0.039062500 0.015625000 0.019531250 0.011718750 0.031250000 0.011718750 0.011718750 0.027343750 0.019531250 0.031250000 0.046875000 0.019531250 0.023437500 0.023437500 0.019531250 0.015625000 0.003906250 0.031250000 0.023437500 0.015625000 0.011718750 0.011718750 0.023437500 0.019531250 0.027343750 0.023437500 0.054687500 0.035156250 0.015625000 0.023437500 0.042968750 0.023437500 0.035156250 0.007812500 0.003906250 0.007812500 0.023437500 0.031250000 0.019531250 0.015625000 0.011718750 0.019531250 0.023437500 0.031250000 0.007812500 0.015625000 0.027343750 0.011718750 0.019531250 0.046875000 0.011718750 0.019531250 0.035156250 0.050781250 0.019531250 0.023437500 0.046875000 0.011718750 0.019531250 0.015625000 0.003906250 
1.570312500 0.257812500 0.234375000 0.175781250 0.304687500 0.507812500 0.679687500 0.410156250 0.890625000 0.417968750 0.398437500 0.531250000 0.320312500 0.253906250 0.339843750 0.496093750 0.945312500 0.632812500 0.429687500 0.820312500 0.339843750 0.152343750 0.386718750 0.207031250 0.265625000 0.144531250 0.261718750 0.078125000 0.140625000 0.125000000 0.070312500 0.328125000 0.179687500 0.328125000 0.234375000 0.062500000 0.066406250 0.195312500 0.066406250 0.250000000 0.105468750 0.105468750 0.113281250 0.062500000 0.105468750 0.039062500 0.097656250 0.136718750 0.308593750 0.167968750 0.015625000 0.101562500 0.074218750 0.136718750 0.101562500 0.167968750 0.074218750 0.242187500 0.140625000 0.062500000 0.050781250 0.042968750 0.007812500 0.078125000 0.121093750 0.089843750 0.050781250 0.085937500 0.054687500 0.078125000 0.019531250 0.027343750 0.066406250 0.074218750 0.042968750 0.066406250 0.144531250 0.015625000 0.046875000 0.046875000 0.042968750 0.070312500 0.039062500 0.046875000 0.089843750 0.128906250 0.054687500 0.035156250 0.050781250 0.054687500 0.054687500 0.062500000 0.089843750 0.027343750 0.046875000 0.062500000 0.074218750 0.019531250 0.039062500 0.050781250 0.031250000 0.046875000 0.070312500 0.003906250 0.023437500 0.015625000 0.062500000 0.062500000 0.050781250 0.015625000 0.019531250 0.035156250 0.085937500 0.066406250 0.023437500 0.062500000 0.027343750 0.042968750 0.039062500 0.050781250 0.027343750 0.066406250 0.039062500 0.023437500 0.015625000 0.019531250 0.054687500 0.015625000 0.023437500 0.039062500 0.035156250 0.007812500 0.011718750 0.062500000 0.042968750 0.027343750 0.085937500 0.035156250 0.035156250 0.031250000 0.027343750 0.015625000 0.039062500 0.003906250 0.007812500 0.050781250 0.007812500 0.019531250 0.050781250 0.050781250 0.035156250 0.046875000 0.062500000 0.035156250 0.031250000 0.050781250 0.042968750 0.039062500 0.011718750 0.046875000 0.054687500 0.023437500 0.046875000 0.042968750 0.035156250 0.027343750 0.050781250 0.023437500 0.035156250 0.035156250 0.015625000 0.046875000 0.007812500 0.019531250 0.023437500 0.035156250 0.019531250 0.031250000 0.035156250 0.039062500 0.031250000 0.007812500 0.023437500 0.011718750 0.035156250 0.007812500 0.015625000 0.023437500 0.042968750 0.050781250 0.011718750 0.023437500 0.015625000 0.011718750 0.046875000 0.031250000 0.007812500 0.039062500 0.011718750 0.003906250 0.054687500 0.019531250 0.007812500 0.023437500 0.023437500 0.023437500 0.066406250 0.007812500 0.015625000 0.050781250 0.007812500 0.019531250 0.031250000 0.011718750 0.058593750 0.015625000 0.015625000 0.007812500 0.046875000 0.007812500 0.031250000 0.011718750 0.023437500 0.027343750 0.042968750 0.019531250 0.007812500 0.011718750 0.023437500 0.003906250 0.011718750 0.003906250 0.003906250 0.046875000 0.019531250 0.007812500 0.007812500 0.003906250 0.003906250 0.015625000 0.035156250 0.015625000 0.031250000 0.019531250 0.046875000 0.027343750 0.011718750 0.023437500 0.027343750 0.031250000 0.023437500 0.023437500 0.023437500 0.015625000 0.046875000 0.011718750 0.023437500 
1.417968750 0.328125000 0.273437500 0.183593750 0.406250000 0.351562500 0.492187500 0.671875000 0.613281250 0.914062500 0.535156250 0.597656250 0.339843750 0.117187500 0.605468750 0.519531250 0.601562500 0.273437500 0.429687500 0.695312500 0.421875000 0.273437500 0.339843750 0.261718750 0.507812500 0.230468750 0.195312500 0.121093750 0.148437500 0.089843750 0.050781250 0.242187500 0.218750000 0.136718750 0.054687500 0.054687500 0.058593750 0.179687500 0.066406250 0.250000000 0.085937500 0.089843750 0.125000000 0.125000000 0.156250000 0.023437500 0.152343750 0.222656250 0.328125000 0.074218750 0.160156250 0.062500000 0.128906250 0.082031250 0.046875000 0.175781250 0.132812500 0.121093750 0.078125000 0.074218750 0.039062500 0.074218750 0.046875000 0.066406250 0.042968750 0.031250000 0.093750000 0.027343750 0.054687500 0.156250000 0.058593750 0.042968750 0.042968750 0.042968750 0.078125000 0.046875000 0.042968750 0.109375000 0.054687500 0.066406250 0.007812500 0.070312500 0.019531250 0.039062500 0.085937500 0.074218750 0.062500000 0.109375000 0.019531250 0.054687500 0.066406250 0.042968750 0.128906250 0.089843750 0.054687500 0.050781250 0.058593750 0.031250000 0.015625000 0.093750000 0.074218750 0.050781250 0.074218750 0.019531250 0.027343750 0.031250000 0.089843750 0.042968750 0.042968750 0.027343750 0.015625000 0.039062500 0.078125000 0.054687500 0.070312500 0.046875000 0.035156250 0.039062500 0.078125000 0.039062500 0.035156250 0.054687500 0.023437500 0.031250000 0.015625000 0.023437500 0.058593750 0.011718750 0.015625000 0.019531250 0.035156250 0.050781250 0.050781250 0.027343750 0.019531250 0.019531250 0.058593750 0.007812500 0.050781250 0.042968750 0.042968750 0.019531250 0.031250000 0.015625000 0.023437500 0.046875000 0.011718750 0.042968750 0.066406250 0.039062500 0.011718750 0.046875000 0.035156250 0.035156250 0.074218750 0.042968750 0.042968750 0.058593750 0.015625000 0.039062500 0.066406250 0.031250000 0.042968750 0.023437500 0.027343750 0.035156250 0.035156250 0.035156250 0.023437500 0.027343750 0.035156250 0.039062500 0.023437500 0.035156250 0.031250000 0.042968750 0.007812500 0.039062500 0.019531250 0.035156250 0.035156250 0.027343750 0.015625000 0.019531250 0.023437500 0.019531250 0.011718750 0.015625000 0.050781250 0.042968750 0.019531250 0.023437500 0.023437500 0.023437500 0.042968750 0.015625000 0.019531250 0.035156250 0.027343750 0.015625000 0.046875000 0.027343750 0.007812500 0.019531250 0.042968750 0.011718750 0.050781250 0.019531250 0.015625000 0.042968750 0.023437500 0.011718750 0.019531250 0.031250000 0.023437500 0.031250000 0.019531250 0.035156250 0.015625000 0.035156250 0.027343750 0.019531250 0.035156250 0.062500000 0.031250000 0.027343750 0.011718750 0.015625000 0.031250000 0.007812500 0.011718750 0.019531250 0.027343750 0.015625000 0.050781250 0.007812500 0.019531250 0.035156250 0.031250000 0.003906250 0.042968750 0.031250000 0.007812500 0.046875000 0.027343750 0.015625000 0.015625000 0.023437500 0.011718750 0.039062500 0.007812500 0.027343750 0.019531250 0.031250000 0.035156250 0.015625000 0.011718750 
0.855468750 0.214843750 0.335937500 0.054687500 0.109375000 0.285156250 0.203125000 0.058593750 0.320312500 1.574218750 0.714843750 0.253906250 0.585937500 0.207031250 0.457031250 0.382812500 0.500000000 0.292968750 0.019531250 1.007812500 0.144531250 0.218750000 0.082031250 0.593750000 0.292968750 0.164062500 0.187500000 0.140625000 0.140625000 0.117187500 0.109375000 0.335937500 0.089843750 0.101562500 0.042968750 0.074218750 0.152343750 0.179687500 0.144531250 0.382812500 0.085937500 0.246093750 0.187500000 0.156250000 0.199218750 0.117187500 0.167968750 0.085937500 0.210937500 0.144531250 0.164062500 0.046875000 0.152343750 0.046875000 0.023437500 0.082031250 0.066406250 0.074218750 0.136718750 0.105468750 0.066406250 0.097656250 0.058593750 0.078125000 0.058593750 0.058593750 0.070312500 0.101562500 0.109375000 0.062500000 0.101562500 0.082031250 0.023437500 0.046875000 0.121093750 0.046875000 0.046875000 0.074218750 0.113281250 0.027343750 0.015625000 0.066406250 0.027343750 0.042968750 0.058593750 0.074218750 0.019531250 0.101562500 0.050781250 0.074218750 0.035156250 0.007812500 0.171875000 0.054687500 0.027343750 0.058593750 0.046875000 0.054687500 0.011718750 0.089843750 0.035156250 0.062500000 0.050781250 0.015625000 0.011718750 0.050781250 0.074218750 0.042968750 0.027343750 0.027343750 0.015625000 0.046875000 0.054687500 0.023437500 0.101562500 0.039062500 0.066406250 0.035156250 0.042968750 0.058593750 0.015625000 0.035156250 0.015625000 0.035156250 0.031250000 0.039062500 0.031250000 0.007812500 0.019531250 0.011718750 0.027343750 0.035156250 0.054687500 0.031250000 0.054687500 0.011718750 0.039062500 0.031250000 0.042968750 0.007812500 0.027343750 0.007812500 0.007812500 0.000000000 0.011718750 0.023437500 0.031250000 0.031250000 0.070312500 0.031250000 0.042968750 0.046875000 0.042968750 0.019531250 0.070312500 0.031250000 0.031250000 0.042968750 0.019531250 0.031250000 0.035156250 0.058593750 0.031250000 0.031250000 0.019531250 0.015625000 0.039062500 0.023437500 0.035156250 0.035156250 0.050781250 0.054687500 0.039062500 0.042968750 0.015625000 0.039062500 0.027343750 0.000000000 0.046875000 0.050781250 0.003906250 0.035156250 0.042968750 0.058593750 0.019531250 0.027343750 0.019531250 0.027343750 0.054687500 0.062500000 0.011718750 0.035156250 0.019531250 0.046875000 0.031250000 0.035156250 0.058593750 0.085937500 0.050781250 0.019531250 0.027343750 0.019531250 0.031250000 0.015625000 0.042968750 0.046875000 0.074218750 0.031250000 0.023437500 0.062500000 0.039062500 0.023437500 0.042968750 0.019531250 0.082031250 0.054687500 0.042968750 0.085937500 0.078125000 0.062500000 0.042968750 0.085937500 0.101562500 0.066406250 0.093750000 0.125000000 0.117187500 0.125000000 0.089843750 0.097656250 0.101562500 0.093750000 0.121093750 0.093750000 0.093750000 0.074218750 0.105468750 0.082031250 0.074218750 0.062500000 0.054687500 0.027343750 0.042968750 0.074218750 0.027343750 0.027343750 0.070312500 0.039062500 0.042968750 0.070312500 0.058593750 0.062500000 0.074218750 0.042968750 0.062500000 0.015625000 0.050781250 
1.425781250 0.378906250 0.468750000 0.175781250 0.253906250 0.085937500 0.578125000 0.417968750 0.769531250 1.402343750 0.800781250 0.199218750 0.332031250 0.367187500 0.128906250 0.589843750 0.441406250 0.289062500 0.246093750 0.882812500 0.234375000 0.128906250 0.058593750 0.578125000 0.242187500 0.214843750 0.156250000 0.203125000 0.277343750 0.261718750 0.019531250 0.390625000 0.105468750 0.175781250 0.085937500 0.148437500 0.097656250 0.191406250 0.101562500 0.453125000 0.125000000 0.148437500 0.195312500 0.183593750 0.183593750 0.148437500 0.113281250 0.089843750 0.148437500 0.160156250 0.183593750 0.003906250 0.128906250 0.046875000 0.035156250 0.066406250 0.050781250 0.027343750 0.132812500 0.101562500 0.058593750 0.128906250 0.062500000 0.074218750 0.082031250 0.101562500 0.050781250 0.066406250 0.128906250 0.089843750 0.054687500 0.148437500 0.093750000 0.019531250 0.066406250 0.082031250 0.046875000 0.097656250 0.035156250 0.082031250 0.089843750 0.035156250 0.031250000 0.042968750 0.042968750 0.039062500 0.007812500 0.070312500 0.074218750 0.089843750 0.054687500 0.066406250 0.113281250 0.085937500 0.066406250 0.015625000 0.050781250 0.046875000 0.082031250 0.046875000 0.070312500 0.027343750 0.015625000 0.027343750 0.062500000 0.050781250 0.027343750 0.046875000 0.027343750 0.058593750 0.031250000 0.031250000 0.035156250 0.070312500 0.042968750 0.031250000 0.046875000 0.046875000 0.035156250 0.046875000 0.042968750 0.011718750 0.019531250 0.019531250 0.054687500 0.011718750 0.019531250 0.015625000 0.011718750 0.027343750 0.031250000 0.027343750 0.050781250 0.023437500 0.070312500 0.011718750 0.023437500 0.019531250 0.046875000 0.019531250 0.019531250 0.011718750 0.015625000 0.023437500 0.015625000 0.015625000 0.042968750 0.027343750 0.070312500 0.011718750 0.023437500 0.031250000 0.082031250 0.027343750 0.031250000 0.031250000 0.031250000 0.027343750 0.031250000 0.011718750 0.027343750 0.039062500 0.027343750 0.015625000 0.046875000 0.019531250 0.035156250 0.019531250 0.027343750 0.027343750 0.070312500 0.058593750 0.011718750 0.062500000 0.011718750 0.042968750 0.019531250 0.031250000 0.046875000 0.042968750 0.011718750 0.035156250 0.031250000 0.050781250 0.027343750 0.023437500 0.019531250 0.019531250 0.058593750 0.039062500 0.019531250 0.027343750 0.050781250 0.015625000 0.011718750 0.035156250 0.062500000 0.070312500 0.054687500 0.031250000 0.000000000 0.050781250 0.027343750 0.003906250 0.046875000 0.058593750 0.054687500 0.042968750 0.031250000 0.066406250 0.046875000 0.007812500 0.074218750 0.035156250 0.050781250 0.039062500 0.089843750 0.062500000 0.078125000 0.070312500 0.039062500 0.085937500 0.097656250 0.078125000 0.093750000 0.117187500 0.121093750 0.128906250 0.089843750 0.085937500 0.117187500 0.074218750 0.125000000 0.105468750 0.070312500 0.085937500 0.121093750 0.070312500 0.070312500 0.082031250 0.019531250 0.054687500 0.023437500 0.054687500 0.039062500 0.019531250 0.074218750 0.027343750 0.066406250 0.062500000 0.062500000 0.078125000 0.054687500 0.062500000 0.046875000 0.027343750 0.050781250 
1.468750000 0.203125000 0.710937500 0.222656250 0.378906250 0.066406250 0.628906250 0.101562500 1.179687500 0.707031250 0.683593750 0.558593750 0.207031250 0.343750000 0.136718750 0.492187500 0.332031250 0.421875000 0.324218750 0.855468750 0.238281250 0.332031250 0.195312500 0.308593750 0.281250000 0.089843750 0.246093750 0.121093750 0.160156250 0.339843750 0.203125000 0.156250000 0.121093750 0.078125000 0.218750000 0.140625000 0.207031250 0.136718750 0.101562500 0.503906250 0.132812500 0.246093750 0.230468750 0.175781250 0.156250000 0.054687500 0.148437500 0.113281250 0.109375000 0.113281250 0.144531250 0.085937500 0.121093750 0.082031250 0.070312500 0.042968750 0.113281250 0.113281250 0.085937500 0.082031250 0.089843750 0.113281250 0.089843750 0.085937500 0.046875000 0.082031250 0.089843750 0.007812500 0.125000000 0.042968750 0.023437500 0.148437500 0.078125000 0.027343750 0.027343750 0.097656250 0.023437500 0.089843750 0.058593750 0.074218750 0.031250000 0.031250000 0.062500000 0.066406250 0.082031250 0.054687500 0.058593750 0.074218750 0.042968750 0.046875000 0.042968750 0.078125000 0.078125000 0.070312500 0.023437500 0.082031250 0.035156250 0.039062500 0.070312500 0.007812500 0.031250000 0.046875000 0.035156250 0.046875000 0.085937500 0.062500000 0.015625000 0.054687500 0.035156250 0.031250000 0.027343750 0.019531250 0.035156250 0.031250000 0.035156250 0.035156250 0.042968750 0.039062500 0.035156250 0.019531250 0.023437500 0.035156250 0.035156250 0.042968750 0.046875000 0.031250000 0.039062500 0.015625000 0.031250000 0.023437500 0.027343750 0.027343750 0.062500000 0.042968750 0.031250000 0.019531250 0.015625000 0.027343750 0.031250000 0.031250000 0.035156250 0.027343750 0.019531250 0.011718750 0.031250000 0.023437500 0.035156250 0.023437500 0.039062500 0.019531250 0.027343750 0.078125000 0.035156250 0.042968750 0.019531250 0.031250000 0.027343750 0.003906250 0.027343750 0.023437500 0.039062500 0.015625000 0.023437500 0.015625000 0.007812500 0.035156250 0.019531250 0.007812500 0.027343750 0.039062500 0.058593750 0.070312500 0.015625000 0.042968750 0.011718750 0.031250000 0.015625000 0.039062500 0.035156250 0.023437500 0.027343750 0.046875000 0.031250000 0.050781250 0.007812500 0.042968750 0.007812500 0.011718750 0.066406250 0.011718750 0.050781250 0.015625000 0.035156250 0.027343750 0.035156250 0.015625000 0.058593750 0.074218750 0.062500000 0.031250000 0.015625000 0.046875000 0.027343750 0.003906250 0.039062500 0.066406250 0.039062500 0.074218750 0.078125000 0.039062500 0.035156250 0.019531250 0.070312500 0.046875000 0.027343750 0.046875000 0.097656250 0.070312500 0.062500000 0.050781250 0.046875000 0.074218750 0.085937500 0.101562500 0.097656250 0.105468750 0.105468750 0.109375000 0.109375000 0.121093750 0.113281250 0.058593750 0.117187500 0.109375000 0.074218750 0.097656250 0.109375000 0.074218750 0.078125000 0.054687500 0.015625000 0.042968750 0.050781250 0.046875000 0.019531250 0.019531250 0.058593750 0.054687500 0.078125000 0.042968750 0.054687500 0.082031250 0.070312500 0.054687500 0.031250000 0.023437500 0.062500000 
1.367187500 0.300781250 0.566406250 0.085937500 0.378906250 0.269531250 0.265625000 0.667968750 1.019531250 0.812500000 0.253906250 0.292968750 0.246093750 0.101562500 0.441406250 0.457031250 0.437500000 0.277343750 0.195312500 0.675781250 0.347656250 0.246093750 0.167968750 0.144531250 0.175781250 0.253906250 0.273437500 0.117187500 0.109375000 0.285156250 0.269531250 0.121093750 0.164062500 0.113281250 0.238281250 0.179687500 0.105468750 0.160156250 0.132812500 0.406250000 0.175781250 0.128906250 0.054687500 0.050781250 0.132812500 0.113281250 0.203125000 0.128906250 0.046875000 0.156250000 0.054687500 0.042968750 0.035156250 0.027343750 0.117187500 0.042968750 0.179687500 0.105468750 0.113281250 0.046875000 0.058593750 0.066406250 0.167968750 0.062500000 0.105468750 0.121093750 0.070312500 0.062500000 0.078125000 0.035156250 0.070312500 0.105468750 0.085937500 0.019531250 0.015625000 0.054687500 0.054687500 0.078125000 0.042968750 0.093750000 0.031250000 0.007812500 0.078125000 0.105468750 0.062500000 0.082031250 0.027343750 0.035156250 0.070312500 0.023437500 0.054687500 0.027343750 0.019531250 0.031250000 0.058593750 0.078125000 0.039062500 0.050781250 0.035156250 0.042968750 0.039062500 0.070312500 0.054687500 0.035156250 0.089843750 0.058593750 0.035156250 0.039062500 0.039062500 0.027343750 0.007812500 0.031250000 0.011718750 0.050781250 0.050781250 0.046875000 0.062500000 0.019531250 0.031250000 0.035156250 0.031250000 0.050781250 0.027343750 0.027343750 0.042968750 0.039062500 0.015625000 0.011718750 0.035156250 0.031250000 0.035156250 0.015625000 0.019531250 0.042968750 0.027343750 0.015625000 0.023437500 0.027343750 0.035156250 0.046875000 0.027343750 0.027343750 0.039062500 0.019531250 0.011718750 0.054687500 0.023437500 0.011718750 0.003906250 0.019531250 0.046875000 0.070312500 0.011718750 0.035156250 0.007812500 0.011718750 0.015625000 0.023437500 0.007812500 0.007812500 0.035156250 0.003906250 0.019531250 0.015625000 0.027343750 0.058593750 0.015625000 0.007812500 0.007812500 0.011718750 0.031250000 0.019531250 0.042968750 0.042968750 0.023437500 0.042968750 0.019531250 0.039062500 0.039062500 0.011718750 0.027343750 0.015625000 0.011718750 0.015625000 0.019531250 0.031250000 0.015625000 0.011718750 0.054687500 0.023437500 0.031250000 0.031250000 0.003906250 0.019531250 0.023437500 0.042968750 0.019531250 0.039062500 0.027343750 0.003906250 0.023437500 0.046875000 0.031250000 0.011718750 0.023437500 0.031250000 0.023437500 0.042968750 0.070312500 0.042968750 0.042968750 0.031250000 0.050781250 0.039062500 0.023437500 0.027343750 0.058593750 0.007812500 0.031250000 0.015625000 0.003906250 0.007812500 0.003906250 0.011718750 0.011718750 0.011718750 0.035156250 0.027343750 0.019531250 0.035156250 0.050781250 0.042968750 0.046875000 0.039062500 0.019531250 0.027343750 0.023437500 0.019531250 0.015625000 0.023437500 0.031250000 0.015625000 0.027343750 0.015625000 0.031250000 0.031250000 0.015625000 0.035156250 0.027343750 0.050781250 0.039062500 0.007812500 0.007812500 0.015625000 0.027343750 0.007812500 0.046875000 
0.859375000 0.281250000 0.328125000 0.265625000 0.484375000 0.273437500 0.257812500 0.078125000 0.992187500 0.703125000 0.156250000 0.410156250 0.074218750 0.214843750 0.160156250 0.253906250 0.167968750 0.152343750 0.156250000 0.585937500 0.398437500 0.406250000 0.355468750 0.152343750 0.527343750 0.250000000 0.292968750 0.082031250 0.070312500 0.121093750 0.078125000 0.281250000 0.085937500 0.250000000 0.054687500 0.140625000 0.117187500 0.109375000 0.128906250 0.210937500 0.214843750 0.039062500 0.207031250 0.093750000 0.089843750 0.144531250 0.148437500 0.191406250 0.082031250 0.167968750 0.070312500 0.136718750 0.078125000 0.082031250 0.105468750 0.066406250 0.175781250 0.109375000 0.128906250 0.089843750 0.062500000 0.062500000 0.066406250 0.042968750 0.011718750 0.039062500 0.109375000 0.097656250 0.035156250 0.109375000 0.050781250 0.066406250 0.042968750 0.074218750 0.089843750 0.074218750 0.054687500 0.070312500 0.054687500 0.066406250 0.070312500 0.042968750 0.085937500 0.070312500 0.019531250 0.105468750 0.042968750 0.046875000 0.035156250 0.050781250 0.015625000 0.031250000 0.003906250 0.015625000 0.035156250 0.042968750 0.039062500 0.023437500 0.027343750 0.078125000 0.031250000 0.019531250 0.003906250 0.078125000 0.066406250 0.027343750 0.070312500 0.062500000 0.023437500 0.023437500 0.011718750 0.027343750 0.019531250 0.046875000 0.062500000 0.023437500 0.039062500 0.058593750 0.074218750 0.003906250 0.023437500 0.050781250 0.042968750 0.039062500 0.027343750 0.046875000 0.011718750 0.011718750 0.027343750 0.035156250 0.035156250 0.003906250 0.011718750 0.027343750 0.035156250 0.050781250 0.007812500 0.039062500 0.000000000 0.062500000 0.035156250 0.031250000 0.039062500 0.039062500 0.027343750 0.046875000 0.035156250 0.039062500 0.054687500 0.031250000 0.066406250 0.039062500 0.031250000 0.015625000 0.019531250 0.011718750 0.031250000 0.023437500 0.042968750 0.046875000 0.015625000 0.015625000 0.019531250 0.046875000 0.066406250 0.019531250 0.019531250 0.019531250 0.019531250 0.011718750 0.023437500 0.011718750 0.023437500 0.011718750 0.035156250 0.050781250 0.019531250 0.031250000 0.035156250 0.019531250 0.039062500 0.007812500 0.007812500 0.015625000 0.015625000 0.015625000 0.035156250 0.031250000 0.042968750 0.015625000 0.042968750 0.039062500 0.007812500 0.015625000 0.007812500 0.039062500 0.039062500 0.023437500 0.023437500 0.015625000 0.019531250 0.035156250 0.011718750 0.023437500 0.023437500 0.007812500 0.031250000 0.015625000 0.039062500 0.070312500 0.039062500 0.003906250 0.046875000 0.015625000 0.023437500 0.023437500 0.054687500 0.003906250 0.019531250 0.031250000 0.019531250 0.015625000 0.027343750 0.023437500 0.031250000 0.015625000 0.031250000 0.019531250 0.019531250 0.031250000 0.078125000 0.011718750 0.027343750 0.023437500 0.011718750 0.000000000 0.031250000 0.011718750 0.023437500 0.003906250 0.019531250 0.000000000 0.019531250 0.011718750 0.031250000 0.011718750 0.003906250 0.031250000 0.015625000 0.042968750 0.019531250 0.011718750 0.023437500 0.031250000 0.015625000 0.019531250 0.039062500 
0.226562500 0.656250000 0.699218750 0.210937500 0.164062500 0.417968750 0.757812500 0.613281250 0.542968750 0.984375000 0.863281250 0.390625000 0.457031250 0.300781250 0.281250000 0.433593750 0.410156250 0.140625000 0.273437500 0.468750000 0.484375000 0.015625000 0.281250000 0.164062500 0.472656250 0.050781250 0.320312500 0.191406250 0.093750000 0.152343750 0.101562500 0.109375000 0.164062500 0.429687500 0.207031250 0.023437500 0.089843750 0.117187500 0.164062500 0.144531250 0.089843750 0.117187500 0.156250000 0.109375000 0.074218750 0.101562500 0.113281250 0.175781250 0.074218750 0.167968750 0.085937500 0.101562500 0.085937500 0.058593750 0.015625000 0.187500000 0.078125000 0.105468750 0.109375000 0.089843750 0.093750000 0.050781250 0.046875000 0.031250000 0.027343750 0.078125000 0.132812500 0.066406250 0.062500000 0.085937500 0.058593750 0.070312500 0.039062500 0.070312500 0.042968750 0.085937500 0.089843750 0.035156250 0.015625000 0.035156250 0.039062500 0.035156250 0.089843750 0.027343750 0.085937500 0.050781250 0.058593750 0.039062500 0.023437500 0.042968750 0.050781250 0.070312500 0.019531250 0.027343750 0.015625000 0.039062500 0.031250000 0.019531250 0.019531250 0.089843750 0.019531250 0.039062500 0.066406250 0.039062500 0.027343750 0.015625000 0.074218750 0.039062500 0.011718750 0.019531250 0.042968750 0.007812500 0.054687500 0.042968750 0.007812500 0.054687500 0.058593750 0.011718750 0.113281250 0.027343750 0.011718750 0.031250000 0.019531250 0.042968750 0.019531250 0.042968750 0.019531250 0.015625000 0.042968750 0.054687500 0.007812500 0.023437500 0.019531250 0.031250000 0.035156250 0.062500000 0.019531250 0.015625000 0.015625000 0.035156250 0.007812500 0.054687500 0.023437500 0.031250000 0.019531250 0.027343750 0.035156250 0.027343750 0.062500000 0.054687500 0.070312500 0.042968750 0.035156250 0.011718750 0.019531250 0.011718750 0.031250000 0.035156250 0.062500000 0.007812500 0.039062500 0.035156250 0.003906250 0.046875000 0.062500000 0.015625000 0.042968750 0.023437500 0.039062500 0.035156250 0.015625000 0.015625000 0.035156250 0.027343750 0.050781250 0.023437500 0.035156250 0.058593750 0.023437500 0.027343750 0.031250000 0.027343750 0.031250000 0.027343750 0.007812500 0.007812500 0.023437500 0.031250000 0.023437500 0.015625000 0.035156250 0.042968750 0.015625000 0.011718750 0.015625000 0.023437500 0.015625000 0.011718750 0.023437500 0.027343750 0.003906250 0.003906250 0.054687500 0.011718750 0.035156250 0.023437500 0.027343750 0.046875000 0.023437500 0.027343750 0.039062500 0.015625000 0.042968750 0.007812500 0.035156250 0.058593750 0.019531250 0.027343750 0.031250000 0.011718750 0.046875000 0.015625000 0.011718750 0.042968750 0.042968750 0.023437500 0.019531250 0.015625000 0.031250000 0.054687500 0.046875000 0.042968750 0.007812500 0.031250000 0.023437500 0.003906250 0.027343750 0.027343750 0.039062500 0.015625000 0.007812500 0.011718750 0.023437500 0.011718750 0.035156250 0.019531250 0.019531250 0.015625000 0.003906250 0.035156250 0.015625000 0.011718750 0.023437500 0.019531250 0.035156250 0.046875000 0.000000000 
0.828125000 0.750000000 0.289062500 0.082031250 0.179687500 0.500000000 0.648437500 0.214843750 0.199218750 1.449218750 0.500000000 0.531250000 0.335937500 0.351562500 0.152343750 0.304687500 0.347656250 0.476562500 0.207031250 0.375000000 0.464843750 0.027343750 0.238281250 0.175781250 0.449218750 0.222656250 0.292968750 0.175781250 0.121093750 0.121093750 0.074218750 0.070312500 0.238281250 0.425781250 0.089843750 0.226562500 0.207031250 0.250000000 0.035156250 0.074218750 0.085937500 0.109375000 0.109375000 0.121093750 0.050781250 0.050781250 0.054687500 0.042968750 0.156250000 0.082031250 0.121093750 0.121093750 0.152343750 0.144531250 0.136718750 0.101562500 0.062500000 0.105468750 0.105468750 0.089843750 0.101562500 0.066406250 0.035156250 0.070312500 0.132812500 0.058593750 0.113281250 0.050781250 0.070312500 0.042968750 0.054687500 0.105468750 0.070312500 0.074218750 0.031250000 0.113281250 0.070312500 0.023437500 0.050781250 0.011718750 0.015625000 0.046875000 0.070312500 0.078125000 0.019531250 0.082031250 0.070312500 0.027343750 0.054687500 0.027343750 0.035156250 0.078125000 0.007812500 0.035156250 0.023437500 0.019531250 0.031250000 0.046875000 0.054687500 0.078125000 0.058593750 0.085937500 0.023437500 0.015625000 0.027343750 0.039062500 0.050781250 0.046875000 0.042968750 0.058593750 0.019531250 0.039062500 0.035156250 0.035156250 0.054687500 0.011718750 0.011718750 0.031250000 0.101562500 0.058593750 0.054687500 0.031250000 0.007812500 0.039062500 0.003906250 0.031250000 0.015625000 0.031250000 0.050781250 0.015625000 0.027343750 0.039062500 0.011718750 0.027343750 0.054687500 0.042968750 0.023437500 0.015625000 0.011718750 0.011718750 0.042968750 0.019531250 0.007812500 0.027343750 0.011718750 0.011718750 0.054687500 0.046875000 0.054687500 0.062500000 0.074218750 0.050781250 0.050781250 0.027343750 0.015625000 0.023437500 0.027343750 0.062500000 0.050781250 0.023437500 0.039062500 0.042968750 0.031250000 0.039062500 0.050781250 0.015625000 0.054687500 0.011718750 0.042968750 0.027343750 0.015625000 0.023437500 0.023437500 0.066406250 0.035156250 0.031250000 0.054687500 0.039062500 0.011718750 0.035156250 0.035156250 0.031250000 0.035156250 0.019531250 0.019531250 0.046875000 0.035156250 0.035156250 0.023437500 0.011718750 0.031250000 0.062500000 0.039062500 0.039062500 0.039062500 0.023437500 0.003906250 0.011718750 0.031250000 0.023437500 0.035156250 0.027343750 0.035156250 0.031250000 0.023437500 0.007812500 0.035156250 0.035156250 0.039062500 0.011718750 0.023437500 0.019531250 0.031250000 0.019531250 0.015625000 0.042968750 0.007812500 0.023437500 0.019531250 0.019531250 0.039062500 0.031250000 0.011718750 0.046875000 0.039062500 0.023437500 0.015625000 0.011718750 0.046875000 0.042968750 0.050781250 0.027343750 0.058593750 0.023437500 0.015625000 0.015625000 0.042968750 0.023437500 0.035156250 0.023437500 0.003906250 0.027343750 0.003906250 0.035156250 0.027343750 0.007812500 0.035156250 0.015625000 0.011718750 0.027343750 0.011718750 0.011718750 0.031250000 0.011718750 0.042968750 0.027343750 0.031250000 
1.589843750 0.082031250 0.671875000 0.351562500 0.292968750 0.527343750 0.421875000 0.390625000 0.210937500 1.250000000 0.851562500 0.898437500 0.250000000 0.367187500 0.203125000 0.398437500 0.257812500 0.585937500 0.250000000 0.144531250 0.375000000 0.453125000 0.011718750 0.183593750 0.339843750 0.175781250 0.140625000 0.171875000 0.050781250 0.187500000 0.132812500 0.023437500 0.218750000 0.531250000 0.195312500 0.160156250 0.195312500 0.277343750 0.199218750 0.242187500 0.097656250 0.113281250 0.062500000 0.089843750 0.078125000 0.054687500 0.054687500 0.074218750 0.128906250 0.078125000 0.152343750 0.062500000 0.128906250 0.074218750 0.109375000 0.046875000 0.140625000 0.027343750 0.078125000 0.074218750 0.109375000 0.089843750 0.046875000 0.078125000 0.085937500 0.023437500 0.078125000 0.042968750 0.054687500 0.062500000 0.054687500 0.027343750 0.050781250 0.066406250 0.035156250 0.050781250 0.011718750 0.023437500 0.031250000 0.011718750 0.023437500 0.050781250 0.050781250 0.113281250 0.066406250 0.066406250 0.058593750 0.011718750 0.082031250 0.035156250 0.039062500 0.089843750 0.019531250 0.015625000 0.007812500 0.011718750 0.023437500 0.074218750 0.015625000 0.027343750 0.093750000 0.070312500 0.042968750 0.023437500 0.035156250 0.019531250 0.054687500 0.050781250 0.019531250 0.097656250 0.015625000 0.046875000 0.007812500 0.019531250 0.066406250 0.031250000 0.027343750 0.023437500 0.082031250 0.062500000 0.031250000 0.050781250 0.007812500 0.023437500 0.035156250 0.015625000 0.011718750 0.035156250 0.042968750 0.023437500 0.011718750 0.070312500 0.019531250 0.015625000 0.046875000 0.011718750 0.042968750 0.007812500 0.023437500 0.035156250 0.031250000 0.031250000 0.015625000 0.023437500 0.031250000 0.035156250 0.007812500 0.019531250 0.042968750 0.035156250 0.039062500 0.070312500 0.058593750 0.050781250 0.031250000 0.007812500 0.031250000 0.042968750 0.023437500 0.050781250 0.027343750 0.046875000 0.015625000 0.011718750 0.019531250 0.003906250 0.042968750 0.039062500 0.054687500 0.019531250 0.023437500 0.015625000 0.031250000 0.050781250 0.066406250 0.031250000 0.046875000 0.031250000 0.019531250 0.058593750 0.023437500 0.015625000 0.046875000 0.023437500 0.015625000 0.050781250 0.039062500 0.027343750 0.027343750 0.023437500 0.039062500 0.031250000 0.027343750 0.058593750 0.023437500 0.046875000 0.019531250 0.015625000 0.035156250 0.046875000 0.046875000 0.011718750 0.035156250 0.039062500 0.027343750 0.019531250 0.019531250 0.035156250 0.042968750 0.042968750 0.019531250 0.023437500 0.007812500 0.050781250 0.011718750 0.031250000 0.027343750 0.046875000 0.015625000 0.027343750 0.027343750 0.019531250 0.039062500 0.039062500 0.011718750 0.050781250 0.023437500 0.015625000 0.031250000 0.031250000 0.035156250 0.031250000 0.070312500 0.019531250 0.023437500 0.007812500 0.054687500 0.027343750 0.042968750 0.019531250 0.007812500 0.039062500 0.007812500 0.042968750 0.023437500 0.019531250 0.023437500 0.023437500 0.015625000 0.015625000 0.027343750 0.015625000 0.035156250 0.011718750 0.042968750 0.023437500 0.035156250 
1.441406250 0.386718750 0.433593750 0.167968750 0.363281250 0.304687500 0.378906250 0.156250000 0.609375000 0.496093750 1.257812500 0.093750000 0.386718750 0.187500000 0.320312500 0.339843750 0.207031250 0.488281250 0.312500000 0.156250000 0.453125000 0.351562500 0.109375000 0.054687500 0.285156250 0.058593750 0.234375000 0.167968750 0.218750000 0.089843750 0.121093750 0.136718750 0.191406250 0.273437500 0.359375000 0.046875000 0.105468750 0.335937500 0.187500000 0.425781250 0.117187500 0.187500000 0.148437500 0.070312500 0.214843750 0.109375000 0.015625000 0.054687500 0.097656250 0.136718750 0.156250000 0.027343750 0.195312500 0.066406250 0.089843750 0.046875000 0.144531250 0.027343750 0.070312500 0.175781250 0.152343750 0.082031250 0.050781250 0.085937500 0.089843750 0.054687500 0.046875000 0.019531250 0.019531250 0.109375000 0.050781250 0.011718750 0.066406250 0.062500000 0.050781250 0.007812500 0.023437500 0.019531250 0.058593750 0.011718750 0.027343750 0.039062500 0.023437500 0.132812500 0.035156250 0.058593750 0.046875000 0.074218750 0.054687500 0.054687500 0.023437500 0.058593750 0.046875000 0.011718750 0.023437500 0.042968750 0.035156250 0.074218750 0.015625000 0.019531250 0.074218750 0.089843750 0.054687500 0.031250000 0.027343750 0.015625000 0.054687500 0.023437500 0.031250000 0.089843750 0.039062500 0.015625000 0.023437500 0.015625000 0.066406250 0.031250000 0.031250000 0.050781250 0.058593750 0.062500000 0.027343750 0.042968750 0.031250000 0.066406250 0.019531250 0.007812500 0.015625000 0.023437500 0.035156250 0.000000000 0.035156250 0.035156250 0.035156250 0.023437500 0.039062500 0.007812500 0.027343750 0.023437500 0.003906250 0.050781250 0.015625000 0.023437500 0.015625000 0.019531250 0.027343750 0.027343750 0.039062500 0.050781250 0.023437500 0.031250000 0.042968750 0.035156250 0.039062500 0.058593750 0.023437500 0.019531250 0.007812500 0.078125000 0.039062500 0.000000000 0.039062500 0.003906250 0.039062500 0.027343750 0.015625000 0.023437500 0.019531250 0.046875000 0.046875000 0.039062500 0.015625000 0.019531250 0.007812500 0.031250000 0.085937500 0.019531250 0.039062500 0.019531250 0.023437500 0.031250000 0.046875000 0.000000000 0.035156250 0.011718750 0.015625000 0.054687500 0.039062500 0.035156250 0.031250000 0.023437500 0.042968750 0.027343750 0.027343750 0.078125000 0.042968750 0.027343750 0.003906250 0.007812500 0.042968750 0.035156250 0.046875000 0.015625000 0.007812500 0.019531250 0.035156250 0.027343750 0.023437500 0.042968750 0.015625000 0.019531250 0.046875000 0.019531250 0.035156250 0.015625000 0.031250000 0.003906250 0.015625000 0.031250000 0.019531250 0.019531250 0.003906250 0.042968750 0.023437500 0.019531250 0.027343750 0.019531250 0.050781250 0.015625000 0.023437500 0.039062500 0.046875000 0.023437500 0.062500000 0.023437500 0.011718750 0.011718750 0.039062500 0.042968750 0.011718750 0.019531250 0.019531250 0.019531250 0.039062500 0.023437500 0.027343750 0.027343750 0.011718750 0.027343750 0.023437500 0.046875000 0.039062500 0.019531250 0.035156250 0.003906250 0.035156250 0.011718750 0.011718750 
1.093750000 0.621093750 0.488281250 0.203125000 0.300781250 0.417968750 0.039062500 0.632812500 0.566406250 0.605468750 0.992187500 0.191406250 0.390625000 0.476562500 0.246093750 0.234375000 0.289062500 0.328125000 0.132812500 0.539062500 0.542968750 0.062500000 0.187500000 0.156250000 0.187500000 0.089843750 0.164062500 0.257812500 0.164062500 0.179687500 0.136718750 0.179687500 0.144531250 0.273437500 0.375000000 0.093750000 0.082031250 0.195312500 0.054687500 0.640625000 0.023437500 0.148437500 0.253906250 0.140625000 0.179687500 0.117187500 0.074218750 0.101562500 0.160156250 0.039062500 0.109375000 0.015625000 0.156250000 0.054687500 0.035156250 0.074218750 0.125000000 0.035156250 0.125000000 0.210937500 0.117187500 0.105468750 0.011718750 0.128906250 0.109375000 0.042968750 0.023437500 0.027343750 0.027343750 0.128906250 0.031250000 0.023437500 0.031250000 0.066406250 0.058593750 0.019531250 0.019531250 0.031250000 0.070312500 0.042968750 0.039062500 0.082031250 0.031250000 0.121093750 0.027343750 0.078125000 0.035156250 0.089843750 0.003906250 0.015625000 0.058593750 0.058593750 0.031250000 0.031250000 0.058593750 0.042968750 0.062500000 0.019531250 0.039062500 0.035156250 0.062500000 0.050781250 0.035156250 0.035156250 0.035156250 0.031250000 0.031250000 0.035156250 0.027343750 0.070312500 0.023437500 0.019531250 0.023437500 0.054687500 0.046875000 0.035156250 0.011718750 0.019531250 0.039062500 0.046875000 0.011718750 0.011718750 0.003906250 0.070312500 0.015625000 0.046875000 0.019531250 0.039062500 0.054687500 0.011718750 0.031250000 0.007812500 0.011718750 0.050781250 0.035156250 0.019531250 0.023437500 0.011718750 0.007812500 0.042968750 0.015625000 0.050781250 0.011718750 0.015625000 0.042968750 0.039062500 0.042968750 0.035156250 0.031250000 0.027343750 0.015625000 0.011718750 0.062500000 0.027343750 0.035156250 0.015625000 0.035156250 0.042968750 0.039062500 0.011718750 0.023437500 0.011718750 0.046875000 0.019531250 0.019531250 0.019531250 0.011718750 0.035156250 0.046875000 0.023437500 0.027343750 0.035156250 0.039062500 0.023437500 0.031250000 0.031250000 0.046875000 0.011718750 0.039062500 0.019531250 0.023437500 0.042968750 0.039062500 0.035156250 0.039062500 0.027343750 0.019531250 0.031250000 0.046875000 0.046875000 0.023437500 0.027343750 0.031250000 0.042968750 0.035156250 0.031250000 0.035156250 0.035156250 0.023437500 0.015625000 0.042968750 0.015625000 0.007812500 0.019531250 0.035156250 0.019531250 0.035156250 0.039062500 0.007812500 0.019531250 0.050781250 0.031250000 0.042968750 0.019531250 0.027343750 0.003906250 0.015625000 0.042968750 0.007812500 0.015625000 0.035156250 0.039062500 0.027343750 0.007812500 0.042968750 0.007812500 0.019531250 0.039062500 0.007812500 0.019531250 0.039062500 0.031250000 0.031250000 0.011718750 0.031250000 0.031250000 0.019531250 0.027343750 0.019531250 0.039062500 0.042968750 0.031250000 0.011718750 0.015625000 0.050781250 0.039062500 0.023437500 0.046875000 0.011718750 0.042968750 0.054687500 0.015625000 0.035156250 0.027343750 0.035156250 0.015625000 0.015625000 
0.578125000 0.492187500 0.328125000 0.273437500 0.441406250 0.070312500 0.507812500 0.136718750 0.707031250 0.863281250 0.972656250 0.324218750 0.253906250 0.070312500 0.125000000 0.187500000 0.191406250 0.640625000 0.445312500 0.996093750 0.867187500 0.226562500 0.109375000 0.210937500 0.089843750 0.167968750 0.406250000 0.042968750 0.035156250 0.218750000 0.121093750 0.277343750 0.339843750 0.085937500 0.152343750 0.207031250 0.074218750 0.128906250 0.160156250 0.472656250 0.175781250 0.183593750 0.132812500 0.238281250 0.191406250 0.152343750 0.085937500 0.171875000 0.187500000 0.105468750 0.035156250 0.105468750 0.164062500 0.062500000 0.042968750 0.113281250 0.105468750 0.027343750 0.121093750 0.226562500 0.089843750 0.042968750 0.097656250 0.050781250 0.136718750 0.031250000 0.011718750 0.039062500 0.089843750 0.070312500 0.050781250 0.011718750 0.027343750 0.074218750 0.066406250 0.046875000 0.085937500 0.105468750 0.035156250 0.011718750 0.078125000 0.066406250 0.058593750 0.117187500 0.031250000 0.046875000 0.097656250 0.039062500 0.039062500 0.046875000 0.089843750 0.015625000 0.027343750 0.015625000 0.050781250 0.035156250 0.058593750 0.027343750 0.023437500 0.031250000 0.093750000 0.007812500 0.046875000 0.023437500 0.031250000 0.007812500 0.074218750 0.082031250 0.019531250 0.074218750 0.035156250 0.023437500 0.019531250 0.058593750 0.046875000 0.015625000 0.031250000 0.007812500 0.042968750 0.046875000 0.015625000 0.023437500 0.035156250 0.046875000 0.011718750 0.031250000 0.039062500 0.035156250 0.062500000 0.011718750 0.042968750 0.015625000 0.035156250 0.015625000 0.031250000 0.019531250 0.015625000 0.007812500 0.023437500 0.031250000 0.035156250 0.031250000 0.046875000 0.015625000 0.050781250 0.050781250 0.035156250 0.046875000 0.042968750 0.023437500 0.003906250 0.027343750 0.042968750 0.023437500 0.023437500 0.039062500 0.023437500 0.023437500 0.066406250 0.000000000 0.007812500 0.035156250 0.039062500 0.007812500 0.031250000 0.015625000 0.015625000 0.027343750 0.035156250 0.015625000 0.023437500 0.027343750 0.027343750 0.050781250 0.011718750 0.042968750 0.042968750 0.007812500 0.042968750 0.023437500 0.042968750 0.023437500 0.035156250 0.019531250 0.019531250 0.003906250 0.031250000 0.027343750 0.042968750 0.042968750 0.003906250 0.042968750 0.031250000 0.066406250 0.066406250 0.019531250 0.019531250 0.031250000 0.023437500 0.015625000 0.027343750 0.023437500 0.019531250 0.019531250 0.015625000 0.015625000 0.011718750 0.031250000 0.035156250 0.015625000 0.031250000 0.054687500 0.019531250 0.039062500 0.027343750 0.015625000 0.007812500 0.039062500 0.019531250 0.031250000 0.015625000 0.027343750 0.011718750 0.031250000 0.031250000 0.007812500 0.011718750 0.023437500 0.007812500 0.015625000 0.046875000 0.035156250 0.035156250 0.035156250 0.031250000 0.035156250 0.031250000 0.023437500 0.027343750 0.031250000 0.027343750 0.015625000 0.027343750 0.015625000 0.039062500 0.058593750 0.035156250 0.039062500 0.011718750 0.039062500 0.042968750 0.011718750 0.019531250 0.007812500 0.011718750 0.027343750 0.007812500 
0.273437500 0.238281250 0.617187500 0.125000000 0.417968750 0.250000000 0.480468750 0.660156250 1.394531250 0.628906250 0.550781250 0.093750000 0.406250000 0.054687500 0.214843750 0.406250000 0.214843750 0.832031250 0.421875000 0.972656250 0.898437500 0.316406250 0.222656250 0.253906250 0.210937500 0.289062500 0.246093750 0.292968750 0.136718750 0.167968750 0.128906250 0.210937500 0.222656250 0.328125000 0.121093750 0.257812500 0.132812500 0.078125000 0.117187500 0.304687500 0.292968750 0.085937500 0.082031250 0.253906250 0.128906250 0.136718750 0.140625000 0.152343750 0.093750000 0.097656250 0.117187500 0.027343750 0.242187500 0.054687500 0.109375000 0.148437500 0.109375000 0.089843750 0.128906250 0.144531250 0.058593750 0.046875000 0.113281250 0.070312500 0.109375000 0.066406250 0.062500000 0.007812500 0.105468750 0.058593750 0.136718750 0.085937500 0.089843750 0.078125000 0.027343750 0.039062500 0.097656250 0.093750000 0.066406250 0.039062500 0.085937500 0.019531250 0.007812500 0.117187500 0.015625000 0.019531250 0.125000000 0.082031250 0.031250000 0.101562500 0.046875000 0.023437500 0.019531250 0.035156250 0.070312500 0.039062500 0.058593750 0.035156250 0.027343750 0.046875000 0.109375000 0.015625000 0.035156250 0.023437500 0.062500000 0.050781250 0.050781250 0.070312500 0.050781250 0.070312500 0.023437500 0.015625000 0.035156250 0.050781250 0.046875000 0.070312500 0.082031250 0.019531250 0.046875000 0.042968750 0.027343750 0.035156250 0.027343750 0.039062500 0.019531250 0.031250000 0.070312500 0.042968750 0.074218750 0.023437500 0.031250000 0.003906250 0.042968750 0.011718750 0.023437500 0.019531250 0.023437500 0.011718750 0.019531250 0.035156250 0.039062500 0.011718750 0.031250000 0.019531250 0.042968750 0.054687500 0.007812500 0.054687500 0.031250000 0.011718750 0.007812500 0.003906250 0.003906250 0.042968750 0.015625000 0.035156250 0.011718750 0.023437500 0.023437500 0.035156250 0.015625000 0.031250000 0.011718750 0.042968750 0.031250000 0.078125000 0.046875000 0.035156250 0.046875000 0.019531250 0.023437500 0.042968750 0.042968750 0.015625000 0.035156250 0.066406250 0.031250000 0.039062500 0.027343750 0.023437500 0.050781250 0.015625000 0.058593750 0.027343750 0.019531250 0.007812500 0.015625000 0.042968750 0.035156250 0.058593750 0.027343750 0.019531250 0.046875000 0.011718750 0.039062500 0.027343750 0.019531250 0.027343750 0.046875000 0.007812500 0.007812500 0.011718750 0.011718750 0.015625000 0.011718750 0.019531250 0.019531250 0.031250000 0.031250000 0.011718750 0.035156250 0.039062500 0.027343750 0.035156250 0.042968750 0.031250000 0.007812500 0.035156250 0.054687500 0.007812500 0.035156250 0.031250000 0.015625000 0.046875000 0.035156250 0.011718750 0.027343750 0.007812500 0.023437500 0.042968750 0.007812500 0.031250000 0.027343750 0.046875000 0.023437500 0.031250000 0.023437500 0.015625000 0.054687500 0.035156250 0.035156250 0.031250000 0.039062500 0.011718750 0.027343750 0.074218750 0.015625000 0.015625000 0.031250000 0.035156250 0.054687500 0.035156250 0.019531250 0.015625000 0.050781250 0.003906250 0.007812500 
0.406250000 0.460937500 0.464843750 0.421875000 0.234375000 0.246093750 0.238281250 0.437500000 1.214843750 1.210937500 0.261718750 0.203125000 0.144531250 0.515625000 0.312500000 0.441406250 0.292968750 0.824218750 0.679687500 1.316406250 0.289062500 0.406250000 0.238281250 0.308593750 0.218750000 0.203125000 0.316406250 0.222656250 0.226562500 0.039062500 0.222656250 0.382812500 0.441406250 0.277343750 0.398437500 0.078125000 0.097656250 0.199218750 0.152343750 0.277343750 0.171875000 0.218750000 0.132812500 0.195312500 0.195312500 0.156250000 0.082031250 0.222656250 0.070312500 0.167968750 0.117187500 0.019531250 0.250000000 0.082031250 0.011718750 0.039062500 0.101562500 0.011718750 0.089843750 0.062500000 0.136718750 0.152343750 0.042968750 0.066406250 0.054687500 0.089843750 0.035156250 0.031250000 0.089843750 0.062500000 0.042968750 0.117187500 0.078125000 0.109375000 0.070312500 0.035156250 0.070312500 0.101562500 0.007812500 0.078125000 0.082031250 0.066406250 0.062500000 0.050781250 0.070312500 0.019531250 0.117187500 0.062500000 0.058593750 0.089843750 0.035156250 0.062500000 0.066406250 0.011718750 0.066406250 0.058593750 0.035156250 0.042968750 0.042968750 0.058593750 0.058593750 0.039062500 0.015625000 0.039062500 0.042968750 0.042968750 0.070312500 0.085937500 0.050781250 0.093750000 0.015625000 0.035156250 0.023437500 0.039062500 0.011718750 0.066406250 0.027343750 0.070312500 0.023437500 0.050781250 0.023437500 0.058593750 0.015625000 0.042968750 0.003906250 0.023437500 0.042968750 0.011718750 0.046875000 0.039062500 0.023437500 0.023437500 0.023437500 0.027343750 0.031250000 0.035156250 0.015625000 0.035156250 0.015625000 0.039062500 0.042968750 0.011718750 0.027343750 0.019531250 0.027343750 0.035156250 0.031250000 0.039062500 0.035156250 0.027343750 0.015625000 0.019531250 0.007812500 0.031250000 0.035156250 0.000000000 0.015625000 0.031250000 0.031250000 0.011718750 0.019531250 0.031250000 0.007812500 0.031250000 0.019531250 0.066406250 0.027343750 0.007812500 0.011718750 0.035156250 0.050781250 0.003906250 0.027343750 0.019531250 0.054687500 0.046875000 0.027343750 0.035156250 0.019531250 0.035156250 0.027343750 0.023437500 0.031250000 0.042968750 0.019531250 0.007812500 0.011718750 0.042968750 0.046875000 0.039062500 0.035156250 0.039062500 0.027343750 0.007812500 0.035156250 0.062500000 0.027343750 0.023437500 0.042968750 0.039062500 0.019531250 0.019531250 0.023437500 0.023437500 0.015625000 0.015625000 0.011718750 0.015625000 0.031250000 0.019531250 0.019531250 0.019531250 0.019531250 0.031250000 0.046875000 0.042968750 0.027343750 0.007812500 0.031250000 0.019531250 0.039062500 0.027343750 0.007812500 0.050781250 0.019531250 0.019531250 0.019531250 0.027343750 0.011718750 0.039062500 0.007812500 0.042968750 0.003906250 0.019531250 0.050781250 0.023437500 0.023437500 0.027343750 0.066406250 0.011718750 0.015625000 0.015625000 0.042968750 0.019531250 0.027343750 0.058593750 0.023437500 0.035156250 0.027343750 0.015625000 0.035156250 0.003906250 0.023437500 0.007812500 0.046875000 0.027343750 0.015625000 
0.578125000 0.257812500 0.652343750 0.335937500 1.019531250 0.500000000 0.484375000 0.179687500 0.804687500 1.660156250 0.804687500 0.375000000 0.476562500 0.105468750 0.519531250 0.273437500 0.722656250 0.847656250 0.132812500 0.968750000 0.277343750 0.070312500 0.234375000 0.269531250 0.125000000 0.210937500 0.222656250 0.296875000 0.101562500 0.191406250 0.187500000 0.156250000 0.175781250 0.148437500 0.445312500 0.078125000 0.140625000 0.222656250 0.128906250 0.410156250 0.316406250 0.242187500 0.093750000 0.058593750 0.113281250 0.117187500 0.109375000 0.140625000 0.179687500 0.144531250 0.054687500 0.132812500 0.148437500 0.093750000 0.121093750 0.101562500 0.167968750 0.148437500 0.042968750 0.031250000 0.261718750 0.019531250 0.109375000 0.015625000 0.132812500 0.023437500 0.007812500 0.035156250 0.089843750 0.039062500 0.042968750 0.210937500 0.031250000 0.117187500 0.046875000 0.019531250 0.039062500 0.070312500 0.066406250 0.035156250 0.121093750 0.035156250 0.046875000 0.023437500 0.097656250 0.035156250 0.113281250 0.082031250 0.050781250 0.078125000 0.039062500 0.066406250 0.027343750 0.058593750 0.132812500 0.027343750 0.046875000 0.023437500 0.062500000 0.027343750 0.089843750 0.062500000 0.046875000 0.019531250 0.011718750 0.039062500 0.035156250 0.078125000 0.054687500 0.074218750 0.062500000 0.015625000 0.027343750 0.023437500 0.039062500 0.101562500 0.027343750 0.082031250 0.027343750 0.070312500 0.023437500 0.027343750 0.050781250 0.039062500 0.011718750 0.019531250 0.050781250 0.011718750 0.031250000 0.023437500 0.031250000 0.027343750 0.023437500 0.054687500 0.046875000 0.019531250 0.015625000 0.035156250 0.042968750 0.054687500 0.015625000 0.031250000 0.007812500 0.058593750 0.031250000 0.054687500 0.042968750 0.046875000 0.031250000 0.019531250 0.003906250 0.011718750 0.019531250 0.019531250 0.035156250 0.050781250 0.027343750 0.035156250 0.003906250 0.015625000 0.023437500 0.035156250 0.007812500 0.031250000 0.054687500 0.042968750 0.031250000 0.007812500 0.003906250 0.027343750 0.066406250 0.019531250 0.039062500 0.062500000 0.046875000 0.031250000 0.011718750 0.023437500 0.039062500 0.054687500 0.039062500 0.019531250 0.035156250 0.062500000 0.007812500 0.015625000 0.019531250 0.042968750 0.027343750 0.019531250 0.039062500 0.046875000 0.027343750 0.019531250 0.031250000 0.039062500 0.027343750 0.019531250 0.031250000 0.050781250 0.031250000 0.000000000 0.027343750 0.050781250 0.039062500 0.019531250 0.023437500 0.042968750 0.042968750 0.027343750 0.019531250 0.019531250 0.027343750 0.031250000 0.058593750 0.019531250 0.054687500 0.023437500 0.019531250 0.015625000 0.054687500 0.003906250 0.031250000 0.078125000 0.023437500 0.011718750 0.031250000 0.011718750 0.027343750 0.046875000 0.042968750 0.015625000 0.046875000 0.011718750 0.039062500 0.031250000 0.015625000 0.023437500 0.070312500 0.019531250 0.054687500 0.031250000 0.042968750 0.015625000 0.011718750 0.039062500 0.023437500 0.019531250 0.031250000 0.031250000 0.015625000 0.015625000 0.027343750 0.019531250 0.027343750 0.046875000 0.015625000 
0.652343750 0.218750000 0.574218750 0.179687500 0.707031250 1.320312500 1.085937500 0.601562500 0.937500000 3.527343750 1.910156250 2.007812500 0.156250000 1.207031250 1.832031250 1.546875000 1.367187500 0.960937500 0.960937500 1.507812500 0.246093750 0.070312500 0.097656250 0.347656250 0.230468750 0.125000000 0.261718750 0.308593750 0.101562500 0.210937500 0.359375000 0.046875000 0.238281250 0.332031250 0.371093750 0.214843750 0.160156250 0.226562500 0.050781250 0.562500000 0.097656250 0.140625000 0.097656250 0.074218750 0.175781250 0.128906250 0.046875000 0.183593750 0.199218750 0.144531250 0.050781250 0.082031250 0.152343750 0.160156250 0.097656250 0.062500000 0.144531250 0.109375000 0.066406250 0.101562500 0.191406250 0.035156250 0.085937500 0.105468750 0.078125000 0.074218750 0.003906250 0.011718750 0.050781250 0.054687500 0.042968750 0.175781250 0.078125000 0.183593750 0.054687500 0.058593750 0.031250000 0.093750000 0.117187500 0.054687500 0.105468750 0.085937500 0.066406250 0.128906250 0.132812500 0.078125000 0.078125000 0.035156250 0.093750000 0.039062500 0.050781250 0.144531250 0.160156250 0.089843750 0.152343750 0.027343750 0.109375000 0.097656250 0.093750000 0.046875000 0.101562500 0.058593750 0.039062500 0.054687500 0.042968750 0.062500000 0.019531250 0.101562500 0.046875000 0.089843750 0.085937500 0.039062500 0.042968750 0.082031250 0.019531250 0.089843750 0.031250000 0.054687500 0.039062500 0.062500000 0.050781250 0.062500000 0.062500000 0.019531250 0.015625000 0.035156250 0.003906250 0.046875000 0.019531250 0.019531250 0.023437500 0.062500000 0.042968750 0.066406250 0.023437500 0.011718750 0.027343750 0.093750000 0.019531250 0.027343750 0.031250000 0.031250000 0.011718750 0.031250000 0.035156250 0.066406250 0.039062500 0.027343750 0.050781250 0.019531250 0.023437500 0.007812500 0.031250000 0.074218750 0.078125000 0.121093750 0.167968750 0.144531250 0.097656250 0.054687500 0.042968750 0.031250000 0.050781250 0.167968750 0.304687500 0.371093750 0.375000000 0.378906250 0.296875000 0.167968750 0.132812500 0.113281250 0.121093750 0.078125000 0.097656250 0.121093750 0.113281250 0.105468750 0.105468750 0.074218750 0.074218750 0.066406250 0.019531250 0.035156250 0.105468750 0.105468750 0.140625000 0.121093750 0.140625000 0.097656250 0.058593750 0.089843750 0.031250000 0.054687500 0.035156250 0.082031250 0.078125000 0.050781250 0.011718750 0.058593750 0.039062500 0.027343750 0.023437500 0.039062500 0.031250000 0.007812500 0.027343750 0.007812500 0.031250000 0.031250000 0.015625000 0.042968750 0.015625000 0.058593750 0.019531250 0.039062500 0.054687500 0.015625000 0.023437500 0.019531250 0.050781250 0.035156250 0.027343750 0.066406250 0.062500000 0.007812500 0.039062500 0.023437500 0.039062500 0.042968750 0.062500000 0.085937500 0.074218750 0.058593750 0.039062500 0.054687500 0.027343750 0.023437500 0.046875000 0.011718750 0.039062500 0.023437500 0.035156250 0.015625000 0.031250000 0.015625000 0.058593750 0.023437500 0.003906250 0.015625000 0.050781250 0.046875000 0.058593750 0.011718750 0.007812500 0.031250000 0.027343750 
0.855468750 0.132812500 0.175781250 0.816406250 1.113281250 2.304687500 0.660156250 0.992187500 1.101562500 4.660156250 2.617187500 1.066406250 2.097656250 2.433593750 4.933593750 2.792968750 0.527343750 0.667968750 0.679687500 0.605468750 0.878906250 0.472656250 0.460937500 0.640625000 0.429687500 0.261718750 0.375000000 0.382812500 0.347656250 0.218750000 0.371093750 0.207031250 0.308593750 0.089843750 0.167968750 0.328125000 0.101562500 0.191406250 0.085937500 0.492187500 0.175781250 0.007812500 0.128906250 0.160156250 0.046875000 0.128906250 0.128906250 0.109375000 0.128906250 0.183593750 0.058593750 0.066406250 0.078125000 0.128906250 0.097656250 0.050781250 0.152343750 0.050781250 0.085937500 0.070312500 0.160156250 0.140625000 0.062500000 0.007812500 0.062500000 0.031250000 0.062500000 0.031250000 0.046875000 0.179687500 0.226562500 0.289062500 0.125000000 0.105468750 0.125000000 0.156250000 0.121093750 0.062500000 0.128906250 0.148437500 0.152343750 0.144531250 0.148437500 0.195312500 0.160156250 0.078125000 0.062500000 0.093750000 0.140625000 0.105468750 0.160156250 0.250000000 0.132812500 0.156250000 0.265625000 0.062500000 0.031250000 0.230468750 0.160156250 0.046875000 0.128906250 0.089843750 0.066406250 0.160156250 0.058593750 0.113281250 0.019531250 0.171875000 0.062500000 0.015625000 0.128906250 0.078125000 0.042968750 0.066406250 0.082031250 0.089843750 0.089843750 0.062500000 0.082031250 0.023437500 0.035156250 0.074218750 0.027343750 0.082031250 0.015625000 0.023437500 0.031250000 0.046875000 0.019531250 0.027343750 0.039062500 0.027343750 0.031250000 0.074218750 0.035156250 0.035156250 0.066406250 0.039062500 0.066406250 0.046875000 0.054687500 0.039062500 0.058593750 0.019531250 0.050781250 0.109375000 0.035156250 0.027343750 0.101562500 0.089843750 0.089843750 0.078125000 0.078125000 0.093750000 0.285156250 0.218750000 0.148437500 0.023437500 0.218750000 0.210937500 0.148437500 0.195312500 0.296875000 0.355468750 0.062500000 0.460937500 0.667968750 0.558593750 0.039062500 0.277343750 0.199218750 0.269531250 0.191406250 0.242187500 0.136718750 0.187500000 0.101562500 0.238281250 0.265625000 0.066406250 0.156250000 0.089843750 0.089843750 0.027343750 0.050781250 0.203125000 0.261718750 0.136718750 0.113281250 0.242187500 0.343750000 0.160156250 0.089843750 0.011718750 0.171875000 0.144531250 0.039062500 0.042968750 0.085937500 0.085937500 0.070312500 0.039062500 0.066406250 0.042968750 0.062500000 0.039062500 0.039062500 0.050781250 0.074218750 0.023437500 0.019531250 0.023437500 0.046875000 0.019531250 0.039062500 0.062500000 0.042968750 0.027343750 0.031250000 0.035156250 0.058593750 0.046875000 0.035156250 0.066406250 0.054687500 0.027343750 0.046875000 0.007812500 0.031250000 0.097656250 0.085937500 0.066406250 0.105468750 0.066406250 0.097656250 0.019531250 0.054687500 0.023437500 0.074218750 0.042968750 0.070312500 0.011718750 0.054687500 0.011718750 0.058593750 0.011718750 0.050781250 0.027343750 0.046875000 0.003906250 0.070312500 0.015625000 0.089843750 0.007812500 0.031250000 0.050781250 0.027343750 
0.582031250 0.183593750 0.125000000 0.707031250 2.718750000 3.746093750 1.171875000 0.582031250 1.515625000 7.140625000 1.609375000 0.195312500 0.976562500 4.433593750 6.320312500 2.292968750 0.890625000 0.878906250 0.691406250 0.562500000 0.347656250 0.523437500 0.953125000 1.062500000 0.363281250 0.496093750 0.320312500 0.300781250 0.300781250 0.320312500 0.187500000 0.359375000 0.125000000 0.476562500 0.558593750 0.277343750 0.144531250 0.101562500 0.351562500 0.500000000 0.144531250 0.175781250 0.191406250 0.058593750 0.148437500 0.085937500 0.269531250 0.296875000 0.289062500 0.097656250 0.078125000 0.128906250 0.238281250 0.097656250 0.101562500 0.105468750 0.093750000 0.035156250 0.101562500 0.085937500 0.035156250 0.113281250 0.062500000 0.085937500 0.078125000 0.093750000 0.238281250 0.203125000 0.183593750 0.218750000 0.656250000 0.507812500 0.359375000 0.152343750 0.257812500 0.226562500 0.132812500 0.078125000 0.148437500 0.238281250 0.257812500 0.097656250 0.292968750 0.445312500 0.148437500 0.042968750 0.140625000 0.164062500 0.050781250 0.175781250 0.132812500 0.203125000 0.414062500 0.464843750 0.070312500 0.191406250 0.324218750 0.390625000 0.175781250 0.132812500 0.269531250 0.085937500 0.050781250 0.066406250 0.078125000 0.082031250 0.113281250 0.015625000 0.113281250 0.027343750 0.070312500 0.148437500 0.042968750 0.105468750 0.152343750 0.078125000 0.054687500 0.132812500 0.066406250 0.035156250 0.031250000 0.085937500 0.085937500 0.125000000 0.039062500 0.039062500 0.042968750 0.058593750 0.082031250 0.062500000 0.039062500 0.054687500 0.101562500 0.097656250 0.046875000 0.062500000 0.031250000 0.027343750 0.050781250 0.054687500 0.035156250 0.066406250 0.066406250 0.062500000 0.035156250 0.007812500 0.089843750 0.082031250 0.042968750 0.042968750 0.082031250 0.070312500 0.085937500 0.113281250 0.250000000 0.316406250 0.128906250 0.062500000 0.191406250 0.285156250 0.238281250 0.113281250 0.398437500 0.531250000 0.007812500 0.753906250 0.308593750 0.851562500 0.109375000 0.355468750 0.113281250 0.457031250 0.234375000 0.179687500 0.167968750 0.312500000 0.140625000 0.179687500 0.269531250 0.117187500 0.148437500 0.070312500 0.039062500 0.050781250 0.109375000 0.285156250 0.171875000 0.179687500 0.191406250 0.339843750 0.382812500 0.167968750 0.148437500 0.148437500 0.167968750 0.167968750 0.105468750 0.078125000 0.113281250 0.042968750 0.050781250 0.062500000 0.046875000 0.050781250 0.046875000 0.070312500 0.062500000 0.058593750 0.046875000 0.046875000 0.019531250 0.066406250 0.046875000 0.039062500 0.035156250 0.105468750 0.042968750 0.035156250 0.027343750 0.035156250 0.082031250 0.031250000 0.093750000 0.062500000 0.027343750 0.031250000 0.054687500 0.105468750 0.097656250 0.117187500 0.070312500 0.105468750 0.039062500 0.160156250 0.039062500 0.046875000 0.078125000 0.109375000 0.023437500 0.042968750 0.035156250 0.019531250 0.031250000 0.054687500 0.011718750 0.023437500 0.054687500 0.019531250 0.023437500 0.031250000 0.039062500 0.015625000 0.070312500 0.031250000 0.023437500 0.046875000 0.019531250 
1.378906250 0.640625000 0.988281250 1.445312500 4.484375000 3.953125000 0.566406250 0.906250000 3.007812500 5.246093750 2.152343750 1.769531250 1.390625000 6.695312500 5.128906250 4.210937500 1.152343750 0.738281250 1.507812500 0.902343750 0.445312500 0.875000000 1.816406250 1.089843750 0.515625000 0.699218750 0.183593750 0.523437500 0.558593750 0.468750000 0.343750000 0.214843750 0.496093750 0.242187500 0.382812500 0.175781250 0.320312500 0.339843750 0.214843750 0.503906250 0.226562500 0.445312500 0.339843750 0.312500000 0.242187500 0.332031250 0.218750000 0.320312500 0.140625000 0.242187500 0.191406250 0.132812500 0.269531250 0.109375000 0.257812500 0.273437500 0.117187500 0.214843750 0.140625000 0.183593750 0.148437500 0.136718750 0.207031250 0.125000000 0.082031250 0.136718750 0.402343750 0.347656250 0.335937500 0.437500000 1.191406250 0.246093750 0.085937500 0.117187500 0.335937500 0.273437500 0.171875000 0.105468750 0.062500000 0.527343750 0.109375000 0.230468750 0.542968750 0.554687500 0.117187500 0.058593750 0.031250000 0.207031250 0.031250000 0.156250000 0.121093750 0.105468750 0.578125000 0.210937500 0.128906250 0.339843750 0.398437500 0.226562500 0.156250000 0.140625000 0.355468750 0.066406250 0.074218750 0.125000000 0.128906250 0.117187500 0.031250000 0.066406250 0.082031250 0.171875000 0.058593750 0.078125000 0.187500000 0.089843750 0.191406250 0.054687500 0.039062500 0.105468750 0.042968750 0.050781250 0.089843750 0.066406250 0.089843750 0.128906250 0.042968750 0.078125000 0.085937500 0.046875000 0.054687500 0.082031250 0.078125000 0.132812500 0.093750000 0.089843750 0.054687500 0.066406250 0.046875000 0.097656250 0.058593750 0.042968750 0.113281250 0.062500000 0.027343750 0.023437500 0.058593750 0.027343750 0.039062500 0.039062500 0.070312500 0.066406250 0.082031250 0.062500000 0.160156250 0.121093750 0.265625000 0.214843750 0.089843750 0.125000000 0.132812500 0.234375000 0.121093750 0.265625000 0.597656250 0.285156250 0.394531250 0.683593750 0.339843750 0.621093750 0.523437500 0.195312500 0.312500000 0.410156250 0.214843750 0.234375000 0.257812500 0.328125000 0.187500000 0.160156250 0.171875000 0.113281250 0.171875000 0.183593750 0.132812500 0.042968750 0.136718750 0.187500000 0.140625000 0.218750000 0.101562500 0.460937500 0.316406250 0.210937500 0.277343750 0.144531250 0.132812500 0.128906250 0.144531250 0.234375000 0.054687500 0.089843750 0.050781250 0.066406250 0.132812500 0.089843750 0.085937500 0.007812500 0.058593750 0.042968750 0.046875000 0.117187500 0.066406250 0.042968750 0.085937500 0.105468750 0.058593750 0.113281250 0.046875000 0.074218750 0.113281250 0.046875000 0.121093750 0.093750000 0.058593750 0.066406250 0.089843750 0.097656250 0.097656250 0.085937500 0.187500000 0.121093750 0.023437500 0.128906250 0.007812500 0.089843750 0.160156250 0.167968750 0.117187500 0.054687500 0.062500000 0.074218750 0.078125000 0.070312500 0.027343750 0.035156250 0.078125000 0.085937500 0.023437500 0.066406250 0.039062500 0.062500000 0.074218750 0.054687500 0.015625000 0.054687500 0.035156250 0.050781250 0.074218750 
0.007812500 0.664062500 1.410156250 1.707031250 5.394531250 4.003906250 1.589843750 1.394531250 3.308593750 4.183593750 2.554687500 2.019531250 1.054687500 8.246093750 2.785156250 0.781250000 0.089843750 1.855468750 1.808593750 1.726562500 0.765625000 0.917968750 1.406250000 1.039062500 0.542968750 0.394531250 0.355468750 0.335937500 0.433593750 0.429687500 0.238281250 0.503906250 0.421875000 0.445312500 0.246093750 0.226562500 0.140625000 0.121093750 0.250000000 0.503906250 0.171875000 0.281250000 0.210937500 0.117187500 0.148437500 0.117187500 0.136718750 0.351562500 0.210937500 0.101562500 0.179687500 0.113281250 0.234375000 0.183593750 0.132812500 0.140625000 0.109375000 0.144531250 0.132812500 0.195312500 0.148437500 0.117187500 0.113281250 0.097656250 0.207031250 0.210937500 0.140625000 0.343750000 0.105468750 0.640625000 1.519531250 0.484375000 0.234375000 0.082031250 0.632812500 0.253906250 0.378906250 0.207031250 0.464843750 0.226562500 0.242187500 0.175781250 0.515625000 0.875000000 0.445312500 0.382812500 0.218750000 0.187500000 0.078125000 0.179687500 0.101562500 0.437500000 0.218750000 0.320312500 0.054687500 0.250000000 0.535156250 0.085937500 0.089843750 0.035156250 0.292968750 0.160156250 0.023437500 0.074218750 0.062500000 0.046875000 0.050781250 0.093750000 0.035156250 0.156250000 0.121093750 0.085937500 0.105468750 0.070312500 0.058593750 0.054687500 0.027343750 0.218750000 0.070312500 0.039062500 0.019531250 0.062500000 0.082031250 0.019531250 0.046875000 0.078125000 0.027343750 0.058593750 0.070312500 0.109375000 0.042968750 0.070312500 0.101562500 0.082031250 0.058593750 0.035156250 0.074218750 0.035156250 0.054687500 0.070312500 0.023437500 0.058593750 0.070312500 0.066406250 0.039062500 0.023437500 0.050781250 0.031250000 0.054687500 0.066406250 0.023437500 0.101562500 0.132812500 0.074218750 0.136718750 0.203125000 0.132812500 0.093750000 0.074218750 0.125000000 0.136718750 0.343750000 0.308593750 0.214843750 0.605468750 0.691406250 0.472656250 0.421875000 0.304687500 0.183593750 0.371093750 0.367187500 0.042968750 0.328125000 0.296875000 0.285156250 0.105468750 0.316406250 0.281250000 0.128906250 0.046875000 0.054687500 0.085937500 0.058593750 0.015625000 0.089843750 0.210937500 0.148437500 0.183593750 0.394531250 0.285156250 0.175781250 0.308593750 0.152343750 0.089843750 0.062500000 0.167968750 0.125000000 0.039062500 0.066406250 0.078125000 0.058593750 0.042968750 0.089843750 0.121093750 0.031250000 0.062500000 0.062500000 0.062500000 0.050781250 0.046875000 0.046875000 0.093750000 0.015625000 0.062500000 0.105468750 0.093750000 0.019531250 0.031250000 0.097656250 0.058593750 0.046875000 0.097656250 0.074218750 0.074218750 0.050781250 0.148437500 0.070312500 0.136718750 0.042968750 0.003906250 0.058593750 0.128906250 0.070312500 0.191406250 0.132812500 0.160156250 0.023437500 0.007812500 0.097656250 0.046875000 0.011718750 0.058593750 0.046875000 0.062500000 0.054687500 0.042968750 0.023437500 0.046875000 0.031250000 0.039062500 0.066406250 0.058593750 0.031250000 0.062500000 0.062500000 0.062500000 
1.511718750 0.843750000 1.625000000 1.796875000 6.203125000 3.238281250 0.906250000 0.242187500 1.625000000 5.468750000 1.070312500 0.128906250 1.148437500 7.144531250 2.781250000 1.824218750 1.597656250 3.960937500 2.777343750 0.804687500 1.433593750 0.769531250 2.304687500 0.777343750 0.777343750 0.519531250 1.085937500 0.496093750 0.582031250 0.296875000 0.578125000 0.621093750 0.542968750 0.398437500 0.398437500 0.414062500 0.113281250 0.324218750 0.285156250 0.363281250 0.332031250 0.449218750 0.210937500 0.042968750 0.421875000 0.503906250 0.257812500 0.500000000 0.292968750 0.234375000 0.347656250 0.257812500 0.253906250 0.273437500 0.335937500 0.265625000 0.113281250 0.246093750 0.140625000 0.148437500 0.054687500 0.382812500 0.089843750 0.152343750 0.203125000 0.589843750 0.488281250 0.292968750 0.371093750 1.281250000 0.984375000 0.277343750 0.230468750 0.296875000 0.542968750 0.277343750 0.191406250 0.343750000 0.574218750 0.039062500 0.417968750 0.769531250 0.890625000 0.421875000 0.558593750 0.683593750 0.082031250 0.082031250 0.175781250 0.144531250 0.281250000 0.585937500 0.109375000 0.257812500 0.160156250 0.363281250 0.371093750 0.109375000 0.109375000 0.117187500 0.281250000 0.195312500 0.113281250 0.058593750 0.105468750 0.066406250 0.046875000 0.101562500 0.222656250 0.031250000 0.097656250 0.039062500 0.078125000 0.113281250 0.132812500 0.105468750 0.089843750 0.242187500 0.078125000 0.089843750 0.058593750 0.191406250 0.085937500 0.109375000 0.117187500 0.074218750 0.074218750 0.109375000 0.046875000 0.082031250 0.074218750 0.121093750 0.093750000 0.117187500 0.062500000 0.097656250 0.125000000 0.085937500 0.066406250 0.117187500 0.085937500 0.109375000 0.082031250 0.074218750 0.089843750 0.070312500 0.109375000 0.144531250 0.039062500 0.125000000 0.113281250 0.152343750 0.062500000 0.085937500 0.128906250 0.242187500 0.015625000 0.105468750 0.097656250 0.082031250 0.257812500 0.226562500 0.148437500 0.277343750 0.500000000 0.820312500 0.296875000 0.160156250 0.402343750 0.257812500 0.054687500 0.285156250 0.437500000 0.093750000 0.265625000 0.234375000 0.230468750 0.160156250 0.265625000 0.050781250 0.121093750 0.175781250 0.101562500 0.136718750 0.199218750 0.136718750 0.218750000 0.171875000 0.101562500 0.144531250 0.105468750 0.296875000 0.031250000 0.062500000 0.113281250 0.187500000 0.046875000 0.074218750 0.062500000 0.117187500 0.039062500 0.066406250 0.031250000 0.027343750 0.109375000 0.011718750 0.019531250 0.027343750 0.031250000 0.089843750 0.062500000 0.054687500 0.101562500 0.054687500 0.066406250 0.039062500 0.074218750 0.054687500 0.078125000 0.054687500 0.042968750 0.023437500 0.074218750 0.062500000 0.027343750 0.117187500 0.125000000 0.070312500 0.136718750 0.050781250 0.050781250 0.066406250 0.109375000 0.062500000 0.128906250 0.179687500 0.128906250 0.078125000 0.035156250 0.105468750 0.050781250 0.058593750 0.093750000 0.070312500 0.093750000 0.058593750 0.027343750 0.054687500 0.066406250 0.082031250 0.066406250 0.082031250 0.023437500 0.074218750 0.050781250 0.058593750 0.035156250 
0.878906250 0.445312500 1.054687500 1.382812500 5.886718750 4.003906250 1.621093750 1.089843750 2.375000000 4.222656250 2.378906250 0.988281250 0.976562500 4.906250000 1.644531250 1.136718750 1.457031250 5.496093750 4.042968750 2.171875000 1.296875000 1.406250000 1.609375000 0.117187500 0.378906250 0.496093750 0.773437500 0.171875000 0.218750000 0.453125000 0.515625000 0.269531250 0.113281250 0.371093750 0.144531250 0.359375000 0.285156250 0.347656250 0.160156250 0.148437500 0.281250000 0.132812500 0.296875000 0.093750000 0.503906250 0.097656250 0.363281250 0.500000000 0.175781250 0.042968750 0.253906250 0.250000000 0.132812500 0.226562500 0.171875000 0.320312500 0.242187500 0.140625000 0.425781250 0.156250000 0.347656250 0.300781250 0.359375000 0.390625000 0.585937500 0.289062500 0.429687500 0.382812500 0.332031250 1.437500000 0.687500000 0.246093750 0.097656250 0.164062500 0.507812500 0.207031250 0.160156250 0.125000000 0.625000000 0.210937500 0.398437500 0.710937500 1.039062500 0.218750000 0.613281250 0.554687500 0.242187500 0.187500000 0.050781250 0.316406250 0.152343750 0.476562500 0.117187500 0.136718750 0.070312500 0.144531250 0.109375000 0.140625000 0.054687500 0.070312500 0.207031250 0.097656250 0.054687500 0.093750000 0.093750000 0.046875000 0.093750000 0.031250000 0.156250000 0.136718750 0.093750000 0.066406250 0.058593750 0.031250000 0.050781250 0.046875000 0.144531250 0.167968750 0.097656250 0.128906250 0.113281250 0.078125000 0.078125000 0.121093750 0.046875000 0.171875000 0.132812500 0.093750000 0.136718750 0.054687500 0.121093750 0.062500000 0.031250000 0.058593750 0.082031250 0.093750000 0.121093750 0.070312500 0.074218750 0.058593750 0.089843750 0.058593750 0.058593750 0.058593750 0.050781250 0.066406250 0.082031250 0.046875000 0.097656250 0.066406250 0.070312500 0.105468750 0.007812500 0.050781250 0.011718750 0.253906250 0.062500000 0.031250000 0.074218750 0.093750000 0.132812500 0.035156250 0.066406250 0.277343750 0.601562500 0.519531250 0.125000000 0.234375000 0.417968750 0.089843750 0.324218750 0.199218750 0.281250000 0.093750000 0.234375000 0.125000000 0.121093750 0.121093750 0.203125000 0.109375000 0.074218750 0.156250000 0.058593750 0.039062500 0.132812500 0.058593750 0.070312500 0.066406250 0.050781250 0.125000000 0.175781250 0.191406250 0.050781250 0.101562500 0.015625000 0.062500000 0.195312500 0.078125000 0.042968750 0.066406250 0.085937500 0.027343750 0.070312500 0.027343750 0.039062500 0.093750000 0.019531250 0.078125000 0.066406250 0.058593750 0.070312500 0.062500000 0.027343750 0.011718750 0.039062500 0.015625000 0.078125000 0.066406250 0.050781250 0.046875000 0.039062500 0.062500000 0.035156250 0.023437500 0.046875000 0.109375000 0.070312500 0.070312500 0.078125000 0.039062500 0.109375000 0.058593750 0.050781250 0.027343750 0.082031250 0.207031250 0.039062500 0.027343750 0.054687500 0.082031250 0.054687500 0.046875000 0.089843750 0.062500000 0.066406250 0.046875000 0.085937500 0.042968750 0.042968750 0.058593750 0.035156250 0.054687500 0.050781250 0.050781250 0.050781250 0.042968750 0.042968750 
0.992187500 0.199218750 0.140625000 1.085937500 5.093750000 4.589843750 1.832031250 1.976562500 3.976562500 2.058593750 1.644531250 0.539062500 0.273437500 4.269531250 2.863281250 1.460937500 2.464843750 8.402343750 3.527343750 1.332031250 1.277343750 1.960937500 1.453125000 0.386718750 0.367187500 0.621093750 0.511718750 0.171875000 0.316406250 0.132812500 0.214843750 0.183593750 0.250000000 0.097656250 0.074218750 0.035156250 0.207031250 0.125000000 0.046875000 0.367187500 0.070312500 0.097656250 0.156250000 0.078125000 0.261718750 0.093750000 0.273437500 0.187500000 0.191406250 0.132812500 0.226562500 0.121093750 0.187500000 0.191406250 0.082031250 0.226562500 0.160156250 0.519531250 0.503906250 0.371093750 0.171875000 0.371093750 0.351562500 0.308593750 0.179687500 0.945312500 0.769531250 0.429687500 0.339843750 1.621093750 0.214843750 0.304687500 0.445312500 0.167968750 0.375000000 0.210937500 0.203125000 0.066406250 0.582031250 0.089843750 0.425781250 0.574218750 1.164062500 0.246093750 0.664062500 0.394531250 0.261718750 0.195312500 0.101562500 0.140625000 0.164062500 0.351562500 0.156250000 0.179687500 0.074218750 0.210937500 0.160156250 0.175781250 0.011718750 0.062500000 0.160156250 0.117187500 0.062500000 0.078125000 0.082031250 0.074218750 0.066406250 0.070312500 0.042968750 0.027343750 0.078125000 0.070312500 0.023437500 0.089843750 0.074218750 0.062500000 0.105468750 0.003906250 0.093750000 0.015625000 0.097656250 0.070312500 0.023437500 0.097656250 0.070312500 0.082031250 0.128906250 0.019531250 0.011718750 0.062500000 0.109375000 0.078125000 0.031250000 0.042968750 0.078125000 0.050781250 0.074218750 0.062500000 0.105468750 0.035156250 0.039062500 0.035156250 0.042968750 0.054687500 0.062500000 0.031250000 0.054687500 0.062500000 0.109375000 0.035156250 0.078125000 0.039062500 0.015625000 0.035156250 0.093750000 0.140625000 0.066406250 0.039062500 0.054687500 0.117187500 0.035156250 0.082031250 0.250000000 0.082031250 0.285156250 0.203125000 0.464843750 0.015625000 0.511718750 0.269531250 0.375000000 0.359375000 0.316406250 0.070312500 0.097656250 0.261718750 0.042968750 0.015625000 0.023437500 0.277343750 0.156250000 0.066406250 0.066406250 0.171875000 0.082031250 0.007812500 0.015625000 0.093750000 0.050781250 0.078125000 0.093750000 0.042968750 0.113281250 0.085937500 0.125000000 0.140625000 0.214843750 0.089843750 0.062500000 0.031250000 0.078125000 0.011718750 0.035156250 0.019531250 0.070312500 0.023437500 0.058593750 0.015625000 0.050781250 0.007812500 0.042968750 0.046875000 0.058593750 0.011718750 0.007812500 0.031250000 0.058593750 0.031250000 0.007812500 0.066406250 0.058593750 0.011718750 0.054687500 0.027343750 0.109375000 0.007812500 0.042968750 0.031250000 0.031250000 0.050781250 0.082031250 0.089843750 0.093750000 0.011718750 0.058593750 0.148437500 0.027343750 0.070312500 0.078125000 0.023437500 0.039062500 0.074218750 0.023437500 0.035156250 0.007812500 0.019531250 0.019531250 0.035156250 0.027343750 0.039062500 0.019531250 0.019531250 0.027343750 0.015625000 0.070312500 0.039062500 0.023437500 
2.156250000 0.640625000 1.089843750 1.828125000 5.402343750 3.015625000 0.808593750 1.019531250 3.972656250 2.613281250 0.980468750 0.566406250 1.289062500 2.750000000 0.945312500 2.113281250 3.453125000 12.300781250 0.484375000 0.277343750 0.628906250 2.273437500 0.382812500 0.054687500 0.117187500 1.234375000 0.722656250 0.484375000 0.039062500 0.261718750 0.445312500 0.363281250 0.347656250 0.410156250 0.375000000 0.089843750 0.218750000 0.343750000 0.277343750 0.214843750 0.402343750 0.250000000 0.109375000 0.203125000 0.359375000 0.179687500 0.292968750 0.375000000 0.332031250 0.199218750 0.101562500 0.242187500 0.261718750 0.207031250 0.281250000 0.492187500 0.476562500 0.316406250 0.929687500 0.468750000 0.156250000 0.410156250 0.371093750 0.296875000 0.261718750 0.785156250 0.593750000 0.261718750 0.312500000 1.125000000 0.917968750 0.542968750 0.097656250 0.218750000 0.453125000 0.300781250 0.250000000 0.285156250 0.609375000 0.207031250 0.226562500 0.550781250 1.101562500 0.546875000 0.367187500 0.160156250 0.187500000 0.371093750 0.136718750 0.136718750 0.125000000 0.160156250 0.093750000 0.117187500 0.070312500 0.187500000 0.277343750 0.046875000 0.113281250 0.132812500 0.242187500 0.035156250 0.046875000 0.117187500 0.062500000 0.093750000 0.046875000 0.085937500 0.109375000 0.015625000 0.050781250 0.082031250 0.027343750 0.140625000 0.015625000 0.074218750 0.136718750 0.085937500 0.105468750 0.011718750 0.066406250 0.031250000 0.035156250 0.085937500 0.109375000 0.152343750 0.078125000 0.093750000 0.062500000 0.070312500 0.007812500 0.000000000 0.046875000 0.035156250 0.093750000 0.035156250 0.050781250 0.007812500 0.070312500 0.058593750 0.031250000 0.023437500 0.027343750 0.058593750 0.042968750 0.093750000 0.160156250 0.023437500 0.058593750 0.101562500 0.125000000 0.062500000 0.054687500 0.066406250 0.054687500 0.027343750 0.050781250 0.074218750 0.074218750 0.011718750 0.007812500 0.097656250 0.105468750 0.144531250 0.285156250 0.121093750 0.222656250 0.289062500 0.433593750 0.140625000 0.398437500 0.371093750 0.097656250 0.167968750 0.019531250 0.253906250 0.085937500 0.109375000 0.070312500 0.328125000 0.085937500 0.031250000 0.058593750 0.156250000 0.027343750 0.035156250 0.082031250 0.023437500 0.011718750 0.093750000 0.054687500 0.167968750 0.093750000 0.042968750 0.089843750 0.207031250 0.183593750 0.074218750 0.074218750 0.046875000 0.070312500 0.023437500 0.058593750 0.050781250 0.035156250 0.039062500 0.027343750 0.023437500 0.035156250 0.011718750 0.039062500 0.058593750 0.054687500 0.023437500 0.042968750 0.035156250 0.050781250 0.035156250 0.046875000 0.031250000 0.085937500 0.042968750 0.035156250 0.019531250 0.082031250 0.046875000 0.058593750 0.015625000 0.070312500 0.058593750 0.050781250 0.058593750 0.109375000 0.039062500 0.015625000 0.042968750 0.097656250 0.019531250 0.113281250 0.050781250 0.042968750 0.140625000 0.082031250 0.007812500 0.003906250 0.031250000 0.007812500 0.023437500 0.074218750 0.039062500 0.050781250 0.039062500 0.023437500 0.031250000 0.070312500 0.062500000 0.007812500 
0.847656250 0.484375000 1.218750000 0.964843750 3.945312500 2.359375000 1.066406250 0.855468750 4.417968750 3.214843750 1.769531250 1.699218750 2.730468750 3.425781250 2.171875000 1.707031250 6.421875000 13.156250000 1.828125000 1.125000000 1.390625000 1.839843750 1.003906250 1.000000000 0.964843750 0.976562500 0.570312500 0.117187500 0.230468750 0.289062500 0.246093750 0.257812500 0.042968750 0.148437500 0.246093750 0.218750000 0.171875000 0.226562500 0.042968750 0.496093750 0.160156250 0.417968750 0.082031250 0.121093750 0.171875000 0.179687500 0.105468750 0.082031250 0.054687500 0.195312500 0.167968750 0.250000000 0.117187500 0.058593750 0.101562500 0.171875000 0.582031250 0.425781250 1.250000000 0.785156250 0.773437500 0.843750000 0.253906250 0.394531250 0.289062500 0.644531250 0.378906250 0.167968750 0.437500000 0.933593750 0.773437500 0.734375000 0.363281250 0.109375000 0.421875000 0.425781250 0.121093750 0.195312500 0.097656250 0.578125000 0.312500000 0.429687500 0.664062500 1.031250000 0.230468750 0.214843750 0.187500000 0.144531250 0.070312500 0.039062500 0.074218750 0.074218750 0.117187500 0.054687500 0.035156250 0.175781250 0.253906250 0.050781250 0.093750000 0.035156250 0.242187500 0.062500000 0.035156250 0.070312500 0.066406250 0.039062500 0.019531250 0.027343750 0.097656250 0.058593750 0.035156250 0.062500000 0.121093750 0.089843750 0.042968750 0.054687500 0.039062500 0.046875000 0.078125000 0.007812500 0.093750000 0.109375000 0.039062500 0.097656250 0.125000000 0.125000000 0.085937500 0.070312500 0.003906250 0.089843750 0.046875000 0.019531250 0.011718750 0.097656250 0.031250000 0.007812500 0.035156250 0.050781250 0.031250000 0.039062500 0.019531250 0.035156250 0.023437500 0.050781250 0.031250000 0.121093750 0.082031250 0.070312500 0.046875000 0.152343750 0.035156250 0.046875000 0.011718750 0.015625000 0.046875000 0.019531250 0.031250000 0.015625000 0.050781250 0.011718750 0.046875000 0.101562500 0.066406250 0.050781250 0.144531250 0.050781250 0.160156250 0.250000000 0.285156250 0.214843750 0.453125000 0.363281250 0.062500000 0.156250000 0.097656250 0.238281250 0.085937500 0.148437500 0.105468750 0.261718750 0.062500000 0.128906250 0.125000000 0.093750000 0.105468750 0.066406250 0.125000000 0.082031250 0.078125000 0.027343750 0.035156250 0.152343750 0.164062500 0.113281250 0.109375000 0.125000000 0.246093750 0.105468750 0.070312500 0.035156250 0.070312500 0.027343750 0.039062500 0.046875000 0.058593750 0.042968750 0.015625000 0.058593750 0.019531250 0.011718750 0.019531250 0.046875000 0.050781250 0.007812500 0.027343750 0.058593750 0.097656250 0.007812500 0.046875000 0.003906250 0.058593750 0.066406250 0.019531250 0.035156250 0.074218750 0.050781250 0.050781250 0.031250000 0.093750000 0.074218750 0.062500000 0.000000000 0.089843750 0.066406250 0.046875000 0.078125000 0.148437500 0.074218750 0.054687500 0.042968750 0.019531250 0.105468750 0.062500000 0.046875000 0.039062500 0.011718750 0.023437500 0.039062500 0.031250000 0.035156250 0.011718750 0.023437500 0.042968750 0.015625000 0.062500000 0.011718750 0.058593750 
2.296875000 1.449218750 1.722656250 1.257812500 1.425781250 2.132812500 0.964843750 1.460937500 7.097656250 1.796875000 0.816406250 1.261718750 0.292968750 2.035156250 1.605468750 3.855468750 10.003906250 10.949218750 3.078125000 1.546875000 3.183593750 0.710937500 0.339843750 0.582031250 0.855468750 1.011718750 0.847656250 0.578125000 0.511718750 0.304687500 0.421875000 0.164062500 0.121093750 0.035156250 0.035156250 0.414062500 0.160156250 0.445312500 0.343750000 0.503906250 0.242187500 0.468750000 0.195312500 0.109375000 0.070312500 0.195312500 0.210937500 0.226562500 0.152343750 0.207031250 0.187500000 0.117187500 0.167968750 0.023437500 0.250000000 0.257812500 0.308593750 1.007812500 1.152343750 1.023437500 0.699218750 1.320312500 0.820312500 0.054687500 0.214843750 0.511718750 0.101562500 0.363281250 0.257812500 0.605468750 0.156250000 0.816406250 0.234375000 0.207031250 0.335937500 0.371093750 0.167968750 0.093750000 0.210937500 0.722656250 0.347656250 0.570312500 0.406250000 0.699218750 0.542968750 0.261718750 0.144531250 0.156250000 0.089843750 0.050781250 0.058593750 0.140625000 0.054687500 0.121093750 0.148437500 0.148437500 0.226562500 0.066406250 0.066406250 0.113281250 0.140625000 0.011718750 0.031250000 0.085937500 0.058593750 0.039062500 0.050781250 0.089843750 0.093750000 0.070312500 0.027343750 0.058593750 0.027343750 0.066406250 0.015625000 0.031250000 0.023437500 0.074218750 0.074218750 0.042968750 0.082031250 0.136718750 0.011718750 0.136718750 0.156250000 0.105468750 0.070312500 0.058593750 0.042968750 0.125000000 0.035156250 0.042968750 0.050781250 0.062500000 0.015625000 0.011718750 0.015625000 0.046875000 0.003906250 0.023437500 0.011718750 0.062500000 0.035156250 0.050781250 0.035156250 0.093750000 0.074218750 0.074218750 0.031250000 0.187500000 0.039062500 0.062500000 0.035156250 0.039062500 0.082031250 0.050781250 0.007812500 0.035156250 0.042968750 0.062500000 0.023437500 0.054687500 0.062500000 0.066406250 0.078125000 0.066406250 0.101562500 0.042968750 0.015625000 0.121093750 0.140625000 0.187500000 0.183593750 0.214843750 0.101562500 0.136718750 0.246093750 0.238281250 0.156250000 0.070312500 0.199218750 0.097656250 0.113281250 0.027343750 0.121093750 0.117187500 0.105468750 0.074218750 0.105468750 0.054687500 0.109375000 0.046875000 0.179687500 0.031250000 0.109375000 0.093750000 0.218750000 0.156250000 0.156250000 0.070312500 0.113281250 0.054687500 0.050781250 0.066406250 0.085937500 0.058593750 0.031250000 0.074218750 0.039062500 0.042968750 0.015625000 0.019531250 0.078125000 0.062500000 0.062500000 0.050781250 0.089843750 0.023437500 0.039062500 0.039062500 0.015625000 0.035156250 0.027343750 0.019531250 0.011718750 0.066406250 0.105468750 0.031250000 0.093750000 0.062500000 0.042968750 0.039062500 0.089843750 0.042968750 0.070312500 0.117187500 0.128906250 0.132812500 0.125000000 0.105468750 0.066406250 0.066406250 0.023437500 0.050781250 0.046875000 0.003906250 0.019531250 0.085937500 0.042968750 0.035156250 0.031250000 0.015625000 0.062500000 0.019531250 0.031250000 0.070312500 0.039062500 
1.042968750 0.464843750 0.859375000 0.718750000 0.933593750 2.218750000 0.589843750 1.109375000 6.554687500 2.996093750 1.367187500 0.039062500 1.535156250 1.902343750 0.964843750 1.445312500 12.207031250 6.667968750 4.257812500 2.929687500 3.023437500 1.035156250 1.050781250 0.964843750 1.656250000 0.269531250 0.304687500 0.316406250 0.417968750 0.191406250 0.230468750 0.273437500 0.332031250 0.207031250 0.492187500 0.363281250 0.210937500 0.449218750 0.242187500 0.378906250 0.054687500 0.316406250 0.406250000 0.144531250 0.148437500 0.085937500 0.210937500 0.050781250 0.148437500 0.355468750 0.101562500 0.082031250 0.128906250 0.351562500 0.597656250 0.324218750 0.335937500 0.855468750 1.054687500 0.605468750 0.937500000 1.496093750 0.699218750 0.785156250 0.429687500 0.460937500 0.269531250 0.289062500 0.230468750 0.199218750 0.730468750 0.144531250 0.312500000 0.257812500 0.324218750 0.164062500 0.078125000 0.113281250 0.281250000 0.718750000 0.472656250 0.480468750 0.128906250 0.386718750 0.253906250 0.343750000 0.199218750 0.148437500 0.085937500 0.039062500 0.128906250 0.203125000 0.058593750 0.050781250 0.144531250 0.042968750 0.062500000 0.136718750 0.074218750 0.011718750 0.097656250 0.121093750 0.128906250 0.078125000 0.101562500 0.082031250 0.089843750 0.136718750 0.128906250 0.097656250 0.082031250 0.105468750 0.078125000 0.093750000 0.054687500 0.035156250 0.031250000 0.023437500 0.128906250 0.117187500 0.054687500 0.082031250 0.085937500 0.117187500 0.035156250 0.144531250 0.144531250 0.042968750 0.101562500 0.101562500 0.023437500 0.078125000 0.078125000 0.062500000 0.050781250 0.027343750 0.054687500 0.023437500 0.054687500 0.015625000 0.089843750 0.023437500 0.066406250 0.050781250 0.058593750 0.093750000 0.109375000 0.074218750 0.078125000 0.207031250 0.027343750 0.066406250 0.050781250 0.062500000 0.023437500 0.070312500 0.039062500 0.085937500 0.070312500 0.093750000 0.054687500 0.027343750 0.074218750 0.035156250 0.105468750 0.062500000 0.082031250 0.054687500 0.082031250 0.011718750 0.027343750 0.113281250 0.070312500 0.246093750 0.167968750 0.066406250 0.167968750 0.304687500 0.042968750 0.089843750 0.093750000 0.183593750 0.128906250 0.175781250 0.144531250 0.187500000 0.218750000 0.242187500 0.113281250 0.144531250 0.121093750 0.097656250 0.167968750 0.042968750 0.007812500 0.046875000 0.226562500 0.183593750 0.156250000 0.027343750 0.078125000 0.121093750 0.050781250 0.050781250 0.027343750 0.148437500 0.054687500 0.140625000 0.070312500 0.113281250 0.078125000 0.097656250 0.066406250 0.089843750 0.113281250 0.050781250 0.027343750 0.027343750 0.062500000 0.023437500 0.039062500 0.027343750 0.035156250 0.074218750 0.062500000 0.078125000 0.035156250 0.113281250 0.121093750 0.085937500 0.089843750 0.046875000 0.085937500 0.070312500 0.101562500 0.105468750 0.117187500 0.164062500 0.078125000 0.148437500 0.050781250 0.066406250 0.046875000 0.054687500 0.031250000 0.007812500 0.054687500 0.046875000 0.035156250 0.011718750 0.042968750 0.027343750 0.074218750 0.062500000 0.035156250 0.085937500 0.011718750 
1.171875000 0.039062500 0.535156250 0.316406250 2.046875000 1.808593750 1.453125000 1.738281250 6.886718750 1.550781250 1.515625000 0.378906250 0.589843750 0.460937500 1.363281250 2.527343750 10.734375000 4.312500000 0.554687500 1.816406250 1.527343750 1.773437500 1.421875000 0.632812500 0.250000000 1.085937500 0.699218750 0.562500000 0.519531250 0.609375000 0.656250000 0.449218750 0.535156250 0.648437500 0.214843750 0.660156250 0.343750000 0.226562500 0.296875000 0.546875000 0.242187500 0.378906250 0.335937500 0.210937500 0.171875000 0.218750000 0.250000000 0.441406250 0.261718750 0.394531250 0.199218750 0.414062500 0.207031250 0.570312500 0.351562500 1.003906250 0.589843750 1.105468750 1.316406250 0.808593750 0.097656250 1.496093750 0.289062500 0.292968750 0.355468750 0.253906250 0.105468750 0.445312500 0.171875000 0.628906250 0.183593750 0.308593750 0.304687500 0.304687500 0.152343750 0.128906250 0.066406250 0.148437500 0.152343750 0.425781250 0.289062500 0.390625000 0.089843750 0.320312500 0.199218750 0.296875000 0.187500000 0.074218750 0.179687500 0.136718750 0.195312500 0.187500000 0.074218750 0.027343750 0.023437500 0.156250000 0.066406250 0.031250000 0.093750000 0.042968750 0.105468750 0.109375000 0.062500000 0.074218750 0.035156250 0.058593750 0.042968750 0.050781250 0.140625000 0.093750000 0.078125000 0.085937500 0.062500000 0.042968750 0.097656250 0.054687500 0.093750000 0.085937500 0.070312500 0.125000000 0.031250000 0.078125000 0.046875000 0.019531250 0.031250000 0.128906250 0.054687500 0.050781250 0.066406250 0.101562500 0.097656250 0.097656250 0.078125000 0.082031250 0.089843750 0.074218750 0.085937500 0.078125000 0.066406250 0.109375000 0.085937500 0.082031250 0.046875000 0.062500000 0.085937500 0.050781250 0.074218750 0.054687500 0.015625000 0.074218750 0.074218750 0.082031250 0.136718750 0.046875000 0.039062500 0.042968750 0.058593750 0.074218750 0.050781250 0.097656250 0.054687500 0.023437500 0.062500000 0.015625000 0.031250000 0.019531250 0.109375000 0.042968750 0.093750000 0.054687500 0.074218750 0.085937500 0.140625000 0.199218750 0.160156250 0.058593750 0.144531250 0.292968750 0.089843750 0.164062500 0.238281250 0.171875000 0.078125000 0.101562500 0.117187500 0.132812500 0.179687500 0.039062500 0.136718750 0.179687500 0.089843750 0.042968750 0.117187500 0.039062500 0.039062500 0.035156250 0.132812500 0.195312500 0.132812500 0.152343750 0.097656250 0.011718750 0.066406250 0.062500000 0.031250000 0.171875000 0.105468750 0.062500000 0.093750000 0.074218750 0.050781250 0.085937500 0.089843750 0.128906250 0.058593750 0.019531250 0.089843750 0.074218750 0.035156250 0.058593750 0.066406250 0.039062500 0.042968750 0.054687500 0.050781250 0.062500000 0.085937500 0.144531250 0.089843750 0.082031250 0.023437500 0.027343750 0.058593750 0.113281250 0.093750000 0.175781250 0.105468750 0.105468750 0.136718750 0.207031250 0.046875000 0.066406250 0.070312500 0.089843750 0.046875000 0.109375000 0.066406250 0.070312500 0.050781250 0.058593750 0.054687500 0.093750000 0.070312500 0.058593750 0.050781250 0.035156250 0.007812500 
0.507812500 0.484375000 0.515625000 0.203125000 3.113281250 1.542968750 1.726562500 1.281250000 6.113281250 1.351562500 1.414062500 1.558593750 1.082031250 0.671875000 1.285156250 2.433593750 8.593750000 3.062500000 3.835937500 1.281250000 1.179687500 1.039062500 0.218750000 0.859375000 0.781250000 0.726562500 0.324218750 0.125000000 0.480468750 0.132812500 0.378906250 0.406250000 0.175781250 0.246093750 0.339843750 0.460937500 0.253906250 0.257812500 0.171875000 0.394531250 0.152343750 0.160156250 0.289062500 0.121093750 0.011718750 0.285156250 0.132812500 0.191406250 0.156250000 0.250000000 0.226562500 0.234375000 0.210937500 0.468750000 0.457031250 0.593750000 0.949218750 0.187500000 0.875000000 0.699218750 0.695312500 0.761718750 0.468750000 0.242187500 0.234375000 0.207031250 0.257812500 0.203125000 0.199218750 0.417968750 0.328125000 0.429687500 0.414062500 0.187500000 0.035156250 0.109375000 0.199218750 0.207031250 0.066406250 0.375000000 0.273437500 0.250000000 0.195312500 0.328125000 0.023437500 0.035156250 0.125000000 0.082031250 0.136718750 0.046875000 0.101562500 0.113281250 0.101562500 0.058593750 0.027343750 0.074218750 0.054687500 0.035156250 0.007812500 0.046875000 0.035156250 0.082031250 0.062500000 0.042968750 0.058593750 0.015625000 0.011718750 0.039062500 0.046875000 0.023437500 0.062500000 0.039062500 0.039062500 0.039062500 0.019531250 0.046875000 0.042968750 0.062500000 0.054687500 0.093750000 0.042968750 0.023437500 0.031250000 0.035156250 0.042968750 0.062500000 0.050781250 0.035156250 0.027343750 0.019531250 0.023437500 0.031250000 0.031250000 0.054687500 0.039062500 0.054687500 0.027343750 0.035156250 0.042968750 0.019531250 0.039062500 0.031250000 0.031250000 0.007812500 0.007812500 0.039062500 0.023437500 0.003906250 0.050781250 0.070312500 0.042968750 0.027343750 0.023437500 0.078125000 0.011718750 0.027343750 0.050781250 0.050781250 0.011718750 0.062500000 0.019531250 0.035156250 0.050781250 0.042968750 0.035156250 0.050781250 0.039062500 0.031250000 0.058593750 0.050781250 0.074218750 0.062500000 0.015625000 0.042968750 0.019531250 0.066406250 0.136718750 0.203125000 0.023437500 0.101562500 0.242187500 0.132812500 0.042968750 0.023437500 0.183593750 0.015625000 0.113281250 0.074218750 0.140625000 0.140625000 0.046875000 0.066406250 0.039062500 0.027343750 0.050781250 0.042968750 0.058593750 0.054687500 0.050781250 0.070312500 0.070312500 0.027343750 0.027343750 0.035156250 0.101562500 0.078125000 0.046875000 0.050781250 0.082031250 0.031250000 0.031250000 0.023437500 0.019531250 0.058593750 0.023437500 0.035156250 0.019531250 0.070312500 0.035156250 0.042968750 0.003906250 0.035156250 0.007812500 0.054687500 0.035156250 0.015625000 0.011718750 0.093750000 0.046875000 0.046875000 0.023437500 0.039062500 0.027343750 0.039062500 0.082031250 0.152343750 0.035156250 0.062500000 0.070312500 0.066406250 0.085937500 0.078125000 0.019531250 0.062500000 0.023437500 0.035156250 0.035156250 0.015625000 0.003906250 0.031250000 0.019531250 0.019531250 0.007812500 0.027343750 0.019531250 0.011718750 0.031250000 
0.953125000 1.042968750 0.281250000 1.160156250 4.656250000 0.906250000 0.812500000 1.160156250 4.671875000 1.816406250 1.332031250 1.445312500 0.699218750 0.890625000 0.406250000 1.671875000 7.113281250 4.347656250 1.105468750 1.851562500 0.769531250 0.667968750 0.269531250 0.164062500 0.238281250 1.195312500 0.402343750 0.535156250 0.437500000 0.328125000 0.289062500 0.125000000 0.234375000 0.203125000 0.261718750 0.175781250 0.320312500 0.203125000 0.160156250 0.289062500 0.007812500 0.199218750 0.226562500 0.281250000 0.183593750 0.257812500 0.082031250 0.050781250 0.191406250 0.218750000 0.312500000 0.218750000 0.085937500 0.406250000 0.265625000 0.769531250 0.742187500 0.640625000 1.671875000 0.402343750 0.242187500 0.535156250 0.261718750 0.074218750 0.230468750 0.246093750 0.113281250 0.070312500 0.101562500 0.312500000 0.378906250 0.324218750 0.261718750 0.132812500 0.167968750 0.046875000 0.164062500 0.140625000 0.117187500 0.375000000 0.222656250 0.234375000 0.140625000 0.257812500 0.195312500 0.191406250 0.050781250 0.062500000 0.160156250 0.125000000 0.054687500 0.031250000 0.046875000 0.066406250 0.042968750 0.070312500 0.054687500 0.042968750 0.019531250 0.058593750 0.058593750 0.054687500 0.078125000 0.023437500 0.015625000 0.054687500 0.000000000 0.027343750 0.003906250 0.062500000 0.031250000 0.035156250 0.050781250 0.042968750 0.007812500 0.011718750 0.050781250 0.027343750 0.027343750 0.089843750 0.023437500 0.035156250 0.015625000 0.027343750 0.023437500 0.085937500 0.074218750 0.058593750 0.000000000 0.019531250 0.039062500 0.039062500 0.015625000 0.054687500 0.035156250 0.089843750 0.074218750 0.078125000 0.019531250 0.027343750 0.046875000 0.019531250 0.070312500 0.039062500 0.011718750 0.050781250 0.035156250 0.027343750 0.078125000 0.007812500 0.023437500 0.042968750 0.046875000 0.066406250 0.031250000 0.015625000 0.031250000 0.019531250 0.023437500 0.039062500 0.035156250 0.050781250 0.039062500 0.031250000 0.046875000 0.050781250 0.031250000 0.042968750 0.058593750 0.031250000 0.062500000 0.058593750 0.035156250 0.058593750 0.097656250 0.074218750 0.015625000 0.117187500 0.070312500 0.125000000 0.238281250 0.078125000 0.109375000 0.035156250 0.218750000 0.042968750 0.062500000 0.054687500 0.054687500 0.136718750 0.113281250 0.070312500 0.042968750 0.046875000 0.031250000 0.031250000 0.019531250 0.050781250 0.074218750 0.109375000 0.085937500 0.046875000 0.023437500 0.046875000 0.128906250 0.058593750 0.042968750 0.027343750 0.070312500 0.023437500 0.023437500 0.019531250 0.027343750 0.035156250 0.046875000 0.050781250 0.039062500 0.046875000 0.046875000 0.027343750 0.031250000 0.039062500 0.007812500 0.070312500 0.042968750 0.019531250 0.039062500 0.070312500 0.066406250 0.027343750 0.042968750 0.011718750 0.054687500 0.015625000 0.070312500 0.058593750 0.089843750 0.105468750 0.085937500 0.085937500 0.035156250 0.042968750 0.027343750 0.035156250 0.015625000 0.039062500 0.035156250 0.011718750 0.023437500 0.031250000 0.019531250 0.031250000 0.019531250 0.039062500 0.011718750 0.039062500 0.000000000 
0.496093750 1.191406250 0.691406250 0.750000000 3.625000000 1.718750000 0.441406250 0.542968750 2.976562500 2.542968750 1.574218750 0.832031250 0.828125000 1.054687500 0.804687500 0.070312500 5.898437500 4.644531250 1.824218750 1.437500000 0.671875000 0.656250000 0.066406250 0.371093750 0.769531250 0.839843750 0.148437500 0.136718750 0.207031250 0.160156250 0.328125000 0.078125000 0.179687500 0.128906250 0.242187500 0.160156250 0.171875000 0.261718750 0.265625000 0.160156250 0.203125000 0.144531250 0.222656250 0.292968750 0.121093750 0.125000000 0.164062500 0.097656250 0.054687500 0.117187500 0.210937500 0.277343750 0.042968750 0.320312500 0.234375000 0.515625000 0.656250000 0.769531250 1.000000000 0.273437500 0.257812500 0.218750000 0.230468750 0.082031250 0.121093750 0.156250000 0.085937500 0.140625000 0.093750000 0.234375000 0.152343750 0.308593750 0.214843750 0.085937500 0.058593750 0.113281250 0.148437500 0.191406250 0.074218750 0.183593750 0.125000000 0.253906250 0.144531250 0.203125000 0.167968750 0.140625000 0.125000000 0.039062500 0.066406250 0.128906250 0.039062500 0.042968750 0.074218750 0.066406250 0.070312500 0.011718750 0.058593750 0.027343750 0.023437500 0.070312500 0.039062500 0.042968750 0.062500000 0.031250000 0.027343750 0.035156250 0.054687500 0.046875000 0.054687500 0.050781250 0.031250000 0.035156250 0.007812500 0.074218750 0.011718750 0.046875000 0.027343750 0.031250000 0.031250000 0.085937500 0.027343750 0.035156250 0.035156250 0.015625000 0.050781250 0.050781250 0.066406250 0.054687500 0.019531250 0.031250000 0.027343750 0.054687500 0.031250000 0.085937500 0.050781250 0.050781250 0.070312500 0.046875000 0.023437500 0.058593750 0.027343750 0.035156250 0.074218750 0.023437500 0.039062500 0.058593750 0.031250000 0.023437500 0.042968750 0.023437500 0.039062500 0.019531250 0.031250000 0.046875000 0.054687500 0.023437500 0.062500000 0.015625000 0.019531250 0.015625000 0.031250000 0.050781250 0.046875000 0.023437500 0.031250000 0.027343750 0.035156250 0.019531250 0.054687500 0.042968750 0.046875000 0.027343750 0.039062500 0.050781250 0.082031250 0.035156250 0.078125000 0.050781250 0.074218750 0.050781250 0.128906250 0.089843750 0.074218750 0.097656250 0.125000000 0.093750000 0.046875000 0.082031250 0.046875000 0.042968750 0.031250000 0.023437500 0.082031250 0.042968750 0.058593750 0.015625000 0.019531250 0.039062500 0.039062500 0.039062500 0.039062500 0.054687500 0.027343750 0.027343750 0.062500000 0.031250000 0.070312500 0.023437500 0.019531250 0.042968750 0.027343750 0.011718750 0.019531250 0.015625000 0.070312500 0.039062500 0.019531250 0.015625000 0.011718750 0.023437500 0.007812500 0.050781250 0.015625000 0.035156250 0.078125000 0.019531250 0.031250000 0.058593750 0.019531250 0.042968750 0.035156250 0.046875000 0.035156250 0.027343750 0.097656250 0.031250000 0.078125000 0.070312500 0.074218750 0.031250000 0.058593750 0.031250000 0.023437500 0.035156250 0.027343750 0.039062500 0.023437500 0.046875000 0.019531250 0.050781250 0.027343750 0.031250000 0.011718750 0.066406250 0.003906250 0.042968750 0.027343750 
1.281250000 0.796875000 0.480468750 1.492187500 1.839843750 1.441406250 0.796875000 0.667968750 1.222656250 1.785156250 1.660156250 0.687500000 0.722656250 1.000000000 0.437500000 2.093750000 3.222656250 2.882812500 1.535156250 0.429687500 0.304687500 0.175781250 0.378906250 0.363281250 0.316406250 0.449218750 0.441406250 0.222656250 0.023437500 0.046875000 0.105468750 0.207031250 0.101562500 0.113281250 0.230468750 0.179687500 0.062500000 0.238281250 0.257812500 0.078125000 0.207031250 0.191406250 0.035156250 0.160156250 0.097656250 0.082031250 0.144531250 0.144531250 0.078125000 0.160156250 0.234375000 0.093750000 0.128906250 0.164062500 0.199218750 0.429687500 0.617187500 0.781250000 0.773437500 0.503906250 0.187500000 0.085937500 0.144531250 0.187500000 0.097656250 0.113281250 0.167968750 0.113281250 0.027343750 0.078125000 0.140625000 0.109375000 0.070312500 0.105468750 0.062500000 0.027343750 0.082031250 0.125000000 0.160156250 0.171875000 0.164062500 0.105468750 0.046875000 0.078125000 0.113281250 0.136718750 0.093750000 0.031250000 0.101562500 0.097656250 0.042968750 0.046875000 0.031250000 0.027343750 0.050781250 0.035156250 0.046875000 0.050781250 0.035156250 0.054687500 0.039062500 0.042968750 0.050781250 0.019531250 0.019531250 0.027343750 0.031250000 0.031250000 0.015625000 0.027343750 0.015625000 0.019531250 0.023437500 0.019531250 0.042968750 0.035156250 0.007812500 0.015625000 0.031250000 0.050781250 0.046875000 0.042968750 0.035156250 0.039062500 0.054687500 0.039062500 0.046875000 0.042968750 0.000000000 0.027343750 0.011718750 0.027343750 0.027343750 0.027343750 0.058593750 0.050781250 0.042968750 0.054687500 0.027343750 0.027343750 0.050781250 0.015625000 0.042968750 0.054687500 0.027343750 0.058593750 0.042968750 0.027343750 0.050781250 0.015625000 0.035156250 0.039062500 0.007812500 0.039062500 0.039062500 0.039062500 0.023437500 0.015625000 0.027343750 0.015625000 0.011718750 0.003906250 0.015625000 0.023437500 0.019531250 0.023437500 0.031250000 0.015625000 0.035156250 0.046875000 0.027343750 0.007812500 0.019531250 0.050781250 0.066406250 0.066406250 0.046875000 0.007812500 0.031250000 0.023437500 0.042968750 0.058593750 0.101562500 0.136718750 0.109375000 0.062500000 0.027343750 0.019531250 0.046875000 0.027343750 0.019531250 0.027343750 0.062500000 0.062500000 0.023437500 0.019531250 0.007812500 0.027343750 0.046875000 0.054687500 0.042968750 0.027343750 0.050781250 0.015625000 0.046875000 0.066406250 0.031250000 0.015625000 0.011718750 0.019531250 0.023437500 0.011718750 0.019531250 0.035156250 0.050781250 0.039062500 0.011718750 0.007812500 0.011718750 0.011718750 0.019531250 0.035156250 0.019531250 0.039062500 0.062500000 0.042968750 0.007812500 0.039062500 0.035156250 0.011718750 0.015625000 0.015625000 0.035156250 0.011718750 0.046875000 0.074218750 0.054687500 0.027343750 0.023437500 0.054687500 0.054687500 0.007812500 0.042968750 0.042968750 0.019531250 0.023437500 0.007812500 0.019531250 0.039062500 0.031250000 0.015625000 0.019531250 0.027343750 0.050781250 0.046875000 0.015625000 0.015625000 
0.421875000 0.429687500 0.445312500 0.472656250 0.511718750 0.554687500 0.605468750 0.656250000 0.707031250 0.753906250 0.792968750 0.824218750 0.843750000 0.847656250 0.839843750 0.812500000 0.773437500 0.722656250 0.656250000 0.585937500 0.511718750 0.437500000 0.371093750 0.316406250 0.277343750 0.253906250 0.242187500 0.234375000 0.226562500 0.210937500 0.195312500 0.171875000 0.148437500 0.132812500 0.121093750 0.125000000 0.128906250 0.132812500 0.136718750 0.128906250 0.117187500 0.101562500 0.078125000 0.050781250 0.027343750 0.015625000 0.027343750 0.042968750 0.054687500 0.058593750 0.058593750 0.054687500 0.050781250 0.050781250 0.054687500 0.066406250 0.078125000 0.085937500 0.093750000 0.093750000 0.093750000 0.085937500 0.078125000 0.066406250 0.050781250 0.035156250 0.019531250 0.007812500 0.011718750 0.019531250 0.027343750 0.031250000 0.031250000 0.031250000 0.027343750 0.023437500 0.015625000 0.015625000 0.019531250 0.027343750 0.035156250 0.042968750 0.046875000 0.054687500 0.054687500 0.058593750 0.054687500 0.054687500 0.050781250 0.046875000 0.042968750 0.039062500 0.039062500 0.035156250 0.031250000 0.027343750 0.023437500 0.019531250 0.015625000 0.011718750 0.011718750 0.007812500 0.007812500 0.007812500 0.011718750 0.011718750 0.011718750 0.011718750 0.011718750 0.011718750 0.011718750 0.011718750 0.011718750 0.011718750 0.011718750 0.011718750 0.011718750 0.011718750 0.007812500 0.007812500 0.003906250 0.003906250 0.003906250 0.007812500 0.011718750 0.015625000 0.023437500 0.023437500 0.027343750 0.031250000 0.031250000 0.031250000 0.031250000 0.027343750 0.027343750 0.023437500 0.023437500 0.023437500 0.019531250 0.019531250 0.019531250 0.019531250 0.023437500 0.023437500 0.023437500 0.023437500 0.023437500 0.023437500 0.023437500 0.019531250 0.019531250 0.015625000 0.011718750 0.007812500 0.003906250 0.003906250 0.007812500 0.007812500 0.007812500 0.011718750 0.011718750 0.007812500 0.007812500 0.007812500 0.007812500 0.011718750 0.011718750 0.011718750 0.011718750 0.007812500 0.007812500 0.007812500 0.003906250 0.003906250 0.000000000 0.003906250 0.007812500 0.007812500 0.011718750 0.015625000 0.015625000 0.019531250 0.019531250 0.019531250 0.015625000 0.011718750 0.007812500 0.003906250 0.003906250 0.007812500 0.011718750 0.015625000 0.019531250 0.019531250 0.019531250 0.015625000 0.007812500 0.003906250 0.007812500 0.011718750 0.019531250 0.023437500 0.031250000 0.031250000 0.031250000 0.031250000 0.027343750 0.023437500 0.015625000 0.011718750 0.007812500 0.003906250 0.000000000 0.003906250 0.003906250 0.003906250 0.003906250 0.003906250 0.007812500 0.007812500 0.011718750 0.011718750 0.011718750 0.011718750 0.015625000 0.015625000 0.015625000 0.019531250 0.019531250 0.019531250 0.023437500 0.023437500 0.023437500 0.023437500 0.019531250 0.019531250 0.019531250 0.019531250 0.023437500 0.019531250 0.019531250 0.019531250 0.019531250 0.015625000 0.011718750 0.011718750 0.007812500 0.007812500 0.007812500 0.003906250 0.003906250 0.007812500 0.007812500 0.007812500 0.007812500 0.007812500 0.007812500 
0.000000000 0.000000000 0.000000000 0.000000000 0.000000000 0.000000000 0.000000000 0.000000000 0.000000000 0.000000000 0.000000000 0.000000000 0.000000000 0.000000000 0.000000000 0.000000000 0.000000000 0.000000000 0.000000000 0.000000000 0.000000000 0.000000000 0.000000000 0.000000000 0.000000000 0.000000000 0.000000000 0.000000000 0.000000000 0.000000000 0.000000000 0.000000000 0.000000000 0.000000000 0.000000000 0.000000000 0.000000000 0.000000000 0.000000000 0.000000000 0.000000000 0.000000000 0.000000000 0.000000000 0.000000000 0.000000000 0.000000000 0.000000000 0.000000000 0.000000000 0.000000000 0.000000000 0.000000000 0.000000000 0.000000000 0.000000000 0.000000000 0.000000000 0.000000000 0.000000000 0.000000000 0.000000000 0.000000000 0.000000000 0.000000000 0.000000000 0.000000000 0.000000000 0.000000000 0.000000000 0.000000000 0.000000000 0.000000000 0.000000000 0.000000000 0.000000000 0.000000000 0.000000000 0.000000000 0.000000000 0.000000000 0.000000000 0.000000000 0.000000000 0.000000000 0.000000000 0.000000000 0.000000000 0.000000000 0.000000000 0.000000000 0.000000000 0.000000000 0.000000000 0.000000000 0.000000000 0.000000000 0.000000000 0.000000000 0.000000000 0.000000000 0.000000000 0.000000000 0.000000000 0.000000000 0.000000000 0.000000000 0.000000000 0.000000000 0.000000000 0.000000000 0.000000000 0.000000000 0.000000000 0.000000000 0.000000000 0.000000000 0.000000000 0.000000000 0.000000000 0.000000000 0.000000000 0.000000000 0.000000000 0.000000000 0.000000000 0.000000000 0.000000000 0.000000000 0.000000000 0.000000000 0.000000000 0.000000000 0.000000000 0.000000000 0.000000000 0.000000000 0.000000000 0.000000000 0.000000000 0.000000000 0.000000000 0.000000000 0.000000000 0.000000000 0.000000000 0.000000000 0.000000000 0.000000000 0.000000000 0.000000000 0.000000000 0.000000000 0.000000000 0.000000000 0.000000000 0.000000000 0.000000000 0.000000000 0.000000000 0.000000000 0.000000000 0.000000000 0.000000000 0.000000000 0.000000000 0.000000000 0.000000000 0.000000000 0.000000000 0.000000000 0.000000000 0.000000000 0.000000000 0.000000000 0.000000000 0.000000000 0.000000000 0.000000000 0.000000000 0.000000000 0.000000000 0.000000000 0.000000000 0.000000000 0.000000000 0.000000000 0.000000000 0.000000000 0.000000000 0.000000000 0.000000000 0.000000000 0.000000000 0.000000000 0.000000000 0.000000000 0.000000000 0.000000000 0.000000000 0.000000000 0.000000000 0.000000000 0.000000000 0.000000000 0.000000000 0.000000000 0.000000000 0.000000000 0.000000000 0.000000000 0.000000000 0.000000000 0.000000000 0.000000000 0.000000000 0.000000000 0.000000000 0.000000000 0.000000000 0.000000000 0.000000000 0.000000000 0.000000000 0.000000000 0.000000000 0.000000000 0.000000000 0.000000000 0.000000000 0.000000000 0.000000000 0.000000000 0.000000000 0.000000000 0.000000000 0.000000000 0.000000000 0.000000000 0.000000000 0.000000000 0.000000000 0.000000000 0.000000000 0.000000000 0.000000000 0.000000000 0.000000000 0.000000000 0.000000000 0.000000000 0.000000000 0.000000000 0.000000000 0.000000000 0.000000000 0.000000000 
0.000000000 0.000000000 0.000000000 0.000000000 0.000000000 0.000000000 0.000000000 0.000000000 0.000000000 0.000000000 0.000000000 0.000000000 0.000000000 0.000000000 0.000000000 0.000000000 0.000000000 0.000000000 0.000000000 0.000000000 0.000000000 0.000000000 0.000000000 0.000000000 0.000000000 0.000000000 0.000000000 0.000000000 0.000000000 0.000000000 0.000000000 0.000000000 0.000000000 0.000000000 0.000000000 0.000000000 0.000000000 0.000000000 0.000000000 0.000000000 0.000000000 0.000000000 0.000000000 0.000000000 0.000000000 0.000000000 0.000000000 0.000000000 0.000000000 0.000000000 0.000000000 0.000000000 0.000000000 0.000000000 0.000000000 0.000000000 0.000000000 0.000000000 0.000000000 0.000000000 0.000000000 0.000000000 0.000000000 0.000000000 0.000000000 0.000000000 0.000000000 0.000000000 0.000000000 0.000000000 0.000000000 0.000000000 0.000000000 0.000000000 0.000000000 0.000000000 0.000000000 0.000000000 0.000000000 0.000000000 0.000000000 0.000000000 0.000000000 0.000000000 0.000000000 0.000000000 0.000000000 0.000000000 0.000000000 0.000000000 0.000000000 0.000000000 0.000000000 0.000000000 0.000000000 0.000000000 0.000000000 0.000000000 0.000000000 0.000000000 0.000000000 0.000000000 0.000000000 0.000000000 0.000000000 0.000000000 0.000000000 0.000000000 0.000000000 0.000000000 0.000000000 0.000000000 0.000000000 0.000000000 0.000000000 0.000000000 0.000000000 0.000000000 0.000000000 0.000000000 0.000000000 0.000000000 0.000000000 0.000000000 0.000000000 0.000000000 0.000000000 0.000000000 0.000000000 0.000000000 0.000000000 0.000000000 0.000000000 0.000000000 0.000000000 0.000000000 0.000000000 0.000000000 0.000000000 0.000000000 0.000000000 0.000000000 0.000000000 0.000000000 0.000000000 0.000000000 0.000000000 0.000000000 0.000000000 0.000000000 0.000000000 0.000000000 0.000000000 0.000000000 0.000000000 0.000000000 0.000000000 0.000000000 0.000000000 0.000000000 0.000000000 0.000000000 0.000000000 0.000000000 0.000000000 0.000000000 0.000000000 0.000000000 0.000000000 0.000000000 0.000000000 0.000000000 0.000000000 0.000000000 0.000000000 0.000000000 0.000000000 0.000000000 0.000000000 0.000000000 0.000000000 0.000000000 0.000000000 0.000000000 0.000000000 0.000000000 0.000000000 0.000000000 0.000000000 0.000000000 0.000000000 0.000000000 0.000000000 0.000000000 0.000000000 0.000000000 0.000000000 0.000000000 0.000000000 0.000000000 0.000000000 0.000000000 0.000000000 0.000000000 0.000000000 0.000000000 0.000000000 0.000000000 0.000000000 0.000000000 0.000000000 0.000000000 0.000000000 0.000000000 0.000000000 0.000000000 0.000000000 0.000000000 0.000000000 0.000000000 0.000000000 0.000000000 0.000000000 0.000000000 0.000000000 0.000000000 0.000000000 0.000000000 0.000000000 0.000000000 0.000000000 0.000000000 0.000000000 0.000000000 0.000000000 0.000000000 0.000000000 0.000000000 0.000000000 0.000000000 0.000000000 0.000000000 0.000000000 0.000000000 0.000000000 0.000000000 0.000000000 0.000000000 0.000000000 0.000000000 0.000000000 0.000000000 0.000000000 0.000000000 0.000000000 0.000000000 0.000000000 
0.000000000 0.000000000 0.000000000 0.000000000 0.000000000 0.000000000 0.000000000 0.000000000 0.000000000 0.000000000 0.000000000 0.000000000 0.000000000 0.000000000 0.000000000 0.000000000 0.000000000 0.000000000 0.000000000 0.000000000 0.000000000 0.000000000 0.000000000 0.000000000 0.000000000 0.000000000 0.000000000 0.000000000 0.000000000 0.000000000 0.000000000 0.000000000 0.000000000 0.000000000 0.000000000 0.000000000 0.000000000 0.000000000 0.000000000 0.000000000 0.000000000 0.000000000 0.000000000 0.000000000 0.000000000 0.000000000 0.000000000 0.000000000 0.000000000 0.000000000 0.000000000 0.000000000 0.000000000 0.000000000 0.000000000 0.000000000 0.000000000 0.000000000 0.000000000 0.000000000 0.000000000 0.000000000 0.000000000 0.000000000 0.000000000 0.000000000 0.000000000 0.000000000 0.000000000 0.000000000 0.000000000 0.000000000 0.000000000 0.000000000 0.000000000 0.000000000 0.000000000 0.000000000 0.000000000 0.000000000 0.000000000 0.000000000 0.000000000 0.000000000 0.000000000 0.000000000 0.000000000 0.000000000 0.000000000 0.000000000 0.000000000 0.000000000 0.000000000 0.000000000 0.000000000 0.000000000 0.000000000 0.000000000 0.000000000 0.000000000 0.000000000 0.000000000 0.000000000 0.000000000 0.000000000 0.000000000 0.000000000 0.000000000 0.000000000 0.000000000 0.000000000 0.000000000 0.000000000 0.000000000 0.000000000 0.000000000 0.000000000 0.000000000 0.000000000 0.000000000 0.000000000 0.000000000 0.000000000 0.000000000 0.000000000 0.000000000 0.000000000 0.000000000 0.000000000 0.000000000 0.000000000 0.000000000 0.000000000 0.000000000 0.000000000 0.000000000 0.000000000 0.000000000 0.000000000 0.000000000 0.000000000 0.000000000 0.000000000 0.000000000 0.000000000 0.000000000 0.000000000 0.000000000 0.000000000 0.000000000 0.000000000 0.000000000 0.000000000 0.000000000 0.000000000 0.000000000 0.000000000 0.000000000 0.000000000 0.000000000 0.000000000 0.000000000 0.000000000 0.000000000 0.000000000 0.000000000 0.000000000 0.000000000 0.000000000 0.000000000 0.000000000 0.000000000 0.000000000 0.000000000 0.000000000 0.000000000 0.000000000 0.000000000 0.000000000 0.000000000 0.000000000 0.000000000 0.000000000 0.000000000 0.000000000 0.000000000 0.000000000 0.000000000 0.000000000 0.000000000 0.000000000 0.000000000 0.000000000 0.000000000 0.000000000 0.000000000 0.000000000 0.000000000 0.000000000 0.000000000 0.000000000 0.000000000 0.000000000 0.000000000 0.000000000 0.000000000 0.000000000 0.000000000 0.000000000 0.000000000 0.000000000 0.000000000 0.000000000 0.000000000 0.000000000 0.000000000 0.000000000 0.000000000 0.000000000 0.000000000 0.000000000 0.000000000 0.000000000 0.000000000 0.000000000 0.000000000 0.000000000 0.000000000 0.000000000 0.000000000 0.000000000 0.000000000 0.000000000 0.000000000 0.000000000 0.000000000 0.000000000 0.000000000 0.000000000 0.000000000 0.000000000 0.000000000 0.000000000 0.000000000 0.000000000 0.000000000 0.000000000 0.000000000 0.000000000 0.000000000 0.000000000 0.000000000 0.000000000 0.000000000 0.000000000 0.000000000 0.000000000 
0.000000000 0.000000000 0.000000000 0.000000000 0.000000000 0.000000000 0.000000000 0.000000000 0.000000000 0.000000000 0.000000000 0.000000000 0.000000000 0.000000000 0.000000000 0.000000000 0.000000000 0.000000000 0.000000000 0.000000000 0.000000000 0.000000000 0.000000000 0.000000000 0.000000000 0.000000000 0.000000000 0.000000000 0.000000000 0.000000000 0.000000000 0.000000000 0.000000000 0.000000000 0.000000000 0.000000000 0.000000000 0.000000000 0.000000000 0.000000000 0.000000000 0.000000000 0.000000000 0.000000000 0.000000000 0.000000000 0.000000000 0.000000000 0.000000000 0.000000000 0.000000000 0.000000000 0.000000000 0.000000000 0.000000000 0.000000000 0.000000000 0.000000000 0.000000000 0.000000000 0.000000000 0.000000000 0.000000000 0.000000000 0.000000000 0.000000000 0.000000000 0.000000000 0.000000000 0.000000000 0.000000000 0.000000000 0.000000000 0.000000000 0.000000000 0.000000000 0.000000000 0.000000000 0.000000000 0.000000000 0.000000000 0.000000000 0.000000000 0.000000000 0.000000000 0.000000000 0.000000000 0.000000000 0.000000000 0.000000000 0.000000000 0.000000000 0.000000000 0.000000000 0.000000000 0.000000000 0.000000000 0.000000000 0.000000000 0.000000000 0.000000000 0.000000000 0.000000000 0.000000000 0.000000000 0.000000000 0.000000000 0.000000000 0.000000000 0.000000000 0.000000000 0.000000000 0.000000000 0.000000000 0.000000000 0.000000000 0.000000000 0.000000000 0.000000000 0.000000000 0.000000000 0.000000000 0.000000000 0.000000000 0.000000000 0.000000000 0.000000000 0.000000000 0.000000000 0.000000000 0.000000000 0.000000000 0.000000000 0.000000000 0.000000000 0.000000000 0.000000000 0.000000000 0.000000000 0.000000000 0.000000000 0.000000000 0.000000000 0.000000000 0.000000000 0.000000000 0.000000000 0.000000000 0.000000000 0.000000000 0.000000000 0.000000000 0.000000000 0.000000000 0.000000000 0.000000000 0.000000000 0.000000000 0.000000000 0.000000000 0.000000000 0.000000000 0.000000000 0.000000000 0.000000000 0.000000000 0.000000000 0.000000000 0.000000000 0.000000000 0.000000000 0.000000000 0.000000000 0.000000000 0.000000000 0.000000000 0.000000000 0.000000000 0.000000000 0.000000000 0.000000000 0.000000000 0.000000000 0.000000000 0.000000000 0.000000000 0.000000000 0.000000000 0.000000000 0.000000000 0.000000000 0.000000000 0.000000000 0.000000000 0.000000000 0.000000000 0.000000000 0.000000000 0.000000000 0.000000000 0.000000000 0.000000000 0.000000000 0.000000000 0.000000000 0.000000000 0.000000000 0.000000000 0.000000000 0.000000000 0.000000000 0.000000000 0.000000000 0.000000000 0.000000000 0.000000000 0.000000000 0.000000000 0.000000000 0.000000000 0.000000000 0.000000000 0.000000000 0.000000000 0.000000000 0.000000000 0.000000000 0.000000000 0.000000000 0.000000000 0.000000000 0.000000000 0.000000000 0.000000000 0.000000000 0.000000000 0.000000000 0.000000000 0.000000000 0.000000000 0.000000000 0.000000000 0.000000000 0.000000000 0.000000000 0.000000000 0.000000000 0.000000000 0.000000000 0.000000000 0.000000000 0.000000000 0.000000000 0.000000000 0.000000000 0.000000000 0.000000000 
0.000000000 0.000000000 0.000000000 0.000000000 0.000000000 0.000000000 0.000000000 0.000000000 0.000000000 0.000000000 0.000000000 0.000000000 0.000000000 0.000000000 0.000000000 0.000000000 0.000000000 0.000000000 0.000000000 0.000000000 0.000000000 0.000000000 0.000000000 0.000000000 0.000000000 0.000000000 0.000000000 0.000000000 0.000000000 0.000000000 0.000000000 0.000000000 0.000000000 0.000000000 0.000000000 0.000000000 0.000000000 0.000000000 0.000000000 0.000000000 0.000000000 0.000000000 0.000000000 0.000000000 0.000000000 0.000000000 0.000000000 0.000000000 0.000000000 0.000000000 0.000000000 0.000000000 0.000000000 0.000000000 0.000000000 0.000000000 0.000000000 0.000000000 0.000000000 0.000000000 0.000000000 0.000000000 0.000000000 0.000000000 0.000000000 0.000000000 0.000000000 0.000000000 0.000000000 0.000000000 0.000000000 0.000000000 0.000000000 0.000000000 0.000000000 0.000000000 0.000000000 0.000000000 0.000000000 0.000000000 0.000000000 0.000000000 0.000000000 0.000000000 0.000000000 0.000000000 0.000000000 0.000000000 0.000000000 0.000000000 0.000000000 0.000000000 0.000000000 0.000000000 0.000000000 0.000000000 0.000000000 0.000000000 0.000000000 0.000000000 0.000000000 0.000000000 0.000000000 0.000000000 0.000000000 0.000000000 0.000000000 0.000000000 0.000000000 0.000000000 0.000000000 0.000000000 0.000000000 0.000000000 0.000000000 0.000000000 0.000000000 0.000000000 0.000000000 0.000000000 0.000000000 0.000000000 0.000000000 0.000000000 0.000000000 0.000000000 0.000000000 0.000000000 0.000000000 0.000000000 0.000000000 0.000000000 0.000000000 0.000000000 0.000000000 0.000000000 0.000000000 0.000000000 0.000000000 0.000000000 0.000000000 0.000000000 0.000000000 0.000000000 0.000000000 0.000000000 0.000000000 0.000000000 0.000000000 0.000000000 0.000000000 0.000000000 0.000000000 0.000000000 0.000000000 0.000000000 0.000000000 0.000000000 0.000000000 0.000000000 0.000000000 0.000000000 0.000000000 0.000000000 0.000000000 0.000000000 0.000000000 0.000000000 0.000000000 0.000000000 0.000000000 0.000000000 0.000000000 0.000000000 0.000000000 0.000000000 0.000000000 0.000000000 0.000000000 0.000000000 0.000000000 0.000000000 0.000000000 0.000000000 0.000000000 0.000000000 0.000000000 0.000000000 0.000000000 0.000000000 0.000000000 0.000000000 0.000000000 0.000000000 0.000000000 0.000000000 0.000000000 0.000000000 0.000000000 0.000000000 0.000000000 0.000000000 0.000000000 0.000000000 0.000000000 0.000000000 0.000000000 0.000000000 0.000000000 0.000000000 0.000000000 0.000000000 0.000000000 0.000000000 0.000000000 0.000000000 0.000000000 0.000000000 0.000000000 0.000000000 0.000000000 0.000000000 0.000000000 0.000000000 0.000000000 0.000000000 0.000000000 0.000000000 0.000000000 0.000000000 0.000000000 0.000000000 0.000000000 0.000000000 0.000000000 0.000000000 0.000000000 0.000000000 0.000000000 0.000000000 0.000000000 0.000000000 0.000000000 0.000000000 0.000000000 0.000000000 0.000000000 0.000000000 0.000000000 0.000000000 0.000000000 0.000000000 0.000000000 0.000000000 0.000000000 0.000000000 0.000000000 
0.000000000 0.000000000 0.000000000 0.000000000 0.000000000 0.000000000 0.000000000 0.000000000 0.000000000 0.000000000 0.000000000 0.000000000 0.000000000 0.000000000 0.000000000 0.000000000 0.000000000 0.000000000 0.000000000 0.000000000 0.000000000 0.000000000 0.000000000 0.000000000 0.000000000 0.000000000 0.000000000 0.000000000 0.000000000 0.000000000 0.000000000 0.000000000 0.000000000 0.000000000 0.000000000 0.000000000 0.000000000 0.000000000 0.000000000 0.000000000 0.000000000 0.000000000 0.000000000 0.000000000 0.000000000 0.000000000 0.000000000 0.000000000 0.000000000 0.000000000 0.000000000 0.000000000 0.000000000 0.000000000 0.000000000 0.000000000 0.000000000 0.000000000 0.000000000 0.000000000 0.000000000 0.000000000 0.000000000 0.000000000 0.000000000 0.000000000 0.000000000 0.000000000 0.000000000 0.000000000 0.000000000 0.000000000 0.000000000 0.000000000 0.000000000 0.000000000 0.000000000 0.000000000 0.000000000 0.000000000 0.000000000 0.000000000 0.000000000 0.000000000 0.000000000 0.000000000 0.000000000 0.000000000 0.000000000 0.000000000 0.000000000 0.000000000 0.000000000 0.000000000 0.000000000 0.000000000 0.000000000 0.000000000 0.000000000 0.000000000 0.000000000 0.000000000 0.000000000 0.000000000 0.000000000 0.000000000 0.000000000 0.000000000 0.000000000 0.000000000 0.000000000 0.000000000 0.000000000 0.000000000 0.000000000 0.000000000 0.000000000 0.000000000 0.000000000 0.000000000 0.000000000 0.000000000 0.000000000 0.000000000 0.000000000 0.000000000 0.000000000 0.000000000 0.000000000 0.000000000 0.000000000 0.000000000 0.000000000 0.000000000 0.000000000 0.000000000 0.000000000 0.000000000 0.000000000 0.000000000 0.000000000 0.000000000 0.000000000 0.000000000 0.000000000 0.000000000 0.000000000 0.000000000 0.000000000 0.000000000 0.000000000 0.000000000 0.000000000 0.000000000 0.000000000 0.000000000 0.000000000 0.000000000 0.000000000 0.000000000 0.000000000 0.000000000 0.000000000 0.000000000 0.000000000 0.000000000 0.000000000 0.000000000 0.000000000 0.000000000 0.000000000 0.000000000 0.000000000 0.000000000 0.000000000 0.000000000 0.000000000 0.000000000 0.000000000 0.000000000 0.000000000 0.000000000 0.000000000 0.000000000 0.000000000 0.000000000 0.000000000 0.000000000 0.000000000 0.000000000 0.000000000 0.000000000 0.000000000 0.000000000 0.000000000 0.000000000 0.000000000 0.000000000 0.000000000 0.000000000 0.000000000 0.000000000 0.000000000 0.000000000 0.000000000 0.000000000 0.000000000 0.000000000 0.000000000 0.000000000 0.000000000 0.000000000 0.000000000 0.000000000 0.000000000 0.000000000 0.000000000 0.000000000 0.000000000 0.000000000 0.000000000 0.000000000 0.000000000 0.000000000 0.000000000 0.000000000 0.000000000 0.000000000 0.000000000 0.000000000 0.000000000 0.000000000 0.000000000 0.000000000 0.000000000 0.000000000 0.000000000 0.000000000 0.000000000 0.000000000 0.000000000 0.000000000 0.000000000 0.000000000 0.000000000 0.000000000 0.000000000 0.000000000 0.000000000 0.000000000 0.000000000 0.000000000 0.000000000 0.000000000 0.000000000 0.000000000 0.000000000 
0.000000000 0.000000000 0.000000000 0.000000000 0.000000000 0.000000000 0.000000000 0.000000000 0.000000000 0.000000000 0.000000000 0.000000000 0.000000000 0.000000000 0.000000000 0.000000000 0.000000000 0.000000000 0.000000000 0.000000000 0.000000000 0.000000000 0.000000000 0.000000000 0.000000000 0.000000000 0.000000000 0.000000000 0.000000000 0.000000000 0.000000000 0.000000000 0.000000000 0.000000000 0.000000000 0.000000000 0.000000000 0.000000000 0.000000000 0.000000000 0.000000000 0.000000000 0.000000000 0.000000000 0.000000000 0.000000000 0.000000000 0.000000000 0.000000000 0.000000000 0.000000000 0.000000000 0.000000000 0.000000000 0.000000000 0.000000000 0.000000000 0.000000000 0.000000000 0.000000000 0.000000000 0.000000000 0.000000000 0.000000000 0.000000000 0.000000000 0.000000000 0.000000000 0.000000000 0.000000000 0.000000000 0.000000000 0.000000000 0.000000000 0.000000000 0.000000000 0.000000000 0.000000000 0.000000000 0.000000000 0.000000000 0.000000000 0.000000000 0.000000000 0.000000000 0.000000000 0.000000000 0.000000000 0.000000000 0.000000000 0.000000000 0.000000000 0.000000000 0.000000000 0.000000000 0.000000000 0.000000000 0.000000000 0.000000000 0.000000000 0.000000000 0.000000000 0.000000000 0.000000000 0.000000000 0.000000000 0.000000000 0.000000000 0.000000000 0.000000000 0.000000000 0.000000000 0.000000000 0.000000000 0.000000000 0.000000000 0.000000000 0.000000000 0.000000000 0.000000000 0.000000000 0.000000000 0.000000000 0.000000000 0.000000000 0.000000000 0.000000000 0.000000000 0.000000000 0.000000000 0.000000000 0.000000000 0.000000000 0.000000000 0.000000000 0.000000000 0.000000000 0.000000000 0.000000000 0.000000000 0.000000000 0.000000000 0.000000000 0.000000000 0.000000000 0.000000000 0.000000000 0.000000000 0.000000000 0.000000000 0.000000000 0.000000000 0.000000000 0.000000000 0.000000000 0.000000000 0.000000000 0.000000000 0.000000000 0.000000000 0.000000000 0.000000000 0.000000000 0.000000000 0.000000000 0.000000000 0.000000000 0.000000000 0.000000000 0.000000000 0.000000000 0.000000000 0.000000000 0.000000000 0.000000000 0.000000000 0.000000000 0.000000000 0.000000000 0.000000000 0.000000000 0.000000000 0.000000000 0.000000000 0.000000000 0.000000000 0.000000000 0.000000000 0.000000000 0.000000000 0.000000000 0.000000000 0.000000000 0.000000000 0.000000000 0.000000000 0.000000000 0.000000000 0.000000000 0.000000000 0.000000000 0.000000000 0.000000000 0.000000000 0.000000000 0.000000000 0.000000000 0.000000000 0.000000000 0.000000000 0.000000000 0.000000000 0.000000000 0.000000000 0.000000000 0.000000000 0.000000000 0.000000000 0.000000000 0.000000000 0.000000000 0.000000000 0.000000000 0.000000000 0.000000000 0.000000000 0.000000000 0.000000000 0.000000000 0.000000000 0.000000000 0.000000000 0.000000000 0.000000000 0.000000000 0.000000000 0.000000000 0.000000000 0.000000000 0.000000000 0.000000000 0.000000000 0.000000000 0.000000000 0.000000000 0.000000000 0.000000000 0.000000000 0.000000000 0.000000000 0.000000000 0.000000000 0.000000000 0.000000000 0.000000000 0.000000000 0.000000000 
0.000000000 0.000000000 0.000000000 0.000000000 0.000000000 0.000000000 0.000000000 0.000000000 0.000000000 0.000000000 0.000000000 0.000000000 0.000000000 0.000000000 0.000000000 0.000000000 0.000000000 0.000000000 0.000000000 0.000000000 0.000000000 0.000000000 0.000000000 0.000000000 0.000000000 0.000000000 0.000000000 0.000000000 0.000000000 0.000000000 0.000000000 0.000000000 0.000000000 0.000000000 0.000000000 0.000000000 0.000000000 0.000000000 0.000000000 0.000000000 0.000000000 0.000000000 0.000000000 0.000000000 0.000000000 0.000000000 0.000000000 0.000000000 0.000000000 0.000000000 0.000000000 0.000000000 0.000000000 0.000000000 0.000000000 0.000000000 0.000000000 0.000000000 0.000000000 0.000000000 0.000000000 0.000000000 0.000000000 0.000000000 0.000000000 0.000000000 0.000000000 0.000000000 0.000000000 0.000000000 0.000000000 0.000000000 0.000000000 0.000000000 0.000000000 0.000000000 0.000000000 0.000000000 0.000000000 0.000000000 0.000000000 0.000000000 0.000000000 0.000000000 0.000000000 0.000000000 0.000000000 0.000000000 0.000000000 0.000000000 0.000000000 0.000000000 0.000000000 0.000000000 0.000000000 0.000000000 0.000000000 0.000000000 0.000000000 0.000000000 0.000000000 0.000000000 0.000000000 0.000000000 0.000000000 0.000000000 0.000000000 0.000000000 0.000000000 0.000000000 0.000000000 0.000000000 0.000000000 0.000000000 0.000000000 0.000000000 0.000000000 0.000000000 0.000000000 0.000000000 0.000000000 0.000000000 0.000000000 0.000000000 0.000000000 0.000000000 0.000000000 0.000000000 0.000000000 0.000000000 0.000000000 0.000000000 0.000000000 0.000000000 0.000000000 0.000000000 0.000000000 0.000000000 0.000000000 0.000000000 0.000000000 0.000000000 0.000000000 0.000000000 0.000000000 0.000000000 0.000000000 0.000000000 0.000000000 0.000000000 0.000000000 0.000000000 0.000000000 0.000000000 0.000000000 0.000000000 0.000000000 0.000000000 0.000000000 0.000000000 0.000000000 0.000000000 0.000000000 0.000000000 0.000000000 0.000000000 0.000000000 0.000000000 0.000000000 0.000000000 0.000000000 0.000000000 0.000000000 0.000000000 0.000000000 0.000000000 0.000000000 0.000000000 0.000000000 0.000000000 0.000000000 0.000000000 0.000000000 0.000000000 0.000000000 0.000000000 0.000000000 0.000000000 0.000000000 0.000000000 0.000000000 0.000000000 0.000000000 0.000000000 0.000000000 0.000000000 0.000000000 0.000000000 0.000000000 0.000000000 0.000000000 0.000000000 0.000000000 0.000000000 0.000000000 0.000000000 0.000000000 0.000000000 0.000000000 0.000000000 0.000000000 0.000000000 0.000000000 0.000000000 0.000000000 0.000000000 0.000000000 0.000000000 0.000000000 0.000000000 0.000000000 0.000000000 0.000000000 0.000000000 0.000000000 0.000000000 0.000000000 0.000000000 0.000000000 0.000000000 0.000000000 0.000000000 0.000000000 0.000000000 0.000000000 0.000000000 0.000000000 0.000000000 0.000000000 0.000000000 0.000000000 0.000000000 0.000000000 0.000000000 0.000000000 0.000000000 0.000000000 0.000000000 0.000000000 0.000000000 0.000000000 0.000000000 0.000000000 0.000000000 0.000000000 0.000000000 0.000000000 
0.000000000 0.000000000 0.000000000 0.000000000 0.000000000 0.000000000 0.000000000 0.000000000 0.000000000 0.000000000 0.000000000 0.000000000 0.000000000 0.000000000 0.000000000 0.000000000 0.000000000 0.000000000 0.000000000 0.000000000 0.000000000 0.000000000 0.000000000 0.000000000 0.000000000 0.000000000 0.000000000 0.000000000 0.000000000 0.000000000 0.000000000 0.000000000 0.000000000 0.000000000 0.000000000 0.000000000 0.000000000 0.000000000 0.000000000 0.000000000 0.000000000 0.000000000 0.000000000 0.000000000 0.000000000 0.000000000 0.000000000 0.000000000 0.000000000 0.000000000 0.000000000 0.000000000 0.000000000 0.000000000 0.000000000 0.000000000 0.000000000 0.000000000 0.000000000 0.000000000 0.000000000 0.000000000 0.000000000 0.000000000 0.000000000 0.000000000 0.000000000 0.000000000 0.000000000 0.000000000 0.000000000 0.000000000 0.000000000 0.000000000 0.000000000 0.000000000 0.000000000 0.000000000 0.000000000 0.000000000 0.000000000 0.000000000 0.000000000 0.000000000 0.000000000 0.000000000 0.000000000 0.000000000 0.000000000 0.000000000 0.000000000 0.000000000 0.000000000 0.000000000 0.000000000 0.000000000 0.000000000 0.000000000 0.000000000 0.000000000 0.000000000 0.000000000 0.000000000 0.000000000 0.000000000 0.000000000 0.000000000 0.000000000 0.000000000 0.000000000 0.000000000 0.000000000 0.000000000 0.000000000 0.000000000 0.000000000 0.000000000 0.000000000 0.000000000 0.000000000 0.000000000 0.000000000 0.000000000 0.000000000 0.000000000 0.000000000 0.000000000 0.000000000 0.000000000 0.000000000 0.000000000 0.000000000 0.000000000 0.000000000 0.000000000 0.000000000 0.000000000 0.000000000 0.000000000 0.000000000 0.000000000 0.000000000 0.000000000 0.000000000 0.000000000 0.000000000 0.000000000 0.000000000 0.000000000 0.000000000 0.000000000 0.000000000 0.000000000 0.000000000 0.000000000 0.000000000 0.000000000 0.000000000 0.000000000 0.000000000 0.000000000 0.000000000 0.000000000 0.000000000 0.000000000 0.000000000 0.000000000 0.000000000 0.000000000 0.000000000 0.000000000 0.000000000 0.000000000 0.000000000 0.000000000 0.000000000 0.000000000 0.000000000 0.000000000 0.000000000 0.000000000 0.000000000 0.000000000 0.000000000 0.000000000 0.000000000 0.000000000 0.000000000 0.000000000 0.000000000 0.000000000 0.000000000 0.000000000 0.000000000 0.000000000 0.000000000 0.000000000 0.000000000 0.000000000 0.000000000 0.000000000 0.000000000 0.000000000 0.000000000 0.000000000 0.000000000 0.000000000 0.000000000 0.000000000 0.000000000 0.000000000 0.000000000 0.000000000 0.000000000 0.000000000 0.000000000 0.000000000 0.000000000 0.000000000 0.000000000 0.000000000 0.000000000 0.000000000 0.000000000 0.000000000 0.000000000 0.000000000 0.000000000 0.000000000 0.000000000 0.000000000 0.000000000 0.000000000 0.000000000 0.000000000 0.000000000 0.000000000 0.000000000 0.000000000 0.000000000 0.000000000 0.000000000 0.000000000 0.000000000 0.000000000 0.000000000 0.000000000 0.000000000 0.000000000 0.000000000 0.000000000 0.000000000 0.000000000 0.000000000 0.000000000 0.000000000 0.000000000 
0.000000000 0.000000000 0.000000000 0.000000000 0.000000000 0.000000000 0.000000000 0.000000000 0.000000000 0.000000000 0.000000000 0.000000000 0.000000000 0.000000000 0.000000000 0.000000000 0.000000000 0.000000000 0.000000000 0.000000000 0.000000000 0.000000000 0.000000000 0.000000000 0.000000000 0.000000000 0.000000000 0.000000000 0.000000000 0.000000000 0.000000000 0.000000000 0.000000000 0.000000000 0.000000000 0.000000000 0.000000000 0.000000000 0.000000000 0.000000000 0.000000000 0.000000000 0.000000000 0.000000000 0.000000000 0.000000000 0.000000000 0.000000000 0.000000000 0.000000000 0.000000000 0.000000000 0.000000000 0.000000000 0.000000000 0.000000000 0.000000000 0.000000000 0.000000000 0.000000000 0.000000000 0.000000000 0.000000000 0.000000000 0.000000000 0.000000000 0.000000000 0.000000000 0.000000000 0.000000000 0.000000000 0.000000000 0.000000000 0.000000000 0.000000000 0.000000000 0.000000000 0.000000000 0.000000000 0.000000000 0.000000000 0.000000000 0.000000000 0.000000000 0.000000000 0.000000000 0.000000000 0.000000000 0.000000000 0.000000000 0.000000000 0.000000000 0.000000000 0.000000000 0.000000000 0.000000000 0.000000000 0.000000000 0.000000000 0.000000000 0.000000000 0.000000000 0.000000000 0.000000000 0.000000000 0.000000000 0.000000000 0.000000000 0.000000000 0.000000000 0.000000000 0.000000000 0.000000000 0.000000000 0.000000000 0.000000000 0.000000000 0.000000000 0.000000000 0.000000000 0.000000000 0.000000000 0.000000000 0.000000000 0.000000000 0.000000000 0.000000000 0.000000000 0.000000000 0.000000000 0.000000000 0.000000000 0.000000000 0.000000000 0.000000000 0.000000000 0.000000000 0.000000000 0.000000000 0.000000000 0.000000000 0.000000000 0.000000000 0.000000000 0.000000000 0.000000000 0.000000000 0.000000000 0.000000000 0.000000000 0.000000000 0.000000000 0.000000000 0.000000000 0.000000000 0.000000000 0.000000000 0.000000000 0.000000000 0.000000000 0.000000000 0.000000000 0.000000000 0.000000000 0.000000000 0.000000000 0.000000000 0.000000000 0.000000000 0.000000000 0.000000000 0.000000000 0.000000000 0.000000000 0.000000000 0.000000000 0.000000000 0.000000000 0.000000000 0.000000000 0.000000000 0.000000000 0.000000000 0.000000000 0.000000000 0.000000000 0.000000000 0.000000000 0.000000000 0.000000000 0.000000000 0.000000000 0.000000000 0.000000000 0.000000000 0.000000000 0.000000000 0.000000000 0.000000000 0.000000000 0.000000000 0.000000000 0.000000000 0.000000000 0.000000000 0.000000000 0.000000000 0.000000000 0.000000000 0.000000000 0.000000000 0.000000000 0.000000000 0.000000000 0.000000000 0.000000000 0.000000000 0.000000000 0.000000000 0.000000000 0.000000000 0.000000000 0.000000000 0.000000000 0.000000000 0.000000000 0.000000000 0.000000000 0.000000000 0.000000000 0.000000000 0.000000000 0.000000000 0.000000000 0.000000000 0.000000000 0.000000000 0.000000000 0.000000000 0.000000000 0.000000000 0.000000000 0.000000000 0.000000000 0.000000000 0.000000000 0.000000000 0.000000000 0.000000000 0.000000000 0.000000000 0.000000000 0.000000000 0.000000000 0.000000000 0.000000000 0.000000000 
0.000000000 0.000000000 0.000000000 0.000000000 0.000000000 0.000000000 0.000000000 0.000000000 0.000000000 0.000000000 0.000000000 0.000000000 0.000000000 0.000000000 0.000000000 0.000000000 0.000000000 0.000000000 0.000000000 0.000000000 0.000000000 0.000000000 0.000000000 0.000000000 0.000000000 0.000000000 0.000000000 0.000000000 0.000000000 0.000000000 0.000000000 0.000000000 0.000000000 0.000000000 0.000000000 0.000000000 0.000000000 0.000000000 0.000000000 0.000000000 0.000000000 0.000000000 0.000000000 0.000000000 0.000000000 0.000000000 0.000000000 0.000000000 0.000000000 0.000000000 0.000000000 0.000000000 0.000000000 0.000000000 0.000000000 0.000000000 0.000000000 0.000000000 0.000000000 0.000000000 0.000000000 0.000000000 0.000000000 0.000000000 0.000000000 0.000000000 0.000000000 0.000000000 0.000000000 0.000000000 0.000000000 0.000000000 0.000000000 0.000000000 0.000000000 0.000000000 0.000000000 0.000000000 0.000000000 0.000000000 0.000000000 0.000000000 0.000000000 0.000000000 0.000000000 0.000000000 0.000000000 0.000000000 0.000000000 0.000000000 0.000000000 0.000000000 0.000000000 0.000000000 0.000000000 0.000000000 0.000000000 0.000000000 0.000000000 0.000000000 0.000000000 0.000000000 0.000000000 0.000000000 0.000000000 0.000000000 0.000000000 0.000000000 0.000000000 0.000000000 0.000000000 0.000000000 0.000000000 0.000000000 0.000000000 0.000000000 0.000000000 0.000000000 0.000000000 0.000000000 0.000000000 0.000000000 0.000000000 0.000000000 0.000000000 0.000000000 0.000000000 0.000000000 0.000000000 0.000000000 0.000000000 0.000000000 0.000000000 0.000000000 0.000000000 0.000000000 0.000000000 0.000000000 0.000000000 0.000000000 0.000000000 0.000000000 0.000000000 0.000000000 0.000000000 0.000000000 0.000000000 0.000000000 0.000000000 0.000000000 0.000000000 0.000000000 0.000000000 0.000000000 0.000000000 0.000000000 0.000000000 0.000000000 0.000000000 0.000000000 0.000000000 0.000000000 0.000000000 0.000000000 0.000000000 0.000000000 0.000000000 0.000000000 0.000000000 0.000000000 0.000000000 0.000000000 0.000000000 0.000000000 0.000000000 0.000000000 0.000000000 0.000000000 0.000000000 0.000000000 0.000000000 0.000000000 0.000000000 0.000000000 0.000000000 0.000000000 0.000000000 0.000000000 0.000000000 0.000000000 0.000000000 0.000000000 0.000000000 0.000000000 0.000000000 0.000000000 0.000000000 0.000000000 0.000000000 0.000000000 0.000000000 0.000000000 0.000000000 0.000000000 0.000000000 0.000000000 0.000000000 0.000000000 0.000000000 0.000000000 0.000000000 0.000000000 0.000000000 0.000000000 0.000000000 0.000000000 0.000000000 0.000000000 0.000000000 0.000000000 0.000000000 0.000000000 0.000000000 0.000000000 0.000000000 0.000000000 0.000000000 0.000000000 0.000000000 0.000000000 0.000000000 0.000000000 0.000000000 0.000000000 0.000000000 0.000000000 0.000000000 0.000000000 0.000000000 0.000000000 0.000000000 0.000000000 0.000000000 0.000000000 0.000000000 0.000000000 0.000000000 0.000000000 0.000000000 0.000000000 0.000000000 0.000000000 0.000000000 0.000000000 0.000000000 0.000000000 0.000000000 
0.000000000 0.000000000 0.000000000 0.000000000 0.000000000 0.000000000 0.000000000 0.000000000 0.000000000 0.000000000 0.000000000 0.000000000 0.000000000 0.000000000 0.000000000 0.000000000 0.000000000 0.000000000 0.000000000 0.000000000 0.000000000 0.000000000 0.000000000 0.000000000 0.000000000 0.000000000 0.000000000 0.000000000 0.000000000 0.000000000 0.000000000 0.000000000 0.000000000 0.000000000 0.000000000 0.000000000 0.000000000 0.000000000 0.000000000 0.000000000 0.000000000 0.000000000 0.000000000 0.000000000 0.000000000 0.000000000 0.000000000 0.000000000 0.000000000 0.000000000 0.000000000 0.000000000 0.000000000 0.000000000 0.000000000 0.000000000 0.000000000 0.000000000 0.000000000 0.000000000 0.000000000 0.000000000 0.000000000 0.000000000 0.000000000 0.000000000 0.000000000 0.000000000 0.000000000 0.000000000 0.000000000 0.000000000 0.000000000 0.000000000 0.000000000 0.000000000 0.000000000 0.000000000 0.000000000 0.000000000 0.000000000 0.000000000 0.000000000 0.000000000 0.000000000 0.000000000 0.000000000 0.000000000 0.000000000 0.000000000 0.000000000 0.000000000 0.000000000 0.000000000 0.000000000 0.000000000 0.000000000 0.000000000 0.000000000 0.000000000 0.000000000 0.000000000 0.000000000 0.000000000 0.000000000 0.000000000 0.000000000 0.000000000 0.000000000 0.000000000 0.000000000 0.000000000 0.000000000 0.000000000 0.000000000 0.000000000 0.000000000 0.000000000 0.000000000 0.000000000 0.000000000 0.000000000 0.000000000 0.000000000 0.000000000 0.000000000 0.000000000 0.000000000 0.000000000 0.000000000 0.000000000 0.000000000 0.000000000 0.000000000 0.000000000 0.000000000 0.000000000 0.000000000 0.000000000 0.000000000 0.000000000 0.000000000 0.000000000 0.000000000 0.000000000 0.000000000 0.000000000 0.000000000 0.000000000 0.000000000 0.000000000 0.000000000 0.000000000 0.000000000 0.000000000 0.000000000 0.000000000 0.000000000 0.000000000 0.000000000 0.000000000 0.000000000 0.000000000 0.000000000 0.000000000 0.000000000 0.000000000 0.000000000 0.000000000 0.000000000 0.000000000 0.000000000 0.000000000 0.000000000 0.000000000 0.000000000 0.000000000 0.000000000 0.000000000 0.000000000 0.000000000 0.000000000 0.000000000 0.000000000 0.000000000 0.000000000 0.000000000 0.000000000 0.000000000 0.000000000 0.000000000 0.000000000 0.000000000 0.000000000 0.000000000 0.000000000 0.000000000 0.000000000 0.000000000 0.000000000 0.000000000 0.000000000 0.000000000 0.000000000 0.000000000 0.000000000 0.000000000 0.000000000 0.000000000 0.000000000 0.000000000 0.000000000 0.000000000 0.000000000 0.000000000 0.000000000 0.000000000 0.000000000 0.000000000 0.000000000 0.000000000 0.000000000 0.000000000 0.000000000 0.000000000 0.000000000 0.000000000 0.000000000 0.000000000 0.000000000 0.000000000 0.000000000 0.000000000 0.000000000 0.000000000 0.000000000 0.000000000 0.000000000 0.000000000 0.000000000 0.000000000 0.000000000 0.000000000 0.000000000 0.000000000 0.000000000 0.000000000 0.000000000 0.000000000 0.000000000 0.000000000 0.000000000 0.000000000 0.000000000 0.000000000 0.000000000 0.000000000 
0.000000000 0.000000000 0.000000000 0.000000000 0.000000000 0.000000000 0.000000000 0.000000000 0.000000000 0.000000000 0.000000000 0.000000000 0.000000000 0.000000000 0.000000000 0.000000000 0.000000000 0.000000000 0.000000000 0.000000000 0.000000000 0.000000000 0.000000000 0.000000000 0.000000000 0.000000000 0.000000000 0.000000000 0.000000000 0.000000000 0.000000000 0.000000000 0.000000000 0.000000000 0.000000000 0.000000000 0.000000000 0.000000000 0.000000000 0.000000000 0.000000000 0.000000000 0.000000000 0.000000000 0.000000000 0.000000000 0.000000000 0.000000000 0.000000000 0.000000000 0.000000000 0.000000000 0.000000000 0.000000000 0.000000000 0.000000000 0.000000000 0.000000000 0.000000000 0.000000000 0.000000000 0.000000000 0.000000000 0.000000000 0.000000000 0.000000000 0.000000000 0.000000000 0.000000000 0.000000000 0.000000000 0.000000000 0.000000000 0.000000000 0.000000000 0.000000000 0.000000000 0.000000000 0.000000000 0.000000000 0.000000000 0.000000000 0.000000000 0.000000000 0.000000000 0.000000000 0.000000000 0.000000000 0.000000000 0.000000000 0.000000000 0.000000000 0.000000000 0.000000000 0.000000000 0.000000000 0.000000000 0.000000000 0.000000000 0.000000000 0.000000000 0.000000000 0.000000000 0.000000000 0.000000000 0.000000000 0.000000000 0.000000000 0.000000000 0.000000000 0.000000000 0.000000000 0.000000000 0.000000000 0.000000000 0.000000000 0.000000000 0.000000000 0.000000000 0.000000000 0.000000000 0.000000000 0.000000000 0.000000000 0.000000000 0.000000000 0.000000000 0.000000000 0.000000000 0.000000000 0.000000000 0.000000000 0.000000000 0.000000000 0.000000000 0.000000000 0.000000000 0.000000000 0.000000000 0.000000000 0.000000000 0.000000000 0.000000000 0.000000000 0.000000000 0.000000000 0.000000000 0.000000000 0.000000000 0.000000000 0.000000000 0.000000000 0.000000000 0.000000000 0.000000000 0.000000000 0.000000000 0.000000000 0.000000000 0.000000000 0.000000000 0.000000000 0.000000000 0.000000000 0.000000000 0.000000000 0.000000000 0.000000000 0.000000000 0.000000000 0.000000000 0.000000000 0.000000000 0.000000000 0.000000000 0.000000000 0.000000000 0.000000000 0.000000000 0.000000000 0.000000000 0.000000000 0.000000000 0.000000000 0.000000000 0.000000000 0.000000000 0.000000000 0.000000000 0.000000000 0.000000000 0.000000000 0.000000000 0.000000000 0.000000000 0.000000000 0.000000000 0.000000000 0.000000000 0.000000000 0.000000000 0.000000000 0.000000000 0.000000000 0.000000000 0.000000000 0.000000000 0.000000000 0.000000000 0.000000000 0.000000000 0.000000000 0.000000000 0.000000000 0.000000000 0.000000000 0.000000000 0.000000000 0.000000000 0.000000000 0.000000000 0.000000000 0.000000000 0.000000000 0.000000000 0.000000000 0.000000000 0.000000000 0.000000000 0.000000000 0.000000000 0.000000000 0.000000000 0.000000000 0.000000000 0.000000000 0.000000000 0.000000000 0.000000000 0.000000000 0.000000000 0.000000000 0.000000000 0.000000000 0.000000000 0.000000000 0.000000000 0.000000000 0.000000000 0.000000000 0.000000000 0.000000000 0.000000000 0.000000000 0.000000000 0.000000000 0.000000000 
0.000000000 0.000000000 0.000000000 0.000000000 0.000000000 0.000000000 0.000000000 0.000000000 0.000000000 0.000000000 0.000000000 0.000000000 0.000000000 0.000000000 0.000000000 0.000000000 0.000000000 0.000000000 0.000000000 0.000000000 0.000000000 0.000000000 0.000000000 0.000000000 0.000000000 0.000000000 0.000000000 0.000000000 0.000000000 0.000000000 0.000000000 0.000000000 0.000000000 0.000000000 0.000000000 0.000000000 0.000000000 0.000000000 0.000000000 0.000000000 0.000000000 0.000000000 0.000000000 0.000000000 0.000000000 0.000000000 0.000000000 0.000000000 0.000000000 0.000000000 0.000000000 0.000000000 0.000000000 0.000000000 0.000000000 0.000000000 0.000000000 0.000000000 0.000000000 0.000000000 0.000000000 0.000000000 0.000000000 0.000000000 0.000000000 0.000000000 0.000000000 0.000000000 0.000000000 0.000000000 0.000000000 0.000000000 0.000000000 0.000000000 0.000000000 0.000000000 0.000000000 0.000000000 0.000000000 0.000000000 0.000000000 0.000000000 0.000000000 0.000000000 0.000000000 0.000000000 0.000000000 0.000000000 0.000000000 0.000000000 0.000000000 0.000000000 0.000000000 0.000000000 0.000000000 0.000000000 0.000000000 0.000000000 0.000000000 0.000000000 0.000000000 0.000000000 0.000000000 0.000000000 0.000000000 0.000000000 0.000000000 0.000000000 0.000000000 0.000000000 0.000000000 0.000000000 0.000000000 0.000000000 0.000000000 0.000000000 0.000000000 0.000000000 0.000000000 0.000000000 0.000000000 0.000000000 0.000000000 0.000000000 0.000000000 0.000000000 0.000000000 0.000000000 0.000000000 0.000000000 0.000000000 0.000000000 0.000000000 0.000000000 0.000000000 0.000000000 0.000000000 0.000000000 0.000000000 0.000000000 0.000000000 0.000000000 0.000000000 0.000000000 0.000000000 0.000000000 0.000000000 0.000000000 0.000000000 0.000000000 0.000000000 0.000000000 0.000000000 0.000000000 0.000000000 0.000000000 0.000000000 0.000000000 0.000000000 0.000000000 0.000000000 0.000000000 0.000000000 0.000000000 0.000000000 0.000000000 0.000000000 0.000000000 0.000000000 0.000000000 0.000000000 0.000000000 0.000000000 0.000000000 0.000000000 0.000000000 0.000000000 0.000000000 0.000000000 0.000000000 0.000000000 0.000000000 0.000000000 0.000000000 0.000000000 0.000000000 0.000000000 0.000000000 0.000000000 0.000000000 0.000000000 0.000000000 0.000000000 0.000000000 0.000000000 0.000000000 0.000000000 0.000000000 0.000000000 0.000000000 0.000000000 0.000000000 0.000000000 0.000000000 0.000000000 0.000000000 0.000000000 0.000000000 0.000000000 0.000000000 0.000000000 0.000000000 0.000000000 0.000000000 0.000000000 0.000000000 0.000000000 0.000000000 0.000000000 0.000000000 0.000000000 0.000000000 0.000000000 0.000000000 0.000000000 0.000000000 0.000000000 0.000000000 0.000000000 0.000000000 0.000000000 0.000000000 0.000000000 0.000000000 0.000000000 0.000000000 0.000000000 0.000000000 0.000000000 0.000000000 0.000000000 0.000000000 0.000000000 0.000000000 0.000000000 0.000000000 0.000000000 0.000000000 0.000000000 0.000000000 0.000000000 0.000000000 0.000000000 0.000000000 0.000000000 0.000000000 0.000000000 
0.000000000 0.000000000 0.000000000 0.000000000 0.000000000 0.000000000 0.000000000 0.000000000 0.000000000 0.000000000 0.000000000 0.000000000 0.000000000 0.000000000 0.000000000 0.000000000 0.000000000 0.000000000 0.000000000 0.000000000 0.000000000 0.000000000 0.000000000 0.000000000 0.000000000 0.000000000 0.000000000 0.000000000 0.000000000 0.000000000 0.000000000 0.000000000 0.000000000 0.000000000 0.000000000 0.000000000 0.000000000 0.000000000 0.000000000 0.000000000 0.000000000 0.000000000 0.000000000 0.000000000 0.000000000 0.000000000 0.000000000 0.000000000 0.000000000 0.000000000 0.000000000 0.000000000 0.000000000 0.000000000 0.000000000 0.000000000 0.000000000 0.000000000 0.000000000 0.000000000 0.000000000 0.000000000 0.000000000 0.000000000 0.000000000 0.000000000 0.000000000 0.000000000 0.000000000 0.000000000 0.000000000 0.000000000 0.000000000 0.000000000 0.000000000 0.000000000 0.000000000 0.000000000 0.000000000 0.000000000 0.000000000 0.000000000 0.000000000 0.000000000 0.000000000 0.000000000 0.000000000 0.000000000 0.000000000 0.000000000 0.000000000 0.000000000 0.000000000 0.000000000 0.000000000 0.000000000 0.000000000 0.000000000 0.000000000 0.000000000 0.000000000 0.000000000 0.000000000 0.000000000 0.000000000 0.000000000 0.000000000 0.000000000 0.000000000 0.000000000 0.000000000 0.000000000 0.000000000 0.000000000 0.000000000 0.000000000 0.000000000 0.000000000 0.000000000 0.000000000 0.000000000 0.000000000 0.000000000 0.000000000 0.000000000 0.000000000 0.000000000 0.000000000 0.000000000 0.000000000 0.000000000 0.000000000 0.000000000 0.000000000 0.000000000 0.000000000 0.000000000 0.000000000 0.000000000 0.000000000 0.000000000 0.000000000 0.000000000 0.000000000 0.000000000 0.000000000 0.000000000 0.000000000 0.000000000 0.000000000 0.000000000 0.000000000 0.000000000 0.000000000 0.000000000 0.000000000 0.000000000 0.000000000 0.000000000 0.000000000 0.000000000 0.000000000 0.000000000 0.000000000 0.000000000 0.000000000 0.000000000 0.000000000 0.000000000 0.000000000 0.000000000 0.000000000 0.000000000 0.000000000 0.000000000 0.000000000 0.000000000 0.000000000 0.000000000 0.000000000 0.000000000 0.000000000 0.000000000 0.000000000 0.000000000 0.000000000 0.000000000 0.000000000 0.000000000 0.000000000 0.000000000 0.000000000 0.000000000 0.000000000 0.000000000 0.000000000 0.000000000 0.000000000 0.000000000 0.000000000 0.000000000 0.000000000 0.000000000 0.000000000 0.000000000 0.000000000 0.000000000 0.000000000 0.000000000 0.000000000 0.000000000 0.000000000 0.000000000 0.000000000 0.000000000 0.000000000 0.000000000 0.000000000 0.000000000 0.000000000 0.000000000 0.000000000 0.000000000 0.000000000 0.000000000 0.000000000 0.000000000 0.000000000 0.000000000 0.000000000 0.000000000 0.000000000 0.000000000 0.000000000 0.000000000 0.000000000 0.000000000 0.000000000 0.000000000 0.000000000 0.000000000 0.000000000 0.000000000 0.000000000 0.000000000 0.000000000 0.000000000 0.000000000 0.000000000 0.000000000 0.000000000 0.000000000 0.000000000 0.000000000 0.000000000 0.000000000 0.000000000 
0.000000000 0.000000000 0.000000000 0.000000000 0.000000000 0.000000000 0.000000000 0.000000000 0.000000000 0.000000000 0.000000000 0.000000000 0.000000000 0.000000000 0.000000000 0.000000000 0.000000000 0.000000000 0.000000000 0.000000000 0.000000000 0.000000000 0.000000000 0.000000000 0.000000000 0.000000000 0.000000000 0.000000000 0.000000000 0.000000000 0.000000000 0.000000000 0.000000000 0.000000000 0.000000000 0.000000000 0.000000000 0.000000000 0.000000000 0.000000000 0.000000000 0.000000000 0.000000000 0.000000000 0.000000000 0.000000000 0.000000000 0.000000000 0.000000000 0.000000000 0.000000000 0.000000000 0.000000000 0.000000000 0.000000000 0.000000000 0.000000000 0.000000000 0.000000000 0.000000000 0.000000000 0.000000000 0.000000000 0.000000000 0.000000000 0.000000000 0.000000000 0.000000000 0.000000000 0.000000000 0.000000000 0.000000000 0.000000000 0.000000000 0.000000000 0.000000000 0.000000000 0.000000000 0.000000000 0.000000000 0.000000000 0.000000000 0.000000000 0.000000000 0.000000000 0.000000000 0.000000000 0.000000000 0.000000000 0.000000000 0.000000000 0.000000000 0.000000000 0.000000000 0.000000000 0.000000000 0.000000000 0.000000000 0.000000000 0.000000000 0.000000000 0.000000000 0.000000000 0.000000000 0.000000000 0.000000000 0.000000000 0.000000000 0.000000000 0.000000000 0.000000000 0.000000000 0.000000000 0.000000000 0.000000000 0.000000000 0.000000000 0.000000000 0.000000000 0.000000000 0.000000000 0.000000000 0.000000000 0.000000000 0.000000000 0.000000000 0.000000000 0.000000000 0.000000000 0.000000000 0.000000000 0.000000000 0.000000000 0.000000000 0.000000000 0.000000000 0.000000000 0.000000000 0.000000000 0.000000000 0.000000000 0.000000000 0.000000000 0.000000000 0.000000000 0.000000000 0.000000000 0.000000000 0.000000000 0.000000000 0.000000000 0.000000000 0.000000000 0.000000000 0.000000000 0.000000000 0.000000000 0.000000000 0.000000000 0.000000000 0.000000000 0.000000000 0.000000000 0.000000000 0.000000000 0.000000000 0.000000000 0.000000000 0.000000000 0.000000000 0.000000000 0.000000000 0.000000000 0.000000000 0.000000000 0.000000000 0.000000000 0.000000000 0.000000000 0.000000000 0.000000000 0.000000000 0.000000000 0.000000000 0.000000000 0.000000000 0.000000000 0.000000000 0.000000000 0.000000000 0.000000000 0.000000000 0.000000000 0.000000000 0.000000000 0.000000000 0.000000000 0.000000000 0.000000000 0.000000000 0.000000000 0.000000000 0.000000000 0.000000000 0.000000000 0.000000000 0.000000000 0.000000000 0.000000000 0.000000000 0.000000000 0.000000000 0.000000000 0.000000000 0.000000000 0.000000000 0.000000000 0.000000000 0.000000000 0.000000000 0.000000000 0.000000000 0.000000000 0.000000000 0.000000000 0.000000000 0.000000000 0.000000000 0.000000000 0.000000000 0.000000000 0.000000000 0.000000000 0.000000000 0.000000000 0.000000000 0.000000000 0.000000000 0.000000000 0.000000000 0.000000000 0.000000000 0.000000000 0.000000000 0.000000000 0.000000000 0.000000000 0.000000000 0.000000000 0.000000000 0.000000000 0.000000000 0.000000000 0.000000000 0.000000000 0.000000000 0.000000000 
0.000000000 0.000000000 0.000000000 0.000000000 0.000000000 0.000000000 0.000000000 0.000000000 0.000000000 0.000000000 0.000000000 0.000000000 0.000000000 0.000000000 0.000000000 0.000000000 0.000000000 0.000000000 0.000000000 0.000000000 0.000000000 0.000000000 0.000000000 0.000000000 0.000000000 0.000000000 0.000000000 0.000000000 0.000000000 0.000000000 0.000000000 0.000000000 0.000000000 0.000000000 0.000000000 0.000000000 0.000000000 0.000000000 0.000000000 0.000000000 0.000000000 0.000000000 0.000000000 0.000000000 0.000000000 0.000000000 0.000000000 0.000000000 0.000000000 0.000000000 0.000000000 0.000000000 0.000000000 0.000000000 0.000000000 0.000000000 0.000000000 0.000000000 0.000000000 0.000000000 0.000000000 0.000000000 0.000000000 0.000000000 0.000000000 0.000000000 0.000000000 0.000000000 0.000000000 0.000000000 0.000000000 0.000000000 0.000000000 0.000000000 0.000000000 0.000000000 0.000000000 0.000000000 0.000000000 0.000000000 0.000000000 0.000000000 0.000000000 0.000000000 0.000000000 0.000000000 0.000000000 0.000000000 0.000000000 0.000000000 0.000000000 0.000000000 0.000000000 0.000000000 0.000000000 0.000000000 0.000000000 0.000000000 0.000000000 0.000000000 0.000000000 0.000000000 0.000000000 0.000000000 0.000000000 0.000000000 0.000000000 0.000000000 0.000000000 0.000000000 0.000000000 0.000000000 0.000000000 0.000000000 0.000000000 0.000000000 0.000000000 0.000000000 0.000000000 0.000000000 0.000000000 0.000000000 0.000000000 0.000000000 0.000000000 0.000000000 0.000000000 0.000000000 0.000000000 0.000000000 0.000000000 0.000000000 0.000000000 0.000000000 0.000000000 0.000000000 0.000000000 0.000000000 0.000000000 0.000000000 0.000000000 0.000000000 0.000000000 0.000000000 0.000000000 0.000000000 0.000000000 0.000000000 0.000000000 0.000000000 0.000000000 0.000000000 0.000000000 0.000000000 0.000000000 0.000000000 0.000000000 0.000000000 0.000000000 0.000000000 0.000000000 0.000000000 0.000000000 0.000000000 0.000000000 0.000000000 0.000000000 0.000000000 0.000000000 0.000000000 0.000000000 0.000000000 0.000000000 0.000000000 0.000000000 0.000000000 0.000000000 0.000000000 0.000000000 0.000000000 0.000000000 0.000000000 0.000000000 0.000000000 0.000000000 0.000000000 0.000000000 0.000000000 0.000000000 0.000000000 0.000000000 0.000000000 0.000000000 0.000000000 0.000000000 0.000000000 0.000000000 0.000000000 0.000000000 0.000000000 0.000000000 0.000000000 0.000000000 0.000000000 0.000000000 0.000000000 0.000000000 0.000000000 0.000000000 0.000000000 0.000000000 0.000000000 0.000000000 0.000000000 0.000000000 0.000000000 0.000000000 0.000000000 0.000000000 0.000000000 0.000000000 0.000000000 0.000000000 0.000000000 0.000000000 0.000000000 0.000000000 0.000000000 0.000000000 0.000000000 0.000000000 0.000000000 0.000000000 0.000000000 0.000000000 0.000000000 0.000000000 0.000000000 0.000000000 0.000000000 0.000000000 0.000000000 0.000000000 0.000000000 0.000000000 0.000000000 0.000000000 0.000000000 0.000000000 0.000000000 0.000000000 0.000000000 0.000000000 0.000000000 0.000000000 0.000000000 0.000000000 
0.000000000 0.000000000 0.000000000 0.000000000 0.000000000 0.000000000 0.000000000 0.000000000 0.000000000 0.000000000 0.000000000 0.000000000 0.000000000 0.000000000 0.000000000 0.000000000 0.000000000 0.000000000 0.000000000 0.000000000 0.000000000 0.000000000 0.000000000 0.000000000 0.000000000 0.000000000 0.000000000 0.000000000 0.000000000 0.000000000 0.000000000 0.000000000 0.000000000 0.000000000 0.000000000 0.000000000 0.000000000 0.000000000 0.000000000 0.000000000 0.000000000 0.000000000 0.000000000 0.000000000 0.000000000 0.000000000 0.000000000 0.000000000 0.000000000 0.000000000 0.000000000 0.000000000 0.000000000 0.000000000 0.000000000 0.000000000 0.000000000 0.000000000 0.000000000 0.000000000 0.000000000 0.000000000 0.000000000 0.000000000 0.000000000 0.000000000 0.000000000 0.000000000 0.000000000 0.000000000 0.000000000 0.000000000 0.000000000 0.000000000 0.000000000 0.000000000 0.000000000 0.000000000 0.000000000 0.000000000 0.000000000 0.000000000 0.000000000 0.000000000 0.000000000 0.000000000 0.000000000 0.000000000 0.000000000 0.000000000 0.000000000 0.000000000 0.000000000 0.000000000 0.000000000 0.000000000 0.000000000 0.000000000 0.000000000 0.000000000 0.000000000 0.000000000 0.000000000 0.000000000 0.000000000 0.000000000 0.000000000 0.000000000 0.000000000 0.000000000 0.000000000 0.000000000 0.000000000 0.000000000 0.000000000 0.000000000 0.000000000 0.000000000 0.000000000 0.000000000 0.000000000 0.000000000 0.000000000 0.000000000 0.000000000 0.000000000 0.000000000 0.000000000 0.000000000 0.000000000 0.000000000 0.000000000 0.000000000 0.000000000 0.000000000 0.000000000 0.000000000 0.000000000 0.000000000 0.000000000 0.000000000 0.000000000 0.000000000 0.000000000 0.000000000 0.000000000 0.000000000 0.000000000 0.000000000 0.000000000 0.000000000 0.000000000 0.000000000 0.000000000 0.000000000 0.000000000 0.000000000 0.000000000 0.000000000 0.000000000 0.000000000 0.000000000 0.000000000 0.000000000 0.000000000 0.000000000 0.000000000 0.000000000 0.000000000 0.000000000 0.000000000 0.000000000 0.000000000 0.000000000 0.000000000 0.000000000 0.000000000 0.000000000 0.000000000 0.000000000 0.000000000 0.000000000 0.000000000 0.000000000 0.000000000 0.000000000 0.000000000 0.000000000 0.000000000 0.000000000 0.000000000 0.000000000 0.000000000 0.000000000 0.000000000 0.000000000 0.000000000 0.000000000 0.000000000 0.000000000 0.000000000 0.000000000 0.000000000 0.000000000 0.000000000 0.000000000 0.000000000 0.000000000 0.000000000 0.000000000 0.000000000 0.000000000 0.000000000 0.000000000 0.000000000 0.000000000 0.000000000 0.000000000 0.000000000 0.000000000 0.000000000 0.000000000 0.000000000 0.000000000 0.000000000 0.000000000 0.000000000 0.000000000 0.000000000 0.000000000 0.000000000 0.000000000 0.000000000 0.000000000 0.000000000 0.000000000 0.000000000 0.000000000 0.000000000 0.000000000 0.000000000 0.000000000 0.000000000 0.000000000 0.000000000 0.000000000 0.000000000 0.000000000 0.000000000 0.000000000 0.000000000 0.000000000 0.000000000 0.000000000 0.000000000 0.000000000 0.000000000 
0.000000000 0.000000000 0.000000000 0.000000000 0.000000000 0.000000000 0.000000000 0.000000000 0.000000000 0.000000000 0.000000000 0.000000000 0.000000000 0.000000000 0.000000000 0.000000000 0.000000000 0.000000000 0.000000000 0.000000000 0.000000000 0.000000000 0.000000000 0.000000000 0.000000000 0.000000000 0.000000000 0.000000000 0.000000000 0.000000000 0.000000000 0.000000000 0.000000000 0.000000000 0.000000000 0.000000000 0.000000000 0.000000000 0.000000000 0.000000000 0.000000000 0.000000000 0.000000000 0.000000000 0.000000000 0.000000000 0.000000000 0.000000000 0.000000000 0.000000000 0.000000000 0.000000000 0.000000000 0.000000000 0.000000000 0.000000000 0.000000000 0.000000000 0.000000000 0.000000000 0.000000000 0.000000000 0.000000000 0.000000000 0.000000000 0.000000000 0.000000000 0.000000000 0.000000000 0.000000000 0.000000000 0.000000000 0.000000000 0.000000000 0.000000000 0.000000000 0.000000000 0.000000000 0.000000000 0.000000000 0.000000000 0.000000000 0.000000000 0.000000000 0.000000000 0.000000000 0.000000000 0.000000000 0.000000000 0.000000000 0.000000000 0.000000000 0.000000000 0.000000000 0.000000000 0.000000000 0.000000000 0.000000000 0.000000000 0.000000000 0.000000000 0.000000000 0.000000000 0.000000000 0.000000000 0.000000000 0.000000000 0.000000000 0.000000000 0.000000000 0.000000000 0.000000000 0.000000000 0.000000000 0.000000000 0.000000000 0.000000000 0.000000000 0.000000000 0.000000000 0.000000000 0.000000000 0.000000000 0.000000000 0.000000000 0.000000000 0.000000000 0.000000000 0.000000000 0.000000000 0.000000000 0.000000000 0.000000000 0.000000000 0.000000000 0.000000000 0.000000000 0.000000000 0.000000000 0.000000000 0.000000000 0.000000000 0.000000000 0.000000000 0.000000000 0.000000000 0.000000000 0.000000000 0.000000000 0.000000000 0.000000000 0.000000000 0.000000000 0.000000000 0.000000000 0.000000000 0.000000000 0.000000000 0.000000000 0.000000000 0.000000000 0.000000000 0.000000000 0.000000000 0.000000000 0.000000000 0.000000000 0.000000000 0.000000000 0.000000000 0.000000000 0.000000000 0.000000000 0.000000000 0.000000000 0.000000000 0.000000000 0.000000000 0.000000000 0.000000000 0.000000000 0.000000000 0.000000000 0.000000000 0.000000000 0.000000000 0.000000000 0.000000000 0.000000000 0.000000000 0.000000000 0.000000000 0.000000000 0.000000000 0.000000000 0.000000000 0.000000000 0.000000000 0.000000000 0.000000000 0.000000000 0.000000000 0.000000000 0.000000000 0.000000000 0.000000000 0.000000000 0.000000000 0.000000000 0.000000000 0.000000000 0.000000000 0.000000000 0.000000000 0.000000000 0.000000000 0.000000000 0.000000000 0.000000000 0.000000000 0.000000000 0.000000000 0.000000000 0.000000000 0.000000000 0.000000000 0.000000000 0.000000000 0.000000000 0.000000000 0.000000000 0.000000000 0.000000000 0.000000000 0.000000000 0.000000000 0.000000000 0.000000000 0.000000000 0.000000000 0.000000000 0.000000000 0.000000000 0.000000000 0.000000000 0.000000000 0.000000000 0.000000000 0.000000000 0.000000000 0.000000000 0.000000000 0.000000000 0.000000000 0.000000000 0.000000000 0.000000000 
0.000000000 0.000000000 0.000000000 0.000000000 0.000000000 0.000000000 0.000000000 0.000000000 0.000000000 0.000000000 0.000000000 0.000000000 0.000000000 0.000000000 0.000000000 0.000000000 0.000000000 0.000000000 0.000000000 0.000000000 0.000000000 0.000000000 0.000000000 0.000000000 0.000000000 0.000000000 0.000000000 0.000000000 0.000000000 0.000000000 0.000000000 0.000000000 0.000000000 0.000000000 0.000000000 0.000000000 0.000000000 0.000000000 0.000000000 0.000000000 0.000000000 0.000000000 0.000000000 0.000000000 0.000000000 0.000000000 0.000000000 0.000000000 0.000000000 0.000000000 0.000000000 0.000000000 0.000000000 0.000000000 0.000000000 0.000000000 0.000000000 0.000000000 0.000000000 0.000000000 0.000000000 0.000000000 0.000000000 0.000000000 0.000000000 0.000000000 0.000000000 0.000000000 0.000000000 0.000000000 0.000000000 0.000000000 0.000000000 0.000000000 0.000000000 0.000000000 0.000000000 0.000000000 0.000000000 0.000000000 0.000000000 0.000000000 0.000000000 0.000000000 0.000000000 0.000000000 0.000000000 0.000000000 0.000000000 0.000000000 0.000000000 0.000000000 0.000000000 0.000000000 0.000000000 0.000000000 0.000000000 0.000000000 0.000000000 0.000000000 0.000000000 0.000000000 0.000000000 0.000000000 0.000000000 0.000000000 0.000000000 0.000000000 0.000000000 0.000000000 0.000000000 0.000000000 0.000000000 0.000000000 0.000000000 0.000000000 0.000000000 0.000000000 0.000000000 0.000000000 0.000000000 0.000000000 0.000000000 0.000000000 0.000000000 0.000000000 0.000000000 0.000000000 0.000000000 0.000000000 0.000000000 0.000000000 0.000000000 0.000000000 0.000000000 0.000000000 0.000000000 0.000000000 0.000000000 0.000000000 0.000000000 0.000000000 0.000000000 0.000000000 0.000000000 0.000000000 0.000000000 0.000000000 0.000000000 0.000000000 0.000000000 0.000000000 0.000000000 0.000000000 0.000000000 0.000000000 0.000000000 0.000000000 0.000000000 0.000000000 0.000000000 0.000000000 0.000000000 0.000000000 0.000000000 0.000000000 0.000000000 0.000000000 0.000000000 0.000000000 0.000000000 0.000000000 0.000000000 0.000000000 0.000000000 0.000000000 0.000000000 0.000000000 0.000000000 0.000000000 0.000000000 0.000000000 0.000000000 0.000000000 0.000000000 0.000000000 0.000000000 0.000000000 0.000000000 0.000000000 0.000000000 0.000000000 0.000000000 0.000000000 0.000000000 0.000000000 0.000000000 0.000000000 0.000000000 0.000000000 0.000000000 0.000000000 0.000000000 0.000000000 0.000000000 0.000000000 0.000000000 0.000000000 0.000000000 0.000000000 0.000000000 0.000000000 0.000000000 0.000000000 0.000000000 0.000000000 0.000000000 0.000000000 0.000000000 0.000000000 0.000000000 0.000000000 0.000000000 0.000000000 0.000000000 0.000000000 0.000000000 0.000000000 0.000000000 0.000000000 0.000000000 0.000000000 0.000000000 0.000000000 0.000000000 0.000000000 0.000000000 0.000000000 0.000000000 0.000000000 0.000000000 0.000000000 0.000000000 0.000000000 0.000000000 0.000000000 0.000000000 0.000000000 0.000000000 0.000000000 0.000000000 0.000000000 0.000000000 0.000000000 0.000000000 0.000000000 0.000000000 
0.000000000 0.000000000 0.000000000 0.000000000 0.000000000 0.000000000 0.000000000 0.000000000 0.000000000 0.000000000 0.000000000 0.000000000 0.000000000 0.000000000 0.000000000 0.000000000 0.000000000 0.000000000 0.000000000 0.000000000 0.000000000 0.000000000 0.000000000 0.000000000 0.000000000 0.000000000 0.000000000 0.000000000 0.000000000 0.000000000 0.000000000 0.000000000 0.000000000 0.000000000 0.000000000 0.000000000 0.000000000 0.000000000 0.000000000 0.000000000 0.000000000 0.000000000 0.000000000 0.000000000 0.000000000 0.000000000 0.000000000 0.000000000 0.000000000 0.000000000 0.000000000 0.000000000 0.000000000 0.000000000 0.000000000 0.000000000 0.000000000 0.000000000 0.000000000 0.000000000 0.000000000 0.000000000 0.000000000 0.000000000 0.000000000 0.000000000 0.000000000 0.000000000 0.000000000 0.000000000 0.000000000 0.000000000 0.000000000 0.000000000 0.000000000 0.000000000 0.000000000 0.000000000 0.000000000 0.000000000 0.000000000 0.000000000 0.000000000 0.000000000 0.000000000 0.000000000 0.000000000 0.000000000 0.000000000 0.000000000 0.000000000 0.000000000 0.000000000 0.000000000 0.000000000 0.000000000 0.000000000 0.000000000 0.000000000 0.000000000 0.000000000 0.000000000 0.000000000 0.000000000 0.000000000 0.000000000 0.000000000 0.000000000 0.000000000 0.000000000 0.000000000 0.000000000 0.000000000 0.000000000 0.000000000 0.000000000 0.000000000 0.000000000 0.000000000 0.000000000 0.000000000 0.000000000 0.000000000 0.000000000 0.000000000 0.000000000 0.000000000 0.000000000 0.000000000 0.000000000 0.000000000 0.000000000 0.000000000 0.000000000 0.000000000 0.000000000 0.000000000 0.000000000 0.000000000 0.000000000 0.000000000 0.000000000 0.000000000 0.000000000 0.000000000 0.000000000 0.000000000 0.000000000 0.000000000 0.000000000 0.000000000 0.000000000 0.000000000 0.000000000 0.000000000 0.000000000 0.000000000 0.000000000 0.000000000 0.000000000 0.000000000 0.000000000 0.000000000 0.000000000 0.000000000 0.000000000 0.000000000 0.000000000 0.000000000 0.000000000 0.000000000 0.000000000 0.000000000 0.000000000 0.000000000 0.000000000 0.000000000 0.000000000 0.000000000 0.000000000 0.000000000 0.000000000 0.000000000 0.000000000 0.000000000 0.000000000 0.000000000 0.000000000 0.000000000 0.000000000 0.000000000 0.000000000 0.000000000 0.000000000 0.000000000 0.000000000 0.000000000 0.000000000 0.000000000 0.000000000 0.000000000 0.000000000 0.000000000 0.000000000 0.000000000 0.000000000 0.000000000 0.000000000 0.000000000 0.000000000 0.000000000 0.000000000 0.000000000 0.000000000 0.000000000 0.000000000 0.000000000 0.000000000 0.000000000 0.000000000 0.000000000 0.000000000 0.000000000 0.000000000 0.000000000 0.000000000 0.000000000 0.000000000 0.000000000 0.000000000 0.000000000 0.000000000 0.000000000 0.000000000 0.000000000 0.000000000 0.000000000 0.000000000 0.000000000 0.000000000 0.000000000 0.000000000 0.000000000 0.000000000 0.000000000 0.000000000 0.000000000 0.000000000 0.000000000 0.000000000 0.000000000 0.000000000 0.000000000 0.000000000 0.000000000 0.000000000 0.000000000 
0.000000000 0.000000000 0.000000000 0.000000000 0.000000000 0.000000000 0.000000000 0.000000000 0.000000000 0.000000000 0.000000000 0.000000000 0.000000000 0.000000000 0.000000000 0.000000000 0.000000000 0.000000000 0.000000000 0.000000000 0.000000000 0.000000000 0.000000000 0.000000000 0.000000000 0.000000000 0.000000000 0.000000000 0.000000000 0.000000000 0.000000000 0.000000000 0.000000000 0.000000000 0.000000000 0.000000000 0.000000000 0.000000000 0.000000000 0.000000000 0.000000000 0.000000000 0.000000000 0.000000000 0.000000000 0.000000000 0.000000000 0.000000000 0.000000000 0.000000000 0.000000000 0.000000000 0.000000000 0.000000000 0.000000000 0.000000000 0.000000000 0.000000000 0.000000000 0.000000000 0.000000000 0.000000000 0.000000000 0.000000000 0.000000000 0.000000000 0.000000000 0.000000000 0.000000000 0.000000000 0.000000000 0.000000000 0.000000000 0.000000000 0.000000000 0.000000000 0.000000000 0.000000000 0.000000000 0.000000000 0.000000000 0.000000000 0.000000000 0.000000000 0.000000000 0.000000000 0.000000000 0.000000000 0.000000000 0.000000000 0.000000000 0.000000000 0.000000000 0.000000000 0.000000000 0.000000000 0.000000000 0.000000000 0.000000000 0.000000000 0.000000000 0.000000000 0.000000000 0.000000000 0.000000000 0.000000000 0.000000000 0.000000000 0.000000000 0.000000000 0.000000000 0.000000000 0.000000000 0.000000000 0.000000000 0.000000000 0.000000000 0.000000000 0.000000000 0.000000000 0.000000000 0.000000000 0.000000000 0.000000000 0.000000000 0.000000000 0.000000000 0.000000000 0.000000000 0.000000000 0.000000000 0.000000000 0.000000000 0.000000000 0.000000000 0.000000000 0.000000000 0.000000000 0.000000000 0.000000000 0.000000000 0.000000000 0.000000000 0.000000000 0.000000000 0.000000000 0.000000000 0.000000000 0.000000000 0.000000000 0.000000000 0.000000000 0.000000000 0.000000000 0.000000000 0.000000000 0.000000000 0.000000000 0.000000000 0.000000000 0.000000000 0.000000000 0.000000000 0.000000000 0.000000000 0.000000000 0.000000000 0.000000000 0.000000000 0.000000000 0.000000000 0.000000000 0.000000000 0.000000000 0.000000000 0.000000000 0.000000000 0.000000000 0.000000000 0.000000000 0.000000000 0.000000000 0.000000000 0.000000000 0.000000000 0.000000000 0.000000000 0.000000000 0.000000000 0.000000000 0.000000000 0.000000000 0.000000000 0.000000000 0.000000000 0.000000000 0.000000000 0.000000000 0.000000000 0.000000000 0.000000000 0.000000000 0.000000000 0.000000000 0.000000000 0.000000000 0.000000000 0.000000000 0.000000000 0.000000000 0.000000000 0.000000000 0.000000000 0.000000000 0.000000000 0.000000000 0.000000000 0.000000000 0.000000000 0.000000000 0.000000000 0.000000000 0.000000000 0.000000000 0.000000000 0.000000000 0.000000000 0.000000000 0.000000000 0.000000000 0.000000000 0.000000000 0.000000000 0.000000000 0.000000000 0.000000000 0.000000000 0.000000000 0.000000000 0.000000000 0.000000000 0.000000000 0.000000000 0.000000000 0.000000000 0.000000000 0.000000000 0.000000000 0.000000000 0.000000000 0.000000000 0.000000000 0.000000000 0.000000000 0.000000000 0.000000000 0.000000000 
0.000000000 0.000000000 0.000000000 0.000000000 0.000000000 0.000000000 0.000000000 0.000000000 0.000000000 0.000000000 0.000000000 0.000000000 0.000000000 0.000000000 0.000000000 0.000000000 0.000000000 0.000000000 0.000000000 0.000000000 0.000000000 0.000000000 0.000000000 0.000000000 0.000000000 0.000000000 0.000000000 0.000000000 0.000000000 0.000000000 0.000000000 0.000000000 0.000000000 0.000000000 0.000000000 0.000000000 0.000000000 0.000000000 0.000000000 0.000000000 0.000000000 0.000000000 0.000000000 0.000000000 0.000000000 0.000000000 0.000000000 0.000000000 0.000000000 0.000000000 0.000000000 0.000000000 0.000000000 0.000000000 0.000000000 0.000000000 0.000000000 0.000000000 0.000000000 0.000000000 0.000000000 0.000000000 0.000000000 0.000000000 0.000000000 0.000000000 0.000000000 0.000000000 0.000000000 0.000000000 0.000000000 0.000000000 0.000000000 0.000000000 0.000000000 0.000000000 0.000000000 0.000000000 0.000000000 0.000000000 0.000000000 0.000000000 0.000000000 0.000000000 0.000000000 0.000000000 0.000000000 0.000000000 0.000000000 0.000000000 0.000000000 0.000000000 0.000000000 0.000000000 0.000000000 0.000000000 0.000000000 0.000000000 0.000000000 0.000000000 0.000000000 0.000000000 0.000000000 0.000000000 0.000000000 0.000000000 0.000000000 0.000000000 0.000000000 0.000000000 0.000000000 0.000000000 0.000000000 0.000000000 0.000000000 0.000000000 0.000000000 0.000000000 0.000000000 0.000000000 0.000000000 0.000000000 0.000000000 0.000000000 0.000000000 0.000000000 0.000000000 0.000000000 0.000000000 0.000000000 0.000000000 0.000000000 0.000000000 0.000000000 0.000000000 0.000000000 0.000000000 0.000000000 0.000000000 0.000000000 0.000000000 0.000000000 0.000000000 0.000000000 0.000000000 0.000000000 0.000000000 0.000000000 0.000000000 0.000000000 0.000000000 0.000000000 0.000000000 0.000000000 0.000000000 0.000000000 0.000000000 0.000000000 0.000000000 0.000000000 0.000000000 0.000000000 0.000000000 0.000000000 0.000000000 0.000000000 0.000000000 0.000000000 0.000000000 0.000000000 0.000000000 0.000000000 0.000000000 0.000000000 0.000000000 0.000000000 0.000000000 0.000000000 0.000000000 0.000000000 0.000000000 0.000000000 0.000000000 0.000000000 0.000000000 0.000000000 0.000000000 0.000000000 0.000000000 0.000000000 0.000000000 0.000000000 0.000000000 0.000000000 0.000000000 0.000000000 0.000000000 0.000000000 0.000000000 0.000000000 0.000000000 0.000000000 0.000000000 0.000000000 0.000000000 0.000000000 0.000000000 0.000000000 0.000000000 0.000000000 0.000000000 0.000000000 0.000000000 0.000000000 0.000000000 0.000000000 0.000000000 0.000000000 0.000000000 0.000000000 0.000000000 0.000000000 0.000000000 0.000000000 0.000000000 0.000000000 0.000000000 0.000000000 0.000000000 0.000000000 0.000000000 0.000000000 0.000000000 0.000000000 0.000000000 0.000000000 0.000000000 0.000000000 0.000000000 0.000000000 0.000000000 0.000000000 0.000000000 0.000000000 0.000000000 0.000000000 0.000000000 0.000000000 0.000000000 0.000000000 0.000000000 0.000000000 0.000000000 0.000000000 0.000000000 0.000000000 0.000000000 
0.000000000 0.000000000 0.000000000 0.000000000 0.000000000 0.000000000 0.000000000 0.000000000 0.000000000 0.000000000 0.000000000 0.000000000 0.000000000 0.000000000 0.000000000 0.000000000 0.000000000 0.000000000 0.000000000 0.000000000 0.000000000 0.000000000 0.000000000 0.000000000 0.000000000 0.000000000 0.000000000 0.000000000 0.000000000 0.000000000 0.000000000 0.000000000 0.000000000 0.000000000 0.000000000 0.000000000 0.000000000 0.000000000 0.000000000 0.000000000 0.000000000 0.000000000 0.000000000 0.000000000 0.000000000 0.000000000 0.000000000 0.000000000 0.000000000 0.000000000 0.000000000 0.000000000 0.000000000 0.000000000 0.000000000 0.000000000 0.000000000 0.000000000 0.000000000 0.000000000 0.000000000 0.000000000 0.000000000 0.000000000 0.000000000 0.000000000 0.000000000 0.000000000 0.000000000 0.000000000 0.000000000 0.000000000 0.000000000 0.000000000 0.000000000 0.000000000 0.000000000 0.000000000 0.000000000 0.000000000 0.000000000 0.000000000 0.000000000 0.000000000 0.000000000 0.000000000 0.000000000 0.000000000 0.000000000 0.000000000 0.000000000 0.000000000 0.000000000 0.000000000 0.000000000 0.000000000 0.000000000 0.000000000 0.000000000 0.000000000 0.000000000 0.000000000 0.000000000 0.000000000 0.000000000 0.000000000 0.000000000 0.000000000 0.000000000 0.000000000 0.000000000 0.000000000 0.000000000 0.000000000 0.000000000 0.000000000 0.000000000 0.000000000 0.000000000 0.000000000 0.000000000 0.000000000 0.000000000 0.000000000 0.000000000 0.000000000 0.000000000 0.000000000 0.000000000 0.000000000 0.000000000 0.000000000 0.000000000 0.000000000 0.000000000 0.000000000 0.000000000 0.000000000 0.000000000 0.000000000 0.000000000 0.000000000 0.000000000 0.000000000 0.000000000 0.000000000 0.000000000 0.000000000 0.000000000 0.000000000 0.000000000 0.000000000 0.000000000 0.000000000 0.000000000 0.000000000 0.000000000 0.000000000 0.000000000 0.000000000 0.000000000 0.000000000 0.000000000 0.000000000 0.000000000 0.000000000 0.000000000 0.000000000 0.000000000 0.000000000 0.000000000 0.000000000 0.000000000 0.000000000 0.000000000 0.000000000 0.000000000 0.000000000 0.000000000 0.000000000 0.000000000 0.000000000 0.000000000 0.000000000 0.000000000 0.000000000 0.000000000 0.000000000 0.000000000 0.000000000 0.000000000 0.000000000 0.000000000 0.000000000 0.000000000 0.000000000 0.000000000 0.000000000 0.000000000 0.000000000 0.000000000 0.000000000 0.000000000 0.000000000 0.000000000 0.000000000 0.000000000 0.000000000 0.000000000 0.000000000 0.000000000 0.000000000 0.000000000 0.000000000 0.000000000 0.000000000 0.000000000 0.000000000 0.000000000 0.000000000 0.000000000 0.000000000 0.000000000 0.000000000 0.000000000 0.000000000 0.000000000 0.000000000 0.000000000 0.000000000 0.000000000 0.000000000 0.000000000 0.000000000 0.000000000 0.000000000 0.000000000 0.000000000 0.000000000 0.000000000 0.000000000 0.000000000 0.000000000 0.000000000 0.000000000 0.000000000 0.000000000 0.000000000 0.000000000 0.000000000 0.000000000 0.000000000 0.000000000 0.000000000 0.000000000 0.000000000 0.000000000 
0.000000000 0.000000000 0.000000000 0.000000000 0.000000000 0.000000000 0.000000000 0.000000000 0.000000000 0.000000000 0.000000000 0.000000000 0.000000000 0.000000000 0.000000000 0.000000000 0.000000000 0.000000000 0.000000000 0.000000000 0.000000000 0.000000000 0.000000000 0.000000000 0.000000000 0.000000000 0.000000000 0.000000000 0.000000000 0.000000000 0.000000000 0.000000000 0.000000000 0.000000000 0.000000000 0.000000000 0.000000000 0.000000000 0.000000000 0.000000000 0.000000000 0.000000000 0.000000000 0.000000000 0.000000000 0.000000000 0.000000000 0.000000000 0.000000000 0.000000000 0.000000000 0.000000000 0.000000000 0.000000000 0.000000000 0.000000000 0.000000000 0.000000000 0.000000000 0.000000000 0.000000000 0.000000000 0.000000000 0.000000000 0.000000000 0.000000000 0.000000000 0.000000000 0.000000000 0.000000000 0.000000000 0.000000000 0.000000000 0.000000000 0.000000000 0.000000000 0.000000000 0.000000000 0.000000000 0.000000000 0.000000000 0.000000000 0.000000000 0.000000000 0.000000000 0.000000000 0.000000000 0.000000000 0.000000000 0.000000000 0.000000000 0.000000000 0.000000000 0.000000000 0.000000000 0.000000000 0.000000000 0.000000000 0.000000000 0.000000000 0.000000000 0.000000000 0.000000000 0.000000000 0.000000000 0.000000000 0.000000000 0.000000000 0.000000000 0.000000000 0.000000000 0.000000000 0.000000000 0.000000000 0.000000000 0.000000000 0.000000000 0.000000000 0.000000000 0.000000000 0.000000000 0.000000000 0.000000000 0.000000000 0.000000000 0.000000000 0.000000000 0.000000000 0.000000000 0.000000000 0.000000000 0.000000000 0.000000000 0.000000000 0.000000000 0.000000000 0.000000000 0.000000000 0.000000000 0.000000000 0.000000000 0.000000000 0.000000000 0.000000000 0.000000000 0.000000000 0.000000000 0.000000000 0.000000000 0.000000000 0.000000000 0.000000000 0.000000000 0.000000000 0.000000000 0.000000000 0.000000000 0.000000000 0.000000000 0.000000000 0.000000000 0.000000000 0.000000000 0.000000000 0.000000000 0.000000000 0.000000000 0.000000000 0.000000000 0.000000000 0.000000000 0.000000000 0.000000000 0.000000000 0.000000000 0.000000000 0.000000000 0.000000000 0.000000000 0.000000000 0.000000000 0.000000000 0.000000000 0.000000000 0.000000000 0.000000000 0.000000000 0.000000000 0.000000000 0.000000000 0.000000000 0.000000000 0.000000000 0.000000000 0.000000000 0.000000000 0.000000000 0.000000000 0.000000000 0.000000000 0.000000000 0.000000000 0.000000000 0.000000000 0.000000000 0.000000000 0.000000000 0.000000000 0.000000000 0.000000000 0.000000000 0.000000000 0.000000000 0.000000000 0.000000000 0.000000000 0.000000000 0.000000000 0.000000000 0.000000000 0.000000000 0.000000000 0.000000000 0.000000000 0.000000000 0.000000000 0.000000000 0.000000000 0.000000000 0.000000000 0.000000000 0.000000000 0.000000000 0.000000000 0.000000000 0.000000000 0.000000000 0.000000000 0.000000000 0.000000000 0.000000000 0.000000000 0.000000000 0.000000000 0.000000000 0.000000000 0.000000000 0.000000000 0.000000000 0.000000000 0.000000000 0.000000000 0.000000000 0.000000000 0.000000000 0.000000000 0.000000000 
0.000000000 0.000000000 0.000000000 0.000000000 0.000000000 0.000000000 0.000000000 0.000000000 0.000000000 0.000000000 0.000000000 0.000000000 0.000000000 0.000000000 0.000000000 0.000000000 0.000000000 0.000000000 0.000000000 0.000000000 0.000000000 0.000000000 0.000000000 0.000000000 0.000000000 0.000000000 0.000000000 0.000000000 0.000000000 0.000000000 0.000000000 0.000000000 0.000000000 0.000000000 0.000000000 0.000000000 0.000000000 0.000000000 0.000000000 0.000000000 0.000000000 0.000000000 0.000000000 0.000000000 0.000000000 0.000000000 0.000000000 0.000000000 0.000000000 0.000000000 0.000000000 0.000000000 0.000000000 0.000000000 0.000000000 0.000000000 0.000000000 0.000000000 0.000000000 0.000000000 0.000000000 0.000000000 0.000000000 0.000000000 0.000000000 0.000000000 0.000000000 0.000000000 0.000000000 0.000000000 0.000000000 0.000000000 0.000000000 0.000000000 0.000000000 0.000000000 0.000000000 0.000000000 0.000000000 0.000000000 0.000000000 0.000000000 0.000000000 0.000000000 0.000000000 0.000000000 0.000000000 0.000000000 0.000000000 0.000000000 0.000000000 0.000000000 0.000000000 0.000000000 0.000000000 0.000000000 0.000000000 0.000000000 0.000000000 0.000000000 0.000000000 0.000000000 0.000000000 0.000000000 0.000000000 0.000000000 0.000000000 0.000000000 0.000000000 0.000000000 0.000000000 0.000000000 0.000000000 0.000000000 0.000000000 0.000000000 0.000000000 0.000000000 0.000000000 0.000000000 0.000000000 0.000000000 0.000000000 0.000000000 0.000000000 0.000000000 0.000000000 0.000000000 0.000000000 0.000000000 0.000000000 0.000000000 0.000000000 0.000000000 0.000000000 0.000000000 0.000000000 0.000000000 0.000000000 0.000000000 0.000000000 0.000000000 0.000000000 0.000000000 0.000000000 0.000000000 0.000000000 0.000000000 0.000000000 0.000000000 0.000000000 0.000000000 0.000000000 0.000000000 0.000000000 0.000000000 0.000000000 0.000000000 0.000000000 0.000000000 0.000000000 0.000000000 0.000000000 0.000000000 0.000000000 0.000000000 0.000000000 0.000000000 0.000000000 0.000000000 0.000000000 0.000000000 0.000000000 0.000000000 0.000000000 0.000000000 0.000000000 0.000000000 0.000000000 0.000000000 0.000000000 0.000000000 0.000000000 0.000000000 0.000000000 0.000000000 0.000000000 0.000000000 0.000000000 0.000000000 0.000000000 0.000000000 0.000000000 0.000000000 0.000000000 0.000000000 0.000000000 0.000000000 0.000000000 0.000000000 0.000000000 0.000000000 0.000000000 0.000000000 0.000000000 0.000000000 0.000000000 0.000000000 0.000000000 0.000000000 0.000000000 0.000000000 0.000000000 0.000000000 0.000000000 0.000000000 0.000000000 0.000000000 0.000000000 0.000000000 0.000000000 0.000000000 0.000000000 0.000000000 0.000000000 0.000000000 0.000000000 0.000000000 0.000000000 0.000000000 0.000000000 0.000000000 0.000000000 0.000000000 0.000000000 0.000000000 0.000000000 0.000000000 0.000000000 0.000000000 0.000000000 0.000000000 0.000000000 0.000000000 0.000000000 0.000000000 0.000000000 0.000000000 0.000000000 0.000000000 0.000000000 0.000000000 0.000000000 0.000000000 0.000000000 0.000000000 0.000000000 
0.000000000 0.000000000 0.000000000 0.000000000 0.000000000 0.000000000 0.000000000 0.000000000 0.000000000 0.000000000 0.000000000 0.000000000 0.000000000 0.000000000 0.000000000 0.000000000 0.000000000 0.000000000 0.000000000 0.000000000 0.000000000 0.000000000 0.000000000 0.000000000 0.000000000 0.000000000 0.000000000 0.000000000 0.000000000 0.000000000 0.000000000 0.000000000 0.000000000 0.000000000 0.000000000 0.000000000 0.000000000 0.000000000 0.000000000 0.000000000 0.000000000 0.000000000 0.000000000 0.000000000 0.000000000 0.000000000 0.000000000 0.000000000 0.000000000 0.000000000 0.000000000 0.000000000 0.000000000 0.000000000 0.000000000 0.000000000 0.000000000 0.000000000 0.000000000 0.000000000 0.000000000 0.000000000 0.000000000 0.000000000 0.000000000 0.000000000 0.000000000 0.000000000 0.000000000 0.000000000 0.000000000 0.000000000 0.000000000 0.000000000 0.000000000 0.000000000 0.000000000 0.000000000 0.000000000 0.000000000 0.000000000 0.000000000 0.000000000 0.000000000 0.000000000 0.000000000 0.000000000 0.000000000 0.000000000 0.000000000 0.000000000 0.000000000 0.000000000 0.000000000 0.000000000 0.000000000 0.000000000 0.000000000 0.000000000 0.000000000 0.000000000 0.000000000 0.000000000 0.000000000 0.000000000 0.000000000 0.000000000 0.000000000 0.000000000 0.000000000 0.000000000 0.000000000 0.000000000 0.000000000 0.000000000 0.000000000 0.000000000 0.000000000 0.000000000 0.000000000 0.000000000 0.000000000 0.000000000 0.000000000 0.000000000 0.000000000 0.000000000 0.000000000 0.000000000 0.000000000 0.000000000 0.000000000 0.000000000 0.000000000 0.000000000 0.000000000 0.000000000 0.000000000 0.000000000 0.000000000 0.000000000 0.000000000 0.000000000 0.000000000 0.000000000 0.000000000 0.000000000 0.000000000 0.000000000 0.000000000 0.000000000 0.000000000 0.000000000 0.000000000 0.000000000 0.000000000 0.000000000 0.000000000 0.000000000 0.000000000 0.000000000 0.000000000 0.000000000 0.000000000 0.000000000 0.000000000 0.000000000 0.000000000 0.000000000 0.000000000 0.000000000 0.000000000 0.000000000 0.000000000 0.000000000 0.000000000 0.000000000 0.000000000 0.000000000 0.000000000 0.000000000 0.000000000 0.000000000 0.000000000 0.000000000 0.000000000 0.000000000 0.000000000 0.000000000 0.000000000 0.000000000 0.000000000 0.000000000 0.000000000 0.000000000 0.000000000 0.000000000 0.000000000 0.000000000 0.000000000 0.000000000 0.000000000 0.000000000 0.000000000 0.000000000 0.000000000 0.000000000 0.000000000 0.000000000 0.000000000 0.000000000 0.000000000 0.000000000 0.000000000 0.000000000 0.000000000 0.000000000 0.000000000 0.000000000 0.000000000 0.000000000 0.000000000 0.000000000 0.000000000 0.000000000 0.000000000 0.000000000 0.000000000 0.000000000 0.000000000 0.000000000 0.000000000 0.000000000 0.000000000 0.000000000 0.000000000 0.000000000 0.000000000 0.000000000 0.000000000 0.000000000 0.000000000 0.000000000 0.000000000 0.000000000 0.000000000 0.000000000 0.000000000 0.000000000 0.000000000 0.000000000 0.000000000 0.000000000 0.000000000 0.000000000 0.000000000 0.000000000 
0.000000000 0.000000000 0.000000000 0.000000000 0.000000000 0.000000000 0.000000000 0.000000000 0.000000000 0.000000000 0.000000000 0.000000000 0.000000000 0.000000000 0.000000000 0.000000000 0.000000000 0.000000000 0.000000000 0.000000000 0.000000000 0.000000000 0.000000000 0.000000000 0.000000000 0.000000000 0.000000000 0.000000000 0.000000000 0.000000000 0.000000000 0.000000000 0.000000000 0.000000000 0.000000000 0.000000000 0.000000000 0.000000000 0.000000000 0.000000000 0.000000000 0.000000000 0.000000000 0.000000000 0.000000000 0.000000000 0.000000000 0.000000000 0.000000000 0.000000000 0.000000000 0.000000000 0.000000000 0.000000000 0.000000000 0.000000000 0.000000000 0.000000000 0.000000000 0.000000000 0.000000000 0.000000000 0.000000000 0.000000000 0.000000000 0.000000000 0.000000000 0.000000000 0.000000000 0.000000000 0.000000000 0.000000000 0.000000000 0.000000000 0.000000000 0.000000000 0.000000000 0.000000000 0.000000000 0.000000000 0.000000000 0.000000000 0.000000000 0.000000000 0.000000000 0.000000000 0.000000000 0.000000000 0.000000000 0.000000000 0.000000000 0.000000000 0.000000000 0.000000000 0.000000000 0.000000000 0.000000000 0.000000000 0.000000000 0.000000000 0.000000000 0.000000000 0.000000000 0.000000000 0.000000000 0.000000000 0.000000000 0.000000000 0.000000000 0.000000000 0.000000000 0.000000000 0.000000000 0.000000000 0.000000000 0.000000000 0.000000000 0.000000000 0.000000000 0.000000000 0.000000000 0.000000000 0.000000000 0.000000000 0.000000000 0.000000000 0.000000000 0.000000000 0.000000000 0.000000000 0.000000000 0.000000000 0.000000000 0.000000000 0.000000000 0.000000000 0.000000000 0.000000000 0.000000000 0.000000000 0.000000000 0.000000000 0.000000000 0.000000000 0.000000000 0.000000000 0.000000000 0.000000000 0.000000000 0.000000000 0.000000000 0.000000000 0.000000000 0.000000000 0.000000000 0.000000000 0.000000000 0.000000000 0.000000000 0.000000000 0.000000000 0.000000000 0.000000000 0.000000000 0.000000000 0.000000000 0.000000000 0.000000000 0.000000000 0.000000000 0.000000000 0.000000000 0.000000000 0.000000000 0.000000000 0.000000000 0.000000000 0.000000000 0.000000000 0.000000000 0.000000000 0.000000000 0.000000000 0.000000000 0.000000000 0.000000000 0.000000000 0.000000000 0.000000000 0.000000000 0.000000000 0.000000000 0.000000000 0.000000000 0.000000000 0.000000000 0.000000000 0.000000000 0.000000000 0.000000000 0.000000000 0.000000000 0.000000000 0.000000000 0.000000000 0.000000000 0.000000000 0.000000000 0.000000000 0.000000000 0.000000000 0.000000000 0.000000000 0.000000000 0.000000000 0.000000000 0.000000000 0.000000000 0.000000000 0.000000000 0.000000000 0.000000000 0.000000000 0.000000000 0.000000000 0.000000000 0.000000000 0.000000000 0.000000000 0.000000000 0.000000000 0.000000000 0.000000000 0.000000000 0.000000000 0.000000000 0.000000000 0.000000000 0.000000000 0.000000000 0.000000000 0.000000000 0.000000000 0.000000000 0.000000000 0.000000000 0.000000000 0.000000000 0.000000000 0.000000000 0.000000000 0.000000000 0.000000000 0.000000000 0.000000000 0.000000000 0.000000000 
0.000000000 0.000000000 0.000000000 0.000000000 0.000000000 0.000000000 0.000000000 0.000000000 0.000000000 0.000000000 0.000000000 0.000000000 0.000000000 0.000000000 0.000000000 0.000000000 0.000000000 0.000000000 0.000000000 0.000000000 0.000000000 0.000000000 0.000000000 0.000000000 0.000000000 0.000000000 0.000000000 0.000000000 0.000000000 0.000000000 0.000000000 0.000000000 0.000000000 0.000000000 0.000000000 0.000000000 0.000000000 0.000000000 0.000000000 0.000000000 0.000000000 0.000000000 0.000000000 0.000000000 0.000000000 0.000000000 0.000000000 0.000000000 0.000000000 0.000000000 0.000000000 0.000000000 0.000000000 0.000000000 0.000000000 0.000000000 0.000000000 0.000000000 0.000000000 0.000000000 0.000000000 0.000000000 0.000000000 0.000000000 0.000000000 0.000000000 0.000000000 0.000000000 0.000000000 0.000000000 0.000000000 0.000000000 0.000000000 0.000000000 0.000000000 0.000000000 0.000000000 0.000000000 0.000000000 0.000000000 0.000000000 0.000000000 0.000000000 0.000000000 0.000000000 0.000000000 0.000000000 0.000000000 0.000000000 0.000000000 0.000000000 0.000000000 0.000000000 0.000000000 0.000000000 0.000000000 0.000000000 0.000000000 0.000000000 0.000000000 0.000000000 0.000000000 0.000000000 0.000000000 0.000000000 0.000000000 0.000000000 0.000000000 0.000000000 0.000000000 0.000000000 0.000000000 0.000000000 0.000000000 0.000000000 0.000000000 0.000000000 0.000000000 0.000000000 0.000000000 0.000000000 0.000000000 0.000000000 0.000000000 0.000000000 0.000000000 0.000000000 0.000000000 0.000000000 0.000000000 0.000000000 0.000000000 0.000000000 0.000000000 0.000000000 0.000000000 0.000000000 0.000000000 0.000000000 0.000000000 0.000000000 0.000000000 0.000000000 0.000000000 0.000000000 0.000000000 0.000000000 0.000000000 0.000000000 0.000000000 0.000000000 0.000000000 0.000000000 0.000000000 0.000000000 0.000000000 0.000000000 0.000000000 0.000000000 0.000000000 0.000000000 0.000000000 0.000000000 0.000000000 0.000000000 0.000000000 0.000000000 0.000000000 0.000000000 0.000000000 0.000000000 0.000000000 0.000000000 0.000000000 0.000000000 0.000000000 0.000000000 0.000000000 0.000000000 0.000000000 0.000000000 0.000000000 0.000000000 0.000000000 0.000000000 0.000000000 0.000000000 0.000000000 0.000000000 0.000000000 0.000000000 0.000000000 0.000000000 0.000000000 0.000000000 0.000000000 0.000000000 0.000000000 0.000000000 0.000000000 0.000000000 0.000000000 0.000000000 0.000000000 0.000000000 0.000000000 0.000000000 0.000000000 0.000000000 0.000000000 0.000000000 0.000000000 0.000000000 0.000000000 0.000000000 0.000000000 0.000000000 0.000000000 0.000000000 0.000000000 0.000000000 0.000000000 0.000000000 0.000000000 0.000000000 0.000000000 0.000000000 0.000000000 0.000000000 0.000000000 0.000000000 0.000000000 0.000000000 0.000000000 0.000000000 0.000000000 0.000000000 0.000000000 0.000000000 0.000000000 0.000000000 0.000000000 0.000000000 0.000000000 0.000000000 0.000000000 0.000000000 0.000000000 0.000000000 0.000000000 0.000000000 0.000000000 0.000000000 0.000000000 0.000000000 0.000000000 0.000000000 
0.000000000 0.000000000 0.000000000 0.000000000 0.000000000 0.000000000 0.000000000 0.000000000 0.000000000 0.000000000 0.000000000 0.000000000 0.000000000 0.000000000 0.000000000 0.000000000 0.000000000 0.000000000 0.000000000 0.000000000 0.000000000 0.000000000 0.000000000 0.000000000 0.000000000 0.000000000 0.000000000 0.000000000 0.000000000 0.000000000 0.000000000 0.000000000 0.000000000 0.000000000 0.000000000 0.000000000 0.000000000 0.000000000 0.000000000 0.000000000 0.000000000 0.000000000 0.000000000 0.000000000 0.000000000 0.000000000 0.000000000 0.000000000 0.000000000 0.000000000 0.000000000 0.000000000 0.000000000 0.000000000 0.000000000 0.000000000 0.000000000 0.000000000 0.000000000 0.000000000 0.000000000 0.000000000 0.000000000 0.000000000 0.000000000 0.000000000 0.000000000 0.000000000 0.000000000 0.000000000 0.000000000 0.000000000 0.000000000 0.000000000 0.000000000 0.000000000 0.000000000 0.000000000 0.000000000 0.000000000 0.000000000 0.000000000 0.000000000 0.000000000 0.000000000 0.000000000 0.000000000 0.000000000 0.000000000 0.000000000 0.000000000 0.000000000 0.000000000 0.000000000 0.000000000 0.000000000 0.000000000 0.000000000 0.000000000 0.000000000 0.000000000 0.000000000 0.000000000 0.000000000 0.000000000 0.000000000 0.000000000 0.000000000 0.000000000 0.000000000 0.000000000 0.000000000 0.000000000 0.000000000 0.000000000 0.000000000 0.000000000 0.000000000 0.000000000 0.000000000 0.000000000 0.000000000 0.000000000 0.000000000 0.000000000 0.000000000 0.000000000 0.000000000 0.000000000 0.000000000 0.000000000 0.000000000 0.000000000 0.000000000 0.000000000 0.000000000 0.000000000 0.000000000 0.000000000 0.000000000 0.000000000 0.000000000 0.000000000 0.000000000 0.000000000 0.000000000 0.000000000 0.000000000 0.000000000 0.000000000 0.000000000 0.000000000 0.000000000 0.000000000 0.000000000 0.000000000 0.000000000 0.000000000 0.000000000 0.000000000 0.000000000 0.000000000 0.000000000 0.000000000 0.000000000 0.000000000 0.000000000 0.000000000 0.000000000 0.000000000 0.000000000 0.000000000 0.000000000 0.000000000 0.000000000 0.000000000 0.000000000 0.000000000 0.000000000 0.000000000 0.000000000 0.000000000 0.000000000 0.000000000 0.000000000 0.000000000 0.000000000 0.000000000 0.000000000 0.000000000 0.000000000 0.000000000 0.000000000 0.000000000 0.000000000 0.000000000 0.000000000 0.000000000 0.000000000 0.000000000 0.000000000 0.000000000 0.000000000 0.000000000 0.000000000 0.000000000 0.000000000 0.000000000 0.000000000 0.000000000 0.000000000 0.000000000 0.000000000 0.000000000 0.000000000 0.000000000 0.000000000 0.000000000 0.000000000 0.000000000 0.000000000 0.000000000 0.000000000 0.000000000 0.000000000 0.000000000 0.000000000 0.000000000 0.000000000 0.000000000 0.000000000 0.000000000 0.000000000 0.000000000 0.000000000 0.000000000 0.000000000 0.000000000 0.000000000 0.000000000 0.000000000 0.000000000 0.000000000 0.000000000 0.000000000 0.000000000 0.000000000 0.000000000 0.000000000 0.000000000 0.000000000 0.000000000 0.000000000 0.000000000 0.000000000 0.000000000 0.000000000 
0.000000000 0.000000000 0.000000000 0.000000000 0.000000000 0.000000000 0.000000000 0.000000000 0.000000000 0.000000000 0.000000000 0.000000000 0.000000000 0.000000000 0.000000000 0.000000000 0.000000000 0.000000000 0.000000000 0.000000000 0.000000000 0.000000000 0.000000000 0.000000000 0.000000000 0.000000000 0.000000000 0.000000000 0.000000000 0.000000000 0.000000000 0.000000000 0.000000000 0.000000000 0.000000000 0.000000000 0.000000000 0.000000000 0.000000000 0.000000000 0.000000000 0.000000000 0.000000000 0.000000000 0.000000000 0.000000000 0.000000000 0.000000000 0.000000000 0.000000000 0.000000000 0.000000000 0.000000000 0.000000000 0.000000000 0.000000000 0.000000000 0.000000000 0.000000000 0.000000000 0.000000000 0.000000000 0.000000000 0.000000000 0.000000000 0.000000000 0.000000000 0.000000000 0.000000000 0.000000000 0.000000000 0.000000000 0.000000000 0.000000000 0.000000000 0.000000000 0.000000000 0.000000000 0.000000000 0.000000000 0.000000000 0.000000000 0.000000000 0.000000000 0.000000000 0.000000000 0.000000000 0.000000000 0.000000000 0.000000000 0.000000000 0.000000000 0.000000000 0.000000000 0.000000000 0.000000000 0.000000000 0.000000000 0.000000000 0.000000000 0.000000000 0.000000000 0.000000000 0.000000000 0.000000000 0.000000000 0.000000000 0.000000000 0.000000000 0.000000000 0.000000000 0.000000000 0.000000000 0.000000000 0.000000000 0.000000000 0.000000000 0.000000000 0.000000000 0.000000000 0.000000000 0.000000000 0.000000000 0.000000000 0.000000000 0.000000000 0.000000000 0.000000000 0.000000000 0.000000000 0.000000000 0.000000000 0.000000000 0.000000000 0.000000000 0.000000000 0.000000000 0.000000000 0.000000000 0.000000000 0.000000000 0.000000000 0.000000000 0.000000000 0.000000000 0.000000000 0.000000000 0.000000000 0.000000000 0.000000000 0.000000000 0.000000000 0.000000000 0.000000000 0.000000000 0.000000000 0.000000000 0.000000000 0.000000000 0.000000000 0.000000000 0.000000000 0.000000000 0.000000000 0.000000000 0.000000000 0.000000000 0.000000000 0.000000000 0.000000000 0.000000000 0.000000000 0.000000000 0.000000000 0.000000000 0.000000000 0.000000000 0.000000000 0.000000000 0.000000000 0.000000000 0.000000000 0.000000000 0.000000000 0.000000000 0.000000000 0.000000000 0.000000000 0.000000000 0.000000000 0.000000000 0.000000000 0.000000000 0.000000000 0.000000000 0.000000000 0.000000000 0.000000000 0.000000000 0.000000000 0.000000000 0.000000000 0.000000000 0.000000000 0.000000000 0.000000000 0.000000000 0.000000000 0.000000000 0.000000000 0.000000000 0.000000000 0.000000000 0.000000000 0.000000000 0.000000000 0.000000000 0.000000000 0.000000000 0.000000000 0.000000000 0.000000000 0.000000000 0.000000000 0.000000000 0.000000000 0.000000000 0.000000000 0.000000000 0.000000000 0.000000000 0.000000000 0.000000000 0.000000000 0.000000000 0.000000000 0.000000000 0.000000000 0.000000000 0.000000000 0.000000000 0.000000000 0.000000000 0.000000000 0.000000000 0.000000000 0.000000000 0.000000000 0.000000000 0.000000000 0.000000000 0.000000000 0.000000000 0.000000000 0.000000000 0.000000000 0.000000000 
0.000000000 0.000000000 0.000000000 0.000000000 0.000000000 0.000000000 0.000000000 0.000000000 0.000000000 0.000000000 0.000000000 0.000000000 0.000000000 0.000000000 0.000000000 0.000000000 0.000000000 0.000000000 0.000000000 0.000000000 0.000000000 0.000000000 0.000000000 0.000000000 0.000000000 0.000000000 0.000000000 0.000000000 0.000000000 0.000000000 0.000000000 0.000000000 0.000000000 0.000000000 0.000000000 0.000000000 0.000000000 0.000000000 0.000000000 0.000000000 0.000000000 0.000000000 0.000000000 0.000000000 0.000000000 0.000000000 0.000000000 0.000000000 0.000000000 0.000000000 0.000000000 0.000000000 0.000000000 0.000000000 0.000000000 0.000000000 0.000000000 0.000000000 0.000000000 0.000000000 0.000000000 0.000000000 0.000000000 0.000000000 0.000000000 0.000000000 0.000000000 0.000000000 0.000000000 0.000000000 0.000000000 0.000000000 0.000000000 0.000000000 0.000000000 0.000000000 0.000000000 0.000000000 0.000000000 0.000000000 0.000000000 0.000000000 0.000000000 0.000000000 0.000000000 0.000000000 0.000000000 0.000000000 0.000000000 0.000000000 0.000000000 0.000000000 0.000000000 0.000000000 0.000000000 0.000000000 0.000000000 0.000000000 0.000000000 0.000000000 0.000000000 0.000000000 0.000000000 0.000000000 0.000000000 0.000000000 0.000000000 0.000000000 0.000000000 0.000000000 0.000000000 0.000000000 0.000000000 0.000000000 0.000000000 0.000000000 0.000000000 0.000000000 0.000000000 0.000000000 0.000000000 0.000000000 0.000000000 0.000000000 0.000000000 0.000000000 0.000000000 0.000000000 0.000000000 0.000000000 0.000000000 0.000000000 0.000000000 0.000000000 0.000000000 0.000000000 0.000000000 0.000000000 0.000000000 0.000000000 0.000000000 0.000000000 0.000000000 0.000000000 0.000000000 0.000000000 0.000000000 0.000000000 0.000000000 0.000000000 0.000000000 0.000000000 0.000000000 0.000000000 0.000000000 0.000000000 0.000000000 0.000000000 0.000000000 0.000000000 0.000000000 0.000000000 0.000000000 0.000000000 0.000000000 0.000000000 0.000000000 0.000000000 0.000000000 0.000000000 0.000000000 0.000000000 0.000000000 0.000000000 0.000000000 0.000000000 0.000000000 0.000000000 0.000000000 0.000000000 0.000000000 0.000000000 0.000000000 0.000000000 0.000000000 0.000000000 0.000000000 0.000000000 0.000000000 0.000000000 0.000000000 0.000000000 0.000000000 0.000000000 0.000000000 0.000000000 0.000000000 0.000000000 0.000000000 0.000000000 0.000000000 0.000000000 0.000000000 0.000000000 0.000000000 0.000000000 0.000000000 0.000000000 0.000000000 0.000000000 0.000000000 0.000000000 0.000000000 0.000000000 0.000000000 0.000000000 0.000000000 0.000000000 0.000000000 0.000000000 0.000000000 0.000000000 0.000000000 0.000000000 0.000000000 0.000000000 0.000000000 0.000000000 0.000000000 0.000000000 0.000000000 0.000000000 0.000000000 0.000000000 0.000000000 0.000000000 0.000000000 0.000000000 0.000000000 0.000000000 0.000000000 0.000000000 0.000000000 0.000000000 0.000000000 0.000000000 0.000000000 0.000000000 0.000000000 0.000000000 0.000000000 0.000000000 0.000000000 0.000000000 0.000000000 0.000000000 0.000000000 
0.000000000 0.000000000 0.000000000 0.000000000 0.000000000 0.000000000 0.000000000 0.000000000 0.000000000 0.000000000 0.000000000 0.000000000 0.000000000 0.000000000 0.000000000 0.000000000 0.000000000 0.000000000 0.000000000 0.000000000 0.000000000 0.000000000 0.000000000 0.000000000 0.000000000 0.000000000 0.000000000 0.000000000 0.000000000 0.000000000 0.000000000 0.000000000 0.000000000 0.000000000 0.000000000 0.000000000 0.000000000 0.000000000 0.000000000 0.000000000 0.000000000 0.000000000 0.000000000 0.000000000 0.000000000 0.000000000 0.000000000 0.000000000 0.000000000 0.000000000 0.000000000 0.000000000 0.000000000 0.000000000 0.000000000 0.000000000 0.000000000 0.000000000 0.000000000 0.000000000 0.000000000 0.000000000 0.000000000 0.000000000 0.000000000 0.000000000 0.000000000 0.000000000 0.000000000 0.000000000 0.000000000 0.000000000 0.000000000 0.000000000 0.000000000 0.000000000 0.000000000 0.000000000 0.000000000 0.000000000 0.000000000 0.000000000 0.000000000 0.000000000 0.000000000 0.000000000 0.000000000 0.000000000 0.000000000 0.000000000 0.000000000 0.000000000 0.000000000 0.000000000 0.000000000 0.000000000 0.000000000 0.000000000 0.000000000 0.000000000 0.000000000 0.000000000 0.000000000 0.000000000 0.000000000 0.000000000 0.000000000 0.000000000 0.000000000 0.000000000 0.000000000 0.000000000 0.000000000 0.000000000 0.000000000 0.000000000 0.000000000 0.000000000 0.000000000 0.000000000 0.000000000 0.000000000 0.000000000 0.000000000 0.000000000 0.000000000 0.000000000 0.000000000 0.000000000 0.000000000 0.000000000 0.000000000 0.000000000 0.000000000 0.000000000 0.000000000 0.000000000 0.000000000 0.000000000 0.000000000 0.000000000 0.000000000 0.000000000 0.000000000 0.000000000 0.000000000 0.000000000 0.000000000 0.000000000 0.000000000 0.000000000 0.000000000 0.000000000 0.000000000 0.000000000 0.000000000 0.000000000 0.000000000 0.000000000 0.000000000 0.000000000 0.000000000 0.000000000 0.000000000 0.000000000 0.000000000 0.000000000 0.000000000 0.000000000 0.000000000 0.000000000 0.000000000 0.000000000 0.000000000 0.000000000 0.000000000 0.000000000 0.000000000 0.000000000 0.000000000 0.000000000 0.000000000 0.000000000 0.000000000 0.000000000 0.000000000 0.000000000 0.000000000 0.000000000 0.000000000 0.000000000 0.000000000 0.000000000 0.000000000 0.000000000 0.000000000 0.000000000 0.000000000 0.000000000 0.000000000 0.000000000 0.000000000 0.000000000 0.000000000 0.000000000 0.000000000 0.000000000 0.000000000 0.000000000 0.000000000 0.000000000 0.000000000 0.000000000 0.000000000 0.000000000 0.000000000 0.000000000 0.000000000 0.000000000 0.000000000 0.000000000 0.000000000 0.000000000 0.000000000 0.000000000 0.000000000 0.000000000 0.000000000 0.000000000 0.000000000 0.000000000 0.000000000 0.000000000 0.000000000 0.000000000 0.000000000 0.000000000 0.000000000 0.000000000 0.000000000 0.000000000 0.000000000 0.000000000 0.000000000 0.000000000 0.000000000 0.000000000 0.000000000 0.000000000 0.000000000 0.000000000 0.000000000 0.000000000 0.000000000 0.000000000 0.000000000 0.000000000 
0.000000000 0.000000000 0.000000000 0.000000000 0.000000000 0.000000000 0.000000000 0.000000000 0.000000000 0.000000000 0.000000000 0.000000000 0.000000000 0.000000000 0.000000000 0.000000000 0.000000000 0.000000000 0.000000000 0.000000000 0.000000000 0.000000000 0.000000000 0.000000000 0.000000000 0.000000000 0.000000000 0.000000000 0.000000000 0.000000000 0.000000000 0.000000000 0.000000000 0.000000000 0.000000000 0.000000000 0.000000000 0.000000000 0.000000000 0.000000000 0.000000000 0.000000000 0.000000000 0.000000000 0.000000000 0.000000000 0.000000000 0.000000000 0.000000000 0.000000000 0.000000000 0.000000000 0.000000000 0.000000000 0.000000000 0.000000000 0.000000000 0.000000000 0.000000000 0.000000000 0.000000000 0.000000000 0.000000000 0.000000000 0.000000000 0.000000000 0.000000000 0.000000000 0.000000000 0.000000000 0.000000000 0.000000000 0.000000000 0.000000000 0.000000000 0.000000000 0.000000000 0.000000000 0.000000000 0.000000000 0.000000000 0.000000000 0.000000000 0.000000000 0.000000000 0.000000000 0.000000000 0.000000000 0.000000000 0.000000000 0.000000000 0.000000000 0.000000000 0.000000000 0.000000000 0.000000000 0.000000000 0.000000000 0.000000000 0.000000000 0.000000000 0.000000000 0.000000000 0.000000000 0.000000000 0.000000000 0.000000000 0.000000000 0.000000000 0.000000000 0.000000000 0.000000000 0.000000000 0.000000000 0.000000000 0.000000000 0.000000000 0.000000000 0.000000000 0.000000000 0.000000000 0.000000000 0.000000000 0.000000000 0.000000000 0.000000000 0.000000000 0.000000000 0.000000000 0.000000000 0.000000000 0.000000000 0.000000000 0.000000000 0.000000000 0.000000000 0.000000000 0.000000000 0.000000000 0.000000000 0.000000000 0.000000000 0.000000000 0.000000000 0.000000000 0.000000000 0.000000000 0.000000000 0.000000000 0.000000000 0.000000000 0.000000000 0.000000000 0.000000000 0.000000000 0.000000000 0.000000000 0.000000000 0.000000000 0.000000000 0.000000000 0.000000000 0.000000000 0.000000000 0.000000000 0.000000000 0.000000000 0.000000000 0.000000000 0.000000000 0.000000000 0.000000000 0.000000000 0.000000000 0.000000000 0.000000000 0.000000000 0.000000000 0.000000000 0.000000000 0.000000000 0.000000000 0.000000000 0.000000000 0.000000000 0.000000000 0.000000000 0.000000000 0.000000000 0.000000000 0.000000000 0.000000000 0.000000000 0.000000000 0.000000000 0.000000000 0.000000000 0.000000000 0.000000000 0.000000000 0.000000000 0.000000000 0.000000000 0.000000000 0.000000000 0.000000000 0.000000000 0.000000000 0.000000000 0.000000000 0.000000000 0.000000000 0.000000000 0.000000000 0.000000000 0.000000000 0.000000000 0.000000000 0.000000000 0.000000000 0.000000000 0.000000000 0.000000000 0.000000000 0.000000000 0.000000000 0.000000000 0.000000000 0.000000000 0.000000000 0.000000000 0.000000000 0.000000000 0.000000000 0.000000000 0.000000000 0.000000000 0.000000000 0.000000000 0.000000000 0.000000000 0.000000000 0.000000000 0.000000000 0.000000000 0.000000000 0.000000000 0.000000000 0.000000000 0.000000000 0.000000000 0.000000000 0.000000000 0.000000000 0.000000000 0.000000000 0.000000000 
0.000000000 0.000000000 0.000000000 0.000000000 0.000000000 0.000000000 0.000000000 0.000000000 0.000000000 0.000000000 0.000000000 0.000000000 0.000000000 0.000000000 0.000000000 0.000000000 0.000000000 0.000000000 0.000000000 0.000000000 0.000000000 0.000000000 0.000000000 0.000000000 0.000000000 0.000000000 0.000000000 0.000000000 0.000000000 0.000000000 0.000000000 0.000000000 0.000000000 0.000000000 0.000000000 0.000000000 0.000000000 0.000000000 0.000000000 0.000000000 0.000000000 0.000000000 0.000000000 0.000000000 0.000000000 0.000000000 0.000000000 0.000000000 0.000000000 0.000000000 0.000000000 0.000000000 0.000000000 0.000000000 0.000000000 0.000000000 0.000000000 0.000000000 0.000000000 0.000000000 0.000000000 0.000000000 0.000000000 0.000000000 0.000000000 0.000000000 0.000000000 0.000000000 0.000000000 0.000000000 0.000000000 0.000000000 0.000000000 0.000000000 0.000000000 0.000000000 0.000000000 0.000000000 0.000000000 0.000000000 0.000000000 0.000000000 0.000000000 0.000000000 0.000000000 0.000000000 0.000000000 0.000000000 0.000000000 0.000000000 0.000000000 0.000000000 0.000000000 0.000000000 0.000000000 0.000000000 0.000000000 0.000000000 0.000000000 0.000000000 0.000000000 0.000000000 0.000000000 0.000000000 0.000000000 0.000000000 0.000000000 0.000000000 0.000000000 0.000000000 0.000000000 0.000000000 0.000000000 0.000000000 0.000000000 0.000000000 0.000000000 0.000000000 0.000000000 0.000000000 0.000000000 0.000000000 0.000000000 0.000000000 0.000000000 0.000000000 0.000000000 0.000000000 0.000000000 0.000000000 0.000000000 0.000000000 0.000000000 0.000000000 0.000000000 0.000000000 0.000000000 0.000000000 0.000000000 0.000000000 0.000000000 0.000000000 0.000000000 0.000000000 0.000000000 0.000000000 0.000000000 0.000000000 0.000000000 0.000000000 0.000000000 0.000000000 0.000000000 0.000000000 0.000000000 0.000000000 0.000000000 0.000000000 0.000000000 0.000000000 0.000000000 0.000000000 0.000000000 0.000000000 0.000000000 0.000000000 0.000000000 0.000000000 0.000000000 0.000000000 0.000000000 0.000000000 0.000000000 0.000000000 0.000000000 0.000000000 0.000000000 0.000000000 0.000000000 0.000000000 0.000000000 0.000000000 0.000000000 0.000000000 0.000000000 0.000000000 0.000000000 0.000000000 0.000000000 0.000000000 0.000000000 0.000000000 0.000000000 0.000000000 0.000000000 0.000000000 0.000000000 0.000000000 0.000000000 0.000000000 0.000000000 0.000000000 0.000000000 0.000000000 0.000000000 0.000000000 0.000000000 0.000000000 0.000000000 0.000000000 0.000000000 0.000000000 0.000000000 0.000000000 0.000000000 0.000000000 0.000000000 0.000000000 0.000000000 0.000000000 0.000000000 0.000000000 0.000000000 0.000000000 0.000000000 0.000000000 0.000000000 0.000000000 0.000000000 0.000000000 0.000000000 0.000000000 0.000000000 0.000000000 0.000000000 0.000000000 0.000000000 0.000000000 0.000000000 0.000000000 0.000000000 0.000000000 0.000000000 0.000000000 0.000000000 0.000000000 0.000000000 0.000000000 0.000000000 0.000000000 0.000000000 0.000000000 0.000000000 0.000000000 0.000000000 0.000000000 0.000000000 
0.000000000 0.000000000 0.000000000 0.000000000 0.000000000 0.000000000 0.000000000 0.000000000 0.000000000 0.000000000 0.000000000 0.000000000 0.000000000 0.000000000 0.000000000 0.000000000 0.000000000 0.000000000 0.000000000 0.000000000 0.000000000 0.000000000 0.000000000 0.000000000 0.000000000 0.000000000 0.000000000 0.000000000 0.000000000 0.000000000 0.000000000 0.000000000 0.000000000 0.000000000 0.000000000 0.000000000 0.000000000 0.000000000 0.000000000 0.000000000 0.000000000 0.000000000 0.000000000 0.000000000 0.000000000 0.000000000 0.000000000 0.000000000 0.000000000 0.000000000 0.000000000 0.000000000 0.000000000 0.000000000 0.000000000 0.000000000 0.000000000 0.000000000 0.000000000 0.000000000 0.000000000 0.000000000 0.000000000 0.000000000 0.000000000 0.000000000 0.000000000 0.000000000 0.000000000 0.000000000 0.000000000 0.000000000 0.000000000 0.000000000 0.000000000 0.000000000 0.000000000 0.000000000 0.000000000 0.000000000 0.000000000 0.000000000 0.000000000 0.000000000 0.000000000 0.000000000 0.000000000 0.000000000 0.000000000 0.000000000 0.000000000 0.000000000 0.000000000 0.000000000 0.000000000 0.000000000 0.000000000 0.000000000 0.000000000 0.000000000 0.000000000 0.000000000 0.000000000 0.000000000 0.000000000 0.000000000 0.000000000 0.000000000 0.000000000 0.000000000 0.000000000 0.000000000 0.000000000 0.000000000 0.000000000 0.000000000 0.000000000 0.000000000 0.000000000 0.000000000 0.000000000 0.000000000 0.000000000 0.000000000 0.000000000 0.000000000 0.000000000 0.000000000 0.000000000 0.000000000 0.000000000 0.000000000 0.000000000 0.000000000 0.000000000 0.000000000 0.000000000 0.000000000 0.000000000 0.000000000 0.000000000 0.000000000 0.000000000 0.000000000 0.000000000 0.000000000 0.000000000 0.000000000 0.000000000 0.000000000 0.000000000 0.000000000 0.000000000 0.000000000 0.000000000 0.000000000 0.000000000 0.000000000 0.000000000 0.000000000 0.000000000 0.000000000 0.000000000 0.000000000 0.000000000 0.000000000 0.000000000 0.000000000 0.000000000 0.000000000 0.000000000 0.000000000 0.000000000 0.000000000 0.000000000 0.000000000 0.000000000 0.000000000 0.000000000 0.000000000 0.000000000 0.000000000 0.000000000 0.000000000 0.000000000 0.000000000 0.000000000 0.000000000 0.000000000 0.000000000 0.000000000 0.000000000 0.000000000 0.000000000 0.000000000 0.000000000 0.000000000 0.000000000 0.000000000 0.000000000 0.000000000 0.000000000 0.000000000 0.000000000 0.000000000 0.000000000 0.000000000 0.000000000 0.000000000 0.000000000 0.000000000 0.000000000 0.000000000 0.000000000 0.000000000 0.000000000 0.000000000 0.000000000 0.000000000 0.000000000 0.000000000 0.000000000 0.000000000 0.000000000 0.000000000 0.000000000 0.000000000 0.000000000 0.000000000 0.000000000 0.000000000 0.000000000 0.000000000 0.000000000 0.000000000 0.000000000 0.000000000 0.000000000 0.000000000 0.000000000 0.000000000 0.000000000 0.000000000 0.000000000 0.000000000 0.000000000 0.000000000 0.000000000 0.000000000 0.000000000 0.000000000 0.000000000 0.000000000 0.000000000 0.000000000 0.000000000 0.000000000 
