0.000000000 0.000000000 0.000000000 0.000000000 0.000000000 0.000000000 0.000000000 0.000000000 0.000000000 0.000000000 0.000000000 0.000000000 0.000000000 0.000000000 0.000000000 0.000000000 0.000000000 0.000000000 0.000000000 0.000000000 0.000000000 0.000000000 0.000000000 0.000000000 0.000000000 0.000000000 0.000000000 0.000000000 0.000000000 0.000000000 0.000000000 0.000000000 0.000000000 0.000000000 0.000000000 0.000000000 0.000000000 0.000000000 0.000000000 0.000000000 0.000000000 0.000000000 0.000000000 0.000000000 0.000000000 0.000000000 0.000000000 0.000000000 0.000000000 0.000000000 0.000000000 0.000000000 0.000000000 0.000000000 0.000000000 0.000000000 0.000000000 0.000000000 0.000000000 0.000000000 0.000000000 0.000000000 0.000000000 0.000000000 0.000000000 0.000000000 0.000000000 0.000000000 0.000000000 0.000000000 0.000000000 0.000000000 0.000000000 0.000000000 0.000000000 0.000000000 0.000000000 0.000000000 0.000000000 0.000000000 0.000000000 0.000000000 0.000000000 0.000000000 0.000000000 0.000000000 0.000000000 0.000000000 0.000000000 0.000000000 0.000000000 0.000000000 0.000000000 0.000000000 0.000000000 0.000000000 0.000000000 0.000000000 0.000000000 0.000000000 0.000000000 0.000000000 0.000000000 0.000000000 0.000000000 0.000000000 0.000000000 0.000000000 0.000000000 0.000000000 0.000000000 0.000000000 0.000000000 0.000000000 0.000000000 0.000000000 0.000000000 0.000000000 0.000000000 0.000000000 0.000000000 0.000000000 0.000000000 0.000000000 0.000000000 0.000000000 0.000000000 0.000000000 0.000000000 0.000000000 0.000000000 0.000000000 0.000000000 0.000000000 0.000000000 0.000000000 0.000000000 0.000000000 0.000000000 0.000000000 0.000000000 0.000000000 0.000000000 0.000000000 0.000000000 0.000000000 0.000000000 0.000000000 0.000000000 0.000000000 0.000000000 0.000000000 0.000000000 0.000000000 0.000000000 0.000000000 0.000000000 0.000000000 0.000000000 0.000000000 0.000000000 0.000000000 0.000000000 0.000000000 0.000000000 0.000000000 0.000000000 0.000000000 0.000000000 0.000000000 0.000000000 0.000000000 0.000000000 0.000000000 0.000000000 0.000000000 0.000000000 0.000000000 0.000000000 0.000000000 0.000000000 0.000000000 0.000000000 0.000000000 0.000000000 0.000000000 0.000000000 0.000000000 0.000000000 0.000000000 0.000000000 0.000000000 0.000000000 0.000000000 0.000000000 0.000000000 0.000000000 0.000000000 0.000000000 0.000000000 0.000000000 0.000000000 0.000000000 0.000000000 0.000000000 0.000000000 0.000000000 0.000000000 0.000000000 0.000000000 0.000000000 0.000000000 0.000000000 0.000000000 0.000000000 0.000000000 0.000000000 0.000000000 0.000000000 0.000000000 0.000000000 0.000000000 0.000000000 0.000000000 0.000000000 0.000000000 0.000000000 0.000000000 0.000000000 0.000000000 0.000000000 0.000000000 0.000000000 0.000000000 0.000000000 0.000000000 0.000000000 0.000000000 0.000000000 0.000000000 0.000000000 0.000000000 0.000000000 0.000000000 0.000000000 0.000000000 0.000000000 0.000000000 0.000000000 0.000000000 0.000000000 0.000000000 0.000000000 0.000000000 0.000000000 0.000000000 0.000000000 
0.101562500 0.101562500 0.101562500 0.097656250 0.093750000 0.089843750 0.085937500 0.082031250 0.078125000 0.070312500 0.062500000 0.058593750 0.050781250 0.042968750 0.035156250 0.027343750 0.023437500 0.015625000 0.007812500 0.003906250 0.000000000 0.007812500 0.011718750 0.015625000 0.015625000 0.019531250 0.019531250 0.023437500 0.023437500 0.023437500 0.019531250 0.019531250 0.019531250 0.015625000 0.015625000 0.011718750 0.007812500 0.007812500 0.003906250 0.000000000 0.000000000 0.003906250 0.007812500 0.007812500 0.011718750 0.011718750 0.011718750 0.011718750 0.011718750 0.011718750 0.011718750 0.011718750 0.011718750 0.011718750 0.007812500 0.007812500 0.003906250 0.003906250 0.000000000 0.000000000 0.000000000 0.003906250 0.003906250 0.007812500 0.007812500 0.007812500 0.007812500 0.007812500 0.007812500 0.007812500 0.007812500 0.007812500 0.007812500 0.007812500 0.007812500 0.003906250 0.003906250 0.003906250 0.000000000 0.000000000 0.000000000 0.003906250 0.003906250 0.003906250 0.007812500 0.007812500 0.007812500 0.007812500 0.007812500 0.007812500 0.007812500 0.007812500 0.007812500 0.003906250 0.003906250 0.003906250 0.003906250 0.000000000 0.000000000 0.000000000 0.000000000 0.003906250 0.003906250 0.003906250 0.003906250 0.003906250 0.007812500 0.007812500 0.007812500 0.007812500 0.007812500 0.003906250 0.003906250 0.003906250 0.003906250 0.003906250 0.003906250 0.000000000 0.000000000 0.000000000 0.000000000 0.003906250 0.003906250 0.003906250 0.003906250 0.003906250 0.003906250 0.003906250 0.003906250 0.003906250 0.003906250 0.003906250 0.003906250 0.003906250 0.003906250 0.003906250 0.000000000 0.000000000 0.000000000 0.000000000 0.000000000 0.003906250 0.003906250 0.003906250 0.003906250 0.003906250 0.003906250 0.003906250 0.003906250 0.003906250 0.003906250 0.003906250 0.003906250 0.003906250 0.003906250 0.000000000 0.000000000 0.000000000 0.000000000 0.000000000 0.000000000 0.003906250 0.003906250 0.003906250 0.003906250 0.003906250 0.003906250 0.003906250 0.003906250 0.003906250 0.003906250 0.003906250 0.003906250 0.003906250 0.003906250 0.000000000 0.000000000 0.000000000 0.000000000 0.000000000 0.000000000 0.003906250 0.003906250 0.003906250 0.003906250 0.003906250 0.003906250 0.003906250 0.003906250 0.003906250 0.003906250 0.003906250 0.003906250 0.003906250 0.000000000 0.000000000 0.000000000 0.000000000 0.000000000 0.000000000 0.003906250 0.003906250 0.003906250 0.003906250 0.003906250 0.003906250 0.003906250 0.003906250 0.003906250 0.003906250 0.003906250 0.003906250 0.003906250 0.003906250 0.000000000 0.000000000 0.000000000 0.000000000 0.000000000 0.000000000 0.003906250 0.003906250 0.003906250 0.003906250 0.003906250 0.003906250 0.003906250 0.003906250 0.003906250 0.003906250 0.003906250 0.003906250 0.003906250 0.003906250 0.000000000 0.000000000 0.000000000 0.000000000 0.000000000 0.000000000 0.003906250 0.003906250 0.003906250 0.003906250 0.003906250 0.003906250 0.003906250 0.003906250 0.003906250 0.003906250 0.003906250 0.003906250 0.003906250 0.000000000 0.000000000 0.000000000 0.000000000 
0.117187500 0.101562500 0.085937500 0.097656250 0.109375000 0.093750000 0.070312500 0.078125000 0.089843750 0.078125000 0.050781250 0.054687500 0.062500000 0.050781250 0.023437500 0.023437500 0.035156250 0.027343750 0.007812500 0.011718750 0.015625000 0.011718750 0.023437500 0.027343750 0.015625000 0.011718750 0.031250000 0.035156250 0.019531250 0.011718750 0.031250000 0.035156250 0.019531250 0.007812500 0.023437500 0.027343750 0.015625000 0.007812500 0.015625000 0.015625000 0.011718750 0.015625000 0.015625000 0.003906250 0.015625000 0.023437500 0.019531250 0.003906250 0.015625000 0.023437500 0.019531250 0.003906250 0.011718750 0.019531250 0.015625000 0.007812500 0.011718750 0.015625000 0.011718750 0.011718750 0.011718750 0.007812500 0.007812500 0.015625000 0.015625000 0.007812500 0.007812500 0.015625000 0.019531250 0.007812500 0.003906250 0.015625000 0.015625000 0.007812500 0.003906250 0.011718750 0.011718750 0.007812500 0.007812500 0.007812500 0.007812500 0.007812500 0.011718750 0.007812500 0.000000000 0.007812500 0.015625000 0.011718750 0.000000000 0.007812500 0.011718750 0.011718750 0.000000000 0.007812500 0.011718750 0.007812500 0.003906250 0.003906250 0.003906250 0.003906250 0.003906250 0.007812500 0.003906250 0.003906250 0.007812500 0.007812500 0.003906250 0.003906250 0.007812500 0.007812500 0.003906250 0.003906250 0.007812500 0.007812500 0.003906250 0.000000000 0.003906250 0.003906250 0.000000000 0.003906250 0.000000000 0.000000000 0.003906250 0.003906250 0.003906250 0.003906250 0.003906250 0.003906250 0.003906250 0.003906250 0.003906250 0.003906250 0.003906250 0.003906250 0.003906250 0.000000000 0.000000000 0.000000000 0.000000000 0.003906250 0.003906250 0.000000000 0.003906250 0.003906250 0.003906250 0.003906250 0.003906250 0.007812500 0.007812500 0.003906250 0.003906250 0.007812500 0.007812500 0.003906250 0.000000000 0.003906250 0.003906250 0.003906250 0.003906250 0.003906250 0.000000000 0.003906250 0.007812500 0.003906250 0.000000000 0.007812500 0.007812500 0.003906250 0.000000000 0.007812500 0.007812500 0.003906250 0.000000000 0.003906250 0.007812500 0.003906250 0.003906250 0.003906250 0.003906250 0.003906250 0.007812500 0.003906250 0.000000000 0.003906250 0.007812500 0.007812500 0.003906250 0.003906250 0.007812500 0.007812500 0.003906250 0.003906250 0.007812500 0.007812500 0.003906250 0.003906250 0.003906250 0.003906250 0.003906250 0.003906250 0.003906250 0.003906250 0.007812500 0.007812500 0.003906250 0.000000000 0.007812500 0.007812500 0.003906250 0.000000000 0.003906250 0.007812500 0.003906250 0.000000000 0.003906250 0.003906250 0.003906250 0.003906250 0.003906250 0.000000000 0.003906250 0.003906250 0.003906250 0.000000000 0.003906250 0.007812500 0.003906250 0.003906250 0.003906250 0.003906250 0.003906250 0.000000000 0.003906250 0.003906250 0.003906250 0.000000000 0.000000000 0.000000000 0.000000000 0.003906250 0.003906250 0.003906250 0.003906250 0.003906250 0.003906250 0.003906250 0.003906250 0.003906250 0.003906250 0.003906250 0.003906250 0.003906250 0.003906250 0.000000000 0.000000000 0.000000000 0.000000000 
0.117187500 0.101562500 0.085937500 0.097656250 0.109375000 0.093750000 0.070312500 0.078125000 0.089843750 0.078125000 0.050781250 0.054687500 0.062500000 0.050781250 0.023437500 0.023437500 0.035156250 0.027343750 0.007812500 0.011718750 0.015625000 0.011718750 0.023437500 0.027343750 0.015625000 0.011718750 0.031250000 0.035156250 0.019531250 0.011718750 0.031250000 0.035156250 0.019531250 0.007812500 0.023437500 0.027343750 0.015625000 0.007812500 0.015625000 0.015625000 0.011718750 0.015625000 0.015625000 0.003906250 0.015625000 0.023437500 0.019531250 0.003906250 0.015625000 0.023437500 0.019531250 0.003906250 0.011718750 0.019531250 0.015625000 0.007812500 0.011718750 0.015625000 0.011718750 0.011718750 0.011718750 0.007812500 0.007812500 0.015625000 0.015625000 0.007812500 0.007812500 0.015625000 0.019531250 0.007812500 0.003906250 0.015625000 0.015625000 0.007812500 0.003906250 0.011718750 0.011718750 0.007812500 0.007812500 0.007812500 0.007812500 0.007812500 0.011718750 0.007812500 0.000000000 0.007812500 0.015625000 0.011718750 0.000000000 0.007812500 0.011718750 0.011718750 0.000000000 0.007812500 0.011718750 0.007812500 0.003906250 0.003906250 0.003906250 0.003906250 0.003906250 0.007812500 0.003906250 0.003906250 0.007812500 0.007812500 0.003906250 0.003906250 0.007812500 0.007812500 0.003906250 0.003906250 0.007812500 0.007812500 0.003906250 0.000000000 0.003906250 0.003906250 0.000000000 0.003906250 0.000000000 0.000000000 0.003906250 0.003906250 0.003906250 0.003906250 0.003906250 0.003906250 0.003906250 0.003906250 0.003906250 0.003906250 0.003906250 0.003906250 0.003906250 0.000000000 0.000000000 0.000000000 0.000000000 0.003906250 0.003906250 0.000000000 0.003906250 0.003906250 0.003906250 0.003906250 0.003906250 0.007812500 0.007812500 0.003906250 0.003906250 0.007812500 0.007812500 0.003906250 0.000000000 0.003906250 0.003906250 0.003906250 0.003906250 0.003906250 0.000000000 0.003906250 0.007812500 0.003906250 0.000000000 0.007812500 0.007812500 0.003906250 0.000000000 0.007812500 0.007812500 0.003906250 0.000000000 0.003906250 0.007812500 0.003906250 0.003906250 0.003906250 0.003906250 0.003906250 0.007812500 0.003906250 0.000000000 0.003906250 0.007812500 0.007812500 0.003906250 0.003906250 0.007812500 0.007812500 0.003906250 0.003906250 0.007812500 0.007812500 0.003906250 0.003906250 0.003906250 0.003906250 0.003906250 0.003906250 0.003906250 0.003906250 0.007812500 0.007812500 0.003906250 0.000000000 0.007812500 0.007812500 0.003906250 0.000000000 0.003906250 0.007812500 0.003906250 0.000000000 0.003906250 0.003906250 0.003906250 0.003906250 0.003906250 0.000000000 0.003906250 0.003906250 0.003906250 0.000000000 0.003906250 0.007812500 0.003906250 0.003906250 0.003906250 0.003906250 0.003906250 0.000000000 0.003906250 0.003906250 0.003906250 0.000000000 0.000000000 0.000000000 0.000000000 0.003906250 0.003906250 0.003906250 0.003906250 0.003906250 0.003906250 0.003906250 0.003906250 0.003906250 0.003906250 0.003906250 0.003906250 0.003906250 0.003906250 0.000000000 0.000000000 0.000000000 0.000000000 
0.015625000 0.015625000 0.015625000 0.015625000 0.015625000 0.015625000 0.015625000 0.015625000 0.015625000 0.015625000 0.015625000 0.015625000 0.015625000 0.015625000 0.015625000 0.015625000 0.015625000 0.015625000 0.015625000 0.015625000 0.015625000 0.015625000 0.015625000 0.015625000 0.015625000 0.015625000 0.015625000 0.015625000 0.015625000 0.015625000 0.015625000 0.015625000 0.015625000 0.015625000 0.015625000 0.015625000 0.015625000 0.015625000 0.011718750 0.011718750 0.011718750 0.011718750 0.011718750 0.011718750 0.011718750 0.011718750 0.011718750 0.011718750 0.011718750 0.011718750 0.011718750 0.011718750 0.011718750 0.011718750 0.011718750 0.011718750 0.011718750 0.011718750 0.011718750 0.011718750 0.011718750 0.011718750 0.011718750 0.011718750 0.011718750 0.011718750 0.011718750 0.007812500 0.007812500 0.007812500 0.007812500 0.007812500 0.007812500 0.007812500 0.007812500 0.007812500 0.007812500 0.007812500 0.007812500 0.007812500 0.007812500 0.007812500 0.007812500 0.007812500 0.007812500 0.007812500 0.007812500 0.007812500 0.007812500 0.007812500 0.007812500 0.003906250 0.003906250 0.003906250 0.003906250 0.003906250 0.003906250 0.003906250 0.003906250 0.003906250 0.003906250 0.003906250 0.003906250 0.003906250 0.003906250 0.003906250 0.003906250 0.003906250 0.003906250 0.003906250 0.003906250 0.003906250 0.003906250 0.003906250 0.003906250 0.000000000 0.000000000 0.000000000 0.000000000 0.000000000 0.000000000 0.000000000 0.000000000 0.000000000 0.000000000 0.000000000 0.000000000 0.000000000 0.000000000 0.000000000 0.000000000 0.000000000 0.000000000 0.000000000 0.000000000 0.000000000 0.000000000 0.000000000 0.000000000 0.000000000 0.000000000 0.000000000 0.000000000 0.000000000 0.000000000 0.003906250 0.003906250 0.003906250 0.003906250 0.003906250 0.003906250 0.003906250 0.003906250 0.003906250 0.003906250 0.003906250 0.003906250 0.003906250 0.003906250 0.003906250 0.003906250 0.003906250 0.003906250 0.003906250 0.003906250 0.003906250 0.003906250 0.003906250 0.003906250 0.003906250 0.003906250 0.003906250 0.003906250 0.003906250 0.003906250 0.003906250 0.003906250 0.003906250 0.003906250 0.003906250 0.003906250 0.003906250 0.003906250 0.003906250 0.003906250 0.003906250 0.003906250 0.003906250 0.003906250 0.003906250 0.003906250 0.003906250 0.003906250 0.003906250 0.003906250 0.003906250 0.003906250 0.003906250 0.003906250 0.003906250 0.003906250 0.003906250 0.003906250 0.003906250 0.003906250 0.003906250 0.003906250 0.003906250 0.003906250 0.003906250 0.003906250 0.003906250 0.003906250 0.003906250 0.003906250 0.003906250 0.003906250 0.003906250 0.003906250 0.003906250 0.003906250 0.003906250 0.003906250 0.003906250 0.003906250 0.003906250 0.003906250 0.003906250 0.003906250 0.003906250 0.003906250 0.003906250 0.003906250 0.003906250 0.003906250 0.000000000 0.000000000 0.000000000 0.000000000 0.000000000 0.000000000 0.000000000 0.000000000 0.000000000 0.000000000 0.000000000 0.000000000 0.000000000 0.000000000 0.000000000 0.000000000 0.000000000 0.000000000 0.000000000 0.000000000 0.000000000 0.000000000 
0.000000000 0.000000000 0.000000000 0.000000000 0.000000000 0.000000000 0.000000000 0.000000000 0.000000000 0.000000000 0.000000000 0.000000000 0.000000000 0.000000000 0.000000000 0.000000000 0.000000000 0.000000000 0.000000000 0.000000000 0.000000000 0.000000000 0.000000000 0.000000000 0.000000000 0.000000000 0.000000000 0.000000000 0.000000000 0.000000000 0.000000000 0.000000000 0.000000000 0.000000000 0.000000000 0.000000000 0.000000000 0.000000000 0.000000000 0.000000000 0.000000000 0.000000000 0.000000000 0.000000000 0.000000000 0.000000000 0.000000000 0.000000000 0.000000000 0.000000000 0.000000000 0.000000000 0.000000000 0.000000000 0.000000000 0.000000000 0.000000000 0.000000000 0.000000000 0.000000000 0.000000000 0.000000000 0.000000000 0.000000000 0.000000000 0.000000000 0.000000000 0.000000000 0.000000000 0.000000000 0.000000000 0.000000000 0.000000000 0.000000000 0.000000000 0.000000000 0.000000000 0.000000000 0.000000000 0.000000000 0.000000000 0.000000000 0.000000000 0.000000000 0.000000000 0.000000000 0.000000000 0.000000000 0.000000000 0.000000000 0.000000000 0.000000000 0.000000000 0.000000000 0.000000000 0.000000000 0.000000000 0.000000000 0.000000000 0.000000000 0.000000000 0.000000000 0.000000000 0.000000000 0.000000000 0.000000000 0.000000000 0.000000000 0.000000000 0.000000000 0.000000000 0.000000000 0.000000000 0.000000000 0.000000000 0.000000000 0.000000000 0.000000000 0.000000000 0.000000000 0.000000000 0.000000000 0.000000000 0.000000000 0.000000000 0.000000000 0.000000000 0.000000000 0.000000000 0.000000000 0.000000000 0.000000000 0.000000000 0.000000000 0.000000000 0.000000000 0.000000000 0.000000000 0.000000000 0.000000000 0.000000000 0.000000000 0.000000000 0.000000000 0.000000000 0.000000000 0.000000000 0.000000000 0.000000000 0.000000000 0.000000000 0.000000000 0.000000000 0.000000000 0.000000000 0.000000000 0.000000000 0.000000000 0.000000000 0.000000000 0.000000000 0.000000000 0.000000000 0.000000000 0.000000000 0.000000000 0.000000000 0.000000000 0.000000000 0.000000000 0.000000000 0.000000000 0.000000000 0.000000000 0.000000000 0.000000000 0.000000000 0.000000000 0.000000000 0.000000000 0.000000000 0.000000000 0.000000000 0.000000000 0.000000000 0.000000000 0.000000000 0.000000000 0.000000000 0.000000000 0.000000000 0.000000000 0.000000000 0.000000000 0.000000000 0.000000000 0.000000000 0.000000000 0.000000000 0.000000000 0.000000000 0.000000000 0.000000000 0.000000000 0.000000000 0.000000000 0.000000000 0.000000000 0.000000000 0.000000000 0.000000000 0.000000000 0.000000000 0.000000000 0.000000000 0.000000000 0.000000000 0.000000000 0.000000000 0.000000000 0.000000000 0.000000000 0.000000000 0.000000000 0.000000000 0.000000000 0.000000000 0.000000000 0.000000000 0.000000000 0.000000000 0.000000000 0.000000000 0.000000000 0.000000000 0.000000000 0.000000000 0.000000000 0.000000000 0.000000000 0.000000000 0.000000000 0.000000000 0.000000000 0.000000000 0.000000000 0.000000000 0.000000000 0.000000000 0.000000000 0.000000000 0.000000000 0.000000000 0.000000000 0.000000000 0.000000000 0.000000000 
0.000000000 0.000000000 0.000000000 0.000000000 0.000000000 0.000000000 0.000000000 0.000000000 0.000000000 0.000000000 0.000000000 0.000000000 0.000000000 0.000000000 0.000000000 0.000000000 0.000000000 0.000000000 0.000000000 0.000000000 0.000000000 0.000000000 0.000000000 0.000000000 0.000000000 0.000000000 0.000000000 0.000000000 0.000000000 0.000000000 0.000000000 0.000000000 0.000000000 0.000000000 0.000000000 0.000000000 0.000000000 0.000000000 0.000000000 0.000000000 0.000000000 0.000000000 0.000000000 0.000000000 0.000000000 0.000000000 0.000000000 0.000000000 0.000000000 0.000000000 0.000000000 0.000000000 0.000000000 0.000000000 0.000000000 0.000000000 0.000000000 0.000000000 0.000000000 0.000000000 0.000000000 0.000000000 0.000000000 0.000000000 0.000000000 0.000000000 0.000000000 0.000000000 0.000000000 0.000000000 0.000000000 0.000000000 0.000000000 0.000000000 0.000000000 0.000000000 0.000000000 0.000000000 0.000000000 0.000000000 0.000000000 0.000000000 0.000000000 0.000000000 0.000000000 0.000000000 0.000000000 0.000000000 0.000000000 0.000000000 0.000000000 0.000000000 0.000000000 0.000000000 0.000000000 0.000000000 0.000000000 0.000000000 0.000000000 0.000000000 0.000000000 0.000000000 0.000000000 0.000000000 0.000000000 0.000000000 0.000000000 0.000000000 0.000000000 0.000000000 0.000000000 0.000000000 0.000000000 0.000000000 0.000000000 0.000000000 0.000000000 0.000000000 0.000000000 0.000000000 0.000000000 0.000000000 0.000000000 0.000000000 0.000000000 0.000000000 0.000000000 0.000000000 0.000000000 0.000000000 0.000000000 0.000000000 0.000000000 0.000000000 0.000000000 0.000000000 0.000000000 0.000000000 0.000000000 0.000000000 0.000000000 0.000000000 0.000000000 0.000000000 0.000000000 0.000000000 0.000000000 0.000000000 0.000000000 0.000000000 0.000000000 0.000000000 0.000000000 0.000000000 0.000000000 0.000000000 0.000000000 0.000000000 0.000000000 0.000000000 0.000000000 0.000000000 0.000000000 0.000000000 0.000000000 0.000000000 0.000000000 0.000000000 0.000000000 0.000000000 0.000000000 0.000000000 0.000000000 0.000000000 0.000000000 0.000000000 0.000000000 0.000000000 0.000000000 0.000000000 0.000000000 0.000000000 0.000000000 0.000000000 0.000000000 0.000000000 0.000000000 0.000000000 0.000000000 0.000000000 0.000000000 0.000000000 0.000000000 0.000000000 0.000000000 0.000000000 0.000000000 0.000000000 0.000000000 0.000000000 0.000000000 0.000000000 0.000000000 0.000000000 0.000000000 0.000000000 0.000000000 0.000000000 0.000000000 0.000000000 0.000000000 0.000000000 0.000000000 0.000000000 0.000000000 0.000000000 0.000000000 0.000000000 0.000000000 0.000000000 0.000000000 0.000000000 0.000000000 0.000000000 0.000000000 0.000000000 0.000000000 0.000000000 0.000000000 0.000000000 0.000000000 0.000000000 0.000000000 0.000000000 0.000000000 0.000000000 0.000000000 0.000000000 0.000000000 0.000000000 0.000000000 0.000000000 0.000000000 0.000000000 0.000000000 0.000000000 0.000000000 0.000000000 0.000000000 0.000000000 0.000000000 0.000000000 0.000000000 0.000000000 0.000000000 0.000000000 0.000000000 
0.000000000 0.000000000 0.000000000 0.000000000 0.000000000 0.000000000 0.000000000 0.000000000 0.000000000 0.000000000 0.000000000 0.000000000 0.000000000 0.000000000 0.000000000 0.000000000 0.000000000 0.000000000 0.000000000 0.000000000 0.000000000 0.000000000 0.000000000 0.000000000 0.000000000 0.000000000 0.000000000 0.000000000 0.000000000 0.000000000 0.000000000 0.000000000 0.000000000 0.000000000 0.000000000 0.000000000 0.000000000 0.000000000 0.000000000 0.000000000 0.000000000 0.000000000 0.000000000 0.000000000 0.000000000 0.000000000 0.000000000 0.000000000 0.000000000 0.000000000 0.000000000 0.000000000 0.000000000 0.000000000 0.000000000 0.000000000 0.000000000 0.000000000 0.000000000 0.000000000 0.000000000 0.000000000 0.000000000 0.000000000 0.000000000 0.000000000 0.000000000 0.000000000 0.000000000 0.000000000 0.000000000 0.000000000 0.000000000 0.000000000 0.000000000 0.000000000 0.000000000 0.000000000 0.000000000 0.000000000 0.000000000 0.000000000 0.000000000 0.000000000 0.000000000 0.000000000 0.000000000 0.000000000 0.000000000 0.000000000 0.000000000 0.000000000 0.000000000 0.000000000 0.000000000 0.000000000 0.000000000 0.000000000 0.000000000 0.000000000 0.000000000 0.000000000 0.000000000 0.000000000 0.000000000 0.000000000 0.000000000 0.000000000 0.000000000 0.000000000 0.000000000 0.000000000 0.000000000 0.000000000 0.000000000 0.000000000 0.000000000 0.000000000 0.000000000 0.000000000 0.000000000 0.000000000 0.000000000 0.000000000 0.000000000 0.000000000 0.000000000 0.000000000 0.000000000 0.000000000 0.000000000 0.000000000 0.000000000 0.000000000 0.000000000 0.000000000 0.000000000 0.000000000 0.000000000 0.000000000 0.000000000 0.000000000 0.000000000 0.000000000 0.000000000 0.000000000 0.000000000 0.000000000 0.000000000 0.000000000 0.000000000 0.000000000 0.000000000 0.000000000 0.000000000 0.000000000 0.000000000 0.000000000 0.000000000 0.000000000 0.000000000 0.000000000 0.000000000 0.000000000 0.000000000 0.000000000 0.000000000 0.000000000 0.000000000 0.000000000 0.000000000 0.000000000 0.000000000 0.000000000 0.000000000 0.000000000 0.000000000 0.000000000 0.000000000 0.000000000 0.000000000 0.000000000 0.000000000 0.000000000 0.000000000 0.000000000 0.000000000 0.000000000 0.000000000 0.000000000 0.000000000 0.000000000 0.000000000 0.000000000 0.000000000 0.000000000 0.000000000 0.000000000 0.000000000 0.000000000 0.000000000 0.000000000 0.000000000 0.000000000 0.000000000 0.000000000 0.000000000 0.000000000 0.000000000 0.000000000 0.000000000 0.000000000 0.000000000 0.000000000 0.000000000 0.000000000 0.000000000 0.000000000 0.000000000 0.000000000 0.000000000 0.000000000 0.000000000 0.000000000 0.000000000 0.000000000 0.000000000 0.000000000 0.000000000 0.000000000 0.000000000 0.000000000 0.000000000 0.000000000 0.000000000 0.000000000 0.000000000 0.000000000 0.000000000 0.000000000 0.000000000 0.000000000 0.000000000 0.000000000 0.000000000 0.000000000 0.000000000 0.000000000 0.000000000 0.000000000 0.000000000 0.000000000 0.000000000 0.000000000 0.000000000 0.000000000 0.000000000 
0.000000000 0.000000000 0.000000000 0.000000000 0.000000000 0.000000000 0.000000000 0.000000000 0.000000000 0.000000000 0.000000000 0.000000000 0.000000000 0.000000000 0.000000000 0.000000000 0.000000000 0.000000000 0.000000000 0.000000000 0.000000000 0.000000000 0.000000000 0.000000000 0.000000000 0.000000000 0.000000000 0.000000000 0.000000000 0.000000000 0.000000000 0.000000000 0.000000000 0.000000000 0.000000000 0.000000000 0.000000000 0.000000000 0.000000000 0.000000000 0.000000000 0.000000000 0.000000000 0.000000000 0.000000000 0.000000000 0.000000000 0.000000000 0.000000000 0.000000000 0.000000000 0.000000000 0.000000000 0.000000000 0.000000000 0.000000000 0.000000000 0.000000000 0.000000000 0.000000000 0.000000000 0.000000000 0.000000000 0.000000000 0.000000000 0.000000000 0.000000000 0.000000000 0.000000000 0.000000000 0.000000000 0.000000000 0.000000000 0.000000000 0.000000000 0.000000000 0.000000000 0.000000000 0.000000000 0.000000000 0.000000000 0.000000000 0.000000000 0.000000000 0.000000000 0.000000000 0.000000000 0.000000000 0.000000000 0.000000000 0.000000000 0.000000000 0.000000000 0.000000000 0.000000000 0.000000000 0.000000000 0.000000000 0.000000000 0.000000000 0.000000000 0.000000000 0.000000000 0.000000000 0.000000000 0.000000000 0.000000000 0.000000000 0.000000000 0.000000000 0.000000000 0.000000000 0.000000000 0.000000000 0.000000000 0.000000000 0.000000000 0.000000000 0.000000000 0.000000000 0.000000000 0.000000000 0.000000000 0.000000000 0.000000000 0.000000000 0.000000000 0.000000000 0.000000000 0.000000000 0.000000000 0.000000000 0.000000000 0.000000000 0.000000000 0.000000000 0.000000000 0.000000000 0.000000000 0.000000000 0.000000000 0.000000000 0.000000000 0.000000000 0.000000000 0.000000000 0.000000000 0.000000000 0.000000000 0.000000000 0.000000000 0.000000000 0.000000000 0.000000000 0.000000000 0.000000000 0.000000000 0.000000000 0.000000000 0.000000000 0.000000000 0.000000000 0.000000000 0.000000000 0.000000000 0.000000000 0.000000000 0.000000000 0.000000000 0.000000000 0.000000000 0.000000000 0.000000000 0.000000000 0.000000000 0.000000000 0.000000000 0.000000000 0.000000000 0.000000000 0.000000000 0.000000000 0.000000000 0.000000000 0.000000000 0.000000000 0.000000000 0.000000000 0.000000000 0.000000000 0.000000000 0.000000000 0.000000000 0.000000000 0.000000000 0.000000000 0.000000000 0.000000000 0.000000000 0.000000000 0.000000000 0.000000000 0.000000000 0.000000000 0.000000000 0.000000000 0.000000000 0.000000000 0.000000000 0.000000000 0.000000000 0.000000000 0.000000000 0.000000000 0.000000000 0.000000000 0.000000000 0.000000000 0.000000000 0.000000000 0.000000000 0.000000000 0.000000000 0.000000000 0.000000000 0.000000000 0.000000000 0.000000000 0.000000000 0.000000000 0.000000000 0.000000000 0.000000000 0.000000000 0.000000000 0.000000000 0.000000000 0.000000000 0.000000000 0.000000000 0.000000000 0.000000000 0.000000000 0.000000000 0.000000000 0.000000000 0.000000000 0.000000000 0.000000000 0.000000000 0.000000000 0.000000000 0.000000000 0.000000000 0.000000000 0.000000000 0.000000000 
0.000000000 0.000000000 0.000000000 0.000000000 0.000000000 0.000000000 0.000000000 0.000000000 0.000000000 0.000000000 0.000000000 0.000000000 0.000000000 0.000000000 0.000000000 0.000000000 0.000000000 0.000000000 0.000000000 0.000000000 0.000000000 0.000000000 0.000000000 0.000000000 0.000000000 0.000000000 0.000000000 0.000000000 0.000000000 0.000000000 0.000000000 0.000000000 0.000000000 0.000000000 0.000000000 0.000000000 0.000000000 0.000000000 0.000000000 0.000000000 0.000000000 0.000000000 0.000000000 0.000000000 0.000000000 0.000000000 0.000000000 0.000000000 0.000000000 0.000000000 0.000000000 0.000000000 0.000000000 0.000000000 0.000000000 0.000000000 0.000000000 0.000000000 0.000000000 0.000000000 0.000000000 0.000000000 0.000000000 0.000000000 0.000000000 0.000000000 0.000000000 0.000000000 0.000000000 0.000000000 0.000000000 0.000000000 0.000000000 0.000000000 0.000000000 0.000000000 0.000000000 0.000000000 0.000000000 0.000000000 0.000000000 0.000000000 0.000000000 0.000000000 0.000000000 0.000000000 0.000000000 0.000000000 0.000000000 0.000000000 0.000000000 0.000000000 0.000000000 0.000000000 0.000000000 0.000000000 0.000000000 0.000000000 0.000000000 0.000000000 0.000000000 0.000000000 0.000000000 0.000000000 0.000000000 0.000000000 0.000000000 0.000000000 0.000000000 0.000000000 0.000000000 0.000000000 0.000000000 0.000000000 0.000000000 0.000000000 0.000000000 0.000000000 0.000000000 0.000000000 0.000000000 0.000000000 0.000000000 0.000000000 0.000000000 0.000000000 0.000000000 0.000000000 0.000000000 0.000000000 0.000000000 0.000000000 0.000000000 0.000000000 0.000000000 0.000000000 0.000000000 0.000000000 0.000000000 0.000000000 0.000000000 0.000000000 0.000000000 0.000000000 0.000000000 0.000000000 0.000000000 0.000000000 0.000000000 0.000000000 0.000000000 0.000000000 0.000000000 0.000000000 0.000000000 0.000000000 0.000000000 0.000000000 0.000000000 0.000000000 0.000000000 0.000000000 0.000000000 0.000000000 0.000000000 0.000000000 0.000000000 0.000000000 0.000000000 0.000000000 0.000000000 0.000000000 0.000000000 0.000000000 0.000000000 0.000000000 0.000000000 0.000000000 0.000000000 0.000000000 0.000000000 0.000000000 0.000000000 0.000000000 0.000000000 0.000000000 0.000000000 0.000000000 0.000000000 0.000000000 0.000000000 0.000000000 0.000000000 0.000000000 0.000000000 0.000000000 0.000000000 0.000000000 0.000000000 0.000000000 0.000000000 0.000000000 0.000000000 0.000000000 0.000000000 0.000000000 0.000000000 0.000000000 0.000000000 0.000000000 0.000000000 0.000000000 0.000000000 0.000000000 0.000000000 0.000000000 0.000000000 0.000000000 0.000000000 0.000000000 0.000000000 0.000000000 0.000000000 0.000000000 0.000000000 0.000000000 0.000000000 0.000000000 0.000000000 0.000000000 0.000000000 0.000000000 0.000000000 0.000000000 0.000000000 0.000000000 0.000000000 0.000000000 0.000000000 0.000000000 0.000000000 0.000000000 0.000000000 0.000000000 0.000000000 0.000000000 0.000000000 0.000000000 0.000000000 0.000000000 0.000000000 0.000000000 0.000000000 0.000000000 0.000000000 0.000000000 0.000000000 
0.011718750 0.011718750 0.011718750 0.011718750 0.011718750 0.011718750 0.011718750 0.011718750 0.011718750 0.011718750 0.011718750 0.011718750 0.011718750 0.011718750 0.011718750 0.011718750 0.011718750 0.011718750 0.011718750 0.011718750 0.011718750 0.011718750 0.011718750 0.011718750 0.011718750 0.011718750 0.011718750 0.011718750 0.011718750 0.011718750 0.011718750 0.011718750 0.011718750 0.011718750 0.011718750 0.011718750 0.011718750 0.011718750 0.011718750 0.011718750 0.011718750 0.011718750 0.011718750 0.011718750 0.011718750 0.011718750 0.011718750 0.011718750 0.011718750 0.011718750 0.011718750 0.011718750 0.011718750 0.011718750 0.011718750 0.011718750 0.011718750 0.011718750 0.011718750 0.007812500 0.007812500 0.007812500 0.007812500 0.007812500 0.007812500 0.007812500 0.007812500 0.007812500 0.007812500 0.007812500 0.007812500 0.007812500 0.007812500 0.007812500 0.007812500 0.007812500 0.007812500 0.007812500 0.007812500 0.007812500 0.007812500 0.007812500 0.007812500 0.007812500 0.007812500 0.007812500 0.007812500 0.007812500 0.007812500 0.007812500 0.007812500 0.007812500 0.007812500 0.007812500 0.007812500 0.007812500 0.007812500 0.007812500 0.007812500 0.007812500 0.007812500 0.007812500 0.007812500 0.007812500 0.007812500 0.007812500 0.007812500 0.007812500 0.003906250 0.003906250 0.003906250 0.003906250 0.003906250 0.003906250 0.003906250 0.003906250 0.003906250 0.003906250 0.003906250 0.003906250 0.003906250 0.003906250 0.003906250 0.003906250 0.003906250 0.003906250 0.003906250 0.003906250 0.003906250 0.003906250 0.003906250 0.003906250 0.003906250 0.003906250 0.003906250 0.003906250 0.003906250 0.003906250 0.003906250 0.003906250 0.003906250 0.003906250 0.003906250 0.003906250 0.003906250 0.003906250 0.003906250 0.003906250 0.003906250 0.000000000 0.000000000 0.000000000 0.000000000 0.000000000 0.000000000 0.000000000 0.000000000 0.000000000 0.000000000 0.000000000 0.000000000 0.000000000 0.000000000 0.000000000 0.000000000 0.000000000 0.000000000 0.000000000 0.000000000 0.000000000 0.000000000 0.000000000 0.000000000 0.000000000 0.000000000 0.000000000 0.000000000 0.000000000 0.000000000 0.000000000 0.000000000 0.000000000 0.000000000 0.000000000 0.000000000 0.000000000 0.000000000 0.000000000 0.000000000 0.000000000 0.000000000 0.000000000 0.000000000 0.000000000 0.000000000 0.000000000 0.000000000 0.000000000 0.003906250 0.003906250 0.003906250 0.003906250 0.003906250 0.003906250 0.003906250 0.003906250 0.003906250 0.003906250 0.003906250 0.003906250 0.003906250 0.003906250 0.003906250 0.003906250 0.003906250 0.003906250 0.003906250 0.003906250 0.003906250 0.003906250 0.003906250 0.003906250 0.003906250 0.003906250 0.003906250 0.003906250 0.003906250 0.003906250 0.003906250 0.003906250 0.003906250 0.003906250 0.003906250 0.003906250 0.003906250 0.003906250 0.003906250 0.003906250 0.003906250 0.003906250 0.003906250 0.003906250 0.003906250 0.003906250 0.003906250 0.003906250 0.003906250 0.003906250 0.003906250 0.003906250 0.003906250 0.003906250 0.003906250 0.003906250 0.003906250 0.003906250 0.003906250 
0.289062500 0.250000000 0.179687500 0.113281250 0.058593750 0.089843750 0.097656250 0.101562500 0.078125000 0.015625000 0.066406250 0.078125000 0.097656250 0.097656250 0.050781250 0.046875000 0.039062500 0.042968750 0.058593750 0.031250000 0.039062500 0.039062500 0.019531250 0.031250000 0.019531250 0.011718750 0.011718750 0.007812500 0.027343750 0.027343750 0.011718750 0.023437500 0.039062500 0.027343750 0.023437500 0.039062500 0.042968750 0.035156250 0.046875000 0.066406250 0.054687500 0.042968750 0.058593750 0.039062500 0.031250000 0.039062500 0.015625000 0.007812500 0.003906250 0.023437500 0.027343750 0.015625000 0.007812500 0.019531250 0.042968750 0.035156250 0.015625000 0.023437500 0.011718750 0.019531250 0.031250000 0.015625000 0.007812500 0.015625000 0.019531250 0.011718750 0.015625000 0.015625000 0.027343750 0.046875000 0.039062500 0.023437500 0.027343750 0.023437500 0.007812500 0.007812500 0.011718750 0.003906250 0.011718750 0.027343750 0.027343750 0.019531250 0.023437500 0.035156250 0.027343750 0.007812500 0.007812500 0.003906250 0.011718750 0.011718750 0.015625000 0.015625000 0.023437500 0.039062500 0.031250000 0.015625000 0.019531250 0.011718750 0.027343750 0.027343750 0.011718750 0.007812500 0.007812500 0.019531250 0.019531250 0.007812500 0.011718750 0.003906250 0.015625000 0.019531250 0.011718750 0.011718750 0.007812500 0.007812500 0.011718750 0.007812500 0.007812500 0.011718750 0.003906250 0.007812500 0.011718750 0.011718750 0.019531250 0.015625000 0.003906250 0.003906250 0.003906250 0.011718750 0.007812500 0.007812500 0.015625000 0.007812500 0.015625000 0.011718750 0.003906250 0.007812500 0.003906250 0.007812500 0.007812500 0.003906250 0.003906250 0.000000000 0.011718750 0.011718750 0.011718750 0.019531250 0.015625000 0.011718750 0.015625000 0.015625000 0.011718750 0.011718750 0.015625000 0.015625000 0.015625000 0.015625000 0.011718750 0.011718750 0.007812500 0.007812500 0.003906250 0.000000000 0.000000000 0.003906250 0.003906250 0.003906250 0.003906250 0.003906250 0.003906250 0.003906250 0.003906250 0.003906250 0.003906250 0.007812500 0.003906250 0.003906250 0.000000000 0.007812500 0.011718750 0.015625000 0.015625000 0.011718750 0.011718750 0.007812500 0.007812500 0.007812500 0.007812500 0.003906250 0.007812500 0.003906250 0.003906250 0.003906250 0.003906250 0.003906250 0.007812500 0.011718750 0.011718750 0.011718750 0.015625000 0.011718750 0.007812500 0.011718750 0.011718750 0.007812500 0.011718750 0.007812500 0.003906250 0.007812500 0.003906250 0.003906250 0.000000000 0.007812500 0.007812500 0.003906250 0.003906250 0.003906250 0.003906250 0.003906250 0.003906250 0.007812500 0.007812500 0.011718750 0.015625000 0.011718750 0.007812500 0.007812500 0.003906250 0.003906250 0.007812500 0.007812500 0.007812500 0.011718750 0.011718750 0.003906250 0.003906250 0.003906250 0.003906250 0.007812500 0.007812500 0.007812500 0.011718750 0.019531250 0.019531250 0.011718750 0.007812500 0.007812500 0.003906250 0.003906250 0.007812500 0.007812500 0.007812500 0.015625000 0.015625000 0.007812500 0.007812500 0.007812500 0.007812500 
0.035156250 0.480468750 0.175781250 0.246093750 0.093750000 0.218750000 0.101562500 0.261718750 0.070312500 0.140625000 0.187500000 0.039062500 0.167968750 0.093750000 0.074218750 0.058593750 0.101562500 0.152343750 0.089843750 0.054687500 0.058593750 0.050781250 0.035156250 0.019531250 0.019531250 0.015625000 0.031250000 0.027343750 0.042968750 0.031250000 0.058593750 0.074218750 0.011718750 0.050781250 0.054687500 0.007812500 0.082031250 0.019531250 0.046875000 0.062500000 0.070312500 0.031250000 0.062500000 0.031250000 0.058593750 0.031250000 0.031250000 0.007812500 0.011718750 0.027343750 0.039062500 0.023437500 0.023437500 0.003906250 0.054687500 0.031250000 0.031250000 0.019531250 0.035156250 0.046875000 0.023437500 0.011718750 0.015625000 0.031250000 0.031250000 0.003906250 0.015625000 0.027343750 0.031250000 0.042968750 0.042968750 0.031250000 0.015625000 0.035156250 0.003906250 0.011718750 0.007812500 0.023437500 0.031250000 0.035156250 0.035156250 0.027343750 0.035156250 0.035156250 0.027343750 0.011718750 0.011718750 0.015625000 0.019531250 0.007812500 0.027343750 0.011718750 0.027343750 0.039062500 0.035156250 0.007812500 0.027343750 0.011718750 0.031250000 0.019531250 0.023437500 0.007812500 0.019531250 0.023437500 0.019531250 0.011718750 0.019531250 0.003906250 0.015625000 0.019531250 0.019531250 0.003906250 0.019531250 0.011718750 0.011718750 0.011718750 0.003906250 0.019531250 0.011718750 0.011718750 0.015625000 0.003906250 0.019531250 0.019531250 0.011718750 0.007812500 0.015625000 0.015625000 0.019531250 0.015625000 0.011718750 0.011718750 0.011718750 0.015625000 0.000000000 0.007812500 0.003906250 0.003906250 0.015625000 0.003906250 0.007812500 0.007812500 0.003906250 0.023437500 0.015625000 0.015625000 0.015625000 0.023437500 0.011718750 0.019531250 0.007812500 0.019531250 0.011718750 0.023437500 0.027343750 0.003906250 0.019531250 0.007812500 0.015625000 0.003906250 0.007812500 0.003906250 0.000000000 0.011718750 0.007812500 0.011718750 0.000000000 0.000000000 0.011718750 0.007812500 0.011718750 0.007812500 0.007812500 0.003906250 0.011718750 0.011718750 0.011718750 0.003906250 0.023437500 0.007812500 0.015625000 0.015625000 0.015625000 0.003906250 0.007812500 0.007812500 0.011718750 0.011718750 0.003906250 0.015625000 0.011718750 0.007812500 0.003906250 0.003906250 0.007812500 0.015625000 0.011718750 0.019531250 0.007812500 0.015625000 0.011718750 0.011718750 0.011718750 0.003906250 0.011718750 0.007812500 0.000000000 0.007812500 0.003906250 0.003906250 0.000000000 0.007812500 0.011718750 0.003906250 0.007812500 0.003906250 0.003906250 0.011718750 0.011718750 0.003906250 0.007812500 0.015625000 0.019531250 0.015625000 0.015625000 0.000000000 0.011718750 0.007812500 0.003906250 0.011718750 0.003906250 0.011718750 0.015625000 0.007812500 0.003906250 0.011718750 0.007812500 0.007812500 0.011718750 0.015625000 0.003906250 0.027343750 0.015625000 0.015625000 0.003906250 0.011718750 0.007812500 0.007812500 0.007812500 0.015625000 0.003906250 0.019531250 0.015625000 0.011718750 0.000000000 0.015625000 0.003906250 
0.078125000 0.632812500 0.125000000 0.117187500 0.281250000 0.246093750 0.937500000 1.718750000 1.722656250 1.339843750 0.605468750 0.542968750 0.578125000 0.847656250 0.972656250 1.183593750 1.269531250 1.144531250 1.351562500 1.328125000 1.140625000 1.046875000 0.863281250 0.812500000 0.671875000 0.414062500 0.187500000 0.234375000 0.351562500 0.324218750 0.312500000 0.179687500 0.070312500 0.058593750 0.203125000 0.160156250 0.140625000 0.050781250 0.031250000 0.031250000 0.164062500 0.242187500 0.144531250 0.039062500 0.082031250 0.152343750 0.164062500 0.265625000 0.363281250 0.355468750 0.230468750 0.089843750 0.085937500 0.156250000 0.238281250 0.367187500 0.355468750 0.292968750 0.195312500 0.171875000 0.058593750 0.128906250 0.187500000 0.242187500 0.207031250 0.191406250 0.144531250 0.093750000 0.109375000 0.207031250 0.218750000 0.140625000 0.140625000 0.125000000 0.097656250 0.070312500 0.031250000 0.027343750 0.035156250 0.031250000 0.046875000 0.039062500 0.035156250 0.050781250 0.011718750 0.019531250 0.015625000 0.031250000 0.058593750 0.054687500 0.019531250 0.015625000 0.023437500 0.042968750 0.042968750 0.027343750 0.019531250 0.050781250 0.035156250 0.023437500 0.031250000 0.039062500 0.027343750 0.011718750 0.015625000 0.039062500 0.042968750 0.023437500 0.019531250 0.042968750 0.015625000 0.000000000 0.007812500 0.019531250 0.023437500 0.019531250 0.023437500 0.031250000 0.007812500 0.019531250 0.027343750 0.027343750 0.039062500 0.023437500 0.003906250 0.027343750 0.023437500 0.019531250 0.027343750 0.023437500 0.007812500 0.015625000 0.015625000 0.027343750 0.023437500 0.023437500 0.027343750 0.015625000 0.011718750 0.003906250 0.019531250 0.015625000 0.023437500 0.031250000 0.031250000 0.007812500 0.019531250 0.011718750 0.023437500 0.023437500 0.031250000 0.039062500 0.011718750 0.015625000 0.031250000 0.011718750 0.027343750 0.027343750 0.015625000 0.023437500 0.027343750 0.015625000 0.023437500 0.023437500 0.031250000 0.042968750 0.023437500 0.023437500 0.015625000 0.019531250 0.007812500 0.027343750 0.003906250 0.000000000 0.007812500 0.011718750 0.011718750 0.023437500 0.035156250 0.023437500 0.035156250 0.007812500 0.023437500 0.015625000 0.027343750 0.011718750 0.019531250 0.015625000 0.019531250 0.015625000 0.011718750 0.015625000 0.015625000 0.011718750 0.019531250 0.035156250 0.023437500 0.015625000 0.015625000 0.039062500 0.023437500 0.015625000 0.019531250 0.019531250 0.031250000 0.007812500 0.011718750 0.015625000 0.023437500 0.015625000 0.019531250 0.031250000 0.015625000 0.003906250 0.003906250 0.007812500 0.015625000 0.003906250 0.019531250 0.019531250 0.007812500 0.019531250 0.042968750 0.039062500 0.000000000 0.007812500 0.011718750 0.011718750 0.007812500 0.011718750 0.003906250 0.007812500 0.007812500 0.019531250 0.000000000 0.019531250 0.011718750 0.019531250 0.015625000 0.027343750 0.007812500 0.027343750 0.003906250 0.027343750 0.019531250 0.031250000 0.031250000 0.007812500 0.023437500 0.019531250 0.023437500 0.023437500 0.023437500 0.023437500 0.019531250 0.007812500 0.023437500 
0.226562500 0.410156250 0.062500000 0.035156250 0.160156250 0.253906250 0.632812500 2.773437500 2.281250000 0.726562500 1.062500000 0.617187500 0.664062500 0.937500000 2.191406250 2.054687500 0.578125000 0.871093750 2.046875000 1.687500000 0.816406250 2.390625000 2.027343750 0.605468750 0.402343750 0.281250000 0.703125000 0.222656250 0.496093750 0.441406250 0.082031250 0.187500000 0.050781250 0.152343750 0.121093750 0.078125000 0.101562500 0.136718750 0.046875000 0.121093750 0.097656250 0.199218750 0.066406250 0.117187500 0.070312500 0.039062500 0.042968750 0.121093750 0.324218750 0.406250000 0.320312500 0.210937500 0.066406250 0.234375000 0.316406250 0.281250000 0.328125000 0.429687500 0.296875000 0.160156250 0.085937500 0.152343750 0.132812500 0.171875000 0.398437500 0.375000000 0.238281250 0.093750000 0.320312500 0.312500000 0.144531250 0.433593750 0.390625000 0.136718750 0.097656250 0.039062500 0.101562500 0.105468750 0.074218750 0.015625000 0.011718750 0.074218750 0.015625000 0.058593750 0.023437500 0.027343750 0.046875000 0.042968750 0.054687500 0.023437500 0.042968750 0.039062500 0.023437500 0.011718750 0.003906250 0.007812500 0.019531250 0.031250000 0.039062500 0.011718750 0.027343750 0.042968750 0.031250000 0.007812500 0.027343750 0.027343750 0.019531250 0.011718750 0.015625000 0.031250000 0.019531250 0.000000000 0.023437500 0.007812500 0.015625000 0.007812500 0.027343750 0.011718750 0.035156250 0.007812500 0.035156250 0.027343750 0.015625000 0.019531250 0.007812500 0.011718750 0.058593750 0.007812500 0.019531250 0.019531250 0.031250000 0.027343750 0.023437500 0.007812500 0.019531250 0.023437500 0.011718750 0.039062500 0.011718750 0.011718750 0.023437500 0.007812500 0.023437500 0.011718750 0.007812500 0.019531250 0.019531250 0.027343750 0.007812500 0.007812500 0.015625000 0.011718750 0.039062500 0.003906250 0.027343750 0.023437500 0.042968750 0.031250000 0.039062500 0.042968750 0.031250000 0.019531250 0.042968750 0.031250000 0.023437500 0.015625000 0.027343750 0.042968750 0.035156250 0.031250000 0.011718750 0.015625000 0.015625000 0.011718750 0.007812500 0.003906250 0.011718750 0.027343750 0.019531250 0.011718750 0.027343750 0.019531250 0.007812500 0.007812500 0.019531250 0.011718750 0.039062500 0.027343750 0.039062500 0.007812500 0.011718750 0.011718750 0.019531250 0.015625000 0.046875000 0.050781250 0.003906250 0.007812500 0.042968750 0.019531250 0.023437500 0.023437500 0.031250000 0.019531250 0.011718750 0.019531250 0.019531250 0.035156250 0.027343750 0.003906250 0.011718750 0.011718750 0.011718750 0.011718750 0.003906250 0.003906250 0.011718750 0.007812500 0.027343750 0.007812500 0.011718750 0.003906250 0.023437500 0.035156250 0.015625000 0.011718750 0.023437500 0.019531250 0.015625000 0.011718750 0.019531250 0.011718750 0.019531250 0.023437500 0.031250000 0.011718750 0.003906250 0.000000000 0.027343750 0.031250000 0.007812500 0.027343750 0.011718750 0.039062500 0.023437500 0.031250000 0.023437500 0.007812500 0.011718750 0.023437500 0.019531250 0.003906250 0.011718750 0.000000000 0.023437500 0.015625000 0.031250000 
0.343750000 0.519531250 0.308593750 0.269531250 0.269531250 0.316406250 0.382812500 4.070312500 1.175781250 1.058593750 1.136718750 0.777343750 0.195312500 0.113281250 3.058593750 1.894531250 1.304687500 1.195312500 2.109375000 0.992187500 0.648437500 3.714843750 2.476562500 1.007812500 0.296875000 0.289062500 0.554687500 0.503906250 0.730468750 0.421875000 0.160156250 0.082031250 0.085937500 0.171875000 0.117187500 0.253906250 0.250000000 0.113281250 0.082031250 0.078125000 0.144531250 0.140625000 0.140625000 0.195312500 0.031250000 0.054687500 0.082031250 0.179687500 0.210937500 0.531250000 0.281250000 0.289062500 0.031250000 0.164062500 0.394531250 0.175781250 0.453125000 0.328125000 0.433593750 0.062500000 0.109375000 0.164062500 0.066406250 0.054687500 0.531250000 0.273437500 0.273437500 0.128906250 0.433593750 0.179687500 0.199218750 0.648437500 0.218750000 0.250000000 0.058593750 0.035156250 0.070312500 0.101562500 0.109375000 0.027343750 0.042968750 0.035156250 0.027343750 0.042968750 0.062500000 0.082031250 0.035156250 0.085937500 0.035156250 0.019531250 0.054687500 0.027343750 0.039062500 0.019531250 0.015625000 0.023437500 0.023437500 0.011718750 0.046875000 0.027343750 0.074218750 0.035156250 0.035156250 0.015625000 0.031250000 0.039062500 0.011718750 0.003906250 0.023437500 0.042968750 0.003906250 0.007812500 0.019531250 0.046875000 0.011718750 0.011718750 0.042968750 0.019531250 0.019531250 0.011718750 0.042968750 0.046875000 0.023437500 0.019531250 0.023437500 0.015625000 0.042968750 0.023437500 0.023437500 0.027343750 0.039062500 0.019531250 0.035156250 0.003906250 0.019531250 0.031250000 0.031250000 0.031250000 0.019531250 0.011718750 0.023437500 0.007812500 0.019531250 0.027343750 0.015625000 0.011718750 0.023437500 0.023437500 0.015625000 0.015625000 0.019531250 0.011718750 0.042968750 0.007812500 0.042968750 0.042968750 0.031250000 0.042968750 0.031250000 0.046875000 0.027343750 0.035156250 0.035156250 0.035156250 0.031250000 0.015625000 0.023437500 0.046875000 0.035156250 0.019531250 0.031250000 0.007812500 0.007812500 0.035156250 0.027343750 0.027343750 0.007812500 0.027343750 0.027343750 0.027343750 0.007812500 0.031250000 0.011718750 0.015625000 0.031250000 0.023437500 0.027343750 0.046875000 0.019531250 0.042968750 0.035156250 0.023437500 0.023437500 0.035156250 0.027343750 0.066406250 0.011718750 0.003906250 0.046875000 0.007812500 0.015625000 0.035156250 0.027343750 0.027343750 0.023437500 0.011718750 0.011718750 0.039062500 0.027343750 0.015625000 0.007812500 0.019531250 0.015625000 0.015625000 0.011718750 0.015625000 0.011718750 0.031250000 0.011718750 0.011718750 0.019531250 0.023437500 0.031250000 0.031250000 0.027343750 0.003906250 0.027343750 0.027343750 0.011718750 0.019531250 0.019531250 0.011718750 0.015625000 0.031250000 0.027343750 0.035156250 0.027343750 0.019531250 0.035156250 0.042968750 0.003906250 0.035156250 0.011718750 0.046875000 0.019531250 0.011718750 0.035156250 0.011718750 0.011718750 0.031250000 0.015625000 0.007812500 0.015625000 0.023437500 0.035156250 0.023437500 0.046875000 
0.148437500 0.156250000 0.054687500 0.140625000 0.253906250 0.195312500 0.359375000 4.253906250 0.406250000 0.253906250 0.316406250 0.156250000 0.070312500 0.335937500 3.347656250 1.207031250 0.964843750 1.250000000 1.058593750 0.207031250 0.777343750 4.519531250 2.167968750 0.894531250 0.859375000 0.453125000 0.179687500 0.199218750 0.960937500 0.363281250 0.125000000 0.082031250 0.097656250 0.027343750 0.078125000 0.414062500 0.210937500 0.054687500 0.109375000 0.031250000 0.019531250 0.113281250 0.261718750 0.191406250 0.054687500 0.035156250 0.046875000 0.089843750 0.128906250 0.402343750 0.132812500 0.207031250 0.285156250 0.320312500 0.238281250 0.152343750 0.558593750 0.468750000 0.183593750 0.242187500 0.164062500 0.230468750 0.105468750 0.054687500 0.507812500 0.191406250 0.187500000 0.289062500 0.335937500 0.164062500 0.066406250 0.867187500 0.074218750 0.121093750 0.062500000 0.082031250 0.058593750 0.046875000 0.140625000 0.058593750 0.023437500 0.015625000 0.062500000 0.074218750 0.031250000 0.136718750 0.042968750 0.031250000 0.042968750 0.035156250 0.027343750 0.027343750 0.054687500 0.031250000 0.035156250 0.031250000 0.035156250 0.023437500 0.062500000 0.085937500 0.027343750 0.015625000 0.039062500 0.015625000 0.015625000 0.007812500 0.035156250 0.023437500 0.039062500 0.015625000 0.035156250 0.027343750 0.003906250 0.054687500 0.027343750 0.011718750 0.050781250 0.023437500 0.019531250 0.042968750 0.023437500 0.054687500 0.019531250 0.039062500 0.015625000 0.042968750 0.042968750 0.054687500 0.015625000 0.027343750 0.093750000 0.027343750 0.019531250 0.011718750 0.011718750 0.011718750 0.054687500 0.027343750 0.015625000 0.019531250 0.039062500 0.015625000 0.023437500 0.019531250 0.027343750 0.031250000 0.019531250 0.015625000 0.011718750 0.023437500 0.007812500 0.019531250 0.050781250 0.039062500 0.035156250 0.050781250 0.011718750 0.066406250 0.007812500 0.035156250 0.039062500 0.019531250 0.011718750 0.027343750 0.015625000 0.015625000 0.027343750 0.039062500 0.039062500 0.019531250 0.007812500 0.035156250 0.031250000 0.023437500 0.031250000 0.007812500 0.023437500 0.019531250 0.031250000 0.027343750 0.011718750 0.039062500 0.031250000 0.031250000 0.019531250 0.042968750 0.023437500 0.042968750 0.015625000 0.035156250 0.019531250 0.031250000 0.015625000 0.023437500 0.023437500 0.054687500 0.015625000 0.003906250 0.046875000 0.023437500 0.019531250 0.019531250 0.019531250 0.015625000 0.023437500 0.027343750 0.031250000 0.031250000 0.039062500 0.007812500 0.019531250 0.003906250 0.023437500 0.019531250 0.019531250 0.015625000 0.011718750 0.039062500 0.011718750 0.015625000 0.023437500 0.023437500 0.015625000 0.011718750 0.019531250 0.011718750 0.019531250 0.023437500 0.019531250 0.019531250 0.019531250 0.019531250 0.015625000 0.042968750 0.019531250 0.023437500 0.039062500 0.031250000 0.031250000 0.035156250 0.027343750 0.027343750 0.019531250 0.039062500 0.007812500 0.027343750 0.023437500 0.015625000 0.011718750 0.019531250 0.031250000 0.011718750 0.039062500 0.015625000 0.039062500 0.007812500 0.070312500 
0.324218750 0.308593750 0.328125000 0.269531250 0.527343750 0.433593750 0.589843750 4.480468750 0.218750000 0.132812500 0.136718750 0.242187500 0.328125000 0.621093750 3.492187500 0.941406250 0.632812500 0.597656250 0.574218750 0.523437500 0.925781250 4.839843750 2.195312500 0.964843750 0.523437500 0.285156250 0.320312500 0.246093750 0.878906250 0.609375000 0.285156250 0.144531250 0.121093750 0.078125000 0.062500000 0.324218750 0.433593750 0.203125000 0.140625000 0.078125000 0.050781250 0.097656250 0.179687500 0.347656250 0.113281250 0.054687500 0.074218750 0.015625000 0.089843750 0.179687500 0.425781250 0.187500000 0.144531250 0.039062500 0.132812500 0.128906250 0.265625000 0.859375000 0.281250000 0.058593750 0.066406250 0.140625000 0.101562500 0.152343750 0.394531250 0.027343750 0.042968750 0.144531250 0.214843750 0.097656250 0.046875000 0.781250000 0.128906250 0.039062500 0.074218750 0.078125000 0.042968750 0.066406250 0.195312500 0.074218750 0.062500000 0.082031250 0.050781250 0.058593750 0.046875000 0.207031250 0.046875000 0.058593750 0.023437500 0.035156250 0.066406250 0.070312500 0.109375000 0.039062500 0.031250000 0.039062500 0.054687500 0.054687500 0.054687500 0.109375000 0.031250000 0.039062500 0.007812500 0.015625000 0.023437500 0.019531250 0.039062500 0.046875000 0.007812500 0.027343750 0.015625000 0.027343750 0.019531250 0.058593750 0.039062500 0.027343750 0.062500000 0.023437500 0.035156250 0.035156250 0.019531250 0.074218750 0.078125000 0.027343750 0.046875000 0.085937500 0.019531250 0.042968750 0.062500000 0.050781250 0.066406250 0.046875000 0.042968750 0.023437500 0.042968750 0.035156250 0.023437500 0.039062500 0.035156250 0.050781250 0.023437500 0.015625000 0.019531250 0.031250000 0.031250000 0.027343750 0.046875000 0.007812500 0.066406250 0.042968750 0.035156250 0.003906250 0.015625000 0.082031250 0.027343750 0.019531250 0.046875000 0.058593750 0.023437500 0.019531250 0.023437500 0.035156250 0.035156250 0.035156250 0.027343750 0.019531250 0.023437500 0.031250000 0.035156250 0.027343750 0.031250000 0.011718750 0.058593750 0.015625000 0.023437500 0.011718750 0.019531250 0.054687500 0.027343750 0.015625000 0.011718750 0.015625000 0.062500000 0.031250000 0.050781250 0.039062500 0.015625000 0.027343750 0.058593750 0.027343750 0.023437500 0.046875000 0.023437500 0.011718750 0.046875000 0.007812500 0.054687500 0.019531250 0.039062500 0.042968750 0.050781250 0.027343750 0.035156250 0.042968750 0.035156250 0.035156250 0.011718750 0.007812500 0.023437500 0.015625000 0.027343750 0.019531250 0.007812500 0.035156250 0.023437500 0.035156250 0.015625000 0.035156250 0.019531250 0.019531250 0.031250000 0.015625000 0.015625000 0.019531250 0.011718750 0.023437500 0.035156250 0.019531250 0.015625000 0.039062500 0.011718750 0.027343750 0.035156250 0.066406250 0.042968750 0.015625000 0.027343750 0.054687500 0.035156250 0.039062500 0.046875000 0.046875000 0.015625000 0.039062500 0.035156250 0.011718750 0.023437500 0.035156250 0.027343750 0.019531250 0.011718750 0.070312500 0.007812500 0.007812500 0.011718750 0.042968750 0.042968750 
0.039062500 0.144531250 0.164062500 0.136718750 0.371093750 0.253906250 0.425781250 4.242187500 0.648437500 0.410156250 0.371093750 0.386718750 0.492187500 0.765625000 3.582031250 0.742187500 0.242187500 0.152343750 0.453125000 0.597656250 1.074218750 4.769531250 2.480468750 1.015625000 0.570312500 0.363281250 0.226562500 0.179687500 0.679687500 0.953125000 0.531250000 0.410156250 0.367187500 0.359375000 0.375000000 0.656250000 0.261718750 0.082031250 0.113281250 0.140625000 0.113281250 0.140625000 0.238281250 0.339843750 0.167968750 0.136718750 0.117187500 0.097656250 0.074218750 0.222656250 0.628906250 0.281250000 0.136718750 0.136718750 0.195312500 0.121093750 0.230468750 1.527343750 0.398437500 0.324218750 0.253906250 0.226562500 0.199218750 0.300781250 0.789062500 0.425781250 0.160156250 0.128906250 0.289062500 0.191406250 0.402343750 0.753906250 0.257812500 0.066406250 0.101562500 0.078125000 0.062500000 0.117187500 0.144531250 0.031250000 0.058593750 0.039062500 0.023437500 0.031250000 0.066406250 0.179687500 0.070312500 0.066406250 0.066406250 0.070312500 0.042968750 0.039062500 0.046875000 0.093750000 0.070312500 0.066406250 0.062500000 0.085937500 0.070312500 0.027343750 0.082031250 0.070312500 0.070312500 0.074218750 0.035156250 0.070312500 0.046875000 0.039062500 0.042968750 0.046875000 0.054687500 0.066406250 0.062500000 0.070312500 0.062500000 0.089843750 0.062500000 0.000000000 0.039062500 0.039062500 0.019531250 0.082031250 0.035156250 0.066406250 0.074218750 0.042968750 0.054687500 0.039062500 0.085937500 0.070312500 0.062500000 0.007812500 0.031250000 0.031250000 0.023437500 0.035156250 0.031250000 0.082031250 0.035156250 0.054687500 0.035156250 0.031250000 0.031250000 0.039062500 0.042968750 0.035156250 0.070312500 0.058593750 0.027343750 0.062500000 0.011718750 0.050781250 0.046875000 0.097656250 0.054687500 0.039062500 0.058593750 0.039062500 0.066406250 0.019531250 0.019531250 0.027343750 0.050781250 0.035156250 0.027343750 0.015625000 0.039062500 0.039062500 0.042968750 0.054687500 0.019531250 0.027343750 0.054687500 0.046875000 0.046875000 0.035156250 0.054687500 0.054687500 0.039062500 0.011718750 0.031250000 0.007812500 0.042968750 0.062500000 0.062500000 0.031250000 0.062500000 0.031250000 0.054687500 0.027343750 0.070312500 0.035156250 0.031250000 0.031250000 0.070312500 0.050781250 0.058593750 0.039062500 0.027343750 0.003906250 0.058593750 0.027343750 0.046875000 0.050781250 0.023437500 0.015625000 0.007812500 0.019531250 0.039062500 0.023437500 0.039062500 0.023437500 0.031250000 0.050781250 0.042968750 0.039062500 0.015625000 0.046875000 0.054687500 0.035156250 0.027343750 0.066406250 0.031250000 0.054687500 0.050781250 0.039062500 0.039062500 0.023437500 0.027343750 0.031250000 0.027343750 0.015625000 0.050781250 0.054687500 0.031250000 0.042968750 0.015625000 0.042968750 0.031250000 0.054687500 0.019531250 0.074218750 0.019531250 0.007812500 0.046875000 0.027343750 0.031250000 0.023437500 0.050781250 0.027343750 0.031250000 0.074218750 0.019531250 0.019531250 0.011718750 0.011718750 0.031250000 
0.121093750 0.164062500 0.101562500 0.167968750 0.511718750 0.312500000 0.492187500 4.332031250 0.585937500 0.261718750 0.246093750 0.261718750 0.324218750 0.628906250 3.328125000 1.000000000 0.406250000 0.402343750 0.632812500 0.742187500 1.292968750 4.925781250 2.347656250 0.796875000 0.554687500 0.464843750 0.437500000 0.503906250 1.187500000 0.640625000 0.191406250 0.175781250 0.132812500 0.105468750 0.109375000 0.414062500 0.507812500 0.167968750 0.164062500 0.144531250 0.152343750 0.210937500 0.398437500 0.234375000 0.023437500 0.062500000 0.039062500 0.042968750 0.187500000 0.378906250 0.664062500 0.164062500 0.195312500 0.207031250 0.199218750 0.417968750 0.625000000 1.921875000 0.300781250 0.238281250 0.222656250 0.152343750 0.195312500 0.484375000 0.953125000 0.281250000 0.078125000 0.042968750 0.160156250 0.179687500 0.363281250 0.746093750 0.343750000 0.085937500 0.050781250 0.070312500 0.097656250 0.097656250 0.101562500 0.046875000 0.039062500 0.042968750 0.019531250 0.089843750 0.070312500 0.066406250 0.082031250 0.050781250 0.042968750 0.042968750 0.101562500 0.023437500 0.046875000 0.039062500 0.035156250 0.035156250 0.074218750 0.031250000 0.050781250 0.085937500 0.023437500 0.035156250 0.035156250 0.046875000 0.007812500 0.035156250 0.039062500 0.023437500 0.023437500 0.031250000 0.031250000 0.078125000 0.058593750 0.058593750 0.050781250 0.015625000 0.027343750 0.019531250 0.015625000 0.011718750 0.027343750 0.050781250 0.035156250 0.042968750 0.031250000 0.042968750 0.078125000 0.015625000 0.007812500 0.019531250 0.027343750 0.035156250 0.027343750 0.007812500 0.042968750 0.007812500 0.039062500 0.042968750 0.039062500 0.027343750 0.031250000 0.042968750 0.011718750 0.019531250 0.007812500 0.027343750 0.035156250 0.007812500 0.039062500 0.054687500 0.046875000 0.035156250 0.042968750 0.027343750 0.039062500 0.039062500 0.078125000 0.023437500 0.050781250 0.023437500 0.039062500 0.074218750 0.027343750 0.015625000 0.035156250 0.027343750 0.039062500 0.035156250 0.031250000 0.035156250 0.027343750 0.023437500 0.003906250 0.027343750 0.046875000 0.042968750 0.011718750 0.031250000 0.023437500 0.039062500 0.054687500 0.035156250 0.027343750 0.027343750 0.042968750 0.011718750 0.015625000 0.003906250 0.011718750 0.039062500 0.031250000 0.027343750 0.023437500 0.023437500 0.039062500 0.011718750 0.023437500 0.046875000 0.027343750 0.066406250 0.019531250 0.035156250 0.015625000 0.054687500 0.031250000 0.015625000 0.011718750 0.046875000 0.011718750 0.019531250 0.027343750 0.027343750 0.031250000 0.039062500 0.019531250 0.023437500 0.011718750 0.042968750 0.015625000 0.023437500 0.011718750 0.027343750 0.039062500 0.035156250 0.023437500 0.035156250 0.019531250 0.035156250 0.039062500 0.027343750 0.023437500 0.015625000 0.054687500 0.011718750 0.035156250 0.027343750 0.023437500 0.031250000 0.027343750 0.058593750 0.027343750 0.031250000 0.015625000 0.031250000 0.027343750 0.015625000 0.027343750 0.035156250 0.042968750 0.011718750 0.027343750 0.023437500 0.035156250 0.031250000 0.015625000 0.011718750 0.011718750 
0.015625000 0.109375000 0.078125000 0.113281250 0.406250000 0.156250000 0.351562500 4.316406250 0.441406250 0.214843750 0.167968750 0.101562500 0.164062500 0.339843750 3.179687500 0.894531250 0.582031250 0.414062500 0.601562500 0.570312500 1.007812500 5.187500000 1.667968750 0.699218750 0.437500000 0.429687500 0.335937500 0.457031250 1.378906250 0.468750000 0.117187500 0.031250000 0.085937500 0.132812500 0.191406250 0.574218750 0.328125000 0.195312500 0.097656250 0.082031250 0.054687500 0.109375000 0.398437500 0.242187500 0.121093750 0.058593750 0.082031250 0.089843750 0.125000000 0.589843750 0.640625000 0.300781250 0.191406250 0.242187500 0.226562500 0.371093750 1.265625000 1.964843750 0.457031250 0.136718750 0.261718750 0.175781250 0.203125000 0.679687500 1.074218750 0.390625000 0.035156250 0.066406250 0.066406250 0.046875000 0.472656250 0.972656250 0.242187500 0.031250000 0.062500000 0.011718750 0.046875000 0.070312500 0.097656250 0.031250000 0.035156250 0.023437500 0.031250000 0.019531250 0.078125000 0.066406250 0.027343750 0.011718750 0.019531250 0.035156250 0.015625000 0.050781250 0.054687500 0.019531250 0.027343750 0.015625000 0.035156250 0.054687500 0.019531250 0.023437500 0.042968750 0.015625000 0.023437500 0.027343750 0.003906250 0.023437500 0.023437500 0.027343750 0.011718750 0.031250000 0.015625000 0.035156250 0.007812500 0.054687500 0.042968750 0.031250000 0.019531250 0.011718750 0.031250000 0.003906250 0.042968750 0.011718750 0.015625000 0.023437500 0.027343750 0.019531250 0.031250000 0.023437500 0.019531250 0.007812500 0.011718750 0.031250000 0.015625000 0.019531250 0.050781250 0.031250000 0.023437500 0.031250000 0.003906250 0.007812500 0.011718750 0.027343750 0.027343750 0.027343750 0.011718750 0.027343750 0.019531250 0.039062500 0.011718750 0.015625000 0.031250000 0.035156250 0.023437500 0.050781250 0.019531250 0.050781250 0.070312500 0.062500000 0.023437500 0.023437500 0.050781250 0.054687500 0.046875000 0.023437500 0.023437500 0.046875000 0.007812500 0.023437500 0.031250000 0.015625000 0.023437500 0.023437500 0.023437500 0.031250000 0.011718750 0.011718750 0.023437500 0.015625000 0.023437500 0.035156250 0.015625000 0.019531250 0.015625000 0.054687500 0.050781250 0.019531250 0.015625000 0.035156250 0.027343750 0.019531250 0.007812500 0.042968750 0.015625000 0.015625000 0.023437500 0.035156250 0.039062500 0.046875000 0.039062500 0.023437500 0.035156250 0.035156250 0.027343750 0.046875000 0.015625000 0.011718750 0.019531250 0.031250000 0.015625000 0.019531250 0.035156250 0.015625000 0.007812500 0.035156250 0.007812500 0.023437500 0.019531250 0.046875000 0.019531250 0.035156250 0.023437500 0.046875000 0.031250000 0.015625000 0.066406250 0.015625000 0.031250000 0.027343750 0.011718750 0.039062500 0.015625000 0.015625000 0.035156250 0.015625000 0.003906250 0.011718750 0.007812500 0.011718750 0.023437500 0.042968750 0.027343750 0.007812500 0.031250000 0.019531250 0.042968750 0.031250000 0.019531250 0.023437500 0.027343750 0.015625000 0.003906250 0.019531250 0.023437500 0.023437500 0.007812500 0.011718750 0.007812500 
0.000000000 0.074218750 0.019531250 0.105468750 0.421875000 0.109375000 0.273437500 4.375000000 0.242187500 0.078125000 0.031250000 0.042968750 0.085937500 0.191406250 3.226562500 0.468750000 0.230468750 0.246093750 0.281250000 0.347656250 0.617187500 5.273437500 0.890625000 0.394531250 0.273437500 0.289062500 0.238281250 0.277343750 1.507812500 0.250000000 0.074218750 0.062500000 0.089843750 0.042968750 0.152343750 0.664062500 0.195312500 0.039062500 0.121093750 0.078125000 0.085937500 0.109375000 0.503906250 0.113281250 0.082031250 0.089843750 0.082031250 0.105468750 0.230468750 0.886718750 0.367187500 0.132812500 0.148437500 0.160156250 0.371093750 0.625000000 2.191406250 1.144531250 0.492187500 0.363281250 0.371093750 0.378906250 0.609375000 1.226562500 0.703125000 0.269531250 0.292968750 0.218750000 0.316406250 0.433593750 0.996093750 0.597656250 0.156250000 0.140625000 0.105468750 0.128906250 0.054687500 0.121093750 0.125000000 0.023437500 0.031250000 0.031250000 0.019531250 0.003906250 0.039062500 0.101562500 0.042968750 0.027343750 0.015625000 0.031250000 0.031250000 0.027343750 0.046875000 0.019531250 0.042968750 0.011718750 0.039062500 0.023437500 0.015625000 0.027343750 0.015625000 0.035156250 0.011718750 0.042968750 0.027343750 0.027343750 0.011718750 0.015625000 0.023437500 0.007812500 0.058593750 0.035156250 0.011718750 0.074218750 0.007812500 0.015625000 0.007812500 0.007812500 0.035156250 0.011718750 0.039062500 0.015625000 0.015625000 0.019531250 0.019531250 0.011718750 0.019531250 0.027343750 0.027343750 0.015625000 0.011718750 0.035156250 0.011718750 0.019531250 0.042968750 0.011718750 0.019531250 0.015625000 0.019531250 0.019531250 0.031250000 0.039062500 0.015625000 0.015625000 0.027343750 0.054687500 0.007812500 0.003906250 0.046875000 0.015625000 0.019531250 0.046875000 0.031250000 0.007812500 0.039062500 0.097656250 0.027343750 0.027343750 0.019531250 0.042968750 0.039062500 0.031250000 0.074218750 0.027343750 0.023437500 0.027343750 0.027343750 0.027343750 0.050781250 0.015625000 0.007812500 0.027343750 0.031250000 0.007812500 0.019531250 0.015625000 0.011718750 0.011718750 0.007812500 0.035156250 0.019531250 0.039062500 0.027343750 0.039062500 0.035156250 0.027343750 0.007812500 0.058593750 0.003906250 0.023437500 0.011718750 0.023437500 0.015625000 0.035156250 0.023437500 0.054687500 0.011718750 0.023437500 0.042968750 0.035156250 0.035156250 0.046875000 0.015625000 0.023437500 0.007812500 0.003906250 0.027343750 0.011718750 0.007812500 0.023437500 0.031250000 0.015625000 0.011718750 0.031250000 0.011718750 0.019531250 0.019531250 0.046875000 0.031250000 0.011718750 0.015625000 0.039062500 0.023437500 0.011718750 0.062500000 0.007812500 0.031250000 0.023437500 0.039062500 0.054687500 0.031250000 0.027343750 0.027343750 0.035156250 0.019531250 0.042968750 0.031250000 0.019531250 0.023437500 0.031250000 0.039062500 0.007812500 0.031250000 0.015625000 0.027343750 0.039062500 0.011718750 0.039062500 0.035156250 0.042968750 0.039062500 0.015625000 0.011718750 0.015625000 0.015625000 0.007812500 0.007812500 
0.050781250 0.066406250 0.023437500 0.109375000 0.332031250 0.019531250 0.121093750 4.351562500 0.085937500 0.062500000 0.039062500 0.046875000 0.054687500 0.085937500 3.132812500 0.304687500 0.062500000 0.078125000 0.046875000 0.019531250 0.347656250 5.101562500 0.597656250 0.222656250 0.089843750 0.070312500 0.058593750 0.136718750 1.523437500 0.183593750 0.101562500 0.062500000 0.058593750 0.097656250 0.117187500 0.718750000 0.136718750 0.074218750 0.035156250 0.027343750 0.027343750 0.089843750 0.531250000 0.042968750 0.031250000 0.062500000 0.023437500 0.093750000 0.140625000 1.003906250 0.101562500 0.125000000 0.046875000 0.125000000 0.089843750 0.464843750 2.535156250 0.511718750 0.308593750 0.078125000 0.132812500 0.175781250 0.425781250 1.558593750 0.378906250 0.089843750 0.027343750 0.078125000 0.085937500 0.367187500 1.304687500 0.246093750 0.078125000 0.035156250 0.089843750 0.027343750 0.074218750 0.207031250 0.039062500 0.019531250 0.035156250 0.023437500 0.019531250 0.046875000 0.097656250 0.042968750 0.031250000 0.015625000 0.035156250 0.023437500 0.003906250 0.058593750 0.039062500 0.019531250 0.039062500 0.042968750 0.011718750 0.042968750 0.050781250 0.015625000 0.039062500 0.011718750 0.007812500 0.027343750 0.039062500 0.023437500 0.007812500 0.015625000 0.023437500 0.035156250 0.007812500 0.046875000 0.054687500 0.027343750 0.039062500 0.015625000 0.011718750 0.023437500 0.054687500 0.019531250 0.046875000 0.015625000 0.023437500 0.023437500 0.019531250 0.023437500 0.023437500 0.027343750 0.007812500 0.003906250 0.015625000 0.035156250 0.023437500 0.035156250 0.031250000 0.015625000 0.011718750 0.011718750 0.031250000 0.027343750 0.019531250 0.035156250 0.015625000 0.011718750 0.042968750 0.031250000 0.039062500 0.023437500 0.027343750 0.019531250 0.015625000 0.050781250 0.035156250 0.031250000 0.062500000 0.050781250 0.031250000 0.027343750 0.019531250 0.074218750 0.050781250 0.082031250 0.042968750 0.011718750 0.015625000 0.019531250 0.019531250 0.007812500 0.058593750 0.039062500 0.039062500 0.007812500 0.035156250 0.023437500 0.019531250 0.019531250 0.023437500 0.031250000 0.019531250 0.015625000 0.019531250 0.039062500 0.027343750 0.031250000 0.003906250 0.042968750 0.042968750 0.019531250 0.039062500 0.042968750 0.019531250 0.023437500 0.050781250 0.027343750 0.042968750 0.023437500 0.035156250 0.019531250 0.042968750 0.011718750 0.023437500 0.027343750 0.019531250 0.042968750 0.015625000 0.003906250 0.011718750 0.023437500 0.015625000 0.011718750 0.039062500 0.007812500 0.039062500 0.019531250 0.007812500 0.019531250 0.011718750 0.046875000 0.039062500 0.007812500 0.035156250 0.019531250 0.039062500 0.019531250 0.035156250 0.031250000 0.027343750 0.011718750 0.039062500 0.015625000 0.058593750 0.031250000 0.050781250 0.015625000 0.019531250 0.015625000 0.042968750 0.003906250 0.058593750 0.023437500 0.031250000 0.023437500 0.007812500 0.019531250 0.027343750 0.031250000 0.007812500 0.011718750 0.019531250 0.066406250 0.035156250 0.027343750 0.042968750 0.035156250 0.035156250 0.027343750 0.019531250 
0.187500000 0.203125000 0.214843750 0.218750000 0.167968750 0.242187500 0.414062500 4.355468750 0.359375000 0.257812500 0.273437500 0.320312500 0.398437500 0.710937500 2.640625000 0.277343750 0.101562500 0.191406250 0.363281250 0.601562500 1.207031250 4.617187500 0.941406250 0.429687500 0.234375000 0.125000000 0.128906250 0.457031250 1.523437500 0.449218750 0.285156250 0.230468750 0.183593750 0.207031250 0.402343750 0.500000000 0.160156250 0.125000000 0.093750000 0.128906250 0.183593750 0.339843750 0.339843750 0.195312500 0.117187500 0.195312500 0.183593750 0.289062500 0.558593750 0.617187500 0.238281250 0.050781250 0.128906250 0.246093750 0.644531250 1.406250000 1.636718750 0.703125000 0.101562500 0.085937500 0.097656250 0.410156250 1.039062500 0.933593750 0.488281250 0.281250000 0.195312500 0.054687500 0.214843750 0.812500000 0.785156250 0.406250000 0.253906250 0.273437500 0.179687500 0.117187500 0.222656250 0.117187500 0.167968750 0.136718750 0.132812500 0.148437500 0.117187500 0.203125000 0.117187500 0.125000000 0.089843750 0.101562500 0.117187500 0.125000000 0.097656250 0.089843750 0.117187500 0.082031250 0.105468750 0.058593750 0.113281250 0.054687500 0.089843750 0.101562500 0.085937500 0.066406250 0.085937500 0.074218750 0.046875000 0.070312500 0.066406250 0.042968750 0.039062500 0.070312500 0.046875000 0.093750000 0.031250000 0.042968750 0.054687500 0.097656250 0.035156250 0.054687500 0.058593750 0.082031250 0.089843750 0.046875000 0.070312500 0.054687500 0.074218750 0.054687500 0.042968750 0.023437500 0.062500000 0.050781250 0.066406250 0.058593750 0.054687500 0.042968750 0.046875000 0.039062500 0.019531250 0.054687500 0.039062500 0.058593750 0.035156250 0.035156250 0.035156250 0.015625000 0.035156250 0.035156250 0.066406250 0.050781250 0.062500000 0.042968750 0.027343750 0.019531250 0.058593750 0.054687500 0.085937500 0.054687500 0.058593750 0.003906250 0.039062500 0.121093750 0.039062500 0.101562500 0.062500000 0.054687500 0.023437500 0.046875000 0.042968750 0.058593750 0.085937500 0.085937500 0.023437500 0.054687500 0.042968750 0.035156250 0.035156250 0.050781250 0.058593750 0.046875000 0.042968750 0.023437500 0.011718750 0.035156250 0.039062500 0.039062500 0.058593750 0.050781250 0.019531250 0.058593750 0.058593750 0.031250000 0.039062500 0.054687500 0.027343750 0.062500000 0.003906250 0.046875000 0.019531250 0.054687500 0.039062500 0.062500000 0.039062500 0.050781250 0.042968750 0.078125000 0.027343750 0.039062500 0.031250000 0.039062500 0.042968750 0.015625000 0.031250000 0.058593750 0.019531250 0.042968750 0.046875000 0.062500000 0.046875000 0.027343750 0.042968750 0.035156250 0.050781250 0.027343750 0.046875000 0.019531250 0.023437500 0.015625000 0.035156250 0.039062500 0.070312500 0.046875000 0.019531250 0.023437500 0.039062500 0.035156250 0.031250000 0.015625000 0.046875000 0.039062500 0.058593750 0.011718750 0.046875000 0.050781250 0.039062500 0.062500000 0.035156250 0.027343750 0.031250000 0.027343750 0.023437500 0.078125000 0.074218750 0.023437500 0.046875000 0.019531250 0.062500000 0.042968750 0.031250000 
0.039062500 0.050781250 0.035156250 0.046875000 0.289062500 0.121093750 0.468750000 4.476562500 0.648437500 0.441406250 0.394531250 0.453125000 0.617187500 1.144531250 2.351562500 0.562500000 0.398437500 0.441406250 0.589843750 0.832031250 2.363281250 3.765625000 1.046875000 0.625000000 0.367187500 0.359375000 0.375000000 1.078125000 1.117187500 0.457031250 0.347656250 0.269531250 0.289062500 0.300781250 0.539062500 0.398437500 0.144531250 0.128906250 0.093750000 0.054687500 0.015625000 0.386718750 0.199218750 0.144531250 0.160156250 0.191406250 0.156250000 0.253906250 0.910156250 0.277343750 0.113281250 0.035156250 0.066406250 0.171875000 0.304687500 1.968750000 0.746093750 0.289062500 0.289062500 0.109375000 0.292968750 0.460937500 1.265625000 0.425781250 0.171875000 0.160156250 0.246093750 0.152343750 0.359375000 0.964843750 0.398437500 0.214843750 0.097656250 0.074218750 0.117187500 0.128906250 0.171875000 0.082031250 0.054687500 0.042968750 0.023437500 0.074218750 0.097656250 0.023437500 0.019531250 0.046875000 0.054687500 0.054687500 0.054687500 0.027343750 0.066406250 0.019531250 0.062500000 0.019531250 0.039062500 0.031250000 0.023437500 0.011718750 0.031250000 0.039062500 0.023437500 0.015625000 0.003906250 0.054687500 0.007812500 0.019531250 0.039062500 0.015625000 0.039062500 0.015625000 0.042968750 0.027343750 0.046875000 0.023437500 0.003906250 0.019531250 0.042968750 0.035156250 0.007812500 0.031250000 0.054687500 0.054687500 0.015625000 0.015625000 0.023437500 0.046875000 0.035156250 0.015625000 0.023437500 0.023437500 0.027343750 0.011718750 0.039062500 0.003906250 0.023437500 0.015625000 0.023437500 0.066406250 0.050781250 0.046875000 0.019531250 0.035156250 0.035156250 0.050781250 0.039062500 0.031250000 0.027343750 0.054687500 0.019531250 0.031250000 0.027343750 0.027343750 0.074218750 0.023437500 0.019531250 0.015625000 0.027343750 0.078125000 0.074218750 0.058593750 0.058593750 0.035156250 0.011718750 0.031250000 0.031250000 0.019531250 0.007812500 0.011718750 0.023437500 0.015625000 0.042968750 0.054687500 0.027343750 0.031250000 0.031250000 0.023437500 0.027343750 0.023437500 0.023437500 0.015625000 0.011718750 0.003906250 0.015625000 0.007812500 0.054687500 0.007812500 0.031250000 0.035156250 0.019531250 0.015625000 0.027343750 0.046875000 0.062500000 0.042968750 0.019531250 0.007812500 0.035156250 0.070312500 0.039062500 0.019531250 0.019531250 0.023437500 0.003906250 0.050781250 0.007812500 0.019531250 0.011718750 0.007812500 0.023437500 0.027343750 0.007812500 0.015625000 0.007812500 0.015625000 0.019531250 0.015625000 0.015625000 0.039062500 0.031250000 0.039062500 0.039062500 0.042968750 0.023437500 0.027343750 0.027343750 0.031250000 0.011718750 0.027343750 0.015625000 0.039062500 0.031250000 0.011718750 0.019531250 0.042968750 0.035156250 0.011718750 0.023437500 0.031250000 0.019531250 0.039062500 0.015625000 0.003906250 0.015625000 0.039062500 0.015625000 0.019531250 0.003906250 0.023437500 0.042968750 0.015625000 0.003906250 0.042968750 0.007812500 0.046875000 0.035156250 0.003906250 0.031250000 
0.199218750 0.152343750 0.300781250 0.230468750 0.417968750 0.351562500 0.871093750 4.210937500 0.691406250 0.460937500 0.367187500 0.406250000 0.550781250 1.425781250 2.089843750 0.660156250 0.535156250 0.554687500 0.566406250 1.125000000 3.343750000 2.695312500 0.867187500 0.531250000 0.355468750 0.386718750 0.441406250 1.609375000 0.429687500 0.183593750 0.140625000 0.066406250 0.070312500 0.132812500 0.484375000 0.234375000 0.101562500 0.097656250 0.031250000 0.050781250 0.031250000 0.507812500 0.136718750 0.085937500 0.101562500 0.070312500 0.113281250 0.312500000 0.597656250 0.277343750 0.253906250 0.175781250 0.273437500 0.468750000 0.828125000 1.347656250 0.503906250 0.339843750 0.246093750 0.250000000 0.410156250 1.101562500 0.578125000 0.253906250 0.191406250 0.167968750 0.261718750 0.468750000 0.976562500 0.472656250 0.105468750 0.109375000 0.128906250 0.117187500 0.199218750 0.226562500 0.105468750 0.039062500 0.011718750 0.023437500 0.042968750 0.039062500 0.105468750 0.035156250 0.019531250 0.035156250 0.046875000 0.070312500 0.042968750 0.054687500 0.003906250 0.031250000 0.031250000 0.050781250 0.023437500 0.019531250 0.039062500 0.042968750 0.046875000 0.023437500 0.062500000 0.039062500 0.035156250 0.035156250 0.003906250 0.015625000 0.011718750 0.019531250 0.031250000 0.019531250 0.035156250 0.066406250 0.058593750 0.062500000 0.000000000 0.058593750 0.023437500 0.027343750 0.039062500 0.031250000 0.050781250 0.027343750 0.031250000 0.027343750 0.019531250 0.027343750 0.050781250 0.023437500 0.027343750 0.019531250 0.011718750 0.039062500 0.031250000 0.011718750 0.027343750 0.011718750 0.046875000 0.019531250 0.031250000 0.058593750 0.023437500 0.011718750 0.007812500 0.035156250 0.042968750 0.046875000 0.027343750 0.019531250 0.035156250 0.031250000 0.011718750 0.042968750 0.070312500 0.027343750 0.054687500 0.035156250 0.011718750 0.066406250 0.074218750 0.019531250 0.023437500 0.027343750 0.039062500 0.019531250 0.066406250 0.000000000 0.003906250 0.027343750 0.023437500 0.031250000 0.007812500 0.046875000 0.011718750 0.015625000 0.031250000 0.019531250 0.046875000 0.007812500 0.015625000 0.031250000 0.035156250 0.003906250 0.015625000 0.019531250 0.046875000 0.023437500 0.007812500 0.027343750 0.023437500 0.019531250 0.023437500 0.042968750 0.011718750 0.027343750 0.007812500 0.023437500 0.023437500 0.062500000 0.023437500 0.031250000 0.015625000 0.011718750 0.031250000 0.039062500 0.039062500 0.027343750 0.031250000 0.011718750 0.011718750 0.050781250 0.019531250 0.011718750 0.003906250 0.019531250 0.015625000 0.003906250 0.019531250 0.042968750 0.003906250 0.035156250 0.039062500 0.023437500 0.023437500 0.027343750 0.015625000 0.050781250 0.011718750 0.023437500 0.035156250 0.046875000 0.039062500 0.031250000 0.015625000 0.039062500 0.007812500 0.035156250 0.023437500 0.019531250 0.015625000 0.046875000 0.007812500 0.007812500 0.007812500 0.046875000 0.011718750 0.031250000 0.039062500 0.023437500 0.035156250 0.019531250 0.019531250 0.019531250 0.027343750 0.023437500 0.031250000 0.007812500 0.011718750 
0.019531250 0.035156250 0.105468750 0.238281250 0.312500000 0.496093750 1.199218750 4.000000000 0.914062500 0.589843750 0.453125000 0.437500000 0.636718750 1.757812500 1.628906250 0.683593750 0.480468750 0.476562500 0.445312500 0.804687500 3.996093750 1.289062500 0.449218750 0.214843750 0.160156250 0.097656250 0.289062500 1.707031250 0.335937500 0.144531250 0.105468750 0.093750000 0.042968750 0.097656250 0.484375000 0.261718750 0.179687500 0.148437500 0.128906250 0.222656250 0.367187500 0.230468750 0.070312500 0.031250000 0.082031250 0.046875000 0.128906250 0.597656250 0.203125000 0.089843750 0.066406250 0.035156250 0.105468750 0.429687500 1.234375000 0.742187500 0.332031250 0.292968750 0.281250000 0.351562500 0.597656250 0.835937500 0.460937500 0.273437500 0.214843750 0.113281250 0.453125000 0.671875000 0.527343750 0.195312500 0.195312500 0.109375000 0.152343750 0.292968750 0.402343750 0.136718750 0.050781250 0.046875000 0.027343750 0.027343750 0.023437500 0.097656250 0.031250000 0.011718750 0.031250000 0.035156250 0.058593750 0.062500000 0.046875000 0.011718750 0.019531250 0.011718750 0.066406250 0.015625000 0.019531250 0.027343750 0.027343750 0.027343750 0.035156250 0.027343750 0.062500000 0.023437500 0.054687500 0.027343750 0.015625000 0.011718750 0.023437500 0.023437500 0.019531250 0.035156250 0.031250000 0.042968750 0.039062500 0.027343750 0.042968750 0.023437500 0.027343750 0.027343750 0.035156250 0.007812500 0.019531250 0.039062500 0.039062500 0.027343750 0.007812500 0.007812500 0.015625000 0.054687500 0.023437500 0.015625000 0.019531250 0.015625000 0.023437500 0.003906250 0.023437500 0.011718750 0.062500000 0.003906250 0.066406250 0.046875000 0.050781250 0.011718750 0.027343750 0.011718750 0.023437500 0.050781250 0.035156250 0.031250000 0.007812500 0.035156250 0.007812500 0.035156250 0.031250000 0.042968750 0.078125000 0.019531250 0.031250000 0.054687500 0.046875000 0.011718750 0.003906250 0.019531250 0.019531250 0.015625000 0.042968750 0.027343750 0.015625000 0.007812500 0.027343750 0.027343750 0.023437500 0.011718750 0.035156250 0.031250000 0.031250000 0.015625000 0.031250000 0.027343750 0.031250000 0.015625000 0.011718750 0.039062500 0.023437500 0.007812500 0.039062500 0.031250000 0.015625000 0.011718750 0.019531250 0.019531250 0.042968750 0.023437500 0.003906250 0.023437500 0.019531250 0.023437500 0.042968750 0.050781250 0.027343750 0.023437500 0.046875000 0.015625000 0.015625000 0.015625000 0.007812500 0.035156250 0.015625000 0.035156250 0.031250000 0.039062500 0.007812500 0.015625000 0.031250000 0.027343750 0.015625000 0.027343750 0.039062500 0.035156250 0.023437500 0.039062500 0.027343750 0.023437500 0.015625000 0.015625000 0.007812500 0.039062500 0.019531250 0.015625000 0.035156250 0.031250000 0.015625000 0.007812500 0.027343750 0.042968750 0.011718750 0.015625000 0.039062500 0.023437500 0.023437500 0.023437500 0.019531250 0.007812500 0.023437500 0.035156250 0.015625000 0.015625000 0.042968750 0.011718750 0.011718750 0.023437500 0.031250000 0.031250000 0.027343750 0.011718750 0.011718750 0.019531250 0.011718750 
0.160156250 0.187500000 0.191406250 0.269531250 0.394531250 0.652343750 1.804687500 3.515625000 0.917968750 0.519531250 0.429687500 0.425781250 0.566406250 2.093750000 0.980468750 0.429687500 0.292968750 0.226562500 0.160156250 0.312500000 3.945312500 0.992187500 0.558593750 0.398437500 0.402343750 0.472656250 0.847656250 1.167968750 0.257812500 0.101562500 0.062500000 0.054687500 0.175781250 0.402343750 0.136718750 0.062500000 0.039062500 0.023437500 0.042968750 0.113281250 0.394531250 0.128906250 0.050781250 0.031250000 0.054687500 0.128906250 0.253906250 0.367187500 0.203125000 0.128906250 0.109375000 0.167968750 0.308593750 0.828125000 0.718750000 0.410156250 0.253906250 0.253906250 0.242187500 0.472656250 1.039062500 0.507812500 0.277343750 0.199218750 0.316406250 0.417968750 0.636718750 0.484375000 0.289062500 0.152343750 0.050781250 0.148437500 0.281250000 0.398437500 0.214843750 0.074218750 0.058593750 0.007812500 0.074218750 0.093750000 0.019531250 0.062500000 0.046875000 0.042968750 0.039062500 0.015625000 0.039062500 0.027343750 0.027343750 0.042968750 0.023437500 0.054687500 0.082031250 0.023437500 0.039062500 0.023437500 0.015625000 0.015625000 0.003906250 0.058593750 0.023437500 0.039062500 0.054687500 0.019531250 0.050781250 0.035156250 0.039062500 0.023437500 0.023437500 0.031250000 0.031250000 0.042968750 0.066406250 0.039062500 0.023437500 0.027343750 0.058593750 0.007812500 0.027343750 0.031250000 0.039062500 0.003906250 0.011718750 0.039062500 0.042968750 0.031250000 0.035156250 0.039062500 0.035156250 0.007812500 0.031250000 0.019531250 0.027343750 0.031250000 0.027343750 0.039062500 0.015625000 0.042968750 0.046875000 0.027343750 0.054687500 0.015625000 0.019531250 0.011718750 0.031250000 0.023437500 0.031250000 0.058593750 0.042968750 0.031250000 0.031250000 0.027343750 0.035156250 0.050781250 0.070312500 0.066406250 0.046875000 0.019531250 0.003906250 0.031250000 0.027343750 0.000000000 0.023437500 0.019531250 0.054687500 0.007812500 0.011718750 0.023437500 0.019531250 0.011718750 0.039062500 0.003906250 0.027343750 0.019531250 0.023437500 0.035156250 0.039062500 0.019531250 0.039062500 0.035156250 0.031250000 0.023437500 0.031250000 0.019531250 0.027343750 0.023437500 0.019531250 0.015625000 0.027343750 0.058593750 0.011718750 0.035156250 0.015625000 0.007812500 0.019531250 0.023437500 0.035156250 0.035156250 0.015625000 0.046875000 0.023437500 0.023437500 0.035156250 0.019531250 0.015625000 0.027343750 0.046875000 0.031250000 0.042968750 0.015625000 0.035156250 0.011718750 0.042968750 0.007812500 0.003906250 0.023437500 0.031250000 0.011718750 0.015625000 0.023437500 0.027343750 0.042968750 0.007812500 0.011718750 0.011718750 0.035156250 0.019531250 0.023437500 0.015625000 0.011718750 0.039062500 0.019531250 0.027343750 0.019531250 0.011718750 0.035156250 0.011718750 0.003906250 0.019531250 0.015625000 0.031250000 0.023437500 0.015625000 0.023437500 0.031250000 0.042968750 0.031250000 0.015625000 0.011718750 0.019531250 0.007812500 0.011718750 0.027343750 0.003906250 0.019531250 0.031250000 0.003906250 
0.300781250 0.351562500 0.378906250 0.464843750 0.746093750 0.984375000 2.425781250 2.734375000 0.750000000 0.386718750 0.234375000 0.144531250 0.269531250 2.238281250 0.386718750 0.066406250 0.093750000 0.222656250 0.515625000 1.460937500 2.695312500 1.078125000 0.644531250 0.539062500 0.480468750 0.609375000 1.433593750 0.664062500 0.289062500 0.164062500 0.140625000 0.125000000 0.210937500 0.382812500 0.222656250 0.121093750 0.125000000 0.082031250 0.101562500 0.207031250 0.277343750 0.195312500 0.121093750 0.074218750 0.128906250 0.183593750 0.320312500 0.234375000 0.179687500 0.113281250 0.128906250 0.183593750 0.394531250 0.554687500 0.429687500 0.191406250 0.160156250 0.187500000 0.667968750 1.167968750 0.617187500 0.187500000 0.191406250 0.199218750 0.238281250 0.453125000 0.671875000 0.234375000 0.132812500 0.054687500 0.121093750 0.214843750 0.371093750 0.285156250 0.089843750 0.042968750 0.023437500 0.050781250 0.085937500 0.078125000 0.015625000 0.015625000 0.031250000 0.050781250 0.023437500 0.078125000 0.019531250 0.027343750 0.042968750 0.042968750 0.027343750 0.019531250 0.062500000 0.011718750 0.019531250 0.039062500 0.042968750 0.058593750 0.042968750 0.074218750 0.027343750 0.035156250 0.050781250 0.046875000 0.050781250 0.054687500 0.027343750 0.031250000 0.054687500 0.027343750 0.074218750 0.039062500 0.027343750 0.042968750 0.058593750 0.031250000 0.062500000 0.054687500 0.011718750 0.050781250 0.031250000 0.050781250 0.042968750 0.066406250 0.027343750 0.035156250 0.015625000 0.019531250 0.042968750 0.058593750 0.042968750 0.058593750 0.031250000 0.035156250 0.039062500 0.054687500 0.050781250 0.062500000 0.066406250 0.039062500 0.011718750 0.058593750 0.031250000 0.039062500 0.027343750 0.039062500 0.027343750 0.011718750 0.093750000 0.003906250 0.015625000 0.031250000 0.050781250 0.042968750 0.015625000 0.031250000 0.089843750 0.042968750 0.031250000 0.023437500 0.046875000 0.015625000 0.042968750 0.003906250 0.082031250 0.035156250 0.019531250 0.027343750 0.003906250 0.007812500 0.027343750 0.035156250 0.007812500 0.039062500 0.023437500 0.007812500 0.023437500 0.042968750 0.031250000 0.058593750 0.027343750 0.035156250 0.042968750 0.035156250 0.042968750 0.054687500 0.042968750 0.023437500 0.070312500 0.042968750 0.027343750 0.031250000 0.023437500 0.015625000 0.003906250 0.046875000 0.039062500 0.027343750 0.011718750 0.035156250 0.035156250 0.027343750 0.039062500 0.011718750 0.023437500 0.031250000 0.023437500 0.023437500 0.058593750 0.039062500 0.019531250 0.011718750 0.015625000 0.023437500 0.011718750 0.027343750 0.039062500 0.019531250 0.023437500 0.019531250 0.019531250 0.042968750 0.027343750 0.023437500 0.015625000 0.062500000 0.019531250 0.042968750 0.019531250 0.007812500 0.039062500 0.023437500 0.062500000 0.023437500 0.039062500 0.023437500 0.023437500 0.015625000 0.054687500 0.035156250 0.035156250 0.011718750 0.031250000 0.007812500 0.039062500 0.070312500 0.015625000 0.031250000 0.050781250 0.003906250 0.015625000 0.023437500 0.015625000 0.011718750 0.019531250 0.035156250 0.003906250 
0.429687500 0.500000000 0.503906250 0.550781250 0.937500000 1.015625000 2.871093750 1.917968750 0.613281250 0.371093750 0.242187500 0.257812500 0.425781250 2.003906250 0.414062500 0.257812500 0.257812500 0.355468750 0.835937500 2.828125000 0.929687500 0.457031250 0.343750000 0.175781250 0.367187500 0.640625000 1.371093750 0.480468750 0.253906250 0.171875000 0.101562500 0.031250000 0.265625000 0.156250000 0.089843750 0.121093750 0.097656250 0.187500000 0.195312500 0.183593750 0.101562500 0.050781250 0.015625000 0.035156250 0.085937500 0.277343750 0.152343750 0.035156250 0.019531250 0.074218750 0.167968750 0.296875000 0.378906250 0.207031250 0.164062500 0.121093750 0.250000000 0.574218750 1.125000000 0.644531250 0.156250000 0.136718750 0.214843750 0.351562500 0.312500000 0.562500000 0.347656250 0.214843750 0.109375000 0.097656250 0.218750000 0.250000000 0.300781250 0.214843750 0.156250000 0.078125000 0.023437500 0.062500000 0.058593750 0.054687500 0.070312500 0.027343750 0.054687500 0.054687500 0.019531250 0.035156250 0.042968750 0.027343750 0.046875000 0.027343750 0.023437500 0.023437500 0.062500000 0.046875000 0.023437500 0.035156250 0.019531250 0.031250000 0.003906250 0.027343750 0.007812500 0.019531250 0.027343750 0.039062500 0.019531250 0.011718750 0.042968750 0.003906250 0.011718750 0.050781250 0.011718750 0.031250000 0.027343750 0.019531250 0.042968750 0.015625000 0.054687500 0.035156250 0.027343750 0.019531250 0.007812500 0.039062500 0.019531250 0.039062500 0.039062500 0.027343750 0.015625000 0.035156250 0.023437500 0.039062500 0.031250000 0.031250000 0.023437500 0.023437500 0.015625000 0.035156250 0.027343750 0.007812500 0.015625000 0.011718750 0.000000000 0.035156250 0.007812500 0.015625000 0.035156250 0.027343750 0.027343750 0.019531250 0.042968750 0.062500000 0.039062500 0.011718750 0.058593750 0.015625000 0.007812500 0.039062500 0.039062500 0.070312500 0.019531250 0.007812500 0.019531250 0.019531250 0.039062500 0.031250000 0.027343750 0.046875000 0.039062500 0.015625000 0.023437500 0.003906250 0.027343750 0.035156250 0.050781250 0.023437500 0.015625000 0.031250000 0.015625000 0.050781250 0.011718750 0.042968750 0.011718750 0.011718750 0.011718750 0.015625000 0.019531250 0.027343750 0.027343750 0.015625000 0.031250000 0.019531250 0.035156250 0.039062500 0.027343750 0.023437500 0.015625000 0.054687500 0.019531250 0.023437500 0.027343750 0.027343750 0.019531250 0.011718750 0.031250000 0.007812500 0.031250000 0.046875000 0.007812500 0.007812500 0.027343750 0.019531250 0.015625000 0.015625000 0.027343750 0.015625000 0.015625000 0.011718750 0.027343750 0.027343750 0.000000000 0.023437500 0.007812500 0.042968750 0.035156250 0.011718750 0.007812500 0.046875000 0.023437500 0.007812500 0.003906250 0.019531250 0.015625000 0.011718750 0.027343750 0.003906250 0.035156250 0.023437500 0.019531250 0.015625000 0.042968750 0.023437500 0.003906250 0.039062500 0.019531250 0.007812500 0.019531250 0.031250000 0.011718750 0.011718750 0.039062500 0.027343750 0.007812500 0.019531250 0.039062500 0.023437500 0.015625000 0.027343750 0.007812500 
0.328125000 0.316406250 0.363281250 0.425781250 0.558593750 0.781250000 3.000000000 1.375000000 0.593750000 0.375000000 0.339843750 0.472656250 1.019531250 1.371093750 0.441406250 0.304687500 0.191406250 0.320312500 0.812500000 3.187500000 0.503906250 0.269531250 0.140625000 0.273437500 0.339843750 1.203125000 0.781250000 0.367187500 0.195312500 0.187500000 0.191406250 0.308593750 0.125000000 0.128906250 0.156250000 0.074218750 0.054687500 0.042968750 0.285156250 0.019531250 0.019531250 0.074218750 0.074218750 0.160156250 0.277343750 0.097656250 0.023437500 0.011718750 0.105468750 0.089843750 0.171875000 0.285156250 0.167968750 0.152343750 0.191406250 0.234375000 0.554687500 1.082031250 0.539062500 0.218750000 0.082031250 0.128906250 0.316406250 0.519531250 0.343750000 0.316406250 0.054687500 0.058593750 0.117187500 0.156250000 0.207031250 0.109375000 0.078125000 0.113281250 0.085937500 0.093750000 0.039062500 0.015625000 0.039062500 0.019531250 0.015625000 0.035156250 0.035156250 0.011718750 0.054687500 0.011718750 0.019531250 0.019531250 0.046875000 0.007812500 0.031250000 0.039062500 0.015625000 0.031250000 0.003906250 0.015625000 0.011718750 0.023437500 0.007812500 0.039062500 0.011718750 0.019531250 0.042968750 0.027343750 0.015625000 0.019531250 0.031250000 0.019531250 0.019531250 0.031250000 0.023437500 0.042968750 0.027343750 0.027343750 0.027343750 0.019531250 0.019531250 0.023437500 0.003906250 0.015625000 0.035156250 0.054687500 0.023437500 0.035156250 0.003906250 0.015625000 0.019531250 0.011718750 0.011718750 0.019531250 0.042968750 0.023437500 0.015625000 0.011718750 0.046875000 0.035156250 0.015625000 0.015625000 0.019531250 0.027343750 0.046875000 0.023437500 0.042968750 0.003906250 0.039062500 0.027343750 0.019531250 0.019531250 0.031250000 0.074218750 0.011718750 0.031250000 0.054687500 0.019531250 0.031250000 0.066406250 0.023437500 0.039062500 0.007812500 0.019531250 0.019531250 0.019531250 0.031250000 0.023437500 0.015625000 0.050781250 0.039062500 0.019531250 0.031250000 0.011718750 0.035156250 0.023437500 0.031250000 0.011718750 0.023437500 0.027343750 0.042968750 0.027343750 0.058593750 0.011718750 0.035156250 0.035156250 0.015625000 0.011718750 0.027343750 0.015625000 0.035156250 0.015625000 0.011718750 0.023437500 0.023437500 0.011718750 0.019531250 0.035156250 0.015625000 0.039062500 0.011718750 0.011718750 0.031250000 0.019531250 0.035156250 0.015625000 0.019531250 0.015625000 0.019531250 0.039062500 0.015625000 0.023437500 0.015625000 0.000000000 0.031250000 0.027343750 0.011718750 0.042968750 0.015625000 0.023437500 0.042968750 0.011718750 0.015625000 0.042968750 0.027343750 0.023437500 0.019531250 0.031250000 0.015625000 0.042968750 0.011718750 0.003906250 0.007812500 0.011718750 0.015625000 0.023437500 0.011718750 0.015625000 0.039062500 0.031250000 0.019531250 0.015625000 0.031250000 0.050781250 0.023437500 0.015625000 0.007812500 0.011718750 0.011718750 0.015625000 0.031250000 0.011718750 0.054687500 0.019531250 0.003906250 0.046875000 0.003906250 0.050781250 0.027343750 0.019531250 0.007812500 
0.210937500 0.167968750 0.230468750 0.339843750 0.031250000 0.605468750 3.144531250 0.796875000 0.386718750 0.339843750 0.351562500 0.449218750 1.523437500 0.621093750 0.320312500 0.226562500 0.378906250 0.730468750 1.894531250 2.703125000 0.941406250 0.488281250 0.347656250 0.300781250 0.593750000 1.332031250 0.644531250 0.300781250 0.273437500 0.242187500 0.226562500 0.199218750 0.128906250 0.125000000 0.109375000 0.121093750 0.132812500 0.335937500 0.046875000 0.117187500 0.128906250 0.082031250 0.144531250 0.199218750 0.167968750 0.046875000 0.027343750 0.097656250 0.156250000 0.070312500 0.261718750 0.164062500 0.093750000 0.066406250 0.179687500 0.578125000 0.972656250 0.609375000 0.246093750 0.117187500 0.167968750 0.328125000 0.453125000 0.488281250 0.156250000 0.183593750 0.101562500 0.187500000 0.218750000 0.101562500 0.179687500 0.097656250 0.019531250 0.125000000 0.121093750 0.082031250 0.062500000 0.023437500 0.015625000 0.027343750 0.042968750 0.015625000 0.027343750 0.031250000 0.019531250 0.035156250 0.039062500 0.019531250 0.031250000 0.019531250 0.015625000 0.027343750 0.019531250 0.011718750 0.031250000 0.019531250 0.027343750 0.023437500 0.015625000 0.042968750 0.031250000 0.027343750 0.039062500 0.042968750 0.035156250 0.042968750 0.027343750 0.023437500 0.046875000 0.039062500 0.031250000 0.035156250 0.031250000 0.019531250 0.050781250 0.023437500 0.011718750 0.031250000 0.003906250 0.027343750 0.023437500 0.066406250 0.027343750 0.039062500 0.007812500 0.027343750 0.011718750 0.007812500 0.023437500 0.023437500 0.054687500 0.015625000 0.011718750 0.019531250 0.050781250 0.023437500 0.039062500 0.011718750 0.011718750 0.023437500 0.054687500 0.023437500 0.039062500 0.019531250 0.031250000 0.070312500 0.003906250 0.015625000 0.046875000 0.027343750 0.011718750 0.023437500 0.031250000 0.046875000 0.027343750 0.046875000 0.035156250 0.019531250 0.046875000 0.031250000 0.007812500 0.035156250 0.039062500 0.027343750 0.000000000 0.027343750 0.015625000 0.046875000 0.027343750 0.042968750 0.019531250 0.015625000 0.031250000 0.031250000 0.011718750 0.019531250 0.035156250 0.035156250 0.035156250 0.023437500 0.023437500 0.054687500 0.007812500 0.015625000 0.023437500 0.019531250 0.054687500 0.031250000 0.003906250 0.023437500 0.019531250 0.015625000 0.031250000 0.039062500 0.011718750 0.023437500 0.023437500 0.039062500 0.027343750 0.015625000 0.003906250 0.023437500 0.011718750 0.003906250 0.003906250 0.007812500 0.050781250 0.015625000 0.035156250 0.031250000 0.011718750 0.042968750 0.007812500 0.035156250 0.031250000 0.035156250 0.031250000 0.015625000 0.011718750 0.007812500 0.054687500 0.019531250 0.011718750 0.054687500 0.023437500 0.027343750 0.027343750 0.023437500 0.031250000 0.019531250 0.003906250 0.035156250 0.023437500 0.039062500 0.054687500 0.015625000 0.035156250 0.046875000 0.019531250 0.003906250 0.031250000 0.015625000 0.019531250 0.011718750 0.023437500 0.011718750 0.031250000 0.031250000 0.023437500 0.039062500 0.023437500 0.062500000 0.019531250 0.066406250 0.011718750 0.011718750 0.015625000 
0.269531250 0.351562500 0.242187500 0.281250000 0.500000000 0.378906250 3.222656250 0.265625000 0.074218750 0.285156250 0.218750000 0.355468750 1.738281250 0.214843750 0.234375000 0.250000000 0.492187500 0.949218750 3.359375000 1.472656250 0.535156250 0.328125000 0.175781250 0.269531250 1.000000000 0.734375000 0.414062500 0.300781250 0.253906250 0.234375000 0.355468750 0.132812500 0.144531250 0.132812500 0.121093750 0.175781250 0.222656250 0.140625000 0.039062500 0.015625000 0.074218750 0.054687500 0.062500000 0.183593750 0.093750000 0.007812500 0.074218750 0.054687500 0.132812500 0.273437500 0.128906250 0.113281250 0.070312500 0.246093750 0.429687500 0.902343750 0.574218750 0.238281250 0.289062500 0.101562500 0.273437500 0.460937500 0.250000000 0.273437500 0.257812500 0.218750000 0.148437500 0.242187500 0.222656250 0.125000000 0.101562500 0.082031250 0.054687500 0.156250000 0.074218750 0.097656250 0.031250000 0.046875000 0.062500000 0.050781250 0.054687500 0.031250000 0.015625000 0.031250000 0.039062500 0.019531250 0.031250000 0.023437500 0.023437500 0.042968750 0.027343750 0.031250000 0.027343750 0.027343750 0.027343750 0.027343750 0.019531250 0.015625000 0.039062500 0.027343750 0.015625000 0.003906250 0.011718750 0.007812500 0.046875000 0.062500000 0.035156250 0.019531250 0.046875000 0.031250000 0.003906250 0.035156250 0.011718750 0.007812500 0.035156250 0.027343750 0.003906250 0.019531250 0.023437500 0.042968750 0.031250000 0.035156250 0.003906250 0.031250000 0.019531250 0.011718750 0.011718750 0.011718750 0.015625000 0.011718750 0.058593750 0.023437500 0.003906250 0.019531250 0.058593750 0.023437500 0.007812500 0.011718750 0.035156250 0.035156250 0.003906250 0.058593750 0.039062500 0.039062500 0.011718750 0.062500000 0.015625000 0.027343750 0.019531250 0.011718750 0.023437500 0.027343750 0.000000000 0.031250000 0.042968750 0.039062500 0.039062500 0.027343750 0.027343750 0.039062500 0.007812500 0.046875000 0.035156250 0.023437500 0.011718750 0.035156250 0.015625000 0.046875000 0.015625000 0.031250000 0.027343750 0.023437500 0.031250000 0.027343750 0.039062500 0.015625000 0.023437500 0.046875000 0.042968750 0.019531250 0.015625000 0.027343750 0.031250000 0.019531250 0.011718750 0.019531250 0.031250000 0.015625000 0.007812500 0.027343750 0.007812500 0.007812500 0.003906250 0.011718750 0.023437500 0.023437500 0.039062500 0.015625000 0.003906250 0.011718750 0.019531250 0.035156250 0.007812500 0.011718750 0.003906250 0.015625000 0.046875000 0.011718750 0.019531250 0.015625000 0.031250000 0.058593750 0.019531250 0.027343750 0.058593750 0.035156250 0.007812500 0.023437500 0.019531250 0.031250000 0.031250000 0.011718750 0.042968750 0.031250000 0.042968750 0.039062500 0.023437500 0.007812500 0.027343750 0.000000000 0.023437500 0.031250000 0.019531250 0.027343750 0.046875000 0.015625000 0.023437500 0.039062500 0.000000000 0.027343750 0.035156250 0.007812500 0.007812500 0.015625000 0.027343750 0.015625000 0.035156250 0.046875000 0.007812500 0.007812500 0.007812500 0.042968750 0.007812500 0.050781250 0.019531250 0.011718750 0.011718750 
0.015625000 0.046875000 0.125000000 0.058593750 0.312500000 0.121093750 3.003906250 0.250000000 0.109375000 0.085937500 0.117187500 0.093750000 1.523437500 0.261718750 0.109375000 0.070312500 0.156250000 0.535156250 4.070312500 0.542968750 0.226562500 0.066406250 0.011718750 0.117187500 1.152343750 0.300781250 0.125000000 0.062500000 0.070312500 0.027343750 0.265625000 0.085937500 0.054687500 0.074218750 0.042968750 0.035156250 0.230468750 0.039062500 0.031250000 0.039062500 0.042968750 0.046875000 0.171875000 0.074218750 0.035156250 0.015625000 0.046875000 0.132812500 0.328125000 0.062500000 0.046875000 0.082031250 0.093750000 0.261718750 0.687500000 0.527343750 0.191406250 0.257812500 0.195312500 0.269531250 0.367187500 0.324218750 0.257812500 0.085937500 0.152343750 0.300781250 0.355468750 0.140625000 0.175781250 0.109375000 0.035156250 0.238281250 0.183593750 0.062500000 0.058593750 0.113281250 0.046875000 0.054687500 0.066406250 0.007812500 0.019531250 0.011718750 0.019531250 0.031250000 0.039062500 0.035156250 0.019531250 0.031250000 0.031250000 0.011718750 0.023437500 0.011718750 0.035156250 0.046875000 0.015625000 0.007812500 0.003906250 0.019531250 0.027343750 0.011718750 0.027343750 0.015625000 0.039062500 0.042968750 0.023437500 0.062500000 0.035156250 0.015625000 0.035156250 0.054687500 0.019531250 0.023437500 0.035156250 0.046875000 0.042968750 0.011718750 0.031250000 0.011718750 0.035156250 0.027343750 0.019531250 0.015625000 0.011718750 0.023437500 0.015625000 0.019531250 0.011718750 0.019531250 0.015625000 0.023437500 0.046875000 0.027343750 0.011718750 0.039062500 0.042968750 0.000000000 0.011718750 0.019531250 0.035156250 0.039062500 0.015625000 0.035156250 0.039062500 0.019531250 0.007812500 0.070312500 0.003906250 0.050781250 0.015625000 0.023437500 0.011718750 0.027343750 0.007812500 0.027343750 0.039062500 0.035156250 0.031250000 0.031250000 0.031250000 0.046875000 0.019531250 0.039062500 0.042968750 0.015625000 0.027343750 0.039062500 0.007812500 0.019531250 0.046875000 0.011718750 0.011718750 0.023437500 0.031250000 0.023437500 0.039062500 0.039062500 0.007812500 0.035156250 0.023437500 0.011718750 0.023437500 0.015625000 0.011718750 0.031250000 0.011718750 0.035156250 0.011718750 0.031250000 0.015625000 0.015625000 0.011718750 0.007812500 0.019531250 0.031250000 0.027343750 0.042968750 0.042968750 0.007812500 0.007812500 0.003906250 0.011718750 0.023437500 0.015625000 0.011718750 0.015625000 0.015625000 0.042968750 0.019531250 0.003906250 0.007812500 0.011718750 0.046875000 0.007812500 0.015625000 0.050781250 0.011718750 0.007812500 0.031250000 0.019531250 0.039062500 0.019531250 0.015625000 0.019531250 0.003906250 0.062500000 0.027343750 0.027343750 0.019531250 0.039062500 0.015625000 0.031250000 0.042968750 0.011718750 0.050781250 0.027343750 0.011718750 0.027343750 0.027343750 0.011718750 0.019531250 0.035156250 0.011718750 0.015625000 0.027343750 0.015625000 0.015625000 0.003906250 0.011718750 0.023437500 0.011718750 0.027343750 0.019531250 0.015625000 0.035156250 0.011718750 0.015625000 0.007812500 
0.082031250 0.066406250 0.066406250 0.105468750 0.324218750 0.281250000 2.695312500 0.109375000 0.039062500 0.136718750 0.152343750 0.230468750 1.402343750 0.140625000 0.089843750 0.195312500 0.316406250 0.757812500 3.992187500 0.652343750 0.277343750 0.183593750 0.097656250 0.164062500 1.121093750 0.367187500 0.195312500 0.167968750 0.085937500 0.007812500 0.343750000 0.132812500 0.089843750 0.074218750 0.085937500 0.070312500 0.214843750 0.136718750 0.089843750 0.058593750 0.093750000 0.066406250 0.156250000 0.070312500 0.101562500 0.089843750 0.128906250 0.199218750 0.265625000 0.042968750 0.089843750 0.070312500 0.156250000 0.335937500 0.500000000 0.402343750 0.230468750 0.152343750 0.132812500 0.464843750 0.250000000 0.164062500 0.113281250 0.074218750 0.148437500 0.449218750 0.250000000 0.062500000 0.027343750 0.132812500 0.097656250 0.289062500 0.175781250 0.062500000 0.078125000 0.019531250 0.066406250 0.085937500 0.058593750 0.039062500 0.046875000 0.054687500 0.054687500 0.042968750 0.058593750 0.027343750 0.019531250 0.054687500 0.039062500 0.023437500 0.031250000 0.031250000 0.031250000 0.054687500 0.027343750 0.050781250 0.019531250 0.027343750 0.035156250 0.007812500 0.019531250 0.019531250 0.039062500 0.031250000 0.015625000 0.046875000 0.023437500 0.035156250 0.027343750 0.042968750 0.011718750 0.015625000 0.074218750 0.019531250 0.039062500 0.039062500 0.015625000 0.035156250 0.042968750 0.023437500 0.023437500 0.015625000 0.023437500 0.027343750 0.015625000 0.011718750 0.007812500 0.023437500 0.015625000 0.046875000 0.015625000 0.011718750 0.023437500 0.058593750 0.042968750 0.011718750 0.000000000 0.019531250 0.039062500 0.023437500 0.039062500 0.031250000 0.027343750 0.011718750 0.050781250 0.062500000 0.027343750 0.039062500 0.035156250 0.046875000 0.015625000 0.031250000 0.035156250 0.050781250 0.007812500 0.058593750 0.015625000 0.019531250 0.027343750 0.023437500 0.015625000 0.046875000 0.007812500 0.007812500 0.023437500 0.054687500 0.042968750 0.007812500 0.050781250 0.003906250 0.019531250 0.035156250 0.023437500 0.031250000 0.031250000 0.050781250 0.011718750 0.035156250 0.019531250 0.015625000 0.031250000 0.035156250 0.023437500 0.011718750 0.031250000 0.007812500 0.023437500 0.023437500 0.007812500 0.023437500 0.007812500 0.003906250 0.031250000 0.015625000 0.015625000 0.050781250 0.054687500 0.015625000 0.000000000 0.011718750 0.023437500 0.023437500 0.019531250 0.035156250 0.031250000 0.031250000 0.019531250 0.007812500 0.027343750 0.050781250 0.042968750 0.019531250 0.019531250 0.042968750 0.019531250 0.039062500 0.023437500 0.023437500 0.015625000 0.007812500 0.023437500 0.035156250 0.031250000 0.039062500 0.035156250 0.007812500 0.023437500 0.023437500 0.035156250 0.011718750 0.015625000 0.050781250 0.023437500 0.062500000 0.011718750 0.035156250 0.019531250 0.035156250 0.046875000 0.015625000 0.015625000 0.019531250 0.015625000 0.003906250 0.019531250 0.023437500 0.011718750 0.003906250 0.015625000 0.011718750 0.027343750 0.007812500 0.019531250 0.031250000 0.011718750 0.007812500 0.019531250 
0.003906250 0.007812500 0.050781250 0.136718750 0.062500000 0.214843750 2.632812500 0.398437500 0.191406250 0.281250000 0.136718750 0.335937500 1.480468750 0.363281250 0.351562500 0.511718750 0.636718750 1.621093750 3.304687500 0.890625000 0.480468750 0.378906250 0.320312500 0.601562500 0.722656250 0.339843750 0.171875000 0.156250000 0.101562500 0.203125000 0.183593750 0.089843750 0.058593750 0.066406250 0.113281250 0.144531250 0.027343750 0.011718750 0.019531250 0.023437500 0.031250000 0.128906250 0.046875000 0.015625000 0.066406250 0.031250000 0.027343750 0.222656250 0.050781250 0.128906250 0.042968750 0.054687500 0.062500000 0.433593750 0.140625000 0.195312500 0.054687500 0.175781250 0.144531250 0.546875000 0.160156250 0.097656250 0.046875000 0.152343750 0.148437500 0.546875000 0.203125000 0.035156250 0.054687500 0.050781250 0.167968750 0.308593750 0.214843750 0.058593750 0.015625000 0.058593750 0.093750000 0.066406250 0.011718750 0.031250000 0.007812500 0.039062500 0.039062500 0.042968750 0.023437500 0.023437500 0.023437500 0.023437500 0.042968750 0.015625000 0.019531250 0.019531250 0.027343750 0.039062500 0.019531250 0.031250000 0.031250000 0.031250000 0.023437500 0.007812500 0.019531250 0.019531250 0.050781250 0.031250000 0.031250000 0.011718750 0.007812500 0.011718750 0.027343750 0.011718750 0.011718750 0.042968750 0.023437500 0.042968750 0.050781250 0.011718750 0.023437500 0.027343750 0.027343750 0.027343750 0.027343750 0.015625000 0.027343750 0.031250000 0.019531250 0.027343750 0.019531250 0.023437500 0.039062500 0.003906250 0.023437500 0.019531250 0.039062500 0.027343750 0.007812500 0.031250000 0.027343750 0.027343750 0.039062500 0.007812500 0.019531250 0.023437500 0.035156250 0.031250000 0.039062500 0.070312500 0.015625000 0.011718750 0.019531250 0.046875000 0.023437500 0.015625000 0.035156250 0.050781250 0.015625000 0.062500000 0.031250000 0.003906250 0.015625000 0.039062500 0.027343750 0.015625000 0.023437500 0.011718750 0.011718750 0.074218750 0.031250000 0.035156250 0.031250000 0.011718750 0.003906250 0.023437500 0.023437500 0.011718750 0.035156250 0.046875000 0.023437500 0.031250000 0.031250000 0.035156250 0.015625000 0.007812500 0.019531250 0.019531250 0.019531250 0.011718750 0.031250000 0.019531250 0.027343750 0.039062500 0.007812500 0.015625000 0.011718750 0.031250000 0.027343750 0.050781250 0.031250000 0.039062500 0.019531250 0.027343750 0.007812500 0.023437500 0.015625000 0.031250000 0.023437500 0.015625000 0.023437500 0.019531250 0.027343750 0.015625000 0.039062500 0.019531250 0.011718750 0.035156250 0.027343750 0.035156250 0.031250000 0.019531250 0.003906250 0.019531250 0.023437500 0.031250000 0.023437500 0.007812500 0.011718750 0.015625000 0.027343750 0.046875000 0.015625000 0.015625000 0.015625000 0.023437500 0.019531250 0.039062500 0.019531250 0.035156250 0.027343750 0.035156250 0.027343750 0.023437500 0.007812500 0.015625000 0.007812500 0.023437500 0.023437500 0.023437500 0.015625000 0.015625000 0.023437500 0.027343750 0.027343750 0.011718750 0.035156250 0.031250000 0.015625000 0.011718750 0.050781250 
0.171875000 0.152343750 0.203125000 0.160156250 0.101562500 0.367187500 2.351562500 0.398437500 0.285156250 0.218750000 0.199218750 0.437500000 1.347656250 0.515625000 0.429687500 0.500000000 0.742187500 2.199218750 2.500000000 0.867187500 0.535156250 0.429687500 0.359375000 0.847656250 0.398437500 0.097656250 0.164062500 0.140625000 0.113281250 0.203125000 0.015625000 0.058593750 0.031250000 0.019531250 0.085937500 0.074218750 0.058593750 0.050781250 0.015625000 0.042968750 0.054687500 0.175781250 0.066406250 0.027343750 0.046875000 0.097656250 0.039062500 0.175781250 0.019531250 0.117187500 0.070312500 0.054687500 0.167968750 0.234375000 0.226562500 0.062500000 0.082031250 0.039062500 0.507812500 0.218750000 0.199218750 0.242187500 0.042968750 0.265625000 0.484375000 0.253906250 0.183593750 0.218750000 0.097656250 0.054687500 0.355468750 0.093750000 0.070312500 0.093750000 0.058593750 0.023437500 0.117187500 0.054687500 0.050781250 0.046875000 0.046875000 0.007812500 0.042968750 0.023437500 0.011718750 0.023437500 0.050781250 0.027343750 0.054687500 0.062500000 0.035156250 0.027343750 0.042968750 0.042968750 0.023437500 0.019531250 0.031250000 0.023437500 0.019531250 0.023437500 0.011718750 0.042968750 0.007812500 0.019531250 0.007812500 0.015625000 0.011718750 0.007812500 0.039062500 0.023437500 0.039062500 0.050781250 0.007812500 0.023437500 0.019531250 0.031250000 0.031250000 0.023437500 0.027343750 0.019531250 0.027343750 0.023437500 0.007812500 0.031250000 0.011718750 0.015625000 0.039062500 0.027343750 0.027343750 0.015625000 0.027343750 0.019531250 0.023437500 0.031250000 0.035156250 0.015625000 0.035156250 0.019531250 0.027343750 0.011718750 0.007812500 0.027343750 0.035156250 0.046875000 0.019531250 0.031250000 0.046875000 0.007812500 0.003906250 0.015625000 0.011718750 0.023437500 0.031250000 0.035156250 0.066406250 0.050781250 0.011718750 0.035156250 0.023437500 0.023437500 0.027343750 0.031250000 0.015625000 0.027343750 0.019531250 0.066406250 0.031250000 0.011718750 0.003906250 0.019531250 0.011718750 0.011718750 0.011718750 0.011718750 0.042968750 0.015625000 0.027343750 0.003906250 0.015625000 0.039062500 0.019531250 0.007812500 0.027343750 0.011718750 0.019531250 0.027343750 0.039062500 0.011718750 0.019531250 0.023437500 0.031250000 0.035156250 0.007812500 0.015625000 0.003906250 0.023437500 0.035156250 0.027343750 0.023437500 0.023437500 0.027343750 0.054687500 0.031250000 0.035156250 0.007812500 0.023437500 0.019531250 0.027343750 0.015625000 0.023437500 0.027343750 0.023437500 0.011718750 0.027343750 0.011718750 0.015625000 0.023437500 0.031250000 0.019531250 0.007812500 0.031250000 0.027343750 0.019531250 0.011718750 0.007812500 0.007812500 0.019531250 0.027343750 0.015625000 0.015625000 0.027343750 0.000000000 0.011718750 0.050781250 0.015625000 0.058593750 0.035156250 0.046875000 0.039062500 0.039062500 0.023437500 0.023437500 0.023437500 0.042968750 0.015625000 0.027343750 0.027343750 0.031250000 0.003906250 0.023437500 0.003906250 0.031250000 0.046875000 0.023437500 0.011718750 0.011718750 0.054687500 
0.097656250 0.195312500 0.187500000 0.113281250 0.433593750 0.441406250 2.191406250 0.355468750 0.250000000 0.207031250 0.214843750 0.535156250 1.140625000 0.468750000 0.472656250 0.421875000 0.804687500 2.394531250 1.917968750 0.722656250 0.472656250 0.332031250 0.414062500 0.835937500 0.175781250 0.058593750 0.121093750 0.039062500 0.058593750 0.156250000 0.023437500 0.039062500 0.050781250 0.035156250 0.058593750 0.164062500 0.042968750 0.042968750 0.050781250 0.046875000 0.085937500 0.140625000 0.078125000 0.011718750 0.031250000 0.039062500 0.089843750 0.136718750 0.097656250 0.132812500 0.074218750 0.039062500 0.226562500 0.085937500 0.027343750 0.214843750 0.105468750 0.148437500 0.562500000 0.167968750 0.074218750 0.289062500 0.019531250 0.117187500 0.632812500 0.074218750 0.042968750 0.144531250 0.164062500 0.046875000 0.277343750 0.128906250 0.050781250 0.046875000 0.070312500 0.082031250 0.128906250 0.042968750 0.039062500 0.023437500 0.046875000 0.015625000 0.023437500 0.011718750 0.035156250 0.031250000 0.042968750 0.046875000 0.046875000 0.027343750 0.015625000 0.042968750 0.019531250 0.042968750 0.011718750 0.027343750 0.035156250 0.015625000 0.007812500 0.011718750 0.027343750 0.027343750 0.007812500 0.007812500 0.023437500 0.007812500 0.019531250 0.031250000 0.027343750 0.019531250 0.019531250 0.019531250 0.031250000 0.039062500 0.031250000 0.035156250 0.027343750 0.027343750 0.015625000 0.019531250 0.011718750 0.015625000 0.003906250 0.019531250 0.003906250 0.015625000 0.023437500 0.011718750 0.011718750 0.035156250 0.015625000 0.015625000 0.011718750 0.019531250 0.019531250 0.007812500 0.015625000 0.046875000 0.007812500 0.015625000 0.000000000 0.023437500 0.015625000 0.007812500 0.027343750 0.023437500 0.035156250 0.011718750 0.015625000 0.019531250 0.027343750 0.019531250 0.027343750 0.042968750 0.050781250 0.039062500 0.023437500 0.027343750 0.031250000 0.027343750 0.031250000 0.019531250 0.031250000 0.023437500 0.011718750 0.035156250 0.046875000 0.019531250 0.007812500 0.011718750 0.011718750 0.011718750 0.031250000 0.023437500 0.039062500 0.023437500 0.007812500 0.023437500 0.023437500 0.039062500 0.015625000 0.023437500 0.023437500 0.007812500 0.035156250 0.031250000 0.035156250 0.023437500 0.007812500 0.027343750 0.023437500 0.015625000 0.019531250 0.019531250 0.011718750 0.023437500 0.019531250 0.031250000 0.027343750 0.023437500 0.050781250 0.027343750 0.023437500 0.019531250 0.011718750 0.031250000 0.019531250 0.019531250 0.042968750 0.031250000 0.007812500 0.023437500 0.027343750 0.023437500 0.007812500 0.031250000 0.023437500 0.019531250 0.023437500 0.027343750 0.039062500 0.023437500 0.007812500 0.015625000 0.015625000 0.019531250 0.011718750 0.039062500 0.011718750 0.015625000 0.019531250 0.007812500 0.003906250 0.054687500 0.011718750 0.050781250 0.042968750 0.031250000 0.007812500 0.039062500 0.023437500 0.031250000 0.023437500 0.039062500 0.015625000 0.027343750 0.023437500 0.023437500 0.007812500 0.011718750 0.015625000 0.027343750 0.039062500 0.011718750 0.027343750 0.031250000 0.035156250 
0.109375000 0.128906250 0.167968750 0.058593750 0.171875000 0.445312500 2.152343750 0.421875000 0.226562500 0.183593750 0.277343750 0.597656250 0.992187500 0.394531250 0.398437500 0.355468750 0.636718750 2.316406250 1.664062500 0.656250000 0.398437500 0.269531250 0.242187500 0.652343750 0.203125000 0.117187500 0.222656250 0.113281250 0.082031250 0.277343750 0.062500000 0.105468750 0.085937500 0.062500000 0.074218750 0.101562500 0.105468750 0.070312500 0.062500000 0.078125000 0.109375000 0.074218750 0.031250000 0.058593750 0.062500000 0.054687500 0.164062500 0.093750000 0.015625000 0.078125000 0.035156250 0.058593750 0.183593750 0.085937500 0.070312500 0.242187500 0.144531250 0.148437500 0.574218750 0.269531250 0.144531250 0.250000000 0.074218750 0.070312500 0.519531250 0.140625000 0.042968750 0.164062500 0.109375000 0.125000000 0.230468750 0.109375000 0.089843750 0.039062500 0.085937500 0.046875000 0.171875000 0.117187500 0.078125000 0.031250000 0.078125000 0.023437500 0.023437500 0.035156250 0.058593750 0.031250000 0.082031250 0.082031250 0.058593750 0.023437500 0.035156250 0.035156250 0.062500000 0.054687500 0.035156250 0.046875000 0.023437500 0.042968750 0.035156250 0.015625000 0.046875000 0.074218750 0.035156250 0.027343750 0.015625000 0.031250000 0.050781250 0.007812500 0.027343750 0.039062500 0.039062500 0.027343750 0.011718750 0.058593750 0.015625000 0.007812500 0.042968750 0.011718750 0.054687500 0.015625000 0.031250000 0.046875000 0.031250000 0.027343750 0.019531250 0.019531250 0.011718750 0.050781250 0.046875000 0.007812500 0.011718750 0.011718750 0.007812500 0.011718750 0.027343750 0.007812500 0.003906250 0.015625000 0.042968750 0.015625000 0.023437500 0.042968750 0.023437500 0.027343750 0.023437500 0.027343750 0.039062500 0.031250000 0.015625000 0.042968750 0.015625000 0.027343750 0.031250000 0.003906250 0.019531250 0.062500000 0.015625000 0.015625000 0.066406250 0.027343750 0.023437500 0.031250000 0.015625000 0.031250000 0.007812500 0.027343750 0.027343750 0.019531250 0.039062500 0.023437500 0.019531250 0.019531250 0.042968750 0.019531250 0.050781250 0.023437500 0.015625000 0.023437500 0.003906250 0.023437500 0.007812500 0.019531250 0.007812500 0.019531250 0.011718750 0.035156250 0.050781250 0.011718750 0.039062500 0.011718750 0.027343750 0.023437500 0.019531250 0.027343750 0.031250000 0.015625000 0.011718750 0.027343750 0.046875000 0.023437500 0.042968750 0.019531250 0.031250000 0.015625000 0.007812500 0.039062500 0.011718750 0.042968750 0.042968750 0.023437500 0.019531250 0.019531250 0.027343750 0.003906250 0.039062500 0.035156250 0.015625000 0.027343750 0.011718750 0.015625000 0.003906250 0.019531250 0.015625000 0.007812500 0.027343750 0.031250000 0.011718750 0.023437500 0.039062500 0.003906250 0.011718750 0.015625000 0.035156250 0.027343750 0.054687500 0.031250000 0.031250000 0.035156250 0.035156250 0.058593750 0.039062500 0.023437500 0.035156250 0.050781250 0.003906250 0.031250000 0.031250000 0.015625000 0.015625000 0.011718750 0.007812500 0.023437500 0.042968750 0.023437500 0.046875000 0.035156250 0.015625000 
0.093750000 0.093750000 0.066406250 0.074218750 0.425781250 0.570312500 1.976562500 0.250000000 0.179687500 0.054687500 0.132812500 0.566406250 0.871093750 0.179687500 0.136718750 0.167968750 0.496093750 2.195312500 1.511718750 0.574218750 0.425781250 0.320312500 0.210937500 0.347656250 0.324218750 0.292968750 0.203125000 0.187500000 0.179687500 0.156250000 0.132812500 0.160156250 0.160156250 0.148437500 0.128906250 0.121093750 0.109375000 0.058593750 0.117187500 0.121093750 0.121093750 0.113281250 0.085937500 0.050781250 0.074218750 0.074218750 0.140625000 0.156250000 0.113281250 0.015625000 0.027343750 0.074218750 0.089843750 0.144531250 0.109375000 0.234375000 0.027343750 0.144531250 0.636718750 0.242187500 0.089843750 0.113281250 0.066406250 0.191406250 0.421875000 0.121093750 0.203125000 0.019531250 0.082031250 0.140625000 0.300781250 0.156250000 0.078125000 0.132812500 0.015625000 0.078125000 0.140625000 0.074218750 0.089843750 0.093750000 0.031250000 0.054687500 0.042968750 0.066406250 0.062500000 0.042968750 0.058593750 0.031250000 0.042968750 0.042968750 0.042968750 0.070312500 0.101562500 0.039062500 0.042968750 0.074218750 0.050781250 0.066406250 0.039062500 0.062500000 0.027343750 0.066406250 0.023437500 0.050781250 0.039062500 0.042968750 0.023437500 0.039062500 0.070312500 0.035156250 0.031250000 0.039062500 0.042968750 0.089843750 0.039062500 0.023437500 0.058593750 0.054687500 0.035156250 0.050781250 0.039062500 0.046875000 0.054687500 0.039062500 0.019531250 0.046875000 0.031250000 0.074218750 0.011718750 0.050781250 0.019531250 0.039062500 0.027343750 0.023437500 0.027343750 0.027343750 0.023437500 0.058593750 0.027343750 0.046875000 0.050781250 0.015625000 0.031250000 0.039062500 0.023437500 0.019531250 0.066406250 0.035156250 0.023437500 0.054687500 0.042968750 0.039062500 0.031250000 0.027343750 0.039062500 0.054687500 0.050781250 0.042968750 0.062500000 0.027343750 0.031250000 0.042968750 0.003906250 0.023437500 0.042968750 0.046875000 0.007812500 0.023437500 0.031250000 0.011718750 0.027343750 0.027343750 0.011718750 0.070312500 0.027343750 0.031250000 0.007812500 0.035156250 0.015625000 0.046875000 0.027343750 0.035156250 0.039062500 0.027343750 0.023437500 0.007812500 0.011718750 0.011718750 0.011718750 0.058593750 0.039062500 0.039062500 0.019531250 0.023437500 0.039062500 0.027343750 0.011718750 0.027343750 0.046875000 0.058593750 0.023437500 0.027343750 0.058593750 0.011718750 0.042968750 0.019531250 0.007812500 0.039062500 0.066406250 0.027343750 0.046875000 0.046875000 0.015625000 0.031250000 0.035156250 0.023437500 0.011718750 0.015625000 0.050781250 0.015625000 0.027343750 0.035156250 0.031250000 0.023437500 0.027343750 0.058593750 0.035156250 0.046875000 0.042968750 0.027343750 0.019531250 0.011718750 0.050781250 0.003906250 0.046875000 0.039062500 0.027343750 0.011718750 0.031250000 0.046875000 0.023437500 0.007812500 0.023437500 0.007812500 0.046875000 0.011718750 0.015625000 0.050781250 0.031250000 0.019531250 0.031250000 0.019531250 0.058593750 0.035156250 0.042968750 0.042968750 0.007812500 
0.101562500 0.128906250 0.218750000 0.261718750 0.312500000 0.566406250 1.972656250 0.375000000 0.156250000 0.292968750 0.289062500 0.640625000 0.804687500 0.304687500 0.156250000 0.425781250 0.492187500 2.281250000 1.097656250 0.503906250 0.253906250 0.210937500 0.144531250 0.488281250 0.171875000 0.125000000 0.109375000 0.121093750 0.078125000 0.179687500 0.109375000 0.082031250 0.062500000 0.113281250 0.019531250 0.156250000 0.097656250 0.062500000 0.097656250 0.062500000 0.097656250 0.125000000 0.050781250 0.062500000 0.046875000 0.027343750 0.156250000 0.128906250 0.054687500 0.105468750 0.046875000 0.046875000 0.183593750 0.089843750 0.039062500 0.109375000 0.121093750 0.171875000 0.675781250 0.156250000 0.074218750 0.125000000 0.105468750 0.234375000 0.460937500 0.164062500 0.113281250 0.203125000 0.222656250 0.332031250 0.375000000 0.097656250 0.023437500 0.082031250 0.085937500 0.152343750 0.062500000 0.058593750 0.035156250 0.046875000 0.050781250 0.039062500 0.046875000 0.019531250 0.003906250 0.046875000 0.003906250 0.035156250 0.007812500 0.019531250 0.019531250 0.058593750 0.031250000 0.023437500 0.015625000 0.046875000 0.003906250 0.054687500 0.015625000 0.023437500 0.031250000 0.031250000 0.070312500 0.023437500 0.011718750 0.031250000 0.023437500 0.019531250 0.023437500 0.042968750 0.031250000 0.046875000 0.023437500 0.050781250 0.011718750 0.054687500 0.019531250 0.035156250 0.031250000 0.027343750 0.019531250 0.003906250 0.019531250 0.011718750 0.027343750 0.023437500 0.027343750 0.031250000 0.039062500 0.050781250 0.003906250 0.003906250 0.042968750 0.039062500 0.023437500 0.023437500 0.003906250 0.054687500 0.007812500 0.023437500 0.019531250 0.031250000 0.011718750 0.035156250 0.046875000 0.031250000 0.046875000 0.011718750 0.019531250 0.015625000 0.015625000 0.019531250 0.007812500 0.019531250 0.019531250 0.023437500 0.027343750 0.031250000 0.050781250 0.011718750 0.019531250 0.027343750 0.007812500 0.027343750 0.031250000 0.027343750 0.027343750 0.042968750 0.035156250 0.027343750 0.003906250 0.027343750 0.050781250 0.019531250 0.011718750 0.031250000 0.042968750 0.003906250 0.011718750 0.007812500 0.011718750 0.023437500 0.015625000 0.007812500 0.007812500 0.003906250 0.011718750 0.027343750 0.039062500 0.027343750 0.035156250 0.011718750 0.046875000 0.015625000 0.027343750 0.023437500 0.015625000 0.035156250 0.007812500 0.019531250 0.015625000 0.039062500 0.046875000 0.023437500 0.031250000 0.039062500 0.015625000 0.035156250 0.003906250 0.031250000 0.050781250 0.023437500 0.011718750 0.035156250 0.011718750 0.003906250 0.003906250 0.027343750 0.027343750 0.035156250 0.019531250 0.007812500 0.035156250 0.035156250 0.019531250 0.031250000 0.015625000 0.023437500 0.039062500 0.019531250 0.031250000 0.035156250 0.019531250 0.035156250 0.015625000 0.031250000 0.039062500 0.027343750 0.019531250 0.035156250 0.019531250 0.015625000 0.019531250 0.031250000 0.027343750 0.023437500 0.015625000 0.027343750 0.023437500 0.007812500 0.007812500 0.019531250 0.042968750 0.027343750 0.007812500 0.039062500 0.007812500 
0.078125000 0.152343750 0.148437500 0.207031250 0.285156250 0.468750000 1.960937500 0.320312500 0.277343750 0.296875000 0.242187500 0.621093750 0.769531250 0.269531250 0.230468750 0.386718750 0.628906250 2.210937500 0.855468750 0.312500000 0.148437500 0.144531250 0.152343750 0.539062500 0.078125000 0.050781250 0.027343750 0.031250000 0.039062500 0.125000000 0.046875000 0.039062500 0.039062500 0.066406250 0.058593750 0.085937500 0.015625000 0.027343750 0.054687500 0.054687500 0.101562500 0.046875000 0.027343750 0.019531250 0.007812500 0.066406250 0.132812500 0.039062500 0.031250000 0.074218750 0.042968750 0.031250000 0.144531250 0.027343750 0.007812500 0.082031250 0.101562500 0.070312500 0.562500000 0.027343750 0.085937500 0.054687500 0.175781250 0.367187500 0.437500000 0.039062500 0.097656250 0.199218750 0.125000000 0.457031250 0.441406250 0.074218750 0.167968750 0.097656250 0.046875000 0.222656250 0.031250000 0.042968750 0.027343750 0.031250000 0.019531250 0.046875000 0.015625000 0.031250000 0.011718750 0.039062500 0.050781250 0.058593750 0.023437500 0.023437500 0.023437500 0.039062500 0.027343750 0.015625000 0.015625000 0.035156250 0.023437500 0.031250000 0.023437500 0.039062500 0.011718750 0.007812500 0.042968750 0.050781250 0.011718750 0.035156250 0.015625000 0.023437500 0.011718750 0.035156250 0.011718750 0.015625000 0.031250000 0.046875000 0.011718750 0.046875000 0.023437500 0.042968750 0.015625000 0.015625000 0.007812500 0.011718750 0.003906250 0.015625000 0.039062500 0.019531250 0.007812500 0.019531250 0.035156250 0.003906250 0.027343750 0.023437500 0.015625000 0.046875000 0.023437500 0.035156250 0.003906250 0.042968750 0.011718750 0.015625000 0.027343750 0.015625000 0.023437500 0.011718750 0.042968750 0.031250000 0.027343750 0.011718750 0.007812500 0.027343750 0.027343750 0.007812500 0.007812500 0.023437500 0.023437500 0.015625000 0.011718750 0.011718750 0.042968750 0.011718750 0.015625000 0.023437500 0.019531250 0.003906250 0.007812500 0.031250000 0.023437500 0.019531250 0.007812500 0.023437500 0.007812500 0.000000000 0.011718750 0.031250000 0.011718750 0.039062500 0.039062500 0.015625000 0.019531250 0.023437500 0.019531250 0.031250000 0.031250000 0.015625000 0.007812500 0.007812500 0.011718750 0.027343750 0.035156250 0.007812500 0.011718750 0.023437500 0.031250000 0.019531250 0.007812500 0.011718750 0.003906250 0.007812500 0.019531250 0.015625000 0.031250000 0.007812500 0.027343750 0.046875000 0.042968750 0.035156250 0.023437500 0.027343750 0.031250000 0.023437500 0.027343750 0.042968750 0.015625000 0.035156250 0.007812500 0.027343750 0.035156250 0.019531250 0.007812500 0.039062500 0.023437500 0.019531250 0.027343750 0.023437500 0.011718750 0.007812500 0.019531250 0.046875000 0.031250000 0.015625000 0.031250000 0.019531250 0.011718750 0.035156250 0.023437500 0.035156250 0.019531250 0.058593750 0.011718750 0.019531250 0.011718750 0.015625000 0.015625000 0.011718750 0.011718750 0.042968750 0.003906250 0.031250000 0.011718750 0.011718750 0.007812500 0.035156250 0.019531250 0.031250000 0.023437500 0.015625000 0.015625000 
0.117187500 0.066406250 0.070312500 0.054687500 0.417968750 0.492187500 1.945312500 0.406250000 0.195312500 0.222656250 0.269531250 0.535156250 0.789062500 0.343750000 0.195312500 0.339843750 0.371093750 1.839843750 0.863281250 0.332031250 0.203125000 0.179687500 0.140625000 0.507812500 0.046875000 0.019531250 0.042968750 0.023437500 0.019531250 0.070312500 0.011718750 0.023437500 0.027343750 0.023437500 0.058593750 0.078125000 0.035156250 0.011718750 0.039062500 0.019531250 0.050781250 0.093750000 0.070312500 0.031250000 0.027343750 0.015625000 0.109375000 0.039062500 0.023437500 0.074218750 0.046875000 0.050781250 0.093750000 0.054687500 0.070312500 0.046875000 0.058593750 0.042968750 0.523437500 0.027343750 0.039062500 0.070312500 0.062500000 0.253906250 0.531250000 0.312500000 0.058593750 0.156250000 0.250000000 0.484375000 0.343750000 0.246093750 0.171875000 0.269531250 0.195312500 0.167968750 0.105468750 0.062500000 0.074218750 0.023437500 0.031250000 0.070312500 0.027343750 0.039062500 0.035156250 0.046875000 0.050781250 0.054687500 0.035156250 0.027343750 0.039062500 0.035156250 0.027343750 0.023437500 0.031250000 0.031250000 0.019531250 0.019531250 0.027343750 0.035156250 0.046875000 0.042968750 0.046875000 0.035156250 0.019531250 0.019531250 0.011718750 0.007812500 0.015625000 0.039062500 0.015625000 0.023437500 0.019531250 0.031250000 0.031250000 0.007812500 0.046875000 0.042968750 0.003906250 0.027343750 0.054687500 0.050781250 0.023437500 0.023437500 0.035156250 0.027343750 0.011718750 0.011718750 0.046875000 0.011718750 0.046875000 0.007812500 0.031250000 0.027343750 0.015625000 0.019531250 0.027343750 0.015625000 0.035156250 0.015625000 0.019531250 0.003906250 0.019531250 0.015625000 0.019531250 0.046875000 0.023437500 0.023437500 0.015625000 0.023437500 0.031250000 0.003906250 0.003906250 0.019531250 0.019531250 0.011718750 0.039062500 0.042968750 0.027343750 0.023437500 0.027343750 0.007812500 0.027343750 0.011718750 0.015625000 0.007812500 0.015625000 0.015625000 0.031250000 0.003906250 0.007812500 0.007812500 0.011718750 0.027343750 0.007812500 0.027343750 0.023437500 0.039062500 0.039062500 0.007812500 0.031250000 0.046875000 0.031250000 0.035156250 0.007812500 0.011718750 0.019531250 0.023437500 0.027343750 0.011718750 0.003906250 0.007812500 0.027343750 0.015625000 0.003906250 0.011718750 0.007812500 0.003906250 0.015625000 0.019531250 0.003906250 0.023437500 0.023437500 0.042968750 0.050781250 0.027343750 0.023437500 0.019531250 0.042968750 0.035156250 0.011718750 0.027343750 0.019531250 0.035156250 0.011718750 0.019531250 0.039062500 0.015625000 0.011718750 0.007812500 0.023437500 0.023437500 0.023437500 0.023437500 0.011718750 0.015625000 0.031250000 0.023437500 0.007812500 0.019531250 0.042968750 0.011718750 0.011718750 0.035156250 0.003906250 0.027343750 0.011718750 0.042968750 0.027343750 0.019531250 0.042968750 0.011718750 0.039062500 0.027343750 0.027343750 0.019531250 0.031250000 0.003906250 0.011718750 0.011718750 0.035156250 0.015625000 0.027343750 0.035156250 0.031250000 0.023437500 0.007812500 
0.097656250 0.101562500 0.105468750 0.144531250 0.023437500 0.453125000 1.878906250 0.285156250 0.218750000 0.156250000 0.167968750 0.500000000 0.761718750 0.203125000 0.152343750 0.210937500 0.421875000 1.402343750 0.781250000 0.277343750 0.242187500 0.207031250 0.191406250 0.378906250 0.054687500 0.023437500 0.074218750 0.039062500 0.007812500 0.089843750 0.039062500 0.050781250 0.003906250 0.011718750 0.058593750 0.058593750 0.015625000 0.035156250 0.011718750 0.035156250 0.050781250 0.097656250 0.027343750 0.050781250 0.039062500 0.035156250 0.054687500 0.070312500 0.027343750 0.085937500 0.050781250 0.097656250 0.085937500 0.074218750 0.019531250 0.078125000 0.035156250 0.113281250 0.437500000 0.058593750 0.039062500 0.121093750 0.160156250 0.058593750 0.500000000 0.089843750 0.175781250 0.136718750 0.042968750 0.296875000 0.433593750 0.234375000 0.242187500 0.289062500 0.167968750 0.148437500 0.121093750 0.039062500 0.039062500 0.042968750 0.039062500 0.023437500 0.011718750 0.019531250 0.003906250 0.015625000 0.035156250 0.066406250 0.000000000 0.027343750 0.023437500 0.019531250 0.019531250 0.031250000 0.035156250 0.042968750 0.015625000 0.019531250 0.027343750 0.027343750 0.035156250 0.027343750 0.027343750 0.007812500 0.015625000 0.019531250 0.019531250 0.011718750 0.011718750 0.019531250 0.015625000 0.023437500 0.023437500 0.023437500 0.042968750 0.011718750 0.050781250 0.023437500 0.039062500 0.031250000 0.039062500 0.042968750 0.042968750 0.027343750 0.050781250 0.003906250 0.042968750 0.035156250 0.042968750 0.035156250 0.035156250 0.031250000 0.015625000 0.031250000 0.027343750 0.015625000 0.035156250 0.003906250 0.027343750 0.027343750 0.007812500 0.019531250 0.011718750 0.019531250 0.003906250 0.035156250 0.011718750 0.023437500 0.011718750 0.027343750 0.027343750 0.003906250 0.000000000 0.015625000 0.015625000 0.027343750 0.027343750 0.035156250 0.007812500 0.039062500 0.031250000 0.015625000 0.019531250 0.015625000 0.023437500 0.023437500 0.003906250 0.031250000 0.023437500 0.027343750 0.027343750 0.007812500 0.011718750 0.019531250 0.023437500 0.023437500 0.007812500 0.042968750 0.031250000 0.007812500 0.039062500 0.015625000 0.027343750 0.039062500 0.042968750 0.054687500 0.023437500 0.007812500 0.015625000 0.003906250 0.011718750 0.011718750 0.015625000 0.023437500 0.007812500 0.011718750 0.007812500 0.003906250 0.015625000 0.007812500 0.019531250 0.011718750 0.062500000 0.019531250 0.007812500 0.003906250 0.011718750 0.039062500 0.023437500 0.015625000 0.027343750 0.027343750 0.019531250 0.046875000 0.019531250 0.023437500 0.027343750 0.019531250 0.007812500 0.015625000 0.039062500 0.031250000 0.015625000 0.039062500 0.023437500 0.011718750 0.023437500 0.031250000 0.011718750 0.007812500 0.035156250 0.023437500 0.027343750 0.019531250 0.023437500 0.011718750 0.019531250 0.035156250 0.019531250 0.015625000 0.050781250 0.035156250 0.046875000 0.015625000 0.015625000 0.019531250 0.019531250 0.015625000 0.019531250 0.011718750 0.023437500 0.011718750 0.027343750 0.039062500 0.027343750 0.019531250 0.035156250 
0.070312500 0.093750000 0.093750000 0.097656250 0.281250000 0.488281250 1.589843750 0.195312500 0.281250000 0.144531250 0.050781250 0.519531250 0.531250000 0.105468750 0.179687500 0.082031250 0.113281250 0.851562500 0.738281250 0.234375000 0.160156250 0.152343750 0.140625000 0.164062500 0.140625000 0.066406250 0.070312500 0.046875000 0.066406250 0.050781250 0.054687500 0.039062500 0.046875000 0.011718750 0.066406250 0.085937500 0.039062500 0.035156250 0.050781250 0.027343750 0.027343750 0.113281250 0.039062500 0.050781250 0.011718750 0.019531250 0.054687500 0.031250000 0.042968750 0.113281250 0.046875000 0.003906250 0.066406250 0.062500000 0.023437500 0.109375000 0.074218750 0.085937500 0.308593750 0.148437500 0.125000000 0.152343750 0.015625000 0.093750000 0.390625000 0.140625000 0.132812500 0.054687500 0.210937500 0.125000000 0.503906250 0.113281250 0.160156250 0.238281250 0.195312500 0.074218750 0.125000000 0.023437500 0.046875000 0.011718750 0.031250000 0.011718750 0.007812500 0.023437500 0.011718750 0.027343750 0.003906250 0.042968750 0.011718750 0.023437500 0.007812500 0.007812500 0.046875000 0.042968750 0.019531250 0.027343750 0.027343750 0.039062500 0.003906250 0.039062500 0.035156250 0.042968750 0.003906250 0.019531250 0.003906250 0.019531250 0.027343750 0.015625000 0.007812500 0.011718750 0.035156250 0.007812500 0.019531250 0.011718750 0.039062500 0.027343750 0.027343750 0.023437500 0.039062500 0.023437500 0.039062500 0.046875000 0.031250000 0.046875000 0.046875000 0.027343750 0.023437500 0.050781250 0.042968750 0.015625000 0.031250000 0.027343750 0.019531250 0.023437500 0.007812500 0.027343750 0.011718750 0.023437500 0.039062500 0.019531250 0.023437500 0.035156250 0.003906250 0.011718750 0.019531250 0.039062500 0.015625000 0.015625000 0.023437500 0.031250000 0.023437500 0.015625000 0.015625000 0.007812500 0.023437500 0.019531250 0.023437500 0.035156250 0.019531250 0.050781250 0.031250000 0.027343750 0.039062500 0.015625000 0.015625000 0.027343750 0.015625000 0.039062500 0.015625000 0.015625000 0.031250000 0.011718750 0.007812500 0.027343750 0.035156250 0.011718750 0.015625000 0.039062500 0.019531250 0.011718750 0.019531250 0.011718750 0.015625000 0.027343750 0.046875000 0.046875000 0.023437500 0.019531250 0.011718750 0.019531250 0.007812500 0.019531250 0.007812500 0.031250000 0.003906250 0.011718750 0.015625000 0.011718750 0.023437500 0.035156250 0.031250000 0.027343750 0.050781250 0.007812500 0.007812500 0.007812500 0.011718750 0.031250000 0.003906250 0.035156250 0.015625000 0.015625000 0.031250000 0.023437500 0.015625000 0.011718750 0.007812500 0.015625000 0.023437500 0.019531250 0.035156250 0.039062500 0.011718750 0.027343750 0.027343750 0.011718750 0.011718750 0.019531250 0.023437500 0.003906250 0.042968750 0.027343750 0.031250000 0.007812500 0.019531250 0.031250000 0.011718750 0.019531250 0.015625000 0.035156250 0.042968750 0.046875000 0.039062500 0.019531250 0.015625000 0.023437500 0.007812500 0.007812500 0.023437500 0.019531250 0.023437500 0.035156250 0.027343750 0.023437500 0.007812500 0.039062500 0.015625000 
0.250000000 0.253906250 0.222656250 0.250000000 0.312500000 0.472656250 1.191406250 0.269531250 0.132812500 0.160156250 0.160156250 0.417968750 0.312500000 0.117187500 0.078125000 0.074218750 0.226562500 0.472656250 0.484375000 0.195312500 0.070312500 0.058593750 0.066406250 0.027343750 0.160156250 0.046875000 0.062500000 0.050781250 0.019531250 0.050781250 0.082031250 0.027343750 0.019531250 0.039062500 0.035156250 0.046875000 0.050781250 0.011718750 0.031250000 0.054687500 0.039062500 0.027343750 0.062500000 0.031250000 0.011718750 0.039062500 0.054687500 0.019531250 0.035156250 0.042968750 0.042968750 0.042968750 0.042968750 0.062500000 0.023437500 0.066406250 0.062500000 0.050781250 0.148437500 0.167968750 0.074218750 0.144531250 0.082031250 0.156250000 0.230468750 0.105468750 0.058593750 0.164062500 0.164062500 0.039062500 0.324218750 0.285156250 0.003906250 0.207031250 0.167968750 0.101562500 0.097656250 0.035156250 0.015625000 0.027343750 0.042968750 0.046875000 0.027343750 0.031250000 0.007812500 0.011718750 0.015625000 0.019531250 0.039062500 0.015625000 0.027343750 0.039062500 0.035156250 0.039062500 0.011718750 0.023437500 0.007812500 0.042968750 0.035156250 0.011718750 0.027343750 0.023437500 0.003906250 0.011718750 0.003906250 0.031250000 0.027343750 0.015625000 0.019531250 0.019531250 0.031250000 0.023437500 0.019531250 0.003906250 0.031250000 0.035156250 0.011718750 0.031250000 0.027343750 0.023437500 0.023437500 0.015625000 0.050781250 0.023437500 0.039062500 0.011718750 0.007812500 0.042968750 0.027343750 0.035156250 0.039062500 0.003906250 0.011718750 0.035156250 0.023437500 0.007812500 0.011718750 0.023437500 0.035156250 0.023437500 0.035156250 0.015625000 0.023437500 0.023437500 0.011718750 0.031250000 0.007812500 0.015625000 0.015625000 0.035156250 0.027343750 0.007812500 0.019531250 0.019531250 0.007812500 0.019531250 0.011718750 0.023437500 0.035156250 0.019531250 0.050781250 0.011718750 0.039062500 0.011718750 0.011718750 0.011718750 0.039062500 0.019531250 0.015625000 0.035156250 0.015625000 0.023437500 0.019531250 0.007812500 0.019531250 0.007812500 0.031250000 0.023437500 0.019531250 0.015625000 0.011718750 0.003906250 0.027343750 0.031250000 0.031250000 0.042968750 0.019531250 0.015625000 0.007812500 0.019531250 0.007812500 0.019531250 0.007812500 0.027343750 0.007812500 0.019531250 0.019531250 0.015625000 0.023437500 0.039062500 0.027343750 0.035156250 0.023437500 0.015625000 0.007812500 0.007812500 0.019531250 0.015625000 0.027343750 0.019531250 0.015625000 0.011718750 0.023437500 0.015625000 0.023437500 0.011718750 0.023437500 0.015625000 0.019531250 0.023437500 0.035156250 0.035156250 0.011718750 0.015625000 0.023437500 0.027343750 0.019531250 0.027343750 0.015625000 0.007812500 0.031250000 0.019531250 0.031250000 0.003906250 0.003906250 0.007812500 0.015625000 0.007812500 0.007812500 0.015625000 0.019531250 0.035156250 0.027343750 0.015625000 0.015625000 0.011718750 0.015625000 0.007812500 0.027343750 0.019531250 0.031250000 0.019531250 0.003906250 0.031250000 0.019531250 0.039062500 0.023437500 
0.171875000 0.093750000 0.097656250 0.128906250 0.164062500 0.371093750 0.832031250 0.089843750 0.222656250 0.226562500 0.183593750 0.222656250 0.167968750 0.164062500 0.160156250 0.218750000 0.226562500 0.160156250 0.144531250 0.050781250 0.050781250 0.058593750 0.082031250 0.054687500 0.089843750 0.054687500 0.054687500 0.035156250 0.054687500 0.023437500 0.027343750 0.058593750 0.019531250 0.042968750 0.031250000 0.042968750 0.050781250 0.011718750 0.003906250 0.074218750 0.027343750 0.019531250 0.050781250 0.011718750 0.015625000 0.039062500 0.070312500 0.015625000 0.031250000 0.054687500 0.050781250 0.027343750 0.007812500 0.046875000 0.035156250 0.050781250 0.023437500 0.082031250 0.042968750 0.093750000 0.074218750 0.085937500 0.085937500 0.097656250 0.089843750 0.082031250 0.039062500 0.062500000 0.082031250 0.152343750 0.160156250 0.144531250 0.136718750 0.121093750 0.097656250 0.046875000 0.066406250 0.027343750 0.019531250 0.027343750 0.023437500 0.023437500 0.015625000 0.019531250 0.019531250 0.007812500 0.007812500 0.015625000 0.023437500 0.011718750 0.019531250 0.015625000 0.042968750 0.031250000 0.035156250 0.011718750 0.011718750 0.019531250 0.027343750 0.015625000 0.015625000 0.031250000 0.015625000 0.035156250 0.031250000 0.027343750 0.023437500 0.015625000 0.007812500 0.015625000 0.039062500 0.011718750 0.003906250 0.015625000 0.015625000 0.023437500 0.011718750 0.027343750 0.011718750 0.007812500 0.011718750 0.023437500 0.042968750 0.019531250 0.035156250 0.019531250 0.007812500 0.031250000 0.015625000 0.011718750 0.007812500 0.011718750 0.015625000 0.011718750 0.023437500 0.015625000 0.023437500 0.023437500 0.019531250 0.019531250 0.023437500 0.007812500 0.015625000 0.019531250 0.015625000 0.031250000 0.011718750 0.019531250 0.023437500 0.031250000 0.031250000 0.019531250 0.015625000 0.023437500 0.007812500 0.011718750 0.023437500 0.015625000 0.046875000 0.031250000 0.039062500 0.023437500 0.035156250 0.007812500 0.011718750 0.031250000 0.015625000 0.007812500 0.003906250 0.019531250 0.003906250 0.027343750 0.007812500 0.019531250 0.015625000 0.011718750 0.011718750 0.007812500 0.007812500 0.019531250 0.011718750 0.003906250 0.015625000 0.011718750 0.015625000 0.011718750 0.007812500 0.007812500 0.007812500 0.015625000 0.007812500 0.019531250 0.011718750 0.019531250 0.015625000 0.023437500 0.011718750 0.031250000 0.015625000 0.027343750 0.027343750 0.027343750 0.003906250 0.019531250 0.011718750 0.011718750 0.011718750 0.011718750 0.023437500 0.015625000 0.007812500 0.007812500 0.015625000 0.011718750 0.003906250 0.003906250 0.039062500 0.003906250 0.015625000 0.019531250 0.023437500 0.019531250 0.023437500 0.019531250 0.007812500 0.019531250 0.019531250 0.019531250 0.015625000 0.019531250 0.023437500 0.011718750 0.019531250 0.015625000 0.015625000 0.007812500 0.011718750 0.007812500 0.000000000 0.023437500 0.011718750 0.011718750 0.007812500 0.011718750 0.007812500 0.011718750 0.011718750 0.003906250 0.027343750 0.027343750 0.015625000 0.023437500 0.015625000 0.007812500 0.019531250 0.007812500 0.000000000 
0.105468750 0.144531250 0.058593750 0.058593750 0.312500000 0.246093750 0.480468750 0.203125000 0.117187500 0.039062500 0.097656250 0.097656250 0.046875000 0.097656250 0.023437500 0.058593750 0.074218750 0.046875000 0.039062500 0.039062500 0.042968750 0.078125000 0.066406250 0.019531250 0.019531250 0.031250000 0.031250000 0.023437500 0.062500000 0.019531250 0.031250000 0.050781250 0.019531250 0.031250000 0.031250000 0.046875000 0.039062500 0.031250000 0.015625000 0.058593750 0.035156250 0.019531250 0.042968750 0.003906250 0.019531250 0.007812500 0.035156250 0.031250000 0.042968750 0.007812500 0.042968750 0.019531250 0.027343750 0.023437500 0.015625000 0.039062500 0.023437500 0.031250000 0.031250000 0.050781250 0.023437500 0.031250000 0.007812500 0.007812500 0.019531250 0.007812500 0.027343750 0.007812500 0.011718750 0.031250000 0.039062500 0.035156250 0.019531250 0.007812500 0.023437500 0.023437500 0.035156250 0.039062500 0.011718750 0.019531250 0.003906250 0.027343750 0.015625000 0.023437500 0.007812500 0.007812500 0.007812500 0.019531250 0.015625000 0.011718750 0.023437500 0.011718750 0.023437500 0.003906250 0.011718750 0.007812500 0.011718750 0.011718750 0.011718750 0.007812500 0.019531250 0.011718750 0.011718750 0.027343750 0.011718750 0.000000000 0.007812500 0.003906250 0.011718750 0.003906250 0.027343750 0.023437500 0.003906250 0.019531250 0.019531250 0.019531250 0.027343750 0.011718750 0.015625000 0.003906250 0.015625000 0.019531250 0.031250000 0.011718750 0.015625000 0.011718750 0.011718750 0.023437500 0.019531250 0.011718750 0.003906250 0.011718750 0.015625000 0.011718750 0.015625000 0.023437500 0.015625000 0.011718750 0.007812500 0.011718750 0.003906250 0.011718750 0.023437500 0.015625000 0.011718750 0.011718750 0.015625000 0.007812500 0.015625000 0.011718750 0.007812500 0.031250000 0.011718750 0.023437500 0.007812500 0.007812500 0.003906250 0.019531250 0.023437500 0.007812500 0.019531250 0.011718750 0.023437500 0.007812500 0.023437500 0.000000000 0.007812500 0.015625000 0.019531250 0.011718750 0.015625000 0.011718750 0.019531250 0.019531250 0.011718750 0.015625000 0.007812500 0.007812500 0.011718750 0.019531250 0.015625000 0.007812500 0.019531250 0.015625000 0.015625000 0.007812500 0.015625000 0.007812500 0.003906250 0.011718750 0.015625000 0.003906250 0.015625000 0.023437500 0.003906250 0.007812500 0.015625000 0.007812500 0.015625000 0.003906250 0.015625000 0.019531250 0.019531250 0.015625000 0.003906250 0.007812500 0.000000000 0.007812500 0.019531250 0.015625000 0.003906250 0.003906250 0.015625000 0.003906250 0.007812500 0.015625000 0.023437500 0.015625000 0.007812500 0.019531250 0.015625000 0.003906250 0.000000000 0.011718750 0.011718750 0.003906250 0.007812500 0.015625000 0.003906250 0.007812500 0.015625000 0.007812500 0.007812500 0.000000000 0.011718750 0.003906250 0.003906250 0.003906250 0.011718750 0.011718750 0.007812500 0.007812500 0.003906250 0.007812500 0.003906250 0.011718750 0.011718750 0.007812500 0.007812500 0.007812500 0.007812500 0.007812500 0.011718750 0.003906250 0.007812500 0.007812500 0.011718750 
0.070312500 0.062500000 0.027343750 0.066406250 0.109375000 0.113281250 0.113281250 0.082031250 0.031250000 0.027343750 0.074218750 0.101562500 0.070312500 0.027343750 0.050781250 0.054687500 0.054687500 0.042968750 0.027343750 0.007812500 0.042968750 0.082031250 0.066406250 0.019531250 0.011718750 0.011718750 0.023437500 0.007812500 0.023437500 0.035156250 0.027343750 0.039062500 0.035156250 0.007812500 0.011718750 0.019531250 0.035156250 0.027343750 0.011718750 0.039062500 0.042968750 0.039062500 0.023437500 0.007812500 0.019531250 0.003906250 0.019531250 0.023437500 0.003906250 0.031250000 0.039062500 0.027343750 0.019531250 0.015625000 0.031250000 0.023437500 0.000000000 0.011718750 0.015625000 0.042968750 0.039062500 0.015625000 0.007812500 0.007812500 0.019531250 0.011718750 0.011718750 0.019531250 0.007812500 0.035156250 0.035156250 0.019531250 0.015625000 0.011718750 0.015625000 0.011718750 0.023437500 0.031250000 0.015625000 0.011718750 0.015625000 0.003906250 0.011718750 0.003906250 0.007812500 0.003906250 0.011718750 0.015625000 0.007812500 0.011718750 0.011718750 0.003906250 0.015625000 0.011718750 0.003906250 0.007812500 0.003906250 0.003906250 0.003906250 0.011718750 0.011718750 0.007812500 0.015625000 0.019531250 0.011718750 0.003906250 0.003906250 0.007812500 0.007812500 0.007812500 0.007812500 0.003906250 0.015625000 0.015625000 0.007812500 0.003906250 0.007812500 0.003906250 0.007812500 0.011718750 0.011718750 0.007812500 0.015625000 0.015625000 0.007812500 0.015625000 0.019531250 0.015625000 0.011718750 0.011718750 0.003906250 0.007812500 0.015625000 0.011718750 0.003906250 0.011718750 0.015625000 0.007812500 0.011718750 0.007812500 0.003906250 0.015625000 0.015625000 0.007812500 0.007812500 0.015625000 0.011718750 0.003906250 0.015625000 0.007812500 0.015625000 0.023437500 0.019531250 0.011718750 0.007812500 0.007812500 0.000000000 0.015625000 0.019531250 0.003906250 0.015625000 0.015625000 0.011718750 0.019531250 0.011718750 0.003906250 0.007812500 0.019531250 0.019531250 0.007812500 0.015625000 0.007812500 0.011718750 0.023437500 0.011718750 0.011718750 0.011718750 0.011718750 0.007812500 0.011718750 0.019531250 0.007812500 0.019531250 0.023437500 0.007812500 0.007812500 0.011718750 0.007812500 0.007812500 0.011718750 0.015625000 0.003906250 0.019531250 0.023437500 0.007812500 0.007812500 0.007812500 0.007812500 0.011718750 0.011718750 0.007812500 0.011718750 0.023437500 0.015625000 0.003906250 0.007812500 0.007812500 0.007812500 0.011718750 0.011718750 0.007812500 0.011718750 0.011718750 0.007812500 0.003906250 0.011718750 0.011718750 0.015625000 0.011718750 0.011718750 0.007812500 0.003906250 0.000000000 0.007812500 0.011718750 0.007812500 0.003906250 0.003906250 0.007812500 0.007812500 0.003906250 0.003906250 0.000000000 0.003906250 0.003906250 0.000000000 0.003906250 0.000000000 0.007812500 0.011718750 0.007812500 0.003906250 0.003906250 0.003906250 0.007812500 0.011718750 0.007812500 0.003906250 0.003906250 0.003906250 0.003906250 0.003906250 0.007812500 0.003906250 0.003906250 0.003906250 0.000000000 
0.023437500 0.023437500 0.023437500 0.023437500 0.023437500 0.023437500 0.023437500 0.023437500 0.023437500 0.023437500 0.023437500 0.019531250 0.019531250 0.019531250 0.019531250 0.019531250 0.019531250 0.019531250 0.019531250 0.019531250 0.015625000 0.015625000 0.015625000 0.015625000 0.015625000 0.015625000 0.015625000 0.011718750 0.011718750 0.011718750 0.011718750 0.011718750 0.011718750 0.011718750 0.007812500 0.007812500 0.007812500 0.007812500 0.007812500 0.007812500 0.007812500 0.007812500 0.007812500 0.007812500 0.007812500 0.007812500 0.007812500 0.007812500 0.007812500 0.007812500 0.007812500 0.007812500 0.007812500 0.007812500 0.007812500 0.007812500 0.007812500 0.011718750 0.011718750 0.011718750 0.011718750 0.011718750 0.011718750 0.011718750 0.011718750 0.011718750 0.011718750 0.011718750 0.011718750 0.011718750 0.011718750 0.011718750 0.011718750 0.011718750 0.011718750 0.007812500 0.007812500 0.007812500 0.007812500 0.007812500 0.007812500 0.007812500 0.007812500 0.007812500 0.007812500 0.007812500 0.007812500 0.007812500 0.007812500 0.003906250 0.003906250 0.003906250 0.003906250 0.003906250 0.003906250 0.003906250 0.003906250 0.003906250 0.003906250 0.003906250 0.003906250 0.003906250 0.003906250 0.003906250 0.003906250 0.003906250 0.003906250 0.003906250 0.003906250 0.003906250 0.003906250 0.003906250 0.003906250 0.003906250 0.003906250 0.003906250 0.003906250 0.003906250 0.003906250 0.003906250 0.003906250 0.003906250 0.003906250 0.003906250 0.003906250 0.003906250 0.003906250 0.003906250 0.003906250 0.003906250 0.003906250 0.003906250 0.003906250 0.003906250 0.003906250 0.003906250 0.003906250 0.003906250 0.003906250 0.003906250 0.003906250 0.007812500 0.007812500 0.007812500 0.007812500 0.007812500 0.007812500 0.007812500 0.007812500 0.007812500 0.007812500 0.007812500 0.007812500 0.007812500 0.007812500 0.007812500 0.007812500 0.007812500 0.011718750 0.011718750 0.011718750 0.011718750 0.011718750 0.011718750 0.011718750 0.011718750 0.011718750 0.011718750 0.011718750 0.011718750 0.011718750 0.011718750 0.011718750 0.011718750 0.011718750 0.011718750 0.011718750 0.011718750 0.011718750 0.011718750 0.011718750 0.011718750 0.011718750 0.011718750 0.011718750 0.011718750 0.011718750 0.011718750 0.007812500 0.007812500 0.007812500 0.007812500 0.007812500 0.007812500 0.007812500 0.007812500 0.007812500 0.007812500 0.007812500 0.007812500 0.003906250 0.003906250 0.003906250 0.003906250 0.003906250 0.003906250 0.003906250 0.003906250 0.003906250 0.003906250 0.003906250 0.003906250 0.003906250 0.003906250 0.003906250 0.003906250 0.003906250 0.003906250 0.003906250 0.003906250 0.003906250 0.003906250 0.003906250 0.003906250 0.003906250 0.003906250 0.003906250 0.003906250 0.003906250 0.003906250 0.003906250 0.003906250 0.003906250 0.003906250 0.003906250 0.003906250 0.003906250 0.003906250 0.003906250 0.003906250 0.003906250 0.003906250 0.003906250 0.003906250 0.003906250 0.003906250 0.003906250 0.003906250 0.000000000 0.000000000 0.000000000 0.000000000 0.000000000 0.000000000 0.000000000 0.000000000 0.000000000 
0.050781250 0.058593750 0.074218750 0.121093750 0.179687500 0.207031250 0.160156250 0.101562500 0.214843750 0.343750000 0.386718750 0.316406250 0.203125000 0.187500000 0.242187500 0.218750000 0.105468750 0.078125000 0.195312500 0.238281250 0.195312500 0.113281250 0.113281250 0.175781250 0.210937500 0.203125000 0.160156250 0.082031250 0.023437500 0.078125000 0.089843750 0.050781250 0.050781250 0.117187500 0.156250000 0.144531250 0.105468750 0.062500000 0.074218750 0.117187500 0.148437500 0.144531250 0.101562500 0.058593750 0.078125000 0.093750000 0.066406250 0.007812500 0.062500000 0.097656250 0.097656250 0.085937500 0.078125000 0.050781250 0.023437500 0.058593750 0.062500000 0.031250000 0.109375000 0.214843750 0.265625000 0.238281250 0.132812500 0.058593750 0.148437500 0.199218750 0.179687500 0.113281250 0.089843750 0.148437500 0.195312500 0.191406250 0.128906250 0.058593750 0.113281250 0.171875000 0.164062500 0.105468750 0.093750000 0.136718750 0.144531250 0.113281250 0.105468750 0.125000000 0.136718750 0.167968750 0.203125000 0.175781250 0.070312500 0.167968750 0.351562500 0.441406250 0.382812500 0.230468750 0.253906250 0.429687500 0.507812500 0.433593750 0.246093750 0.074218750 0.171875000 0.218750000 0.171875000 0.070312500 0.035156250 0.082031250 0.074218750 0.035156250 0.007812500 0.027343750 0.023437500 0.023437500 0.027343750 0.023437500 0.015625000 0.027343750 0.035156250 0.031250000 0.019531250 0.019531250 0.023437500 0.019531250 0.007812500 0.003906250 0.003906250 0.003906250 0.011718750 0.019531250 0.023437500 0.023437500 0.023437500 0.019531250 0.019531250 0.019531250 0.015625000 0.007812500 0.007812500 0.019531250 0.023437500 0.023437500 0.019531250 0.015625000 0.015625000 0.015625000 0.015625000 0.007812500 0.003906250 0.011718750 0.019531250 0.019531250 0.011718750 0.011718750 0.015625000 0.015625000 0.011718750 0.003906250 0.007812500 0.015625000 0.019531250 0.019531250 0.011718750 0.007812500 0.003906250 0.007812500 0.007812500 0.003906250 0.000000000 0.003906250 0.003906250 0.003906250 0.003906250 0.007812500 0.007812500 0.003906250 0.007812500 0.015625000 0.015625000 0.011718750 0.003906250 0.011718750 0.015625000 0.019531250 0.019531250 0.015625000 0.011718750 0.003906250 0.011718750 0.023437500 0.023437500 0.015625000 0.003906250 0.007812500 0.015625000 0.015625000 0.011718750 0.007812500 0.007812500 0.007812500 0.011718750 0.011718750 0.007812500 0.015625000 0.031250000 0.035156250 0.031250000 0.015625000 0.003906250 0.015625000 0.019531250 0.011718750 0.007812500 0.015625000 0.019531250 0.011718750 0.007812500 0.015625000 0.023437500 0.023437500 0.023437500 0.023437500 0.019531250 0.011718750 0.003906250 0.007812500 0.015625000 0.015625000 0.019531250 0.023437500 0.019531250 0.015625000 0.015625000 0.015625000 0.011718750 0.007812500 0.003906250 0.011718750 0.015625000 0.015625000 0.011718750 0.003906250 0.003906250 0.007812500 0.011718750 0.011718750 0.011718750 0.011718750 0.011718750 0.011718750 0.015625000 0.019531250 0.027343750 0.035156250 0.035156250 0.031250000 0.023437500 0.015625000 0.011718750 
0.015625000 0.082031250 0.050781250 0.171875000 0.296875000 0.222656250 0.101562500 0.058593750 0.101562500 0.515625000 0.558593750 0.214843750 0.089843750 0.089843750 0.320312500 0.390625000 0.054687500 0.132812500 0.187500000 0.296875000 0.160156250 0.105468750 0.058593750 0.171875000 0.265625000 0.175781250 0.191406250 0.066406250 0.019531250 0.136718750 0.031250000 0.089843750 0.054687500 0.085937500 0.183593750 0.117187500 0.148437500 0.054687500 0.097656250 0.136718750 0.136718750 0.132812500 0.113281250 0.070312500 0.074218750 0.082031250 0.074218750 0.011718750 0.050781250 0.113281250 0.097656250 0.093750000 0.121093750 0.023437500 0.093750000 0.046875000 0.105468750 0.132812500 0.101562500 0.277343750 0.250000000 0.250000000 0.160156250 0.085937500 0.199218750 0.128906250 0.222656250 0.117187500 0.101562500 0.160156250 0.156250000 0.242187500 0.125000000 0.089843750 0.105468750 0.160156250 0.179687500 0.097656250 0.105468750 0.132812500 0.140625000 0.117187500 0.117187500 0.125000000 0.125000000 0.234375000 0.164062500 0.156250000 0.101562500 0.187500000 0.257812500 0.671875000 0.386718750 0.242187500 0.250000000 0.429687500 0.562500000 0.437500000 0.218750000 0.023437500 0.140625000 0.253906250 0.136718750 0.054687500 0.011718750 0.046875000 0.093750000 0.058593750 0.019531250 0.019531250 0.058593750 0.007812500 0.035156250 0.000000000 0.019531250 0.039062500 0.019531250 0.031250000 0.039062500 0.027343750 0.023437500 0.023437500 0.011718750 0.015625000 0.019531250 0.007812500 0.011718750 0.042968750 0.035156250 0.019531250 0.031250000 0.015625000 0.023437500 0.023437500 0.011718750 0.011718750 0.011718750 0.023437500 0.011718750 0.023437500 0.019531250 0.019531250 0.023437500 0.031250000 0.023437500 0.011718750 0.019531250 0.003906250 0.015625000 0.015625000 0.015625000 0.015625000 0.015625000 0.007812500 0.015625000 0.007812500 0.003906250 0.011718750 0.023437500 0.027343750 0.019531250 0.000000000 0.003906250 0.011718750 0.007812500 0.019531250 0.027343750 0.039062500 0.031250000 0.023437500 0.007812500 0.003906250 0.015625000 0.019531250 0.019531250 0.007812500 0.031250000 0.011718750 0.000000000 0.023437500 0.015625000 0.019531250 0.011718750 0.035156250 0.019531250 0.011718750 0.015625000 0.031250000 0.019531250 0.007812500 0.015625000 0.015625000 0.031250000 0.011718750 0.011718750 0.007812500 0.007812500 0.007812500 0.015625000 0.015625000 0.000000000 0.015625000 0.039062500 0.023437500 0.031250000 0.011718750 0.027343750 0.042968750 0.058593750 0.019531250 0.011718750 0.035156250 0.015625000 0.011718750 0.011718750 0.031250000 0.007812500 0.031250000 0.019531250 0.027343750 0.015625000 0.035156250 0.031250000 0.019531250 0.007812500 0.019531250 0.007812500 0.031250000 0.015625000 0.027343750 0.019531250 0.015625000 0.015625000 0.011718750 0.015625000 0.023437500 0.027343750 0.011718750 0.011718750 0.015625000 0.007812500 0.019531250 0.023437500 0.007812500 0.011718750 0.015625000 0.023437500 0.019531250 0.011718750 0.039062500 0.042968750 0.027343750 0.035156250 0.015625000 0.046875000 0.019531250 0.007812500 
0.011718750 0.054687500 0.085937500 0.160156250 0.296875000 0.242187500 0.089843750 0.054687500 0.105468750 0.492187500 0.593750000 0.191406250 0.125000000 0.070312500 0.304687500 0.453125000 0.089843750 0.089843750 0.246093750 0.234375000 0.214843750 0.082031250 0.039062500 0.207031250 0.226562500 0.195312500 0.167968750 0.082031250 0.023437500 0.125000000 0.054687500 0.082031250 0.074218750 0.125000000 0.148437500 0.121093750 0.144531250 0.070312500 0.101562500 0.136718750 0.160156250 0.117187500 0.117187500 0.062500000 0.066406250 0.070312500 0.101562500 0.039062500 0.058593750 0.117187500 0.097656250 0.105468750 0.085937500 0.035156250 0.128906250 0.019531250 0.085937500 0.152343750 0.105468750 0.292968750 0.238281250 0.226562500 0.187500000 0.097656250 0.187500000 0.156250000 0.214843750 0.117187500 0.121093750 0.148437500 0.140625000 0.242187500 0.140625000 0.101562500 0.109375000 0.171875000 0.164062500 0.097656250 0.097656250 0.132812500 0.152343750 0.113281250 0.132812500 0.125000000 0.132812500 0.222656250 0.164062500 0.171875000 0.070312500 0.218750000 0.304687500 0.644531250 0.394531250 0.226562500 0.261718750 0.433593750 0.554687500 0.460937500 0.199218750 0.035156250 0.140625000 0.242187500 0.152343750 0.062500000 0.011718750 0.054687500 0.085937500 0.062500000 0.027343750 0.027343750 0.070312500 0.003906250 0.054687500 0.015625000 0.019531250 0.046875000 0.007812500 0.027343750 0.031250000 0.035156250 0.023437500 0.027343750 0.015625000 0.015625000 0.007812500 0.023437500 0.019531250 0.050781250 0.027343750 0.007812500 0.050781250 0.035156250 0.011718750 0.031250000 0.003906250 0.011718750 0.015625000 0.015625000 0.015625000 0.031250000 0.019531250 0.023437500 0.019531250 0.042968750 0.015625000 0.015625000 0.031250000 0.007812500 0.023437500 0.015625000 0.027343750 0.003906250 0.019531250 0.011718750 0.019531250 0.015625000 0.011718750 0.019531250 0.023437500 0.031250000 0.023437500 0.011718750 0.007812500 0.003906250 0.019531250 0.027343750 0.050781250 0.035156250 0.019531250 0.031250000 0.007812500 0.003906250 0.011718750 0.019531250 0.023437500 0.007812500 0.039062500 0.003906250 0.011718750 0.019531250 0.023437500 0.023437500 0.007812500 0.042968750 0.019531250 0.007812500 0.011718750 0.035156250 0.015625000 0.019531250 0.023437500 0.003906250 0.035156250 0.015625000 0.019531250 0.007812500 0.007812500 0.011718750 0.011718750 0.027343750 0.015625000 0.023437500 0.039062500 0.019531250 0.035156250 0.019531250 0.023437500 0.023437500 0.070312500 0.031250000 0.011718750 0.042968750 0.019531250 0.019531250 0.011718750 0.050781250 0.015625000 0.035156250 0.019531250 0.035156250 0.023437500 0.039062500 0.031250000 0.015625000 0.007812500 0.019531250 0.007812500 0.050781250 0.007812500 0.027343750 0.015625000 0.019531250 0.015625000 0.007812500 0.023437500 0.035156250 0.015625000 0.015625000 0.011718750 0.019531250 0.011718750 0.015625000 0.023437500 0.011718750 0.011718750 0.019531250 0.027343750 0.031250000 0.019531250 0.023437500 0.054687500 0.015625000 0.039062500 0.011718750 0.058593750 0.015625000 0.003906250 
0.117187500 0.105468750 0.101562500 0.203125000 0.121093750 0.156250000 0.054687500 0.101562500 0.136718750 0.367187500 0.347656250 0.167968750 0.035156250 0.019531250 0.160156250 0.371093750 0.226562500 0.027343750 0.203125000 0.089843750 0.109375000 0.105468750 0.066406250 0.066406250 0.062500000 0.070312500 0.031250000 0.039062500 0.046875000 0.093750000 0.082031250 0.078125000 0.042968750 0.035156250 0.019531250 0.078125000 0.050781250 0.015625000 0.046875000 0.062500000 0.031250000 0.082031250 0.035156250 0.046875000 0.054687500 0.039062500 0.007812500 0.062500000 0.015625000 0.011718750 0.070312500 0.085937500 0.050781250 0.066406250 0.074218750 0.054687500 0.121093750 0.183593750 0.144531250 0.097656250 0.062500000 0.015625000 0.128906250 0.062500000 0.078125000 0.019531250 0.089843750 0.062500000 0.035156250 0.023437500 0.070312500 0.066406250 0.105468750 0.019531250 0.050781250 0.046875000 0.050781250 0.031250000 0.019531250 0.035156250 0.027343750 0.011718750 0.066406250 0.093750000 0.054687500 0.050781250 0.019531250 0.097656250 0.039062500 0.132812500 0.273437500 0.339843750 0.289062500 0.132812500 0.093750000 0.242187500 0.171875000 0.152343750 0.152343750 0.121093750 0.101562500 0.125000000 0.152343750 0.070312500 0.070312500 0.054687500 0.062500000 0.097656250 0.062500000 0.042968750 0.078125000 0.039062500 0.031250000 0.046875000 0.000000000 0.031250000 0.031250000 0.015625000 0.007812500 0.019531250 0.035156250 0.007812500 0.023437500 0.042968750 0.035156250 0.039062500 0.031250000 0.066406250 0.027343750 0.015625000 0.039062500 0.031250000 0.023437500 0.023437500 0.007812500 0.003906250 0.031250000 0.023437500 0.003906250 0.015625000 0.019531250 0.019531250 0.023437500 0.035156250 0.035156250 0.039062500 0.027343750 0.011718750 0.023437500 0.007812500 0.027343750 0.011718750 0.023437500 0.019531250 0.007812500 0.031250000 0.003906250 0.035156250 0.039062500 0.027343750 0.019531250 0.031250000 0.019531250 0.019531250 0.007812500 0.031250000 0.046875000 0.035156250 0.031250000 0.023437500 0.019531250 0.023437500 0.003906250 0.019531250 0.023437500 0.019531250 0.027343750 0.019531250 0.027343750 0.023437500 0.035156250 0.003906250 0.019531250 0.023437500 0.023437500 0.019531250 0.000000000 0.011718750 0.019531250 0.007812500 0.027343750 0.011718750 0.019531250 0.023437500 0.015625000 0.015625000 0.015625000 0.027343750 0.031250000 0.019531250 0.027343750 0.023437500 0.007812500 0.007812500 0.007812500 0.011718750 0.031250000 0.027343750 0.054687500 0.042968750 0.023437500 0.027343750 0.031250000 0.015625000 0.015625000 0.046875000 0.015625000 0.015625000 0.023437500 0.015625000 0.031250000 0.023437500 0.039062500 0.015625000 0.007812500 0.007812500 0.027343750 0.031250000 0.023437500 0.007812500 0.011718750 0.011718750 0.011718750 0.015625000 0.019531250 0.039062500 0.015625000 0.015625000 0.003906250 0.003906250 0.027343750 0.019531250 0.023437500 0.023437500 0.007812500 0.003906250 0.011718750 0.035156250 0.027343750 0.023437500 0.023437500 0.019531250 0.019531250 0.007812500 0.042968750 0.027343750 0.015625000 
0.015625000 0.027343750 0.050781250 0.070312500 0.105468750 0.031250000 0.105468750 0.042968750 0.074218750 0.089843750 0.070312500 0.097656250 0.101562500 0.109375000 0.105468750 0.152343750 0.125000000 0.109375000 0.093750000 0.054687500 0.039062500 0.046875000 0.042968750 0.035156250 0.019531250 0.019531250 0.015625000 0.023437500 0.027343750 0.023437500 0.015625000 0.000000000 0.011718750 0.011718750 0.050781250 0.039062500 0.015625000 0.015625000 0.011718750 0.011718750 0.031250000 0.042968750 0.023437500 0.019531250 0.007812500 0.003906250 0.015625000 0.031250000 0.035156250 0.019531250 0.007812500 0.011718750 0.042968750 0.031250000 0.054687500 0.035156250 0.023437500 0.039062500 0.035156250 0.023437500 0.082031250 0.050781250 0.039062500 0.035156250 0.035156250 0.042968750 0.027343750 0.035156250 0.035156250 0.042968750 0.027343750 0.042968750 0.054687500 0.015625000 0.031250000 0.054687500 0.019531250 0.023437500 0.035156250 0.039062500 0.007812500 0.019531250 0.066406250 0.015625000 0.023437500 0.027343750 0.046875000 0.062500000 0.027343750 0.066406250 0.039062500 0.042968750 0.019531250 0.023437500 0.019531250 0.062500000 0.054687500 0.046875000 0.050781250 0.031250000 0.042968750 0.023437500 0.039062500 0.046875000 0.042968750 0.027343750 0.031250000 0.046875000 0.035156250 0.031250000 0.027343750 0.035156250 0.027343750 0.019531250 0.015625000 0.023437500 0.011718750 0.007812500 0.011718750 0.019531250 0.003906250 0.019531250 0.015625000 0.019531250 0.003906250 0.019531250 0.011718750 0.042968750 0.011718750 0.015625000 0.031250000 0.023437500 0.019531250 0.019531250 0.015625000 0.019531250 0.019531250 0.007812500 0.023437500 0.007812500 0.015625000 0.007812500 0.003906250 0.019531250 0.007812500 0.027343750 0.015625000 0.015625000 0.003906250 0.019531250 0.015625000 0.011718750 0.015625000 0.003906250 0.011718750 0.031250000 0.019531250 0.039062500 0.003906250 0.011718750 0.000000000 0.023437500 0.011718750 0.011718750 0.023437500 0.035156250 0.031250000 0.019531250 0.011718750 0.011718750 0.031250000 0.007812500 0.011718750 0.027343750 0.011718750 0.011718750 0.027343750 0.023437500 0.011718750 0.015625000 0.023437500 0.019531250 0.023437500 0.015625000 0.015625000 0.007812500 0.015625000 0.000000000 0.019531250 0.035156250 0.011718750 0.011718750 0.023437500 0.011718750 0.011718750 0.011718750 0.007812500 0.011718750 0.031250000 0.019531250 0.015625000 0.007812500 0.007812500 0.019531250 0.007812500 0.011718750 0.011718750 0.015625000 0.023437500 0.027343750 0.039062500 0.007812500 0.007812500 0.023437500 0.027343750 0.039062500 0.015625000 0.011718750 0.019531250 0.031250000 0.023437500 0.019531250 0.027343750 0.000000000 0.011718750 0.011718750 0.027343750 0.035156250 0.019531250 0.011718750 0.003906250 0.015625000 0.011718750 0.023437500 0.015625000 0.027343750 0.003906250 0.007812500 0.007812500 0.011718750 0.003906250 0.007812500 0.011718750 0.019531250 0.011718750 0.011718750 0.011718750 0.035156250 0.015625000 0.007812500 0.007812500 0.027343750 0.015625000 0.007812500 0.031250000 0.027343750 0.000000000 
0.019531250 0.027343750 0.039062500 0.042968750 0.117187500 0.050781250 0.070312500 0.039062500 0.039062500 0.031250000 0.039062500 0.015625000 0.023437500 0.046875000 0.023437500 0.042968750 0.035156250 0.027343750 0.023437500 0.050781250 0.011718750 0.035156250 0.027343750 0.039062500 0.007812500 0.027343750 0.011718750 0.027343750 0.011718750 0.023437500 0.019531250 0.011718750 0.027343750 0.027343750 0.015625000 0.015625000 0.003906250 0.015625000 0.011718750 0.011718750 0.023437500 0.031250000 0.015625000 0.015625000 0.023437500 0.011718750 0.027343750 0.011718750 0.011718750 0.015625000 0.031250000 0.019531250 0.050781250 0.011718750 0.031250000 0.027343750 0.000000000 0.023437500 0.042968750 0.031250000 0.078125000 0.031250000 0.039062500 0.039062500 0.019531250 0.023437500 0.039062500 0.023437500 0.035156250 0.039062500 0.019531250 0.039062500 0.039062500 0.023437500 0.031250000 0.058593750 0.019531250 0.031250000 0.031250000 0.039062500 0.011718750 0.023437500 0.046875000 0.031250000 0.015625000 0.039062500 0.011718750 0.019531250 0.027343750 0.042968750 0.015625000 0.035156250 0.011718750 0.023437500 0.039062500 0.011718750 0.003906250 0.019531250 0.027343750 0.023437500 0.023437500 0.042968750 0.015625000 0.007812500 0.019531250 0.007812500 0.007812500 0.011718750 0.023437500 0.007812500 0.011718750 0.011718750 0.007812500 0.003906250 0.003906250 0.023437500 0.011718750 0.011718750 0.007812500 0.019531250 0.011718750 0.011718750 0.003906250 0.023437500 0.019531250 0.023437500 0.007812500 0.027343750 0.015625000 0.003906250 0.007812500 0.011718750 0.015625000 0.015625000 0.015625000 0.015625000 0.019531250 0.003906250 0.015625000 0.015625000 0.007812500 0.003906250 0.015625000 0.011718750 0.015625000 0.007812500 0.015625000 0.011718750 0.003906250 0.019531250 0.003906250 0.007812500 0.011718750 0.011718750 0.007812500 0.027343750 0.019531250 0.035156250 0.007812500 0.007812500 0.007812500 0.015625000 0.007812500 0.023437500 0.011718750 0.011718750 0.015625000 0.003906250 0.003906250 0.019531250 0.019531250 0.003906250 0.023437500 0.011718750 0.007812500 0.011718750 0.011718750 0.019531250 0.011718750 0.015625000 0.015625000 0.011718750 0.015625000 0.003906250 0.011718750 0.007812500 0.003906250 0.003906250 0.011718750 0.019531250 0.023437500 0.019531250 0.011718750 0.003906250 0.003906250 0.007812500 0.007812500 0.019531250 0.023437500 0.007812500 0.007812500 0.007812500 0.011718750 0.007812500 0.007812500 0.007812500 0.015625000 0.011718750 0.015625000 0.007812500 0.019531250 0.015625000 0.011718750 0.011718750 0.000000000 0.007812500 0.015625000 0.015625000 0.007812500 0.015625000 0.015625000 0.011718750 0.007812500 0.015625000 0.007812500 0.015625000 0.015625000 0.007812500 0.011718750 0.003906250 0.007812500 0.015625000 0.007812500 0.007812500 0.015625000 0.011718750 0.007812500 0.003906250 0.015625000 0.003906250 0.007812500 0.015625000 0.003906250 0.007812500 0.007812500 0.015625000 0.011718750 0.011718750 0.011718750 0.011718750 0.019531250 0.011718750 0.003906250 0.019531250 0.011718750 0.011718750 0.011718750 
0.015625000 0.050781250 0.082031250 0.054687500 0.136718750 0.058593750 0.042968750 0.035156250 0.039062500 0.035156250 0.058593750 0.054687500 0.062500000 0.031250000 0.039062500 0.039062500 0.031250000 0.046875000 0.007812500 0.042968750 0.031250000 0.015625000 0.042968750 0.046875000 0.011718750 0.031250000 0.015625000 0.023437500 0.031250000 0.007812500 0.031250000 0.015625000 0.015625000 0.039062500 0.031250000 0.023437500 0.019531250 0.007812500 0.019531250 0.007812500 0.019531250 0.058593750 0.050781250 0.023437500 0.015625000 0.019531250 0.015625000 0.011718750 0.023437500 0.042968750 0.042968750 0.019531250 0.023437500 0.015625000 0.023437500 0.007812500 0.027343750 0.015625000 0.042968750 0.015625000 0.054687500 0.007812500 0.011718750 0.015625000 0.031250000 0.000000000 0.039062500 0.019531250 0.039062500 0.015625000 0.023437500 0.019531250 0.015625000 0.023437500 0.007812500 0.035156250 0.019531250 0.019531250 0.035156250 0.050781250 0.015625000 0.019531250 0.042968750 0.023437500 0.019531250 0.011718750 0.031250000 0.035156250 0.027343750 0.011718750 0.031250000 0.003906250 0.019531250 0.019531250 0.042968750 0.011718750 0.023437500 0.015625000 0.011718750 0.015625000 0.019531250 0.031250000 0.027343750 0.003906250 0.015625000 0.011718750 0.019531250 0.011718750 0.011718750 0.015625000 0.003906250 0.011718750 0.015625000 0.023437500 0.027343750 0.011718750 0.007812500 0.007812500 0.011718750 0.007812500 0.023437500 0.019531250 0.019531250 0.011718750 0.011718750 0.011718750 0.019531250 0.015625000 0.019531250 0.007812500 0.011718750 0.019531250 0.011718750 0.015625000 0.011718750 0.007812500 0.019531250 0.007812500 0.019531250 0.019531250 0.007812500 0.015625000 0.011718750 0.007812500 0.031250000 0.003906250 0.019531250 0.003906250 0.015625000 0.007812500 0.011718750 0.011718750 0.019531250 0.011718750 0.007812500 0.031250000 0.015625000 0.023437500 0.019531250 0.007812500 0.003906250 0.011718750 0.003906250 0.027343750 0.003906250 0.015625000 0.019531250 0.019531250 0.019531250 0.000000000 0.019531250 0.015625000 0.015625000 0.011718750 0.011718750 0.015625000 0.019531250 0.015625000 0.011718750 0.019531250 0.007812500 0.007812500 0.007812500 0.015625000 0.003906250 0.007812500 0.007812500 0.011718750 0.003906250 0.027343750 0.027343750 0.015625000 0.007812500 0.003906250 0.003906250 0.007812500 0.007812500 0.019531250 0.019531250 0.007812500 0.011718750 0.007812500 0.011718750 0.007812500 0.007812500 0.007812500 0.011718750 0.007812500 0.023437500 0.015625000 0.007812500 0.007812500 0.019531250 0.003906250 0.011718750 0.011718750 0.015625000 0.011718750 0.007812500 0.007812500 0.015625000 0.007812500 0.011718750 0.003906250 0.011718750 0.007812500 0.011718750 0.007812500 0.011718750 0.007812500 0.015625000 0.003906250 0.003906250 0.011718750 0.015625000 0.011718750 0.011718750 0.003906250 0.015625000 0.007812500 0.011718750 0.011718750 0.003906250 0.007812500 0.011718750 0.015625000 0.007812500 0.011718750 0.015625000 0.011718750 0.011718750 0.000000000 0.015625000 0.011718750 0.011718750 0.011718750 0.007812500 
0.050781250 0.015625000 0.097656250 0.042968750 0.132812500 0.046875000 0.062500000 0.007812500 0.070312500 0.007812500 0.085937500 0.035156250 0.078125000 0.015625000 0.050781250 0.039062500 0.058593750 0.011718750 0.050781250 0.011718750 0.050781250 0.023437500 0.035156250 0.035156250 0.046875000 0.011718750 0.042968750 0.007812500 0.031250000 0.011718750 0.039062500 0.023437500 0.039062500 0.023437500 0.039062500 0.027343750 0.031250000 0.015625000 0.031250000 0.011718750 0.031250000 0.050781250 0.035156250 0.046875000 0.039062500 0.003906250 0.015625000 0.015625000 0.015625000 0.058593750 0.031250000 0.019531250 0.015625000 0.023437500 0.019531250 0.011718750 0.007812500 0.027343750 0.019531250 0.019531250 0.031250000 0.019531250 0.015625000 0.011718750 0.015625000 0.011718750 0.023437500 0.031250000 0.031250000 0.019531250 0.015625000 0.015625000 0.019531250 0.011718750 0.003906250 0.027343750 0.003906250 0.000000000 0.027343750 0.035156250 0.023437500 0.003906250 0.027343750 0.011718750 0.003906250 0.023437500 0.027343750 0.031250000 0.039062500 0.019531250 0.019531250 0.015625000 0.015625000 0.015625000 0.031250000 0.015625000 0.019531250 0.015625000 0.015625000 0.015625000 0.011718750 0.011718750 0.007812500 0.015625000 0.011718750 0.015625000 0.015625000 0.015625000 0.011718750 0.007812500 0.007812500 0.015625000 0.015625000 0.023437500 0.019531250 0.007812500 0.003906250 0.011718750 0.003906250 0.007812500 0.019531250 0.011718750 0.019531250 0.011718750 0.015625000 0.003906250 0.003906250 0.015625000 0.015625000 0.011718750 0.007812500 0.007812500 0.027343750 0.007812500 0.007812500 0.011718750 0.019531250 0.011718750 0.015625000 0.003906250 0.015625000 0.015625000 0.011718750 0.007812500 0.027343750 0.011718750 0.011718750 0.003906250 0.003906250 0.011718750 0.011718750 0.007812500 0.015625000 0.015625000 0.007812500 0.007812500 0.015625000 0.003906250 0.003906250 0.011718750 0.003906250 0.011718750 0.011718750 0.015625000 0.023437500 0.007812500 0.011718750 0.023437500 0.011718750 0.003906250 0.019531250 0.000000000 0.019531250 0.007812500 0.007812500 0.015625000 0.019531250 0.007812500 0.007812500 0.011718750 0.007812500 0.003906250 0.011718750 0.003906250 0.011718750 0.011718750 0.007812500 0.007812500 0.011718750 0.019531250 0.011718750 0.011718750 0.003906250 0.007812500 0.007812500 0.003906250 0.007812500 0.015625000 0.015625000 0.007812500 0.011718750 0.015625000 0.007812500 0.003906250 0.003906250 0.007812500 0.003906250 0.011718750 0.019531250 0.015625000 0.011718750 0.000000000 0.007812500 0.007812500 0.011718750 0.019531250 0.011718750 0.011718750 0.007812500 0.011718750 0.011718750 0.011718750 0.011718750 0.011718750 0.003906250 0.007812500 0.003906250 0.015625000 0.011718750 0.011718750 0.011718750 0.000000000 0.011718750 0.007812500 0.003906250 0.011718750 0.011718750 0.015625000 0.011718750 0.000000000 0.015625000 0.007812500 0.007812500 0.007812500 0.003906250 0.007812500 0.007812500 0.000000000 0.015625000 0.007812500 0.007812500 0.003906250 0.011718750 0.003906250 0.007812500 0.003906250 0.003906250 
0.050781250 0.019531250 0.097656250 0.039062500 0.132812500 0.042968750 0.066406250 0.011718750 0.062500000 0.011718750 0.089843750 0.035156250 0.078125000 0.015625000 0.054687500 0.027343750 0.046875000 0.027343750 0.062500000 0.019531250 0.046875000 0.023437500 0.035156250 0.031250000 0.039062500 0.007812500 0.058593750 0.019531250 0.023437500 0.015625000 0.039062500 0.023437500 0.039062500 0.019531250 0.046875000 0.035156250 0.027343750 0.007812500 0.035156250 0.015625000 0.035156250 0.054687500 0.031250000 0.046875000 0.035156250 0.007812500 0.019531250 0.011718750 0.015625000 0.062500000 0.019531250 0.011718750 0.015625000 0.023437500 0.019531250 0.011718750 0.007812500 0.031250000 0.011718750 0.019531250 0.019531250 0.019531250 0.023437500 0.011718750 0.015625000 0.011718750 0.027343750 0.027343750 0.015625000 0.027343750 0.007812500 0.011718750 0.023437500 0.015625000 0.003906250 0.027343750 0.003906250 0.007812500 0.011718750 0.039062500 0.031250000 0.007812500 0.027343750 0.011718750 0.000000000 0.023437500 0.027343750 0.031250000 0.046875000 0.011718750 0.019531250 0.015625000 0.019531250 0.015625000 0.035156250 0.015625000 0.019531250 0.011718750 0.023437500 0.011718750 0.011718750 0.007812500 0.015625000 0.015625000 0.011718750 0.011718750 0.011718750 0.015625000 0.011718750 0.003906250 0.003906250 0.019531250 0.019531250 0.011718750 0.023437500 0.011718750 0.003906250 0.011718750 0.000000000 0.011718750 0.019531250 0.000000000 0.019531250 0.015625000 0.015625000 0.003906250 0.003906250 0.015625000 0.015625000 0.007812500 0.003906250 0.015625000 0.019531250 0.015625000 0.003906250 0.015625000 0.015625000 0.015625000 0.015625000 0.000000000 0.011718750 0.023437500 0.007812500 0.007812500 0.027343750 0.007812500 0.003906250 0.015625000 0.000000000 0.011718750 0.011718750 0.007812500 0.015625000 0.011718750 0.011718750 0.003906250 0.007812500 0.007812500 0.003906250 0.015625000 0.003906250 0.011718750 0.011718750 0.007812500 0.019531250 0.011718750 0.015625000 0.019531250 0.015625000 0.003906250 0.019531250 0.000000000 0.015625000 0.011718750 0.003906250 0.011718750 0.027343750 0.003906250 0.007812500 0.011718750 0.011718750 0.003906250 0.007812500 0.007812500 0.019531250 0.007812500 0.011718750 0.007812500 0.015625000 0.023437500 0.007812500 0.007812500 0.003906250 0.007812500 0.007812500 0.003906250 0.011718750 0.019531250 0.007812500 0.007812500 0.007812500 0.011718750 0.007812500 0.003906250 0.003906250 0.007812500 0.007812500 0.007812500 0.011718750 0.015625000 0.011718750 0.003906250 0.007812500 0.007812500 0.011718750 0.015625000 0.007812500 0.007812500 0.007812500 0.015625000 0.007812500 0.011718750 0.011718750 0.011718750 0.003906250 0.007812500 0.007812500 0.019531250 0.007812500 0.015625000 0.011718750 0.003906250 0.015625000 0.011718750 0.003906250 0.011718750 0.007812500 0.011718750 0.011718750 0.000000000 0.019531250 0.003906250 0.007812500 0.007812500 0.007812500 0.007812500 0.007812500 0.000000000 0.015625000 0.000000000 0.007812500 0.011718750 0.003906250 0.007812500 0.007812500 0.000000000 0.003906250 
0.023437500 0.019531250 0.062500000 0.007812500 0.089843750 0.015625000 0.031250000 0.019531250 0.035156250 0.031250000 0.058593750 0.019531250 0.039062500 0.023437500 0.031250000 0.031250000 0.019531250 0.042968750 0.027343750 0.031250000 0.035156250 0.023437500 0.023437500 0.035156250 0.011718750 0.046875000 0.035156250 0.023437500 0.031250000 0.007812500 0.015625000 0.050781250 0.007812500 0.023437500 0.031250000 0.011718750 0.031250000 0.027343750 0.007812500 0.039062500 0.007812500 0.003906250 0.023437500 0.023437500 0.027343750 0.011718750 0.011718750 0.011718750 0.019531250 0.027343750 0.023437500 0.015625000 0.031250000 0.015625000 0.019531250 0.015625000 0.011718750 0.011718750 0.023437500 0.039062500 0.011718750 0.015625000 0.015625000 0.019531250 0.003906250 0.011718750 0.015625000 0.007812500 0.015625000 0.027343750 0.019531250 0.011718750 0.023437500 0.011718750 0.015625000 0.003906250 0.023437500 0.003906250 0.011718750 0.027343750 0.019531250 0.015625000 0.031250000 0.027343750 0.011718750 0.011718750 0.015625000 0.007812500 0.019531250 0.046875000 0.031250000 0.011718750 0.023437500 0.007812500 0.015625000 0.027343750 0.023437500 0.023437500 0.035156250 0.015625000 0.023437500 0.019531250 0.007812500 0.015625000 0.027343750 0.015625000 0.035156250 0.027343750 0.019531250 0.003906250 0.003906250 0.011718750 0.027343750 0.019531250 0.035156250 0.011718750 0.003906250 0.011718750 0.011718750 0.007812500 0.019531250 0.011718750 0.007812500 0.003906250 0.027343750 0.011718750 0.003906250 0.015625000 0.007812500 0.003906250 0.011718750 0.023437500 0.011718750 0.015625000 0.015625000 0.007812500 0.007812500 0.031250000 0.011718750 0.003906250 0.003906250 0.011718750 0.011718750 0.015625000 0.027343750 0.023437500 0.007812500 0.015625000 0.011718750 0.003906250 0.011718750 0.011718750 0.019531250 0.011718750 0.015625000 0.007812500 0.003906250 0.007812500 0.015625000 0.003906250 0.003906250 0.011718750 0.007812500 0.007812500 0.015625000 0.011718750 0.015625000 0.019531250 0.011718750 0.007812500 0.007812500 0.000000000 0.019531250 0.015625000 0.007812500 0.007812500 0.007812500 0.015625000 0.011718750 0.015625000 0.007812500 0.007812500 0.003906250 0.011718750 0.011718750 0.007812500 0.011718750 0.011718750 0.003906250 0.011718750 0.007812500 0.015625000 0.019531250 0.015625000 0.019531250 0.003906250 0.011718750 0.023437500 0.015625000 0.027343750 0.035156250 0.015625000 0.019531250 0.011718750 0.019531250 0.023437500 0.015625000 0.019531250 0.027343750 0.003906250 0.011718750 0.011718750 0.003906250 0.007812500 0.011718750 0.007812500 0.023437500 0.007812500 0.000000000 0.019531250 0.003906250 0.011718750 0.019531250 0.007812500 0.011718750 0.011718750 0.007812500 0.015625000 0.003906250 0.003906250 0.015625000 0.003906250 0.011718750 0.003906250 0.007812500 0.007812500 0.003906250 0.011718750 0.003906250 0.007812500 0.019531250 0.003906250 0.003906250 0.011718750 0.003906250 0.000000000 0.003906250 0.007812500 0.007812500 0.003906250 0.007812500 0.007812500 0.007812500 0.011718750 0.007812500 0.003906250 0.007812500 
0.050781250 0.027343750 0.042968750 0.031250000 0.109375000 0.035156250 0.015625000 0.023437500 0.050781250 0.035156250 0.046875000 0.011718750 0.050781250 0.050781250 0.039062500 0.003906250 0.031250000 0.062500000 0.031250000 0.019531250 0.027343750 0.031250000 0.035156250 0.042968750 0.023437500 0.050781250 0.046875000 0.011718750 0.027343750 0.015625000 0.011718750 0.050781250 0.003906250 0.019531250 0.042968750 0.011718750 0.015625000 0.023437500 0.007812500 0.031250000 0.015625000 0.015625000 0.023437500 0.011718750 0.015625000 0.023437500 0.011718750 0.031250000 0.003906250 0.023437500 0.023437500 0.015625000 0.031250000 0.015625000 0.023437500 0.031250000 0.015625000 0.019531250 0.023437500 0.019531250 0.023437500 0.027343750 0.031250000 0.023437500 0.015625000 0.023437500 0.015625000 0.011718750 0.000000000 0.039062500 0.027343750 0.007812500 0.023437500 0.027343750 0.031250000 0.019531250 0.003906250 0.023437500 0.015625000 0.011718750 0.027343750 0.019531250 0.050781250 0.031250000 0.003906250 0.007812500 0.011718750 0.003906250 0.015625000 0.046875000 0.039062500 0.023437500 0.011718750 0.015625000 0.011718750 0.019531250 0.023437500 0.035156250 0.019531250 0.011718750 0.035156250 0.019531250 0.007812500 0.015625000 0.023437500 0.019531250 0.039062500 0.031250000 0.019531250 0.007812500 0.011718750 0.015625000 0.031250000 0.023437500 0.031250000 0.011718750 0.011718750 0.007812500 0.003906250 0.015625000 0.007812500 0.003906250 0.011718750 0.011718750 0.015625000 0.011718750 0.015625000 0.019531250 0.011718750 0.007812500 0.003906250 0.015625000 0.019531250 0.015625000 0.019531250 0.015625000 0.015625000 0.015625000 0.003906250 0.007812500 0.007812500 0.000000000 0.007812500 0.007812500 0.019531250 0.023437500 0.003906250 0.015625000 0.011718750 0.003906250 0.007812500 0.007812500 0.015625000 0.019531250 0.015625000 0.011718750 0.011718750 0.007812500 0.011718750 0.007812500 0.003906250 0.003906250 0.019531250 0.007812500 0.007812500 0.015625000 0.011718750 0.019531250 0.003906250 0.003906250 0.007812500 0.003906250 0.015625000 0.019531250 0.003906250 0.019531250 0.007812500 0.007812500 0.003906250 0.011718750 0.019531250 0.007812500 0.011718750 0.011718750 0.011718750 0.007812500 0.011718750 0.011718750 0.003906250 0.015625000 0.007812500 0.007812500 0.019531250 0.027343750 0.015625000 0.003906250 0.015625000 0.027343750 0.015625000 0.023437500 0.035156250 0.019531250 0.015625000 0.011718750 0.023437500 0.019531250 0.011718750 0.019531250 0.027343750 0.003906250 0.011718750 0.007812500 0.007812500 0.003906250 0.011718750 0.011718750 0.015625000 0.011718750 0.000000000 0.019531250 0.011718750 0.003906250 0.015625000 0.011718750 0.007812500 0.011718750 0.007812500 0.011718750 0.003906250 0.007812500 0.011718750 0.011718750 0.011718750 0.007812500 0.011718750 0.007812500 0.011718750 0.003906250 0.011718750 0.003906250 0.023437500 0.007812500 0.011718750 0.007812500 0.003906250 0.003906250 0.007812500 0.011718750 0.007812500 0.015625000 0.007812500 0.011718750 0.007812500 0.007812500 0.003906250 0.011718750 0.011718750 
0.019531250 0.011718750 0.019531250 0.062500000 0.074218750 0.039062500 0.015625000 0.027343750 0.023437500 0.015625000 0.015625000 0.039062500 0.027343750 0.019531250 0.031250000 0.023437500 0.035156250 0.031250000 0.011718750 0.011718750 0.007812500 0.019531250 0.011718750 0.031250000 0.042968750 0.031250000 0.023437500 0.019531250 0.007812500 0.000000000 0.015625000 0.031250000 0.023437500 0.011718750 0.019531250 0.015625000 0.003906250 0.011718750 0.007812500 0.011718750 0.011718750 0.003906250 0.011718750 0.003906250 0.015625000 0.019531250 0.007812500 0.019531250 0.015625000 0.015625000 0.019531250 0.015625000 0.027343750 0.023437500 0.023437500 0.023437500 0.015625000 0.027343750 0.019531250 0.015625000 0.023437500 0.023437500 0.035156250 0.023437500 0.015625000 0.027343750 0.011718750 0.007812500 0.007812500 0.031250000 0.031250000 0.003906250 0.023437500 0.027343750 0.023437500 0.019531250 0.003906250 0.023437500 0.015625000 0.011718750 0.019531250 0.027343750 0.039062500 0.031250000 0.007812500 0.011718750 0.003906250 0.000000000 0.015625000 0.039062500 0.042968750 0.015625000 0.007812500 0.015625000 0.015625000 0.015625000 0.023437500 0.027343750 0.019531250 0.023437500 0.027343750 0.019531250 0.011718750 0.003906250 0.015625000 0.027343750 0.035156250 0.035156250 0.019531250 0.007812500 0.007812500 0.015625000 0.023437500 0.031250000 0.027343750 0.011718750 0.011718750 0.011718750 0.003906250 0.011718750 0.007812500 0.007812500 0.003906250 0.007812500 0.011718750 0.007812500 0.019531250 0.019531250 0.011718750 0.007812500 0.003906250 0.007812500 0.011718750 0.019531250 0.019531250 0.015625000 0.015625000 0.011718750 0.007812500 0.007812500 0.003906250 0.003906250 0.003906250 0.015625000 0.015625000 0.011718750 0.015625000 0.011718750 0.011718750 0.007812500 0.007812500 0.007812500 0.011718750 0.015625000 0.011718750 0.011718750 0.011718750 0.007812500 0.007812500 0.000000000 0.007812500 0.003906250 0.011718750 0.011718750 0.003906250 0.011718750 0.011718750 0.011718750 0.007812500 0.003906250 0.007812500 0.000000000 0.015625000 0.019531250 0.011718750 0.011718750 0.007812500 0.003906250 0.000000000 0.011718750 0.015625000 0.007812500 0.011718750 0.011718750 0.003906250 0.011718750 0.007812500 0.003906250 0.003906250 0.007812500 0.011718750 0.007812500 0.019531250 0.027343750 0.015625000 0.003906250 0.015625000 0.023437500 0.019531250 0.023437500 0.031250000 0.023437500 0.011718750 0.011718750 0.019531250 0.019531250 0.015625000 0.019531250 0.019531250 0.011718750 0.007812500 0.007812500 0.003906250 0.003906250 0.011718750 0.015625000 0.011718750 0.003906250 0.007812500 0.011718750 0.011718750 0.011718750 0.007812500 0.007812500 0.007812500 0.007812500 0.011718750 0.007812500 0.003906250 0.003906250 0.003906250 0.007812500 0.007812500 0.007812500 0.007812500 0.011718750 0.007812500 0.003906250 0.003906250 0.011718750 0.015625000 0.015625000 0.007812500 0.003906250 0.000000000 0.003906250 0.007812500 0.007812500 0.007812500 0.007812500 0.007812500 0.007812500 0.003906250 0.003906250 0.007812500 0.011718750 0.011718750 
0.000000000 0.015625000 0.031250000 0.039062500 0.042968750 0.042968750 0.035156250 0.023437500 0.011718750 0.007812500 0.015625000 0.019531250 0.023437500 0.023437500 0.027343750 0.027343750 0.027343750 0.023437500 0.019531250 0.011718750 0.000000000 0.011718750 0.023437500 0.031250000 0.031250000 0.031250000 0.027343750 0.019531250 0.011718750 0.007812500 0.015625000 0.019531250 0.019531250 0.019531250 0.015625000 0.011718750 0.007812500 0.003906250 0.003906250 0.003906250 0.007812500 0.003906250 0.003906250 0.003906250 0.007812500 0.011718750 0.015625000 0.019531250 0.019531250 0.011718750 0.007812500 0.003906250 0.011718750 0.019531250 0.027343750 0.027343750 0.023437500 0.015625000 0.003906250 0.007812500 0.015625000 0.023437500 0.027343750 0.027343750 0.023437500 0.015625000 0.007812500 0.011718750 0.015625000 0.019531250 0.019531250 0.015625000 0.015625000 0.019531250 0.019531250 0.019531250 0.015625000 0.011718750 0.003906250 0.011718750 0.019531250 0.027343750 0.027343750 0.027343750 0.023437500 0.011718750 0.003906250 0.011718750 0.019531250 0.023437500 0.023437500 0.019531250 0.015625000 0.007812500 0.003906250 0.000000000 0.003906250 0.007812500 0.007812500 0.007812500 0.011718750 0.011718750 0.011718750 0.011718750 0.007812500 0.011718750 0.011718750 0.015625000 0.019531250 0.019531250 0.015625000 0.011718750 0.011718750 0.011718750 0.015625000 0.015625000 0.015625000 0.011718750 0.007812500 0.003906250 0.000000000 0.003906250 0.003906250 0.003906250 0.003906250 0.007812500 0.011718750 0.011718750 0.011718750 0.011718750 0.007812500 0.003906250 0.007812500 0.011718750 0.011718750 0.015625000 0.011718750 0.007812500 0.003906250 0.003906250 0.003906250 0.007812500 0.007812500 0.003906250 0.000000000 0.003906250 0.003906250 0.007812500 0.007812500 0.003906250 0.003906250 0.003906250 0.007812500 0.007812500 0.007812500 0.007812500 0.003906250 0.003906250 0.003906250 0.003906250 0.007812500 0.007812500 0.003906250 0.003906250 0.003906250 0.007812500 0.007812500 0.007812500 0.007812500 0.000000000 0.003906250 0.007812500 0.011718750 0.015625000 0.015625000 0.011718750 0.007812500 0.003906250 0.003906250 0.007812500 0.011718750 0.011718750 0.011718750 0.007812500 0.007812500 0.007812500 0.007812500 0.007812500 0.007812500 0.003906250 0.003906250 0.007812500 0.007812500 0.011718750 0.011718750 0.011718750 0.007812500 0.003906250 0.000000000 0.003906250 0.007812500 0.007812500 0.007812500 0.007812500 0.003906250 0.003906250 0.003906250 0.003906250 0.003906250 0.003906250 0.003906250 0.000000000 0.000000000 0.003906250 0.003906250 0.003906250 0.007812500 0.003906250 0.003906250 0.003906250 0.003906250 0.003906250 0.000000000 0.000000000 0.003906250 0.003906250 0.003906250 0.003906250 0.003906250 0.007812500 0.007812500 0.007812500 0.003906250 0.003906250 0.003906250 0.003906250 0.007812500 0.007812500 0.007812500 0.007812500 0.007812500 0.007812500 0.007812500 0.003906250 0.003906250 0.007812500 0.007812500 0.007812500 0.007812500 0.007812500 0.007812500 0.007812500 0.007812500 0.007812500 0.007812500 0.007812500 0.007812500 
0.003906250 0.003906250 0.003906250 0.003906250 0.003906250 0.003906250 0.003906250 0.003906250 0.003906250 0.003906250 0.003906250 0.003906250 0.003906250 0.003906250 0.003906250 0.003906250 0.003906250 0.003906250 0.003906250 0.003906250 0.003906250 0.003906250 0.003906250 0.003906250 0.003906250 0.003906250 0.003906250 0.003906250 0.003906250 0.003906250 0.003906250 0.003906250 0.003906250 0.003906250 0.003906250 0.003906250 0.003906250 0.003906250 0.003906250 0.003906250 0.003906250 0.003906250 0.003906250 0.003906250 0.003906250 0.003906250 0.003906250 0.003906250 0.003906250 0.003906250 0.003906250 0.003906250 0.003906250 0.003906250 0.003906250 0.003906250 0.003906250 0.003906250 0.003906250 0.003906250 0.003906250 0.003906250 0.003906250 0.003906250 0.003906250 0.003906250 0.003906250 0.003906250 0.003906250 0.003906250 0.003906250 0.003906250 0.003906250 0.003906250 0.003906250 0.003906250 0.003906250 0.003906250 0.003906250 0.003906250 0.003906250 0.003906250 0.003906250 0.003906250 0.003906250 0.003906250 0.003906250 0.003906250 0.003906250 0.003906250 0.003906250 0.003906250 0.003906250 0.003906250 0.003906250 0.003906250 0.003906250 0.003906250 0.003906250 0.003906250 0.003906250 0.003906250 0.003906250 0.003906250 0.003906250 0.003906250 0.003906250 0.003906250 0.003906250 0.003906250 0.003906250 0.003906250 0.003906250 0.003906250 0.003906250 0.003906250 0.003906250 0.003906250 0.003906250 0.003906250 0.003906250 0.003906250 0.003906250 0.003906250 0.003906250 0.003906250 0.003906250 0.003906250 0.003906250 0.003906250 0.003906250 0.003906250 0.003906250 0.003906250 0.003906250 0.003906250 0.003906250 0.003906250 0.003906250 0.003906250 0.003906250 0.003906250 0.003906250 0.003906250 0.003906250 0.003906250 0.003906250 0.003906250 0.003906250 0.003906250 0.003906250 0.003906250 0.003906250 0.003906250 0.003906250 0.003906250 0.003906250 0.003906250 0.003906250 0.003906250 0.003906250 0.003906250 0.003906250 0.003906250 0.003906250 0.003906250 0.003906250 0.003906250 0.003906250 0.003906250 0.003906250 0.003906250 0.003906250 0.003906250 0.003906250 0.003906250 0.003906250 0.003906250 0.003906250 0.003906250 0.003906250 0.003906250 0.003906250 0.003906250 0.003906250 0.003906250 0.003906250 0.003906250 0.003906250 0.003906250 0.003906250 0.003906250 0.003906250 0.003906250 0.003906250 0.003906250 0.003906250 0.003906250 0.003906250 0.003906250 0.003906250 0.003906250 0.003906250 0.003906250 0.003906250 0.003906250 0.003906250 0.003906250 0.003906250 0.003906250 0.003906250 0.003906250 0.003906250 0.003906250 0.003906250 0.003906250 0.003906250 0.003906250 0.003906250 0.003906250 0.003906250 0.003906250 0.003906250 0.003906250 0.003906250 0.003906250 0.003906250 0.003906250 0.003906250 0.003906250 0.003906250 0.003906250 0.003906250 0.003906250 0.003906250 0.003906250 0.003906250 0.003906250 0.003906250 0.003906250 0.003906250 0.003906250 0.003906250 0.003906250 0.003906250 0.003906250 0.003906250 0.003906250 0.003906250 0.003906250 0.003906250 0.003906250 0.003906250 0.003906250 0.003906250 0.003906250 0.003906250 
0.035156250 0.042968750 0.039062500 0.035156250 0.042968750 0.031250000 0.039062500 0.035156250 0.031250000 0.035156250 0.027343750 0.031250000 0.027343750 0.027343750 0.031250000 0.023437500 0.027343750 0.023437500 0.019531250 0.023437500 0.015625000 0.019531250 0.019531250 0.015625000 0.019531250 0.015625000 0.015625000 0.019531250 0.011718750 0.019531250 0.015625000 0.011718750 0.015625000 0.007812500 0.011718750 0.011718750 0.007812500 0.011718750 0.003906250 0.007812500 0.003906250 0.003906250 0.003906250 0.003906250 0.003906250 0.003906250 0.011718750 0.003906250 0.011718750 0.011718750 0.011718750 0.015625000 0.011718750 0.019531250 0.015625000 0.015625000 0.019531250 0.015625000 0.023437500 0.015625000 0.019531250 0.023437500 0.015625000 0.019531250 0.015625000 0.015625000 0.019531250 0.011718750 0.019531250 0.015625000 0.011718750 0.015625000 0.007812500 0.015625000 0.011718750 0.007812500 0.015625000 0.007812500 0.011718750 0.011718750 0.007812500 0.015625000 0.007812500 0.011718750 0.015625000 0.007812500 0.015625000 0.011718750 0.011718750 0.015625000 0.007812500 0.015625000 0.007812500 0.011718750 0.011718750 0.007812500 0.011718750 0.007812500 0.011718750 0.007812500 0.007812500 0.011718750 0.003906250 0.011718750 0.007812500 0.007812500 0.007812500 0.003906250 0.011718750 0.003906250 0.007812500 0.007812500 0.003906250 0.007812500 0.000000000 0.007812500 0.003906250 0.003906250 0.007812500 0.003906250 0.003906250 0.003906250 0.003906250 0.003906250 0.007812500 0.003906250 0.007812500 0.007812500 0.003906250 0.011718750 0.003906250 0.007812500 0.007812500 0.007812500 0.011718750 0.003906250 0.011718750 0.007812500 0.007812500 0.011718750 0.003906250 0.011718750 0.007812500 0.003906250 0.007812500 0.003906250 0.007812500 0.007812500 0.000000000 0.007812500 0.003906250 0.003906250 0.007812500 0.003906250 0.007812500 0.007812500 0.003906250 0.011718750 0.007812500 0.011718750 0.011718750 0.007812500 0.015625000 0.007812500 0.011718750 0.015625000 0.007812500 0.015625000 0.007812500 0.011718750 0.011718750 0.007812500 0.011718750 0.007812500 0.011718750 0.011718750 0.003906250 0.011718750 0.003906250 0.007812500 0.007812500 0.003906250 0.007812500 0.000000000 0.007812500 0.003906250 0.003906250 0.003906250 0.003906250 0.003906250 0.003906250 0.003906250 0.003906250 0.003906250 0.003906250 0.003906250 0.003906250 0.003906250 0.003906250 0.003906250 0.007812500 0.000000000 0.007812500 0.003906250 0.003906250 0.007812500 0.000000000 0.007812500 0.003906250 0.007812500 0.007812500 0.003906250 0.011718750 0.003906250 0.011718750 0.007812500 0.003906250 0.011718750 0.003906250 0.011718750 0.007812500 0.003906250 0.007812500 0.000000000 0.007812500 0.003906250 0.003906250 0.007812500 0.003906250 0.007812500 0.000000000 0.007812500 0.003906250 0.007812500 0.003906250 0.003906250 0.007812500 0.000000000 0.007812500 0.003906250 0.007812500 0.007812500 0.003906250 0.011718750 0.003906250 0.007812500 0.007812500 0.003906250 0.007812500 0.003906250 0.007812500 0.003906250 0.003906250 0.007812500 0.003906250 0.003906250 0.003906250 
0.031250000 0.046875000 0.039062500 0.035156250 0.042968750 0.031250000 0.039062500 0.035156250 0.027343750 0.039062500 0.027343750 0.031250000 0.031250000 0.023437500 0.035156250 0.019531250 0.023437500 0.027343750 0.015625000 0.027343750 0.015625000 0.015625000 0.023437500 0.011718750 0.023437500 0.015625000 0.011718750 0.023437500 0.007812500 0.019531250 0.015625000 0.007812500 0.019531250 0.007812500 0.011718750 0.011718750 0.003906250 0.011718750 0.003906250 0.003906250 0.007812500 0.007812500 0.003906250 0.003906250 0.007812500 0.003906250 0.011718750 0.007812500 0.011718750 0.015625000 0.011718750 0.015625000 0.015625000 0.015625000 0.019531250 0.019531250 0.019531250 0.019531250 0.019531250 0.019531250 0.019531250 0.019531250 0.019531250 0.019531250 0.015625000 0.019531250 0.015625000 0.015625000 0.019531250 0.011718750 0.015625000 0.011718750 0.011718750 0.015625000 0.011718750 0.011718750 0.011718750 0.011718750 0.015625000 0.011718750 0.011718750 0.015625000 0.011718750 0.015625000 0.011718750 0.011718750 0.015625000 0.007812500 0.015625000 0.011718750 0.007812500 0.019531250 0.003906250 0.015625000 0.011718750 0.003906250 0.015625000 0.003906250 0.011718750 0.011718750 0.003906250 0.015625000 0.003906250 0.007812500 0.011718750 0.007812500 0.007812500 0.007812500 0.007812500 0.007812500 0.011718750 0.003906250 0.003906250 0.007812500 0.003906250 0.011718750 0.000000000 0.000000000 0.007812500 0.007812500 0.007812500 0.000000000 0.003906250 0.007812500 0.007812500 0.000000000 0.003906250 0.011718750 0.003906250 0.011718750 0.007812500 0.007812500 0.011718750 0.007812500 0.011718750 0.007812500 0.007812500 0.011718750 0.011718750 0.007812500 0.007812500 0.011718750 0.007812500 0.007812500 0.003906250 0.007812500 0.007812500 0.007812500 0.003906250 0.003906250 0.007812500 0.007812500 0.007812500 0.003906250 0.003906250 0.011718750 0.003906250 0.011718750 0.011718750 0.007812500 0.015625000 0.007812500 0.011718750 0.011718750 0.011718750 0.015625000 0.011718750 0.011718750 0.011718750 0.011718750 0.011718750 0.011718750 0.011718750 0.007812500 0.015625000 0.007812500 0.007812500 0.011718750 0.003906250 0.011718750 0.003906250 0.003906250 0.011718750 0.003906250 0.007812500 0.003906250 0.003906250 0.007812500 0.007812500 0.003906250 0.000000000 0.007812500 0.007812500 0.007812500 0.000000000 0.003906250 0.007812500 0.007812500 0.003906250 0.000000000 0.007812500 0.003906250 0.007812500 0.000000000 0.000000000 0.011718750 0.003906250 0.011718750 0.007812500 0.003906250 0.011718750 0.007812500 0.007812500 0.007812500 0.007812500 0.011718750 0.007812500 0.007812500 0.007812500 0.011718750 0.007812500 0.007812500 0.007812500 0.003906250 0.011718750 0.003906250 0.003906250 0.007812500 0.003906250 0.007812500 0.003906250 0.003906250 0.003906250 0.011718750 0.003906250 0.007812500 0.007812500 0.003906250 0.011718750 0.000000000 0.007812500 0.011718750 0.003906250 0.011718750 0.003906250 0.003906250 0.011718750 0.003906250 0.007812500 0.003906250 0.003906250 0.007812500 0.007812500 0.003906250 0.003906250 0.007812500 0.007812500 
0.042968750 0.027343750 0.082031250 0.023437500 0.101562500 0.039062500 0.058593750 0.039062500 0.039062500 0.007812500 0.074218750 0.046875000 0.074218750 0.058593750 0.023437500 0.031250000 0.031250000 0.027343750 0.046875000 0.066406250 0.035156250 0.054687500 0.003906250 0.019531250 0.015625000 0.042968750 0.023437500 0.058593750 0.023437500 0.031250000 0.015625000 0.015625000 0.000000000 0.035156250 0.023437500 0.035156250 0.019531250 0.011718750 0.007812500 0.007812500 0.007812500 0.019531250 0.019531250 0.019531250 0.003906250 0.007812500 0.007812500 0.011718750 0.007812500 0.023437500 0.003906250 0.019531250 0.015625000 0.011718750 0.019531250 0.019531250 0.011718750 0.027343750 0.015625000 0.015625000 0.027343750 0.011718750 0.023437500 0.019531250 0.019531250 0.015625000 0.019531250 0.011718750 0.019531250 0.011718750 0.019531250 0.003906250 0.019531250 0.007812500 0.011718750 0.019531250 0.007812500 0.011718750 0.015625000 0.011718750 0.011718750 0.015625000 0.007812500 0.019531250 0.007812500 0.015625000 0.011718750 0.015625000 0.007812500 0.015625000 0.015625000 0.011718750 0.007812500 0.019531250 0.003906250 0.015625000 0.015625000 0.011718750 0.019531250 0.003906250 0.007812500 0.015625000 0.003906250 0.015625000 0.019531250 0.015625000 0.019531250 0.000000000 0.011718750 0.015625000 0.003906250 0.015625000 0.019531250 0.019531250 0.015625000 0.003906250 0.011718750 0.011718750 0.007812500 0.015625000 0.023437500 0.019531250 0.011718750 0.007812500 0.011718750 0.007812500 0.011718750 0.019531250 0.015625000 0.019531250 0.003906250 0.007812500 0.019531250 0.000000000 0.011718750 0.019531250 0.007812500 0.019531250 0.007812500 0.003906250 0.019531250 0.003906250 0.003906250 0.015625000 0.003906250 0.007812500 0.007812500 0.007812500 0.011718750 0.007812500 0.000000000 0.007812500 0.007812500 0.007812500 0.000000000 0.015625000 0.003906250 0.015625000 0.007812500 0.011718750 0.011718750 0.015625000 0.003906250 0.019531250 0.000000000 0.019531250 0.007812500 0.015625000 0.015625000 0.015625000 0.007812500 0.019531250 0.000000000 0.019531250 0.007812500 0.011718750 0.015625000 0.011718750 0.003906250 0.011718750 0.003906250 0.011718750 0.003906250 0.011718750 0.011718750 0.007812500 0.003906250 0.007812500 0.007812500 0.007812500 0.003906250 0.007812500 0.007812500 0.007812500 0.003906250 0.003906250 0.011718750 0.007812500 0.003906250 0.003906250 0.007812500 0.003906250 0.003906250 0.011718750 0.011718750 0.011718750 0.007812500 0.000000000 0.011718750 0.003906250 0.003906250 0.015625000 0.011718750 0.019531250 0.011718750 0.003906250 0.011718750 0.007812500 0.003906250 0.019531250 0.015625000 0.019531250 0.011718750 0.000000000 0.007812500 0.007812500 0.007812500 0.019531250 0.015625000 0.015625000 0.003906250 0.003906250 0.007812500 0.007812500 0.011718750 0.019531250 0.015625000 0.015625000 0.003906250 0.003906250 0.007812500 0.007812500 0.011718750 0.019531250 0.007812500 0.007812500 0.007812500 0.000000000 0.007812500 0.011718750 0.007812500 0.011718750 0.003906250 0.003906250 0.007812500 0.007812500 0.003906250 
0.003906250 0.023437500 0.042968750 0.062500000 0.066406250 0.054687500 0.035156250 0.015625000 0.007812500 0.027343750 0.046875000 0.058593750 0.058593750 0.046875000 0.027343750 0.007812500 0.011718750 0.027343750 0.046875000 0.054687500 0.050781250 0.035156250 0.019531250 0.003906250 0.011718750 0.027343750 0.039062500 0.042968750 0.035156250 0.023437500 0.007812500 0.000000000 0.011718750 0.023437500 0.031250000 0.031250000 0.019531250 0.011718750 0.003906250 0.000000000 0.011718750 0.019531250 0.019531250 0.015625000 0.007812500 0.003906250 0.003906250 0.003906250 0.007812500 0.011718750 0.011718750 0.003906250 0.003906250 0.003906250 0.003906250 0.003906250 0.007812500 0.007812500 0.003906250 0.003906250 0.007812500 0.007812500 0.003906250 0.007812500 0.007812500 0.007812500 0.003906250 0.007812500 0.007812500 0.007812500 0.003906250 0.007812500 0.007812500 0.003906250 0.007812500 0.007812500 0.007812500 0.003906250 0.007812500 0.007812500 0.003906250 0.003906250 0.007812500 0.007812500 0.003906250 0.007812500 0.007812500 0.007812500 0.003906250 0.007812500 0.011718750 0.003906250 0.003906250 0.007812500 0.007812500 0.007812500 0.011718750 0.015625000 0.011718750 0.003906250 0.007812500 0.011718750 0.007812500 0.007812500 0.015625000 0.019531250 0.011718750 0.003906250 0.007812500 0.011718750 0.007812500 0.011718750 0.019531250 0.019531250 0.011718750 0.007812500 0.011718750 0.011718750 0.007812500 0.015625000 0.019531250 0.019531250 0.011718750 0.007812500 0.011718750 0.007812500 0.007812500 0.015625000 0.019531250 0.015625000 0.007812500 0.007812500 0.011718750 0.007812500 0.007812500 0.015625000 0.015625000 0.011718750 0.003906250 0.011718750 0.011718750 0.007812500 0.003906250 0.011718750 0.011718750 0.003906250 0.003906250 0.011718750 0.011718750 0.007812500 0.003906250 0.007812500 0.007812500 0.003906250 0.003906250 0.007812500 0.011718750 0.007812500 0.003906250 0.003906250 0.007812500 0.007812500 0.007812500 0.007812500 0.011718750 0.007812500 0.007812500 0.007812500 0.011718750 0.007812500 0.007812500 0.007812500 0.011718750 0.007812500 0.007812500 0.007812500 0.011718750 0.007812500 0.007812500 0.007812500 0.007812500 0.007812500 0.007812500 0.007812500 0.011718750 0.007812500 0.003906250 0.007812500 0.007812500 0.007812500 0.003906250 0.007812500 0.007812500 0.007812500 0.003906250 0.007812500 0.007812500 0.007812500 0.003906250 0.003906250 0.007812500 0.003906250 0.003906250 0.007812500 0.011718750 0.011718750 0.003906250 0.003906250 0.007812500 0.003906250 0.003906250 0.011718750 0.015625000 0.011718750 0.007812500 0.003906250 0.003906250 0.000000000 0.007812500 0.015625000 0.019531250 0.015625000 0.007812500 0.003906250 0.003906250 0.000000000 0.011718750 0.019531250 0.019531250 0.011718750 0.007812500 0.003906250 0.003906250 0.003906250 0.011718750 0.019531250 0.015625000 0.007812500 0.003906250 0.003906250 0.003906250 0.007812500 0.011718750 0.015625000 0.011718750 0.003906250 0.003906250 0.003906250 0.003906250 0.007812500 0.011718750 0.011718750 0.003906250 0.003906250 0.007812500 0.007812500 0.003906250 
0.000000000 0.023437500 0.046875000 0.058593750 0.070312500 0.050781250 0.039062500 0.015625000 0.003906250 0.027343750 0.046875000 0.058593750 0.062500000 0.042968750 0.031250000 0.003906250 0.007812500 0.031250000 0.042968750 0.054687500 0.050781250 0.031250000 0.019531250 0.000000000 0.007812500 0.031250000 0.035156250 0.046875000 0.035156250 0.023437500 0.011718750 0.003906250 0.011718750 0.027343750 0.027343750 0.035156250 0.019531250 0.011718750 0.003906250 0.003906250 0.011718750 0.019531250 0.019531250 0.019531250 0.003906250 0.007812500 0.003906250 0.003906250 0.011718750 0.011718750 0.011718750 0.007812500 0.007812500 0.003906250 0.003906250 0.007812500 0.011718750 0.003906250 0.007812500 0.003906250 0.011718750 0.003906250 0.003906250 0.011718750 0.007812500 0.007812500 0.003906250 0.011718750 0.011718750 0.003906250 0.007812500 0.011718750 0.003906250 0.007812500 0.003906250 0.011718750 0.007812500 0.003906250 0.011718750 0.011718750 0.003906250 0.007812500 0.007812500 0.011718750 0.003906250 0.003906250 0.011718750 0.003906250 0.007812500 0.003906250 0.011718750 0.007812500 0.003906250 0.007812500 0.011718750 0.003906250 0.011718750 0.011718750 0.015625000 0.000000000 0.007812500 0.007812500 0.011718750 0.007812500 0.015625000 0.015625000 0.015625000 0.003906250 0.007812500 0.011718750 0.007812500 0.015625000 0.019531250 0.019531250 0.015625000 0.007812500 0.007812500 0.011718750 0.003906250 0.019531250 0.019531250 0.023437500 0.007812500 0.011718750 0.007812500 0.011718750 0.003906250 0.019531250 0.015625000 0.019531250 0.003906250 0.011718750 0.007812500 0.011718750 0.007812500 0.015625000 0.011718750 0.015625000 0.003906250 0.011718750 0.007812500 0.011718750 0.007812500 0.011718750 0.007812500 0.007812500 0.007812500 0.011718750 0.007812500 0.007812500 0.003906250 0.007812500 0.003906250 0.007812500 0.007812500 0.007812500 0.011718750 0.011718750 0.003906250 0.007812500 0.003906250 0.007812500 0.011718750 0.007812500 0.011718750 0.011718750 0.003906250 0.011718750 0.007812500 0.011718750 0.007812500 0.003906250 0.011718750 0.011718750 0.007812500 0.011718750 0.007812500 0.011718750 0.007812500 0.003906250 0.011718750 0.007812500 0.007812500 0.011718750 0.007812500 0.011718750 0.007812500 0.003906250 0.011718750 0.007812500 0.007812500 0.007812500 0.007812500 0.011718750 0.003906250 0.003906250 0.011718750 0.007812500 0.003906250 0.003906250 0.007812500 0.007812500 0.003906250 0.003906250 0.015625000 0.011718750 0.003906250 0.003906250 0.007812500 0.007812500 0.007812500 0.007812500 0.019531250 0.015625000 0.007812500 0.003906250 0.007812500 0.003906250 0.011718750 0.011718750 0.023437500 0.011718750 0.007812500 0.003906250 0.007812500 0.003906250 0.011718750 0.015625000 0.023437500 0.011718750 0.007812500 0.000000000 0.007812500 0.007812500 0.015625000 0.015625000 0.019531250 0.007812500 0.007812500 0.003906250 0.003906250 0.007812500 0.011718750 0.015625000 0.015625000 0.000000000 0.000000000 0.007812500 0.003906250 0.011718750 0.007812500 0.011718750 0.007812500 0.007812500 0.003906250 0.011718750 0.000000000 
0.003906250 0.011718750 0.007812500 0.007812500 0.011718750 0.003906250 0.011718750 0.003906250 0.007812500 0.007812500 0.003906250 0.011718750 0.003906250 0.011718750 0.007812500 0.007812500 0.011718750 0.003906250 0.011718750 0.007812500 0.007812500 0.011718750 0.003906250 0.011718750 0.007812500 0.007812500 0.011718750 0.003906250 0.011718750 0.003906250 0.011718750 0.007812500 0.007812500 0.011718750 0.003906250 0.011718750 0.007812500 0.007812500 0.011718750 0.003906250 0.011718750 0.007812500 0.007812500 0.011718750 0.003906250 0.011718750 0.003906250 0.011718750 0.007812500 0.007812500 0.011718750 0.003906250 0.011718750 0.007812500 0.007812500 0.011718750 0.003906250 0.011718750 0.007812500 0.007812500 0.011718750 0.003906250 0.011718750 0.003906250 0.007812500 0.007812500 0.003906250 0.011718750 0.003906250 0.011718750 0.007812500 0.007812500 0.011718750 0.003906250 0.011718750 0.007812500 0.007812500 0.007812500 0.003906250 0.011718750 0.003906250 0.007812500 0.007812500 0.003906250 0.011718750 0.003906250 0.007812500 0.007812500 0.007812500 0.011718750 0.003906250 0.011718750 0.007812500 0.007812500 0.007812500 0.003906250 0.011718750 0.003906250 0.007812500 0.007812500 0.003906250 0.011718750 0.003906250 0.007812500 0.007812500 0.003906250 0.011718750 0.003906250 0.007812500 0.003906250 0.007812500 0.007812500 0.003906250 0.011718750 0.003906250 0.007812500 0.007812500 0.003906250 0.007812500 0.003906250 0.007812500 0.007812500 0.003906250 0.007812500 0.000000000 0.007812500 0.003906250 0.007812500 0.007812500 0.000000000 0.007812500 0.003906250 0.007812500 0.007812500 0.003906250 0.007812500 0.003906250 0.007812500 0.007812500 0.003906250 0.007812500 0.000000000 0.007812500 0.003906250 0.003906250 0.007812500 0.000000000 0.007812500 0.003906250 0.007812500 0.007812500 0.003906250 0.007812500 0.003906250 0.007812500 0.007812500 0.003906250 0.007812500 0.000000000 0.007812500 0.003906250 0.003906250 0.007812500 0.000000000 0.007812500 0.003906250 0.003906250 0.007812500 0.000000000 0.007812500 0.003906250 0.007812500 0.007812500 0.003906250 0.007812500 0.000000000 0.007812500 0.003906250 0.003906250 0.007812500 0.000000000 0.007812500 0.003906250 0.003906250 0.007812500 0.000000000 0.007812500 0.003906250 0.003906250 0.003906250 0.003906250 0.007812500 0.000000000 0.007812500 0.003906250 0.003906250 0.007812500 0.000000000 0.007812500 0.003906250 0.003906250 0.007812500 0.000000000 0.007812500 0.003906250 0.003906250 0.003906250 0.003906250 0.007812500 0.003906250 0.003906250 0.003906250 0.003906250 0.003906250 0.000000000 0.003906250 0.003906250 0.003906250 0.003906250 0.003906250 0.003906250 0.003906250 0.003906250 0.003906250 0.003906250 0.003906250 0.003906250 0.003906250 0.003906250 0.003906250 0.003906250 0.003906250 0.003906250 0.003906250 0.003906250 0.003906250 0.003906250 0.003906250 0.003906250 0.003906250 0.003906250 0.003906250 0.003906250 0.003906250 0.003906250 0.003906250 0.003906250 0.003906250 0.003906250 0.003906250 0.003906250 0.003906250 0.003906250 0.003906250 0.003906250 0.003906250 0.003906250 
0.003906250 0.011718750 0.007812500 0.007812500 0.011718750 0.003906250 0.011718750 0.003906250 0.007812500 0.007812500 0.003906250 0.011718750 0.003906250 0.011718750 0.007812500 0.007812500 0.011718750 0.003906250 0.011718750 0.007812500 0.007812500 0.011718750 0.003906250 0.011718750 0.007812500 0.007812500 0.011718750 0.003906250 0.011718750 0.003906250 0.011718750 0.007812500 0.007812500 0.011718750 0.003906250 0.011718750 0.007812500 0.007812500 0.011718750 0.003906250 0.011718750 0.007812500 0.007812500 0.011718750 0.003906250 0.011718750 0.003906250 0.011718750 0.007812500 0.007812500 0.011718750 0.003906250 0.011718750 0.007812500 0.007812500 0.011718750 0.003906250 0.011718750 0.007812500 0.007812500 0.011718750 0.003906250 0.011718750 0.003906250 0.007812500 0.007812500 0.003906250 0.011718750 0.003906250 0.011718750 0.007812500 0.007812500 0.011718750 0.003906250 0.011718750 0.007812500 0.007812500 0.007812500 0.003906250 0.011718750 0.003906250 0.007812500 0.007812500 0.003906250 0.011718750 0.003906250 0.007812500 0.007812500 0.007812500 0.011718750 0.003906250 0.011718750 0.007812500 0.007812500 0.007812500 0.003906250 0.011718750 0.003906250 0.007812500 0.007812500 0.003906250 0.011718750 0.003906250 0.007812500 0.007812500 0.003906250 0.011718750 0.003906250 0.007812500 0.003906250 0.007812500 0.007812500 0.003906250 0.011718750 0.003906250 0.007812500 0.007812500 0.003906250 0.007812500 0.003906250 0.007812500 0.007812500 0.003906250 0.007812500 0.000000000 0.007812500 0.003906250 0.007812500 0.007812500 0.000000000 0.007812500 0.003906250 0.007812500 0.007812500 0.003906250 0.007812500 0.003906250 0.007812500 0.007812500 0.003906250 0.007812500 0.000000000 0.007812500 0.003906250 0.003906250 0.007812500 0.000000000 0.007812500 0.003906250 0.007812500 0.007812500 0.003906250 0.007812500 0.003906250 0.007812500 0.007812500 0.003906250 0.007812500 0.000000000 0.007812500 0.003906250 0.003906250 0.007812500 0.000000000 0.007812500 0.003906250 0.003906250 0.007812500 0.000000000 0.007812500 0.003906250 0.007812500 0.007812500 0.003906250 0.007812500 0.000000000 0.007812500 0.003906250 0.003906250 0.007812500 0.000000000 0.007812500 0.003906250 0.003906250 0.007812500 0.000000000 0.007812500 0.003906250 0.003906250 0.003906250 0.003906250 0.007812500 0.000000000 0.007812500 0.003906250 0.003906250 0.007812500 0.000000000 0.007812500 0.003906250 0.003906250 0.007812500 0.000000000 0.007812500 0.003906250 0.003906250 0.003906250 0.003906250 0.007812500 0.003906250 0.003906250 0.003906250 0.003906250 0.003906250 0.000000000 0.003906250 0.003906250 0.003906250 0.003906250 0.003906250 0.003906250 0.003906250 0.003906250 0.003906250 0.003906250 0.003906250 0.003906250 0.003906250 0.003906250 0.003906250 0.003906250 0.003906250 0.003906250 0.003906250 0.003906250 0.003906250 0.003906250 0.003906250 0.003906250 0.003906250 0.003906250 0.003906250 0.003906250 0.003906250 0.003906250 0.003906250 0.003906250 0.003906250 0.003906250 0.003906250 0.003906250 0.003906250 0.003906250 0.003906250 0.003906250 0.003906250 0.003906250 
0.007812500 0.007812500 0.007812500 0.007812500 0.007812500 0.007812500 0.007812500 0.007812500 0.007812500 0.007812500 0.007812500 0.007812500 0.007812500 0.007812500 0.007812500 0.007812500 0.007812500 0.007812500 0.007812500 0.007812500 0.007812500 0.007812500 0.007812500 0.007812500 0.007812500 0.007812500 0.007812500 0.007812500 0.007812500 0.007812500 0.007812500 0.007812500 0.007812500 0.007812500 0.007812500 0.007812500 0.007812500 0.007812500 0.007812500 0.007812500 0.007812500 0.007812500 0.007812500 0.007812500 0.007812500 0.007812500 0.007812500 0.007812500 0.007812500 0.007812500 0.007812500 0.007812500 0.007812500 0.007812500 0.007812500 0.007812500 0.007812500 0.007812500 0.007812500 0.007812500 0.007812500 0.007812500 0.007812500 0.007812500 0.007812500 0.007812500 0.007812500 0.007812500 0.007812500 0.007812500 0.007812500 0.007812500 0.007812500 0.007812500 0.007812500 0.007812500 0.007812500 0.007812500 0.007812500 0.007812500 0.007812500 0.007812500 0.007812500 0.007812500 0.007812500 0.007812500 0.007812500 0.007812500 0.007812500 0.007812500 0.007812500 0.007812500 0.007812500 0.007812500 0.007812500 0.007812500 0.007812500 0.007812500 0.007812500 0.007812500 0.007812500 0.007812500 0.007812500 0.007812500 0.007812500 0.007812500 0.007812500 0.007812500 0.007812500 0.007812500 0.007812500 0.007812500 0.007812500 0.007812500 0.007812500 0.007812500 0.007812500 0.007812500 0.003906250 0.003906250 0.003906250 0.003906250 0.003906250 0.003906250 0.003906250 0.003906250 0.003906250 0.003906250 0.003906250 0.003906250 0.003906250 0.003906250 0.003906250 0.003906250 0.003906250 0.003906250 0.003906250 0.003906250 0.003906250 0.003906250 0.003906250 0.003906250 0.003906250 0.003906250 0.003906250 0.003906250 0.003906250 0.003906250 0.003906250 0.003906250 0.003906250 0.003906250 0.003906250 0.003906250 0.003906250 0.003906250 0.003906250 0.003906250 0.003906250 0.003906250 0.003906250 0.003906250 0.003906250 0.003906250 0.003906250 0.003906250 0.003906250 0.003906250 0.003906250 0.003906250 0.003906250 0.003906250 0.003906250 0.003906250 0.003906250 0.003906250 0.003906250 0.003906250 0.003906250 0.003906250 0.003906250 0.003906250 0.003906250 0.003906250 0.003906250 0.003906250 0.003906250 0.003906250 0.003906250 0.003906250 0.003906250 0.003906250 0.003906250 0.003906250 0.003906250 0.003906250 0.003906250 0.003906250 0.003906250 0.003906250 0.003906250 0.003906250 0.003906250 0.003906250 0.003906250 0.003906250 0.003906250 0.003906250 0.003906250 0.003906250 0.003906250 0.003906250 0.003906250 0.003906250 0.003906250 0.000000000 0.000000000 0.000000000 0.000000000 0.000000000 0.000000000 0.000000000 0.000000000 0.000000000 0.000000000 0.000000000 0.000000000 0.000000000 0.000000000 0.000000000 0.000000000 0.000000000 0.000000000 0.000000000 0.000000000 0.000000000 0.000000000 0.000000000 0.000000000 0.000000000 0.000000000 0.000000000 0.000000000 0.000000000 0.000000000 0.000000000 0.000000000 0.000000000 0.000000000 0.000000000 0.000000000 0.000000000 0.000000000 0.000000000 0.000000000 0.000000000 0.000000000 
0.000000000 0.000000000 0.000000000 0.000000000 0.000000000 0.000000000 0.000000000 0.000000000 0.000000000 0.000000000 0.000000000 0.000000000 0.000000000 0.000000000 0.000000000 0.000000000 0.000000000 0.000000000 0.000000000 0.000000000 0.000000000 0.000000000 0.000000000 0.000000000 0.000000000 0.000000000 0.000000000 0.000000000 0.000000000 0.000000000 0.000000000 0.000000000 0.000000000 0.000000000 0.000000000 0.000000000 0.000000000 0.000000000 0.000000000 0.000000000 0.000000000 0.000000000 0.000000000 0.000000000 0.000000000 0.000000000 0.000000000 0.000000000 0.000000000 0.000000000 0.000000000 0.000000000 0.000000000 0.000000000 0.000000000 0.000000000 0.000000000 0.000000000 0.000000000 0.000000000 0.000000000 0.000000000 0.000000000 0.000000000 0.000000000 0.000000000 0.000000000 0.000000000 0.000000000 0.000000000 0.000000000 0.000000000 0.000000000 0.000000000 0.000000000 0.000000000 0.000000000 0.000000000 0.000000000 0.000000000 0.000000000 0.000000000 0.000000000 0.000000000 0.000000000 0.000000000 0.000000000 0.000000000 0.000000000 0.000000000 0.000000000 0.000000000 0.000000000 0.000000000 0.000000000 0.000000000 0.000000000 0.000000000 0.000000000 0.000000000 0.000000000 0.000000000 0.000000000 0.000000000 0.000000000 0.000000000 0.000000000 0.000000000 0.000000000 0.000000000 0.000000000 0.000000000 0.000000000 0.000000000 0.000000000 0.000000000 0.000000000 0.000000000 0.000000000 0.000000000 0.000000000 0.000000000 0.000000000 0.000000000 0.000000000 0.000000000 0.000000000 0.000000000 0.000000000 0.000000000 0.000000000 0.000000000 0.000000000 0.000000000 0.000000000 0.000000000 0.000000000 0.000000000 0.000000000 0.000000000 0.000000000 0.000000000 0.000000000 0.000000000 0.000000000 0.000000000 0.000000000 0.000000000 0.000000000 0.000000000 0.000000000 0.000000000 0.000000000 0.000000000 0.000000000 0.000000000 0.000000000 0.000000000 0.000000000 0.000000000 0.000000000 0.000000000 0.000000000 0.000000000 0.000000000 0.000000000 0.000000000 0.000000000 0.000000000 0.000000000 0.000000000 0.000000000 0.000000000 0.000000000 0.000000000 0.000000000 0.000000000 0.000000000 0.000000000 0.000000000 0.000000000 0.000000000 0.000000000 0.000000000 0.000000000 0.000000000 0.000000000 0.000000000 0.000000000 0.000000000 0.000000000 0.000000000 0.000000000 0.000000000 0.000000000 0.000000000 0.000000000 0.000000000 0.000000000 0.000000000 0.000000000 0.000000000 0.000000000 0.000000000 0.000000000 0.000000000 0.000000000 0.000000000 0.000000000 0.000000000 0.000000000 0.000000000 0.000000000 0.000000000 0.000000000 0.000000000 0.000000000 0.000000000 0.000000000 0.000000000 0.000000000 0.000000000 0.000000000 0.000000000 0.000000000 0.000000000 0.000000000 0.000000000 0.000000000 0.000000000 0.000000000 0.000000000 0.000000000 0.000000000 0.000000000 0.000000000 0.000000000 0.000000000 0.000000000 0.000000000 0.000000000 0.000000000 0.000000000 0.000000000 0.000000000 0.000000000 0.000000000 0.000000000 0.000000000 0.000000000 0.000000000 0.000000000 0.000000000 0.000000000 0.000000000 0.000000000 0.000000000 
0.000000000 0.000000000 0.000000000 0.000000000 0.000000000 0.000000000 0.000000000 0.000000000 0.000000000 0.000000000 0.000000000 0.000000000 0.000000000 0.000000000 0.000000000 0.000000000 0.000000000 0.000000000 0.000000000 0.000000000 0.000000000 0.000000000 0.000000000 0.000000000 0.000000000 0.000000000 0.000000000 0.000000000 0.000000000 0.000000000 0.000000000 0.000000000 0.000000000 0.000000000 0.000000000 0.000000000 0.000000000 0.000000000 0.000000000 0.000000000 0.000000000 0.000000000 0.000000000 0.000000000 0.000000000 0.000000000 0.000000000 0.000000000 0.000000000 0.000000000 0.000000000 0.000000000 0.000000000 0.000000000 0.000000000 0.000000000 0.000000000 0.000000000 0.000000000 0.000000000 0.000000000 0.000000000 0.000000000 0.000000000 0.000000000 0.000000000 0.000000000 0.000000000 0.000000000 0.000000000 0.000000000 0.000000000 0.000000000 0.000000000 0.000000000 0.000000000 0.000000000 0.000000000 0.000000000 0.000000000 0.000000000 0.000000000 0.000000000 0.000000000 0.000000000 0.000000000 0.000000000 0.000000000 0.000000000 0.000000000 0.000000000 0.000000000 0.000000000 0.000000000 0.000000000 0.000000000 0.000000000 0.000000000 0.000000000 0.000000000 0.000000000 0.000000000 0.000000000 0.000000000 0.000000000 0.000000000 0.000000000 0.000000000 0.000000000 0.000000000 0.000000000 0.000000000 0.000000000 0.000000000 0.000000000 0.000000000 0.000000000 0.000000000 0.000000000 0.000000000 0.000000000 0.000000000 0.000000000 0.000000000 0.000000000 0.000000000 0.000000000 0.000000000 0.000000000 0.000000000 0.000000000 0.000000000 0.000000000 0.000000000 0.000000000 0.000000000 0.000000000 0.000000000 0.000000000 0.000000000 0.000000000 0.000000000 0.000000000 0.000000000 0.000000000 0.000000000 0.000000000 0.000000000 0.000000000 0.000000000 0.000000000 0.000000000 0.000000000 0.000000000 0.000000000 0.000000000 0.000000000 0.000000000 0.000000000 0.000000000 0.000000000 0.000000000 0.000000000 0.000000000 0.000000000 0.000000000 0.000000000 0.000000000 0.000000000 0.000000000 0.000000000 0.000000000 0.000000000 0.000000000 0.000000000 0.000000000 0.000000000 0.000000000 0.000000000 0.000000000 0.000000000 0.000000000 0.000000000 0.000000000 0.000000000 0.000000000 0.000000000 0.000000000 0.000000000 0.000000000 0.000000000 0.000000000 0.000000000 0.000000000 0.000000000 0.000000000 0.000000000 0.000000000 0.000000000 0.000000000 0.000000000 0.000000000 0.000000000 0.000000000 0.000000000 0.000000000 0.000000000 0.000000000 0.000000000 0.000000000 0.000000000 0.000000000 0.000000000 0.000000000 0.000000000 0.000000000 0.000000000 0.000000000 0.000000000 0.000000000 0.000000000 0.000000000 0.000000000 0.000000000 0.000000000 0.000000000 0.000000000 0.000000000 0.000000000 0.000000000 0.000000000 0.000000000 0.000000000 0.000000000 0.000000000 0.000000000 0.000000000 0.000000000 0.000000000 0.000000000 0.000000000 0.000000000 0.000000000 0.000000000 0.000000000 0.000000000 0.000000000 0.000000000 0.000000000 0.000000000 0.000000000 0.000000000 0.000000000 0.000000000 0.000000000 0.000000000 0.000000000 
0.000000000 0.000000000 0.000000000 0.000000000 0.000000000 0.000000000 0.000000000 0.000000000 0.000000000 0.000000000 0.000000000 0.000000000 0.000000000 0.000000000 0.000000000 0.000000000 0.000000000 0.000000000 0.000000000 0.000000000 0.000000000 0.000000000 0.000000000 0.000000000 0.000000000 0.000000000 0.000000000 0.000000000 0.000000000 0.000000000 0.000000000 0.000000000 0.000000000 0.000000000 0.000000000 0.000000000 0.000000000 0.000000000 0.000000000 0.000000000 0.000000000 0.000000000 0.000000000 0.000000000 0.000000000 0.000000000 0.000000000 0.000000000 0.000000000 0.000000000 0.000000000 0.000000000 0.000000000 0.000000000 0.000000000 0.000000000 0.000000000 0.000000000 0.000000000 0.000000000 0.000000000 0.000000000 0.000000000 0.000000000 0.000000000 0.000000000 0.000000000 0.000000000 0.000000000 0.000000000 0.000000000 0.000000000 0.000000000 0.000000000 0.000000000 0.000000000 0.000000000 0.000000000 0.000000000 0.000000000 0.000000000 0.000000000 0.000000000 0.000000000 0.000000000 0.000000000 0.000000000 0.000000000 0.000000000 0.000000000 0.000000000 0.000000000 0.000000000 0.000000000 0.000000000 0.000000000 0.000000000 0.000000000 0.000000000 0.000000000 0.000000000 0.000000000 0.000000000 0.000000000 0.000000000 0.000000000 0.000000000 0.000000000 0.000000000 0.000000000 0.000000000 0.000000000 0.000000000 0.000000000 0.000000000 0.000000000 0.000000000 0.000000000 0.000000000 0.000000000 0.000000000 0.000000000 0.000000000 0.000000000 0.000000000 0.000000000 0.000000000 0.000000000 0.000000000 0.000000000 0.000000000 0.000000000 0.000000000 0.000000000 0.000000000 0.000000000 0.000000000 0.000000000 0.000000000 0.000000000 0.000000000 0.000000000 0.000000000 0.000000000 0.000000000 0.000000000 0.000000000 0.000000000 0.000000000 0.000000000 0.000000000 0.000000000 0.000000000 0.000000000 0.000000000 0.000000000 0.000000000 0.000000000 0.000000000 0.000000000 0.000000000 0.000000000 0.000000000 0.000000000 0.000000000 0.000000000 0.000000000 0.000000000 0.000000000 0.000000000 0.000000000 0.000000000 0.000000000 0.000000000 0.000000000 0.000000000 0.000000000 0.000000000 0.000000000 0.000000000 0.000000000 0.000000000 0.000000000 0.000000000 0.000000000 0.000000000 0.000000000 0.000000000 0.000000000 0.000000000 0.000000000 0.000000000 0.000000000 0.000000000 0.000000000 0.000000000 0.000000000 0.000000000 0.000000000 0.000000000 0.000000000 0.000000000 0.000000000 0.000000000 0.000000000 0.000000000 0.000000000 0.000000000 0.000000000 0.000000000 0.000000000 0.000000000 0.000000000 0.000000000 0.000000000 0.000000000 0.000000000 0.000000000 0.000000000 0.000000000 0.000000000 0.000000000 0.000000000 0.000000000 0.000000000 0.000000000 0.000000000 0.000000000 0.000000000 0.000000000 0.000000000 0.000000000 0.000000000 0.000000000 0.000000000 0.000000000 0.000000000 0.000000000 0.000000000 0.000000000 0.000000000 0.000000000 0.000000000 0.000000000 0.000000000 0.000000000 0.000000000 0.000000000 0.000000000 0.000000000 0.000000000 0.000000000 0.000000000 0.000000000 0.000000000 0.000000000 0.000000000 
0.000000000 0.000000000 0.000000000 0.000000000 0.000000000 0.000000000 0.000000000 0.000000000 0.000000000 0.000000000 0.000000000 0.000000000 0.000000000 0.000000000 0.000000000 0.000000000 0.000000000 0.000000000 0.000000000 0.000000000 0.000000000 0.000000000 0.000000000 0.000000000 0.000000000 0.000000000 0.000000000 0.000000000 0.000000000 0.000000000 0.000000000 0.000000000 0.000000000 0.000000000 0.000000000 0.000000000 0.000000000 0.000000000 0.000000000 0.000000000 0.000000000 0.000000000 0.000000000 0.000000000 0.000000000 0.000000000 0.000000000 0.000000000 0.000000000 0.000000000 0.000000000 0.000000000 0.000000000 0.000000000 0.000000000 0.000000000 0.000000000 0.000000000 0.000000000 0.000000000 0.000000000 0.000000000 0.000000000 0.000000000 0.000000000 0.000000000 0.000000000 0.000000000 0.000000000 0.000000000 0.000000000 0.000000000 0.000000000 0.000000000 0.000000000 0.000000000 0.000000000 0.000000000 0.000000000 0.000000000 0.000000000 0.000000000 0.000000000 0.000000000 0.000000000 0.000000000 0.000000000 0.000000000 0.000000000 0.000000000 0.000000000 0.000000000 0.000000000 0.000000000 0.000000000 0.000000000 0.000000000 0.000000000 0.000000000 0.000000000 0.000000000 0.000000000 0.000000000 0.000000000 0.000000000 0.000000000 0.000000000 0.000000000 0.000000000 0.000000000 0.000000000 0.000000000 0.000000000 0.000000000 0.000000000 0.000000000 0.000000000 0.000000000 0.000000000 0.000000000 0.000000000 0.000000000 0.000000000 0.000000000 0.000000000 0.000000000 0.000000000 0.000000000 0.000000000 0.000000000 0.000000000 0.000000000 0.000000000 0.000000000 0.000000000 0.000000000 0.000000000 0.000000000 0.000000000 0.000000000 0.000000000 0.000000000 0.000000000 0.000000000 0.000000000 0.000000000 0.000000000 0.000000000 0.000000000 0.000000000 0.000000000 0.000000000 0.000000000 0.000000000 0.000000000 0.000000000 0.000000000 0.000000000 0.000000000 0.000000000 0.000000000 0.000000000 0.000000000 0.000000000 0.000000000 0.000000000 0.000000000 0.000000000 0.000000000 0.000000000 0.000000000 0.000000000 0.000000000 0.000000000 0.000000000 0.000000000 0.000000000 0.000000000 0.000000000 0.000000000 0.000000000 0.000000000 0.000000000 0.000000000 0.000000000 0.000000000 0.000000000 0.000000000 0.000000000 0.000000000 0.000000000 0.000000000 0.000000000 0.000000000 0.000000000 0.000000000 0.000000000 0.000000000 0.000000000 0.000000000 0.000000000 0.000000000 0.000000000 0.000000000 0.000000000 0.000000000 0.000000000 0.000000000 0.000000000 0.000000000 0.000000000 0.000000000 0.000000000 0.000000000 0.000000000 0.000000000 0.000000000 0.000000000 0.000000000 0.000000000 0.000000000 0.000000000 0.000000000 0.000000000 0.000000000 0.000000000 0.000000000 0.000000000 0.000000000 0.000000000 0.000000000 0.000000000 0.000000000 0.000000000 0.000000000 0.000000000 0.000000000 0.000000000 0.000000000 0.000000000 0.000000000 0.000000000 0.000000000 0.000000000 0.000000000 0.000000000 0.000000000 0.000000000 0.000000000 0.000000000 0.000000000 0.000000000 0.000000000 0.000000000 0.000000000 0.000000000 0.000000000 
0.003906250 0.003906250 0.003906250 0.003906250 0.003906250 0.003906250 0.003906250 0.003906250 0.003906250 0.003906250 0.003906250 0.003906250 0.003906250 0.003906250 0.003906250 0.003906250 0.003906250 0.003906250 0.003906250 0.003906250 0.003906250 0.003906250 0.003906250 0.003906250 0.003906250 0.003906250 0.003906250 0.003906250 0.003906250 0.003906250 0.003906250 0.003906250 0.003906250 0.003906250 0.003906250 0.003906250 0.003906250 0.003906250 0.003906250 0.003906250 0.003906250 0.003906250 0.003906250 0.003906250 0.003906250 0.003906250 0.003906250 0.003906250 0.003906250 0.003906250 0.003906250 0.003906250 0.003906250 0.003906250 0.003906250 0.003906250 0.003906250 0.003906250 0.003906250 0.003906250 0.003906250 0.003906250 0.003906250 0.003906250 0.003906250 0.003906250 0.003906250 0.003906250 0.003906250 0.003906250 0.003906250 0.003906250 0.003906250 0.003906250 0.003906250 0.003906250 0.003906250 0.003906250 0.003906250 0.003906250 0.003906250 0.003906250 0.003906250 0.003906250 0.003906250 0.003906250 0.003906250 0.003906250 0.003906250 0.003906250 0.003906250 0.003906250 0.003906250 0.003906250 0.003906250 0.003906250 0.003906250 0.003906250 0.003906250 0.003906250 0.003906250 0.003906250 0.003906250 0.003906250 0.003906250 0.003906250 0.003906250 0.003906250 0.003906250 0.003906250 0.003906250 0.003906250 0.003906250 0.003906250 0.003906250 0.003906250 0.003906250 0.003906250 0.003906250 0.003906250 0.003906250 0.003906250 0.003906250 0.003906250 0.003906250 0.003906250 0.003906250 0.003906250 0.003906250 0.003906250 0.003906250 0.003906250 0.003906250 0.003906250 0.003906250 0.003906250 0.003906250 0.003906250 0.003906250 0.003906250 0.003906250 0.003906250 0.003906250 0.003906250 0.003906250 0.003906250 0.003906250 0.003906250 0.003906250 0.003906250 0.003906250 0.003906250 0.003906250 0.003906250 0.003906250 0.003906250 0.003906250 0.003906250 0.003906250 0.003906250 0.003906250 0.003906250 0.003906250 0.003906250 0.003906250 0.003906250 0.003906250 0.003906250 0.003906250 0.003906250 0.003906250 0.003906250 0.003906250 0.003906250 0.003906250 0.003906250 0.003906250 0.003906250 0.003906250 0.003906250 0.003906250 0.003906250 0.003906250 0.003906250 0.003906250 0.003906250 0.003906250 0.003906250 0.003906250 0.003906250 0.003906250 0.003906250 0.003906250 0.003906250 0.003906250 0.003906250 0.003906250 0.003906250 0.003906250 0.003906250 0.003906250 0.003906250 0.003906250 0.003906250 0.003906250 0.003906250 0.003906250 0.003906250 0.003906250 0.003906250 0.003906250 0.003906250 0.003906250 0.003906250 0.003906250 0.003906250 0.003906250 0.003906250 0.003906250 0.003906250 0.003906250 0.003906250 0.003906250 0.003906250 0.003906250 0.003906250 0.003906250 0.003906250 0.003906250 0.003906250 0.003906250 0.003906250 0.003906250 0.003906250 0.003906250 0.003906250 0.003906250 0.003906250 0.003906250 0.003906250 0.003906250 0.003906250 0.003906250 0.003906250 0.003906250 0.003906250 0.003906250 0.003906250 0.003906250 0.003906250 0.003906250 0.003906250 0.003906250 0.003906250 0.003906250 0.003906250 0.003906250 
0.003906250 0.003906250 0.003906250 0.003906250 0.003906250 0.003906250 0.003906250 0.003906250 0.003906250 0.003906250 0.003906250 0.003906250 0.003906250 0.003906250 0.003906250 0.003906250 0.003906250 0.003906250 0.003906250 0.003906250 0.003906250 0.003906250 0.003906250 0.003906250 0.003906250 0.003906250 0.003906250 0.003906250 0.003906250 0.003906250 0.003906250 0.003906250 0.003906250 0.003906250 0.003906250 0.003906250 0.003906250 0.003906250 0.003906250 0.003906250 0.003906250 0.003906250 0.003906250 0.003906250 0.003906250 0.003906250 0.003906250 0.003906250 0.003906250 0.003906250 0.003906250 0.003906250 0.003906250 0.003906250 0.003906250 0.003906250 0.003906250 0.003906250 0.003906250 0.003906250 0.003906250 0.003906250 0.003906250 0.003906250 0.003906250 0.003906250 0.003906250 0.003906250 0.003906250 0.003906250 0.003906250 0.003906250 0.003906250 0.003906250 0.003906250 0.003906250 0.003906250 0.003906250 0.003906250 0.003906250 0.003906250 0.003906250 0.003906250 0.003906250 0.003906250 0.003906250 0.003906250 0.003906250 0.003906250 0.003906250 0.003906250 0.003906250 0.003906250 0.003906250 0.003906250 0.003906250 0.003906250 0.003906250 0.003906250 0.003906250 0.003906250 0.003906250 0.003906250 0.003906250 0.003906250 0.003906250 0.003906250 0.003906250 0.003906250 0.003906250 0.003906250 0.003906250 0.003906250 0.003906250 0.003906250 0.003906250 0.003906250 0.003906250 0.003906250 0.003906250 0.003906250 0.003906250 0.003906250 0.003906250 0.003906250 0.003906250 0.003906250 0.003906250 0.003906250 0.003906250 0.003906250 0.003906250 0.003906250 0.003906250 0.003906250 0.003906250 0.003906250 0.003906250 0.003906250 0.003906250 0.003906250 0.003906250 0.003906250 0.003906250 0.003906250 0.003906250 0.003906250 0.003906250 0.003906250 0.003906250 0.003906250 0.003906250 0.003906250 0.003906250 0.003906250 0.003906250 0.003906250 0.003906250 0.003906250 0.003906250 0.003906250 0.003906250 0.003906250 0.003906250 0.003906250 0.003906250 0.003906250 0.003906250 0.003906250 0.003906250 0.003906250 0.003906250 0.003906250 0.003906250 0.003906250 0.003906250 0.003906250 0.003906250 0.003906250 0.003906250 0.003906250 0.003906250 0.003906250 0.003906250 0.003906250 0.003906250 0.003906250 0.003906250 0.003906250 0.003906250 0.003906250 0.003906250 0.003906250 0.003906250 0.003906250 0.003906250 0.003906250 0.003906250 0.003906250 0.003906250 0.003906250 0.003906250 0.003906250 0.003906250 0.003906250 0.003906250 0.003906250 0.003906250 0.003906250 0.003906250 0.003906250 0.003906250 0.003906250 0.003906250 0.003906250 0.003906250 0.003906250 0.003906250 0.003906250 0.003906250 0.003906250 0.003906250 0.003906250 0.003906250 0.003906250 0.003906250 0.003906250 0.003906250 0.003906250 0.003906250 0.003906250 0.003906250 0.003906250 0.003906250 0.003906250 0.003906250 0.003906250 0.003906250 0.003906250 0.003906250 0.003906250 0.003906250 0.003906250 0.003906250 0.003906250 0.003906250 0.003906250 0.003906250 0.003906250 0.003906250 0.003906250 0.003906250 0.003906250 0.003906250 0.003906250 0.003906250 0.003906250 
0.003906250 0.003906250 0.003906250 0.003906250 0.003906250 0.003906250 0.003906250 0.003906250 0.003906250 0.003906250 0.003906250 0.003906250 0.003906250 0.003906250 0.003906250 0.003906250 0.003906250 0.003906250 0.003906250 0.003906250 0.003906250 0.003906250 0.003906250 0.003906250 0.003906250 0.003906250 0.003906250 0.003906250 0.003906250 0.003906250 0.003906250 0.003906250 0.003906250 0.003906250 0.003906250 0.003906250 0.003906250 0.003906250 0.003906250 0.003906250 0.003906250 0.003906250 0.003906250 0.003906250 0.003906250 0.003906250 0.003906250 0.003906250 0.003906250 0.003906250 0.003906250 0.003906250 0.003906250 0.003906250 0.003906250 0.003906250 0.003906250 0.003906250 0.003906250 0.003906250 0.003906250 0.003906250 0.003906250 0.003906250 0.003906250 0.003906250 0.003906250 0.003906250 0.003906250 0.003906250 0.003906250 0.003906250 0.003906250 0.003906250 0.003906250 0.003906250 0.003906250 0.003906250 0.003906250 0.003906250 0.003906250 0.003906250 0.003906250 0.003906250 0.003906250 0.003906250 0.003906250 0.003906250 0.003906250 0.003906250 0.003906250 0.003906250 0.003906250 0.003906250 0.003906250 0.003906250 0.003906250 0.003906250 0.003906250 0.003906250 0.003906250 0.003906250 0.003906250 0.003906250 0.003906250 0.003906250 0.003906250 0.003906250 0.003906250 0.003906250 0.003906250 0.003906250 0.003906250 0.003906250 0.003906250 0.003906250 0.003906250 0.003906250 0.003906250 0.003906250 0.003906250 0.003906250 0.003906250 0.003906250 0.003906250 0.003906250 0.003906250 0.003906250 0.003906250 0.003906250 0.003906250 0.003906250 0.003906250 0.003906250 0.003906250 0.003906250 0.003906250 0.003906250 0.003906250 0.003906250 0.003906250 0.003906250 0.003906250 0.003906250 0.003906250 0.003906250 0.003906250 0.003906250 0.003906250 0.003906250 0.003906250 0.003906250 0.003906250 0.003906250 0.003906250 0.003906250 0.003906250 0.003906250 0.003906250 0.003906250 0.003906250 0.003906250 0.003906250 0.003906250 0.003906250 0.003906250 0.003906250 0.003906250 0.003906250 0.003906250 0.003906250 0.003906250 0.003906250 0.003906250 0.003906250 0.003906250 0.003906250 0.003906250 0.003906250 0.003906250 0.003906250 0.003906250 0.003906250 0.003906250 0.003906250 0.003906250 0.003906250 0.003906250 0.003906250 0.003906250 0.003906250 0.003906250 0.003906250 0.003906250 0.003906250 0.003906250 0.003906250 0.003906250 0.003906250 0.003906250 0.003906250 0.003906250 0.003906250 0.003906250 0.003906250 0.003906250 0.003906250 0.003906250 0.003906250 0.003906250 0.003906250 0.003906250 0.003906250 0.003906250 0.003906250 0.003906250 0.003906250 0.003906250 0.003906250 0.003906250 0.003906250 0.003906250 0.003906250 0.003906250 0.003906250 0.003906250 0.003906250 0.003906250 0.003906250 0.003906250 0.003906250 0.003906250 0.003906250 0.003906250 0.003906250 0.003906250 0.003906250 0.003906250 0.003906250 0.003906250 0.003906250 0.003906250 0.003906250 0.003906250 0.003906250 0.003906250 0.003906250 0.003906250 0.003906250 0.003906250 0.003906250 0.003906250 0.003906250 0.003906250 0.003906250 0.003906250 0.003906250 
0.000000000 0.000000000 0.000000000 0.000000000 0.000000000 0.000000000 0.000000000 0.000000000 0.000000000 0.000000000 0.000000000 0.000000000 0.000000000 0.000000000 0.000000000 0.000000000 0.000000000 0.000000000 0.000000000 0.000000000 0.000000000 0.000000000 0.000000000 0.000000000 0.000000000 0.000000000 0.000000000 0.000000000 0.000000000 0.000000000 0.000000000 0.000000000 0.000000000 0.000000000 0.000000000 0.000000000 0.000000000 0.000000000 0.000000000 0.000000000 0.000000000 0.000000000 0.000000000 0.000000000 0.000000000 0.000000000 0.000000000 0.000000000 0.000000000 0.000000000 0.000000000 0.000000000 0.000000000 0.000000000 0.000000000 0.000000000 0.000000000 0.000000000 0.000000000 0.000000000 0.000000000 0.000000000 0.000000000 0.000000000 0.000000000 0.000000000 0.000000000 0.000000000 0.000000000 0.000000000 0.000000000 0.000000000 0.000000000 0.000000000 0.000000000 0.000000000 0.000000000 0.000000000 0.000000000 0.000000000 0.000000000 0.000000000 0.000000000 0.000000000 0.000000000 0.000000000 0.000000000 0.000000000 0.000000000 0.000000000 0.000000000 0.000000000 0.000000000 0.000000000 0.000000000 0.000000000 0.000000000 0.000000000 0.000000000 0.000000000 0.000000000 0.000000000 0.000000000 0.000000000 0.000000000 0.000000000 0.000000000 0.000000000 0.000000000 0.000000000 0.000000000 0.000000000 0.000000000 0.000000000 0.000000000 0.000000000 0.000000000 0.000000000 0.000000000 0.000000000 0.000000000 0.000000000 0.000000000 0.000000000 0.000000000 0.000000000 0.000000000 0.000000000 0.000000000 0.000000000 0.000000000 0.000000000 0.000000000 0.000000000 0.000000000 0.000000000 0.000000000 0.000000000 0.000000000 0.000000000 0.000000000 0.000000000 0.000000000 0.000000000 0.000000000 0.000000000 0.000000000 0.000000000 0.000000000 0.000000000 0.000000000 0.000000000 0.000000000 0.000000000 0.000000000 0.000000000 0.000000000 0.000000000 0.000000000 0.000000000 0.000000000 0.000000000 0.000000000 0.000000000 0.000000000 0.000000000 0.000000000 0.000000000 0.000000000 0.000000000 0.000000000 0.000000000 0.000000000 0.000000000 0.000000000 0.000000000 0.000000000 0.000000000 0.000000000 0.000000000 0.000000000 0.000000000 0.000000000 0.000000000 0.000000000 0.000000000 0.000000000 0.000000000 0.000000000 0.000000000 0.000000000 0.000000000 0.000000000 0.000000000 0.000000000 0.000000000 0.000000000 0.000000000 0.000000000 0.000000000 0.000000000 0.000000000 0.000000000 0.000000000 0.000000000 0.000000000 0.000000000 0.000000000 0.000000000 0.000000000 0.000000000 0.000000000 0.000000000 0.000000000 0.000000000 0.000000000 0.000000000 0.000000000 0.000000000 0.000000000 0.000000000 0.000000000 0.000000000 0.000000000 0.000000000 0.000000000 0.000000000 0.000000000 0.000000000 0.000000000 0.000000000 0.000000000 0.000000000 0.000000000 0.000000000 0.000000000 0.000000000 0.000000000 0.000000000 0.000000000 0.000000000 0.000000000 0.000000000 0.000000000 0.000000000 0.000000000 0.000000000 0.000000000 0.000000000 0.000000000 0.000000000 0.000000000 0.000000000 0.000000000 0.000000000 0.000000000 0.000000000 
0.000000000 0.000000000 0.000000000 0.000000000 0.000000000 0.000000000 0.000000000 0.000000000 0.000000000 0.000000000 0.000000000 0.000000000 0.000000000 0.000000000 0.000000000 0.000000000 0.000000000 0.000000000 0.000000000 0.000000000 0.000000000 0.000000000 0.000000000 0.000000000 0.000000000 0.000000000 0.000000000 0.000000000 0.000000000 0.000000000 0.000000000 0.000000000 0.000000000 0.000000000 0.000000000 0.000000000 0.000000000 0.000000000 0.000000000 0.000000000 0.000000000 0.000000000 0.000000000 0.000000000 0.000000000 0.000000000 0.000000000 0.000000000 0.000000000 0.000000000 0.000000000 0.000000000 0.000000000 0.000000000 0.000000000 0.000000000 0.000000000 0.000000000 0.000000000 0.000000000 0.000000000 0.000000000 0.000000000 0.000000000 0.000000000 0.000000000 0.000000000 0.000000000 0.000000000 0.000000000 0.000000000 0.000000000 0.000000000 0.000000000 0.000000000 0.000000000 0.000000000 0.000000000 0.000000000 0.000000000 0.000000000 0.000000000 0.000000000 0.000000000 0.000000000 0.000000000 0.000000000 0.000000000 0.000000000 0.000000000 0.000000000 0.000000000 0.000000000 0.000000000 0.000000000 0.000000000 0.000000000 0.000000000 0.000000000 0.000000000 0.000000000 0.000000000 0.000000000 0.000000000 0.000000000 0.000000000 0.000000000 0.000000000 0.000000000 0.000000000 0.000000000 0.000000000 0.000000000 0.000000000 0.000000000 0.000000000 0.000000000 0.000000000 0.000000000 0.000000000 0.000000000 0.000000000 0.000000000 0.000000000 0.000000000 0.000000000 0.000000000 0.000000000 0.000000000 0.000000000 0.000000000 0.000000000 0.000000000 0.000000000 0.000000000 0.000000000 0.000000000 0.000000000 0.000000000 0.000000000 0.000000000 0.000000000 0.000000000 0.000000000 0.000000000 0.000000000 0.000000000 0.000000000 0.000000000 0.000000000 0.000000000 0.000000000 0.000000000 0.000000000 0.000000000 0.000000000 0.000000000 0.000000000 0.000000000 0.000000000 0.000000000 0.000000000 0.000000000 0.000000000 0.000000000 0.000000000 0.000000000 0.000000000 0.000000000 0.000000000 0.000000000 0.000000000 0.000000000 0.000000000 0.000000000 0.000000000 0.000000000 0.000000000 0.000000000 0.000000000 0.000000000 0.000000000 0.000000000 0.000000000 0.000000000 0.000000000 0.000000000 0.000000000 0.000000000 0.000000000 0.000000000 0.000000000 0.000000000 0.000000000 0.000000000 0.000000000 0.000000000 0.000000000 0.000000000 0.000000000 0.000000000 0.000000000 0.000000000 0.000000000 0.000000000 0.000000000 0.000000000 0.000000000 0.000000000 0.000000000 0.000000000 0.000000000 0.000000000 0.000000000 0.000000000 0.000000000 0.000000000 0.000000000 0.000000000 0.000000000 0.000000000 0.000000000 0.000000000 0.000000000 0.000000000 0.000000000 0.000000000 0.000000000 0.000000000 0.000000000 0.000000000 0.000000000 0.000000000 0.000000000 0.000000000 0.000000000 0.000000000 0.000000000 0.000000000 0.000000000 0.000000000 0.000000000 0.000000000 0.000000000 0.000000000 0.000000000 0.000000000 0.000000000 0.000000000 0.000000000 0.000000000 0.000000000 0.000000000 0.000000000 0.000000000 0.000000000 0.000000000 
0.000000000 0.000000000 0.000000000 0.000000000 0.000000000 0.000000000 0.000000000 0.000000000 0.000000000 0.000000000 0.000000000 0.000000000 0.000000000 0.000000000 0.000000000 0.000000000 0.000000000 0.000000000 0.000000000 0.000000000 0.000000000 0.000000000 0.000000000 0.000000000 0.000000000 0.000000000 0.000000000 0.000000000 0.000000000 0.000000000 0.000000000 0.000000000 0.000000000 0.000000000 0.000000000 0.000000000 0.000000000 0.000000000 0.000000000 0.000000000 0.000000000 0.000000000 0.000000000 0.000000000 0.000000000 0.000000000 0.000000000 0.000000000 0.000000000 0.000000000 0.000000000 0.000000000 0.000000000 0.000000000 0.000000000 0.000000000 0.000000000 0.000000000 0.000000000 0.000000000 0.000000000 0.000000000 0.000000000 0.000000000 0.000000000 0.000000000 0.000000000 0.000000000 0.000000000 0.000000000 0.000000000 0.000000000 0.000000000 0.000000000 0.000000000 0.000000000 0.000000000 0.000000000 0.000000000 0.000000000 0.000000000 0.000000000 0.000000000 0.000000000 0.000000000 0.000000000 0.000000000 0.000000000 0.000000000 0.000000000 0.000000000 0.000000000 0.000000000 0.000000000 0.000000000 0.000000000 0.000000000 0.000000000 0.000000000 0.000000000 0.000000000 0.000000000 0.000000000 0.000000000 0.000000000 0.000000000 0.000000000 0.000000000 0.000000000 0.000000000 0.000000000 0.000000000 0.000000000 0.000000000 0.000000000 0.000000000 0.000000000 0.000000000 0.000000000 0.000000000 0.000000000 0.000000000 0.000000000 0.000000000 0.000000000 0.000000000 0.000000000 0.000000000 0.000000000 0.000000000 0.000000000 0.000000000 0.000000000 0.000000000 0.000000000 0.000000000 0.000000000 0.000000000 0.000000000 0.000000000 0.000000000 0.000000000 0.000000000 0.000000000 0.000000000 0.000000000 0.000000000 0.000000000 0.000000000 0.000000000 0.000000000 0.000000000 0.000000000 0.000000000 0.000000000 0.000000000 0.000000000 0.000000000 0.000000000 0.000000000 0.000000000 0.000000000 0.000000000 0.000000000 0.000000000 0.000000000 0.000000000 0.000000000 0.000000000 0.000000000 0.000000000 0.000000000 0.000000000 0.000000000 0.000000000 0.000000000 0.000000000 0.000000000 0.000000000 0.000000000 0.000000000 0.000000000 0.000000000 0.000000000 0.000000000 0.000000000 0.000000000 0.000000000 0.000000000 0.000000000 0.000000000 0.000000000 0.000000000 0.000000000 0.000000000 0.000000000 0.000000000 0.000000000 0.000000000 0.000000000 0.000000000 0.000000000 0.000000000 0.000000000 0.000000000 0.000000000 0.000000000 0.000000000 0.000000000 0.000000000 0.000000000 0.000000000 0.000000000 0.000000000 0.000000000 0.000000000 0.000000000 0.000000000 0.000000000 0.000000000 0.000000000 0.000000000 0.000000000 0.000000000 0.000000000 0.000000000 0.000000000 0.000000000 0.000000000 0.000000000 0.000000000 0.000000000 0.000000000 0.000000000 0.000000000 0.000000000 0.000000000 0.000000000 0.000000000 0.000000000 0.000000000 0.000000000 0.000000000 0.000000000 0.000000000 0.000000000 0.000000000 0.000000000 0.000000000 0.000000000 0.000000000 0.000000000 0.000000000 0.000000000 0.000000000 0.000000000 0.000000000 
0.000000000 0.000000000 0.000000000 0.000000000 0.000000000 0.000000000 0.000000000 0.000000000 0.000000000 0.000000000 0.000000000 0.000000000 0.000000000 0.000000000 0.000000000 0.000000000 0.000000000 0.000000000 0.000000000 0.000000000 0.000000000 0.000000000 0.000000000 0.000000000 0.000000000 0.000000000 0.000000000 0.000000000 0.000000000 0.000000000 0.000000000 0.000000000 0.000000000 0.000000000 0.000000000 0.000000000 0.000000000 0.000000000 0.000000000 0.000000000 0.000000000 0.000000000 0.000000000 0.000000000 0.000000000 0.000000000 0.000000000 0.000000000 0.000000000 0.000000000 0.000000000 0.000000000 0.000000000 0.000000000 0.000000000 0.000000000 0.000000000 0.000000000 0.000000000 0.000000000 0.000000000 0.000000000 0.000000000 0.000000000 0.000000000 0.000000000 0.000000000 0.000000000 0.000000000 0.000000000 0.000000000 0.000000000 0.000000000 0.000000000 0.000000000 0.000000000 0.000000000 0.000000000 0.000000000 0.000000000 0.000000000 0.000000000 0.000000000 0.000000000 0.000000000 0.000000000 0.000000000 0.000000000 0.000000000 0.000000000 0.000000000 0.000000000 0.000000000 0.000000000 0.000000000 0.000000000 0.000000000 0.000000000 0.000000000 0.000000000 0.000000000 0.000000000 0.000000000 0.000000000 0.000000000 0.000000000 0.000000000 0.000000000 0.000000000 0.000000000 0.000000000 0.000000000 0.000000000 0.000000000 0.000000000 0.000000000 0.000000000 0.000000000 0.000000000 0.000000000 0.000000000 0.000000000 0.000000000 0.000000000 0.000000000 0.000000000 0.000000000 0.000000000 0.000000000 0.000000000 0.000000000 0.000000000 0.000000000 0.000000000 0.000000000 0.000000000 0.000000000 0.000000000 0.000000000 0.000000000 0.000000000 0.000000000 0.000000000 0.000000000 0.000000000 0.000000000 0.000000000 0.000000000 0.000000000 0.000000000 0.000000000 0.000000000 0.000000000 0.000000000 0.000000000 0.000000000 0.000000000 0.000000000 0.000000000 0.000000000 0.000000000 0.000000000 0.000000000 0.000000000 0.000000000 0.000000000 0.000000000 0.000000000 0.000000000 0.000000000 0.000000000 0.000000000 0.000000000 0.000000000 0.000000000 0.000000000 0.000000000 0.000000000 0.000000000 0.000000000 0.000000000 0.000000000 0.000000000 0.000000000 0.000000000 0.000000000 0.000000000 0.000000000 0.000000000 0.000000000 0.000000000 0.000000000 0.000000000 0.000000000 0.000000000 0.000000000 0.000000000 0.000000000 0.000000000 0.000000000 0.000000000 0.000000000 0.000000000 0.000000000 0.000000000 0.000000000 0.000000000 0.000000000 0.000000000 0.000000000 0.000000000 0.000000000 0.000000000 0.000000000 0.000000000 0.000000000 0.000000000 0.000000000 0.000000000 0.000000000 0.000000000 0.000000000 0.000000000 0.000000000 0.000000000 0.000000000 0.000000000 0.000000000 0.000000000 0.000000000 0.000000000 0.000000000 0.000000000 0.000000000 0.000000000 0.000000000 0.000000000 0.000000000 0.000000000 0.000000000 0.000000000 0.000000000 0.000000000 0.000000000 0.000000000 0.000000000 0.000000000 0.000000000 0.000000000 0.000000000 0.000000000 0.000000000 0.000000000 0.000000000 0.000000000 0.000000000 0.000000000 
0.000000000 0.000000000 0.000000000 0.000000000 0.000000000 0.000000000 0.000000000 0.000000000 0.000000000 0.000000000 0.000000000 0.000000000 0.000000000 0.000000000 0.000000000 0.000000000 0.000000000 0.000000000 0.000000000 0.000000000 0.000000000 0.000000000 0.000000000 0.000000000 0.000000000 0.000000000 0.000000000 0.000000000 0.000000000 0.000000000 0.000000000 0.000000000 0.000000000 0.000000000 0.000000000 0.000000000 0.000000000 0.000000000 0.000000000 0.000000000 0.000000000 0.000000000 0.000000000 0.000000000 0.000000000 0.000000000 0.000000000 0.000000000 0.000000000 0.000000000 0.000000000 0.000000000 0.000000000 0.000000000 0.000000000 0.000000000 0.000000000 0.000000000 0.000000000 0.000000000 0.000000000 0.000000000 0.000000000 0.000000000 0.000000000 0.000000000 0.000000000 0.000000000 0.000000000 0.000000000 0.000000000 0.000000000 0.000000000 0.000000000 0.000000000 0.000000000 0.000000000 0.000000000 0.000000000 0.000000000 0.000000000 0.000000000 0.000000000 0.000000000 0.000000000 0.000000000 0.000000000 0.000000000 0.000000000 0.000000000 0.000000000 0.000000000 0.000000000 0.000000000 0.000000000 0.000000000 0.000000000 0.000000000 0.000000000 0.000000000 0.000000000 0.000000000 0.000000000 0.000000000 0.000000000 0.000000000 0.000000000 0.000000000 0.000000000 0.000000000 0.000000000 0.000000000 0.000000000 0.000000000 0.000000000 0.000000000 0.000000000 0.000000000 0.000000000 0.000000000 0.000000000 0.000000000 0.000000000 0.000000000 0.000000000 0.000000000 0.000000000 0.000000000 0.000000000 0.000000000 0.000000000 0.000000000 0.000000000 0.000000000 0.000000000 0.000000000 0.000000000 0.000000000 0.000000000 0.000000000 0.000000000 0.000000000 0.000000000 0.000000000 0.000000000 0.000000000 0.000000000 0.000000000 0.000000000 0.000000000 0.000000000 0.000000000 0.000000000 0.000000000 0.000000000 0.000000000 0.000000000 0.000000000 0.000000000 0.000000000 0.000000000 0.000000000 0.000000000 0.000000000 0.000000000 0.000000000 0.000000000 0.000000000 0.000000000 0.000000000 0.000000000 0.000000000 0.000000000 0.000000000 0.000000000 0.000000000 0.000000000 0.000000000 0.000000000 0.000000000 0.000000000 0.000000000 0.000000000 0.000000000 0.000000000 0.000000000 0.000000000 0.000000000 0.000000000 0.000000000 0.000000000 0.000000000 0.000000000 0.000000000 0.000000000 0.000000000 0.000000000 0.000000000 0.000000000 0.000000000 0.000000000 0.000000000 0.000000000 0.000000000 0.000000000 0.000000000 0.000000000 0.000000000 0.000000000 0.000000000 0.000000000 0.000000000 0.000000000 0.000000000 0.000000000 0.000000000 0.000000000 0.000000000 0.000000000 0.000000000 0.000000000 0.000000000 0.000000000 0.000000000 0.000000000 0.000000000 0.000000000 0.000000000 0.000000000 0.000000000 0.000000000 0.000000000 0.000000000 0.000000000 0.000000000 0.000000000 0.000000000 0.000000000 0.000000000 0.000000000 0.000000000 0.000000000 0.000000000 0.000000000 0.000000000 0.000000000 0.000000000 0.000000000 0.000000000 0.000000000 0.000000000 0.000000000 0.000000000 0.000000000 0.000000000 0.000000000 0.000000000 
0.000000000 0.000000000 0.000000000 0.000000000 0.000000000 0.000000000 0.000000000 0.000000000 0.000000000 0.000000000 0.000000000 0.000000000 0.000000000 0.000000000 0.000000000 0.000000000 0.000000000 0.000000000 0.000000000 0.000000000 0.000000000 0.000000000 0.000000000 0.000000000 0.000000000 0.000000000 0.000000000 0.000000000 0.000000000 0.000000000 0.000000000 0.000000000 0.000000000 0.000000000 0.000000000 0.000000000 0.000000000 0.000000000 0.000000000 0.000000000 0.000000000 0.000000000 0.000000000 0.000000000 0.000000000 0.000000000 0.000000000 0.000000000 0.000000000 0.000000000 0.000000000 0.000000000 0.000000000 0.000000000 0.000000000 0.000000000 0.000000000 0.000000000 0.000000000 0.000000000 0.000000000 0.000000000 0.000000000 0.000000000 0.000000000 0.000000000 0.000000000 0.000000000 0.000000000 0.000000000 0.000000000 0.000000000 0.000000000 0.000000000 0.000000000 0.000000000 0.000000000 0.000000000 0.000000000 0.000000000 0.000000000 0.000000000 0.000000000 0.000000000 0.000000000 0.000000000 0.000000000 0.000000000 0.000000000 0.000000000 0.000000000 0.000000000 0.000000000 0.000000000 0.000000000 0.000000000 0.000000000 0.000000000 0.000000000 0.000000000 0.000000000 0.000000000 0.000000000 0.000000000 0.000000000 0.000000000 0.000000000 0.000000000 0.000000000 0.000000000 0.000000000 0.000000000 0.000000000 0.000000000 0.000000000 0.000000000 0.000000000 0.000000000 0.000000000 0.000000000 0.000000000 0.000000000 0.000000000 0.000000000 0.000000000 0.000000000 0.000000000 0.000000000 0.000000000 0.000000000 0.000000000 0.000000000 0.000000000 0.000000000 0.000000000 0.000000000 0.000000000 0.000000000 0.000000000 0.000000000 0.000000000 0.000000000 0.000000000 0.000000000 0.000000000 0.000000000 0.000000000 0.000000000 0.000000000 0.000000000 0.000000000 0.000000000 0.000000000 0.000000000 0.000000000 0.000000000 0.000000000 0.000000000 0.000000000 0.000000000 0.000000000 0.000000000 0.000000000 0.000000000 0.000000000 0.000000000 0.000000000 0.000000000 0.000000000 0.000000000 0.000000000 0.000000000 0.000000000 0.000000000 0.000000000 0.000000000 0.000000000 0.000000000 0.000000000 0.000000000 0.000000000 0.000000000 0.000000000 0.000000000 0.000000000 0.000000000 0.000000000 0.000000000 0.000000000 0.000000000 0.000000000 0.000000000 0.000000000 0.000000000 0.000000000 0.000000000 0.000000000 0.000000000 0.000000000 0.000000000 0.000000000 0.000000000 0.000000000 0.000000000 0.000000000 0.000000000 0.000000000 0.000000000 0.000000000 0.000000000 0.000000000 0.000000000 0.000000000 0.000000000 0.000000000 0.000000000 0.000000000 0.000000000 0.000000000 0.000000000 0.000000000 0.000000000 0.000000000 0.000000000 0.000000000 0.000000000 0.000000000 0.000000000 0.000000000 0.000000000 0.000000000 0.000000000 0.000000000 0.000000000 0.000000000 0.000000000 0.000000000 0.000000000 0.000000000 0.000000000 0.000000000 0.000000000 0.000000000 0.000000000 0.000000000 0.000000000 0.000000000 0.000000000 0.000000000 0.000000000 0.000000000 0.000000000 0.000000000 0.000000000 0.000000000 0.000000000 0.000000000 
0.015625000 0.015625000 0.015625000 0.015625000 0.015625000 0.015625000 0.015625000 0.015625000 0.015625000 0.015625000 0.015625000 0.015625000 0.015625000 0.015625000 0.015625000 0.015625000 0.015625000 0.015625000 0.011718750 0.011718750 0.011718750 0.011718750 0.011718750 0.011718750 0.011718750 0.011718750 0.011718750 0.011718750 0.011718750 0.011718750 0.011718750 0.011718750 0.007812500 0.007812500 0.007812500 0.007812500 0.007812500 0.007812500 0.007812500 0.007812500 0.007812500 0.007812500 0.003906250 0.003906250 0.003906250 0.003906250 0.003906250 0.003906250 0.003906250 0.003906250 0.003906250 0.003906250 0.003906250 0.000000000 0.000000000 0.000000000 0.000000000 0.000000000 0.000000000 0.000000000 0.000000000 0.003906250 0.003906250 0.003906250 0.003906250 0.003906250 0.003906250 0.003906250 0.003906250 0.003906250 0.003906250 0.003906250 0.003906250 0.003906250 0.003906250 0.007812500 0.007812500 0.007812500 0.007812500 0.007812500 0.007812500 0.007812500 0.007812500 0.007812500 0.007812500 0.007812500 0.007812500 0.007812500 0.007812500 0.007812500 0.007812500 0.007812500 0.007812500 0.007812500 0.007812500 0.007812500 0.007812500 0.007812500 0.007812500 0.007812500 0.007812500 0.007812500 0.007812500 0.007812500 0.007812500 0.007812500 0.007812500 0.007812500 0.007812500 0.007812500 0.007812500 0.007812500 0.007812500 0.007812500 0.007812500 0.007812500 0.007812500 0.007812500 0.007812500 0.007812500 0.007812500 0.007812500 0.007812500 0.007812500 0.007812500 0.007812500 0.003906250 0.003906250 0.003906250 0.003906250 0.003906250 0.003906250 0.003906250 0.003906250 0.003906250 0.003906250 0.003906250 0.003906250 0.003906250 0.003906250 0.003906250 0.003906250 0.003906250 0.003906250 0.003906250 0.003906250 0.003906250 0.003906250 0.003906250 0.003906250 0.007812500 0.007812500 0.007812500 0.007812500 0.007812500 0.007812500 0.007812500 0.007812500 0.007812500 0.007812500 0.007812500 0.007812500 0.007812500 0.007812500 0.007812500 0.007812500 0.007812500 0.007812500 0.007812500 0.007812500 0.007812500 0.007812500 0.007812500 0.007812500 0.007812500 0.007812500 0.007812500 0.007812500 0.007812500 0.007812500 0.007812500 0.007812500 0.007812500 0.007812500 0.007812500 0.007812500 0.007812500 0.007812500 0.007812500 0.007812500 0.007812500 0.007812500 0.007812500 0.007812500 0.007812500 0.007812500 0.007812500 0.007812500 0.007812500 0.007812500 0.007812500 0.007812500 0.007812500 0.007812500 0.007812500 0.007812500 0.007812500 0.003906250 0.003906250 0.003906250 0.003906250 0.003906250 0.003906250 0.003906250 0.003906250 0.003906250 0.003906250 0.003906250 0.003906250 0.003906250 0.003906250 0.003906250 0.003906250 0.003906250 0.003906250 0.003906250 0.007812500 0.007812500 0.007812500 0.007812500 0.007812500 0.007812500 0.007812500 0.007812500 0.007812500 0.007812500 0.007812500 0.007812500 0.007812500 0.007812500 0.007812500 0.007812500 0.007812500 0.007812500 0.007812500 0.007812500 0.007812500 0.007812500 0.007812500 0.007812500 0.007812500 0.007812500 0.007812500 0.007812500 0.007812500 0.007812500 0.007812500 
0.015625000 0.015625000 0.015625000 0.015625000 0.015625000 0.015625000 0.015625000 0.015625000 0.015625000 0.015625000 0.015625000 0.015625000 0.015625000 0.015625000 0.015625000 0.015625000 0.015625000 0.015625000 0.011718750 0.011718750 0.011718750 0.011718750 0.011718750 0.011718750 0.011718750 0.011718750 0.011718750 0.011718750 0.011718750 0.011718750 0.011718750 0.011718750 0.007812500 0.007812500 0.007812500 0.007812500 0.007812500 0.007812500 0.007812500 0.007812500 0.007812500 0.007812500 0.003906250 0.003906250 0.003906250 0.003906250 0.003906250 0.003906250 0.003906250 0.003906250 0.003906250 0.003906250 0.003906250 0.000000000 0.000000000 0.000000000 0.000000000 0.000000000 0.000000000 0.000000000 0.000000000 0.003906250 0.003906250 0.003906250 0.003906250 0.003906250 0.003906250 0.003906250 0.003906250 0.003906250 0.003906250 0.003906250 0.003906250 0.003906250 0.003906250 0.007812500 0.007812500 0.007812500 0.007812500 0.007812500 0.007812500 0.007812500 0.007812500 0.007812500 0.007812500 0.007812500 0.007812500 0.007812500 0.007812500 0.007812500 0.007812500 0.007812500 0.007812500 0.007812500 0.007812500 0.007812500 0.007812500 0.007812500 0.007812500 0.007812500 0.007812500 0.007812500 0.007812500 0.007812500 0.007812500 0.007812500 0.007812500 0.007812500 0.007812500 0.007812500 0.007812500 0.007812500 0.007812500 0.007812500 0.007812500 0.007812500 0.007812500 0.007812500 0.007812500 0.007812500 0.007812500 0.007812500 0.007812500 0.007812500 0.007812500 0.007812500 0.003906250 0.003906250 0.003906250 0.003906250 0.003906250 0.003906250 0.003906250 0.003906250 0.003906250 0.003906250 0.003906250 0.003906250 0.003906250 0.003906250 0.003906250 0.003906250 0.003906250 0.003906250 0.003906250 0.003906250 0.003906250 0.003906250 0.003906250 0.003906250 0.007812500 0.007812500 0.007812500 0.007812500 0.007812500 0.007812500 0.007812500 0.007812500 0.007812500 0.007812500 0.007812500 0.007812500 0.007812500 0.007812500 0.007812500 0.007812500 0.007812500 0.007812500 0.007812500 0.007812500 0.007812500 0.007812500 0.007812500 0.007812500 0.007812500 0.007812500 0.007812500 0.007812500 0.007812500 0.007812500 0.007812500 0.007812500 0.007812500 0.007812500 0.007812500 0.007812500 0.007812500 0.007812500 0.007812500 0.007812500 0.007812500 0.007812500 0.007812500 0.007812500 0.007812500 0.007812500 0.007812500 0.007812500 0.007812500 0.007812500 0.007812500 0.007812500 0.007812500 0.007812500 0.007812500 0.007812500 0.007812500 0.003906250 0.003906250 0.003906250 0.003906250 0.003906250 0.003906250 0.003906250 0.003906250 0.003906250 0.003906250 0.003906250 0.003906250 0.003906250 0.003906250 0.003906250 0.003906250 0.003906250 0.003906250 0.003906250 0.007812500 0.007812500 0.007812500 0.007812500 0.007812500 0.007812500 0.007812500 0.007812500 0.007812500 0.007812500 0.007812500 0.007812500 0.007812500 0.007812500 0.007812500 0.007812500 0.007812500 0.007812500 0.007812500 0.007812500 0.007812500 0.007812500 0.007812500 0.007812500 0.007812500 0.007812500 0.007812500 0.007812500 0.007812500 0.007812500 0.007812500 
0.007812500 0.023437500 0.015625000 0.011718750 0.023437500 0.007812500 0.019531250 0.019531250 0.011718750 0.023437500 0.011718750 0.015625000 0.019531250 0.007812500 0.019531250 0.011718750 0.015625000 0.019531250 0.007812500 0.019531250 0.015625000 0.011718750 0.019531250 0.007812500 0.015625000 0.015625000 0.007812500 0.019531250 0.007812500 0.011718750 0.015625000 0.003906250 0.015625000 0.007812500 0.007812500 0.015625000 0.003906250 0.011718750 0.007812500 0.007812500 0.011718750 0.003906250 0.007812500 0.007812500 0.003906250 0.011718750 0.003906250 0.007812500 0.007812500 0.003906250 0.007812500 0.003906250 0.003906250 0.003906250 0.003906250 0.003906250 0.003906250 0.003906250 0.003906250 0.003906250 0.003906250 0.000000000 0.003906250 0.003906250 0.003906250 0.003906250 0.000000000 0.007812500 0.003906250 0.003906250 0.007812500 0.003906250 0.007812500 0.003906250 0.003906250 0.007812500 0.003906250 0.007812500 0.007812500 0.007812500 0.007812500 0.007812500 0.007812500 0.007812500 0.007812500 0.007812500 0.007812500 0.007812500 0.007812500 0.007812500 0.007812500 0.007812500 0.007812500 0.007812500 0.007812500 0.007812500 0.007812500 0.011718750 0.007812500 0.011718750 0.007812500 0.007812500 0.011718750 0.007812500 0.011718750 0.007812500 0.007812500 0.011718750 0.003906250 0.007812500 0.007812500 0.003906250 0.011718750 0.003906250 0.007812500 0.011718750 0.003906250 0.011718750 0.007812500 0.007812500 0.011718750 0.000000000 0.011718750 0.007812500 0.003906250 0.011718750 0.000000000 0.011718750 0.007812500 0.003906250 0.011718750 0.003906250 0.007812500 0.007812500 0.003906250 0.011718750 0.003906250 0.007812500 0.007812500 0.003906250 0.011718750 0.003906250 0.007812500 0.011718750 0.003906250 0.011718750 0.003906250 0.007812500 0.011718750 0.003906250 0.011718750 0.007812500 0.007812500 0.011718750 0.000000000 0.011718750 0.007812500 0.007812500 0.015625000 0.000000000 0.011718750 0.011718750 0.007812500 0.015625000 0.003906250 0.011718750 0.011718750 0.003906250 0.015625000 0.007812500 0.011718750 0.015625000 0.000000000 0.015625000 0.007812500 0.007812500 0.015625000 0.003906250 0.015625000 0.011718750 0.003906250 0.015625000 0.003906250 0.011718750 0.011718750 0.003906250 0.015625000 0.007812500 0.007812500 0.015625000 0.000000000 0.011718750 0.011718750 0.007812500 0.015625000 0.003906250 0.011718750 0.011718750 0.003906250 0.011718750 0.007812500 0.007812500 0.011718750 0.000000000 0.011718750 0.007812500 0.003906250 0.011718750 0.003906250 0.007812500 0.011718750 0.000000000 0.011718750 0.007812500 0.003906250 0.011718750 0.003906250 0.007812500 0.007812500 0.003906250 0.011718750 0.003906250 0.007812500 0.007812500 0.000000000 0.007812500 0.007812500 0.003906250 0.011718750 0.003906250 0.007812500 0.007812500 0.003906250 0.007812500 0.007812500 0.007812500 0.007812500 0.003906250 0.007812500 0.007812500 0.003906250 0.007812500 0.007812500 0.007812500 0.007812500 0.007812500 0.007812500 0.007812500 0.007812500 0.007812500 0.007812500 0.007812500 0.007812500 0.007812500 0.007812500 0.007812500 0.007812500 
0.007812500 0.007812500 0.007812500 0.007812500 0.007812500 0.007812500 0.007812500 0.007812500 0.007812500 0.007812500 0.007812500 0.007812500 0.007812500 0.007812500 0.007812500 0.007812500 0.007812500 0.007812500 0.007812500 0.007812500 0.007812500 0.007812500 0.007812500 0.007812500 0.007812500 0.007812500 0.007812500 0.007812500 0.007812500 0.007812500 0.007812500 0.007812500 0.007812500 0.007812500 0.007812500 0.007812500 0.007812500 0.007812500 0.007812500 0.007812500 0.003906250 0.003906250 0.003906250 0.003906250 0.003906250 0.003906250 0.003906250 0.003906250 0.003906250 0.003906250 0.003906250 0.003906250 0.003906250 0.003906250 0.003906250 0.003906250 0.003906250 0.003906250 0.003906250 0.003906250 0.003906250 0.003906250 0.003906250 0.003906250 0.003906250 0.003906250 0.003906250 0.003906250 0.003906250 0.003906250 0.003906250 0.003906250 0.000000000 0.000000000 0.000000000 0.000000000 0.000000000 0.000000000 0.000000000 0.000000000 0.000000000 0.000000000 0.000000000 0.000000000 0.000000000 0.000000000 0.000000000 0.000000000 0.000000000 0.000000000 0.000000000 0.000000000 0.000000000 0.000000000 0.000000000 0.000000000 0.000000000 0.000000000 0.000000000 0.000000000 0.003906250 0.003906250 0.003906250 0.003906250 0.003906250 0.003906250 0.003906250 0.003906250 0.003906250 0.003906250 0.003906250 0.003906250 0.003906250 0.003906250 0.003906250 0.003906250 0.003906250 0.003906250 0.003906250 0.003906250 0.003906250 0.003906250 0.003906250 0.003906250 0.003906250 0.003906250 0.003906250 0.003906250 0.003906250 0.003906250 0.003906250 0.003906250 0.007812500 0.007812500 0.007812500 0.007812500 0.007812500 0.007812500 0.007812500 0.007812500 0.007812500 0.007812500 0.007812500 0.007812500 0.007812500 0.007812500 0.007812500 0.007812500 0.007812500 0.007812500 0.007812500 0.007812500 0.007812500 0.007812500 0.007812500 0.007812500 0.007812500 0.007812500 0.007812500 0.007812500 0.007812500 0.007812500 0.007812500 0.007812500 0.007812500 0.007812500 0.007812500 0.007812500 0.007812500 0.007812500 0.007812500 0.007812500 0.007812500 0.007812500 0.007812500 0.007812500 0.007812500 0.007812500 0.007812500 0.007812500 0.007812500 0.007812500 0.007812500 0.007812500 0.007812500 0.007812500 0.007812500 0.007812500 0.007812500 0.007812500 0.007812500 0.007812500 0.007812500 0.007812500 0.007812500 0.007812500 0.007812500 0.007812500 0.007812500 0.007812500 0.007812500 0.007812500 0.007812500 0.007812500 0.007812500 0.007812500 0.007812500 0.007812500 0.007812500 0.007812500 0.003906250 0.003906250 0.003906250 0.003906250 0.003906250 0.003906250 0.003906250 0.003906250 0.003906250 0.003906250 0.003906250 0.003906250 0.003906250 0.003906250 0.003906250 0.003906250 0.003906250 0.003906250 0.003906250 0.003906250 0.003906250 0.003906250 0.003906250 0.003906250 0.003906250 0.003906250 0.003906250 0.003906250 0.003906250 0.003906250 0.003906250 0.003906250 0.003906250 0.000000000 0.000000000 0.000000000 0.000000000 0.000000000 0.000000000 0.000000000 0.000000000 0.000000000 0.000000000 0.000000000 0.000000000 0.000000000 0.000000000 
0.007812500 0.007812500 0.007812500 0.007812500 0.007812500 0.007812500 0.007812500 0.007812500 0.007812500 0.007812500 0.007812500 0.007812500 0.007812500 0.007812500 0.007812500 0.007812500 0.007812500 0.007812500 0.007812500 0.007812500 0.007812500 0.007812500 0.007812500 0.007812500 0.007812500 0.007812500 0.007812500 0.007812500 0.007812500 0.007812500 0.007812500 0.007812500 0.007812500 0.007812500 0.007812500 0.007812500 0.007812500 0.007812500 0.007812500 0.007812500 0.003906250 0.003906250 0.003906250 0.003906250 0.003906250 0.003906250 0.003906250 0.003906250 0.003906250 0.003906250 0.003906250 0.003906250 0.003906250 0.003906250 0.003906250 0.003906250 0.003906250 0.003906250 0.003906250 0.003906250 0.003906250 0.003906250 0.003906250 0.003906250 0.003906250 0.003906250 0.003906250 0.003906250 0.003906250 0.003906250 0.003906250 0.003906250 0.000000000 0.000000000 0.000000000 0.000000000 0.000000000 0.000000000 0.000000000 0.000000000 0.000000000 0.000000000 0.000000000 0.000000000 0.000000000 0.000000000 0.000000000 0.000000000 0.000000000 0.000000000 0.000000000 0.000000000 0.000000000 0.000000000 0.000000000 0.000000000 0.000000000 0.000000000 0.000000000 0.000000000 0.003906250 0.003906250 0.003906250 0.003906250 0.003906250 0.003906250 0.003906250 0.003906250 0.003906250 0.003906250 0.003906250 0.003906250 0.003906250 0.003906250 0.003906250 0.003906250 0.003906250 0.003906250 0.003906250 0.003906250 0.003906250 0.003906250 0.003906250 0.003906250 0.003906250 0.003906250 0.003906250 0.003906250 0.003906250 0.003906250 0.003906250 0.003906250 0.007812500 0.007812500 0.007812500 0.007812500 0.007812500 0.007812500 0.007812500 0.007812500 0.007812500 0.007812500 0.007812500 0.007812500 0.007812500 0.007812500 0.007812500 0.007812500 0.007812500 0.007812500 0.007812500 0.007812500 0.007812500 0.007812500 0.007812500 0.007812500 0.007812500 0.007812500 0.007812500 0.007812500 0.007812500 0.007812500 0.007812500 0.007812500 0.007812500 0.007812500 0.007812500 0.007812500 0.007812500 0.007812500 0.007812500 0.007812500 0.007812500 0.007812500 0.007812500 0.007812500 0.007812500 0.007812500 0.007812500 0.007812500 0.007812500 0.007812500 0.007812500 0.007812500 0.007812500 0.007812500 0.007812500 0.007812500 0.007812500 0.007812500 0.007812500 0.007812500 0.007812500 0.007812500 0.007812500 0.007812500 0.007812500 0.007812500 0.007812500 0.007812500 0.007812500 0.007812500 0.007812500 0.007812500 0.007812500 0.007812500 0.007812500 0.007812500 0.007812500 0.007812500 0.003906250 0.003906250 0.003906250 0.003906250 0.003906250 0.003906250 0.003906250 0.003906250 0.003906250 0.003906250 0.003906250 0.003906250 0.003906250 0.003906250 0.003906250 0.003906250 0.003906250 0.003906250 0.003906250 0.003906250 0.003906250 0.003906250 0.003906250 0.003906250 0.003906250 0.003906250 0.003906250 0.003906250 0.003906250 0.003906250 0.003906250 0.003906250 0.003906250 0.000000000 0.000000000 0.000000000 0.000000000 0.000000000 0.000000000 0.000000000 0.000000000 0.000000000 0.000000000 0.000000000 0.000000000 0.000000000 0.000000000 
0.000000000 0.000000000 0.000000000 0.000000000 0.000000000 0.000000000 0.000000000 0.000000000 0.000000000 0.000000000 0.000000000 0.000000000 0.000000000 0.000000000 0.000000000 0.000000000 0.000000000 0.000000000 0.000000000 0.000000000 0.000000000 0.000000000 0.000000000 0.000000000 0.000000000 0.000000000 0.000000000 0.000000000 0.000000000 0.000000000 0.000000000 0.000000000 0.000000000 0.000000000 0.000000000 0.000000000 0.000000000 0.000000000 0.000000000 0.000000000 0.000000000 0.000000000 0.000000000 0.000000000 0.000000000 0.000000000 0.000000000 0.000000000 0.000000000 0.000000000 0.000000000 0.000000000 0.000000000 0.000000000 0.000000000 0.000000000 0.000000000 0.000000000 0.000000000 0.000000000 0.000000000 0.000000000 0.000000000 0.000000000 0.000000000 0.000000000 0.000000000 0.000000000 0.000000000 0.000000000 0.000000000 0.000000000 0.000000000 0.000000000 0.000000000 0.000000000 0.000000000 0.000000000 0.000000000 0.000000000 0.000000000 0.000000000 0.000000000 0.000000000 0.000000000 0.000000000 0.000000000 0.000000000 0.000000000 0.000000000 0.000000000 0.000000000 0.000000000 0.000000000 0.000000000 0.000000000 0.000000000 0.000000000 0.000000000 0.000000000 0.000000000 0.000000000 0.000000000 0.000000000 0.000000000 0.000000000 0.000000000 0.000000000 0.000000000 0.000000000 0.000000000 0.000000000 0.000000000 0.000000000 0.000000000 0.000000000 0.000000000 0.000000000 0.000000000 0.000000000 0.000000000 0.000000000 0.000000000 0.000000000 0.000000000 0.000000000 0.000000000 0.000000000 0.000000000 0.000000000 0.000000000 0.000000000 0.000000000 0.000000000 0.000000000 0.000000000 0.000000000 0.000000000 0.000000000 0.000000000 0.000000000 0.000000000 0.000000000 0.000000000 0.000000000 0.000000000 0.000000000 0.000000000 0.000000000 0.000000000 0.000000000 0.000000000 0.000000000 0.000000000 0.000000000 0.000000000 0.000000000 0.000000000 0.000000000 0.000000000 0.000000000 0.000000000 0.000000000 0.000000000 0.000000000 0.000000000 0.000000000 0.000000000 0.000000000 0.000000000 0.000000000 0.000000000 0.000000000 0.000000000 0.000000000 0.000000000 0.000000000 0.000000000 0.000000000 0.000000000 0.000000000 0.000000000 0.000000000 0.000000000 0.000000000 0.000000000 0.000000000 0.000000000 0.000000000 0.000000000 0.000000000 0.000000000 0.000000000 0.000000000 0.000000000 0.000000000 0.000000000 0.000000000 0.000000000 0.000000000 0.000000000 0.000000000 0.000000000 0.000000000 0.000000000 0.000000000 0.000000000 0.000000000 0.000000000 0.000000000 0.000000000 0.000000000 0.000000000 0.000000000 0.000000000 0.000000000 0.000000000 0.000000000 0.000000000 0.000000000 0.000000000 0.000000000 0.000000000 0.000000000 0.000000000 0.000000000 0.000000000 0.000000000 0.000000000 0.000000000 0.000000000 0.000000000 0.000000000 0.000000000 0.000000000 0.000000000 0.000000000 0.000000000 0.000000000 0.000000000 0.000000000 0.000000000 0.000000000 0.000000000 0.000000000 0.000000000 0.000000000 0.000000000 0.000000000 0.000000000 0.000000000 0.000000000 0.000000000 0.000000000 0.000000000 0.000000000 0.000000000 
0.003906250 0.003906250 0.003906250 0.003906250 0.003906250 0.003906250 0.003906250 0.003906250 0.003906250 0.003906250 0.003906250 0.003906250 0.003906250 0.003906250 0.003906250 0.003906250 0.003906250 0.003906250 0.003906250 0.003906250 0.003906250 0.003906250 0.003906250 0.003906250 0.003906250 0.003906250 0.003906250 0.003906250 0.003906250 0.003906250 0.003906250 0.003906250 0.003906250 0.003906250 0.003906250 0.003906250 0.003906250 0.003906250 0.003906250 0.003906250 0.003906250 0.003906250 0.003906250 0.003906250 0.003906250 0.003906250 0.003906250 0.003906250 0.003906250 0.003906250 0.003906250 0.003906250 0.003906250 0.003906250 0.003906250 0.003906250 0.003906250 0.003906250 0.003906250 0.003906250 0.003906250 0.003906250 0.003906250 0.003906250 0.003906250 0.003906250 0.003906250 0.003906250 0.003906250 0.003906250 0.003906250 0.003906250 0.003906250 0.003906250 0.003906250 0.003906250 0.003906250 0.003906250 0.003906250 0.003906250 0.003906250 0.003906250 0.003906250 0.003906250 0.003906250 0.003906250 0.003906250 0.003906250 0.003906250 0.003906250 0.003906250 0.003906250 0.003906250 0.003906250 0.003906250 0.003906250 0.003906250 0.003906250 0.003906250 0.003906250 0.003906250 0.003906250 0.003906250 0.003906250 0.003906250 0.003906250 0.003906250 0.003906250 0.003906250 0.003906250 0.003906250 0.003906250 0.003906250 0.003906250 0.003906250 0.003906250 0.003906250 0.003906250 0.003906250 0.003906250 0.003906250 0.003906250 0.003906250 0.003906250 0.003906250 0.003906250 0.003906250 0.003906250 0.003906250 0.003906250 0.003906250 0.003906250 0.003906250 0.003906250 0.003906250 0.003906250 0.003906250 0.003906250 0.003906250 0.003906250 0.003906250 0.003906250 0.003906250 0.003906250 0.003906250 0.003906250 0.003906250 0.003906250 0.003906250 0.003906250 0.003906250 0.003906250 0.003906250 0.003906250 0.003906250 0.003906250 0.003906250 0.003906250 0.003906250 0.003906250 0.003906250 0.003906250 0.003906250 0.003906250 0.003906250 0.003906250 0.003906250 0.003906250 0.003906250 0.003906250 0.003906250 0.003906250 0.003906250 0.003906250 0.003906250 0.003906250 0.003906250 0.003906250 0.003906250 0.003906250 0.003906250 0.003906250 0.003906250 0.003906250 0.003906250 0.003906250 0.003906250 0.003906250 0.003906250 0.003906250 0.003906250 0.003906250 0.003906250 0.003906250 0.003906250 0.003906250 0.003906250 0.003906250 0.003906250 0.003906250 0.003906250 0.003906250 0.003906250 0.003906250 0.003906250 0.003906250 0.003906250 0.003906250 0.003906250 0.003906250 0.003906250 0.003906250 0.003906250 0.003906250 0.003906250 0.003906250 0.003906250 0.003906250 0.003906250 0.003906250 0.003906250 0.003906250 0.003906250 0.003906250 0.003906250 0.003906250 0.003906250 0.003906250 0.003906250 0.003906250 0.003906250 0.003906250 0.003906250 0.003906250 0.003906250 0.003906250 0.003906250 0.003906250 0.003906250 0.003906250 0.003906250 0.003906250 0.003906250 0.003906250 0.003906250 0.003906250 0.003906250 0.003906250 0.003906250 0.003906250 0.003906250 0.003906250 0.003906250 0.003906250 0.003906250 0.003906250 0.003906250 
0.003906250 0.003906250 0.003906250 0.003906250 0.003906250 0.003906250 0.003906250 0.003906250 0.003906250 0.003906250 0.003906250 0.003906250 0.003906250 0.003906250 0.003906250 0.003906250 0.003906250 0.003906250 0.003906250 0.003906250 0.003906250 0.003906250 0.003906250 0.003906250 0.003906250 0.003906250 0.003906250 0.003906250 0.003906250 0.003906250 0.003906250 0.003906250 0.003906250 0.003906250 0.003906250 0.003906250 0.003906250 0.003906250 0.003906250 0.003906250 0.003906250 0.003906250 0.003906250 0.003906250 0.003906250 0.003906250 0.003906250 0.003906250 0.003906250 0.003906250 0.003906250 0.003906250 0.003906250 0.003906250 0.003906250 0.003906250 0.003906250 0.003906250 0.003906250 0.003906250 0.003906250 0.003906250 0.003906250 0.003906250 0.003906250 0.003906250 0.003906250 0.003906250 0.003906250 0.003906250 0.003906250 0.003906250 0.003906250 0.003906250 0.003906250 0.003906250 0.003906250 0.003906250 0.003906250 0.003906250 0.003906250 0.003906250 0.003906250 0.003906250 0.003906250 0.003906250 0.003906250 0.003906250 0.003906250 0.003906250 0.003906250 0.003906250 0.003906250 0.003906250 0.003906250 0.003906250 0.003906250 0.003906250 0.003906250 0.003906250 0.003906250 0.003906250 0.003906250 0.003906250 0.003906250 0.003906250 0.003906250 0.003906250 0.003906250 0.003906250 0.003906250 0.003906250 0.003906250 0.003906250 0.003906250 0.003906250 0.003906250 0.003906250 0.003906250 0.003906250 0.003906250 0.003906250 0.003906250 0.003906250 0.003906250 0.003906250 0.003906250 0.003906250 0.003906250 0.003906250 0.003906250 0.003906250 0.003906250 0.003906250 0.003906250 0.003906250 0.003906250 0.003906250 0.003906250 0.003906250 0.003906250 0.003906250 0.003906250 0.003906250 0.003906250 0.003906250 0.003906250 0.003906250 0.003906250 0.003906250 0.003906250 0.003906250 0.003906250 0.003906250 0.003906250 0.003906250 0.003906250 0.003906250 0.003906250 0.003906250 0.003906250 0.003906250 0.003906250 0.003906250 0.003906250 0.003906250 0.003906250 0.003906250 0.003906250 0.003906250 0.003906250 0.003906250 0.003906250 0.003906250 0.003906250 0.003906250 0.003906250 0.003906250 0.003906250 0.003906250 0.003906250 0.003906250 0.003906250 0.003906250 0.003906250 0.003906250 0.003906250 0.003906250 0.003906250 0.003906250 0.003906250 0.003906250 0.003906250 0.003906250 0.003906250 0.003906250 0.003906250 0.003906250 0.003906250 0.003906250 0.003906250 0.003906250 0.003906250 0.003906250 0.003906250 0.003906250 0.003906250 0.003906250 0.003906250 0.003906250 0.003906250 0.003906250 0.003906250 0.003906250 0.003906250 0.003906250 0.003906250 0.003906250 0.003906250 0.003906250 0.003906250 0.003906250 0.003906250 0.003906250 0.003906250 0.003906250 0.003906250 0.003906250 0.003906250 0.003906250 0.003906250 0.003906250 0.003906250 0.003906250 0.003906250 0.003906250 0.003906250 0.003906250 0.003906250 0.003906250 0.003906250 0.003906250 0.003906250 0.003906250 0.003906250 0.003906250 0.003906250 0.003906250 0.003906250 0.003906250 0.003906250 0.003906250 0.003906250 0.003906250 0.003906250 0.003906250 0.003906250 
0.019531250 0.027343750 0.023437500 0.019531250 0.027343750 0.023437500 0.019531250 0.027343750 0.023437500 0.019531250 0.027343750 0.019531250 0.019531250 0.027343750 0.019531250 0.019531250 0.023437500 0.019531250 0.019531250 0.023437500 0.015625000 0.019531250 0.023437500 0.015625000 0.019531250 0.019531250 0.015625000 0.019531250 0.019531250 0.011718750 0.019531250 0.015625000 0.011718750 0.019531250 0.015625000 0.011718750 0.019531250 0.011718750 0.011718750 0.015625000 0.011718750 0.011718750 0.015625000 0.007812500 0.011718750 0.015625000 0.007812500 0.011718750 0.011718750 0.003906250 0.011718750 0.011718750 0.003906250 0.011718750 0.011718750 0.003906250 0.011718750 0.011718750 0.003906250 0.011718750 0.007812500 0.003906250 0.011718750 0.007812500 0.003906250 0.011718750 0.007812500 0.003906250 0.011718750 0.007812500 0.003906250 0.011718750 0.007812500 0.003906250 0.011718750 0.007812500 0.007812500 0.011718750 0.003906250 0.007812500 0.011718750 0.003906250 0.007812500 0.011718750 0.003906250 0.007812500 0.007812500 0.003906250 0.007812500 0.007812500 0.003906250 0.007812500 0.007812500 0.003906250 0.007812500 0.003906250 0.003906250 0.007812500 0.003906250 0.003906250 0.007812500 0.003906250 0.003906250 0.007812500 0.000000000 0.007812500 0.007812500 0.000000000 0.007812500 0.003906250 0.003906250 0.007812500 0.003906250 0.003906250 0.007812500 0.000000000 0.007812500 0.003906250 0.000000000 0.007812500 0.003906250 0.003906250 0.007812500 0.003906250 0.003906250 0.007812500 0.003906250 0.007812500 0.007812500 0.003906250 0.007812500 0.007812500 0.003906250 0.011718750 0.007812500 0.003906250 0.011718750 0.007812500 0.007812500 0.011718750 0.007812500 0.007812500 0.011718750 0.003906250 0.007812500 0.011718750 0.003906250 0.011718750 0.011718750 0.003906250 0.011718750 0.011718750 0.003906250 0.011718750 0.011718750 0.003906250 0.011718750 0.007812500 0.007812500 0.011718750 0.007812500 0.007812500 0.011718750 0.003906250 0.007812500 0.011718750 0.003906250 0.007812500 0.011718750 0.003906250 0.007812500 0.007812500 0.003906250 0.011718750 0.007812500 0.003906250 0.007812500 0.003906250 0.003906250 0.007812500 0.003906250 0.003906250 0.007812500 0.000000000 0.007812500 0.007812500 0.000000000 0.007812500 0.003906250 0.003906250 0.007812500 0.003906250 0.003906250 0.007812500 0.003906250 0.003906250 0.007812500 0.000000000 0.007812500 0.003906250 0.003906250 0.007812500 0.003906250 0.003906250 0.007812500 0.003906250 0.003906250 0.007812500 0.000000000 0.007812500 0.007812500 0.000000000 0.007812500 0.007812500 0.000000000 0.007812500 0.007812500 0.003906250 0.007812500 0.003906250 0.003906250 0.007812500 0.003906250 0.003906250 0.007812500 0.003906250 0.007812500 0.007812500 0.000000000 0.007812500 0.007812500 0.000000000 0.007812500 0.007812500 0.000000000 0.007812500 0.003906250 0.003906250 0.007812500 0.003906250 0.003906250 0.007812500 0.003906250 0.003906250 0.007812500 0.003906250 0.003906250 0.003906250 0.003906250 0.003906250 0.003906250 0.003906250 0.003906250 0.003906250 0.003906250 0.003906250 0.003906250 
0.007812500 0.089843750 0.109375000 0.140625000 0.179687500 0.132812500 0.074218750 0.058593750 0.019531250 0.089843750 0.093750000 0.093750000 0.121093750 0.082031250 0.019531250 0.023437500 0.023437500 0.058593750 0.046875000 0.023437500 0.042968750 0.039062500 0.019531250 0.003906250 0.027343750 0.027343750 0.011718750 0.031250000 0.015625000 0.015625000 0.023437500 0.007812500 0.031250000 0.023437500 0.019531250 0.039062500 0.027343750 0.003906250 0.007812500 0.015625000 0.031250000 0.019531250 0.007812500 0.019531250 0.019531250 0.015625000 0.000000000 0.015625000 0.019531250 0.007812500 0.007812500 0.007812500 0.011718750 0.011718750 0.000000000 0.015625000 0.011718750 0.000000000 0.011718750 0.011718750 0.007812500 0.007812500 0.003906250 0.015625000 0.015625000 0.003906250 0.007812500 0.011718750 0.011718750 0.007812500 0.003906250 0.011718750 0.011718750 0.007812500 0.003906250 0.011718750 0.011718750 0.003906250 0.007812500 0.007812500 0.007812500 0.007812500 0.003906250 0.011718750 0.011718750 0.000000000 0.011718750 0.011718750 0.003906250 0.007812500 0.007812500 0.003906250 0.007812500 0.003906250 0.007812500 0.011718750 0.007812500 0.007812500 0.011718750 0.007812500 0.003906250 0.007812500 0.003906250 0.007812500 0.003906250 0.007812500 0.011718750 0.007812500 0.007812500 0.011718750 0.007812500 0.003906250 0.003906250 0.000000000 0.007812500 0.007812500 0.007812500 0.011718750 0.011718750 0.007812500 0.011718750 0.007812500 0.007812500 0.011718750 0.003906250 0.007812500 0.003906250 0.003906250 0.011718750 0.007812500 0.003906250 0.011718750 0.015625000 0.003906250 0.011718750 0.011718750 0.003906250 0.011718750 0.007812500 0.015625000 0.023437500 0.011718750 0.011718750 0.015625000 0.003906250 0.015625000 0.011718750 0.003906250 0.015625000 0.007812500 0.007812500 0.011718750 0.007812500 0.007812500 0.015625000 0.015625000 0.003906250 0.015625000 0.015625000 0.003906250 0.011718750 0.003906250 0.019531250 0.023437500 0.007812500 0.015625000 0.011718750 0.003906250 0.011718750 0.003906250 0.011718750 0.015625000 0.007812500 0.003906250 0.007812500 0.007812500 0.003906250 0.011718750 0.007812500 0.007812500 0.015625000 0.011718750 0.003906250 0.007812500 0.007812500 0.019531250 0.015625000 0.011718750 0.015625000 0.007812500 0.003906250 0.003906250 0.007812500 0.011718750 0.007812500 0.003906250 0.007812500 0.011718750 0.007812500 0.003906250 0.007812500 0.003906250 0.011718750 0.011718750 0.011718750 0.011718750 0.003906250 0.011718750 0.011718750 0.011718750 0.019531250 0.011718750 0.000000000 0.003906250 0.007812500 0.015625000 0.007812500 0.003906250 0.007812500 0.011718750 0.015625000 0.007812500 0.011718750 0.011718750 0.003906250 0.011718750 0.007812500 0.015625000 0.015625000 0.003906250 0.007812500 0.003906250 0.011718750 0.015625000 0.007812500 0.003906250 0.003906250 0.011718750 0.011718750 0.007812500 0.007812500 0.003906250 0.011718750 0.011718750 0.011718750 0.015625000 0.011718750 0.003906250 0.003906250 0.007812500 0.011718750 0.011718750 0.007812500 0.003906250 0.000000000 0.007812500 0.007812500 
0.007812500 0.089843750 0.109375000 0.140625000 0.179687500 0.132812500 0.074218750 0.058593750 0.019531250 0.089843750 0.093750000 0.093750000 0.121093750 0.082031250 0.019531250 0.023437500 0.023437500 0.058593750 0.046875000 0.023437500 0.042968750 0.039062500 0.019531250 0.003906250 0.027343750 0.027343750 0.011718750 0.031250000 0.015625000 0.015625000 0.023437500 0.007812500 0.031250000 0.023437500 0.019531250 0.039062500 0.027343750 0.003906250 0.007812500 0.015625000 0.031250000 0.019531250 0.007812500 0.019531250 0.019531250 0.015625000 0.000000000 0.015625000 0.019531250 0.007812500 0.007812500 0.007812500 0.011718750 0.011718750 0.000000000 0.015625000 0.011718750 0.000000000 0.011718750 0.011718750 0.007812500 0.007812500 0.003906250 0.015625000 0.015625000 0.003906250 0.007812500 0.011718750 0.011718750 0.007812500 0.003906250 0.011718750 0.011718750 0.007812500 0.003906250 0.011718750 0.011718750 0.003906250 0.007812500 0.007812500 0.007812500 0.007812500 0.003906250 0.011718750 0.011718750 0.000000000 0.011718750 0.011718750 0.003906250 0.007812500 0.007812500 0.003906250 0.007812500 0.003906250 0.007812500 0.011718750 0.007812500 0.007812500 0.011718750 0.007812500 0.003906250 0.007812500 0.003906250 0.007812500 0.003906250 0.007812500 0.011718750 0.007812500 0.007812500 0.011718750 0.007812500 0.003906250 0.003906250 0.000000000 0.007812500 0.007812500 0.007812500 0.011718750 0.011718750 0.007812500 0.011718750 0.007812500 0.007812500 0.011718750 0.003906250 0.007812500 0.003906250 0.003906250 0.011718750 0.007812500 0.003906250 0.011718750 0.015625000 0.003906250 0.011718750 0.011718750 0.003906250 0.011718750 0.007812500 0.015625000 0.023437500 0.011718750 0.011718750 0.015625000 0.003906250 0.015625000 0.011718750 0.003906250 0.015625000 0.007812500 0.007812500 0.011718750 0.007812500 0.007812500 0.015625000 0.015625000 0.003906250 0.015625000 0.015625000 0.003906250 0.011718750 0.003906250 0.019531250 0.023437500 0.007812500 0.015625000 0.011718750 0.003906250 0.011718750 0.003906250 0.011718750 0.015625000 0.007812500 0.003906250 0.007812500 0.007812500 0.003906250 0.011718750 0.007812500 0.007812500 0.015625000 0.011718750 0.003906250 0.007812500 0.007812500 0.019531250 0.015625000 0.011718750 0.015625000 0.007812500 0.003906250 0.003906250 0.007812500 0.011718750 0.007812500 0.003906250 0.007812500 0.011718750 0.007812500 0.003906250 0.007812500 0.003906250 0.011718750 0.011718750 0.011718750 0.011718750 0.003906250 0.011718750 0.011718750 0.011718750 0.019531250 0.011718750 0.000000000 0.003906250 0.007812500 0.015625000 0.007812500 0.003906250 0.007812500 0.011718750 0.015625000 0.007812500 0.011718750 0.011718750 0.003906250 0.011718750 0.007812500 0.015625000 0.015625000 0.003906250 0.007812500 0.003906250 0.011718750 0.015625000 0.007812500 0.003906250 0.003906250 0.011718750 0.011718750 0.007812500 0.007812500 0.003906250 0.011718750 0.011718750 0.011718750 0.015625000 0.011718750 0.003906250 0.003906250 0.007812500 0.011718750 0.011718750 0.007812500 0.003906250 0.000000000 0.007812500 0.007812500 
0.042968750 0.054687500 0.144531250 0.125000000 0.183593750 0.113281250 0.109375000 0.039062500 0.042968750 0.050781250 0.121093750 0.085937500 0.117187500 0.070312500 0.046875000 0.031250000 0.035156250 0.023437500 0.062500000 0.027343750 0.039062500 0.027343750 0.000000000 0.023437500 0.015625000 0.015625000 0.011718750 0.015625000 0.015625000 0.015625000 0.007812500 0.011718750 0.011718750 0.027343750 0.023437500 0.027343750 0.019531250 0.011718750 0.003906250 0.007812500 0.019531250 0.019531250 0.015625000 0.019531250 0.003906250 0.011718750 0.015625000 0.003906250 0.015625000 0.007812500 0.007812500 0.007812500 0.007812500 0.007812500 0.011718750 0.007812500 0.015625000 0.003906250 0.015625000 0.007812500 0.007812500 0.011718750 0.011718750 0.011718750 0.019531250 0.000000000 0.015625000 0.011718750 0.007812500 0.011718750 0.011718750 0.007812500 0.015625000 0.007812500 0.011718750 0.011718750 0.007812500 0.015625000 0.007812500 0.011718750 0.011718750 0.011718750 0.007812500 0.015625000 0.003906250 0.019531250 0.007812500 0.015625000 0.011718750 0.007812500 0.011718750 0.011718750 0.007812500 0.011718750 0.011718750 0.011718750 0.015625000 0.007812500 0.019531250 0.003906250 0.015625000 0.007812500 0.011718750 0.011718750 0.015625000 0.007812500 0.019531250 0.003906250 0.015625000 0.011718750 0.011718750 0.015625000 0.007812500 0.011718750 0.011718750 0.011718750 0.011718750 0.019531250 0.007812500 0.019531250 0.003906250 0.019531250 0.003906250 0.015625000 0.003906250 0.011718750 0.007812500 0.011718750 0.003906250 0.015625000 0.007812500 0.011718750 0.015625000 0.003906250 0.015625000 0.000000000 0.007812500 0.007812500 0.011718750 0.011718750 0.015625000 0.011718750 0.011718750 0.007812500 0.007812500 0.007812500 0.007812500 0.007812500 0.003906250 0.003906250 0.003906250 0.007812500 0.003906250 0.007812500 0.011718750 0.003906250 0.019531250 0.007812500 0.011718750 0.007812500 0.015625000 0.000000000 0.023437500 0.011718750 0.023437500 0.015625000 0.011718750 0.007812500 0.015625000 0.003906250 0.015625000 0.011718750 0.007812500 0.011718750 0.007812500 0.007812500 0.007812500 0.011718750 0.007812500 0.015625000 0.015625000 0.011718750 0.011718750 0.007812500 0.007812500 0.015625000 0.019531250 0.015625000 0.015625000 0.003906250 0.000000000 0.003906250 0.011718750 0.007812500 0.007812500 0.007812500 0.003906250 0.007812500 0.011718750 0.003906250 0.007812500 0.007812500 0.015625000 0.011718750 0.019531250 0.003906250 0.015625000 0.011718750 0.015625000 0.011718750 0.023437500 0.000000000 0.015625000 0.015625000 0.007812500 0.015625000 0.015625000 0.007812500 0.015625000 0.015625000 0.003906250 0.023437500 0.007812500 0.015625000 0.007812500 0.015625000 0.003906250 0.019531250 0.007812500 0.015625000 0.003906250 0.011718750 0.003906250 0.015625000 0.003906250 0.003906250 0.007812500 0.007812500 0.007812500 0.011718750 0.003906250 0.000000000 0.007812500 0.011718750 0.011718750 0.015625000 0.011718750 0.003906250 0.000000000 0.011718750 0.007812500 0.015625000 0.007812500 0.003906250 0.003906250 0.011718750 0.003906250 
