0.011718750 0.011718750 0.015625000 0.015625000 0.015625000 0.015625000 0.011718750 0.007812500 0.007812500 0.011718750 0.019531250 0.019531250 0.023437500 0.023437500 0.019531250 0.015625000 0.011718750 0.007812500 0.007812500 0.007812500 0.011718750 0.011718750 0.007812500 0.007812500 0.003906250 0.003906250 0.007812500 0.007812500 0.007812500 0.007812500 0.003906250 0.000000000 0.003906250 0.007812500 0.011718750 0.011718750 0.015625000 0.015625000 0.015625000 0.015625000 0.011718750 0.011718750 0.011718750 0.007812500 0.007812500 0.011718750 0.011718750 0.011718750 0.011718750 0.011718750 0.007812500 0.003906250 0.000000000 0.003906250 0.007812500 0.011718750 0.015625000 0.015625000 0.015625000 0.015625000 0.011718750 0.011718750 0.007812500 0.007812500 0.007812500 0.011718750 0.011718750 0.011718750 0.011718750 0.011718750 0.011718750 0.007812500 0.007812500 0.007812500 0.011718750 0.015625000 0.019531250 0.019531250 0.019531250 0.019531250 0.015625000 0.011718750 0.007812500 0.003906250 0.000000000 0.003906250 0.003906250 0.003906250 0.003906250 0.003906250 0.007812500 0.011718750 0.011718750 0.015625000 0.015625000 0.011718750 0.011718750 0.007812500 0.003906250 0.003906250 0.003906250 0.007812500 0.007812500 0.007812500 0.003906250 0.000000000 0.003906250 0.007812500 0.011718750 0.015625000 0.019531250 0.019531250 0.019531250 0.019531250 0.023437500 0.023437500 0.027343750 0.031250000 0.035156250 0.039062500 0.042968750 0.046875000 0.050781250 0.050781250 0.046875000 0.046875000 0.042968750 0.042968750 0.042968750 0.042968750 0.042968750 0.046875000 0.042968750 0.042968750 0.042968750 0.039062500 0.039062500 0.039062500 0.039062500 0.039062500 0.039062500 0.035156250 0.031250000 0.023437500 0.019531250 0.011718750 0.007812500 0.003906250 0.003906250 0.003906250 0.003906250 0.007812500 0.007812500 0.011718750 0.011718750 0.015625000 0.015625000 0.011718750 0.011718750 0.011718750 0.007812500 0.007812500 0.007812500 0.011718750 0.011718750 0.011718750 0.015625000 0.019531250 0.019531250 0.023437500 0.023437500 0.023437500 0.023437500 0.019531250 0.019531250 0.015625000 0.015625000 0.015625000 0.015625000 0.019531250 0.019531250 0.023437500 0.027343750 0.031250000 0.035156250 0.039062500 0.042968750 0.042968750 0.042968750 0.042968750 0.039062500 0.039062500 0.035156250 0.031250000 0.027343750 0.023437500 0.019531250 0.019531250 0.015625000 0.015625000 0.011718750 0.007812500 0.003906250 0.003906250 0.007812500 0.007812500 0.007812500 0.007812500 0.003906250 0.003906250 0.003906250 0.007812500 0.011718750 0.011718750 0.011718750 0.011718750 0.007812500 0.003906250 0.003906250 0.007812500 0.011718750 0.011718750 0.011718750 0.011718750 0.007812500 0.007812500 0.003906250 0.007812500 0.007812500 0.007812500 0.007812500 0.003906250 0.000000000 0.003906250 0.011718750 0.015625000 0.019531250 0.019531250 0.019531250 0.019531250 0.015625000 0.011718750 0.007812500 0.003906250 0.003906250 0.000000000 0.000000000 0.003906250 0.003906250 0.007812500 0.007812500 0.011718750 0.011718750 0.011718750 0.007812500 0.003906250 0.003906250 
0.011718750 0.011718750 0.011718750 0.011718750 0.011718750 0.011718750 0.011718750 0.011718750 0.011718750 0.011718750 0.011718750 0.011718750 0.011718750 0.011718750 0.011718750 0.007812500 0.007812500 0.007812500 0.007812500 0.007812500 0.007812500 0.007812500 0.007812500 0.007812500 0.007812500 0.007812500 0.007812500 0.003906250 0.003906250 0.003906250 0.003906250 0.003906250 0.003906250 0.003906250 0.003906250 0.003906250 0.003906250 0.003906250 0.000000000 0.000000000 0.000000000 0.000000000 0.000000000 0.000000000 0.000000000 0.000000000 0.000000000 0.000000000 0.000000000 0.000000000 0.003906250 0.003906250 0.003906250 0.003906250 0.003906250 0.003906250 0.003906250 0.003906250 0.003906250 0.003906250 0.003906250 0.003906250 0.003906250 0.003906250 0.003906250 0.003906250 0.003906250 0.003906250 0.003906250 0.003906250 0.003906250 0.003906250 0.003906250 0.003906250 0.003906250 0.003906250 0.003906250 0.003906250 0.003906250 0.000000000 0.000000000 0.000000000 0.000000000 0.000000000 0.000000000 0.000000000 0.000000000 0.000000000 0.000000000 0.000000000 0.000000000 0.003906250 0.003906250 0.003906250 0.003906250 0.003906250 0.003906250 0.003906250 0.003906250 0.003906250 0.003906250 0.003906250 0.007812500 0.007812500 0.007812500 0.007812500 0.007812500 0.007812500 0.007812500 0.007812500 0.007812500 0.007812500 0.007812500 0.007812500 0.011718750 0.011718750 0.011718750 0.011718750 0.011718750 0.011718750 0.011718750 0.011718750 0.011718750 0.011718750 0.011718750 0.011718750 0.011718750 0.011718750 0.011718750 0.011718750 0.011718750 0.011718750 0.011718750 0.011718750 0.011718750 0.011718750 0.011718750 0.011718750 0.011718750 0.011718750 0.011718750 0.011718750 0.011718750 0.007812500 0.007812500 0.007812500 0.007812500 0.007812500 0.007812500 0.007812500 0.007812500 0.007812500 0.007812500 0.007812500 0.007812500 0.003906250 0.003906250 0.003906250 0.003906250 0.003906250 0.003906250 0.003906250 0.003906250 0.003906250 0.003906250 0.003906250 0.000000000 0.000000000 0.000000000 0.000000000 0.000000000 0.000000000 0.000000000 0.000000000 0.000000000 0.000000000 0.000000000 0.000000000 0.003906250 0.003906250 0.003906250 0.003906250 0.003906250 0.003906250 0.003906250 0.003906250 0.003906250 0.003906250 0.003906250 0.003906250 0.003906250 0.003906250 0.003906250 0.003906250 0.003906250 0.003906250 0.003906250 0.003906250 0.003906250 0.003906250 0.003906250 0.003906250 0.003906250 0.003906250 0.003906250 0.003906250 0.003906250 0.000000000 0.000000000 0.000000000 0.000000000 0.000000000 0.000000000 0.000000000 0.000000000 0.000000000 0.000000000 0.000000000 0.000000000 0.003906250 0.003906250 0.003906250 0.003906250 0.003906250 0.003906250 0.003906250 0.003906250 0.003906250 0.003906250 0.003906250 0.007812500 0.007812500 0.007812500 0.007812500 0.007812500 0.007812500 0.007812500 0.007812500 0.007812500 0.007812500 0.007812500 0.007812500 0.011718750 0.011718750 0.011718750 0.011718750 0.011718750 0.011718750 0.011718750 0.011718750 0.011718750 0.011718750 0.011718750 0.011718750 0.011718750 0.011718750 0.011718750 
0.011718750 0.011718750 0.011718750 0.011718750 0.011718750 0.011718750 0.011718750 0.011718750 0.011718750 0.011718750 0.011718750 0.011718750 0.011718750 0.011718750 0.011718750 0.007812500 0.007812500 0.007812500 0.007812500 0.007812500 0.007812500 0.007812500 0.007812500 0.007812500 0.007812500 0.007812500 0.007812500 0.003906250 0.003906250 0.003906250 0.003906250 0.003906250 0.003906250 0.003906250 0.003906250 0.003906250 0.003906250 0.003906250 0.000000000 0.000000000 0.000000000 0.000000000 0.000000000 0.000000000 0.000000000 0.000000000 0.000000000 0.000000000 0.000000000 0.000000000 0.003906250 0.003906250 0.003906250 0.003906250 0.003906250 0.003906250 0.003906250 0.003906250 0.003906250 0.003906250 0.003906250 0.003906250 0.003906250 0.003906250 0.003906250 0.003906250 0.003906250 0.003906250 0.003906250 0.003906250 0.003906250 0.003906250 0.003906250 0.003906250 0.003906250 0.003906250 0.003906250 0.003906250 0.003906250 0.000000000 0.000000000 0.000000000 0.000000000 0.000000000 0.000000000 0.000000000 0.000000000 0.000000000 0.000000000 0.000000000 0.000000000 0.003906250 0.003906250 0.003906250 0.003906250 0.003906250 0.003906250 0.003906250 0.003906250 0.003906250 0.003906250 0.003906250 0.007812500 0.007812500 0.007812500 0.007812500 0.007812500 0.007812500 0.007812500 0.007812500 0.007812500 0.007812500 0.007812500 0.007812500 0.011718750 0.011718750 0.011718750 0.011718750 0.011718750 0.011718750 0.011718750 0.011718750 0.011718750 0.011718750 0.011718750 0.011718750 0.011718750 0.011718750 0.011718750 0.011718750 0.011718750 0.011718750 0.011718750 0.011718750 0.011718750 0.011718750 0.011718750 0.011718750 0.011718750 0.011718750 0.011718750 0.011718750 0.011718750 0.007812500 0.007812500 0.007812500 0.007812500 0.007812500 0.007812500 0.007812500 0.007812500 0.007812500 0.007812500 0.007812500 0.007812500 0.003906250 0.003906250 0.003906250 0.003906250 0.003906250 0.003906250 0.003906250 0.003906250 0.003906250 0.003906250 0.003906250 0.000000000 0.000000000 0.000000000 0.000000000 0.000000000 0.000000000 0.000000000 0.000000000 0.000000000 0.000000000 0.000000000 0.000000000 0.003906250 0.003906250 0.003906250 0.003906250 0.003906250 0.003906250 0.003906250 0.003906250 0.003906250 0.003906250 0.003906250 0.003906250 0.003906250 0.003906250 0.003906250 0.003906250 0.003906250 0.003906250 0.003906250 0.003906250 0.003906250 0.003906250 0.003906250 0.003906250 0.003906250 0.003906250 0.003906250 0.003906250 0.003906250 0.000000000 0.000000000 0.000000000 0.000000000 0.000000000 0.000000000 0.000000000 0.000000000 0.000000000 0.000000000 0.000000000 0.000000000 0.003906250 0.003906250 0.003906250 0.003906250 0.003906250 0.003906250 0.003906250 0.003906250 0.003906250 0.003906250 0.003906250 0.007812500 0.007812500 0.007812500 0.007812500 0.007812500 0.007812500 0.007812500 0.007812500 0.007812500 0.007812500 0.007812500 0.007812500 0.011718750 0.011718750 0.011718750 0.011718750 0.011718750 0.011718750 0.011718750 0.011718750 0.011718750 0.011718750 0.011718750 0.011718750 0.011718750 0.011718750 0.011718750 
0.011718750 0.011718750 0.011718750 0.011718750 0.011718750 0.011718750 0.011718750 0.011718750 0.011718750 0.011718750 0.011718750 0.011718750 0.011718750 0.011718750 0.011718750 0.007812500 0.007812500 0.007812500 0.007812500 0.007812500 0.007812500 0.007812500 0.007812500 0.007812500 0.007812500 0.007812500 0.007812500 0.003906250 0.003906250 0.003906250 0.003906250 0.003906250 0.003906250 0.003906250 0.003906250 0.003906250 0.003906250 0.003906250 0.000000000 0.000000000 0.000000000 0.000000000 0.000000000 0.000000000 0.000000000 0.000000000 0.000000000 0.000000000 0.000000000 0.000000000 0.003906250 0.003906250 0.003906250 0.003906250 0.003906250 0.003906250 0.003906250 0.003906250 0.003906250 0.003906250 0.003906250 0.003906250 0.003906250 0.003906250 0.003906250 0.003906250 0.003906250 0.003906250 0.003906250 0.003906250 0.003906250 0.003906250 0.003906250 0.003906250 0.003906250 0.003906250 0.003906250 0.003906250 0.003906250 0.000000000 0.000000000 0.000000000 0.000000000 0.000000000 0.000000000 0.000000000 0.000000000 0.000000000 0.000000000 0.000000000 0.000000000 0.003906250 0.003906250 0.003906250 0.003906250 0.003906250 0.003906250 0.003906250 0.003906250 0.003906250 0.003906250 0.003906250 0.007812500 0.007812500 0.007812500 0.007812500 0.007812500 0.007812500 0.007812500 0.007812500 0.007812500 0.007812500 0.007812500 0.007812500 0.011718750 0.011718750 0.011718750 0.011718750 0.011718750 0.011718750 0.011718750 0.011718750 0.011718750 0.011718750 0.011718750 0.011718750 0.011718750 0.011718750 0.011718750 0.011718750 0.011718750 0.011718750 0.011718750 0.011718750 0.011718750 0.011718750 0.011718750 0.011718750 0.011718750 0.011718750 0.011718750 0.011718750 0.011718750 0.007812500 0.007812500 0.007812500 0.007812500 0.007812500 0.007812500 0.007812500 0.007812500 0.007812500 0.007812500 0.007812500 0.007812500 0.003906250 0.003906250 0.003906250 0.003906250 0.003906250 0.003906250 0.003906250 0.003906250 0.003906250 0.003906250 0.003906250 0.000000000 0.000000000 0.000000000 0.000000000 0.000000000 0.000000000 0.000000000 0.000000000 0.000000000 0.000000000 0.000000000 0.000000000 0.003906250 0.003906250 0.003906250 0.003906250 0.003906250 0.003906250 0.003906250 0.003906250 0.003906250 0.003906250 0.003906250 0.003906250 0.003906250 0.003906250 0.003906250 0.003906250 0.003906250 0.003906250 0.003906250 0.003906250 0.003906250 0.003906250 0.003906250 0.003906250 0.003906250 0.003906250 0.003906250 0.003906250 0.003906250 0.000000000 0.000000000 0.000000000 0.000000000 0.000000000 0.000000000 0.000000000 0.000000000 0.000000000 0.000000000 0.000000000 0.000000000 0.003906250 0.003906250 0.003906250 0.003906250 0.003906250 0.003906250 0.003906250 0.003906250 0.003906250 0.003906250 0.003906250 0.007812500 0.007812500 0.007812500 0.007812500 0.007812500 0.007812500 0.007812500 0.007812500 0.007812500 0.007812500 0.007812500 0.007812500 0.011718750 0.011718750 0.011718750 0.011718750 0.011718750 0.011718750 0.011718750 0.011718750 0.011718750 0.011718750 0.011718750 0.011718750 0.011718750 0.011718750 0.011718750 
0.000000000 0.000000000 0.000000000 0.000000000 0.000000000 0.000000000 0.000000000 0.000000000 0.000000000 0.000000000 0.000000000 0.000000000 0.000000000 0.000000000 0.000000000 0.000000000 0.000000000 0.000000000 0.000000000 0.000000000 0.000000000 0.000000000 0.000000000 0.000000000 0.000000000 0.000000000 0.000000000 0.000000000 0.000000000 0.000000000 0.000000000 0.000000000 0.000000000 0.000000000 0.000000000 0.000000000 0.000000000 0.000000000 0.000000000 0.000000000 0.000000000 0.000000000 0.000000000 0.000000000 0.000000000 0.000000000 0.000000000 0.000000000 0.000000000 0.000000000 0.000000000 0.000000000 0.000000000 0.000000000 0.000000000 0.000000000 0.000000000 0.000000000 0.000000000 0.000000000 0.000000000 0.000000000 0.000000000 0.000000000 0.000000000 0.000000000 0.000000000 0.000000000 0.000000000 0.000000000 0.000000000 0.000000000 0.000000000 0.000000000 0.000000000 0.000000000 0.000000000 0.000000000 0.000000000 0.000000000 0.000000000 0.000000000 0.000000000 0.000000000 0.000000000 0.000000000 0.000000000 0.000000000 0.000000000 0.000000000 0.000000000 0.000000000 0.000000000 0.000000000 0.000000000 0.000000000 0.000000000 0.000000000 0.000000000 0.000000000 0.000000000 0.000000000 0.000000000 0.000000000 0.000000000 0.000000000 0.000000000 0.000000000 0.000000000 0.000000000 0.000000000 0.000000000 0.000000000 0.000000000 0.000000000 0.000000000 0.000000000 0.000000000 0.000000000 0.000000000 0.000000000 0.000000000 0.000000000 0.000000000 0.000000000 0.000000000 0.000000000 0.000000000 0.000000000 0.000000000 0.000000000 0.000000000 0.000000000 0.000000000 0.000000000 0.000000000 0.000000000 0.000000000 0.000000000 0.000000000 0.000000000 0.000000000 0.000000000 0.000000000 0.000000000 0.000000000 0.000000000 0.000000000 0.000000000 0.000000000 0.000000000 0.000000000 0.000000000 0.000000000 0.000000000 0.000000000 0.000000000 0.000000000 0.000000000 0.000000000 0.000000000 0.000000000 0.000000000 0.000000000 0.000000000 0.000000000 0.000000000 0.000000000 0.000000000 0.000000000 0.000000000 0.000000000 0.000000000 0.000000000 0.000000000 0.000000000 0.000000000 0.000000000 0.000000000 0.000000000 0.000000000 0.000000000 0.000000000 0.000000000 0.000000000 0.000000000 0.000000000 0.000000000 0.000000000 0.000000000 0.000000000 0.000000000 0.000000000 0.000000000 0.000000000 0.000000000 0.000000000 0.000000000 0.000000000 0.000000000 0.000000000 0.000000000 0.000000000 0.000000000 0.000000000 0.000000000 0.000000000 0.000000000 0.000000000 0.000000000 0.000000000 0.000000000 0.000000000 0.000000000 0.000000000 0.000000000 0.000000000 0.000000000 0.000000000 0.000000000 0.000000000 0.000000000 0.000000000 0.000000000 0.000000000 0.000000000 0.000000000 0.000000000 0.000000000 0.000000000 0.000000000 0.000000000 0.000000000 0.000000000 0.000000000 0.000000000 0.000000000 0.000000000 0.000000000 0.000000000 0.000000000 0.000000000 0.000000000 0.000000000 0.000000000 0.000000000 0.000000000 0.000000000 0.000000000 0.000000000 0.000000000 0.000000000 0.000000000 0.000000000 0.000000000 0.000000000 0.000000000 
0.000000000 0.000000000 0.000000000 0.000000000 0.000000000 0.000000000 0.000000000 0.000000000 0.000000000 0.000000000 0.000000000 0.000000000 0.000000000 0.000000000 0.000000000 0.000000000 0.000000000 0.000000000 0.000000000 0.000000000 0.000000000 0.000000000 0.000000000 0.000000000 0.000000000 0.000000000 0.000000000 0.000000000 0.000000000 0.000000000 0.000000000 0.000000000 0.000000000 0.000000000 0.000000000 0.000000000 0.000000000 0.000000000 0.000000000 0.000000000 0.000000000 0.000000000 0.000000000 0.000000000 0.000000000 0.000000000 0.000000000 0.000000000 0.000000000 0.000000000 0.000000000 0.000000000 0.000000000 0.000000000 0.000000000 0.000000000 0.000000000 0.000000000 0.000000000 0.000000000 0.000000000 0.000000000 0.000000000 0.000000000 0.000000000 0.000000000 0.000000000 0.000000000 0.000000000 0.000000000 0.000000000 0.000000000 0.000000000 0.000000000 0.000000000 0.000000000 0.000000000 0.000000000 0.000000000 0.000000000 0.000000000 0.000000000 0.000000000 0.000000000 0.000000000 0.000000000 0.000000000 0.000000000 0.000000000 0.000000000 0.000000000 0.000000000 0.000000000 0.000000000 0.000000000 0.000000000 0.000000000 0.000000000 0.000000000 0.000000000 0.000000000 0.000000000 0.000000000 0.000000000 0.000000000 0.000000000 0.000000000 0.000000000 0.000000000 0.000000000 0.000000000 0.000000000 0.000000000 0.000000000 0.000000000 0.000000000 0.000000000 0.000000000 0.000000000 0.000000000 0.000000000 0.000000000 0.000000000 0.000000000 0.000000000 0.000000000 0.000000000 0.000000000 0.000000000 0.000000000 0.000000000 0.000000000 0.000000000 0.000000000 0.000000000 0.000000000 0.000000000 0.000000000 0.000000000 0.000000000 0.000000000 0.000000000 0.000000000 0.000000000 0.000000000 0.000000000 0.000000000 0.000000000 0.000000000 0.000000000 0.000000000 0.000000000 0.000000000 0.000000000 0.000000000 0.000000000 0.000000000 0.000000000 0.000000000 0.000000000 0.000000000 0.000000000 0.000000000 0.000000000 0.000000000 0.000000000 0.000000000 0.000000000 0.000000000 0.000000000 0.000000000 0.000000000 0.000000000 0.000000000 0.000000000 0.000000000 0.000000000 0.000000000 0.000000000 0.000000000 0.000000000 0.000000000 0.000000000 0.000000000 0.000000000 0.000000000 0.000000000 0.000000000 0.000000000 0.000000000 0.000000000 0.000000000 0.000000000 0.000000000 0.000000000 0.000000000 0.000000000 0.000000000 0.000000000 0.000000000 0.000000000 0.000000000 0.000000000 0.000000000 0.000000000 0.000000000 0.000000000 0.000000000 0.000000000 0.000000000 0.000000000 0.000000000 0.000000000 0.000000000 0.000000000 0.000000000 0.000000000 0.000000000 0.000000000 0.000000000 0.000000000 0.000000000 0.000000000 0.000000000 0.000000000 0.000000000 0.000000000 0.000000000 0.000000000 0.000000000 0.000000000 0.000000000 0.000000000 0.000000000 0.000000000 0.000000000 0.000000000 0.000000000 0.000000000 0.000000000 0.000000000 0.000000000 0.000000000 0.000000000 0.000000000 0.000000000 0.000000000 0.000000000 0.000000000 0.000000000 0.000000000 0.000000000 0.000000000 0.000000000 0.000000000 0.000000000 0.000000000 
0.000000000 0.000000000 0.000000000 0.000000000 0.000000000 0.000000000 0.000000000 0.000000000 0.000000000 0.000000000 0.000000000 0.000000000 0.000000000 0.000000000 0.000000000 0.000000000 0.000000000 0.000000000 0.000000000 0.000000000 0.000000000 0.000000000 0.000000000 0.000000000 0.000000000 0.000000000 0.000000000 0.000000000 0.000000000 0.000000000 0.000000000 0.000000000 0.000000000 0.000000000 0.000000000 0.000000000 0.000000000 0.000000000 0.000000000 0.000000000 0.000000000 0.000000000 0.000000000 0.000000000 0.000000000 0.000000000 0.000000000 0.000000000 0.000000000 0.000000000 0.000000000 0.000000000 0.000000000 0.000000000 0.000000000 0.000000000 0.000000000 0.000000000 0.000000000 0.000000000 0.000000000 0.000000000 0.000000000 0.000000000 0.000000000 0.000000000 0.000000000 0.000000000 0.000000000 0.000000000 0.000000000 0.000000000 0.000000000 0.000000000 0.000000000 0.000000000 0.000000000 0.000000000 0.000000000 0.000000000 0.000000000 0.000000000 0.000000000 0.000000000 0.000000000 0.000000000 0.000000000 0.000000000 0.000000000 0.000000000 0.000000000 0.000000000 0.000000000 0.000000000 0.000000000 0.000000000 0.000000000 0.000000000 0.000000000 0.000000000 0.000000000 0.000000000 0.000000000 0.000000000 0.000000000 0.000000000 0.000000000 0.000000000 0.000000000 0.000000000 0.000000000 0.000000000 0.000000000 0.000000000 0.000000000 0.000000000 0.000000000 0.000000000 0.000000000 0.000000000 0.000000000 0.000000000 0.000000000 0.000000000 0.000000000 0.000000000 0.000000000 0.000000000 0.000000000 0.000000000 0.000000000 0.000000000 0.000000000 0.000000000 0.000000000 0.000000000 0.000000000 0.000000000 0.000000000 0.000000000 0.000000000 0.000000000 0.000000000 0.000000000 0.000000000 0.000000000 0.000000000 0.000000000 0.000000000 0.000000000 0.000000000 0.000000000 0.000000000 0.000000000 0.000000000 0.000000000 0.000000000 0.000000000 0.000000000 0.000000000 0.000000000 0.000000000 0.000000000 0.000000000 0.000000000 0.000000000 0.000000000 0.000000000 0.000000000 0.000000000 0.000000000 0.000000000 0.000000000 0.000000000 0.000000000 0.000000000 0.000000000 0.000000000 0.000000000 0.000000000 0.000000000 0.000000000 0.000000000 0.000000000 0.000000000 0.000000000 0.000000000 0.000000000 0.000000000 0.000000000 0.000000000 0.000000000 0.000000000 0.000000000 0.000000000 0.000000000 0.000000000 0.000000000 0.000000000 0.000000000 0.000000000 0.000000000 0.000000000 0.000000000 0.000000000 0.000000000 0.000000000 0.000000000 0.000000000 0.000000000 0.000000000 0.000000000 0.000000000 0.000000000 0.000000000 0.000000000 0.000000000 0.000000000 0.000000000 0.000000000 0.000000000 0.000000000 0.000000000 0.000000000 0.000000000 0.000000000 0.000000000 0.000000000 0.000000000 0.000000000 0.000000000 0.000000000 0.000000000 0.000000000 0.000000000 0.000000000 0.000000000 0.000000000 0.000000000 0.000000000 0.000000000 0.000000000 0.000000000 0.000000000 0.000000000 0.000000000 0.000000000 0.000000000 0.000000000 0.000000000 0.000000000 0.000000000 0.000000000 0.000000000 0.000000000 0.000000000 0.000000000 
0.000000000 0.000000000 0.000000000 0.000000000 0.000000000 0.000000000 0.000000000 0.000000000 0.000000000 0.000000000 0.000000000 0.000000000 0.000000000 0.000000000 0.000000000 0.000000000 0.000000000 0.000000000 0.000000000 0.000000000 0.000000000 0.000000000 0.000000000 0.000000000 0.000000000 0.000000000 0.000000000 0.000000000 0.000000000 0.000000000 0.000000000 0.000000000 0.000000000 0.000000000 0.000000000 0.000000000 0.000000000 0.000000000 0.000000000 0.000000000 0.000000000 0.000000000 0.000000000 0.000000000 0.000000000 0.000000000 0.000000000 0.000000000 0.000000000 0.000000000 0.000000000 0.000000000 0.000000000 0.000000000 0.000000000 0.000000000 0.000000000 0.000000000 0.000000000 0.000000000 0.000000000 0.000000000 0.000000000 0.000000000 0.000000000 0.000000000 0.000000000 0.000000000 0.000000000 0.000000000 0.000000000 0.000000000 0.000000000 0.000000000 0.000000000 0.000000000 0.000000000 0.000000000 0.000000000 0.000000000 0.000000000 0.000000000 0.000000000 0.000000000 0.000000000 0.000000000 0.000000000 0.000000000 0.000000000 0.000000000 0.000000000 0.000000000 0.000000000 0.000000000 0.000000000 0.000000000 0.000000000 0.000000000 0.000000000 0.000000000 0.000000000 0.000000000 0.000000000 0.000000000 0.000000000 0.000000000 0.000000000 0.000000000 0.000000000 0.000000000 0.000000000 0.000000000 0.000000000 0.000000000 0.000000000 0.000000000 0.000000000 0.000000000 0.000000000 0.000000000 0.000000000 0.000000000 0.000000000 0.000000000 0.000000000 0.000000000 0.000000000 0.000000000 0.000000000 0.000000000 0.000000000 0.000000000 0.000000000 0.000000000 0.000000000 0.000000000 0.000000000 0.000000000 0.000000000 0.000000000 0.000000000 0.000000000 0.000000000 0.000000000 0.000000000 0.000000000 0.000000000 0.000000000 0.000000000 0.000000000 0.000000000 0.000000000 0.000000000 0.000000000 0.000000000 0.000000000 0.000000000 0.000000000 0.000000000 0.000000000 0.000000000 0.000000000 0.000000000 0.000000000 0.000000000 0.000000000 0.000000000 0.000000000 0.000000000 0.000000000 0.000000000 0.000000000 0.000000000 0.000000000 0.000000000 0.000000000 0.000000000 0.000000000 0.000000000 0.000000000 0.000000000 0.000000000 0.000000000 0.000000000 0.000000000 0.000000000 0.000000000 0.000000000 0.000000000 0.000000000 0.000000000 0.000000000 0.000000000 0.000000000 0.000000000 0.000000000 0.000000000 0.000000000 0.000000000 0.000000000 0.000000000 0.000000000 0.000000000 0.000000000 0.000000000 0.000000000 0.000000000 0.000000000 0.000000000 0.000000000 0.000000000 0.000000000 0.000000000 0.000000000 0.000000000 0.000000000 0.000000000 0.000000000 0.000000000 0.000000000 0.000000000 0.000000000 0.000000000 0.000000000 0.000000000 0.000000000 0.000000000 0.000000000 0.000000000 0.000000000 0.000000000 0.000000000 0.000000000 0.000000000 0.000000000 0.000000000 0.000000000 0.000000000 0.000000000 0.000000000 0.000000000 0.000000000 0.000000000 0.000000000 0.000000000 0.000000000 0.000000000 0.000000000 0.000000000 0.000000000 0.000000000 0.000000000 0.000000000 0.000000000 0.000000000 0.000000000 0.000000000 
0.011718750 0.011718750 0.011718750 0.011718750 0.011718750 0.011718750 0.011718750 0.011718750 0.011718750 0.011718750 0.011718750 0.011718750 0.011718750 0.011718750 0.011718750 0.011718750 0.011718750 0.011718750 0.011718750 0.011718750 0.011718750 0.011718750 0.011718750 0.011718750 0.011718750 0.011718750 0.011718750 0.011718750 0.011718750 0.011718750 0.011718750 0.011718750 0.011718750 0.011718750 0.011718750 0.011718750 0.011718750 0.011718750 0.011718750 0.011718750 0.011718750 0.011718750 0.011718750 0.011718750 0.011718750 0.011718750 0.011718750 0.011718750 0.011718750 0.011718750 0.011718750 0.011718750 0.011718750 0.011718750 0.011718750 0.011718750 0.011718750 0.011718750 0.011718750 0.007812500 0.007812500 0.007812500 0.007812500 0.007812500 0.007812500 0.007812500 0.007812500 0.007812500 0.007812500 0.007812500 0.007812500 0.007812500 0.007812500 0.007812500 0.007812500 0.007812500 0.007812500 0.007812500 0.007812500 0.007812500 0.007812500 0.007812500 0.007812500 0.007812500 0.007812500 0.007812500 0.007812500 0.007812500 0.007812500 0.007812500 0.007812500 0.007812500 0.007812500 0.007812500 0.007812500 0.007812500 0.007812500 0.007812500 0.007812500 0.007812500 0.007812500 0.007812500 0.007812500 0.007812500 0.007812500 0.007812500 0.007812500 0.007812500 0.003906250 0.003906250 0.003906250 0.003906250 0.003906250 0.003906250 0.003906250 0.003906250 0.003906250 0.003906250 0.003906250 0.003906250 0.003906250 0.003906250 0.003906250 0.003906250 0.003906250 0.003906250 0.003906250 0.003906250 0.003906250 0.003906250 0.003906250 0.003906250 0.003906250 0.003906250 0.003906250 0.003906250 0.003906250 0.003906250 0.003906250 0.003906250 0.003906250 0.003906250 0.003906250 0.003906250 0.003906250 0.003906250 0.003906250 0.003906250 0.003906250 0.000000000 0.000000000 0.000000000 0.000000000 0.000000000 0.000000000 0.000000000 0.000000000 0.000000000 0.000000000 0.000000000 0.000000000 0.000000000 0.000000000 0.000000000 0.000000000 0.000000000 0.000000000 0.000000000 0.000000000 0.000000000 0.000000000 0.000000000 0.000000000 0.000000000 0.000000000 0.000000000 0.000000000 0.000000000 0.000000000 0.000000000 0.000000000 0.000000000 0.000000000 0.000000000 0.000000000 0.000000000 0.000000000 0.000000000 0.000000000 0.000000000 0.000000000 0.000000000 0.000000000 0.000000000 0.000000000 0.000000000 0.000000000 0.000000000 0.003906250 0.003906250 0.003906250 0.003906250 0.003906250 0.003906250 0.003906250 0.003906250 0.003906250 0.003906250 0.003906250 0.003906250 0.003906250 0.003906250 0.003906250 0.003906250 0.003906250 0.003906250 0.003906250 0.003906250 0.003906250 0.003906250 0.003906250 0.003906250 0.003906250 0.003906250 0.003906250 0.003906250 0.003906250 0.003906250 0.003906250 0.003906250 0.003906250 0.003906250 0.003906250 0.003906250 0.003906250 0.003906250 0.003906250 0.003906250 0.003906250 0.003906250 0.003906250 0.003906250 0.003906250 0.003906250 0.003906250 0.003906250 0.003906250 0.003906250 0.003906250 0.003906250 0.003906250 0.003906250 0.003906250 0.003906250 0.003906250 0.003906250 0.003906250 
0.023437500 0.007812500 0.019531250 0.031250000 0.011718750 0.019531250 0.023437500 0.000000000 0.023437500 0.023437500 0.007812500 0.027343750 0.023437500 0.003906250 0.023437500 0.011718750 0.019531250 0.031250000 0.015625000 0.015625000 0.023437500 0.003906250 0.023437500 0.023437500 0.007812500 0.027343750 0.023437500 0.003906250 0.019531250 0.011718750 0.015625000 0.027343750 0.015625000 0.011718750 0.023437500 0.003906250 0.019531250 0.023437500 0.007812500 0.023437500 0.023437500 0.000000000 0.019531250 0.015625000 0.011718750 0.027343750 0.015625000 0.007812500 0.019531250 0.007812500 0.015625000 0.023437500 0.007812500 0.019531250 0.019531250 0.003906250 0.015625000 0.015625000 0.007812500 0.023437500 0.015625000 0.003906250 0.015625000 0.007812500 0.011718750 0.019531250 0.007812500 0.015625000 0.019531250 0.003906250 0.011718750 0.011718750 0.003906250 0.019531250 0.015625000 0.000000000 0.011718750 0.007812500 0.011718750 0.019531250 0.007812500 0.011718750 0.015625000 0.007812500 0.011718750 0.011718750 0.003906250 0.015625000 0.015625000 0.003906250 0.007812500 0.007812500 0.007812500 0.015625000 0.007812500 0.003906250 0.011718750 0.007812500 0.007812500 0.007812500 0.000000000 0.011718750 0.011718750 0.003906250 0.003906250 0.003906250 0.007812500 0.011718750 0.007812500 0.003906250 0.007812500 0.007812500 0.007812500 0.007812500 0.000000000 0.007812500 0.011718750 0.007812500 0.003906250 0.003906250 0.007812500 0.007812500 0.007812500 0.000000000 0.003906250 0.007812500 0.007812500 0.003906250 0.000000000 0.003906250 0.007812500 0.007812500 0.003906250 0.000000000 0.007812500 0.007812500 0.003906250 0.003906250 0.003906250 0.007812500 0.007812500 0.003906250 0.000000000 0.003906250 0.003906250 0.007812500 0.007812500 0.003906250 0.003906250 0.003906250 0.003906250 0.003906250 0.003906250 0.007812500 0.007812500 0.003906250 0.000000000 0.000000000 0.003906250 0.007812500 0.007812500 0.007812500 0.003906250 0.003906250 0.000000000 0.003906250 0.007812500 0.007812500 0.007812500 0.003906250 0.003906250 0.000000000 0.003906250 0.007812500 0.007812500 0.007812500 0.003906250 0.000000000 0.000000000 0.003906250 0.007812500 0.007812500 0.007812500 0.003906250 0.003906250 0.003906250 0.007812500 0.007812500 0.007812500 0.007812500 0.003906250 0.000000000 0.003906250 0.003906250 0.007812500 0.007812500 0.003906250 0.003906250 0.003906250 0.003906250 0.007812500 0.007812500 0.007812500 0.007812500 0.007812500 0.000000000 0.003906250 0.003906250 0.007812500 0.011718750 0.003906250 0.003906250 0.003906250 0.003906250 0.007812500 0.007812500 0.003906250 0.007812500 0.007812500 0.003906250 0.003906250 0.000000000 0.007812500 0.011718750 0.003906250 0.000000000 0.003906250 0.003906250 0.007812500 0.007812500 0.003906250 0.007812500 0.007812500 0.003906250 0.003906250 0.000000000 0.007812500 0.007812500 0.007812500 0.000000000 0.003906250 0.003906250 0.007812500 0.007812500 0.000000000 0.003906250 0.007812500 0.007812500 0.003906250 0.000000000 0.003906250 0.007812500 0.007812500 0.003906250 0.000000000 0.007812500 0.007812500 
0.062500000 0.027343750 0.000000000 0.031250000 0.019531250 0.035156250 0.011718750 0.011718750 0.031250000 0.054687500 0.062500000 0.035156250 0.054687500 0.031250000 0.011718750 0.046875000 0.046875000 0.019531250 0.027343750 0.015625000 0.039062500 0.015625000 0.007812500 0.031250000 0.011718750 0.035156250 0.015625000 0.019531250 0.031250000 0.031250000 0.027343750 0.031250000 0.015625000 0.015625000 0.054687500 0.031250000 0.019531250 0.035156250 0.015625000 0.027343750 0.019531250 0.003906250 0.015625000 0.035156250 0.039062500 0.027343750 0.023437500 0.007812500 0.031250000 0.019531250 0.019531250 0.039062500 0.019531250 0.031250000 0.062500000 0.046875000 0.031250000 0.035156250 0.015625000 0.050781250 0.015625000 0.019531250 0.031250000 0.011718750 0.027343750 0.015625000 0.023437500 0.023437500 0.019531250 0.011718750 0.023437500 0.019531250 0.011718750 0.027343750 0.011718750 0.011718750 0.023437500 0.007812500 0.011718750 0.042968750 0.023437500 0.027343750 0.035156250 0.015625000 0.003906250 0.011718750 0.007812500 0.019531250 0.023437500 0.011718750 0.000000000 0.015625000 0.011718750 0.027343750 0.015625000 0.015625000 0.007812500 0.027343750 0.031250000 0.019531250 0.023437500 0.027343750 0.011718750 0.007812500 0.015625000 0.015625000 0.007812500 0.011718750 0.011718750 0.011718750 0.015625000 0.003906250 0.003906250 0.019531250 0.015625000 0.011718750 0.015625000 0.007812500 0.011718750 0.015625000 0.007812500 0.015625000 0.019531250 0.019531250 0.019531250 0.027343750 0.019531250 0.011718750 0.003906250 0.007812500 0.007812500 0.003906250 0.003906250 0.003906250 0.015625000 0.003906250 0.011718750 0.007812500 0.007812500 0.007812500 0.007812500 0.003906250 0.003906250 0.007812500 0.007812500 0.007812500 0.003906250 0.003906250 0.007812500 0.000000000 0.007812500 0.003906250 0.007812500 0.007812500 0.007812500 0.007812500 0.003906250 0.003906250 0.007812500 0.011718750 0.003906250 0.007812500 0.007812500 0.000000000 0.003906250 0.007812500 0.007812500 0.003906250 0.011718750 0.003906250 0.003906250 0.003906250 0.007812500 0.007812500 0.007812500 0.011718750 0.003906250 0.003906250 0.003906250 0.007812500 0.007812500 0.007812500 0.011718750 0.003906250 0.003906250 0.003906250 0.007812500 0.003906250 0.007812500 0.015625000 0.003906250 0.007812500 0.007812500 0.007812500 0.003906250 0.015625000 0.003906250 0.003906250 0.007812500 0.003906250 0.011718750 0.000000000 0.007812500 0.011718750 0.003906250 0.003906250 0.007812500 0.007812500 0.011718750 0.015625000 0.003906250 0.003906250 0.003906250 0.003906250 0.015625000 0.000000000 0.007812500 0.007812500 0.011718750 0.003906250 0.003906250 0.003906250 0.000000000 0.019531250 0.007812500 0.007812500 0.007812500 0.007812500 0.007812500 0.007812500 0.003906250 0.011718750 0.019531250 0.015625000 0.023437500 0.019531250 0.015625000 0.011718750 0.015625000 0.007812500 0.003906250 0.007812500 0.003906250 0.015625000 0.011718750 0.007812500 0.015625000 0.003906250 0.003906250 0.000000000 0.007812500 0.003906250 0.015625000 0.007812500 0.007812500 0.007812500 0.007812500 
0.042968750 0.019531250 0.023437500 0.039062500 0.027343750 0.027343750 0.042968750 0.019531250 0.066406250 0.117187500 0.207031250 0.121093750 0.066406250 0.011718750 0.023437500 0.039062500 0.050781250 0.015625000 0.046875000 0.011718750 0.035156250 0.015625000 0.015625000 0.031250000 0.011718750 0.039062500 0.007812500 0.015625000 0.035156250 0.035156250 0.007812500 0.003906250 0.050781250 0.039062500 0.074218750 0.039062500 0.019531250 0.027343750 0.031250000 0.050781250 0.062500000 0.019531250 0.023437500 0.035156250 0.050781250 0.035156250 0.003906250 0.039062500 0.046875000 0.035156250 0.027343750 0.019531250 0.039062500 0.089843750 0.179687500 0.121093750 0.039062500 0.027343750 0.011718750 0.027343750 0.015625000 0.015625000 0.039062500 0.015625000 0.023437500 0.042968750 0.042968750 0.011718750 0.015625000 0.027343750 0.023437500 0.003906250 0.031250000 0.011718750 0.039062500 0.046875000 0.039062500 0.062500000 0.066406250 0.085937500 0.007812500 0.050781250 0.031250000 0.007812500 0.007812500 0.011718750 0.015625000 0.015625000 0.042968750 0.027343750 0.007812500 0.011718750 0.039062500 0.050781250 0.019531250 0.019531250 0.015625000 0.007812500 0.035156250 0.035156250 0.015625000 0.027343750 0.007812500 0.015625000 0.019531250 0.015625000 0.007812500 0.019531250 0.003906250 0.000000000 0.007812500 0.023437500 0.023437500 0.027343750 0.015625000 0.023437500 0.015625000 0.011718750 0.019531250 0.023437500 0.007812500 0.023437500 0.027343750 0.031250000 0.023437500 0.015625000 0.015625000 0.011718750 0.007812500 0.015625000 0.003906250 0.007812500 0.003906250 0.003906250 0.015625000 0.015625000 0.007812500 0.019531250 0.031250000 0.007812500 0.011718750 0.019531250 0.027343750 0.027343750 0.011718750 0.019531250 0.023437500 0.011718750 0.019531250 0.015625000 0.007812500 0.003906250 0.000000000 0.019531250 0.023437500 0.011718750 0.011718750 0.015625000 0.027343750 0.019531250 0.023437500 0.023437500 0.011718750 0.015625000 0.015625000 0.011718750 0.011718750 0.015625000 0.011718750 0.031250000 0.027343750 0.007812500 0.015625000 0.011718750 0.011718750 0.019531250 0.011718750 0.019531250 0.019531250 0.011718750 0.023437500 0.019531250 0.007812500 0.019531250 0.019531250 0.003906250 0.011718750 0.011718750 0.015625000 0.023437500 0.007812500 0.007812500 0.015625000 0.011718750 0.003906250 0.027343750 0.011718750 0.011718750 0.011718750 0.007812500 0.011718750 0.003906250 0.007812500 0.019531250 0.007812500 0.003906250 0.015625000 0.019531250 0.015625000 0.015625000 0.003906250 0.003906250 0.003906250 0.015625000 0.023437500 0.015625000 0.007812500 0.019531250 0.019531250 0.007812500 0.015625000 0.007812500 0.007812500 0.019531250 0.011718750 0.011718750 0.011718750 0.011718750 0.003906250 0.011718750 0.007812500 0.015625000 0.015625000 0.027343750 0.035156250 0.003906250 0.023437500 0.011718750 0.007812500 0.015625000 0.019531250 0.007812500 0.003906250 0.015625000 0.011718750 0.007812500 0.027343750 0.015625000 0.007812500 0.011718750 0.007812500 0.003906250 0.011718750 0.003906250 0.011718750 0.015625000 0.019531250 
0.050781250 0.039062500 0.035156250 0.062500000 0.035156250 0.015625000 0.066406250 0.011718750 0.078125000 0.179687500 0.097656250 0.242187500 0.078125000 0.078125000 0.027343750 0.054687500 0.109375000 0.074218750 0.019531250 0.046875000 0.027343750 0.019531250 0.023437500 0.023437500 0.027343750 0.027343750 0.019531250 0.035156250 0.011718750 0.035156250 0.003906250 0.058593750 0.066406250 0.175781250 0.058593750 0.140625000 0.066406250 0.019531250 0.023437500 0.058593750 0.054687500 0.062500000 0.070312500 0.023437500 0.050781250 0.050781250 0.058593750 0.054687500 0.042968750 0.050781250 0.058593750 0.027343750 0.070312500 0.035156250 0.296875000 0.125000000 0.066406250 0.042968750 0.027343750 0.027343750 0.007812500 0.023437500 0.039062500 0.019531250 0.027343750 0.054687500 0.093750000 0.023437500 0.007812500 0.046875000 0.015625000 0.027343750 0.039062500 0.007812500 0.027343750 0.035156250 0.042968750 0.093750000 0.121093750 0.074218750 0.070312500 0.007812500 0.062500000 0.019531250 0.027343750 0.015625000 0.027343750 0.031250000 0.058593750 0.023437500 0.011718750 0.027343750 0.066406250 0.023437500 0.039062500 0.007812500 0.011718750 0.003906250 0.031250000 0.042968750 0.007812500 0.039062500 0.011718750 0.039062500 0.011718750 0.042968750 0.019531250 0.011718750 0.007812500 0.007812500 0.011718750 0.023437500 0.023437500 0.015625000 0.031250000 0.007812500 0.027343750 0.003906250 0.031250000 0.015625000 0.011718750 0.023437500 0.027343750 0.039062500 0.019531250 0.019531250 0.019531250 0.023437500 0.019531250 0.003906250 0.003906250 0.011718750 0.007812500 0.007812500 0.019531250 0.042968750 0.019531250 0.011718750 0.015625000 0.027343750 0.019531250 0.031250000 0.042968750 0.031250000 0.003906250 0.023437500 0.019531250 0.003906250 0.027343750 0.015625000 0.003906250 0.003906250 0.007812500 0.019531250 0.011718750 0.007812500 0.011718750 0.023437500 0.019531250 0.023437500 0.019531250 0.023437500 0.015625000 0.011718750 0.046875000 0.023437500 0.015625000 0.019531250 0.007812500 0.035156250 0.027343750 0.019531250 0.007812500 0.015625000 0.023437500 0.011718750 0.015625000 0.023437500 0.039062500 0.007812500 0.039062500 0.035156250 0.023437500 0.019531250 0.031250000 0.019531250 0.019531250 0.015625000 0.011718750 0.027343750 0.011718750 0.011718750 0.003906250 0.027343750 0.003906250 0.023437500 0.015625000 0.023437500 0.019531250 0.007812500 0.015625000 0.011718750 0.019531250 0.023437500 0.019531250 0.003906250 0.015625000 0.031250000 0.003906250 0.007812500 0.007812500 0.007812500 0.015625000 0.027343750 0.011718750 0.007812500 0.011718750 0.039062500 0.039062500 0.023437500 0.007812500 0.011718750 0.023437500 0.011718750 0.011718750 0.019531250 0.027343750 0.015625000 0.003906250 0.007812500 0.023437500 0.007812500 0.015625000 0.039062500 0.027343750 0.035156250 0.011718750 0.035156250 0.023437500 0.031250000 0.023437500 0.015625000 0.011718750 0.007812500 0.015625000 0.011718750 0.027343750 0.027343750 0.007812500 0.007812500 0.011718750 0.015625000 0.023437500 0.023437500 0.023437500 0.031250000 0.027343750 
0.019531250 0.023437500 0.015625000 0.078125000 0.031250000 0.035156250 0.031250000 0.058593750 0.210937500 0.105468750 0.378906250 0.558593750 0.285156250 0.132812500 0.105468750 0.113281250 0.078125000 0.042968750 0.031250000 0.070312500 0.031250000 0.019531250 0.027343750 0.011718750 0.050781250 0.015625000 0.019531250 0.015625000 0.031250000 0.031250000 0.070312500 0.042968750 0.125000000 0.292968750 0.132812500 0.078125000 0.078125000 0.078125000 0.046875000 0.062500000 0.039062500 0.089843750 0.031250000 0.093750000 0.046875000 0.058593750 0.125000000 0.054687500 0.117187500 0.070312500 0.066406250 0.093750000 0.136718750 0.109375000 0.250000000 0.175781250 0.113281250 0.039062500 0.074218750 0.042968750 0.027343750 0.011718750 0.027343750 0.011718750 0.015625000 0.066406250 0.136718750 0.015625000 0.019531250 0.093750000 0.042968750 0.015625000 0.019531250 0.015625000 0.011718750 0.042968750 0.023437500 0.128906250 0.085937500 0.105468750 0.082031250 0.003906250 0.031250000 0.046875000 0.066406250 0.031250000 0.035156250 0.011718750 0.042968750 0.046875000 0.023437500 0.031250000 0.062500000 0.027343750 0.039062500 0.015625000 0.027343750 0.019531250 0.035156250 0.035156250 0.019531250 0.035156250 0.019531250 0.058593750 0.015625000 0.046875000 0.019531250 0.011718750 0.015625000 0.015625000 0.015625000 0.019531250 0.023437500 0.015625000 0.023437500 0.007812500 0.031250000 0.023437500 0.015625000 0.023437500 0.023437500 0.027343750 0.023437500 0.050781250 0.023437500 0.003906250 0.007812500 0.039062500 0.007812500 0.003906250 0.003906250 0.011718750 0.011718750 0.011718750 0.031250000 0.031250000 0.023437500 0.003906250 0.023437500 0.042968750 0.019531250 0.027343750 0.039062500 0.031250000 0.011718750 0.015625000 0.039062500 0.019531250 0.015625000 0.011718750 0.007812500 0.011718750 0.015625000 0.011718750 0.011718750 0.019531250 0.007812500 0.019531250 0.023437500 0.027343750 0.015625000 0.023437500 0.015625000 0.011718750 0.042968750 0.027343750 0.007812500 0.023437500 0.023437500 0.015625000 0.042968750 0.035156250 0.027343750 0.019531250 0.035156250 0.003906250 0.011718750 0.019531250 0.054687500 0.015625000 0.042968750 0.031250000 0.019531250 0.023437500 0.027343750 0.042968750 0.019531250 0.023437500 0.011718750 0.011718750 0.027343750 0.019531250 0.011718750 0.027343750 0.015625000 0.007812500 0.027343750 0.015625000 0.027343750 0.003906250 0.007812500 0.027343750 0.015625000 0.023437500 0.023437500 0.003906250 0.019531250 0.019531250 0.007812500 0.003906250 0.007812500 0.011718750 0.011718750 0.031250000 0.015625000 0.031250000 0.042968750 0.015625000 0.054687500 0.019531250 0.003906250 0.015625000 0.035156250 0.031250000 0.003906250 0.019531250 0.035156250 0.003906250 0.011718750 0.007812500 0.035156250 0.015625000 0.019531250 0.035156250 0.023437500 0.011718750 0.031250000 0.035156250 0.027343750 0.027343750 0.031250000 0.007812500 0.015625000 0.007812500 0.007812500 0.015625000 0.039062500 0.007812500 0.031250000 0.015625000 0.019531250 0.007812500 0.011718750 0.039062500 0.019531250 0.039062500 0.011718750 
0.019531250 0.046875000 0.027343750 0.093750000 0.011718750 0.015625000 0.035156250 0.062500000 0.222656250 0.070312500 0.351562500 0.777343750 0.285156250 0.074218750 0.093750000 0.109375000 0.132812500 0.070312500 0.046875000 0.054687500 0.054687500 0.023437500 0.035156250 0.003906250 0.054687500 0.027343750 0.011718750 0.039062500 0.019531250 0.074218750 0.101562500 0.046875000 0.101562500 0.328125000 0.121093750 0.152343750 0.125000000 0.054687500 0.144531250 0.046875000 0.042968750 0.101562500 0.003906250 0.082031250 0.082031250 0.117187500 0.191406250 0.074218750 0.066406250 0.003906250 0.105468750 0.128906250 0.078125000 0.242187500 0.160156250 0.312500000 0.027343750 0.105468750 0.093750000 0.062500000 0.046875000 0.031250000 0.031250000 0.027343750 0.050781250 0.113281250 0.144531250 0.054687500 0.015625000 0.085937500 0.054687500 0.023437500 0.007812500 0.023437500 0.039062500 0.011718750 0.015625000 0.117187500 0.046875000 0.109375000 0.062500000 0.015625000 0.023437500 0.066406250 0.074218750 0.039062500 0.039062500 0.035156250 0.058593750 0.027343750 0.019531250 0.062500000 0.031250000 0.027343750 0.011718750 0.027343750 0.046875000 0.039062500 0.007812500 0.011718750 0.019531250 0.031250000 0.003906250 0.062500000 0.007812500 0.039062500 0.027343750 0.027343750 0.007812500 0.015625000 0.011718750 0.023437500 0.019531250 0.023437500 0.007812500 0.023437500 0.011718750 0.023437500 0.015625000 0.031250000 0.039062500 0.027343750 0.011718750 0.042968750 0.007812500 0.027343750 0.046875000 0.042968750 0.027343750 0.015625000 0.011718750 0.011718750 0.019531250 0.023437500 0.039062500 0.031250000 0.007812500 0.031250000 0.011718750 0.027343750 0.035156250 0.023437500 0.027343750 0.007812500 0.027343750 0.039062500 0.039062500 0.027343750 0.007812500 0.003906250 0.019531250 0.015625000 0.003906250 0.003906250 0.011718750 0.011718750 0.007812500 0.023437500 0.003906250 0.011718750 0.015625000 0.019531250 0.027343750 0.019531250 0.031250000 0.027343750 0.015625000 0.046875000 0.019531250 0.000000000 0.023437500 0.054687500 0.027343750 0.007812500 0.027343750 0.023437500 0.019531250 0.046875000 0.019531250 0.035156250 0.023437500 0.015625000 0.039062500 0.039062500 0.003906250 0.019531250 0.027343750 0.019531250 0.007812500 0.015625000 0.019531250 0.015625000 0.011718750 0.015625000 0.046875000 0.031250000 0.007812500 0.003906250 0.027343750 0.011718750 0.015625000 0.031250000 0.027343750 0.019531250 0.019531250 0.000000000 0.011718750 0.007812500 0.011718750 0.007812500 0.015625000 0.019531250 0.007812500 0.023437500 0.035156250 0.039062500 0.031250000 0.015625000 0.039062500 0.023437500 0.015625000 0.027343750 0.027343750 0.039062500 0.015625000 0.015625000 0.046875000 0.023437500 0.015625000 0.011718750 0.039062500 0.027343750 0.019531250 0.023437500 0.031250000 0.019531250 0.035156250 0.027343750 0.023437500 0.027343750 0.023437500 0.015625000 0.023437500 0.007812500 0.007812500 0.023437500 0.023437500 0.015625000 0.035156250 0.023437500 0.027343750 0.011718750 0.011718750 0.046875000 0.046875000 0.015625000 0.011718750 
0.054687500 0.042968750 0.011718750 0.062500000 0.015625000 0.054687500 0.097656250 0.078125000 0.277343750 0.277343750 0.554687500 0.945312500 0.273437500 0.074218750 0.101562500 0.148437500 0.093750000 0.046875000 0.058593750 0.031250000 0.046875000 0.027343750 0.042968750 0.042968750 0.035156250 0.074218750 0.054687500 0.019531250 0.031250000 0.050781250 0.085937500 0.082031250 0.113281250 0.265625000 0.136718750 0.125000000 0.089843750 0.050781250 0.093750000 0.140625000 0.148437500 0.050781250 0.109375000 0.003906250 0.050781250 0.187500000 0.128906250 0.125000000 0.097656250 0.128906250 0.039062500 0.125000000 0.007812500 0.097656250 0.339843750 0.265625000 0.062500000 0.140625000 0.089843750 0.070312500 0.011718750 0.050781250 0.027343750 0.023437500 0.046875000 0.039062500 0.210937500 0.082031250 0.015625000 0.074218750 0.062500000 0.015625000 0.011718750 0.027343750 0.019531250 0.050781250 0.062500000 0.042968750 0.058593750 0.066406250 0.054687500 0.050781250 0.023437500 0.085937500 0.054687500 0.027343750 0.023437500 0.007812500 0.046875000 0.019531250 0.027343750 0.027343750 0.035156250 0.019531250 0.003906250 0.011718750 0.027343750 0.042968750 0.023437500 0.027343750 0.023437500 0.023437500 0.003906250 0.046875000 0.039062500 0.027343750 0.023437500 0.054687500 0.011718750 0.023437500 0.023437500 0.035156250 0.050781250 0.007812500 0.007812500 0.023437500 0.007812500 0.031250000 0.023437500 0.050781250 0.019531250 0.027343750 0.027343750 0.031250000 0.015625000 0.039062500 0.027343750 0.035156250 0.042968750 0.011718750 0.015625000 0.011718750 0.031250000 0.011718750 0.019531250 0.023437500 0.019531250 0.019531250 0.019531250 0.031250000 0.019531250 0.011718750 0.027343750 0.031250000 0.031250000 0.015625000 0.054687500 0.015625000 0.007812500 0.011718750 0.003906250 0.027343750 0.015625000 0.023437500 0.019531250 0.035156250 0.035156250 0.003906250 0.019531250 0.015625000 0.015625000 0.027343750 0.015625000 0.019531250 0.011718750 0.027343750 0.039062500 0.046875000 0.015625000 0.011718750 0.031250000 0.046875000 0.039062500 0.042968750 0.011718750 0.019531250 0.015625000 0.054687500 0.039062500 0.007812500 0.027343750 0.027343750 0.007812500 0.019531250 0.042968750 0.023437500 0.035156250 0.003906250 0.023437500 0.027343750 0.023437500 0.019531250 0.011718750 0.011718750 0.039062500 0.035156250 0.007812500 0.015625000 0.019531250 0.019531250 0.007812500 0.019531250 0.007812500 0.031250000 0.023437500 0.011718750 0.003906250 0.019531250 0.019531250 0.027343750 0.035156250 0.023437500 0.031250000 0.007812500 0.019531250 0.039062500 0.035156250 0.011718750 0.015625000 0.023437500 0.011718750 0.015625000 0.042968750 0.011718750 0.031250000 0.015625000 0.027343750 0.011718750 0.027343750 0.023437500 0.023437500 0.039062500 0.015625000 0.019531250 0.027343750 0.011718750 0.019531250 0.019531250 0.007812500 0.003906250 0.015625000 0.027343750 0.015625000 0.019531250 0.023437500 0.031250000 0.015625000 0.031250000 0.019531250 0.035156250 0.023437500 0.019531250 0.027343750 0.031250000 0.011718750 0.023437500 0.046875000 
0.007812500 0.011718750 0.019531250 0.113281250 0.109375000 0.035156250 0.082031250 0.058593750 0.203125000 0.527343750 0.304687500 0.804687500 0.300781250 0.171875000 0.058593750 0.125000000 0.015625000 0.109375000 0.054687500 0.031250000 0.031250000 0.035156250 0.015625000 0.019531250 0.050781250 0.144531250 0.054687500 0.058593750 0.027343750 0.082031250 0.035156250 0.062500000 0.035156250 0.175781250 0.093750000 0.113281250 0.074218750 0.074218750 0.093750000 0.195312500 0.078125000 0.109375000 0.050781250 0.089843750 0.164062500 0.125000000 0.148437500 0.046875000 0.140625000 0.050781250 0.070312500 0.113281250 0.109375000 0.078125000 0.367187500 0.292968750 0.089843750 0.144531250 0.132812500 0.023437500 0.050781250 0.050781250 0.019531250 0.031250000 0.019531250 0.019531250 0.203125000 0.082031250 0.039062500 0.066406250 0.042968750 0.058593750 0.054687500 0.046875000 0.023437500 0.062500000 0.054687500 0.007812500 0.003906250 0.015625000 0.109375000 0.054687500 0.058593750 0.089843750 0.035156250 0.058593750 0.046875000 0.019531250 0.031250000 0.046875000 0.019531250 0.011718750 0.015625000 0.042968750 0.023437500 0.003906250 0.035156250 0.050781250 0.027343750 0.062500000 0.042968750 0.019531250 0.039062500 0.011718750 0.039062500 0.027343750 0.011718750 0.019531250 0.039062500 0.035156250 0.039062500 0.050781250 0.031250000 0.031250000 0.023437500 0.023437500 0.023437500 0.023437500 0.039062500 0.023437500 0.027343750 0.019531250 0.042968750 0.023437500 0.007812500 0.042968750 0.011718750 0.050781250 0.035156250 0.019531250 0.027343750 0.000000000 0.027343750 0.027343750 0.023437500 0.023437500 0.031250000 0.015625000 0.023437500 0.011718750 0.019531250 0.007812500 0.035156250 0.023437500 0.058593750 0.011718750 0.035156250 0.031250000 0.019531250 0.011718750 0.007812500 0.027343750 0.023437500 0.035156250 0.027343750 0.039062500 0.050781250 0.027343750 0.019531250 0.003906250 0.011718750 0.046875000 0.007812500 0.023437500 0.011718750 0.035156250 0.027343750 0.035156250 0.031250000 0.035156250 0.007812500 0.015625000 0.042968750 0.019531250 0.039062500 0.003906250 0.027343750 0.042968750 0.035156250 0.023437500 0.011718750 0.031250000 0.023437500 0.023437500 0.050781250 0.031250000 0.027343750 0.027343750 0.042968750 0.011718750 0.011718750 0.019531250 0.019531250 0.007812500 0.050781250 0.046875000 0.003906250 0.015625000 0.015625000 0.015625000 0.003906250 0.031250000 0.019531250 0.023437500 0.035156250 0.007812500 0.007812500 0.027343750 0.011718750 0.031250000 0.031250000 0.027343750 0.019531250 0.015625000 0.015625000 0.031250000 0.027343750 0.007812500 0.019531250 0.007812500 0.042968750 0.035156250 0.011718750 0.031250000 0.039062500 0.015625000 0.027343750 0.027343750 0.019531250 0.023437500 0.023437500 0.019531250 0.031250000 0.046875000 0.035156250 0.015625000 0.003906250 0.000000000 0.015625000 0.019531250 0.023437500 0.023437500 0.015625000 0.015625000 0.023437500 0.031250000 0.015625000 0.015625000 0.007812500 0.019531250 0.042968750 0.003906250 0.027343750 0.046875000 0.015625000 0.011718750 0.031250000 
0.042968750 0.019531250 0.042968750 0.050781250 0.105468750 0.074218750 0.082031250 0.078125000 0.203125000 0.445312500 0.585937500 0.421875000 0.425781250 0.171875000 0.101562500 0.113281250 0.054687500 0.089843750 0.093750000 0.042968750 0.042968750 0.070312500 0.035156250 0.035156250 0.039062500 0.167968750 0.105468750 0.050781250 0.085937500 0.066406250 0.105468750 0.121093750 0.207031250 0.070312500 0.082031250 0.042968750 0.027343750 0.039062500 0.082031250 0.167968750 0.109375000 0.117187500 0.027343750 0.054687500 0.136718750 0.160156250 0.046875000 0.097656250 0.058593750 0.027343750 0.160156250 0.019531250 0.140625000 0.195312500 0.125000000 0.300781250 0.082031250 0.191406250 0.128906250 0.058593750 0.093750000 0.058593750 0.031250000 0.023437500 0.039062500 0.062500000 0.175781250 0.109375000 0.003906250 0.042968750 0.000000000 0.007812500 0.066406250 0.039062500 0.035156250 0.042968750 0.039062500 0.011718750 0.031250000 0.042968750 0.101562500 0.078125000 0.078125000 0.042968750 0.054687500 0.058593750 0.031250000 0.015625000 0.023437500 0.015625000 0.035156250 0.042968750 0.015625000 0.058593750 0.058593750 0.042968750 0.007812500 0.027343750 0.019531250 0.062500000 0.042968750 0.035156250 0.011718750 0.031250000 0.015625000 0.039062500 0.039062500 0.007812500 0.023437500 0.058593750 0.007812500 0.082031250 0.039062500 0.011718750 0.039062500 0.035156250 0.023437500 0.035156250 0.031250000 0.003906250 0.011718750 0.023437500 0.031250000 0.019531250 0.027343750 0.035156250 0.027343750 0.011718750 0.011718750 0.007812500 0.031250000 0.019531250 0.039062500 0.027343750 0.023437500 0.023437500 0.015625000 0.023437500 0.039062500 0.031250000 0.027343750 0.019531250 0.023437500 0.035156250 0.007812500 0.062500000 0.011718750 0.015625000 0.011718750 0.011718750 0.011718750 0.019531250 0.019531250 0.046875000 0.023437500 0.046875000 0.046875000 0.027343750 0.023437500 0.023437500 0.027343750 0.023437500 0.031250000 0.039062500 0.031250000 0.023437500 0.023437500 0.031250000 0.011718750 0.031250000 0.019531250 0.023437500 0.031250000 0.019531250 0.031250000 0.039062500 0.015625000 0.023437500 0.031250000 0.035156250 0.023437500 0.019531250 0.039062500 0.015625000 0.035156250 0.023437500 0.011718750 0.050781250 0.050781250 0.027343750 0.027343750 0.023437500 0.011718750 0.011718750 0.039062500 0.023437500 0.027343750 0.035156250 0.003906250 0.011718750 0.011718750 0.031250000 0.031250000 0.015625000 0.035156250 0.007812500 0.007812500 0.023437500 0.027343750 0.019531250 0.031250000 0.035156250 0.027343750 0.011718750 0.015625000 0.039062500 0.015625000 0.019531250 0.015625000 0.023437500 0.031250000 0.046875000 0.035156250 0.011718750 0.046875000 0.023437500 0.007812500 0.023437500 0.015625000 0.023437500 0.003906250 0.015625000 0.031250000 0.042968750 0.027343750 0.015625000 0.027343750 0.019531250 0.027343750 0.027343750 0.019531250 0.011718750 0.042968750 0.023437500 0.007812500 0.027343750 0.011718750 0.019531250 0.015625000 0.007812500 0.031250000 0.023437500 0.011718750 0.019531250 0.007812500 0.015625000 0.019531250 
0.003906250 0.050781250 0.089843750 0.039062500 0.089843750 0.156250000 0.195312500 0.058593750 0.179687500 0.328125000 0.355468750 0.339843750 0.378906250 0.199218750 0.187500000 0.164062500 0.101562500 0.101562500 0.093750000 0.066406250 0.039062500 0.136718750 0.058593750 0.070312500 0.042968750 0.164062500 0.117187500 0.058593750 0.089843750 0.144531250 0.046875000 0.117187500 0.152343750 0.058593750 0.164062500 0.023437500 0.039062500 0.050781250 0.187500000 0.062500000 0.078125000 0.011718750 0.078125000 0.195312500 0.187500000 0.164062500 0.160156250 0.070312500 0.093750000 0.054687500 0.113281250 0.062500000 0.089843750 0.300781250 0.226562500 0.226562500 0.203125000 0.148437500 0.046875000 0.117187500 0.031250000 0.066406250 0.070312500 0.039062500 0.027343750 0.074218750 0.039062500 0.050781250 0.031250000 0.015625000 0.046875000 0.015625000 0.082031250 0.015625000 0.035156250 0.074218750 0.058593750 0.027343750 0.066406250 0.058593750 0.039062500 0.183593750 0.039062500 0.070312500 0.132812500 0.058593750 0.027343750 0.039062500 0.007812500 0.031250000 0.050781250 0.039062500 0.031250000 0.050781250 0.050781250 0.050781250 0.023437500 0.019531250 0.066406250 0.050781250 0.031250000 0.031250000 0.023437500 0.050781250 0.023437500 0.023437500 0.039062500 0.050781250 0.042968750 0.035156250 0.066406250 0.054687500 0.042968750 0.019531250 0.035156250 0.027343750 0.011718750 0.031250000 0.019531250 0.011718750 0.035156250 0.023437500 0.023437500 0.027343750 0.023437500 0.039062500 0.003906250 0.019531250 0.039062500 0.007812500 0.050781250 0.042968750 0.007812500 0.015625000 0.027343750 0.015625000 0.031250000 0.011718750 0.031250000 0.019531250 0.031250000 0.050781250 0.042968750 0.031250000 0.003906250 0.039062500 0.027343750 0.023437500 0.011718750 0.007812500 0.031250000 0.039062500 0.027343750 0.062500000 0.039062500 0.058593750 0.046875000 0.039062500 0.042968750 0.023437500 0.015625000 0.023437500 0.019531250 0.058593750 0.015625000 0.027343750 0.011718750 0.023437500 0.011718750 0.019531250 0.050781250 0.035156250 0.019531250 0.027343750 0.039062500 0.031250000 0.023437500 0.011718750 0.015625000 0.023437500 0.023437500 0.023437500 0.042968750 0.027343750 0.042968750 0.015625000 0.011718750 0.027343750 0.023437500 0.039062500 0.042968750 0.007812500 0.019531250 0.007812500 0.042968750 0.027343750 0.031250000 0.031250000 0.007812500 0.011718750 0.015625000 0.046875000 0.015625000 0.031250000 0.023437500 0.019531250 0.015625000 0.015625000 0.007812500 0.015625000 0.031250000 0.031250000 0.011718750 0.023437500 0.035156250 0.042968750 0.019531250 0.007812500 0.007812500 0.031250000 0.031250000 0.027343750 0.054687500 0.003906250 0.050781250 0.015625000 0.019531250 0.035156250 0.031250000 0.031250000 0.003906250 0.019531250 0.039062500 0.039062500 0.027343750 0.027343750 0.015625000 0.023437500 0.042968750 0.019531250 0.007812500 0.007812500 0.027343750 0.019531250 0.011718750 0.039062500 0.011718750 0.019531250 0.003906250 0.003906250 0.019531250 0.007812500 0.011718750 0.011718750 0.015625000 0.003906250 0.003906250 
0.253906250 0.234375000 0.386718750 1.054687500 1.734375000 2.863281250 3.460937500 3.898437500 3.535156250 2.777343750 3.886718750 4.863281250 5.121093750 4.710937500 3.402343750 2.054687500 1.058593750 0.742187500 0.582031250 0.304687500 0.468750000 0.824218750 0.675781250 0.468750000 0.367187500 0.468750000 0.199218750 0.195312500 0.207031250 0.183593750 0.246093750 0.261718750 0.339843750 0.203125000 0.191406250 0.222656250 0.183593750 0.292968750 0.156250000 0.187500000 0.152343750 0.207031250 0.085937500 0.351562500 0.066406250 0.238281250 0.175781250 0.144531250 0.164062500 0.042968750 0.167968750 0.238281250 0.144531250 0.246093750 0.507812500 0.234375000 0.160156250 0.156250000 0.093750000 0.117187500 0.078125000 0.101562500 0.097656250 0.058593750 0.132812500 0.070312500 0.113281250 0.125000000 0.062500000 0.058593750 0.066406250 0.066406250 0.085937500 0.128906250 0.156250000 0.109375000 0.140625000 0.128906250 0.066406250 0.058593750 0.113281250 0.167968750 0.164062500 0.179687500 0.089843750 0.078125000 0.062500000 0.042968750 0.054687500 0.023437500 0.101562500 0.062500000 0.039062500 0.089843750 0.082031250 0.109375000 0.109375000 0.082031250 0.097656250 0.074218750 0.097656250 0.078125000 0.070312500 0.093750000 0.031250000 0.050781250 0.093750000 0.089843750 0.097656250 0.027343750 0.105468750 0.082031250 0.066406250 0.011718750 0.050781250 0.058593750 0.042968750 0.058593750 0.062500000 0.031250000 0.035156250 0.027343750 0.050781250 0.035156250 0.066406250 0.062500000 0.058593750 0.082031250 0.074218750 0.070312500 0.109375000 0.035156250 0.058593750 0.050781250 0.082031250 0.039062500 0.066406250 0.042968750 0.062500000 0.066406250 0.058593750 0.113281250 0.039062500 0.046875000 0.085937500 0.058593750 0.054687500 0.066406250 0.035156250 0.046875000 0.054687500 0.035156250 0.042968750 0.066406250 0.054687500 0.066406250 0.042968750 0.046875000 0.074218750 0.031250000 0.046875000 0.035156250 0.050781250 0.015625000 0.058593750 0.062500000 0.046875000 0.066406250 0.054687500 0.070312500 0.042968750 0.054687500 0.027343750 0.085937500 0.042968750 0.046875000 0.058593750 0.062500000 0.054687500 0.066406250 0.042968750 0.046875000 0.074218750 0.031250000 0.062500000 0.035156250 0.062500000 0.046875000 0.066406250 0.050781250 0.039062500 0.039062500 0.058593750 0.046875000 0.078125000 0.046875000 0.039062500 0.019531250 0.054687500 0.062500000 0.046875000 0.097656250 0.042968750 0.054687500 0.054687500 0.070312500 0.035156250 0.042968750 0.062500000 0.046875000 0.066406250 0.074218750 0.070312500 0.062500000 0.027343750 0.046875000 0.042968750 0.035156250 0.031250000 0.062500000 0.062500000 0.023437500 0.058593750 0.046875000 0.007812500 0.058593750 0.054687500 0.042968750 0.066406250 0.035156250 0.039062500 0.058593750 0.050781250 0.070312500 0.058593750 0.042968750 0.031250000 0.054687500 0.066406250 0.050781250 0.050781250 0.054687500 0.066406250 0.039062500 0.023437500 0.050781250 0.039062500 0.070312500 0.050781250 0.027343750 0.050781250 0.039062500 0.027343750 0.031250000 0.066406250 0.066406250 0.058593750 
0.039062500 0.363281250 1.503906250 3.953125000 5.605468750 3.027343750 5.527343750 8.339843750 3.742187500 3.515625000 8.445312500 9.445312500 4.261718750 5.101562500 4.421875000 0.890625000 1.253906250 0.960937500 0.988281250 0.582031250 0.921875000 1.035156250 0.257812500 0.437500000 0.121093750 0.074218750 0.222656250 0.164062500 0.167968750 0.125000000 0.121093750 0.113281250 0.054687500 0.101562500 0.066406250 0.101562500 0.062500000 0.187500000 0.191406250 0.085937500 0.039062500 0.054687500 0.128906250 0.312500000 0.035156250 0.175781250 0.148437500 0.058593750 0.042968750 0.140625000 0.042968750 0.132812500 0.082031250 0.078125000 0.335937500 0.292968750 0.093750000 0.066406250 0.078125000 0.117187500 0.085937500 0.101562500 0.046875000 0.050781250 0.035156250 0.105468750 0.097656250 0.058593750 0.046875000 0.062500000 0.050781250 0.039062500 0.105468750 0.187500000 0.011718750 0.054687500 0.062500000 0.039062500 0.042968750 0.050781250 0.117187500 0.097656250 0.125000000 0.113281250 0.003906250 0.027343750 0.031250000 0.046875000 0.019531250 0.062500000 0.054687500 0.023437500 0.082031250 0.039062500 0.039062500 0.097656250 0.078125000 0.039062500 0.062500000 0.031250000 0.050781250 0.050781250 0.050781250 0.011718750 0.007812500 0.031250000 0.027343750 0.046875000 0.031250000 0.105468750 0.031250000 0.082031250 0.035156250 0.039062500 0.042968750 0.054687500 0.058593750 0.039062500 0.023437500 0.066406250 0.066406250 0.089843750 0.046875000 0.035156250 0.050781250 0.011718750 0.031250000 0.050781250 0.058593750 0.015625000 0.054687500 0.050781250 0.015625000 0.015625000 0.019531250 0.062500000 0.070312500 0.035156250 0.019531250 0.019531250 0.062500000 0.066406250 0.007812500 0.031250000 0.011718750 0.023437500 0.015625000 0.031250000 0.027343750 0.027343750 0.011718750 0.019531250 0.027343750 0.023437500 0.027343750 0.027343750 0.011718750 0.019531250 0.027343750 0.019531250 0.011718750 0.007812500 0.031250000 0.042968750 0.023437500 0.007812500 0.035156250 0.011718750 0.019531250 0.027343750 0.003906250 0.042968750 0.054687500 0.039062500 0.042968750 0.027343750 0.007812500 0.011718750 0.015625000 0.027343750 0.003906250 0.007812500 0.023437500 0.023437500 0.042968750 0.027343750 0.023437500 0.031250000 0.035156250 0.031250000 0.023437500 0.039062500 0.003906250 0.031250000 0.023437500 0.050781250 0.031250000 0.011718750 0.035156250 0.023437500 0.035156250 0.039062500 0.039062500 0.031250000 0.031250000 0.023437500 0.027343750 0.015625000 0.019531250 0.023437500 0.035156250 0.039062500 0.062500000 0.039062500 0.074218750 0.046875000 0.027343750 0.007812500 0.035156250 0.046875000 0.046875000 0.031250000 0.035156250 0.023437500 0.027343750 0.042968750 0.035156250 0.035156250 0.023437500 0.019531250 0.031250000 0.015625000 0.042968750 0.019531250 0.023437500 0.019531250 0.035156250 0.035156250 0.011718750 0.007812500 0.023437500 0.035156250 0.035156250 0.011718750 0.015625000 0.007812500 0.035156250 0.035156250 0.019531250 0.031250000 0.015625000 0.007812500 0.019531250 0.035156250 0.035156250 0.031250000 0.007812500 
1.160156250 0.722656250 1.421875000 8.285156250 10.695312500 3.691406250 4.273437500 12.359375000 1.816406250 1.933593750 12.156250000 12.035156250 6.847656250 2.113281250 6.542968750 0.824218750 0.675781250 1.117187500 1.691406250 1.242187500 0.886718750 1.449218750 0.277343750 0.488281250 0.339843750 0.417968750 0.242187500 0.312500000 0.269531250 0.214843750 0.191406250 0.234375000 0.234375000 0.203125000 0.210937500 0.300781250 0.269531250 0.167968750 0.011718750 0.117187500 0.128906250 0.117187500 0.179687500 0.031250000 0.332031250 0.292968750 0.226562500 0.101562500 0.257812500 0.117187500 0.144531250 0.156250000 0.261718750 0.117187500 0.277343750 0.210937500 0.257812500 0.187500000 0.195312500 0.175781250 0.128906250 0.136718750 0.179687500 0.125000000 0.109375000 0.156250000 0.164062500 0.132812500 0.085937500 0.125000000 0.085937500 0.140625000 0.078125000 0.285156250 0.089843750 0.156250000 0.187500000 0.128906250 0.128906250 0.132812500 0.132812500 0.136718750 0.089843750 0.039062500 0.097656250 0.097656250 0.062500000 0.070312500 0.128906250 0.121093750 0.128906250 0.136718750 0.035156250 0.105468750 0.093750000 0.121093750 0.125000000 0.109375000 0.085937500 0.121093750 0.089843750 0.046875000 0.105468750 0.078125000 0.105468750 0.066406250 0.066406250 0.085937500 0.058593750 0.140625000 0.109375000 0.031250000 0.105468750 0.050781250 0.074218750 0.140625000 0.042968750 0.070312500 0.015625000 0.019531250 0.140625000 0.109375000 0.136718750 0.074218750 0.097656250 0.082031250 0.128906250 0.050781250 0.082031250 0.093750000 0.070312500 0.082031250 0.078125000 0.101562500 0.035156250 0.089843750 0.070312500 0.093750000 0.042968750 0.125000000 0.078125000 0.062500000 0.062500000 0.082031250 0.062500000 0.031250000 0.066406250 0.042968750 0.062500000 0.031250000 0.031250000 0.054687500 0.042968750 0.058593750 0.050781250 0.046875000 0.062500000 0.058593750 0.074218750 0.089843750 0.078125000 0.074218750 0.035156250 0.050781250 0.066406250 0.050781250 0.054687500 0.066406250 0.058593750 0.078125000 0.050781250 0.039062500 0.046875000 0.031250000 0.027343750 0.066406250 0.039062500 0.058593750 0.062500000 0.027343750 0.046875000 0.046875000 0.027343750 0.066406250 0.035156250 0.078125000 0.035156250 0.031250000 0.074218750 0.031250000 0.074218750 0.035156250 0.039062500 0.078125000 0.023437500 0.062500000 0.023437500 0.050781250 0.062500000 0.062500000 0.042968750 0.078125000 0.046875000 0.066406250 0.070312500 0.074218750 0.035156250 0.062500000 0.039062500 0.070312500 0.042968750 0.031250000 0.109375000 0.066406250 0.070312500 0.058593750 0.039062500 0.023437500 0.042968750 0.039062500 0.117187500 0.066406250 0.042968750 0.070312500 0.062500000 0.074218750 0.058593750 0.074218750 0.054687500 0.046875000 0.054687500 0.039062500 0.035156250 0.066406250 0.035156250 0.050781250 0.019531250 0.062500000 0.066406250 0.035156250 0.050781250 0.023437500 0.070312500 0.035156250 0.042968750 0.074218750 0.058593750 0.039062500 0.023437500 0.027343750 0.019531250 0.035156250 0.023437500 0.042968750 0.089843750 0.062500000 0.050781250 
4.160156250 4.082031250 5.460937500 13.468750000 13.523437500 3.140625000 2.417968750 14.621093750 3.246093750 4.871093750 16.125000000 9.960937500 3.980468750 3.296875000 7.433593750 1.371093750 0.949218750 1.750000000 1.671875000 0.960937500 0.750000000 1.136718750 0.574218750 0.445312500 0.406250000 0.492187500 0.156250000 0.210937500 0.402343750 0.480468750 0.230468750 0.078125000 0.230468750 0.214843750 0.312500000 0.046875000 0.210937500 0.140625000 0.281250000 0.105468750 0.191406250 0.156250000 0.101562500 0.183593750 0.183593750 0.054687500 0.082031250 0.175781250 0.082031250 0.101562500 0.058593750 0.214843750 0.253906250 0.125000000 0.128906250 0.105468750 0.207031250 0.035156250 0.035156250 0.058593750 0.089843750 0.089843750 0.058593750 0.015625000 0.050781250 0.023437500 0.136718750 0.027343750 0.035156250 0.031250000 0.125000000 0.039062500 0.074218750 0.113281250 0.062500000 0.117187500 0.054687500 0.082031250 0.062500000 0.039062500 0.105468750 0.093750000 0.039062500 0.074218750 0.031250000 0.023437500 0.062500000 0.019531250 0.070312500 0.042968750 0.074218750 0.078125000 0.058593750 0.070312500 0.097656250 0.175781250 0.097656250 0.089843750 0.078125000 0.089843750 0.058593750 0.058593750 0.011718750 0.046875000 0.050781250 0.023437500 0.015625000 0.046875000 0.066406250 0.054687500 0.066406250 0.054687500 0.035156250 0.035156250 0.031250000 0.031250000 0.148437500 0.078125000 0.070312500 0.164062500 0.062500000 0.078125000 0.113281250 0.027343750 0.046875000 0.039062500 0.078125000 0.015625000 0.039062500 0.023437500 0.019531250 0.027343750 0.046875000 0.015625000 0.058593750 0.054687500 0.046875000 0.023437500 0.015625000 0.078125000 0.027343750 0.031250000 0.035156250 0.031250000 0.050781250 0.011718750 0.023437500 0.035156250 0.070312500 0.000000000 0.031250000 0.003906250 0.023437500 0.031250000 0.019531250 0.019531250 0.007812500 0.011718750 0.039062500 0.031250000 0.035156250 0.042968750 0.039062500 0.035156250 0.007812500 0.007812500 0.035156250 0.023437500 0.031250000 0.007812500 0.035156250 0.027343750 0.015625000 0.015625000 0.023437500 0.050781250 0.023437500 0.011718750 0.015625000 0.027343750 0.003906250 0.007812500 0.031250000 0.019531250 0.019531250 0.011718750 0.031250000 0.015625000 0.007812500 0.035156250 0.066406250 0.003906250 0.023437500 0.046875000 0.023437500 0.046875000 0.019531250 0.027343750 0.035156250 0.003906250 0.023437500 0.015625000 0.035156250 0.007812500 0.039062500 0.039062500 0.019531250 0.019531250 0.015625000 0.054687500 0.015625000 0.035156250 0.046875000 0.007812500 0.011718750 0.050781250 0.027343750 0.023437500 0.019531250 0.019531250 0.058593750 0.031250000 0.011718750 0.039062500 0.019531250 0.023437500 0.023437500 0.027343750 0.042968750 0.019531250 0.015625000 0.023437500 0.027343750 0.023437500 0.031250000 0.031250000 0.039062500 0.015625000 0.027343750 0.023437500 0.027343750 0.046875000 0.003906250 0.042968750 0.011718750 0.027343750 0.023437500 0.031250000 0.019531250 0.027343750 0.015625000 0.011718750 0.042968750 0.023437500 0.027343750 0.023437500 0.003906250 
3.054687500 3.359375000 5.050781250 14.503906250 16.910156250 5.046875000 3.957031250 15.191406250 1.800781250 4.832031250 15.582031250 13.890625000 4.800781250 3.761718750 6.023437500 1.726562500 1.441406250 2.996093750 1.367187500 0.953125000 0.445312500 2.113281250 0.761718750 0.742187500 0.644531250 0.406250000 0.703125000 0.910156250 0.515625000 0.562500000 0.445312500 0.742187500 0.332031250 0.425781250 0.332031250 0.433593750 0.398437500 0.457031250 0.382812500 0.261718750 0.386718750 0.402343750 0.277343750 0.394531250 0.292968750 0.093750000 0.257812500 0.292968750 0.210937500 0.203125000 0.265625000 0.218750000 0.296875000 0.121093750 0.273437500 0.144531250 0.253906250 0.261718750 0.285156250 0.218750000 0.160156250 0.277343750 0.238281250 0.214843750 0.160156250 0.203125000 0.128906250 0.218750000 0.242187500 0.218750000 0.199218750 0.125000000 0.296875000 0.289062500 0.132812500 0.167968750 0.144531250 0.207031250 0.195312500 0.187500000 0.132812500 0.156250000 0.171875000 0.191406250 0.160156250 0.191406250 0.132812500 0.093750000 0.167968750 0.175781250 0.191406250 0.117187500 0.152343750 0.171875000 0.226562500 0.164062500 0.210937500 0.128906250 0.191406250 0.074218750 0.136718750 0.128906250 0.105468750 0.148437500 0.085937500 0.132812500 0.136718750 0.109375000 0.093750000 0.160156250 0.109375000 0.097656250 0.140625000 0.121093750 0.074218750 0.066406250 0.031250000 0.210937500 0.230468750 0.039062500 0.257812500 0.062500000 0.136718750 0.132812500 0.082031250 0.078125000 0.070312500 0.132812500 0.082031250 0.113281250 0.132812500 0.109375000 0.148437500 0.109375000 0.078125000 0.121093750 0.093750000 0.105468750 0.101562500 0.136718750 0.101562500 0.117187500 0.062500000 0.136718750 0.085937500 0.093750000 0.085937500 0.078125000 0.097656250 0.113281250 0.140625000 0.085937500 0.109375000 0.058593750 0.082031250 0.101562500 0.078125000 0.089843750 0.136718750 0.074218750 0.101562500 0.074218750 0.121093750 0.109375000 0.093750000 0.097656250 0.101562500 0.093750000 0.062500000 0.085937500 0.078125000 0.097656250 0.062500000 0.105468750 0.097656250 0.093750000 0.097656250 0.109375000 0.105468750 0.089843750 0.070312500 0.089843750 0.066406250 0.078125000 0.097656250 0.082031250 0.089843750 0.093750000 0.085937500 0.105468750 0.070312500 0.109375000 0.078125000 0.070312500 0.070312500 0.125000000 0.089843750 0.085937500 0.074218750 0.066406250 0.054687500 0.074218750 0.113281250 0.113281250 0.089843750 0.085937500 0.050781250 0.085937500 0.062500000 0.070312500 0.101562500 0.105468750 0.113281250 0.062500000 0.074218750 0.113281250 0.054687500 0.085937500 0.070312500 0.089843750 0.109375000 0.093750000 0.066406250 0.089843750 0.058593750 0.101562500 0.074218750 0.050781250 0.093750000 0.074218750 0.093750000 0.074218750 0.058593750 0.054687500 0.078125000 0.082031250 0.082031250 0.078125000 0.058593750 0.113281250 0.082031250 0.082031250 0.089843750 0.054687500 0.089843750 0.062500000 0.054687500 0.078125000 0.066406250 0.058593750 0.058593750 0.089843750 0.070312500 0.054687500 0.078125000 0.054687500 0.062500000 
1.496093750 2.410156250 4.402343750 16.093750000 17.828125000 7.582031250 8.062500000 14.714843750 1.855468750 5.023437500 20.062500000 10.761718750 5.828125000 5.464843750 5.636718750 0.558593750 0.785156250 3.156250000 0.644531250 0.460937500 1.234375000 1.828125000 0.609375000 0.472656250 0.117187500 0.371093750 0.222656250 0.328125000 0.710937500 0.269531250 0.101562500 0.437500000 0.210937500 0.179687500 0.203125000 0.257812500 0.214843750 0.164062500 0.230468750 0.035156250 0.140625000 0.199218750 0.117187500 0.121093750 0.144531250 0.046875000 0.242187500 0.097656250 0.140625000 0.152343750 0.167968750 0.093750000 0.140625000 0.304687500 0.097656250 0.085937500 0.121093750 0.015625000 0.093750000 0.085937500 0.085937500 0.105468750 0.039062500 0.070312500 0.050781250 0.125000000 0.175781250 0.062500000 0.070312500 0.140625000 0.046875000 0.089843750 0.105468750 0.152343750 0.171875000 0.179687500 0.125000000 0.058593750 0.078125000 0.164062500 0.078125000 0.011718750 0.027343750 0.078125000 0.066406250 0.058593750 0.078125000 0.082031250 0.062500000 0.011718750 0.085937500 0.105468750 0.066406250 0.078125000 0.093750000 0.140625000 0.289062500 0.132812500 0.156250000 0.035156250 0.089843750 0.074218750 0.031250000 0.074218750 0.121093750 0.027343750 0.050781250 0.062500000 0.054687500 0.070312500 0.089843750 0.050781250 0.117187500 0.042968750 0.082031250 0.078125000 0.152343750 0.125000000 0.175781250 0.062500000 0.164062500 0.054687500 0.128906250 0.011718750 0.050781250 0.027343750 0.058593750 0.011718750 0.019531250 0.042968750 0.003906250 0.031250000 0.031250000 0.062500000 0.027343750 0.058593750 0.035156250 0.050781250 0.046875000 0.046875000 0.050781250 0.050781250 0.070312500 0.027343750 0.019531250 0.011718750 0.046875000 0.027343750 0.019531250 0.031250000 0.062500000 0.003906250 0.007812500 0.019531250 0.015625000 0.046875000 0.054687500 0.027343750 0.035156250 0.035156250 0.046875000 0.019531250 0.031250000 0.019531250 0.031250000 0.039062500 0.042968750 0.042968750 0.031250000 0.011718750 0.011718750 0.050781250 0.054687500 0.031250000 0.007812500 0.027343750 0.058593750 0.046875000 0.027343750 0.042968750 0.019531250 0.019531250 0.003906250 0.031250000 0.003906250 0.027343750 0.035156250 0.050781250 0.042968750 0.066406250 0.035156250 0.039062500 0.027343750 0.019531250 0.035156250 0.046875000 0.050781250 0.039062500 0.019531250 0.019531250 0.058593750 0.011718750 0.042968750 0.007812500 0.023437500 0.031250000 0.050781250 0.031250000 0.019531250 0.039062500 0.019531250 0.042968750 0.042968750 0.031250000 0.015625000 0.027343750 0.042968750 0.035156250 0.019531250 0.050781250 0.031250000 0.042968750 0.046875000 0.039062500 0.015625000 0.027343750 0.042968750 0.027343750 0.031250000 0.035156250 0.027343750 0.023437500 0.039062500 0.007812500 0.046875000 0.027343750 0.023437500 0.042968750 0.058593750 0.035156250 0.042968750 0.058593750 0.046875000 0.011718750 0.027343750 0.027343750 0.023437500 0.011718750 0.031250000 0.007812500 0.042968750 0.023437500 0.015625000 0.007812500 0.035156250 0.046875000 0.011718750 
1.273437500 2.734375000 4.359375000 18.082031250 16.636718750 8.855468750 9.660156250 16.253906250 0.964843750 3.574218750 23.746093750 7.285156250 4.167968750 7.527343750 5.570312500 1.238281250 0.402343750 3.167968750 0.480468750 0.562500000 2.046875000 1.617187500 0.835937500 0.664062500 0.238281250 0.164062500 0.429687500 0.882812500 0.300781250 0.175781250 0.218750000 0.425781250 0.039062500 0.097656250 0.117187500 0.066406250 0.101562500 0.042968750 0.164062500 0.050781250 0.070312500 0.144531250 0.156250000 0.121093750 0.144531250 0.121093750 0.128906250 0.097656250 0.132812500 0.125000000 0.144531250 0.062500000 0.101562500 0.187500000 0.234375000 0.011718750 0.093750000 0.035156250 0.039062500 0.031250000 0.062500000 0.042968750 0.062500000 0.019531250 0.027343750 0.062500000 0.050781250 0.015625000 0.031250000 0.078125000 0.074218750 0.078125000 0.160156250 0.066406250 0.128906250 0.195312500 0.058593750 0.046875000 0.054687500 0.136718750 0.074218750 0.062500000 0.082031250 0.015625000 0.062500000 0.085937500 0.011718750 0.015625000 0.062500000 0.058593750 0.019531250 0.054687500 0.078125000 0.027343750 0.089843750 0.269531250 0.125000000 0.207031250 0.214843750 0.070312500 0.039062500 0.003906250 0.042968750 0.058593750 0.042968750 0.046875000 0.015625000 0.039062500 0.062500000 0.042968750 0.097656250 0.023437500 0.074218750 0.031250000 0.042968750 0.089843750 0.132812500 0.121093750 0.089843750 0.195312500 0.074218750 0.031250000 0.132812500 0.023437500 0.042968750 0.074218750 0.015625000 0.039062500 0.042968750 0.003906250 0.015625000 0.007812500 0.039062500 0.011718750 0.019531250 0.007812500 0.046875000 0.007812500 0.003906250 0.054687500 0.042968750 0.015625000 0.027343750 0.046875000 0.027343750 0.023437500 0.023437500 0.054687500 0.003906250 0.023437500 0.042968750 0.003906250 0.031250000 0.019531250 0.035156250 0.011718750 0.039062500 0.035156250 0.058593750 0.031250000 0.023437500 0.035156250 0.011718750 0.015625000 0.011718750 0.015625000 0.019531250 0.011718750 0.003906250 0.003906250 0.027343750 0.019531250 0.023437500 0.023437500 0.035156250 0.019531250 0.019531250 0.039062500 0.027343750 0.019531250 0.023437500 0.011718750 0.007812500 0.023437500 0.042968750 0.011718750 0.019531250 0.015625000 0.003906250 0.031250000 0.011718750 0.011718750 0.023437500 0.031250000 0.027343750 0.019531250 0.011718750 0.011718750 0.015625000 0.003906250 0.039062500 0.019531250 0.039062500 0.023437500 0.007812500 0.015625000 0.023437500 0.011718750 0.023437500 0.027343750 0.027343750 0.042968750 0.046875000 0.031250000 0.011718750 0.023437500 0.003906250 0.019531250 0.027343750 0.054687500 0.023437500 0.015625000 0.007812500 0.039062500 0.023437500 0.015625000 0.031250000 0.023437500 0.007812500 0.007812500 0.015625000 0.050781250 0.027343750 0.015625000 0.027343750 0.015625000 0.019531250 0.019531250 0.015625000 0.011718750 0.023437500 0.023437500 0.027343750 0.019531250 0.027343750 0.023437500 0.007812500 0.023437500 0.007812500 0.023437500 0.031250000 0.011718750 0.007812500 0.019531250 0.027343750 0.042968750 0.000000000 
0.355468750 1.792968750 4.531250000 19.753906250 15.992187500 8.503906250 10.109375000 18.042968750 1.171875000 2.894531250 25.644531250 6.230468750 5.585937500 9.292968750 5.914062500 1.890625000 0.640625000 3.984375000 0.730468750 0.117187500 2.582031250 2.210937500 1.257812500 1.093750000 0.074218750 0.464843750 0.468750000 0.742187500 0.425781250 0.343750000 0.125000000 0.671875000 0.492187500 0.378906250 0.304687500 0.453125000 0.371093750 0.335937500 0.445312500 0.292968750 0.371093750 0.300781250 0.343750000 0.203125000 0.257812500 0.343750000 0.355468750 0.105468750 0.105468750 0.191406250 0.210937500 0.242187500 0.250000000 0.121093750 0.425781250 0.238281250 0.203125000 0.148437500 0.183593750 0.160156250 0.183593750 0.148437500 0.156250000 0.238281250 0.144531250 0.121093750 0.164062500 0.152343750 0.187500000 0.214843750 0.195312500 0.109375000 0.132812500 0.226562500 0.296875000 0.195312500 0.148437500 0.156250000 0.093750000 0.054687500 0.117187500 0.140625000 0.164062500 0.105468750 0.082031250 0.183593750 0.070312500 0.101562500 0.097656250 0.125000000 0.136718750 0.195312500 0.050781250 0.050781250 0.199218750 0.261718750 0.222656250 0.179687500 0.222656250 0.093750000 0.136718750 0.113281250 0.140625000 0.175781250 0.179687500 0.140625000 0.125000000 0.125000000 0.097656250 0.089843750 0.054687500 0.113281250 0.140625000 0.164062500 0.183593750 0.042968750 0.050781250 0.093750000 0.253906250 0.121093750 0.058593750 0.050781250 0.160156250 0.113281250 0.089843750 0.121093750 0.105468750 0.121093750 0.070312500 0.078125000 0.082031250 0.074218750 0.113281250 0.082031250 0.078125000 0.074218750 0.074218750 0.078125000 0.082031250 0.039062500 0.070312500 0.082031250 0.085937500 0.066406250 0.093750000 0.085937500 0.066406250 0.101562500 0.078125000 0.085937500 0.062500000 0.082031250 0.093750000 0.093750000 0.093750000 0.085937500 0.046875000 0.058593750 0.054687500 0.128906250 0.042968750 0.085937500 0.101562500 0.074218750 0.089843750 0.117187500 0.070312500 0.035156250 0.070312500 0.089843750 0.105468750 0.105468750 0.093750000 0.042968750 0.066406250 0.101562500 0.097656250 0.093750000 0.078125000 0.078125000 0.085937500 0.058593750 0.054687500 0.089843750 0.039062500 0.066406250 0.085937500 0.105468750 0.070312500 0.054687500 0.070312500 0.066406250 0.062500000 0.066406250 0.089843750 0.093750000 0.054687500 0.085937500 0.097656250 0.054687500 0.085937500 0.093750000 0.042968750 0.074218750 0.066406250 0.074218750 0.066406250 0.074218750 0.050781250 0.058593750 0.058593750 0.105468750 0.074218750 0.089843750 0.062500000 0.070312500 0.042968750 0.050781250 0.105468750 0.046875000 0.082031250 0.050781250 0.074218750 0.066406250 0.070312500 0.050781250 0.082031250 0.074218750 0.054687500 0.058593750 0.058593750 0.074218750 0.066406250 0.058593750 0.093750000 0.078125000 0.062500000 0.074218750 0.062500000 0.062500000 0.054687500 0.070312500 0.039062500 0.078125000 0.042968750 0.062500000 0.054687500 0.074218750 0.058593750 0.078125000 0.066406250 0.066406250 0.062500000 0.082031250 0.050781250 0.035156250 0.050781250 
0.566406250 1.859375000 4.480468750 21.179687500 16.515625000 8.234375000 9.335937500 20.152343750 1.761718750 1.695312500 26.062500000 10.429687500 7.964843750 11.652343750 7.929687500 1.468750000 0.550781250 4.058593750 0.371093750 1.175781250 3.855468750 2.007812500 0.390625000 0.195312500 1.253906250 0.621093750 0.503906250 1.484375000 0.195312500 0.121093750 0.601562500 0.093750000 0.062500000 0.320312500 0.355468750 0.148437500 0.144531250 0.277343750 0.226562500 0.187500000 0.191406250 0.125000000 0.234375000 0.187500000 0.113281250 0.203125000 0.191406250 0.238281250 0.187500000 0.269531250 0.234375000 0.207031250 0.214843750 0.230468750 0.398437500 0.085937500 0.218750000 0.246093750 0.183593750 0.218750000 0.128906250 0.117187500 0.187500000 0.164062500 0.121093750 0.171875000 0.156250000 0.101562500 0.179687500 0.128906250 0.191406250 0.171875000 0.183593750 0.128906250 0.117187500 0.375000000 0.281250000 0.203125000 0.085937500 0.156250000 0.199218750 0.066406250 0.097656250 0.156250000 0.160156250 0.105468750 0.164062500 0.144531250 0.117187500 0.113281250 0.136718750 0.105468750 0.203125000 0.109375000 0.226562500 0.292968750 0.335937500 0.226562500 0.304687500 0.062500000 0.101562500 0.136718750 0.105468750 0.121093750 0.136718750 0.152343750 0.128906250 0.117187500 0.121093750 0.132812500 0.207031250 0.156250000 0.089843750 0.152343750 0.238281250 0.179687500 0.023437500 0.113281250 0.292968750 0.140625000 0.062500000 0.054687500 0.125000000 0.109375000 0.121093750 0.164062500 0.109375000 0.082031250 0.085937500 0.097656250 0.101562500 0.082031250 0.074218750 0.136718750 0.097656250 0.101562500 0.121093750 0.109375000 0.093750000 0.125000000 0.082031250 0.117187500 0.093750000 0.089843750 0.109375000 0.082031250 0.121093750 0.089843750 0.121093750 0.105468750 0.097656250 0.117187500 0.089843750 0.128906250 0.101562500 0.093750000 0.109375000 0.097656250 0.109375000 0.089843750 0.078125000 0.105468750 0.074218750 0.117187500 0.113281250 0.078125000 0.105468750 0.082031250 0.109375000 0.078125000 0.097656250 0.062500000 0.125000000 0.074218750 0.070312500 0.062500000 0.085937500 0.082031250 0.089843750 0.093750000 0.097656250 0.105468750 0.089843750 0.093750000 0.109375000 0.097656250 0.097656250 0.054687500 0.128906250 0.082031250 0.109375000 0.113281250 0.078125000 0.074218750 0.039062500 0.109375000 0.070312500 0.050781250 0.128906250 0.089843750 0.078125000 0.066406250 0.023437500 0.066406250 0.082031250 0.062500000 0.097656250 0.117187500 0.070312500 0.054687500 0.085937500 0.128906250 0.121093750 0.074218750 0.089843750 0.062500000 0.085937500 0.078125000 0.113281250 0.093750000 0.121093750 0.085937500 0.105468750 0.101562500 0.078125000 0.089843750 0.074218750 0.066406250 0.050781250 0.078125000 0.085937500 0.082031250 0.070312500 0.078125000 0.101562500 0.046875000 0.093750000 0.074218750 0.078125000 0.097656250 0.062500000 0.105468750 0.117187500 0.097656250 0.062500000 0.089843750 0.074218750 0.066406250 0.054687500 0.097656250 0.078125000 0.089843750 0.074218750 0.101562500 0.054687500 0.070312500 0.089843750 
3.703125000 4.414062500 6.921875000 23.726562500 16.550781250 5.980468750 5.433593750 23.464843750 2.734375000 4.144531250 24.164062500 18.625000000 9.421875000 10.605468750 13.878906250 4.183593750 2.566406250 2.722656250 2.441406250 1.289062500 1.511718750 5.375000000 2.710937500 1.816406250 0.839843750 2.257812500 1.542968750 0.976562500 2.281250000 1.488281250 1.218750000 1.867187500 1.296875000 1.296875000 1.425781250 1.253906250 1.191406250 1.031250000 1.019531250 1.000000000 0.972656250 1.000000000 0.910156250 0.886718750 0.898437500 0.890625000 1.070312500 0.714843750 0.781250000 0.753906250 0.734375000 0.757812500 0.699218750 0.671875000 0.867187500 0.664062500 0.609375000 0.683593750 0.617187500 0.613281250 0.695312500 0.582031250 0.597656250 0.578125000 0.597656250 0.613281250 0.562500000 0.558593750 0.605468750 0.531250000 0.562500000 0.554687500 0.378906250 0.519531250 0.382812500 0.402343750 0.394531250 0.507812500 0.648437500 0.367187500 0.433593750 0.515625000 0.390625000 0.367187500 0.445312500 0.402343750 0.402343750 0.359375000 0.390625000 0.332031250 0.390625000 0.339843750 0.457031250 0.503906250 0.363281250 0.152343750 0.613281250 0.667968750 0.714843750 0.160156250 0.363281250 0.441406250 0.343750000 0.347656250 0.382812500 0.410156250 0.394531250 0.382812500 0.406250000 0.500000000 0.406250000 0.363281250 0.359375000 0.480468750 0.230468750 0.316406250 0.503906250 0.507812500 0.371093750 0.164062500 0.351562500 0.332031250 0.363281250 0.359375000 0.343750000 0.375000000 0.281250000 0.308593750 0.324218750 0.359375000 0.316406250 0.304687500 0.335937500 0.289062500 0.304687500 0.312500000 0.285156250 0.296875000 0.281250000 0.300781250 0.312500000 0.339843750 0.300781250 0.312500000 0.328125000 0.312500000 0.261718750 0.277343750 0.351562500 0.292968750 0.285156250 0.300781250 0.285156250 0.281250000 0.261718750 0.273437500 0.285156250 0.261718750 0.265625000 0.242187500 0.289062500 0.257812500 0.250000000 0.292968750 0.257812500 0.277343750 0.289062500 0.281250000 0.250000000 0.253906250 0.242187500 0.281250000 0.261718750 0.261718750 0.242187500 0.238281250 0.289062500 0.285156250 0.242187500 0.246093750 0.238281250 0.214843750 0.261718750 0.250000000 0.238281250 0.261718750 0.265625000 0.289062500 0.226562500 0.230468750 0.222656250 0.261718750 0.238281250 0.230468750 0.269531250 0.257812500 0.253906250 0.273437500 0.242187500 0.210937500 0.234375000 0.253906250 0.218750000 0.246093750 0.222656250 0.226562500 0.242187500 0.199218750 0.226562500 0.257812500 0.203125000 0.253906250 0.218750000 0.230468750 0.265625000 0.234375000 0.238281250 0.222656250 0.234375000 0.242187500 0.214843750 0.218750000 0.199218750 0.250000000 0.230468750 0.226562500 0.230468750 0.214843750 0.218750000 0.214843750 0.253906250 0.230468750 0.230468750 0.230468750 0.226562500 0.246093750 0.218750000 0.214843750 0.218750000 0.210937500 0.218750000 0.230468750 0.199218750 0.218750000 0.226562500 0.226562500 0.246093750 0.203125000 0.242187500 0.203125000 0.230468750 0.207031250 0.222656250 0.230468750 0.214843750 0.222656250 0.242187500 
8.437500000 8.683593750 11.375000000 27.960937500 14.539062500 1.949218750 2.105468750 26.195312500 7.148437500 9.847656250 25.742187500 19.656250000 6.324218750 8.035156250 25.621093750 7.265625000 4.558593750 6.125000000 2.253906250 1.976562500 2.691406250 5.285156250 2.363281250 2.269531250 3.578125000 1.039062500 1.097656250 2.152343750 0.160156250 0.757812500 0.816406250 0.257812500 0.515625000 0.457031250 0.542968750 0.460937500 0.363281250 0.421875000 0.394531250 0.402343750 0.410156250 0.449218750 0.406250000 0.527343750 0.429687500 0.343750000 0.324218750 0.488281250 0.355468750 0.332031250 0.343750000 0.324218750 0.335937500 0.457031250 0.269531250 0.289062500 0.328125000 0.250000000 0.261718750 0.289062500 0.234375000 0.195312500 0.207031250 0.210937500 0.226562500 0.191406250 0.242187500 0.222656250 0.164062500 0.296875000 0.218750000 0.160156250 0.398437500 0.218750000 0.359375000 0.601562500 0.281250000 0.175781250 0.171875000 0.546875000 0.339843750 0.375000000 0.503906250 0.285156250 0.324218750 0.343750000 0.277343750 0.253906250 0.257812500 0.222656250 0.203125000 0.234375000 0.230468750 0.312500000 0.328125000 0.507812500 0.714843750 0.296875000 0.175781250 0.472656250 0.148437500 0.050781250 0.113281250 0.152343750 0.152343750 0.136718750 0.183593750 0.164062500 0.148437500 0.371093750 0.066406250 0.203125000 0.234375000 0.238281250 0.187500000 0.265625000 0.515625000 0.054687500 0.152343750 0.199218750 0.304687500 0.132812500 0.152343750 0.179687500 0.128906250 0.128906250 0.156250000 0.128906250 0.097656250 0.109375000 0.144531250 0.125000000 0.140625000 0.125000000 0.113281250 0.109375000 0.136718750 0.113281250 0.121093750 0.101562500 0.082031250 0.140625000 0.117187500 0.093750000 0.125000000 0.093750000 0.136718750 0.101562500 0.136718750 0.136718750 0.121093750 0.097656250 0.128906250 0.125000000 0.089843750 0.117187500 0.121093750 0.101562500 0.085937500 0.121093750 0.128906250 0.074218750 0.125000000 0.125000000 0.097656250 0.097656250 0.113281250 0.109375000 0.105468750 0.101562500 0.093750000 0.136718750 0.085937500 0.121093750 0.105468750 0.105468750 0.144531250 0.074218750 0.121093750 0.105468750 0.105468750 0.136718750 0.085937500 0.105468750 0.125000000 0.093750000 0.101562500 0.070312500 0.097656250 0.105468750 0.121093750 0.066406250 0.117187500 0.144531250 0.121093750 0.082031250 0.101562500 0.105468750 0.085937500 0.066406250 0.113281250 0.093750000 0.074218750 0.078125000 0.101562500 0.070312500 0.039062500 0.082031250 0.085937500 0.082031250 0.121093750 0.097656250 0.062500000 0.082031250 0.105468750 0.097656250 0.085937500 0.089843750 0.054687500 0.078125000 0.105468750 0.093750000 0.101562500 0.066406250 0.109375000 0.074218750 0.082031250 0.093750000 0.117187500 0.089843750 0.097656250 0.082031250 0.093750000 0.101562500 0.074218750 0.074218750 0.082031250 0.085937500 0.085937500 0.062500000 0.054687500 0.054687500 0.105468750 0.082031250 0.093750000 0.066406250 0.128906250 0.105468750 0.101562500 0.089843750 0.113281250 0.101562500 0.097656250 0.085937500 0.113281250 0.082031250 0.101562500 
7.964843750 7.640625000 10.546875000 28.058593750 15.691406250 3.515625000 2.214843750 28.210937500 9.011718750 9.441406250 27.281250000 18.644531250 6.906250000 10.644531250 37.726562500 10.605468750 6.605468750 7.796875000 2.988281250 3.226562500 4.410156250 4.250000000 3.218750000 3.250000000 4.097656250 1.082031250 1.742187500 3.007812500 1.078125000 0.464843750 0.312500000 0.921875000 1.015625000 0.738281250 0.734375000 0.980468750 0.835937500 0.867187500 0.867187500 0.757812500 0.707031250 0.773437500 0.570312500 0.781250000 0.562500000 0.691406250 0.601562500 0.574218750 0.613281250 0.605468750 0.628906250 0.628906250 0.503906250 0.519531250 0.648437500 0.480468750 0.507812500 0.445312500 0.464843750 0.464843750 0.476562500 0.468750000 0.433593750 0.449218750 0.394531250 0.367187500 0.437500000 0.347656250 0.261718750 0.417968750 0.410156250 0.355468750 0.558593750 0.511718750 0.402343750 1.031250000 0.207031250 0.261718750 0.785156250 0.992187500 0.597656250 0.609375000 0.769531250 0.460937500 0.414062500 0.343750000 0.207031250 0.285156250 0.148437500 0.343750000 0.296875000 0.371093750 0.761718750 0.304687500 0.312500000 0.707031250 1.238281250 0.921875000 0.527343750 0.980468750 0.589843750 0.437500000 0.460937500 0.406250000 0.339843750 0.351562500 0.328125000 0.320312500 0.289062500 0.296875000 0.316406250 0.246093750 0.269531250 0.562500000 0.527343750 0.355468750 0.886718750 0.472656250 0.410156250 0.328125000 0.699218750 0.468750000 0.417968750 0.500000000 0.402343750 0.410156250 0.355468750 0.304687500 0.343750000 0.335937500 0.351562500 0.308593750 0.324218750 0.312500000 0.296875000 0.269531250 0.292968750 0.304687500 0.277343750 0.277343750 0.316406250 0.257812500 0.253906250 0.261718750 0.265625000 0.242187500 0.265625000 0.285156250 0.296875000 0.261718750 0.230468750 0.273437500 0.265625000 0.238281250 0.281250000 0.250000000 0.234375000 0.246093750 0.218750000 0.230468750 0.226562500 0.207031250 0.234375000 0.238281250 0.261718750 0.238281250 0.218750000 0.238281250 0.234375000 0.246093750 0.230468750 0.296875000 0.230468750 0.226562500 0.230468750 0.238281250 0.203125000 0.250000000 0.257812500 0.234375000 0.218750000 0.234375000 0.261718750 0.230468750 0.257812500 0.230468750 0.242187500 0.226562500 0.226562500 0.230468750 0.238281250 0.214843750 0.195312500 0.210937500 0.187500000 0.214843750 0.226562500 0.207031250 0.167968750 0.195312500 0.218750000 0.203125000 0.214843750 0.199218750 0.179687500 0.238281250 0.187500000 0.195312500 0.210937500 0.203125000 0.203125000 0.214843750 0.210937500 0.203125000 0.222656250 0.218750000 0.214843750 0.187500000 0.226562500 0.175781250 0.207031250 0.226562500 0.218750000 0.195312500 0.171875000 0.210937500 0.226562500 0.191406250 0.187500000 0.179687500 0.199218750 0.203125000 0.214843750 0.191406250 0.230468750 0.214843750 0.210937500 0.195312500 0.199218750 0.164062500 0.226562500 0.136718750 0.210937500 0.226562500 0.199218750 0.171875000 0.191406250 0.167968750 0.230468750 0.214843750 0.199218750 0.175781250 0.167968750 0.191406250 0.199218750 0.183593750 0.207031250 
4.550781250 3.910156250 6.562500000 25.726562500 18.656250000 6.984375000 2.644531250 32.609375000 11.996093750 13.226562500 30.941406250 15.164062500 4.050781250 9.851562500 54.484375000 12.761718750 5.742187500 7.316406250 2.816406250 2.175781250 4.046875000 3.117187500 1.781250000 1.707031250 5.296875000 3.179687500 1.062500000 2.109375000 3.492187500 2.820312500 1.996093750 3.605468750 1.820312500 0.953125000 1.218750000 0.507812500 0.667968750 0.652343750 0.382812500 0.457031250 0.425781250 0.398437500 0.480468750 0.488281250 0.433593750 0.234375000 0.292968750 0.238281250 0.210937500 0.218750000 0.277343750 0.261718750 0.234375000 0.171875000 0.203125000 0.378906250 0.183593750 0.191406250 0.148437500 0.164062500 0.187500000 0.171875000 0.156250000 0.179687500 0.199218750 0.128906250 0.156250000 0.109375000 0.066406250 0.273437500 0.289062500 0.242187500 0.472656250 0.441406250 0.468750000 0.953125000 0.468750000 0.273437500 0.636718750 1.542968750 0.941406250 0.464843750 0.761718750 0.546875000 0.218750000 0.109375000 0.125000000 0.066406250 0.199218750 0.503906250 0.523437500 0.406250000 0.917968750 0.937500000 0.390625000 0.378906250 2.460937500 1.839843750 0.750000000 0.753906250 1.058593750 0.847656250 0.484375000 0.464843750 0.406250000 0.281250000 0.257812500 0.371093750 0.367187500 0.203125000 0.609375000 0.492187500 0.195312500 0.968750000 0.917968750 0.593750000 0.710937500 0.781250000 0.488281250 0.218750000 0.464843750 0.195312500 0.109375000 0.289062500 0.136718750 0.085937500 0.097656250 0.070312500 0.042968750 0.058593750 0.031250000 0.082031250 0.085937500 0.082031250 0.078125000 0.078125000 0.078125000 0.074218750 0.097656250 0.058593750 0.089843750 0.109375000 0.054687500 0.078125000 0.078125000 0.058593750 0.066406250 0.066406250 0.070312500 0.066406250 0.097656250 0.070312500 0.085937500 0.085937500 0.062500000 0.046875000 0.066406250 0.066406250 0.050781250 0.062500000 0.042968750 0.019531250 0.097656250 0.082031250 0.035156250 0.054687500 0.085937500 0.027343750 0.039062500 0.066406250 0.058593750 0.078125000 0.058593750 0.054687500 0.046875000 0.050781250 0.039062500 0.050781250 0.042968750 0.054687500 0.046875000 0.027343750 0.031250000 0.042968750 0.070312500 0.066406250 0.042968750 0.054687500 0.027343750 0.058593750 0.070312500 0.035156250 0.058593750 0.039062500 0.031250000 0.066406250 0.054687500 0.039062500 0.070312500 0.015625000 0.007812500 0.066406250 0.066406250 0.050781250 0.050781250 0.031250000 0.042968750 0.042968750 0.031250000 0.050781250 0.046875000 0.039062500 0.050781250 0.058593750 0.050781250 0.050781250 0.054687500 0.054687500 0.050781250 0.015625000 0.011718750 0.007812500 0.039062500 0.050781250 0.066406250 0.042968750 0.046875000 0.054687500 0.027343750 0.042968750 0.058593750 0.027343750 0.046875000 0.046875000 0.015625000 0.035156250 0.011718750 0.050781250 0.046875000 0.039062500 0.027343750 0.042968750 0.046875000 0.019531250 0.054687500 0.019531250 0.027343750 0.058593750 0.070312500 0.015625000 0.050781250 0.046875000 0.039062500 0.035156250 0.046875000 0.062500000 0.019531250 
7.085937500 6.078125000 8.082031250 27.148437500 17.007812500 5.980468750 5.144531250 30.878906250 9.015625000 10.554687500 27.144531250 17.304687500 3.019531250 1.914062500 69.414062500 12.324218750 4.437500000 7.933593750 5.375000000 3.882812500 3.605468750 3.820312500 0.152343750 0.597656250 6.316406250 5.750000000 1.644531250 1.714843750 9.308593750 5.285156250 1.769531250 5.484375000 1.835937500 2.113281250 1.250000000 0.597656250 0.710937500 0.691406250 0.570312500 0.757812500 0.761718750 0.789062500 0.464843750 0.605468750 0.496093750 0.453125000 0.582031250 0.542968750 0.550781250 0.425781250 0.500000000 0.539062500 0.328125000 0.375000000 0.410156250 0.394531250 0.421875000 0.398437500 0.378906250 0.343750000 0.359375000 0.363281250 0.351562500 0.367187500 0.328125000 0.378906250 0.257812500 0.320312500 0.281250000 0.445312500 0.410156250 0.492187500 0.757812500 0.652343750 0.500000000 0.503906250 1.277343750 0.472656250 0.886718750 2.066406250 2.328125000 1.234375000 0.574218750 1.449218750 0.550781250 0.570312500 0.511718750 0.171875000 0.269531250 0.144531250 1.156250000 0.933593750 0.558593750 2.320312500 1.148437500 1.050781250 3.328125000 2.949218750 0.468750000 0.554687500 1.777343750 1.035156250 0.343750000 0.437500000 0.437500000 0.109375000 0.015625000 0.472656250 0.359375000 0.460937500 1.105468750 1.152343750 0.718750000 0.722656250 1.761718750 0.515625000 0.429687500 1.421875000 0.832031250 0.562500000 0.296875000 0.246093750 0.027343750 0.187500000 0.234375000 0.300781250 0.167968750 0.171875000 0.187500000 0.152343750 0.109375000 0.144531250 0.113281250 0.140625000 0.148437500 0.128906250 0.125000000 0.136718750 0.097656250 0.132812500 0.140625000 0.089843750 0.117187500 0.140625000 0.136718750 0.136718750 0.140625000 0.136718750 0.113281250 0.128906250 0.156250000 0.132812500 0.152343750 0.117187500 0.148437500 0.125000000 0.152343750 0.109375000 0.140625000 0.125000000 0.140625000 0.156250000 0.195312500 0.097656250 0.136718750 0.132812500 0.121093750 0.156250000 0.140625000 0.121093750 0.113281250 0.132812500 0.132812500 0.117187500 0.125000000 0.105468750 0.136718750 0.109375000 0.125000000 0.128906250 0.113281250 0.117187500 0.125000000 0.117187500 0.132812500 0.113281250 0.105468750 0.140625000 0.125000000 0.097656250 0.140625000 0.121093750 0.121093750 0.140625000 0.113281250 0.078125000 0.097656250 0.074218750 0.054687500 0.144531250 0.070312500 0.132812500 0.093750000 0.117187500 0.121093750 0.136718750 0.132812500 0.136718750 0.152343750 0.164062500 0.148437500 0.117187500 0.105468750 0.125000000 0.093750000 0.105468750 0.113281250 0.074218750 0.097656250 0.105468750 0.121093750 0.140625000 0.128906250 0.140625000 0.085937500 0.074218750 0.113281250 0.125000000 0.117187500 0.136718750 0.089843750 0.132812500 0.117187500 0.128906250 0.117187500 0.101562500 0.089843750 0.093750000 0.144531250 0.121093750 0.132812500 0.132812500 0.140625000 0.136718750 0.105468750 0.085937500 0.113281250 0.109375000 0.117187500 0.101562500 0.093750000 0.132812500 0.136718750 0.082031250 0.078125000 0.121093750 0.101562500 
2.714843750 2.277343750 7.519531250 24.195312500 18.476562500 5.886718750 1.292968750 31.496093750 6.832031250 6.429687500 21.996093750 18.679687500 7.074218750 4.949218750 73.121093750 8.242187500 6.082031250 14.804687500 8.062500000 2.781250000 3.234375000 2.308593750 1.800781250 0.828125000 8.593750000 2.316406250 2.683593750 3.789062500 10.828125000 4.843750000 2.960937500 8.171875000 3.734375000 3.167968750 3.375000000 1.847656250 1.058593750 1.156250000 0.687500000 1.046875000 0.925781250 1.164062500 0.796875000 0.738281250 0.925781250 0.738281250 0.820312500 0.773437500 0.929687500 0.765625000 0.726562500 0.812500000 0.679687500 0.703125000 0.683593750 0.855468750 0.644531250 0.703125000 0.687500000 0.679687500 0.609375000 0.695312500 0.683593750 0.601562500 0.589843750 0.539062500 0.687500000 0.625000000 0.734375000 0.863281250 0.746093750 0.812500000 0.210937500 0.917968750 0.800781250 1.300781250 2.476562500 1.832031250 3.500000000 4.945312500 2.015625000 1.062500000 0.957031250 0.722656250 0.562500000 0.617187500 0.832031250 0.441406250 0.703125000 0.582031250 0.777343750 0.265625000 0.953125000 2.855468750 1.613281250 3.230468750 4.578125000 2.636718750 1.777343750 2.031250000 4.066406250 0.691406250 0.816406250 0.937500000 0.285156250 0.460937500 0.332031250 0.667968750 0.585937500 1.015625000 1.593750000 0.695312500 1.546875000 1.500000000 1.300781250 1.003906250 0.890625000 1.886718750 0.230468750 0.492187500 0.531250000 0.121093750 0.394531250 0.347656250 0.406250000 0.265625000 0.136718750 0.042968750 0.078125000 0.078125000 0.152343750 0.179687500 0.179687500 0.160156250 0.187500000 0.160156250 0.152343750 0.187500000 0.171875000 0.164062500 0.179687500 0.140625000 0.187500000 0.148437500 0.140625000 0.164062500 0.148437500 0.187500000 0.183593750 0.148437500 0.175781250 0.148437500 0.140625000 0.171875000 0.179687500 0.195312500 0.175781250 0.156250000 0.175781250 0.179687500 0.183593750 0.148437500 0.121093750 0.132812500 0.148437500 0.148437500 0.175781250 0.191406250 0.214843750 0.253906250 0.152343750 0.152343750 0.156250000 0.132812500 0.125000000 0.167968750 0.179687500 0.152343750 0.156250000 0.183593750 0.164062500 0.136718750 0.140625000 0.136718750 0.152343750 0.179687500 0.156250000 0.148437500 0.144531250 0.128906250 0.160156250 0.144531250 0.164062500 0.121093750 0.160156250 0.140625000 0.144531250 0.195312500 0.113281250 0.164062500 0.203125000 0.183593750 0.183593750 0.187500000 0.160156250 0.175781250 0.167968750 0.117187500 0.179687500 0.144531250 0.148437500 0.160156250 0.128906250 0.125000000 0.148437500 0.148437500 0.144531250 0.156250000 0.214843750 0.171875000 0.136718750 0.175781250 0.152343750 0.144531250 0.121093750 0.164062500 0.136718750 0.152343750 0.160156250 0.144531250 0.136718750 0.140625000 0.144531250 0.167968750 0.128906250 0.164062500 0.125000000 0.132812500 0.132812500 0.156250000 0.156250000 0.132812500 0.144531250 0.175781250 0.132812500 0.167968750 0.136718750 0.148437500 0.152343750 0.156250000 0.175781250 0.117187500 0.132812500 0.113281250 0.179687500 0.140625000 0.097656250 
2.234375000 2.882812500 5.742187500 24.515625000 16.867187500 4.421875000 5.285156250 26.902343750 3.902343750 1.105468750 20.511718750 8.023437500 4.078125000 5.839843750 57.476562500 27.089843750 16.402343750 25.898437500 1.910156250 1.511718750 0.843750000 4.714843750 4.292968750 4.988281250 4.460937500 1.867187500 0.683593750 7.210937500 11.808593750 8.101562500 6.718750000 15.296875000 3.343750000 2.312500000 2.796875000 0.734375000 0.476562500 0.921875000 0.992187500 1.074218750 0.878906250 0.746093750 0.757812500 1.050781250 0.976562500 0.808593750 0.800781250 0.718750000 0.902343750 0.882812500 0.945312500 0.894531250 0.765625000 0.738281250 0.632812500 0.859375000 0.851562500 0.847656250 0.769531250 0.648437500 0.742187500 0.851562500 0.667968750 0.683593750 0.640625000 0.781250000 0.660156250 0.660156250 1.113281250 0.808593750 0.664062500 0.410156250 1.269531250 0.234375000 1.015625000 1.660156250 1.902343750 1.394531250 3.394531250 4.328125000 4.109375000 3.804687500 2.628906250 2.000000000 1.585937500 1.023437500 0.613281250 0.117187500 0.917968750 0.640625000 1.605468750 1.816406250 1.371093750 1.425781250 0.488281250 3.335937500 3.003906250 5.375000000 5.492187500 3.273437500 3.824218750 2.375000000 1.582031250 0.199218750 0.117187500 0.109375000 0.335937500 0.929687500 0.984375000 1.183593750 0.921875000 0.812500000 2.441406250 0.234375000 2.574218750 2.773437500 0.492187500 2.179687500 0.488281250 0.425781250 0.265625000 0.546875000 0.910156250 0.238281250 0.812500000 0.402343750 0.132812500 0.277343750 0.371093750 0.652343750 0.437500000 0.355468750 0.445312500 0.398437500 0.406250000 0.414062500 0.410156250 0.339843750 0.375000000 0.351562500 0.347656250 0.343750000 0.328125000 0.328125000 0.324218750 0.375000000 0.339843750 0.343750000 0.359375000 0.386718750 0.304687500 0.328125000 0.355468750 0.316406250 0.359375000 0.351562500 0.320312500 0.320312500 0.308593750 0.324218750 0.316406250 0.273437500 0.316406250 0.332031250 0.359375000 0.339843750 0.289062500 0.292968750 0.265625000 0.406250000 0.238281250 0.304687500 0.382812500 0.339843750 0.332031250 0.273437500 0.316406250 0.312500000 0.300781250 0.351562500 0.304687500 0.328125000 0.257812500 0.292968750 0.285156250 0.320312500 0.324218750 0.296875000 0.281250000 0.265625000 0.257812500 0.277343750 0.308593750 0.320312500 0.281250000 0.289062500 0.312500000 0.250000000 0.277343750 0.289062500 0.265625000 0.273437500 0.332031250 0.238281250 0.277343750 0.285156250 0.250000000 0.300781250 0.257812500 0.195312500 0.242187500 0.285156250 0.250000000 0.281250000 0.316406250 0.335937500 0.324218750 0.277343750 0.335937500 0.242187500 0.269531250 0.281250000 0.281250000 0.300781250 0.250000000 0.246093750 0.261718750 0.273437500 0.281250000 0.273437500 0.296875000 0.257812500 0.289062500 0.300781250 0.253906250 0.261718750 0.308593750 0.273437500 0.261718750 0.257812500 0.277343750 0.277343750 0.257812500 0.289062500 0.269531250 0.261718750 0.281250000 0.289062500 0.261718750 0.269531250 0.277343750 0.277343750 0.261718750 0.250000000 0.246093750 0.277343750 0.226562500 
7.343750000 7.277343750 8.371093750 25.128906250 13.195312500 5.101562500 10.945312500 21.363281250 6.445312500 2.000000000 20.984375000 1.593750000 8.566406250 21.589843750 24.140625000 16.066406250 19.386718750 38.851562500 5.238281250 4.699218750 2.937500000 1.269531250 2.437500000 6.769531250 2.878906250 1.730468750 2.062500000 10.800781250 7.441406250 3.480468750 5.718750000 12.882812500 10.578125000 10.613281250 8.105468750 4.714843750 1.812500000 0.539062500 1.269531250 0.664062500 0.714843750 0.394531250 0.582031250 0.449218750 0.246093750 0.281250000 0.257812500 0.437500000 0.335937500 0.339843750 0.039062500 0.160156250 0.320312500 0.363281250 0.218750000 0.324218750 0.195312500 0.187500000 0.148437500 0.265625000 0.125000000 0.234375000 0.199218750 0.246093750 0.179687500 0.382812500 0.292968750 0.136718750 0.121093750 0.429687500 0.660156250 0.542968750 0.453125000 0.777343750 0.683593750 1.121093750 1.519531250 1.707031250 4.109375000 3.214843750 6.617187500 2.500000000 3.996093750 2.570312500 0.625000000 1.558593750 0.546875000 1.433593750 1.027343750 1.515625000 1.035156250 1.335937500 1.984375000 1.613281250 0.921875000 4.765625000 0.351562500 3.660156250 4.050781250 5.558593750 5.574218750 1.433593750 3.042968750 0.921875000 0.726562500 0.761718750 0.835937500 0.230468750 1.914062500 1.050781250 1.218750000 1.125000000 3.640625000 1.996093750 0.941406250 3.132812500 0.332031250 0.976562500 1.437500000 0.925781250 0.500000000 0.531250000 0.300781250 0.171875000 0.371093750 0.441406250 0.148437500 0.253906250 0.437500000 0.253906250 0.144531250 0.175781250 0.058593750 0.031250000 0.085937500 0.019531250 0.074218750 0.046875000 0.035156250 0.039062500 0.066406250 0.066406250 0.074218750 0.031250000 0.085937500 0.019531250 0.035156250 0.070312500 0.062500000 0.035156250 0.019531250 0.031250000 0.019531250 0.019531250 0.031250000 0.050781250 0.015625000 0.007812500 0.023437500 0.007812500 0.007812500 0.035156250 0.023437500 0.027343750 0.011718750 0.082031250 0.031250000 0.062500000 0.113281250 0.039062500 0.117187500 0.058593750 0.093750000 0.027343750 0.023437500 0.054687500 0.046875000 0.066406250 0.050781250 0.054687500 0.027343750 0.031250000 0.050781250 0.019531250 0.011718750 0.050781250 0.031250000 0.035156250 0.058593750 0.027343750 0.019531250 0.042968750 0.031250000 0.015625000 0.035156250 0.019531250 0.027343750 0.035156250 0.035156250 0.003906250 0.039062500 0.027343750 0.058593750 0.082031250 0.058593750 0.082031250 0.074218750 0.074218750 0.109375000 0.015625000 0.085937500 0.085937500 0.113281250 0.019531250 0.074218750 0.085937500 0.046875000 0.042968750 0.042968750 0.035156250 0.019531250 0.015625000 0.039062500 0.054687500 0.042968750 0.015625000 0.027343750 0.019531250 0.007812500 0.011718750 0.046875000 0.011718750 0.023437500 0.035156250 0.003906250 0.007812500 0.039062500 0.019531250 0.015625000 0.027343750 0.011718750 0.023437500 0.039062500 0.031250000 0.027343750 0.027343750 0.015625000 0.007812500 0.031250000 0.007812500 0.023437500 0.011718750 0.019531250 0.003906250 0.023437500 0.027343750 0.023437500 
4.511718750 3.023437500 6.800781250 21.800781250 10.488281250 4.628906250 10.386718750 21.050781250 9.789062500 10.742187500 14.792968750 2.296875000 2.558593750 22.359375000 3.816406250 2.332031250 18.550781250 40.546875000 7.789062500 7.585937500 9.121093750 2.187500000 2.148437500 5.773437500 1.148437500 3.062500000 8.546875000 4.570312500 4.285156250 4.730468750 9.562500000 10.773437500 6.730468750 15.582031250 9.074218750 1.195312500 2.652343750 1.132812500 1.546875000 2.082031250 0.582031250 0.484375000 1.156250000 1.160156250 0.800781250 0.585937500 0.609375000 0.656250000 0.750000000 1.031250000 0.519531250 0.546875000 0.238281250 0.656250000 0.503906250 0.605468750 0.539062500 0.527343750 0.585937500 0.546875000 0.519531250 0.542968750 0.402343750 0.531250000 0.523437500 0.769531250 0.582031250 0.824218750 0.578125000 0.824218750 0.453125000 0.750000000 1.367187500 0.593750000 0.878906250 0.179687500 2.007812500 2.796875000 3.937500000 2.093750000 4.628906250 2.902343750 6.851562500 0.632812500 2.242187500 3.367187500 1.253906250 1.667968750 1.105468750 1.527343750 1.472656250 1.546875000 1.339843750 2.222656250 0.949218750 3.617187500 1.000000000 5.035156250 6.597656250 2.476562500 4.890625000 1.863281250 3.421875000 1.187500000 1.136718750 0.820312500 0.601562500 1.101562500 2.687500000 1.101562500 2.000000000 2.554687500 1.515625000 3.050781250 1.992187500 2.417968750 2.367187500 1.882812500 1.988281250 1.234375000 0.265625000 0.164062500 0.519531250 0.496093750 0.523437500 0.136718750 0.351562500 0.527343750 0.605468750 0.160156250 0.394531250 0.214843750 0.167968750 0.257812500 0.277343750 0.285156250 0.250000000 0.191406250 0.183593750 0.246093750 0.195312500 0.195312500 0.203125000 0.207031250 0.128906250 0.156250000 0.152343750 0.097656250 0.152343750 0.105468750 0.148437500 0.136718750 0.132812500 0.125000000 0.132812500 0.164062500 0.117187500 0.109375000 0.117187500 0.140625000 0.117187500 0.117187500 0.097656250 0.078125000 0.066406250 0.046875000 0.152343750 0.171875000 0.136718750 0.160156250 0.070312500 0.019531250 0.046875000 0.128906250 0.167968750 0.109375000 0.132812500 0.015625000 0.117187500 0.054687500 0.085937500 0.097656250 0.140625000 0.097656250 0.101562500 0.066406250 0.093750000 0.039062500 0.132812500 0.085937500 0.085937500 0.117187500 0.027343750 0.015625000 0.023437500 0.105468750 0.097656250 0.085937500 0.105468750 0.035156250 0.035156250 0.039062500 0.070312500 0.035156250 0.113281250 0.117187500 0.078125000 0.093750000 0.179687500 0.027343750 0.121093750 0.082031250 0.082031250 0.082031250 0.148437500 0.085937500 0.117187500 0.093750000 0.035156250 0.101562500 0.082031250 0.058593750 0.058593750 0.078125000 0.121093750 0.062500000 0.082031250 0.035156250 0.054687500 0.046875000 0.082031250 0.058593750 0.089843750 0.042968750 0.054687500 0.078125000 0.046875000 0.066406250 0.031250000 0.082031250 0.070312500 0.058593750 0.039062500 0.074218750 0.050781250 0.085937500 0.054687500 0.035156250 0.039062500 0.070312500 0.039062500 0.058593750 0.042968750 0.031250000 0.074218750 0.039062500 0.035156250 
3.929687500 4.593750000 5.445312500 20.351562500 5.601562500 1.734375000 11.691406250 17.984375000 9.371093750 14.132812500 13.562500000 1.527343750 1.703125000 17.187500000 2.351562500 5.644531250 25.914062500 31.378906250 7.902343750 10.476562500 12.101562500 5.117187500 4.644531250 4.507812500 1.683593750 2.171875000 5.937500000 4.046875000 1.125000000 5.597656250 4.003906250 1.164062500 3.937500000 13.441406250 13.562500000 7.648437500 2.832031250 1.593750000 1.394531250 0.785156250 0.640625000 1.312500000 0.714843750 1.066406250 0.738281250 0.929687500 0.808593750 1.011718750 0.718750000 0.796875000 0.386718750 0.667968750 0.753906250 0.816406250 0.769531250 0.406250000 0.539062500 0.679687500 0.738281250 0.609375000 0.617187500 0.546875000 0.542968750 0.597656250 0.660156250 0.546875000 0.328125000 0.417968750 0.886718750 0.914062500 0.800781250 0.234375000 0.437500000 1.250000000 1.679687500 0.906250000 0.640625000 0.964843750 2.054687500 4.511718750 4.679687500 3.855468750 3.628906250 3.371093750 4.257812500 1.792968750 1.828125000 1.738281250 1.199218750 1.269531250 2.417968750 0.433593750 1.492187500 0.988281250 2.492187500 3.640625000 3.656250000 0.753906250 6.015625000 1.351562500 5.292968750 2.941406250 4.183593750 2.230468750 0.832031250 0.265625000 1.410156250 0.488281250 2.765625000 2.023437500 1.074218750 3.835937500 1.996093750 1.664062500 3.773437500 2.378906250 2.890625000 1.949218750 2.312500000 1.523437500 0.832031250 0.355468750 0.585937500 0.464843750 0.226562500 0.257812500 0.703125000 0.230468750 0.246093750 0.039062500 0.269531250 0.148437500 0.234375000 0.171875000 0.253906250 0.234375000 0.199218750 0.222656250 0.195312500 0.121093750 0.246093750 0.246093750 0.167968750 0.187500000 0.164062500 0.187500000 0.164062500 0.160156250 0.179687500 0.195312500 0.179687500 0.152343750 0.199218750 0.207031250 0.183593750 0.164062500 0.203125000 0.199218750 0.167968750 0.140625000 0.187500000 0.125000000 0.218750000 0.175781250 0.179687500 0.171875000 0.140625000 0.191406250 0.218750000 0.343750000 0.246093750 0.207031250 0.207031250 0.183593750 0.085937500 0.214843750 0.316406250 0.265625000 0.242187500 0.105468750 0.136718750 0.062500000 0.210937500 0.175781250 0.152343750 0.210937500 0.152343750 0.140625000 0.097656250 0.210937500 0.203125000 0.273437500 0.152343750 0.156250000 0.148437500 0.148437500 0.179687500 0.164062500 0.230468750 0.140625000 0.191406250 0.097656250 0.156250000 0.136718750 0.093750000 0.183593750 0.160156250 0.195312500 0.125000000 0.265625000 0.179687500 0.046875000 0.121093750 0.195312500 0.148437500 0.199218750 0.152343750 0.187500000 0.132812500 0.117187500 0.152343750 0.148437500 0.136718750 0.109375000 0.199218750 0.175781250 0.160156250 0.140625000 0.152343750 0.175781250 0.156250000 0.160156250 0.117187500 0.125000000 0.152343750 0.132812500 0.183593750 0.191406250 0.160156250 0.117187500 0.156250000 0.132812500 0.167968750 0.207031250 0.156250000 0.109375000 0.144531250 0.148437500 0.160156250 0.160156250 0.160156250 0.156250000 0.136718750 0.109375000 0.152343750 0.179687500 0.148437500 
3.316406250 4.531250000 5.304687500 19.839843750 2.355468750 1.632812500 14.417968750 11.199218750 6.785156250 14.117187500 15.015625000 6.214843750 9.789062500 9.464843750 5.714843750 1.589843750 26.625000000 18.320312500 3.156250000 10.402343750 5.925781250 4.628906250 8.039062500 2.160156250 0.769531250 2.867187500 2.339843750 3.281250000 5.613281250 1.550781250 0.843750000 0.601562500 8.210937500 8.796875000 5.882812500 6.910156250 2.761718750 3.437500000 5.125000000 1.738281250 0.433593750 0.535156250 0.695312500 0.996093750 0.941406250 0.593750000 0.441406250 0.218750000 0.683593750 0.546875000 0.726562500 0.261718750 0.406250000 0.062500000 0.468750000 0.273437500 0.464843750 0.234375000 0.386718750 0.156250000 0.289062500 0.296875000 0.304687500 0.195312500 0.199218750 0.292968750 0.425781250 0.093750000 0.503906250 0.328125000 0.519531250 0.351562500 0.554687500 0.554687500 0.761718750 0.378906250 0.941406250 0.734375000 0.445312500 2.914062500 3.289062500 5.042968750 5.328125000 3.468750000 4.343750000 2.527343750 1.023437500 2.546875000 1.632812500 0.757812500 1.578125000 0.367187500 0.523437500 3.132812500 1.613281250 2.324218750 3.718750000 0.515625000 3.710937500 3.757812500 4.375000000 3.539062500 3.566406250 2.792968750 0.117187500 1.101562500 1.285156250 1.050781250 1.894531250 3.855468750 1.988281250 0.390625000 4.371093750 0.855468750 1.156250000 5.332031250 1.687500000 1.449218750 3.476562500 1.656250000 0.640625000 0.308593750 0.421875000 0.179687500 0.191406250 0.386718750 0.265625000 0.406250000 0.093750000 0.214843750 0.281250000 0.082031250 0.335937500 0.164062500 0.078125000 0.062500000 0.058593750 0.140625000 0.105468750 0.156250000 0.074218750 0.156250000 0.085937500 0.054687500 0.085937500 0.070312500 0.085937500 0.089843750 0.101562500 0.097656250 0.058593750 0.093750000 0.078125000 0.085937500 0.085937500 0.093750000 0.062500000 0.070312500 0.078125000 0.105468750 0.093750000 0.089843750 0.011718750 0.078125000 0.050781250 0.109375000 0.007812500 0.140625000 0.070312500 0.167968750 0.039062500 0.089843750 0.261718750 0.105468750 0.121093750 0.117187500 0.089843750 0.109375000 0.312500000 0.152343750 0.246093750 0.257812500 0.011718750 0.085937500 0.039062500 0.085937500 0.031250000 0.160156250 0.156250000 0.121093750 0.074218750 0.074218750 0.070312500 0.074218750 0.191406250 0.023437500 0.085937500 0.078125000 0.097656250 0.027343750 0.007812500 0.093750000 0.035156250 0.085937500 0.089843750 0.101562500 0.074218750 0.046875000 0.093750000 0.117187500 0.089843750 0.093750000 0.144531250 0.097656250 0.023437500 0.128906250 0.074218750 0.113281250 0.074218750 0.062500000 0.027343750 0.050781250 0.035156250 0.046875000 0.109375000 0.085937500 0.062500000 0.070312500 0.070312500 0.054687500 0.078125000 0.089843750 0.078125000 0.054687500 0.070312500 0.062500000 0.050781250 0.089843750 0.058593750 0.062500000 0.074218750 0.121093750 0.078125000 0.117187500 0.027343750 0.105468750 0.082031250 0.093750000 0.066406250 0.070312500 0.109375000 0.074218750 0.101562500 0.027343750 0.046875000 0.039062500 0.042968750 
0.929687500 1.132812500 2.203125000 16.113281250 3.445312500 0.718750000 14.648437500 3.167968750 4.839843750 15.859375000 9.093750000 3.199218750 12.613281250 6.988281250 4.738281250 13.285156250 12.523437500 6.468750000 8.722656250 10.882812500 6.312500000 5.675781250 3.421875000 0.777343750 1.671875000 2.781250000 2.257812500 2.714843750 1.382812500 2.000000000 0.796875000 4.066406250 1.746093750 4.582031250 5.316406250 5.367187500 3.644531250 6.683593750 3.078125000 2.972656250 1.738281250 1.058593750 0.503906250 0.734375000 0.253906250 0.625000000 0.664062500 0.503906250 0.242187500 0.183593750 0.203125000 0.343750000 0.593750000 0.054687500 0.308593750 0.156250000 0.316406250 0.144531250 0.234375000 0.121093750 0.261718750 0.054687500 0.242187500 0.062500000 0.261718750 0.175781250 0.511718750 0.316406250 0.242187500 0.398437500 0.066406250 0.382812500 0.628906250 0.175781250 0.640625000 0.906250000 0.375000000 0.296875000 1.308593750 2.519531250 3.281250000 3.375000000 3.906250000 2.160156250 4.195312500 2.625000000 2.152343750 1.015625000 2.378906250 1.425781250 1.410156250 1.007812500 0.968750000 1.203125000 3.394531250 0.851562500 0.316406250 4.289062500 1.117187500 1.625000000 4.343750000 1.179687500 0.777343750 4.242187500 0.640625000 0.375000000 2.156250000 0.937500000 0.773437500 5.031250000 1.179687500 1.007812500 3.699218750 1.589843750 1.199218750 5.558593750 2.242187500 0.406250000 2.937500000 2.371093750 0.710937500 0.886718750 0.714843750 0.398437500 0.191406250 0.511718750 0.285156250 0.136718750 0.195312500 0.300781250 0.113281250 0.085937500 0.230468750 0.066406250 0.140625000 0.062500000 0.132812500 0.042968750 0.062500000 0.136718750 0.074218750 0.132812500 0.058593750 0.058593750 0.066406250 0.054687500 0.066406250 0.042968750 0.062500000 0.023437500 0.058593750 0.054687500 0.000000000 0.019531250 0.054687500 0.023437500 0.050781250 0.058593750 0.058593750 0.042968750 0.058593750 0.050781250 0.046875000 0.011718750 0.035156250 0.035156250 0.039062500 0.074218750 0.132812500 0.144531250 0.046875000 0.175781250 0.109375000 0.074218750 0.105468750 0.085937500 0.023437500 0.195312500 0.273437500 0.128906250 0.183593750 0.097656250 0.117187500 0.070312500 0.054687500 0.015625000 0.003906250 0.144531250 0.117187500 0.023437500 0.074218750 0.078125000 0.027343750 0.078125000 0.074218750 0.046875000 0.058593750 0.074218750 0.015625000 0.042968750 0.019531250 0.023437500 0.039062500 0.050781250 0.066406250 0.023437500 0.070312500 0.042968750 0.050781250 0.035156250 0.058593750 0.058593750 0.070312500 0.011718750 0.031250000 0.062500000 0.070312500 0.015625000 0.074218750 0.015625000 0.046875000 0.015625000 0.027343750 0.023437500 0.042968750 0.011718750 0.035156250 0.019531250 0.023437500 0.039062500 0.011718750 0.042968750 0.015625000 0.046875000 0.003906250 0.015625000 0.066406250 0.039062500 0.015625000 0.039062500 0.035156250 0.035156250 0.011718750 0.058593750 0.027343750 0.023437500 0.046875000 0.031250000 0.023437500 0.031250000 0.062500000 0.011718750 0.039062500 0.046875000 0.031250000 0.042968750 0.031250000 
0.210937500 0.582031250 0.808593750 13.062500000 3.683593750 2.785156250 15.996093750 1.554687500 1.425781250 14.269531250 6.789062500 3.300781250 12.628906250 4.902343750 2.230468750 8.304687500 6.074218750 3.175781250 8.121093750 8.683593750 3.105468750 5.937500000 1.738281250 1.839843750 3.707031250 2.304687500 1.937500000 1.261718750 2.468750000 1.843750000 2.929687500 2.007812500 1.941406250 4.191406250 6.761718750 0.562500000 2.562500000 4.148437500 3.238281250 3.082031250 2.484375000 2.238281250 0.421875000 1.242187500 0.343750000 0.554687500 0.480468750 0.484375000 0.105468750 0.644531250 0.304687500 0.207031250 0.417968750 0.214843750 0.195312500 0.328125000 0.136718750 0.007812500 0.402343750 0.144531250 0.222656250 0.113281250 0.023437500 0.085937500 0.277343750 0.121093750 0.480468750 0.449218750 0.117187500 0.179687500 0.421875000 0.109375000 0.363281250 0.273437500 0.246093750 0.421875000 0.605468750 0.324218750 0.718750000 1.058593750 1.867187500 1.550781250 3.468750000 3.507812500 0.468750000 5.347656250 1.335937500 1.789062500 0.894531250 1.187500000 0.968750000 1.039062500 1.457031250 1.429687500 2.031250000 1.328125000 1.898437500 1.480468750 2.464843750 2.054687500 2.421875000 1.343750000 1.519531250 2.628906250 1.414062500 0.433593750 1.718750000 2.656250000 1.316406250 3.125000000 2.757812500 2.191406250 1.445312500 2.238281250 1.281250000 3.550781250 3.132812500 0.972656250 2.371093750 2.839843750 0.941406250 0.613281250 0.476562500 0.238281250 0.261718750 0.304687500 0.179687500 0.058593750 0.097656250 0.156250000 0.171875000 0.062500000 0.203125000 0.117187500 0.164062500 0.089843750 0.031250000 0.074218750 0.089843750 0.007812500 0.078125000 0.101562500 0.035156250 0.023437500 0.058593750 0.035156250 0.019531250 0.027343750 0.011718750 0.031250000 0.023437500 0.023437500 0.027343750 0.039062500 0.015625000 0.007812500 0.023437500 0.019531250 0.031250000 0.035156250 0.046875000 0.015625000 0.015625000 0.031250000 0.015625000 0.015625000 0.027343750 0.050781250 0.125000000 0.089843750 0.085937500 0.093750000 0.128906250 0.074218750 0.050781250 0.035156250 0.085937500 0.171875000 0.164062500 0.183593750 0.128906250 0.082031250 0.085937500 0.062500000 0.027343750 0.039062500 0.050781250 0.074218750 0.062500000 0.039062500 0.039062500 0.027343750 0.046875000 0.042968750 0.039062500 0.027343750 0.054687500 0.062500000 0.031250000 0.023437500 0.019531250 0.007812500 0.015625000 0.007812500 0.042968750 0.062500000 0.015625000 0.039062500 0.046875000 0.007812500 0.031250000 0.039062500 0.019531250 0.011718750 0.031250000 0.019531250 0.042968750 0.011718750 0.062500000 0.027343750 0.007812500 0.027343750 0.003906250 0.019531250 0.011718750 0.039062500 0.027343750 0.035156250 0.015625000 0.039062500 0.039062500 0.058593750 0.007812500 0.019531250 0.027343750 0.031250000 0.031250000 0.007812500 0.007812500 0.015625000 0.050781250 0.035156250 0.039062500 0.003906250 0.027343750 0.027343750 0.019531250 0.042968750 0.015625000 0.050781250 0.039062500 0.031250000 0.035156250 0.046875000 0.023437500 0.023437500 0.070312500 
0.457031250 0.445312500 0.792968750 10.085937500 2.484375000 3.007812500 18.308593750 2.316406250 6.976562500 7.949218750 2.910156250 6.019531250 8.937500000 7.894531250 7.835937500 1.023437500 2.500000000 7.628906250 3.082031250 1.906250000 8.625000000 2.718750000 1.492187500 4.511718750 1.746093750 1.441406250 2.007812500 1.062500000 1.523437500 3.718750000 0.894531250 0.644531250 3.445312500 2.968750000 4.828125000 0.683593750 3.203125000 3.125000000 2.234375000 1.289062500 1.335937500 2.125000000 0.871093750 1.671875000 0.375000000 0.882812500 0.867187500 0.667968750 0.574218750 0.527343750 0.628906250 0.421875000 0.066406250 0.238281250 0.300781250 0.195312500 0.035156250 0.011718750 0.359375000 0.203125000 0.187500000 0.140625000 0.125000000 0.113281250 0.257812500 0.167968750 0.207031250 0.589843750 0.203125000 0.183593750 0.242187500 0.136718750 0.398437500 0.476562500 0.394531250 0.199218750 0.792968750 0.777343750 0.667968750 0.082031250 0.234375000 1.769531250 1.437500000 2.183593750 2.394531250 4.308593750 1.847656250 2.253906250 0.597656250 1.082031250 1.816406250 0.308593750 0.312500000 2.347656250 0.375000000 0.566406250 2.269531250 1.273437500 1.035156250 1.726562500 1.492187500 0.835937500 2.187500000 1.347656250 1.589843750 0.492187500 1.125000000 2.699218750 1.324218750 1.664062500 2.710937500 1.058593750 0.136718750 1.648437500 1.414062500 1.253906250 3.093750000 0.640625000 0.964843750 3.152343750 0.898437500 0.761718750 0.550781250 0.449218750 0.312500000 0.351562500 0.273437500 0.253906250 0.300781250 0.269531250 0.195312500 0.191406250 0.179687500 0.230468750 0.191406250 0.167968750 0.187500000 0.191406250 0.179687500 0.179687500 0.160156250 0.164062500 0.125000000 0.152343750 0.144531250 0.074218750 0.093750000 0.078125000 0.109375000 0.093750000 0.093750000 0.085937500 0.082031250 0.089843750 0.093750000 0.105468750 0.074218750 0.066406250 0.105468750 0.085937500 0.101562500 0.058593750 0.046875000 0.050781250 0.054687500 0.085937500 0.089843750 0.097656250 0.093750000 0.070312500 0.089843750 0.101562500 0.105468750 0.042968750 0.105468750 0.105468750 0.089843750 0.058593750 0.074218750 0.089843750 0.042968750 0.066406250 0.046875000 0.058593750 0.054687500 0.066406250 0.035156250 0.039062500 0.035156250 0.062500000 0.039062500 0.050781250 0.050781250 0.054687500 0.050781250 0.054687500 0.062500000 0.089843750 0.062500000 0.011718750 0.042968750 0.039062500 0.042968750 0.046875000 0.027343750 0.023437500 0.050781250 0.074218750 0.039062500 0.058593750 0.070312500 0.039062500 0.046875000 0.042968750 0.050781250 0.031250000 0.078125000 0.074218750 0.046875000 0.035156250 0.035156250 0.027343750 0.027343750 0.058593750 0.066406250 0.042968750 0.050781250 0.042968750 0.054687500 0.066406250 0.042968750 0.074218750 0.046875000 0.050781250 0.031250000 0.050781250 0.058593750 0.039062500 0.015625000 0.035156250 0.011718750 0.042968750 0.042968750 0.039062500 0.027343750 0.039062500 0.042968750 0.042968750 0.015625000 0.019531250 0.019531250 0.023437500 0.050781250 0.015625000 0.011718750 0.074218750 0.003906250 
1.953125000 2.093750000 3.058593750 8.027343750 2.136718750 5.292968750 13.039062500 5.359375000 8.636718750 7.800781250 2.617187500 8.371093750 3.289062500 3.281250000 5.097656250 3.710937500 3.820312500 5.660156250 1.628906250 2.054687500 7.320312500 3.164062500 2.324218750 2.324218750 0.738281250 2.050781250 1.167968750 0.992187500 3.738281250 1.746093750 0.718750000 2.644531250 0.710937500 1.414062500 3.023437500 1.050781250 1.812500000 1.296875000 1.011718750 1.312500000 1.121093750 2.113281250 2.531250000 1.421875000 0.839843750 0.921875000 0.460937500 0.824218750 0.621093750 0.558593750 0.441406250 0.066406250 0.437500000 0.425781250 0.210937500 0.515625000 0.492187500 0.218750000 0.187500000 0.324218750 0.355468750 0.292968750 0.347656250 0.265625000 0.226562500 0.367187500 0.207031250 0.292968750 0.558593750 0.441406250 0.046875000 0.355468750 0.339843750 0.191406250 0.136718750 0.128906250 0.609375000 0.332031250 0.414062500 0.519531250 0.757812500 1.332031250 1.273437500 0.410156250 2.285156250 3.441406250 0.574218750 0.203125000 1.804687500 0.453125000 0.945312500 1.507812500 0.644531250 2.066406250 0.898437500 0.781250000 1.746093750 1.246093750 0.292968750 1.234375000 0.742187500 0.542968750 1.851562500 0.859375000 1.218750000 1.398437500 1.691406250 2.691406250 0.355468750 0.777343750 1.792968750 0.601562500 1.160156250 1.500000000 0.820312500 0.390625000 2.375000000 0.757812500 0.273437500 2.328125000 0.507812500 0.437500000 0.222656250 0.359375000 0.375000000 0.324218750 0.296875000 0.179687500 0.136718750 0.191406250 0.226562500 0.183593750 0.167968750 0.207031250 0.160156250 0.140625000 0.191406250 0.117187500 0.167968750 0.164062500 0.136718750 0.152343750 0.148437500 0.125000000 0.144531250 0.117187500 0.140625000 0.136718750 0.128906250 0.128906250 0.128906250 0.125000000 0.125000000 0.132812500 0.136718750 0.125000000 0.109375000 0.117187500 0.128906250 0.125000000 0.132812500 0.082031250 0.097656250 0.128906250 0.078125000 0.128906250 0.078125000 0.109375000 0.125000000 0.121093750 0.109375000 0.097656250 0.058593750 0.101562500 0.109375000 0.105468750 0.085937500 0.093750000 0.074218750 0.066406250 0.113281250 0.109375000 0.105468750 0.066406250 0.144531250 0.105468750 0.121093750 0.066406250 0.113281250 0.078125000 0.097656250 0.121093750 0.078125000 0.109375000 0.089843750 0.105468750 0.085937500 0.117187500 0.105468750 0.113281250 0.105468750 0.117187500 0.097656250 0.101562500 0.070312500 0.105468750 0.113281250 0.113281250 0.097656250 0.109375000 0.101562500 0.085937500 0.101562500 0.097656250 0.121093750 0.089843750 0.117187500 0.078125000 0.085937500 0.097656250 0.074218750 0.085937500 0.082031250 0.132812500 0.066406250 0.074218750 0.105468750 0.097656250 0.113281250 0.101562500 0.093750000 0.066406250 0.070312500 0.097656250 0.097656250 0.078125000 0.101562500 0.132812500 0.101562500 0.093750000 0.105468750 0.093750000 0.097656250 0.093750000 0.085937500 0.078125000 0.101562500 0.089843750 0.089843750 0.093750000 0.097656250 0.085937500 0.136718750 0.113281250 0.070312500 0.117187500 0.085937500 
2.382812500 2.500000000 3.679687500 6.820312500 3.250000000 8.195312500 4.960937500 5.027343750 7.425781250 5.753906250 4.640625000 6.109375000 3.035156250 2.960937500 5.863281250 0.960937500 4.125000000 4.191406250 2.757812500 5.710937500 2.511718750 1.585937500 2.343750000 0.671875000 1.574218750 1.355468750 0.992187500 2.371093750 2.914062500 0.789062500 1.402343750 1.039062500 0.449218750 2.320312500 1.652343750 0.785156250 1.269531250 0.882812500 0.390625000 1.035156250 0.894531250 2.324218750 2.390625000 0.882812500 2.195312500 0.847656250 0.949218750 0.914062500 0.406250000 0.464843750 0.187500000 0.269531250 0.359375000 0.199218750 0.433593750 0.500000000 0.128906250 0.222656250 0.226562500 0.007812500 0.152343750 0.105468750 0.101562500 0.117187500 0.066406250 0.117187500 0.339843750 0.285156250 0.417968750 0.468750000 0.015625000 0.257812500 0.148437500 0.093750000 0.050781250 0.304687500 0.296875000 0.539062500 0.441406250 0.214843750 0.296875000 0.820312500 1.437500000 0.855468750 1.183593750 2.710937500 0.500000000 0.789062500 2.242187500 0.445312500 1.949218750 1.085937500 0.386718750 2.085937500 1.699218750 1.300781250 1.804687500 0.789062500 1.476562500 1.531250000 0.171875000 1.886718750 1.488281250 1.316406250 1.214843750 0.585937500 0.066406250 2.339843750 0.207031250 1.484375000 1.664062500 0.417968750 2.160156250 1.011718750 0.511718750 1.679687500 0.839843750 0.675781250 1.667968750 0.917968750 0.750000000 0.496093750 0.148437500 0.437500000 0.148437500 0.093750000 0.109375000 0.179687500 0.242187500 0.132812500 0.046875000 0.082031250 0.085937500 0.105468750 0.007812500 0.058593750 0.089843750 0.078125000 0.054687500 0.050781250 0.054687500 0.097656250 0.046875000 0.031250000 0.066406250 0.082031250 0.082031250 0.042968750 0.070312500 0.042968750 0.046875000 0.070312500 0.046875000 0.082031250 0.027343750 0.082031250 0.085937500 0.074218750 0.082031250 0.074218750 0.023437500 0.078125000 0.050781250 0.050781250 0.085937500 0.054687500 0.062500000 0.042968750 0.066406250 0.070312500 0.078125000 0.074218750 0.054687500 0.046875000 0.042968750 0.062500000 0.066406250 0.062500000 0.042968750 0.062500000 0.054687500 0.039062500 0.078125000 0.078125000 0.109375000 0.027343750 0.054687500 0.039062500 0.066406250 0.042968750 0.042968750 0.074218750 0.097656250 0.050781250 0.054687500 0.082031250 0.054687500 0.085937500 0.066406250 0.066406250 0.046875000 0.042968750 0.058593750 0.062500000 0.054687500 0.046875000 0.058593750 0.066406250 0.062500000 0.070312500 0.054687500 0.046875000 0.023437500 0.054687500 0.023437500 0.078125000 0.074218750 0.031250000 0.042968750 0.046875000 0.054687500 0.050781250 0.031250000 0.070312500 0.058593750 0.015625000 0.054687500 0.039062500 0.062500000 0.058593750 0.062500000 0.054687500 0.046875000 0.070312500 0.066406250 0.039062500 0.082031250 0.031250000 0.078125000 0.066406250 0.058593750 0.062500000 0.078125000 0.062500000 0.066406250 0.027343750 0.042968750 0.050781250 0.082031250 0.074218750 0.042968750 0.023437500 0.058593750 0.058593750 0.058593750 0.046875000 0.101562500 
0.750000000 0.582031250 0.976562500 7.691406250 4.042968750 9.820312500 0.890625000 3.703125000 9.656250000 4.027343750 0.851562500 7.734375000 5.031250000 4.640625000 4.156250000 2.617187500 6.183593750 1.933593750 2.058593750 6.296875000 2.515625000 0.332031250 1.539062500 1.570312500 1.980468750 1.203125000 1.304687500 2.363281250 2.476562500 0.281250000 1.562500000 1.902343750 1.312500000 2.531250000 1.332031250 1.183593750 1.257812500 0.863281250 0.511718750 0.597656250 0.566406250 2.359375000 2.707031250 1.839843750 1.203125000 1.585937500 1.109375000 0.855468750 0.582031250 0.308593750 0.273437500 0.335937500 0.128906250 0.402343750 0.363281250 0.441406250 0.269531250 0.117187500 0.257812500 0.085937500 0.019531250 0.105468750 0.046875000 0.136718750 0.085937500 0.175781250 0.550781250 0.359375000 0.265625000 0.457031250 0.066406250 0.207031250 0.304687500 0.066406250 0.167968750 0.238281250 0.343750000 0.425781250 0.257812500 0.140625000 0.433593750 0.636718750 1.476562500 0.652343750 0.781250000 2.394531250 0.437500000 1.277343750 2.210937500 1.097656250 2.496093750 1.148437500 1.156250000 3.414062500 0.703125000 1.613281250 2.363281250 2.367187500 2.863281250 0.378906250 1.035156250 2.332031250 1.105468750 1.210937500 0.742187500 0.355468750 0.910156250 1.808593750 0.636718750 1.796875000 0.925781250 0.644531250 2.464843750 1.078125000 1.332031250 0.554687500 1.015625000 1.343750000 1.304687500 0.496093750 0.542968750 0.687500000 0.156250000 0.285156250 0.265625000 0.144531250 0.054687500 0.171875000 0.144531250 0.242187500 0.058593750 0.089843750 0.054687500 0.128906250 0.093750000 0.050781250 0.027343750 0.062500000 0.046875000 0.015625000 0.062500000 0.031250000 0.042968750 0.023437500 0.031250000 0.035156250 0.046875000 0.019531250 0.042968750 0.023437500 0.046875000 0.015625000 0.003906250 0.031250000 0.054687500 0.027343750 0.058593750 0.015625000 0.039062500 0.031250000 0.062500000 0.039062500 0.027343750 0.023437500 0.039062500 0.023437500 0.054687500 0.019531250 0.050781250 0.035156250 0.015625000 0.035156250 0.027343750 0.039062500 0.027343750 0.039062500 0.019531250 0.023437500 0.011718750 0.019531250 0.007812500 0.023437500 0.039062500 0.035156250 0.046875000 0.007812500 0.046875000 0.031250000 0.035156250 0.066406250 0.035156250 0.031250000 0.039062500 0.031250000 0.046875000 0.007812500 0.031250000 0.015625000 0.042968750 0.050781250 0.027343750 0.011718750 0.023437500 0.007812500 0.035156250 0.027343750 0.035156250 0.015625000 0.015625000 0.039062500 0.027343750 0.023437500 0.035156250 0.039062500 0.031250000 0.035156250 0.039062500 0.031250000 0.023437500 0.011718750 0.019531250 0.011718750 0.011718750 0.007812500 0.011718750 0.011718750 0.031250000 0.050781250 0.003906250 0.042968750 0.035156250 0.015625000 0.015625000 0.015625000 0.019531250 0.019531250 0.050781250 0.042968750 0.039062500 0.035156250 0.015625000 0.031250000 0.042968750 0.023437500 0.050781250 0.011718750 0.031250000 0.019531250 0.039062500 0.027343750 0.050781250 0.015625000 0.019531250 0.023437500 0.054687500 0.035156250 0.007812500 
0.871093750 0.917968750 2.261718750 4.652343750 2.894531250 9.609375000 0.824218750 2.625000000 5.285156250 1.429687500 6.132812500 3.121093750 1.125000000 6.996093750 3.929687500 3.953125000 4.191406250 1.671875000 3.718750000 3.648437500 0.863281250 1.140625000 0.835937500 1.207031250 1.457031250 0.613281250 1.726562500 0.925781250 0.785156250 1.792968750 1.195312500 1.453125000 0.351562500 1.429687500 0.960937500 0.457031250 0.382812500 0.894531250 0.921875000 0.570312500 0.121093750 1.164062500 1.652343750 2.804687500 0.566406250 1.503906250 0.824218750 0.503906250 0.488281250 0.527343750 0.492187500 0.515625000 0.144531250 0.316406250 0.378906250 0.371093750 0.398437500 0.054687500 0.222656250 0.128906250 0.066406250 0.058593750 0.027343750 0.128906250 0.179687500 0.062500000 0.292968750 0.613281250 0.421875000 0.343750000 0.136718750 0.207031250 0.328125000 0.042968750 0.082031250 0.121093750 0.187500000 0.093750000 0.074218750 0.097656250 0.363281250 0.652343750 0.253906250 0.371093750 0.265625000 2.480468750 0.785156250 1.425781250 1.953125000 0.863281250 3.000000000 0.890625000 1.539062500 2.636718750 0.625000000 2.164062500 1.988281250 1.734375000 2.523437500 0.632812500 1.984375000 1.464843750 0.937500000 1.402343750 0.300781250 0.578125000 0.984375000 0.707031250 0.632812500 1.207031250 0.394531250 1.593750000 1.367187500 0.964843750 2.355468750 0.414062500 0.718750000 1.031250000 0.832031250 1.300781250 0.496093750 0.304687500 0.195312500 0.242187500 0.289062500 0.234375000 0.097656250 0.199218750 0.027343750 0.125000000 0.152343750 0.089843750 0.097656250 0.035156250 0.042968750 0.066406250 0.066406250 0.007812500 0.019531250 0.031250000 0.023437500 0.019531250 0.050781250 0.062500000 0.015625000 0.035156250 0.007812500 0.042968750 0.015625000 0.019531250 0.023437500 0.046875000 0.015625000 0.011718750 0.039062500 0.031250000 0.019531250 0.031250000 0.035156250 0.023437500 0.011718750 0.046875000 0.046875000 0.046875000 0.019531250 0.023437500 0.027343750 0.023437500 0.031250000 0.007812500 0.027343750 0.035156250 0.027343750 0.027343750 0.039062500 0.023437500 0.046875000 0.023437500 0.023437500 0.015625000 0.019531250 0.035156250 0.019531250 0.015625000 0.023437500 0.027343750 0.062500000 0.031250000 0.042968750 0.042968750 0.046875000 0.042968750 0.050781250 0.011718750 0.027343750 0.035156250 0.031250000 0.003906250 0.035156250 0.050781250 0.046875000 0.019531250 0.031250000 0.031250000 0.050781250 0.023437500 0.031250000 0.027343750 0.046875000 0.015625000 0.027343750 0.035156250 0.019531250 0.027343750 0.011718750 0.019531250 0.039062500 0.027343750 0.019531250 0.011718750 0.019531250 0.042968750 0.011718750 0.007812500 0.011718750 0.011718750 0.054687500 0.031250000 0.019531250 0.054687500 0.027343750 0.023437500 0.019531250 0.035156250 0.027343750 0.031250000 0.015625000 0.031250000 0.011718750 0.023437500 0.042968750 0.019531250 0.015625000 0.046875000 0.015625000 0.007812500 0.011718750 0.046875000 0.035156250 0.035156250 0.039062500 0.027343750 0.035156250 0.023437500 0.039062500 0.027343750 0.042968750 
0.089843750 0.695312500 2.531250000 4.363281250 2.203125000 7.988281250 3.433593750 0.800781250 5.128906250 4.695312500 6.179687500 3.468750000 2.656250000 5.480468750 2.546875000 2.679687500 2.750000000 2.441406250 1.855468750 1.464843750 1.222656250 1.304687500 0.679687500 0.835937500 0.941406250 0.554687500 1.257812500 0.609375000 0.199218750 0.796875000 0.503906250 1.277343750 0.703125000 0.402343750 0.812500000 0.125000000 0.457031250 0.742187500 0.156250000 0.367187500 0.605468750 1.425781250 0.515625000 1.031250000 1.839843750 0.578125000 0.628906250 0.691406250 0.128906250 0.562500000 0.039062500 0.218750000 0.285156250 0.117187500 0.226562500 0.261718750 0.308593750 0.230468750 0.164062500 0.117187500 0.054687500 0.078125000 0.101562500 0.175781250 0.023437500 0.328125000 0.253906250 0.519531250 0.289062500 0.390625000 0.136718750 0.253906250 0.382812500 0.281250000 0.167968750 0.148437500 0.101562500 0.171875000 0.183593750 0.464843750 0.496093750 0.828125000 0.359375000 0.417968750 0.742187500 1.882812500 0.644531250 1.109375000 1.875000000 0.851562500 2.035156250 0.378906250 1.660156250 2.035156250 0.800781250 1.210937500 1.691406250 2.082031250 1.820312500 1.242187500 0.882812500 0.488281250 0.378906250 0.292968750 0.605468750 0.437500000 0.371093750 0.265625000 0.261718750 0.496093750 0.351562500 1.238281250 1.035156250 0.402343750 1.429687500 1.156250000 0.957031250 1.023437500 0.656250000 1.203125000 0.152343750 0.398437500 0.468750000 0.207031250 0.308593750 0.187500000 0.136718750 0.128906250 0.035156250 0.058593750 0.117187500 0.054687500 0.082031250 0.070312500 0.015625000 0.054687500 0.031250000 0.054687500 0.035156250 0.058593750 0.046875000 0.027343750 0.031250000 0.023437500 0.023437500 0.023437500 0.042968750 0.046875000 0.015625000 0.027343750 0.023437500 0.035156250 0.039062500 0.031250000 0.050781250 0.046875000 0.050781250 0.035156250 0.027343750 0.031250000 0.027343750 0.015625000 0.027343750 0.058593750 0.023437500 0.015625000 0.019531250 0.023437500 0.042968750 0.027343750 0.058593750 0.027343750 0.050781250 0.058593750 0.035156250 0.046875000 0.062500000 0.042968750 0.015625000 0.003906250 0.031250000 0.019531250 0.003906250 0.019531250 0.031250000 0.023437500 0.054687500 0.089843750 0.066406250 0.015625000 0.035156250 0.027343750 0.031250000 0.046875000 0.039062500 0.023437500 0.027343750 0.031250000 0.039062500 0.070312500 0.019531250 0.019531250 0.031250000 0.066406250 0.023437500 0.023437500 0.023437500 0.023437500 0.035156250 0.027343750 0.035156250 0.066406250 0.039062500 0.011718750 0.042968750 0.031250000 0.011718750 0.035156250 0.027343750 0.015625000 0.015625000 0.035156250 0.031250000 0.042968750 0.042968750 0.042968750 0.023437500 0.039062500 0.031250000 0.007812500 0.023437500 0.019531250 0.015625000 0.050781250 0.042968750 0.007812500 0.039062500 0.015625000 0.062500000 0.035156250 0.062500000 0.039062500 0.039062500 0.046875000 0.039062500 0.031250000 0.015625000 0.031250000 0.023437500 0.035156250 0.035156250 0.039062500 0.035156250 0.035156250 0.031250000 0.015625000 0.035156250 
1.789062500 2.234375000 3.347656250 4.773437500 0.300781250 6.082031250 6.398437500 2.839843750 4.042968750 2.648437500 2.722656250 6.730468750 2.050781250 2.085937500 5.578125000 1.578125000 1.558593750 0.968750000 0.359375000 0.398437500 0.371093750 0.273437500 0.410156250 0.117187500 0.812500000 0.546875000 0.730468750 0.488281250 0.363281250 0.339843750 0.988281250 0.792968750 0.636718750 0.242187500 0.515625000 0.351562500 0.359375000 0.453125000 0.585937500 0.062500000 0.597656250 1.031250000 0.441406250 0.460937500 0.843750000 0.550781250 0.285156250 0.144531250 0.175781250 0.300781250 0.281250000 0.238281250 0.257812500 0.078125000 0.125000000 0.269531250 0.050781250 0.109375000 0.113281250 0.015625000 0.082031250 0.148437500 0.109375000 0.085937500 0.097656250 0.125000000 0.253906250 0.371093750 0.390625000 0.324218750 0.078125000 0.101562500 0.253906250 0.136718750 0.097656250 0.113281250 0.078125000 0.054687500 0.050781250 0.484375000 0.203125000 0.351562500 0.515625000 0.109375000 1.015625000 1.308593750 0.687500000 1.238281250 0.917968750 0.566406250 0.742187500 1.128906250 0.656250000 1.242187500 0.363281250 0.027343750 0.226562500 0.316406250 0.503906250 0.480468750 0.222656250 0.226562500 0.164062500 0.062500000 0.660156250 0.359375000 0.281250000 0.191406250 0.207031250 0.125000000 0.394531250 0.585937500 0.593750000 1.019531250 0.523437500 0.878906250 1.050781250 0.429687500 0.984375000 1.156250000 0.046875000 0.507812500 0.484375000 0.300781250 0.152343750 0.097656250 0.066406250 0.031250000 0.089843750 0.066406250 0.082031250 0.050781250 0.050781250 0.007812500 0.066406250 0.050781250 0.097656250 0.058593750 0.031250000 0.011718750 0.023437500 0.027343750 0.042968750 0.062500000 0.054687500 0.035156250 0.039062500 0.042968750 0.042968750 0.062500000 0.023437500 0.046875000 0.050781250 0.054687500 0.058593750 0.015625000 0.042968750 0.039062500 0.031250000 0.042968750 0.054687500 0.039062500 0.054687500 0.058593750 0.042968750 0.062500000 0.050781250 0.054687500 0.019531250 0.023437500 0.066406250 0.046875000 0.015625000 0.074218750 0.031250000 0.023437500 0.031250000 0.011718750 0.070312500 0.035156250 0.039062500 0.035156250 0.015625000 0.039062500 0.027343750 0.015625000 0.019531250 0.050781250 0.039062500 0.015625000 0.039062500 0.062500000 0.027343750 0.054687500 0.023437500 0.027343750 0.019531250 0.035156250 0.015625000 0.070312500 0.062500000 0.027343750 0.027343750 0.007812500 0.039062500 0.039062500 0.019531250 0.050781250 0.035156250 0.062500000 0.031250000 0.058593750 0.019531250 0.035156250 0.031250000 0.042968750 0.050781250 0.035156250 0.019531250 0.031250000 0.031250000 0.019531250 0.035156250 0.023437500 0.046875000 0.011718750 0.058593750 0.074218750 0.035156250 0.046875000 0.066406250 0.035156250 0.042968750 0.019531250 0.050781250 0.039062500 0.027343750 0.023437500 0.035156250 0.027343750 0.050781250 0.035156250 0.039062500 0.035156250 0.011718750 0.039062500 0.035156250 0.035156250 0.039062500 0.035156250 0.062500000 0.023437500 0.015625000 0.046875000 0.011718750 0.023437500 0.023437500 
0.085937500 0.554687500 1.511718750 6.656250000 2.531250000 2.082031250 9.503906250 2.167968750 2.601562500 3.273437500 2.636718750 3.789062500 3.156250000 1.765625000 3.785156250 0.492187500 0.675781250 2.410156250 0.523437500 0.570312500 0.468750000 0.453125000 0.234375000 0.187500000 0.289062500 0.398437500 0.222656250 0.179687500 0.472656250 0.230468750 0.371093750 0.246093750 0.281250000 0.703125000 0.203125000 0.132812500 0.179687500 0.382812500 0.433593750 0.644531250 0.101562500 0.687500000 0.648437500 0.019531250 0.105468750 0.410156250 0.476562500 0.097656250 0.183593750 0.207031250 0.187500000 0.199218750 0.113281250 0.214843750 0.082031250 0.207031250 0.097656250 0.097656250 0.117187500 0.089843750 0.097656250 0.128906250 0.042968750 0.078125000 0.031250000 0.089843750 0.058593750 0.492187500 0.152343750 0.054687500 0.210937500 0.054687500 0.187500000 0.152343750 0.089843750 0.167968750 0.007812500 0.167968750 0.210937500 0.261718750 0.195312500 0.339843750 0.351562500 0.277343750 0.734375000 0.820312500 0.535156250 0.691406250 0.371093750 0.066406250 0.496093750 0.765625000 0.250000000 0.472656250 0.257812500 0.308593750 0.285156250 0.097656250 0.148437500 0.125000000 0.500000000 0.117187500 0.109375000 0.171875000 0.507812500 0.363281250 0.171875000 0.296875000 0.109375000 0.164062500 0.160156250 0.289062500 0.226562500 0.207031250 0.382812500 0.226562500 0.605468750 0.144531250 0.355468750 0.664062500 0.414062500 0.253906250 0.296875000 0.421875000 0.117187500 0.031250000 0.187500000 0.058593750 0.054687500 0.070312500 0.039062500 0.031250000 0.031250000 0.023437500 0.054687500 0.031250000 0.070312500 0.015625000 0.070312500 0.058593750 0.023437500 0.050781250 0.011718750 0.054687500 0.039062500 0.031250000 0.027343750 0.015625000 0.019531250 0.062500000 0.039062500 0.039062500 0.050781250 0.027343750 0.027343750 0.023437500 0.050781250 0.019531250 0.019531250 0.050781250 0.023437500 0.007812500 0.039062500 0.062500000 0.019531250 0.054687500 0.023437500 0.046875000 0.035156250 0.039062500 0.015625000 0.039062500 0.042968750 0.011718750 0.050781250 0.027343750 0.039062500 0.027343750 0.082031250 0.046875000 0.031250000 0.031250000 0.015625000 0.019531250 0.019531250 0.027343750 0.031250000 0.050781250 0.031250000 0.019531250 0.035156250 0.023437500 0.066406250 0.042968750 0.027343750 0.046875000 0.035156250 0.035156250 0.050781250 0.019531250 0.054687500 0.011718750 0.015625000 0.027343750 0.046875000 0.058593750 0.023437500 0.011718750 0.058593750 0.003906250 0.007812500 0.000000000 0.058593750 0.035156250 0.062500000 0.011718750 0.035156250 0.019531250 0.035156250 0.023437500 0.015625000 0.042968750 0.015625000 0.039062500 0.019531250 0.035156250 0.050781250 0.019531250 0.035156250 0.027343750 0.015625000 0.050781250 0.062500000 0.046875000 0.031250000 0.015625000 0.046875000 0.031250000 0.035156250 0.035156250 0.046875000 0.035156250 0.023437500 0.019531250 0.039062500 0.042968750 0.027343750 0.042968750 0.050781250 0.046875000 0.007812500 0.027343750 0.031250000 0.042968750 0.015625000 0.019531250 0.039062500 
0.039062500 0.503906250 0.160156250 8.691406250 3.585937500 4.816406250 6.894531250 3.730468750 4.968750000 0.640625000 0.640625000 3.218750000 2.050781250 3.031250000 3.304687500 0.949218750 0.328125000 1.906250000 0.406250000 0.691406250 0.265625000 0.347656250 0.382812500 0.226562500 0.191406250 0.292968750 0.355468750 0.265625000 0.320312500 0.250000000 0.066406250 0.183593750 0.238281250 0.449218750 0.386718750 0.343750000 0.292968750 0.101562500 0.351562500 0.316406250 0.582031250 0.332031250 0.492187500 0.128906250 0.148437500 0.382812500 0.371093750 0.285156250 0.140625000 0.234375000 0.246093750 0.164062500 0.148437500 0.167968750 0.179687500 0.042968750 0.109375000 0.089843750 0.089843750 0.039062500 0.105468750 0.171875000 0.027343750 0.113281250 0.046875000 0.085937500 0.226562500 0.207031250 0.082031250 0.054687500 0.093750000 0.140625000 0.160156250 0.050781250 0.113281250 0.074218750 0.011718750 0.125000000 0.292968750 0.117187500 0.136718750 0.214843750 0.148437500 0.179687500 0.289062500 0.660156250 0.312500000 0.132812500 0.191406250 0.230468750 0.406250000 0.503906250 0.093750000 0.218750000 0.355468750 0.308593750 0.238281250 0.066406250 0.175781250 0.164062500 0.335937500 0.058593750 0.054687500 0.316406250 0.261718750 0.117187500 0.238281250 0.199218750 0.187500000 0.175781250 0.183593750 0.046875000 0.152343750 0.156250000 0.261718750 0.273437500 0.417968750 0.207031250 0.148437500 0.335937500 0.378906250 0.273437500 0.148437500 0.277343750 0.316406250 0.082031250 0.207031250 0.148437500 0.093750000 0.105468750 0.121093750 0.109375000 0.074218750 0.066406250 0.062500000 0.054687500 0.089843750 0.078125000 0.093750000 0.070312500 0.054687500 0.050781250 0.035156250 0.039062500 0.062500000 0.078125000 0.050781250 0.058593750 0.050781250 0.078125000 0.066406250 0.046875000 0.062500000 0.058593750 0.046875000 0.050781250 0.035156250 0.058593750 0.035156250 0.062500000 0.046875000 0.046875000 0.089843750 0.023437500 0.035156250 0.062500000 0.070312500 0.027343750 0.054687500 0.046875000 0.070312500 0.054687500 0.058593750 0.039062500 0.078125000 0.035156250 0.031250000 0.023437500 0.046875000 0.035156250 0.058593750 0.035156250 0.062500000 0.066406250 0.035156250 0.046875000 0.050781250 0.066406250 0.058593750 0.062500000 0.042968750 0.058593750 0.031250000 0.031250000 0.046875000 0.035156250 0.062500000 0.035156250 0.031250000 0.050781250 0.066406250 0.042968750 0.054687500 0.039062500 0.035156250 0.035156250 0.074218750 0.042968750 0.011718750 0.058593750 0.046875000 0.062500000 0.039062500 0.031250000 0.011718750 0.046875000 0.050781250 0.054687500 0.039062500 0.023437500 0.046875000 0.015625000 0.019531250 0.050781250 0.027343750 0.039062500 0.023437500 0.089843750 0.054687500 0.046875000 0.046875000 0.015625000 0.031250000 0.039062500 0.058593750 0.058593750 0.058593750 0.031250000 0.046875000 0.046875000 0.023437500 0.054687500 0.046875000 0.058593750 0.074218750 0.058593750 0.058593750 0.007812500 0.062500000 0.019531250 0.050781250 0.050781250 0.046875000 0.019531250 0.050781250 0.058593750 0.031250000 
0.328125000 0.761718750 1.523437500 8.292968750 4.578125000 5.660156250 6.484375000 4.539062500 2.351562500 1.468750000 1.296875000 3.683593750 0.835937500 1.500000000 3.675781250 1.015625000 0.789062500 2.328125000 1.656250000 0.984375000 0.472656250 0.664062500 0.390625000 0.324218750 0.578125000 0.515625000 0.593750000 0.316406250 0.683593750 0.425781250 0.445312500 0.296875000 0.296875000 0.761718750 0.894531250 0.402343750 0.511718750 0.371093750 0.484375000 0.484375000 0.109375000 0.761718750 0.347656250 0.480468750 0.269531250 0.445312500 0.085937500 0.011718750 0.292968750 0.234375000 0.167968750 0.335937500 0.222656250 0.257812500 0.281250000 0.097656250 0.226562500 0.179687500 0.164062500 0.203125000 0.214843750 0.226562500 0.187500000 0.117187500 0.082031250 0.179687500 0.109375000 0.113281250 0.191406250 0.179687500 0.093750000 0.203125000 0.113281250 0.242187500 0.253906250 0.183593750 0.214843750 0.152343750 0.246093750 0.339843750 0.285156250 0.207031250 0.273437500 0.156250000 0.031250000 0.347656250 0.230468750 0.152343750 0.179687500 0.246093750 0.332031250 0.468750000 0.109375000 0.152343750 0.242187500 0.164062500 0.281250000 0.078125000 0.121093750 0.117187500 0.269531250 0.187500000 0.214843750 0.183593750 0.445312500 0.132812500 0.265625000 0.187500000 0.187500000 0.109375000 0.261718750 0.113281250 0.074218750 0.257812500 0.164062500 0.335937500 0.222656250 0.023437500 0.101562500 0.027343750 0.117187500 0.046875000 0.050781250 0.031250000 0.058593750 0.066406250 0.031250000 0.058593750 0.105468750 0.027343750 0.089843750 0.093750000 0.042968750 0.101562500 0.082031250 0.074218750 0.074218750 0.062500000 0.097656250 0.035156250 0.066406250 0.042968750 0.062500000 0.039062500 0.082031250 0.054687500 0.058593750 0.085937500 0.078125000 0.054687500 0.066406250 0.062500000 0.074218750 0.054687500 0.070312500 0.046875000 0.078125000 0.074218750 0.078125000 0.070312500 0.042968750 0.050781250 0.050781250 0.050781250 0.039062500 0.035156250 0.062500000 0.042968750 0.035156250 0.062500000 0.066406250 0.046875000 0.074218750 0.046875000 0.046875000 0.054687500 0.054687500 0.046875000 0.050781250 0.039062500 0.082031250 0.085937500 0.054687500 0.042968750 0.074218750 0.058593750 0.085937500 0.042968750 0.035156250 0.046875000 0.062500000 0.058593750 0.050781250 0.050781250 0.035156250 0.058593750 0.058593750 0.062500000 0.058593750 0.066406250 0.070312500 0.066406250 0.074218750 0.046875000 0.078125000 0.058593750 0.027343750 0.058593750 0.050781250 0.046875000 0.050781250 0.078125000 0.070312500 0.062500000 0.046875000 0.070312500 0.054687500 0.066406250 0.062500000 0.082031250 0.058593750 0.058593750 0.066406250 0.039062500 0.046875000 0.070312500 0.074218750 0.085937500 0.062500000 0.039062500 0.058593750 0.066406250 0.058593750 0.011718750 0.054687500 0.054687500 0.082031250 0.050781250 0.050781250 0.039062500 0.027343750 0.074218750 0.050781250 0.062500000 0.070312500 0.054687500 0.085937500 0.035156250 0.023437500 0.074218750 0.078125000 0.054687500 0.050781250 0.019531250 0.054687500 0.042968750 0.039062500 
1.121093750 1.917968750 2.035156250 3.988281250 9.902343750 2.464843750 5.765625000 5.351562500 2.417968750 1.554687500 2.527343750 1.832031250 0.714843750 1.046875000 1.628906250 0.363281250 0.250000000 0.582031250 0.230468750 0.535156250 0.171875000 0.210937500 0.230468750 0.160156250 0.066406250 0.066406250 0.269531250 0.320312500 0.292968750 0.167968750 0.222656250 0.179687500 0.070312500 0.289062500 0.371093750 0.070312500 0.226562500 0.359375000 0.449218750 0.277343750 0.125000000 0.625000000 0.058593750 0.460937500 0.476562500 0.355468750 0.132812500 0.144531250 0.187500000 0.042968750 0.089843750 0.183593750 0.066406250 0.082031250 0.125000000 0.105468750 0.058593750 0.109375000 0.027343750 0.066406250 0.078125000 0.054687500 0.015625000 0.078125000 0.027343750 0.128906250 0.050781250 0.046875000 0.050781250 0.039062500 0.027343750 0.113281250 0.132812500 0.078125000 0.097656250 0.101562500 0.082031250 0.078125000 0.230468750 0.199218750 0.093750000 0.058593750 0.199218750 0.160156250 0.144531250 0.351562500 0.105468750 0.093750000 0.011718750 0.078125000 0.027343750 0.070312500 0.296875000 0.082031250 0.132812500 0.109375000 0.160156250 0.054687500 0.066406250 0.140625000 0.109375000 0.164062500 0.203125000 0.074218750 0.296875000 0.128906250 0.144531250 0.121093750 0.109375000 0.074218750 0.164062500 0.148437500 0.121093750 0.082031250 0.156250000 0.074218750 0.062500000 0.019531250 0.039062500 0.054687500 0.097656250 0.054687500 0.023437500 0.015625000 0.019531250 0.035156250 0.046875000 0.015625000 0.070312500 0.050781250 0.042968750 0.062500000 0.027343750 0.023437500 0.042968750 0.027343750 0.023437500 0.035156250 0.019531250 0.054687500 0.070312500 0.027343750 0.031250000 0.046875000 0.050781250 0.031250000 0.046875000 0.031250000 0.031250000 0.031250000 0.023437500 0.027343750 0.015625000 0.035156250 0.023437500 0.031250000 0.031250000 0.011718750 0.027343750 0.042968750 0.011718750 0.011718750 0.019531250 0.050781250 0.027343750 0.042968750 0.007812500 0.027343750 0.031250000 0.035156250 0.019531250 0.046875000 0.027343750 0.019531250 0.031250000 0.019531250 0.003906250 0.015625000 0.011718750 0.035156250 0.046875000 0.031250000 0.031250000 0.027343750 0.023437500 0.019531250 0.046875000 0.023437500 0.023437500 0.015625000 0.039062500 0.011718750 0.027343750 0.042968750 0.042968750 0.050781250 0.035156250 0.050781250 0.003906250 0.039062500 0.015625000 0.035156250 0.031250000 0.035156250 0.039062500 0.035156250 0.050781250 0.007812500 0.035156250 0.011718750 0.027343750 0.023437500 0.023437500 0.011718750 0.019531250 0.035156250 0.046875000 0.015625000 0.007812500 0.011718750 0.027343750 0.035156250 0.007812500 0.027343750 0.031250000 0.023437500 0.058593750 0.050781250 0.023437500 0.058593750 0.023437500 0.019531250 0.039062500 0.046875000 0.031250000 0.054687500 0.035156250 0.011718750 0.007812500 0.023437500 0.007812500 0.019531250 0.039062500 0.042968750 0.023437500 0.015625000 0.050781250 0.027343750 0.035156250 0.070312500 0.046875000 0.035156250 0.015625000 0.015625000 0.015625000 0.023437500 0.011718750 
1.386718750 1.714843750 3.250000000 2.371093750 11.500000000 5.039062500 3.621093750 2.636718750 1.640625000 1.820312500 4.105468750 2.308593750 1.402343750 1.312500000 1.570312500 0.476562500 0.648437500 0.402343750 0.199218750 0.660156250 0.253906250 0.132812500 0.246093750 0.222656250 0.324218750 0.152343750 0.253906250 0.179687500 0.101562500 0.296875000 0.093750000 0.359375000 0.062500000 0.011718750 0.312500000 0.257812500 0.210937500 0.363281250 0.363281250 0.425781250 0.320312500 0.207031250 0.210937500 0.472656250 0.421875000 0.347656250 0.191406250 0.234375000 0.238281250 0.164062500 0.097656250 0.175781250 0.144531250 0.175781250 0.167968750 0.179687500 0.093750000 0.144531250 0.105468750 0.105468750 0.085937500 0.058593750 0.132812500 0.093750000 0.074218750 0.050781250 0.093750000 0.093750000 0.097656250 0.078125000 0.074218750 0.101562500 0.113281250 0.070312500 0.046875000 0.105468750 0.144531250 0.027343750 0.109375000 0.066406250 0.109375000 0.128906250 0.074218750 0.242187500 0.203125000 0.292968750 0.031250000 0.117187500 0.093750000 0.027343750 0.082031250 0.125000000 0.175781250 0.082031250 0.035156250 0.082031250 0.101562500 0.039062500 0.054687500 0.085937500 0.078125000 0.128906250 0.195312500 0.148437500 0.199218750 0.164062500 0.042968750 0.226562500 0.035156250 0.101562500 0.144531250 0.136718750 0.058593750 0.035156250 0.015625000 0.085937500 0.035156250 0.074218750 0.050781250 0.035156250 0.089843750 0.074218750 0.031250000 0.039062500 0.019531250 0.023437500 0.015625000 0.027343750 0.058593750 0.066406250 0.062500000 0.070312500 0.046875000 0.074218750 0.054687500 0.015625000 0.031250000 0.058593750 0.027343750 0.058593750 0.050781250 0.066406250 0.046875000 0.042968750 0.035156250 0.039062500 0.062500000 0.050781250 0.015625000 0.035156250 0.035156250 0.042968750 0.054687500 0.031250000 0.027343750 0.031250000 0.039062500 0.015625000 0.062500000 0.031250000 0.039062500 0.023437500 0.035156250 0.058593750 0.046875000 0.019531250 0.023437500 0.035156250 0.019531250 0.015625000 0.015625000 0.019531250 0.023437500 0.035156250 0.054687500 0.042968750 0.019531250 0.058593750 0.050781250 0.019531250 0.039062500 0.058593750 0.023437500 0.054687500 0.015625000 0.023437500 0.042968750 0.062500000 0.015625000 0.023437500 0.015625000 0.035156250 0.015625000 0.054687500 0.035156250 0.027343750 0.007812500 0.074218750 0.019531250 0.031250000 0.035156250 0.054687500 0.007812500 0.062500000 0.027343750 0.023437500 0.046875000 0.023437500 0.054687500 0.035156250 0.050781250 0.007812500 0.027343750 0.035156250 0.011718750 0.023437500 0.027343750 0.050781250 0.027343750 0.070312500 0.003906250 0.046875000 0.062500000 0.062500000 0.031250000 0.046875000 0.011718750 0.050781250 0.007812500 0.035156250 0.046875000 0.019531250 0.066406250 0.078125000 0.046875000 0.019531250 0.039062500 0.035156250 0.039062500 0.019531250 0.019531250 0.050781250 0.031250000 0.035156250 0.015625000 0.050781250 0.039062500 0.023437500 0.007812500 0.054687500 0.042968750 0.031250000 0.050781250 0.027343750 0.027343750 0.027343750 0.019531250 
1.359375000 0.941406250 1.128906250 6.269531250 11.210937500 1.121093750 0.683593750 0.566406250 1.312500000 1.085937500 2.511718750 0.988281250 0.828125000 0.171875000 0.523437500 0.710937500 0.503906250 0.390625000 0.085937500 0.347656250 0.250000000 0.035156250 0.019531250 0.117187500 0.054687500 0.117187500 0.078125000 0.078125000 0.195312500 0.148437500 0.140625000 0.117187500 0.121093750 0.121093750 0.242187500 0.097656250 0.109375000 0.281250000 0.242187500 0.058593750 0.261718750 0.343750000 0.628906250 0.089843750 0.199218750 0.070312500 0.097656250 0.066406250 0.050781250 0.050781250 0.011718750 0.039062500 0.042968750 0.039062500 0.054687500 0.046875000 0.015625000 0.042968750 0.027343750 0.054687500 0.015625000 0.058593750 0.023437500 0.031250000 0.023437500 0.027343750 0.023437500 0.031250000 0.027343750 0.042968750 0.097656250 0.015625000 0.046875000 0.023437500 0.046875000 0.035156250 0.039062500 0.097656250 0.070312500 0.039062500 0.050781250 0.148437500 0.078125000 0.125000000 0.183593750 0.203125000 0.097656250 0.066406250 0.136718750 0.007812500 0.093750000 0.031250000 0.109375000 0.054687500 0.019531250 0.078125000 0.066406250 0.062500000 0.019531250 0.050781250 0.144531250 0.078125000 0.164062500 0.125000000 0.089843750 0.175781250 0.156250000 0.160156250 0.058593750 0.046875000 0.117187500 0.101562500 0.042968750 0.066406250 0.046875000 0.054687500 0.062500000 0.042968750 0.066406250 0.058593750 0.070312500 0.093750000 0.007812500 0.035156250 0.042968750 0.035156250 0.003906250 0.019531250 0.011718750 0.031250000 0.011718750 0.015625000 0.015625000 0.039062500 0.011718750 0.050781250 0.011718750 0.015625000 0.042968750 0.046875000 0.035156250 0.042968750 0.054687500 0.023437500 0.019531250 0.019531250 0.023437500 0.031250000 0.007812500 0.003906250 0.019531250 0.023437500 0.023437500 0.027343750 0.058593750 0.011718750 0.015625000 0.027343750 0.031250000 0.011718750 0.035156250 0.011718750 0.023437500 0.023437500 0.035156250 0.007812500 0.027343750 0.011718750 0.003906250 0.019531250 0.007812500 0.015625000 0.023437500 0.031250000 0.015625000 0.019531250 0.023437500 0.050781250 0.027343750 0.027343750 0.019531250 0.011718750 0.054687500 0.019531250 0.019531250 0.019531250 0.007812500 0.019531250 0.039062500 0.015625000 0.007812500 0.003906250 0.035156250 0.011718750 0.003906250 0.019531250 0.031250000 0.054687500 0.015625000 0.015625000 0.039062500 0.023437500 0.019531250 0.019531250 0.062500000 0.050781250 0.046875000 0.031250000 0.015625000 0.023437500 0.019531250 0.039062500 0.007812500 0.023437500 0.027343750 0.007812500 0.046875000 0.019531250 0.027343750 0.042968750 0.054687500 0.019531250 0.019531250 0.019531250 0.039062500 0.035156250 0.007812500 0.019531250 0.019531250 0.035156250 0.027343750 0.027343750 0.019531250 0.031250000 0.031250000 0.007812500 0.027343750 0.042968750 0.027343750 0.003906250 0.007812500 0.035156250 0.007812500 0.031250000 0.027343750 0.023437500 0.015625000 0.035156250 0.035156250 0.054687500 0.023437500 0.015625000 0.019531250 0.027343750 0.031250000 0.023437500 0.031250000 
1.128906250 0.859375000 1.531250000 7.265625000 9.738281250 1.597656250 1.031250000 1.273437500 0.375000000 1.839843750 2.601562500 0.457031250 0.171875000 0.582031250 0.816406250 0.535156250 0.527343750 0.667968750 0.367187500 0.046875000 0.464843750 0.421875000 0.355468750 0.191406250 0.285156250 0.261718750 0.281250000 0.320312500 0.089843750 0.148437500 0.183593750 0.175781250 0.234375000 0.183593750 0.332031250 0.160156250 0.183593750 0.292968750 0.324218750 0.250000000 0.296875000 0.386718750 0.320312500 0.402343750 0.101562500 0.074218750 0.109375000 0.101562500 0.128906250 0.097656250 0.148437500 0.070312500 0.078125000 0.121093750 0.089843750 0.113281250 0.117187500 0.101562500 0.074218750 0.062500000 0.117187500 0.117187500 0.109375000 0.082031250 0.097656250 0.109375000 0.093750000 0.082031250 0.093750000 0.101562500 0.105468750 0.074218750 0.054687500 0.058593750 0.082031250 0.074218750 0.121093750 0.152343750 0.136718750 0.101562500 0.046875000 0.109375000 0.074218750 0.175781250 0.121093750 0.199218750 0.070312500 0.187500000 0.109375000 0.066406250 0.031250000 0.113281250 0.074218750 0.042968750 0.050781250 0.097656250 0.078125000 0.023437500 0.007812500 0.113281250 0.019531250 0.054687500 0.128906250 0.039062500 0.039062500 0.082031250 0.058593750 0.039062500 0.066406250 0.066406250 0.109375000 0.062500000 0.054687500 0.082031250 0.011718750 0.050781250 0.035156250 0.042968750 0.031250000 0.085937500 0.031250000 0.074218750 0.011718750 0.046875000 0.019531250 0.042968750 0.050781250 0.050781250 0.023437500 0.050781250 0.054687500 0.058593750 0.054687500 0.070312500 0.035156250 0.062500000 0.050781250 0.058593750 0.054687500 0.035156250 0.031250000 0.042968750 0.031250000 0.042968750 0.027343750 0.023437500 0.035156250 0.023437500 0.035156250 0.042968750 0.027343750 0.027343750 0.031250000 0.011718750 0.050781250 0.054687500 0.046875000 0.023437500 0.027343750 0.035156250 0.054687500 0.046875000 0.046875000 0.015625000 0.050781250 0.054687500 0.046875000 0.035156250 0.039062500 0.039062500 0.035156250 0.039062500 0.035156250 0.031250000 0.039062500 0.023437500 0.046875000 0.078125000 0.023437500 0.035156250 0.050781250 0.050781250 0.058593750 0.023437500 0.027343750 0.023437500 0.027343750 0.039062500 0.011718750 0.054687500 0.027343750 0.015625000 0.042968750 0.039062500 0.031250000 0.046875000 0.046875000 0.042968750 0.054687500 0.019531250 0.039062500 0.050781250 0.019531250 0.039062500 0.011718750 0.085937500 0.003906250 0.027343750 0.027343750 0.035156250 0.058593750 0.035156250 0.019531250 0.015625000 0.031250000 0.011718750 0.039062500 0.054687500 0.015625000 0.042968750 0.007812500 0.054687500 0.035156250 0.023437500 0.046875000 0.031250000 0.042968750 0.050781250 0.035156250 0.027343750 0.031250000 0.027343750 0.023437500 0.015625000 0.070312500 0.031250000 0.042968750 0.074218750 0.003906250 0.039062500 0.042968750 0.050781250 0.031250000 0.078125000 0.031250000 0.031250000 0.046875000 0.066406250 0.046875000 0.046875000 0.054687500 0.070312500 0.011718750 0.035156250 0.035156250 0.023437500 0.042968750 
0.023437500 0.507812500 1.429687500 5.820312500 4.898437500 2.859375000 1.675781250 2.347656250 1.683593750 1.394531250 2.312500000 0.585937500 0.437500000 0.445312500 0.406250000 0.980468750 0.625000000 0.093750000 0.406250000 0.250000000 0.398437500 0.226562500 0.441406250 0.300781250 0.234375000 0.179687500 0.265625000 0.152343750 0.332031250 0.199218750 0.234375000 0.257812500 0.261718750 0.230468750 0.320312500 0.152343750 0.171875000 0.117187500 0.167968750 0.187500000 0.300781250 0.171875000 0.218750000 0.406250000 0.164062500 0.117187500 0.070312500 0.109375000 0.148437500 0.121093750 0.082031250 0.062500000 0.093750000 0.054687500 0.132812500 0.144531250 0.101562500 0.105468750 0.078125000 0.113281250 0.078125000 0.093750000 0.089843750 0.105468750 0.089843750 0.062500000 0.093750000 0.085937500 0.070312500 0.121093750 0.042968750 0.078125000 0.085937500 0.078125000 0.082031250 0.085937500 0.070312500 0.101562500 0.066406250 0.109375000 0.011718750 0.082031250 0.148437500 0.148437500 0.085937500 0.226562500 0.082031250 0.074218750 0.226562500 0.105468750 0.132812500 0.085937500 0.062500000 0.093750000 0.117187500 0.132812500 0.039062500 0.058593750 0.117187500 0.113281250 0.070312500 0.117187500 0.015625000 0.031250000 0.066406250 0.007812500 0.070312500 0.039062500 0.046875000 0.003906250 0.074218750 0.109375000 0.015625000 0.070312500 0.085937500 0.035156250 0.066406250 0.027343750 0.015625000 0.070312500 0.070312500 0.070312500 0.027343750 0.027343750 0.039062500 0.062500000 0.070312500 0.046875000 0.054687500 0.058593750 0.031250000 0.078125000 0.050781250 0.007812500 0.078125000 0.074218750 0.046875000 0.042968750 0.023437500 0.054687500 0.062500000 0.074218750 0.074218750 0.019531250 0.031250000 0.066406250 0.039062500 0.039062500 0.070312500 0.039062500 0.035156250 0.011718750 0.035156250 0.035156250 0.039062500 0.023437500 0.062500000 0.050781250 0.070312500 0.042968750 0.039062500 0.058593750 0.054687500 0.042968750 0.042968750 0.027343750 0.058593750 0.035156250 0.035156250 0.035156250 0.042968750 0.050781250 0.066406250 0.003906250 0.066406250 0.046875000 0.042968750 0.003906250 0.058593750 0.035156250 0.050781250 0.035156250 0.062500000 0.023437500 0.066406250 0.039062500 0.031250000 0.058593750 0.042968750 0.082031250 0.050781250 0.058593750 0.046875000 0.046875000 0.050781250 0.031250000 0.062500000 0.023437500 0.082031250 0.035156250 0.058593750 0.031250000 0.027343750 0.011718750 0.031250000 0.093750000 0.062500000 0.062500000 0.039062500 0.039062500 0.031250000 0.031250000 0.015625000 0.046875000 0.050781250 0.042968750 0.023437500 0.031250000 0.023437500 0.015625000 0.015625000 0.054687500 0.046875000 0.042968750 0.042968750 0.039062500 0.027343750 0.054687500 0.046875000 0.058593750 0.062500000 0.046875000 0.035156250 0.019531250 0.039062500 0.039062500 0.011718750 0.066406250 0.031250000 0.027343750 0.046875000 0.035156250 0.046875000 0.074218750 0.039062500 0.023437500 0.035156250 0.019531250 0.023437500 0.027343750 0.066406250 0.003906250 0.042968750 0.027343750 0.050781250 0.046875000 0.054687500 
0.464843750 0.820312500 1.347656250 4.179687500 0.542968750 1.097656250 0.851562500 2.144531250 0.472656250 0.871093750 1.648437500 0.675781250 0.503906250 0.617187500 0.464843750 0.253906250 0.371093750 0.136718750 0.109375000 0.242187500 0.156250000 0.273437500 0.269531250 0.171875000 0.148437500 0.125000000 0.207031250 0.191406250 0.218750000 0.105468750 0.128906250 0.132812500 0.132812500 0.101562500 0.062500000 0.148437500 0.121093750 0.199218750 0.031250000 0.066406250 0.066406250 0.343750000 0.109375000 0.195312500 0.148437500 0.078125000 0.101562500 0.066406250 0.082031250 0.058593750 0.105468750 0.078125000 0.097656250 0.093750000 0.062500000 0.097656250 0.093750000 0.097656250 0.054687500 0.042968750 0.031250000 0.050781250 0.074218750 0.058593750 0.066406250 0.093750000 0.058593750 0.066406250 0.089843750 0.019531250 0.035156250 0.085937500 0.074218750 0.070312500 0.070312500 0.089843750 0.085937500 0.066406250 0.085937500 0.101562500 0.062500000 0.175781250 0.082031250 0.066406250 0.054687500 0.195312500 0.062500000 0.070312500 0.109375000 0.019531250 0.078125000 0.066406250 0.066406250 0.046875000 0.023437500 0.058593750 0.042968750 0.054687500 0.074218750 0.058593750 0.042968750 0.105468750 0.050781250 0.054687500 0.015625000 0.050781250 0.011718750 0.097656250 0.035156250 0.042968750 0.070312500 0.011718750 0.027343750 0.035156250 0.039062500 0.050781250 0.058593750 0.019531250 0.023437500 0.031250000 0.046875000 0.031250000 0.035156250 0.046875000 0.015625000 0.046875000 0.015625000 0.027343750 0.042968750 0.019531250 0.062500000 0.066406250 0.000000000 0.070312500 0.070312500 0.039062500 0.062500000 0.023437500 0.003906250 0.039062500 0.015625000 0.039062500 0.031250000 0.039062500 0.015625000 0.035156250 0.027343750 0.039062500 0.046875000 0.023437500 0.039062500 0.050781250 0.046875000 0.031250000 0.011718750 0.054687500 0.011718750 0.039062500 0.019531250 0.050781250 0.035156250 0.019531250 0.023437500 0.042968750 0.027343750 0.054687500 0.039062500 0.019531250 0.023437500 0.019531250 0.054687500 0.042968750 0.035156250 0.011718750 0.011718750 0.046875000 0.027343750 0.046875000 0.035156250 0.011718750 0.011718750 0.031250000 0.035156250 0.019531250 0.019531250 0.039062500 0.042968750 0.011718750 0.027343750 0.050781250 0.015625000 0.062500000 0.042968750 0.015625000 0.027343750 0.019531250 0.035156250 0.035156250 0.050781250 0.023437500 0.023437500 0.062500000 0.042968750 0.035156250 0.019531250 0.054687500 0.023437500 0.042968750 0.023437500 0.019531250 0.035156250 0.039062500 0.039062500 0.019531250 0.031250000 0.031250000 0.035156250 0.019531250 0.019531250 0.027343750 0.019531250 0.042968750 0.031250000 0.066406250 0.039062500 0.023437500 0.046875000 0.031250000 0.011718750 0.023437500 0.066406250 0.050781250 0.027343750 0.027343750 0.015625000 0.050781250 0.039062500 0.023437500 0.054687500 0.035156250 0.039062500 0.027343750 0.058593750 0.039062500 0.019531250 0.078125000 0.015625000 0.003906250 0.031250000 0.015625000 0.066406250 0.039062500 0.039062500 0.011718750 0.027343750 0.011718750 0.019531250 
0.218750000 0.558593750 0.718750000 2.773437500 2.742187500 1.289062500 1.347656250 1.375000000 0.773437500 0.164062500 1.289062500 0.355468750 0.273437500 0.261718750 0.203125000 0.195312500 0.328125000 0.164062500 0.261718750 0.261718750 0.117187500 0.027343750 0.097656250 0.035156250 0.042968750 0.035156250 0.082031250 0.046875000 0.058593750 0.050781250 0.035156250 0.074218750 0.191406250 0.140625000 0.125000000 0.109375000 0.125000000 0.089843750 0.105468750 0.128906250 0.191406250 0.128906250 0.070312500 0.136718750 0.128906250 0.023437500 0.027343750 0.039062500 0.031250000 0.054687500 0.031250000 0.031250000 0.035156250 0.054687500 0.027343750 0.050781250 0.039062500 0.039062500 0.007812500 0.019531250 0.035156250 0.027343750 0.023437500 0.031250000 0.039062500 0.046875000 0.023437500 0.019531250 0.027343750 0.042968750 0.027343750 0.062500000 0.015625000 0.035156250 0.039062500 0.023437500 0.058593750 0.042968750 0.035156250 0.023437500 0.054687500 0.074218750 0.195312500 0.039062500 0.031250000 0.246093750 0.019531250 0.023437500 0.125000000 0.027343750 0.058593750 0.023437500 0.023437500 0.019531250 0.066406250 0.027343750 0.085937500 0.015625000 0.046875000 0.015625000 0.027343750 0.085937500 0.062500000 0.058593750 0.023437500 0.085937500 0.058593750 0.042968750 0.023437500 0.039062500 0.027343750 0.050781250 0.042968750 0.023437500 0.042968750 0.015625000 0.039062500 0.066406250 0.031250000 0.066406250 0.035156250 0.011718750 0.019531250 0.003906250 0.027343750 0.023437500 0.031250000 0.035156250 0.023437500 0.035156250 0.019531250 0.042968750 0.027343750 0.031250000 0.042968750 0.042968750 0.035156250 0.027343750 0.015625000 0.007812500 0.019531250 0.019531250 0.011718750 0.007812500 0.023437500 0.031250000 0.031250000 0.023437500 0.019531250 0.031250000 0.019531250 0.042968750 0.015625000 0.031250000 0.027343750 0.015625000 0.023437500 0.039062500 0.035156250 0.015625000 0.031250000 0.023437500 0.027343750 0.027343750 0.019531250 0.003906250 0.007812500 0.003906250 0.019531250 0.015625000 0.046875000 0.003906250 0.015625000 0.027343750 0.027343750 0.007812500 0.003906250 0.035156250 0.007812500 0.031250000 0.007812500 0.003906250 0.019531250 0.007812500 0.042968750 0.027343750 0.023437500 0.007812500 0.015625000 0.023437500 0.035156250 0.027343750 0.035156250 0.003906250 0.011718750 0.023437500 0.011718750 0.015625000 0.015625000 0.015625000 0.027343750 0.031250000 0.054687500 0.031250000 0.015625000 0.015625000 0.035156250 0.023437500 0.019531250 0.003906250 0.023437500 0.007812500 0.019531250 0.019531250 0.019531250 0.007812500 0.027343750 0.035156250 0.011718750 0.027343750 0.011718750 0.031250000 0.015625000 0.015625000 0.023437500 0.015625000 0.007812500 0.003906250 0.023437500 0.042968750 0.031250000 0.015625000 0.015625000 0.019531250 0.007812500 0.031250000 0.027343750 0.027343750 0.023437500 0.046875000 0.011718750 0.007812500 0.023437500 0.011718750 0.042968750 0.062500000 0.019531250 0.019531250 0.011718750 0.003906250 0.027343750 0.023437500 0.035156250 0.007812500 0.027343750 0.039062500 0.007812500 
0.324218750 0.539062500 0.667968750 1.894531250 3.484375000 0.402343750 1.445312500 1.226562500 0.339843750 0.718750000 0.812500000 0.156250000 0.183593750 0.062500000 0.464843750 0.343750000 0.199218750 0.125000000 0.230468750 0.191406250 0.105468750 0.015625000 0.074218750 0.035156250 0.042968750 0.035156250 0.007812500 0.003906250 0.050781250 0.046875000 0.054687500 0.125000000 0.058593750 0.125000000 0.113281250 0.082031250 0.035156250 0.066406250 0.082031250 0.039062500 0.191406250 0.054687500 0.062500000 0.109375000 0.046875000 0.078125000 0.039062500 0.019531250 0.015625000 0.054687500 0.035156250 0.019531250 0.007812500 0.027343750 0.035156250 0.050781250 0.011718750 0.019531250 0.015625000 0.003906250 0.031250000 0.054687500 0.023437500 0.019531250 0.031250000 0.027343750 0.031250000 0.019531250 0.035156250 0.031250000 0.015625000 0.035156250 0.031250000 0.023437500 0.019531250 0.050781250 0.027343750 0.011718750 0.058593750 0.031250000 0.023437500 0.062500000 0.175781250 0.054687500 0.039062500 0.226562500 0.066406250 0.019531250 0.109375000 0.023437500 0.035156250 0.015625000 0.023437500 0.019531250 0.035156250 0.062500000 0.101562500 0.042968750 0.031250000 0.031250000 0.046875000 0.050781250 0.035156250 0.062500000 0.046875000 0.070312500 0.042968750 0.042968750 0.027343750 0.023437500 0.023437500 0.027343750 0.042968750 0.023437500 0.039062500 0.031250000 0.019531250 0.082031250 0.031250000 0.058593750 0.031250000 0.039062500 0.027343750 0.019531250 0.023437500 0.015625000 0.023437500 0.003906250 0.019531250 0.007812500 0.035156250 0.000000000 0.023437500 0.035156250 0.035156250 0.027343750 0.039062500 0.019531250 0.027343750 0.003906250 0.007812500 0.019531250 0.011718750 0.011718750 0.019531250 0.039062500 0.035156250 0.019531250 0.023437500 0.027343750 0.015625000 0.042968750 0.023437500 0.027343750 0.035156250 0.011718750 0.007812500 0.019531250 0.003906250 0.003906250 0.027343750 0.019531250 0.023437500 0.027343750 0.007812500 0.019531250 0.011718750 0.011718750 0.031250000 0.003906250 0.023437500 0.019531250 0.027343750 0.019531250 0.039062500 0.023437500 0.031250000 0.015625000 0.027343750 0.035156250 0.003906250 0.007812500 0.031250000 0.023437500 0.015625000 0.019531250 0.011718750 0.007812500 0.023437500 0.011718750 0.007812500 0.042968750 0.035156250 0.031250000 0.015625000 0.035156250 0.019531250 0.019531250 0.015625000 0.023437500 0.027343750 0.019531250 0.039062500 0.019531250 0.039062500 0.011718750 0.019531250 0.039062500 0.027343750 0.007812500 0.031250000 0.019531250 0.007812500 0.003906250 0.019531250 0.007812500 0.039062500 0.027343750 0.019531250 0.007812500 0.046875000 0.039062500 0.027343750 0.015625000 0.019531250 0.019531250 0.011718750 0.019531250 0.019531250 0.031250000 0.035156250 0.019531250 0.019531250 0.019531250 0.015625000 0.035156250 0.019531250 0.027343750 0.019531250 0.023437500 0.031250000 0.019531250 0.023437500 0.007812500 0.023437500 0.050781250 0.019531250 0.007812500 0.007812500 0.019531250 0.003906250 0.015625000 0.019531250 0.023437500 0.031250000 0.039062500 0.019531250 
0.207031250 0.199218750 0.425781250 1.007812500 3.656250000 0.546875000 0.925781250 0.652343750 0.468750000 0.769531250 0.472656250 0.300781250 0.187500000 0.273437500 0.625000000 0.175781250 0.066406250 0.238281250 0.078125000 0.125000000 0.121093750 0.070312500 0.035156250 0.050781250 0.007812500 0.015625000 0.023437500 0.023437500 0.046875000 0.050781250 0.062500000 0.093750000 0.035156250 0.058593750 0.062500000 0.035156250 0.058593750 0.027343750 0.070312500 0.109375000 0.140625000 0.015625000 0.074218750 0.074218750 0.023437500 0.058593750 0.027343750 0.023437500 0.031250000 0.015625000 0.015625000 0.015625000 0.015625000 0.007812500 0.027343750 0.050781250 0.015625000 0.027343750 0.007812500 0.019531250 0.035156250 0.054687500 0.027343750 0.019531250 0.027343750 0.019531250 0.019531250 0.015625000 0.035156250 0.027343750 0.011718750 0.023437500 0.023437500 0.035156250 0.015625000 0.039062500 0.023437500 0.023437500 0.058593750 0.054687500 0.050781250 0.011718750 0.136718750 0.039062500 0.121093750 0.171875000 0.039062500 0.046875000 0.128906250 0.042968750 0.023437500 0.042968750 0.007812500 0.035156250 0.039062500 0.093750000 0.054687500 0.015625000 0.035156250 0.046875000 0.007812500 0.027343750 0.078125000 0.089843750 0.066406250 0.042968750 0.046875000 0.066406250 0.027343750 0.011718750 0.015625000 0.023437500 0.039062500 0.042968750 0.031250000 0.007812500 0.015625000 0.050781250 0.078125000 0.011718750 0.019531250 0.042968750 0.007812500 0.011718750 0.023437500 0.015625000 0.019531250 0.003906250 0.019531250 0.035156250 0.023437500 0.027343750 0.046875000 0.007812500 0.003906250 0.007812500 0.042968750 0.031250000 0.019531250 0.015625000 0.023437500 0.007812500 0.031250000 0.007812500 0.019531250 0.039062500 0.039062500 0.015625000 0.019531250 0.042968750 0.015625000 0.031250000 0.031250000 0.035156250 0.015625000 0.011718750 0.003906250 0.015625000 0.011718750 0.007812500 0.027343750 0.035156250 0.011718750 0.019531250 0.015625000 0.023437500 0.027343750 0.007812500 0.039062500 0.015625000 0.035156250 0.023437500 0.042968750 0.011718750 0.011718750 0.035156250 0.023437500 0.007812500 0.039062500 0.023437500 0.011718750 0.015625000 0.031250000 0.019531250 0.011718750 0.023437500 0.003906250 0.015625000 0.007812500 0.011718750 0.015625000 0.023437500 0.007812500 0.046875000 0.015625000 0.027343750 0.046875000 0.027343750 0.003906250 0.035156250 0.007812500 0.015625000 0.015625000 0.019531250 0.046875000 0.023437500 0.015625000 0.031250000 0.023437500 0.007812500 0.015625000 0.027343750 0.007812500 0.000000000 0.031250000 0.027343750 0.023437500 0.023437500 0.027343750 0.027343750 0.019531250 0.046875000 0.031250000 0.011718750 0.011718750 0.023437500 0.019531250 0.015625000 0.019531250 0.011718750 0.019531250 0.023437500 0.027343750 0.011718750 0.035156250 0.015625000 0.011718750 0.023437500 0.046875000 0.011718750 0.011718750 0.027343750 0.019531250 0.007812500 0.019531250 0.046875000 0.003906250 0.015625000 0.000000000 0.023437500 0.011718750 0.023437500 0.015625000 0.027343750 0.019531250 0.039062500 0.003906250 
0.253906250 0.332031250 0.468750000 0.628906250 3.070312500 0.562500000 0.945312500 0.437500000 0.378906250 0.492187500 0.160156250 0.292968750 0.097656250 0.156250000 0.621093750 0.093750000 0.199218750 0.199218750 0.046875000 0.074218750 0.140625000 0.007812500 0.046875000 0.027343750 0.050781250 0.019531250 0.046875000 0.023437500 0.011718750 0.062500000 0.089843750 0.027343750 0.089843750 0.132812500 0.031250000 0.035156250 0.027343750 0.023437500 0.058593750 0.148437500 0.054687500 0.062500000 0.078125000 0.105468750 0.007812500 0.058593750 0.019531250 0.031250000 0.023437500 0.035156250 0.027343750 0.007812500 0.019531250 0.015625000 0.007812500 0.042968750 0.007812500 0.027343750 0.019531250 0.054687500 0.015625000 0.031250000 0.023437500 0.027343750 0.011718750 0.023437500 0.007812500 0.011718750 0.031250000 0.042968750 0.019531250 0.019531250 0.011718750 0.003906250 0.058593750 0.039062500 0.031250000 0.007812500 0.058593750 0.031250000 0.035156250 0.039062500 0.101562500 0.042968750 0.144531250 0.117187500 0.007812500 0.035156250 0.089843750 0.003906250 0.039062500 0.039062500 0.019531250 0.050781250 0.035156250 0.089843750 0.062500000 0.023437500 0.042968750 0.035156250 0.031250000 0.031250000 0.054687500 0.082031250 0.062500000 0.011718750 0.023437500 0.031250000 0.007812500 0.007812500 0.003906250 0.031250000 0.027343750 0.027343750 0.035156250 0.023437500 0.039062500 0.039062500 0.039062500 0.031250000 0.027343750 0.015625000 0.035156250 0.003906250 0.023437500 0.015625000 0.003906250 0.015625000 0.035156250 0.019531250 0.015625000 0.042968750 0.042968750 0.019531250 0.019531250 0.015625000 0.050781250 0.027343750 0.023437500 0.011718750 0.023437500 0.003906250 0.015625000 0.023437500 0.007812500 0.031250000 0.035156250 0.003906250 0.019531250 0.023437500 0.023437500 0.031250000 0.019531250 0.054687500 0.027343750 0.007812500 0.031250000 0.023437500 0.019531250 0.015625000 0.015625000 0.035156250 0.003906250 0.019531250 0.039062500 0.007812500 0.035156250 0.007812500 0.027343750 0.035156250 0.035156250 0.015625000 0.042968750 0.011718750 0.019531250 0.023437500 0.035156250 0.046875000 0.031250000 0.007812500 0.027343750 0.015625000 0.015625000 0.003906250 0.003906250 0.027343750 0.007812500 0.011718750 0.011718750 0.011718750 0.015625000 0.039062500 0.011718750 0.031250000 0.035156250 0.011718750 0.023437500 0.046875000 0.023437500 0.015625000 0.023437500 0.015625000 0.015625000 0.015625000 0.027343750 0.015625000 0.031250000 0.046875000 0.031250000 0.027343750 0.007812500 0.023437500 0.015625000 0.007812500 0.046875000 0.015625000 0.015625000 0.007812500 0.027343750 0.035156250 0.007812500 0.066406250 0.023437500 0.015625000 0.011718750 0.015625000 0.027343750 0.011718750 0.019531250 0.019531250 0.015625000 0.039062500 0.015625000 0.011718750 0.027343750 0.003906250 0.011718750 0.035156250 0.011718750 0.042968750 0.019531250 0.019531250 0.027343750 0.011718750 0.003906250 0.039062500 0.011718750 0.011718750 0.003906250 0.019531250 0.019531250 0.031250000 0.023437500 0.023437500 0.015625000 0.039062500 0.003906250 
0.132812500 0.097656250 0.187500000 0.152343750 2.593750000 1.058593750 0.820312500 0.386718750 0.175781250 0.488281250 0.250000000 0.121093750 0.203125000 0.097656250 0.542968750 0.253906250 0.093750000 0.183593750 0.066406250 0.105468750 0.128906250 0.050781250 0.085937500 0.050781250 0.031250000 0.082031250 0.019531250 0.027343750 0.074218750 0.023437500 0.074218750 0.093750000 0.042968750 0.113281250 0.050781250 0.035156250 0.054687500 0.023437500 0.031250000 0.089843750 0.042968750 0.039062500 0.144531250 0.039062500 0.097656250 0.015625000 0.039062500 0.035156250 0.023437500 0.015625000 0.046875000 0.011718750 0.007812500 0.031250000 0.015625000 0.035156250 0.019531250 0.035156250 0.023437500 0.058593750 0.011718750 0.019531250 0.007812500 0.015625000 0.015625000 0.011718750 0.027343750 0.027343750 0.019531250 0.035156250 0.027343750 0.027343750 0.015625000 0.023437500 0.039062500 0.070312500 0.035156250 0.019531250 0.042968750 0.035156250 0.058593750 0.011718750 0.039062500 0.058593750 0.050781250 0.050781250 0.046875000 0.070312500 0.054687500 0.058593750 0.039062500 0.019531250 0.031250000 0.042968750 0.058593750 0.039062500 0.019531250 0.031250000 0.027343750 0.027343750 0.042968750 0.039062500 0.054687500 0.050781250 0.089843750 0.007812500 0.019531250 0.011718750 0.023437500 0.015625000 0.003906250 0.015625000 0.035156250 0.027343750 0.035156250 0.042968750 0.003906250 0.039062500 0.003906250 0.023437500 0.015625000 0.027343750 0.035156250 0.023437500 0.039062500 0.015625000 0.019531250 0.007812500 0.042968750 0.023437500 0.035156250 0.031250000 0.031250000 0.035156250 0.015625000 0.023437500 0.035156250 0.019531250 0.015625000 0.015625000 0.011718750 0.011718750 0.003906250 0.015625000 0.023437500 0.027343750 0.011718750 0.019531250 0.023437500 0.019531250 0.015625000 0.027343750 0.003906250 0.031250000 0.027343750 0.015625000 0.023437500 0.035156250 0.019531250 0.015625000 0.023437500 0.027343750 0.019531250 0.007812500 0.027343750 0.007812500 0.039062500 0.011718750 0.011718750 0.039062500 0.035156250 0.023437500 0.027343750 0.011718750 0.011718750 0.011718750 0.035156250 0.019531250 0.003906250 0.023437500 0.019531250 0.011718750 0.019531250 0.019531250 0.019531250 0.039062500 0.007812500 0.011718750 0.019531250 0.003906250 0.015625000 0.011718750 0.031250000 0.015625000 0.023437500 0.023437500 0.023437500 0.042968750 0.019531250 0.023437500 0.035156250 0.011718750 0.003906250 0.023437500 0.027343750 0.031250000 0.011718750 0.027343750 0.031250000 0.019531250 0.011718750 0.011718750 0.015625000 0.011718750 0.042968750 0.015625000 0.003906250 0.015625000 0.003906250 0.019531250 0.035156250 0.039062500 0.015625000 0.003906250 0.011718750 0.003906250 0.027343750 0.019531250 0.015625000 0.011718750 0.027343750 0.011718750 0.019531250 0.019531250 0.019531250 0.007812500 0.011718750 0.039062500 0.019531250 0.035156250 0.023437500 0.019531250 0.031250000 0.007812500 0.023437500 0.031250000 0.011718750 0.011718750 0.019531250 0.011718750 0.019531250 0.023437500 0.019531250 0.027343750 0.007812500 0.035156250 0.000000000 
0.214843750 0.199218750 0.140625000 0.148437500 2.593750000 0.816406250 0.675781250 0.570312500 0.300781250 0.359375000 0.140625000 0.140625000 0.175781250 0.238281250 0.339843750 0.093750000 0.152343750 0.222656250 0.074218750 0.062500000 0.058593750 0.125000000 0.027343750 0.023437500 0.035156250 0.011718750 0.031250000 0.031250000 0.023437500 0.078125000 0.085937500 0.128906250 0.027343750 0.085937500 0.062500000 0.042968750 0.039062500 0.007812500 0.066406250 0.054687500 0.093750000 0.089843750 0.097656250 0.011718750 0.105468750 0.023437500 0.011718750 0.054687500 0.015625000 0.015625000 0.027343750 0.031250000 0.015625000 0.027343750 0.027343750 0.003906250 0.015625000 0.031250000 0.023437500 0.031250000 0.027343750 0.011718750 0.031250000 0.039062500 0.039062500 0.023437500 0.031250000 0.011718750 0.003906250 0.027343750 0.039062500 0.019531250 0.011718750 0.039062500 0.035156250 0.070312500 0.011718750 0.031250000 0.011718750 0.019531250 0.042968750 0.027343750 0.019531250 0.015625000 0.027343750 0.011718750 0.011718750 0.089843750 0.011718750 0.007812500 0.023437500 0.019531250 0.011718750 0.054687500 0.042968750 0.027343750 0.023437500 0.031250000 0.019531250 0.015625000 0.027343750 0.015625000 0.031250000 0.031250000 0.066406250 0.027343750 0.007812500 0.000000000 0.015625000 0.027343750 0.015625000 0.011718750 0.035156250 0.019531250 0.000000000 0.011718750 0.015625000 0.023437500 0.031250000 0.019531250 0.019531250 0.039062500 0.023437500 0.015625000 0.019531250 0.035156250 0.015625000 0.019531250 0.019531250 0.011718750 0.015625000 0.011718750 0.027343750 0.039062500 0.015625000 0.035156250 0.027343750 0.023437500 0.011718750 0.027343750 0.011718750 0.011718750 0.007812500 0.007812500 0.019531250 0.007812500 0.023437500 0.007812500 0.011718750 0.003906250 0.011718750 0.015625000 0.015625000 0.042968750 0.019531250 0.019531250 0.023437500 0.027343750 0.023437500 0.011718750 0.011718750 0.015625000 0.019531250 0.007812500 0.027343750 0.015625000 0.023437500 0.007812500 0.015625000 0.019531250 0.007812500 0.007812500 0.011718750 0.007812500 0.003906250 0.011718750 0.039062500 0.007812500 0.015625000 0.019531250 0.019531250 0.019531250 0.015625000 0.019531250 0.011718750 0.019531250 0.027343750 0.000000000 0.019531250 0.003906250 0.023437500 0.015625000 0.011718750 0.011718750 0.027343750 0.003906250 0.003906250 0.019531250 0.015625000 0.023437500 0.023437500 0.023437500 0.011718750 0.011718750 0.023437500 0.007812500 0.015625000 0.035156250 0.015625000 0.023437500 0.007812500 0.011718750 0.011718750 0.007812500 0.027343750 0.015625000 0.003906250 0.023437500 0.015625000 0.015625000 0.027343750 0.023437500 0.027343750 0.000000000 0.019531250 0.011718750 0.015625000 0.011718750 0.015625000 0.027343750 0.019531250 0.007812500 0.015625000 0.007812500 0.027343750 0.007812500 0.015625000 0.015625000 0.011718750 0.019531250 0.031250000 0.011718750 0.019531250 0.015625000 0.027343750 0.027343750 0.003906250 0.015625000 0.003906250 0.007812500 0.007812500 0.023437500 0.027343750 0.023437500 0.007812500 0.031250000 0.011718750 
0.082031250 0.191406250 0.082031250 0.054687500 2.210937500 0.394531250 0.300781250 0.312500000 0.234375000 0.375000000 0.050781250 0.121093750 0.156250000 0.183593750 0.289062500 0.128906250 0.089843750 0.105468750 0.121093750 0.078125000 0.105468750 0.101562500 0.011718750 0.058593750 0.011718750 0.019531250 0.019531250 0.007812500 0.023437500 0.058593750 0.078125000 0.070312500 0.074218750 0.050781250 0.046875000 0.019531250 0.007812500 0.039062500 0.062500000 0.046875000 0.089843750 0.054687500 0.089843750 0.050781250 0.078125000 0.046875000 0.015625000 0.062500000 0.019531250 0.007812500 0.007812500 0.015625000 0.039062500 0.019531250 0.019531250 0.019531250 0.011718750 0.035156250 0.011718750 0.023437500 0.007812500 0.023437500 0.050781250 0.027343750 0.023437500 0.007812500 0.058593750 0.023437500 0.015625000 0.027343750 0.039062500 0.054687500 0.062500000 0.027343750 0.050781250 0.050781250 0.015625000 0.035156250 0.011718750 0.023437500 0.023437500 0.039062500 0.007812500 0.031250000 0.027343750 0.015625000 0.019531250 0.062500000 0.031250000 0.019531250 0.003906250 0.042968750 0.019531250 0.039062500 0.027343750 0.023437500 0.007812500 0.031250000 0.019531250 0.023437500 0.023437500 0.019531250 0.035156250 0.015625000 0.046875000 0.015625000 0.019531250 0.015625000 0.019531250 0.007812500 0.027343750 0.042968750 0.015625000 0.027343750 0.000000000 0.011718750 0.015625000 0.015625000 0.027343750 0.015625000 0.011718750 0.023437500 0.023437500 0.031250000 0.015625000 0.023437500 0.023437500 0.027343750 0.019531250 0.019531250 0.015625000 0.007812500 0.035156250 0.019531250 0.039062500 0.023437500 0.007812500 0.019531250 0.023437500 0.011718750 0.003906250 0.007812500 0.007812500 0.003906250 0.011718750 0.015625000 0.015625000 0.011718750 0.007812500 0.011718750 0.003906250 0.031250000 0.023437500 0.035156250 0.019531250 0.007812500 0.003906250 0.003906250 0.007812500 0.023437500 0.023437500 0.011718750 0.015625000 0.015625000 0.011718750 0.007812500 0.023437500 0.011718750 0.011718750 0.003906250 0.011718750 0.015625000 0.011718750 0.011718750 0.015625000 0.007812500 0.023437500 0.011718750 0.019531250 0.019531250 0.015625000 0.019531250 0.027343750 0.011718750 0.019531250 0.011718750 0.019531250 0.011718750 0.023437500 0.007812500 0.007812500 0.019531250 0.011718750 0.007812500 0.015625000 0.003906250 0.007812500 0.015625000 0.007812500 0.023437500 0.007812500 0.023437500 0.011718750 0.011718750 0.000000000 0.015625000 0.007812500 0.027343750 0.015625000 0.015625000 0.007812500 0.011718750 0.011718750 0.019531250 0.015625000 0.011718750 0.007812500 0.023437500 0.007812500 0.007812500 0.015625000 0.015625000 0.007812500 0.015625000 0.007812500 0.019531250 0.007812500 0.011718750 0.015625000 0.015625000 0.007812500 0.003906250 0.015625000 0.003906250 0.023437500 0.007812500 0.019531250 0.019531250 0.015625000 0.007812500 0.011718750 0.011718750 0.019531250 0.007812500 0.031250000 0.023437500 0.003906250 0.023437500 0.003906250 0.007812500 0.003906250 0.011718750 0.015625000 0.011718750 0.011718750 0.023437500 0.003906250 
0.039062500 0.175781250 0.093750000 0.105468750 2.218750000 0.191406250 0.425781250 0.343750000 0.085937500 0.390625000 0.171875000 0.050781250 0.167968750 0.078125000 0.156250000 0.023437500 0.144531250 0.019531250 0.058593750 0.101562500 0.042968750 0.042968750 0.035156250 0.035156250 0.023437500 0.027343750 0.007812500 0.019531250 0.015625000 0.082031250 0.027343750 0.003906250 0.054687500 0.085937500 0.042968750 0.019531250 0.019531250 0.019531250 0.035156250 0.054687500 0.082031250 0.019531250 0.035156250 0.046875000 0.058593750 0.031250000 0.046875000 0.054687500 0.003906250 0.019531250 0.023437500 0.011718750 0.023437500 0.035156250 0.035156250 0.035156250 0.019531250 0.035156250 0.019531250 0.035156250 0.019531250 0.007812500 0.058593750 0.027343750 0.023437500 0.015625000 0.054687500 0.011718750 0.007812500 0.015625000 0.035156250 0.058593750 0.062500000 0.015625000 0.019531250 0.023437500 0.015625000 0.042968750 0.019531250 0.058593750 0.015625000 0.023437500 0.007812500 0.039062500 0.035156250 0.035156250 0.019531250 0.031250000 0.007812500 0.027343750 0.023437500 0.015625000 0.046875000 0.027343750 0.027343750 0.011718750 0.035156250 0.019531250 0.015625000 0.027343750 0.027343750 0.007812500 0.035156250 0.011718750 0.035156250 0.019531250 0.019531250 0.003906250 0.007812500 0.007812500 0.031250000 0.031250000 0.027343750 0.015625000 0.011718750 0.015625000 0.011718750 0.019531250 0.023437500 0.015625000 0.007812500 0.011718750 0.015625000 0.023437500 0.015625000 0.003906250 0.011718750 0.039062500 0.019531250 0.019531250 0.015625000 0.003906250 0.023437500 0.007812500 0.042968750 0.023437500 0.007812500 0.011718750 0.031250000 0.011718750 0.007812500 0.015625000 0.011718750 0.011718750 0.007812500 0.003906250 0.003906250 0.003906250 0.011718750 0.011718750 0.011718750 0.015625000 0.031250000 0.011718750 0.027343750 0.023437500 0.011718750 0.003906250 0.007812500 0.007812500 0.011718750 0.019531250 0.019531250 0.011718750 0.011718750 0.015625000 0.027343750 0.003906250 0.019531250 0.023437500 0.007812500 0.019531250 0.015625000 0.007812500 0.015625000 0.015625000 0.011718750 0.019531250 0.023437500 0.031250000 0.007812500 0.023437500 0.011718750 0.007812500 0.007812500 0.007812500 0.011718750 0.015625000 0.019531250 0.011718750 0.015625000 0.011718750 0.015625000 0.011718750 0.007812500 0.011718750 0.007812500 0.007812500 0.011718750 0.015625000 0.003906250 0.019531250 0.015625000 0.015625000 0.015625000 0.015625000 0.015625000 0.031250000 0.015625000 0.011718750 0.007812500 0.007812500 0.015625000 0.003906250 0.015625000 0.003906250 0.011718750 0.023437500 0.007812500 0.003906250 0.023437500 0.007812500 0.007812500 0.011718750 0.007812500 0.011718750 0.011718750 0.031250000 0.007812500 0.011718750 0.007812500 0.007812500 0.007812500 0.007812500 0.015625000 0.007812500 0.007812500 0.015625000 0.019531250 0.003906250 0.011718750 0.011718750 0.011718750 0.011718750 0.027343750 0.011718750 0.007812500 0.019531250 0.007812500 0.015625000 0.011718750 0.003906250 0.019531250 0.015625000 0.011718750 0.011718750 0.000000000 
0.035156250 0.136718750 0.234375000 0.308593750 2.175781250 0.316406250 0.386718750 0.421875000 0.058593750 0.203125000 0.125000000 0.203125000 0.097656250 0.148437500 0.070312500 0.046875000 0.132812500 0.042968750 0.058593750 0.070312500 0.089843750 0.035156250 0.046875000 0.015625000 0.023437500 0.085937500 0.035156250 0.027343750 0.085937500 0.070312500 0.046875000 0.023437500 0.031250000 0.074218750 0.066406250 0.035156250 0.066406250 0.035156250 0.074218750 0.019531250 0.074218750 0.023437500 0.046875000 0.074218750 0.039062500 0.011718750 0.042968750 0.035156250 0.003906250 0.003906250 0.031250000 0.015625000 0.015625000 0.035156250 0.046875000 0.031250000 0.042968750 0.027343750 0.058593750 0.011718750 0.042968750 0.031250000 0.035156250 0.019531250 0.007812500 0.015625000 0.039062500 0.011718750 0.019531250 0.015625000 0.027343750 0.062500000 0.054687500 0.035156250 0.007812500 0.042968750 0.019531250 0.046875000 0.031250000 0.050781250 0.019531250 0.023437500 0.007812500 0.027343750 0.054687500 0.042968750 0.035156250 0.015625000 0.027343750 0.011718750 0.027343750 0.019531250 0.039062500 0.015625000 0.011718750 0.027343750 0.015625000 0.023437500 0.023437500 0.035156250 0.042968750 0.023437500 0.031250000 0.019531250 0.023437500 0.019531250 0.027343750 0.003906250 0.007812500 0.019531250 0.035156250 0.015625000 0.035156250 0.015625000 0.007812500 0.023437500 0.027343750 0.023437500 0.031250000 0.007812500 0.023437500 0.003906250 0.015625000 0.011718750 0.011718750 0.015625000 0.007812500 0.023437500 0.027343750 0.007812500 0.007812500 0.011718750 0.027343750 0.019531250 0.031250000 0.015625000 0.019531250 0.023437500 0.031250000 0.027343750 0.011718750 0.015625000 0.003906250 0.007812500 0.011718750 0.003906250 0.015625000 0.019531250 0.003906250 0.007812500 0.011718750 0.011718750 0.019531250 0.019531250 0.031250000 0.011718750 0.019531250 0.023437500 0.007812500 0.015625000 0.015625000 0.023437500 0.023437500 0.007812500 0.011718750 0.003906250 0.023437500 0.015625000 0.027343750 0.023437500 0.003906250 0.023437500 0.015625000 0.015625000 0.031250000 0.015625000 0.019531250 0.007812500 0.015625000 0.035156250 0.011718750 0.019531250 0.011718750 0.011718750 0.011718750 0.007812500 0.007812500 0.019531250 0.019531250 0.011718750 0.011718750 0.011718750 0.007812500 0.003906250 0.007812500 0.015625000 0.015625000 0.007812500 0.007812500 0.019531250 0.011718750 0.023437500 0.015625000 0.023437500 0.003906250 0.015625000 0.019531250 0.027343750 0.007812500 0.011718750 0.007812500 0.011718750 0.011718750 0.011718750 0.003906250 0.007812500 0.007812500 0.023437500 0.015625000 0.015625000 0.003906250 0.019531250 0.019531250 0.003906250 0.007812500 0.011718750 0.011718750 0.015625000 0.023437500 0.019531250 0.007812500 0.011718750 0.007812500 0.007812500 0.011718750 0.003906250 0.015625000 0.015625000 0.011718750 0.003906250 0.015625000 0.011718750 0.003906250 0.015625000 0.023437500 0.015625000 0.003906250 0.003906250 0.019531250 0.011718750 0.003906250 0.003906250 0.011718750 0.003906250 0.023437500 0.011718750 0.019531250 
0.062500000 0.082031250 0.152343750 0.523437500 1.699218750 0.804687500 0.136718750 0.152343750 0.210937500 0.257812500 0.242187500 0.117187500 0.117187500 0.070312500 0.164062500 0.058593750 0.082031250 0.078125000 0.019531250 0.050781250 0.085937500 0.058593750 0.019531250 0.027343750 0.031250000 0.097656250 0.019531250 0.015625000 0.054687500 0.042968750 0.074218750 0.035156250 0.015625000 0.097656250 0.050781250 0.058593750 0.027343750 0.042968750 0.082031250 0.031250000 0.062500000 0.035156250 0.019531250 0.046875000 0.039062500 0.070312500 0.019531250 0.003906250 0.023437500 0.015625000 0.023437500 0.011718750 0.039062500 0.000000000 0.011718750 0.066406250 0.035156250 0.027343750 0.062500000 0.015625000 0.046875000 0.007812500 0.007812500 0.039062500 0.011718750 0.011718750 0.019531250 0.015625000 0.019531250 0.011718750 0.031250000 0.015625000 0.015625000 0.027343750 0.015625000 0.042968750 0.027343750 0.011718750 0.062500000 0.019531250 0.007812500 0.027343750 0.023437500 0.003906250 0.035156250 0.042968750 0.046875000 0.015625000 0.011718750 0.007812500 0.027343750 0.031250000 0.015625000 0.027343750 0.015625000 0.023437500 0.035156250 0.023437500 0.035156250 0.011718750 0.023437500 0.019531250 0.019531250 0.027343750 0.019531250 0.011718750 0.003906250 0.015625000 0.007812500 0.003906250 0.003906250 0.023437500 0.031250000 0.023437500 0.035156250 0.007812500 0.011718750 0.015625000 0.011718750 0.011718750 0.015625000 0.015625000 0.007812500 0.015625000 0.011718750 0.027343750 0.007812500 0.019531250 0.003906250 0.019531250 0.015625000 0.007812500 0.015625000 0.027343750 0.003906250 0.000000000 0.023437500 0.007812500 0.019531250 0.023437500 0.019531250 0.003906250 0.003906250 0.007812500 0.007812500 0.011718750 0.015625000 0.019531250 0.007812500 0.007812500 0.011718750 0.007812500 0.015625000 0.031250000 0.027343750 0.011718750 0.023437500 0.019531250 0.007812500 0.011718750 0.007812500 0.011718750 0.011718750 0.007812500 0.011718750 0.011718750 0.007812500 0.027343750 0.027343750 0.019531250 0.015625000 0.015625000 0.019531250 0.019531250 0.007812500 0.019531250 0.031250000 0.003906250 0.023437500 0.015625000 0.011718750 0.007812500 0.011718750 0.007812500 0.011718750 0.007812500 0.011718750 0.007812500 0.007812500 0.019531250 0.007812500 0.003906250 0.003906250 0.007812500 0.011718750 0.011718750 0.003906250 0.015625000 0.003906250 0.011718750 0.007812500 0.019531250 0.015625000 0.019531250 0.007812500 0.019531250 0.015625000 0.015625000 0.011718750 0.003906250 0.007812500 0.007812500 0.000000000 0.023437500 0.007812500 0.007812500 0.011718750 0.011718750 0.011718750 0.007812500 0.003906250 0.023437500 0.015625000 0.015625000 0.015625000 0.019531250 0.007812500 0.015625000 0.019531250 0.023437500 0.011718750 0.007812500 0.000000000 0.011718750 0.011718750 0.000000000 0.003906250 0.003906250 0.003906250 0.003906250 0.019531250 0.007812500 0.011718750 0.011718750 0.019531250 0.011718750 0.019531250 0.015625000 0.015625000 0.011718750 0.007812500 0.007812500 0.015625000 0.000000000 0.027343750 0.015625000 0.007812500 
0.117187500 0.171875000 0.199218750 0.128906250 1.230468750 0.628906250 0.218750000 0.171875000 0.210937500 0.437500000 0.253906250 0.152343750 0.121093750 0.078125000 0.066406250 0.085937500 0.074218750 0.031250000 0.050781250 0.011718750 0.070312500 0.070312500 0.007812500 0.046875000 0.062500000 0.050781250 0.074218750 0.050781250 0.074218750 0.039062500 0.042968750 0.093750000 0.078125000 0.062500000 0.050781250 0.039062500 0.035156250 0.031250000 0.089843750 0.023437500 0.062500000 0.027343750 0.031250000 0.054687500 0.062500000 0.042968750 0.042968750 0.031250000 0.007812500 0.027343750 0.003906250 0.031250000 0.050781250 0.046875000 0.050781250 0.015625000 0.031250000 0.074218750 0.042968750 0.019531250 0.054687500 0.011718750 0.023437500 0.054687500 0.027343750 0.027343750 0.011718750 0.011718750 0.019531250 0.031250000 0.035156250 0.023437500 0.023437500 0.023437500 0.003906250 0.046875000 0.015625000 0.011718750 0.039062500 0.019531250 0.023437500 0.019531250 0.011718750 0.019531250 0.019531250 0.031250000 0.039062500 0.027343750 0.011718750 0.023437500 0.035156250 0.023437500 0.011718750 0.027343750 0.023437500 0.007812500 0.007812500 0.019531250 0.039062500 0.027343750 0.011718750 0.019531250 0.035156250 0.011718750 0.027343750 0.003906250 0.007812500 0.019531250 0.011718750 0.007812500 0.011718750 0.019531250 0.031250000 0.003906250 0.046875000 0.011718750 0.015625000 0.007812500 0.023437500 0.003906250 0.011718750 0.011718750 0.015625000 0.007812500 0.015625000 0.011718750 0.007812500 0.011718750 0.003906250 0.023437500 0.003906250 0.003906250 0.019531250 0.023437500 0.007812500 0.007812500 0.015625000 0.015625000 0.007812500 0.019531250 0.019531250 0.003906250 0.003906250 0.015625000 0.015625000 0.003906250 0.003906250 0.027343750 0.003906250 0.007812500 0.015625000 0.039062500 0.015625000 0.011718750 0.015625000 0.011718750 0.015625000 0.019531250 0.011718750 0.011718750 0.011718750 0.015625000 0.007812500 0.019531250 0.007812500 0.011718750 0.015625000 0.027343750 0.015625000 0.007812500 0.003906250 0.011718750 0.019531250 0.015625000 0.015625000 0.031250000 0.015625000 0.007812500 0.015625000 0.011718750 0.007812500 0.011718750 0.003906250 0.011718750 0.007812500 0.003906250 0.003906250 0.003906250 0.011718750 0.015625000 0.011718750 0.011718750 0.003906250 0.007812500 0.007812500 0.015625000 0.007812500 0.015625000 0.007812500 0.007812500 0.023437500 0.003906250 0.011718750 0.007812500 0.011718750 0.015625000 0.011718750 0.011718750 0.011718750 0.015625000 0.007812500 0.015625000 0.023437500 0.023437500 0.015625000 0.015625000 0.007812500 0.011718750 0.007812500 0.003906250 0.011718750 0.019531250 0.011718750 0.015625000 0.011718750 0.011718750 0.011718750 0.007812500 0.011718750 0.019531250 0.015625000 0.007812500 0.011718750 0.003906250 0.015625000 0.007812500 0.003906250 0.011718750 0.007812500 0.007812500 0.015625000 0.007812500 0.003906250 0.011718750 0.007812500 0.015625000 0.019531250 0.015625000 0.019531250 0.007812500 0.003906250 0.003906250 0.015625000 0.007812500 0.019531250 0.019531250 0.015625000 
0.074218750 0.039062500 0.039062500 0.324218750 0.839843750 0.355468750 0.085937500 0.363281250 0.152343750 0.644531250 0.097656250 0.113281250 0.046875000 0.023437500 0.058593750 0.023437500 0.050781250 0.070312500 0.011718750 0.062500000 0.070312500 0.011718750 0.031250000 0.031250000 0.035156250 0.007812500 0.101562500 0.031250000 0.082031250 0.011718750 0.062500000 0.101562500 0.062500000 0.050781250 0.035156250 0.097656250 0.054687500 0.039062500 0.082031250 0.042968750 0.023437500 0.039062500 0.062500000 0.011718750 0.046875000 0.054687500 0.074218750 0.046875000 0.019531250 0.027343750 0.003906250 0.027343750 0.046875000 0.054687500 0.039062500 0.011718750 0.046875000 0.058593750 0.019531250 0.027343750 0.054687500 0.019531250 0.046875000 0.074218750 0.023437500 0.027343750 0.027343750 0.031250000 0.035156250 0.023437500 0.035156250 0.019531250 0.019531250 0.023437500 0.023437500 0.050781250 0.027343750 0.007812500 0.015625000 0.035156250 0.007812500 0.035156250 0.023437500 0.003906250 0.027343750 0.007812500 0.023437500 0.019531250 0.007812500 0.039062500 0.015625000 0.023437500 0.035156250 0.031250000 0.011718750 0.011718750 0.011718750 0.046875000 0.011718750 0.019531250 0.015625000 0.019531250 0.007812500 0.019531250 0.035156250 0.011718750 0.011718750 0.019531250 0.011718750 0.011718750 0.015625000 0.031250000 0.011718750 0.023437500 0.039062500 0.019531250 0.015625000 0.011718750 0.027343750 0.011718750 0.003906250 0.007812500 0.015625000 0.011718750 0.003906250 0.019531250 0.011718750 0.015625000 0.015625000 0.015625000 0.019531250 0.019531250 0.039062500 0.019531250 0.003906250 0.011718750 0.015625000 0.015625000 0.007812500 0.011718750 0.003906250 0.019531250 0.011718750 0.019531250 0.015625000 0.003906250 0.011718750 0.015625000 0.007812500 0.007812500 0.015625000 0.035156250 0.015625000 0.015625000 0.019531250 0.007812500 0.007812500 0.007812500 0.015625000 0.015625000 0.015625000 0.023437500 0.007812500 0.019531250 0.019531250 0.027343750 0.015625000 0.015625000 0.015625000 0.003906250 0.011718750 0.003906250 0.019531250 0.000000000 0.019531250 0.023437500 0.015625000 0.007812500 0.007812500 0.015625000 0.007812500 0.015625000 0.011718750 0.011718750 0.007812500 0.003906250 0.003906250 0.007812500 0.015625000 0.007812500 0.003906250 0.015625000 0.007812500 0.007812500 0.003906250 0.011718750 0.011718750 0.011718750 0.019531250 0.011718750 0.003906250 0.015625000 0.015625000 0.007812500 0.011718750 0.011718750 0.007812500 0.015625000 0.019531250 0.019531250 0.015625000 0.000000000 0.027343750 0.023437500 0.003906250 0.023437500 0.011718750 0.011718750 0.011718750 0.019531250 0.027343750 0.003906250 0.011718750 0.007812500 0.011718750 0.007812500 0.019531250 0.011718750 0.007812500 0.019531250 0.019531250 0.000000000 0.007812500 0.007812500 0.015625000 0.011718750 0.000000000 0.011718750 0.007812500 0.007812500 0.007812500 0.007812500 0.003906250 0.011718750 0.003906250 0.011718750 0.019531250 0.011718750 0.019531250 0.007812500 0.011718750 0.011718750 0.007812500 0.007812500 0.011718750 0.011718750 0.003906250 
0.023437500 0.078125000 0.121093750 0.144531250 0.867187500 0.207031250 0.296875000 0.265625000 0.246093750 0.480468750 0.257812500 0.097656250 0.097656250 0.097656250 0.136718750 0.054687500 0.062500000 0.054687500 0.027343750 0.042968750 0.105468750 0.039062500 0.015625000 0.011718750 0.019531250 0.035156250 0.054687500 0.058593750 0.042968750 0.054687500 0.031250000 0.128906250 0.050781250 0.082031250 0.046875000 0.062500000 0.121093750 0.031250000 0.027343750 0.015625000 0.031250000 0.015625000 0.089843750 0.027343750 0.066406250 0.031250000 0.046875000 0.085937500 0.031250000 0.023437500 0.039062500 0.062500000 0.023437500 0.039062500 0.039062500 0.042968750 0.046875000 0.050781250 0.007812500 0.007812500 0.023437500 0.054687500 0.023437500 0.082031250 0.023437500 0.031250000 0.031250000 0.031250000 0.023437500 0.023437500 0.039062500 0.015625000 0.019531250 0.019531250 0.035156250 0.042968750 0.023437500 0.011718750 0.011718750 0.031250000 0.015625000 0.027343750 0.019531250 0.015625000 0.019531250 0.039062500 0.019531250 0.019531250 0.007812500 0.035156250 0.007812500 0.023437500 0.031250000 0.035156250 0.019531250 0.007812500 0.011718750 0.042968750 0.015625000 0.003906250 0.019531250 0.023437500 0.007812500 0.015625000 0.027343750 0.027343750 0.003906250 0.015625000 0.019531250 0.007812500 0.039062500 0.007812500 0.003906250 0.015625000 0.035156250 0.023437500 0.015625000 0.027343750 0.015625000 0.019531250 0.007812500 0.003906250 0.011718750 0.011718750 0.007812500 0.023437500 0.015625000 0.011718750 0.015625000 0.007812500 0.027343750 0.023437500 0.019531250 0.027343750 0.007812500 0.011718750 0.023437500 0.011718750 0.007812500 0.019531250 0.015625000 0.011718750 0.015625000 0.011718750 0.007812500 0.007812500 0.003906250 0.015625000 0.007812500 0.003906250 0.019531250 0.031250000 0.015625000 0.015625000 0.011718750 0.007812500 0.011718750 0.011718750 0.027343750 0.003906250 0.003906250 0.011718750 0.003906250 0.019531250 0.023437500 0.019531250 0.027343750 0.003906250 0.015625000 0.015625000 0.007812500 0.003906250 0.015625000 0.007812500 0.007812500 0.031250000 0.007812500 0.007812500 0.007812500 0.015625000 0.003906250 0.019531250 0.003906250 0.003906250 0.003906250 0.007812500 0.003906250 0.007812500 0.011718750 0.011718750 0.019531250 0.007812500 0.015625000 0.015625000 0.015625000 0.015625000 0.007812500 0.019531250 0.007812500 0.015625000 0.011718750 0.011718750 0.011718750 0.003906250 0.007812500 0.011718750 0.011718750 0.011718750 0.027343750 0.015625000 0.000000000 0.007812500 0.023437500 0.031250000 0.019531250 0.000000000 0.011718750 0.007812500 0.011718750 0.015625000 0.027343750 0.011718750 0.007812500 0.000000000 0.011718750 0.011718750 0.007812500 0.007812500 0.011718750 0.011718750 0.003906250 0.011718750 0.011718750 0.007812500 0.011718750 0.019531250 0.007812500 0.011718750 0.011718750 0.011718750 0.007812500 0.011718750 0.015625000 0.003906250 0.007812500 0.003906250 0.015625000 0.007812500 0.019531250 0.007812500 0.007812500 0.007812500 0.003906250 0.003906250 0.011718750 0.007812500 0.023437500 
0.003906250 0.156250000 0.070312500 0.031250000 0.777343750 0.140625000 0.148437500 0.328125000 0.316406250 0.218750000 0.363281250 0.101562500 0.082031250 0.074218750 0.089843750 0.019531250 0.050781250 0.078125000 0.042968750 0.039062500 0.050781250 0.082031250 0.019531250 0.023437500 0.023437500 0.015625000 0.031250000 0.039062500 0.042968750 0.019531250 0.031250000 0.082031250 0.082031250 0.062500000 0.062500000 0.085937500 0.078125000 0.066406250 0.031250000 0.058593750 0.035156250 0.035156250 0.085937500 0.054687500 0.046875000 0.031250000 0.042968750 0.093750000 0.011718750 0.062500000 0.054687500 0.039062500 0.031250000 0.007812500 0.011718750 0.007812500 0.046875000 0.027343750 0.015625000 0.011718750 0.019531250 0.054687500 0.023437500 0.066406250 0.039062500 0.031250000 0.042968750 0.058593750 0.007812500 0.035156250 0.003906250 0.015625000 0.031250000 0.027343750 0.039062500 0.046875000 0.023437500 0.019531250 0.031250000 0.031250000 0.019531250 0.019531250 0.035156250 0.027343750 0.011718750 0.023437500 0.027343750 0.011718750 0.031250000 0.019531250 0.011718750 0.031250000 0.011718750 0.019531250 0.027343750 0.023437500 0.015625000 0.050781250 0.019531250 0.027343750 0.023437500 0.011718750 0.003906250 0.042968750 0.023437500 0.019531250 0.007812500 0.003906250 0.015625000 0.023437500 0.027343750 0.019531250 0.011718750 0.015625000 0.031250000 0.015625000 0.007812500 0.023437500 0.011718750 0.023437500 0.011718750 0.003906250 0.015625000 0.011718750 0.007812500 0.015625000 0.019531250 0.003906250 0.007812500 0.015625000 0.023437500 0.031250000 0.015625000 0.031250000 0.011718750 0.003906250 0.023437500 0.011718750 0.011718750 0.011718750 0.003906250 0.003906250 0.027343750 0.003906250 0.011718750 0.003906250 0.007812500 0.023437500 0.015625000 0.007812500 0.007812500 0.011718750 0.000000000 0.011718750 0.015625000 0.007812500 0.015625000 0.019531250 0.015625000 0.011718750 0.007812500 0.007812500 0.011718750 0.015625000 0.023437500 0.019531250 0.015625000 0.019531250 0.011718750 0.007812500 0.003906250 0.007812500 0.015625000 0.011718750 0.007812500 0.019531250 0.019531250 0.007812500 0.003906250 0.011718750 0.007812500 0.015625000 0.007812500 0.007812500 0.003906250 0.007812500 0.003906250 0.003906250 0.015625000 0.015625000 0.011718750 0.011718750 0.015625000 0.011718750 0.015625000 0.011718750 0.003906250 0.019531250 0.007812500 0.011718750 0.019531250 0.003906250 0.007812500 0.007812500 0.007812500 0.011718750 0.011718750 0.011718750 0.023437500 0.023437500 0.007812500 0.011718750 0.007812500 0.023437500 0.007812500 0.007812500 0.007812500 0.011718750 0.019531250 0.023437500 0.023437500 0.015625000 0.011718750 0.007812500 0.007812500 0.011718750 0.007812500 0.011718750 0.007812500 0.007812500 0.011718750 0.007812500 0.015625000 0.015625000 0.007812500 0.019531250 0.011718750 0.003906250 0.000000000 0.015625000 0.007812500 0.015625000 0.003906250 0.015625000 0.007812500 0.007812500 0.019531250 0.011718750 0.007812500 0.011718750 0.007812500 0.011718750 0.011718750 0.007812500 0.011718750 0.015625000 0.011718750 
0.109375000 0.113281250 0.042968750 0.242187500 0.835937500 0.046875000 0.160156250 0.152343750 0.250000000 0.515625000 0.082031250 0.097656250 0.093750000 0.085937500 0.125000000 0.082031250 0.101562500 0.027343750 0.027343750 0.035156250 0.054687500 0.035156250 0.078125000 0.042968750 0.046875000 0.019531250 0.027343750 0.035156250 0.035156250 0.035156250 0.078125000 0.074218750 0.046875000 0.027343750 0.054687500 0.070312500 0.042968750 0.054687500 0.039062500 0.089843750 0.019531250 0.007812500 0.074218750 0.062500000 0.023437500 0.031250000 0.027343750 0.062500000 0.015625000 0.066406250 0.062500000 0.007812500 0.058593750 0.011718750 0.031250000 0.042968750 0.027343750 0.031250000 0.023437500 0.003906250 0.035156250 0.027343750 0.023437500 0.019531250 0.003906250 0.035156250 0.031250000 0.023437500 0.046875000 0.031250000 0.015625000 0.035156250 0.058593750 0.023437500 0.019531250 0.046875000 0.019531250 0.015625000 0.042968750 0.027343750 0.015625000 0.023437500 0.003906250 0.023437500 0.019531250 0.000000000 0.050781250 0.007812500 0.031250000 0.019531250 0.023437500 0.015625000 0.015625000 0.011718750 0.011718750 0.031250000 0.027343750 0.027343750 0.023437500 0.011718750 0.015625000 0.003906250 0.015625000 0.019531250 0.019531250 0.027343750 0.007812500 0.011718750 0.007812500 0.031250000 0.003906250 0.035156250 0.007812500 0.015625000 0.011718750 0.019531250 0.019531250 0.015625000 0.007812500 0.015625000 0.007812500 0.007812500 0.007812500 0.027343750 0.011718750 0.019531250 0.027343750 0.011718750 0.011718750 0.015625000 0.023437500 0.015625000 0.011718750 0.019531250 0.015625000 0.023437500 0.007812500 0.007812500 0.007812500 0.007812500 0.011718750 0.007812500 0.019531250 0.007812500 0.011718750 0.007812500 0.011718750 0.003906250 0.015625000 0.003906250 0.007812500 0.011718750 0.023437500 0.015625000 0.023437500 0.011718750 0.011718750 0.011718750 0.011718750 0.019531250 0.019531250 0.003906250 0.007812500 0.007812500 0.007812500 0.011718750 0.015625000 0.011718750 0.015625000 0.007812500 0.015625000 0.003906250 0.003906250 0.019531250 0.007812500 0.027343750 0.007812500 0.015625000 0.011718750 0.007812500 0.007812500 0.007812500 0.015625000 0.003906250 0.015625000 0.015625000 0.011718750 0.011718750 0.015625000 0.011718750 0.003906250 0.023437500 0.007812500 0.019531250 0.015625000 0.011718750 0.007812500 0.003906250 0.003906250 0.011718750 0.011718750 0.007812500 0.003906250 0.011718750 0.011718750 0.007812500 0.011718750 0.007812500 0.000000000 0.007812500 0.015625000 0.007812500 0.003906250 0.011718750 0.011718750 0.003906250 0.011718750 0.007812500 0.007812500 0.015625000 0.003906250 0.015625000 0.015625000 0.003906250 0.000000000 0.011718750 0.015625000 0.015625000 0.015625000 0.007812500 0.007812500 0.003906250 0.019531250 0.011718750 0.015625000 0.015625000 0.003906250 0.003906250 0.007812500 0.023437500 0.011718750 0.027343750 0.015625000 0.007812500 0.007812500 0.007812500 0.007812500 0.023437500 0.003906250 0.003906250 0.007812500 0.011718750 0.003906250 0.011718750 0.003906250 0.027343750 0.007812500 
0.109375000 0.093750000 0.062500000 0.339843750 1.011718750 0.167968750 0.105468750 0.050781250 0.121093750 0.753906250 0.199218750 0.121093750 0.066406250 0.046875000 0.128906250 0.035156250 0.050781250 0.058593750 0.070312500 0.050781250 0.031250000 0.031250000 0.023437500 0.074218750 0.058593750 0.023437500 0.042968750 0.039062500 0.031250000 0.039062500 0.050781250 0.031250000 0.027343750 0.042968750 0.050781250 0.031250000 0.019531250 0.035156250 0.054687500 0.070312500 0.058593750 0.031250000 0.050781250 0.046875000 0.035156250 0.019531250 0.015625000 0.042968750 0.066406250 0.070312500 0.054687500 0.039062500 0.035156250 0.015625000 0.050781250 0.015625000 0.054687500 0.035156250 0.019531250 0.011718750 0.023437500 0.019531250 0.011718750 0.019531250 0.003906250 0.039062500 0.039062500 0.050781250 0.019531250 0.007812500 0.035156250 0.019531250 0.058593750 0.019531250 0.023437500 0.023437500 0.039062500 0.007812500 0.031250000 0.046875000 0.027343750 0.019531250 0.003906250 0.019531250 0.023437500 0.011718750 0.035156250 0.015625000 0.031250000 0.019531250 0.007812500 0.015625000 0.015625000 0.035156250 0.015625000 0.023437500 0.035156250 0.007812500 0.031250000 0.015625000 0.015625000 0.007812500 0.003906250 0.011718750 0.039062500 0.003906250 0.007812500 0.015625000 0.015625000 0.015625000 0.031250000 0.015625000 0.027343750 0.015625000 0.015625000 0.019531250 0.023437500 0.011718750 0.023437500 0.023437500 0.003906250 0.007812500 0.011718750 0.019531250 0.019531250 0.000000000 0.011718750 0.003906250 0.007812500 0.027343750 0.015625000 0.003906250 0.007812500 0.003906250 0.011718750 0.019531250 0.027343750 0.019531250 0.015625000 0.011718750 0.007812500 0.019531250 0.011718750 0.011718750 0.011718750 0.019531250 0.007812500 0.007812500 0.003906250 0.023437500 0.015625000 0.031250000 0.019531250 0.011718750 0.007812500 0.031250000 0.011718750 0.003906250 0.011718750 0.023437500 0.011718750 0.015625000 0.007812500 0.003906250 0.015625000 0.011718750 0.003906250 0.003906250 0.027343750 0.011718750 0.007812500 0.011718750 0.007812500 0.007812500 0.023437500 0.011718750 0.003906250 0.023437500 0.011718750 0.007812500 0.003906250 0.007812500 0.011718750 0.007812500 0.011718750 0.015625000 0.003906250 0.011718750 0.011718750 0.007812500 0.011718750 0.019531250 0.003906250 0.019531250 0.007812500 0.011718750 0.007812500 0.007812500 0.003906250 0.011718750 0.015625000 0.011718750 0.003906250 0.019531250 0.011718750 0.007812500 0.003906250 0.007812500 0.011718750 0.011718750 0.011718750 0.003906250 0.003906250 0.003906250 0.015625000 0.011718750 0.019531250 0.015625000 0.007812500 0.007812500 0.011718750 0.003906250 0.015625000 0.011718750 0.011718750 0.000000000 0.015625000 0.007812500 0.007812500 0.007812500 0.007812500 0.011718750 0.019531250 0.011718750 0.023437500 0.015625000 0.011718750 0.007812500 0.007812500 0.015625000 0.031250000 0.015625000 0.011718750 0.011718750 0.003906250 0.003906250 0.007812500 0.019531250 0.003906250 0.007812500 0.015625000 0.003906250 0.007812500 0.007812500 0.019531250 0.003906250 0.031250000 
0.156250000 0.019531250 0.160156250 0.136718750 1.199218750 0.191406250 0.257812500 0.125000000 0.089843750 0.695312500 0.250000000 0.226562500 0.035156250 0.085937500 0.062500000 0.121093750 0.015625000 0.062500000 0.121093750 0.023437500 0.050781250 0.039062500 0.023437500 0.097656250 0.015625000 0.035156250 0.015625000 0.027343750 0.023437500 0.042968750 0.039062500 0.039062500 0.023437500 0.007812500 0.042968750 0.007812500 0.035156250 0.011718750 0.042968750 0.042968750 0.066406250 0.035156250 0.062500000 0.015625000 0.082031250 0.031250000 0.035156250 0.011718750 0.042968750 0.082031250 0.039062500 0.015625000 0.046875000 0.019531250 0.035156250 0.011718750 0.066406250 0.046875000 0.042968750 0.027343750 0.015625000 0.023437500 0.031250000 0.027343750 0.003906250 0.035156250 0.050781250 0.023437500 0.031250000 0.011718750 0.039062500 0.039062500 0.058593750 0.003906250 0.015625000 0.015625000 0.035156250 0.019531250 0.007812500 0.027343750 0.035156250 0.023437500 0.015625000 0.015625000 0.019531250 0.015625000 0.046875000 0.007812500 0.027343750 0.019531250 0.000000000 0.023437500 0.015625000 0.039062500 0.019531250 0.031250000 0.027343750 0.007812500 0.023437500 0.019531250 0.015625000 0.019531250 0.007812500 0.003906250 0.039062500 0.003906250 0.007812500 0.011718750 0.031250000 0.003906250 0.011718750 0.035156250 0.039062500 0.011718750 0.011718750 0.015625000 0.023437500 0.003906250 0.035156250 0.007812500 0.015625000 0.011718750 0.000000000 0.015625000 0.027343750 0.003906250 0.007812500 0.007812500 0.011718750 0.019531250 0.015625000 0.003906250 0.003906250 0.007812500 0.007812500 0.015625000 0.019531250 0.023437500 0.011718750 0.015625000 0.015625000 0.011718750 0.011718750 0.011718750 0.019531250 0.011718750 0.007812500 0.011718750 0.019531250 0.011718750 0.015625000 0.027343750 0.019531250 0.019531250 0.011718750 0.015625000 0.015625000 0.007812500 0.019531250 0.011718750 0.015625000 0.027343750 0.011718750 0.003906250 0.011718750 0.011718750 0.003906250 0.019531250 0.011718750 0.015625000 0.011718750 0.011718750 0.007812500 0.007812500 0.023437500 0.011718750 0.011718750 0.011718750 0.023437500 0.007812500 0.003906250 0.003906250 0.015625000 0.011718750 0.000000000 0.023437500 0.007812500 0.007812500 0.011718750 0.015625000 0.003906250 0.011718750 0.011718750 0.019531250 0.003906250 0.007812500 0.011718750 0.007812500 0.011718750 0.003906250 0.011718750 0.003906250 0.007812500 0.019531250 0.015625000 0.003906250 0.003906250 0.011718750 0.011718750 0.015625000 0.011718750 0.011718750 0.011718750 0.007812500 0.015625000 0.007812500 0.015625000 0.011718750 0.011718750 0.007812500 0.011718750 0.003906250 0.003906250 0.015625000 0.003906250 0.011718750 0.011718750 0.003906250 0.015625000 0.007812500 0.015625000 0.007812500 0.011718750 0.011718750 0.027343750 0.003906250 0.023437500 0.003906250 0.007812500 0.015625000 0.035156250 0.015625000 0.007812500 0.011718750 0.003906250 0.000000000 0.007812500 0.019531250 0.003906250 0.003906250 0.007812500 0.007812500 0.011718750 0.003906250 0.015625000 0.003906250 0.031250000 
0.105468750 0.074218750 0.222656250 0.226562500 1.179687500 0.375000000 0.136718750 0.222656250 0.164062500 0.425781250 0.253906250 0.277343750 0.042968750 0.058593750 0.035156250 0.109375000 0.089843750 0.058593750 0.109375000 0.078125000 0.082031250 0.058593750 0.074218750 0.019531250 0.054687500 0.046875000 0.015625000 0.031250000 0.007812500 0.058593750 0.046875000 0.050781250 0.015625000 0.027343750 0.054687500 0.011718750 0.015625000 0.042968750 0.019531250 0.027343750 0.042968750 0.039062500 0.058593750 0.015625000 0.082031250 0.031250000 0.035156250 0.011718750 0.058593750 0.062500000 0.035156250 0.011718750 0.054687500 0.003906250 0.019531250 0.054687500 0.007812500 0.046875000 0.031250000 0.027343750 0.015625000 0.035156250 0.050781250 0.039062500 0.023437500 0.035156250 0.046875000 0.007812500 0.015625000 0.011718750 0.035156250 0.015625000 0.031250000 0.023437500 0.015625000 0.015625000 0.023437500 0.015625000 0.015625000 0.031250000 0.011718750 0.023437500 0.015625000 0.007812500 0.011718750 0.011718750 0.023437500 0.011718750 0.015625000 0.011718750 0.027343750 0.019531250 0.007812500 0.019531250 0.027343750 0.019531250 0.031250000 0.019531250 0.023437500 0.015625000 0.023437500 0.011718750 0.015625000 0.039062500 0.007812500 0.031250000 0.023437500 0.011718750 0.039062500 0.003906250 0.011718750 0.039062500 0.027343750 0.027343750 0.019531250 0.007812500 0.003906250 0.003906250 0.035156250 0.023437500 0.023437500 0.011718750 0.011718750 0.007812500 0.019531250 0.007812500 0.015625000 0.000000000 0.007812500 0.011718750 0.015625000 0.007812500 0.007812500 0.007812500 0.011718750 0.007812500 0.023437500 0.031250000 0.019531250 0.003906250 0.019531250 0.015625000 0.007812500 0.011718750 0.011718750 0.003906250 0.019531250 0.023437500 0.007812500 0.000000000 0.023437500 0.023437500 0.015625000 0.007812500 0.011718750 0.003906250 0.023437500 0.015625000 0.031250000 0.007812500 0.015625000 0.023437500 0.023437500 0.007812500 0.007812500 0.007812500 0.011718750 0.015625000 0.011718750 0.015625000 0.011718750 0.015625000 0.003906250 0.011718750 0.019531250 0.011718750 0.000000000 0.003906250 0.023437500 0.011718750 0.003906250 0.003906250 0.003906250 0.007812500 0.011718750 0.019531250 0.007812500 0.007812500 0.007812500 0.011718750 0.011718750 0.011718750 0.007812500 0.011718750 0.015625000 0.003906250 0.007812500 0.011718750 0.007812500 0.003906250 0.000000000 0.011718750 0.007812500 0.007812500 0.023437500 0.019531250 0.015625000 0.015625000 0.003906250 0.007812500 0.019531250 0.007812500 0.015625000 0.007812500 0.011718750 0.023437500 0.019531250 0.015625000 0.003906250 0.019531250 0.007812500 0.000000000 0.003906250 0.011718750 0.000000000 0.003906250 0.007812500 0.007812500 0.007812500 0.007812500 0.007812500 0.007812500 0.007812500 0.027343750 0.023437500 0.007812500 0.011718750 0.007812500 0.007812500 0.011718750 0.011718750 0.000000000 0.003906250 0.007812500 0.007812500 0.003906250 0.003906250 0.003906250 0.015625000 0.011718750 0.007812500 0.003906250 0.011718750 0.003906250 0.011718750 0.000000000 0.027343750 
0.097656250 0.136718750 0.007812500 0.078125000 0.996093750 0.449218750 0.117187500 0.039062500 0.199218750 0.175781250 0.125000000 0.191406250 0.039062500 0.058593750 0.164062500 0.058593750 0.082031250 0.058593750 0.003906250 0.054687500 0.039062500 0.027343750 0.054687500 0.019531250 0.039062500 0.089843750 0.042968750 0.035156250 0.011718750 0.039062500 0.011718750 0.042968750 0.035156250 0.031250000 0.078125000 0.015625000 0.003906250 0.050781250 0.011718750 0.019531250 0.046875000 0.031250000 0.042968750 0.066406250 0.027343750 0.031250000 0.042968750 0.042968750 0.031250000 0.003906250 0.019531250 0.015625000 0.046875000 0.011718750 0.011718750 0.050781250 0.023437500 0.050781250 0.042968750 0.031250000 0.011718750 0.035156250 0.039062500 0.054687500 0.023437500 0.007812500 0.031250000 0.000000000 0.027343750 0.019531250 0.027343750 0.007812500 0.019531250 0.027343750 0.011718750 0.019531250 0.003906250 0.015625000 0.007812500 0.019531250 0.011718750 0.027343750 0.023437500 0.011718750 0.007812500 0.011718750 0.023437500 0.003906250 0.019531250 0.007812500 0.019531250 0.011718750 0.007812500 0.000000000 0.031250000 0.007812500 0.019531250 0.003906250 0.011718750 0.011718750 0.035156250 0.019531250 0.011718750 0.039062500 0.007812500 0.035156250 0.011718750 0.035156250 0.019531250 0.019531250 0.011718750 0.027343750 0.011718750 0.027343750 0.011718750 0.011718750 0.011718750 0.007812500 0.031250000 0.019531250 0.011718750 0.007812500 0.015625000 0.011718750 0.007812500 0.011718750 0.011718750 0.011718750 0.007812500 0.007812500 0.023437500 0.015625000 0.011718750 0.015625000 0.011718750 0.015625000 0.011718750 0.003906250 0.011718750 0.007812500 0.011718750 0.007812500 0.019531250 0.027343750 0.007812500 0.007812500 0.023437500 0.011718750 0.011718750 0.019531250 0.007812500 0.015625000 0.007812500 0.019531250 0.007812500 0.015625000 0.015625000 0.011718750 0.035156250 0.011718750 0.019531250 0.015625000 0.019531250 0.011718750 0.003906250 0.007812500 0.011718750 0.015625000 0.007812500 0.007812500 0.011718750 0.023437500 0.000000000 0.011718750 0.023437500 0.007812500 0.000000000 0.003906250 0.019531250 0.003906250 0.007812500 0.011718750 0.011718750 0.019531250 0.019531250 0.015625000 0.003906250 0.015625000 0.003906250 0.007812500 0.019531250 0.015625000 0.011718750 0.003906250 0.015625000 0.015625000 0.011718750 0.015625000 0.007812500 0.019531250 0.011718750 0.003906250 0.003906250 0.007812500 0.019531250 0.003906250 0.023437500 0.019531250 0.007812500 0.011718750 0.019531250 0.007812500 0.019531250 0.011718750 0.000000000 0.011718750 0.015625000 0.015625000 0.011718750 0.011718750 0.007812500 0.007812500 0.000000000 0.011718750 0.007812500 0.003906250 0.007812500 0.003906250 0.003906250 0.015625000 0.003906250 0.007812500 0.011718750 0.011718750 0.003906250 0.023437500 0.003906250 0.007812500 0.003906250 0.007812500 0.000000000 0.011718750 0.007812500 0.011718750 0.011718750 0.003906250 0.003906250 0.003906250 0.011718750 0.011718750 0.000000000 0.003906250 0.015625000 0.003906250 0.003906250 0.007812500 0.019531250 
0.019531250 0.125000000 0.140625000 0.257812500 0.683593750 0.214843750 0.113281250 0.085937500 0.082031250 0.085937500 0.085937500 0.179687500 0.132812500 0.156250000 0.039062500 0.011718750 0.023437500 0.031250000 0.050781250 0.082031250 0.042968750 0.050781250 0.003906250 0.042968750 0.019531250 0.097656250 0.062500000 0.023437500 0.007812500 0.011718750 0.042968750 0.039062500 0.039062500 0.039062500 0.085937500 0.015625000 0.015625000 0.023437500 0.011718750 0.019531250 0.031250000 0.007812500 0.035156250 0.054687500 0.011718750 0.050781250 0.011718750 0.035156250 0.042968750 0.011718750 0.023437500 0.027343750 0.019531250 0.031250000 0.035156250 0.035156250 0.027343750 0.070312500 0.011718750 0.007812500 0.011718750 0.015625000 0.039062500 0.023437500 0.035156250 0.019531250 0.031250000 0.019531250 0.023437500 0.019531250 0.007812500 0.023437500 0.019531250 0.019531250 0.007812500 0.003906250 0.015625000 0.023437500 0.015625000 0.019531250 0.019531250 0.031250000 0.015625000 0.019531250 0.015625000 0.011718750 0.015625000 0.015625000 0.023437500 0.019531250 0.003906250 0.007812500 0.003906250 0.007812500 0.027343750 0.015625000 0.011718750 0.007812500 0.011718750 0.015625000 0.031250000 0.023437500 0.015625000 0.027343750 0.023437500 0.019531250 0.023437500 0.035156250 0.007812500 0.031250000 0.015625000 0.015625000 0.007812500 0.027343750 0.015625000 0.023437500 0.023437500 0.015625000 0.027343750 0.019531250 0.011718750 0.003906250 0.007812500 0.015625000 0.019531250 0.007812500 0.007812500 0.007812500 0.019531250 0.015625000 0.015625000 0.015625000 0.015625000 0.019531250 0.015625000 0.011718750 0.003906250 0.003906250 0.023437500 0.007812500 0.003906250 0.019531250 0.011718750 0.019531250 0.000000000 0.007812500 0.027343750 0.011718750 0.007812500 0.019531250 0.011718750 0.011718750 0.015625000 0.011718750 0.007812500 0.023437500 0.011718750 0.015625000 0.035156250 0.011718750 0.011718750 0.007812500 0.011718750 0.000000000 0.007812500 0.011718750 0.011718750 0.019531250 0.011718750 0.007812500 0.007812500 0.015625000 0.007812500 0.011718750 0.019531250 0.015625000 0.007812500 0.007812500 0.019531250 0.003906250 0.007812500 0.015625000 0.015625000 0.027343750 0.015625000 0.015625000 0.011718750 0.007812500 0.007812500 0.007812500 0.019531250 0.015625000 0.011718750 0.003906250 0.015625000 0.019531250 0.011718750 0.003906250 0.007812500 0.011718750 0.019531250 0.007812500 0.007812500 0.011718750 0.015625000 0.007812500 0.015625000 0.019531250 0.011718750 0.011718750 0.011718750 0.011718750 0.015625000 0.007812500 0.003906250 0.015625000 0.015625000 0.015625000 0.007812500 0.003906250 0.015625000 0.007812500 0.003906250 0.011718750 0.011718750 0.003906250 0.007812500 0.003906250 0.000000000 0.011718750 0.003906250 0.003906250 0.011718750 0.003906250 0.015625000 0.007812500 0.007812500 0.007812500 0.003906250 0.007812500 0.007812500 0.015625000 0.000000000 0.011718750 0.003906250 0.007812500 0.007812500 0.003906250 0.011718750 0.007812500 0.003906250 0.003906250 0.007812500 0.003906250 0.003906250 0.007812500 0.011718750 
0.062500000 0.117187500 0.125000000 0.101562500 0.382812500 0.171875000 0.109375000 0.031250000 0.089843750 0.117187500 0.097656250 0.121093750 0.160156250 0.128906250 0.015625000 0.050781250 0.066406250 0.054687500 0.062500000 0.039062500 0.070312500 0.003906250 0.027343750 0.027343750 0.054687500 0.070312500 0.058593750 0.035156250 0.007812500 0.031250000 0.035156250 0.042968750 0.031250000 0.058593750 0.066406250 0.031250000 0.011718750 0.035156250 0.035156250 0.039062500 0.031250000 0.031250000 0.015625000 0.023437500 0.042968750 0.023437500 0.019531250 0.023437500 0.031250000 0.015625000 0.027343750 0.015625000 0.011718750 0.027343750 0.046875000 0.003906250 0.050781250 0.050781250 0.011718750 0.011718750 0.023437500 0.007812500 0.039062500 0.019531250 0.035156250 0.015625000 0.031250000 0.031250000 0.015625000 0.007812500 0.011718750 0.019531250 0.019531250 0.011718750 0.015625000 0.007812500 0.019531250 0.007812500 0.003906250 0.015625000 0.007812500 0.011718750 0.015625000 0.023437500 0.027343750 0.011718750 0.011718750 0.019531250 0.015625000 0.011718750 0.003906250 0.003906250 0.007812500 0.011718750 0.015625000 0.000000000 0.007812500 0.019531250 0.007812500 0.011718750 0.027343750 0.031250000 0.007812500 0.019531250 0.027343750 0.015625000 0.031250000 0.015625000 0.019531250 0.023437500 0.011718750 0.011718750 0.011718750 0.011718750 0.003906250 0.027343750 0.015625000 0.007812500 0.031250000 0.015625000 0.003906250 0.019531250 0.015625000 0.015625000 0.015625000 0.011718750 0.015625000 0.007812500 0.015625000 0.011718750 0.015625000 0.003906250 0.019531250 0.019531250 0.015625000 0.015625000 0.003906250 0.003906250 0.023437500 0.003906250 0.003906250 0.015625000 0.011718750 0.011718750 0.011718750 0.007812500 0.011718750 0.003906250 0.015625000 0.015625000 0.015625000 0.015625000 0.011718750 0.019531250 0.007812500 0.027343750 0.003906250 0.015625000 0.027343750 0.015625000 0.003906250 0.003906250 0.011718750 0.003906250 0.007812500 0.007812500 0.007812500 0.015625000 0.015625000 0.003906250 0.015625000 0.011718750 0.011718750 0.011718750 0.015625000 0.015625000 0.003906250 0.007812500 0.011718750 0.007812500 0.000000000 0.015625000 0.019531250 0.019531250 0.015625000 0.015625000 0.007812500 0.003906250 0.003906250 0.011718750 0.015625000 0.015625000 0.011718750 0.003906250 0.015625000 0.015625000 0.000000000 0.011718750 0.015625000 0.011718750 0.019531250 0.003906250 0.015625000 0.007812500 0.011718750 0.003906250 0.015625000 0.015625000 0.015625000 0.000000000 0.011718750 0.011718750 0.015625000 0.003906250 0.007812500 0.007812500 0.015625000 0.015625000 0.011718750 0.000000000 0.015625000 0.003906250 0.003906250 0.011718750 0.011718750 0.000000000 0.007812500 0.007812500 0.007812500 0.007812500 0.003906250 0.011718750 0.003906250 0.007812500 0.011718750 0.011718750 0.007812500 0.007812500 0.003906250 0.007812500 0.007812500 0.011718750 0.003906250 0.011718750 0.003906250 0.007812500 0.003906250 0.000000000 0.003906250 0.011718750 0.003906250 0.003906250 0.007812500 0.007812500 0.007812500 0.003906250 0.000000000 
0.082031250 0.128906250 0.039062500 0.078125000 0.179687500 0.089843750 0.074218750 0.035156250 0.054687500 0.156250000 0.078125000 0.050781250 0.070312500 0.023437500 0.085937500 0.031250000 0.042968750 0.085937500 0.031250000 0.042968750 0.046875000 0.035156250 0.054687500 0.027343750 0.039062500 0.050781250 0.050781250 0.015625000 0.027343750 0.031250000 0.046875000 0.027343750 0.015625000 0.058593750 0.050781250 0.035156250 0.011718750 0.027343750 0.042968750 0.035156250 0.019531250 0.031250000 0.011718750 0.031250000 0.011718750 0.007812500 0.039062500 0.011718750 0.011718750 0.023437500 0.019531250 0.019531250 0.019531250 0.019531250 0.039062500 0.011718750 0.031250000 0.039062500 0.011718750 0.023437500 0.007812500 0.019531250 0.023437500 0.007812500 0.015625000 0.015625000 0.019531250 0.023437500 0.007812500 0.011718750 0.011718750 0.003906250 0.003906250 0.011718750 0.011718750 0.011718750 0.011718750 0.007812500 0.007812500 0.007812500 0.007812500 0.007812500 0.015625000 0.019531250 0.015625000 0.007812500 0.011718750 0.011718750 0.019531250 0.003906250 0.007812500 0.003906250 0.011718750 0.003906250 0.011718750 0.011718750 0.000000000 0.015625000 0.003906250 0.007812500 0.007812500 0.015625000 0.011718750 0.011718750 0.019531250 0.027343750 0.019531250 0.011718750 0.015625000 0.011718750 0.015625000 0.007812500 0.011718750 0.011718750 0.019531250 0.015625000 0.015625000 0.015625000 0.015625000 0.007812500 0.007812500 0.015625000 0.007812500 0.007812500 0.007812500 0.019531250 0.003906250 0.011718750 0.015625000 0.007812500 0.007812500 0.007812500 0.011718750 0.011718750 0.007812500 0.015625000 0.011718750 0.011718750 0.015625000 0.003906250 0.007812500 0.007812500 0.007812500 0.003906250 0.003906250 0.007812500 0.003906250 0.007812500 0.011718750 0.007812500 0.003906250 0.003906250 0.007812500 0.007812500 0.015625000 0.011718750 0.003906250 0.011718750 0.007812500 0.007812500 0.003906250 0.003906250 0.007812500 0.007812500 0.007812500 0.015625000 0.007812500 0.007812500 0.011718750 0.003906250 0.007812500 0.003906250 0.007812500 0.007812500 0.007812500 0.003906250 0.015625000 0.007812500 0.007812500 0.003906250 0.007812500 0.007812500 0.007812500 0.007812500 0.011718750 0.011718750 0.007812500 0.015625000 0.007812500 0.011718750 0.003906250 0.003906250 0.011718750 0.003906250 0.000000000 0.007812500 0.011718750 0.011718750 0.000000000 0.003906250 0.011718750 0.000000000 0.007812500 0.007812500 0.007812500 0.007812500 0.007812500 0.003906250 0.003906250 0.007812500 0.003906250 0.003906250 0.003906250 0.007812500 0.007812500 0.003906250 0.003906250 0.003906250 0.003906250 0.007812500 0.007812500 0.003906250 0.003906250 0.003906250 0.003906250 0.007812500 0.007812500 0.003906250 0.007812500 0.003906250 0.003906250 0.007812500 0.003906250 0.007812500 0.003906250 0.003906250 0.011718750 0.003906250 0.003906250 0.007812500 0.003906250 0.007812500 0.003906250 0.003906250 0.011718750 0.003906250 0.003906250 0.003906250 0.000000000 0.011718750 0.000000000 0.003906250 0.003906250 0.003906250 0.003906250 0.003906250 0.003906250 
0.042968750 0.039062500 0.011718750 0.031250000 0.058593750 0.039062500 0.003906250 0.027343750 0.039062500 0.046875000 0.023437500 0.023437500 0.050781250 0.042968750 0.015625000 0.015625000 0.035156250 0.050781250 0.035156250 0.011718750 0.042968750 0.042968750 0.023437500 0.007812500 0.023437500 0.046875000 0.039062500 0.003906250 0.031250000 0.035156250 0.027343750 0.015625000 0.015625000 0.042968750 0.039062500 0.007812500 0.019531250 0.023437500 0.027343750 0.023437500 0.007812500 0.031250000 0.035156250 0.011718750 0.007812500 0.011718750 0.027343750 0.027343750 0.007812500 0.023437500 0.027343750 0.011718750 0.007812500 0.003906250 0.019531250 0.023437500 0.011718750 0.015625000 0.015625000 0.007812500 0.007812500 0.003906250 0.015625000 0.019531250 0.011718750 0.007812500 0.007812500 0.003906250 0.007812500 0.007812500 0.011718750 0.011718750 0.007812500 0.007812500 0.003906250 0.003906250 0.007812500 0.011718750 0.011718750 0.007812500 0.007812500 0.007812500 0.003906250 0.007812500 0.003906250 0.007812500 0.007812500 0.003906250 0.011718750 0.007812500 0.007812500 0.011718750 0.003906250 0.007812500 0.007812500 0.003906250 0.015625000 0.011718750 0.003906250 0.011718750 0.003906250 0.007812500 0.011718750 0.003906250 0.015625000 0.011718750 0.000000000 0.007812500 0.003906250 0.011718750 0.011718750 0.003906250 0.015625000 0.011718750 0.000000000 0.007812500 0.003906250 0.011718750 0.015625000 0.007812500 0.011718750 0.011718750 0.003906250 0.007812500 0.003906250 0.011718750 0.015625000 0.007812500 0.007812500 0.007812500 0.003906250 0.007812500 0.003906250 0.011718750 0.011718750 0.007812500 0.003906250 0.003906250 0.003906250 0.007812500 0.007812500 0.007812500 0.007812500 0.003906250 0.003906250 0.000000000 0.003906250 0.007812500 0.007812500 0.007812500 0.003906250 0.003906250 0.000000000 0.003906250 0.007812500 0.003906250 0.007812500 0.007812500 0.003906250 0.003906250 0.000000000 0.003906250 0.007812500 0.003906250 0.007812500 0.007812500 0.000000000 0.007812500 0.003906250 0.003906250 0.007812500 0.000000000 0.007812500 0.007812500 0.003906250 0.007812500 0.003906250 0.003906250 0.007812500 0.000000000 0.007812500 0.007812500 0.003906250 0.007812500 0.007812500 0.003906250 0.003906250 0.000000000 0.007812500 0.007812500 0.000000000 0.007812500 0.003906250 0.003906250 0.003906250 0.000000000 0.007812500 0.007812500 0.003906250 0.003906250 0.003906250 0.003906250 0.003906250 0.003906250 0.007812500 0.007812500 0.003906250 0.000000000 0.003906250 0.003906250 0.007812500 0.003906250 0.007812500 0.007812500 0.003906250 0.000000000 0.003906250 0.003906250 0.003906250 0.003906250 0.003906250 0.003906250 0.003906250 0.003906250 0.003906250 0.003906250 0.003906250 0.003906250 0.003906250 0.003906250 0.000000000 0.003906250 0.003906250 0.003906250 0.000000000 0.003906250 0.003906250 0.003906250 0.000000000 0.003906250 0.003906250 0.003906250 0.000000000 0.003906250 0.003906250 0.003906250 0.003906250 0.003906250 0.003906250 0.003906250 0.003906250 0.003906250 0.003906250 0.003906250 0.003906250 0.003906250 0.003906250 
0.027343750 0.027343750 0.027343750 0.027343750 0.027343750 0.027343750 0.027343750 0.027343750 0.027343750 0.027343750 0.027343750 0.027343750 0.027343750 0.027343750 0.027343750 0.027343750 0.023437500 0.023437500 0.023437500 0.023437500 0.023437500 0.023437500 0.023437500 0.023437500 0.023437500 0.023437500 0.023437500 0.023437500 0.019531250 0.019531250 0.019531250 0.019531250 0.019531250 0.019531250 0.019531250 0.019531250 0.019531250 0.015625000 0.015625000 0.015625000 0.015625000 0.015625000 0.015625000 0.015625000 0.015625000 0.011718750 0.011718750 0.011718750 0.011718750 0.011718750 0.011718750 0.011718750 0.011718750 0.007812500 0.007812500 0.007812500 0.007812500 0.007812500 0.007812500 0.007812500 0.003906250 0.003906250 0.003906250 0.003906250 0.003906250 0.003906250 0.003906250 0.003906250 0.003906250 0.000000000 0.000000000 0.000000000 0.000000000 0.000000000 0.000000000 0.000000000 0.000000000 0.000000000 0.000000000 0.003906250 0.003906250 0.003906250 0.003906250 0.003906250 0.003906250 0.003906250 0.003906250 0.003906250 0.003906250 0.003906250 0.003906250 0.003906250 0.003906250 0.003906250 0.003906250 0.003906250 0.003906250 0.007812500 0.007812500 0.007812500 0.007812500 0.007812500 0.007812500 0.007812500 0.007812500 0.007812500 0.007812500 0.007812500 0.007812500 0.007812500 0.007812500 0.007812500 0.007812500 0.007812500 0.007812500 0.007812500 0.003906250 0.003906250 0.003906250 0.003906250 0.003906250 0.003906250 0.003906250 0.003906250 0.003906250 0.003906250 0.003906250 0.003906250 0.003906250 0.003906250 0.003906250 0.003906250 0.003906250 0.003906250 0.003906250 0.003906250 0.003906250 0.003906250 0.000000000 0.000000000 0.000000000 0.000000000 0.000000000 0.000000000 0.000000000 0.000000000 0.000000000 0.000000000 0.000000000 0.000000000 0.000000000 0.000000000 0.000000000 0.000000000 0.000000000 0.000000000 0.000000000 0.003906250 0.003906250 0.003906250 0.003906250 0.003906250 0.003906250 0.003906250 0.003906250 0.003906250 0.003906250 0.003906250 0.003906250 0.003906250 0.003906250 0.003906250 0.003906250 0.003906250 0.003906250 0.003906250 0.003906250 0.003906250 0.003906250 0.003906250 0.003906250 0.003906250 0.003906250 0.003906250 0.003906250 0.003906250 0.003906250 0.003906250 0.003906250 0.003906250 0.003906250 0.003906250 0.003906250 0.003906250 0.003906250 0.003906250 0.003906250 0.003906250 0.003906250 0.003906250 0.003906250 0.003906250 0.003906250 0.003906250 0.003906250 0.003906250 0.003906250 0.003906250 0.000000000 0.000000000 0.000000000 0.000000000 0.000000000 0.000000000 0.000000000 0.000000000 0.000000000 0.000000000 0.000000000 0.000000000 0.000000000 0.000000000 0.000000000 0.000000000 0.000000000 0.000000000 0.000000000 0.000000000 0.000000000 0.000000000 0.000000000 0.000000000 0.003906250 0.003906250 0.003906250 0.003906250 0.003906250 0.003906250 0.003906250 0.003906250 0.003906250 0.003906250 0.003906250 0.003906250 0.003906250 0.003906250 0.003906250 0.003906250 0.003906250 0.003906250 0.003906250 0.003906250 0.003906250 0.003906250 0.003906250 0.003906250 0.003906250 
0.000000000 0.000000000 0.000000000 0.000000000 0.000000000 0.000000000 0.000000000 0.000000000 0.000000000 0.000000000 0.000000000 0.000000000 0.000000000 0.000000000 0.000000000 0.000000000 0.000000000 0.000000000 0.000000000 0.000000000 0.000000000 0.000000000 0.000000000 0.000000000 0.000000000 0.000000000 0.000000000 0.000000000 0.000000000 0.000000000 0.000000000 0.000000000 0.000000000 0.000000000 0.000000000 0.000000000 0.000000000 0.000000000 0.000000000 0.000000000 0.000000000 0.000000000 0.000000000 0.000000000 0.000000000 0.000000000 0.000000000 0.000000000 0.000000000 0.000000000 0.000000000 0.000000000 0.000000000 0.000000000 0.000000000 0.000000000 0.000000000 0.000000000 0.000000000 0.000000000 0.000000000 0.000000000 0.000000000 0.000000000 0.000000000 0.000000000 0.000000000 0.000000000 0.000000000 0.000000000 0.000000000 0.000000000 0.000000000 0.000000000 0.000000000 0.000000000 0.000000000 0.000000000 0.000000000 0.000000000 0.000000000 0.000000000 0.000000000 0.000000000 0.000000000 0.000000000 0.000000000 0.000000000 0.000000000 0.000000000 0.000000000 0.000000000 0.000000000 0.000000000 0.000000000 0.000000000 0.000000000 0.000000000 0.000000000 0.000000000 0.000000000 0.000000000 0.000000000 0.000000000 0.000000000 0.000000000 0.000000000 0.000000000 0.000000000 0.000000000 0.000000000 0.000000000 0.000000000 0.000000000 0.000000000 0.000000000 0.000000000 0.000000000 0.000000000 0.000000000 0.000000000 0.000000000 0.000000000 0.000000000 0.000000000 0.000000000 0.000000000 0.000000000 0.000000000 0.000000000 0.000000000 0.000000000 0.000000000 0.000000000 0.000000000 0.000000000 0.000000000 0.000000000 0.000000000 0.000000000 0.000000000 0.000000000 0.000000000 0.000000000 0.000000000 0.000000000 0.000000000 0.000000000 0.000000000 0.000000000 0.000000000 0.000000000 0.000000000 0.000000000 0.000000000 0.000000000 0.000000000 0.000000000 0.000000000 0.000000000 0.000000000 0.000000000 0.000000000 0.000000000 0.000000000 0.000000000 0.000000000 0.000000000 0.000000000 0.000000000 0.000000000 0.000000000 0.000000000 0.000000000 0.000000000 0.000000000 0.000000000 0.000000000 0.000000000 0.000000000 0.000000000 0.000000000 0.000000000 0.000000000 0.000000000 0.000000000 0.000000000 0.000000000 0.000000000 0.000000000 0.000000000 0.000000000 0.000000000 0.000000000 0.000000000 0.000000000 0.000000000 0.000000000 0.000000000 0.000000000 0.000000000 0.000000000 0.000000000 0.000000000 0.000000000 0.000000000 0.000000000 0.000000000 0.000000000 0.000000000 0.000000000 0.000000000 0.000000000 0.000000000 0.000000000 0.000000000 0.000000000 0.000000000 0.000000000 0.000000000 0.000000000 0.000000000 0.000000000 0.000000000 0.000000000 0.000000000 0.000000000 0.000000000 0.000000000 0.000000000 0.000000000 0.000000000 0.000000000 0.000000000 0.000000000 0.000000000 0.000000000 0.000000000 0.000000000 0.000000000 0.000000000 0.000000000 0.000000000 0.000000000 0.000000000 0.000000000 0.000000000 0.000000000 0.000000000 0.000000000 0.000000000 0.000000000 0.000000000 0.000000000 0.000000000 0.000000000 0.000000000 
0.000000000 0.000000000 0.000000000 0.000000000 0.000000000 0.000000000 0.000000000 0.000000000 0.000000000 0.000000000 0.000000000 0.000000000 0.000000000 0.000000000 0.000000000 0.000000000 0.000000000 0.000000000 0.000000000 0.000000000 0.000000000 0.000000000 0.000000000 0.000000000 0.000000000 0.000000000 0.000000000 0.000000000 0.000000000 0.000000000 0.000000000 0.000000000 0.000000000 0.000000000 0.000000000 0.000000000 0.000000000 0.000000000 0.000000000 0.000000000 0.000000000 0.000000000 0.000000000 0.000000000 0.000000000 0.000000000 0.000000000 0.000000000 0.000000000 0.000000000 0.000000000 0.000000000 0.000000000 0.000000000 0.000000000 0.000000000 0.000000000 0.000000000 0.000000000 0.000000000 0.000000000 0.000000000 0.000000000 0.000000000 0.000000000 0.000000000 0.000000000 0.000000000 0.000000000 0.000000000 0.000000000 0.000000000 0.000000000 0.000000000 0.000000000 0.000000000 0.000000000 0.000000000 0.000000000 0.000000000 0.000000000 0.000000000 0.000000000 0.000000000 0.000000000 0.000000000 0.000000000 0.000000000 0.000000000 0.000000000 0.000000000 0.000000000 0.000000000 0.000000000 0.000000000 0.000000000 0.000000000 0.000000000 0.000000000 0.000000000 0.000000000 0.000000000 0.000000000 0.000000000 0.000000000 0.000000000 0.000000000 0.000000000 0.000000000 0.000000000 0.000000000 0.000000000 0.000000000 0.000000000 0.000000000 0.000000000 0.000000000 0.000000000 0.000000000 0.000000000 0.000000000 0.000000000 0.000000000 0.000000000 0.000000000 0.000000000 0.000000000 0.000000000 0.000000000 0.000000000 0.000000000 0.000000000 0.000000000 0.000000000 0.000000000 0.000000000 0.000000000 0.000000000 0.000000000 0.000000000 0.000000000 0.000000000 0.000000000 0.000000000 0.000000000 0.000000000 0.000000000 0.000000000 0.000000000 0.000000000 0.000000000 0.000000000 0.000000000 0.000000000 0.000000000 0.000000000 0.000000000 0.000000000 0.000000000 0.000000000 0.000000000 0.000000000 0.000000000 0.000000000 0.000000000 0.000000000 0.000000000 0.000000000 0.000000000 0.000000000 0.000000000 0.000000000 0.000000000 0.000000000 0.000000000 0.000000000 0.000000000 0.000000000 0.000000000 0.000000000 0.000000000 0.000000000 0.000000000 0.000000000 0.000000000 0.000000000 0.000000000 0.000000000 0.000000000 0.000000000 0.000000000 0.000000000 0.000000000 0.000000000 0.000000000 0.000000000 0.000000000 0.000000000 0.000000000 0.000000000 0.000000000 0.000000000 0.000000000 0.000000000 0.000000000 0.000000000 0.000000000 0.000000000 0.000000000 0.000000000 0.000000000 0.000000000 0.000000000 0.000000000 0.000000000 0.000000000 0.000000000 0.000000000 0.000000000 0.000000000 0.000000000 0.000000000 0.000000000 0.000000000 0.000000000 0.000000000 0.000000000 0.000000000 0.000000000 0.000000000 0.000000000 0.000000000 0.000000000 0.000000000 0.000000000 0.000000000 0.000000000 0.000000000 0.000000000 0.000000000 0.000000000 0.000000000 0.000000000 0.000000000 0.000000000 0.000000000 0.000000000 0.000000000 0.000000000 0.000000000 0.000000000 0.000000000 0.000000000 0.000000000 0.000000000 0.000000000 0.000000000 
0.000000000 0.000000000 0.000000000 0.000000000 0.000000000 0.000000000 0.000000000 0.000000000 0.000000000 0.000000000 0.000000000 0.000000000 0.000000000 0.000000000 0.000000000 0.000000000 0.000000000 0.000000000 0.000000000 0.000000000 0.000000000 0.000000000 0.000000000 0.000000000 0.000000000 0.000000000 0.000000000 0.000000000 0.000000000 0.000000000 0.000000000 0.000000000 0.000000000 0.000000000 0.000000000 0.000000000 0.000000000 0.000000000 0.000000000 0.000000000 0.000000000 0.000000000 0.000000000 0.000000000 0.000000000 0.000000000 0.000000000 0.000000000 0.000000000 0.000000000 0.000000000 0.000000000 0.000000000 0.000000000 0.000000000 0.000000000 0.000000000 0.000000000 0.000000000 0.000000000 0.000000000 0.000000000 0.000000000 0.000000000 0.000000000 0.000000000 0.000000000 0.000000000 0.000000000 0.000000000 0.000000000 0.000000000 0.000000000 0.000000000 0.000000000 0.000000000 0.000000000 0.000000000 0.000000000 0.000000000 0.000000000 0.000000000 0.000000000 0.000000000 0.000000000 0.000000000 0.000000000 0.000000000 0.000000000 0.000000000 0.000000000 0.000000000 0.000000000 0.000000000 0.000000000 0.000000000 0.000000000 0.000000000 0.000000000 0.000000000 0.000000000 0.000000000 0.000000000 0.000000000 0.000000000 0.000000000 0.000000000 0.000000000 0.000000000 0.000000000 0.000000000 0.000000000 0.000000000 0.000000000 0.000000000 0.000000000 0.000000000 0.000000000 0.000000000 0.000000000 0.000000000 0.000000000 0.000000000 0.000000000 0.000000000 0.000000000 0.000000000 0.000000000 0.000000000 0.000000000 0.000000000 0.000000000 0.000000000 0.000000000 0.000000000 0.000000000 0.000000000 0.000000000 0.000000000 0.000000000 0.000000000 0.000000000 0.000000000 0.000000000 0.000000000 0.000000000 0.000000000 0.000000000 0.000000000 0.000000000 0.000000000 0.000000000 0.000000000 0.000000000 0.000000000 0.000000000 0.000000000 0.000000000 0.000000000 0.000000000 0.000000000 0.000000000 0.000000000 0.000000000 0.000000000 0.000000000 0.000000000 0.000000000 0.000000000 0.000000000 0.000000000 0.000000000 0.000000000 0.000000000 0.000000000 0.000000000 0.000000000 0.000000000 0.000000000 0.000000000 0.000000000 0.000000000 0.000000000 0.000000000 0.000000000 0.000000000 0.000000000 0.000000000 0.000000000 0.000000000 0.000000000 0.000000000 0.000000000 0.000000000 0.000000000 0.000000000 0.000000000 0.000000000 0.000000000 0.000000000 0.000000000 0.000000000 0.000000000 0.000000000 0.000000000 0.000000000 0.000000000 0.000000000 0.000000000 0.000000000 0.000000000 0.000000000 0.000000000 0.000000000 0.000000000 0.000000000 0.000000000 0.000000000 0.000000000 0.000000000 0.000000000 0.000000000 0.000000000 0.000000000 0.000000000 0.000000000 0.000000000 0.000000000 0.000000000 0.000000000 0.000000000 0.000000000 0.000000000 0.000000000 0.000000000 0.000000000 0.000000000 0.000000000 0.000000000 0.000000000 0.000000000 0.000000000 0.000000000 0.000000000 0.000000000 0.000000000 0.000000000 0.000000000 0.000000000 0.000000000 0.000000000 0.000000000 0.000000000 0.000000000 0.000000000 0.000000000 0.000000000 
0.000000000 0.000000000 0.000000000 0.000000000 0.000000000 0.000000000 0.000000000 0.000000000 0.000000000 0.000000000 0.000000000 0.000000000 0.000000000 0.000000000 0.000000000 0.000000000 0.000000000 0.000000000 0.000000000 0.000000000 0.000000000 0.000000000 0.000000000 0.000000000 0.000000000 0.000000000 0.000000000 0.000000000 0.000000000 0.000000000 0.000000000 0.000000000 0.000000000 0.000000000 0.000000000 0.000000000 0.000000000 0.000000000 0.000000000 0.000000000 0.000000000 0.000000000 0.000000000 0.000000000 0.000000000 0.000000000 0.000000000 0.000000000 0.000000000 0.000000000 0.000000000 0.000000000 0.000000000 0.000000000 0.000000000 0.000000000 0.000000000 0.000000000 0.000000000 0.000000000 0.000000000 0.000000000 0.000000000 0.000000000 0.000000000 0.000000000 0.000000000 0.000000000 0.000000000 0.000000000 0.000000000 0.000000000 0.000000000 0.000000000 0.000000000 0.000000000 0.000000000 0.000000000 0.000000000 0.000000000 0.000000000 0.000000000 0.000000000 0.000000000 0.000000000 0.000000000 0.000000000 0.000000000 0.000000000 0.000000000 0.000000000 0.000000000 0.000000000 0.000000000 0.000000000 0.000000000 0.000000000 0.000000000 0.000000000 0.000000000 0.000000000 0.000000000 0.000000000 0.000000000 0.000000000 0.000000000 0.000000000 0.000000000 0.000000000 0.000000000 0.000000000 0.000000000 0.000000000 0.000000000 0.000000000 0.000000000 0.000000000 0.000000000 0.000000000 0.000000000 0.000000000 0.000000000 0.000000000 0.000000000 0.000000000 0.000000000 0.000000000 0.000000000 0.000000000 0.000000000 0.000000000 0.000000000 0.000000000 0.000000000 0.000000000 0.000000000 0.000000000 0.000000000 0.000000000 0.000000000 0.000000000 0.000000000 0.000000000 0.000000000 0.000000000 0.000000000 0.000000000 0.000000000 0.000000000 0.000000000 0.000000000 0.000000000 0.000000000 0.000000000 0.000000000 0.000000000 0.000000000 0.000000000 0.000000000 0.000000000 0.000000000 0.000000000 0.000000000 0.000000000 0.000000000 0.000000000 0.000000000 0.000000000 0.000000000 0.000000000 0.000000000 0.000000000 0.000000000 0.000000000 0.000000000 0.000000000 0.000000000 0.000000000 0.000000000 0.000000000 0.000000000 0.000000000 0.000000000 0.000000000 0.000000000 0.000000000 0.000000000 0.000000000 0.000000000 0.000000000 0.000000000 0.000000000 0.000000000 0.000000000 0.000000000 0.000000000 0.000000000 0.000000000 0.000000000 0.000000000 0.000000000 0.000000000 0.000000000 0.000000000 0.000000000 0.000000000 0.000000000 0.000000000 0.000000000 0.000000000 0.000000000 0.000000000 0.000000000 0.000000000 0.000000000 0.000000000 0.000000000 0.000000000 0.000000000 0.000000000 0.000000000 0.000000000 0.000000000 0.000000000 0.000000000 0.000000000 0.000000000 0.000000000 0.000000000 0.000000000 0.000000000 0.000000000 0.000000000 0.000000000 0.000000000 0.000000000 0.000000000 0.000000000 0.000000000 0.000000000 0.000000000 0.000000000 0.000000000 0.000000000 0.000000000 0.000000000 0.000000000 0.000000000 0.000000000 0.000000000 0.000000000 0.000000000 0.000000000 0.000000000 0.000000000 0.000000000 0.000000000 
0.011718750 0.011718750 0.011718750 0.011718750 0.011718750 0.011718750 0.011718750 0.011718750 0.011718750 0.011718750 0.011718750 0.011718750 0.011718750 0.011718750 0.011718750 0.011718750 0.011718750 0.011718750 0.011718750 0.011718750 0.011718750 0.011718750 0.011718750 0.011718750 0.011718750 0.011718750 0.011718750 0.011718750 0.011718750 0.011718750 0.011718750 0.011718750 0.011718750 0.011718750 0.011718750 0.011718750 0.011718750 0.011718750 0.011718750 0.011718750 0.011718750 0.011718750 0.011718750 0.011718750 0.011718750 0.011718750 0.011718750 0.011718750 0.011718750 0.011718750 0.011718750 0.011718750 0.011718750 0.011718750 0.011718750 0.011718750 0.011718750 0.011718750 0.011718750 0.007812500 0.007812500 0.007812500 0.007812500 0.007812500 0.007812500 0.007812500 0.007812500 0.007812500 0.007812500 0.007812500 0.007812500 0.007812500 0.007812500 0.007812500 0.007812500 0.007812500 0.007812500 0.007812500 0.007812500 0.007812500 0.007812500 0.007812500 0.007812500 0.007812500 0.007812500 0.007812500 0.007812500 0.007812500 0.007812500 0.007812500 0.007812500 0.007812500 0.007812500 0.007812500 0.007812500 0.007812500 0.007812500 0.007812500 0.007812500 0.007812500 0.007812500 0.007812500 0.007812500 0.007812500 0.007812500 0.007812500 0.007812500 0.007812500 0.003906250 0.003906250 0.003906250 0.003906250 0.003906250 0.003906250 0.003906250 0.003906250 0.003906250 0.003906250 0.003906250 0.003906250 0.003906250 0.003906250 0.003906250 0.003906250 0.003906250 0.003906250 0.003906250 0.003906250 0.003906250 0.003906250 0.003906250 0.003906250 0.003906250 0.003906250 0.003906250 0.003906250 0.003906250 0.003906250 0.003906250 0.003906250 0.003906250 0.003906250 0.003906250 0.003906250 0.003906250 0.003906250 0.003906250 0.003906250 0.003906250 0.000000000 0.000000000 0.000000000 0.000000000 0.000000000 0.000000000 0.000000000 0.000000000 0.000000000 0.000000000 0.000000000 0.000000000 0.000000000 0.000000000 0.000000000 0.000000000 0.000000000 0.000000000 0.000000000 0.000000000 0.000000000 0.000000000 0.000000000 0.000000000 0.000000000 0.000000000 0.000000000 0.000000000 0.000000000 0.000000000 0.000000000 0.000000000 0.000000000 0.000000000 0.000000000 0.000000000 0.000000000 0.000000000 0.000000000 0.000000000 0.000000000 0.000000000 0.000000000 0.000000000 0.000000000 0.000000000 0.000000000 0.000000000 0.000000000 0.003906250 0.003906250 0.003906250 0.003906250 0.003906250 0.003906250 0.003906250 0.003906250 0.003906250 0.003906250 0.003906250 0.003906250 0.003906250 0.003906250 0.003906250 0.003906250 0.003906250 0.003906250 0.003906250 0.003906250 0.003906250 0.003906250 0.003906250 0.003906250 0.003906250 0.003906250 0.003906250 0.003906250 0.003906250 0.003906250 0.003906250 0.003906250 0.003906250 0.003906250 0.003906250 0.003906250 0.003906250 0.003906250 0.003906250 0.003906250 0.003906250 0.003906250 0.003906250 0.003906250 0.003906250 0.003906250 0.003906250 0.003906250 0.003906250 0.003906250 0.003906250 0.003906250 0.003906250 0.003906250 0.003906250 0.003906250 0.003906250 0.003906250 0.003906250 
0.000000000 0.019531250 0.015625000 0.015625000 0.003906250 0.027343750 0.035156250 0.015625000 0.031250000 0.027343750 0.007812500 0.023437500 0.011718750 0.011718750 0.011718750 0.019531250 0.007812500 0.035156250 0.027343750 0.019531250 0.039062500 0.035156250 0.019531250 0.031250000 0.011718750 0.011718750 0.011718750 0.027343750 0.003906250 0.011718750 0.007812500 0.015625000 0.019531250 0.011718750 0.031250000 0.027343750 0.015625000 0.019531250 0.007812500 0.011718750 0.015625000 0.007812500 0.019531250 0.019531250 0.015625000 0.023437500 0.050781250 0.035156250 0.027343750 0.027343750 0.015625000 0.007812500 0.023437500 0.007812500 0.011718750 0.011718750 0.019531250 0.015625000 0.031250000 0.011718750 0.027343750 0.011718750 0.003906250 0.011718750 0.011718750 0.015625000 0.015625000 0.015625000 0.019531250 0.011718750 0.011718750 0.027343750 0.035156250 0.015625000 0.023437500 0.031250000 0.015625000 0.019531250 0.011718750 0.011718750 0.000000000 0.015625000 0.007812500 0.019531250 0.019531250 0.007812500 0.023437500 0.027343750 0.011718750 0.015625000 0.007812500 0.015625000 0.003906250 0.019531250 0.015625000 0.003906250 0.007812500 0.011718750 0.015625000 0.011718750 0.023437500 0.023437500 0.007812500 0.015625000 0.007812500 0.007812500 0.007812500 0.003906250 0.003906250 0.015625000 0.015625000 0.011718750 0.023437500 0.023437500 0.015625000 0.023437500 0.011718750 0.003906250 0.007812500 0.019531250 0.011718750 0.007812500 0.007812500 0.007812500 0.003906250 0.003906250 0.011718750 0.015625000 0.011718750 0.015625000 0.003906250 0.011718750 0.003906250 0.000000000 0.011718750 0.011718750 0.003906250 0.003906250 0.019531250 0.023437500 0.023437500 0.015625000 0.003906250 0.007812500 0.011718750 0.007812500 0.003906250 0.007812500 0.015625000 0.011718750 0.015625000 0.011718750 0.011718750 0.007812500 0.003906250 0.003906250 0.007812500 0.000000000 0.007812500 0.015625000 0.019531250 0.011718750 0.003906250 0.007812500 0.015625000 0.011718750 0.007812500 0.007812500 0.011718750 0.011718750 0.007812500 0.007812500 0.011718750 0.011718750 0.007812500 0.003906250 0.003906250 0.003906250 0.003906250 0.007812500 0.011718750 0.007812500 0.003906250 0.003906250 0.011718750 0.011718750 0.011718750 0.007812500 0.007812500 0.007812500 0.007812500 0.000000000 0.003906250 0.007812500 0.007812500 0.003906250 0.003906250 0.000000000 0.003906250 0.003906250 0.003906250 0.003906250 0.003906250 0.003906250 0.003906250 0.003906250 0.007812500 0.003906250 0.003906250 0.003906250 0.007812500 0.007812500 0.011718750 0.011718750 0.003906250 0.003906250 0.007812500 0.003906250 0.007812500 0.000000000 0.003906250 0.003906250 0.011718750 0.003906250 0.011718750 0.003906250 0.000000000 0.007812500 0.011718750 0.003906250 0.007812500 0.003906250 0.007812500 0.003906250 0.007812500 0.007812500 0.011718750 0.003906250 0.003906250 0.007812500 0.007812500 0.011718750 0.011718750 0.007812500 0.003906250 0.007812500 0.007812500 0.015625000 0.007812500 0.007812500 0.003906250 0.011718750 0.007812500 0.015625000 0.007812500 0.011718750 0.000000000 
0.015625000 0.019531250 0.019531250 0.003906250 0.027343750 0.058593750 0.011718750 0.027343750 0.042968750 0.031250000 0.019531250 0.019531250 0.027343750 0.011718750 0.035156250 0.027343750 0.039062500 0.070312500 0.003906250 0.027343750 0.054687500 0.023437500 0.015625000 0.042968750 0.011718750 0.019531250 0.015625000 0.031250000 0.003906250 0.007812500 0.011718750 0.027343750 0.023437500 0.007812500 0.027343750 0.062500000 0.046875000 0.015625000 0.007812500 0.019531250 0.054687500 0.035156250 0.015625000 0.035156250 0.027343750 0.031250000 0.085937500 0.101562500 0.054687500 0.046875000 0.019531250 0.015625000 0.011718750 0.035156250 0.023437500 0.015625000 0.019531250 0.011718750 0.042968750 0.027343750 0.015625000 0.023437500 0.011718750 0.011718750 0.015625000 0.023437500 0.023437500 0.019531250 0.015625000 0.007812500 0.015625000 0.027343750 0.023437500 0.027343750 0.046875000 0.007812500 0.039062500 0.054687500 0.019531250 0.027343750 0.007812500 0.019531250 0.003906250 0.015625000 0.019531250 0.011718750 0.039062500 0.011718750 0.015625000 0.031250000 0.003906250 0.011718750 0.011718750 0.031250000 0.007812500 0.015625000 0.015625000 0.003906250 0.035156250 0.023437500 0.007812500 0.031250000 0.011718750 0.023437500 0.011718750 0.015625000 0.015625000 0.011718750 0.019531250 0.019531250 0.035156250 0.015625000 0.023437500 0.035156250 0.019531250 0.011718750 0.031250000 0.023437500 0.023437500 0.023437500 0.011718750 0.011718750 0.019531250 0.015625000 0.019531250 0.011718750 0.019531250 0.003906250 0.023437500 0.039062500 0.023437500 0.003906250 0.015625000 0.023437500 0.042968750 0.019531250 0.019531250 0.011718750 0.015625000 0.019531250 0.050781250 0.039062500 0.027343750 0.023437500 0.007812500 0.007812500 0.007812500 0.003906250 0.015625000 0.019531250 0.023437500 0.015625000 0.007812500 0.007812500 0.003906250 0.007812500 0.003906250 0.007812500 0.015625000 0.027343750 0.007812500 0.015625000 0.015625000 0.015625000 0.011718750 0.015625000 0.007812500 0.019531250 0.011718750 0.007812500 0.015625000 0.007812500 0.007812500 0.015625000 0.011718750 0.003906250 0.003906250 0.007812500 0.003906250 0.007812500 0.011718750 0.011718750 0.007812500 0.003906250 0.011718750 0.015625000 0.007812500 0.007812500 0.007812500 0.011718750 0.003906250 0.003906250 0.007812500 0.011718750 0.000000000 0.007812500 0.011718750 0.007812500 0.011718750 0.007812500 0.011718750 0.015625000 0.007812500 0.011718750 0.007812500 0.007812500 0.011718750 0.003906250 0.007812500 0.011718750 0.007812500 0.011718750 0.019531250 0.007812500 0.003906250 0.003906250 0.011718750 0.003906250 0.011718750 0.011718750 0.019531250 0.011718750 0.007812500 0.003906250 0.007812500 0.007812500 0.003906250 0.007812500 0.011718750 0.003906250 0.007812500 0.003906250 0.015625000 0.007812500 0.011718750 0.007812500 0.019531250 0.015625000 0.011718750 0.015625000 0.003906250 0.011718750 0.011718750 0.015625000 0.019531250 0.023437500 0.011718750 0.007812500 0.023437500 0.019531250 0.003906250 0.011718750 0.019531250 0.023437500 0.011718750 0.015625000 0.007812500 
0.023437500 0.011718750 0.035156250 0.035156250 0.058593750 0.031250000 0.031250000 0.031250000 0.042968750 0.042968750 0.019531250 0.035156250 0.015625000 0.046875000 0.015625000 0.062500000 0.015625000 0.105468750 0.027343750 0.019531250 0.050781250 0.031250000 0.039062500 0.015625000 0.027343750 0.046875000 0.019531250 0.011718750 0.023437500 0.019531250 0.011718750 0.019531250 0.011718750 0.023437500 0.031250000 0.085937500 0.011718750 0.011718750 0.003906250 0.042968750 0.109375000 0.074218750 0.031250000 0.050781250 0.050781250 0.042968750 0.121093750 0.156250000 0.039062500 0.062500000 0.027343750 0.011718750 0.054687500 0.070312500 0.019531250 0.011718750 0.019531250 0.007812500 0.042968750 0.031250000 0.019531250 0.031250000 0.019531250 0.007812500 0.019531250 0.019531250 0.027343750 0.031250000 0.015625000 0.015625000 0.023437500 0.039062500 0.023437500 0.015625000 0.054687500 0.027343750 0.062500000 0.027343750 0.050781250 0.011718750 0.035156250 0.003906250 0.011718750 0.007812500 0.023437500 0.023437500 0.027343750 0.015625000 0.019531250 0.031250000 0.007812500 0.019531250 0.003906250 0.042968750 0.011718750 0.019531250 0.011718750 0.011718750 0.019531250 0.039062500 0.007812500 0.023437500 0.031250000 0.015625000 0.039062500 0.007812500 0.023437500 0.007812500 0.023437500 0.007812500 0.050781250 0.011718750 0.019531250 0.039062500 0.015625000 0.007812500 0.023437500 0.023437500 0.035156250 0.019531250 0.015625000 0.011718750 0.015625000 0.011718750 0.015625000 0.027343750 0.042968750 0.019531250 0.039062500 0.015625000 0.031250000 0.023437500 0.039062500 0.058593750 0.039062500 0.019531250 0.027343750 0.027343750 0.031250000 0.023437500 0.066406250 0.023437500 0.015625000 0.042968750 0.003906250 0.003906250 0.015625000 0.011718750 0.007812500 0.027343750 0.019531250 0.019531250 0.007812500 0.011718750 0.007812500 0.000000000 0.003906250 0.003906250 0.015625000 0.031250000 0.003906250 0.023437500 0.007812500 0.023437500 0.007812500 0.019531250 0.015625000 0.023437500 0.011718750 0.007812500 0.019531250 0.011718750 0.011718750 0.011718750 0.015625000 0.003906250 0.011718750 0.015625000 0.011718750 0.019531250 0.015625000 0.003906250 0.019531250 0.015625000 0.019531250 0.015625000 0.011718750 0.000000000 0.000000000 0.019531250 0.003906250 0.003906250 0.007812500 0.007812500 0.007812500 0.015625000 0.003906250 0.015625000 0.011718750 0.019531250 0.003906250 0.027343750 0.003906250 0.015625000 0.007812500 0.019531250 0.003906250 0.011718750 0.007812500 0.003906250 0.019531250 0.015625000 0.015625000 0.011718750 0.003906250 0.007812500 0.007812500 0.007812500 0.019531250 0.015625000 0.015625000 0.007812500 0.015625000 0.011718750 0.015625000 0.011718750 0.007812500 0.015625000 0.015625000 0.023437500 0.023437500 0.019531250 0.011718750 0.007812500 0.023437500 0.003906250 0.027343750 0.011718750 0.015625000 0.011718750 0.003906250 0.007812500 0.011718750 0.011718750 0.023437500 0.031250000 0.007812500 0.007812500 0.019531250 0.015625000 0.019531250 0.019531250 0.031250000 0.019531250 0.011718750 0.011718750 0.007812500 
0.027343750 0.011718750 0.031250000 0.011718750 0.085937500 0.058593750 0.007812500 0.031250000 0.023437500 0.027343750 0.070312500 0.113281250 0.039062500 0.031250000 0.035156250 0.023437500 0.062500000 0.128906250 0.015625000 0.027343750 0.023437500 0.011718750 0.039062500 0.039062500 0.050781250 0.058593750 0.023437500 0.015625000 0.050781250 0.023437500 0.042968750 0.035156250 0.011718750 0.003906250 0.031250000 0.093750000 0.031250000 0.019531250 0.015625000 0.074218750 0.097656250 0.156250000 0.058593750 0.066406250 0.058593750 0.039062500 0.152343750 0.160156250 0.062500000 0.089843750 0.019531250 0.011718750 0.089843750 0.050781250 0.035156250 0.015625000 0.019531250 0.015625000 0.027343750 0.042968750 0.031250000 0.015625000 0.031250000 0.023437500 0.035156250 0.027343750 0.023437500 0.031250000 0.000000000 0.035156250 0.007812500 0.027343750 0.019531250 0.007812500 0.050781250 0.015625000 0.062500000 0.003906250 0.054687500 0.011718750 0.035156250 0.011718750 0.015625000 0.011718750 0.019531250 0.007812500 0.015625000 0.019531250 0.011718750 0.027343750 0.003906250 0.015625000 0.019531250 0.027343750 0.015625000 0.015625000 0.015625000 0.027343750 0.035156250 0.023437500 0.011718750 0.015625000 0.023437500 0.015625000 0.039062500 0.003906250 0.023437500 0.007812500 0.039062500 0.011718750 0.027343750 0.031250000 0.003906250 0.019531250 0.019531250 0.019531250 0.007812500 0.023437500 0.031250000 0.015625000 0.011718750 0.035156250 0.027343750 0.003906250 0.007812500 0.031250000 0.046875000 0.031250000 0.050781250 0.011718750 0.023437500 0.023437500 0.039062500 0.054687500 0.039062500 0.015625000 0.031250000 0.019531250 0.023437500 0.046875000 0.035156250 0.031250000 0.039062500 0.039062500 0.011718750 0.019531250 0.035156250 0.039062500 0.027343750 0.035156250 0.019531250 0.019531250 0.015625000 0.027343750 0.011718750 0.019531250 0.011718750 0.003906250 0.019531250 0.023437500 0.027343750 0.019531250 0.015625000 0.019531250 0.023437500 0.015625000 0.042968750 0.003906250 0.007812500 0.007812500 0.027343750 0.019531250 0.015625000 0.007812500 0.023437500 0.011718750 0.007812500 0.019531250 0.007812500 0.015625000 0.015625000 0.007812500 0.023437500 0.019531250 0.015625000 0.015625000 0.015625000 0.007812500 0.011718750 0.007812500 0.015625000 0.011718750 0.011718750 0.011718750 0.007812500 0.011718750 0.003906250 0.015625000 0.007812500 0.019531250 0.003906250 0.031250000 0.011718750 0.011718750 0.003906250 0.019531250 0.007812500 0.007812500 0.015625000 0.011718750 0.019531250 0.019531250 0.003906250 0.011718750 0.015625000 0.003906250 0.011718750 0.007812500 0.011718750 0.027343750 0.031250000 0.011718750 0.003906250 0.023437500 0.011718750 0.011718750 0.011718750 0.007812500 0.031250000 0.031250000 0.015625000 0.023437500 0.007812500 0.015625000 0.031250000 0.007812500 0.027343750 0.011718750 0.019531250 0.007812500 0.011718750 0.003906250 0.011718750 0.011718750 0.031250000 0.019531250 0.019531250 0.007812500 0.015625000 0.011718750 0.023437500 0.011718750 0.035156250 0.019531250 0.015625000 0.011718750 0.019531250 
0.015625000 0.023437500 0.027343750 0.023437500 0.105468750 0.078125000 0.023437500 0.011718750 0.019531250 0.023437500 0.054687500 0.144531250 0.035156250 0.039062500 0.031250000 0.019531250 0.039062500 0.156250000 0.031250000 0.046875000 0.023437500 0.035156250 0.019531250 0.054687500 0.046875000 0.074218750 0.003906250 0.027343750 0.078125000 0.070312500 0.046875000 0.007812500 0.023437500 0.035156250 0.039062500 0.046875000 0.019531250 0.027343750 0.042968750 0.058593750 0.070312500 0.273437500 0.070312500 0.011718750 0.003906250 0.062500000 0.144531250 0.195312500 0.070312500 0.042968750 0.015625000 0.046875000 0.066406250 0.042968750 0.019531250 0.062500000 0.027343750 0.035156250 0.011718750 0.019531250 0.031250000 0.011718750 0.050781250 0.031250000 0.011718750 0.039062500 0.007812500 0.058593750 0.023437500 0.027343750 0.019531250 0.023437500 0.031250000 0.011718750 0.019531250 0.042968750 0.039062500 0.023437500 0.039062500 0.023437500 0.035156250 0.027343750 0.039062500 0.035156250 0.011718750 0.007812500 0.003906250 0.023437500 0.015625000 0.007812500 0.003906250 0.007812500 0.039062500 0.015625000 0.042968750 0.027343750 0.027343750 0.015625000 0.031250000 0.019531250 0.039062500 0.023437500 0.019531250 0.015625000 0.039062500 0.003906250 0.023437500 0.015625000 0.031250000 0.027343750 0.019531250 0.027343750 0.011718750 0.019531250 0.015625000 0.007812500 0.031250000 0.011718750 0.007812500 0.003906250 0.023437500 0.007812500 0.019531250 0.027343750 0.015625000 0.035156250 0.039062500 0.035156250 0.042968750 0.015625000 0.027343750 0.015625000 0.042968750 0.031250000 0.042968750 0.027343750 0.003906250 0.019531250 0.039062500 0.027343750 0.007812500 0.046875000 0.011718750 0.011718750 0.011718750 0.011718750 0.027343750 0.046875000 0.007812500 0.023437500 0.019531250 0.015625000 0.011718750 0.019531250 0.015625000 0.042968750 0.035156250 0.027343750 0.023437500 0.039062500 0.023437500 0.031250000 0.015625000 0.011718750 0.042968750 0.035156250 0.015625000 0.019531250 0.007812500 0.015625000 0.015625000 0.011718750 0.007812500 0.015625000 0.019531250 0.015625000 0.015625000 0.011718750 0.011718750 0.015625000 0.011718750 0.011718750 0.031250000 0.007812500 0.007812500 0.019531250 0.027343750 0.019531250 0.011718750 0.015625000 0.015625000 0.015625000 0.011718750 0.007812500 0.023437500 0.015625000 0.023437500 0.007812500 0.007812500 0.019531250 0.015625000 0.007812500 0.023437500 0.019531250 0.019531250 0.019531250 0.007812500 0.007812500 0.011718750 0.011718750 0.011718750 0.011718750 0.003906250 0.007812500 0.023437500 0.019531250 0.015625000 0.019531250 0.011718750 0.011718750 0.023437500 0.031250000 0.015625000 0.015625000 0.019531250 0.000000000 0.011718750 0.015625000 0.011718750 0.046875000 0.015625000 0.023437500 0.003906250 0.015625000 0.019531250 0.019531250 0.007812500 0.015625000 0.011718750 0.015625000 0.019531250 0.007812500 0.015625000 0.007812500 0.019531250 0.003906250 0.027343750 0.007812500 0.011718750 0.015625000 0.023437500 0.011718750 0.015625000 0.015625000 0.000000000 0.015625000 0.007812500 
0.007812500 0.019531250 0.023437500 0.027343750 0.101562500 0.082031250 0.007812500 0.007812500 0.027343750 0.031250000 0.046875000 0.140625000 0.054687500 0.058593750 0.039062500 0.007812500 0.058593750 0.199218750 0.058593750 0.023437500 0.046875000 0.050781250 0.050781250 0.101562500 0.093750000 0.058593750 0.023437500 0.023437500 0.062500000 0.152343750 0.035156250 0.019531250 0.007812500 0.066406250 0.015625000 0.027343750 0.050781250 0.046875000 0.039062500 0.062500000 0.171875000 0.308593750 0.027343750 0.031250000 0.019531250 0.015625000 0.132812500 0.210937500 0.058593750 0.031250000 0.023437500 0.007812500 0.023437500 0.046875000 0.046875000 0.019531250 0.031250000 0.007812500 0.050781250 0.003906250 0.003906250 0.050781250 0.035156250 0.062500000 0.027343750 0.046875000 0.007812500 0.054687500 0.019531250 0.019531250 0.023437500 0.019531250 0.019531250 0.000000000 0.015625000 0.039062500 0.023437500 0.023437500 0.039062500 0.007812500 0.007812500 0.054687500 0.042968750 0.031250000 0.007812500 0.019531250 0.015625000 0.011718750 0.027343750 0.023437500 0.015625000 0.011718750 0.042968750 0.007812500 0.050781250 0.027343750 0.031250000 0.007812500 0.019531250 0.039062500 0.031250000 0.019531250 0.011718750 0.015625000 0.027343750 0.023437500 0.019531250 0.015625000 0.027343750 0.011718750 0.031250000 0.031250000 0.011718750 0.015625000 0.031250000 0.011718750 0.035156250 0.027343750 0.011718750 0.007812500 0.031250000 0.027343750 0.046875000 0.011718750 0.019531250 0.023437500 0.011718750 0.039062500 0.050781250 0.007812500 0.011718750 0.019531250 0.007812500 0.015625000 0.019531250 0.007812500 0.027343750 0.023437500 0.023437500 0.000000000 0.023437500 0.031250000 0.019531250 0.015625000 0.019531250 0.011718750 0.023437500 0.046875000 0.007812500 0.023437500 0.015625000 0.011718750 0.019531250 0.019531250 0.015625000 0.027343750 0.058593750 0.019531250 0.027343750 0.031250000 0.027343750 0.027343750 0.027343750 0.023437500 0.019531250 0.046875000 0.015625000 0.019531250 0.023437500 0.007812500 0.007812500 0.023437500 0.027343750 0.023437500 0.039062500 0.011718750 0.011718750 0.003906250 0.007812500 0.019531250 0.011718750 0.027343750 0.007812500 0.023437500 0.023437500 0.027343750 0.019531250 0.019531250 0.011718750 0.011718750 0.019531250 0.011718750 0.015625000 0.011718750 0.027343750 0.027343750 0.019531250 0.007812500 0.011718750 0.015625000 0.007812500 0.015625000 0.031250000 0.023437500 0.023437500 0.019531250 0.011718750 0.015625000 0.011718750 0.015625000 0.003906250 0.011718750 0.007812500 0.007812500 0.023437500 0.019531250 0.011718750 0.015625000 0.015625000 0.000000000 0.023437500 0.039062500 0.007812500 0.027343750 0.019531250 0.011718750 0.003906250 0.027343750 0.007812500 0.027343750 0.031250000 0.007812500 0.011718750 0.011718750 0.015625000 0.027343750 0.011718750 0.023437500 0.023437500 0.003906250 0.027343750 0.007812500 0.019531250 0.011718750 0.011718750 0.015625000 0.027343750 0.007812500 0.003906250 0.011718750 0.015625000 0.015625000 0.007812500 0.007812500 0.003906250 0.015625000 0.007812500 
0.023437500 0.027343750 0.011718750 0.027343750 0.085937500 0.050781250 0.042968750 0.027343750 0.035156250 0.031250000 0.050781250 0.097656250 0.042968750 0.058593750 0.039062500 0.019531250 0.062500000 0.183593750 0.093750000 0.054687500 0.035156250 0.039062500 0.074218750 0.113281250 0.097656250 0.042968750 0.011718750 0.039062500 0.042968750 0.171875000 0.015625000 0.007812500 0.046875000 0.019531250 0.062500000 0.039062500 0.062500000 0.027343750 0.011718750 0.039062500 0.203125000 0.281250000 0.066406250 0.054687500 0.035156250 0.042968750 0.097656250 0.210937500 0.031250000 0.062500000 0.023437500 0.023437500 0.019531250 0.050781250 0.042968750 0.039062500 0.019531250 0.031250000 0.019531250 0.023437500 0.019531250 0.035156250 0.050781250 0.054687500 0.039062500 0.058593750 0.003906250 0.058593750 0.015625000 0.007812500 0.019531250 0.015625000 0.015625000 0.003906250 0.007812500 0.023437500 0.027343750 0.011718750 0.019531250 0.011718750 0.007812500 0.046875000 0.054687500 0.031250000 0.003906250 0.015625000 0.011718750 0.011718750 0.027343750 0.023437500 0.023437500 0.007812500 0.042968750 0.011718750 0.039062500 0.035156250 0.027343750 0.015625000 0.027343750 0.023437500 0.027343750 0.007812500 0.027343750 0.023437500 0.007812500 0.031250000 0.031250000 0.011718750 0.027343750 0.007812500 0.027343750 0.015625000 0.031250000 0.011718750 0.031250000 0.003906250 0.035156250 0.035156250 0.015625000 0.023437500 0.019531250 0.031250000 0.046875000 0.007812500 0.023437500 0.035156250 0.015625000 0.027343750 0.023437500 0.015625000 0.023437500 0.015625000 0.011718750 0.011718750 0.031250000 0.023437500 0.035156250 0.019531250 0.007812500 0.019531250 0.015625000 0.039062500 0.007812500 0.003906250 0.015625000 0.035156250 0.019531250 0.027343750 0.011718750 0.011718750 0.035156250 0.019531250 0.003906250 0.011718750 0.003906250 0.011718750 0.054687500 0.027343750 0.031250000 0.031250000 0.027343750 0.019531250 0.023437500 0.031250000 0.027343750 0.035156250 0.011718750 0.015625000 0.015625000 0.007812500 0.015625000 0.019531250 0.019531250 0.015625000 0.035156250 0.023437500 0.015625000 0.007812500 0.011718750 0.015625000 0.011718750 0.027343750 0.011718750 0.019531250 0.031250000 0.023437500 0.007812500 0.019531250 0.019531250 0.011718750 0.019531250 0.007812500 0.011718750 0.007812500 0.023437500 0.031250000 0.007812500 0.027343750 0.015625000 0.011718750 0.000000000 0.007812500 0.027343750 0.031250000 0.015625000 0.023437500 0.007812500 0.011718750 0.007812500 0.015625000 0.011718750 0.007812500 0.011718750 0.015625000 0.019531250 0.031250000 0.019531250 0.023437500 0.007812500 0.015625000 0.011718750 0.031250000 0.000000000 0.035156250 0.015625000 0.011718750 0.023437500 0.003906250 0.011718750 0.015625000 0.039062500 0.011718750 0.015625000 0.000000000 0.019531250 0.023437500 0.011718750 0.027343750 0.027343750 0.011718750 0.027343750 0.015625000 0.011718750 0.023437500 0.027343750 0.007812500 0.019531250 0.003906250 0.003906250 0.015625000 0.011718750 0.011718750 0.011718750 0.003906250 0.007812500 0.007812500 0.023437500 
0.015625000 0.027343750 0.035156250 0.019531250 0.046875000 0.031250000 0.031250000 0.039062500 0.023437500 0.039062500 0.042968750 0.085937500 0.023437500 0.042968750 0.046875000 0.007812500 0.082031250 0.152343750 0.074218750 0.062500000 0.019531250 0.011718750 0.046875000 0.214843750 0.015625000 0.035156250 0.050781250 0.035156250 0.031250000 0.160156250 0.027343750 0.050781250 0.027343750 0.015625000 0.046875000 0.085937500 0.109375000 0.066406250 0.035156250 0.093750000 0.144531250 0.222656250 0.097656250 0.027343750 0.050781250 0.039062500 0.074218750 0.140625000 0.046875000 0.035156250 0.015625000 0.027343750 0.027343750 0.050781250 0.042968750 0.019531250 0.019531250 0.015625000 0.003906250 0.019531250 0.027343750 0.011718750 0.023437500 0.046875000 0.035156250 0.050781250 0.019531250 0.031250000 0.035156250 0.035156250 0.015625000 0.015625000 0.015625000 0.019531250 0.027343750 0.019531250 0.046875000 0.019531250 0.027343750 0.031250000 0.039062500 0.031250000 0.031250000 0.035156250 0.027343750 0.015625000 0.023437500 0.035156250 0.023437500 0.042968750 0.011718750 0.015625000 0.023437500 0.031250000 0.007812500 0.011718750 0.007812500 0.023437500 0.019531250 0.027343750 0.031250000 0.027343750 0.027343750 0.000000000 0.039062500 0.035156250 0.023437500 0.015625000 0.011718750 0.011718750 0.027343750 0.019531250 0.019531250 0.023437500 0.031250000 0.011718750 0.031250000 0.023437500 0.007812500 0.023437500 0.011718750 0.031250000 0.031250000 0.019531250 0.027343750 0.015625000 0.023437500 0.023437500 0.011718750 0.035156250 0.011718750 0.015625000 0.015625000 0.011718750 0.035156250 0.007812500 0.011718750 0.027343750 0.007812500 0.015625000 0.011718750 0.027343750 0.015625000 0.023437500 0.007812500 0.035156250 0.015625000 0.019531250 0.027343750 0.015625000 0.011718750 0.023437500 0.011718750 0.003906250 0.019531250 0.023437500 0.015625000 0.027343750 0.015625000 0.003906250 0.015625000 0.015625000 0.011718750 0.027343750 0.015625000 0.003906250 0.011718750 0.019531250 0.019531250 0.003906250 0.019531250 0.019531250 0.011718750 0.027343750 0.015625000 0.039062500 0.000000000 0.007812500 0.019531250 0.015625000 0.015625000 0.015625000 0.003906250 0.015625000 0.027343750 0.007812500 0.023437500 0.007812500 0.015625000 0.007812500 0.003906250 0.011718750 0.011718750 0.015625000 0.027343750 0.015625000 0.011718750 0.019531250 0.023437500 0.019531250 0.007812500 0.011718750 0.023437500 0.027343750 0.015625000 0.019531250 0.007812500 0.015625000 0.019531250 0.023437500 0.015625000 0.023437500 0.011718750 0.031250000 0.007812500 0.019531250 0.007812500 0.015625000 0.011718750 0.011718750 0.011718750 0.011718750 0.015625000 0.027343750 0.015625000 0.011718750 0.023437500 0.007812500 0.003906250 0.003906250 0.023437500 0.007812500 0.015625000 0.007812500 0.019531250 0.019531250 0.015625000 0.027343750 0.015625000 0.003906250 0.023437500 0.015625000 0.011718750 0.019531250 0.019531250 0.007812500 0.019531250 0.007812500 0.007812500 0.000000000 0.015625000 0.007812500 0.003906250 0.000000000 0.003906250 0.007812500 0.023437500 
0.015625000 0.019531250 0.015625000 0.019531250 0.035156250 0.023437500 0.046875000 0.011718750 0.003906250 0.011718750 0.062500000 0.066406250 0.035156250 0.027343750 0.039062500 0.027343750 0.062500000 0.078125000 0.035156250 0.039062500 0.039062500 0.062500000 0.019531250 0.160156250 0.054687500 0.042968750 0.007812500 0.035156250 0.054687500 0.113281250 0.031250000 0.023437500 0.011718750 0.019531250 0.019531250 0.136718750 0.054687500 0.039062500 0.015625000 0.039062500 0.070312500 0.160156250 0.003906250 0.035156250 0.039062500 0.027343750 0.046875000 0.074218750 0.039062500 0.011718750 0.011718750 0.027343750 0.031250000 0.054687500 0.035156250 0.023437500 0.015625000 0.007812500 0.019531250 0.015625000 0.019531250 0.011718750 0.023437500 0.031250000 0.003906250 0.015625000 0.003906250 0.007812500 0.046875000 0.000000000 0.019531250 0.011718750 0.003906250 0.011718750 0.031250000 0.027343750 0.027343750 0.027343750 0.035156250 0.031250000 0.027343750 0.019531250 0.011718750 0.046875000 0.023437500 0.031250000 0.015625000 0.042968750 0.027343750 0.035156250 0.007812500 0.003906250 0.011718750 0.015625000 0.015625000 0.011718750 0.011718750 0.019531250 0.023437500 0.050781250 0.015625000 0.003906250 0.007812500 0.007812500 0.023437500 0.058593750 0.019531250 0.003906250 0.011718750 0.019531250 0.015625000 0.019531250 0.015625000 0.019531250 0.015625000 0.007812500 0.027343750 0.003906250 0.011718750 0.015625000 0.007812500 0.011718750 0.015625000 0.003906250 0.015625000 0.015625000 0.023437500 0.015625000 0.019531250 0.023437500 0.015625000 0.011718750 0.023437500 0.003906250 0.027343750 0.023437500 0.015625000 0.015625000 0.007812500 0.007812500 0.007812500 0.019531250 0.019531250 0.019531250 0.007812500 0.031250000 0.019531250 0.015625000 0.015625000 0.023437500 0.015625000 0.027343750 0.003906250 0.011718750 0.023437500 0.015625000 0.015625000 0.011718750 0.011718750 0.015625000 0.015625000 0.007812500 0.023437500 0.019531250 0.003906250 0.015625000 0.019531250 0.019531250 0.019531250 0.003906250 0.027343750 0.019531250 0.003906250 0.023437500 0.007812500 0.023437500 0.019531250 0.023437500 0.007812500 0.011718750 0.015625000 0.003906250 0.011718750 0.003906250 0.011718750 0.011718750 0.007812500 0.015625000 0.015625000 0.011718750 0.007812500 0.015625000 0.011718750 0.003906250 0.011718750 0.007812500 0.011718750 0.015625000 0.027343750 0.007812500 0.007812500 0.007812500 0.019531250 0.019531250 0.011718750 0.015625000 0.015625000 0.023437500 0.015625000 0.019531250 0.007812500 0.027343750 0.015625000 0.027343750 0.000000000 0.019531250 0.015625000 0.007812500 0.007812500 0.011718750 0.011718750 0.007812500 0.000000000 0.007812500 0.023437500 0.003906250 0.011718750 0.019531250 0.003906250 0.011718750 0.011718750 0.003906250 0.015625000 0.007812500 0.015625000 0.007812500 0.003906250 0.003906250 0.011718750 0.011718750 0.015625000 0.003906250 0.019531250 0.015625000 0.011718750 0.011718750 0.019531250 0.003906250 0.019531250 0.007812500 0.011718750 0.003906250 0.007812500 0.007812500 0.003906250 0.015625000 0.007812500 
0.007812500 0.011718750 0.027343750 0.003906250 0.023437500 0.023437500 0.039062500 0.015625000 0.023437500 0.011718750 0.046875000 0.050781250 0.054687500 0.015625000 0.023437500 0.015625000 0.011718750 0.019531250 0.035156250 0.023437500 0.027343750 0.031250000 0.058593750 0.097656250 0.078125000 0.023437500 0.011718750 0.050781250 0.054687500 0.066406250 0.035156250 0.023437500 0.027343750 0.011718750 0.042968750 0.089843750 0.066406250 0.046875000 0.007812500 0.035156250 0.070312500 0.093750000 0.054687500 0.015625000 0.015625000 0.023437500 0.015625000 0.023437500 0.003906250 0.003906250 0.011718750 0.015625000 0.046875000 0.035156250 0.019531250 0.003906250 0.023437500 0.003906250 0.023437500 0.007812500 0.011718750 0.003906250 0.011718750 0.011718750 0.019531250 0.007812500 0.011718750 0.015625000 0.023437500 0.011718750 0.015625000 0.011718750 0.011718750 0.007812500 0.031250000 0.031250000 0.027343750 0.015625000 0.023437500 0.035156250 0.019531250 0.011718750 0.023437500 0.023437500 0.023437500 0.031250000 0.019531250 0.027343750 0.039062500 0.023437500 0.000000000 0.003906250 0.007812500 0.011718750 0.019531250 0.007812500 0.011718750 0.015625000 0.027343750 0.042968750 0.027343750 0.003906250 0.003906250 0.015625000 0.019531250 0.042968750 0.031250000 0.003906250 0.003906250 0.011718750 0.011718750 0.011718750 0.023437500 0.011718750 0.011718750 0.007812500 0.023437500 0.007812500 0.015625000 0.007812500 0.011718750 0.007812500 0.019531250 0.003906250 0.015625000 0.015625000 0.015625000 0.011718750 0.019531250 0.015625000 0.023437500 0.015625000 0.015625000 0.007812500 0.011718750 0.007812500 0.015625000 0.011718750 0.007812500 0.015625000 0.003906250 0.007812500 0.011718750 0.023437500 0.011718750 0.015625000 0.007812500 0.011718750 0.007812500 0.015625000 0.011718750 0.011718750 0.003906250 0.007812500 0.011718750 0.015625000 0.015625000 0.011718750 0.011718750 0.019531250 0.007812500 0.007812500 0.015625000 0.019531250 0.003906250 0.019531250 0.015625000 0.003906250 0.003906250 0.019531250 0.015625000 0.007812500 0.007812500 0.011718750 0.011718750 0.007812500 0.019531250 0.015625000 0.011718750 0.011718750 0.007812500 0.007812500 0.007812500 0.003906250 0.007812500 0.011718750 0.003906250 0.011718750 0.015625000 0.007812500 0.007812500 0.011718750 0.011718750 0.003906250 0.007812500 0.007812500 0.003906250 0.000000000 0.015625000 0.015625000 0.007812500 0.011718750 0.011718750 0.007812500 0.003906250 0.003906250 0.015625000 0.019531250 0.015625000 0.011718750 0.015625000 0.015625000 0.023437500 0.019531250 0.007812500 0.011718750 0.019531250 0.007812500 0.011718750 0.007812500 0.003906250 0.003906250 0.003906250 0.007812500 0.011718750 0.007812500 0.007812500 0.011718750 0.007812500 0.007812500 0.007812500 0.003906250 0.007812500 0.011718750 0.007812500 0.003906250 0.003906250 0.000000000 0.003906250 0.007812500 0.011718750 0.011718750 0.003906250 0.003906250 0.003906250 0.007812500 0.011718750 0.007812500 0.007812500 0.007812500 0.007812500 0.003906250 0.007812500 0.000000000 0.007812500 0.007812500 0.000000000 
0.003906250 0.007812500 0.011718750 0.011718750 0.007812500 0.003906250 0.007812500 0.011718750 0.011718750 0.007812500 0.003906250 0.003906250 0.011718750 0.015625000 0.011718750 0.007812500 0.003906250 0.011718750 0.015625000 0.015625000 0.011718750 0.003906250 0.007812500 0.015625000 0.019531250 0.015625000 0.007812500 0.003906250 0.011718750 0.019531250 0.019531250 0.011718750 0.003906250 0.007812500 0.015625000 0.019531250 0.015625000 0.007812500 0.003906250 0.011718750 0.019531250 0.019531250 0.011718750 0.003906250 0.007812500 0.015625000 0.015625000 0.015625000 0.007812500 0.003906250 0.011718750 0.015625000 0.015625000 0.011718750 0.003906250 0.003906250 0.011718750 0.011718750 0.011718750 0.003906250 0.003906250 0.007812500 0.011718750 0.011718750 0.007812500 0.003906250 0.007812500 0.011718750 0.011718750 0.007812500 0.003906250 0.007812500 0.011718750 0.011718750 0.007812500 0.003906250 0.007812500 0.011718750 0.011718750 0.007812500 0.003906250 0.003906250 0.011718750 0.015625000 0.011718750 0.007812500 0.003906250 0.007812500 0.015625000 0.015625000 0.011718750 0.003906250 0.007812500 0.011718750 0.015625000 0.015625000 0.007812500 0.003906250 0.011718750 0.015625000 0.015625000 0.011718750 0.003906250 0.007812500 0.011718750 0.015625000 0.015625000 0.007812500 0.003906250 0.007812500 0.015625000 0.015625000 0.011718750 0.003906250 0.003906250 0.011718750 0.015625000 0.011718750 0.007812500 0.000000000 0.007812500 0.011718750 0.011718750 0.007812500 0.003906250 0.003906250 0.007812500 0.007812500 0.007812500 0.003906250 0.003906250 0.003906250 0.007812500 0.007812500 0.003906250 0.003906250 0.003906250 0.007812500 0.007812500 0.003906250 0.003906250 0.007812500 0.007812500 0.007812500 0.003906250 0.000000000 0.007812500 0.007812500 0.007812500 0.007812500 0.000000000 0.003906250 0.007812500 0.011718750 0.007812500 0.003906250 0.003906250 0.007812500 0.011718750 0.011718750 0.007812500 0.003906250 0.003906250 0.007812500 0.011718750 0.011718750 0.007812500 0.003906250 0.007812500 0.011718750 0.011718750 0.007812500 0.003906250 0.003906250 0.007812500 0.011718750 0.011718750 0.007812500 0.003906250 0.003906250 0.007812500 0.011718750 0.007812500 0.003906250 0.003906250 0.003906250 0.007812500 0.007812500 0.007812500 0.003906250 0.003906250 0.003906250 0.007812500 0.007812500 0.003906250 0.000000000 0.003906250 0.003906250 0.003906250 0.003906250 0.003906250 0.000000000 0.000000000 0.003906250 0.003906250 0.003906250 0.003906250 0.003906250 0.000000000 0.000000000 0.003906250 0.003906250 0.003906250 0.003906250 0.000000000 0.003906250 0.003906250 0.003906250 0.003906250 0.003906250 0.003906250 0.003906250 0.003906250 0.007812500 0.003906250 0.003906250 0.003906250 0.003906250 0.007812500 0.007812500 0.003906250 0.003906250 0.003906250 0.003906250 0.007812500 0.003906250 0.003906250 0.003906250 0.003906250 0.003906250 0.003906250 0.003906250 0.003906250 0.003906250 0.003906250 0.003906250 0.003906250 0.003906250 0.003906250 0.003906250 0.003906250 0.003906250 0.003906250 0.003906250 0.003906250 0.003906250 0.003906250 
