

================================================================
== Vitis HLS Report for 'log_17_9_s'
================================================================
* Date:           Mon Jan 19 23:15:27 2026

* Version:        2023.1 (Build 3854077 on May  4 2023)
* Project:        audrey_4_hls
* Solution:       solution1 (Vivado IP Flow Target)
* Product family: artix7
* Target device:  xc7a100t-csg324-1


================================================================
== Performance Estimates
================================================================
+ Timing: 
    * Summary: 
    +--------+----------+----------+------------+
    |  Clock |  Target  | Estimated| Uncertainty|
    +--------+----------+----------+------------+
    |ap_clk  |  10.00 ns|  6.876 ns|     2.70 ns|
    +--------+----------+----------+------------+

+ Latency: 
    * Summary: 
    +---------+---------+----------+----------+-----+-----+---------+
    |  Latency (cycles) |  Latency (absolute) |  Interval | Pipeline|
    |   min   |   max   |    min   |    max   | min | max |   Type  |
    +---------+---------+----------+----------+-----+-----+---------+
    |       10|       10|  0.100 us|  0.100 us|    1|    1|      yes|
    +---------+---------+----------+----------+-----+-----+---------+

    + Detail: 
        * Instance: 
        N/A

        * Loop: 
        N/A

============================================================
+ Verbose Summary: Synthesis Manager
============================================================
InlineROM: 1
ExposeGlobal: 0
============================================================
+ Verbose Summary: CDFG Model
============================================================
IsTopModel: 0
ResetActiveHigh: 1
IsCombinational: 0
IsDatapathOnly: 0
HasWiredReturn: 1
HasMFsm: 2
HasVarLatency: 0
IsPipeline: 1
IsRtlPipelined: 1
IsInstanceOverlapped: 0
IsDontTouch: 0
HasImplIP: 0
IsGatedGlobalClock: 0

+ Individual pipeline summary: 
  * Pipeline-0: initiation interval (II) = 1, depth = 11


============================================================
+ Verbose Summary: Schedule
============================================================
* Number of FSM states : 11
* Pipeline : 1
  Pipeline-0 : II = 1, D = 11, States = { 1 2 3 4 5 6 7 8 9 10 11 }
* Dataflow Pipeline: 0

* FSM state transitions: 
1 --> 2 
2 --> 3 
3 --> 4 
4 --> 5 
5 --> 6 
6 --> 7 
7 --> 8 
8 --> 9 
9 --> 10 
10 --> 11 
11 --> 

* FSM state operations: 

State 1 <SV = 0> <Delay = 6.30>
ST_1 : Operation 12 [1/1] (0.00ns)   --->   "%x_val_read = read i17 @_ssdm_op_Read.ap_auto.i17, i17 %x_val"   --->   Operation 12 'read' 'x_val_read' <Predicate = true> <Delay = 0.00>
ST_1 : Operation 13 [1/1] (0.00ns)   --->   "%specpipeline_ln509 = specpipeline void @_ssdm_op_SpecPipeline, i32 4294967295, i32 0, i32 0, i32 0, void @empty_1" [C:/Xilinx/Vitis_HLS/2023.1/common/technology/autopilot/etc/hls_log_apfixed.h:509]   --->   Operation 13 'specpipeline' 'specpipeline_ln509' <Predicate = true> <Delay = 0.00>
ST_1 : Operation 14 [1/1] (2.18ns)   --->   "%icmp_ln703 = icmp_slt  i17 %x_val_read, i17 1" [C:/Xilinx/Vitis_HLS/2023.1/common/technology/autopilot/etc/hls_log_apfixed.h:703]   --->   Operation 14 'icmp' 'icmp_ln703' <Predicate = true> <Delay = 2.18> <CoreInst = "Cmp">   --->   Core 9 'Cmp' <Latency = 0> <II = 1> <Delay = 2.18> <FuncUnit> <Opcode : 'icmp'> <InPorts = 2> <OutPorts = 1>
ST_1 : Operation 15 [1/1] (1.61ns)   --->   "%br_ln703 = br i1 %icmp_ln703, void %_ZN9ap_ufixedILi29ELi1EL9ap_q_mode5EL9ap_o_mode3ELi0EEC2Ei.exit, void %if.end66" [C:/Xilinx/Vitis_HLS/2023.1/common/technology/autopilot/etc/hls_log_apfixed.h:703]   --->   Operation 15 'br' 'br_ln703' <Predicate = true> <Delay = 1.61>
ST_1 : Operation 16 [1/1] (0.00ns)   --->   "%trunc_ln728 = trunc i17 %x_val_read" [C:/Xilinx/Vitis_HLS/2023.1/common/technology/autopilot/etc/hls_log_apfixed.h:728]   --->   Operation 16 'trunc' 'trunc_ln728' <Predicate = (!icmp_ln703)> <Delay = 0.00>
ST_1 : Operation 17 [1/1] (0.00ns)   --->   "%b_frac = bitconcatenate i29 @_ssdm_op_BitConcatenate.i29.i1.i16.i12, i1 0, i16 %trunc_ln728, i12 0" [C:/Xilinx/Vitis_HLS/2023.1/common/technology/autopilot/etc/hls_log_apfixed.h:728]   --->   Operation 17 'bitconcatenate' 'b_frac' <Predicate = (!icmp_ln703)> <Delay = 0.00>
ST_1 : Operation 18 [1/1] (0.00ns)   --->   "%tmp_1 = partselect i2 @_ssdm_op_PartSelect.i2.i17.i32.i32, i17 %x_val_read, i32 14, i32 15" [C:/Xilinx/Vitis_HLS/2023.1/common/technology/autopilot/etc/hls_log_apfixed.h:731]   --->   Operation 18 'partselect' 'tmp_1' <Predicate = (!icmp_ln703)> <Delay = 0.00>
ST_1 : Operation 19 [1/1] (0.00ns)   --->   "%and_ln = bitconcatenate i28 @_ssdm_op_BitConcatenate.i28.i2.i26, i2 %tmp_1, i26 0" [C:/Xilinx/Vitis_HLS/2023.1/common/technology/autopilot/etc/hls_log_apfixed.h:731]   --->   Operation 19 'bitconcatenate' 'and_ln' <Predicate = (!icmp_ln703)> <Delay = 0.00>
ST_1 : Operation 20 [1/1] (2.56ns)   --->   "%icmp_ln731 = icmp_eq  i28 %and_ln, i28 201326592" [C:/Xilinx/Vitis_HLS/2023.1/common/technology/autopilot/etc/hls_log_apfixed.h:731]   --->   Operation 20 'icmp' 'icmp_ln731' <Predicate = (!icmp_ln703)> <Delay = 2.56> <CoreInst = "Cmp">   --->   Core 9 'Cmp' <Latency = 0> <II = 1> <Delay = 2.56> <FuncUnit> <Opcode : 'icmp'> <InPorts = 2> <OutPorts = 1>
ST_1 : Operation 21 [1/1] (2.75ns)   --->   "%br_ln731 = br i1 %icmp_ln731, void %for.inc, void %_ZN13ap_fixed_baseILi7ELi7ELb1EL9ap_q_mode5EL9ap_o_mode3ELi0EEC2Ei.exit.i.i" [C:/Xilinx/Vitis_HLS/2023.1/common/technology/autopilot/etc/hls_log_apfixed.h:731]   --->   Operation 21 'br' 'br_ln731' <Predicate = (!icmp_ln703)> <Delay = 2.75>
ST_1 : Operation 22 [1/1] (0.00ns)   --->   "%b_frac_1 = bitconcatenate i29 @_ssdm_op_BitConcatenate.i29.i16.i13, i16 %trunc_ln728, i13 0" [C:/Xilinx/Vitis_HLS/2023.1/common/technology/autopilot/etc/hls_log_apfixed.h:733]   --->   Operation 22 'bitconcatenate' 'b_frac_1' <Predicate = (!icmp_ln703 & !icmp_ln731)> <Delay = 0.00>
ST_1 : Operation 23 [1/1] (0.00ns)   --->   "%trunc_ln726 = trunc i17 %x_val_read" [C:/Xilinx/Vitis_HLS/2023.1/common/technology/autopilot/etc/hls_log_apfixed.h:726]   --->   Operation 23 'trunc' 'trunc_ln726' <Predicate = (!icmp_ln703 & !icmp_ln731)> <Delay = 0.00>
ST_1 : Operation 24 [1/1] (0.00ns) (grouped into LUT with out node select_ln731)   --->   "%tmp = bitselect i1 @_ssdm_op_BitSelect.i1.i17.i32, i17 %x_val_read, i32 15" [C:/Xilinx/Vitis_HLS/2023.1/common/technology/autopilot/etc/hls_log_apfixed.h:731]   --->   Operation 24 'bitselect' 'tmp' <Predicate = (!icmp_ln703 & !icmp_ln731)> <Delay = 0.00>
ST_1 : Operation 25 [1/1] (0.00ns)   --->   "%tmp_3 = partselect i2 @_ssdm_op_PartSelect.i2.i17.i32.i32, i17 %x_val_read, i32 13, i32 14" [C:/Xilinx/Vitis_HLS/2023.1/common/technology/autopilot/etc/hls_log_apfixed.h:731]   --->   Operation 25 'partselect' 'tmp_3' <Predicate = (!icmp_ln703 & !icmp_ln731)> <Delay = 0.00>
ST_1 : Operation 26 [1/1] (0.00ns)   --->   "%and_ln731_1 = bitconcatenate i28 @_ssdm_op_BitConcatenate.i28.i2.i26, i2 %tmp_3, i26 0" [C:/Xilinx/Vitis_HLS/2023.1/common/technology/autopilot/etc/hls_log_apfixed.h:731]   --->   Operation 26 'bitconcatenate' 'and_ln731_1' <Predicate = (!icmp_ln703 & !icmp_ln731)> <Delay = 0.00>
ST_1 : Operation 27 [1/1] (2.56ns)   --->   "%icmp_ln731_1 = icmp_eq  i28 %and_ln731_1, i28 201326592" [C:/Xilinx/Vitis_HLS/2023.1/common/technology/autopilot/etc/hls_log_apfixed.h:731]   --->   Operation 27 'icmp' 'icmp_ln731_1' <Predicate = (!icmp_ln703 & !icmp_ln731)> <Delay = 2.56> <CoreInst = "Cmp">   --->   Core 9 'Cmp' <Latency = 0> <II = 1> <Delay = 2.56> <FuncUnit> <Opcode : 'icmp'> <InPorts = 2> <OutPorts = 1>
ST_1 : Operation 28 [1/1] (0.00ns) (grouped into LUT with out node select_ln731)   --->   "%tmp_2 = bitselect i1 @_ssdm_op_BitSelect.i1.i17.i32, i17 %x_val_read, i32 14" [C:/Xilinx/Vitis_HLS/2023.1/common/technology/autopilot/etc/hls_log_apfixed.h:731]   --->   Operation 28 'bitselect' 'tmp_2' <Predicate = (!icmp_ln703 & !icmp_ln731)> <Delay = 0.00>
ST_1 : Operation 29 [1/1] (0.00ns) (grouped into LUT with out node select_ln731)   --->   "%xor_ln731 = xor i1 %tmp_2, i1 1" [C:/Xilinx/Vitis_HLS/2023.1/common/technology/autopilot/etc/hls_log_apfixed.h:731]   --->   Operation 29 'xor' 'xor_ln731' <Predicate = (!icmp_ln703 & !icmp_ln731)> <Delay = 0.00> <CoreInst = "LogicGate">   --->   Core 74 'LogicGate' <Latency = 0> <II = 1> <Delay = 0.97> <FuncUnit> <Opcode : 'and' 'or' 'xor'> <InPorts = 2> <OutPorts = 1>
ST_1 : Operation 30 [1/1] (0.99ns) (out node of the LUT)   --->   "%select_ln731 = select i1 %tmp, i1 %xor_ln731, i1 %icmp_ln731_1" [C:/Xilinx/Vitis_HLS/2023.1/common/technology/autopilot/etc/hls_log_apfixed.h:731]   --->   Operation 30 'select' 'select_ln731' <Predicate = (!icmp_ln703 & !icmp_ln731)> <Delay = 0.99> <CoreInst = "Sel">   --->   Core 73 'Sel' <Latency = 0> <II = 1> <Delay = 0.99> <FuncUnit> <Opcode : 'select'> <InPorts = 3> <OutPorts = 1>
ST_1 : Operation 31 [1/1] (2.75ns)   --->   "%br_ln731 = br i1 %select_ln731, void %for.inc.1, void %_ZN13ap_fixed_baseILi7ELi7ELb1EL9ap_q_mode5EL9ap_o_mode3ELi0EEC2Ei.exit.i.i" [C:/Xilinx/Vitis_HLS/2023.1/common/technology/autopilot/etc/hls_log_apfixed.h:731]   --->   Operation 31 'br' 'br_ln731' <Predicate = (!icmp_ln703 & !icmp_ln731)> <Delay = 2.75>
ST_1 : Operation 32 [1/1] (0.00ns)   --->   "%b_frac_2 = bitconcatenate i29 @_ssdm_op_BitConcatenate.i29.i15.i14, i15 %trunc_ln726, i14 0" [C:/Xilinx/Vitis_HLS/2023.1/common/technology/autopilot/etc/hls_log_apfixed.h:733]   --->   Operation 32 'bitconcatenate' 'b_frac_2' <Predicate = (!icmp_ln703 & !icmp_ln731 & !select_ln731)> <Delay = 0.00>
ST_1 : Operation 33 [1/1] (0.00ns)   --->   "%trunc_ln726_1 = trunc i17 %x_val_read" [C:/Xilinx/Vitis_HLS/2023.1/common/technology/autopilot/etc/hls_log_apfixed.h:726]   --->   Operation 33 'trunc' 'trunc_ln726_1' <Predicate = (!icmp_ln703 & !icmp_ln731 & !select_ln731)> <Delay = 0.00>
ST_1 : Operation 34 [1/1] (0.00ns) (grouped into LUT with out node select_ln731_1)   --->   "%tmp_4 = bitselect i1 @_ssdm_op_BitSelect.i1.i17.i32, i17 %x_val_read, i32 14" [C:/Xilinx/Vitis_HLS/2023.1/common/technology/autopilot/etc/hls_log_apfixed.h:731]   --->   Operation 34 'bitselect' 'tmp_4' <Predicate = (!icmp_ln703 & !icmp_ln731 & !select_ln731)> <Delay = 0.00>
ST_1 : Operation 35 [1/1] (0.00ns)   --->   "%tmp_6 = partselect i2 @_ssdm_op_PartSelect.i2.i17.i32.i32, i17 %x_val_read, i32 12, i32 13" [C:/Xilinx/Vitis_HLS/2023.1/common/technology/autopilot/etc/hls_log_apfixed.h:731]   --->   Operation 35 'partselect' 'tmp_6' <Predicate = (!icmp_ln703 & !icmp_ln731 & !select_ln731)> <Delay = 0.00>
ST_1 : Operation 36 [1/1] (0.00ns)   --->   "%and_ln731_2 = bitconcatenate i28 @_ssdm_op_BitConcatenate.i28.i2.i26, i2 %tmp_6, i26 0" [C:/Xilinx/Vitis_HLS/2023.1/common/technology/autopilot/etc/hls_log_apfixed.h:731]   --->   Operation 36 'bitconcatenate' 'and_ln731_2' <Predicate = (!icmp_ln703 & !icmp_ln731 & !select_ln731)> <Delay = 0.00>
ST_1 : Operation 37 [1/1] (2.56ns)   --->   "%icmp_ln731_2 = icmp_eq  i28 %and_ln731_2, i28 201326592" [C:/Xilinx/Vitis_HLS/2023.1/common/technology/autopilot/etc/hls_log_apfixed.h:731]   --->   Operation 37 'icmp' 'icmp_ln731_2' <Predicate = (!icmp_ln703 & !icmp_ln731 & !select_ln731)> <Delay = 2.56> <CoreInst = "Cmp">   --->   Core 9 'Cmp' <Latency = 0> <II = 1> <Delay = 2.56> <FuncUnit> <Opcode : 'icmp'> <InPorts = 2> <OutPorts = 1>
ST_1 : Operation 38 [1/1] (0.00ns) (grouped into LUT with out node select_ln731_1)   --->   "%tmp_5 = bitselect i1 @_ssdm_op_BitSelect.i1.i17.i32, i17 %x_val_read, i32 13" [C:/Xilinx/Vitis_HLS/2023.1/common/technology/autopilot/etc/hls_log_apfixed.h:731]   --->   Operation 38 'bitselect' 'tmp_5' <Predicate = (!icmp_ln703 & !icmp_ln731 & !select_ln731)> <Delay = 0.00>
ST_1 : Operation 39 [1/1] (0.00ns) (grouped into LUT with out node select_ln731_1)   --->   "%xor_ln731_1 = xor i1 %tmp_5, i1 1" [C:/Xilinx/Vitis_HLS/2023.1/common/technology/autopilot/etc/hls_log_apfixed.h:731]   --->   Operation 39 'xor' 'xor_ln731_1' <Predicate = (!icmp_ln703 & !icmp_ln731 & !select_ln731)> <Delay = 0.00> <CoreInst = "LogicGate">   --->   Core 74 'LogicGate' <Latency = 0> <II = 1> <Delay = 0.97> <FuncUnit> <Opcode : 'and' 'or' 'xor'> <InPorts = 2> <OutPorts = 1>
ST_1 : Operation 40 [1/1] (0.99ns) (out node of the LUT)   --->   "%select_ln731_1 = select i1 %tmp_4, i1 %xor_ln731_1, i1 %icmp_ln731_2" [C:/Xilinx/Vitis_HLS/2023.1/common/technology/autopilot/etc/hls_log_apfixed.h:731]   --->   Operation 40 'select' 'select_ln731_1' <Predicate = (!icmp_ln703 & !icmp_ln731 & !select_ln731)> <Delay = 0.99> <CoreInst = "Sel">   --->   Core 73 'Sel' <Latency = 0> <II = 1> <Delay = 0.99> <FuncUnit> <Opcode : 'select'> <InPorts = 3> <OutPorts = 1>
ST_1 : Operation 41 [1/1] (2.75ns)   --->   "%br_ln731 = br i1 %select_ln731_1, void %for.inc.2, void %_ZN13ap_fixed_baseILi7ELi7ELb1EL9ap_q_mode5EL9ap_o_mode3ELi0EEC2Ei.exit.i.i" [C:/Xilinx/Vitis_HLS/2023.1/common/technology/autopilot/etc/hls_log_apfixed.h:731]   --->   Operation 41 'br' 'br_ln731' <Predicate = (!icmp_ln703 & !icmp_ln731 & !select_ln731)> <Delay = 2.75>
ST_1 : Operation 42 [1/1] (0.00ns)   --->   "%b_frac_3 = bitconcatenate i29 @_ssdm_op_BitConcatenate.i29.i14.i15, i14 %trunc_ln726_1, i15 0" [C:/Xilinx/Vitis_HLS/2023.1/common/technology/autopilot/etc/hls_log_apfixed.h:733]   --->   Operation 42 'bitconcatenate' 'b_frac_3' <Predicate = (!icmp_ln703 & !icmp_ln731 & !select_ln731 & !select_ln731_1)> <Delay = 0.00>
ST_1 : Operation 43 [1/1] (0.00ns)   --->   "%trunc_ln726_2 = trunc i17 %x_val_read" [C:/Xilinx/Vitis_HLS/2023.1/common/technology/autopilot/etc/hls_log_apfixed.h:726]   --->   Operation 43 'trunc' 'trunc_ln726_2' <Predicate = (!icmp_ln703 & !icmp_ln731 & !select_ln731 & !select_ln731_1)> <Delay = 0.00>
ST_1 : Operation 44 [1/1] (0.00ns) (grouped into LUT with out node select_ln731_2)   --->   "%tmp_7 = bitselect i1 @_ssdm_op_BitSelect.i1.i17.i32, i17 %x_val_read, i32 13" [C:/Xilinx/Vitis_HLS/2023.1/common/technology/autopilot/etc/hls_log_apfixed.h:731]   --->   Operation 44 'bitselect' 'tmp_7' <Predicate = (!icmp_ln703 & !icmp_ln731 & !select_ln731 & !select_ln731_1)> <Delay = 0.00>
ST_1 : Operation 45 [1/1] (0.00ns)   --->   "%tmp_9 = partselect i2 @_ssdm_op_PartSelect.i2.i17.i32.i32, i17 %x_val_read, i32 11, i32 12" [C:/Xilinx/Vitis_HLS/2023.1/common/technology/autopilot/etc/hls_log_apfixed.h:731]   --->   Operation 45 'partselect' 'tmp_9' <Predicate = (!icmp_ln703 & !icmp_ln731 & !select_ln731 & !select_ln731_1)> <Delay = 0.00>
ST_1 : Operation 46 [1/1] (0.00ns)   --->   "%and_ln731_3 = bitconcatenate i28 @_ssdm_op_BitConcatenate.i28.i2.i26, i2 %tmp_9, i26 0" [C:/Xilinx/Vitis_HLS/2023.1/common/technology/autopilot/etc/hls_log_apfixed.h:731]   --->   Operation 46 'bitconcatenate' 'and_ln731_3' <Predicate = (!icmp_ln703 & !icmp_ln731 & !select_ln731 & !select_ln731_1)> <Delay = 0.00>
ST_1 : Operation 47 [1/1] (2.56ns)   --->   "%icmp_ln731_3 = icmp_eq  i28 %and_ln731_3, i28 201326592" [C:/Xilinx/Vitis_HLS/2023.1/common/technology/autopilot/etc/hls_log_apfixed.h:731]   --->   Operation 47 'icmp' 'icmp_ln731_3' <Predicate = (!icmp_ln703 & !icmp_ln731 & !select_ln731 & !select_ln731_1)> <Delay = 2.56> <CoreInst = "Cmp">   --->   Core 9 'Cmp' <Latency = 0> <II = 1> <Delay = 2.56> <FuncUnit> <Opcode : 'icmp'> <InPorts = 2> <OutPorts = 1>
ST_1 : Operation 48 [1/1] (0.00ns) (grouped into LUT with out node select_ln731_2)   --->   "%tmp_8 = bitselect i1 @_ssdm_op_BitSelect.i1.i17.i32, i17 %x_val_read, i32 12" [C:/Xilinx/Vitis_HLS/2023.1/common/technology/autopilot/etc/hls_log_apfixed.h:731]   --->   Operation 48 'bitselect' 'tmp_8' <Predicate = (!icmp_ln703 & !icmp_ln731 & !select_ln731 & !select_ln731_1)> <Delay = 0.00>
ST_1 : Operation 49 [1/1] (0.00ns) (grouped into LUT with out node select_ln731_2)   --->   "%xor_ln731_2 = xor i1 %tmp_8, i1 1" [C:/Xilinx/Vitis_HLS/2023.1/common/technology/autopilot/etc/hls_log_apfixed.h:731]   --->   Operation 49 'xor' 'xor_ln731_2' <Predicate = (!icmp_ln703 & !icmp_ln731 & !select_ln731 & !select_ln731_1)> <Delay = 0.00> <CoreInst = "LogicGate">   --->   Core 74 'LogicGate' <Latency = 0> <II = 1> <Delay = 0.97> <FuncUnit> <Opcode : 'and' 'or' 'xor'> <InPorts = 2> <OutPorts = 1>
ST_1 : Operation 50 [1/1] (0.99ns) (out node of the LUT)   --->   "%select_ln731_2 = select i1 %tmp_7, i1 %xor_ln731_2, i1 %icmp_ln731_3" [C:/Xilinx/Vitis_HLS/2023.1/common/technology/autopilot/etc/hls_log_apfixed.h:731]   --->   Operation 50 'select' 'select_ln731_2' <Predicate = (!icmp_ln703 & !icmp_ln731 & !select_ln731 & !select_ln731_1)> <Delay = 0.99> <CoreInst = "Sel">   --->   Core 73 'Sel' <Latency = 0> <II = 1> <Delay = 0.99> <FuncUnit> <Opcode : 'select'> <InPorts = 3> <OutPorts = 1>
ST_1 : Operation 51 [1/1] (2.75ns)   --->   "%br_ln731 = br i1 %select_ln731_2, void %for.inc.3, void %_ZN13ap_fixed_baseILi7ELi7ELb1EL9ap_q_mode5EL9ap_o_mode3ELi0EEC2Ei.exit.i.i" [C:/Xilinx/Vitis_HLS/2023.1/common/technology/autopilot/etc/hls_log_apfixed.h:731]   --->   Operation 51 'br' 'br_ln731' <Predicate = (!icmp_ln703 & !icmp_ln731 & !select_ln731 & !select_ln731_1)> <Delay = 2.75>
ST_1 : Operation 52 [1/1] (0.00ns)   --->   "%b_frac_4 = bitconcatenate i29 @_ssdm_op_BitConcatenate.i29.i13.i16, i13 %trunc_ln726_2, i16 0" [C:/Xilinx/Vitis_HLS/2023.1/common/technology/autopilot/etc/hls_log_apfixed.h:733]   --->   Operation 52 'bitconcatenate' 'b_frac_4' <Predicate = (!icmp_ln703 & !icmp_ln731 & !select_ln731 & !select_ln731_1 & !select_ln731_2)> <Delay = 0.00>
ST_1 : Operation 53 [1/1] (0.00ns)   --->   "%trunc_ln726_3 = trunc i17 %x_val_read" [C:/Xilinx/Vitis_HLS/2023.1/common/technology/autopilot/etc/hls_log_apfixed.h:726]   --->   Operation 53 'trunc' 'trunc_ln726_3' <Predicate = (!icmp_ln703 & !icmp_ln731 & !select_ln731 & !select_ln731_1 & !select_ln731_2)> <Delay = 0.00>
ST_1 : Operation 54 [1/1] (0.00ns) (grouped into LUT with out node select_ln731_3)   --->   "%tmp_10 = bitselect i1 @_ssdm_op_BitSelect.i1.i17.i32, i17 %x_val_read, i32 12" [C:/Xilinx/Vitis_HLS/2023.1/common/technology/autopilot/etc/hls_log_apfixed.h:731]   --->   Operation 54 'bitselect' 'tmp_10' <Predicate = (!icmp_ln703 & !icmp_ln731 & !select_ln731 & !select_ln731_1 & !select_ln731_2)> <Delay = 0.00>
ST_1 : Operation 55 [1/1] (0.00ns)   --->   "%tmp_s = partselect i2 @_ssdm_op_PartSelect.i2.i17.i32.i32, i17 %x_val_read, i32 10, i32 11" [C:/Xilinx/Vitis_HLS/2023.1/common/technology/autopilot/etc/hls_log_apfixed.h:731]   --->   Operation 55 'partselect' 'tmp_s' <Predicate = (!icmp_ln703 & !icmp_ln731 & !select_ln731 & !select_ln731_1 & !select_ln731_2)> <Delay = 0.00>
ST_1 : Operation 56 [1/1] (0.00ns)   --->   "%and_ln731_4 = bitconcatenate i28 @_ssdm_op_BitConcatenate.i28.i2.i26, i2 %tmp_s, i26 0" [C:/Xilinx/Vitis_HLS/2023.1/common/technology/autopilot/etc/hls_log_apfixed.h:731]   --->   Operation 56 'bitconcatenate' 'and_ln731_4' <Predicate = (!icmp_ln703 & !icmp_ln731 & !select_ln731 & !select_ln731_1 & !select_ln731_2)> <Delay = 0.00>
ST_1 : Operation 57 [1/1] (2.56ns)   --->   "%icmp_ln731_4 = icmp_eq  i28 %and_ln731_4, i28 201326592" [C:/Xilinx/Vitis_HLS/2023.1/common/technology/autopilot/etc/hls_log_apfixed.h:731]   --->   Operation 57 'icmp' 'icmp_ln731_4' <Predicate = (!icmp_ln703 & !icmp_ln731 & !select_ln731 & !select_ln731_1 & !select_ln731_2)> <Delay = 2.56> <CoreInst = "Cmp">   --->   Core 9 'Cmp' <Latency = 0> <II = 1> <Delay = 2.56> <FuncUnit> <Opcode : 'icmp'> <InPorts = 2> <OutPorts = 1>
ST_1 : Operation 58 [1/1] (0.00ns) (grouped into LUT with out node select_ln731_3)   --->   "%tmp_11 = bitselect i1 @_ssdm_op_BitSelect.i1.i17.i32, i17 %x_val_read, i32 11" [C:/Xilinx/Vitis_HLS/2023.1/common/technology/autopilot/etc/hls_log_apfixed.h:731]   --->   Operation 58 'bitselect' 'tmp_11' <Predicate = (!icmp_ln703 & !icmp_ln731 & !select_ln731 & !select_ln731_1 & !select_ln731_2)> <Delay = 0.00>
ST_1 : Operation 59 [1/1] (0.00ns) (grouped into LUT with out node select_ln731_3)   --->   "%xor_ln731_3 = xor i1 %tmp_11, i1 1" [C:/Xilinx/Vitis_HLS/2023.1/common/technology/autopilot/etc/hls_log_apfixed.h:731]   --->   Operation 59 'xor' 'xor_ln731_3' <Predicate = (!icmp_ln703 & !icmp_ln731 & !select_ln731 & !select_ln731_1 & !select_ln731_2)> <Delay = 0.00> <CoreInst = "LogicGate">   --->   Core 74 'LogicGate' <Latency = 0> <II = 1> <Delay = 0.97> <FuncUnit> <Opcode : 'and' 'or' 'xor'> <InPorts = 2> <OutPorts = 1>
ST_1 : Operation 60 [1/1] (0.99ns) (out node of the LUT)   --->   "%select_ln731_3 = select i1 %tmp_10, i1 %xor_ln731_3, i1 %icmp_ln731_4" [C:/Xilinx/Vitis_HLS/2023.1/common/technology/autopilot/etc/hls_log_apfixed.h:731]   --->   Operation 60 'select' 'select_ln731_3' <Predicate = (!icmp_ln703 & !icmp_ln731 & !select_ln731 & !select_ln731_1 & !select_ln731_2)> <Delay = 0.99> <CoreInst = "Sel">   --->   Core 73 'Sel' <Latency = 0> <II = 1> <Delay = 0.99> <FuncUnit> <Opcode : 'select'> <InPorts = 3> <OutPorts = 1>
ST_1 : Operation 61 [1/1] (2.75ns)   --->   "%br_ln731 = br i1 %select_ln731_3, void %for.inc.4, void %_ZN13ap_fixed_baseILi7ELi7ELb1EL9ap_q_mode5EL9ap_o_mode3ELi0EEC2Ei.exit.i.i" [C:/Xilinx/Vitis_HLS/2023.1/common/technology/autopilot/etc/hls_log_apfixed.h:731]   --->   Operation 61 'br' 'br_ln731' <Predicate = (!icmp_ln703 & !icmp_ln731 & !select_ln731 & !select_ln731_1 & !select_ln731_2)> <Delay = 2.75>
ST_1 : Operation 62 [1/1] (0.00ns)   --->   "%b_frac_5 = bitconcatenate i29 @_ssdm_op_BitConcatenate.i29.i12.i17, i12 %trunc_ln726_3, i17 0" [C:/Xilinx/Vitis_HLS/2023.1/common/technology/autopilot/etc/hls_log_apfixed.h:733]   --->   Operation 62 'bitconcatenate' 'b_frac_5' <Predicate = (!icmp_ln703 & !icmp_ln731 & !select_ln731 & !select_ln731_1 & !select_ln731_2 & !select_ln731_3)> <Delay = 0.00>
ST_1 : Operation 63 [1/1] (0.00ns)   --->   "%trunc_ln726_4 = trunc i17 %x_val_read" [C:/Xilinx/Vitis_HLS/2023.1/common/technology/autopilot/etc/hls_log_apfixed.h:726]   --->   Operation 63 'trunc' 'trunc_ln726_4' <Predicate = (!icmp_ln703 & !icmp_ln731 & !select_ln731 & !select_ln731_1 & !select_ln731_2 & !select_ln731_3)> <Delay = 0.00>
ST_1 : Operation 64 [1/1] (0.00ns) (grouped into LUT with out node select_ln731_4)   --->   "%tmp_12 = bitselect i1 @_ssdm_op_BitSelect.i1.i17.i32, i17 %x_val_read, i32 11" [C:/Xilinx/Vitis_HLS/2023.1/common/technology/autopilot/etc/hls_log_apfixed.h:731]   --->   Operation 64 'bitselect' 'tmp_12' <Predicate = (!icmp_ln703 & !icmp_ln731 & !select_ln731 & !select_ln731_1 & !select_ln731_2 & !select_ln731_3)> <Delay = 0.00>
ST_1 : Operation 65 [1/1] (0.00ns)   --->   "%tmp_13 = partselect i2 @_ssdm_op_PartSelect.i2.i17.i32.i32, i17 %x_val_read, i32 9, i32 10" [C:/Xilinx/Vitis_HLS/2023.1/common/technology/autopilot/etc/hls_log_apfixed.h:731]   --->   Operation 65 'partselect' 'tmp_13' <Predicate = (!icmp_ln703 & !icmp_ln731 & !select_ln731 & !select_ln731_1 & !select_ln731_2 & !select_ln731_3)> <Delay = 0.00>
ST_1 : Operation 66 [1/1] (0.00ns)   --->   "%and_ln731_5 = bitconcatenate i28 @_ssdm_op_BitConcatenate.i28.i2.i26, i2 %tmp_13, i26 0" [C:/Xilinx/Vitis_HLS/2023.1/common/technology/autopilot/etc/hls_log_apfixed.h:731]   --->   Operation 66 'bitconcatenate' 'and_ln731_5' <Predicate = (!icmp_ln703 & !icmp_ln731 & !select_ln731 & !select_ln731_1 & !select_ln731_2 & !select_ln731_3)> <Delay = 0.00>
ST_1 : Operation 67 [1/1] (2.56ns)   --->   "%icmp_ln731_5 = icmp_eq  i28 %and_ln731_5, i28 201326592" [C:/Xilinx/Vitis_HLS/2023.1/common/technology/autopilot/etc/hls_log_apfixed.h:731]   --->   Operation 67 'icmp' 'icmp_ln731_5' <Predicate = (!icmp_ln703 & !icmp_ln731 & !select_ln731 & !select_ln731_1 & !select_ln731_2 & !select_ln731_3)> <Delay = 2.56> <CoreInst = "Cmp">   --->   Core 9 'Cmp' <Latency = 0> <II = 1> <Delay = 2.56> <FuncUnit> <Opcode : 'icmp'> <InPorts = 2> <OutPorts = 1>
ST_1 : Operation 68 [1/1] (0.00ns) (grouped into LUT with out node select_ln731_4)   --->   "%tmp_14 = bitselect i1 @_ssdm_op_BitSelect.i1.i17.i32, i17 %x_val_read, i32 10" [C:/Xilinx/Vitis_HLS/2023.1/common/technology/autopilot/etc/hls_log_apfixed.h:731]   --->   Operation 68 'bitselect' 'tmp_14' <Predicate = (!icmp_ln703 & !icmp_ln731 & !select_ln731 & !select_ln731_1 & !select_ln731_2 & !select_ln731_3)> <Delay = 0.00>
ST_1 : Operation 69 [1/1] (0.00ns) (grouped into LUT with out node select_ln731_4)   --->   "%xor_ln731_4 = xor i1 %tmp_14, i1 1" [C:/Xilinx/Vitis_HLS/2023.1/common/technology/autopilot/etc/hls_log_apfixed.h:731]   --->   Operation 69 'xor' 'xor_ln731_4' <Predicate = (!icmp_ln703 & !icmp_ln731 & !select_ln731 & !select_ln731_1 & !select_ln731_2 & !select_ln731_3)> <Delay = 0.00> <CoreInst = "LogicGate">   --->   Core 74 'LogicGate' <Latency = 0> <II = 1> <Delay = 0.97> <FuncUnit> <Opcode : 'and' 'or' 'xor'> <InPorts = 2> <OutPorts = 1>
ST_1 : Operation 70 [1/1] (0.99ns) (out node of the LUT)   --->   "%select_ln731_4 = select i1 %tmp_12, i1 %xor_ln731_4, i1 %icmp_ln731_5" [C:/Xilinx/Vitis_HLS/2023.1/common/technology/autopilot/etc/hls_log_apfixed.h:731]   --->   Operation 70 'select' 'select_ln731_4' <Predicate = (!icmp_ln703 & !icmp_ln731 & !select_ln731 & !select_ln731_1 & !select_ln731_2 & !select_ln731_3)> <Delay = 0.99> <CoreInst = "Sel">   --->   Core 73 'Sel' <Latency = 0> <II = 1> <Delay = 0.99> <FuncUnit> <Opcode : 'select'> <InPorts = 3> <OutPorts = 1>
ST_1 : Operation 71 [1/1] (2.75ns)   --->   "%br_ln731 = br i1 %select_ln731_4, void %for.inc.5, void %_ZN13ap_fixed_baseILi7ELi7ELb1EL9ap_q_mode5EL9ap_o_mode3ELi0EEC2Ei.exit.i.i" [C:/Xilinx/Vitis_HLS/2023.1/common/technology/autopilot/etc/hls_log_apfixed.h:731]   --->   Operation 71 'br' 'br_ln731' <Predicate = (!icmp_ln703 & !icmp_ln731 & !select_ln731 & !select_ln731_1 & !select_ln731_2 & !select_ln731_3)> <Delay = 2.75>
ST_1 : Operation 72 [1/1] (0.00ns)   --->   "%b_frac_6 = bitconcatenate i29 @_ssdm_op_BitConcatenate.i29.i11.i18, i11 %trunc_ln726_4, i18 0" [C:/Xilinx/Vitis_HLS/2023.1/common/technology/autopilot/etc/hls_log_apfixed.h:733]   --->   Operation 72 'bitconcatenate' 'b_frac_6' <Predicate = (!icmp_ln703 & !icmp_ln731 & !select_ln731 & !select_ln731_1 & !select_ln731_2 & !select_ln731_3 & !select_ln731_4)> <Delay = 0.00>
ST_1 : Operation 73 [1/1] (0.00ns)   --->   "%trunc_ln726_5 = trunc i17 %x_val_read" [C:/Xilinx/Vitis_HLS/2023.1/common/technology/autopilot/etc/hls_log_apfixed.h:726]   --->   Operation 73 'trunc' 'trunc_ln726_5' <Predicate = (!icmp_ln703 & !icmp_ln731 & !select_ln731 & !select_ln731_1 & !select_ln731_2 & !select_ln731_3 & !select_ln731_4)> <Delay = 0.00>
ST_1 : Operation 74 [1/1] (0.00ns) (grouped into LUT with out node select_ln731_5)   --->   "%tmp_15 = bitselect i1 @_ssdm_op_BitSelect.i1.i17.i32, i17 %x_val_read, i32 10" [C:/Xilinx/Vitis_HLS/2023.1/common/technology/autopilot/etc/hls_log_apfixed.h:731]   --->   Operation 74 'bitselect' 'tmp_15' <Predicate = (!icmp_ln703 & !icmp_ln731 & !select_ln731 & !select_ln731_1 & !select_ln731_2 & !select_ln731_3 & !select_ln731_4)> <Delay = 0.00>
ST_1 : Operation 75 [1/1] (0.00ns)   --->   "%tmp_16 = partselect i2 @_ssdm_op_PartSelect.i2.i17.i32.i32, i17 %x_val_read, i32 8, i32 9" [C:/Xilinx/Vitis_HLS/2023.1/common/technology/autopilot/etc/hls_log_apfixed.h:731]   --->   Operation 75 'partselect' 'tmp_16' <Predicate = (!icmp_ln703 & !icmp_ln731 & !select_ln731 & !select_ln731_1 & !select_ln731_2 & !select_ln731_3 & !select_ln731_4)> <Delay = 0.00>
ST_1 : Operation 76 [1/1] (0.00ns)   --->   "%and_ln731_6 = bitconcatenate i28 @_ssdm_op_BitConcatenate.i28.i2.i26, i2 %tmp_16, i26 0" [C:/Xilinx/Vitis_HLS/2023.1/common/technology/autopilot/etc/hls_log_apfixed.h:731]   --->   Operation 76 'bitconcatenate' 'and_ln731_6' <Predicate = (!icmp_ln703 & !icmp_ln731 & !select_ln731 & !select_ln731_1 & !select_ln731_2 & !select_ln731_3 & !select_ln731_4)> <Delay = 0.00>
ST_1 : Operation 77 [1/1] (2.56ns)   --->   "%icmp_ln731_6 = icmp_eq  i28 %and_ln731_6, i28 201326592" [C:/Xilinx/Vitis_HLS/2023.1/common/technology/autopilot/etc/hls_log_apfixed.h:731]   --->   Operation 77 'icmp' 'icmp_ln731_6' <Predicate = (!icmp_ln703 & !icmp_ln731 & !select_ln731 & !select_ln731_1 & !select_ln731_2 & !select_ln731_3 & !select_ln731_4)> <Delay = 2.56> <CoreInst = "Cmp">   --->   Core 9 'Cmp' <Latency = 0> <II = 1> <Delay = 2.56> <FuncUnit> <Opcode : 'icmp'> <InPorts = 2> <OutPorts = 1>
ST_1 : Operation 78 [1/1] (0.00ns) (grouped into LUT with out node select_ln731_5)   --->   "%tmp_17 = bitselect i1 @_ssdm_op_BitSelect.i1.i17.i32, i17 %x_val_read, i32 9" [C:/Xilinx/Vitis_HLS/2023.1/common/technology/autopilot/etc/hls_log_apfixed.h:731]   --->   Operation 78 'bitselect' 'tmp_17' <Predicate = (!icmp_ln703 & !icmp_ln731 & !select_ln731 & !select_ln731_1 & !select_ln731_2 & !select_ln731_3 & !select_ln731_4)> <Delay = 0.00>
ST_1 : Operation 79 [1/1] (0.00ns) (grouped into LUT with out node select_ln731_5)   --->   "%xor_ln731_5 = xor i1 %tmp_17, i1 1" [C:/Xilinx/Vitis_HLS/2023.1/common/technology/autopilot/etc/hls_log_apfixed.h:731]   --->   Operation 79 'xor' 'xor_ln731_5' <Predicate = (!icmp_ln703 & !icmp_ln731 & !select_ln731 & !select_ln731_1 & !select_ln731_2 & !select_ln731_3 & !select_ln731_4)> <Delay = 0.00> <CoreInst = "LogicGate">   --->   Core 74 'LogicGate' <Latency = 0> <II = 1> <Delay = 0.97> <FuncUnit> <Opcode : 'and' 'or' 'xor'> <InPorts = 2> <OutPorts = 1>
ST_1 : Operation 80 [1/1] (0.99ns) (out node of the LUT)   --->   "%select_ln731_5 = select i1 %tmp_15, i1 %xor_ln731_5, i1 %icmp_ln731_6" [C:/Xilinx/Vitis_HLS/2023.1/common/technology/autopilot/etc/hls_log_apfixed.h:731]   --->   Operation 80 'select' 'select_ln731_5' <Predicate = (!icmp_ln703 & !icmp_ln731 & !select_ln731 & !select_ln731_1 & !select_ln731_2 & !select_ln731_3 & !select_ln731_4)> <Delay = 0.99> <CoreInst = "Sel">   --->   Core 73 'Sel' <Latency = 0> <II = 1> <Delay = 0.99> <FuncUnit> <Opcode : 'select'> <InPorts = 3> <OutPorts = 1>
ST_1 : Operation 81 [1/1] (2.75ns)   --->   "%br_ln731 = br i1 %select_ln731_5, void %for.inc.6, void %_ZN13ap_fixed_baseILi7ELi7ELb1EL9ap_q_mode5EL9ap_o_mode3ELi0EEC2Ei.exit.i.i" [C:/Xilinx/Vitis_HLS/2023.1/common/technology/autopilot/etc/hls_log_apfixed.h:731]   --->   Operation 81 'br' 'br_ln731' <Predicate = (!icmp_ln703 & !icmp_ln731 & !select_ln731 & !select_ln731_1 & !select_ln731_2 & !select_ln731_3 & !select_ln731_4)> <Delay = 2.75>
ST_1 : Operation 82 [1/1] (0.00ns)   --->   "%b_frac_7 = bitconcatenate i29 @_ssdm_op_BitConcatenate.i29.i10.i19, i10 %trunc_ln726_5, i19 0" [C:/Xilinx/Vitis_HLS/2023.1/common/technology/autopilot/etc/hls_log_apfixed.h:733]   --->   Operation 82 'bitconcatenate' 'b_frac_7' <Predicate = (!icmp_ln703 & !icmp_ln731 & !select_ln731 & !select_ln731_1 & !select_ln731_2 & !select_ln731_3 & !select_ln731_4 & !select_ln731_5)> <Delay = 0.00>
ST_1 : Operation 83 [1/1] (0.00ns)   --->   "%trunc_ln726_6 = trunc i17 %x_val_read" [C:/Xilinx/Vitis_HLS/2023.1/common/technology/autopilot/etc/hls_log_apfixed.h:726]   --->   Operation 83 'trunc' 'trunc_ln726_6' <Predicate = (!icmp_ln703 & !icmp_ln731 & !select_ln731 & !select_ln731_1 & !select_ln731_2 & !select_ln731_3 & !select_ln731_4 & !select_ln731_5)> <Delay = 0.00>
ST_1 : Operation 84 [1/1] (0.00ns) (grouped into LUT with out node select_ln731_6)   --->   "%tmp_18 = bitselect i1 @_ssdm_op_BitSelect.i1.i17.i32, i17 %x_val_read, i32 9" [C:/Xilinx/Vitis_HLS/2023.1/common/technology/autopilot/etc/hls_log_apfixed.h:731]   --->   Operation 84 'bitselect' 'tmp_18' <Predicate = (!icmp_ln703 & !icmp_ln731 & !select_ln731 & !select_ln731_1 & !select_ln731_2 & !select_ln731_3 & !select_ln731_4 & !select_ln731_5)> <Delay = 0.00>
ST_1 : Operation 85 [1/1] (0.00ns)   --->   "%tmp_19 = partselect i2 @_ssdm_op_PartSelect.i2.i17.i32.i32, i17 %x_val_read, i32 7, i32 8" [C:/Xilinx/Vitis_HLS/2023.1/common/technology/autopilot/etc/hls_log_apfixed.h:731]   --->   Operation 85 'partselect' 'tmp_19' <Predicate = (!icmp_ln703 & !icmp_ln731 & !select_ln731 & !select_ln731_1 & !select_ln731_2 & !select_ln731_3 & !select_ln731_4 & !select_ln731_5)> <Delay = 0.00>
ST_1 : Operation 86 [1/1] (0.00ns)   --->   "%and_ln731_7 = bitconcatenate i28 @_ssdm_op_BitConcatenate.i28.i2.i26, i2 %tmp_19, i26 0" [C:/Xilinx/Vitis_HLS/2023.1/common/technology/autopilot/etc/hls_log_apfixed.h:731]   --->   Operation 86 'bitconcatenate' 'and_ln731_7' <Predicate = (!icmp_ln703 & !icmp_ln731 & !select_ln731 & !select_ln731_1 & !select_ln731_2 & !select_ln731_3 & !select_ln731_4 & !select_ln731_5)> <Delay = 0.00>
ST_1 : Operation 87 [1/1] (2.56ns)   --->   "%icmp_ln731_7 = icmp_eq  i28 %and_ln731_7, i28 201326592" [C:/Xilinx/Vitis_HLS/2023.1/common/technology/autopilot/etc/hls_log_apfixed.h:731]   --->   Operation 87 'icmp' 'icmp_ln731_7' <Predicate = (!icmp_ln703 & !icmp_ln731 & !select_ln731 & !select_ln731_1 & !select_ln731_2 & !select_ln731_3 & !select_ln731_4 & !select_ln731_5)> <Delay = 2.56> <CoreInst = "Cmp">   --->   Core 9 'Cmp' <Latency = 0> <II = 1> <Delay = 2.56> <FuncUnit> <Opcode : 'icmp'> <InPorts = 2> <OutPorts = 1>
ST_1 : Operation 88 [1/1] (0.00ns) (grouped into LUT with out node select_ln731_6)   --->   "%tmp_20 = bitselect i1 @_ssdm_op_BitSelect.i1.i17.i32, i17 %x_val_read, i32 8" [C:/Xilinx/Vitis_HLS/2023.1/common/technology/autopilot/etc/hls_log_apfixed.h:731]   --->   Operation 88 'bitselect' 'tmp_20' <Predicate = (!icmp_ln703 & !icmp_ln731 & !select_ln731 & !select_ln731_1 & !select_ln731_2 & !select_ln731_3 & !select_ln731_4 & !select_ln731_5)> <Delay = 0.00>
ST_1 : Operation 89 [1/1] (0.00ns) (grouped into LUT with out node select_ln731_6)   --->   "%xor_ln731_6 = xor i1 %tmp_20, i1 1" [C:/Xilinx/Vitis_HLS/2023.1/common/technology/autopilot/etc/hls_log_apfixed.h:731]   --->   Operation 89 'xor' 'xor_ln731_6' <Predicate = (!icmp_ln703 & !icmp_ln731 & !select_ln731 & !select_ln731_1 & !select_ln731_2 & !select_ln731_3 & !select_ln731_4 & !select_ln731_5)> <Delay = 0.00> <CoreInst = "LogicGate">   --->   Core 74 'LogicGate' <Latency = 0> <II = 1> <Delay = 0.97> <FuncUnit> <Opcode : 'and' 'or' 'xor'> <InPorts = 2> <OutPorts = 1>
ST_1 : Operation 90 [1/1] (0.99ns) (out node of the LUT)   --->   "%select_ln731_6 = select i1 %tmp_18, i1 %xor_ln731_6, i1 %icmp_ln731_7" [C:/Xilinx/Vitis_HLS/2023.1/common/technology/autopilot/etc/hls_log_apfixed.h:731]   --->   Operation 90 'select' 'select_ln731_6' <Predicate = (!icmp_ln703 & !icmp_ln731 & !select_ln731 & !select_ln731_1 & !select_ln731_2 & !select_ln731_3 & !select_ln731_4 & !select_ln731_5)> <Delay = 0.99> <CoreInst = "Sel">   --->   Core 73 'Sel' <Latency = 0> <II = 1> <Delay = 0.99> <FuncUnit> <Opcode : 'select'> <InPorts = 3> <OutPorts = 1>
ST_1 : Operation 91 [1/1] (2.75ns)   --->   "%br_ln731 = br i1 %select_ln731_6, void %for.inc.7, void %_ZN13ap_fixed_baseILi7ELi7ELb1EL9ap_q_mode5EL9ap_o_mode3ELi0EEC2Ei.exit.i.i" [C:/Xilinx/Vitis_HLS/2023.1/common/technology/autopilot/etc/hls_log_apfixed.h:731]   --->   Operation 91 'br' 'br_ln731' <Predicate = (!icmp_ln703 & !icmp_ln731 & !select_ln731 & !select_ln731_1 & !select_ln731_2 & !select_ln731_3 & !select_ln731_4 & !select_ln731_5)> <Delay = 2.75>
ST_1 : Operation 92 [1/1] (0.00ns)   --->   "%b_frac_8 = bitconcatenate i29 @_ssdm_op_BitConcatenate.i29.i9.i20, i9 %trunc_ln726_6, i20 0" [C:/Xilinx/Vitis_HLS/2023.1/common/technology/autopilot/etc/hls_log_apfixed.h:733]   --->   Operation 92 'bitconcatenate' 'b_frac_8' <Predicate = (!icmp_ln703 & !icmp_ln731 & !select_ln731 & !select_ln731_1 & !select_ln731_2 & !select_ln731_3 & !select_ln731_4 & !select_ln731_5 & !select_ln731_6)> <Delay = 0.00>
ST_1 : Operation 93 [1/1] (0.00ns)   --->   "%trunc_ln726_7 = trunc i17 %x_val_read" [C:/Xilinx/Vitis_HLS/2023.1/common/technology/autopilot/etc/hls_log_apfixed.h:726]   --->   Operation 93 'trunc' 'trunc_ln726_7' <Predicate = (!icmp_ln703 & !icmp_ln731 & !select_ln731 & !select_ln731_1 & !select_ln731_2 & !select_ln731_3 & !select_ln731_4 & !select_ln731_5 & !select_ln731_6)> <Delay = 0.00>
ST_1 : Operation 94 [1/1] (0.00ns) (grouped into LUT with out node select_ln731_7)   --->   "%tmp_21 = bitselect i1 @_ssdm_op_BitSelect.i1.i17.i32, i17 %x_val_read, i32 8" [C:/Xilinx/Vitis_HLS/2023.1/common/technology/autopilot/etc/hls_log_apfixed.h:731]   --->   Operation 94 'bitselect' 'tmp_21' <Predicate = (!icmp_ln703 & !icmp_ln731 & !select_ln731 & !select_ln731_1 & !select_ln731_2 & !select_ln731_3 & !select_ln731_4 & !select_ln731_5 & !select_ln731_6)> <Delay = 0.00>
ST_1 : Operation 95 [1/1] (0.00ns)   --->   "%tmp_22 = partselect i2 @_ssdm_op_PartSelect.i2.i17.i32.i32, i17 %x_val_read, i32 6, i32 7" [C:/Xilinx/Vitis_HLS/2023.1/common/technology/autopilot/etc/hls_log_apfixed.h:731]   --->   Operation 95 'partselect' 'tmp_22' <Predicate = (!icmp_ln703 & !icmp_ln731 & !select_ln731 & !select_ln731_1 & !select_ln731_2 & !select_ln731_3 & !select_ln731_4 & !select_ln731_5 & !select_ln731_6)> <Delay = 0.00>
ST_1 : Operation 96 [1/1] (0.00ns)   --->   "%and_ln731_8 = bitconcatenate i28 @_ssdm_op_BitConcatenate.i28.i2.i26, i2 %tmp_22, i26 0" [C:/Xilinx/Vitis_HLS/2023.1/common/technology/autopilot/etc/hls_log_apfixed.h:731]   --->   Operation 96 'bitconcatenate' 'and_ln731_8' <Predicate = (!icmp_ln703 & !icmp_ln731 & !select_ln731 & !select_ln731_1 & !select_ln731_2 & !select_ln731_3 & !select_ln731_4 & !select_ln731_5 & !select_ln731_6)> <Delay = 0.00>
ST_1 : Operation 97 [1/1] (2.56ns)   --->   "%icmp_ln731_8 = icmp_eq  i28 %and_ln731_8, i28 201326592" [C:/Xilinx/Vitis_HLS/2023.1/common/technology/autopilot/etc/hls_log_apfixed.h:731]   --->   Operation 97 'icmp' 'icmp_ln731_8' <Predicate = (!icmp_ln703 & !icmp_ln731 & !select_ln731 & !select_ln731_1 & !select_ln731_2 & !select_ln731_3 & !select_ln731_4 & !select_ln731_5 & !select_ln731_6)> <Delay = 2.56> <CoreInst = "Cmp">   --->   Core 9 'Cmp' <Latency = 0> <II = 1> <Delay = 2.56> <FuncUnit> <Opcode : 'icmp'> <InPorts = 2> <OutPorts = 1>
ST_1 : Operation 98 [1/1] (0.00ns) (grouped into LUT with out node select_ln731_7)   --->   "%tmp_23 = bitselect i1 @_ssdm_op_BitSelect.i1.i17.i32, i17 %x_val_read, i32 7" [C:/Xilinx/Vitis_HLS/2023.1/common/technology/autopilot/etc/hls_log_apfixed.h:731]   --->   Operation 98 'bitselect' 'tmp_23' <Predicate = (!icmp_ln703 & !icmp_ln731 & !select_ln731 & !select_ln731_1 & !select_ln731_2 & !select_ln731_3 & !select_ln731_4 & !select_ln731_5 & !select_ln731_6)> <Delay = 0.00>
ST_1 : Operation 99 [1/1] (0.00ns) (grouped into LUT with out node select_ln731_7)   --->   "%xor_ln731_7 = xor i1 %tmp_23, i1 1" [C:/Xilinx/Vitis_HLS/2023.1/common/technology/autopilot/etc/hls_log_apfixed.h:731]   --->   Operation 99 'xor' 'xor_ln731_7' <Predicate = (!icmp_ln703 & !icmp_ln731 & !select_ln731 & !select_ln731_1 & !select_ln731_2 & !select_ln731_3 & !select_ln731_4 & !select_ln731_5 & !select_ln731_6)> <Delay = 0.00> <CoreInst = "LogicGate">   --->   Core 74 'LogicGate' <Latency = 0> <II = 1> <Delay = 0.97> <FuncUnit> <Opcode : 'and' 'or' 'xor'> <InPorts = 2> <OutPorts = 1>
ST_1 : Operation 100 [1/1] (0.99ns) (out node of the LUT)   --->   "%select_ln731_7 = select i1 %tmp_21, i1 %xor_ln731_7, i1 %icmp_ln731_8" [C:/Xilinx/Vitis_HLS/2023.1/common/technology/autopilot/etc/hls_log_apfixed.h:731]   --->   Operation 100 'select' 'select_ln731_7' <Predicate = (!icmp_ln703 & !icmp_ln731 & !select_ln731 & !select_ln731_1 & !select_ln731_2 & !select_ln731_3 & !select_ln731_4 & !select_ln731_5 & !select_ln731_6)> <Delay = 0.99> <CoreInst = "Sel">   --->   Core 73 'Sel' <Latency = 0> <II = 1> <Delay = 0.99> <FuncUnit> <Opcode : 'select'> <InPorts = 3> <OutPorts = 1>
ST_1 : Operation 101 [1/1] (2.75ns)   --->   "%br_ln731 = br i1 %select_ln731_7, void %for.inc.8, void %_ZN13ap_fixed_baseILi7ELi7ELb1EL9ap_q_mode5EL9ap_o_mode3ELi0EEC2Ei.exit.i.i" [C:/Xilinx/Vitis_HLS/2023.1/common/technology/autopilot/etc/hls_log_apfixed.h:731]   --->   Operation 101 'br' 'br_ln731' <Predicate = (!icmp_ln703 & !icmp_ln731 & !select_ln731 & !select_ln731_1 & !select_ln731_2 & !select_ln731_3 & !select_ln731_4 & !select_ln731_5 & !select_ln731_6)> <Delay = 2.75>
ST_1 : Operation 102 [1/1] (0.00ns)   --->   "%b_frac_9 = bitconcatenate i29 @_ssdm_op_BitConcatenate.i29.i8.i21, i8 %trunc_ln726_7, i21 0" [C:/Xilinx/Vitis_HLS/2023.1/common/technology/autopilot/etc/hls_log_apfixed.h:733]   --->   Operation 102 'bitconcatenate' 'b_frac_9' <Predicate = (!icmp_ln703 & !icmp_ln731 & !select_ln731 & !select_ln731_1 & !select_ln731_2 & !select_ln731_3 & !select_ln731_4 & !select_ln731_5 & !select_ln731_6 & !select_ln731_7)> <Delay = 0.00>
ST_1 : Operation 103 [1/1] (0.00ns)   --->   "%trunc_ln726_8 = trunc i17 %x_val_read" [C:/Xilinx/Vitis_HLS/2023.1/common/technology/autopilot/etc/hls_log_apfixed.h:726]   --->   Operation 103 'trunc' 'trunc_ln726_8' <Predicate = (!icmp_ln703 & !icmp_ln731 & !select_ln731 & !select_ln731_1 & !select_ln731_2 & !select_ln731_3 & !select_ln731_4 & !select_ln731_5 & !select_ln731_6 & !select_ln731_7)> <Delay = 0.00>
ST_1 : Operation 104 [1/1] (0.00ns) (grouped into LUT with out node select_ln731_8)   --->   "%tmp_24 = bitselect i1 @_ssdm_op_BitSelect.i1.i17.i32, i17 %x_val_read, i32 7" [C:/Xilinx/Vitis_HLS/2023.1/common/technology/autopilot/etc/hls_log_apfixed.h:731]   --->   Operation 104 'bitselect' 'tmp_24' <Predicate = (!icmp_ln703 & !icmp_ln731 & !select_ln731 & !select_ln731_1 & !select_ln731_2 & !select_ln731_3 & !select_ln731_4 & !select_ln731_5 & !select_ln731_6 & !select_ln731_7)> <Delay = 0.00>
ST_1 : Operation 105 [1/1] (0.00ns)   --->   "%tmp_25 = partselect i2 @_ssdm_op_PartSelect.i2.i17.i32.i32, i17 %x_val_read, i32 5, i32 6" [C:/Xilinx/Vitis_HLS/2023.1/common/technology/autopilot/etc/hls_log_apfixed.h:731]   --->   Operation 105 'partselect' 'tmp_25' <Predicate = (!icmp_ln703 & !icmp_ln731 & !select_ln731 & !select_ln731_1 & !select_ln731_2 & !select_ln731_3 & !select_ln731_4 & !select_ln731_5 & !select_ln731_6 & !select_ln731_7)> <Delay = 0.00>
ST_1 : Operation 106 [1/1] (0.00ns)   --->   "%and_ln731_9 = bitconcatenate i28 @_ssdm_op_BitConcatenate.i28.i2.i26, i2 %tmp_25, i26 0" [C:/Xilinx/Vitis_HLS/2023.1/common/technology/autopilot/etc/hls_log_apfixed.h:731]   --->   Operation 106 'bitconcatenate' 'and_ln731_9' <Predicate = (!icmp_ln703 & !icmp_ln731 & !select_ln731 & !select_ln731_1 & !select_ln731_2 & !select_ln731_3 & !select_ln731_4 & !select_ln731_5 & !select_ln731_6 & !select_ln731_7)> <Delay = 0.00>
ST_1 : Operation 107 [1/1] (2.56ns)   --->   "%icmp_ln731_9 = icmp_eq  i28 %and_ln731_9, i28 201326592" [C:/Xilinx/Vitis_HLS/2023.1/common/technology/autopilot/etc/hls_log_apfixed.h:731]   --->   Operation 107 'icmp' 'icmp_ln731_9' <Predicate = (!icmp_ln703 & !icmp_ln731 & !select_ln731 & !select_ln731_1 & !select_ln731_2 & !select_ln731_3 & !select_ln731_4 & !select_ln731_5 & !select_ln731_6 & !select_ln731_7)> <Delay = 2.56> <CoreInst = "Cmp">   --->   Core 9 'Cmp' <Latency = 0> <II = 1> <Delay = 2.56> <FuncUnit> <Opcode : 'icmp'> <InPorts = 2> <OutPorts = 1>
ST_1 : Operation 108 [1/1] (0.00ns) (grouped into LUT with out node select_ln731_8)   --->   "%tmp_26 = bitselect i1 @_ssdm_op_BitSelect.i1.i17.i32, i17 %x_val_read, i32 6" [C:/Xilinx/Vitis_HLS/2023.1/common/technology/autopilot/etc/hls_log_apfixed.h:731]   --->   Operation 108 'bitselect' 'tmp_26' <Predicate = (!icmp_ln703 & !icmp_ln731 & !select_ln731 & !select_ln731_1 & !select_ln731_2 & !select_ln731_3 & !select_ln731_4 & !select_ln731_5 & !select_ln731_6 & !select_ln731_7)> <Delay = 0.00>
ST_1 : Operation 109 [1/1] (0.00ns) (grouped into LUT with out node select_ln731_8)   --->   "%xor_ln731_8 = xor i1 %tmp_26, i1 1" [C:/Xilinx/Vitis_HLS/2023.1/common/technology/autopilot/etc/hls_log_apfixed.h:731]   --->   Operation 109 'xor' 'xor_ln731_8' <Predicate = (!icmp_ln703 & !icmp_ln731 & !select_ln731 & !select_ln731_1 & !select_ln731_2 & !select_ln731_3 & !select_ln731_4 & !select_ln731_5 & !select_ln731_6 & !select_ln731_7)> <Delay = 0.00> <CoreInst = "LogicGate">   --->   Core 74 'LogicGate' <Latency = 0> <II = 1> <Delay = 0.97> <FuncUnit> <Opcode : 'and' 'or' 'xor'> <InPorts = 2> <OutPorts = 1>
ST_1 : Operation 110 [1/1] (0.99ns) (out node of the LUT)   --->   "%select_ln731_8 = select i1 %tmp_24, i1 %xor_ln731_8, i1 %icmp_ln731_9" [C:/Xilinx/Vitis_HLS/2023.1/common/technology/autopilot/etc/hls_log_apfixed.h:731]   --->   Operation 110 'select' 'select_ln731_8' <Predicate = (!icmp_ln703 & !icmp_ln731 & !select_ln731 & !select_ln731_1 & !select_ln731_2 & !select_ln731_3 & !select_ln731_4 & !select_ln731_5 & !select_ln731_6 & !select_ln731_7)> <Delay = 0.99> <CoreInst = "Sel">   --->   Core 73 'Sel' <Latency = 0> <II = 1> <Delay = 0.99> <FuncUnit> <Opcode : 'select'> <InPorts = 3> <OutPorts = 1>
ST_1 : Operation 111 [1/1] (2.75ns)   --->   "%br_ln731 = br i1 %select_ln731_8, void %for.inc.9, void %_ZN13ap_fixed_baseILi7ELi7ELb1EL9ap_q_mode5EL9ap_o_mode3ELi0EEC2Ei.exit.i.i" [C:/Xilinx/Vitis_HLS/2023.1/common/technology/autopilot/etc/hls_log_apfixed.h:731]   --->   Operation 111 'br' 'br_ln731' <Predicate = (!icmp_ln703 & !icmp_ln731 & !select_ln731 & !select_ln731_1 & !select_ln731_2 & !select_ln731_3 & !select_ln731_4 & !select_ln731_5 & !select_ln731_6 & !select_ln731_7)> <Delay = 2.75>
ST_1 : Operation 112 [1/1] (0.00ns)   --->   "%b_frac_10 = bitconcatenate i29 @_ssdm_op_BitConcatenate.i29.i7.i22, i7 %trunc_ln726_8, i22 0" [C:/Xilinx/Vitis_HLS/2023.1/common/technology/autopilot/etc/hls_log_apfixed.h:733]   --->   Operation 112 'bitconcatenate' 'b_frac_10' <Predicate = (!icmp_ln703 & !icmp_ln731 & !select_ln731 & !select_ln731_1 & !select_ln731_2 & !select_ln731_3 & !select_ln731_4 & !select_ln731_5 & !select_ln731_6 & !select_ln731_7 & !select_ln731_8)> <Delay = 0.00>
ST_1 : Operation 113 [1/1] (0.00ns)   --->   "%trunc_ln726_9 = trunc i17 %x_val_read" [C:/Xilinx/Vitis_HLS/2023.1/common/technology/autopilot/etc/hls_log_apfixed.h:726]   --->   Operation 113 'trunc' 'trunc_ln726_9' <Predicate = (!icmp_ln703 & !icmp_ln731 & !select_ln731 & !select_ln731_1 & !select_ln731_2 & !select_ln731_3 & !select_ln731_4 & !select_ln731_5 & !select_ln731_6 & !select_ln731_7 & !select_ln731_8)> <Delay = 0.00>
ST_1 : Operation 114 [1/1] (0.00ns) (grouped into LUT with out node select_ln731_9)   --->   "%tmp_27 = bitselect i1 @_ssdm_op_BitSelect.i1.i17.i32, i17 %x_val_read, i32 6" [C:/Xilinx/Vitis_HLS/2023.1/common/technology/autopilot/etc/hls_log_apfixed.h:731]   --->   Operation 114 'bitselect' 'tmp_27' <Predicate = (!icmp_ln703 & !icmp_ln731 & !select_ln731 & !select_ln731_1 & !select_ln731_2 & !select_ln731_3 & !select_ln731_4 & !select_ln731_5 & !select_ln731_6 & !select_ln731_7 & !select_ln731_8)> <Delay = 0.00>
ST_1 : Operation 115 [1/1] (0.00ns)   --->   "%tmp_28 = partselect i2 @_ssdm_op_PartSelect.i2.i17.i32.i32, i17 %x_val_read, i32 4, i32 5" [C:/Xilinx/Vitis_HLS/2023.1/common/technology/autopilot/etc/hls_log_apfixed.h:731]   --->   Operation 115 'partselect' 'tmp_28' <Predicate = (!icmp_ln703 & !icmp_ln731 & !select_ln731 & !select_ln731_1 & !select_ln731_2 & !select_ln731_3 & !select_ln731_4 & !select_ln731_5 & !select_ln731_6 & !select_ln731_7 & !select_ln731_8)> <Delay = 0.00>
ST_1 : Operation 116 [1/1] (0.00ns)   --->   "%and_ln731_s = bitconcatenate i28 @_ssdm_op_BitConcatenate.i28.i2.i26, i2 %tmp_28, i26 0" [C:/Xilinx/Vitis_HLS/2023.1/common/technology/autopilot/etc/hls_log_apfixed.h:731]   --->   Operation 116 'bitconcatenate' 'and_ln731_s' <Predicate = (!icmp_ln703 & !icmp_ln731 & !select_ln731 & !select_ln731_1 & !select_ln731_2 & !select_ln731_3 & !select_ln731_4 & !select_ln731_5 & !select_ln731_6 & !select_ln731_7 & !select_ln731_8)> <Delay = 0.00>
ST_1 : Operation 117 [1/1] (2.56ns)   --->   "%icmp_ln731_10 = icmp_eq  i28 %and_ln731_s, i28 201326592" [C:/Xilinx/Vitis_HLS/2023.1/common/technology/autopilot/etc/hls_log_apfixed.h:731]   --->   Operation 117 'icmp' 'icmp_ln731_10' <Predicate = (!icmp_ln703 & !icmp_ln731 & !select_ln731 & !select_ln731_1 & !select_ln731_2 & !select_ln731_3 & !select_ln731_4 & !select_ln731_5 & !select_ln731_6 & !select_ln731_7 & !select_ln731_8)> <Delay = 2.56> <CoreInst = "Cmp">   --->   Core 9 'Cmp' <Latency = 0> <II = 1> <Delay = 2.56> <FuncUnit> <Opcode : 'icmp'> <InPorts = 2> <OutPorts = 1>
ST_1 : Operation 118 [1/1] (0.00ns) (grouped into LUT with out node select_ln731_9)   --->   "%tmp_29 = bitselect i1 @_ssdm_op_BitSelect.i1.i17.i32, i17 %x_val_read, i32 5" [C:/Xilinx/Vitis_HLS/2023.1/common/technology/autopilot/etc/hls_log_apfixed.h:731]   --->   Operation 118 'bitselect' 'tmp_29' <Predicate = (!icmp_ln703 & !icmp_ln731 & !select_ln731 & !select_ln731_1 & !select_ln731_2 & !select_ln731_3 & !select_ln731_4 & !select_ln731_5 & !select_ln731_6 & !select_ln731_7 & !select_ln731_8)> <Delay = 0.00>
ST_1 : Operation 119 [1/1] (0.00ns) (grouped into LUT with out node select_ln731_9)   --->   "%xor_ln731_9 = xor i1 %tmp_29, i1 1" [C:/Xilinx/Vitis_HLS/2023.1/common/technology/autopilot/etc/hls_log_apfixed.h:731]   --->   Operation 119 'xor' 'xor_ln731_9' <Predicate = (!icmp_ln703 & !icmp_ln731 & !select_ln731 & !select_ln731_1 & !select_ln731_2 & !select_ln731_3 & !select_ln731_4 & !select_ln731_5 & !select_ln731_6 & !select_ln731_7 & !select_ln731_8)> <Delay = 0.00> <CoreInst = "LogicGate">   --->   Core 74 'LogicGate' <Latency = 0> <II = 1> <Delay = 0.97> <FuncUnit> <Opcode : 'and' 'or' 'xor'> <InPorts = 2> <OutPorts = 1>
ST_1 : Operation 120 [1/1] (0.99ns) (out node of the LUT)   --->   "%select_ln731_9 = select i1 %tmp_27, i1 %xor_ln731_9, i1 %icmp_ln731_10" [C:/Xilinx/Vitis_HLS/2023.1/common/technology/autopilot/etc/hls_log_apfixed.h:731]   --->   Operation 120 'select' 'select_ln731_9' <Predicate = (!icmp_ln703 & !icmp_ln731 & !select_ln731 & !select_ln731_1 & !select_ln731_2 & !select_ln731_3 & !select_ln731_4 & !select_ln731_5 & !select_ln731_6 & !select_ln731_7 & !select_ln731_8)> <Delay = 0.99> <CoreInst = "Sel">   --->   Core 73 'Sel' <Latency = 0> <II = 1> <Delay = 0.99> <FuncUnit> <Opcode : 'select'> <InPorts = 3> <OutPorts = 1>
ST_1 : Operation 121 [1/1] (2.75ns)   --->   "%br_ln731 = br i1 %select_ln731_9, void %for.inc.10, void %_ZN13ap_fixed_baseILi7ELi7ELb1EL9ap_q_mode5EL9ap_o_mode3ELi0EEC2Ei.exit.i.i" [C:/Xilinx/Vitis_HLS/2023.1/common/technology/autopilot/etc/hls_log_apfixed.h:731]   --->   Operation 121 'br' 'br_ln731' <Predicate = (!icmp_ln703 & !icmp_ln731 & !select_ln731 & !select_ln731_1 & !select_ln731_2 & !select_ln731_3 & !select_ln731_4 & !select_ln731_5 & !select_ln731_6 & !select_ln731_7 & !select_ln731_8)> <Delay = 2.75>
ST_1 : Operation 122 [1/1] (0.00ns)   --->   "%b_frac_11 = bitconcatenate i29 @_ssdm_op_BitConcatenate.i29.i6.i23, i6 %trunc_ln726_9, i23 0" [C:/Xilinx/Vitis_HLS/2023.1/common/technology/autopilot/etc/hls_log_apfixed.h:733]   --->   Operation 122 'bitconcatenate' 'b_frac_11' <Predicate = (!icmp_ln703 & !icmp_ln731 & !select_ln731 & !select_ln731_1 & !select_ln731_2 & !select_ln731_3 & !select_ln731_4 & !select_ln731_5 & !select_ln731_6 & !select_ln731_7 & !select_ln731_8 & !select_ln731_9)> <Delay = 0.00>
ST_1 : Operation 123 [1/1] (0.00ns)   --->   "%trunc_ln726_10 = trunc i17 %x_val_read" [C:/Xilinx/Vitis_HLS/2023.1/common/technology/autopilot/etc/hls_log_apfixed.h:726]   --->   Operation 123 'trunc' 'trunc_ln726_10' <Predicate = (!icmp_ln703 & !icmp_ln731 & !select_ln731 & !select_ln731_1 & !select_ln731_2 & !select_ln731_3 & !select_ln731_4 & !select_ln731_5 & !select_ln731_6 & !select_ln731_7 & !select_ln731_8 & !select_ln731_9)> <Delay = 0.00>
ST_1 : Operation 124 [1/1] (0.00ns) (grouped into LUT with out node select_ln731_10)   --->   "%tmp_30 = bitselect i1 @_ssdm_op_BitSelect.i1.i17.i32, i17 %x_val_read, i32 5" [C:/Xilinx/Vitis_HLS/2023.1/common/technology/autopilot/etc/hls_log_apfixed.h:731]   --->   Operation 124 'bitselect' 'tmp_30' <Predicate = (!icmp_ln703 & !icmp_ln731 & !select_ln731 & !select_ln731_1 & !select_ln731_2 & !select_ln731_3 & !select_ln731_4 & !select_ln731_5 & !select_ln731_6 & !select_ln731_7 & !select_ln731_8 & !select_ln731_9)> <Delay = 0.00>
ST_1 : Operation 125 [1/1] (0.00ns)   --->   "%tmp_31 = partselect i2 @_ssdm_op_PartSelect.i2.i17.i32.i32, i17 %x_val_read, i32 3, i32 4" [C:/Xilinx/Vitis_HLS/2023.1/common/technology/autopilot/etc/hls_log_apfixed.h:731]   --->   Operation 125 'partselect' 'tmp_31' <Predicate = (!icmp_ln703 & !icmp_ln731 & !select_ln731 & !select_ln731_1 & !select_ln731_2 & !select_ln731_3 & !select_ln731_4 & !select_ln731_5 & !select_ln731_6 & !select_ln731_7 & !select_ln731_8 & !select_ln731_9)> <Delay = 0.00>
ST_1 : Operation 126 [1/1] (0.00ns)   --->   "%and_ln731_10 = bitconcatenate i28 @_ssdm_op_BitConcatenate.i28.i2.i26, i2 %tmp_31, i26 0" [C:/Xilinx/Vitis_HLS/2023.1/common/technology/autopilot/etc/hls_log_apfixed.h:731]   --->   Operation 126 'bitconcatenate' 'and_ln731_10' <Predicate = (!icmp_ln703 & !icmp_ln731 & !select_ln731 & !select_ln731_1 & !select_ln731_2 & !select_ln731_3 & !select_ln731_4 & !select_ln731_5 & !select_ln731_6 & !select_ln731_7 & !select_ln731_8 & !select_ln731_9)> <Delay = 0.00>
ST_1 : Operation 127 [1/1] (2.56ns)   --->   "%icmp_ln731_11 = icmp_eq  i28 %and_ln731_10, i28 201326592" [C:/Xilinx/Vitis_HLS/2023.1/common/technology/autopilot/etc/hls_log_apfixed.h:731]   --->   Operation 127 'icmp' 'icmp_ln731_11' <Predicate = (!icmp_ln703 & !icmp_ln731 & !select_ln731 & !select_ln731_1 & !select_ln731_2 & !select_ln731_3 & !select_ln731_4 & !select_ln731_5 & !select_ln731_6 & !select_ln731_7 & !select_ln731_8 & !select_ln731_9)> <Delay = 2.56> <CoreInst = "Cmp">   --->   Core 9 'Cmp' <Latency = 0> <II = 1> <Delay = 2.56> <FuncUnit> <Opcode : 'icmp'> <InPorts = 2> <OutPorts = 1>
ST_1 : Operation 128 [1/1] (0.00ns) (grouped into LUT with out node select_ln731_10)   --->   "%tmp_32 = bitselect i1 @_ssdm_op_BitSelect.i1.i17.i32, i17 %x_val_read, i32 4" [C:/Xilinx/Vitis_HLS/2023.1/common/technology/autopilot/etc/hls_log_apfixed.h:731]   --->   Operation 128 'bitselect' 'tmp_32' <Predicate = (!icmp_ln703 & !icmp_ln731 & !select_ln731 & !select_ln731_1 & !select_ln731_2 & !select_ln731_3 & !select_ln731_4 & !select_ln731_5 & !select_ln731_6 & !select_ln731_7 & !select_ln731_8 & !select_ln731_9)> <Delay = 0.00>
ST_1 : Operation 129 [1/1] (0.00ns) (grouped into LUT with out node select_ln731_10)   --->   "%xor_ln731_10 = xor i1 %tmp_32, i1 1" [C:/Xilinx/Vitis_HLS/2023.1/common/technology/autopilot/etc/hls_log_apfixed.h:731]   --->   Operation 129 'xor' 'xor_ln731_10' <Predicate = (!icmp_ln703 & !icmp_ln731 & !select_ln731 & !select_ln731_1 & !select_ln731_2 & !select_ln731_3 & !select_ln731_4 & !select_ln731_5 & !select_ln731_6 & !select_ln731_7 & !select_ln731_8 & !select_ln731_9)> <Delay = 0.00> <CoreInst = "LogicGate">   --->   Core 74 'LogicGate' <Latency = 0> <II = 1> <Delay = 0.97> <FuncUnit> <Opcode : 'and' 'or' 'xor'> <InPorts = 2> <OutPorts = 1>
ST_1 : Operation 130 [1/1] (0.99ns) (out node of the LUT)   --->   "%select_ln731_10 = select i1 %tmp_30, i1 %xor_ln731_10, i1 %icmp_ln731_11" [C:/Xilinx/Vitis_HLS/2023.1/common/technology/autopilot/etc/hls_log_apfixed.h:731]   --->   Operation 130 'select' 'select_ln731_10' <Predicate = (!icmp_ln703 & !icmp_ln731 & !select_ln731 & !select_ln731_1 & !select_ln731_2 & !select_ln731_3 & !select_ln731_4 & !select_ln731_5 & !select_ln731_6 & !select_ln731_7 & !select_ln731_8 & !select_ln731_9)> <Delay = 0.99> <CoreInst = "Sel">   --->   Core 73 'Sel' <Latency = 0> <II = 1> <Delay = 0.99> <FuncUnit> <Opcode : 'select'> <InPorts = 3> <OutPorts = 1>
ST_1 : Operation 131 [1/1] (2.75ns)   --->   "%br_ln731 = br i1 %select_ln731_10, void %for.inc.11, void %_ZN13ap_fixed_baseILi7ELi7ELb1EL9ap_q_mode5EL9ap_o_mode3ELi0EEC2Ei.exit.i.i" [C:/Xilinx/Vitis_HLS/2023.1/common/technology/autopilot/etc/hls_log_apfixed.h:731]   --->   Operation 131 'br' 'br_ln731' <Predicate = (!icmp_ln703 & !icmp_ln731 & !select_ln731 & !select_ln731_1 & !select_ln731_2 & !select_ln731_3 & !select_ln731_4 & !select_ln731_5 & !select_ln731_6 & !select_ln731_7 & !select_ln731_8 & !select_ln731_9)> <Delay = 2.75>
ST_1 : Operation 132 [1/1] (0.00ns)   --->   "%b_frac_12 = bitconcatenate i29 @_ssdm_op_BitConcatenate.i29.i5.i24, i5 %trunc_ln726_10, i24 0" [C:/Xilinx/Vitis_HLS/2023.1/common/technology/autopilot/etc/hls_log_apfixed.h:733]   --->   Operation 132 'bitconcatenate' 'b_frac_12' <Predicate = (!icmp_ln703 & !icmp_ln731 & !select_ln731 & !select_ln731_1 & !select_ln731_2 & !select_ln731_3 & !select_ln731_4 & !select_ln731_5 & !select_ln731_6 & !select_ln731_7 & !select_ln731_8 & !select_ln731_9 & !select_ln731_10)> <Delay = 0.00>
ST_1 : Operation 133 [1/1] (0.00ns)   --->   "%trunc_ln726_11 = trunc i17 %x_val_read" [C:/Xilinx/Vitis_HLS/2023.1/common/technology/autopilot/etc/hls_log_apfixed.h:726]   --->   Operation 133 'trunc' 'trunc_ln726_11' <Predicate = (!icmp_ln703 & !icmp_ln731 & !select_ln731 & !select_ln731_1 & !select_ln731_2 & !select_ln731_3 & !select_ln731_4 & !select_ln731_5 & !select_ln731_6 & !select_ln731_7 & !select_ln731_8 & !select_ln731_9 & !select_ln731_10)> <Delay = 0.00>
ST_1 : Operation 134 [1/1] (0.00ns) (grouped into LUT with out node select_ln731_11)   --->   "%tmp_33 = bitselect i1 @_ssdm_op_BitSelect.i1.i17.i32, i17 %x_val_read, i32 4" [C:/Xilinx/Vitis_HLS/2023.1/common/technology/autopilot/etc/hls_log_apfixed.h:731]   --->   Operation 134 'bitselect' 'tmp_33' <Predicate = (!icmp_ln703 & !icmp_ln731 & !select_ln731 & !select_ln731_1 & !select_ln731_2 & !select_ln731_3 & !select_ln731_4 & !select_ln731_5 & !select_ln731_6 & !select_ln731_7 & !select_ln731_8 & !select_ln731_9 & !select_ln731_10)> <Delay = 0.00>
ST_1 : Operation 135 [1/1] (0.00ns)   --->   "%tmp_34 = partselect i2 @_ssdm_op_PartSelect.i2.i17.i32.i32, i17 %x_val_read, i32 2, i32 3" [C:/Xilinx/Vitis_HLS/2023.1/common/technology/autopilot/etc/hls_log_apfixed.h:731]   --->   Operation 135 'partselect' 'tmp_34' <Predicate = (!icmp_ln703 & !icmp_ln731 & !select_ln731 & !select_ln731_1 & !select_ln731_2 & !select_ln731_3 & !select_ln731_4 & !select_ln731_5 & !select_ln731_6 & !select_ln731_7 & !select_ln731_8 & !select_ln731_9 & !select_ln731_10)> <Delay = 0.00>
ST_1 : Operation 136 [1/1] (0.00ns)   --->   "%and_ln731_11 = bitconcatenate i28 @_ssdm_op_BitConcatenate.i28.i2.i26, i2 %tmp_34, i26 0" [C:/Xilinx/Vitis_HLS/2023.1/common/technology/autopilot/etc/hls_log_apfixed.h:731]   --->   Operation 136 'bitconcatenate' 'and_ln731_11' <Predicate = (!icmp_ln703 & !icmp_ln731 & !select_ln731 & !select_ln731_1 & !select_ln731_2 & !select_ln731_3 & !select_ln731_4 & !select_ln731_5 & !select_ln731_6 & !select_ln731_7 & !select_ln731_8 & !select_ln731_9 & !select_ln731_10)> <Delay = 0.00>
ST_1 : Operation 137 [1/1] (2.56ns)   --->   "%icmp_ln731_12 = icmp_eq  i28 %and_ln731_11, i28 201326592" [C:/Xilinx/Vitis_HLS/2023.1/common/technology/autopilot/etc/hls_log_apfixed.h:731]   --->   Operation 137 'icmp' 'icmp_ln731_12' <Predicate = (!icmp_ln703 & !icmp_ln731 & !select_ln731 & !select_ln731_1 & !select_ln731_2 & !select_ln731_3 & !select_ln731_4 & !select_ln731_5 & !select_ln731_6 & !select_ln731_7 & !select_ln731_8 & !select_ln731_9 & !select_ln731_10)> <Delay = 2.56> <CoreInst = "Cmp">   --->   Core 9 'Cmp' <Latency = 0> <II = 1> <Delay = 2.56> <FuncUnit> <Opcode : 'icmp'> <InPorts = 2> <OutPorts = 1>
ST_1 : Operation 138 [1/1] (0.00ns) (grouped into LUT with out node select_ln731_11)   --->   "%tmp_35 = bitselect i1 @_ssdm_op_BitSelect.i1.i17.i32, i17 %x_val_read, i32 3" [C:/Xilinx/Vitis_HLS/2023.1/common/technology/autopilot/etc/hls_log_apfixed.h:731]   --->   Operation 138 'bitselect' 'tmp_35' <Predicate = (!icmp_ln703 & !icmp_ln731 & !select_ln731 & !select_ln731_1 & !select_ln731_2 & !select_ln731_3 & !select_ln731_4 & !select_ln731_5 & !select_ln731_6 & !select_ln731_7 & !select_ln731_8 & !select_ln731_9 & !select_ln731_10)> <Delay = 0.00>
ST_1 : Operation 139 [1/1] (0.00ns) (grouped into LUT with out node select_ln731_11)   --->   "%xor_ln731_11 = xor i1 %tmp_35, i1 1" [C:/Xilinx/Vitis_HLS/2023.1/common/technology/autopilot/etc/hls_log_apfixed.h:731]   --->   Operation 139 'xor' 'xor_ln731_11' <Predicate = (!icmp_ln703 & !icmp_ln731 & !select_ln731 & !select_ln731_1 & !select_ln731_2 & !select_ln731_3 & !select_ln731_4 & !select_ln731_5 & !select_ln731_6 & !select_ln731_7 & !select_ln731_8 & !select_ln731_9 & !select_ln731_10)> <Delay = 0.00> <CoreInst = "LogicGate">   --->   Core 74 'LogicGate' <Latency = 0> <II = 1> <Delay = 0.97> <FuncUnit> <Opcode : 'and' 'or' 'xor'> <InPorts = 2> <OutPorts = 1>
ST_1 : Operation 140 [1/1] (0.99ns) (out node of the LUT)   --->   "%select_ln731_11 = select i1 %tmp_33, i1 %xor_ln731_11, i1 %icmp_ln731_12" [C:/Xilinx/Vitis_HLS/2023.1/common/technology/autopilot/etc/hls_log_apfixed.h:731]   --->   Operation 140 'select' 'select_ln731_11' <Predicate = (!icmp_ln703 & !icmp_ln731 & !select_ln731 & !select_ln731_1 & !select_ln731_2 & !select_ln731_3 & !select_ln731_4 & !select_ln731_5 & !select_ln731_6 & !select_ln731_7 & !select_ln731_8 & !select_ln731_9 & !select_ln731_10)> <Delay = 0.99> <CoreInst = "Sel">   --->   Core 73 'Sel' <Latency = 0> <II = 1> <Delay = 0.99> <FuncUnit> <Opcode : 'select'> <InPorts = 3> <OutPorts = 1>
ST_1 : Operation 141 [1/1] (2.75ns)   --->   "%br_ln731 = br i1 %select_ln731_11, void %for.inc.12, void %_ZN13ap_fixed_baseILi7ELi7ELb1EL9ap_q_mode5EL9ap_o_mode3ELi0EEC2Ei.exit.i.i" [C:/Xilinx/Vitis_HLS/2023.1/common/technology/autopilot/etc/hls_log_apfixed.h:731]   --->   Operation 141 'br' 'br_ln731' <Predicate = (!icmp_ln703 & !icmp_ln731 & !select_ln731 & !select_ln731_1 & !select_ln731_2 & !select_ln731_3 & !select_ln731_4 & !select_ln731_5 & !select_ln731_6 & !select_ln731_7 & !select_ln731_8 & !select_ln731_9 & !select_ln731_10)> <Delay = 2.75>
ST_1 : Operation 142 [1/1] (0.00ns)   --->   "%b_frac_13 = bitconcatenate i29 @_ssdm_op_BitConcatenate.i29.i4.i25, i4 %trunc_ln726_11, i25 0" [C:/Xilinx/Vitis_HLS/2023.1/common/technology/autopilot/etc/hls_log_apfixed.h:733]   --->   Operation 142 'bitconcatenate' 'b_frac_13' <Predicate = (!icmp_ln703 & !icmp_ln731 & !select_ln731 & !select_ln731_1 & !select_ln731_2 & !select_ln731_3 & !select_ln731_4 & !select_ln731_5 & !select_ln731_6 & !select_ln731_7 & !select_ln731_8 & !select_ln731_9 & !select_ln731_10 & !select_ln731_11)> <Delay = 0.00>
ST_1 : Operation 143 [1/1] (0.00ns)   --->   "%trunc_ln726_13 = trunc i17 %x_val_read" [C:/Xilinx/Vitis_HLS/2023.1/common/technology/autopilot/etc/hls_log_apfixed.h:726]   --->   Operation 143 'trunc' 'trunc_ln726_13' <Predicate = (!icmp_ln703 & !icmp_ln731 & !select_ln731 & !select_ln731_1 & !select_ln731_2 & !select_ln731_3 & !select_ln731_4 & !select_ln731_5 & !select_ln731_6 & !select_ln731_7 & !select_ln731_8 & !select_ln731_9 & !select_ln731_10 & !select_ln731_11)> <Delay = 0.00>
ST_1 : Operation 144 [1/1] (0.00ns) (grouped into LUT with out node select_ln731_12)   --->   "%tmp_36 = bitselect i1 @_ssdm_op_BitSelect.i1.i17.i32, i17 %x_val_read, i32 3" [C:/Xilinx/Vitis_HLS/2023.1/common/technology/autopilot/etc/hls_log_apfixed.h:731]   --->   Operation 144 'bitselect' 'tmp_36' <Predicate = (!icmp_ln703 & !icmp_ln731 & !select_ln731 & !select_ln731_1 & !select_ln731_2 & !select_ln731_3 & !select_ln731_4 & !select_ln731_5 & !select_ln731_6 & !select_ln731_7 & !select_ln731_8 & !select_ln731_9 & !select_ln731_10 & !select_ln731_11)> <Delay = 0.00>
ST_1 : Operation 145 [1/1] (0.00ns)   --->   "%tmp_37 = partselect i2 @_ssdm_op_PartSelect.i2.i17.i32.i32, i17 %x_val_read, i32 1, i32 2" [C:/Xilinx/Vitis_HLS/2023.1/common/technology/autopilot/etc/hls_log_apfixed.h:731]   --->   Operation 145 'partselect' 'tmp_37' <Predicate = (!icmp_ln703 & !icmp_ln731 & !select_ln731 & !select_ln731_1 & !select_ln731_2 & !select_ln731_3 & !select_ln731_4 & !select_ln731_5 & !select_ln731_6 & !select_ln731_7 & !select_ln731_8 & !select_ln731_9 & !select_ln731_10 & !select_ln731_11)> <Delay = 0.00>
ST_1 : Operation 146 [1/1] (0.00ns)   --->   "%and_ln731_12 = bitconcatenate i28 @_ssdm_op_BitConcatenate.i28.i2.i26, i2 %tmp_37, i26 0" [C:/Xilinx/Vitis_HLS/2023.1/common/technology/autopilot/etc/hls_log_apfixed.h:731]   --->   Operation 146 'bitconcatenate' 'and_ln731_12' <Predicate = (!icmp_ln703 & !icmp_ln731 & !select_ln731 & !select_ln731_1 & !select_ln731_2 & !select_ln731_3 & !select_ln731_4 & !select_ln731_5 & !select_ln731_6 & !select_ln731_7 & !select_ln731_8 & !select_ln731_9 & !select_ln731_10 & !select_ln731_11)> <Delay = 0.00>
ST_1 : Operation 147 [1/1] (2.56ns)   --->   "%icmp_ln731_13 = icmp_eq  i28 %and_ln731_12, i28 201326592" [C:/Xilinx/Vitis_HLS/2023.1/common/technology/autopilot/etc/hls_log_apfixed.h:731]   --->   Operation 147 'icmp' 'icmp_ln731_13' <Predicate = (!icmp_ln703 & !icmp_ln731 & !select_ln731 & !select_ln731_1 & !select_ln731_2 & !select_ln731_3 & !select_ln731_4 & !select_ln731_5 & !select_ln731_6 & !select_ln731_7 & !select_ln731_8 & !select_ln731_9 & !select_ln731_10 & !select_ln731_11)> <Delay = 2.56> <CoreInst = "Cmp">   --->   Core 9 'Cmp' <Latency = 0> <II = 1> <Delay = 2.56> <FuncUnit> <Opcode : 'icmp'> <InPorts = 2> <OutPorts = 1>
ST_1 : Operation 148 [1/1] (0.00ns) (grouped into LUT with out node select_ln731_12)   --->   "%tmp_38 = bitselect i1 @_ssdm_op_BitSelect.i1.i17.i32, i17 %x_val_read, i32 2" [C:/Xilinx/Vitis_HLS/2023.1/common/technology/autopilot/etc/hls_log_apfixed.h:731]   --->   Operation 148 'bitselect' 'tmp_38' <Predicate = (!icmp_ln703 & !icmp_ln731 & !select_ln731 & !select_ln731_1 & !select_ln731_2 & !select_ln731_3 & !select_ln731_4 & !select_ln731_5 & !select_ln731_6 & !select_ln731_7 & !select_ln731_8 & !select_ln731_9 & !select_ln731_10 & !select_ln731_11)> <Delay = 0.00>
ST_1 : Operation 149 [1/1] (0.00ns) (grouped into LUT with out node select_ln731_12)   --->   "%xor_ln731_12 = xor i1 %tmp_38, i1 1" [C:/Xilinx/Vitis_HLS/2023.1/common/technology/autopilot/etc/hls_log_apfixed.h:731]   --->   Operation 149 'xor' 'xor_ln731_12' <Predicate = (!icmp_ln703 & !icmp_ln731 & !select_ln731 & !select_ln731_1 & !select_ln731_2 & !select_ln731_3 & !select_ln731_4 & !select_ln731_5 & !select_ln731_6 & !select_ln731_7 & !select_ln731_8 & !select_ln731_9 & !select_ln731_10 & !select_ln731_11)> <Delay = 0.00> <CoreInst = "LogicGate">   --->   Core 74 'LogicGate' <Latency = 0> <II = 1> <Delay = 0.97> <FuncUnit> <Opcode : 'and' 'or' 'xor'> <InPorts = 2> <OutPorts = 1>
ST_1 : Operation 150 [1/1] (0.99ns) (out node of the LUT)   --->   "%select_ln731_12 = select i1 %tmp_36, i1 %xor_ln731_12, i1 %icmp_ln731_13" [C:/Xilinx/Vitis_HLS/2023.1/common/technology/autopilot/etc/hls_log_apfixed.h:731]   --->   Operation 150 'select' 'select_ln731_12' <Predicate = (!icmp_ln703 & !icmp_ln731 & !select_ln731 & !select_ln731_1 & !select_ln731_2 & !select_ln731_3 & !select_ln731_4 & !select_ln731_5 & !select_ln731_6 & !select_ln731_7 & !select_ln731_8 & !select_ln731_9 & !select_ln731_10 & !select_ln731_11)> <Delay = 0.99> <CoreInst = "Sel">   --->   Core 73 'Sel' <Latency = 0> <II = 1> <Delay = 0.99> <FuncUnit> <Opcode : 'select'> <InPorts = 3> <OutPorts = 1>
ST_1 : Operation 151 [1/1] (2.75ns)   --->   "%br_ln731 = br i1 %select_ln731_12, void %for.inc.13, void %_ZN13ap_fixed_baseILi7ELi7ELb1EL9ap_q_mode5EL9ap_o_mode3ELi0EEC2Ei.exit.i.i" [C:/Xilinx/Vitis_HLS/2023.1/common/technology/autopilot/etc/hls_log_apfixed.h:731]   --->   Operation 151 'br' 'br_ln731' <Predicate = (!icmp_ln703 & !icmp_ln731 & !select_ln731 & !select_ln731_1 & !select_ln731_2 & !select_ln731_3 & !select_ln731_4 & !select_ln731_5 & !select_ln731_6 & !select_ln731_7 & !select_ln731_8 & !select_ln731_9 & !select_ln731_10 & !select_ln731_11)> <Delay = 2.75>
ST_1 : Operation 152 [1/1] (0.00ns)   --->   "%b_frac_14 = bitconcatenate i29 @_ssdm_op_BitConcatenate.i29.i3.i26, i3 %trunc_ln726_13, i26 0" [C:/Xilinx/Vitis_HLS/2023.1/common/technology/autopilot/etc/hls_log_apfixed.h:733]   --->   Operation 152 'bitconcatenate' 'b_frac_14' <Predicate = (!icmp_ln703 & !icmp_ln731 & !select_ln731 & !select_ln731_1 & !select_ln731_2 & !select_ln731_3 & !select_ln731_4 & !select_ln731_5 & !select_ln731_6 & !select_ln731_7 & !select_ln731_8 & !select_ln731_9 & !select_ln731_10 & !select_ln731_11 & !select_ln731_12)> <Delay = 0.00>
ST_1 : Operation 153 [1/1] (0.00ns)   --->   "%trunc_ln726_14 = trunc i17 %x_val_read" [C:/Xilinx/Vitis_HLS/2023.1/common/technology/autopilot/etc/hls_log_apfixed.h:726]   --->   Operation 153 'trunc' 'trunc_ln726_14' <Predicate = (!icmp_ln703 & !icmp_ln731 & !select_ln731 & !select_ln731_1 & !select_ln731_2 & !select_ln731_3 & !select_ln731_4 & !select_ln731_5 & !select_ln731_6 & !select_ln731_7 & !select_ln731_8 & !select_ln731_9 & !select_ln731_10 & !select_ln731_11 & !select_ln731_12)> <Delay = 0.00>
ST_1 : Operation 154 [1/1] (0.00ns)   --->   "%trunc_ln726_s = bitconcatenate i28 @_ssdm_op_BitConcatenate.i28.i2.i26, i2 %trunc_ln726_14, i26 0" [C:/Xilinx/Vitis_HLS/2023.1/common/technology/autopilot/etc/hls_log_apfixed.h:726]   --->   Operation 154 'bitconcatenate' 'trunc_ln726_s' <Predicate = (!icmp_ln703 & !icmp_ln731 & !select_ln731 & !select_ln731_1 & !select_ln731_2 & !select_ln731_3 & !select_ln731_4 & !select_ln731_5 & !select_ln731_6 & !select_ln731_7 & !select_ln731_8 & !select_ln731_9 & !select_ln731_10 & !select_ln731_11 & !select_ln731_12)> <Delay = 0.00>
ST_1 : Operation 155 [1/1] (0.00ns) (grouped into LUT with out node select_ln731_13)   --->   "%tmp_39 = bitselect i1 @_ssdm_op_BitSelect.i1.i17.i32, i17 %x_val_read, i32 2" [C:/Xilinx/Vitis_HLS/2023.1/common/technology/autopilot/etc/hls_log_apfixed.h:731]   --->   Operation 155 'bitselect' 'tmp_39' <Predicate = (!icmp_ln703 & !icmp_ln731 & !select_ln731 & !select_ln731_1 & !select_ln731_2 & !select_ln731_3 & !select_ln731_4 & !select_ln731_5 & !select_ln731_6 & !select_ln731_7 & !select_ln731_8 & !select_ln731_9 & !select_ln731_10 & !select_ln731_11 & !select_ln731_12)> <Delay = 0.00>
ST_1 : Operation 156 [1/1] (2.56ns)   --->   "%icmp_ln731_14 = icmp_eq  i28 %trunc_ln726_s, i28 201326592" [C:/Xilinx/Vitis_HLS/2023.1/common/technology/autopilot/etc/hls_log_apfixed.h:731]   --->   Operation 156 'icmp' 'icmp_ln731_14' <Predicate = (!icmp_ln703 & !icmp_ln731 & !select_ln731 & !select_ln731_1 & !select_ln731_2 & !select_ln731_3 & !select_ln731_4 & !select_ln731_5 & !select_ln731_6 & !select_ln731_7 & !select_ln731_8 & !select_ln731_9 & !select_ln731_10 & !select_ln731_11 & !select_ln731_12)> <Delay = 2.56> <CoreInst = "Cmp">   --->   Core 9 'Cmp' <Latency = 0> <II = 1> <Delay = 2.56> <FuncUnit> <Opcode : 'icmp'> <InPorts = 2> <OutPorts = 1>
ST_1 : Operation 157 [1/1] (0.00ns) (grouped into LUT with out node select_ln731_13)   --->   "%tmp_40 = bitselect i1 @_ssdm_op_BitSelect.i1.i17.i32, i17 %x_val_read, i32 1" [C:/Xilinx/Vitis_HLS/2023.1/common/technology/autopilot/etc/hls_log_apfixed.h:731]   --->   Operation 157 'bitselect' 'tmp_40' <Predicate = (!icmp_ln703 & !icmp_ln731 & !select_ln731 & !select_ln731_1 & !select_ln731_2 & !select_ln731_3 & !select_ln731_4 & !select_ln731_5 & !select_ln731_6 & !select_ln731_7 & !select_ln731_8 & !select_ln731_9 & !select_ln731_10 & !select_ln731_11 & !select_ln731_12)> <Delay = 0.00>
ST_1 : Operation 158 [1/1] (0.00ns) (grouped into LUT with out node select_ln731_13)   --->   "%xor_ln731_13 = xor i1 %tmp_40, i1 1" [C:/Xilinx/Vitis_HLS/2023.1/common/technology/autopilot/etc/hls_log_apfixed.h:731]   --->   Operation 158 'xor' 'xor_ln731_13' <Predicate = (!icmp_ln703 & !icmp_ln731 & !select_ln731 & !select_ln731_1 & !select_ln731_2 & !select_ln731_3 & !select_ln731_4 & !select_ln731_5 & !select_ln731_6 & !select_ln731_7 & !select_ln731_8 & !select_ln731_9 & !select_ln731_10 & !select_ln731_11 & !select_ln731_12)> <Delay = 0.00> <CoreInst = "LogicGate">   --->   Core 74 'LogicGate' <Latency = 0> <II = 1> <Delay = 0.97> <FuncUnit> <Opcode : 'and' 'or' 'xor'> <InPorts = 2> <OutPorts = 1>
ST_1 : Operation 159 [1/1] (0.99ns) (out node of the LUT)   --->   "%select_ln731_13 = select i1 %tmp_39, i1 %xor_ln731_13, i1 %icmp_ln731_14" [C:/Xilinx/Vitis_HLS/2023.1/common/technology/autopilot/etc/hls_log_apfixed.h:731]   --->   Operation 159 'select' 'select_ln731_13' <Predicate = (!icmp_ln703 & !icmp_ln731 & !select_ln731 & !select_ln731_1 & !select_ln731_2 & !select_ln731_3 & !select_ln731_4 & !select_ln731_5 & !select_ln731_6 & !select_ln731_7 & !select_ln731_8 & !select_ln731_9 & !select_ln731_10 & !select_ln731_11 & !select_ln731_12)> <Delay = 0.99> <CoreInst = "Sel">   --->   Core 73 'Sel' <Latency = 0> <II = 1> <Delay = 0.99> <FuncUnit> <Opcode : 'select'> <InPorts = 3> <OutPorts = 1>
ST_1 : Operation 160 [1/1] (2.75ns)   --->   "%br_ln731 = br i1 %select_ln731_13, void %for.inc.14, void %_ZN13ap_fixed_baseILi7ELi7ELb1EL9ap_q_mode5EL9ap_o_mode3ELi0EEC2Ei.exit.i.i" [C:/Xilinx/Vitis_HLS/2023.1/common/technology/autopilot/etc/hls_log_apfixed.h:731]   --->   Operation 160 'br' 'br_ln731' <Predicate = (!icmp_ln703 & !icmp_ln731 & !select_ln731 & !select_ln731_1 & !select_ln731_2 & !select_ln731_3 & !select_ln731_4 & !select_ln731_5 & !select_ln731_6 & !select_ln731_7 & !select_ln731_8 & !select_ln731_9 & !select_ln731_10 & !select_ln731_11 & !select_ln731_12)> <Delay = 2.75>
ST_1 : Operation 161 [1/1] (0.00ns)   --->   "%b_frac_15 = bitconcatenate i29 @_ssdm_op_BitConcatenate.i29.i2.i27, i2 %trunc_ln726_14, i27 0" [C:/Xilinx/Vitis_HLS/2023.1/common/technology/autopilot/etc/hls_log_apfixed.h:733]   --->   Operation 161 'bitconcatenate' 'b_frac_15' <Predicate = (!icmp_ln703 & !icmp_ln731 & !select_ln731 & !select_ln731_1 & !select_ln731_2 & !select_ln731_3 & !select_ln731_4 & !select_ln731_5 & !select_ln731_6 & !select_ln731_7 & !select_ln731_8 & !select_ln731_9 & !select_ln731_10 & !select_ln731_11 & !select_ln731_12 & !select_ln731_13)> <Delay = 0.00>
ST_1 : Operation 162 [1/1] (2.59ns)   --->   "%icmp_ln731_15 = icmp_eq  i29 %b_frac_15, i29 268435456" [C:/Xilinx/Vitis_HLS/2023.1/common/technology/autopilot/etc/hls_log_apfixed.h:731]   --->   Operation 162 'icmp' 'icmp_ln731_15' <Predicate = (!icmp_ln703 & !icmp_ln731 & !select_ln731 & !select_ln731_1 & !select_ln731_2 & !select_ln731_3 & !select_ln731_4 & !select_ln731_5 & !select_ln731_6 & !select_ln731_7 & !select_ln731_8 & !select_ln731_9 & !select_ln731_10 & !select_ln731_11 & !select_ln731_12 & !select_ln731_13)> <Delay = 2.59> <CoreInst = "Cmp">   --->   Core 9 'Cmp' <Latency = 0> <II = 1> <Delay = 2.59> <FuncUnit> <Opcode : 'icmp'> <InPorts = 2> <OutPorts = 1>
ST_1 : Operation 163 [1/1] (2.75ns)   --->   "%br_ln731 = br i1 %icmp_ln731_15, void %for.inc.15, void %_ZN13ap_fixed_baseILi7ELi7ELb1EL9ap_q_mode5EL9ap_o_mode3ELi0EEC2Ei.exit.i.i" [C:/Xilinx/Vitis_HLS/2023.1/common/technology/autopilot/etc/hls_log_apfixed.h:731]   --->   Operation 163 'br' 'br_ln731' <Predicate = (!icmp_ln703 & !icmp_ln731 & !select_ln731 & !select_ln731_1 & !select_ln731_2 & !select_ln731_3 & !select_ln731_4 & !select_ln731_5 & !select_ln731_6 & !select_ln731_7 & !select_ln731_8 & !select_ln731_9 & !select_ln731_10 & !select_ln731_11 & !select_ln731_12 & !select_ln731_13)> <Delay = 2.75>
ST_1 : Operation 164 [1/1] (0.00ns)   --->   "%trunc_ln733 = trunc i17 %x_val_read" [C:/Xilinx/Vitis_HLS/2023.1/common/technology/autopilot/etc/hls_log_apfixed.h:733]   --->   Operation 164 'trunc' 'trunc_ln733' <Predicate = (!icmp_ln703 & !icmp_ln731 & !select_ln731 & !select_ln731_1 & !select_ln731_2 & !select_ln731_3 & !select_ln731_4 & !select_ln731_5 & !select_ln731_6 & !select_ln731_7 & !select_ln731_8 & !select_ln731_9 & !select_ln731_10 & !select_ln731_11 & !select_ln731_12 & !select_ln731_13 & !icmp_ln731_15)> <Delay = 0.00>
ST_1 : Operation 165 [1/1] (0.00ns)   --->   "%b_frac_16 = bitconcatenate i29 @_ssdm_op_BitConcatenate.i29.i1.i28, i1 %trunc_ln733, i28 0" [C:/Xilinx/Vitis_HLS/2023.1/common/technology/autopilot/etc/hls_log_apfixed.h:733]   --->   Operation 165 'bitconcatenate' 'b_frac_16' <Predicate = (!icmp_ln703 & !icmp_ln731 & !select_ln731 & !select_ln731_1 & !select_ln731_2 & !select_ln731_3 & !select_ln731_4 & !select_ln731_5 & !select_ln731_6 & !select_ln731_7 & !select_ln731_8 & !select_ln731_9 & !select_ln731_10 & !select_ln731_11 & !select_ln731_12 & !select_ln731_13 & !icmp_ln731_15)> <Delay = 0.00>
ST_1 : Operation 166 [1/1] (2.59ns)   --->   "%icmp_ln731_16 = icmp_ne  i29 %b_frac_16, i29 0" [C:/Xilinx/Vitis_HLS/2023.1/common/technology/autopilot/etc/hls_log_apfixed.h:731]   --->   Operation 166 'icmp' 'icmp_ln731_16' <Predicate = (!icmp_ln703 & !icmp_ln731 & !select_ln731 & !select_ln731_1 & !select_ln731_2 & !select_ln731_3 & !select_ln731_4 & !select_ln731_5 & !select_ln731_6 & !select_ln731_7 & !select_ln731_8 & !select_ln731_9 & !select_ln731_10 & !select_ln731_11 & !select_ln731_12 & !select_ln731_13 & !icmp_ln731_15)> <Delay = 2.59> <CoreInst = "Cmp">   --->   Core 9 'Cmp' <Latency = 0> <II = 1> <Delay = 2.59> <FuncUnit> <Opcode : 'icmp'> <InPorts = 2> <OutPorts = 1>
ST_1 : Operation 167 [1/1] (1.21ns)   --->   "%select_ln731_14 = select i1 %icmp_ln731_16, i5 24, i5 23" [C:/Xilinx/Vitis_HLS/2023.1/common/technology/autopilot/etc/hls_log_apfixed.h:731]   --->   Operation 167 'select' 'select_ln731_14' <Predicate = (!icmp_ln703 & !icmp_ln731 & !select_ln731 & !select_ln731_1 & !select_ln731_2 & !select_ln731_3 & !select_ln731_4 & !select_ln731_5 & !select_ln731_6 & !select_ln731_7 & !select_ln731_8 & !select_ln731_9 & !select_ln731_10 & !select_ln731_11 & !select_ln731_12 & !select_ln731_13 & !icmp_ln731_15)> <Delay = 1.21> <CoreInst = "Sel">   --->   Core 73 'Sel' <Latency = 0> <II = 1> <Delay = 1.21> <FuncUnit> <Opcode : 'select'> <InPorts = 3> <OutPorts = 1>
ST_1 : Operation 168 [1/1] (2.75ns)   --->   "%br_ln731 = br void %_ZN13ap_fixed_baseILi7ELi7ELb1EL9ap_q_mode5EL9ap_o_mode3ELi0EEC2Ei.exit.i.i" [C:/Xilinx/Vitis_HLS/2023.1/common/technology/autopilot/etc/hls_log_apfixed.h:731]   --->   Operation 168 'br' 'br_ln731' <Predicate = (!icmp_ln703 & !icmp_ln731 & !select_ln731 & !select_ln731_1 & !select_ln731_2 & !select_ln731_3 & !select_ln731_4 & !select_ln731_5 & !select_ln731_6 & !select_ln731_7 & !select_ln731_8 & !select_ln731_9 & !select_ln731_10 & !select_ln731_11 & !select_ln731_12 & !select_ln731_13 & !icmp_ln731_15)> <Delay = 2.75>

State 2 <SV = 1> <Delay = 4.86>
ST_2 : Operation 169 [1/1] (0.00ns)   --->   "%b_frac_05 = phi i29 %b_frac_16, void %for.inc.15, i29 %b_frac, void %_ZN9ap_ufixedILi29ELi1EL9ap_q_mode5EL9ap_o_mode3ELi0EEC2Ei.exit, i29 %b_frac_1, void %for.inc, i29 %b_frac_2, void %for.inc.1, i29 %b_frac_3, void %for.inc.2, i29 %b_frac_4, void %for.inc.3, i29 %b_frac_5, void %for.inc.4, i29 %b_frac_6, void %for.inc.5, i29 %b_frac_7, void %for.inc.6, i29 %b_frac_8, void %for.inc.7, i29 %b_frac_9, void %for.inc.8, i29 %b_frac_10, void %for.inc.9, i29 %b_frac_11, void %for.inc.10, i29 %b_frac_12, void %for.inc.11, i29 %b_frac_13, void %for.inc.12, i29 %b_frac_14, void %for.inc.13, i29 %b_frac_15, void %for.inc.14"   --->   Operation 169 'phi' 'b_frac_05' <Predicate = (!icmp_ln703)> <Delay = 0.00>
ST_2 : Operation 170 [1/1] (0.00ns)   --->   "%tmp_41 = bitselect i1 @_ssdm_op_BitSelect.i1.i29.i32, i29 %b_frac_05, i32 28" [C:/Xilinx/Vitis_HLS/2023.1/common/technology/autopilot/etc/hls_log_apfixed.h:748]   --->   Operation 170 'bitselect' 'tmp_41' <Predicate = (!icmp_ln703)> <Delay = 0.00>
ST_2 : Operation 171 [1/1] (0.00ns)   --->   "%br_ln748 = br i1 %tmp_41, void %if.else34, void %if.then31" [C:/Xilinx/Vitis_HLS/2023.1/common/technology/autopilot/etc/hls_log_apfixed.h:748]   --->   Operation 171 'br' 'br_ln748' <Predicate = (!icmp_ln703)> <Delay = 0.00>
ST_2 : Operation 172 [1/1] (0.00ns)   --->   "%index0_1 = partselect i6 @_ssdm_op_PartSelect.i6.i29.i32.i32, i29 %b_frac_05, i32 21, i32 26" [C:/Xilinx/Vitis_HLS/2023.1/common/technology/autopilot/etc/hls_log_apfixed.h:749]   --->   Operation 172 'partselect' 'index0_1' <Predicate = (!icmp_ln703 & !tmp_41)> <Delay = 0.00>
ST_2 : Operation 173 [1/1] (1.61ns)   --->   "%br_ln0 = br void %if.end37"   --->   Operation 173 'br' 'br_ln0' <Predicate = (!icmp_ln703 & !tmp_41)> <Delay = 1.61>
ST_2 : Operation 174 [1/1] (0.00ns)   --->   "%index0 = partselect i6 @_ssdm_op_PartSelect.i6.i29.i32.i32, i29 %b_frac_05, i32 22, i32 27" [C:/Xilinx/Vitis_HLS/2023.1/common/technology/autopilot/etc/hls_log_apfixed.h:748]   --->   Operation 174 'partselect' 'index0' <Predicate = (!icmp_ln703 & tmp_41)> <Delay = 0.00>
ST_2 : Operation 175 [1/1] (1.61ns)   --->   "%br_ln748 = br void %if.end37" [C:/Xilinx/Vitis_HLS/2023.1/common/technology/autopilot/etc/hls_log_apfixed.h:748]   --->   Operation 175 'br' 'br_ln748' <Predicate = (!icmp_ln703 & tmp_41)> <Delay = 1.61>
ST_2 : Operation 176 [1/1] (0.00ns)   --->   "%index0_2 = phi i6 %index0, void %if.then31, i6 %index0_1, void %if.else34"   --->   Operation 176 'phi' 'index0_2' <Predicate = (!icmp_ln703)> <Delay = 0.00>
ST_2 : Operation 177 [1/1] (0.00ns)   --->   "%zext_ln756 = zext i6 %index0_2" [C:/Xilinx/Vitis_HLS/2023.1/common/technology/autopilot/etc/hls_log_apfixed.h:756]   --->   Operation 177 'zext' 'zext_ln756' <Predicate = (!icmp_ln703)> <Delay = 0.00>
ST_2 : Operation 178 [1/1] (0.00ns)   --->   "%log_apfixed_reduce_log_inverse_lut_table_array_addr = getelementptr i6 %log_apfixed_reduce_log_inverse_lut_table_array, i64 0, i64 %zext_ln756" [C:/Xilinx/Vitis_HLS/2023.1/common/technology/autopilot/etc/hls_log_apfixed.h:756]   --->   Operation 178 'getelementptr' 'log_apfixed_reduce_log_inverse_lut_table_array_addr' <Predicate = (!icmp_ln703)> <Delay = 0.00>
ST_2 : Operation 179 [2/2] (2.15ns)   --->   "%b_frac_tilde_inverse = load i6 %log_apfixed_reduce_log_inverse_lut_table_array_addr" [C:/Xilinx/Vitis_HLS/2023.1/common/technology/autopilot/etc/hls_log_apfixed.h:756]   --->   Operation 179 'load' 'b_frac_tilde_inverse' <Predicate = (!icmp_ln703)> <Delay = 2.15> <CoreInst = "ROM">   --->   Core 95 'ROM' <Latency = 1> <II = 1> <Delay = 2.15> <Storage> <Opcode : 'load'> <Ports = 0> <Width = 6> <Depth = 64> <ROM>
ST_2 : Operation 180 [1/1] (0.00ns)   --->   "%log_apfixed_reduce_log0_lut_table_ap_fixed_0_5_64_array_addr = getelementptr i22 %log_apfixed_reduce_log0_lut_table_ap_fixed_0_5_64_array, i64 0, i64 %zext_ln756" [C:/Xilinx/Vitis_HLS/2023.1/common/technology/autopilot/etc/hls_log_apfixed.h:759]   --->   Operation 180 'getelementptr' 'log_apfixed_reduce_log0_lut_table_ap_fixed_0_5_64_array_addr' <Predicate = (!icmp_ln703)> <Delay = 0.00>
ST_2 : Operation 181 [2/2] (3.25ns)   --->   "%log_sum = load i6 %log_apfixed_reduce_log0_lut_table_ap_fixed_0_5_64_array_addr" [C:/Xilinx/Vitis_HLS/2023.1/common/technology/autopilot/etc/hls_log_apfixed.h:759]   --->   Operation 181 'load' 'log_sum' <Predicate = (!icmp_ln703)> <Delay = 3.25> <CoreInst = "ROM">   --->   Core 95 'ROM' <Latency = 1> <II = 1> <Delay = 3.25> <Storage> <Opcode : 'load'> <Ports = 0> <Width = 22> <Depth = 64> <ROM>

State 3 <SV = 2> <Delay = 3.25>
ST_3 : Operation 182 [1/2] (2.15ns)   --->   "%b_frac_tilde_inverse = load i6 %log_apfixed_reduce_log_inverse_lut_table_array_addr" [C:/Xilinx/Vitis_HLS/2023.1/common/technology/autopilot/etc/hls_log_apfixed.h:756]   --->   Operation 182 'load' 'b_frac_tilde_inverse' <Predicate = (!icmp_ln703)> <Delay = 2.15> <CoreInst = "ROM">   --->   Core 95 'ROM' <Latency = 1> <II = 1> <Delay = 2.15> <Storage> <Opcode : 'load'> <Ports = 0> <Width = 6> <Depth = 64> <ROM>
ST_3 : Operation 183 [1/2] (3.25ns)   --->   "%log_sum = load i6 %log_apfixed_reduce_log0_lut_table_ap_fixed_0_5_64_array_addr" [C:/Xilinx/Vitis_HLS/2023.1/common/technology/autopilot/etc/hls_log_apfixed.h:759]   --->   Operation 183 'load' 'log_sum' <Predicate = (!icmp_ln703)> <Delay = 3.25> <CoreInst = "ROM">   --->   Core 95 'ROM' <Latency = 1> <II = 1> <Delay = 3.25> <Storage> <Opcode : 'load'> <Ports = 0> <Width = 22> <Depth = 64> <ROM>

State 4 <SV = 3> <Delay = 6.86>
ST_4 : Operation 184 [1/1] (0.00ns)   --->   "%zext_ln761 = zext i6 %b_frac_tilde_inverse" [C:/Xilinx/Vitis_HLS/2023.1/common/technology/autopilot/etc/hls_log_apfixed.h:761]   --->   Operation 184 'zext' 'zext_ln761' <Predicate = (!icmp_ln703)> <Delay = 0.00>
ST_4 : Operation 185 [2/2] (6.86ns)   --->   "%mul_ln761 = mul i29 %b_frac_05, i29 %zext_ln761" [C:/Xilinx/Vitis_HLS/2023.1/common/technology/autopilot/etc/hls_log_apfixed.h:761]   --->   Operation 185 'mul' 'mul_ln761' <Predicate = (!icmp_ln703)> <Delay = 6.86> <CoreInst = "Multiplier">   --->   Core 3 'Multiplier' <Latency = 1> <II = 1> <Delay = 6.86> <FuncUnit> <Opcode : 'mul'> <InPorts = 2> <OutPorts = 1>

State 5 <SV = 4> <Delay = 6.86>
ST_5 : Operation 186 [1/2] (6.86ns)   --->   "%mul_ln761 = mul i29 %b_frac_05, i29 %zext_ln761" [C:/Xilinx/Vitis_HLS/2023.1/common/technology/autopilot/etc/hls_log_apfixed.h:761]   --->   Operation 186 'mul' 'mul_ln761' <Predicate = (!icmp_ln703)> <Delay = 6.86> <CoreInst = "Multiplier">   --->   Core 3 'Multiplier' <Latency = 1> <II = 1> <Delay = 6.86> <FuncUnit> <Opcode : 'mul'> <InPorts = 2> <OutPorts = 1>
ST_5 : Operation 187 [1/1] (0.00ns)   --->   "%tmp_42 = partselect i24 @_ssdm_op_PartSelect.i24.i29.i32.i32, i29 %mul_ln761, i32 5, i32 28" [C:/Xilinx/Vitis_HLS/2023.1/common/technology/autopilot/etc/hls_log_apfixed.h:184->C:/Xilinx/Vitis_HLS/2023.1/common/technology/autopilot/etc/hls_log_apfixed.h:253->C:/Xilinx/Vitis_HLS/2023.1/common/technology/autopilot/etc/hls_log_apfixed.h:772]   --->   Operation 187 'partselect' 'tmp_42' <Predicate = (!icmp_ln703)> <Delay = 0.00>
ST_5 : Operation 188 [1/1] (0.00ns)   --->   "%a = partselect i4 @_ssdm_op_PartSelect.i4.i29.i32.i32, i29 %mul_ln761, i32 25, i32 28" [C:/Xilinx/Vitis_HLS/2023.1/common/technology/autopilot/etc/hls_log_apfixed.h:178->C:/Xilinx/Vitis_HLS/2023.1/common/technology/autopilot/etc/hls_log_apfixed.h:253->C:/Xilinx/Vitis_HLS/2023.1/common/technology/autopilot/etc/hls_log_apfixed.h:772]   --->   Operation 188 'partselect' 'a' <Predicate = (!icmp_ln703)> <Delay = 0.00>

State 6 <SV = 5> <Delay = 2.59>
ST_6 : Operation 189 [1/1] (0.00ns)   --->   "%zext_ln184 = zext i24 %tmp_42" [C:/Xilinx/Vitis_HLS/2023.1/common/technology/autopilot/etc/hls_log_apfixed.h:184->C:/Xilinx/Vitis_HLS/2023.1/common/technology/autopilot/etc/hls_log_apfixed.h:253->C:/Xilinx/Vitis_HLS/2023.1/common/technology/autopilot/etc/hls_log_apfixed.h:772]   --->   Operation 189 'zext' 'zext_ln184' <Predicate = (!icmp_ln703)> <Delay = 0.00>
ST_6 : Operation 190 [1/1] (0.00ns) (grouped into LUT with out node add_ln184)   --->   "%tmp_43 = bitselect i1 @_ssdm_op_BitSelect.i1.i29.i32, i29 %mul_ln761, i32 28" [C:/Xilinx/Vitis_HLS/2023.1/common/technology/autopilot/etc/hls_log_apfixed.h:182->C:/Xilinx/Vitis_HLS/2023.1/common/technology/autopilot/etc/hls_log_apfixed.h:253->C:/Xilinx/Vitis_HLS/2023.1/common/technology/autopilot/etc/hls_log_apfixed.h:772]   --->   Operation 190 'bitselect' 'tmp_43' <Predicate = (!icmp_ln703)> <Delay = 0.00>
ST_6 : Operation 191 [1/1] (0.00ns) (grouped into LUT with out node add_ln184)   --->   "%tmp_44 = partselect i23 @_ssdm_op_PartSelect.i23.i29.i32.i32, i29 %mul_ln761, i32 6, i32 28" [C:/Xilinx/Vitis_HLS/2023.1/common/technology/autopilot/etc/hls_log_apfixed.h:182->C:/Xilinx/Vitis_HLS/2023.1/common/technology/autopilot/etc/hls_log_apfixed.h:253->C:/Xilinx/Vitis_HLS/2023.1/common/technology/autopilot/etc/hls_log_apfixed.h:772]   --->   Operation 191 'partselect' 'tmp_44' <Predicate = (!icmp_ln703)> <Delay = 0.00>
ST_6 : Operation 192 [1/1] (0.00ns) (grouped into LUT with out node add_ln184)   --->   "%zext_ln182_cast = bitconcatenate i28 @_ssdm_op_BitConcatenate.i28.i5.i23, i5 16, i23 %tmp_44" [C:/Xilinx/Vitis_HLS/2023.1/common/technology/autopilot/etc/hls_log_apfixed.h:182->C:/Xilinx/Vitis_HLS/2023.1/common/technology/autopilot/etc/hls_log_apfixed.h:253->C:/Xilinx/Vitis_HLS/2023.1/common/technology/autopilot/etc/hls_log_apfixed.h:772]   --->   Operation 192 'bitconcatenate' 'zext_ln182_cast' <Predicate = (!icmp_ln703)> <Delay = 0.00>
ST_6 : Operation 193 [1/1] (0.00ns) (grouped into LUT with out node add_ln184)   --->   "%tmp_45 = bitconcatenate i29 @_ssdm_op_BitConcatenate.i29.i5.i24, i5 16, i24 %tmp_42" [C:/Xilinx/Vitis_HLS/2023.1/common/technology/autopilot/etc/hls_log_apfixed.h:182->C:/Xilinx/Vitis_HLS/2023.1/common/technology/autopilot/etc/hls_log_apfixed.h:253->C:/Xilinx/Vitis_HLS/2023.1/common/technology/autopilot/etc/hls_log_apfixed.h:772]   --->   Operation 193 'bitconcatenate' 'tmp_45' <Predicate = (!icmp_ln703)> <Delay = 0.00>
ST_6 : Operation 194 [1/1] (0.00ns) (grouped into LUT with out node add_ln184)   --->   "%zext_ln182 = zext i28 %zext_ln182_cast" [C:/Xilinx/Vitis_HLS/2023.1/common/technology/autopilot/etc/hls_log_apfixed.h:182->C:/Xilinx/Vitis_HLS/2023.1/common/technology/autopilot/etc/hls_log_apfixed.h:253->C:/Xilinx/Vitis_HLS/2023.1/common/technology/autopilot/etc/hls_log_apfixed.h:772]   --->   Operation 194 'zext' 'zext_ln182' <Predicate = (!icmp_ln703)> <Delay = 0.00>
ST_6 : Operation 195 [1/1] (0.00ns) (grouped into LUT with out node add_ln184)   --->   "%select_ln182 = select i1 %tmp_43, i29 %tmp_45, i29 %zext_ln182" [C:/Xilinx/Vitis_HLS/2023.1/common/technology/autopilot/etc/hls_log_apfixed.h:182->C:/Xilinx/Vitis_HLS/2023.1/common/technology/autopilot/etc/hls_log_apfixed.h:253->C:/Xilinx/Vitis_HLS/2023.1/common/technology/autopilot/etc/hls_log_apfixed.h:772]   --->   Operation 195 'select' 'select_ln182' <Predicate = (!icmp_ln703)> <Delay = 0.00> <CoreInst = "Sel">   --->   Core 73 'Sel' <Latency = 0> <II = 1> <Delay = 1.23> <FuncUnit> <Opcode : 'select'> <InPorts = 3> <OutPorts = 1>
ST_6 : Operation 196 [1/1] (0.00ns) (grouped into LUT with out node add_ln184)   --->   "%tmp_46 = partselect i20 @_ssdm_op_PartSelect.i20.i29.i32.i32, i29 %mul_ln761, i32 5, i32 24" [C:/Xilinx/Vitis_HLS/2023.1/common/technology/autopilot/etc/hls_log_apfixed.h:184->C:/Xilinx/Vitis_HLS/2023.1/common/technology/autopilot/etc/hls_log_apfixed.h:253->C:/Xilinx/Vitis_HLS/2023.1/common/technology/autopilot/etc/hls_log_apfixed.h:772]   --->   Operation 196 'partselect' 'tmp_46' <Predicate = (!icmp_ln703)> <Delay = 0.00>
ST_6 : Operation 197 [1/1] (0.00ns) (grouped into LUT with out node add_ln184)   --->   "%shl_ln = bitconcatenate i28 @_ssdm_op_BitConcatenate.i28.i20.i8, i20 %tmp_46, i8 0" [C:/Xilinx/Vitis_HLS/2023.1/common/technology/autopilot/etc/hls_log_apfixed.h:184->C:/Xilinx/Vitis_HLS/2023.1/common/technology/autopilot/etc/hls_log_apfixed.h:253->C:/Xilinx/Vitis_HLS/2023.1/common/technology/autopilot/etc/hls_log_apfixed.h:772]   --->   Operation 197 'bitconcatenate' 'shl_ln' <Predicate = (!icmp_ln703)> <Delay = 0.00>
ST_6 : Operation 198 [1/1] (0.00ns) (grouped into LUT with out node add_ln184)   --->   "%zext_ln184_1 = zext i28 %shl_ln" [C:/Xilinx/Vitis_HLS/2023.1/common/technology/autopilot/etc/hls_log_apfixed.h:184->C:/Xilinx/Vitis_HLS/2023.1/common/technology/autopilot/etc/hls_log_apfixed.h:253->C:/Xilinx/Vitis_HLS/2023.1/common/technology/autopilot/etc/hls_log_apfixed.h:772]   --->   Operation 198 'zext' 'zext_ln184_1' <Predicate = (!icmp_ln703)> <Delay = 0.00>
ST_6 : Operation 199 [1/1] (2.59ns) (out node of the LUT)   --->   "%add_ln184 = add i29 %zext_ln184_1, i29 %select_ln182" [C:/Xilinx/Vitis_HLS/2023.1/common/technology/autopilot/etc/hls_log_apfixed.h:184->C:/Xilinx/Vitis_HLS/2023.1/common/technology/autopilot/etc/hls_log_apfixed.h:253->C:/Xilinx/Vitis_HLS/2023.1/common/technology/autopilot/etc/hls_log_apfixed.h:772]   --->   Operation 199 'add' 'add_ln184' <Predicate = (!icmp_ln703)> <Delay = 2.59> <CoreInst = "Adder">   --->   Core 1 'Adder' <Latency = 0> <II = 1> <Delay = 2.59> <FuncUnit> <Opcode : 'add' 'sub'> <InPorts = 2> <OutPorts = 1>
ST_6 : Operation 200 [1/1] (0.00ns)   --->   "%zext_ln184_2 = zext i4 %a" [C:/Xilinx/Vitis_HLS/2023.1/common/technology/autopilot/etc/hls_log_apfixed.h:184->C:/Xilinx/Vitis_HLS/2023.1/common/technology/autopilot/etc/hls_log_apfixed.h:253->C:/Xilinx/Vitis_HLS/2023.1/common/technology/autopilot/etc/hls_log_apfixed.h:772]   --->   Operation 200 'zext' 'zext_ln184_2' <Predicate = (!icmp_ln703)> <Delay = 0.00>
ST_6 : Operation 201 [3/3] (1.45ns) (grouped into DSP with root node sub_ln184)   --->   "%mul_ln184 = mul i28 %zext_ln184, i28 %zext_ln184_2" [C:/Xilinx/Vitis_HLS/2023.1/common/technology/autopilot/etc/hls_log_apfixed.h:184->C:/Xilinx/Vitis_HLS/2023.1/common/technology/autopilot/etc/hls_log_apfixed.h:253->C:/Xilinx/Vitis_HLS/2023.1/common/technology/autopilot/etc/hls_log_apfixed.h:772]   --->   Operation 201 'mul' 'mul_ln184' <Predicate = (!icmp_ln703)> <Delay = 1.45> <CoreInst = "DSP48">   --->   Core 119 'DSP48' <Latency = 3> <II = 1> <Delay = 2.15> <IPBlock> <Opcode : '<invalid operator> ' 'mul' 'add' 'sub' 'select'> <InPorts = 0> <OutPorts = 1> <Sync> <CReg>
ST_6 : Operation 202 [1/1] (0.00ns)   --->   "%zext_ln186 = zext i4 %a" [C:/Xilinx/Vitis_HLS/2023.1/common/technology/autopilot/etc/hls_log_apfixed.h:186->C:/Xilinx/Vitis_HLS/2023.1/common/technology/autopilot/etc/hls_log_apfixed.h:253->C:/Xilinx/Vitis_HLS/2023.1/common/technology/autopilot/etc/hls_log_apfixed.h:772]   --->   Operation 202 'zext' 'zext_ln186' <Predicate = (!icmp_ln703)> <Delay = 0.00>
ST_6 : Operation 203 [1/1] (0.00ns)   --->   "%log_apfixed_reduce_log_lut_table_ap_fixed_4_4_16_array_addr = getelementptr i18 %log_apfixed_reduce_log_lut_table_ap_fixed_4_4_16_array, i64 0, i64 %zext_ln186" [C:/Xilinx/Vitis_HLS/2023.1/common/technology/autopilot/etc/hls_log_apfixed.h:186->C:/Xilinx/Vitis_HLS/2023.1/common/technology/autopilot/etc/hls_log_apfixed.h:253->C:/Xilinx/Vitis_HLS/2023.1/common/technology/autopilot/etc/hls_log_apfixed.h:772]   --->   Operation 203 'getelementptr' 'log_apfixed_reduce_log_lut_table_ap_fixed_4_4_16_array_addr' <Predicate = (!icmp_ln703)> <Delay = 0.00>
ST_6 : Operation 204 [2/2] (2.15ns)   --->   "%logn = load i4 %log_apfixed_reduce_log_lut_table_ap_fixed_4_4_16_array_addr" [C:/Xilinx/Vitis_HLS/2023.1/common/technology/autopilot/etc/hls_log_apfixed.h:186->C:/Xilinx/Vitis_HLS/2023.1/common/technology/autopilot/etc/hls_log_apfixed.h:253->C:/Xilinx/Vitis_HLS/2023.1/common/technology/autopilot/etc/hls_log_apfixed.h:772]   --->   Operation 204 'load' 'logn' <Predicate = (!icmp_ln703)> <Delay = 2.15> <CoreInst = "ROM">   --->   Core 95 'ROM' <Latency = 1> <II = 1> <Delay = 2.15> <Storage> <Opcode : 'load'> <Ports = 0> <Width = 18> <Depth = 16> <ROM>

State 7 <SV = 6> <Delay = 4.50>
ST_7 : Operation 205 [2/3] (1.45ns) (grouped into DSP with root node sub_ln184)   --->   "%mul_ln184 = mul i28 %zext_ln184, i28 %zext_ln184_2" [C:/Xilinx/Vitis_HLS/2023.1/common/technology/autopilot/etc/hls_log_apfixed.h:184->C:/Xilinx/Vitis_HLS/2023.1/common/technology/autopilot/etc/hls_log_apfixed.h:253->C:/Xilinx/Vitis_HLS/2023.1/common/technology/autopilot/etc/hls_log_apfixed.h:772]   --->   Operation 205 'mul' 'mul_ln184' <Predicate = (!icmp_ln703)> <Delay = 1.45> <CoreInst = "DSP48">   --->   Core 119 'DSP48' <Latency = 3> <II = 1> <Delay = 2.15> <IPBlock> <Opcode : '<invalid operator> ' 'mul' 'add' 'sub' 'select'> <InPorts = 0> <OutPorts = 1> <Sync> <CReg>
ST_7 : Operation 206 [1/2] (2.15ns)   --->   "%logn = load i4 %log_apfixed_reduce_log_lut_table_ap_fixed_4_4_16_array_addr" [C:/Xilinx/Vitis_HLS/2023.1/common/technology/autopilot/etc/hls_log_apfixed.h:186->C:/Xilinx/Vitis_HLS/2023.1/common/technology/autopilot/etc/hls_log_apfixed.h:253->C:/Xilinx/Vitis_HLS/2023.1/common/technology/autopilot/etc/hls_log_apfixed.h:772]   --->   Operation 206 'load' 'logn' <Predicate = (!icmp_ln703)> <Delay = 2.15> <CoreInst = "ROM">   --->   Core 95 'ROM' <Latency = 1> <II = 1> <Delay = 2.15> <Storage> <Opcode : 'load'> <Ports = 0> <Width = 18> <Depth = 16> <ROM>
ST_7 : Operation 207 [1/1] (0.00ns)   --->   "%zext_ln251 = zext i18 %logn" [C:/Xilinx/Vitis_HLS/2023.1/common/technology/autopilot/etc/hls_log_apfixed.h:251->C:/Xilinx/Vitis_HLS/2023.1/common/technology/autopilot/etc/hls_log_apfixed.h:772]   --->   Operation 207 'zext' 'zext_ln251' <Predicate = (!icmp_ln703)> <Delay = 0.00>
ST_7 : Operation 208 [1/1] (2.35ns)   --->   "%add_ln779 = add i22 %zext_ln251, i22 %log_sum" [C:/Xilinx/Vitis_HLS/2023.1/common/technology/autopilot/etc/hls_log_apfixed.h:779]   --->   Operation 208 'add' 'add_ln779' <Predicate = (!icmp_ln703)> <Delay = 2.35> <CoreInst = "Adder">   --->   Core 1 'Adder' <Latency = 0> <II = 1> <Delay = 2.35> <FuncUnit> <Opcode : 'add' 'sub'> <InPorts = 2> <OutPorts = 1>

State 8 <SV = 7> <Delay = 2.10>
ST_8 : Operation 209 [1/3] (0.00ns) (grouped into DSP with root node sub_ln184)   --->   "%mul_ln184 = mul i28 %zext_ln184, i28 %zext_ln184_2" [C:/Xilinx/Vitis_HLS/2023.1/common/technology/autopilot/etc/hls_log_apfixed.h:184->C:/Xilinx/Vitis_HLS/2023.1/common/technology/autopilot/etc/hls_log_apfixed.h:253->C:/Xilinx/Vitis_HLS/2023.1/common/technology/autopilot/etc/hls_log_apfixed.h:772]   --->   Operation 209 'mul' 'mul_ln184' <Predicate = (!icmp_ln703)> <Delay = 0.00> <CoreInst = "DSP48">   --->   Core 119 'DSP48' <Latency = 3> <II = 1> <Delay = 2.15> <IPBlock> <Opcode : '<invalid operator> ' 'mul' 'add' 'sub' 'select'> <InPorts = 0> <OutPorts = 1> <Sync> <CReg>
ST_8 : Operation 210 [1/1] (0.00ns) (grouped into DSP with root node sub_ln184)   --->   "%zext_ln184_3 = zext i28 %mul_ln184" [C:/Xilinx/Vitis_HLS/2023.1/common/technology/autopilot/etc/hls_log_apfixed.h:184->C:/Xilinx/Vitis_HLS/2023.1/common/technology/autopilot/etc/hls_log_apfixed.h:253->C:/Xilinx/Vitis_HLS/2023.1/common/technology/autopilot/etc/hls_log_apfixed.h:772]   --->   Operation 210 'zext' 'zext_ln184_3' <Predicate = (!icmp_ln703)> <Delay = 0.00>
ST_8 : Operation 211 [2/2] (2.10ns) (root node of the DSP)   --->   "%sub_ln184 = sub i29 %add_ln184, i29 %zext_ln184_3" [C:/Xilinx/Vitis_HLS/2023.1/common/technology/autopilot/etc/hls_log_apfixed.h:184->C:/Xilinx/Vitis_HLS/2023.1/common/technology/autopilot/etc/hls_log_apfixed.h:253->C:/Xilinx/Vitis_HLS/2023.1/common/technology/autopilot/etc/hls_log_apfixed.h:772]   --->   Operation 211 'sub' 'sub_ln184' <Predicate = (!icmp_ln703)> <Delay = 2.10> <CoreInst = "DSP48">   --->   Core 119 'DSP48' <Latency = 3> <II = 1> <Delay = 2.15> <IPBlock> <Opcode : '<invalid operator> ' 'mul' 'add' 'sub' 'select'> <InPorts = 0> <OutPorts = 1> <Sync> <CReg>

State 9 <SV = 8> <Delay = 6.56>
ST_9 : Operation 212 [1/1] (0.00ns)   --->   "%b_exp_07 = phi i5 %select_ln731_14, void %for.inc.15, i5 8, void %_ZN9ap_ufixedILi29ELi1EL9ap_q_mode5EL9ap_o_mode3ELi0EEC2Ei.exit, i5 7, void %for.inc, i5 6, void %for.inc.1, i5 5, void %for.inc.2, i5 4, void %for.inc.3, i5 3, void %for.inc.4, i5 2, void %for.inc.5, i5 1, void %for.inc.6, i5 0, void %for.inc.7, i5 31, void %for.inc.8, i5 30, void %for.inc.9, i5 29, void %for.inc.10, i5 28, void %for.inc.11, i5 27, void %for.inc.12, i5 26, void %for.inc.13, i5 25, void %for.inc.14" [C:/Xilinx/Vitis_HLS/2023.1/common/technology/autopilot/etc/hls_log_apfixed.h:731]   --->   Operation 212 'phi' 'b_exp_07' <Predicate = (!icmp_ln703)> <Delay = 0.00>
ST_9 : Operation 213 [1/1] (0.00ns)   --->   "%sext_ln739 = sext i5 %b_exp_07" [C:/Xilinx/Vitis_HLS/2023.1/common/technology/autopilot/etc/hls_log_apfixed.h:739]   --->   Operation 213 'sext' 'sext_ln739' <Predicate = (!icmp_ln703)> <Delay = 0.00>
ST_9 : Operation 214 [1/1] (6.53ns)   --->   "%mul_ln739 = mul i28 %sext_ln739, i28 2907269" [C:/Xilinx/Vitis_HLS/2023.1/common/technology/autopilot/etc/hls_log_apfixed.h:739]   --->   Operation 214 'mul' 'mul_ln739' <Predicate = (!icmp_ln703)> <Delay = 6.53> <CoreInst = "Multiplier">   --->   Core 3 'Multiplier' <Latency = 0> <II = 1> <Delay = 6.53> <FuncUnit> <Opcode : 'mul'> <InPorts = 2> <OutPorts = 1>
ST_9 : Operation 215 [1/2] (2.10ns) (root node of the DSP)   --->   "%sub_ln184 = sub i29 %add_ln184, i29 %zext_ln184_3" [C:/Xilinx/Vitis_HLS/2023.1/common/technology/autopilot/etc/hls_log_apfixed.h:184->C:/Xilinx/Vitis_HLS/2023.1/common/technology/autopilot/etc/hls_log_apfixed.h:253->C:/Xilinx/Vitis_HLS/2023.1/common/technology/autopilot/etc/hls_log_apfixed.h:772]   --->   Operation 215 'sub' 'sub_ln184' <Predicate = (!icmp_ln703)> <Delay = 2.10> <CoreInst = "DSP48">   --->   Core 119 'DSP48' <Latency = 3> <II = 1> <Delay = 2.15> <IPBlock> <Opcode : '<invalid operator> ' 'mul' 'add' 'sub' 'select'> <InPorts = 0> <OutPorts = 1> <Sync> <CReg>
ST_9 : Operation 216 [1/1] (0.00ns)   --->   "%tmp_47 = partselect i15 @_ssdm_op_PartSelect.i15.i29.i32.i32, i29 %sub_ln184, i32 14, i32 28" [C:/Xilinx/Vitis_HLS/2023.1/common/technology/autopilot/etc/hls_log_apfixed.h:772]   --->   Operation 216 'partselect' 'tmp_47' <Predicate = (!icmp_ln703)> <Delay = 0.00>
ST_9 : Operation 217 [1/1] (0.00ns)   --->   "%tmp_48 = partselect i9 @_ssdm_op_PartSelect.i9.i29.i32.i32, i29 %sub_ln184, i32 20, i32 28" [C:/Xilinx/Vitis_HLS/2023.1/common/technology/autopilot/etc/hls_log_apfixed.h:776]   --->   Operation 217 'partselect' 'tmp_48' <Predicate = (!icmp_ln703)> <Delay = 0.00>
ST_9 : Operation 218 [1/1] (0.00ns)   --->   "%zext_ln776 = zext i9 %tmp_48" [C:/Xilinx/Vitis_HLS/2023.1/common/technology/autopilot/etc/hls_log_apfixed.h:776]   --->   Operation 218 'zext' 'zext_ln776' <Predicate = (!icmp_ln703)> <Delay = 0.00>
ST_9 : Operation 219 [1/1] (4.46ns)   --->   "%mul_ln776 = mul i18 %zext_ln776, i18 %zext_ln776" [C:/Xilinx/Vitis_HLS/2023.1/common/technology/autopilot/etc/hls_log_apfixed.h:776]   --->   Operation 219 'mul' 'mul_ln776' <Predicate = (!icmp_ln703)> <Delay = 4.46> <CoreInst = "Multiplier">   --->   Core 3 'Multiplier' <Latency = 0> <II = 1> <Delay = 4.46> <FuncUnit> <Opcode : 'mul'> <InPorts = 2> <OutPorts = 1>
ST_9 : Operation 220 [1/1] (0.00ns)   --->   "%lshr_ln = partselect i17 @_ssdm_op_PartSelect.i17.i18.i32.i32, i18 %mul_ln776, i32 1, i32 17" [C:/Xilinx/Vitis_HLS/2023.1/common/technology/autopilot/etc/hls_log_apfixed.h:776]   --->   Operation 220 'partselect' 'lshr_ln' <Predicate = (!icmp_ln703)> <Delay = 0.00>
ST_9 : Operation 221 [1/1] (0.00ns)   --->   "%tmp_49 = partselect i22 @_ssdm_op_PartSelect.i22.i28.i32.i32, i28 %mul_ln739, i32 6, i32 27" [C:/Xilinx/Vitis_HLS/2023.1/common/technology/autopilot/etc/hls_log_apfixed.h:779]   --->   Operation 221 'partselect' 'tmp_49' <Predicate = (!icmp_ln703)> <Delay = 0.00>

State 10 <SV = 9> <Delay = 6.87>
ST_10 : Operation 222 [1/1] (0.00ns)   --->   "%shl_ln1 = bitconcatenate i25 @_ssdm_op_BitConcatenate.i25.i15.i10, i15 %tmp_47, i10 0" [C:/Xilinx/Vitis_HLS/2023.1/common/technology/autopilot/etc/hls_log_apfixed.h:776]   --->   Operation 222 'bitconcatenate' 'shl_ln1' <Predicate = (!icmp_ln703)> <Delay = 0.00>
ST_10 : Operation 223 [1/1] (0.00ns)   --->   "%zext_ln776_1 = zext i25 %shl_ln1" [C:/Xilinx/Vitis_HLS/2023.1/common/technology/autopilot/etc/hls_log_apfixed.h:776]   --->   Operation 223 'zext' 'zext_ln776_1' <Predicate = (!icmp_ln703)> <Delay = 0.00>
ST_10 : Operation 224 [1/1] (0.00ns)   --->   "%zext_ln776_2 = zext i17 %lshr_ln" [C:/Xilinx/Vitis_HLS/2023.1/common/technology/autopilot/etc/hls_log_apfixed.h:776]   --->   Operation 224 'zext' 'zext_ln776_2' <Predicate = (!icmp_ln703)> <Delay = 0.00>
ST_10 : Operation 225 [1/1] (2.45ns)   --->   "%sub_ln776 = sub i26 %zext_ln776_1, i26 %zext_ln776_2" [C:/Xilinx/Vitis_HLS/2023.1/common/technology/autopilot/etc/hls_log_apfixed.h:776]   --->   Operation 225 'sub' 'sub_ln776' <Predicate = (!icmp_ln703)> <Delay = 2.45> <CoreInst = "Adder">   --->   Core 1 'Adder' <Latency = 0> <II = 1> <Delay = 2.45> <FuncUnit> <Opcode : 'add' 'sub'> <InPorts = 2> <OutPorts = 1>
ST_10 : Operation 226 [1/1] (0.00ns)   --->   "%trunc_ln776_1 = partselect i16 @_ssdm_op_PartSelect.i16.i26.i32.i32, i26 %sub_ln776, i32 10, i32 25" [C:/Xilinx/Vitis_HLS/2023.1/common/technology/autopilot/etc/hls_log_apfixed.h:776]   --->   Operation 226 'partselect' 'trunc_ln776_1' <Predicate = (!icmp_ln703)> <Delay = 0.00>
ST_10 : Operation 227 [1/1] (0.00ns)   --->   "%sext_ln776 = sext i16 %trunc_ln776_1" [C:/Xilinx/Vitis_HLS/2023.1/common/technology/autopilot/etc/hls_log_apfixed.h:776]   --->   Operation 227 'sext' 'sext_ln776' <Predicate = (!icmp_ln703)> <Delay = 0.00>
ST_10 : Operation 228 [1/1] (0.00ns)   --->   "%shl_ln2 = bitconcatenate i28 @_ssdm_op_BitConcatenate.i28.i22.i6, i22 %tmp_49, i6 0" [C:/Xilinx/Vitis_HLS/2023.1/common/technology/autopilot/etc/hls_log_apfixed.h:779]   --->   Operation 228 'bitconcatenate' 'shl_ln2' <Predicate = (!icmp_ln703)> <Delay = 0.00>
ST_10 : Operation 229 [1/1] (0.00ns)   --->   "%sext_ln779 = sext i28 %shl_ln2" [C:/Xilinx/Vitis_HLS/2023.1/common/technology/autopilot/etc/hls_log_apfixed.h:779]   --->   Operation 229 'sext' 'sext_ln779' <Predicate = (!icmp_ln703)> <Delay = 0.00>
ST_10 : Operation 230 [1/1] (0.00ns)   --->   "%sext_ln779_1 = sext i22 %add_ln779" [C:/Xilinx/Vitis_HLS/2023.1/common/technology/autopilot/etc/hls_log_apfixed.h:779]   --->   Operation 230 'sext' 'sext_ln779_1' <Predicate = (!icmp_ln703)> <Delay = 0.00>
ST_10 : Operation 231 [1/1] (0.00ns) (grouped into TernaryAdder)   --->   "%add_ln779_1 = add i29 %sext_ln779, i29 %sext_ln776" [C:/Xilinx/Vitis_HLS/2023.1/common/technology/autopilot/etc/hls_log_apfixed.h:779]   --->   Operation 231 'add' 'add_ln779_1' <Predicate = (!icmp_ln703)> <Delay = 0.00> <CoreInst = "TAddSub">   --->   Core 10 'TAddSub' <Latency = 0> <II = 1> <Delay = 2.20> <IPBlock> <Opcode : '<invalid operator> ' 'add' 'sub'> <InPorts = 3> <OutPorts = 1> <Sync> <CReg>
ST_10 : Operation 232 [1/1] (4.41ns) (root node of TernaryAdder)   --->   "%log_base = add i29 %add_ln779_1, i29 %sext_ln779_1" [C:/Xilinx/Vitis_HLS/2023.1/common/technology/autopilot/etc/hls_log_apfixed.h:779]   --->   Operation 232 'add' 'log_base' <Predicate = (!icmp_ln703)> <Delay = 4.41> <CoreInst = "TAddSub">   --->   Core 10 'TAddSub' <Latency = 0> <II = 1> <Delay = 2.20> <IPBlock> <Opcode : '<invalid operator> ' 'add' 'sub'> <InPorts = 3> <OutPorts = 1> <Sync> <CReg>
ST_10 : Operation 233 [1/1] (0.00ns)   --->   "%tmp_50 = bitselect i1 @_ssdm_op_BitSelect.i1.i29.i32, i29 %log_base, i32 28" [C:/Xilinx/Vitis_HLS/2023.1/common/technology/autopilot/etc/hls_log_apfixed.h:784]   --->   Operation 233 'bitselect' 'tmp_50' <Predicate = (!icmp_ln703)> <Delay = 0.00>

State 11 <SV = 10> <Delay = 4.20>
ST_11 : Operation 234 [1/1] (0.00ns)   --->   "%shl_ln3 = bitconcatenate i15 @_ssdm_op_BitConcatenate.i15.i1.i14, i1 %tmp_50, i14 8192" [C:/Xilinx/Vitis_HLS/2023.1/common/technology/autopilot/etc/hls_log_apfixed.h:786]   --->   Operation 234 'bitconcatenate' 'shl_ln3' <Predicate = (!icmp_ln703)> <Delay = 0.00>
ST_11 : Operation 235 [1/1] (0.00ns)   --->   "%sext_ln786 = sext i15 %shl_ln3" [C:/Xilinx/Vitis_HLS/2023.1/common/technology/autopilot/etc/hls_log_apfixed.h:786]   --->   Operation 235 'sext' 'sext_ln786' <Predicate = (!icmp_ln703)> <Delay = 0.00>
ST_11 : Operation 236 [1/1] (2.59ns)   --->   "%log_base_1 = add i29 %log_base, i29 %sext_ln786" [C:/Xilinx/Vitis_HLS/2023.1/common/technology/autopilot/etc/hls_log_apfixed.h:786]   --->   Operation 236 'add' 'log_base_1' <Predicate = (!icmp_ln703)> <Delay = 2.59> <CoreInst = "Adder">   --->   Core 1 'Adder' <Latency = 0> <II = 1> <Delay = 2.59> <FuncUnit> <Opcode : 'add' 'sub'> <InPorts = 2> <OutPorts = 1>
ST_11 : Operation 237 [1/1] (0.00ns)   --->   "%r = partselect i15 @_ssdm_op_PartSelect.i15.i29.i32.i32, i29 %log_base_1, i32 14, i32 28" [C:/Xilinx/Vitis_HLS/2023.1/common/technology/autopilot/etc/hls_log_apfixed.h:788]   --->   Operation 237 'partselect' 'r' <Predicate = (!icmp_ln703)> <Delay = 0.00>
ST_11 : Operation 238 [1/1] (1.61ns)   --->   "%br_ln0 = br void %if.end66"   --->   Operation 238 'br' 'br_ln0' <Predicate = (!icmp_ln703)> <Delay = 1.61>
ST_11 : Operation 239 [1/1] (0.00ns)   --->   "%r_1 = phi i15 %r, void %if.end37, i15 0, void %entry"   --->   Operation 239 'phi' 'r_1' <Predicate = true> <Delay = 0.00>
ST_11 : Operation 240 [1/1] (0.00ns)   --->   "%ret_ln794 = ret i15 %r_1" [C:/Xilinx/Vitis_HLS/2023.1/common/technology/autopilot/etc/hls_log_apfixed.h:794]   --->   Operation 240 'ret' 'ret_ln794' <Predicate = true> <Delay = 0.00>


============================================================
+ Verbose Summary: Timing violations
============================================================
Target clock period: 10.000ns, clock uncertainty: 2.700ns.

 <State 1>: 6.308ns
The critical path consists of the following:
	wire read operation ('x_val_read') on port 'x_val' [5]  (0.000 ns)
	'icmp' operation ('icmp_ln731_14', C:/Xilinx/Vitis_HLS/2023.1/common/technology/autopilot/etc/hls_log_apfixed.h:731) [164]  (2.563 ns)
	'select' operation ('select_ln731_13', C:/Xilinx/Vitis_HLS/2023.1/common/technology/autopilot/etc/hls_log_apfixed.h:731) [167]  (0.993 ns)
	multiplexor before 'phi' operation ('b_exp_07', C:/Xilinx/Vitis_HLS/2023.1/common/technology/autopilot/etc/hls_log_apfixed.h:731) with incoming values : ('select_ln731_14', C:/Xilinx/Vitis_HLS/2023.1/common/technology/autopilot/etc/hls_log_apfixed.h:731) [180]  (2.752 ns)

 <State 2>: 4.867ns
The critical path consists of the following:
	'phi' operation ('b_frac') with incoming values : ('b_frac', C:/Xilinx/Vitis_HLS/2023.1/common/technology/autopilot/etc/hls_log_apfixed.h:728) ('b_frac', C:/Xilinx/Vitis_HLS/2023.1/common/technology/autopilot/etc/hls_log_apfixed.h:733) [181]  (0.000 ns)
	multiplexor before 'phi' operation ('index0') with incoming values : ('index0', C:/Xilinx/Vitis_HLS/2023.1/common/technology/autopilot/etc/hls_log_apfixed.h:749) ('index0', C:/Xilinx/Vitis_HLS/2023.1/common/technology/autopilot/etc/hls_log_apfixed.h:748) [193]  (1.610 ns)
	'phi' operation ('index0') with incoming values : ('index0', C:/Xilinx/Vitis_HLS/2023.1/common/technology/autopilot/etc/hls_log_apfixed.h:749) ('index0', C:/Xilinx/Vitis_HLS/2023.1/common/technology/autopilot/etc/hls_log_apfixed.h:748) [193]  (0.000 ns)
	'getelementptr' operation ('log_apfixed_reduce_log0_lut_table_ap_fixed_0_5_64_array_addr', C:/Xilinx/Vitis_HLS/2023.1/common/technology/autopilot/etc/hls_log_apfixed.h:759) [197]  (0.000 ns)
	'load' operation ('log_sum', C:/Xilinx/Vitis_HLS/2023.1/common/technology/autopilot/etc/hls_log_apfixed.h:759) on array 'log_apfixed_reduce_log0_lut_table_ap_fixed_0_5_64_array' [198]  (3.257 ns)

 <State 3>: 3.257ns
The critical path consists of the following:
	'load' operation ('log_sum', C:/Xilinx/Vitis_HLS/2023.1/common/technology/autopilot/etc/hls_log_apfixed.h:759) on array 'log_apfixed_reduce_log0_lut_table_ap_fixed_0_5_64_array' [198]  (3.257 ns)

 <State 4>: 6.860ns
The critical path consists of the following:
	'mul' operation ('mul_ln761', C:/Xilinx/Vitis_HLS/2023.1/common/technology/autopilot/etc/hls_log_apfixed.h:761) [200]  (6.860 ns)

 <State 5>: 6.860ns
The critical path consists of the following:
	'mul' operation ('mul_ln761', C:/Xilinx/Vitis_HLS/2023.1/common/technology/autopilot/etc/hls_log_apfixed.h:761) [200]  (6.860 ns)

 <State 6>: 2.598ns
The critical path consists of the following:
	'select' operation ('select_ln182', C:/Xilinx/Vitis_HLS/2023.1/common/technology/autopilot/etc/hls_log_apfixed.h:182->C:/Xilinx/Vitis_HLS/2023.1/common/technology/autopilot/etc/hls_log_apfixed.h:253->C:/Xilinx/Vitis_HLS/2023.1/common/technology/autopilot/etc/hls_log_apfixed.h:772) [209]  (0.000 ns)
	'add' operation ('add_ln184', C:/Xilinx/Vitis_HLS/2023.1/common/technology/autopilot/etc/hls_log_apfixed.h:184->C:/Xilinx/Vitis_HLS/2023.1/common/technology/autopilot/etc/hls_log_apfixed.h:253->C:/Xilinx/Vitis_HLS/2023.1/common/technology/autopilot/etc/hls_log_apfixed.h:772) [213]  (2.598 ns)

 <State 7>: 4.506ns
The critical path consists of the following:
	'load' operation ('logn', C:/Xilinx/Vitis_HLS/2023.1/common/technology/autopilot/etc/hls_log_apfixed.h:186->C:/Xilinx/Vitis_HLS/2023.1/common/technology/autopilot/etc/hls_log_apfixed.h:253->C:/Xilinx/Vitis_HLS/2023.1/common/technology/autopilot/etc/hls_log_apfixed.h:772) on array 'log_apfixed_reduce_log_lut_table_ap_fixed_4_4_16_array' [220]  (2.152 ns)
	'add' operation ('add_ln779', C:/Xilinx/Vitis_HLS/2023.1/common/technology/autopilot/etc/hls_log_apfixed.h:779) [236]  (2.354 ns)

 <State 8>: 2.100ns
The critical path consists of the following:
	'mul' operation of DSP[217] ('mul_ln184', C:/Xilinx/Vitis_HLS/2023.1/common/technology/autopilot/etc/hls_log_apfixed.h:184->C:/Xilinx/Vitis_HLS/2023.1/common/technology/autopilot/etc/hls_log_apfixed.h:253->C:/Xilinx/Vitis_HLS/2023.1/common/technology/autopilot/etc/hls_log_apfixed.h:772) [215]  (0.000 ns)
	'sub' operation of DSP[217] ('sub_ln184', C:/Xilinx/Vitis_HLS/2023.1/common/technology/autopilot/etc/hls_log_apfixed.h:184->C:/Xilinx/Vitis_HLS/2023.1/common/technology/autopilot/etc/hls_log_apfixed.h:253->C:/Xilinx/Vitis_HLS/2023.1/common/technology/autopilot/etc/hls_log_apfixed.h:772) [217]  (2.100 ns)

 <State 9>: 6.560ns
The critical path consists of the following:
	'sub' operation of DSP[217] ('sub_ln184', C:/Xilinx/Vitis_HLS/2023.1/common/technology/autopilot/etc/hls_log_apfixed.h:184->C:/Xilinx/Vitis_HLS/2023.1/common/technology/autopilot/etc/hls_log_apfixed.h:253->C:/Xilinx/Vitis_HLS/2023.1/common/technology/autopilot/etc/hls_log_apfixed.h:772) [217]  (2.100 ns)
	'mul' operation ('mul_ln776', C:/Xilinx/Vitis_HLS/2023.1/common/technology/autopilot/etc/hls_log_apfixed.h:776) [225]  (4.460 ns)

 <State 10>: 6.876ns
The critical path consists of the following:
	'sub' operation ('sub_ln776', C:/Xilinx/Vitis_HLS/2023.1/common/technology/autopilot/etc/hls_log_apfixed.h:776) [230]  (2.459 ns)
	'add' operation ('add_ln779_1', C:/Xilinx/Vitis_HLS/2023.1/common/technology/autopilot/etc/hls_log_apfixed.h:779) [238]  (0.000 ns)
	'add' operation ('log_base', C:/Xilinx/Vitis_HLS/2023.1/common/technology/autopilot/etc/hls_log_apfixed.h:779) [239]  (4.417 ns)

 <State 11>: 4.208ns
The critical path consists of the following:
	'add' operation ('log_base', C:/Xilinx/Vitis_HLS/2023.1/common/technology/autopilot/etc/hls_log_apfixed.h:786) [243]  (2.598 ns)
	multiplexor before 'phi' operation ('r') with incoming values : ('r', C:/Xilinx/Vitis_HLS/2023.1/common/technology/autopilot/etc/hls_log_apfixed.h:788) [247]  (1.610 ns)
	'phi' operation ('r') with incoming values : ('r', C:/Xilinx/Vitis_HLS/2023.1/common/technology/autopilot/etc/hls_log_apfixed.h:788) [247]  (0.000 ns)


============================================================
+ Verbose Summary: Binding
============================================================
N/A
* FSMD analyzer results:
  - Output states:
 - Input state : 
  - Chain level:
	State 1
	State 2
	State 3
	State 4
	State 5
	State 6
	State 7
	State 8
	State 9
	State 10
	State 11


============================================================
+ Verbose Summary: Datapath Resource usage 
============================================================
N/A
