

================================================================
== Vitis HLS Report for 'mfcc_Pipeline_VITIS_LOOP_180_1'
================================================================
* Date:           Mon Jan 19 23:15:26 2026

* Version:        2023.1 (Build 3854077 on May  4 2023)
* Project:        audrey_4_hls
* Solution:       solution1 (Vivado IP Flow Target)
* Product family: artix7
* Target device:  xc7a100t-csg324-1


================================================================
== Performance Estimates
================================================================
+ Timing: 
    * Summary: 
    +--------+----------+----------+------------+
    |  Clock |  Target  | Estimated| Uncertainty|
    +--------+----------+----------+------------+
    |ap_clk  |  10.00 ns|  6.189 ns|     2.70 ns|
    +--------+----------+----------+------------+

+ Latency: 
    * Summary: 
    +---------+---------+----------+----------+-----+-----+---------+
    |  Latency (cycles) |  Latency (absolute) |  Interval | Pipeline|
    |   min   |   max   |    min   |    max   | min | max |   Type  |
    +---------+---------+----------+----------+-----+-----+---------+
    |       92|       92|  0.920 us|  0.920 us|   92|   92|       no|
    +---------+---------+----------+----------+-----+-----+---------+

    + Detail: 
        * Instance: 
        N/A

        * Loop: 
        +--------------------+---------+---------+----------+-----------+-----------+------+----------+
        |                    |  Latency (cycles) | Iteration|  Initiation Interval  | Trip |          |
        |      Loop Name     |   min   |   max   |  Latency |  achieved |   target  | Count| Pipelined|
        +--------------------+---------+---------+----------+-----------+-----------+------+----------+
        |- VITIS_LOOP_180_1  |       90|       90|         9|          2|          1|    42|       yes|
        +--------------------+---------+---------+----------+-----------+-----------+------+----------+

============================================================
+ Verbose Summary: Synthesis Manager
============================================================
InlineROM: 1
ExposeGlobal: 0
============================================================
+ Verbose Summary: CDFG Model
============================================================
IsTopModel: 0
ResetActiveHigh: 1
IsCombinational: 0
IsDatapathOnly: 0
HasWiredReturn: 1
HasMFsm: 2
HasVarLatency: 1
IsPipeline: 0
IsRtlPipelined: 0
IsInstanceOverlapped: 0
IsDontTouch: 0
HasImplIP: 0
IsGatedGlobalClock: 0

+ Individual pipeline summary: 
  * Pipeline-0: initiation interval (II) = 2, depth = 9


============================================================
+ Verbose Summary: Schedule
============================================================
* Number of FSM states : 9
* Pipeline : 1
  Pipeline-0 : II = 2, D = 9, States = { 1 2 3 4 5 6 7 8 9 }
* Dataflow Pipeline: 0

* FSM state transitions: 
1 --> 2 
2 --> 3 
3 --> 4 
4 --> 5 
5 --> 6 
6 --> 7 
7 --> 8 
8 --> 9 
9 --> 

* FSM state operations: 

State 1 <SV = 0> <Delay = 3.55>
ST_1 : Operation 12 [1/1] (0.00ns)   --->   "%m = alloca i32 1"   --->   Operation 12 'alloca' 'm' <Predicate = true> <Delay = 0.00>
ST_1 : Operation 13 [1/1] (1.61ns)   --->   "%store_ln0 = store i6 0, i6 %m"   --->   Operation 13 'store' 'store_ln0' <Predicate = true> <Delay = 1.61>
ST_1 : Operation 14 [1/1] (0.00ns)   --->   "%br_ln0 = br void %for.body.i"   --->   Operation 14 'br' 'br_ln0' <Predicate = true> <Delay = 0.00>
ST_1 : Operation 15 [1/1] (0.00ns)   --->   "%m_2 = load i6 %m" [audrey_4_hls/mfcc.cpp:180->audrey_4_hls/mfcc.cpp:64]   --->   Operation 15 'load' 'm_2' <Predicate = true> <Delay = 0.00>
ST_1 : Operation 16 [1/1] (0.00ns)   --->   "%specpipeline_ln0 = specpipeline void @_ssdm_op_SpecPipeline, i32 4294967295, i32 0, i32 1, i32 0, void @p_str"   --->   Operation 16 'specpipeline' 'specpipeline_ln0' <Predicate = true> <Delay = 0.00>
ST_1 : Operation 17 [1/1] (1.94ns)   --->   "%icmp_ln180 = icmp_eq  i6 %m_2, i6 42" [audrey_4_hls/mfcc.cpp:180->audrey_4_hls/mfcc.cpp:64]   --->   Operation 17 'icmp' 'icmp_ln180' <Predicate = true> <Delay = 1.94> <CoreInst = "Cmp">   --->   Core 9 'Cmp' <Latency = 0> <II = 1> <Delay = 1.94> <FuncUnit> <Opcode : 'icmp'> <InPorts = 2> <OutPorts = 1>
ST_1 : Operation 18 [1/1] (1.94ns)   --->   "%add_ln180 = add i6 %m_2, i6 1" [audrey_4_hls/mfcc.cpp:180->audrey_4_hls/mfcc.cpp:64]   --->   Operation 18 'add' 'add_ln180' <Predicate = true> <Delay = 1.94> <CoreInst = "Adder">   --->   Core 1 'Adder' <Latency = 0> <II = 1> <Delay = 1.94> <FuncUnit> <Opcode : 'add' 'sub'> <InPorts = 2> <OutPorts = 1>
ST_1 : Operation 19 [1/1] (0.00ns)   --->   "%br_ln180 = br i1 %icmp_ln180, void %for.body.i.split, void %for.body.i96.preheader.exitStub" [audrey_4_hls/mfcc.cpp:180->audrey_4_hls/mfcc.cpp:64]   --->   Operation 19 'br' 'br_ln180' <Predicate = true> <Delay = 0.00>
ST_1 : Operation 20 [1/1] (0.00ns)   --->   "%m_cast = zext i6 %m_2" [audrey_4_hls/mfcc.cpp:180->audrey_4_hls/mfcc.cpp:64]   --->   Operation 20 'zext' 'm_cast' <Predicate = (!icmp_ln180)> <Delay = 0.00>
ST_1 : Operation 21 [1/1] (0.00ns)   --->   "%first_ind_addr = getelementptr i8 %first_ind, i64 0, i64 %m_cast" [audrey_4_hls/mfcc.cpp:183->audrey_4_hls/mfcc.cpp:64]   --->   Operation 21 'getelementptr' 'first_ind_addr' <Predicate = (!icmp_ln180)> <Delay = 0.00>
ST_1 : Operation 22 [2/2] (2.15ns)   --->   "%first_ind_load = load i6 %first_ind_addr" [audrey_4_hls/mfcc.cpp:183->audrey_4_hls/mfcc.cpp:64]   --->   Operation 22 'load' 'first_ind_load' <Predicate = (!icmp_ln180)> <Delay = 2.15> <CoreInst = "ROM">   --->   Core 95 'ROM' <Latency = 1> <II = 1> <Delay = 2.15> <Storage> <Opcode : 'load'> <Ports = 0> <Width = 8> <Depth = 42> <ROM>
ST_1 : Operation 23 [1/1] (0.00ns)   --->   "%mel_filterbank_0_addr = getelementptr i8 %mel_filterbank_0, i64 0, i64 %m_cast" [audrey_4_hls/mfcc.cpp:187->audrey_4_hls/mfcc.cpp:64]   --->   Operation 23 'getelementptr' 'mel_filterbank_0_addr' <Predicate = (!icmp_ln180)> <Delay = 0.00>
ST_1 : Operation 24 [2/2] (2.15ns)   --->   "%mel_filterbank_0_load = load i6 %mel_filterbank_0_addr" [audrey_4_hls/mfcc.cpp:187->audrey_4_hls/mfcc.cpp:64]   --->   Operation 24 'load' 'mel_filterbank_0_load' <Predicate = (!icmp_ln180)> <Delay = 2.15> <CoreInst = "ROM">   --->   Core 95 'ROM' <Latency = 1> <II = 1> <Delay = 2.15> <Storage> <Opcode : 'load'> <Ports = 0> <Width = 8> <Depth = 42> <ROM>
ST_1 : Operation 25 [1/1] (1.61ns)   --->   "%store_ln180 = store i6 %add_ln180, i6 %m" [audrey_4_hls/mfcc.cpp:180->audrey_4_hls/mfcc.cpp:64]   --->   Operation 25 'store' 'store_ln180' <Predicate = (!icmp_ln180)> <Delay = 1.61>

State 2 <SV = 1> <Delay = 5.40>
ST_2 : Operation 26 [1/2] (2.15ns)   --->   "%first_ind_load = load i6 %first_ind_addr" [audrey_4_hls/mfcc.cpp:183->audrey_4_hls/mfcc.cpp:64]   --->   Operation 26 'load' 'first_ind_load' <Predicate = (!icmp_ln180)> <Delay = 2.15> <CoreInst = "ROM">   --->   Core 95 'ROM' <Latency = 1> <II = 1> <Delay = 2.15> <Storage> <Opcode : 'load'> <Ports = 0> <Width = 8> <Depth = 42> <ROM>
ST_2 : Operation 27 [1/1] (0.00ns)   --->   "%zext_ln186 = zext i8 %first_ind_load" [audrey_4_hls/mfcc.cpp:186->audrey_4_hls/mfcc.cpp:64]   --->   Operation 27 'zext' 'zext_ln186' <Predicate = (!icmp_ln180)> <Delay = 0.00>
ST_2 : Operation 28 [1/1] (0.00ns)   --->   "%abs_spectrogram_addr = getelementptr i16 %abs_spectrogram, i64 0, i64 %zext_ln186" [audrey_4_hls/mfcc.cpp:187->audrey_4_hls/mfcc.cpp:64]   --->   Operation 28 'getelementptr' 'abs_spectrogram_addr' <Predicate = (!icmp_ln180)> <Delay = 0.00>
ST_2 : Operation 29 [2/2] (3.25ns)   --->   "%abs_spectrogram_load = load i9 %abs_spectrogram_addr" [audrey_4_hls/mfcc.cpp:187->audrey_4_hls/mfcc.cpp:64]   --->   Operation 29 'load' 'abs_spectrogram_load' <Predicate = (!icmp_ln180)> <Delay = 3.25> <CoreInst = "RAM_1WnR">   --->   Core 83 'RAM_1WnR' <Latency = 1> <II = 1> <Delay = 3.25> <Storage> <Opcode : 'load' 'store'> <Ports = 17> <Width = 16> <Depth = 257> <RAM>
ST_2 : Operation 30 [1/2] (2.15ns)   --->   "%mel_filterbank_0_load = load i6 %mel_filterbank_0_addr" [audrey_4_hls/mfcc.cpp:187->audrey_4_hls/mfcc.cpp:64]   --->   Operation 30 'load' 'mel_filterbank_0_load' <Predicate = (!icmp_ln180)> <Delay = 2.15> <CoreInst = "ROM">   --->   Core 95 'ROM' <Latency = 1> <II = 1> <Delay = 2.15> <Storage> <Opcode : 'load'> <Ports = 0> <Width = 8> <Depth = 42> <ROM>

State 3 <SV = 2> <Delay = 5.37>
ST_3 : Operation 31 [1/1] (0.00ns)   --->   "%zext_ln187 = zext i8 %first_ind_load" [audrey_4_hls/mfcc.cpp:187->audrey_4_hls/mfcc.cpp:64]   --->   Operation 31 'zext' 'zext_ln187' <Predicate = true> <Delay = 0.00>
ST_3 : Operation 32 [1/2] (3.25ns)   --->   "%abs_spectrogram_load = load i9 %abs_spectrogram_addr" [audrey_4_hls/mfcc.cpp:187->audrey_4_hls/mfcc.cpp:64]   --->   Operation 32 'load' 'abs_spectrogram_load' <Predicate = true> <Delay = 3.25> <CoreInst = "RAM_1WnR">   --->   Core 83 'RAM_1WnR' <Latency = 1> <II = 1> <Delay = 3.25> <Storage> <Opcode : 'load' 'store'> <Ports = 17> <Width = 16> <Depth = 257> <RAM>
ST_3 : Operation 33 [1/1] (0.00ns)   --->   "%mel_filterbank_1_addr = getelementptr i8 %mel_filterbank_1, i64 0, i64 %m_cast" [audrey_4_hls/mfcc.cpp:187->audrey_4_hls/mfcc.cpp:64]   --->   Operation 33 'getelementptr' 'mel_filterbank_1_addr' <Predicate = true> <Delay = 0.00>
ST_3 : Operation 34 [2/2] (2.15ns)   --->   "%mel_filterbank_1_load = load i6 %mel_filterbank_1_addr" [audrey_4_hls/mfcc.cpp:187->audrey_4_hls/mfcc.cpp:64]   --->   Operation 34 'load' 'mel_filterbank_1_load' <Predicate = true> <Delay = 2.15> <CoreInst = "ROM">   --->   Core 95 'ROM' <Latency = 1> <II = 1> <Delay = 2.15> <Storage> <Opcode : 'load'> <Ports = 0> <Width = 8> <Depth = 42> <ROM>
ST_3 : Operation 35 [1/1] (0.00ns)   --->   "%mel_filterbank_2_addr = getelementptr i8 %mel_filterbank_2, i64 0, i64 %m_cast" [audrey_4_hls/mfcc.cpp:187->audrey_4_hls/mfcc.cpp:64]   --->   Operation 35 'getelementptr' 'mel_filterbank_2_addr' <Predicate = true> <Delay = 0.00>
ST_3 : Operation 36 [2/2] (2.15ns)   --->   "%mel_filterbank_2_load = load i6 %mel_filterbank_2_addr" [audrey_4_hls/mfcc.cpp:187->audrey_4_hls/mfcc.cpp:64]   --->   Operation 36 'load' 'mel_filterbank_2_load' <Predicate = true> <Delay = 2.15> <CoreInst = "ROM">   --->   Core 95 'ROM' <Latency = 1> <II = 1> <Delay = 2.15> <Storage> <Opcode : 'load'> <Ports = 0> <Width = 8> <Depth = 42> <ROM>
ST_3 : Operation 37 [1/1] (2.11ns)   --->   "%add_ln187_2 = add i9 %zext_ln187, i9 3" [audrey_4_hls/mfcc.cpp:187->audrey_4_hls/mfcc.cpp:64]   --->   Operation 37 'add' 'add_ln187_2' <Predicate = true> <Delay = 2.11> <CoreInst = "Adder">   --->   Core 1 'Adder' <Latency = 0> <II = 1> <Delay = 2.11> <FuncUnit> <Opcode : 'add' 'sub'> <InPorts = 2> <OutPorts = 1>
ST_3 : Operation 38 [1/1] (0.00ns)   --->   "%zext_ln187_6 = zext i9 %add_ln187_2" [audrey_4_hls/mfcc.cpp:187->audrey_4_hls/mfcc.cpp:64]   --->   Operation 38 'zext' 'zext_ln187_6' <Predicate = true> <Delay = 0.00>
ST_3 : Operation 39 [1/1] (0.00ns)   --->   "%abs_spectrogram_addr_3 = getelementptr i16 %abs_spectrogram, i64 0, i64 %zext_ln187_6" [audrey_4_hls/mfcc.cpp:187->audrey_4_hls/mfcc.cpp:64]   --->   Operation 39 'getelementptr' 'abs_spectrogram_addr_3' <Predicate = true> <Delay = 0.00>
ST_3 : Operation 40 [2/2] (3.25ns)   --->   "%abs_spectrogram_load_3 = load i9 %abs_spectrogram_addr_3" [audrey_4_hls/mfcc.cpp:187->audrey_4_hls/mfcc.cpp:64]   --->   Operation 40 'load' 'abs_spectrogram_load_3' <Predicate = true> <Delay = 3.25> <CoreInst = "RAM_1WnR">   --->   Core 83 'RAM_1WnR' <Latency = 1> <II = 1> <Delay = 3.25> <Storage> <Opcode : 'load' 'store'> <Ports = 17> <Width = 16> <Depth = 257> <RAM>
ST_3 : Operation 41 [1/1] (0.00ns)   --->   "%mel_filterbank_3_addr = getelementptr i8 %mel_filterbank_3, i64 0, i64 %m_cast" [audrey_4_hls/mfcc.cpp:187->audrey_4_hls/mfcc.cpp:64]   --->   Operation 41 'getelementptr' 'mel_filterbank_3_addr' <Predicate = true> <Delay = 0.00>
ST_3 : Operation 42 [2/2] (2.15ns)   --->   "%mel_filterbank_3_load = load i6 %mel_filterbank_3_addr" [audrey_4_hls/mfcc.cpp:187->audrey_4_hls/mfcc.cpp:64]   --->   Operation 42 'load' 'mel_filterbank_3_load' <Predicate = true> <Delay = 2.15> <CoreInst = "ROM">   --->   Core 95 'ROM' <Latency = 1> <II = 1> <Delay = 2.15> <Storage> <Opcode : 'load'> <Ports = 0> <Width = 8> <Depth = 42> <ROM>
ST_3 : Operation 43 [1/1] (2.11ns)   --->   "%add_ln187_3 = add i9 %zext_ln187, i9 4" [audrey_4_hls/mfcc.cpp:187->audrey_4_hls/mfcc.cpp:64]   --->   Operation 43 'add' 'add_ln187_3' <Predicate = true> <Delay = 2.11> <CoreInst = "Adder">   --->   Core 1 'Adder' <Latency = 0> <II = 1> <Delay = 2.11> <FuncUnit> <Opcode : 'add' 'sub'> <InPorts = 2> <OutPorts = 1>
ST_3 : Operation 44 [1/1] (0.00ns)   --->   "%zext_ln187_8 = zext i9 %add_ln187_3" [audrey_4_hls/mfcc.cpp:187->audrey_4_hls/mfcc.cpp:64]   --->   Operation 44 'zext' 'zext_ln187_8' <Predicate = true> <Delay = 0.00>
ST_3 : Operation 45 [1/1] (0.00ns)   --->   "%abs_spectrogram_addr_4 = getelementptr i16 %abs_spectrogram, i64 0, i64 %zext_ln187_8" [audrey_4_hls/mfcc.cpp:187->audrey_4_hls/mfcc.cpp:64]   --->   Operation 45 'getelementptr' 'abs_spectrogram_addr_4' <Predicate = true> <Delay = 0.00>
ST_3 : Operation 46 [2/2] (3.25ns)   --->   "%abs_spectrogram_load_4 = load i9 %abs_spectrogram_addr_4" [audrey_4_hls/mfcc.cpp:187->audrey_4_hls/mfcc.cpp:64]   --->   Operation 46 'load' 'abs_spectrogram_load_4' <Predicate = true> <Delay = 3.25> <CoreInst = "RAM_1WnR">   --->   Core 83 'RAM_1WnR' <Latency = 1> <II = 1> <Delay = 3.25> <Storage> <Opcode : 'load' 'store'> <Ports = 17> <Width = 16> <Depth = 257> <RAM>
ST_3 : Operation 47 [1/1] (0.00ns)   --->   "%mel_filterbank_4_addr = getelementptr i8 %mel_filterbank_4, i64 0, i64 %m_cast" [audrey_4_hls/mfcc.cpp:187->audrey_4_hls/mfcc.cpp:64]   --->   Operation 47 'getelementptr' 'mel_filterbank_4_addr' <Predicate = true> <Delay = 0.00>
ST_3 : Operation 48 [2/2] (2.15ns)   --->   "%mel_filterbank_4_load = load i6 %mel_filterbank_4_addr" [audrey_4_hls/mfcc.cpp:187->audrey_4_hls/mfcc.cpp:64]   --->   Operation 48 'load' 'mel_filterbank_4_load' <Predicate = true> <Delay = 2.15> <CoreInst = "ROM">   --->   Core 95 'ROM' <Latency = 1> <II = 1> <Delay = 2.15> <Storage> <Opcode : 'load'> <Ports = 0> <Width = 8> <Depth = 42> <ROM>
ST_3 : Operation 49 [1/1] (2.11ns)   --->   "%add_ln187_4 = add i9 %zext_ln187, i9 5" [audrey_4_hls/mfcc.cpp:187->audrey_4_hls/mfcc.cpp:64]   --->   Operation 49 'add' 'add_ln187_4' <Predicate = true> <Delay = 2.11> <CoreInst = "Adder">   --->   Core 1 'Adder' <Latency = 0> <II = 1> <Delay = 2.11> <FuncUnit> <Opcode : 'add' 'sub'> <InPorts = 2> <OutPorts = 1>
ST_3 : Operation 50 [1/1] (0.00ns)   --->   "%zext_ln187_10 = zext i9 %add_ln187_4" [audrey_4_hls/mfcc.cpp:187->audrey_4_hls/mfcc.cpp:64]   --->   Operation 50 'zext' 'zext_ln187_10' <Predicate = true> <Delay = 0.00>
ST_3 : Operation 51 [1/1] (0.00ns)   --->   "%abs_spectrogram_addr_5 = getelementptr i16 %abs_spectrogram, i64 0, i64 %zext_ln187_10" [audrey_4_hls/mfcc.cpp:187->audrey_4_hls/mfcc.cpp:64]   --->   Operation 51 'getelementptr' 'abs_spectrogram_addr_5' <Predicate = true> <Delay = 0.00>
ST_3 : Operation 52 [2/2] (3.25ns)   --->   "%abs_spectrogram_load_5 = load i9 %abs_spectrogram_addr_5" [audrey_4_hls/mfcc.cpp:187->audrey_4_hls/mfcc.cpp:64]   --->   Operation 52 'load' 'abs_spectrogram_load_5' <Predicate = true> <Delay = 3.25> <CoreInst = "RAM_1WnR">   --->   Core 83 'RAM_1WnR' <Latency = 1> <II = 1> <Delay = 3.25> <Storage> <Opcode : 'load' 'store'> <Ports = 17> <Width = 16> <Depth = 257> <RAM>
ST_3 : Operation 53 [1/1] (0.00ns)   --->   "%mel_filterbank_5_addr = getelementptr i8 %mel_filterbank_5, i64 0, i64 %m_cast" [audrey_4_hls/mfcc.cpp:187->audrey_4_hls/mfcc.cpp:64]   --->   Operation 53 'getelementptr' 'mel_filterbank_5_addr' <Predicate = true> <Delay = 0.00>
ST_3 : Operation 54 [2/2] (2.15ns)   --->   "%mel_filterbank_5_load = load i6 %mel_filterbank_5_addr" [audrey_4_hls/mfcc.cpp:187->audrey_4_hls/mfcc.cpp:64]   --->   Operation 54 'load' 'mel_filterbank_5_load' <Predicate = true> <Delay = 2.15> <CoreInst = "ROM">   --->   Core 95 'ROM' <Latency = 1> <II = 1> <Delay = 2.15> <Storage> <Opcode : 'load'> <Ports = 0> <Width = 8> <Depth = 42> <ROM>
ST_3 : Operation 55 [1/1] (2.11ns)   --->   "%add_ln187_5 = add i9 %zext_ln187, i9 6" [audrey_4_hls/mfcc.cpp:187->audrey_4_hls/mfcc.cpp:64]   --->   Operation 55 'add' 'add_ln187_5' <Predicate = true> <Delay = 2.11> <CoreInst = "Adder">   --->   Core 1 'Adder' <Latency = 0> <II = 1> <Delay = 2.11> <FuncUnit> <Opcode : 'add' 'sub'> <InPorts = 2> <OutPorts = 1>
ST_3 : Operation 56 [1/1] (0.00ns)   --->   "%zext_ln187_12 = zext i9 %add_ln187_5" [audrey_4_hls/mfcc.cpp:187->audrey_4_hls/mfcc.cpp:64]   --->   Operation 56 'zext' 'zext_ln187_12' <Predicate = true> <Delay = 0.00>
ST_3 : Operation 57 [1/1] (0.00ns)   --->   "%abs_spectrogram_addr_6 = getelementptr i16 %abs_spectrogram, i64 0, i64 %zext_ln187_12" [audrey_4_hls/mfcc.cpp:187->audrey_4_hls/mfcc.cpp:64]   --->   Operation 57 'getelementptr' 'abs_spectrogram_addr_6' <Predicate = true> <Delay = 0.00>
ST_3 : Operation 58 [2/2] (3.25ns)   --->   "%abs_spectrogram_load_6 = load i9 %abs_spectrogram_addr_6" [audrey_4_hls/mfcc.cpp:187->audrey_4_hls/mfcc.cpp:64]   --->   Operation 58 'load' 'abs_spectrogram_load_6' <Predicate = true> <Delay = 3.25> <CoreInst = "RAM_1WnR">   --->   Core 83 'RAM_1WnR' <Latency = 1> <II = 1> <Delay = 3.25> <Storage> <Opcode : 'load' 'store'> <Ports = 17> <Width = 16> <Depth = 257> <RAM>
ST_3 : Operation 59 [1/1] (0.00ns)   --->   "%mel_filterbank_6_addr = getelementptr i8 %mel_filterbank_6, i64 0, i64 %m_cast" [audrey_4_hls/mfcc.cpp:187->audrey_4_hls/mfcc.cpp:64]   --->   Operation 59 'getelementptr' 'mel_filterbank_6_addr' <Predicate = true> <Delay = 0.00>
ST_3 : Operation 60 [2/2] (2.15ns)   --->   "%mel_filterbank_6_load = load i6 %mel_filterbank_6_addr" [audrey_4_hls/mfcc.cpp:187->audrey_4_hls/mfcc.cpp:64]   --->   Operation 60 'load' 'mel_filterbank_6_load' <Predicate = true> <Delay = 2.15> <CoreInst = "ROM">   --->   Core 95 'ROM' <Latency = 1> <II = 1> <Delay = 2.15> <Storage> <Opcode : 'load'> <Ports = 0> <Width = 8> <Depth = 42> <ROM>
ST_3 : Operation 61 [1/1] (0.00ns)   --->   "%mel_filterbank_7_addr = getelementptr i8 %mel_filterbank_7, i64 0, i64 %m_cast" [audrey_4_hls/mfcc.cpp:187->audrey_4_hls/mfcc.cpp:64]   --->   Operation 61 'getelementptr' 'mel_filterbank_7_addr' <Predicate = true> <Delay = 0.00>
ST_3 : Operation 62 [2/2] (2.15ns)   --->   "%mel_filterbank_7_load = load i6 %mel_filterbank_7_addr" [audrey_4_hls/mfcc.cpp:187->audrey_4_hls/mfcc.cpp:64]   --->   Operation 62 'load' 'mel_filterbank_7_load' <Predicate = true> <Delay = 2.15> <CoreInst = "ROM">   --->   Core 95 'ROM' <Latency = 1> <II = 1> <Delay = 2.15> <Storage> <Opcode : 'load'> <Ports = 0> <Width = 8> <Depth = 42> <ROM>
ST_3 : Operation 63 [1/1] (0.00ns)   --->   "%mel_filterbank_8_addr = getelementptr i8 %mel_filterbank_8, i64 0, i64 %m_cast" [audrey_4_hls/mfcc.cpp:187->audrey_4_hls/mfcc.cpp:64]   --->   Operation 63 'getelementptr' 'mel_filterbank_8_addr' <Predicate = true> <Delay = 0.00>
ST_3 : Operation 64 [2/2] (2.15ns)   --->   "%mel_filterbank_8_load = load i6 %mel_filterbank_8_addr" [audrey_4_hls/mfcc.cpp:187->audrey_4_hls/mfcc.cpp:64]   --->   Operation 64 'load' 'mel_filterbank_8_load' <Predicate = true> <Delay = 2.15> <CoreInst = "ROM">   --->   Core 95 'ROM' <Latency = 1> <II = 1> <Delay = 2.15> <Storage> <Opcode : 'load'> <Ports = 0> <Width = 8> <Depth = 42> <ROM>
ST_3 : Operation 65 [1/1] (0.00ns)   --->   "%mel_filterbank_9_addr = getelementptr i8 %mel_filterbank_9, i64 0, i64 %m_cast" [audrey_4_hls/mfcc.cpp:187->audrey_4_hls/mfcc.cpp:64]   --->   Operation 65 'getelementptr' 'mel_filterbank_9_addr' <Predicate = true> <Delay = 0.00>
ST_3 : Operation 66 [2/2] (2.15ns)   --->   "%mel_filterbank_9_load = load i6 %mel_filterbank_9_addr" [audrey_4_hls/mfcc.cpp:187->audrey_4_hls/mfcc.cpp:64]   --->   Operation 66 'load' 'mel_filterbank_9_load' <Predicate = true> <Delay = 2.15> <CoreInst = "ROM">   --->   Core 95 'ROM' <Latency = 1> <II = 1> <Delay = 2.15> <Storage> <Opcode : 'load'> <Ports = 0> <Width = 8> <Depth = 42> <ROM>
ST_3 : Operation 67 [1/1] (0.00ns)   --->   "%mel_filterbank_10_addr = getelementptr i8 %mel_filterbank_10, i64 0, i64 %m_cast" [audrey_4_hls/mfcc.cpp:187->audrey_4_hls/mfcc.cpp:64]   --->   Operation 67 'getelementptr' 'mel_filterbank_10_addr' <Predicate = true> <Delay = 0.00>
ST_3 : Operation 68 [2/2] (2.15ns)   --->   "%mel_filterbank_10_load = load i6 %mel_filterbank_10_addr" [audrey_4_hls/mfcc.cpp:187->audrey_4_hls/mfcc.cpp:64]   --->   Operation 68 'load' 'mel_filterbank_10_load' <Predicate = true> <Delay = 2.15> <CoreInst = "ROM">   --->   Core 95 'ROM' <Latency = 1> <II = 1> <Delay = 2.15> <Storage> <Opcode : 'load'> <Ports = 0> <Width = 8> <Depth = 42> <ROM>
ST_3 : Operation 69 [1/1] (2.11ns)   --->   "%add_ln187_10 = add i9 %zext_ln187, i9 11" [audrey_4_hls/mfcc.cpp:187->audrey_4_hls/mfcc.cpp:64]   --->   Operation 69 'add' 'add_ln187_10' <Predicate = true> <Delay = 2.11> <CoreInst = "Adder">   --->   Core 1 'Adder' <Latency = 0> <II = 1> <Delay = 2.11> <FuncUnit> <Opcode : 'add' 'sub'> <InPorts = 2> <OutPorts = 1>
ST_3 : Operation 70 [1/1] (0.00ns)   --->   "%zext_ln187_22 = zext i9 %add_ln187_10" [audrey_4_hls/mfcc.cpp:187->audrey_4_hls/mfcc.cpp:64]   --->   Operation 70 'zext' 'zext_ln187_22' <Predicate = true> <Delay = 0.00>
ST_3 : Operation 71 [1/1] (0.00ns)   --->   "%abs_spectrogram_addr_11 = getelementptr i16 %abs_spectrogram, i64 0, i64 %zext_ln187_22" [audrey_4_hls/mfcc.cpp:187->audrey_4_hls/mfcc.cpp:64]   --->   Operation 71 'getelementptr' 'abs_spectrogram_addr_11' <Predicate = true> <Delay = 0.00>
ST_3 : Operation 72 [2/2] (3.25ns)   --->   "%abs_spectrogram_load_11 = load i9 %abs_spectrogram_addr_11" [audrey_4_hls/mfcc.cpp:187->audrey_4_hls/mfcc.cpp:64]   --->   Operation 72 'load' 'abs_spectrogram_load_11' <Predicate = true> <Delay = 3.25> <CoreInst = "RAM_1WnR">   --->   Core 83 'RAM_1WnR' <Latency = 1> <II = 1> <Delay = 3.25> <Storage> <Opcode : 'load' 'store'> <Ports = 17> <Width = 16> <Depth = 257> <RAM>
ST_3 : Operation 73 [1/1] (0.00ns)   --->   "%mel_filterbank_11_addr = getelementptr i8 %mel_filterbank_11, i64 0, i64 %m_cast" [audrey_4_hls/mfcc.cpp:187->audrey_4_hls/mfcc.cpp:64]   --->   Operation 73 'getelementptr' 'mel_filterbank_11_addr' <Predicate = true> <Delay = 0.00>
ST_3 : Operation 74 [2/2] (2.15ns)   --->   "%mel_filterbank_11_load = load i6 %mel_filterbank_11_addr" [audrey_4_hls/mfcc.cpp:187->audrey_4_hls/mfcc.cpp:64]   --->   Operation 74 'load' 'mel_filterbank_11_load' <Predicate = true> <Delay = 2.15> <CoreInst = "ROM">   --->   Core 95 'ROM' <Latency = 1> <II = 1> <Delay = 2.15> <Storage> <Opcode : 'load'> <Ports = 0> <Width = 8> <Depth = 42> <ROM>
ST_3 : Operation 75 [1/1] (2.11ns)   --->   "%add_ln187_11 = add i9 %zext_ln187, i9 12" [audrey_4_hls/mfcc.cpp:187->audrey_4_hls/mfcc.cpp:64]   --->   Operation 75 'add' 'add_ln187_11' <Predicate = true> <Delay = 2.11> <CoreInst = "Adder">   --->   Core 1 'Adder' <Latency = 0> <II = 1> <Delay = 2.11> <FuncUnit> <Opcode : 'add' 'sub'> <InPorts = 2> <OutPorts = 1>
ST_3 : Operation 76 [1/1] (0.00ns)   --->   "%zext_ln187_24 = zext i9 %add_ln187_11" [audrey_4_hls/mfcc.cpp:187->audrey_4_hls/mfcc.cpp:64]   --->   Operation 76 'zext' 'zext_ln187_24' <Predicate = true> <Delay = 0.00>
ST_3 : Operation 77 [1/1] (0.00ns)   --->   "%abs_spectrogram_addr_12 = getelementptr i16 %abs_spectrogram, i64 0, i64 %zext_ln187_24" [audrey_4_hls/mfcc.cpp:187->audrey_4_hls/mfcc.cpp:64]   --->   Operation 77 'getelementptr' 'abs_spectrogram_addr_12' <Predicate = true> <Delay = 0.00>
ST_3 : Operation 78 [2/2] (3.25ns)   --->   "%abs_spectrogram_load_12 = load i9 %abs_spectrogram_addr_12" [audrey_4_hls/mfcc.cpp:187->audrey_4_hls/mfcc.cpp:64]   --->   Operation 78 'load' 'abs_spectrogram_load_12' <Predicate = true> <Delay = 3.25> <CoreInst = "RAM_1WnR">   --->   Core 83 'RAM_1WnR' <Latency = 1> <II = 1> <Delay = 3.25> <Storage> <Opcode : 'load' 'store'> <Ports = 17> <Width = 16> <Depth = 257> <RAM>
ST_3 : Operation 79 [1/1] (0.00ns)   --->   "%mel_filterbank_12_addr = getelementptr i8 %mel_filterbank_12, i64 0, i64 %m_cast" [audrey_4_hls/mfcc.cpp:187->audrey_4_hls/mfcc.cpp:64]   --->   Operation 79 'getelementptr' 'mel_filterbank_12_addr' <Predicate = true> <Delay = 0.00>
ST_3 : Operation 80 [2/2] (2.15ns)   --->   "%mel_filterbank_12_load = load i6 %mel_filterbank_12_addr" [audrey_4_hls/mfcc.cpp:187->audrey_4_hls/mfcc.cpp:64]   --->   Operation 80 'load' 'mel_filterbank_12_load' <Predicate = true> <Delay = 2.15> <CoreInst = "ROM">   --->   Core 95 'ROM' <Latency = 1> <II = 1> <Delay = 2.15> <Storage> <Opcode : 'load'> <Ports = 0> <Width = 8> <Depth = 42> <ROM>
ST_3 : Operation 81 [1/1] (2.11ns)   --->   "%add_ln187_12 = add i9 %zext_ln187, i9 13" [audrey_4_hls/mfcc.cpp:187->audrey_4_hls/mfcc.cpp:64]   --->   Operation 81 'add' 'add_ln187_12' <Predicate = true> <Delay = 2.11> <CoreInst = "Adder">   --->   Core 1 'Adder' <Latency = 0> <II = 1> <Delay = 2.11> <FuncUnit> <Opcode : 'add' 'sub'> <InPorts = 2> <OutPorts = 1>
ST_3 : Operation 82 [1/1] (0.00ns)   --->   "%zext_ln187_26 = zext i9 %add_ln187_12" [audrey_4_hls/mfcc.cpp:187->audrey_4_hls/mfcc.cpp:64]   --->   Operation 82 'zext' 'zext_ln187_26' <Predicate = true> <Delay = 0.00>
ST_3 : Operation 83 [1/1] (0.00ns)   --->   "%abs_spectrogram_addr_13 = getelementptr i16 %abs_spectrogram, i64 0, i64 %zext_ln187_26" [audrey_4_hls/mfcc.cpp:187->audrey_4_hls/mfcc.cpp:64]   --->   Operation 83 'getelementptr' 'abs_spectrogram_addr_13' <Predicate = true> <Delay = 0.00>
ST_3 : Operation 84 [2/2] (3.25ns)   --->   "%abs_spectrogram_load_13 = load i9 %abs_spectrogram_addr_13" [audrey_4_hls/mfcc.cpp:187->audrey_4_hls/mfcc.cpp:64]   --->   Operation 84 'load' 'abs_spectrogram_load_13' <Predicate = true> <Delay = 3.25> <CoreInst = "RAM_1WnR">   --->   Core 83 'RAM_1WnR' <Latency = 1> <II = 1> <Delay = 3.25> <Storage> <Opcode : 'load' 'store'> <Ports = 17> <Width = 16> <Depth = 257> <RAM>
ST_3 : Operation 85 [1/1] (0.00ns)   --->   "%mel_filterbank_13_addr = getelementptr i8 %mel_filterbank_13, i64 0, i64 %m_cast" [audrey_4_hls/mfcc.cpp:187->audrey_4_hls/mfcc.cpp:64]   --->   Operation 85 'getelementptr' 'mel_filterbank_13_addr' <Predicate = true> <Delay = 0.00>
ST_3 : Operation 86 [2/2] (2.15ns)   --->   "%mel_filterbank_13_load = load i6 %mel_filterbank_13_addr" [audrey_4_hls/mfcc.cpp:187->audrey_4_hls/mfcc.cpp:64]   --->   Operation 86 'load' 'mel_filterbank_13_load' <Predicate = true> <Delay = 2.15> <CoreInst = "ROM">   --->   Core 95 'ROM' <Latency = 1> <II = 1> <Delay = 2.15> <Storage> <Opcode : 'load'> <Ports = 0> <Width = 8> <Depth = 42> <ROM>
ST_3 : Operation 87 [1/1] (2.11ns)   --->   "%add_ln187_13 = add i9 %zext_ln187, i9 14" [audrey_4_hls/mfcc.cpp:187->audrey_4_hls/mfcc.cpp:64]   --->   Operation 87 'add' 'add_ln187_13' <Predicate = true> <Delay = 2.11> <CoreInst = "Adder">   --->   Core 1 'Adder' <Latency = 0> <II = 1> <Delay = 2.11> <FuncUnit> <Opcode : 'add' 'sub'> <InPorts = 2> <OutPorts = 1>
ST_3 : Operation 88 [1/1] (0.00ns)   --->   "%zext_ln187_28 = zext i9 %add_ln187_13" [audrey_4_hls/mfcc.cpp:187->audrey_4_hls/mfcc.cpp:64]   --->   Operation 88 'zext' 'zext_ln187_28' <Predicate = true> <Delay = 0.00>
ST_3 : Operation 89 [1/1] (0.00ns)   --->   "%abs_spectrogram_addr_14 = getelementptr i16 %abs_spectrogram, i64 0, i64 %zext_ln187_28" [audrey_4_hls/mfcc.cpp:187->audrey_4_hls/mfcc.cpp:64]   --->   Operation 89 'getelementptr' 'abs_spectrogram_addr_14' <Predicate = true> <Delay = 0.00>
ST_3 : Operation 90 [2/2] (3.25ns)   --->   "%abs_spectrogram_load_14 = load i9 %abs_spectrogram_addr_14" [audrey_4_hls/mfcc.cpp:187->audrey_4_hls/mfcc.cpp:64]   --->   Operation 90 'load' 'abs_spectrogram_load_14' <Predicate = true> <Delay = 3.25> <CoreInst = "RAM_1WnR">   --->   Core 83 'RAM_1WnR' <Latency = 1> <II = 1> <Delay = 3.25> <Storage> <Opcode : 'load' 'store'> <Ports = 17> <Width = 16> <Depth = 257> <RAM>
ST_3 : Operation 91 [1/1] (0.00ns)   --->   "%mel_filterbank_14_addr = getelementptr i8 %mel_filterbank_14, i64 0, i64 %m_cast" [audrey_4_hls/mfcc.cpp:187->audrey_4_hls/mfcc.cpp:64]   --->   Operation 91 'getelementptr' 'mel_filterbank_14_addr' <Predicate = true> <Delay = 0.00>
ST_3 : Operation 92 [2/2] (2.15ns)   --->   "%mel_filterbank_14_load = load i6 %mel_filterbank_14_addr" [audrey_4_hls/mfcc.cpp:187->audrey_4_hls/mfcc.cpp:64]   --->   Operation 92 'load' 'mel_filterbank_14_load' <Predicate = true> <Delay = 2.15> <CoreInst = "ROM">   --->   Core 95 'ROM' <Latency = 1> <II = 1> <Delay = 2.15> <Storage> <Opcode : 'load'> <Ports = 0> <Width = 8> <Depth = 42> <ROM>
ST_3 : Operation 93 [1/1] (2.11ns)   --->   "%add_ln187_14 = add i9 %zext_ln187, i9 15" [audrey_4_hls/mfcc.cpp:187->audrey_4_hls/mfcc.cpp:64]   --->   Operation 93 'add' 'add_ln187_14' <Predicate = true> <Delay = 2.11> <CoreInst = "Adder">   --->   Core 1 'Adder' <Latency = 0> <II = 1> <Delay = 2.11> <FuncUnit> <Opcode : 'add' 'sub'> <InPorts = 2> <OutPorts = 1>
ST_3 : Operation 94 [1/1] (0.00ns)   --->   "%zext_ln187_30 = zext i9 %add_ln187_14" [audrey_4_hls/mfcc.cpp:187->audrey_4_hls/mfcc.cpp:64]   --->   Operation 94 'zext' 'zext_ln187_30' <Predicate = true> <Delay = 0.00>
ST_3 : Operation 95 [1/1] (0.00ns)   --->   "%abs_spectrogram_addr_15 = getelementptr i16 %abs_spectrogram, i64 0, i64 %zext_ln187_30" [audrey_4_hls/mfcc.cpp:187->audrey_4_hls/mfcc.cpp:64]   --->   Operation 95 'getelementptr' 'abs_spectrogram_addr_15' <Predicate = true> <Delay = 0.00>
ST_3 : Operation 96 [2/2] (3.25ns)   --->   "%abs_spectrogram_load_15 = load i9 %abs_spectrogram_addr_15" [audrey_4_hls/mfcc.cpp:187->audrey_4_hls/mfcc.cpp:64]   --->   Operation 96 'load' 'abs_spectrogram_load_15' <Predicate = true> <Delay = 3.25> <CoreInst = "RAM_1WnR">   --->   Core 83 'RAM_1WnR' <Latency = 1> <II = 1> <Delay = 3.25> <Storage> <Opcode : 'load' 'store'> <Ports = 17> <Width = 16> <Depth = 257> <RAM>
ST_3 : Operation 97 [1/1] (0.00ns)   --->   "%mel_filterbank_15_addr = getelementptr i8 %mel_filterbank_15, i64 0, i64 %m_cast" [audrey_4_hls/mfcc.cpp:187->audrey_4_hls/mfcc.cpp:64]   --->   Operation 97 'getelementptr' 'mel_filterbank_15_addr' <Predicate = true> <Delay = 0.00>
ST_3 : Operation 98 [2/2] (2.15ns)   --->   "%mel_filterbank_15_load = load i6 %mel_filterbank_15_addr" [audrey_4_hls/mfcc.cpp:187->audrey_4_hls/mfcc.cpp:64]   --->   Operation 98 'load' 'mel_filterbank_15_load' <Predicate = true> <Delay = 2.15> <CoreInst = "ROM">   --->   Core 95 'ROM' <Latency = 1> <II = 1> <Delay = 2.15> <Storage> <Opcode : 'load'> <Ports = 0> <Width = 8> <Depth = 42> <ROM>
ST_3 : Operation 99 [1/1] (2.11ns)   --->   "%add_ln187_15 = add i9 %zext_ln187, i9 16" [audrey_4_hls/mfcc.cpp:187->audrey_4_hls/mfcc.cpp:64]   --->   Operation 99 'add' 'add_ln187_15' <Predicate = true> <Delay = 2.11> <CoreInst = "Adder">   --->   Core 1 'Adder' <Latency = 0> <II = 1> <Delay = 2.11> <FuncUnit> <Opcode : 'add' 'sub'> <InPorts = 2> <OutPorts = 1>
ST_3 : Operation 100 [1/1] (0.00ns)   --->   "%zext_ln187_32 = zext i9 %add_ln187_15" [audrey_4_hls/mfcc.cpp:187->audrey_4_hls/mfcc.cpp:64]   --->   Operation 100 'zext' 'zext_ln187_32' <Predicate = true> <Delay = 0.00>
ST_3 : Operation 101 [1/1] (0.00ns)   --->   "%abs_spectrogram_addr_16 = getelementptr i16 %abs_spectrogram, i64 0, i64 %zext_ln187_32" [audrey_4_hls/mfcc.cpp:187->audrey_4_hls/mfcc.cpp:64]   --->   Operation 101 'getelementptr' 'abs_spectrogram_addr_16' <Predicate = true> <Delay = 0.00>
ST_3 : Operation 102 [2/2] (3.25ns)   --->   "%abs_spectrogram_load_16 = load i9 %abs_spectrogram_addr_16" [audrey_4_hls/mfcc.cpp:187->audrey_4_hls/mfcc.cpp:64]   --->   Operation 102 'load' 'abs_spectrogram_load_16' <Predicate = true> <Delay = 3.25> <CoreInst = "RAM_1WnR">   --->   Core 83 'RAM_1WnR' <Latency = 1> <II = 1> <Delay = 3.25> <Storage> <Opcode : 'load' 'store'> <Ports = 17> <Width = 16> <Depth = 257> <RAM>
ST_3 : Operation 103 [1/1] (0.00ns)   --->   "%mel_filterbank_16_addr = getelementptr i8 %mel_filterbank_16, i64 0, i64 %m_cast" [audrey_4_hls/mfcc.cpp:187->audrey_4_hls/mfcc.cpp:64]   --->   Operation 103 'getelementptr' 'mel_filterbank_16_addr' <Predicate = true> <Delay = 0.00>
ST_3 : Operation 104 [2/2] (2.15ns)   --->   "%mel_filterbank_16_load = load i6 %mel_filterbank_16_addr" [audrey_4_hls/mfcc.cpp:187->audrey_4_hls/mfcc.cpp:64]   --->   Operation 104 'load' 'mel_filterbank_16_load' <Predicate = true> <Delay = 2.15> <CoreInst = "ROM">   --->   Core 95 'ROM' <Latency = 1> <II = 1> <Delay = 2.15> <Storage> <Opcode : 'load'> <Ports = 0> <Width = 8> <Depth = 42> <ROM>
ST_3 : Operation 105 [1/1] (2.11ns)   --->   "%add_ln187_16 = add i9 %zext_ln187, i9 17" [audrey_4_hls/mfcc.cpp:187->audrey_4_hls/mfcc.cpp:64]   --->   Operation 105 'add' 'add_ln187_16' <Predicate = true> <Delay = 2.11> <CoreInst = "Adder">   --->   Core 1 'Adder' <Latency = 0> <II = 1> <Delay = 2.11> <FuncUnit> <Opcode : 'add' 'sub'> <InPorts = 2> <OutPorts = 1>
ST_3 : Operation 106 [1/1] (0.00ns)   --->   "%zext_ln187_34 = zext i9 %add_ln187_16" [audrey_4_hls/mfcc.cpp:187->audrey_4_hls/mfcc.cpp:64]   --->   Operation 106 'zext' 'zext_ln187_34' <Predicate = true> <Delay = 0.00>
ST_3 : Operation 107 [1/1] (0.00ns)   --->   "%abs_spectrogram_addr_17 = getelementptr i16 %abs_spectrogram, i64 0, i64 %zext_ln187_34" [audrey_4_hls/mfcc.cpp:187->audrey_4_hls/mfcc.cpp:64]   --->   Operation 107 'getelementptr' 'abs_spectrogram_addr_17' <Predicate = true> <Delay = 0.00>
ST_3 : Operation 108 [2/2] (3.25ns)   --->   "%abs_spectrogram_load_17 = load i9 %abs_spectrogram_addr_17" [audrey_4_hls/mfcc.cpp:187->audrey_4_hls/mfcc.cpp:64]   --->   Operation 108 'load' 'abs_spectrogram_load_17' <Predicate = true> <Delay = 3.25> <CoreInst = "RAM_1WnR">   --->   Core 83 'RAM_1WnR' <Latency = 1> <II = 1> <Delay = 3.25> <Storage> <Opcode : 'load' 'store'> <Ports = 17> <Width = 16> <Depth = 257> <RAM>
ST_3 : Operation 109 [1/1] (0.00ns)   --->   "%mel_filterbank_17_addr = getelementptr i8 %mel_filterbank_17, i64 0, i64 %m_cast" [audrey_4_hls/mfcc.cpp:187->audrey_4_hls/mfcc.cpp:64]   --->   Operation 109 'getelementptr' 'mel_filterbank_17_addr' <Predicate = true> <Delay = 0.00>
ST_3 : Operation 110 [2/2] (2.15ns)   --->   "%mel_filterbank_17_load = load i6 %mel_filterbank_17_addr" [audrey_4_hls/mfcc.cpp:187->audrey_4_hls/mfcc.cpp:64]   --->   Operation 110 'load' 'mel_filterbank_17_load' <Predicate = true> <Delay = 2.15> <CoreInst = "ROM">   --->   Core 95 'ROM' <Latency = 1> <II = 1> <Delay = 2.15> <Storage> <Opcode : 'load'> <Ports = 0> <Width = 8> <Depth = 42> <ROM>
ST_3 : Operation 111 [1/1] (0.00ns)   --->   "%mel_filterbank_18_addr = getelementptr i8 %mel_filterbank_18, i64 0, i64 %m_cast" [audrey_4_hls/mfcc.cpp:187->audrey_4_hls/mfcc.cpp:64]   --->   Operation 111 'getelementptr' 'mel_filterbank_18_addr' <Predicate = true> <Delay = 0.00>
ST_3 : Operation 112 [2/2] (2.15ns)   --->   "%mel_filterbank_18_load = load i6 %mel_filterbank_18_addr" [audrey_4_hls/mfcc.cpp:187->audrey_4_hls/mfcc.cpp:64]   --->   Operation 112 'load' 'mel_filterbank_18_load' <Predicate = true> <Delay = 2.15> <CoreInst = "ROM">   --->   Core 95 'ROM' <Latency = 1> <II = 1> <Delay = 2.15> <Storage> <Opcode : 'load'> <Ports = 0> <Width = 8> <Depth = 42> <ROM>
ST_3 : Operation 113 [1/1] (0.00ns)   --->   "%mel_filterbank_19_addr = getelementptr i8 %mel_filterbank_19, i64 0, i64 %m_cast" [audrey_4_hls/mfcc.cpp:187->audrey_4_hls/mfcc.cpp:64]   --->   Operation 113 'getelementptr' 'mel_filterbank_19_addr' <Predicate = true> <Delay = 0.00>
ST_3 : Operation 114 [2/2] (2.15ns)   --->   "%mel_filterbank_19_load = load i6 %mel_filterbank_19_addr" [audrey_4_hls/mfcc.cpp:187->audrey_4_hls/mfcc.cpp:64]   --->   Operation 114 'load' 'mel_filterbank_19_load' <Predicate = true> <Delay = 2.15> <CoreInst = "ROM">   --->   Core 95 'ROM' <Latency = 1> <II = 1> <Delay = 2.15> <Storage> <Opcode : 'load'> <Ports = 0> <Width = 8> <Depth = 42> <ROM>
ST_3 : Operation 115 [1/1] (0.00ns)   --->   "%mel_filterbank_20_addr = getelementptr i8 %mel_filterbank_20, i64 0, i64 %m_cast" [audrey_4_hls/mfcc.cpp:187->audrey_4_hls/mfcc.cpp:64]   --->   Operation 115 'getelementptr' 'mel_filterbank_20_addr' <Predicate = true> <Delay = 0.00>
ST_3 : Operation 116 [2/2] (2.15ns)   --->   "%mel_filterbank_20_load = load i6 %mel_filterbank_20_addr" [audrey_4_hls/mfcc.cpp:187->audrey_4_hls/mfcc.cpp:64]   --->   Operation 116 'load' 'mel_filterbank_20_load' <Predicate = true> <Delay = 2.15> <CoreInst = "ROM">   --->   Core 95 'ROM' <Latency = 1> <II = 1> <Delay = 2.15> <Storage> <Opcode : 'load'> <Ports = 0> <Width = 8> <Depth = 42> <ROM>
ST_3 : Operation 117 [1/1] (0.00ns)   --->   "%mel_filterbank_21_addr = getelementptr i8 %mel_filterbank_21, i64 0, i64 %m_cast" [audrey_4_hls/mfcc.cpp:187->audrey_4_hls/mfcc.cpp:64]   --->   Operation 117 'getelementptr' 'mel_filterbank_21_addr' <Predicate = true> <Delay = 0.00>
ST_3 : Operation 118 [2/2] (2.15ns)   --->   "%mel_filterbank_21_load = load i6 %mel_filterbank_21_addr" [audrey_4_hls/mfcc.cpp:187->audrey_4_hls/mfcc.cpp:64]   --->   Operation 118 'load' 'mel_filterbank_21_load' <Predicate = true> <Delay = 2.15> <CoreInst = "ROM">   --->   Core 95 'ROM' <Latency = 1> <II = 1> <Delay = 2.15> <Storage> <Opcode : 'load'> <Ports = 0> <Width = 8> <Depth = 42> <ROM>
ST_3 : Operation 119 [1/1] (0.00ns)   --->   "%mel_filterbank_22_addr = getelementptr i8 %mel_filterbank_22, i64 0, i64 %m_cast" [audrey_4_hls/mfcc.cpp:187->audrey_4_hls/mfcc.cpp:64]   --->   Operation 119 'getelementptr' 'mel_filterbank_22_addr' <Predicate = true> <Delay = 0.00>
ST_3 : Operation 120 [2/2] (2.15ns)   --->   "%mel_filterbank_22_load = load i6 %mel_filterbank_22_addr" [audrey_4_hls/mfcc.cpp:187->audrey_4_hls/mfcc.cpp:64]   --->   Operation 120 'load' 'mel_filterbank_22_load' <Predicate = true> <Delay = 2.15> <CoreInst = "ROM">   --->   Core 95 'ROM' <Latency = 1> <II = 1> <Delay = 2.15> <Storage> <Opcode : 'load'> <Ports = 0> <Width = 8> <Depth = 42> <ROM>
ST_3 : Operation 121 [1/1] (0.00ns)   --->   "%mel_filterbank_23_addr = getelementptr i7 %mel_filterbank_23, i64 0, i64 %m_cast" [audrey_4_hls/mfcc.cpp:187->audrey_4_hls/mfcc.cpp:64]   --->   Operation 121 'getelementptr' 'mel_filterbank_23_addr' <Predicate = true> <Delay = 0.00>
ST_3 : Operation 122 [2/2] (2.15ns)   --->   "%mel_filterbank_23_load = load i6 %mel_filterbank_23_addr" [audrey_4_hls/mfcc.cpp:187->audrey_4_hls/mfcc.cpp:64]   --->   Operation 122 'load' 'mel_filterbank_23_load' <Predicate = true> <Delay = 2.15> <CoreInst = "ROM">   --->   Core 95 'ROM' <Latency = 1> <II = 1> <Delay = 2.15> <Storage> <Opcode : 'load'> <Ports = 0> <Width = 7> <Depth = 42> <ROM>
ST_3 : Operation 123 [1/1] (0.00ns)   --->   "%mel_filterbank_24_addr = getelementptr i7 %mel_filterbank_24, i64 0, i64 %m_cast" [audrey_4_hls/mfcc.cpp:187->audrey_4_hls/mfcc.cpp:64]   --->   Operation 123 'getelementptr' 'mel_filterbank_24_addr' <Predicate = true> <Delay = 0.00>
ST_3 : Operation 124 [2/2] (2.15ns)   --->   "%mel_filterbank_24_load = load i6 %mel_filterbank_24_addr" [audrey_4_hls/mfcc.cpp:187->audrey_4_hls/mfcc.cpp:64]   --->   Operation 124 'load' 'mel_filterbank_24_load' <Predicate = true> <Delay = 2.15> <CoreInst = "ROM">   --->   Core 95 'ROM' <Latency = 1> <II = 1> <Delay = 2.15> <Storage> <Opcode : 'load'> <Ports = 0> <Width = 7> <Depth = 42> <ROM>
ST_3 : Operation 125 [1/1] (0.00ns)   --->   "%mel_filterbank_25_addr = getelementptr i7 %mel_filterbank_25, i64 0, i64 %m_cast" [audrey_4_hls/mfcc.cpp:187->audrey_4_hls/mfcc.cpp:64]   --->   Operation 125 'getelementptr' 'mel_filterbank_25_addr' <Predicate = true> <Delay = 0.00>
ST_3 : Operation 126 [2/2] (2.15ns)   --->   "%mel_filterbank_25_load = load i6 %mel_filterbank_25_addr" [audrey_4_hls/mfcc.cpp:187->audrey_4_hls/mfcc.cpp:64]   --->   Operation 126 'load' 'mel_filterbank_25_load' <Predicate = true> <Delay = 2.15> <CoreInst = "ROM">   --->   Core 95 'ROM' <Latency = 1> <II = 1> <Delay = 2.15> <Storage> <Opcode : 'load'> <Ports = 0> <Width = 7> <Depth = 42> <ROM>
ST_3 : Operation 127 [1/1] (2.11ns)   --->   "%add_ln187_25 = add i9 %zext_ln187, i9 26" [audrey_4_hls/mfcc.cpp:187->audrey_4_hls/mfcc.cpp:64]   --->   Operation 127 'add' 'add_ln187_25' <Predicate = true> <Delay = 2.11> <CoreInst = "Adder">   --->   Core 1 'Adder' <Latency = 0> <II = 1> <Delay = 2.11> <FuncUnit> <Opcode : 'add' 'sub'> <InPorts = 2> <OutPorts = 1>
ST_3 : Operation 128 [1/1] (0.00ns)   --->   "%zext_ln187_52 = zext i9 %add_ln187_25" [audrey_4_hls/mfcc.cpp:187->audrey_4_hls/mfcc.cpp:64]   --->   Operation 128 'zext' 'zext_ln187_52' <Predicate = true> <Delay = 0.00>
ST_3 : Operation 129 [1/1] (0.00ns)   --->   "%abs_spectrogram_addr_26 = getelementptr i16 %abs_spectrogram, i64 0, i64 %zext_ln187_52" [audrey_4_hls/mfcc.cpp:187->audrey_4_hls/mfcc.cpp:64]   --->   Operation 129 'getelementptr' 'abs_spectrogram_addr_26' <Predicate = true> <Delay = 0.00>
ST_3 : Operation 130 [2/2] (3.25ns)   --->   "%abs_spectrogram_load_26 = load i9 %abs_spectrogram_addr_26" [audrey_4_hls/mfcc.cpp:187->audrey_4_hls/mfcc.cpp:64]   --->   Operation 130 'load' 'abs_spectrogram_load_26' <Predicate = true> <Delay = 3.25> <CoreInst = "RAM_1WnR">   --->   Core 83 'RAM_1WnR' <Latency = 1> <II = 1> <Delay = 3.25> <Storage> <Opcode : 'load' 'store'> <Ports = 17> <Width = 16> <Depth = 257> <RAM>
ST_3 : Operation 131 [1/1] (0.00ns)   --->   "%mel_filterbank_26_addr = getelementptr i7 %mel_filterbank_26, i64 0, i64 %m_cast" [audrey_4_hls/mfcc.cpp:187->audrey_4_hls/mfcc.cpp:64]   --->   Operation 131 'getelementptr' 'mel_filterbank_26_addr' <Predicate = true> <Delay = 0.00>
ST_3 : Operation 132 [2/2] (2.15ns)   --->   "%mel_filterbank_26_load = load i6 %mel_filterbank_26_addr" [audrey_4_hls/mfcc.cpp:187->audrey_4_hls/mfcc.cpp:64]   --->   Operation 132 'load' 'mel_filterbank_26_load' <Predicate = true> <Delay = 2.15> <CoreInst = "ROM">   --->   Core 95 'ROM' <Latency = 1> <II = 1> <Delay = 2.15> <Storage> <Opcode : 'load'> <Ports = 0> <Width = 7> <Depth = 42> <ROM>
ST_3 : Operation 133 [1/1] (2.11ns)   --->   "%add_ln187_26 = add i9 %zext_ln187, i9 27" [audrey_4_hls/mfcc.cpp:187->audrey_4_hls/mfcc.cpp:64]   --->   Operation 133 'add' 'add_ln187_26' <Predicate = true> <Delay = 2.11> <CoreInst = "Adder">   --->   Core 1 'Adder' <Latency = 0> <II = 1> <Delay = 2.11> <FuncUnit> <Opcode : 'add' 'sub'> <InPorts = 2> <OutPorts = 1>
ST_3 : Operation 134 [1/1] (0.00ns)   --->   "%zext_ln187_54 = zext i9 %add_ln187_26" [audrey_4_hls/mfcc.cpp:187->audrey_4_hls/mfcc.cpp:64]   --->   Operation 134 'zext' 'zext_ln187_54' <Predicate = true> <Delay = 0.00>
ST_3 : Operation 135 [1/1] (0.00ns)   --->   "%abs_spectrogram_addr_27 = getelementptr i16 %abs_spectrogram, i64 0, i64 %zext_ln187_54" [audrey_4_hls/mfcc.cpp:187->audrey_4_hls/mfcc.cpp:64]   --->   Operation 135 'getelementptr' 'abs_spectrogram_addr_27' <Predicate = true> <Delay = 0.00>
ST_3 : Operation 136 [2/2] (3.25ns)   --->   "%abs_spectrogram_load_27 = load i9 %abs_spectrogram_addr_27" [audrey_4_hls/mfcc.cpp:187->audrey_4_hls/mfcc.cpp:64]   --->   Operation 136 'load' 'abs_spectrogram_load_27' <Predicate = true> <Delay = 3.25> <CoreInst = "RAM_1WnR">   --->   Core 83 'RAM_1WnR' <Latency = 1> <II = 1> <Delay = 3.25> <Storage> <Opcode : 'load' 'store'> <Ports = 17> <Width = 16> <Depth = 257> <RAM>
ST_3 : Operation 137 [1/1] (0.00ns)   --->   "%mel_filterbank_27_addr = getelementptr i6 %mel_filterbank_27, i64 0, i64 %m_cast" [audrey_4_hls/mfcc.cpp:187->audrey_4_hls/mfcc.cpp:64]   --->   Operation 137 'getelementptr' 'mel_filterbank_27_addr' <Predicate = true> <Delay = 0.00>
ST_3 : Operation 138 [2/2] (2.15ns)   --->   "%mel_filterbank_27_load = load i6 %mel_filterbank_27_addr" [audrey_4_hls/mfcc.cpp:187->audrey_4_hls/mfcc.cpp:64]   --->   Operation 138 'load' 'mel_filterbank_27_load' <Predicate = true> <Delay = 2.15> <CoreInst = "ROM">   --->   Core 95 'ROM' <Latency = 1> <II = 1> <Delay = 2.15> <Storage> <Opcode : 'load'> <Ports = 0> <Width = 6> <Depth = 42> <ROM>
ST_3 : Operation 139 [1/1] (2.11ns)   --->   "%add_ln187_27 = add i9 %zext_ln187, i9 28" [audrey_4_hls/mfcc.cpp:187->audrey_4_hls/mfcc.cpp:64]   --->   Operation 139 'add' 'add_ln187_27' <Predicate = true> <Delay = 2.11> <CoreInst = "Adder">   --->   Core 1 'Adder' <Latency = 0> <II = 1> <Delay = 2.11> <FuncUnit> <Opcode : 'add' 'sub'> <InPorts = 2> <OutPorts = 1>
ST_3 : Operation 140 [1/1] (0.00ns)   --->   "%zext_ln187_56 = zext i9 %add_ln187_27" [audrey_4_hls/mfcc.cpp:187->audrey_4_hls/mfcc.cpp:64]   --->   Operation 140 'zext' 'zext_ln187_56' <Predicate = true> <Delay = 0.00>
ST_3 : Operation 141 [1/1] (0.00ns)   --->   "%abs_spectrogram_addr_28 = getelementptr i16 %abs_spectrogram, i64 0, i64 %zext_ln187_56" [audrey_4_hls/mfcc.cpp:187->audrey_4_hls/mfcc.cpp:64]   --->   Operation 141 'getelementptr' 'abs_spectrogram_addr_28' <Predicate = true> <Delay = 0.00>
ST_3 : Operation 142 [2/2] (3.25ns)   --->   "%abs_spectrogram_load_28 = load i9 %abs_spectrogram_addr_28" [audrey_4_hls/mfcc.cpp:187->audrey_4_hls/mfcc.cpp:64]   --->   Operation 142 'load' 'abs_spectrogram_load_28' <Predicate = true> <Delay = 3.25> <CoreInst = "RAM_1WnR">   --->   Core 83 'RAM_1WnR' <Latency = 1> <II = 1> <Delay = 3.25> <Storage> <Opcode : 'load' 'store'> <Ports = 17> <Width = 16> <Depth = 257> <RAM>
ST_3 : Operation 143 [1/1] (0.00ns)   --->   "%mel_filterbank_28_addr = getelementptr i6 %mel_filterbank_28, i64 0, i64 %m_cast" [audrey_4_hls/mfcc.cpp:187->audrey_4_hls/mfcc.cpp:64]   --->   Operation 143 'getelementptr' 'mel_filterbank_28_addr' <Predicate = true> <Delay = 0.00>
ST_3 : Operation 144 [2/2] (2.15ns)   --->   "%mel_filterbank_28_load = load i6 %mel_filterbank_28_addr" [audrey_4_hls/mfcc.cpp:187->audrey_4_hls/mfcc.cpp:64]   --->   Operation 144 'load' 'mel_filterbank_28_load' <Predicate = true> <Delay = 2.15> <CoreInst = "ROM">   --->   Core 95 'ROM' <Latency = 1> <II = 1> <Delay = 2.15> <Storage> <Opcode : 'load'> <Ports = 0> <Width = 6> <Depth = 42> <ROM>
ST_3 : Operation 145 [1/1] (2.11ns)   --->   "%add_ln187_28 = add i9 %zext_ln187, i9 29" [audrey_4_hls/mfcc.cpp:187->audrey_4_hls/mfcc.cpp:64]   --->   Operation 145 'add' 'add_ln187_28' <Predicate = true> <Delay = 2.11> <CoreInst = "Adder">   --->   Core 1 'Adder' <Latency = 0> <II = 1> <Delay = 2.11> <FuncUnit> <Opcode : 'add' 'sub'> <InPorts = 2> <OutPorts = 1>
ST_3 : Operation 146 [1/1] (0.00ns)   --->   "%zext_ln187_58 = zext i9 %add_ln187_28" [audrey_4_hls/mfcc.cpp:187->audrey_4_hls/mfcc.cpp:64]   --->   Operation 146 'zext' 'zext_ln187_58' <Predicate = true> <Delay = 0.00>
ST_3 : Operation 147 [1/1] (0.00ns)   --->   "%abs_spectrogram_addr_29 = getelementptr i16 %abs_spectrogram, i64 0, i64 %zext_ln187_58" [audrey_4_hls/mfcc.cpp:187->audrey_4_hls/mfcc.cpp:64]   --->   Operation 147 'getelementptr' 'abs_spectrogram_addr_29' <Predicate = true> <Delay = 0.00>
ST_3 : Operation 148 [2/2] (3.25ns)   --->   "%abs_spectrogram_load_29 = load i9 %abs_spectrogram_addr_29" [audrey_4_hls/mfcc.cpp:187->audrey_4_hls/mfcc.cpp:64]   --->   Operation 148 'load' 'abs_spectrogram_load_29' <Predicate = true> <Delay = 3.25> <CoreInst = "RAM_1WnR">   --->   Core 83 'RAM_1WnR' <Latency = 1> <II = 1> <Delay = 3.25> <Storage> <Opcode : 'load' 'store'> <Ports = 17> <Width = 16> <Depth = 257> <RAM>
ST_3 : Operation 149 [1/1] (0.00ns)   --->   "%mel_filterbank_29_addr = getelementptr i5 %mel_filterbank_29, i64 0, i64 %m_cast" [audrey_4_hls/mfcc.cpp:187->audrey_4_hls/mfcc.cpp:64]   --->   Operation 149 'getelementptr' 'mel_filterbank_29_addr' <Predicate = true> <Delay = 0.00>
ST_3 : Operation 150 [2/2] (2.15ns)   --->   "%mel_filterbank_29_load = load i6 %mel_filterbank_29_addr" [audrey_4_hls/mfcc.cpp:187->audrey_4_hls/mfcc.cpp:64]   --->   Operation 150 'load' 'mel_filterbank_29_load' <Predicate = true> <Delay = 2.15> <CoreInst = "ROM">   --->   Core 95 'ROM' <Latency = 1> <II = 1> <Delay = 2.15> <Storage> <Opcode : 'load'> <Ports = 0> <Width = 5> <Depth = 42> <ROM>

State 4 <SV = 3> <Delay = 5.57>
ST_4 : Operation 151 [1/1] (0.00ns)   --->   "%sext_ln187 = sext i16 %abs_spectrogram_load" [audrey_4_hls/mfcc.cpp:187->audrey_4_hls/mfcc.cpp:64]   --->   Operation 151 'sext' 'sext_ln187' <Predicate = true> <Delay = 0.00>
ST_4 : Operation 152 [1/1] (0.00ns)   --->   "%zext_ln187_1 = zext i8 %mel_filterbank_0_load" [audrey_4_hls/mfcc.cpp:187->audrey_4_hls/mfcc.cpp:64]   --->   Operation 152 'zext' 'zext_ln187_1' <Predicate = true> <Delay = 0.00>
ST_4 : Operation 153 [1/1] (5.57ns)   --->   "%mul_ln187 = mul i24 %zext_ln187_1, i24 %sext_ln187" [audrey_4_hls/mfcc.cpp:187->audrey_4_hls/mfcc.cpp:64]   --->   Operation 153 'mul' 'mul_ln187' <Predicate = true> <Delay = 5.57> <CoreInst = "Multiplier">   --->   Core 3 'Multiplier' <Latency = 0> <II = 1> <Delay = 5.57> <FuncUnit> <Opcode : 'mul'> <InPorts = 2> <OutPorts = 1>
ST_4 : Operation 154 [1/1] (0.00ns)   --->   "%trunc_ln1 = partselect i16 @_ssdm_op_PartSelect.i16.i24.i32.i32, i24 %mul_ln187, i32 8, i32 23" [audrey_4_hls/mfcc.cpp:187->audrey_4_hls/mfcc.cpp:64]   --->   Operation 154 'partselect' 'trunc_ln1' <Predicate = true> <Delay = 0.00>
ST_4 : Operation 155 [1/1] (2.11ns)   --->   "%add_ln187 = add i9 %zext_ln187, i9 1" [audrey_4_hls/mfcc.cpp:187->audrey_4_hls/mfcc.cpp:64]   --->   Operation 155 'add' 'add_ln187' <Predicate = true> <Delay = 2.11> <CoreInst = "Adder">   --->   Core 1 'Adder' <Latency = 0> <II = 1> <Delay = 2.11> <FuncUnit> <Opcode : 'add' 'sub'> <InPorts = 2> <OutPorts = 1>
ST_4 : Operation 156 [1/1] (0.00ns)   --->   "%zext_ln187_2 = zext i9 %add_ln187" [audrey_4_hls/mfcc.cpp:187->audrey_4_hls/mfcc.cpp:64]   --->   Operation 156 'zext' 'zext_ln187_2' <Predicate = true> <Delay = 0.00>
ST_4 : Operation 157 [1/1] (0.00ns)   --->   "%abs_spectrogram_addr_1 = getelementptr i16 %abs_spectrogram, i64 0, i64 %zext_ln187_2" [audrey_4_hls/mfcc.cpp:187->audrey_4_hls/mfcc.cpp:64]   --->   Operation 157 'getelementptr' 'abs_spectrogram_addr_1' <Predicate = true> <Delay = 0.00>
ST_4 : Operation 158 [2/2] (3.25ns)   --->   "%abs_spectrogram_load_1 = load i9 %abs_spectrogram_addr_1" [audrey_4_hls/mfcc.cpp:187->audrey_4_hls/mfcc.cpp:64]   --->   Operation 158 'load' 'abs_spectrogram_load_1' <Predicate = true> <Delay = 3.25> <CoreInst = "RAM_1WnR">   --->   Core 83 'RAM_1WnR' <Latency = 1> <II = 1> <Delay = 3.25> <Storage> <Opcode : 'load' 'store'> <Ports = 17> <Width = 16> <Depth = 257> <RAM>
ST_4 : Operation 159 [1/2] (2.15ns)   --->   "%mel_filterbank_1_load = load i6 %mel_filterbank_1_addr" [audrey_4_hls/mfcc.cpp:187->audrey_4_hls/mfcc.cpp:64]   --->   Operation 159 'load' 'mel_filterbank_1_load' <Predicate = true> <Delay = 2.15> <CoreInst = "ROM">   --->   Core 95 'ROM' <Latency = 1> <II = 1> <Delay = 2.15> <Storage> <Opcode : 'load'> <Ports = 0> <Width = 8> <Depth = 42> <ROM>
ST_4 : Operation 160 [1/1] (2.11ns)   --->   "%add_ln187_1 = add i9 %zext_ln187, i9 2" [audrey_4_hls/mfcc.cpp:187->audrey_4_hls/mfcc.cpp:64]   --->   Operation 160 'add' 'add_ln187_1' <Predicate = true> <Delay = 2.11> <CoreInst = "Adder">   --->   Core 1 'Adder' <Latency = 0> <II = 1> <Delay = 2.11> <FuncUnit> <Opcode : 'add' 'sub'> <InPorts = 2> <OutPorts = 1>
ST_4 : Operation 161 [1/1] (0.00ns)   --->   "%zext_ln187_4 = zext i9 %add_ln187_1" [audrey_4_hls/mfcc.cpp:187->audrey_4_hls/mfcc.cpp:64]   --->   Operation 161 'zext' 'zext_ln187_4' <Predicate = true> <Delay = 0.00>
ST_4 : Operation 162 [1/1] (0.00ns)   --->   "%abs_spectrogram_addr_2 = getelementptr i16 %abs_spectrogram, i64 0, i64 %zext_ln187_4" [audrey_4_hls/mfcc.cpp:187->audrey_4_hls/mfcc.cpp:64]   --->   Operation 162 'getelementptr' 'abs_spectrogram_addr_2' <Predicate = true> <Delay = 0.00>
ST_4 : Operation 163 [2/2] (3.25ns)   --->   "%abs_spectrogram_load_2 = load i9 %abs_spectrogram_addr_2" [audrey_4_hls/mfcc.cpp:187->audrey_4_hls/mfcc.cpp:64]   --->   Operation 163 'load' 'abs_spectrogram_load_2' <Predicate = true> <Delay = 3.25> <CoreInst = "RAM_1WnR">   --->   Core 83 'RAM_1WnR' <Latency = 1> <II = 1> <Delay = 3.25> <Storage> <Opcode : 'load' 'store'> <Ports = 17> <Width = 16> <Depth = 257> <RAM>
ST_4 : Operation 164 [1/2] (2.15ns)   --->   "%mel_filterbank_2_load = load i6 %mel_filterbank_2_addr" [audrey_4_hls/mfcc.cpp:187->audrey_4_hls/mfcc.cpp:64]   --->   Operation 164 'load' 'mel_filterbank_2_load' <Predicate = true> <Delay = 2.15> <CoreInst = "ROM">   --->   Core 95 'ROM' <Latency = 1> <II = 1> <Delay = 2.15> <Storage> <Opcode : 'load'> <Ports = 0> <Width = 8> <Depth = 42> <ROM>
ST_4 : Operation 165 [1/2] (3.25ns)   --->   "%abs_spectrogram_load_3 = load i9 %abs_spectrogram_addr_3" [audrey_4_hls/mfcc.cpp:187->audrey_4_hls/mfcc.cpp:64]   --->   Operation 165 'load' 'abs_spectrogram_load_3' <Predicate = true> <Delay = 3.25> <CoreInst = "RAM_1WnR">   --->   Core 83 'RAM_1WnR' <Latency = 1> <II = 1> <Delay = 3.25> <Storage> <Opcode : 'load' 'store'> <Ports = 17> <Width = 16> <Depth = 257> <RAM>
ST_4 : Operation 166 [1/2] (2.15ns)   --->   "%mel_filterbank_3_load = load i6 %mel_filterbank_3_addr" [audrey_4_hls/mfcc.cpp:187->audrey_4_hls/mfcc.cpp:64]   --->   Operation 166 'load' 'mel_filterbank_3_load' <Predicate = true> <Delay = 2.15> <CoreInst = "ROM">   --->   Core 95 'ROM' <Latency = 1> <II = 1> <Delay = 2.15> <Storage> <Opcode : 'load'> <Ports = 0> <Width = 8> <Depth = 42> <ROM>
ST_4 : Operation 167 [1/2] (3.25ns)   --->   "%abs_spectrogram_load_4 = load i9 %abs_spectrogram_addr_4" [audrey_4_hls/mfcc.cpp:187->audrey_4_hls/mfcc.cpp:64]   --->   Operation 167 'load' 'abs_spectrogram_load_4' <Predicate = true> <Delay = 3.25> <CoreInst = "RAM_1WnR">   --->   Core 83 'RAM_1WnR' <Latency = 1> <II = 1> <Delay = 3.25> <Storage> <Opcode : 'load' 'store'> <Ports = 17> <Width = 16> <Depth = 257> <RAM>
ST_4 : Operation 168 [1/2] (2.15ns)   --->   "%mel_filterbank_4_load = load i6 %mel_filterbank_4_addr" [audrey_4_hls/mfcc.cpp:187->audrey_4_hls/mfcc.cpp:64]   --->   Operation 168 'load' 'mel_filterbank_4_load' <Predicate = true> <Delay = 2.15> <CoreInst = "ROM">   --->   Core 95 'ROM' <Latency = 1> <II = 1> <Delay = 2.15> <Storage> <Opcode : 'load'> <Ports = 0> <Width = 8> <Depth = 42> <ROM>
ST_4 : Operation 169 [1/2] (3.25ns)   --->   "%abs_spectrogram_load_5 = load i9 %abs_spectrogram_addr_5" [audrey_4_hls/mfcc.cpp:187->audrey_4_hls/mfcc.cpp:64]   --->   Operation 169 'load' 'abs_spectrogram_load_5' <Predicate = true> <Delay = 3.25> <CoreInst = "RAM_1WnR">   --->   Core 83 'RAM_1WnR' <Latency = 1> <II = 1> <Delay = 3.25> <Storage> <Opcode : 'load' 'store'> <Ports = 17> <Width = 16> <Depth = 257> <RAM>
ST_4 : Operation 170 [1/2] (2.15ns)   --->   "%mel_filterbank_5_load = load i6 %mel_filterbank_5_addr" [audrey_4_hls/mfcc.cpp:187->audrey_4_hls/mfcc.cpp:64]   --->   Operation 170 'load' 'mel_filterbank_5_load' <Predicate = true> <Delay = 2.15> <CoreInst = "ROM">   --->   Core 95 'ROM' <Latency = 1> <II = 1> <Delay = 2.15> <Storage> <Opcode : 'load'> <Ports = 0> <Width = 8> <Depth = 42> <ROM>
ST_4 : Operation 171 [1/2] (3.25ns)   --->   "%abs_spectrogram_load_6 = load i9 %abs_spectrogram_addr_6" [audrey_4_hls/mfcc.cpp:187->audrey_4_hls/mfcc.cpp:64]   --->   Operation 171 'load' 'abs_spectrogram_load_6' <Predicate = true> <Delay = 3.25> <CoreInst = "RAM_1WnR">   --->   Core 83 'RAM_1WnR' <Latency = 1> <II = 1> <Delay = 3.25> <Storage> <Opcode : 'load' 'store'> <Ports = 17> <Width = 16> <Depth = 257> <RAM>
ST_4 : Operation 172 [1/2] (2.15ns)   --->   "%mel_filterbank_6_load = load i6 %mel_filterbank_6_addr" [audrey_4_hls/mfcc.cpp:187->audrey_4_hls/mfcc.cpp:64]   --->   Operation 172 'load' 'mel_filterbank_6_load' <Predicate = true> <Delay = 2.15> <CoreInst = "ROM">   --->   Core 95 'ROM' <Latency = 1> <II = 1> <Delay = 2.15> <Storage> <Opcode : 'load'> <Ports = 0> <Width = 8> <Depth = 42> <ROM>
ST_4 : Operation 173 [1/1] (2.11ns)   --->   "%add_ln187_6 = add i9 %zext_ln187, i9 7" [audrey_4_hls/mfcc.cpp:187->audrey_4_hls/mfcc.cpp:64]   --->   Operation 173 'add' 'add_ln187_6' <Predicate = true> <Delay = 2.11> <CoreInst = "Adder">   --->   Core 1 'Adder' <Latency = 0> <II = 1> <Delay = 2.11> <FuncUnit> <Opcode : 'add' 'sub'> <InPorts = 2> <OutPorts = 1>
ST_4 : Operation 174 [1/1] (0.00ns)   --->   "%zext_ln187_14 = zext i9 %add_ln187_6" [audrey_4_hls/mfcc.cpp:187->audrey_4_hls/mfcc.cpp:64]   --->   Operation 174 'zext' 'zext_ln187_14' <Predicate = true> <Delay = 0.00>
ST_4 : Operation 175 [1/1] (0.00ns)   --->   "%abs_spectrogram_addr_7 = getelementptr i16 %abs_spectrogram, i64 0, i64 %zext_ln187_14" [audrey_4_hls/mfcc.cpp:187->audrey_4_hls/mfcc.cpp:64]   --->   Operation 175 'getelementptr' 'abs_spectrogram_addr_7' <Predicate = true> <Delay = 0.00>
ST_4 : Operation 176 [2/2] (3.25ns)   --->   "%abs_spectrogram_load_7 = load i9 %abs_spectrogram_addr_7" [audrey_4_hls/mfcc.cpp:187->audrey_4_hls/mfcc.cpp:64]   --->   Operation 176 'load' 'abs_spectrogram_load_7' <Predicate = true> <Delay = 3.25> <CoreInst = "RAM_1WnR">   --->   Core 83 'RAM_1WnR' <Latency = 1> <II = 1> <Delay = 3.25> <Storage> <Opcode : 'load' 'store'> <Ports = 17> <Width = 16> <Depth = 257> <RAM>
ST_4 : Operation 177 [1/2] (2.15ns)   --->   "%mel_filterbank_7_load = load i6 %mel_filterbank_7_addr" [audrey_4_hls/mfcc.cpp:187->audrey_4_hls/mfcc.cpp:64]   --->   Operation 177 'load' 'mel_filterbank_7_load' <Predicate = true> <Delay = 2.15> <CoreInst = "ROM">   --->   Core 95 'ROM' <Latency = 1> <II = 1> <Delay = 2.15> <Storage> <Opcode : 'load'> <Ports = 0> <Width = 8> <Depth = 42> <ROM>
ST_4 : Operation 178 [1/1] (2.11ns)   --->   "%add_ln187_7 = add i9 %zext_ln187, i9 8" [audrey_4_hls/mfcc.cpp:187->audrey_4_hls/mfcc.cpp:64]   --->   Operation 178 'add' 'add_ln187_7' <Predicate = true> <Delay = 2.11> <CoreInst = "Adder">   --->   Core 1 'Adder' <Latency = 0> <II = 1> <Delay = 2.11> <FuncUnit> <Opcode : 'add' 'sub'> <InPorts = 2> <OutPorts = 1>
ST_4 : Operation 179 [1/1] (0.00ns)   --->   "%zext_ln187_16 = zext i9 %add_ln187_7" [audrey_4_hls/mfcc.cpp:187->audrey_4_hls/mfcc.cpp:64]   --->   Operation 179 'zext' 'zext_ln187_16' <Predicate = true> <Delay = 0.00>
ST_4 : Operation 180 [1/1] (0.00ns)   --->   "%abs_spectrogram_addr_8 = getelementptr i16 %abs_spectrogram, i64 0, i64 %zext_ln187_16" [audrey_4_hls/mfcc.cpp:187->audrey_4_hls/mfcc.cpp:64]   --->   Operation 180 'getelementptr' 'abs_spectrogram_addr_8' <Predicate = true> <Delay = 0.00>
ST_4 : Operation 181 [2/2] (3.25ns)   --->   "%abs_spectrogram_load_8 = load i9 %abs_spectrogram_addr_8" [audrey_4_hls/mfcc.cpp:187->audrey_4_hls/mfcc.cpp:64]   --->   Operation 181 'load' 'abs_spectrogram_load_8' <Predicate = true> <Delay = 3.25> <CoreInst = "RAM_1WnR">   --->   Core 83 'RAM_1WnR' <Latency = 1> <II = 1> <Delay = 3.25> <Storage> <Opcode : 'load' 'store'> <Ports = 17> <Width = 16> <Depth = 257> <RAM>
ST_4 : Operation 182 [1/2] (2.15ns)   --->   "%mel_filterbank_8_load = load i6 %mel_filterbank_8_addr" [audrey_4_hls/mfcc.cpp:187->audrey_4_hls/mfcc.cpp:64]   --->   Operation 182 'load' 'mel_filterbank_8_load' <Predicate = true> <Delay = 2.15> <CoreInst = "ROM">   --->   Core 95 'ROM' <Latency = 1> <II = 1> <Delay = 2.15> <Storage> <Opcode : 'load'> <Ports = 0> <Width = 8> <Depth = 42> <ROM>
ST_4 : Operation 183 [1/1] (2.11ns)   --->   "%add_ln187_8 = add i9 %zext_ln187, i9 9" [audrey_4_hls/mfcc.cpp:187->audrey_4_hls/mfcc.cpp:64]   --->   Operation 183 'add' 'add_ln187_8' <Predicate = true> <Delay = 2.11> <CoreInst = "Adder">   --->   Core 1 'Adder' <Latency = 0> <II = 1> <Delay = 2.11> <FuncUnit> <Opcode : 'add' 'sub'> <InPorts = 2> <OutPorts = 1>
ST_4 : Operation 184 [1/1] (0.00ns)   --->   "%zext_ln187_18 = zext i9 %add_ln187_8" [audrey_4_hls/mfcc.cpp:187->audrey_4_hls/mfcc.cpp:64]   --->   Operation 184 'zext' 'zext_ln187_18' <Predicate = true> <Delay = 0.00>
ST_4 : Operation 185 [1/1] (0.00ns)   --->   "%abs_spectrogram_addr_9 = getelementptr i16 %abs_spectrogram, i64 0, i64 %zext_ln187_18" [audrey_4_hls/mfcc.cpp:187->audrey_4_hls/mfcc.cpp:64]   --->   Operation 185 'getelementptr' 'abs_spectrogram_addr_9' <Predicate = true> <Delay = 0.00>
ST_4 : Operation 186 [2/2] (3.25ns)   --->   "%abs_spectrogram_load_9 = load i9 %abs_spectrogram_addr_9" [audrey_4_hls/mfcc.cpp:187->audrey_4_hls/mfcc.cpp:64]   --->   Operation 186 'load' 'abs_spectrogram_load_9' <Predicate = true> <Delay = 3.25> <CoreInst = "RAM_1WnR">   --->   Core 83 'RAM_1WnR' <Latency = 1> <II = 1> <Delay = 3.25> <Storage> <Opcode : 'load' 'store'> <Ports = 17> <Width = 16> <Depth = 257> <RAM>
ST_4 : Operation 187 [1/2] (2.15ns)   --->   "%mel_filterbank_9_load = load i6 %mel_filterbank_9_addr" [audrey_4_hls/mfcc.cpp:187->audrey_4_hls/mfcc.cpp:64]   --->   Operation 187 'load' 'mel_filterbank_9_load' <Predicate = true> <Delay = 2.15> <CoreInst = "ROM">   --->   Core 95 'ROM' <Latency = 1> <II = 1> <Delay = 2.15> <Storage> <Opcode : 'load'> <Ports = 0> <Width = 8> <Depth = 42> <ROM>
ST_4 : Operation 188 [1/1] (2.11ns)   --->   "%add_ln187_9 = add i9 %zext_ln187, i9 10" [audrey_4_hls/mfcc.cpp:187->audrey_4_hls/mfcc.cpp:64]   --->   Operation 188 'add' 'add_ln187_9' <Predicate = true> <Delay = 2.11> <CoreInst = "Adder">   --->   Core 1 'Adder' <Latency = 0> <II = 1> <Delay = 2.11> <FuncUnit> <Opcode : 'add' 'sub'> <InPorts = 2> <OutPorts = 1>
ST_4 : Operation 189 [1/1] (0.00ns)   --->   "%zext_ln187_20 = zext i9 %add_ln187_9" [audrey_4_hls/mfcc.cpp:187->audrey_4_hls/mfcc.cpp:64]   --->   Operation 189 'zext' 'zext_ln187_20' <Predicate = true> <Delay = 0.00>
ST_4 : Operation 190 [1/1] (0.00ns)   --->   "%abs_spectrogram_addr_10 = getelementptr i16 %abs_spectrogram, i64 0, i64 %zext_ln187_20" [audrey_4_hls/mfcc.cpp:187->audrey_4_hls/mfcc.cpp:64]   --->   Operation 190 'getelementptr' 'abs_spectrogram_addr_10' <Predicate = true> <Delay = 0.00>
ST_4 : Operation 191 [2/2] (3.25ns)   --->   "%abs_spectrogram_load_10 = load i9 %abs_spectrogram_addr_10" [audrey_4_hls/mfcc.cpp:187->audrey_4_hls/mfcc.cpp:64]   --->   Operation 191 'load' 'abs_spectrogram_load_10' <Predicate = true> <Delay = 3.25> <CoreInst = "RAM_1WnR">   --->   Core 83 'RAM_1WnR' <Latency = 1> <II = 1> <Delay = 3.25> <Storage> <Opcode : 'load' 'store'> <Ports = 17> <Width = 16> <Depth = 257> <RAM>
ST_4 : Operation 192 [1/2] (2.15ns)   --->   "%mel_filterbank_10_load = load i6 %mel_filterbank_10_addr" [audrey_4_hls/mfcc.cpp:187->audrey_4_hls/mfcc.cpp:64]   --->   Operation 192 'load' 'mel_filterbank_10_load' <Predicate = true> <Delay = 2.15> <CoreInst = "ROM">   --->   Core 95 'ROM' <Latency = 1> <II = 1> <Delay = 2.15> <Storage> <Opcode : 'load'> <Ports = 0> <Width = 8> <Depth = 42> <ROM>
ST_4 : Operation 193 [1/2] (3.25ns)   --->   "%abs_spectrogram_load_11 = load i9 %abs_spectrogram_addr_11" [audrey_4_hls/mfcc.cpp:187->audrey_4_hls/mfcc.cpp:64]   --->   Operation 193 'load' 'abs_spectrogram_load_11' <Predicate = true> <Delay = 3.25> <CoreInst = "RAM_1WnR">   --->   Core 83 'RAM_1WnR' <Latency = 1> <II = 1> <Delay = 3.25> <Storage> <Opcode : 'load' 'store'> <Ports = 17> <Width = 16> <Depth = 257> <RAM>
ST_4 : Operation 194 [1/2] (2.15ns)   --->   "%mel_filterbank_11_load = load i6 %mel_filterbank_11_addr" [audrey_4_hls/mfcc.cpp:187->audrey_4_hls/mfcc.cpp:64]   --->   Operation 194 'load' 'mel_filterbank_11_load' <Predicate = true> <Delay = 2.15> <CoreInst = "ROM">   --->   Core 95 'ROM' <Latency = 1> <II = 1> <Delay = 2.15> <Storage> <Opcode : 'load'> <Ports = 0> <Width = 8> <Depth = 42> <ROM>
ST_4 : Operation 195 [1/2] (3.25ns)   --->   "%abs_spectrogram_load_12 = load i9 %abs_spectrogram_addr_12" [audrey_4_hls/mfcc.cpp:187->audrey_4_hls/mfcc.cpp:64]   --->   Operation 195 'load' 'abs_spectrogram_load_12' <Predicate = true> <Delay = 3.25> <CoreInst = "RAM_1WnR">   --->   Core 83 'RAM_1WnR' <Latency = 1> <II = 1> <Delay = 3.25> <Storage> <Opcode : 'load' 'store'> <Ports = 17> <Width = 16> <Depth = 257> <RAM>
ST_4 : Operation 196 [1/2] (2.15ns)   --->   "%mel_filterbank_12_load = load i6 %mel_filterbank_12_addr" [audrey_4_hls/mfcc.cpp:187->audrey_4_hls/mfcc.cpp:64]   --->   Operation 196 'load' 'mel_filterbank_12_load' <Predicate = true> <Delay = 2.15> <CoreInst = "ROM">   --->   Core 95 'ROM' <Latency = 1> <II = 1> <Delay = 2.15> <Storage> <Opcode : 'load'> <Ports = 0> <Width = 8> <Depth = 42> <ROM>
ST_4 : Operation 197 [1/2] (3.25ns)   --->   "%abs_spectrogram_load_13 = load i9 %abs_spectrogram_addr_13" [audrey_4_hls/mfcc.cpp:187->audrey_4_hls/mfcc.cpp:64]   --->   Operation 197 'load' 'abs_spectrogram_load_13' <Predicate = true> <Delay = 3.25> <CoreInst = "RAM_1WnR">   --->   Core 83 'RAM_1WnR' <Latency = 1> <II = 1> <Delay = 3.25> <Storage> <Opcode : 'load' 'store'> <Ports = 17> <Width = 16> <Depth = 257> <RAM>
ST_4 : Operation 198 [1/2] (2.15ns)   --->   "%mel_filterbank_13_load = load i6 %mel_filterbank_13_addr" [audrey_4_hls/mfcc.cpp:187->audrey_4_hls/mfcc.cpp:64]   --->   Operation 198 'load' 'mel_filterbank_13_load' <Predicate = true> <Delay = 2.15> <CoreInst = "ROM">   --->   Core 95 'ROM' <Latency = 1> <II = 1> <Delay = 2.15> <Storage> <Opcode : 'load'> <Ports = 0> <Width = 8> <Depth = 42> <ROM>
ST_4 : Operation 199 [1/2] (3.25ns)   --->   "%abs_spectrogram_load_14 = load i9 %abs_spectrogram_addr_14" [audrey_4_hls/mfcc.cpp:187->audrey_4_hls/mfcc.cpp:64]   --->   Operation 199 'load' 'abs_spectrogram_load_14' <Predicate = true> <Delay = 3.25> <CoreInst = "RAM_1WnR">   --->   Core 83 'RAM_1WnR' <Latency = 1> <II = 1> <Delay = 3.25> <Storage> <Opcode : 'load' 'store'> <Ports = 17> <Width = 16> <Depth = 257> <RAM>
ST_4 : Operation 200 [1/2] (2.15ns)   --->   "%mel_filterbank_14_load = load i6 %mel_filterbank_14_addr" [audrey_4_hls/mfcc.cpp:187->audrey_4_hls/mfcc.cpp:64]   --->   Operation 200 'load' 'mel_filterbank_14_load' <Predicate = true> <Delay = 2.15> <CoreInst = "ROM">   --->   Core 95 'ROM' <Latency = 1> <II = 1> <Delay = 2.15> <Storage> <Opcode : 'load'> <Ports = 0> <Width = 8> <Depth = 42> <ROM>
ST_4 : Operation 201 [1/2] (3.25ns)   --->   "%abs_spectrogram_load_15 = load i9 %abs_spectrogram_addr_15" [audrey_4_hls/mfcc.cpp:187->audrey_4_hls/mfcc.cpp:64]   --->   Operation 201 'load' 'abs_spectrogram_load_15' <Predicate = true> <Delay = 3.25> <CoreInst = "RAM_1WnR">   --->   Core 83 'RAM_1WnR' <Latency = 1> <II = 1> <Delay = 3.25> <Storage> <Opcode : 'load' 'store'> <Ports = 17> <Width = 16> <Depth = 257> <RAM>
ST_4 : Operation 202 [1/2] (2.15ns)   --->   "%mel_filterbank_15_load = load i6 %mel_filterbank_15_addr" [audrey_4_hls/mfcc.cpp:187->audrey_4_hls/mfcc.cpp:64]   --->   Operation 202 'load' 'mel_filterbank_15_load' <Predicate = true> <Delay = 2.15> <CoreInst = "ROM">   --->   Core 95 'ROM' <Latency = 1> <II = 1> <Delay = 2.15> <Storage> <Opcode : 'load'> <Ports = 0> <Width = 8> <Depth = 42> <ROM>
ST_4 : Operation 203 [1/2] (3.25ns)   --->   "%abs_spectrogram_load_16 = load i9 %abs_spectrogram_addr_16" [audrey_4_hls/mfcc.cpp:187->audrey_4_hls/mfcc.cpp:64]   --->   Operation 203 'load' 'abs_spectrogram_load_16' <Predicate = true> <Delay = 3.25> <CoreInst = "RAM_1WnR">   --->   Core 83 'RAM_1WnR' <Latency = 1> <II = 1> <Delay = 3.25> <Storage> <Opcode : 'load' 'store'> <Ports = 17> <Width = 16> <Depth = 257> <RAM>
ST_4 : Operation 204 [1/2] (2.15ns)   --->   "%mel_filterbank_16_load = load i6 %mel_filterbank_16_addr" [audrey_4_hls/mfcc.cpp:187->audrey_4_hls/mfcc.cpp:64]   --->   Operation 204 'load' 'mel_filterbank_16_load' <Predicate = true> <Delay = 2.15> <CoreInst = "ROM">   --->   Core 95 'ROM' <Latency = 1> <II = 1> <Delay = 2.15> <Storage> <Opcode : 'load'> <Ports = 0> <Width = 8> <Depth = 42> <ROM>
ST_4 : Operation 205 [1/2] (3.25ns)   --->   "%abs_spectrogram_load_17 = load i9 %abs_spectrogram_addr_17" [audrey_4_hls/mfcc.cpp:187->audrey_4_hls/mfcc.cpp:64]   --->   Operation 205 'load' 'abs_spectrogram_load_17' <Predicate = true> <Delay = 3.25> <CoreInst = "RAM_1WnR">   --->   Core 83 'RAM_1WnR' <Latency = 1> <II = 1> <Delay = 3.25> <Storage> <Opcode : 'load' 'store'> <Ports = 17> <Width = 16> <Depth = 257> <RAM>
ST_4 : Operation 206 [1/2] (2.15ns)   --->   "%mel_filterbank_17_load = load i6 %mel_filterbank_17_addr" [audrey_4_hls/mfcc.cpp:187->audrey_4_hls/mfcc.cpp:64]   --->   Operation 206 'load' 'mel_filterbank_17_load' <Predicate = true> <Delay = 2.15> <CoreInst = "ROM">   --->   Core 95 'ROM' <Latency = 1> <II = 1> <Delay = 2.15> <Storage> <Opcode : 'load'> <Ports = 0> <Width = 8> <Depth = 42> <ROM>
ST_4 : Operation 207 [1/1] (2.11ns)   --->   "%add_ln187_17 = add i9 %zext_ln187, i9 18" [audrey_4_hls/mfcc.cpp:187->audrey_4_hls/mfcc.cpp:64]   --->   Operation 207 'add' 'add_ln187_17' <Predicate = true> <Delay = 2.11> <CoreInst = "Adder">   --->   Core 1 'Adder' <Latency = 0> <II = 1> <Delay = 2.11> <FuncUnit> <Opcode : 'add' 'sub'> <InPorts = 2> <OutPorts = 1>
ST_4 : Operation 208 [1/1] (0.00ns)   --->   "%zext_ln187_36 = zext i9 %add_ln187_17" [audrey_4_hls/mfcc.cpp:187->audrey_4_hls/mfcc.cpp:64]   --->   Operation 208 'zext' 'zext_ln187_36' <Predicate = true> <Delay = 0.00>
ST_4 : Operation 209 [1/1] (0.00ns)   --->   "%abs_spectrogram_addr_18 = getelementptr i16 %abs_spectrogram, i64 0, i64 %zext_ln187_36" [audrey_4_hls/mfcc.cpp:187->audrey_4_hls/mfcc.cpp:64]   --->   Operation 209 'getelementptr' 'abs_spectrogram_addr_18' <Predicate = true> <Delay = 0.00>
ST_4 : Operation 210 [2/2] (3.25ns)   --->   "%abs_spectrogram_load_18 = load i9 %abs_spectrogram_addr_18" [audrey_4_hls/mfcc.cpp:187->audrey_4_hls/mfcc.cpp:64]   --->   Operation 210 'load' 'abs_spectrogram_load_18' <Predicate = true> <Delay = 3.25> <CoreInst = "RAM_1WnR">   --->   Core 83 'RAM_1WnR' <Latency = 1> <II = 1> <Delay = 3.25> <Storage> <Opcode : 'load' 'store'> <Ports = 17> <Width = 16> <Depth = 257> <RAM>
ST_4 : Operation 211 [1/2] (2.15ns)   --->   "%mel_filterbank_18_load = load i6 %mel_filterbank_18_addr" [audrey_4_hls/mfcc.cpp:187->audrey_4_hls/mfcc.cpp:64]   --->   Operation 211 'load' 'mel_filterbank_18_load' <Predicate = true> <Delay = 2.15> <CoreInst = "ROM">   --->   Core 95 'ROM' <Latency = 1> <II = 1> <Delay = 2.15> <Storage> <Opcode : 'load'> <Ports = 0> <Width = 8> <Depth = 42> <ROM>
ST_4 : Operation 212 [1/1] (2.11ns)   --->   "%add_ln187_18 = add i9 %zext_ln187, i9 19" [audrey_4_hls/mfcc.cpp:187->audrey_4_hls/mfcc.cpp:64]   --->   Operation 212 'add' 'add_ln187_18' <Predicate = true> <Delay = 2.11> <CoreInst = "Adder">   --->   Core 1 'Adder' <Latency = 0> <II = 1> <Delay = 2.11> <FuncUnit> <Opcode : 'add' 'sub'> <InPorts = 2> <OutPorts = 1>
ST_4 : Operation 213 [1/1] (0.00ns)   --->   "%zext_ln187_38 = zext i9 %add_ln187_18" [audrey_4_hls/mfcc.cpp:187->audrey_4_hls/mfcc.cpp:64]   --->   Operation 213 'zext' 'zext_ln187_38' <Predicate = true> <Delay = 0.00>
ST_4 : Operation 214 [1/1] (0.00ns)   --->   "%abs_spectrogram_addr_19 = getelementptr i16 %abs_spectrogram, i64 0, i64 %zext_ln187_38" [audrey_4_hls/mfcc.cpp:187->audrey_4_hls/mfcc.cpp:64]   --->   Operation 214 'getelementptr' 'abs_spectrogram_addr_19' <Predicate = true> <Delay = 0.00>
ST_4 : Operation 215 [2/2] (3.25ns)   --->   "%abs_spectrogram_load_19 = load i9 %abs_spectrogram_addr_19" [audrey_4_hls/mfcc.cpp:187->audrey_4_hls/mfcc.cpp:64]   --->   Operation 215 'load' 'abs_spectrogram_load_19' <Predicate = true> <Delay = 3.25> <CoreInst = "RAM_1WnR">   --->   Core 83 'RAM_1WnR' <Latency = 1> <II = 1> <Delay = 3.25> <Storage> <Opcode : 'load' 'store'> <Ports = 17> <Width = 16> <Depth = 257> <RAM>
ST_4 : Operation 216 [1/2] (2.15ns)   --->   "%mel_filterbank_19_load = load i6 %mel_filterbank_19_addr" [audrey_4_hls/mfcc.cpp:187->audrey_4_hls/mfcc.cpp:64]   --->   Operation 216 'load' 'mel_filterbank_19_load' <Predicate = true> <Delay = 2.15> <CoreInst = "ROM">   --->   Core 95 'ROM' <Latency = 1> <II = 1> <Delay = 2.15> <Storage> <Opcode : 'load'> <Ports = 0> <Width = 8> <Depth = 42> <ROM>
ST_4 : Operation 217 [1/1] (2.11ns)   --->   "%add_ln187_19 = add i9 %zext_ln187, i9 20" [audrey_4_hls/mfcc.cpp:187->audrey_4_hls/mfcc.cpp:64]   --->   Operation 217 'add' 'add_ln187_19' <Predicate = true> <Delay = 2.11> <CoreInst = "Adder">   --->   Core 1 'Adder' <Latency = 0> <II = 1> <Delay = 2.11> <FuncUnit> <Opcode : 'add' 'sub'> <InPorts = 2> <OutPorts = 1>
ST_4 : Operation 218 [1/1] (0.00ns)   --->   "%zext_ln187_40 = zext i9 %add_ln187_19" [audrey_4_hls/mfcc.cpp:187->audrey_4_hls/mfcc.cpp:64]   --->   Operation 218 'zext' 'zext_ln187_40' <Predicate = true> <Delay = 0.00>
ST_4 : Operation 219 [1/1] (0.00ns)   --->   "%abs_spectrogram_addr_20 = getelementptr i16 %abs_spectrogram, i64 0, i64 %zext_ln187_40" [audrey_4_hls/mfcc.cpp:187->audrey_4_hls/mfcc.cpp:64]   --->   Operation 219 'getelementptr' 'abs_spectrogram_addr_20' <Predicate = true> <Delay = 0.00>
ST_4 : Operation 220 [2/2] (3.25ns)   --->   "%abs_spectrogram_load_20 = load i9 %abs_spectrogram_addr_20" [audrey_4_hls/mfcc.cpp:187->audrey_4_hls/mfcc.cpp:64]   --->   Operation 220 'load' 'abs_spectrogram_load_20' <Predicate = true> <Delay = 3.25> <CoreInst = "RAM_1WnR">   --->   Core 83 'RAM_1WnR' <Latency = 1> <II = 1> <Delay = 3.25> <Storage> <Opcode : 'load' 'store'> <Ports = 17> <Width = 16> <Depth = 257> <RAM>
ST_4 : Operation 221 [1/2] (2.15ns)   --->   "%mel_filterbank_20_load = load i6 %mel_filterbank_20_addr" [audrey_4_hls/mfcc.cpp:187->audrey_4_hls/mfcc.cpp:64]   --->   Operation 221 'load' 'mel_filterbank_20_load' <Predicate = true> <Delay = 2.15> <CoreInst = "ROM">   --->   Core 95 'ROM' <Latency = 1> <II = 1> <Delay = 2.15> <Storage> <Opcode : 'load'> <Ports = 0> <Width = 8> <Depth = 42> <ROM>
ST_4 : Operation 222 [1/1] (2.11ns)   --->   "%add_ln187_20 = add i9 %zext_ln187, i9 21" [audrey_4_hls/mfcc.cpp:187->audrey_4_hls/mfcc.cpp:64]   --->   Operation 222 'add' 'add_ln187_20' <Predicate = true> <Delay = 2.11> <CoreInst = "Adder">   --->   Core 1 'Adder' <Latency = 0> <II = 1> <Delay = 2.11> <FuncUnit> <Opcode : 'add' 'sub'> <InPorts = 2> <OutPorts = 1>
ST_4 : Operation 223 [1/1] (0.00ns)   --->   "%zext_ln187_42 = zext i9 %add_ln187_20" [audrey_4_hls/mfcc.cpp:187->audrey_4_hls/mfcc.cpp:64]   --->   Operation 223 'zext' 'zext_ln187_42' <Predicate = true> <Delay = 0.00>
ST_4 : Operation 224 [1/1] (0.00ns)   --->   "%abs_spectrogram_addr_21 = getelementptr i16 %abs_spectrogram, i64 0, i64 %zext_ln187_42" [audrey_4_hls/mfcc.cpp:187->audrey_4_hls/mfcc.cpp:64]   --->   Operation 224 'getelementptr' 'abs_spectrogram_addr_21' <Predicate = true> <Delay = 0.00>
ST_4 : Operation 225 [2/2] (3.25ns)   --->   "%abs_spectrogram_load_21 = load i9 %abs_spectrogram_addr_21" [audrey_4_hls/mfcc.cpp:187->audrey_4_hls/mfcc.cpp:64]   --->   Operation 225 'load' 'abs_spectrogram_load_21' <Predicate = true> <Delay = 3.25> <CoreInst = "RAM_1WnR">   --->   Core 83 'RAM_1WnR' <Latency = 1> <II = 1> <Delay = 3.25> <Storage> <Opcode : 'load' 'store'> <Ports = 17> <Width = 16> <Depth = 257> <RAM>
ST_4 : Operation 226 [1/2] (2.15ns)   --->   "%mel_filterbank_21_load = load i6 %mel_filterbank_21_addr" [audrey_4_hls/mfcc.cpp:187->audrey_4_hls/mfcc.cpp:64]   --->   Operation 226 'load' 'mel_filterbank_21_load' <Predicate = true> <Delay = 2.15> <CoreInst = "ROM">   --->   Core 95 'ROM' <Latency = 1> <II = 1> <Delay = 2.15> <Storage> <Opcode : 'load'> <Ports = 0> <Width = 8> <Depth = 42> <ROM>
ST_4 : Operation 227 [1/1] (2.11ns)   --->   "%add_ln187_21 = add i9 %zext_ln187, i9 22" [audrey_4_hls/mfcc.cpp:187->audrey_4_hls/mfcc.cpp:64]   --->   Operation 227 'add' 'add_ln187_21' <Predicate = true> <Delay = 2.11> <CoreInst = "Adder">   --->   Core 1 'Adder' <Latency = 0> <II = 1> <Delay = 2.11> <FuncUnit> <Opcode : 'add' 'sub'> <InPorts = 2> <OutPorts = 1>
ST_4 : Operation 228 [1/1] (0.00ns)   --->   "%zext_ln187_44 = zext i9 %add_ln187_21" [audrey_4_hls/mfcc.cpp:187->audrey_4_hls/mfcc.cpp:64]   --->   Operation 228 'zext' 'zext_ln187_44' <Predicate = true> <Delay = 0.00>
ST_4 : Operation 229 [1/1] (0.00ns)   --->   "%abs_spectrogram_addr_22 = getelementptr i16 %abs_spectrogram, i64 0, i64 %zext_ln187_44" [audrey_4_hls/mfcc.cpp:187->audrey_4_hls/mfcc.cpp:64]   --->   Operation 229 'getelementptr' 'abs_spectrogram_addr_22' <Predicate = true> <Delay = 0.00>
ST_4 : Operation 230 [2/2] (3.25ns)   --->   "%abs_spectrogram_load_22 = load i9 %abs_spectrogram_addr_22" [audrey_4_hls/mfcc.cpp:187->audrey_4_hls/mfcc.cpp:64]   --->   Operation 230 'load' 'abs_spectrogram_load_22' <Predicate = true> <Delay = 3.25> <CoreInst = "RAM_1WnR">   --->   Core 83 'RAM_1WnR' <Latency = 1> <II = 1> <Delay = 3.25> <Storage> <Opcode : 'load' 'store'> <Ports = 17> <Width = 16> <Depth = 257> <RAM>
ST_4 : Operation 231 [1/2] (2.15ns)   --->   "%mel_filterbank_22_load = load i6 %mel_filterbank_22_addr" [audrey_4_hls/mfcc.cpp:187->audrey_4_hls/mfcc.cpp:64]   --->   Operation 231 'load' 'mel_filterbank_22_load' <Predicate = true> <Delay = 2.15> <CoreInst = "ROM">   --->   Core 95 'ROM' <Latency = 1> <II = 1> <Delay = 2.15> <Storage> <Opcode : 'load'> <Ports = 0> <Width = 8> <Depth = 42> <ROM>
ST_4 : Operation 232 [1/1] (2.11ns)   --->   "%add_ln187_22 = add i9 %zext_ln187, i9 23" [audrey_4_hls/mfcc.cpp:187->audrey_4_hls/mfcc.cpp:64]   --->   Operation 232 'add' 'add_ln187_22' <Predicate = true> <Delay = 2.11> <CoreInst = "Adder">   --->   Core 1 'Adder' <Latency = 0> <II = 1> <Delay = 2.11> <FuncUnit> <Opcode : 'add' 'sub'> <InPorts = 2> <OutPorts = 1>
ST_4 : Operation 233 [1/1] (0.00ns)   --->   "%zext_ln187_46 = zext i9 %add_ln187_22" [audrey_4_hls/mfcc.cpp:187->audrey_4_hls/mfcc.cpp:64]   --->   Operation 233 'zext' 'zext_ln187_46' <Predicate = true> <Delay = 0.00>
ST_4 : Operation 234 [1/1] (0.00ns)   --->   "%abs_spectrogram_addr_23 = getelementptr i16 %abs_spectrogram, i64 0, i64 %zext_ln187_46" [audrey_4_hls/mfcc.cpp:187->audrey_4_hls/mfcc.cpp:64]   --->   Operation 234 'getelementptr' 'abs_spectrogram_addr_23' <Predicate = true> <Delay = 0.00>
ST_4 : Operation 235 [2/2] (3.25ns)   --->   "%abs_spectrogram_load_23 = load i9 %abs_spectrogram_addr_23" [audrey_4_hls/mfcc.cpp:187->audrey_4_hls/mfcc.cpp:64]   --->   Operation 235 'load' 'abs_spectrogram_load_23' <Predicate = true> <Delay = 3.25> <CoreInst = "RAM_1WnR">   --->   Core 83 'RAM_1WnR' <Latency = 1> <II = 1> <Delay = 3.25> <Storage> <Opcode : 'load' 'store'> <Ports = 17> <Width = 16> <Depth = 257> <RAM>
ST_4 : Operation 236 [1/2] (2.15ns)   --->   "%mel_filterbank_23_load = load i6 %mel_filterbank_23_addr" [audrey_4_hls/mfcc.cpp:187->audrey_4_hls/mfcc.cpp:64]   --->   Operation 236 'load' 'mel_filterbank_23_load' <Predicate = true> <Delay = 2.15> <CoreInst = "ROM">   --->   Core 95 'ROM' <Latency = 1> <II = 1> <Delay = 2.15> <Storage> <Opcode : 'load'> <Ports = 0> <Width = 7> <Depth = 42> <ROM>
ST_4 : Operation 237 [1/1] (2.11ns)   --->   "%add_ln187_23 = add i9 %zext_ln187, i9 24" [audrey_4_hls/mfcc.cpp:187->audrey_4_hls/mfcc.cpp:64]   --->   Operation 237 'add' 'add_ln187_23' <Predicate = true> <Delay = 2.11> <CoreInst = "Adder">   --->   Core 1 'Adder' <Latency = 0> <II = 1> <Delay = 2.11> <FuncUnit> <Opcode : 'add' 'sub'> <InPorts = 2> <OutPorts = 1>
ST_4 : Operation 238 [1/1] (0.00ns)   --->   "%zext_ln187_48 = zext i9 %add_ln187_23" [audrey_4_hls/mfcc.cpp:187->audrey_4_hls/mfcc.cpp:64]   --->   Operation 238 'zext' 'zext_ln187_48' <Predicate = true> <Delay = 0.00>
ST_4 : Operation 239 [1/1] (0.00ns)   --->   "%abs_spectrogram_addr_24 = getelementptr i16 %abs_spectrogram, i64 0, i64 %zext_ln187_48" [audrey_4_hls/mfcc.cpp:187->audrey_4_hls/mfcc.cpp:64]   --->   Operation 239 'getelementptr' 'abs_spectrogram_addr_24' <Predicate = true> <Delay = 0.00>
ST_4 : Operation 240 [2/2] (3.25ns)   --->   "%abs_spectrogram_load_24 = load i9 %abs_spectrogram_addr_24" [audrey_4_hls/mfcc.cpp:187->audrey_4_hls/mfcc.cpp:64]   --->   Operation 240 'load' 'abs_spectrogram_load_24' <Predicate = true> <Delay = 3.25> <CoreInst = "RAM_1WnR">   --->   Core 83 'RAM_1WnR' <Latency = 1> <II = 1> <Delay = 3.25> <Storage> <Opcode : 'load' 'store'> <Ports = 17> <Width = 16> <Depth = 257> <RAM>
ST_4 : Operation 241 [1/2] (2.15ns)   --->   "%mel_filterbank_24_load = load i6 %mel_filterbank_24_addr" [audrey_4_hls/mfcc.cpp:187->audrey_4_hls/mfcc.cpp:64]   --->   Operation 241 'load' 'mel_filterbank_24_load' <Predicate = true> <Delay = 2.15> <CoreInst = "ROM">   --->   Core 95 'ROM' <Latency = 1> <II = 1> <Delay = 2.15> <Storage> <Opcode : 'load'> <Ports = 0> <Width = 7> <Depth = 42> <ROM>
ST_4 : Operation 242 [1/1] (2.11ns)   --->   "%add_ln187_24 = add i9 %zext_ln187, i9 25" [audrey_4_hls/mfcc.cpp:187->audrey_4_hls/mfcc.cpp:64]   --->   Operation 242 'add' 'add_ln187_24' <Predicate = true> <Delay = 2.11> <CoreInst = "Adder">   --->   Core 1 'Adder' <Latency = 0> <II = 1> <Delay = 2.11> <FuncUnit> <Opcode : 'add' 'sub'> <InPorts = 2> <OutPorts = 1>
ST_4 : Operation 243 [1/1] (0.00ns)   --->   "%zext_ln187_50 = zext i9 %add_ln187_24" [audrey_4_hls/mfcc.cpp:187->audrey_4_hls/mfcc.cpp:64]   --->   Operation 243 'zext' 'zext_ln187_50' <Predicate = true> <Delay = 0.00>
ST_4 : Operation 244 [1/1] (0.00ns)   --->   "%abs_spectrogram_addr_25 = getelementptr i16 %abs_spectrogram, i64 0, i64 %zext_ln187_50" [audrey_4_hls/mfcc.cpp:187->audrey_4_hls/mfcc.cpp:64]   --->   Operation 244 'getelementptr' 'abs_spectrogram_addr_25' <Predicate = true> <Delay = 0.00>
ST_4 : Operation 245 [2/2] (3.25ns)   --->   "%abs_spectrogram_load_25 = load i9 %abs_spectrogram_addr_25" [audrey_4_hls/mfcc.cpp:187->audrey_4_hls/mfcc.cpp:64]   --->   Operation 245 'load' 'abs_spectrogram_load_25' <Predicate = true> <Delay = 3.25> <CoreInst = "RAM_1WnR">   --->   Core 83 'RAM_1WnR' <Latency = 1> <II = 1> <Delay = 3.25> <Storage> <Opcode : 'load' 'store'> <Ports = 17> <Width = 16> <Depth = 257> <RAM>
ST_4 : Operation 246 [1/2] (2.15ns)   --->   "%mel_filterbank_25_load = load i6 %mel_filterbank_25_addr" [audrey_4_hls/mfcc.cpp:187->audrey_4_hls/mfcc.cpp:64]   --->   Operation 246 'load' 'mel_filterbank_25_load' <Predicate = true> <Delay = 2.15> <CoreInst = "ROM">   --->   Core 95 'ROM' <Latency = 1> <II = 1> <Delay = 2.15> <Storage> <Opcode : 'load'> <Ports = 0> <Width = 7> <Depth = 42> <ROM>
ST_4 : Operation 247 [1/2] (3.25ns)   --->   "%abs_spectrogram_load_26 = load i9 %abs_spectrogram_addr_26" [audrey_4_hls/mfcc.cpp:187->audrey_4_hls/mfcc.cpp:64]   --->   Operation 247 'load' 'abs_spectrogram_load_26' <Predicate = true> <Delay = 3.25> <CoreInst = "RAM_1WnR">   --->   Core 83 'RAM_1WnR' <Latency = 1> <II = 1> <Delay = 3.25> <Storage> <Opcode : 'load' 'store'> <Ports = 17> <Width = 16> <Depth = 257> <RAM>
ST_4 : Operation 248 [1/2] (2.15ns)   --->   "%mel_filterbank_26_load = load i6 %mel_filterbank_26_addr" [audrey_4_hls/mfcc.cpp:187->audrey_4_hls/mfcc.cpp:64]   --->   Operation 248 'load' 'mel_filterbank_26_load' <Predicate = true> <Delay = 2.15> <CoreInst = "ROM">   --->   Core 95 'ROM' <Latency = 1> <II = 1> <Delay = 2.15> <Storage> <Opcode : 'load'> <Ports = 0> <Width = 7> <Depth = 42> <ROM>
ST_4 : Operation 249 [1/2] (3.25ns)   --->   "%abs_spectrogram_load_27 = load i9 %abs_spectrogram_addr_27" [audrey_4_hls/mfcc.cpp:187->audrey_4_hls/mfcc.cpp:64]   --->   Operation 249 'load' 'abs_spectrogram_load_27' <Predicate = true> <Delay = 3.25> <CoreInst = "RAM_1WnR">   --->   Core 83 'RAM_1WnR' <Latency = 1> <II = 1> <Delay = 3.25> <Storage> <Opcode : 'load' 'store'> <Ports = 17> <Width = 16> <Depth = 257> <RAM>
ST_4 : Operation 250 [1/2] (2.15ns)   --->   "%mel_filterbank_27_load = load i6 %mel_filterbank_27_addr" [audrey_4_hls/mfcc.cpp:187->audrey_4_hls/mfcc.cpp:64]   --->   Operation 250 'load' 'mel_filterbank_27_load' <Predicate = true> <Delay = 2.15> <CoreInst = "ROM">   --->   Core 95 'ROM' <Latency = 1> <II = 1> <Delay = 2.15> <Storage> <Opcode : 'load'> <Ports = 0> <Width = 6> <Depth = 42> <ROM>
ST_4 : Operation 251 [1/2] (3.25ns)   --->   "%abs_spectrogram_load_28 = load i9 %abs_spectrogram_addr_28" [audrey_4_hls/mfcc.cpp:187->audrey_4_hls/mfcc.cpp:64]   --->   Operation 251 'load' 'abs_spectrogram_load_28' <Predicate = true> <Delay = 3.25> <CoreInst = "RAM_1WnR">   --->   Core 83 'RAM_1WnR' <Latency = 1> <II = 1> <Delay = 3.25> <Storage> <Opcode : 'load' 'store'> <Ports = 17> <Width = 16> <Depth = 257> <RAM>
ST_4 : Operation 252 [1/2] (2.15ns)   --->   "%mel_filterbank_28_load = load i6 %mel_filterbank_28_addr" [audrey_4_hls/mfcc.cpp:187->audrey_4_hls/mfcc.cpp:64]   --->   Operation 252 'load' 'mel_filterbank_28_load' <Predicate = true> <Delay = 2.15> <CoreInst = "ROM">   --->   Core 95 'ROM' <Latency = 1> <II = 1> <Delay = 2.15> <Storage> <Opcode : 'load'> <Ports = 0> <Width = 6> <Depth = 42> <ROM>
ST_4 : Operation 253 [1/2] (3.25ns)   --->   "%abs_spectrogram_load_29 = load i9 %abs_spectrogram_addr_29" [audrey_4_hls/mfcc.cpp:187->audrey_4_hls/mfcc.cpp:64]   --->   Operation 253 'load' 'abs_spectrogram_load_29' <Predicate = true> <Delay = 3.25> <CoreInst = "RAM_1WnR">   --->   Core 83 'RAM_1WnR' <Latency = 1> <II = 1> <Delay = 3.25> <Storage> <Opcode : 'load' 'store'> <Ports = 17> <Width = 16> <Depth = 257> <RAM>
ST_4 : Operation 254 [1/2] (2.15ns)   --->   "%mel_filterbank_29_load = load i6 %mel_filterbank_29_addr" [audrey_4_hls/mfcc.cpp:187->audrey_4_hls/mfcc.cpp:64]   --->   Operation 254 'load' 'mel_filterbank_29_load' <Predicate = true> <Delay = 2.15> <CoreInst = "ROM">   --->   Core 95 'ROM' <Latency = 1> <II = 1> <Delay = 2.15> <Storage> <Opcode : 'load'> <Ports = 0> <Width = 5> <Depth = 42> <ROM>

State 5 <SV = 4> <Delay = 5.57>
ST_5 : Operation 255 [1/2] (3.25ns)   --->   "%abs_spectrogram_load_1 = load i9 %abs_spectrogram_addr_1" [audrey_4_hls/mfcc.cpp:187->audrey_4_hls/mfcc.cpp:64]   --->   Operation 255 'load' 'abs_spectrogram_load_1' <Predicate = true> <Delay = 3.25> <CoreInst = "RAM_1WnR">   --->   Core 83 'RAM_1WnR' <Latency = 1> <II = 1> <Delay = 3.25> <Storage> <Opcode : 'load' 'store'> <Ports = 17> <Width = 16> <Depth = 257> <RAM>
ST_5 : Operation 256 [1/2] (3.25ns)   --->   "%abs_spectrogram_load_2 = load i9 %abs_spectrogram_addr_2" [audrey_4_hls/mfcc.cpp:187->audrey_4_hls/mfcc.cpp:64]   --->   Operation 256 'load' 'abs_spectrogram_load_2' <Predicate = true> <Delay = 3.25> <CoreInst = "RAM_1WnR">   --->   Core 83 'RAM_1WnR' <Latency = 1> <II = 1> <Delay = 3.25> <Storage> <Opcode : 'load' 'store'> <Ports = 17> <Width = 16> <Depth = 257> <RAM>
ST_5 : Operation 257 [1/1] (0.00ns)   --->   "%sext_ln187_3 = sext i16 %abs_spectrogram_load_3" [audrey_4_hls/mfcc.cpp:187->audrey_4_hls/mfcc.cpp:64]   --->   Operation 257 'sext' 'sext_ln187_3' <Predicate = true> <Delay = 0.00>
ST_5 : Operation 258 [1/1] (0.00ns)   --->   "%zext_ln187_7 = zext i8 %mel_filterbank_3_load" [audrey_4_hls/mfcc.cpp:187->audrey_4_hls/mfcc.cpp:64]   --->   Operation 258 'zext' 'zext_ln187_7' <Predicate = true> <Delay = 0.00>
ST_5 : Operation 259 [1/1] (5.57ns)   --->   "%mul_ln187_3 = mul i24 %zext_ln187_7, i24 %sext_ln187_3" [audrey_4_hls/mfcc.cpp:187->audrey_4_hls/mfcc.cpp:64]   --->   Operation 259 'mul' 'mul_ln187_3' <Predicate = true> <Delay = 5.57> <CoreInst = "Multiplier">   --->   Core 3 'Multiplier' <Latency = 0> <II = 1> <Delay = 5.57> <FuncUnit> <Opcode : 'mul'> <InPorts = 2> <OutPorts = 1>
ST_5 : Operation 260 [1/1] (0.00ns)   --->   "%trunc_ln187_3 = partselect i16 @_ssdm_op_PartSelect.i16.i24.i32.i32, i24 %mul_ln187_3, i32 8, i32 23" [audrey_4_hls/mfcc.cpp:187->audrey_4_hls/mfcc.cpp:64]   --->   Operation 260 'partselect' 'trunc_ln187_3' <Predicate = true> <Delay = 0.00>
ST_5 : Operation 261 [1/1] (0.00ns)   --->   "%sext_ln187_4 = sext i16 %abs_spectrogram_load_4" [audrey_4_hls/mfcc.cpp:187->audrey_4_hls/mfcc.cpp:64]   --->   Operation 261 'sext' 'sext_ln187_4' <Predicate = true> <Delay = 0.00>
ST_5 : Operation 262 [1/1] (0.00ns)   --->   "%zext_ln187_9 = zext i8 %mel_filterbank_4_load" [audrey_4_hls/mfcc.cpp:187->audrey_4_hls/mfcc.cpp:64]   --->   Operation 262 'zext' 'zext_ln187_9' <Predicate = true> <Delay = 0.00>
ST_5 : Operation 263 [1/1] (5.57ns)   --->   "%mul_ln187_4 = mul i24 %zext_ln187_9, i24 %sext_ln187_4" [audrey_4_hls/mfcc.cpp:187->audrey_4_hls/mfcc.cpp:64]   --->   Operation 263 'mul' 'mul_ln187_4' <Predicate = true> <Delay = 5.57> <CoreInst = "Multiplier">   --->   Core 3 'Multiplier' <Latency = 0> <II = 1> <Delay = 5.57> <FuncUnit> <Opcode : 'mul'> <InPorts = 2> <OutPorts = 1>
ST_5 : Operation 264 [1/1] (0.00ns)   --->   "%trunc_ln187_4 = partselect i16 @_ssdm_op_PartSelect.i16.i24.i32.i32, i24 %mul_ln187_4, i32 8, i32 23" [audrey_4_hls/mfcc.cpp:187->audrey_4_hls/mfcc.cpp:64]   --->   Operation 264 'partselect' 'trunc_ln187_4' <Predicate = true> <Delay = 0.00>
ST_5 : Operation 265 [1/1] (0.00ns)   --->   "%sext_ln187_5 = sext i16 %abs_spectrogram_load_5" [audrey_4_hls/mfcc.cpp:187->audrey_4_hls/mfcc.cpp:64]   --->   Operation 265 'sext' 'sext_ln187_5' <Predicate = true> <Delay = 0.00>
ST_5 : Operation 266 [1/1] (0.00ns)   --->   "%zext_ln187_11 = zext i8 %mel_filterbank_5_load" [audrey_4_hls/mfcc.cpp:187->audrey_4_hls/mfcc.cpp:64]   --->   Operation 266 'zext' 'zext_ln187_11' <Predicate = true> <Delay = 0.00>
ST_5 : Operation 267 [1/1] (5.57ns)   --->   "%mul_ln187_5 = mul i24 %zext_ln187_11, i24 %sext_ln187_5" [audrey_4_hls/mfcc.cpp:187->audrey_4_hls/mfcc.cpp:64]   --->   Operation 267 'mul' 'mul_ln187_5' <Predicate = true> <Delay = 5.57> <CoreInst = "Multiplier">   --->   Core 3 'Multiplier' <Latency = 0> <II = 1> <Delay = 5.57> <FuncUnit> <Opcode : 'mul'> <InPorts = 2> <OutPorts = 1>
ST_5 : Operation 268 [1/1] (0.00ns)   --->   "%trunc_ln187_5 = partselect i16 @_ssdm_op_PartSelect.i16.i24.i32.i32, i24 %mul_ln187_5, i32 8, i32 23" [audrey_4_hls/mfcc.cpp:187->audrey_4_hls/mfcc.cpp:64]   --->   Operation 268 'partselect' 'trunc_ln187_5' <Predicate = true> <Delay = 0.00>
ST_5 : Operation 269 [1/1] (0.00ns)   --->   "%sext_ln187_6 = sext i16 %abs_spectrogram_load_6" [audrey_4_hls/mfcc.cpp:187->audrey_4_hls/mfcc.cpp:64]   --->   Operation 269 'sext' 'sext_ln187_6' <Predicate = true> <Delay = 0.00>
ST_5 : Operation 270 [1/1] (0.00ns)   --->   "%zext_ln187_13 = zext i8 %mel_filterbank_6_load" [audrey_4_hls/mfcc.cpp:187->audrey_4_hls/mfcc.cpp:64]   --->   Operation 270 'zext' 'zext_ln187_13' <Predicate = true> <Delay = 0.00>
ST_5 : Operation 271 [1/1] (5.57ns)   --->   "%mul_ln187_6 = mul i24 %zext_ln187_13, i24 %sext_ln187_6" [audrey_4_hls/mfcc.cpp:187->audrey_4_hls/mfcc.cpp:64]   --->   Operation 271 'mul' 'mul_ln187_6' <Predicate = true> <Delay = 5.57> <CoreInst = "Multiplier">   --->   Core 3 'Multiplier' <Latency = 0> <II = 1> <Delay = 5.57> <FuncUnit> <Opcode : 'mul'> <InPorts = 2> <OutPorts = 1>
ST_5 : Operation 272 [1/1] (0.00ns)   --->   "%trunc_ln187_6 = partselect i16 @_ssdm_op_PartSelect.i16.i24.i32.i32, i24 %mul_ln187_6, i32 8, i32 23" [audrey_4_hls/mfcc.cpp:187->audrey_4_hls/mfcc.cpp:64]   --->   Operation 272 'partselect' 'trunc_ln187_6' <Predicate = true> <Delay = 0.00>
ST_5 : Operation 273 [1/2] (3.25ns)   --->   "%abs_spectrogram_load_7 = load i9 %abs_spectrogram_addr_7" [audrey_4_hls/mfcc.cpp:187->audrey_4_hls/mfcc.cpp:64]   --->   Operation 273 'load' 'abs_spectrogram_load_7' <Predicate = true> <Delay = 3.25> <CoreInst = "RAM_1WnR">   --->   Core 83 'RAM_1WnR' <Latency = 1> <II = 1> <Delay = 3.25> <Storage> <Opcode : 'load' 'store'> <Ports = 17> <Width = 16> <Depth = 257> <RAM>
ST_5 : Operation 274 [1/2] (3.25ns)   --->   "%abs_spectrogram_load_8 = load i9 %abs_spectrogram_addr_8" [audrey_4_hls/mfcc.cpp:187->audrey_4_hls/mfcc.cpp:64]   --->   Operation 274 'load' 'abs_spectrogram_load_8' <Predicate = true> <Delay = 3.25> <CoreInst = "RAM_1WnR">   --->   Core 83 'RAM_1WnR' <Latency = 1> <II = 1> <Delay = 3.25> <Storage> <Opcode : 'load' 'store'> <Ports = 17> <Width = 16> <Depth = 257> <RAM>
ST_5 : Operation 275 [1/2] (3.25ns)   --->   "%abs_spectrogram_load_9 = load i9 %abs_spectrogram_addr_9" [audrey_4_hls/mfcc.cpp:187->audrey_4_hls/mfcc.cpp:64]   --->   Operation 275 'load' 'abs_spectrogram_load_9' <Predicate = true> <Delay = 3.25> <CoreInst = "RAM_1WnR">   --->   Core 83 'RAM_1WnR' <Latency = 1> <II = 1> <Delay = 3.25> <Storage> <Opcode : 'load' 'store'> <Ports = 17> <Width = 16> <Depth = 257> <RAM>
ST_5 : Operation 276 [1/2] (3.25ns)   --->   "%abs_spectrogram_load_10 = load i9 %abs_spectrogram_addr_10" [audrey_4_hls/mfcc.cpp:187->audrey_4_hls/mfcc.cpp:64]   --->   Operation 276 'load' 'abs_spectrogram_load_10' <Predicate = true> <Delay = 3.25> <CoreInst = "RAM_1WnR">   --->   Core 83 'RAM_1WnR' <Latency = 1> <II = 1> <Delay = 3.25> <Storage> <Opcode : 'load' 'store'> <Ports = 17> <Width = 16> <Depth = 257> <RAM>
ST_5 : Operation 277 [1/1] (0.00ns)   --->   "%sext_ln187_11 = sext i16 %abs_spectrogram_load_11" [audrey_4_hls/mfcc.cpp:187->audrey_4_hls/mfcc.cpp:64]   --->   Operation 277 'sext' 'sext_ln187_11' <Predicate = true> <Delay = 0.00>
ST_5 : Operation 278 [1/1] (0.00ns)   --->   "%zext_ln187_23 = zext i8 %mel_filterbank_11_load" [audrey_4_hls/mfcc.cpp:187->audrey_4_hls/mfcc.cpp:64]   --->   Operation 278 'zext' 'zext_ln187_23' <Predicate = true> <Delay = 0.00>
ST_5 : Operation 279 [1/1] (5.57ns)   --->   "%mul_ln187_11 = mul i24 %zext_ln187_23, i24 %sext_ln187_11" [audrey_4_hls/mfcc.cpp:187->audrey_4_hls/mfcc.cpp:64]   --->   Operation 279 'mul' 'mul_ln187_11' <Predicate = true> <Delay = 5.57> <CoreInst = "Multiplier">   --->   Core 3 'Multiplier' <Latency = 0> <II = 1> <Delay = 5.57> <FuncUnit> <Opcode : 'mul'> <InPorts = 2> <OutPorts = 1>
ST_5 : Operation 280 [1/1] (0.00ns)   --->   "%trunc_ln187_10 = partselect i16 @_ssdm_op_PartSelect.i16.i24.i32.i32, i24 %mul_ln187_11, i32 8, i32 23" [audrey_4_hls/mfcc.cpp:187->audrey_4_hls/mfcc.cpp:64]   --->   Operation 280 'partselect' 'trunc_ln187_10' <Predicate = true> <Delay = 0.00>
ST_5 : Operation 281 [1/1] (0.00ns)   --->   "%sext_ln187_12 = sext i16 %abs_spectrogram_load_12" [audrey_4_hls/mfcc.cpp:187->audrey_4_hls/mfcc.cpp:64]   --->   Operation 281 'sext' 'sext_ln187_12' <Predicate = true> <Delay = 0.00>
ST_5 : Operation 282 [1/1] (0.00ns)   --->   "%zext_ln187_25 = zext i8 %mel_filterbank_12_load" [audrey_4_hls/mfcc.cpp:187->audrey_4_hls/mfcc.cpp:64]   --->   Operation 282 'zext' 'zext_ln187_25' <Predicate = true> <Delay = 0.00>
ST_5 : Operation 283 [1/1] (5.57ns)   --->   "%mul_ln187_12 = mul i24 %zext_ln187_25, i24 %sext_ln187_12" [audrey_4_hls/mfcc.cpp:187->audrey_4_hls/mfcc.cpp:64]   --->   Operation 283 'mul' 'mul_ln187_12' <Predicate = true> <Delay = 5.57> <CoreInst = "Multiplier">   --->   Core 3 'Multiplier' <Latency = 0> <II = 1> <Delay = 5.57> <FuncUnit> <Opcode : 'mul'> <InPorts = 2> <OutPorts = 1>
ST_5 : Operation 284 [1/1] (0.00ns)   --->   "%trunc_ln187_11 = partselect i16 @_ssdm_op_PartSelect.i16.i24.i32.i32, i24 %mul_ln187_12, i32 8, i32 23" [audrey_4_hls/mfcc.cpp:187->audrey_4_hls/mfcc.cpp:64]   --->   Operation 284 'partselect' 'trunc_ln187_11' <Predicate = true> <Delay = 0.00>
ST_5 : Operation 285 [1/1] (0.00ns)   --->   "%sext_ln187_13 = sext i16 %abs_spectrogram_load_13" [audrey_4_hls/mfcc.cpp:187->audrey_4_hls/mfcc.cpp:64]   --->   Operation 285 'sext' 'sext_ln187_13' <Predicate = true> <Delay = 0.00>
ST_5 : Operation 286 [1/1] (0.00ns)   --->   "%zext_ln187_27 = zext i8 %mel_filterbank_13_load" [audrey_4_hls/mfcc.cpp:187->audrey_4_hls/mfcc.cpp:64]   --->   Operation 286 'zext' 'zext_ln187_27' <Predicate = true> <Delay = 0.00>
ST_5 : Operation 287 [1/1] (5.57ns)   --->   "%mul_ln187_13 = mul i24 %zext_ln187_27, i24 %sext_ln187_13" [audrey_4_hls/mfcc.cpp:187->audrey_4_hls/mfcc.cpp:64]   --->   Operation 287 'mul' 'mul_ln187_13' <Predicate = true> <Delay = 5.57> <CoreInst = "Multiplier">   --->   Core 3 'Multiplier' <Latency = 0> <II = 1> <Delay = 5.57> <FuncUnit> <Opcode : 'mul'> <InPorts = 2> <OutPorts = 1>
ST_5 : Operation 288 [1/1] (0.00ns)   --->   "%trunc_ln187_12 = partselect i16 @_ssdm_op_PartSelect.i16.i24.i32.i32, i24 %mul_ln187_13, i32 8, i32 23" [audrey_4_hls/mfcc.cpp:187->audrey_4_hls/mfcc.cpp:64]   --->   Operation 288 'partselect' 'trunc_ln187_12' <Predicate = true> <Delay = 0.00>
ST_5 : Operation 289 [1/1] (0.00ns)   --->   "%sext_ln187_14 = sext i16 %abs_spectrogram_load_14" [audrey_4_hls/mfcc.cpp:187->audrey_4_hls/mfcc.cpp:64]   --->   Operation 289 'sext' 'sext_ln187_14' <Predicate = true> <Delay = 0.00>
ST_5 : Operation 290 [1/1] (0.00ns)   --->   "%zext_ln187_29 = zext i8 %mel_filterbank_14_load" [audrey_4_hls/mfcc.cpp:187->audrey_4_hls/mfcc.cpp:64]   --->   Operation 290 'zext' 'zext_ln187_29' <Predicate = true> <Delay = 0.00>
ST_5 : Operation 291 [1/1] (5.57ns)   --->   "%mul_ln187_14 = mul i24 %zext_ln187_29, i24 %sext_ln187_14" [audrey_4_hls/mfcc.cpp:187->audrey_4_hls/mfcc.cpp:64]   --->   Operation 291 'mul' 'mul_ln187_14' <Predicate = true> <Delay = 5.57> <CoreInst = "Multiplier">   --->   Core 3 'Multiplier' <Latency = 0> <II = 1> <Delay = 5.57> <FuncUnit> <Opcode : 'mul'> <InPorts = 2> <OutPorts = 1>
ST_5 : Operation 292 [1/1] (0.00ns)   --->   "%trunc_ln187_13 = partselect i16 @_ssdm_op_PartSelect.i16.i24.i32.i32, i24 %mul_ln187_14, i32 8, i32 23" [audrey_4_hls/mfcc.cpp:187->audrey_4_hls/mfcc.cpp:64]   --->   Operation 292 'partselect' 'trunc_ln187_13' <Predicate = true> <Delay = 0.00>
ST_5 : Operation 293 [1/1] (0.00ns)   --->   "%sext_ln187_15 = sext i16 %abs_spectrogram_load_15" [audrey_4_hls/mfcc.cpp:187->audrey_4_hls/mfcc.cpp:64]   --->   Operation 293 'sext' 'sext_ln187_15' <Predicate = true> <Delay = 0.00>
ST_5 : Operation 294 [1/1] (0.00ns)   --->   "%zext_ln187_31 = zext i8 %mel_filterbank_15_load" [audrey_4_hls/mfcc.cpp:187->audrey_4_hls/mfcc.cpp:64]   --->   Operation 294 'zext' 'zext_ln187_31' <Predicate = true> <Delay = 0.00>
ST_5 : Operation 295 [1/1] (5.57ns)   --->   "%mul_ln187_15 = mul i24 %zext_ln187_31, i24 %sext_ln187_15" [audrey_4_hls/mfcc.cpp:187->audrey_4_hls/mfcc.cpp:64]   --->   Operation 295 'mul' 'mul_ln187_15' <Predicate = true> <Delay = 5.57> <CoreInst = "Multiplier">   --->   Core 3 'Multiplier' <Latency = 0> <II = 1> <Delay = 5.57> <FuncUnit> <Opcode : 'mul'> <InPorts = 2> <OutPorts = 1>
ST_5 : Operation 296 [1/1] (0.00ns)   --->   "%trunc_ln187_14 = partselect i16 @_ssdm_op_PartSelect.i16.i24.i32.i32, i24 %mul_ln187_15, i32 8, i32 23" [audrey_4_hls/mfcc.cpp:187->audrey_4_hls/mfcc.cpp:64]   --->   Operation 296 'partselect' 'trunc_ln187_14' <Predicate = true> <Delay = 0.00>
ST_5 : Operation 297 [1/1] (0.00ns)   --->   "%sext_ln187_16 = sext i16 %abs_spectrogram_load_16" [audrey_4_hls/mfcc.cpp:187->audrey_4_hls/mfcc.cpp:64]   --->   Operation 297 'sext' 'sext_ln187_16' <Predicate = true> <Delay = 0.00>
ST_5 : Operation 298 [1/1] (0.00ns)   --->   "%zext_ln187_33 = zext i8 %mel_filterbank_16_load" [audrey_4_hls/mfcc.cpp:187->audrey_4_hls/mfcc.cpp:64]   --->   Operation 298 'zext' 'zext_ln187_33' <Predicate = true> <Delay = 0.00>
ST_5 : Operation 299 [1/1] (5.57ns)   --->   "%mul_ln187_16 = mul i24 %zext_ln187_33, i24 %sext_ln187_16" [audrey_4_hls/mfcc.cpp:187->audrey_4_hls/mfcc.cpp:64]   --->   Operation 299 'mul' 'mul_ln187_16' <Predicate = true> <Delay = 5.57> <CoreInst = "Multiplier">   --->   Core 3 'Multiplier' <Latency = 0> <II = 1> <Delay = 5.57> <FuncUnit> <Opcode : 'mul'> <InPorts = 2> <OutPorts = 1>
ST_5 : Operation 300 [1/1] (0.00ns)   --->   "%trunc_ln187_15 = partselect i16 @_ssdm_op_PartSelect.i16.i24.i32.i32, i24 %mul_ln187_16, i32 8, i32 23" [audrey_4_hls/mfcc.cpp:187->audrey_4_hls/mfcc.cpp:64]   --->   Operation 300 'partselect' 'trunc_ln187_15' <Predicate = true> <Delay = 0.00>
ST_5 : Operation 301 [1/1] (0.00ns)   --->   "%sext_ln187_17 = sext i16 %abs_spectrogram_load_17" [audrey_4_hls/mfcc.cpp:187->audrey_4_hls/mfcc.cpp:64]   --->   Operation 301 'sext' 'sext_ln187_17' <Predicate = true> <Delay = 0.00>
ST_5 : Operation 302 [1/1] (0.00ns)   --->   "%zext_ln187_35 = zext i8 %mel_filterbank_17_load" [audrey_4_hls/mfcc.cpp:187->audrey_4_hls/mfcc.cpp:64]   --->   Operation 302 'zext' 'zext_ln187_35' <Predicate = true> <Delay = 0.00>
ST_5 : Operation 303 [1/1] (5.57ns)   --->   "%mul_ln187_17 = mul i24 %zext_ln187_35, i24 %sext_ln187_17" [audrey_4_hls/mfcc.cpp:187->audrey_4_hls/mfcc.cpp:64]   --->   Operation 303 'mul' 'mul_ln187_17' <Predicate = true> <Delay = 5.57> <CoreInst = "Multiplier">   --->   Core 3 'Multiplier' <Latency = 0> <II = 1> <Delay = 5.57> <FuncUnit> <Opcode : 'mul'> <InPorts = 2> <OutPorts = 1>
ST_5 : Operation 304 [1/1] (0.00ns)   --->   "%trunc_ln187_16 = partselect i16 @_ssdm_op_PartSelect.i16.i24.i32.i32, i24 %mul_ln187_17, i32 8, i32 23" [audrey_4_hls/mfcc.cpp:187->audrey_4_hls/mfcc.cpp:64]   --->   Operation 304 'partselect' 'trunc_ln187_16' <Predicate = true> <Delay = 0.00>
ST_5 : Operation 305 [1/2] (3.25ns)   --->   "%abs_spectrogram_load_18 = load i9 %abs_spectrogram_addr_18" [audrey_4_hls/mfcc.cpp:187->audrey_4_hls/mfcc.cpp:64]   --->   Operation 305 'load' 'abs_spectrogram_load_18' <Predicate = true> <Delay = 3.25> <CoreInst = "RAM_1WnR">   --->   Core 83 'RAM_1WnR' <Latency = 1> <II = 1> <Delay = 3.25> <Storage> <Opcode : 'load' 'store'> <Ports = 17> <Width = 16> <Depth = 257> <RAM>
ST_5 : Operation 306 [1/2] (3.25ns)   --->   "%abs_spectrogram_load_19 = load i9 %abs_spectrogram_addr_19" [audrey_4_hls/mfcc.cpp:187->audrey_4_hls/mfcc.cpp:64]   --->   Operation 306 'load' 'abs_spectrogram_load_19' <Predicate = true> <Delay = 3.25> <CoreInst = "RAM_1WnR">   --->   Core 83 'RAM_1WnR' <Latency = 1> <II = 1> <Delay = 3.25> <Storage> <Opcode : 'load' 'store'> <Ports = 17> <Width = 16> <Depth = 257> <RAM>
ST_5 : Operation 307 [1/2] (3.25ns)   --->   "%abs_spectrogram_load_20 = load i9 %abs_spectrogram_addr_20" [audrey_4_hls/mfcc.cpp:187->audrey_4_hls/mfcc.cpp:64]   --->   Operation 307 'load' 'abs_spectrogram_load_20' <Predicate = true> <Delay = 3.25> <CoreInst = "RAM_1WnR">   --->   Core 83 'RAM_1WnR' <Latency = 1> <II = 1> <Delay = 3.25> <Storage> <Opcode : 'load' 'store'> <Ports = 17> <Width = 16> <Depth = 257> <RAM>
ST_5 : Operation 308 [1/2] (3.25ns)   --->   "%abs_spectrogram_load_21 = load i9 %abs_spectrogram_addr_21" [audrey_4_hls/mfcc.cpp:187->audrey_4_hls/mfcc.cpp:64]   --->   Operation 308 'load' 'abs_spectrogram_load_21' <Predicate = true> <Delay = 3.25> <CoreInst = "RAM_1WnR">   --->   Core 83 'RAM_1WnR' <Latency = 1> <II = 1> <Delay = 3.25> <Storage> <Opcode : 'load' 'store'> <Ports = 17> <Width = 16> <Depth = 257> <RAM>
ST_5 : Operation 309 [1/2] (3.25ns)   --->   "%abs_spectrogram_load_22 = load i9 %abs_spectrogram_addr_22" [audrey_4_hls/mfcc.cpp:187->audrey_4_hls/mfcc.cpp:64]   --->   Operation 309 'load' 'abs_spectrogram_load_22' <Predicate = true> <Delay = 3.25> <CoreInst = "RAM_1WnR">   --->   Core 83 'RAM_1WnR' <Latency = 1> <II = 1> <Delay = 3.25> <Storage> <Opcode : 'load' 'store'> <Ports = 17> <Width = 16> <Depth = 257> <RAM>
ST_5 : Operation 310 [1/2] (3.25ns)   --->   "%abs_spectrogram_load_23 = load i9 %abs_spectrogram_addr_23" [audrey_4_hls/mfcc.cpp:187->audrey_4_hls/mfcc.cpp:64]   --->   Operation 310 'load' 'abs_spectrogram_load_23' <Predicate = true> <Delay = 3.25> <CoreInst = "RAM_1WnR">   --->   Core 83 'RAM_1WnR' <Latency = 1> <II = 1> <Delay = 3.25> <Storage> <Opcode : 'load' 'store'> <Ports = 17> <Width = 16> <Depth = 257> <RAM>
ST_5 : Operation 311 [1/2] (3.25ns)   --->   "%abs_spectrogram_load_24 = load i9 %abs_spectrogram_addr_24" [audrey_4_hls/mfcc.cpp:187->audrey_4_hls/mfcc.cpp:64]   --->   Operation 311 'load' 'abs_spectrogram_load_24' <Predicate = true> <Delay = 3.25> <CoreInst = "RAM_1WnR">   --->   Core 83 'RAM_1WnR' <Latency = 1> <II = 1> <Delay = 3.25> <Storage> <Opcode : 'load' 'store'> <Ports = 17> <Width = 16> <Depth = 257> <RAM>
ST_5 : Operation 312 [1/2] (3.25ns)   --->   "%abs_spectrogram_load_25 = load i9 %abs_spectrogram_addr_25" [audrey_4_hls/mfcc.cpp:187->audrey_4_hls/mfcc.cpp:64]   --->   Operation 312 'load' 'abs_spectrogram_load_25' <Predicate = true> <Delay = 3.25> <CoreInst = "RAM_1WnR">   --->   Core 83 'RAM_1WnR' <Latency = 1> <II = 1> <Delay = 3.25> <Storage> <Opcode : 'load' 'store'> <Ports = 17> <Width = 16> <Depth = 257> <RAM>
ST_5 : Operation 313 [1/1] (0.00ns)   --->   "%sext_ln187_29 = sext i16 %abs_spectrogram_load_26" [audrey_4_hls/mfcc.cpp:187->audrey_4_hls/mfcc.cpp:64]   --->   Operation 313 'sext' 'sext_ln187_29' <Predicate = true> <Delay = 0.00>
ST_5 : Operation 314 [1/1] (0.00ns)   --->   "%zext_ln187_53 = zext i7 %mel_filterbank_26_load" [audrey_4_hls/mfcc.cpp:187->audrey_4_hls/mfcc.cpp:64]   --->   Operation 314 'zext' 'zext_ln187_53' <Predicate = true> <Delay = 0.00>
ST_5 : Operation 315 [1/1] (5.57ns)   --->   "%mul_ln187_26 = mul i23 %zext_ln187_53, i23 %sext_ln187_29" [audrey_4_hls/mfcc.cpp:187->audrey_4_hls/mfcc.cpp:64]   --->   Operation 315 'mul' 'mul_ln187_26' <Predicate = true> <Delay = 5.57> <CoreInst = "Multiplier">   --->   Core 3 'Multiplier' <Latency = 0> <II = 1> <Delay = 5.57> <FuncUnit> <Opcode : 'mul'> <InPorts = 2> <OutPorts = 1>
ST_5 : Operation 316 [1/1] (0.00ns)   --->   "%trunc_ln187_25 = partselect i15 @_ssdm_op_PartSelect.i15.i23.i32.i32, i23 %mul_ln187_26, i32 8, i32 22" [audrey_4_hls/mfcc.cpp:187->audrey_4_hls/mfcc.cpp:64]   --->   Operation 316 'partselect' 'trunc_ln187_25' <Predicate = true> <Delay = 0.00>
ST_5 : Operation 317 [1/1] (0.00ns)   --->   "%sext_ln187_31 = sext i16 %abs_spectrogram_load_27" [audrey_4_hls/mfcc.cpp:187->audrey_4_hls/mfcc.cpp:64]   --->   Operation 317 'sext' 'sext_ln187_31' <Predicate = true> <Delay = 0.00>
ST_5 : Operation 318 [1/1] (0.00ns)   --->   "%zext_ln187_55 = zext i6 %mel_filterbank_27_load" [audrey_4_hls/mfcc.cpp:187->audrey_4_hls/mfcc.cpp:64]   --->   Operation 318 'zext' 'zext_ln187_55' <Predicate = true> <Delay = 0.00>
ST_5 : Operation 319 [1/1] (5.57ns)   --->   "%mul_ln187_27 = mul i22 %zext_ln187_55, i22 %sext_ln187_31" [audrey_4_hls/mfcc.cpp:187->audrey_4_hls/mfcc.cpp:64]   --->   Operation 319 'mul' 'mul_ln187_27' <Predicate = true> <Delay = 5.57> <CoreInst = "Multiplier">   --->   Core 3 'Multiplier' <Latency = 0> <II = 1> <Delay = 5.57> <FuncUnit> <Opcode : 'mul'> <InPorts = 2> <OutPorts = 1>
ST_5 : Operation 320 [1/1] (0.00ns)   --->   "%trunc_ln187_26 = partselect i14 @_ssdm_op_PartSelect.i14.i22.i32.i32, i22 %mul_ln187_27, i32 8, i32 21" [audrey_4_hls/mfcc.cpp:187->audrey_4_hls/mfcc.cpp:64]   --->   Operation 320 'partselect' 'trunc_ln187_26' <Predicate = true> <Delay = 0.00>
ST_5 : Operation 321 [1/1] (0.00ns)   --->   "%sext_ln187_33 = sext i16 %abs_spectrogram_load_28" [audrey_4_hls/mfcc.cpp:187->audrey_4_hls/mfcc.cpp:64]   --->   Operation 321 'sext' 'sext_ln187_33' <Predicate = true> <Delay = 0.00>
ST_5 : Operation 322 [1/1] (0.00ns)   --->   "%zext_ln187_57 = zext i6 %mel_filterbank_28_load" [audrey_4_hls/mfcc.cpp:187->audrey_4_hls/mfcc.cpp:64]   --->   Operation 322 'zext' 'zext_ln187_57' <Predicate = true> <Delay = 0.00>
ST_5 : Operation 323 [1/1] (5.57ns)   --->   "%mul_ln187_28 = mul i22 %zext_ln187_57, i22 %sext_ln187_33" [audrey_4_hls/mfcc.cpp:187->audrey_4_hls/mfcc.cpp:64]   --->   Operation 323 'mul' 'mul_ln187_28' <Predicate = true> <Delay = 5.57> <CoreInst = "Multiplier">   --->   Core 3 'Multiplier' <Latency = 0> <II = 1> <Delay = 5.57> <FuncUnit> <Opcode : 'mul'> <InPorts = 2> <OutPorts = 1>
ST_5 : Operation 324 [1/1] (0.00ns)   --->   "%trunc_ln187_27 = partselect i14 @_ssdm_op_PartSelect.i14.i22.i32.i32, i22 %mul_ln187_28, i32 8, i32 21" [audrey_4_hls/mfcc.cpp:187->audrey_4_hls/mfcc.cpp:64]   --->   Operation 324 'partselect' 'trunc_ln187_27' <Predicate = true> <Delay = 0.00>
ST_5 : Operation 325 [1/1] (0.00ns)   --->   "%sext_ln187_35 = sext i16 %abs_spectrogram_load_29" [audrey_4_hls/mfcc.cpp:187->audrey_4_hls/mfcc.cpp:64]   --->   Operation 325 'sext' 'sext_ln187_35' <Predicate = true> <Delay = 0.00>
ST_5 : Operation 326 [1/1] (0.00ns)   --->   "%zext_ln187_59 = zext i5 %mel_filterbank_29_load" [audrey_4_hls/mfcc.cpp:187->audrey_4_hls/mfcc.cpp:64]   --->   Operation 326 'zext' 'zext_ln187_59' <Predicate = true> <Delay = 0.00>
ST_5 : Operation 327 [1/1] (5.57ns)   --->   "%mul_ln187_29 = mul i21 %zext_ln187_59, i21 %sext_ln187_35" [audrey_4_hls/mfcc.cpp:187->audrey_4_hls/mfcc.cpp:64]   --->   Operation 327 'mul' 'mul_ln187_29' <Predicate = true> <Delay = 5.57> <CoreInst = "Multiplier">   --->   Core 3 'Multiplier' <Latency = 0> <II = 1> <Delay = 5.57> <FuncUnit> <Opcode : 'mul'> <InPorts = 2> <OutPorts = 1>
ST_5 : Operation 328 [1/1] (0.00ns)   --->   "%trunc_ln187_28 = partselect i13 @_ssdm_op_PartSelect.i13.i21.i32.i32, i21 %mul_ln187_29, i32 8, i32 20" [audrey_4_hls/mfcc.cpp:187->audrey_4_hls/mfcc.cpp:64]   --->   Operation 328 'partselect' 'trunc_ln187_28' <Predicate = true> <Delay = 0.00>

State 6 <SV = 5> <Delay = 6.18>
ST_6 : Operation 329 [1/1] (0.00ns)   --->   "%sext_ln187_1 = sext i16 %abs_spectrogram_load_1" [audrey_4_hls/mfcc.cpp:187->audrey_4_hls/mfcc.cpp:64]   --->   Operation 329 'sext' 'sext_ln187_1' <Predicate = true> <Delay = 0.00>
ST_6 : Operation 330 [1/1] (0.00ns)   --->   "%zext_ln187_3 = zext i8 %mel_filterbank_1_load" [audrey_4_hls/mfcc.cpp:187->audrey_4_hls/mfcc.cpp:64]   --->   Operation 330 'zext' 'zext_ln187_3' <Predicate = true> <Delay = 0.00>
ST_6 : Operation 331 [1/1] (5.57ns)   --->   "%mul_ln187_1 = mul i24 %zext_ln187_3, i24 %sext_ln187_1" [audrey_4_hls/mfcc.cpp:187->audrey_4_hls/mfcc.cpp:64]   --->   Operation 331 'mul' 'mul_ln187_1' <Predicate = true> <Delay = 5.57> <CoreInst = "Multiplier">   --->   Core 3 'Multiplier' <Latency = 0> <II = 1> <Delay = 5.57> <FuncUnit> <Opcode : 'mul'> <InPorts = 2> <OutPorts = 1>
ST_6 : Operation 332 [1/1] (0.00ns)   --->   "%trunc_ln187_1 = partselect i16 @_ssdm_op_PartSelect.i16.i24.i32.i32, i24 %mul_ln187_1, i32 8, i32 23" [audrey_4_hls/mfcc.cpp:187->audrey_4_hls/mfcc.cpp:64]   --->   Operation 332 'partselect' 'trunc_ln187_1' <Predicate = true> <Delay = 0.00>
ST_6 : Operation 333 [1/1] (0.00ns)   --->   "%sext_ln187_2 = sext i16 %abs_spectrogram_load_2" [audrey_4_hls/mfcc.cpp:187->audrey_4_hls/mfcc.cpp:64]   --->   Operation 333 'sext' 'sext_ln187_2' <Predicate = true> <Delay = 0.00>
ST_6 : Operation 334 [1/1] (0.00ns)   --->   "%zext_ln187_5 = zext i8 %mel_filterbank_2_load" [audrey_4_hls/mfcc.cpp:187->audrey_4_hls/mfcc.cpp:64]   --->   Operation 334 'zext' 'zext_ln187_5' <Predicate = true> <Delay = 0.00>
ST_6 : Operation 335 [1/1] (5.57ns)   --->   "%mul_ln187_2 = mul i24 %zext_ln187_5, i24 %sext_ln187_2" [audrey_4_hls/mfcc.cpp:187->audrey_4_hls/mfcc.cpp:64]   --->   Operation 335 'mul' 'mul_ln187_2' <Predicate = true> <Delay = 5.57> <CoreInst = "Multiplier">   --->   Core 3 'Multiplier' <Latency = 0> <II = 1> <Delay = 5.57> <FuncUnit> <Opcode : 'mul'> <InPorts = 2> <OutPorts = 1>
ST_6 : Operation 336 [1/1] (0.00ns)   --->   "%trunc_ln187_2 = partselect i16 @_ssdm_op_PartSelect.i16.i24.i32.i32, i24 %mul_ln187_2, i32 8, i32 23" [audrey_4_hls/mfcc.cpp:187->audrey_4_hls/mfcc.cpp:64]   --->   Operation 336 'partselect' 'trunc_ln187_2' <Predicate = true> <Delay = 0.00>
ST_6 : Operation 337 [1/1] (0.00ns)   --->   "%sext_ln187_7 = sext i16 %abs_spectrogram_load_7" [audrey_4_hls/mfcc.cpp:187->audrey_4_hls/mfcc.cpp:64]   --->   Operation 337 'sext' 'sext_ln187_7' <Predicate = true> <Delay = 0.00>
ST_6 : Operation 338 [1/1] (0.00ns)   --->   "%zext_ln187_15 = zext i8 %mel_filterbank_7_load" [audrey_4_hls/mfcc.cpp:187->audrey_4_hls/mfcc.cpp:64]   --->   Operation 338 'zext' 'zext_ln187_15' <Predicate = true> <Delay = 0.00>
ST_6 : Operation 339 [1/1] (5.57ns)   --->   "%mul_ln187_7 = mul i24 %zext_ln187_15, i24 %sext_ln187_7" [audrey_4_hls/mfcc.cpp:187->audrey_4_hls/mfcc.cpp:64]   --->   Operation 339 'mul' 'mul_ln187_7' <Predicate = true> <Delay = 5.57> <CoreInst = "Multiplier">   --->   Core 3 'Multiplier' <Latency = 0> <II = 1> <Delay = 5.57> <FuncUnit> <Opcode : 'mul'> <InPorts = 2> <OutPorts = 1>
ST_6 : Operation 340 [1/1] (0.00ns)   --->   "%trunc_ln187_7 = partselect i16 @_ssdm_op_PartSelect.i16.i24.i32.i32, i24 %mul_ln187_7, i32 8, i32 23" [audrey_4_hls/mfcc.cpp:187->audrey_4_hls/mfcc.cpp:64]   --->   Operation 340 'partselect' 'trunc_ln187_7' <Predicate = true> <Delay = 0.00>
ST_6 : Operation 341 [1/1] (0.00ns)   --->   "%sext_ln187_8 = sext i16 %abs_spectrogram_load_8" [audrey_4_hls/mfcc.cpp:187->audrey_4_hls/mfcc.cpp:64]   --->   Operation 341 'sext' 'sext_ln187_8' <Predicate = true> <Delay = 0.00>
ST_6 : Operation 342 [1/1] (0.00ns)   --->   "%zext_ln187_17 = zext i8 %mel_filterbank_8_load" [audrey_4_hls/mfcc.cpp:187->audrey_4_hls/mfcc.cpp:64]   --->   Operation 342 'zext' 'zext_ln187_17' <Predicate = true> <Delay = 0.00>
ST_6 : Operation 343 [1/1] (5.57ns)   --->   "%mul_ln187_8 = mul i24 %zext_ln187_17, i24 %sext_ln187_8" [audrey_4_hls/mfcc.cpp:187->audrey_4_hls/mfcc.cpp:64]   --->   Operation 343 'mul' 'mul_ln187_8' <Predicate = true> <Delay = 5.57> <CoreInst = "Multiplier">   --->   Core 3 'Multiplier' <Latency = 0> <II = 1> <Delay = 5.57> <FuncUnit> <Opcode : 'mul'> <InPorts = 2> <OutPorts = 1>
ST_6 : Operation 344 [1/1] (0.00ns)   --->   "%trunc_ln187_8 = partselect i16 @_ssdm_op_PartSelect.i16.i24.i32.i32, i24 %mul_ln187_8, i32 8, i32 23" [audrey_4_hls/mfcc.cpp:187->audrey_4_hls/mfcc.cpp:64]   --->   Operation 344 'partselect' 'trunc_ln187_8' <Predicate = true> <Delay = 0.00>
ST_6 : Operation 345 [1/1] (0.00ns)   --->   "%sext_ln187_9 = sext i16 %abs_spectrogram_load_9" [audrey_4_hls/mfcc.cpp:187->audrey_4_hls/mfcc.cpp:64]   --->   Operation 345 'sext' 'sext_ln187_9' <Predicate = true> <Delay = 0.00>
ST_6 : Operation 346 [1/1] (0.00ns)   --->   "%zext_ln187_19 = zext i8 %mel_filterbank_9_load" [audrey_4_hls/mfcc.cpp:187->audrey_4_hls/mfcc.cpp:64]   --->   Operation 346 'zext' 'zext_ln187_19' <Predicate = true> <Delay = 0.00>
ST_6 : Operation 347 [1/1] (5.57ns)   --->   "%mul_ln187_9 = mul i24 %zext_ln187_19, i24 %sext_ln187_9" [audrey_4_hls/mfcc.cpp:187->audrey_4_hls/mfcc.cpp:64]   --->   Operation 347 'mul' 'mul_ln187_9' <Predicate = true> <Delay = 5.57> <CoreInst = "Multiplier">   --->   Core 3 'Multiplier' <Latency = 0> <II = 1> <Delay = 5.57> <FuncUnit> <Opcode : 'mul'> <InPorts = 2> <OutPorts = 1>
ST_6 : Operation 348 [1/1] (0.00ns)   --->   "%trunc_ln187_9 = partselect i16 @_ssdm_op_PartSelect.i16.i24.i32.i32, i24 %mul_ln187_9, i32 8, i32 23" [audrey_4_hls/mfcc.cpp:187->audrey_4_hls/mfcc.cpp:64]   --->   Operation 348 'partselect' 'trunc_ln187_9' <Predicate = true> <Delay = 0.00>
ST_6 : Operation 349 [1/1] (0.00ns)   --->   "%sext_ln187_10 = sext i16 %abs_spectrogram_load_10" [audrey_4_hls/mfcc.cpp:187->audrey_4_hls/mfcc.cpp:64]   --->   Operation 349 'sext' 'sext_ln187_10' <Predicate = true> <Delay = 0.00>
ST_6 : Operation 350 [1/1] (0.00ns)   --->   "%zext_ln187_21 = zext i8 %mel_filterbank_10_load" [audrey_4_hls/mfcc.cpp:187->audrey_4_hls/mfcc.cpp:64]   --->   Operation 350 'zext' 'zext_ln187_21' <Predicate = true> <Delay = 0.00>
ST_6 : Operation 351 [1/1] (5.57ns)   --->   "%mul_ln187_10 = mul i24 %zext_ln187_21, i24 %sext_ln187_10" [audrey_4_hls/mfcc.cpp:187->audrey_4_hls/mfcc.cpp:64]   --->   Operation 351 'mul' 'mul_ln187_10' <Predicate = true> <Delay = 5.57> <CoreInst = "Multiplier">   --->   Core 3 'Multiplier' <Latency = 0> <II = 1> <Delay = 5.57> <FuncUnit> <Opcode : 'mul'> <InPorts = 2> <OutPorts = 1>
ST_6 : Operation 352 [1/1] (0.00ns)   --->   "%trunc_ln187_s = partselect i16 @_ssdm_op_PartSelect.i16.i24.i32.i32, i24 %mul_ln187_10, i32 8, i32 23" [audrey_4_hls/mfcc.cpp:187->audrey_4_hls/mfcc.cpp:64]   --->   Operation 352 'partselect' 'trunc_ln187_s' <Predicate = true> <Delay = 0.00>
ST_6 : Operation 353 [1/1] (0.00ns)   --->   "%sext_ln187_18 = sext i16 %abs_spectrogram_load_18" [audrey_4_hls/mfcc.cpp:187->audrey_4_hls/mfcc.cpp:64]   --->   Operation 353 'sext' 'sext_ln187_18' <Predicate = true> <Delay = 0.00>
ST_6 : Operation 354 [1/1] (0.00ns)   --->   "%zext_ln187_37 = zext i8 %mel_filterbank_18_load" [audrey_4_hls/mfcc.cpp:187->audrey_4_hls/mfcc.cpp:64]   --->   Operation 354 'zext' 'zext_ln187_37' <Predicate = true> <Delay = 0.00>
ST_6 : Operation 355 [1/1] (5.57ns)   --->   "%mul_ln187_18 = mul i24 %zext_ln187_37, i24 %sext_ln187_18" [audrey_4_hls/mfcc.cpp:187->audrey_4_hls/mfcc.cpp:64]   --->   Operation 355 'mul' 'mul_ln187_18' <Predicate = true> <Delay = 5.57> <CoreInst = "Multiplier">   --->   Core 3 'Multiplier' <Latency = 0> <II = 1> <Delay = 5.57> <FuncUnit> <Opcode : 'mul'> <InPorts = 2> <OutPorts = 1>
ST_6 : Operation 356 [1/1] (0.00ns)   --->   "%trunc_ln187_17 = partselect i16 @_ssdm_op_PartSelect.i16.i24.i32.i32, i24 %mul_ln187_18, i32 8, i32 23" [audrey_4_hls/mfcc.cpp:187->audrey_4_hls/mfcc.cpp:64]   --->   Operation 356 'partselect' 'trunc_ln187_17' <Predicate = true> <Delay = 0.00>
ST_6 : Operation 357 [1/1] (0.00ns)   --->   "%sext_ln187_19 = sext i16 %abs_spectrogram_load_19" [audrey_4_hls/mfcc.cpp:187->audrey_4_hls/mfcc.cpp:64]   --->   Operation 357 'sext' 'sext_ln187_19' <Predicate = true> <Delay = 0.00>
ST_6 : Operation 358 [1/1] (0.00ns)   --->   "%zext_ln187_39 = zext i8 %mel_filterbank_19_load" [audrey_4_hls/mfcc.cpp:187->audrey_4_hls/mfcc.cpp:64]   --->   Operation 358 'zext' 'zext_ln187_39' <Predicate = true> <Delay = 0.00>
ST_6 : Operation 359 [1/1] (5.57ns)   --->   "%mul_ln187_19 = mul i24 %zext_ln187_39, i24 %sext_ln187_19" [audrey_4_hls/mfcc.cpp:187->audrey_4_hls/mfcc.cpp:64]   --->   Operation 359 'mul' 'mul_ln187_19' <Predicate = true> <Delay = 5.57> <CoreInst = "Multiplier">   --->   Core 3 'Multiplier' <Latency = 0> <II = 1> <Delay = 5.57> <FuncUnit> <Opcode : 'mul'> <InPorts = 2> <OutPorts = 1>
ST_6 : Operation 360 [1/1] (0.00ns)   --->   "%trunc_ln187_18 = partselect i16 @_ssdm_op_PartSelect.i16.i24.i32.i32, i24 %mul_ln187_19, i32 8, i32 23" [audrey_4_hls/mfcc.cpp:187->audrey_4_hls/mfcc.cpp:64]   --->   Operation 360 'partselect' 'trunc_ln187_18' <Predicate = true> <Delay = 0.00>
ST_6 : Operation 361 [1/1] (0.00ns)   --->   "%sext_ln187_20 = sext i16 %abs_spectrogram_load_20" [audrey_4_hls/mfcc.cpp:187->audrey_4_hls/mfcc.cpp:64]   --->   Operation 361 'sext' 'sext_ln187_20' <Predicate = true> <Delay = 0.00>
ST_6 : Operation 362 [1/1] (0.00ns)   --->   "%zext_ln187_41 = zext i8 %mel_filterbank_20_load" [audrey_4_hls/mfcc.cpp:187->audrey_4_hls/mfcc.cpp:64]   --->   Operation 362 'zext' 'zext_ln187_41' <Predicate = true> <Delay = 0.00>
ST_6 : Operation 363 [1/1] (5.57ns)   --->   "%mul_ln187_20 = mul i24 %zext_ln187_41, i24 %sext_ln187_20" [audrey_4_hls/mfcc.cpp:187->audrey_4_hls/mfcc.cpp:64]   --->   Operation 363 'mul' 'mul_ln187_20' <Predicate = true> <Delay = 5.57> <CoreInst = "Multiplier">   --->   Core 3 'Multiplier' <Latency = 0> <II = 1> <Delay = 5.57> <FuncUnit> <Opcode : 'mul'> <InPorts = 2> <OutPorts = 1>
ST_6 : Operation 364 [1/1] (0.00ns)   --->   "%trunc_ln187_19 = partselect i16 @_ssdm_op_PartSelect.i16.i24.i32.i32, i24 %mul_ln187_20, i32 8, i32 23" [audrey_4_hls/mfcc.cpp:187->audrey_4_hls/mfcc.cpp:64]   --->   Operation 364 'partselect' 'trunc_ln187_19' <Predicate = true> <Delay = 0.00>
ST_6 : Operation 365 [1/1] (0.00ns)   --->   "%sext_ln187_21 = sext i16 %abs_spectrogram_load_21" [audrey_4_hls/mfcc.cpp:187->audrey_4_hls/mfcc.cpp:64]   --->   Operation 365 'sext' 'sext_ln187_21' <Predicate = true> <Delay = 0.00>
ST_6 : Operation 366 [1/1] (0.00ns)   --->   "%zext_ln187_43 = zext i8 %mel_filterbank_21_load" [audrey_4_hls/mfcc.cpp:187->audrey_4_hls/mfcc.cpp:64]   --->   Operation 366 'zext' 'zext_ln187_43' <Predicate = true> <Delay = 0.00>
ST_6 : Operation 367 [1/1] (5.57ns)   --->   "%mul_ln187_21 = mul i24 %zext_ln187_43, i24 %sext_ln187_21" [audrey_4_hls/mfcc.cpp:187->audrey_4_hls/mfcc.cpp:64]   --->   Operation 367 'mul' 'mul_ln187_21' <Predicate = true> <Delay = 5.57> <CoreInst = "Multiplier">   --->   Core 3 'Multiplier' <Latency = 0> <II = 1> <Delay = 5.57> <FuncUnit> <Opcode : 'mul'> <InPorts = 2> <OutPorts = 1>
ST_6 : Operation 368 [1/1] (0.00ns)   --->   "%trunc_ln187_20 = partselect i16 @_ssdm_op_PartSelect.i16.i24.i32.i32, i24 %mul_ln187_21, i32 8, i32 23" [audrey_4_hls/mfcc.cpp:187->audrey_4_hls/mfcc.cpp:64]   --->   Operation 368 'partselect' 'trunc_ln187_20' <Predicate = true> <Delay = 0.00>
ST_6 : Operation 369 [1/1] (0.00ns)   --->   "%sext_ln187_22 = sext i16 %abs_spectrogram_load_22" [audrey_4_hls/mfcc.cpp:187->audrey_4_hls/mfcc.cpp:64]   --->   Operation 369 'sext' 'sext_ln187_22' <Predicate = true> <Delay = 0.00>
ST_6 : Operation 370 [1/1] (0.00ns)   --->   "%zext_ln187_45 = zext i8 %mel_filterbank_22_load" [audrey_4_hls/mfcc.cpp:187->audrey_4_hls/mfcc.cpp:64]   --->   Operation 370 'zext' 'zext_ln187_45' <Predicate = true> <Delay = 0.00>
ST_6 : Operation 371 [1/1] (5.57ns)   --->   "%mul_ln187_22 = mul i24 %zext_ln187_45, i24 %sext_ln187_22" [audrey_4_hls/mfcc.cpp:187->audrey_4_hls/mfcc.cpp:64]   --->   Operation 371 'mul' 'mul_ln187_22' <Predicate = true> <Delay = 5.57> <CoreInst = "Multiplier">   --->   Core 3 'Multiplier' <Latency = 0> <II = 1> <Delay = 5.57> <FuncUnit> <Opcode : 'mul'> <InPorts = 2> <OutPorts = 1>
ST_6 : Operation 372 [1/1] (0.00ns)   --->   "%trunc_ln187_21 = partselect i16 @_ssdm_op_PartSelect.i16.i24.i32.i32, i24 %mul_ln187_22, i32 8, i32 23" [audrey_4_hls/mfcc.cpp:187->audrey_4_hls/mfcc.cpp:64]   --->   Operation 372 'partselect' 'trunc_ln187_21' <Predicate = true> <Delay = 0.00>
ST_6 : Operation 373 [1/1] (0.00ns)   --->   "%sext_ln187_23 = sext i16 %abs_spectrogram_load_23" [audrey_4_hls/mfcc.cpp:187->audrey_4_hls/mfcc.cpp:64]   --->   Operation 373 'sext' 'sext_ln187_23' <Predicate = true> <Delay = 0.00>
ST_6 : Operation 374 [1/1] (0.00ns)   --->   "%zext_ln187_47 = zext i7 %mel_filterbank_23_load" [audrey_4_hls/mfcc.cpp:187->audrey_4_hls/mfcc.cpp:64]   --->   Operation 374 'zext' 'zext_ln187_47' <Predicate = true> <Delay = 0.00>
ST_6 : Operation 375 [1/1] (5.57ns)   --->   "%mul_ln187_23 = mul i23 %zext_ln187_47, i23 %sext_ln187_23" [audrey_4_hls/mfcc.cpp:187->audrey_4_hls/mfcc.cpp:64]   --->   Operation 375 'mul' 'mul_ln187_23' <Predicate = true> <Delay = 5.57> <CoreInst = "Multiplier">   --->   Core 3 'Multiplier' <Latency = 0> <II = 1> <Delay = 5.57> <FuncUnit> <Opcode : 'mul'> <InPorts = 2> <OutPorts = 1>
ST_6 : Operation 376 [1/1] (0.00ns)   --->   "%trunc_ln187_22 = partselect i15 @_ssdm_op_PartSelect.i15.i23.i32.i32, i23 %mul_ln187_23, i32 8, i32 22" [audrey_4_hls/mfcc.cpp:187->audrey_4_hls/mfcc.cpp:64]   --->   Operation 376 'partselect' 'trunc_ln187_22' <Predicate = true> <Delay = 0.00>
ST_6 : Operation 377 [1/1] (0.00ns)   --->   "%sext_ln187_25 = sext i16 %abs_spectrogram_load_24" [audrey_4_hls/mfcc.cpp:187->audrey_4_hls/mfcc.cpp:64]   --->   Operation 377 'sext' 'sext_ln187_25' <Predicate = true> <Delay = 0.00>
ST_6 : Operation 378 [1/1] (0.00ns)   --->   "%zext_ln187_49 = zext i7 %mel_filterbank_24_load" [audrey_4_hls/mfcc.cpp:187->audrey_4_hls/mfcc.cpp:64]   --->   Operation 378 'zext' 'zext_ln187_49' <Predicate = true> <Delay = 0.00>
ST_6 : Operation 379 [1/1] (5.57ns)   --->   "%mul_ln187_24 = mul i23 %zext_ln187_49, i23 %sext_ln187_25" [audrey_4_hls/mfcc.cpp:187->audrey_4_hls/mfcc.cpp:64]   --->   Operation 379 'mul' 'mul_ln187_24' <Predicate = true> <Delay = 5.57> <CoreInst = "Multiplier">   --->   Core 3 'Multiplier' <Latency = 0> <II = 1> <Delay = 5.57> <FuncUnit> <Opcode : 'mul'> <InPorts = 2> <OutPorts = 1>
ST_6 : Operation 380 [1/1] (0.00ns)   --->   "%trunc_ln187_23 = partselect i15 @_ssdm_op_PartSelect.i15.i23.i32.i32, i23 %mul_ln187_24, i32 8, i32 22" [audrey_4_hls/mfcc.cpp:187->audrey_4_hls/mfcc.cpp:64]   --->   Operation 380 'partselect' 'trunc_ln187_23' <Predicate = true> <Delay = 0.00>
ST_6 : Operation 381 [1/1] (0.00ns)   --->   "%sext_ln187_27 = sext i16 %abs_spectrogram_load_25" [audrey_4_hls/mfcc.cpp:187->audrey_4_hls/mfcc.cpp:64]   --->   Operation 381 'sext' 'sext_ln187_27' <Predicate = true> <Delay = 0.00>
ST_6 : Operation 382 [1/1] (0.00ns)   --->   "%zext_ln187_51 = zext i7 %mel_filterbank_25_load" [audrey_4_hls/mfcc.cpp:187->audrey_4_hls/mfcc.cpp:64]   --->   Operation 382 'zext' 'zext_ln187_51' <Predicate = true> <Delay = 0.00>
ST_6 : Operation 383 [1/1] (5.57ns)   --->   "%mul_ln187_25 = mul i23 %zext_ln187_51, i23 %sext_ln187_27" [audrey_4_hls/mfcc.cpp:187->audrey_4_hls/mfcc.cpp:64]   --->   Operation 383 'mul' 'mul_ln187_25' <Predicate = true> <Delay = 5.57> <CoreInst = "Multiplier">   --->   Core 3 'Multiplier' <Latency = 0> <II = 1> <Delay = 5.57> <FuncUnit> <Opcode : 'mul'> <InPorts = 2> <OutPorts = 1>
ST_6 : Operation 384 [1/1] (0.00ns)   --->   "%trunc_ln187_24 = partselect i15 @_ssdm_op_PartSelect.i15.i23.i32.i32, i23 %mul_ln187_25, i32 8, i32 22" [audrey_4_hls/mfcc.cpp:187->audrey_4_hls/mfcc.cpp:64]   --->   Operation 384 'partselect' 'trunc_ln187_24' <Predicate = true> <Delay = 0.00>
ST_6 : Operation 385 [1/1] (0.00ns)   --->   "%sext_ln187_30 = sext i15 %trunc_ln187_25" [audrey_4_hls/mfcc.cpp:187->audrey_4_hls/mfcc.cpp:64]   --->   Operation 385 'sext' 'sext_ln187_30' <Predicate = true> <Delay = 0.00>
ST_6 : Operation 386 [1/1] (0.00ns)   --->   "%sext_ln187_32 = sext i14 %trunc_ln187_26" [audrey_4_hls/mfcc.cpp:187->audrey_4_hls/mfcc.cpp:64]   --->   Operation 386 'sext' 'sext_ln187_32' <Predicate = true> <Delay = 0.00>
ST_6 : Operation 387 [1/1] (0.00ns)   --->   "%sext_ln187_34 = sext i14 %trunc_ln187_27" [audrey_4_hls/mfcc.cpp:187->audrey_4_hls/mfcc.cpp:64]   --->   Operation 387 'sext' 'sext_ln187_34' <Predicate = true> <Delay = 0.00>
ST_6 : Operation 388 [1/1] (0.00ns)   --->   "%sext_ln187_36 = sext i13 %trunc_ln187_28" [audrey_4_hls/mfcc.cpp:187->audrey_4_hls/mfcc.cpp:64]   --->   Operation 388 'sext' 'sext_ln187_36' <Predicate = true> <Delay = 0.00>
ST_6 : Operation 389 [1/1] (0.00ns) (grouped into TernaryAdder)   --->   "%add_ln187_31 = add i16 %trunc_ln187_3, i16 %trunc_ln187_4" [audrey_4_hls/mfcc.cpp:187->audrey_4_hls/mfcc.cpp:64]   --->   Operation 389 'add' 'add_ln187_31' <Predicate = true> <Delay = 0.00> <CoreInst = "TAddSub">   --->   Core 10 'TAddSub' <Latency = 0> <II = 1> <Delay = 2.01> <IPBlock> <Opcode : '<invalid operator> ' 'add' 'sub'> <InPorts = 3> <OutPorts = 1> <Sync> <CReg>
ST_6 : Operation 390 [1/1] (2.14ns)   --->   "%add_ln187_32 = add i16 %trunc_ln187_5, i16 %trunc_ln187_6" [audrey_4_hls/mfcc.cpp:187->audrey_4_hls/mfcc.cpp:64]   --->   Operation 390 'add' 'add_ln187_32' <Predicate = true> <Delay = 2.14> <CoreInst = "Adder">   --->   Core 1 'Adder' <Latency = 0> <II = 1> <Delay = 2.14> <FuncUnit> <Opcode : 'add' 'sub'> <InPorts = 2> <OutPorts = 1>
ST_6 : Operation 391 [1/1] (4.03ns) (root node of TernaryAdder)   --->   "%add_ln187_33 = add i16 %add_ln187_32, i16 %add_ln187_31" [audrey_4_hls/mfcc.cpp:187->audrey_4_hls/mfcc.cpp:64]   --->   Operation 391 'add' 'add_ln187_33' <Predicate = true> <Delay = 4.03> <CoreInst = "TAddSub">   --->   Core 10 'TAddSub' <Latency = 0> <II = 1> <Delay = 2.01> <IPBlock> <Opcode : '<invalid operator> ' 'add' 'sub'> <InPorts = 3> <OutPorts = 1> <Sync> <CReg>
ST_6 : Operation 392 [1/1] (0.00ns) (grouped into TernaryAdder)   --->   "%add_ln187_38 = add i16 %trunc_ln187_10, i16 %trunc_ln187_11" [audrey_4_hls/mfcc.cpp:187->audrey_4_hls/mfcc.cpp:64]   --->   Operation 392 'add' 'add_ln187_38' <Predicate = true> <Delay = 0.00> <CoreInst = "TAddSub">   --->   Core 10 'TAddSub' <Latency = 0> <II = 1> <Delay = 2.01> <IPBlock> <Opcode : '<invalid operator> ' 'add' 'sub'> <InPorts = 3> <OutPorts = 1> <Sync> <CReg>
ST_6 : Operation 393 [1/1] (2.14ns)   --->   "%add_ln187_39 = add i16 %trunc_ln187_12, i16 %trunc_ln187_13" [audrey_4_hls/mfcc.cpp:187->audrey_4_hls/mfcc.cpp:64]   --->   Operation 393 'add' 'add_ln187_39' <Predicate = true> <Delay = 2.14> <CoreInst = "Adder">   --->   Core 1 'Adder' <Latency = 0> <II = 1> <Delay = 2.14> <FuncUnit> <Opcode : 'add' 'sub'> <InPorts = 2> <OutPorts = 1>
ST_6 : Operation 394 [1/1] (4.03ns) (root node of TernaryAdder)   --->   "%add_ln187_40 = add i16 %add_ln187_39, i16 %add_ln187_38" [audrey_4_hls/mfcc.cpp:187->audrey_4_hls/mfcc.cpp:64]   --->   Operation 394 'add' 'add_ln187_40' <Predicate = true> <Delay = 4.03> <CoreInst = "TAddSub">   --->   Core 10 'TAddSub' <Latency = 0> <II = 1> <Delay = 2.01> <IPBlock> <Opcode : '<invalid operator> ' 'add' 'sub'> <InPorts = 3> <OutPorts = 1> <Sync> <CReg>
ST_6 : Operation 395 [1/1] (0.00ns) (grouped into TernaryAdder)   --->   "%add_ln187_43 = add i16 %trunc_ln187_15, i16 %trunc_ln187_16" [audrey_4_hls/mfcc.cpp:187->audrey_4_hls/mfcc.cpp:64]   --->   Operation 395 'add' 'add_ln187_43' <Predicate = true> <Delay = 0.00> <CoreInst = "TAddSub">   --->   Core 10 'TAddSub' <Latency = 0> <II = 1> <Delay = 2.01> <IPBlock> <Opcode : '<invalid operator> ' 'add' 'sub'> <InPorts = 3> <OutPorts = 1> <Sync> <CReg>
ST_6 : Operation 396 [1/1] (4.03ns) (root node of TernaryAdder)   --->   "%add_ln187_44 = add i16 %add_ln187_43, i16 %trunc_ln187_14" [audrey_4_hls/mfcc.cpp:187->audrey_4_hls/mfcc.cpp:64]   --->   Operation 396 'add' 'add_ln187_44' <Predicate = true> <Delay = 4.03> <CoreInst = "TAddSub">   --->   Core 10 'TAddSub' <Latency = 0> <II = 1> <Delay = 2.01> <IPBlock> <Opcode : '<invalid operator> ' 'add' 'sub'> <InPorts = 3> <OutPorts = 1> <Sync> <CReg>
ST_6 : Operation 397 [1/1] (0.00ns) (grouped into TernaryAdder)   --->   "%add_ln187_52 = add i16 %sext_ln187_30, i16 %sext_ln187_32" [audrey_4_hls/mfcc.cpp:187->audrey_4_hls/mfcc.cpp:64]   --->   Operation 397 'add' 'add_ln187_52' <Predicate = true> <Delay = 0.00> <CoreInst = "TAddSub">   --->   Core 10 'TAddSub' <Latency = 0> <II = 1> <Delay = 2.01> <IPBlock> <Opcode : '<invalid operator> ' 'add' 'sub'> <InPorts = 3> <OutPorts = 1> <Sync> <CReg>
ST_6 : Operation 398 [1/1] (2.13ns)   --->   "%add_ln187_53 = add i15 %sext_ln187_34, i15 %sext_ln187_36" [audrey_4_hls/mfcc.cpp:187->audrey_4_hls/mfcc.cpp:64]   --->   Operation 398 'add' 'add_ln187_53' <Predicate = true> <Delay = 2.13> <CoreInst = "Adder">   --->   Core 1 'Adder' <Latency = 0> <II = 1> <Delay = 2.13> <FuncUnit> <Opcode : 'add' 'sub'> <InPorts = 2> <OutPorts = 1>
ST_6 : Operation 399 [1/1] (0.00ns)   --->   "%sext_ln187_37 = sext i15 %add_ln187_53" [audrey_4_hls/mfcc.cpp:187->audrey_4_hls/mfcc.cpp:64]   --->   Operation 399 'sext' 'sext_ln187_37' <Predicate = true> <Delay = 0.00>
ST_6 : Operation 400 [1/1] (4.03ns) (root node of TernaryAdder)   --->   "%add_ln187_54 = add i16 %sext_ln187_37, i16 %add_ln187_52" [audrey_4_hls/mfcc.cpp:187->audrey_4_hls/mfcc.cpp:64]   --->   Operation 400 'add' 'add_ln187_54' <Predicate = true> <Delay = 4.03> <CoreInst = "TAddSub">   --->   Core 10 'TAddSub' <Latency = 0> <II = 1> <Delay = 2.01> <IPBlock> <Opcode : '<invalid operator> ' 'add' 'sub'> <InPorts = 3> <OutPorts = 1> <Sync> <CReg>

State 7 <SV = 6> <Delay = 6.18>
ST_7 : Operation 401 [1/1] (0.00ns)   --->   "%sext_ln187_24 = sext i15 %trunc_ln187_22" [audrey_4_hls/mfcc.cpp:187->audrey_4_hls/mfcc.cpp:64]   --->   Operation 401 'sext' 'sext_ln187_24' <Predicate = true> <Delay = 0.00>
ST_7 : Operation 402 [1/1] (0.00ns)   --->   "%sext_ln187_26 = sext i15 %trunc_ln187_23" [audrey_4_hls/mfcc.cpp:187->audrey_4_hls/mfcc.cpp:64]   --->   Operation 402 'sext' 'sext_ln187_26' <Predicate = true> <Delay = 0.00>
ST_7 : Operation 403 [1/1] (0.00ns)   --->   "%sext_ln187_28 = sext i15 %trunc_ln187_24" [audrey_4_hls/mfcc.cpp:187->audrey_4_hls/mfcc.cpp:64]   --->   Operation 403 'sext' 'sext_ln187_28' <Predicate = true> <Delay = 0.00>
ST_7 : Operation 404 [1/1] (2.14ns)   --->   "%add_ln187_29 = add i16 %trunc_ln1, i16 %trunc_ln187_2" [audrey_4_hls/mfcc.cpp:187->audrey_4_hls/mfcc.cpp:64]   --->   Operation 404 'add' 'add_ln187_29' <Predicate = true> <Delay = 2.14> <CoreInst = "Adder">   --->   Core 1 'Adder' <Latency = 0> <II = 1> <Delay = 2.14> <FuncUnit> <Opcode : 'add' 'sub'> <InPorts = 2> <OutPorts = 1>
ST_7 : Operation 405 [1/1] (0.00ns) (grouped into TernaryAdder)   --->   "%add_ln187_30 = add i16 %add_ln187_29, i16 %trunc_ln187_1" [audrey_4_hls/mfcc.cpp:187->audrey_4_hls/mfcc.cpp:64]   --->   Operation 405 'add' 'add_ln187_30' <Predicate = true> <Delay = 0.00> <CoreInst = "TAddSub">   --->   Core 10 'TAddSub' <Latency = 0> <II = 1> <Delay = 2.01> <IPBlock> <Opcode : '<invalid operator> ' 'add' 'sub'> <InPorts = 3> <OutPorts = 1> <Sync> <CReg>
ST_7 : Operation 406 [1/1] (4.03ns) (root node of TernaryAdder)   --->   "%add_ln187_34 = add i16 %add_ln187_33, i16 %add_ln187_30" [audrey_4_hls/mfcc.cpp:187->audrey_4_hls/mfcc.cpp:64]   --->   Operation 406 'add' 'add_ln187_34' <Predicate = true> <Delay = 4.03> <CoreInst = "TAddSub">   --->   Core 10 'TAddSub' <Latency = 0> <II = 1> <Delay = 2.01> <IPBlock> <Opcode : '<invalid operator> ' 'add' 'sub'> <InPorts = 3> <OutPorts = 1> <Sync> <CReg>
ST_7 : Operation 407 [1/1] (2.14ns)   --->   "%add_ln187_35 = add i16 %trunc_ln187_7, i16 %trunc_ln187_8" [audrey_4_hls/mfcc.cpp:187->audrey_4_hls/mfcc.cpp:64]   --->   Operation 407 'add' 'add_ln187_35' <Predicate = true> <Delay = 2.14> <CoreInst = "Adder">   --->   Core 1 'Adder' <Latency = 0> <II = 1> <Delay = 2.14> <FuncUnit> <Opcode : 'add' 'sub'> <InPorts = 2> <OutPorts = 1>
ST_7 : Operation 408 [1/1] (2.14ns)   --->   "%add_ln187_36 = add i16 %trunc_ln187_9, i16 %trunc_ln187_s" [audrey_4_hls/mfcc.cpp:187->audrey_4_hls/mfcc.cpp:64]   --->   Operation 408 'add' 'add_ln187_36' <Predicate = true> <Delay = 2.14> <CoreInst = "Adder">   --->   Core 1 'Adder' <Latency = 0> <II = 1> <Delay = 2.14> <FuncUnit> <Opcode : 'add' 'sub'> <InPorts = 2> <OutPorts = 1>
ST_7 : Operation 409 [1/1] (0.00ns) (grouped into TernaryAdder)   --->   "%add_ln187_37 = add i16 %add_ln187_36, i16 %add_ln187_35" [audrey_4_hls/mfcc.cpp:187->audrey_4_hls/mfcc.cpp:64]   --->   Operation 409 'add' 'add_ln187_37' <Predicate = true> <Delay = 0.00> <CoreInst = "TAddSub">   --->   Core 10 'TAddSub' <Latency = 0> <II = 1> <Delay = 2.01> <IPBlock> <Opcode : '<invalid operator> ' 'add' 'sub'> <InPorts = 3> <OutPorts = 1> <Sync> <CReg>
ST_7 : Operation 410 [1/1] (4.03ns) (root node of TernaryAdder)   --->   "%add_ln187_41 = add i16 %add_ln187_40, i16 %add_ln187_37" [audrey_4_hls/mfcc.cpp:187->audrey_4_hls/mfcc.cpp:64]   --->   Operation 410 'add' 'add_ln187_41' <Predicate = true> <Delay = 4.03> <CoreInst = "TAddSub">   --->   Core 10 'TAddSub' <Latency = 0> <II = 1> <Delay = 2.01> <IPBlock> <Opcode : '<invalid operator> ' 'add' 'sub'> <InPorts = 3> <OutPorts = 1> <Sync> <CReg>
ST_7 : Operation 411 [1/1] (0.00ns) (grouped into TernaryAdder)   --->   "%add_ln187_45 = add i16 %trunc_ln187_17, i16 %trunc_ln187_18" [audrey_4_hls/mfcc.cpp:187->audrey_4_hls/mfcc.cpp:64]   --->   Operation 411 'add' 'add_ln187_45' <Predicate = true> <Delay = 0.00> <CoreInst = "TAddSub">   --->   Core 10 'TAddSub' <Latency = 0> <II = 1> <Delay = 2.01> <IPBlock> <Opcode : '<invalid operator> ' 'add' 'sub'> <InPorts = 3> <OutPorts = 1> <Sync> <CReg>
ST_7 : Operation 412 [1/1] (2.14ns)   --->   "%add_ln187_46 = add i16 %trunc_ln187_19, i16 %trunc_ln187_20" [audrey_4_hls/mfcc.cpp:187->audrey_4_hls/mfcc.cpp:64]   --->   Operation 412 'add' 'add_ln187_46' <Predicate = true> <Delay = 2.14> <CoreInst = "Adder">   --->   Core 1 'Adder' <Latency = 0> <II = 1> <Delay = 2.14> <FuncUnit> <Opcode : 'add' 'sub'> <InPorts = 2> <OutPorts = 1>
ST_7 : Operation 413 [1/1] (4.03ns) (root node of TernaryAdder)   --->   "%add_ln187_47 = add i16 %add_ln187_46, i16 %add_ln187_45" [audrey_4_hls/mfcc.cpp:187->audrey_4_hls/mfcc.cpp:64]   --->   Operation 413 'add' 'add_ln187_47' <Predicate = true> <Delay = 4.03> <CoreInst = "TAddSub">   --->   Core 10 'TAddSub' <Latency = 0> <II = 1> <Delay = 2.01> <IPBlock> <Opcode : '<invalid operator> ' 'add' 'sub'> <InPorts = 3> <OutPorts = 1> <Sync> <CReg>
ST_7 : Operation 414 [1/1] (2.14ns)   --->   "%add_ln187_49 = add i16 %trunc_ln187_21, i16 %sext_ln187_24" [audrey_4_hls/mfcc.cpp:187->audrey_4_hls/mfcc.cpp:64]   --->   Operation 414 'add' 'add_ln187_49' <Predicate = true> <Delay = 2.14> <CoreInst = "Adder">   --->   Core 1 'Adder' <Latency = 0> <II = 1> <Delay = 2.14> <FuncUnit> <Opcode : 'add' 'sub'> <InPorts = 2> <OutPorts = 1>
ST_7 : Operation 415 [1/1] (2.14ns)   --->   "%add_ln187_50 = add i16 %sext_ln187_26, i16 %sext_ln187_28" [audrey_4_hls/mfcc.cpp:187->audrey_4_hls/mfcc.cpp:64]   --->   Operation 415 'add' 'add_ln187_50' <Predicate = true> <Delay = 2.14> <CoreInst = "Adder">   --->   Core 1 'Adder' <Latency = 0> <II = 1> <Delay = 2.14> <FuncUnit> <Opcode : 'add' 'sub'> <InPorts = 2> <OutPorts = 1>
ST_7 : Operation 416 [1/1] (0.00ns) (grouped into TernaryAdder)   --->   "%add_ln187_51 = add i16 %add_ln187_50, i16 %add_ln187_49" [audrey_4_hls/mfcc.cpp:187->audrey_4_hls/mfcc.cpp:64]   --->   Operation 416 'add' 'add_ln187_51' <Predicate = true> <Delay = 0.00> <CoreInst = "TAddSub">   --->   Core 10 'TAddSub' <Latency = 0> <II = 1> <Delay = 2.01> <IPBlock> <Opcode : '<invalid operator> ' 'add' 'sub'> <InPorts = 3> <OutPorts = 1> <Sync> <CReg>
ST_7 : Operation 417 [1/1] (4.03ns) (root node of TernaryAdder)   --->   "%add_ln187_55 = add i16 %add_ln187_54, i16 %add_ln187_51" [audrey_4_hls/mfcc.cpp:187->audrey_4_hls/mfcc.cpp:64]   --->   Operation 417 'add' 'add_ln187_55' <Predicate = true> <Delay = 4.03> <CoreInst = "TAddSub">   --->   Core 10 'TAddSub' <Latency = 0> <II = 1> <Delay = 2.01> <IPBlock> <Opcode : '<invalid operator> ' 'add' 'sub'> <InPorts = 3> <OutPorts = 1> <Sync> <CReg>
ST_7 : Operation 427 [1/1] (0.00ns)   --->   "%ret_ln0 = ret"   --->   Operation 427 'ret' 'ret_ln0' <Predicate = (icmp_ln180)> <Delay = 0.00>

State 8 <SV = 7> <Delay = 4.03>
ST_8 : Operation 418 [1/1] (0.00ns) (grouped into TernaryAdder)   --->   "%add_ln187_48 = add i16 %add_ln187_47, i16 %add_ln187_44" [audrey_4_hls/mfcc.cpp:187->audrey_4_hls/mfcc.cpp:64]   --->   Operation 418 'add' 'add_ln187_48' <Predicate = true> <Delay = 0.00> <CoreInst = "TAddSub">   --->   Core 10 'TAddSub' <Latency = 0> <II = 1> <Delay = 2.01> <IPBlock> <Opcode : '<invalid operator> ' 'add' 'sub'> <InPorts = 3> <OutPorts = 1> <Sync> <CReg>
ST_8 : Operation 419 [1/1] (4.03ns) (root node of TernaryAdder)   --->   "%add_ln187_56 = add i16 %add_ln187_55, i16 %add_ln187_48" [audrey_4_hls/mfcc.cpp:187->audrey_4_hls/mfcc.cpp:64]   --->   Operation 419 'add' 'add_ln187_56' <Predicate = true> <Delay = 4.03> <CoreInst = "TAddSub">   --->   Core 10 'TAddSub' <Latency = 0> <II = 1> <Delay = 2.01> <IPBlock> <Opcode : '<invalid operator> ' 'add' 'sub'> <InPorts = 3> <OutPorts = 1> <Sync> <CReg>

State 9 <SV = 8> <Delay = 6.18>
ST_9 : Operation 420 [1/1] (0.00ns)   --->   "%speclooptripcount_ln180 = speclooptripcount void @_ssdm_op_SpecLoopTripCount, i64 42, i64 42, i64 42" [audrey_4_hls/mfcc.cpp:180->audrey_4_hls/mfcc.cpp:64]   --->   Operation 420 'speclooptripcount' 'speclooptripcount_ln180' <Predicate = true> <Delay = 0.00>
ST_9 : Operation 421 [1/1] (0.00ns)   --->   "%specloopname_ln180 = specloopname void @_ssdm_op_SpecLoopName, void @empty_6" [audrey_4_hls/mfcc.cpp:180->audrey_4_hls/mfcc.cpp:64]   --->   Operation 421 'specloopname' 'specloopname_ln180' <Predicate = true> <Delay = 0.00>
ST_9 : Operation 422 [1/1] (0.00ns) (grouped into TernaryAdder)   --->   "%add_ln187_42 = add i16 %add_ln187_41, i16 %add_ln187_34" [audrey_4_hls/mfcc.cpp:187->audrey_4_hls/mfcc.cpp:64]   --->   Operation 422 'add' 'add_ln187_42' <Predicate = true> <Delay = 0.00> <CoreInst = "TAddSub">   --->   Core 10 'TAddSub' <Latency = 0> <II = 1> <Delay = 2.01> <IPBlock> <Opcode : '<invalid operator> ' 'add' 'sub'> <InPorts = 3> <OutPorts = 1> <Sync> <CReg>
ST_9 : Operation 423 [1/1] (4.03ns) (root node of TernaryAdder)   --->   "%add_ln187_57 = add i16 %add_ln187_56, i16 %add_ln187_42" [audrey_4_hls/mfcc.cpp:187->audrey_4_hls/mfcc.cpp:64]   --->   Operation 423 'add' 'add_ln187_57' <Predicate = true> <Delay = 4.03> <CoreInst = "TAddSub">   --->   Core 10 'TAddSub' <Latency = 0> <II = 1> <Delay = 2.01> <IPBlock> <Opcode : '<invalid operator> ' 'add' 'sub'> <InPorts = 3> <OutPorts = 1> <Sync> <CReg>
ST_9 : Operation 424 [1/1] (0.00ns)   --->   "%mel_filtered_addr = getelementptr i16 %mel_filtered, i64 0, i64 %m_cast" [audrey_4_hls/mfcc.cpp:190->audrey_4_hls/mfcc.cpp:64]   --->   Operation 424 'getelementptr' 'mel_filtered_addr' <Predicate = true> <Delay = 0.00>
ST_9 : Operation 425 [1/1] (2.15ns)   --->   "%store_ln190 = store i16 %add_ln187_57, i6 %mel_filtered_addr" [audrey_4_hls/mfcc.cpp:190->audrey_4_hls/mfcc.cpp:64]   --->   Operation 425 'store' 'store_ln190' <Predicate = true> <Delay = 2.15> <CoreInst = "RAM">   --->   Core 82 'RAM' <Latency = 1> <II = 1> <Delay = 2.15> <Storage> <Opcode : 'load' 'store'> <Ports = 2> <Width = 16> <Depth = 42> <RAM>
ST_9 : Operation 426 [1/1] (0.00ns)   --->   "%br_ln180 = br void %for.body.i" [audrey_4_hls/mfcc.cpp:180->audrey_4_hls/mfcc.cpp:64]   --->   Operation 426 'br' 'br_ln180' <Predicate = true> <Delay = 0.00>


============================================================
+ Verbose Summary: Timing violations
============================================================
Target clock period: 10.000ns, clock uncertainty: 2.700ns.

 <State 1>: 3.556ns
The critical path consists of the following:
	'alloca' operation ('m') [34]  (0.000 ns)
	'load' operation ('m', audrey_4_hls/mfcc.cpp:180->audrey_4_hls/mfcc.cpp:64) on local variable 'm' [38]  (0.000 ns)
	'add' operation ('add_ln180', audrey_4_hls/mfcc.cpp:180->audrey_4_hls/mfcc.cpp:64) [41]  (1.946 ns)
	'store' operation ('store_ln180', audrey_4_hls/mfcc.cpp:180->audrey_4_hls/mfcc.cpp:64) of variable 'add_ln180', audrey_4_hls/mfcc.cpp:180->audrey_4_hls/mfcc.cpp:64 on local variable 'm' [388]  (1.610 ns)

 <State 2>: 5.409ns
The critical path consists of the following:
	'load' operation ('first_ind_load', audrey_4_hls/mfcc.cpp:183->audrey_4_hls/mfcc.cpp:64) on array 'first_ind' [48]  (2.152 ns)
	'getelementptr' operation ('abs_spectrogram_addr', audrey_4_hls/mfcc.cpp:187->audrey_4_hls/mfcc.cpp:64) [51]  (0.000 ns)
	'load' operation ('abs_spectrogram_load', audrey_4_hls/mfcc.cpp:187->audrey_4_hls/mfcc.cpp:64) on array 'abs_spectrogram' [52]  (3.257 ns)

 <State 3>: 5.372ns
The critical path consists of the following:
	'add' operation ('add_ln187_2', audrey_4_hls/mfcc.cpp:187->audrey_4_hls/mfcc.cpp:64) [79]  (2.115 ns)
	'getelementptr' operation ('abs_spectrogram_addr_3', audrey_4_hls/mfcc.cpp:187->audrey_4_hls/mfcc.cpp:64) [81]  (0.000 ns)
	'load' operation ('abs_spectrogram_load_3', audrey_4_hls/mfcc.cpp:187->audrey_4_hls/mfcc.cpp:64) on array 'abs_spectrogram' [82]  (3.257 ns)

 <State 4>: 5.570ns
The critical path consists of the following:
	'mul' operation ('mul_ln187', audrey_4_hls/mfcc.cpp:187->audrey_4_hls/mfcc.cpp:64) [57]  (5.570 ns)

 <State 5>: 5.570ns
The critical path consists of the following:
	'mul' operation ('mul_ln187_3', audrey_4_hls/mfcc.cpp:187->audrey_4_hls/mfcc.cpp:64) [87]  (5.570 ns)

 <State 6>: 6.183ns
The critical path consists of the following:
	'add' operation ('add_ln187_32', audrey_4_hls/mfcc.cpp:187->audrey_4_hls/mfcc.cpp:64) [359]  (2.146 ns)
	'add' operation ('add_ln187_33', audrey_4_hls/mfcc.cpp:187->audrey_4_hls/mfcc.cpp:64) [360]  (4.037 ns)

 <State 7>: 6.183ns
The critical path consists of the following:
	'add' operation ('add_ln187_29', audrey_4_hls/mfcc.cpp:187->audrey_4_hls/mfcc.cpp:64) [356]  (2.146 ns)
	'add' operation ('add_ln187_30', audrey_4_hls/mfcc.cpp:187->audrey_4_hls/mfcc.cpp:64) [357]  (0.000 ns)
	'add' operation ('add_ln187_34', audrey_4_hls/mfcc.cpp:187->audrey_4_hls/mfcc.cpp:64) [361]  (4.037 ns)

 <State 8>: 4.037ns
The critical path consists of the following:
	'add' operation ('add_ln187_48', audrey_4_hls/mfcc.cpp:187->audrey_4_hls/mfcc.cpp:64) [375]  (0.000 ns)
	'add' operation ('add_ln187_56', audrey_4_hls/mfcc.cpp:187->audrey_4_hls/mfcc.cpp:64) [384]  (4.037 ns)

 <State 9>: 6.189ns
The critical path consists of the following:
	'add' operation ('add_ln187_42', audrey_4_hls/mfcc.cpp:187->audrey_4_hls/mfcc.cpp:64) [369]  (0.000 ns)
	'add' operation ('add_ln187_57', audrey_4_hls/mfcc.cpp:187->audrey_4_hls/mfcc.cpp:64) [385]  (4.037 ns)
	'store' operation ('store_ln190', audrey_4_hls/mfcc.cpp:190->audrey_4_hls/mfcc.cpp:64) of variable 'add_ln187_57', audrey_4_hls/mfcc.cpp:187->audrey_4_hls/mfcc.cpp:64 on array 'mel_filtered' [387]  (2.152 ns)


============================================================
+ Verbose Summary: Binding
============================================================
N/A
* FSMD analyzer results:
  - Output states:
 - Input state : 
  - Chain level:
	State 1
	State 2
	State 3
	State 4
	State 5
	State 6
	State 7
	State 8
	State 9


============================================================
+ Verbose Summary: Datapath Resource usage 
============================================================
N/A
