

================================================================
== Vitis HLS Report for 'mfcc_Pipeline_VITIS_LOOP_180_1'
================================================================
* Date:           Mon Jan 19 23:15:29 2026

* Version:        2023.1 (Build 3854077 on May  4 2023)
* Project:        audrey_4_hls
* Solution:       solution1 (Vivado IP Flow Target)
* Product family: artix7
* Target device:  xc7a100t-csg324-1


================================================================
== Performance Estimates
================================================================
+ Timing: 
    * Summary: 
    +--------+----------+----------+------------+
    |  Clock |  Target  | Estimated| Uncertainty|
    +--------+----------+----------+------------+
    |ap_clk  |  10.00 ns|  6.189 ns|     2.70 ns|
    +--------+----------+----------+------------+

+ Latency: 
    * Summary: 
    +---------+---------+----------+----------+-----+-----+---------+
    |  Latency (cycles) |  Latency (absolute) |  Interval | Pipeline|
    |   min   |   max   |    min   |    max   | min | max |   Type  |
    +---------+---------+----------+----------+-----+-----+---------+
    |       92|       92|  0.920 us|  0.920 us|   92|   92|       no|
    +---------+---------+----------+----------+-----+-----+---------+

    + Detail: 
        * Instance: 
        N/A

        * Loop: 
        +--------------------+---------+---------+----------+-----------+-----------+------+----------+
        |                    |  Latency (cycles) | Iteration|  Initiation Interval  | Trip |          |
        |      Loop Name     |   min   |   max   |  Latency |  achieved |   target  | Count| Pipelined|
        +--------------------+---------+---------+----------+-----------+-----------+------+----------+
        |- VITIS_LOOP_180_1  |       90|       90|         9|          2|          1|    42|       yes|
        +--------------------+---------+---------+----------+-----------+-----------+------+----------+



================================================================
== Utilization Estimates
================================================================
* Summary: 
+-----------------+---------+-----+--------+-------+-----+
|       Name      | BRAM_18K| DSP |   FF   |  LUT  | URAM|
+-----------------+---------+-----+--------+-------+-----+
|DSP              |        -|    -|       -|      -|    -|
|Expression       |        -|    -|       0|   1020|    -|
|FIFO             |        -|    -|       -|      -|    -|
|Instance         |        -|   30|       0|    180|    -|
|Memory           |        0|    -|     237|    176|    -|
|Multiplexer      |        -|    -|       -|    289|    -|
|Register         |        -|    -|    1266|     64|    -|
+-----------------+---------+-----+--------+-------+-----+
|Total            |        0|   30|    1503|   1729|    0|
+-----------------+---------+-----+--------+-------+-----+
|Available        |      270|  240|  126800|  63400|    0|
+-----------------+---------+-----+--------+-------+-----+
|Utilization (%)  |        0|   12|       1|      2|    0|
+-----------------+---------+-----+--------+-------+-----+

+ Detail: 
    * Instance: 
    +------------------------+--------------------+---------+----+---+----+-----+
    |        Instance        |       Module       | BRAM_18K| DSP| FF| LUT| URAM|
    +------------------------+--------------------+---------+----+---+----+-----+
    |mul_5ns_16s_21_1_1_U21  |mul_5ns_16s_21_1_1  |        0|   1|  0|   6|    0|
    |mul_6ns_16s_22_1_1_U19  |mul_6ns_16s_22_1_1  |        0|   1|  0|   6|    0|
    |mul_6ns_16s_22_1_1_U20  |mul_6ns_16s_22_1_1  |        0|   1|  0|   6|    0|
    |mul_7ns_16s_23_1_1_U18  |mul_7ns_16s_23_1_1  |        0|   1|  0|   6|    0|
    |mul_7ns_16s_23_1_1_U33  |mul_7ns_16s_23_1_1  |        0|   1|  0|   6|    0|
    |mul_7ns_16s_23_1_1_U34  |mul_7ns_16s_23_1_1  |        0|   1|  0|   6|    0|
    |mul_7ns_16s_23_1_1_U35  |mul_7ns_16s_23_1_1  |        0|   1|  0|   6|    0|
    |mul_8ns_16s_24_1_1_U6   |mul_8ns_16s_24_1_1  |        0|   1|  0|   6|    0|
    |mul_8ns_16s_24_1_1_U7   |mul_8ns_16s_24_1_1  |        0|   1|  0|   6|    0|
    |mul_8ns_16s_24_1_1_U8   |mul_8ns_16s_24_1_1  |        0|   1|  0|   6|    0|
    |mul_8ns_16s_24_1_1_U9   |mul_8ns_16s_24_1_1  |        0|   1|  0|   6|    0|
    |mul_8ns_16s_24_1_1_U10  |mul_8ns_16s_24_1_1  |        0|   1|  0|   6|    0|
    |mul_8ns_16s_24_1_1_U11  |mul_8ns_16s_24_1_1  |        0|   1|  0|   6|    0|
    |mul_8ns_16s_24_1_1_U12  |mul_8ns_16s_24_1_1  |        0|   1|  0|   6|    0|
    |mul_8ns_16s_24_1_1_U13  |mul_8ns_16s_24_1_1  |        0|   1|  0|   6|    0|
    |mul_8ns_16s_24_1_1_U14  |mul_8ns_16s_24_1_1  |        0|   1|  0|   6|    0|
    |mul_8ns_16s_24_1_1_U15  |mul_8ns_16s_24_1_1  |        0|   1|  0|   6|    0|
    |mul_8ns_16s_24_1_1_U16  |mul_8ns_16s_24_1_1  |        0|   1|  0|   6|    0|
    |mul_8ns_16s_24_1_1_U17  |mul_8ns_16s_24_1_1  |        0|   1|  0|   6|    0|
    |mul_8ns_16s_24_1_1_U22  |mul_8ns_16s_24_1_1  |        0|   1|  0|   6|    0|
    |mul_8ns_16s_24_1_1_U23  |mul_8ns_16s_24_1_1  |        0|   1|  0|   6|    0|
    |mul_8ns_16s_24_1_1_U24  |mul_8ns_16s_24_1_1  |        0|   1|  0|   6|    0|
    |mul_8ns_16s_24_1_1_U25  |mul_8ns_16s_24_1_1  |        0|   1|  0|   6|    0|
    |mul_8ns_16s_24_1_1_U26  |mul_8ns_16s_24_1_1  |        0|   1|  0|   6|    0|
    |mul_8ns_16s_24_1_1_U27  |mul_8ns_16s_24_1_1  |        0|   1|  0|   6|    0|
    |mul_8ns_16s_24_1_1_U28  |mul_8ns_16s_24_1_1  |        0|   1|  0|   6|    0|
    |mul_8ns_16s_24_1_1_U29  |mul_8ns_16s_24_1_1  |        0|   1|  0|   6|    0|
    |mul_8ns_16s_24_1_1_U30  |mul_8ns_16s_24_1_1  |        0|   1|  0|   6|    0|
    |mul_8ns_16s_24_1_1_U31  |mul_8ns_16s_24_1_1  |        0|   1|  0|   6|    0|
    |mul_8ns_16s_24_1_1_U32  |mul_8ns_16s_24_1_1  |        0|   1|  0|   6|    0|
    +------------------------+--------------------+---------+----+---+----+-----+
    |Total                   |                    |        0|  30|  0| 180|    0|
    +------------------------+--------------------+---------+----+---+----+-----+

    * DSP: 
    N/A

    * Memory: 
    +---------------------+--------------------------------------------------------------+---------+---+----+-----+------+-----+------+-------------+
    |        Memory       |                            Module                            | BRAM_18K| FF| LUT| URAM| Words| Bits| Banks| W*Bits*Banks|
    +---------------------+--------------------------------------------------------------+---------+---+----+-----+------+-----+------+-------------+
    |first_ind_U          |mfcc_Pipeline_VITIS_LOOP_180_1_first_ind_ROM_AUTO_1R          |        0|  8|   6|    0|    42|    8|     1|          336|
    |mel_filterbank_0_U   |mfcc_Pipeline_VITIS_LOOP_180_1_mel_filterbank_0_ROM_AUTO_1R   |        0|  8|   6|    0|    42|    8|     1|          336|
    |mel_filterbank_10_U  |mfcc_Pipeline_VITIS_LOOP_180_1_mel_filterbank_10_ROM_AUTO_1R  |        0|  8|   6|    0|    42|    8|     1|          336|
    |mel_filterbank_11_U  |mfcc_Pipeline_VITIS_LOOP_180_1_mel_filterbank_11_ROM_AUTO_1R  |        0|  8|   6|    0|    42|    8|     1|          336|
    |mel_filterbank_12_U  |mfcc_Pipeline_VITIS_LOOP_180_1_mel_filterbank_12_ROM_AUTO_1R  |        0|  8|   6|    0|    42|    8|     1|          336|
    |mel_filterbank_13_U  |mfcc_Pipeline_VITIS_LOOP_180_1_mel_filterbank_13_ROM_AUTO_1R  |        0|  8|   6|    0|    42|    8|     1|          336|
    |mel_filterbank_14_U  |mfcc_Pipeline_VITIS_LOOP_180_1_mel_filterbank_14_ROM_AUTO_1R  |        0|  8|   6|    0|    42|    8|     1|          336|
    |mel_filterbank_15_U  |mfcc_Pipeline_VITIS_LOOP_180_1_mel_filterbank_15_ROM_AUTO_1R  |        0|  8|   6|    0|    42|    8|     1|          336|
    |mel_filterbank_16_U  |mfcc_Pipeline_VITIS_LOOP_180_1_mel_filterbank_16_ROM_AUTO_1R  |        0|  8|   6|    0|    42|    8|     1|          336|
    |mel_filterbank_17_U  |mfcc_Pipeline_VITIS_LOOP_180_1_mel_filterbank_17_ROM_AUTO_1R  |        0|  8|   6|    0|    42|    8|     1|          336|
    |mel_filterbank_18_U  |mfcc_Pipeline_VITIS_LOOP_180_1_mel_filterbank_18_ROM_AUTO_1R  |        0|  8|   6|    0|    42|    8|     1|          336|
    |mel_filterbank_19_U  |mfcc_Pipeline_VITIS_LOOP_180_1_mel_filterbank_19_ROM_AUTO_1R  |        0|  8|   6|    0|    42|    8|     1|          336|
    |mel_filterbank_1_U   |mfcc_Pipeline_VITIS_LOOP_180_1_mel_filterbank_1_ROM_AUTO_1R   |        0|  8|   6|    0|    42|    8|     1|          336|
    |mel_filterbank_20_U  |mfcc_Pipeline_VITIS_LOOP_180_1_mel_filterbank_20_ROM_AUTO_1R  |        0|  8|   6|    0|    42|    8|     1|          336|
    |mel_filterbank_21_U  |mfcc_Pipeline_VITIS_LOOP_180_1_mel_filterbank_21_ROM_AUTO_1R  |        0|  8|   6|    0|    42|    8|     1|          336|
    |mel_filterbank_22_U  |mfcc_Pipeline_VITIS_LOOP_180_1_mel_filterbank_22_ROM_AUTO_1R  |        0|  8|   6|    0|    42|    8|     1|          336|
    |mel_filterbank_23_U  |mfcc_Pipeline_VITIS_LOOP_180_1_mel_filterbank_23_ROM_AUTO_1R  |        0|  7|   5|    0|    42|    7|     1|          294|
    |mel_filterbank_24_U  |mfcc_Pipeline_VITIS_LOOP_180_1_mel_filterbank_24_ROM_AUTO_1R  |        0|  7|   5|    0|    42|    7|     1|          294|
    |mel_filterbank_25_U  |mfcc_Pipeline_VITIS_LOOP_180_1_mel_filterbank_25_ROM_AUTO_1R  |        0|  7|   5|    0|    42|    7|     1|          294|
    |mel_filterbank_26_U  |mfcc_Pipeline_VITIS_LOOP_180_1_mel_filterbank_26_ROM_AUTO_1R  |        0|  7|   5|    0|    42|    7|     1|          294|
    |mel_filterbank_27_U  |mfcc_Pipeline_VITIS_LOOP_180_1_mel_filterbank_27_ROM_AUTO_1R  |        0|  6|   4|    0|    42|    6|     1|          252|
    |mel_filterbank_28_U  |mfcc_Pipeline_VITIS_LOOP_180_1_mel_filterbank_28_ROM_AUTO_1R  |        0|  6|   4|    0|    42|    6|     1|          252|
    |mel_filterbank_29_U  |mfcc_Pipeline_VITIS_LOOP_180_1_mel_filterbank_29_ROM_AUTO_1R  |        0|  5|   4|    0|    42|    5|     1|          210|
    |mel_filterbank_2_U   |mfcc_Pipeline_VITIS_LOOP_180_1_mel_filterbank_2_ROM_AUTO_1R   |        0|  8|   6|    0|    42|    8|     1|          336|
    |mel_filterbank_3_U   |mfcc_Pipeline_VITIS_LOOP_180_1_mel_filterbank_3_ROM_AUTO_1R   |        0|  8|   6|    0|    42|    8|     1|          336|
    |mel_filterbank_4_U   |mfcc_Pipeline_VITIS_LOOP_180_1_mel_filterbank_4_ROM_AUTO_1R   |        0|  8|   6|    0|    42|    8|     1|          336|
    |mel_filterbank_5_U   |mfcc_Pipeline_VITIS_LOOP_180_1_mel_filterbank_5_ROM_AUTO_1R   |        0|  8|   6|    0|    42|    8|     1|          336|
    |mel_filterbank_6_U   |mfcc_Pipeline_VITIS_LOOP_180_1_mel_filterbank_6_ROM_AUTO_1R   |        0|  8|   6|    0|    42|    8|     1|          336|
    |mel_filterbank_7_U   |mfcc_Pipeline_VITIS_LOOP_180_1_mel_filterbank_7_ROM_AUTO_1R   |        0|  8|   6|    0|    42|    8|     1|          336|
    |mel_filterbank_8_U   |mfcc_Pipeline_VITIS_LOOP_180_1_mel_filterbank_8_ROM_AUTO_1R   |        0|  8|   6|    0|    42|    8|     1|          336|
    |mel_filterbank_9_U   |mfcc_Pipeline_VITIS_LOOP_180_1_mel_filterbank_9_ROM_AUTO_1R   |        0|  8|   6|    0|    42|    8|     1|          336|
    +---------------------+--------------------------------------------------------------+---------+---+----+-----+------+-----+------+-------------+
    |Total                |                                                              |        0|237| 176|    0|  1302|  237|    31|         9954|
    +---------------------+--------------------------------------------------------------+---------+---+----+-----+------+-----+------+-------------+

    * FIFO: 
    N/A

    * Expression: 
    +-------------------------+----------+----+---+----+------------+------------+
    |      Variable Name      | Operation| DSP| FF| LUT| Bitwidth P0| Bitwidth P1|
    +-------------------------+----------+----+---+----+------------+------------+
    |add_ln180_fu_963_p2      |         +|   0|  0|  14|           6|           1|
    |add_ln187_10_fu_1032_p2  |         +|   0|  0|  16|           9|           4|
    |add_ln187_11_fu_1043_p2  |         +|   0|  0|  16|           9|           4|
    |add_ln187_12_fu_1054_p2  |         +|   0|  0|  16|           9|           4|
    |add_ln187_13_fu_1065_p2  |         +|   0|  0|  16|           9|           4|
    |add_ln187_14_fu_1076_p2  |         +|   0|  0|  16|           9|           4|
    |add_ln187_15_fu_1087_p2  |         +|   0|  0|  16|           9|           5|
    |add_ln187_16_fu_1098_p2  |         +|   0|  0|  16|           9|           5|
    |add_ln187_17_fu_1236_p2  |         +|   0|  0|  16|           9|           5|
    |add_ln187_18_fu_1246_p2  |         +|   0|  0|  16|           9|           5|
    |add_ln187_19_fu_1256_p2  |         +|   0|  0|  16|           9|           5|
    |add_ln187_1_fu_1186_p2   |         +|   0|  0|  16|           9|           2|
    |add_ln187_20_fu_1266_p2  |         +|   0|  0|  16|           9|           5|
    |add_ln187_21_fu_1276_p2  |         +|   0|  0|  16|           9|           5|
    |add_ln187_22_fu_1286_p2  |         +|   0|  0|  16|           9|           5|
    |add_ln187_23_fu_1296_p2  |         +|   0|  0|  16|           9|           5|
    |add_ln187_24_fu_1306_p2  |         +|   0|  0|  16|           9|           5|
    |add_ln187_25_fu_1109_p2  |         +|   0|  0|  16|           9|           5|
    |add_ln187_26_fu_1120_p2  |         +|   0|  0|  16|           9|           5|
    |add_ln187_27_fu_1131_p2  |         +|   0|  0|  16|           9|           5|
    |add_ln187_28_fu_1142_p2  |         +|   0|  0|  16|           9|           5|
    |add_ln187_29_fu_2063_p2  |         +|   0|  0|  23|          16|          16|
    |add_ln187_2_fu_988_p2    |         +|   0|  0|  16|           9|           2|
    |add_ln187_30_fu_2067_p2  |         +|   0|  0|  16|          16|          16|
    |add_ln187_31_fu_1995_p2  |         +|   0|  0|  16|          16|          16|
    |add_ln187_32_fu_1999_p2  |         +|   0|  0|  23|          16|          16|
    |add_ln187_33_fu_2003_p2  |         +|   0|  0|  16|          16|          16|
    |add_ln187_34_fu_2072_p2  |         +|   0|  0|  16|          16|          16|
    |add_ln187_35_fu_2077_p2  |         +|   0|  0|  23|          16|          16|
    |add_ln187_36_fu_2081_p2  |         +|   0|  0|  23|          16|          16|
    |add_ln187_37_fu_2085_p2  |         +|   0|  0|  16|          16|          16|
    |add_ln187_38_fu_2009_p2  |         +|   0|  0|  16|          16|          16|
    |add_ln187_39_fu_2013_p2  |         +|   0|  0|  23|          16|          16|
    |add_ln187_3_fu_999_p2    |         +|   0|  0|  16|           9|           3|
    |add_ln187_40_fu_2017_p2  |         +|   0|  0|  16|          16|          16|
    |add_ln187_41_fu_2091_p2  |         +|   0|  0|  16|          16|          16|
    |add_ln187_42_fu_2141_p2  |         +|   0|  0|  16|          16|          16|
    |add_ln187_43_fu_2023_p2  |         +|   0|  0|  16|          16|          16|
    |add_ln187_44_fu_2027_p2  |         +|   0|  0|  16|          16|          16|
    |add_ln187_45_fu_2096_p2  |         +|   0|  0|  16|          16|          16|
    |add_ln187_46_fu_2100_p2  |         +|   0|  0|  23|          16|          16|
    |add_ln187_47_fu_2104_p2  |         +|   0|  0|  16|          16|          16|
    |add_ln187_48_fu_2132_p2  |         +|   0|  0|  16|          16|          16|
    |add_ln187_49_fu_2110_p2  |         +|   0|  0|  23|          16|          16|
    |add_ln187_4_fu_1010_p2   |         +|   0|  0|  16|           9|           3|
    |add_ln187_50_fu_2115_p2  |         +|   0|  0|  23|          16|          16|
    |add_ln187_51_fu_2121_p2  |         +|   0|  0|  16|          16|          16|
    |add_ln187_52_fu_2032_p2  |         +|   0|  0|  16|          16|          16|
    |add_ln187_53_fu_2038_p2  |         +|   0|  0|  22|          15|          15|
    |add_ln187_54_fu_2048_p2  |         +|   0|  0|  16|          16|          16|
    |add_ln187_55_fu_2127_p2  |         +|   0|  0|  16|          16|          16|
    |add_ln187_56_fu_2136_p2  |         +|   0|  0|  16|          16|          16|
    |add_ln187_5_fu_1021_p2   |         +|   0|  0|  16|           9|           3|
    |add_ln187_6_fu_1196_p2   |         +|   0|  0|  16|           9|           3|
    |add_ln187_7_fu_1206_p2   |         +|   0|  0|  16|           9|           4|
    |add_ln187_8_fu_1216_p2   |         +|   0|  0|  16|           9|           4|
    |add_ln187_9_fu_1226_p2   |         +|   0|  0|  16|           9|           4|
    |add_ln187_fu_1176_p2     |         +|   0|  0|  16|           9|           1|
    |mel_filtered_d0          |         +|   0|  0|  16|          16|          16|
    |icmp_ln180_fu_957_p2     |      icmp|   0|  0|  14|           6|           6|
    |ap_enable_pp0            |       xor|   0|  0|   2|           1|           2|
    +-------------------------+----------+----+---+----+------------+------------+
    |Total                    |          |   0|  0|1020|         737|         591|
    +-------------------------+----------+----+---+----+------------+------------+

    * Multiplexer: 
    +----------------------------------+----+-----------+-----+-----------+
    |               Name               | LUT| Input Size| Bits| Total Bits|
    +----------------------------------+----+-----------+-----+-----------+
    |abs_spectrogram_address0          |  13|          3|    9|         27|
    |abs_spectrogram_address1          |  13|          3|    9|         27|
    |abs_spectrogram_address10         |  13|          3|    9|         27|
    |abs_spectrogram_address11         |  13|          3|    9|         27|
    |abs_spectrogram_address12         |  13|          3|    9|         27|
    |abs_spectrogram_address13         |  13|          3|    9|         27|
    |abs_spectrogram_address14         |  13|          3|    9|         27|
    |abs_spectrogram_address2          |  13|          3|    9|         27|
    |abs_spectrogram_address3          |  13|          3|    9|         27|
    |abs_spectrogram_address4          |  13|          3|    9|         27|
    |abs_spectrogram_address5          |  13|          3|    9|         27|
    |abs_spectrogram_address6          |  13|          3|    9|         27|
    |abs_spectrogram_address7          |  13|          3|    9|         27|
    |abs_spectrogram_address8          |  13|          3|    9|         27|
    |abs_spectrogram_address9          |  13|          3|    9|         27|
    |ap_NS_fsm                         |  13|          3|    1|          3|
    |ap_done_int                       |   9|          2|    1|          2|
    |ap_enable_reg_pp0_iter0           |   9|          2|    1|          2|
    |ap_enable_reg_pp0_iter1           |   9|          2|    1|          2|
    |ap_enable_reg_pp0_iter4           |   9|          2|    1|          2|
    |ap_loop_exit_ready_pp0_iter1_reg  |   9|          2|    1|          2|
    |ap_loop_exit_ready_pp0_iter2_reg  |   9|          2|    1|          2|
    |ap_loop_exit_ready_pp0_iter3_reg  |   9|          2|    1|          2|
    |ap_sig_allocacmp_m_2              |   9|          2|    6|         12|
    |m_fu_168                          |   9|          2|    6|         12|
    +----------------------------------+----+-----------+-----+-----------+
    |Total                             | 289|         66|  155|        446|
    +----------------------------------+----+-----------+-----+-----------+

    * Register: 
    +----------------------------------+----+----+-----+-----------+
    |               Name               | FF | LUT| Bits| Const Bits|
    +----------------------------------+----+----+-----+-----------+
    |add_ln187_33_reg_2824             |  16|   0|   16|          0|
    |add_ln187_34_reg_2844             |  16|   0|   16|          0|
    |add_ln187_40_reg_2829             |  16|   0|   16|          0|
    |add_ln187_41_reg_2849             |  16|   0|   16|          0|
    |add_ln187_44_reg_2834             |  16|   0|   16|          0|
    |add_ln187_47_reg_2854             |  16|   0|   16|          0|
    |add_ln187_54_reg_2839             |  16|   0|   16|          0|
    |add_ln187_55_reg_2859             |  16|   0|   16|          0|
    |add_ln187_56_reg_2864             |  16|   0|   16|          0|
    |ap_CS_fsm                         |   2|   0|    2|          0|
    |ap_done_reg                       |   1|   0|    1|          0|
    |ap_enable_reg_pp0_iter0_reg       |   1|   0|    1|          0|
    |ap_enable_reg_pp0_iter1           |   1|   0|    1|          0|
    |ap_enable_reg_pp0_iter2           |   1|   0|    1|          0|
    |ap_enable_reg_pp0_iter3           |   1|   0|    1|          0|
    |ap_enable_reg_pp0_iter4           |   1|   0|    1|          0|
    |ap_loop_exit_ready_pp0_iter1_reg  |   1|   0|    1|          0|
    |ap_loop_exit_ready_pp0_iter2_reg  |   1|   0|    1|          0|
    |ap_loop_exit_ready_pp0_iter3_reg  |   1|   0|    1|          0|
    |first_ind_load_reg_2206           |   8|   0|    8|          0|
    |icmp_ln180_reg_2158               |   1|   0|    1|          0|
    |m_cast_reg_2162                   |   6|   0|   64|         58|
    |m_fu_168                          |   6|   0|    6|          0|
    |mel_filterbank_0_load_reg_2216    |   8|   0|    8|          0|
    |mel_filterbank_10_load_reg_2539   |   8|   0|    8|          0|
    |mel_filterbank_11_load_reg_2544   |   8|   0|    8|          0|
    |mel_filterbank_12_load_reg_2549   |   8|   0|    8|          0|
    |mel_filterbank_13_load_reg_2554   |   8|   0|    8|          0|
    |mel_filterbank_14_load_reg_2559   |   8|   0|    8|          0|
    |mel_filterbank_15_load_reg_2564   |   8|   0|    8|          0|
    |mel_filterbank_16_load_reg_2569   |   8|   0|    8|          0|
    |mel_filterbank_17_load_reg_2574   |   8|   0|    8|          0|
    |mel_filterbank_18_load_reg_2584   |   8|   0|    8|          0|
    |mel_filterbank_19_load_reg_2594   |   8|   0|    8|          0|
    |mel_filterbank_1_load_reg_2469    |   8|   0|    8|          0|
    |mel_filterbank_20_load_reg_2604   |   8|   0|    8|          0|
    |mel_filterbank_21_load_reg_2614   |   8|   0|    8|          0|
    |mel_filterbank_22_load_reg_2624   |   8|   0|    8|          0|
    |mel_filterbank_23_load_reg_2634   |   7|   0|    7|          0|
    |mel_filterbank_24_load_reg_2644   |   7|   0|    7|          0|
    |mel_filterbank_25_load_reg_2654   |   7|   0|    7|          0|
    |mel_filterbank_26_load_reg_2659   |   7|   0|    7|          0|
    |mel_filterbank_27_load_reg_2664   |   6|   0|    6|          0|
    |mel_filterbank_28_load_reg_2669   |   6|   0|    6|          0|
    |mel_filterbank_29_load_reg_2674   |   5|   0|    5|          0|
    |mel_filterbank_2_load_reg_2479    |   8|   0|    8|          0|
    |mel_filterbank_3_load_reg_2484    |   8|   0|    8|          0|
    |mel_filterbank_4_load_reg_2489    |   8|   0|    8|          0|
    |mel_filterbank_5_load_reg_2494    |   8|   0|    8|          0|
    |mel_filterbank_6_load_reg_2499    |   8|   0|    8|          0|
    |mel_filterbank_7_load_reg_2509    |   8|   0|    8|          0|
    |mel_filterbank_8_load_reg_2519    |   8|   0|    8|          0|
    |mel_filterbank_9_load_reg_2529    |   8|   0|    8|          0|
    |reg_889                           |  16|   0|   16|          0|
    |reg_893                           |  16|   0|   16|          0|
    |reg_897                           |  16|   0|   16|          0|
    |reg_901                           |  16|   0|   16|          0|
    |reg_905                           |  16|   0|   16|          0|
    |reg_909                           |  16|   0|   16|          0|
    |reg_913                           |  16|   0|   16|          0|
    |reg_917                           |  16|   0|   16|          0|
    |reg_921                           |  16|   0|   16|          0|
    |reg_925                           |  16|   0|   16|          0|
    |reg_929                           |  16|   0|   16|          0|
    |reg_933                           |  16|   0|   16|          0|
    |reg_937                           |  16|   0|   16|          0|
    |reg_941                           |  16|   0|   16|          0|
    |reg_945                           |  16|   0|   16|          0|
    |trunc_ln187_10_reg_2699           |  16|   0|   16|          0|
    |trunc_ln187_11_reg_2704           |  16|   0|   16|          0|
    |trunc_ln187_12_reg_2709           |  16|   0|   16|          0|
    |trunc_ln187_13_reg_2714           |  16|   0|   16|          0|
    |trunc_ln187_14_reg_2719           |  16|   0|   16|          0|
    |trunc_ln187_15_reg_2724           |  16|   0|   16|          0|
    |trunc_ln187_16_reg_2729           |  16|   0|   16|          0|
    |trunc_ln187_17_reg_2784           |  16|   0|   16|          0|
    |trunc_ln187_18_reg_2789           |  16|   0|   16|          0|
    |trunc_ln187_19_reg_2794           |  16|   0|   16|          0|
    |trunc_ln187_1_reg_2754            |  16|   0|   16|          0|
    |trunc_ln187_20_reg_2799           |  16|   0|   16|          0|
    |trunc_ln187_21_reg_2804           |  16|   0|   16|          0|
    |trunc_ln187_22_reg_2809           |  15|   0|   15|          0|
    |trunc_ln187_23_reg_2814           |  15|   0|   15|          0|
    |trunc_ln187_24_reg_2819           |  15|   0|   15|          0|
    |trunc_ln187_25_reg_2734           |  15|   0|   15|          0|
    |trunc_ln187_26_reg_2739           |  14|   0|   14|          0|
    |trunc_ln187_27_reg_2744           |  14|   0|   14|          0|
    |trunc_ln187_28_reg_2749           |  13|   0|   13|          0|
    |trunc_ln187_2_reg_2759            |  16|   0|   16|          0|
    |trunc_ln187_3_reg_2679            |  16|   0|   16|          0|
    |trunc_ln187_4_reg_2684            |  16|   0|   16|          0|
    |trunc_ln187_5_reg_2689            |  16|   0|   16|          0|
    |trunc_ln187_6_reg_2694            |  16|   0|   16|          0|
    |trunc_ln187_7_reg_2764            |  16|   0|   16|          0|
    |trunc_ln187_8_reg_2769            |  16|   0|   16|          0|
    |trunc_ln187_9_reg_2774            |  16|   0|   16|          0|
    |trunc_ln187_s_reg_2779            |  16|   0|   16|          0|
    |trunc_ln1_reg_2459                |  16|   0|   16|          0|
    |trunc_ln1_reg_2459_pp0_iter2_reg  |  16|   0|   16|          0|
    |zext_ln187_reg_2221               |   8|   0|    9|          1|
    |icmp_ln180_reg_2158               |  64|  32|    1|          0|
    |m_cast_reg_2162                   |  64|  32|   64|         58|
    +----------------------------------+----+----+-----+-----------+
    |Total                             |1266|  64| 1262|        117|
    +----------------------------------+----+----+-----+-----------+



================================================================
== Interface
================================================================
* Summary: 
+---------------------------+-----+-----+------------+--------------------------------+--------------+
|         RTL Ports         | Dir | Bits|  Protocol  |          Source Object         |    C Type    |
+---------------------------+-----+-----+------------+--------------------------------+--------------+
|ap_clk                     |   in|    1|  ap_ctrl_hs|  mfcc_Pipeline_VITIS_LOOP_180_1|  return value|
|ap_rst                     |   in|    1|  ap_ctrl_hs|  mfcc_Pipeline_VITIS_LOOP_180_1|  return value|
|ap_start                   |   in|    1|  ap_ctrl_hs|  mfcc_Pipeline_VITIS_LOOP_180_1|  return value|
|ap_done                    |  out|    1|  ap_ctrl_hs|  mfcc_Pipeline_VITIS_LOOP_180_1|  return value|
|ap_idle                    |  out|    1|  ap_ctrl_hs|  mfcc_Pipeline_VITIS_LOOP_180_1|  return value|
|ap_ready                   |  out|    1|  ap_ctrl_hs|  mfcc_Pipeline_VITIS_LOOP_180_1|  return value|
|abs_spectrogram_address0   |  out|    9|   ap_memory|                 abs_spectrogram|         array|
|abs_spectrogram_ce0        |  out|    1|   ap_memory|                 abs_spectrogram|         array|
|abs_spectrogram_q0         |   in|   16|   ap_memory|                 abs_spectrogram|         array|
|abs_spectrogram_address1   |  out|    9|   ap_memory|                 abs_spectrogram|         array|
|abs_spectrogram_ce1        |  out|    1|   ap_memory|                 abs_spectrogram|         array|
|abs_spectrogram_q1         |   in|   16|   ap_memory|                 abs_spectrogram|         array|
|abs_spectrogram_address2   |  out|    9|   ap_memory|                 abs_spectrogram|         array|
|abs_spectrogram_ce2        |  out|    1|   ap_memory|                 abs_spectrogram|         array|
|abs_spectrogram_q2         |   in|   16|   ap_memory|                 abs_spectrogram|         array|
|abs_spectrogram_address3   |  out|    9|   ap_memory|                 abs_spectrogram|         array|
|abs_spectrogram_ce3        |  out|    1|   ap_memory|                 abs_spectrogram|         array|
|abs_spectrogram_q3         |   in|   16|   ap_memory|                 abs_spectrogram|         array|
|abs_spectrogram_address4   |  out|    9|   ap_memory|                 abs_spectrogram|         array|
|abs_spectrogram_ce4        |  out|    1|   ap_memory|                 abs_spectrogram|         array|
|abs_spectrogram_q4         |   in|   16|   ap_memory|                 abs_spectrogram|         array|
|abs_spectrogram_address5   |  out|    9|   ap_memory|                 abs_spectrogram|         array|
|abs_spectrogram_ce5        |  out|    1|   ap_memory|                 abs_spectrogram|         array|
|abs_spectrogram_q5         |   in|   16|   ap_memory|                 abs_spectrogram|         array|
|abs_spectrogram_address6   |  out|    9|   ap_memory|                 abs_spectrogram|         array|
|abs_spectrogram_ce6        |  out|    1|   ap_memory|                 abs_spectrogram|         array|
|abs_spectrogram_q6         |   in|   16|   ap_memory|                 abs_spectrogram|         array|
|abs_spectrogram_address7   |  out|    9|   ap_memory|                 abs_spectrogram|         array|
|abs_spectrogram_ce7        |  out|    1|   ap_memory|                 abs_spectrogram|         array|
|abs_spectrogram_q7         |   in|   16|   ap_memory|                 abs_spectrogram|         array|
|abs_spectrogram_address8   |  out|    9|   ap_memory|                 abs_spectrogram|         array|
|abs_spectrogram_ce8        |  out|    1|   ap_memory|                 abs_spectrogram|         array|
|abs_spectrogram_q8         |   in|   16|   ap_memory|                 abs_spectrogram|         array|
|abs_spectrogram_address9   |  out|    9|   ap_memory|                 abs_spectrogram|         array|
|abs_spectrogram_ce9        |  out|    1|   ap_memory|                 abs_spectrogram|         array|
|abs_spectrogram_q9         |   in|   16|   ap_memory|                 abs_spectrogram|         array|
|abs_spectrogram_address10  |  out|    9|   ap_memory|                 abs_spectrogram|         array|
|abs_spectrogram_ce10       |  out|    1|   ap_memory|                 abs_spectrogram|         array|
|abs_spectrogram_q10        |   in|   16|   ap_memory|                 abs_spectrogram|         array|
|abs_spectrogram_address11  |  out|    9|   ap_memory|                 abs_spectrogram|         array|
|abs_spectrogram_ce11       |  out|    1|   ap_memory|                 abs_spectrogram|         array|
|abs_spectrogram_q11        |   in|   16|   ap_memory|                 abs_spectrogram|         array|
|abs_spectrogram_address12  |  out|    9|   ap_memory|                 abs_spectrogram|         array|
|abs_spectrogram_ce12       |  out|    1|   ap_memory|                 abs_spectrogram|         array|
|abs_spectrogram_q12        |   in|   16|   ap_memory|                 abs_spectrogram|         array|
|abs_spectrogram_address13  |  out|    9|   ap_memory|                 abs_spectrogram|         array|
|abs_spectrogram_ce13       |  out|    1|   ap_memory|                 abs_spectrogram|         array|
|abs_spectrogram_q13        |   in|   16|   ap_memory|                 abs_spectrogram|         array|
|abs_spectrogram_address14  |  out|    9|   ap_memory|                 abs_spectrogram|         array|
|abs_spectrogram_ce14       |  out|    1|   ap_memory|                 abs_spectrogram|         array|
|abs_spectrogram_q14        |   in|   16|   ap_memory|                 abs_spectrogram|         array|
|mel_filtered_address0      |  out|    6|   ap_memory|                    mel_filtered|         array|
|mel_filtered_ce0           |  out|    1|   ap_memory|                    mel_filtered|         array|
|mel_filtered_we0           |  out|    1|   ap_memory|                    mel_filtered|         array|
|mel_filtered_d0            |  out|   16|   ap_memory|                    mel_filtered|         array|
+---------------------------+-----+-----+------------+--------------------------------+--------------+

============================================================
+ Verbose Summary: Synthesis Manager
============================================================
InlineROM: 1
ExposeGlobal: 0
============================================================
+ Verbose Summary: CDFG Model
============================================================
IsTopModel: 0
ResetActiveHigh: 1
IsCombinational: 2
IsDatapathOnly: 2
HasWiredReturn: 1
HasMFsm: 2
HasVarLatency: 1
IsPipeline: 0
IsRtlPipelined: 0
IsInstanceOverlapped: 0
IsDontTouch: 0
HasImplIP: 0
IsGatedGlobalClock: 0

+ Individual pipeline summary: 
  * Pipeline-0: initiation interval (II) = 2, depth = 9


============================================================
+ Verbose Summary: Schedule
============================================================
* Number of FSM states : 9
* Pipeline : 1
  Pipeline-0 : II = 2, D = 9, States = { 1 2 3 4 5 6 7 8 9 }
* Dataflow Pipeline: 0

* FSM state transitions: 
1 --> 2 
2 --> 3 
3 --> 4 
4 --> 5 
5 --> 6 
6 --> 7 
7 --> 8 
8 --> 9 
9 --> 

* FSM state operations: 

State 1 <SV = 0> <Delay = 3.55>
ST_1 : Operation 12 [1/1] (0.00ns)   --->   "%m = alloca i32 1"   --->   Operation 12 'alloca' 'm' <Predicate = true> <Delay = 0.00>
ST_1 : Operation 13 [1/1] (1.61ns)   --->   "%store_ln0 = store i6 0, i6 %m"   --->   Operation 13 'store' 'store_ln0' <Predicate = true> <Delay = 1.61>
ST_1 : Operation 14 [1/1] (0.00ns)   --->   "%br_ln0 = br void %for.body.i"   --->   Operation 14 'br' 'br_ln0' <Predicate = true> <Delay = 0.00>
ST_1 : Operation 15 [1/1] (0.00ns)   --->   "%m_2 = load i6 %m" [audrey_4_hls/mfcc.cpp:180->audrey_4_hls/mfcc.cpp:64]   --->   Operation 15 'load' 'm_2' <Predicate = true> <Delay = 0.00>
ST_1 : Operation 16 [1/1] (0.00ns)   --->   "%specpipeline_ln0 = specpipeline void @_ssdm_op_SpecPipeline, i32 4294967295, i32 0, i32 1, i32 0, void @p_str"   --->   Operation 16 'specpipeline' 'specpipeline_ln0' <Predicate = true> <Delay = 0.00>
ST_1 : Operation 17 [1/1] (1.94ns)   --->   "%icmp_ln180 = icmp_eq  i6 %m_2, i6 42" [audrey_4_hls/mfcc.cpp:180->audrey_4_hls/mfcc.cpp:64]   --->   Operation 17 'icmp' 'icmp_ln180' <Predicate = true> <Delay = 1.94> <CoreInst = "Cmp">   --->   Core 9 'Cmp' <Latency = 0> <II = 1> <Delay = 1.94> <FuncUnit> <Opcode : 'icmp'> <InPorts = 2> <OutPorts = 1>
ST_1 : Operation 18 [1/1] (1.94ns)   --->   "%add_ln180 = add i6 %m_2, i6 1" [audrey_4_hls/mfcc.cpp:180->audrey_4_hls/mfcc.cpp:64]   --->   Operation 18 'add' 'add_ln180' <Predicate = true> <Delay = 1.94> <CoreInst = "Adder">   --->   Core 1 'Adder' <Latency = 0> <II = 1> <Delay = 1.94> <FuncUnit> <Opcode : 'add' 'sub'> <InPorts = 2> <OutPorts = 1>
ST_1 : Operation 19 [1/1] (0.00ns)   --->   "%br_ln180 = br i1 %icmp_ln180, void %for.body.i.split, void %for.body.i96.preheader.exitStub" [audrey_4_hls/mfcc.cpp:180->audrey_4_hls/mfcc.cpp:64]   --->   Operation 19 'br' 'br_ln180' <Predicate = true> <Delay = 0.00>
ST_1 : Operation 20 [1/1] (0.00ns)   --->   "%m_cast = zext i6 %m_2" [audrey_4_hls/mfcc.cpp:180->audrey_4_hls/mfcc.cpp:64]   --->   Operation 20 'zext' 'm_cast' <Predicate = (!icmp_ln180)> <Delay = 0.00>
ST_1 : Operation 21 [1/1] (0.00ns)   --->   "%first_ind_addr = getelementptr i8 %first_ind, i64 0, i64 %m_cast" [audrey_4_hls/mfcc.cpp:183->audrey_4_hls/mfcc.cpp:64]   --->   Operation 21 'getelementptr' 'first_ind_addr' <Predicate = (!icmp_ln180)> <Delay = 0.00>
ST_1 : Operation 22 [2/2] (2.15ns)   --->   "%first_ind_load = load i6 %first_ind_addr" [audrey_4_hls/mfcc.cpp:183->audrey_4_hls/mfcc.cpp:64]   --->   Operation 22 'load' 'first_ind_load' <Predicate = (!icmp_ln180)> <Delay = 2.15> <CoreInst = "ROM">   --->   Core 95 'ROM' <Latency = 1> <II = 1> <Delay = 2.15> <Storage> <Opcode : 'load'> <Ports = 0> <Width = 8> <Depth = 42> <ROM>
ST_1 : Operation 23 [1/1] (0.00ns)   --->   "%mel_filterbank_0_addr = getelementptr i8 %mel_filterbank_0, i64 0, i64 %m_cast" [audrey_4_hls/mfcc.cpp:187->audrey_4_hls/mfcc.cpp:64]   --->   Operation 23 'getelementptr' 'mel_filterbank_0_addr' <Predicate = (!icmp_ln180)> <Delay = 0.00>
ST_1 : Operation 24 [2/2] (2.15ns)   --->   "%mel_filterbank_0_load = load i6 %mel_filterbank_0_addr" [audrey_4_hls/mfcc.cpp:187->audrey_4_hls/mfcc.cpp:64]   --->   Operation 24 'load' 'mel_filterbank_0_load' <Predicate = (!icmp_ln180)> <Delay = 2.15> <CoreInst = "ROM">   --->   Core 95 'ROM' <Latency = 1> <II = 1> <Delay = 2.15> <Storage> <Opcode : 'load'> <Ports = 0> <Width = 8> <Depth = 42> <ROM>
ST_1 : Operation 25 [1/1] (1.61ns)   --->   "%store_ln180 = store i6 %add_ln180, i6 %m" [audrey_4_hls/mfcc.cpp:180->audrey_4_hls/mfcc.cpp:64]   --->   Operation 25 'store' 'store_ln180' <Predicate = (!icmp_ln180)> <Delay = 1.61>

State 2 <SV = 1> <Delay = 5.40>
ST_2 : Operation 26 [1/2] (2.15ns)   --->   "%first_ind_load = load i6 %first_ind_addr" [audrey_4_hls/mfcc.cpp:183->audrey_4_hls/mfcc.cpp:64]   --->   Operation 26 'load' 'first_ind_load' <Predicate = (!icmp_ln180)> <Delay = 2.15> <CoreInst = "ROM">   --->   Core 95 'ROM' <Latency = 1> <II = 1> <Delay = 2.15> <Storage> <Opcode : 'load'> <Ports = 0> <Width = 8> <Depth = 42> <ROM>
ST_2 : Operation 27 [1/1] (0.00ns)   --->   "%zext_ln186 = zext i8 %first_ind_load" [audrey_4_hls/mfcc.cpp:186->audrey_4_hls/mfcc.cpp:64]   --->   Operation 27 'zext' 'zext_ln186' <Predicate = (!icmp_ln180)> <Delay = 0.00>
ST_2 : Operation 28 [1/1] (0.00ns)   --->   "%abs_spectrogram_addr = getelementptr i16 %abs_spectrogram, i64 0, i64 %zext_ln186" [audrey_4_hls/mfcc.cpp:187->audrey_4_hls/mfcc.cpp:64]   --->   Operation 28 'getelementptr' 'abs_spectrogram_addr' <Predicate = (!icmp_ln180)> <Delay = 0.00>
ST_2 : Operation 29 [2/2] (3.25ns)   --->   "%abs_spectrogram_load = load i9 %abs_spectrogram_addr" [audrey_4_hls/mfcc.cpp:187->audrey_4_hls/mfcc.cpp:64]   --->   Operation 29 'load' 'abs_spectrogram_load' <Predicate = (!icmp_ln180)> <Delay = 3.25> <CoreInst = "RAM_1WnR">   --->   Core 83 'RAM_1WnR' <Latency = 1> <II = 1> <Delay = 3.25> <Storage> <Opcode : 'load' 'store'> <Ports = 17> <Width = 16> <Depth = 257> <RAM>
ST_2 : Operation 30 [1/2] (2.15ns)   --->   "%mel_filterbank_0_load = load i6 %mel_filterbank_0_addr" [audrey_4_hls/mfcc.cpp:187->audrey_4_hls/mfcc.cpp:64]   --->   Operation 30 'load' 'mel_filterbank_0_load' <Predicate = (!icmp_ln180)> <Delay = 2.15> <CoreInst = "ROM">   --->   Core 95 'ROM' <Latency = 1> <II = 1> <Delay = 2.15> <Storage> <Opcode : 'load'> <Ports = 0> <Width = 8> <Depth = 42> <ROM>

State 3 <SV = 2> <Delay = 5.37>
ST_3 : Operation 31 [1/1] (0.00ns)   --->   "%zext_ln187 = zext i8 %first_ind_load" [audrey_4_hls/mfcc.cpp:187->audrey_4_hls/mfcc.cpp:64]   --->   Operation 31 'zext' 'zext_ln187' <Predicate = true> <Delay = 0.00>
ST_3 : Operation 32 [1/2] (3.25ns)   --->   "%abs_spectrogram_load = load i9 %abs_spectrogram_addr" [audrey_4_hls/mfcc.cpp:187->audrey_4_hls/mfcc.cpp:64]   --->   Operation 32 'load' 'abs_spectrogram_load' <Predicate = true> <Delay = 3.25> <CoreInst = "RAM_1WnR">   --->   Core 83 'RAM_1WnR' <Latency = 1> <II = 1> <Delay = 3.25> <Storage> <Opcode : 'load' 'store'> <Ports = 17> <Width = 16> <Depth = 257> <RAM>
ST_3 : Operation 33 [1/1] (0.00ns)   --->   "%mel_filterbank_1_addr = getelementptr i8 %mel_filterbank_1, i64 0, i64 %m_cast" [audrey_4_hls/mfcc.cpp:187->audrey_4_hls/mfcc.cpp:64]   --->   Operation 33 'getelementptr' 'mel_filterbank_1_addr' <Predicate = true> <Delay = 0.00>
ST_3 : Operation 34 [2/2] (2.15ns)   --->   "%mel_filterbank_1_load = load i6 %mel_filterbank_1_addr" [audrey_4_hls/mfcc.cpp:187->audrey_4_hls/mfcc.cpp:64]   --->   Operation 34 'load' 'mel_filterbank_1_load' <Predicate = true> <Delay = 2.15> <CoreInst = "ROM">   --->   Core 95 'ROM' <Latency = 1> <II = 1> <Delay = 2.15> <Storage> <Opcode : 'load'> <Ports = 0> <Width = 8> <Depth = 42> <ROM>
ST_3 : Operation 35 [1/1] (0.00ns)   --->   "%mel_filterbank_2_addr = getelementptr i8 %mel_filterbank_2, i64 0, i64 %m_cast" [audrey_4_hls/mfcc.cpp:187->audrey_4_hls/mfcc.cpp:64]   --->   Operation 35 'getelementptr' 'mel_filterbank_2_addr' <Predicate = true> <Delay = 0.00>
ST_3 : Operation 36 [2/2] (2.15ns)   --->   "%mel_filterbank_2_load = load i6 %mel_filterbank_2_addr" [audrey_4_hls/mfcc.cpp:187->audrey_4_hls/mfcc.cpp:64]   --->   Operation 36 'load' 'mel_filterbank_2_load' <Predicate = true> <Delay = 2.15> <CoreInst = "ROM">   --->   Core 95 'ROM' <Latency = 1> <II = 1> <Delay = 2.15> <Storage> <Opcode : 'load'> <Ports = 0> <Width = 8> <Depth = 42> <ROM>
ST_3 : Operation 37 [1/1] (2.11ns)   --->   "%add_ln187_2 = add i9 %zext_ln187, i9 3" [audrey_4_hls/mfcc.cpp:187->audrey_4_hls/mfcc.cpp:64]   --->   Operation 37 'add' 'add_ln187_2' <Predicate = true> <Delay = 2.11> <CoreInst = "Adder">   --->   Core 1 'Adder' <Latency = 0> <II = 1> <Delay = 2.11> <FuncUnit> <Opcode : 'add' 'sub'> <InPorts = 2> <OutPorts = 1>
ST_3 : Operation 38 [1/1] (0.00ns)   --->   "%zext_ln187_6 = zext i9 %add_ln187_2" [audrey_4_hls/mfcc.cpp:187->audrey_4_hls/mfcc.cpp:64]   --->   Operation 38 'zext' 'zext_ln187_6' <Predicate = true> <Delay = 0.00>
ST_3 : Operation 39 [1/1] (0.00ns)   --->   "%abs_spectrogram_addr_3 = getelementptr i16 %abs_spectrogram, i64 0, i64 %zext_ln187_6" [audrey_4_hls/mfcc.cpp:187->audrey_4_hls/mfcc.cpp:64]   --->   Operation 39 'getelementptr' 'abs_spectrogram_addr_3' <Predicate = true> <Delay = 0.00>
ST_3 : Operation 40 [2/2] (3.25ns)   --->   "%abs_spectrogram_load_3 = load i9 %abs_spectrogram_addr_3" [audrey_4_hls/mfcc.cpp:187->audrey_4_hls/mfcc.cpp:64]   --->   Operation 40 'load' 'abs_spectrogram_load_3' <Predicate = true> <Delay = 3.25> <CoreInst = "RAM_1WnR">   --->   Core 83 'RAM_1WnR' <Latency = 1> <II = 1> <Delay = 3.25> <Storage> <Opcode : 'load' 'store'> <Ports = 17> <Width = 16> <Depth = 257> <RAM>
ST_3 : Operation 41 [1/1] (0.00ns)   --->   "%mel_filterbank_3_addr = getelementptr i8 %mel_filterbank_3, i64 0, i64 %m_cast" [audrey_4_hls/mfcc.cpp:187->audrey_4_hls/mfcc.cpp:64]   --->   Operation 41 'getelementptr' 'mel_filterbank_3_addr' <Predicate = true> <Delay = 0.00>
ST_3 : Operation 42 [2/2] (2.15ns)   --->   "%mel_filterbank_3_load = load i6 %mel_filterbank_3_addr" [audrey_4_hls/mfcc.cpp:187->audrey_4_hls/mfcc.cpp:64]   --->   Operation 42 'load' 'mel_filterbank_3_load' <Predicate = true> <Delay = 2.15> <CoreInst = "ROM">   --->   Core 95 'ROM' <Latency = 1> <II = 1> <Delay = 2.15> <Storage> <Opcode : 'load'> <Ports = 0> <Width = 8> <Depth = 42> <ROM>
ST_3 : Operation 43 [1/1] (2.11ns)   --->   "%add_ln187_3 = add i9 %zext_ln187, i9 4" [audrey_4_hls/mfcc.cpp:187->audrey_4_hls/mfcc.cpp:64]   --->   Operation 43 'add' 'add_ln187_3' <Predicate = true> <Delay = 2.11> <CoreInst = "Adder">   --->   Core 1 'Adder' <Latency = 0> <II = 1> <Delay = 2.11> <FuncUnit> <Opcode : 'add' 'sub'> <InPorts = 2> <OutPorts = 1>
ST_3 : Operation 44 [1/1] (0.00ns)   --->   "%zext_ln187_8 = zext i9 %add_ln187_3" [audrey_4_hls/mfcc.cpp:187->audrey_4_hls/mfcc.cpp:64]   --->   Operation 44 'zext' 'zext_ln187_8' <Predicate = true> <Delay = 0.00>
ST_3 : Operation 45 [1/1] (0.00ns)   --->   "%abs_spectrogram_addr_4 = getelementptr i16 %abs_spectrogram, i64 0, i64 %zext_ln187_8" [audrey_4_hls/mfcc.cpp:187->audrey_4_hls/mfcc.cpp:64]   --->   Operation 45 'getelementptr' 'abs_spectrogram_addr_4' <Predicate = true> <Delay = 0.00>
ST_3 : Operation 46 [2/2] (3.25ns)   --->   "%abs_spectrogram_load_4 = load i9 %abs_spectrogram_addr_4" [audrey_4_hls/mfcc.cpp:187->audrey_4_hls/mfcc.cpp:64]   --->   Operation 46 'load' 'abs_spectrogram_load_4' <Predicate = true> <Delay = 3.25> <CoreInst = "RAM_1WnR">   --->   Core 83 'RAM_1WnR' <Latency = 1> <II = 1> <Delay = 3.25> <Storage> <Opcode : 'load' 'store'> <Ports = 17> <Width = 16> <Depth = 257> <RAM>
ST_3 : Operation 47 [1/1] (0.00ns)   --->   "%mel_filterbank_4_addr = getelementptr i8 %mel_filterbank_4, i64 0, i64 %m_cast" [audrey_4_hls/mfcc.cpp:187->audrey_4_hls/mfcc.cpp:64]   --->   Operation 47 'getelementptr' 'mel_filterbank_4_addr' <Predicate = true> <Delay = 0.00>
ST_3 : Operation 48 [2/2] (2.15ns)   --->   "%mel_filterbank_4_load = load i6 %mel_filterbank_4_addr" [audrey_4_hls/mfcc.cpp:187->audrey_4_hls/mfcc.cpp:64]   --->   Operation 48 'load' 'mel_filterbank_4_load' <Predicate = true> <Delay = 2.15> <CoreInst = "ROM">   --->   Core 95 'ROM' <Latency = 1> <II = 1> <Delay = 2.15> <Storage> <Opcode : 'load'> <Ports = 0> <Width = 8> <Depth = 42> <ROM>
ST_3 : Operation 49 [1/1] (2.11ns)   --->   "%add_ln187_4 = add i9 %zext_ln187, i9 5" [audrey_4_hls/mfcc.cpp:187->audrey_4_hls/mfcc.cpp:64]   --->   Operation 49 'add' 'add_ln187_4' <Predicate = true> <Delay = 2.11> <CoreInst = "Adder">   --->   Core 1 'Adder' <Latency = 0> <II = 1> <Delay = 2.11> <FuncUnit> <Opcode : 'add' 'sub'> <InPorts = 2> <OutPorts = 1>
ST_3 : Operation 50 [1/1] (0.00ns)   --->   "%zext_ln187_10 = zext i9 %add_ln187_4" [audrey_4_hls/mfcc.cpp:187->audrey_4_hls/mfcc.cpp:64]   --->   Operation 50 'zext' 'zext_ln187_10' <Predicate = true> <Delay = 0.00>
ST_3 : Operation 51 [1/1] (0.00ns)   --->   "%abs_spectrogram_addr_5 = getelementptr i16 %abs_spectrogram, i64 0, i64 %zext_ln187_10" [audrey_4_hls/mfcc.cpp:187->audrey_4_hls/mfcc.cpp:64]   --->   Operation 51 'getelementptr' 'abs_spectrogram_addr_5' <Predicate = true> <Delay = 0.00>
ST_3 : Operation 52 [2/2] (3.25ns)   --->   "%abs_spectrogram_load_5 = load i9 %abs_spectrogram_addr_5" [audrey_4_hls/mfcc.cpp:187->audrey_4_hls/mfcc.cpp:64]   --->   Operation 52 'load' 'abs_spectrogram_load_5' <Predicate = true> <Delay = 3.25> <CoreInst = "RAM_1WnR">   --->   Core 83 'RAM_1WnR' <Latency = 1> <II = 1> <Delay = 3.25> <Storage> <Opcode : 'load' 'store'> <Ports = 17> <Width = 16> <Depth = 257> <RAM>
ST_3 : Operation 53 [1/1] (0.00ns)   --->   "%mel_filterbank_5_addr = getelementptr i8 %mel_filterbank_5, i64 0, i64 %m_cast" [audrey_4_hls/mfcc.cpp:187->audrey_4_hls/mfcc.cpp:64]   --->   Operation 53 'getelementptr' 'mel_filterbank_5_addr' <Predicate = true> <Delay = 0.00>
ST_3 : Operation 54 [2/2] (2.15ns)   --->   "%mel_filterbank_5_load = load i6 %mel_filterbank_5_addr" [audrey_4_hls/mfcc.cpp:187->audrey_4_hls/mfcc.cpp:64]   --->   Operation 54 'load' 'mel_filterbank_5_load' <Predicate = true> <Delay = 2.15> <CoreInst = "ROM">   --->   Core 95 'ROM' <Latency = 1> <II = 1> <Delay = 2.15> <Storage> <Opcode : 'load'> <Ports = 0> <Width = 8> <Depth = 42> <ROM>
ST_3 : Operation 55 [1/1] (2.11ns)   --->   "%add_ln187_5 = add i9 %zext_ln187, i9 6" [audrey_4_hls/mfcc.cpp:187->audrey_4_hls/mfcc.cpp:64]   --->   Operation 55 'add' 'add_ln187_5' <Predicate = true> <Delay = 2.11> <CoreInst = "Adder">   --->   Core 1 'Adder' <Latency = 0> <II = 1> <Delay = 2.11> <FuncUnit> <Opcode : 'add' 'sub'> <InPorts = 2> <OutPorts = 1>
ST_3 : Operation 56 [1/1] (0.00ns)   --->   "%zext_ln187_12 = zext i9 %add_ln187_5" [audrey_4_hls/mfcc.cpp:187->audrey_4_hls/mfcc.cpp:64]   --->   Operation 56 'zext' 'zext_ln187_12' <Predicate = true> <Delay = 0.00>
ST_3 : Operation 57 [1/1] (0.00ns)   --->   "%abs_spectrogram_addr_6 = getelementptr i16 %abs_spectrogram, i64 0, i64 %zext_ln187_12" [audrey_4_hls/mfcc.cpp:187->audrey_4_hls/mfcc.cpp:64]   --->   Operation 57 'getelementptr' 'abs_spectrogram_addr_6' <Predicate = true> <Delay = 0.00>
ST_3 : Operation 58 [2/2] (3.25ns)   --->   "%abs_spectrogram_load_6 = load i9 %abs_spectrogram_addr_6" [audrey_4_hls/mfcc.cpp:187->audrey_4_hls/mfcc.cpp:64]   --->   Operation 58 'load' 'abs_spectrogram_load_6' <Predicate = true> <Delay = 3.25> <CoreInst = "RAM_1WnR">   --->   Core 83 'RAM_1WnR' <Latency = 1> <II = 1> <Delay = 3.25> <Storage> <Opcode : 'load' 'store'> <Ports = 17> <Width = 16> <Depth = 257> <RAM>
ST_3 : Operation 59 [1/1] (0.00ns)   --->   "%mel_filterbank_6_addr = getelementptr i8 %mel_filterbank_6, i64 0, i64 %m_cast" [audrey_4_hls/mfcc.cpp:187->audrey_4_hls/mfcc.cpp:64]   --->   Operation 59 'getelementptr' 'mel_filterbank_6_addr' <Predicate = true> <Delay = 0.00>
ST_3 : Operation 60 [2/2] (2.15ns)   --->   "%mel_filterbank_6_load = load i6 %mel_filterbank_6_addr" [audrey_4_hls/mfcc.cpp:187->audrey_4_hls/mfcc.cpp:64]   --->   Operation 60 'load' 'mel_filterbank_6_load' <Predicate = true> <Delay = 2.15> <CoreInst = "ROM">   --->   Core 95 'ROM' <Latency = 1> <II = 1> <Delay = 2.15> <Storage> <Opcode : 'load'> <Ports = 0> <Width = 8> <Depth = 42> <ROM>
ST_3 : Operation 61 [1/1] (0.00ns)   --->   "%mel_filterbank_7_addr = getelementptr i8 %mel_filterbank_7, i64 0, i64 %m_cast" [audrey_4_hls/mfcc.cpp:187->audrey_4_hls/mfcc.cpp:64]   --->   Operation 61 'getelementptr' 'mel_filterbank_7_addr' <Predicate = true> <Delay = 0.00>
ST_3 : Operation 62 [2/2] (2.15ns)   --->   "%mel_filterbank_7_load = load i6 %mel_filterbank_7_addr" [audrey_4_hls/mfcc.cpp:187->audrey_4_hls/mfcc.cpp:64]   --->   Operation 62 'load' 'mel_filterbank_7_load' <Predicate = true> <Delay = 2.15> <CoreInst = "ROM">   --->   Core 95 'ROM' <Latency = 1> <II = 1> <Delay = 2.15> <Storage> <Opcode : 'load'> <Ports = 0> <Width = 8> <Depth = 42> <ROM>
ST_3 : Operation 63 [1/1] (0.00ns)   --->   "%mel_filterbank_8_addr = getelementptr i8 %mel_filterbank_8, i64 0, i64 %m_cast" [audrey_4_hls/mfcc.cpp:187->audrey_4_hls/mfcc.cpp:64]   --->   Operation 63 'getelementptr' 'mel_filterbank_8_addr' <Predicate = true> <Delay = 0.00>
ST_3 : Operation 64 [2/2] (2.15ns)   --->   "%mel_filterbank_8_load = load i6 %mel_filterbank_8_addr" [audrey_4_hls/mfcc.cpp:187->audrey_4_hls/mfcc.cpp:64]   --->   Operation 64 'load' 'mel_filterbank_8_load' <Predicate = true> <Delay = 2.15> <CoreInst = "ROM">   --->   Core 95 'ROM' <Latency = 1> <II = 1> <Delay = 2.15> <Storage> <Opcode : 'load'> <Ports = 0> <Width = 8> <Depth = 42> <ROM>
ST_3 : Operation 65 [1/1] (0.00ns)   --->   "%mel_filterbank_9_addr = getelementptr i8 %mel_filterbank_9, i64 0, i64 %m_cast" [audrey_4_hls/mfcc.cpp:187->audrey_4_hls/mfcc.cpp:64]   --->   Operation 65 'getelementptr' 'mel_filterbank_9_addr' <Predicate = true> <Delay = 0.00>
ST_3 : Operation 66 [2/2] (2.15ns)   --->   "%mel_filterbank_9_load = load i6 %mel_filterbank_9_addr" [audrey_4_hls/mfcc.cpp:187->audrey_4_hls/mfcc.cpp:64]   --->   Operation 66 'load' 'mel_filterbank_9_load' <Predicate = true> <Delay = 2.15> <CoreInst = "ROM">   --->   Core 95 'ROM' <Latency = 1> <II = 1> <Delay = 2.15> <Storage> <Opcode : 'load'> <Ports = 0> <Width = 8> <Depth = 42> <ROM>
ST_3 : Operation 67 [1/1] (0.00ns)   --->   "%mel_filterbank_10_addr = getelementptr i8 %mel_filterbank_10, i64 0, i64 %m_cast" [audrey_4_hls/mfcc.cpp:187->audrey_4_hls/mfcc.cpp:64]   --->   Operation 67 'getelementptr' 'mel_filterbank_10_addr' <Predicate = true> <Delay = 0.00>
ST_3 : Operation 68 [2/2] (2.15ns)   --->   "%mel_filterbank_10_load = load i6 %mel_filterbank_10_addr" [audrey_4_hls/mfcc.cpp:187->audrey_4_hls/mfcc.cpp:64]   --->   Operation 68 'load' 'mel_filterbank_10_load' <Predicate = true> <Delay = 2.15> <CoreInst = "ROM">   --->   Core 95 'ROM' <Latency = 1> <II = 1> <Delay = 2.15> <Storage> <Opcode : 'load'> <Ports = 0> <Width = 8> <Depth = 42> <ROM>
ST_3 : Operation 69 [1/1] (2.11ns)   --->   "%add_ln187_10 = add i9 %zext_ln187, i9 11" [audrey_4_hls/mfcc.cpp:187->audrey_4_hls/mfcc.cpp:64]   --->   Operation 69 'add' 'add_ln187_10' <Predicate = true> <Delay = 2.11> <CoreInst = "Adder">   --->   Core 1 'Adder' <Latency = 0> <II = 1> <Delay = 2.11> <FuncUnit> <Opcode : 'add' 'sub'> <InPorts = 2> <OutPorts = 1>
ST_3 : Operation 70 [1/1] (0.00ns)   --->   "%zext_ln187_22 = zext i9 %add_ln187_10" [audrey_4_hls/mfcc.cpp:187->audrey_4_hls/mfcc.cpp:64]   --->   Operation 70 'zext' 'zext_ln187_22' <Predicate = true> <Delay = 0.00>
ST_3 : Operation 71 [1/1] (0.00ns)   --->   "%abs_spectrogram_addr_11 = getelementptr i16 %abs_spectrogram, i64 0, i64 %zext_ln187_22" [audrey_4_hls/mfcc.cpp:187->audrey_4_hls/mfcc.cpp:64]   --->   Operation 71 'getelementptr' 'abs_spectrogram_addr_11' <Predicate = true> <Delay = 0.00>
ST_3 : Operation 72 [2/2] (3.25ns)   --->   "%abs_spectrogram_load_11 = load i9 %abs_spectrogram_addr_11" [audrey_4_hls/mfcc.cpp:187->audrey_4_hls/mfcc.cpp:64]   --->   Operation 72 'load' 'abs_spectrogram_load_11' <Predicate = true> <Delay = 3.25> <CoreInst = "RAM_1WnR">   --->   Core 83 'RAM_1WnR' <Latency = 1> <II = 1> <Delay = 3.25> <Storage> <Opcode : 'load' 'store'> <Ports = 17> <Width = 16> <Depth = 257> <RAM>
ST_3 : Operation 73 [1/1] (0.00ns)   --->   "%mel_filterbank_11_addr = getelementptr i8 %mel_filterbank_11, i64 0, i64 %m_cast" [audrey_4_hls/mfcc.cpp:187->audrey_4_hls/mfcc.cpp:64]   --->   Operation 73 'getelementptr' 'mel_filterbank_11_addr' <Predicate = true> <Delay = 0.00>
ST_3 : Operation 74 [2/2] (2.15ns)   --->   "%mel_filterbank_11_load = load i6 %mel_filterbank_11_addr" [audrey_4_hls/mfcc.cpp:187->audrey_4_hls/mfcc.cpp:64]   --->   Operation 74 'load' 'mel_filterbank_11_load' <Predicate = true> <Delay = 2.15> <CoreInst = "ROM">   --->   Core 95 'ROM' <Latency = 1> <II = 1> <Delay = 2.15> <Storage> <Opcode : 'load'> <Ports = 0> <Width = 8> <Depth = 42> <ROM>
ST_3 : Operation 75 [1/1] (2.11ns)   --->   "%add_ln187_11 = add i9 %zext_ln187, i9 12" [audrey_4_hls/mfcc.cpp:187->audrey_4_hls/mfcc.cpp:64]   --->   Operation 75 'add' 'add_ln187_11' <Predicate = true> <Delay = 2.11> <CoreInst = "Adder">   --->   Core 1 'Adder' <Latency = 0> <II = 1> <Delay = 2.11> <FuncUnit> <Opcode : 'add' 'sub'> <InPorts = 2> <OutPorts = 1>
ST_3 : Operation 76 [1/1] (0.00ns)   --->   "%zext_ln187_24 = zext i9 %add_ln187_11" [audrey_4_hls/mfcc.cpp:187->audrey_4_hls/mfcc.cpp:64]   --->   Operation 76 'zext' 'zext_ln187_24' <Predicate = true> <Delay = 0.00>
ST_3 : Operation 77 [1/1] (0.00ns)   --->   "%abs_spectrogram_addr_12 = getelementptr i16 %abs_spectrogram, i64 0, i64 %zext_ln187_24" [audrey_4_hls/mfcc.cpp:187->audrey_4_hls/mfcc.cpp:64]   --->   Operation 77 'getelementptr' 'abs_spectrogram_addr_12' <Predicate = true> <Delay = 0.00>
ST_3 : Operation 78 [2/2] (3.25ns)   --->   "%abs_spectrogram_load_12 = load i9 %abs_spectrogram_addr_12" [audrey_4_hls/mfcc.cpp:187->audrey_4_hls/mfcc.cpp:64]   --->   Operation 78 'load' 'abs_spectrogram_load_12' <Predicate = true> <Delay = 3.25> <CoreInst = "RAM_1WnR">   --->   Core 83 'RAM_1WnR' <Latency = 1> <II = 1> <Delay = 3.25> <Storage> <Opcode : 'load' 'store'> <Ports = 17> <Width = 16> <Depth = 257> <RAM>
ST_3 : Operation 79 [1/1] (0.00ns)   --->   "%mel_filterbank_12_addr = getelementptr i8 %mel_filterbank_12, i64 0, i64 %m_cast" [audrey_4_hls/mfcc.cpp:187->audrey_4_hls/mfcc.cpp:64]   --->   Operation 79 'getelementptr' 'mel_filterbank_12_addr' <Predicate = true> <Delay = 0.00>
ST_3 : Operation 80 [2/2] (2.15ns)   --->   "%mel_filterbank_12_load = load i6 %mel_filterbank_12_addr" [audrey_4_hls/mfcc.cpp:187->audrey_4_hls/mfcc.cpp:64]   --->   Operation 80 'load' 'mel_filterbank_12_load' <Predicate = true> <Delay = 2.15> <CoreInst = "ROM">   --->   Core 95 'ROM' <Latency = 1> <II = 1> <Delay = 2.15> <Storage> <Opcode : 'load'> <Ports = 0> <Width = 8> <Depth = 42> <ROM>
ST_3 : Operation 81 [1/1] (2.11ns)   --->   "%add_ln187_12 = add i9 %zext_ln187, i9 13" [audrey_4_hls/mfcc.cpp:187->audrey_4_hls/mfcc.cpp:64]   --->   Operation 81 'add' 'add_ln187_12' <Predicate = true> <Delay = 2.11> <CoreInst = "Adder">   --->   Core 1 'Adder' <Latency = 0> <II = 1> <Delay = 2.11> <FuncUnit> <Opcode : 'add' 'sub'> <InPorts = 2> <OutPorts = 1>
ST_3 : Operation 82 [1/1] (0.00ns)   --->   "%zext_ln187_26 = zext i9 %add_ln187_12" [audrey_4_hls/mfcc.cpp:187->audrey_4_hls/mfcc.cpp:64]   --->   Operation 82 'zext' 'zext_ln187_26' <Predicate = true> <Delay = 0.00>
ST_3 : Operation 83 [1/1] (0.00ns)   --->   "%abs_spectrogram_addr_13 = getelementptr i16 %abs_spectrogram, i64 0, i64 %zext_ln187_26" [audrey_4_hls/mfcc.cpp:187->audrey_4_hls/mfcc.cpp:64]   --->   Operation 83 'getelementptr' 'abs_spectrogram_addr_13' <Predicate = true> <Delay = 0.00>
ST_3 : Operation 84 [2/2] (3.25ns)   --->   "%abs_spectrogram_load_13 = load i9 %abs_spectrogram_addr_13" [audrey_4_hls/mfcc.cpp:187->audrey_4_hls/mfcc.cpp:64]   --->   Operation 84 'load' 'abs_spectrogram_load_13' <Predicate = true> <Delay = 3.25> <CoreInst = "RAM_1WnR">   --->   Core 83 'RAM_1WnR' <Latency = 1> <II = 1> <Delay = 3.25> <Storage> <Opcode : 'load' 'store'> <Ports = 17> <Width = 16> <Depth = 257> <RAM>
ST_3 : Operation 85 [1/1] (0.00ns)   --->   "%mel_filterbank_13_addr = getelementptr i8 %mel_filterbank_13, i64 0, i64 %m_cast" [audrey_4_hls/mfcc.cpp:187->audrey_4_hls/mfcc.cpp:64]   --->   Operation 85 'getelementptr' 'mel_filterbank_13_addr' <Predicate = true> <Delay = 0.00>
ST_3 : Operation 86 [2/2] (2.15ns)   --->   "%mel_filterbank_13_load = load i6 %mel_filterbank_13_addr" [audrey_4_hls/mfcc.cpp:187->audrey_4_hls/mfcc.cpp:64]   --->   Operation 86 'load' 'mel_filterbank_13_load' <Predicate = true> <Delay = 2.15> <CoreInst = "ROM">   --->   Core 95 'ROM' <Latency = 1> <II = 1> <Delay = 2.15> <Storage> <Opcode : 'load'> <Ports = 0> <Width = 8> <Depth = 42> <ROM>
ST_3 : Operation 87 [1/1] (2.11ns)   --->   "%add_ln187_13 = add i9 %zext_ln187, i9 14" [audrey_4_hls/mfcc.cpp:187->audrey_4_hls/mfcc.cpp:64]   --->   Operation 87 'add' 'add_ln187_13' <Predicate = true> <Delay = 2.11> <CoreInst = "Adder">   --->   Core 1 'Adder' <Latency = 0> <II = 1> <Delay = 2.11> <FuncUnit> <Opcode : 'add' 'sub'> <InPorts = 2> <OutPorts = 1>
ST_3 : Operation 88 [1/1] (0.00ns)   --->   "%zext_ln187_28 = zext i9 %add_ln187_13" [audrey_4_hls/mfcc.cpp:187->audrey_4_hls/mfcc.cpp:64]   --->   Operation 88 'zext' 'zext_ln187_28' <Predicate = true> <Delay = 0.00>
ST_3 : Operation 89 [1/1] (0.00ns)   --->   "%abs_spectrogram_addr_14 = getelementptr i16 %abs_spectrogram, i64 0, i64 %zext_ln187_28" [audrey_4_hls/mfcc.cpp:187->audrey_4_hls/mfcc.cpp:64]   --->   Operation 89 'getelementptr' 'abs_spectrogram_addr_14' <Predicate = true> <Delay = 0.00>
ST_3 : Operation 90 [2/2] (3.25ns)   --->   "%abs_spectrogram_load_14 = load i9 %abs_spectrogram_addr_14" [audrey_4_hls/mfcc.cpp:187->audrey_4_hls/mfcc.cpp:64]   --->   Operation 90 'load' 'abs_spectrogram_load_14' <Predicate = true> <Delay = 3.25> <CoreInst = "RAM_1WnR">   --->   Core 83 'RAM_1WnR' <Latency = 1> <II = 1> <Delay = 3.25> <Storage> <Opcode : 'load' 'store'> <Ports = 17> <Width = 16> <Depth = 257> <RAM>
ST_3 : Operation 91 [1/1] (0.00ns)   --->   "%mel_filterbank_14_addr = getelementptr i8 %mel_filterbank_14, i64 0, i64 %m_cast" [audrey_4_hls/mfcc.cpp:187->audrey_4_hls/mfcc.cpp:64]   --->   Operation 91 'getelementptr' 'mel_filterbank_14_addr' <Predicate = true> <Delay = 0.00>
ST_3 : Operation 92 [2/2] (2.15ns)   --->   "%mel_filterbank_14_load = load i6 %mel_filterbank_14_addr" [audrey_4_hls/mfcc.cpp:187->audrey_4_hls/mfcc.cpp:64]   --->   Operation 92 'load' 'mel_filterbank_14_load' <Predicate = true> <Delay = 2.15> <CoreInst = "ROM">   --->   Core 95 'ROM' <Latency = 1> <II = 1> <Delay = 2.15> <Storage> <Opcode : 'load'> <Ports = 0> <Width = 8> <Depth = 42> <ROM>
ST_3 : Operation 93 [1/1] (2.11ns)   --->   "%add_ln187_14 = add i9 %zext_ln187, i9 15" [audrey_4_hls/mfcc.cpp:187->audrey_4_hls/mfcc.cpp:64]   --->   Operation 93 'add' 'add_ln187_14' <Predicate = true> <Delay = 2.11> <CoreInst = "Adder">   --->   Core 1 'Adder' <Latency = 0> <II = 1> <Delay = 2.11> <FuncUnit> <Opcode : 'add' 'sub'> <InPorts = 2> <OutPorts = 1>
ST_3 : Operation 94 [1/1] (0.00ns)   --->   "%zext_ln187_30 = zext i9 %add_ln187_14" [audrey_4_hls/mfcc.cpp:187->audrey_4_hls/mfcc.cpp:64]   --->   Operation 94 'zext' 'zext_ln187_30' <Predicate = true> <Delay = 0.00>
ST_3 : Operation 95 [1/1] (0.00ns)   --->   "%abs_spectrogram_addr_15 = getelementptr i16 %abs_spectrogram, i64 0, i64 %zext_ln187_30" [audrey_4_hls/mfcc.cpp:187->audrey_4_hls/mfcc.cpp:64]   --->   Operation 95 'getelementptr' 'abs_spectrogram_addr_15' <Predicate = true> <Delay = 0.00>
ST_3 : Operation 96 [2/2] (3.25ns)   --->   "%abs_spectrogram_load_15 = load i9 %abs_spectrogram_addr_15" [audrey_4_hls/mfcc.cpp:187->audrey_4_hls/mfcc.cpp:64]   --->   Operation 96 'load' 'abs_spectrogram_load_15' <Predicate = true> <Delay = 3.25> <CoreInst = "RAM_1WnR">   --->   Core 83 'RAM_1WnR' <Latency = 1> <II = 1> <Delay = 3.25> <Storage> <Opcode : 'load' 'store'> <Ports = 17> <Width = 16> <Depth = 257> <RAM>
ST_3 : Operation 97 [1/1] (0.00ns)   --->   "%mel_filterbank_15_addr = getelementptr i8 %mel_filterbank_15, i64 0, i64 %m_cast" [audrey_4_hls/mfcc.cpp:187->audrey_4_hls/mfcc.cpp:64]   --->   Operation 97 'getelementptr' 'mel_filterbank_15_addr' <Predicate = true> <Delay = 0.00>
ST_3 : Operation 98 [2/2] (2.15ns)   --->   "%mel_filterbank_15_load = load i6 %mel_filterbank_15_addr" [audrey_4_hls/mfcc.cpp:187->audrey_4_hls/mfcc.cpp:64]   --->   Operation 98 'load' 'mel_filterbank_15_load' <Predicate = true> <Delay = 2.15> <CoreInst = "ROM">   --->   Core 95 'ROM' <Latency = 1> <II = 1> <Delay = 2.15> <Storage> <Opcode : 'load'> <Ports = 0> <Width = 8> <Depth = 42> <ROM>
ST_3 : Operation 99 [1/1] (2.11ns)   --->   "%add_ln187_15 = add i9 %zext_ln187, i9 16" [audrey_4_hls/mfcc.cpp:187->audrey_4_hls/mfcc.cpp:64]   --->   Operation 99 'add' 'add_ln187_15' <Predicate = true> <Delay = 2.11> <CoreInst = "Adder">   --->   Core 1 'Adder' <Latency = 0> <II = 1> <Delay = 2.11> <FuncUnit> <Opcode : 'add' 'sub'> <InPorts = 2> <OutPorts = 1>
ST_3 : Operation 100 [1/1] (0.00ns)   --->   "%zext_ln187_32 = zext i9 %add_ln187_15" [audrey_4_hls/mfcc.cpp:187->audrey_4_hls/mfcc.cpp:64]   --->   Operation 100 'zext' 'zext_ln187_32' <Predicate = true> <Delay = 0.00>
ST_3 : Operation 101 [1/1] (0.00ns)   --->   "%abs_spectrogram_addr_16 = getelementptr i16 %abs_spectrogram, i64 0, i64 %zext_ln187_32" [audrey_4_hls/mfcc.cpp:187->audrey_4_hls/mfcc.cpp:64]   --->   Operation 101 'getelementptr' 'abs_spectrogram_addr_16' <Predicate = true> <Delay = 0.00>
ST_3 : Operation 102 [2/2] (3.25ns)   --->   "%abs_spectrogram_load_16 = load i9 %abs_spectrogram_addr_16" [audrey_4_hls/mfcc.cpp:187->audrey_4_hls/mfcc.cpp:64]   --->   Operation 102 'load' 'abs_spectrogram_load_16' <Predicate = true> <Delay = 3.25> <CoreInst = "RAM_1WnR">   --->   Core 83 'RAM_1WnR' <Latency = 1> <II = 1> <Delay = 3.25> <Storage> <Opcode : 'load' 'store'> <Ports = 17> <Width = 16> <Depth = 257> <RAM>
ST_3 : Operation 103 [1/1] (0.00ns)   --->   "%mel_filterbank_16_addr = getelementptr i8 %mel_filterbank_16, i64 0, i64 %m_cast" [audrey_4_hls/mfcc.cpp:187->audrey_4_hls/mfcc.cpp:64]   --->   Operation 103 'getelementptr' 'mel_filterbank_16_addr' <Predicate = true> <Delay = 0.00>
ST_3 : Operation 104 [2/2] (2.15ns)   --->   "%mel_filterbank_16_load = load i6 %mel_filterbank_16_addr" [audrey_4_hls/mfcc.cpp:187->audrey_4_hls/mfcc.cpp:64]   --->   Operation 104 'load' 'mel_filterbank_16_load' <Predicate = true> <Delay = 2.15> <CoreInst = "ROM">   --->   Core 95 'ROM' <Latency = 1> <II = 1> <Delay = 2.15> <Storage> <Opcode : 'load'> <Ports = 0> <Width = 8> <Depth = 42> <ROM>
ST_3 : Operation 105 [1/1] (2.11ns)   --->   "%add_ln187_16 = add i9 %zext_ln187, i9 17" [audrey_4_hls/mfcc.cpp:187->audrey_4_hls/mfcc.cpp:64]   --->   Operation 105 'add' 'add_ln187_16' <Predicate = true> <Delay = 2.11> <CoreInst = "Adder">   --->   Core 1 'Adder' <Latency = 0> <II = 1> <Delay = 2.11> <FuncUnit> <Opcode : 'add' 'sub'> <InPorts = 2> <OutPorts = 1>
ST_3 : Operation 106 [1/1] (0.00ns)   --->   "%zext_ln187_34 = zext i9 %add_ln187_16" [audrey_4_hls/mfcc.cpp:187->audrey_4_hls/mfcc.cpp:64]   --->   Operation 106 'zext' 'zext_ln187_34' <Predicate = true> <Delay = 0.00>
ST_3 : Operation 107 [1/1] (0.00ns)   --->   "%abs_spectrogram_addr_17 = getelementptr i16 %abs_spectrogram, i64 0, i64 %zext_ln187_34" [audrey_4_hls/mfcc.cpp:187->audrey_4_hls/mfcc.cpp:64]   --->   Operation 107 'getelementptr' 'abs_spectrogram_addr_17' <Predicate = true> <Delay = 0.00>
ST_3 : Operation 108 [2/2] (3.25ns)   --->   "%abs_spectrogram_load_17 = load i9 %abs_spectrogram_addr_17" [audrey_4_hls/mfcc.cpp:187->audrey_4_hls/mfcc.cpp:64]   --->   Operation 108 'load' 'abs_spectrogram_load_17' <Predicate = true> <Delay = 3.25> <CoreInst = "RAM_1WnR">   --->   Core 83 'RAM_1WnR' <Latency = 1> <II = 1> <Delay = 3.25> <Storage> <Opcode : 'load' 'store'> <Ports = 17> <Width = 16> <Depth = 257> <RAM>
ST_3 : Operation 109 [1/1] (0.00ns)   --->   "%mel_filterbank_17_addr = getelementptr i8 %mel_filterbank_17, i64 0, i64 %m_cast" [audrey_4_hls/mfcc.cpp:187->audrey_4_hls/mfcc.cpp:64]   --->   Operation 109 'getelementptr' 'mel_filterbank_17_addr' <Predicate = true> <Delay = 0.00>
ST_3 : Operation 110 [2/2] (2.15ns)   --->   "%mel_filterbank_17_load = load i6 %mel_filterbank_17_addr" [audrey_4_hls/mfcc.cpp:187->audrey_4_hls/mfcc.cpp:64]   --->   Operation 110 'load' 'mel_filterbank_17_load' <Predicate = true> <Delay = 2.15> <CoreInst = "ROM">   --->   Core 95 'ROM' <Latency = 1> <II = 1> <Delay = 2.15> <Storage> <Opcode : 'load'> <Ports = 0> <Width = 8> <Depth = 42> <ROM>
ST_3 : Operation 111 [1/1] (0.00ns)   --->   "%mel_filterbank_18_addr = getelementptr i8 %mel_filterbank_18, i64 0, i64 %m_cast" [audrey_4_hls/mfcc.cpp:187->audrey_4_hls/mfcc.cpp:64]   --->   Operation 111 'getelementptr' 'mel_filterbank_18_addr' <Predicate = true> <Delay = 0.00>
ST_3 : Operation 112 [2/2] (2.15ns)   --->   "%mel_filterbank_18_load = load i6 %mel_filterbank_18_addr" [audrey_4_hls/mfcc.cpp:187->audrey_4_hls/mfcc.cpp:64]   --->   Operation 112 'load' 'mel_filterbank_18_load' <Predicate = true> <Delay = 2.15> <CoreInst = "ROM">   --->   Core 95 'ROM' <Latency = 1> <II = 1> <Delay = 2.15> <Storage> <Opcode : 'load'> <Ports = 0> <Width = 8> <Depth = 42> <ROM>
ST_3 : Operation 113 [1/1] (0.00ns)   --->   "%mel_filterbank_19_addr = getelementptr i8 %mel_filterbank_19, i64 0, i64 %m_cast" [audrey_4_hls/mfcc.cpp:187->audrey_4_hls/mfcc.cpp:64]   --->   Operation 113 'getelementptr' 'mel_filterbank_19_addr' <Predicate = true> <Delay = 0.00>
ST_3 : Operation 114 [2/2] (2.15ns)   --->   "%mel_filterbank_19_load = load i6 %mel_filterbank_19_addr" [audrey_4_hls/mfcc.cpp:187->audrey_4_hls/mfcc.cpp:64]   --->   Operation 114 'load' 'mel_filterbank_19_load' <Predicate = true> <Delay = 2.15> <CoreInst = "ROM">   --->   Core 95 'ROM' <Latency = 1> <II = 1> <Delay = 2.15> <Storage> <Opcode : 'load'> <Ports = 0> <Width = 8> <Depth = 42> <ROM>
ST_3 : Operation 115 [1/1] (0.00ns)   --->   "%mel_filterbank_20_addr = getelementptr i8 %mel_filterbank_20, i64 0, i64 %m_cast" [audrey_4_hls/mfcc.cpp:187->audrey_4_hls/mfcc.cpp:64]   --->   Operation 115 'getelementptr' 'mel_filterbank_20_addr' <Predicate = true> <Delay = 0.00>
ST_3 : Operation 116 [2/2] (2.15ns)   --->   "%mel_filterbank_20_load = load i6 %mel_filterbank_20_addr" [audrey_4_hls/mfcc.cpp:187->audrey_4_hls/mfcc.cpp:64]   --->   Operation 116 'load' 'mel_filterbank_20_load' <Predicate = true> <Delay = 2.15> <CoreInst = "ROM">   --->   Core 95 'ROM' <Latency = 1> <II = 1> <Delay = 2.15> <Storage> <Opcode : 'load'> <Ports = 0> <Width = 8> <Depth = 42> <ROM>
ST_3 : Operation 117 [1/1] (0.00ns)   --->   "%mel_filterbank_21_addr = getelementptr i8 %mel_filterbank_21, i64 0, i64 %m_cast" [audrey_4_hls/mfcc.cpp:187->audrey_4_hls/mfcc.cpp:64]   --->   Operation 117 'getelementptr' 'mel_filterbank_21_addr' <Predicate = true> <Delay = 0.00>
ST_3 : Operation 118 [2/2] (2.15ns)   --->   "%mel_filterbank_21_load = load i6 %mel_filterbank_21_addr" [audrey_4_hls/mfcc.cpp:187->audrey_4_hls/mfcc.cpp:64]   --->   Operation 118 'load' 'mel_filterbank_21_load' <Predicate = true> <Delay = 2.15> <CoreInst = "ROM">   --->   Core 95 'ROM' <Latency = 1> <II = 1> <Delay = 2.15> <Storage> <Opcode : 'load'> <Ports = 0> <Width = 8> <Depth = 42> <ROM>
ST_3 : Operation 119 [1/1] (0.00ns)   --->   "%mel_filterbank_22_addr = getelementptr i8 %mel_filterbank_22, i64 0, i64 %m_cast" [audrey_4_hls/mfcc.cpp:187->audrey_4_hls/mfcc.cpp:64]   --->   Operation 119 'getelementptr' 'mel_filterbank_22_addr' <Predicate = true> <Delay = 0.00>
ST_3 : Operation 120 [2/2] (2.15ns)   --->   "%mel_filterbank_22_load = load i6 %mel_filterbank_22_addr" [audrey_4_hls/mfcc.cpp:187->audrey_4_hls/mfcc.cpp:64]   --->   Operation 120 'load' 'mel_filterbank_22_load' <Predicate = true> <Delay = 2.15> <CoreInst = "ROM">   --->   Core 95 'ROM' <Latency = 1> <II = 1> <Delay = 2.15> <Storage> <Opcode : 'load'> <Ports = 0> <Width = 8> <Depth = 42> <ROM>
ST_3 : Operation 121 [1/1] (0.00ns)   --->   "%mel_filterbank_23_addr = getelementptr i7 %mel_filterbank_23, i64 0, i64 %m_cast" [audrey_4_hls/mfcc.cpp:187->audrey_4_hls/mfcc.cpp:64]   --->   Operation 121 'getelementptr' 'mel_filterbank_23_addr' <Predicate = true> <Delay = 0.00>
ST_3 : Operation 122 [2/2] (2.15ns)   --->   "%mel_filterbank_23_load = load i6 %mel_filterbank_23_addr" [audrey_4_hls/mfcc.cpp:187->audrey_4_hls/mfcc.cpp:64]   --->   Operation 122 'load' 'mel_filterbank_23_load' <Predicate = true> <Delay = 2.15> <CoreInst = "ROM">   --->   Core 95 'ROM' <Latency = 1> <II = 1> <Delay = 2.15> <Storage> <Opcode : 'load'> <Ports = 0> <Width = 7> <Depth = 42> <ROM>
ST_3 : Operation 123 [1/1] (0.00ns)   --->   "%mel_filterbank_24_addr = getelementptr i7 %mel_filterbank_24, i64 0, i64 %m_cast" [audrey_4_hls/mfcc.cpp:187->audrey_4_hls/mfcc.cpp:64]   --->   Operation 123 'getelementptr' 'mel_filterbank_24_addr' <Predicate = true> <Delay = 0.00>
ST_3 : Operation 124 [2/2] (2.15ns)   --->   "%mel_filterbank_24_load = load i6 %mel_filterbank_24_addr" [audrey_4_hls/mfcc.cpp:187->audrey_4_hls/mfcc.cpp:64]   --->   Operation 124 'load' 'mel_filterbank_24_load' <Predicate = true> <Delay = 2.15> <CoreInst = "ROM">   --->   Core 95 'ROM' <Latency = 1> <II = 1> <Delay = 2.15> <Storage> <Opcode : 'load'> <Ports = 0> <Width = 7> <Depth = 42> <ROM>
ST_3 : Operation 125 [1/1] (0.00ns)   --->   "%mel_filterbank_25_addr = getelementptr i7 %mel_filterbank_25, i64 0, i64 %m_cast" [audrey_4_hls/mfcc.cpp:187->audrey_4_hls/mfcc.cpp:64]   --->   Operation 125 'getelementptr' 'mel_filterbank_25_addr' <Predicate = true> <Delay = 0.00>
ST_3 : Operation 126 [2/2] (2.15ns)   --->   "%mel_filterbank_25_load = load i6 %mel_filterbank_25_addr" [audrey_4_hls/mfcc.cpp:187->audrey_4_hls/mfcc.cpp:64]   --->   Operation 126 'load' 'mel_filterbank_25_load' <Predicate = true> <Delay = 2.15> <CoreInst = "ROM">   --->   Core 95 'ROM' <Latency = 1> <II = 1> <Delay = 2.15> <Storage> <Opcode : 'load'> <Ports = 0> <Width = 7> <Depth = 42> <ROM>
ST_3 : Operation 127 [1/1] (2.11ns)   --->   "%add_ln187_25 = add i9 %zext_ln187, i9 26" [audrey_4_hls/mfcc.cpp:187->audrey_4_hls/mfcc.cpp:64]   --->   Operation 127 'add' 'add_ln187_25' <Predicate = true> <Delay = 2.11> <CoreInst = "Adder">   --->   Core 1 'Adder' <Latency = 0> <II = 1> <Delay = 2.11> <FuncUnit> <Opcode : 'add' 'sub'> <InPorts = 2> <OutPorts = 1>
ST_3 : Operation 128 [1/1] (0.00ns)   --->   "%zext_ln187_52 = zext i9 %add_ln187_25" [audrey_4_hls/mfcc.cpp:187->audrey_4_hls/mfcc.cpp:64]   --->   Operation 128 'zext' 'zext_ln187_52' <Predicate = true> <Delay = 0.00>
ST_3 : Operation 129 [1/1] (0.00ns)   --->   "%abs_spectrogram_addr_26 = getelementptr i16 %abs_spectrogram, i64 0, i64 %zext_ln187_52" [audrey_4_hls/mfcc.cpp:187->audrey_4_hls/mfcc.cpp:64]   --->   Operation 129 'getelementptr' 'abs_spectrogram_addr_26' <Predicate = true> <Delay = 0.00>
ST_3 : Operation 130 [2/2] (3.25ns)   --->   "%abs_spectrogram_load_26 = load i9 %abs_spectrogram_addr_26" [audrey_4_hls/mfcc.cpp:187->audrey_4_hls/mfcc.cpp:64]   --->   Operation 130 'load' 'abs_spectrogram_load_26' <Predicate = true> <Delay = 3.25> <CoreInst = "RAM_1WnR">   --->   Core 83 'RAM_1WnR' <Latency = 1> <II = 1> <Delay = 3.25> <Storage> <Opcode : 'load' 'store'> <Ports = 17> <Width = 16> <Depth = 257> <RAM>
ST_3 : Operation 131 [1/1] (0.00ns)   --->   "%mel_filterbank_26_addr = getelementptr i7 %mel_filterbank_26, i64 0, i64 %m_cast" [audrey_4_hls/mfcc.cpp:187->audrey_4_hls/mfcc.cpp:64]   --->   Operation 131 'getelementptr' 'mel_filterbank_26_addr' <Predicate = true> <Delay = 0.00>
ST_3 : Operation 132 [2/2] (2.15ns)   --->   "%mel_filterbank_26_load = load i6 %mel_filterbank_26_addr" [audrey_4_hls/mfcc.cpp:187->audrey_4_hls/mfcc.cpp:64]   --->   Operation 132 'load' 'mel_filterbank_26_load' <Predicate = true> <Delay = 2.15> <CoreInst = "ROM">   --->   Core 95 'ROM' <Latency = 1> <II = 1> <Delay = 2.15> <Storage> <Opcode : 'load'> <Ports = 0> <Width = 7> <Depth = 42> <ROM>
ST_3 : Operation 133 [1/1] (2.11ns)   --->   "%add_ln187_26 = add i9 %zext_ln187, i9 27" [audrey_4_hls/mfcc.cpp:187->audrey_4_hls/mfcc.cpp:64]   --->   Operation 133 'add' 'add_ln187_26' <Predicate = true> <Delay = 2.11> <CoreInst = "Adder">   --->   Core 1 'Adder' <Latency = 0> <II = 1> <Delay = 2.11> <FuncUnit> <Opcode : 'add' 'sub'> <InPorts = 2> <OutPorts = 1>
ST_3 : Operation 134 [1/1] (0.00ns)   --->   "%zext_ln187_54 = zext i9 %add_ln187_26" [audrey_4_hls/mfcc.cpp:187->audrey_4_hls/mfcc.cpp:64]   --->   Operation 134 'zext' 'zext_ln187_54' <Predicate = true> <Delay = 0.00>
ST_3 : Operation 135 [1/1] (0.00ns)   --->   "%abs_spectrogram_addr_27 = getelementptr i16 %abs_spectrogram, i64 0, i64 %zext_ln187_54" [audrey_4_hls/mfcc.cpp:187->audrey_4_hls/mfcc.cpp:64]   --->   Operation 135 'getelementptr' 'abs_spectrogram_addr_27' <Predicate = true> <Delay = 0.00>
ST_3 : Operation 136 [2/2] (3.25ns)   --->   "%abs_spectrogram_load_27 = load i9 %abs_spectrogram_addr_27" [audrey_4_hls/mfcc.cpp:187->audrey_4_hls/mfcc.cpp:64]   --->   Operation 136 'load' 'abs_spectrogram_load_27' <Predicate = true> <Delay = 3.25> <CoreInst = "RAM_1WnR">   --->   Core 83 'RAM_1WnR' <Latency = 1> <II = 1> <Delay = 3.25> <Storage> <Opcode : 'load' 'store'> <Ports = 17> <Width = 16> <Depth = 257> <RAM>
ST_3 : Operation 137 [1/1] (0.00ns)   --->   "%mel_filterbank_27_addr = getelementptr i6 %mel_filterbank_27, i64 0, i64 %m_cast" [audrey_4_hls/mfcc.cpp:187->audrey_4_hls/mfcc.cpp:64]   --->   Operation 137 'getelementptr' 'mel_filterbank_27_addr' <Predicate = true> <Delay = 0.00>
ST_3 : Operation 138 [2/2] (2.15ns)   --->   "%mel_filterbank_27_load = load i6 %mel_filterbank_27_addr" [audrey_4_hls/mfcc.cpp:187->audrey_4_hls/mfcc.cpp:64]   --->   Operation 138 'load' 'mel_filterbank_27_load' <Predicate = true> <Delay = 2.15> <CoreInst = "ROM">   --->   Core 95 'ROM' <Latency = 1> <II = 1> <Delay = 2.15> <Storage> <Opcode : 'load'> <Ports = 0> <Width = 6> <Depth = 42> <ROM>
ST_3 : Operation 139 [1/1] (2.11ns)   --->   "%add_ln187_27 = add i9 %zext_ln187, i9 28" [audrey_4_hls/mfcc.cpp:187->audrey_4_hls/mfcc.cpp:64]   --->   Operation 139 'add' 'add_ln187_27' <Predicate = true> <Delay = 2.11> <CoreInst = "Adder">   --->   Core 1 'Adder' <Latency = 0> <II = 1> <Delay = 2.11> <FuncUnit> <Opcode : 'add' 'sub'> <InPorts = 2> <OutPorts = 1>
ST_3 : Operation 140 [1/1] (0.00ns)   --->   "%zext_ln187_56 = zext i9 %add_ln187_27" [audrey_4_hls/mfcc.cpp:187->audrey_4_hls/mfcc.cpp:64]   --->   Operation 140 'zext' 'zext_ln187_56' <Predicate = true> <Delay = 0.00>
ST_3 : Operation 141 [1/1] (0.00ns)   --->   "%abs_spectrogram_addr_28 = getelementptr i16 %abs_spectrogram, i64 0, i64 %zext_ln187_56" [audrey_4_hls/mfcc.cpp:187->audrey_4_hls/mfcc.cpp:64]   --->   Operation 141 'getelementptr' 'abs_spectrogram_addr_28' <Predicate = true> <Delay = 0.00>
ST_3 : Operation 142 [2/2] (3.25ns)   --->   "%abs_spectrogram_load_28 = load i9 %abs_spectrogram_addr_28" [audrey_4_hls/mfcc.cpp:187->audrey_4_hls/mfcc.cpp:64]   --->   Operation 142 'load' 'abs_spectrogram_load_28' <Predicate = true> <Delay = 3.25> <CoreInst = "RAM_1WnR">   --->   Core 83 'RAM_1WnR' <Latency = 1> <II = 1> <Delay = 3.25> <Storage> <Opcode : 'load' 'store'> <Ports = 17> <Width = 16> <Depth = 257> <RAM>
ST_3 : Operation 143 [1/1] (0.00ns)   --->   "%mel_filterbank_28_addr = getelementptr i6 %mel_filterbank_28, i64 0, i64 %m_cast" [audrey_4_hls/mfcc.cpp:187->audrey_4_hls/mfcc.cpp:64]   --->   Operation 143 'getelementptr' 'mel_filterbank_28_addr' <Predicate = true> <Delay = 0.00>
ST_3 : Operation 144 [2/2] (2.15ns)   --->   "%mel_filterbank_28_load = load i6 %mel_filterbank_28_addr" [audrey_4_hls/mfcc.cpp:187->audrey_4_hls/mfcc.cpp:64]   --->   Operation 144 'load' 'mel_filterbank_28_load' <Predicate = true> <Delay = 2.15> <CoreInst = "ROM">   --->   Core 95 'ROM' <Latency = 1> <II = 1> <Delay = 2.15> <Storage> <Opcode : 'load'> <Ports = 0> <Width = 6> <Depth = 42> <ROM>
ST_3 : Operation 145 [1/1] (2.11ns)   --->   "%add_ln187_28 = add i9 %zext_ln187, i9 29" [audrey_4_hls/mfcc.cpp:187->audrey_4_hls/mfcc.cpp:64]   --->   Operation 145 'add' 'add_ln187_28' <Predicate = true> <Delay = 2.11> <CoreInst = "Adder">   --->   Core 1 'Adder' <Latency = 0> <II = 1> <Delay = 2.11> <FuncUnit> <Opcode : 'add' 'sub'> <InPorts = 2> <OutPorts = 1>
ST_3 : Operation 146 [1/1] (0.00ns)   --->   "%zext_ln187_58 = zext i9 %add_ln187_28" [audrey_4_hls/mfcc.cpp:187->audrey_4_hls/mfcc.cpp:64]   --->   Operation 146 'zext' 'zext_ln187_58' <Predicate = true> <Delay = 0.00>
ST_3 : Operation 147 [1/1] (0.00ns)   --->   "%abs_spectrogram_addr_29 = getelementptr i16 %abs_spectrogram, i64 0, i64 %zext_ln187_58" [audrey_4_hls/mfcc.cpp:187->audrey_4_hls/mfcc.cpp:64]   --->   Operation 147 'getelementptr' 'abs_spectrogram_addr_29' <Predicate = true> <Delay = 0.00>
ST_3 : Operation 148 [2/2] (3.25ns)   --->   "%abs_spectrogram_load_29 = load i9 %abs_spectrogram_addr_29" [audrey_4_hls/mfcc.cpp:187->audrey_4_hls/mfcc.cpp:64]   --->   Operation 148 'load' 'abs_spectrogram_load_29' <Predicate = true> <Delay = 3.25> <CoreInst = "RAM_1WnR">   --->   Core 83 'RAM_1WnR' <Latency = 1> <II = 1> <Delay = 3.25> <Storage> <Opcode : 'load' 'store'> <Ports = 17> <Width = 16> <Depth = 257> <RAM>
ST_3 : Operation 149 [1/1] (0.00ns)   --->   "%mel_filterbank_29_addr = getelementptr i5 %mel_filterbank_29, i64 0, i64 %m_cast" [audrey_4_hls/mfcc.cpp:187->audrey_4_hls/mfcc.cpp:64]   --->   Operation 149 'getelementptr' 'mel_filterbank_29_addr' <Predicate = true> <Delay = 0.00>
ST_3 : Operation 150 [2/2] (2.15ns)   --->   "%mel_filterbank_29_load = load i6 %mel_filterbank_29_addr" [audrey_4_hls/mfcc.cpp:187->audrey_4_hls/mfcc.cpp:64]   --->   Operation 150 'load' 'mel_filterbank_29_load' <Predicate = true> <Delay = 2.15> <CoreInst = "ROM">   --->   Core 95 'ROM' <Latency = 1> <II = 1> <Delay = 2.15> <Storage> <Opcode : 'load'> <Ports = 0> <Width = 5> <Depth = 42> <ROM>

State 4 <SV = 3> <Delay = 5.57>
ST_4 : Operation 151 [1/1] (0.00ns)   --->   "%sext_ln187 = sext i16 %abs_spectrogram_load" [audrey_4_hls/mfcc.cpp:187->audrey_4_hls/mfcc.cpp:64]   --->   Operation 151 'sext' 'sext_ln187' <Predicate = true> <Delay = 0.00>
ST_4 : Operation 152 [1/1] (0.00ns)   --->   "%zext_ln187_1 = zext i8 %mel_filterbank_0_load" [audrey_4_hls/mfcc.cpp:187->audrey_4_hls/mfcc.cpp:64]   --->   Operation 152 'zext' 'zext_ln187_1' <Predicate = true> <Delay = 0.00>
ST_4 : Operation 153 [1/1] (5.57ns)   --->   "%mul_ln187 = mul i24 %zext_ln187_1, i24 %sext_ln187" [audrey_4_hls/mfcc.cpp:187->audrey_4_hls/mfcc.cpp:64]   --->   Operation 153 'mul' 'mul_ln187' <Predicate = true> <Delay = 5.57> <CoreInst = "Multiplier">   --->   Core 3 'Multiplier' <Latency = 0> <II = 1> <Delay = 5.57> <FuncUnit> <Opcode : 'mul'> <InPorts = 2> <OutPorts = 1>
ST_4 : Operation 154 [1/1] (0.00ns)   --->   "%trunc_ln1 = partselect i16 @_ssdm_op_PartSelect.i16.i24.i32.i32, i24 %mul_ln187, i32 8, i32 23" [audrey_4_hls/mfcc.cpp:187->audrey_4_hls/mfcc.cpp:64]   --->   Operation 154 'partselect' 'trunc_ln1' <Predicate = true> <Delay = 0.00>
ST_4 : Operation 155 [1/1] (2.11ns)   --->   "%add_ln187 = add i9 %zext_ln187, i9 1" [audrey_4_hls/mfcc.cpp:187->audrey_4_hls/mfcc.cpp:64]   --->   Operation 155 'add' 'add_ln187' <Predicate = true> <Delay = 2.11> <CoreInst = "Adder">   --->   Core 1 'Adder' <Latency = 0> <II = 1> <Delay = 2.11> <FuncUnit> <Opcode : 'add' 'sub'> <InPorts = 2> <OutPorts = 1>
ST_4 : Operation 156 [1/1] (0.00ns)   --->   "%zext_ln187_2 = zext i9 %add_ln187" [audrey_4_hls/mfcc.cpp:187->audrey_4_hls/mfcc.cpp:64]   --->   Operation 156 'zext' 'zext_ln187_2' <Predicate = true> <Delay = 0.00>
ST_4 : Operation 157 [1/1] (0.00ns)   --->   "%abs_spectrogram_addr_1 = getelementptr i16 %abs_spectrogram, i64 0, i64 %zext_ln187_2" [audrey_4_hls/mfcc.cpp:187->audrey_4_hls/mfcc.cpp:64]   --->   Operation 157 'getelementptr' 'abs_spectrogram_addr_1' <Predicate = true> <Delay = 0.00>
ST_4 : Operation 158 [2/2] (3.25ns)   --->   "%abs_spectrogram_load_1 = load i9 %abs_spectrogram_addr_1" [audrey_4_hls/mfcc.cpp:187->audrey_4_hls/mfcc.cpp:64]   --->   Operation 158 'load' 'abs_spectrogram_load_1' <Predicate = true> <Delay = 3.25> <CoreInst = "RAM_1WnR">   --->   Core 83 'RAM_1WnR' <Latency = 1> <II = 1> <Delay = 3.25> <Storage> <Opcode : 'load' 'store'> <Ports = 17> <Width = 16> <Depth = 257> <RAM>
ST_4 : Operation 159 [1/2] (2.15ns)   --->   "%mel_filterbank_1_load = load i6 %mel_filterbank_1_addr" [audrey_4_hls/mfcc.cpp:187->audrey_4_hls/mfcc.cpp:64]   --->   Operation 159 'load' 'mel_filterbank_1_load' <Predicate = true> <Delay = 2.15> <CoreInst = "ROM">   --->   Core 95 'ROM' <Latency = 1> <II = 1> <Delay = 2.15> <Storage> <Opcode : 'load'> <Ports = 0> <Width = 8> <Depth = 42> <ROM>
ST_4 : Operation 160 [1/1] (2.11ns)   --->   "%add_ln187_1 = add i9 %zext_ln187, i9 2" [audrey_4_hls/mfcc.cpp:187->audrey_4_hls/mfcc.cpp:64]   --->   Operation 160 'add' 'add_ln187_1' <Predicate = true> <Delay = 2.11> <CoreInst = "Adder">   --->   Core 1 'Adder' <Latency = 0> <II = 1> <Delay = 2.11> <FuncUnit> <Opcode : 'add' 'sub'> <InPorts = 2> <OutPorts = 1>
ST_4 : Operation 161 [1/1] (0.00ns)   --->   "%zext_ln187_4 = zext i9 %add_ln187_1" [audrey_4_hls/mfcc.cpp:187->audrey_4_hls/mfcc.cpp:64]   --->   Operation 161 'zext' 'zext_ln187_4' <Predicate = true> <Delay = 0.00>
ST_4 : Operation 162 [1/1] (0.00ns)   --->   "%abs_spectrogram_addr_2 = getelementptr i16 %abs_spectrogram, i64 0, i64 %zext_ln187_4" [audrey_4_hls/mfcc.cpp:187->audrey_4_hls/mfcc.cpp:64]   --->   Operation 162 'getelementptr' 'abs_spectrogram_addr_2' <Predicate = true> <Delay = 0.00>
ST_4 : Operation 163 [2/2] (3.25ns)   --->   "%abs_spectrogram_load_2 = load i9 %abs_spectrogram_addr_2" [audrey_4_hls/mfcc.cpp:187->audrey_4_hls/mfcc.cpp:64]   --->   Operation 163 'load' 'abs_spectrogram_load_2' <Predicate = true> <Delay = 3.25> <CoreInst = "RAM_1WnR">   --->   Core 83 'RAM_1WnR' <Latency = 1> <II = 1> <Delay = 3.25> <Storage> <Opcode : 'load' 'store'> <Ports = 17> <Width = 16> <Depth = 257> <RAM>
ST_4 : Operation 164 [1/2] (2.15ns)   --->   "%mel_filterbank_2_load = load i6 %mel_filterbank_2_addr" [audrey_4_hls/mfcc.cpp:187->audrey_4_hls/mfcc.cpp:64]   --->   Operation 164 'load' 'mel_filterbank_2_load' <Predicate = true> <Delay = 2.15> <CoreInst = "ROM">   --->   Core 95 'ROM' <Latency = 1> <II = 1> <Delay = 2.15> <Storage> <Opcode : 'load'> <Ports = 0> <Width = 8> <Depth = 42> <ROM>
ST_4 : Operation 165 [1/2] (3.25ns)   --->   "%abs_spectrogram_load_3 = load i9 %abs_spectrogram_addr_3" [audrey_4_hls/mfcc.cpp:187->audrey_4_hls/mfcc.cpp:64]   --->   Operation 165 'load' 'abs_spectrogram_load_3' <Predicate = true> <Delay = 3.25> <CoreInst = "RAM_1WnR">   --->   Core 83 'RAM_1WnR' <Latency = 1> <II = 1> <Delay = 3.25> <Storage> <Opcode : 'load' 'store'> <Ports = 17> <Width = 16> <Depth = 257> <RAM>
ST_4 : Operation 166 [1/2] (2.15ns)   --->   "%mel_filterbank_3_load = load i6 %mel_filterbank_3_addr" [audrey_4_hls/mfcc.cpp:187->audrey_4_hls/mfcc.cpp:64]   --->   Operation 166 'load' 'mel_filterbank_3_load' <Predicate = true> <Delay = 2.15> <CoreInst = "ROM">   --->   Core 95 'ROM' <Latency = 1> <II = 1> <Delay = 2.15> <Storage> <Opcode : 'load'> <Ports = 0> <Width = 8> <Depth = 42> <ROM>
ST_4 : Operation 167 [1/2] (3.25ns)   --->   "%abs_spectrogram_load_4 = load i9 %abs_spectrogram_addr_4" [audrey_4_hls/mfcc.cpp:187->audrey_4_hls/mfcc.cpp:64]   --->   Operation 167 'load' 'abs_spectrogram_load_4' <Predicate = true> <Delay = 3.25> <CoreInst = "RAM_1WnR">   --->   Core 83 'RAM_1WnR' <Latency = 1> <II = 1> <Delay = 3.25> <Storage> <Opcode : 'load' 'store'> <Ports = 17> <Width = 16> <Depth = 257> <RAM>
ST_4 : Operation 168 [1/2] (2.15ns)   --->   "%mel_filterbank_4_load = load i6 %mel_filterbank_4_addr" [audrey_4_hls/mfcc.cpp:187->audrey_4_hls/mfcc.cpp:64]   --->   Operation 168 'load' 'mel_filterbank_4_load' <Predicate = true> <Delay = 2.15> <CoreInst = "ROM">   --->   Core 95 'ROM' <Latency = 1> <II = 1> <Delay = 2.15> <Storage> <Opcode : 'load'> <Ports = 0> <Width = 8> <Depth = 42> <ROM>
ST_4 : Operation 169 [1/2] (3.25ns)   --->   "%abs_spectrogram_load_5 = load i9 %abs_spectrogram_addr_5" [audrey_4_hls/mfcc.cpp:187->audrey_4_hls/mfcc.cpp:64]   --->   Operation 169 'load' 'abs_spectrogram_load_5' <Predicate = true> <Delay = 3.25> <CoreInst = "RAM_1WnR">   --->   Core 83 'RAM_1WnR' <Latency = 1> <II = 1> <Delay = 3.25> <Storage> <Opcode : 'load' 'store'> <Ports = 17> <Width = 16> <Depth = 257> <RAM>
ST_4 : Operation 170 [1/2] (2.15ns)   --->   "%mel_filterbank_5_load = load i6 %mel_filterbank_5_addr" [audrey_4_hls/mfcc.cpp:187->audrey_4_hls/mfcc.cpp:64]   --->   Operation 170 'load' 'mel_filterbank_5_load' <Predicate = true> <Delay = 2.15> <CoreInst = "ROM">   --->   Core 95 'ROM' <Latency = 1> <II = 1> <Delay = 2.15> <Storage> <Opcode : 'load'> <Ports = 0> <Width = 8> <Depth = 42> <ROM>
ST_4 : Operation 171 [1/2] (3.25ns)   --->   "%abs_spectrogram_load_6 = load i9 %abs_spectrogram_addr_6" [audrey_4_hls/mfcc.cpp:187->audrey_4_hls/mfcc.cpp:64]   --->   Operation 171 'load' 'abs_spectrogram_load_6' <Predicate = true> <Delay = 3.25> <CoreInst = "RAM_1WnR">   --->   Core 83 'RAM_1WnR' <Latency = 1> <II = 1> <Delay = 3.25> <Storage> <Opcode : 'load' 'store'> <Ports = 17> <Width = 16> <Depth = 257> <RAM>
ST_4 : Operation 172 [1/2] (2.15ns)   --->   "%mel_filterbank_6_load = load i6 %mel_filterbank_6_addr" [audrey_4_hls/mfcc.cpp:187->audrey_4_hls/mfcc.cpp:64]   --->   Operation 172 'load' 'mel_filterbank_6_load' <Predicate = true> <Delay = 2.15> <CoreInst = "ROM">   --->   Core 95 'ROM' <Latency = 1> <II = 1> <Delay = 2.15> <Storage> <Opcode : 'load'> <Ports = 0> <Width = 8> <Depth = 42> <ROM>
ST_4 : Operation 173 [1/1] (2.11ns)   --->   "%add_ln187_6 = add i9 %zext_ln187, i9 7" [audrey_4_hls/mfcc.cpp:187->audrey_4_hls/mfcc.cpp:64]   --->   Operation 173 'add' 'add_ln187_6' <Predicate = true> <Delay = 2.11> <CoreInst = "Adder">   --->   Core 1 'Adder' <Latency = 0> <II = 1> <Delay = 2.11> <FuncUnit> <Opcode : 'add' 'sub'> <InPorts = 2> <OutPorts = 1>
ST_4 : Operation 174 [1/1] (0.00ns)   --->   "%zext_ln187_14 = zext i9 %add_ln187_6" [audrey_4_hls/mfcc.cpp:187->audrey_4_hls/mfcc.cpp:64]   --->   Operation 174 'zext' 'zext_ln187_14' <Predicate = true> <Delay = 0.00>
ST_4 : Operation 175 [1/1] (0.00ns)   --->   "%abs_spectrogram_addr_7 = getelementptr i16 %abs_spectrogram, i64 0, i64 %zext_ln187_14" [audrey_4_hls/mfcc.cpp:187->audrey_4_hls/mfcc.cpp:64]   --->   Operation 175 'getelementptr' 'abs_spectrogram_addr_7' <Predicate = true> <Delay = 0.00>
ST_4 : Operation 176 [2/2] (3.25ns)   --->   "%abs_spectrogram_load_7 = load i9 %abs_spectrogram_addr_7" [audrey_4_hls/mfcc.cpp:187->audrey_4_hls/mfcc.cpp:64]   --->   Operation 176 'load' 'abs_spectrogram_load_7' <Predicate = true> <Delay = 3.25> <CoreInst = "RAM_1WnR">   --->   Core 83 'RAM_1WnR' <Latency = 1> <II = 1> <Delay = 3.25> <Storage> <Opcode : 'load' 'store'> <Ports = 17> <Width = 16> <Depth = 257> <RAM>
ST_4 : Operation 177 [1/2] (2.15ns)   --->   "%mel_filterbank_7_load = load i6 %mel_filterbank_7_addr" [audrey_4_hls/mfcc.cpp:187->audrey_4_hls/mfcc.cpp:64]   --->   Operation 177 'load' 'mel_filterbank_7_load' <Predicate = true> <Delay = 2.15> <CoreInst = "ROM">   --->   Core 95 'ROM' <Latency = 1> <II = 1> <Delay = 2.15> <Storage> <Opcode : 'load'> <Ports = 0> <Width = 8> <Depth = 42> <ROM>
ST_4 : Operation 178 [1/1] (2.11ns)   --->   "%add_ln187_7 = add i9 %zext_ln187, i9 8" [audrey_4_hls/mfcc.cpp:187->audrey_4_hls/mfcc.cpp:64]   --->   Operation 178 'add' 'add_ln187_7' <Predicate = true> <Delay = 2.11> <CoreInst = "Adder">   --->   Core 1 'Adder' <Latency = 0> <II = 1> <Delay = 2.11> <FuncUnit> <Opcode : 'add' 'sub'> <InPorts = 2> <OutPorts = 1>
ST_4 : Operation 179 [1/1] (0.00ns)   --->   "%zext_ln187_16 = zext i9 %add_ln187_7" [audrey_4_hls/mfcc.cpp:187->audrey_4_hls/mfcc.cpp:64]   --->   Operation 179 'zext' 'zext_ln187_16' <Predicate = true> <Delay = 0.00>
ST_4 : Operation 180 [1/1] (0.00ns)   --->   "%abs_spectrogram_addr_8 = getelementptr i16 %abs_spectrogram, i64 0, i64 %zext_ln187_16" [audrey_4_hls/mfcc.cpp:187->audrey_4_hls/mfcc.cpp:64]   --->   Operation 180 'getelementptr' 'abs_spectrogram_addr_8' <Predicate = true> <Delay = 0.00>
ST_4 : Operation 181 [2/2] (3.25ns)   --->   "%abs_spectrogram_load_8 = load i9 %abs_spectrogram_addr_8" [audrey_4_hls/mfcc.cpp:187->audrey_4_hls/mfcc.cpp:64]   --->   Operation 181 'load' 'abs_spectrogram_load_8' <Predicate = true> <Delay = 3.25> <CoreInst = "RAM_1WnR">   --->   Core 83 'RAM_1WnR' <Latency = 1> <II = 1> <Delay = 3.25> <Storage> <Opcode : 'load' 'store'> <Ports = 17> <Width = 16> <Depth = 257> <RAM>
ST_4 : Operation 182 [1/2] (2.15ns)   --->   "%mel_filterbank_8_load = load i6 %mel_filterbank_8_addr" [audrey_4_hls/mfcc.cpp:187->audrey_4_hls/mfcc.cpp:64]   --->   Operation 182 'load' 'mel_filterbank_8_load' <Predicate = true> <Delay = 2.15> <CoreInst = "ROM">   --->   Core 95 'ROM' <Latency = 1> <II = 1> <Delay = 2.15> <Storage> <Opcode : 'load'> <Ports = 0> <Width = 8> <Depth = 42> <ROM>
ST_4 : Operation 183 [1/1] (2.11ns)   --->   "%add_ln187_8 = add i9 %zext_ln187, i9 9" [audrey_4_hls/mfcc.cpp:187->audrey_4_hls/mfcc.cpp:64]   --->   Operation 183 'add' 'add_ln187_8' <Predicate = true> <Delay = 2.11> <CoreInst = "Adder">   --->   Core 1 'Adder' <Latency = 0> <II = 1> <Delay = 2.11> <FuncUnit> <Opcode : 'add' 'sub'> <InPorts = 2> <OutPorts = 1>
ST_4 : Operation 184 [1/1] (0.00ns)   --->   "%zext_ln187_18 = zext i9 %add_ln187_8" [audrey_4_hls/mfcc.cpp:187->audrey_4_hls/mfcc.cpp:64]   --->   Operation 184 'zext' 'zext_ln187_18' <Predicate = true> <Delay = 0.00>
ST_4 : Operation 185 [1/1] (0.00ns)   --->   "%abs_spectrogram_addr_9 = getelementptr i16 %abs_spectrogram, i64 0, i64 %zext_ln187_18" [audrey_4_hls/mfcc.cpp:187->audrey_4_hls/mfcc.cpp:64]   --->   Operation 185 'getelementptr' 'abs_spectrogram_addr_9' <Predicate = true> <Delay = 0.00>
ST_4 : Operation 186 [2/2] (3.25ns)   --->   "%abs_spectrogram_load_9 = load i9 %abs_spectrogram_addr_9" [audrey_4_hls/mfcc.cpp:187->audrey_4_hls/mfcc.cpp:64]   --->   Operation 186 'load' 'abs_spectrogram_load_9' <Predicate = true> <Delay = 3.25> <CoreInst = "RAM_1WnR">   --->   Core 83 'RAM_1WnR' <Latency = 1> <II = 1> <Delay = 3.25> <Storage> <Opcode : 'load' 'store'> <Ports = 17> <Width = 16> <Depth = 257> <RAM>
ST_4 : Operation 187 [1/2] (2.15ns)   --->   "%mel_filterbank_9_load = load i6 %mel_filterbank_9_addr" [audrey_4_hls/mfcc.cpp:187->audrey_4_hls/mfcc.cpp:64]   --->   Operation 187 'load' 'mel_filterbank_9_load' <Predicate = true> <Delay = 2.15> <CoreInst = "ROM">   --->   Core 95 'ROM' <Latency = 1> <II = 1> <Delay = 2.15> <Storage> <Opcode : 'load'> <Ports = 0> <Width = 8> <Depth = 42> <ROM>
ST_4 : Operation 188 [1/1] (2.11ns)   --->   "%add_ln187_9 = add i9 %zext_ln187, i9 10" [audrey_4_hls/mfcc.cpp:187->audrey_4_hls/mfcc.cpp:64]   --->   Operation 188 'add' 'add_ln187_9' <Predicate = true> <Delay = 2.11> <CoreInst = "Adder">   --->   Core 1 'Adder' <Latency = 0> <II = 1> <Delay = 2.11> <FuncUnit> <Opcode : 'add' 'sub'> <InPorts = 2> <OutPorts = 1>
ST_4 : Operation 189 [1/1] (0.00ns)   --->   "%zext_ln187_20 = zext i9 %add_ln187_9" [audrey_4_hls/mfcc.cpp:187->audrey_4_hls/mfcc.cpp:64]   --->   Operation 189 'zext' 'zext_ln187_20' <Predicate = true> <Delay = 0.00>
ST_4 : Operation 190 [1/1] (0.00ns)   --->   "%abs_spectrogram_addr_10 = getelementptr i16 %abs_spectrogram, i64 0, i64 %zext_ln187_20" [audrey_4_hls/mfcc.cpp:187->audrey_4_hls/mfcc.cpp:64]   --->   Operation 190 'getelementptr' 'abs_spectrogram_addr_10' <Predicate = true> <Delay = 0.00>
ST_4 : Operation 191 [2/2] (3.25ns)   --->   "%abs_spectrogram_load_10 = load i9 %abs_spectrogram_addr_10" [audrey_4_hls/mfcc.cpp:187->audrey_4_hls/mfcc.cpp:64]   --->   Operation 191 'load' 'abs_spectrogram_load_10' <Predicate = true> <Delay = 3.25> <CoreInst = "RAM_1WnR">   --->   Core 83 'RAM_1WnR' <Latency = 1> <II = 1> <Delay = 3.25> <Storage> <Opcode : 'load' 'store'> <Ports = 17> <Width = 16> <Depth = 257> <RAM>
ST_4 : Operation 192 [1/2] (2.15ns)   --->   "%mel_filterbank_10_load = load i6 %mel_filterbank_10_addr" [audrey_4_hls/mfcc.cpp:187->audrey_4_hls/mfcc.cpp:64]   --->   Operation 192 'load' 'mel_filterbank_10_load' <Predicate = true> <Delay = 2.15> <CoreInst = "ROM">   --->   Core 95 'ROM' <Latency = 1> <II = 1> <Delay = 2.15> <Storage> <Opcode : 'load'> <Ports = 0> <Width = 8> <Depth = 42> <ROM>
ST_4 : Operation 193 [1/2] (3.25ns)   --->   "%abs_spectrogram_load_11 = load i9 %abs_spectrogram_addr_11" [audrey_4_hls/mfcc.cpp:187->audrey_4_hls/mfcc.cpp:64]   --->   Operation 193 'load' 'abs_spectrogram_load_11' <Predicate = true> <Delay = 3.25> <CoreInst = "RAM_1WnR">   --->   Core 83 'RAM_1WnR' <Latency = 1> <II = 1> <Delay = 3.25> <Storage> <Opcode : 'load' 'store'> <Ports = 17> <Width = 16> <Depth = 257> <RAM>
ST_4 : Operation 194 [1/2] (2.15ns)   --->   "%mel_filterbank_11_load = load i6 %mel_filterbank_11_addr" [audrey_4_hls/mfcc.cpp:187->audrey_4_hls/mfcc.cpp:64]   --->   Operation 194 'load' 'mel_filterbank_11_load' <Predicate = true> <Delay = 2.15> <CoreInst = "ROM">   --->   Core 95 'ROM' <Latency = 1> <II = 1> <Delay = 2.15> <Storage> <Opcode : 'load'> <Ports = 0> <Width = 8> <Depth = 42> <ROM>
ST_4 : Operation 195 [1/2] (3.25ns)   --->   "%abs_spectrogram_load_12 = load i9 %abs_spectrogram_addr_12" [audrey_4_hls/mfcc.cpp:187->audrey_4_hls/mfcc.cpp:64]   --->   Operation 195 'load' 'abs_spectrogram_load_12' <Predicate = true> <Delay = 3.25> <CoreInst = "RAM_1WnR">   --->   Core 83 'RAM_1WnR' <Latency = 1> <II = 1> <Delay = 3.25> <Storage> <Opcode : 'load' 'store'> <Ports = 17> <Width = 16> <Depth = 257> <RAM>
ST_4 : Operation 196 [1/2] (2.15ns)   --->   "%mel_filterbank_12_load = load i6 %mel_filterbank_12_addr" [audrey_4_hls/mfcc.cpp:187->audrey_4_hls/mfcc.cpp:64]   --->   Operation 196 'load' 'mel_filterbank_12_load' <Predicate = true> <Delay = 2.15> <CoreInst = "ROM">   --->   Core 95 'ROM' <Latency = 1> <II = 1> <Delay = 2.15> <Storage> <Opcode : 'load'> <Ports = 0> <Width = 8> <Depth = 42> <ROM>
ST_4 : Operation 197 [1/2] (3.25ns)   --->   "%abs_spectrogram_load_13 = load i9 %abs_spectrogram_addr_13" [audrey_4_hls/mfcc.cpp:187->audrey_4_hls/mfcc.cpp:64]   --->   Operation 197 'load' 'abs_spectrogram_load_13' <Predicate = true> <Delay = 3.25> <CoreInst = "RAM_1WnR">   --->   Core 83 'RAM_1WnR' <Latency = 1> <II = 1> <Delay = 3.25> <Storage> <Opcode : 'load' 'store'> <Ports = 17> <Width = 16> <Depth = 257> <RAM>
ST_4 : Operation 198 [1/2] (2.15ns)   --->   "%mel_filterbank_13_load = load i6 %mel_filterbank_13_addr" [audrey_4_hls/mfcc.cpp:187->audrey_4_hls/mfcc.cpp:64]   --->   Operation 198 'load' 'mel_filterbank_13_load' <Predicate = true> <Delay = 2.15> <CoreInst = "ROM">   --->   Core 95 'ROM' <Latency = 1> <II = 1> <Delay = 2.15> <Storage> <Opcode : 'load'> <Ports = 0> <Width = 8> <Depth = 42> <ROM>
ST_4 : Operation 199 [1/2] (3.25ns)   --->   "%abs_spectrogram_load_14 = load i9 %abs_spectrogram_addr_14" [audrey_4_hls/mfcc.cpp:187->audrey_4_hls/mfcc.cpp:64]   --->   Operation 199 'load' 'abs_spectrogram_load_14' <Predicate = true> <Delay = 3.25> <CoreInst = "RAM_1WnR">   --->   Core 83 'RAM_1WnR' <Latency = 1> <II = 1> <Delay = 3.25> <Storage> <Opcode : 'load' 'store'> <Ports = 17> <Width = 16> <Depth = 257> <RAM>
ST_4 : Operation 200 [1/2] (2.15ns)   --->   "%mel_filterbank_14_load = load i6 %mel_filterbank_14_addr" [audrey_4_hls/mfcc.cpp:187->audrey_4_hls/mfcc.cpp:64]   --->   Operation 200 'load' 'mel_filterbank_14_load' <Predicate = true> <Delay = 2.15> <CoreInst = "ROM">   --->   Core 95 'ROM' <Latency = 1> <II = 1> <Delay = 2.15> <Storage> <Opcode : 'load'> <Ports = 0> <Width = 8> <Depth = 42> <ROM>
ST_4 : Operation 201 [1/2] (3.25ns)   --->   "%abs_spectrogram_load_15 = load i9 %abs_spectrogram_addr_15" [audrey_4_hls/mfcc.cpp:187->audrey_4_hls/mfcc.cpp:64]   --->   Operation 201 'load' 'abs_spectrogram_load_15' <Predicate = true> <Delay = 3.25> <CoreInst = "RAM_1WnR">   --->   Core 83 'RAM_1WnR' <Latency = 1> <II = 1> <Delay = 3.25> <Storage> <Opcode : 'load' 'store'> <Ports = 17> <Width = 16> <Depth = 257> <RAM>
ST_4 : Operation 202 [1/2] (2.15ns)   --->   "%mel_filterbank_15_load = load i6 %mel_filterbank_15_addr" [audrey_4_hls/mfcc.cpp:187->audrey_4_hls/mfcc.cpp:64]   --->   Operation 202 'load' 'mel_filterbank_15_load' <Predicate = true> <Delay = 2.15> <CoreInst = "ROM">   --->   Core 95 'ROM' <Latency = 1> <II = 1> <Delay = 2.15> <Storage> <Opcode : 'load'> <Ports = 0> <Width = 8> <Depth = 42> <ROM>
ST_4 : Operation 203 [1/2] (3.25ns)   --->   "%abs_spectrogram_load_16 = load i9 %abs_spectrogram_addr_16" [audrey_4_hls/mfcc.cpp:187->audrey_4_hls/mfcc.cpp:64]   --->   Operation 203 'load' 'abs_spectrogram_load_16' <Predicate = true> <Delay = 3.25> <CoreInst = "RAM_1WnR">   --->   Core 83 'RAM_1WnR' <Latency = 1> <II = 1> <Delay = 3.25> <Storage> <Opcode : 'load' 'store'> <Ports = 17> <Width = 16> <Depth = 257> <RAM>
ST_4 : Operation 204 [1/2] (2.15ns)   --->   "%mel_filterbank_16_load = load i6 %mel_filterbank_16_addr" [audrey_4_hls/mfcc.cpp:187->audrey_4_hls/mfcc.cpp:64]   --->   Operation 204 'load' 'mel_filterbank_16_load' <Predicate = true> <Delay = 2.15> <CoreInst = "ROM">   --->   Core 95 'ROM' <Latency = 1> <II = 1> <Delay = 2.15> <Storage> <Opcode : 'load'> <Ports = 0> <Width = 8> <Depth = 42> <ROM>
ST_4 : Operation 205 [1/2] (3.25ns)   --->   "%abs_spectrogram_load_17 = load i9 %abs_spectrogram_addr_17" [audrey_4_hls/mfcc.cpp:187->audrey_4_hls/mfcc.cpp:64]   --->   Operation 205 'load' 'abs_spectrogram_load_17' <Predicate = true> <Delay = 3.25> <CoreInst = "RAM_1WnR">   --->   Core 83 'RAM_1WnR' <Latency = 1> <II = 1> <Delay = 3.25> <Storage> <Opcode : 'load' 'store'> <Ports = 17> <Width = 16> <Depth = 257> <RAM>
ST_4 : Operation 206 [1/2] (2.15ns)   --->   "%mel_filterbank_17_load = load i6 %mel_filterbank_17_addr" [audrey_4_hls/mfcc.cpp:187->audrey_4_hls/mfcc.cpp:64]   --->   Operation 206 'load' 'mel_filterbank_17_load' <Predicate = true> <Delay = 2.15> <CoreInst = "ROM">   --->   Core 95 'ROM' <Latency = 1> <II = 1> <Delay = 2.15> <Storage> <Opcode : 'load'> <Ports = 0> <Width = 8> <Depth = 42> <ROM>
ST_4 : Operation 207 [1/1] (2.11ns)   --->   "%add_ln187_17 = add i9 %zext_ln187, i9 18" [audrey_4_hls/mfcc.cpp:187->audrey_4_hls/mfcc.cpp:64]   --->   Operation 207 'add' 'add_ln187_17' <Predicate = true> <Delay = 2.11> <CoreInst = "Adder">   --->   Core 1 'Adder' <Latency = 0> <II = 1> <Delay = 2.11> <FuncUnit> <Opcode : 'add' 'sub'> <InPorts = 2> <OutPorts = 1>
ST_4 : Operation 208 [1/1] (0.00ns)   --->   "%zext_ln187_36 = zext i9 %add_ln187_17" [audrey_4_hls/mfcc.cpp:187->audrey_4_hls/mfcc.cpp:64]   --->   Operation 208 'zext' 'zext_ln187_36' <Predicate = true> <Delay = 0.00>
ST_4 : Operation 209 [1/1] (0.00ns)   --->   "%abs_spectrogram_addr_18 = getelementptr i16 %abs_spectrogram, i64 0, i64 %zext_ln187_36" [audrey_4_hls/mfcc.cpp:187->audrey_4_hls/mfcc.cpp:64]   --->   Operation 209 'getelementptr' 'abs_spectrogram_addr_18' <Predicate = true> <Delay = 0.00>
ST_4 : Operation 210 [2/2] (3.25ns)   --->   "%abs_spectrogram_load_18 = load i9 %abs_spectrogram_addr_18" [audrey_4_hls/mfcc.cpp:187->audrey_4_hls/mfcc.cpp:64]   --->   Operation 210 'load' 'abs_spectrogram_load_18' <Predicate = true> <Delay = 3.25> <CoreInst = "RAM_1WnR">   --->   Core 83 'RAM_1WnR' <Latency = 1> <II = 1> <Delay = 3.25> <Storage> <Opcode : 'load' 'store'> <Ports = 17> <Width = 16> <Depth = 257> <RAM>
ST_4 : Operation 211 [1/2] (2.15ns)   --->   "%mel_filterbank_18_load = load i6 %mel_filterbank_18_addr" [audrey_4_hls/mfcc.cpp:187->audrey_4_hls/mfcc.cpp:64]   --->   Operation 211 'load' 'mel_filterbank_18_load' <Predicate = true> <Delay = 2.15> <CoreInst = "ROM">   --->   Core 95 'ROM' <Latency = 1> <II = 1> <Delay = 2.15> <Storage> <Opcode : 'load'> <Ports = 0> <Width = 8> <Depth = 42> <ROM>
ST_4 : Operation 212 [1/1] (2.11ns)   --->   "%add_ln187_18 = add i9 %zext_ln187, i9 19" [audrey_4_hls/mfcc.cpp:187->audrey_4_hls/mfcc.cpp:64]   --->   Operation 212 'add' 'add_ln187_18' <Predicate = true> <Delay = 2.11> <CoreInst = "Adder">   --->   Core 1 'Adder' <Latency = 0> <II = 1> <Delay = 2.11> <FuncUnit> <Opcode : 'add' 'sub'> <InPorts = 2> <OutPorts = 1>
ST_4 : Operation 213 [1/1] (0.00ns)   --->   "%zext_ln187_38 = zext i9 %add_ln187_18" [audrey_4_hls/mfcc.cpp:187->audrey_4_hls/mfcc.cpp:64]   --->   Operation 213 'zext' 'zext_ln187_38' <Predicate = true> <Delay = 0.00>
ST_4 : Operation 214 [1/1] (0.00ns)   --->   "%abs_spectrogram_addr_19 = getelementptr i16 %abs_spectrogram, i64 0, i64 %zext_ln187_38" [audrey_4_hls/mfcc.cpp:187->audrey_4_hls/mfcc.cpp:64]   --->   Operation 214 'getelementptr' 'abs_spectrogram_addr_19' <Predicate = true> <Delay = 0.00>
ST_4 : Operation 215 [2/2] (3.25ns)   --->   "%abs_spectrogram_load_19 = load i9 %abs_spectrogram_addr_19" [audrey_4_hls/mfcc.cpp:187->audrey_4_hls/mfcc.cpp:64]   --->   Operation 215 'load' 'abs_spectrogram_load_19' <Predicate = true> <Delay = 3.25> <CoreInst = "RAM_1WnR">   --->   Core 83 'RAM_1WnR' <Latency = 1> <II = 1> <Delay = 3.25> <Storage> <Opcode : 'load' 'store'> <Ports = 17> <Width = 16> <Depth = 257> <RAM>
ST_4 : Operation 216 [1/2] (2.15ns)   --->   "%mel_filterbank_19_load = load i6 %mel_filterbank_19_addr" [audrey_4_hls/mfcc.cpp:187->audrey_4_hls/mfcc.cpp:64]   --->   Operation 216 'load' 'mel_filterbank_19_load' <Predicate = true> <Delay = 2.15> <CoreInst = "ROM">   --->   Core 95 'ROM' <Latency = 1> <II = 1> <Delay = 2.15> <Storage> <Opcode : 'load'> <Ports = 0> <Width = 8> <Depth = 42> <ROM>
ST_4 : Operation 217 [1/1] (2.11ns)   --->   "%add_ln187_19 = add i9 %zext_ln187, i9 20" [audrey_4_hls/mfcc.cpp:187->audrey_4_hls/mfcc.cpp:64]   --->   Operation 217 'add' 'add_ln187_19' <Predicate = true> <Delay = 2.11> <CoreInst = "Adder">   --->   Core 1 'Adder' <Latency = 0> <II = 1> <Delay = 2.11> <FuncUnit> <Opcode : 'add' 'sub'> <InPorts = 2> <OutPorts = 1>
ST_4 : Operation 218 [1/1] (0.00ns)   --->   "%zext_ln187_40 = zext i9 %add_ln187_19" [audrey_4_hls/mfcc.cpp:187->audrey_4_hls/mfcc.cpp:64]   --->   Operation 218 'zext' 'zext_ln187_40' <Predicate = true> <Delay = 0.00>
ST_4 : Operation 219 [1/1] (0.00ns)   --->   "%abs_spectrogram_addr_20 = getelementptr i16 %abs_spectrogram, i64 0, i64 %zext_ln187_40" [audrey_4_hls/mfcc.cpp:187->audrey_4_hls/mfcc.cpp:64]   --->   Operation 219 'getelementptr' 'abs_spectrogram_addr_20' <Predicate = true> <Delay = 0.00>
ST_4 : Operation 220 [2/2] (3.25ns)   --->   "%abs_spectrogram_load_20 = load i9 %abs_spectrogram_addr_20" [audrey_4_hls/mfcc.cpp:187->audrey_4_hls/mfcc.cpp:64]   --->   Operation 220 'load' 'abs_spectrogram_load_20' <Predicate = true> <Delay = 3.25> <CoreInst = "RAM_1WnR">   --->   Core 83 'RAM_1WnR' <Latency = 1> <II = 1> <Delay = 3.25> <Storage> <Opcode : 'load' 'store'> <Ports = 17> <Width = 16> <Depth = 257> <RAM>
ST_4 : Operation 221 [1/2] (2.15ns)   --->   "%mel_filterbank_20_load = load i6 %mel_filterbank_20_addr" [audrey_4_hls/mfcc.cpp:187->audrey_4_hls/mfcc.cpp:64]   --->   Operation 221 'load' 'mel_filterbank_20_load' <Predicate = true> <Delay = 2.15> <CoreInst = "ROM">   --->   Core 95 'ROM' <Latency = 1> <II = 1> <Delay = 2.15> <Storage> <Opcode : 'load'> <Ports = 0> <Width = 8> <Depth = 42> <ROM>
ST_4 : Operation 222 [1/1] (2.11ns)   --->   "%add_ln187_20 = add i9 %zext_ln187, i9 21" [audrey_4_hls/mfcc.cpp:187->audrey_4_hls/mfcc.cpp:64]   --->   Operation 222 'add' 'add_ln187_20' <Predicate = true> <Delay = 2.11> <CoreInst = "Adder">   --->   Core 1 'Adder' <Latency = 0> <II = 1> <Delay = 2.11> <FuncUnit> <Opcode : 'add' 'sub'> <InPorts = 2> <OutPorts = 1>
ST_4 : Operation 223 [1/1] (0.00ns)   --->   "%zext_ln187_42 = zext i9 %add_ln187_20" [audrey_4_hls/mfcc.cpp:187->audrey_4_hls/mfcc.cpp:64]   --->   Operation 223 'zext' 'zext_ln187_42' <Predicate = true> <Delay = 0.00>
ST_4 : Operation 224 [1/1] (0.00ns)   --->   "%abs_spectrogram_addr_21 = getelementptr i16 %abs_spectrogram, i64 0, i64 %zext_ln187_42" [audrey_4_hls/mfcc.cpp:187->audrey_4_hls/mfcc.cpp:64]   --->   Operation 224 'getelementptr' 'abs_spectrogram_addr_21' <Predicate = true> <Delay = 0.00>
ST_4 : Operation 225 [2/2] (3.25ns)   --->   "%abs_spectrogram_load_21 = load i9 %abs_spectrogram_addr_21" [audrey_4_hls/mfcc.cpp:187->audrey_4_hls/mfcc.cpp:64]   --->   Operation 225 'load' 'abs_spectrogram_load_21' <Predicate = true> <Delay = 3.25> <CoreInst = "RAM_1WnR">   --->   Core 83 'RAM_1WnR' <Latency = 1> <II = 1> <Delay = 3.25> <Storage> <Opcode : 'load' 'store'> <Ports = 17> <Width = 16> <Depth = 257> <RAM>
ST_4 : Operation 226 [1/2] (2.15ns)   --->   "%mel_filterbank_21_load = load i6 %mel_filterbank_21_addr" [audrey_4_hls/mfcc.cpp:187->audrey_4_hls/mfcc.cpp:64]   --->   Operation 226 'load' 'mel_filterbank_21_load' <Predicate = true> <Delay = 2.15> <CoreInst = "ROM">   --->   Core 95 'ROM' <Latency = 1> <II = 1> <Delay = 2.15> <Storage> <Opcode : 'load'> <Ports = 0> <Width = 8> <Depth = 42> <ROM>
ST_4 : Operation 227 [1/1] (2.11ns)   --->   "%add_ln187_21 = add i9 %zext_ln187, i9 22" [audrey_4_hls/mfcc.cpp:187->audrey_4_hls/mfcc.cpp:64]   --->   Operation 227 'add' 'add_ln187_21' <Predicate = true> <Delay = 2.11> <CoreInst = "Adder">   --->   Core 1 'Adder' <Latency = 0> <II = 1> <Delay = 2.11> <FuncUnit> <Opcode : 'add' 'sub'> <InPorts = 2> <OutPorts = 1>
ST_4 : Operation 228 [1/1] (0.00ns)   --->   "%zext_ln187_44 = zext i9 %add_ln187_21" [audrey_4_hls/mfcc.cpp:187->audrey_4_hls/mfcc.cpp:64]   --->   Operation 228 'zext' 'zext_ln187_44' <Predicate = true> <Delay = 0.00>
ST_4 : Operation 229 [1/1] (0.00ns)   --->   "%abs_spectrogram_addr_22 = getelementptr i16 %abs_spectrogram, i64 0, i64 %zext_ln187_44" [audrey_4_hls/mfcc.cpp:187->audrey_4_hls/mfcc.cpp:64]   --->   Operation 229 'getelementptr' 'abs_spectrogram_addr_22' <Predicate = true> <Delay = 0.00>
ST_4 : Operation 230 [2/2] (3.25ns)   --->   "%abs_spectrogram_load_22 = load i9 %abs_spectrogram_addr_22" [audrey_4_hls/mfcc.cpp:187->audrey_4_hls/mfcc.cpp:64]   --->   Operation 230 'load' 'abs_spectrogram_load_22' <Predicate = true> <Delay = 3.25> <CoreInst = "RAM_1WnR">   --->   Core 83 'RAM_1WnR' <Latency = 1> <II = 1> <Delay = 3.25> <Storage> <Opcode : 'load' 'store'> <Ports = 17> <Width = 16> <Depth = 257> <RAM>
ST_4 : Operation 231 [1/2] (2.15ns)   --->   "%mel_filterbank_22_load = load i6 %mel_filterbank_22_addr" [audrey_4_hls/mfcc.cpp:187->audrey_4_hls/mfcc.cpp:64]   --->   Operation 231 'load' 'mel_filterbank_22_load' <Predicate = true> <Delay = 2.15> <CoreInst = "ROM">   --->   Core 95 'ROM' <Latency = 1> <II = 1> <Delay = 2.15> <Storage> <Opcode : 'load'> <Ports = 0> <Width = 8> <Depth = 42> <ROM>
ST_4 : Operation 232 [1/1] (2.11ns)   --->   "%add_ln187_22 = add i9 %zext_ln187, i9 23" [audrey_4_hls/mfcc.cpp:187->audrey_4_hls/mfcc.cpp:64]   --->   Operation 232 'add' 'add_ln187_22' <Predicate = true> <Delay = 2.11> <CoreInst = "Adder">   --->   Core 1 'Adder' <Latency = 0> <II = 1> <Delay = 2.11> <FuncUnit> <Opcode : 'add' 'sub'> <InPorts = 2> <OutPorts = 1>
ST_4 : Operation 233 [1/1] (0.00ns)   --->   "%zext_ln187_46 = zext i9 %add_ln187_22" [audrey_4_hls/mfcc.cpp:187->audrey_4_hls/mfcc.cpp:64]   --->   Operation 233 'zext' 'zext_ln187_46' <Predicate = true> <Delay = 0.00>
ST_4 : Operation 234 [1/1] (0.00ns)   --->   "%abs_spectrogram_addr_23 = getelementptr i16 %abs_spectrogram, i64 0, i64 %zext_ln187_46" [audrey_4_hls/mfcc.cpp:187->audrey_4_hls/mfcc.cpp:64]   --->   Operation 234 'getelementptr' 'abs_spectrogram_addr_23' <Predicate = true> <Delay = 0.00>
ST_4 : Operation 235 [2/2] (3.25ns)   --->   "%abs_spectrogram_load_23 = load i9 %abs_spectrogram_addr_23" [audrey_4_hls/mfcc.cpp:187->audrey_4_hls/mfcc.cpp:64]   --->   Operation 235 'load' 'abs_spectrogram_load_23' <Predicate = true> <Delay = 3.25> <CoreInst = "RAM_1WnR">   --->   Core 83 'RAM_1WnR' <Latency = 1> <II = 1> <Delay = 3.25> <Storage> <Opcode : 'load' 'store'> <Ports = 17> <Width = 16> <Depth = 257> <RAM>
ST_4 : Operation 236 [1/2] (2.15ns)   --->   "%mel_filterbank_23_load = load i6 %mel_filterbank_23_addr" [audrey_4_hls/mfcc.cpp:187->audrey_4_hls/mfcc.cpp:64]   --->   Operation 236 'load' 'mel_filterbank_23_load' <Predicate = true> <Delay = 2.15> <CoreInst = "ROM">   --->   Core 95 'ROM' <Latency = 1> <II = 1> <Delay = 2.15> <Storage> <Opcode : 'load'> <Ports = 0> <Width = 7> <Depth = 42> <ROM>
ST_4 : Operation 237 [1/1] (2.11ns)   --->   "%add_ln187_23 = add i9 %zext_ln187, i9 24" [audrey_4_hls/mfcc.cpp:187->audrey_4_hls/mfcc.cpp:64]   --->   Operation 237 'add' 'add_ln187_23' <Predicate = true> <Delay = 2.11> <CoreInst = "Adder">   --->   Core 1 'Adder' <Latency = 0> <II = 1> <Delay = 2.11> <FuncUnit> <Opcode : 'add' 'sub'> <InPorts = 2> <OutPorts = 1>
ST_4 : Operation 238 [1/1] (0.00ns)   --->   "%zext_ln187_48 = zext i9 %add_ln187_23" [audrey_4_hls/mfcc.cpp:187->audrey_4_hls/mfcc.cpp:64]   --->   Operation 238 'zext' 'zext_ln187_48' <Predicate = true> <Delay = 0.00>
ST_4 : Operation 239 [1/1] (0.00ns)   --->   "%abs_spectrogram_addr_24 = getelementptr i16 %abs_spectrogram, i64 0, i64 %zext_ln187_48" [audrey_4_hls/mfcc.cpp:187->audrey_4_hls/mfcc.cpp:64]   --->   Operation 239 'getelementptr' 'abs_spectrogram_addr_24' <Predicate = true> <Delay = 0.00>
ST_4 : Operation 240 [2/2] (3.25ns)   --->   "%abs_spectrogram_load_24 = load i9 %abs_spectrogram_addr_24" [audrey_4_hls/mfcc.cpp:187->audrey_4_hls/mfcc.cpp:64]   --->   Operation 240 'load' 'abs_spectrogram_load_24' <Predicate = true> <Delay = 3.25> <CoreInst = "RAM_1WnR">   --->   Core 83 'RAM_1WnR' <Latency = 1> <II = 1> <Delay = 3.25> <Storage> <Opcode : 'load' 'store'> <Ports = 17> <Width = 16> <Depth = 257> <RAM>
ST_4 : Operation 241 [1/2] (2.15ns)   --->   "%mel_filterbank_24_load = load i6 %mel_filterbank_24_addr" [audrey_4_hls/mfcc.cpp:187->audrey_4_hls/mfcc.cpp:64]   --->   Operation 241 'load' 'mel_filterbank_24_load' <Predicate = true> <Delay = 2.15> <CoreInst = "ROM">   --->   Core 95 'ROM' <Latency = 1> <II = 1> <Delay = 2.15> <Storage> <Opcode : 'load'> <Ports = 0> <Width = 7> <Depth = 42> <ROM>
ST_4 : Operation 242 [1/1] (2.11ns)   --->   "%add_ln187_24 = add i9 %zext_ln187, i9 25" [audrey_4_hls/mfcc.cpp:187->audrey_4_hls/mfcc.cpp:64]   --->   Operation 242 'add' 'add_ln187_24' <Predicate = true> <Delay = 2.11> <CoreInst = "Adder">   --->   Core 1 'Adder' <Latency = 0> <II = 1> <Delay = 2.11> <FuncUnit> <Opcode : 'add' 'sub'> <InPorts = 2> <OutPorts = 1>
ST_4 : Operation 243 [1/1] (0.00ns)   --->   "%zext_ln187_50 = zext i9 %add_ln187_24" [audrey_4_hls/mfcc.cpp:187->audrey_4_hls/mfcc.cpp:64]   --->   Operation 243 'zext' 'zext_ln187_50' <Predicate = true> <Delay = 0.00>
ST_4 : Operation 244 [1/1] (0.00ns)   --->   "%abs_spectrogram_addr_25 = getelementptr i16 %abs_spectrogram, i64 0, i64 %zext_ln187_50" [audrey_4_hls/mfcc.cpp:187->audrey_4_hls/mfcc.cpp:64]   --->   Operation 244 'getelementptr' 'abs_spectrogram_addr_25' <Predicate = true> <Delay = 0.00>
ST_4 : Operation 245 [2/2] (3.25ns)   --->   "%abs_spectrogram_load_25 = load i9 %abs_spectrogram_addr_25" [audrey_4_hls/mfcc.cpp:187->audrey_4_hls/mfcc.cpp:64]   --->   Operation 245 'load' 'abs_spectrogram_load_25' <Predicate = true> <Delay = 3.25> <CoreInst = "RAM_1WnR">   --->   Core 83 'RAM_1WnR' <Latency = 1> <II = 1> <Delay = 3.25> <Storage> <Opcode : 'load' 'store'> <Ports = 17> <Width = 16> <Depth = 257> <RAM>
ST_4 : Operation 246 [1/2] (2.15ns)   --->   "%mel_filterbank_25_load = load i6 %mel_filterbank_25_addr" [audrey_4_hls/mfcc.cpp:187->audrey_4_hls/mfcc.cpp:64]   --->   Operation 246 'load' 'mel_filterbank_25_load' <Predicate = true> <Delay = 2.15> <CoreInst = "ROM">   --->   Core 95 'ROM' <Latency = 1> <II = 1> <Delay = 2.15> <Storage> <Opcode : 'load'> <Ports = 0> <Width = 7> <Depth = 42> <ROM>
ST_4 : Operation 247 [1/2] (3.25ns)   --->   "%abs_spectrogram_load_26 = load i9 %abs_spectrogram_addr_26" [audrey_4_hls/mfcc.cpp:187->audrey_4_hls/mfcc.cpp:64]   --->   Operation 247 'load' 'abs_spectrogram_load_26' <Predicate = true> <Delay = 3.25> <CoreInst = "RAM_1WnR">   --->   Core 83 'RAM_1WnR' <Latency = 1> <II = 1> <Delay = 3.25> <Storage> <Opcode : 'load' 'store'> <Ports = 17> <Width = 16> <Depth = 257> <RAM>
ST_4 : Operation 248 [1/2] (2.15ns)   --->   "%mel_filterbank_26_load = load i6 %mel_filterbank_26_addr" [audrey_4_hls/mfcc.cpp:187->audrey_4_hls/mfcc.cpp:64]   --->   Operation 248 'load' 'mel_filterbank_26_load' <Predicate = true> <Delay = 2.15> <CoreInst = "ROM">   --->   Core 95 'ROM' <Latency = 1> <II = 1> <Delay = 2.15> <Storage> <Opcode : 'load'> <Ports = 0> <Width = 7> <Depth = 42> <ROM>
ST_4 : Operation 249 [1/2] (3.25ns)   --->   "%abs_spectrogram_load_27 = load i9 %abs_spectrogram_addr_27" [audrey_4_hls/mfcc.cpp:187->audrey_4_hls/mfcc.cpp:64]   --->   Operation 249 'load' 'abs_spectrogram_load_27' <Predicate = true> <Delay = 3.25> <CoreInst = "RAM_1WnR">   --->   Core 83 'RAM_1WnR' <Latency = 1> <II = 1> <Delay = 3.25> <Storage> <Opcode : 'load' 'store'> <Ports = 17> <Width = 16> <Depth = 257> <RAM>
ST_4 : Operation 250 [1/2] (2.15ns)   --->   "%mel_filterbank_27_load = load i6 %mel_filterbank_27_addr" [audrey_4_hls/mfcc.cpp:187->audrey_4_hls/mfcc.cpp:64]   --->   Operation 250 'load' 'mel_filterbank_27_load' <Predicate = true> <Delay = 2.15> <CoreInst = "ROM">   --->   Core 95 'ROM' <Latency = 1> <II = 1> <Delay = 2.15> <Storage> <Opcode : 'load'> <Ports = 0> <Width = 6> <Depth = 42> <ROM>
ST_4 : Operation 251 [1/2] (3.25ns)   --->   "%abs_spectrogram_load_28 = load i9 %abs_spectrogram_addr_28" [audrey_4_hls/mfcc.cpp:187->audrey_4_hls/mfcc.cpp:64]   --->   Operation 251 'load' 'abs_spectrogram_load_28' <Predicate = true> <Delay = 3.25> <CoreInst = "RAM_1WnR">   --->   Core 83 'RAM_1WnR' <Latency = 1> <II = 1> <Delay = 3.25> <Storage> <Opcode : 'load' 'store'> <Ports = 17> <Width = 16> <Depth = 257> <RAM>
ST_4 : Operation 252 [1/2] (2.15ns)   --->   "%mel_filterbank_28_load = load i6 %mel_filterbank_28_addr" [audrey_4_hls/mfcc.cpp:187->audrey_4_hls/mfcc.cpp:64]   --->   Operation 252 'load' 'mel_filterbank_28_load' <Predicate = true> <Delay = 2.15> <CoreInst = "ROM">   --->   Core 95 'ROM' <Latency = 1> <II = 1> <Delay = 2.15> <Storage> <Opcode : 'load'> <Ports = 0> <Width = 6> <Depth = 42> <ROM>
ST_4 : Operation 253 [1/2] (3.25ns)   --->   "%abs_spectrogram_load_29 = load i9 %abs_spectrogram_addr_29" [audrey_4_hls/mfcc.cpp:187->audrey_4_hls/mfcc.cpp:64]   --->   Operation 253 'load' 'abs_spectrogram_load_29' <Predicate = true> <Delay = 3.25> <CoreInst = "RAM_1WnR">   --->   Core 83 'RAM_1WnR' <Latency = 1> <II = 1> <Delay = 3.25> <Storage> <Opcode : 'load' 'store'> <Ports = 17> <Width = 16> <Depth = 257> <RAM>
ST_4 : Operation 254 [1/2] (2.15ns)   --->   "%mel_filterbank_29_load = load i6 %mel_filterbank_29_addr" [audrey_4_hls/mfcc.cpp:187->audrey_4_hls/mfcc.cpp:64]   --->   Operation 254 'load' 'mel_filterbank_29_load' <Predicate = true> <Delay = 2.15> <CoreInst = "ROM">   --->   Core 95 'ROM' <Latency = 1> <II = 1> <Delay = 2.15> <Storage> <Opcode : 'load'> <Ports = 0> <Width = 5> <Depth = 42> <ROM>

State 5 <SV = 4> <Delay = 5.57>
ST_5 : Operation 255 [1/2] (3.25ns)   --->   "%abs_spectrogram_load_1 = load i9 %abs_spectrogram_addr_1" [audrey_4_hls/mfcc.cpp:187->audrey_4_hls/mfcc.cpp:64]   --->   Operation 255 'load' 'abs_spectrogram_load_1' <Predicate = true> <Delay = 3.25> <CoreInst = "RAM_1WnR">   --->   Core 83 'RAM_1WnR' <Latency = 1> <II = 1> <Delay = 3.25> <Storage> <Opcode : 'load' 'store'> <Ports = 17> <Width = 16> <Depth = 257> <RAM>
ST_5 : Operation 256 [1/2] (3.25ns)   --->   "%abs_spectrogram_load_2 = load i9 %abs_spectrogram_addr_2" [audrey_4_hls/mfcc.cpp:187->audrey_4_hls/mfcc.cpp:64]   --->   Operation 256 'load' 'abs_spectrogram_load_2' <Predicate = true> <Delay = 3.25> <CoreInst = "RAM_1WnR">   --->   Core 83 'RAM_1WnR' <Latency = 1> <II = 1> <Delay = 3.25> <Storage> <Opcode : 'load' 'store'> <Ports = 17> <Width = 16> <Depth = 257> <RAM>
ST_5 : Operation 257 [1/1] (0.00ns)   --->   "%sext_ln187_3 = sext i16 %abs_spectrogram_load_3" [audrey_4_hls/mfcc.cpp:187->audrey_4_hls/mfcc.cpp:64]   --->   Operation 257 'sext' 'sext_ln187_3' <Predicate = true> <Delay = 0.00>
ST_5 : Operation 258 [1/1] (0.00ns)   --->   "%zext_ln187_7 = zext i8 %mel_filterbank_3_load" [audrey_4_hls/mfcc.cpp:187->audrey_4_hls/mfcc.cpp:64]   --->   Operation 258 'zext' 'zext_ln187_7' <Predicate = true> <Delay = 0.00>
ST_5 : Operation 259 [1/1] (5.57ns)   --->   "%mul_ln187_3 = mul i24 %zext_ln187_7, i24 %sext_ln187_3" [audrey_4_hls/mfcc.cpp:187->audrey_4_hls/mfcc.cpp:64]   --->   Operation 259 'mul' 'mul_ln187_3' <Predicate = true> <Delay = 5.57> <CoreInst = "Multiplier">   --->   Core 3 'Multiplier' <Latency = 0> <II = 1> <Delay = 5.57> <FuncUnit> <Opcode : 'mul'> <InPorts = 2> <OutPorts = 1>
ST_5 : Operation 260 [1/1] (0.00ns)   --->   "%trunc_ln187_3 = partselect i16 @_ssdm_op_PartSelect.i16.i24.i32.i32, i24 %mul_ln187_3, i32 8, i32 23" [audrey_4_hls/mfcc.cpp:187->audrey_4_hls/mfcc.cpp:64]   --->   Operation 260 'partselect' 'trunc_ln187_3' <Predicate = true> <Delay = 0.00>
ST_5 : Operation 261 [1/1] (0.00ns)   --->   "%sext_ln187_4 = sext i16 %abs_spectrogram_load_4" [audrey_4_hls/mfcc.cpp:187->audrey_4_hls/mfcc.cpp:64]   --->   Operation 261 'sext' 'sext_ln187_4' <Predicate = true> <Delay = 0.00>
ST_5 : Operation 262 [1/1] (0.00ns)   --->   "%zext_ln187_9 = zext i8 %mel_filterbank_4_load" [audrey_4_hls/mfcc.cpp:187->audrey_4_hls/mfcc.cpp:64]   --->   Operation 262 'zext' 'zext_ln187_9' <Predicate = true> <Delay = 0.00>
ST_5 : Operation 263 [1/1] (5.57ns)   --->   "%mul_ln187_4 = mul i24 %zext_ln187_9, i24 %sext_ln187_4" [audrey_4_hls/mfcc.cpp:187->audrey_4_hls/mfcc.cpp:64]   --->   Operation 263 'mul' 'mul_ln187_4' <Predicate = true> <Delay = 5.57> <CoreInst = "Multiplier">   --->   Core 3 'Multiplier' <Latency = 0> <II = 1> <Delay = 5.57> <FuncUnit> <Opcode : 'mul'> <InPorts = 2> <OutPorts = 1>
ST_5 : Operation 264 [1/1] (0.00ns)   --->   "%trunc_ln187_4 = partselect i16 @_ssdm_op_PartSelect.i16.i24.i32.i32, i24 %mul_ln187_4, i32 8, i32 23" [audrey_4_hls/mfcc.cpp:187->audrey_4_hls/mfcc.cpp:64]   --->   Operation 264 'partselect' 'trunc_ln187_4' <Predicate = true> <Delay = 0.00>
ST_5 : Operation 265 [1/1] (0.00ns)   --->   "%sext_ln187_5 = sext i16 %abs_spectrogram_load_5" [audrey_4_hls/mfcc.cpp:187->audrey_4_hls/mfcc.cpp:64]   --->   Operation 265 'sext' 'sext_ln187_5' <Predicate = true> <Delay = 0.00>
ST_5 : Operation 266 [1/1] (0.00ns)   --->   "%zext_ln187_11 = zext i8 %mel_filterbank_5_load" [audrey_4_hls/mfcc.cpp:187->audrey_4_hls/mfcc.cpp:64]   --->   Operation 266 'zext' 'zext_ln187_11' <Predicate = true> <Delay = 0.00>
ST_5 : Operation 267 [1/1] (5.57ns)   --->   "%mul_ln187_5 = mul i24 %zext_ln187_11, i24 %sext_ln187_5" [audrey_4_hls/mfcc.cpp:187->audrey_4_hls/mfcc.cpp:64]   --->   Operation 267 'mul' 'mul_ln187_5' <Predicate = true> <Delay = 5.57> <CoreInst = "Multiplier">   --->   Core 3 'Multiplier' <Latency = 0> <II = 1> <Delay = 5.57> <FuncUnit> <Opcode : 'mul'> <InPorts = 2> <OutPorts = 1>
ST_5 : Operation 268 [1/1] (0.00ns)   --->   "%trunc_ln187_5 = partselect i16 @_ssdm_op_PartSelect.i16.i24.i32.i32, i24 %mul_ln187_5, i32 8, i32 23" [audrey_4_hls/mfcc.cpp:187->audrey_4_hls/mfcc.cpp:64]   --->   Operation 268 'partselect' 'trunc_ln187_5' <Predicate = true> <Delay = 0.00>
ST_5 : Operation 269 [1/1] (0.00ns)   --->   "%sext_ln187_6 = sext i16 %abs_spectrogram_load_6" [audrey_4_hls/mfcc.cpp:187->audrey_4_hls/mfcc.cpp:64]   --->   Operation 269 'sext' 'sext_ln187_6' <Predicate = true> <Delay = 0.00>
ST_5 : Operation 270 [1/1] (0.00ns)   --->   "%zext_ln187_13 = zext i8 %mel_filterbank_6_load" [audrey_4_hls/mfcc.cpp:187->audrey_4_hls/mfcc.cpp:64]   --->   Operation 270 'zext' 'zext_ln187_13' <Predicate = true> <Delay = 0.00>
ST_5 : Operation 271 [1/1] (5.57ns)   --->   "%mul_ln187_6 = mul i24 %zext_ln187_13, i24 %sext_ln187_6" [audrey_4_hls/mfcc.cpp:187->audrey_4_hls/mfcc.cpp:64]   --->   Operation 271 'mul' 'mul_ln187_6' <Predicate = true> <Delay = 5.57> <CoreInst = "Multiplier">   --->   Core 3 'Multiplier' <Latency = 0> <II = 1> <Delay = 5.57> <FuncUnit> <Opcode : 'mul'> <InPorts = 2> <OutPorts = 1>
ST_5 : Operation 272 [1/1] (0.00ns)   --->   "%trunc_ln187_6 = partselect i16 @_ssdm_op_PartSelect.i16.i24.i32.i32, i24 %mul_ln187_6, i32 8, i32 23" [audrey_4_hls/mfcc.cpp:187->audrey_4_hls/mfcc.cpp:64]   --->   Operation 272 'partselect' 'trunc_ln187_6' <Predicate = true> <Delay = 0.00>
ST_5 : Operation 273 [1/2] (3.25ns)   --->   "%abs_spectrogram_load_7 = load i9 %abs_spectrogram_addr_7" [audrey_4_hls/mfcc.cpp:187->audrey_4_hls/mfcc.cpp:64]   --->   Operation 273 'load' 'abs_spectrogram_load_7' <Predicate = true> <Delay = 3.25> <CoreInst = "RAM_1WnR">   --->   Core 83 'RAM_1WnR' <Latency = 1> <II = 1> <Delay = 3.25> <Storage> <Opcode : 'load' 'store'> <Ports = 17> <Width = 16> <Depth = 257> <RAM>
ST_5 : Operation 274 [1/2] (3.25ns)   --->   "%abs_spectrogram_load_8 = load i9 %abs_spectrogram_addr_8" [audrey_4_hls/mfcc.cpp:187->audrey_4_hls/mfcc.cpp:64]   --->   Operation 274 'load' 'abs_spectrogram_load_8' <Predicate = true> <Delay = 3.25> <CoreInst = "RAM_1WnR">   --->   Core 83 'RAM_1WnR' <Latency = 1> <II = 1> <Delay = 3.25> <Storage> <Opcode : 'load' 'store'> <Ports = 17> <Width = 16> <Depth = 257> <RAM>
ST_5 : Operation 275 [1/2] (3.25ns)   --->   "%abs_spectrogram_load_9 = load i9 %abs_spectrogram_addr_9" [audrey_4_hls/mfcc.cpp:187->audrey_4_hls/mfcc.cpp:64]   --->   Operation 275 'load' 'abs_spectrogram_load_9' <Predicate = true> <Delay = 3.25> <CoreInst = "RAM_1WnR">   --->   Core 83 'RAM_1WnR' <Latency = 1> <II = 1> <Delay = 3.25> <Storage> <Opcode : 'load' 'store'> <Ports = 17> <Width = 16> <Depth = 257> <RAM>
ST_5 : Operation 276 [1/2] (3.25ns)   --->   "%abs_spectrogram_load_10 = load i9 %abs_spectrogram_addr_10" [audrey_4_hls/mfcc.cpp:187->audrey_4_hls/mfcc.cpp:64]   --->   Operation 276 'load' 'abs_spectrogram_load_10' <Predicate = true> <Delay = 3.25> <CoreInst = "RAM_1WnR">   --->   Core 83 'RAM_1WnR' <Latency = 1> <II = 1> <Delay = 3.25> <Storage> <Opcode : 'load' 'store'> <Ports = 17> <Width = 16> <Depth = 257> <RAM>
ST_5 : Operation 277 [1/1] (0.00ns)   --->   "%sext_ln187_11 = sext i16 %abs_spectrogram_load_11" [audrey_4_hls/mfcc.cpp:187->audrey_4_hls/mfcc.cpp:64]   --->   Operation 277 'sext' 'sext_ln187_11' <Predicate = true> <Delay = 0.00>
ST_5 : Operation 278 [1/1] (0.00ns)   --->   "%zext_ln187_23 = zext i8 %mel_filterbank_11_load" [audrey_4_hls/mfcc.cpp:187->audrey_4_hls/mfcc.cpp:64]   --->   Operation 278 'zext' 'zext_ln187_23' <Predicate = true> <Delay = 0.00>
ST_5 : Operation 279 [1/1] (5.57ns)   --->   "%mul_ln187_11 = mul i24 %zext_ln187_23, i24 %sext_ln187_11" [audrey_4_hls/mfcc.cpp:187->audrey_4_hls/mfcc.cpp:64]   --->   Operation 279 'mul' 'mul_ln187_11' <Predicate = true> <Delay = 5.57> <CoreInst = "Multiplier">   --->   Core 3 'Multiplier' <Latency = 0> <II = 1> <Delay = 5.57> <FuncUnit> <Opcode : 'mul'> <InPorts = 2> <OutPorts = 1>
ST_5 : Operation 280 [1/1] (0.00ns)   --->   "%trunc_ln187_10 = partselect i16 @_ssdm_op_PartSelect.i16.i24.i32.i32, i24 %mul_ln187_11, i32 8, i32 23" [audrey_4_hls/mfcc.cpp:187->audrey_4_hls/mfcc.cpp:64]   --->   Operation 280 'partselect' 'trunc_ln187_10' <Predicate = true> <Delay = 0.00>
ST_5 : Operation 281 [1/1] (0.00ns)   --->   "%sext_ln187_12 = sext i16 %abs_spectrogram_load_12" [audrey_4_hls/mfcc.cpp:187->audrey_4_hls/mfcc.cpp:64]   --->   Operation 281 'sext' 'sext_ln187_12' <Predicate = true> <Delay = 0.00>
ST_5 : Operation 282 [1/1] (0.00ns)   --->   "%zext_ln187_25 = zext i8 %mel_filterbank_12_load" [audrey_4_hls/mfcc.cpp:187->audrey_4_hls/mfcc.cpp:64]   --->   Operation 282 'zext' 'zext_ln187_25' <Predicate = true> <Delay = 0.00>
ST_5 : Operation 283 [1/1] (5.57ns)   --->   "%mul_ln187_12 = mul i24 %zext_ln187_25, i24 %sext_ln187_12" [audrey_4_hls/mfcc.cpp:187->audrey_4_hls/mfcc.cpp:64]   --->   Operation 283 'mul' 'mul_ln187_12' <Predicate = true> <Delay = 5.57> <CoreInst = "Multiplier">   --->   Core 3 'Multiplier' <Latency = 0> <II = 1> <Delay = 5.57> <FuncUnit> <Opcode : 'mul'> <InPorts = 2> <OutPorts = 1>
ST_5 : Operation 284 [1/1] (0.00ns)   --->   "%trunc_ln187_11 = partselect i16 @_ssdm_op_PartSelect.i16.i24.i32.i32, i24 %mul_ln187_12, i32 8, i32 23" [audrey_4_hls/mfcc.cpp:187->audrey_4_hls/mfcc.cpp:64]   --->   Operation 284 'partselect' 'trunc_ln187_11' <Predicate = true> <Delay = 0.00>
ST_5 : Operation 285 [1/1] (0.00ns)   --->   "%sext_ln187_13 = sext i16 %abs_spectrogram_load_13" [audrey_4_hls/mfcc.cpp:187->audrey_4_hls/mfcc.cpp:64]   --->   Operation 285 'sext' 'sext_ln187_13' <Predicate = true> <Delay = 0.00>
ST_5 : Operation 286 [1/1] (0.00ns)   --->   "%zext_ln187_27 = zext i8 %mel_filterbank_13_load" [audrey_4_hls/mfcc.cpp:187->audrey_4_hls/mfcc.cpp:64]   --->   Operation 286 'zext' 'zext_ln187_27' <Predicate = true> <Delay = 0.00>
ST_5 : Operation 287 [1/1] (5.57ns)   --->   "%mul_ln187_13 = mul i24 %zext_ln187_27, i24 %sext_ln187_13" [audrey_4_hls/mfcc.cpp:187->audrey_4_hls/mfcc.cpp:64]   --->   Operation 287 'mul' 'mul_ln187_13' <Predicate = true> <Delay = 5.57> <CoreInst = "Multiplier">   --->   Core 3 'Multiplier' <Latency = 0> <II = 1> <Delay = 5.57> <FuncUnit> <Opcode : 'mul'> <InPorts = 2> <OutPorts = 1>
ST_5 : Operation 288 [1/1] (0.00ns)   --->   "%trunc_ln187_12 = partselect i16 @_ssdm_op_PartSelect.i16.i24.i32.i32, i24 %mul_ln187_13, i32 8, i32 23" [audrey_4_hls/mfcc.cpp:187->audrey_4_hls/mfcc.cpp:64]   --->   Operation 288 'partselect' 'trunc_ln187_12' <Predicate = true> <Delay = 0.00>
ST_5 : Operation 289 [1/1] (0.00ns)   --->   "%sext_ln187_14 = sext i16 %abs_spectrogram_load_14" [audrey_4_hls/mfcc.cpp:187->audrey_4_hls/mfcc.cpp:64]   --->   Operation 289 'sext' 'sext_ln187_14' <Predicate = true> <Delay = 0.00>
ST_5 : Operation 290 [1/1] (0.00ns)   --->   "%zext_ln187_29 = zext i8 %mel_filterbank_14_load" [audrey_4_hls/mfcc.cpp:187->audrey_4_hls/mfcc.cpp:64]   --->   Operation 290 'zext' 'zext_ln187_29' <Predicate = true> <Delay = 0.00>
ST_5 : Operation 291 [1/1] (5.57ns)   --->   "%mul_ln187_14 = mul i24 %zext_ln187_29, i24 %sext_ln187_14" [audrey_4_hls/mfcc.cpp:187->audrey_4_hls/mfcc.cpp:64]   --->   Operation 291 'mul' 'mul_ln187_14' <Predicate = true> <Delay = 5.57> <CoreInst = "Multiplier">   --->   Core 3 'Multiplier' <Latency = 0> <II = 1> <Delay = 5.57> <FuncUnit> <Opcode : 'mul'> <InPorts = 2> <OutPorts = 1>
ST_5 : Operation 292 [1/1] (0.00ns)   --->   "%trunc_ln187_13 = partselect i16 @_ssdm_op_PartSelect.i16.i24.i32.i32, i24 %mul_ln187_14, i32 8, i32 23" [audrey_4_hls/mfcc.cpp:187->audrey_4_hls/mfcc.cpp:64]   --->   Operation 292 'partselect' 'trunc_ln187_13' <Predicate = true> <Delay = 0.00>
ST_5 : Operation 293 [1/1] (0.00ns)   --->   "%sext_ln187_15 = sext i16 %abs_spectrogram_load_15" [audrey_4_hls/mfcc.cpp:187->audrey_4_hls/mfcc.cpp:64]   --->   Operation 293 'sext' 'sext_ln187_15' <Predicate = true> <Delay = 0.00>
ST_5 : Operation 294 [1/1] (0.00ns)   --->   "%zext_ln187_31 = zext i8 %mel_filterbank_15_load" [audrey_4_hls/mfcc.cpp:187->audrey_4_hls/mfcc.cpp:64]   --->   Operation 294 'zext' 'zext_ln187_31' <Predicate = true> <Delay = 0.00>
ST_5 : Operation 295 [1/1] (5.57ns)   --->   "%mul_ln187_15 = mul i24 %zext_ln187_31, i24 %sext_ln187_15" [audrey_4_hls/mfcc.cpp:187->audrey_4_hls/mfcc.cpp:64]   --->   Operation 295 'mul' 'mul_ln187_15' <Predicate = true> <Delay = 5.57> <CoreInst = "Multiplier">   --->   Core 3 'Multiplier' <Latency = 0> <II = 1> <Delay = 5.57> <FuncUnit> <Opcode : 'mul'> <InPorts = 2> <OutPorts = 1>
ST_5 : Operation 296 [1/1] (0.00ns)   --->   "%trunc_ln187_14 = partselect i16 @_ssdm_op_PartSelect.i16.i24.i32.i32, i24 %mul_ln187_15, i32 8, i32 23" [audrey_4_hls/mfcc.cpp:187->audrey_4_hls/mfcc.cpp:64]   --->   Operation 296 'partselect' 'trunc_ln187_14' <Predicate = true> <Delay = 0.00>
ST_5 : Operation 297 [1/1] (0.00ns)   --->   "%sext_ln187_16 = sext i16 %abs_spectrogram_load_16" [audrey_4_hls/mfcc.cpp:187->audrey_4_hls/mfcc.cpp:64]   --->   Operation 297 'sext' 'sext_ln187_16' <Predicate = true> <Delay = 0.00>
ST_5 : Operation 298 [1/1] (0.00ns)   --->   "%zext_ln187_33 = zext i8 %mel_filterbank_16_load" [audrey_4_hls/mfcc.cpp:187->audrey_4_hls/mfcc.cpp:64]   --->   Operation 298 'zext' 'zext_ln187_33' <Predicate = true> <Delay = 0.00>
ST_5 : Operation 299 [1/1] (5.57ns)   --->   "%mul_ln187_16 = mul i24 %zext_ln187_33, i24 %sext_ln187_16" [audrey_4_hls/mfcc.cpp:187->audrey_4_hls/mfcc.cpp:64]   --->   Operation 299 'mul' 'mul_ln187_16' <Predicate = true> <Delay = 5.57> <CoreInst = "Multiplier">   --->   Core 3 'Multiplier' <Latency = 0> <II = 1> <Delay = 5.57> <FuncUnit> <Opcode : 'mul'> <InPorts = 2> <OutPorts = 1>
ST_5 : Operation 300 [1/1] (0.00ns)   --->   "%trunc_ln187_15 = partselect i16 @_ssdm_op_PartSelect.i16.i24.i32.i32, i24 %mul_ln187_16, i32 8, i32 23" [audrey_4_hls/mfcc.cpp:187->audrey_4_hls/mfcc.cpp:64]   --->   Operation 300 'partselect' 'trunc_ln187_15' <Predicate = true> <Delay = 0.00>
ST_5 : Operation 301 [1/1] (0.00ns)   --->   "%sext_ln187_17 = sext i16 %abs_spectrogram_load_17" [audrey_4_hls/mfcc.cpp:187->audrey_4_hls/mfcc.cpp:64]   --->   Operation 301 'sext' 'sext_ln187_17' <Predicate = true> <Delay = 0.00>
ST_5 : Operation 302 [1/1] (0.00ns)   --->   "%zext_ln187_35 = zext i8 %mel_filterbank_17_load" [audrey_4_hls/mfcc.cpp:187->audrey_4_hls/mfcc.cpp:64]   --->   Operation 302 'zext' 'zext_ln187_35' <Predicate = true> <Delay = 0.00>
ST_5 : Operation 303 [1/1] (5.57ns)   --->   "%mul_ln187_17 = mul i24 %zext_ln187_35, i24 %sext_ln187_17" [audrey_4_hls/mfcc.cpp:187->audrey_4_hls/mfcc.cpp:64]   --->   Operation 303 'mul' 'mul_ln187_17' <Predicate = true> <Delay = 5.57> <CoreInst = "Multiplier">   --->   Core 3 'Multiplier' <Latency = 0> <II = 1> <Delay = 5.57> <FuncUnit> <Opcode : 'mul'> <InPorts = 2> <OutPorts = 1>
ST_5 : Operation 304 [1/1] (0.00ns)   --->   "%trunc_ln187_16 = partselect i16 @_ssdm_op_PartSelect.i16.i24.i32.i32, i24 %mul_ln187_17, i32 8, i32 23" [audrey_4_hls/mfcc.cpp:187->audrey_4_hls/mfcc.cpp:64]   --->   Operation 304 'partselect' 'trunc_ln187_16' <Predicate = true> <Delay = 0.00>
ST_5 : Operation 305 [1/2] (3.25ns)   --->   "%abs_spectrogram_load_18 = load i9 %abs_spectrogram_addr_18" [audrey_4_hls/mfcc.cpp:187->audrey_4_hls/mfcc.cpp:64]   --->   Operation 305 'load' 'abs_spectrogram_load_18' <Predicate = true> <Delay = 3.25> <CoreInst = "RAM_1WnR">   --->   Core 83 'RAM_1WnR' <Latency = 1> <II = 1> <Delay = 3.25> <Storage> <Opcode : 'load' 'store'> <Ports = 17> <Width = 16> <Depth = 257> <RAM>
ST_5 : Operation 306 [1/2] (3.25ns)   --->   "%abs_spectrogram_load_19 = load i9 %abs_spectrogram_addr_19" [audrey_4_hls/mfcc.cpp:187->audrey_4_hls/mfcc.cpp:64]   --->   Operation 306 'load' 'abs_spectrogram_load_19' <Predicate = true> <Delay = 3.25> <CoreInst = "RAM_1WnR">   --->   Core 83 'RAM_1WnR' <Latency = 1> <II = 1> <Delay = 3.25> <Storage> <Opcode : 'load' 'store'> <Ports = 17> <Width = 16> <Depth = 257> <RAM>
ST_5 : Operation 307 [1/2] (3.25ns)   --->   "%abs_spectrogram_load_20 = load i9 %abs_spectrogram_addr_20" [audrey_4_hls/mfcc.cpp:187->audrey_4_hls/mfcc.cpp:64]   --->   Operation 307 'load' 'abs_spectrogram_load_20' <Predicate = true> <Delay = 3.25> <CoreInst = "RAM_1WnR">   --->   Core 83 'RAM_1WnR' <Latency = 1> <II = 1> <Delay = 3.25> <Storage> <Opcode : 'load' 'store'> <Ports = 17> <Width = 16> <Depth = 257> <RAM>
ST_5 : Operation 308 [1/2] (3.25ns)   --->   "%abs_spectrogram_load_21 = load i9 %abs_spectrogram_addr_21" [audrey_4_hls/mfcc.cpp:187->audrey_4_hls/mfcc.cpp:64]   --->   Operation 308 'load' 'abs_spectrogram_load_21' <Predicate = true> <Delay = 3.25> <CoreInst = "RAM_1WnR">   --->   Core 83 'RAM_1WnR' <Latency = 1> <II = 1> <Delay = 3.25> <Storage> <Opcode : 'load' 'store'> <Ports = 17> <Width = 16> <Depth = 257> <RAM>
ST_5 : Operation 309 [1/2] (3.25ns)   --->   "%abs_spectrogram_load_22 = load i9 %abs_spectrogram_addr_22" [audrey_4_hls/mfcc.cpp:187->audrey_4_hls/mfcc.cpp:64]   --->   Operation 309 'load' 'abs_spectrogram_load_22' <Predicate = true> <Delay = 3.25> <CoreInst = "RAM_1WnR">   --->   Core 83 'RAM_1WnR' <Latency = 1> <II = 1> <Delay = 3.25> <Storage> <Opcode : 'load' 'store'> <Ports = 17> <Width = 16> <Depth = 257> <RAM>
ST_5 : Operation 310 [1/2] (3.25ns)   --->   "%abs_spectrogram_load_23 = load i9 %abs_spectrogram_addr_23" [audrey_4_hls/mfcc.cpp:187->audrey_4_hls/mfcc.cpp:64]   --->   Operation 310 'load' 'abs_spectrogram_load_23' <Predicate = true> <Delay = 3.25> <CoreInst = "RAM_1WnR">   --->   Core 83 'RAM_1WnR' <Latency = 1> <II = 1> <Delay = 3.25> <Storage> <Opcode : 'load' 'store'> <Ports = 17> <Width = 16> <Depth = 257> <RAM>
ST_5 : Operation 311 [1/2] (3.25ns)   --->   "%abs_spectrogram_load_24 = load i9 %abs_spectrogram_addr_24" [audrey_4_hls/mfcc.cpp:187->audrey_4_hls/mfcc.cpp:64]   --->   Operation 311 'load' 'abs_spectrogram_load_24' <Predicate = true> <Delay = 3.25> <CoreInst = "RAM_1WnR">   --->   Core 83 'RAM_1WnR' <Latency = 1> <II = 1> <Delay = 3.25> <Storage> <Opcode : 'load' 'store'> <Ports = 17> <Width = 16> <Depth = 257> <RAM>
ST_5 : Operation 312 [1/2] (3.25ns)   --->   "%abs_spectrogram_load_25 = load i9 %abs_spectrogram_addr_25" [audrey_4_hls/mfcc.cpp:187->audrey_4_hls/mfcc.cpp:64]   --->   Operation 312 'load' 'abs_spectrogram_load_25' <Predicate = true> <Delay = 3.25> <CoreInst = "RAM_1WnR">   --->   Core 83 'RAM_1WnR' <Latency = 1> <II = 1> <Delay = 3.25> <Storage> <Opcode : 'load' 'store'> <Ports = 17> <Width = 16> <Depth = 257> <RAM>
ST_5 : Operation 313 [1/1] (0.00ns)   --->   "%sext_ln187_29 = sext i16 %abs_spectrogram_load_26" [audrey_4_hls/mfcc.cpp:187->audrey_4_hls/mfcc.cpp:64]   --->   Operation 313 'sext' 'sext_ln187_29' <Predicate = true> <Delay = 0.00>
ST_5 : Operation 314 [1/1] (0.00ns)   --->   "%zext_ln187_53 = zext i7 %mel_filterbank_26_load" [audrey_4_hls/mfcc.cpp:187->audrey_4_hls/mfcc.cpp:64]   --->   Operation 314 'zext' 'zext_ln187_53' <Predicate = true> <Delay = 0.00>
ST_5 : Operation 315 [1/1] (5.57ns)   --->   "%mul_ln187_26 = mul i23 %zext_ln187_53, i23 %sext_ln187_29" [audrey_4_hls/mfcc.cpp:187->audrey_4_hls/mfcc.cpp:64]   --->   Operation 315 'mul' 'mul_ln187_26' <Predicate = true> <Delay = 5.57> <CoreInst = "Multiplier">   --->   Core 3 'Multiplier' <Latency = 0> <II = 1> <Delay = 5.57> <FuncUnit> <Opcode : 'mul'> <InPorts = 2> <OutPorts = 1>
ST_5 : Operation 316 [1/1] (0.00ns)   --->   "%trunc_ln187_25 = partselect i15 @_ssdm_op_PartSelect.i15.i23.i32.i32, i23 %mul_ln187_26, i32 8, i32 22" [audrey_4_hls/mfcc.cpp:187->audrey_4_hls/mfcc.cpp:64]   --->   Operation 316 'partselect' 'trunc_ln187_25' <Predicate = true> <Delay = 0.00>
ST_5 : Operation 317 [1/1] (0.00ns)   --->   "%sext_ln187_31 = sext i16 %abs_spectrogram_load_27" [audrey_4_hls/mfcc.cpp:187->audrey_4_hls/mfcc.cpp:64]   --->   Operation 317 'sext' 'sext_ln187_31' <Predicate = true> <Delay = 0.00>
ST_5 : Operation 318 [1/1] (0.00ns)   --->   "%zext_ln187_55 = zext i6 %mel_filterbank_27_load" [audrey_4_hls/mfcc.cpp:187->audrey_4_hls/mfcc.cpp:64]   --->   Operation 318 'zext' 'zext_ln187_55' <Predicate = true> <Delay = 0.00>
ST_5 : Operation 319 [1/1] (5.57ns)   --->   "%mul_ln187_27 = mul i22 %zext_ln187_55, i22 %sext_ln187_31" [audrey_4_hls/mfcc.cpp:187->audrey_4_hls/mfcc.cpp:64]   --->   Operation 319 'mul' 'mul_ln187_27' <Predicate = true> <Delay = 5.57> <CoreInst = "Multiplier">   --->   Core 3 'Multiplier' <Latency = 0> <II = 1> <Delay = 5.57> <FuncUnit> <Opcode : 'mul'> <InPorts = 2> <OutPorts = 1>
ST_5 : Operation 320 [1/1] (0.00ns)   --->   "%trunc_ln187_26 = partselect i14 @_ssdm_op_PartSelect.i14.i22.i32.i32, i22 %mul_ln187_27, i32 8, i32 21" [audrey_4_hls/mfcc.cpp:187->audrey_4_hls/mfcc.cpp:64]   --->   Operation 320 'partselect' 'trunc_ln187_26' <Predicate = true> <Delay = 0.00>
ST_5 : Operation 321 [1/1] (0.00ns)   --->   "%sext_ln187_33 = sext i16 %abs_spectrogram_load_28" [audrey_4_hls/mfcc.cpp:187->audrey_4_hls/mfcc.cpp:64]   --->   Operation 321 'sext' 'sext_ln187_33' <Predicate = true> <Delay = 0.00>
ST_5 : Operation 322 [1/1] (0.00ns)   --->   "%zext_ln187_57 = zext i6 %mel_filterbank_28_load" [audrey_4_hls/mfcc.cpp:187->audrey_4_hls/mfcc.cpp:64]   --->   Operation 322 'zext' 'zext_ln187_57' <Predicate = true> <Delay = 0.00>
ST_5 : Operation 323 [1/1] (5.57ns)   --->   "%mul_ln187_28 = mul i22 %zext_ln187_57, i22 %sext_ln187_33" [audrey_4_hls/mfcc.cpp:187->audrey_4_hls/mfcc.cpp:64]   --->   Operation 323 'mul' 'mul_ln187_28' <Predicate = true> <Delay = 5.57> <CoreInst = "Multiplier">   --->   Core 3 'Multiplier' <Latency = 0> <II = 1> <Delay = 5.57> <FuncUnit> <Opcode : 'mul'> <InPorts = 2> <OutPorts = 1>
ST_5 : Operation 324 [1/1] (0.00ns)   --->   "%trunc_ln187_27 = partselect i14 @_ssdm_op_PartSelect.i14.i22.i32.i32, i22 %mul_ln187_28, i32 8, i32 21" [audrey_4_hls/mfcc.cpp:187->audrey_4_hls/mfcc.cpp:64]   --->   Operation 324 'partselect' 'trunc_ln187_27' <Predicate = true> <Delay = 0.00>
ST_5 : Operation 325 [1/1] (0.00ns)   --->   "%sext_ln187_35 = sext i16 %abs_spectrogram_load_29" [audrey_4_hls/mfcc.cpp:187->audrey_4_hls/mfcc.cpp:64]   --->   Operation 325 'sext' 'sext_ln187_35' <Predicate = true> <Delay = 0.00>
ST_5 : Operation 326 [1/1] (0.00ns)   --->   "%zext_ln187_59 = zext i5 %mel_filterbank_29_load" [audrey_4_hls/mfcc.cpp:187->audrey_4_hls/mfcc.cpp:64]   --->   Operation 326 'zext' 'zext_ln187_59' <Predicate = true> <Delay = 0.00>
ST_5 : Operation 327 [1/1] (5.57ns)   --->   "%mul_ln187_29 = mul i21 %zext_ln187_59, i21 %sext_ln187_35" [audrey_4_hls/mfcc.cpp:187->audrey_4_hls/mfcc.cpp:64]   --->   Operation 327 'mul' 'mul_ln187_29' <Predicate = true> <Delay = 5.57> <CoreInst = "Multiplier">   --->   Core 3 'Multiplier' <Latency = 0> <II = 1> <Delay = 5.57> <FuncUnit> <Opcode : 'mul'> <InPorts = 2> <OutPorts = 1>
ST_5 : Operation 328 [1/1] (0.00ns)   --->   "%trunc_ln187_28 = partselect i13 @_ssdm_op_PartSelect.i13.i21.i32.i32, i21 %mul_ln187_29, i32 8, i32 20" [audrey_4_hls/mfcc.cpp:187->audrey_4_hls/mfcc.cpp:64]   --->   Operation 328 'partselect' 'trunc_ln187_28' <Predicate = true> <Delay = 0.00>

State 6 <SV = 5> <Delay = 6.18>
ST_6 : Operation 329 [1/1] (0.00ns)   --->   "%sext_ln187_1 = sext i16 %abs_spectrogram_load_1" [audrey_4_hls/mfcc.cpp:187->audrey_4_hls/mfcc.cpp:64]   --->   Operation 329 'sext' 'sext_ln187_1' <Predicate = true> <Delay = 0.00>
ST_6 : Operation 330 [1/1] (0.00ns)   --->   "%zext_ln187_3 = zext i8 %mel_filterbank_1_load" [audrey_4_hls/mfcc.cpp:187->audrey_4_hls/mfcc.cpp:64]   --->   Operation 330 'zext' 'zext_ln187_3' <Predicate = true> <Delay = 0.00>
ST_6 : Operation 331 [1/1] (5.57ns)   --->   "%mul_ln187_1 = mul i24 %zext_ln187_3, i24 %sext_ln187_1" [audrey_4_hls/mfcc.cpp:187->audrey_4_hls/mfcc.cpp:64]   --->   Operation 331 'mul' 'mul_ln187_1' <Predicate = true> <Delay = 5.57> <CoreInst = "Multiplier">   --->   Core 3 'Multiplier' <Latency = 0> <II = 1> <Delay = 5.57> <FuncUnit> <Opcode : 'mul'> <InPorts = 2> <OutPorts = 1>
ST_6 : Operation 332 [1/1] (0.00ns)   --->   "%trunc_ln187_1 = partselect i16 @_ssdm_op_PartSelect.i16.i24.i32.i32, i24 %mul_ln187_1, i32 8, i32 23" [audrey_4_hls/mfcc.cpp:187->audrey_4_hls/mfcc.cpp:64]   --->   Operation 332 'partselect' 'trunc_ln187_1' <Predicate = true> <Delay = 0.00>
ST_6 : Operation 333 [1/1] (0.00ns)   --->   "%sext_ln187_2 = sext i16 %abs_spectrogram_load_2" [audrey_4_hls/mfcc.cpp:187->audrey_4_hls/mfcc.cpp:64]   --->   Operation 333 'sext' 'sext_ln187_2' <Predicate = true> <Delay = 0.00>
ST_6 : Operation 334 [1/1] (0.00ns)   --->   "%zext_ln187_5 = zext i8 %mel_filterbank_2_load" [audrey_4_hls/mfcc.cpp:187->audrey_4_hls/mfcc.cpp:64]   --->   Operation 334 'zext' 'zext_ln187_5' <Predicate = true> <Delay = 0.00>
ST_6 : Operation 335 [1/1] (5.57ns)   --->   "%mul_ln187_2 = mul i24 %zext_ln187_5, i24 %sext_ln187_2" [audrey_4_hls/mfcc.cpp:187->audrey_4_hls/mfcc.cpp:64]   --->   Operation 335 'mul' 'mul_ln187_2' <Predicate = true> <Delay = 5.57> <CoreInst = "Multiplier">   --->   Core 3 'Multiplier' <Latency = 0> <II = 1> <Delay = 5.57> <FuncUnit> <Opcode : 'mul'> <InPorts = 2> <OutPorts = 1>
ST_6 : Operation 336 [1/1] (0.00ns)   --->   "%trunc_ln187_2 = partselect i16 @_ssdm_op_PartSelect.i16.i24.i32.i32, i24 %mul_ln187_2, i32 8, i32 23" [audrey_4_hls/mfcc.cpp:187->audrey_4_hls/mfcc.cpp:64]   --->   Operation 336 'partselect' 'trunc_ln187_2' <Predicate = true> <Delay = 0.00>
ST_6 : Operation 337 [1/1] (0.00ns)   --->   "%sext_ln187_7 = sext i16 %abs_spectrogram_load_7" [audrey_4_hls/mfcc.cpp:187->audrey_4_hls/mfcc.cpp:64]   --->   Operation 337 'sext' 'sext_ln187_7' <Predicate = true> <Delay = 0.00>
ST_6 : Operation 338 [1/1] (0.00ns)   --->   "%zext_ln187_15 = zext i8 %mel_filterbank_7_load" [audrey_4_hls/mfcc.cpp:187->audrey_4_hls/mfcc.cpp:64]   --->   Operation 338 'zext' 'zext_ln187_15' <Predicate = true> <Delay = 0.00>
ST_6 : Operation 339 [1/1] (5.57ns)   --->   "%mul_ln187_7 = mul i24 %zext_ln187_15, i24 %sext_ln187_7" [audrey_4_hls/mfcc.cpp:187->audrey_4_hls/mfcc.cpp:64]   --->   Operation 339 'mul' 'mul_ln187_7' <Predicate = true> <Delay = 5.57> <CoreInst = "Multiplier">   --->   Core 3 'Multiplier' <Latency = 0> <II = 1> <Delay = 5.57> <FuncUnit> <Opcode : 'mul'> <InPorts = 2> <OutPorts = 1>
ST_6 : Operation 340 [1/1] (0.00ns)   --->   "%trunc_ln187_7 = partselect i16 @_ssdm_op_PartSelect.i16.i24.i32.i32, i24 %mul_ln187_7, i32 8, i32 23" [audrey_4_hls/mfcc.cpp:187->audrey_4_hls/mfcc.cpp:64]   --->   Operation 340 'partselect' 'trunc_ln187_7' <Predicate = true> <Delay = 0.00>
ST_6 : Operation 341 [1/1] (0.00ns)   --->   "%sext_ln187_8 = sext i16 %abs_spectrogram_load_8" [audrey_4_hls/mfcc.cpp:187->audrey_4_hls/mfcc.cpp:64]   --->   Operation 341 'sext' 'sext_ln187_8' <Predicate = true> <Delay = 0.00>
ST_6 : Operation 342 [1/1] (0.00ns)   --->   "%zext_ln187_17 = zext i8 %mel_filterbank_8_load" [audrey_4_hls/mfcc.cpp:187->audrey_4_hls/mfcc.cpp:64]   --->   Operation 342 'zext' 'zext_ln187_17' <Predicate = true> <Delay = 0.00>
ST_6 : Operation 343 [1/1] (5.57ns)   --->   "%mul_ln187_8 = mul i24 %zext_ln187_17, i24 %sext_ln187_8" [audrey_4_hls/mfcc.cpp:187->audrey_4_hls/mfcc.cpp:64]   --->   Operation 343 'mul' 'mul_ln187_8' <Predicate = true> <Delay = 5.57> <CoreInst = "Multiplier">   --->   Core 3 'Multiplier' <Latency = 0> <II = 1> <Delay = 5.57> <FuncUnit> <Opcode : 'mul'> <InPorts = 2> <OutPorts = 1>
ST_6 : Operation 344 [1/1] (0.00ns)   --->   "%trunc_ln187_8 = partselect i16 @_ssdm_op_PartSelect.i16.i24.i32.i32, i24 %mul_ln187_8, i32 8, i32 23" [audrey_4_hls/mfcc.cpp:187->audrey_4_hls/mfcc.cpp:64]   --->   Operation 344 'partselect' 'trunc_ln187_8' <Predicate = true> <Delay = 0.00>
ST_6 : Operation 345 [1/1] (0.00ns)   --->   "%sext_ln187_9 = sext i16 %abs_spectrogram_load_9" [audrey_4_hls/mfcc.cpp:187->audrey_4_hls/mfcc.cpp:64]   --->   Operation 345 'sext' 'sext_ln187_9' <Predicate = true> <Delay = 0.00>
ST_6 : Operation 346 [1/1] (0.00ns)   --->   "%zext_ln187_19 = zext i8 %mel_filterbank_9_load" [audrey_4_hls/mfcc.cpp:187->audrey_4_hls/mfcc.cpp:64]   --->   Operation 346 'zext' 'zext_ln187_19' <Predicate = true> <Delay = 0.00>
ST_6 : Operation 347 [1/1] (5.57ns)   --->   "%mul_ln187_9 = mul i24 %zext_ln187_19, i24 %sext_ln187_9" [audrey_4_hls/mfcc.cpp:187->audrey_4_hls/mfcc.cpp:64]   --->   Operation 347 'mul' 'mul_ln187_9' <Predicate = true> <Delay = 5.57> <CoreInst = "Multiplier">   --->   Core 3 'Multiplier' <Latency = 0> <II = 1> <Delay = 5.57> <FuncUnit> <Opcode : 'mul'> <InPorts = 2> <OutPorts = 1>
ST_6 : Operation 348 [1/1] (0.00ns)   --->   "%trunc_ln187_9 = partselect i16 @_ssdm_op_PartSelect.i16.i24.i32.i32, i24 %mul_ln187_9, i32 8, i32 23" [audrey_4_hls/mfcc.cpp:187->audrey_4_hls/mfcc.cpp:64]   --->   Operation 348 'partselect' 'trunc_ln187_9' <Predicate = true> <Delay = 0.00>
ST_6 : Operation 349 [1/1] (0.00ns)   --->   "%sext_ln187_10 = sext i16 %abs_spectrogram_load_10" [audrey_4_hls/mfcc.cpp:187->audrey_4_hls/mfcc.cpp:64]   --->   Operation 349 'sext' 'sext_ln187_10' <Predicate = true> <Delay = 0.00>
ST_6 : Operation 350 [1/1] (0.00ns)   --->   "%zext_ln187_21 = zext i8 %mel_filterbank_10_load" [audrey_4_hls/mfcc.cpp:187->audrey_4_hls/mfcc.cpp:64]   --->   Operation 350 'zext' 'zext_ln187_21' <Predicate = true> <Delay = 0.00>
ST_6 : Operation 351 [1/1] (5.57ns)   --->   "%mul_ln187_10 = mul i24 %zext_ln187_21, i24 %sext_ln187_10" [audrey_4_hls/mfcc.cpp:187->audrey_4_hls/mfcc.cpp:64]   --->   Operation 351 'mul' 'mul_ln187_10' <Predicate = true> <Delay = 5.57> <CoreInst = "Multiplier">   --->   Core 3 'Multiplier' <Latency = 0> <II = 1> <Delay = 5.57> <FuncUnit> <Opcode : 'mul'> <InPorts = 2> <OutPorts = 1>
ST_6 : Operation 352 [1/1] (0.00ns)   --->   "%trunc_ln187_s = partselect i16 @_ssdm_op_PartSelect.i16.i24.i32.i32, i24 %mul_ln187_10, i32 8, i32 23" [audrey_4_hls/mfcc.cpp:187->audrey_4_hls/mfcc.cpp:64]   --->   Operation 352 'partselect' 'trunc_ln187_s' <Predicate = true> <Delay = 0.00>
ST_6 : Operation 353 [1/1] (0.00ns)   --->   "%sext_ln187_18 = sext i16 %abs_spectrogram_load_18" [audrey_4_hls/mfcc.cpp:187->audrey_4_hls/mfcc.cpp:64]   --->   Operation 353 'sext' 'sext_ln187_18' <Predicate = true> <Delay = 0.00>
ST_6 : Operation 354 [1/1] (0.00ns)   --->   "%zext_ln187_37 = zext i8 %mel_filterbank_18_load" [audrey_4_hls/mfcc.cpp:187->audrey_4_hls/mfcc.cpp:64]   --->   Operation 354 'zext' 'zext_ln187_37' <Predicate = true> <Delay = 0.00>
ST_6 : Operation 355 [1/1] (5.57ns)   --->   "%mul_ln187_18 = mul i24 %zext_ln187_37, i24 %sext_ln187_18" [audrey_4_hls/mfcc.cpp:187->audrey_4_hls/mfcc.cpp:64]   --->   Operation 355 'mul' 'mul_ln187_18' <Predicate = true> <Delay = 5.57> <CoreInst = "Multiplier">   --->   Core 3 'Multiplier' <Latency = 0> <II = 1> <Delay = 5.57> <FuncUnit> <Opcode : 'mul'> <InPorts = 2> <OutPorts = 1>
ST_6 : Operation 356 [1/1] (0.00ns)   --->   "%trunc_ln187_17 = partselect i16 @_ssdm_op_PartSelect.i16.i24.i32.i32, i24 %mul_ln187_18, i32 8, i32 23" [audrey_4_hls/mfcc.cpp:187->audrey_4_hls/mfcc.cpp:64]   --->   Operation 356 'partselect' 'trunc_ln187_17' <Predicate = true> <Delay = 0.00>
ST_6 : Operation 357 [1/1] (0.00ns)   --->   "%sext_ln187_19 = sext i16 %abs_spectrogram_load_19" [audrey_4_hls/mfcc.cpp:187->audrey_4_hls/mfcc.cpp:64]   --->   Operation 357 'sext' 'sext_ln187_19' <Predicate = true> <Delay = 0.00>
ST_6 : Operation 358 [1/1] (0.00ns)   --->   "%zext_ln187_39 = zext i8 %mel_filterbank_19_load" [audrey_4_hls/mfcc.cpp:187->audrey_4_hls/mfcc.cpp:64]   --->   Operation 358 'zext' 'zext_ln187_39' <Predicate = true> <Delay = 0.00>
ST_6 : Operation 359 [1/1] (5.57ns)   --->   "%mul_ln187_19 = mul i24 %zext_ln187_39, i24 %sext_ln187_19" [audrey_4_hls/mfcc.cpp:187->audrey_4_hls/mfcc.cpp:64]   --->   Operation 359 'mul' 'mul_ln187_19' <Predicate = true> <Delay = 5.57> <CoreInst = "Multiplier">   --->   Core 3 'Multiplier' <Latency = 0> <II = 1> <Delay = 5.57> <FuncUnit> <Opcode : 'mul'> <InPorts = 2> <OutPorts = 1>
ST_6 : Operation 360 [1/1] (0.00ns)   --->   "%trunc_ln187_18 = partselect i16 @_ssdm_op_PartSelect.i16.i24.i32.i32, i24 %mul_ln187_19, i32 8, i32 23" [audrey_4_hls/mfcc.cpp:187->audrey_4_hls/mfcc.cpp:64]   --->   Operation 360 'partselect' 'trunc_ln187_18' <Predicate = true> <Delay = 0.00>
ST_6 : Operation 361 [1/1] (0.00ns)   --->   "%sext_ln187_20 = sext i16 %abs_spectrogram_load_20" [audrey_4_hls/mfcc.cpp:187->audrey_4_hls/mfcc.cpp:64]   --->   Operation 361 'sext' 'sext_ln187_20' <Predicate = true> <Delay = 0.00>
ST_6 : Operation 362 [1/1] (0.00ns)   --->   "%zext_ln187_41 = zext i8 %mel_filterbank_20_load" [audrey_4_hls/mfcc.cpp:187->audrey_4_hls/mfcc.cpp:64]   --->   Operation 362 'zext' 'zext_ln187_41' <Predicate = true> <Delay = 0.00>
ST_6 : Operation 363 [1/1] (5.57ns)   --->   "%mul_ln187_20 = mul i24 %zext_ln187_41, i24 %sext_ln187_20" [audrey_4_hls/mfcc.cpp:187->audrey_4_hls/mfcc.cpp:64]   --->   Operation 363 'mul' 'mul_ln187_20' <Predicate = true> <Delay = 5.57> <CoreInst = "Multiplier">   --->   Core 3 'Multiplier' <Latency = 0> <II = 1> <Delay = 5.57> <FuncUnit> <Opcode : 'mul'> <InPorts = 2> <OutPorts = 1>
ST_6 : Operation 364 [1/1] (0.00ns)   --->   "%trunc_ln187_19 = partselect i16 @_ssdm_op_PartSelect.i16.i24.i32.i32, i24 %mul_ln187_20, i32 8, i32 23" [audrey_4_hls/mfcc.cpp:187->audrey_4_hls/mfcc.cpp:64]   --->   Operation 364 'partselect' 'trunc_ln187_19' <Predicate = true> <Delay = 0.00>
ST_6 : Operation 365 [1/1] (0.00ns)   --->   "%sext_ln187_21 = sext i16 %abs_spectrogram_load_21" [audrey_4_hls/mfcc.cpp:187->audrey_4_hls/mfcc.cpp:64]   --->   Operation 365 'sext' 'sext_ln187_21' <Predicate = true> <Delay = 0.00>
ST_6 : Operation 366 [1/1] (0.00ns)   --->   "%zext_ln187_43 = zext i8 %mel_filterbank_21_load" [audrey_4_hls/mfcc.cpp:187->audrey_4_hls/mfcc.cpp:64]   --->   Operation 366 'zext' 'zext_ln187_43' <Predicate = true> <Delay = 0.00>
ST_6 : Operation 367 [1/1] (5.57ns)   --->   "%mul_ln187_21 = mul i24 %zext_ln187_43, i24 %sext_ln187_21" [audrey_4_hls/mfcc.cpp:187->audrey_4_hls/mfcc.cpp:64]   --->   Operation 367 'mul' 'mul_ln187_21' <Predicate = true> <Delay = 5.57> <CoreInst = "Multiplier">   --->   Core 3 'Multiplier' <Latency = 0> <II = 1> <Delay = 5.57> <FuncUnit> <Opcode : 'mul'> <InPorts = 2> <OutPorts = 1>
ST_6 : Operation 368 [1/1] (0.00ns)   --->   "%trunc_ln187_20 = partselect i16 @_ssdm_op_PartSelect.i16.i24.i32.i32, i24 %mul_ln187_21, i32 8, i32 23" [audrey_4_hls/mfcc.cpp:187->audrey_4_hls/mfcc.cpp:64]   --->   Operation 368 'partselect' 'trunc_ln187_20' <Predicate = true> <Delay = 0.00>
ST_6 : Operation 369 [1/1] (0.00ns)   --->   "%sext_ln187_22 = sext i16 %abs_spectrogram_load_22" [audrey_4_hls/mfcc.cpp:187->audrey_4_hls/mfcc.cpp:64]   --->   Operation 369 'sext' 'sext_ln187_22' <Predicate = true> <Delay = 0.00>
ST_6 : Operation 370 [1/1] (0.00ns)   --->   "%zext_ln187_45 = zext i8 %mel_filterbank_22_load" [audrey_4_hls/mfcc.cpp:187->audrey_4_hls/mfcc.cpp:64]   --->   Operation 370 'zext' 'zext_ln187_45' <Predicate = true> <Delay = 0.00>
ST_6 : Operation 371 [1/1] (5.57ns)   --->   "%mul_ln187_22 = mul i24 %zext_ln187_45, i24 %sext_ln187_22" [audrey_4_hls/mfcc.cpp:187->audrey_4_hls/mfcc.cpp:64]   --->   Operation 371 'mul' 'mul_ln187_22' <Predicate = true> <Delay = 5.57> <CoreInst = "Multiplier">   --->   Core 3 'Multiplier' <Latency = 0> <II = 1> <Delay = 5.57> <FuncUnit> <Opcode : 'mul'> <InPorts = 2> <OutPorts = 1>
ST_6 : Operation 372 [1/1] (0.00ns)   --->   "%trunc_ln187_21 = partselect i16 @_ssdm_op_PartSelect.i16.i24.i32.i32, i24 %mul_ln187_22, i32 8, i32 23" [audrey_4_hls/mfcc.cpp:187->audrey_4_hls/mfcc.cpp:64]   --->   Operation 372 'partselect' 'trunc_ln187_21' <Predicate = true> <Delay = 0.00>
ST_6 : Operation 373 [1/1] (0.00ns)   --->   "%sext_ln187_23 = sext i16 %abs_spectrogram_load_23" [audrey_4_hls/mfcc.cpp:187->audrey_4_hls/mfcc.cpp:64]   --->   Operation 373 'sext' 'sext_ln187_23' <Predicate = true> <Delay = 0.00>
ST_6 : Operation 374 [1/1] (0.00ns)   --->   "%zext_ln187_47 = zext i7 %mel_filterbank_23_load" [audrey_4_hls/mfcc.cpp:187->audrey_4_hls/mfcc.cpp:64]   --->   Operation 374 'zext' 'zext_ln187_47' <Predicate = true> <Delay = 0.00>
ST_6 : Operation 375 [1/1] (5.57ns)   --->   "%mul_ln187_23 = mul i23 %zext_ln187_47, i23 %sext_ln187_23" [audrey_4_hls/mfcc.cpp:187->audrey_4_hls/mfcc.cpp:64]   --->   Operation 375 'mul' 'mul_ln187_23' <Predicate = true> <Delay = 5.57> <CoreInst = "Multiplier">   --->   Core 3 'Multiplier' <Latency = 0> <II = 1> <Delay = 5.57> <FuncUnit> <Opcode : 'mul'> <InPorts = 2> <OutPorts = 1>
ST_6 : Operation 376 [1/1] (0.00ns)   --->   "%trunc_ln187_22 = partselect i15 @_ssdm_op_PartSelect.i15.i23.i32.i32, i23 %mul_ln187_23, i32 8, i32 22" [audrey_4_hls/mfcc.cpp:187->audrey_4_hls/mfcc.cpp:64]   --->   Operation 376 'partselect' 'trunc_ln187_22' <Predicate = true> <Delay = 0.00>
ST_6 : Operation 377 [1/1] (0.00ns)   --->   "%sext_ln187_25 = sext i16 %abs_spectrogram_load_24" [audrey_4_hls/mfcc.cpp:187->audrey_4_hls/mfcc.cpp:64]   --->   Operation 377 'sext' 'sext_ln187_25' <Predicate = true> <Delay = 0.00>
ST_6 : Operation 378 [1/1] (0.00ns)   --->   "%zext_ln187_49 = zext i7 %mel_filterbank_24_load" [audrey_4_hls/mfcc.cpp:187->audrey_4_hls/mfcc.cpp:64]   --->   Operation 378 'zext' 'zext_ln187_49' <Predicate = true> <Delay = 0.00>
ST_6 : Operation 379 [1/1] (5.57ns)   --->   "%mul_ln187_24 = mul i23 %zext_ln187_49, i23 %sext_ln187_25" [audrey_4_hls/mfcc.cpp:187->audrey_4_hls/mfcc.cpp:64]   --->   Operation 379 'mul' 'mul_ln187_24' <Predicate = true> <Delay = 5.57> <CoreInst = "Multiplier">   --->   Core 3 'Multiplier' <Latency = 0> <II = 1> <Delay = 5.57> <FuncUnit> <Opcode : 'mul'> <InPorts = 2> <OutPorts = 1>
ST_6 : Operation 380 [1/1] (0.00ns)   --->   "%trunc_ln187_23 = partselect i15 @_ssdm_op_PartSelect.i15.i23.i32.i32, i23 %mul_ln187_24, i32 8, i32 22" [audrey_4_hls/mfcc.cpp:187->audrey_4_hls/mfcc.cpp:64]   --->   Operation 380 'partselect' 'trunc_ln187_23' <Predicate = true> <Delay = 0.00>
ST_6 : Operation 381 [1/1] (0.00ns)   --->   "%sext_ln187_27 = sext i16 %abs_spectrogram_load_25" [audrey_4_hls/mfcc.cpp:187->audrey_4_hls/mfcc.cpp:64]   --->   Operation 381 'sext' 'sext_ln187_27' <Predicate = true> <Delay = 0.00>
ST_6 : Operation 382 [1/1] (0.00ns)   --->   "%zext_ln187_51 = zext i7 %mel_filterbank_25_load" [audrey_4_hls/mfcc.cpp:187->audrey_4_hls/mfcc.cpp:64]   --->   Operation 382 'zext' 'zext_ln187_51' <Predicate = true> <Delay = 0.00>
ST_6 : Operation 383 [1/1] (5.57ns)   --->   "%mul_ln187_25 = mul i23 %zext_ln187_51, i23 %sext_ln187_27" [audrey_4_hls/mfcc.cpp:187->audrey_4_hls/mfcc.cpp:64]   --->   Operation 383 'mul' 'mul_ln187_25' <Predicate = true> <Delay = 5.57> <CoreInst = "Multiplier">   --->   Core 3 'Multiplier' <Latency = 0> <II = 1> <Delay = 5.57> <FuncUnit> <Opcode : 'mul'> <InPorts = 2> <OutPorts = 1>
ST_6 : Operation 384 [1/1] (0.00ns)   --->   "%trunc_ln187_24 = partselect i15 @_ssdm_op_PartSelect.i15.i23.i32.i32, i23 %mul_ln187_25, i32 8, i32 22" [audrey_4_hls/mfcc.cpp:187->audrey_4_hls/mfcc.cpp:64]   --->   Operation 384 'partselect' 'trunc_ln187_24' <Predicate = true> <Delay = 0.00>
ST_6 : Operation 385 [1/1] (0.00ns)   --->   "%sext_ln187_30 = sext i15 %trunc_ln187_25" [audrey_4_hls/mfcc.cpp:187->audrey_4_hls/mfcc.cpp:64]   --->   Operation 385 'sext' 'sext_ln187_30' <Predicate = true> <Delay = 0.00>
ST_6 : Operation 386 [1/1] (0.00ns)   --->   "%sext_ln187_32 = sext i14 %trunc_ln187_26" [audrey_4_hls/mfcc.cpp:187->audrey_4_hls/mfcc.cpp:64]   --->   Operation 386 'sext' 'sext_ln187_32' <Predicate = true> <Delay = 0.00>
ST_6 : Operation 387 [1/1] (0.00ns)   --->   "%sext_ln187_34 = sext i14 %trunc_ln187_27" [audrey_4_hls/mfcc.cpp:187->audrey_4_hls/mfcc.cpp:64]   --->   Operation 387 'sext' 'sext_ln187_34' <Predicate = true> <Delay = 0.00>
ST_6 : Operation 388 [1/1] (0.00ns)   --->   "%sext_ln187_36 = sext i13 %trunc_ln187_28" [audrey_4_hls/mfcc.cpp:187->audrey_4_hls/mfcc.cpp:64]   --->   Operation 388 'sext' 'sext_ln187_36' <Predicate = true> <Delay = 0.00>
ST_6 : Operation 389 [1/1] (0.00ns) (grouped into TernaryAdder)   --->   "%add_ln187_31 = add i16 %trunc_ln187_3, i16 %trunc_ln187_4" [audrey_4_hls/mfcc.cpp:187->audrey_4_hls/mfcc.cpp:64]   --->   Operation 389 'add' 'add_ln187_31' <Predicate = true> <Delay = 0.00> <CoreInst = "TAddSub">   --->   Core 10 'TAddSub' <Latency = 0> <II = 1> <Delay = 2.01> <IPBlock> <Opcode : '<invalid operator> ' 'add' 'sub'> <InPorts = 3> <OutPorts = 1> <Sync> <CReg>
ST_6 : Operation 390 [1/1] (2.14ns)   --->   "%add_ln187_32 = add i16 %trunc_ln187_5, i16 %trunc_ln187_6" [audrey_4_hls/mfcc.cpp:187->audrey_4_hls/mfcc.cpp:64]   --->   Operation 390 'add' 'add_ln187_32' <Predicate = true> <Delay = 2.14> <CoreInst = "Adder">   --->   Core 1 'Adder' <Latency = 0> <II = 1> <Delay = 2.14> <FuncUnit> <Opcode : 'add' 'sub'> <InPorts = 2> <OutPorts = 1>
ST_6 : Operation 391 [1/1] (4.03ns) (root node of TernaryAdder)   --->   "%add_ln187_33 = add i16 %add_ln187_32, i16 %add_ln187_31" [audrey_4_hls/mfcc.cpp:187->audrey_4_hls/mfcc.cpp:64]   --->   Operation 391 'add' 'add_ln187_33' <Predicate = true> <Delay = 4.03> <CoreInst = "TAddSub">   --->   Core 10 'TAddSub' <Latency = 0> <II = 1> <Delay = 2.01> <IPBlock> <Opcode : '<invalid operator> ' 'add' 'sub'> <InPorts = 3> <OutPorts = 1> <Sync> <CReg>
ST_6 : Operation 392 [1/1] (0.00ns) (grouped into TernaryAdder)   --->   "%add_ln187_38 = add i16 %trunc_ln187_10, i16 %trunc_ln187_11" [audrey_4_hls/mfcc.cpp:187->audrey_4_hls/mfcc.cpp:64]   --->   Operation 392 'add' 'add_ln187_38' <Predicate = true> <Delay = 0.00> <CoreInst = "TAddSub">   --->   Core 10 'TAddSub' <Latency = 0> <II = 1> <Delay = 2.01> <IPBlock> <Opcode : '<invalid operator> ' 'add' 'sub'> <InPorts = 3> <OutPorts = 1> <Sync> <CReg>
ST_6 : Operation 393 [1/1] (2.14ns)   --->   "%add_ln187_39 = add i16 %trunc_ln187_12, i16 %trunc_ln187_13" [audrey_4_hls/mfcc.cpp:187->audrey_4_hls/mfcc.cpp:64]   --->   Operation 393 'add' 'add_ln187_39' <Predicate = true> <Delay = 2.14> <CoreInst = "Adder">   --->   Core 1 'Adder' <Latency = 0> <II = 1> <Delay = 2.14> <FuncUnit> <Opcode : 'add' 'sub'> <InPorts = 2> <OutPorts = 1>
ST_6 : Operation 394 [1/1] (4.03ns) (root node of TernaryAdder)   --->   "%add_ln187_40 = add i16 %add_ln187_39, i16 %add_ln187_38" [audrey_4_hls/mfcc.cpp:187->audrey_4_hls/mfcc.cpp:64]   --->   Operation 394 'add' 'add_ln187_40' <Predicate = true> <Delay = 4.03> <CoreInst = "TAddSub">   --->   Core 10 'TAddSub' <Latency = 0> <II = 1> <Delay = 2.01> <IPBlock> <Opcode : '<invalid operator> ' 'add' 'sub'> <InPorts = 3> <OutPorts = 1> <Sync> <CReg>
ST_6 : Operation 395 [1/1] (0.00ns) (grouped into TernaryAdder)   --->   "%add_ln187_43 = add i16 %trunc_ln187_15, i16 %trunc_ln187_16" [audrey_4_hls/mfcc.cpp:187->audrey_4_hls/mfcc.cpp:64]   --->   Operation 395 'add' 'add_ln187_43' <Predicate = true> <Delay = 0.00> <CoreInst = "TAddSub">   --->   Core 10 'TAddSub' <Latency = 0> <II = 1> <Delay = 2.01> <IPBlock> <Opcode : '<invalid operator> ' 'add' 'sub'> <InPorts = 3> <OutPorts = 1> <Sync> <CReg>
ST_6 : Operation 396 [1/1] (4.03ns) (root node of TernaryAdder)   --->   "%add_ln187_44 = add i16 %add_ln187_43, i16 %trunc_ln187_14" [audrey_4_hls/mfcc.cpp:187->audrey_4_hls/mfcc.cpp:64]   --->   Operation 396 'add' 'add_ln187_44' <Predicate = true> <Delay = 4.03> <CoreInst = "TAddSub">   --->   Core 10 'TAddSub' <Latency = 0> <II = 1> <Delay = 2.01> <IPBlock> <Opcode : '<invalid operator> ' 'add' 'sub'> <InPorts = 3> <OutPorts = 1> <Sync> <CReg>
ST_6 : Operation 397 [1/1] (0.00ns) (grouped into TernaryAdder)   --->   "%add_ln187_52 = add i16 %sext_ln187_30, i16 %sext_ln187_32" [audrey_4_hls/mfcc.cpp:187->audrey_4_hls/mfcc.cpp:64]   --->   Operation 397 'add' 'add_ln187_52' <Predicate = true> <Delay = 0.00> <CoreInst = "TAddSub">   --->   Core 10 'TAddSub' <Latency = 0> <II = 1> <Delay = 2.01> <IPBlock> <Opcode : '<invalid operator> ' 'add' 'sub'> <InPorts = 3> <OutPorts = 1> <Sync> <CReg>
ST_6 : Operation 398 [1/1] (2.13ns)   --->   "%add_ln187_53 = add i15 %sext_ln187_34, i15 %sext_ln187_36" [audrey_4_hls/mfcc.cpp:187->audrey_4_hls/mfcc.cpp:64]   --->   Operation 398 'add' 'add_ln187_53' <Predicate = true> <Delay = 2.13> <CoreInst = "Adder">   --->   Core 1 'Adder' <Latency = 0> <II = 1> <Delay = 2.14> <FuncUnit> <Opcode : 'add' 'sub'> <InPorts = 2> <OutPorts = 1>
ST_6 : Operation 399 [1/1] (0.00ns)   --->   "%sext_ln187_37 = sext i15 %add_ln187_53" [audrey_4_hls/mfcc.cpp:187->audrey_4_hls/mfcc.cpp:64]   --->   Operation 399 'sext' 'sext_ln187_37' <Predicate = true> <Delay = 0.00>
ST_6 : Operation 400 [1/1] (4.03ns) (root node of TernaryAdder)   --->   "%add_ln187_54 = add i16 %sext_ln187_37, i16 %add_ln187_52" [audrey_4_hls/mfcc.cpp:187->audrey_4_hls/mfcc.cpp:64]   --->   Operation 400 'add' 'add_ln187_54' <Predicate = true> <Delay = 4.03> <CoreInst = "TAddSub">   --->   Core 10 'TAddSub' <Latency = 0> <II = 1> <Delay = 2.01> <IPBlock> <Opcode : '<invalid operator> ' 'add' 'sub'> <InPorts = 3> <OutPorts = 1> <Sync> <CReg>

State 7 <SV = 6> <Delay = 6.18>
ST_7 : Operation 401 [1/1] (0.00ns)   --->   "%sext_ln187_24 = sext i15 %trunc_ln187_22" [audrey_4_hls/mfcc.cpp:187->audrey_4_hls/mfcc.cpp:64]   --->   Operation 401 'sext' 'sext_ln187_24' <Predicate = true> <Delay = 0.00>
ST_7 : Operation 402 [1/1] (0.00ns)   --->   "%sext_ln187_26 = sext i15 %trunc_ln187_23" [audrey_4_hls/mfcc.cpp:187->audrey_4_hls/mfcc.cpp:64]   --->   Operation 402 'sext' 'sext_ln187_26' <Predicate = true> <Delay = 0.00>
ST_7 : Operation 403 [1/1] (0.00ns)   --->   "%sext_ln187_28 = sext i15 %trunc_ln187_24" [audrey_4_hls/mfcc.cpp:187->audrey_4_hls/mfcc.cpp:64]   --->   Operation 403 'sext' 'sext_ln187_28' <Predicate = true> <Delay = 0.00>
ST_7 : Operation 404 [1/1] (2.14ns)   --->   "%add_ln187_29 = add i16 %trunc_ln1, i16 %trunc_ln187_2" [audrey_4_hls/mfcc.cpp:187->audrey_4_hls/mfcc.cpp:64]   --->   Operation 404 'add' 'add_ln187_29' <Predicate = true> <Delay = 2.14> <CoreInst = "Adder">   --->   Core 1 'Adder' <Latency = 0> <II = 1> <Delay = 2.14> <FuncUnit> <Opcode : 'add' 'sub'> <InPorts = 2> <OutPorts = 1>
ST_7 : Operation 405 [1/1] (0.00ns) (grouped into TernaryAdder)   --->   "%add_ln187_30 = add i16 %add_ln187_29, i16 %trunc_ln187_1" [audrey_4_hls/mfcc.cpp:187->audrey_4_hls/mfcc.cpp:64]   --->   Operation 405 'add' 'add_ln187_30' <Predicate = true> <Delay = 0.00> <CoreInst = "TAddSub">   --->   Core 10 'TAddSub' <Latency = 0> <II = 1> <Delay = 2.01> <IPBlock> <Opcode : '<invalid operator> ' 'add' 'sub'> <InPorts = 3> <OutPorts = 1> <Sync> <CReg>
ST_7 : Operation 406 [1/1] (4.03ns) (root node of TernaryAdder)   --->   "%add_ln187_34 = add i16 %add_ln187_33, i16 %add_ln187_30" [audrey_4_hls/mfcc.cpp:187->audrey_4_hls/mfcc.cpp:64]   --->   Operation 406 'add' 'add_ln187_34' <Predicate = true> <Delay = 4.03> <CoreInst = "TAddSub">   --->   Core 10 'TAddSub' <Latency = 0> <II = 1> <Delay = 2.01> <IPBlock> <Opcode : '<invalid operator> ' 'add' 'sub'> <InPorts = 3> <OutPorts = 1> <Sync> <CReg>
ST_7 : Operation 407 [1/1] (2.14ns)   --->   "%add_ln187_35 = add i16 %trunc_ln187_7, i16 %trunc_ln187_8" [audrey_4_hls/mfcc.cpp:187->audrey_4_hls/mfcc.cpp:64]   --->   Operation 407 'add' 'add_ln187_35' <Predicate = true> <Delay = 2.14> <CoreInst = "Adder">   --->   Core 1 'Adder' <Latency = 0> <II = 1> <Delay = 2.14> <FuncUnit> <Opcode : 'add' 'sub'> <InPorts = 2> <OutPorts = 1>
ST_7 : Operation 408 [1/1] (2.14ns)   --->   "%add_ln187_36 = add i16 %trunc_ln187_9, i16 %trunc_ln187_s" [audrey_4_hls/mfcc.cpp:187->audrey_4_hls/mfcc.cpp:64]   --->   Operation 408 'add' 'add_ln187_36' <Predicate = true> <Delay = 2.14> <CoreInst = "Adder">   --->   Core 1 'Adder' <Latency = 0> <II = 1> <Delay = 2.14> <FuncUnit> <Opcode : 'add' 'sub'> <InPorts = 2> <OutPorts = 1>
ST_7 : Operation 409 [1/1] (0.00ns) (grouped into TernaryAdder)   --->   "%add_ln187_37 = add i16 %add_ln187_36, i16 %add_ln187_35" [audrey_4_hls/mfcc.cpp:187->audrey_4_hls/mfcc.cpp:64]   --->   Operation 409 'add' 'add_ln187_37' <Predicate = true> <Delay = 0.00> <CoreInst = "TAddSub">   --->   Core 10 'TAddSub' <Latency = 0> <II = 1> <Delay = 2.01> <IPBlock> <Opcode : '<invalid operator> ' 'add' 'sub'> <InPorts = 3> <OutPorts = 1> <Sync> <CReg>
ST_7 : Operation 410 [1/1] (4.03ns) (root node of TernaryAdder)   --->   "%add_ln187_41 = add i16 %add_ln187_40, i16 %add_ln187_37" [audrey_4_hls/mfcc.cpp:187->audrey_4_hls/mfcc.cpp:64]   --->   Operation 410 'add' 'add_ln187_41' <Predicate = true> <Delay = 4.03> <CoreInst = "TAddSub">   --->   Core 10 'TAddSub' <Latency = 0> <II = 1> <Delay = 2.01> <IPBlock> <Opcode : '<invalid operator> ' 'add' 'sub'> <InPorts = 3> <OutPorts = 1> <Sync> <CReg>
ST_7 : Operation 411 [1/1] (0.00ns) (grouped into TernaryAdder)   --->   "%add_ln187_45 = add i16 %trunc_ln187_17, i16 %trunc_ln187_18" [audrey_4_hls/mfcc.cpp:187->audrey_4_hls/mfcc.cpp:64]   --->   Operation 411 'add' 'add_ln187_45' <Predicate = true> <Delay = 0.00> <CoreInst = "TAddSub">   --->   Core 10 'TAddSub' <Latency = 0> <II = 1> <Delay = 2.01> <IPBlock> <Opcode : '<invalid operator> ' 'add' 'sub'> <InPorts = 3> <OutPorts = 1> <Sync> <CReg>
ST_7 : Operation 412 [1/1] (2.14ns)   --->   "%add_ln187_46 = add i16 %trunc_ln187_19, i16 %trunc_ln187_20" [audrey_4_hls/mfcc.cpp:187->audrey_4_hls/mfcc.cpp:64]   --->   Operation 412 'add' 'add_ln187_46' <Predicate = true> <Delay = 2.14> <CoreInst = "Adder">   --->   Core 1 'Adder' <Latency = 0> <II = 1> <Delay = 2.14> <FuncUnit> <Opcode : 'add' 'sub'> <InPorts = 2> <OutPorts = 1>
ST_7 : Operation 413 [1/1] (4.03ns) (root node of TernaryAdder)   --->   "%add_ln187_47 = add i16 %add_ln187_46, i16 %add_ln187_45" [audrey_4_hls/mfcc.cpp:187->audrey_4_hls/mfcc.cpp:64]   --->   Operation 413 'add' 'add_ln187_47' <Predicate = true> <Delay = 4.03> <CoreInst = "TAddSub">   --->   Core 10 'TAddSub' <Latency = 0> <II = 1> <Delay = 2.01> <IPBlock> <Opcode : '<invalid operator> ' 'add' 'sub'> <InPorts = 3> <OutPorts = 1> <Sync> <CReg>
ST_7 : Operation 414 [1/1] (2.14ns)   --->   "%add_ln187_49 = add i16 %trunc_ln187_21, i16 %sext_ln187_24" [audrey_4_hls/mfcc.cpp:187->audrey_4_hls/mfcc.cpp:64]   --->   Operation 414 'add' 'add_ln187_49' <Predicate = true> <Delay = 2.14> <CoreInst = "Adder">   --->   Core 1 'Adder' <Latency = 0> <II = 1> <Delay = 2.14> <FuncUnit> <Opcode : 'add' 'sub'> <InPorts = 2> <OutPorts = 1>
ST_7 : Operation 415 [1/1] (2.14ns)   --->   "%add_ln187_50 = add i16 %sext_ln187_26, i16 %sext_ln187_28" [audrey_4_hls/mfcc.cpp:187->audrey_4_hls/mfcc.cpp:64]   --->   Operation 415 'add' 'add_ln187_50' <Predicate = true> <Delay = 2.14> <CoreInst = "Adder">   --->   Core 1 'Adder' <Latency = 0> <II = 1> <Delay = 2.14> <FuncUnit> <Opcode : 'add' 'sub'> <InPorts = 2> <OutPorts = 1>
ST_7 : Operation 416 [1/1] (0.00ns) (grouped into TernaryAdder)   --->   "%add_ln187_51 = add i16 %add_ln187_50, i16 %add_ln187_49" [audrey_4_hls/mfcc.cpp:187->audrey_4_hls/mfcc.cpp:64]   --->   Operation 416 'add' 'add_ln187_51' <Predicate = true> <Delay = 0.00> <CoreInst = "TAddSub">   --->   Core 10 'TAddSub' <Latency = 0> <II = 1> <Delay = 2.01> <IPBlock> <Opcode : '<invalid operator> ' 'add' 'sub'> <InPorts = 3> <OutPorts = 1> <Sync> <CReg>
ST_7 : Operation 417 [1/1] (4.03ns) (root node of TernaryAdder)   --->   "%add_ln187_55 = add i16 %add_ln187_54, i16 %add_ln187_51" [audrey_4_hls/mfcc.cpp:187->audrey_4_hls/mfcc.cpp:64]   --->   Operation 417 'add' 'add_ln187_55' <Predicate = true> <Delay = 4.03> <CoreInst = "TAddSub">   --->   Core 10 'TAddSub' <Latency = 0> <II = 1> <Delay = 2.01> <IPBlock> <Opcode : '<invalid operator> ' 'add' 'sub'> <InPorts = 3> <OutPorts = 1> <Sync> <CReg>
ST_7 : Operation 427 [1/1] (0.00ns)   --->   "%ret_ln0 = ret"   --->   Operation 427 'ret' 'ret_ln0' <Predicate = (icmp_ln180)> <Delay = 0.00>

State 8 <SV = 7> <Delay = 4.03>
ST_8 : Operation 418 [1/1] (0.00ns) (grouped into TernaryAdder)   --->   "%add_ln187_48 = add i16 %add_ln187_47, i16 %add_ln187_44" [audrey_4_hls/mfcc.cpp:187->audrey_4_hls/mfcc.cpp:64]   --->   Operation 418 'add' 'add_ln187_48' <Predicate = true> <Delay = 0.00> <CoreInst = "TAddSub">   --->   Core 10 'TAddSub' <Latency = 0> <II = 1> <Delay = 2.01> <IPBlock> <Opcode : '<invalid operator> ' 'add' 'sub'> <InPorts = 3> <OutPorts = 1> <Sync> <CReg>
ST_8 : Operation 419 [1/1] (4.03ns) (root node of TernaryAdder)   --->   "%add_ln187_56 = add i16 %add_ln187_55, i16 %add_ln187_48" [audrey_4_hls/mfcc.cpp:187->audrey_4_hls/mfcc.cpp:64]   --->   Operation 419 'add' 'add_ln187_56' <Predicate = true> <Delay = 4.03> <CoreInst = "TAddSub">   --->   Core 10 'TAddSub' <Latency = 0> <II = 1> <Delay = 2.01> <IPBlock> <Opcode : '<invalid operator> ' 'add' 'sub'> <InPorts = 3> <OutPorts = 1> <Sync> <CReg>

State 9 <SV = 8> <Delay = 6.18>
ST_9 : Operation 420 [1/1] (0.00ns)   --->   "%speclooptripcount_ln180 = speclooptripcount void @_ssdm_op_SpecLoopTripCount, i64 42, i64 42, i64 42" [audrey_4_hls/mfcc.cpp:180->audrey_4_hls/mfcc.cpp:64]   --->   Operation 420 'speclooptripcount' 'speclooptripcount_ln180' <Predicate = true> <Delay = 0.00>
ST_9 : Operation 421 [1/1] (0.00ns)   --->   "%specloopname_ln180 = specloopname void @_ssdm_op_SpecLoopName, void @empty_6" [audrey_4_hls/mfcc.cpp:180->audrey_4_hls/mfcc.cpp:64]   --->   Operation 421 'specloopname' 'specloopname_ln180' <Predicate = true> <Delay = 0.00>
ST_9 : Operation 422 [1/1] (0.00ns) (grouped into TernaryAdder)   --->   "%add_ln187_42 = add i16 %add_ln187_41, i16 %add_ln187_34" [audrey_4_hls/mfcc.cpp:187->audrey_4_hls/mfcc.cpp:64]   --->   Operation 422 'add' 'add_ln187_42' <Predicate = true> <Delay = 0.00> <CoreInst = "TAddSub">   --->   Core 10 'TAddSub' <Latency = 0> <II = 1> <Delay = 2.01> <IPBlock> <Opcode : '<invalid operator> ' 'add' 'sub'> <InPorts = 3> <OutPorts = 1> <Sync> <CReg>
ST_9 : Operation 423 [1/1] (4.03ns) (root node of TernaryAdder)   --->   "%add_ln187_57 = add i16 %add_ln187_56, i16 %add_ln187_42" [audrey_4_hls/mfcc.cpp:187->audrey_4_hls/mfcc.cpp:64]   --->   Operation 423 'add' 'add_ln187_57' <Predicate = true> <Delay = 4.03> <CoreInst = "TAddSub">   --->   Core 10 'TAddSub' <Latency = 0> <II = 1> <Delay = 2.01> <IPBlock> <Opcode : '<invalid operator> ' 'add' 'sub'> <InPorts = 3> <OutPorts = 1> <Sync> <CReg>
ST_9 : Operation 424 [1/1] (0.00ns)   --->   "%mel_filtered_addr = getelementptr i16 %mel_filtered, i64 0, i64 %m_cast" [audrey_4_hls/mfcc.cpp:190->audrey_4_hls/mfcc.cpp:64]   --->   Operation 424 'getelementptr' 'mel_filtered_addr' <Predicate = true> <Delay = 0.00>
ST_9 : Operation 425 [1/1] (2.15ns)   --->   "%store_ln190 = store i16 %add_ln187_57, i6 %mel_filtered_addr" [audrey_4_hls/mfcc.cpp:190->audrey_4_hls/mfcc.cpp:64]   --->   Operation 425 'store' 'store_ln190' <Predicate = true> <Delay = 2.15> <CoreInst = "RAM">   --->   Core 82 'RAM' <Latency = 1> <II = 1> <Delay = 2.15> <Storage> <Opcode : 'load' 'store'> <Ports = 2> <Width = 16> <Depth = 42> <RAM>
ST_9 : Operation 426 [1/1] (0.00ns)   --->   "%br_ln180 = br void %for.body.i" [audrey_4_hls/mfcc.cpp:180->audrey_4_hls/mfcc.cpp:64]   --->   Operation 426 'br' 'br_ln180' <Predicate = true> <Delay = 0.00>


============================================================
+ Verbose Summary: Binding
============================================================
STG Binding: 
---------------- STG Properties BEGIN ----------------
- Is combinational: 0
- Is one-state seq: 0
- Is datapath-only: 0
- Is pipelined: 0
- Is top level: 0
Port [ Return ] is wired: 1; IO mode=ap_ctrl_hs:ce=0
Port [ abs_spectrogram]:  wired=1; compound=1; hidden=0; nouse=0; global=0; static=0; extern=0; dir=0; type=1; pingpong=0; private_global=0; MemPort=[11111111111111133]; IO mode=ap_memory:ce=0
Port [ mel_filtered]:  wired=1; compound=1; hidden=0; nouse=0; global=0; static=0; extern=0; dir=1; type=1; pingpong=0; private_global=0; MemPort=[03]; IO mode=ap_memory:ce=0
Port [ first_ind]:  wired=0; compound=1; hidden=1; nouse=0; global=1; static=1; extern=0; dir=0; type=1; pingpong=0; private_global=1; MemPort=[1]; IO mode=ap_memory:ce=0
Port [ mel_filterbank_0]:  wired=0; compound=1; hidden=1; nouse=0; global=1; static=1; extern=0; dir=0; type=1; pingpong=0; private_global=1; MemPort=[1]; IO mode=ap_memory:ce=0
Port [ mel_filterbank_1]:  wired=0; compound=1; hidden=1; nouse=0; global=1; static=1; extern=0; dir=0; type=1; pingpong=0; private_global=1; MemPort=[1]; IO mode=ap_memory:ce=0
Port [ mel_filterbank_2]:  wired=0; compound=1; hidden=1; nouse=0; global=1; static=1; extern=0; dir=0; type=1; pingpong=0; private_global=1; MemPort=[1]; IO mode=ap_memory:ce=0
Port [ mel_filterbank_3]:  wired=0; compound=1; hidden=1; nouse=0; global=1; static=1; extern=0; dir=0; type=1; pingpong=0; private_global=1; MemPort=[1]; IO mode=ap_memory:ce=0
Port [ mel_filterbank_4]:  wired=0; compound=1; hidden=1; nouse=0; global=1; static=1; extern=0; dir=0; type=1; pingpong=0; private_global=1; MemPort=[1]; IO mode=ap_memory:ce=0
Port [ mel_filterbank_5]:  wired=0; compound=1; hidden=1; nouse=0; global=1; static=1; extern=0; dir=0; type=1; pingpong=0; private_global=1; MemPort=[1]; IO mode=ap_memory:ce=0
Port [ mel_filterbank_6]:  wired=0; compound=1; hidden=1; nouse=0; global=1; static=1; extern=0; dir=0; type=1; pingpong=0; private_global=1; MemPort=[1]; IO mode=ap_memory:ce=0
Port [ mel_filterbank_7]:  wired=0; compound=1; hidden=1; nouse=0; global=1; static=1; extern=0; dir=0; type=1; pingpong=0; private_global=1; MemPort=[1]; IO mode=ap_memory:ce=0
Port [ mel_filterbank_8]:  wired=0; compound=1; hidden=1; nouse=0; global=1; static=1; extern=0; dir=0; type=1; pingpong=0; private_global=1; MemPort=[1]; IO mode=ap_memory:ce=0
Port [ mel_filterbank_9]:  wired=0; compound=1; hidden=1; nouse=0; global=1; static=1; extern=0; dir=0; type=1; pingpong=0; private_global=1; MemPort=[1]; IO mode=ap_memory:ce=0
Port [ mel_filterbank_10]:  wired=0; compound=1; hidden=1; nouse=0; global=1; static=1; extern=0; dir=0; type=1; pingpong=0; private_global=1; MemPort=[1]; IO mode=ap_memory:ce=0
Port [ mel_filterbank_11]:  wired=0; compound=1; hidden=1; nouse=0; global=1; static=1; extern=0; dir=0; type=1; pingpong=0; private_global=1; MemPort=[1]; IO mode=ap_memory:ce=0
Port [ mel_filterbank_12]:  wired=0; compound=1; hidden=1; nouse=0; global=1; static=1; extern=0; dir=0; type=1; pingpong=0; private_global=1; MemPort=[1]; IO mode=ap_memory:ce=0
Port [ mel_filterbank_13]:  wired=0; compound=1; hidden=1; nouse=0; global=1; static=1; extern=0; dir=0; type=1; pingpong=0; private_global=1; MemPort=[1]; IO mode=ap_memory:ce=0
Port [ mel_filterbank_14]:  wired=0; compound=1; hidden=1; nouse=0; global=1; static=1; extern=0; dir=0; type=1; pingpong=0; private_global=1; MemPort=[1]; IO mode=ap_memory:ce=0
Port [ mel_filterbank_15]:  wired=0; compound=1; hidden=1; nouse=0; global=1; static=1; extern=0; dir=0; type=1; pingpong=0; private_global=1; MemPort=[1]; IO mode=ap_memory:ce=0
Port [ mel_filterbank_16]:  wired=0; compound=1; hidden=1; nouse=0; global=1; static=1; extern=0; dir=0; type=1; pingpong=0; private_global=1; MemPort=[1]; IO mode=ap_memory:ce=0
Port [ mel_filterbank_17]:  wired=0; compound=1; hidden=1; nouse=0; global=1; static=1; extern=0; dir=0; type=1; pingpong=0; private_global=1; MemPort=[1]; IO mode=ap_memory:ce=0
Port [ mel_filterbank_18]:  wired=0; compound=1; hidden=1; nouse=0; global=1; static=1; extern=0; dir=0; type=1; pingpong=0; private_global=1; MemPort=[1]; IO mode=ap_memory:ce=0
Port [ mel_filterbank_19]:  wired=0; compound=1; hidden=1; nouse=0; global=1; static=1; extern=0; dir=0; type=1; pingpong=0; private_global=1; MemPort=[1]; IO mode=ap_memory:ce=0
Port [ mel_filterbank_20]:  wired=0; compound=1; hidden=1; nouse=0; global=1; static=1; extern=0; dir=0; type=1; pingpong=0; private_global=1; MemPort=[1]; IO mode=ap_memory:ce=0
Port [ mel_filterbank_21]:  wired=0; compound=1; hidden=1; nouse=0; global=1; static=1; extern=0; dir=0; type=1; pingpong=0; private_global=1; MemPort=[1]; IO mode=ap_memory:ce=0
Port [ mel_filterbank_22]:  wired=0; compound=1; hidden=1; nouse=0; global=1; static=1; extern=0; dir=0; type=1; pingpong=0; private_global=1; MemPort=[1]; IO mode=ap_memory:ce=0
Port [ mel_filterbank_23]:  wired=0; compound=1; hidden=1; nouse=0; global=1; static=1; extern=0; dir=0; type=1; pingpong=0; private_global=1; MemPort=[1]; IO mode=ap_memory:ce=0
Port [ mel_filterbank_24]:  wired=0; compound=1; hidden=1; nouse=0; global=1; static=1; extern=0; dir=0; type=1; pingpong=0; private_global=1; MemPort=[1]; IO mode=ap_memory:ce=0
Port [ mel_filterbank_25]:  wired=0; compound=1; hidden=1; nouse=0; global=1; static=1; extern=0; dir=0; type=1; pingpong=0; private_global=1; MemPort=[1]; IO mode=ap_memory:ce=0
Port [ mel_filterbank_26]:  wired=0; compound=1; hidden=1; nouse=0; global=1; static=1; extern=0; dir=0; type=1; pingpong=0; private_global=1; MemPort=[1]; IO mode=ap_memory:ce=0
Port [ mel_filterbank_27]:  wired=0; compound=1; hidden=1; nouse=0; global=1; static=1; extern=0; dir=0; type=1; pingpong=0; private_global=1; MemPort=[1]; IO mode=ap_memory:ce=0
Port [ mel_filterbank_28]:  wired=0; compound=1; hidden=1; nouse=0; global=1; static=1; extern=0; dir=0; type=1; pingpong=0; private_global=1; MemPort=[1]; IO mode=ap_memory:ce=0
Port [ mel_filterbank_29]:  wired=0; compound=1; hidden=1; nouse=0; global=1; static=1; extern=0; dir=0; type=1; pingpong=0; private_global=1; MemPort=[1]; IO mode=ap_memory:ce=0
---------------- STG Properties END ------------------

---------------- Datapath Model BEGIN ----------------

<LifeTime>
<method=bitvector/>
m                       (alloca           ) [ 0100000000]
store_ln0               (store            ) [ 0000000000]
br_ln0                  (br               ) [ 0000000000]
m_2                     (load             ) [ 0000000000]
specpipeline_ln0        (specpipeline     ) [ 0000000000]
icmp_ln180              (icmp             ) [ 0111111100]
add_ln180               (add              ) [ 0000000000]
br_ln180                (br               ) [ 0000000000]
m_cast                  (zext             ) [ 0111111111]
first_ind_addr          (getelementptr    ) [ 0010000000]
mel_filterbank_0_addr   (getelementptr    ) [ 0010000000]
store_ln180             (store            ) [ 0000000000]
first_ind_load          (load             ) [ 0101000000]
zext_ln186              (zext             ) [ 0000000000]
abs_spectrogram_addr    (getelementptr    ) [ 0101000000]
mel_filterbank_0_load   (load             ) [ 0111100000]
zext_ln187              (zext             ) [ 0010100000]
abs_spectrogram_load    (load             ) [ 0010100000]
mel_filterbank_1_addr   (getelementptr    ) [ 0010100000]
mel_filterbank_2_addr   (getelementptr    ) [ 0010100000]
add_ln187_2             (add              ) [ 0000000000]
zext_ln187_6            (zext             ) [ 0000000000]
abs_spectrogram_addr_3  (getelementptr    ) [ 0010100000]
mel_filterbank_3_addr   (getelementptr    ) [ 0010100000]
add_ln187_3             (add              ) [ 0000000000]
zext_ln187_8            (zext             ) [ 0000000000]
abs_spectrogram_addr_4  (getelementptr    ) [ 0010100000]
mel_filterbank_4_addr   (getelementptr    ) [ 0010100000]
add_ln187_4             (add              ) [ 0000000000]
zext_ln187_10           (zext             ) [ 0000000000]
abs_spectrogram_addr_5  (getelementptr    ) [ 0010100000]
mel_filterbank_5_addr   (getelementptr    ) [ 0010100000]
add_ln187_5             (add              ) [ 0000000000]
zext_ln187_12           (zext             ) [ 0000000000]
abs_spectrogram_addr_6  (getelementptr    ) [ 0010100000]
mel_filterbank_6_addr   (getelementptr    ) [ 0010100000]
mel_filterbank_7_addr   (getelementptr    ) [ 0010100000]
mel_filterbank_8_addr   (getelementptr    ) [ 0010100000]
mel_filterbank_9_addr   (getelementptr    ) [ 0010100000]
mel_filterbank_10_addr  (getelementptr    ) [ 0010100000]
add_ln187_10            (add              ) [ 0000000000]
zext_ln187_22           (zext             ) [ 0000000000]
abs_spectrogram_addr_11 (getelementptr    ) [ 0010100000]
mel_filterbank_11_addr  (getelementptr    ) [ 0010100000]
add_ln187_11            (add              ) [ 0000000000]
zext_ln187_24           (zext             ) [ 0000000000]
abs_spectrogram_addr_12 (getelementptr    ) [ 0010100000]
mel_filterbank_12_addr  (getelementptr    ) [ 0010100000]
add_ln187_12            (add              ) [ 0000000000]
zext_ln187_26           (zext             ) [ 0000000000]
abs_spectrogram_addr_13 (getelementptr    ) [ 0010100000]
mel_filterbank_13_addr  (getelementptr    ) [ 0010100000]
add_ln187_13            (add              ) [ 0000000000]
zext_ln187_28           (zext             ) [ 0000000000]
abs_spectrogram_addr_14 (getelementptr    ) [ 0010100000]
mel_filterbank_14_addr  (getelementptr    ) [ 0010100000]
add_ln187_14            (add              ) [ 0000000000]
zext_ln187_30           (zext             ) [ 0000000000]
abs_spectrogram_addr_15 (getelementptr    ) [ 0010100000]
mel_filterbank_15_addr  (getelementptr    ) [ 0010100000]
add_ln187_15            (add              ) [ 0000000000]
zext_ln187_32           (zext             ) [ 0000000000]
abs_spectrogram_addr_16 (getelementptr    ) [ 0010100000]
mel_filterbank_16_addr  (getelementptr    ) [ 0010100000]
add_ln187_16            (add              ) [ 0000000000]
zext_ln187_34           (zext             ) [ 0000000000]
abs_spectrogram_addr_17 (getelementptr    ) [ 0010100000]
mel_filterbank_17_addr  (getelementptr    ) [ 0010100000]
mel_filterbank_18_addr  (getelementptr    ) [ 0010100000]
mel_filterbank_19_addr  (getelementptr    ) [ 0010100000]
mel_filterbank_20_addr  (getelementptr    ) [ 0010100000]
mel_filterbank_21_addr  (getelementptr    ) [ 0010100000]
mel_filterbank_22_addr  (getelementptr    ) [ 0010100000]
mel_filterbank_23_addr  (getelementptr    ) [ 0010100000]
mel_filterbank_24_addr  (getelementptr    ) [ 0010100000]
mel_filterbank_25_addr  (getelementptr    ) [ 0010100000]
add_ln187_25            (add              ) [ 0000000000]
zext_ln187_52           (zext             ) [ 0000000000]
abs_spectrogram_addr_26 (getelementptr    ) [ 0010100000]
mel_filterbank_26_addr  (getelementptr    ) [ 0010100000]
add_ln187_26            (add              ) [ 0000000000]
zext_ln187_54           (zext             ) [ 0000000000]
abs_spectrogram_addr_27 (getelementptr    ) [ 0010100000]
mel_filterbank_27_addr  (getelementptr    ) [ 0010100000]
add_ln187_27            (add              ) [ 0000000000]
zext_ln187_56           (zext             ) [ 0000000000]
abs_spectrogram_addr_28 (getelementptr    ) [ 0010100000]
mel_filterbank_28_addr  (getelementptr    ) [ 0010100000]
add_ln187_28            (add              ) [ 0000000000]
zext_ln187_58           (zext             ) [ 0000000000]
abs_spectrogram_addr_29 (getelementptr    ) [ 0010100000]
mel_filterbank_29_addr  (getelementptr    ) [ 0010100000]
sext_ln187              (sext             ) [ 0000000000]
zext_ln187_1            (zext             ) [ 0000000000]
mul_ln187               (mul              ) [ 0000000000]
trunc_ln1               (partselect       ) [ 0110011100]
add_ln187               (add              ) [ 0000000000]
zext_ln187_2            (zext             ) [ 0000000000]
abs_spectrogram_addr_1  (getelementptr    ) [ 0100010000]
mel_filterbank_1_load   (load             ) [ 0110011000]
add_ln187_1             (add              ) [ 0000000000]
zext_ln187_4            (zext             ) [ 0000000000]
abs_spectrogram_addr_2  (getelementptr    ) [ 0100010000]
mel_filterbank_2_load   (load             ) [ 0110011000]
abs_spectrogram_load_3  (load             ) [ 0100010000]
mel_filterbank_3_load   (load             ) [ 0100010000]
abs_spectrogram_load_4  (load             ) [ 0100010000]
mel_filterbank_4_load   (load             ) [ 0100010000]
abs_spectrogram_load_5  (load             ) [ 0100010000]
mel_filterbank_5_load   (load             ) [ 0100010000]
abs_spectrogram_load_6  (load             ) [ 0100010000]
mel_filterbank_6_load   (load             ) [ 0100010000]
add_ln187_6             (add              ) [ 0000000000]
zext_ln187_14           (zext             ) [ 0000000000]
abs_spectrogram_addr_7  (getelementptr    ) [ 0100010000]
mel_filterbank_7_load   (load             ) [ 0110011000]
add_ln187_7             (add              ) [ 0000000000]
zext_ln187_16           (zext             ) [ 0000000000]
abs_spectrogram_addr_8  (getelementptr    ) [ 0100010000]
mel_filterbank_8_load   (load             ) [ 0110011000]
add_ln187_8             (add              ) [ 0000000000]
zext_ln187_18           (zext             ) [ 0000000000]
abs_spectrogram_addr_9  (getelementptr    ) [ 0100010000]
mel_filterbank_9_load   (load             ) [ 0110011000]
add_ln187_9             (add              ) [ 0000000000]
zext_ln187_20           (zext             ) [ 0000000000]
abs_spectrogram_addr_10 (getelementptr    ) [ 0100010000]
mel_filterbank_10_load  (load             ) [ 0110011000]
abs_spectrogram_load_11 (load             ) [ 0100010000]
mel_filterbank_11_load  (load             ) [ 0100010000]
abs_spectrogram_load_12 (load             ) [ 0100010000]
mel_filterbank_12_load  (load             ) [ 0100010000]
abs_spectrogram_load_13 (load             ) [ 0100010000]
mel_filterbank_13_load  (load             ) [ 0100010000]
abs_spectrogram_load_14 (load             ) [ 0100010000]
mel_filterbank_14_load  (load             ) [ 0100010000]
abs_spectrogram_load_15 (load             ) [ 0100010000]
mel_filterbank_15_load  (load             ) [ 0100010000]
abs_spectrogram_load_16 (load             ) [ 0100010000]
mel_filterbank_16_load  (load             ) [ 0100010000]
abs_spectrogram_load_17 (load             ) [ 0100010000]
mel_filterbank_17_load  (load             ) [ 0100010000]
add_ln187_17            (add              ) [ 0000000000]
zext_ln187_36           (zext             ) [ 0000000000]
abs_spectrogram_addr_18 (getelementptr    ) [ 0100010000]
mel_filterbank_18_load  (load             ) [ 0110011000]
add_ln187_18            (add              ) [ 0000000000]
zext_ln187_38           (zext             ) [ 0000000000]
abs_spectrogram_addr_19 (getelementptr    ) [ 0100010000]
mel_filterbank_19_load  (load             ) [ 0110011000]
add_ln187_19            (add              ) [ 0000000000]
zext_ln187_40           (zext             ) [ 0000000000]
abs_spectrogram_addr_20 (getelementptr    ) [ 0100010000]
mel_filterbank_20_load  (load             ) [ 0110011000]
add_ln187_20            (add              ) [ 0000000000]
zext_ln187_42           (zext             ) [ 0000000000]
abs_spectrogram_addr_21 (getelementptr    ) [ 0100010000]
mel_filterbank_21_load  (load             ) [ 0110011000]
add_ln187_21            (add              ) [ 0000000000]
zext_ln187_44           (zext             ) [ 0000000000]
abs_spectrogram_addr_22 (getelementptr    ) [ 0100010000]
mel_filterbank_22_load  (load             ) [ 0110011000]
add_ln187_22            (add              ) [ 0000000000]
zext_ln187_46           (zext             ) [ 0000000000]
abs_spectrogram_addr_23 (getelementptr    ) [ 0100010000]
mel_filterbank_23_load  (load             ) [ 0110011000]
add_ln187_23            (add              ) [ 0000000000]
zext_ln187_48           (zext             ) [ 0000000000]
abs_spectrogram_addr_24 (getelementptr    ) [ 0100010000]
mel_filterbank_24_load  (load             ) [ 0110011000]
add_ln187_24            (add              ) [ 0000000000]
zext_ln187_50           (zext             ) [ 0000000000]
abs_spectrogram_addr_25 (getelementptr    ) [ 0100010000]
mel_filterbank_25_load  (load             ) [ 0110011000]
abs_spectrogram_load_26 (load             ) [ 0100010000]
mel_filterbank_26_load  (load             ) [ 0100010000]
abs_spectrogram_load_27 (load             ) [ 0100010000]
mel_filterbank_27_load  (load             ) [ 0100010000]
abs_spectrogram_load_28 (load             ) [ 0100010000]
mel_filterbank_28_load  (load             ) [ 0100010000]
abs_spectrogram_load_29 (load             ) [ 0100010000]
mel_filterbank_29_load  (load             ) [ 0100010000]
abs_spectrogram_load_1  (load             ) [ 0010001000]
abs_spectrogram_load_2  (load             ) [ 0010001000]
sext_ln187_3            (sext             ) [ 0000000000]
zext_ln187_7            (zext             ) [ 0000000000]
mul_ln187_3             (mul              ) [ 0000000000]
trunc_ln187_3           (partselect       ) [ 0010001000]
sext_ln187_4            (sext             ) [ 0000000000]
zext_ln187_9            (zext             ) [ 0000000000]
mul_ln187_4             (mul              ) [ 0000000000]
trunc_ln187_4           (partselect       ) [ 0010001000]
sext_ln187_5            (sext             ) [ 0000000000]
zext_ln187_11           (zext             ) [ 0000000000]
mul_ln187_5             (mul              ) [ 0000000000]
trunc_ln187_5           (partselect       ) [ 0010001000]
sext_ln187_6            (sext             ) [ 0000000000]
zext_ln187_13           (zext             ) [ 0000000000]
mul_ln187_6             (mul              ) [ 0000000000]
trunc_ln187_6           (partselect       ) [ 0010001000]
abs_spectrogram_load_7  (load             ) [ 0010001000]
abs_spectrogram_load_8  (load             ) [ 0010001000]
abs_spectrogram_load_9  (load             ) [ 0010001000]
abs_spectrogram_load_10 (load             ) [ 0010001000]
sext_ln187_11           (sext             ) [ 0000000000]
zext_ln187_23           (zext             ) [ 0000000000]
mul_ln187_11            (mul              ) [ 0000000000]
trunc_ln187_10          (partselect       ) [ 0010001000]
sext_ln187_12           (sext             ) [ 0000000000]
zext_ln187_25           (zext             ) [ 0000000000]
mul_ln187_12            (mul              ) [ 0000000000]
trunc_ln187_11          (partselect       ) [ 0010001000]
sext_ln187_13           (sext             ) [ 0000000000]
zext_ln187_27           (zext             ) [ 0000000000]
mul_ln187_13            (mul              ) [ 0000000000]
trunc_ln187_12          (partselect       ) [ 0010001000]
sext_ln187_14           (sext             ) [ 0000000000]
zext_ln187_29           (zext             ) [ 0000000000]
mul_ln187_14            (mul              ) [ 0000000000]
trunc_ln187_13          (partselect       ) [ 0010001000]
sext_ln187_15           (sext             ) [ 0000000000]
zext_ln187_31           (zext             ) [ 0000000000]
mul_ln187_15            (mul              ) [ 0000000000]
trunc_ln187_14          (partselect       ) [ 0010001000]
sext_ln187_16           (sext             ) [ 0000000000]
zext_ln187_33           (zext             ) [ 0000000000]
mul_ln187_16            (mul              ) [ 0000000000]
trunc_ln187_15          (partselect       ) [ 0010001000]
sext_ln187_17           (sext             ) [ 0000000000]
zext_ln187_35           (zext             ) [ 0000000000]
mul_ln187_17            (mul              ) [ 0000000000]
trunc_ln187_16          (partselect       ) [ 0010001000]
abs_spectrogram_load_18 (load             ) [ 0010001000]
abs_spectrogram_load_19 (load             ) [ 0010001000]
abs_spectrogram_load_20 (load             ) [ 0010001000]
abs_spectrogram_load_21 (load             ) [ 0010001000]
abs_spectrogram_load_22 (load             ) [ 0010001000]
abs_spectrogram_load_23 (load             ) [ 0010001000]
abs_spectrogram_load_24 (load             ) [ 0010001000]
abs_spectrogram_load_25 (load             ) [ 0010001000]
sext_ln187_29           (sext             ) [ 0000000000]
zext_ln187_53           (zext             ) [ 0000000000]
mul_ln187_26            (mul              ) [ 0000000000]
trunc_ln187_25          (partselect       ) [ 0010001000]
sext_ln187_31           (sext             ) [ 0000000000]
zext_ln187_55           (zext             ) [ 0000000000]
mul_ln187_27            (mul              ) [ 0000000000]
trunc_ln187_26          (partselect       ) [ 0010001000]
sext_ln187_33           (sext             ) [ 0000000000]
zext_ln187_57           (zext             ) [ 0000000000]
mul_ln187_28            (mul              ) [ 0000000000]
trunc_ln187_27          (partselect       ) [ 0010001000]
sext_ln187_35           (sext             ) [ 0000000000]
zext_ln187_59           (zext             ) [ 0000000000]
mul_ln187_29            (mul              ) [ 0000000000]
trunc_ln187_28          (partselect       ) [ 0010001000]
sext_ln187_1            (sext             ) [ 0000000000]
zext_ln187_3            (zext             ) [ 0000000000]
mul_ln187_1             (mul              ) [ 0000000000]
trunc_ln187_1           (partselect       ) [ 0100000100]
sext_ln187_2            (sext             ) [ 0000000000]
zext_ln187_5            (zext             ) [ 0000000000]
mul_ln187_2             (mul              ) [ 0000000000]
trunc_ln187_2           (partselect       ) [ 0100000100]
sext_ln187_7            (sext             ) [ 0000000000]
zext_ln187_15           (zext             ) [ 0000000000]
mul_ln187_7             (mul              ) [ 0000000000]
trunc_ln187_7           (partselect       ) [ 0100000100]
sext_ln187_8            (sext             ) [ 0000000000]
zext_ln187_17           (zext             ) [ 0000000000]
mul_ln187_8             (mul              ) [ 0000000000]
trunc_ln187_8           (partselect       ) [ 0100000100]
sext_ln187_9            (sext             ) [ 0000000000]
zext_ln187_19           (zext             ) [ 0000000000]
mul_ln187_9             (mul              ) [ 0000000000]
trunc_ln187_9           (partselect       ) [ 0100000100]
sext_ln187_10           (sext             ) [ 0000000000]
zext_ln187_21           (zext             ) [ 0000000000]
mul_ln187_10            (mul              ) [ 0000000000]
trunc_ln187_s           (partselect       ) [ 0100000100]
sext_ln187_18           (sext             ) [ 0000000000]
zext_ln187_37           (zext             ) [ 0000000000]
mul_ln187_18            (mul              ) [ 0000000000]
trunc_ln187_17          (partselect       ) [ 0100000100]
sext_ln187_19           (sext             ) [ 0000000000]
zext_ln187_39           (zext             ) [ 0000000000]
mul_ln187_19            (mul              ) [ 0000000000]
trunc_ln187_18          (partselect       ) [ 0100000100]
sext_ln187_20           (sext             ) [ 0000000000]
zext_ln187_41           (zext             ) [ 0000000000]
mul_ln187_20            (mul              ) [ 0000000000]
trunc_ln187_19          (partselect       ) [ 0100000100]
sext_ln187_21           (sext             ) [ 0000000000]
zext_ln187_43           (zext             ) [ 0000000000]
mul_ln187_21            (mul              ) [ 0000000000]
trunc_ln187_20          (partselect       ) [ 0100000100]
sext_ln187_22           (sext             ) [ 0000000000]
zext_ln187_45           (zext             ) [ 0000000000]
mul_ln187_22            (mul              ) [ 0000000000]
trunc_ln187_21          (partselect       ) [ 0100000100]
sext_ln187_23           (sext             ) [ 0000000000]
zext_ln187_47           (zext             ) [ 0000000000]
mul_ln187_23            (mul              ) [ 0000000000]
trunc_ln187_22          (partselect       ) [ 0100000100]
sext_ln187_25           (sext             ) [ 0000000000]
zext_ln187_49           (zext             ) [ 0000000000]
mul_ln187_24            (mul              ) [ 0000000000]
trunc_ln187_23          (partselect       ) [ 0100000100]
sext_ln187_27           (sext             ) [ 0000000000]
zext_ln187_51           (zext             ) [ 0000000000]
mul_ln187_25            (mul              ) [ 0000000000]
trunc_ln187_24          (partselect       ) [ 0100000100]
sext_ln187_30           (sext             ) [ 0000000000]
sext_ln187_32           (sext             ) [ 0000000000]
sext_ln187_34           (sext             ) [ 0000000000]
sext_ln187_36           (sext             ) [ 0000000000]
add_ln187_31            (add              ) [ 0000000000]
add_ln187_32            (add              ) [ 0000000000]
add_ln187_33            (add              ) [ 0100000100]
add_ln187_38            (add              ) [ 0000000000]
add_ln187_39            (add              ) [ 0000000000]
add_ln187_40            (add              ) [ 0100000100]
add_ln187_43            (add              ) [ 0000000000]
add_ln187_44            (add              ) [ 0110000110]
add_ln187_52            (add              ) [ 0000000000]
add_ln187_53            (add              ) [ 0000000000]
sext_ln187_37           (sext             ) [ 0000000000]
add_ln187_54            (add              ) [ 0100000100]
sext_ln187_24           (sext             ) [ 0000000000]
sext_ln187_26           (sext             ) [ 0000000000]
sext_ln187_28           (sext             ) [ 0000000000]
add_ln187_29            (add              ) [ 0000000000]
add_ln187_30            (add              ) [ 0000000000]
add_ln187_34            (add              ) [ 0110000011]
add_ln187_35            (add              ) [ 0000000000]
add_ln187_36            (add              ) [ 0000000000]
add_ln187_37            (add              ) [ 0000000000]
add_ln187_41            (add              ) [ 0110000011]
add_ln187_45            (add              ) [ 0000000000]
add_ln187_46            (add              ) [ 0000000000]
add_ln187_47            (add              ) [ 0010000010]
add_ln187_49            (add              ) [ 0000000000]
add_ln187_50            (add              ) [ 0000000000]
add_ln187_51            (add              ) [ 0000000000]
add_ln187_55            (add              ) [ 0010000010]
add_ln187_48            (add              ) [ 0000000000]
add_ln187_56            (add              ) [ 0100000001]
speclooptripcount_ln180 (speclooptripcount) [ 0000000000]
specloopname_ln180      (specloopname     ) [ 0000000000]
add_ln187_42            (add              ) [ 0000000000]
add_ln187_57            (add              ) [ 0000000000]
mel_filtered_addr       (getelementptr    ) [ 0000000000]
store_ln190             (store            ) [ 0000000000]
br_ln180                (br               ) [ 0000000000]
ret_ln0                 (ret              ) [ 0000000000]
</LifeTime>

<model>

<comp_list>
<comp id="0" class="1000" name="abs_spectrogram">
<pin_list>
<pin id="1" dir="1" index="0" bw="1" slack="0"/>
</pin_list>
<bind>
<StgValue><ssdm name="abs_spectrogram"/><MemPortTyVec>1 1 1 1 1 1 1 1 1 1 1 1 1 1 1 3 3 </MemPortTyVec>
</StgValue>
</bind>
</comp>

<comp id="2" class="1000" name="mel_filtered">
<pin_list>
<pin id="3" dir="1" index="0" bw="1" slack="0"/>
</pin_list>
<bind>
<StgValue><ssdm name="mel_filtered"/><MemPortTyVec>0 3 </MemPortTyVec>
</StgValue>
</bind>
</comp>

<comp id="4" class="1000" name="first_ind">
<pin_list>
<pin id="5" dir="1" index="0" bw="1" slack="0"/>
</pin_list>
<bind>
<StgValue><ssdm name="first_ind"/><MemPortTyVec>1 </MemPortTyVec>
</StgValue>
</bind>
</comp>

<comp id="6" class="1000" name="mel_filterbank_0">
<pin_list>
<pin id="7" dir="1" index="0" bw="1" slack="0"/>
</pin_list>
<bind>
<StgValue><ssdm name="mel_filterbank_0"/><MemPortTyVec>1 </MemPortTyVec>
</StgValue>
</bind>
</comp>

<comp id="8" class="1000" name="mel_filterbank_1">
<pin_list>
<pin id="9" dir="1" index="0" bw="1" slack="0"/>
</pin_list>
<bind>
<StgValue><ssdm name="mel_filterbank_1"/><MemPortTyVec>1 </MemPortTyVec>
</StgValue>
</bind>
</comp>

<comp id="10" class="1000" name="mel_filterbank_2">
<pin_list>
<pin id="11" dir="1" index="0" bw="1" slack="0"/>
</pin_list>
<bind>
<StgValue><ssdm name="mel_filterbank_2"/><MemPortTyVec>1 </MemPortTyVec>
</StgValue>
</bind>
</comp>

<comp id="12" class="1000" name="mel_filterbank_3">
<pin_list>
<pin id="13" dir="1" index="0" bw="1" slack="0"/>
</pin_list>
<bind>
<StgValue><ssdm name="mel_filterbank_3"/><MemPortTyVec>1 </MemPortTyVec>
</StgValue>
</bind>
</comp>

<comp id="14" class="1000" name="mel_filterbank_4">
<pin_list>
<pin id="15" dir="1" index="0" bw="1" slack="0"/>
</pin_list>
<bind>
<StgValue><ssdm name="mel_filterbank_4"/><MemPortTyVec>1 </MemPortTyVec>
</StgValue>
</bind>
</comp>

<comp id="16" class="1000" name="mel_filterbank_5">
<pin_list>
<pin id="17" dir="1" index="0" bw="1" slack="0"/>
</pin_list>
<bind>
<StgValue><ssdm name="mel_filterbank_5"/><MemPortTyVec>1 </MemPortTyVec>
</StgValue>
</bind>
</comp>

<comp id="18" class="1000" name="mel_filterbank_6">
<pin_list>
<pin id="19" dir="1" index="0" bw="1" slack="0"/>
</pin_list>
<bind>
<StgValue><ssdm name="mel_filterbank_6"/><MemPortTyVec>1 </MemPortTyVec>
</StgValue>
</bind>
</comp>

<comp id="20" class="1000" name="mel_filterbank_7">
<pin_list>
<pin id="21" dir="1" index="0" bw="1" slack="0"/>
</pin_list>
<bind>
<StgValue><ssdm name="mel_filterbank_7"/><MemPortTyVec>1 </MemPortTyVec>
</StgValue>
</bind>
</comp>

<comp id="22" class="1000" name="mel_filterbank_8">
<pin_list>
<pin id="23" dir="1" index="0" bw="1" slack="0"/>
</pin_list>
<bind>
<StgValue><ssdm name="mel_filterbank_8"/><MemPortTyVec>1 </MemPortTyVec>
</StgValue>
</bind>
</comp>

<comp id="24" class="1000" name="mel_filterbank_9">
<pin_list>
<pin id="25" dir="1" index="0" bw="1" slack="0"/>
</pin_list>
<bind>
<StgValue><ssdm name="mel_filterbank_9"/><MemPortTyVec>1 </MemPortTyVec>
</StgValue>
</bind>
</comp>

<comp id="26" class="1000" name="mel_filterbank_10">
<pin_list>
<pin id="27" dir="1" index="0" bw="1" slack="0"/>
</pin_list>
<bind>
<StgValue><ssdm name="mel_filterbank_10"/><MemPortTyVec>1 </MemPortTyVec>
</StgValue>
</bind>
</comp>

<comp id="28" class="1000" name="mel_filterbank_11">
<pin_list>
<pin id="29" dir="1" index="0" bw="1" slack="0"/>
</pin_list>
<bind>
<StgValue><ssdm name="mel_filterbank_11"/><MemPortTyVec>1 </MemPortTyVec>
</StgValue>
</bind>
</comp>

<comp id="30" class="1000" name="mel_filterbank_12">
<pin_list>
<pin id="31" dir="1" index="0" bw="1" slack="0"/>
</pin_list>
<bind>
<StgValue><ssdm name="mel_filterbank_12"/><MemPortTyVec>1 </MemPortTyVec>
</StgValue>
</bind>
</comp>

<comp id="32" class="1000" name="mel_filterbank_13">
<pin_list>
<pin id="33" dir="1" index="0" bw="1" slack="0"/>
</pin_list>
<bind>
<StgValue><ssdm name="mel_filterbank_13"/><MemPortTyVec>1 </MemPortTyVec>
</StgValue>
</bind>
</comp>

<comp id="34" class="1000" name="mel_filterbank_14">
<pin_list>
<pin id="35" dir="1" index="0" bw="1" slack="0"/>
</pin_list>
<bind>
<StgValue><ssdm name="mel_filterbank_14"/><MemPortTyVec>1 </MemPortTyVec>
</StgValue>
</bind>
</comp>

<comp id="36" class="1000" name="mel_filterbank_15">
<pin_list>
<pin id="37" dir="1" index="0" bw="1" slack="0"/>
</pin_list>
<bind>
<StgValue><ssdm name="mel_filterbank_15"/><MemPortTyVec>1 </MemPortTyVec>
</StgValue>
</bind>
</comp>

<comp id="38" class="1000" name="mel_filterbank_16">
<pin_list>
<pin id="39" dir="1" index="0" bw="1" slack="0"/>
</pin_list>
<bind>
<StgValue><ssdm name="mel_filterbank_16"/><MemPortTyVec>1 </MemPortTyVec>
</StgValue>
</bind>
</comp>

<comp id="40" class="1000" name="mel_filterbank_17">
<pin_list>
<pin id="41" dir="1" index="0" bw="1" slack="0"/>
</pin_list>
<bind>
<StgValue><ssdm name="mel_filterbank_17"/><MemPortTyVec>1 </MemPortTyVec>
</StgValue>
</bind>
</comp>

<comp id="42" class="1000" name="mel_filterbank_18">
<pin_list>
<pin id="43" dir="1" index="0" bw="1" slack="0"/>
</pin_list>
<bind>
<StgValue><ssdm name="mel_filterbank_18"/><MemPortTyVec>1 </MemPortTyVec>
</StgValue>
</bind>
</comp>

<comp id="44" class="1000" name="mel_filterbank_19">
<pin_list>
<pin id="45" dir="1" index="0" bw="1" slack="0"/>
</pin_list>
<bind>
<StgValue><ssdm name="mel_filterbank_19"/><MemPortTyVec>1 </MemPortTyVec>
</StgValue>
</bind>
</comp>

<comp id="46" class="1000" name="mel_filterbank_20">
<pin_list>
<pin id="47" dir="1" index="0" bw="1" slack="0"/>
</pin_list>
<bind>
<StgValue><ssdm name="mel_filterbank_20"/><MemPortTyVec>1 </MemPortTyVec>
</StgValue>
</bind>
</comp>

<comp id="48" class="1000" name="mel_filterbank_21">
<pin_list>
<pin id="49" dir="1" index="0" bw="1" slack="0"/>
</pin_list>
<bind>
<StgValue><ssdm name="mel_filterbank_21"/><MemPortTyVec>1 </MemPortTyVec>
</StgValue>
</bind>
</comp>

<comp id="50" class="1000" name="mel_filterbank_22">
<pin_list>
<pin id="51" dir="1" index="0" bw="1" slack="0"/>
</pin_list>
<bind>
<StgValue><ssdm name="mel_filterbank_22"/><MemPortTyVec>1 </MemPortTyVec>
</StgValue>
</bind>
</comp>

<comp id="52" class="1000" name="mel_filterbank_23">
<pin_list>
<pin id="53" dir="1" index="0" bw="1" slack="0"/>
</pin_list>
<bind>
<StgValue><ssdm name="mel_filterbank_23"/><MemPortTyVec>1 </MemPortTyVec>
</StgValue>
</bind>
</comp>

<comp id="54" class="1000" name="mel_filterbank_24">
<pin_list>
<pin id="55" dir="1" index="0" bw="1" slack="0"/>
</pin_list>
<bind>
<StgValue><ssdm name="mel_filterbank_24"/><MemPortTyVec>1 </MemPortTyVec>
</StgValue>
</bind>
</comp>

<comp id="56" class="1000" name="mel_filterbank_25">
<pin_list>
<pin id="57" dir="1" index="0" bw="1" slack="0"/>
</pin_list>
<bind>
<StgValue><ssdm name="mel_filterbank_25"/><MemPortTyVec>1 </MemPortTyVec>
</StgValue>
</bind>
</comp>

<comp id="58" class="1000" name="mel_filterbank_26">
<pin_list>
<pin id="59" dir="1" index="0" bw="1" slack="0"/>
</pin_list>
<bind>
<StgValue><ssdm name="mel_filterbank_26"/><MemPortTyVec>1 </MemPortTyVec>
</StgValue>
</bind>
</comp>

<comp id="60" class="1000" name="mel_filterbank_27">
<pin_list>
<pin id="61" dir="1" index="0" bw="1" slack="0"/>
</pin_list>
<bind>
<StgValue><ssdm name="mel_filterbank_27"/><MemPortTyVec>1 </MemPortTyVec>
</StgValue>
</bind>
</comp>

<comp id="62" class="1000" name="mel_filterbank_28">
<pin_list>
<pin id="63" dir="1" index="0" bw="1" slack="0"/>
</pin_list>
<bind>
<StgValue><ssdm name="mel_filterbank_28"/><MemPortTyVec>1 </MemPortTyVec>
</StgValue>
</bind>
</comp>

<comp id="64" class="1000" name="mel_filterbank_29">
<pin_list>
<pin id="65" dir="1" index="0" bw="1" slack="0"/>
</pin_list>
<bind>
<StgValue><ssdm name="mel_filterbank_29"/><MemPortTyVec>1 </MemPortTyVec>
</StgValue>
</bind>
</comp>

<comp id="66" class="1001" name="const_66">
<pin_list>
<pin id="67" dir="1" index="0" bw="1" slack="0"/>
</pin_list>
<bind>
<StgValue><ssdm name=""/></StgValue>
</bind>
</comp>

<comp id="68" class="1001" name="const_68">
<pin_list>
<pin id="69" dir="1" index="0" bw="1" slack="0"/>
</pin_list>
<bind>
<StgValue><ssdm name=""/></StgValue>
</bind>
</comp>

<comp id="70" class="1001" name="const_70">
<pin_list>
<pin id="71" dir="1" index="0" bw="1" slack="2147483647"/>
</pin_list>
<bind>
<StgValue><ssdm name="_ssdm_op_SpecPipeline"/></StgValue>
</bind>
</comp>

<comp id="72" class="1001" name="const_72">
<pin_list>
<pin id="73" dir="1" index="0" bw="1" slack="2147483647"/>
</pin_list>
<bind>
<StgValue><ssdm name=""/></StgValue>
</bind>
</comp>

<comp id="74" class="1001" name="const_74">
<pin_list>
<pin id="75" dir="1" index="0" bw="1" slack="2147483647"/>
</pin_list>
<bind>
<StgValue><ssdm name=""/></StgValue>
</bind>
</comp>

<comp id="76" class="1001" name="const_76">
<pin_list>
<pin id="77" dir="1" index="0" bw="1" slack="2147483647"/>
</pin_list>
<bind>
<StgValue><ssdm name="p_str"/></StgValue>
</bind>
</comp>

<comp id="78" class="1001" name="const_78">
<pin_list>
<pin id="79" dir="1" index="0" bw="1" slack="0"/>
</pin_list>
<bind>
<StgValue><ssdm name=""/></StgValue>
</bind>
</comp>

<comp id="80" class="1001" name="const_80">
<pin_list>
<pin id="81" dir="1" index="0" bw="1" slack="0"/>
</pin_list>
<bind>
<StgValue><ssdm name=""/></StgValue>
</bind>
</comp>

<comp id="82" class="1001" name="const_82">
<pin_list>
<pin id="83" dir="1" index="0" bw="1" slack="0"/>
</pin_list>
<bind>
<StgValue><ssdm name=""/></StgValue>
</bind>
</comp>

<comp id="84" class="1001" name="const_84">
<pin_list>
<pin id="85" dir="1" index="0" bw="1" slack="0"/>
</pin_list>
<bind>
<StgValue><ssdm name=""/></StgValue>
</bind>
</comp>

<comp id="86" class="1001" name="const_86">
<pin_list>
<pin id="87" dir="1" index="0" bw="1" slack="0"/>
</pin_list>
<bind>
<StgValue><ssdm name=""/></StgValue>
</bind>
</comp>

<comp id="88" class="1001" name="const_88">
<pin_list>
<pin id="89" dir="1" index="0" bw="1" slack="0"/>
</pin_list>
<bind>
<StgValue><ssdm name=""/></StgValue>
</bind>
</comp>

<comp id="90" class="1001" name="const_90">
<pin_list>
<pin id="91" dir="1" index="0" bw="1" slack="0"/>
</pin_list>
<bind>
<StgValue><ssdm name=""/></StgValue>
</bind>
</comp>

<comp id="92" class="1001" name="const_92">
<pin_list>
<pin id="93" dir="1" index="0" bw="1" slack="0"/>
</pin_list>
<bind>
<StgValue><ssdm name=""/></StgValue>
</bind>
</comp>

<comp id="94" class="1001" name="const_94">
<pin_list>
<pin id="95" dir="1" index="0" bw="1" slack="0"/>
</pin_list>
<bind>
<StgValue><ssdm name=""/></StgValue>
</bind>
</comp>

<comp id="96" class="1001" name="const_96">
<pin_list>
<pin id="97" dir="1" index="0" bw="1" slack="0"/>
</pin_list>
<bind>
<StgValue><ssdm name=""/></StgValue>
</bind>
</comp>

<comp id="98" class="1001" name="const_98">
<pin_list>
<pin id="99" dir="1" index="0" bw="1" slack="0"/>
</pin_list>
<bind>
<StgValue><ssdm name=""/></StgValue>
</bind>
</comp>

<comp id="100" class="1001" name="const_100">
<pin_list>
<pin id="101" dir="1" index="0" bw="1" slack="0"/>
</pin_list>
<bind>
<StgValue><ssdm name=""/></StgValue>
</bind>
</comp>

<comp id="102" class="1001" name="const_102">
<pin_list>
<pin id="103" dir="1" index="0" bw="1" slack="0"/>
</pin_list>
<bind>
<StgValue><ssdm name=""/></StgValue>
</bind>
</comp>

<comp id="104" class="1001" name="const_104">
<pin_list>
<pin id="105" dir="1" index="0" bw="1" slack="0"/>
</pin_list>
<bind>
<StgValue><ssdm name=""/></StgValue>
</bind>
</comp>

<comp id="106" class="1001" name="const_106">
<pin_list>
<pin id="107" dir="1" index="0" bw="1" slack="0"/>
</pin_list>
<bind>
<StgValue><ssdm name=""/></StgValue>
</bind>
</comp>

<comp id="108" class="1001" name="const_108">
<pin_list>
<pin id="109" dir="1" index="0" bw="1" slack="0"/>
</pin_list>
<bind>
<StgValue><ssdm name=""/></StgValue>
</bind>
</comp>

<comp id="110" class="1001" name="const_110">
<pin_list>
<pin id="111" dir="1" index="0" bw="1" slack="0"/>
</pin_list>
<bind>
<StgValue><ssdm name=""/></StgValue>
</bind>
</comp>

<comp id="112" class="1001" name="const_112">
<pin_list>
<pin id="113" dir="1" index="0" bw="1" slack="0"/>
</pin_list>
<bind>
<StgValue><ssdm name=""/></StgValue>
</bind>
</comp>

<comp id="114" class="1001" name="const_114">
<pin_list>
<pin id="115" dir="1" index="0" bw="1" slack="0"/>
</pin_list>
<bind>
<StgValue><ssdm name="_ssdm_op_PartSelect.i16.i24.i32.i32"/></StgValue>
</bind>
</comp>

<comp id="116" class="1001" name="const_116">
<pin_list>
<pin id="117" dir="1" index="0" bw="1" slack="0"/>
</pin_list>
<bind>
<StgValue><ssdm name=""/></StgValue>
</bind>
</comp>

<comp id="118" class="1001" name="const_118">
<pin_list>
<pin id="119" dir="1" index="0" bw="1" slack="0"/>
</pin_list>
<bind>
<StgValue><ssdm name=""/></StgValue>
</bind>
</comp>

<comp id="120" class="1001" name="const_120">
<pin_list>
<pin id="121" dir="1" index="0" bw="1" slack="0"/>
</pin_list>
<bind>
<StgValue><ssdm name=""/></StgValue>
</bind>
</comp>

<comp id="122" class="1001" name="const_122">
<pin_list>
<pin id="123" dir="1" index="0" bw="1" slack="0"/>
</pin_list>
<bind>
<StgValue><ssdm name=""/></StgValue>
</bind>
</comp>

<comp id="124" class="1001" name="const_124">
<pin_list>
<pin id="125" dir="1" index="0" bw="1" slack="0"/>
</pin_list>
<bind>
<StgValue><ssdm name=""/></StgValue>
</bind>
</comp>

<comp id="126" class="1001" name="const_126">
<pin_list>
<pin id="127" dir="1" index="0" bw="1" slack="0"/>
</pin_list>
<bind>
<StgValue><ssdm name=""/></StgValue>
</bind>
</comp>

<comp id="128" class="1001" name="const_128">
<pin_list>
<pin id="129" dir="1" index="0" bw="1" slack="0"/>
</pin_list>
<bind>
<StgValue><ssdm name=""/></StgValue>
</bind>
</comp>

<comp id="130" class="1001" name="const_130">
<pin_list>
<pin id="131" dir="1" index="0" bw="1" slack="0"/>
</pin_list>
<bind>
<StgValue><ssdm name=""/></StgValue>
</bind>
</comp>

<comp id="132" class="1001" name="const_132">
<pin_list>
<pin id="133" dir="1" index="0" bw="1" slack="0"/>
</pin_list>
<bind>
<StgValue><ssdm name=""/></StgValue>
</bind>
</comp>

<comp id="134" class="1001" name="const_134">
<pin_list>
<pin id="135" dir="1" index="0" bw="1" slack="0"/>
</pin_list>
<bind>
<StgValue><ssdm name=""/></StgValue>
</bind>
</comp>

<comp id="136" class="1001" name="const_136">
<pin_list>
<pin id="137" dir="1" index="0" bw="1" slack="0"/>
</pin_list>
<bind>
<StgValue><ssdm name=""/></StgValue>
</bind>
</comp>

<comp id="138" class="1001" name="const_138">
<pin_list>
<pin id="139" dir="1" index="0" bw="1" slack="0"/>
</pin_list>
<bind>
<StgValue><ssdm name=""/></StgValue>
</bind>
</comp>

<comp id="140" class="1001" name="const_140">
<pin_list>
<pin id="141" dir="1" index="0" bw="1" slack="0"/>
</pin_list>
<bind>
<StgValue><ssdm name=""/></StgValue>
</bind>
</comp>

<comp id="142" class="1001" name="const_142">
<pin_list>
<pin id="143" dir="1" index="0" bw="1" slack="0"/>
</pin_list>
<bind>
<StgValue><ssdm name=""/></StgValue>
</bind>
</comp>

<comp id="144" class="1001" name="const_144">
<pin_list>
<pin id="145" dir="1" index="0" bw="1" slack="0"/>
</pin_list>
<bind>
<StgValue><ssdm name=""/></StgValue>
</bind>
</comp>

<comp id="146" class="1001" name="const_146">
<pin_list>
<pin id="147" dir="1" index="0" bw="1" slack="0"/>
</pin_list>
<bind>
<StgValue><ssdm name=""/></StgValue>
</bind>
</comp>

<comp id="148" class="1001" name="const_148">
<pin_list>
<pin id="149" dir="1" index="0" bw="1" slack="0"/>
</pin_list>
<bind>
<StgValue><ssdm name="_ssdm_op_PartSelect.i15.i23.i32.i32"/></StgValue>
</bind>
</comp>

<comp id="150" class="1001" name="const_150">
<pin_list>
<pin id="151" dir="1" index="0" bw="1" slack="0"/>
</pin_list>
<bind>
<StgValue><ssdm name=""/></StgValue>
</bind>
</comp>

<comp id="152" class="1001" name="const_152">
<pin_list>
<pin id="153" dir="1" index="0" bw="1" slack="0"/>
</pin_list>
<bind>
<StgValue><ssdm name="_ssdm_op_PartSelect.i14.i22.i32.i32"/></StgValue>
</bind>
</comp>

<comp id="154" class="1001" name="const_154">
<pin_list>
<pin id="155" dir="1" index="0" bw="1" slack="0"/>
</pin_list>
<bind>
<StgValue><ssdm name=""/></StgValue>
</bind>
</comp>

<comp id="156" class="1001" name="const_156">
<pin_list>
<pin id="157" dir="1" index="0" bw="1" slack="0"/>
</pin_list>
<bind>
<StgValue><ssdm name="_ssdm_op_PartSelect.i13.i21.i32.i32"/></StgValue>
</bind>
</comp>

<comp id="158" class="1001" name="const_158">
<pin_list>
<pin id="159" dir="1" index="0" bw="1" slack="0"/>
</pin_list>
<bind>
<StgValue><ssdm name=""/></StgValue>
</bind>
</comp>

<comp id="160" class="1001" name="const_160">
<pin_list>
<pin id="161" dir="1" index="0" bw="1" slack="2147483647"/>
</pin_list>
<bind>
<StgValue><ssdm name="_ssdm_op_SpecLoopTripCount"/></StgValue>
</bind>
</comp>

<comp id="162" class="1001" name="const_162">
<pin_list>
<pin id="163" dir="1" index="0" bw="1" slack="2147483647"/>
</pin_list>
<bind>
<StgValue><ssdm name=""/></StgValue>
</bind>
</comp>

<comp id="164" class="1001" name="const_164">
<pin_list>
<pin id="165" dir="1" index="0" bw="1" slack="2147483647"/>
</pin_list>
<bind>
<StgValue><ssdm name="_ssdm_op_SpecLoopName"/></StgValue>
</bind>
</comp>

<comp id="166" class="1001" name="const_166">
<pin_list>
<pin id="167" dir="1" index="0" bw="1" slack="2147483647"/>
</pin_list>
<bind>
<StgValue><ssdm name="empty_6"/></StgValue>
</bind>
</comp>

<comp id="168" class="1004" name="m_fu_168">
<pin_list>
<pin id="169" dir="0" index="0" bw="1" slack="0"/>
<pin id="170" dir="1" index="1" bw="6" slack="0"/>
</pin_list>
<bind>
<opcode="alloca(26) " fcode="alloca"/>
<opset="m/1 "/>
</bind>
</comp>

<comp id="172" class="1004" name="first_ind_addr_gep_fu_172">
<pin_list>
<pin id="173" dir="0" index="0" bw="8" slack="0"/>
<pin id="174" dir="0" index="1" bw="1" slack="0"/>
<pin id="175" dir="0" index="2" bw="6" slack="0"/>
<pin id="176" dir="1" index="3" bw="6" slack="0"/>
</pin_list>
<bind>
<opcode="getelementptr(29) " fcode="getelementptr"/>
<opset="first_ind_addr/1 "/>
</bind>
</comp>

<comp id="179" class="1004" name="grp_access_fu_179">
<pin_list>
<pin id="180" dir="0" index="0" bw="6" slack="0"/>
<pin id="181" dir="0" index="1" bw="8" slack="2147483647"/>
<pin id="182" dir="0" index="2" bw="0" slack="2147483647"/>
<pin id="183" dir="1" index="3" bw="8" slack="0"/>
</pin_list>
<bind>
<opcode="load(27) " fcode="load"/>
<opset="first_ind_load/1 "/>
</bind>
</comp>

<comp id="185" class="1004" name="mel_filterbank_0_addr_gep_fu_185">
<pin_list>
<pin id="186" dir="0" index="0" bw="8" slack="0"/>
<pin id="187" dir="0" index="1" bw="1" slack="0"/>
<pin id="188" dir="0" index="2" bw="6" slack="0"/>
<pin id="189" dir="1" index="3" bw="6" slack="0"/>
</pin_list>
<bind>
<opcode="getelementptr(29) " fcode="getelementptr"/>
<opset="mel_filterbank_0_addr/1 "/>
</bind>
</comp>

<comp id="192" class="1004" name="grp_access_fu_192">
<pin_list>
<pin id="193" dir="0" index="0" bw="6" slack="0"/>
<pin id="194" dir="0" index="1" bw="8" slack="2147483647"/>
<pin id="195" dir="0" index="2" bw="0" slack="2147483647"/>
<pin id="196" dir="1" index="3" bw="8" slack="2"/>
</pin_list>
<bind>
<opcode="load(27) " fcode="load"/>
<opset="mel_filterbank_0_load/1 "/>
</bind>
</comp>

<comp id="198" class="1004" name="abs_spectrogram_addr_gep_fu_198">
<pin_list>
<pin id="199" dir="0" index="0" bw="16" slack="0"/>
<pin id="200" dir="0" index="1" bw="1" slack="0"/>
<pin id="201" dir="0" index="2" bw="8" slack="0"/>
<pin id="202" dir="1" index="3" bw="9" slack="0"/>
</pin_list>
<bind>
<opcode="getelementptr(29) " fcode="getelementptr"/>
<opset="abs_spectrogram_addr/2 "/>
</bind>
</comp>

<comp id="205" class="1004" name="grp_access_fu_205">
<pin_list>
<pin id="206" dir="0" index="0" bw="9" slack="0"/>
<pin id="207" dir="0" index="1" bw="16" slack="2147483647"/>
<pin id="208" dir="0" index="2" bw="0" slack="0"/>
<pin id="210" dir="0" index="4" bw="9" slack="2147483647"/>
<pin id="211" dir="0" index="5" bw="16" slack="0"/>
<pin id="212" dir="0" index="6" bw="0" slack="2147483647"/>
<pin id="214" dir="0" index="8" bw="9" slack="0"/>
<pin id="215" dir="0" index="9" bw="16" slack="2147483647"/>
<pin id="216" dir="0" index="10" bw="0" slack="0"/>
<pin id="218" dir="0" index="12" bw="9" slack="2147483647"/>
<pin id="219" dir="0" index="13" bw="16" slack="0"/>
<pin id="220" dir="0" index="14" bw="0" slack="2147483647"/>
<pin id="222" dir="0" index="16" bw="9" slack="0"/>
<pin id="223" dir="0" index="17" bw="16" slack="2147483647"/>
<pin id="224" dir="0" index="18" bw="0" slack="0"/>
<pin id="226" dir="0" index="20" bw="9" slack="2147483647"/>
<pin id="227" dir="0" index="21" bw="16" slack="0"/>
<pin id="228" dir="0" index="22" bw="0" slack="2147483647"/>
<pin id="230" dir="0" index="24" bw="9" slack="0"/>
<pin id="231" dir="0" index="25" bw="16" slack="2147483647"/>
<pin id="232" dir="0" index="26" bw="0" slack="0"/>
<pin id="234" dir="0" index="28" bw="9" slack="2147483647"/>
<pin id="235" dir="0" index="29" bw="16" slack="0"/>
<pin id="236" dir="0" index="30" bw="0" slack="2147483647"/>
<pin id="238" dir="0" index="32" bw="9" slack="0"/>
<pin id="239" dir="0" index="33" bw="16" slack="2147483647"/>
<pin id="240" dir="0" index="34" bw="0" slack="0"/>
<pin id="242" dir="0" index="36" bw="9" slack="2147483647"/>
<pin id="243" dir="0" index="37" bw="16" slack="0"/>
<pin id="244" dir="0" index="38" bw="0" slack="2147483647"/>
<pin id="246" dir="0" index="40" bw="9" slack="2147483647"/>
<pin id="247" dir="0" index="41" bw="16" slack="2147483647"/>
<pin id="248" dir="0" index="42" bw="0" slack="2147483647"/>
<pin id="250" dir="0" index="44" bw="9" slack="2147483647"/>
<pin id="251" dir="0" index="45" bw="16" slack="2147483647"/>
<pin id="252" dir="0" index="46" bw="0" slack="2147483647"/>
<pin id="254" dir="0" index="48" bw="9" slack="2147483647"/>
<pin id="255" dir="0" index="49" bw="16" slack="2147483647"/>
<pin id="256" dir="0" index="50" bw="0" slack="2147483647"/>
<pin id="258" dir="0" index="52" bw="9" slack="2147483647"/>
<pin id="259" dir="0" index="53" bw="16" slack="2147483647"/>
<pin id="260" dir="0" index="54" bw="0" slack="2147483647"/>
<pin id="262" dir="0" index="56" bw="9" slack="2147483647"/>
<pin id="263" dir="0" index="57" bw="16" slack="2147483647"/>
<pin id="264" dir="0" index="58" bw="0" slack="2147483647"/>
<pin id="209" dir="1" index="3" bw="16" slack="1"/>
<pin id="213" dir="1" index="7" bw="16" slack="1"/>
<pin id="217" dir="1" index="11" bw="16" slack="1"/>
<pin id="221" dir="1" index="15" bw="16" slack="1"/>
<pin id="225" dir="1" index="19" bw="16" slack="1"/>
<pin id="229" dir="1" index="23" bw="16" slack="1"/>
<pin id="233" dir="1" index="27" bw="16" slack="1"/>
<pin id="237" dir="1" index="31" bw="16" slack="1"/>
<pin id="241" dir="1" index="35" bw="16" slack="1"/>
<pin id="245" dir="1" index="39" bw="16" slack="1"/>
<pin id="249" dir="1" index="43" bw="16" slack="1"/>
<pin id="253" dir="1" index="47" bw="16" slack="1"/>
<pin id="257" dir="1" index="51" bw="16" slack="1"/>
<pin id="261" dir="1" index="55" bw="16" slack="1"/>
<pin id="265" dir="1" index="59" bw="16" slack="1"/>
</pin_list>
<bind>
<opcode="load(27) " fcode="load"/>
<opset="abs_spectrogram_load/2 abs_spectrogram_load_3/3 abs_spectrogram_load_4/3 abs_spectrogram_load_5/3 abs_spectrogram_load_6/3 abs_spectrogram_load_11/3 abs_spectrogram_load_12/3 abs_spectrogram_load_13/3 abs_spectrogram_load_14/3 abs_spectrogram_load_15/3 abs_spectrogram_load_16/3 abs_spectrogram_load_17/3 abs_spectrogram_load_26/3 abs_spectrogram_load_27/3 abs_spectrogram_load_28/3 abs_spectrogram_load_29/3 abs_spectrogram_load_1/4 abs_spectrogram_load_2/4 abs_spectrogram_load_7/4 abs_spectrogram_load_8/4 abs_spectrogram_load_9/4 abs_spectrogram_load_10/4 abs_spectrogram_load_18/4 abs_spectrogram_load_19/4 abs_spectrogram_load_20/4 abs_spectrogram_load_21/4 abs_spectrogram_load_22/4 abs_spectrogram_load_23/4 abs_spectrogram_load_24/4 abs_spectrogram_load_25/4 "/>
</bind>
</comp>

<comp id="267" class="1004" name="mel_filterbank_1_addr_gep_fu_267">
<pin_list>
<pin id="268" dir="0" index="0" bw="8" slack="0"/>
<pin id="269" dir="0" index="1" bw="1" slack="0"/>
<pin id="270" dir="0" index="2" bw="6" slack="2"/>
<pin id="271" dir="1" index="3" bw="6" slack="0"/>
</pin_list>
<bind>
<opcode="getelementptr(29) " fcode="getelementptr"/>
<opset="mel_filterbank_1_addr/3 "/>
</bind>
</comp>

<comp id="274" class="1004" name="grp_access_fu_274">
<pin_list>
<pin id="275" dir="0" index="0" bw="6" slack="0"/>
<pin id="276" dir="0" index="1" bw="8" slack="2147483647"/>
<pin id="277" dir="0" index="2" bw="0" slack="2147483647"/>
<pin id="278" dir="1" index="3" bw="8" slack="2"/>
</pin_list>
<bind>
<opcode="load(27) " fcode="load"/>
<opset="mel_filterbank_1_load/3 "/>
</bind>
</comp>

<comp id="280" class="1004" name="mel_filterbank_2_addr_gep_fu_280">
<pin_list>
<pin id="281" dir="0" index="0" bw="8" slack="0"/>
<pin id="282" dir="0" index="1" bw="1" slack="0"/>
<pin id="283" dir="0" index="2" bw="6" slack="2"/>
<pin id="284" dir="1" index="3" bw="6" slack="0"/>
</pin_list>
<bind>
<opcode="getelementptr(29) " fcode="getelementptr"/>
<opset="mel_filterbank_2_addr/3 "/>
</bind>
</comp>

<comp id="287" class="1004" name="grp_access_fu_287">
<pin_list>
<pin id="288" dir="0" index="0" bw="6" slack="0"/>
<pin id="289" dir="0" index="1" bw="8" slack="2147483647"/>
<pin id="290" dir="0" index="2" bw="0" slack="2147483647"/>
<pin id="291" dir="1" index="3" bw="8" slack="2"/>
</pin_list>
<bind>
<opcode="load(27) " fcode="load"/>
<opset="mel_filterbank_2_load/3 "/>
</bind>
</comp>

<comp id="293" class="1004" name="abs_spectrogram_addr_3_gep_fu_293">
<pin_list>
<pin id="294" dir="0" index="0" bw="16" slack="0"/>
<pin id="295" dir="0" index="1" bw="1" slack="0"/>
<pin id="296" dir="0" index="2" bw="9" slack="0"/>
<pin id="297" dir="1" index="3" bw="9" slack="0"/>
</pin_list>
<bind>
<opcode="getelementptr(29) " fcode="getelementptr"/>
<opset="abs_spectrogram_addr_3/3 "/>
</bind>
</comp>

<comp id="301" class="1004" name="mel_filterbank_3_addr_gep_fu_301">
<pin_list>
<pin id="302" dir="0" index="0" bw="8" slack="0"/>
<pin id="303" dir="0" index="1" bw="1" slack="0"/>
<pin id="304" dir="0" index="2" bw="6" slack="2"/>
<pin id="305" dir="1" index="3" bw="6" slack="0"/>
</pin_list>
<bind>
<opcode="getelementptr(29) " fcode="getelementptr"/>
<opset="mel_filterbank_3_addr/3 "/>
</bind>
</comp>

<comp id="308" class="1004" name="grp_access_fu_308">
<pin_list>
<pin id="309" dir="0" index="0" bw="6" slack="0"/>
<pin id="310" dir="0" index="1" bw="8" slack="2147483647"/>
<pin id="311" dir="0" index="2" bw="0" slack="2147483647"/>
<pin id="312" dir="1" index="3" bw="8" slack="1"/>
</pin_list>
<bind>
<opcode="load(27) " fcode="load"/>
<opset="mel_filterbank_3_load/3 "/>
</bind>
</comp>

<comp id="314" class="1004" name="abs_spectrogram_addr_4_gep_fu_314">
<pin_list>
<pin id="315" dir="0" index="0" bw="16" slack="0"/>
<pin id="316" dir="0" index="1" bw="1" slack="0"/>
<pin id="317" dir="0" index="2" bw="9" slack="0"/>
<pin id="318" dir="1" index="3" bw="9" slack="0"/>
</pin_list>
<bind>
<opcode="getelementptr(29) " fcode="getelementptr"/>
<opset="abs_spectrogram_addr_4/3 "/>
</bind>
</comp>

<comp id="322" class="1004" name="mel_filterbank_4_addr_gep_fu_322">
<pin_list>
<pin id="323" dir="0" index="0" bw="8" slack="0"/>
<pin id="324" dir="0" index="1" bw="1" slack="0"/>
<pin id="325" dir="0" index="2" bw="6" slack="2"/>
<pin id="326" dir="1" index="3" bw="6" slack="0"/>
</pin_list>
<bind>
<opcode="getelementptr(29) " fcode="getelementptr"/>
<opset="mel_filterbank_4_addr/3 "/>
</bind>
</comp>

<comp id="329" class="1004" name="grp_access_fu_329">
<pin_list>
<pin id="330" dir="0" index="0" bw="6" slack="0"/>
<pin id="331" dir="0" index="1" bw="8" slack="2147483647"/>
<pin id="332" dir="0" index="2" bw="0" slack="2147483647"/>
<pin id="333" dir="1" index="3" bw="8" slack="1"/>
</pin_list>
<bind>
<opcode="load(27) " fcode="load"/>
<opset="mel_filterbank_4_load/3 "/>
</bind>
</comp>

<comp id="335" class="1004" name="abs_spectrogram_addr_5_gep_fu_335">
<pin_list>
<pin id="336" dir="0" index="0" bw="16" slack="0"/>
<pin id="337" dir="0" index="1" bw="1" slack="0"/>
<pin id="338" dir="0" index="2" bw="9" slack="0"/>
<pin id="339" dir="1" index="3" bw="9" slack="0"/>
</pin_list>
<bind>
<opcode="getelementptr(29) " fcode="getelementptr"/>
<opset="abs_spectrogram_addr_5/3 "/>
</bind>
</comp>

<comp id="343" class="1004" name="mel_filterbank_5_addr_gep_fu_343">
<pin_list>
<pin id="344" dir="0" index="0" bw="8" slack="0"/>
<pin id="345" dir="0" index="1" bw="1" slack="0"/>
<pin id="346" dir="0" index="2" bw="6" slack="2"/>
<pin id="347" dir="1" index="3" bw="6" slack="0"/>
</pin_list>
<bind>
<opcode="getelementptr(29) " fcode="getelementptr"/>
<opset="mel_filterbank_5_addr/3 "/>
</bind>
</comp>

<comp id="350" class="1004" name="grp_access_fu_350">
<pin_list>
<pin id="351" dir="0" index="0" bw="6" slack="0"/>
<pin id="352" dir="0" index="1" bw="8" slack="2147483647"/>
<pin id="353" dir="0" index="2" bw="0" slack="2147483647"/>
<pin id="354" dir="1" index="3" bw="8" slack="1"/>
</pin_list>
<bind>
<opcode="load(27) " fcode="load"/>
<opset="mel_filterbank_5_load/3 "/>
</bind>
</comp>

<comp id="356" class="1004" name="abs_spectrogram_addr_6_gep_fu_356">
<pin_list>
<pin id="357" dir="0" index="0" bw="16" slack="0"/>
<pin id="358" dir="0" index="1" bw="1" slack="0"/>
<pin id="359" dir="0" index="2" bw="9" slack="0"/>
<pin id="360" dir="1" index="3" bw="9" slack="0"/>
</pin_list>
<bind>
<opcode="getelementptr(29) " fcode="getelementptr"/>
<opset="abs_spectrogram_addr_6/3 "/>
</bind>
</comp>

<comp id="364" class="1004" name="mel_filterbank_6_addr_gep_fu_364">
<pin_list>
<pin id="365" dir="0" index="0" bw="8" slack="0"/>
<pin id="366" dir="0" index="1" bw="1" slack="0"/>
<pin id="367" dir="0" index="2" bw="6" slack="2"/>
<pin id="368" dir="1" index="3" bw="6" slack="0"/>
</pin_list>
<bind>
<opcode="getelementptr(29) " fcode="getelementptr"/>
<opset="mel_filterbank_6_addr/3 "/>
</bind>
</comp>

<comp id="371" class="1004" name="grp_access_fu_371">
<pin_list>
<pin id="372" dir="0" index="0" bw="6" slack="0"/>
<pin id="373" dir="0" index="1" bw="8" slack="2147483647"/>
<pin id="374" dir="0" index="2" bw="0" slack="2147483647"/>
<pin id="375" dir="1" index="3" bw="8" slack="1"/>
</pin_list>
<bind>
<opcode="load(27) " fcode="load"/>
<opset="mel_filterbank_6_load/3 "/>
</bind>
</comp>

<comp id="377" class="1004" name="mel_filterbank_7_addr_gep_fu_377">
<pin_list>
<pin id="378" dir="0" index="0" bw="8" slack="0"/>
<pin id="379" dir="0" index="1" bw="1" slack="0"/>
<pin id="380" dir="0" index="2" bw="6" slack="2"/>
<pin id="381" dir="1" index="3" bw="6" slack="0"/>
</pin_list>
<bind>
<opcode="getelementptr(29) " fcode="getelementptr"/>
<opset="mel_filterbank_7_addr/3 "/>
</bind>
</comp>

<comp id="384" class="1004" name="grp_access_fu_384">
<pin_list>
<pin id="385" dir="0" index="0" bw="6" slack="0"/>
<pin id="386" dir="0" index="1" bw="8" slack="2147483647"/>
<pin id="387" dir="0" index="2" bw="0" slack="2147483647"/>
<pin id="388" dir="1" index="3" bw="8" slack="2"/>
</pin_list>
<bind>
<opcode="load(27) " fcode="load"/>
<opset="mel_filterbank_7_load/3 "/>
</bind>
</comp>

<comp id="390" class="1004" name="mel_filterbank_8_addr_gep_fu_390">
<pin_list>
<pin id="391" dir="0" index="0" bw="8" slack="0"/>
<pin id="392" dir="0" index="1" bw="1" slack="0"/>
<pin id="393" dir="0" index="2" bw="6" slack="2"/>
<pin id="394" dir="1" index="3" bw="6" slack="0"/>
</pin_list>
<bind>
<opcode="getelementptr(29) " fcode="getelementptr"/>
<opset="mel_filterbank_8_addr/3 "/>
</bind>
</comp>

<comp id="397" class="1004" name="grp_access_fu_397">
<pin_list>
<pin id="398" dir="0" index="0" bw="6" slack="0"/>
<pin id="399" dir="0" index="1" bw="8" slack="2147483647"/>
<pin id="400" dir="0" index="2" bw="0" slack="2147483647"/>
<pin id="401" dir="1" index="3" bw="8" slack="2"/>
</pin_list>
<bind>
<opcode="load(27) " fcode="load"/>
<opset="mel_filterbank_8_load/3 "/>
</bind>
</comp>

<comp id="403" class="1004" name="mel_filterbank_9_addr_gep_fu_403">
<pin_list>
<pin id="404" dir="0" index="0" bw="8" slack="0"/>
<pin id="405" dir="0" index="1" bw="1" slack="0"/>
<pin id="406" dir="0" index="2" bw="6" slack="2"/>
<pin id="407" dir="1" index="3" bw="6" slack="0"/>
</pin_list>
<bind>
<opcode="getelementptr(29) " fcode="getelementptr"/>
<opset="mel_filterbank_9_addr/3 "/>
</bind>
</comp>

<comp id="410" class="1004" name="grp_access_fu_410">
<pin_list>
<pin id="411" dir="0" index="0" bw="6" slack="0"/>
<pin id="412" dir="0" index="1" bw="8" slack="2147483647"/>
<pin id="413" dir="0" index="2" bw="0" slack="2147483647"/>
<pin id="414" dir="1" index="3" bw="8" slack="2"/>
</pin_list>
<bind>
<opcode="load(27) " fcode="load"/>
<opset="mel_filterbank_9_load/3 "/>
</bind>
</comp>

<comp id="416" class="1004" name="mel_filterbank_10_addr_gep_fu_416">
<pin_list>
<pin id="417" dir="0" index="0" bw="8" slack="0"/>
<pin id="418" dir="0" index="1" bw="1" slack="0"/>
<pin id="419" dir="0" index="2" bw="6" slack="2"/>
<pin id="420" dir="1" index="3" bw="6" slack="0"/>
</pin_list>
<bind>
<opcode="getelementptr(29) " fcode="getelementptr"/>
<opset="mel_filterbank_10_addr/3 "/>
</bind>
</comp>

<comp id="423" class="1004" name="grp_access_fu_423">
<pin_list>
<pin id="424" dir="0" index="0" bw="6" slack="0"/>
<pin id="425" dir="0" index="1" bw="8" slack="2147483647"/>
<pin id="426" dir="0" index="2" bw="0" slack="2147483647"/>
<pin id="427" dir="1" index="3" bw="8" slack="2"/>
</pin_list>
<bind>
<opcode="load(27) " fcode="load"/>
<opset="mel_filterbank_10_load/3 "/>
</bind>
</comp>

<comp id="429" class="1004" name="abs_spectrogram_addr_11_gep_fu_429">
<pin_list>
<pin id="430" dir="0" index="0" bw="16" slack="0"/>
<pin id="431" dir="0" index="1" bw="1" slack="0"/>
<pin id="432" dir="0" index="2" bw="9" slack="0"/>
<pin id="433" dir="1" index="3" bw="9" slack="0"/>
</pin_list>
<bind>
<opcode="getelementptr(29) " fcode="getelementptr"/>
<opset="abs_spectrogram_addr_11/3 "/>
</bind>
</comp>

<comp id="437" class="1004" name="mel_filterbank_11_addr_gep_fu_437">
<pin_list>
<pin id="438" dir="0" index="0" bw="8" slack="0"/>
<pin id="439" dir="0" index="1" bw="1" slack="0"/>
<pin id="440" dir="0" index="2" bw="6" slack="2"/>
<pin id="441" dir="1" index="3" bw="6" slack="0"/>
</pin_list>
<bind>
<opcode="getelementptr(29) " fcode="getelementptr"/>
<opset="mel_filterbank_11_addr/3 "/>
</bind>
</comp>

<comp id="444" class="1004" name="grp_access_fu_444">
<pin_list>
<pin id="445" dir="0" index="0" bw="6" slack="0"/>
<pin id="446" dir="0" index="1" bw="8" slack="2147483647"/>
<pin id="447" dir="0" index="2" bw="0" slack="2147483647"/>
<pin id="448" dir="1" index="3" bw="8" slack="1"/>
</pin_list>
<bind>
<opcode="load(27) " fcode="load"/>
<opset="mel_filterbank_11_load/3 "/>
</bind>
</comp>

<comp id="450" class="1004" name="abs_spectrogram_addr_12_gep_fu_450">
<pin_list>
<pin id="451" dir="0" index="0" bw="16" slack="0"/>
<pin id="452" dir="0" index="1" bw="1" slack="0"/>
<pin id="453" dir="0" index="2" bw="9" slack="0"/>
<pin id="454" dir="1" index="3" bw="9" slack="0"/>
</pin_list>
<bind>
<opcode="getelementptr(29) " fcode="getelementptr"/>
<opset="abs_spectrogram_addr_12/3 "/>
</bind>
</comp>

<comp id="458" class="1004" name="mel_filterbank_12_addr_gep_fu_458">
<pin_list>
<pin id="459" dir="0" index="0" bw="8" slack="0"/>
<pin id="460" dir="0" index="1" bw="1" slack="0"/>
<pin id="461" dir="0" index="2" bw="6" slack="2"/>
<pin id="462" dir="1" index="3" bw="6" slack="0"/>
</pin_list>
<bind>
<opcode="getelementptr(29) " fcode="getelementptr"/>
<opset="mel_filterbank_12_addr/3 "/>
</bind>
</comp>

<comp id="465" class="1004" name="grp_access_fu_465">
<pin_list>
<pin id="466" dir="0" index="0" bw="6" slack="0"/>
<pin id="467" dir="0" index="1" bw="8" slack="2147483647"/>
<pin id="468" dir="0" index="2" bw="0" slack="2147483647"/>
<pin id="469" dir="1" index="3" bw="8" slack="1"/>
</pin_list>
<bind>
<opcode="load(27) " fcode="load"/>
<opset="mel_filterbank_12_load/3 "/>
</bind>
</comp>

<comp id="471" class="1004" name="abs_spectrogram_addr_13_gep_fu_471">
<pin_list>
<pin id="472" dir="0" index="0" bw="16" slack="0"/>
<pin id="473" dir="0" index="1" bw="1" slack="0"/>
<pin id="474" dir="0" index="2" bw="9" slack="0"/>
<pin id="475" dir="1" index="3" bw="9" slack="0"/>
</pin_list>
<bind>
<opcode="getelementptr(29) " fcode="getelementptr"/>
<opset="abs_spectrogram_addr_13/3 "/>
</bind>
</comp>

<comp id="479" class="1004" name="mel_filterbank_13_addr_gep_fu_479">
<pin_list>
<pin id="480" dir="0" index="0" bw="8" slack="0"/>
<pin id="481" dir="0" index="1" bw="1" slack="0"/>
<pin id="482" dir="0" index="2" bw="6" slack="2"/>
<pin id="483" dir="1" index="3" bw="6" slack="0"/>
</pin_list>
<bind>
<opcode="getelementptr(29) " fcode="getelementptr"/>
<opset="mel_filterbank_13_addr/3 "/>
</bind>
</comp>

<comp id="486" class="1004" name="grp_access_fu_486">
<pin_list>
<pin id="487" dir="0" index="0" bw="6" slack="0"/>
<pin id="488" dir="0" index="1" bw="8" slack="2147483647"/>
<pin id="489" dir="0" index="2" bw="0" slack="2147483647"/>
<pin id="490" dir="1" index="3" bw="8" slack="1"/>
</pin_list>
<bind>
<opcode="load(27) " fcode="load"/>
<opset="mel_filterbank_13_load/3 "/>
</bind>
</comp>

<comp id="492" class="1004" name="abs_spectrogram_addr_14_gep_fu_492">
<pin_list>
<pin id="493" dir="0" index="0" bw="16" slack="0"/>
<pin id="494" dir="0" index="1" bw="1" slack="0"/>
<pin id="495" dir="0" index="2" bw="9" slack="0"/>
<pin id="496" dir="1" index="3" bw="9" slack="0"/>
</pin_list>
<bind>
<opcode="getelementptr(29) " fcode="getelementptr"/>
<opset="abs_spectrogram_addr_14/3 "/>
</bind>
</comp>

<comp id="500" class="1004" name="mel_filterbank_14_addr_gep_fu_500">
<pin_list>
<pin id="501" dir="0" index="0" bw="8" slack="0"/>
<pin id="502" dir="0" index="1" bw="1" slack="0"/>
<pin id="503" dir="0" index="2" bw="6" slack="2"/>
<pin id="504" dir="1" index="3" bw="6" slack="0"/>
</pin_list>
<bind>
<opcode="getelementptr(29) " fcode="getelementptr"/>
<opset="mel_filterbank_14_addr/3 "/>
</bind>
</comp>

<comp id="507" class="1004" name="grp_access_fu_507">
<pin_list>
<pin id="508" dir="0" index="0" bw="6" slack="0"/>
<pin id="509" dir="0" index="1" bw="8" slack="2147483647"/>
<pin id="510" dir="0" index="2" bw="0" slack="2147483647"/>
<pin id="511" dir="1" index="3" bw="8" slack="1"/>
</pin_list>
<bind>
<opcode="load(27) " fcode="load"/>
<opset="mel_filterbank_14_load/3 "/>
</bind>
</comp>

<comp id="513" class="1004" name="abs_spectrogram_addr_15_gep_fu_513">
<pin_list>
<pin id="514" dir="0" index="0" bw="16" slack="0"/>
<pin id="515" dir="0" index="1" bw="1" slack="0"/>
<pin id="516" dir="0" index="2" bw="9" slack="0"/>
<pin id="517" dir="1" index="3" bw="9" slack="0"/>
</pin_list>
<bind>
<opcode="getelementptr(29) " fcode="getelementptr"/>
<opset="abs_spectrogram_addr_15/3 "/>
</bind>
</comp>

<comp id="521" class="1004" name="mel_filterbank_15_addr_gep_fu_521">
<pin_list>
<pin id="522" dir="0" index="0" bw="8" slack="0"/>
<pin id="523" dir="0" index="1" bw="1" slack="0"/>
<pin id="524" dir="0" index="2" bw="6" slack="2"/>
<pin id="525" dir="1" index="3" bw="6" slack="0"/>
</pin_list>
<bind>
<opcode="getelementptr(29) " fcode="getelementptr"/>
<opset="mel_filterbank_15_addr/3 "/>
</bind>
</comp>

<comp id="528" class="1004" name="grp_access_fu_528">
<pin_list>
<pin id="529" dir="0" index="0" bw="6" slack="0"/>
<pin id="530" dir="0" index="1" bw="8" slack="2147483647"/>
<pin id="531" dir="0" index="2" bw="0" slack="2147483647"/>
<pin id="532" dir="1" index="3" bw="8" slack="1"/>
</pin_list>
<bind>
<opcode="load(27) " fcode="load"/>
<opset="mel_filterbank_15_load/3 "/>
</bind>
</comp>

<comp id="534" class="1004" name="abs_spectrogram_addr_16_gep_fu_534">
<pin_list>
<pin id="535" dir="0" index="0" bw="16" slack="0"/>
<pin id="536" dir="0" index="1" bw="1" slack="0"/>
<pin id="537" dir="0" index="2" bw="9" slack="0"/>
<pin id="538" dir="1" index="3" bw="9" slack="0"/>
</pin_list>
<bind>
<opcode="getelementptr(29) " fcode="getelementptr"/>
<opset="abs_spectrogram_addr_16/3 "/>
</bind>
</comp>

<comp id="542" class="1004" name="mel_filterbank_16_addr_gep_fu_542">
<pin_list>
<pin id="543" dir="0" index="0" bw="8" slack="0"/>
<pin id="544" dir="0" index="1" bw="1" slack="0"/>
<pin id="545" dir="0" index="2" bw="6" slack="2"/>
<pin id="546" dir="1" index="3" bw="6" slack="0"/>
</pin_list>
<bind>
<opcode="getelementptr(29) " fcode="getelementptr"/>
<opset="mel_filterbank_16_addr/3 "/>
</bind>
</comp>

<comp id="549" class="1004" name="grp_access_fu_549">
<pin_list>
<pin id="550" dir="0" index="0" bw="6" slack="0"/>
<pin id="551" dir="0" index="1" bw="8" slack="2147483647"/>
<pin id="552" dir="0" index="2" bw="0" slack="2147483647"/>
<pin id="553" dir="1" index="3" bw="8" slack="1"/>
</pin_list>
<bind>
<opcode="load(27) " fcode="load"/>
<opset="mel_filterbank_16_load/3 "/>
</bind>
</comp>

<comp id="555" class="1004" name="abs_spectrogram_addr_17_gep_fu_555">
<pin_list>
<pin id="556" dir="0" index="0" bw="16" slack="0"/>
<pin id="557" dir="0" index="1" bw="1" slack="0"/>
<pin id="558" dir="0" index="2" bw="9" slack="0"/>
<pin id="559" dir="1" index="3" bw="9" slack="0"/>
</pin_list>
<bind>
<opcode="getelementptr(29) " fcode="getelementptr"/>
<opset="abs_spectrogram_addr_17/3 "/>
</bind>
</comp>

<comp id="563" class="1004" name="mel_filterbank_17_addr_gep_fu_563">
<pin_list>
<pin id="564" dir="0" index="0" bw="8" slack="0"/>
<pin id="565" dir="0" index="1" bw="1" slack="0"/>
<pin id="566" dir="0" index="2" bw="6" slack="2"/>
<pin id="567" dir="1" index="3" bw="6" slack="0"/>
</pin_list>
<bind>
<opcode="getelementptr(29) " fcode="getelementptr"/>
<opset="mel_filterbank_17_addr/3 "/>
</bind>
</comp>

<comp id="570" class="1004" name="grp_access_fu_570">
<pin_list>
<pin id="571" dir="0" index="0" bw="6" slack="0"/>
<pin id="572" dir="0" index="1" bw="8" slack="2147483647"/>
<pin id="573" dir="0" index="2" bw="0" slack="2147483647"/>
<pin id="574" dir="1" index="3" bw="8" slack="1"/>
</pin_list>
<bind>
<opcode="load(27) " fcode="load"/>
<opset="mel_filterbank_17_load/3 "/>
</bind>
</comp>

<comp id="576" class="1004" name="mel_filterbank_18_addr_gep_fu_576">
<pin_list>
<pin id="577" dir="0" index="0" bw="8" slack="0"/>
<pin id="578" dir="0" index="1" bw="1" slack="0"/>
<pin id="579" dir="0" index="2" bw="6" slack="2"/>
<pin id="580" dir="1" index="3" bw="6" slack="0"/>
</pin_list>
<bind>
<opcode="getelementptr(29) " fcode="getelementptr"/>
<opset="mel_filterbank_18_addr/3 "/>
</bind>
</comp>

<comp id="583" class="1004" name="grp_access_fu_583">
<pin_list>
<pin id="584" dir="0" index="0" bw="6" slack="0"/>
<pin id="585" dir="0" index="1" bw="8" slack="2147483647"/>
<pin id="586" dir="0" index="2" bw="0" slack="2147483647"/>
<pin id="587" dir="1" index="3" bw="8" slack="2"/>
</pin_list>
<bind>
<opcode="load(27) " fcode="load"/>
<opset="mel_filterbank_18_load/3 "/>
</bind>
</comp>

<comp id="589" class="1004" name="mel_filterbank_19_addr_gep_fu_589">
<pin_list>
<pin id="590" dir="0" index="0" bw="8" slack="0"/>
<pin id="591" dir="0" index="1" bw="1" slack="0"/>
<pin id="592" dir="0" index="2" bw="6" slack="2"/>
<pin id="593" dir="1" index="3" bw="6" slack="0"/>
</pin_list>
<bind>
<opcode="getelementptr(29) " fcode="getelementptr"/>
<opset="mel_filterbank_19_addr/3 "/>
</bind>
</comp>

<comp id="596" class="1004" name="grp_access_fu_596">
<pin_list>
<pin id="597" dir="0" index="0" bw="6" slack="0"/>
<pin id="598" dir="0" index="1" bw="8" slack="2147483647"/>
<pin id="599" dir="0" index="2" bw="0" slack="2147483647"/>
<pin id="600" dir="1" index="3" bw="8" slack="2"/>
</pin_list>
<bind>
<opcode="load(27) " fcode="load"/>
<opset="mel_filterbank_19_load/3 "/>
</bind>
</comp>

<comp id="602" class="1004" name="mel_filterbank_20_addr_gep_fu_602">
<pin_list>
<pin id="603" dir="0" index="0" bw="8" slack="0"/>
<pin id="604" dir="0" index="1" bw="1" slack="0"/>
<pin id="605" dir="0" index="2" bw="6" slack="2"/>
<pin id="606" dir="1" index="3" bw="6" slack="0"/>
</pin_list>
<bind>
<opcode="getelementptr(29) " fcode="getelementptr"/>
<opset="mel_filterbank_20_addr/3 "/>
</bind>
</comp>

<comp id="609" class="1004" name="grp_access_fu_609">
<pin_list>
<pin id="610" dir="0" index="0" bw="6" slack="0"/>
<pin id="611" dir="0" index="1" bw="8" slack="2147483647"/>
<pin id="612" dir="0" index="2" bw="0" slack="2147483647"/>
<pin id="613" dir="1" index="3" bw="8" slack="2"/>
</pin_list>
<bind>
<opcode="load(27) " fcode="load"/>
<opset="mel_filterbank_20_load/3 "/>
</bind>
</comp>

<comp id="615" class="1004" name="mel_filterbank_21_addr_gep_fu_615">
<pin_list>
<pin id="616" dir="0" index="0" bw="8" slack="0"/>
<pin id="617" dir="0" index="1" bw="1" slack="0"/>
<pin id="618" dir="0" index="2" bw="6" slack="2"/>
<pin id="619" dir="1" index="3" bw="6" slack="0"/>
</pin_list>
<bind>
<opcode="getelementptr(29) " fcode="getelementptr"/>
<opset="mel_filterbank_21_addr/3 "/>
</bind>
</comp>

<comp id="622" class="1004" name="grp_access_fu_622">
<pin_list>
<pin id="623" dir="0" index="0" bw="6" slack="0"/>
<pin id="624" dir="0" index="1" bw="8" slack="2147483647"/>
<pin id="625" dir="0" index="2" bw="0" slack="2147483647"/>
<pin id="626" dir="1" index="3" bw="8" slack="2"/>
</pin_list>
<bind>
<opcode="load(27) " fcode="load"/>
<opset="mel_filterbank_21_load/3 "/>
</bind>
</comp>

<comp id="628" class="1004" name="mel_filterbank_22_addr_gep_fu_628">
<pin_list>
<pin id="629" dir="0" index="0" bw="8" slack="0"/>
<pin id="630" dir="0" index="1" bw="1" slack="0"/>
<pin id="631" dir="0" index="2" bw="6" slack="2"/>
<pin id="632" dir="1" index="3" bw="6" slack="0"/>
</pin_list>
<bind>
<opcode="getelementptr(29) " fcode="getelementptr"/>
<opset="mel_filterbank_22_addr/3 "/>
</bind>
</comp>

<comp id="635" class="1004" name="grp_access_fu_635">
<pin_list>
<pin id="636" dir="0" index="0" bw="6" slack="0"/>
<pin id="637" dir="0" index="1" bw="8" slack="2147483647"/>
<pin id="638" dir="0" index="2" bw="0" slack="2147483647"/>
<pin id="639" dir="1" index="3" bw="8" slack="2"/>
</pin_list>
<bind>
<opcode="load(27) " fcode="load"/>
<opset="mel_filterbank_22_load/3 "/>
</bind>
</comp>

<comp id="641" class="1004" name="mel_filterbank_23_addr_gep_fu_641">
<pin_list>
<pin id="642" dir="0" index="0" bw="7" slack="0"/>
<pin id="643" dir="0" index="1" bw="1" slack="0"/>
<pin id="644" dir="0" index="2" bw="6" slack="2"/>
<pin id="645" dir="1" index="3" bw="6" slack="0"/>
</pin_list>
<bind>
<opcode="getelementptr(29) " fcode="getelementptr"/>
<opset="mel_filterbank_23_addr/3 "/>
</bind>
</comp>

<comp id="648" class="1004" name="grp_access_fu_648">
<pin_list>
<pin id="649" dir="0" index="0" bw="6" slack="0"/>
<pin id="650" dir="0" index="1" bw="7" slack="2147483647"/>
<pin id="651" dir="0" index="2" bw="0" slack="2147483647"/>
<pin id="652" dir="1" index="3" bw="7" slack="2"/>
</pin_list>
<bind>
<opcode="load(27) " fcode="load"/>
<opset="mel_filterbank_23_load/3 "/>
</bind>
</comp>

<comp id="654" class="1004" name="mel_filterbank_24_addr_gep_fu_654">
<pin_list>
<pin id="655" dir="0" index="0" bw="7" slack="0"/>
<pin id="656" dir="0" index="1" bw="1" slack="0"/>
<pin id="657" dir="0" index="2" bw="6" slack="2"/>
<pin id="658" dir="1" index="3" bw="6" slack="0"/>
</pin_list>
<bind>
<opcode="getelementptr(29) " fcode="getelementptr"/>
<opset="mel_filterbank_24_addr/3 "/>
</bind>
</comp>

<comp id="661" class="1004" name="grp_access_fu_661">
<pin_list>
<pin id="662" dir="0" index="0" bw="6" slack="0"/>
<pin id="663" dir="0" index="1" bw="7" slack="2147483647"/>
<pin id="664" dir="0" index="2" bw="0" slack="2147483647"/>
<pin id="665" dir="1" index="3" bw="7" slack="2"/>
</pin_list>
<bind>
<opcode="load(27) " fcode="load"/>
<opset="mel_filterbank_24_load/3 "/>
</bind>
</comp>

<comp id="667" class="1004" name="mel_filterbank_25_addr_gep_fu_667">
<pin_list>
<pin id="668" dir="0" index="0" bw="7" slack="0"/>
<pin id="669" dir="0" index="1" bw="1" slack="0"/>
<pin id="670" dir="0" index="2" bw="6" slack="2"/>
<pin id="671" dir="1" index="3" bw="6" slack="0"/>
</pin_list>
<bind>
<opcode="getelementptr(29) " fcode="getelementptr"/>
<opset="mel_filterbank_25_addr/3 "/>
</bind>
</comp>

<comp id="674" class="1004" name="grp_access_fu_674">
<pin_list>
<pin id="675" dir="0" index="0" bw="6" slack="0"/>
<pin id="676" dir="0" index="1" bw="7" slack="2147483647"/>
<pin id="677" dir="0" index="2" bw="0" slack="2147483647"/>
<pin id="678" dir="1" index="3" bw="7" slack="2"/>
</pin_list>
<bind>
<opcode="load(27) " fcode="load"/>
<opset="mel_filterbank_25_load/3 "/>
</bind>
</comp>

<comp id="680" class="1004" name="abs_spectrogram_addr_26_gep_fu_680">
<pin_list>
<pin id="681" dir="0" index="0" bw="16" slack="0"/>
<pin id="682" dir="0" index="1" bw="1" slack="0"/>
<pin id="683" dir="0" index="2" bw="9" slack="0"/>
<pin id="684" dir="1" index="3" bw="9" slack="0"/>
</pin_list>
<bind>
<opcode="getelementptr(29) " fcode="getelementptr"/>
<opset="abs_spectrogram_addr_26/3 "/>
</bind>
</comp>

<comp id="688" class="1004" name="mel_filterbank_26_addr_gep_fu_688">
<pin_list>
<pin id="689" dir="0" index="0" bw="7" slack="0"/>
<pin id="690" dir="0" index="1" bw="1" slack="0"/>
<pin id="691" dir="0" index="2" bw="6" slack="2"/>
<pin id="692" dir="1" index="3" bw="6" slack="0"/>
</pin_list>
<bind>
<opcode="getelementptr(29) " fcode="getelementptr"/>
<opset="mel_filterbank_26_addr/3 "/>
</bind>
</comp>

<comp id="695" class="1004" name="grp_access_fu_695">
<pin_list>
<pin id="696" dir="0" index="0" bw="6" slack="0"/>
<pin id="697" dir="0" index="1" bw="7" slack="2147483647"/>
<pin id="698" dir="0" index="2" bw="0" slack="2147483647"/>
<pin id="699" dir="1" index="3" bw="7" slack="1"/>
</pin_list>
<bind>
<opcode="load(27) " fcode="load"/>
<opset="mel_filterbank_26_load/3 "/>
</bind>
</comp>

<comp id="701" class="1004" name="abs_spectrogram_addr_27_gep_fu_701">
<pin_list>
<pin id="702" dir="0" index="0" bw="16" slack="0"/>
<pin id="703" dir="0" index="1" bw="1" slack="0"/>
<pin id="704" dir="0" index="2" bw="9" slack="0"/>
<pin id="705" dir="1" index="3" bw="9" slack="0"/>
</pin_list>
<bind>
<opcode="getelementptr(29) " fcode="getelementptr"/>
<opset="abs_spectrogram_addr_27/3 "/>
</bind>
</comp>

<comp id="709" class="1004" name="mel_filterbank_27_addr_gep_fu_709">
<pin_list>
<pin id="710" dir="0" index="0" bw="6" slack="0"/>
<pin id="711" dir="0" index="1" bw="1" slack="0"/>
<pin id="712" dir="0" index="2" bw="6" slack="2"/>
<pin id="713" dir="1" index="3" bw="6" slack="0"/>
</pin_list>
<bind>
<opcode="getelementptr(29) " fcode="getelementptr"/>
<opset="mel_filterbank_27_addr/3 "/>
</bind>
</comp>

<comp id="716" class="1004" name="grp_access_fu_716">
<pin_list>
<pin id="717" dir="0" index="0" bw="6" slack="0"/>
<pin id="718" dir="0" index="1" bw="6" slack="2147483647"/>
<pin id="719" dir="0" index="2" bw="0" slack="2147483647"/>
<pin id="720" dir="1" index="3" bw="6" slack="1"/>
</pin_list>
<bind>
<opcode="load(27) " fcode="load"/>
<opset="mel_filterbank_27_load/3 "/>
</bind>
</comp>

<comp id="722" class="1004" name="abs_spectrogram_addr_28_gep_fu_722">
<pin_list>
<pin id="723" dir="0" index="0" bw="16" slack="0"/>
<pin id="724" dir="0" index="1" bw="1" slack="0"/>
<pin id="725" dir="0" index="2" bw="9" slack="0"/>
<pin id="726" dir="1" index="3" bw="9" slack="0"/>
</pin_list>
<bind>
<opcode="getelementptr(29) " fcode="getelementptr"/>
<opset="abs_spectrogram_addr_28/3 "/>
</bind>
</comp>

<comp id="730" class="1004" name="mel_filterbank_28_addr_gep_fu_730">
<pin_list>
<pin id="731" dir="0" index="0" bw="6" slack="0"/>
<pin id="732" dir="0" index="1" bw="1" slack="0"/>
<pin id="733" dir="0" index="2" bw="6" slack="2"/>
<pin id="734" dir="1" index="3" bw="6" slack="0"/>
</pin_list>
<bind>
<opcode="getelementptr(29) " fcode="getelementptr"/>
<opset="mel_filterbank_28_addr/3 "/>
</bind>
</comp>

<comp id="737" class="1004" name="grp_access_fu_737">
<pin_list>
<pin id="738" dir="0" index="0" bw="6" slack="0"/>
<pin id="739" dir="0" index="1" bw="6" slack="2147483647"/>
<pin id="740" dir="0" index="2" bw="0" slack="2147483647"/>
<pin id="741" dir="1" index="3" bw="6" slack="1"/>
</pin_list>
<bind>
<opcode="load(27) " fcode="load"/>
<opset="mel_filterbank_28_load/3 "/>
</bind>
</comp>

<comp id="743" class="1004" name="abs_spectrogram_addr_29_gep_fu_743">
<pin_list>
<pin id="744" dir="0" index="0" bw="16" slack="0"/>
<pin id="745" dir="0" index="1" bw="1" slack="0"/>
<pin id="746" dir="0" index="2" bw="9" slack="0"/>
<pin id="747" dir="1" index="3" bw="9" slack="0"/>
</pin_list>
<bind>
<opcode="getelementptr(29) " fcode="getelementptr"/>
<opset="abs_spectrogram_addr_29/3 "/>
</bind>
</comp>

<comp id="751" class="1004" name="mel_filterbank_29_addr_gep_fu_751">
<pin_list>
<pin id="752" dir="0" index="0" bw="5" slack="0"/>
<pin id="753" dir="0" index="1" bw="1" slack="0"/>
<pin id="754" dir="0" index="2" bw="6" slack="2"/>
<pin id="755" dir="1" index="3" bw="6" slack="0"/>
</pin_list>
<bind>
<opcode="getelementptr(29) " fcode="getelementptr"/>
<opset="mel_filterbank_29_addr/3 "/>
</bind>
</comp>

<comp id="758" class="1004" name="grp_access_fu_758">
<pin_list>
<pin id="759" dir="0" index="0" bw="6" slack="0"/>
<pin id="760" dir="0" index="1" bw="5" slack="2147483647"/>
<pin id="761" dir="0" index="2" bw="0" slack="2147483647"/>
<pin id="762" dir="1" index="3" bw="5" slack="1"/>
</pin_list>
<bind>
<opcode="load(27) " fcode="load"/>
<opset="mel_filterbank_29_load/3 "/>
</bind>
</comp>

<comp id="764" class="1004" name="abs_spectrogram_addr_1_gep_fu_764">
<pin_list>
<pin id="765" dir="0" index="0" bw="16" slack="0"/>
<pin id="766" dir="0" index="1" bw="1" slack="0"/>
<pin id="767" dir="0" index="2" bw="9" slack="0"/>
<pin id="768" dir="1" index="3" bw="9" slack="0"/>
</pin_list>
<bind>
<opcode="getelementptr(29) " fcode="getelementptr"/>
<opset="abs_spectrogram_addr_1/4 "/>
</bind>
</comp>

<comp id="772" class="1004" name="abs_spectrogram_addr_2_gep_fu_772">
<pin_list>
<pin id="773" dir="0" index="0" bw="16" slack="0"/>
<pin id="774" dir="0" index="1" bw="1" slack="0"/>
<pin id="775" dir="0" index="2" bw="9" slack="0"/>
<pin id="776" dir="1" index="3" bw="9" slack="0"/>
</pin_list>
<bind>
<opcode="getelementptr(29) " fcode="getelementptr"/>
<opset="abs_spectrogram_addr_2/4 "/>
</bind>
</comp>

<comp id="780" class="1004" name="abs_spectrogram_addr_7_gep_fu_780">
<pin_list>
<pin id="781" dir="0" index="0" bw="16" slack="0"/>
<pin id="782" dir="0" index="1" bw="1" slack="0"/>
<pin id="783" dir="0" index="2" bw="9" slack="0"/>
<pin id="784" dir="1" index="3" bw="9" slack="0"/>
</pin_list>
<bind>
<opcode="getelementptr(29) " fcode="getelementptr"/>
<opset="abs_spectrogram_addr_7/4 "/>
</bind>
</comp>

<comp id="788" class="1004" name="abs_spectrogram_addr_8_gep_fu_788">
<pin_list>
<pin id="789" dir="0" index="0" bw="16" slack="0"/>
<pin id="790" dir="0" index="1" bw="1" slack="0"/>
<pin id="791" dir="0" index="2" bw="9" slack="0"/>
<pin id="792" dir="1" index="3" bw="9" slack="0"/>
</pin_list>
<bind>
<opcode="getelementptr(29) " fcode="getelementptr"/>
<opset="abs_spectrogram_addr_8/4 "/>
</bind>
</comp>

<comp id="796" class="1004" name="abs_spectrogram_addr_9_gep_fu_796">
<pin_list>
<pin id="797" dir="0" index="0" bw="16" slack="0"/>
<pin id="798" dir="0" index="1" bw="1" slack="0"/>
<pin id="799" dir="0" index="2" bw="9" slack="0"/>
<pin id="800" dir="1" index="3" bw="9" slack="0"/>
</pin_list>
<bind>
<opcode="getelementptr(29) " fcode="getelementptr"/>
<opset="abs_spectrogram_addr_9/4 "/>
</bind>
</comp>

<comp id="804" class="1004" name="abs_spectrogram_addr_10_gep_fu_804">
<pin_list>
<pin id="805" dir="0" index="0" bw="16" slack="0"/>
<pin id="806" dir="0" index="1" bw="1" slack="0"/>
<pin id="807" dir="0" index="2" bw="9" slack="0"/>
<pin id="808" dir="1" index="3" bw="9" slack="0"/>
</pin_list>
<bind>
<opcode="getelementptr(29) " fcode="getelementptr"/>
<opset="abs_spectrogram_addr_10/4 "/>
</bind>
</comp>

<comp id="812" class="1004" name="abs_spectrogram_addr_18_gep_fu_812">
<pin_list>
<pin id="813" dir="0" index="0" bw="16" slack="0"/>
<pin id="814" dir="0" index="1" bw="1" slack="0"/>
<pin id="815" dir="0" index="2" bw="9" slack="0"/>
<pin id="816" dir="1" index="3" bw="9" slack="0"/>
</pin_list>
<bind>
<opcode="getelementptr(29) " fcode="getelementptr"/>
<opset="abs_spectrogram_addr_18/4 "/>
</bind>
</comp>

<comp id="820" class="1004" name="abs_spectrogram_addr_19_gep_fu_820">
<pin_list>
<pin id="821" dir="0" index="0" bw="16" slack="0"/>
<pin id="822" dir="0" index="1" bw="1" slack="0"/>
<pin id="823" dir="0" index="2" bw="9" slack="0"/>
<pin id="824" dir="1" index="3" bw="9" slack="0"/>
</pin_list>
<bind>
<opcode="getelementptr(29) " fcode="getelementptr"/>
<opset="abs_spectrogram_addr_19/4 "/>
</bind>
</comp>

<comp id="828" class="1004" name="abs_spectrogram_addr_20_gep_fu_828">
<pin_list>
<pin id="829" dir="0" index="0" bw="16" slack="0"/>
<pin id="830" dir="0" index="1" bw="1" slack="0"/>
<pin id="831" dir="0" index="2" bw="9" slack="0"/>
<pin id="832" dir="1" index="3" bw="9" slack="0"/>
</pin_list>
<bind>
<opcode="getelementptr(29) " fcode="getelementptr"/>
<opset="abs_spectrogram_addr_20/4 "/>
</bind>
</comp>

<comp id="836" class="1004" name="abs_spectrogram_addr_21_gep_fu_836">
<pin_list>
<pin id="837" dir="0" index="0" bw="16" slack="0"/>
<pin id="838" dir="0" index="1" bw="1" slack="0"/>
<pin id="839" dir="0" index="2" bw="9" slack="0"/>
<pin id="840" dir="1" index="3" bw="9" slack="0"/>
</pin_list>
<bind>
<opcode="getelementptr(29) " fcode="getelementptr"/>
<opset="abs_spectrogram_addr_21/4 "/>
</bind>
</comp>

<comp id="844" class="1004" name="abs_spectrogram_addr_22_gep_fu_844">
<pin_list>
<pin id="845" dir="0" index="0" bw="16" slack="0"/>
<pin id="846" dir="0" index="1" bw="1" slack="0"/>
<pin id="847" dir="0" index="2" bw="9" slack="0"/>
<pin id="848" dir="1" index="3" bw="9" slack="0"/>
</pin_list>
<bind>
<opcode="getelementptr(29) " fcode="getelementptr"/>
<opset="abs_spectrogram_addr_22/4 "/>
</bind>
</comp>

<comp id="852" class="1004" name="abs_spectrogram_addr_23_gep_fu_852">
<pin_list>
<pin id="853" dir="0" index="0" bw="16" slack="0"/>
<pin id="854" dir="0" index="1" bw="1" slack="0"/>
<pin id="855" dir="0" index="2" bw="9" slack="0"/>
<pin id="856" dir="1" index="3" bw="9" slack="0"/>
</pin_list>
<bind>
<opcode="getelementptr(29) " fcode="getelementptr"/>
<opset="abs_spectrogram_addr_23/4 "/>
</bind>
</comp>

<comp id="860" class="1004" name="abs_spectrogram_addr_24_gep_fu_860">
<pin_list>
<pin id="861" dir="0" index="0" bw="16" slack="0"/>
<pin id="862" dir="0" index="1" bw="1" slack="0"/>
<pin id="863" dir="0" index="2" bw="9" slack="0"/>
<pin id="864" dir="1" index="3" bw="9" slack="0"/>
</pin_list>
<bind>
<opcode="getelementptr(29) " fcode="getelementptr"/>
<opset="abs_spectrogram_addr_24/4 "/>
</bind>
</comp>

<comp id="868" class="1004" name="abs_spectrogram_addr_25_gep_fu_868">
<pin_list>
<pin id="869" dir="0" index="0" bw="16" slack="0"/>
<pin id="870" dir="0" index="1" bw="1" slack="0"/>
<pin id="871" dir="0" index="2" bw="9" slack="0"/>
<pin id="872" dir="1" index="3" bw="9" slack="0"/>
</pin_list>
<bind>
<opcode="getelementptr(29) " fcode="getelementptr"/>
<opset="abs_spectrogram_addr_25/4 "/>
</bind>
</comp>

<comp id="876" class="1004" name="mel_filtered_addr_gep_fu_876">
<pin_list>
<pin id="877" dir="0" index="0" bw="16" slack="0"/>
<pin id="878" dir="0" index="1" bw="1" slack="0"/>
<pin id="879" dir="0" index="2" bw="6" slack="8"/>
<pin id="880" dir="1" index="3" bw="6" slack="0"/>
</pin_list>
<bind>
<opcode="getelementptr(29) " fcode="getelementptr"/>
<opset="mel_filtered_addr/9 "/>
</bind>
</comp>

<comp id="883" class="1004" name="store_ln190_access_fu_883">
<pin_list>
<pin id="884" dir="0" index="0" bw="6" slack="0"/>
<pin id="885" dir="0" index="1" bw="16" slack="0"/>
<pin id="886" dir="0" index="2" bw="0" slack="2147483647"/>
<pin id="887" dir="1" index="3" bw="16" slack="2147483647"/>
</pin_list>
<bind>
<opcode="store(28) " fcode="store"/>
<opset="store_ln190/9 "/>
</bind>
</comp>

<comp id="889" class="1005" name="reg_889">
<pin_list>
<pin id="890" dir="0" index="0" bw="16" slack="1"/>
<pin id="891" dir="1" index="1" bw="16" slack="1"/>
</pin_list>
<bind>
<opset="abs_spectrogram_load abs_spectrogram_load_3 "/>
</bind>
</comp>

<comp id="893" class="1005" name="reg_893">
<pin_list>
<pin id="894" dir="0" index="0" bw="16" slack="1"/>
<pin id="895" dir="1" index="1" bw="16" slack="1"/>
</pin_list>
<bind>
<opset="abs_spectrogram_load_4 abs_spectrogram_load_1 "/>
</bind>
</comp>

<comp id="897" class="1005" name="reg_897">
<pin_list>
<pin id="898" dir="0" index="0" bw="16" slack="1"/>
<pin id="899" dir="1" index="1" bw="16" slack="1"/>
</pin_list>
<bind>
<opset="abs_spectrogram_load_5 abs_spectrogram_load_2 "/>
</bind>
</comp>

<comp id="901" class="1005" name="reg_901">
<pin_list>
<pin id="902" dir="0" index="0" bw="16" slack="1"/>
<pin id="903" dir="1" index="1" bw="16" slack="1"/>
</pin_list>
<bind>
<opset="abs_spectrogram_load_6 abs_spectrogram_load_7 "/>
</bind>
</comp>

<comp id="905" class="1005" name="reg_905">
<pin_list>
<pin id="906" dir="0" index="0" bw="16" slack="1"/>
<pin id="907" dir="1" index="1" bw="16" slack="1"/>
</pin_list>
<bind>
<opset="abs_spectrogram_load_11 abs_spectrogram_load_8 "/>
</bind>
</comp>

<comp id="909" class="1005" name="reg_909">
<pin_list>
<pin id="910" dir="0" index="0" bw="16" slack="1"/>
<pin id="911" dir="1" index="1" bw="16" slack="1"/>
</pin_list>
<bind>
<opset="abs_spectrogram_load_12 abs_spectrogram_load_9 "/>
</bind>
</comp>

<comp id="913" class="1005" name="reg_913">
<pin_list>
<pin id="914" dir="0" index="0" bw="16" slack="1"/>
<pin id="915" dir="1" index="1" bw="16" slack="1"/>
</pin_list>
<bind>
<opset="abs_spectrogram_load_13 abs_spectrogram_load_10 "/>
</bind>
</comp>

<comp id="917" class="1005" name="reg_917">
<pin_list>
<pin id="918" dir="0" index="0" bw="16" slack="1"/>
<pin id="919" dir="1" index="1" bw="16" slack="1"/>
</pin_list>
<bind>
<opset="abs_spectrogram_load_14 abs_spectrogram_load_18 "/>
</bind>
</comp>

<comp id="921" class="1005" name="reg_921">
<pin_list>
<pin id="922" dir="0" index="0" bw="16" slack="1"/>
<pin id="923" dir="1" index="1" bw="16" slack="1"/>
</pin_list>
<bind>
<opset="abs_spectrogram_load_15 abs_spectrogram_load_19 "/>
</bind>
</comp>

<comp id="925" class="1005" name="reg_925">
<pin_list>
<pin id="926" dir="0" index="0" bw="16" slack="1"/>
<pin id="927" dir="1" index="1" bw="16" slack="1"/>
</pin_list>
<bind>
<opset="abs_spectrogram_load_16 abs_spectrogram_load_20 "/>
</bind>
</comp>

<comp id="929" class="1005" name="reg_929">
<pin_list>
<pin id="930" dir="0" index="0" bw="16" slack="1"/>
<pin id="931" dir="1" index="1" bw="16" slack="1"/>
</pin_list>
<bind>
<opset="abs_spectrogram_load_17 abs_spectrogram_load_21 "/>
</bind>
</comp>

<comp id="933" class="1005" name="reg_933">
<pin_list>
<pin id="934" dir="0" index="0" bw="16" slack="1"/>
<pin id="935" dir="1" index="1" bw="16" slack="1"/>
</pin_list>
<bind>
<opset="abs_spectrogram_load_26 abs_spectrogram_load_22 "/>
</bind>
</comp>

<comp id="937" class="1005" name="reg_937">
<pin_list>
<pin id="938" dir="0" index="0" bw="16" slack="1"/>
<pin id="939" dir="1" index="1" bw="16" slack="1"/>
</pin_list>
<bind>
<opset="abs_spectrogram_load_27 abs_spectrogram_load_23 "/>
</bind>
</comp>

<comp id="941" class="1005" name="reg_941">
<pin_list>
<pin id="942" dir="0" index="0" bw="16" slack="1"/>
<pin id="943" dir="1" index="1" bw="16" slack="1"/>
</pin_list>
<bind>
<opset="abs_spectrogram_load_28 abs_spectrogram_load_24 "/>
</bind>
</comp>

<comp id="945" class="1005" name="reg_945">
<pin_list>
<pin id="946" dir="0" index="0" bw="16" slack="1"/>
<pin id="947" dir="1" index="1" bw="16" slack="1"/>
</pin_list>
<bind>
<opset="abs_spectrogram_load_29 abs_spectrogram_load_25 "/>
</bind>
</comp>

<comp id="949" class="1004" name="store_ln0_store_fu_949">
<pin_list>
<pin id="950" dir="0" index="0" bw="1" slack="0"/>
<pin id="951" dir="0" index="1" bw="6" slack="0"/>
<pin id="952" dir="1" index="2" bw="0" slack="2147483647"/>
</pin_list>
<bind>
<opcode="store(28) " fcode="store"/>
<opset="store_ln0/1 "/>
</bind>
</comp>

<comp id="954" class="1004" name="m_2_load_fu_954">
<pin_list>
<pin id="955" dir="0" index="0" bw="6" slack="0"/>
<pin id="956" dir="1" index="1" bw="6" slack="0"/>
</pin_list>
<bind>
<opcode="load(27) " fcode="load"/>
<opset="m_2/1 "/>
</bind>
</comp>

<comp id="957" class="1004" name="icmp_ln180_fu_957">
<pin_list>
<pin id="958" dir="0" index="0" bw="6" slack="0"/>
<pin id="959" dir="0" index="1" bw="6" slack="0"/>
<pin id="960" dir="1" index="2" bw="1" slack="1"/>
</pin_list>
<bind>
<opcode="icmp(45) " fcode="icmp"/>
<opset="icmp_ln180/1 "/>
</bind>
</comp>

<comp id="963" class="1004" name="add_ln180_fu_963">
<pin_list>
<pin id="964" dir="0" index="0" bw="6" slack="0"/>
<pin id="965" dir="0" index="1" bw="1" slack="0"/>
<pin id="966" dir="1" index="2" bw="6" slack="0"/>
</pin_list>
<bind>
<opcode="add(8) " fcode="add"/>
<opset="add_ln180/1 "/>
</bind>
</comp>

<comp id="969" class="1004" name="m_cast_fu_969">
<pin_list>
<pin id="970" dir="0" index="0" bw="6" slack="0"/>
<pin id="971" dir="1" index="1" bw="64" slack="0"/>
</pin_list>
<bind>
<opcode="zext(34) " fcode="zext"/>
<opset="m_cast/1 "/>
</bind>
</comp>

<comp id="975" class="1004" name="store_ln180_store_fu_975">
<pin_list>
<pin id="976" dir="0" index="0" bw="6" slack="0"/>
<pin id="977" dir="0" index="1" bw="6" slack="0"/>
<pin id="978" dir="1" index="2" bw="0" slack="2147483647"/>
</pin_list>
<bind>
<opcode="store(28) " fcode="store"/>
<opset="store_ln180/1 "/>
</bind>
</comp>

<comp id="980" class="1004" name="zext_ln186_fu_980">
<pin_list>
<pin id="981" dir="0" index="0" bw="8" slack="0"/>
<pin id="982" dir="1" index="1" bw="64" slack="0"/>
</pin_list>
<bind>
<opcode="zext(34) " fcode="zext"/>
<opset="zext_ln186/2 "/>
</bind>
</comp>

<comp id="985" class="1004" name="zext_ln187_fu_985">
<pin_list>
<pin id="986" dir="0" index="0" bw="8" slack="1"/>
<pin id="987" dir="1" index="1" bw="9" slack="0"/>
</pin_list>
<bind>
<opcode="zext(34) " fcode="zext"/>
<opset="zext_ln187/3 "/>
</bind>
</comp>

<comp id="988" class="1004" name="add_ln187_2_fu_988">
<pin_list>
<pin id="989" dir="0" index="0" bw="8" slack="0"/>
<pin id="990" dir="0" index="1" bw="3" slack="0"/>
<pin id="991" dir="1" index="2" bw="9" slack="0"/>
</pin_list>
<bind>
<opcode="add(8) " fcode="add"/>
<opset="add_ln187_2/3 "/>
</bind>
</comp>

<comp id="994" class="1004" name="zext_ln187_6_fu_994">
<pin_list>
<pin id="995" dir="0" index="0" bw="9" slack="0"/>
<pin id="996" dir="1" index="1" bw="64" slack="0"/>
</pin_list>
<bind>
<opcode="zext(34) " fcode="zext"/>
<opset="zext_ln187_6/3 "/>
</bind>
</comp>

<comp id="999" class="1004" name="add_ln187_3_fu_999">
<pin_list>
<pin id="1000" dir="0" index="0" bw="8" slack="0"/>
<pin id="1001" dir="0" index="1" bw="4" slack="0"/>
<pin id="1002" dir="1" index="2" bw="9" slack="0"/>
</pin_list>
<bind>
<opcode="add(8) " fcode="add"/>
<opset="add_ln187_3/3 "/>
</bind>
</comp>

<comp id="1005" class="1004" name="zext_ln187_8_fu_1005">
<pin_list>
<pin id="1006" dir="0" index="0" bw="9" slack="0"/>
<pin id="1007" dir="1" index="1" bw="64" slack="0"/>
</pin_list>
<bind>
<opcode="zext(34) " fcode="zext"/>
<opset="zext_ln187_8/3 "/>
</bind>
</comp>

<comp id="1010" class="1004" name="add_ln187_4_fu_1010">
<pin_list>
<pin id="1011" dir="0" index="0" bw="8" slack="0"/>
<pin id="1012" dir="0" index="1" bw="4" slack="0"/>
<pin id="1013" dir="1" index="2" bw="9" slack="0"/>
</pin_list>
<bind>
<opcode="add(8) " fcode="add"/>
<opset="add_ln187_4/3 "/>
</bind>
</comp>

<comp id="1016" class="1004" name="zext_ln187_10_fu_1016">
<pin_list>
<pin id="1017" dir="0" index="0" bw="9" slack="0"/>
<pin id="1018" dir="1" index="1" bw="64" slack="0"/>
</pin_list>
<bind>
<opcode="zext(34) " fcode="zext"/>
<opset="zext_ln187_10/3 "/>
</bind>
</comp>

<comp id="1021" class="1004" name="add_ln187_5_fu_1021">
<pin_list>
<pin id="1022" dir="0" index="0" bw="8" slack="0"/>
<pin id="1023" dir="0" index="1" bw="4" slack="0"/>
<pin id="1024" dir="1" index="2" bw="9" slack="0"/>
</pin_list>
<bind>
<opcode="add(8) " fcode="add"/>
<opset="add_ln187_5/3 "/>
</bind>
</comp>

<comp id="1027" class="1004" name="zext_ln187_12_fu_1027">
<pin_list>
<pin id="1028" dir="0" index="0" bw="9" slack="0"/>
<pin id="1029" dir="1" index="1" bw="64" slack="0"/>
</pin_list>
<bind>
<opcode="zext(34) " fcode="zext"/>
<opset="zext_ln187_12/3 "/>
</bind>
</comp>

<comp id="1032" class="1004" name="add_ln187_10_fu_1032">
<pin_list>
<pin id="1033" dir="0" index="0" bw="8" slack="0"/>
<pin id="1034" dir="0" index="1" bw="5" slack="0"/>
<pin id="1035" dir="1" index="2" bw="9" slack="0"/>
</pin_list>
<bind>
<opcode="add(8) " fcode="add"/>
<opset="add_ln187_10/3 "/>
</bind>
</comp>

<comp id="1038" class="1004" name="zext_ln187_22_fu_1038">
<pin_list>
<pin id="1039" dir="0" index="0" bw="9" slack="0"/>
<pin id="1040" dir="1" index="1" bw="64" slack="0"/>
</pin_list>
<bind>
<opcode="zext(34) " fcode="zext"/>
<opset="zext_ln187_22/3 "/>
</bind>
</comp>

<comp id="1043" class="1004" name="add_ln187_11_fu_1043">
<pin_list>
<pin id="1044" dir="0" index="0" bw="8" slack="0"/>
<pin id="1045" dir="0" index="1" bw="5" slack="0"/>
<pin id="1046" dir="1" index="2" bw="9" slack="0"/>
</pin_list>
<bind>
<opcode="add(8) " fcode="add"/>
<opset="add_ln187_11/3 "/>
</bind>
</comp>

<comp id="1049" class="1004" name="zext_ln187_24_fu_1049">
<pin_list>
<pin id="1050" dir="0" index="0" bw="9" slack="0"/>
<pin id="1051" dir="1" index="1" bw="64" slack="0"/>
</pin_list>
<bind>
<opcode="zext(34) " fcode="zext"/>
<opset="zext_ln187_24/3 "/>
</bind>
</comp>

<comp id="1054" class="1004" name="add_ln187_12_fu_1054">
<pin_list>
<pin id="1055" dir="0" index="0" bw="8" slack="0"/>
<pin id="1056" dir="0" index="1" bw="5" slack="0"/>
<pin id="1057" dir="1" index="2" bw="9" slack="0"/>
</pin_list>
<bind>
<opcode="add(8) " fcode="add"/>
<opset="add_ln187_12/3 "/>
</bind>
</comp>

<comp id="1060" class="1004" name="zext_ln187_26_fu_1060">
<pin_list>
<pin id="1061" dir="0" index="0" bw="9" slack="0"/>
<pin id="1062" dir="1" index="1" bw="64" slack="0"/>
</pin_list>
<bind>
<opcode="zext(34) " fcode="zext"/>
<opset="zext_ln187_26/3 "/>
</bind>
</comp>

<comp id="1065" class="1004" name="add_ln187_13_fu_1065">
<pin_list>
<pin id="1066" dir="0" index="0" bw="8" slack="0"/>
<pin id="1067" dir="0" index="1" bw="5" slack="0"/>
<pin id="1068" dir="1" index="2" bw="9" slack="0"/>
</pin_list>
<bind>
<opcode="add(8) " fcode="add"/>
<opset="add_ln187_13/3 "/>
</bind>
</comp>

<comp id="1071" class="1004" name="zext_ln187_28_fu_1071">
<pin_list>
<pin id="1072" dir="0" index="0" bw="9" slack="0"/>
<pin id="1073" dir="1" index="1" bw="64" slack="0"/>
</pin_list>
<bind>
<opcode="zext(34) " fcode="zext"/>
<opset="zext_ln187_28/3 "/>
</bind>
</comp>

<comp id="1076" class="1004" name="add_ln187_14_fu_1076">
<pin_list>
<pin id="1077" dir="0" index="0" bw="8" slack="0"/>
<pin id="1078" dir="0" index="1" bw="5" slack="0"/>
<pin id="1079" dir="1" index="2" bw="9" slack="0"/>
</pin_list>
<bind>
<opcode="add(8) " fcode="add"/>
<opset="add_ln187_14/3 "/>
</bind>
</comp>

<comp id="1082" class="1004" name="zext_ln187_30_fu_1082">
<pin_list>
<pin id="1083" dir="0" index="0" bw="9" slack="0"/>
<pin id="1084" dir="1" index="1" bw="64" slack="0"/>
</pin_list>
<bind>
<opcode="zext(34) " fcode="zext"/>
<opset="zext_ln187_30/3 "/>
</bind>
</comp>

<comp id="1087" class="1004" name="add_ln187_15_fu_1087">
<pin_list>
<pin id="1088" dir="0" index="0" bw="8" slack="0"/>
<pin id="1089" dir="0" index="1" bw="6" slack="0"/>
<pin id="1090" dir="1" index="2" bw="9" slack="0"/>
</pin_list>
<bind>
<opcode="add(8) " fcode="add"/>
<opset="add_ln187_15/3 "/>
</bind>
</comp>

<comp id="1093" class="1004" name="zext_ln187_32_fu_1093">
<pin_list>
<pin id="1094" dir="0" index="0" bw="9" slack="0"/>
<pin id="1095" dir="1" index="1" bw="64" slack="0"/>
</pin_list>
<bind>
<opcode="zext(34) " fcode="zext"/>
<opset="zext_ln187_32/3 "/>
</bind>
</comp>

<comp id="1098" class="1004" name="add_ln187_16_fu_1098">
<pin_list>
<pin id="1099" dir="0" index="0" bw="8" slack="0"/>
<pin id="1100" dir="0" index="1" bw="6" slack="0"/>
<pin id="1101" dir="1" index="2" bw="9" slack="0"/>
</pin_list>
<bind>
<opcode="add(8) " fcode="add"/>
<opset="add_ln187_16/3 "/>
</bind>
</comp>

<comp id="1104" class="1004" name="zext_ln187_34_fu_1104">
<pin_list>
<pin id="1105" dir="0" index="0" bw="9" slack="0"/>
<pin id="1106" dir="1" index="1" bw="64" slack="0"/>
</pin_list>
<bind>
<opcode="zext(34) " fcode="zext"/>
<opset="zext_ln187_34/3 "/>
</bind>
</comp>

<comp id="1109" class="1004" name="add_ln187_25_fu_1109">
<pin_list>
<pin id="1110" dir="0" index="0" bw="8" slack="0"/>
<pin id="1111" dir="0" index="1" bw="6" slack="0"/>
<pin id="1112" dir="1" index="2" bw="9" slack="0"/>
</pin_list>
<bind>
<opcode="add(8) " fcode="add"/>
<opset="add_ln187_25/3 "/>
</bind>
</comp>

<comp id="1115" class="1004" name="zext_ln187_52_fu_1115">
<pin_list>
<pin id="1116" dir="0" index="0" bw="9" slack="0"/>
<pin id="1117" dir="1" index="1" bw="64" slack="0"/>
</pin_list>
<bind>
<opcode="zext(34) " fcode="zext"/>
<opset="zext_ln187_52/3 "/>
</bind>
</comp>

<comp id="1120" class="1004" name="add_ln187_26_fu_1120">
<pin_list>
<pin id="1121" dir="0" index="0" bw="8" slack="0"/>
<pin id="1122" dir="0" index="1" bw="6" slack="0"/>
<pin id="1123" dir="1" index="2" bw="9" slack="0"/>
</pin_list>
<bind>
<opcode="add(8) " fcode="add"/>
<opset="add_ln187_26/3 "/>
</bind>
</comp>

<comp id="1126" class="1004" name="zext_ln187_54_fu_1126">
<pin_list>
<pin id="1127" dir="0" index="0" bw="9" slack="0"/>
<pin id="1128" dir="1" index="1" bw="64" slack="0"/>
</pin_list>
<bind>
<opcode="zext(34) " fcode="zext"/>
<opset="zext_ln187_54/3 "/>
</bind>
</comp>

<comp id="1131" class="1004" name="add_ln187_27_fu_1131">
<pin_list>
<pin id="1132" dir="0" index="0" bw="8" slack="0"/>
<pin id="1133" dir="0" index="1" bw="6" slack="0"/>
<pin id="1134" dir="1" index="2" bw="9" slack="0"/>
</pin_list>
<bind>
<opcode="add(8) " fcode="add"/>
<opset="add_ln187_27/3 "/>
</bind>
</comp>

<comp id="1137" class="1004" name="zext_ln187_56_fu_1137">
<pin_list>
<pin id="1138" dir="0" index="0" bw="9" slack="0"/>
<pin id="1139" dir="1" index="1" bw="64" slack="0"/>
</pin_list>
<bind>
<opcode="zext(34) " fcode="zext"/>
<opset="zext_ln187_56/3 "/>
</bind>
</comp>

<comp id="1142" class="1004" name="add_ln187_28_fu_1142">
<pin_list>
<pin id="1143" dir="0" index="0" bw="8" slack="0"/>
<pin id="1144" dir="0" index="1" bw="6" slack="0"/>
<pin id="1145" dir="1" index="2" bw="9" slack="0"/>
</pin_list>
<bind>
<opcode="add(8) " fcode="add"/>
<opset="add_ln187_28/3 "/>
</bind>
</comp>

<comp id="1148" class="1004" name="zext_ln187_58_fu_1148">
<pin_list>
<pin id="1149" dir="0" index="0" bw="9" slack="0"/>
<pin id="1150" dir="1" index="1" bw="64" slack="0"/>
</pin_list>
<bind>
<opcode="zext(34) " fcode="zext"/>
<opset="zext_ln187_58/3 "/>
</bind>
</comp>

<comp id="1153" class="1004" name="sext_ln187_fu_1153">
<pin_list>
<pin id="1154" dir="0" index="0" bw="16" slack="1"/>
<pin id="1155" dir="1" index="1" bw="24" slack="0"/>
</pin_list>
<bind>
<opcode="sext(35) " fcode="sext"/>
<opset="sext_ln187/4 "/>
</bind>
</comp>

<comp id="1157" class="1004" name="zext_ln187_1_fu_1157">
<pin_list>
<pin id="1158" dir="0" index="0" bw="8" slack="2"/>
<pin id="1159" dir="1" index="1" bw="24" slack="0"/>
</pin_list>
<bind>
<opcode="zext(34) " fcode="zext"/>
<opset="zext_ln187_1/4 "/>
</bind>
</comp>

<comp id="1160" class="1004" name="mul_ln187_fu_1160">
<pin_list>
<pin id="1161" dir="0" index="0" bw="8" slack="0"/>
<pin id="1162" dir="0" index="1" bw="16" slack="0"/>
<pin id="1163" dir="1" index="2" bw="24" slack="0"/>
</pin_list>
<bind>
<opcode="mul(12) " fcode="mul"/>
<opset="mul_ln187/4 "/>
</bind>
</comp>

<comp id="1166" class="1004" name="trunc_ln1_fu_1166">
<pin_list>
<pin id="1167" dir="0" index="0" bw="16" slack="0"/>
<pin id="1168" dir="0" index="1" bw="24" slack="0"/>
<pin id="1169" dir="0" index="2" bw="5" slack="0"/>
<pin id="1170" dir="0" index="3" bw="6" slack="0"/>
<pin id="1171" dir="1" index="4" bw="16" slack="3"/>
</pin_list>
<bind>
<opcode="partselect(1002) " fcode="partselect"/>
<opset="trunc_ln1/4 "/>
</bind>
</comp>

<comp id="1176" class="1004" name="add_ln187_fu_1176">
<pin_list>
<pin id="1177" dir="0" index="0" bw="8" slack="1"/>
<pin id="1178" dir="0" index="1" bw="1" slack="0"/>
<pin id="1179" dir="1" index="2" bw="9" slack="0"/>
</pin_list>
<bind>
<opcode="add(8) " fcode="add"/>
<opset="add_ln187/4 "/>
</bind>
</comp>

<comp id="1181" class="1004" name="zext_ln187_2_fu_1181">
<pin_list>
<pin id="1182" dir="0" index="0" bw="9" slack="0"/>
<pin id="1183" dir="1" index="1" bw="64" slack="0"/>
</pin_list>
<bind>
<opcode="zext(34) " fcode="zext"/>
<opset="zext_ln187_2/4 "/>
</bind>
</comp>

<comp id="1186" class="1004" name="add_ln187_1_fu_1186">
<pin_list>
<pin id="1187" dir="0" index="0" bw="8" slack="1"/>
<pin id="1188" dir="0" index="1" bw="3" slack="0"/>
<pin id="1189" dir="1" index="2" bw="9" slack="0"/>
</pin_list>
<bind>
<opcode="add(8) " fcode="add"/>
<opset="add_ln187_1/4 "/>
</bind>
</comp>

<comp id="1191" class="1004" name="zext_ln187_4_fu_1191">
<pin_list>
<pin id="1192" dir="0" index="0" bw="9" slack="0"/>
<pin id="1193" dir="1" index="1" bw="64" slack="0"/>
</pin_list>
<bind>
<opcode="zext(34) " fcode="zext"/>
<opset="zext_ln187_4/4 "/>
</bind>
</comp>

<comp id="1196" class="1004" name="add_ln187_6_fu_1196">
<pin_list>
<pin id="1197" dir="0" index="0" bw="8" slack="1"/>
<pin id="1198" dir="0" index="1" bw="4" slack="0"/>
<pin id="1199" dir="1" index="2" bw="9" slack="0"/>
</pin_list>
<bind>
<opcode="add(8) " fcode="add"/>
<opset="add_ln187_6/4 "/>
</bind>
</comp>

<comp id="1201" class="1004" name="zext_ln187_14_fu_1201">
<pin_list>
<pin id="1202" dir="0" index="0" bw="9" slack="0"/>
<pin id="1203" dir="1" index="1" bw="64" slack="0"/>
</pin_list>
<bind>
<opcode="zext(34) " fcode="zext"/>
<opset="zext_ln187_14/4 "/>
</bind>
</comp>

<comp id="1206" class="1004" name="add_ln187_7_fu_1206">
<pin_list>
<pin id="1207" dir="0" index="0" bw="8" slack="1"/>
<pin id="1208" dir="0" index="1" bw="5" slack="0"/>
<pin id="1209" dir="1" index="2" bw="9" slack="0"/>
</pin_list>
<bind>
<opcode="add(8) " fcode="add"/>
<opset="add_ln187_7/4 "/>
</bind>
</comp>

<comp id="1211" class="1004" name="zext_ln187_16_fu_1211">
<pin_list>
<pin id="1212" dir="0" index="0" bw="9" slack="0"/>
<pin id="1213" dir="1" index="1" bw="64" slack="0"/>
</pin_list>
<bind>
<opcode="zext(34) " fcode="zext"/>
<opset="zext_ln187_16/4 "/>
</bind>
</comp>

<comp id="1216" class="1004" name="add_ln187_8_fu_1216">
<pin_list>
<pin id="1217" dir="0" index="0" bw="8" slack="1"/>
<pin id="1218" dir="0" index="1" bw="5" slack="0"/>
<pin id="1219" dir="1" index="2" bw="9" slack="0"/>
</pin_list>
<bind>
<opcode="add(8) " fcode="add"/>
<opset="add_ln187_8/4 "/>
</bind>
</comp>

<comp id="1221" class="1004" name="zext_ln187_18_fu_1221">
<pin_list>
<pin id="1222" dir="0" index="0" bw="9" slack="0"/>
<pin id="1223" dir="1" index="1" bw="64" slack="0"/>
</pin_list>
<bind>
<opcode="zext(34) " fcode="zext"/>
<opset="zext_ln187_18/4 "/>
</bind>
</comp>

<comp id="1226" class="1004" name="add_ln187_9_fu_1226">
<pin_list>
<pin id="1227" dir="0" index="0" bw="8" slack="1"/>
<pin id="1228" dir="0" index="1" bw="5" slack="0"/>
<pin id="1229" dir="1" index="2" bw="9" slack="0"/>
</pin_list>
<bind>
<opcode="add(8) " fcode="add"/>
<opset="add_ln187_9/4 "/>
</bind>
</comp>

<comp id="1231" class="1004" name="zext_ln187_20_fu_1231">
<pin_list>
<pin id="1232" dir="0" index="0" bw="9" slack="0"/>
<pin id="1233" dir="1" index="1" bw="64" slack="0"/>
</pin_list>
<bind>
<opcode="zext(34) " fcode="zext"/>
<opset="zext_ln187_20/4 "/>
</bind>
</comp>

<comp id="1236" class="1004" name="add_ln187_17_fu_1236">
<pin_list>
<pin id="1237" dir="0" index="0" bw="8" slack="1"/>
<pin id="1238" dir="0" index="1" bw="6" slack="0"/>
<pin id="1239" dir="1" index="2" bw="9" slack="0"/>
</pin_list>
<bind>
<opcode="add(8) " fcode="add"/>
<opset="add_ln187_17/4 "/>
</bind>
</comp>

<comp id="1241" class="1004" name="zext_ln187_36_fu_1241">
<pin_list>
<pin id="1242" dir="0" index="0" bw="9" slack="0"/>
<pin id="1243" dir="1" index="1" bw="64" slack="0"/>
</pin_list>
<bind>
<opcode="zext(34) " fcode="zext"/>
<opset="zext_ln187_36/4 "/>
</bind>
</comp>

<comp id="1246" class="1004" name="add_ln187_18_fu_1246">
<pin_list>
<pin id="1247" dir="0" index="0" bw="8" slack="1"/>
<pin id="1248" dir="0" index="1" bw="6" slack="0"/>
<pin id="1249" dir="1" index="2" bw="9" slack="0"/>
</pin_list>
<bind>
<opcode="add(8) " fcode="add"/>
<opset="add_ln187_18/4 "/>
</bind>
</comp>

<comp id="1251" class="1004" name="zext_ln187_38_fu_1251">
<pin_list>
<pin id="1252" dir="0" index="0" bw="9" slack="0"/>
<pin id="1253" dir="1" index="1" bw="64" slack="0"/>
</pin_list>
<bind>
<opcode="zext(34) " fcode="zext"/>
<opset="zext_ln187_38/4 "/>
</bind>
</comp>

<comp id="1256" class="1004" name="add_ln187_19_fu_1256">
<pin_list>
<pin id="1257" dir="0" index="0" bw="8" slack="1"/>
<pin id="1258" dir="0" index="1" bw="6" slack="0"/>
<pin id="1259" dir="1" index="2" bw="9" slack="0"/>
</pin_list>
<bind>
<opcode="add(8) " fcode="add"/>
<opset="add_ln187_19/4 "/>
</bind>
</comp>

<comp id="1261" class="1004" name="zext_ln187_40_fu_1261">
<pin_list>
<pin id="1262" dir="0" index="0" bw="9" slack="0"/>
<pin id="1263" dir="1" index="1" bw="64" slack="0"/>
</pin_list>
<bind>
<opcode="zext(34) " fcode="zext"/>
<opset="zext_ln187_40/4 "/>
</bind>
</comp>

<comp id="1266" class="1004" name="add_ln187_20_fu_1266">
<pin_list>
<pin id="1267" dir="0" index="0" bw="8" slack="1"/>
<pin id="1268" dir="0" index="1" bw="6" slack="0"/>
<pin id="1269" dir="1" index="2" bw="9" slack="0"/>
</pin_list>
<bind>
<opcode="add(8) " fcode="add"/>
<opset="add_ln187_20/4 "/>
</bind>
</comp>

<comp id="1271" class="1004" name="zext_ln187_42_fu_1271">
<pin_list>
<pin id="1272" dir="0" index="0" bw="9" slack="0"/>
<pin id="1273" dir="1" index="1" bw="64" slack="0"/>
</pin_list>
<bind>
<opcode="zext(34) " fcode="zext"/>
<opset="zext_ln187_42/4 "/>
</bind>
</comp>

<comp id="1276" class="1004" name="add_ln187_21_fu_1276">
<pin_list>
<pin id="1277" dir="0" index="0" bw="8" slack="1"/>
<pin id="1278" dir="0" index="1" bw="6" slack="0"/>
<pin id="1279" dir="1" index="2" bw="9" slack="0"/>
</pin_list>
<bind>
<opcode="add(8) " fcode="add"/>
<opset="add_ln187_21/4 "/>
</bind>
</comp>

<comp id="1281" class="1004" name="zext_ln187_44_fu_1281">
<pin_list>
<pin id="1282" dir="0" index="0" bw="9" slack="0"/>
<pin id="1283" dir="1" index="1" bw="64" slack="0"/>
</pin_list>
<bind>
<opcode="zext(34) " fcode="zext"/>
<opset="zext_ln187_44/4 "/>
</bind>
</comp>

<comp id="1286" class="1004" name="add_ln187_22_fu_1286">
<pin_list>
<pin id="1287" dir="0" index="0" bw="8" slack="1"/>
<pin id="1288" dir="0" index="1" bw="6" slack="0"/>
<pin id="1289" dir="1" index="2" bw="9" slack="0"/>
</pin_list>
<bind>
<opcode="add(8) " fcode="add"/>
<opset="add_ln187_22/4 "/>
</bind>
</comp>

<comp id="1291" class="1004" name="zext_ln187_46_fu_1291">
<pin_list>
<pin id="1292" dir="0" index="0" bw="9" slack="0"/>
<pin id="1293" dir="1" index="1" bw="64" slack="0"/>
</pin_list>
<bind>
<opcode="zext(34) " fcode="zext"/>
<opset="zext_ln187_46/4 "/>
</bind>
</comp>

<comp id="1296" class="1004" name="add_ln187_23_fu_1296">
<pin_list>
<pin id="1297" dir="0" index="0" bw="8" slack="1"/>
<pin id="1298" dir="0" index="1" bw="6" slack="0"/>
<pin id="1299" dir="1" index="2" bw="9" slack="0"/>
</pin_list>
<bind>
<opcode="add(8) " fcode="add"/>
<opset="add_ln187_23/4 "/>
</bind>
</comp>

<comp id="1301" class="1004" name="zext_ln187_48_fu_1301">
<pin_list>
<pin id="1302" dir="0" index="0" bw="9" slack="0"/>
<pin id="1303" dir="1" index="1" bw="64" slack="0"/>
</pin_list>
<bind>
<opcode="zext(34) " fcode="zext"/>
<opset="zext_ln187_48/4 "/>
</bind>
</comp>

<comp id="1306" class="1004" name="add_ln187_24_fu_1306">
<pin_list>
<pin id="1307" dir="0" index="0" bw="8" slack="1"/>
<pin id="1308" dir="0" index="1" bw="6" slack="0"/>
<pin id="1309" dir="1" index="2" bw="9" slack="0"/>
</pin_list>
<bind>
<opcode="add(8) " fcode="add"/>
<opset="add_ln187_24/4 "/>
</bind>
</comp>

<comp id="1311" class="1004" name="zext_ln187_50_fu_1311">
<pin_list>
<pin id="1312" dir="0" index="0" bw="9" slack="0"/>
<pin id="1313" dir="1" index="1" bw="64" slack="0"/>
</pin_list>
<bind>
<opcode="zext(34) " fcode="zext"/>
<opset="zext_ln187_50/4 "/>
</bind>
</comp>

<comp id="1316" class="1004" name="sext_ln187_3_fu_1316">
<pin_list>
<pin id="1317" dir="0" index="0" bw="16" slack="1"/>
<pin id="1318" dir="1" index="1" bw="24" slack="0"/>
</pin_list>
<bind>
<opcode="sext(35) " fcode="sext"/>
<opset="sext_ln187_3/5 "/>
</bind>
</comp>

<comp id="1320" class="1004" name="zext_ln187_7_fu_1320">
<pin_list>
<pin id="1321" dir="0" index="0" bw="8" slack="1"/>
<pin id="1322" dir="1" index="1" bw="24" slack="0"/>
</pin_list>
<bind>
<opcode="zext(34) " fcode="zext"/>
<opset="zext_ln187_7/5 "/>
</bind>
</comp>

<comp id="1323" class="1004" name="mul_ln187_3_fu_1323">
<pin_list>
<pin id="1324" dir="0" index="0" bw="8" slack="0"/>
<pin id="1325" dir="0" index="1" bw="16" slack="0"/>
<pin id="1326" dir="1" index="2" bw="24" slack="0"/>
</pin_list>
<bind>
<opcode="mul(12) " fcode="mul"/>
<opset="mul_ln187_3/5 "/>
</bind>
</comp>

<comp id="1329" class="1004" name="trunc_ln187_3_fu_1329">
<pin_list>
<pin id="1330" dir="0" index="0" bw="16" slack="0"/>
<pin id="1331" dir="0" index="1" bw="24" slack="0"/>
<pin id="1332" dir="0" index="2" bw="5" slack="0"/>
<pin id="1333" dir="0" index="3" bw="6" slack="0"/>
<pin id="1334" dir="1" index="4" bw="16" slack="1"/>
</pin_list>
<bind>
<opcode="partselect(1002) " fcode="partselect"/>
<opset="trunc_ln187_3/5 "/>
</bind>
</comp>

<comp id="1339" class="1004" name="sext_ln187_4_fu_1339">
<pin_list>
<pin id="1340" dir="0" index="0" bw="16" slack="1"/>
<pin id="1341" dir="1" index="1" bw="24" slack="0"/>
</pin_list>
<bind>
<opcode="sext(35) " fcode="sext"/>
<opset="sext_ln187_4/5 "/>
</bind>
</comp>

<comp id="1343" class="1004" name="zext_ln187_9_fu_1343">
<pin_list>
<pin id="1344" dir="0" index="0" bw="8" slack="1"/>
<pin id="1345" dir="1" index="1" bw="24" slack="0"/>
</pin_list>
<bind>
<opcode="zext(34) " fcode="zext"/>
<opset="zext_ln187_9/5 "/>
</bind>
</comp>

<comp id="1346" class="1004" name="mul_ln187_4_fu_1346">
<pin_list>
<pin id="1347" dir="0" index="0" bw="8" slack="0"/>
<pin id="1348" dir="0" index="1" bw="16" slack="0"/>
<pin id="1349" dir="1" index="2" bw="24" slack="0"/>
</pin_list>
<bind>
<opcode="mul(12) " fcode="mul"/>
<opset="mul_ln187_4/5 "/>
</bind>
</comp>

<comp id="1352" class="1004" name="trunc_ln187_4_fu_1352">
<pin_list>
<pin id="1353" dir="0" index="0" bw="16" slack="0"/>
<pin id="1354" dir="0" index="1" bw="24" slack="0"/>
<pin id="1355" dir="0" index="2" bw="5" slack="0"/>
<pin id="1356" dir="0" index="3" bw="6" slack="0"/>
<pin id="1357" dir="1" index="4" bw="16" slack="1"/>
</pin_list>
<bind>
<opcode="partselect(1002) " fcode="partselect"/>
<opset="trunc_ln187_4/5 "/>
</bind>
</comp>

<comp id="1362" class="1004" name="sext_ln187_5_fu_1362">
<pin_list>
<pin id="1363" dir="0" index="0" bw="16" slack="1"/>
<pin id="1364" dir="1" index="1" bw="24" slack="0"/>
</pin_list>
<bind>
<opcode="sext(35) " fcode="sext"/>
<opset="sext_ln187_5/5 "/>
</bind>
</comp>

<comp id="1366" class="1004" name="zext_ln187_11_fu_1366">
<pin_list>
<pin id="1367" dir="0" index="0" bw="8" slack="1"/>
<pin id="1368" dir="1" index="1" bw="24" slack="0"/>
</pin_list>
<bind>
<opcode="zext(34) " fcode="zext"/>
<opset="zext_ln187_11/5 "/>
</bind>
</comp>

<comp id="1369" class="1004" name="mul_ln187_5_fu_1369">
<pin_list>
<pin id="1370" dir="0" index="0" bw="8" slack="0"/>
<pin id="1371" dir="0" index="1" bw="16" slack="0"/>
<pin id="1372" dir="1" index="2" bw="24" slack="0"/>
</pin_list>
<bind>
<opcode="mul(12) " fcode="mul"/>
<opset="mul_ln187_5/5 "/>
</bind>
</comp>

<comp id="1375" class="1004" name="trunc_ln187_5_fu_1375">
<pin_list>
<pin id="1376" dir="0" index="0" bw="16" slack="0"/>
<pin id="1377" dir="0" index="1" bw="24" slack="0"/>
<pin id="1378" dir="0" index="2" bw="5" slack="0"/>
<pin id="1379" dir="0" index="3" bw="6" slack="0"/>
<pin id="1380" dir="1" index="4" bw="16" slack="1"/>
</pin_list>
<bind>
<opcode="partselect(1002) " fcode="partselect"/>
<opset="trunc_ln187_5/5 "/>
</bind>
</comp>

<comp id="1385" class="1004" name="sext_ln187_6_fu_1385">
<pin_list>
<pin id="1386" dir="0" index="0" bw="16" slack="1"/>
<pin id="1387" dir="1" index="1" bw="24" slack="0"/>
</pin_list>
<bind>
<opcode="sext(35) " fcode="sext"/>
<opset="sext_ln187_6/5 "/>
</bind>
</comp>

<comp id="1389" class="1004" name="zext_ln187_13_fu_1389">
<pin_list>
<pin id="1390" dir="0" index="0" bw="8" slack="1"/>
<pin id="1391" dir="1" index="1" bw="24" slack="0"/>
</pin_list>
<bind>
<opcode="zext(34) " fcode="zext"/>
<opset="zext_ln187_13/5 "/>
</bind>
</comp>

<comp id="1392" class="1004" name="mul_ln187_6_fu_1392">
<pin_list>
<pin id="1393" dir="0" index="0" bw="8" slack="0"/>
<pin id="1394" dir="0" index="1" bw="16" slack="0"/>
<pin id="1395" dir="1" index="2" bw="24" slack="0"/>
</pin_list>
<bind>
<opcode="mul(12) " fcode="mul"/>
<opset="mul_ln187_6/5 "/>
</bind>
</comp>

<comp id="1398" class="1004" name="trunc_ln187_6_fu_1398">
<pin_list>
<pin id="1399" dir="0" index="0" bw="16" slack="0"/>
<pin id="1400" dir="0" index="1" bw="24" slack="0"/>
<pin id="1401" dir="0" index="2" bw="5" slack="0"/>
<pin id="1402" dir="0" index="3" bw="6" slack="0"/>
<pin id="1403" dir="1" index="4" bw="16" slack="1"/>
</pin_list>
<bind>
<opcode="partselect(1002) " fcode="partselect"/>
<opset="trunc_ln187_6/5 "/>
</bind>
</comp>

<comp id="1408" class="1004" name="sext_ln187_11_fu_1408">
<pin_list>
<pin id="1409" dir="0" index="0" bw="16" slack="1"/>
<pin id="1410" dir="1" index="1" bw="24" slack="0"/>
</pin_list>
<bind>
<opcode="sext(35) " fcode="sext"/>
<opset="sext_ln187_11/5 "/>
</bind>
</comp>

<comp id="1412" class="1004" name="zext_ln187_23_fu_1412">
<pin_list>
<pin id="1413" dir="0" index="0" bw="8" slack="1"/>
<pin id="1414" dir="1" index="1" bw="24" slack="0"/>
</pin_list>
<bind>
<opcode="zext(34) " fcode="zext"/>
<opset="zext_ln187_23/5 "/>
</bind>
</comp>

<comp id="1415" class="1004" name="mul_ln187_11_fu_1415">
<pin_list>
<pin id="1416" dir="0" index="0" bw="8" slack="0"/>
<pin id="1417" dir="0" index="1" bw="16" slack="0"/>
<pin id="1418" dir="1" index="2" bw="24" slack="0"/>
</pin_list>
<bind>
<opcode="mul(12) " fcode="mul"/>
<opset="mul_ln187_11/5 "/>
</bind>
</comp>

<comp id="1421" class="1004" name="trunc_ln187_10_fu_1421">
<pin_list>
<pin id="1422" dir="0" index="0" bw="16" slack="0"/>
<pin id="1423" dir="0" index="1" bw="24" slack="0"/>
<pin id="1424" dir="0" index="2" bw="5" slack="0"/>
<pin id="1425" dir="0" index="3" bw="6" slack="0"/>
<pin id="1426" dir="1" index="4" bw="16" slack="1"/>
</pin_list>
<bind>
<opcode="partselect(1002) " fcode="partselect"/>
<opset="trunc_ln187_10/5 "/>
</bind>
</comp>

<comp id="1431" class="1004" name="sext_ln187_12_fu_1431">
<pin_list>
<pin id="1432" dir="0" index="0" bw="16" slack="1"/>
<pin id="1433" dir="1" index="1" bw="24" slack="0"/>
</pin_list>
<bind>
<opcode="sext(35) " fcode="sext"/>
<opset="sext_ln187_12/5 "/>
</bind>
</comp>

<comp id="1435" class="1004" name="zext_ln187_25_fu_1435">
<pin_list>
<pin id="1436" dir="0" index="0" bw="8" slack="1"/>
<pin id="1437" dir="1" index="1" bw="24" slack="0"/>
</pin_list>
<bind>
<opcode="zext(34) " fcode="zext"/>
<opset="zext_ln187_25/5 "/>
</bind>
</comp>

<comp id="1438" class="1004" name="mul_ln187_12_fu_1438">
<pin_list>
<pin id="1439" dir="0" index="0" bw="8" slack="0"/>
<pin id="1440" dir="0" index="1" bw="16" slack="0"/>
<pin id="1441" dir="1" index="2" bw="24" slack="0"/>
</pin_list>
<bind>
<opcode="mul(12) " fcode="mul"/>
<opset="mul_ln187_12/5 "/>
</bind>
</comp>

<comp id="1444" class="1004" name="trunc_ln187_11_fu_1444">
<pin_list>
<pin id="1445" dir="0" index="0" bw="16" slack="0"/>
<pin id="1446" dir="0" index="1" bw="24" slack="0"/>
<pin id="1447" dir="0" index="2" bw="5" slack="0"/>
<pin id="1448" dir="0" index="3" bw="6" slack="0"/>
<pin id="1449" dir="1" index="4" bw="16" slack="1"/>
</pin_list>
<bind>
<opcode="partselect(1002) " fcode="partselect"/>
<opset="trunc_ln187_11/5 "/>
</bind>
</comp>

<comp id="1454" class="1004" name="sext_ln187_13_fu_1454">
<pin_list>
<pin id="1455" dir="0" index="0" bw="16" slack="1"/>
<pin id="1456" dir="1" index="1" bw="24" slack="0"/>
</pin_list>
<bind>
<opcode="sext(35) " fcode="sext"/>
<opset="sext_ln187_13/5 "/>
</bind>
</comp>

<comp id="1458" class="1004" name="zext_ln187_27_fu_1458">
<pin_list>
<pin id="1459" dir="0" index="0" bw="8" slack="1"/>
<pin id="1460" dir="1" index="1" bw="24" slack="0"/>
</pin_list>
<bind>
<opcode="zext(34) " fcode="zext"/>
<opset="zext_ln187_27/5 "/>
</bind>
</comp>

<comp id="1461" class="1004" name="mul_ln187_13_fu_1461">
<pin_list>
<pin id="1462" dir="0" index="0" bw="8" slack="0"/>
<pin id="1463" dir="0" index="1" bw="16" slack="0"/>
<pin id="1464" dir="1" index="2" bw="24" slack="0"/>
</pin_list>
<bind>
<opcode="mul(12) " fcode="mul"/>
<opset="mul_ln187_13/5 "/>
</bind>
</comp>

<comp id="1467" class="1004" name="trunc_ln187_12_fu_1467">
<pin_list>
<pin id="1468" dir="0" index="0" bw="16" slack="0"/>
<pin id="1469" dir="0" index="1" bw="24" slack="0"/>
<pin id="1470" dir="0" index="2" bw="5" slack="0"/>
<pin id="1471" dir="0" index="3" bw="6" slack="0"/>
<pin id="1472" dir="1" index="4" bw="16" slack="1"/>
</pin_list>
<bind>
<opcode="partselect(1002) " fcode="partselect"/>
<opset="trunc_ln187_12/5 "/>
</bind>
</comp>

<comp id="1477" class="1004" name="sext_ln187_14_fu_1477">
<pin_list>
<pin id="1478" dir="0" index="0" bw="16" slack="1"/>
<pin id="1479" dir="1" index="1" bw="24" slack="0"/>
</pin_list>
<bind>
<opcode="sext(35) " fcode="sext"/>
<opset="sext_ln187_14/5 "/>
</bind>
</comp>

<comp id="1481" class="1004" name="zext_ln187_29_fu_1481">
<pin_list>
<pin id="1482" dir="0" index="0" bw="8" slack="1"/>
<pin id="1483" dir="1" index="1" bw="24" slack="0"/>
</pin_list>
<bind>
<opcode="zext(34) " fcode="zext"/>
<opset="zext_ln187_29/5 "/>
</bind>
</comp>

<comp id="1484" class="1004" name="mul_ln187_14_fu_1484">
<pin_list>
<pin id="1485" dir="0" index="0" bw="8" slack="0"/>
<pin id="1486" dir="0" index="1" bw="16" slack="0"/>
<pin id="1487" dir="1" index="2" bw="24" slack="0"/>
</pin_list>
<bind>
<opcode="mul(12) " fcode="mul"/>
<opset="mul_ln187_14/5 "/>
</bind>
</comp>

<comp id="1490" class="1004" name="trunc_ln187_13_fu_1490">
<pin_list>
<pin id="1491" dir="0" index="0" bw="16" slack="0"/>
<pin id="1492" dir="0" index="1" bw="24" slack="0"/>
<pin id="1493" dir="0" index="2" bw="5" slack="0"/>
<pin id="1494" dir="0" index="3" bw="6" slack="0"/>
<pin id="1495" dir="1" index="4" bw="16" slack="1"/>
</pin_list>
<bind>
<opcode="partselect(1002) " fcode="partselect"/>
<opset="trunc_ln187_13/5 "/>
</bind>
</comp>

<comp id="1500" class="1004" name="sext_ln187_15_fu_1500">
<pin_list>
<pin id="1501" dir="0" index="0" bw="16" slack="1"/>
<pin id="1502" dir="1" index="1" bw="24" slack="0"/>
</pin_list>
<bind>
<opcode="sext(35) " fcode="sext"/>
<opset="sext_ln187_15/5 "/>
</bind>
</comp>

<comp id="1504" class="1004" name="zext_ln187_31_fu_1504">
<pin_list>
<pin id="1505" dir="0" index="0" bw="8" slack="1"/>
<pin id="1506" dir="1" index="1" bw="24" slack="0"/>
</pin_list>
<bind>
<opcode="zext(34) " fcode="zext"/>
<opset="zext_ln187_31/5 "/>
</bind>
</comp>

<comp id="1507" class="1004" name="mul_ln187_15_fu_1507">
<pin_list>
<pin id="1508" dir="0" index="0" bw="8" slack="0"/>
<pin id="1509" dir="0" index="1" bw="16" slack="0"/>
<pin id="1510" dir="1" index="2" bw="24" slack="0"/>
</pin_list>
<bind>
<opcode="mul(12) " fcode="mul"/>
<opset="mul_ln187_15/5 "/>
</bind>
</comp>

<comp id="1513" class="1004" name="trunc_ln187_14_fu_1513">
<pin_list>
<pin id="1514" dir="0" index="0" bw="16" slack="0"/>
<pin id="1515" dir="0" index="1" bw="24" slack="0"/>
<pin id="1516" dir="0" index="2" bw="5" slack="0"/>
<pin id="1517" dir="0" index="3" bw="6" slack="0"/>
<pin id="1518" dir="1" index="4" bw="16" slack="1"/>
</pin_list>
<bind>
<opcode="partselect(1002) " fcode="partselect"/>
<opset="trunc_ln187_14/5 "/>
</bind>
</comp>

<comp id="1523" class="1004" name="sext_ln187_16_fu_1523">
<pin_list>
<pin id="1524" dir="0" index="0" bw="16" slack="1"/>
<pin id="1525" dir="1" index="1" bw="24" slack="0"/>
</pin_list>
<bind>
<opcode="sext(35) " fcode="sext"/>
<opset="sext_ln187_16/5 "/>
</bind>
</comp>

<comp id="1527" class="1004" name="zext_ln187_33_fu_1527">
<pin_list>
<pin id="1528" dir="0" index="0" bw="8" slack="1"/>
<pin id="1529" dir="1" index="1" bw="24" slack="0"/>
</pin_list>
<bind>
<opcode="zext(34) " fcode="zext"/>
<opset="zext_ln187_33/5 "/>
</bind>
</comp>

<comp id="1530" class="1004" name="mul_ln187_16_fu_1530">
<pin_list>
<pin id="1531" dir="0" index="0" bw="8" slack="0"/>
<pin id="1532" dir="0" index="1" bw="16" slack="0"/>
<pin id="1533" dir="1" index="2" bw="24" slack="0"/>
</pin_list>
<bind>
<opcode="mul(12) " fcode="mul"/>
<opset="mul_ln187_16/5 "/>
</bind>
</comp>

<comp id="1536" class="1004" name="trunc_ln187_15_fu_1536">
<pin_list>
<pin id="1537" dir="0" index="0" bw="16" slack="0"/>
<pin id="1538" dir="0" index="1" bw="24" slack="0"/>
<pin id="1539" dir="0" index="2" bw="5" slack="0"/>
<pin id="1540" dir="0" index="3" bw="6" slack="0"/>
<pin id="1541" dir="1" index="4" bw="16" slack="1"/>
</pin_list>
<bind>
<opcode="partselect(1002) " fcode="partselect"/>
<opset="trunc_ln187_15/5 "/>
</bind>
</comp>

<comp id="1546" class="1004" name="sext_ln187_17_fu_1546">
<pin_list>
<pin id="1547" dir="0" index="0" bw="16" slack="1"/>
<pin id="1548" dir="1" index="1" bw="24" slack="0"/>
</pin_list>
<bind>
<opcode="sext(35) " fcode="sext"/>
<opset="sext_ln187_17/5 "/>
</bind>
</comp>

<comp id="1550" class="1004" name="zext_ln187_35_fu_1550">
<pin_list>
<pin id="1551" dir="0" index="0" bw="8" slack="1"/>
<pin id="1552" dir="1" index="1" bw="24" slack="0"/>
</pin_list>
<bind>
<opcode="zext(34) " fcode="zext"/>
<opset="zext_ln187_35/5 "/>
</bind>
</comp>

<comp id="1553" class="1004" name="mul_ln187_17_fu_1553">
<pin_list>
<pin id="1554" dir="0" index="0" bw="8" slack="0"/>
<pin id="1555" dir="0" index="1" bw="16" slack="0"/>
<pin id="1556" dir="1" index="2" bw="24" slack="0"/>
</pin_list>
<bind>
<opcode="mul(12) " fcode="mul"/>
<opset="mul_ln187_17/5 "/>
</bind>
</comp>

<comp id="1559" class="1004" name="trunc_ln187_16_fu_1559">
<pin_list>
<pin id="1560" dir="0" index="0" bw="16" slack="0"/>
<pin id="1561" dir="0" index="1" bw="24" slack="0"/>
<pin id="1562" dir="0" index="2" bw="5" slack="0"/>
<pin id="1563" dir="0" index="3" bw="6" slack="0"/>
<pin id="1564" dir="1" index="4" bw="16" slack="1"/>
</pin_list>
<bind>
<opcode="partselect(1002) " fcode="partselect"/>
<opset="trunc_ln187_16/5 "/>
</bind>
</comp>

<comp id="1569" class="1004" name="sext_ln187_29_fu_1569">
<pin_list>
<pin id="1570" dir="0" index="0" bw="16" slack="1"/>
<pin id="1571" dir="1" index="1" bw="23" slack="0"/>
</pin_list>
<bind>
<opcode="sext(35) " fcode="sext"/>
<opset="sext_ln187_29/5 "/>
</bind>
</comp>

<comp id="1573" class="1004" name="zext_ln187_53_fu_1573">
<pin_list>
<pin id="1574" dir="0" index="0" bw="7" slack="1"/>
<pin id="1575" dir="1" index="1" bw="23" slack="0"/>
</pin_list>
<bind>
<opcode="zext(34) " fcode="zext"/>
<opset="zext_ln187_53/5 "/>
</bind>
</comp>

<comp id="1576" class="1004" name="mul_ln187_26_fu_1576">
<pin_list>
<pin id="1577" dir="0" index="0" bw="7" slack="0"/>
<pin id="1578" dir="0" index="1" bw="16" slack="0"/>
<pin id="1579" dir="1" index="2" bw="23" slack="0"/>
</pin_list>
<bind>
<opcode="mul(12) " fcode="mul"/>
<opset="mul_ln187_26/5 "/>
</bind>
</comp>

<comp id="1582" class="1004" name="trunc_ln187_25_fu_1582">
<pin_list>
<pin id="1583" dir="0" index="0" bw="15" slack="0"/>
<pin id="1584" dir="0" index="1" bw="23" slack="0"/>
<pin id="1585" dir="0" index="2" bw="5" slack="0"/>
<pin id="1586" dir="0" index="3" bw="6" slack="0"/>
<pin id="1587" dir="1" index="4" bw="15" slack="1"/>
</pin_list>
<bind>
<opcode="partselect(1002) " fcode="partselect"/>
<opset="trunc_ln187_25/5 "/>
</bind>
</comp>

<comp id="1592" class="1004" name="sext_ln187_31_fu_1592">
<pin_list>
<pin id="1593" dir="0" index="0" bw="16" slack="1"/>
<pin id="1594" dir="1" index="1" bw="22" slack="0"/>
</pin_list>
<bind>
<opcode="sext(35) " fcode="sext"/>
<opset="sext_ln187_31/5 "/>
</bind>
</comp>

<comp id="1596" class="1004" name="zext_ln187_55_fu_1596">
<pin_list>
<pin id="1597" dir="0" index="0" bw="6" slack="1"/>
<pin id="1598" dir="1" index="1" bw="22" slack="0"/>
</pin_list>
<bind>
<opcode="zext(34) " fcode="zext"/>
<opset="zext_ln187_55/5 "/>
</bind>
</comp>

<comp id="1599" class="1004" name="mul_ln187_27_fu_1599">
<pin_list>
<pin id="1600" dir="0" index="0" bw="6" slack="0"/>
<pin id="1601" dir="0" index="1" bw="16" slack="0"/>
<pin id="1602" dir="1" index="2" bw="22" slack="0"/>
</pin_list>
<bind>
<opcode="mul(12) " fcode="mul"/>
<opset="mul_ln187_27/5 "/>
</bind>
</comp>

<comp id="1605" class="1004" name="trunc_ln187_26_fu_1605">
<pin_list>
<pin id="1606" dir="0" index="0" bw="14" slack="0"/>
<pin id="1607" dir="0" index="1" bw="22" slack="0"/>
<pin id="1608" dir="0" index="2" bw="5" slack="0"/>
<pin id="1609" dir="0" index="3" bw="6" slack="0"/>
<pin id="1610" dir="1" index="4" bw="14" slack="1"/>
</pin_list>
<bind>
<opcode="partselect(1002) " fcode="partselect"/>
<opset="trunc_ln187_26/5 "/>
</bind>
</comp>

<comp id="1615" class="1004" name="sext_ln187_33_fu_1615">
<pin_list>
<pin id="1616" dir="0" index="0" bw="16" slack="1"/>
<pin id="1617" dir="1" index="1" bw="22" slack="0"/>
</pin_list>
<bind>
<opcode="sext(35) " fcode="sext"/>
<opset="sext_ln187_33/5 "/>
</bind>
</comp>

<comp id="1619" class="1004" name="zext_ln187_57_fu_1619">
<pin_list>
<pin id="1620" dir="0" index="0" bw="6" slack="1"/>
<pin id="1621" dir="1" index="1" bw="22" slack="0"/>
</pin_list>
<bind>
<opcode="zext(34) " fcode="zext"/>
<opset="zext_ln187_57/5 "/>
</bind>
</comp>

<comp id="1622" class="1004" name="mul_ln187_28_fu_1622">
<pin_list>
<pin id="1623" dir="0" index="0" bw="6" slack="0"/>
<pin id="1624" dir="0" index="1" bw="16" slack="0"/>
<pin id="1625" dir="1" index="2" bw="22" slack="0"/>
</pin_list>
<bind>
<opcode="mul(12) " fcode="mul"/>
<opset="mul_ln187_28/5 "/>
</bind>
</comp>

<comp id="1628" class="1004" name="trunc_ln187_27_fu_1628">
<pin_list>
<pin id="1629" dir="0" index="0" bw="14" slack="0"/>
<pin id="1630" dir="0" index="1" bw="22" slack="0"/>
<pin id="1631" dir="0" index="2" bw="5" slack="0"/>
<pin id="1632" dir="0" index="3" bw="6" slack="0"/>
<pin id="1633" dir="1" index="4" bw="14" slack="1"/>
</pin_list>
<bind>
<opcode="partselect(1002) " fcode="partselect"/>
<opset="trunc_ln187_27/5 "/>
</bind>
</comp>

<comp id="1638" class="1004" name="sext_ln187_35_fu_1638">
<pin_list>
<pin id="1639" dir="0" index="0" bw="16" slack="1"/>
<pin id="1640" dir="1" index="1" bw="21" slack="0"/>
</pin_list>
<bind>
<opcode="sext(35) " fcode="sext"/>
<opset="sext_ln187_35/5 "/>
</bind>
</comp>

<comp id="1642" class="1004" name="zext_ln187_59_fu_1642">
<pin_list>
<pin id="1643" dir="0" index="0" bw="5" slack="1"/>
<pin id="1644" dir="1" index="1" bw="21" slack="0"/>
</pin_list>
<bind>
<opcode="zext(34) " fcode="zext"/>
<opset="zext_ln187_59/5 "/>
</bind>
</comp>

<comp id="1645" class="1004" name="mul_ln187_29_fu_1645">
<pin_list>
<pin id="1646" dir="0" index="0" bw="5" slack="0"/>
<pin id="1647" dir="0" index="1" bw="16" slack="0"/>
<pin id="1648" dir="1" index="2" bw="21" slack="0"/>
</pin_list>
<bind>
<opcode="mul(12) " fcode="mul"/>
<opset="mul_ln187_29/5 "/>
</bind>
</comp>

<comp id="1651" class="1004" name="trunc_ln187_28_fu_1651">
<pin_list>
<pin id="1652" dir="0" index="0" bw="13" slack="0"/>
<pin id="1653" dir="0" index="1" bw="21" slack="0"/>
<pin id="1654" dir="0" index="2" bw="5" slack="0"/>
<pin id="1655" dir="0" index="3" bw="6" slack="0"/>
<pin id="1656" dir="1" index="4" bw="13" slack="1"/>
</pin_list>
<bind>
<opcode="partselect(1002) " fcode="partselect"/>
<opset="trunc_ln187_28/5 "/>
</bind>
</comp>

<comp id="1661" class="1004" name="sext_ln187_1_fu_1661">
<pin_list>
<pin id="1662" dir="0" index="0" bw="16" slack="1"/>
<pin id="1663" dir="1" index="1" bw="24" slack="0"/>
</pin_list>
<bind>
<opcode="sext(35) " fcode="sext"/>
<opset="sext_ln187_1/6 "/>
</bind>
</comp>

<comp id="1665" class="1004" name="zext_ln187_3_fu_1665">
<pin_list>
<pin id="1666" dir="0" index="0" bw="8" slack="2"/>
<pin id="1667" dir="1" index="1" bw="24" slack="0"/>
</pin_list>
<bind>
<opcode="zext(34) " fcode="zext"/>
<opset="zext_ln187_3/6 "/>
</bind>
</comp>

<comp id="1668" class="1004" name="mul_ln187_1_fu_1668">
<pin_list>
<pin id="1669" dir="0" index="0" bw="8" slack="0"/>
<pin id="1670" dir="0" index="1" bw="16" slack="0"/>
<pin id="1671" dir="1" index="2" bw="24" slack="0"/>
</pin_list>
<bind>
<opcode="mul(12) " fcode="mul"/>
<opset="mul_ln187_1/6 "/>
</bind>
</comp>

<comp id="1674" class="1004" name="trunc_ln187_1_fu_1674">
<pin_list>
<pin id="1675" dir="0" index="0" bw="16" slack="0"/>
<pin id="1676" dir="0" index="1" bw="24" slack="0"/>
<pin id="1677" dir="0" index="2" bw="5" slack="0"/>
<pin id="1678" dir="0" index="3" bw="6" slack="0"/>
<pin id="1679" dir="1" index="4" bw="16" slack="1"/>
</pin_list>
<bind>
<opcode="partselect(1002) " fcode="partselect"/>
<opset="trunc_ln187_1/6 "/>
</bind>
</comp>

<comp id="1684" class="1004" name="sext_ln187_2_fu_1684">
<pin_list>
<pin id="1685" dir="0" index="0" bw="16" slack="1"/>
<pin id="1686" dir="1" index="1" bw="24" slack="0"/>
</pin_list>
<bind>
<opcode="sext(35) " fcode="sext"/>
<opset="sext_ln187_2/6 "/>
</bind>
</comp>

<comp id="1688" class="1004" name="zext_ln187_5_fu_1688">
<pin_list>
<pin id="1689" dir="0" index="0" bw="8" slack="2"/>
<pin id="1690" dir="1" index="1" bw="24" slack="0"/>
</pin_list>
<bind>
<opcode="zext(34) " fcode="zext"/>
<opset="zext_ln187_5/6 "/>
</bind>
</comp>

<comp id="1691" class="1004" name="mul_ln187_2_fu_1691">
<pin_list>
<pin id="1692" dir="0" index="0" bw="8" slack="0"/>
<pin id="1693" dir="0" index="1" bw="16" slack="0"/>
<pin id="1694" dir="1" index="2" bw="24" slack="0"/>
</pin_list>
<bind>
<opcode="mul(12) " fcode="mul"/>
<opset="mul_ln187_2/6 "/>
</bind>
</comp>

<comp id="1697" class="1004" name="trunc_ln187_2_fu_1697">
<pin_list>
<pin id="1698" dir="0" index="0" bw="16" slack="0"/>
<pin id="1699" dir="0" index="1" bw="24" slack="0"/>
<pin id="1700" dir="0" index="2" bw="5" slack="0"/>
<pin id="1701" dir="0" index="3" bw="6" slack="0"/>
<pin id="1702" dir="1" index="4" bw="16" slack="1"/>
</pin_list>
<bind>
<opcode="partselect(1002) " fcode="partselect"/>
<opset="trunc_ln187_2/6 "/>
</bind>
</comp>

<comp id="1707" class="1004" name="sext_ln187_7_fu_1707">
<pin_list>
<pin id="1708" dir="0" index="0" bw="16" slack="1"/>
<pin id="1709" dir="1" index="1" bw="24" slack="0"/>
</pin_list>
<bind>
<opcode="sext(35) " fcode="sext"/>
<opset="sext_ln187_7/6 "/>
</bind>
</comp>

<comp id="1711" class="1004" name="zext_ln187_15_fu_1711">
<pin_list>
<pin id="1712" dir="0" index="0" bw="8" slack="2"/>
<pin id="1713" dir="1" index="1" bw="24" slack="0"/>
</pin_list>
<bind>
<opcode="zext(34) " fcode="zext"/>
<opset="zext_ln187_15/6 "/>
</bind>
</comp>

<comp id="1714" class="1004" name="mul_ln187_7_fu_1714">
<pin_list>
<pin id="1715" dir="0" index="0" bw="8" slack="0"/>
<pin id="1716" dir="0" index="1" bw="16" slack="0"/>
<pin id="1717" dir="1" index="2" bw="24" slack="0"/>
</pin_list>
<bind>
<opcode="mul(12) " fcode="mul"/>
<opset="mul_ln187_7/6 "/>
</bind>
</comp>

<comp id="1720" class="1004" name="trunc_ln187_7_fu_1720">
<pin_list>
<pin id="1721" dir="0" index="0" bw="16" slack="0"/>
<pin id="1722" dir="0" index="1" bw="24" slack="0"/>
<pin id="1723" dir="0" index="2" bw="5" slack="0"/>
<pin id="1724" dir="0" index="3" bw="6" slack="0"/>
<pin id="1725" dir="1" index="4" bw="16" slack="1"/>
</pin_list>
<bind>
<opcode="partselect(1002) " fcode="partselect"/>
<opset="trunc_ln187_7/6 "/>
</bind>
</comp>

<comp id="1730" class="1004" name="sext_ln187_8_fu_1730">
<pin_list>
<pin id="1731" dir="0" index="0" bw="16" slack="1"/>
<pin id="1732" dir="1" index="1" bw="24" slack="0"/>
</pin_list>
<bind>
<opcode="sext(35) " fcode="sext"/>
<opset="sext_ln187_8/6 "/>
</bind>
</comp>

<comp id="1734" class="1004" name="zext_ln187_17_fu_1734">
<pin_list>
<pin id="1735" dir="0" index="0" bw="8" slack="2"/>
<pin id="1736" dir="1" index="1" bw="24" slack="0"/>
</pin_list>
<bind>
<opcode="zext(34) " fcode="zext"/>
<opset="zext_ln187_17/6 "/>
</bind>
</comp>

<comp id="1737" class="1004" name="mul_ln187_8_fu_1737">
<pin_list>
<pin id="1738" dir="0" index="0" bw="8" slack="0"/>
<pin id="1739" dir="0" index="1" bw="16" slack="0"/>
<pin id="1740" dir="1" index="2" bw="24" slack="0"/>
</pin_list>
<bind>
<opcode="mul(12) " fcode="mul"/>
<opset="mul_ln187_8/6 "/>
</bind>
</comp>

<comp id="1743" class="1004" name="trunc_ln187_8_fu_1743">
<pin_list>
<pin id="1744" dir="0" index="0" bw="16" slack="0"/>
<pin id="1745" dir="0" index="1" bw="24" slack="0"/>
<pin id="1746" dir="0" index="2" bw="5" slack="0"/>
<pin id="1747" dir="0" index="3" bw="6" slack="0"/>
<pin id="1748" dir="1" index="4" bw="16" slack="1"/>
</pin_list>
<bind>
<opcode="partselect(1002) " fcode="partselect"/>
<opset="trunc_ln187_8/6 "/>
</bind>
</comp>

<comp id="1753" class="1004" name="sext_ln187_9_fu_1753">
<pin_list>
<pin id="1754" dir="0" index="0" bw="16" slack="1"/>
<pin id="1755" dir="1" index="1" bw="24" slack="0"/>
</pin_list>
<bind>
<opcode="sext(35) " fcode="sext"/>
<opset="sext_ln187_9/6 "/>
</bind>
</comp>

<comp id="1757" class="1004" name="zext_ln187_19_fu_1757">
<pin_list>
<pin id="1758" dir="0" index="0" bw="8" slack="2"/>
<pin id="1759" dir="1" index="1" bw="24" slack="0"/>
</pin_list>
<bind>
<opcode="zext(34) " fcode="zext"/>
<opset="zext_ln187_19/6 "/>
</bind>
</comp>

<comp id="1760" class="1004" name="mul_ln187_9_fu_1760">
<pin_list>
<pin id="1761" dir="0" index="0" bw="8" slack="0"/>
<pin id="1762" dir="0" index="1" bw="16" slack="0"/>
<pin id="1763" dir="1" index="2" bw="24" slack="0"/>
</pin_list>
<bind>
<opcode="mul(12) " fcode="mul"/>
<opset="mul_ln187_9/6 "/>
</bind>
</comp>

<comp id="1766" class="1004" name="trunc_ln187_9_fu_1766">
<pin_list>
<pin id="1767" dir="0" index="0" bw="16" slack="0"/>
<pin id="1768" dir="0" index="1" bw="24" slack="0"/>
<pin id="1769" dir="0" index="2" bw="5" slack="0"/>
<pin id="1770" dir="0" index="3" bw="6" slack="0"/>
<pin id="1771" dir="1" index="4" bw="16" slack="1"/>
</pin_list>
<bind>
<opcode="partselect(1002) " fcode="partselect"/>
<opset="trunc_ln187_9/6 "/>
</bind>
</comp>

<comp id="1776" class="1004" name="sext_ln187_10_fu_1776">
<pin_list>
<pin id="1777" dir="0" index="0" bw="16" slack="1"/>
<pin id="1778" dir="1" index="1" bw="24" slack="0"/>
</pin_list>
<bind>
<opcode="sext(35) " fcode="sext"/>
<opset="sext_ln187_10/6 "/>
</bind>
</comp>

<comp id="1780" class="1004" name="zext_ln187_21_fu_1780">
<pin_list>
<pin id="1781" dir="0" index="0" bw="8" slack="2"/>
<pin id="1782" dir="1" index="1" bw="24" slack="0"/>
</pin_list>
<bind>
<opcode="zext(34) " fcode="zext"/>
<opset="zext_ln187_21/6 "/>
</bind>
</comp>

<comp id="1783" class="1004" name="mul_ln187_10_fu_1783">
<pin_list>
<pin id="1784" dir="0" index="0" bw="8" slack="0"/>
<pin id="1785" dir="0" index="1" bw="16" slack="0"/>
<pin id="1786" dir="1" index="2" bw="24" slack="0"/>
</pin_list>
<bind>
<opcode="mul(12) " fcode="mul"/>
<opset="mul_ln187_10/6 "/>
</bind>
</comp>

<comp id="1789" class="1004" name="trunc_ln187_s_fu_1789">
<pin_list>
<pin id="1790" dir="0" index="0" bw="16" slack="0"/>
<pin id="1791" dir="0" index="1" bw="24" slack="0"/>
<pin id="1792" dir="0" index="2" bw="5" slack="0"/>
<pin id="1793" dir="0" index="3" bw="6" slack="0"/>
<pin id="1794" dir="1" index="4" bw="16" slack="1"/>
</pin_list>
<bind>
<opcode="partselect(1002) " fcode="partselect"/>
<opset="trunc_ln187_s/6 "/>
</bind>
</comp>

<comp id="1799" class="1004" name="sext_ln187_18_fu_1799">
<pin_list>
<pin id="1800" dir="0" index="0" bw="16" slack="1"/>
<pin id="1801" dir="1" index="1" bw="24" slack="0"/>
</pin_list>
<bind>
<opcode="sext(35) " fcode="sext"/>
<opset="sext_ln187_18/6 "/>
</bind>
</comp>

<comp id="1803" class="1004" name="zext_ln187_37_fu_1803">
<pin_list>
<pin id="1804" dir="0" index="0" bw="8" slack="2"/>
<pin id="1805" dir="1" index="1" bw="24" slack="0"/>
</pin_list>
<bind>
<opcode="zext(34) " fcode="zext"/>
<opset="zext_ln187_37/6 "/>
</bind>
</comp>

<comp id="1806" class="1004" name="mul_ln187_18_fu_1806">
<pin_list>
<pin id="1807" dir="0" index="0" bw="8" slack="0"/>
<pin id="1808" dir="0" index="1" bw="16" slack="0"/>
<pin id="1809" dir="1" index="2" bw="24" slack="0"/>
</pin_list>
<bind>
<opcode="mul(12) " fcode="mul"/>
<opset="mul_ln187_18/6 "/>
</bind>
</comp>

<comp id="1812" class="1004" name="trunc_ln187_17_fu_1812">
<pin_list>
<pin id="1813" dir="0" index="0" bw="16" slack="0"/>
<pin id="1814" dir="0" index="1" bw="24" slack="0"/>
<pin id="1815" dir="0" index="2" bw="5" slack="0"/>
<pin id="1816" dir="0" index="3" bw="6" slack="0"/>
<pin id="1817" dir="1" index="4" bw="16" slack="1"/>
</pin_list>
<bind>
<opcode="partselect(1002) " fcode="partselect"/>
<opset="trunc_ln187_17/6 "/>
</bind>
</comp>

<comp id="1822" class="1004" name="sext_ln187_19_fu_1822">
<pin_list>
<pin id="1823" dir="0" index="0" bw="16" slack="1"/>
<pin id="1824" dir="1" index="1" bw="24" slack="0"/>
</pin_list>
<bind>
<opcode="sext(35) " fcode="sext"/>
<opset="sext_ln187_19/6 "/>
</bind>
</comp>

<comp id="1826" class="1004" name="zext_ln187_39_fu_1826">
<pin_list>
<pin id="1827" dir="0" index="0" bw="8" slack="2"/>
<pin id="1828" dir="1" index="1" bw="24" slack="0"/>
</pin_list>
<bind>
<opcode="zext(34) " fcode="zext"/>
<opset="zext_ln187_39/6 "/>
</bind>
</comp>

<comp id="1829" class="1004" name="mul_ln187_19_fu_1829">
<pin_list>
<pin id="1830" dir="0" index="0" bw="8" slack="0"/>
<pin id="1831" dir="0" index="1" bw="16" slack="0"/>
<pin id="1832" dir="1" index="2" bw="24" slack="0"/>
</pin_list>
<bind>
<opcode="mul(12) " fcode="mul"/>
<opset="mul_ln187_19/6 "/>
</bind>
</comp>

<comp id="1835" class="1004" name="trunc_ln187_18_fu_1835">
<pin_list>
<pin id="1836" dir="0" index="0" bw="16" slack="0"/>
<pin id="1837" dir="0" index="1" bw="24" slack="0"/>
<pin id="1838" dir="0" index="2" bw="5" slack="0"/>
<pin id="1839" dir="0" index="3" bw="6" slack="0"/>
<pin id="1840" dir="1" index="4" bw="16" slack="1"/>
</pin_list>
<bind>
<opcode="partselect(1002) " fcode="partselect"/>
<opset="trunc_ln187_18/6 "/>
</bind>
</comp>

<comp id="1845" class="1004" name="sext_ln187_20_fu_1845">
<pin_list>
<pin id="1846" dir="0" index="0" bw="16" slack="1"/>
<pin id="1847" dir="1" index="1" bw="24" slack="0"/>
</pin_list>
<bind>
<opcode="sext(35) " fcode="sext"/>
<opset="sext_ln187_20/6 "/>
</bind>
</comp>

<comp id="1849" class="1004" name="zext_ln187_41_fu_1849">
<pin_list>
<pin id="1850" dir="0" index="0" bw="8" slack="2"/>
<pin id="1851" dir="1" index="1" bw="24" slack="0"/>
</pin_list>
<bind>
<opcode="zext(34) " fcode="zext"/>
<opset="zext_ln187_41/6 "/>
</bind>
</comp>

<comp id="1852" class="1004" name="mul_ln187_20_fu_1852">
<pin_list>
<pin id="1853" dir="0" index="0" bw="8" slack="0"/>
<pin id="1854" dir="0" index="1" bw="16" slack="0"/>
<pin id="1855" dir="1" index="2" bw="24" slack="0"/>
</pin_list>
<bind>
<opcode="mul(12) " fcode="mul"/>
<opset="mul_ln187_20/6 "/>
</bind>
</comp>

<comp id="1858" class="1004" name="trunc_ln187_19_fu_1858">
<pin_list>
<pin id="1859" dir="0" index="0" bw="16" slack="0"/>
<pin id="1860" dir="0" index="1" bw="24" slack="0"/>
<pin id="1861" dir="0" index="2" bw="5" slack="0"/>
<pin id="1862" dir="0" index="3" bw="6" slack="0"/>
<pin id="1863" dir="1" index="4" bw="16" slack="1"/>
</pin_list>
<bind>
<opcode="partselect(1002) " fcode="partselect"/>
<opset="trunc_ln187_19/6 "/>
</bind>
</comp>

<comp id="1868" class="1004" name="sext_ln187_21_fu_1868">
<pin_list>
<pin id="1869" dir="0" index="0" bw="16" slack="1"/>
<pin id="1870" dir="1" index="1" bw="24" slack="0"/>
</pin_list>
<bind>
<opcode="sext(35) " fcode="sext"/>
<opset="sext_ln187_21/6 "/>
</bind>
</comp>

<comp id="1872" class="1004" name="zext_ln187_43_fu_1872">
<pin_list>
<pin id="1873" dir="0" index="0" bw="8" slack="2"/>
<pin id="1874" dir="1" index="1" bw="24" slack="0"/>
</pin_list>
<bind>
<opcode="zext(34) " fcode="zext"/>
<opset="zext_ln187_43/6 "/>
</bind>
</comp>

<comp id="1875" class="1004" name="mul_ln187_21_fu_1875">
<pin_list>
<pin id="1876" dir="0" index="0" bw="8" slack="0"/>
<pin id="1877" dir="0" index="1" bw="16" slack="0"/>
<pin id="1878" dir="1" index="2" bw="24" slack="0"/>
</pin_list>
<bind>
<opcode="mul(12) " fcode="mul"/>
<opset="mul_ln187_21/6 "/>
</bind>
</comp>

<comp id="1881" class="1004" name="trunc_ln187_20_fu_1881">
<pin_list>
<pin id="1882" dir="0" index="0" bw="16" slack="0"/>
<pin id="1883" dir="0" index="1" bw="24" slack="0"/>
<pin id="1884" dir="0" index="2" bw="5" slack="0"/>
<pin id="1885" dir="0" index="3" bw="6" slack="0"/>
<pin id="1886" dir="1" index="4" bw="16" slack="1"/>
</pin_list>
<bind>
<opcode="partselect(1002) " fcode="partselect"/>
<opset="trunc_ln187_20/6 "/>
</bind>
</comp>

<comp id="1891" class="1004" name="sext_ln187_22_fu_1891">
<pin_list>
<pin id="1892" dir="0" index="0" bw="16" slack="1"/>
<pin id="1893" dir="1" index="1" bw="24" slack="0"/>
</pin_list>
<bind>
<opcode="sext(35) " fcode="sext"/>
<opset="sext_ln187_22/6 "/>
</bind>
</comp>

<comp id="1895" class="1004" name="zext_ln187_45_fu_1895">
<pin_list>
<pin id="1896" dir="0" index="0" bw="8" slack="2"/>
<pin id="1897" dir="1" index="1" bw="24" slack="0"/>
</pin_list>
<bind>
<opcode="zext(34) " fcode="zext"/>
<opset="zext_ln187_45/6 "/>
</bind>
</comp>

<comp id="1898" class="1004" name="mul_ln187_22_fu_1898">
<pin_list>
<pin id="1899" dir="0" index="0" bw="8" slack="0"/>
<pin id="1900" dir="0" index="1" bw="16" slack="0"/>
<pin id="1901" dir="1" index="2" bw="24" slack="0"/>
</pin_list>
<bind>
<opcode="mul(12) " fcode="mul"/>
<opset="mul_ln187_22/6 "/>
</bind>
</comp>

<comp id="1904" class="1004" name="trunc_ln187_21_fu_1904">
<pin_list>
<pin id="1905" dir="0" index="0" bw="16" slack="0"/>
<pin id="1906" dir="0" index="1" bw="24" slack="0"/>
<pin id="1907" dir="0" index="2" bw="5" slack="0"/>
<pin id="1908" dir="0" index="3" bw="6" slack="0"/>
<pin id="1909" dir="1" index="4" bw="16" slack="1"/>
</pin_list>
<bind>
<opcode="partselect(1002) " fcode="partselect"/>
<opset="trunc_ln187_21/6 "/>
</bind>
</comp>

<comp id="1914" class="1004" name="sext_ln187_23_fu_1914">
<pin_list>
<pin id="1915" dir="0" index="0" bw="16" slack="1"/>
<pin id="1916" dir="1" index="1" bw="23" slack="0"/>
</pin_list>
<bind>
<opcode="sext(35) " fcode="sext"/>
<opset="sext_ln187_23/6 "/>
</bind>
</comp>

<comp id="1918" class="1004" name="zext_ln187_47_fu_1918">
<pin_list>
<pin id="1919" dir="0" index="0" bw="7" slack="2"/>
<pin id="1920" dir="1" index="1" bw="23" slack="0"/>
</pin_list>
<bind>
<opcode="zext(34) " fcode="zext"/>
<opset="zext_ln187_47/6 "/>
</bind>
</comp>

<comp id="1921" class="1004" name="mul_ln187_23_fu_1921">
<pin_list>
<pin id="1922" dir="0" index="0" bw="7" slack="0"/>
<pin id="1923" dir="0" index="1" bw="16" slack="0"/>
<pin id="1924" dir="1" index="2" bw="23" slack="0"/>
</pin_list>
<bind>
<opcode="mul(12) " fcode="mul"/>
<opset="mul_ln187_23/6 "/>
</bind>
</comp>

<comp id="1927" class="1004" name="trunc_ln187_22_fu_1927">
<pin_list>
<pin id="1928" dir="0" index="0" bw="15" slack="0"/>
<pin id="1929" dir="0" index="1" bw="23" slack="0"/>
<pin id="1930" dir="0" index="2" bw="5" slack="0"/>
<pin id="1931" dir="0" index="3" bw="6" slack="0"/>
<pin id="1932" dir="1" index="4" bw="15" slack="1"/>
</pin_list>
<bind>
<opcode="partselect(1002) " fcode="partselect"/>
<opset="trunc_ln187_22/6 "/>
</bind>
</comp>

<comp id="1937" class="1004" name="sext_ln187_25_fu_1937">
<pin_list>
<pin id="1938" dir="0" index="0" bw="16" slack="1"/>
<pin id="1939" dir="1" index="1" bw="23" slack="0"/>
</pin_list>
<bind>
<opcode="sext(35) " fcode="sext"/>
<opset="sext_ln187_25/6 "/>
</bind>
</comp>

<comp id="1941" class="1004" name="zext_ln187_49_fu_1941">
<pin_list>
<pin id="1942" dir="0" index="0" bw="7" slack="2"/>
<pin id="1943" dir="1" index="1" bw="23" slack="0"/>
</pin_list>
<bind>
<opcode="zext(34) " fcode="zext"/>
<opset="zext_ln187_49/6 "/>
</bind>
</comp>

<comp id="1944" class="1004" name="mul_ln187_24_fu_1944">
<pin_list>
<pin id="1945" dir="0" index="0" bw="7" slack="0"/>
<pin id="1946" dir="0" index="1" bw="16" slack="0"/>
<pin id="1947" dir="1" index="2" bw="23" slack="0"/>
</pin_list>
<bind>
<opcode="mul(12) " fcode="mul"/>
<opset="mul_ln187_24/6 "/>
</bind>
</comp>

<comp id="1950" class="1004" name="trunc_ln187_23_fu_1950">
<pin_list>
<pin id="1951" dir="0" index="0" bw="15" slack="0"/>
<pin id="1952" dir="0" index="1" bw="23" slack="0"/>
<pin id="1953" dir="0" index="2" bw="5" slack="0"/>
<pin id="1954" dir="0" index="3" bw="6" slack="0"/>
<pin id="1955" dir="1" index="4" bw="15" slack="1"/>
</pin_list>
<bind>
<opcode="partselect(1002) " fcode="partselect"/>
<opset="trunc_ln187_23/6 "/>
</bind>
</comp>

<comp id="1960" class="1004" name="sext_ln187_27_fu_1960">
<pin_list>
<pin id="1961" dir="0" index="0" bw="16" slack="1"/>
<pin id="1962" dir="1" index="1" bw="23" slack="0"/>
</pin_list>
<bind>
<opcode="sext(35) " fcode="sext"/>
<opset="sext_ln187_27/6 "/>
</bind>
</comp>

<comp id="1964" class="1004" name="zext_ln187_51_fu_1964">
<pin_list>
<pin id="1965" dir="0" index="0" bw="7" slack="2"/>
<pin id="1966" dir="1" index="1" bw="23" slack="0"/>
</pin_list>
<bind>
<opcode="zext(34) " fcode="zext"/>
<opset="zext_ln187_51/6 "/>
</bind>
</comp>

<comp id="1967" class="1004" name="mul_ln187_25_fu_1967">
<pin_list>
<pin id="1968" dir="0" index="0" bw="7" slack="0"/>
<pin id="1969" dir="0" index="1" bw="16" slack="0"/>
<pin id="1970" dir="1" index="2" bw="23" slack="0"/>
</pin_list>
<bind>
<opcode="mul(12) " fcode="mul"/>
<opset="mul_ln187_25/6 "/>
</bind>
</comp>

<comp id="1973" class="1004" name="trunc_ln187_24_fu_1973">
<pin_list>
<pin id="1974" dir="0" index="0" bw="15" slack="0"/>
<pin id="1975" dir="0" index="1" bw="23" slack="0"/>
<pin id="1976" dir="0" index="2" bw="5" slack="0"/>
<pin id="1977" dir="0" index="3" bw="6" slack="0"/>
<pin id="1978" dir="1" index="4" bw="15" slack="1"/>
</pin_list>
<bind>
<opcode="partselect(1002) " fcode="partselect"/>
<opset="trunc_ln187_24/6 "/>
</bind>
</comp>

<comp id="1983" class="1004" name="sext_ln187_30_fu_1983">
<pin_list>
<pin id="1984" dir="0" index="0" bw="15" slack="1"/>
<pin id="1985" dir="1" index="1" bw="16" slack="0"/>
</pin_list>
<bind>
<opcode="sext(35) " fcode="sext"/>
<opset="sext_ln187_30/6 "/>
</bind>
</comp>

<comp id="1986" class="1004" name="sext_ln187_32_fu_1986">
<pin_list>
<pin id="1987" dir="0" index="0" bw="14" slack="1"/>
<pin id="1988" dir="1" index="1" bw="16" slack="0"/>
</pin_list>
<bind>
<opcode="sext(35) " fcode="sext"/>
<opset="sext_ln187_32/6 "/>
</bind>
</comp>

<comp id="1989" class="1004" name="sext_ln187_34_fu_1989">
<pin_list>
<pin id="1990" dir="0" index="0" bw="14" slack="1"/>
<pin id="1991" dir="1" index="1" bw="15" slack="0"/>
</pin_list>
<bind>
<opcode="sext(35) " fcode="sext"/>
<opset="sext_ln187_34/6 "/>
</bind>
</comp>

<comp id="1992" class="1004" name="sext_ln187_36_fu_1992">
<pin_list>
<pin id="1993" dir="0" index="0" bw="13" slack="1"/>
<pin id="1994" dir="1" index="1" bw="15" slack="0"/>
</pin_list>
<bind>
<opcode="sext(35) " fcode="sext"/>
<opset="sext_ln187_36/6 "/>
</bind>
</comp>

<comp id="1995" class="1004" name="add_ln187_31_fu_1995">
<pin_list>
<pin id="1996" dir="0" index="0" bw="16" slack="1"/>
<pin id="1997" dir="0" index="1" bw="16" slack="1"/>
<pin id="1998" dir="1" index="2" bw="16" slack="0"/>
</pin_list>
<bind>
<opcode="add(8) " fcode="add"/>
<opset="add_ln187_31/6 "/>
</bind>
</comp>

<comp id="1999" class="1004" name="add_ln187_32_fu_1999">
<pin_list>
<pin id="2000" dir="0" index="0" bw="16" slack="1"/>
<pin id="2001" dir="0" index="1" bw="16" slack="1"/>
<pin id="2002" dir="1" index="2" bw="16" slack="0"/>
</pin_list>
<bind>
<opcode="add(8) " fcode="add"/>
<opset="add_ln187_32/6 "/>
</bind>
</comp>

<comp id="2003" class="1004" name="add_ln187_33_fu_2003">
<pin_list>
<pin id="2004" dir="0" index="0" bw="16" slack="0"/>
<pin id="2005" dir="0" index="1" bw="16" slack="0"/>
<pin id="2006" dir="1" index="2" bw="16" slack="1"/>
</pin_list>
<bind>
<opcode="add(8) " fcode="add"/>
<opset="add_ln187_33/6 "/>
</bind>
</comp>

<comp id="2009" class="1004" name="add_ln187_38_fu_2009">
<pin_list>
<pin id="2010" dir="0" index="0" bw="16" slack="1"/>
<pin id="2011" dir="0" index="1" bw="16" slack="1"/>
<pin id="2012" dir="1" index="2" bw="16" slack="0"/>
</pin_list>
<bind>
<opcode="add(8) " fcode="add"/>
<opset="add_ln187_38/6 "/>
</bind>
</comp>

<comp id="2013" class="1004" name="add_ln187_39_fu_2013">
<pin_list>
<pin id="2014" dir="0" index="0" bw="16" slack="1"/>
<pin id="2015" dir="0" index="1" bw="16" slack="1"/>
<pin id="2016" dir="1" index="2" bw="16" slack="0"/>
</pin_list>
<bind>
<opcode="add(8) " fcode="add"/>
<opset="add_ln187_39/6 "/>
</bind>
</comp>

<comp id="2017" class="1004" name="add_ln187_40_fu_2017">
<pin_list>
<pin id="2018" dir="0" index="0" bw="16" slack="0"/>
<pin id="2019" dir="0" index="1" bw="16" slack="0"/>
<pin id="2020" dir="1" index="2" bw="16" slack="1"/>
</pin_list>
<bind>
<opcode="add(8) " fcode="add"/>
<opset="add_ln187_40/6 "/>
</bind>
</comp>

<comp id="2023" class="1004" name="add_ln187_43_fu_2023">
<pin_list>
<pin id="2024" dir="0" index="0" bw="16" slack="1"/>
<pin id="2025" dir="0" index="1" bw="16" slack="1"/>
<pin id="2026" dir="1" index="2" bw="16" slack="0"/>
</pin_list>
<bind>
<opcode="add(8) " fcode="add"/>
<opset="add_ln187_43/6 "/>
</bind>
</comp>

<comp id="2027" class="1004" name="add_ln187_44_fu_2027">
<pin_list>
<pin id="2028" dir="0" index="0" bw="16" slack="0"/>
<pin id="2029" dir="0" index="1" bw="16" slack="1"/>
<pin id="2030" dir="1" index="2" bw="16" slack="2"/>
</pin_list>
<bind>
<opcode="add(8) " fcode="add"/>
<opset="add_ln187_44/6 "/>
</bind>
</comp>

<comp id="2032" class="1004" name="add_ln187_52_fu_2032">
<pin_list>
<pin id="2033" dir="0" index="0" bw="15" slack="0"/>
<pin id="2034" dir="0" index="1" bw="14" slack="0"/>
<pin id="2035" dir="1" index="2" bw="16" slack="0"/>
</pin_list>
<bind>
<opcode="add(8) " fcode="add"/>
<opset="add_ln187_52/6 "/>
</bind>
</comp>

<comp id="2038" class="1004" name="add_ln187_53_fu_2038">
<pin_list>
<pin id="2039" dir="0" index="0" bw="14" slack="0"/>
<pin id="2040" dir="0" index="1" bw="13" slack="0"/>
<pin id="2041" dir="1" index="2" bw="15" slack="0"/>
</pin_list>
<bind>
<opcode="add(8) " fcode="add"/>
<opset="add_ln187_53/6 "/>
</bind>
</comp>

<comp id="2044" class="1004" name="sext_ln187_37_fu_2044">
<pin_list>
<pin id="2045" dir="0" index="0" bw="15" slack="0"/>
<pin id="2046" dir="1" index="1" bw="16" slack="0"/>
</pin_list>
<bind>
<opcode="sext(35) " fcode="sext"/>
<opset="sext_ln187_37/6 "/>
</bind>
</comp>

<comp id="2048" class="1004" name="add_ln187_54_fu_2048">
<pin_list>
<pin id="2049" dir="0" index="0" bw="15" slack="0"/>
<pin id="2050" dir="0" index="1" bw="16" slack="0"/>
<pin id="2051" dir="1" index="2" bw="16" slack="1"/>
</pin_list>
<bind>
<opcode="add(8) " fcode="add"/>
<opset="add_ln187_54/6 "/>
</bind>
</comp>

<comp id="2054" class="1004" name="sext_ln187_24_fu_2054">
<pin_list>
<pin id="2055" dir="0" index="0" bw="15" slack="1"/>
<pin id="2056" dir="1" index="1" bw="16" slack="0"/>
</pin_list>
<bind>
<opcode="sext(35) " fcode="sext"/>
<opset="sext_ln187_24/7 "/>
</bind>
</comp>

<comp id="2057" class="1004" name="sext_ln187_26_fu_2057">
<pin_list>
<pin id="2058" dir="0" index="0" bw="15" slack="1"/>
<pin id="2059" dir="1" index="1" bw="16" slack="0"/>
</pin_list>
<bind>
<opcode="sext(35) " fcode="sext"/>
<opset="sext_ln187_26/7 "/>
</bind>
</comp>

<comp id="2060" class="1004" name="sext_ln187_28_fu_2060">
<pin_list>
<pin id="2061" dir="0" index="0" bw="15" slack="1"/>
<pin id="2062" dir="1" index="1" bw="16" slack="0"/>
</pin_list>
<bind>
<opcode="sext(35) " fcode="sext"/>
<opset="sext_ln187_28/7 "/>
</bind>
</comp>

<comp id="2063" class="1004" name="add_ln187_29_fu_2063">
<pin_list>
<pin id="2064" dir="0" index="0" bw="16" slack="3"/>
<pin id="2065" dir="0" index="1" bw="16" slack="1"/>
<pin id="2066" dir="1" index="2" bw="16" slack="0"/>
</pin_list>
<bind>
<opcode="add(8) " fcode="add"/>
<opset="add_ln187_29/7 "/>
</bind>
</comp>

<comp id="2067" class="1004" name="add_ln187_30_fu_2067">
<pin_list>
<pin id="2068" dir="0" index="0" bw="16" slack="0"/>
<pin id="2069" dir="0" index="1" bw="16" slack="1"/>
<pin id="2070" dir="1" index="2" bw="16" slack="0"/>
</pin_list>
<bind>
<opcode="add(8) " fcode="add"/>
<opset="add_ln187_30/7 "/>
</bind>
</comp>

<comp id="2072" class="1004" name="add_ln187_34_fu_2072">
<pin_list>
<pin id="2073" dir="0" index="0" bw="16" slack="1"/>
<pin id="2074" dir="0" index="1" bw="16" slack="0"/>
<pin id="2075" dir="1" index="2" bw="16" slack="2"/>
</pin_list>
<bind>
<opcode="add(8) " fcode="add"/>
<opset="add_ln187_34/7 "/>
</bind>
</comp>

<comp id="2077" class="1004" name="add_ln187_35_fu_2077">
<pin_list>
<pin id="2078" dir="0" index="0" bw="16" slack="1"/>
<pin id="2079" dir="0" index="1" bw="16" slack="1"/>
<pin id="2080" dir="1" index="2" bw="16" slack="0"/>
</pin_list>
<bind>
<opcode="add(8) " fcode="add"/>
<opset="add_ln187_35/7 "/>
</bind>
</comp>

<comp id="2081" class="1004" name="add_ln187_36_fu_2081">
<pin_list>
<pin id="2082" dir="0" index="0" bw="16" slack="1"/>
<pin id="2083" dir="0" index="1" bw="16" slack="1"/>
<pin id="2084" dir="1" index="2" bw="16" slack="0"/>
</pin_list>
<bind>
<opcode="add(8) " fcode="add"/>
<opset="add_ln187_36/7 "/>
</bind>
</comp>

<comp id="2085" class="1004" name="add_ln187_37_fu_2085">
<pin_list>
<pin id="2086" dir="0" index="0" bw="16" slack="0"/>
<pin id="2087" dir="0" index="1" bw="16" slack="0"/>
<pin id="2088" dir="1" index="2" bw="16" slack="0"/>
</pin_list>
<bind>
<opcode="add(8) " fcode="add"/>
<opset="add_ln187_37/7 "/>
</bind>
</comp>

<comp id="2091" class="1004" name="add_ln187_41_fu_2091">
<pin_list>
<pin id="2092" dir="0" index="0" bw="16" slack="1"/>
<pin id="2093" dir="0" index="1" bw="16" slack="0"/>
<pin id="2094" dir="1" index="2" bw="16" slack="2"/>
</pin_list>
<bind>
<opcode="add(8) " fcode="add"/>
<opset="add_ln187_41/7 "/>
</bind>
</comp>

<comp id="2096" class="1004" name="add_ln187_45_fu_2096">
<pin_list>
<pin id="2097" dir="0" index="0" bw="16" slack="1"/>
<pin id="2098" dir="0" index="1" bw="16" slack="1"/>
<pin id="2099" dir="1" index="2" bw="16" slack="0"/>
</pin_list>
<bind>
<opcode="add(8) " fcode="add"/>
<opset="add_ln187_45/7 "/>
</bind>
</comp>

<comp id="2100" class="1004" name="add_ln187_46_fu_2100">
<pin_list>
<pin id="2101" dir="0" index="0" bw="16" slack="1"/>
<pin id="2102" dir="0" index="1" bw="16" slack="1"/>
<pin id="2103" dir="1" index="2" bw="16" slack="0"/>
</pin_list>
<bind>
<opcode="add(8) " fcode="add"/>
<opset="add_ln187_46/7 "/>
</bind>
</comp>

<comp id="2104" class="1004" name="add_ln187_47_fu_2104">
<pin_list>
<pin id="2105" dir="0" index="0" bw="16" slack="0"/>
<pin id="2106" dir="0" index="1" bw="16" slack="0"/>
<pin id="2107" dir="1" index="2" bw="16" slack="1"/>
</pin_list>
<bind>
<opcode="add(8) " fcode="add"/>
<opset="add_ln187_47/7 "/>
</bind>
</comp>

<comp id="2110" class="1004" name="add_ln187_49_fu_2110">
<pin_list>
<pin id="2111" dir="0" index="0" bw="16" slack="1"/>
<pin id="2112" dir="0" index="1" bw="15" slack="0"/>
<pin id="2113" dir="1" index="2" bw="16" slack="0"/>
</pin_list>
<bind>
<opcode="add(8) " fcode="add"/>
<opset="add_ln187_49/7 "/>
</bind>
</comp>

<comp id="2115" class="1004" name="add_ln187_50_fu_2115">
<pin_list>
<pin id="2116" dir="0" index="0" bw="15" slack="0"/>
<pin id="2117" dir="0" index="1" bw="15" slack="0"/>
<pin id="2118" dir="1" index="2" bw="16" slack="0"/>
</pin_list>
<bind>
<opcode="add(8) " fcode="add"/>
<opset="add_ln187_50/7 "/>
</bind>
</comp>

<comp id="2121" class="1004" name="add_ln187_51_fu_2121">
<pin_list>
<pin id="2122" dir="0" index="0" bw="16" slack="0"/>
<pin id="2123" dir="0" index="1" bw="16" slack="0"/>
<pin id="2124" dir="1" index="2" bw="16" slack="0"/>
</pin_list>
<bind>
<opcode="add(8) " fcode="add"/>
<opset="add_ln187_51/7 "/>
</bind>
</comp>

<comp id="2127" class="1004" name="add_ln187_55_fu_2127">
<pin_list>
<pin id="2128" dir="0" index="0" bw="16" slack="1"/>
<pin id="2129" dir="0" index="1" bw="16" slack="0"/>
<pin id="2130" dir="1" index="2" bw="16" slack="1"/>
</pin_list>
<bind>
<opcode="add(8) " fcode="add"/>
<opset="add_ln187_55/7 "/>
</bind>
</comp>

<comp id="2132" class="1004" name="add_ln187_48_fu_2132">
<pin_list>
<pin id="2133" dir="0" index="0" bw="16" slack="1"/>
<pin id="2134" dir="0" index="1" bw="16" slack="2"/>
<pin id="2135" dir="1" index="2" bw="16" slack="0"/>
</pin_list>
<bind>
<opcode="add(8) " fcode="add"/>
<opset="add_ln187_48/8 "/>
</bind>
</comp>

<comp id="2136" class="1004" name="add_ln187_56_fu_2136">
<pin_list>
<pin id="2137" dir="0" index="0" bw="16" slack="1"/>
<pin id="2138" dir="0" index="1" bw="16" slack="0"/>
<pin id="2139" dir="1" index="2" bw="16" slack="1"/>
</pin_list>
<bind>
<opcode="add(8) " fcode="add"/>
<opset="add_ln187_56/8 "/>
</bind>
</comp>

<comp id="2141" class="1004" name="add_ln187_42_fu_2141">
<pin_list>
<pin id="2142" dir="0" index="0" bw="16" slack="2"/>
<pin id="2143" dir="0" index="1" bw="16" slack="2"/>
<pin id="2144" dir="1" index="2" bw="16" slack="0"/>
</pin_list>
<bind>
<opcode="add(8) " fcode="add"/>
<opset="add_ln187_42/9 "/>
</bind>
</comp>

<comp id="2145" class="1004" name="add_ln187_57_fu_2145">
<pin_list>
<pin id="2146" dir="0" index="0" bw="16" slack="1"/>
<pin id="2147" dir="0" index="1" bw="16" slack="0"/>
<pin id="2148" dir="1" index="2" bw="16" slack="0"/>
</pin_list>
<bind>
<opcode="add(8) " fcode="add"/>
<opset="add_ln187_57/9 "/>
</bind>
</comp>

<comp id="2151" class="1005" name="m_reg_2151">
<pin_list>
<pin id="2152" dir="0" index="0" bw="6" slack="0"/>
<pin id="2153" dir="1" index="1" bw="6" slack="0"/>
</pin_list>
<bind>
<opset="m "/>
</bind>
</comp>

<comp id="2158" class="1005" name="icmp_ln180_reg_2158">
<pin_list>
<pin id="2159" dir="0" index="0" bw="1" slack="1"/>
<pin id="2160" dir="1" index="1" bw="1" slack="2147483647"/>
</pin_list>
<bind>
<opset="icmp_ln180 "/>
</bind>
</comp>

<comp id="2162" class="1005" name="m_cast_reg_2162">
<pin_list>
<pin id="2163" dir="0" index="0" bw="64" slack="2"/>
<pin id="2164" dir="1" index="1" bw="64" slack="2"/>
</pin_list>
<bind>
<opset="m_cast "/>
</bind>
</comp>

<comp id="2196" class="1005" name="first_ind_addr_reg_2196">
<pin_list>
<pin id="2197" dir="0" index="0" bw="6" slack="1"/>
<pin id="2198" dir="1" index="1" bw="6" slack="1"/>
</pin_list>
<bind>
<opset="first_ind_addr "/>
</bind>
</comp>

<comp id="2201" class="1005" name="mel_filterbank_0_addr_reg_2201">
<pin_list>
<pin id="2202" dir="0" index="0" bw="6" slack="1"/>
<pin id="2203" dir="1" index="1" bw="6" slack="1"/>
</pin_list>
<bind>
<opset="mel_filterbank_0_addr "/>
</bind>
</comp>

<comp id="2206" class="1005" name="first_ind_load_reg_2206">
<pin_list>
<pin id="2207" dir="0" index="0" bw="8" slack="1"/>
<pin id="2208" dir="1" index="1" bw="8" slack="1"/>
</pin_list>
<bind>
<opset="first_ind_load "/>
</bind>
</comp>

<comp id="2211" class="1005" name="abs_spectrogram_addr_reg_2211">
<pin_list>
<pin id="2212" dir="0" index="0" bw="9" slack="1"/>
<pin id="2213" dir="1" index="1" bw="9" slack="1"/>
</pin_list>
<bind>
<opset="abs_spectrogram_addr "/>
</bind>
</comp>

<comp id="2216" class="1005" name="mel_filterbank_0_load_reg_2216">
<pin_list>
<pin id="2217" dir="0" index="0" bw="8" slack="2"/>
<pin id="2218" dir="1" index="1" bw="8" slack="2"/>
</pin_list>
<bind>
<opset="mel_filterbank_0_load "/>
</bind>
</comp>

<comp id="2221" class="1005" name="zext_ln187_reg_2221">
<pin_list>
<pin id="2222" dir="0" index="0" bw="9" slack="1"/>
<pin id="2223" dir="1" index="1" bw="9" slack="1"/>
</pin_list>
<bind>
<opset="zext_ln187 "/>
</bind>
</comp>

<comp id="2239" class="1005" name="mel_filterbank_1_addr_reg_2239">
<pin_list>
<pin id="2240" dir="0" index="0" bw="6" slack="1"/>
<pin id="2241" dir="1" index="1" bw="6" slack="1"/>
</pin_list>
<bind>
<opset="mel_filterbank_1_addr "/>
</bind>
</comp>

<comp id="2244" class="1005" name="mel_filterbank_2_addr_reg_2244">
<pin_list>
<pin id="2245" dir="0" index="0" bw="6" slack="1"/>
<pin id="2246" dir="1" index="1" bw="6" slack="1"/>
</pin_list>
<bind>
<opset="mel_filterbank_2_addr "/>
</bind>
</comp>

<comp id="2249" class="1005" name="abs_spectrogram_addr_3_reg_2249">
<pin_list>
<pin id="2250" dir="0" index="0" bw="9" slack="1"/>
<pin id="2251" dir="1" index="1" bw="9" slack="1"/>
</pin_list>
<bind>
<opset="abs_spectrogram_addr_3 "/>
</bind>
</comp>

<comp id="2254" class="1005" name="mel_filterbank_3_addr_reg_2254">
<pin_list>
<pin id="2255" dir="0" index="0" bw="6" slack="1"/>
<pin id="2256" dir="1" index="1" bw="6" slack="1"/>
</pin_list>
<bind>
<opset="mel_filterbank_3_addr "/>
</bind>
</comp>

<comp id="2259" class="1005" name="abs_spectrogram_addr_4_reg_2259">
<pin_list>
<pin id="2260" dir="0" index="0" bw="9" slack="1"/>
<pin id="2261" dir="1" index="1" bw="9" slack="1"/>
</pin_list>
<bind>
<opset="abs_spectrogram_addr_4 "/>
</bind>
</comp>

<comp id="2264" class="1005" name="mel_filterbank_4_addr_reg_2264">
<pin_list>
<pin id="2265" dir="0" index="0" bw="6" slack="1"/>
<pin id="2266" dir="1" index="1" bw="6" slack="1"/>
</pin_list>
<bind>
<opset="mel_filterbank_4_addr "/>
</bind>
</comp>

<comp id="2269" class="1005" name="abs_spectrogram_addr_5_reg_2269">
<pin_list>
<pin id="2270" dir="0" index="0" bw="9" slack="1"/>
<pin id="2271" dir="1" index="1" bw="9" slack="1"/>
</pin_list>
<bind>
<opset="abs_spectrogram_addr_5 "/>
</bind>
</comp>

<comp id="2274" class="1005" name="mel_filterbank_5_addr_reg_2274">
<pin_list>
<pin id="2275" dir="0" index="0" bw="6" slack="1"/>
<pin id="2276" dir="1" index="1" bw="6" slack="1"/>
</pin_list>
<bind>
<opset="mel_filterbank_5_addr "/>
</bind>
</comp>

<comp id="2279" class="1005" name="abs_spectrogram_addr_6_reg_2279">
<pin_list>
<pin id="2280" dir="0" index="0" bw="9" slack="1"/>
<pin id="2281" dir="1" index="1" bw="9" slack="1"/>
</pin_list>
<bind>
<opset="abs_spectrogram_addr_6 "/>
</bind>
</comp>

<comp id="2284" class="1005" name="mel_filterbank_6_addr_reg_2284">
<pin_list>
<pin id="2285" dir="0" index="0" bw="6" slack="1"/>
<pin id="2286" dir="1" index="1" bw="6" slack="1"/>
</pin_list>
<bind>
<opset="mel_filterbank_6_addr "/>
</bind>
</comp>

<comp id="2289" class="1005" name="mel_filterbank_7_addr_reg_2289">
<pin_list>
<pin id="2290" dir="0" index="0" bw="6" slack="1"/>
<pin id="2291" dir="1" index="1" bw="6" slack="1"/>
</pin_list>
<bind>
<opset="mel_filterbank_7_addr "/>
</bind>
</comp>

<comp id="2294" class="1005" name="mel_filterbank_8_addr_reg_2294">
<pin_list>
<pin id="2295" dir="0" index="0" bw="6" slack="1"/>
<pin id="2296" dir="1" index="1" bw="6" slack="1"/>
</pin_list>
<bind>
<opset="mel_filterbank_8_addr "/>
</bind>
</comp>

<comp id="2299" class="1005" name="mel_filterbank_9_addr_reg_2299">
<pin_list>
<pin id="2300" dir="0" index="0" bw="6" slack="1"/>
<pin id="2301" dir="1" index="1" bw="6" slack="1"/>
</pin_list>
<bind>
<opset="mel_filterbank_9_addr "/>
</bind>
</comp>

<comp id="2304" class="1005" name="mel_filterbank_10_addr_reg_2304">
<pin_list>
<pin id="2305" dir="0" index="0" bw="6" slack="1"/>
<pin id="2306" dir="1" index="1" bw="6" slack="1"/>
</pin_list>
<bind>
<opset="mel_filterbank_10_addr "/>
</bind>
</comp>

<comp id="2309" class="1005" name="abs_spectrogram_addr_11_reg_2309">
<pin_list>
<pin id="2310" dir="0" index="0" bw="9" slack="1"/>
<pin id="2311" dir="1" index="1" bw="9" slack="1"/>
</pin_list>
<bind>
<opset="abs_spectrogram_addr_11 "/>
</bind>
</comp>

<comp id="2314" class="1005" name="mel_filterbank_11_addr_reg_2314">
<pin_list>
<pin id="2315" dir="0" index="0" bw="6" slack="1"/>
<pin id="2316" dir="1" index="1" bw="6" slack="1"/>
</pin_list>
<bind>
<opset="mel_filterbank_11_addr "/>
</bind>
</comp>

<comp id="2319" class="1005" name="abs_spectrogram_addr_12_reg_2319">
<pin_list>
<pin id="2320" dir="0" index="0" bw="9" slack="1"/>
<pin id="2321" dir="1" index="1" bw="9" slack="1"/>
</pin_list>
<bind>
<opset="abs_spectrogram_addr_12 "/>
</bind>
</comp>

<comp id="2324" class="1005" name="mel_filterbank_12_addr_reg_2324">
<pin_list>
<pin id="2325" dir="0" index="0" bw="6" slack="1"/>
<pin id="2326" dir="1" index="1" bw="6" slack="1"/>
</pin_list>
<bind>
<opset="mel_filterbank_12_addr "/>
</bind>
</comp>

<comp id="2329" class="1005" name="abs_spectrogram_addr_13_reg_2329">
<pin_list>
<pin id="2330" dir="0" index="0" bw="9" slack="1"/>
<pin id="2331" dir="1" index="1" bw="9" slack="1"/>
</pin_list>
<bind>
<opset="abs_spectrogram_addr_13 "/>
</bind>
</comp>

<comp id="2334" class="1005" name="mel_filterbank_13_addr_reg_2334">
<pin_list>
<pin id="2335" dir="0" index="0" bw="6" slack="1"/>
<pin id="2336" dir="1" index="1" bw="6" slack="1"/>
</pin_list>
<bind>
<opset="mel_filterbank_13_addr "/>
</bind>
</comp>

<comp id="2339" class="1005" name="abs_spectrogram_addr_14_reg_2339">
<pin_list>
<pin id="2340" dir="0" index="0" bw="9" slack="1"/>
<pin id="2341" dir="1" index="1" bw="9" slack="1"/>
</pin_list>
<bind>
<opset="abs_spectrogram_addr_14 "/>
</bind>
</comp>

<comp id="2344" class="1005" name="mel_filterbank_14_addr_reg_2344">
<pin_list>
<pin id="2345" dir="0" index="0" bw="6" slack="1"/>
<pin id="2346" dir="1" index="1" bw="6" slack="1"/>
</pin_list>
<bind>
<opset="mel_filterbank_14_addr "/>
</bind>
</comp>

<comp id="2349" class="1005" name="abs_spectrogram_addr_15_reg_2349">
<pin_list>
<pin id="2350" dir="0" index="0" bw="9" slack="1"/>
<pin id="2351" dir="1" index="1" bw="9" slack="1"/>
</pin_list>
<bind>
<opset="abs_spectrogram_addr_15 "/>
</bind>
</comp>

<comp id="2354" class="1005" name="mel_filterbank_15_addr_reg_2354">
<pin_list>
<pin id="2355" dir="0" index="0" bw="6" slack="1"/>
<pin id="2356" dir="1" index="1" bw="6" slack="1"/>
</pin_list>
<bind>
<opset="mel_filterbank_15_addr "/>
</bind>
</comp>

<comp id="2359" class="1005" name="abs_spectrogram_addr_16_reg_2359">
<pin_list>
<pin id="2360" dir="0" index="0" bw="9" slack="1"/>
<pin id="2361" dir="1" index="1" bw="9" slack="1"/>
</pin_list>
<bind>
<opset="abs_spectrogram_addr_16 "/>
</bind>
</comp>

<comp id="2364" class="1005" name="mel_filterbank_16_addr_reg_2364">
<pin_list>
<pin id="2365" dir="0" index="0" bw="6" slack="1"/>
<pin id="2366" dir="1" index="1" bw="6" slack="1"/>
</pin_list>
<bind>
<opset="mel_filterbank_16_addr "/>
</bind>
</comp>

<comp id="2369" class="1005" name="abs_spectrogram_addr_17_reg_2369">
<pin_list>
<pin id="2370" dir="0" index="0" bw="9" slack="1"/>
<pin id="2371" dir="1" index="1" bw="9" slack="1"/>
</pin_list>
<bind>
<opset="abs_spectrogram_addr_17 "/>
</bind>
</comp>

<comp id="2374" class="1005" name="mel_filterbank_17_addr_reg_2374">
<pin_list>
<pin id="2375" dir="0" index="0" bw="6" slack="1"/>
<pin id="2376" dir="1" index="1" bw="6" slack="1"/>
</pin_list>
<bind>
<opset="mel_filterbank_17_addr "/>
</bind>
</comp>

<comp id="2379" class="1005" name="mel_filterbank_18_addr_reg_2379">
<pin_list>
<pin id="2380" dir="0" index="0" bw="6" slack="1"/>
<pin id="2381" dir="1" index="1" bw="6" slack="1"/>
</pin_list>
<bind>
<opset="mel_filterbank_18_addr "/>
</bind>
</comp>

<comp id="2384" class="1005" name="mel_filterbank_19_addr_reg_2384">
<pin_list>
<pin id="2385" dir="0" index="0" bw="6" slack="1"/>
<pin id="2386" dir="1" index="1" bw="6" slack="1"/>
</pin_list>
<bind>
<opset="mel_filterbank_19_addr "/>
</bind>
</comp>

<comp id="2389" class="1005" name="mel_filterbank_20_addr_reg_2389">
<pin_list>
<pin id="2390" dir="0" index="0" bw="6" slack="1"/>
<pin id="2391" dir="1" index="1" bw="6" slack="1"/>
</pin_list>
<bind>
<opset="mel_filterbank_20_addr "/>
</bind>
</comp>

<comp id="2394" class="1005" name="mel_filterbank_21_addr_reg_2394">
<pin_list>
<pin id="2395" dir="0" index="0" bw="6" slack="1"/>
<pin id="2396" dir="1" index="1" bw="6" slack="1"/>
</pin_list>
<bind>
<opset="mel_filterbank_21_addr "/>
</bind>
</comp>

<comp id="2399" class="1005" name="mel_filterbank_22_addr_reg_2399">
<pin_list>
<pin id="2400" dir="0" index="0" bw="6" slack="1"/>
<pin id="2401" dir="1" index="1" bw="6" slack="1"/>
</pin_list>
<bind>
<opset="mel_filterbank_22_addr "/>
</bind>
</comp>

<comp id="2404" class="1005" name="mel_filterbank_23_addr_reg_2404">
<pin_list>
<pin id="2405" dir="0" index="0" bw="6" slack="1"/>
<pin id="2406" dir="1" index="1" bw="6" slack="1"/>
</pin_list>
<bind>
<opset="mel_filterbank_23_addr "/>
</bind>
</comp>

<comp id="2409" class="1005" name="mel_filterbank_24_addr_reg_2409">
<pin_list>
<pin id="2410" dir="0" index="0" bw="6" slack="1"/>
<pin id="2411" dir="1" index="1" bw="6" slack="1"/>
</pin_list>
<bind>
<opset="mel_filterbank_24_addr "/>
</bind>
</comp>

<comp id="2414" class="1005" name="mel_filterbank_25_addr_reg_2414">
<pin_list>
<pin id="2415" dir="0" index="0" bw="6" slack="1"/>
<pin id="2416" dir="1" index="1" bw="6" slack="1"/>
</pin_list>
<bind>
<opset="mel_filterbank_25_addr "/>
</bind>
</comp>

<comp id="2419" class="1005" name="abs_spectrogram_addr_26_reg_2419">
<pin_list>
<pin id="2420" dir="0" index="0" bw="9" slack="1"/>
<pin id="2421" dir="1" index="1" bw="9" slack="1"/>
</pin_list>
<bind>
<opset="abs_spectrogram_addr_26 "/>
</bind>
</comp>

<comp id="2424" class="1005" name="mel_filterbank_26_addr_reg_2424">
<pin_list>
<pin id="2425" dir="0" index="0" bw="6" slack="1"/>
<pin id="2426" dir="1" index="1" bw="6" slack="1"/>
</pin_list>
<bind>
<opset="mel_filterbank_26_addr "/>
</bind>
</comp>

<comp id="2429" class="1005" name="abs_spectrogram_addr_27_reg_2429">
<pin_list>
<pin id="2430" dir="0" index="0" bw="9" slack="1"/>
<pin id="2431" dir="1" index="1" bw="9" slack="1"/>
</pin_list>
<bind>
<opset="abs_spectrogram_addr_27 "/>
</bind>
</comp>

<comp id="2434" class="1005" name="mel_filterbank_27_addr_reg_2434">
<pin_list>
<pin id="2435" dir="0" index="0" bw="6" slack="1"/>
<pin id="2436" dir="1" index="1" bw="6" slack="1"/>
</pin_list>
<bind>
<opset="mel_filterbank_27_addr "/>
</bind>
</comp>

<comp id="2439" class="1005" name="abs_spectrogram_addr_28_reg_2439">
<pin_list>
<pin id="2440" dir="0" index="0" bw="9" slack="1"/>
<pin id="2441" dir="1" index="1" bw="9" slack="1"/>
</pin_list>
<bind>
<opset="abs_spectrogram_addr_28 "/>
</bind>
</comp>

<comp id="2444" class="1005" name="mel_filterbank_28_addr_reg_2444">
<pin_list>
<pin id="2445" dir="0" index="0" bw="6" slack="1"/>
<pin id="2446" dir="1" index="1" bw="6" slack="1"/>
</pin_list>
<bind>
<opset="mel_filterbank_28_addr "/>
</bind>
</comp>

<comp id="2449" class="1005" name="abs_spectrogram_addr_29_reg_2449">
<pin_list>
<pin id="2450" dir="0" index="0" bw="9" slack="1"/>
<pin id="2451" dir="1" index="1" bw="9" slack="1"/>
</pin_list>
<bind>
<opset="abs_spectrogram_addr_29 "/>
</bind>
</comp>

<comp id="2454" class="1005" name="mel_filterbank_29_addr_reg_2454">
<pin_list>
<pin id="2455" dir="0" index="0" bw="6" slack="1"/>
<pin id="2456" dir="1" index="1" bw="6" slack="1"/>
</pin_list>
<bind>
<opset="mel_filterbank_29_addr "/>
</bind>
</comp>

<comp id="2459" class="1005" name="trunc_ln1_reg_2459">
<pin_list>
<pin id="2460" dir="0" index="0" bw="16" slack="3"/>
<pin id="2461" dir="1" index="1" bw="16" slack="3"/>
</pin_list>
<bind>
<opset="trunc_ln1 "/>
</bind>
</comp>

<comp id="2464" class="1005" name="abs_spectrogram_addr_1_reg_2464">
<pin_list>
<pin id="2465" dir="0" index="0" bw="9" slack="1"/>
<pin id="2466" dir="1" index="1" bw="9" slack="1"/>
</pin_list>
<bind>
<opset="abs_spectrogram_addr_1 "/>
</bind>
</comp>

<comp id="2469" class="1005" name="mel_filterbank_1_load_reg_2469">
<pin_list>
<pin id="2470" dir="0" index="0" bw="8" slack="2"/>
<pin id="2471" dir="1" index="1" bw="8" slack="2"/>
</pin_list>
<bind>
<opset="mel_filterbank_1_load "/>
</bind>
</comp>

<comp id="2474" class="1005" name="abs_spectrogram_addr_2_reg_2474">
<pin_list>
<pin id="2475" dir="0" index="0" bw="9" slack="1"/>
<pin id="2476" dir="1" index="1" bw="9" slack="1"/>
</pin_list>
<bind>
<opset="abs_spectrogram_addr_2 "/>
</bind>
</comp>

<comp id="2479" class="1005" name="mel_filterbank_2_load_reg_2479">
<pin_list>
<pin id="2480" dir="0" index="0" bw="8" slack="2"/>
<pin id="2481" dir="1" index="1" bw="8" slack="2"/>
</pin_list>
<bind>
<opset="mel_filterbank_2_load "/>
</bind>
</comp>

<comp id="2484" class="1005" name="mel_filterbank_3_load_reg_2484">
<pin_list>
<pin id="2485" dir="0" index="0" bw="8" slack="1"/>
<pin id="2486" dir="1" index="1" bw="8" slack="1"/>
</pin_list>
<bind>
<opset="mel_filterbank_3_load "/>
</bind>
</comp>

<comp id="2489" class="1005" name="mel_filterbank_4_load_reg_2489">
<pin_list>
<pin id="2490" dir="0" index="0" bw="8" slack="1"/>
<pin id="2491" dir="1" index="1" bw="8" slack="1"/>
</pin_list>
<bind>
<opset="mel_filterbank_4_load "/>
</bind>
</comp>

<comp id="2494" class="1005" name="mel_filterbank_5_load_reg_2494">
<pin_list>
<pin id="2495" dir="0" index="0" bw="8" slack="1"/>
<pin id="2496" dir="1" index="1" bw="8" slack="1"/>
</pin_list>
<bind>
<opset="mel_filterbank_5_load "/>
</bind>
</comp>

<comp id="2499" class="1005" name="mel_filterbank_6_load_reg_2499">
<pin_list>
<pin id="2500" dir="0" index="0" bw="8" slack="1"/>
<pin id="2501" dir="1" index="1" bw="8" slack="1"/>
</pin_list>
<bind>
<opset="mel_filterbank_6_load "/>
</bind>
</comp>

<comp id="2504" class="1005" name="abs_spectrogram_addr_7_reg_2504">
<pin_list>
<pin id="2505" dir="0" index="0" bw="9" slack="1"/>
<pin id="2506" dir="1" index="1" bw="9" slack="1"/>
</pin_list>
<bind>
<opset="abs_spectrogram_addr_7 "/>
</bind>
</comp>

<comp id="2509" class="1005" name="mel_filterbank_7_load_reg_2509">
<pin_list>
<pin id="2510" dir="0" index="0" bw="8" slack="2"/>
<pin id="2511" dir="1" index="1" bw="8" slack="2"/>
</pin_list>
<bind>
<opset="mel_filterbank_7_load "/>
</bind>
</comp>

<comp id="2514" class="1005" name="abs_spectrogram_addr_8_reg_2514">
<pin_list>
<pin id="2515" dir="0" index="0" bw="9" slack="1"/>
<pin id="2516" dir="1" index="1" bw="9" slack="1"/>
</pin_list>
<bind>
<opset="abs_spectrogram_addr_8 "/>
</bind>
</comp>

<comp id="2519" class="1005" name="mel_filterbank_8_load_reg_2519">
<pin_list>
<pin id="2520" dir="0" index="0" bw="8" slack="2"/>
<pin id="2521" dir="1" index="1" bw="8" slack="2"/>
</pin_list>
<bind>
<opset="mel_filterbank_8_load "/>
</bind>
</comp>

<comp id="2524" class="1005" name="abs_spectrogram_addr_9_reg_2524">
<pin_list>
<pin id="2525" dir="0" index="0" bw="9" slack="1"/>
<pin id="2526" dir="1" index="1" bw="9" slack="1"/>
</pin_list>
<bind>
<opset="abs_spectrogram_addr_9 "/>
</bind>
</comp>

<comp id="2529" class="1005" name="mel_filterbank_9_load_reg_2529">
<pin_list>
<pin id="2530" dir="0" index="0" bw="8" slack="2"/>
<pin id="2531" dir="1" index="1" bw="8" slack="2"/>
</pin_list>
<bind>
<opset="mel_filterbank_9_load "/>
</bind>
</comp>

<comp id="2534" class="1005" name="abs_spectrogram_addr_10_reg_2534">
<pin_list>
<pin id="2535" dir="0" index="0" bw="9" slack="1"/>
<pin id="2536" dir="1" index="1" bw="9" slack="1"/>
</pin_list>
<bind>
<opset="abs_spectrogram_addr_10 "/>
</bind>
</comp>

<comp id="2539" class="1005" name="mel_filterbank_10_load_reg_2539">
<pin_list>
<pin id="2540" dir="0" index="0" bw="8" slack="2"/>
<pin id="2541" dir="1" index="1" bw="8" slack="2"/>
</pin_list>
<bind>
<opset="mel_filterbank_10_load "/>
</bind>
</comp>

<comp id="2544" class="1005" name="mel_filterbank_11_load_reg_2544">
<pin_list>
<pin id="2545" dir="0" index="0" bw="8" slack="1"/>
<pin id="2546" dir="1" index="1" bw="8" slack="1"/>
</pin_list>
<bind>
<opset="mel_filterbank_11_load "/>
</bind>
</comp>

<comp id="2549" class="1005" name="mel_filterbank_12_load_reg_2549">
<pin_list>
<pin id="2550" dir="0" index="0" bw="8" slack="1"/>
<pin id="2551" dir="1" index="1" bw="8" slack="1"/>
</pin_list>
<bind>
<opset="mel_filterbank_12_load "/>
</bind>
</comp>

<comp id="2554" class="1005" name="mel_filterbank_13_load_reg_2554">
<pin_list>
<pin id="2555" dir="0" index="0" bw="8" slack="1"/>
<pin id="2556" dir="1" index="1" bw="8" slack="1"/>
</pin_list>
<bind>
<opset="mel_filterbank_13_load "/>
</bind>
</comp>

<comp id="2559" class="1005" name="mel_filterbank_14_load_reg_2559">
<pin_list>
<pin id="2560" dir="0" index="0" bw="8" slack="1"/>
<pin id="2561" dir="1" index="1" bw="8" slack="1"/>
</pin_list>
<bind>
<opset="mel_filterbank_14_load "/>
</bind>
</comp>

<comp id="2564" class="1005" name="mel_filterbank_15_load_reg_2564">
<pin_list>
<pin id="2565" dir="0" index="0" bw="8" slack="1"/>
<pin id="2566" dir="1" index="1" bw="8" slack="1"/>
</pin_list>
<bind>
<opset="mel_filterbank_15_load "/>
</bind>
</comp>

<comp id="2569" class="1005" name="mel_filterbank_16_load_reg_2569">
<pin_list>
<pin id="2570" dir="0" index="0" bw="8" slack="1"/>
<pin id="2571" dir="1" index="1" bw="8" slack="1"/>
</pin_list>
<bind>
<opset="mel_filterbank_16_load "/>
</bind>
</comp>

<comp id="2574" class="1005" name="mel_filterbank_17_load_reg_2574">
<pin_list>
<pin id="2575" dir="0" index="0" bw="8" slack="1"/>
<pin id="2576" dir="1" index="1" bw="8" slack="1"/>
</pin_list>
<bind>
<opset="mel_filterbank_17_load "/>
</bind>
</comp>

<comp id="2579" class="1005" name="abs_spectrogram_addr_18_reg_2579">
<pin_list>
<pin id="2580" dir="0" index="0" bw="9" slack="1"/>
<pin id="2581" dir="1" index="1" bw="9" slack="1"/>
</pin_list>
<bind>
<opset="abs_spectrogram_addr_18 "/>
</bind>
</comp>

<comp id="2584" class="1005" name="mel_filterbank_18_load_reg_2584">
<pin_list>
<pin id="2585" dir="0" index="0" bw="8" slack="2"/>
<pin id="2586" dir="1" index="1" bw="8" slack="2"/>
</pin_list>
<bind>
<opset="mel_filterbank_18_load "/>
</bind>
</comp>

<comp id="2589" class="1005" name="abs_spectrogram_addr_19_reg_2589">
<pin_list>
<pin id="2590" dir="0" index="0" bw="9" slack="1"/>
<pin id="2591" dir="1" index="1" bw="9" slack="1"/>
</pin_list>
<bind>
<opset="abs_spectrogram_addr_19 "/>
</bind>
</comp>

<comp id="2594" class="1005" name="mel_filterbank_19_load_reg_2594">
<pin_list>
<pin id="2595" dir="0" index="0" bw="8" slack="2"/>
<pin id="2596" dir="1" index="1" bw="8" slack="2"/>
</pin_list>
<bind>
<opset="mel_filterbank_19_load "/>
</bind>
</comp>

<comp id="2599" class="1005" name="abs_spectrogram_addr_20_reg_2599">
<pin_list>
<pin id="2600" dir="0" index="0" bw="9" slack="1"/>
<pin id="2601" dir="1" index="1" bw="9" slack="1"/>
</pin_list>
<bind>
<opset="abs_spectrogram_addr_20 "/>
</bind>
</comp>

<comp id="2604" class="1005" name="mel_filterbank_20_load_reg_2604">
<pin_list>
<pin id="2605" dir="0" index="0" bw="8" slack="2"/>
<pin id="2606" dir="1" index="1" bw="8" slack="2"/>
</pin_list>
<bind>
<opset="mel_filterbank_20_load "/>
</bind>
</comp>

<comp id="2609" class="1005" name="abs_spectrogram_addr_21_reg_2609">
<pin_list>
<pin id="2610" dir="0" index="0" bw="9" slack="1"/>
<pin id="2611" dir="1" index="1" bw="9" slack="1"/>
</pin_list>
<bind>
<opset="abs_spectrogram_addr_21 "/>
</bind>
</comp>

<comp id="2614" class="1005" name="mel_filterbank_21_load_reg_2614">
<pin_list>
<pin id="2615" dir="0" index="0" bw="8" slack="2"/>
<pin id="2616" dir="1" index="1" bw="8" slack="2"/>
</pin_list>
<bind>
<opset="mel_filterbank_21_load "/>
</bind>
</comp>

<comp id="2619" class="1005" name="abs_spectrogram_addr_22_reg_2619">
<pin_list>
<pin id="2620" dir="0" index="0" bw="9" slack="1"/>
<pin id="2621" dir="1" index="1" bw="9" slack="1"/>
</pin_list>
<bind>
<opset="abs_spectrogram_addr_22 "/>
</bind>
</comp>

<comp id="2624" class="1005" name="mel_filterbank_22_load_reg_2624">
<pin_list>
<pin id="2625" dir="0" index="0" bw="8" slack="2"/>
<pin id="2626" dir="1" index="1" bw="8" slack="2"/>
</pin_list>
<bind>
<opset="mel_filterbank_22_load "/>
</bind>
</comp>

<comp id="2629" class="1005" name="abs_spectrogram_addr_23_reg_2629">
<pin_list>
<pin id="2630" dir="0" index="0" bw="9" slack="1"/>
<pin id="2631" dir="1" index="1" bw="9" slack="1"/>
</pin_list>
<bind>
<opset="abs_spectrogram_addr_23 "/>
</bind>
</comp>

<comp id="2634" class="1005" name="mel_filterbank_23_load_reg_2634">
<pin_list>
<pin id="2635" dir="0" index="0" bw="7" slack="2"/>
<pin id="2636" dir="1" index="1" bw="7" slack="2"/>
</pin_list>
<bind>
<opset="mel_filterbank_23_load "/>
</bind>
</comp>

<comp id="2639" class="1005" name="abs_spectrogram_addr_24_reg_2639">
<pin_list>
<pin id="2640" dir="0" index="0" bw="9" slack="1"/>
<pin id="2641" dir="1" index="1" bw="9" slack="1"/>
</pin_list>
<bind>
<opset="abs_spectrogram_addr_24 "/>
</bind>
</comp>

<comp id="2644" class="1005" name="mel_filterbank_24_load_reg_2644">
<pin_list>
<pin id="2645" dir="0" index="0" bw="7" slack="2"/>
<pin id="2646" dir="1" index="1" bw="7" slack="2"/>
</pin_list>
<bind>
<opset="mel_filterbank_24_load "/>
</bind>
</comp>

<comp id="2649" class="1005" name="abs_spectrogram_addr_25_reg_2649">
<pin_list>
<pin id="2650" dir="0" index="0" bw="9" slack="1"/>
<pin id="2651" dir="1" index="1" bw="9" slack="1"/>
</pin_list>
<bind>
<opset="abs_spectrogram_addr_25 "/>
</bind>
</comp>

<comp id="2654" class="1005" name="mel_filterbank_25_load_reg_2654">
<pin_list>
<pin id="2655" dir="0" index="0" bw="7" slack="2"/>
<pin id="2656" dir="1" index="1" bw="7" slack="2"/>
</pin_list>
<bind>
<opset="mel_filterbank_25_load "/>
</bind>
</comp>

<comp id="2659" class="1005" name="mel_filterbank_26_load_reg_2659">
<pin_list>
<pin id="2660" dir="0" index="0" bw="7" slack="1"/>
<pin id="2661" dir="1" index="1" bw="7" slack="1"/>
</pin_list>
<bind>
<opset="mel_filterbank_26_load "/>
</bind>
</comp>

<comp id="2664" class="1005" name="mel_filterbank_27_load_reg_2664">
<pin_list>
<pin id="2665" dir="0" index="0" bw="6" slack="1"/>
<pin id="2666" dir="1" index="1" bw="6" slack="1"/>
</pin_list>
<bind>
<opset="mel_filterbank_27_load "/>
</bind>
</comp>

<comp id="2669" class="1005" name="mel_filterbank_28_load_reg_2669">
<pin_list>
<pin id="2670" dir="0" index="0" bw="6" slack="1"/>
<pin id="2671" dir="1" index="1" bw="6" slack="1"/>
</pin_list>
<bind>
<opset="mel_filterbank_28_load "/>
</bind>
</comp>

<comp id="2674" class="1005" name="mel_filterbank_29_load_reg_2674">
<pin_list>
<pin id="2675" dir="0" index="0" bw="5" slack="1"/>
<pin id="2676" dir="1" index="1" bw="5" slack="1"/>
</pin_list>
<bind>
<opset="mel_filterbank_29_load "/>
</bind>
</comp>

<comp id="2679" class="1005" name="trunc_ln187_3_reg_2679">
<pin_list>
<pin id="2680" dir="0" index="0" bw="16" slack="1"/>
<pin id="2681" dir="1" index="1" bw="16" slack="1"/>
</pin_list>
<bind>
<opset="trunc_ln187_3 "/>
</bind>
</comp>

<comp id="2684" class="1005" name="trunc_ln187_4_reg_2684">
<pin_list>
<pin id="2685" dir="0" index="0" bw="16" slack="1"/>
<pin id="2686" dir="1" index="1" bw="16" slack="1"/>
</pin_list>
<bind>
<opset="trunc_ln187_4 "/>
</bind>
</comp>

<comp id="2689" class="1005" name="trunc_ln187_5_reg_2689">
<pin_list>
<pin id="2690" dir="0" index="0" bw="16" slack="1"/>
<pin id="2691" dir="1" index="1" bw="16" slack="1"/>
</pin_list>
<bind>
<opset="trunc_ln187_5 "/>
</bind>
</comp>

<comp id="2694" class="1005" name="trunc_ln187_6_reg_2694">
<pin_list>
<pin id="2695" dir="0" index="0" bw="16" slack="1"/>
<pin id="2696" dir="1" index="1" bw="16" slack="1"/>
</pin_list>
<bind>
<opset="trunc_ln187_6 "/>
</bind>
</comp>

<comp id="2699" class="1005" name="trunc_ln187_10_reg_2699">
<pin_list>
<pin id="2700" dir="0" index="0" bw="16" slack="1"/>
<pin id="2701" dir="1" index="1" bw="16" slack="1"/>
</pin_list>
<bind>
<opset="trunc_ln187_10 "/>
</bind>
</comp>

<comp id="2704" class="1005" name="trunc_ln187_11_reg_2704">
<pin_list>
<pin id="2705" dir="0" index="0" bw="16" slack="1"/>
<pin id="2706" dir="1" index="1" bw="16" slack="1"/>
</pin_list>
<bind>
<opset="trunc_ln187_11 "/>
</bind>
</comp>

<comp id="2709" class="1005" name="trunc_ln187_12_reg_2709">
<pin_list>
<pin id="2710" dir="0" index="0" bw="16" slack="1"/>
<pin id="2711" dir="1" index="1" bw="16" slack="1"/>
</pin_list>
<bind>
<opset="trunc_ln187_12 "/>
</bind>
</comp>

<comp id="2714" class="1005" name="trunc_ln187_13_reg_2714">
<pin_list>
<pin id="2715" dir="0" index="0" bw="16" slack="1"/>
<pin id="2716" dir="1" index="1" bw="16" slack="1"/>
</pin_list>
<bind>
<opset="trunc_ln187_13 "/>
</bind>
</comp>

<comp id="2719" class="1005" name="trunc_ln187_14_reg_2719">
<pin_list>
<pin id="2720" dir="0" index="0" bw="16" slack="1"/>
<pin id="2721" dir="1" index="1" bw="16" slack="1"/>
</pin_list>
<bind>
<opset="trunc_ln187_14 "/>
</bind>
</comp>

<comp id="2724" class="1005" name="trunc_ln187_15_reg_2724">
<pin_list>
<pin id="2725" dir="0" index="0" bw="16" slack="1"/>
<pin id="2726" dir="1" index="1" bw="16" slack="1"/>
</pin_list>
<bind>
<opset="trunc_ln187_15 "/>
</bind>
</comp>

<comp id="2729" class="1005" name="trunc_ln187_16_reg_2729">
<pin_list>
<pin id="2730" dir="0" index="0" bw="16" slack="1"/>
<pin id="2731" dir="1" index="1" bw="16" slack="1"/>
</pin_list>
<bind>
<opset="trunc_ln187_16 "/>
</bind>
</comp>

<comp id="2734" class="1005" name="trunc_ln187_25_reg_2734">
<pin_list>
<pin id="2735" dir="0" index="0" bw="15" slack="1"/>
<pin id="2736" dir="1" index="1" bw="15" slack="1"/>
</pin_list>
<bind>
<opset="trunc_ln187_25 "/>
</bind>
</comp>

<comp id="2739" class="1005" name="trunc_ln187_26_reg_2739">
<pin_list>
<pin id="2740" dir="0" index="0" bw="14" slack="1"/>
<pin id="2741" dir="1" index="1" bw="14" slack="1"/>
</pin_list>
<bind>
<opset="trunc_ln187_26 "/>
</bind>
</comp>

<comp id="2744" class="1005" name="trunc_ln187_27_reg_2744">
<pin_list>
<pin id="2745" dir="0" index="0" bw="14" slack="1"/>
<pin id="2746" dir="1" index="1" bw="14" slack="1"/>
</pin_list>
<bind>
<opset="trunc_ln187_27 "/>
</bind>
</comp>

<comp id="2749" class="1005" name="trunc_ln187_28_reg_2749">
<pin_list>
<pin id="2750" dir="0" index="0" bw="13" slack="1"/>
<pin id="2751" dir="1" index="1" bw="13" slack="1"/>
</pin_list>
<bind>
<opset="trunc_ln187_28 "/>
</bind>
</comp>

<comp id="2754" class="1005" name="trunc_ln187_1_reg_2754">
<pin_list>
<pin id="2755" dir="0" index="0" bw="16" slack="1"/>
<pin id="2756" dir="1" index="1" bw="16" slack="1"/>
</pin_list>
<bind>
<opset="trunc_ln187_1 "/>
</bind>
</comp>

<comp id="2759" class="1005" name="trunc_ln187_2_reg_2759">
<pin_list>
<pin id="2760" dir="0" index="0" bw="16" slack="1"/>
<pin id="2761" dir="1" index="1" bw="16" slack="1"/>
</pin_list>
<bind>
<opset="trunc_ln187_2 "/>
</bind>
</comp>

<comp id="2764" class="1005" name="trunc_ln187_7_reg_2764">
<pin_list>
<pin id="2765" dir="0" index="0" bw="16" slack="1"/>
<pin id="2766" dir="1" index="1" bw="16" slack="1"/>
</pin_list>
<bind>
<opset="trunc_ln187_7 "/>
</bind>
</comp>

<comp id="2769" class="1005" name="trunc_ln187_8_reg_2769">
<pin_list>
<pin id="2770" dir="0" index="0" bw="16" slack="1"/>
<pin id="2771" dir="1" index="1" bw="16" slack="1"/>
</pin_list>
<bind>
<opset="trunc_ln187_8 "/>
</bind>
</comp>

<comp id="2774" class="1005" name="trunc_ln187_9_reg_2774">
<pin_list>
<pin id="2775" dir="0" index="0" bw="16" slack="1"/>
<pin id="2776" dir="1" index="1" bw="16" slack="1"/>
</pin_list>
<bind>
<opset="trunc_ln187_9 "/>
</bind>
</comp>

<comp id="2779" class="1005" name="trunc_ln187_s_reg_2779">
<pin_list>
<pin id="2780" dir="0" index="0" bw="16" slack="1"/>
<pin id="2781" dir="1" index="1" bw="16" slack="1"/>
</pin_list>
<bind>
<opset="trunc_ln187_s "/>
</bind>
</comp>

<comp id="2784" class="1005" name="trunc_ln187_17_reg_2784">
<pin_list>
<pin id="2785" dir="0" index="0" bw="16" slack="1"/>
<pin id="2786" dir="1" index="1" bw="16" slack="1"/>
</pin_list>
<bind>
<opset="trunc_ln187_17 "/>
</bind>
</comp>

<comp id="2789" class="1005" name="trunc_ln187_18_reg_2789">
<pin_list>
<pin id="2790" dir="0" index="0" bw="16" slack="1"/>
<pin id="2791" dir="1" index="1" bw="16" slack="1"/>
</pin_list>
<bind>
<opset="trunc_ln187_18 "/>
</bind>
</comp>

<comp id="2794" class="1005" name="trunc_ln187_19_reg_2794">
<pin_list>
<pin id="2795" dir="0" index="0" bw="16" slack="1"/>
<pin id="2796" dir="1" index="1" bw="16" slack="1"/>
</pin_list>
<bind>
<opset="trunc_ln187_19 "/>
</bind>
</comp>

<comp id="2799" class="1005" name="trunc_ln187_20_reg_2799">
<pin_list>
<pin id="2800" dir="0" index="0" bw="16" slack="1"/>
<pin id="2801" dir="1" index="1" bw="16" slack="1"/>
</pin_list>
<bind>
<opset="trunc_ln187_20 "/>
</bind>
</comp>

<comp id="2804" class="1005" name="trunc_ln187_21_reg_2804">
<pin_list>
<pin id="2805" dir="0" index="0" bw="16" slack="1"/>
<pin id="2806" dir="1" index="1" bw="16" slack="1"/>
</pin_list>
<bind>
<opset="trunc_ln187_21 "/>
</bind>
</comp>

<comp id="2809" class="1005" name="trunc_ln187_22_reg_2809">
<pin_list>
<pin id="2810" dir="0" index="0" bw="15" slack="1"/>
<pin id="2811" dir="1" index="1" bw="15" slack="1"/>
</pin_list>
<bind>
<opset="trunc_ln187_22 "/>
</bind>
</comp>

<comp id="2814" class="1005" name="trunc_ln187_23_reg_2814">
<pin_list>
<pin id="2815" dir="0" index="0" bw="15" slack="1"/>
<pin id="2816" dir="1" index="1" bw="15" slack="1"/>
</pin_list>
<bind>
<opset="trunc_ln187_23 "/>
</bind>
</comp>

<comp id="2819" class="1005" name="trunc_ln187_24_reg_2819">
<pin_list>
<pin id="2820" dir="0" index="0" bw="15" slack="1"/>
<pin id="2821" dir="1" index="1" bw="15" slack="1"/>
</pin_list>
<bind>
<opset="trunc_ln187_24 "/>
</bind>
</comp>

<comp id="2824" class="1005" name="add_ln187_33_reg_2824">
<pin_list>
<pin id="2825" dir="0" index="0" bw="16" slack="1"/>
<pin id="2826" dir="1" index="1" bw="16" slack="1"/>
</pin_list>
<bind>
<opset="add_ln187_33 "/>
</bind>
</comp>

<comp id="2829" class="1005" name="add_ln187_40_reg_2829">
<pin_list>
<pin id="2830" dir="0" index="0" bw="16" slack="1"/>
<pin id="2831" dir="1" index="1" bw="16" slack="1"/>
</pin_list>
<bind>
<opset="add_ln187_40 "/>
</bind>
</comp>

<comp id="2834" class="1005" name="add_ln187_44_reg_2834">
<pin_list>
<pin id="2835" dir="0" index="0" bw="16" slack="2"/>
<pin id="2836" dir="1" index="1" bw="16" slack="2"/>
</pin_list>
<bind>
<opset="add_ln187_44 "/>
</bind>
</comp>

<comp id="2839" class="1005" name="add_ln187_54_reg_2839">
<pin_list>
<pin id="2840" dir="0" index="0" bw="16" slack="1"/>
<pin id="2841" dir="1" index="1" bw="16" slack="1"/>
</pin_list>
<bind>
<opset="add_ln187_54 "/>
</bind>
</comp>

<comp id="2844" class="1005" name="add_ln187_34_reg_2844">
<pin_list>
<pin id="2845" dir="0" index="0" bw="16" slack="2"/>
<pin id="2846" dir="1" index="1" bw="16" slack="2"/>
</pin_list>
<bind>
<opset="add_ln187_34 "/>
</bind>
</comp>

<comp id="2849" class="1005" name="add_ln187_41_reg_2849">
<pin_list>
<pin id="2850" dir="0" index="0" bw="16" slack="2"/>
<pin id="2851" dir="1" index="1" bw="16" slack="2"/>
</pin_list>
<bind>
<opset="add_ln187_41 "/>
</bind>
</comp>

<comp id="2854" class="1005" name="add_ln187_47_reg_2854">
<pin_list>
<pin id="2855" dir="0" index="0" bw="16" slack="1"/>
<pin id="2856" dir="1" index="1" bw="16" slack="1"/>
</pin_list>
<bind>
<opset="add_ln187_47 "/>
</bind>
</comp>

<comp id="2859" class="1005" name="add_ln187_55_reg_2859">
<pin_list>
<pin id="2860" dir="0" index="0" bw="16" slack="1"/>
<pin id="2861" dir="1" index="1" bw="16" slack="1"/>
</pin_list>
<bind>
<opset="add_ln187_55 "/>
</bind>
</comp>

<comp id="2864" class="1005" name="add_ln187_56_reg_2864">
<pin_list>
<pin id="2865" dir="0" index="0" bw="16" slack="1"/>
<pin id="2866" dir="1" index="1" bw="16" slack="1"/>
</pin_list>
<bind>
<opset="add_ln187_56 "/>
</bind>
</comp>

</comp_list>

<net_list>
<net id="171"><net_src comp="66" pin="0"/><net_sink comp="168" pin=0"/></net>

<net id="177"><net_src comp="4" pin="0"/><net_sink comp="172" pin=0"/></net>

<net id="178"><net_src comp="82" pin="0"/><net_sink comp="172" pin=1"/></net>

<net id="184"><net_src comp="172" pin="3"/><net_sink comp="179" pin=0"/></net>

<net id="190"><net_src comp="6" pin="0"/><net_sink comp="185" pin=0"/></net>

<net id="191"><net_src comp="82" pin="0"/><net_sink comp="185" pin=1"/></net>

<net id="197"><net_src comp="185" pin="3"/><net_sink comp="192" pin=0"/></net>

<net id="203"><net_src comp="0" pin="0"/><net_sink comp="198" pin=0"/></net>

<net id="204"><net_src comp="82" pin="0"/><net_sink comp="198" pin=1"/></net>

<net id="266"><net_src comp="198" pin="3"/><net_sink comp="205" pin=37"/></net>

<net id="272"><net_src comp="8" pin="0"/><net_sink comp="267" pin=0"/></net>

<net id="273"><net_src comp="82" pin="0"/><net_sink comp="267" pin=1"/></net>

<net id="279"><net_src comp="267" pin="3"/><net_sink comp="274" pin=0"/></net>

<net id="285"><net_src comp="10" pin="0"/><net_sink comp="280" pin=0"/></net>

<net id="286"><net_src comp="82" pin="0"/><net_sink comp="280" pin=1"/></net>

<net id="292"><net_src comp="280" pin="3"/><net_sink comp="287" pin=0"/></net>

<net id="298"><net_src comp="0" pin="0"/><net_sink comp="293" pin=0"/></net>

<net id="299"><net_src comp="82" pin="0"/><net_sink comp="293" pin=1"/></net>

<net id="300"><net_src comp="293" pin="3"/><net_sink comp="205" pin=37"/></net>

<net id="306"><net_src comp="12" pin="0"/><net_sink comp="301" pin=0"/></net>

<net id="307"><net_src comp="82" pin="0"/><net_sink comp="301" pin=1"/></net>

<net id="313"><net_src comp="301" pin="3"/><net_sink comp="308" pin=0"/></net>

<net id="319"><net_src comp="0" pin="0"/><net_sink comp="314" pin=0"/></net>

<net id="320"><net_src comp="82" pin="0"/><net_sink comp="314" pin=1"/></net>

<net id="321"><net_src comp="314" pin="3"/><net_sink comp="205" pin=34"/></net>

<net id="327"><net_src comp="14" pin="0"/><net_sink comp="322" pin=0"/></net>

<net id="328"><net_src comp="82" pin="0"/><net_sink comp="322" pin=1"/></net>

<net id="334"><net_src comp="322" pin="3"/><net_sink comp="329" pin=0"/></net>

<net id="340"><net_src comp="0" pin="0"/><net_sink comp="335" pin=0"/></net>

<net id="341"><net_src comp="82" pin="0"/><net_sink comp="335" pin=1"/></net>

<net id="342"><net_src comp="335" pin="3"/><net_sink comp="205" pin=32"/></net>

<net id="348"><net_src comp="16" pin="0"/><net_sink comp="343" pin=0"/></net>

<net id="349"><net_src comp="82" pin="0"/><net_sink comp="343" pin=1"/></net>

<net id="355"><net_src comp="343" pin="3"/><net_sink comp="350" pin=0"/></net>

<net id="361"><net_src comp="0" pin="0"/><net_sink comp="356" pin=0"/></net>

<net id="362"><net_src comp="82" pin="0"/><net_sink comp="356" pin=1"/></net>

<net id="363"><net_src comp="356" pin="3"/><net_sink comp="205" pin=29"/></net>

<net id="369"><net_src comp="18" pin="0"/><net_sink comp="364" pin=0"/></net>

<net id="370"><net_src comp="82" pin="0"/><net_sink comp="364" pin=1"/></net>

<net id="376"><net_src comp="364" pin="3"/><net_sink comp="371" pin=0"/></net>

<net id="382"><net_src comp="20" pin="0"/><net_sink comp="377" pin=0"/></net>

<net id="383"><net_src comp="82" pin="0"/><net_sink comp="377" pin=1"/></net>

<net id="389"><net_src comp="377" pin="3"/><net_sink comp="384" pin=0"/></net>

<net id="395"><net_src comp="22" pin="0"/><net_sink comp="390" pin=0"/></net>

<net id="396"><net_src comp="82" pin="0"/><net_sink comp="390" pin=1"/></net>

<net id="402"><net_src comp="390" pin="3"/><net_sink comp="397" pin=0"/></net>

<net id="408"><net_src comp="24" pin="0"/><net_sink comp="403" pin=0"/></net>

<net id="409"><net_src comp="82" pin="0"/><net_sink comp="403" pin=1"/></net>

<net id="415"><net_src comp="403" pin="3"/><net_sink comp="410" pin=0"/></net>

<net id="421"><net_src comp="26" pin="0"/><net_sink comp="416" pin=0"/></net>

<net id="422"><net_src comp="82" pin="0"/><net_sink comp="416" pin=1"/></net>

<net id="428"><net_src comp="416" pin="3"/><net_sink comp="423" pin=0"/></net>

<net id="434"><net_src comp="0" pin="0"/><net_sink comp="429" pin=0"/></net>

<net id="435"><net_src comp="82" pin="0"/><net_sink comp="429" pin=1"/></net>

<net id="436"><net_src comp="429" pin="3"/><net_sink comp="205" pin=26"/></net>

<net id="442"><net_src comp="28" pin="0"/><net_sink comp="437" pin=0"/></net>

<net id="443"><net_src comp="82" pin="0"/><net_sink comp="437" pin=1"/></net>

<net id="449"><net_src comp="437" pin="3"/><net_sink comp="444" pin=0"/></net>

<net id="455"><net_src comp="0" pin="0"/><net_sink comp="450" pin=0"/></net>

<net id="456"><net_src comp="82" pin="0"/><net_sink comp="450" pin=1"/></net>

<net id="457"><net_src comp="450" pin="3"/><net_sink comp="205" pin=24"/></net>

<net id="463"><net_src comp="30" pin="0"/><net_sink comp="458" pin=0"/></net>

<net id="464"><net_src comp="82" pin="0"/><net_sink comp="458" pin=1"/></net>

<net id="470"><net_src comp="458" pin="3"/><net_sink comp="465" pin=0"/></net>

<net id="476"><net_src comp="0" pin="0"/><net_sink comp="471" pin=0"/></net>

<net id="477"><net_src comp="82" pin="0"/><net_sink comp="471" pin=1"/></net>

<net id="478"><net_src comp="471" pin="3"/><net_sink comp="205" pin=21"/></net>

<net id="484"><net_src comp="32" pin="0"/><net_sink comp="479" pin=0"/></net>

<net id="485"><net_src comp="82" pin="0"/><net_sink comp="479" pin=1"/></net>

<net id="491"><net_src comp="479" pin="3"/><net_sink comp="486" pin=0"/></net>

<net id="497"><net_src comp="0" pin="0"/><net_sink comp="492" pin=0"/></net>

<net id="498"><net_src comp="82" pin="0"/><net_sink comp="492" pin=1"/></net>

<net id="499"><net_src comp="492" pin="3"/><net_sink comp="205" pin=18"/></net>

<net id="505"><net_src comp="34" pin="0"/><net_sink comp="500" pin=0"/></net>

<net id="506"><net_src comp="82" pin="0"/><net_sink comp="500" pin=1"/></net>

<net id="512"><net_src comp="500" pin="3"/><net_sink comp="507" pin=0"/></net>

<net id="518"><net_src comp="0" pin="0"/><net_sink comp="513" pin=0"/></net>

<net id="519"><net_src comp="82" pin="0"/><net_sink comp="513" pin=1"/></net>

<net id="520"><net_src comp="513" pin="3"/><net_sink comp="205" pin=16"/></net>

<net id="526"><net_src comp="36" pin="0"/><net_sink comp="521" pin=0"/></net>

<net id="527"><net_src comp="82" pin="0"/><net_sink comp="521" pin=1"/></net>

<net id="533"><net_src comp="521" pin="3"/><net_sink comp="528" pin=0"/></net>

<net id="539"><net_src comp="0" pin="0"/><net_sink comp="534" pin=0"/></net>

<net id="540"><net_src comp="82" pin="0"/><net_sink comp="534" pin=1"/></net>

<net id="541"><net_src comp="534" pin="3"/><net_sink comp="205" pin=13"/></net>

<net id="547"><net_src comp="38" pin="0"/><net_sink comp="542" pin=0"/></net>

<net id="548"><net_src comp="82" pin="0"/><net_sink comp="542" pin=1"/></net>

<net id="554"><net_src comp="542" pin="3"/><net_sink comp="549" pin=0"/></net>

<net id="560"><net_src comp="0" pin="0"/><net_sink comp="555" pin=0"/></net>

<net id="561"><net_src comp="82" pin="0"/><net_sink comp="555" pin=1"/></net>

<net id="562"><net_src comp="555" pin="3"/><net_sink comp="205" pin=10"/></net>

<net id="568"><net_src comp="40" pin="0"/><net_sink comp="563" pin=0"/></net>

<net id="569"><net_src comp="82" pin="0"/><net_sink comp="563" pin=1"/></net>

<net id="575"><net_src comp="563" pin="3"/><net_sink comp="570" pin=0"/></net>

<net id="581"><net_src comp="42" pin="0"/><net_sink comp="576" pin=0"/></net>

<net id="582"><net_src comp="82" pin="0"/><net_sink comp="576" pin=1"/></net>

<net id="588"><net_src comp="576" pin="3"/><net_sink comp="583" pin=0"/></net>

<net id="594"><net_src comp="44" pin="0"/><net_sink comp="589" pin=0"/></net>

<net id="595"><net_src comp="82" pin="0"/><net_sink comp="589" pin=1"/></net>

<net id="601"><net_src comp="589" pin="3"/><net_sink comp="596" pin=0"/></net>

<net id="607"><net_src comp="46" pin="0"/><net_sink comp="602" pin=0"/></net>

<net id="608"><net_src comp="82" pin="0"/><net_sink comp="602" pin=1"/></net>

<net id="614"><net_src comp="602" pin="3"/><net_sink comp="609" pin=0"/></net>

<net id="620"><net_src comp="48" pin="0"/><net_sink comp="615" pin=0"/></net>

<net id="621"><net_src comp="82" pin="0"/><net_sink comp="615" pin=1"/></net>

<net id="627"><net_src comp="615" pin="3"/><net_sink comp="622" pin=0"/></net>

<net id="633"><net_src comp="50" pin="0"/><net_sink comp="628" pin=0"/></net>

<net id="634"><net_src comp="82" pin="0"/><net_sink comp="628" pin=1"/></net>

<net id="640"><net_src comp="628" pin="3"/><net_sink comp="635" pin=0"/></net>

<net id="646"><net_src comp="52" pin="0"/><net_sink comp="641" pin=0"/></net>

<net id="647"><net_src comp="82" pin="0"/><net_sink comp="641" pin=1"/></net>

<net id="653"><net_src comp="641" pin="3"/><net_sink comp="648" pin=0"/></net>

<net id="659"><net_src comp="54" pin="0"/><net_sink comp="654" pin=0"/></net>

<net id="660"><net_src comp="82" pin="0"/><net_sink comp="654" pin=1"/></net>

<net id="666"><net_src comp="654" pin="3"/><net_sink comp="661" pin=0"/></net>

<net id="672"><net_src comp="56" pin="0"/><net_sink comp="667" pin=0"/></net>

<net id="673"><net_src comp="82" pin="0"/><net_sink comp="667" pin=1"/></net>

<net id="679"><net_src comp="667" pin="3"/><net_sink comp="674" pin=0"/></net>

<net id="685"><net_src comp="0" pin="0"/><net_sink comp="680" pin=0"/></net>

<net id="686"><net_src comp="82" pin="0"/><net_sink comp="680" pin=1"/></net>

<net id="687"><net_src comp="680" pin="3"/><net_sink comp="205" pin=8"/></net>

<net id="693"><net_src comp="58" pin="0"/><net_sink comp="688" pin=0"/></net>

<net id="694"><net_src comp="82" pin="0"/><net_sink comp="688" pin=1"/></net>

<net id="700"><net_src comp="688" pin="3"/><net_sink comp="695" pin=0"/></net>

<net id="706"><net_src comp="0" pin="0"/><net_sink comp="701" pin=0"/></net>

<net id="707"><net_src comp="82" pin="0"/><net_sink comp="701" pin=1"/></net>

<net id="708"><net_src comp="701" pin="3"/><net_sink comp="205" pin=5"/></net>

<net id="714"><net_src comp="60" pin="0"/><net_sink comp="709" pin=0"/></net>

<net id="715"><net_src comp="82" pin="0"/><net_sink comp="709" pin=1"/></net>

<net id="721"><net_src comp="709" pin="3"/><net_sink comp="716" pin=0"/></net>

<net id="727"><net_src comp="0" pin="0"/><net_sink comp="722" pin=0"/></net>

<net id="728"><net_src comp="82" pin="0"/><net_sink comp="722" pin=1"/></net>

<net id="729"><net_src comp="722" pin="3"/><net_sink comp="205" pin=2"/></net>

<net id="735"><net_src comp="62" pin="0"/><net_sink comp="730" pin=0"/></net>

<net id="736"><net_src comp="82" pin="0"/><net_sink comp="730" pin=1"/></net>

<net id="742"><net_src comp="730" pin="3"/><net_sink comp="737" pin=0"/></net>

<net id="748"><net_src comp="0" pin="0"/><net_sink comp="743" pin=0"/></net>

<net id="749"><net_src comp="82" pin="0"/><net_sink comp="743" pin=1"/></net>

<net id="750"><net_src comp="743" pin="3"/><net_sink comp="205" pin=0"/></net>

<net id="756"><net_src comp="64" pin="0"/><net_sink comp="751" pin=0"/></net>

<net id="757"><net_src comp="82" pin="0"/><net_sink comp="751" pin=1"/></net>

<net id="763"><net_src comp="751" pin="3"/><net_sink comp="758" pin=0"/></net>

<net id="769"><net_src comp="0" pin="0"/><net_sink comp="764" pin=0"/></net>

<net id="770"><net_src comp="82" pin="0"/><net_sink comp="764" pin=1"/></net>

<net id="771"><net_src comp="764" pin="3"/><net_sink comp="205" pin=34"/></net>

<net id="777"><net_src comp="0" pin="0"/><net_sink comp="772" pin=0"/></net>

<net id="778"><net_src comp="82" pin="0"/><net_sink comp="772" pin=1"/></net>

<net id="779"><net_src comp="772" pin="3"/><net_sink comp="205" pin=32"/></net>

<net id="785"><net_src comp="0" pin="0"/><net_sink comp="780" pin=0"/></net>

<net id="786"><net_src comp="82" pin="0"/><net_sink comp="780" pin=1"/></net>

<net id="787"><net_src comp="780" pin="3"/><net_sink comp="205" pin=29"/></net>

<net id="793"><net_src comp="0" pin="0"/><net_sink comp="788" pin=0"/></net>

<net id="794"><net_src comp="82" pin="0"/><net_sink comp="788" pin=1"/></net>

<net id="795"><net_src comp="788" pin="3"/><net_sink comp="205" pin=26"/></net>

<net id="801"><net_src comp="0" pin="0"/><net_sink comp="796" pin=0"/></net>

<net id="802"><net_src comp="82" pin="0"/><net_sink comp="796" pin=1"/></net>

<net id="803"><net_src comp="796" pin="3"/><net_sink comp="205" pin=24"/></net>

<net id="809"><net_src comp="0" pin="0"/><net_sink comp="804" pin=0"/></net>

<net id="810"><net_src comp="82" pin="0"/><net_sink comp="804" pin=1"/></net>

<net id="811"><net_src comp="804" pin="3"/><net_sink comp="205" pin=21"/></net>

<net id="817"><net_src comp="0" pin="0"/><net_sink comp="812" pin=0"/></net>

<net id="818"><net_src comp="82" pin="0"/><net_sink comp="812" pin=1"/></net>

<net id="819"><net_src comp="812" pin="3"/><net_sink comp="205" pin=18"/></net>

<net id="825"><net_src comp="0" pin="0"/><net_sink comp="820" pin=0"/></net>

<net id="826"><net_src comp="82" pin="0"/><net_sink comp="820" pin=1"/></net>

<net id="827"><net_src comp="820" pin="3"/><net_sink comp="205" pin=16"/></net>

<net id="833"><net_src comp="0" pin="0"/><net_sink comp="828" pin=0"/></net>

<net id="834"><net_src comp="82" pin="0"/><net_sink comp="828" pin=1"/></net>

<net id="835"><net_src comp="828" pin="3"/><net_sink comp="205" pin=13"/></net>

<net id="841"><net_src comp="0" pin="0"/><net_sink comp="836" pin=0"/></net>

<net id="842"><net_src comp="82" pin="0"/><net_sink comp="836" pin=1"/></net>

<net id="843"><net_src comp="836" pin="3"/><net_sink comp="205" pin=10"/></net>

<net id="849"><net_src comp="0" pin="0"/><net_sink comp="844" pin=0"/></net>

<net id="850"><net_src comp="82" pin="0"/><net_sink comp="844" pin=1"/></net>

<net id="851"><net_src comp="844" pin="3"/><net_sink comp="205" pin=8"/></net>

<net id="857"><net_src comp="0" pin="0"/><net_sink comp="852" pin=0"/></net>

<net id="858"><net_src comp="82" pin="0"/><net_sink comp="852" pin=1"/></net>

<net id="859"><net_src comp="852" pin="3"/><net_sink comp="205" pin=5"/></net>

<net id="865"><net_src comp="0" pin="0"/><net_sink comp="860" pin=0"/></net>

<net id="866"><net_src comp="82" pin="0"/><net_sink comp="860" pin=1"/></net>

<net id="867"><net_src comp="860" pin="3"/><net_sink comp="205" pin=2"/></net>

<net id="873"><net_src comp="0" pin="0"/><net_sink comp="868" pin=0"/></net>

<net id="874"><net_src comp="82" pin="0"/><net_sink comp="868" pin=1"/></net>

<net id="875"><net_src comp="868" pin="3"/><net_sink comp="205" pin=0"/></net>

<net id="881"><net_src comp="2" pin="0"/><net_sink comp="876" pin=0"/></net>

<net id="882"><net_src comp="82" pin="0"/><net_sink comp="876" pin=1"/></net>

<net id="888"><net_src comp="876" pin="3"/><net_sink comp="883" pin=0"/></net>

<net id="892"><net_src comp="205" pin="59"/><net_sink comp="889" pin=0"/></net>

<net id="896"><net_src comp="205" pin="55"/><net_sink comp="893" pin=0"/></net>

<net id="900"><net_src comp="205" pin="51"/><net_sink comp="897" pin=0"/></net>

<net id="904"><net_src comp="205" pin="47"/><net_sink comp="901" pin=0"/></net>

<net id="908"><net_src comp="205" pin="43"/><net_sink comp="905" pin=0"/></net>

<net id="912"><net_src comp="205" pin="39"/><net_sink comp="909" pin=0"/></net>

<net id="916"><net_src comp="205" pin="35"/><net_sink comp="913" pin=0"/></net>

<net id="920"><net_src comp="205" pin="31"/><net_sink comp="917" pin=0"/></net>

<net id="924"><net_src comp="205" pin="27"/><net_sink comp="921" pin=0"/></net>

<net id="928"><net_src comp="205" pin="23"/><net_sink comp="925" pin=0"/></net>

<net id="932"><net_src comp="205" pin="19"/><net_sink comp="929" pin=0"/></net>

<net id="936"><net_src comp="205" pin="15"/><net_sink comp="933" pin=0"/></net>

<net id="940"><net_src comp="205" pin="11"/><net_sink comp="937" pin=0"/></net>

<net id="944"><net_src comp="205" pin="7"/><net_sink comp="941" pin=0"/></net>

<net id="948"><net_src comp="205" pin="3"/><net_sink comp="945" pin=0"/></net>

<net id="953"><net_src comp="68" pin="0"/><net_sink comp="949" pin=0"/></net>

<net id="961"><net_src comp="954" pin="1"/><net_sink comp="957" pin=0"/></net>

<net id="962"><net_src comp="78" pin="0"/><net_sink comp="957" pin=1"/></net>

<net id="967"><net_src comp="954" pin="1"/><net_sink comp="963" pin=0"/></net>

<net id="968"><net_src comp="80" pin="0"/><net_sink comp="963" pin=1"/></net>

<net id="972"><net_src comp="954" pin="1"/><net_sink comp="969" pin=0"/></net>

<net id="973"><net_src comp="969" pin="1"/><net_sink comp="172" pin=2"/></net>

<net id="974"><net_src comp="969" pin="1"/><net_sink comp="185" pin=2"/></net>

<net id="979"><net_src comp="963" pin="2"/><net_sink comp="975" pin=0"/></net>

<net id="983"><net_src comp="179" pin="3"/><net_sink comp="980" pin=0"/></net>

<net id="984"><net_src comp="980" pin="1"/><net_sink comp="198" pin=2"/></net>

<net id="992"><net_src comp="985" pin="1"/><net_sink comp="988" pin=0"/></net>

<net id="993"><net_src comp="84" pin="0"/><net_sink comp="988" pin=1"/></net>

<net id="997"><net_src comp="988" pin="2"/><net_sink comp="994" pin=0"/></net>

<net id="998"><net_src comp="994" pin="1"/><net_sink comp="293" pin=2"/></net>

<net id="1003"><net_src comp="985" pin="1"/><net_sink comp="999" pin=0"/></net>

<net id="1004"><net_src comp="86" pin="0"/><net_sink comp="999" pin=1"/></net>

<net id="1008"><net_src comp="999" pin="2"/><net_sink comp="1005" pin=0"/></net>

<net id="1009"><net_src comp="1005" pin="1"/><net_sink comp="314" pin=2"/></net>

<net id="1014"><net_src comp="985" pin="1"/><net_sink comp="1010" pin=0"/></net>

<net id="1015"><net_src comp="88" pin="0"/><net_sink comp="1010" pin=1"/></net>

<net id="1019"><net_src comp="1010" pin="2"/><net_sink comp="1016" pin=0"/></net>

<net id="1020"><net_src comp="1016" pin="1"/><net_sink comp="335" pin=2"/></net>

<net id="1025"><net_src comp="985" pin="1"/><net_sink comp="1021" pin=0"/></net>

<net id="1026"><net_src comp="90" pin="0"/><net_sink comp="1021" pin=1"/></net>

<net id="1030"><net_src comp="1021" pin="2"/><net_sink comp="1027" pin=0"/></net>

<net id="1031"><net_src comp="1027" pin="1"/><net_sink comp="356" pin=2"/></net>

<net id="1036"><net_src comp="985" pin="1"/><net_sink comp="1032" pin=0"/></net>

<net id="1037"><net_src comp="92" pin="0"/><net_sink comp="1032" pin=1"/></net>

<net id="1041"><net_src comp="1032" pin="2"/><net_sink comp="1038" pin=0"/></net>

<net id="1042"><net_src comp="1038" pin="1"/><net_sink comp="429" pin=2"/></net>

<net id="1047"><net_src comp="985" pin="1"/><net_sink comp="1043" pin=0"/></net>

<net id="1048"><net_src comp="94" pin="0"/><net_sink comp="1043" pin=1"/></net>

<net id="1052"><net_src comp="1043" pin="2"/><net_sink comp="1049" pin=0"/></net>

<net id="1053"><net_src comp="1049" pin="1"/><net_sink comp="450" pin=2"/></net>

<net id="1058"><net_src comp="985" pin="1"/><net_sink comp="1054" pin=0"/></net>

<net id="1059"><net_src comp="96" pin="0"/><net_sink comp="1054" pin=1"/></net>

<net id="1063"><net_src comp="1054" pin="2"/><net_sink comp="1060" pin=0"/></net>

<net id="1064"><net_src comp="1060" pin="1"/><net_sink comp="471" pin=2"/></net>

<net id="1069"><net_src comp="985" pin="1"/><net_sink comp="1065" pin=0"/></net>

<net id="1070"><net_src comp="98" pin="0"/><net_sink comp="1065" pin=1"/></net>

<net id="1074"><net_src comp="1065" pin="2"/><net_sink comp="1071" pin=0"/></net>

<net id="1075"><net_src comp="1071" pin="1"/><net_sink comp="492" pin=2"/></net>

<net id="1080"><net_src comp="985" pin="1"/><net_sink comp="1076" pin=0"/></net>

<net id="1081"><net_src comp="100" pin="0"/><net_sink comp="1076" pin=1"/></net>

<net id="1085"><net_src comp="1076" pin="2"/><net_sink comp="1082" pin=0"/></net>

<net id="1086"><net_src comp="1082" pin="1"/><net_sink comp="513" pin=2"/></net>

<net id="1091"><net_src comp="985" pin="1"/><net_sink comp="1087" pin=0"/></net>

<net id="1092"><net_src comp="102" pin="0"/><net_sink comp="1087" pin=1"/></net>

<net id="1096"><net_src comp="1087" pin="2"/><net_sink comp="1093" pin=0"/></net>

<net id="1097"><net_src comp="1093" pin="1"/><net_sink comp="534" pin=2"/></net>

<net id="1102"><net_src comp="985" pin="1"/><net_sink comp="1098" pin=0"/></net>

<net id="1103"><net_src comp="104" pin="0"/><net_sink comp="1098" pin=1"/></net>

<net id="1107"><net_src comp="1098" pin="2"/><net_sink comp="1104" pin=0"/></net>

<net id="1108"><net_src comp="1104" pin="1"/><net_sink comp="555" pin=2"/></net>

<net id="1113"><net_src comp="985" pin="1"/><net_sink comp="1109" pin=0"/></net>

<net id="1114"><net_src comp="106" pin="0"/><net_sink comp="1109" pin=1"/></net>

<net id="1118"><net_src comp="1109" pin="2"/><net_sink comp="1115" pin=0"/></net>

<net id="1119"><net_src comp="1115" pin="1"/><net_sink comp="680" pin=2"/></net>

<net id="1124"><net_src comp="985" pin="1"/><net_sink comp="1120" pin=0"/></net>

<net id="1125"><net_src comp="108" pin="0"/><net_sink comp="1120" pin=1"/></net>

<net id="1129"><net_src comp="1120" pin="2"/><net_sink comp="1126" pin=0"/></net>

<net id="1130"><net_src comp="1126" pin="1"/><net_sink comp="701" pin=2"/></net>

<net id="1135"><net_src comp="985" pin="1"/><net_sink comp="1131" pin=0"/></net>

<net id="1136"><net_src comp="110" pin="0"/><net_sink comp="1131" pin=1"/></net>

<net id="1140"><net_src comp="1131" pin="2"/><net_sink comp="1137" pin=0"/></net>

<net id="1141"><net_src comp="1137" pin="1"/><net_sink comp="722" pin=2"/></net>

<net id="1146"><net_src comp="985" pin="1"/><net_sink comp="1142" pin=0"/></net>

<net id="1147"><net_src comp="112" pin="0"/><net_sink comp="1142" pin=1"/></net>

<net id="1151"><net_src comp="1142" pin="2"/><net_sink comp="1148" pin=0"/></net>

<net id="1152"><net_src comp="1148" pin="1"/><net_sink comp="743" pin=2"/></net>

<net id="1156"><net_src comp="889" pin="1"/><net_sink comp="1153" pin=0"/></net>

<net id="1164"><net_src comp="1157" pin="1"/><net_sink comp="1160" pin=0"/></net>

<net id="1165"><net_src comp="1153" pin="1"/><net_sink comp="1160" pin=1"/></net>

<net id="1172"><net_src comp="114" pin="0"/><net_sink comp="1166" pin=0"/></net>

<net id="1173"><net_src comp="1160" pin="2"/><net_sink comp="1166" pin=1"/></net>

<net id="1174"><net_src comp="116" pin="0"/><net_sink comp="1166" pin=2"/></net>

<net id="1175"><net_src comp="118" pin="0"/><net_sink comp="1166" pin=3"/></net>

<net id="1180"><net_src comp="120" pin="0"/><net_sink comp="1176" pin=1"/></net>

<net id="1184"><net_src comp="1176" pin="2"/><net_sink comp="1181" pin=0"/></net>

<net id="1185"><net_src comp="1181" pin="1"/><net_sink comp="764" pin=2"/></net>

<net id="1190"><net_src comp="122" pin="0"/><net_sink comp="1186" pin=1"/></net>

<net id="1194"><net_src comp="1186" pin="2"/><net_sink comp="1191" pin=0"/></net>

<net id="1195"><net_src comp="1191" pin="1"/><net_sink comp="772" pin=2"/></net>

<net id="1200"><net_src comp="124" pin="0"/><net_sink comp="1196" pin=1"/></net>

<net id="1204"><net_src comp="1196" pin="2"/><net_sink comp="1201" pin=0"/></net>

<net id="1205"><net_src comp="1201" pin="1"/><net_sink comp="780" pin=2"/></net>

<net id="1210"><net_src comp="126" pin="0"/><net_sink comp="1206" pin=1"/></net>

<net id="1214"><net_src comp="1206" pin="2"/><net_sink comp="1211" pin=0"/></net>

<net id="1215"><net_src comp="1211" pin="1"/><net_sink comp="788" pin=2"/></net>

<net id="1220"><net_src comp="128" pin="0"/><net_sink comp="1216" pin=1"/></net>

<net id="1224"><net_src comp="1216" pin="2"/><net_sink comp="1221" pin=0"/></net>

<net id="1225"><net_src comp="1221" pin="1"/><net_sink comp="796" pin=2"/></net>

<net id="1230"><net_src comp="130" pin="0"/><net_sink comp="1226" pin=1"/></net>

<net id="1234"><net_src comp="1226" pin="2"/><net_sink comp="1231" pin=0"/></net>

<net id="1235"><net_src comp="1231" pin="1"/><net_sink comp="804" pin=2"/></net>

<net id="1240"><net_src comp="132" pin="0"/><net_sink comp="1236" pin=1"/></net>

<net id="1244"><net_src comp="1236" pin="2"/><net_sink comp="1241" pin=0"/></net>

<net id="1245"><net_src comp="1241" pin="1"/><net_sink comp="812" pin=2"/></net>

<net id="1250"><net_src comp="134" pin="0"/><net_sink comp="1246" pin=1"/></net>

<net id="1254"><net_src comp="1246" pin="2"/><net_sink comp="1251" pin=0"/></net>

<net id="1255"><net_src comp="1251" pin="1"/><net_sink comp="820" pin=2"/></net>

<net id="1260"><net_src comp="136" pin="0"/><net_sink comp="1256" pin=1"/></net>

<net id="1264"><net_src comp="1256" pin="2"/><net_sink comp="1261" pin=0"/></net>

<net id="1265"><net_src comp="1261" pin="1"/><net_sink comp="828" pin=2"/></net>

<net id="1270"><net_src comp="138" pin="0"/><net_sink comp="1266" pin=1"/></net>

<net id="1274"><net_src comp="1266" pin="2"/><net_sink comp="1271" pin=0"/></net>

<net id="1275"><net_src comp="1271" pin="1"/><net_sink comp="836" pin=2"/></net>

<net id="1280"><net_src comp="140" pin="0"/><net_sink comp="1276" pin=1"/></net>

<net id="1284"><net_src comp="1276" pin="2"/><net_sink comp="1281" pin=0"/></net>

<net id="1285"><net_src comp="1281" pin="1"/><net_sink comp="844" pin=2"/></net>

<net id="1290"><net_src comp="142" pin="0"/><net_sink comp="1286" pin=1"/></net>

<net id="1294"><net_src comp="1286" pin="2"/><net_sink comp="1291" pin=0"/></net>

<net id="1295"><net_src comp="1291" pin="1"/><net_sink comp="852" pin=2"/></net>

<net id="1300"><net_src comp="144" pin="0"/><net_sink comp="1296" pin=1"/></net>

<net id="1304"><net_src comp="1296" pin="2"/><net_sink comp="1301" pin=0"/></net>

<net id="1305"><net_src comp="1301" pin="1"/><net_sink comp="860" pin=2"/></net>

<net id="1310"><net_src comp="146" pin="0"/><net_sink comp="1306" pin=1"/></net>

<net id="1314"><net_src comp="1306" pin="2"/><net_sink comp="1311" pin=0"/></net>

<net id="1315"><net_src comp="1311" pin="1"/><net_sink comp="868" pin=2"/></net>

<net id="1319"><net_src comp="889" pin="1"/><net_sink comp="1316" pin=0"/></net>

<net id="1327"><net_src comp="1320" pin="1"/><net_sink comp="1323" pin=0"/></net>

<net id="1328"><net_src comp="1316" pin="1"/><net_sink comp="1323" pin=1"/></net>

<net id="1335"><net_src comp="114" pin="0"/><net_sink comp="1329" pin=0"/></net>

<net id="1336"><net_src comp="1323" pin="2"/><net_sink comp="1329" pin=1"/></net>

<net id="1337"><net_src comp="116" pin="0"/><net_sink comp="1329" pin=2"/></net>

<net id="1338"><net_src comp="118" pin="0"/><net_sink comp="1329" pin=3"/></net>

<net id="1342"><net_src comp="893" pin="1"/><net_sink comp="1339" pin=0"/></net>

<net id="1350"><net_src comp="1343" pin="1"/><net_sink comp="1346" pin=0"/></net>

<net id="1351"><net_src comp="1339" pin="1"/><net_sink comp="1346" pin=1"/></net>

<net id="1358"><net_src comp="114" pin="0"/><net_sink comp="1352" pin=0"/></net>

<net id="1359"><net_src comp="1346" pin="2"/><net_sink comp="1352" pin=1"/></net>

<net id="1360"><net_src comp="116" pin="0"/><net_sink comp="1352" pin=2"/></net>

<net id="1361"><net_src comp="118" pin="0"/><net_sink comp="1352" pin=3"/></net>

<net id="1365"><net_src comp="897" pin="1"/><net_sink comp="1362" pin=0"/></net>

<net id="1373"><net_src comp="1366" pin="1"/><net_sink comp="1369" pin=0"/></net>

<net id="1374"><net_src comp="1362" pin="1"/><net_sink comp="1369" pin=1"/></net>

<net id="1381"><net_src comp="114" pin="0"/><net_sink comp="1375" pin=0"/></net>

<net id="1382"><net_src comp="1369" pin="2"/><net_sink comp="1375" pin=1"/></net>

<net id="1383"><net_src comp="116" pin="0"/><net_sink comp="1375" pin=2"/></net>

<net id="1384"><net_src comp="118" pin="0"/><net_sink comp="1375" pin=3"/></net>

<net id="1388"><net_src comp="901" pin="1"/><net_sink comp="1385" pin=0"/></net>

<net id="1396"><net_src comp="1389" pin="1"/><net_sink comp="1392" pin=0"/></net>

<net id="1397"><net_src comp="1385" pin="1"/><net_sink comp="1392" pin=1"/></net>

<net id="1404"><net_src comp="114" pin="0"/><net_sink comp="1398" pin=0"/></net>

<net id="1405"><net_src comp="1392" pin="2"/><net_sink comp="1398" pin=1"/></net>

<net id="1406"><net_src comp="116" pin="0"/><net_sink comp="1398" pin=2"/></net>

<net id="1407"><net_src comp="118" pin="0"/><net_sink comp="1398" pin=3"/></net>

<net id="1411"><net_src comp="905" pin="1"/><net_sink comp="1408" pin=0"/></net>

<net id="1419"><net_src comp="1412" pin="1"/><net_sink comp="1415" pin=0"/></net>

<net id="1420"><net_src comp="1408" pin="1"/><net_sink comp="1415" pin=1"/></net>

<net id="1427"><net_src comp="114" pin="0"/><net_sink comp="1421" pin=0"/></net>

<net id="1428"><net_src comp="1415" pin="2"/><net_sink comp="1421" pin=1"/></net>

<net id="1429"><net_src comp="116" pin="0"/><net_sink comp="1421" pin=2"/></net>

<net id="1430"><net_src comp="118" pin="0"/><net_sink comp="1421" pin=3"/></net>

<net id="1434"><net_src comp="909" pin="1"/><net_sink comp="1431" pin=0"/></net>

<net id="1442"><net_src comp="1435" pin="1"/><net_sink comp="1438" pin=0"/></net>

<net id="1443"><net_src comp="1431" pin="1"/><net_sink comp="1438" pin=1"/></net>

<net id="1450"><net_src comp="114" pin="0"/><net_sink comp="1444" pin=0"/></net>

<net id="1451"><net_src comp="1438" pin="2"/><net_sink comp="1444" pin=1"/></net>

<net id="1452"><net_src comp="116" pin="0"/><net_sink comp="1444" pin=2"/></net>

<net id="1453"><net_src comp="118" pin="0"/><net_sink comp="1444" pin=3"/></net>

<net id="1457"><net_src comp="913" pin="1"/><net_sink comp="1454" pin=0"/></net>

<net id="1465"><net_src comp="1458" pin="1"/><net_sink comp="1461" pin=0"/></net>

<net id="1466"><net_src comp="1454" pin="1"/><net_sink comp="1461" pin=1"/></net>

<net id="1473"><net_src comp="114" pin="0"/><net_sink comp="1467" pin=0"/></net>

<net id="1474"><net_src comp="1461" pin="2"/><net_sink comp="1467" pin=1"/></net>

<net id="1475"><net_src comp="116" pin="0"/><net_sink comp="1467" pin=2"/></net>

<net id="1476"><net_src comp="118" pin="0"/><net_sink comp="1467" pin=3"/></net>

<net id="1480"><net_src comp="917" pin="1"/><net_sink comp="1477" pin=0"/></net>

<net id="1488"><net_src comp="1481" pin="1"/><net_sink comp="1484" pin=0"/></net>

<net id="1489"><net_src comp="1477" pin="1"/><net_sink comp="1484" pin=1"/></net>

<net id="1496"><net_src comp="114" pin="0"/><net_sink comp="1490" pin=0"/></net>

<net id="1497"><net_src comp="1484" pin="2"/><net_sink comp="1490" pin=1"/></net>

<net id="1498"><net_src comp="116" pin="0"/><net_sink comp="1490" pin=2"/></net>

<net id="1499"><net_src comp="118" pin="0"/><net_sink comp="1490" pin=3"/></net>

<net id="1503"><net_src comp="921" pin="1"/><net_sink comp="1500" pin=0"/></net>

<net id="1511"><net_src comp="1504" pin="1"/><net_sink comp="1507" pin=0"/></net>

<net id="1512"><net_src comp="1500" pin="1"/><net_sink comp="1507" pin=1"/></net>

<net id="1519"><net_src comp="114" pin="0"/><net_sink comp="1513" pin=0"/></net>

<net id="1520"><net_src comp="1507" pin="2"/><net_sink comp="1513" pin=1"/></net>

<net id="1521"><net_src comp="116" pin="0"/><net_sink comp="1513" pin=2"/></net>

<net id="1522"><net_src comp="118" pin="0"/><net_sink comp="1513" pin=3"/></net>

<net id="1526"><net_src comp="925" pin="1"/><net_sink comp="1523" pin=0"/></net>

<net id="1534"><net_src comp="1527" pin="1"/><net_sink comp="1530" pin=0"/></net>

<net id="1535"><net_src comp="1523" pin="1"/><net_sink comp="1530" pin=1"/></net>

<net id="1542"><net_src comp="114" pin="0"/><net_sink comp="1536" pin=0"/></net>

<net id="1543"><net_src comp="1530" pin="2"/><net_sink comp="1536" pin=1"/></net>

<net id="1544"><net_src comp="116" pin="0"/><net_sink comp="1536" pin=2"/></net>

<net id="1545"><net_src comp="118" pin="0"/><net_sink comp="1536" pin=3"/></net>

<net id="1549"><net_src comp="929" pin="1"/><net_sink comp="1546" pin=0"/></net>

<net id="1557"><net_src comp="1550" pin="1"/><net_sink comp="1553" pin=0"/></net>

<net id="1558"><net_src comp="1546" pin="1"/><net_sink comp="1553" pin=1"/></net>

<net id="1565"><net_src comp="114" pin="0"/><net_sink comp="1559" pin=0"/></net>

<net id="1566"><net_src comp="1553" pin="2"/><net_sink comp="1559" pin=1"/></net>

<net id="1567"><net_src comp="116" pin="0"/><net_sink comp="1559" pin=2"/></net>

<net id="1568"><net_src comp="118" pin="0"/><net_sink comp="1559" pin=3"/></net>

<net id="1572"><net_src comp="933" pin="1"/><net_sink comp="1569" pin=0"/></net>

<net id="1580"><net_src comp="1573" pin="1"/><net_sink comp="1576" pin=0"/></net>

<net id="1581"><net_src comp="1569" pin="1"/><net_sink comp="1576" pin=1"/></net>

<net id="1588"><net_src comp="148" pin="0"/><net_sink comp="1582" pin=0"/></net>

<net id="1589"><net_src comp="1576" pin="2"/><net_sink comp="1582" pin=1"/></net>

<net id="1590"><net_src comp="116" pin="0"/><net_sink comp="1582" pin=2"/></net>

<net id="1591"><net_src comp="150" pin="0"/><net_sink comp="1582" pin=3"/></net>

<net id="1595"><net_src comp="937" pin="1"/><net_sink comp="1592" pin=0"/></net>

<net id="1603"><net_src comp="1596" pin="1"/><net_sink comp="1599" pin=0"/></net>

<net id="1604"><net_src comp="1592" pin="1"/><net_sink comp="1599" pin=1"/></net>

<net id="1611"><net_src comp="152" pin="0"/><net_sink comp="1605" pin=0"/></net>

<net id="1612"><net_src comp="1599" pin="2"/><net_sink comp="1605" pin=1"/></net>

<net id="1613"><net_src comp="116" pin="0"/><net_sink comp="1605" pin=2"/></net>

<net id="1614"><net_src comp="154" pin="0"/><net_sink comp="1605" pin=3"/></net>

<net id="1618"><net_src comp="941" pin="1"/><net_sink comp="1615" pin=0"/></net>

<net id="1626"><net_src comp="1619" pin="1"/><net_sink comp="1622" pin=0"/></net>

<net id="1627"><net_src comp="1615" pin="1"/><net_sink comp="1622" pin=1"/></net>

<net id="1634"><net_src comp="152" pin="0"/><net_sink comp="1628" pin=0"/></net>

<net id="1635"><net_src comp="1622" pin="2"/><net_sink comp="1628" pin=1"/></net>

<net id="1636"><net_src comp="116" pin="0"/><net_sink comp="1628" pin=2"/></net>

<net id="1637"><net_src comp="154" pin="0"/><net_sink comp="1628" pin=3"/></net>

<net id="1641"><net_src comp="945" pin="1"/><net_sink comp="1638" pin=0"/></net>

<net id="1649"><net_src comp="1642" pin="1"/><net_sink comp="1645" pin=0"/></net>

<net id="1650"><net_src comp="1638" pin="1"/><net_sink comp="1645" pin=1"/></net>

<net id="1657"><net_src comp="156" pin="0"/><net_sink comp="1651" pin=0"/></net>

<net id="1658"><net_src comp="1645" pin="2"/><net_sink comp="1651" pin=1"/></net>

<net id="1659"><net_src comp="116" pin="0"/><net_sink comp="1651" pin=2"/></net>

<net id="1660"><net_src comp="158" pin="0"/><net_sink comp="1651" pin=3"/></net>

<net id="1664"><net_src comp="893" pin="1"/><net_sink comp="1661" pin=0"/></net>

<net id="1672"><net_src comp="1665" pin="1"/><net_sink comp="1668" pin=0"/></net>

<net id="1673"><net_src comp="1661" pin="1"/><net_sink comp="1668" pin=1"/></net>

<net id="1680"><net_src comp="114" pin="0"/><net_sink comp="1674" pin=0"/></net>

<net id="1681"><net_src comp="1668" pin="2"/><net_sink comp="1674" pin=1"/></net>

<net id="1682"><net_src comp="116" pin="0"/><net_sink comp="1674" pin=2"/></net>

<net id="1683"><net_src comp="118" pin="0"/><net_sink comp="1674" pin=3"/></net>

<net id="1687"><net_src comp="897" pin="1"/><net_sink comp="1684" pin=0"/></net>

<net id="1695"><net_src comp="1688" pin="1"/><net_sink comp="1691" pin=0"/></net>

<net id="1696"><net_src comp="1684" pin="1"/><net_sink comp="1691" pin=1"/></net>

<net id="1703"><net_src comp="114" pin="0"/><net_sink comp="1697" pin=0"/></net>

<net id="1704"><net_src comp="1691" pin="2"/><net_sink comp="1697" pin=1"/></net>

<net id="1705"><net_src comp="116" pin="0"/><net_sink comp="1697" pin=2"/></net>

<net id="1706"><net_src comp="118" pin="0"/><net_sink comp="1697" pin=3"/></net>

<net id="1710"><net_src comp="901" pin="1"/><net_sink comp="1707" pin=0"/></net>

<net id="1718"><net_src comp="1711" pin="1"/><net_sink comp="1714" pin=0"/></net>

<net id="1719"><net_src comp="1707" pin="1"/><net_sink comp="1714" pin=1"/></net>

<net id="1726"><net_src comp="114" pin="0"/><net_sink comp="1720" pin=0"/></net>

<net id="1727"><net_src comp="1714" pin="2"/><net_sink comp="1720" pin=1"/></net>

<net id="1728"><net_src comp="116" pin="0"/><net_sink comp="1720" pin=2"/></net>

<net id="1729"><net_src comp="118" pin="0"/><net_sink comp="1720" pin=3"/></net>

<net id="1733"><net_src comp="905" pin="1"/><net_sink comp="1730" pin=0"/></net>

<net id="1741"><net_src comp="1734" pin="1"/><net_sink comp="1737" pin=0"/></net>

<net id="1742"><net_src comp="1730" pin="1"/><net_sink comp="1737" pin=1"/></net>

<net id="1749"><net_src comp="114" pin="0"/><net_sink comp="1743" pin=0"/></net>

<net id="1750"><net_src comp="1737" pin="2"/><net_sink comp="1743" pin=1"/></net>

<net id="1751"><net_src comp="116" pin="0"/><net_sink comp="1743" pin=2"/></net>

<net id="1752"><net_src comp="118" pin="0"/><net_sink comp="1743" pin=3"/></net>

<net id="1756"><net_src comp="909" pin="1"/><net_sink comp="1753" pin=0"/></net>

<net id="1764"><net_src comp="1757" pin="1"/><net_sink comp="1760" pin=0"/></net>

<net id="1765"><net_src comp="1753" pin="1"/><net_sink comp="1760" pin=1"/></net>

<net id="1772"><net_src comp="114" pin="0"/><net_sink comp="1766" pin=0"/></net>

<net id="1773"><net_src comp="1760" pin="2"/><net_sink comp="1766" pin=1"/></net>

<net id="1774"><net_src comp="116" pin="0"/><net_sink comp="1766" pin=2"/></net>

<net id="1775"><net_src comp="118" pin="0"/><net_sink comp="1766" pin=3"/></net>

<net id="1779"><net_src comp="913" pin="1"/><net_sink comp="1776" pin=0"/></net>

<net id="1787"><net_src comp="1780" pin="1"/><net_sink comp="1783" pin=0"/></net>

<net id="1788"><net_src comp="1776" pin="1"/><net_sink comp="1783" pin=1"/></net>

<net id="1795"><net_src comp="114" pin="0"/><net_sink comp="1789" pin=0"/></net>

<net id="1796"><net_src comp="1783" pin="2"/><net_sink comp="1789" pin=1"/></net>

<net id="1797"><net_src comp="116" pin="0"/><net_sink comp="1789" pin=2"/></net>

<net id="1798"><net_src comp="118" pin="0"/><net_sink comp="1789" pin=3"/></net>

<net id="1802"><net_src comp="917" pin="1"/><net_sink comp="1799" pin=0"/></net>

<net id="1810"><net_src comp="1803" pin="1"/><net_sink comp="1806" pin=0"/></net>

<net id="1811"><net_src comp="1799" pin="1"/><net_sink comp="1806" pin=1"/></net>

<net id="1818"><net_src comp="114" pin="0"/><net_sink comp="1812" pin=0"/></net>

<net id="1819"><net_src comp="1806" pin="2"/><net_sink comp="1812" pin=1"/></net>

<net id="1820"><net_src comp="116" pin="0"/><net_sink comp="1812" pin=2"/></net>

<net id="1821"><net_src comp="118" pin="0"/><net_sink comp="1812" pin=3"/></net>

<net id="1825"><net_src comp="921" pin="1"/><net_sink comp="1822" pin=0"/></net>

<net id="1833"><net_src comp="1826" pin="1"/><net_sink comp="1829" pin=0"/></net>

<net id="1834"><net_src comp="1822" pin="1"/><net_sink comp="1829" pin=1"/></net>

<net id="1841"><net_src comp="114" pin="0"/><net_sink comp="1835" pin=0"/></net>

<net id="1842"><net_src comp="1829" pin="2"/><net_sink comp="1835" pin=1"/></net>

<net id="1843"><net_src comp="116" pin="0"/><net_sink comp="1835" pin=2"/></net>

<net id="1844"><net_src comp="118" pin="0"/><net_sink comp="1835" pin=3"/></net>

<net id="1848"><net_src comp="925" pin="1"/><net_sink comp="1845" pin=0"/></net>

<net id="1856"><net_src comp="1849" pin="1"/><net_sink comp="1852" pin=0"/></net>

<net id="1857"><net_src comp="1845" pin="1"/><net_sink comp="1852" pin=1"/></net>

<net id="1864"><net_src comp="114" pin="0"/><net_sink comp="1858" pin=0"/></net>

<net id="1865"><net_src comp="1852" pin="2"/><net_sink comp="1858" pin=1"/></net>

<net id="1866"><net_src comp="116" pin="0"/><net_sink comp="1858" pin=2"/></net>

<net id="1867"><net_src comp="118" pin="0"/><net_sink comp="1858" pin=3"/></net>

<net id="1871"><net_src comp="929" pin="1"/><net_sink comp="1868" pin=0"/></net>

<net id="1879"><net_src comp="1872" pin="1"/><net_sink comp="1875" pin=0"/></net>

<net id="1880"><net_src comp="1868" pin="1"/><net_sink comp="1875" pin=1"/></net>

<net id="1887"><net_src comp="114" pin="0"/><net_sink comp="1881" pin=0"/></net>

<net id="1888"><net_src comp="1875" pin="2"/><net_sink comp="1881" pin=1"/></net>

<net id="1889"><net_src comp="116" pin="0"/><net_sink comp="1881" pin=2"/></net>

<net id="1890"><net_src comp="118" pin="0"/><net_sink comp="1881" pin=3"/></net>

<net id="1894"><net_src comp="933" pin="1"/><net_sink comp="1891" pin=0"/></net>

<net id="1902"><net_src comp="1895" pin="1"/><net_sink comp="1898" pin=0"/></net>

<net id="1903"><net_src comp="1891" pin="1"/><net_sink comp="1898" pin=1"/></net>

<net id="1910"><net_src comp="114" pin="0"/><net_sink comp="1904" pin=0"/></net>

<net id="1911"><net_src comp="1898" pin="2"/><net_sink comp="1904" pin=1"/></net>

<net id="1912"><net_src comp="116" pin="0"/><net_sink comp="1904" pin=2"/></net>

<net id="1913"><net_src comp="118" pin="0"/><net_sink comp="1904" pin=3"/></net>

<net id="1917"><net_src comp="937" pin="1"/><net_sink comp="1914" pin=0"/></net>

<net id="1925"><net_src comp="1918" pin="1"/><net_sink comp="1921" pin=0"/></net>

<net id="1926"><net_src comp="1914" pin="1"/><net_sink comp="1921" pin=1"/></net>

<net id="1933"><net_src comp="148" pin="0"/><net_sink comp="1927" pin=0"/></net>

<net id="1934"><net_src comp="1921" pin="2"/><net_sink comp="1927" pin=1"/></net>

<net id="1935"><net_src comp="116" pin="0"/><net_sink comp="1927" pin=2"/></net>

<net id="1936"><net_src comp="150" pin="0"/><net_sink comp="1927" pin=3"/></net>

<net id="1940"><net_src comp="941" pin="1"/><net_sink comp="1937" pin=0"/></net>

<net id="1948"><net_src comp="1941" pin="1"/><net_sink comp="1944" pin=0"/></net>

<net id="1949"><net_src comp="1937" pin="1"/><net_sink comp="1944" pin=1"/></net>

<net id="1956"><net_src comp="148" pin="0"/><net_sink comp="1950" pin=0"/></net>

<net id="1957"><net_src comp="1944" pin="2"/><net_sink comp="1950" pin=1"/></net>

<net id="1958"><net_src comp="116" pin="0"/><net_sink comp="1950" pin=2"/></net>

<net id="1959"><net_src comp="150" pin="0"/><net_sink comp="1950" pin=3"/></net>

<net id="1963"><net_src comp="945" pin="1"/><net_sink comp="1960" pin=0"/></net>

<net id="1971"><net_src comp="1964" pin="1"/><net_sink comp="1967" pin=0"/></net>

<net id="1972"><net_src comp="1960" pin="1"/><net_sink comp="1967" pin=1"/></net>

<net id="1979"><net_src comp="148" pin="0"/><net_sink comp="1973" pin=0"/></net>

<net id="1980"><net_src comp="1967" pin="2"/><net_sink comp="1973" pin=1"/></net>

<net id="1981"><net_src comp="116" pin="0"/><net_sink comp="1973" pin=2"/></net>

<net id="1982"><net_src comp="150" pin="0"/><net_sink comp="1973" pin=3"/></net>

<net id="2007"><net_src comp="1999" pin="2"/><net_sink comp="2003" pin=0"/></net>

<net id="2008"><net_src comp="1995" pin="2"/><net_sink comp="2003" pin=1"/></net>

<net id="2021"><net_src comp="2013" pin="2"/><net_sink comp="2017" pin=0"/></net>

<net id="2022"><net_src comp="2009" pin="2"/><net_sink comp="2017" pin=1"/></net>

<net id="2031"><net_src comp="2023" pin="2"/><net_sink comp="2027" pin=0"/></net>

<net id="2036"><net_src comp="1983" pin="1"/><net_sink comp="2032" pin=0"/></net>

<net id="2037"><net_src comp="1986" pin="1"/><net_sink comp="2032" pin=1"/></net>

<net id="2042"><net_src comp="1989" pin="1"/><net_sink comp="2038" pin=0"/></net>

<net id="2043"><net_src comp="1992" pin="1"/><net_sink comp="2038" pin=1"/></net>

<net id="2047"><net_src comp="2038" pin="2"/><net_sink comp="2044" pin=0"/></net>

<net id="2052"><net_src comp="2044" pin="1"/><net_sink comp="2048" pin=0"/></net>

<net id="2053"><net_src comp="2032" pin="2"/><net_sink comp="2048" pin=1"/></net>

<net id="2071"><net_src comp="2063" pin="2"/><net_sink comp="2067" pin=0"/></net>

<net id="2076"><net_src comp="2067" pin="2"/><net_sink comp="2072" pin=1"/></net>

<net id="2089"><net_src comp="2081" pin="2"/><net_sink comp="2085" pin=0"/></net>

<net id="2090"><net_src comp="2077" pin="2"/><net_sink comp="2085" pin=1"/></net>

<net id="2095"><net_src comp="2085" pin="2"/><net_sink comp="2091" pin=1"/></net>

<net id="2108"><net_src comp="2100" pin="2"/><net_sink comp="2104" pin=0"/></net>

<net id="2109"><net_src comp="2096" pin="2"/><net_sink comp="2104" pin=1"/></net>

<net id="2114"><net_src comp="2054" pin="1"/><net_sink comp="2110" pin=1"/></net>

<net id="2119"><net_src comp="2057" pin="1"/><net_sink comp="2115" pin=0"/></net>

<net id="2120"><net_src comp="2060" pin="1"/><net_sink comp="2115" pin=1"/></net>

<net id="2125"><net_src comp="2115" pin="2"/><net_sink comp="2121" pin=0"/></net>

<net id="2126"><net_src comp="2110" pin="2"/><net_sink comp="2121" pin=1"/></net>

<net id="2131"><net_src comp="2121" pin="2"/><net_sink comp="2127" pin=1"/></net>

<net id="2140"><net_src comp="2132" pin="2"/><net_sink comp="2136" pin=1"/></net>

<net id="2149"><net_src comp="2141" pin="2"/><net_sink comp="2145" pin=1"/></net>

<net id="2150"><net_src comp="2145" pin="2"/><net_sink comp="883" pin=1"/></net>

<net id="2154"><net_src comp="168" pin="1"/><net_sink comp="2151" pin=0"/></net>

<net id="2155"><net_src comp="2151" pin="1"/><net_sink comp="949" pin=1"/></net>

<net id="2156"><net_src comp="2151" pin="1"/><net_sink comp="954" pin=0"/></net>

<net id="2157"><net_src comp="2151" pin="1"/><net_sink comp="975" pin=1"/></net>

<net id="2161"><net_src comp="957" pin="2"/><net_sink comp="2158" pin=0"/></net>

<net id="2165"><net_src comp="969" pin="1"/><net_sink comp="2162" pin=0"/></net>

<net id="2166"><net_src comp="2162" pin="1"/><net_sink comp="267" pin=2"/></net>

<net id="2167"><net_src comp="2162" pin="1"/><net_sink comp="280" pin=2"/></net>

<net id="2168"><net_src comp="2162" pin="1"/><net_sink comp="301" pin=2"/></net>

<net id="2169"><net_src comp="2162" pin="1"/><net_sink comp="322" pin=2"/></net>

<net id="2170"><net_src comp="2162" pin="1"/><net_sink comp="343" pin=2"/></net>

<net id="2171"><net_src comp="2162" pin="1"/><net_sink comp="364" pin=2"/></net>

<net id="2172"><net_src comp="2162" pin="1"/><net_sink comp="377" pin=2"/></net>

<net id="2173"><net_src comp="2162" pin="1"/><net_sink comp="390" pin=2"/></net>

<net id="2174"><net_src comp="2162" pin="1"/><net_sink comp="403" pin=2"/></net>

<net id="2175"><net_src comp="2162" pin="1"/><net_sink comp="416" pin=2"/></net>

<net id="2176"><net_src comp="2162" pin="1"/><net_sink comp="437" pin=2"/></net>

<net id="2177"><net_src comp="2162" pin="1"/><net_sink comp="458" pin=2"/></net>

<net id="2178"><net_src comp="2162" pin="1"/><net_sink comp="479" pin=2"/></net>

<net id="2179"><net_src comp="2162" pin="1"/><net_sink comp="500" pin=2"/></net>

<net id="2180"><net_src comp="2162" pin="1"/><net_sink comp="521" pin=2"/></net>

<net id="2181"><net_src comp="2162" pin="1"/><net_sink comp="542" pin=2"/></net>

<net id="2182"><net_src comp="2162" pin="1"/><net_sink comp="563" pin=2"/></net>

<net id="2183"><net_src comp="2162" pin="1"/><net_sink comp="576" pin=2"/></net>

<net id="2184"><net_src comp="2162" pin="1"/><net_sink comp="589" pin=2"/></net>

<net id="2185"><net_src comp="2162" pin="1"/><net_sink comp="602" pin=2"/></net>

<net id="2186"><net_src comp="2162" pin="1"/><net_sink comp="615" pin=2"/></net>

<net id="2187"><net_src comp="2162" pin="1"/><net_sink comp="628" pin=2"/></net>

<net id="2188"><net_src comp="2162" pin="1"/><net_sink comp="641" pin=2"/></net>

<net id="2189"><net_src comp="2162" pin="1"/><net_sink comp="654" pin=2"/></net>

<net id="2190"><net_src comp="2162" pin="1"/><net_sink comp="667" pin=2"/></net>

<net id="2191"><net_src comp="2162" pin="1"/><net_sink comp="688" pin=2"/></net>

<net id="2192"><net_src comp="2162" pin="1"/><net_sink comp="709" pin=2"/></net>

<net id="2193"><net_src comp="2162" pin="1"/><net_sink comp="730" pin=2"/></net>

<net id="2194"><net_src comp="2162" pin="1"/><net_sink comp="751" pin=2"/></net>

<net id="2195"><net_src comp="2162" pin="1"/><net_sink comp="876" pin=2"/></net>

<net id="2199"><net_src comp="172" pin="3"/><net_sink comp="2196" pin=0"/></net>

<net id="2200"><net_src comp="2196" pin="1"/><net_sink comp="179" pin=0"/></net>

<net id="2204"><net_src comp="185" pin="3"/><net_sink comp="2201" pin=0"/></net>

<net id="2205"><net_src comp="2201" pin="1"/><net_sink comp="192" pin=0"/></net>

<net id="2209"><net_src comp="179" pin="3"/><net_sink comp="2206" pin=0"/></net>

<net id="2210"><net_src comp="2206" pin="1"/><net_sink comp="985" pin=0"/></net>

<net id="2214"><net_src comp="198" pin="3"/><net_sink comp="2211" pin=0"/></net>

<net id="2215"><net_src comp="2211" pin="1"/><net_sink comp="205" pin=37"/></net>

<net id="2219"><net_src comp="192" pin="3"/><net_sink comp="2216" pin=0"/></net>

<net id="2220"><net_src comp="2216" pin="1"/><net_sink comp="1157" pin=0"/></net>

<net id="2224"><net_src comp="985" pin="1"/><net_sink comp="2221" pin=0"/></net>

<net id="2225"><net_src comp="2221" pin="1"/><net_sink comp="1176" pin=0"/></net>

<net id="2226"><net_src comp="2221" pin="1"/><net_sink comp="1186" pin=0"/></net>

<net id="2227"><net_src comp="2221" pin="1"/><net_sink comp="1196" pin=0"/></net>

<net id="2228"><net_src comp="2221" pin="1"/><net_sink comp="1206" pin=0"/></net>

<net id="2229"><net_src comp="2221" pin="1"/><net_sink comp="1216" pin=0"/></net>

<net id="2230"><net_src comp="2221" pin="1"/><net_sink comp="1226" pin=0"/></net>

<net id="2231"><net_src comp="2221" pin="1"/><net_sink comp="1236" pin=0"/></net>

<net id="2232"><net_src comp="2221" pin="1"/><net_sink comp="1246" pin=0"/></net>

<net id="2233"><net_src comp="2221" pin="1"/><net_sink comp="1256" pin=0"/></net>

<net id="2234"><net_src comp="2221" pin="1"/><net_sink comp="1266" pin=0"/></net>

<net id="2235"><net_src comp="2221" pin="1"/><net_sink comp="1276" pin=0"/></net>

<net id="2236"><net_src comp="2221" pin="1"/><net_sink comp="1286" pin=0"/></net>

<net id="2237"><net_src comp="2221" pin="1"/><net_sink comp="1296" pin=0"/></net>

<net id="2238"><net_src comp="2221" pin="1"/><net_sink comp="1306" pin=0"/></net>

<net id="2242"><net_src comp="267" pin="3"/><net_sink comp="2239" pin=0"/></net>

<net id="2243"><net_src comp="2239" pin="1"/><net_sink comp="274" pin=0"/></net>

<net id="2247"><net_src comp="280" pin="3"/><net_sink comp="2244" pin=0"/></net>

<net id="2248"><net_src comp="2244" pin="1"/><net_sink comp="287" pin=0"/></net>

<net id="2252"><net_src comp="293" pin="3"/><net_sink comp="2249" pin=0"/></net>

<net id="2253"><net_src comp="2249" pin="1"/><net_sink comp="205" pin=37"/></net>

<net id="2257"><net_src comp="301" pin="3"/><net_sink comp="2254" pin=0"/></net>

<net id="2258"><net_src comp="2254" pin="1"/><net_sink comp="308" pin=0"/></net>

<net id="2262"><net_src comp="314" pin="3"/><net_sink comp="2259" pin=0"/></net>

<net id="2263"><net_src comp="2259" pin="1"/><net_sink comp="205" pin=34"/></net>

<net id="2267"><net_src comp="322" pin="3"/><net_sink comp="2264" pin=0"/></net>

<net id="2268"><net_src comp="2264" pin="1"/><net_sink comp="329" pin=0"/></net>

<net id="2272"><net_src comp="335" pin="3"/><net_sink comp="2269" pin=0"/></net>

<net id="2273"><net_src comp="2269" pin="1"/><net_sink comp="205" pin=32"/></net>

<net id="2277"><net_src comp="343" pin="3"/><net_sink comp="2274" pin=0"/></net>

<net id="2278"><net_src comp="2274" pin="1"/><net_sink comp="350" pin=0"/></net>

<net id="2282"><net_src comp="356" pin="3"/><net_sink comp="2279" pin=0"/></net>

<net id="2283"><net_src comp="2279" pin="1"/><net_sink comp="205" pin=29"/></net>

<net id="2287"><net_src comp="364" pin="3"/><net_sink comp="2284" pin=0"/></net>

<net id="2288"><net_src comp="2284" pin="1"/><net_sink comp="371" pin=0"/></net>

<net id="2292"><net_src comp="377" pin="3"/><net_sink comp="2289" pin=0"/></net>

<net id="2293"><net_src comp="2289" pin="1"/><net_sink comp="384" pin=0"/></net>

<net id="2297"><net_src comp="390" pin="3"/><net_sink comp="2294" pin=0"/></net>

<net id="2298"><net_src comp="2294" pin="1"/><net_sink comp="397" pin=0"/></net>

<net id="2302"><net_src comp="403" pin="3"/><net_sink comp="2299" pin=0"/></net>

<net id="2303"><net_src comp="2299" pin="1"/><net_sink comp="410" pin=0"/></net>

<net id="2307"><net_src comp="416" pin="3"/><net_sink comp="2304" pin=0"/></net>

<net id="2308"><net_src comp="2304" pin="1"/><net_sink comp="423" pin=0"/></net>

<net id="2312"><net_src comp="429" pin="3"/><net_sink comp="2309" pin=0"/></net>

<net id="2313"><net_src comp="2309" pin="1"/><net_sink comp="205" pin=26"/></net>

<net id="2317"><net_src comp="437" pin="3"/><net_sink comp="2314" pin=0"/></net>

<net id="2318"><net_src comp="2314" pin="1"/><net_sink comp="444" pin=0"/></net>

<net id="2322"><net_src comp="450" pin="3"/><net_sink comp="2319" pin=0"/></net>

<net id="2323"><net_src comp="2319" pin="1"/><net_sink comp="205" pin=24"/></net>

<net id="2327"><net_src comp="458" pin="3"/><net_sink comp="2324" pin=0"/></net>

<net id="2328"><net_src comp="2324" pin="1"/><net_sink comp="465" pin=0"/></net>

<net id="2332"><net_src comp="471" pin="3"/><net_sink comp="2329" pin=0"/></net>

<net id="2333"><net_src comp="2329" pin="1"/><net_sink comp="205" pin=21"/></net>

<net id="2337"><net_src comp="479" pin="3"/><net_sink comp="2334" pin=0"/></net>

<net id="2338"><net_src comp="2334" pin="1"/><net_sink comp="486" pin=0"/></net>

<net id="2342"><net_src comp="492" pin="3"/><net_sink comp="2339" pin=0"/></net>

<net id="2343"><net_src comp="2339" pin="1"/><net_sink comp="205" pin=18"/></net>

<net id="2347"><net_src comp="500" pin="3"/><net_sink comp="2344" pin=0"/></net>

<net id="2348"><net_src comp="2344" pin="1"/><net_sink comp="507" pin=0"/></net>

<net id="2352"><net_src comp="513" pin="3"/><net_sink comp="2349" pin=0"/></net>

<net id="2353"><net_src comp="2349" pin="1"/><net_sink comp="205" pin=16"/></net>

<net id="2357"><net_src comp="521" pin="3"/><net_sink comp="2354" pin=0"/></net>

<net id="2358"><net_src comp="2354" pin="1"/><net_sink comp="528" pin=0"/></net>

<net id="2362"><net_src comp="534" pin="3"/><net_sink comp="2359" pin=0"/></net>

<net id="2363"><net_src comp="2359" pin="1"/><net_sink comp="205" pin=13"/></net>

<net id="2367"><net_src comp="542" pin="3"/><net_sink comp="2364" pin=0"/></net>

<net id="2368"><net_src comp="2364" pin="1"/><net_sink comp="549" pin=0"/></net>

<net id="2372"><net_src comp="555" pin="3"/><net_sink comp="2369" pin=0"/></net>

<net id="2373"><net_src comp="2369" pin="1"/><net_sink comp="205" pin=10"/></net>

<net id="2377"><net_src comp="563" pin="3"/><net_sink comp="2374" pin=0"/></net>

<net id="2378"><net_src comp="2374" pin="1"/><net_sink comp="570" pin=0"/></net>

<net id="2382"><net_src comp="576" pin="3"/><net_sink comp="2379" pin=0"/></net>

<net id="2383"><net_src comp="2379" pin="1"/><net_sink comp="583" pin=0"/></net>

<net id="2387"><net_src comp="589" pin="3"/><net_sink comp="2384" pin=0"/></net>

<net id="2388"><net_src comp="2384" pin="1"/><net_sink comp="596" pin=0"/></net>

<net id="2392"><net_src comp="602" pin="3"/><net_sink comp="2389" pin=0"/></net>

<net id="2393"><net_src comp="2389" pin="1"/><net_sink comp="609" pin=0"/></net>

<net id="2397"><net_src comp="615" pin="3"/><net_sink comp="2394" pin=0"/></net>

<net id="2398"><net_src comp="2394" pin="1"/><net_sink comp="622" pin=0"/></net>

<net id="2402"><net_src comp="628" pin="3"/><net_sink comp="2399" pin=0"/></net>

<net id="2403"><net_src comp="2399" pin="1"/><net_sink comp="635" pin=0"/></net>

<net id="2407"><net_src comp="641" pin="3"/><net_sink comp="2404" pin=0"/></net>

<net id="2408"><net_src comp="2404" pin="1"/><net_sink comp="648" pin=0"/></net>

<net id="2412"><net_src comp="654" pin="3"/><net_sink comp="2409" pin=0"/></net>

<net id="2413"><net_src comp="2409" pin="1"/><net_sink comp="661" pin=0"/></net>

<net id="2417"><net_src comp="667" pin="3"/><net_sink comp="2414" pin=0"/></net>

<net id="2418"><net_src comp="2414" pin="1"/><net_sink comp="674" pin=0"/></net>

<net id="2422"><net_src comp="680" pin="3"/><net_sink comp="2419" pin=0"/></net>

<net id="2423"><net_src comp="2419" pin="1"/><net_sink comp="205" pin=8"/></net>

<net id="2427"><net_src comp="688" pin="3"/><net_sink comp="2424" pin=0"/></net>

<net id="2428"><net_src comp="2424" pin="1"/><net_sink comp="695" pin=0"/></net>

<net id="2432"><net_src comp="701" pin="3"/><net_sink comp="2429" pin=0"/></net>

<net id="2433"><net_src comp="2429" pin="1"/><net_sink comp="205" pin=5"/></net>

<net id="2437"><net_src comp="709" pin="3"/><net_sink comp="2434" pin=0"/></net>

<net id="2438"><net_src comp="2434" pin="1"/><net_sink comp="716" pin=0"/></net>

<net id="2442"><net_src comp="722" pin="3"/><net_sink comp="2439" pin=0"/></net>

<net id="2443"><net_src comp="2439" pin="1"/><net_sink comp="205" pin=2"/></net>

<net id="2447"><net_src comp="730" pin="3"/><net_sink comp="2444" pin=0"/></net>

<net id="2448"><net_src comp="2444" pin="1"/><net_sink comp="737" pin=0"/></net>

<net id="2452"><net_src comp="743" pin="3"/><net_sink comp="2449" pin=0"/></net>

<net id="2453"><net_src comp="2449" pin="1"/><net_sink comp="205" pin=0"/></net>

<net id="2457"><net_src comp="751" pin="3"/><net_sink comp="2454" pin=0"/></net>

<net id="2458"><net_src comp="2454" pin="1"/><net_sink comp="758" pin=0"/></net>

<net id="2462"><net_src comp="1166" pin="4"/><net_sink comp="2459" pin=0"/></net>

<net id="2463"><net_src comp="2459" pin="1"/><net_sink comp="2063" pin=0"/></net>

<net id="2467"><net_src comp="764" pin="3"/><net_sink comp="2464" pin=0"/></net>

<net id="2468"><net_src comp="2464" pin="1"/><net_sink comp="205" pin=34"/></net>

<net id="2472"><net_src comp="274" pin="3"/><net_sink comp="2469" pin=0"/></net>

<net id="2473"><net_src comp="2469" pin="1"/><net_sink comp="1665" pin=0"/></net>

<net id="2477"><net_src comp="772" pin="3"/><net_sink comp="2474" pin=0"/></net>

<net id="2478"><net_src comp="2474" pin="1"/><net_sink comp="205" pin=32"/></net>

<net id="2482"><net_src comp="287" pin="3"/><net_sink comp="2479" pin=0"/></net>

<net id="2483"><net_src comp="2479" pin="1"/><net_sink comp="1688" pin=0"/></net>

<net id="2487"><net_src comp="308" pin="3"/><net_sink comp="2484" pin=0"/></net>

<net id="2488"><net_src comp="2484" pin="1"/><net_sink comp="1320" pin=0"/></net>

<net id="2492"><net_src comp="329" pin="3"/><net_sink comp="2489" pin=0"/></net>

<net id="2493"><net_src comp="2489" pin="1"/><net_sink comp="1343" pin=0"/></net>

<net id="2497"><net_src comp="350" pin="3"/><net_sink comp="2494" pin=0"/></net>

<net id="2498"><net_src comp="2494" pin="1"/><net_sink comp="1366" pin=0"/></net>

<net id="2502"><net_src comp="371" pin="3"/><net_sink comp="2499" pin=0"/></net>

<net id="2503"><net_src comp="2499" pin="1"/><net_sink comp="1389" pin=0"/></net>

<net id="2507"><net_src comp="780" pin="3"/><net_sink comp="2504" pin=0"/></net>

<net id="2508"><net_src comp="2504" pin="1"/><net_sink comp="205" pin=29"/></net>

<net id="2512"><net_src comp="384" pin="3"/><net_sink comp="2509" pin=0"/></net>

<net id="2513"><net_src comp="2509" pin="1"/><net_sink comp="1711" pin=0"/></net>

<net id="2517"><net_src comp="788" pin="3"/><net_sink comp="2514" pin=0"/></net>

<net id="2518"><net_src comp="2514" pin="1"/><net_sink comp="205" pin=26"/></net>

<net id="2522"><net_src comp="397" pin="3"/><net_sink comp="2519" pin=0"/></net>

<net id="2523"><net_src comp="2519" pin="1"/><net_sink comp="1734" pin=0"/></net>

<net id="2527"><net_src comp="796" pin="3"/><net_sink comp="2524" pin=0"/></net>

<net id="2528"><net_src comp="2524" pin="1"/><net_sink comp="205" pin=24"/></net>

<net id="2532"><net_src comp="410" pin="3"/><net_sink comp="2529" pin=0"/></net>

<net id="2533"><net_src comp="2529" pin="1"/><net_sink comp="1757" pin=0"/></net>

<net id="2537"><net_src comp="804" pin="3"/><net_sink comp="2534" pin=0"/></net>

<net id="2538"><net_src comp="2534" pin="1"/><net_sink comp="205" pin=21"/></net>

<net id="2542"><net_src comp="423" pin="3"/><net_sink comp="2539" pin=0"/></net>

<net id="2543"><net_src comp="2539" pin="1"/><net_sink comp="1780" pin=0"/></net>

<net id="2547"><net_src comp="444" pin="3"/><net_sink comp="2544" pin=0"/></net>

<net id="2548"><net_src comp="2544" pin="1"/><net_sink comp="1412" pin=0"/></net>

<net id="2552"><net_src comp="465" pin="3"/><net_sink comp="2549" pin=0"/></net>

<net id="2553"><net_src comp="2549" pin="1"/><net_sink comp="1435" pin=0"/></net>

<net id="2557"><net_src comp="486" pin="3"/><net_sink comp="2554" pin=0"/></net>

<net id="2558"><net_src comp="2554" pin="1"/><net_sink comp="1458" pin=0"/></net>

<net id="2562"><net_src comp="507" pin="3"/><net_sink comp="2559" pin=0"/></net>

<net id="2563"><net_src comp="2559" pin="1"/><net_sink comp="1481" pin=0"/></net>

<net id="2567"><net_src comp="528" pin="3"/><net_sink comp="2564" pin=0"/></net>

<net id="2568"><net_src comp="2564" pin="1"/><net_sink comp="1504" pin=0"/></net>

<net id="2572"><net_src comp="549" pin="3"/><net_sink comp="2569" pin=0"/></net>

<net id="2573"><net_src comp="2569" pin="1"/><net_sink comp="1527" pin=0"/></net>

<net id="2577"><net_src comp="570" pin="3"/><net_sink comp="2574" pin=0"/></net>

<net id="2578"><net_src comp="2574" pin="1"/><net_sink comp="1550" pin=0"/></net>

<net id="2582"><net_src comp="812" pin="3"/><net_sink comp="2579" pin=0"/></net>

<net id="2583"><net_src comp="2579" pin="1"/><net_sink comp="205" pin=18"/></net>

<net id="2587"><net_src comp="583" pin="3"/><net_sink comp="2584" pin=0"/></net>

<net id="2588"><net_src comp="2584" pin="1"/><net_sink comp="1803" pin=0"/></net>

<net id="2592"><net_src comp="820" pin="3"/><net_sink comp="2589" pin=0"/></net>

<net id="2593"><net_src comp="2589" pin="1"/><net_sink comp="205" pin=16"/></net>

<net id="2597"><net_src comp="596" pin="3"/><net_sink comp="2594" pin=0"/></net>

<net id="2598"><net_src comp="2594" pin="1"/><net_sink comp="1826" pin=0"/></net>

<net id="2602"><net_src comp="828" pin="3"/><net_sink comp="2599" pin=0"/></net>

<net id="2603"><net_src comp="2599" pin="1"/><net_sink comp="205" pin=13"/></net>

<net id="2607"><net_src comp="609" pin="3"/><net_sink comp="2604" pin=0"/></net>

<net id="2608"><net_src comp="2604" pin="1"/><net_sink comp="1849" pin=0"/></net>

<net id="2612"><net_src comp="836" pin="3"/><net_sink comp="2609" pin=0"/></net>

<net id="2613"><net_src comp="2609" pin="1"/><net_sink comp="205" pin=10"/></net>

<net id="2617"><net_src comp="622" pin="3"/><net_sink comp="2614" pin=0"/></net>

<net id="2618"><net_src comp="2614" pin="1"/><net_sink comp="1872" pin=0"/></net>

<net id="2622"><net_src comp="844" pin="3"/><net_sink comp="2619" pin=0"/></net>

<net id="2623"><net_src comp="2619" pin="1"/><net_sink comp="205" pin=8"/></net>

<net id="2627"><net_src comp="635" pin="3"/><net_sink comp="2624" pin=0"/></net>

<net id="2628"><net_src comp="2624" pin="1"/><net_sink comp="1895" pin=0"/></net>

<net id="2632"><net_src comp="852" pin="3"/><net_sink comp="2629" pin=0"/></net>

<net id="2633"><net_src comp="2629" pin="1"/><net_sink comp="205" pin=5"/></net>

<net id="2637"><net_src comp="648" pin="3"/><net_sink comp="2634" pin=0"/></net>

<net id="2638"><net_src comp="2634" pin="1"/><net_sink comp="1918" pin=0"/></net>

<net id="2642"><net_src comp="860" pin="3"/><net_sink comp="2639" pin=0"/></net>

<net id="2643"><net_src comp="2639" pin="1"/><net_sink comp="205" pin=2"/></net>

<net id="2647"><net_src comp="661" pin="3"/><net_sink comp="2644" pin=0"/></net>

<net id="2648"><net_src comp="2644" pin="1"/><net_sink comp="1941" pin=0"/></net>

<net id="2652"><net_src comp="868" pin="3"/><net_sink comp="2649" pin=0"/></net>

<net id="2653"><net_src comp="2649" pin="1"/><net_sink comp="205" pin=0"/></net>

<net id="2657"><net_src comp="674" pin="3"/><net_sink comp="2654" pin=0"/></net>

<net id="2658"><net_src comp="2654" pin="1"/><net_sink comp="1964" pin=0"/></net>

<net id="2662"><net_src comp="695" pin="3"/><net_sink comp="2659" pin=0"/></net>

<net id="2663"><net_src comp="2659" pin="1"/><net_sink comp="1573" pin=0"/></net>

<net id="2667"><net_src comp="716" pin="3"/><net_sink comp="2664" pin=0"/></net>

<net id="2668"><net_src comp="2664" pin="1"/><net_sink comp="1596" pin=0"/></net>

<net id="2672"><net_src comp="737" pin="3"/><net_sink comp="2669" pin=0"/></net>

<net id="2673"><net_src comp="2669" pin="1"/><net_sink comp="1619" pin=0"/></net>

<net id="2677"><net_src comp="758" pin="3"/><net_sink comp="2674" pin=0"/></net>

<net id="2678"><net_src comp="2674" pin="1"/><net_sink comp="1642" pin=0"/></net>

<net id="2682"><net_src comp="1329" pin="4"/><net_sink comp="2679" pin=0"/></net>

<net id="2683"><net_src comp="2679" pin="1"/><net_sink comp="1995" pin=0"/></net>

<net id="2687"><net_src comp="1352" pin="4"/><net_sink comp="2684" pin=0"/></net>

<net id="2688"><net_src comp="2684" pin="1"/><net_sink comp="1995" pin=1"/></net>

<net id="2692"><net_src comp="1375" pin="4"/><net_sink comp="2689" pin=0"/></net>

<net id="2693"><net_src comp="2689" pin="1"/><net_sink comp="1999" pin=0"/></net>

<net id="2697"><net_src comp="1398" pin="4"/><net_sink comp="2694" pin=0"/></net>

<net id="2698"><net_src comp="2694" pin="1"/><net_sink comp="1999" pin=1"/></net>

<net id="2702"><net_src comp="1421" pin="4"/><net_sink comp="2699" pin=0"/></net>

<net id="2703"><net_src comp="2699" pin="1"/><net_sink comp="2009" pin=0"/></net>

<net id="2707"><net_src comp="1444" pin="4"/><net_sink comp="2704" pin=0"/></net>

<net id="2708"><net_src comp="2704" pin="1"/><net_sink comp="2009" pin=1"/></net>

<net id="2712"><net_src comp="1467" pin="4"/><net_sink comp="2709" pin=0"/></net>

<net id="2713"><net_src comp="2709" pin="1"/><net_sink comp="2013" pin=0"/></net>

<net id="2717"><net_src comp="1490" pin="4"/><net_sink comp="2714" pin=0"/></net>

<net id="2718"><net_src comp="2714" pin="1"/><net_sink comp="2013" pin=1"/></net>

<net id="2722"><net_src comp="1513" pin="4"/><net_sink comp="2719" pin=0"/></net>

<net id="2723"><net_src comp="2719" pin="1"/><net_sink comp="2027" pin=1"/></net>

<net id="2727"><net_src comp="1536" pin="4"/><net_sink comp="2724" pin=0"/></net>

<net id="2728"><net_src comp="2724" pin="1"/><net_sink comp="2023" pin=0"/></net>

<net id="2732"><net_src comp="1559" pin="4"/><net_sink comp="2729" pin=0"/></net>

<net id="2733"><net_src comp="2729" pin="1"/><net_sink comp="2023" pin=1"/></net>

<net id="2737"><net_src comp="1582" pin="4"/><net_sink comp="2734" pin=0"/></net>

<net id="2738"><net_src comp="2734" pin="1"/><net_sink comp="1983" pin=0"/></net>

<net id="2742"><net_src comp="1605" pin="4"/><net_sink comp="2739" pin=0"/></net>

<net id="2743"><net_src comp="2739" pin="1"/><net_sink comp="1986" pin=0"/></net>

<net id="2747"><net_src comp="1628" pin="4"/><net_sink comp="2744" pin=0"/></net>

<net id="2748"><net_src comp="2744" pin="1"/><net_sink comp="1989" pin=0"/></net>

<net id="2752"><net_src comp="1651" pin="4"/><net_sink comp="2749" pin=0"/></net>

<net id="2753"><net_src comp="2749" pin="1"/><net_sink comp="1992" pin=0"/></net>

<net id="2757"><net_src comp="1674" pin="4"/><net_sink comp="2754" pin=0"/></net>

<net id="2758"><net_src comp="2754" pin="1"/><net_sink comp="2067" pin=1"/></net>

<net id="2762"><net_src comp="1697" pin="4"/><net_sink comp="2759" pin=0"/></net>

<net id="2763"><net_src comp="2759" pin="1"/><net_sink comp="2063" pin=1"/></net>

<net id="2767"><net_src comp="1720" pin="4"/><net_sink comp="2764" pin=0"/></net>

<net id="2768"><net_src comp="2764" pin="1"/><net_sink comp="2077" pin=0"/></net>

<net id="2772"><net_src comp="1743" pin="4"/><net_sink comp="2769" pin=0"/></net>

<net id="2773"><net_src comp="2769" pin="1"/><net_sink comp="2077" pin=1"/></net>

<net id="2777"><net_src comp="1766" pin="4"/><net_sink comp="2774" pin=0"/></net>

<net id="2778"><net_src comp="2774" pin="1"/><net_sink comp="2081" pin=0"/></net>

<net id="2782"><net_src comp="1789" pin="4"/><net_sink comp="2779" pin=0"/></net>

<net id="2783"><net_src comp="2779" pin="1"/><net_sink comp="2081" pin=1"/></net>

<net id="2787"><net_src comp="1812" pin="4"/><net_sink comp="2784" pin=0"/></net>

<net id="2788"><net_src comp="2784" pin="1"/><net_sink comp="2096" pin=0"/></net>

<net id="2792"><net_src comp="1835" pin="4"/><net_sink comp="2789" pin=0"/></net>

<net id="2793"><net_src comp="2789" pin="1"/><net_sink comp="2096" pin=1"/></net>

<net id="2797"><net_src comp="1858" pin="4"/><net_sink comp="2794" pin=0"/></net>

<net id="2798"><net_src comp="2794" pin="1"/><net_sink comp="2100" pin=0"/></net>

<net id="2802"><net_src comp="1881" pin="4"/><net_sink comp="2799" pin=0"/></net>

<net id="2803"><net_src comp="2799" pin="1"/><net_sink comp="2100" pin=1"/></net>

<net id="2807"><net_src comp="1904" pin="4"/><net_sink comp="2804" pin=0"/></net>

<net id="2808"><net_src comp="2804" pin="1"/><net_sink comp="2110" pin=0"/></net>

<net id="2812"><net_src comp="1927" pin="4"/><net_sink comp="2809" pin=0"/></net>

<net id="2813"><net_src comp="2809" pin="1"/><net_sink comp="2054" pin=0"/></net>

<net id="2817"><net_src comp="1950" pin="4"/><net_sink comp="2814" pin=0"/></net>

<net id="2818"><net_src comp="2814" pin="1"/><net_sink comp="2057" pin=0"/></net>

<net id="2822"><net_src comp="1973" pin="4"/><net_sink comp="2819" pin=0"/></net>

<net id="2823"><net_src comp="2819" pin="1"/><net_sink comp="2060" pin=0"/></net>

<net id="2827"><net_src comp="2003" pin="2"/><net_sink comp="2824" pin=0"/></net>

<net id="2828"><net_src comp="2824" pin="1"/><net_sink comp="2072" pin=0"/></net>

<net id="2832"><net_src comp="2017" pin="2"/><net_sink comp="2829" pin=0"/></net>

<net id="2833"><net_src comp="2829" pin="1"/><net_sink comp="2091" pin=0"/></net>

<net id="2837"><net_src comp="2027" pin="2"/><net_sink comp="2834" pin=0"/></net>

<net id="2838"><net_src comp="2834" pin="1"/><net_sink comp="2132" pin=1"/></net>

<net id="2842"><net_src comp="2048" pin="2"/><net_sink comp="2839" pin=0"/></net>

<net id="2843"><net_src comp="2839" pin="1"/><net_sink comp="2127" pin=0"/></net>

<net id="2847"><net_src comp="2072" pin="2"/><net_sink comp="2844" pin=0"/></net>

<net id="2848"><net_src comp="2844" pin="1"/><net_sink comp="2141" pin=1"/></net>

<net id="2852"><net_src comp="2091" pin="2"/><net_sink comp="2849" pin=0"/></net>

<net id="2853"><net_src comp="2849" pin="1"/><net_sink comp="2141" pin=0"/></net>

<net id="2857"><net_src comp="2104" pin="2"/><net_sink comp="2854" pin=0"/></net>

<net id="2858"><net_src comp="2854" pin="1"/><net_sink comp="2132" pin=0"/></net>

<net id="2862"><net_src comp="2127" pin="2"/><net_sink comp="2859" pin=0"/></net>

<net id="2863"><net_src comp="2859" pin="1"/><net_sink comp="2136" pin=0"/></net>

<net id="2867"><net_src comp="2136" pin="2"/><net_sink comp="2864" pin=0"/></net>

<net id="2868"><net_src comp="2864" pin="1"/><net_sink comp="2145" pin=0"/></net>

</net_list>

</model> 
---------------- Datapath Model END ------------------

* FSMD analyzer results:
  - Output states:
	Port: mel_filtered | {9 }
	Port: first_ind | {}
	Port: mel_filterbank_0 | {}
	Port: mel_filterbank_1 | {}
	Port: mel_filterbank_2 | {}
	Port: mel_filterbank_3 | {}
	Port: mel_filterbank_4 | {}
	Port: mel_filterbank_5 | {}
	Port: mel_filterbank_6 | {}
	Port: mel_filterbank_7 | {}
	Port: mel_filterbank_8 | {}
	Port: mel_filterbank_9 | {}
	Port: mel_filterbank_10 | {}
	Port: mel_filterbank_11 | {}
	Port: mel_filterbank_12 | {}
	Port: mel_filterbank_13 | {}
	Port: mel_filterbank_14 | {}
	Port: mel_filterbank_15 | {}
	Port: mel_filterbank_16 | {}
	Port: mel_filterbank_17 | {}
	Port: mel_filterbank_18 | {}
	Port: mel_filterbank_19 | {}
	Port: mel_filterbank_20 | {}
	Port: mel_filterbank_21 | {}
	Port: mel_filterbank_22 | {}
	Port: mel_filterbank_23 | {}
	Port: mel_filterbank_24 | {}
	Port: mel_filterbank_25 | {}
	Port: mel_filterbank_26 | {}
	Port: mel_filterbank_27 | {}
	Port: mel_filterbank_28 | {}
	Port: mel_filterbank_29 | {}
 - Input state : 
	Port: mfcc_Pipeline_VITIS_LOOP_180_1 : abs_spectrogram | {2 3 4 5 }
	Port: mfcc_Pipeline_VITIS_LOOP_180_1 : first_ind | {1 2 }
	Port: mfcc_Pipeline_VITIS_LOOP_180_1 : mel_filterbank_0 | {1 2 }
	Port: mfcc_Pipeline_VITIS_LOOP_180_1 : mel_filterbank_1 | {3 4 }
	Port: mfcc_Pipeline_VITIS_LOOP_180_1 : mel_filterbank_2 | {3 4 }
	Port: mfcc_Pipeline_VITIS_LOOP_180_1 : mel_filterbank_3 | {3 4 }
	Port: mfcc_Pipeline_VITIS_LOOP_180_1 : mel_filterbank_4 | {3 4 }
	Port: mfcc_Pipeline_VITIS_LOOP_180_1 : mel_filterbank_5 | {3 4 }
	Port: mfcc_Pipeline_VITIS_LOOP_180_1 : mel_filterbank_6 | {3 4 }
	Port: mfcc_Pipeline_VITIS_LOOP_180_1 : mel_filterbank_7 | {3 4 }
	Port: mfcc_Pipeline_VITIS_LOOP_180_1 : mel_filterbank_8 | {3 4 }
	Port: mfcc_Pipeline_VITIS_LOOP_180_1 : mel_filterbank_9 | {3 4 }
	Port: mfcc_Pipeline_VITIS_LOOP_180_1 : mel_filterbank_10 | {3 4 }
	Port: mfcc_Pipeline_VITIS_LOOP_180_1 : mel_filterbank_11 | {3 4 }
	Port: mfcc_Pipeline_VITIS_LOOP_180_1 : mel_filterbank_12 | {3 4 }
	Port: mfcc_Pipeline_VITIS_LOOP_180_1 : mel_filterbank_13 | {3 4 }
	Port: mfcc_Pipeline_VITIS_LOOP_180_1 : mel_filterbank_14 | {3 4 }
	Port: mfcc_Pipeline_VITIS_LOOP_180_1 : mel_filterbank_15 | {3 4 }
	Port: mfcc_Pipeline_VITIS_LOOP_180_1 : mel_filterbank_16 | {3 4 }
	Port: mfcc_Pipeline_VITIS_LOOP_180_1 : mel_filterbank_17 | {3 4 }
	Port: mfcc_Pipeline_VITIS_LOOP_180_1 : mel_filterbank_18 | {3 4 }
	Port: mfcc_Pipeline_VITIS_LOOP_180_1 : mel_filterbank_19 | {3 4 }
	Port: mfcc_Pipeline_VITIS_LOOP_180_1 : mel_filterbank_20 | {3 4 }
	Port: mfcc_Pipeline_VITIS_LOOP_180_1 : mel_filterbank_21 | {3 4 }
	Port: mfcc_Pipeline_VITIS_LOOP_180_1 : mel_filterbank_22 | {3 4 }
	Port: mfcc_Pipeline_VITIS_LOOP_180_1 : mel_filterbank_23 | {3 4 }
	Port: mfcc_Pipeline_VITIS_LOOP_180_1 : mel_filterbank_24 | {3 4 }
	Port: mfcc_Pipeline_VITIS_LOOP_180_1 : mel_filterbank_25 | {3 4 }
	Port: mfcc_Pipeline_VITIS_LOOP_180_1 : mel_filterbank_26 | {3 4 }
	Port: mfcc_Pipeline_VITIS_LOOP_180_1 : mel_filterbank_27 | {3 4 }
	Port: mfcc_Pipeline_VITIS_LOOP_180_1 : mel_filterbank_28 | {3 4 }
	Port: mfcc_Pipeline_VITIS_LOOP_180_1 : mel_filterbank_29 | {3 4 }
  - Chain level:
	State 1
		store_ln0 : 1
		m_2 : 1
		icmp_ln180 : 2
		add_ln180 : 2
		br_ln180 : 3
		m_cast : 2
		first_ind_addr : 3
		first_ind_load : 4
		mel_filterbank_0_addr : 3
		mel_filterbank_0_load : 4
		store_ln180 : 3
	State 2
		zext_ln186 : 1
		abs_spectrogram_addr : 2
		abs_spectrogram_load : 3
	State 3
		mel_filterbank_1_load : 1
		mel_filterbank_2_load : 1
		add_ln187_2 : 1
		zext_ln187_6 : 2
		abs_spectrogram_addr_3 : 3
		abs_spectrogram_load_3 : 4
		mel_filterbank_3_load : 1
		add_ln187_3 : 1
		zext_ln187_8 : 2
		abs_spectrogram_addr_4 : 3
		abs_spectrogram_load_4 : 4
		mel_filterbank_4_load : 1
		add_ln187_4 : 1
		zext_ln187_10 : 2
		abs_spectrogram_addr_5 : 3
		abs_spectrogram_load_5 : 4
		mel_filterbank_5_load : 1
		add_ln187_5 : 1
		zext_ln187_12 : 2
		abs_spectrogram_addr_6 : 3
		abs_spectrogram_load_6 : 4
		mel_filterbank_6_load : 1
		mel_filterbank_7_load : 1
		mel_filterbank_8_load : 1
		mel_filterbank_9_load : 1
		mel_filterbank_10_load : 1
		add_ln187_10 : 1
		zext_ln187_22 : 2
		abs_spectrogram_addr_11 : 3
		abs_spectrogram_load_11 : 4
		mel_filterbank_11_load : 1
		add_ln187_11 : 1
		zext_ln187_24 : 2
		abs_spectrogram_addr_12 : 3
		abs_spectrogram_load_12 : 4
		mel_filterbank_12_load : 1
		add_ln187_12 : 1
		zext_ln187_26 : 2
		abs_spectrogram_addr_13 : 3
		abs_spectrogram_load_13 : 4
		mel_filterbank_13_load : 1
		add_ln187_13 : 1
		zext_ln187_28 : 2
		abs_spectrogram_addr_14 : 3
		abs_spectrogram_load_14 : 4
		mel_filterbank_14_load : 1
		add_ln187_14 : 1
		zext_ln187_30 : 2
		abs_spectrogram_addr_15 : 3
		abs_spectrogram_load_15 : 4
		mel_filterbank_15_load : 1
		add_ln187_15 : 1
		zext_ln187_32 : 2
		abs_spectrogram_addr_16 : 3
		abs_spectrogram_load_16 : 4
		mel_filterbank_16_load : 1
		add_ln187_16 : 1
		zext_ln187_34 : 2
		abs_spectrogram_addr_17 : 3
		abs_spectrogram_load_17 : 4
		mel_filterbank_17_load : 1
		mel_filterbank_18_load : 1
		mel_filterbank_19_load : 1
		mel_filterbank_20_load : 1
		mel_filterbank_21_load : 1
		mel_filterbank_22_load : 1
		mel_filterbank_23_load : 1
		mel_filterbank_24_load : 1
		mel_filterbank_25_load : 1
		add_ln187_25 : 1
		zext_ln187_52 : 2
		abs_spectrogram_addr_26 : 3
		abs_spectrogram_load_26 : 4
		mel_filterbank_26_load : 1
		add_ln187_26 : 1
		zext_ln187_54 : 2
		abs_spectrogram_addr_27 : 3
		abs_spectrogram_load_27 : 4
		mel_filterbank_27_load : 1
		add_ln187_27 : 1
		zext_ln187_56 : 2
		abs_spectrogram_addr_28 : 3
		abs_spectrogram_load_28 : 4
		mel_filterbank_28_load : 1
		add_ln187_28 : 1
		zext_ln187_58 : 2
		abs_spectrogram_addr_29 : 3
		abs_spectrogram_load_29 : 4
		mel_filterbank_29_load : 1
	State 4
		mul_ln187 : 1
		trunc_ln1 : 2
		zext_ln187_2 : 1
		abs_spectrogram_addr_1 : 2
		abs_spectrogram_load_1 : 3
		zext_ln187_4 : 1
		abs_spectrogram_addr_2 : 2
		abs_spectrogram_load_2 : 3
		zext_ln187_14 : 1
		abs_spectrogram_addr_7 : 2
		abs_spectrogram_load_7 : 3
		zext_ln187_16 : 1
		abs_spectrogram_addr_8 : 2
		abs_spectrogram_load_8 : 3
		zext_ln187_18 : 1
		abs_spectrogram_addr_9 : 2
		abs_spectrogram_load_9 : 3
		zext_ln187_20 : 1
		abs_spectrogram_addr_10 : 2
		abs_spectrogram_load_10 : 3
		zext_ln187_36 : 1
		abs_spectrogram_addr_18 : 2
		abs_spectrogram_load_18 : 3
		zext_ln187_38 : 1
		abs_spectrogram_addr_19 : 2
		abs_spectrogram_load_19 : 3
		zext_ln187_40 : 1
		abs_spectrogram_addr_20 : 2
		abs_spectrogram_load_20 : 3
		zext_ln187_42 : 1
		abs_spectrogram_addr_21 : 2
		abs_spectrogram_load_21 : 3
		zext_ln187_44 : 1
		abs_spectrogram_addr_22 : 2
		abs_spectrogram_load_22 : 3
		zext_ln187_46 : 1
		abs_spectrogram_addr_23 : 2
		abs_spectrogram_load_23 : 3
		zext_ln187_48 : 1
		abs_spectrogram_addr_24 : 2
		abs_spectrogram_load_24 : 3
		zext_ln187_50 : 1
		abs_spectrogram_addr_25 : 2
		abs_spectrogram_load_25 : 3
	State 5
		mul_ln187_3 : 1
		trunc_ln187_3 : 2
		mul_ln187_4 : 1
		trunc_ln187_4 : 2
		mul_ln187_5 : 1
		trunc_ln187_5 : 2
		mul_ln187_6 : 1
		trunc_ln187_6 : 2
		mul_ln187_11 : 1
		trunc_ln187_10 : 2
		mul_ln187_12 : 1
		trunc_ln187_11 : 2
		mul_ln187_13 : 1
		trunc_ln187_12 : 2
		mul_ln187_14 : 1
		trunc_ln187_13 : 2
		mul_ln187_15 : 1
		trunc_ln187_14 : 2
		mul_ln187_16 : 1
		trunc_ln187_15 : 2
		mul_ln187_17 : 1
		trunc_ln187_16 : 2
		mul_ln187_26 : 1
		trunc_ln187_25 : 2
		mul_ln187_27 : 1
		trunc_ln187_26 : 2
		mul_ln187_28 : 1
		trunc_ln187_27 : 2
		mul_ln187_29 : 1
		trunc_ln187_28 : 2
	State 6
		mul_ln187_1 : 1
		trunc_ln187_1 : 2
		mul_ln187_2 : 1
		trunc_ln187_2 : 2
		mul_ln187_7 : 1
		trunc_ln187_7 : 2
		mul_ln187_8 : 1
		trunc_ln187_8 : 2
		mul_ln187_9 : 1
		trunc_ln187_9 : 2
		mul_ln187_10 : 1
		trunc_ln187_s : 2
		mul_ln187_18 : 1
		trunc_ln187_17 : 2
		mul_ln187_19 : 1
		trunc_ln187_18 : 2
		mul_ln187_20 : 1
		trunc_ln187_19 : 2
		mul_ln187_21 : 1
		trunc_ln187_20 : 2
		mul_ln187_22 : 1
		trunc_ln187_21 : 2
		mul_ln187_23 : 1
		trunc_ln187_22 : 2
		mul_ln187_24 : 1
		trunc_ln187_23 : 2
		mul_ln187_25 : 1
		trunc_ln187_24 : 2
		add_ln187_33 : 1
		add_ln187_40 : 1
		add_ln187_44 : 1
		add_ln187_52 : 1
		add_ln187_53 : 1
		sext_ln187_37 : 2
		add_ln187_54 : 3
	State 7
		add_ln187_30 : 1
		add_ln187_34 : 2
		add_ln187_37 : 1
		add_ln187_41 : 2
		add_ln187_47 : 1
		add_ln187_49 : 1
		add_ln187_50 : 1
		add_ln187_51 : 2
		add_ln187_55 : 3
	State 8
		add_ln187_56 : 1
	State 9
		add_ln187_57 : 1
		store_ln190 : 2


============================================================
+ Verbose Summary: Datapath Resource usage 
============================================================

* Functional unit list:
|----------|------------------------|---------|---------|---------|
| Operation|     Functional Unit    |   DSP   |    FF   |   LUT   |
|----------|------------------------|---------|---------|---------|
|          |    add_ln180_fu_963    |    0    |    0    |    14   |
|          |   add_ln187_2_fu_988   |    0    |    0    |    15   |
|          |   add_ln187_3_fu_999   |    0    |    0    |    15   |
|          |   add_ln187_4_fu_1010  |    0    |    0    |    15   |
|          |   add_ln187_5_fu_1021  |    0    |    0    |    15   |
|          |  add_ln187_10_fu_1032  |    0    |    0    |    15   |
|          |  add_ln187_11_fu_1043  |    0    |    0    |    15   |
|          |  add_ln187_12_fu_1054  |    0    |    0    |    15   |
|          |  add_ln187_13_fu_1065  |    0    |    0    |    15   |
|          |  add_ln187_14_fu_1076  |    0    |    0    |    15   |
|          |  add_ln187_15_fu_1087  |    0    |    0    |    15   |
|          |  add_ln187_16_fu_1098  |    0    |    0    |    15   |
|          |  add_ln187_25_fu_1109  |    0    |    0    |    15   |
|          |  add_ln187_26_fu_1120  |    0    |    0    |    15   |
|          |  add_ln187_27_fu_1131  |    0    |    0    |    15   |
|          |  add_ln187_28_fu_1142  |    0    |    0    |    15   |
|          |    add_ln187_fu_1176   |    0    |    0    |    15   |
|          |   add_ln187_1_fu_1186  |    0    |    0    |    15   |
|          |   add_ln187_6_fu_1196  |    0    |    0    |    15   |
|          |   add_ln187_7_fu_1206  |    0    |    0    |    15   |
|          |   add_ln187_8_fu_1216  |    0    |    0    |    15   |
|          |   add_ln187_9_fu_1226  |    0    |    0    |    15   |
|          |  add_ln187_17_fu_1236  |    0    |    0    |    15   |
|          |  add_ln187_18_fu_1246  |    0    |    0    |    15   |
|          |  add_ln187_19_fu_1256  |    0    |    0    |    15   |
|          |  add_ln187_20_fu_1266  |    0    |    0    |    15   |
|          |  add_ln187_21_fu_1276  |    0    |    0    |    15   |
|          |  add_ln187_22_fu_1286  |    0    |    0    |    15   |
|          |  add_ln187_23_fu_1296  |    0    |    0    |    15   |
|    add   |  add_ln187_24_fu_1306  |    0    |    0    |    15   |
|          |  add_ln187_31_fu_1995  |    0    |    0    |    16   |
|          |  add_ln187_32_fu_1999  |    0    |    0    |    23   |
|          |  add_ln187_33_fu_2003  |    0    |    0    |    16   |
|          |  add_ln187_38_fu_2009  |    0    |    0    |    16   |
|          |  add_ln187_39_fu_2013  |    0    |    0    |    23   |
|          |  add_ln187_40_fu_2017  |    0    |    0    |    16   |
|          |  add_ln187_43_fu_2023  |    0    |    0    |    16   |
|          |  add_ln187_44_fu_2027  |    0    |    0    |    16   |
|          |  add_ln187_52_fu_2032  |    0    |    0    |    15   |
|          |  add_ln187_53_fu_2038  |    0    |    0    |    21   |
|          |  add_ln187_54_fu_2048  |    0    |    0    |    16   |
|          |  add_ln187_29_fu_2063  |    0    |    0    |    23   |
|          |  add_ln187_30_fu_2067  |    0    |    0    |    16   |
|          |  add_ln187_34_fu_2072  |    0    |    0    |    16   |
|          |  add_ln187_35_fu_2077  |    0    |    0    |    23   |
|          |  add_ln187_36_fu_2081  |    0    |    0    |    23   |
|          |  add_ln187_37_fu_2085  |    0    |    0    |    16   |
|          |  add_ln187_41_fu_2091  |    0    |    0    |    16   |
|          |  add_ln187_45_fu_2096  |    0    |    0    |    16   |
|          |  add_ln187_46_fu_2100  |    0    |    0    |    23   |
|          |  add_ln187_47_fu_2104  |    0    |    0    |    16   |
|          |  add_ln187_49_fu_2110  |    0    |    0    |    23   |
|          |  add_ln187_50_fu_2115  |    0    |    0    |    22   |
|          |  add_ln187_51_fu_2121  |    0    |    0    |    16   |
|          |  add_ln187_55_fu_2127  |    0    |    0    |    16   |
|          |  add_ln187_48_fu_2132  |    0    |    0    |    16   |
|          |  add_ln187_56_fu_2136  |    0    |    0    |    16   |
|          |  add_ln187_42_fu_2141  |    0    |    0    |    16   |
|          |  add_ln187_57_fu_2145  |    0    |    0    |    16   |
|----------|------------------------|---------|---------|---------|
|          |    mul_ln187_fu_1160   |    1    |    0    |    6    |
|          |   mul_ln187_3_fu_1323  |    1    |    0    |    6    |
|          |   mul_ln187_4_fu_1346  |    1    |    0    |    6    |
|          |   mul_ln187_5_fu_1369  |    1    |    0    |    6    |
|          |   mul_ln187_6_fu_1392  |    1    |    0    |    6    |
|          |  mul_ln187_11_fu_1415  |    1    |    0    |    6    |
|          |  mul_ln187_12_fu_1438  |    1    |    0    |    6    |
|          |  mul_ln187_13_fu_1461  |    1    |    0    |    6    |
|          |  mul_ln187_14_fu_1484  |    1    |    0    |    6    |
|          |  mul_ln187_15_fu_1507  |    1    |    0    |    6    |
|          |  mul_ln187_16_fu_1530  |    1    |    0    |    6    |
|          |  mul_ln187_17_fu_1553  |    1    |    0    |    6    |
|          |  mul_ln187_26_fu_1576  |    1    |    0    |    6    |
|          |  mul_ln187_27_fu_1599  |    1    |    0    |    6    |
|    mul   |  mul_ln187_28_fu_1622  |    1    |    0    |    6    |
|          |  mul_ln187_29_fu_1645  |    1    |    0    |    6    |
|          |   mul_ln187_1_fu_1668  |    1    |    0    |    6    |
|          |   mul_ln187_2_fu_1691  |    1    |    0    |    6    |
|          |   mul_ln187_7_fu_1714  |    1    |    0    |    6    |
|          |   mul_ln187_8_fu_1737  |    1    |    0    |    6    |
|          |   mul_ln187_9_fu_1760  |    1    |    0    |    6    |
|          |  mul_ln187_10_fu_1783  |    1    |    0    |    6    |
|          |  mul_ln187_18_fu_1806  |    1    |    0    |    6    |
|          |  mul_ln187_19_fu_1829  |    1    |    0    |    6    |
|          |  mul_ln187_20_fu_1852  |    1    |    0    |    6    |
|          |  mul_ln187_21_fu_1875  |    1    |    0    |    6    |
|          |  mul_ln187_22_fu_1898  |    1    |    0    |    6    |
|          |  mul_ln187_23_fu_1921  |    1    |    0    |    6    |
|          |  mul_ln187_24_fu_1944  |    1    |    0    |    6    |
|          |  mul_ln187_25_fu_1967  |    1    |    0    |    6    |
|----------|------------------------|---------|---------|---------|
|   icmp   |    icmp_ln180_fu_957   |    0    |    0    |    14   |
|----------|------------------------|---------|---------|---------|
|          |      m_cast_fu_969     |    0    |    0    |    0    |
|          |    zext_ln186_fu_980   |    0    |    0    |    0    |
|          |    zext_ln187_fu_985   |    0    |    0    |    0    |
|          |   zext_ln187_6_fu_994  |    0    |    0    |    0    |
|          |  zext_ln187_8_fu_1005  |    0    |    0    |    0    |
|          |  zext_ln187_10_fu_1016 |    0    |    0    |    0    |
|          |  zext_ln187_12_fu_1027 |    0    |    0    |    0    |
|          |  zext_ln187_22_fu_1038 |    0    |    0    |    0    |
|          |  zext_ln187_24_fu_1049 |    0    |    0    |    0    |
|          |  zext_ln187_26_fu_1060 |    0    |    0    |    0    |
|          |  zext_ln187_28_fu_1071 |    0    |    0    |    0    |
|          |  zext_ln187_30_fu_1082 |    0    |    0    |    0    |
|          |  zext_ln187_32_fu_1093 |    0    |    0    |    0    |
|          |  zext_ln187_34_fu_1104 |    0    |    0    |    0    |
|          |  zext_ln187_52_fu_1115 |    0    |    0    |    0    |
|          |  zext_ln187_54_fu_1126 |    0    |    0    |    0    |
|          |  zext_ln187_56_fu_1137 |    0    |    0    |    0    |
|          |  zext_ln187_58_fu_1148 |    0    |    0    |    0    |
|          |  zext_ln187_1_fu_1157  |    0    |    0    |    0    |
|          |  zext_ln187_2_fu_1181  |    0    |    0    |    0    |
|          |  zext_ln187_4_fu_1191  |    0    |    0    |    0    |
|          |  zext_ln187_14_fu_1201 |    0    |    0    |    0    |
|          |  zext_ln187_16_fu_1211 |    0    |    0    |    0    |
|          |  zext_ln187_18_fu_1221 |    0    |    0    |    0    |
|          |  zext_ln187_20_fu_1231 |    0    |    0    |    0    |
|          |  zext_ln187_36_fu_1241 |    0    |    0    |    0    |
|          |  zext_ln187_38_fu_1251 |    0    |    0    |    0    |
|          |  zext_ln187_40_fu_1261 |    0    |    0    |    0    |
|          |  zext_ln187_42_fu_1271 |    0    |    0    |    0    |
|          |  zext_ln187_44_fu_1281 |    0    |    0    |    0    |
|   zext   |  zext_ln187_46_fu_1291 |    0    |    0    |    0    |
|          |  zext_ln187_48_fu_1301 |    0    |    0    |    0    |
|          |  zext_ln187_50_fu_1311 |    0    |    0    |    0    |
|          |  zext_ln187_7_fu_1320  |    0    |    0    |    0    |
|          |  zext_ln187_9_fu_1343  |    0    |    0    |    0    |
|          |  zext_ln187_11_fu_1366 |    0    |    0    |    0    |
|          |  zext_ln187_13_fu_1389 |    0    |    0    |    0    |
|          |  zext_ln187_23_fu_1412 |    0    |    0    |    0    |
|          |  zext_ln187_25_fu_1435 |    0    |    0    |    0    |
|          |  zext_ln187_27_fu_1458 |    0    |    0    |    0    |
|          |  zext_ln187_29_fu_1481 |    0    |    0    |    0    |
|          |  zext_ln187_31_fu_1504 |    0    |    0    |    0    |
|          |  zext_ln187_33_fu_1527 |    0    |    0    |    0    |
|          |  zext_ln187_35_fu_1550 |    0    |    0    |    0    |
|          |  zext_ln187_53_fu_1573 |    0    |    0    |    0    |
|          |  zext_ln187_55_fu_1596 |    0    |    0    |    0    |
|          |  zext_ln187_57_fu_1619 |    0    |    0    |    0    |
|          |  zext_ln187_59_fu_1642 |    0    |    0    |    0    |
|          |  zext_ln187_3_fu_1665  |    0    |    0    |    0    |
|          |  zext_ln187_5_fu_1688  |    0    |    0    |    0    |
|          |  zext_ln187_15_fu_1711 |    0    |    0    |    0    |
|          |  zext_ln187_17_fu_1734 |    0    |    0    |    0    |
|          |  zext_ln187_19_fu_1757 |    0    |    0    |    0    |
|          |  zext_ln187_21_fu_1780 |    0    |    0    |    0    |
|          |  zext_ln187_37_fu_1803 |    0    |    0    |    0    |
|          |  zext_ln187_39_fu_1826 |    0    |    0    |    0    |
|          |  zext_ln187_41_fu_1849 |    0    |    0    |    0    |
|          |  zext_ln187_43_fu_1872 |    0    |    0    |    0    |
|          |  zext_ln187_45_fu_1895 |    0    |    0    |    0    |
|          |  zext_ln187_47_fu_1918 |    0    |    0    |    0    |
|          |  zext_ln187_49_fu_1941 |    0    |    0    |    0    |
|          |  zext_ln187_51_fu_1964 |    0    |    0    |    0    |
|----------|------------------------|---------|---------|---------|
|          |   sext_ln187_fu_1153   |    0    |    0    |    0    |
|          |  sext_ln187_3_fu_1316  |    0    |    0    |    0    |
|          |  sext_ln187_4_fu_1339  |    0    |    0    |    0    |
|          |  sext_ln187_5_fu_1362  |    0    |    0    |    0    |
|          |  sext_ln187_6_fu_1385  |    0    |    0    |    0    |
|          |  sext_ln187_11_fu_1408 |    0    |    0    |    0    |
|          |  sext_ln187_12_fu_1431 |    0    |    0    |    0    |
|          |  sext_ln187_13_fu_1454 |    0    |    0    |    0    |
|          |  sext_ln187_14_fu_1477 |    0    |    0    |    0    |
|          |  sext_ln187_15_fu_1500 |    0    |    0    |    0    |
|          |  sext_ln187_16_fu_1523 |    0    |    0    |    0    |
|          |  sext_ln187_17_fu_1546 |    0    |    0    |    0    |
|          |  sext_ln187_29_fu_1569 |    0    |    0    |    0    |
|          |  sext_ln187_31_fu_1592 |    0    |    0    |    0    |
|          |  sext_ln187_33_fu_1615 |    0    |    0    |    0    |
|          |  sext_ln187_35_fu_1638 |    0    |    0    |    0    |
|          |  sext_ln187_1_fu_1661  |    0    |    0    |    0    |
|          |  sext_ln187_2_fu_1684  |    0    |    0    |    0    |
|   sext   |  sext_ln187_7_fu_1707  |    0    |    0    |    0    |
|          |  sext_ln187_8_fu_1730  |    0    |    0    |    0    |
|          |  sext_ln187_9_fu_1753  |    0    |    0    |    0    |
|          |  sext_ln187_10_fu_1776 |    0    |    0    |    0    |
|          |  sext_ln187_18_fu_1799 |    0    |    0    |    0    |
|          |  sext_ln187_19_fu_1822 |    0    |    0    |    0    |
|          |  sext_ln187_20_fu_1845 |    0    |    0    |    0    |
|          |  sext_ln187_21_fu_1868 |    0    |    0    |    0    |
|          |  sext_ln187_22_fu_1891 |    0    |    0    |    0    |
|          |  sext_ln187_23_fu_1914 |    0    |    0    |    0    |
|          |  sext_ln187_25_fu_1937 |    0    |    0    |    0    |
|          |  sext_ln187_27_fu_1960 |    0    |    0    |    0    |
|          |  sext_ln187_30_fu_1983 |    0    |    0    |    0    |
|          |  sext_ln187_32_fu_1986 |    0    |    0    |    0    |
|          |  sext_ln187_34_fu_1989 |    0    |    0    |    0    |
|          |  sext_ln187_36_fu_1992 |    0    |    0    |    0    |
|          |  sext_ln187_37_fu_2044 |    0    |    0    |    0    |
|          |  sext_ln187_24_fu_2054 |    0    |    0    |    0    |
|          |  sext_ln187_26_fu_2057 |    0    |    0    |    0    |
|          |  sext_ln187_28_fu_2060 |    0    |    0    |    0    |
|----------|------------------------|---------|---------|---------|
|          |    trunc_ln1_fu_1166   |    0    |    0    |    0    |
|          |  trunc_ln187_3_fu_1329 |    0    |    0    |    0    |
|          |  trunc_ln187_4_fu_1352 |    0    |    0    |    0    |
|          |  trunc_ln187_5_fu_1375 |    0    |    0    |    0    |
|          |  trunc_ln187_6_fu_1398 |    0    |    0    |    0    |
|          | trunc_ln187_10_fu_1421 |    0    |    0    |    0    |
|          | trunc_ln187_11_fu_1444 |    0    |    0    |    0    |
|          | trunc_ln187_12_fu_1467 |    0    |    0    |    0    |
|          | trunc_ln187_13_fu_1490 |    0    |    0    |    0    |
|          | trunc_ln187_14_fu_1513 |    0    |    0    |    0    |
|          | trunc_ln187_15_fu_1536 |    0    |    0    |    0    |
|          | trunc_ln187_16_fu_1559 |    0    |    0    |    0    |
|          | trunc_ln187_25_fu_1582 |    0    |    0    |    0    |
|          | trunc_ln187_26_fu_1605 |    0    |    0    |    0    |
|partselect| trunc_ln187_27_fu_1628 |    0    |    0    |    0    |
|          | trunc_ln187_28_fu_1651 |    0    |    0    |    0    |
|          |  trunc_ln187_1_fu_1674 |    0    |    0    |    0    |
|          |  trunc_ln187_2_fu_1697 |    0    |    0    |    0    |
|          |  trunc_ln187_7_fu_1720 |    0    |    0    |    0    |
|          |  trunc_ln187_8_fu_1743 |    0    |    0    |    0    |
|          |  trunc_ln187_9_fu_1766 |    0    |    0    |    0    |
|          |  trunc_ln187_s_fu_1789 |    0    |    0    |    0    |
|          | trunc_ln187_17_fu_1812 |    0    |    0    |    0    |
|          | trunc_ln187_18_fu_1835 |    0    |    0    |    0    |
|          | trunc_ln187_19_fu_1858 |    0    |    0    |    0    |
|          | trunc_ln187_20_fu_1881 |    0    |    0    |    0    |
|          | trunc_ln187_21_fu_1904 |    0    |    0    |    0    |
|          | trunc_ln187_22_fu_1927 |    0    |    0    |    0    |
|          | trunc_ln187_23_fu_1950 |    0    |    0    |    0    |
|          | trunc_ln187_24_fu_1973 |    0    |    0    |    0    |
|----------|------------------------|---------|---------|---------|
|   Total  |                        |    30   |    0    |   1166  |
|----------|------------------------|---------|---------|---------|

Memories:
N/A

* Register list:
+--------------------------------+--------+
|                                |   FF   |
+--------------------------------+--------+
|abs_spectrogram_addr_10_reg_2534|    9   |
|abs_spectrogram_addr_11_reg_2309|    9   |
|abs_spectrogram_addr_12_reg_2319|    9   |
|abs_spectrogram_addr_13_reg_2329|    9   |
|abs_spectrogram_addr_14_reg_2339|    9   |
|abs_spectrogram_addr_15_reg_2349|    9   |
|abs_spectrogram_addr_16_reg_2359|    9   |
|abs_spectrogram_addr_17_reg_2369|    9   |
|abs_spectrogram_addr_18_reg_2579|    9   |
|abs_spectrogram_addr_19_reg_2589|    9   |
| abs_spectrogram_addr_1_reg_2464|    9   |
|abs_spectrogram_addr_20_reg_2599|    9   |
|abs_spectrogram_addr_21_reg_2609|    9   |
|abs_spectrogram_addr_22_reg_2619|    9   |
|abs_spectrogram_addr_23_reg_2629|    9   |
|abs_spectrogram_addr_24_reg_2639|    9   |
|abs_spectrogram_addr_25_reg_2649|    9   |
|abs_spectrogram_addr_26_reg_2419|    9   |
|abs_spectrogram_addr_27_reg_2429|    9   |
|abs_spectrogram_addr_28_reg_2439|    9   |
|abs_spectrogram_addr_29_reg_2449|    9   |
| abs_spectrogram_addr_2_reg_2474|    9   |
| abs_spectrogram_addr_3_reg_2249|    9   |
| abs_spectrogram_addr_4_reg_2259|    9   |
| abs_spectrogram_addr_5_reg_2269|    9   |
| abs_spectrogram_addr_6_reg_2279|    9   |
| abs_spectrogram_addr_7_reg_2504|    9   |
| abs_spectrogram_addr_8_reg_2514|    9   |
| abs_spectrogram_addr_9_reg_2524|    9   |
|  abs_spectrogram_addr_reg_2211 |    9   |
|      add_ln187_33_reg_2824     |   16   |
|      add_ln187_34_reg_2844     |   16   |
|      add_ln187_40_reg_2829     |   16   |
|      add_ln187_41_reg_2849     |   16   |
|      add_ln187_44_reg_2834     |   16   |
|      add_ln187_47_reg_2854     |   16   |
|      add_ln187_54_reg_2839     |   16   |
|      add_ln187_55_reg_2859     |   16   |
|      add_ln187_56_reg_2864     |   16   |
|     first_ind_addr_reg_2196    |    6   |
|     first_ind_load_reg_2206    |    8   |
|       icmp_ln180_reg_2158      |    1   |
|         m_cast_reg_2162        |   64   |
|           m_reg_2151           |    6   |
| mel_filterbank_0_addr_reg_2201 |    6   |
| mel_filterbank_0_load_reg_2216 |    8   |
| mel_filterbank_10_addr_reg_2304|    6   |
| mel_filterbank_10_load_reg_2539|    8   |
| mel_filterbank_11_addr_reg_2314|    6   |
| mel_filterbank_11_load_reg_2544|    8   |
| mel_filterbank_12_addr_reg_2324|    6   |
| mel_filterbank_12_load_reg_2549|    8   |
| mel_filterbank_13_addr_reg_2334|    6   |
| mel_filterbank_13_load_reg_2554|    8   |
| mel_filterbank_14_addr_reg_2344|    6   |
| mel_filterbank_14_load_reg_2559|    8   |
| mel_filterbank_15_addr_reg_2354|    6   |
| mel_filterbank_15_load_reg_2564|    8   |
| mel_filterbank_16_addr_reg_2364|    6   |
| mel_filterbank_16_load_reg_2569|    8   |
| mel_filterbank_17_addr_reg_2374|    6   |
| mel_filterbank_17_load_reg_2574|    8   |
| mel_filterbank_18_addr_reg_2379|    6   |
| mel_filterbank_18_load_reg_2584|    8   |
| mel_filterbank_19_addr_reg_2384|    6   |
| mel_filterbank_19_load_reg_2594|    8   |
| mel_filterbank_1_addr_reg_2239 |    6   |
| mel_filterbank_1_load_reg_2469 |    8   |
| mel_filterbank_20_addr_reg_2389|    6   |
| mel_filterbank_20_load_reg_2604|    8   |
| mel_filterbank_21_addr_reg_2394|    6   |
| mel_filterbank_21_load_reg_2614|    8   |
| mel_filterbank_22_addr_reg_2399|    6   |
| mel_filterbank_22_load_reg_2624|    8   |
| mel_filterbank_23_addr_reg_2404|    6   |
| mel_filterbank_23_load_reg_2634|    7   |
| mel_filterbank_24_addr_reg_2409|    6   |
| mel_filterbank_24_load_reg_2644|    7   |
| mel_filterbank_25_addr_reg_2414|    6   |
| mel_filterbank_25_load_reg_2654|    7   |
| mel_filterbank_26_addr_reg_2424|    6   |
| mel_filterbank_26_load_reg_2659|    7   |
| mel_filterbank_27_addr_reg_2434|    6   |
| mel_filterbank_27_load_reg_2664|    6   |
| mel_filterbank_28_addr_reg_2444|    6   |
| mel_filterbank_28_load_reg_2669|    6   |
| mel_filterbank_29_addr_reg_2454|    6   |
| mel_filterbank_29_load_reg_2674|    5   |
| mel_filterbank_2_addr_reg_2244 |    6   |
| mel_filterbank_2_load_reg_2479 |    8   |
| mel_filterbank_3_addr_reg_2254 |    6   |
| mel_filterbank_3_load_reg_2484 |    8   |
| mel_filterbank_4_addr_reg_2264 |    6   |
| mel_filterbank_4_load_reg_2489 |    8   |
| mel_filterbank_5_addr_reg_2274 |    6   |
| mel_filterbank_5_load_reg_2494 |    8   |
| mel_filterbank_6_addr_reg_2284 |    6   |
| mel_filterbank_6_load_reg_2499 |    8   |
| mel_filterbank_7_addr_reg_2289 |    6   |
| mel_filterbank_7_load_reg_2509 |    8   |
| mel_filterbank_8_addr_reg_2294 |    6   |
| mel_filterbank_8_load_reg_2519 |    8   |
| mel_filterbank_9_addr_reg_2299 |    6   |
| mel_filterbank_9_load_reg_2529 |    8   |
|             reg_889            |   16   |
|             reg_893            |   16   |
|             reg_897            |   16   |
|             reg_901            |   16   |
|             reg_905            |   16   |
|             reg_909            |   16   |
|             reg_913            |   16   |
|             reg_917            |   16   |
|             reg_921            |   16   |
|             reg_925            |   16   |
|             reg_929            |   16   |
|             reg_933            |   16   |
|             reg_937            |   16   |
|             reg_941            |   16   |
|             reg_945            |   16   |
|     trunc_ln187_10_reg_2699    |   16   |
|     trunc_ln187_11_reg_2704    |   16   |
|     trunc_ln187_12_reg_2709    |   16   |
|     trunc_ln187_13_reg_2714    |   16   |
|     trunc_ln187_14_reg_2719    |   16   |
|     trunc_ln187_15_reg_2724    |   16   |
|     trunc_ln187_16_reg_2729    |   16   |
|     trunc_ln187_17_reg_2784    |   16   |
|     trunc_ln187_18_reg_2789    |   16   |
|     trunc_ln187_19_reg_2794    |   16   |
|     trunc_ln187_1_reg_2754     |   16   |
|     trunc_ln187_20_reg_2799    |   16   |
|     trunc_ln187_21_reg_2804    |   16   |
|     trunc_ln187_22_reg_2809    |   15   |
|     trunc_ln187_23_reg_2814    |   15   |
|     trunc_ln187_24_reg_2819    |   15   |
|     trunc_ln187_25_reg_2734    |   15   |
|     trunc_ln187_26_reg_2739    |   14   |
|     trunc_ln187_27_reg_2744    |   14   |
|     trunc_ln187_28_reg_2749    |   13   |
|     trunc_ln187_2_reg_2759     |   16   |
|     trunc_ln187_3_reg_2679     |   16   |
|     trunc_ln187_4_reg_2684     |   16   |
|     trunc_ln187_5_reg_2689     |   16   |
|     trunc_ln187_6_reg_2694     |   16   |
|     trunc_ln187_7_reg_2764     |   16   |
|     trunc_ln187_8_reg_2769     |   16   |
|     trunc_ln187_9_reg_2774     |   16   |
|     trunc_ln187_s_reg_2779     |   16   |
|       trunc_ln1_reg_2459       |   16   |
|       zext_ln187_reg_2221      |    9   |
+--------------------------------+--------+
|              Total             |  1626  |
+--------------------------------+--------+

* Multiplexer (MUX) list: 
|-------------------|------|------|------|--------||---------||---------|
|        Comp       |  Pin | Size |  BW  | S x BW ||  Delay  ||   LUT   |
|-------------------|------|------|------|--------||---------||---------|
| grp_access_fu_179 |  p0  |   2  |   6  |   12   ||    9    |
| grp_access_fu_192 |  p0  |   2  |   6  |   12   ||    9    |
| grp_access_fu_205 |  p0  |   4  |   9  |   36   ||    17   |
| grp_access_fu_205 |  p2  |   4  |   0  |    0   ||    17   |
| grp_access_fu_205 |  p5  |   4  |  16  |   64   ||    17   |
| grp_access_fu_205 |  p8  |   4  |   9  |   36   ||    17   |
| grp_access_fu_205 |  p10 |   4  |   0  |    0   ||    17   |
| grp_access_fu_205 |  p13 |   4  |  16  |   64   ||    17   |
| grp_access_fu_205 |  p16 |   4  |   9  |   36   ||    17   |
| grp_access_fu_205 |  p18 |   4  |   0  |    0   ||    17   |
| grp_access_fu_205 |  p21 |   4  |  16  |   64   ||    17   |
| grp_access_fu_205 |  p24 |   4  |   9  |   36   ||    17   |
| grp_access_fu_205 |  p26 |   4  |   0  |    0   ||    17   |
| grp_access_fu_205 |  p29 |   4  |  16  |   64   ||    17   |
| grp_access_fu_205 |  p32 |   4  |   9  |   36   ||    17   |
| grp_access_fu_205 |  p34 |   4  |   0  |    0   ||    17   |
| grp_access_fu_205 |  p37 |   4  |  16  |   64   ||    17   |
| grp_access_fu_274 |  p0  |   2  |   6  |   12   ||    9    |
| grp_access_fu_287 |  p0  |   2  |   6  |   12   ||    9    |
| grp_access_fu_308 |  p0  |   2  |   6  |   12   ||    9    |
| grp_access_fu_329 |  p0  |   2  |   6  |   12   ||    9    |
| grp_access_fu_350 |  p0  |   2  |   6  |   12   ||    9    |
| grp_access_fu_371 |  p0  |   2  |   6  |   12   ||    9    |
| grp_access_fu_384 |  p0  |   2  |   6  |   12   ||    9    |
| grp_access_fu_397 |  p0  |   2  |   6  |   12   ||    9    |
| grp_access_fu_410 |  p0  |   2  |   6  |   12   ||    9    |
| grp_access_fu_423 |  p0  |   2  |   6  |   12   ||    9    |
| grp_access_fu_444 |  p0  |   2  |   6  |   12   ||    9    |
| grp_access_fu_465 |  p0  |   2  |   6  |   12   ||    9    |
| grp_access_fu_486 |  p0  |   2  |   6  |   12   ||    9    |
| grp_access_fu_507 |  p0  |   2  |   6  |   12   ||    9    |
| grp_access_fu_528 |  p0  |   2  |   6  |   12   ||    9    |
| grp_access_fu_549 |  p0  |   2  |   6  |   12   ||    9    |
| grp_access_fu_570 |  p0  |   2  |   6  |   12   ||    9    |
| grp_access_fu_583 |  p0  |   2  |   6  |   12   ||    9    |
| grp_access_fu_596 |  p0  |   2  |   6  |   12   ||    9    |
| grp_access_fu_609 |  p0  |   2  |   6  |   12   ||    9    |
| grp_access_fu_622 |  p0  |   2  |   6  |   12   ||    9    |
| grp_access_fu_635 |  p0  |   2  |   6  |   12   ||    9    |
| grp_access_fu_648 |  p0  |   2  |   6  |   12   ||    9    |
| grp_access_fu_661 |  p0  |   2  |   6  |   12   ||    9    |
| grp_access_fu_674 |  p0  |   2  |   6  |   12   ||    9    |
| grp_access_fu_695 |  p0  |   2  |   6  |   12   ||    9    |
| grp_access_fu_716 |  p0  |   2  |   6  |   12   ||    9    |
| grp_access_fu_737 |  p0  |   2  |   6  |   12   ||    9    |
| grp_access_fu_758 |  p0  |   2  |   6  |   12   ||    9    |
|-------------------|------|------|------|--------||---------||---------|
|       Total       |      |      |      |   872  || 75.0329 ||   534   |
|-------------------|------|------|------|--------||---------||---------|



* Summary:
+-----------+--------+--------+--------+--------+
|           |   DSP  |  Delay |   FF   |   LUT  |
+-----------+--------+--------+--------+--------+
|  Function |   30   |    -   |    0   |  1166  |
|   Memory  |    -   |    -   |    -   |    -   |
|Multiplexer|    -   |   75   |    -   |   534  |
|  Register |    -   |    -   |  1626  |    -   |
+-----------+--------+--------+--------+--------+
|   Total   |   30   |   75   |  1626  |  1700  |
+-----------+--------+--------+--------+--------+
