In file included from audrey_4_hls/mfcc.cpp:2:
In file included from C:/Xilinx/Vitis_HLS/2023.1/common/technology/autopilot\hls_math.h:1066:
In file included from C:/Xilinx/Vitis_HLS/2023.1/common/technology/autopilot/etc/hls_hotbm_apfixed.h:45:
C:/Xilinx/Vitis_HLS/2023.1/common/technology/autopilot\utils/x_hls_utils.h:250:9: warning: HLS pragma dump _XLX_SEP_ PragmaIsValid=1_XLX_SEP_ PragmaType=pipeline_XLX_SEP_ PragmaContext=_XLX_SEP_ PragmaFunction=reg_XLX_SEP_ PragmaOptions=II=1_XLX_SEP_ [-Wdump-hls-pragmas]
#pragma HLS PIPELINE II=1
        ^
C:/Xilinx/Vitis_HLS/2023.1/common/technology/autopilot\utils/x_hls_utils.h:251:9: warning: HLS pragma dump _XLX_SEP_ PragmaIsValid=1_XLX_SEP_ PragmaType=latency_XLX_SEP_ PragmaContext=_XLX_SEP_ PragmaFunction=reg_XLX_SEP_ PragmaOptions=min=1 max=1_XLX_SEP_ [-Wdump-hls-pragmas]
#pragma HLS LATENCY min=1 max=1
        ^
C:/Xilinx/Vitis_HLS/2023.1/common/technology/autopilot\utils/x_hls_utils.h:252:9: warning: HLS pragma dump _XLX_SEP_ PragmaIsValid=1_XLX_SEP_ PragmaType=inline_XLX_SEP_ PragmaContext=_XLX_SEP_ PragmaFunction=reg_XLX_SEP_ PragmaOptions=off_XLX_SEP_ [-Wdump-hls-pragmas]
#pragma HLS INLINE off
        ^
In file included from audrey_4_hls/mfcc.cpp:2:
In file included from C:/Xilinx/Vitis_HLS/2023.1/common/technology/autopilot\hls_math.h:1066:
C:/Xilinx/Vitis_HLS/2023.1/common/technology/autopilot/etc/hls_hotbm_apfixed.h:116:9: warning: HLS pragma dump _XLX_SEP_ PragmaIsValid=1_XLX_SEP_ PragmaType=array_partition_XLX_SEP_ PragmaContext=_XLX_SEP_ PragmaFunction=sin_or_cos_approximation_XLX_SEP_ PragmaOptions=variable=swap_table complete_XLX_SEP_ [-Wdump-hls-pragmas]
#pragma HLS array_partition variable=swap_table complete
        ^
C:/Xilinx/Vitis_HLS/2023.1/common/technology/autopilot/etc/hls_hotbm_apfixed.h:117:9: warning: HLS pragma dump _XLX_SEP_ PragmaIsValid=1_XLX_SEP_ PragmaType=bind_storage_XLX_SEP_ PragmaContext=_XLX_SEP_ PragmaFunction=sin_or_cos_approximation_XLX_SEP_ PragmaOptions=variable=fourth_order_double::sin_cos_K0 type=ROM_1P impl=LUTRAM_XLX_SEP_ [-Wdump-hls-pragmas]
#pragma HLS BIND_STORAGE variable=fourth_order_double::sin_cos_K0 type=ROM_1P impl=LUTRAM
        ^
C:/Xilinx/Vitis_HLS/2023.1/common/technology/autopilot/etc/hls_hotbm_apfixed.h:118:9: warning: HLS pragma dump _XLX_SEP_ PragmaIsValid=1_XLX_SEP_ PragmaType=bind_storage_XLX_SEP_ PragmaContext=_XLX_SEP_ PragmaFunction=sin_or_cos_approximation_XLX_SEP_ PragmaOptions=variable=fourth_order_double::sin_cos_K1 type=ROM_1P impl=LUTRAM_XLX_SEP_ [-Wdump-hls-pragmas]
#pragma HLS BIND_STORAGE variable=fourth_order_double::sin_cos_K1 type=ROM_1P impl=LUTRAM
        ^
C:/Xilinx/Vitis_HLS/2023.1/common/technology/autopilot/etc/hls_hotbm_apfixed.h:119:9: warning: HLS pragma dump _XLX_SEP_ PragmaIsValid=1_XLX_SEP_ PragmaType=bind_storage_XLX_SEP_ PragmaContext=_XLX_SEP_ PragmaFunction=sin_or_cos_approximation_XLX_SEP_ PragmaOptions=variable=fourth_order_double::sin_cos_K2 type=ROM_1P impl=LUTRAM_XLX_SEP_ [-Wdump-hls-pragmas]
#pragma HLS BIND_STORAGE variable=fourth_order_double::sin_cos_K2 type=ROM_1P impl=LUTRAM
        ^
C:/Xilinx/Vitis_HLS/2023.1/common/technology/autopilot/etc/hls_hotbm_apfixed.h:120:9: warning: HLS pragma dump _XLX_SEP_ PragmaIsValid=1_XLX_SEP_ PragmaType=bind_storage_XLX_SEP_ PragmaContext=_XLX_SEP_ PragmaFunction=sin_or_cos_approximation_XLX_SEP_ PragmaOptions=variable=fourth_order_double::sin_cos_K3 type=ROM_1P impl=LUTRAM_XLX_SEP_ [-Wdump-hls-pragmas]
#pragma HLS BIND_STORAGE variable=fourth_order_double::sin_cos_K3 type=ROM_1P impl=LUTRAM
        ^
C:/Xilinx/Vitis_HLS/2023.1/common/technology/autopilot/etc/hls_hotbm_apfixed.h:121:9: warning: HLS pragma dump _XLX_SEP_ PragmaIsValid=1_XLX_SEP_ PragmaType=bind_storage_XLX_SEP_ PragmaContext=_XLX_SEP_ PragmaFunction=sin_or_cos_approximation_XLX_SEP_ PragmaOptions=variable=fourth_order_double::sin_cos_K4 type=ROM_1P impl=LUTRAM_XLX_SEP_ [-Wdump-hls-pragmas]
#pragma HLS BIND_STORAGE variable=fourth_order_double::sin_cos_K4 type=ROM_1P impl=LUTRAM
        ^
C:/Xilinx/Vitis_HLS/2023.1/common/technology/autopilot/etc/hls_hotbm_apfixed.h:151:9: warning: HLS pragma dump _XLX_SEP_ PragmaIsValid=1_XLX_SEP_ PragmaType=bind_storage_XLX_SEP_ PragmaContext=_XLX_SEP_ PragmaFunction=sincos_approximation_XLX_SEP_ PragmaOptions=variable=fourth_order_double::cos_K0 type=ROM_1P impl=LUTRAM_XLX_SEP_ [-Wdump-hls-pragmas]
#pragma HLS BIND_STORAGE variable=fourth_order_double::cos_K0 type=ROM_1P impl=LUTRAM
        ^
C:/Xilinx/Vitis_HLS/2023.1/common/technology/autopilot/etc/hls_hotbm_apfixed.h:152:9: warning: HLS pragma dump _XLX_SEP_ PragmaIsValid=1_XLX_SEP_ PragmaType=bind_storage_XLX_SEP_ PragmaContext=_XLX_SEP_ PragmaFunction=sincos_approximation_XLX_SEP_ PragmaOptions=variable=fourth_order_double::cos_K1 type=ROM_1P impl=LUTRAM_XLX_SEP_ [-Wdump-hls-pragmas]
#pragma HLS BIND_STORAGE variable=fourth_order_double::cos_K1 type=ROM_1P impl=LUTRAM
        ^
C:/Xilinx/Vitis_HLS/2023.1/common/technology/autopilot/etc/hls_hotbm_apfixed.h:153:9: warning: HLS pragma dump _XLX_SEP_ PragmaIsValid=1_XLX_SEP_ PragmaType=bind_storage_XLX_SEP_ PragmaContext=_XLX_SEP_ PragmaFunction=sincos_approximation_XLX_SEP_ PragmaOptions=variable=fourth_order_double::cos_K2 type=ROM_1P impl=LUTRAM_XLX_SEP_ [-Wdump-hls-pragmas]
#pragma HLS BIND_STORAGE variable=fourth_order_double::cos_K2 type=ROM_1P impl=LUTRAM
        ^
C:/Xilinx/Vitis_HLS/2023.1/common/technology/autopilot/etc/hls_hotbm_apfixed.h:154:9: warning: HLS pragma dump _XLX_SEP_ PragmaIsValid=1_XLX_SEP_ PragmaType=bind_storage_XLX_SEP_ PragmaContext=_XLX_SEP_ PragmaFunction=sincos_approximation_XLX_SEP_ PragmaOptions=variable=fourth_order_double::cos_K3 type=ROM_1P impl=LUTRAM_XLX_SEP_ [-Wdump-hls-pragmas]
#pragma HLS BIND_STORAGE variable=fourth_order_double::cos_K3 type=ROM_1P impl=LUTRAM
        ^
C:/Xilinx/Vitis_HLS/2023.1/common/technology/autopilot/etc/hls_hotbm_apfixed.h:155:9: warning: HLS pragma dump _XLX_SEP_ PragmaIsValid=1_XLX_SEP_ PragmaType=bind_storage_XLX_SEP_ PragmaContext=_XLX_SEP_ PragmaFunction=sincos_approximation_XLX_SEP_ PragmaOptions=variable=fourth_order_double::cos_K4 type=ROM_1P impl=LUTRAM_XLX_SEP_ [-Wdump-hls-pragmas]
#pragma HLS BIND_STORAGE variable=fourth_order_double::cos_K4 type=ROM_1P impl=LUTRAM
        ^
C:/Xilinx/Vitis_HLS/2023.1/common/technology/autopilot/etc/hls_hotbm_apfixed.h:156:9: warning: HLS pragma dump _XLX_SEP_ PragmaIsValid=1_XLX_SEP_ PragmaType=bind_storage_XLX_SEP_ PragmaContext=_XLX_SEP_ PragmaFunction=sincos_approximation_XLX_SEP_ PragmaOptions=variable=fourth_order_double::sin_K0 type=ROM_1P impl=LUTRAM_XLX_SEP_ [-Wdump-hls-pragmas]
#pragma HLS BIND_STORAGE variable=fourth_order_double::sin_K0 type=ROM_1P impl=LUTRAM
        ^
C:/Xilinx/Vitis_HLS/2023.1/common/technology/autopilot/etc/hls_hotbm_apfixed.h:157:9: warning: HLS pragma dump _XLX_SEP_ PragmaIsValid=1_XLX_SEP_ PragmaType=bind_storage_XLX_SEP_ PragmaContext=_XLX_SEP_ PragmaFunction=sincos_approximation_XLX_SEP_ PragmaOptions=variable=fourth_order_double::sin_K1 type=ROM_1P impl=LUTRAM_XLX_SEP_ [-Wdump-hls-pragmas]
#pragma HLS BIND_STORAGE variable=fourth_order_double::sin_K1 type=ROM_1P impl=LUTRAM
        ^
C:/Xilinx/Vitis_HLS/2023.1/common/technology/autopilot/etc/hls_hotbm_apfixed.h:158:9: warning: HLS pragma dump _XLX_SEP_ PragmaIsValid=1_XLX_SEP_ PragmaType=bind_storage_XLX_SEP_ PragmaContext=_XLX_SEP_ PragmaFunction=sincos_approximation_XLX_SEP_ PragmaOptions=variable=fourth_order_double::sin_K2 type=ROM_1P impl=LUTRAM_XLX_SEP_ [-Wdump-hls-pragmas]
#pragma HLS BIND_STORAGE variable=fourth_order_double::sin_K2 type=ROM_1P impl=LUTRAM
        ^
C:/Xilinx/Vitis_HLS/2023.1/common/technology/autopilot/etc/hls_hotbm_apfixed.h:159:9: warning: HLS pragma dump _XLX_SEP_ PragmaIsValid=1_XLX_SEP_ PragmaType=bind_storage_XLX_SEP_ PragmaContext=_XLX_SEP_ PragmaFunction=sincos_approximation_XLX_SEP_ PragmaOptions=variable=fourth_order_double::sin_K3 type=ROM_1P impl=LUTRAM_XLX_SEP_ [-Wdump-hls-pragmas]
#pragma HLS BIND_STORAGE variable=fourth_order_double::sin_K3 type=ROM_1P impl=LUTRAM
        ^
C:/Xilinx/Vitis_HLS/2023.1/common/technology/autopilot/etc/hls_hotbm_apfixed.h:160:9: warning: HLS pragma dump _XLX_SEP_ PragmaIsValid=1_XLX_SEP_ PragmaType=bind_storage_XLX_SEP_ PragmaContext=_XLX_SEP_ PragmaFunction=sincos_approximation_XLX_SEP_ PragmaOptions=variable=fourth_order_double::sin_K4 type=ROM_1P impl=LUTRAM_XLX_SEP_ [-Wdump-hls-pragmas]
#pragma HLS BIND_STORAGE variable=fourth_order_double::sin_K4 type=ROM_1P impl=LUTRAM
        ^
C:/Xilinx/Vitis_HLS/2023.1/common/technology/autopilot/etc/hls_hotbm_apfixed.h:209:9: warning: HLS pragma dump _XLX_SEP_ PragmaIsValid=1_XLX_SEP_ PragmaType=array_partition_XLX_SEP_ PragmaContext=_XLX_SEP_ PragmaFunction=sin_or_cos_approximation_XLX_SEP_ PragmaOptions=variable=swap_table complete_XLX_SEP_ [-Wdump-hls-pragmas]
#pragma HLS array_partition variable=swap_table complete
        ^
C:/Xilinx/Vitis_HLS/2023.1/common/technology/autopilot/etc/hls_hotbm_apfixed.h:210:9: warning: HLS pragma dump _XLX_SEP_ PragmaIsValid=1_XLX_SEP_ PragmaType=bind_storage_XLX_SEP_ PragmaContext=_XLX_SEP_ PragmaFunction=sin_or_cos_approximation_XLX_SEP_ PragmaOptions=variable=second_order_float::sin_cos_K0 type=ROM_1P impl=LUTRAM_XLX_SEP_ [-Wdump-hls-pragmas]
#pragma HLS BIND_STORAGE variable=second_order_float::sin_cos_K0 type=ROM_1P impl=LUTRAM
        ^
C:/Xilinx/Vitis_HLS/2023.1/common/technology/autopilot/etc/hls_hotbm_apfixed.h:211:9: warning: HLS pragma dump _XLX_SEP_ PragmaIsValid=1_XLX_SEP_ PragmaType=bind_storage_XLX_SEP_ PragmaContext=_XLX_SEP_ PragmaFunction=sin_or_cos_approximation_XLX_SEP_ PragmaOptions=variable=second_order_float::sin_cos_K1 type=ROM_1P impl=LUTRAM_XLX_SEP_ [-Wdump-hls-pragmas]
#pragma HLS BIND_STORAGE variable=second_order_float::sin_cos_K1 type=ROM_1P impl=LUTRAM
        ^
C:/Xilinx/Vitis_HLS/2023.1/common/technology/autopilot/etc/hls_hotbm_apfixed.h:212:9: warning: HLS pragma dump _XLX_SEP_ PragmaIsValid=1_XLX_SEP_ PragmaType=bind_storage_XLX_SEP_ PragmaContext=_XLX_SEP_ PragmaFunction=sin_or_cos_approximation_XLX_SEP_ PragmaOptions=variable=second_order_float::sin_cos_K2 type=ROM_1P impl=LUTRAM_XLX_SEP_ [-Wdump-hls-pragmas]
#pragma HLS BIND_STORAGE variable=second_order_float::sin_cos_K2 type=ROM_1P impl=LUTRAM
        ^
C:/Xilinx/Vitis_HLS/2023.1/common/technology/autopilot/etc/hls_hotbm_apfixed.h:239:9: warning: HLS pragma dump _XLX_SEP_ PragmaIsValid=1_XLX_SEP_ PragmaType=bind_storage_XLX_SEP_ PragmaContext=_XLX_SEP_ PragmaFunction=sincos_approximation_XLX_SEP_ PragmaOptions=variable=second_order_float::cos_K0 type=ROM_1P impl=LUTRAM_XLX_SEP_ [-Wdump-hls-pragmas]
#pragma HLS BIND_STORAGE variable=second_order_float::cos_K0 type=ROM_1P impl=LUTRAM
        ^
C:/Xilinx/Vitis_HLS/2023.1/common/technology/autopilot/etc/hls_hotbm_apfixed.h:240:9: warning: HLS pragma dump _XLX_SEP_ PragmaIsValid=1_XLX_SEP_ PragmaType=bind_storage_XLX_SEP_ PragmaContext=_XLX_SEP_ PragmaFunction=sincos_approximation_XLX_SEP_ PragmaOptions=variable=second_order_float::cos_K1 type=ROM_1P impl=LUTRAM_XLX_SEP_ [-Wdump-hls-pragmas]
#pragma HLS BIND_STORAGE variable=second_order_float::cos_K1 type=ROM_1P impl=LUTRAM
        ^
C:/Xilinx/Vitis_HLS/2023.1/common/technology/autopilot/etc/hls_hotbm_apfixed.h:241:9: warning: HLS pragma dump _XLX_SEP_ PragmaIsValid=1_XLX_SEP_ PragmaType=bind_storage_XLX_SEP_ PragmaContext=_XLX_SEP_ PragmaFunction=sincos_approximation_XLX_SEP_ PragmaOptions=variable=second_order_float::cos_K2 type=ROM_1P impl=LUTRAM_XLX_SEP_ [-Wdump-hls-pragmas]
#pragma HLS BIND_STORAGE variable=second_order_float::cos_K2 type=ROM_1P impl=LUTRAM
        ^
C:/Xilinx/Vitis_HLS/2023.1/common/technology/autopilot/etc/hls_hotbm_apfixed.h:242:9: warning: HLS pragma dump _XLX_SEP_ PragmaIsValid=1_XLX_SEP_ PragmaType=bind_storage_XLX_SEP_ PragmaContext=_XLX_SEP_ PragmaFunction=sincos_approximation_XLX_SEP_ PragmaOptions=variable=second_order_float::sin_K0 type=ROM_1P impl=LUTRAM_XLX_SEP_ [-Wdump-hls-pragmas]
#pragma HLS BIND_STORAGE variable=second_order_float::sin_K0 type=ROM_1P impl=LUTRAM
        ^
C:/Xilinx/Vitis_HLS/2023.1/common/technology/autopilot/etc/hls_hotbm_apfixed.h:243:9: warning: HLS pragma dump _XLX_SEP_ PragmaIsValid=1_XLX_SEP_ PragmaType=bind_storage_XLX_SEP_ PragmaContext=_XLX_SEP_ PragmaFunction=sincos_approximation_XLX_SEP_ PragmaOptions=variable=second_order_float::sin_K1 type=ROM_1P impl=LUTRAM_XLX_SEP_ [-Wdump-hls-pragmas]
#pragma HLS BIND_STORAGE variable=second_order_float::sin_K1 type=ROM_1P impl=LUTRAM
        ^
C:/Xilinx/Vitis_HLS/2023.1/common/technology/autopilot/etc/hls_hotbm_apfixed.h:244:9: warning: HLS pragma dump _XLX_SEP_ PragmaIsValid=1_XLX_SEP_ PragmaType=bind_storage_XLX_SEP_ PragmaContext=_XLX_SEP_ PragmaFunction=sincos_approximation_XLX_SEP_ PragmaOptions=variable=second_order_float::sin_K2 type=ROM_1P impl=LUTRAM_XLX_SEP_ [-Wdump-hls-pragmas]
#pragma HLS BIND_STORAGE variable=second_order_float::sin_K2 type=ROM_1P impl=LUTRAM
        ^
C:/Xilinx/Vitis_HLS/2023.1/common/technology/autopilot/etc/hls_hotbm_apfixed.h:280:9: warning: HLS pragma dump _XLX_SEP_ PragmaIsValid=1_XLX_SEP_ PragmaType=bind_storage_XLX_SEP_ PragmaContext=_XLX_SEP_ PragmaFunction=sin_or_cos_approximation_XLX_SEP_ PragmaOptions=variable=first_order_fixed_16::sin_cos_K0 type=ROM_1P impl=LUTRAM_XLX_SEP_ [-Wdump-hls-pragmas]
#pragma HLS BIND_STORAGE variable=first_order_fixed_16::sin_cos_K0 type=ROM_1P impl=LUTRAM
        ^
C:/Xilinx/Vitis_HLS/2023.1/common/technology/autopilot/etc/hls_hotbm_apfixed.h:281:9: warning: HLS pragma dump _XLX_SEP_ PragmaIsValid=1_XLX_SEP_ PragmaType=bind_storage_XLX_SEP_ PragmaContext=_XLX_SEP_ PragmaFunction=sin_or_cos_approximation_XLX_SEP_ PragmaOptions=variable=first_order_fixed_16::sin_cos_K1 type=ROM_1P impl=LUTRAM_XLX_SEP_ [-Wdump-hls-pragmas]
#pragma HLS BIND_STORAGE variable=first_order_fixed_16::sin_cos_K1 type=ROM_1P impl=LUTRAM
        ^
C:/Xilinx/Vitis_HLS/2023.1/common/technology/autopilot/etc/hls_hotbm_apfixed.h:310:9: warning: HLS pragma dump _XLX_SEP_ PragmaIsValid=1_XLX_SEP_ PragmaType=array_partition_XLX_SEP_ PragmaContext=_XLX_SEP_ PragmaFunction=sinf_or_cosf_XLX_SEP_ PragmaOptions=variable=swap_table complete_XLX_SEP_ [-Wdump-hls-pragmas]
#pragma HLS array_partition variable=swap_table complete
        ^
C:/Xilinx/Vitis_HLS/2023.1/common/technology/autopilot/etc/hls_hotbm_apfixed.h:311:9: warning: HLS pragma dump _XLX_SEP_ PragmaIsValid=1_XLX_SEP_ PragmaType=array_partition_XLX_SEP_ PragmaContext=_XLX_SEP_ PragmaFunction=sinf_or_cosf_XLX_SEP_ PragmaOptions=variable=neg_sin_table complete_XLX_SEP_ [-Wdump-hls-pragmas]
#pragma HLS array_partition variable=neg_sin_table complete
        ^
C:/Xilinx/Vitis_HLS/2023.1/common/technology/autopilot/etc/hls_hotbm_apfixed.h:312:9: warning: HLS pragma dump _XLX_SEP_ PragmaIsValid=1_XLX_SEP_ PragmaType=array_partition_XLX_SEP_ PragmaContext=_XLX_SEP_ PragmaFunction=sinf_or_cosf_XLX_SEP_ PragmaOptions=variable=neg_cos_table complete_XLX_SEP_ [-Wdump-hls-pragmas]
#pragma HLS array_partition variable=neg_cos_table complete
        ^
C:/Xilinx/Vitis_HLS/2023.1/common/technology/autopilot/etc/hls_hotbm_apfixed.h:382:9: warning: HLS pragma dump _XLX_SEP_ PragmaIsValid=1_XLX_SEP_ PragmaType=array_partition_XLX_SEP_ PragmaContext=_XLX_SEP_ PragmaFunction=sinf_or_cosf_XLX_SEP_ PragmaOptions=variable=swap_table complete_XLX_SEP_ [-Wdump-hls-pragmas]
#pragma HLS array_partition variable=swap_table complete
        ^
C:/Xilinx/Vitis_HLS/2023.1/common/technology/autopilot/etc/hls_hotbm_apfixed.h:383:9: warning: HLS pragma dump _XLX_SEP_ PragmaIsValid=1_XLX_SEP_ PragmaType=array_partition_XLX_SEP_ PragmaContext=_XLX_SEP_ PragmaFunction=sinf_or_cosf_XLX_SEP_ PragmaOptions=variable=neg_sin_table complete_XLX_SEP_ [-Wdump-hls-pragmas]
#pragma HLS array_partition variable=neg_sin_table complete
        ^
C:/Xilinx/Vitis_HLS/2023.1/common/technology/autopilot/etc/hls_hotbm_apfixed.h:384:9: warning: HLS pragma dump _XLX_SEP_ PragmaIsValid=1_XLX_SEP_ PragmaType=array_partition_XLX_SEP_ PragmaContext=_XLX_SEP_ PragmaFunction=sinf_or_cosf_XLX_SEP_ PragmaOptions=variable=neg_cos_table complete_XLX_SEP_ [-Wdump-hls-pragmas]
#pragma HLS array_partition variable=neg_cos_table complete
        ^
C:/Xilinx/Vitis_HLS/2023.1/common/technology/autopilot/etc/hls_hotbm_apfixed.h:453:9: warning: HLS pragma dump _XLX_SEP_ PragmaIsValid=1_XLX_SEP_ PragmaType=array_partition_XLX_SEP_ PragmaContext=_XLX_SEP_ PragmaFunction=sinf_or_cosf_XLX_SEP_ PragmaOptions=variable=neg_sin_table complete_XLX_SEP_ [-Wdump-hls-pragmas]
#pragma HLS array_partition variable=neg_sin_table complete
        ^
C:/Xilinx/Vitis_HLS/2023.1/common/technology/autopilot/etc/hls_hotbm_apfixed.h:454:9: warning: HLS pragma dump _XLX_SEP_ PragmaIsValid=1_XLX_SEP_ PragmaType=array_partition_XLX_SEP_ PragmaContext=_XLX_SEP_ PragmaFunction=sinf_or_cosf_XLX_SEP_ PragmaOptions=variable=neg_cos_table complete_XLX_SEP_ [-Wdump-hls-pragmas]
#pragma HLS array_partition variable=neg_cos_table complete
        ^
In file included from audrey_4_hls/mfcc.cpp:2:
In file included from C:/Xilinx/Vitis_HLS/2023.1/common/technology/autopilot\hls_math.h:1066:
C:/Xilinx/Vitis_HLS/2023.1/common/technology/autopilot/etc/hls_cordic_apfixed.h:88:9: warning: HLS pragma dump _XLX_SEP_ PragmaIsValid=1_XLX_SEP_ PragmaType=pipeline_XLX_SEP_ PragmaContext=_XLX_SEP_ PragmaFunction=cordic_circ_apfixed_XLX_SEP_ PragmaOptions=_XLX_SEP_ [-Wdump-hls-pragmas]
#pragma HLS pipeline
        ^
C:/Xilinx/Vitis_HLS/2023.1/common/technology/autopilot/etc/hls_cordic_apfixed.h:146:9: warning: HLS pragma dump _XLX_SEP_ PragmaIsValid=1_XLX_SEP_ PragmaType=pipeline_XLX_SEP_ PragmaContext=_XLX_SEP_ PragmaFunction=doublecordic_apfixed_XLX_SEP_ PragmaOptions=II=5_XLX_SEP_ [-Wdump-hls-pragmas]
#pragma HLS pipeline II=5
        ^
C:/Xilinx/Vitis_HLS/2023.1/common/technology/autopilot/etc/hls_cordic_apfixed.h:149:9: warning: HLS pragma dump _XLX_SEP_ PragmaIsValid=1_XLX_SEP_ PragmaType=pipeline_XLX_SEP_ PragmaContext=_XLX_SEP_ PragmaFunction=doublecordic_apfixed_XLX_SEP_ PragmaOptions=II=3_XLX_SEP_ [-Wdump-hls-pragmas]
#pragma HLS pipeline II=3
        ^
C:/Xilinx/Vitis_HLS/2023.1/common/technology/autopilot/etc/hls_cordic_apfixed.h:152:9: warning: HLS pragma dump _XLX_SEP_ PragmaIsValid=1_XLX_SEP_ PragmaType=pipeline_XLX_SEP_ PragmaContext=_XLX_SEP_ PragmaFunction=doublecordic_apfixed_XLX_SEP_ PragmaOptions=II=1_XLX_SEP_ [-Wdump-hls-pragmas]
#pragma HLS pipeline II=1
        ^
C:/Xilinx/Vitis_HLS/2023.1/common/technology/autopilot/etc/hls_cordic_apfixed.h:155:9: warning: HLS pragma dump _XLX_SEP_ PragmaIsValid=1_XLX_SEP_ PragmaType=pipeline_XLX_SEP_ PragmaContext=_XLX_SEP_ PragmaFunction=doublecordic_apfixed_XLX_SEP_ PragmaOptions=II=4_XLX_SEP_ [-Wdump-hls-pragmas]
#pragma HLS pipeline II=4
        ^
C:/Xilinx/Vitis_HLS/2023.1/common/technology/autopilot/etc/hls_cordic_apfixed.h:316:9: warning: HLS pragma dump _XLX_SEP_ PragmaIsValid=1_XLX_SEP_ PragmaType=unroll_XLX_SEP_ PragmaContext=_XLX_SEP_ PragmaFunction=generic_tan_XLX_SEP_ PragmaOptions=_XLX_SEP_ [-Wdump-hls-pragmas]
#pragma HLS UNROLL
        ^
C:/Xilinx/Vitis_HLS/2023.1/common/technology/autopilot/etc/hls_cordic_apfixed.h:476:9: warning: HLS pragma dump _XLX_SEP_ PragmaIsValid=1_XLX_SEP_ PragmaType=unroll_XLX_SEP_ PragmaContext=_XLX_SEP_ PragmaFunction=generic_tanpi_XLX_SEP_ PragmaOptions=_XLX_SEP_ [-Wdump-hls-pragmas]
#pragma HLS UNROLL
        ^
C:/Xilinx/Vitis_HLS/2023.1/common/technology/autopilot/etc/hls_cordic_apfixed.h:656:9: warning: HLS pragma dump _XLX_SEP_ PragmaIsValid=1_XLX_SEP_ PragmaType=unroll_XLX_SEP_ PragmaContext=_XLX_SEP_ PragmaFunction=generic_atan2_XLX_SEP_ PragmaOptions=_XLX_SEP_ [-Wdump-hls-pragmas]
#pragma HLS UNROLL
        ^
C:/Xilinx/Vitis_HLS/2023.1/common/technology/autopilot/etc/hls_cordic_apfixed.h:660:9: warning: HLS pragma dump _XLX_SEP_ PragmaIsValid=1_XLX_SEP_ PragmaType=unroll_XLX_SEP_ PragmaContext=_XLX_SEP_ PragmaFunction=generic_atan2_XLX_SEP_ PragmaOptions=_XLX_SEP_ [-Wdump-hls-pragmas]
#pragma HLS UNROLL
        ^
C:/Xilinx/Vitis_HLS/2023.1/common/technology/autopilot/etc/hls_cordic_apfixed.h:867:9: warning: HLS pragma dump _XLX_SEP_ PragmaIsValid=1_XLX_SEP_ PragmaType=unroll_XLX_SEP_ PragmaContext=_XLX_SEP_ PragmaFunction=sinh_cosh_range_redux_cordic_XLX_SEP_ PragmaOptions=_XLX_SEP_ [-Wdump-hls-pragmas]
#pragma HLS UNROLL
        ^
C:/Xilinx/Vitis_HLS/2023.1/common/technology/autopilot/etc/hls_cordic_apfixed.h:886:9: warning: HLS pragma dump _XLX_SEP_ PragmaIsValid=1_XLX_SEP_ PragmaType=unroll_XLX_SEP_ PragmaContext=_XLX_SEP_ PragmaFunction=sinh_cosh_range_redux_cordic_XLX_SEP_ PragmaOptions=_XLX_SEP_ [-Wdump-hls-pragmas]
#pragma HLS UNROLL
        ^
In file included from audrey_4_hls/mfcc.cpp:2:
In file included from C:/Xilinx/Vitis_HLS/2023.1/common/technology/autopilot\hls_math.h:1067:
C:/Xilinx/Vitis_HLS/2023.1/common/technology/autopilot/etc/hls_exp_apfixed.h:41:9: warning: HLS pragma dump _XLX_SEP_ PragmaIsValid=1_XLX_SEP_ PragmaType=pipeline_XLX_SEP_ PragmaContext=_XLX_SEP_ PragmaFunction=exp_XLX_SEP_ PragmaOptions=_XLX_SEP_ [-Wdump-hls-pragmas]
#pragma HLS pipeline
        ^
C:/Xilinx/Vitis_HLS/2023.1/common/technology/autopilot/etc/hls_exp_apfixed.h:95:9: warning: HLS pragma dump _XLX_SEP_ PragmaIsValid=1_XLX_SEP_ PragmaType=unroll_XLX_SEP_ PragmaContext=_XLX_SEP_ PragmaFunction=exp_XLX_SEP_ PragmaOptions=_XLX_SEP_ [-Wdump-hls-pragmas]
#pragma HLS unroll
        ^
C:/Xilinx/Vitis_HLS/2023.1/common/technology/autopilot/etc/hls_exp_apfixed.h:101:9: warning: HLS pragma dump _XLX_SEP_ PragmaIsValid=1_XLX_SEP_ PragmaType=unroll_XLX_SEP_ PragmaContext=_XLX_SEP_ PragmaFunction=exp_XLX_SEP_ PragmaOptions=_XLX_SEP_ [-Wdump-hls-pragmas]
#pragma HLS unroll
        ^
C:/Xilinx/Vitis_HLS/2023.1/common/technology/autopilot/etc/hls_exp_apfixed.h:105:9: warning: HLS pragma dump _XLX_SEP_ PragmaIsValid=1_XLX_SEP_ PragmaType=unroll_XLX_SEP_ PragmaContext=_XLX_SEP_ PragmaFunction=exp_XLX_SEP_ PragmaOptions=_XLX_SEP_ [-Wdump-hls-pragmas]
#pragma HLS unroll
        ^
C:/Xilinx/Vitis_HLS/2023.1/common/technology/autopilot/etc/hls_exp_apfixed.h:172:9: warning: HLS pragma dump _XLX_SEP_ PragmaIsValid=1_XLX_SEP_ PragmaType=unroll_XLX_SEP_ PragmaContext=_XLX_SEP_ PragmaFunction=exp_XLX_SEP_ PragmaOptions=_XLX_SEP_ [-Wdump-hls-pragmas]
#pragma HLS unroll
        ^
C:/Xilinx/Vitis_HLS/2023.1/common/technology/autopilot/etc/hls_exp_apfixed.h:178:9: warning: HLS pragma dump _XLX_SEP_ PragmaIsValid=1_XLX_SEP_ PragmaType=unroll_XLX_SEP_ PragmaContext=_XLX_SEP_ PragmaFunction=exp_XLX_SEP_ PragmaOptions=_XLX_SEP_ [-Wdump-hls-pragmas]
#pragma HLS unroll
        ^
C:/Xilinx/Vitis_HLS/2023.1/common/technology/autopilot/etc/hls_exp_apfixed.h:182:9: warning: HLS pragma dump _XLX_SEP_ PragmaIsValid=1_XLX_SEP_ PragmaType=unroll_XLX_SEP_ PragmaContext=_XLX_SEP_ PragmaFunction=exp_XLX_SEP_ PragmaOptions=_XLX_SEP_ [-Wdump-hls-pragmas]
#pragma HLS unroll
        ^
C:/Xilinx/Vitis_HLS/2023.1/common/technology/autopilot/etc/hls_exp_apfixed.h:197:9: warning: HLS pragma dump _XLX_SEP_ PragmaIsValid=1_XLX_SEP_ PragmaType=unroll_XLX_SEP_ PragmaContext=_XLX_SEP_ PragmaFunction=exp_XLX_SEP_ PragmaOptions=_XLX_SEP_ [-Wdump-hls-pragmas]
#pragma HLS unroll
        ^
C:/Xilinx/Vitis_HLS/2023.1/common/technology/autopilot/etc/hls_exp_apfixed.h:205:9: warning: HLS pragma dump _XLX_SEP_ PragmaIsValid=1_XLX_SEP_ PragmaType=unroll_XLX_SEP_ PragmaContext=_XLX_SEP_ PragmaFunction=exp_XLX_SEP_ PragmaOptions=_XLX_SEP_ [-Wdump-hls-pragmas]
#pragma HLS unroll
        ^
C:/Xilinx/Vitis_HLS/2023.1/common/technology/autopilot/etc/hls_exp_apfixed.h:270:9: warning: HLS pragma dump _XLX_SEP_ PragmaIsValid=1_XLX_SEP_ PragmaType=unroll_XLX_SEP_ PragmaContext=_XLX_SEP_ PragmaFunction=exp_XLX_SEP_ PragmaOptions=_XLX_SEP_ [-Wdump-hls-pragmas]
#pragma HLS unroll
        ^
C:/Xilinx/Vitis_HLS/2023.1/common/technology/autopilot/etc/hls_exp_apfixed.h:276:9: warning: HLS pragma dump _XLX_SEP_ PragmaIsValid=1_XLX_SEP_ PragmaType=unroll_XLX_SEP_ PragmaContext=_XLX_SEP_ PragmaFunction=exp_XLX_SEP_ PragmaOptions=_XLX_SEP_ [-Wdump-hls-pragmas]
#pragma HLS unroll
        ^
C:/Xilinx/Vitis_HLS/2023.1/common/technology/autopilot/etc/hls_exp_apfixed.h:280:9: warning: HLS pragma dump _XLX_SEP_ PragmaIsValid=1_XLX_SEP_ PragmaType=unroll_XLX_SEP_ PragmaContext=_XLX_SEP_ PragmaFunction=exp_XLX_SEP_ PragmaOptions=_XLX_SEP_ [-Wdump-hls-pragmas]
#pragma HLS unroll
        ^
C:/Xilinx/Vitis_HLS/2023.1/common/technology/autopilot/etc/hls_exp_apfixed.h:295:9: warning: HLS pragma dump _XLX_SEP_ PragmaIsValid=1_XLX_SEP_ PragmaType=unroll_XLX_SEP_ PragmaContext=_XLX_SEP_ PragmaFunction=exp_XLX_SEP_ PragmaOptions=_XLX_SEP_ [-Wdump-hls-pragmas]
#pragma HLS unroll
        ^
C:/Xilinx/Vitis_HLS/2023.1/common/technology/autopilot/etc/hls_exp_apfixed.h:303:9: warning: HLS pragma dump _XLX_SEP_ PragmaIsValid=1_XLX_SEP_ PragmaType=unroll_XLX_SEP_ PragmaContext=_XLX_SEP_ PragmaFunction=exp_XLX_SEP_ PragmaOptions=_XLX_SEP_ [-Wdump-hls-pragmas]
#pragma HLS unroll
        ^
C:/Xilinx/Vitis_HLS/2023.1/common/technology/autopilot/etc/hls_exp_apfixed.h:532:9: warning: HLS pragma dump _XLX_SEP_ PragmaIsValid=1_XLX_SEP_ PragmaType=unroll_XLX_SEP_ PragmaContext=_XLX_SEP_ PragmaFunction=exp_XLX_SEP_ PragmaOptions=_XLX_SEP_ [-Wdump-hls-pragmas]
#pragma HLS unroll
        ^
C:/Xilinx/Vitis_HLS/2023.1/common/technology/autopilot/etc/hls_exp_apfixed.h:538:9: warning: HLS pragma dump _XLX_SEP_ PragmaIsValid=1_XLX_SEP_ PragmaType=unroll_XLX_SEP_ PragmaContext=_XLX_SEP_ PragmaFunction=exp_XLX_SEP_ PragmaOptions=_XLX_SEP_ [-Wdump-hls-pragmas]
#pragma HLS unroll
        ^
C:/Xilinx/Vitis_HLS/2023.1/common/technology/autopilot/etc/hls_exp_apfixed.h:542:9: warning: HLS pragma dump _XLX_SEP_ PragmaIsValid=1_XLX_SEP_ PragmaType=unroll_XLX_SEP_ PragmaContext=_XLX_SEP_ PragmaFunction=exp_XLX_SEP_ PragmaOptions=_XLX_SEP_ [-Wdump-hls-pragmas]
#pragma HLS unroll
        ^
C:/Xilinx/Vitis_HLS/2023.1/common/technology/autopilot/etc/hls_exp_apfixed.h:552:9: warning: HLS pragma dump _XLX_SEP_ PragmaIsValid=1_XLX_SEP_ PragmaType=unroll_XLX_SEP_ PragmaContext=_XLX_SEP_ PragmaFunction=exp_XLX_SEP_ PragmaOptions=_XLX_SEP_ [-Wdump-hls-pragmas]
#pragma HLS unroll
        ^
C:/Xilinx/Vitis_HLS/2023.1/common/technology/autopilot/etc/hls_exp_apfixed.h:556:9: warning: HLS pragma dump _XLX_SEP_ PragmaIsValid=1_XLX_SEP_ PragmaType=unroll_XLX_SEP_ PragmaContext=_XLX_SEP_ PragmaFunction=exp_XLX_SEP_ PragmaOptions=_XLX_SEP_ [-Wdump-hls-pragmas]
#pragma HLS unroll
        ^
C:/Xilinx/Vitis_HLS/2023.1/common/technology/autopilot/etc/hls_exp_apfixed.h:566:9: warning: HLS pragma dump _XLX_SEP_ PragmaIsValid=1_XLX_SEP_ PragmaType=unroll_XLX_SEP_ PragmaContext=_XLX_SEP_ PragmaFunction=exp_XLX_SEP_ PragmaOptions=_XLX_SEP_ [-Wdump-hls-pragmas]
#pragma HLS unroll
        ^
C:/Xilinx/Vitis_HLS/2023.1/common/technology/autopilot/etc/hls_exp_apfixed.h:574:9: warning: HLS pragma dump _XLX_SEP_ PragmaIsValid=1_XLX_SEP_ PragmaType=unroll_XLX_SEP_ PragmaContext=_XLX_SEP_ PragmaFunction=exp_XLX_SEP_ PragmaOptions=_XLX_SEP_ [-Wdump-hls-pragmas]
#pragma HLS unroll
        ^
C:/Xilinx/Vitis_HLS/2023.1/common/technology/autopilot/etc/hls_exp_apfixed.h:935:9: warning: HLS pragma dump _XLX_SEP_ PragmaIsValid=1_XLX_SEP_ PragmaType=unroll_XLX_SEP_ PragmaContext=_XLX_SEP_ PragmaFunction=exp_XLX_SEP_ PragmaOptions=_XLX_SEP_ [-Wdump-hls-pragmas]
#pragma HLS unroll
        ^
C:/Xilinx/Vitis_HLS/2023.1/common/technology/autopilot/etc/hls_exp_apfixed.h:941:9: warning: HLS pragma dump _XLX_SEP_ PragmaIsValid=1_XLX_SEP_ PragmaType=unroll_XLX_SEP_ PragmaContext=_XLX_SEP_ PragmaFunction=exp_XLX_SEP_ PragmaOptions=_XLX_SEP_ [-Wdump-hls-pragmas]
#pragma HLS unroll
        ^
C:/Xilinx/Vitis_HLS/2023.1/common/technology/autopilot/etc/hls_exp_apfixed.h:945:9: warning: HLS pragma dump _XLX_SEP_ PragmaIsValid=1_XLX_SEP_ PragmaType=unroll_XLX_SEP_ PragmaContext=_XLX_SEP_ PragmaFunction=exp_XLX_SEP_ PragmaOptions=_XLX_SEP_ [-Wdump-hls-pragmas]
#pragma HLS unroll
        ^
C:/Xilinx/Vitis_HLS/2023.1/common/technology/autopilot/etc/hls_exp_apfixed.h:959:9: warning: HLS pragma dump _XLX_SEP_ PragmaIsValid=1_XLX_SEP_ PragmaType=pipeline_XLX_SEP_ PragmaContext=_XLX_SEP_ PragmaFunction=exp_core_XLX_SEP_ PragmaOptions=_XLX_SEP_ [-Wdump-hls-pragmas]
#pragma HLS pipeline
        ^
C:/Xilinx/Vitis_HLS/2023.1/common/technology/autopilot/etc/hls_exp_apfixed.h:1061:9: warning: HLS pragma dump _XLX_SEP_ PragmaIsValid=1_XLX_SEP_ PragmaType=unroll_XLX_SEP_ PragmaContext=_XLX_SEP_ PragmaFunction=exp_core_XLX_SEP_ PragmaOptions=_XLX_SEP_ [-Wdump-hls-pragmas]
#pragma HLS unroll
        ^
C:/Xilinx/Vitis_HLS/2023.1/common/technology/autopilot/etc/hls_exp_apfixed.h:1067:9: warning: HLS pragma dump _XLX_SEP_ PragmaIsValid=1_XLX_SEP_ PragmaType=unroll_XLX_SEP_ PragmaContext=_XLX_SEP_ PragmaFunction=exp_core_XLX_SEP_ PragmaOptions=_XLX_SEP_ [-Wdump-hls-pragmas]
#pragma HLS unroll
        ^
C:/Xilinx/Vitis_HLS/2023.1/common/technology/autopilot/etc/hls_exp_apfixed.h:1071:9: warning: HLS pragma dump _XLX_SEP_ PragmaIsValid=1_XLX_SEP_ PragmaType=unroll_XLX_SEP_ PragmaContext=_XLX_SEP_ PragmaFunction=exp_core_XLX_SEP_ PragmaOptions=_XLX_SEP_ [-Wdump-hls-pragmas]
#pragma HLS unroll
        ^
C:/Xilinx/Vitis_HLS/2023.1/common/technology/autopilot/etc/hls_exp_apfixed.h:1158:9: warning: HLS pragma dump _XLX_SEP_ PragmaIsValid=1_XLX_SEP_ PragmaType=unroll_XLX_SEP_ PragmaContext=_XLX_SEP_ PragmaFunction=exp_core_XLX_SEP_ PragmaOptions=_XLX_SEP_ [-Wdump-hls-pragmas]
#pragma HLS unroll
        ^
C:/Xilinx/Vitis_HLS/2023.1/common/technology/autopilot/etc/hls_exp_apfixed.h:1164:9: warning: HLS pragma dump _XLX_SEP_ PragmaIsValid=1_XLX_SEP_ PragmaType=unroll_XLX_SEP_ PragmaContext=_XLX_SEP_ PragmaFunction=exp_core_XLX_SEP_ PragmaOptions=_XLX_SEP_ [-Wdump-hls-pragmas]
#pragma HLS unroll
        ^
C:/Xilinx/Vitis_HLS/2023.1/common/technology/autopilot/etc/hls_exp_apfixed.h:1168:9: warning: HLS pragma dump _XLX_SEP_ PragmaIsValid=1_XLX_SEP_ PragmaType=unroll_XLX_SEP_ PragmaContext=_XLX_SEP_ PragmaFunction=exp_core_XLX_SEP_ PragmaOptions=_XLX_SEP_ [-Wdump-hls-pragmas]
#pragma HLS unroll
        ^
C:/Xilinx/Vitis_HLS/2023.1/common/technology/autopilot/etc/hls_exp_apfixed.h:1187:9: warning: HLS pragma dump _XLX_SEP_ PragmaIsValid=1_XLX_SEP_ PragmaType=unroll_XLX_SEP_ PragmaContext=_XLX_SEP_ PragmaFunction=exp_core_XLX_SEP_ PragmaOptions=_XLX_SEP_ [-Wdump-hls-pragmas]
#pragma HLS unroll
        ^
C:/Xilinx/Vitis_HLS/2023.1/common/technology/autopilot/etc/hls_exp_apfixed.h:1194:9: warning: HLS pragma dump _XLX_SEP_ PragmaIsValid=1_XLX_SEP_ PragmaType=unroll_XLX_SEP_ PragmaContext=_XLX_SEP_ PragmaFunction=exp_core_XLX_SEP_ PragmaOptions=_XLX_SEP_ [-Wdump-hls-pragmas]
#pragma HLS unroll
        ^
C:/Xilinx/Vitis_HLS/2023.1/common/technology/autopilot/etc/hls_exp_apfixed.h:1310:9: warning: HLS pragma dump _XLX_SEP_ PragmaIsValid=1_XLX_SEP_ PragmaType=unroll_XLX_SEP_ PragmaContext=_XLX_SEP_ PragmaFunction=exp_core_XLX_SEP_ PragmaOptions=_XLX_SEP_ [-Wdump-hls-pragmas]
#pragma HLS unroll
        ^
C:/Xilinx/Vitis_HLS/2023.1/common/technology/autopilot/etc/hls_exp_apfixed.h:1316:9: warning: HLS pragma dump _XLX_SEP_ PragmaIsValid=1_XLX_SEP_ PragmaType=unroll_XLX_SEP_ PragmaContext=_XLX_SEP_ PragmaFunction=exp_core_XLX_SEP_ PragmaOptions=_XLX_SEP_ [-Wdump-hls-pragmas]
#pragma HLS unroll
        ^
C:/Xilinx/Vitis_HLS/2023.1/common/technology/autopilot/etc/hls_exp_apfixed.h:1320:9: warning: HLS pragma dump _XLX_SEP_ PragmaIsValid=1_XLX_SEP_ PragmaType=unroll_XLX_SEP_ PragmaContext=_XLX_SEP_ PragmaFunction=exp_core_XLX_SEP_ PragmaOptions=_XLX_SEP_ [-Wdump-hls-pragmas]
#pragma HLS unroll
        ^
C:/Xilinx/Vitis_HLS/2023.1/common/technology/autopilot/etc/hls_exp_apfixed.h:1340:9: warning: HLS pragma dump _XLX_SEP_ PragmaIsValid=1_XLX_SEP_ PragmaType=unroll_XLX_SEP_ PragmaContext=_XLX_SEP_ PragmaFunction=exp_core_XLX_SEP_ PragmaOptions=_XLX_SEP_ [-Wdump-hls-pragmas]
#pragma HLS unroll
        ^
C:/Xilinx/Vitis_HLS/2023.1/common/technology/autopilot/etc/hls_exp_apfixed.h:1347:9: warning: HLS pragma dump _XLX_SEP_ PragmaIsValid=1_XLX_SEP_ PragmaType=unroll_XLX_SEP_ PragmaContext=_XLX_SEP_ PragmaFunction=exp_core_XLX_SEP_ PragmaOptions=_XLX_SEP_ [-Wdump-hls-pragmas]
#pragma HLS unroll
        ^
C:/Xilinx/Vitis_HLS/2023.1/common/technology/autopilot/etc/hls_exp_apfixed.h:1609:9: warning: HLS pragma dump _XLX_SEP_ PragmaIsValid=1_XLX_SEP_ PragmaType=unroll_XLX_SEP_ PragmaContext=_XLX_SEP_ PragmaFunction=exp_core_XLX_SEP_ PragmaOptions=_XLX_SEP_ [-Wdump-hls-pragmas]
#pragma HLS unroll
        ^
C:/Xilinx/Vitis_HLS/2023.1/common/technology/autopilot/etc/hls_exp_apfixed.h:1615:9: warning: HLS pragma dump _XLX_SEP_ PragmaIsValid=1_XLX_SEP_ PragmaType=unroll_XLX_SEP_ PragmaContext=_XLX_SEP_ PragmaFunction=exp_core_XLX_SEP_ PragmaOptions=_XLX_SEP_ [-Wdump-hls-pragmas]
#pragma HLS unroll
        ^
C:/Xilinx/Vitis_HLS/2023.1/common/technology/autopilot/etc/hls_exp_apfixed.h:1619:9: warning: HLS pragma dump _XLX_SEP_ PragmaIsValid=1_XLX_SEP_ PragmaType=unroll_XLX_SEP_ PragmaContext=_XLX_SEP_ PragmaFunction=exp_core_XLX_SEP_ PragmaOptions=_XLX_SEP_ [-Wdump-hls-pragmas]
#pragma HLS unroll
        ^
C:/Xilinx/Vitis_HLS/2023.1/common/technology/autopilot/etc/hls_exp_apfixed.h:1643:9: warning: HLS pragma dump _XLX_SEP_ PragmaIsValid=1_XLX_SEP_ PragmaType=unroll_XLX_SEP_ PragmaContext=_XLX_SEP_ PragmaFunction=exp_core_XLX_SEP_ PragmaOptions=_XLX_SEP_ [-Wdump-hls-pragmas]
#pragma HLS unroll
        ^
C:/Xilinx/Vitis_HLS/2023.1/common/technology/autopilot/etc/hls_exp_apfixed.h:1650:9: warning: HLS pragma dump _XLX_SEP_ PragmaIsValid=1_XLX_SEP_ PragmaType=unroll_XLX_SEP_ PragmaContext=_XLX_SEP_ PragmaFunction=exp_core_XLX_SEP_ PragmaOptions=_XLX_SEP_ [-Wdump-hls-pragmas]
#pragma HLS unroll
        ^
C:/Xilinx/Vitis_HLS/2023.1/common/technology/autopilot/etc/hls_exp_apfixed.h:2080:9: warning: HLS pragma dump _XLX_SEP_ PragmaIsValid=1_XLX_SEP_ PragmaType=unroll_XLX_SEP_ PragmaContext=_XLX_SEP_ PragmaFunction=exp_core_XLX_SEP_ PragmaOptions=_XLX_SEP_ [-Wdump-hls-pragmas]
#pragma HLS unroll
        ^
C:/Xilinx/Vitis_HLS/2023.1/common/technology/autopilot/etc/hls_exp_apfixed.h:2086:9: warning: HLS pragma dump _XLX_SEP_ PragmaIsValid=1_XLX_SEP_ PragmaType=unroll_XLX_SEP_ PragmaContext=_XLX_SEP_ PragmaFunction=exp_core_XLX_SEP_ PragmaOptions=_XLX_SEP_ [-Wdump-hls-pragmas]
#pragma HLS unroll
        ^
C:/Xilinx/Vitis_HLS/2023.1/common/technology/autopilot/etc/hls_exp_apfixed.h:2090:9: warning: HLS pragma dump _XLX_SEP_ PragmaIsValid=1_XLX_SEP_ PragmaType=unroll_XLX_SEP_ PragmaContext=_XLX_SEP_ PragmaFunction=exp_core_XLX_SEP_ PragmaOptions=_XLX_SEP_ [-Wdump-hls-pragmas]
#pragma HLS unroll
        ^
C:/Xilinx/Vitis_HLS/2023.1/common/technology/autopilot/etc/hls_exp_apfixed.h:2220:9: warning: HLS pragma dump _XLX_SEP_ PragmaIsValid=1_XLX_SEP_ PragmaType=unroll_XLX_SEP_ PragmaContext=_XLX_SEP_ PragmaFunction=exp2_XLX_SEP_ PragmaOptions=_XLX_SEP_ [-Wdump-hls-pragmas]
#pragma HLS unroll
        ^
C:/Xilinx/Vitis_HLS/2023.1/common/technology/autopilot/etc/hls_exp_apfixed.h:2227:9: warning: HLS pragma dump _XLX_SEP_ PragmaIsValid=1_XLX_SEP_ PragmaType=unroll_XLX_SEP_ PragmaContext=_XLX_SEP_ PragmaFunction=exp2_XLX_SEP_ PragmaOptions=_XLX_SEP_ [-Wdump-hls-pragmas]
#pragma HLS unroll
        ^
C:/Xilinx/Vitis_HLS/2023.1/common/technology/autopilot/etc/hls_exp_apfixed.h:2231:9: warning: HLS pragma dump _XLX_SEP_ PragmaIsValid=1_XLX_SEP_ PragmaType=unroll_XLX_SEP_ PragmaContext=_XLX_SEP_ PragmaFunction=exp2_XLX_SEP_ PragmaOptions=_XLX_SEP_ [-Wdump-hls-pragmas]
#pragma HLS unroll
        ^
C:/Xilinx/Vitis_HLS/2023.1/common/technology/autopilot/etc/hls_exp_apfixed.h:2278:9: warning: HLS pragma dump _XLX_SEP_ PragmaIsValid=1_XLX_SEP_ PragmaType=unroll_XLX_SEP_ PragmaContext=_XLX_SEP_ PragmaFunction=exp2_XLX_SEP_ PragmaOptions=_XLX_SEP_ [-Wdump-hls-pragmas]
#pragma HLS unroll
        ^
C:/Xilinx/Vitis_HLS/2023.1/common/technology/autopilot/etc/hls_exp_apfixed.h:2285:9: warning: HLS pragma dump _XLX_SEP_ PragmaIsValid=1_XLX_SEP_ PragmaType=unroll_XLX_SEP_ PragmaContext=_XLX_SEP_ PragmaFunction=exp2_XLX_SEP_ PragmaOptions=_XLX_SEP_ [-Wdump-hls-pragmas]
#pragma HLS unroll
        ^
C:/Xilinx/Vitis_HLS/2023.1/common/technology/autopilot/etc/hls_exp_apfixed.h:2289:9: warning: HLS pragma dump _XLX_SEP_ PragmaIsValid=1_XLX_SEP_ PragmaType=unroll_XLX_SEP_ PragmaContext=_XLX_SEP_ PragmaFunction=exp2_XLX_SEP_ PragmaOptions=_XLX_SEP_ [-Wdump-hls-pragmas]
#pragma HLS unroll
        ^
C:/Xilinx/Vitis_HLS/2023.1/common/technology/autopilot/etc/hls_exp_apfixed.h:2307:9: warning: HLS pragma dump _XLX_SEP_ PragmaIsValid=1_XLX_SEP_ PragmaType=unroll_XLX_SEP_ PragmaContext=_XLX_SEP_ PragmaFunction=exp2_XLX_SEP_ PragmaOptions=_XLX_SEP_ [-Wdump-hls-pragmas]
#pragma HLS unroll
        ^
C:/Xilinx/Vitis_HLS/2023.1/common/technology/autopilot/etc/hls_exp_apfixed.h:2362:9: warning: HLS pragma dump _XLX_SEP_ PragmaIsValid=1_XLX_SEP_ PragmaType=unroll_XLX_SEP_ PragmaContext=_XLX_SEP_ PragmaFunction=exp2_XLX_SEP_ PragmaOptions=_XLX_SEP_ [-Wdump-hls-pragmas]
#pragma HLS unroll
        ^
C:/Xilinx/Vitis_HLS/2023.1/common/technology/autopilot/etc/hls_exp_apfixed.h:2369:9: warning: HLS pragma dump _XLX_SEP_ PragmaIsValid=1_XLX_SEP_ PragmaType=unroll_XLX_SEP_ PragmaContext=_XLX_SEP_ PragmaFunction=exp2_XLX_SEP_ PragmaOptions=_XLX_SEP_ [-Wdump-hls-pragmas]
#pragma HLS unroll
        ^
C:/Xilinx/Vitis_HLS/2023.1/common/technology/autopilot/etc/hls_exp_apfixed.h:2373:9: warning: HLS pragma dump _XLX_SEP_ PragmaIsValid=1_XLX_SEP_ PragmaType=unroll_XLX_SEP_ PragmaContext=_XLX_SEP_ PragmaFunction=exp2_XLX_SEP_ PragmaOptions=_XLX_SEP_ [-Wdump-hls-pragmas]
#pragma HLS unroll
        ^
C:/Xilinx/Vitis_HLS/2023.1/common/technology/autopilot/etc/hls_exp_apfixed.h:2391:9: warning: HLS pragma dump _XLX_SEP_ PragmaIsValid=1_XLX_SEP_ PragmaType=unroll_XLX_SEP_ PragmaContext=_XLX_SEP_ PragmaFunction=exp2_XLX_SEP_ PragmaOptions=_XLX_SEP_ [-Wdump-hls-pragmas]
#pragma HLS unroll
        ^
C:/Xilinx/Vitis_HLS/2023.1/common/technology/autopilot/etc/hls_exp_apfixed.h:2480:9: warning: HLS pragma dump _XLX_SEP_ PragmaIsValid=1_XLX_SEP_ PragmaType=unroll_XLX_SEP_ PragmaContext=_XLX_SEP_ PragmaFunction=exp2_XLX_SEP_ PragmaOptions=_XLX_SEP_ [-Wdump-hls-pragmas]
#pragma HLS unroll
        ^
C:/Xilinx/Vitis_HLS/2023.1/common/technology/autopilot/etc/hls_exp_apfixed.h:2487:9: warning: HLS pragma dump _XLX_SEP_ PragmaIsValid=1_XLX_SEP_ PragmaType=unroll_XLX_SEP_ PragmaContext=_XLX_SEP_ PragmaFunction=exp2_XLX_SEP_ PragmaOptions=_XLX_SEP_ [-Wdump-hls-pragmas]
#pragma HLS unroll
        ^
C:/Xilinx/Vitis_HLS/2023.1/common/technology/autopilot/etc/hls_exp_apfixed.h:2491:9: warning: HLS pragma dump _XLX_SEP_ PragmaIsValid=1_XLX_SEP_ PragmaType=unroll_XLX_SEP_ PragmaContext=_XLX_SEP_ PragmaFunction=exp2_XLX_SEP_ PragmaOptions=_XLX_SEP_ [-Wdump-hls-pragmas]
#pragma HLS unroll
        ^
C:/Xilinx/Vitis_HLS/2023.1/common/technology/autopilot/etc/hls_exp_apfixed.h:2501:9: warning: HLS pragma dump _XLX_SEP_ PragmaIsValid=1_XLX_SEP_ PragmaType=unroll_XLX_SEP_ PragmaContext=_XLX_SEP_ PragmaFunction=exp2_XLX_SEP_ PragmaOptions=_XLX_SEP_ [-Wdump-hls-pragmas]
#pragma HLS unroll
        ^
C:/Xilinx/Vitis_HLS/2023.1/common/technology/autopilot/etc/hls_exp_apfixed.h:2505:9: warning: HLS pragma dump _XLX_SEP_ PragmaIsValid=1_XLX_SEP_ PragmaType=unroll_XLX_SEP_ PragmaContext=_XLX_SEP_ PragmaFunction=exp2_XLX_SEP_ PragmaOptions=_XLX_SEP_ [-Wdump-hls-pragmas]
#pragma HLS unroll
        ^
C:/Xilinx/Vitis_HLS/2023.1/common/technology/autopilot/etc/hls_exp_apfixed.h:2516:9: warning: HLS pragma dump _XLX_SEP_ PragmaIsValid=1_XLX_SEP_ PragmaType=unroll_XLX_SEP_ PragmaContext=_XLX_SEP_ PragmaFunction=exp2_XLX_SEP_ PragmaOptions=_XLX_SEP_ [-Wdump-hls-pragmas]
#pragma HLS unroll
        ^
C:/Xilinx/Vitis_HLS/2023.1/common/technology/autopilot/etc/hls_exp_apfixed.h:2524:9: warning: HLS pragma dump _XLX_SEP_ PragmaIsValid=1_XLX_SEP_ PragmaType=unroll_XLX_SEP_ PragmaContext=_XLX_SEP_ PragmaFunction=exp2_XLX_SEP_ PragmaOptions=_XLX_SEP_ [-Wdump-hls-pragmas]
#pragma HLS unroll
        ^
C:/Xilinx/Vitis_HLS/2023.1/common/technology/autopilot/etc/hls_exp_apfixed.h:2849:9: warning: HLS pragma dump _XLX_SEP_ PragmaIsValid=1_XLX_SEP_ PragmaType=unroll_XLX_SEP_ PragmaContext=_XLX_SEP_ PragmaFunction=exp2_XLX_SEP_ PragmaOptions=_XLX_SEP_ [-Wdump-hls-pragmas]
#pragma HLS unroll
        ^
C:/Xilinx/Vitis_HLS/2023.1/common/technology/autopilot/etc/hls_exp_apfixed.h:2856:9: warning: HLS pragma dump _XLX_SEP_ PragmaIsValid=1_XLX_SEP_ PragmaType=unroll_XLX_SEP_ PragmaContext=_XLX_SEP_ PragmaFunction=exp2_XLX_SEP_ PragmaOptions=_XLX_SEP_ [-Wdump-hls-pragmas]
#pragma HLS unroll
        ^
C:/Xilinx/Vitis_HLS/2023.1/common/technology/autopilot/etc/hls_exp_apfixed.h:2860:9: warning: HLS pragma dump _XLX_SEP_ PragmaIsValid=1_XLX_SEP_ PragmaType=unroll_XLX_SEP_ PragmaContext=_XLX_SEP_ PragmaFunction=exp2_XLX_SEP_ PragmaOptions=_XLX_SEP_ [-Wdump-hls-pragmas]
#pragma HLS unroll
        ^
C:/Xilinx/Vitis_HLS/2023.1/common/technology/autopilot/etc/hls_exp_apfixed.h:2948:9: warning: HLS pragma dump _XLX_SEP_ PragmaIsValid=1_XLX_SEP_ PragmaType=unroll_XLX_SEP_ PragmaContext=_XLX_SEP_ PragmaFunction=exp10_XLX_SEP_ PragmaOptions=_XLX_SEP_ [-Wdump-hls-pragmas]
#pragma HLS unroll
        ^
C:/Xilinx/Vitis_HLS/2023.1/common/technology/autopilot/etc/hls_exp_apfixed.h:2955:9: warning: HLS pragma dump _XLX_SEP_ PragmaIsValid=1_XLX_SEP_ PragmaType=unroll_XLX_SEP_ PragmaContext=_XLX_SEP_ PragmaFunction=exp10_XLX_SEP_ PragmaOptions=_XLX_SEP_ [-Wdump-hls-pragmas]
#pragma HLS unroll
        ^
C:/Xilinx/Vitis_HLS/2023.1/common/technology/autopilot/etc/hls_exp_apfixed.h:2959:9: warning: HLS pragma dump _XLX_SEP_ PragmaIsValid=1_XLX_SEP_ PragmaType=unroll_XLX_SEP_ PragmaContext=_XLX_SEP_ PragmaFunction=exp10_XLX_SEP_ PragmaOptions=_XLX_SEP_ [-Wdump-hls-pragmas]
#pragma HLS unroll
        ^
C:/Xilinx/Vitis_HLS/2023.1/common/technology/autopilot/etc/hls_exp_apfixed.h:2974:9: warning: HLS pragma dump _XLX_SEP_ PragmaIsValid=1_XLX_SEP_ PragmaType=unroll_XLX_SEP_ PragmaContext=_XLX_SEP_ PragmaFunction=exp10_XLX_SEP_ PragmaOptions=_XLX_SEP_ [-Wdump-hls-pragmas]
#pragma HLS unroll
        ^
C:/Xilinx/Vitis_HLS/2023.1/common/technology/autopilot/etc/hls_exp_apfixed.h:3006:9: warning: HLS pragma dump _XLX_SEP_ PragmaIsValid=1_XLX_SEP_ PragmaType=unroll_XLX_SEP_ PragmaContext=_XLX_SEP_ PragmaFunction=exp10_XLX_SEP_ PragmaOptions=_XLX_SEP_ [-Wdump-hls-pragmas]
#pragma HLS unroll
        ^
C:/Xilinx/Vitis_HLS/2023.1/common/technology/autopilot/etc/hls_exp_apfixed.h:3013:9: warning: HLS pragma dump _XLX_SEP_ PragmaIsValid=1_XLX_SEP_ PragmaType=unroll_XLX_SEP_ PragmaContext=_XLX_SEP_ PragmaFunction=exp10_XLX_SEP_ PragmaOptions=_XLX_SEP_ [-Wdump-hls-pragmas]
#pragma HLS unroll
        ^
C:/Xilinx/Vitis_HLS/2023.1/common/technology/autopilot/etc/hls_exp_apfixed.h:3017:9: warning: HLS pragma dump _XLX_SEP_ PragmaIsValid=1_XLX_SEP_ PragmaType=unroll_XLX_SEP_ PragmaContext=_XLX_SEP_ PragmaFunction=exp10_XLX_SEP_ PragmaOptions=_XLX_SEP_ [-Wdump-hls-pragmas]
#pragma HLS unroll
        ^
C:/Xilinx/Vitis_HLS/2023.1/common/technology/autopilot/etc/hls_exp_apfixed.h:3032:9: warning: HLS pragma dump _XLX_SEP_ PragmaIsValid=1_XLX_SEP_ PragmaType=unroll_XLX_SEP_ PragmaContext=_XLX_SEP_ PragmaFunction=exp10_XLX_SEP_ PragmaOptions=_XLX_SEP_ [-Wdump-hls-pragmas]
#pragma HLS unroll
        ^
C:/Xilinx/Vitis_HLS/2023.1/common/technology/autopilot/etc/hls_exp_apfixed.h:3082:9: warning: HLS pragma dump _XLX_SEP_ PragmaIsValid=1_XLX_SEP_ PragmaType=unroll_XLX_SEP_ PragmaContext=_XLX_SEP_ PragmaFunction=exp10_XLX_SEP_ PragmaOptions=_XLX_SEP_ [-Wdump-hls-pragmas]
#pragma HLS unroll
        ^
C:/Xilinx/Vitis_HLS/2023.1/common/technology/autopilot/etc/hls_exp_apfixed.h:3089:9: warning: HLS pragma dump _XLX_SEP_ PragmaIsValid=1_XLX_SEP_ PragmaType=unroll_XLX_SEP_ PragmaContext=_XLX_SEP_ PragmaFunction=exp10_XLX_SEP_ PragmaOptions=_XLX_SEP_ [-Wdump-hls-pragmas]
#pragma HLS unroll
        ^
C:/Xilinx/Vitis_HLS/2023.1/common/technology/autopilot/etc/hls_exp_apfixed.h:3093:9: warning: HLS pragma dump _XLX_SEP_ PragmaIsValid=1_XLX_SEP_ PragmaType=unroll_XLX_SEP_ PragmaContext=_XLX_SEP_ PragmaFunction=exp10_XLX_SEP_ PragmaOptions=_XLX_SEP_ [-Wdump-hls-pragmas]
#pragma HLS unroll
        ^
C:/Xilinx/Vitis_HLS/2023.1/common/technology/autopilot/etc/hls_exp_apfixed.h:3108:9: warning: HLS pragma dump _XLX_SEP_ PragmaIsValid=1_XLX_SEP_ PragmaType=unroll_XLX_SEP_ PragmaContext=_XLX_SEP_ PragmaFunction=exp10_XLX_SEP_ PragmaOptions=_XLX_SEP_ [-Wdump-hls-pragmas]
#pragma HLS unroll
        ^
C:/Xilinx/Vitis_HLS/2023.1/common/technology/autopilot/etc/hls_exp_apfixed.h:3245:9: warning: HLS pragma dump _XLX_SEP_ PragmaIsValid=1_XLX_SEP_ PragmaType=unroll_XLX_SEP_ PragmaContext=_XLX_SEP_ PragmaFunction=exp10_XLX_SEP_ PragmaOptions=_XLX_SEP_ [-Wdump-hls-pragmas]
#pragma HLS unroll
        ^
C:/Xilinx/Vitis_HLS/2023.1/common/technology/autopilot/etc/hls_exp_apfixed.h:3252:9: warning: HLS pragma dump _XLX_SEP_ PragmaIsValid=1_XLX_SEP_ PragmaType=unroll_XLX_SEP_ PragmaContext=_XLX_SEP_ PragmaFunction=exp10_XLX_SEP_ PragmaOptions=_XLX_SEP_ [-Wdump-hls-pragmas]
#pragma HLS unroll
        ^
C:/Xilinx/Vitis_HLS/2023.1/common/technology/autopilot/etc/hls_exp_apfixed.h:3256:9: warning: HLS pragma dump _XLX_SEP_ PragmaIsValid=1_XLX_SEP_ PragmaType=unroll_XLX_SEP_ PragmaContext=_XLX_SEP_ PragmaFunction=exp10_XLX_SEP_ PragmaOptions=_XLX_SEP_ [-Wdump-hls-pragmas]
#pragma HLS unroll
        ^
C:/Xilinx/Vitis_HLS/2023.1/common/technology/autopilot/etc/hls_exp_apfixed.h:3271:9: warning: HLS pragma dump _XLX_SEP_ PragmaIsValid=1_XLX_SEP_ PragmaType=unroll_XLX_SEP_ PragmaContext=_XLX_SEP_ PragmaFunction=exp10_XLX_SEP_ PragmaOptions=_XLX_SEP_ [-Wdump-hls-pragmas]
#pragma HLS unroll
        ^
C:/Xilinx/Vitis_HLS/2023.1/common/technology/autopilot/etc/hls_exp_apfixed.h:3431:9: warning: HLS pragma dump _XLX_SEP_ PragmaIsValid=1_XLX_SEP_ PragmaType=unroll_XLX_SEP_ PragmaContext=_XLX_SEP_ PragmaFunction=exp10_XLX_SEP_ PragmaOptions=_XLX_SEP_ [-Wdump-hls-pragmas]
#pragma HLS unroll
        ^
C:/Xilinx/Vitis_HLS/2023.1/common/technology/autopilot/etc/hls_exp_apfixed.h:3438:9: warning: HLS pragma dump _XLX_SEP_ PragmaIsValid=1_XLX_SEP_ PragmaType=unroll_XLX_SEP_ PragmaContext=_XLX_SEP_ PragmaFunction=exp10_XLX_SEP_ PragmaOptions=_XLX_SEP_ [-Wdump-hls-pragmas]
#pragma HLS unroll
        ^
C:/Xilinx/Vitis_HLS/2023.1/common/technology/autopilot/etc/hls_exp_apfixed.h:3442:9: warning: HLS pragma dump _XLX_SEP_ PragmaIsValid=1_XLX_SEP_ PragmaType=unroll_XLX_SEP_ PragmaContext=_XLX_SEP_ PragmaFunction=exp10_XLX_SEP_ PragmaOptions=_XLX_SEP_ [-Wdump-hls-pragmas]
#pragma HLS unroll
        ^
In file included from audrey_4_hls/mfcc.cpp:2:
In file included from C:/Xilinx/Vitis_HLS/2023.1/common/technology/autopilot\hls_math.h:1068:
C:/Xilinx/Vitis_HLS/2023.1/common/technology/autopilot/etc/hls_log_apfixed.h:501:9: warning: HLS pragma dump _XLX_SEP_ PragmaIsValid=1_XLX_SEP_ PragmaType=pipeline_XLX_SEP_ PragmaContext=_XLX_SEP_ PragmaFunction=log_XLX_SEP_ PragmaOptions=_XLX_SEP_ [-Wdump-hls-pragmas]
#pragma HLS pipeline
        ^
C:/Xilinx/Vitis_HLS/2023.1/common/technology/autopilot/etc/hls_log_apfixed.h:730:9: warning: HLS pragma dump _XLX_SEP_ PragmaIsValid=1_XLX_SEP_ PragmaType=unroll_XLX_SEP_ PragmaContext=_XLX_SEP_ PragmaFunction=log_XLX_SEP_ PragmaOptions=_XLX_SEP_ [-Wdump-hls-pragmas]
#pragma HLS unroll
        ^
C:/Xilinx/Vitis_HLS/2023.1/common/technology/autopilot/etc/hls_log_apfixed.h:818:9: warning: HLS pragma dump _XLX_SEP_ PragmaIsValid=1_XLX_SEP_ PragmaType=pipeline_XLX_SEP_ PragmaContext=_XLX_SEP_ PragmaFunction=log10_XLX_SEP_ PragmaOptions=_XLX_SEP_ [-Wdump-hls-pragmas]
#pragma HLS pipeline
        ^
C:/Xilinx/Vitis_HLS/2023.1/common/technology/autopilot/etc/hls_log_apfixed.h:948:9: warning: HLS pragma dump _XLX_SEP_ PragmaIsValid=1_XLX_SEP_ PragmaType=unroll_XLX_SEP_ PragmaContext=_XLX_SEP_ PragmaFunction=log10_XLX_SEP_ PragmaOptions=_XLX_SEP_ [-Wdump-hls-pragmas]
#pragma HLS unroll
        ^
C:/Xilinx/Vitis_HLS/2023.1/common/technology/autopilot/etc/hls_log_apfixed.h:1094:9: warning: HLS pragma dump _XLX_SEP_ PragmaIsValid=1_XLX_SEP_ PragmaType=pipeline_XLX_SEP_ PragmaContext=_XLX_SEP_ PragmaFunction=log2_XLX_SEP_ PragmaOptions=_XLX_SEP_ [-Wdump-hls-pragmas]
#pragma HLS pipeline
        ^
C:/Xilinx/Vitis_HLS/2023.1/common/technology/autopilot/etc/hls_log_apfixed.h:1372:9: warning: HLS pragma dump _XLX_SEP_ PragmaIsValid=1_XLX_SEP_ PragmaType=unroll_XLX_SEP_ PragmaContext=_XLX_SEP_ PragmaFunction=log2_XLX_SEP_ PragmaOptions=_XLX_SEP_ [-Wdump-hls-pragmas]
#pragma HLS unroll
        ^
In file included from audrey_4_hls/mfcc.cpp:2:
In file included from C:/Xilinx/Vitis_HLS/2023.1/common/technology/autopilot\hls_math.h:1069:
C:/Xilinx/Vitis_HLS/2023.1/common/technology/autopilot/etc/hls_sqrt_apfixed.h:44:9: warning: HLS pragma dump _XLX_SEP_ PragmaIsValid=1_XLX_SEP_ PragmaType=pipeline_XLX_SEP_ PragmaContext=_XLX_SEP_ PragmaFunction=sqrt_fixed_XLX_SEP_ PragmaOptions=_XLX_SEP_ [-Wdump-hls-pragmas]
#pragma HLS pipeline
        ^
C:/Xilinx/Vitis_HLS/2023.1/common/technology/autopilot/etc/hls_sqrt_apfixed.h:267:9: warning: HLS pragma dump _XLX_SEP_ PragmaIsValid=1_XLX_SEP_ PragmaType=unroll_XLX_SEP_ PragmaContext=_XLX_SEP_ PragmaFunction=sqrt_fixed_XLX_SEP_ PragmaOptions=_XLX_SEP_ [-Wdump-hls-pragmas]
#pragma HLS unroll
        ^
C:/Xilinx/Vitis_HLS/2023.1/common/technology/autopilot/etc/hls_sqrt_apfixed.h:295:9: warning: HLS pragma dump _XLX_SEP_ PragmaIsValid=1_XLX_SEP_ PragmaType=unroll_XLX_SEP_ PragmaContext=_XLX_SEP_ PragmaFunction=sqrt_fixed_XLX_SEP_ PragmaOptions=_XLX_SEP_ [-Wdump-hls-pragmas]
#pragma HLS unroll
        ^
C:/Xilinx/Vitis_HLS/2023.1/common/technology/autopilot/etc/hls_sqrt_apfixed.h:393:9: warning: HLS pragma dump _XLX_SEP_ PragmaIsValid=1_XLX_SEP_ PragmaType=pipeline_XLX_SEP_ PragmaContext=_XLX_SEP_ PragmaFunction=rsqrt_fixed_XLX_SEP_ PragmaOptions=_XLX_SEP_ [-Wdump-hls-pragmas]
#pragma HLS pipeline
        ^
C:/Xilinx/Vitis_HLS/2023.1/common/technology/autopilot/etc/hls_sqrt_apfixed.h:440:9: warning: HLS pragma dump _XLX_SEP_ PragmaIsValid=1_XLX_SEP_ PragmaType=pipeline_XLX_SEP_ PragmaContext=_XLX_SEP_ PragmaFunction=recip_fixed_XLX_SEP_ PragmaOptions=_XLX_SEP_ [-Wdump-hls-pragmas]
#pragma HLS pipeline
        ^
In file included from audrey_4_hls/mfcc.cpp:2:
In file included from C:/Xilinx/Vitis_HLS/2023.1/common/technology/autopilot\hls_math.h:1070:
C:/Xilinx/Vitis_HLS/2023.1/common/technology/autopilot/etc/hls_round_copysign_apfixed.h:40:9: warning: HLS pragma dump _XLX_SEP_ PragmaIsValid=1_XLX_SEP_ PragmaType=pipeline_XLX_SEP_ PragmaContext=_XLX_SEP_ PragmaFunction=ceil_fixed_XLX_SEP_ PragmaOptions=_XLX_SEP_ [-Wdump-hls-pragmas]
#pragma HLS pipeline
        ^
C:/Xilinx/Vitis_HLS/2023.1/common/technology/autopilot/etc/hls_round_copysign_apfixed.h:57:9: warning: HLS pragma dump _XLX_SEP_ PragmaIsValid=1_XLX_SEP_ PragmaType=pipeline_XLX_SEP_ PragmaContext=_XLX_SEP_ PragmaFunction=ceil_fixed_XLX_SEP_ PragmaOptions=_XLX_SEP_ [-Wdump-hls-pragmas]
#pragma HLS pipeline
        ^
C:/Xilinx/Vitis_HLS/2023.1/common/technology/autopilot/etc/hls_round_copysign_apfixed.h:117:9: warning: HLS pragma dump _XLX_SEP_ PragmaIsValid=1_XLX_SEP_ PragmaType=pipeline_XLX_SEP_ PragmaContext=_XLX_SEP_ PragmaFunction=trunc_fixed_XLX_SEP_ PragmaOptions=_XLX_SEP_ [-Wdump-hls-pragmas]
#pragma HLS pipeline
        ^
C:/Xilinx/Vitis_HLS/2023.1/common/technology/autopilot/etc/hls_round_copysign_apfixed.h:203:9: warning: HLS pragma dump _XLX_SEP_ PragmaIsValid=1_XLX_SEP_ PragmaType=pipeline_XLX_SEP_ PragmaContext=_XLX_SEP_ PragmaFunction=round_fixed_XLX_SEP_ PragmaOptions=_XLX_SEP_ [-Wdump-hls-pragmas]
#pragma HLS pipeline
        ^
C:/Xilinx/Vitis_HLS/2023.1/common/technology/autopilot/etc/hls_round_copysign_apfixed.h:239:9: warning: HLS pragma dump _XLX_SEP_ PragmaIsValid=1_XLX_SEP_ PragmaType=pipeline_XLX_SEP_ PragmaContext=_XLX_SEP_ PragmaFunction=rint_fixed_XLX_SEP_ PragmaOptions=_XLX_SEP_ [-Wdump-hls-pragmas]
#pragma HLS pipeline
        ^
In file included from audrey_4_hls/mfcc.cpp:2:
In file included from C:/Xilinx/Vitis_HLS/2023.1/common/technology/autopilot\hls_math.h:1071:
C:/Xilinx/Vitis_HLS/2023.1/common/technology/autopilot/etc/hls_pow_apfixed.h:75:9: warning: HLS pragma dump _XLX_SEP_ PragmaIsValid=1_XLX_SEP_ PragmaType=unroll_XLX_SEP_ PragmaContext=_XLX_SEP_ PragmaFunction=pow_XLX_SEP_ PragmaOptions=_XLX_SEP_ [-Wdump-hls-pragmas]
#pragma HLS unroll
        ^
C:/Xilinx/Vitis_HLS/2023.1/common/technology/autopilot/etc/hls_pow_apfixed.h:136:9: warning: HLS pragma dump _XLX_SEP_ PragmaIsValid=1_XLX_SEP_ PragmaType=unroll_XLX_SEP_ PragmaContext=_XLX_SEP_ PragmaFunction=pow_XLX_SEP_ PragmaOptions=_XLX_SEP_ [-Wdump-hls-pragmas]
#pragma HLS unroll
        ^
C:/Xilinx/Vitis_HLS/2023.1/common/technology/autopilot/etc/hls_pow_apfixed.h:150:9: warning: HLS pragma dump _XLX_SEP_ PragmaIsValid=1_XLX_SEP_ PragmaType=unroll_XLX_SEP_ PragmaContext=_XLX_SEP_ PragmaFunction=pow_XLX_SEP_ PragmaOptions=_XLX_SEP_ [-Wdump-hls-pragmas]
#pragma HLS unroll
        ^
C:/Xilinx/Vitis_HLS/2023.1/common/technology/autopilot/etc/hls_pow_apfixed.h:180:9: warning: HLS pragma dump _XLX_SEP_ PragmaIsValid=1_XLX_SEP_ PragmaType=unroll_XLX_SEP_ PragmaContext=_XLX_SEP_ PragmaFunction=pow_XLX_SEP_ PragmaOptions=_XLX_SEP_ [-Wdump-hls-pragmas]
#pragma HLS unroll
        ^
C:/Xilinx/Vitis_HLS/2023.1/common/technology/autopilot/etc/hls_pow_apfixed.h:308:9: warning: HLS pragma dump _XLX_SEP_ PragmaIsValid=1_XLX_SEP_ PragmaType=unroll_XLX_SEP_ PragmaContext=_XLX_SEP_ PragmaFunction=pown_XLX_SEP_ PragmaOptions=_XLX_SEP_ [-Wdump-hls-pragmas]
#pragma HLS unroll
        ^
C:/Xilinx/Vitis_HLS/2023.1/common/technology/autopilot/etc/hls_pow_apfixed.h:328:9: warning: HLS pragma dump _XLX_SEP_ PragmaIsValid=1_XLX_SEP_ PragmaType=unroll_XLX_SEP_ PragmaContext=_XLX_SEP_ PragmaFunction=pown_XLX_SEP_ PragmaOptions=_XLX_SEP_ [-Wdump-hls-pragmas]
#pragma HLS unroll
        ^
C:/Xilinx/Vitis_HLS/2023.1/common/technology/autopilot/etc/hls_pow_apfixed.h:342:9: warning: HLS pragma dump _XLX_SEP_ PragmaIsValid=1_XLX_SEP_ PragmaType=unroll_XLX_SEP_ PragmaContext=_XLX_SEP_ PragmaFunction=pown_XLX_SEP_ PragmaOptions=_XLX_SEP_ [-Wdump-hls-pragmas]
#pragma HLS unroll
        ^
C:/Xilinx/Vitis_HLS/2023.1/common/technology/autopilot/etc/hls_pow_apfixed.h:460:9: warning: HLS pragma dump _XLX_SEP_ PragmaIsValid=1_XLX_SEP_ PragmaType=unroll_XLX_SEP_ PragmaContext=_XLX_SEP_ PragmaFunction=rootn_XLX_SEP_ PragmaOptions=_XLX_SEP_ [-Wdump-hls-pragmas]
#pragma HLS unroll
        ^
C:/Xilinx/Vitis_HLS/2023.1/common/technology/autopilot/etc/hls_pow_apfixed.h:474:9: warning: HLS pragma dump _XLX_SEP_ PragmaIsValid=1_XLX_SEP_ PragmaType=unroll_XLX_SEP_ PragmaContext=_XLX_SEP_ PragmaFunction=rootn_XLX_SEP_ PragmaOptions=_XLX_SEP_ [-Wdump-hls-pragmas]
#pragma HLS unroll
        ^
In file included from audrey_4_hls/mfcc.cpp:2:
In file included from C:/Xilinx/Vitis_HLS/2023.1/common/technology/autopilot\hls_math.h:1072:
C:/Xilinx/Vitis_HLS/2023.1/common/technology/autopilot/etc/hls_diff_apfixed.h:49:9: warning: HLS pragma dump _XLX_SEP_ PragmaIsValid=1_XLX_SEP_ PragmaType=pipeline_XLX_SEP_ PragmaContext=_XLX_SEP_ PragmaFunction=fdim_fixed_XLX_SEP_ PragmaOptions=II=1_XLX_SEP_ [-Wdump-hls-pragmas]
#pragma HLS PIPELINE II=1
        ^
C:/Xilinx/Vitis_HLS/2023.1/common/technology/autopilot/etc/hls_diff_apfixed.h:60:9: warning: HLS pragma dump _XLX_SEP_ PragmaIsValid=1_XLX_SEP_ PragmaType=unroll_XLX_SEP_ PragmaContext=_XLX_SEP_ PragmaFunction=fdim_fixed_XLX_SEP_ PragmaOptions=_XLX_SEP_ [-Wdump-hls-pragmas]
#pragma HLS UNROLL
        ^
C:/Xilinx/Vitis_HLS/2023.1/common/technology/autopilot/etc/hls_diff_apfixed.h:189:9: warning: HLS pragma dump _XLX_SEP_ PragmaIsValid=1_XLX_SEP_ PragmaType=pipeline_XLX_SEP_ PragmaContext=_XLX_SEP_ PragmaFunction=maxmag_fixed_XLX_SEP_ PragmaOptions=II=1_XLX_SEP_ [-Wdump-hls-pragmas]
#pragma HLS PIPELINE II=1
        ^
C:/Xilinx/Vitis_HLS/2023.1/common/technology/autopilot/etc/hls_diff_apfixed.h:210:9: warning: HLS pragma dump _XLX_SEP_ PragmaIsValid=1_XLX_SEP_ PragmaType=unroll_XLX_SEP_ PragmaContext=_XLX_SEP_ PragmaFunction=maxmag_fixed_XLX_SEP_ PragmaOptions=_XLX_SEP_ [-Wdump-hls-pragmas]
#pragma HLS UNROLL
        ^
C:/Xilinx/Vitis_HLS/2023.1/common/technology/autopilot/etc/hls_diff_apfixed.h:255:9: warning: HLS pragma dump _XLX_SEP_ PragmaIsValid=1_XLX_SEP_ PragmaType=pipeline_XLX_SEP_ PragmaContext=_XLX_SEP_ PragmaFunction=minmag_fixed_XLX_SEP_ PragmaOptions=II=1_XLX_SEP_ [-Wdump-hls-pragmas]
#pragma HLS PIPELINE II=1
        ^
C:/Xilinx/Vitis_HLS/2023.1/common/technology/autopilot/etc/hls_diff_apfixed.h:275:9: warning: HLS pragma dump _XLX_SEP_ PragmaIsValid=1_XLX_SEP_ PragmaType=unroll_XLX_SEP_ PragmaContext=_XLX_SEP_ PragmaFunction=minmag_fixed_XLX_SEP_ PragmaOptions=_XLX_SEP_ [-Wdump-hls-pragmas]
#pragma HLS UNROLL
        ^
In file included from audrey_4_hls/mfcc.cpp:2:
In file included from C:/Xilinx/Vitis_HLS/2023.1/common/technology/autopilot\hls_math.h:1074:
C:/Xilinx/Vitis_HLS/2023.1/common/technology/autopilot/etc/hls_frexp_apfixed.h:72:9: warning: HLS pragma dump _XLX_SEP_ PragmaIsValid=1_XLX_SEP_ PragmaType=pipeline_XLX_SEP_ PragmaContext=_XLX_SEP_ PragmaFunction=frexp_XLX_SEP_ PragmaOptions=II=1_XLX_SEP_ [-Wdump-hls-pragmas]
#pragma HLS pipeline II=1
        ^
In file included from audrey_4_hls/mfcc.cpp:2:
In file included from C:/Xilinx/Vitis_HLS/2023.1/common/technology/autopilot\hls_math.h:1076:
C:/Xilinx/Vitis_HLS/2023.1/common/technology/autopilot/etc/hls_isequal_isnotequal_apfixed.h:43:9: warning: HLS pragma dump _XLX_SEP_ PragmaIsValid=1_XLX_SEP_ PragmaType=pipeline_XLX_SEP_ PragmaContext=_XLX_SEP_ PragmaFunction=generic_isequal_XLX_SEP_ PragmaOptions=_XLX_SEP_ [-Wdump-hls-pragmas]
#pragma HLS pipeline
        ^
C:/Xilinx/Vitis_HLS/2023.1/common/technology/autopilot/etc/hls_isequal_isnotequal_apfixed.h:51:9: warning: HLS pragma dump _XLX_SEP_ PragmaIsValid=1_XLX_SEP_ PragmaType=pipeline_XLX_SEP_ PragmaContext=_XLX_SEP_ PragmaFunction=generic_isnotequal_XLX_SEP_ PragmaOptions=_XLX_SEP_ [-Wdump-hls-pragmas]
#pragma HLS pipeline
        ^
C:/Xilinx/Vitis_HLS/2023.1/common/technology/autopilot/etc/hls_isequal_isnotequal_apfixed.h:59:9: warning: HLS pragma dump _XLX_SEP_ PragmaIsValid=1_XLX_SEP_ PragmaType=pipeline_XLX_SEP_ PragmaContext=_XLX_SEP_ PragmaFunction=generic_isequal_XLX_SEP_ PragmaOptions=_XLX_SEP_ [-Wdump-hls-pragmas]
#pragma HLS pipeline
        ^
C:/Xilinx/Vitis_HLS/2023.1/common/technology/autopilot/etc/hls_isequal_isnotequal_apfixed.h:67:9: warning: HLS pragma dump _XLX_SEP_ PragmaIsValid=1_XLX_SEP_ PragmaType=pipeline_XLX_SEP_ PragmaContext=_XLX_SEP_ PragmaFunction=generic_isnotequal_XLX_SEP_ PragmaOptions=_XLX_SEP_ [-Wdump-hls-pragmas]
#pragma HLS pipeline
        ^
C:/Xilinx/Vitis_HLS/2023.1/common/technology/autopilot/etc/hls_isequal_isnotequal_apfixed.h:75:9: warning: HLS pragma dump _XLX_SEP_ PragmaIsValid=1_XLX_SEP_ PragmaType=pipeline_XLX_SEP_ PragmaContext=_XLX_SEP_ PragmaFunction=generic_isequal_XLX_SEP_ PragmaOptions=_XLX_SEP_ [-Wdump-hls-pragmas]
#pragma HLS pipeline
        ^
C:/Xilinx/Vitis_HLS/2023.1/common/technology/autopilot/etc/hls_isequal_isnotequal_apfixed.h:83:9: warning: HLS pragma dump _XLX_SEP_ PragmaIsValid=1_XLX_SEP_ PragmaType=pipeline_XLX_SEP_ PragmaContext=_XLX_SEP_ PragmaFunction=generic_isnotequal_XLX_SEP_ PragmaOptions=_XLX_SEP_ [-Wdump-hls-pragmas]
#pragma HLS pipeline
        ^
C:/Xilinx/Vitis_HLS/2023.1/common/technology/autopilot/etc/hls_isequal_isnotequal_apfixed.h:91:9: warning: HLS pragma dump _XLX_SEP_ PragmaIsValid=1_XLX_SEP_ PragmaType=pipeline_XLX_SEP_ PragmaContext=_XLX_SEP_ PragmaFunction=generic_isequal_XLX_SEP_ PragmaOptions=_XLX_SEP_ [-Wdump-hls-pragmas]
#pragma HLS pipeline
        ^
C:/Xilinx/Vitis_HLS/2023.1/common/technology/autopilot/etc/hls_isequal_isnotequal_apfixed.h:99:9: warning: HLS pragma dump _XLX_SEP_ PragmaIsValid=1_XLX_SEP_ PragmaType=pipeline_XLX_SEP_ PragmaContext=_XLX_SEP_ PragmaFunction=generic_isnotequal_XLX_SEP_ PragmaOptions=_XLX_SEP_ [-Wdump-hls-pragmas]
#pragma HLS pipeline
        ^
C:/Xilinx/Vitis_HLS/2023.1/common/technology/autopilot/etc/hls_isequal_isnotequal_apfixed.h:108:9: warning: HLS pragma dump _XLX_SEP_ PragmaIsValid=1_XLX_SEP_ PragmaType=pipeline_XLX_SEP_ PragmaContext=_XLX_SEP_ PragmaFunction=generic_isequal_XLX_SEP_ PragmaOptions=_XLX_SEP_ [-Wdump-hls-pragmas]
#pragma HLS pipeline
        ^
C:/Xilinx/Vitis_HLS/2023.1/common/technology/autopilot/etc/hls_isequal_isnotequal_apfixed.h:116:9: warning: HLS pragma dump _XLX_SEP_ PragmaIsValid=1_XLX_SEP_ PragmaType=pipeline_XLX_SEP_ PragmaContext=_XLX_SEP_ PragmaFunction=generic_isnotequal_XLX_SEP_ PragmaOptions=_XLX_SEP_ [-Wdump-hls-pragmas]
#pragma HLS pipeline
        ^
C:/Xilinx/Vitis_HLS/2023.1/common/technology/autopilot/etc/hls_isequal_isnotequal_apfixed.h:124:9: warning: HLS pragma dump _XLX_SEP_ PragmaIsValid=1_XLX_SEP_ PragmaType=pipeline_XLX_SEP_ PragmaContext=_XLX_SEP_ PragmaFunction=generic_isequal_XLX_SEP_ PragmaOptions=_XLX_SEP_ [-Wdump-hls-pragmas]
#pragma HLS pipeline
        ^
C:/Xilinx/Vitis_HLS/2023.1/common/technology/autopilot/etc/hls_isequal_isnotequal_apfixed.h:132:9: warning: HLS pragma dump _XLX_SEP_ PragmaIsValid=1_XLX_SEP_ PragmaType=pipeline_XLX_SEP_ PragmaContext=_XLX_SEP_ PragmaFunction=generic_isnotequal_XLX_SEP_ PragmaOptions=_XLX_SEP_ [-Wdump-hls-pragmas]
#pragma HLS pipeline
        ^
C:/Xilinx/Vitis_HLS/2023.1/common/technology/autopilot/etc/hls_isequal_isnotequal_apfixed.h:140:9: warning: HLS pragma dump _XLX_SEP_ PragmaIsValid=1_XLX_SEP_ PragmaType=pipeline_XLX_SEP_ PragmaContext=_XLX_SEP_ PragmaFunction=generic_isequal_XLX_SEP_ PragmaOptions=_XLX_SEP_ [-Wdump-hls-pragmas]
#pragma HLS pipeline
        ^
C:/Xilinx/Vitis_HLS/2023.1/common/technology/autopilot/etc/hls_isequal_isnotequal_apfixed.h:148:9: warning: HLS pragma dump _XLX_SEP_ PragmaIsValid=1_XLX_SEP_ PragmaType=pipeline_XLX_SEP_ PragmaContext=_XLX_SEP_ PragmaFunction=generic_isnotequal_XLX_SEP_ PragmaOptions=_XLX_SEP_ [-Wdump-hls-pragmas]
#pragma HLS pipeline
        ^
C:/Xilinx/Vitis_HLS/2023.1/common/technology/autopilot/etc/hls_isequal_isnotequal_apfixed.h:156:9: warning: HLS pragma dump _XLX_SEP_ PragmaIsValid=1_XLX_SEP_ PragmaType=pipeline_XLX_SEP_ PragmaContext=_XLX_SEP_ PragmaFunction=generic_isequal_XLX_SEP_ PragmaOptions=_XLX_SEP_ [-Wdump-hls-pragmas]
#pragma HLS pipeline
        ^
C:/Xilinx/Vitis_HLS/2023.1/common/technology/autopilot/etc/hls_isequal_isnotequal_apfixed.h:164:9: warning: HLS pragma dump _XLX_SEP_ PragmaIsValid=1_XLX_SEP_ PragmaType=pipeline_XLX_SEP_ PragmaContext=_XLX_SEP_ PragmaFunction=generic_isnotequal_XLX_SEP_ PragmaOptions=_XLX_SEP_ [-Wdump-hls-pragmas]
#pragma HLS pipeline
        ^
In file included from audrey_4_hls/mfcc.cpp:2:
In file included from C:/Xilinx/Vitis_HLS/2023.1/common/technology/autopilot\hls_math.h:1077:
C:/Xilinx/Vitis_HLS/2023.1/common/technology/autopilot/etc/hls_all_any_apfixed.h:41:9: warning: HLS pragma dump _XLX_SEP_ PragmaIsValid=1_XLX_SEP_ PragmaType=pipeline_XLX_SEP_ PragmaContext=_XLX_SEP_ PragmaFunction=generic_all_XLX_SEP_ PragmaOptions=II=1_XLX_SEP_ [-Wdump-hls-pragmas]
#pragma HLS pipeline II=1
        ^
C:/Xilinx/Vitis_HLS/2023.1/common/technology/autopilot/etc/hls_all_any_apfixed.h:52:9: warning: HLS pragma dump _XLX_SEP_ PragmaIsValid=1_XLX_SEP_ PragmaType=pipeline_XLX_SEP_ PragmaContext=_XLX_SEP_ PragmaFunction=generic_all_XLX_SEP_ PragmaOptions=II=1_XLX_SEP_ [-Wdump-hls-pragmas]
#pragma HLS pipeline II=1
        ^
C:/Xilinx/Vitis_HLS/2023.1/common/technology/autopilot/etc/hls_all_any_apfixed.h:63:9: warning: HLS pragma dump _XLX_SEP_ PragmaIsValid=1_XLX_SEP_ PragmaType=pipeline_XLX_SEP_ PragmaContext=_XLX_SEP_ PragmaFunction=generic_all_XLX_SEP_ PragmaOptions=II=1_XLX_SEP_ [-Wdump-hls-pragmas]
#pragma HLS pipeline II=1
        ^
C:/Xilinx/Vitis_HLS/2023.1/common/technology/autopilot/etc/hls_all_any_apfixed.h:74:9: warning: HLS pragma dump _XLX_SEP_ PragmaIsValid=1_XLX_SEP_ PragmaType=pipeline_XLX_SEP_ PragmaContext=_XLX_SEP_ PragmaFunction=generic_all_XLX_SEP_ PragmaOptions=II=1_XLX_SEP_ [-Wdump-hls-pragmas]
#pragma HLS pipeline II=1
        ^
C:/Xilinx/Vitis_HLS/2023.1/common/technology/autopilot/etc/hls_all_any_apfixed.h:85:9: warning: HLS pragma dump _XLX_SEP_ PragmaIsValid=1_XLX_SEP_ PragmaType=pipeline_XLX_SEP_ PragmaContext=_XLX_SEP_ PragmaFunction=generic_any_XLX_SEP_ PragmaOptions=II=1_XLX_SEP_ [-Wdump-hls-pragmas]
#pragma HLS pipeline II=1
        ^
C:/Xilinx/Vitis_HLS/2023.1/common/technology/autopilot/etc/hls_all_any_apfixed.h:96:9: warning: HLS pragma dump _XLX_SEP_ PragmaIsValid=1_XLX_SEP_ PragmaType=pipeline_XLX_SEP_ PragmaContext=_XLX_SEP_ PragmaFunction=generic_any_XLX_SEP_ PragmaOptions=II=1_XLX_SEP_ [-Wdump-hls-pragmas]
#pragma HLS pipeline II=1
        ^
C:/Xilinx/Vitis_HLS/2023.1/common/technology/autopilot/etc/hls_all_any_apfixed.h:107:9: warning: HLS pragma dump _XLX_SEP_ PragmaIsValid=1_XLX_SEP_ PragmaType=pipeline_XLX_SEP_ PragmaContext=_XLX_SEP_ PragmaFunction=generic_any_XLX_SEP_ PragmaOptions=II=1_XLX_SEP_ [-Wdump-hls-pragmas]
#pragma HLS pipeline II=1
        ^
C:/Xilinx/Vitis_HLS/2023.1/common/technology/autopilot/etc/hls_all_any_apfixed.h:118:9: warning: HLS pragma dump _XLX_SEP_ PragmaIsValid=1_XLX_SEP_ PragmaType=pipeline_XLX_SEP_ PragmaContext=_XLX_SEP_ PragmaFunction=generic_any_XLX_SEP_ PragmaOptions=II=1_XLX_SEP_ [-Wdump-hls-pragmas]
#pragma HLS pipeline II=1
        ^
In file included from audrey_4_hls/mfcc.cpp:2:
In file included from C:/Xilinx/Vitis_HLS/2023.1/common/technology/autopilot\hls_math.h:1078:
C:/Xilinx/Vitis_HLS/2023.1/common/technology/autopilot/etc/hls_select_bitselect_apfixed.h:65:9: warning: HLS pragma dump _XLX_SEP_ PragmaIsValid=1_XLX_SEP_ PragmaType=pipeline_XLX_SEP_ PragmaContext=_XLX_SEP_ PragmaFunction=generic_bitselect_XLX_SEP_ PragmaOptions=_XLX_SEP_ [-Wdump-hls-pragmas]
#pragma HLS pipeline
        ^
C:/Xilinx/Vitis_HLS/2023.1/common/technology/autopilot/etc/hls_select_bitselect_apfixed.h:73:9: warning: HLS pragma dump _XLX_SEP_ PragmaIsValid=1_XLX_SEP_ PragmaType=pipeline_XLX_SEP_ PragmaContext=_XLX_SEP_ PragmaFunction=generic_bitselect_XLX_SEP_ PragmaOptions=_XLX_SEP_ [-Wdump-hls-pragmas]
#pragma HLS pipeline
        ^
C:/Xilinx/Vitis_HLS/2023.1/common/technology/autopilot/etc/hls_select_bitselect_apfixed.h:81:9: warning: HLS pragma dump _XLX_SEP_ PragmaIsValid=1_XLX_SEP_ PragmaType=pipeline_XLX_SEP_ PragmaContext=_XLX_SEP_ PragmaFunction=generic_bitselect_XLX_SEP_ PragmaOptions=_XLX_SEP_ [-Wdump-hls-pragmas]
#pragma HLS pipeline
        ^
C:/Xilinx/Vitis_HLS/2023.1/common/technology/autopilot/etc/hls_select_bitselect_apfixed.h:88:9: warning: HLS pragma dump _XLX_SEP_ PragmaIsValid=1_XLX_SEP_ PragmaType=pipeline_XLX_SEP_ PragmaContext=_XLX_SEP_ PragmaFunction=generic_bitselect_XLX_SEP_ PragmaOptions=_XLX_SEP_ [-Wdump-hls-pragmas]
#pragma HLS pipeline
        ^
In file included from audrey_4_hls/mfcc.cpp:2:
In file included from C:/Xilinx/Vitis_HLS/2023.1/common/technology/autopilot\hls_math.h:1079:
C:/Xilinx/Vitis_HLS/2023.1/common/technology/autopilot/etc/hls_erf_apfixed.h:516:9: warning: HLS pragma dump _XLX_SEP_ PragmaIsValid=1_XLX_SEP_ PragmaType=pipeline_XLX_SEP_ PragmaContext=_XLX_SEP_ PragmaFunction=erfc_XLX_SEP_ PragmaOptions=II=1_XLX_SEP_ [-Wdump-hls-pragmas]
#pragma HLS PIPELINE II=1
        ^
In file included from audrey_4_hls/mfcc.cpp:2:
In file included from C:/Xilinx/Vitis_HLS/2023.1/common/technology/autopilot\hls_math.h:1081:
C:/Xilinx/Vitis_HLS/2023.1/common/technology/autopilot/etc/hls_lgamma_apfixed.h:43:9: warning: HLS pragma dump _XLX_SEP_ PragmaIsValid=1_XLX_SEP_ PragmaType=pipeline_XLX_SEP_ PragmaContext=_XLX_SEP_ PragmaFunction=lgamma_generic_XLX_SEP_ PragmaOptions=_XLX_SEP_ [-Wdump-hls-pragmas]
#pragma HLS pipeline
        ^
In file included from audrey_4_hls/mfcc.cpp:2:
In file included from C:/Xilinx/Vitis_HLS/2023.1/common/technology/autopilot\hls_math.h:1082:
C:/Xilinx/Vitis_HLS/2023.1/common/technology/autopilot/etc/hls_tgamma_apfixed.h:44:9: warning: HLS pragma dump _XLX_SEP_ PragmaIsValid=1_XLX_SEP_ PragmaType=pipeline_XLX_SEP_ PragmaContext=_XLX_SEP_ PragmaFunction=tgamma_generic_XLX_SEP_ PragmaOptions=_XLX_SEP_ [-Wdump-hls-pragmas]
#pragma HLS pipeline
        ^
In file included from audrey_4_hls/mfcc.cpp:2:
In file included from C:/Xilinx/Vitis_HLS/2023.1/common/technology/autopilot\hls_math.h:1084:
C:/Xilinx/Vitis_HLS/2023.1/common/technology/autopilot/etc/hls_mad_apfixed.h:24:9: warning: HLS pragma dump _XLX_SEP_ PragmaIsValid=1_XLX_SEP_ PragmaType=unroll_XLX_SEP_ PragmaContext=_XLX_SEP_ PragmaFunction=generic_mad_XLX_SEP_ PragmaOptions=_XLX_SEP_ [-Wdump-hls-pragmas]
#pragma HLS unroll
        ^
In file included from audrey_4_hls/mfcc.cpp:2:
In file included from C:/Xilinx/Vitis_HLS/2023.1/common/technology/autopilot\hls_math.h:1086:
C:/Xilinx/Vitis_HLS/2023.1/common/technology/autopilot/etc/hls_hypot_apfixed.h:196:9: warning: HLS pragma dump _XLX_SEP_ PragmaIsValid=1_XLX_SEP_ PragmaType=unroll_XLX_SEP_ PragmaContext=_XLX_SEP_ PragmaFunction=hypot_fixed_XLX_SEP_ PragmaOptions=_XLX_SEP_ [-Wdump-hls-pragmas]
#pragma HLS unroll
        ^
In file included from audrey_4_hls/mfcc.cpp:3:
C:/Xilinx/Vitis_HLS/2023.1/common/technology/autopilot\hls_fft.h:100:77: warning: unused parameter 'data_type' [-Wunused-parameter]
      inline __attribute__((always_inline)) void checkBitWidth(ip_fft::type data_type = ip_fft::fixed_point)
                                                                            ^
C:/Xilinx/Vitis_HLS/2023.1/common/technology/autopilot\hls_fft.h:125:65: warning: unused parameter 'has_nfft' [-Wunused-parameter]
      inline __attribute__((always_inline)) void checkNfft(bool has_nfft)
                                                                ^
C:/Xilinx/Vitis_HLS/2023.1/common/technology/autopilot\hls_fft.h:138:66: warning: unused parameter 'cp_len_enable' [-Wunused-parameter]
      inline __attribute__((always_inline)) void checkCpLen(bool cp_len_enable)
                                                                 ^
C:/Xilinx/Vitis_HLS/2023.1/common/technology/autopilot\hls_fft.h:151:68: warning: unused parameter 'scaling_opt' [-Wunused-parameter]
      inline __attribute__((always_inline)) void checkSch(unsigned scaling_opt)
                                                                   ^
C:/Xilinx/Vitis_HLS/2023.1/common/technology/autopilot\hls_fft.h:315:71: warning: unused parameter 'scaling_opt' [-Wunused-parameter]
      inline __attribute__((always_inline)) void checkBlkExp(unsigned scaling_opt)
                                                                      ^
C:/Xilinx/Vitis_HLS/2023.1/common/technology/autopilot\hls_fft.h:328:66: warning: unused parameter 'has_ovflo' [-Wunused-parameter]
      inline __attribute__((always_inline)) void checkOvflo(bool has_ovflo)
                                                                 ^
C:/Xilinx/Vitis_HLS/2023.1/common/technology/autopilot\hls_fft.h:413:9: warning: HLS pragma dump _XLX_SEP_ PragmaIsValid=1_XLX_SEP_ PragmaType=stream_XLX_SEP_ PragmaContext=_XLX_SEP_ PragmaFunction=fft_core_XLX_SEP_ PragmaOptions=variable=xn_XLX_SEP_ [-Wdump-hls-pragmas]
#pragma HLS stream variable=xn
        ^
C:/Xilinx/Vitis_HLS/2023.1/common/technology/autopilot\hls_fft.h:414:9: warning: HLS pragma dump _XLX_SEP_ PragmaIsValid=1_XLX_SEP_ PragmaType=stream_XLX_SEP_ PragmaContext=_XLX_SEP_ PragmaFunction=fft_core_XLX_SEP_ PragmaOptions=variable=xk_XLX_SEP_ [-Wdump-hls-pragmas]
#pragma HLS stream variable=xk
        ^
C:/Xilinx/Vitis_HLS/2023.1/common/technology/autopilot\hls_fft.h:415:9: warning: HLS pragma dump _XLX_SEP_ PragmaIsValid=1_XLX_SEP_ PragmaType=inline_XLX_SEP_ PragmaContext=_XLX_SEP_ PragmaFunction=fft_core_XLX_SEP_ PragmaOptions=_XLX_SEP_ [-Wdump-hls-pragmas]
#pragma HLS inline
        ^
C:/Xilinx/Vitis_HLS/2023.1/common/technology/autopilot\hls_fft.h:454:9: warning: HLS pragma dump _XLX_SEP_ PragmaIsValid=1_XLX_SEP_ PragmaType=unroll_XLX_SEP_ PragmaContext=_XLX_SEP_ PragmaFunction=fft_core_XLX_SEP_ PragmaOptions=_XLX_SEP_ [-Wdump-hls-pragmas]
#pragma HLS unroll
        ^
C:/Xilinx/Vitis_HLS/2023.1/common/technology/autopilot\hls_fft.h:799:9: warning: HLS pragma dump _XLX_SEP_ PragmaIsValid=1_XLX_SEP_ PragmaType=inline_XLX_SEP_ PragmaContext=_XLX_SEP_ PragmaFunction=fft_core_XLX_SEP_ PragmaOptions=_XLX_SEP_ [-Wdump-hls-pragmas]
#pragma HLS inline
        ^
In file included from audrey_4_hls/mfcc.cpp:3:
In file included from C:/Xilinx/Vitis_HLS/2023.1/common/technology/autopilot\hls_fft.h:870:
C:/Xilinx/Vitis_HLS/2023.1/common/technology/autopilot/etc/hls_fft_x_complex.h:57:9: warning: HLS pragma dump _XLX_SEP_ PragmaIsValid=1_XLX_SEP_ PragmaType=inline_XLX_SEP_ PragmaContext=_XLX_SEP_ PragmaFunction=fft_core_XLX_SEP_ PragmaOptions=_XLX_SEP_ [-Wdump-hls-pragmas]
#pragma HLS inline
        ^
C:/Xilinx/Vitis_HLS/2023.1/common/technology/autopilot/etc/hls_fft_x_complex.h:96:9: warning: HLS pragma dump _XLX_SEP_ PragmaIsValid=1_XLX_SEP_ PragmaType=unroll_XLX_SEP_ PragmaContext=_XLX_SEP_ PragmaFunction=fft_core_XLX_SEP_ PragmaOptions=_XLX_SEP_ [-Wdump-hls-pragmas]
#pragma HLS unroll
        ^
C:/Xilinx/Vitis_HLS/2023.1/common/technology/autopilot/etc/hls_fft_x_complex.h:442:9: warning: HLS pragma dump _XLX_SEP_ PragmaIsValid=1_XLX_SEP_ PragmaType=inline_XLX_SEP_ PragmaContext=_XLX_SEP_ PragmaFunction=fft_core_XLX_SEP_ PragmaOptions=_XLX_SEP_ [-Wdump-hls-pragmas]
#pragma HLS inline
        ^
C:/Xilinx/Vitis_HLS/2023.1/common/technology/autopilot/etc/hls_fft_x_complex.h:518:9: warning: HLS pragma dump _XLX_SEP_ PragmaIsValid=1_XLX_SEP_ PragmaType=inline_XLX_SEP_ PragmaContext=_XLX_SEP_ PragmaFunction=fft_syn_XLX_SEP_ PragmaOptions=off_XLX_SEP_ [-Wdump-hls-pragmas]
#pragma HLS inline off
        ^
C:/Xilinx/Vitis_HLS/2023.1/common/technology/autopilot/etc/hls_fft_x_complex.h:520:9: warning: HLS pragma dump _XLX_SEP_ PragmaIsValid=1_XLX_SEP_ PragmaType=aggregate_XLX_SEP_ PragmaContext=_XLX_SEP_ PragmaFunction=fft_syn_XLX_SEP_ PragmaOptions=variable=xn_XLX_SEP_ [-Wdump-hls-pragmas]
#pragma HLS aggregate variable=xn
        ^
C:/Xilinx/Vitis_HLS/2023.1/common/technology/autopilot/etc/hls_fft_x_complex.h:521:9: warning: HLS pragma dump _XLX_SEP_ PragmaIsValid=1_XLX_SEP_ PragmaType=aggregate_XLX_SEP_ PragmaContext=_XLX_SEP_ PragmaFunction=fft_syn_XLX_SEP_ PragmaOptions=variable=xk_XLX_SEP_ [-Wdump-hls-pragmas]
#pragma HLS aggregate variable=xk
        ^
C:/Xilinx/Vitis_HLS/2023.1/common/technology/autopilot/etc/hls_fft_x_complex.h:523:9: warning: HLS pragma dump _XLX_SEP_ PragmaIsValid=1_XLX_SEP_ PragmaType=stream_XLX_SEP_ PragmaContext=_XLX_SEP_ PragmaFunction=fft_syn_XLX_SEP_ PragmaOptions=variable=xn_XLX_SEP_ [-Wdump-hls-pragmas]
#pragma HLS stream variable=xn
        ^
C:/Xilinx/Vitis_HLS/2023.1/common/technology/autopilot/etc/hls_fft_x_complex.h:524:9: warning: HLS pragma dump _XLX_SEP_ PragmaIsValid=1_XLX_SEP_ PragmaType=stream_XLX_SEP_ PragmaContext=_XLX_SEP_ PragmaFunction=fft_syn_XLX_SEP_ PragmaOptions=variable=xk_XLX_SEP_ [-Wdump-hls-pragmas]
#pragma HLS stream variable=xk
        ^
C:/Xilinx/Vitis_HLS/2023.1/common/technology/autopilot/etc/hls_fft_x_complex.h:583:9: warning: HLS pragma dump _XLX_SEP_ PragmaIsValid=1_XLX_SEP_ PragmaType=inline_XLX_SEP_ PragmaContext=_XLX_SEP_ PragmaFunction=fft_syn_XLX_SEP_ PragmaOptions=off_XLX_SEP_ [-Wdump-hls-pragmas]
#pragma HLS inline off
        ^
C:/Xilinx/Vitis_HLS/2023.1/common/technology/autopilot/etc/hls_fft_x_complex.h:585:9: warning: HLS pragma dump _XLX_SEP_ PragmaIsValid=1_XLX_SEP_ PragmaType=aggregate_XLX_SEP_ PragmaContext=_XLX_SEP_ PragmaFunction=fft_syn_XLX_SEP_ PragmaOptions=variable=xn_XLX_SEP_ [-Wdump-hls-pragmas]
#pragma HLS aggregate variable=xn
        ^
C:/Xilinx/Vitis_HLS/2023.1/common/technology/autopilot/etc/hls_fft_x_complex.h:586:9: warning: HLS pragma dump _XLX_SEP_ PragmaIsValid=1_XLX_SEP_ PragmaType=aggregate_XLX_SEP_ PragmaContext=_XLX_SEP_ PragmaFunction=fft_syn_XLX_SEP_ PragmaOptions=variable=xk_XLX_SEP_ [-Wdump-hls-pragmas]
#pragma HLS aggregate variable=xk
        ^
C:/Xilinx/Vitis_HLS/2023.1/common/technology/autopilot/etc/hls_fft_x_complex.h:588:9: warning: HLS pragma dump _XLX_SEP_ PragmaIsValid=1_XLX_SEP_ PragmaType=stream_XLX_SEP_ PragmaContext=_XLX_SEP_ PragmaFunction=fft_syn_XLX_SEP_ PragmaOptions=variable=xn_XLX_SEP_ [-Wdump-hls-pragmas]
#pragma HLS stream variable=xn
        ^
C:/Xilinx/Vitis_HLS/2023.1/common/technology/autopilot/etc/hls_fft_x_complex.h:589:9: warning: HLS pragma dump _XLX_SEP_ PragmaIsValid=1_XLX_SEP_ PragmaType=stream_XLX_SEP_ PragmaContext=_XLX_SEP_ PragmaFunction=fft_syn_XLX_SEP_ PragmaOptions=variable=xk_XLX_SEP_ [-Wdump-hls-pragmas]
#pragma HLS stream variable=xk
        ^
C:/Xilinx/Vitis_HLS/2023.1/common/technology/autopilot/etc/hls_fft_x_complex.h:706:9: warning: HLS pragma dump _XLX_SEP_ PragmaIsValid=1_XLX_SEP_ PragmaType=dataflow_XLX_SEP_ PragmaContext=_XLX_SEP_ PragmaFunction=fft_XLX_SEP_ PragmaOptions=disable_start_propagation_XLX_SEP_ [-Wdump-hls-pragmas]
#pragma HLS dataflow disable_start_propagation
        ^
C:/Xilinx/Vitis_HLS/2023.1/common/technology/autopilot/etc/hls_fft_x_complex.h:707:9: warning: HLS pragma dump _XLX_SEP_ PragmaIsValid=1_XLX_SEP_ PragmaType=interface_XLX_SEP_ PragmaContext=_XLX_SEP_ PragmaFunction=fft_XLX_SEP_ PragmaOptions=ap_ctrl_none port=return_XLX_SEP_ [-Wdump-hls-pragmas]
#pragma HLS interface ap_ctrl_none port=return
        ^
C:/Xilinx/Vitis_HLS/2023.1/common/technology/autopilot/etc/hls_fft_x_complex.h:738:9: warning: HLS pragma dump _XLX_SEP_ PragmaIsValid=1_XLX_SEP_ PragmaType=inline_XLX_SEP_ PragmaContext=_XLX_SEP_ PragmaFunction=fft_XLX_SEP_ PragmaOptions=_XLX_SEP_ [-Wdump-hls-pragmas]
#pragma HLS inline
        ^
C:/Xilinx/Vitis_HLS/2023.1/common/technology/autopilot/etc/hls_fft_x_complex.h:740:9: warning: HLS pragma dump _XLX_SEP_ PragmaIsValid=1_XLX_SEP_ PragmaType=stream_XLX_SEP_ PragmaContext=_XLX_SEP_ PragmaFunction=fft_XLX_SEP_ PragmaOptions=variable=xn_XLX_SEP_ [-Wdump-hls-pragmas]
#pragma HLS stream variable=xn
        ^
C:/Xilinx/Vitis_HLS/2023.1/common/technology/autopilot/etc/hls_fft_x_complex.h:741:9: warning: HLS pragma dump _XLX_SEP_ PragmaIsValid=1_XLX_SEP_ PragmaType=stream_XLX_SEP_ PragmaContext=_XLX_SEP_ PragmaFunction=fft_XLX_SEP_ PragmaOptions=variable=xk_XLX_SEP_ [-Wdump-hls-pragmas]
#pragma HLS stream variable=xk
        ^
C:/Xilinx/Vitis_HLS/2023.1/common/technology/autopilot/etc/hls_fft_x_complex.h:764:9: warning: HLS pragma dump _XLX_SEP_ PragmaIsValid=1_XLX_SEP_ PragmaType=inline_XLX_SEP_ PragmaContext=_XLX_SEP_ PragmaFunction=fft_XLX_SEP_ PragmaOptions=off_XLX_SEP_ [-Wdump-hls-pragmas]
#pragma HLS inline off
        ^
C:/Xilinx/Vitis_HLS/2023.1/common/technology/autopilot/etc/hls_fft_x_complex.h:766:9: warning: HLS pragma dump _XLX_SEP_ PragmaIsValid=1_XLX_SEP_ PragmaType=stream_XLX_SEP_ PragmaContext=_XLX_SEP_ PragmaFunction=fft_XLX_SEP_ PragmaOptions=variable=xn_XLX_SEP_ [-Wdump-hls-pragmas]
#pragma HLS stream variable=xn
        ^
C:/Xilinx/Vitis_HLS/2023.1/common/technology/autopilot/etc/hls_fft_x_complex.h:767:9: warning: HLS pragma dump _XLX_SEP_ PragmaIsValid=1_XLX_SEP_ PragmaType=stream_XLX_SEP_ PragmaContext=_XLX_SEP_ PragmaFunction=fft_XLX_SEP_ PragmaOptions=variable=xk_XLX_SEP_ [-Wdump-hls-pragmas]
#pragma HLS stream variable=xk
        ^
C:/Xilinx/Vitis_HLS/2023.1/common/technology/autopilot/etc/hls_fft_x_complex.h:770:9: warning: HLS pragma dump _XLX_SEP_ PragmaIsValid=1_XLX_SEP_ PragmaType=array_reshape_XLX_SEP_ PragmaContext=_XLX_SEP_ PragmaFunction=fft_XLX_SEP_ PragmaOptions=dim=1 variable=xn_XLX_SEP_ [-Wdump-hls-pragmas]
#pragma HLS array_reshape dim=1 variable=xn
        ^
C:/Xilinx/Vitis_HLS/2023.1/common/technology/autopilot/etc/hls_fft_x_complex.h:771:9: warning: HLS pragma dump _XLX_SEP_ PragmaIsValid=1_XLX_SEP_ PragmaType=array_reshape_XLX_SEP_ PragmaContext=_XLX_SEP_ PragmaFunction=fft_XLX_SEP_ PragmaOptions=dim=1 variable=xk_XLX_SEP_ [-Wdump-hls-pragmas]
#pragma HLS array_reshape dim=1 variable=xk
        ^
C:/Xilinx/Vitis_HLS/2023.1/common/technology/autopilot/etc/hls_fft_x_complex.h:830:9: warning: HLS pragma dump _XLX_SEP_ PragmaIsValid=1_XLX_SEP_ PragmaType=inline_XLX_SEP_ PragmaContext=_XLX_SEP_ PragmaFunction=fft_syn_XLX_SEP_ PragmaOptions=off_XLX_SEP_ [-Wdump-hls-pragmas]
#pragma HLS inline off
        ^
C:/Xilinx/Vitis_HLS/2023.1/common/technology/autopilot/etc/hls_fft_x_complex.h:832:9: warning: HLS pragma dump _XLX_SEP_ PragmaIsValid=1_XLX_SEP_ PragmaType=aggregate_XLX_SEP_ PragmaContext=_XLX_SEP_ PragmaFunction=fft_syn_XLX_SEP_ PragmaOptions=variable=xn_XLX_SEP_ [-Wdump-hls-pragmas]
#pragma HLS aggregate variable=xn
        ^
C:/Xilinx/Vitis_HLS/2023.1/common/technology/autopilot/etc/hls_fft_x_complex.h:833:9: warning: HLS pragma dump _XLX_SEP_ PragmaIsValid=1_XLX_SEP_ PragmaType=aggregate_XLX_SEP_ PragmaContext=_XLX_SEP_ PragmaFunction=fft_syn_XLX_SEP_ PragmaOptions=variable=xk_XLX_SEP_ [-Wdump-hls-pragmas]
#pragma HLS aggregate variable=xk
        ^
C:/Xilinx/Vitis_HLS/2023.1/common/technology/autopilot/etc/hls_fft_x_complex.h:835:9: warning: HLS pragma dump _XLX_SEP_ PragmaIsValid=1_XLX_SEP_ PragmaType=stream_XLX_SEP_ PragmaContext=_XLX_SEP_ PragmaFunction=fft_syn_XLX_SEP_ PragmaOptions=variable=xn_XLX_SEP_ [-Wdump-hls-pragmas]
#pragma HLS stream variable=xn
        ^
C:/Xilinx/Vitis_HLS/2023.1/common/technology/autopilot/etc/hls_fft_x_complex.h:836:9: warning: HLS pragma dump _XLX_SEP_ PragmaIsValid=1_XLX_SEP_ PragmaType=stream_XLX_SEP_ PragmaContext=_XLX_SEP_ PragmaFunction=fft_syn_XLX_SEP_ PragmaOptions=variable=xk_XLX_SEP_ [-Wdump-hls-pragmas]
#pragma HLS stream variable=xk
        ^
C:/Xilinx/Vitis_HLS/2023.1/common/technology/autopilot/etc/hls_fft_x_complex.h:886:9: warning: HLS pragma dump _XLX_SEP_ PragmaIsValid=1_XLX_SEP_ PragmaType=inline_XLX_SEP_ PragmaContext=_XLX_SEP_ PragmaFunction=fft_syn_XLX_SEP_ PragmaOptions=off_XLX_SEP_ [-Wdump-hls-pragmas]
#pragma HLS inline off
        ^
C:/Xilinx/Vitis_HLS/2023.1/common/technology/autopilot/etc/hls_fft_x_complex.h:888:9: warning: HLS pragma dump _XLX_SEP_ PragmaIsValid=1_XLX_SEP_ PragmaType=aggregate_XLX_SEP_ PragmaContext=_XLX_SEP_ PragmaFunction=fft_syn_XLX_SEP_ PragmaOptions=variable=xn_XLX_SEP_ [-Wdump-hls-pragmas]
#pragma HLS aggregate variable=xn
        ^
C:/Xilinx/Vitis_HLS/2023.1/common/technology/autopilot/etc/hls_fft_x_complex.h:889:9: warning: HLS pragma dump _XLX_SEP_ PragmaIsValid=1_XLX_SEP_ PragmaType=aggregate_XLX_SEP_ PragmaContext=_XLX_SEP_ PragmaFunction=fft_syn_XLX_SEP_ PragmaOptions=variable=xk_XLX_SEP_ [-Wdump-hls-pragmas]
#pragma HLS aggregate variable=xk
        ^
C:/Xilinx/Vitis_HLS/2023.1/common/technology/autopilot/etc/hls_fft_x_complex.h:891:9: warning: HLS pragma dump _XLX_SEP_ PragmaIsValid=1_XLX_SEP_ PragmaType=stream_XLX_SEP_ PragmaContext=_XLX_SEP_ PragmaFunction=fft_syn_XLX_SEP_ PragmaOptions=variable=xn_XLX_SEP_ [-Wdump-hls-pragmas]
#pragma HLS stream variable=xn
        ^
C:/Xilinx/Vitis_HLS/2023.1/common/technology/autopilot/etc/hls_fft_x_complex.h:892:9: warning: HLS pragma dump _XLX_SEP_ PragmaIsValid=1_XLX_SEP_ PragmaType=stream_XLX_SEP_ PragmaContext=_XLX_SEP_ PragmaFunction=fft_syn_XLX_SEP_ PragmaOptions=variable=xk_XLX_SEP_ [-Wdump-hls-pragmas]
#pragma HLS stream variable=xk
        ^
C:/Xilinx/Vitis_HLS/2023.1/common/technology/autopilot/etc/hls_fft_x_complex.h:961:9: warning: HLS pragma dump _XLX_SEP_ PragmaIsValid=1_XLX_SEP_ PragmaType=dataflow_XLX_SEP_ PragmaContext=_XLX_SEP_ PragmaFunction=fft_XLX_SEP_ PragmaOptions=disable_start_propagation_XLX_SEP_ [-Wdump-hls-pragmas]
#pragma HLS dataflow disable_start_propagation
        ^
C:/Xilinx/Vitis_HLS/2023.1/common/technology/autopilot/etc/hls_fft_x_complex.h:962:9: warning: HLS pragma dump _XLX_SEP_ PragmaIsValid=1_XLX_SEP_ PragmaType=interface_XLX_SEP_ PragmaContext=_XLX_SEP_ PragmaFunction=fft_XLX_SEP_ PragmaOptions=ap_ctrl_none port=return_XLX_SEP_ [-Wdump-hls-pragmas]
#pragma HLS interface ap_ctrl_none port=return
        ^
C:/Xilinx/Vitis_HLS/2023.1/common/technology/autopilot/etc/hls_fft_x_complex.h:988:9: warning: HLS pragma dump _XLX_SEP_ PragmaIsValid=1_XLX_SEP_ PragmaType=inline_XLX_SEP_ PragmaContext=_XLX_SEP_ PragmaFunction=fft_XLX_SEP_ PragmaOptions=_XLX_SEP_ [-Wdump-hls-pragmas]
#pragma HLS inline
        ^
C:/Xilinx/Vitis_HLS/2023.1/common/technology/autopilot/etc/hls_fft_x_complex.h:990:9: warning: HLS pragma dump _XLX_SEP_ PragmaIsValid=1_XLX_SEP_ PragmaType=stream_XLX_SEP_ PragmaContext=_XLX_SEP_ PragmaFunction=fft_XLX_SEP_ PragmaOptions=variable=xn_XLX_SEP_ [-Wdump-hls-pragmas]
#pragma HLS stream variable=xn
        ^
C:/Xilinx/Vitis_HLS/2023.1/common/technology/autopilot/etc/hls_fft_x_complex.h:991:9: warning: HLS pragma dump _XLX_SEP_ PragmaIsValid=1_XLX_SEP_ PragmaType=stream_XLX_SEP_ PragmaContext=_XLX_SEP_ PragmaFunction=fft_XLX_SEP_ PragmaOptions=variable=xk_XLX_SEP_ [-Wdump-hls-pragmas]
#pragma HLS stream variable=xk
        ^
C:/Xilinx/Vitis_HLS/2023.1/common/technology/autopilot/etc/hls_fft_x_complex.h:1014:9: warning: HLS pragma dump _XLX_SEP_ PragmaIsValid=1_XLX_SEP_ PragmaType=inline_XLX_SEP_ PragmaContext=_XLX_SEP_ PragmaFunction=fft_XLX_SEP_ PragmaOptions=off_XLX_SEP_ [-Wdump-hls-pragmas]
#pragma HLS inline off
        ^
C:/Xilinx/Vitis_HLS/2023.1/common/technology/autopilot/etc/hls_fft_x_complex.h:1016:9: warning: HLS pragma dump _XLX_SEP_ PragmaIsValid=1_XLX_SEP_ PragmaType=stream_XLX_SEP_ PragmaContext=_XLX_SEP_ PragmaFunction=fft_XLX_SEP_ PragmaOptions=variable=xn_XLX_SEP_ [-Wdump-hls-pragmas]
#pragma HLS stream variable=xn
        ^
C:/Xilinx/Vitis_HLS/2023.1/common/technology/autopilot/etc/hls_fft_x_complex.h:1017:9: warning: HLS pragma dump _XLX_SEP_ PragmaIsValid=1_XLX_SEP_ PragmaType=stream_XLX_SEP_ PragmaContext=_XLX_SEP_ PragmaFunction=fft_XLX_SEP_ PragmaOptions=variable=xk_XLX_SEP_ [-Wdump-hls-pragmas]
#pragma HLS stream variable=xk
        ^
C:/Xilinx/Vitis_HLS/2023.1/common/technology/autopilot/etc/hls_fft_x_complex.h:1043:9: warning: HLS pragma dump _XLX_SEP_ PragmaIsValid=1_XLX_SEP_ PragmaType=inline_XLX_SEP_ PragmaContext=_XLX_SEP_ PragmaFunction=fft_XLX_SEP_ PragmaOptions=off_XLX_SEP_ [-Wdump-hls-pragmas]
#pragma HLS inline off
        ^
C:/Xilinx/Vitis_HLS/2023.1/common/technology/autopilot/etc/hls_fft_x_complex.h:1045:9: warning: HLS pragma dump _XLX_SEP_ PragmaIsValid=1_XLX_SEP_ PragmaType=stream_XLX_SEP_ PragmaContext=_XLX_SEP_ PragmaFunction=fft_XLX_SEP_ PragmaOptions=variable=xn_XLX_SEP_ [-Wdump-hls-pragmas]
#pragma HLS stream variable=xn
        ^
C:/Xilinx/Vitis_HLS/2023.1/common/technology/autopilot/etc/hls_fft_x_complex.h:1046:9: warning: HLS pragma dump _XLX_SEP_ PragmaIsValid=1_XLX_SEP_ PragmaType=stream_XLX_SEP_ PragmaContext=_XLX_SEP_ PragmaFunction=fft_XLX_SEP_ PragmaOptions=variable=xk_XLX_SEP_ [-Wdump-hls-pragmas]
#pragma HLS stream variable=xk
        ^
C:/Xilinx/Vitis_HLS/2023.1/common/technology/autopilot/etc/hls_fft_x_complex.h:1049:9: warning: HLS pragma dump _XLX_SEP_ PragmaIsValid=1_XLX_SEP_ PragmaType=array_reshape_XLX_SEP_ PragmaContext=_XLX_SEP_ PragmaFunction=fft_XLX_SEP_ PragmaOptions=dim=1 variable=xn_XLX_SEP_ [-Wdump-hls-pragmas]
#pragma HLS array_reshape dim=1 variable=xn
        ^
C:/Xilinx/Vitis_HLS/2023.1/common/technology/autopilot/etc/hls_fft_x_complex.h:1050:9: warning: HLS pragma dump _XLX_SEP_ PragmaIsValid=1_XLX_SEP_ PragmaType=array_reshape_XLX_SEP_ PragmaContext=_XLX_SEP_ PragmaFunction=fft_XLX_SEP_ PragmaOptions=dim=1 variable=xk_XLX_SEP_ [-Wdump-hls-pragmas]
#pragma HLS array_reshape dim=1 variable=xk
        ^
C:/Xilinx/Vitis_HLS/2023.1/common/technology/autopilot/etc/hls_fft_x_complex.h:1075:9: warning: HLS pragma dump _XLX_SEP_ PragmaIsValid=1_XLX_SEP_ PragmaType=inline_XLX_SEP_ PragmaContext=_XLX_SEP_ PragmaFunction=fft_XLX_SEP_ PragmaOptions=off_XLX_SEP_ [-Wdump-hls-pragmas]
#pragma HLS inline off
        ^
C:/Xilinx/Vitis_HLS/2023.1/common/technology/autopilot/etc/hls_fft_x_complex.h:1077:9: warning: HLS pragma dump _XLX_SEP_ PragmaIsValid=1_XLX_SEP_ PragmaType=stream_XLX_SEP_ PragmaContext=_XLX_SEP_ PragmaFunction=fft_XLX_SEP_ PragmaOptions=variable=xn_XLX_SEP_ [-Wdump-hls-pragmas]
#pragma HLS stream variable=xn
        ^
C:/Xilinx/Vitis_HLS/2023.1/common/technology/autopilot/etc/hls_fft_x_complex.h:1078:9: warning: HLS pragma dump _XLX_SEP_ PragmaIsValid=1_XLX_SEP_ PragmaType=stream_XLX_SEP_ PragmaContext=_XLX_SEP_ PragmaFunction=fft_XLX_SEP_ PragmaOptions=variable=xk_XLX_SEP_ [-Wdump-hls-pragmas]
#pragma HLS stream variable=xk
        ^
In file included from audrey_4_hls/mfcc.cpp:4:
C:/Xilinx/Vitis_HLS/2023.1/common/technology/autopilot\ap_axi_sdata.h:76:9: warning: HLS pragma dump _XLX_SEP_ PragmaIsValid=1_XLX_SEP_ PragmaType=inline_XLX_SEP_ PragmaContext=_XLX_SEP_ PragmaFunction=get_user_ptr_XLX_SEP_ PragmaOptions=_XLX_SEP_ [-Wdump-hls-pragmas]
#pragma HLS inline
        ^
C:/Xilinx/Vitis_HLS/2023.1/common/technology/autopilot\ap_axi_sdata.h:80:9: warning: HLS pragma dump _XLX_SEP_ PragmaIsValid=1_XLX_SEP_ PragmaType=inline_XLX_SEP_ PragmaContext=_XLX_SEP_ PragmaFunction=get_id_ptr_XLX_SEP_ PragmaOptions=_XLX_SEP_ [-Wdump-hls-pragmas]
#pragma HLS inline
        ^
C:/Xilinx/Vitis_HLS/2023.1/common/technology/autopilot\ap_axi_sdata.h:84:9: warning: HLS pragma dump _XLX_SEP_ PragmaIsValid=1_XLX_SEP_ PragmaType=inline_XLX_SEP_ PragmaContext=_XLX_SEP_ PragmaFunction=get_dest_ptr_XLX_SEP_ PragmaOptions=_XLX_SEP_ [-Wdump-hls-pragmas]
#pragma HLS inline
        ^
C:/Xilinx/Vitis_HLS/2023.1/common/technology/autopilot\ap_axi_sdata.h:114:9: warning: HLS pragma dump _XLX_SEP_ PragmaIsValid=1_XLX_SEP_ PragmaType=inline_XLX_SEP_ PragmaContext=_XLX_SEP_ PragmaFunction=get_strb_ptr_XLX_SEP_ PragmaOptions=_XLX_SEP_ [-Wdump-hls-pragmas]
#pragma HLS inline
        ^
C:/Xilinx/Vitis_HLS/2023.1/common/technology/autopilot\ap_axi_sdata.h:118:9: warning: HLS pragma dump _XLX_SEP_ PragmaIsValid=1_XLX_SEP_ PragmaType=inline_XLX_SEP_ PragmaContext=_XLX_SEP_ PragmaFunction=get_user_ptr_XLX_SEP_ PragmaOptions=_XLX_SEP_ [-Wdump-hls-pragmas]
#pragma HLS inline
        ^
C:/Xilinx/Vitis_HLS/2023.1/common/technology/autopilot\ap_axi_sdata.h:122:9: warning: HLS pragma dump _XLX_SEP_ PragmaIsValid=1_XLX_SEP_ PragmaType=inline_XLX_SEP_ PragmaContext=_XLX_SEP_ PragmaFunction=get_id_ptr_XLX_SEP_ PragmaOptions=_XLX_SEP_ [-Wdump-hls-pragmas]
#pragma HLS inline
        ^
C:/Xilinx/Vitis_HLS/2023.1/common/technology/autopilot\ap_axi_sdata.h:126:9: warning: HLS pragma dump _XLX_SEP_ PragmaIsValid=1_XLX_SEP_ PragmaType=inline_XLX_SEP_ PragmaContext=_XLX_SEP_ PragmaFunction=get_dest_ptr_XLX_SEP_ PragmaOptions=_XLX_SEP_ [-Wdump-hls-pragmas]
#pragma HLS inline
        ^
C:/Xilinx/Vitis_HLS/2023.1/common/technology/autopilot\ap_axi_sdata.h:132:9: warning: HLS pragma dump _XLX_SEP_ PragmaIsValid=1_XLX_SEP_ PragmaType=inline_XLX_SEP_ PragmaContext=_XLX_SEP_ PragmaFunction=get_data_XLX_SEP_ PragmaOptions=_XLX_SEP_ [-Wdump-hls-pragmas]
#pragma HLS inline
        ^
C:/Xilinx/Vitis_HLS/2023.1/common/technology/autopilot\ap_axi_sdata.h:136:9: warning: HLS pragma dump _XLX_SEP_ PragmaIsValid=1_XLX_SEP_ PragmaType=inline_XLX_SEP_ PragmaContext=_XLX_SEP_ PragmaFunction=get_keep_XLX_SEP_ PragmaOptions=_XLX_SEP_ [-Wdump-hls-pragmas]
#pragma HLS inline
        ^
C:/Xilinx/Vitis_HLS/2023.1/common/technology/autopilot\ap_axi_sdata.h:140:9: warning: HLS pragma dump _XLX_SEP_ PragmaIsValid=1_XLX_SEP_ PragmaType=inline_XLX_SEP_ PragmaContext=_XLX_SEP_ PragmaFunction=get_last_XLX_SEP_ PragmaOptions=_XLX_SEP_ [-Wdump-hls-pragmas]
#pragma HLS inline
        ^
C:/Xilinx/Vitis_HLS/2023.1/common/technology/autopilot\ap_axi_sdata.h:145:9: warning: HLS pragma dump _XLX_SEP_ PragmaIsValid=1_XLX_SEP_ PragmaType=inline_XLX_SEP_ PragmaContext=_XLX_SEP_ PragmaFunction=set_data_XLX_SEP_ PragmaOptions=_XLX_SEP_ [-Wdump-hls-pragmas]
#pragma HLS inline
        ^
C:/Xilinx/Vitis_HLS/2023.1/common/technology/autopilot\ap_axi_sdata.h:149:9: warning: HLS pragma dump _XLX_SEP_ PragmaIsValid=1_XLX_SEP_ PragmaType=inline_XLX_SEP_ PragmaContext=_XLX_SEP_ PragmaFunction=set_keep_XLX_SEP_ PragmaOptions=_XLX_SEP_ [-Wdump-hls-pragmas]
#pragma HLS inline
        ^
C:/Xilinx/Vitis_HLS/2023.1/common/technology/autopilot\ap_axi_sdata.h:153:9: warning: HLS pragma dump _XLX_SEP_ PragmaIsValid=1_XLX_SEP_ PragmaType=inline_XLX_SEP_ PragmaContext=_XLX_SEP_ PragmaFunction=set_last_XLX_SEP_ PragmaOptions=_XLX_SEP_ [-Wdump-hls-pragmas]
#pragma HLS inline
        ^
C:/Xilinx/Vitis_HLS/2023.1/common/technology/autopilot\ap_axi_sdata.h:157:9: warning: HLS pragma dump _XLX_SEP_ PragmaIsValid=1_XLX_SEP_ PragmaType=inline_XLX_SEP_ PragmaContext=_XLX_SEP_ PragmaFunction=keep_all_XLX_SEP_ PragmaOptions=_XLX_SEP_ [-Wdump-hls-pragmas]
#pragma HLS inline
        ^
C:/Xilinx/Vitis_HLS/2023.1/common/technology/autopilot\ap_axi_sdata.h:163:9: warning: HLS pragma dump _XLX_SEP_ PragmaIsValid=1_XLX_SEP_ PragmaType=inline_XLX_SEP_ PragmaContext=_XLX_SEP_ PragmaFunction=qdma_axis<WData, 0, 0, 0>_XLX_SEP_ PragmaOptions=_XLX_SEP_ [-Wdump-hls-pragmas]
#pragma HLS inline
        ^
C:/Xilinx/Vitis_HLS/2023.1/common/technology/autopilot\ap_axi_sdata.h:167:9: warning: HLS pragma dump _XLX_SEP_ PragmaIsValid=1_XLX_SEP_ PragmaType=inline_XLX_SEP_ PragmaContext=_XLX_SEP_ PragmaFunction=qdma_axis<WData, 0, 0, 0>_XLX_SEP_ PragmaOptions=_XLX_SEP_ [-Wdump-hls-pragmas]
#pragma HLS inline
        ^
C:/Xilinx/Vitis_HLS/2023.1/common/technology/autopilot\ap_axi_sdata.h:171:9: warning: HLS pragma dump _XLX_SEP_ PragmaIsValid=1_XLX_SEP_ PragmaType=inline_XLX_SEP_ PragmaContext=_XLX_SEP_ PragmaFunction=qdma_axis<WData, 0, 0, 0>_XLX_SEP_ PragmaOptions=_XLX_SEP_ [-Wdump-hls-pragmas]
#pragma HLS inline
        ^
C:/Xilinx/Vitis_HLS/2023.1/common/technology/autopilot\ap_axi_sdata.h:176:9: warning: HLS pragma dump _XLX_SEP_ PragmaIsValid=1_XLX_SEP_ PragmaType=inline_XLX_SEP_ PragmaContext=_XLX_SEP_ PragmaFunction=qdma_axis<WData, 0, 0, 0>_XLX_SEP_ PragmaOptions=_XLX_SEP_ [-Wdump-hls-pragmas]
#pragma HLS inline
        ^
C:/Xilinx/Vitis_HLS/2023.1/common/technology/autopilot\ap_axi_sdata.h:181:9: warning: HLS pragma dump _XLX_SEP_ PragmaIsValid=1_XLX_SEP_ PragmaType=inline_XLX_SEP_ PragmaContext=_XLX_SEP_ PragmaFunction=qdma_axis<WData, 0, 0, 0>_XLX_SEP_ PragmaOptions=_XLX_SEP_ [-Wdump-hls-pragmas]
#pragma HLS inline
        ^
C:/Xilinx/Vitis_HLS/2023.1/common/technology/autopilot\ap_axi_sdata.h:185:9: warning: HLS pragma dump _XLX_SEP_ PragmaIsValid=1_XLX_SEP_ PragmaType=inline_XLX_SEP_ PragmaContext=_XLX_SEP_ PragmaFunction=operator=_XLX_SEP_ PragmaOptions=_XLX_SEP_ [-Wdump-hls-pragmas]
#pragma HLS inline
        ^
C:/Xilinx/Vitis_HLS/2023.1/common/technology/autopilot\ap_axi_sdata.h:220:9: warning: HLS pragma dump _XLX_SEP_ PragmaIsValid=1_XLX_SEP_ PragmaType=inline_XLX_SEP_ PragmaContext=_XLX_SEP_ PragmaFunction=empty_XLX_SEP_ PragmaOptions=_XLX_SEP_ [-Wdump-hls-pragmas]
#pragma HLS inline
        ^
C:/Xilinx/Vitis_HLS/2023.1/common/technology/autopilot\ap_axi_sdata.h:227:9: warning: HLS pragma dump _XLX_SEP_ PragmaIsValid=1_XLX_SEP_ PragmaType=inline_XLX_SEP_ PragmaContext=_XLX_SEP_ PragmaFunction=full_XLX_SEP_ PragmaOptions=_XLX_SEP_ [-Wdump-hls-pragmas]
#pragma HLS inline
        ^
C:/Xilinx/Vitis_HLS/2023.1/common/technology/autopilot\ap_axi_sdata.h:235:9: warning: HLS pragma dump _XLX_SEP_ PragmaIsValid=1_XLX_SEP_ PragmaType=inline_XLX_SEP_ PragmaContext=_XLX_SEP_ PragmaFunction=read_XLX_SEP_ PragmaOptions=_XLX_SEP_ [-Wdump-hls-pragmas]
#pragma HLS inline
        ^
C:/Xilinx/Vitis_HLS/2023.1/common/technology/autopilot\ap_axi_sdata.h:245:9: warning: HLS pragma dump _XLX_SEP_ PragmaIsValid=1_XLX_SEP_ PragmaType=inline_XLX_SEP_ PragmaContext=_XLX_SEP_ PragmaFunction=read_XLX_SEP_ PragmaOptions=_XLX_SEP_ [-Wdump-hls-pragmas]
#pragma HLS inline
        ^
C:/Xilinx/Vitis_HLS/2023.1/common/technology/autopilot\ap_axi_sdata.h:256:9: warning: HLS pragma dump _XLX_SEP_ PragmaIsValid=1_XLX_SEP_ PragmaType=inline_XLX_SEP_ PragmaContext=_XLX_SEP_ PragmaFunction=write_XLX_SEP_ PragmaOptions=_XLX_SEP_ [-Wdump-hls-pragmas]
#pragma HLS inline
        ^
C:/Xilinx/Vitis_HLS/2023.1/common/technology/autopilot\ap_axi_sdata.h:266:9: warning: HLS pragma dump _XLX_SEP_ PragmaIsValid=1_XLX_SEP_ PragmaType=inline_XLX_SEP_ PragmaContext=_XLX_SEP_ PragmaFunction=read_nb_XLX_SEP_ PragmaOptions=_XLX_SEP_ [-Wdump-hls-pragmas]
#pragma HLS inline
        ^
C:/Xilinx/Vitis_HLS/2023.1/common/technology/autopilot\ap_axi_sdata.h:281:9: warning: HLS pragma dump _XLX_SEP_ PragmaIsValid=1_XLX_SEP_ PragmaType=inline_XLX_SEP_ PragmaContext=_XLX_SEP_ PragmaFunction=write_nb_XLX_SEP_ PragmaOptions=_XLX_SEP_ [-Wdump-hls-pragmas]
#pragma HLS inline
        ^
C:/Xilinx/Vitis_HLS/2023.1/common/technology/autopilot\ap_axi_sdata.h:317:9: warning: HLS pragma dump _XLX_SEP_ PragmaIsValid=1_XLX_SEP_ PragmaType=inline_XLX_SEP_ PragmaContext=_XLX_SEP_ PragmaFunction=empty_XLX_SEP_ PragmaOptions=_XLX_SEP_ [-Wdump-hls-pragmas]
#pragma HLS inline
        ^
C:/Xilinx/Vitis_HLS/2023.1/common/technology/autopilot\ap_axi_sdata.h:324:9: warning: HLS pragma dump _XLX_SEP_ PragmaIsValid=1_XLX_SEP_ PragmaType=inline_XLX_SEP_ PragmaContext=_XLX_SEP_ PragmaFunction=full_XLX_SEP_ PragmaOptions=_XLX_SEP_ [-Wdump-hls-pragmas]
#pragma HLS inline
        ^
C:/Xilinx/Vitis_HLS/2023.1/common/technology/autopilot\ap_axi_sdata.h:332:9: warning: HLS pragma dump _XLX_SEP_ PragmaIsValid=1_XLX_SEP_ PragmaType=inline_XLX_SEP_ PragmaContext=_XLX_SEP_ PragmaFunction=read_XLX_SEP_ PragmaOptions=_XLX_SEP_ [-Wdump-hls-pragmas]
#pragma HLS inline
        ^
C:/Xilinx/Vitis_HLS/2023.1/common/technology/autopilot\ap_axi_sdata.h:342:9: warning: HLS pragma dump _XLX_SEP_ PragmaIsValid=1_XLX_SEP_ PragmaType=inline_XLX_SEP_ PragmaContext=_XLX_SEP_ PragmaFunction=read_XLX_SEP_ PragmaOptions=_XLX_SEP_ [-Wdump-hls-pragmas]
#pragma HLS inline
        ^
C:/Xilinx/Vitis_HLS/2023.1/common/technology/autopilot\ap_axi_sdata.h:353:9: warning: HLS pragma dump _XLX_SEP_ PragmaIsValid=1_XLX_SEP_ PragmaType=inline_XLX_SEP_ PragmaContext=_XLX_SEP_ PragmaFunction=write_XLX_SEP_ PragmaOptions=_XLX_SEP_ [-Wdump-hls-pragmas]
#pragma HLS inline
        ^
C:/Xilinx/Vitis_HLS/2023.1/common/technology/autopilot\ap_axi_sdata.h:363:9: warning: HLS pragma dump _XLX_SEP_ PragmaIsValid=1_XLX_SEP_ PragmaType=inline_XLX_SEP_ PragmaContext=_XLX_SEP_ PragmaFunction=read_nb_XLX_SEP_ PragmaOptions=_XLX_SEP_ [-Wdump-hls-pragmas]
#pragma HLS inline
        ^
C:/Xilinx/Vitis_HLS/2023.1/common/technology/autopilot\ap_axi_sdata.h:379:9: warning: HLS pragma dump _XLX_SEP_ PragmaIsValid=1_XLX_SEP_ PragmaType=inline_XLX_SEP_ PragmaContext=_XLX_SEP_ PragmaFunction=write_nb_XLX_SEP_ PragmaOptions=_XLX_SEP_ [-Wdump-hls-pragmas]
#pragma HLS inline
        ^
C:/Users/the5t/OneDrive/Documents/GitHub/rwth-lab-fpga-WIP/audrey_2023_vitis/audrey_4_hls/solution1/csynth.tcl:17:9: warning: HLS pragma dump _XLX_SEP_ PragmaIsValid=1_XLX_SEP_ PragmaType=top_XLX_SEP_ PragmaContext=directive_XLX_SEP_ PragmaFunction=mfcc_XLX_SEP_ PragmaOptions=name=mfcc_XLX_SEP_ [-Wdump-hls-pragmas]
#pragma HLSDIRECTIVE TOP name=mfcc
        ^
audrey_4_hls/mfcc.cpp:23:9: warning: HLS pragma dump _XLX_SEP_ PragmaIsValid=1_XLX_SEP_ PragmaType=interface_XLX_SEP_ PragmaContext=_XLX_SEP_ PragmaFunction=mfcc_XLX_SEP_ PragmaOptions=ap_ctrl_none port=return_XLX_SEP_ [-Wdump-hls-pragmas]
#pragma HLS INTERFACE ap_ctrl_none port=return
        ^
audrey_4_hls/mfcc.cpp:24:9: warning: HLS pragma dump _XLX_SEP_ PragmaIsValid=1_XLX_SEP_ PragmaType=interface_XLX_SEP_ PragmaContext=_XLX_SEP_ PragmaFunction=mfcc_XLX_SEP_ PragmaOptions=axis port=in_stream_XLX_SEP_ [-Wdump-hls-pragmas]
#pragma HLS INTERFACE axis port=in_stream
        ^
audrey_4_hls/mfcc.cpp:25:9: warning: HLS pragma dump _XLX_SEP_ PragmaIsValid=1_XLX_SEP_ PragmaType=interface_XLX_SEP_ PragmaContext=_XLX_SEP_ PragmaFunction=mfcc_XLX_SEP_ PragmaOptions=axis port=out_stream_XLX_SEP_ [-Wdump-hls-pragmas]
#pragma HLS INTERFACE axis port=out_stream
        ^
audrey_4_hls/mfcc.cpp:43:9: warning: HLS pragma dump _XLX_SEP_ PragmaIsValid=1_XLX_SEP_ PragmaType=pipeline_XLX_SEP_ PragmaContext=_XLX_SEP_ PragmaFunction=mfcc_XLX_SEP_ PragmaOptions=_XLX_SEP_ [-Wdump-hls-pragmas]
#pragma HLS PIPELINE
        ^
audrey_4_hls/mfcc.cpp:145:38: warning: unused parameter 'audio' [-Wunused-parameter]
void feature_0_stft(complex_fft_in_t audio[512], fix_t abs_spectrogram[257]) {
                                     ^
301 warnings generated.
