Copyright 1986-2022 Xilinx, Inc. All Rights Reserved. Copyright 2022-2023 Advanced Micro Devices, Inc. All Rights Reserved.
------------------------------------------------------------------------------------------------------------------------------------------------------------------------------------------------------------------
| Tool Version : Vivado v.2023.1 (lin64) Build 3865809 Sun May  7 15:04:56 MDT 2023
| Date         : Tue Nov 18 10:45:11 2025
| Host         : FPGA13L running 64-bit Ubuntu 22.04.5 LTS
| Command      : report_timing_summary -max_paths 10 -report_unconstrained -file fft_top_timing_summary_routed.rpt -pb fft_top_timing_summary_routed.pb -rpx fft_top_timing_summary_routed.rpx -warn_on_violation
| Design       : fft_top
| Device       : 7a100t-csg324
| Speed File   : -1  PRODUCTION 1.23 2018-06-13
| Design State : Routed
------------------------------------------------------------------------------------------------------------------------------------------------------------------------------------------------------------------

Timing Summary Report

------------------------------------------------------------------------------------------------
| Timer Settings
| --------------
------------------------------------------------------------------------------------------------

  Enable Multi Corner Analysis               :  Yes
  Enable Pessimism Removal                   :  Yes
  Pessimism Removal Resolution               :  Nearest Common Node
  Enable Input Delay Default Clock           :  No
  Enable Preset / Clear Arcs                 :  No
  Disable Flight Delays                      :  No
  Ignore I/O Paths                           :  No
  Timing Early Launch at Borrowing Latches   :  No
  Borrow Time for Max Delay Exceptions       :  Yes
  Merge Timing Exceptions                    :  Yes

  Corner  Analyze    Analyze    
  Name    Max Paths  Min Paths  
  ------  ---------  ---------  
  Slow    Yes        Yes        
  Fast    Yes        Yes        


------------------------------------------------------------------------------------------------
| Report Methodology
| ------------------
------------------------------------------------------------------------------------------------

Rule       Severity          Description                  Violations  
---------  ----------------  ---------------------------  ----------  
TIMING-17  Critical Warning  Non-clocked sequential cell  262         

Note: This report is based on the most recent report_methodology run and may not be up-to-date. Run report_methodology on the current design for the latest report.



check_timing report

Table of Contents
-----------------
1. checking no_clock (262)
2. checking constant_clock (0)
3. checking pulse_width_clock (0)
4. checking unconstrained_internal_endpoints (434)
5. checking no_input_delay (4)
6. checking no_output_delay (18)
7. checking multiple_clock (0)
8. checking generated_clocks (0)
9. checking loops (0)
10. checking partial_input_delay (0)
11. checking partial_output_delay (0)
12. checking latch_loops (0)

1. checking no_clock (262)
--------------------------
 There are 262 register/latch pins with no clock driven by root clock pin: clk (HIGH)


2. checking constant_clock (0)
------------------------------
 There are 0 register/latch pins with constant_clock.


3. checking pulse_width_clock (0)
---------------------------------
 There are 0 register/latch pins which need pulse_width check


4. checking unconstrained_internal_endpoints (434)
--------------------------------------------------
 There are 434 pins that are not constrained for maximum delay. (HIGH)

 There are 0 pins that are not constrained for maximum delay due to constant clock.


5. checking no_input_delay (4)
------------------------------
 There are 4 input ports with no input delay specified. (HIGH)

 There are 0 input ports with no input delay but user has a false path constraint.


6. checking no_output_delay (18)
--------------------------------
 There are 18 ports with no output delay specified. (HIGH)

 There are 0 ports with no output delay but user has a false path constraint

 There are 0 ports with no output delay but with a timing clock defined on it or propagating through it


7. checking multiple_clock (0)
------------------------------
 There are 0 register/latch pins with multiple clocks.


8. checking generated_clocks (0)
--------------------------------
 There are 0 generated clocks that are not connected to a clock source.


9. checking loops (0)
---------------------
 There are 0 combinational loops in the design.


10. checking partial_input_delay (0)
------------------------------------
 There are 0 input ports with partial input delay specified.


11. checking partial_output_delay (0)
-------------------------------------
 There are 0 ports with partial output delay specified.


12. checking latch_loops (0)
----------------------------
 There are 0 combinational latch loops in the design through latch input



------------------------------------------------------------------------------------------------
| Design Timing Summary
| ---------------------
------------------------------------------------------------------------------------------------

    WNS(ns)      TNS(ns)  TNS Failing Endpoints  TNS Total Endpoints      WHS(ns)      THS(ns)  THS Failing Endpoints  THS Total Endpoints     WPWS(ns)     TPWS(ns)  TPWS Failing Endpoints  TPWS Total Endpoints  
    -------      -------  ---------------------  -------------------      -------      -------  ---------------------  -------------------     --------     --------  ----------------------  --------------------  
        inf        0.000                      0                  452          inf        0.000                      0                  452           NA           NA                      NA                    NA  


There are no user specified timing constraints.


------------------------------------------------------------------------------------------------
| Clock Summary
| -------------
------------------------------------------------------------------------------------------------


------------------------------------------------------------------------------------------------
| Intra Clock Table
| -----------------
------------------------------------------------------------------------------------------------

Clock             WNS(ns)      TNS(ns)  TNS Failing Endpoints  TNS Total Endpoints      WHS(ns)      THS(ns)  THS Failing Endpoints  THS Total Endpoints     WPWS(ns)     TPWS(ns)  TPWS Failing Endpoints  TPWS Total Endpoints  
-----             -------      -------  ---------------------  -------------------      -------      -------  ---------------------  -------------------     --------     --------  ----------------------  --------------------  


------------------------------------------------------------------------------------------------
| Inter Clock Table
| -----------------
------------------------------------------------------------------------------------------------

From Clock    To Clock          WNS(ns)      TNS(ns)  TNS Failing Endpoints  TNS Total Endpoints      WHS(ns)      THS(ns)  THS Failing Endpoints  THS Total Endpoints  
----------    --------          -------      -------  ---------------------  -------------------      -------      -------  ---------------------  -------------------  


------------------------------------------------------------------------------------------------
| Other Path Groups Table
| -----------------------
------------------------------------------------------------------------------------------------

Path Group    From Clock    To Clock          WNS(ns)      TNS(ns)  TNS Failing Endpoints  TNS Total Endpoints      WHS(ns)      THS(ns)  THS Failing Endpoints  THS Total Endpoints  
----------    ----------    --------          -------      -------  ---------------------  -------------------      -------      -------  ---------------------  -------------------  


------------------------------------------------------------------------------------------------
| User Ignored Path Table
| -----------------------
------------------------------------------------------------------------------------------------

Path Group    From Clock    To Clock    
----------    ----------    --------    


------------------------------------------------------------------------------------------------
| Unconstrained Path Table
| ------------------------
------------------------------------------------------------------------------------------------

Path Group    From Clock    To Clock    
----------    ----------    --------    
(none)                                    


------------------------------------------------------------------------------------------------
| Timing Details
| --------------
------------------------------------------------------------------------------------------------


--------------------------------------------------------------------------------------
Path Group:  (none)
From Clock:  
  To Clock:  

Max Delay           452 Endpoints
Min Delay           452 Endpoints
--------------------------------------------------------------------------------------


Max Delay Paths
--------------------------------------------------------------------------------------
Slack:                    inf
  Source:                 abs_value_i/sqrt_i/U0/i_synth/i_synth/gen_sqrt.square_root/gen_iterations[11].gen_post_mid.gen_rem/gen_inv_sqrt_out/gen_rtl.gen_reg.d_reg_reg[1]/C
                            (rising edge-triggered cell FDRE)
  Destination:            abs_value_i/sqrt_i/U0/i_synth/i_synth/gen_sqrt.square_root/gen_iterations[13].gen_post_mid.gen_rem/gen_rem.gen_rem_out/gen_rtl.gen_reg.d_reg_reg[1]/D
  Path Group:             (none)
  Path Type:              Max at Slow Process Corner
  Data Path Delay:        8.666ns  (logic 3.267ns (37.699%)  route 5.399ns (62.301%))
  Logic Levels:           12  (CARRY4=7 FDRE=1 LUT1=1 LUT2=2 LUT3=1)

    Location             Delay type                Incr(ns)  Path(ns)    Netlist Resource(s)
  -------------------------------------------------------------------    -------------------
    SLICE_X10Y61         FDRE                         0.000     0.000 r  abs_value_i/sqrt_i/U0/i_synth/i_synth/gen_sqrt.square_root/gen_iterations[11].gen_post_mid.gen_rem/gen_inv_sqrt_out/gen_rtl.gen_reg.d_reg_reg[1]/C
    SLICE_X10Y61         FDRE (Prop_fdre_C_Q)         0.518     0.518 r  abs_value_i/sqrt_i/U0/i_synth/i_synth/gen_sqrt.square_root/gen_iterations[11].gen_post_mid.gen_rem/gen_inv_sqrt_out/gen_rtl.gen_reg.d_reg_reg[1]/Q
                         net (fo=3, routed)           1.364     1.882    abs_value_i/sqrt_i/U0/i_synth/i_synth/gen_sqrt.square_root/gen_iterations[12].gen_post_mid.gen_rem/gen_rem_inc/inst/i_baseblox.i_baseblox_addsub/no_pipelining.the_addsub/i_lut6.i_lut6_addsub/B[1]
    SLICE_X7Y58          LUT2 (Prop_lut2_I0_O)        0.124     2.006 r  abs_value_i/sqrt_i/U0/i_synth/i_synth/gen_sqrt.square_root/gen_iterations[12].gen_post_mid.gen_rem/gen_rem_inc/inst/i_baseblox.i_baseblox_addsub/no_pipelining.the_addsub/i_lut6.i_lut6_addsub/i_simple_model.i_gt_1.carrychaingen[3].carryxor_i_1/O
                         net (fo=1, routed)           0.000     2.006    abs_value_i/sqrt_i/U0/i_synth/i_synth/gen_sqrt.square_root/gen_iterations[12].gen_post_mid.gen_rem/gen_rem_inc/inst/i_baseblox.i_baseblox_addsub/no_pipelining.the_addsub/i_lut6.i_lut6_addsub/i_simple_model.i_gt_1.carrychaingen[3].carryxor_i_1_n_0
    SLICE_X7Y58          CARRY4 (Prop_carry4_S[3]_CO[3])
                                                      0.401     2.407 r  abs_value_i/sqrt_i/U0/i_synth/i_synth/gen_sqrt.square_root/gen_iterations[12].gen_post_mid.gen_rem/gen_rem_inc/inst/i_baseblox.i_baseblox_addsub/no_pipelining.the_addsub/i_lut6.i_lut6_addsub/i_simple_model.carrymux0_CARRY4/CO[3]
                         net (fo=1, routed)           0.000     2.407    abs_value_i/sqrt_i/U0/i_synth/i_synth/gen_sqrt.square_root/gen_iterations[12].gen_post_mid.gen_rem/gen_rem_inc/inst/i_baseblox.i_baseblox_addsub/no_pipelining.the_addsub/i_lut6.i_lut6_addsub/carry_simple_3
    SLICE_X7Y59          CARRY4 (Prop_carry4_CI_CO[3])
                                                      0.114     2.521 r  abs_value_i/sqrt_i/U0/i_synth/i_synth/gen_sqrt.square_root/gen_iterations[12].gen_post_mid.gen_rem/gen_rem_inc/inst/i_baseblox.i_baseblox_addsub/no_pipelining.the_addsub/i_lut6.i_lut6_addsub/i_simple_model.i_gt_1.carrychaingen[4].carrymux_CARRY4/CO[3]
                         net (fo=1, routed)           0.000     2.521    abs_value_i/sqrt_i/U0/i_synth/i_synth/gen_sqrt.square_root/gen_iterations[12].gen_post_mid.gen_rem/gen_rem_inc/inst/i_baseblox.i_baseblox_addsub/no_pipelining.the_addsub/i_lut6.i_lut6_addsub/carry_simple_7
    SLICE_X7Y60          CARRY4 (Prop_carry4_CI_CO[3])
                                                      0.114     2.635 r  abs_value_i/sqrt_i/U0/i_synth/i_synth/gen_sqrt.square_root/gen_iterations[12].gen_post_mid.gen_rem/gen_rem_inc/inst/i_baseblox.i_baseblox_addsub/no_pipelining.the_addsub/i_lut6.i_lut6_addsub/i_simple_model.i_gt_1.carrychaingen[8].carrymux_CARRY4/CO[3]
                         net (fo=1, routed)           0.000     2.635    abs_value_i/sqrt_i/U0/i_synth/i_synth/gen_sqrt.square_root/gen_iterations[12].gen_post_mid.gen_rem/gen_rem_inc/inst/i_baseblox.i_baseblox_addsub/no_pipelining.the_addsub/i_lut6.i_lut6_addsub/carry_simple_11
    SLICE_X7Y61          CARRY4 (Prop_carry4_CI_O[2])
                                                      0.256     2.891 r  abs_value_i/sqrt_i/U0/i_synth/i_synth/gen_sqrt.square_root/gen_iterations[12].gen_post_mid.gen_rem/gen_rem_inc/inst/i_baseblox.i_baseblox_addsub/no_pipelining.the_addsub/i_lut6.i_lut6_addsub/i_simple_model.i_gt_1.carrychaingen[12].carrymux_CARRY4/O[2]
                         net (fo=29, routed)          1.375     4.266    abs_value_i/sqrt_i/U0/i_synth/i_synth/gen_sqrt.square_root/gen_iterations[12].gen_post_mid.gen_rem/S[12]
    SLICE_X5Y58          LUT3 (Prop_lut3_I1_O)        0.302     4.568 r  abs_value_i/sqrt_i/U0/i_synth/i_synth/gen_sqrt.square_root/gen_iterations[12].gen_post_mid.gen_rem/inst_i_10/O
                         net (fo=2, routed)           1.003     5.572    abs_value_i/sqrt_i/U0/i_synth/i_synth/gen_sqrt.square_root/gen_iterations[13].gen_post_mid.gen_rem/gen_rem_inc/inst/i_baseblox.i_baseblox_addsub/no_pipelining.the_addsub/i_lut6.i_lut6_addsub/A[5]
    SLICE_X6Y59          LUT2 (Prop_lut2_I1_O)        0.124     5.696 r  abs_value_i/sqrt_i/U0/i_synth/i_synth/gen_sqrt.square_root/gen_iterations[13].gen_post_mid.gen_rem/gen_rem_inc/inst/i_baseblox.i_baseblox_addsub/no_pipelining.the_addsub/i_lut6.i_lut6_addsub/i_simple_model.i_gt_1.carrychaingen[5].carryxor_i_1/O
                         net (fo=1, routed)           0.000     5.696    abs_value_i/sqrt_i/U0/i_synth/i_synth/gen_sqrt.square_root/gen_iterations[13].gen_post_mid.gen_rem/gen_rem_inc/inst/i_baseblox.i_baseblox_addsub/no_pipelining.the_addsub/i_lut6.i_lut6_addsub/i_simple_model.i_gt_1.carrychaingen[5].carryxor_i_1_n_0
    SLICE_X6Y59          CARRY4 (Prop_carry4_S[1]_CO[3])
                                                      0.533     6.229 r  abs_value_i/sqrt_i/U0/i_synth/i_synth/gen_sqrt.square_root/gen_iterations[13].gen_post_mid.gen_rem/gen_rem_inc/inst/i_baseblox.i_baseblox_addsub/no_pipelining.the_addsub/i_lut6.i_lut6_addsub/i_simple_model.i_gt_1.carrychaingen[4].carrymux_CARRY4/CO[3]
                         net (fo=1, routed)           0.000     6.229    abs_value_i/sqrt_i/U0/i_synth/i_synth/gen_sqrt.square_root/gen_iterations[13].gen_post_mid.gen_rem/gen_rem_inc/inst/i_baseblox.i_baseblox_addsub/no_pipelining.the_addsub/i_lut6.i_lut6_addsub/carry_simple_7
    SLICE_X6Y60          CARRY4 (Prop_carry4_CI_CO[3])
                                                      0.117     6.346 r  abs_value_i/sqrt_i/U0/i_synth/i_synth/gen_sqrt.square_root/gen_iterations[13].gen_post_mid.gen_rem/gen_rem_inc/inst/i_baseblox.i_baseblox_addsub/no_pipelining.the_addsub/i_lut6.i_lut6_addsub/i_simple_model.i_gt_1.carrychaingen[8].carrymux_CARRY4/CO[3]
                         net (fo=1, routed)           0.000     6.346    abs_value_i/sqrt_i/U0/i_synth/i_synth/gen_sqrt.square_root/gen_iterations[13].gen_post_mid.gen_rem/gen_rem_inc/inst/i_baseblox.i_baseblox_addsub/no_pipelining.the_addsub/i_lut6.i_lut6_addsub/carry_simple_11
    SLICE_X6Y61          CARRY4 (Prop_carry4_CI_O[3])
                                                      0.331     6.677 f  abs_value_i/sqrt_i/U0/i_synth/i_synth/gen_sqrt.square_root/gen_iterations[13].gen_post_mid.gen_rem/gen_rem_inc/inst/i_baseblox.i_baseblox_addsub/no_pipelining.the_addsub/i_lut6.i_lut6_addsub/i_simple_model.i_gt_1.carrychaingen[12].carrymux_CARRY4/O[3]
                         net (fo=15, routed)          1.657     8.333    abs_value_i/sqrt_i/U0/i_synth/i_synth/gen_sqrt.square_root/gen_iterations[13].gen_post_mid.gen_rem/rem_inc[15]
    SLICE_X2Y57          LUT1 (Prop_lut1_I0_O)        0.333     8.666 r  abs_value_i/sqrt_i/U0/i_synth/i_synth/gen_sqrt.square_root/gen_iterations[13].gen_post_mid.gen_rem/gen_rtl.gen_reg.d_reg[1]_i_1/O
                         net (fo=1, routed)           0.000     8.666    abs_value_i/sqrt_i/U0/i_synth/i_synth/gen_sqrt.square_root/gen_iterations[13].gen_post_mid.gen_rem/gen_rem.gen_rem_out/gen_rtl.gen_reg.d_reg_reg[1]_0
    SLICE_X2Y57          FDRE                                         r  abs_value_i/sqrt_i/U0/i_synth/i_synth/gen_sqrt.square_root/gen_iterations[13].gen_post_mid.gen_rem/gen_rem.gen_rem_out/gen_rtl.gen_reg.d_reg_reg[1]/D
  -------------------------------------------------------------------    -------------------

Slack:                    inf
  Source:                 abs_value_i/sqrt_i/U0/i_synth/i_synth/gen_sqrt.square_root/gen_iterations[11].gen_post_mid.gen_rem/gen_inv_sqrt_out/gen_rtl.gen_reg.d_reg_reg[1]/C
                            (rising edge-triggered cell FDRE)
  Destination:            abs_value_i/sqrt_i/U0/i_synth/i_synth/gen_sqrt.square_root/gen_iterations[13].gen_post_mid.gen_rem/gen_rem.gen_rem_out/gen_rtl.gen_reg.d_reg_reg[0]/D
  Path Group:             (none)
  Path Type:              Max at Slow Process Corner
  Data Path Delay:        8.640ns  (logic 3.241ns (37.511%)  route 5.399ns (62.489%))
  Logic Levels:           12  (CARRY4=7 FDRE=1 LUT1=1 LUT2=2 LUT3=1)

    Location             Delay type                Incr(ns)  Path(ns)    Netlist Resource(s)
  -------------------------------------------------------------------    -------------------
    SLICE_X10Y61         FDRE                         0.000     0.000 r  abs_value_i/sqrt_i/U0/i_synth/i_synth/gen_sqrt.square_root/gen_iterations[11].gen_post_mid.gen_rem/gen_inv_sqrt_out/gen_rtl.gen_reg.d_reg_reg[1]/C
    SLICE_X10Y61         FDRE (Prop_fdre_C_Q)         0.518     0.518 r  abs_value_i/sqrt_i/U0/i_synth/i_synth/gen_sqrt.square_root/gen_iterations[11].gen_post_mid.gen_rem/gen_inv_sqrt_out/gen_rtl.gen_reg.d_reg_reg[1]/Q
                         net (fo=3, routed)           1.364     1.882    abs_value_i/sqrt_i/U0/i_synth/i_synth/gen_sqrt.square_root/gen_iterations[12].gen_post_mid.gen_rem/gen_rem_inc/inst/i_baseblox.i_baseblox_addsub/no_pipelining.the_addsub/i_lut6.i_lut6_addsub/B[1]
    SLICE_X7Y58          LUT2 (Prop_lut2_I0_O)        0.124     2.006 r  abs_value_i/sqrt_i/U0/i_synth/i_synth/gen_sqrt.square_root/gen_iterations[12].gen_post_mid.gen_rem/gen_rem_inc/inst/i_baseblox.i_baseblox_addsub/no_pipelining.the_addsub/i_lut6.i_lut6_addsub/i_simple_model.i_gt_1.carrychaingen[3].carryxor_i_1/O
                         net (fo=1, routed)           0.000     2.006    abs_value_i/sqrt_i/U0/i_synth/i_synth/gen_sqrt.square_root/gen_iterations[12].gen_post_mid.gen_rem/gen_rem_inc/inst/i_baseblox.i_baseblox_addsub/no_pipelining.the_addsub/i_lut6.i_lut6_addsub/i_simple_model.i_gt_1.carrychaingen[3].carryxor_i_1_n_0
    SLICE_X7Y58          CARRY4 (Prop_carry4_S[3]_CO[3])
                                                      0.401     2.407 r  abs_value_i/sqrt_i/U0/i_synth/i_synth/gen_sqrt.square_root/gen_iterations[12].gen_post_mid.gen_rem/gen_rem_inc/inst/i_baseblox.i_baseblox_addsub/no_pipelining.the_addsub/i_lut6.i_lut6_addsub/i_simple_model.carrymux0_CARRY4/CO[3]
                         net (fo=1, routed)           0.000     2.407    abs_value_i/sqrt_i/U0/i_synth/i_synth/gen_sqrt.square_root/gen_iterations[12].gen_post_mid.gen_rem/gen_rem_inc/inst/i_baseblox.i_baseblox_addsub/no_pipelining.the_addsub/i_lut6.i_lut6_addsub/carry_simple_3
    SLICE_X7Y59          CARRY4 (Prop_carry4_CI_CO[3])
                                                      0.114     2.521 r  abs_value_i/sqrt_i/U0/i_synth/i_synth/gen_sqrt.square_root/gen_iterations[12].gen_post_mid.gen_rem/gen_rem_inc/inst/i_baseblox.i_baseblox_addsub/no_pipelining.the_addsub/i_lut6.i_lut6_addsub/i_simple_model.i_gt_1.carrychaingen[4].carrymux_CARRY4/CO[3]
                         net (fo=1, routed)           0.000     2.521    abs_value_i/sqrt_i/U0/i_synth/i_synth/gen_sqrt.square_root/gen_iterations[12].gen_post_mid.gen_rem/gen_rem_inc/inst/i_baseblox.i_baseblox_addsub/no_pipelining.the_addsub/i_lut6.i_lut6_addsub/carry_simple_7
    SLICE_X7Y60          CARRY4 (Prop_carry4_CI_CO[3])
                                                      0.114     2.635 r  abs_value_i/sqrt_i/U0/i_synth/i_synth/gen_sqrt.square_root/gen_iterations[12].gen_post_mid.gen_rem/gen_rem_inc/inst/i_baseblox.i_baseblox_addsub/no_pipelining.the_addsub/i_lut6.i_lut6_addsub/i_simple_model.i_gt_1.carrychaingen[8].carrymux_CARRY4/CO[3]
                         net (fo=1, routed)           0.000     2.635    abs_value_i/sqrt_i/U0/i_synth/i_synth/gen_sqrt.square_root/gen_iterations[12].gen_post_mid.gen_rem/gen_rem_inc/inst/i_baseblox.i_baseblox_addsub/no_pipelining.the_addsub/i_lut6.i_lut6_addsub/carry_simple_11
    SLICE_X7Y61          CARRY4 (Prop_carry4_CI_O[2])
                                                      0.256     2.891 r  abs_value_i/sqrt_i/U0/i_synth/i_synth/gen_sqrt.square_root/gen_iterations[12].gen_post_mid.gen_rem/gen_rem_inc/inst/i_baseblox.i_baseblox_addsub/no_pipelining.the_addsub/i_lut6.i_lut6_addsub/i_simple_model.i_gt_1.carrychaingen[12].carrymux_CARRY4/O[2]
                         net (fo=29, routed)          1.375     4.266    abs_value_i/sqrt_i/U0/i_synth/i_synth/gen_sqrt.square_root/gen_iterations[12].gen_post_mid.gen_rem/S[12]
    SLICE_X5Y58          LUT3 (Prop_lut3_I1_O)        0.302     4.568 r  abs_value_i/sqrt_i/U0/i_synth/i_synth/gen_sqrt.square_root/gen_iterations[12].gen_post_mid.gen_rem/inst_i_10/O
                         net (fo=2, routed)           1.003     5.572    abs_value_i/sqrt_i/U0/i_synth/i_synth/gen_sqrt.square_root/gen_iterations[13].gen_post_mid.gen_rem/gen_rem_inc/inst/i_baseblox.i_baseblox_addsub/no_pipelining.the_addsub/i_lut6.i_lut6_addsub/A[5]
    SLICE_X6Y59          LUT2 (Prop_lut2_I1_O)        0.124     5.696 r  abs_value_i/sqrt_i/U0/i_synth/i_synth/gen_sqrt.square_root/gen_iterations[13].gen_post_mid.gen_rem/gen_rem_inc/inst/i_baseblox.i_baseblox_addsub/no_pipelining.the_addsub/i_lut6.i_lut6_addsub/i_simple_model.i_gt_1.carrychaingen[5].carryxor_i_1/O
                         net (fo=1, routed)           0.000     5.696    abs_value_i/sqrt_i/U0/i_synth/i_synth/gen_sqrt.square_root/gen_iterations[13].gen_post_mid.gen_rem/gen_rem_inc/inst/i_baseblox.i_baseblox_addsub/no_pipelining.the_addsub/i_lut6.i_lut6_addsub/i_simple_model.i_gt_1.carrychaingen[5].carryxor_i_1_n_0
    SLICE_X6Y59          CARRY4 (Prop_carry4_S[1]_CO[3])
                                                      0.533     6.229 r  abs_value_i/sqrt_i/U0/i_synth/i_synth/gen_sqrt.square_root/gen_iterations[13].gen_post_mid.gen_rem/gen_rem_inc/inst/i_baseblox.i_baseblox_addsub/no_pipelining.the_addsub/i_lut6.i_lut6_addsub/i_simple_model.i_gt_1.carrychaingen[4].carrymux_CARRY4/CO[3]
                         net (fo=1, routed)           0.000     6.229    abs_value_i/sqrt_i/U0/i_synth/i_synth/gen_sqrt.square_root/gen_iterations[13].gen_post_mid.gen_rem/gen_rem_inc/inst/i_baseblox.i_baseblox_addsub/no_pipelining.the_addsub/i_lut6.i_lut6_addsub/carry_simple_7
    SLICE_X6Y60          CARRY4 (Prop_carry4_CI_CO[3])
                                                      0.117     6.346 r  abs_value_i/sqrt_i/U0/i_synth/i_synth/gen_sqrt.square_root/gen_iterations[13].gen_post_mid.gen_rem/gen_rem_inc/inst/i_baseblox.i_baseblox_addsub/no_pipelining.the_addsub/i_lut6.i_lut6_addsub/i_simple_model.i_gt_1.carrychaingen[8].carrymux_CARRY4/CO[3]
                         net (fo=1, routed)           0.000     6.346    abs_value_i/sqrt_i/U0/i_synth/i_synth/gen_sqrt.square_root/gen_iterations[13].gen_post_mid.gen_rem/gen_rem_inc/inst/i_baseblox.i_baseblox_addsub/no_pipelining.the_addsub/i_lut6.i_lut6_addsub/carry_simple_11
    SLICE_X6Y61          CARRY4 (Prop_carry4_CI_O[3])
                                                      0.331     6.677 f  abs_value_i/sqrt_i/U0/i_synth/i_synth/gen_sqrt.square_root/gen_iterations[13].gen_post_mid.gen_rem/gen_rem_inc/inst/i_baseblox.i_baseblox_addsub/no_pipelining.the_addsub/i_lut6.i_lut6_addsub/i_simple_model.i_gt_1.carrychaingen[12].carrymux_CARRY4/O[3]
                         net (fo=15, routed)          1.657     8.333    abs_value_i/sqrt_i/U0/i_synth/i_synth/gen_sqrt.square_root/gen_iterations[13].gen_post_mid.gen_rem/rem_inc[15]
    SLICE_X2Y57          LUT1 (Prop_lut1_I0_O)        0.307     8.640 r  abs_value_i/sqrt_i/U0/i_synth/i_synth/gen_sqrt.square_root/gen_iterations[13].gen_post_mid.gen_rem/gen_rtl.gen_reg.d_reg[0]_i_1/O
                         net (fo=1, routed)           0.000     8.640    abs_value_i/sqrt_i/U0/i_synth/i_synth/gen_sqrt.square_root/gen_iterations[13].gen_post_mid.gen_rem/gen_rem.gen_rem_out/gen_rtl.gen_reg.d_reg_reg[0]_0
    SLICE_X2Y57          FDRE                                         r  abs_value_i/sqrt_i/U0/i_synth/i_synth/gen_sqrt.square_root/gen_iterations[13].gen_post_mid.gen_rem/gen_rem.gen_rem_out/gen_rtl.gen_reg.d_reg_reg[0]/D
  -------------------------------------------------------------------    -------------------

Slack:                    inf
  Source:                 abs_value_i/sqrt_i/U0/i_synth/i_synth/gen_sqrt.square_root/gen_iterations[13].gen_post_mid.gen_rem/gen_inv_sqrt_out/gen_rtl.gen_reg.d_reg_reg[1]/C
                            (rising edge-triggered cell FDRE)
  Destination:            abs_value_i/sqrt_i/U0/i_synth/i_synth/gen_sqrt.square_root/gen_iterations[15].gen_post_mid.gen_rem/gen_rem.gen_rem_out/gen_rtl.gen_reg.d_reg_reg[1]/D
  Path Group:             (none)
  Path Type:              Max at Slow Process Corner
  Data Path Delay:        8.343ns  (logic 3.145ns (37.697%)  route 5.198ns (62.303%))
  Logic Levels:           13  (CARRY4=8 FDRE=1 LUT1=1 LUT2=2 LUT3=1)

    Location             Delay type                Incr(ns)  Path(ns)    Netlist Resource(s)
  -------------------------------------------------------------------    -------------------
    SLICE_X7Y61          FDRE                         0.000     0.000 r  abs_value_i/sqrt_i/U0/i_synth/i_synth/gen_sqrt.square_root/gen_iterations[13].gen_post_mid.gen_rem/gen_inv_sqrt_out/gen_rtl.gen_reg.d_reg_reg[1]/C
    SLICE_X7Y61          FDRE (Prop_fdre_C_Q)         0.456     0.456 r  abs_value_i/sqrt_i/U0/i_synth/i_synth/gen_sqrt.square_root/gen_iterations[13].gen_post_mid.gen_rem/gen_inv_sqrt_out/gen_rtl.gen_reg.d_reg_reg[1]/Q
                         net (fo=3, routed)           1.097     1.553    abs_value_i/sqrt_i/U0/i_synth/i_synth/gen_sqrt.square_root/gen_iterations[14].gen_post_mid.gen_rem/gen_rem_inc/inst/i_baseblox.i_baseblox_addsub/no_pipelining.the_addsub/i_lut6.i_lut6_addsub/B[1]
    SLICE_X3Y58          LUT2 (Prop_lut2_I0_O)        0.124     1.677 r  abs_value_i/sqrt_i/U0/i_synth/i_synth/gen_sqrt.square_root/gen_iterations[14].gen_post_mid.gen_rem/gen_rem_inc/inst/i_baseblox.i_baseblox_addsub/no_pipelining.the_addsub/i_lut6.i_lut6_addsub/i_simple_model.i_gt_1.carrychaingen[3].carryxor_i_1/O
                         net (fo=1, routed)           0.000     1.677    abs_value_i/sqrt_i/U0/i_synth/i_synth/gen_sqrt.square_root/gen_iterations[14].gen_post_mid.gen_rem/gen_rem_inc/inst/i_baseblox.i_baseblox_addsub/no_pipelining.the_addsub/i_lut6.i_lut6_addsub/i_simple_model.i_gt_1.carrychaingen[3].carryxor_i_1_n_0
    SLICE_X3Y58          CARRY4 (Prop_carry4_S[3]_CO[3])
                                                      0.401     2.078 r  abs_value_i/sqrt_i/U0/i_synth/i_synth/gen_sqrt.square_root/gen_iterations[14].gen_post_mid.gen_rem/gen_rem_inc/inst/i_baseblox.i_baseblox_addsub/no_pipelining.the_addsub/i_lut6.i_lut6_addsub/i_simple_model.carrymux0_CARRY4/CO[3]
                         net (fo=1, routed)           0.000     2.078    abs_value_i/sqrt_i/U0/i_synth/i_synth/gen_sqrt.square_root/gen_iterations[14].gen_post_mid.gen_rem/gen_rem_inc/inst/i_baseblox.i_baseblox_addsub/no_pipelining.the_addsub/i_lut6.i_lut6_addsub/carry_simple_3
    SLICE_X3Y59          CARRY4 (Prop_carry4_CI_CO[3])
                                                      0.114     2.192 r  abs_value_i/sqrt_i/U0/i_synth/i_synth/gen_sqrt.square_root/gen_iterations[14].gen_post_mid.gen_rem/gen_rem_inc/inst/i_baseblox.i_baseblox_addsub/no_pipelining.the_addsub/i_lut6.i_lut6_addsub/i_simple_model.i_gt_1.carrychaingen[4].carrymux_CARRY4/CO[3]
                         net (fo=1, routed)           0.000     2.192    abs_value_i/sqrt_i/U0/i_synth/i_synth/gen_sqrt.square_root/gen_iterations[14].gen_post_mid.gen_rem/gen_rem_inc/inst/i_baseblox.i_baseblox_addsub/no_pipelining.the_addsub/i_lut6.i_lut6_addsub/carry_simple_7
    SLICE_X3Y60          CARRY4 (Prop_carry4_CI_CO[3])
                                                      0.114     2.306 r  abs_value_i/sqrt_i/U0/i_synth/i_synth/gen_sqrt.square_root/gen_iterations[14].gen_post_mid.gen_rem/gen_rem_inc/inst/i_baseblox.i_baseblox_addsub/no_pipelining.the_addsub/i_lut6.i_lut6_addsub/i_simple_model.i_gt_1.carrychaingen[8].carrymux_CARRY4/CO[3]
                         net (fo=1, routed)           0.000     2.306    abs_value_i/sqrt_i/U0/i_synth/i_synth/gen_sqrt.square_root/gen_iterations[14].gen_post_mid.gen_rem/gen_rem_inc/inst/i_baseblox.i_baseblox_addsub/no_pipelining.the_addsub/i_lut6.i_lut6_addsub/carry_simple_11
    SLICE_X3Y61          CARRY4 (Prop_carry4_CI_CO[3])
                                                      0.114     2.420 r  abs_value_i/sqrt_i/U0/i_synth/i_synth/gen_sqrt.square_root/gen_iterations[14].gen_post_mid.gen_rem/gen_rem_inc/inst/i_baseblox.i_baseblox_addsub/no_pipelining.the_addsub/i_lut6.i_lut6_addsub/i_simple_model.i_gt_1.carrychaingen[12].carrymux_CARRY4/CO[3]
                         net (fo=1, routed)           0.000     2.420    abs_value_i/sqrt_i/U0/i_synth/i_synth/gen_sqrt.square_root/gen_iterations[14].gen_post_mid.gen_rem/gen_rem_inc/inst/i_baseblox.i_baseblox_addsub/no_pipelining.the_addsub/i_lut6.i_lut6_addsub/carry_simple_15
    SLICE_X3Y62          CARRY4 (Prop_carry4_CI_O[0])
                                                      0.235     2.655 r  abs_value_i/sqrt_i/U0/i_synth/i_synth/gen_sqrt.square_root/gen_iterations[14].gen_post_mid.gen_rem/gen_rem_inc/inst/i_baseblox.i_baseblox_addsub/no_pipelining.the_addsub/i_lut6.i_lut6_addsub/i_simple_model.i_gt_1.carrychaingen[16].carryxor_CARRY4/O[0]
                         net (fo=33, routed)          1.917     4.573    abs_value_i/sqrt_i/U0/i_synth/i_synth/gen_sqrt.square_root/gen_iterations[14].gen_post_mid.gen_rem/S[14]
    SLICE_X1Y61          LUT3 (Prop_lut3_I1_O)        0.299     4.872 r  abs_value_i/sqrt_i/U0/i_synth/i_synth/gen_sqrt.square_root/gen_iterations[14].gen_post_mid.gen_rem/inst_i_6/O
                         net (fo=2, routed)           0.683     5.555    abs_value_i/sqrt_i/U0/i_synth/i_synth/gen_sqrt.square_root/gen_iterations[15].gen_post_mid.gen_rem/gen_rem_inc/inst/i_baseblox.i_baseblox_addsub/no_pipelining.the_addsub/i_lut6.i_lut6_addsub/A[11]
    SLICE_X2Y60          LUT2 (Prop_lut2_I1_O)        0.124     5.679 r  abs_value_i/sqrt_i/U0/i_synth/i_synth/gen_sqrt.square_root/gen_iterations[15].gen_post_mid.gen_rem/gen_rem_inc/inst/i_baseblox.i_baseblox_addsub/no_pipelining.the_addsub/i_lut6.i_lut6_addsub/i_simple_model.i_gt_1.carrychaingen[11].carryxor_i_1/O
                         net (fo=1, routed)           0.000     5.679    abs_value_i/sqrt_i/U0/i_synth/i_synth/gen_sqrt.square_root/gen_iterations[15].gen_post_mid.gen_rem/gen_rem_inc/inst/i_baseblox.i_baseblox_addsub/no_pipelining.the_addsub/i_lut6.i_lut6_addsub/i_simple_model.i_gt_1.carrychaingen[11].carryxor_i_1_n_0
    SLICE_X2Y60          CARRY4 (Prop_carry4_S[3]_CO[3])
                                                      0.376     6.055 r  abs_value_i/sqrt_i/U0/i_synth/i_synth/gen_sqrt.square_root/gen_iterations[15].gen_post_mid.gen_rem/gen_rem_inc/inst/i_baseblox.i_baseblox_addsub/no_pipelining.the_addsub/i_lut6.i_lut6_addsub/i_simple_model.i_gt_1.carrychaingen[8].carrymux_CARRY4/CO[3]
                         net (fo=1, routed)           0.000     6.055    abs_value_i/sqrt_i/U0/i_synth/i_synth/gen_sqrt.square_root/gen_iterations[15].gen_post_mid.gen_rem/gen_rem_inc/inst/i_baseblox.i_baseblox_addsub/no_pipelining.the_addsub/i_lut6.i_lut6_addsub/carry_simple_11
    SLICE_X2Y61          CARRY4 (Prop_carry4_CI_CO[3])
                                                      0.117     6.172 r  abs_value_i/sqrt_i/U0/i_synth/i_synth/gen_sqrt.square_root/gen_iterations[15].gen_post_mid.gen_rem/gen_rem_inc/inst/i_baseblox.i_baseblox_addsub/no_pipelining.the_addsub/i_lut6.i_lut6_addsub/i_simple_model.i_gt_1.carrychaingen[12].carrymux_CARRY4/CO[3]
                         net (fo=1, routed)           0.000     6.172    abs_value_i/sqrt_i/U0/i_synth/i_synth/gen_sqrt.square_root/gen_iterations[15].gen_post_mid.gen_rem/gen_rem_inc/inst/i_baseblox.i_baseblox_addsub/no_pipelining.the_addsub/i_lut6.i_lut6_addsub/carry_simple_15
    SLICE_X2Y62          CARRY4 (Prop_carry4_CI_O[1])
                                                      0.337     6.509 f  abs_value_i/sqrt_i/U0/i_synth/i_synth/gen_sqrt.square_root/gen_iterations[15].gen_post_mid.gen_rem/gen_rem_inc/inst/i_baseblox.i_baseblox_addsub/no_pipelining.the_addsub/i_lut6.i_lut6_addsub/i_simple_model.i_gt_1.carrychaingen[16].carrymux_CARRY4/O[1]
                         net (fo=17, routed)          1.500     8.009    abs_value_i/sqrt_i/U0/i_synth/i_synth/gen_sqrt.square_root/gen_iterations[15].gen_post_mid.gen_rem/rem_inc[17]
    SLICE_X0Y57          LUT1 (Prop_lut1_I0_O)        0.334     8.343 r  abs_value_i/sqrt_i/U0/i_synth/i_synth/gen_sqrt.square_root/gen_iterations[15].gen_post_mid.gen_rem/gen_rtl.gen_reg.d_reg[1]_i_1/O
                         net (fo=1, routed)           0.000     8.343    abs_value_i/sqrt_i/U0/i_synth/i_synth/gen_sqrt.square_root/gen_iterations[15].gen_post_mid.gen_rem/gen_rem.gen_rem_out/gen_rtl.gen_reg.d_reg_reg[1]_0
    SLICE_X0Y57          FDRE                                         r  abs_value_i/sqrt_i/U0/i_synth/i_synth/gen_sqrt.square_root/gen_iterations[15].gen_post_mid.gen_rem/gen_rem.gen_rem_out/gen_rtl.gen_reg.d_reg_reg[1]/D
  -------------------------------------------------------------------    -------------------

Slack:                    inf
  Source:                 abs_value_i/sqrt_i/U0/i_synth/i_synth/gen_sqrt.square_root/gen_iterations[11].gen_post_mid.gen_rem/gen_inv_sqrt_out/gen_rtl.gen_reg.d_reg_reg[1]/C
                            (rising edge-triggered cell FDRE)
  Destination:            abs_value_i/sqrt_i/U0/i_synth/i_synth/gen_sqrt.square_root/gen_iterations[13].gen_post_mid.gen_rem/gen_rem.gen_rem_out/gen_rtl.gen_reg.d_reg_reg[2]/D
  Path Group:             (none)
  Path Type:              Max at Slow Process Corner
  Data Path Delay:        8.335ns  (logic 3.241ns (38.885%)  route 5.094ns (61.115%))
  Logic Levels:           12  (CARRY4=7 FDRE=1 LUT2=2 LUT3=2)

    Location             Delay type                Incr(ns)  Path(ns)    Netlist Resource(s)
  -------------------------------------------------------------------    -------------------
    SLICE_X10Y61         FDRE                         0.000     0.000 r  abs_value_i/sqrt_i/U0/i_synth/i_synth/gen_sqrt.square_root/gen_iterations[11].gen_post_mid.gen_rem/gen_inv_sqrt_out/gen_rtl.gen_reg.d_reg_reg[1]/C
    SLICE_X10Y61         FDRE (Prop_fdre_C_Q)         0.518     0.518 r  abs_value_i/sqrt_i/U0/i_synth/i_synth/gen_sqrt.square_root/gen_iterations[11].gen_post_mid.gen_rem/gen_inv_sqrt_out/gen_rtl.gen_reg.d_reg_reg[1]/Q
                         net (fo=3, routed)           1.364     1.882    abs_value_i/sqrt_i/U0/i_synth/i_synth/gen_sqrt.square_root/gen_iterations[12].gen_post_mid.gen_rem/gen_rem_inc/inst/i_baseblox.i_baseblox_addsub/no_pipelining.the_addsub/i_lut6.i_lut6_addsub/B[1]
    SLICE_X7Y58          LUT2 (Prop_lut2_I0_O)        0.124     2.006 r  abs_value_i/sqrt_i/U0/i_synth/i_synth/gen_sqrt.square_root/gen_iterations[12].gen_post_mid.gen_rem/gen_rem_inc/inst/i_baseblox.i_baseblox_addsub/no_pipelining.the_addsub/i_lut6.i_lut6_addsub/i_simple_model.i_gt_1.carrychaingen[3].carryxor_i_1/O
                         net (fo=1, routed)           0.000     2.006    abs_value_i/sqrt_i/U0/i_synth/i_synth/gen_sqrt.square_root/gen_iterations[12].gen_post_mid.gen_rem/gen_rem_inc/inst/i_baseblox.i_baseblox_addsub/no_pipelining.the_addsub/i_lut6.i_lut6_addsub/i_simple_model.i_gt_1.carrychaingen[3].carryxor_i_1_n_0
    SLICE_X7Y58          CARRY4 (Prop_carry4_S[3]_CO[3])
                                                      0.401     2.407 r  abs_value_i/sqrt_i/U0/i_synth/i_synth/gen_sqrt.square_root/gen_iterations[12].gen_post_mid.gen_rem/gen_rem_inc/inst/i_baseblox.i_baseblox_addsub/no_pipelining.the_addsub/i_lut6.i_lut6_addsub/i_simple_model.carrymux0_CARRY4/CO[3]
                         net (fo=1, routed)           0.000     2.407    abs_value_i/sqrt_i/U0/i_synth/i_synth/gen_sqrt.square_root/gen_iterations[12].gen_post_mid.gen_rem/gen_rem_inc/inst/i_baseblox.i_baseblox_addsub/no_pipelining.the_addsub/i_lut6.i_lut6_addsub/carry_simple_3
    SLICE_X7Y59          CARRY4 (Prop_carry4_CI_CO[3])
                                                      0.114     2.521 r  abs_value_i/sqrt_i/U0/i_synth/i_synth/gen_sqrt.square_root/gen_iterations[12].gen_post_mid.gen_rem/gen_rem_inc/inst/i_baseblox.i_baseblox_addsub/no_pipelining.the_addsub/i_lut6.i_lut6_addsub/i_simple_model.i_gt_1.carrychaingen[4].carrymux_CARRY4/CO[3]
                         net (fo=1, routed)           0.000     2.521    abs_value_i/sqrt_i/U0/i_synth/i_synth/gen_sqrt.square_root/gen_iterations[12].gen_post_mid.gen_rem/gen_rem_inc/inst/i_baseblox.i_baseblox_addsub/no_pipelining.the_addsub/i_lut6.i_lut6_addsub/carry_simple_7
    SLICE_X7Y60          CARRY4 (Prop_carry4_CI_CO[3])
                                                      0.114     2.635 r  abs_value_i/sqrt_i/U0/i_synth/i_synth/gen_sqrt.square_root/gen_iterations[12].gen_post_mid.gen_rem/gen_rem_inc/inst/i_baseblox.i_baseblox_addsub/no_pipelining.the_addsub/i_lut6.i_lut6_addsub/i_simple_model.i_gt_1.carrychaingen[8].carrymux_CARRY4/CO[3]
                         net (fo=1, routed)           0.000     2.635    abs_value_i/sqrt_i/U0/i_synth/i_synth/gen_sqrt.square_root/gen_iterations[12].gen_post_mid.gen_rem/gen_rem_inc/inst/i_baseblox.i_baseblox_addsub/no_pipelining.the_addsub/i_lut6.i_lut6_addsub/carry_simple_11
    SLICE_X7Y61          CARRY4 (Prop_carry4_CI_O[2])
                                                      0.256     2.891 r  abs_value_i/sqrt_i/U0/i_synth/i_synth/gen_sqrt.square_root/gen_iterations[12].gen_post_mid.gen_rem/gen_rem_inc/inst/i_baseblox.i_baseblox_addsub/no_pipelining.the_addsub/i_lut6.i_lut6_addsub/i_simple_model.i_gt_1.carrychaingen[12].carrymux_CARRY4/O[2]
                         net (fo=29, routed)          1.375     4.266    abs_value_i/sqrt_i/U0/i_synth/i_synth/gen_sqrt.square_root/gen_iterations[12].gen_post_mid.gen_rem/S[12]
    SLICE_X5Y58          LUT3 (Prop_lut3_I1_O)        0.302     4.568 r  abs_value_i/sqrt_i/U0/i_synth/i_synth/gen_sqrt.square_root/gen_iterations[12].gen_post_mid.gen_rem/inst_i_10/O
                         net (fo=2, routed)           1.003     5.572    abs_value_i/sqrt_i/U0/i_synth/i_synth/gen_sqrt.square_root/gen_iterations[13].gen_post_mid.gen_rem/gen_rem_inc/inst/i_baseblox.i_baseblox_addsub/no_pipelining.the_addsub/i_lut6.i_lut6_addsub/A[5]
    SLICE_X6Y59          LUT2 (Prop_lut2_I1_O)        0.124     5.696 r  abs_value_i/sqrt_i/U0/i_synth/i_synth/gen_sqrt.square_root/gen_iterations[13].gen_post_mid.gen_rem/gen_rem_inc/inst/i_baseblox.i_baseblox_addsub/no_pipelining.the_addsub/i_lut6.i_lut6_addsub/i_simple_model.i_gt_1.carrychaingen[5].carryxor_i_1/O
                         net (fo=1, routed)           0.000     5.696    abs_value_i/sqrt_i/U0/i_synth/i_synth/gen_sqrt.square_root/gen_iterations[13].gen_post_mid.gen_rem/gen_rem_inc/inst/i_baseblox.i_baseblox_addsub/no_pipelining.the_addsub/i_lut6.i_lut6_addsub/i_simple_model.i_gt_1.carrychaingen[5].carryxor_i_1_n_0
    SLICE_X6Y59          CARRY4 (Prop_carry4_S[1]_CO[3])
                                                      0.533     6.229 r  abs_value_i/sqrt_i/U0/i_synth/i_synth/gen_sqrt.square_root/gen_iterations[13].gen_post_mid.gen_rem/gen_rem_inc/inst/i_baseblox.i_baseblox_addsub/no_pipelining.the_addsub/i_lut6.i_lut6_addsub/i_simple_model.i_gt_1.carrychaingen[4].carrymux_CARRY4/CO[3]
                         net (fo=1, routed)           0.000     6.229    abs_value_i/sqrt_i/U0/i_synth/i_synth/gen_sqrt.square_root/gen_iterations[13].gen_post_mid.gen_rem/gen_rem_inc/inst/i_baseblox.i_baseblox_addsub/no_pipelining.the_addsub/i_lut6.i_lut6_addsub/carry_simple_7
    SLICE_X6Y60          CARRY4 (Prop_carry4_CI_CO[3])
                                                      0.117     6.346 r  abs_value_i/sqrt_i/U0/i_synth/i_synth/gen_sqrt.square_root/gen_iterations[13].gen_post_mid.gen_rem/gen_rem_inc/inst/i_baseblox.i_baseblox_addsub/no_pipelining.the_addsub/i_lut6.i_lut6_addsub/i_simple_model.i_gt_1.carrychaingen[8].carrymux_CARRY4/CO[3]
                         net (fo=1, routed)           0.000     6.346    abs_value_i/sqrt_i/U0/i_synth/i_synth/gen_sqrt.square_root/gen_iterations[13].gen_post_mid.gen_rem/gen_rem_inc/inst/i_baseblox.i_baseblox_addsub/no_pipelining.the_addsub/i_lut6.i_lut6_addsub/carry_simple_11
    SLICE_X6Y61          CARRY4 (Prop_carry4_CI_O[3])
                                                      0.331     6.677 r  abs_value_i/sqrt_i/U0/i_synth/i_synth/gen_sqrt.square_root/gen_iterations[13].gen_post_mid.gen_rem/gen_rem_inc/inst/i_baseblox.i_baseblox_addsub/no_pipelining.the_addsub/i_lut6.i_lut6_addsub/i_simple_model.i_gt_1.carrychaingen[12].carrymux_CARRY4/O[3]
                         net (fo=15, routed)          1.351     8.028    abs_value_i/sqrt_i/U0/i_synth/i_synth/gen_sqrt.square_root/gen_iterations[13].gen_post_mid.gen_rem/rem_inc[15]
    SLICE_X4Y58          LUT3 (Prop_lut3_I1_O)        0.307     8.335 r  abs_value_i/sqrt_i/U0/i_synth/i_synth/gen_sqrt.square_root/gen_iterations[13].gen_post_mid.gen_rem/gen_rtl.gen_reg.d_reg[2]_i_1/O
                         net (fo=1, routed)           0.000     8.335    abs_value_i/sqrt_i/U0/i_synth/i_synth/gen_sqrt.square_root/gen_iterations[13].gen_post_mid.gen_rem/gen_rem.gen_rem_out/gen_rtl.gen_reg.d_reg_reg[2]_0
    SLICE_X4Y58          FDRE                                         r  abs_value_i/sqrt_i/U0/i_synth/i_synth/gen_sqrt.square_root/gen_iterations[13].gen_post_mid.gen_rem/gen_rem.gen_rem_out/gen_rtl.gen_reg.d_reg_reg[2]/D
  -------------------------------------------------------------------    -------------------

Slack:                    inf
  Source:                 abs_value_i/sqrt_i/U0/i_synth/i_synth/gen_sqrt.square_root/gen_iterations[13].gen_post_mid.gen_rem/gen_inv_sqrt_out/gen_rtl.gen_reg.d_reg_reg[1]/C
                            (rising edge-triggered cell FDRE)
  Destination:            abs_value_i/sqrt_i/U0/i_synth/i_synth/gen_sqrt.square_root/gen_iterations[15].gen_post_mid.gen_rem/gen_rem.gen_rem_out/gen_rtl.gen_reg.d_reg_reg[2]/D
  Path Group:             (none)
  Path Type:              Max at Slow Process Corner
  Data Path Delay:        8.328ns  (logic 3.117ns (37.428%)  route 5.211ns (62.572%))
  Logic Levels:           13  (CARRY4=8 FDRE=1 LUT2=2 LUT3=2)

    Location             Delay type                Incr(ns)  Path(ns)    Netlist Resource(s)
  -------------------------------------------------------------------    -------------------
    SLICE_X7Y61          FDRE                         0.000     0.000 r  abs_value_i/sqrt_i/U0/i_synth/i_synth/gen_sqrt.square_root/gen_iterations[13].gen_post_mid.gen_rem/gen_inv_sqrt_out/gen_rtl.gen_reg.d_reg_reg[1]/C
    SLICE_X7Y61          FDRE (Prop_fdre_C_Q)         0.456     0.456 r  abs_value_i/sqrt_i/U0/i_synth/i_synth/gen_sqrt.square_root/gen_iterations[13].gen_post_mid.gen_rem/gen_inv_sqrt_out/gen_rtl.gen_reg.d_reg_reg[1]/Q
                         net (fo=3, routed)           1.097     1.553    abs_value_i/sqrt_i/U0/i_synth/i_synth/gen_sqrt.square_root/gen_iterations[14].gen_post_mid.gen_rem/gen_rem_inc/inst/i_baseblox.i_baseblox_addsub/no_pipelining.the_addsub/i_lut6.i_lut6_addsub/B[1]
    SLICE_X3Y58          LUT2 (Prop_lut2_I0_O)        0.124     1.677 r  abs_value_i/sqrt_i/U0/i_synth/i_synth/gen_sqrt.square_root/gen_iterations[14].gen_post_mid.gen_rem/gen_rem_inc/inst/i_baseblox.i_baseblox_addsub/no_pipelining.the_addsub/i_lut6.i_lut6_addsub/i_simple_model.i_gt_1.carrychaingen[3].carryxor_i_1/O
                         net (fo=1, routed)           0.000     1.677    abs_value_i/sqrt_i/U0/i_synth/i_synth/gen_sqrt.square_root/gen_iterations[14].gen_post_mid.gen_rem/gen_rem_inc/inst/i_baseblox.i_baseblox_addsub/no_pipelining.the_addsub/i_lut6.i_lut6_addsub/i_simple_model.i_gt_1.carrychaingen[3].carryxor_i_1_n_0
    SLICE_X3Y58          CARRY4 (Prop_carry4_S[3]_CO[3])
                                                      0.401     2.078 r  abs_value_i/sqrt_i/U0/i_synth/i_synth/gen_sqrt.square_root/gen_iterations[14].gen_post_mid.gen_rem/gen_rem_inc/inst/i_baseblox.i_baseblox_addsub/no_pipelining.the_addsub/i_lut6.i_lut6_addsub/i_simple_model.carrymux0_CARRY4/CO[3]
                         net (fo=1, routed)           0.000     2.078    abs_value_i/sqrt_i/U0/i_synth/i_synth/gen_sqrt.square_root/gen_iterations[14].gen_post_mid.gen_rem/gen_rem_inc/inst/i_baseblox.i_baseblox_addsub/no_pipelining.the_addsub/i_lut6.i_lut6_addsub/carry_simple_3
    SLICE_X3Y59          CARRY4 (Prop_carry4_CI_CO[3])
                                                      0.114     2.192 r  abs_value_i/sqrt_i/U0/i_synth/i_synth/gen_sqrt.square_root/gen_iterations[14].gen_post_mid.gen_rem/gen_rem_inc/inst/i_baseblox.i_baseblox_addsub/no_pipelining.the_addsub/i_lut6.i_lut6_addsub/i_simple_model.i_gt_1.carrychaingen[4].carrymux_CARRY4/CO[3]
                         net (fo=1, routed)           0.000     2.192    abs_value_i/sqrt_i/U0/i_synth/i_synth/gen_sqrt.square_root/gen_iterations[14].gen_post_mid.gen_rem/gen_rem_inc/inst/i_baseblox.i_baseblox_addsub/no_pipelining.the_addsub/i_lut6.i_lut6_addsub/carry_simple_7
    SLICE_X3Y60          CARRY4 (Prop_carry4_CI_CO[3])
                                                      0.114     2.306 r  abs_value_i/sqrt_i/U0/i_synth/i_synth/gen_sqrt.square_root/gen_iterations[14].gen_post_mid.gen_rem/gen_rem_inc/inst/i_baseblox.i_baseblox_addsub/no_pipelining.the_addsub/i_lut6.i_lut6_addsub/i_simple_model.i_gt_1.carrychaingen[8].carrymux_CARRY4/CO[3]
                         net (fo=1, routed)           0.000     2.306    abs_value_i/sqrt_i/U0/i_synth/i_synth/gen_sqrt.square_root/gen_iterations[14].gen_post_mid.gen_rem/gen_rem_inc/inst/i_baseblox.i_baseblox_addsub/no_pipelining.the_addsub/i_lut6.i_lut6_addsub/carry_simple_11
    SLICE_X3Y61          CARRY4 (Prop_carry4_CI_CO[3])
                                                      0.114     2.420 r  abs_value_i/sqrt_i/U0/i_synth/i_synth/gen_sqrt.square_root/gen_iterations[14].gen_post_mid.gen_rem/gen_rem_inc/inst/i_baseblox.i_baseblox_addsub/no_pipelining.the_addsub/i_lut6.i_lut6_addsub/i_simple_model.i_gt_1.carrychaingen[12].carrymux_CARRY4/CO[3]
                         net (fo=1, routed)           0.000     2.420    abs_value_i/sqrt_i/U0/i_synth/i_synth/gen_sqrt.square_root/gen_iterations[14].gen_post_mid.gen_rem/gen_rem_inc/inst/i_baseblox.i_baseblox_addsub/no_pipelining.the_addsub/i_lut6.i_lut6_addsub/carry_simple_15
    SLICE_X3Y62          CARRY4 (Prop_carry4_CI_O[0])
                                                      0.235     2.655 r  abs_value_i/sqrt_i/U0/i_synth/i_synth/gen_sqrt.square_root/gen_iterations[14].gen_post_mid.gen_rem/gen_rem_inc/inst/i_baseblox.i_baseblox_addsub/no_pipelining.the_addsub/i_lut6.i_lut6_addsub/i_simple_model.i_gt_1.carrychaingen[16].carryxor_CARRY4/O[0]
                         net (fo=33, routed)          1.917     4.573    abs_value_i/sqrt_i/U0/i_synth/i_synth/gen_sqrt.square_root/gen_iterations[14].gen_post_mid.gen_rem/S[14]
    SLICE_X1Y61          LUT3 (Prop_lut3_I1_O)        0.299     4.872 r  abs_value_i/sqrt_i/U0/i_synth/i_synth/gen_sqrt.square_root/gen_iterations[14].gen_post_mid.gen_rem/inst_i_6/O
                         net (fo=2, routed)           0.683     5.555    abs_value_i/sqrt_i/U0/i_synth/i_synth/gen_sqrt.square_root/gen_iterations[15].gen_post_mid.gen_rem/gen_rem_inc/inst/i_baseblox.i_baseblox_addsub/no_pipelining.the_addsub/i_lut6.i_lut6_addsub/A[11]
    SLICE_X2Y60          LUT2 (Prop_lut2_I1_O)        0.124     5.679 r  abs_value_i/sqrt_i/U0/i_synth/i_synth/gen_sqrt.square_root/gen_iterations[15].gen_post_mid.gen_rem/gen_rem_inc/inst/i_baseblox.i_baseblox_addsub/no_pipelining.the_addsub/i_lut6.i_lut6_addsub/i_simple_model.i_gt_1.carrychaingen[11].carryxor_i_1/O
                         net (fo=1, routed)           0.000     5.679    abs_value_i/sqrt_i/U0/i_synth/i_synth/gen_sqrt.square_root/gen_iterations[15].gen_post_mid.gen_rem/gen_rem_inc/inst/i_baseblox.i_baseblox_addsub/no_pipelining.the_addsub/i_lut6.i_lut6_addsub/i_simple_model.i_gt_1.carrychaingen[11].carryxor_i_1_n_0
    SLICE_X2Y60          CARRY4 (Prop_carry4_S[3]_CO[3])
                                                      0.376     6.055 r  abs_value_i/sqrt_i/U0/i_synth/i_synth/gen_sqrt.square_root/gen_iterations[15].gen_post_mid.gen_rem/gen_rem_inc/inst/i_baseblox.i_baseblox_addsub/no_pipelining.the_addsub/i_lut6.i_lut6_addsub/i_simple_model.i_gt_1.carrychaingen[8].carrymux_CARRY4/CO[3]
                         net (fo=1, routed)           0.000     6.055    abs_value_i/sqrt_i/U0/i_synth/i_synth/gen_sqrt.square_root/gen_iterations[15].gen_post_mid.gen_rem/gen_rem_inc/inst/i_baseblox.i_baseblox_addsub/no_pipelining.the_addsub/i_lut6.i_lut6_addsub/carry_simple_11
    SLICE_X2Y61          CARRY4 (Prop_carry4_CI_CO[3])
                                                      0.117     6.172 r  abs_value_i/sqrt_i/U0/i_synth/i_synth/gen_sqrt.square_root/gen_iterations[15].gen_post_mid.gen_rem/gen_rem_inc/inst/i_baseblox.i_baseblox_addsub/no_pipelining.the_addsub/i_lut6.i_lut6_addsub/i_simple_model.i_gt_1.carrychaingen[12].carrymux_CARRY4/CO[3]
                         net (fo=1, routed)           0.000     6.172    abs_value_i/sqrt_i/U0/i_synth/i_synth/gen_sqrt.square_root/gen_iterations[15].gen_post_mid.gen_rem/gen_rem_inc/inst/i_baseblox.i_baseblox_addsub/no_pipelining.the_addsub/i_lut6.i_lut6_addsub/carry_simple_15
    SLICE_X2Y62          CARRY4 (Prop_carry4_CI_O[1])
                                                      0.337     6.509 r  abs_value_i/sqrt_i/U0/i_synth/i_synth/gen_sqrt.square_root/gen_iterations[15].gen_post_mid.gen_rem/gen_rem_inc/inst/i_baseblox.i_baseblox_addsub/no_pipelining.the_addsub/i_lut6.i_lut6_addsub/i_simple_model.i_gt_1.carrychaingen[16].carrymux_CARRY4/O[1]
                         net (fo=17, routed)          1.513     8.022    abs_value_i/sqrt_i/U0/i_synth/i_synth/gen_sqrt.square_root/gen_iterations[15].gen_post_mid.gen_rem/rem_inc[17]
    SLICE_X2Y57          LUT3 (Prop_lut3_I1_O)        0.306     8.328 r  abs_value_i/sqrt_i/U0/i_synth/i_synth/gen_sqrt.square_root/gen_iterations[15].gen_post_mid.gen_rem/gen_rtl.gen_reg.d_reg[2]_i_1/O
                         net (fo=1, routed)           0.000     8.328    abs_value_i/sqrt_i/U0/i_synth/i_synth/gen_sqrt.square_root/gen_iterations[15].gen_post_mid.gen_rem/gen_rem.gen_rem_out/gen_rtl.gen_reg.d_reg_reg[2]_0
    SLICE_X2Y57          FDRE                                         r  abs_value_i/sqrt_i/U0/i_synth/i_synth/gen_sqrt.square_root/gen_iterations[15].gen_post_mid.gen_rem/gen_rem.gen_rem_out/gen_rtl.gen_reg.d_reg_reg[2]/D
  -------------------------------------------------------------------    -------------------

Slack:                    inf
  Source:                 abs_value_i/sqrt_i/U0/i_synth/i_synth/gen_sqrt.square_root/gen_iterations[11].gen_post_mid.gen_rem/gen_inv_sqrt_out/gen_rtl.gen_reg.d_reg_reg[1]/C
                            (rising edge-triggered cell FDRE)
  Destination:            abs_value_i/sqrt_i/U0/i_synth/i_synth/gen_sqrt.square_root/gen_iterations[13].gen_post_mid.gen_rem/gen_rem.gen_rem_out/gen_rtl.gen_reg.d_reg_reg[3]/D
  Path Group:             (none)
  Path Type:              Max at Slow Process Corner
  Data Path Delay:        8.328ns  (logic 3.241ns (38.919%)  route 5.087ns (61.081%))
  Logic Levels:           12  (CARRY4=7 FDRE=1 LUT2=2 LUT3=2)

    Location             Delay type                Incr(ns)  Path(ns)    Netlist Resource(s)
  -------------------------------------------------------------------    -------------------
    SLICE_X10Y61         FDRE                         0.000     0.000 r  abs_value_i/sqrt_i/U0/i_synth/i_synth/gen_sqrt.square_root/gen_iterations[11].gen_post_mid.gen_rem/gen_inv_sqrt_out/gen_rtl.gen_reg.d_reg_reg[1]/C
    SLICE_X10Y61         FDRE (Prop_fdre_C_Q)         0.518     0.518 r  abs_value_i/sqrt_i/U0/i_synth/i_synth/gen_sqrt.square_root/gen_iterations[11].gen_post_mid.gen_rem/gen_inv_sqrt_out/gen_rtl.gen_reg.d_reg_reg[1]/Q
                         net (fo=3, routed)           1.364     1.882    abs_value_i/sqrt_i/U0/i_synth/i_synth/gen_sqrt.square_root/gen_iterations[12].gen_post_mid.gen_rem/gen_rem_inc/inst/i_baseblox.i_baseblox_addsub/no_pipelining.the_addsub/i_lut6.i_lut6_addsub/B[1]
    SLICE_X7Y58          LUT2 (Prop_lut2_I0_O)        0.124     2.006 r  abs_value_i/sqrt_i/U0/i_synth/i_synth/gen_sqrt.square_root/gen_iterations[12].gen_post_mid.gen_rem/gen_rem_inc/inst/i_baseblox.i_baseblox_addsub/no_pipelining.the_addsub/i_lut6.i_lut6_addsub/i_simple_model.i_gt_1.carrychaingen[3].carryxor_i_1/O
                         net (fo=1, routed)           0.000     2.006    abs_value_i/sqrt_i/U0/i_synth/i_synth/gen_sqrt.square_root/gen_iterations[12].gen_post_mid.gen_rem/gen_rem_inc/inst/i_baseblox.i_baseblox_addsub/no_pipelining.the_addsub/i_lut6.i_lut6_addsub/i_simple_model.i_gt_1.carrychaingen[3].carryxor_i_1_n_0
    SLICE_X7Y58          CARRY4 (Prop_carry4_S[3]_CO[3])
                                                      0.401     2.407 r  abs_value_i/sqrt_i/U0/i_synth/i_synth/gen_sqrt.square_root/gen_iterations[12].gen_post_mid.gen_rem/gen_rem_inc/inst/i_baseblox.i_baseblox_addsub/no_pipelining.the_addsub/i_lut6.i_lut6_addsub/i_simple_model.carrymux0_CARRY4/CO[3]
                         net (fo=1, routed)           0.000     2.407    abs_value_i/sqrt_i/U0/i_synth/i_synth/gen_sqrt.square_root/gen_iterations[12].gen_post_mid.gen_rem/gen_rem_inc/inst/i_baseblox.i_baseblox_addsub/no_pipelining.the_addsub/i_lut6.i_lut6_addsub/carry_simple_3
    SLICE_X7Y59          CARRY4 (Prop_carry4_CI_CO[3])
                                                      0.114     2.521 r  abs_value_i/sqrt_i/U0/i_synth/i_synth/gen_sqrt.square_root/gen_iterations[12].gen_post_mid.gen_rem/gen_rem_inc/inst/i_baseblox.i_baseblox_addsub/no_pipelining.the_addsub/i_lut6.i_lut6_addsub/i_simple_model.i_gt_1.carrychaingen[4].carrymux_CARRY4/CO[3]
                         net (fo=1, routed)           0.000     2.521    abs_value_i/sqrt_i/U0/i_synth/i_synth/gen_sqrt.square_root/gen_iterations[12].gen_post_mid.gen_rem/gen_rem_inc/inst/i_baseblox.i_baseblox_addsub/no_pipelining.the_addsub/i_lut6.i_lut6_addsub/carry_simple_7
    SLICE_X7Y60          CARRY4 (Prop_carry4_CI_CO[3])
                                                      0.114     2.635 r  abs_value_i/sqrt_i/U0/i_synth/i_synth/gen_sqrt.square_root/gen_iterations[12].gen_post_mid.gen_rem/gen_rem_inc/inst/i_baseblox.i_baseblox_addsub/no_pipelining.the_addsub/i_lut6.i_lut6_addsub/i_simple_model.i_gt_1.carrychaingen[8].carrymux_CARRY4/CO[3]
                         net (fo=1, routed)           0.000     2.635    abs_value_i/sqrt_i/U0/i_synth/i_synth/gen_sqrt.square_root/gen_iterations[12].gen_post_mid.gen_rem/gen_rem_inc/inst/i_baseblox.i_baseblox_addsub/no_pipelining.the_addsub/i_lut6.i_lut6_addsub/carry_simple_11
    SLICE_X7Y61          CARRY4 (Prop_carry4_CI_O[2])
                                                      0.256     2.891 r  abs_value_i/sqrt_i/U0/i_synth/i_synth/gen_sqrt.square_root/gen_iterations[12].gen_post_mid.gen_rem/gen_rem_inc/inst/i_baseblox.i_baseblox_addsub/no_pipelining.the_addsub/i_lut6.i_lut6_addsub/i_simple_model.i_gt_1.carrychaingen[12].carrymux_CARRY4/O[2]
                         net (fo=29, routed)          1.375     4.266    abs_value_i/sqrt_i/U0/i_synth/i_synth/gen_sqrt.square_root/gen_iterations[12].gen_post_mid.gen_rem/S[12]
    SLICE_X5Y58          LUT3 (Prop_lut3_I1_O)        0.302     4.568 r  abs_value_i/sqrt_i/U0/i_synth/i_synth/gen_sqrt.square_root/gen_iterations[12].gen_post_mid.gen_rem/inst_i_10/O
                         net (fo=2, routed)           1.003     5.572    abs_value_i/sqrt_i/U0/i_synth/i_synth/gen_sqrt.square_root/gen_iterations[13].gen_post_mid.gen_rem/gen_rem_inc/inst/i_baseblox.i_baseblox_addsub/no_pipelining.the_addsub/i_lut6.i_lut6_addsub/A[5]
    SLICE_X6Y59          LUT2 (Prop_lut2_I1_O)        0.124     5.696 r  abs_value_i/sqrt_i/U0/i_synth/i_synth/gen_sqrt.square_root/gen_iterations[13].gen_post_mid.gen_rem/gen_rem_inc/inst/i_baseblox.i_baseblox_addsub/no_pipelining.the_addsub/i_lut6.i_lut6_addsub/i_simple_model.i_gt_1.carrychaingen[5].carryxor_i_1/O
                         net (fo=1, routed)           0.000     5.696    abs_value_i/sqrt_i/U0/i_synth/i_synth/gen_sqrt.square_root/gen_iterations[13].gen_post_mid.gen_rem/gen_rem_inc/inst/i_baseblox.i_baseblox_addsub/no_pipelining.the_addsub/i_lut6.i_lut6_addsub/i_simple_model.i_gt_1.carrychaingen[5].carryxor_i_1_n_0
    SLICE_X6Y59          CARRY4 (Prop_carry4_S[1]_CO[3])
                                                      0.533     6.229 r  abs_value_i/sqrt_i/U0/i_synth/i_synth/gen_sqrt.square_root/gen_iterations[13].gen_post_mid.gen_rem/gen_rem_inc/inst/i_baseblox.i_baseblox_addsub/no_pipelining.the_addsub/i_lut6.i_lut6_addsub/i_simple_model.i_gt_1.carrychaingen[4].carrymux_CARRY4/CO[3]
                         net (fo=1, routed)           0.000     6.229    abs_value_i/sqrt_i/U0/i_synth/i_synth/gen_sqrt.square_root/gen_iterations[13].gen_post_mid.gen_rem/gen_rem_inc/inst/i_baseblox.i_baseblox_addsub/no_pipelining.the_addsub/i_lut6.i_lut6_addsub/carry_simple_7
    SLICE_X6Y60          CARRY4 (Prop_carry4_CI_CO[3])
                                                      0.117     6.346 r  abs_value_i/sqrt_i/U0/i_synth/i_synth/gen_sqrt.square_root/gen_iterations[13].gen_post_mid.gen_rem/gen_rem_inc/inst/i_baseblox.i_baseblox_addsub/no_pipelining.the_addsub/i_lut6.i_lut6_addsub/i_simple_model.i_gt_1.carrychaingen[8].carrymux_CARRY4/CO[3]
                         net (fo=1, routed)           0.000     6.346    abs_value_i/sqrt_i/U0/i_synth/i_synth/gen_sqrt.square_root/gen_iterations[13].gen_post_mid.gen_rem/gen_rem_inc/inst/i_baseblox.i_baseblox_addsub/no_pipelining.the_addsub/i_lut6.i_lut6_addsub/carry_simple_11
    SLICE_X6Y61          CARRY4 (Prop_carry4_CI_O[3])
                                                      0.331     6.677 r  abs_value_i/sqrt_i/U0/i_synth/i_synth/gen_sqrt.square_root/gen_iterations[13].gen_post_mid.gen_rem/gen_rem_inc/inst/i_baseblox.i_baseblox_addsub/no_pipelining.the_addsub/i_lut6.i_lut6_addsub/i_simple_model.i_gt_1.carrychaingen[12].carrymux_CARRY4/O[3]
                         net (fo=15, routed)          1.344     8.021    abs_value_i/sqrt_i/U0/i_synth/i_synth/gen_sqrt.square_root/gen_iterations[13].gen_post_mid.gen_rem/rem_inc[15]
    SLICE_X4Y58          LUT3 (Prop_lut3_I1_O)        0.307     8.328 r  abs_value_i/sqrt_i/U0/i_synth/i_synth/gen_sqrt.square_root/gen_iterations[13].gen_post_mid.gen_rem/gen_rtl.gen_reg.d_reg[3]_i_1/O
                         net (fo=1, routed)           0.000     8.328    abs_value_i/sqrt_i/U0/i_synth/i_synth/gen_sqrt.square_root/gen_iterations[13].gen_post_mid.gen_rem/gen_rem.gen_rem_out/gen_rtl.gen_reg.d_reg_reg[3]_0
    SLICE_X4Y58          FDRE                                         r  abs_value_i/sqrt_i/U0/i_synth/i_synth/gen_sqrt.square_root/gen_iterations[13].gen_post_mid.gen_rem/gen_rem.gen_rem_out/gen_rtl.gen_reg.d_reg_reg[3]/D
  -------------------------------------------------------------------    -------------------

Slack:                    inf
  Source:                 abs_value_i/sqrt_i/U0/i_synth/i_synth/gen_sqrt.square_root/gen_iterations[13].gen_post_mid.gen_rem/gen_inv_sqrt_out/gen_rtl.gen_reg.d_reg_reg[1]/C
                            (rising edge-triggered cell FDRE)
  Destination:            abs_value_i/sqrt_i/U0/i_synth/i_synth/gen_sqrt.square_root/gen_iterations[15].gen_post_mid.gen_rem/gen_rem.gen_rem_out/gen_rtl.gen_reg.d_reg_reg[0]/D
  Path Group:             (none)
  Path Type:              Max at Slow Process Corner
  Data Path Delay:        8.315ns  (logic 3.117ns (37.487%)  route 5.198ns (62.513%))
  Logic Levels:           13  (CARRY4=8 FDRE=1 LUT1=1 LUT2=2 LUT3=1)

    Location             Delay type                Incr(ns)  Path(ns)    Netlist Resource(s)
  -------------------------------------------------------------------    -------------------
    SLICE_X7Y61          FDRE                         0.000     0.000 r  abs_value_i/sqrt_i/U0/i_synth/i_synth/gen_sqrt.square_root/gen_iterations[13].gen_post_mid.gen_rem/gen_inv_sqrt_out/gen_rtl.gen_reg.d_reg_reg[1]/C
    SLICE_X7Y61          FDRE (Prop_fdre_C_Q)         0.456     0.456 r  abs_value_i/sqrt_i/U0/i_synth/i_synth/gen_sqrt.square_root/gen_iterations[13].gen_post_mid.gen_rem/gen_inv_sqrt_out/gen_rtl.gen_reg.d_reg_reg[1]/Q
                         net (fo=3, routed)           1.097     1.553    abs_value_i/sqrt_i/U0/i_synth/i_synth/gen_sqrt.square_root/gen_iterations[14].gen_post_mid.gen_rem/gen_rem_inc/inst/i_baseblox.i_baseblox_addsub/no_pipelining.the_addsub/i_lut6.i_lut6_addsub/B[1]
    SLICE_X3Y58          LUT2 (Prop_lut2_I0_O)        0.124     1.677 r  abs_value_i/sqrt_i/U0/i_synth/i_synth/gen_sqrt.square_root/gen_iterations[14].gen_post_mid.gen_rem/gen_rem_inc/inst/i_baseblox.i_baseblox_addsub/no_pipelining.the_addsub/i_lut6.i_lut6_addsub/i_simple_model.i_gt_1.carrychaingen[3].carryxor_i_1/O
                         net (fo=1, routed)           0.000     1.677    abs_value_i/sqrt_i/U0/i_synth/i_synth/gen_sqrt.square_root/gen_iterations[14].gen_post_mid.gen_rem/gen_rem_inc/inst/i_baseblox.i_baseblox_addsub/no_pipelining.the_addsub/i_lut6.i_lut6_addsub/i_simple_model.i_gt_1.carrychaingen[3].carryxor_i_1_n_0
    SLICE_X3Y58          CARRY4 (Prop_carry4_S[3]_CO[3])
                                                      0.401     2.078 r  abs_value_i/sqrt_i/U0/i_synth/i_synth/gen_sqrt.square_root/gen_iterations[14].gen_post_mid.gen_rem/gen_rem_inc/inst/i_baseblox.i_baseblox_addsub/no_pipelining.the_addsub/i_lut6.i_lut6_addsub/i_simple_model.carrymux0_CARRY4/CO[3]
                         net (fo=1, routed)           0.000     2.078    abs_value_i/sqrt_i/U0/i_synth/i_synth/gen_sqrt.square_root/gen_iterations[14].gen_post_mid.gen_rem/gen_rem_inc/inst/i_baseblox.i_baseblox_addsub/no_pipelining.the_addsub/i_lut6.i_lut6_addsub/carry_simple_3
    SLICE_X3Y59          CARRY4 (Prop_carry4_CI_CO[3])
                                                      0.114     2.192 r  abs_value_i/sqrt_i/U0/i_synth/i_synth/gen_sqrt.square_root/gen_iterations[14].gen_post_mid.gen_rem/gen_rem_inc/inst/i_baseblox.i_baseblox_addsub/no_pipelining.the_addsub/i_lut6.i_lut6_addsub/i_simple_model.i_gt_1.carrychaingen[4].carrymux_CARRY4/CO[3]
                         net (fo=1, routed)           0.000     2.192    abs_value_i/sqrt_i/U0/i_synth/i_synth/gen_sqrt.square_root/gen_iterations[14].gen_post_mid.gen_rem/gen_rem_inc/inst/i_baseblox.i_baseblox_addsub/no_pipelining.the_addsub/i_lut6.i_lut6_addsub/carry_simple_7
    SLICE_X3Y60          CARRY4 (Prop_carry4_CI_CO[3])
                                                      0.114     2.306 r  abs_value_i/sqrt_i/U0/i_synth/i_synth/gen_sqrt.square_root/gen_iterations[14].gen_post_mid.gen_rem/gen_rem_inc/inst/i_baseblox.i_baseblox_addsub/no_pipelining.the_addsub/i_lut6.i_lut6_addsub/i_simple_model.i_gt_1.carrychaingen[8].carrymux_CARRY4/CO[3]
                         net (fo=1, routed)           0.000     2.306    abs_value_i/sqrt_i/U0/i_synth/i_synth/gen_sqrt.square_root/gen_iterations[14].gen_post_mid.gen_rem/gen_rem_inc/inst/i_baseblox.i_baseblox_addsub/no_pipelining.the_addsub/i_lut6.i_lut6_addsub/carry_simple_11
    SLICE_X3Y61          CARRY4 (Prop_carry4_CI_CO[3])
                                                      0.114     2.420 r  abs_value_i/sqrt_i/U0/i_synth/i_synth/gen_sqrt.square_root/gen_iterations[14].gen_post_mid.gen_rem/gen_rem_inc/inst/i_baseblox.i_baseblox_addsub/no_pipelining.the_addsub/i_lut6.i_lut6_addsub/i_simple_model.i_gt_1.carrychaingen[12].carrymux_CARRY4/CO[3]
                         net (fo=1, routed)           0.000     2.420    abs_value_i/sqrt_i/U0/i_synth/i_synth/gen_sqrt.square_root/gen_iterations[14].gen_post_mid.gen_rem/gen_rem_inc/inst/i_baseblox.i_baseblox_addsub/no_pipelining.the_addsub/i_lut6.i_lut6_addsub/carry_simple_15
    SLICE_X3Y62          CARRY4 (Prop_carry4_CI_O[0])
                                                      0.235     2.655 r  abs_value_i/sqrt_i/U0/i_synth/i_synth/gen_sqrt.square_root/gen_iterations[14].gen_post_mid.gen_rem/gen_rem_inc/inst/i_baseblox.i_baseblox_addsub/no_pipelining.the_addsub/i_lut6.i_lut6_addsub/i_simple_model.i_gt_1.carrychaingen[16].carryxor_CARRY4/O[0]
                         net (fo=33, routed)          1.917     4.573    abs_value_i/sqrt_i/U0/i_synth/i_synth/gen_sqrt.square_root/gen_iterations[14].gen_post_mid.gen_rem/S[14]
    SLICE_X1Y61          LUT3 (Prop_lut3_I1_O)        0.299     4.872 r  abs_value_i/sqrt_i/U0/i_synth/i_synth/gen_sqrt.square_root/gen_iterations[14].gen_post_mid.gen_rem/inst_i_6/O
                         net (fo=2, routed)           0.683     5.555    abs_value_i/sqrt_i/U0/i_synth/i_synth/gen_sqrt.square_root/gen_iterations[15].gen_post_mid.gen_rem/gen_rem_inc/inst/i_baseblox.i_baseblox_addsub/no_pipelining.the_addsub/i_lut6.i_lut6_addsub/A[11]
    SLICE_X2Y60          LUT2 (Prop_lut2_I1_O)        0.124     5.679 r  abs_value_i/sqrt_i/U0/i_synth/i_synth/gen_sqrt.square_root/gen_iterations[15].gen_post_mid.gen_rem/gen_rem_inc/inst/i_baseblox.i_baseblox_addsub/no_pipelining.the_addsub/i_lut6.i_lut6_addsub/i_simple_model.i_gt_1.carrychaingen[11].carryxor_i_1/O
                         net (fo=1, routed)           0.000     5.679    abs_value_i/sqrt_i/U0/i_synth/i_synth/gen_sqrt.square_root/gen_iterations[15].gen_post_mid.gen_rem/gen_rem_inc/inst/i_baseblox.i_baseblox_addsub/no_pipelining.the_addsub/i_lut6.i_lut6_addsub/i_simple_model.i_gt_1.carrychaingen[11].carryxor_i_1_n_0
    SLICE_X2Y60          CARRY4 (Prop_carry4_S[3]_CO[3])
                                                      0.376     6.055 r  abs_value_i/sqrt_i/U0/i_synth/i_synth/gen_sqrt.square_root/gen_iterations[15].gen_post_mid.gen_rem/gen_rem_inc/inst/i_baseblox.i_baseblox_addsub/no_pipelining.the_addsub/i_lut6.i_lut6_addsub/i_simple_model.i_gt_1.carrychaingen[8].carrymux_CARRY4/CO[3]
                         net (fo=1, routed)           0.000     6.055    abs_value_i/sqrt_i/U0/i_synth/i_synth/gen_sqrt.square_root/gen_iterations[15].gen_post_mid.gen_rem/gen_rem_inc/inst/i_baseblox.i_baseblox_addsub/no_pipelining.the_addsub/i_lut6.i_lut6_addsub/carry_simple_11
    SLICE_X2Y61          CARRY4 (Prop_carry4_CI_CO[3])
                                                      0.117     6.172 r  abs_value_i/sqrt_i/U0/i_synth/i_synth/gen_sqrt.square_root/gen_iterations[15].gen_post_mid.gen_rem/gen_rem_inc/inst/i_baseblox.i_baseblox_addsub/no_pipelining.the_addsub/i_lut6.i_lut6_addsub/i_simple_model.i_gt_1.carrychaingen[12].carrymux_CARRY4/CO[3]
                         net (fo=1, routed)           0.000     6.172    abs_value_i/sqrt_i/U0/i_synth/i_synth/gen_sqrt.square_root/gen_iterations[15].gen_post_mid.gen_rem/gen_rem_inc/inst/i_baseblox.i_baseblox_addsub/no_pipelining.the_addsub/i_lut6.i_lut6_addsub/carry_simple_15
    SLICE_X2Y62          CARRY4 (Prop_carry4_CI_O[1])
                                                      0.337     6.509 f  abs_value_i/sqrt_i/U0/i_synth/i_synth/gen_sqrt.square_root/gen_iterations[15].gen_post_mid.gen_rem/gen_rem_inc/inst/i_baseblox.i_baseblox_addsub/no_pipelining.the_addsub/i_lut6.i_lut6_addsub/i_simple_model.i_gt_1.carrychaingen[16].carrymux_CARRY4/O[1]
                         net (fo=17, routed)          1.500     8.009    abs_value_i/sqrt_i/U0/i_synth/i_synth/gen_sqrt.square_root/gen_iterations[15].gen_post_mid.gen_rem/rem_inc[17]
    SLICE_X0Y57          LUT1 (Prop_lut1_I0_O)        0.306     8.315 r  abs_value_i/sqrt_i/U0/i_synth/i_synth/gen_sqrt.square_root/gen_iterations[15].gen_post_mid.gen_rem/gen_rtl.gen_reg.d_reg[0]_i_1/O
                         net (fo=1, routed)           0.000     8.315    abs_value_i/sqrt_i/U0/i_synth/i_synth/gen_sqrt.square_root/gen_iterations[15].gen_post_mid.gen_rem/gen_rem.gen_rem_out/gen_rtl.gen_reg.d_reg_reg[0]_0
    SLICE_X0Y57          FDRE                                         r  abs_value_i/sqrt_i/U0/i_synth/i_synth/gen_sqrt.square_root/gen_iterations[15].gen_post_mid.gen_rem/gen_rem.gen_rem_out/gen_rtl.gen_reg.d_reg_reg[0]/D
  -------------------------------------------------------------------    -------------------

Slack:                    inf
  Source:                 abs_value_i/sqrt_i/U0/i_synth/i_synth/gen_sqrt.square_root/gen_iterations[11].gen_post_mid.gen_rem/gen_inv_sqrt_out/gen_rtl.gen_reg.d_reg_reg[1]/C
                            (rising edge-triggered cell FDRE)
  Destination:            abs_value_i/sqrt_i/U0/i_synth/i_synth/gen_sqrt.square_root/gen_iterations[13].gen_post_mid.gen_rem/gen_rem.gen_rem_out/gen_rtl.gen_reg.d_reg_reg[5]/D
  Path Group:             (none)
  Path Type:              Max at Slow Process Corner
  Data Path Delay:        8.243ns  (logic 3.241ns (39.320%)  route 5.002ns (60.680%))
  Logic Levels:           12  (CARRY4=7 FDRE=1 LUT2=2 LUT3=1 LUT5=1)

    Location             Delay type                Incr(ns)  Path(ns)    Netlist Resource(s)
  -------------------------------------------------------------------    -------------------
    SLICE_X10Y61         FDRE                         0.000     0.000 r  abs_value_i/sqrt_i/U0/i_synth/i_synth/gen_sqrt.square_root/gen_iterations[11].gen_post_mid.gen_rem/gen_inv_sqrt_out/gen_rtl.gen_reg.d_reg_reg[1]/C
    SLICE_X10Y61         FDRE (Prop_fdre_C_Q)         0.518     0.518 r  abs_value_i/sqrt_i/U0/i_synth/i_synth/gen_sqrt.square_root/gen_iterations[11].gen_post_mid.gen_rem/gen_inv_sqrt_out/gen_rtl.gen_reg.d_reg_reg[1]/Q
                         net (fo=3, routed)           1.364     1.882    abs_value_i/sqrt_i/U0/i_synth/i_synth/gen_sqrt.square_root/gen_iterations[12].gen_post_mid.gen_rem/gen_rem_inc/inst/i_baseblox.i_baseblox_addsub/no_pipelining.the_addsub/i_lut6.i_lut6_addsub/B[1]
    SLICE_X7Y58          LUT2 (Prop_lut2_I0_O)        0.124     2.006 r  abs_value_i/sqrt_i/U0/i_synth/i_synth/gen_sqrt.square_root/gen_iterations[12].gen_post_mid.gen_rem/gen_rem_inc/inst/i_baseblox.i_baseblox_addsub/no_pipelining.the_addsub/i_lut6.i_lut6_addsub/i_simple_model.i_gt_1.carrychaingen[3].carryxor_i_1/O
                         net (fo=1, routed)           0.000     2.006    abs_value_i/sqrt_i/U0/i_synth/i_synth/gen_sqrt.square_root/gen_iterations[12].gen_post_mid.gen_rem/gen_rem_inc/inst/i_baseblox.i_baseblox_addsub/no_pipelining.the_addsub/i_lut6.i_lut6_addsub/i_simple_model.i_gt_1.carrychaingen[3].carryxor_i_1_n_0
    SLICE_X7Y58          CARRY4 (Prop_carry4_S[3]_CO[3])
                                                      0.401     2.407 r  abs_value_i/sqrt_i/U0/i_synth/i_synth/gen_sqrt.square_root/gen_iterations[12].gen_post_mid.gen_rem/gen_rem_inc/inst/i_baseblox.i_baseblox_addsub/no_pipelining.the_addsub/i_lut6.i_lut6_addsub/i_simple_model.carrymux0_CARRY4/CO[3]
                         net (fo=1, routed)           0.000     2.407    abs_value_i/sqrt_i/U0/i_synth/i_synth/gen_sqrt.square_root/gen_iterations[12].gen_post_mid.gen_rem/gen_rem_inc/inst/i_baseblox.i_baseblox_addsub/no_pipelining.the_addsub/i_lut6.i_lut6_addsub/carry_simple_3
    SLICE_X7Y59          CARRY4 (Prop_carry4_CI_CO[3])
                                                      0.114     2.521 r  abs_value_i/sqrt_i/U0/i_synth/i_synth/gen_sqrt.square_root/gen_iterations[12].gen_post_mid.gen_rem/gen_rem_inc/inst/i_baseblox.i_baseblox_addsub/no_pipelining.the_addsub/i_lut6.i_lut6_addsub/i_simple_model.i_gt_1.carrychaingen[4].carrymux_CARRY4/CO[3]
                         net (fo=1, routed)           0.000     2.521    abs_value_i/sqrt_i/U0/i_synth/i_synth/gen_sqrt.square_root/gen_iterations[12].gen_post_mid.gen_rem/gen_rem_inc/inst/i_baseblox.i_baseblox_addsub/no_pipelining.the_addsub/i_lut6.i_lut6_addsub/carry_simple_7
    SLICE_X7Y60          CARRY4 (Prop_carry4_CI_CO[3])
                                                      0.114     2.635 r  abs_value_i/sqrt_i/U0/i_synth/i_synth/gen_sqrt.square_root/gen_iterations[12].gen_post_mid.gen_rem/gen_rem_inc/inst/i_baseblox.i_baseblox_addsub/no_pipelining.the_addsub/i_lut6.i_lut6_addsub/i_simple_model.i_gt_1.carrychaingen[8].carrymux_CARRY4/CO[3]
                         net (fo=1, routed)           0.000     2.635    abs_value_i/sqrt_i/U0/i_synth/i_synth/gen_sqrt.square_root/gen_iterations[12].gen_post_mid.gen_rem/gen_rem_inc/inst/i_baseblox.i_baseblox_addsub/no_pipelining.the_addsub/i_lut6.i_lut6_addsub/carry_simple_11
    SLICE_X7Y61          CARRY4 (Prop_carry4_CI_O[2])
                                                      0.256     2.891 r  abs_value_i/sqrt_i/U0/i_synth/i_synth/gen_sqrt.square_root/gen_iterations[12].gen_post_mid.gen_rem/gen_rem_inc/inst/i_baseblox.i_baseblox_addsub/no_pipelining.the_addsub/i_lut6.i_lut6_addsub/i_simple_model.i_gt_1.carrychaingen[12].carrymux_CARRY4/O[2]
                         net (fo=29, routed)          1.375     4.266    abs_value_i/sqrt_i/U0/i_synth/i_synth/gen_sqrt.square_root/gen_iterations[12].gen_post_mid.gen_rem/S[12]
    SLICE_X5Y58          LUT3 (Prop_lut3_I1_O)        0.302     4.568 r  abs_value_i/sqrt_i/U0/i_synth/i_synth/gen_sqrt.square_root/gen_iterations[12].gen_post_mid.gen_rem/inst_i_10/O
                         net (fo=2, routed)           1.003     5.572    abs_value_i/sqrt_i/U0/i_synth/i_synth/gen_sqrt.square_root/gen_iterations[13].gen_post_mid.gen_rem/gen_rem_inc/inst/i_baseblox.i_baseblox_addsub/no_pipelining.the_addsub/i_lut6.i_lut6_addsub/A[5]
    SLICE_X6Y59          LUT2 (Prop_lut2_I1_O)        0.124     5.696 r  abs_value_i/sqrt_i/U0/i_synth/i_synth/gen_sqrt.square_root/gen_iterations[13].gen_post_mid.gen_rem/gen_rem_inc/inst/i_baseblox.i_baseblox_addsub/no_pipelining.the_addsub/i_lut6.i_lut6_addsub/i_simple_model.i_gt_1.carrychaingen[5].carryxor_i_1/O
                         net (fo=1, routed)           0.000     5.696    abs_value_i/sqrt_i/U0/i_synth/i_synth/gen_sqrt.square_root/gen_iterations[13].gen_post_mid.gen_rem/gen_rem_inc/inst/i_baseblox.i_baseblox_addsub/no_pipelining.the_addsub/i_lut6.i_lut6_addsub/i_simple_model.i_gt_1.carrychaingen[5].carryxor_i_1_n_0
    SLICE_X6Y59          CARRY4 (Prop_carry4_S[1]_CO[3])
                                                      0.533     6.229 r  abs_value_i/sqrt_i/U0/i_synth/i_synth/gen_sqrt.square_root/gen_iterations[13].gen_post_mid.gen_rem/gen_rem_inc/inst/i_baseblox.i_baseblox_addsub/no_pipelining.the_addsub/i_lut6.i_lut6_addsub/i_simple_model.i_gt_1.carrychaingen[4].carrymux_CARRY4/CO[3]
                         net (fo=1, routed)           0.000     6.229    abs_value_i/sqrt_i/U0/i_synth/i_synth/gen_sqrt.square_root/gen_iterations[13].gen_post_mid.gen_rem/gen_rem_inc/inst/i_baseblox.i_baseblox_addsub/no_pipelining.the_addsub/i_lut6.i_lut6_addsub/carry_simple_7
    SLICE_X6Y60          CARRY4 (Prop_carry4_CI_CO[3])
                                                      0.117     6.346 r  abs_value_i/sqrt_i/U0/i_synth/i_synth/gen_sqrt.square_root/gen_iterations[13].gen_post_mid.gen_rem/gen_rem_inc/inst/i_baseblox.i_baseblox_addsub/no_pipelining.the_addsub/i_lut6.i_lut6_addsub/i_simple_model.i_gt_1.carrychaingen[8].carrymux_CARRY4/CO[3]
                         net (fo=1, routed)           0.000     6.346    abs_value_i/sqrt_i/U0/i_synth/i_synth/gen_sqrt.square_root/gen_iterations[13].gen_post_mid.gen_rem/gen_rem_inc/inst/i_baseblox.i_baseblox_addsub/no_pipelining.the_addsub/i_lut6.i_lut6_addsub/carry_simple_11
    SLICE_X6Y61          CARRY4 (Prop_carry4_CI_O[3])
                                                      0.331     6.677 r  abs_value_i/sqrt_i/U0/i_synth/i_synth/gen_sqrt.square_root/gen_iterations[13].gen_post_mid.gen_rem/gen_rem_inc/inst/i_baseblox.i_baseblox_addsub/no_pipelining.the_addsub/i_lut6.i_lut6_addsub/i_simple_model.i_gt_1.carrychaingen[12].carrymux_CARRY4/O[3]
                         net (fo=15, routed)          1.259     7.936    abs_value_i/sqrt_i/U0/i_synth/i_synth/gen_sqrt.square_root/gen_iterations[13].gen_post_mid.gen_rem/rem_inc[15]
    SLICE_X5Y58          LUT5 (Prop_lut5_I3_O)        0.307     8.243 r  abs_value_i/sqrt_i/U0/i_synth/i_synth/gen_sqrt.square_root/gen_iterations[13].gen_post_mid.gen_rem/gen_rtl.gen_reg.d_reg[5]_i_1/O
                         net (fo=1, routed)           0.000     8.243    abs_value_i/sqrt_i/U0/i_synth/i_synth/gen_sqrt.square_root/gen_iterations[13].gen_post_mid.gen_rem/gen_rem.gen_rem_out/gen_rtl.gen_reg.d_reg_reg[5]_0
    SLICE_X5Y58          FDRE                                         r  abs_value_i/sqrt_i/U0/i_synth/i_synth/gen_sqrt.square_root/gen_iterations[13].gen_post_mid.gen_rem/gen_rem.gen_rem_out/gen_rtl.gen_reg.d_reg_reg[5]/D
  -------------------------------------------------------------------    -------------------

Slack:                    inf
  Source:                 abs_value_i/sqrt_i/U0/i_synth/i_synth/gen_sqrt.square_root/gen_iterations[13].gen_post_mid.gen_rem/gen_inv_sqrt_out/gen_rtl.gen_reg.d_reg_reg[1]/C
                            (rising edge-triggered cell FDRE)
  Destination:            abs_value_i/sqrt_i/U0/i_synth/i_synth/gen_sqrt.square_root/gen_iterations[15].gen_post_mid.gen_rem/gen_rem.gen_rem_out/gen_rtl.gen_reg.d_reg_reg[7]/D
  Path Group:             (none)
  Path Type:              Max at Slow Process Corner
  Data Path Delay:        8.212ns  (logic 3.117ns (37.959%)  route 5.095ns (62.041%))
  Logic Levels:           13  (CARRY4=8 FDRE=1 LUT2=2 LUT3=1 LUT5=1)

    Location             Delay type                Incr(ns)  Path(ns)    Netlist Resource(s)
  -------------------------------------------------------------------    -------------------
    SLICE_X7Y61          FDRE                         0.000     0.000 r  abs_value_i/sqrt_i/U0/i_synth/i_synth/gen_sqrt.square_root/gen_iterations[13].gen_post_mid.gen_rem/gen_inv_sqrt_out/gen_rtl.gen_reg.d_reg_reg[1]/C
    SLICE_X7Y61          FDRE (Prop_fdre_C_Q)         0.456     0.456 r  abs_value_i/sqrt_i/U0/i_synth/i_synth/gen_sqrt.square_root/gen_iterations[13].gen_post_mid.gen_rem/gen_inv_sqrt_out/gen_rtl.gen_reg.d_reg_reg[1]/Q
                         net (fo=3, routed)           1.097     1.553    abs_value_i/sqrt_i/U0/i_synth/i_synth/gen_sqrt.square_root/gen_iterations[14].gen_post_mid.gen_rem/gen_rem_inc/inst/i_baseblox.i_baseblox_addsub/no_pipelining.the_addsub/i_lut6.i_lut6_addsub/B[1]
    SLICE_X3Y58          LUT2 (Prop_lut2_I0_O)        0.124     1.677 r  abs_value_i/sqrt_i/U0/i_synth/i_synth/gen_sqrt.square_root/gen_iterations[14].gen_post_mid.gen_rem/gen_rem_inc/inst/i_baseblox.i_baseblox_addsub/no_pipelining.the_addsub/i_lut6.i_lut6_addsub/i_simple_model.i_gt_1.carrychaingen[3].carryxor_i_1/O
                         net (fo=1, routed)           0.000     1.677    abs_value_i/sqrt_i/U0/i_synth/i_synth/gen_sqrt.square_root/gen_iterations[14].gen_post_mid.gen_rem/gen_rem_inc/inst/i_baseblox.i_baseblox_addsub/no_pipelining.the_addsub/i_lut6.i_lut6_addsub/i_simple_model.i_gt_1.carrychaingen[3].carryxor_i_1_n_0
    SLICE_X3Y58          CARRY4 (Prop_carry4_S[3]_CO[3])
                                                      0.401     2.078 r  abs_value_i/sqrt_i/U0/i_synth/i_synth/gen_sqrt.square_root/gen_iterations[14].gen_post_mid.gen_rem/gen_rem_inc/inst/i_baseblox.i_baseblox_addsub/no_pipelining.the_addsub/i_lut6.i_lut6_addsub/i_simple_model.carrymux0_CARRY4/CO[3]
                         net (fo=1, routed)           0.000     2.078    abs_value_i/sqrt_i/U0/i_synth/i_synth/gen_sqrt.square_root/gen_iterations[14].gen_post_mid.gen_rem/gen_rem_inc/inst/i_baseblox.i_baseblox_addsub/no_pipelining.the_addsub/i_lut6.i_lut6_addsub/carry_simple_3
    SLICE_X3Y59          CARRY4 (Prop_carry4_CI_CO[3])
                                                      0.114     2.192 r  abs_value_i/sqrt_i/U0/i_synth/i_synth/gen_sqrt.square_root/gen_iterations[14].gen_post_mid.gen_rem/gen_rem_inc/inst/i_baseblox.i_baseblox_addsub/no_pipelining.the_addsub/i_lut6.i_lut6_addsub/i_simple_model.i_gt_1.carrychaingen[4].carrymux_CARRY4/CO[3]
                         net (fo=1, routed)           0.000     2.192    abs_value_i/sqrt_i/U0/i_synth/i_synth/gen_sqrt.square_root/gen_iterations[14].gen_post_mid.gen_rem/gen_rem_inc/inst/i_baseblox.i_baseblox_addsub/no_pipelining.the_addsub/i_lut6.i_lut6_addsub/carry_simple_7
    SLICE_X3Y60          CARRY4 (Prop_carry4_CI_CO[3])
                                                      0.114     2.306 r  abs_value_i/sqrt_i/U0/i_synth/i_synth/gen_sqrt.square_root/gen_iterations[14].gen_post_mid.gen_rem/gen_rem_inc/inst/i_baseblox.i_baseblox_addsub/no_pipelining.the_addsub/i_lut6.i_lut6_addsub/i_simple_model.i_gt_1.carrychaingen[8].carrymux_CARRY4/CO[3]
                         net (fo=1, routed)           0.000     2.306    abs_value_i/sqrt_i/U0/i_synth/i_synth/gen_sqrt.square_root/gen_iterations[14].gen_post_mid.gen_rem/gen_rem_inc/inst/i_baseblox.i_baseblox_addsub/no_pipelining.the_addsub/i_lut6.i_lut6_addsub/carry_simple_11
    SLICE_X3Y61          CARRY4 (Prop_carry4_CI_CO[3])
                                                      0.114     2.420 r  abs_value_i/sqrt_i/U0/i_synth/i_synth/gen_sqrt.square_root/gen_iterations[14].gen_post_mid.gen_rem/gen_rem_inc/inst/i_baseblox.i_baseblox_addsub/no_pipelining.the_addsub/i_lut6.i_lut6_addsub/i_simple_model.i_gt_1.carrychaingen[12].carrymux_CARRY4/CO[3]
                         net (fo=1, routed)           0.000     2.420    abs_value_i/sqrt_i/U0/i_synth/i_synth/gen_sqrt.square_root/gen_iterations[14].gen_post_mid.gen_rem/gen_rem_inc/inst/i_baseblox.i_baseblox_addsub/no_pipelining.the_addsub/i_lut6.i_lut6_addsub/carry_simple_15
    SLICE_X3Y62          CARRY4 (Prop_carry4_CI_O[0])
                                                      0.235     2.655 r  abs_value_i/sqrt_i/U0/i_synth/i_synth/gen_sqrt.square_root/gen_iterations[14].gen_post_mid.gen_rem/gen_rem_inc/inst/i_baseblox.i_baseblox_addsub/no_pipelining.the_addsub/i_lut6.i_lut6_addsub/i_simple_model.i_gt_1.carrychaingen[16].carryxor_CARRY4/O[0]
                         net (fo=33, routed)          1.917     4.573    abs_value_i/sqrt_i/U0/i_synth/i_synth/gen_sqrt.square_root/gen_iterations[14].gen_post_mid.gen_rem/S[14]
    SLICE_X1Y61          LUT3 (Prop_lut3_I1_O)        0.299     4.872 r  abs_value_i/sqrt_i/U0/i_synth/i_synth/gen_sqrt.square_root/gen_iterations[14].gen_post_mid.gen_rem/inst_i_6/O
                         net (fo=2, routed)           0.683     5.555    abs_value_i/sqrt_i/U0/i_synth/i_synth/gen_sqrt.square_root/gen_iterations[15].gen_post_mid.gen_rem/gen_rem_inc/inst/i_baseblox.i_baseblox_addsub/no_pipelining.the_addsub/i_lut6.i_lut6_addsub/A[11]
    SLICE_X2Y60          LUT2 (Prop_lut2_I1_O)        0.124     5.679 r  abs_value_i/sqrt_i/U0/i_synth/i_synth/gen_sqrt.square_root/gen_iterations[15].gen_post_mid.gen_rem/gen_rem_inc/inst/i_baseblox.i_baseblox_addsub/no_pipelining.the_addsub/i_lut6.i_lut6_addsub/i_simple_model.i_gt_1.carrychaingen[11].carryxor_i_1/O
                         net (fo=1, routed)           0.000     5.679    abs_value_i/sqrt_i/U0/i_synth/i_synth/gen_sqrt.square_root/gen_iterations[15].gen_post_mid.gen_rem/gen_rem_inc/inst/i_baseblox.i_baseblox_addsub/no_pipelining.the_addsub/i_lut6.i_lut6_addsub/i_simple_model.i_gt_1.carrychaingen[11].carryxor_i_1_n_0
    SLICE_X2Y60          CARRY4 (Prop_carry4_S[3]_CO[3])
                                                      0.376     6.055 r  abs_value_i/sqrt_i/U0/i_synth/i_synth/gen_sqrt.square_root/gen_iterations[15].gen_post_mid.gen_rem/gen_rem_inc/inst/i_baseblox.i_baseblox_addsub/no_pipelining.the_addsub/i_lut6.i_lut6_addsub/i_simple_model.i_gt_1.carrychaingen[8].carrymux_CARRY4/CO[3]
                         net (fo=1, routed)           0.000     6.055    abs_value_i/sqrt_i/U0/i_synth/i_synth/gen_sqrt.square_root/gen_iterations[15].gen_post_mid.gen_rem/gen_rem_inc/inst/i_baseblox.i_baseblox_addsub/no_pipelining.the_addsub/i_lut6.i_lut6_addsub/carry_simple_11
    SLICE_X2Y61          CARRY4 (Prop_carry4_CI_CO[3])
                                                      0.117     6.172 r  abs_value_i/sqrt_i/U0/i_synth/i_synth/gen_sqrt.square_root/gen_iterations[15].gen_post_mid.gen_rem/gen_rem_inc/inst/i_baseblox.i_baseblox_addsub/no_pipelining.the_addsub/i_lut6.i_lut6_addsub/i_simple_model.i_gt_1.carrychaingen[12].carrymux_CARRY4/CO[3]
                         net (fo=1, routed)           0.000     6.172    abs_value_i/sqrt_i/U0/i_synth/i_synth/gen_sqrt.square_root/gen_iterations[15].gen_post_mid.gen_rem/gen_rem_inc/inst/i_baseblox.i_baseblox_addsub/no_pipelining.the_addsub/i_lut6.i_lut6_addsub/carry_simple_15
    SLICE_X2Y62          CARRY4 (Prop_carry4_CI_O[1])
                                                      0.337     6.509 r  abs_value_i/sqrt_i/U0/i_synth/i_synth/gen_sqrt.square_root/gen_iterations[15].gen_post_mid.gen_rem/gen_rem_inc/inst/i_baseblox.i_baseblox_addsub/no_pipelining.the_addsub/i_lut6.i_lut6_addsub/i_simple_model.i_gt_1.carrychaingen[16].carrymux_CARRY4/O[1]
                         net (fo=17, routed)          1.397     7.906    abs_value_i/sqrt_i/U0/i_synth/i_synth/gen_sqrt.square_root/gen_iterations[15].gen_post_mid.gen_rem/rem_inc[17]
    SLICE_X0Y59          LUT5 (Prop_lut5_I3_O)        0.306     8.212 r  abs_value_i/sqrt_i/U0/i_synth/i_synth/gen_sqrt.square_root/gen_iterations[15].gen_post_mid.gen_rem/gen_rtl.gen_reg.d_reg[7]_i_1/O
                         net (fo=1, routed)           0.000     8.212    abs_value_i/sqrt_i/U0/i_synth/i_synth/gen_sqrt.square_root/gen_iterations[15].gen_post_mid.gen_rem/gen_rem.gen_rem_out/gen_rtl.gen_reg.d_reg_reg[7]_0
    SLICE_X0Y59          FDRE                                         r  abs_value_i/sqrt_i/U0/i_synth/i_synth/gen_sqrt.square_root/gen_iterations[15].gen_post_mid.gen_rem/gen_rem.gen_rem_out/gen_rtl.gen_reg.d_reg_reg[7]/D
  -------------------------------------------------------------------    -------------------

Slack:                    inf
  Source:                 abs_value_i/sqrt_i/U0/i_synth/i_synth/gen_sqrt.square_root/gen_iterations[13].gen_post_mid.gen_rem/gen_inv_sqrt_out/gen_rtl.gen_reg.d_reg_reg[1]/C
                            (rising edge-triggered cell FDRE)
  Destination:            abs_value_i/sqrt_i/U0/i_synth/i_synth/gen_sqrt.square_root/gen_iterations[15].gen_post_mid.gen_rem/gen_rem.gen_rem_out/gen_rtl.gen_reg.d_reg_reg[3]/D
  Path Group:             (none)
  Path Type:              Max at Slow Process Corner
  Data Path Delay:        8.175ns  (logic 3.117ns (38.129%)  route 5.058ns (61.871%))
  Logic Levels:           13  (CARRY4=8 FDRE=1 LUT2=2 LUT3=2)

    Location             Delay type                Incr(ns)  Path(ns)    Netlist Resource(s)
  -------------------------------------------------------------------    -------------------
    SLICE_X7Y61          FDRE                         0.000     0.000 r  abs_value_i/sqrt_i/U0/i_synth/i_synth/gen_sqrt.square_root/gen_iterations[13].gen_post_mid.gen_rem/gen_inv_sqrt_out/gen_rtl.gen_reg.d_reg_reg[1]/C
    SLICE_X7Y61          FDRE (Prop_fdre_C_Q)         0.456     0.456 r  abs_value_i/sqrt_i/U0/i_synth/i_synth/gen_sqrt.square_root/gen_iterations[13].gen_post_mid.gen_rem/gen_inv_sqrt_out/gen_rtl.gen_reg.d_reg_reg[1]/Q
                         net (fo=3, routed)           1.097     1.553    abs_value_i/sqrt_i/U0/i_synth/i_synth/gen_sqrt.square_root/gen_iterations[14].gen_post_mid.gen_rem/gen_rem_inc/inst/i_baseblox.i_baseblox_addsub/no_pipelining.the_addsub/i_lut6.i_lut6_addsub/B[1]
    SLICE_X3Y58          LUT2 (Prop_lut2_I0_O)        0.124     1.677 r  abs_value_i/sqrt_i/U0/i_synth/i_synth/gen_sqrt.square_root/gen_iterations[14].gen_post_mid.gen_rem/gen_rem_inc/inst/i_baseblox.i_baseblox_addsub/no_pipelining.the_addsub/i_lut6.i_lut6_addsub/i_simple_model.i_gt_1.carrychaingen[3].carryxor_i_1/O
                         net (fo=1, routed)           0.000     1.677    abs_value_i/sqrt_i/U0/i_synth/i_synth/gen_sqrt.square_root/gen_iterations[14].gen_post_mid.gen_rem/gen_rem_inc/inst/i_baseblox.i_baseblox_addsub/no_pipelining.the_addsub/i_lut6.i_lut6_addsub/i_simple_model.i_gt_1.carrychaingen[3].carryxor_i_1_n_0
    SLICE_X3Y58          CARRY4 (Prop_carry4_S[3]_CO[3])
                                                      0.401     2.078 r  abs_value_i/sqrt_i/U0/i_synth/i_synth/gen_sqrt.square_root/gen_iterations[14].gen_post_mid.gen_rem/gen_rem_inc/inst/i_baseblox.i_baseblox_addsub/no_pipelining.the_addsub/i_lut6.i_lut6_addsub/i_simple_model.carrymux0_CARRY4/CO[3]
                         net (fo=1, routed)           0.000     2.078    abs_value_i/sqrt_i/U0/i_synth/i_synth/gen_sqrt.square_root/gen_iterations[14].gen_post_mid.gen_rem/gen_rem_inc/inst/i_baseblox.i_baseblox_addsub/no_pipelining.the_addsub/i_lut6.i_lut6_addsub/carry_simple_3
    SLICE_X3Y59          CARRY4 (Prop_carry4_CI_CO[3])
                                                      0.114     2.192 r  abs_value_i/sqrt_i/U0/i_synth/i_synth/gen_sqrt.square_root/gen_iterations[14].gen_post_mid.gen_rem/gen_rem_inc/inst/i_baseblox.i_baseblox_addsub/no_pipelining.the_addsub/i_lut6.i_lut6_addsub/i_simple_model.i_gt_1.carrychaingen[4].carrymux_CARRY4/CO[3]
                         net (fo=1, routed)           0.000     2.192    abs_value_i/sqrt_i/U0/i_synth/i_synth/gen_sqrt.square_root/gen_iterations[14].gen_post_mid.gen_rem/gen_rem_inc/inst/i_baseblox.i_baseblox_addsub/no_pipelining.the_addsub/i_lut6.i_lut6_addsub/carry_simple_7
    SLICE_X3Y60          CARRY4 (Prop_carry4_CI_CO[3])
                                                      0.114     2.306 r  abs_value_i/sqrt_i/U0/i_synth/i_synth/gen_sqrt.square_root/gen_iterations[14].gen_post_mid.gen_rem/gen_rem_inc/inst/i_baseblox.i_baseblox_addsub/no_pipelining.the_addsub/i_lut6.i_lut6_addsub/i_simple_model.i_gt_1.carrychaingen[8].carrymux_CARRY4/CO[3]
                         net (fo=1, routed)           0.000     2.306    abs_value_i/sqrt_i/U0/i_synth/i_synth/gen_sqrt.square_root/gen_iterations[14].gen_post_mid.gen_rem/gen_rem_inc/inst/i_baseblox.i_baseblox_addsub/no_pipelining.the_addsub/i_lut6.i_lut6_addsub/carry_simple_11
    SLICE_X3Y61          CARRY4 (Prop_carry4_CI_CO[3])
                                                      0.114     2.420 r  abs_value_i/sqrt_i/U0/i_synth/i_synth/gen_sqrt.square_root/gen_iterations[14].gen_post_mid.gen_rem/gen_rem_inc/inst/i_baseblox.i_baseblox_addsub/no_pipelining.the_addsub/i_lut6.i_lut6_addsub/i_simple_model.i_gt_1.carrychaingen[12].carrymux_CARRY4/CO[3]
                         net (fo=1, routed)           0.000     2.420    abs_value_i/sqrt_i/U0/i_synth/i_synth/gen_sqrt.square_root/gen_iterations[14].gen_post_mid.gen_rem/gen_rem_inc/inst/i_baseblox.i_baseblox_addsub/no_pipelining.the_addsub/i_lut6.i_lut6_addsub/carry_simple_15
    SLICE_X3Y62          CARRY4 (Prop_carry4_CI_O[0])
                                                      0.235     2.655 r  abs_value_i/sqrt_i/U0/i_synth/i_synth/gen_sqrt.square_root/gen_iterations[14].gen_post_mid.gen_rem/gen_rem_inc/inst/i_baseblox.i_baseblox_addsub/no_pipelining.the_addsub/i_lut6.i_lut6_addsub/i_simple_model.i_gt_1.carrychaingen[16].carryxor_CARRY4/O[0]
                         net (fo=33, routed)          1.917     4.573    abs_value_i/sqrt_i/U0/i_synth/i_synth/gen_sqrt.square_root/gen_iterations[14].gen_post_mid.gen_rem/S[14]
    SLICE_X1Y61          LUT3 (Prop_lut3_I1_O)        0.299     4.872 r  abs_value_i/sqrt_i/U0/i_synth/i_synth/gen_sqrt.square_root/gen_iterations[14].gen_post_mid.gen_rem/inst_i_6/O
                         net (fo=2, routed)           0.683     5.555    abs_value_i/sqrt_i/U0/i_synth/i_synth/gen_sqrt.square_root/gen_iterations[15].gen_post_mid.gen_rem/gen_rem_inc/inst/i_baseblox.i_baseblox_addsub/no_pipelining.the_addsub/i_lut6.i_lut6_addsub/A[11]
    SLICE_X2Y60          LUT2 (Prop_lut2_I1_O)        0.124     5.679 r  abs_value_i/sqrt_i/U0/i_synth/i_synth/gen_sqrt.square_root/gen_iterations[15].gen_post_mid.gen_rem/gen_rem_inc/inst/i_baseblox.i_baseblox_addsub/no_pipelining.the_addsub/i_lut6.i_lut6_addsub/i_simple_model.i_gt_1.carrychaingen[11].carryxor_i_1/O
                         net (fo=1, routed)           0.000     5.679    abs_value_i/sqrt_i/U0/i_synth/i_synth/gen_sqrt.square_root/gen_iterations[15].gen_post_mid.gen_rem/gen_rem_inc/inst/i_baseblox.i_baseblox_addsub/no_pipelining.the_addsub/i_lut6.i_lut6_addsub/i_simple_model.i_gt_1.carrychaingen[11].carryxor_i_1_n_0
    SLICE_X2Y60          CARRY4 (Prop_carry4_S[3]_CO[3])
                                                      0.376     6.055 r  abs_value_i/sqrt_i/U0/i_synth/i_synth/gen_sqrt.square_root/gen_iterations[15].gen_post_mid.gen_rem/gen_rem_inc/inst/i_baseblox.i_baseblox_addsub/no_pipelining.the_addsub/i_lut6.i_lut6_addsub/i_simple_model.i_gt_1.carrychaingen[8].carrymux_CARRY4/CO[3]
                         net (fo=1, routed)           0.000     6.055    abs_value_i/sqrt_i/U0/i_synth/i_synth/gen_sqrt.square_root/gen_iterations[15].gen_post_mid.gen_rem/gen_rem_inc/inst/i_baseblox.i_baseblox_addsub/no_pipelining.the_addsub/i_lut6.i_lut6_addsub/carry_simple_11
    SLICE_X2Y61          CARRY4 (Prop_carry4_CI_CO[3])
                                                      0.117     6.172 r  abs_value_i/sqrt_i/U0/i_synth/i_synth/gen_sqrt.square_root/gen_iterations[15].gen_post_mid.gen_rem/gen_rem_inc/inst/i_baseblox.i_baseblox_addsub/no_pipelining.the_addsub/i_lut6.i_lut6_addsub/i_simple_model.i_gt_1.carrychaingen[12].carrymux_CARRY4/CO[3]
                         net (fo=1, routed)           0.000     6.172    abs_value_i/sqrt_i/U0/i_synth/i_synth/gen_sqrt.square_root/gen_iterations[15].gen_post_mid.gen_rem/gen_rem_inc/inst/i_baseblox.i_baseblox_addsub/no_pipelining.the_addsub/i_lut6.i_lut6_addsub/carry_simple_15
    SLICE_X2Y62          CARRY4 (Prop_carry4_CI_O[1])
                                                      0.337     6.509 r  abs_value_i/sqrt_i/U0/i_synth/i_synth/gen_sqrt.square_root/gen_iterations[15].gen_post_mid.gen_rem/gen_rem_inc/inst/i_baseblox.i_baseblox_addsub/no_pipelining.the_addsub/i_lut6.i_lut6_addsub/i_simple_model.i_gt_1.carrychaingen[16].carrymux_CARRY4/O[1]
                         net (fo=17, routed)          1.360     7.869    abs_value_i/sqrt_i/U0/i_synth/i_synth/gen_sqrt.square_root/gen_iterations[15].gen_post_mid.gen_rem/rem_inc[17]
    SLICE_X0Y58          LUT3 (Prop_lut3_I1_O)        0.306     8.175 r  abs_value_i/sqrt_i/U0/i_synth/i_synth/gen_sqrt.square_root/gen_iterations[15].gen_post_mid.gen_rem/gen_rtl.gen_reg.d_reg[3]_i_1/O
                         net (fo=1, routed)           0.000     8.175    abs_value_i/sqrt_i/U0/i_synth/i_synth/gen_sqrt.square_root/gen_iterations[15].gen_post_mid.gen_rem/gen_rem.gen_rem_out/gen_rtl.gen_reg.d_reg_reg[3]_0
    SLICE_X0Y58          FDRE                                         r  abs_value_i/sqrt_i/U0/i_synth/i_synth/gen_sqrt.square_root/gen_iterations[15].gen_post_mid.gen_rem/gen_rem.gen_rem_out/gen_rtl.gen_reg.d_reg_reg[3]/D
  -------------------------------------------------------------------    -------------------





Min Delay Paths
--------------------------------------------------------------------------------------
Slack:                    inf
  Source:                 abs_value_i/sqrt_i/U0/i_synth/i_nd_to_rdy/opt_has_pipe.first_q_reg[0]/C
                            (rising edge-triggered cell FDRE)
  Destination:            abs_value_i/sqrt_i/U0/i_synth/i_nd_to_rdy/opt_has_pipe.i_pipe[7].pipe_reg[7][0]_srl6/D
  Path Group:             (none)
  Path Type:              Min at Fast Process Corner
  Data Path Delay:        0.197ns  (logic 0.141ns (71.611%)  route 0.056ns (28.389%))
  Logic Levels:           1  (FDRE=1)

    Location             Delay type                Incr(ns)  Path(ns)    Netlist Resource(s)
  -------------------------------------------------------------------    -------------------
    SLICE_X3Y65          FDRE                         0.000     0.000 r  abs_value_i/sqrt_i/U0/i_synth/i_nd_to_rdy/opt_has_pipe.first_q_reg[0]/C
    SLICE_X3Y65          FDRE (Prop_fdre_C_Q)         0.141     0.141 r  abs_value_i/sqrt_i/U0/i_synth/i_nd_to_rdy/opt_has_pipe.first_q_reg[0]/Q
                         net (fo=1, routed)           0.056     0.197    abs_value_i/sqrt_i/U0/i_synth/i_nd_to_rdy/opt_has_pipe.first_q
    SLICE_X2Y65          SRL16E                                       r  abs_value_i/sqrt_i/U0/i_synth/i_nd_to_rdy/opt_has_pipe.i_pipe[7].pipe_reg[7][0]_srl6/D
  -------------------------------------------------------------------    -------------------

Slack:                    inf
  Source:                 u_serial_fft/state_next_reg[0]/C
                            (rising edge-triggered cell FDPE)
  Destination:            u_serial_fft/state_reg[0]/D
  Path Group:             (none)
  Path Type:              Min at Fast Process Corner
  Data Path Delay:        0.197ns  (logic 0.141ns (71.611%)  route 0.056ns (28.389%))
  Logic Levels:           1  (FDPE=1)

    Location             Delay type                Incr(ns)  Path(ns)    Netlist Resource(s)
  -------------------------------------------------------------------    -------------------
    SLICE_X5Y69          FDPE                         0.000     0.000 r  u_serial_fft/state_next_reg[0]/C
    SLICE_X5Y69          FDPE (Prop_fdpe_C_Q)         0.141     0.141 r  u_serial_fft/state_next_reg[0]/Q
                         net (fo=1, routed)           0.056     0.197    u_serial_fft/state_next[0]
    SLICE_X5Y69          FDCE                                         r  u_serial_fft/state_reg[0]/D
  -------------------------------------------------------------------    -------------------

Slack:                    inf
  Source:                 abs_value_i/sqrt_i/U0/i_synth/i_synth/gen_sqrt.square_root/gen_iterations[16].gen_last.gen_no_round.gen_sqrt_tmp/gen_rtl.gen_reg.d_reg_reg[0]/C
                            (rising edge-triggered cell FDRE)
  Destination:            abs_value_i/sqrt_i/U0/i_synth/i_outfifo.i_output_fifo/fifo0/fifo_1_reg[15][0]_srl16/D
  Path Group:             (none)
  Path Type:              Min at Fast Process Corner
  Data Path Delay:        0.251ns  (logic 0.141ns (56.174%)  route 0.110ns (43.826%))
  Logic Levels:           1  (FDRE=1)

    Location             Delay type                Incr(ns)  Path(ns)    Netlist Resource(s)
  -------------------------------------------------------------------    -------------------
    SLICE_X3Y57          FDRE                         0.000     0.000 r  abs_value_i/sqrt_i/U0/i_synth/i_synth/gen_sqrt.square_root/gen_iterations[16].gen_last.gen_no_round.gen_sqrt_tmp/gen_rtl.gen_reg.d_reg_reg[0]/C
    SLICE_X3Y57          FDRE (Prop_fdre_C_Q)         0.141     0.141 r  abs_value_i/sqrt_i/U0/i_synth/i_synth/gen_sqrt.square_root/gen_iterations[16].gen_last.gen_no_round.gen_sqrt_tmp/gen_rtl.gen_reg.d_reg_reg[0]/Q
                         net (fo=1, routed)           0.110     0.251    abs_value_i/sqrt_i/U0/i_synth/i_outfifo.i_output_fifo/fifo0/wr_data[0]
    SLICE_X2Y56          SRL16E                                       r  abs_value_i/sqrt_i/U0/i_synth/i_outfifo.i_output_fifo/fifo0/fifo_1_reg[15][0]_srl16/D
  -------------------------------------------------------------------    -------------------

Slack:                    inf
  Source:                 abs_value_i/sqrt_i/U0/i_synth/i_synth/gen_sqrt.square_root/gen_iterations[16].gen_last.gen_no_round.gen_sqrt_tmp/gen_rtl.gen_reg.d_reg_reg[11]/C
                            (rising edge-triggered cell FDRE)
  Destination:            abs_value_i/sqrt_i/U0/i_synth/i_outfifo.i_output_fifo/fifo0/fifo_1_reg[15][11]_srl16/D
  Path Group:             (none)
  Path Type:              Min at Fast Process Corner
  Data Path Delay:        0.251ns  (logic 0.141ns (56.174%)  route 0.110ns (43.826%))
  Logic Levels:           1  (FDRE=1)

    Location             Delay type                Incr(ns)  Path(ns)    Netlist Resource(s)
  -------------------------------------------------------------------    -------------------
    SLICE_X3Y63          FDRE                         0.000     0.000 r  abs_value_i/sqrt_i/U0/i_synth/i_synth/gen_sqrt.square_root/gen_iterations[16].gen_last.gen_no_round.gen_sqrt_tmp/gen_rtl.gen_reg.d_reg_reg[11]/C
    SLICE_X3Y63          FDRE (Prop_fdre_C_Q)         0.141     0.141 r  abs_value_i/sqrt_i/U0/i_synth/i_synth/gen_sqrt.square_root/gen_iterations[16].gen_last.gen_no_round.gen_sqrt_tmp/gen_rtl.gen_reg.d_reg_reg[11]/Q
                         net (fo=1, routed)           0.110     0.251    abs_value_i/sqrt_i/U0/i_synth/i_outfifo.i_output_fifo/fifo0/wr_data[11]
    SLICE_X2Y63          SRL16E                                       r  abs_value_i/sqrt_i/U0/i_synth/i_outfifo.i_output_fifo/fifo0/fifo_1_reg[15][11]_srl16/D
  -------------------------------------------------------------------    -------------------

Slack:                    inf
  Source:                 abs_value_i/sqrt_i/U0/i_synth/i_synth/gen_sqrt.square_root/gen_iterations[16].gen_last.gen_no_round.gen_sqrt_tmp/gen_rtl.gen_reg.d_reg_reg[2]/C
                            (rising edge-triggered cell FDRE)
  Destination:            abs_value_i/sqrt_i/U0/i_synth/i_outfifo.i_output_fifo/fifo0/fifo_1_reg[15][2]_srl16/D
  Path Group:             (none)
  Path Type:              Min at Fast Process Corner
  Data Path Delay:        0.251ns  (logic 0.141ns (56.174%)  route 0.110ns (43.826%))
  Logic Levels:           1  (FDRE=1)

    Location             Delay type                Incr(ns)  Path(ns)    Netlist Resource(s)
  -------------------------------------------------------------------    -------------------
    SLICE_X3Y56          FDRE                         0.000     0.000 r  abs_value_i/sqrt_i/U0/i_synth/i_synth/gen_sqrt.square_root/gen_iterations[16].gen_last.gen_no_round.gen_sqrt_tmp/gen_rtl.gen_reg.d_reg_reg[2]/C
    SLICE_X3Y56          FDRE (Prop_fdre_C_Q)         0.141     0.141 r  abs_value_i/sqrt_i/U0/i_synth/i_synth/gen_sqrt.square_root/gen_iterations[16].gen_last.gen_no_round.gen_sqrt_tmp/gen_rtl.gen_reg.d_reg_reg[2]/Q
                         net (fo=1, routed)           0.110     0.251    abs_value_i/sqrt_i/U0/i_synth/i_outfifo.i_output_fifo/fifo0/wr_data[2]
    SLICE_X2Y56          SRL16E                                       r  abs_value_i/sqrt_i/U0/i_synth/i_outfifo.i_output_fifo/fifo0/fifo_1_reg[15][2]_srl16/D
  -------------------------------------------------------------------    -------------------

Slack:                    inf
  Source:                 abs_value_i/sqrt_i/U0/i_synth/i_synth/gen_sqrt.square_root/gen_iterations[16].gen_last.gen_no_round.gen_sqrt_tmp/gen_rtl.gen_reg.d_reg_reg[3]/C
                            (rising edge-triggered cell FDRE)
  Destination:            abs_value_i/sqrt_i/U0/i_synth/i_outfifo.i_output_fifo/fifo0/fifo_1_reg[15][3]_srl16/D
  Path Group:             (none)
  Path Type:              Min at Fast Process Corner
  Data Path Delay:        0.251ns  (logic 0.141ns (56.174%)  route 0.110ns (43.826%))
  Logic Levels:           1  (FDRE=1)

    Location             Delay type                Incr(ns)  Path(ns)    Netlist Resource(s)
  -------------------------------------------------------------------    -------------------
    SLICE_X3Y57          FDRE                         0.000     0.000 r  abs_value_i/sqrt_i/U0/i_synth/i_synth/gen_sqrt.square_root/gen_iterations[16].gen_last.gen_no_round.gen_sqrt_tmp/gen_rtl.gen_reg.d_reg_reg[3]/C
    SLICE_X3Y57          FDRE (Prop_fdre_C_Q)         0.141     0.141 r  abs_value_i/sqrt_i/U0/i_synth/i_synth/gen_sqrt.square_root/gen_iterations[16].gen_last.gen_no_round.gen_sqrt_tmp/gen_rtl.gen_reg.d_reg_reg[3]/Q
                         net (fo=1, routed)           0.110     0.251    abs_value_i/sqrt_i/U0/i_synth/i_outfifo.i_output_fifo/fifo0/wr_data[3]
    SLICE_X2Y56          SRL16E                                       r  abs_value_i/sqrt_i/U0/i_synth/i_outfifo.i_output_fifo/fifo0/fifo_1_reg[15][3]_srl16/D
  -------------------------------------------------------------------    -------------------

Slack:                    inf
  Source:                 abs_value_i/sqrt_i/U0/i_synth/i_synth/gen_sqrt.square_root/gen_iterations[16].gen_last.gen_no_round.gen_sqrt_tmp/gen_rtl.gen_reg.d_reg_reg[8]/C
                            (rising edge-triggered cell FDRE)
  Destination:            abs_value_i/sqrt_i/U0/i_synth/i_outfifo.i_output_fifo/fifo0/fifo_1_reg[15][8]_srl16/D
  Path Group:             (none)
  Path Type:              Min at Fast Process Corner
  Data Path Delay:        0.253ns  (logic 0.141ns (55.730%)  route 0.112ns (44.270%))
  Logic Levels:           1  (FDRE=1)

    Location             Delay type                Incr(ns)  Path(ns)    Netlist Resource(s)
  -------------------------------------------------------------------    -------------------
    SLICE_X3Y63          FDRE                         0.000     0.000 r  abs_value_i/sqrt_i/U0/i_synth/i_synth/gen_sqrt.square_root/gen_iterations[16].gen_last.gen_no_round.gen_sqrt_tmp/gen_rtl.gen_reg.d_reg_reg[8]/C
    SLICE_X3Y63          FDRE (Prop_fdre_C_Q)         0.141     0.141 r  abs_value_i/sqrt_i/U0/i_synth/i_synth/gen_sqrt.square_root/gen_iterations[16].gen_last.gen_no_round.gen_sqrt_tmp/gen_rtl.gen_reg.d_reg_reg[8]/Q
                         net (fo=1, routed)           0.112     0.253    abs_value_i/sqrt_i/U0/i_synth/i_outfifo.i_output_fifo/fifo0/wr_data[8]
    SLICE_X2Y63          SRL16E                                       r  abs_value_i/sqrt_i/U0/i_synth/i_outfifo.i_output_fifo/fifo0/fifo_1_reg[15][8]_srl16/D
  -------------------------------------------------------------------    -------------------

Slack:                    inf
  Source:                 abs_value_i/sqrt_i/U0/i_synth/i_has_input_skid.i_2to1/gen_has_z_tready.z_valid_reg/C
                            (rising edge-triggered cell FDRE)
  Destination:            abs_value_i/sqrt_i/U0/i_synth/i_has_input_skid.i_2to1/gen_has_z_tready.reg1_b_ready_reg/D
  Path Group:             (none)
  Path Type:              Min at Fast Process Corner
  Data Path Delay:        0.254ns  (logic 0.186ns (73.160%)  route 0.068ns (26.840%))
  Logic Levels:           2  (FDRE=1 LUT6=1)

    Location             Delay type                Incr(ns)  Path(ns)    Netlist Resource(s)
  -------------------------------------------------------------------    -------------------
    SLICE_X3Y66          FDRE                         0.000     0.000 r  abs_value_i/sqrt_i/U0/i_synth/i_has_input_skid.i_2to1/gen_has_z_tready.z_valid_reg/C
    SLICE_X3Y66          FDRE (Prop_fdre_C_Q)         0.141     0.141 f  abs_value_i/sqrt_i/U0/i_synth/i_has_input_skid.i_2to1/gen_has_z_tready.z_valid_reg/Q
                         net (fo=4, routed)           0.068     0.209    abs_value_i/sqrt_i/U0/i_synth/i_has_input_skid.i_2to1/m_axis_z_tvalid
    SLICE_X2Y66          LUT6 (Prop_lut6_I1_O)        0.045     0.254 r  abs_value_i/sqrt_i/U0/i_synth/i_has_input_skid.i_2to1/gen_has_z_tready.reg1_b_ready_i_1/O
                         net (fo=1, routed)           0.000     0.254    abs_value_i/sqrt_i/U0/i_synth/i_has_input_skid.i_2to1/reg1_b_ready_nxt
    SLICE_X2Y66          FDRE                                         r  abs_value_i/sqrt_i/U0/i_synth/i_has_input_skid.i_2to1/gen_has_z_tready.reg1_b_ready_reg/D
  -------------------------------------------------------------------    -------------------

Slack:                    inf
  Source:                 abs_value_i/sqrt_i/U0/i_synth/i_synth/gen_sqrt.square_root/gen_rdy_int/gen_rtl.gen_dly.gen_regs.delay_bus_reg[0]/C
                            (rising edge-triggered cell FDRE)
  Destination:            abs_value_i/sqrt_i/U0/i_synth/i_synth/gen_sqrt.square_root/gen_rdy_int/gen_rtl.gen_dly.gen_regs.delay_bus_reg[1]/D
  Path Group:             (none)
  Path Type:              Min at Fast Process Corner
  Data Path Delay:        0.266ns  (logic 0.148ns (55.645%)  route 0.118ns (44.355%))
  Logic Levels:           1  (FDRE=1)

    Location             Delay type                Incr(ns)  Path(ns)    Netlist Resource(s)
  -------------------------------------------------------------------    -------------------
    SLICE_X2Y57          FDRE                         0.000     0.000 r  abs_value_i/sqrt_i/U0/i_synth/i_synth/gen_sqrt.square_root/gen_rdy_int/gen_rtl.gen_dly.gen_regs.delay_bus_reg[0]/C
    SLICE_X2Y57          FDRE (Prop_fdre_C_Q)         0.148     0.148 r  abs_value_i/sqrt_i/U0/i_synth/i_synth/gen_sqrt.square_root/gen_rdy_int/gen_rtl.gen_dly.gen_regs.delay_bus_reg[0]/Q
                         net (fo=1, routed)           0.118     0.266    abs_value_i/sqrt_i/U0/i_synth/i_synth/gen_sqrt.square_root/gen_rdy_int/p_1_in[1]
    SLICE_X2Y57          FDRE                                         r  abs_value_i/sqrt_i/U0/i_synth/i_synth/gen_sqrt.square_root/gen_rdy_int/gen_rtl.gen_dly.gen_regs.delay_bus_reg[1]/D
  -------------------------------------------------------------------    -------------------

Slack:                    inf
  Source:                 abs_value_i/sqrt_i/U0/i_synth/i_synth/gen_sqrt.square_root/gen_iterations[12].gen_pre_mid.gen_rem/gen_inv_sqrt_out/gen_rtl.gen_reg.d_reg_reg[5]/C
                            (rising edge-triggered cell FDRE)
  Destination:            abs_value_i/sqrt_i/U0/i_synth/i_synth/gen_sqrt.square_root/gen_iterations[10].gen_pre_mid.gen_rem/gen_inv_sqrt_out/gen_rtl.gen_reg.d_reg_reg[7]/D
  Path Group:             (none)
  Path Type:              Min at Fast Process Corner
  Data Path Delay:        0.267ns  (logic 0.141ns (52.747%)  route 0.126ns (47.253%))
  Logic Levels:           1  (FDRE=1)

    Location             Delay type                Incr(ns)  Path(ns)    Netlist Resource(s)
  -------------------------------------------------------------------    -------------------
    SLICE_X9Y63          FDRE                         0.000     0.000 r  abs_value_i/sqrt_i/U0/i_synth/i_synth/gen_sqrt.square_root/gen_iterations[12].gen_pre_mid.gen_rem/gen_inv_sqrt_out/gen_rtl.gen_reg.d_reg_reg[5]/C
    SLICE_X9Y63          FDRE (Prop_fdre_C_Q)         0.141     0.141 r  abs_value_i/sqrt_i/U0/i_synth/i_synth/gen_sqrt.square_root/gen_iterations[12].gen_pre_mid.gen_rem/gen_inv_sqrt_out/gen_rtl.gen_reg.d_reg_reg[5]/Q
                         net (fo=3, routed)           0.126     0.267    abs_value_i/sqrt_i/U0/i_synth/i_synth/gen_sqrt.square_root/gen_iterations[10].gen_pre_mid.gen_rem/gen_inv_sqrt_out/B[6]
    SLICE_X8Y61          FDRE                                         r  abs_value_i/sqrt_i/U0/i_synth/i_synth/gen_sqrt.square_root/gen_iterations[10].gen_pre_mid.gen_rem/gen_inv_sqrt_out/gen_rtl.gen_reg.d_reg_reg[7]/D
  -------------------------------------------------------------------    -------------------





